	@ src/main_menu.c:275 gText_ContinueMenuTime (+3 aliases)
	@ Preserve exact byte length: semantic suffix text pointer.

	.globl gUnknown_852D9F4
gUnknown_852D9F4: @ 0x0852D9F4
	@ Replaced baserom.gba range: offset=0x52D9F4, size=0x9C4
	.byte 0x00, 0x10, 0x00, 0x00, 0xC0, 0xB4, 0x52, 0x08, 0x00, 0x00, 0x00, 0x00, 0x00, 0x00, 0x00, 0x00
	.byte 0x00, 0x00, 0x00, 0x00, 0x00, 0x11, 0x00, 0x00, 0xF8, 0xB4, 0x52, 0x08, 0x14, 0xB5, 0x52, 0x08
	.byte 0x00, 0x00, 0x00, 0x00, 0x44, 0xB5, 0x52, 0x08, 0x00, 0x12, 0x00, 0x00, 0x7C, 0xB5, 0x52, 0x08
	.byte 0x98, 0xB5, 0x52, 0x08, 0x00, 0x00, 0x00, 0x00, 0xC8, 0xB5, 0x52, 0x08, 0x00, 0x13, 0x00, 0x00
	.byte 0x00, 0xB6, 0x52, 0x08, 0x1C, 0xB6, 0x52, 0x08, 0x00, 0x00, 0x00, 0x00, 0x4C, 0xB6, 0x52, 0x08
	.byte 0x00, 0x14, 0x00, 0x00, 0x00, 0x00, 0x00, 0x00, 0x68, 0xB6, 0x52, 0x08, 0x00, 0x00, 0x00, 0x00
	.byte 0x98, 0xB6, 0x52, 0x08, 0x00, 0x19, 0x00, 0x00, 0xD0, 0xB6, 0x52, 0x08, 0xEC, 0xB6, 0x52, 0x08
	.byte 0x00, 0x00, 0x00, 0x00, 0x1C, 0xB7, 0x52, 0x08, 0x00, 0x1A, 0x00, 0x00, 0x54, 0xB7, 0x52, 0x08
	.byte 0x70, 0xB7, 0x52, 0x08, 0x8C, 0xB7, 0x52, 0x08, 0xBC, 0xB7, 0x52, 0x08, 0x00, 0x1B, 0x00, 0x00
	.byte 0xF4, 0xB7, 0x52, 0x08, 0x00, 0x00, 0x00, 0x00, 0x00, 0x00, 0x00, 0x00, 0x00, 0x00, 0x00, 0x00
	.byte 0x00, 0x1C, 0x00, 0x00, 0x2C, 0xB8, 0x52, 0x08, 0x00, 0x00, 0x00, 0x00, 0x00, 0x00, 0x00, 0x00
	.byte 0x00, 0x00, 0x00, 0x00, 0x00, 0x1D, 0x00, 0x00, 0x64, 0xB8, 0x52, 0x08, 0x80, 0xB8, 0x52, 0x08
	.byte 0x9C, 0xB8, 0x52, 0x08, 0xCC, 0xB8, 0x52, 0x08, 0x00, 0x1F, 0x00, 0x00, 0x04, 0xB9, 0x52, 0x08
	.byte 0x00, 0x00, 0x00, 0x00, 0x00, 0x00, 0x00, 0x00, 0x00, 0x00, 0x00, 0x00, 0x00, 0x20, 0x00, 0x00
	.byte 0x3C, 0xB9, 0x52, 0x08, 0x58, 0xB9, 0x52, 0x08, 0x00, 0x00, 0x00, 0x00, 0x88, 0xB9, 0x52, 0x08
	.byte 0x00, 0x21, 0x00, 0x00, 0xC0, 0xB9, 0x52, 0x08, 0xDC, 0xB9, 0x52, 0x08, 0x00, 0x00, 0x00, 0x00
	.byte 0x0C, 0xBA, 0x52, 0x08, 0x00, 0x27, 0x00, 0x00, 0x00, 0x00, 0x00, 0x00, 0x28, 0xBA, 0x52, 0x08
	.byte 0x00, 0x00, 0x00, 0x00, 0x58, 0xBA, 0x52, 0x08, 0x18, 0x0B, 0x00, 0x00, 0x90, 0xBA, 0x52, 0x08
	.byte 0x00, 0x00, 0x00, 0x00, 0x00, 0x00, 0x00, 0x00, 0x00, 0x00, 0x00, 0x00, 0x18, 0x04, 0x00, 0x00
	.byte 0xC8, 0xBA, 0x52, 0x08, 0x00, 0x00, 0x00, 0x00, 0x00, 0x00, 0x00, 0x00, 0x00, 0x00, 0x00, 0x00
	.byte 0x18, 0x07, 0x00, 0x00, 0x00, 0xBB, 0x52, 0x08, 0x00, 0x00, 0x00, 0x00, 0x00, 0x00, 0x00, 0x00
	.byte 0x00, 0x00, 0x00, 0x00, 0x18, 0x08, 0x00, 0x00, 0x38, 0xBB, 0x52, 0x08, 0x00, 0x00, 0x00, 0x00
	.byte 0x00, 0x00, 0x00, 0x00, 0x00, 0x00, 0x00, 0x00, 0x18, 0x0F, 0x00, 0x00, 0x70, 0xBB, 0x52, 0x08
	.byte 0x00, 0x00, 0x00, 0x00, 0x00, 0x00, 0x00, 0x00, 0x00, 0x00, 0x00, 0x00, 0x18, 0x2B, 0x00, 0x00
	.byte 0xA8, 0xBB, 0x52, 0x08, 0x00, 0x00, 0x00, 0x00, 0x00, 0x00, 0x00, 0x00, 0x00, 0x00, 0x00, 0x00
	.byte 0x1A, 0x03, 0x00, 0x00, 0xE0, 0xBB, 0x52, 0x08, 0x00, 0x00, 0x00, 0x00, 0x00, 0x00, 0x00, 0x00
	.byte 0x00, 0x00, 0x00, 0x00, 0x00, 0x33, 0x00, 0x00, 0x00, 0x00, 0x00, 0x00, 0xFC, 0xBB, 0x52, 0x08
	.byte 0x00, 0x00, 0x00, 0x00, 0x00, 0x00, 0x00, 0x00, 0x18, 0x3A, 0x00, 0x00, 0x00, 0x00, 0x00, 0x00
	.byte 0x18, 0xBC, 0x52, 0x08, 0x00, 0x00, 0x00, 0x00, 0x48, 0xBC, 0x52, 0x08, 0x18, 0x09, 0x00, 0x00
	.byte 0x80, 0xBC, 0x52, 0x08, 0x00, 0x00, 0x00, 0x00, 0x9C, 0xBC, 0x52, 0x08, 0x00, 0x00, 0x00, 0x00
	.byte 0x18, 0x0E, 0x00, 0x00, 0xD4, 0xBC, 0x52, 0x08, 0x00, 0x00, 0x00, 0x00, 0x00, 0x00, 0x00, 0x00
	.byte 0x00, 0x00, 0x00, 0x00, 0x18, 0x03, 0x00, 0x00, 0x0C, 0xBD, 0x52, 0x08, 0x28, 0xBD, 0x52, 0x08
	.byte 0x00, 0x00, 0x00, 0x00, 0x58, 0xBD, 0x52, 0x08, 0x18, 0x0D, 0x00, 0x00, 0x90, 0xBD, 0x52, 0x08
	.byte 0x00, 0x00, 0x00, 0x00, 0x00, 0x00, 0x00, 0x00, 0x00, 0x00, 0x00, 0x00, 0x00, 0x15, 0x00, 0x00
	.byte 0x00, 0x00, 0x00, 0x00, 0xAC, 0xBD, 0x52, 0x08, 0x00, 0x00, 0x00, 0x00, 0xDC, 0xBD, 0x52, 0x08
	.byte 0x00, 0x16, 0x00, 0x00, 0x00, 0x00, 0x00, 0x00, 0xF8, 0xBD, 0x52, 0x08, 0x00, 0x00, 0x00, 0x00
	.byte 0x28, 0xBE, 0x52, 0x08, 0x00, 0x17, 0x00, 0x00, 0x00, 0x00, 0x00, 0x00, 0x44, 0xBE, 0x52, 0x08
	.byte 0x00, 0x00, 0x00, 0x00, 0x74, 0xBE, 0x52, 0x08, 0x00, 0x18, 0x00, 0x00, 0x00, 0x00, 0x00, 0x00
	.byte 0x90, 0xBE, 0x52, 0x08, 0x00, 0x00, 0x00, 0x00, 0xC0, 0xBE, 0x52, 0x08, 0x00, 0x1E, 0x00, 0x00
	.byte 0xF8, 0xBE, 0x52, 0x08, 0x14, 0xBF, 0x52, 0x08, 0x00, 0x00, 0x00, 0x00, 0x44, 0xBF, 0x52, 0x08
	.byte 0x18, 0x35, 0x00, 0x00, 0x7C, 0xBF, 0x52, 0x08, 0x00, 0x00, 0x00, 0x00, 0x00, 0x00, 0x00, 0x00
	.byte 0x00, 0x00, 0x00, 0x00, 0x00, 0x22, 0x00, 0x00, 0xB4, 0xBF, 0x52, 0x08, 0xD0, 0xBF, 0x52, 0x08
	.byte 0x00, 0x00, 0x00, 0x00, 0x00, 0xC0, 0x52, 0x08, 0x00, 0x23, 0x00, 0x00, 0x38, 0xC0, 0x52, 0x08
	.byte 0x54, 0xC0, 0x52, 0x08, 0x00, 0x00, 0x00, 0x00, 0x84, 0xC0, 0x52, 0x08, 0x00, 0x24, 0x00, 0x00
	.byte 0xBC, 0xC0, 0x52, 0x08, 0xD8, 0xC0, 0x52, 0x08, 0x00, 0x00, 0x00, 0x00, 0x08, 0xC1, 0x52, 0x08
	.byte 0x00, 0x25, 0x00, 0x00, 0x00, 0x00, 0x00, 0x00, 0x24, 0xC1, 0x52, 0x08, 0x00, 0x00, 0x00, 0x00
	.byte 0x54, 0xC1, 0x52, 0x08, 0x00, 0x26, 0x00, 0x00, 0x8C, 0xC1, 0x52, 0x08, 0xA8, 0xC1, 0x52, 0x08
	.byte 0x00, 0x00, 0x00, 0x00, 0xD8, 0xC1, 0x52, 0x08, 0x18, 0x10, 0x00, 0x00, 0x10, 0xC2, 0x52, 0x08
	.byte 0x00, 0x00, 0x00, 0x00, 0x00, 0x00, 0x00, 0x00, 0x00, 0x00, 0x00, 0x00, 0x18, 0x11, 0x00, 0x00
	.byte 0x48, 0xC2, 0x52, 0x08, 0x00, 0x00, 0x00, 0x00, 0x00, 0x00, 0x00, 0x00, 0x00, 0x00, 0x00, 0x00
	.byte 0x18, 0x12, 0x00, 0x00, 0x80, 0xC2, 0x52, 0x08, 0x00, 0x00, 0x00, 0x00, 0x00, 0x00, 0x00, 0x00
	.byte 0x00, 0x00, 0x00, 0x00, 0x18, 0x13, 0x00, 0x00, 0xB8, 0xC2, 0x52, 0x08, 0x00, 0x00, 0x00, 0x00
	.byte 0x00, 0x00, 0x00, 0x00, 0x00, 0x00, 0x00, 0x00, 0x18, 0x14, 0x00, 0x00, 0xF0, 0xC2, 0x52, 0x08
	.byte 0x00, 0x00, 0x00, 0x00, 0x00, 0x00, 0x00, 0x00, 0x00, 0x00, 0x00, 0x00, 0x18, 0x15, 0x00, 0x00
	.byte 0x28, 0xC3, 0x52, 0x08, 0x00, 0x00, 0x00, 0x00, 0x00, 0x00, 0x00, 0x00, 0x00, 0x00, 0x00, 0x00
	.byte 0x18, 0x16, 0x00, 0x00, 0x60, 0xC3, 0x52, 0x08, 0x00, 0x00, 0x00, 0x00, 0x00, 0x00, 0x00, 0x00
	.byte 0x00, 0x00, 0x00, 0x00, 0x18, 0x0A, 0x00, 0x00, 0x98, 0xC3, 0x52, 0x08, 0x00, 0x00, 0x00, 0x00
	.byte 0x00, 0x00, 0x00, 0x00, 0x00, 0x00, 0x00, 0x00, 0x00, 0x28, 0x00, 0x00, 0x00, 0x00, 0x00, 0x00
	.byte 0xB4, 0xC3, 0x52, 0x08, 0x00, 0x00, 0x00, 0x00, 0xE4, 0xC3, 0x52, 0x08, 0x00, 0x29, 0x00, 0x00
	.byte 0x00, 0x00, 0x00, 0x00, 0x00, 0xC4, 0x52, 0x08, 0x00, 0x00, 0x00, 0x00, 0x30, 0xC4, 0x52, 0x08
	.byte 0x00, 0x2A, 0x00, 0x00, 0x00, 0x00, 0x00, 0x00, 0x4C, 0xC4, 0x52, 0x08, 0x00, 0x00, 0x00, 0x00
	.byte 0x7C, 0xC4, 0x52, 0x08, 0x00, 0x2B, 0x00, 0x00, 0x00, 0x00, 0x00, 0x00, 0x98, 0xC4, 0x52, 0x08
	.byte 0x00, 0x00, 0x00, 0x00, 0xC8, 0xC4, 0x52, 0x08, 0x00, 0x2C, 0x00, 0x00, 0x00, 0x00, 0x00, 0x00
	.byte 0xE4, 0xC4, 0x52, 0x08, 0x00, 0x00, 0x00, 0x00, 0x14, 0xC5, 0x52, 0x08, 0x00, 0x2D, 0x00, 0x00
	.byte 0x4C, 0xC5, 0x52, 0x08, 0x68, 0xC5, 0x52, 0x08, 0x00, 0x00, 0x00, 0x00, 0x98, 0xC5, 0x52, 0x08
	.byte 0x00, 0x2E, 0x00, 0x00, 0x00, 0x00, 0x00, 0x00, 0xB4, 0xC5, 0x52, 0x08, 0x00, 0x00, 0x00, 0x00
	.byte 0xE4, 0xC5, 0x52, 0x08, 0x00, 0x2F, 0x00, 0x00, 0x00, 0x00, 0x00, 0x00, 0x00, 0xC6, 0x52, 0x08
	.byte 0x00, 0x00, 0x00, 0x00, 0x30, 0xC6, 0x52, 0x08, 0x00, 0x30, 0x00, 0x00, 0x00, 0x00, 0x00, 0x00
	.byte 0x4C, 0xC6, 0x52, 0x08, 0x00, 0x00, 0x00, 0x00, 0x7C, 0xC6, 0x52, 0x08, 0x00, 0x31, 0x00, 0x00
	.byte 0x00, 0x00, 0x00, 0x00, 0x98, 0xC6, 0x52, 0x08, 0x00, 0x00, 0x00, 0x00, 0xC8, 0xC6, 0x52, 0x08
	.byte 0x18, 0x41, 0x00, 0x00, 0x00, 0x00, 0x00, 0x00, 0xE4, 0xC6, 0x52, 0x08, 0x00, 0x00, 0x00, 0x00
	.byte 0x14, 0xC7, 0x52, 0x08, 0x18, 0x1C, 0x00, 0x00, 0x4C, 0xC7, 0x52, 0x08, 0x00, 0x00, 0x00, 0x00
	.byte 0x00, 0x00, 0x00, 0x00, 0x00, 0x00, 0x00, 0x00, 0x18, 0x1D, 0x00, 0x00, 0x84, 0xC7, 0x52, 0x08
	.byte 0x00, 0x00, 0x00, 0x00, 0x00, 0x00, 0x00, 0x00, 0x00, 0x00, 0x00, 0x00, 0x18, 0x1E, 0x00, 0x00
	.byte 0xBC, 0xC7, 0x52, 0x08, 0x00, 0x00, 0x00, 0x00, 0x00, 0x00, 0x00, 0x00, 0x00, 0x00, 0x00, 0x00
	.byte 0x18, 0x1F, 0x00, 0x00, 0xF4, 0xC7, 0x52, 0x08, 0x00, 0x00, 0x00, 0x00, 0x00, 0x00, 0x00, 0x00
	.byte 0x00, 0x00, 0x00, 0x00, 0x18, 0x20, 0x00, 0x00, 0x2C, 0xC8, 0x52, 0x08, 0x00, 0x00, 0x00, 0x00
	.byte 0x00, 0x00, 0x00, 0x00, 0x00, 0x00, 0x00, 0x00, 0x18, 0x21, 0x00, 0x00, 0x64, 0xC8, 0x52, 0x08
	.byte 0x80, 0xC8, 0x52, 0x08, 0x00, 0x00, 0x00, 0x00, 0xB0, 0xC8, 0x52, 0x08, 0x18, 0x22, 0x00, 0x00
	.byte 0xE8, 0xC8, 0x52, 0x08, 0x04, 0xC9, 0x52, 0x08, 0x00, 0x00, 0x00, 0x00, 0x34, 0xC9, 0x52, 0x08
	.byte 0x18, 0x23, 0x00, 0x00, 0x6C, 0xC9, 0x52, 0x08, 0x00, 0x00, 0x00, 0x00, 0x00, 0x00, 0x00, 0x00
	.byte 0x00, 0x00, 0x00, 0x00, 0x18, 0x1B, 0x00, 0x00, 0x00, 0x00, 0x00, 0x00, 0x88, 0xC9, 0x52, 0x08
	.byte 0x00, 0x00, 0x00, 0x00, 0xB8, 0xC9, 0x52, 0x08, 0x18, 0x25, 0x00, 0x00, 0xF0, 0xC9, 0x52, 0x08
	.byte 0x00, 0x00, 0x00, 0x00, 0x00, 0x00, 0x00, 0x00, 0x00, 0x00, 0x00, 0x00, 0x18, 0x26, 0x00, 0x00
	.byte 0x28, 0xCA, 0x52, 0x08, 0x00, 0x00, 0x00, 0x00, 0x00, 0x00, 0x00, 0x00, 0x00, 0x00, 0x00, 0x00
	.byte 0x18, 0x27, 0x00, 0x00, 0x60, 0xCA, 0x52, 0x08, 0x00, 0x00, 0x00, 0x00, 0x00, 0x00, 0x00, 0x00
	.byte 0x00, 0x00, 0x00, 0x00, 0x18, 0x28, 0x00, 0x00, 0x98, 0xCA, 0x52, 0x08, 0x00, 0x00, 0x00, 0x00
	.byte 0x00, 0x00, 0x00, 0x00, 0x00, 0x00, 0x00, 0x00, 0x18, 0x29, 0x00, 0x00, 0xD0, 0xCA, 0x52, 0x08
	.byte 0x00, 0x00, 0x00, 0x00, 0x00, 0x00, 0x00, 0x00, 0x00, 0x00, 0x00, 0x00, 0x18, 0x34, 0x00, 0x00
	.byte 0x08, 0xCB, 0x52, 0x08, 0x00, 0x00, 0x00, 0x00, 0x00, 0x00, 0x00, 0x00, 0x00, 0x00, 0x00, 0x00
	.byte 0x1A, 0x02, 0x00, 0x00, 0x40, 0xCB, 0x52, 0x08, 0x5C, 0xCB, 0x52, 0x08, 0x00, 0x00, 0x00, 0x00
	.byte 0x8C, 0xCB, 0x52, 0x08, 0x1A, 0x01, 0x00, 0x00, 0xC4, 0xCB, 0x52, 0x08, 0x00, 0x00, 0x00, 0x00
	.byte 0xE0, 0xCB, 0x52, 0x08, 0x00, 0x00, 0x00, 0x00, 0x1A, 0x00, 0x00, 0x00, 0x18, 0xCC, 0x52, 0x08
	.byte 0x34, 0xCC, 0x52, 0x08, 0x00, 0x00, 0x00, 0x00, 0x64, 0xCC, 0x52, 0x08, 0x18, 0x2C, 0x00, 0x00
	.byte 0x9C, 0xCC, 0x52, 0x08, 0x00, 0x00, 0x00, 0x00, 0xB8, 0xCC, 0x52, 0x08, 0x00, 0x00, 0x00, 0x00
	.byte 0x18, 0x2D, 0x00, 0x00, 0xF0, 0xCC, 0x52, 0x08, 0x0C, 0xCD, 0x52, 0x08, 0x00, 0x00, 0x00, 0x00
	.byte 0x3C, 0xCD, 0x52, 0x08, 0x18, 0x00, 0x00, 0x00, 0x74, 0xCD, 0x52, 0x08, 0x90, 0xCD, 0x52, 0x08
	.byte 0x00, 0x00, 0x00, 0x00, 0xC0, 0xCD, 0x52, 0x08, 0x18, 0x01, 0x00, 0x00, 0xF8, 0xCD, 0x52, 0x08
	.byte 0x14, 0xCE, 0x52, 0x08, 0x00, 0x00, 0x00, 0x00, 0x44, 0xCE, 0x52, 0x08, 0x18, 0x02, 0x00, 0x00
	.byte 0x7C, 0xCE, 0x52, 0x08, 0x98, 0xCE, 0x52, 0x08, 0x00, 0x00, 0x00, 0x00, 0xC8, 0xCE, 0x52, 0x08
	.byte 0x18, 0x30, 0x00, 0x00, 0x00, 0xCF, 0x52, 0x08, 0x00, 0x00, 0x00, 0x00, 0x00, 0x00, 0x00, 0x00
	.byte 0x00, 0x00, 0x00, 0x00, 0x18, 0x31, 0x00, 0x00, 0x38, 0xCF, 0x52, 0x08, 0x00, 0x00, 0x00, 0x00
	.byte 0x00, 0x00, 0x00, 0x00, 0x00, 0x00, 0x00, 0x00, 0x18, 0x2F, 0x00, 0x00, 0x70, 0xCF, 0x52, 0x08
	.byte 0x8C, 0xCF, 0x52, 0x08, 0x00, 0x00, 0x00, 0x00, 0xBC, 0xCF, 0x52, 0x08, 0x18, 0x2E, 0x00, 0x00
	.byte 0xF4, 0xCF, 0x52, 0x08, 0x10, 0xD0, 0x52, 0x08, 0x00, 0x00, 0x00, 0x00, 0x40, 0xD0, 0x52, 0x08
	.byte 0x00, 0x05, 0x00, 0x00, 0x00, 0x00, 0x00, 0x00, 0x5C, 0xD0, 0x52, 0x08, 0x00, 0x00, 0x00, 0x00
	.byte 0x8C, 0xD0, 0x52, 0x08, 0x00, 0x0B, 0x00, 0x00, 0x00, 0x00, 0x00, 0x00, 0xA8, 0xD0, 0x52, 0x08
	.byte 0x00, 0x00, 0x00, 0x00, 0xD8, 0xD0, 0x52, 0x08, 0x00, 0x01, 0x00, 0x00, 0x00, 0x00, 0x00, 0x00
	.byte 0xF4, 0xD0, 0x52, 0x08, 0x00, 0x00, 0x00, 0x00, 0x24, 0xD1, 0x52, 0x08, 0x00, 0x06, 0x00, 0x00
	.byte 0x00, 0x00, 0x00, 0x00, 0x40, 0xD1, 0x52, 0x08, 0x00, 0x00, 0x00, 0x00, 0x70, 0xD1, 0x52, 0x08
	.byte 0x00, 0x0F, 0x00, 0x00, 0x00, 0x00, 0x00, 0x00, 0x8C, 0xD1, 0x52, 0x08, 0x00, 0x00, 0x00, 0x00
	.byte 0xBC, 0xD1, 0x52, 0x08, 0x00, 0x08, 0x00, 0x00, 0x00, 0x00, 0x00, 0x00, 0xD8, 0xD1, 0x52, 0x08
	.byte 0x00, 0x00, 0x00, 0x00, 0x08, 0xD2, 0x52, 0x08, 0x00, 0x00, 0x00, 0x00, 0x00, 0x00, 0x00, 0x00
	.byte 0x24, 0xD2, 0x52, 0x08, 0x00, 0x00, 0x00, 0x00, 0x54, 0xD2, 0x52, 0x08, 0x00, 0x32, 0x00, 0x00
	.byte 0x00, 0x00, 0x00, 0x00, 0x70, 0xD2, 0x52, 0x08, 0x00, 0x00, 0x00, 0x00, 0x00, 0x00, 0x00, 0x00
	.byte 0x18, 0x53, 0x00, 0x00, 0xA8, 0xD2, 0x52, 0x08, 0x00, 0x00, 0x00, 0x00, 0x00, 0x00, 0x00, 0x00
	.byte 0x00, 0x00, 0x00, 0x00, 0x18, 0x4F, 0x00, 0x00, 0xE0, 0xD2, 0x52, 0x08, 0x00, 0x00, 0x00, 0x00
	.byte 0x00, 0x00, 0x00, 0x00, 0x00, 0x00, 0x00, 0x00, 0x00, 0x07, 0x00, 0x00, 0x00, 0x00, 0x00, 0x00
	.byte 0xFC, 0xD2, 0x52, 0x08, 0x00, 0x00, 0x00, 0x00, 0x2C, 0xD3, 0x52, 0x08, 0x18, 0x51, 0x00, 0x00
	.byte 0x64, 0xD3, 0x52, 0x08, 0x00, 0x00, 0x00, 0x00, 0x00, 0x00, 0x00, 0x00, 0x00, 0x00, 0x00, 0x00
	.byte 0x18, 0x54, 0x00, 0x00, 0x9C, 0xD3, 0x52, 0x08, 0x00, 0x00, 0x00, 0x00, 0x00, 0x00, 0x00, 0x00
	.byte 0x00, 0x00, 0x00, 0x00, 0x1A, 0x0D, 0x00, 0x00, 0xD4, 0xD3, 0x52, 0x08, 0xF0, 0xD3, 0x52, 0x08
	.byte 0x00, 0x00, 0x00, 0x00, 0x20, 0xD4, 0x52, 0x08, 0x1A, 0x0C, 0x00, 0x00, 0x58, 0xD4, 0x52, 0x08
	.byte 0x00, 0x00, 0x00, 0x00, 0x74, 0xD4, 0x52, 0x08, 0x00, 0x00, 0x00, 0x00, 0x18, 0x56, 0x00, 0x00
	.byte 0xAC, 0xD4, 0x52, 0x08, 0x00, 0x00, 0x00, 0x00, 0x00, 0x00, 0x00, 0x00, 0x00, 0x00, 0x00, 0x00
	.byte 0x18, 0x57, 0x00, 0x00, 0xE4, 0xD4, 0x52, 0x08, 0x00, 0x00, 0x00, 0x00, 0x00, 0x00, 0x00, 0x00
	.byte 0x00, 0x00, 0x00, 0x00, 0x18, 0x58, 0x00, 0x00, 0x1C, 0xD5, 0x52, 0x08, 0x00, 0x00, 0x00, 0x00
	.byte 0x00, 0x00, 0x00, 0x00, 0x00, 0x00, 0x00, 0x00, 0x18, 0x59, 0x00, 0x00, 0x54, 0xD5, 0x52, 0x08
	.byte 0x00, 0x00, 0x00, 0x00, 0x00, 0x00, 0x00, 0x00, 0x00, 0x00, 0x00, 0x00, 0x18, 0x5A, 0x00, 0x00
	.byte 0x8C, 0xD5, 0x52, 0x08, 0x00, 0x00, 0x00, 0x00, 0x00, 0x00, 0x00, 0x00, 0x00, 0x00, 0x00, 0x00
	.byte 0x18, 0x5B, 0x00, 0x00, 0xC4, 0xD5, 0x52, 0x08, 0x00, 0x00, 0x00, 0x00, 0x00, 0x00, 0x00, 0x00
	.byte 0x00, 0x00, 0x00, 0x00, 0x18, 0x5C, 0x00, 0x00, 0xFC, 0xD5, 0x52, 0x08, 0x00, 0x00, 0x00, 0x00
	.byte 0x00, 0x00, 0x00, 0x00, 0x00, 0x00, 0x00, 0x00, 0x18, 0x5D, 0x00, 0x00, 0x34, 0xD6, 0x52, 0x08
	.byte 0x00, 0x00, 0x00, 0x00, 0x00, 0x00, 0x00, 0x00, 0x00, 0x00, 0x00, 0x00, 0x18, 0x5E, 0x00, 0x00
	.byte 0x6C, 0xD6, 0x52, 0x08, 0x00, 0x00, 0x00, 0x00, 0x00, 0x00, 0x00, 0x00, 0x00, 0x00, 0x00, 0x00
	.byte 0x18, 0x5F, 0x00, 0x00, 0xA4, 0xD6, 0x52, 0x08, 0x00, 0x00, 0x00, 0x00, 0x00, 0x00, 0x00, 0x00
	.byte 0x00, 0x00, 0x00, 0x00, 0x18, 0x60, 0x00, 0x00, 0xDC, 0xD6, 0x52, 0x08, 0x00, 0x00, 0x00, 0x00
	.byte 0x00, 0x00, 0x00, 0x00, 0x00, 0x00, 0x00, 0x00, 0x18, 0x61, 0x00, 0x00, 0x14, 0xD7, 0x52, 0x08
	.byte 0x00, 0x00, 0x00, 0x00, 0x00, 0x00, 0x00, 0x00, 0x00, 0x00, 0x00, 0x00, 0x18, 0x62, 0x00, 0x00
	.byte 0x4C, 0xD7, 0x52, 0x08, 0x00, 0x00, 0x00, 0x00, 0x00, 0x00, 0x00, 0x00, 0x00, 0x00, 0x00, 0x00
	.byte 0x18, 0x63, 0x00, 0x00, 0x84, 0xD7, 0x52, 0x08, 0x00, 0x00, 0x00, 0x00, 0x00, 0x00, 0x00, 0x00
	.byte 0x00, 0x00, 0x00, 0x00, 0x18, 0x64, 0x00, 0x00, 0xBC, 0xD7, 0x52, 0x08, 0x00, 0x00, 0x00, 0x00
	.byte 0x00, 0x00, 0x00, 0x00, 0x00, 0x00, 0x00, 0x00, 0x18, 0x6A, 0x00, 0x00, 0xF4, 0xD7, 0x52, 0x08
	.byte 0x00, 0x00, 0x00, 0x00, 0x00, 0x00, 0x00, 0x00, 0x00, 0x00, 0x00, 0x00, 0x18, 0x6A, 0x00, 0x00
	.byte 0x2C, 0xD8, 0x52, 0x08, 0x00, 0x00, 0x00, 0x00, 0x00, 0x00, 0x00, 0x00, 0x00, 0x00, 0x00, 0x00
	.byte 0x18, 0x6A, 0x00, 0x00, 0x64, 0xD8, 0x52, 0x08, 0x00, 0x00, 0x00, 0x00, 0x00, 0x00, 0x00, 0x00
	.byte 0x00, 0x00, 0x00, 0x00, 0x18, 0x6A, 0x00, 0x00, 0x9C, 0xD8, 0x52, 0x08, 0x00, 0x00, 0x00, 0x00
	.byte 0x00, 0x00, 0x00, 0x00, 0x00, 0x00, 0x00, 0x00, 0x18, 0x6A, 0x00, 0x00, 0xD4, 0xD8, 0x52, 0x08
	.byte 0x00, 0x00, 0x00, 0x00, 0x00, 0x00, 0x00, 0x00, 0x00, 0x00, 0x00, 0x00, 0x18, 0x6A, 0x00, 0x00
	.byte 0x0C, 0xD9, 0x52, 0x08, 0x00, 0x00, 0x00, 0x00, 0x00, 0x00, 0x00, 0x00, 0x00, 0x00, 0x00, 0x00
	.byte 0x18, 0x6A, 0x00, 0x00, 0x44, 0xD9, 0x52, 0x08, 0x00, 0x00, 0x00, 0x00, 0x00, 0x00, 0x00, 0x00
	.byte 0x00, 0x00, 0x00, 0x00, 0x18, 0x6A, 0x00, 0x00, 0x7C, 0xD9, 0x52, 0x08, 0x00, 0x00, 0x00, 0x00
	.byte 0x00, 0x00, 0x00, 0x00, 0x00, 0x00, 0x00, 0x00, 0x18, 0x6A, 0x00, 0x00, 0xB4, 0xD9, 0x52, 0x08
	.byte 0x00, 0x00, 0x00, 0x00, 0x00, 0x00, 0x00, 0x00, 0x00, 0x00, 0x00, 0x00, 0x18, 0x6B, 0x00, 0x00
	.byte 0xEC, 0xD9, 0x52, 0x08, 0x00, 0x00, 0x00, 0x00, 0x00, 0x00, 0x00, 0x00, 0x00, 0x00, 0x00, 0x00
	.byte 0xFF, 0xFF, 0x00, 0x00, 0x00, 0x00, 0x00, 0x00, 0x00, 0x00, 0x00, 0x00, 0x00, 0x00, 0x00, 0x00
	.byte 0x00, 0x00, 0x00, 0x00

	.include "data/wild_encounters/battle_pyramid_mons.inc"

gBattlePyramidWildMonHeaders::
	@ Replaced baserom.gba range: offset=0x52E540, size=0x180
	.byte 0x00, 0x01, 0x00, 0x00, 0xE8, 0xE3, 0x52, 0x08, 0x00, 0x00, 0x00, 0x00, 0x00, 0x00, 0x00, 0x00
	.byte 0x00, 0x00, 0x00, 0x00, 0x00, 0x02, 0x00, 0x00, 0x20, 0xE4, 0x52, 0x08, 0x00, 0x00, 0x00, 0x00
	.byte 0x00, 0x00, 0x00, 0x00, 0x00, 0x00, 0x00, 0x00, 0x00, 0x03, 0x00, 0x00, 0x58, 0xE4, 0x52, 0x08
	.byte 0x00, 0x00, 0x00, 0x00, 0x00, 0x00, 0x00, 0x00, 0x00, 0x00, 0x00, 0x00, 0x00, 0x04, 0x00, 0x00
	.byte 0x90, 0xE4, 0x52, 0x08, 0x00, 0x00, 0x00, 0x00, 0x00, 0x00, 0x00, 0x00, 0x00, 0x00, 0x00, 0x00
	.byte 0x00, 0x05, 0x00, 0x00, 0xC8, 0xE4, 0x52, 0x08, 0x00, 0x00, 0x00, 0x00, 0x00, 0x00, 0x00, 0x00
	.byte 0x00, 0x00, 0x00, 0x00, 0x00, 0x06, 0x00, 0x00, 0x00, 0xE5, 0x52, 0x08, 0x00, 0x00, 0x00, 0x00
	.byte 0x00, 0x00, 0x00, 0x00, 0x00, 0x00, 0x00, 0x00, 0x00, 0x07, 0x00, 0x00, 0x38, 0xE5, 0x52, 0x08
	.byte 0x00, 0x00, 0x00, 0x00, 0x00, 0x00, 0x00, 0x00, 0x00, 0x00, 0x00, 0x00, 0xFF, 0xFF, 0x00, 0x00
	.byte 0x00, 0x00, 0x00, 0x00, 0x00, 0x00, 0x00, 0x00, 0x00, 0x00, 0x00, 0x00, 0x00, 0x00, 0x00, 0x00
	.byte 0x05, 0x05, 0x7B, 0x01, 0x05, 0x05, 0x49, 0x01, 0x05, 0x05, 0x6A, 0x01, 0x05, 0x05, 0x6A, 0x01
	.byte 0x05, 0x05, 0x6A, 0x01, 0x05, 0x05, 0x6A, 0x01, 0x05, 0x05, 0x7B, 0x01, 0x05, 0x05, 0x49, 0x01
	.byte 0x05, 0x05, 0x6A, 0x01, 0x05, 0x05, 0x6A, 0x01, 0x05, 0x05, 0x7B, 0x01, 0x05, 0x05, 0x49, 0x01
	.byte 0x0A, 0x00, 0x00, 0x00, 0xE0, 0xE5, 0x52, 0x08, 0x05, 0x05, 0x7B, 0x01, 0x05, 0x05, 0x49, 0x01
	.byte 0x05, 0x05, 0x65, 0x00, 0x05, 0x05, 0x65, 0x00, 0x05, 0x05, 0x65, 0x00, 0x05, 0x05, 0x65, 0x00
	.byte 0x05, 0x05, 0x7B, 0x01, 0x05, 0x05, 0x49, 0x01, 0x05, 0x05, 0x65, 0x00, 0x05, 0x05, 0x65, 0x00
	.byte 0x05, 0x05, 0x7B, 0x01, 0x05, 0x05, 0x49, 0x01, 0x0A, 0x00, 0x00, 0x00, 0x18, 0xE6, 0x52, 0x08
	.byte 0x05, 0x05, 0x7B, 0x01, 0x05, 0x05, 0x49, 0x01, 0x05, 0x05, 0x33, 0x01, 0x05, 0x05, 0x33, 0x01
	.byte 0x05, 0x05, 0x33, 0x01, 0x05, 0x05, 0x33, 0x01, 0x05, 0x05, 0x7B, 0x01, 0x05, 0x05, 0x49, 0x01
	.byte 0x05, 0x05, 0x33, 0x01, 0x05, 0x05, 0x33, 0x01, 0x05, 0x05, 0x7B, 0x01, 0x05, 0x05, 0x49, 0x01
	.byte 0x0A, 0x00, 0x00, 0x00, 0x50, 0xE6, 0x52, 0x08, 0x05, 0x05, 0x7B, 0x01, 0x05, 0x05, 0x49, 0x01
	.byte 0x05, 0x05, 0xCA, 0x00, 0x05, 0x05, 0xCA, 0x00, 0x05, 0x05, 0xCA, 0x00, 0x05, 0x05, 0xCA, 0x00
	.byte 0x05, 0x05, 0x7B, 0x01, 0x05, 0x05, 0x49, 0x01, 0x05, 0x05, 0xCA, 0x00, 0x05, 0x05, 0xCA, 0x00
	.byte 0x05, 0x05, 0x7B, 0x01, 0x05, 0x05, 0x49, 0x01, 0x0A, 0x00, 0x00, 0x00, 0x88, 0xE6, 0x52, 0x08

	.globl gUnknown_852E6C0
gUnknown_852E6C0: @ 0x0852E6C0
	@ Replaced baserom.gba range: offset=0x52E6C0, size=0x64
	.byte 0x00, 0x01, 0x00, 0x00, 0x10, 0xE6, 0x52, 0x08, 0x00, 0x00, 0x00, 0x00, 0x00, 0x00, 0x00, 0x00
	.byte 0x00, 0x00, 0x00, 0x00, 0x00, 0x02, 0x00, 0x00, 0x48, 0xE6, 0x52, 0x08, 0x00, 0x00, 0x00, 0x00
	.byte 0x00, 0x00, 0x00, 0x00, 0x00, 0x00, 0x00, 0x00, 0x00, 0x03, 0x00, 0x00, 0x80, 0xE6, 0x52, 0x08
	.byte 0x00, 0x00, 0x00, 0x00, 0x00, 0x00, 0x00, 0x00, 0x00, 0x00, 0x00, 0x00, 0x00, 0x04, 0x00, 0x00
	.byte 0xB8, 0xE6, 0x52, 0x08, 0x00, 0x00, 0x00, 0x00, 0x00, 0x00, 0x00, 0x00, 0x00, 0x00, 0x00, 0x00
	.byte 0xFF, 0xFF, 0x00, 0x00, 0x00, 0x00, 0x00, 0x00, 0x00, 0x00, 0x00, 0x00, 0x00, 0x00, 0x00, 0x00
	.byte 0x00, 0x00, 0x00, 0x00
	.globl gUnknown_852E724
gUnknown_852E724: @ 0x0852E724
	@ Replaced baserom.gba range: offset=0x52E724, size=0x4
	.byte 0x14, 0x19, 0x48, 0x01
	.globl gUnknown_852E728
gUnknown_852E728: @ 0x0852E728
	@ Replaced baserom.gba range: offset=0x52E728, size=0x73D4
	.byte 0x00, 0x00, 0x2D, 0x00, 0x00, 0x00, 0x2E, 0x00, 0x5B, 0x00, 0x83, 0x00, 0x5C, 0x00, 0x8B, 0x00
	.byte 0x2A, 0x01, 0x00, 0x00, 0x00, 0x00, 0x00, 0x00, 0x00, 0x00, 0x00, 0x00, 0x00, 0x00, 0x00, 0x00
	.byte 0x00, 0x00, 0x00, 0x00, 0x00, 0x00, 0x00, 0x00, 0x00, 0x00, 0x00, 0x00, 0x00, 0x00, 0x00, 0x00
	.byte 0x00, 0x00, 0x00, 0x00, 0x00, 0x00, 0x00, 0x00, 0x00, 0x00, 0x00, 0x00, 0x00, 0x00, 0x00, 0x00
	.byte 0x00, 0x00, 0x00, 0x00, 0x00, 0x00, 0x00, 0x00, 0x00, 0x00, 0x00, 0x00, 0x00, 0x00, 0x00, 0x00
	.byte 0x00, 0x00, 0x00, 0x00, 0x00, 0x00, 0x00, 0x00, 0x00, 0x00, 0x00, 0x00, 0x00, 0x00, 0x00, 0x00
	.byte 0x00, 0x00, 0x00, 0x00, 0x00, 0x00, 0x00, 0x00, 0x00, 0x00, 0x00, 0x00, 0x00, 0x00, 0x00, 0x00
	.byte 0x00, 0x00, 0x00, 0x00, 0x00, 0x00, 0x00, 0x00, 0x00, 0x00, 0x78, 0xD8, 0x00, 0x8D, 0x83, 0x8F
	.byte 0xD0, 0x73, 0xF3, 0xFF, 0x80, 0x87, 0xF7, 0x22, 0x70, 0xF7, 0x18, 0x11, 0x7D, 0xF7, 0x12, 0x11
	.byte 0x7D, 0x28, 0x44, 0x12, 0x00, 0x00, 0x00, 0x00, 0xF0, 0x78, 0x0D, 0x00, 0x78, 0x8F, 0x83, 0x0D
	.byte 0xF8, 0xFF, 0x83, 0xF3, 0x11, 0xF2, 0x87, 0x88, 0x11, 0x11, 0x8F, 0x8F, 0x11, 0x11, 0x82, 0x82
	.byte 0x11, 0x42, 0x24, 0x82, 0x00, 0x00, 0x00, 0x00, 0x00, 0x00, 0x00, 0x00, 0x00, 0x00, 0x00, 0x00
	.byte 0x00, 0x00, 0x00, 0x00, 0x0F, 0x00, 0x00, 0x00, 0xFF, 0x00, 0x00, 0x00, 0xF8, 0x00, 0x00, 0x00
	.byte 0xF8, 0x00, 0x00, 0x00, 0x00, 0x00, 0x00, 0x00, 0x00, 0x00, 0x00, 0x00, 0x00, 0x00, 0x00, 0x00
	.byte 0x00, 0x00, 0x00, 0x00, 0x00, 0x00, 0x00, 0x00, 0x00, 0x00, 0x00, 0x00, 0x00, 0x00, 0x00, 0x00
	.byte 0x00, 0x00, 0x00, 0x00, 0x00, 0x00, 0x00, 0x00, 0x00, 0x00, 0x00, 0x00, 0x00, 0x00, 0x00, 0x00
	.byte 0x00, 0x00, 0x00, 0x00, 0x00, 0x00, 0x00, 0x00, 0x00, 0x00, 0x00, 0x00, 0x00, 0x00, 0x00, 0x00
	.byte 0x00, 0x00, 0x00, 0x00, 0x00, 0x00, 0x00, 0x00, 0x00, 0x00, 0x00, 0x00, 0x00, 0x00, 0x00, 0x00
	.byte 0x00, 0x00, 0x00, 0x00, 0x00, 0x00, 0x00, 0x00, 0x00, 0x00, 0x00, 0x00, 0x00, 0x00, 0x00, 0x00
	.byte 0x00, 0x00, 0x00, 0x00, 0x00, 0x00, 0x00, 0x00, 0x00, 0x00, 0x00, 0x00, 0x00, 0x00, 0x00, 0x00
	.byte 0x00, 0x00, 0x00, 0x00, 0x00, 0x00, 0x00, 0x00, 0x00, 0x00, 0x00, 0x00, 0x00, 0x00, 0x00, 0x00
	.byte 0x00, 0x00, 0x00, 0x00, 0x00, 0x00, 0x00, 0x00, 0x00, 0x00, 0x00, 0x80, 0x00, 0x00, 0x00, 0x00
	.byte 0x00, 0x00, 0x00, 0x00, 0x00, 0x00, 0x00, 0x00, 0x00, 0x00, 0x00, 0x00, 0x00, 0x00, 0x00, 0x00
	.byte 0x00, 0x00, 0x00, 0x00, 0x80, 0x18, 0x32, 0x17, 0x2D, 0x18, 0xE3, 0x16, 0x23, 0x13, 0xE2, 0x1F
	.byte 0x23, 0x17, 0x11, 0x11, 0x30, 0x24, 0x11, 0x11, 0x00, 0x84, 0x11, 0x13, 0x00, 0x4D, 0x13, 0x31
	.byte 0x00, 0xD0, 0x34, 0x23, 0x11, 0x27, 0x23, 0xD2, 0x11, 0x63, 0x2E, 0xD2, 0x11, 0xF2, 0x2E, 0x72
	.byte 0x11, 0x11, 0x21, 0xD2, 0x21, 0x11, 0x22, 0xD4, 0x21, 0x72, 0x22, 0xFD, 0x47, 0x27, 0xD2, 0xFD
	.byte 0x22, 0x32, 0x4D, 0x0F, 0x0F, 0x00, 0x00, 0x00, 0xD3, 0x00, 0x00, 0x00, 0xD3, 0x0D, 0x00, 0x00
	.byte 0xF3, 0x00, 0x00, 0x00, 0x0F, 0x00, 0x00, 0x00, 0x00, 0x00, 0x00, 0x00, 0x00, 0x00, 0x00, 0x00
	.byte 0x00, 0x00, 0x00, 0x00, 0x00, 0x00, 0x00, 0x00, 0x00, 0x00, 0x00, 0x00, 0x00, 0x00, 0x00, 0x00
	.byte 0x00, 0x00, 0x00, 0x00, 0x00, 0x00, 0x00, 0x00, 0x00, 0x00, 0x00, 0x00, 0x00, 0x00, 0x00, 0x00
	.byte 0x00, 0x00, 0x00, 0x00, 0x00, 0x00, 0x00, 0x00, 0x00, 0x00, 0x00, 0x00, 0x00, 0x00, 0x00, 0x00
	.byte 0x00, 0x00, 0x00, 0x00, 0x00, 0x00, 0x00, 0x00, 0x00, 0x00, 0x00, 0x00, 0x00, 0x00, 0x00, 0x00
	.byte 0x00, 0x00, 0x00, 0x00, 0x00, 0x00, 0x00, 0x00, 0x00, 0x00, 0x00, 0x00, 0x00, 0x00, 0x00, 0x00
	.byte 0x00, 0x00, 0x00, 0x00, 0x00, 0x00, 0x00, 0x00, 0x00, 0x00, 0x00, 0x00, 0x00, 0x00, 0x00, 0x00
	.byte 0x00, 0x00, 0x00, 0x00, 0x00, 0x00, 0x00, 0x00, 0x00, 0x00, 0x00, 0x00, 0x00, 0x00, 0x00, 0x00
	.byte 0x00, 0x00, 0x00, 0x00, 0x00, 0x00, 0x00, 0x00, 0x00, 0x00, 0x00, 0x00, 0x00, 0x00, 0x00, 0x00
	.byte 0x00, 0x00, 0x00, 0x00, 0x00, 0x00, 0x00, 0x00, 0x00, 0x00, 0x00, 0x00, 0x00, 0x00, 0x00, 0x00
	.byte 0x00, 0x00, 0x00, 0x00, 0x00, 0x00, 0x00, 0x50, 0x00, 0x00, 0x00, 0xE5, 0x00, 0x00, 0x00, 0xEA
	.byte 0x00, 0x00, 0x50, 0xE9, 0x00, 0x00, 0xDD, 0x44, 0x00, 0x00, 0xF0, 0xDF, 0x00, 0xA0, 0x95, 0x36
	.byte 0x50, 0xEA, 0x9E, 0x23, 0xEA, 0xE9, 0x9E, 0x26, 0xEE, 0xE9, 0xEE, 0x55, 0xEE, 0xAA, 0x9A, 0x55
	.byte 0xEE, 0xEA, 0xEE, 0x55, 0xD4, 0xD4, 0xFF, 0x00, 0xDD, 0xFF, 0x0F, 0x00, 0xFF, 0x63, 0xF9, 0xFF
	.byte 0x33, 0x53, 0x99, 0x59, 0x22, 0x66, 0x99, 0x59, 0x66, 0xA6, 0x99, 0x9A, 0x55, 0x96, 0xAA, 0x9A
	.byte 0x55, 0xE5, 0xEE, 0xEA, 0x00, 0x00, 0x00, 0x00, 0x00, 0x00, 0x00, 0x00, 0x00, 0x00, 0x00, 0x00
	.byte 0xFF, 0x0F, 0x00, 0x00, 0x99, 0xFA, 0x0F, 0x00, 0x99, 0x9A, 0x59, 0x00, 0xE9, 0x9A, 0x59, 0x00
	.byte 0xEE, 0x9E, 0x99, 0x05, 0x00, 0x00, 0x00, 0x00, 0x00, 0x00, 0x00, 0x00, 0x00, 0x00, 0x00, 0x00
	.byte 0x00, 0x00, 0x00, 0x00, 0x00, 0x00, 0x00, 0x00, 0x00, 0x00, 0x00, 0x00, 0x00, 0x00, 0x00, 0x00
	.byte 0x00, 0x00, 0x00, 0x00, 0x00, 0x00, 0x00, 0x00, 0x00, 0x00, 0x00, 0x00, 0x00, 0x00, 0x00, 0x00
	.byte 0x00, 0x00, 0x00, 0x00, 0x00, 0x00, 0x00, 0x00, 0x00, 0x00, 0x00, 0x00, 0x00, 0x00, 0x00, 0x00
	.byte 0x00, 0x00, 0x00, 0x00, 0x00, 0x00, 0x00, 0x00, 0x00, 0x00, 0x00, 0x00, 0x00, 0x00, 0x00, 0x00
	.byte 0x00, 0x00, 0x00, 0x00, 0x00, 0x00, 0x00, 0x00, 0x00, 0x00, 0x00, 0x00, 0x00, 0x00, 0x00, 0x00
	.byte 0x00, 0x00, 0x00, 0x00, 0x00, 0x00, 0x00, 0x00, 0x00, 0x00, 0x00, 0x00, 0x00, 0x00, 0x00, 0x00
	.byte 0x30, 0x33, 0x43, 0x00, 0x13, 0x11, 0x22, 0x04, 0x40, 0x24, 0x12, 0x41, 0x00, 0x34, 0x11, 0x41
	.byte 0x30, 0x32, 0x11, 0x31, 0x00, 0x00, 0xE5, 0x9E, 0x00, 0x00, 0xEA, 0xAE, 0x00, 0x00, 0xE5, 0xAE
	.byte 0x00, 0x50, 0xE9, 0xA9, 0x00, 0x5A, 0x99, 0xA9, 0x00, 0xAA, 0x9A, 0xA9, 0x53, 0x99, 0xA9, 0xE5
	.byte 0x42, 0x44, 0x99, 0xE5, 0xEE, 0xEA, 0x9E, 0x55, 0xEE, 0xE9, 0xAE, 0x55, 0xEE, 0xAE, 0x5E, 0x55
	.byte 0xEE, 0xAE, 0x5E, 0x55, 0xEE, 0xAE, 0x5E, 0x55, 0xEE, 0x9E, 0x6E, 0x55, 0xEE, 0xEE, 0x6A, 0x66
	.byte 0xEE, 0xEE, 0x6A, 0x66, 0x55, 0xE5, 0xAE, 0xEE, 0x55, 0xE5, 0xAE, 0xEE, 0x55, 0xE5, 0x9E, 0xAA
	.byte 0x55, 0xE5, 0xEA, 0xEE, 0x55, 0xE5, 0xEA, 0xEE, 0x65, 0xE6, 0xE9, 0xEE, 0x66, 0xA6, 0xE9, 0xEE
	.byte 0x66, 0xA6, 0xE9, 0xEE, 0xEE, 0x99, 0x99, 0x05, 0xEE, 0x9A, 0x99, 0x59, 0xAA, 0x95, 0x9A, 0xA9
	.byte 0xEE, 0x95, 0x9A, 0x99, 0xEE, 0xAA, 0x99, 0x99, 0xEE, 0x5A, 0x99, 0x59, 0xEE, 0xAA, 0x55, 0x9A
	.byte 0xEE, 0x9A, 0x99, 0x99, 0x00, 0x00, 0x00, 0x00, 0x00, 0x00, 0x00, 0x00, 0x00, 0x00, 0x00, 0x00
	.byte 0x0F, 0x00, 0x00, 0x00, 0x0F, 0x00, 0x00, 0x00, 0x05, 0x00, 0x00, 0x00, 0x59, 0x00, 0x00, 0x00
	.byte 0xF9, 0x00, 0x00, 0x00, 0x00, 0x00, 0x00, 0x00, 0x00, 0x00, 0x00, 0x00, 0x00, 0x00, 0x00, 0x00
	.byte 0x00, 0x00, 0x00, 0x00, 0x00, 0x00, 0x00, 0x00, 0x00, 0x00, 0x00, 0x00, 0x00, 0x00, 0x00, 0x00
	.byte 0x00, 0x00, 0x00, 0x00, 0x00, 0x00, 0x00, 0x00, 0x00, 0x00, 0x00, 0x00, 0x00, 0x00, 0x00, 0x00
	.byte 0x00, 0x00, 0x00, 0x00, 0x00, 0x00, 0x00, 0x00, 0x00, 0x00, 0x00, 0x00, 0x00, 0x00, 0x00, 0x00
	.byte 0x00, 0x00, 0x00, 0x00, 0x40, 0x32, 0x21, 0x23, 0x23, 0x22, 0x13, 0x34, 0x14, 0x14, 0x44, 0x44
	.byte 0x40, 0x44, 0x00, 0x00, 0x00, 0x00, 0x00, 0x00, 0x00, 0x00, 0x00, 0x00, 0x00, 0x00, 0x00, 0x00
	.byte 0x00, 0x00, 0x00, 0x00, 0x22, 0x22, 0xA3, 0xEA, 0x22, 0x22, 0x42, 0xEA, 0x23, 0x22, 0x42, 0xEA
	.byte 0x34, 0x22, 0x54, 0xEE, 0x00, 0x44, 0x50, 0xEE, 0x00, 0x00, 0x50, 0xE9, 0x00, 0x00, 0x50, 0x99
	.byte 0x00, 0x00, 0xA0, 0xAA, 0xEE, 0xEE, 0x69, 0x66, 0xEE, 0xEE, 0x6E, 0x66, 0xEE, 0xEE, 0x6E, 0x66
	.byte 0xEE, 0xEE, 0x6E, 0x66, 0xEE, 0xEE, 0xFE, 0x6F, 0xEE, 0xEE, 0xF5, 0xEE, 0xE9, 0xEE, 0xB8, 0xDD
	.byte 0x99, 0x99, 0xB8, 0xBC, 0x66, 0x96, 0xE9, 0xEE, 0x66, 0xE6, 0x99, 0x99, 0x66, 0xE6, 0xEE, 0xEE
	.byte 0x66, 0x96, 0xEE, 0xEE, 0xF6, 0x5F, 0xEE, 0x99, 0x99, 0x5F, 0x99, 0x99, 0x44, 0x8B, 0x99, 0x99
	.byte 0xBC, 0x8B, 0x99, 0x99, 0xAE, 0x95, 0x99, 0x99, 0x99, 0xF9, 0x35, 0x33, 0x9E, 0xF9, 0x23, 0x33
	.byte 0x99, 0x49, 0x22, 0x32, 0x99, 0x24, 0x11, 0xF2, 0x99, 0x14, 0x21, 0xF3, 0x49, 0x12, 0x32, 0x04
	.byte 0xAA, 0x35, 0x43, 0x0F, 0x45, 0x00, 0x00, 0x00, 0x04, 0x00, 0x00, 0x00, 0x0F, 0x00, 0x00, 0x00
	.byte 0x0F, 0x00, 0x00, 0x00, 0x00, 0x00, 0x00, 0x00, 0x00, 0x00, 0x00, 0x00, 0x00, 0x00, 0x00, 0x00
	.byte 0x00, 0x00, 0x00, 0x00, 0x00, 0x00, 0x00, 0x00, 0x00, 0x00, 0x00, 0x00, 0x00, 0x00, 0x00, 0x00
	.byte 0x00, 0x00, 0x00, 0x00, 0x00, 0x00, 0x00, 0x00, 0x00, 0x00, 0x00, 0x00, 0x00, 0x00, 0x00, 0x00
	.byte 0x00, 0x00, 0x00, 0x00, 0x00, 0x00, 0x00, 0x00, 0x00, 0x00, 0x00, 0x00, 0x00, 0x00, 0x00, 0x00
	.byte 0x00, 0x00, 0x00, 0x00, 0x00, 0x00, 0x00, 0x00, 0x00, 0x00, 0x00, 0x00, 0x00, 0x00, 0x00, 0x00
	.byte 0x00, 0x00, 0x00, 0x00, 0x00, 0x00, 0x00, 0x00, 0x00, 0x00, 0x00, 0x00, 0x00, 0x00, 0x00, 0x00
	.byte 0x00, 0x00, 0x00, 0x00, 0x00, 0x00, 0x00, 0x00, 0x00, 0x00, 0x00, 0x00, 0x00, 0x00, 0x00, 0x00
	.byte 0x00, 0x00, 0x00, 0x00, 0x00, 0x00, 0x95, 0x99, 0x00, 0x00, 0x95, 0x99, 0x00, 0x00, 0x95, 0x99
	.byte 0x00, 0x00, 0x95, 0x99, 0x00, 0x50, 0x99, 0x99, 0x00, 0x50, 0x99, 0x99, 0x00, 0x50, 0x99, 0x99
	.byte 0x00, 0x50, 0x99, 0x99, 0x99, 0x99, 0xC8, 0xB8, 0x99, 0xA9, 0xCC, 0xB8, 0x99, 0x89, 0xCC, 0xB8
	.byte 0x99, 0x89, 0xCC, 0xCF, 0x99, 0x89, 0xCC, 0xFC, 0x99, 0x89, 0xCC, 0xDC, 0x99, 0x89, 0xCC, 0xFC
	.byte 0x99, 0x89, 0xCC, 0xFC, 0xBC, 0x8B, 0x99, 0x99, 0xBC, 0x8B, 0x99, 0x99, 0xBC, 0x8B, 0x99, 0x99
	.byte 0xCC, 0xCC, 0x98, 0x99, 0xC8, 0xCC, 0x98, 0x99, 0xCF, 0xCC, 0x98, 0x99, 0xCF, 0xBB, 0x98, 0x99
	.byte 0xD5, 0xBB, 0x98, 0x99, 0xE9, 0xA9, 0x55, 0x0F, 0x9E, 0x9E, 0x99, 0x0F, 0xE9, 0x99, 0x99, 0x0F
	.byte 0x9E, 0x99, 0x99, 0x0F, 0x99, 0x99, 0x99, 0x0F, 0x99, 0x99, 0x99, 0x0F, 0x99, 0x99, 0x99, 0x0F
	.byte 0x99, 0x99, 0xF9, 0x00, 0x00, 0x00, 0x00, 0x00, 0x00, 0x00, 0x00, 0x00, 0x00, 0x00, 0x00, 0x00
	.byte 0x00, 0x00, 0x00, 0x00, 0x00, 0x00, 0x00, 0x00, 0x00, 0x00, 0x00, 0x00, 0x00, 0x00, 0x00, 0x00
	.byte 0x00, 0x00, 0x00, 0x00, 0x00, 0x00, 0x00, 0x00, 0x00, 0x00, 0x00, 0x00, 0x00, 0x00, 0x00, 0x00
	.byte 0x00, 0x00, 0x00, 0x00, 0x00, 0x00, 0x00, 0x00, 0x00, 0x00, 0x00, 0x00, 0x00, 0x00, 0x00, 0x00
	.byte 0x00, 0x00, 0x00, 0x00, 0x00, 0x00, 0x00, 0x00, 0x00, 0x00, 0x00, 0x00, 0x00, 0x00, 0x00, 0x00
	.byte 0x00, 0x00, 0x00, 0x00, 0x00, 0x00, 0x00, 0x00, 0x00, 0x00, 0x00, 0x00, 0x00, 0x00, 0x00, 0x00
	.byte 0x00, 0x00, 0x00, 0x00, 0x00, 0x00, 0x00, 0x00, 0x00, 0x00, 0x00, 0x00, 0x00, 0x00, 0x00, 0x00
	.byte 0x00, 0x00, 0x00, 0x00, 0x00, 0x00, 0x00, 0x00, 0x00, 0x00, 0x00, 0x00, 0x00, 0x00, 0x00, 0x00
	.byte 0x00, 0x00, 0x00, 0x00, 0x00, 0x00, 0x9A, 0x99, 0x00, 0x00, 0x85, 0x58, 0x00, 0x00, 0x80, 0xCC
	.byte 0x00, 0x00, 0x80, 0x88, 0x00, 0x00, 0x00, 0x38, 0x00, 0x00, 0x00, 0x33, 0x00, 0x00, 0x00, 0x24
	.byte 0x00, 0x00, 0x00, 0x14, 0x99, 0xCA, 0xCC, 0xFC, 0x99, 0xC8, 0xDD, 0x6F, 0x88, 0xCB, 0xCC, 0x0F
	.byte 0x88, 0x88, 0x88, 0x0F, 0x33, 0xDF, 0x00, 0x00, 0x33, 0xF3, 0x00, 0x00, 0x32, 0xF3, 0x00, 0x00
	.byte 0x32, 0xF3, 0x00, 0x00, 0xF5, 0xBB, 0x9C, 0x99, 0xF6, 0xCC, 0xAC, 0x99, 0x00, 0xBD, 0xCB, 0x88
	.byte 0x00, 0x8D, 0x88, 0x88, 0x00, 0x00, 0x40, 0x32, 0x00, 0x00, 0x40, 0x32, 0x00, 0x00, 0x40, 0x32
	.byte 0x00, 0x00, 0x00, 0x12, 0x99, 0x99, 0xF9, 0x00, 0x99, 0x55, 0x0F, 0x00, 0xD8, 0xFD, 0x00, 0x00
	.byte 0xDD, 0x0F, 0x00, 0x00, 0x32, 0x0F, 0x00, 0x00, 0x22, 0x04, 0x00, 0x00, 0x21, 0xF2, 0x00, 0x00
	.byte 0x23, 0xF2, 0x00, 0x00, 0x00, 0x00, 0x00, 0x00, 0x00, 0x00, 0x00, 0x00, 0x00, 0x00, 0x00, 0x00
	.byte 0x00, 0x00, 0x00, 0x00, 0x00, 0x00, 0x00, 0x00, 0x00, 0x00, 0x00, 0x00, 0x00, 0x00, 0x00, 0x00
	.byte 0x00, 0x00, 0x00, 0x00, 0x00, 0x00, 0x00, 0x00, 0x00, 0x00, 0x00, 0x00, 0x00, 0x00, 0x00, 0x00
	.byte 0x00, 0x00, 0x00, 0x00, 0x00, 0x00, 0x00, 0x00, 0x00, 0x00, 0x00, 0x00, 0x00, 0x00, 0x00, 0x00
	.byte 0x00, 0x00, 0x00, 0x00, 0x00, 0x00, 0x00, 0x00, 0x00, 0x00, 0x00, 0x00, 0x00, 0x00, 0x00, 0x00
	.byte 0x00, 0x00, 0x00, 0x00, 0x00, 0x00, 0x00, 0x00, 0x00, 0x00, 0x00, 0x00, 0x00, 0x00, 0x00, 0x00
	.byte 0x00, 0x00, 0x00, 0x00, 0x00, 0x00, 0x00, 0x00, 0x00, 0x00, 0x00, 0x00, 0x00, 0x00, 0x00, 0x00
	.byte 0x00, 0x00, 0x00, 0x00, 0x00, 0x00, 0x00, 0x00, 0x00, 0x00, 0x00, 0x00, 0x00, 0x00, 0x00, 0x00
	.byte 0x00, 0x00, 0x00, 0x00, 0x00, 0x00, 0x00, 0x14, 0x00, 0x00, 0x00, 0x22, 0x00, 0x00, 0x60, 0x26
	.byte 0x00, 0x00, 0x64, 0x55, 0x00, 0x34, 0x31, 0x14, 0x00, 0x56, 0x65, 0x66, 0x00, 0x60, 0xFF, 0xFF
	.byte 0x00, 0x00, 0x00, 0x00, 0x31, 0x0F, 0x00, 0x00, 0x32, 0x0F, 0x00, 0x00, 0x32, 0x00, 0x00, 0x00
	.byte 0x36, 0x0F, 0x00, 0x00, 0x66, 0x0F, 0x00, 0x00, 0xF6, 0x0F, 0x00, 0x00, 0x0F, 0x00, 0x00, 0x00
	.byte 0x00, 0x00, 0x00, 0x00, 0x00, 0x00, 0x00, 0x13, 0x00, 0x00, 0x00, 0x23, 0x00, 0x00, 0x00, 0x28
	.byte 0x00, 0x00, 0x00, 0x58, 0x00, 0x00, 0x00, 0x66, 0x00, 0x00, 0x80, 0x41, 0x00, 0x00, 0xF0, 0x65
	.byte 0x00, 0x00, 0x00, 0xFF, 0x21, 0xF2, 0x00, 0x00, 0x21, 0x04, 0x00, 0x00, 0x21, 0x0F, 0x00, 0x00
	.byte 0x55, 0x6F, 0x00, 0x00, 0x22, 0xF3, 0x06, 0x00, 0x41, 0x31, 0x0F, 0x00, 0x66, 0x66, 0x0F, 0x00
	.byte 0xFF, 0xFF, 0x00, 0x00, 0x00, 0x00, 0x00, 0x00, 0x00, 0x00, 0x00, 0x00, 0x00, 0x00, 0x00, 0x00
	.byte 0x00, 0x00, 0x00, 0x00, 0x00, 0x00, 0x00, 0x00, 0x00, 0x00, 0x00, 0x00, 0x00, 0x00, 0x00, 0x00
	.byte 0x00, 0x00, 0x00, 0x00, 0x00, 0x00, 0x00, 0x00, 0x00, 0x00, 0x00, 0x00, 0x00, 0x00, 0x00, 0x00
	.byte 0x00, 0x00, 0x00, 0x00, 0x00, 0x00, 0x00, 0x00, 0x00, 0x00, 0x00, 0x00, 0x00, 0x00, 0x00, 0x00
	.byte 0x00, 0x00, 0x00, 0x00, 0x00, 0x00, 0x00, 0x00, 0x00, 0x00, 0x00, 0x00, 0x00, 0x00, 0x00, 0x00
	.byte 0x00, 0x00, 0x00, 0x00, 0x00, 0x00, 0x00, 0x00, 0x00, 0x00, 0x00, 0x00, 0x00, 0x00, 0x00, 0x00
	.byte 0x00, 0x00, 0x00, 0x00, 0x00, 0x00, 0x00, 0x00, 0x00, 0x00, 0x00, 0x00, 0x00, 0x00, 0x00, 0x00
	.byte 0x00, 0x00, 0x00, 0x00, 0x00, 0x00, 0x00, 0x00, 0x00, 0x00, 0x00, 0x00, 0x00, 0x00, 0x00, 0x00
	.byte 0x00, 0x00, 0x00, 0x00, 0x00, 0x00, 0x00, 0x00, 0x00, 0x00, 0x00, 0x00, 0x00, 0x00, 0x00, 0x00
	.byte 0x00, 0x00, 0x00, 0x00, 0x00, 0x00, 0x00, 0x00, 0x00, 0x00, 0x00, 0x00, 0x00, 0x00, 0x00, 0x00
	.byte 0x00, 0x00, 0x00, 0x00, 0x00, 0x00, 0x00, 0x00, 0x00, 0x00, 0x00, 0x00, 0x00, 0x00, 0x00, 0x00
	.byte 0x00, 0x00, 0x00, 0x00, 0x00, 0x00, 0x00, 0x00, 0x00, 0x00, 0x00, 0x00, 0x00, 0x00, 0x00, 0x00
	.byte 0x00, 0x00, 0x00, 0x00, 0x00, 0x00, 0x00, 0x00, 0x00, 0x00, 0x00, 0x00, 0x00, 0x00, 0x00, 0x00
	.byte 0x00, 0x00, 0x00, 0x00, 0x00, 0x00, 0x00, 0x00, 0x00, 0x00, 0x00, 0x00, 0x00, 0x00, 0x00, 0x00
	.byte 0x00, 0x00, 0x00, 0x00, 0x00, 0x00, 0x00, 0x00, 0x00, 0x00, 0x00, 0x00, 0x00, 0x00, 0x00, 0x00
	.byte 0x00, 0x00, 0x00, 0x00, 0x00, 0x00, 0x00, 0x00, 0x00, 0x00, 0x00, 0x00, 0x00, 0x00, 0x00, 0x00
	.byte 0x00, 0x00, 0x00, 0x00, 0x00, 0x00, 0x00, 0x00, 0x00, 0x00, 0x00, 0x00, 0x00, 0x00, 0x00, 0x00
	.byte 0x00, 0x00, 0x00, 0x00, 0x00, 0x00, 0x00, 0x00, 0x00, 0x00, 0x00, 0x00, 0x00, 0x00, 0x00, 0x00
	.byte 0x00, 0x00, 0x00, 0x00, 0x00, 0x00, 0x00, 0x00, 0x00, 0x00, 0x00, 0x00, 0x00, 0x00, 0x00, 0x00
	.byte 0x00, 0x00, 0x00, 0x00, 0x00, 0x00, 0x00, 0x00, 0x00, 0x00, 0x00, 0x00, 0x00, 0x00, 0x00, 0x00
	.byte 0x00, 0x00, 0x00, 0x00, 0x00, 0x00, 0x00, 0x00, 0x00, 0x00, 0x00, 0x00, 0x00, 0x00, 0x00, 0x00
	.byte 0x00, 0x00, 0x00, 0x00, 0x00, 0x00, 0x00, 0x00, 0x00, 0x00, 0x00, 0x00, 0x00, 0x00, 0x00, 0x00
	.byte 0x00, 0x00, 0x00, 0x00, 0x00, 0x00, 0x00, 0x00, 0x00, 0x00, 0x00, 0x00, 0x00, 0x00, 0x00, 0x00
	.byte 0x00, 0x00, 0x00, 0x00, 0x00, 0x00, 0x00, 0x00, 0x00, 0x00, 0x00, 0x00, 0x00, 0x00, 0x00, 0x00
	.byte 0x00, 0x00, 0x00, 0x00, 0x00, 0x00, 0x00, 0x00, 0x00, 0x00, 0x00, 0x00, 0x00, 0x00, 0x00, 0x00
	.byte 0x00, 0x00, 0x00, 0x00, 0x00, 0x00, 0x00, 0x00, 0x00, 0x00, 0x00, 0x00, 0x00, 0x00, 0x00, 0x00
	.byte 0x00, 0x00, 0x00, 0x00, 0x00, 0x00, 0x00, 0x00, 0x00, 0x00, 0x00, 0x00, 0x00, 0x00, 0x00, 0x00
	.byte 0x00, 0x00, 0x00, 0x00, 0x00, 0x00, 0x00, 0x00, 0x00, 0x00, 0x00, 0x00, 0x00, 0x00, 0x00, 0x00
	.byte 0x00, 0x00, 0x00, 0x00, 0x00, 0x00, 0x00, 0x00, 0x00, 0x00, 0x00, 0x00, 0x00, 0x00, 0x00, 0x00
	.byte 0x00, 0x00, 0x00, 0x00, 0x00, 0x00, 0x00, 0x00, 0x00, 0x00, 0x00, 0x00, 0x00, 0x00, 0x00, 0x00
	.byte 0x00, 0x00, 0x00, 0x00, 0x00, 0x00, 0x00, 0x00, 0x00, 0x00, 0x00, 0x00, 0x00, 0x00, 0x00, 0x00
	.byte 0x00, 0x00, 0x00, 0x00, 0x00, 0x00, 0x00, 0x00, 0x00, 0x00, 0x00, 0x00, 0x00, 0x00, 0x00, 0x00
	.byte 0x00, 0x00, 0x00, 0x00, 0x00, 0x00, 0x00, 0x00, 0x00, 0x00, 0x00, 0x00, 0x00, 0x00, 0x00, 0x00
	.byte 0x00, 0x00, 0x00, 0x00, 0x00, 0x00, 0x00, 0x00, 0x00, 0x00, 0x00, 0x00, 0x00, 0x00, 0x00, 0x00
	.byte 0x00, 0x00, 0x00, 0x00, 0x00, 0x00, 0x00, 0x00, 0x00, 0x00, 0x00, 0x00, 0x00, 0x00, 0x00, 0x00
	.byte 0x00, 0x00, 0x00, 0x00, 0x00, 0x00, 0x00, 0x00, 0x00, 0x00, 0x00, 0x00, 0x00, 0x00, 0x00, 0x00
	.byte 0x00, 0x00, 0x00, 0x00, 0x00, 0x00, 0x00, 0x00, 0x00, 0x00, 0x00, 0x00, 0x00, 0x00, 0x00, 0x00
	.byte 0x00, 0x00, 0x00, 0x00, 0x00, 0x00, 0x00, 0x00, 0x00, 0x00, 0x00, 0x00, 0x00, 0x00, 0x00, 0x00
	.byte 0x00, 0x00, 0x00, 0x00, 0x00, 0x00, 0x00, 0x00, 0x00, 0x00, 0x00, 0x00, 0x00, 0x00, 0x00, 0x00
	.byte 0x00, 0x00, 0x00, 0x00, 0x00, 0x00, 0x00, 0x00, 0x00, 0x00, 0x00, 0x00, 0x00, 0x00, 0x00, 0x00
	.byte 0x00, 0x00, 0x00, 0x00, 0x00, 0x00, 0x00, 0x00, 0x00, 0x00, 0x00, 0x00, 0x00, 0x00, 0x00, 0x00
	.byte 0x00, 0x00, 0x00, 0x00, 0x00, 0x00, 0x00, 0x00, 0x00, 0x00, 0x00, 0x00, 0x00, 0x00, 0x00, 0x00
	.byte 0x00, 0x00, 0x00, 0x00, 0x00, 0x00, 0x00, 0x00, 0x00, 0x00, 0x00, 0x00, 0x00, 0x00, 0x00, 0x00
	.byte 0x00, 0x00, 0x00, 0x00, 0x00, 0x00, 0x00, 0x00, 0x00, 0x00, 0x00, 0x00, 0x00, 0x00, 0x00, 0x00
	.byte 0x00, 0x00, 0x00, 0x00, 0x00, 0x00, 0x00, 0x00, 0x00, 0x00, 0x00, 0x00, 0x00, 0x00, 0x00, 0x00
	.byte 0x00, 0x00, 0x00, 0x00, 0x00, 0x00, 0x00, 0x00, 0x00, 0x00, 0x00, 0x00, 0x00, 0x00, 0x00, 0x00
	.byte 0x00, 0x00, 0x00, 0x00, 0x00, 0x00, 0x00, 0x00, 0x00, 0x00, 0x00, 0x00, 0x00, 0x00, 0x00, 0x00
	.byte 0x00, 0x00, 0x00, 0x00, 0x00, 0x00, 0x00, 0x00, 0x00, 0x00, 0x00, 0x00, 0x00, 0x00, 0x00, 0x00
	.byte 0x00, 0x00, 0x00, 0x00, 0x00, 0x00, 0x00, 0x00, 0x00, 0x00, 0x00, 0x00, 0x00, 0x00, 0x00, 0x00
	.byte 0x00, 0x00, 0x00, 0x00, 0x00, 0x00, 0x00, 0x00, 0x00, 0x00, 0x00, 0x00, 0x00, 0x00, 0x00, 0x00
	.byte 0x00, 0x00, 0x00, 0x00, 0x00, 0x00, 0x00, 0x00, 0x00, 0x00, 0x00, 0x00, 0x00, 0x00, 0x00, 0x00
	.byte 0x00, 0x00, 0x00, 0x00, 0x00, 0x00, 0x00, 0x00, 0x00, 0x00, 0x00, 0x00, 0x00, 0x00, 0x00, 0x00
	.byte 0x00, 0x00, 0x00, 0x00, 0x00, 0x00, 0x00, 0x00, 0x00, 0x00, 0x00, 0x00, 0x00, 0x00, 0x00, 0x00
	.byte 0x00, 0x00, 0x00, 0x00, 0x00, 0x00, 0x00, 0x00, 0x00, 0x00, 0x00, 0x00, 0x00, 0x00, 0x00, 0x00
	.byte 0x00, 0x00, 0x00, 0x00, 0x00, 0x00, 0x00, 0x00, 0x00, 0x00, 0x00, 0x00, 0x00, 0x00, 0x00, 0x00
	.byte 0x00, 0x00, 0x00, 0x00, 0x00, 0x00, 0x00, 0x00, 0x00, 0x00, 0x00, 0x00, 0x00, 0x00, 0x00, 0x00
	.byte 0x00, 0x00, 0x00, 0x00, 0x00, 0x00, 0x00, 0x00, 0x00, 0x00, 0x00, 0x00, 0x00, 0x00, 0x00, 0x00
	.byte 0x00, 0x00, 0x00, 0x00, 0x00, 0x00, 0x00, 0x00, 0x00, 0x00, 0x00, 0x00, 0x00, 0x00, 0x00, 0x00
	.byte 0x00, 0x00, 0x00, 0x00, 0x00, 0x00, 0x00, 0x00, 0x00, 0x00, 0x00, 0x00, 0x00, 0x00, 0x00, 0x00
	.byte 0x00, 0x00, 0x00, 0x00, 0x00, 0x00, 0x00, 0x00, 0x00, 0x00, 0x00, 0x00, 0x00, 0x00, 0x00, 0x00
	.byte 0x00, 0x00, 0x00, 0x00, 0x00, 0x00, 0x00, 0x00, 0x00, 0x00, 0x00, 0x00, 0x00, 0x00, 0x00, 0x00
	.byte 0x00, 0x00, 0x00, 0x00, 0x00, 0x00, 0x00, 0x00, 0x00, 0x00, 0x00, 0x00, 0x00, 0x00, 0x00, 0x00
	.byte 0x00, 0x00, 0x00, 0x00, 0x00, 0x00, 0x00, 0x00, 0x00, 0x00, 0x00, 0x00, 0x00, 0x00, 0x00, 0x00
	.byte 0x00, 0x00, 0x00, 0x00, 0x00, 0x00, 0x00, 0x00, 0x00, 0x00, 0x00, 0x00, 0x00, 0x00, 0x00, 0x00
	.byte 0x00, 0x00, 0x00, 0x00, 0x00, 0x00, 0x00, 0x00, 0x00, 0x00, 0x00, 0x00, 0x00, 0x00, 0x00, 0x00
	.byte 0x00, 0x00, 0x00, 0x00, 0x00, 0x00, 0x00, 0x00, 0x00, 0x00, 0x00, 0x00, 0x00, 0x00, 0x00, 0x00
	.byte 0x00, 0x00, 0x00, 0x00, 0x00, 0x00, 0x00, 0x00, 0x00, 0x00, 0x00, 0x00, 0x00, 0x00, 0x00, 0x00
	.byte 0x00, 0x00, 0x00, 0x00, 0x00, 0x00, 0x00, 0x00, 0x00, 0x00, 0x00, 0x00, 0x00, 0x00, 0x00, 0x00
	.byte 0x00, 0x00, 0x00, 0x00, 0x00, 0x00, 0x00, 0x00, 0x00, 0x00, 0x00, 0x00, 0x00, 0x00, 0x00, 0x00
	.byte 0x00, 0x00, 0x00, 0x00, 0x00, 0x00, 0x00, 0x00, 0x00, 0x00, 0x00, 0x00, 0x00, 0x00, 0x00, 0x00
	.byte 0x00, 0x00, 0x00, 0x00, 0x00, 0x00, 0x00, 0x00, 0x00, 0x00, 0x00, 0x00, 0x00, 0x00, 0x00, 0x00
	.byte 0x00, 0x00, 0x00, 0x00, 0x00, 0x00, 0x00, 0x00, 0x00, 0x00, 0x00, 0x00, 0x00, 0x00, 0x00, 0x00
	.byte 0x00, 0x00, 0x00, 0x00, 0x00, 0x00, 0x00, 0x00, 0x00, 0x00, 0x00, 0x00, 0x00, 0x00, 0x00, 0x00
	.byte 0x00, 0x00, 0x00, 0x00, 0x00, 0x00, 0x00, 0x00, 0x00, 0x00, 0x00, 0x00, 0x00, 0x00, 0x00, 0x00
	.byte 0x00, 0x00, 0x00, 0x00, 0x00, 0x00, 0x00, 0x00, 0x00, 0x00, 0x00, 0x00, 0x00, 0x00, 0x00, 0x00
	.byte 0x00, 0x00, 0x00, 0x00, 0x00, 0x00, 0x00, 0x00, 0x00, 0x00, 0x00, 0x00, 0x00, 0x00, 0x00, 0x00
	.byte 0x00, 0x00, 0x00, 0x00, 0x00, 0x00, 0x00, 0x00, 0x00, 0x00, 0x00, 0x00, 0x00, 0x00, 0x00, 0x00
	.byte 0x00, 0x00, 0x00, 0x00, 0x00, 0x00, 0x00, 0x00, 0x00, 0x00, 0x00, 0x00, 0x00, 0x00, 0x00, 0x00
	.byte 0x00, 0x00, 0x00, 0x00, 0x00, 0x00, 0x00, 0x00, 0x00, 0x00, 0x00, 0x00, 0x00, 0x00, 0x00, 0x00
	.byte 0x00, 0x00, 0x00, 0x00, 0x00, 0x00, 0x00, 0x00, 0x00, 0x00, 0x00, 0x00, 0x00, 0x00, 0x00, 0x00
	.byte 0x00, 0x00, 0x00, 0x00, 0x00, 0x00, 0x00, 0x00, 0x00, 0x00, 0x00, 0x00, 0x00, 0x00, 0x00, 0x00
	.byte 0x00, 0x00, 0x00, 0x00, 0x00, 0x00, 0x00, 0x00, 0x00, 0x00, 0x00, 0x00, 0x00, 0x00, 0x00, 0x00
	.byte 0x00, 0x00, 0x00, 0x00, 0x00, 0x00, 0x00, 0x00, 0x00, 0x00, 0x00, 0x00, 0x00, 0x00, 0x00, 0x00
	.byte 0x00, 0x00, 0x00, 0x00, 0x00, 0x00, 0x00, 0x00, 0x00, 0x00, 0x00, 0x00, 0x00, 0x00, 0x00, 0x00
	.byte 0x00, 0x00, 0x00, 0x00, 0x00, 0x00, 0x00, 0x00, 0x00, 0x00, 0x00, 0x00, 0x00, 0x00, 0x00, 0x00
	.byte 0x00, 0x00, 0x00, 0x00, 0x00, 0x00, 0x00, 0x00, 0x00, 0x00, 0x00, 0x00, 0x00, 0x00, 0x00, 0x00
	.byte 0x00, 0x00, 0x00, 0x00, 0x00, 0x00, 0x00, 0x00, 0x00, 0x00, 0x00, 0x00, 0x00, 0x00, 0x00, 0x00
	.byte 0x00, 0x00, 0x00, 0x00, 0x00, 0x00, 0x00, 0x00, 0x00, 0x00, 0x00, 0x00, 0x00, 0x00, 0x00, 0x00
	.byte 0x00, 0x00, 0x00, 0x00, 0x00, 0x00, 0x00, 0x00, 0x00, 0x00, 0x00, 0x00, 0x00, 0x00, 0x00, 0x00
	.byte 0x00, 0x00, 0x00, 0x00, 0x00, 0x00, 0x00, 0x00, 0x00, 0x00, 0x00, 0x00, 0x00, 0x00, 0x00, 0x00
	.byte 0x00, 0x00, 0x00, 0x00, 0x00, 0x00, 0x00, 0x00, 0x00, 0x00, 0x00, 0x00, 0x00, 0x00, 0x00, 0x00
	.byte 0x00, 0x00, 0x00, 0x00, 0x00, 0x00, 0x00, 0x00, 0x00, 0x00, 0x00, 0x00, 0x00, 0x00, 0x00, 0x00
	.byte 0x00, 0x00, 0x00, 0x00, 0x00, 0x00, 0x00, 0x00, 0x00, 0x00, 0x00, 0x00, 0x00, 0x00, 0x00, 0x00
	.byte 0x00, 0x00, 0x00, 0x00, 0x00, 0x00, 0x00, 0x00, 0x00, 0x00, 0x00, 0x00, 0x00, 0x00, 0x00, 0x00
	.byte 0x00, 0x00, 0x00, 0x00, 0x00, 0x00, 0x00, 0x00, 0x00, 0x00, 0x00, 0x00, 0x00, 0x00, 0x00, 0x00
	.byte 0x00, 0x00, 0x00, 0x00, 0x00, 0x00, 0x00, 0x00, 0x00, 0x00, 0x00, 0x00, 0x00, 0x00, 0x00, 0x00
	.byte 0x00, 0x00, 0x00, 0x00, 0x00, 0x00, 0x00, 0x00, 0x00, 0x00, 0x00, 0x00, 0x00, 0x00, 0x00, 0x00
	.byte 0x00, 0x00, 0x00, 0x00, 0x00, 0x00, 0x00, 0x00, 0x00, 0x00, 0x00, 0x00, 0x00, 0x00, 0x00, 0x00
	.byte 0x00, 0x00, 0x00, 0x00, 0x00, 0x00, 0x00, 0x00, 0x00, 0x00, 0x00, 0x00, 0x00, 0x00, 0x00, 0x00
	.byte 0x00, 0x00, 0x00, 0x00, 0x00, 0x00, 0x00, 0x00, 0x00, 0x00, 0x00, 0x00, 0x00, 0x00, 0x00, 0x00
	.byte 0x00, 0x00, 0x00, 0x00, 0x00, 0x00, 0x00, 0x00, 0x00, 0x00, 0x00, 0x00, 0x00, 0x00, 0x00, 0x00
	.byte 0x00, 0x00, 0x00, 0x00, 0x00, 0x00, 0x00, 0x00, 0x00, 0x00, 0x00, 0x00, 0x00, 0x00, 0x00, 0x00
	.byte 0x00, 0x00, 0x00, 0x00, 0x00, 0x00, 0x00, 0x00, 0x00, 0x00, 0x00, 0x00, 0x00, 0x00, 0x00, 0x00
	.byte 0x00, 0x00, 0x00, 0x00, 0x00, 0x00, 0x00, 0x00, 0x00, 0x00, 0x00, 0x00, 0x00, 0x00, 0x00, 0x00
	.byte 0x00, 0x00, 0x00, 0x00, 0x00, 0x00, 0x00, 0x00, 0x00, 0x00, 0x00, 0x00, 0x00, 0x00, 0x00, 0x00
	.byte 0x00, 0x00, 0x00, 0x00, 0x00, 0x00, 0x00, 0x00, 0x00, 0x00, 0x00, 0x00, 0x00, 0x00, 0x00, 0x00
	.byte 0x00, 0x00, 0x00, 0x00, 0x00, 0x00, 0x00, 0x00, 0x00, 0x00, 0x00, 0x00, 0x00, 0x00, 0x00, 0x00
	.byte 0x00, 0x00, 0x00, 0x00, 0x00, 0x00, 0x00, 0x00, 0x00, 0x00, 0x00, 0x00, 0x00, 0x00, 0x00, 0x00
	.byte 0x00, 0x00, 0x00, 0x00, 0x00, 0x00, 0x00, 0x00, 0x00, 0x00, 0x00, 0x00, 0x00, 0x00, 0x00, 0x00
	.byte 0x00, 0x00, 0x00, 0x00, 0x00, 0x00, 0x00, 0x00, 0x00, 0x00, 0x00, 0x00, 0x00, 0x00, 0x00, 0x00
	.byte 0x00, 0x00, 0x00, 0x00, 0x00, 0x00, 0x00, 0x00, 0x00, 0x00, 0x00, 0x00, 0x00, 0x00, 0x00, 0x00
	.byte 0x00, 0x00, 0x00, 0x00, 0x00, 0x00, 0x00, 0x00, 0x00, 0x00, 0x00, 0x00, 0x00, 0x00, 0x00, 0x00
	.byte 0x00, 0x00, 0x00, 0x00, 0x00, 0x00, 0x00, 0x00, 0x00, 0x00, 0x00, 0x00, 0x00, 0x00, 0x00, 0x00
	.byte 0x00, 0x00, 0x00, 0x00, 0x00, 0x00, 0x00, 0x00, 0x00, 0x00, 0x00, 0x00, 0x00, 0x00, 0x00, 0x00
	.byte 0x00, 0x00, 0x00, 0x00, 0x00, 0x00, 0x00, 0x00, 0x00, 0x00, 0x00, 0x00, 0x00, 0x00, 0x00, 0x00
	.byte 0x00, 0x00, 0x00, 0x00, 0x00, 0x00, 0x00, 0x00, 0x00, 0x00, 0x00, 0x00, 0x00, 0x00, 0x00, 0x00
	.byte 0x00, 0x00, 0x00, 0x00, 0x00, 0x00, 0x00, 0x00, 0x00, 0x00, 0x00, 0x00, 0x00, 0x00, 0x00, 0x00
	.byte 0x00, 0x00, 0x00, 0x00, 0x00, 0x00, 0x00, 0x00, 0x00, 0x00, 0x00, 0x00, 0x00, 0x00, 0x00, 0x00
	.byte 0x00, 0x00, 0x00, 0x00, 0x00, 0x00, 0x00, 0x00, 0x00, 0x00, 0x00, 0x00, 0x00, 0x00, 0x00, 0x00
	.byte 0x00, 0x00, 0x00, 0x00, 0x00, 0x00, 0x00, 0x00, 0x00, 0x00, 0x00, 0x00, 0x00, 0x00, 0x00, 0x00
	.byte 0x00, 0x00, 0x00, 0x00, 0x00, 0x00, 0x00, 0x00, 0x00, 0x00, 0x00, 0x00, 0x00, 0x00, 0x00, 0x00
	.byte 0x00, 0x00, 0x00, 0x00, 0x00, 0x00, 0x00, 0x00, 0x00, 0x00, 0x00, 0x00, 0x00, 0x00, 0x00, 0x00
	.byte 0x00, 0x00, 0x00, 0x00, 0x00, 0x00, 0x00, 0x00, 0x00, 0x00, 0x00, 0x00, 0x00, 0x00, 0x00, 0x00
	.byte 0x00, 0x00, 0x00, 0x00, 0x00, 0x00, 0x00, 0x00, 0x00, 0x00, 0x00, 0x00, 0x00, 0x00, 0x00, 0x00
	.byte 0x00, 0x00, 0x00, 0x00, 0x00, 0x00, 0x00, 0x00, 0x00, 0x00, 0x00, 0x00, 0x00, 0x00, 0x00, 0x00
	.byte 0x00, 0x00, 0x00, 0x00, 0x00, 0x00, 0x00, 0x00, 0x00, 0x00, 0x00, 0x00, 0x00, 0x00, 0x00, 0x00
	.byte 0x00, 0x00, 0x00, 0x00, 0x00, 0x00, 0x00, 0x00, 0x00, 0x00, 0x00, 0x00, 0x00, 0x00, 0x00, 0x00
	.byte 0x00, 0x00, 0x00, 0x00, 0x00, 0x00, 0x00, 0x00, 0x00, 0x00, 0x00, 0x00, 0x00, 0x00, 0x00, 0x00
	.byte 0x00, 0x00, 0x00, 0x00, 0x00, 0x00, 0x00, 0x00, 0x00, 0x00, 0x00, 0x00, 0x00, 0x00, 0x00, 0x00
	.byte 0x00, 0x00, 0x00, 0x00, 0x00, 0x00, 0x00, 0x00, 0x00, 0x00, 0x00, 0x00, 0x00, 0x00, 0x00, 0x00
	.byte 0x00, 0x00, 0x00, 0x00, 0x00, 0x00, 0x00, 0x00, 0x00, 0x00, 0x00, 0x00, 0x00, 0x00, 0x00, 0x00
	.byte 0x00, 0x00, 0x00, 0x00, 0x00, 0x00, 0x00, 0x00, 0x00, 0x00, 0x00, 0x00, 0x00, 0x00, 0x00, 0x00
	.byte 0x00, 0x00, 0x00, 0x00, 0x00, 0x00, 0x00, 0x00, 0x00, 0x00, 0x00, 0x00, 0x00, 0x00, 0x00, 0x00
	.byte 0x00, 0x00, 0x00, 0x00, 0x00, 0x00, 0x00, 0x00, 0x00, 0x00, 0x00, 0x00, 0x00, 0x00, 0x00, 0x00
	.byte 0x00, 0x00, 0x00, 0x00, 0x00, 0x00, 0x00, 0x00, 0x00, 0x00, 0x00, 0x00, 0x00, 0x00, 0x00, 0x00
	.byte 0x00, 0x00, 0x00, 0x00, 0x00, 0x00, 0x00, 0x00, 0x00, 0x00, 0x00, 0x00, 0x00, 0x00, 0x00, 0x00
	.byte 0x00, 0x00, 0x00, 0x00, 0x00, 0x00, 0x00, 0x00, 0x00, 0x00, 0x00, 0x00, 0x00, 0x00, 0x00, 0x00
	.byte 0x00, 0x00, 0x00, 0x00, 0x00, 0x00, 0x00, 0x00, 0x00, 0x00, 0x00, 0x00, 0x00, 0x00, 0x00, 0x00
	.byte 0x00, 0x00, 0x00, 0x00, 0x00, 0x00, 0x00, 0x00, 0x00, 0x00, 0x00, 0x00, 0x00, 0x00, 0x00, 0x00
	.byte 0x00, 0x00, 0x00, 0x00, 0x00, 0x00, 0x00, 0x00, 0x00, 0x00, 0x00, 0x00, 0x00, 0x00, 0x00, 0x00
	.byte 0x00, 0x00, 0x00, 0x00, 0x00, 0x00, 0x00, 0x00, 0x00, 0x00, 0x00, 0x00, 0x00, 0x00, 0x00, 0x00
	.byte 0x00, 0x00, 0x00, 0x00, 0x00, 0x00, 0x00, 0x00, 0x00, 0x00, 0x00, 0x00, 0x00, 0x00, 0x00, 0x00
	.byte 0x00, 0x00, 0x00, 0x00, 0x00, 0x00, 0x00, 0x00, 0x00, 0x00, 0x00, 0x00, 0x00, 0x00, 0x00, 0x00
	.byte 0x00, 0x00, 0x00, 0x00, 0x00, 0x00, 0x00, 0x00, 0x00, 0x00, 0x00, 0x00, 0x00, 0x00, 0x00, 0x00
	.byte 0x00, 0x00, 0x00, 0x00, 0x00, 0x00, 0x00, 0x00, 0x00, 0x00, 0x00, 0x00, 0x00, 0x00, 0x00, 0x00
	.byte 0x00, 0x00, 0x00, 0x00, 0x00, 0x00, 0x00, 0x00, 0x00, 0x00, 0x00, 0x00, 0x00, 0x00, 0x00, 0x00
	.byte 0x00, 0x00, 0x00, 0x00, 0x00, 0x00, 0x00, 0x00, 0x00, 0x00, 0x00, 0x00, 0x00, 0x00, 0x00, 0x00
	.byte 0x00, 0x00, 0x00, 0x00, 0x00, 0x00, 0x00, 0x00, 0x00, 0x00, 0x00, 0x00, 0x00, 0x00, 0x00, 0x00
	.byte 0x00, 0x00, 0x00, 0x00, 0x00, 0x00, 0x00, 0x00, 0x00, 0x00, 0x00, 0x00, 0x00, 0x00, 0x00, 0x00
	.byte 0x00, 0x00, 0x00, 0x00, 0x00, 0x00, 0x00, 0x00, 0x00, 0x00, 0x00, 0x00, 0x00, 0x00, 0x00, 0x00
	.byte 0x00, 0x00, 0x00, 0x00, 0x00, 0x00, 0x00, 0x00, 0x00, 0x00, 0x00, 0x00, 0x00, 0x00, 0x00, 0x00
	.byte 0x00, 0x00, 0x00, 0x00, 0x00, 0x00, 0x00, 0x00, 0x00, 0x00, 0x00, 0x00, 0x00, 0x00, 0x00, 0x00
	.byte 0x00, 0x00, 0x00, 0x00, 0x00, 0x00, 0x00, 0x00, 0x00, 0x00, 0x00, 0x00, 0x00, 0x00, 0x00, 0x00
	.byte 0x00, 0x00, 0x00, 0x00, 0x00, 0x00, 0x00, 0x00, 0x00, 0x00, 0x00, 0x00, 0x00, 0x00, 0x00, 0x00
	.byte 0x00, 0x00, 0x00, 0x00, 0x00, 0x00, 0x00, 0x00, 0x00, 0x00, 0x00, 0x00, 0x00, 0x00, 0x00, 0x00
	.byte 0x00, 0x00, 0x00, 0x00, 0x00, 0x00, 0x00, 0x00, 0x00, 0x00, 0x00, 0x00, 0x00, 0x00, 0x00, 0x00
	.byte 0x00, 0x00, 0x00, 0x00, 0x00, 0x00, 0x00, 0x00, 0x00, 0x00, 0x00, 0x00, 0x00, 0x00, 0x00, 0x00
	.byte 0x00, 0x00, 0x00, 0x00, 0x00, 0x00, 0x00, 0x00, 0x00, 0x00, 0x00, 0x00, 0x00, 0x00, 0x00, 0x00
	.byte 0x00, 0x00, 0x00, 0x00, 0x00, 0x00, 0x00, 0x00, 0x00, 0x00, 0x00, 0x00, 0x00, 0x00, 0x00, 0x00
	.byte 0x00, 0x00, 0x00, 0x00, 0x00, 0x00, 0x00, 0x00, 0x00, 0x00, 0x00, 0x00, 0x00, 0x00, 0x00, 0x00
	.byte 0x00, 0x00, 0x00, 0x00, 0x00, 0x00, 0x00, 0x00, 0x00, 0x00, 0x00, 0x00, 0x00, 0x00, 0x00, 0x00
	.byte 0x00, 0x00, 0x00, 0x00, 0x00, 0x00, 0x00, 0x00, 0x00, 0x00, 0x00, 0x00, 0x00, 0x00, 0x00, 0x00
	.byte 0x00, 0x00, 0x00, 0x00, 0x00, 0x00, 0x00, 0x00, 0x00, 0x00, 0x00, 0x00, 0x00, 0x00, 0x00, 0x00
	.byte 0x00, 0x00, 0x00, 0x00, 0x00, 0x00, 0x00, 0x00, 0x00, 0x00, 0x00, 0x00, 0x00, 0x00, 0x00, 0x00
	.byte 0x00, 0x00, 0x00, 0x00, 0x00, 0x00, 0x00, 0x00, 0x00, 0x00, 0x00, 0x00, 0x00, 0x00, 0x00, 0x00
	.byte 0x00, 0x00, 0x00, 0x00, 0x00, 0x00, 0x00, 0x00, 0x00, 0x00, 0x00, 0x00, 0x00, 0x00, 0x00, 0x00
	.byte 0x00, 0x00, 0x00, 0x00, 0x00, 0x00, 0x00, 0x00, 0x00, 0x00, 0x00, 0x00, 0x00, 0x00, 0x00, 0x00
	.byte 0x00, 0x00, 0x00, 0x00, 0x00, 0x00, 0x00, 0x00, 0x00, 0x00, 0x00, 0x00, 0x00, 0x00, 0x00, 0x00
	.byte 0x00, 0x00, 0x00, 0x00, 0x00, 0x00, 0x00, 0x00, 0x00, 0x00, 0x00, 0x00, 0x00, 0x00, 0x00, 0x00
	.byte 0x00, 0x00, 0x00, 0x00, 0x00, 0x00, 0x00, 0x00, 0x00, 0x00, 0x00, 0x00, 0x00, 0x00, 0x00, 0x00
	.byte 0x00, 0x00, 0x00, 0x00, 0x00, 0x00, 0x00, 0x00, 0x00, 0x00, 0x00, 0x00, 0x00, 0x00, 0x00, 0x00
	.byte 0x00, 0x00, 0x00, 0x00, 0x00, 0x00, 0x00, 0x00, 0x00, 0x00, 0x00, 0x00, 0x00, 0x00, 0x00, 0x00
	.byte 0x00, 0x00, 0x00, 0x00, 0x00, 0x00, 0x00, 0x00, 0x00, 0x00, 0x00, 0x00, 0x00, 0x00, 0x00, 0x00
	.byte 0x00, 0x00, 0x00, 0x00, 0x00, 0x00, 0x00, 0x00, 0x00, 0x00, 0x00, 0x00, 0x00, 0x00, 0x00, 0x00
	.byte 0x00, 0x00, 0x00, 0x00, 0x00, 0x00, 0x00, 0x00, 0x00, 0x00, 0x00, 0x00, 0x00, 0x00, 0x00, 0x00
	.byte 0x00, 0x00, 0x00, 0x00, 0x00, 0x00, 0x00, 0x00, 0x00, 0x00, 0x00, 0x00, 0x00, 0x00, 0x00, 0x00
	.byte 0x00, 0x00, 0x00, 0x00, 0x00, 0x00, 0x00, 0x00, 0x00, 0x00, 0x00, 0x00, 0x00, 0x00, 0x00, 0x00
	.byte 0x00, 0x00, 0x00, 0x00, 0x00, 0x00, 0x00, 0x00, 0x00, 0x00, 0x00, 0x00, 0x00, 0x00, 0x00, 0x00
	.byte 0x00, 0x00, 0x00, 0x00, 0x00, 0x00, 0x00, 0x00, 0x00, 0x00, 0x00, 0x00, 0x00, 0x00, 0x00, 0x00
	.byte 0x00, 0x00, 0x00, 0x00, 0x00, 0x00, 0x00, 0x00, 0x00, 0x00, 0x00, 0x00, 0x00, 0x00, 0x00, 0x00
	.byte 0x00, 0x00, 0x00, 0x00, 0x00, 0x00, 0x00, 0x00, 0x00, 0x00, 0x00, 0x00, 0x00, 0x00, 0x00, 0x00
	.byte 0x00, 0x00, 0x00, 0x00, 0x00, 0x00, 0x00, 0x00, 0x00, 0x00, 0x00, 0x00, 0x00, 0x00, 0x00, 0x00
	.byte 0x00, 0x00, 0x00, 0x00, 0x00, 0x00, 0x00, 0x00, 0x00, 0x00, 0x00, 0x00, 0x00, 0x00, 0x00, 0x00
	.byte 0x00, 0x00, 0x00, 0x00, 0x00, 0x00, 0x00, 0x00, 0x00, 0x00, 0x00, 0x00, 0x00, 0x00, 0x00, 0x00
	.byte 0x00, 0x00, 0x00, 0x00, 0x00, 0x00, 0x00, 0x00, 0x00, 0x00, 0x00, 0x00, 0x00, 0x00, 0x00, 0x00
	.byte 0x00, 0x00, 0x00, 0x00, 0x00, 0x00, 0x00, 0x00, 0x00, 0x00, 0x00, 0x00, 0x00, 0x00, 0x00, 0x00
	.byte 0x00, 0x00, 0x00, 0x00, 0x00, 0x00, 0x00, 0x00, 0x00, 0x00, 0x00, 0x00, 0x00, 0x00, 0x00, 0x00
	.byte 0x00, 0x00, 0x00, 0x00, 0x00, 0x00, 0x00, 0x00, 0x00, 0x00, 0x00, 0x00, 0x00, 0x00, 0x00, 0x00
	.byte 0x00, 0x00, 0x00, 0x00, 0x00, 0x00, 0x00, 0x00, 0x00, 0x00, 0x00, 0x00, 0x00, 0x00, 0x00, 0x00
	.byte 0x00, 0x00, 0x00, 0x00, 0x00, 0x00, 0x00, 0x00, 0x00, 0x00, 0x00, 0x00, 0x00, 0x00, 0x00, 0x00
	.byte 0x00, 0x00, 0x00, 0x00, 0x00, 0x00, 0x00, 0x00, 0x00, 0x00, 0x00, 0x00, 0x00, 0x00, 0x00, 0x00
	.byte 0x00, 0x00, 0x00, 0x00, 0x00, 0x00, 0x00, 0x00, 0x00, 0x00, 0x00, 0x00, 0x00, 0x00, 0x00, 0x00
	.byte 0x00, 0x00, 0x00, 0x00, 0x00, 0x00, 0x00, 0x00, 0x00, 0x00, 0x00, 0x00, 0x00, 0x00, 0x00, 0x00
	.byte 0x00, 0x00, 0x00, 0x00, 0x00, 0x00, 0x00, 0x00, 0x00, 0x00, 0x00, 0x00, 0x00, 0x00, 0x00, 0x00
	.byte 0x00, 0x00, 0x00, 0x00, 0x00, 0x00, 0x00, 0x00, 0x00, 0x00, 0x00, 0x00, 0x00, 0x00, 0x00, 0x00
	.byte 0x00, 0x00, 0x00, 0x00, 0x00, 0x00, 0x00, 0x00, 0x00, 0x00, 0x00, 0x00, 0x00, 0x00, 0x00, 0x00
	.byte 0x00, 0x00, 0x00, 0x00, 0x00, 0x00, 0x00, 0x00, 0x00, 0x00, 0x00, 0x00, 0x00, 0x00, 0x00, 0x00
	.byte 0x00, 0x00, 0x00, 0x00, 0x00, 0x00, 0x00, 0x00, 0x00, 0x00, 0x00, 0x00, 0x00, 0x00, 0x00, 0x00
	.byte 0x00, 0x00, 0x00, 0x00, 0x00, 0x00, 0x00, 0x00, 0x00, 0x00, 0x00, 0x00, 0x00, 0x00, 0x00, 0x00
	.byte 0x00, 0x00, 0x00, 0x00, 0x00, 0x00, 0x00, 0x00, 0x00, 0x00, 0x00, 0x00, 0x00, 0x00, 0x00, 0x00
	.byte 0x00, 0x00, 0x00, 0x00, 0x00, 0x00, 0x00, 0x00, 0x00, 0x00, 0x00, 0x00, 0x00, 0x00, 0x00, 0x00
	.byte 0x00, 0x00, 0x00, 0x00, 0x00, 0x00, 0x00, 0x00, 0x00, 0x00, 0x00, 0x00, 0x00, 0x00, 0x00, 0x00
	.byte 0x00, 0x00, 0x00, 0x00, 0x00, 0x00, 0x00, 0x00, 0x00, 0x00, 0x00, 0x00, 0x00, 0x00, 0x00, 0x00
	.byte 0x00, 0x00, 0x00, 0x00, 0x00, 0x00, 0x00, 0x00, 0x00, 0x00, 0x00, 0x00, 0x00, 0x00, 0x00, 0x00
	.byte 0x00, 0x00, 0x00, 0x00, 0x00, 0x00, 0x00, 0x00, 0x00, 0x00, 0x00, 0x00, 0x00, 0x00, 0x00, 0x00
	.byte 0x00, 0x00, 0x00, 0x00, 0x00, 0x00, 0x00, 0x00, 0x00, 0x00, 0x00, 0x00, 0x00, 0x00, 0x00, 0x00
	.byte 0x00, 0x00, 0x00, 0x00, 0x00, 0x00, 0x00, 0x00, 0x00, 0x00, 0x00, 0x00, 0x00, 0x00, 0x00, 0x00
	.byte 0x00, 0x00, 0x00, 0x00, 0x00, 0x00, 0x00, 0x00, 0x00, 0x00, 0x00, 0x00, 0x00, 0x00, 0x00, 0x00
	.byte 0x00, 0x00, 0x00, 0x00, 0x00, 0x00, 0x00, 0x00, 0x00, 0x00, 0x00, 0x00, 0x00, 0x00, 0x00, 0x00
	.byte 0x00, 0x00, 0x00, 0x00, 0x00, 0x00, 0x00, 0x00, 0x00, 0x00, 0x00, 0x00, 0x00, 0x00, 0x00, 0x00
	.byte 0x00, 0x00, 0x00, 0x00, 0x00, 0x00, 0x00, 0x00, 0x00, 0x00, 0x00, 0x00, 0x00, 0x00, 0x00, 0x00
	.byte 0x00, 0x00, 0x00, 0x00, 0x00, 0x00, 0x00, 0x00, 0x00, 0x00, 0x00, 0x00, 0x00, 0x00, 0x00, 0x00
	.byte 0x00, 0x00, 0x00, 0x00, 0x00, 0x00, 0x00, 0x00, 0x00, 0x00, 0x00, 0x00, 0x00, 0x00, 0x00, 0x00
	.byte 0x00, 0x00, 0x00, 0x00, 0x00, 0x00, 0x00, 0x00, 0x00, 0x00, 0x00, 0x00, 0x00, 0x00, 0x00, 0x00
	.byte 0x00, 0x00, 0x00, 0x00, 0x00, 0x00, 0x00, 0x00, 0x00, 0x00, 0x00, 0x00, 0x00, 0x00, 0x00, 0x00
	.byte 0x00, 0x00, 0x00, 0x00, 0x00, 0x00, 0x00, 0x00, 0x00, 0x00, 0x00, 0x00, 0x00, 0x00, 0x00, 0x00
	.byte 0x00, 0x00, 0x00, 0x00, 0x00, 0x00, 0x00, 0x00, 0x00, 0x00, 0x00, 0x00, 0x00, 0x00, 0x00, 0x00
	.byte 0x00, 0x00, 0x00, 0x00, 0x00, 0x00, 0x00, 0x00, 0x00, 0x00, 0x00, 0x00, 0x00, 0x00, 0x00, 0x00
	.byte 0x00, 0x00, 0x00, 0x00, 0x00, 0x00, 0x00, 0x00, 0x00, 0x00, 0x00, 0x00, 0x00, 0x00, 0x00, 0x00
	.byte 0x00, 0x00, 0x00, 0x00, 0x00, 0x00, 0x00, 0x00, 0x00, 0x00, 0x00, 0x00, 0x00, 0x00, 0x00, 0x00
	.byte 0x00, 0x00, 0x00, 0x00, 0x00, 0x00, 0x00, 0x00, 0x00, 0x00, 0x00, 0x00, 0x00, 0x00, 0x00, 0x00
	.byte 0x00, 0x00, 0x00, 0x00, 0x00, 0x00, 0x00, 0x00, 0x00, 0x00, 0x00, 0x00, 0x00, 0x00, 0x00, 0x00
	.byte 0x00, 0x00, 0x00, 0x00, 0x00, 0x00, 0x00, 0x00, 0x00, 0x00, 0x00, 0x00, 0x00, 0x00, 0x00, 0x00
	.byte 0x00, 0x00, 0x00, 0x00, 0x00, 0x00, 0x00, 0x00, 0x00, 0x00, 0x00, 0x00, 0x00, 0x00, 0x00, 0x00
	.byte 0x00, 0x00, 0x00, 0x00, 0x00, 0x00, 0x00, 0x00, 0x00, 0x00, 0x00, 0x00, 0x00, 0x00, 0x00, 0x00
	.byte 0x00, 0x00, 0x00, 0x00, 0x00, 0x00, 0x00, 0x00, 0x00, 0x00, 0x00, 0x00, 0x00, 0x00, 0x00, 0x00
	.byte 0x00, 0x00, 0x00, 0x00, 0x00, 0x00, 0x00, 0x00, 0x00, 0x00, 0x00, 0x00, 0x00, 0x00, 0x00, 0x00
	.byte 0x00, 0x00, 0x00, 0x00, 0x00, 0x00, 0x00, 0x00, 0x00, 0x00, 0x00, 0x00, 0x00, 0x00, 0x00, 0x00
	.byte 0x00, 0x00, 0x00, 0x00, 0x00, 0x00, 0x00, 0x00, 0x00, 0x00, 0x00, 0x00, 0x00, 0x00, 0x00, 0x00
	.byte 0x00, 0x00, 0x00, 0x00, 0x00, 0x00, 0x00, 0x00, 0x00, 0x00, 0x00, 0x00, 0x00, 0x00, 0x00, 0x00
	.byte 0x00, 0x00, 0x00, 0x00, 0x00, 0x00, 0x00, 0x00, 0x00, 0x00, 0x00, 0x00, 0x00, 0x00, 0x00, 0x00
	.byte 0x00, 0x00, 0x00, 0x00, 0x00, 0x00, 0x00, 0x00, 0x00, 0x00, 0x00, 0x00, 0x00, 0x00, 0x00, 0x00
	.byte 0x00, 0x00, 0x00, 0x00, 0x00, 0x00, 0x00, 0x00, 0x00, 0x00, 0x00, 0x00, 0x00, 0x00, 0x00, 0x00
	.byte 0x00, 0x00, 0x00, 0x00, 0x00, 0x00, 0x00, 0x00, 0x00, 0x00, 0x00, 0x00, 0x00, 0x00, 0x00, 0x00
	.byte 0x00, 0x00, 0x00, 0x00, 0x00, 0x00, 0x00, 0x00, 0x00, 0x00, 0x00, 0x00, 0x00, 0x00, 0x00, 0x00
	.byte 0x00, 0x00, 0x00, 0x00, 0x00, 0x00, 0x00, 0x00, 0x00, 0x00, 0x00, 0x00, 0x00, 0x00, 0x00, 0x00
	.byte 0x00, 0x00, 0x00, 0x00, 0x00, 0x00, 0x00, 0x00, 0x00, 0x00, 0x00, 0x00, 0x00, 0x00, 0x00, 0x00
	.byte 0x00, 0x00, 0x00, 0x00, 0x00, 0x00, 0x00, 0x00, 0x00, 0x00, 0x00, 0x00, 0x00, 0x00, 0x00, 0x00
	.byte 0x00, 0x00, 0x00, 0x00, 0x00, 0x00, 0x00, 0x00, 0x00, 0x00, 0x00, 0x00, 0x00, 0x00, 0x00, 0x00
	.byte 0x00, 0x00, 0x00, 0x00, 0x00, 0x00, 0x00, 0x00, 0x00, 0x00, 0x00, 0x00, 0x00, 0x00, 0x00, 0x00
	.byte 0x00, 0x00, 0x00, 0x00, 0x00, 0x00, 0x00, 0x00, 0x00, 0x00, 0x00, 0x00, 0x00, 0x00, 0x00, 0x00
	.byte 0x00, 0x00, 0x00, 0x00, 0x00, 0x00, 0x00, 0x00, 0x00, 0x00, 0x00, 0x00, 0x00, 0x00, 0x00, 0x00
	.byte 0x00, 0x00, 0x00, 0x00, 0x00, 0x00, 0x00, 0x00, 0x00, 0x00, 0x00, 0x00, 0x00, 0x00, 0x00, 0x00
	.byte 0x00, 0x00, 0x00, 0x00, 0x00, 0x00, 0x00, 0x00, 0x00, 0x00, 0x00, 0x00, 0x00, 0x00, 0x00, 0x00
	.byte 0x00, 0x00, 0x00, 0x00, 0x00, 0x00, 0x00, 0x00, 0x00, 0x00, 0x00, 0x00, 0x00, 0x00, 0x00, 0x00
	.byte 0x00, 0x00, 0x00, 0x00, 0x00, 0x00, 0x00, 0x00, 0x00, 0x00, 0x00, 0x00, 0x00, 0x00, 0x00, 0x00
	.byte 0x00, 0x00, 0x00, 0x00, 0x00, 0x00, 0x00, 0x00, 0x00, 0x00, 0x00, 0x00, 0x00, 0x00, 0x00, 0x00
	.byte 0x00, 0x00, 0x00, 0x00, 0x00, 0x00, 0x00, 0x00, 0x00, 0x00, 0x00, 0x00, 0x00, 0x00, 0x00, 0x00
	.byte 0x00, 0x00, 0x00, 0x00, 0x00, 0x00, 0x00, 0x00, 0x00, 0x00, 0x00, 0x00, 0x00, 0x00, 0x00, 0x00
	.byte 0x00, 0x00, 0x00, 0x00, 0x00, 0x00, 0x00, 0x00, 0x00, 0x00, 0x00, 0x00, 0x00, 0x00, 0x00, 0x00
	.byte 0x00, 0x00, 0x00, 0x00, 0x00, 0x00, 0x00, 0x00, 0x00, 0x00, 0x00, 0x00, 0x00, 0x00, 0x00, 0x00
	.byte 0x00, 0x00, 0x00, 0x00, 0x00, 0x00, 0x00, 0x00, 0x00, 0x00, 0x00, 0x00, 0x00, 0x00, 0x00, 0x00
	.byte 0x00, 0x00, 0x00, 0x00, 0x00, 0x00, 0x00, 0x00, 0x00, 0x00, 0x00, 0x00, 0x00, 0x00, 0x00, 0x00
	.byte 0x00, 0x00, 0x00, 0x00, 0x00, 0x00, 0x00, 0x00, 0x00, 0x00, 0x00, 0x00, 0x00, 0x00, 0x00, 0x00
	.byte 0x00, 0x00, 0x00, 0x00, 0x00, 0x00, 0x00, 0x00, 0x00, 0x00, 0x00, 0x00, 0x00, 0x00, 0x00, 0x00
	.byte 0x00, 0x00, 0x00, 0x00, 0x00, 0x00, 0x00, 0x00, 0x00, 0x00, 0x00, 0x00, 0x00, 0x00, 0x00, 0x00
	.byte 0x00, 0x00, 0x00, 0x00, 0x00, 0x00, 0x00, 0x00, 0x00, 0x00, 0x00, 0x00, 0x00, 0x00, 0x00, 0x00
	.byte 0x00, 0x00, 0x00, 0x00, 0x00, 0x00, 0x00, 0x00, 0x00, 0x00, 0x00, 0x00, 0x00, 0x00, 0x00, 0x00
	.byte 0x00, 0x00, 0x00, 0x00, 0x00, 0x00, 0x00, 0x00, 0x00, 0x00, 0x00, 0x00, 0x00, 0x00, 0x00, 0x00
	.byte 0x00, 0x00, 0x00, 0x00, 0x00, 0x00, 0x00, 0x00, 0x00, 0x00, 0x00, 0x00, 0x00, 0x00, 0x00, 0x00
	.byte 0x00, 0x00, 0x00, 0x00, 0x00, 0x00, 0x00, 0x00, 0x00, 0x00, 0x00, 0x00, 0x00, 0x00, 0x00, 0x00
	.byte 0x00, 0x00, 0x00, 0x00, 0x00, 0x00, 0x00, 0x00, 0x00, 0x00, 0x00, 0x00, 0x00, 0x00, 0x00, 0x00
	.byte 0x00, 0x00, 0x00, 0x00, 0x00, 0x00, 0x00, 0x00, 0x00, 0x00, 0x00, 0x00, 0x00, 0x00, 0x00, 0x00
	.byte 0x00, 0x00, 0x00, 0x00, 0x00, 0x00, 0x00, 0x00, 0x00, 0x00, 0x00, 0x00, 0x00, 0x00, 0x00, 0x00
	.byte 0x00, 0x00, 0x00, 0x00, 0x00, 0x00, 0x00, 0x00, 0x00, 0x00, 0x00, 0x00, 0x00, 0x00, 0x00, 0x00
	.byte 0x00, 0x00, 0x00, 0x00, 0x00, 0x00, 0x00, 0x00, 0x00, 0x00, 0x00, 0x00, 0x00, 0x00, 0x00, 0x00
	.byte 0x00, 0x00, 0x00, 0x00, 0x00, 0x00, 0x00, 0x00, 0x00, 0x00, 0x00, 0x00, 0x00, 0x00, 0x00, 0x00
	.byte 0x00, 0x00, 0x00, 0x00, 0x00, 0x00, 0x00, 0x00, 0x00, 0x00, 0x00, 0x00, 0x00, 0x00, 0x00, 0x00
	.byte 0x00, 0x00, 0x00, 0x00, 0x00, 0x00, 0x00, 0x00, 0x00, 0x00, 0x00, 0x00, 0x00, 0x00, 0x00, 0x00
	.byte 0x00, 0x00, 0x00, 0x00, 0x00, 0x00, 0x00, 0x00, 0x00, 0x00, 0x00, 0x00, 0x00, 0x00, 0x00, 0x00
	.byte 0x00, 0x00, 0x00, 0x00, 0x00, 0x00, 0x00, 0x00, 0x00, 0x00, 0x00, 0x00, 0x00, 0x00, 0x00, 0x00
	.byte 0x00, 0x00, 0x00, 0x00, 0x00, 0x00, 0x00, 0x00, 0x00, 0x00, 0x00, 0x00, 0x00, 0x00, 0x00, 0x00
	.byte 0x00, 0x00, 0x00, 0x00, 0x00, 0x00, 0x00, 0x00, 0x00, 0x00, 0x00, 0x00, 0x00, 0x00, 0x00, 0x00
	.byte 0x00, 0x00, 0x00, 0x00, 0x00, 0x00, 0x00, 0x00, 0x00, 0x00, 0x00, 0x00, 0x00, 0x00, 0x00, 0x00
	.byte 0x00, 0x00, 0x00, 0x00, 0x00, 0x00, 0x00, 0x00, 0x00, 0x00, 0x00, 0x00, 0x00, 0x00, 0x00, 0x00
	.byte 0x00, 0x00, 0x00, 0x00, 0x00, 0x00, 0x00, 0x00, 0x00, 0x00, 0x00, 0x00, 0x00, 0x00, 0x00, 0x00
	.byte 0x00, 0x00, 0x00, 0x00, 0x00, 0x00, 0x00, 0x00, 0x00, 0x00, 0x00, 0x00, 0x00, 0x00, 0x00, 0x00
	.byte 0x00, 0x00, 0x00, 0x00, 0x00, 0x00, 0x00, 0x00, 0x00, 0x00, 0x00, 0x00, 0x00, 0x00, 0x00, 0x00
	.byte 0x00, 0x00, 0x00, 0x00, 0x00, 0x00, 0x00, 0x00, 0x00, 0x00, 0x00, 0x00, 0x00, 0x00, 0x00, 0x00
	.byte 0x00, 0x00, 0x00, 0x00, 0x00, 0x00, 0x00, 0x00, 0x00, 0x00, 0x00, 0x00, 0x00, 0x00, 0x00, 0x00
	.byte 0x00, 0x00, 0x00, 0x00, 0x00, 0x00, 0x00, 0x00, 0x00, 0x00, 0x00, 0x00, 0x00, 0x00, 0x00, 0x00
	.byte 0x00, 0x00, 0x00, 0x00, 0x00, 0x00, 0x00, 0x00, 0x00, 0x00, 0x00, 0x00, 0x00, 0x00, 0x00, 0x00
	.byte 0x00, 0x00, 0x00, 0x00, 0x00, 0x00, 0x00, 0x00, 0x00, 0x00, 0x00, 0x00, 0x00, 0x00, 0x00, 0x00
	.byte 0x00, 0x00, 0x00, 0x00, 0x00, 0x00, 0x00, 0x00, 0x00, 0x00, 0x00, 0x00, 0x00, 0x00, 0x00, 0x00
	.byte 0x00, 0x00, 0x00, 0x00, 0x00, 0x00, 0x00, 0x00, 0x00, 0x00, 0x00, 0x00, 0x00, 0x00, 0x00, 0x00
	.byte 0x00, 0x00, 0x00, 0x00, 0x00, 0x00, 0x00, 0x00, 0x00, 0x00, 0x00, 0x00, 0x00, 0x00, 0x00, 0x00
	.byte 0x00, 0x00, 0x00, 0x00, 0x00, 0x00, 0x00, 0x00, 0x00, 0x00, 0x00, 0x00, 0x00, 0x00, 0x00, 0x00
	.byte 0x00, 0x00, 0x00, 0x00, 0x00, 0x00, 0x00, 0x00, 0x00, 0x00, 0x00, 0x00, 0x00, 0x00, 0x00, 0x00
	.byte 0x00, 0x00, 0x00, 0x00, 0x00, 0x00, 0x00, 0x00, 0x00, 0x00, 0x00, 0x00, 0x00, 0x00, 0x00, 0x00
	.byte 0x00, 0x00, 0x00, 0x00, 0x00, 0x00, 0x00, 0x00, 0x00, 0x00, 0x00, 0x00, 0x00, 0x00, 0x00, 0x00
	.byte 0x00, 0x00, 0x00, 0x00, 0x00, 0x00, 0x00, 0x00, 0x00, 0x00, 0x00, 0x00, 0x00, 0x00, 0x00, 0x00
	.byte 0x00, 0x00, 0x00, 0x00, 0x00, 0x00, 0x00, 0x00, 0x00, 0x00, 0x00, 0x00, 0x00, 0x00, 0x00, 0x00
	.byte 0x00, 0x00, 0x00, 0x00, 0x00, 0x00, 0x00, 0x00, 0x00, 0x00, 0x00, 0x00, 0x00, 0x00, 0x00, 0x00
	.byte 0x00, 0x00, 0x00, 0x00, 0x00, 0x00, 0x00, 0x00, 0x00, 0x00, 0x00, 0x00, 0x00, 0x00, 0x00, 0x00
	.byte 0x00, 0x00, 0x00, 0x00, 0x00, 0x00, 0x00, 0x00, 0x00, 0x00, 0x00, 0x00, 0x00, 0x00, 0x00, 0x00
	.byte 0x00, 0x00, 0x00, 0x00, 0x00, 0x00, 0x00, 0x00, 0x00, 0x00, 0x00, 0x00, 0x00, 0x00, 0x00, 0x00
	.byte 0x00, 0x00, 0x00, 0x00, 0x00, 0x00, 0x00, 0x00, 0x00, 0x00, 0x00, 0x00, 0x00, 0x00, 0x00, 0x00
	.byte 0x00, 0x00, 0x00, 0x00, 0x00, 0x00, 0x00, 0x00, 0x00, 0x00, 0x00, 0x00, 0x00, 0x00, 0x00, 0x00
	.byte 0x00, 0x00, 0x00, 0x00, 0x00, 0x00, 0x00, 0x00, 0x00, 0x00, 0x00, 0x00, 0x00, 0x00, 0x00, 0x00
	.byte 0x00, 0x00, 0x00, 0x00, 0x00, 0x00, 0x00, 0x00, 0x00, 0x00, 0x00, 0x00, 0x00, 0x00, 0x00, 0x00
	.byte 0x00, 0x00, 0x00, 0x00, 0x00, 0x00, 0x00, 0x00, 0x00, 0x00, 0x00, 0x00, 0x00, 0x00, 0x00, 0x00
	.byte 0x00, 0x00, 0x00, 0x00, 0x00, 0x00, 0x00, 0x00, 0x00, 0x00, 0x00, 0x00, 0x00, 0x00, 0x00, 0x00
	.byte 0x00, 0x00, 0x00, 0x00, 0x00, 0x00, 0x00, 0x00, 0x00, 0x00, 0x00, 0x00, 0x00, 0x00, 0x00, 0x00
	.byte 0x00, 0x00, 0x00, 0x00, 0x00, 0x00, 0x00, 0x00, 0x00, 0x00, 0x00, 0x00, 0x00, 0x00, 0x00, 0x00
	.byte 0x00, 0x00, 0x00, 0x00, 0x00, 0x00, 0x00, 0x00, 0x00, 0x00, 0x00, 0x00, 0x00, 0x00, 0x00, 0x00
	.byte 0x00, 0x00, 0x00, 0x00, 0x00, 0x00, 0x00, 0x00, 0x00, 0x00, 0x00, 0x00, 0x00, 0x00, 0x00, 0x00
	.byte 0x00, 0x00, 0x00, 0x00, 0x00, 0x00, 0x00, 0x00, 0x00, 0x00, 0x00, 0x00, 0x00, 0x00, 0x00, 0x00
	.byte 0x00, 0x00, 0x00, 0x00, 0x00, 0x00, 0x00, 0x00, 0x00, 0x00, 0x00, 0x00, 0x00, 0x00, 0x00, 0x00
	.byte 0x00, 0x00, 0x00, 0x00, 0x00, 0x00, 0x00, 0x00, 0x00, 0x00, 0x00, 0x00, 0x00, 0x00, 0x00, 0x00
	.byte 0x00, 0x00, 0x00, 0x00, 0x00, 0x00, 0x00, 0x00, 0x00, 0x00, 0x00, 0x00, 0x00, 0x00, 0x00, 0x00
	.byte 0x00, 0x00, 0x00, 0x00, 0x00, 0x00, 0x00, 0x00, 0x00, 0x00, 0x00, 0x00, 0x00, 0x00, 0x00, 0x00
	.byte 0x00, 0x00, 0x00, 0x00, 0x00, 0x00, 0x00, 0x00, 0x00, 0x00, 0x00, 0x00, 0x00, 0x00, 0x00, 0x00
	.byte 0x00, 0x00, 0x00, 0x00, 0x00, 0x00, 0x00, 0x00, 0x00, 0x00, 0x00, 0x00, 0x00, 0x00, 0x00, 0x00
	.byte 0x00, 0x00, 0x00, 0x00, 0x00, 0x00, 0x00, 0x00, 0x00, 0x00, 0x00, 0x00, 0x00, 0x00, 0x00, 0x00
	.byte 0x00, 0x00, 0x00, 0x00, 0x00, 0x00, 0x00, 0x00, 0x00, 0x00, 0x00, 0x00, 0x00, 0x00, 0x00, 0x00
	.byte 0x00, 0x00, 0x00, 0x00, 0x00, 0x00, 0x00, 0x00, 0x00, 0x00, 0x00, 0x00, 0x00, 0x00, 0x00, 0x00
	.byte 0x00, 0x00, 0x00, 0x00, 0x00, 0x00, 0x00, 0x00, 0x00, 0x00, 0x00, 0x00, 0x00, 0x00, 0x00, 0x00
	.byte 0x00, 0x00, 0x00, 0x00, 0x00, 0x00, 0x00, 0x00, 0x00, 0x00, 0x00, 0x00, 0x00, 0x00, 0x00, 0x00
	.byte 0x00, 0x00, 0x00, 0x00, 0x00, 0x00, 0x00, 0x00, 0x00, 0x00, 0x00, 0x00, 0x00, 0x00, 0x00, 0x00
	.byte 0x00, 0x00, 0x00, 0x00, 0x00, 0x00, 0x00, 0x00, 0x00, 0x00, 0x00, 0x00, 0x00, 0x00, 0x00, 0x00
	.byte 0x00, 0x00, 0x00, 0x00, 0x00, 0x00, 0x00, 0x00, 0x00, 0x00, 0x00, 0x00, 0x00, 0x00, 0x00, 0x00
	.byte 0x00, 0x00, 0x00, 0x00, 0x00, 0x00, 0x00, 0x00, 0x00, 0x00, 0x00, 0x00, 0x00, 0x00, 0x00, 0x00
	.byte 0x00, 0x00, 0x00, 0x00, 0x00, 0x00, 0x00, 0x00, 0x00, 0x00, 0x00, 0x00, 0x00, 0x00, 0x00, 0x00
	.byte 0x00, 0x00, 0x00, 0x00, 0x00, 0x00, 0x00, 0x00, 0x00, 0x00, 0x00, 0x00, 0x00, 0x00, 0x00, 0x00
	.byte 0x00, 0x00, 0x00, 0x00, 0x00, 0x00, 0x00, 0x00, 0x00, 0x00, 0x00, 0x00, 0x00, 0x00, 0x00, 0x00
	.byte 0x00, 0x00, 0x00, 0x00, 0x00, 0x00, 0x00, 0x00, 0x00, 0x00, 0x00, 0x00, 0x00, 0x00, 0x00, 0x00
	.byte 0x00, 0x00, 0x00, 0x00, 0x00, 0x00, 0x00, 0x00, 0x00, 0x00, 0x00, 0x00, 0x00, 0x00, 0x00, 0x00
	.byte 0x00, 0x00, 0x00, 0x00, 0x00, 0x00, 0x00, 0x00, 0x00, 0x00, 0x00, 0x00, 0x00, 0x00, 0x00, 0x00
	.byte 0x00, 0x00, 0x00, 0x00, 0x00, 0x00, 0x00, 0x00, 0x00, 0x00, 0x00, 0x00, 0x00, 0x00, 0x00, 0x00
	.byte 0x00, 0x00, 0x00, 0x00, 0x00, 0x00, 0x00, 0x00, 0x00, 0x00, 0x00, 0x00, 0x00, 0x00, 0x00, 0x00
	.byte 0x00, 0x00, 0x00, 0x00, 0x00, 0x00, 0x00, 0x00, 0x00, 0x00, 0x00, 0x00, 0x00, 0x00, 0x00, 0x00
	.byte 0x00, 0x00, 0x00, 0x00, 0x00, 0x00, 0x00, 0x00, 0x00, 0x00, 0x00, 0x00, 0x00, 0x00, 0x00, 0x00
	.byte 0x00, 0x00, 0x00, 0x00, 0x00, 0x00, 0x00, 0x00, 0x00, 0x00, 0x00, 0x00, 0x00, 0x00, 0x00, 0x00
	.byte 0x00, 0x00, 0x00, 0x00, 0x00, 0x00, 0x00, 0x00, 0x00, 0x00, 0x00, 0x00, 0x00, 0x00, 0x00, 0x00
	.byte 0x00, 0x00, 0x00, 0x00, 0x00, 0x00, 0x00, 0x00, 0x00, 0x00, 0x00, 0x00, 0x00, 0x00, 0x00, 0x00
	.byte 0x00, 0x00, 0x00, 0x00, 0x00, 0x00, 0x00, 0x00, 0x00, 0x00, 0x00, 0x00, 0x00, 0x00, 0x00, 0x00
	.byte 0x00, 0x00, 0x00, 0x00, 0x00, 0x00, 0x00, 0x00, 0x00, 0x00, 0x00, 0x00, 0x00, 0x00, 0x00, 0x00
	.byte 0x00, 0x00, 0x00, 0x00, 0x00, 0x00, 0x00, 0x00, 0x00, 0x00, 0x00, 0x00, 0x00, 0x00, 0x00, 0x00
	.byte 0x00, 0x00, 0x00, 0x00, 0x00, 0x00, 0x00, 0x00, 0x00, 0x00, 0x00, 0x00, 0x00, 0x00, 0x00, 0x00
	.byte 0x00, 0x00, 0x00, 0x00, 0x00, 0x00, 0x00, 0x00, 0x00, 0x00, 0x00, 0x00, 0x00, 0x00, 0x00, 0x00
	.byte 0x00, 0x00, 0x00, 0x00, 0x00, 0x00, 0x00, 0x00, 0x00, 0x00, 0x00, 0x00, 0x00, 0x00, 0x00, 0x00
	.byte 0x00, 0x00, 0x00, 0x00, 0x00, 0x00, 0x00, 0x00, 0x00, 0x00, 0x00, 0x00, 0x00, 0x00, 0x00, 0x00
	.byte 0x00, 0x00, 0x00, 0x00, 0x00, 0x00, 0x00, 0x00, 0x00, 0x00, 0x00, 0x00, 0x00, 0x00, 0x00, 0x00
	.byte 0x00, 0x00, 0x00, 0x00, 0x00, 0x00, 0x00, 0x00, 0x00, 0x00, 0x00, 0x00, 0x00, 0x00, 0x00, 0x00
	.byte 0x00, 0x00, 0x00, 0x00, 0x00, 0x00, 0x00, 0x00, 0x00, 0x00, 0x00, 0x00, 0x00, 0x00, 0x00, 0x00
	.byte 0x00, 0x00, 0x00, 0x00, 0x00, 0x00, 0x00, 0x00, 0x00, 0x00, 0x00, 0x00, 0x00, 0x00, 0x00, 0x00
	.byte 0x00, 0x00, 0x00, 0x00, 0x00, 0x00, 0x00, 0x00, 0x00, 0x00, 0x00, 0x00, 0x00, 0x00, 0x00, 0x00
	.byte 0x00, 0x00, 0x00, 0x00, 0x00, 0x00, 0x00, 0x00, 0x00, 0x00, 0x00, 0x00, 0x00, 0x00, 0x00, 0x00
	.byte 0x00, 0x00, 0x00, 0x00, 0x00, 0x00, 0x00, 0x00, 0x00, 0x00, 0x00, 0x00, 0x00, 0x00, 0x00, 0x00
	.byte 0x00, 0x00, 0x00, 0x00, 0x00, 0x00, 0x00, 0x00, 0x00, 0x00, 0x00, 0x00, 0x00, 0x00, 0x00, 0x00
	.byte 0x00, 0x00, 0x00, 0x00, 0x00, 0x00, 0x00, 0x00, 0x00, 0x00, 0x00, 0x00, 0x00, 0x00, 0x00, 0x00
	.byte 0x00, 0x00, 0x00, 0x00, 0x00, 0x00, 0x00, 0x00, 0x00, 0x00, 0x00, 0x00, 0x00, 0x00, 0x00, 0x00
	.byte 0x00, 0x00, 0x00, 0x00, 0x00, 0x00, 0x00, 0x00, 0x00, 0x00, 0x00, 0x00, 0x00, 0x00, 0x00, 0x00
	.byte 0x00, 0x00, 0x00, 0x00, 0x00, 0x00, 0x00, 0x00, 0x00, 0x00, 0x00, 0x00, 0x00, 0x00, 0x00, 0x00
	.byte 0x00, 0x00, 0x00, 0x00, 0x00, 0x00, 0x00, 0x00, 0x00, 0x00, 0x00, 0x00, 0x00, 0x00, 0x00, 0x00
	.byte 0x00, 0x00, 0x00, 0x00, 0x00, 0x00, 0x00, 0x00, 0x00, 0x00, 0x00, 0x00, 0x00, 0x00, 0x00, 0x00
	.byte 0x00, 0x00, 0x00, 0x00, 0x00, 0x00, 0x00, 0x00, 0x00, 0x00, 0x00, 0x00, 0x00, 0x00, 0x00, 0x00
	.byte 0x00, 0x00, 0x00, 0x00, 0x00, 0x00, 0x00, 0x00, 0x00, 0x00, 0x00, 0x00, 0x00, 0x00, 0x00, 0x00
	.byte 0x00, 0x00, 0x00, 0x00, 0x00, 0x00, 0x00, 0x00, 0x00, 0x00, 0x00, 0x00, 0x00, 0x00, 0x00, 0x00
	.byte 0x00, 0x00, 0x00, 0x00, 0x00, 0x00, 0x00, 0x00, 0x00, 0x00, 0x00, 0x00, 0x00, 0x00, 0x00, 0x00
	.byte 0x00, 0x00, 0x00, 0x00, 0x00, 0x00, 0x00, 0x00, 0x00, 0x00, 0x00, 0x00, 0x00, 0x00, 0x00, 0x00
	.byte 0x00, 0x00, 0x00, 0x00, 0x00, 0x00, 0x00, 0x00, 0x00, 0x00, 0x00, 0x00, 0x00, 0x00, 0x00, 0x00
	.byte 0x00, 0x00, 0x00, 0x00, 0x00, 0x00, 0x00, 0x00, 0x00, 0x00, 0x00, 0x00, 0x00, 0x00, 0x00, 0x00
	.byte 0x00, 0x00, 0x00, 0x00, 0x00, 0x00, 0x00, 0x00, 0x00, 0x00, 0x00, 0x00, 0x00, 0x00, 0x00, 0x00
	.byte 0x00, 0x00, 0x00, 0x00, 0x00, 0x00, 0x00, 0x00, 0x00, 0x00, 0x00, 0x00, 0x00, 0x00, 0x00, 0x00
	.byte 0x00, 0x00, 0x00, 0x00, 0x00, 0x00, 0x00, 0x00, 0x00, 0x00, 0x00, 0x00, 0x00, 0x00, 0x00, 0x00
	.byte 0x00, 0x00, 0x00, 0x00, 0x00, 0x00, 0x00, 0x00, 0x00, 0x00, 0x00, 0x00, 0x00, 0x00, 0x00, 0x00
	.byte 0x00, 0x00, 0x00, 0x00, 0x00, 0x00, 0x00, 0x00, 0x00, 0x00, 0x00, 0x00, 0x00, 0x00, 0x00, 0x00
	.byte 0x00, 0x00, 0x00, 0x00, 0x00, 0x00, 0x00, 0x00, 0x00, 0x00, 0x00, 0x00, 0x00, 0x00, 0x00, 0x00
	.byte 0x00, 0x00, 0x00, 0x00, 0x00, 0x00, 0x00, 0x00, 0x00, 0x00, 0x00, 0x00, 0x00, 0x00, 0x00, 0x00
	.byte 0x00, 0x00, 0x00, 0x00, 0x00, 0x00, 0x00, 0x00, 0x00, 0x00, 0x00, 0x00, 0x00, 0x00, 0x00, 0x00
	.byte 0x00, 0x00, 0x00, 0x00, 0x00, 0x00, 0x00, 0x00, 0x00, 0x00, 0x00, 0x00, 0x00, 0x00, 0x00, 0x00
	.byte 0x00, 0x00, 0x00, 0x00, 0x00, 0x00, 0x00, 0x00, 0x00, 0x00, 0x00, 0x00, 0x00, 0x00, 0x00, 0x00
	.byte 0x00, 0x00, 0x00, 0x00, 0x00, 0x00, 0x00, 0x00, 0x00, 0x00, 0x00, 0x00, 0x00, 0x00, 0x00, 0x00
	.byte 0x00, 0x00, 0x00, 0x00, 0x00, 0x00, 0x00, 0x00, 0x00, 0x00, 0x00, 0x00, 0x00, 0x00, 0x00, 0x00
	.byte 0x00, 0x00, 0x00, 0x00, 0x00, 0x00, 0x00, 0x00, 0x00, 0x00, 0x00, 0x00, 0x00, 0x00, 0x00, 0x00
	.byte 0x00, 0x00, 0x00, 0x00, 0x00, 0x00, 0x00, 0x00, 0x00, 0x00, 0x00, 0x00, 0x00, 0x00, 0x00, 0x00
	.byte 0x00, 0x00, 0x00, 0x00, 0x00, 0x00, 0x00, 0x00, 0x00, 0x00, 0x00, 0x00, 0x00, 0x00, 0x00, 0x00
	.byte 0x00, 0x00, 0x00, 0x00, 0x00, 0x00, 0x00, 0x00, 0x00, 0x00, 0x00, 0x00, 0x00, 0x00, 0x00, 0x00
	.byte 0x00, 0x00, 0x00, 0x00, 0x00, 0x00, 0x00, 0x00, 0x00, 0x00, 0x00, 0x00, 0x00, 0x00, 0x00, 0x00
	.byte 0x00, 0x00, 0x00, 0x00, 0x00, 0x00, 0x00, 0x00, 0x00, 0x00, 0x00, 0x00, 0x00, 0x00, 0x00, 0x00
	.byte 0x00, 0x00, 0x00, 0x00, 0x00, 0x00, 0x00, 0x00, 0x00, 0x00, 0x00, 0x00, 0x00, 0x00, 0x00, 0x00
	.byte 0x00, 0x00, 0x00, 0x00, 0x00, 0x00, 0x00, 0x00, 0x00, 0x00, 0x00, 0x00, 0x00, 0x00, 0x00, 0x00
	.byte 0x00, 0x00, 0x00, 0x00, 0x00, 0x00, 0x00, 0x00, 0x00, 0x00, 0x00, 0x00, 0x00, 0x00, 0x00, 0x00
	.byte 0x00, 0x00, 0x00, 0x00, 0x00, 0x00, 0x00, 0x00, 0x00, 0x00, 0x00, 0x00, 0x00, 0x00, 0x00, 0x00
	.byte 0x00, 0x00, 0x00, 0x00, 0x00, 0x00, 0x00, 0x00, 0x00, 0x00, 0x00, 0x00, 0x00, 0x00, 0x00, 0x00
	.byte 0x00, 0x00, 0x00, 0x00, 0x00, 0x00, 0x00, 0x00, 0x00, 0x00, 0x00, 0x00, 0x00, 0x00, 0x00, 0x00
	.byte 0x00, 0x00, 0x00, 0x00, 0x00, 0x00, 0x00, 0x00, 0x00, 0x00, 0x00, 0x00, 0x00, 0x00, 0x00, 0x00
	.byte 0x00, 0x00, 0x00, 0x00, 0x00, 0x00, 0x00, 0x00, 0x00, 0x00, 0x00, 0x00, 0x00, 0x00, 0x00, 0x00
	.byte 0x00, 0x00, 0x00, 0x00, 0x00, 0x00, 0x00, 0x00, 0x00, 0x00, 0x00, 0x00, 0x00, 0x00, 0x00, 0x00
	.byte 0x00, 0x00, 0x00, 0x00, 0x00, 0x00, 0x00, 0x00, 0x00, 0x00, 0x00, 0x00, 0x00, 0x00, 0x00, 0x00
	.byte 0x00, 0x00, 0x00, 0x00, 0x00, 0x00, 0x00, 0x00, 0x00, 0x00, 0x00, 0x00, 0x00, 0x00, 0x00, 0x00
	.byte 0x00, 0x00, 0x00, 0x00, 0x00, 0x00, 0x00, 0x00, 0x00, 0x00, 0x00, 0x00, 0x00, 0x00, 0x00, 0x00
	.byte 0x00, 0x00, 0x00, 0x00, 0x00, 0x00, 0x00, 0x00, 0x00, 0x00, 0x00, 0x00, 0x00, 0x00, 0x00, 0x00
	.byte 0x00, 0x00, 0x00, 0x00, 0x00, 0x00, 0x00, 0x00, 0x00, 0x00, 0x00, 0x00, 0x00, 0x00, 0x00, 0x00
	.byte 0x00, 0x00, 0x00, 0x00, 0x00, 0x00, 0x00, 0x00, 0x00, 0x00, 0x00, 0x00, 0x00, 0x00, 0x00, 0x00
	.byte 0x00, 0x00, 0x00, 0x00, 0x00, 0x00, 0x00, 0x00, 0x00, 0x00, 0x00, 0x00, 0x00, 0x00, 0x00, 0x00
	.byte 0x00, 0x00, 0x00, 0x00, 0x00, 0x00, 0x00, 0x00, 0x00, 0x00, 0x00, 0x00, 0x00, 0x00, 0x00, 0x00
	.byte 0x00, 0x00, 0x00, 0x00, 0x00, 0x00, 0x00, 0x00, 0x00, 0x00, 0x00, 0x00, 0x00, 0x00, 0x00, 0x00
	.byte 0x00, 0x00, 0x00, 0x00, 0x00, 0x00, 0x00, 0x00, 0x00, 0x00, 0x00, 0x00, 0x00, 0x00, 0x00, 0x00
	.byte 0x00, 0x00, 0x00, 0x00, 0x00, 0x00, 0x00, 0x00, 0x00, 0x00, 0x00, 0x00, 0x00, 0x00, 0x00, 0x00
	.byte 0x00, 0x00, 0x00, 0x00, 0x00, 0x00, 0x00, 0x00, 0x00, 0x00, 0x00, 0x00, 0x00, 0x00, 0x00, 0x00
	.byte 0x00, 0x00, 0x00, 0x00, 0x00, 0x00, 0x00, 0x00, 0x00, 0x00, 0x00, 0x00, 0x00, 0x00, 0x00, 0x00
	.byte 0x00, 0x00, 0x00, 0x00, 0x00, 0x00, 0x00, 0x00, 0x00, 0x00, 0x00, 0x00, 0x00, 0x00, 0x00, 0x00
	.byte 0x00, 0x00, 0x00, 0x00, 0x00, 0x00, 0x00, 0x00, 0x00, 0x00, 0x00, 0x00, 0x00, 0x00, 0x00, 0x00
	.byte 0x00, 0x00, 0x00, 0x00, 0x00, 0x00, 0x00, 0x00, 0x00, 0x00, 0x00, 0x00, 0x00, 0x00, 0x00, 0x00
	.byte 0x00, 0x00, 0x00, 0x00, 0x00, 0x00, 0x00, 0x00, 0x00, 0x00, 0x00, 0x00, 0x00, 0x00, 0x00, 0x00
	.byte 0x00, 0x00, 0x00, 0x00, 0x00, 0x00, 0x00, 0x00, 0x00, 0x00, 0x00, 0x00, 0x00, 0x00, 0x00, 0x00
	.byte 0x00, 0x00, 0x00, 0x00, 0x00, 0x00, 0x00, 0x00, 0x00, 0x00, 0x00, 0x00, 0x00, 0x00, 0x00, 0x00
	.byte 0x00, 0x00, 0x00, 0x00, 0x00, 0x00, 0x00, 0x00, 0x00, 0x00, 0x00, 0x00, 0x00, 0x00, 0x00, 0x00
	.byte 0x00, 0x00, 0x00, 0x00, 0x00, 0x00, 0x00, 0x00, 0x00, 0x00, 0x00, 0x00, 0x00, 0x00, 0x00, 0x00
	.byte 0x00, 0x00, 0x00, 0x00, 0x00, 0x00, 0x00, 0x00, 0x00, 0x00, 0x00, 0x00, 0x00, 0x00, 0x00, 0x00
	.byte 0x00, 0x00, 0x00, 0x00, 0x00, 0x00, 0x00, 0x00, 0x00, 0x00, 0x00, 0x00, 0x00, 0x00, 0x00, 0x00
	.byte 0x00, 0x00, 0x00, 0x00, 0x00, 0x00, 0x00, 0x00, 0x00, 0x00, 0x00, 0x00, 0x00, 0x00, 0x00, 0x00
	.byte 0x00, 0x00, 0x00, 0x00, 0x00, 0x00, 0x00, 0x00, 0x00, 0x00, 0x00, 0x00, 0x00, 0x00, 0x00, 0x00
	.byte 0x00, 0x00, 0x00, 0x00, 0x00, 0x00, 0x00, 0x00, 0x00, 0x00, 0x00, 0x00, 0x00, 0x00, 0x00, 0x00
	.byte 0x00, 0x00, 0x00, 0x00, 0x00, 0x00, 0x00, 0x00, 0x00, 0x00, 0x00, 0x00, 0x00, 0x00, 0x00, 0x00
	.byte 0x00, 0x00, 0x00, 0x00, 0x00, 0x00, 0x00, 0x00, 0x00, 0x00, 0x00, 0x00, 0x00, 0x00, 0x00, 0x00
	.byte 0x00, 0x00, 0x00, 0x00, 0x00, 0x00, 0x00, 0x00, 0x00, 0x00, 0x00, 0x00, 0x00, 0x00, 0x00, 0x00
	.byte 0x00, 0x00, 0x00, 0x00, 0x00, 0x00, 0x00, 0x00, 0x00, 0x00, 0x00, 0x00, 0x00, 0x00, 0x00, 0x00
	.byte 0x00, 0x00, 0x00, 0x00, 0x00, 0x00, 0x00, 0x00, 0x00, 0x00, 0x00, 0x00, 0x00, 0x00, 0x00, 0x00
	.byte 0x00, 0x00, 0x00, 0x00, 0x00, 0x00, 0x00, 0x00, 0x00, 0x00, 0x00, 0x00, 0x00, 0x00, 0x00, 0x00
	.byte 0x00, 0x00, 0x00, 0x00, 0x00, 0x00, 0x00, 0x00, 0x00, 0x00, 0x00, 0x00, 0x00, 0x00, 0x00, 0x00
	.byte 0x00, 0x00, 0x00, 0x00, 0x00, 0x00, 0x00, 0x00, 0x00, 0x00, 0x00, 0x00, 0x00, 0x00, 0x00, 0x00
	.byte 0x00, 0x00, 0x00, 0x00, 0x00, 0x00, 0x00, 0x00, 0x00, 0x00, 0x00, 0x00, 0x00, 0x00, 0x00, 0x00
	.byte 0x00, 0x00, 0x00, 0x00, 0x00, 0x00, 0x00, 0x00, 0x00, 0x00, 0x00, 0x00, 0x00, 0x00, 0x00, 0x00
	.byte 0x00, 0x00, 0x00, 0x00, 0x00, 0x00, 0x00, 0x00, 0x00, 0x00, 0x00, 0x00, 0x00, 0x00, 0x00, 0x00
	.byte 0x00, 0x00, 0x00, 0x00, 0x00, 0x00, 0x00, 0x00, 0x00, 0x00, 0x00, 0x00, 0x00, 0x00, 0x00, 0x00
	.byte 0x00, 0x00, 0x00, 0x00, 0x00, 0x00, 0x00, 0x00, 0x00, 0x00, 0x00, 0x00, 0x00, 0x00, 0x00, 0x00
	.byte 0x00, 0x00, 0x00, 0x00, 0x00, 0x00, 0x00, 0x00, 0x00, 0x00, 0x00, 0x00, 0x00, 0x00, 0x00, 0x00
	.byte 0x00, 0x00, 0x00, 0x00, 0x00, 0x00, 0x00, 0x00, 0x00, 0x00, 0x00, 0x00, 0x00, 0x00, 0x00, 0x00
	.byte 0x00, 0x00, 0x00, 0x00, 0x00, 0x00, 0x00, 0x00, 0x00, 0x00, 0x00, 0x00, 0x00, 0x00, 0x00, 0x00
	.byte 0x00, 0x00, 0x00, 0x00, 0x00, 0x00, 0x00, 0x00, 0x00, 0x00, 0x00, 0x00, 0x00, 0x00, 0x00, 0x00
	.byte 0x00, 0x00, 0x00, 0x00, 0x00, 0x00, 0x00, 0x00, 0x00, 0x00, 0x00, 0x00, 0x00, 0x00, 0x00, 0x00
	.byte 0x00, 0x00, 0x00, 0x00, 0x00, 0x00, 0x00, 0x00, 0x00, 0x00, 0x00, 0x00, 0x00, 0x00, 0x00, 0x00
	.byte 0x00, 0x00, 0x00, 0x00, 0x00, 0x00, 0x00, 0x00, 0x00, 0x00, 0x00, 0x00, 0x00, 0x00, 0x00, 0x00
	.byte 0x00, 0x00, 0x00, 0x00, 0x00, 0x00, 0x00, 0x00, 0x00, 0x00, 0x00, 0x00, 0x00, 0x00, 0x00, 0x00
	.byte 0x00, 0x00, 0x00, 0x00, 0x00, 0x00, 0x00, 0x00, 0x00, 0x00, 0x00, 0x00, 0x00, 0x00, 0x00, 0x00
	.byte 0x00, 0x00, 0x00, 0x00, 0x00, 0x00, 0x00, 0x00, 0x00, 0x00, 0x00, 0x00, 0x00, 0x00, 0x00, 0x00
	.byte 0x00, 0x00, 0x00, 0x00, 0x00, 0x00, 0x00, 0x00, 0x00, 0x00, 0x00, 0x00, 0x00, 0x00, 0x00, 0x00
	.byte 0x00, 0x00, 0x00, 0x00, 0x00, 0x00, 0x00, 0x00, 0x00, 0x00, 0x00, 0x00, 0x00, 0x00, 0x00, 0x00
	.byte 0x00, 0x00, 0x00, 0x00, 0x00, 0x00, 0x00, 0x00, 0x00, 0x00, 0x00, 0x00, 0x00, 0x00, 0x00, 0x00
	.byte 0x00, 0x00, 0x00, 0x00, 0x00, 0x00, 0x00, 0x00, 0x00, 0x00, 0x00, 0x00, 0x00, 0x00, 0x00, 0x00
	.byte 0x00, 0x00, 0x00, 0x00, 0x00, 0x00, 0x00, 0x00, 0x00, 0x00, 0x00, 0x00, 0x00, 0x00, 0x00, 0x00
	.byte 0x00, 0x00, 0x00, 0x00, 0x00, 0x00, 0x00, 0x00, 0x00, 0x00, 0x00, 0x00, 0x00, 0x00, 0x00, 0x00
	.byte 0x00, 0x00, 0x00, 0x00, 0x00, 0x00, 0x00, 0x00, 0x00, 0x00, 0x00, 0x00, 0x00, 0x00, 0x00, 0x00
	.byte 0x00, 0x00, 0x00, 0x00, 0x00, 0x00, 0x00, 0x00, 0x00, 0x00, 0x00, 0x00, 0x00, 0x00, 0x00, 0x00
	.byte 0x00, 0x00, 0x00, 0x00, 0x00, 0x00, 0x00, 0x00, 0x00, 0x00, 0x00, 0x00, 0x00, 0x00, 0x00, 0x00
	.byte 0x00, 0x00, 0x00, 0x00, 0x00, 0x00, 0x00, 0x00, 0x00, 0x00, 0x00, 0x00, 0x00, 0x00, 0x00, 0x00
	.byte 0x00, 0x00, 0x00, 0x00, 0x00, 0x00, 0x00, 0x00, 0x00, 0x00, 0x00, 0x00, 0x00, 0x00, 0x00, 0x00
	.byte 0x00, 0x00, 0x00, 0x00, 0x00, 0x00, 0x00, 0x00, 0x00, 0x00, 0x00, 0x00, 0x00, 0x00, 0x00, 0x00
	.byte 0x00, 0x00, 0x00, 0x00, 0x00, 0x00, 0x00, 0x00, 0x00, 0x00, 0x00, 0x00, 0x00, 0x00, 0x00, 0x00
	.byte 0x00, 0x00, 0x00, 0x00, 0x00, 0x00, 0x00, 0x00, 0x00, 0x00, 0x00, 0x00, 0x00, 0x00, 0x00, 0x00
	.byte 0x00, 0x00, 0x00, 0x00, 0x00, 0x00, 0x00, 0x00, 0x00, 0x00, 0x00, 0x00, 0x00, 0x00, 0x00, 0x00
	.byte 0x00, 0x00, 0x00, 0x00, 0x00, 0x00, 0x00, 0x00, 0x00, 0x00, 0x00, 0x00, 0x00, 0x00, 0x00, 0x00
	.byte 0x00, 0x00, 0x00, 0x00, 0x00, 0x00, 0x00, 0x00, 0x00, 0x00, 0x00, 0x00, 0x00, 0x00, 0x00, 0x00
	.byte 0x00, 0x00, 0x00, 0x00, 0x00, 0x00, 0x00, 0x00, 0x00, 0x00, 0x00, 0x00, 0x00, 0x00, 0x00, 0x00
	.byte 0x00, 0x00, 0x00, 0x00, 0x00, 0x00, 0x00, 0x00, 0x00, 0x00, 0x00, 0x00, 0x00, 0x00, 0x00, 0x00
	.byte 0x00, 0x00, 0x00, 0x00, 0x00, 0x00, 0x00, 0x00, 0x00, 0x00, 0x00, 0x00, 0x00, 0x00, 0x00, 0x00
	.byte 0x00, 0x00, 0x00, 0x00, 0x00, 0x00, 0x00, 0x00, 0x00, 0x00, 0x00, 0x00, 0x00, 0x00, 0x00, 0x00
	.byte 0x00, 0x00, 0x00, 0x00, 0x00, 0x00, 0x00, 0x00, 0x00, 0x00, 0x00, 0x00, 0x00, 0x00, 0x00, 0x00
	.byte 0x00, 0x00, 0x00, 0x00, 0x00, 0x00, 0x00, 0x00, 0x00, 0x00, 0x00, 0x00, 0x00, 0x00, 0x00, 0x00
	.byte 0x00, 0x00, 0x00, 0x00, 0x00, 0x00, 0x00, 0x00, 0x00, 0x00, 0x00, 0x00, 0x00, 0x00, 0x00, 0x00
	.byte 0x00, 0x00, 0x00, 0x00, 0x00, 0x00, 0x00, 0x00, 0x00, 0x00, 0x00, 0x00, 0x00, 0x00, 0x00, 0x00
	.byte 0x00, 0x00, 0x00, 0x00, 0x00, 0x00, 0x00, 0x00, 0x00, 0x00, 0x00, 0x00, 0x00, 0x00, 0x00, 0x00
	.byte 0x00, 0x00, 0x00, 0x00, 0x00, 0x00, 0x00, 0x00, 0x00, 0x00, 0x00, 0x00, 0x00, 0x00, 0x00, 0x00
	.byte 0x00, 0x00, 0x00, 0x00, 0x00, 0x00, 0x00, 0x00, 0x00, 0x00, 0x00, 0x00, 0x00, 0x00, 0x00, 0x00
	.byte 0x00, 0x00, 0x00, 0x00, 0x00, 0x00, 0x00, 0x00, 0x00, 0x00, 0x00, 0x00, 0x00, 0x00, 0x00, 0x00
	.byte 0x00, 0x00, 0x00, 0x00, 0x00, 0x00, 0x00, 0x00, 0x00, 0x00, 0x00, 0x00, 0x00, 0x00, 0x00, 0x00
	.byte 0x00, 0x00, 0x00, 0x00, 0x00, 0x00, 0x00, 0x00, 0x00, 0x00, 0x00, 0x00, 0x00, 0x00, 0x00, 0x00
	.byte 0x00, 0x00, 0x00, 0x00, 0x00, 0x00, 0x00, 0x00, 0x00, 0x00, 0x00, 0x00, 0x00, 0x00, 0x00, 0x00
	.byte 0x00, 0x00, 0x00, 0x00, 0x00, 0x00, 0x00, 0x00, 0x00, 0x00, 0x00, 0x00, 0x00, 0x00, 0x00, 0x00
	.byte 0x00, 0x00, 0x00, 0x00, 0x00, 0x00, 0x00, 0x00, 0x00, 0x00, 0x00, 0x00, 0x00, 0x00, 0x00, 0x00
	.byte 0x00, 0x00, 0x00, 0x00, 0x00, 0x00, 0x00, 0x00, 0x00, 0x00, 0x00, 0x00, 0x00, 0x00, 0x00, 0x00
	.byte 0x00, 0x00, 0x00, 0x00, 0x00, 0x00, 0x00, 0x00, 0x00, 0x00, 0x00, 0x00, 0x00, 0x00, 0x00, 0x00
	.byte 0x00, 0x00, 0x00, 0x00, 0x00, 0x00, 0x00, 0x00, 0x00, 0x00, 0x00, 0x00, 0x00, 0x00, 0x00, 0x00
	.byte 0x00, 0x00, 0x00, 0x00, 0x00, 0x00, 0x00, 0x00, 0x00, 0x00, 0x00, 0x00, 0x00, 0x00, 0x00, 0x00
	.byte 0x00, 0x00, 0x00, 0x00, 0x00, 0x00, 0x00, 0x00, 0x00, 0x00, 0x00, 0x00, 0x00, 0x00, 0x00, 0x00
	.byte 0x00, 0x00, 0x00, 0x00, 0x00, 0x00, 0x00, 0x00, 0x00, 0x00, 0x00, 0x00, 0x00, 0x00, 0x00, 0x00
	.byte 0x00, 0x00, 0x00, 0x00, 0x00, 0x00, 0x00, 0x00, 0x00, 0x00, 0x00, 0x00, 0x00, 0x00, 0x00, 0x00
	.byte 0x00, 0x00, 0x00, 0x00, 0x00, 0x00, 0x00, 0x00, 0x00, 0x00, 0x00, 0x00, 0x00, 0x00, 0x00, 0x00
	.byte 0x00, 0x00, 0x00, 0x00, 0x00, 0x00, 0x00, 0x00, 0x00, 0x00, 0x00, 0x00, 0x00, 0x00, 0x00, 0x00
	.byte 0x00, 0x00, 0x00, 0x00, 0x00, 0x00, 0x00, 0x00, 0x00, 0x00, 0x00, 0x00, 0x00, 0x00, 0x00, 0x00
	.byte 0x00, 0x00, 0x00, 0x00, 0x00, 0x00, 0x00, 0x00, 0x00, 0x00, 0x00, 0x00, 0x00, 0x00, 0x00, 0x00
	.byte 0x00, 0x00, 0x00, 0x00, 0x00, 0x00, 0x00, 0x00, 0x00, 0x00, 0x00, 0x00, 0x00, 0x00, 0x00, 0x00
	.byte 0x00, 0x00, 0x00, 0x00, 0x00, 0x00, 0x00, 0x00, 0x00, 0x00, 0x00, 0x00, 0x00, 0x00, 0x00, 0x00
	.byte 0x00, 0x00, 0x00, 0x00, 0x00, 0x00, 0x00, 0x00, 0x00, 0x00, 0x00, 0x00, 0x00, 0x00, 0x00, 0x00
	.byte 0x00, 0x00, 0x00, 0x00, 0x00, 0x00, 0x00, 0x00, 0x00, 0x00, 0x00, 0x00, 0x00, 0x00, 0x00, 0x00
	.byte 0x00, 0x00, 0x00, 0x00, 0x00, 0x00, 0x00, 0x00, 0x00, 0x00, 0x00, 0x00, 0x00, 0x00, 0x00, 0x00
	.byte 0x00, 0x00, 0x00, 0x00, 0x00, 0x00, 0x00, 0x00, 0x00, 0x00, 0x00, 0x00, 0x00, 0x00, 0x00, 0x00
	.byte 0x00, 0x00, 0x00, 0x00, 0x00, 0x00, 0x00, 0x00, 0x00, 0x00, 0x00, 0x00, 0x00, 0x00, 0x00, 0x00
	.byte 0x00, 0x00, 0x00, 0x00, 0x00, 0x00, 0x00, 0x00, 0x00, 0x00, 0x00, 0x00, 0x00, 0x00, 0x00, 0x00
	.byte 0x00, 0x00, 0x00, 0x00, 0x00, 0x00, 0x00, 0x00, 0x00, 0x00, 0x00, 0x00, 0x00, 0x00, 0x00, 0x00
	.byte 0x00, 0x00, 0x00, 0x00, 0x00, 0x00, 0x00, 0x00, 0x00, 0x00, 0x00, 0x00, 0x00, 0x00, 0x00, 0x00
	.byte 0x00, 0x00, 0x00, 0x00, 0x00, 0x00, 0x00, 0x00, 0x00, 0x00, 0x00, 0x00, 0x00, 0x00, 0x00, 0x00
	.byte 0x00, 0x00, 0x00, 0x00, 0x00, 0x00, 0x00, 0x00, 0x00, 0x00, 0x00, 0x00, 0x00, 0x00, 0x00, 0x00
	.byte 0x00, 0x00, 0x00, 0x00, 0x00, 0x00, 0x00, 0x00, 0x00, 0x00, 0x00, 0x00, 0x00, 0x00, 0x00, 0x00
	.byte 0x00, 0x00, 0x00, 0x00, 0x00, 0x00, 0x00, 0x00, 0x00, 0x00, 0x00, 0x00, 0x00, 0x00, 0x00, 0x00
	.byte 0x00, 0x00, 0x00, 0x00, 0x00, 0x00, 0x00, 0x00, 0x00, 0x00, 0x00, 0x00, 0x00, 0x00, 0x00, 0x00
	.byte 0x00, 0x00, 0x00, 0x00, 0x00, 0x00, 0x00, 0x00, 0x00, 0x00, 0x00, 0x00, 0x00, 0x00, 0x00, 0x00
	.byte 0x00, 0x00, 0x00, 0x00, 0x00, 0x00, 0x00, 0x00, 0x00, 0x00, 0x00, 0x00, 0x00, 0x00, 0x00, 0x00
	.byte 0x00, 0x00, 0x00, 0x00, 0x00, 0x00, 0x00, 0x00, 0x00, 0x00, 0x00, 0x00, 0x00, 0x00, 0x00, 0x00
	.byte 0x00, 0x00, 0x00, 0x00, 0x00, 0x00, 0x00, 0x00, 0x00, 0x00, 0x00, 0x00, 0x00, 0x00, 0x00, 0x00
	.byte 0x00, 0x00, 0x00, 0x00, 0x00, 0x00, 0x00, 0x00, 0x00, 0x00, 0x00, 0x00, 0x00, 0x00, 0x00, 0x00
	.byte 0x00, 0x00, 0x00, 0x00, 0x00, 0x00, 0x00, 0x00, 0x00, 0x00, 0x00, 0x00, 0x00, 0x00, 0x00, 0x00
	.byte 0x00, 0x00, 0x00, 0x00, 0x00, 0x00, 0x00, 0x00, 0x00, 0x00, 0x00, 0x00, 0x00, 0x00, 0x00, 0x00
	.byte 0x00, 0x00, 0x00, 0x00, 0x00, 0x00, 0x00, 0x00, 0x00, 0x00, 0x00, 0x00, 0x00, 0x00, 0x00, 0x00
	.byte 0x00, 0x00, 0x00, 0x00, 0x00, 0x00, 0x00, 0x00, 0x00, 0x00, 0x00, 0x00, 0x00, 0x00, 0x00, 0x00
	.byte 0x00, 0x00, 0x00, 0x00, 0x00, 0x00, 0x00, 0x00, 0x00, 0x00, 0x00, 0x00, 0x00, 0x00, 0x00, 0x00
	.byte 0x00, 0x00, 0x00, 0x00, 0x00, 0x00, 0x00, 0x00, 0x00, 0x00, 0x00, 0x00, 0x00, 0x00, 0x00, 0x00
	.byte 0x00, 0x00, 0x00, 0x00, 0x00, 0x00, 0x00, 0x00, 0x00, 0x00, 0x00, 0x00, 0x00, 0x00, 0x00, 0x00
	.byte 0x00, 0x00, 0x00, 0x00, 0x00, 0x00, 0x00, 0x00, 0x00, 0x00, 0x00, 0x00, 0x00, 0x00, 0x00, 0x00
	.byte 0x00, 0x00, 0x00, 0x00, 0x00, 0x00, 0x00, 0x00, 0x00, 0x00, 0x00, 0x00, 0x00, 0x00, 0x00, 0x00
	.byte 0x00, 0x00, 0x00, 0x00, 0x00, 0x00, 0x00, 0x00, 0x00, 0x00, 0x00, 0x00, 0x00, 0x00, 0x00, 0x00
	.byte 0x00, 0x00, 0x00, 0x00, 0x00, 0x00, 0x00, 0x00, 0x00, 0x00, 0x00, 0x00, 0x00, 0x00, 0x00, 0x00
	.byte 0x00, 0x00, 0x00, 0x00, 0x00, 0x00, 0x00, 0x00, 0x00, 0x00, 0x00, 0x00, 0x00, 0x00, 0x00, 0x00
	.byte 0x00, 0x00, 0x00, 0x00, 0x00, 0x00, 0x00, 0x00, 0x00, 0x00, 0x00, 0x00, 0x00, 0x00, 0x00, 0x00
	.byte 0x00, 0x00, 0x00, 0x00, 0x00, 0x00, 0x00, 0x00, 0x00, 0x00, 0x00, 0x00, 0x00, 0x00, 0x00, 0x00
	.byte 0x00, 0x00, 0x00, 0x00, 0x00, 0x00, 0x00, 0x00, 0x00, 0x00, 0x00, 0x00, 0x00, 0x00, 0x00, 0x00
	.byte 0x00, 0x00, 0x00, 0x00, 0x00, 0x00, 0x00, 0x00, 0x00, 0x00, 0x00, 0x00, 0x00, 0x00, 0x00, 0x00
	.byte 0x00, 0x00, 0x00, 0x00, 0x00, 0x00, 0x00, 0x00, 0x00, 0x00, 0x00, 0x00, 0x00, 0x00, 0x00, 0x00
	.byte 0x00, 0x00, 0x00, 0x00, 0x00, 0x00, 0x00, 0x00, 0x00, 0x00, 0x00, 0x00, 0x00, 0x00, 0x00, 0x00
	.byte 0x00, 0x00, 0x00, 0x00, 0x00, 0x00, 0x00, 0x00, 0x00, 0x00, 0x00, 0x00, 0x00, 0x00, 0x00, 0x00
	.byte 0x00, 0x00, 0x00, 0x00, 0x00, 0x00, 0x00, 0x00, 0x00, 0x00, 0x00, 0x00, 0x00, 0x00, 0x00, 0x00
	.byte 0x00, 0x00, 0x00, 0x00, 0x00, 0x00, 0x00, 0x00, 0x00, 0x00, 0x00, 0x00, 0x00, 0x00, 0x00, 0x00
	.byte 0x00, 0x00, 0x00, 0x00, 0x00, 0x00, 0x00, 0x00, 0x00, 0x00, 0x00, 0x00, 0x00, 0x00, 0x00, 0x00
	.byte 0x00, 0x00, 0x00, 0x00, 0x00, 0x00, 0x00, 0x00, 0x00, 0x00, 0x00, 0x00, 0x00, 0x00, 0x00, 0x00
	.byte 0x00, 0x00, 0x00, 0x00, 0x00, 0x00, 0x00, 0x00, 0x00, 0x00, 0x00, 0x00, 0x00, 0x00, 0x00, 0x00
	.byte 0x00, 0x00, 0x00, 0x00, 0x00, 0x00, 0x00, 0x00, 0x00, 0x00, 0x00, 0x00, 0x00, 0x00, 0x00, 0x00
	.byte 0x00, 0x00, 0x00, 0x00, 0x00, 0x00, 0x00, 0x00, 0x00, 0x00, 0x00, 0x00, 0x00, 0x00, 0x00, 0x00
	.byte 0x00, 0x00, 0x00, 0x00, 0x00, 0x00, 0x00, 0x00, 0x00, 0x00, 0x00, 0x00, 0x00, 0x00, 0x00, 0x00
	.byte 0x00, 0x00, 0x00, 0x00, 0x00, 0x00, 0x00, 0x00, 0x00, 0x00, 0x00, 0x00, 0x00, 0x00, 0x00, 0x00
	.byte 0x00, 0x00, 0x00, 0x00, 0x00, 0x00, 0x00, 0x00, 0x00, 0x00, 0x00, 0x00, 0x00, 0x00, 0x00, 0x00
	.byte 0x00, 0x00, 0x00, 0x00, 0x00, 0x00, 0x00, 0x00, 0x00, 0x00, 0x00, 0x00, 0x00, 0x00, 0x00, 0x00
	.byte 0x00, 0x00, 0x00, 0x00, 0x00, 0x00, 0x00, 0x00, 0x00, 0x00, 0x00, 0x00, 0x00, 0x00, 0x00, 0x00
	.byte 0x00, 0x00, 0x00, 0x00, 0x00, 0x00, 0x00, 0x00, 0x00, 0x00, 0x00, 0x00, 0x00, 0x00, 0x00, 0x00
	.byte 0x00, 0x00, 0x00, 0x00, 0x00, 0x00, 0x00, 0x00, 0x00, 0x00, 0x00, 0x00, 0x00, 0x00, 0x00, 0x00
	.byte 0x00, 0x00, 0x00, 0x00, 0x00, 0x00, 0x00, 0x00, 0x00, 0x00, 0x00, 0x00, 0x00, 0x00, 0x00, 0x00
	.byte 0x00, 0x00, 0x00, 0x00, 0x00, 0x00, 0x00, 0x00, 0x00, 0x00, 0x00, 0x00, 0x00, 0x00, 0x00, 0x00
	.byte 0x00, 0x00, 0x00, 0x00, 0x00, 0x00, 0x00, 0x00, 0x00, 0x00, 0x00, 0x00, 0x00, 0x00, 0x00, 0x00
	.byte 0x00, 0x00, 0x00, 0x00, 0x00, 0x00, 0x00, 0x00, 0x00, 0x00, 0x00, 0x00, 0x00, 0x00, 0x00, 0x00
	.byte 0x00, 0x00, 0x00, 0x00, 0x00, 0x00, 0x00, 0x00, 0x00, 0x00, 0x00, 0x00, 0x00, 0x00, 0x00, 0x00
	.byte 0x00, 0x00, 0x00, 0x00, 0x00, 0x00, 0x00, 0x00, 0x00, 0x00, 0x00, 0x00, 0x00, 0x00, 0x00, 0x00
	.byte 0x00, 0x00, 0x00, 0x00, 0x00, 0x00, 0x00, 0x00, 0x00, 0x00, 0x00, 0x00, 0x00, 0x00, 0x00, 0x00
	.byte 0x00, 0x00, 0x00, 0x00, 0x00, 0x00, 0x00, 0x00, 0x00, 0x00, 0x00, 0x00, 0x00, 0x00, 0x00, 0x00
	.byte 0x00, 0x00, 0x00, 0x00, 0x00, 0x00, 0x00, 0x00, 0x00, 0x00, 0x00, 0x00, 0x00, 0x00, 0x00, 0x00
	.byte 0x00, 0x00, 0x00, 0x00, 0x00, 0x00, 0x00, 0x00, 0x00, 0x00, 0x00, 0x00, 0x00, 0x00, 0x00, 0x00
	.byte 0x00, 0x00, 0x00, 0x00, 0x00, 0x00, 0x00, 0x00, 0x00, 0x00, 0x00, 0x00, 0x00, 0x00, 0x00, 0x00
	.byte 0x00, 0x00, 0x00, 0x00, 0x00, 0x00, 0x00, 0x00, 0x00, 0x00, 0x00, 0x00, 0x00, 0x00, 0x00, 0x00
	.byte 0x00, 0x00, 0x00, 0x00, 0x00, 0x00, 0x00, 0x00, 0x00, 0x00, 0x00, 0x00, 0x00, 0x00, 0x00, 0x00
	.byte 0x00, 0x00, 0x00, 0x00, 0x00, 0x00, 0x00, 0x00, 0x00, 0x00, 0x00, 0x00, 0x00, 0x00, 0x00, 0x00
	.byte 0x00, 0x00, 0x00, 0x00, 0x00, 0x00, 0x00, 0x00, 0x00, 0x00, 0x00, 0x00, 0x00, 0x00, 0x00, 0x00
	.byte 0x00, 0x00, 0x00, 0x00, 0x00, 0x00, 0x00, 0x00, 0x00, 0x00, 0x00, 0x00, 0x00, 0x00, 0x00, 0x00
	.byte 0x00, 0x00, 0x00, 0x00, 0x00, 0x00, 0x00, 0x00, 0x00, 0x00, 0x00, 0x00, 0x00, 0x00, 0x00, 0x00
	.byte 0x00, 0x00, 0x00, 0x00, 0x00, 0x00, 0x00, 0x00, 0x00, 0x00, 0x00, 0x00, 0x00, 0x00, 0x00, 0x00
	.byte 0x00, 0x00, 0x00, 0x00, 0x00, 0x00, 0x00, 0x00, 0x00, 0x00, 0x00, 0x00, 0x00, 0x00, 0x00, 0x00
	.byte 0x00, 0x00, 0x00, 0x00, 0x00, 0x00, 0x00, 0x00, 0x00, 0x00, 0x00, 0x00, 0x00, 0x00, 0x00, 0x00
	.byte 0x00, 0x00, 0x00, 0x00, 0x00, 0x00, 0x00, 0x00, 0x00, 0x00, 0x00, 0x00, 0x00, 0x00, 0x00, 0x00
	.byte 0x00, 0x00, 0x00, 0x00, 0x00, 0x00, 0x00, 0x00, 0x00, 0x00, 0x00, 0x00, 0x00, 0x00, 0x00, 0x00
	.byte 0x00, 0x00, 0x00, 0x00, 0x00, 0x00, 0x00, 0x00, 0x00, 0x00, 0x00, 0x00, 0x00, 0x00, 0x00, 0x00
	.byte 0x00, 0x00, 0x00, 0x00, 0x00, 0x00, 0x00, 0x00, 0x00, 0x00, 0x00, 0x00, 0x00, 0x00, 0x00, 0x00
	.byte 0x00, 0x00, 0x00, 0x00, 0x00, 0x00, 0x00, 0x00, 0x00, 0x00, 0x00, 0x00, 0x00, 0x00, 0x00, 0x00
	.byte 0x00, 0x00, 0x00, 0x00, 0x00, 0x00, 0x00, 0x00, 0x00, 0x00, 0x00, 0x00, 0x00, 0x00, 0x00, 0x00
	.byte 0x00, 0x00, 0x00, 0x00, 0x00, 0x00, 0x00, 0x00, 0x00, 0x00, 0x00, 0x00, 0x00, 0x00, 0x00, 0x00
	.byte 0x00, 0x00, 0x00, 0x00, 0x00, 0x00, 0x00, 0x00, 0x00, 0x00, 0x00, 0x00, 0x00, 0x00, 0x00, 0x00
	.byte 0x00, 0x00, 0x00, 0x00, 0x00, 0x00, 0x00, 0x00, 0x00, 0x00, 0x00, 0x00, 0x00, 0x00, 0x00, 0x00
	.byte 0x00, 0x00, 0x00, 0x00, 0x00, 0x00, 0x00, 0x00, 0x00, 0x00, 0x00, 0x00, 0x00, 0x00, 0x00, 0x00
	.byte 0x00, 0x00, 0x00, 0x00, 0x00, 0x00, 0x00, 0x00, 0x00, 0x00, 0x00, 0x00, 0x00, 0x00, 0x00, 0x00
	.byte 0x00, 0x00, 0x00, 0x00, 0x00, 0x00, 0x00, 0x00, 0x00, 0x00, 0x00, 0x00, 0x00, 0x00, 0x00, 0x00
	.byte 0x00, 0x00, 0x00, 0x00, 0x00, 0x00, 0x00, 0x00, 0x00, 0x00, 0x00, 0x00, 0x00, 0x00, 0x00, 0x00
	.byte 0x00, 0x00, 0x00, 0x00, 0x00, 0x00, 0x00, 0x00, 0x00, 0x00, 0x00, 0x00, 0x00, 0x00, 0x00, 0x00
	.byte 0x00, 0x00, 0x00, 0x00, 0x00, 0x00, 0x00, 0x00, 0x00, 0x00, 0x00, 0x00, 0x00, 0x00, 0x00, 0x00
	.byte 0x00, 0x00, 0x00, 0x00, 0x00, 0x00, 0x00, 0x00, 0x00, 0x00, 0x00, 0x00, 0x00, 0x00, 0x00, 0x00
	.byte 0x00, 0x00, 0x00, 0x00, 0x00, 0x00, 0x00, 0x00, 0x00, 0x00, 0x00, 0x00, 0x00, 0x00, 0x00, 0x00
	.byte 0x00, 0x00, 0x00, 0x00, 0x00, 0x00, 0x00, 0x00, 0x00, 0x00, 0x00, 0x00, 0x00, 0x00, 0x00, 0x00
	.byte 0x00, 0x00, 0x00, 0x00, 0x00, 0x00, 0x00, 0x00, 0x00, 0x00, 0x00, 0x00, 0x00, 0x00, 0x00, 0x00
	.byte 0x00, 0x00, 0x00, 0x00, 0x00, 0x00, 0x00, 0x00, 0x00, 0x00, 0x00, 0x00, 0x00, 0x00, 0x00, 0x00
	.byte 0x00, 0x00, 0x00, 0x00, 0x00, 0x00, 0x00, 0x00, 0x00, 0x00, 0x00, 0x00, 0x00, 0x00, 0x00, 0x00
	.byte 0x00, 0x00, 0x00, 0x00, 0x00, 0x00, 0x00, 0x00, 0x00, 0x00, 0x00, 0x00, 0x00, 0x00, 0x00, 0x00
	.byte 0x00, 0x00, 0x00, 0x00, 0x00, 0x00, 0x00, 0x00, 0x00, 0x00, 0x00, 0x00, 0x00, 0x00, 0x00, 0x00
	.byte 0x00, 0x00, 0x00, 0x00, 0x00, 0x00, 0x00, 0x00, 0x00, 0x00, 0x00, 0x00, 0x00, 0x00, 0x00, 0x00
	.byte 0x00, 0x00, 0x00, 0x00, 0x00, 0x00, 0x00, 0x00, 0x00, 0x00, 0x00, 0x00, 0x00, 0x00, 0x00, 0x00
	.byte 0x00, 0x00, 0x00, 0x00, 0x00, 0x00, 0x00, 0x00, 0x00, 0x00, 0x00, 0x00, 0x00, 0x00, 0x00, 0x00
	.byte 0x00, 0x00, 0x00, 0x00, 0x00, 0x00, 0x00, 0x00, 0x00, 0x00, 0x00, 0x00, 0x00, 0x00, 0x00, 0x00
	.byte 0x00, 0x00, 0x00, 0x00, 0x00, 0x00, 0x00, 0x00, 0x00, 0x00, 0x00, 0x00, 0x00, 0x00, 0x00, 0x00
	.byte 0x00, 0x00, 0x00, 0x00, 0x00, 0x00, 0x00, 0x00, 0x00, 0x00, 0x00, 0x00, 0x00, 0x00, 0x00, 0x00
	.byte 0x00, 0x00, 0x00, 0x00, 0x00, 0x00, 0x00, 0x00, 0x00, 0x00, 0x00, 0x00, 0x00, 0x00, 0x00, 0x00
	.byte 0x00, 0x00, 0x00, 0x00, 0x00, 0x00, 0x00, 0x00, 0x00, 0x00, 0x00, 0x00, 0x00, 0x00, 0x00, 0x00
	.byte 0x00, 0x00, 0x00, 0x00, 0x00, 0x00, 0x00, 0x00, 0x00, 0x00, 0x00, 0x00, 0x00, 0x00, 0x00, 0x00
	.byte 0x00, 0x00, 0x00, 0x00, 0x00, 0x00, 0x00, 0x00, 0x00, 0x00, 0x00, 0x00, 0x00, 0x00, 0x00, 0x00
	.byte 0x00, 0x00, 0x00, 0x00, 0x00, 0x00, 0x00, 0x00, 0x00, 0x00, 0x00, 0x00, 0x00, 0x00, 0x00, 0x00
	.byte 0x00, 0x00, 0x00, 0x00, 0x00, 0x00, 0x00, 0x00, 0x00, 0x00, 0x00, 0x00, 0x00, 0x00, 0x00, 0x00
	.byte 0x00, 0x00, 0x00, 0x00, 0x00, 0x00, 0x00, 0x00, 0x00, 0x00, 0x00, 0x00, 0x00, 0x00, 0x00, 0x00
	.byte 0x00, 0x00, 0x00, 0x00, 0x00, 0x00, 0x00, 0x00, 0x00, 0x00, 0x00, 0x00, 0x00, 0x00, 0x00, 0x00
	.byte 0x00, 0x00, 0x00, 0x00, 0x00, 0x00, 0x00, 0x00, 0x00, 0x00, 0x00, 0x00, 0x00, 0x00, 0x00, 0x00
	.byte 0x00, 0x00, 0x00, 0x00, 0x00, 0x00, 0x00, 0x00, 0x00, 0x00, 0x00, 0x00, 0x00, 0x00, 0x00, 0x00
	.byte 0x00, 0x00, 0x00, 0x00, 0x00, 0x00, 0x00, 0x00, 0x00, 0x00, 0x00, 0x00, 0x00, 0x00, 0x00, 0x00
	.byte 0x00, 0x00, 0x00, 0x00, 0x00, 0x00, 0x00, 0x00, 0x00, 0x00, 0x00, 0x00, 0x00, 0x00, 0x00, 0x00
	.byte 0x00, 0x00, 0x00, 0x00, 0x00, 0x00, 0x00, 0x00, 0x00, 0x00, 0x00, 0x00, 0x00, 0x00, 0x00, 0x00
	.byte 0x00, 0x00, 0x00, 0x00, 0x00, 0x00, 0x00, 0x00, 0x00, 0x00, 0x00, 0x00, 0x00, 0x00, 0x00, 0x00
	.byte 0x00, 0x00, 0x00, 0x00, 0x00, 0x00, 0x00, 0x00, 0x00, 0x00, 0x00, 0x00, 0x00, 0x00, 0x00, 0x00
	.byte 0x00, 0x00, 0x00, 0x00, 0x00, 0x00, 0x00, 0x00, 0x00, 0x00, 0x00, 0x00, 0x00, 0x00, 0x00, 0x00
	.byte 0x00, 0x00, 0x00, 0x00, 0x00, 0x00, 0x00, 0x00, 0x00, 0x00, 0x00, 0x00, 0x00, 0x00, 0x00, 0x00
	.byte 0x00, 0x00, 0x00, 0x00, 0x00, 0x00, 0x00, 0x00, 0x00, 0x00, 0x00, 0x00, 0x00, 0x00, 0x00, 0x00
	.byte 0x00, 0x00, 0x00, 0x00, 0x00, 0x00, 0x00, 0x00, 0x00, 0x00, 0x00, 0x00, 0x00, 0x00, 0x00, 0x00
	.byte 0x00, 0x00, 0x00, 0x00, 0x00, 0x00, 0x00, 0x00, 0x00, 0x00, 0x00, 0x00, 0x00, 0x00, 0x00, 0x00
	.byte 0x00, 0x00, 0x00, 0x00, 0x00, 0x00, 0x00, 0x00, 0x00, 0x00, 0x00, 0x00, 0x00, 0x00, 0x00, 0x00
	.byte 0x00, 0x00, 0x00, 0x00, 0x00, 0x00, 0x00, 0x00, 0x00, 0x00, 0x00, 0x00, 0x00, 0x00, 0x00, 0x00
	.byte 0x00, 0x00, 0x00, 0x00, 0x00, 0x00, 0x00, 0x00, 0x00, 0x00, 0x00, 0x00, 0x00, 0x00, 0x00, 0x00
	.byte 0x00, 0x00, 0x00, 0x00, 0x00, 0x00, 0x00, 0x00, 0x00, 0x00, 0x00, 0x00, 0x00, 0x00, 0x00, 0x00
	.byte 0x00, 0x00, 0x00, 0x00, 0x00, 0x00, 0x00, 0x00, 0x00, 0x00, 0x00, 0x00, 0x00, 0x00, 0x00, 0x00
	.byte 0x00, 0x00, 0x00, 0x00, 0x00, 0x00, 0x00, 0x00, 0x00, 0x00, 0x00, 0x00, 0x00, 0x00, 0x00, 0x00
	.byte 0x00, 0x00, 0x00, 0x00, 0x00, 0x00, 0x00, 0x00, 0x00, 0x00, 0x00, 0x00, 0x00, 0x00, 0x00, 0x00
	.byte 0x00, 0x00, 0x00, 0x00, 0x00, 0x00, 0x00, 0x00, 0x00, 0x00, 0x00, 0x00, 0x00, 0x00, 0x00, 0x00
	.byte 0x00, 0x00, 0x00, 0x00, 0x00, 0x00, 0x00, 0x00, 0x00, 0x00, 0x00, 0x00, 0x00, 0x00, 0x00, 0x00
	.byte 0x00, 0x00, 0x00, 0x00, 0x00, 0x00, 0x00, 0x00, 0x00, 0x00, 0x00, 0x00, 0x00, 0x00, 0x00, 0x00
	.byte 0x00, 0x00, 0x00, 0x00, 0x00, 0x00, 0x00, 0x00, 0x00, 0x00, 0x00, 0x00, 0x00, 0x00, 0x00, 0x00
	.byte 0x00, 0x00, 0x00, 0x00, 0x00, 0x00, 0x00, 0x00, 0x00, 0x00, 0x00, 0x00, 0x00, 0x00, 0x00, 0x00
	.byte 0x00, 0x00, 0x00, 0x00, 0x00, 0x00, 0x00, 0x00, 0x00, 0x00, 0x00, 0x00, 0x00, 0x00, 0x00, 0x00
	.byte 0x00, 0x00, 0x00, 0x00, 0x00, 0x00, 0x00, 0x00, 0x00, 0x00, 0x00, 0x00, 0x00, 0x00, 0x00, 0x00
	.byte 0x00, 0x00, 0x00, 0x00, 0x00, 0x00, 0x00, 0x00, 0x00, 0x00, 0x00, 0x00, 0x00, 0x00, 0x00, 0x00
	.byte 0x00, 0x00, 0x00, 0x00, 0x00, 0x00, 0x00, 0x00, 0x00, 0x00, 0x00, 0x00, 0x00, 0x00, 0x00, 0x00
	.byte 0x00, 0x00, 0x00, 0x00, 0x00, 0x00, 0x00, 0x00, 0x00, 0x00, 0x00, 0x00, 0x00, 0x00, 0x00, 0x00
	.byte 0x00, 0x00, 0x00, 0x00, 0x00, 0x00, 0x00, 0x00, 0x00, 0x00, 0x00, 0x00, 0x00, 0x00, 0x00, 0x00
	.byte 0x00, 0x00, 0x00, 0x00, 0x00, 0x00, 0x00, 0x00, 0x00, 0x00, 0x00, 0x00, 0x00, 0x00, 0x00, 0x00
	.byte 0x00, 0x00, 0x00, 0x00, 0x00, 0x00, 0x00, 0x00, 0x00, 0x00, 0x00, 0x00, 0x00, 0x00, 0x00, 0x00
	.byte 0x00, 0x00, 0x00, 0x00, 0x00, 0x00, 0x00, 0x00, 0x00, 0x00, 0x00, 0x00, 0x00, 0x00, 0x00, 0x00
	.byte 0x00, 0x00, 0x00, 0x00, 0x00, 0x00, 0x00, 0x00, 0x00, 0x00, 0x00, 0x00, 0x00, 0x00, 0x00, 0x00
	.byte 0x00, 0x00, 0x00, 0x00, 0x00, 0x00, 0x00, 0x00, 0x00, 0x00, 0x00, 0x00, 0x00, 0x00, 0x00, 0x00
	.byte 0x00, 0x00, 0x00, 0x00, 0x00, 0x00, 0x00, 0x00, 0x00, 0x00, 0x00, 0x00, 0x00, 0x00, 0x00, 0x00
	.byte 0x00, 0x00, 0x00, 0x00, 0x00, 0x00, 0x00, 0x00, 0x00, 0x00, 0x00, 0x00, 0x00, 0x00, 0x00, 0x00
	.byte 0x00, 0x00, 0x00, 0x00, 0x00, 0x00, 0x00, 0x00, 0x00, 0x00, 0x00, 0x00, 0x00, 0x00, 0x00, 0x00
	.byte 0x00, 0x00, 0x00, 0x00, 0x00, 0x00, 0x00, 0x00, 0x00, 0x00, 0x00, 0x00, 0x00, 0x00, 0x00, 0x00
	.byte 0x00, 0x00, 0x00, 0x00, 0x00, 0x00, 0x00, 0x00, 0x00, 0x00, 0x00, 0x00, 0x00, 0x00, 0x00, 0x00
	.byte 0x00, 0x00, 0x00, 0x00, 0x00, 0x00, 0x00, 0x00, 0x00, 0x00, 0x00, 0x00, 0x00, 0x00, 0x00, 0x00
	.byte 0x00, 0x00, 0x00, 0x00, 0x00, 0x00, 0x00, 0x00, 0x00, 0x00, 0x00, 0x00, 0x00, 0x00, 0x00, 0x00
	.byte 0x00, 0x00, 0x00, 0x00, 0x00, 0x00, 0x00, 0x00, 0x00, 0x00, 0x00, 0x00, 0x00, 0x00, 0x00, 0x00
	.byte 0x00, 0x00, 0x00, 0x00, 0x00, 0x00, 0x00, 0x00, 0x00, 0x00, 0x00, 0x00, 0x00, 0x00, 0x00, 0x00
	.byte 0x00, 0x00, 0x00, 0x00, 0x00, 0x00, 0x00, 0x00, 0x00, 0x00, 0x00, 0x00, 0x00, 0x00, 0x00, 0x00
	.byte 0x00, 0x00, 0x00, 0x00, 0x00, 0x00, 0x00, 0x00, 0x00, 0x00, 0x00, 0x00, 0x00, 0x00, 0x00, 0x00
	.byte 0x00, 0x00, 0x00, 0x00, 0x00, 0x00, 0x00, 0x00, 0x00, 0x00, 0x00, 0x00, 0x00, 0x00, 0x00, 0x00
	.byte 0x00, 0x00, 0x00, 0x00, 0x00, 0x00, 0x00, 0x00, 0x00, 0x00, 0x00, 0x00, 0x00, 0x00, 0x00, 0x00
	.byte 0x00, 0x00, 0x00, 0x00, 0x00, 0x00, 0x00, 0x00, 0x00, 0x00, 0x00, 0x00, 0x00, 0x00, 0x00, 0x00
	.byte 0x00, 0x00, 0x00, 0x00, 0x00, 0x00, 0x00, 0x00, 0x00, 0x00, 0x00, 0x00, 0x00, 0x00, 0x00, 0x00
	.byte 0x00, 0x00, 0x00, 0x00, 0x00, 0x00, 0x00, 0x00, 0x00, 0x00, 0x00, 0x00, 0x00, 0x00, 0x00, 0x00
	.byte 0x00, 0x00, 0x00, 0x00, 0x00, 0x00, 0x00, 0x00, 0x00, 0x00, 0x00, 0x00, 0x00, 0x00, 0x00, 0x00
	.byte 0x00, 0x00, 0x00, 0x00, 0x00, 0x00, 0x00, 0x00, 0x00, 0x00, 0x00, 0x00, 0x00, 0x00, 0x00, 0x00
	.byte 0x00, 0x00, 0x00, 0x00, 0x00, 0x00, 0x00, 0x00, 0x00, 0x00, 0x00, 0x00, 0x00, 0x00, 0x00, 0x00
	.byte 0x00, 0x00, 0x00, 0x00, 0x00, 0x00, 0x00, 0x00, 0x00, 0x00, 0x00, 0x00, 0x00, 0x00, 0x00, 0x00
	.byte 0x00, 0x00, 0x00, 0x00, 0x00, 0x00, 0x00, 0x00, 0x00, 0x00, 0x00, 0x00, 0x00, 0x00, 0x00, 0x00
	.byte 0x00, 0x00, 0x00, 0x00, 0x00, 0x00, 0x00, 0x00, 0x00, 0x00, 0x00, 0x00, 0x00, 0x00, 0x00, 0x00
	.byte 0x00, 0x00, 0x00, 0x00, 0x00, 0x00, 0x00, 0x00, 0x00, 0x00, 0x00, 0x00, 0x00, 0x00, 0x00, 0x00
	.byte 0x00, 0x00, 0x00, 0x00, 0x00, 0x00, 0x00, 0x00, 0x00, 0x00, 0x00, 0x00, 0x00, 0x00, 0x00, 0x00
	.byte 0x00, 0x00, 0x00, 0x00, 0x00, 0x00, 0x00, 0x00, 0x00, 0x00, 0x00, 0x00, 0x00, 0x00, 0x00, 0x00
	.byte 0x00, 0x00, 0x00, 0x00, 0x00, 0x00, 0x00, 0x00, 0x00, 0x00, 0x00, 0x00, 0x00, 0x00, 0x00, 0x00
	.byte 0x00, 0x00, 0x00, 0x00, 0x00, 0x00, 0x00, 0x00, 0x00, 0x00, 0x00, 0x00, 0x00, 0x00, 0x00, 0x00
	.byte 0x00, 0x00, 0x00, 0x00, 0x00, 0x00, 0x00, 0x00, 0x00, 0x00, 0x00, 0x00, 0x00, 0x00, 0x00, 0x00
	.byte 0x00, 0x00, 0x00, 0x00, 0x00, 0x00, 0x00, 0x00, 0x00, 0x00, 0x00, 0x00, 0x00, 0x00, 0x00, 0x00
	.byte 0x00, 0x00, 0x00, 0x00, 0x00, 0x00, 0x00, 0x00, 0x00, 0x00, 0x00, 0x00, 0x00, 0x00, 0x00, 0x00
	.byte 0x00, 0x00, 0x00, 0x00, 0x00, 0x00, 0x00, 0x00, 0x00, 0x00, 0x00, 0x00, 0x00, 0x00, 0x00, 0x00
	.byte 0x00, 0x00, 0x00, 0x00, 0x00, 0x00, 0x00, 0x00, 0x00, 0x00, 0x00, 0x00, 0x00, 0x00, 0x00, 0x00
	.byte 0x00, 0x00, 0x00, 0x00, 0x00, 0x00, 0x00, 0x00, 0x00, 0x00, 0x00, 0x00, 0x00, 0x00, 0x00, 0x00
	.byte 0x00, 0x00, 0x00, 0x00, 0x00, 0x00, 0x00, 0x00, 0x00, 0x00, 0x00, 0x00, 0x00, 0x00, 0x00, 0x00
	.byte 0x00, 0x00, 0x00, 0x00, 0x00, 0x00, 0x00, 0x00, 0x00, 0x00, 0x00, 0x00, 0x00, 0x00, 0x00, 0x00
	.byte 0x00, 0x00, 0x00, 0x00, 0x00, 0x00, 0x00, 0x00, 0x00, 0x00, 0x00, 0x00, 0x00, 0x00, 0x00, 0x00
	.byte 0x00, 0x00, 0x00, 0x00, 0x00, 0x00, 0x00, 0x00, 0x00, 0x00, 0x00, 0x00, 0x00, 0x00, 0x00, 0x00
	.byte 0x00, 0x00, 0x00, 0x00, 0x00, 0x00, 0x00, 0x00, 0x00, 0x00, 0x00, 0x00, 0x00, 0x00, 0x00, 0x00
	.byte 0x00, 0x00, 0x00, 0x00, 0x00, 0x00, 0x00, 0x00, 0x00, 0x00, 0x00, 0x00, 0x00, 0x00, 0x00, 0x00
	.byte 0x00, 0x00, 0x00, 0x00, 0x00, 0x00, 0x00, 0x00, 0x00, 0x00, 0x00, 0x00, 0x00, 0x00, 0x00, 0x00
	.byte 0x00, 0x00, 0x00, 0x00, 0x00, 0x00, 0x00, 0x00, 0x00, 0x00, 0x00, 0x00, 0x00, 0x00, 0x00, 0x00
	.byte 0x00, 0x00, 0x00, 0x00, 0x00, 0x00, 0x00, 0x00, 0x00, 0x00, 0x00, 0x00, 0x00, 0x00, 0x00, 0x00
	.byte 0x00, 0x00, 0x00, 0x00, 0x00, 0x00, 0x00, 0x00, 0x00, 0x00, 0x00, 0x00, 0x00, 0x00, 0x00, 0x00
	.byte 0x00, 0x00, 0x00, 0x00, 0x00, 0x00, 0x00, 0x00, 0x00, 0x00, 0x00, 0x00, 0x00, 0x00, 0x00, 0x00
	.byte 0x00, 0x00, 0x00, 0x00, 0x00, 0x00, 0x00, 0x00, 0x00, 0x00, 0x00, 0x00, 0x00, 0x00, 0x00, 0x00
	.byte 0x00, 0x00, 0x00, 0x00, 0x00, 0x00, 0x00, 0x00, 0x00, 0x00, 0x00, 0x00, 0x00, 0x00, 0x00, 0x00
	.byte 0x00, 0x00, 0x00, 0x00, 0x00, 0x00, 0x00, 0x00, 0x00, 0x00, 0x00, 0x00, 0x00, 0x00, 0x00, 0x00
	.byte 0x00, 0x00, 0x00, 0x00, 0x00, 0x00, 0x00, 0x00, 0x00, 0x00, 0x00, 0x00, 0x00, 0x00, 0x00, 0x00
	.byte 0x00, 0x00, 0x00, 0x00, 0x00, 0x00, 0x00, 0x00, 0x00, 0x00, 0x00, 0x00, 0x00, 0x00, 0x00, 0x00
	.byte 0x00, 0x00, 0x00, 0x00, 0x00, 0x00, 0x00, 0x00, 0x00, 0x00, 0x00, 0x00, 0x00, 0x00, 0x00, 0x00
	.byte 0x00, 0x00, 0x00, 0x00, 0x00, 0x00, 0x00, 0x00, 0x00, 0x00, 0x00, 0x00, 0x00, 0x00, 0x00, 0x00
	.byte 0x00, 0x00, 0x00, 0x00, 0x00, 0x00, 0x00, 0x00, 0x00, 0x00, 0x00, 0x00, 0x00, 0x00, 0x00, 0x00
	.byte 0x00, 0x00, 0x00, 0x00, 0x00, 0x00, 0x00, 0x00, 0x00, 0x00, 0x00, 0x00, 0x00, 0x00, 0x00, 0x00
	.byte 0x00, 0x00, 0x00, 0x00, 0x00, 0x00, 0x00, 0x00, 0x00, 0x00, 0x00, 0x00, 0x00, 0x00, 0x00, 0x00
	.byte 0x00, 0x00, 0x00, 0x00, 0x00, 0x00, 0x00, 0x00, 0x00, 0x00, 0x00, 0x00, 0x00, 0x00, 0x00, 0x00
	.byte 0x00, 0x00, 0x00, 0x00, 0x00, 0x00, 0x00, 0x00, 0x00, 0x00, 0x00, 0x00, 0x00, 0x00, 0x00, 0x00
	.byte 0x00, 0x00, 0x00, 0x00, 0x00, 0x00, 0x00, 0x00, 0x00, 0x00, 0x00, 0x00, 0x00, 0x00, 0x00, 0x00
	.byte 0x00, 0x00, 0x00, 0x00, 0x00, 0x00, 0x00, 0x00, 0x00, 0x00, 0x00, 0x00, 0x00, 0x00, 0x00, 0x00
	.byte 0x00, 0x00, 0x00, 0x00, 0x00, 0x00, 0x00, 0x00, 0x00, 0x00, 0x00, 0x00, 0x00, 0x00, 0x00, 0x00
	.byte 0x00, 0x00, 0x00, 0x00, 0x00, 0x00, 0x00, 0x00, 0x00, 0x00, 0x00, 0x00, 0x00, 0x00, 0x00, 0x00
	.byte 0x00, 0x00, 0x00, 0x00, 0x00, 0x00, 0x00, 0x00, 0x00, 0x00, 0x00, 0x00, 0x00, 0x00, 0x00, 0x00
	.byte 0x00, 0x00, 0x00, 0x00, 0x00, 0x00, 0x00, 0x00, 0x00, 0x00, 0x00, 0x00, 0x00, 0x00, 0x00, 0x00
	.byte 0x00, 0x00, 0x00, 0x00, 0x00, 0x00, 0x00, 0x00, 0x00, 0x00, 0x00, 0x00, 0x00, 0x00, 0x00, 0x00
	.byte 0x00, 0x00, 0x00, 0x00, 0x00, 0x00, 0x00, 0x00, 0x00, 0x00, 0x00, 0x00, 0x00, 0x00, 0x00, 0x00
	.byte 0x00, 0x00, 0x00, 0x00, 0x00, 0x00, 0x00, 0x00, 0x00, 0x00, 0x00, 0x00, 0x00, 0x00, 0x00, 0x00
	.byte 0x00, 0x00, 0x00, 0x00, 0x00, 0x00, 0x00, 0x00, 0x00, 0x00, 0x00, 0x00, 0x00, 0x00, 0x00, 0x00
	.byte 0x00, 0x00, 0x00, 0x00, 0x00, 0x00, 0x00, 0x00, 0x00, 0x00, 0x00, 0x00, 0x00, 0x00, 0x00, 0x00
	.byte 0x00, 0x00, 0x00, 0x00, 0x00, 0x00, 0x00, 0x00, 0x00, 0x00, 0x00, 0x00, 0x00, 0x00, 0x00, 0x00
	.byte 0x00, 0x00, 0x00, 0x00, 0x00, 0x00, 0x00, 0x00, 0x00, 0x00, 0x00, 0x00, 0x00, 0x00, 0x00, 0x00
	.byte 0x00, 0x00, 0x00, 0x00, 0x00, 0x00, 0x00, 0x00, 0x00, 0x00, 0x00, 0x00, 0x00, 0x00, 0x00, 0x00
	.byte 0x00, 0x00, 0x00, 0x00, 0x00, 0x00, 0x00, 0x00, 0x00, 0x00, 0x00, 0x00, 0x00, 0x00, 0x00, 0x00
	.byte 0x00, 0x00, 0x00, 0x00, 0x00, 0x00, 0x00, 0x00, 0x00, 0x00, 0x00, 0x00, 0x00, 0x00, 0x00, 0x00
	.byte 0x00, 0x00, 0x00, 0x00, 0x00, 0x00, 0x00, 0x00, 0x00, 0x00, 0x00, 0x00, 0x00, 0x00, 0x00, 0x00
	.byte 0x00, 0x00, 0x00, 0x00, 0x00, 0x00, 0x00, 0x00, 0x00, 0x00, 0x00, 0x00, 0x00, 0x00, 0x00, 0x00
	.byte 0x00, 0x00, 0x00, 0x00, 0x00, 0x00, 0x00, 0x00, 0x00, 0x00, 0x00, 0x00, 0x00, 0x00, 0x00, 0x00
	.byte 0x00, 0x00, 0x00, 0x00, 0x00, 0x00, 0x00, 0x00, 0x00, 0x00, 0x00, 0x00, 0x00, 0x00, 0x00, 0x00
	.byte 0x00, 0x00, 0x00, 0x00, 0x00, 0x00, 0x00, 0x00, 0x00, 0x00, 0x00, 0x00, 0x00, 0x00, 0x00, 0x00
	.byte 0x00, 0x00, 0x00, 0x00, 0x00, 0x00, 0x00, 0x00, 0x00, 0x00, 0x00, 0x00, 0x00, 0x00, 0x00, 0x00
	.byte 0x00, 0x00, 0x00, 0x00, 0x00, 0x00, 0x00, 0x00, 0x00, 0x00, 0x00, 0x00, 0x00, 0x00, 0x00, 0x00
	.byte 0x00, 0x00, 0x00, 0x00, 0x00, 0x00, 0x00, 0x00, 0x00, 0x00, 0x00, 0x00, 0x00, 0x00, 0x00, 0x00
	.byte 0x00, 0x00, 0x00, 0x00, 0x00, 0x00, 0x00, 0x00, 0x00, 0x00, 0x00, 0x00, 0x00, 0x00, 0x00, 0x00
	.byte 0x00, 0x00, 0x00, 0x00, 0x00, 0x00, 0x00, 0x00, 0x00, 0x00, 0x00, 0x00, 0x00, 0x00, 0x00, 0x00
	.byte 0x00, 0x00, 0x00, 0x00, 0x00, 0x00, 0x00, 0x00, 0x00, 0x00, 0x00, 0x00, 0x00, 0x00, 0x00, 0x00
	.byte 0x00, 0x00, 0x00, 0x00, 0x00, 0x00, 0x00, 0x00, 0x00, 0x00, 0x00, 0x00, 0x00, 0x00, 0x00, 0x00
	.byte 0x00, 0x00, 0x00, 0x00, 0x00, 0x00, 0x00, 0x00, 0x00, 0x00, 0x00, 0x00, 0x00, 0x00, 0x00, 0x00
	.byte 0x00, 0x00, 0x00, 0x00, 0x00, 0x00, 0x00, 0x00, 0x00, 0x00, 0x00, 0x00, 0x00, 0x00, 0x00, 0x00
	.byte 0x00, 0x00, 0x00, 0x00, 0x00, 0x00, 0x00, 0x00, 0x00, 0x00, 0x00, 0x00, 0x00, 0x00, 0x00, 0x00
	.byte 0x00, 0x00, 0x00, 0x00, 0x00, 0x00, 0x00, 0x00, 0x00, 0x00, 0x00, 0x00, 0x00, 0x00, 0x00, 0x00
	.byte 0x00, 0x00, 0x00, 0x00, 0x00, 0x00, 0x00, 0x00, 0x00, 0x00, 0x00, 0x00, 0x00, 0x00, 0x00, 0x00
	.byte 0x00, 0x00, 0x00, 0x00, 0x00, 0x00, 0x00, 0x00, 0x00, 0x00, 0x00, 0x00, 0x00, 0x00, 0x00, 0x00
	.byte 0x00, 0x00, 0x00, 0x00, 0x00, 0x00, 0x00, 0x00, 0x00, 0x00, 0x00, 0x00, 0x00, 0x00, 0x00, 0x00
	.byte 0x00, 0x00, 0x00, 0x00, 0x00, 0x00, 0x00, 0x00, 0x00, 0x00, 0x00, 0x00, 0x00, 0x00, 0x00, 0x00
	.byte 0x00, 0x00, 0x00, 0x00, 0x00, 0x00, 0x00, 0x00, 0x00, 0x00, 0x00, 0x00, 0x00, 0x00, 0x00, 0x00
	.byte 0x00, 0x00, 0x00, 0x00, 0x00, 0x00, 0x00, 0x00, 0x00, 0x00, 0x00, 0x00, 0x00, 0x00, 0x00, 0x00
	.byte 0x00, 0x00, 0x00, 0x00, 0x00, 0x00, 0x00, 0x00, 0x00, 0x00, 0x00, 0x00, 0x00, 0x00, 0x00, 0x00
	.byte 0x00, 0x00, 0x00, 0x00, 0x00, 0x00, 0x00, 0x00, 0x00, 0x00, 0x00, 0x00, 0x00, 0x00, 0x00, 0x00
	.byte 0x00, 0x00, 0x00, 0x00, 0x00, 0x00, 0x00, 0x00, 0x00, 0x00, 0x00, 0x00, 0x00, 0x00, 0x00, 0x00
	.byte 0x00, 0x00, 0x00, 0x00, 0x00, 0x00, 0x00, 0x00, 0x00, 0x00, 0x00, 0x00, 0x00, 0x00, 0x00, 0x00
	.byte 0x00, 0x00, 0x00, 0x00, 0x00, 0x00, 0x00, 0x00, 0x00, 0x00, 0x00, 0x00, 0x00, 0x00, 0x00, 0x00
	.byte 0x00, 0x00, 0x00, 0x00, 0x00, 0x00, 0x00, 0x00, 0x00, 0x00, 0x00, 0x00, 0x00, 0x00, 0x00, 0x00
	.byte 0x00, 0x00, 0x00, 0x00, 0x00, 0x00, 0x00, 0x00, 0x00, 0x00, 0x00, 0x00, 0x00, 0x00, 0x00, 0x00
	.byte 0x00, 0x00, 0x00, 0x00, 0x00, 0x00, 0x00, 0x00, 0x00, 0x00, 0x00, 0x00, 0x00, 0x00, 0x00, 0x00
	.byte 0x00, 0x00, 0x00, 0x00, 0x00, 0x00, 0x00, 0x00, 0x00, 0x00, 0x00, 0x00, 0x00, 0x00, 0x00, 0x00
	.byte 0x00, 0x00, 0x00, 0x00, 0x00, 0x00, 0x00, 0x00, 0x00, 0x00, 0x00, 0x00, 0x00, 0x00, 0x00, 0x00
	.byte 0x00, 0x00, 0x00, 0x00, 0x00, 0x00, 0x00, 0x00, 0x00, 0x00, 0x00, 0x00, 0x00, 0x00, 0x00, 0x00
	.byte 0x00, 0x00, 0x00, 0x00, 0x00, 0x00, 0x00, 0x00, 0x00, 0x00, 0x00, 0x00, 0x00, 0x00, 0x00, 0x00
	.byte 0x00, 0x00, 0x00, 0x00, 0x00, 0x00, 0x00, 0x00, 0x00, 0x00, 0x00, 0x00, 0x00, 0x00, 0x00, 0x00
	.byte 0x00, 0x00, 0x00, 0x00, 0x00, 0x00, 0x00, 0x00, 0x00, 0x00, 0x00, 0x00, 0x00, 0x00, 0x00, 0x00
	.byte 0x00, 0x00, 0x00, 0x00, 0x00, 0x00, 0x00, 0x00, 0x00, 0x00, 0x00, 0x00, 0x00, 0x00, 0x00, 0x00
	.byte 0x00, 0x00, 0x00, 0x00, 0x00, 0x00, 0x00, 0x00, 0x00, 0x00, 0x00, 0x00, 0x00, 0x00, 0x00, 0x00
	.byte 0x00, 0x00, 0x00, 0x00, 0x00, 0x00, 0x00, 0x00, 0x00, 0x00, 0x00, 0x00, 0x00, 0x00, 0x00, 0x00
	.byte 0x00, 0x00, 0x00, 0x00, 0x00, 0x00, 0x00, 0x00, 0x00, 0x00, 0x00, 0x00, 0x00, 0x00, 0x00, 0x00
	.byte 0x00, 0x00, 0x00, 0x00, 0x00, 0x00, 0x00, 0x00, 0x00, 0x00, 0x00, 0x00, 0x00, 0x00, 0x00, 0x00
	.byte 0x00, 0x00, 0x00, 0x00, 0x00, 0x00, 0x00, 0x00, 0x00, 0x00, 0x00, 0x00, 0x00, 0x00, 0x00, 0x00
	.byte 0x00, 0x00, 0x00, 0x00, 0x00, 0x00, 0x00, 0x00, 0x00, 0x00, 0x00, 0x00, 0x00, 0x00, 0x00, 0x00
	.byte 0x00, 0x00, 0x00, 0x00, 0x00, 0x00, 0x00, 0x00, 0x00, 0x00, 0x00, 0x00, 0x00, 0x00, 0x00, 0x00
	.byte 0x00, 0x00, 0x00, 0x00, 0x00, 0x00, 0x00, 0x00, 0x00, 0x00, 0x00, 0x00, 0x00, 0x00, 0x00, 0x00
	.byte 0x00, 0x00, 0x00, 0x00, 0x00, 0x00, 0x00, 0x00, 0x00, 0x00, 0x00, 0x00, 0x00, 0x00, 0x00, 0x00
	.byte 0x00, 0x00, 0x00, 0x00, 0x00, 0x00, 0x00, 0x00, 0x00, 0x00, 0x00, 0x00, 0x00, 0x00, 0x00, 0x00
	.byte 0x00, 0x00, 0x00, 0x00, 0x00, 0x00, 0x00, 0x00, 0x00, 0x00, 0x00, 0x00, 0x00, 0x00, 0x00, 0x00
	.byte 0x00, 0x00, 0x00, 0x00, 0x00, 0x00, 0x00, 0x00, 0x00, 0x00, 0x00, 0x00, 0x00, 0x00, 0x00, 0x00
	.byte 0x00, 0x00, 0x00, 0x00, 0x00, 0x00, 0x00, 0x00, 0x00, 0x00, 0x00, 0x00, 0x00, 0x00, 0x00, 0x00
	.byte 0x00, 0x00, 0x00, 0x00, 0x00, 0x00, 0x00, 0x00, 0x00, 0x00, 0x00, 0x00, 0x00, 0x00, 0x00, 0x00
	.byte 0x00, 0x00, 0x00, 0x00, 0x00, 0x00, 0x00, 0x00, 0x00, 0x00, 0x00, 0x00, 0x00, 0x00, 0x00, 0x00
	.byte 0x00, 0x00, 0x00, 0x00, 0x00, 0x00, 0x00, 0x00, 0x00, 0x00, 0x00, 0x00, 0x00, 0x00, 0x00, 0x00
	.byte 0x00, 0x00, 0x00, 0x00, 0x00, 0x00, 0x00, 0x00, 0x00, 0x00, 0x00, 0x00, 0x00, 0x00, 0x00, 0x00
	.byte 0x00, 0x00, 0x00, 0x00, 0x00, 0x00, 0x00, 0x00, 0x00, 0x00, 0x00, 0x00, 0x00, 0x00, 0x00, 0x00
	.byte 0x00, 0x00, 0x00, 0x00, 0x00, 0x00, 0x00, 0x00, 0x00, 0x00, 0x00, 0x00, 0x00, 0x00, 0x00, 0x00
	.byte 0x00, 0x00, 0x00, 0x00, 0x00, 0x00, 0x00, 0x00, 0x00, 0x00, 0x00, 0x00, 0x00, 0x00, 0x00, 0x00
	.byte 0x00, 0x00, 0x00, 0x00, 0x00, 0x00, 0x00, 0x00, 0x00, 0x00, 0x00, 0x00, 0x00, 0x00, 0x00, 0x00
	.byte 0x00, 0x00, 0x00, 0x00, 0x00, 0x00, 0x00, 0x00, 0x00, 0x00, 0x00, 0x00, 0x00, 0x00, 0x00, 0x00
	.byte 0x00, 0x00, 0x00, 0x00, 0x00, 0x00, 0x00, 0x00, 0x00, 0x00, 0x00, 0x00, 0x00, 0x00, 0x00, 0x00
	.byte 0x00, 0x00, 0x00, 0x00, 0x00, 0x00, 0x00, 0x00, 0x00, 0x00, 0x00, 0x00, 0x00, 0x00, 0x00, 0x00
	.byte 0x00, 0x00, 0x00, 0x00, 0x00, 0x00, 0x00, 0x00, 0x00, 0x00, 0x00, 0x00, 0x00, 0x00, 0x00, 0x00
	.byte 0x00, 0x00, 0x00, 0x00, 0x00, 0x00, 0x00, 0x00, 0x00, 0x00, 0x00, 0x00, 0x00, 0x00, 0x00, 0x00
	.byte 0x00, 0x00, 0x00, 0x00, 0x00, 0x00, 0x00, 0x00, 0x00, 0x00, 0x00, 0x00, 0x00, 0x00, 0x00, 0x00
	.byte 0x00, 0x00, 0x00, 0x00, 0x00, 0x00, 0x00, 0x00, 0x00, 0x00, 0x00, 0x00, 0x00, 0x00, 0x00, 0x00
	.byte 0x00, 0x00, 0x00, 0x00, 0x00, 0x00, 0x00, 0x00, 0x00, 0x00, 0x00, 0x00, 0x00, 0x00, 0x00, 0x00
	.byte 0x00, 0x00, 0x00, 0x00, 0x00, 0x00, 0x00, 0x00, 0x00, 0x00, 0x00, 0x00, 0x00, 0x00, 0x00, 0x00
	.byte 0x00, 0x00, 0x00, 0x00, 0x00, 0x00, 0x00, 0x00, 0x00, 0x00, 0x00, 0x00, 0x00, 0x00, 0x00, 0x00
	.byte 0x00, 0x00, 0x00, 0x00, 0x00, 0x00, 0x00, 0x00, 0x00, 0x00, 0x00, 0x00, 0x00, 0x00, 0x00, 0x00
	.byte 0x00, 0x00, 0x00, 0x00, 0x00, 0x00, 0x00, 0x00, 0x00, 0x00, 0x00, 0x00, 0x00, 0x00, 0x00, 0x00
	.byte 0x00, 0x00, 0x00, 0x00, 0x00, 0x00, 0x00, 0x00, 0x00, 0x00, 0x00, 0x00, 0x00, 0x00, 0x00, 0x00
	.byte 0x00, 0x00, 0x00, 0x00, 0x00, 0x00, 0x00, 0x00, 0x00, 0x00, 0x00, 0x00, 0x00, 0x00, 0x00, 0x00
	.byte 0x00, 0x00, 0x00, 0x00, 0x00, 0x00, 0x00, 0x00, 0x00, 0x00, 0x00, 0x00, 0x00, 0x00, 0x00, 0x00
	.byte 0x00, 0x00, 0x00, 0x00, 0x00, 0x00, 0x00, 0x00, 0x00, 0x00, 0x00, 0x00, 0x00, 0x00, 0x00, 0x00
	.byte 0x00, 0x00, 0x00, 0x00, 0x00, 0x00, 0x00, 0x00, 0x00, 0x00, 0x00, 0x00, 0x00, 0x00, 0x00, 0x00
	.byte 0x00, 0x00, 0x00, 0x00, 0x00, 0x00, 0x00, 0x00, 0x00, 0x00, 0x00, 0x00, 0x00, 0x00, 0x00, 0x00
	.byte 0x00, 0x00, 0x00, 0x00, 0x00, 0x00, 0x00, 0x00, 0x00, 0x00, 0x00, 0x00, 0x00, 0x00, 0x00, 0x00
	.byte 0x00, 0x00, 0x00, 0x00, 0x00, 0x00, 0x00, 0x00, 0x00, 0x00, 0x00, 0x00, 0x00, 0x00, 0x00, 0x00
	.byte 0x00, 0x00, 0x00, 0x00, 0x00, 0x00, 0x00, 0x00, 0x00, 0x00, 0x00, 0x00, 0x00, 0x00, 0x00, 0x00
	.byte 0x00, 0x00, 0x00, 0x00, 0x00, 0x00, 0x00, 0x00, 0x00, 0x00, 0x00, 0x00, 0x00, 0x00, 0x00, 0x00
	.byte 0x00, 0x00, 0x00, 0x00, 0x00, 0x00, 0x00, 0x00, 0x00, 0x00, 0x00, 0x00, 0x00, 0x00, 0x00, 0x00
	.byte 0x00, 0x00, 0x00, 0x00, 0x00, 0x00, 0x00, 0x00, 0x00, 0x00, 0x00, 0x00, 0x00, 0x00, 0x00, 0x00
	.byte 0x00, 0x00, 0x00, 0x00, 0x00, 0x00, 0x00, 0x00, 0x00, 0x00, 0x00, 0x00, 0x00, 0x00, 0x00, 0x00
	.byte 0x00, 0x00, 0x00, 0x00, 0x00, 0x00, 0x00, 0x00, 0x00, 0x00, 0x00, 0x00, 0x00, 0x00, 0x00, 0x00
	.byte 0x00, 0x00, 0x00, 0x00, 0x00, 0x00, 0x00, 0x00, 0x00, 0x00, 0x00, 0x00, 0x00, 0x00, 0x00, 0x00
	.byte 0x00, 0x00, 0x00, 0x00, 0x00, 0x00, 0x00, 0x00, 0x00, 0x00, 0x00, 0x00, 0x00, 0x00, 0x00, 0x00
	.byte 0x00, 0x00, 0x00, 0x00, 0x00, 0x00, 0x00, 0x00, 0x00, 0x00, 0x00, 0x00, 0x00, 0x00, 0x00, 0x00
	.byte 0x00, 0x00, 0x00, 0x00, 0x00, 0x00, 0x00, 0x00, 0x00, 0x00, 0x00, 0x00, 0x00, 0x00, 0x00, 0x00
	.byte 0x00, 0x00, 0x00, 0x00, 0x00, 0x00, 0x00, 0x00, 0x00, 0x00, 0x00, 0x00, 0x00, 0x00, 0x00, 0x00
	.byte 0x00, 0x00, 0x00, 0x00, 0x00, 0x00, 0x00, 0x00, 0x00, 0x00, 0x00, 0x00, 0x00, 0x00, 0x00, 0x00
	.byte 0x00, 0x00, 0x00, 0x00, 0x00, 0x00, 0x00, 0x00, 0x00, 0x00, 0x00, 0x00, 0x00, 0x00, 0x00, 0x00
	.byte 0x00, 0x00, 0x00, 0x00, 0x00, 0x00, 0x00, 0x00, 0x00, 0x00, 0x00, 0x00, 0x00, 0x00, 0x00, 0x00
	.byte 0x00, 0x00, 0x00, 0x00, 0x00, 0x00, 0x00, 0x00, 0x00, 0x00, 0x00, 0x00, 0x00, 0x00, 0x00, 0x00
	.byte 0x00, 0x00, 0x00, 0x00, 0x00, 0x00, 0x00, 0x00, 0x00, 0x00, 0x00, 0x00, 0x00, 0x00, 0x00, 0x00
	.byte 0x00, 0x00, 0x00, 0x00, 0x00, 0x00, 0x00, 0x00, 0x00, 0x00, 0x00, 0x00, 0x00, 0x00, 0x00, 0x00
	.byte 0x00, 0x00, 0x00, 0x00, 0x00, 0x00, 0x00, 0x00, 0x00, 0x00, 0x00, 0x00, 0x00, 0x00, 0x00, 0x00
	.byte 0x00, 0x00, 0x00, 0x00, 0x00, 0x00, 0x00, 0x00, 0x00, 0x00, 0x00, 0x00, 0x00, 0x00, 0x00, 0x00
	.byte 0x00, 0x00, 0x00, 0x00, 0x00, 0x00, 0x00, 0x00, 0x00, 0x00, 0x00, 0x00, 0x00, 0x00, 0x00, 0x00
	.byte 0x00, 0x00, 0x00, 0x00, 0x00, 0x00, 0x00, 0x00, 0x00, 0x00, 0x00, 0x00, 0x00, 0x00, 0x00, 0x00
	.byte 0x00, 0x00, 0x00, 0x00, 0x00, 0x00, 0x00, 0x00, 0x00, 0x00, 0x00, 0x00, 0x00, 0x00, 0x00, 0x00
	.byte 0x00, 0x00, 0x00, 0x00, 0x00, 0x00, 0x00, 0x00, 0x00, 0x00, 0x00, 0x00, 0x00, 0x00, 0x00, 0x00
	.byte 0x00, 0x00, 0x00, 0x00, 0x00, 0x00, 0x00, 0x00, 0x00, 0x00, 0x00, 0x00, 0x00, 0x00, 0x00, 0x00
	.byte 0x00, 0x00, 0x00, 0x00, 0x00, 0x00, 0x00, 0x00, 0x00, 0x00, 0x00, 0x00, 0x00, 0x00, 0x00, 0x00
	.byte 0x00, 0x00, 0x00, 0x00, 0x00, 0x00, 0x00, 0x00, 0x00, 0x00, 0x00, 0x00, 0x00, 0x00, 0x00, 0x00
	.byte 0x00, 0x00, 0x00, 0x00, 0x00, 0x00, 0x00, 0x00, 0x00, 0x00, 0x00, 0x00, 0x00, 0x00, 0x00, 0x00
	.byte 0x00, 0x00, 0x00, 0x00, 0x00, 0x00, 0x00, 0x00, 0x00, 0x00, 0x00, 0x00, 0x00, 0x00, 0x00, 0x00
	.byte 0x00, 0x00, 0x00, 0x00, 0x00, 0x00, 0x00, 0x00, 0x00, 0x00, 0x00, 0x00, 0x00, 0x00, 0x00, 0x00
	.byte 0x00, 0x00, 0x00, 0x00, 0x00, 0x00, 0x00, 0x00, 0x00, 0x00, 0x00, 0x00, 0x00, 0x00, 0x00, 0x00
	.byte 0x00, 0x00, 0x00, 0x00, 0x00, 0x00, 0x00, 0x00, 0x00, 0x00, 0x00, 0x00, 0x00, 0x00, 0x00, 0x00
	.byte 0x00, 0x00, 0x00, 0x00, 0x00, 0x00, 0x00, 0x00, 0x00, 0x00, 0x00, 0x00, 0x00, 0x00, 0x00, 0x00
	.byte 0x00, 0x00, 0x00, 0x00, 0x00, 0x00, 0x00, 0x00, 0x00, 0x00, 0x00, 0x00, 0x00, 0x00, 0x00, 0x00
	.byte 0x00, 0x00, 0x00, 0x00, 0x00, 0x00, 0x00, 0x00, 0x00, 0x00, 0x00, 0x00, 0x00, 0x00, 0x00, 0x00
	.byte 0x00, 0x00, 0x00, 0x00, 0x00, 0x00, 0x00, 0x00, 0x00, 0x00, 0x00, 0x00, 0x00, 0x00, 0x00, 0x00
	.byte 0x00, 0x00, 0x00, 0x00, 0x00, 0x00, 0x00, 0x00, 0x00, 0x00, 0x00, 0x00, 0x00, 0x00, 0x00, 0x00
	.byte 0x00, 0x00, 0x00, 0x00, 0x00, 0x00, 0x00, 0x00, 0x00, 0x00, 0x00, 0x00, 0x00, 0x00, 0x00, 0x00
	.byte 0x00, 0x00, 0x00, 0x00, 0x00, 0x00, 0x00, 0x00, 0x00, 0x00, 0x00, 0x00, 0x00, 0x00, 0x00, 0x00
	.byte 0x00, 0x00, 0x00, 0x00, 0x00, 0x00, 0x00, 0x00, 0x00, 0x00, 0x00, 0x00, 0x00, 0x00, 0x00, 0x00
	.byte 0x00, 0x00, 0x00, 0x00, 0x00, 0x00, 0x00, 0x00, 0x00, 0x00, 0x00, 0x00, 0x00, 0x00, 0x00, 0x00
	.byte 0x00, 0x00, 0x00, 0x00, 0x00, 0x00, 0x00, 0x00, 0x00, 0x00, 0x00, 0x00, 0x00, 0x00, 0x00, 0x00
	.byte 0x00, 0x00, 0x00, 0x00, 0x00, 0x00, 0x00, 0x00, 0x00, 0x00, 0x00, 0x00, 0x00, 0x00, 0x00, 0x00
	.byte 0x00, 0x00, 0x00, 0x00, 0x00, 0x00, 0x00, 0x00, 0x00, 0x00, 0x00, 0x00, 0x00, 0x00, 0x00, 0x00
	.byte 0x00, 0x00, 0x00, 0x00, 0x00, 0x00, 0x00, 0x00, 0x00, 0x00, 0x00, 0x00, 0x00, 0x00, 0x00, 0x00
	.byte 0x00, 0x00, 0x00, 0x00, 0x00, 0x00, 0x00, 0x00, 0x00, 0x00, 0x00, 0x00, 0x00, 0x00, 0x00, 0x00
	.byte 0x00, 0x00, 0x00, 0x00, 0x00, 0x00, 0x00, 0x00, 0x00, 0x00, 0x00, 0x00, 0x00, 0x00, 0x00, 0x00
	.byte 0x00, 0x00, 0x00, 0x00, 0x00, 0x00, 0x00, 0x00, 0x00, 0x00, 0x00, 0x00, 0x00, 0x00, 0x00, 0x00
	.byte 0x00, 0x00, 0x00, 0x00, 0x00, 0x00, 0x00, 0x00, 0x00, 0x00, 0x00, 0x00, 0x00, 0x00, 0x00, 0x00
	.byte 0x00, 0x00, 0x00, 0x00, 0x00, 0x00, 0x00, 0x00, 0x00, 0x00, 0x00, 0x00, 0x00, 0x00, 0x00, 0x00
	.byte 0x00, 0x00, 0x00, 0x00, 0x00, 0x00, 0x00, 0x00, 0x00, 0x00, 0x00, 0x00, 0x00, 0x00, 0x00, 0x00
	.byte 0x00, 0x00, 0x00, 0x00, 0x00, 0x00, 0x00, 0x00, 0x00, 0x00, 0x00, 0x00, 0x00, 0x00, 0x00, 0x00
	.byte 0x00, 0x00, 0x00, 0x00, 0x00, 0x00, 0x00, 0x00, 0x00, 0x00, 0x00, 0x00, 0x00, 0x00, 0x00, 0x00
	.byte 0x00, 0x00, 0x00, 0x00, 0x00, 0x00, 0x00, 0x00, 0x00, 0x00, 0x00, 0x00, 0x00, 0x00, 0x00, 0x00
	.byte 0x00, 0x00, 0x00, 0x00, 0x00, 0x00, 0x00, 0x00, 0x00, 0x00, 0x00, 0x00, 0x00, 0x00, 0x00, 0x00
	.byte 0x00, 0x00, 0x00, 0x00, 0x00, 0x00, 0x00, 0x00, 0x00, 0x00, 0x00, 0x00, 0x00, 0x00, 0x00, 0x00
	.byte 0x00, 0x00, 0x00, 0x00, 0x00, 0x00, 0x00, 0x00, 0x00, 0x00, 0x00, 0x00, 0x00, 0x00, 0x00, 0x00
	.byte 0x00, 0x00, 0x00, 0x00, 0x00, 0x00, 0x00, 0x00, 0x00, 0x00, 0x00, 0x00, 0x00, 0x00, 0x00, 0x00
	.byte 0x00, 0x00, 0x00, 0x00, 0x00, 0x00, 0x00, 0x00, 0x00, 0x00, 0x00, 0x00, 0x00, 0x00, 0x00, 0x00
	.byte 0x00, 0x00, 0x00, 0x00, 0x00, 0x00, 0x00, 0x00, 0x00, 0x00, 0x00, 0x00, 0x00, 0x00, 0x00, 0x00
	.byte 0x00, 0x00, 0x00, 0x00, 0x00, 0x00, 0x00, 0x00, 0x00, 0x00, 0x00, 0x00, 0x00, 0x00, 0x00, 0x00
	.byte 0x00, 0x00, 0x00, 0x00, 0x00, 0x00, 0x00, 0x00, 0x00, 0x00, 0x00, 0x00, 0x00, 0x00, 0x00, 0x00
	.byte 0x00, 0x00, 0x00, 0x00, 0x00, 0x00, 0x00, 0x00, 0x00, 0x00, 0x00, 0x00, 0x00, 0x00, 0x00, 0x00
	.byte 0x00, 0x00, 0x00, 0x00, 0x00, 0x00, 0x00, 0x00, 0x00, 0x00, 0x00, 0x00, 0x00, 0x00, 0x00, 0x00
	.byte 0x00, 0x00, 0x00, 0x00, 0x00, 0x00, 0x00, 0x00, 0x00, 0x00, 0x00, 0x00, 0x00, 0x00, 0x00, 0x00
	.byte 0x00, 0x00, 0x00, 0x00, 0x00, 0x00, 0x00, 0x00, 0x00, 0x00, 0x00, 0x00, 0x00, 0x00, 0x00, 0x00
	.byte 0x00, 0x00, 0x00, 0x00, 0x00, 0x00, 0x00, 0x00, 0x00, 0x00, 0x00, 0x00, 0x00, 0x00, 0x00, 0x00
	.byte 0x00, 0x00, 0x00, 0x00, 0x00, 0x00, 0x00, 0x00, 0x00, 0x00, 0x00, 0x00, 0x00, 0x00, 0x00, 0x00
	.byte 0x00, 0x00, 0x00, 0x00, 0x00, 0x00, 0x00, 0x00, 0x00, 0x00, 0x00, 0x00, 0x00, 0x00, 0x00, 0x00
	.byte 0x00, 0x00, 0x00, 0x00, 0x00, 0x00, 0x00, 0x00, 0x00, 0x00, 0x00, 0x00, 0x00, 0x00, 0x00, 0x00
	.byte 0x00, 0x00, 0x00, 0x00, 0x00, 0x00, 0x00, 0x00, 0x00, 0x00, 0x00, 0x00, 0x00, 0x00, 0x00, 0x00
	.byte 0x00, 0x00, 0x00, 0x00, 0x00, 0x00, 0x00, 0x00, 0x00, 0x00, 0x00, 0x00, 0x00, 0x00, 0x00, 0x00
	.byte 0x00, 0x00, 0x00, 0x00, 0x00, 0x00, 0x00, 0x00, 0x00, 0x00, 0x00, 0x00, 0x00, 0x00, 0x00, 0x00
	.byte 0x00, 0x00, 0x00, 0x00, 0x00, 0x00, 0x00, 0x00, 0x00, 0x00, 0x00, 0x00, 0x00, 0x00, 0x00, 0x00
	.byte 0x00, 0x00, 0x00, 0x00, 0x00, 0x00, 0x00, 0x00, 0x00, 0x00, 0x00, 0x00, 0x00, 0x00, 0x00, 0x00
	.byte 0x00, 0x00, 0x00, 0x00, 0x00, 0x00, 0x00, 0x00, 0x00, 0x00, 0x00, 0x00, 0x00, 0x00, 0x00, 0x00
	.byte 0x00, 0x00, 0x00, 0x00, 0x00, 0x00, 0x00, 0x00, 0x00, 0x00, 0x00, 0x00, 0x00, 0x00, 0x00, 0x00
	.byte 0x00, 0x00, 0x00, 0x00, 0x00, 0x00, 0x00, 0x00, 0x00, 0x00, 0x00, 0x00, 0x00, 0x00, 0x00, 0x00
	.byte 0x00, 0x00, 0x00, 0x00, 0x00, 0x00, 0x00, 0x00, 0x00, 0x00, 0x00, 0x00, 0x00, 0x00, 0x00, 0x00
	.byte 0x00, 0x00, 0x00, 0x00, 0x00, 0x00, 0x00, 0x00, 0x00, 0x00, 0x00, 0x00, 0x00, 0x00, 0x00, 0x00
	.byte 0x00, 0x00, 0x00, 0x00, 0x00, 0x00, 0x00, 0x00, 0x00, 0x00, 0x00, 0x00, 0x00, 0x00, 0x00, 0x00
	.byte 0x00, 0x00, 0x00, 0x00, 0x00, 0x00, 0x00, 0x00, 0x00, 0x00, 0x00, 0x00, 0x00, 0x00, 0x00, 0x00
	.byte 0x00, 0x00, 0x00, 0x00, 0x00, 0x00, 0x00, 0x00, 0x00, 0x00, 0x00, 0x00, 0x00, 0x00, 0x00, 0x00
	.byte 0x00, 0x00, 0x00, 0x00, 0x00, 0x00, 0x00, 0x00, 0x00, 0x00, 0x00, 0x00, 0x00, 0x00, 0x00, 0x00
	.byte 0x00, 0x00, 0x00, 0x00, 0x00, 0x00, 0x00, 0x00, 0x00, 0x00, 0x00, 0x00, 0x00, 0x00, 0x00, 0x00
	.byte 0x00, 0x00, 0x00, 0x00, 0x00, 0x00, 0x00, 0x00, 0x00, 0x00, 0x00, 0x00, 0x00, 0x00, 0x00, 0x00
	.byte 0x00, 0x00, 0x00, 0x00, 0x00, 0x00, 0x00, 0x00, 0x00, 0x00, 0x00, 0x00, 0x00, 0x00, 0x00, 0x00
	.byte 0x00, 0x00, 0x00, 0x00, 0x00, 0x00, 0x00, 0x00, 0x00, 0x00, 0x00, 0x00, 0x00, 0x00, 0x00, 0x00
	.byte 0x00, 0x00, 0x00, 0x00, 0x00, 0x00, 0x00, 0x00, 0x00, 0x00, 0x00, 0x00, 0x00, 0x00, 0x00, 0x00
	.byte 0x00, 0x00, 0x00, 0x00, 0x00, 0x00, 0x00, 0x00, 0x00, 0x00, 0x00, 0x00, 0x00, 0x00, 0x00, 0x00
	.byte 0x00, 0x00, 0x00, 0x00, 0x00, 0x00, 0x00, 0x00, 0x00, 0x00, 0x00, 0x00, 0x00, 0x00, 0x00, 0x00
	.byte 0x00, 0x00, 0x00, 0x00, 0x00, 0x00, 0x00, 0x00, 0x00, 0x00, 0x00, 0x00, 0x00, 0x00, 0x00, 0x00
	.byte 0x00, 0x00, 0x00, 0x00, 0x00, 0x00, 0x00, 0x00, 0x00, 0x00, 0x00, 0x00, 0x00, 0x00, 0x00, 0x00
	.byte 0x00, 0x00, 0x00, 0x00, 0x00, 0x00, 0x00, 0x00, 0x00, 0x00, 0x00, 0x00, 0x00, 0x00, 0x00, 0x00
	.byte 0x00, 0x00, 0x00, 0x00, 0x00, 0x00, 0x00, 0x00, 0x00, 0x00, 0x00, 0x00, 0x00, 0x00, 0x00, 0x00
	.byte 0x00, 0x00, 0x00, 0x00, 0x00, 0x00, 0x00, 0x00, 0x00, 0x00, 0x00, 0x00, 0x00, 0x00, 0x00, 0x00
	.byte 0x00, 0x00, 0x00, 0x00, 0x00, 0x00, 0x00, 0x00, 0x00, 0x00, 0x00, 0x00, 0x00, 0x00, 0x00, 0x00
	.byte 0x00, 0x00, 0x00, 0x00, 0x00, 0x00, 0x00, 0x00, 0x00, 0x00, 0x00, 0x00, 0x00, 0x00, 0x00, 0x00
	.byte 0x00, 0x00, 0x00, 0x00, 0x00, 0x00, 0x00, 0x00, 0x00, 0x00, 0x00, 0x00, 0x00, 0x00, 0x00, 0x00
	.byte 0x00, 0x00, 0x00, 0x00, 0x00, 0x00, 0x00, 0x00, 0x00, 0x00, 0x00, 0x00, 0x00, 0x00, 0x00, 0x00
	.byte 0x00, 0x00, 0x00, 0x00, 0x00, 0x00, 0x00, 0x00, 0x00, 0x00, 0x00, 0x00, 0x00, 0x00, 0x00, 0x00
	.byte 0x00, 0x00, 0x00, 0x00, 0x00, 0x00, 0x00, 0x00, 0x00, 0x00, 0x00, 0x00, 0x00, 0x00, 0x00, 0x00
	.byte 0x00, 0x00, 0x00, 0x00, 0x00, 0x00, 0x00, 0x00, 0x00, 0x00, 0x00, 0x00, 0x00, 0x00, 0x00, 0x00
	.byte 0x00, 0x00, 0x00, 0x00, 0x00, 0x00, 0x00, 0x00, 0x00, 0x00, 0x00, 0x00, 0x00, 0x00, 0x00, 0x00
	.byte 0x00, 0x00, 0x00, 0x00, 0x00, 0x00, 0x00, 0x00, 0x00, 0x00, 0x00, 0x00, 0x00, 0x00, 0x00, 0x00
	.byte 0x00, 0x00, 0x00, 0x00, 0x00, 0x00, 0x00, 0x00, 0x00, 0x00, 0x00, 0x00, 0x00, 0x00, 0x00, 0x00
	.byte 0x00, 0x00, 0x00, 0x00, 0x00, 0x00, 0x00, 0x00, 0x00, 0x00, 0x00, 0x00, 0x00, 0x00, 0x00, 0x00
	.byte 0x00, 0x00, 0x00, 0x00, 0x00, 0x00, 0x00, 0x00, 0x00, 0x00, 0x00, 0x00, 0x00, 0x00, 0x00, 0x00
	.byte 0x00, 0x00, 0x00, 0x00, 0x00, 0x00, 0x00, 0x00, 0x00, 0x00, 0x00, 0x00, 0x00, 0x00, 0x00, 0x00
	.byte 0x00, 0x00, 0x00, 0x00, 0x00, 0x00, 0x00, 0x00, 0x00, 0x00, 0x00, 0x00, 0x00, 0x00, 0x00, 0x00
	.byte 0x00, 0x00, 0x00, 0x00, 0x00, 0x00, 0x00, 0x00, 0x00, 0x00, 0x00, 0x00, 0x00, 0x00, 0x00, 0x00
	.byte 0x00, 0x00, 0x00, 0x00, 0x00, 0x00, 0x00, 0x00, 0x00, 0x00, 0x00, 0x00, 0x00, 0x00, 0x00, 0x00
	.byte 0x00, 0x00, 0x00, 0x00, 0x00, 0x00, 0x00, 0x00, 0x00, 0x00, 0x00, 0x00, 0x00, 0x00, 0x00, 0x00
	.byte 0x00, 0x00, 0x00, 0x00, 0x00, 0x00, 0x00, 0x00, 0x00, 0x00, 0x00, 0x00, 0x00, 0x00, 0x00, 0x00
	.byte 0x00, 0x00, 0x00, 0x00, 0x00, 0x00, 0x00, 0x00, 0x00, 0x00, 0x00, 0x00, 0x00, 0x00, 0x00, 0x00
	.byte 0x00, 0x00, 0x00, 0x00, 0x00, 0x00, 0x00, 0x00, 0x00, 0x00, 0x00, 0x00, 0x00, 0x00, 0x00, 0x00
	.byte 0x00, 0x00, 0x00, 0x00, 0x00, 0x00, 0x00, 0x00, 0x00, 0x00, 0x00, 0x00, 0x00, 0x00, 0x00, 0x00
	.byte 0x00, 0x00, 0x00, 0x00, 0x00, 0x00, 0x00, 0x00, 0x00, 0x00, 0x00, 0x00, 0x00, 0x00, 0x00, 0x00
	.byte 0x00, 0x00, 0x00, 0x00, 0x00, 0x00, 0x00, 0x00, 0x00, 0x00, 0x00, 0x00, 0x00, 0x00, 0x00, 0x00
	.byte 0x00, 0x00, 0x00, 0x00, 0x00, 0x00, 0x00, 0x00, 0x00, 0x00, 0x00, 0x00, 0x00, 0x00, 0x00, 0x00
	.byte 0x00, 0x00, 0x00, 0x00, 0x00, 0x00, 0x00, 0x00, 0x00, 0x00, 0x00, 0x00, 0x00, 0x00, 0x00, 0x00
	.byte 0x00, 0x00, 0x00, 0x00, 0x00, 0x00, 0x00, 0x00, 0x00, 0x00, 0x00, 0x00, 0x00, 0x00, 0x00, 0x00
	.byte 0x00, 0x00, 0x00, 0x00, 0x00, 0x00, 0x00, 0x00, 0x00, 0x00, 0x00, 0x00, 0x00, 0x00, 0x00, 0x00
	.byte 0x00, 0x00, 0x00, 0x00, 0x00, 0x00, 0x00, 0x00, 0x00, 0x00, 0x00, 0x00, 0x00, 0x00, 0x00, 0x00
	.byte 0x00, 0x00, 0x00, 0x00, 0x00, 0x00, 0x00, 0x00, 0x00, 0x00, 0x00, 0x00, 0x00, 0x00, 0x00, 0x00
	.byte 0x00, 0x00, 0x00, 0x00, 0x00, 0x00, 0x00, 0x00, 0x00, 0x00, 0x00, 0x00, 0x00, 0x00, 0x00, 0x00
	.byte 0x00, 0x00, 0x00, 0x00, 0x00, 0x00, 0x00, 0x00, 0x00, 0x00, 0x00, 0x00, 0x00, 0x00, 0x00, 0x00
	.byte 0x00, 0x00, 0x00, 0x00, 0x00, 0x00, 0x00, 0x00, 0x00, 0x00, 0x00, 0x00, 0x00, 0x00, 0x00, 0x00
	.byte 0x00, 0x00, 0x00, 0x00, 0x00, 0x00, 0x00, 0x00, 0x00, 0x00, 0x00, 0x00, 0x00, 0x00, 0x00, 0x00
	.byte 0x00, 0x00, 0x00, 0x40, 0x00, 0x00, 0x40, 0x68, 0x00, 0x00, 0xE4, 0x86, 0x00, 0x40, 0x66, 0xE8
	.byte 0x00, 0x80, 0x86, 0x66, 0x00, 0x00, 0x00, 0x00, 0x00, 0x00, 0x00, 0x00, 0x00, 0x00, 0x00, 0x00
	.byte 0x44, 0x84, 0x00, 0x00, 0x86, 0x68, 0x4F, 0x00, 0x68, 0x66, 0x87, 0x0F, 0x76, 0x8F, 0x13, 0xF3
	.byte 0x47, 0x11, 0x11, 0x42, 0x00, 0x00, 0x00, 0x00, 0x00, 0x00, 0x00, 0x00, 0x00, 0x00, 0x00, 0x00
	.byte 0x00, 0x00, 0x00, 0x00, 0x00, 0x00, 0x00, 0x00, 0x00, 0x00, 0x00, 0x00, 0x00, 0x00, 0x00, 0x00
	.byte 0x00, 0x00, 0x00, 0x00, 0x00, 0x00, 0x00, 0x00, 0x00, 0x00, 0x00, 0x00, 0x00, 0x00, 0x00, 0x00
	.byte 0x00, 0x00, 0x00, 0x00, 0x00, 0x00, 0x00, 0x00, 0x00, 0x00, 0x00, 0x00, 0x00, 0x00, 0x00, 0x00
	.byte 0x00, 0x00, 0x00, 0x00, 0x00, 0x00, 0x00, 0x00, 0x00, 0x00, 0x00, 0x00, 0x00, 0x00, 0x00, 0x00
	.byte 0x00, 0x00, 0x00, 0x00, 0x00, 0x00, 0x00, 0x00, 0x00, 0x00, 0x00, 0x00, 0x00, 0x00, 0x00, 0x00
	.byte 0x00, 0x00, 0x00, 0x00, 0x00, 0x00, 0x00, 0x00, 0x00, 0x00, 0x00, 0x00, 0x00, 0x00, 0x00, 0x00
	.byte 0x00, 0x00, 0x00, 0x00, 0x00, 0x00, 0x00, 0x00, 0x00, 0x00, 0x00, 0x00, 0x00, 0x00, 0x00, 0x00
	.byte 0x00, 0x00, 0x00, 0x00, 0x00, 0x00, 0x00, 0x00, 0x00, 0x00, 0x00, 0x00, 0x00, 0x00, 0x00, 0x00
	.byte 0x00, 0x00, 0x00, 0x00, 0x00, 0x00, 0x00, 0x00, 0x00, 0x00, 0x00, 0x00, 0x00, 0x00, 0x00, 0x00
	.byte 0x00, 0x00, 0x00, 0x00, 0x00, 0x00, 0x00, 0x00, 0x00, 0x00, 0x00, 0x00, 0x00, 0x00, 0x00, 0x00
	.byte 0x00, 0x00, 0x00, 0x00, 0x00, 0x00, 0x00, 0x00, 0x00, 0x00, 0x00, 0x00, 0x00, 0x00, 0x00, 0x00
	.byte 0x00, 0x00, 0x00, 0x00, 0x00, 0x00, 0x00, 0x00, 0x00, 0x00, 0x00, 0x00, 0x00, 0x00, 0x00, 0x78
	.byte 0x00, 0x00, 0x8D, 0x83, 0x00, 0xD0, 0x77, 0xF3, 0x00, 0x80, 0x87, 0xF7, 0x00, 0x7D, 0xF7, 0x18
	.byte 0x00, 0x7D, 0xF7, 0x12, 0x00, 0x00, 0x00, 0x00, 0x00, 0x00, 0x00, 0x00, 0xD8, 0xF0, 0x78, 0x0D
	.byte 0x8F, 0x78, 0x8F, 0x83, 0xFF, 0xF8, 0xFF, 0x83, 0x27, 0x11, 0xF2, 0x87, 0x11, 0x11, 0x11, 0x8F
	.byte 0x11, 0x11, 0x11, 0x82, 0x00, 0x00, 0x00, 0x00, 0x00, 0x00, 0x00, 0x00, 0x00, 0x00, 0x00, 0x00
	.byte 0x0D, 0x00, 0x00, 0x00, 0xF8, 0x00, 0x00, 0x00, 0x88, 0x0F, 0x00, 0x00, 0x8F, 0xFF, 0x00, 0x00
	.byte 0x82, 0xF8, 0x00, 0x00, 0x00, 0x00, 0x00, 0x00, 0x00, 0x00, 0x00, 0x00, 0x00, 0x00, 0x00, 0x00
	.byte 0x00, 0x00, 0x00, 0x00, 0x00, 0x00, 0x00, 0x00, 0x00, 0x00, 0x00, 0x00, 0x00, 0x00, 0x00, 0x00
	.byte 0x00, 0x00, 0x00, 0x00, 0x00, 0x00, 0x00, 0x00, 0x00, 0x00, 0x00, 0x00, 0x00, 0x00, 0x00, 0x00
	.byte 0x00, 0x00, 0x00, 0x00, 0x00, 0x00, 0x00, 0x00, 0x00, 0x00, 0x00, 0x00, 0x00, 0x00, 0x00, 0x00
	.byte 0x00, 0x00, 0x00, 0x00, 0x00, 0x00, 0x00, 0x00, 0x00, 0x00, 0x00, 0x00, 0x00, 0x00, 0x00, 0x00
	.byte 0x00, 0x00, 0x00, 0x00, 0x00, 0x00, 0x00, 0x00, 0x00, 0x00, 0x00, 0x00, 0x00, 0x00, 0x00, 0x00
	.byte 0x00, 0x00, 0x00, 0x00, 0x00, 0x00, 0x00, 0x00, 0x00, 0x00, 0x00, 0x00, 0x00, 0x00, 0x00, 0x00
	.byte 0x00, 0x00, 0x00, 0x00, 0x00, 0x00, 0x00, 0x00, 0x00, 0x00, 0x00, 0x00, 0x00, 0x00, 0x00, 0x00
	.byte 0x00, 0x00, 0x00, 0x00, 0x00, 0x00, 0x00, 0x00, 0x00, 0x00, 0x00, 0x00, 0x00, 0x00, 0x00, 0x00
	.byte 0x00, 0x00, 0x00, 0x00, 0x00, 0x00, 0x00, 0x00, 0x00, 0x00, 0x00, 0x00, 0x00, 0x00, 0x00, 0x40
	.byte 0x00, 0x00, 0x00, 0x80, 0x00, 0x64, 0x77, 0x47, 0x00, 0x68, 0x78, 0x84, 0x40, 0x76, 0xF8, 0x38
	.byte 0x80, 0xF6, 0x11, 0x18, 0x64, 0xF6, 0x32, 0x12, 0x68, 0x86, 0x13, 0x12, 0x66, 0x88, 0x44, 0x23
	.byte 0x86, 0x77, 0x88, 0xD4, 0x8F, 0x88, 0x11, 0x31, 0x21, 0x22, 0x18, 0x21, 0xF1, 0x24, 0x13, 0x21
	.byte 0xF1, 0x3E, 0x11, 0x41, 0x11, 0x11, 0x11, 0xF3, 0x11, 0x11, 0x11, 0xF2, 0x11, 0x13, 0x11, 0x31
	.byte 0x22, 0xE2, 0x2C, 0xDF, 0x04, 0x00, 0x00, 0x00, 0x0F, 0x00, 0x00, 0x00, 0xDF, 0x0D, 0x00, 0x00
	.byte 0x33, 0xD3, 0x0D, 0x00, 0x33, 0x33, 0x32, 0x0D, 0x3D, 0x23, 0x11, 0xD1, 0xD0, 0x1D, 0x11, 0xA1
	.byte 0x1D, 0x11, 0x21, 0x0D, 0x00, 0x00, 0x00, 0x00, 0x00, 0x00, 0x00, 0x00, 0x00, 0x00, 0x00, 0x00
	.byte 0x00, 0x00, 0x00, 0x00, 0x00, 0x00, 0x00, 0x00, 0x00, 0x00, 0x00, 0x00, 0x00, 0x00, 0x00, 0x00
	.byte 0x00, 0x00, 0x00, 0x00, 0x00, 0x00, 0x00, 0x00, 0x00, 0x00, 0x00, 0x00, 0x00, 0x00, 0x00, 0x00
	.byte 0x00, 0x00, 0x00, 0x00, 0x00, 0x00, 0x00, 0x00, 0x00, 0x00, 0x00, 0x00, 0x00, 0x00, 0x00, 0x00
	.byte 0x00, 0x00, 0x00, 0x00, 0x00, 0x00, 0x00, 0x00, 0x00, 0x00, 0x00, 0x00, 0x00, 0x00, 0x00, 0x00
	.byte 0x00, 0x00, 0x00, 0x00, 0x00, 0x00, 0x00, 0x00, 0x00, 0x00, 0x00, 0x00, 0x00, 0x00, 0x00, 0x00
	.byte 0x00, 0x00, 0x00, 0x00, 0x00, 0x00, 0x00, 0x00, 0x00, 0x00, 0x00, 0x00, 0x00, 0x00, 0x00, 0x00
	.byte 0x00, 0x00, 0x00, 0x00, 0x00, 0x00, 0x00, 0x00, 0x00, 0x00, 0x00, 0x00, 0x00, 0x00, 0x00, 0x00
	.byte 0x00, 0x00, 0x00, 0x00, 0x00, 0x00, 0x00, 0x00, 0x00, 0x00, 0x00, 0x00, 0x00, 0x00, 0x00, 0x00
	.byte 0x00, 0x00, 0x00, 0x00, 0x00, 0x00, 0x00, 0x00, 0x00, 0x00, 0x00, 0x00, 0x00, 0x00, 0x00, 0x00
	.byte 0x00, 0x00, 0x00, 0x00, 0x00, 0x7D, 0x18, 0x47, 0x00, 0x80, 0x18, 0x22, 0x80, 0x2D, 0x18, 0xE3
	.byte 0x00, 0x23, 0x13, 0xE3, 0x00, 0x23, 0x17, 0x11, 0x00, 0x30, 0x24, 0x11, 0x00, 0x00, 0x84, 0x11
	.byte 0x00, 0x00, 0x4D, 0x13, 0x12, 0x11, 0x42, 0x27, 0x17, 0x11, 0x27, 0x23, 0x16, 0x11, 0x63, 0x2E
	.byte 0x1F, 0x11, 0xF2, 0x2E, 0x11, 0x11, 0x11, 0x21, 0x11, 0x21, 0x11, 0x22, 0x13, 0x21, 0x72, 0x22
	.byte 0x31, 0x47, 0x27, 0xD2, 0x82, 0xF8, 0x00, 0x00, 0xD2, 0x0F, 0x00, 0x00, 0xD2, 0xD2, 0x00, 0x00
	.byte 0x72, 0xD2, 0x0D, 0x00, 0xD2, 0x73, 0x00, 0x00, 0xD4, 0x07, 0x00, 0x00, 0xDD, 0x00, 0x00, 0x00
	.byte 0xDD, 0x00, 0x00, 0x00, 0x00, 0x00, 0x00, 0x00, 0x00, 0x00, 0x00, 0x00, 0x00, 0x00, 0x00, 0x00
	.byte 0x00, 0x00, 0x00, 0x00, 0x00, 0x00, 0x00, 0x00, 0x00, 0x00, 0x00, 0x00, 0x00, 0x00, 0x00, 0x00
	.byte 0x00, 0x00, 0x00, 0x00, 0x00, 0x00, 0x00, 0x00, 0x00, 0x00, 0x00, 0x00, 0x00, 0x00, 0x00, 0x00
	.byte 0x00, 0x00, 0x00, 0x00, 0x00, 0x00, 0x00, 0x00, 0x00, 0x00, 0x00, 0x00, 0x00, 0x00, 0x00, 0x00
	.byte 0x00, 0x00, 0x00, 0x00, 0x00, 0x00, 0x00, 0xBD, 0x00, 0x00, 0xD0, 0xEB, 0x00, 0x00, 0xC0, 0xAD
	.byte 0x00, 0x00, 0xC0, 0xEA, 0x00, 0x00, 0xF0, 0x99, 0x00, 0x00, 0x00, 0x5F, 0x00, 0x00, 0x00, 0x00
	.byte 0x00, 0x00, 0x00, 0x00, 0xCB, 0x00, 0x00, 0x00, 0xB2, 0x0D, 0x00, 0x00, 0xCB, 0x0A, 0x00, 0x00
	.byte 0xAA, 0x0A, 0x00, 0x00, 0x55, 0x0F, 0x00, 0x00, 0xF5, 0x00, 0x00, 0x00, 0x00, 0x00, 0x00, 0x00
	.byte 0x00, 0x00, 0x00, 0x00, 0x00, 0x00, 0x00, 0x64, 0x00, 0x00, 0x00, 0x80, 0x00, 0x00, 0x00, 0x00
	.byte 0x00, 0x00, 0x00, 0x00, 0x00, 0x00, 0x00, 0x00, 0x00, 0x00, 0x00, 0x00, 0x00, 0x00, 0x00, 0x00
	.byte 0x00, 0x00, 0x00, 0x34, 0x78, 0x87, 0x48, 0xFF, 0x74, 0x88, 0xFF, 0xF0, 0x80, 0xF8, 0x00, 0xF0
	.byte 0x00, 0x00, 0xA0, 0x9F, 0x00, 0x00, 0x64, 0x96, 0x00, 0x34, 0xA2, 0x69, 0x34, 0x22, 0xF2, 0x99
	.byte 0x22, 0x22, 0x5A, 0x95, 0x3D, 0x22, 0xF2, 0x3D, 0xD3, 0xFD, 0xDD, 0x22, 0xFA, 0xDF, 0x23, 0x22
	.byte 0xAA, 0xFA, 0x22, 0x22, 0xA9, 0x66, 0x2F, 0xAD, 0x6E, 0xAA, 0xAF, 0x00, 0x99, 0x99, 0x0F, 0x00
	.byte 0x99, 0x55, 0xFA, 0x00, 0x11, 0x11, 0xA2, 0x00, 0x11, 0x32, 0x0A, 0x00, 0x22, 0x0A, 0x00, 0x00
	.byte 0xAD, 0x00, 0x00, 0x00, 0x00, 0x00, 0x00, 0x00, 0x00, 0x00, 0x00, 0x00, 0x00, 0x00, 0x00, 0x00
	.byte 0x00, 0x00, 0x00, 0x00, 0x00, 0x00, 0x00, 0x00, 0x00, 0x00, 0x00, 0x00, 0x00, 0x00, 0x00, 0x00
	.byte 0x00, 0x00, 0x00, 0x00, 0x00, 0x00, 0x00, 0x00, 0x00, 0x00, 0x00, 0x00, 0x00, 0x00, 0x00, 0x00
	.byte 0x00, 0x00, 0x00, 0x00, 0x00, 0x00, 0x00, 0x00, 0x00, 0x00, 0x00, 0x00, 0x00, 0x00, 0x00, 0x00
	.byte 0x00, 0x00, 0x00, 0x00, 0x00, 0x00, 0x00, 0x00, 0x00, 0x00, 0x00, 0x00, 0x00, 0x00, 0x00, 0x00
	.byte 0x00, 0x00, 0x00, 0x00, 0x00, 0x00, 0x00, 0x00, 0x00, 0x00, 0x00, 0x00, 0x00, 0x00, 0x00, 0x00
	.byte 0x00, 0x00, 0x00, 0x00, 0x00, 0x00, 0x00, 0x00, 0x00, 0x00, 0x00, 0x00, 0x00, 0x00, 0x00, 0x00
	.byte 0x00, 0x00, 0x00, 0x00, 0x00, 0x00, 0x00, 0x00, 0x00, 0x00, 0x00, 0x00, 0x00, 0x00, 0x00, 0x00
	.byte 0x00, 0x00, 0x00, 0x00, 0x00, 0x00, 0x00, 0x00, 0x00, 0x00, 0x00, 0x00, 0x00, 0x00, 0x00, 0x00
	.byte 0x00, 0x00, 0x00, 0x00, 0x00, 0x00, 0x00, 0x00, 0x00, 0x00, 0x00, 0x00, 0x00, 0x00, 0x00, 0x00
	.byte 0x00, 0x00, 0x00, 0x00, 0x00, 0x00, 0x00, 0x00, 0x00, 0x00, 0x00, 0x00, 0x00, 0x00, 0x00, 0x00
	.byte 0x00, 0x00, 0x00, 0x00, 0x00, 0x00, 0xD0, 0x44, 0x00, 0x00, 0x00, 0xDD, 0x00, 0x00, 0x00, 0x50
	.byte 0x00, 0x00, 0xA0, 0x95, 0x00, 0x50, 0xEA, 0x9E, 0x50, 0xEA, 0xE9, 0x9E, 0xE5, 0xEE, 0xE9, 0xEE
	.byte 0xEA, 0xEE, 0xA9, 0x9A, 0x23, 0x22, 0x32, 0x4D, 0x44, 0xD4, 0xD4, 0xDD, 0xD5, 0xDD, 0x5D, 0x05
	.byte 0x46, 0x34, 0x63, 0x59, 0x23, 0x33, 0x53, 0x99, 0x26, 0x22, 0x66, 0x99, 0x55, 0x66, 0xA6, 0x99
	.byte 0x55, 0x55, 0x96, 0xAA, 0x0D, 0x00, 0x00, 0x00, 0x00, 0x00, 0x00, 0x00, 0x00, 0x00, 0x00, 0x00
	.byte 0x05, 0x00, 0x00, 0x00, 0x59, 0x05, 0x00, 0x00, 0x59, 0x59, 0x05, 0x00, 0x9A, 0x99, 0x59, 0x00
	.byte 0x9A, 0x99, 0xEE, 0x05, 0x00, 0x00, 0x00, 0x00, 0x00, 0x00, 0x00, 0x00, 0x00, 0x00, 0x00, 0x00
	.byte 0x00, 0x00, 0x00, 0x00, 0x00, 0x00, 0x00, 0x00, 0x00, 0x00, 0x00, 0x00, 0x00, 0x00, 0x00, 0x00
	.byte 0x00, 0x00, 0x00, 0x00, 0x00, 0x00, 0x00, 0x00, 0x00, 0x00, 0x00, 0x00, 0x00, 0x00, 0x00, 0x00
	.byte 0x00, 0x00, 0x00, 0x00, 0x00, 0x00, 0x00, 0x00, 0x00, 0x00, 0x00, 0x00, 0x00, 0x00, 0x00, 0x00
	.byte 0x00, 0x00, 0x00, 0x00, 0x00, 0x00, 0x00, 0x00, 0x00, 0x00, 0x00, 0x00, 0x00, 0x00, 0x00, 0x00
	.byte 0x00, 0x00, 0x00, 0x00, 0x00, 0x00, 0x00, 0x00, 0x00, 0x00, 0x00, 0x00, 0x00, 0x00, 0x00, 0x00
	.byte 0x00, 0x00, 0x00, 0x00, 0x00, 0x00, 0x00, 0x00, 0x00, 0x00, 0x00, 0x00, 0x00, 0x34, 0x04, 0x30
	.byte 0x00, 0x14, 0x42, 0x14, 0x00, 0x30, 0x22, 0x22, 0x00, 0x40, 0x22, 0x23, 0x00, 0x30, 0x31, 0x42
	.byte 0x00, 0x13, 0x32, 0x04, 0x00, 0x30, 0x23, 0x21, 0x30, 0x12, 0x11, 0x11, 0x12, 0x11, 0x11, 0xA4
	.byte 0x11, 0x11, 0x42, 0x00, 0x11, 0x43, 0x0A, 0x00, 0xA4, 0x00, 0x00, 0x00, 0x00, 0x00, 0x00, 0x00
	.byte 0x00, 0x00, 0x00, 0x00, 0x22, 0x32, 0x5A, 0x55, 0xA2, 0x0A, 0xAA, 0x59, 0x0A, 0x00, 0xAF, 0xAA
	.byte 0x00, 0x00, 0xF0, 0xAF, 0x00, 0x00, 0xF0, 0x55, 0x00, 0x00, 0xF0, 0x55, 0x00, 0x00, 0x2F, 0x11
	.byte 0x00, 0x00, 0xFF, 0x6F, 0x59, 0x55, 0xFA, 0x00, 0x59, 0xA9, 0xFA, 0x00, 0xAA, 0xAA, 0x0F, 0x00
	.byte 0xAA, 0xFF, 0x00, 0x00, 0x95, 0xF9, 0x00, 0x00, 0x55, 0xF9, 0x00, 0x00, 0x11, 0xF2, 0x0F, 0x00
	.byte 0xA6, 0xFF, 0x0F, 0x00, 0x00, 0x00, 0x00, 0x00, 0x00, 0x00, 0x00, 0x00, 0x00, 0x00, 0x00, 0x00
	.byte 0x00, 0x00, 0x00, 0x00, 0x00, 0x00, 0x00, 0x00, 0x00, 0x00, 0x00, 0x00, 0x00, 0x00, 0x00, 0x00
	.byte 0x00, 0x00, 0x00, 0x00, 0x00, 0x00, 0x00, 0x00, 0x00, 0x00, 0x00, 0x00, 0x00, 0x00, 0x00, 0x00
	.byte 0x00, 0x00, 0x00, 0x00, 0x00, 0x00, 0x00, 0x00, 0x00, 0x00, 0x00, 0x00, 0x00, 0x00, 0x00, 0x00
	.byte 0x00, 0x00, 0x00, 0x00, 0x00, 0x00, 0x00, 0x00, 0x00, 0x00, 0x00, 0x00, 0x00, 0x00, 0x00, 0x00
	.byte 0x00, 0x00, 0x00, 0x00, 0x00, 0x00, 0x00, 0x00, 0x00, 0x00, 0x00, 0x00, 0x00, 0x00, 0x00, 0x00
	.byte 0x00, 0x00, 0x00, 0x00, 0x00, 0x00, 0x00, 0x00, 0x00, 0x00, 0x00, 0x00, 0x00, 0x00, 0x00, 0x00
	.byte 0x00, 0x00, 0x00, 0x00, 0x00, 0x00, 0x00, 0x00, 0x00, 0x00, 0x00, 0x00, 0x00, 0x00, 0x00, 0x00
	.byte 0x00, 0x00, 0x00, 0x00, 0x00, 0x00, 0x00, 0x00, 0x00, 0x00, 0x00, 0x00, 0x00, 0x00, 0x00, 0x00
	.byte 0x00, 0x00, 0x00, 0x00, 0x00, 0x00, 0x00, 0x00, 0x00, 0x00, 0x00, 0x00, 0x00, 0x00, 0x00, 0x00
	.byte 0x00, 0x00, 0x00, 0x00, 0x00, 0x00, 0x00, 0x50, 0x00, 0x00, 0x00, 0x95, 0x00, 0x00, 0x00, 0x9A
	.byte 0x00, 0x00, 0x50, 0xA9, 0x00, 0x00, 0xA0, 0x59, 0x00, 0x00, 0x95, 0x59, 0x00, 0x00, 0x9A, 0xA9
	.byte 0x00, 0x50, 0xA9, 0x9A, 0xEE, 0xEE, 0xEA, 0xEE, 0xEE, 0xEE, 0xEA, 0x9E, 0xEE, 0xEE, 0xE9, 0xAE
	.byte 0xEE, 0xEE, 0xAE, 0x5E, 0xEE, 0xEE, 0xAE, 0x5E, 0xEE, 0xEE, 0xAE, 0x5E, 0xEE, 0xEE, 0x9E, 0x6E
	.byte 0xEE, 0xEE, 0xEE, 0x6A, 0x55, 0x55, 0xE5, 0xEE, 0x55, 0x55, 0xE5, 0xAE, 0x55, 0x55, 0xE5, 0xAE
	.byte 0x55, 0x55, 0xE5, 0x9E, 0x55, 0x55, 0xE5, 0xEA, 0x55, 0x55, 0xE5, 0xEA, 0x55, 0x65, 0xE6, 0xE9
	.byte 0x66, 0x66, 0xA6, 0xE9, 0xE9, 0xEE, 0xEE, 0x5A, 0xEE, 0xEE, 0xEE, 0x5A, 0xEE, 0xEE, 0xEE, 0x9A
	.byte 0xAA, 0x9A, 0xEE, 0x9A, 0xEE, 0x9E, 0x9E, 0x99, 0xEE, 0x9E, 0xAE, 0x99, 0xEE, 0xAE, 0x5E, 0x99
	.byte 0xEE, 0xAE, 0x5E, 0x99, 0x00, 0x00, 0x00, 0x00, 0x00, 0x00, 0x00, 0x00, 0x05, 0x00, 0x00, 0x00
	.byte 0x0A, 0x00, 0x00, 0x00, 0x59, 0x00, 0x00, 0x00, 0xA9, 0x00, 0x00, 0x00, 0x99, 0x05, 0x00, 0x00
	.byte 0xA9, 0x05, 0x00, 0x00, 0x00, 0x00, 0x00, 0x00, 0x00, 0x00, 0x00, 0x00, 0x00, 0x00, 0x00, 0x00
	.byte 0x00, 0x00, 0x00, 0x00, 0x00, 0x00, 0x00, 0x00, 0x00, 0x00, 0x00, 0x00, 0x00, 0x00, 0x00, 0x00
	.byte 0x00, 0x00, 0x00, 0x00, 0x00, 0x00, 0x00, 0x00, 0x00, 0x00, 0x00, 0x00, 0x00, 0x00, 0x00, 0x00
	.byte 0x00, 0x00, 0x00, 0x00, 0x00, 0x00, 0x00, 0x00, 0x00, 0x00, 0x00, 0x00, 0x00, 0x00, 0x00, 0x00
	.byte 0x00, 0x00, 0x00, 0x00, 0x00, 0x23, 0x42, 0x00, 0x00, 0x24, 0x04, 0x00, 0x00, 0x40, 0x00, 0x00
	.byte 0x00, 0x00, 0x00, 0x00, 0x00, 0x00, 0x00, 0x00, 0x00, 0x00, 0x00, 0x00, 0x00, 0x00, 0x00, 0x00
	.byte 0x00, 0x00, 0x00, 0x00, 0x00, 0x00, 0x00, 0x00, 0x00, 0x00, 0x00, 0x00, 0x00, 0x00, 0x00, 0x00
	.byte 0x00, 0x00, 0x00, 0x00, 0x00, 0x00, 0x00, 0x00, 0x00, 0x00, 0x00, 0x00, 0x00, 0x00, 0x00, 0x00
	.byte 0x00, 0x00, 0x00, 0x00, 0x00, 0xF0, 0xFD, 0x8F, 0x00, 0xD0, 0xBB, 0xBB, 0x00, 0xBD, 0xBB, 0xBB
	.byte 0x00, 0xBD, 0xBB, 0xBB, 0xD0, 0xBC, 0xBB, 0xBB, 0xD0, 0xBC, 0xBB, 0xBB, 0x00, 0xBD, 0xBB, 0xBB
	.byte 0x00, 0xBF, 0xBB, 0xBB, 0xA8, 0xCF, 0x0F, 0x00, 0xBC, 0xCB, 0xFC, 0x00, 0xBC, 0xCC, 0xFD, 0x00
	.byte 0xCC, 0xDC, 0xFD, 0x00, 0xFD, 0xDD, 0xDD, 0x0F, 0xFF, 0xDD, 0xDD, 0x0F, 0xFF, 0xDD, 0xDD, 0x0F
	.byte 0xFB, 0xDD, 0xDD, 0x0F, 0x00, 0x00, 0x00, 0x00, 0x00, 0x00, 0x00, 0x00, 0x00, 0x00, 0x00, 0x00
	.byte 0x00, 0x00, 0x00, 0x00, 0x00, 0x00, 0x00, 0x00, 0x00, 0x00, 0x00, 0x00, 0x00, 0x00, 0x00, 0x00
	.byte 0x00, 0x00, 0x00, 0x00, 0x00, 0x00, 0x00, 0x00, 0x00, 0x00, 0x00, 0x00, 0x00, 0x00, 0x00, 0x00
	.byte 0x00, 0x00, 0x00, 0x00, 0x00, 0x00, 0x00, 0x00, 0x00, 0x00, 0x00, 0x00, 0x00, 0x00, 0x00, 0x00
	.byte 0x00, 0x00, 0x00, 0x00, 0x00, 0x00, 0x00, 0x00, 0x00, 0x00, 0x00, 0x00, 0x00, 0x00, 0x00, 0x00
	.byte 0x00, 0x00, 0x00, 0x00, 0x00, 0x00, 0x00, 0x00, 0x00, 0x00, 0x00, 0x00, 0x00, 0x00, 0x00, 0x00
	.byte 0x00, 0x00, 0x00, 0x00, 0x00, 0x00, 0x00, 0x00, 0x00, 0x00, 0x00, 0x00, 0x00, 0x00, 0x00, 0x00
	.byte 0x00, 0x00, 0x00, 0x00, 0x00, 0x00, 0x00, 0x00, 0x00, 0x00, 0x00, 0x00, 0x00, 0x00, 0x00, 0x00
	.byte 0x00, 0x00, 0x00, 0x00, 0x00, 0x00, 0x00, 0x00, 0x00, 0x00, 0x00, 0x00, 0x00, 0x00, 0x00, 0x00
	.byte 0x00, 0x00, 0x00, 0x00, 0x00, 0x00, 0x00, 0x00, 0x00, 0x00, 0x00, 0x00, 0x00, 0x00, 0x00, 0x00
	.byte 0x00, 0x00, 0x00, 0x00, 0x00, 0x50, 0x99, 0xE5, 0x00, 0x50, 0x99, 0xE5, 0x00, 0x40, 0x95, 0xE5
	.byte 0x00, 0x00, 0x54, 0x95, 0x00, 0x00, 0x24, 0x93, 0x00, 0x00, 0x34, 0xA3, 0x00, 0x00, 0x40, 0x53
	.byte 0x00, 0x00, 0x40, 0x53, 0xEE, 0xEE, 0xEE, 0x6A, 0xEE, 0xEE, 0xEE, 0x69, 0xEE, 0xEE, 0xEE, 0x6E
	.byte 0xEE, 0xEE, 0xEE, 0x6E, 0xEE, 0xEE, 0xEE, 0x69, 0xE9, 0xEE, 0xEE, 0xF9, 0x99, 0xEE, 0x9E, 0xF5
	.byte 0x9A, 0x99, 0x99, 0x85, 0x66, 0x66, 0xA6, 0xE9, 0x66, 0x66, 0x96, 0xE9, 0x66, 0x66, 0xE6, 0xA9
	.byte 0x66, 0x66, 0xE6, 0xEE, 0x66, 0x66, 0xE6, 0xEE, 0x6F, 0xF6, 0x9F, 0xEE, 0xEE, 0x99, 0x5F, 0x99
	.byte 0xEE, 0x99, 0x58, 0x99, 0xEE, 0xAE, 0x9E, 0x5A, 0xEE, 0xAE, 0xAE, 0x99, 0xAA, 0x9A, 0xAE, 0x99
	.byte 0xEE, 0xEE, 0x99, 0x54, 0xEE, 0x9E, 0x99, 0x34, 0x9E, 0x99, 0x49, 0x22, 0x99, 0x99, 0x49, 0x22
	.byte 0x99, 0x99, 0x24, 0x22, 0x95, 0x59, 0x00, 0x00, 0x99, 0x59, 0x00, 0x00, 0x99, 0x55, 0x00, 0x00
	.byte 0x55, 0x43, 0x00, 0x00, 0x33, 0x43, 0x00, 0x00, 0x32, 0x04, 0x00, 0x00, 0x32, 0x04, 0x00, 0x00
	.byte 0x43, 0x00, 0x00, 0x00, 0x00, 0x00, 0x00, 0x00, 0x00, 0x00, 0x00, 0x00, 0x00, 0x00, 0x00, 0x00
	.byte 0x00, 0x00, 0x00, 0x00, 0x00, 0x00, 0x00, 0x00, 0x00, 0x00, 0x00, 0x00, 0x00, 0x00, 0x00, 0x00
	.byte 0x00, 0x00, 0x00, 0x00, 0x00, 0x00, 0x00, 0x00, 0x00, 0x00, 0x00, 0x00, 0x00, 0x00, 0x00, 0x00
	.byte 0x00, 0x00, 0x00, 0x00, 0x00, 0x00, 0x00, 0x00, 0x00, 0x00, 0x00, 0x00, 0x00, 0x00, 0x00, 0x00
	.byte 0x00, 0x00, 0x00, 0x00, 0x00, 0x00, 0x00, 0x00, 0x00, 0x00, 0x00, 0x00, 0x00, 0x00, 0x00, 0x00
	.byte 0x00, 0x00, 0x00, 0x00, 0x00, 0x00, 0x00, 0x00, 0x00, 0x00, 0x00, 0x00, 0x00, 0x00, 0x00, 0x00
	.byte 0x00, 0x00, 0x00, 0x00, 0x00, 0x00, 0x00, 0x00, 0x00, 0x00, 0x00, 0x00, 0x00, 0x00, 0x00, 0x00
	.byte 0x00, 0x00, 0x00, 0x00, 0x00, 0x00, 0x00, 0x00, 0x00, 0x00, 0x00, 0x00, 0x00, 0x00, 0x00, 0x00
	.byte 0x00, 0x00, 0x00, 0x00, 0x00, 0xDF, 0xBB, 0xBB, 0x00, 0xF0, 0xBB, 0xBB, 0x00, 0xF0, 0xBB, 0xBB
	.byte 0x00, 0xF0, 0xBD, 0xBB, 0x00, 0x00, 0xBD, 0xBB, 0x00, 0x00, 0xCF, 0xBB, 0x00, 0x00, 0xDF, 0xBC
	.byte 0x00, 0x00, 0xDF, 0xCC, 0xFB, 0xDD, 0xDD, 0x00, 0xFB, 0xDD, 0xFD, 0x00, 0xDB, 0xDD, 0xFD, 0x00
	.byte 0xDB, 0xDF, 0xFD, 0x00, 0xCB, 0xDF, 0x0D, 0x00, 0xCB, 0xDF, 0x0F, 0x00, 0xCC, 0xDF, 0x0F, 0x00
	.byte 0xCC, 0xFD, 0x0F, 0x00, 0x00, 0x00, 0x00, 0x00, 0x00, 0x00, 0x00, 0x00, 0x00, 0x00, 0x00, 0x00
	.byte 0x00, 0x00, 0x00, 0x00, 0x00, 0x00, 0x00, 0x00, 0x00, 0x00, 0x00, 0x00, 0x00, 0x00, 0x00, 0x00
	.byte 0x00, 0x00, 0x00, 0x00, 0x00, 0x00, 0x00, 0x00, 0x00, 0x00, 0x00, 0x00, 0x00, 0x00, 0x00, 0x00
	.byte 0x00, 0x00, 0x00, 0x00, 0x00, 0x00, 0x00, 0x00, 0x00, 0x00, 0x00, 0x00, 0x00, 0x00, 0x00, 0x00
	.byte 0x00, 0x00, 0x00, 0x00, 0x00, 0x00, 0x00, 0x00, 0x00, 0x00, 0x00, 0x00, 0x00, 0x00, 0x00, 0x00
	.byte 0x00, 0x00, 0x00, 0x00, 0x00, 0x00, 0x00, 0x00, 0x00, 0x00, 0x00, 0x00, 0x00, 0x00, 0x00, 0x00
	.byte 0x00, 0x00, 0x00, 0x00, 0x00, 0x00, 0x00, 0x00, 0x00, 0x00, 0x00, 0x00, 0x00, 0x00, 0x00, 0x00
	.byte 0x00, 0x00, 0x00, 0x00, 0x00, 0x00, 0x00, 0x00, 0x00, 0x00, 0x00, 0x00, 0x00, 0x00, 0x00, 0x00
	.byte 0x00, 0x00, 0x00, 0x00, 0x00, 0x00, 0x00, 0x00, 0x00, 0x00, 0x00, 0x00, 0x00, 0x00, 0x00, 0x00
	.byte 0x00, 0x00, 0x00, 0x00, 0x00, 0x00, 0x00, 0x00, 0x00, 0x00, 0x00, 0x00, 0x00, 0x00, 0x00, 0x00
	.byte 0x00, 0x00, 0x00, 0x00, 0x00, 0x00, 0x50, 0xA5, 0x00, 0x00, 0x95, 0x99, 0x00, 0x00, 0x95, 0x99
	.byte 0x00, 0x00, 0x95, 0x99, 0x00, 0x00, 0xA0, 0x99, 0x00, 0x00, 0x50, 0x99, 0x00, 0x00, 0x00, 0xA5
	.byte 0x00, 0x00, 0x00, 0x78, 0x99, 0x99, 0x99, 0x75, 0x99, 0x99, 0x99, 0x75, 0x99, 0x99, 0x99, 0x75
	.byte 0x99, 0x99, 0xA9, 0x74, 0x99, 0x99, 0x59, 0x44, 0x99, 0x99, 0x59, 0x44, 0x99, 0x99, 0x45, 0x44
	.byte 0x55, 0x55, 0x48, 0x44, 0xDD, 0x44, 0x57, 0x99, 0x78, 0x74, 0x47, 0x99, 0x78, 0x74, 0x47, 0x9A
	.byte 0x78, 0x74, 0x77, 0x95, 0x78, 0x77, 0x77, 0x95, 0xD4, 0x7D, 0x77, 0x95, 0x44, 0xDF, 0x77, 0x57
	.byte 0xD4, 0x4F, 0x47, 0x77, 0x99, 0x5A, 0xA5, 0x33, 0x99, 0xE9, 0x99, 0x5A, 0x99, 0x9E, 0x9E, 0x99
	.byte 0x99, 0xE9, 0x99, 0x99, 0x99, 0x99, 0x99, 0x99, 0x99, 0x99, 0x99, 0xA9, 0x99, 0x99, 0x99, 0x59
	.byte 0x55, 0x55, 0x55, 0x05, 0x04, 0x00, 0x00, 0x00, 0x05, 0x00, 0x00, 0x00, 0x05, 0x00, 0x00, 0x00
	.byte 0x05, 0x00, 0x00, 0x00, 0x05, 0x00, 0x00, 0x00, 0x00, 0x00, 0x00, 0x00, 0x00, 0x00, 0x00, 0x00
	.byte 0x00, 0x00, 0x00, 0x00, 0x00, 0x00, 0x00, 0x00, 0x00, 0x00, 0x00, 0x00, 0x00, 0x00, 0x00, 0x00
	.byte 0x00, 0x00, 0x00, 0x00, 0x00, 0x00, 0x00, 0x00, 0x00, 0x00, 0x00, 0x00, 0x00, 0x00, 0x00, 0x00
	.byte 0x00, 0x00, 0x00, 0x00, 0x00, 0x00, 0x00, 0x00, 0x00, 0x00, 0x00, 0x00, 0x00, 0x00, 0x00, 0x00
	.byte 0x00, 0x00, 0x00, 0x00, 0x00, 0x00, 0x00, 0x00, 0x00, 0x00, 0x00, 0x00, 0x00, 0x00, 0x00, 0x00
	.byte 0x00, 0x00, 0x00, 0x00, 0x00, 0x00, 0x00, 0x00, 0x00, 0x00, 0x00, 0x00, 0x00, 0x00, 0x00, 0x00
	.byte 0x00, 0x00, 0x00, 0x00, 0x00, 0x00, 0x00, 0x00, 0x00, 0x00, 0x00, 0x00, 0x00, 0x00, 0x00, 0x00
	.byte 0x00, 0x00, 0x00, 0x00, 0x00, 0x00, 0x00, 0x00, 0x00, 0x00, 0x00, 0x00, 0x00, 0x00, 0x00, 0x00
	.byte 0x00, 0x00, 0x00, 0x00, 0x00, 0x00, 0x00, 0x00, 0x00, 0x00, 0x00, 0x00, 0x00, 0x00, 0x00, 0x00
	.byte 0x00, 0x00, 0x00, 0x00, 0x00, 0x00, 0xD0, 0xCC, 0x00, 0x00, 0xF0, 0xCC, 0x00, 0x00, 0xF0, 0xCC
	.byte 0x00, 0x00, 0xF0, 0xCC, 0x00, 0x00, 0xF0, 0xCD, 0x00, 0x00, 0xF0, 0xCD, 0x00, 0x00, 0xF0, 0xCD
	.byte 0x00, 0x00, 0xF0, 0xCF, 0xDC, 0xFD, 0x0F, 0x00, 0xDC, 0xFD, 0x0A, 0x00, 0xDC, 0xFD, 0x0A, 0x00
	.byte 0xDC, 0xDD, 0x0F, 0x00, 0xDC, 0xDD, 0x0F, 0x00, 0xDC, 0xDD, 0x0F, 0x00, 0xCC, 0xDD, 0x0F, 0x00
	.byte 0xCC, 0xDD, 0xFC, 0x00, 0x00, 0x00, 0x00, 0x00, 0x00, 0x00, 0x00, 0x00, 0x00, 0x00, 0x00, 0x00
	.byte 0x00, 0x00, 0x00, 0x00, 0x00, 0x00, 0x00, 0x00, 0x00, 0x00, 0x00, 0x00, 0x00, 0x00, 0x00, 0x00
	.byte 0x00, 0x00, 0x00, 0x00, 0x00, 0x00, 0x00, 0x00, 0x00, 0x00, 0x00, 0x00, 0x00, 0x00, 0x00, 0x00
	.byte 0x00, 0x00, 0x00, 0x00, 0x00, 0x00, 0x00, 0x00, 0x00, 0x00, 0x00, 0x00, 0x00, 0x00, 0x00, 0x00
	.byte 0x00, 0x00, 0x00, 0x00, 0x00, 0x00, 0x00, 0x00, 0x00, 0x00, 0x00, 0x00, 0x00, 0x00, 0x00, 0x00
	.byte 0x00, 0x00, 0x00, 0x00, 0x00, 0x00, 0x00, 0x00, 0x00, 0x00, 0x00, 0x00, 0x00, 0x00, 0x00, 0x00
	.byte 0x00, 0x00, 0x00, 0x00, 0x00, 0x00, 0x00, 0x00, 0x00, 0x00, 0x00, 0x00, 0x00, 0x00, 0x00, 0x00
	.byte 0x00, 0x00, 0x00, 0x00, 0x00, 0x00, 0x00, 0x00, 0x00, 0x00, 0x00, 0x00, 0x00, 0x00, 0x00, 0x00
	.byte 0x00, 0x00, 0x00, 0x00, 0x00, 0x00, 0x00, 0x00, 0x00, 0x00, 0x00, 0x00, 0x00, 0x00, 0x00, 0x00
	.byte 0x00, 0x00, 0x00, 0x00, 0x00, 0x00, 0x00, 0x00, 0x00, 0x00, 0x00, 0x00, 0x00, 0x00, 0x00, 0x00
	.byte 0x00, 0x00, 0x00, 0x00, 0x00, 0x00, 0x00, 0x78, 0x00, 0x00, 0x00, 0x78, 0x00, 0x00, 0x00, 0x40
	.byte 0x00, 0x00, 0x00, 0x80, 0x00, 0x00, 0x00, 0x00, 0x00, 0x00, 0x00, 0x00, 0x00, 0x00, 0x00, 0x00
	.byte 0x00, 0x00, 0x00, 0x00, 0x77, 0x77, 0x44, 0x44, 0x77, 0x77, 0x44, 0x44, 0x84, 0xD8, 0xDD, 0x88
	.byte 0x77, 0x77, 0x44, 0x44, 0x88, 0x88, 0x88, 0xD8, 0x20, 0x32, 0x33, 0x04, 0x40, 0x22, 0x43, 0x00
	.byte 0x40, 0x22, 0x43, 0x00, 0xF4, 0xD0, 0x47, 0x77, 0xF4, 0xF0, 0x77, 0x74, 0x84, 0xF0, 0x84, 0x88
	.byte 0x0D, 0x00, 0x77, 0x74, 0x08, 0x00, 0x8D, 0x88, 0x00, 0x00, 0x00, 0x34, 0x00, 0x00, 0x00, 0x23
	.byte 0x00, 0x00, 0x00, 0x20, 0x44, 0x44, 0xF4, 0x00, 0x47, 0x44, 0xF4, 0x00, 0xDD, 0xDD, 0xD8, 0x00
	.byte 0x47, 0x44, 0xD4, 0x00, 0x88, 0xFD, 0x0F, 0x00, 0x33, 0x43, 0x00, 0x00, 0x22, 0x22, 0x04, 0x00
	.byte 0x21, 0x22, 0x04, 0x00, 0x00, 0x00, 0x00, 0x00, 0x00, 0x00, 0x00, 0x00, 0x00, 0x00, 0x00, 0x00
	.byte 0x00, 0x00, 0x00, 0x00, 0x00, 0x00, 0x00, 0x00, 0x00, 0x00, 0x00, 0x00, 0x00, 0x00, 0x00, 0x00
	.byte 0x00, 0x00, 0x00, 0x00, 0x00, 0x00, 0x00, 0x00, 0x00, 0x00, 0x00, 0x00, 0x00, 0x00, 0x00, 0x00
	.byte 0x00, 0x00, 0x00, 0x00, 0x00, 0x00, 0x00, 0x00, 0x00, 0x00, 0x00, 0x00, 0x00, 0x00, 0x00, 0x00
	.byte 0x00, 0x00, 0x00, 0x00, 0x00, 0x00, 0x00, 0x00, 0x00, 0x00, 0x00, 0x00, 0x00, 0x00, 0x00, 0x00
	.byte 0x00, 0x00, 0x00, 0x00, 0x00, 0x00, 0x00, 0x00, 0x00, 0x00, 0x00, 0x00, 0x00, 0x00, 0x00, 0x00
	.byte 0x00, 0x00, 0x00, 0x00, 0x00, 0x00, 0x00, 0x00, 0x00, 0x00, 0x00, 0x00, 0x00, 0x00, 0x00, 0x00
	.byte 0x00, 0x00, 0x00, 0x00, 0x00, 0x00, 0x00, 0x00, 0x00, 0x00, 0x00, 0x00, 0x00, 0x00, 0x00, 0x00
	.byte 0x00, 0x00, 0x00, 0x00, 0x00, 0x00, 0x00, 0x00, 0x00, 0x00, 0x00, 0x00, 0x00, 0x00, 0x00, 0x00
	.byte 0x00, 0x00, 0x00, 0x00, 0x00, 0x00, 0x00, 0x00, 0x00, 0x00, 0x00, 0x00, 0x00, 0x00, 0x00, 0x00
	.byte 0x00, 0x00, 0x00, 0x00, 0x00, 0x00, 0xF0, 0xCF, 0x00, 0x00, 0x00, 0xCF, 0x00, 0x00, 0x00, 0xFF
	.byte 0x00, 0x00, 0x00, 0x00, 0x00, 0x00, 0x00, 0xF0, 0x00, 0x00, 0x00, 0xF0, 0x00, 0x00, 0x00, 0x00
	.byte 0x00, 0x00, 0x00, 0x00, 0xCC, 0xDD, 0xFC, 0x00, 0xCC, 0xDD, 0xFF, 0x00, 0x34, 0xF3, 0x00, 0x00
	.byte 0x2F, 0x32, 0x0F, 0x00, 0xDD, 0xDD, 0x0F, 0x00, 0xBD, 0xDB, 0x0F, 0x00, 0xFF, 0xFF, 0x00, 0x00
	.byte 0x00, 0x00, 0x00, 0x00, 0x00, 0x00, 0x00, 0x00, 0x00, 0x00, 0x00, 0x00, 0x00, 0x00, 0x00, 0x00
	.byte 0x00, 0x00, 0x00, 0x00, 0x00, 0x00, 0x00, 0x00, 0x00, 0x00, 0x00, 0x00, 0x00, 0x00, 0x00, 0x00
	.byte 0x00, 0x00, 0x00, 0x00, 0x00, 0x00, 0x00, 0x00, 0x00, 0x00, 0x00, 0x00, 0x00, 0x00, 0x00, 0x00
	.byte 0x00, 0x00, 0x00, 0x00, 0x00, 0x00, 0x00, 0x00, 0x00, 0x00, 0x00, 0x00, 0x00, 0x00, 0x00, 0x00
	.byte 0x00, 0x00, 0x00, 0x00, 0x00, 0x00, 0x00, 0x00, 0x00, 0x00, 0x00, 0x00, 0x00, 0x00, 0x00, 0x00
	.byte 0x00, 0x00, 0x00, 0x00, 0x00, 0x00, 0x00, 0x00, 0x00, 0x00, 0x00, 0x00, 0x00, 0x00, 0x00, 0x00
	.byte 0x00, 0x00, 0x00, 0x00, 0x00, 0x00, 0x00, 0x00, 0x00, 0x00, 0x00, 0x00, 0x00, 0x00, 0x00, 0x00
	.byte 0x00, 0x00, 0x00, 0x00, 0x00, 0x00, 0x00, 0x00, 0x00, 0x00, 0x00, 0x00, 0x00, 0x00, 0x00, 0x00
	.byte 0x00, 0x00, 0x00, 0x00, 0x00, 0x00, 0x00, 0x00, 0x00, 0x00, 0x00, 0x00, 0x00, 0x00, 0x00, 0x00
	.byte 0x00, 0x00, 0x00, 0x00, 0x00, 0x00, 0x00, 0x00, 0x00, 0x00, 0x00, 0x00, 0x00, 0x00, 0x00, 0x00
	.byte 0x00, 0x00, 0x00, 0x00, 0x00, 0x00, 0x00, 0x00, 0x00, 0x00, 0x00, 0x00, 0x00, 0x00, 0x00, 0x60
	.byte 0x00, 0x00, 0x40, 0x56, 0x00, 0x00, 0x14, 0x43, 0x00, 0x00, 0x56, 0x65, 0x00, 0x00, 0x60, 0xFF
	.byte 0x00, 0x00, 0x00, 0x00, 0x40, 0x22, 0x43, 0x00, 0x24, 0x22, 0x44, 0x00, 0x16, 0x31, 0x44, 0x00
	.byte 0x65, 0x38, 0x83, 0x0F, 0x63, 0x66, 0x66, 0x0F, 0x66, 0xF6, 0xFF, 0x00, 0xFF, 0x0F, 0x00, 0x00
	.byte 0x00, 0x00, 0x00, 0x00, 0x00, 0x00, 0x00, 0x30, 0x00, 0x00, 0x00, 0x30, 0x00, 0x00, 0x00, 0x30
	.byte 0x00, 0x00, 0x00, 0x80, 0x00, 0x00, 0x00, 0x60, 0x00, 0x00, 0x00, 0x18, 0x00, 0x00, 0x00, 0x58
	.byte 0x00, 0x00, 0x00, 0x80, 0x11, 0x22, 0x04, 0x00, 0x11, 0x42, 0x00, 0x00, 0x11, 0x42, 0x00, 0x00
	.byte 0x55, 0x65, 0x06, 0x00, 0x26, 0x32, 0x66, 0x00, 0x41, 0x41, 0x43, 0x0F, 0x66, 0x66, 0x66, 0x0F
	.byte 0xFF, 0xFF, 0xFF, 0x00, 0x00, 0x00, 0x00, 0x00, 0x00, 0x00, 0x00, 0x00, 0x00, 0x00, 0x00, 0x00
	.byte 0x00, 0x00, 0x00, 0x00, 0x00, 0x00, 0x00, 0x00, 0x00, 0x00, 0x00, 0x00, 0x00, 0x00, 0x00, 0x00
	.byte 0x00, 0x00, 0x00, 0x00, 0x00, 0x00, 0x00, 0x00, 0x00, 0x00, 0x00, 0x00, 0x00, 0x00, 0x00, 0x00
	.byte 0x00, 0x00, 0x00, 0x00, 0x00, 0x00, 0x00, 0x00, 0x00, 0x00, 0x00, 0x00, 0x00, 0x00, 0x00, 0x00
	.byte 0x00, 0x00, 0x00, 0x00, 0x00, 0x00, 0x00, 0x00, 0x00, 0x00, 0x00, 0x00, 0x00, 0x00, 0x00, 0x00
	.byte 0x00, 0x00, 0x00, 0x00, 0x00, 0x00, 0x00, 0x00, 0x00, 0x00, 0x00, 0x00, 0x00, 0x00, 0x00, 0x00
	.byte 0x00, 0x00, 0x00, 0x00, 0x00, 0x00, 0x00, 0x00, 0x00, 0x00, 0x00, 0x00, 0x00, 0x00, 0x00, 0x00
	.byte 0x00, 0x00, 0x00, 0x00, 0x00, 0x00, 0x00, 0x00, 0x00, 0x00, 0x00, 0x00, 0x00, 0x00, 0x00, 0x00
	.byte 0x00, 0x00, 0x00, 0x00, 0x00, 0x00, 0x00, 0x00, 0x00, 0x00, 0x00, 0x00, 0x00, 0x00, 0x00, 0x00
	.byte 0x00, 0x00, 0x00, 0x00, 0x00, 0x00, 0x00, 0x00, 0x00, 0x00, 0x00, 0x00, 0x00, 0x00, 0x00, 0x00
	.byte 0x00, 0x00, 0x00, 0x00, 0x00, 0x00, 0x00, 0x00, 0x00, 0x00, 0x00, 0x00, 0x00, 0x00, 0x00, 0x00
	.byte 0x00, 0x00, 0x00, 0x00, 0x00, 0x00, 0x00, 0x00, 0x00, 0x00, 0x00, 0x00, 0x00, 0x00, 0x00, 0x00
	.byte 0x00, 0x00, 0x00, 0x00, 0x00, 0x00, 0x00, 0x00, 0x00, 0x00, 0x00, 0x00, 0x00, 0x00, 0x00, 0x00
	.byte 0x00, 0x00, 0x00, 0x00, 0x00, 0x00, 0x00, 0x00, 0x00, 0x00, 0x00, 0x00, 0x00, 0x00, 0x00, 0x00
	.byte 0x00, 0x00, 0x00, 0x00, 0x00, 0x00, 0x00, 0x00, 0x00, 0x00, 0x00, 0x00, 0x00, 0x00, 0x00, 0x00
	.byte 0x00, 0x00, 0x00, 0x00, 0x00, 0x00, 0x00, 0x00, 0x00, 0x00, 0x00, 0x00, 0x00, 0x00, 0x00, 0x00
	.byte 0x00, 0x00, 0x00, 0x00, 0x00, 0x00, 0x00, 0x00, 0x00, 0x00, 0x00, 0x00, 0x00, 0x00, 0x00, 0x00
	.byte 0x00, 0x00, 0x00, 0x00, 0x00, 0x00, 0x00, 0x00, 0x00, 0x00, 0x00, 0x00, 0x00, 0x00, 0x00, 0x00
	.byte 0x00, 0x00, 0x00, 0x00, 0x00, 0x00, 0x00, 0x00, 0x00, 0x00, 0x00, 0x00, 0x00, 0x00, 0x00, 0x00
	.byte 0x00, 0x00, 0x00, 0x00, 0x00, 0x00, 0x00, 0x00, 0x00, 0x00, 0x00, 0x00, 0x00, 0x00, 0x00, 0x00
	.byte 0x00, 0x00, 0x00, 0x00, 0x00, 0x00, 0x00, 0x00, 0x00, 0x00, 0x00, 0x00, 0x00, 0x00, 0x00, 0x00
	.byte 0x00, 0x00, 0x00, 0x00, 0x00, 0x00, 0x00, 0x00, 0x00, 0x00, 0x00, 0x00, 0x00, 0x00, 0x00, 0x00
	.byte 0x00, 0x00, 0x00, 0x00, 0x00, 0x00, 0x00, 0x00, 0x00, 0x00, 0x00, 0x00, 0x00, 0x00, 0x00, 0x00
	.byte 0x00, 0x00, 0x00, 0x00, 0x00, 0x00, 0x00, 0x00, 0x00, 0x00, 0x00, 0x00, 0x00, 0x00, 0x00, 0x00
	.byte 0x00, 0x00, 0x00, 0x00, 0x00, 0x00, 0x00, 0x00, 0x00, 0x00, 0x00, 0x00, 0x00, 0x00, 0x00, 0x00
	.byte 0x00, 0x00, 0x00, 0x00, 0x00, 0x00, 0x00, 0x00, 0x00, 0x00, 0x00, 0x00, 0x00, 0x00, 0x00, 0x00
	.byte 0x00, 0x00, 0x00, 0x00, 0x00, 0x00, 0x00, 0x00, 0x00, 0x00, 0x78, 0xD8, 0x00, 0x8D, 0x83, 0x8F
	.byte 0xD0, 0x73, 0xF3, 0xFF, 0x80, 0x87, 0xF7, 0x22, 0x70, 0xF7, 0x18, 0x11, 0x7D, 0xF7, 0x12, 0x11
	.byte 0x7D, 0x28, 0x44, 0x12, 0x00, 0x00, 0x00, 0x00, 0xF0, 0x78, 0x0D, 0x00, 0x78, 0x8F, 0x83, 0x0D
	.byte 0xF8, 0xFF, 0x83, 0xF3, 0x11, 0xF2, 0x87, 0x88, 0x11, 0x11, 0x8F, 0x8F, 0x11, 0x11, 0x82, 0x82
	.byte 0x11, 0x42, 0x24, 0x82, 0x00, 0x00, 0x00, 0x00, 0x00, 0x00, 0x00, 0x00, 0x00, 0x00, 0x00, 0x00
	.byte 0x00, 0x00, 0x00, 0x00, 0x0F, 0x00, 0x00, 0x00, 0xFF, 0x00, 0x00, 0x00, 0xF8, 0x00, 0x00, 0x00
	.byte 0xF8, 0x00, 0x00, 0x00, 0x00, 0x00, 0x00, 0x00, 0x00, 0x00, 0x00, 0x00, 0x00, 0x00, 0x00, 0x00
	.byte 0x00, 0x00, 0x00, 0x00, 0x00, 0x00, 0x00, 0x00, 0x00, 0x00, 0x00, 0x00, 0x00, 0x00, 0x00, 0x00
	.byte 0x00, 0x00, 0x00, 0x00, 0x00, 0x00, 0x00, 0x00, 0x00, 0x00, 0x00, 0x00, 0x00, 0x00, 0x00, 0x00
	.byte 0x00, 0x00, 0x00, 0x00, 0x00, 0x00, 0x00, 0x00, 0x00, 0x00, 0x00, 0x00, 0x00, 0x00, 0x00, 0x00
	.byte 0x00, 0x00, 0x00, 0x00, 0x00, 0x00, 0x00, 0x00, 0x00, 0x00, 0x00, 0x00, 0x00, 0x00, 0x00, 0x00
	.byte 0x00, 0x00, 0x00, 0x00, 0x00, 0x00, 0x00, 0x00, 0x00, 0x00, 0x00, 0x00, 0x00, 0x00, 0x00, 0x00
	.byte 0x00, 0x00, 0x00, 0x00, 0x00, 0x00, 0x00, 0x00, 0x00, 0x00, 0x00, 0x00, 0x00, 0x00, 0x00, 0x00
	.byte 0x00, 0x00, 0x00, 0x00, 0x00, 0x00, 0x00, 0x00, 0x00, 0x00, 0x00, 0x00, 0x00, 0x00, 0x00, 0x00
	.byte 0x00, 0x00, 0x00, 0x00, 0x00, 0x00, 0x00, 0x00, 0x00, 0x00, 0x00, 0x00, 0x00, 0x00, 0x00, 0x00
	.byte 0x00, 0x00, 0x00, 0x00, 0x00, 0x00, 0x00, 0x00, 0x00, 0x00, 0x00, 0x00, 0x00, 0x00, 0x00, 0x00
	.byte 0x00, 0x00, 0x00, 0x00, 0x00, 0x00, 0x00, 0x00, 0x00, 0x00, 0x00, 0x00, 0x00, 0x00, 0x00, 0x00
	.byte 0x00, 0x00, 0x00, 0x00, 0x00, 0x00, 0x00, 0x00, 0x00, 0x00, 0x00, 0x00, 0x00, 0x00, 0x00, 0x00
	.byte 0x00, 0x00, 0x00, 0x00, 0x00, 0x00, 0x00, 0x00, 0x00, 0x00, 0x00, 0x00, 0x00, 0x00, 0x00, 0x00
	.byte 0x00, 0x00, 0x00, 0x00, 0x00, 0x00, 0x00, 0x00, 0x00, 0x00, 0x00, 0x00, 0x00, 0x00, 0x00, 0x00
	.byte 0x00, 0x00, 0x00, 0x00, 0x00, 0x00, 0x00, 0x00, 0x00, 0x00, 0x00, 0x00, 0x00, 0x00, 0x00, 0x00
	.byte 0x00, 0x00, 0x00, 0x00, 0x00, 0x00, 0x00, 0x00, 0x00, 0x00, 0x00, 0x00, 0x00, 0x00, 0x00, 0x00
	.byte 0x00, 0x00, 0x00, 0x00, 0x00, 0x00, 0x00, 0x00, 0x00, 0x00, 0x00, 0x00, 0x00, 0x00, 0x00, 0x00
	.byte 0x00, 0x00, 0x00, 0x00, 0x00, 0x00, 0x00, 0x00, 0x00, 0x00, 0x00, 0x00, 0x00, 0x00, 0x00, 0x00
	.byte 0x00, 0x00, 0x00, 0x00, 0x00, 0x00, 0x00, 0x00, 0x00, 0x00, 0x00, 0x00, 0x00, 0x00, 0x00, 0x00
	.byte 0x00, 0x00, 0x00, 0x00, 0x00, 0x00, 0x00, 0x00, 0x00, 0x00, 0x00, 0x00, 0x00, 0x00, 0x00, 0x00
	.byte 0x00, 0x00, 0x00, 0x00, 0x00, 0x00, 0x00, 0x00, 0x00, 0x00, 0x00, 0x00, 0x00, 0x00, 0x00, 0x00
	.byte 0x00, 0x00, 0x00, 0x00, 0x00, 0x00, 0x00, 0x00, 0x00, 0x00, 0x00, 0x00, 0x00, 0x00, 0x00, 0x00
	.byte 0x00, 0x00, 0x00, 0x00, 0x00, 0x00, 0x00, 0x00, 0x00, 0x00, 0x00, 0x00, 0x00, 0x00, 0x00, 0x00
	.byte 0x00, 0x00, 0x00, 0x00, 0x00, 0x00, 0x00, 0x00, 0x00, 0x00, 0x00, 0x00, 0x00, 0x00, 0x00, 0x00
	.byte 0x00, 0x00, 0x00, 0x00, 0x00, 0x00, 0x00, 0x00, 0x00, 0x00, 0x00, 0x80, 0x00, 0x00, 0x00, 0x00
	.byte 0x00, 0x00, 0x00, 0x00, 0x00, 0x00, 0x00, 0x00, 0x00, 0x00, 0x00, 0x00, 0x00, 0x00, 0x00, 0x00
	.byte 0x00, 0x00, 0x00, 0x00, 0x80, 0x18, 0x32, 0x17, 0x2D, 0x18, 0xE3, 0x16, 0x23, 0x13, 0xE2, 0x1F
	.byte 0x23, 0x17, 0x11, 0x11, 0x30, 0x24, 0x11, 0x11, 0x00, 0x84, 0x11, 0x13, 0x00, 0x4D, 0x13, 0x31
	.byte 0x00, 0xD0, 0x34, 0x23, 0x11, 0x27, 0x23, 0xD2, 0x11, 0x63, 0x2E, 0xD2, 0x11, 0xF2, 0x2E, 0x72
	.byte 0x11, 0x11, 0x21, 0xD2, 0x21, 0x11, 0x22, 0xD4, 0x21, 0x72, 0x22, 0xFD, 0x47, 0x27, 0xD2, 0xFD
	.byte 0x22, 0x32, 0x4D, 0x0F, 0x0F, 0x00, 0x00, 0x00, 0xD3, 0x00, 0x00, 0x00, 0xD3, 0x0D, 0x00, 0x00
	.byte 0xF3, 0x00, 0x00, 0x00, 0x0F, 0x00, 0x00, 0x00, 0x00, 0x00, 0x00, 0x00, 0x00, 0x00, 0x00, 0x00
	.byte 0x00, 0x00, 0x00, 0x00, 0x00, 0x00, 0x00, 0x00, 0x00, 0x00, 0x00, 0x00, 0x00, 0x00, 0x00, 0x00
	.byte 0x00, 0x00, 0x00, 0x00, 0x00, 0x00, 0x00, 0x00, 0x00, 0x00, 0x00, 0x00, 0x00, 0x00, 0x00, 0x00
	.byte 0x00, 0x00, 0x00, 0x00, 0x00, 0x00, 0x00, 0x00, 0x00, 0x00, 0x00, 0x00, 0x00, 0x00, 0x00, 0x00
	.byte 0x00, 0x00, 0x00, 0x00, 0x00, 0x00, 0x00, 0x00, 0x00, 0x00, 0x00, 0x00, 0x00, 0x00, 0x00, 0x00
	.byte 0x00, 0x00, 0x00, 0x00, 0x00, 0x00, 0x00, 0x00, 0x00, 0x00, 0x00, 0x00, 0x00, 0x00, 0x00, 0x00
	.byte 0x00, 0x00, 0x00, 0x00, 0x00, 0x00, 0x00, 0x00, 0x00, 0x00, 0x00, 0x00, 0x00, 0x00, 0x00, 0x00
	.byte 0x00, 0x00, 0x00, 0x00, 0x00, 0x00, 0x00, 0x00, 0x00, 0x00, 0x00, 0x00, 0x00, 0x00, 0x00, 0x00
	.byte 0x00, 0x00, 0x00, 0x00, 0x00, 0x00, 0x00, 0x00, 0x00, 0x00, 0x00, 0x00, 0x00, 0x00, 0x00, 0x00
	.byte 0x00, 0x00, 0x00, 0x00, 0x00, 0x00, 0x00, 0x00, 0x00, 0x00, 0x00, 0x00, 0x00, 0x00, 0x00, 0x00
	.byte 0x00, 0x00, 0x00, 0x00, 0x00, 0x00, 0x00, 0x00, 0x00, 0x00, 0x00, 0x00, 0x00, 0x00, 0x00, 0x00
	.byte 0x00, 0x00, 0x00, 0x00, 0x00, 0x00, 0x00, 0x00, 0x00, 0x00, 0x00, 0x00, 0x00, 0x00, 0x00, 0x00
	.byte 0x00, 0x00, 0x00, 0x00, 0x00, 0x00, 0x00, 0x00, 0x00, 0x00, 0x00, 0x00, 0x00, 0x00, 0x00, 0x00
	.byte 0x00, 0x00, 0x00, 0x00, 0x00, 0x00, 0x00, 0x00, 0x00, 0x00, 0x00, 0x00, 0x00, 0x00, 0x00, 0x00
	.byte 0x00, 0x00, 0x00, 0x00, 0x00, 0x00, 0x00, 0x00, 0x00, 0x00, 0x00, 0x00, 0x00, 0x00, 0x00, 0x00
	.byte 0x00, 0x00, 0x00, 0x00, 0x00, 0x00, 0x00, 0x00, 0x00, 0x00, 0x00, 0x00, 0x00, 0x00, 0x00, 0x00
	.byte 0x00, 0x00, 0x00, 0x00, 0x00, 0x00, 0x00, 0x00, 0x00, 0x00, 0x00, 0x00, 0x00, 0x00, 0x00, 0x00
	.byte 0x00, 0x00, 0x00, 0x00, 0x00, 0x00, 0x00, 0x00, 0x00, 0x00, 0x00, 0x00, 0x00, 0x00, 0x00, 0x00
	.byte 0x00, 0x00, 0x00, 0x00, 0x00, 0x00, 0x00, 0x00, 0x00, 0x00, 0x00, 0x00, 0x00, 0x00, 0x00, 0x00
	.byte 0x00, 0x00, 0x00, 0x00, 0x00, 0x00, 0x00, 0x00, 0x00, 0x00, 0x00, 0x00, 0x00, 0x00, 0x00, 0x00
	.byte 0x00, 0x00, 0x00, 0x00, 0x00, 0x00, 0x00, 0x00, 0x00, 0x00, 0x00, 0x00, 0x00, 0x00, 0x00, 0x00
	.byte 0x00, 0x00, 0x00, 0x00, 0x00, 0x00, 0x00, 0x00, 0x00, 0x00, 0x00, 0x00, 0x00, 0x00, 0x00, 0x00
	.byte 0x00, 0x00, 0x00, 0x00, 0x00, 0x00, 0x00, 0x00, 0x00, 0x00, 0x00, 0x00, 0x00, 0x00, 0x00, 0x00
	.byte 0x00, 0x00, 0x00, 0x00, 0x00, 0x00, 0x00, 0x00, 0x00, 0x00, 0x00, 0x00, 0x00, 0x00, 0x00, 0x00
	.byte 0x00, 0x00, 0x00, 0x00, 0x00, 0x00, 0x00, 0x00, 0x00, 0x00, 0x00, 0x00, 0x00, 0x00, 0x00, 0x00
	.byte 0x00, 0x00, 0x00, 0x00, 0x00, 0x00, 0x00, 0x00, 0x00, 0x00, 0x00, 0x00, 0x00, 0x00, 0x00, 0x00
	.byte 0x00, 0x00, 0x00, 0x00, 0x00, 0x00, 0x00, 0x50, 0x00, 0x00, 0x00, 0xE5, 0x00, 0x00, 0x00, 0xEA
	.byte 0x00, 0x00, 0x50, 0xE9, 0x00, 0x00, 0xDD, 0x44, 0x00, 0x00, 0xF0, 0xDF, 0x00, 0xA0, 0x95, 0x36
	.byte 0x50, 0xEA, 0x9E, 0x23, 0xEA, 0xE9, 0x9E, 0x26, 0xEE, 0xE9, 0xEE, 0x55, 0xEE, 0xAA, 0x9A, 0x55
	.byte 0xEE, 0xEA, 0xEE, 0x55, 0xD4, 0xD4, 0xFF, 0x00, 0xDD, 0xFF, 0x0F, 0x00, 0xFF, 0x63, 0xF9, 0x0F
	.byte 0x33, 0x53, 0x99, 0xF9, 0x22, 0x66, 0x99, 0x59, 0x66, 0xA6, 0x99, 0x9A, 0x55, 0x96, 0xAA, 0x9A
	.byte 0x55, 0xE5, 0xEE, 0xEA, 0x00, 0x00, 0x00, 0x00, 0x00, 0x00, 0x00, 0x00, 0x00, 0x00, 0x00, 0x00
	.byte 0x0F, 0x00, 0x00, 0x00, 0xF9, 0x0F, 0x00, 0x00, 0x99, 0xFA, 0x05, 0x00, 0x99, 0x9A, 0x59, 0x00
	.byte 0xEE, 0x9A, 0x59, 0x00, 0x00, 0x00, 0x00, 0x00, 0x00, 0x00, 0x00, 0x00, 0x00, 0x00, 0x00, 0x00
	.byte 0x00, 0x00, 0x00, 0x00, 0x00, 0x00, 0x00, 0x00, 0x00, 0x00, 0x00, 0x00, 0x00, 0x00, 0x00, 0x00
	.byte 0x00, 0x00, 0x00, 0x00, 0x00, 0x00, 0x00, 0x00, 0x00, 0x00, 0x00, 0x00, 0x00, 0x00, 0x00, 0x00
	.byte 0x00, 0x00, 0x00, 0x00, 0x00, 0x00, 0x00, 0x00, 0x00, 0x00, 0x00, 0x00, 0x00, 0x00, 0x00, 0x00
	.byte 0x00, 0x00, 0x00, 0x00, 0x00, 0x00, 0x00, 0x00, 0x00, 0x00, 0x00, 0x00, 0x00, 0x00, 0x00, 0x00
	.byte 0x00, 0x00, 0x00, 0x00, 0x00, 0x00, 0x00, 0x00, 0x00, 0x00, 0x00, 0x00, 0x00, 0x00, 0x00, 0x00
	.byte 0x00, 0x00, 0x00, 0x00, 0x00, 0x00, 0x00, 0x00, 0x00, 0x00, 0x00, 0x00, 0x00, 0x00, 0x00, 0x00
	.byte 0x00, 0x00, 0x00, 0x00, 0x00, 0x00, 0x00, 0x00, 0x00, 0x00, 0x00, 0x00, 0x00, 0x00, 0x00, 0x00
	.byte 0x00, 0x00, 0x00, 0x00, 0x00, 0x00, 0x00, 0x00, 0x00, 0x00, 0x00, 0x00, 0x00, 0x00, 0x00, 0x00
	.byte 0x00, 0x00, 0x00, 0x00, 0x00, 0x00, 0x00, 0x00, 0x00, 0x00, 0x00, 0x00, 0x00, 0x00, 0x00, 0x00
	.byte 0x00, 0x00, 0x00, 0x00, 0x00, 0x00, 0x00, 0x00, 0x00, 0x00, 0x00, 0x00, 0x00, 0x00, 0x00, 0x00
	.byte 0x00, 0x00, 0x00, 0x00, 0x00, 0x00, 0x00, 0x00, 0x00, 0x00, 0x00, 0x00, 0x00, 0x00, 0x00, 0x00
	.byte 0x00, 0x00, 0x00, 0x00, 0x00, 0x00, 0x00, 0x00, 0x00, 0x00, 0x00, 0x00, 0x00, 0x00, 0x00, 0x00
	.byte 0x00, 0x00, 0x00, 0x00, 0x00, 0x00, 0x00, 0x00, 0x00, 0x00, 0x00, 0x00, 0x00, 0x00, 0x00, 0x00
	.byte 0x00, 0x00, 0x00, 0x00, 0x00, 0x00, 0x00, 0x00, 0x00, 0x00, 0x00, 0x00, 0x00, 0x00, 0x00, 0x00
	.byte 0x00, 0x00, 0x00, 0x00, 0x00, 0x00, 0x00, 0x00, 0x00, 0x00, 0x00, 0x00, 0x00, 0x00, 0x00, 0x00
	.byte 0x00, 0x00, 0x00, 0x00, 0x00, 0x00, 0x00, 0x00, 0x00, 0x00, 0x00, 0x00, 0x00, 0x00, 0x00, 0x00
	.byte 0x00, 0x00, 0x00, 0x00, 0x00, 0x00, 0x00, 0x00, 0x00, 0x00, 0x00, 0x00, 0x00, 0x00, 0x00, 0x00
	.byte 0x00, 0x00, 0x00, 0x00, 0x00, 0x00, 0x00, 0x00, 0x00, 0x00, 0x00, 0x00, 0x00, 0x00, 0x00, 0x00
	.byte 0x00, 0x00, 0x00, 0x00, 0x00, 0x00, 0x00, 0x00, 0x00, 0x00, 0x00, 0x00, 0x00, 0x00, 0x00, 0x00
	.byte 0x00, 0x00, 0x00, 0x00, 0x00, 0x00, 0x00, 0x00, 0x00, 0x00, 0x00, 0x00, 0x00, 0x00, 0x00, 0x00
	.byte 0x00, 0x00, 0x00, 0x00, 0x00, 0x00, 0x00, 0x00, 0x00, 0x00, 0x00, 0x00, 0x00, 0x00, 0x00, 0x00
	.byte 0x00, 0x00, 0x00, 0x00, 0x00, 0x00, 0x00, 0x00, 0x00, 0x00, 0x00, 0x00, 0x00, 0x00, 0x00, 0x00
	.byte 0x30, 0x33, 0x43, 0x00, 0x13, 0x11, 0x22, 0x04, 0x40, 0x24, 0x12, 0x41, 0x00, 0x34, 0x11, 0x41
	.byte 0x30, 0x32, 0x11, 0x31, 0x00, 0x00, 0xE5, 0x9E, 0x00, 0x00, 0xEA, 0xAE, 0x00, 0x00, 0xE5, 0xAE
	.byte 0x00, 0x50, 0xE9, 0xA9, 0x00, 0x5A, 0x99, 0xA9, 0x00, 0xAA, 0x9A, 0xA9, 0x53, 0x99, 0xA9, 0xE5
	.byte 0x42, 0x44, 0x99, 0xE5, 0xEE, 0xEA, 0x9E, 0x55, 0xEE, 0xE9, 0xAE, 0x55, 0xEE, 0xAE, 0x5E, 0x55
	.byte 0xEE, 0xAE, 0x5E, 0x55, 0xEE, 0xAE, 0x5E, 0x55, 0xEE, 0x9E, 0x6E, 0x55, 0xEE, 0xEE, 0x6A, 0x66
	.byte 0xEE, 0xEE, 0x6A, 0x66, 0x55, 0xE5, 0xAE, 0xEE, 0x55, 0xE5, 0xAE, 0xEE, 0x55, 0xE5, 0x9E, 0xAA
	.byte 0x55, 0xE5, 0xEA, 0xEE, 0x55, 0xE5, 0xEA, 0xEE, 0x65, 0xE6, 0xE9, 0xEE, 0x66, 0xA6, 0xE9, 0xEE
	.byte 0x66, 0xA6, 0xE9, 0xEE, 0xEE, 0x9E, 0x59, 0x00, 0xEE, 0x99, 0x59, 0x00, 0xAA, 0x9A, 0xA9, 0x00
	.byte 0xEE, 0x9A, 0x9A, 0x05, 0xEE, 0x9A, 0x9A, 0x0A, 0xEE, 0xA5, 0x99, 0xF9, 0xEE, 0x95, 0x99, 0xFA
	.byte 0x9E, 0x5A, 0x55, 0x99, 0x00, 0x00, 0x00, 0x00, 0x00, 0x00, 0x00, 0x00, 0x00, 0x00, 0x00, 0x00
	.byte 0x00, 0x00, 0x00, 0x00, 0x00, 0x00, 0x00, 0x00, 0x00, 0x00, 0x00, 0x00, 0x00, 0x00, 0x00, 0x00
	.byte 0x0F, 0x00, 0x00, 0x00, 0x00, 0x00, 0x00, 0x00, 0x00, 0x00, 0x00, 0x00, 0x00, 0x00, 0x00, 0x00
	.byte 0x00, 0x00, 0x00, 0x00, 0x00, 0x00, 0x00, 0x00, 0x00, 0x00, 0x00, 0x00, 0x00, 0x00, 0x00, 0x00
	.byte 0x00, 0x00, 0x00, 0x00, 0x00, 0x00, 0x00, 0x00, 0x00, 0x00, 0x00, 0x00, 0x00, 0x00, 0x00, 0x00
	.byte 0x00, 0x00, 0x00, 0x00, 0x00, 0x00, 0x00, 0x00, 0x00, 0x00, 0x00, 0x00, 0x00, 0x00, 0x00, 0x00
	.byte 0x00, 0x00, 0x00, 0x00, 0x00, 0x00, 0x00, 0x00, 0x00, 0x00, 0x00, 0x00, 0x00, 0x00, 0x00, 0x00
	.byte 0x00, 0x00, 0x00, 0x00, 0x00, 0x00, 0x00, 0x00, 0x00, 0x00, 0x00, 0x00, 0x00, 0x00, 0x00, 0x00
	.byte 0x00, 0x00, 0x00, 0x00, 0x00, 0x00, 0x00, 0x00, 0x00, 0x00, 0x00, 0x00, 0x00, 0x00, 0x00, 0x00
	.byte 0x00, 0x00, 0x00, 0x00, 0x00, 0x00, 0x00, 0x00, 0x00, 0x00, 0x00, 0x00, 0x00, 0x00, 0x00, 0x00
	.byte 0x00, 0x00, 0x00, 0x00, 0x00, 0x00, 0x00, 0x00, 0x00, 0x00, 0x00, 0x00, 0x00, 0x00, 0x00, 0x00
	.byte 0x00, 0x00, 0x00, 0x00, 0x00, 0x00, 0x00, 0x00, 0x00, 0x00, 0x00, 0x00, 0x00, 0x00, 0x00, 0x00
	.byte 0x00, 0x00, 0x00, 0x00, 0x00, 0x00, 0x00, 0x00, 0x00, 0x00, 0x00, 0x00, 0x00, 0x00, 0x00, 0x00
	.byte 0x00, 0x00, 0x00, 0x00, 0x00, 0x00, 0x00, 0x00, 0x00, 0x00, 0x00, 0x00, 0x00, 0x00, 0x00, 0x00
	.byte 0x00, 0x00, 0x00, 0x00, 0x00, 0x00, 0x00, 0x00, 0x00, 0x00, 0x00, 0x00, 0x00, 0x00, 0x00, 0x00
	.byte 0x00, 0x00, 0x00, 0x00, 0x00, 0x00, 0x00, 0x00, 0x00, 0x00, 0x00, 0x00, 0x00, 0x00, 0x00, 0x00
	.byte 0x00, 0x00, 0x00, 0x00, 0x00, 0x00, 0x00, 0x00, 0x00, 0x00, 0x00, 0x00, 0x00, 0x00, 0x00, 0x00
	.byte 0x00, 0x00, 0x00, 0x00, 0x00, 0x00, 0x00, 0x00, 0x00, 0x00, 0x00, 0x00, 0x00, 0x00, 0x00, 0x00
	.byte 0x00, 0x00, 0x00, 0x00, 0x00, 0x00, 0x00, 0x00, 0x00, 0x00, 0x00, 0x00, 0x00, 0x00, 0x00, 0x00
	.byte 0x00, 0x00, 0x00, 0x00, 0x00, 0x00, 0x00, 0x00, 0x00, 0x00, 0x00, 0x00, 0x00, 0x00, 0x00, 0x00
	.byte 0x00, 0x00, 0x00, 0x00, 0x00, 0x00, 0x00, 0x00, 0x00, 0x00, 0x00, 0x00, 0x00, 0x00, 0x00, 0x00
	.byte 0x00, 0x00, 0x00, 0x00, 0x00, 0x00, 0x00, 0x00, 0x00, 0x00, 0x00, 0x00, 0x00, 0x00, 0x00, 0x00
	.byte 0x00, 0x00, 0x00, 0x00, 0x40, 0x32, 0x21, 0x23, 0x23, 0x22, 0x13, 0x34, 0x14, 0x14, 0x44, 0x44
	.byte 0x40, 0x44, 0x00, 0x00, 0x00, 0x00, 0x00, 0x00, 0x00, 0x00, 0x00, 0x00, 0x00, 0x00, 0x00, 0x00
	.byte 0x00, 0x00, 0x00, 0x00, 0x22, 0x22, 0xA3, 0xEA, 0x22, 0x22, 0x42, 0xEA, 0x23, 0x22, 0x42, 0xEA
	.byte 0x34, 0x22, 0x54, 0xEE, 0x00, 0x44, 0x50, 0xEE, 0x00, 0x00, 0x50, 0xE9, 0x00, 0x00, 0x50, 0x99
	.byte 0x00, 0x00, 0xA0, 0xAA, 0xEE, 0xEE, 0x69, 0x66, 0xEE, 0xEE, 0x6E, 0x66, 0xEE, 0xEE, 0x6E, 0x66
	.byte 0xEE, 0xEE, 0x6E, 0x66, 0xEE, 0xEE, 0xFE, 0x6F, 0xEE, 0xEE, 0xF5, 0xEE, 0xE9, 0xEE, 0xB8, 0xDD
	.byte 0x99, 0x99, 0xB8, 0xBC, 0x66, 0x96, 0xE9, 0xEE, 0x66, 0xE6, 0x99, 0x99, 0x66, 0xE6, 0xEE, 0xEE
	.byte 0x66, 0x96, 0xEE, 0xEE, 0xF6, 0x5F, 0xEE, 0x99, 0x99, 0x5F, 0x99, 0x99, 0x44, 0x8B, 0x99, 0x99
	.byte 0xBC, 0x8B, 0x99, 0x99, 0xAE, 0x99, 0x99, 0x99, 0xA9, 0x99, 0x99, 0x59, 0x9E, 0x5F, 0x33, 0xF3
	.byte 0x99, 0x4F, 0x22, 0xF2, 0x99, 0x3F, 0x12, 0x32, 0x99, 0xF5, 0x13, 0x11, 0x99, 0xF9, 0x13, 0x11
	.byte 0xAA, 0xF5, 0x13, 0x41, 0x0F, 0x00, 0x00, 0x00, 0x0F, 0x00, 0x00, 0x00, 0x00, 0x00, 0x00, 0x00
	.byte 0x00, 0x00, 0x00, 0x00, 0x0F, 0x00, 0x00, 0x00, 0x0F, 0x00, 0x00, 0x00, 0x0F, 0x00, 0x00, 0x00
	.byte 0x00, 0x00, 0x00, 0x00, 0x00, 0x00, 0x00, 0x00, 0x00, 0x00, 0x00, 0x00, 0x00, 0x00, 0x00, 0x00
	.byte 0x00, 0x00, 0x00, 0x00, 0x00, 0x00, 0x00, 0x00, 0x00, 0x00, 0x00, 0x00, 0x00, 0x00, 0x00, 0x00
	.byte 0x00, 0x00, 0x00, 0x00, 0x00, 0x00, 0x00, 0x00, 0x00, 0x00, 0x00, 0x00, 0x00, 0x00, 0x00, 0x00
	.byte 0x00, 0x00, 0x00, 0x00, 0x00, 0x00, 0x00, 0x00, 0x00, 0x00, 0x00, 0x00, 0x00, 0x00, 0x00, 0x00
	.byte 0x00, 0x00, 0x00, 0x00, 0x00, 0x00, 0x00, 0x00, 0x00, 0x00, 0x00, 0x00, 0x00, 0x00, 0x00, 0x00
	.byte 0x00, 0x00, 0x00, 0x00, 0x00, 0x00, 0x00, 0x00, 0x00, 0x00, 0x00, 0x00, 0x00, 0x00, 0x00, 0x00
	.byte 0x00, 0x00, 0x00, 0x00, 0x00, 0x00, 0x00, 0x00, 0x00, 0x00, 0x00, 0x00, 0x00, 0x00, 0x00, 0x00
	.byte 0x00, 0x00, 0x00, 0x00, 0x00, 0x00, 0x00, 0x00, 0x00, 0x00, 0x00, 0x00, 0x00, 0x00, 0x00, 0x00
	.byte 0x00, 0x00, 0x00, 0x00, 0x00, 0x00, 0x00, 0x00, 0x00, 0x00, 0x00, 0x00, 0x00, 0x00, 0x00, 0x00
	.byte 0x00, 0x00, 0x00, 0x00, 0x00, 0x00, 0x00, 0x00, 0x00, 0x00, 0x00, 0x00, 0x00, 0x00, 0x00, 0x00
	.byte 0x00, 0x00, 0x00, 0x00, 0x00, 0x00, 0x00, 0x00, 0x00, 0x00, 0x00, 0x00, 0x00, 0x00, 0x00, 0x00
	.byte 0x00, 0x00, 0x00, 0x00, 0x00, 0x00, 0x00, 0x00, 0x00, 0x00, 0x00, 0x00, 0x00, 0x00, 0x00, 0x00
	.byte 0x00, 0x00, 0x00, 0x00, 0x00, 0x00, 0x00, 0x00, 0x00, 0x00, 0x00, 0x00, 0x00, 0x00, 0x00, 0x00
	.byte 0x00, 0x00, 0x00, 0x00, 0x00, 0x00, 0x00, 0x00, 0x00, 0x00, 0x00, 0x00, 0x00, 0x00, 0x00, 0x00
	.byte 0x00, 0x00, 0x00, 0x00, 0x00, 0x00, 0x00, 0x00, 0x00, 0x00, 0x00, 0x00, 0x00, 0x00, 0x00, 0x00
	.byte 0x00, 0x00, 0x00, 0x00, 0x00, 0x00, 0x00, 0x00, 0x00, 0x00, 0x00, 0x00, 0x00, 0x00, 0x00, 0x00
	.byte 0x00, 0x00, 0x00, 0x00, 0x00, 0x00, 0x00, 0x00, 0x00, 0x00, 0x00, 0x00, 0x00, 0x00, 0x00, 0x00
	.byte 0x00, 0x00, 0x00, 0x00, 0x00, 0x00, 0x00, 0x00, 0x00, 0x00, 0x00, 0x00, 0x00, 0x00, 0x00, 0x00
	.byte 0x00, 0x00, 0x00, 0x00, 0x00, 0x00, 0x00, 0x00, 0x00, 0x00, 0x00, 0x00, 0x00, 0x00, 0x00, 0x00
	.byte 0x00, 0x00, 0x00, 0x00, 0x00, 0x00, 0x00, 0x00, 0x00, 0x00, 0x00, 0x00, 0x00, 0x00, 0x00, 0x00
	.byte 0x00, 0x00, 0x00, 0x00, 0x00, 0x00, 0x00, 0x00, 0x00, 0x00, 0x00, 0x00, 0x00, 0x00, 0x00, 0x00
	.byte 0x00, 0x00, 0x00, 0x00, 0x00, 0x00, 0x00, 0x00, 0x00, 0x00, 0x00, 0x00, 0x00, 0x00, 0x00, 0x00
	.byte 0x00, 0x00, 0x00, 0x00, 0x00, 0x00, 0x95, 0x99, 0x00, 0x00, 0x95, 0x99, 0x00, 0x00, 0x95, 0x99
	.byte 0x00, 0x00, 0x95, 0x99, 0x00, 0x50, 0x99, 0x99, 0x00, 0x50, 0x99, 0x99, 0x00, 0x50, 0x99, 0x99
	.byte 0x00, 0x50, 0x99, 0x99, 0x99, 0x99, 0xC8, 0xB8, 0x99, 0xA9, 0xCC, 0xB8, 0x99, 0x89, 0xCC, 0xB8
	.byte 0x99, 0x89, 0xCC, 0xCF, 0x99, 0x89, 0xCC, 0xFC, 0x99, 0x89, 0xCC, 0xDC, 0x99, 0x89, 0xCC, 0xFC
	.byte 0x99, 0x89, 0xCC, 0xFC, 0xBC, 0xBB, 0x9A, 0x99, 0xBC, 0xBB, 0x98, 0x99, 0xBC, 0xBB, 0x98, 0x99
	.byte 0xCC, 0xCC, 0x98, 0x99, 0xC8, 0xCC, 0x98, 0x99, 0xCF, 0xCC, 0x98, 0x99, 0xCF, 0xBB, 0xAC, 0x99
	.byte 0xD5, 0xBB, 0x8B, 0x99, 0x99, 0xF9, 0x13, 0x41, 0xEE, 0x49, 0x11, 0x31, 0x99, 0x24, 0x11, 0x22
	.byte 0x99, 0x44, 0x22, 0x33, 0x99, 0x34, 0x33, 0xF3, 0x99, 0x49, 0x44, 0x0F, 0x99, 0x99, 0xF9, 0x00
	.byte 0x99, 0x99, 0xF9, 0x00, 0x00, 0x00, 0x00, 0x00, 0x00, 0x00, 0x00, 0x00, 0x0F, 0x00, 0x00, 0x00
	.byte 0x0F, 0x00, 0x00, 0x00, 0x00, 0x00, 0x00, 0x00, 0x00, 0x00, 0x00, 0x00, 0x00, 0x00, 0x00, 0x00
	.byte 0x00, 0x00, 0x00, 0x00, 0x00, 0x00, 0x00, 0x00, 0x00, 0x00, 0x00, 0x00, 0x00, 0x00, 0x00, 0x00
	.byte 0x00, 0x00, 0x00, 0x00, 0x00, 0x00, 0x00, 0x00, 0x00, 0x00, 0x00, 0x00, 0x00, 0x00, 0x00, 0x00
	.byte 0x00, 0x00, 0x00, 0x00, 0x00, 0x00, 0x00, 0x00, 0x00, 0x00, 0x00, 0x00, 0x00, 0x00, 0x00, 0x00
	.byte 0x00, 0x00, 0x00, 0x00, 0x00, 0x00, 0x00, 0x00, 0x00, 0x00, 0x00, 0x00, 0x00, 0x00, 0x00, 0x00
	.byte 0x00, 0x00, 0x00, 0x00, 0x00, 0x00, 0x00, 0x00, 0x00, 0x00, 0x00, 0x00, 0x00, 0x00, 0x00, 0x00
	.byte 0x00, 0x00, 0x00, 0x00, 0x00, 0x00, 0x00, 0x00, 0x00, 0x00, 0x00, 0x00, 0x00, 0x00, 0x00, 0x00
	.byte 0x00, 0x00, 0x00, 0x00, 0x00, 0x00, 0x00, 0x00, 0x00, 0x00, 0x00, 0x00, 0x00, 0x00, 0x00, 0x00
	.byte 0x00, 0x00, 0x00, 0x00, 0x00, 0x00, 0x00, 0x00, 0x00, 0x00, 0x00, 0x00, 0x00, 0x00, 0x00, 0x00
	.byte 0x00, 0x00, 0x00, 0x00, 0x00, 0x00, 0x00, 0x00, 0x00, 0x00, 0x00, 0x00, 0x00, 0x00, 0x00, 0x00
	.byte 0x00, 0x00, 0x00, 0x00, 0x00, 0x00, 0x00, 0x00, 0x00, 0x00, 0x00, 0x00, 0x00, 0x00, 0x00, 0x00
	.byte 0x00, 0x00, 0x00, 0x00, 0x00, 0x00, 0x00, 0x00, 0x00, 0x00, 0x00, 0x00, 0x00, 0x00, 0x00, 0x00
	.byte 0x00, 0x00, 0x00, 0x00, 0x00, 0x00, 0x00, 0x00, 0x00, 0x00, 0x00, 0x00, 0x00, 0x00, 0x00, 0x00
	.byte 0x00, 0x00, 0x00, 0x00, 0x00, 0x00, 0x00, 0x00, 0x00, 0x00, 0x00, 0x00, 0x00, 0x00, 0x00, 0x00
	.byte 0x00, 0x00, 0x00, 0x00, 0x00, 0x00, 0x00, 0x00, 0x00, 0x00, 0x00, 0x00, 0x00, 0x00, 0x00, 0x00
	.byte 0x00, 0x00, 0x00, 0x00, 0x00, 0x00, 0x00, 0x00, 0x00, 0x00, 0x00, 0x00, 0x00, 0x00, 0x00, 0x00
	.byte 0x00, 0x00, 0x00, 0x00, 0x00, 0x00, 0x00, 0x00, 0x00, 0x00, 0x00, 0x00, 0x00, 0x00, 0x00, 0x00
	.byte 0x00, 0x00, 0x00, 0x00, 0x00, 0x00, 0x00, 0x00, 0x00, 0x00, 0x00, 0x00, 0x00, 0x00, 0x00, 0x00
	.byte 0x00, 0x00, 0x00, 0x00, 0x00, 0x00, 0x00, 0x00, 0x00, 0x00, 0x00, 0x00, 0x00, 0x00, 0x00, 0x00
	.byte 0x00, 0x00, 0x00, 0x00, 0x00, 0x00, 0x00, 0x00, 0x00, 0x00, 0x00, 0x00, 0x00, 0x00, 0x00, 0x00
	.byte 0x00, 0x00, 0x00, 0x00, 0x00, 0x00, 0x00, 0x00, 0x00, 0x00, 0x00, 0x00, 0x00, 0x00, 0x00, 0x00
	.byte 0x00, 0x00, 0x00, 0x00, 0x00, 0x00, 0x00, 0x00, 0x00, 0x00, 0x00, 0x00, 0x00, 0x00, 0x00, 0x00
	.byte 0x00, 0x00, 0x00, 0x00, 0x00, 0x00, 0x00, 0x00, 0x00, 0x00, 0x00, 0x00, 0x00, 0x00, 0x00, 0x00
	.byte 0x00, 0x00, 0x00, 0x00, 0x00, 0x00, 0x9A, 0x99, 0x00, 0x00, 0x85, 0x58, 0x00, 0x00, 0x80, 0xCC
	.byte 0x00, 0x00, 0x80, 0x88, 0x00, 0x00, 0x00, 0x38, 0x00, 0x00, 0x00, 0x33, 0x00, 0x00, 0x00, 0x24
	.byte 0x00, 0x00, 0x00, 0x14, 0x99, 0xCA, 0xCC, 0xFC, 0x99, 0xC8, 0xDD, 0x6F, 0x88, 0xCB, 0xCC, 0x0F
	.byte 0x88, 0x88, 0x88, 0x0F, 0x33, 0xDF, 0x00, 0x00, 0x33, 0xF3, 0x00, 0x00, 0x32, 0xF3, 0x00, 0x00
	.byte 0x32, 0xF3, 0x00, 0x00, 0xF5, 0xBB, 0x8B, 0x99, 0xF6, 0xCC, 0x8C, 0x99, 0x00, 0xBD, 0xCB, 0x88
	.byte 0x00, 0x8D, 0x88, 0x88, 0x00, 0x00, 0x40, 0x32, 0x00, 0x00, 0x40, 0x32, 0x00, 0x00, 0x40, 0x32
	.byte 0x00, 0x00, 0x00, 0x12, 0x99, 0x99, 0xF9, 0x00, 0x99, 0x55, 0x0F, 0x00, 0xD8, 0xFD, 0x00, 0x00
	.byte 0xDD, 0x0F, 0x00, 0x00, 0x32, 0x0F, 0x00, 0x00, 0x22, 0x04, 0x00, 0x00, 0x21, 0xF2, 0x00, 0x00
	.byte 0x23, 0xF2, 0x00, 0x00, 0x00, 0x00, 0x00, 0x00, 0x00, 0x00, 0x00, 0x00, 0x00, 0x00, 0x00, 0x00
	.byte 0x00, 0x00, 0x00, 0x00, 0x00, 0x00, 0x00, 0x00, 0x00, 0x00, 0x00, 0x00, 0x00, 0x00, 0x00, 0x00
	.byte 0x00, 0x00, 0x00, 0x00, 0x00, 0x00, 0x00, 0x00, 0x00, 0x00, 0x00, 0x00, 0x00, 0x00, 0x00, 0x00
	.byte 0x00, 0x00, 0x00, 0x00, 0x00, 0x00, 0x00, 0x00, 0x00, 0x00, 0x00, 0x00, 0x00, 0x00, 0x00, 0x00
	.byte 0x00, 0x00, 0x00, 0x00, 0x00, 0x00, 0x00, 0x00, 0x00, 0x00, 0x00, 0x00, 0x00, 0x00, 0x00, 0x00
	.byte 0x00, 0x00, 0x00, 0x00, 0x00, 0x00, 0x00, 0x00, 0x00, 0x00, 0x00, 0x00, 0x00, 0x00, 0x00, 0x00
	.byte 0x00, 0x00, 0x00, 0x00, 0x00, 0x00, 0x00, 0x00, 0x00, 0x00, 0x00, 0x00, 0x00, 0x00, 0x00, 0x00
	.byte 0x00, 0x00, 0x00, 0x00, 0x00, 0x00, 0x00, 0x00, 0x00, 0x00, 0x00, 0x00, 0x00, 0x00, 0x00, 0x00
	.byte 0x00, 0x00, 0x00, 0x00, 0x00, 0x00, 0x00, 0x00, 0x00, 0x00, 0x00, 0x00, 0x00, 0x00, 0x00, 0x00
	.byte 0x00, 0x00, 0x00, 0x00, 0x00, 0x00, 0x00, 0x00, 0x00, 0x00, 0x00, 0x00, 0x00, 0x00, 0x00, 0x00
	.byte 0x00, 0x00, 0x00, 0x00, 0x00, 0x00, 0x00, 0x00, 0x00, 0x00, 0x00, 0x00, 0x00, 0x00, 0x00, 0x00
	.byte 0x00, 0x00, 0x00, 0x00, 0x00, 0x00, 0x00, 0x00, 0x00, 0x00, 0x00, 0x00, 0x00, 0x00, 0x00, 0x00
	.byte 0x00, 0x00, 0x00, 0x00, 0x00, 0x00, 0x00, 0x00, 0x00, 0x00, 0x00, 0x00, 0x00, 0x00, 0x00, 0x00
	.byte 0x00, 0x00, 0x00, 0x00, 0x00, 0x00, 0x00, 0x00, 0x00, 0x00, 0x00, 0x00, 0x00, 0x00, 0x00, 0x00
	.byte 0x00, 0x00, 0x00, 0x00, 0x00, 0x00, 0x00, 0x00, 0x00, 0x00, 0x00, 0x00, 0x00, 0x00, 0x00, 0x00
	.byte 0x00, 0x00, 0x00, 0x00, 0x00, 0x00, 0x00, 0x00, 0x00, 0x00, 0x00, 0x00, 0x00, 0x00, 0x00, 0x00
	.byte 0x00, 0x00, 0x00, 0x00, 0x00, 0x00, 0x00, 0x00, 0x00, 0x00, 0x00, 0x00, 0x00, 0x00, 0x00, 0x00
	.byte 0x00, 0x00, 0x00, 0x00, 0x00, 0x00, 0x00, 0x00, 0x00, 0x00, 0x00, 0x00, 0x00, 0x00, 0x00, 0x00
	.byte 0x00, 0x00, 0x00, 0x00, 0x00, 0x00, 0x00, 0x00, 0x00, 0x00, 0x00, 0x00, 0x00, 0x00, 0x00, 0x00
	.byte 0x00, 0x00, 0x00, 0x00, 0x00, 0x00, 0x00, 0x00, 0x00, 0x00, 0x00, 0x00, 0x00, 0x00, 0x00, 0x00
	.byte 0x00, 0x00, 0x00, 0x00, 0x00, 0x00, 0x00, 0x00, 0x00, 0x00, 0x00, 0x00, 0x00, 0x00, 0x00, 0x00
	.byte 0x00, 0x00, 0x00, 0x00, 0x00, 0x00, 0x00, 0x00, 0x00, 0x00, 0x00, 0x00, 0x00, 0x00, 0x00, 0x00
	.byte 0x00, 0x00, 0x00, 0x00, 0x00, 0x00, 0x00, 0x00, 0x00, 0x00, 0x00, 0x00, 0x00, 0x00, 0x00, 0x00
	.byte 0x00, 0x00, 0x00, 0x00, 0x00, 0x00, 0x00, 0x00, 0x00, 0x00, 0x00, 0x00, 0x00, 0x00, 0x00, 0x00
	.byte 0x00, 0x00, 0x00, 0x00, 0x00, 0x00, 0x00, 0x14, 0x00, 0x00, 0x00, 0x22, 0x00, 0x00, 0x60, 0x26
	.byte 0x00, 0x00, 0x64, 0x55, 0x00, 0x34, 0x31, 0x14, 0x00, 0x56, 0x65, 0x66, 0x00, 0x60, 0xFF, 0xFF
	.byte 0x00, 0x00, 0x00, 0x00, 0x31, 0x0F, 0x00, 0x00, 0x32, 0x0F, 0x00, 0x00, 0x32, 0x00, 0x00, 0x00
	.byte 0x36, 0x0F, 0x00, 0x00, 0x66, 0x0F, 0x00, 0x00, 0xF6, 0x0F, 0x00, 0x00, 0x0F, 0x00, 0x00, 0x00
	.byte 0x00, 0x00, 0x00, 0x00, 0x00, 0x00, 0x00, 0x13, 0x00, 0x00, 0x00, 0x23, 0x00, 0x00, 0x00, 0x28
	.byte 0x00, 0x00, 0x00, 0x58, 0x00, 0x00, 0x00, 0x66, 0x00, 0x00, 0x80, 0x41, 0x00, 0x00, 0xF0, 0x65
	.byte 0x00, 0x00, 0x00, 0xFF, 0x21, 0xF2, 0x00, 0x00, 0x21, 0x04, 0x00, 0x00, 0x21, 0x0F, 0x00, 0x00
	.byte 0x55, 0x6F, 0x00, 0x00, 0x22, 0xF3, 0x06, 0x00, 0x41, 0x31, 0x0F, 0x00, 0x66, 0x66, 0x0F, 0x00
	.byte 0xFF, 0xFF, 0x00, 0x00, 0x00, 0x00, 0x00, 0x00, 0x00, 0x00, 0x00, 0x00, 0x00, 0x00, 0x00, 0x00
	.byte 0x00, 0x00, 0x00, 0x00, 0x00, 0x00, 0x00, 0x00, 0x00, 0x00, 0x00, 0x00, 0x00, 0x00, 0x00, 0x00
	.byte 0x00, 0x00, 0x00, 0x00, 0x00, 0x00, 0x00, 0x00, 0x00, 0x00, 0x00, 0x00, 0x00, 0x00, 0x00, 0x00
	.byte 0x00, 0x00, 0x00, 0x00, 0x00, 0x00, 0x00, 0x00, 0x00, 0x00, 0x00, 0x00, 0x00, 0x00, 0x00, 0x00
	.byte 0x00, 0x00, 0x00, 0x00, 0x00, 0x00, 0x00, 0x00, 0x00, 0x00, 0x00, 0x00, 0x00, 0x00, 0x00, 0x00
	.byte 0x00, 0x00, 0x00, 0x00, 0x00, 0x00, 0x00, 0x00, 0x00, 0x00, 0x00, 0x00, 0x00, 0x00, 0x00, 0x00
	.byte 0x00, 0x00, 0x00, 0x00, 0x00, 0x00, 0x00, 0x00, 0x00, 0x00, 0x00, 0x00, 0x00, 0x00, 0x00, 0x00
	.byte 0x00, 0x00, 0x00, 0x00, 0x00, 0x00, 0x00, 0x00, 0x00, 0x00, 0x00, 0x00, 0x00, 0x00, 0x00, 0x00
	.byte 0x00, 0x00, 0x00, 0x00, 0x00, 0x00, 0x00, 0x00, 0x00, 0x00, 0x00, 0x00, 0x00, 0x00, 0x00, 0x00
	.byte 0x00, 0x00, 0x00, 0x00, 0x00, 0x00, 0x00, 0x00, 0x00, 0x00, 0x00, 0x00, 0x00, 0x00, 0x00, 0x00
	.byte 0x00, 0x00, 0x00, 0x00, 0x00, 0x00, 0x00, 0x00, 0x00, 0x00, 0x78, 0xD8, 0x00, 0x8D, 0x83, 0x8F
	.byte 0xD0, 0x73, 0xF3, 0xFF, 0x80, 0x87, 0xF7, 0x22, 0x70, 0xF7, 0x18, 0x11, 0x7D, 0xF7, 0x12, 0x11
	.byte 0x7D, 0x28, 0x44, 0x12, 0x00, 0x00, 0x00, 0x00, 0xF0, 0x78, 0x0D, 0x00, 0x78, 0x8F, 0x83, 0x0D
	.byte 0xF8, 0xFF, 0x83, 0xF3, 0x11, 0xF2, 0x87, 0x88, 0x11, 0x11, 0x8F, 0x8F, 0x11, 0x11, 0x82, 0x82
	.byte 0x11, 0x42, 0x24, 0x82, 0x00, 0x00, 0x00, 0x00, 0x00, 0x00, 0x00, 0x00, 0x00, 0x00, 0x00, 0x00
	.byte 0x00, 0x00, 0x00, 0x00, 0x0F, 0x00, 0x00, 0x00, 0xFF, 0x00, 0x00, 0x00, 0xF8, 0x00, 0x00, 0x00
	.byte 0xF8, 0x00, 0x00, 0x00, 0x00, 0x00, 0x00, 0x00, 0x00, 0x00, 0x00, 0x00, 0x00, 0x00, 0x00, 0x00
	.byte 0x00, 0x00, 0x00, 0x00, 0x00, 0x00, 0x00, 0x00, 0x00, 0x00, 0x00, 0x00, 0x00, 0x00, 0x00, 0x00
	.byte 0x00, 0x00, 0x00, 0x00, 0x00, 0x00, 0x00, 0x00, 0x00, 0x00, 0x00, 0x00, 0x00, 0x00, 0x00, 0x00
	.byte 0x00, 0x00, 0x00, 0x00, 0x00, 0x00, 0x00, 0x00, 0x00, 0x00, 0x00, 0x00, 0x00, 0x00, 0x00, 0x00
	.byte 0x00, 0x00, 0x00, 0x00, 0x00, 0x00, 0x00, 0x00, 0x00, 0x00, 0x00, 0x00, 0x00, 0x00, 0x00, 0x00
	.byte 0x00, 0x00, 0x00, 0x00, 0x00, 0x00, 0x00, 0x00, 0x00, 0x00, 0x00, 0x00, 0x00, 0x00, 0x00, 0x00
	.byte 0x00, 0x00, 0x00, 0x00, 0x00, 0x00, 0x00, 0x00, 0x00, 0x00, 0x00, 0x00, 0x00, 0x00, 0x00, 0x00
	.byte 0x00, 0x00, 0x00, 0x00, 0x00, 0x00, 0x00, 0x00, 0x00, 0x00, 0x00, 0x00, 0x00, 0x00, 0x00, 0x00
	.byte 0x00, 0x00, 0x00, 0x00, 0x00, 0x00, 0x00, 0x00, 0x00, 0x00, 0x00, 0x00, 0x00, 0x00, 0x00, 0x00
	.byte 0x00, 0x00, 0x00, 0x00, 0x00, 0x00, 0x00, 0x00, 0x00, 0x00, 0x00, 0x00, 0x00, 0x00, 0x00, 0x00
	.byte 0x00, 0x00, 0x00, 0x00, 0x00, 0x00, 0x00, 0x00, 0x00, 0x00, 0x00, 0x00, 0x00, 0x00, 0x00, 0x00
	.byte 0x00, 0x00, 0x00, 0x00, 0x00, 0x00, 0x00, 0x00, 0x00, 0x00, 0x00, 0x00, 0x00, 0x00, 0x00, 0x00
	.byte 0x00, 0x00, 0x00, 0x00, 0x00, 0x00, 0x00, 0x00, 0x00, 0x00, 0x00, 0x00, 0x00, 0x00, 0x00, 0x00
	.byte 0x00, 0x00, 0x00, 0x00, 0x00, 0x00, 0x00, 0x00, 0x00, 0x00, 0x00, 0x00, 0x00, 0x00, 0x00, 0x00
	.byte 0x00, 0x00, 0x00, 0x00, 0x00, 0x00, 0x00, 0x00, 0x00, 0x00, 0x00, 0x00, 0x00, 0x00, 0x00, 0x00
	.byte 0x00, 0x00, 0x00, 0x00, 0x00, 0x00, 0x00, 0x00, 0x00, 0x00, 0x00, 0x00, 0x00, 0x00, 0x00, 0x00
	.byte 0x00, 0x00, 0x00, 0x00, 0x00, 0x00, 0x00, 0x00, 0x00, 0x00, 0x00, 0x00, 0x00, 0x00, 0x00, 0x00
	.byte 0x00, 0x00, 0x00, 0x00, 0x00, 0x00, 0x00, 0x00, 0x00, 0x00, 0x00, 0x00, 0x00, 0x00, 0x00, 0x00
	.byte 0x00, 0x00, 0x00, 0x00, 0x00, 0x00, 0x00, 0x00, 0x00, 0x00, 0x00, 0x00, 0x00, 0x00, 0x00, 0x00
	.byte 0x00, 0x00, 0x00, 0x00, 0x00, 0x00, 0x00, 0x00, 0x00, 0x00, 0x00, 0x00, 0x00, 0x00, 0x00, 0x00
	.byte 0x00, 0x00, 0x00, 0x00, 0x00, 0x00, 0x00, 0x00, 0x00, 0x00, 0x00, 0x00, 0x00, 0x00, 0x00, 0x00
	.byte 0x00, 0x00, 0x00, 0x00, 0x00, 0x00, 0x00, 0x00, 0x00, 0x00, 0x00, 0x00, 0x00, 0x00, 0x00, 0x00
	.byte 0x00, 0x00, 0x00, 0x00, 0x00, 0x00, 0x00, 0x00, 0x00, 0x00, 0x00, 0x00, 0x00, 0x00, 0x00, 0x00
	.byte 0x00, 0x00, 0x00, 0x00, 0x00, 0x00, 0x00, 0x00, 0x00, 0x00, 0x00, 0x00, 0x00, 0x00, 0x00, 0x00
	.byte 0x00, 0x00, 0x00, 0x00, 0x00, 0x00, 0x00, 0x00, 0x00, 0x00, 0x00, 0x80, 0x00, 0x00, 0x00, 0x00
	.byte 0x00, 0x00, 0x00, 0x00, 0x00, 0x00, 0x00, 0x00, 0x00, 0x00, 0x00, 0x00, 0x00, 0x00, 0x00, 0x00
	.byte 0x00, 0x00, 0x00, 0x00, 0x80, 0x18, 0x32, 0x17, 0x2D, 0x18, 0xE3, 0x16, 0x23, 0x13, 0xE2, 0x1F
	.byte 0x23, 0x17, 0x11, 0x11, 0x30, 0x24, 0x11, 0x11, 0x00, 0x84, 0x11, 0x13, 0x00, 0x4D, 0x13, 0x31
	.byte 0x00, 0xD0, 0x34, 0x23, 0x11, 0x27, 0x23, 0xD2, 0x11, 0x63, 0x2E, 0xD2, 0x11, 0xF2, 0x2E, 0x72
	.byte 0x11, 0x11, 0x21, 0xD2, 0x21, 0x11, 0x22, 0xD4, 0x21, 0x72, 0x22, 0xFD, 0x47, 0x27, 0xD2, 0xFD
	.byte 0x22, 0x32, 0x4D, 0x0F, 0x0F, 0x00, 0x00, 0x00, 0xD3, 0x00, 0x00, 0x00, 0xD3, 0x0D, 0x00, 0x00
	.byte 0xF3, 0x00, 0x00, 0x00, 0x0F, 0x00, 0x00, 0x00, 0x00, 0x00, 0x00, 0x00, 0x00, 0x00, 0x00, 0x00
	.byte 0x00, 0x00, 0x00, 0x00, 0x00, 0x00, 0x00, 0x00, 0x00, 0x00, 0x00, 0x00, 0x00, 0x00, 0x00, 0x00
	.byte 0x00, 0x00, 0x00, 0x00, 0x00, 0x00, 0x00, 0x00, 0x00, 0x00, 0x00, 0x00, 0x00, 0x00, 0x00, 0x00
	.byte 0x00, 0x00, 0x00, 0x00, 0x00, 0x00, 0x00, 0x00, 0x00, 0x00, 0x00, 0x00, 0x00, 0x00, 0x00, 0x00
	.byte 0x00, 0x00, 0x00, 0x00, 0x00, 0x00, 0x00, 0x00, 0x00, 0x00, 0x00, 0x00, 0x00, 0x00, 0x00, 0x00
	.byte 0x00, 0x00, 0x00, 0x00, 0x00, 0x00, 0x00, 0x00, 0x00, 0x00, 0x00, 0x00, 0x00, 0x00, 0x00, 0x00
	.byte 0x00, 0x00, 0x00, 0x00, 0x00, 0x00, 0x00, 0x00, 0x00, 0x00, 0x00, 0x00, 0x00, 0x00, 0x00, 0x00
	.byte 0x00, 0x00, 0x00, 0x00, 0x00, 0x00, 0x00, 0x00, 0x00, 0x00, 0x00, 0x00, 0x00, 0x00, 0x00, 0x00
	.byte 0x00, 0x00, 0x00, 0x00, 0x00, 0x00, 0x00, 0x00, 0x00, 0x00, 0x00, 0x00, 0x00, 0x00, 0x00, 0x00
	.byte 0x00, 0x00, 0x00, 0x00, 0x00, 0x00, 0x00, 0x00, 0x00, 0x00, 0x00, 0x00, 0x00, 0x00, 0x00, 0x00
	.byte 0x00, 0x00, 0x00, 0x00, 0x00, 0x00, 0x00, 0x00, 0x00, 0x00, 0x00, 0x00, 0x00, 0x00, 0x00, 0x00
	.byte 0x00, 0x00, 0x00, 0x00, 0x00, 0x00, 0x00, 0x00, 0x00, 0x00, 0x00, 0x00, 0x00, 0x00, 0x00, 0x00
	.byte 0x00, 0x00, 0x00, 0x00, 0x00, 0x00, 0x00, 0x00, 0x00, 0x00, 0x00, 0x00, 0x00, 0x00, 0x00, 0x00
	.byte 0x00, 0x00, 0x00, 0x00, 0x00, 0x00, 0x00, 0x00, 0x00, 0x00, 0x00, 0x00, 0x00, 0x00, 0x00, 0x00
	.byte 0x00, 0x00, 0x00, 0x00, 0x00, 0x00, 0x00, 0x00, 0x00, 0x00, 0x00, 0x00, 0x00, 0x00, 0x00, 0x00
	.byte 0x00, 0x00, 0x00, 0x00, 0x00, 0x00, 0x00, 0x00, 0x00, 0x00, 0x00, 0x00, 0x00, 0x00, 0x00, 0x00
	.byte 0x00, 0x00, 0x00, 0x00, 0x00, 0x00, 0x00, 0x00, 0x00, 0x00, 0x00, 0x00, 0x00, 0x00, 0x00, 0x00
	.byte 0x00, 0x00, 0x00, 0x00, 0x00, 0x00, 0x00, 0x00, 0x00, 0x00, 0x00, 0x00, 0x00, 0x00, 0x00, 0x00
	.byte 0x00, 0x00, 0x00, 0x00, 0x00, 0x00, 0x00, 0x00, 0x00, 0x00, 0x00, 0x00, 0x00, 0x00, 0x00, 0x00
	.byte 0x00, 0x00, 0x00, 0x00, 0x00, 0x00, 0x00, 0x00, 0x00, 0x00, 0x00, 0x00, 0x00, 0x00, 0x00, 0x00
	.byte 0x00, 0x00, 0x00, 0x00, 0x00, 0x00, 0x00, 0x00, 0x00, 0x00, 0x00, 0x00, 0x00, 0x00, 0x00, 0x00
	.byte 0x00, 0x00, 0x00, 0x00, 0x00, 0x00, 0x00, 0x00, 0x00, 0x00, 0x00, 0x00, 0x00, 0x00, 0x00, 0x00
	.byte 0x00, 0x00, 0x00, 0x00, 0x00, 0x00, 0x00, 0x00, 0x00, 0x00, 0x00, 0x00, 0x00, 0x00, 0x00, 0x00
	.byte 0x00, 0x00, 0x00, 0x00, 0x00, 0x00, 0x00, 0x00, 0x00, 0x00, 0x00, 0x00, 0x00, 0x00, 0x00, 0x00
	.byte 0x00, 0x00, 0x00, 0x00, 0x00, 0x00, 0x00, 0x00, 0x00, 0x00, 0x00, 0x00, 0x00, 0x00, 0x00, 0x00
	.byte 0x00, 0x00, 0x00, 0x00, 0x00, 0x00, 0x00, 0x00, 0x00, 0x00, 0x00, 0x00, 0x00, 0x00, 0x00, 0x00
	.byte 0x00, 0x00, 0x00, 0x00, 0x00, 0x00, 0x00, 0x50, 0x00, 0x00, 0x00, 0xE5, 0x00, 0x00, 0x00, 0xEA
	.byte 0x00, 0x00, 0x50, 0xE9, 0x00, 0x00, 0xDD, 0x44, 0x00, 0x00, 0xF0, 0xDF, 0x00, 0xA0, 0x95, 0x36
	.byte 0x50, 0xEA, 0x9E, 0x23, 0xEA, 0xE9, 0x9E, 0x26, 0xEE, 0xE9, 0xEE, 0x55, 0xEE, 0xAA, 0x9A, 0x55
	.byte 0xEE, 0xEA, 0xEE, 0x55, 0xD4, 0xD4, 0xFF, 0x00, 0xDD, 0xFF, 0x0F, 0x00, 0xFF, 0x63, 0xF9, 0xFF
	.byte 0x33, 0x53, 0x99, 0x59, 0x22, 0x66, 0x99, 0x59, 0x66, 0xA6, 0x99, 0x9A, 0x55, 0x96, 0xAA, 0x9A
	.byte 0x55, 0xE5, 0xEE, 0xEA, 0x00, 0x00, 0x00, 0x00, 0x00, 0x00, 0x00, 0x00, 0x00, 0x00, 0x00, 0x00
	.byte 0xFF, 0x0F, 0x00, 0x00, 0x99, 0xFA, 0x0F, 0x00, 0x99, 0x9A, 0x59, 0x00, 0xE9, 0x9A, 0x59, 0x00
	.byte 0xEE, 0x9E, 0x99, 0x05, 0x00, 0x00, 0x00, 0x00, 0x00, 0x00, 0x00, 0x00, 0x00, 0x00, 0x00, 0x00
	.byte 0x00, 0x00, 0x00, 0x00, 0x00, 0x00, 0x00, 0x00, 0x00, 0x00, 0x00, 0x00, 0x00, 0x00, 0x00, 0x00
	.byte 0x00, 0x00, 0x00, 0x00, 0x00, 0x00, 0x00, 0x00, 0x00, 0x00, 0x00, 0x00, 0x00, 0x00, 0x00, 0x00
	.byte 0x00, 0x00, 0x00, 0x00, 0x00, 0x00, 0x00, 0x00, 0x00, 0x00, 0x00, 0x00, 0x00, 0x00, 0x00, 0x00
	.byte 0x00, 0x00, 0x00, 0x00, 0x00, 0x00, 0x00, 0x00, 0x00, 0x00, 0x00, 0x00, 0x00, 0x00, 0x00, 0x00
	.byte 0x00, 0x00, 0x00, 0x00, 0x00, 0x00, 0x00, 0x00, 0x00, 0x00, 0x00, 0x00, 0x00, 0x00, 0x00, 0x00
	.byte 0x00, 0x00, 0x00, 0x00, 0x00, 0x00, 0x00, 0x00, 0x00, 0x00, 0x00, 0x00, 0x00, 0x00, 0x00, 0x00
	.byte 0x00, 0x00, 0x00, 0x00, 0x00, 0x00, 0x00, 0x00, 0x00, 0x00, 0x00, 0x00, 0x00, 0x00, 0x00, 0x00
	.byte 0x00, 0x00, 0x00, 0x00, 0x00, 0x00, 0x00, 0x00, 0x00, 0x00, 0x00, 0x00, 0x00, 0x00, 0x00, 0x00
	.byte 0x00, 0x00, 0x00, 0x00, 0x00, 0x00, 0x00, 0x00, 0x00, 0x00, 0x00, 0x00, 0x00, 0x00, 0x00, 0x00
	.byte 0x00, 0x00, 0x00, 0x00, 0x00, 0x00, 0x00, 0x00, 0x00, 0x00, 0x00, 0x00, 0x00, 0x00, 0x00, 0x00
	.byte 0x00, 0x00, 0x00, 0x00, 0x00, 0x00, 0x00, 0x00, 0x00, 0x00, 0x00, 0x00, 0x00, 0x00, 0x00, 0x00
	.byte 0x00, 0x00, 0x00, 0x00, 0x00, 0x00, 0x00, 0x00, 0x00, 0x00, 0x00, 0x00, 0x00, 0x00, 0x00, 0x00
	.byte 0x00, 0x00, 0x00, 0x00, 0x00, 0x00, 0x00, 0x00, 0x00, 0x00, 0x00, 0x00, 0x00, 0x00, 0x00, 0x00
	.byte 0x00, 0x00, 0x00, 0x00, 0x00, 0x00, 0x00, 0x00, 0x00, 0x00, 0x00, 0x00, 0x00, 0x00, 0x00, 0x00
	.byte 0x00, 0x00, 0x00, 0x00, 0x00, 0x00, 0x00, 0x00, 0x00, 0x00, 0x00, 0x00, 0x00, 0x00, 0x00, 0x00
	.byte 0x00, 0x00, 0x00, 0x00, 0x00, 0x00, 0x00, 0x00, 0x00, 0x00, 0x00, 0x00, 0x00, 0x00, 0x00, 0x00
	.byte 0x00, 0x00, 0x00, 0x00, 0x00, 0x00, 0x00, 0x00, 0x00, 0x00, 0x00, 0x00, 0x00, 0x00, 0x00, 0x00
	.byte 0x00, 0x00, 0x00, 0x00, 0x00, 0x00, 0x00, 0x00, 0x00, 0x00, 0x00, 0x00, 0x00, 0x00, 0x00, 0x00
	.byte 0x00, 0x00, 0x00, 0x00, 0x00, 0x00, 0x00, 0x00, 0x00, 0x00, 0x00, 0x00, 0x00, 0x00, 0x00, 0x00
	.byte 0x00, 0x00, 0x00, 0x00, 0x00, 0x00, 0x00, 0x00, 0x00, 0x00, 0x00, 0x00, 0x00, 0x00, 0x00, 0x00
	.byte 0x00, 0x00, 0x00, 0x00, 0x00, 0x00, 0x00, 0x00, 0x00, 0x00, 0x00, 0x00, 0x00, 0x00, 0x00, 0x00
	.byte 0x00, 0x00, 0x00, 0x00, 0x00, 0x00, 0x00, 0x00, 0x00, 0x00, 0x00, 0x00, 0x00, 0x00, 0x00, 0x00
	.byte 0x30, 0x33, 0x43, 0x00, 0x13, 0x11, 0x22, 0x04, 0x40, 0x24, 0x12, 0x41, 0x00, 0x34, 0x11, 0x41
	.byte 0x30, 0x32, 0x11, 0x31, 0x00, 0x00, 0xE5, 0x9E, 0x00, 0x00, 0xEA, 0xAE, 0x00, 0x00, 0xE5, 0xAE
	.byte 0x00, 0x50, 0xE9, 0xA9, 0x00, 0x5A, 0x99, 0xA9, 0x00, 0xAA, 0x9A, 0xA9, 0x53, 0x99, 0xA9, 0xE5
	.byte 0x42, 0x44, 0x99, 0xE5, 0xEE, 0xEA, 0x9E, 0x55, 0xEE, 0xE9, 0xAE, 0x55, 0xEE, 0xAE, 0x5E, 0x55
	.byte 0xEE, 0xAE, 0x5E, 0x55, 0xEE, 0xAE, 0x5E, 0x55, 0xEE, 0x9E, 0x6E, 0x55, 0xEE, 0xEE, 0x6A, 0x66
	.byte 0xEE, 0xEE, 0x6A, 0x66, 0x55, 0xE5, 0xAE, 0xEE, 0x55, 0xE5, 0xAE, 0xEE, 0x55, 0xE5, 0x9E, 0xAA
	.byte 0x55, 0xE5, 0xEA, 0xEE, 0x55, 0xE5, 0xEA, 0xEE, 0x65, 0xE6, 0xE9, 0xEE, 0x66, 0xA6, 0xE9, 0xEE
	.byte 0x66, 0xA6, 0xE9, 0xEE, 0xEE, 0x99, 0x99, 0x05, 0xEE, 0x9A, 0x99, 0x59, 0xAA, 0x95, 0x9A, 0xA9
	.byte 0xEE, 0x95, 0x9A, 0x99, 0xEE, 0xAA, 0x99, 0x99, 0xEE, 0x5A, 0x99, 0x59, 0xEE, 0xAA, 0x55, 0x9A
	.byte 0xEE, 0x9A, 0x99, 0x99, 0x00, 0x00, 0x00, 0x00, 0x00, 0x00, 0x00, 0x00, 0x00, 0x00, 0x00, 0x00
	.byte 0x0F, 0x00, 0x00, 0x00, 0x0F, 0x00, 0x00, 0x00, 0x05, 0x00, 0x00, 0x00, 0x59, 0x00, 0x00, 0x00
	.byte 0xF9, 0x00, 0x00, 0x00, 0x00, 0x00, 0x00, 0x00, 0x00, 0x00, 0x00, 0x00, 0x00, 0x00, 0x00, 0x00
	.byte 0x00, 0x00, 0x00, 0x00, 0x00, 0x00, 0x00, 0x00, 0x00, 0x00, 0x00, 0x00, 0x00, 0x00, 0x00, 0x00
	.byte 0x00, 0x00, 0x00, 0x00, 0x00, 0x00, 0x00, 0x00, 0x00, 0x00, 0x00, 0x00, 0x00, 0x00, 0x00, 0x00
	.byte 0x00, 0x00, 0x00, 0x00, 0x00, 0x00, 0x00, 0x00, 0x00, 0x00, 0x00, 0x00, 0x00, 0x00, 0x00, 0x00
	.byte 0x00, 0x00, 0x00, 0x00, 0x00, 0x00, 0x00, 0x00, 0x00, 0x00, 0x00, 0x00, 0x00, 0x00, 0x00, 0x00
	.byte 0x00, 0x00, 0x00, 0x00, 0x00, 0x00, 0x00, 0x00, 0x00, 0x00, 0x00, 0x00, 0x00, 0x00, 0x00, 0x00
	.byte 0x00, 0x00, 0x00, 0x00, 0x00, 0x00, 0x00, 0x00, 0x00, 0x00, 0x00, 0x00, 0x00, 0x00, 0x00, 0x00
	.byte 0x00, 0x00, 0x00, 0x00, 0x00, 0x00, 0x00, 0x00, 0x00, 0x00, 0x00, 0x00, 0x00, 0x00, 0x00, 0x00
	.byte 0x00, 0x00, 0x00, 0x00, 0x00, 0x00, 0x00, 0x00, 0x00, 0x00, 0x00, 0x00, 0x00, 0x00, 0x00, 0x00
	.byte 0x00, 0x00, 0x00, 0x00, 0x00, 0x00, 0x00, 0x00, 0x00, 0x00, 0x00, 0x00, 0x00, 0x00, 0x00, 0x00
	.byte 0x00, 0x00, 0x00, 0x00, 0x00, 0x00, 0x00, 0x00, 0x00, 0x00, 0x00, 0x00, 0x00, 0x00, 0x00, 0x00
	.byte 0x00, 0x00, 0x00, 0x00, 0x00, 0x00, 0x00, 0x00, 0x00, 0x00, 0x00, 0x00, 0x00, 0x00, 0x00, 0x00
	.byte 0x00, 0x00, 0x00, 0x00, 0x00, 0x00, 0x00, 0x00, 0x00, 0x00, 0x00, 0x00, 0x00, 0x00, 0x00, 0x00
	.byte 0x00, 0x00, 0x00, 0x00, 0x00, 0x00, 0x00, 0x00, 0x00, 0x00, 0x00, 0x00, 0x00, 0x00, 0x00, 0x00
	.byte 0x00, 0x00, 0x00, 0x00, 0x00, 0x00, 0x00, 0x00, 0x00, 0x00, 0x00, 0x00, 0x00, 0x00, 0x00, 0x00
	.byte 0x00, 0x00, 0x00, 0x00, 0x00, 0x00, 0x00, 0x00, 0x00, 0x00, 0x00, 0x00, 0x00, 0x00, 0x00, 0x00
	.byte 0x00, 0x00, 0x00, 0x00, 0x00, 0x00, 0x00, 0x00, 0x00, 0x00, 0x00, 0x00, 0x00, 0x00, 0x00, 0x00
	.byte 0x00, 0x00, 0x00, 0x00, 0x00, 0x00, 0x00, 0x00, 0x00, 0x00, 0x00, 0x00, 0x00, 0x00, 0x00, 0x00
	.byte 0x00, 0x00, 0x00, 0x00, 0x00, 0x00, 0x00, 0x00, 0x00, 0x00, 0x00, 0x00, 0x00, 0x00, 0x00, 0x00
	.byte 0x00, 0x00, 0x00, 0x00, 0x00, 0x00, 0x00, 0x00, 0x00, 0x00, 0x00, 0x00, 0x00, 0x00, 0x00, 0x00
	.byte 0x00, 0x00, 0x00, 0x00, 0x40, 0x32, 0x21, 0x23, 0x23, 0x22, 0x13, 0x34, 0x14, 0x14, 0x44, 0x44
	.byte 0x40, 0x44, 0x00, 0x00, 0x00, 0x00, 0x00, 0x00, 0x00, 0x00, 0x00, 0x00, 0x00, 0x00, 0x00, 0x00
	.byte 0x00, 0x00, 0x00, 0x00, 0x22, 0x22, 0xA3, 0xEA, 0x22, 0x22, 0x42, 0xEA, 0x23, 0x22, 0x42, 0xEA
	.byte 0x34, 0x22, 0x54, 0xEE, 0x00, 0x44, 0x50, 0xEE, 0x00, 0x00, 0x50, 0xE9, 0x00, 0x00, 0x50, 0x99
	.byte 0x00, 0x00, 0xA0, 0xAA, 0xEE, 0xEE, 0x69, 0x66, 0xEE, 0xEE, 0x6E, 0x66, 0xEE, 0xEE, 0x6E, 0x66
	.byte 0xEE, 0xEE, 0x6E, 0x66, 0xEE, 0xEE, 0xFE, 0x6F, 0xEE, 0xEE, 0xF5, 0xEE, 0xE9, 0xEE, 0xB8, 0xDD
	.byte 0x99, 0x99, 0xB8, 0xBC, 0x66, 0x96, 0xE9, 0xEE, 0x66, 0xE6, 0x99, 0x99, 0x66, 0xE6, 0xEE, 0xEE
	.byte 0x66, 0x96, 0xEE, 0xEE, 0xF6, 0x5F, 0xEE, 0x99, 0x99, 0x5F, 0x99, 0x99, 0x44, 0x8B, 0x99, 0x99
	.byte 0xBC, 0x8B, 0x99, 0x99, 0xAE, 0x95, 0x99, 0x99, 0x99, 0xF9, 0x35, 0x33, 0x9E, 0xF9, 0x23, 0x33
	.byte 0x99, 0x49, 0x22, 0x32, 0x99, 0x24, 0x11, 0xF2, 0x99, 0x14, 0x21, 0xF3, 0x49, 0x12, 0x32, 0x04
	.byte 0xAA, 0x35, 0x43, 0x0F, 0x45, 0x00, 0x00, 0x00, 0x04, 0x00, 0x00, 0x00, 0x0F, 0x00, 0x00, 0x00
	.byte 0x0F, 0x00, 0x00, 0x00, 0x00, 0x00, 0x00, 0x00, 0x00, 0x00, 0x00, 0x00, 0x00, 0x00, 0x00, 0x00
	.byte 0x00, 0x00, 0x00, 0x00, 0x00, 0x00, 0x00, 0x00, 0x00, 0x00, 0x00, 0x00, 0x00, 0x00, 0x00, 0x00
	.byte 0x00, 0x00, 0x00, 0x00, 0x00, 0x00, 0x00, 0x00, 0x00, 0x00, 0x00, 0x00, 0x00, 0x00, 0x00, 0x00
	.byte 0x00, 0x00, 0x00, 0x00, 0x00, 0x00, 0x00, 0x00, 0x00, 0x00, 0x00, 0x00, 0x00, 0x00, 0x00, 0x00
	.byte 0x00, 0x00, 0x00, 0x00, 0x00, 0x00, 0x00, 0x00, 0x00, 0x00, 0x00, 0x00, 0x00, 0x00, 0x00, 0x00
	.byte 0x00, 0x00, 0x00, 0x00, 0x00, 0x00, 0x00, 0x00, 0x00, 0x00, 0x00, 0x00, 0x00, 0x00, 0x00, 0x00
	.byte 0x00, 0x00, 0x00, 0x00, 0x00, 0x00, 0x00, 0x00, 0x00, 0x00, 0x00, 0x00, 0x00, 0x00, 0x00, 0x00
	.byte 0x00, 0x00, 0x00, 0x00, 0x00, 0x00, 0x00, 0x00, 0x00, 0x00, 0x00, 0x00, 0x00, 0x00, 0x00, 0x00
	.byte 0x00, 0x00, 0x00, 0x00, 0x00, 0x00, 0x00, 0x00, 0x00, 0x00, 0x00, 0x00, 0x00, 0x00, 0x00, 0x00
	.byte 0x00, 0x00, 0x00, 0x00, 0x00, 0x00, 0x00, 0x00, 0x00, 0x00, 0x00, 0x00, 0x00, 0x00, 0x00, 0x00
	.byte 0x00, 0x00, 0x00, 0x00, 0x00, 0x00, 0x00, 0x00, 0x00, 0x00, 0x00, 0x00, 0x00, 0x00, 0x00, 0x00
	.byte 0x00, 0x00, 0x00, 0x00, 0x00, 0x00, 0x00, 0x00, 0x00, 0x00, 0x00, 0x00, 0x00, 0x00, 0x00, 0x00
	.byte 0x00, 0x00, 0x00, 0x00, 0x00, 0x00, 0x00, 0x00, 0x00, 0x00, 0x00, 0x00, 0x00, 0x00, 0x00, 0x00
	.byte 0x00, 0x00, 0x00, 0x00, 0x00, 0x00, 0x00, 0x00, 0x00, 0x00, 0x00, 0x00, 0x00, 0x00, 0x00, 0x00
	.byte 0x00, 0x00, 0x00, 0x00, 0x00, 0x00, 0x00, 0x00, 0x00, 0x00, 0x00, 0x00, 0x00, 0x00, 0x00, 0x00
	.byte 0x00, 0x00, 0x00, 0x00, 0x00, 0x00, 0x00, 0x00, 0x00, 0x00, 0x00, 0x00, 0x00, 0x00, 0x00, 0x00
	.byte 0x00, 0x00, 0x00, 0x00, 0x00, 0x00, 0x00, 0x00, 0x00, 0x00, 0x00, 0x00, 0x00, 0x00, 0x00, 0x00
	.byte 0x00, 0x00, 0x00, 0x00, 0x00, 0x00, 0x00, 0x00, 0x00, 0x00, 0x00, 0x00, 0x00, 0x00, 0x00, 0x00
	.byte 0x00, 0x00, 0x00, 0x00, 0x00, 0x00, 0x00, 0x00, 0x00, 0x00, 0x00, 0x00, 0x00, 0x00, 0x00, 0x00
	.byte 0x00, 0x00, 0x00, 0x00, 0x00, 0x00, 0x00, 0x00, 0x00, 0x00, 0x00, 0x00, 0x00, 0x00, 0x00, 0x00
	.byte 0x00, 0x00, 0x00, 0x00, 0x00, 0x00, 0x00, 0x00, 0x00, 0x00, 0x00, 0x00, 0x00, 0x00, 0x00, 0x00
	.byte 0x00, 0x00, 0x00, 0x00, 0x00, 0x00, 0x00, 0x00, 0x00, 0x00, 0x00, 0x00, 0x00, 0x00, 0x00, 0x00
	.byte 0x00, 0x00, 0x00, 0x00, 0x00, 0x00, 0x00, 0x00, 0x00, 0x00, 0x00, 0x00, 0x00, 0x00, 0x00, 0x00
	.byte 0x00, 0x00, 0x00, 0x00, 0x00, 0x00, 0x95, 0x99, 0x00, 0x00, 0x95, 0x99, 0x00, 0x00, 0x95, 0x99
	.byte 0x00, 0x00, 0x95, 0x99, 0x00, 0x50, 0x99, 0x99, 0x00, 0x50, 0x99, 0x99, 0x00, 0x50, 0x99, 0x99
	.byte 0x00, 0x50, 0x99, 0x99, 0x99, 0x99, 0xC8, 0xB8, 0x99, 0xA9, 0xCC, 0xB8, 0x99, 0x89, 0xCC, 0xB8
	.byte 0x99, 0x89, 0xCC, 0xCF, 0x99, 0x89, 0xCC, 0xFC, 0x99, 0x89, 0xCC, 0xDC, 0x99, 0x89, 0xCC, 0xFC
	.byte 0x99, 0x89, 0xCC, 0xFC, 0xBC, 0x8B, 0x99, 0x99, 0xBC, 0x8B, 0x99, 0x99, 0xBC, 0x8B, 0x99, 0x99
	.byte 0xCC, 0xCC, 0x98, 0x99, 0xC8, 0xCC, 0x98, 0x99, 0xCF, 0xCC, 0x98, 0x99, 0xCF, 0xBB, 0x98, 0x99
	.byte 0xD5, 0xBB, 0x98, 0x99, 0xE9, 0xA9, 0x55, 0x0F, 0x9E, 0x9E, 0x99, 0x0F, 0xE9, 0x99, 0x99, 0x0F
	.byte 0x9E, 0x99, 0x99, 0x0F, 0x99, 0x99, 0x99, 0x0F, 0x99, 0x99, 0x99, 0x0F, 0x99, 0x99, 0x99, 0x0F
	.byte 0x99, 0x99, 0xF9, 0x00, 0x00, 0x00, 0x00, 0x00, 0x00, 0x00, 0x00, 0x00, 0x00, 0x00, 0x00, 0x00
	.byte 0x00, 0x00, 0x00, 0x00, 0x00, 0x00, 0x00, 0x00, 0x00, 0x00, 0x00, 0x00, 0x00, 0x00, 0x00, 0x00
	.byte 0x00, 0x00, 0x00, 0x00, 0x00, 0x00, 0x00, 0x00, 0x00, 0x00, 0x00, 0x00, 0x00, 0x00, 0x00, 0x00
	.byte 0x00, 0x00, 0x00, 0x00, 0x00, 0x00, 0x00, 0x00, 0x00, 0x00, 0x00, 0x00, 0x00, 0x00, 0x00, 0x00
	.byte 0x00, 0x00, 0x00, 0x00, 0x00, 0x00, 0x00, 0x00, 0x00, 0x00, 0x00, 0x00, 0x00, 0x00, 0x00, 0x00
	.byte 0x00, 0x00, 0x00, 0x00, 0x00, 0x00, 0x00, 0x00, 0x00, 0x00, 0x00, 0x00, 0x00, 0x00, 0x00, 0x00
	.byte 0x00, 0x00, 0x00, 0x00, 0x00, 0x00, 0x00, 0x00, 0x00, 0x00, 0x00, 0x00, 0x00, 0x00, 0x00, 0x00
	.byte 0x00, 0x00, 0x00, 0x00, 0x00, 0x00, 0x00, 0x00, 0x00, 0x00, 0x00, 0x00, 0x00, 0x00, 0x00, 0x00
	.byte 0x00, 0x00, 0x00, 0x00, 0x00, 0x00, 0x00, 0x00, 0x00, 0x00, 0x00, 0x00, 0x00, 0x00, 0x00, 0x00
	.byte 0x00, 0x00, 0x00, 0x00, 0x00, 0x00, 0x00, 0x00, 0x00, 0x00, 0x00, 0x00, 0x00, 0x00, 0x00, 0x00
	.byte 0x00, 0x00, 0x00, 0x00, 0x00, 0x00, 0x00, 0x00, 0x00, 0x00, 0x00, 0x00, 0x00, 0x00, 0x00, 0x00
	.byte 0x00, 0x00, 0x00, 0x00, 0x00, 0x00, 0x00, 0x00, 0x00, 0x00, 0x00, 0x00, 0x00, 0x00, 0x00, 0x00
	.byte 0x00, 0x00, 0x00, 0x00, 0x00, 0x00, 0x00, 0x00, 0x00, 0x00, 0x00, 0x00, 0x00, 0x00, 0x00, 0x00
	.byte 0x00, 0x00, 0x00, 0x00, 0x00, 0x00, 0x00, 0x00, 0x00, 0x00, 0x00, 0x00, 0x00, 0x00, 0x00, 0x00
	.byte 0x00, 0x00, 0x00, 0x00, 0x00, 0x00, 0x00, 0x00, 0x00, 0x00, 0x00, 0x00, 0x00, 0x00, 0x00, 0x00
	.byte 0x00, 0x00, 0x00, 0x00, 0x00, 0x00, 0x00, 0x00, 0x00, 0x00, 0x00, 0x00, 0x00, 0x00, 0x00, 0x00
	.byte 0x00, 0x00, 0x00, 0x00, 0x00, 0x00, 0x00, 0x00, 0x00, 0x00, 0x00, 0x00, 0x00, 0x00, 0x00, 0x00
	.byte 0x00, 0x00, 0x00, 0x00, 0x00, 0x00, 0x00, 0x00, 0x00, 0x00, 0x00, 0x00, 0x00, 0x00, 0x00, 0x00
	.byte 0x00, 0x00, 0x00, 0x00, 0x00, 0x00, 0x00, 0x00, 0x00, 0x00, 0x00, 0x00, 0x00, 0x00, 0x00, 0x00
	.byte 0x00, 0x00, 0x00, 0x00, 0x00, 0x00, 0x00, 0x00, 0x00, 0x00, 0x00, 0x00, 0x00, 0x00, 0x00, 0x00
	.byte 0x00, 0x00, 0x00, 0x00, 0x00, 0x00, 0x00, 0x00, 0x00, 0x00, 0x00, 0x00, 0x00, 0x00, 0x00, 0x00
	.byte 0x00, 0x00, 0x00, 0x00, 0x00, 0x00, 0x00, 0x00, 0x00, 0x00, 0x00, 0x00, 0x00, 0x00, 0x00, 0x00
	.byte 0x00, 0x00, 0x00, 0x00, 0x00, 0x00, 0x00, 0x00, 0x00, 0x00, 0x00, 0x00, 0x00, 0x00, 0x00, 0x00
	.byte 0x00, 0x00, 0x00, 0x00, 0x00, 0x00, 0x00, 0x00, 0x00, 0x00, 0x00, 0x00, 0x00, 0x00, 0x00, 0x00
	.byte 0x00, 0x00, 0x00, 0x00, 0x00, 0x00, 0x9A, 0x99, 0x00, 0x00, 0x85, 0x58, 0x00, 0x00, 0x80, 0xCC
	.byte 0x00, 0x00, 0x80, 0x88, 0x00, 0x00, 0x00, 0x38, 0x00, 0x00, 0x00, 0x33, 0x00, 0x00, 0x00, 0x24
	.byte 0x00, 0x00, 0x00, 0x14, 0x99, 0xCA, 0xCC, 0xFC, 0x99, 0xC8, 0xDD, 0x6F, 0x88, 0xCB, 0xCC, 0x0F
	.byte 0x88, 0x88, 0x88, 0x0F, 0x33, 0xDF, 0x00, 0x00, 0x33, 0xF3, 0x00, 0x00, 0x32, 0xF3, 0x00, 0x00
	.byte 0x32, 0xF3, 0x00, 0x00, 0xF5, 0xBB, 0x9C, 0x99, 0xF6, 0xCC, 0xAC, 0x99, 0x00, 0xBD, 0xCB, 0x88
	.byte 0x00, 0x8D, 0x88, 0x88, 0x00, 0x00, 0x40, 0x32, 0x00, 0x00, 0x40, 0x32, 0x00, 0x00, 0x40, 0x32
	.byte 0x00, 0x00, 0x00, 0x12, 0x99, 0x99, 0xF9, 0x00, 0x99, 0x55, 0x0F, 0x00, 0xD8, 0xFD, 0x00, 0x00
	.byte 0xDD, 0x0F, 0x00, 0x00, 0x32, 0x0F, 0x00, 0x00, 0x22, 0x04, 0x00, 0x00, 0x21, 0xF2, 0x00, 0x00
	.byte 0x23, 0xF2, 0x00, 0x00, 0x00, 0x00, 0x00, 0x00, 0x00, 0x00, 0x00, 0x00, 0x00, 0x00, 0x00, 0x00
	.byte 0x00, 0x00, 0x00, 0x00, 0x00, 0x00, 0x00, 0x00, 0x00, 0x00, 0x00, 0x00, 0x00, 0x00, 0x00, 0x00
	.byte 0x00, 0x00, 0x00, 0x00, 0x00, 0x00, 0x00, 0x00, 0x00, 0x00, 0x00, 0x00, 0x00, 0x00, 0x00, 0x00
	.byte 0x00, 0x00, 0x00, 0x00, 0x00, 0x00, 0x00, 0x00, 0x00, 0x00, 0x00, 0x00, 0x00, 0x00, 0x00, 0x00
	.byte 0x00, 0x00, 0x00, 0x00, 0x00, 0x00, 0x00, 0x00, 0x00, 0x00, 0x00, 0x00, 0x00, 0x00, 0x00, 0x00
	.byte 0x00, 0x00, 0x00, 0x00, 0x00, 0x00, 0x00, 0x00, 0x00, 0x00, 0x00, 0x00, 0x00, 0x00, 0x00, 0x00
	.byte 0x00, 0x00, 0x00, 0x00, 0x00, 0x00, 0x00, 0x00, 0x00, 0x00, 0x00, 0x00, 0x00, 0x00, 0x00, 0x00
	.byte 0x00, 0x00, 0x00, 0x00, 0x00, 0x00, 0x00, 0x00, 0x00, 0x00, 0x00, 0x00, 0x00, 0x00, 0x00, 0x00
	.byte 0x00, 0x00, 0x00, 0x00, 0x00, 0x00, 0x00, 0x00, 0x00, 0x00, 0x00, 0x00, 0x00, 0x00, 0x00, 0x00
	.byte 0x00, 0x00, 0x00, 0x00, 0x00, 0x00, 0x00, 0x00, 0x00, 0x00, 0x00, 0x00, 0x00, 0x00, 0x00, 0x00
	.byte 0x00, 0x00, 0x00, 0x00, 0x00, 0x00, 0x00, 0x00, 0x00, 0x00, 0x00, 0x00, 0x00, 0x00, 0x00, 0x00
	.byte 0x00, 0x00, 0x00, 0x00, 0x00, 0x00, 0x00, 0x00, 0x00, 0x00, 0x00, 0x00, 0x00, 0x00, 0x00, 0x00
	.byte 0x00, 0x00, 0x00, 0x00, 0x00, 0x00, 0x00, 0x00, 0x00, 0x00, 0x00, 0x00, 0x00, 0x00, 0x00, 0x00
	.byte 0x00, 0x00, 0x00, 0x00, 0x00, 0x00, 0x00, 0x00, 0x00, 0x00, 0x00, 0x00, 0x00, 0x00, 0x00, 0x00
	.byte 0x00, 0x00, 0x00, 0x00, 0x00, 0x00, 0x00, 0x00, 0x00, 0x00, 0x00, 0x00, 0x00, 0x00, 0x00, 0x00
	.byte 0x00, 0x00, 0x00, 0x00, 0x00, 0x00, 0x00, 0x00, 0x00, 0x00, 0x00, 0x00, 0x00, 0x00, 0x00, 0x00
	.byte 0x00, 0x00, 0x00, 0x00, 0x00, 0x00, 0x00, 0x00, 0x00, 0x00, 0x00, 0x00, 0x00, 0x00, 0x00, 0x00
	.byte 0x00, 0x00, 0x00, 0x00, 0x00, 0x00, 0x00, 0x00, 0x00, 0x00, 0x00, 0x00, 0x00, 0x00, 0x00, 0x00
	.byte 0x00, 0x00, 0x00, 0x00, 0x00, 0x00, 0x00, 0x00, 0x00, 0x00, 0x00, 0x00, 0x00, 0x00, 0x00, 0x00
	.byte 0x00, 0x00, 0x00, 0x00, 0x00, 0x00, 0x00, 0x00, 0x00, 0x00, 0x00, 0x00, 0x00, 0x00, 0x00, 0x00
	.byte 0x00, 0x00, 0x00, 0x00, 0x00, 0x00, 0x00, 0x00, 0x00, 0x00, 0x00, 0x00, 0x00, 0x00, 0x00, 0x00
	.byte 0x00, 0x00, 0x00, 0x00, 0x00, 0x00, 0x00, 0x00, 0x00, 0x00, 0x00, 0x00, 0x00, 0x00, 0x00, 0x00
	.byte 0x00, 0x00, 0x00, 0x00, 0x00, 0x00, 0x00, 0x00, 0x00, 0x00, 0x00, 0x00, 0x00, 0x00, 0x00, 0x00
	.byte 0x00, 0x00, 0x00, 0x00, 0x00, 0x00, 0x00, 0x00, 0x00, 0x00, 0x00, 0x00, 0x00, 0x00, 0x00, 0x00
	.byte 0x00, 0x00, 0x00, 0x00, 0x00, 0x00, 0x00, 0x14, 0x00, 0x00, 0x00, 0x22, 0x00, 0x00, 0x60, 0x26
	.byte 0x00, 0x00, 0x64, 0x55, 0x00, 0x34, 0x31, 0x14, 0x00, 0x56, 0x65, 0x66, 0x00, 0x60, 0xFF, 0xFF
	.byte 0x00, 0x00, 0x00, 0x00, 0x31, 0x0F, 0x00, 0x00, 0x32, 0x0F, 0x00, 0x00, 0x32, 0x00, 0x00, 0x00
	.byte 0x36, 0x0F, 0x00, 0x00, 0x66, 0x0F, 0x00, 0x00, 0xF6, 0x0F, 0x00, 0x00, 0x0F, 0x00, 0x00, 0x00
	.byte 0x00, 0x00, 0x00, 0x00, 0x00, 0x00, 0x00, 0x13, 0x00, 0x00, 0x00, 0x23, 0x00, 0x00, 0x00, 0x28
	.byte 0x00, 0x00, 0x00, 0x58, 0x00, 0x00, 0x00, 0x66, 0x00, 0x00, 0x80, 0x41, 0x00, 0x00, 0xF0, 0x65
	.byte 0x00, 0x00, 0x00, 0xFF, 0x21, 0xF2, 0x00, 0x00, 0x21, 0x04, 0x00, 0x00, 0x21, 0x0F, 0x00, 0x00
	.byte 0x55, 0x6F, 0x00, 0x00, 0x22, 0xF3, 0x06, 0x00, 0x41, 0x31, 0x0F, 0x00, 0x66, 0x66, 0x0F, 0x00
	.byte 0xFF, 0xFF, 0x00, 0x00, 0x0E, 0x53, 0x9F, 0x67, 0xFB, 0x4A, 0x58, 0x3A, 0x2D, 0x21, 0x8C, 0x39
	.byte 0xE5, 0x20, 0xD6, 0x29, 0x2E, 0x1D, 0x39, 0x6F, 0x52, 0x4A, 0x77, 0x2E, 0xD1, 0x1D, 0xC9, 0x0C
	.byte 0xFF, 0x7F, 0x00, 0x0C, 0x00, 0x00, 0x00, 0x00, 0x00, 0x50, 0x05, 0x00, 0x00, 0x78, 0x56, 0x00
	.byte 0x30, 0x67, 0x66, 0x05, 0x30, 0x22, 0x22, 0x03, 0x00, 0x23, 0x32, 0x00, 0x00, 0x30, 0x03, 0x00
	.byte 0x00, 0x00, 0x00, 0x00, 0x00, 0x00, 0xFF, 0x7F, 0xD3, 0x56, 0xCD, 0x39, 0xE7, 0x1C, 0x73, 0x0C
	.byte 0x1F, 0x00, 0xFF, 0x3D, 0xFF, 0x7F, 0x00, 0x00, 0x00, 0x00, 0x00, 0x00, 0x00, 0x00, 0x00, 0x00
	.byte 0x00, 0x00, 0x00, 0x00, 0x00, 0x00, 0x00, 0x00, 0x00, 0x00, 0x00, 0x00, 0x00, 0x00, 0x00, 0x00
	.byte 0x00, 0x00, 0x00, 0x00, 0x00, 0x00, 0x00, 0x44, 0x00, 0x00, 0x40, 0x44, 0x00, 0x00, 0x40, 0x44
	.byte 0x00, 0x00, 0x40, 0x44, 0x00, 0x00, 0x00, 0x00, 0x00, 0x00, 0x00, 0x00, 0x00, 0x00, 0x00, 0x00
	.byte 0x00, 0x00, 0x00, 0x00, 0x44, 0x44, 0x44, 0x44, 0x44, 0x44, 0x44, 0x44, 0x44, 0x44, 0x44, 0x44
	.byte 0x44, 0x44, 0x44, 0x44, 0x00, 0x00, 0x00, 0x00, 0x00, 0x00, 0x00, 0x00, 0x00, 0x00, 0x00, 0x00
	.byte 0x00, 0x00, 0x00, 0x00, 0x44, 0x00, 0x00, 0x00, 0x44, 0x04, 0x00, 0x00, 0x44, 0x04, 0x00, 0x00
	.byte 0x44, 0x04, 0x00, 0x00, 0x00, 0x00, 0x40, 0x44, 0x00, 0x00, 0x40, 0x44, 0x00, 0x00, 0x00, 0x44
	.byte 0x00, 0x00, 0x00, 0x00, 0x00, 0x00, 0x00, 0x00, 0x00, 0x00, 0x00, 0x00, 0x00, 0x00, 0x00, 0x00
	.byte 0x00, 0x00, 0x00, 0x00, 0x44, 0x44, 0x44, 0x44, 0x44, 0x44, 0x44, 0x44, 0x44, 0x44, 0x44, 0x44
	.byte 0x00, 0x00, 0x00, 0x00, 0x00, 0x00, 0x00, 0x00, 0x00, 0x00, 0x00, 0x00, 0x00, 0x00, 0x00, 0x00
	.byte 0x00, 0x00, 0x00, 0x00, 0x44, 0x04, 0x00, 0x00, 0x44, 0x04, 0x00, 0x00, 0x44, 0x00, 0x00, 0x00
	.byte 0x00, 0x00, 0x00, 0x00, 0x00, 0x00, 0x00, 0x00, 0x00, 0x00, 0x00, 0x00, 0x00, 0x00, 0x00, 0x00
	.byte 0x00, 0x00, 0x00, 0x00, 0x00, 0x00, 0x00, 0x00, 0x00, 0x00, 0x00, 0x00, 0x00, 0x00, 0x00, 0x00
	.byte 0x00, 0x00, 0x00, 0x00, 0x00, 0x00, 0x60, 0x66, 0x00, 0x00, 0x00, 0x66, 0x00, 0x00, 0x00, 0x60
	.byte 0x00, 0x00, 0x00, 0x60, 0x00, 0x00, 0x00, 0x00, 0x00, 0x00, 0x00, 0x00, 0x00, 0x00, 0x00, 0x00
	.byte 0x00, 0x00, 0x00, 0x00, 0x66, 0x66, 0x66, 0x66, 0x66, 0x66, 0x66, 0x66, 0x66, 0x66, 0x66, 0x66
	.byte 0x66, 0x66, 0x66, 0x66, 0x00, 0x00, 0x00, 0x00, 0x00, 0x00, 0x00, 0x00, 0x00, 0x00, 0x00, 0x00
	.byte 0x00, 0x00, 0x00, 0x00, 0x66, 0x00, 0x00, 0x00, 0x66, 0x06, 0x00, 0x00, 0x66, 0x06, 0x00, 0x00
	.byte 0x66, 0x06, 0x00, 0x00, 0x00, 0x00, 0x60, 0x66, 0x00, 0x00, 0x60, 0x66, 0x00, 0x00, 0x00, 0x66
	.byte 0x00, 0x00, 0x00, 0x00, 0x00, 0x00, 0x00, 0x00, 0x00, 0x00, 0x00, 0x00, 0x00, 0x00, 0x00, 0x00
	.byte 0x00, 0x00, 0x00, 0x00, 0x66, 0x66, 0x66, 0x66, 0x66, 0x66, 0x66, 0x66, 0x66, 0x66, 0x66, 0x66
	.byte 0x00, 0x00, 0x00, 0x00, 0x00, 0x00, 0x00, 0x00, 0x00, 0x00, 0x00, 0x00, 0x00, 0x00, 0x00, 0x00
	.byte 0x00, 0x00, 0x00, 0x00, 0x66, 0x06, 0x00, 0x00, 0x66, 0x06, 0x00, 0x00, 0x66, 0x00, 0x00, 0x00
	.byte 0x00, 0x00, 0x00, 0x00, 0x00, 0x00, 0x00, 0x00, 0x00, 0x00, 0x00, 0x00, 0x00, 0x00, 0x00, 0x00
	.byte 0x00, 0x00, 0x00, 0x00, 0x22, 0x43, 0x44, 0x44, 0x22, 0x32, 0x33, 0x33, 0x22, 0x32, 0x33, 0x14
	.byte 0x22, 0x32, 0x43, 0xA1, 0x22, 0x32, 0x13, 0xAA, 0x22, 0x32, 0x13, 0xFA, 0x22, 0x32, 0x13, 0xFA
	.byte 0x22, 0x32, 0x13, 0xFA, 0x44, 0x44, 0x44, 0x44, 0x33, 0x33, 0x33, 0x33, 0x11, 0x11, 0x11, 0x11
	.byte 0xAA, 0xAA, 0xAA, 0xAA, 0xFF, 0xFF, 0xFF, 0xFF, 0xFE, 0xFE, 0xFE, 0xFE, 0xEF, 0xEF, 0xEF, 0xEF
	.byte 0xFE, 0xFE, 0xFE, 0xFE, 0x44, 0x44, 0x44, 0x44, 0x33, 0x33, 0x33, 0x33, 0x11, 0x11, 0x11, 0x11
	.byte 0xAA, 0xAA, 0xAA, 0xAA, 0xFF, 0xFF, 0xFF, 0xFF, 0xFE, 0xFE, 0xFE, 0xFE, 0xEF, 0xEF, 0xEF, 0xEF
	.byte 0xFE, 0xFE, 0xFE, 0xFE, 0x44, 0x44, 0x44, 0x44, 0x33, 0x33, 0x33, 0x33, 0x11, 0x11, 0x11, 0x11
	.byte 0xAA, 0xAA, 0xAA, 0xAA, 0xFF, 0xFF, 0xFF, 0xFF, 0xFE, 0xFE, 0xFE, 0xFE, 0xEF, 0xEF, 0xEF, 0xEF
	.byte 0xFE, 0xFE, 0xFE, 0xFE, 0x44, 0x44, 0x44, 0x44, 0x33, 0x33, 0x33, 0x33, 0x11, 0x11, 0x11, 0x11
	.byte 0xAA, 0xAA, 0xAA, 0xAA, 0xFF, 0xFF, 0xFF, 0xFF, 0xFE, 0xFE, 0xFE, 0xFE, 0xEF, 0xEF, 0xEF, 0xEF
	.byte 0xFE, 0xFE, 0xFE, 0xFE, 0x44, 0x44, 0x44, 0x44, 0x33, 0x33, 0x33, 0x33, 0x11, 0x11, 0x11, 0x11
	.byte 0xAA, 0xAA, 0xAA, 0xAA, 0xFF, 0xFF, 0xFF, 0xFF, 0xFE, 0xFE, 0xFE, 0xFE, 0xEF, 0xEF, 0xEF, 0xEF
	.byte 0xFE, 0xFE, 0xFE, 0xFE, 0x44, 0x44, 0x44, 0x44, 0x33, 0x33, 0x33, 0x33, 0x11, 0x11, 0x11, 0x11
	.byte 0xAA, 0xAA, 0xAA, 0xAA, 0xFF, 0xFF, 0xFF, 0xFF, 0xFE, 0xFE, 0xFE, 0xFE, 0xEF, 0xEF, 0xEF, 0xEF
	.byte 0xFE, 0xFE, 0xFE, 0xFE, 0x44, 0x44, 0x34, 0x22, 0x33, 0x33, 0x23, 0x22, 0x41, 0x33, 0x23, 0x22
	.byte 0x1A, 0x34, 0x23, 0x22, 0xAA, 0x31, 0x23, 0x22, 0xAF, 0x31, 0x23, 0x22, 0xAF, 0x31, 0x23, 0x22
	.byte 0xAF, 0x31, 0x23, 0x22, 0x22, 0x32, 0x13, 0xFA, 0x22, 0x32, 0x13, 0xFA, 0x22, 0x32, 0x13, 0xFA
	.byte 0x22, 0x32, 0x13, 0xFA, 0x22, 0x32, 0x13, 0xFA, 0x22, 0x32, 0x13, 0xFA, 0x22, 0x32, 0x13, 0xFA
	.byte 0x22, 0x32, 0x13, 0xA9, 0xEF, 0xEF, 0xEF, 0xEF, 0xFE, 0xFE, 0xFE, 0xFE, 0xEF, 0xEF, 0xEF, 0xEF
	.byte 0xFE, 0xFE, 0xFE, 0xFE, 0xEF, 0xEF, 0xEF, 0xEF, 0xFE, 0xFE, 0xFE, 0xFE, 0xEF, 0xEF, 0xEF, 0xEF
	.byte 0xFF, 0xFF, 0xFF, 0xFF, 0xEF, 0xEF, 0xEF, 0xEF, 0xFE, 0xFE, 0xFE, 0xFE, 0xEF, 0xEF, 0xEF, 0xEF
	.byte 0xFE, 0xFE, 0xFE, 0xFE, 0xEF, 0xEF, 0xEF, 0xEF, 0xFE, 0xFE, 0xFE, 0xFE, 0xEF, 0xEF, 0xEF, 0xEF
	.byte 0xFF, 0xFF, 0xFF, 0xFF, 0xEF, 0xEF, 0xEF, 0xEF, 0xFE, 0xFE, 0xFE, 0xFE, 0xEF, 0xEF, 0xEF, 0xEF
	.byte 0xFE, 0xFE, 0xFE, 0xFE, 0xEF, 0xEF, 0xEF, 0xEF, 0xFE, 0xFE, 0xFE, 0xFE, 0xEF, 0xEF, 0xEF, 0xEF
	.byte 0xFF, 0xFF, 0xFF, 0xFF, 0xEF, 0xEF, 0xEF, 0xEF, 0xFE, 0xFE, 0xFE, 0xFE, 0xEF, 0xEF, 0xEF, 0xEF
	.byte 0xFE, 0xFE, 0xFE, 0xFE, 0xEF, 0xEF, 0xEF, 0xEF, 0xFE, 0xFE, 0xFE, 0xFE, 0xEF, 0xEF, 0xEF, 0xEF
	.byte 0xFF, 0xFF, 0xFF, 0xFF, 0xEF, 0xEF, 0xEF, 0xEF, 0xFE, 0xFE, 0xFE, 0xFE, 0xEF, 0xEF, 0xEF, 0xEF
	.byte 0xFE, 0xFE, 0xFE, 0xFE, 0xEF, 0xEF, 0xEF, 0xEF, 0xFE, 0xFE, 0xFE, 0xFE, 0xEF, 0xEF, 0xEF, 0xEF
	.byte 0xFF, 0xFF, 0xFF, 0xFF, 0xEF, 0xEF, 0xEF, 0xEF, 0xFE, 0xFE, 0xFE, 0xFE, 0xEF, 0xEF, 0xEF, 0xEF
	.byte 0xFE, 0xFE, 0xFE, 0xFE, 0xEF, 0xEF, 0xEF, 0xEF, 0xFE, 0xFE, 0xFE, 0xFE, 0xEF, 0xEF, 0xEF, 0xEF
	.byte 0xFF, 0xFF, 0xFF, 0xFF, 0xAF, 0x31, 0x23, 0x22, 0xAF, 0x31, 0x23, 0x22, 0xAF, 0x31, 0x23, 0x22
	.byte 0xAF, 0x31, 0x23, 0x22, 0xAF, 0x31, 0x23, 0x22, 0xAF, 0x31, 0x23, 0x22, 0xAF, 0x31, 0x23, 0x22
	.byte 0x9A, 0x31, 0x23, 0x22, 0x00, 0x00, 0x55, 0x00, 0x00, 0x50, 0x51, 0x55, 0x00, 0x50, 0x52, 0x15
	.byte 0x00, 0x00, 0x55, 0xA1, 0x00, 0x00, 0x10, 0xAA, 0x00, 0x00, 0x10, 0xFA, 0x00, 0x00, 0x15, 0xFA
	.byte 0x00, 0x50, 0x15, 0xFA, 0x50, 0x55, 0x55, 0x05, 0x55, 0x55, 0x55, 0x55, 0x11, 0x11, 0x11, 0x11
	.byte 0xAA, 0xAA, 0xAA, 0xAA, 0xFF, 0xFF, 0xFF, 0xFF, 0xFE, 0xFE, 0xFE, 0xFE, 0xEF, 0xEF, 0xEF, 0xEF
	.byte 0xFE, 0xFE, 0xFE, 0xFE, 0x50, 0x55, 0x55, 0x05, 0x55, 0x55, 0x55, 0x55, 0x11, 0x11, 0x11, 0x11
	.byte 0xAA, 0xAA, 0xAA, 0xAA, 0xFF, 0xFF, 0xFF, 0xFF, 0xEF, 0xEF, 0xEF, 0xEF, 0xFE, 0xFE, 0xFE, 0xFE
	.byte 0xEF, 0xEF, 0xEF, 0xEF, 0x00, 0x55, 0x00, 0x00, 0x55, 0x15, 0x05, 0x00, 0x51, 0x25, 0x05, 0x00
	.byte 0x1A, 0x55, 0x00, 0x00, 0xAA, 0x01, 0x00, 0x00, 0xAF, 0x01, 0x00, 0x00, 0xAF, 0x51, 0x00, 0x00
	.byte 0xAF, 0x51, 0x05, 0x00, 0x00, 0x50, 0x15, 0xFA, 0x00, 0x00, 0x15, 0xFA, 0x00, 0x00, 0x10, 0xFA
	.byte 0x00, 0x00, 0x10, 0xA9, 0x00, 0x00, 0x55, 0x91, 0x00, 0x50, 0x51, 0x15, 0x00, 0x50, 0x52, 0x55
	.byte 0x00, 0x00, 0x55, 0x00, 0xEF, 0xEF, 0xEF, 0xEF, 0xFE, 0xFE, 0xFE, 0xFE, 0xEF, 0xEF, 0xEF, 0xEF
	.byte 0xFF, 0xFF, 0xFF, 0xFF, 0x99, 0x99, 0x99, 0x99, 0x11, 0x11, 0x11, 0x11, 0x55, 0x55, 0x55, 0x55
	.byte 0x50, 0x55, 0x55, 0x05, 0xFE, 0xFE, 0xFE, 0xFE, 0xEF, 0xEF, 0xEF, 0xEF, 0xFE, 0xFE, 0xFE, 0xFE
	.byte 0xFF, 0xFF, 0xFF, 0xFF, 0x99, 0x99, 0x99, 0x99, 0x11, 0x11, 0x11, 0x11, 0x55, 0x55, 0x55, 0x55
	.byte 0x50, 0x55, 0x55, 0x05, 0xAF, 0x51, 0x05, 0x00, 0xAF, 0x51, 0x00, 0x00, 0xAF, 0x01, 0x00, 0x00
	.byte 0x9A, 0x01, 0x00, 0x00, 0x19, 0x55, 0x00, 0x00, 0x51, 0x15, 0x05, 0x00, 0x55, 0x25, 0x05, 0x00
	.byte 0x00, 0x55, 0x00, 0x00, 0x00, 0x00, 0xE6, 0x24, 0x95, 0x7E, 0xF0, 0x71, 0x8D, 0x55, 0x2A, 0x59
	.byte 0x2A, 0x31, 0xFE, 0x7F, 0xAE, 0x22, 0xEF, 0x26, 0x32, 0x2F, 0x6C, 0x49, 0x71, 0x6A, 0xE7, 0x34
	.byte 0x32, 0x2F, 0xE0, 0x03
	.globl gUnknown_8535AFC
gUnknown_8535AFC: @ 0x08535AFC
	@ Replaced baserom.gba range: offset=0x535AFC, size=0x200
	.byte 0x00, 0x00, 0x00, 0x00, 0x00, 0x00, 0x00, 0x00, 0x00, 0x00, 0x00, 0x00, 0x00, 0x00, 0x00, 0x00
	.byte 0x00, 0x00, 0x00, 0x00, 0x00, 0x00, 0x00, 0x00, 0x00, 0x00, 0x00, 0x00, 0x00, 0x00, 0x00, 0x00
	.byte 0x11, 0x11, 0x11, 0x11, 0x11, 0x11, 0x11, 0x11, 0x11, 0x11, 0x11, 0x11, 0x11, 0x11, 0x11, 0x11
	.byte 0x11, 0x11, 0x11, 0x11, 0x11, 0x11, 0x11, 0x11, 0x11, 0x11, 0x11, 0x11, 0x11, 0x11, 0x11, 0x11
	.byte 0x11, 0x11, 0x11, 0x11, 0x11, 0x11, 0x11, 0x11, 0x21, 0x22, 0x22, 0x22, 0x22, 0x22, 0x22, 0x22
	.byte 0x22, 0x22, 0x22, 0x22, 0x21, 0x22, 0x22, 0x22, 0x11, 0x11, 0x11, 0x11, 0x11, 0x11, 0x11, 0x11
	.byte 0x11, 0x11, 0x11, 0x11, 0x11, 0x11, 0x11, 0x11, 0x22, 0x22, 0x22, 0x22, 0x22, 0x22, 0x22, 0x22
	.byte 0x22, 0x22, 0x22, 0x22, 0x22, 0x22, 0x22, 0x22, 0x11, 0x11, 0x11, 0x11, 0x11, 0x11, 0x11, 0x11
	.byte 0x11, 0x11, 0x11, 0x11, 0x11, 0x11, 0x11, 0x11, 0x22, 0x22, 0x22, 0x12, 0x22, 0x22, 0x22, 0x22
	.byte 0x22, 0x22, 0x22, 0x22, 0x22, 0x22, 0x22, 0x12, 0x11, 0x11, 0x11, 0x11, 0x11, 0x11, 0x11, 0x11
	.byte 0x00, 0x00, 0x00, 0x00, 0x00, 0x00, 0x00, 0x00, 0x00, 0x00, 0x00, 0x00, 0x00, 0x00, 0x00, 0x00
	.byte 0x00, 0x00, 0x00, 0x00, 0x00, 0x00, 0x00, 0x00, 0x11, 0x11, 0x01, 0x00, 0x11, 0x11, 0x01, 0x00
	.byte 0x00, 0x00, 0x00, 0x00, 0x00, 0x00, 0x00, 0x00, 0x00, 0x00, 0x00, 0x00, 0x00, 0x00, 0x00, 0x00
	.byte 0x00, 0x00, 0x00, 0x00, 0x00, 0x00, 0x00, 0x00, 0x00, 0x00, 0x00, 0x00, 0x00, 0x00, 0x00, 0x00
	.byte 0x00, 0x00, 0x00, 0x00, 0x00, 0x00, 0x00, 0x00, 0x00, 0x00, 0x00, 0x00, 0x00, 0x00, 0x00, 0x00
	.byte 0x00, 0x00, 0x00, 0x00, 0x00, 0x00, 0x00, 0x00, 0x00, 0x00, 0x00, 0x00, 0x00, 0x00, 0x00, 0x00
	.byte 0x00, 0x00, 0x00, 0x00, 0x00, 0x00, 0x00, 0x00, 0x00, 0x00, 0x00, 0x00, 0x00, 0x00, 0x00, 0x00
	.byte 0x00, 0x00, 0x00, 0x00, 0x00, 0x00, 0x00, 0x00, 0x00, 0x00, 0x00, 0x00, 0x00, 0x00, 0x00, 0x00
	.byte 0x00, 0x00, 0x00, 0x00, 0x00, 0x00, 0x00, 0x00, 0x00, 0x00, 0x00, 0x00, 0x00, 0x00, 0x00, 0x00
	.byte 0x00, 0x00, 0x00, 0x00, 0x00, 0x00, 0x00, 0x00, 0x00, 0x00, 0x00, 0x00, 0x00, 0x00, 0x00, 0x00
	.byte 0x00, 0x00, 0x00, 0x00, 0x00, 0x00, 0x00, 0x00, 0x00, 0x00, 0x00, 0x00, 0x00, 0x00, 0x00, 0x00
	.byte 0x00, 0x00, 0x00, 0x00, 0x00, 0x00, 0x00, 0x00, 0x00, 0x00, 0x00, 0x00, 0x00, 0x00, 0x00, 0x00
	.byte 0x00, 0x00, 0x00, 0x00, 0x00, 0x00, 0x00, 0x00, 0x00, 0x00, 0x00, 0x00, 0x00, 0x00, 0x00, 0x00
	.byte 0x00, 0x00, 0x00, 0x00, 0x00, 0x00, 0x00, 0x00, 0x00, 0x00, 0x00, 0x00, 0x00, 0x00, 0x00, 0x00
	.byte 0x00, 0x00, 0x00, 0x00, 0x00, 0x00, 0x00, 0x00, 0x00, 0x00, 0x00, 0x00, 0x00, 0x00, 0x00, 0x00
	.byte 0x00, 0x00, 0x00, 0x00, 0x00, 0x00, 0x00, 0x00, 0x00, 0x00, 0x00, 0x00, 0x00, 0x00, 0x00, 0x00
	.byte 0x00, 0x00, 0x00, 0x00, 0x00, 0x00, 0x00, 0x00, 0x00, 0x00, 0x00, 0x00, 0x00, 0x00, 0x00, 0x00
	.byte 0x00, 0x00, 0x00, 0x00, 0x00, 0x00, 0x00, 0x00, 0x00, 0x00, 0x00, 0x00, 0x00, 0x00, 0x00, 0x00
	.byte 0x00, 0x00, 0x00, 0x00, 0x00, 0x00, 0x00, 0x00, 0x00, 0x00, 0x00, 0x00, 0x00, 0x00, 0x00, 0x00
	.byte 0x00, 0x00, 0x00, 0x00, 0x00, 0x00, 0x00, 0x00, 0x00, 0x00, 0x00, 0x00, 0x00, 0x00, 0x00, 0x00
	.byte 0x00, 0x00, 0x00, 0x00, 0x00, 0x00, 0x00, 0x00, 0x00, 0x00, 0x00, 0x00, 0x00, 0x00, 0x00, 0x00
	.byte 0x00, 0x00, 0x00, 0x00, 0x00, 0x00, 0x00, 0x00, 0x00, 0x00, 0x00, 0x00, 0x00, 0x00, 0x00, 0x00
	.globl gUnknown_8535CFC
gUnknown_8535CFC: @ 0x08535CFC
	@ Resolved pointer table; original ROM range 0x535CFC..0x535D1B.
	.4byte 0
	.4byte MAIN_RGB_WHITE
	.4byte 0
	.4byte 0
	.4byte 0
	.4byte 0
	.4byte 0
	.4byte 0
	.globl gUnknown_8535D1C
gUnknown_8535D1C: @ 0x08535D1C
	@ Replaced baserom.gba range: offset=0x535D1C, size=0x280
	.byte 0x01, 0x00, 0x02, 0x00, 0x03, 0x00, 0x04, 0x00, 0x01, 0x00, 0x01, 0x00, 0x01, 0x00, 0x01, 0x00
	.byte 0x01, 0x00, 0x01, 0x00, 0x01, 0x00, 0x01, 0x00, 0x01, 0x00, 0x01, 0x00, 0x02, 0x00, 0x04, 0x00
	.byte 0x01, 0x00, 0x01, 0x00, 0x01, 0x00, 0x01, 0x00, 0x01, 0x00, 0x01, 0x00, 0x01, 0x00, 0x01, 0x00
	.byte 0x01, 0x00, 0x01, 0x00, 0x01, 0x00, 0x01, 0x00, 0x01, 0x00, 0x01, 0x00, 0x01, 0x00, 0x01, 0x00
	.byte 0x01, 0x00, 0x01, 0x00, 0x01, 0x00, 0x01, 0x00, 0x01, 0x00, 0x01, 0x00, 0x01, 0x00, 0x01, 0x00
	.byte 0x01, 0x00, 0x01, 0x00, 0x01, 0x00, 0x01, 0x00, 0x01, 0x00, 0x01, 0x00, 0x01, 0x00, 0x01, 0x00
	.byte 0x01, 0x00, 0x01, 0x00, 0x01, 0x00, 0x01, 0x00, 0x01, 0x00, 0x01, 0x00, 0x01, 0x00, 0x01, 0x00
	.byte 0x01, 0x00, 0x01, 0x00, 0x01, 0x00, 0x02, 0x00, 0x03, 0x00, 0x04, 0x00, 0x01, 0x00, 0x01, 0x00
	.byte 0x01, 0x00, 0x01, 0x00, 0x01, 0x00, 0x01, 0x00, 0x02, 0x00, 0x03, 0x00, 0x03, 0x00, 0x04, 0x00
	.byte 0x01, 0x00, 0x01, 0x00, 0x01, 0x00, 0x01, 0x00, 0x01, 0x00, 0x01, 0x00, 0x01, 0x00, 0x01, 0x00
	.byte 0x01, 0x00, 0x01, 0x00, 0x01, 0x00, 0x01, 0x00, 0x02, 0x00, 0x03, 0x00, 0x04, 0x00, 0x01, 0x00
	.byte 0x01, 0x00, 0x01, 0x00, 0x01, 0x00, 0x01, 0x00, 0x01, 0x00, 0x01, 0x00, 0x01, 0x00, 0x01, 0x00
	.byte 0x01, 0x00, 0x01, 0x00, 0x01, 0x00, 0x01, 0x00, 0x01, 0x00, 0x01, 0x00, 0x01, 0x00, 0x01, 0x00
	.byte 0x01, 0x00, 0x01, 0x00, 0x01, 0x00, 0x01, 0x00, 0x01, 0x00, 0x01, 0x00, 0x01, 0x00, 0x01, 0x00
	.byte 0x01, 0x00, 0x01, 0x00, 0x01, 0x00, 0x01, 0x00, 0x01, 0x00, 0x01, 0x00, 0x01, 0x00, 0x01, 0x00
	.byte 0x01, 0x00, 0x01, 0x00, 0x01, 0x00, 0x01, 0x00, 0x01, 0x00, 0x01, 0x00, 0x01, 0x00, 0x01, 0x00
	.byte 0x01, 0x00, 0x01, 0x00, 0x01, 0x00, 0x01, 0x00, 0x01, 0x00, 0x01, 0x00, 0x01, 0x00, 0x01, 0x00
	.byte 0x01, 0x00, 0x01, 0x00, 0x01, 0x00, 0x02, 0x00, 0x03, 0x00, 0x04, 0x00, 0x01, 0x00, 0x01, 0x00
	.byte 0x01, 0x00, 0x01, 0x00, 0x01, 0x00, 0x01, 0x00, 0x01, 0x00, 0x01, 0x00, 0x01, 0x00, 0x01, 0x00
	.byte 0x01, 0x00, 0x01, 0x00, 0x01, 0x00, 0x01, 0x00, 0x01, 0x00, 0x01, 0x00, 0x01, 0x00, 0x01, 0x00
	.byte 0x01, 0x00, 0x01, 0x00, 0x01, 0x00, 0x01, 0x00, 0x01, 0x00, 0x01, 0x00, 0x01, 0x00, 0x01, 0x00
	.byte 0x01, 0x00, 0x01, 0x00, 0x01, 0x00, 0x01, 0x00, 0x01, 0x00, 0x01, 0x00, 0x01, 0x00, 0x01, 0x00
	.byte 0x01, 0x00, 0x01, 0x00, 0x01, 0x00, 0x01, 0x00, 0x01, 0x00, 0x01, 0x00, 0x01, 0x00, 0x01, 0x00
	.byte 0x01, 0x00, 0x01, 0x00, 0x01, 0x00, 0x01, 0x00, 0x01, 0x00, 0x01, 0x00, 0x01, 0x00, 0x01, 0x00
	.byte 0x01, 0x00, 0x01, 0x00, 0x01, 0x00, 0x02, 0x00, 0x03, 0x00, 0x04, 0x00, 0x01, 0x00, 0x01, 0x00
	.byte 0x01, 0x00, 0x01, 0x00, 0x01, 0x00, 0x01, 0x00, 0x01, 0x00, 0x01, 0x00, 0x01, 0x00, 0x01, 0x00
	.byte 0x01, 0x00, 0x02, 0x00, 0x03, 0x00, 0x04, 0x00, 0x01, 0x00, 0x01, 0x00, 0x01, 0x00, 0x01, 0x00
	.byte 0x01, 0x00, 0x01, 0x00, 0x01, 0x00, 0x01, 0x00, 0x01, 0x00, 0x01, 0x00, 0x01, 0x00, 0x01, 0x00
	.byte 0x01, 0x00, 0x01, 0x00, 0x01, 0x00, 0x01, 0x00, 0x01, 0x00, 0x01, 0x00, 0x01, 0x00, 0x01, 0x00
	.byte 0x01, 0x00, 0x01, 0x00, 0x01, 0x00, 0x01, 0x00, 0x01, 0x00, 0x01, 0x00, 0x01, 0x00, 0x01, 0x00
	.byte 0x01, 0x00, 0x01, 0x00, 0x01, 0x00, 0x01, 0x00, 0x01, 0x00, 0x01, 0x00, 0x01, 0x00, 0x01, 0x00
	.byte 0x01, 0x00, 0x01, 0x00, 0x01, 0x00, 0x01, 0x00, 0x01, 0x00, 0x01, 0x00, 0x01, 0x00, 0x01, 0x00
	.byte 0x01, 0x00, 0x01, 0x00, 0x01, 0x00, 0x01, 0x00, 0x01, 0x00, 0x01, 0x00, 0x01, 0x00, 0x01, 0x00
	.byte 0x01, 0x00, 0x01, 0x00, 0x01, 0x00, 0x01, 0x00, 0x01, 0x00, 0x01, 0x00, 0x01, 0x00, 0x01, 0x00
	.byte 0x01, 0x00, 0x01, 0x00, 0x01, 0x00, 0x01, 0x00, 0x01, 0x00, 0x01, 0x00, 0x01, 0x00, 0x01, 0x00
	.byte 0x01, 0x00, 0x02, 0x00, 0x03, 0x00, 0x04, 0x00, 0x01, 0x00, 0x01, 0x00, 0x01, 0x00, 0x01, 0x00
	.byte 0x01, 0x00, 0x01, 0x00, 0x01, 0x00, 0x01, 0x00, 0x01, 0x00, 0x01, 0x00, 0x01, 0x00, 0x01, 0x00
	.byte 0x01, 0x00, 0x01, 0x00, 0x01, 0x00, 0x02, 0x00, 0x04, 0x00, 0x01, 0x00, 0x01, 0x00, 0x01, 0x00
	.byte 0x01, 0x00, 0x01, 0x00, 0x01, 0x00, 0x01, 0x00, 0x01, 0x00, 0x01, 0x00, 0x01, 0x00, 0x01, 0x00
	.byte 0x01, 0x00, 0x01, 0x00, 0x01, 0x00, 0x01, 0x00, 0x01, 0x00, 0x01, 0x00, 0x01, 0x00, 0x01, 0x00
	.globl gUnknown_8535F9C
gUnknown_8535F9C: @ 0x08535F9C
	@ Replaced baserom.gba range: offset=0x535F9C, size=0x80
	.byte 0x00, 0x00, 0x00, 0x00, 0x00, 0x00, 0x00, 0x00, 0x00, 0x00, 0x00, 0x00, 0x00, 0x00, 0x00, 0x00
	.byte 0x00, 0x00, 0x00, 0x00, 0x00, 0x00, 0x00, 0x00, 0x00, 0x00, 0x00, 0x00, 0x00, 0x00, 0x00, 0x00
	.byte 0x55, 0x55, 0x55, 0x55, 0x55, 0x55, 0x55, 0x55, 0x55, 0x55, 0x55, 0x55, 0x55, 0x55, 0x55, 0x55
	.byte 0x55, 0x55, 0x55, 0x55, 0x55, 0x55, 0x55, 0x55, 0x55, 0x55, 0x55, 0x55, 0x55, 0x55, 0x55, 0x55
	.byte 0x11, 0x11, 0x11, 0x11, 0x22, 0x22, 0x22, 0x22, 0x33, 0x33, 0x33, 0x33, 0x44, 0x44, 0x44, 0x44
	.byte 0x55, 0x55, 0x55, 0x55, 0x55, 0x55, 0x55, 0x55, 0x55, 0x55, 0x55, 0x55, 0x55, 0x55, 0x55, 0x55
	.byte 0x55, 0x55, 0x55, 0x55, 0x55, 0x55, 0x55, 0x55, 0x55, 0x55, 0x55, 0x55, 0x44, 0x44, 0x44, 0x44
	.byte 0x44, 0x44, 0x44, 0x44, 0x55, 0x55, 0x55, 0x55, 0x55, 0x55, 0x55, 0x55, 0x55, 0x55, 0x55, 0x55
	.globl gUnknown_853601C
gUnknown_853601C: @ 0x0853601C
	@ Replaced baserom.gba range: offset=0x53601C, size=0x20
	.byte 0x20, 0x1E, 0x00, 0x00, 0x52, 0x4A, 0x18, 0x63, 0xFF, 0x7F, 0x6F, 0x72, 0x00, 0x00, 0x00, 0x00
	.byte 0x00, 0x00, 0x00, 0x00, 0x00, 0x00, 0x00, 0x00, 0x00, 0x00, 0x00, 0x00, 0x00, 0x00, 0x00, 0x00
	.globl gUnknown_853603C
gUnknown_853603C: @ 0x0853603C
	@ Replaced baserom.gba range: offset=0x53603C, size=0x280
	.byte 0x02, 0x00, 0x02, 0x00, 0x02, 0x00, 0x02, 0x00, 0x02, 0x00, 0x02, 0x00, 0x02, 0x00, 0x02, 0x00
	.byte 0x02, 0x00, 0x02, 0x00, 0x02, 0x00, 0x02, 0x00, 0x02, 0x00, 0x02, 0x00, 0x02, 0x00, 0x02, 0x00
	.byte 0x02, 0x00, 0x02, 0x00, 0x02, 0x00, 0x02, 0x00, 0x02, 0x00, 0x02, 0x00, 0x02, 0x00, 0x02, 0x00
	.byte 0x02, 0x00, 0x02, 0x00, 0x02, 0x00, 0x02, 0x00, 0x02, 0x00, 0x02, 0x00, 0x02, 0x00, 0x02, 0x00
	.byte 0x01, 0x00, 0x03, 0x00, 0x03, 0x00, 0x03, 0x00, 0x03, 0x00, 0x01, 0x00, 0x01, 0x00, 0x01, 0x00
	.byte 0x01, 0x00, 0x01, 0x00, 0x01, 0x00, 0x01, 0x00, 0x01, 0x00, 0x01, 0x00, 0x01, 0x00, 0x01, 0x00
	.byte 0x01, 0x00, 0x03, 0x00, 0x01, 0x00, 0x01, 0x00, 0x01, 0x00, 0x01, 0x00, 0x01, 0x00, 0x01, 0x00
	.byte 0x01, 0x00, 0x01, 0x00, 0x01, 0x00, 0x01, 0x00, 0x01, 0x00, 0x01, 0x00, 0x01, 0x00, 0x01, 0x00
	.byte 0x01, 0x00, 0x01, 0x00, 0x01, 0x00, 0x01, 0x00, 0x01, 0x00, 0x01, 0x00, 0x01, 0x00, 0x01, 0x00
	.byte 0x01, 0x00, 0x01, 0x00, 0x03, 0x00, 0x03, 0x00, 0x03, 0x00, 0x03, 0x00, 0x01, 0x00, 0x01, 0x00
	.byte 0x01, 0x00, 0x01, 0x00, 0x01, 0x00, 0x01, 0x00, 0x01, 0x00, 0x01, 0x00, 0x01, 0x00, 0x01, 0x00
	.byte 0x01, 0x00, 0x01, 0x00, 0x01, 0x00, 0x01, 0x00, 0x01, 0x00, 0x01, 0x00, 0x01, 0x00, 0x01, 0x00
	.byte 0x01, 0x00, 0x01, 0x00, 0x01, 0x00, 0x01, 0x00, 0x01, 0x00, 0x01, 0x00, 0x01, 0x00, 0x01, 0x00
	.byte 0x01, 0x00, 0x01, 0x00, 0x01, 0x00, 0x01, 0x00, 0x01, 0x00, 0x01, 0x00, 0x01, 0x00, 0x01, 0x00
	.byte 0x01, 0x00, 0x01, 0x00, 0x01, 0x00, 0x01, 0x00, 0x01, 0x00, 0x03, 0x00, 0x03, 0x00, 0x03, 0x00
	.byte 0x03, 0x00, 0x01, 0x00, 0x01, 0x00, 0x01, 0x00, 0x01, 0x00, 0x01, 0x00, 0x01, 0x00, 0x01, 0x00
	.byte 0x01, 0x00, 0x01, 0x00, 0x01, 0x00, 0x01, 0x00, 0x03, 0x00, 0x03, 0x00, 0x01, 0x00, 0x01, 0x00
	.byte 0x01, 0x00, 0x01, 0x00, 0x01, 0x00, 0x01, 0x00, 0x01, 0x00, 0x01, 0x00, 0x01, 0x00, 0x01, 0x00
	.byte 0x01, 0x00, 0x01, 0x00, 0x01, 0x00, 0x01, 0x00, 0x01, 0x00, 0x01, 0x00, 0x01, 0x00, 0x01, 0x00
	.byte 0x01, 0x00, 0x01, 0x00, 0x01, 0x00, 0x01, 0x00, 0x01, 0x00, 0x01, 0x00, 0x01, 0x00, 0x01, 0x00
	.byte 0x01, 0x00, 0x01, 0x00, 0x01, 0x00, 0x01, 0x00, 0x01, 0x00, 0x01, 0x00, 0x01, 0x00, 0x01, 0x00
	.byte 0x03, 0x00, 0x03, 0x00, 0x03, 0x00, 0x03, 0x00, 0x01, 0x00, 0x01, 0x00, 0x01, 0x00, 0x01, 0x00
	.byte 0x01, 0x00, 0x01, 0x00, 0x01, 0x00, 0x01, 0x00, 0x01, 0x00, 0x01, 0x00, 0x01, 0x00, 0x01, 0x00
	.byte 0x01, 0x00, 0x01, 0x00, 0x01, 0x00, 0x01, 0x00, 0x01, 0x00, 0x01, 0x00, 0x01, 0x00, 0x01, 0x00
	.byte 0x01, 0x00, 0x01, 0x00, 0x03, 0x00, 0x03, 0x00, 0x03, 0x00, 0x03, 0x00, 0x01, 0x00, 0x01, 0x00
	.byte 0x01, 0x00, 0x01, 0x00, 0x01, 0x00, 0x01, 0x00, 0x01, 0x00, 0x01, 0x00, 0x01, 0x00, 0x01, 0x00
	.byte 0x01, 0x00, 0x01, 0x00, 0x01, 0x00, 0x01, 0x00, 0x01, 0x00, 0x01, 0x00, 0x01, 0x00, 0x01, 0x00
	.byte 0x01, 0x00, 0x01, 0x00, 0x01, 0x00, 0x01, 0x00, 0x01, 0x00, 0x01, 0x00, 0x01, 0x00, 0x01, 0x00
	.byte 0x01, 0x00, 0x01, 0x00, 0x01, 0x00, 0x01, 0x00, 0x01, 0x00, 0x01, 0x00, 0x01, 0x00, 0x01, 0x00
	.byte 0x01, 0x00, 0x01, 0x00, 0x01, 0x00, 0x01, 0x00, 0x01, 0x00, 0x01, 0x00, 0x01, 0x00, 0x03, 0x00
	.byte 0x03, 0x00, 0x03, 0x00, 0x01, 0x00, 0x01, 0x00, 0x01, 0x00, 0x01, 0x00, 0x01, 0x00, 0x01, 0x00
	.byte 0x01, 0x00, 0x01, 0x00, 0x01, 0x00, 0x01, 0x00, 0x01, 0x00, 0x01, 0x00, 0x01, 0x00, 0x01, 0x00
	.byte 0x01, 0x00, 0x01, 0x00, 0x01, 0x00, 0x01, 0x00, 0x01, 0x00, 0x01, 0x00, 0x01, 0x00, 0x03, 0x00
	.byte 0x03, 0x00, 0x01, 0x00, 0x01, 0x00, 0x01, 0x00, 0x01, 0x00, 0x01, 0x00, 0x01, 0x00, 0x01, 0x00
	.byte 0x01, 0x00, 0x01, 0x00, 0x01, 0x00, 0x01, 0x00, 0x01, 0x00, 0x01, 0x00, 0x01, 0x00, 0x03, 0x00
	.byte 0x03, 0x00, 0x03, 0x00, 0x03, 0x00, 0x01, 0x00, 0x01, 0x00, 0x01, 0x00, 0x01, 0x00, 0x01, 0x00
	.byte 0x02, 0x08, 0x02, 0x08, 0x02, 0x08, 0x02, 0x08, 0x02, 0x08, 0x02, 0x08, 0x02, 0x08, 0x02, 0x08
	.byte 0x02, 0x08, 0x02, 0x08, 0x02, 0x08, 0x02, 0x08, 0x02, 0x08, 0x02, 0x08, 0x02, 0x08, 0x02, 0x08
	.byte 0x02, 0x08, 0x02, 0x08, 0x02, 0x08, 0x02, 0x08, 0x02, 0x08, 0x02, 0x08, 0x02, 0x08, 0x02, 0x08
	.byte 0x02, 0x08, 0x02, 0x08, 0x02, 0x08, 0x02, 0x08, 0x02, 0x08, 0x02, 0x08, 0x02, 0x08, 0x02, 0x08
	.globl gUnknown_85362BC
gUnknown_85362BC: @ 0x085362BC
	@ Replaced baserom.gba range: offset=0x5362BC, size=0x20
	.byte 0xCE, 0x3D, 0xFF, 0x03, 0x7B, 0x03, 0xBD, 0x03, 0x5A, 0x03, 0x9C, 0x03, 0x00, 0x00, 0x00, 0x00
	.byte 0x00, 0x00, 0x00, 0x00, 0x00, 0x00, 0x00, 0x00, 0x00, 0x00, 0x00, 0x00, 0x00, 0x00, 0x00, 0x00
	.globl gUnknown_85362DC
gUnknown_85362DC: @ 0x085362DC
	@ Replaced baserom.gba range: offset=0x5362DC, size=0xBC0
	.byte 0x00, 0x00, 0x00, 0x40, 0x00, 0x00, 0x00, 0x24, 0x00, 0x00, 0x00, 0x24, 0x00, 0x00, 0x00, 0x24
	.byte 0x00, 0x00, 0x00, 0x24, 0x00, 0x00, 0x00, 0x24, 0x00, 0x00, 0x00, 0x24, 0x00, 0x00, 0x00, 0x24
	.byte 0x52, 0x55, 0x55, 0x55, 0x55, 0x55, 0x55, 0x55, 0x55, 0x55, 0x55, 0x55, 0x55, 0x55, 0x55, 0x55
	.byte 0x55, 0x55, 0x55, 0x55, 0x55, 0x55, 0x55, 0x55, 0x55, 0x55, 0x55, 0x55, 0x55, 0x55, 0x55, 0x55
	.byte 0x55, 0x55, 0x55, 0x55, 0x55, 0x55, 0x55, 0x55, 0x55, 0x55, 0x55, 0x55, 0x55, 0x55, 0x55, 0x55
	.byte 0x55, 0x55, 0x55, 0x55, 0x55, 0x55, 0x55, 0x55, 0x55, 0x55, 0x55, 0x55, 0x55, 0x55, 0x55, 0x55
	.byte 0x55, 0x55, 0x55, 0x55, 0x55, 0x55, 0x55, 0x55, 0x55, 0x55, 0x55, 0x55, 0x55, 0x55, 0x55, 0x55
	.byte 0x55, 0x55, 0x55, 0x55, 0x55, 0x55, 0x55, 0x55, 0x55, 0x55, 0x55, 0x55, 0x55, 0x55, 0x55, 0x55
	.byte 0x55, 0x55, 0x55, 0x25, 0x55, 0x55, 0x55, 0x55, 0x55, 0x55, 0x55, 0x55, 0x55, 0x55, 0x55, 0x55
	.byte 0x55, 0x55, 0x55, 0x55, 0x55, 0x55, 0x55, 0x55, 0x55, 0x55, 0x55, 0x55, 0x55, 0x55, 0x55, 0x55
	.byte 0x04, 0x00, 0x00, 0x00, 0x42, 0x00, 0x00, 0x00, 0x42, 0x00, 0x00, 0x00, 0x42, 0x00, 0x00, 0x00
	.byte 0x42, 0x00, 0x00, 0x00, 0x42, 0x00, 0x00, 0x00, 0x42, 0x00, 0x00, 0x00, 0x42, 0x00, 0x00, 0x00
	.byte 0x00, 0x00, 0x00, 0x24, 0x00, 0x00, 0x00, 0x24, 0x00, 0x00, 0x00, 0x24, 0x00, 0x00, 0x00, 0x24
	.byte 0x00, 0x00, 0x00, 0x24, 0x00, 0x00, 0x00, 0x24, 0x00, 0x00, 0x00, 0x24, 0x00, 0x00, 0x00, 0x24
	.byte 0x55, 0x55, 0x55, 0x55, 0x55, 0x55, 0x55, 0x55, 0x55, 0x55, 0x55, 0x55, 0x55, 0x55, 0x55, 0x55
	.byte 0x55, 0x55, 0x55, 0x55, 0x55, 0x55, 0x55, 0x55, 0x55, 0x55, 0x55, 0x55, 0x55, 0x55, 0x55, 0x55
	.byte 0x55, 0x55, 0x55, 0x55, 0x55, 0x55, 0x55, 0x55, 0x55, 0x55, 0x55, 0x55, 0x55, 0x55, 0x55, 0x55
	.byte 0x55, 0x55, 0x55, 0x55, 0x55, 0x55, 0x55, 0x55, 0x55, 0x55, 0x55, 0x55, 0x55, 0x55, 0x55, 0x55
	.byte 0x55, 0x55, 0x55, 0x55, 0x55, 0x55, 0x55, 0x55, 0x55, 0x55, 0x55, 0x55, 0x55, 0x55, 0x55, 0x55
	.byte 0x55, 0x55, 0x55, 0x55, 0x55, 0x55, 0x55, 0x55, 0x55, 0x55, 0x55, 0x55, 0x55, 0x55, 0x55, 0x55
	.byte 0x55, 0x55, 0x55, 0x55, 0x55, 0x55, 0x55, 0x55, 0x55, 0x55, 0x55, 0x55, 0x55, 0x55, 0x55, 0x55
	.byte 0x55, 0x55, 0x55, 0x55, 0x55, 0x55, 0x55, 0x55, 0x55, 0x55, 0x55, 0x55, 0x55, 0x55, 0x55, 0x55
	.byte 0x42, 0x00, 0x00, 0x00, 0x42, 0x00, 0x00, 0x00, 0x42, 0x00, 0x00, 0x00, 0x42, 0x00, 0x00, 0x00
	.byte 0x42, 0x00, 0x00, 0x00, 0x42, 0x00, 0x00, 0x00, 0x42, 0x00, 0x00, 0x00, 0x42, 0x00, 0x00, 0x00
	.byte 0x00, 0x00, 0x40, 0x52, 0x00, 0x00, 0x40, 0x52, 0x00, 0x00, 0x40, 0x52, 0x00, 0x00, 0x40, 0x52
	.byte 0x00, 0x00, 0x40, 0x52, 0x00, 0x00, 0x40, 0x52, 0x00, 0x00, 0x40, 0x52, 0x00, 0x00, 0x40, 0x52
	.byte 0x55, 0x55, 0x55, 0x55, 0x55, 0x55, 0x55, 0x55, 0x55, 0x55, 0x55, 0x55, 0x55, 0x55, 0x55, 0x55
	.byte 0x55, 0x55, 0x55, 0x55, 0x55, 0x55, 0x55, 0x55, 0x55, 0x55, 0x55, 0x55, 0x55, 0x55, 0x55, 0x55
	.byte 0x55, 0x55, 0x55, 0x55, 0x55, 0x55, 0x55, 0x55, 0x55, 0x55, 0x55, 0x55, 0x55, 0x55, 0x55, 0x55
	.byte 0x55, 0x55, 0x55, 0x55, 0x55, 0x55, 0x55, 0x55, 0x55, 0x55, 0x55, 0x55, 0x55, 0x55, 0x55, 0x55
	.byte 0x55, 0x55, 0x55, 0x55, 0x55, 0x55, 0x55, 0x55, 0x55, 0x55, 0x55, 0x55, 0x55, 0x55, 0x55, 0x55
	.byte 0x55, 0x55, 0x55, 0x55, 0x55, 0x55, 0x55, 0x55, 0x55, 0x55, 0x55, 0x55, 0x55, 0x55, 0x55, 0x55
	.byte 0x55, 0x55, 0x55, 0x55, 0x55, 0x55, 0x55, 0x55, 0x55, 0x55, 0x55, 0x55, 0x55, 0x55, 0x55, 0x55
	.byte 0x55, 0x55, 0x55, 0x55, 0x55, 0x55, 0x55, 0x55, 0x55, 0x55, 0x55, 0x55, 0x55, 0x55, 0x55, 0x55
	.byte 0x25, 0x04, 0x00, 0x00, 0x25, 0x04, 0x00, 0x00, 0x25, 0x04, 0x00, 0x00, 0x25, 0x04, 0x00, 0x00
	.byte 0x25, 0x04, 0x00, 0x00, 0x25, 0x04, 0x00, 0x00, 0x25, 0x04, 0x00, 0x00, 0x25, 0x04, 0x00, 0x00
	.byte 0x00, 0x00, 0x40, 0x52, 0x00, 0x00, 0x40, 0x52, 0x00, 0x00, 0x40, 0x52, 0x00, 0x00, 0x40, 0x52
	.byte 0x00, 0x00, 0x40, 0x52, 0x00, 0x00, 0x40, 0x52, 0x00, 0x00, 0x40, 0x52, 0x00, 0x00, 0x40, 0x52
	.byte 0x55, 0x55, 0x55, 0x55, 0x55, 0x55, 0x55, 0x55, 0x55, 0x55, 0x55, 0x55, 0x55, 0x55, 0x55, 0x55
	.byte 0x55, 0x55, 0x55, 0x55, 0x55, 0x55, 0x55, 0x55, 0x55, 0x55, 0x55, 0x55, 0x55, 0x55, 0x55, 0x55
	.byte 0x55, 0x55, 0x55, 0x55, 0x55, 0x55, 0x55, 0x55, 0x55, 0x55, 0x55, 0x55, 0x55, 0x55, 0x55, 0x55
	.byte 0x55, 0x55, 0x55, 0x55, 0x55, 0x55, 0x55, 0x55, 0x55, 0x55, 0x55, 0x55, 0x55, 0x55, 0x55, 0x55
	.byte 0x55, 0x55, 0x55, 0x55, 0x55, 0x55, 0x55, 0x55, 0x55, 0x55, 0x55, 0x55, 0x55, 0x55, 0x55, 0x55
	.byte 0x55, 0x55, 0x55, 0x55, 0x55, 0x55, 0x55, 0x55, 0x55, 0x55, 0x55, 0x55, 0x55, 0x55, 0x55, 0x55
	.byte 0x55, 0x55, 0x55, 0x55, 0x55, 0x55, 0x55, 0x55, 0x55, 0x55, 0x55, 0x55, 0x55, 0x55, 0x55, 0x55
	.byte 0x55, 0x55, 0x55, 0x55, 0x55, 0x55, 0x55, 0x55, 0x55, 0x55, 0x55, 0x55, 0x55, 0x55, 0x55, 0x55
	.byte 0x25, 0x04, 0x00, 0x00, 0x25, 0x04, 0x00, 0x00, 0x25, 0x04, 0x00, 0x00, 0x25, 0x04, 0x00, 0x00
	.byte 0x25, 0x04, 0x00, 0x00, 0x25, 0x04, 0x00, 0x00, 0x25, 0x04, 0x00, 0x00, 0x25, 0x04, 0x00, 0x00
	.byte 0x00, 0x00, 0x24, 0x55, 0x00, 0x00, 0x24, 0x55, 0x00, 0x00, 0x24, 0x55, 0x00, 0x00, 0x24, 0x55
	.byte 0x00, 0x00, 0x24, 0x55, 0x00, 0x00, 0x24, 0x55, 0x00, 0x00, 0x24, 0x55, 0x00, 0x00, 0x24, 0x55
	.byte 0x55, 0x55, 0x55, 0x55, 0x55, 0x55, 0x55, 0x55, 0x55, 0x55, 0x55, 0x55, 0x55, 0x55, 0x55, 0x55
	.byte 0x55, 0x55, 0x55, 0x55, 0x55, 0x55, 0x55, 0x55, 0x55, 0x55, 0x55, 0x55, 0x55, 0x55, 0x55, 0x55
	.byte 0x55, 0x55, 0x55, 0x55, 0x55, 0x55, 0x55, 0x55, 0x55, 0x55, 0x55, 0x55, 0x55, 0x55, 0x55, 0x55
	.byte 0x55, 0x55, 0x55, 0x55, 0x55, 0x55, 0x55, 0x55, 0x55, 0x55, 0x55, 0x55, 0x55, 0x55, 0x55, 0x55
	.byte 0x55, 0x55, 0x55, 0x55, 0x55, 0x55, 0x55, 0x55, 0x55, 0x55, 0x55, 0x55, 0x55, 0x55, 0x55, 0x55
	.byte 0x55, 0x55, 0x55, 0x55, 0x55, 0x55, 0x55, 0x55, 0x55, 0x55, 0x55, 0x55, 0x55, 0x55, 0x55, 0x55
	.byte 0x55, 0x55, 0x55, 0x55, 0x55, 0x55, 0x55, 0x55, 0x55, 0x55, 0x55, 0x55, 0x55, 0x55, 0x55, 0x55
	.byte 0x55, 0x55, 0x55, 0x55, 0x55, 0x55, 0x55, 0x55, 0x55, 0x55, 0x55, 0x55, 0x55, 0x55, 0x55, 0x55
	.byte 0x55, 0x42, 0x00, 0x00, 0x55, 0x42, 0x00, 0x00, 0x55, 0x42, 0x00, 0x00, 0x55, 0x42, 0x00, 0x00
	.byte 0x55, 0x42, 0x00, 0x00, 0x55, 0x42, 0x00, 0x00, 0x55, 0x42, 0x00, 0x00, 0x55, 0x42, 0x00, 0x00
	.byte 0x00, 0x00, 0x24, 0x55, 0x00, 0x00, 0x24, 0x55, 0x00, 0x00, 0x24, 0x55, 0x00, 0x00, 0x24, 0x55
	.byte 0x00, 0x00, 0x24, 0x55, 0x00, 0x00, 0x24, 0x55, 0x00, 0x00, 0x24, 0x55, 0x00, 0x00, 0x24, 0x55
	.byte 0x55, 0x55, 0x55, 0x55, 0x55, 0x55, 0x55, 0x55, 0x55, 0x55, 0x55, 0x55, 0x55, 0x55, 0x55, 0x55
	.byte 0x55, 0x55, 0x55, 0x55, 0x55, 0x55, 0x55, 0x55, 0x55, 0x55, 0x55, 0x55, 0x55, 0x55, 0x55, 0x55
	.byte 0x55, 0x55, 0x55, 0x55, 0x55, 0x55, 0x55, 0x55, 0x55, 0x55, 0x55, 0x55, 0x55, 0x55, 0x55, 0x55
	.byte 0x55, 0x55, 0x55, 0x55, 0x55, 0x55, 0x55, 0x55, 0x55, 0x55, 0x55, 0x55, 0x55, 0x55, 0x55, 0x55
	.byte 0x55, 0x55, 0x55, 0x55, 0x55, 0x55, 0x55, 0x55, 0x55, 0x55, 0x55, 0x55, 0x55, 0x55, 0x55, 0x55
	.byte 0x55, 0x55, 0x55, 0x55, 0x55, 0x55, 0x55, 0x55, 0x55, 0x55, 0x55, 0x55, 0x55, 0x55, 0x55, 0x55
	.byte 0x55, 0x55, 0x55, 0x55, 0x55, 0x55, 0x55, 0x55, 0x55, 0x55, 0x55, 0x55, 0x55, 0x55, 0x55, 0x55
	.byte 0x55, 0x55, 0x55, 0x55, 0x55, 0x55, 0x55, 0x55, 0x55, 0x55, 0x55, 0x55, 0x55, 0x55, 0x55, 0x55
	.byte 0x55, 0x42, 0x00, 0x00, 0x55, 0x42, 0x00, 0x00, 0x55, 0x42, 0x00, 0x00, 0x55, 0x42, 0x00, 0x00
	.byte 0x55, 0x42, 0x00, 0x00, 0x55, 0x42, 0x00, 0x00, 0x55, 0x42, 0x00, 0x00, 0x55, 0x42, 0x00, 0x00
	.byte 0x00, 0x40, 0x52, 0x55, 0x00, 0x40, 0x52, 0x55, 0x00, 0x40, 0x52, 0x55, 0x00, 0x40, 0x52, 0x55
	.byte 0x00, 0x40, 0x52, 0x55, 0x00, 0x40, 0x52, 0x55, 0x00, 0x40, 0x52, 0x55, 0x00, 0x40, 0x52, 0x55
	.byte 0x55, 0x55, 0x55, 0x55, 0x55, 0x55, 0x55, 0x55, 0x55, 0x55, 0x55, 0x55, 0x55, 0x55, 0x55, 0x55
	.byte 0x55, 0x55, 0x55, 0x55, 0x55, 0x55, 0x55, 0x55, 0x55, 0x55, 0x55, 0x55, 0x55, 0x55, 0x55, 0x55
	.byte 0x55, 0x55, 0x55, 0x55, 0x55, 0x55, 0x55, 0x55, 0x55, 0x55, 0x55, 0x55, 0x55, 0x55, 0x55, 0x55
	.byte 0x55, 0x55, 0x55, 0x55, 0x55, 0x55, 0x55, 0x55, 0x55, 0x55, 0x55, 0x55, 0x55, 0x55, 0x55, 0x55
	.byte 0x55, 0x55, 0x55, 0x55, 0x55, 0x55, 0x55, 0x55, 0x55, 0x55, 0x55, 0x55, 0x55, 0x55, 0x55, 0x55
	.byte 0x55, 0x55, 0x55, 0x55, 0x55, 0x55, 0x55, 0x55, 0x55, 0x55, 0x55, 0x55, 0x55, 0x55, 0x55, 0x55
	.byte 0x55, 0x55, 0x55, 0x55, 0x55, 0x55, 0x55, 0x55, 0x55, 0x55, 0x55, 0x55, 0x55, 0x55, 0x55, 0x55
	.byte 0x55, 0x55, 0x55, 0x55, 0x55, 0x55, 0x55, 0x55, 0x55, 0x55, 0x55, 0x55, 0x55, 0x55, 0x55, 0x55
	.byte 0x55, 0x25, 0x04, 0x00, 0x55, 0x25, 0x04, 0x00, 0x55, 0x25, 0x04, 0x00, 0x55, 0x25, 0x04, 0x00
	.byte 0x55, 0x25, 0x04, 0x00, 0x55, 0x25, 0x04, 0x00, 0x55, 0x25, 0x04, 0x00, 0x55, 0x25, 0x04, 0x00
	.byte 0x00, 0x40, 0x52, 0x55, 0x00, 0x40, 0x52, 0x55, 0x00, 0x40, 0x52, 0x55, 0x00, 0x40, 0x52, 0x55
	.byte 0x00, 0x40, 0x52, 0x55, 0x00, 0x40, 0x52, 0x55, 0x00, 0x40, 0x52, 0x55, 0x00, 0x40, 0x52, 0x55
	.byte 0x55, 0x55, 0x55, 0x55, 0x55, 0x55, 0x55, 0x55, 0x55, 0x55, 0x55, 0x55, 0x55, 0x55, 0x55, 0x55
	.byte 0x55, 0x55, 0x55, 0x55, 0x55, 0x55, 0x55, 0x55, 0x55, 0x55, 0x55, 0x55, 0x55, 0x55, 0x55, 0x55
	.byte 0x55, 0x55, 0x55, 0x55, 0x55, 0x55, 0x55, 0x55, 0x55, 0x55, 0x55, 0x55, 0x55, 0x55, 0x55, 0x55
	.byte 0x55, 0x55, 0x55, 0x55, 0x55, 0x55, 0x55, 0x55, 0x55, 0x55, 0x55, 0x55, 0x55, 0x55, 0x55, 0x55
	.byte 0x55, 0x55, 0x55, 0x55, 0x55, 0x55, 0x55, 0x55, 0x55, 0x55, 0x55, 0x55, 0x55, 0x55, 0x55, 0x55
	.byte 0x55, 0x55, 0x55, 0x55, 0x55, 0x55, 0x55, 0x55, 0x55, 0x55, 0x55, 0x55, 0x55, 0x55, 0x55, 0x55
	.byte 0x55, 0x55, 0x55, 0x55, 0x55, 0x55, 0x55, 0x55, 0x55, 0x55, 0x55, 0x55, 0x55, 0x55, 0x55, 0x55
	.byte 0x55, 0x55, 0x55, 0x55, 0x55, 0x55, 0x55, 0x55, 0x55, 0x55, 0x55, 0x55, 0x55, 0x55, 0x55, 0x55
	.byte 0x55, 0x25, 0x04, 0x00, 0x55, 0x25, 0x04, 0x00, 0x55, 0x25, 0x04, 0x00, 0x55, 0x25, 0x04, 0x00
	.byte 0x55, 0x25, 0x04, 0x00, 0x55, 0x25, 0x04, 0x00, 0x55, 0x25, 0x04, 0x00, 0x55, 0x25, 0x04, 0x00
	.byte 0x00, 0x24, 0x55, 0x55, 0x00, 0x24, 0x55, 0x55, 0x00, 0x24, 0x55, 0x55, 0x00, 0x24, 0x55, 0x55
	.byte 0x00, 0x24, 0x55, 0x55, 0x00, 0x24, 0x55, 0x55, 0x00, 0x24, 0x55, 0x55, 0x00, 0x24, 0x55, 0x55
	.byte 0x55, 0x55, 0x55, 0x55, 0x55, 0x55, 0x55, 0x55, 0x55, 0x55, 0x55, 0x55, 0x55, 0x55, 0x55, 0x55
	.byte 0x55, 0x55, 0x55, 0x55, 0x55, 0x55, 0x55, 0x55, 0x55, 0x55, 0x55, 0x55, 0x55, 0x55, 0x55, 0x55
	.byte 0x55, 0x55, 0x55, 0x55, 0x55, 0x55, 0x55, 0x55, 0x55, 0x55, 0x55, 0x55, 0x55, 0x55, 0x55, 0x55
	.byte 0x55, 0x55, 0x55, 0x55, 0x55, 0x55, 0x55, 0x55, 0x55, 0x55, 0x55, 0x55, 0x55, 0x55, 0x55, 0x55
	.byte 0x55, 0x55, 0x55, 0x55, 0x55, 0x55, 0x55, 0x55, 0x55, 0x55, 0x55, 0x55, 0x55, 0x55, 0x55, 0x55
	.byte 0x55, 0x55, 0x55, 0x55, 0x55, 0x55, 0x55, 0x55, 0x55, 0x55, 0x55, 0x55, 0x55, 0x55, 0x55, 0x55
	.byte 0x55, 0x55, 0x55, 0x55, 0x55, 0x55, 0x55, 0x55, 0x55, 0x55, 0x55, 0x55, 0x55, 0x55, 0x55, 0x55
	.byte 0x55, 0x55, 0x55, 0x55, 0x55, 0x55, 0x55, 0x55, 0x55, 0x55, 0x55, 0x55, 0x55, 0x55, 0x55, 0x55
	.byte 0x55, 0x55, 0x42, 0x00, 0x55, 0x55, 0x42, 0x00, 0x55, 0x55, 0x42, 0x00, 0x55, 0x55, 0x42, 0x00
	.byte 0x55, 0x55, 0x42, 0x00, 0x55, 0x55, 0x42, 0x00, 0x55, 0x55, 0x42, 0x00, 0x55, 0x55, 0x42, 0x00
	.byte 0x00, 0x24, 0x55, 0x55, 0x00, 0x24, 0x55, 0x55, 0x00, 0x24, 0x55, 0x55, 0x00, 0x24, 0x55, 0x55
	.byte 0x00, 0x24, 0x55, 0x55, 0x00, 0x24, 0x55, 0x55, 0x00, 0x24, 0x55, 0x55, 0x00, 0x24, 0x55, 0x55
	.byte 0x55, 0x55, 0x55, 0x55, 0x55, 0x55, 0x55, 0x55, 0x55, 0x55, 0x55, 0x55, 0x55, 0x55, 0x55, 0x55
	.byte 0x55, 0x55, 0x55, 0x55, 0x55, 0x55, 0x55, 0x55, 0x55, 0x55, 0x55, 0x55, 0x55, 0x55, 0x55, 0x55
	.byte 0x55, 0x55, 0x55, 0x55, 0x55, 0x55, 0x55, 0x55, 0x55, 0x55, 0x55, 0x55, 0x55, 0x55, 0x55, 0x55
	.byte 0x55, 0x55, 0x55, 0x55, 0x55, 0x55, 0x55, 0x55, 0x55, 0x55, 0x55, 0x55, 0x55, 0x55, 0x55, 0x55
	.byte 0x55, 0x55, 0x55, 0x55, 0x55, 0x55, 0x55, 0x55, 0x55, 0x55, 0x55, 0x55, 0x55, 0x55, 0x55, 0x55
	.byte 0x55, 0x55, 0x55, 0x55, 0x55, 0x55, 0x55, 0x55, 0x55, 0x55, 0x55, 0x55, 0x55, 0x55, 0x55, 0x55
	.byte 0x55, 0x55, 0x55, 0x55, 0x55, 0x55, 0x55, 0x55, 0x55, 0x55, 0x55, 0x55, 0x55, 0x55, 0x55, 0x55
	.byte 0x55, 0x55, 0x55, 0x55, 0x55, 0x55, 0x55, 0x55, 0x55, 0x55, 0x55, 0x55, 0x55, 0x55, 0x55, 0x55
	.byte 0x55, 0x55, 0x42, 0x00, 0x55, 0x55, 0x42, 0x00, 0x55, 0x55, 0x42, 0x00, 0x55, 0x55, 0x42, 0x00
	.byte 0x55, 0x55, 0x42, 0x00, 0x55, 0x55, 0x42, 0x00, 0x55, 0x55, 0x42, 0x00, 0x55, 0x55, 0x42, 0x00
	.byte 0x40, 0x52, 0x55, 0x55, 0x40, 0x52, 0x55, 0x55, 0x40, 0x52, 0x55, 0x55, 0x40, 0x52, 0x55, 0x55
	.byte 0x40, 0x52, 0x55, 0x55, 0x40, 0x52, 0x55, 0x55, 0x40, 0x52, 0x55, 0x55, 0x40, 0x52, 0x55, 0x55
	.byte 0x55, 0x55, 0x55, 0x55, 0x55, 0x55, 0x55, 0x55, 0x55, 0x55, 0x55, 0x55, 0x55, 0x55, 0x55, 0x55
	.byte 0x55, 0x55, 0x55, 0x55, 0x55, 0x55, 0x55, 0x55, 0x55, 0x55, 0x55, 0x55, 0x55, 0x55, 0x55, 0x55
	.byte 0x55, 0x55, 0x55, 0x55, 0x55, 0x55, 0x55, 0x55, 0x55, 0x55, 0x55, 0x55, 0x55, 0x55, 0x55, 0x55
	.byte 0x55, 0x55, 0x55, 0x55, 0x55, 0x55, 0x55, 0x55, 0x55, 0x55, 0x55, 0x55, 0x55, 0x55, 0x55, 0x55
	.byte 0x55, 0x55, 0x55, 0x55, 0x55, 0x55, 0x55, 0x55, 0x55, 0x55, 0x55, 0x55, 0x55, 0x55, 0x55, 0x55
	.byte 0x55, 0x55, 0x55, 0x55, 0x55, 0x55, 0x55, 0x55, 0x55, 0x55, 0x55, 0x55, 0x55, 0x55, 0x55, 0x55
	.byte 0x55, 0x55, 0x55, 0x55, 0x55, 0x55, 0x55, 0x55, 0x55, 0x55, 0x55, 0x55, 0x55, 0x55, 0x55, 0x55
	.byte 0x55, 0x55, 0x55, 0x55, 0x55, 0x55, 0x55, 0x55, 0x55, 0x55, 0x55, 0x55, 0x55, 0x55, 0x55, 0x55
	.byte 0x55, 0x55, 0x25, 0x04, 0x55, 0x55, 0x25, 0x04, 0x55, 0x55, 0x25, 0x04, 0x55, 0x55, 0x25, 0x04
	.byte 0x55, 0x55, 0x25, 0x04, 0x55, 0x55, 0x25, 0x04, 0x55, 0x55, 0x25, 0x04, 0x55, 0x55, 0x25, 0x04
	.byte 0x40, 0x52, 0x55, 0x55, 0x40, 0x52, 0x55, 0x55, 0x40, 0x52, 0x55, 0x55, 0x40, 0x52, 0x55, 0x55
	.byte 0x40, 0x52, 0x55, 0x55, 0x40, 0x52, 0x55, 0x55, 0x40, 0x52, 0x55, 0x55, 0x40, 0x52, 0x55, 0x55
	.byte 0x55, 0x55, 0x55, 0x55, 0x55, 0x55, 0x55, 0x55, 0x55, 0x55, 0x55, 0x55, 0x55, 0x55, 0x55, 0x55
	.byte 0x55, 0x55, 0x55, 0x55, 0x55, 0x55, 0x55, 0x55, 0x55, 0x55, 0x55, 0x55, 0x55, 0x55, 0x55, 0x55
	.byte 0x55, 0x55, 0x55, 0x55, 0x55, 0x55, 0x55, 0x55, 0x55, 0x55, 0x55, 0x55, 0x55, 0x55, 0x55, 0x55
	.byte 0x55, 0x55, 0x55, 0x55, 0x55, 0x55, 0x55, 0x55, 0x55, 0x55, 0x55, 0x55, 0x55, 0x55, 0x55, 0x55
	.byte 0x55, 0x55, 0x55, 0x55, 0x55, 0x55, 0x55, 0x55, 0x55, 0x55, 0x55, 0x55, 0x55, 0x55, 0x55, 0x55
	.byte 0x55, 0x55, 0x55, 0x55, 0x55, 0x55, 0x55, 0x55, 0x55, 0x55, 0x55, 0x55, 0x55, 0x55, 0x55, 0x55
	.byte 0x55, 0x55, 0x55, 0x55, 0x55, 0x55, 0x55, 0x55, 0x55, 0x55, 0x55, 0x55, 0x55, 0x55, 0x55, 0x55
	.byte 0x55, 0x55, 0x55, 0x55, 0x55, 0x55, 0x55, 0x55, 0x55, 0x55, 0x55, 0x55, 0x55, 0x55, 0x55, 0x55
	.byte 0x55, 0x55, 0x25, 0x04, 0x55, 0x55, 0x25, 0x04, 0x55, 0x55, 0x25, 0x04, 0x55, 0x55, 0x25, 0x04
	.byte 0x55, 0x55, 0x25, 0x04, 0x55, 0x55, 0x25, 0x04, 0x55, 0x55, 0x25, 0x04, 0x55, 0x55, 0x25, 0x04
	.byte 0x24, 0x55, 0x55, 0x55, 0x24, 0x55, 0x55, 0x55, 0x24, 0x55, 0x55, 0x55, 0x24, 0x55, 0x55, 0x55
	.byte 0x24, 0x55, 0x55, 0x55, 0x24, 0x55, 0x55, 0x55, 0x24, 0x55, 0x55, 0x55, 0x24, 0x55, 0x55, 0x55
	.byte 0x55, 0x55, 0x55, 0x55, 0x55, 0x55, 0x55, 0x55, 0x55, 0x55, 0x55, 0x55, 0x55, 0x55, 0x55, 0x55
	.byte 0x55, 0x55, 0x55, 0x55, 0x55, 0x55, 0x55, 0x55, 0x55, 0x55, 0x55, 0x55, 0x55, 0x55, 0x55, 0x55
	.byte 0x55, 0x55, 0x55, 0x55, 0x55, 0x55, 0x55, 0x55, 0x55, 0x55, 0x55, 0x55, 0x55, 0x55, 0x55, 0x55
	.byte 0x55, 0x55, 0x55, 0x55, 0x55, 0x55, 0x55, 0x55, 0x55, 0x55, 0x55, 0x55, 0x55, 0x55, 0x55, 0x55
	.byte 0x55, 0x55, 0x55, 0x55, 0x55, 0x55, 0x55, 0x55, 0x55, 0x55, 0x55, 0x55, 0x55, 0x55, 0x55, 0x55
	.byte 0x55, 0x55, 0x55, 0x55, 0x55, 0x55, 0x55, 0x55, 0x55, 0x55, 0x55, 0x55, 0x55, 0x55, 0x55, 0x55
	.byte 0x55, 0x55, 0x55, 0x55, 0x55, 0x55, 0x55, 0x55, 0x55, 0x55, 0x55, 0x55, 0x55, 0x55, 0x55, 0x55
	.byte 0x55, 0x55, 0x55, 0x55, 0x55, 0x55, 0x55, 0x55, 0x55, 0x55, 0x55, 0x55, 0x55, 0x55, 0x55, 0x55
	.byte 0x55, 0x55, 0x55, 0x42, 0x55, 0x55, 0x55, 0x42, 0x55, 0x55, 0x55, 0x42, 0x55, 0x55, 0x55, 0x42
	.byte 0x55, 0x55, 0x55, 0x42, 0x55, 0x55, 0x55, 0x42, 0x55, 0x55, 0x55, 0x42, 0x55, 0x55, 0x55, 0x42
	.byte 0x24, 0x55, 0x55, 0x55, 0x24, 0x55, 0x55, 0x55, 0x24, 0x55, 0x55, 0x55, 0x24, 0x55, 0x55, 0x55
	.byte 0x24, 0x55, 0x55, 0x55, 0x24, 0x55, 0x55, 0x55, 0x24, 0x55, 0x35, 0x33, 0x24, 0x35, 0x13, 0x11
	.byte 0x55, 0x55, 0x55, 0x55, 0x55, 0x55, 0x55, 0x55, 0x55, 0x55, 0x55, 0x55, 0x55, 0x55, 0x55, 0x55
	.byte 0x55, 0x55, 0x55, 0x35, 0x35, 0x33, 0x33, 0x13, 0x13, 0x11, 0x11, 0x11, 0x11, 0x11, 0x11, 0x11
	.byte 0x55, 0x55, 0x55, 0x55, 0x55, 0x55, 0x55, 0x55, 0x55, 0x55, 0x55, 0x55, 0x55, 0x55, 0x55, 0x55
	.byte 0x33, 0x33, 0x33, 0x33, 0x11, 0x11, 0x11, 0x11, 0x11, 0x11, 0x11, 0x11, 0x11, 0x11, 0x11, 0x11
	.byte 0x55, 0x55, 0x55, 0x55, 0x55, 0x55, 0x55, 0x55, 0x55, 0x55, 0x55, 0x55, 0x55, 0x55, 0x55, 0x55
	.byte 0x33, 0x33, 0x33, 0x33, 0x11, 0x11, 0x11, 0x11, 0x11, 0x11, 0x11, 0x11, 0x11, 0x11, 0x11, 0x11
	.byte 0x55, 0x55, 0x55, 0x55, 0x55, 0x55, 0x55, 0x55, 0x55, 0x55, 0x55, 0x55, 0x55, 0x55, 0x55, 0x55
	.byte 0x53, 0x55, 0x55, 0x55, 0x31, 0x33, 0x33, 0x53, 0x11, 0x11, 0x11, 0x31, 0x11, 0x11, 0x11, 0x11
	.byte 0x55, 0x55, 0x55, 0x42, 0x55, 0x55, 0x55, 0x42, 0x55, 0x55, 0x55, 0x42, 0x55, 0x55, 0x55, 0x42
	.byte 0x55, 0x55, 0x55, 0x42, 0x55, 0x55, 0x55, 0x42, 0x33, 0x53, 0x55, 0x42, 0x11, 0x31, 0x53, 0x42
	.byte 0x32, 0x13, 0x11, 0x11, 0x13, 0x11, 0x11, 0x11, 0x13, 0x11, 0x11, 0x11, 0x30, 0x13, 0x11, 0x11
	.byte 0x00, 0x30, 0x13, 0x11, 0x00, 0x00, 0x30, 0x33, 0x00, 0x00, 0x00, 0x00, 0x00, 0x00, 0x00, 0x00
	.byte 0x11, 0x11, 0x11, 0x11, 0x11, 0x11, 0x11, 0x11, 0x11, 0x11, 0x11, 0x11, 0x11, 0x11, 0x11, 0x11
	.byte 0x11, 0x11, 0x11, 0x11, 0x13, 0x11, 0x11, 0x11, 0x30, 0x33, 0x33, 0x13, 0x00, 0x00, 0x00, 0x30
	.byte 0x11, 0x11, 0x11, 0x11, 0x11, 0x11, 0x11, 0x11, 0x11, 0x11, 0x11, 0x11, 0x11, 0x11, 0x11, 0x11
	.byte 0x11, 0x11, 0x11, 0x11, 0x11, 0x11, 0x11, 0x11, 0x11, 0x11, 0x11, 0x11, 0x33, 0x33, 0x33, 0x33
	.byte 0x11, 0x11, 0x11, 0x11, 0x11, 0x11, 0x11, 0x11, 0x11, 0x11, 0x11, 0x11, 0x11, 0x11, 0x11, 0x11
	.byte 0x11, 0x11, 0x11, 0x11, 0x11, 0x11, 0x11, 0x11, 0x11, 0x11, 0x11, 0x11, 0x33, 0x33, 0x33, 0x33
	.byte 0x11, 0x11, 0x11, 0x11, 0x11, 0x11, 0x11, 0x11, 0x11, 0x11, 0x11, 0x11, 0x11, 0x11, 0x11, 0x11
	.byte 0x11, 0x11, 0x11, 0x11, 0x11, 0x11, 0x11, 0x31, 0x31, 0x33, 0x33, 0x03, 0x03, 0x00, 0x00, 0x00
	.byte 0x11, 0x11, 0x31, 0x23, 0x11, 0x11, 0x11, 0x31, 0x11, 0x11, 0x11, 0x31, 0x11, 0x11, 0x31, 0x03
	.byte 0x11, 0x31, 0x03, 0x00, 0x33, 0x03, 0x00, 0x00, 0x00, 0x00, 0x00, 0x00, 0x00, 0x00, 0x00, 0x00
	.byte 0x00, 0x10, 0x00, 0x00, 0x00, 0x21, 0x11, 0x00, 0x10, 0x32, 0x22, 0x01, 0x21, 0x23, 0x22, 0x13
	.byte 0x31, 0x22, 0x32, 0x13, 0x11, 0x11, 0x11, 0x11, 0x00, 0x10, 0x11, 0x11, 0x00, 0x00, 0x00, 0x00
	.byte 0x00, 0x10, 0x01, 0x00, 0x00, 0x21, 0x12, 0x00, 0x00, 0x21, 0x13, 0x00, 0x10, 0x32, 0x23, 0x01
	.byte 0x10, 0x33, 0x22, 0x11, 0x10, 0x13, 0x11, 0x01, 0x10, 0x11, 0x01, 0x00, 0x10, 0x01, 0x00, 0x00
	.byte 0x00, 0x00, 0x00, 0x00, 0x00, 0x11, 0x11, 0x00, 0x10, 0x22, 0x33, 0x01, 0x11, 0x31, 0x23, 0x12
	.byte 0x10, 0x11, 0x21, 0x13, 0x00, 0x10, 0x11, 0x11, 0x00, 0x00, 0x10, 0x01, 0x00, 0x00, 0x00, 0x00
	.byte 0x00, 0x00, 0x00, 0x00, 0x00, 0x00, 0x00, 0x00, 0x00, 0x00, 0x01, 0x00, 0x00, 0x10, 0x13, 0x00
	.byte 0x00, 0x31, 0x12, 0x00, 0x00, 0x11, 0x22, 0x01, 0x00, 0x00, 0x11, 0x01, 0x00, 0x00, 0x00, 0x00
	.globl gUnknown_8536E9C
gUnknown_8536E9C: @ 0x08536E9C
	.4byte FieldEffectCmd_loadtiles
	.4byte FieldEffectCmd_loadfadedpal
	.4byte FieldEffectCmd_loadpal
	.4byte FieldEffectCmd_callnative
	.4byte FieldEffectCmd_end
	.4byte FieldEffectCmd_loadgfx_callnative
	.4byte FieldEffectCmd_loadtiles_callnative
	.4byte FieldEffectCmd_loadfadedpal_callnative
	.globl gUnknown_8536EBC
gUnknown_8536EBC: @ 0x08536EBC
	@ Replaced baserom.gba range: offset=0x536EBC, size=0x20
	.byte 0x00, 0x00, 0x00, 0xC0, 0x00, 0x00, 0x00, 0x00, 0x00, 0x00, 0x00, 0x00, 0x00, 0x00, 0x00, 0x00
	.byte 0x00, 0x00, 0x00, 0x40, 0x00, 0x00, 0x00, 0x00, 0x3C, 0xE7, 0x52, 0x08, 0x00, 0x08, 0x00, 0x00
	.globl gUnknown_8536EDC
gUnknown_8536EDC: @ 0x08536EDC
	@ Replaced baserom.gba range: offset=0x536EDC, size=0x14
	.byte 0xFC, 0x55, 0x53, 0x08, 0x06, 0x10, 0x00, 0x00, 0x00, 0x00, 0x01, 0x00, 0xFF, 0xFF, 0x00, 0x00
	.byte 0xE4, 0x6E, 0x53, 0x08
	.globl gUnknown_8536EF0
gUnknown_8536EF0: @ 0x08536EF0
	@ Replaced baserom.gba range: offset=0x536EF0, size=0x68
	.byte 0xFF, 0xFF, 0x06, 0x10, 0xBC, 0x6E, 0x53, 0x08, 0xEC, 0x6E, 0x53, 0x08, 0xD4, 0x6E, 0x53, 0x08
	.byte 0x10, 0xF3, 0x2B, 0x08, 0x41, 0x71, 0x00, 0x08, 0x3C, 0x56, 0x53, 0x08, 0x07, 0x10, 0x00, 0x00
	.byte 0xDC, 0x5A, 0x53, 0x08, 0x10, 0x10, 0x00, 0x00, 0x00, 0x40, 0x00, 0x80, 0x00, 0x00, 0x00, 0x00
	.byte 0x1C, 0x56, 0x53, 0x08, 0x20, 0x00, 0x00, 0x00, 0x5C, 0x56, 0x53, 0x08, 0xC0, 0x00, 0x00, 0x00
	.byte 0x1C, 0x57, 0x53, 0x08, 0xC0, 0x00, 0x00, 0x00, 0xDC, 0x57, 0x53, 0x08, 0x00, 0x02, 0x00, 0x00
	.byte 0xDC, 0x59, 0x53, 0x08, 0x00, 0x02, 0x00, 0x00, 0xF4, 0xF8, 0x01, 0x80, 0x04, 0xF8, 0x20, 0x80
	.byte 0xF4, 0x00, 0x31, 0x80, 0x04, 0x00, 0x50, 0x80
	.globl gUnknown_8536F58
gUnknown_8536F58: @ 0x08536F58
	@ Replaced baserom.gba range: offset=0x536F58, size=0x18
	.byte 0x04, 0x00, 0x00, 0x00, 0x48, 0x6F, 0x53, 0x08, 0xE0, 0xF8, 0x05, 0x80, 0x00, 0xF8, 0x45, 0x80
	.byte 0xE0, 0x00, 0x85, 0x80, 0x00, 0x00, 0xC5, 0x80
	.globl gUnknown_8536F70
gUnknown_8536F70: @ 0x08536F70
	@ Replaced baserom.gba range: offset=0x536F70, size=0x40
	.byte 0x04, 0x00, 0x00, 0x00, 0x60, 0x6F, 0x53, 0x08, 0x00, 0x00, 0x01, 0x00, 0xFE, 0xFF, 0x00, 0x00
	.byte 0x00, 0x00, 0x10, 0x00, 0x01, 0x00, 0x10, 0x00, 0x00, 0x00, 0x10, 0x00, 0x01, 0x00, 0x10, 0x00
	.byte 0x00, 0x00, 0x10, 0x00, 0x01, 0x00, 0x10, 0x00, 0x00, 0x00, 0x10, 0x00, 0x01, 0x00, 0x10, 0x00
	.byte 0xFF, 0xFF, 0x00, 0x00, 0x78, 0x6F, 0x53, 0x08, 0x80, 0x6F, 0x53, 0x08, 0x78, 0x6F, 0x53, 0x08
	.globl gUnknown_8536FB0
gUnknown_8536FB0: @ 0x08536FB0
	@ Replaced baserom.gba range: offset=0x536FB0, size=0x18
	.byte 0xFF, 0xFF, 0x07, 0x10, 0xC4, 0x6E, 0x53, 0x08, 0xA4, 0x6F, 0x53, 0x08, 0x20, 0x6F, 0x53, 0x08
	.byte 0x10, 0xF3, 0x2B, 0x08, 0x81, 0x5F, 0x0B, 0x08
	.globl gUnknown_8536FC8
gUnknown_8536FC8: @ 0x08536FC8
	@ Replaced baserom.gba range: offset=0x536FC8, size=0x18
	.byte 0xFF, 0xFF, 0x04, 0x10, 0xCC, 0x6E, 0x53, 0x08, 0xA4, 0x6F, 0x53, 0x08, 0x28, 0x6F, 0x53, 0x08
	.byte 0x10, 0xF3, 0x2B, 0x08, 0x05, 0x60, 0x0B, 0x08
	.globl gUnknown_8536FE0
gUnknown_8536FE0: @ 0x08536FE0
	@ Replaced baserom.gba range: offset=0x536FE0, size=0x18
	.byte 0xFF, 0xFF, 0x10, 0x10, 0xCC, 0x6E, 0x53, 0x08, 0xAC, 0x6F, 0x53, 0x08, 0x38, 0x6F, 0x53, 0x08
	.byte 0x10, 0xF3, 0x2B, 0x08, 0xC9, 0x60, 0x0B, 0x08
	.globl gUnknown_8536FF8
gUnknown_8536FF8: @ 0x08536FF8
	@ Replaced baserom.gba range: offset=0x536FF8, size=0x18
	.byte 0xFF, 0xFF, 0x10, 0x10, 0x18, 0x6F, 0x53, 0x08, 0xAC, 0x6F, 0x53, 0x08, 0x40, 0x6F, 0x53, 0x08
	.byte 0x10, 0xF3, 0x2B, 0x08, 0xC9, 0x60, 0x0B, 0x08
	.globl gUnknown_8537010
gUnknown_8537010: @ 0x08537010
	.4byte PokecenterHealEffect_0
	.4byte PokecenterHealEffect_1
	.4byte PokecenterHealEffect_2
	.4byte PokecenterHealEffect_3
	.globl gUnknown_8537020
gUnknown_8537020: @ 0x08537020
	.4byte HallOfFameRecordEffect_0
	.4byte HallOfFameRecordEffect_1
	.4byte HallOfFameRecordEffect_2
	.4byte HallOfFameRecordEffect_3
	.globl gUnknown_8537030
gUnknown_8537030: @ 0x08537030
	.4byte PokeballGlowEffect_0
	.4byte PokeballGlowEffect_1
	.4byte PokeballGlowEffect_2
	.4byte PokeballGlowEffect_3
	.4byte PokeballGlowEffect_4
	.4byte PokeballGlowEffect_5
	.4byte PokeballGlowEffect_6
	.4byte PokeballGlowEffect_7
	.globl gUnknown_8537050
gUnknown_8537050: @ 0x08537050
	@ Replaced baserom.gba range: offset=0x537050, size=0x18
	.byte 0x00, 0x00, 0x00, 0x00, 0x06, 0x00, 0x00, 0x00, 0x00, 0x00, 0x04, 0x00, 0x06, 0x00, 0x04, 0x00
	.byte 0x00, 0x00, 0x08, 0x00, 0x06, 0x00, 0x08, 0x00
	.globl gUnknown_8537068
gUnknown_8537068: @ 0x08537068
	@ Replaced baserom.gba range: offset=0x537068, size=0x4
	.byte 0x10, 0x0C, 0x08, 0x00
	.globl gUnknown_853706C
gUnknown_853706C: @ 0x0853706C
	@ Replaced baserom.gba range: offset=0x53706C, size=0x4
	.byte 0x10, 0x0C, 0x08, 0x00
	.globl gUnknown_8537070
gUnknown_8537070: @ 0x08537070
	.space 0x4, 0x00
	.globl gUnknown_8537074
gUnknown_8537074: @ 0x08537074
	.4byte sub_080B6324
	.4byte sub_080B63CC
	.4byte sub_080B63E8
	.4byte sub_080B645C
	.4byte sub_080B6514
	.4byte sub_080B6530
	.4byte sub_080B6570
	.globl gUnknown_8537090
gUnknown_8537090: @ 0x08537090
	.4byte sub_080B6618
	.4byte sub_080B6638
	.4byte sub_080B66A8
	.4byte sub_080B66CC
	.4byte sub_080B66DC
	.4byte sub_080B6700
	.globl gUnknown_85370A8
gUnknown_85370A8: @ 0x085370A8
	.4byte sub_080B686C
	.4byte sub_080B68E8
	.4byte sub_080B6928
	.4byte sub_080B6988
	.4byte sub_080B69C8
	.4byte sub_080B6A28
	.4byte sub_080B6A4C
	.globl gUnknown_85370C4
gUnknown_85370C4: @ 0x085370C4
	.4byte sub_080B6B28
	.4byte waterfall_1_do_anim_probably
	.4byte waterfall_2_wait_anim_finish_probably
	.4byte sub_080B6BA8
	.4byte sub_080B6BD0
	.globl gUnknown_85370D8
gUnknown_85370D8: @ 0x085370D8
	.4byte dive_1_lock
	.4byte dive_2_unknown
	.4byte dive_3_unknown
	.globl gUnknown_85370E4
gUnknown_85370E4: @ 0x085370E4
	.4byte sub_080B6DA4
	.4byte sub_080B6DDC
	.4byte sub_080B6E10
	.4byte sub_080B6E5C
	.4byte sub_080B6F50
	.4byte sub_080B6F6C
	.globl gUnknown_85370FC
gUnknown_85370FC: @ 0x085370FC
	.4byte sub_080B7044
	.4byte sub_080B7074
	.4byte sub_080B70C0
	.4byte sub_080B7114
	.globl gUnknown_853710C
gUnknown_853710C: @ 0x0853710C
	.4byte sub_080B7240
	.4byte sub_080B7270
	.4byte sub_080B72EC
	.4byte sub_080B7324
	.4byte sub_080B734C
	.globl gUnknown_8537120
gUnknown_8537120: @ 0x08537120
	.4byte EscapeRopeFieldEffect_Step0
	.4byte EscapeRopeFieldEffect_Step1
	.globl gUnknown_8537128
gUnknown_8537128: @ 0x08537128
	@ Replaced baserom.gba range: offset=0x537128, size=0x8
	.byte 0x01, 0x03, 0x04, 0x02, 0x01, 0x00, 0x00, 0x00
	.globl gUnknown_8537130
gUnknown_8537130: @ 0x08537130
	.4byte sub_080B761C
	.4byte sub_080B7640
	.globl gUnknown_8537138
gUnknown_8537138: @ 0x08537138
	.4byte TeleportFieldEffectTask1
	.4byte TeleportFieldEffectTask2
	.4byte TeleportFieldEffectTask3
	.4byte TeleportFieldEffectTask4
	.globl gUnknown_8537148
gUnknown_8537148: @ 0x08537148
	.4byte sub_080B79D8
	.4byte sub_080B7A64
	.4byte sub_080B7B68
	.globl gUnknown_8537154
gUnknown_8537154: @ 0x08537154
	.4byte sub_080B7CDC
	.4byte sub_080B7D50
	.4byte sub_080B7DB8
	.4byte sub_080B7E44
	.4byte sub_080B7E74
	.4byte sub_080B7EC8
	.4byte overworld_bg_setup_2
	.globl gUnknown_8537170
gUnknown_8537170: @ 0x08537170
	.4byte sub_080B803C
	.4byte sub_080B8078
	.4byte sub_080B80E4
	.4byte sub_080B8134
	.4byte sub_080B8164
	.4byte sub_080B819C
	.4byte sub_080B81BC
	.globl gUnknown_853718C
gUnknown_853718C: @ 0x0853718C
	.4byte sub_080B850C
	.4byte sub_080B856C
	.4byte sub_080B85B8
	.4byte sub_080B8600
	.4byte sub_080B867C
	.globl gUnknown_85371A0
gUnknown_85371A0: @ 0x085371A0
	@ Replaced baserom.gba range: offset=0x5371A0, size=0x54
	.byte 0x5D, 0x89, 0x0B, 0x08, 0xB5, 0x89, 0x0B, 0x08, 0xF9, 0x89, 0x0B, 0x08, 0x51, 0x8A, 0x0B, 0x08
	.byte 0x95, 0x8A, 0x0B, 0x08, 0xE9, 0x8A, 0x0B, 0x08, 0x71, 0x8B, 0x0B, 0x08, 0xCD, 0x8B, 0x0B, 0x08
	.byte 0xED, 0x8B, 0x0B, 0x08, 0x08, 0x00, 0x08, 0x00, 0xE2, 0x00, 0x00, 0x00, 0x1C, 0x00, 0x1C, 0x00
	.byte 0x00, 0x1E, 0x00, 0x00, 0xFF, 0x7F, 0x00, 0x00, 0x00, 0x00, 0x00, 0x00, 0x00, 0x01, 0x00, 0x01
	.byte 0x40, 0x00, 0x00, 0x00, 0xF6, 0xFF, 0xF6, 0xFF, 0x00, 0x16, 0x00, 0x00, 0xFF, 0x7F, 0x00, 0x00
	.byte 0x00, 0x00, 0x00, 0x00
	.globl gUnknown_85371F4
gUnknown_85371F4: @ 0x085371F4
	@ Replaced baserom.gba range: offset=0x5371F4, size=0x8
	.byte 0xC4, 0x71, 0x53, 0x08, 0xDC, 0x71, 0x53, 0x08
	.globl gUnknown_85371FC
gUnknown_85371FC: @ 0x085371FC
	.4byte sub_080B8F5C
	.4byte sub_080B9010
	.4byte sub_080B907C
	.4byte sub_080B90D0
	.4byte sub_080B9148
	.4byte sub_080B9180
	.4byte sub_080B91B8
	.globl gUnknown_8537218
gUnknown_8537218: @ 0x08537218
	@ Replaced baserom.gba range: offset=0x537218, size=0x24
	.byte 0xFE, 0xFF, 0xFC, 0xFF, 0xFB, 0xFF, 0xFA, 0xFF, 0xF9, 0xFF, 0xF8, 0xFF, 0xF8, 0xFF, 0xF8, 0xFF
	.byte 0xF9, 0xFF, 0xF9, 0xFF, 0xFA, 0xFF, 0xFB, 0xFF, 0xFD, 0xFF, 0xFE, 0xFF, 0x00, 0x00, 0x02, 0x00
	.byte 0x04, 0x00, 0x08, 0x00
	.globl gUnknown_853723C
gUnknown_853723C: @ 0x0853723C
	@ Replaced baserom.gba range: offset=0x53723C, size=0x5C
	.byte 0x81, 0x93, 0x0B, 0x08, 0xAD, 0x93, 0x0B, 0x08, 0x35, 0x94, 0x0B, 0x08, 0x1C, 0x6E, 0x53, 0x08
	.byte 0x20, 0x00, 0x00, 0x00, 0x3C, 0x6E, 0x53, 0x08, 0x20, 0x00, 0x00, 0x00, 0x5C, 0x6E, 0x53, 0x08
	.byte 0x20, 0x00, 0x00, 0x00, 0x7C, 0x6E, 0x53, 0x08, 0x20, 0x00, 0x00, 0x00, 0x00, 0x00, 0x00, 0x00
	.byte 0xFF, 0xFF, 0x00, 0x00, 0x01, 0x00, 0x00, 0x00, 0xFF, 0xFF, 0x00, 0x00, 0x02, 0x00, 0x00, 0x00
	.byte 0xFF, 0xFF, 0x00, 0x00, 0x03, 0x00, 0x00, 0x00, 0xFF, 0xFF, 0x00, 0x00, 0x68, 0x72, 0x53, 0x08
	.byte 0x70, 0x72, 0x53, 0x08, 0x78, 0x72, 0x53, 0x08, 0x80, 0x72, 0x53, 0x08
	.globl gUnknown_8537298
gUnknown_8537298: @ 0x08537298
	@ Replaced baserom.gba range: offset=0x537298, size=0x18
	.byte 0xFF, 0xFF, 0x1A, 0x11, 0xC4, 0x6E, 0x53, 0x08, 0x88, 0x72, 0x53, 0x08, 0x48, 0x72, 0x53, 0x08
	.byte 0x10, 0xF3, 0x2B, 0x08, 0x11, 0x95, 0x0B, 0x08
	.globl gUnknown_85372B0
gUnknown_85372B0: @ 0x085372B0
	@ Replaced baserom.gba range: offset=0x5372B0, size=0x60
	.byte 0x00, 0x00, 0xFF, 0x7F, 0xDF, 0x2A, 0xF8, 0x01, 0x3F, 0x42, 0xDF, 0x0C, 0x29, 0x25, 0x5A, 0x67
	.byte 0x00, 0x00, 0x00, 0x00, 0x00, 0x00, 0x00, 0x00, 0x00, 0x00, 0x00, 0x00, 0x00, 0x00, 0x00, 0x00
	.byte 0xFF, 0xFF, 0xFF, 0xFF, 0xFF, 0xFF, 0xFF, 0xFF, 0xFF, 0xFF, 0xFF, 0xFF, 0xFF, 0xFF, 0xFF, 0xFF
	.byte 0xFF, 0xFF, 0xFF, 0xFF, 0xFF, 0xFF, 0xFF, 0xFF, 0x1F, 0x11, 0x11, 0xF8, 0x8F, 0x88, 0x88, 0xF8
	.byte 0xFF, 0xFF, 0xFF, 0xFF, 0x1F, 0x11, 0x11, 0xF8, 0x8F, 0x88, 0x88, 0xF8, 0xFF, 0xFF, 0xFF, 0xFF
	.byte 0xFF, 0xFF, 0xFF, 0xFF, 0xFF, 0xFF, 0xFF, 0xFF, 0xFF, 0xFF, 0xFF, 0xFF, 0xFF, 0xFF, 0xFF, 0xFF
	.globl gUnknown_8537310
gUnknown_8537310: @ 0x08537310

	@ src/main_menu.c:266 gText_MainMenuOption
	@ Preserve exact byte length: semantic suffix text pointer.
	.globl gText_Rom_537310
gText_Rom_537310: @ 0x08537310
	.string "せっていを かえる$"
	.if (. - gText_Rom_537310) != 0xa
	.error "gText_Rom_537310 must retain its original byte length"
	.endif
	.globl gText_Rom_537316
	.set gText_Rom_537316, gText_Rom_537310 + 0x6

	@ asm/scanline_effect.s:2188 sub_080BA834 (+1 aliases)
	.globl gText_Rom_53731A
gText_Rom_53731A: @ 0x0853731A
	.string "はなしの　はやさ$"
	.if (. - gText_Rom_53731A) > 0x9
	.error "gText_Rom_53731A may not grow beyond its original slot"
	.endif
	.if (. - gText_Rom_53731A) < 0x9
	.space 0x9 - (. - gText_Rom_53731A)
	.endif

	@ asm/scanline_effect.s:2188 sub_080BA834
	.globl gText_Rom_537323
gText_Rom_537323: @ 0x08537323
	.string "せんとうエフェクト$"
	.if (. - gText_Rom_537323) > 0xa
	.error "gText_Rom_537323 may not grow beyond its original slot"
	.endif
	.if (. - gText_Rom_537323) < 0xa
	.space 0xa - (. - gText_Rom_537323)
	.endif

	@ asm/scanline_effect.s:2188 sub_080BA834 (+1 aliases)
	@ Preserve exact byte length: semantic suffix text pointer.
	.globl gText_Rom_53732D
gText_Rom_53732D: @ 0x0853732D
	.string "しあいの　ルール$"
	.if (. - gText_Rom_53732D) != 0x9
	.error "gText_Rom_53732D must retain its original byte length"
	.endif
	.globl gText_Rom_537332
	.set gText_Rom_537332, gText_Rom_53732D + 0x5

	@ asm/scanline_effect.s:2188 sub_080BA834 (+1 aliases)
	.globl gText_Rom_537336
gText_Rom_537336: @ 0x08537336
	.string "サウンド$"
	.if (. - gText_Rom_537336) > 0x5
	.error "gText_Rom_537336 may not grow beyond its original slot"
	.endif
	.if (. - gText_Rom_537336) < 0x5
	.space 0x5 - (. - gText_Rom_537336)
	.endif

	@ asm/scanline_effect.s:2188 sub_080BA834
	.globl gText_Rom_53733B
gText_Rom_53733B: @ 0x0853733B
	.string "ウインドウ$"
	.if (. - gText_Rom_53733B) > 0x6
	.error "gText_Rom_53733B may not grow beyond its original slot"
	.endif
	.if (. - gText_Rom_53733B) < 0x6
	.space 0x6 - (. - gText_Rom_53733B)
	.endif

	@ asm/scanline_effect.s:2188 sub_080BA834 (+2 aliases)
	.globl gText_Rom_537341
gText_Rom_537341: @ 0x08537341
	.string "おわる$"
	.if (. - gText_Rom_537341) > 0x4
	.error "gText_Rom_537341 may not grow beyond its original slot"
	.endif
	.if (. - gText_Rom_537341) < 0x4
	.space 0x4 - (. - gText_Rom_537341)
	.endif

	@ asm/scanline_effect.s:2188 sub_080BA834
	@ Preserve exact byte length: semantic suffix text pointer.
	.globl gText_Rom_537345
gText_Rom_537345: @ 0x08537345
	.string "ボタンの　モード$"
	.if (. - gText_Rom_537345) != 0x9
	.error "gText_Rom_537345 must retain its original byte length"
	.endif
	.globl gText_Rom_53734A
	.set gText_Rom_53734A, gText_Rom_537345 + 0x5
	.space 0x2, 0x00
	.globl gUnknown_8537350
gUnknown_8537350: @ 0x08537350
	.4byte gText_Rom_53731A
	.4byte gText_Rom_537323
	.4byte gText_Rom_53732D
	.4byte gText_Rom_537336
	.4byte gText_Rom_537345
	.4byte gText_Rom_53733B
	.4byte gText_Rom_537341
	.globl gUnknown_853736C
gUnknown_853736C: @ 0x0853736C

	@ src/option_menu.c:76 gText_TextSpeedSlow
	@ Preserve exact byte length: semantic suffix text pointer.
	.globl gText_Rom_53736C
gText_Rom_53736C: @ 0x0853736C
	.string "{COLOR GREEN}{SHADOW LIGHT_GREEN}おそい$"
	.if (. - gText_Rom_53736C) != 0xa
	.error "gText_Rom_53736C must retain its original byte length"
	.endif
	.globl gText_Rom_537372
	.set gText_Rom_537372, gText_Rom_53736C + 0x6
	.globl gUnknown_8537376
gUnknown_8537376: @ 0x08537376

	@ src/option_menu.c:77 gText_TextSpeedMid
	@ Preserve exact byte length: semantic suffix text pointer.
	.globl gText_Rom_537376
gText_Rom_537376: @ 0x08537376
	.string "{COLOR GREEN}{SHADOW LIGHT_GREEN}ふつう$"
	.if (. - gText_Rom_537376) != 0xa
	.error "gText_Rom_537376 must retain its original byte length"
	.endif
	.globl gText_Rom_53737C
	.set gText_Rom_53737C, gText_Rom_537376 + 0x6
	.globl gUnknown_8537380
gUnknown_8537380: @ 0x08537380

	@ src/option_menu.c:78 gText_TextSpeedFast
	@ Preserve exact byte length: semantic suffix text pointer.
	.globl gText_Rom_537380
gText_Rom_537380: @ 0x08537380
	.string "{COLOR GREEN}{SHADOW LIGHT_GREEN}はやい$"
	.if (. - gText_Rom_537380) != 0xa
	.error "gText_Rom_537380 must retain its original byte length"
	.endif
	.globl gText_Rom_537386
	.set gText_Rom_537386, gText_Rom_537380 + 0x6
	.globl gUnknown_853738A
gUnknown_853738A: @ 0x0853738A
	@ Replaced baserom.gba range: offset=0x53738A, size=0x9
	.byte 0xFC, 0x01, 0x06, 0xFC, 0x03, 0x07, 0x20, 0x29, 0xFF
	.globl gUnknown_8537393
gUnknown_8537393: @ 0x08537393
	@ Replaced baserom.gba range: offset=0x537393, size=0xA
	.byte 0xFC, 0x01, 0x06, 0xFC, 0x03, 0x07, 0x20, 0x15, 0x02, 0xFF
	.globl gUnknown_853739D
gUnknown_853739D: @ 0x0853739D

	@ src/option_menu.c:81 gText_BattleStyleShift
	@ Preserve exact byte length: semantic suffix text pointer.
	.globl gText_Rom_53739D
gText_Rom_53739D: @ 0x0853739D
	.string "{COLOR GREEN}{SHADOW LIGHT_GREEN}いれかえ$"
	.if (. - gText_Rom_53739D) != 0xb
	.error "gText_Rom_53739D must retain its original byte length"
	.endif
	.globl gText_Rom_5373A3
	.set gText_Rom_5373A3, gText_Rom_53739D + 0x6
	.globl gUnknown_85373A8
gUnknown_85373A8: @ 0x085373A8

	@ src/option_menu.c:82 gText_BattleStyleSet
	.globl gText_Rom_5373A8
gText_Rom_5373A8: @ 0x085373A8
	.string "{COLOR GREEN}{SHADOW LIGHT_GREEN}かちぬき$"
	.if (. - gText_Rom_5373A8) > 0xb
	.error "gText_Rom_5373A8 may not grow beyond its original slot"
	.endif
	.if (. - gText_Rom_5373A8) < 0xb
	.space 0xb - (. - gText_Rom_5373A8)
	.endif
	.globl gUnknown_85373B3
gUnknown_85373B3: @ 0x085373B3

	@ src/option_menu.c:83 gText_SoundMono
	.globl gText_Rom_5373B3
gText_Rom_5373B3: @ 0x085373B3
	.string "{COLOR GREEN}{SHADOW LIGHT_GREEN}モノラル$"
	.if (. - gText_Rom_5373B3) > 0xb
	.error "gText_Rom_5373B3 may not grow beyond its original slot"
	.endif
	.if (. - gText_Rom_5373B3) < 0xb
	.space 0xb - (. - gText_Rom_5373B3)
	.endif
	.globl gUnknown_85373BE
gUnknown_85373BE: @ 0x085373BE

	@ src/option_menu.c:84 gText_SoundStereo
	.globl gText_Rom_5373BE
gText_Rom_5373BE: @ 0x085373BE
	.string "{COLOR GREEN}{SHADOW LIGHT_GREEN}ステレオ$"
	.if (. - gText_Rom_5373BE) > 0xb
	.error "gText_Rom_5373BE may not grow beyond its original slot"
	.endif
	.if (. - gText_Rom_5373BE) < 0xb
	.space 0xb - (. - gText_Rom_5373BE)
	.endif
	.globl gUnknown_85373C9
gUnknown_85373C9: @ 0x085373C9

	@ src/option_menu.c:85 gText_FrameType
	@ Preserve exact byte length: semantic suffix text pointer.
	.globl gText_Rom_5373C9
gText_Rom_5373C9: @ 0x085373C9
	.string "{COLOR GREEN}{SHADOW LIGHT_GREEN}タイプ$"
	.if (. - gText_Rom_5373C9) != 0xa
	.error "gText_Rom_5373C9 must retain its original byte length"
	.endif
	.globl gText_Rom_5373CF
	.set gText_Rom_5373CF, gText_Rom_5373C9 + 0x6
	.globl gUnknown_85373D3
gUnknown_85373D3: @ 0x085373D3

	@ src/option_menu.c:86 gText_FrameTypeNumber
	.globl gText_Rom_5373D3
gText_Rom_5373D3: @ 0x085373D3
	.string "{COLOR GREEN}{SHADOW LIGHT_GREEN}$"
	.if (. - gText_Rom_5373D3) > 0x7
	.error "gText_Rom_5373D3 may not grow beyond its original slot"
	.endif
	.if (. - gText_Rom_5373D3) < 0x7
	.space 0x7 - (. - gText_Rom_5373D3)
	.endif
	.globl gUnknown_85373DA
gUnknown_85373DA: @ 0x085373DA

	@ src/option_menu.c:87 gText_ButtonTypeNormal
	@ Preserve exact byte length: semantic suffix text pointer.
	.globl gText_Rom_5373DA
gText_Rom_5373DA: @ 0x085373DA
	.string "{COLOR GREEN}{SHADOW LIGHT_GREEN}ノーマル$"
	.if (. - gText_Rom_5373DA) != 0xb
	.error "gText_Rom_5373DA must retain its original byte length"
	.endif
	.globl gText_Rom_5373E0
	.set gText_Rom_5373E0, gText_Rom_5373DA + 0x6
	.globl gUnknown_85373E5
gUnknown_85373E5: @ 0x085373E5

	@ src/option_menu.c:88 gText_ButtonTypeLR
	.globl gText_Rom_5373E5
gText_Rom_5373E5: @ 0x085373E5
	.string "{COLOR GREEN}{SHADOW LIGHT_GREEN}LR$"
	.if (. - gText_Rom_5373E5) > 0x9
	.error "gText_Rom_5373E5 may not grow beyond its original slot"
	.endif
	.if (. - gText_Rom_5373E5) < 0x9
	.space 0x9 - (. - gText_Rom_5373E5)
	.endif
	.globl gUnknown_85373EE
gUnknown_85373EE: @ 0x085373EE
	@ Replaced baserom.gba range: offset=0x5373EE, size=0xE
	.byte 0xFC, 0x01, 0x06, 0xFC, 0x03, 0x07, 0xC6, 0xF9, 0xDE, 0xBB, 0xFF, 0x00, 0x00, 0x00
	.globl gUnknown_85373FC
gUnknown_85373FC: @ 0x085373FC
	@ Replaced baserom.gba range: offset=0x5373FC, size=0x18
	.byte 0x01, 0x02, 0x01, 0x1A, 0x02, 0x01, 0x02, 0x00, 0x00, 0x02, 0x05, 0x1A, 0x0E, 0x01, 0x36, 0x00
	.byte 0xFF, 0x00, 0x00, 0x00, 0x00, 0x00, 0x00, 0x00
	.globl gUnknown_8537414
gUnknown_8537414: @ 0x08537414
	@ Replaced baserom.gba range: offset=0x537414, size=0x8
	.byte 0xE5, 0x01, 0x00, 0x00, 0xF4, 0x11, 0x00, 0x00
	.globl gUnknown_853741C
gUnknown_853741C: @ 0x0853741C
	@ Replaced baserom.gba range: offset=0x53741C, size=0x6
	.byte 0x51, 0x7E, 0x00, 0x00, 0x0F, 0x02
	.globl gUnknown_8537422
gUnknown_8537422: @ 0x08537422
	@ Replaced baserom.gba range: offset=0x537422, size=0x60
	.byte 0xFF, 0x7F, 0x7B, 0x6F, 0xF7, 0x5E, 0x94, 0x52, 0x8C, 0x39, 0xE5, 0x20, 0xE5, 0x34, 0x00, 0x14
	.byte 0xFF, 0x7F, 0xDD, 0x1F, 0x1F, 0x5C, 0x46, 0x27, 0x03, 0x12, 0x77, 0x2E, 0x00, 0x00, 0x0F, 0x02
	.byte 0xFF, 0x7F, 0x98, 0x10, 0xF7, 0x5E, 0x94, 0x52, 0x8C, 0x39, 0xE5, 0x20, 0xE5, 0x34, 0x00, 0x14
	.byte 0xFF, 0x7F, 0xDD, 0x1F, 0x1F, 0x5C, 0x46, 0x27, 0x03, 0x12, 0x77, 0x2E, 0x00, 0x00, 0x0F, 0x02
	.byte 0xFF, 0x7F, 0x98, 0x10, 0xF7, 0x5E, 0x94, 0x52, 0x8C, 0x39, 0xE5, 0x20, 0xE5, 0x34, 0x00, 0x14
	.byte 0xFF, 0x7F, 0xDD, 0x1F, 0x1F, 0x5C, 0x36, 0x7B, 0x26, 0x7E, 0x77, 0x2E, 0x00, 0x00, 0x0F, 0x02
	.globl gUnknown_8537482
gUnknown_8537482: @ 0x08537482
	@ Replaced baserom.gba range: offset=0x537482, size=0x60
	.byte 0xFF, 0x7F, 0xBF, 0x03, 0xFF, 0x02, 0xDF, 0x01, 0x8C, 0x39, 0xE5, 0x20, 0xE5, 0x34, 0x00, 0x14
	.byte 0xFF, 0x7F, 0xDD, 0x1F, 0x1F, 0x5C, 0x46, 0x27, 0x03, 0x12, 0x77, 0x2E, 0x00, 0x00, 0x0F, 0x02
	.byte 0xFF, 0x7F, 0x98, 0x10, 0xF7, 0x5E, 0x94, 0x52, 0x8C, 0x39, 0xE5, 0x20, 0xE5, 0x34, 0x00, 0x14
	.byte 0xFF, 0x7F, 0xDD, 0x1F, 0x17, 0x00, 0x49, 0x5A, 0x61, 0x41, 0x77, 0x2E, 0x00, 0x00, 0x0F, 0x02
	.byte 0xFF, 0x7F, 0x98, 0x10, 0xF7, 0x5E, 0x94, 0x52, 0x8C, 0x39, 0xE5, 0x20, 0xE5, 0x34, 0x00, 0x14
	.byte 0xFF, 0x7F, 0xDD, 0x1F, 0x1F, 0x5C, 0x36, 0x7B, 0x26, 0x7E, 0x77, 0x2E, 0x00, 0x00, 0x0F, 0x02
	.globl gUnknown_85374E2
gUnknown_85374E2: @ 0x085374E2
	@ Replaced baserom.gba range: offset=0x5374E2, size=0xC0
	.byte 0xFF, 0x7F, 0x7B, 0x6F, 0xF7, 0x5E, 0x94, 0x52, 0x8C, 0x39, 0xE5, 0x20, 0x8C, 0x39, 0xC6, 0x20
	.byte 0xFF, 0x7F, 0xDD, 0x1F, 0x1F, 0x5C, 0x4F, 0x12, 0x45, 0x01, 0x77, 0x2E, 0x00, 0x00, 0x0F, 0x02
	.byte 0xFF, 0x7F, 0x98, 0x10, 0xF7, 0x5E, 0x94, 0x52, 0x8C, 0x39, 0xE5, 0x20, 0x8C, 0x39, 0xC6, 0x20
	.byte 0xFF, 0x7F, 0xDD, 0x1F, 0x1F, 0x5C, 0x4F, 0x12, 0x45, 0x01, 0x77, 0x2E, 0x00, 0x00, 0x0F, 0x02
	.byte 0xFF, 0x7F, 0x98, 0x10, 0xF7, 0x5E, 0x94, 0x52, 0x8C, 0x39, 0xE5, 0x20, 0x8C, 0x39, 0xC6, 0x20
	.byte 0xFF, 0x7F, 0xDD, 0x1F, 0x1F, 0x5C, 0x36, 0x7B, 0x26, 0x7E, 0x77, 0x2E, 0x00, 0x00, 0x0F, 0x02
	.byte 0xFF, 0x7F, 0xBF, 0x03, 0xFF, 0x02, 0xDF, 0x01, 0x8C, 0x39, 0xE5, 0x20, 0x8C, 0x39, 0xC6, 0x20
	.byte 0xFF, 0x7F, 0xDD, 0x1F, 0x1F, 0x5C, 0x4F, 0x12, 0x45, 0x01, 0x77, 0x2E, 0x00, 0x00, 0x0F, 0x02
	.byte 0xFF, 0x7F, 0x98, 0x10, 0xF7, 0x5E, 0x94, 0x52, 0x8C, 0x39, 0xE5, 0x20, 0x8C, 0x39, 0xC6, 0x20
	.byte 0xFF, 0x7F, 0xDD, 0x1F, 0x16, 0x00, 0x49, 0x5A, 0x61, 0x41, 0x77, 0x2E, 0x00, 0x00, 0x0F, 0x02
	.byte 0xFF, 0x7F, 0x98, 0x10, 0xF7, 0x5E, 0x94, 0x52, 0x8C, 0x39, 0xE5, 0x20, 0x8C, 0x39, 0xC6, 0x20
	.byte 0xFF, 0x7F, 0xDD, 0x1F, 0x16, 0x00, 0x36, 0x7B, 0x26, 0x7E, 0x77, 0x2E, 0x00, 0x00, 0x0F, 0x02
	.globl gUnknown_85375A2
gUnknown_85375A2: @ 0x085375A2
	@ Replaced baserom.gba range: offset=0x5375A2, size=0xBE
	.byte 0xFF, 0x7F, 0x7B, 0x6F, 0xF7, 0x5E, 0x94, 0x52, 0x8C, 0x39, 0xE5, 0x20, 0x94, 0x52, 0xE5, 0x20
	.byte 0xFF, 0x7F, 0xDD, 0x1F, 0x1F, 0x5C, 0x8F, 0x3A, 0xC9, 0x21, 0x77, 0x2E, 0x00, 0x00, 0x0F, 0x02
	.byte 0xFF, 0x7F, 0x98, 0x10, 0xF7, 0x5E, 0x94, 0x52, 0x8C, 0x39, 0xE5, 0x20, 0x94, 0x52, 0xE5, 0x20
	.byte 0xFF, 0x7F, 0xDD, 0x1F, 0x1F, 0x5C, 0x8F, 0x3A, 0xC9, 0x21, 0x77, 0x2E, 0x00, 0x00, 0x0F, 0x02
	.byte 0xFF, 0x7F, 0x98, 0x10, 0xF7, 0x5E, 0x94, 0x52, 0x8C, 0x39, 0xE5, 0x20, 0x94, 0x52, 0xE5, 0x20
	.byte 0xFF, 0x7F, 0xDD, 0x1F, 0x1F, 0x5C, 0x36, 0x7B, 0x26, 0x7E, 0x77, 0x2E, 0x00, 0x00, 0x0F, 0x02
	.byte 0xFF, 0x7F, 0xBF, 0x03, 0xFF, 0x02, 0xDF, 0x01, 0x8C, 0x39, 0xE5, 0x20, 0x94, 0x52, 0xE5, 0x20
	.byte 0xFF, 0x7F, 0xDD, 0x1F, 0x1F, 0x5C, 0x8F, 0x3A, 0xC9, 0x21, 0x77, 0x2E, 0x00, 0x00, 0x0F, 0x02
	.byte 0xFF, 0x7F, 0x98, 0x10, 0xF7, 0x5E, 0x94, 0x52, 0x8C, 0x39, 0xE5, 0x20, 0x94, 0x52, 0xE5, 0x20
	.byte 0xFF, 0x7F, 0xDD, 0x1F, 0x17, 0x00, 0x49, 0x5A, 0x61, 0x41, 0x77, 0x2E, 0x00, 0x00, 0x0F, 0x02
	.byte 0xFF, 0x7F, 0x98, 0x10, 0xF7, 0x5E, 0x94, 0x52, 0x8C, 0x39, 0xE5, 0x20, 0x94, 0x52, 0xE5, 0x20
	.byte 0xFF, 0x7F, 0xDD, 0x1F, 0x1F, 0x5C, 0x36, 0x7B, 0x26, 0x7E, 0x77, 0x2E, 0x00, 0x00
	.globl gUnknown_8537660
gUnknown_8537660: @ 0x08537660
	@ Replaced baserom.gba range: offset=0x537660, size=0xD0
	.byte 0x10, 0x00, 0x03, 0x00, 0x31, 0x00, 0x00, 0xF0, 0x01, 0x90, 0x01, 0xB4, 0x20, 0xAA, 0xF0, 0x01
	.byte 0x98, 0x20, 0x01, 0xB4, 0x24, 0xF0, 0x2D, 0xF0, 0x01, 0xBA, 0x20, 0xB5, 0x80, 0x00, 0x01, 0xE0
	.byte 0x20, 0xE1, 0x20, 0xE2, 0x20, 0xC0, 0x82, 0x00, 0x09, 0xE6, 0x20, 0xE7, 0x20, 0xE8, 0x20, 0x13
	.byte 0xBA, 0xE0, 0xF0, 0x3F, 0xF0, 0x01, 0x40, 0x3F, 0xF0, 0x20, 0xF1, 0x20, 0xF2, 0x20, 0x20, 0xD0
	.byte 0x00, 0x09, 0xF6, 0x20, 0xF7, 0x20, 0xF8, 0xE4, 0xF0, 0x3F, 0xF0, 0x01, 0xF0, 0x7F, 0x20, 0xC1
	.byte 0x00, 0x09, 0xA8, 0x20, 0x07, 0xC6, 0x20, 0xA9, 0x20, 0xCB, 0xF0, 0x3F, 0xF0, 0x01, 0xE0, 0x7F
	.byte 0x40, 0xD1, 0x00, 0x09, 0xB8, 0x20, 0xD6, 0x20, 0xB9, 0x20, 0x78, 0xDB, 0xF0, 0x3F, 0xF0, 0x01
	.byte 0xF0, 0x7F, 0x00, 0x09, 0xC8, 0x20, 0xC9, 0x3C, 0x20, 0xCA, 0xF0, 0x7F, 0xF0, 0x01, 0xF0, 0x7F
	.byte 0x20, 0x7F, 0xD8, 0x20, 0x1C, 0xD9, 0x20, 0xDA, 0xF0, 0x7F, 0xF0, 0x01, 0xA0, 0x3F, 0xE3, 0x20
	.byte 0x05, 0xE4, 0x20, 0xE5, 0x20, 0xE9, 0x00, 0x09, 0xC5, 0x00, 0xFF, 0xE0, 0xF1, 0x7F, 0xF0, 0x01
	.byte 0xB0, 0x3F, 0xF3, 0x20, 0xF4, 0x20, 0xF5, 0x2F, 0x20, 0xF9, 0x00, 0x09, 0xD5, 0x00, 0xFF, 0xF1
	.byte 0x7F, 0xF0, 0x01, 0x62, 0x3F, 0x33, 0x28, 0xAA, 0xF0, 0x01, 0x20, 0x01, 0xB4, 0x2C, 0xF0, 0x2D
	.byte 0xF0, 0x01, 0xFC, 0xF0, 0x01, 0xF0, 0x01, 0xF0, 0x01, 0xF0, 0x01, 0xF0, 0x01, 0x30, 0x01, 0x00
	.globl gUnknown_8537730
gUnknown_8537730: @ 0x08537730
	@ Replaced baserom.gba range: offset=0x537730, size=0xD4
	.byte 0x10, 0x00, 0x03, 0x00, 0x31, 0x00, 0x00, 0xF0, 0x01, 0x90, 0x01, 0xB4, 0x20, 0xAA, 0xF0, 0x01
	.byte 0x98, 0x20, 0x01, 0xB4, 0x24, 0xF0, 0x2D, 0xF0, 0x01, 0xBA, 0x20, 0xB5, 0x80, 0x00, 0x01, 0xE0
	.byte 0x20, 0xE1, 0x20, 0xE2, 0x20, 0xC0, 0x82, 0x00, 0x09, 0xE6, 0x20, 0xE7, 0x20, 0xE8, 0x20, 0x13
	.byte 0xBA, 0xE0, 0xF0, 0x3F, 0xF0, 0x01, 0x40, 0x3F, 0xF0, 0x20, 0xF1, 0x20, 0xF2, 0x20, 0x20, 0xD0
	.byte 0x00, 0x09, 0xF6, 0x20, 0xF7, 0x20, 0xF8, 0xE4, 0xF0, 0x3F, 0xF0, 0x01, 0xF0, 0x7F, 0x20, 0xC1
	.byte 0x00, 0x09, 0xA8, 0x20, 0x07, 0xC6, 0x20, 0xA9, 0x20, 0xCB, 0xF0, 0x3F, 0xF0, 0x01, 0xE0, 0x7F
	.byte 0x40, 0xD1, 0x00, 0x09, 0xB8, 0x20, 0xD6, 0x20, 0xB9, 0x20, 0x78, 0xDB, 0xF0, 0x3F, 0xF0, 0x01
	.byte 0xF0, 0x7F, 0x00, 0x09, 0xC8, 0x20, 0xC9, 0x3C, 0x20, 0xCA, 0xF0, 0x7F, 0xF0, 0x01, 0xF0, 0x7F
	.byte 0x20, 0x7F, 0xD8, 0x20, 0x1C, 0xD9, 0x20, 0xDA, 0xF0, 0x7F, 0xF0, 0x01, 0xA0, 0x3F, 0xE3, 0x20
	.byte 0x1E, 0xE4, 0x20, 0xE5, 0xF1, 0x7F, 0xF0, 0x2E, 0xF0, 0x3F, 0x20, 0x2B, 0xF3, 0x0F, 0x20, 0xF4
	.byte 0x20, 0xF5, 0xF1, 0x7F, 0xF0, 0x2E, 0xF0, 0x3F, 0x80, 0x7F, 0x5E, 0xE9, 0x00, 0x09, 0xC5, 0x01
	.byte 0x7F, 0xF0, 0x7F, 0xF0, 0x01, 0xF0, 0x7F, 0xF5, 0x2F, 0x20, 0xF9, 0x00, 0x09, 0xD5, 0x01, 0x7F
	.byte 0xF0, 0x7F, 0xF0, 0x01, 0x62, 0xBF, 0x32, 0x28, 0xAA, 0xF0, 0x01, 0x20, 0x01, 0xB4, 0x2C, 0x10
	.byte 0x1F, 0x00, 0x00, 0x00
	.globl gUnknown_8537804
gUnknown_8537804: @ 0x08537804
	@ Replaced baserom.gba range: offset=0x537804, size=0x150
	.byte 0x10, 0x00, 0x05, 0x00, 0x3D, 0x01, 0x00, 0xF0, 0x01, 0xF0, 0x01, 0xF0, 0x01, 0x10, 0x01, 0x00
	.byte 0x00, 0x01, 0x00, 0x01, 0x00, 0x10, 0x00, 0x11, 0x00, 0x12, 0x00, 0x00, 0x13, 0x00, 0x14, 0x00
	.byte 0x15, 0x00, 0x16, 0x00, 0x00, 0x17, 0x00, 0x18, 0x00, 0x19, 0x00, 0x1A, 0x00, 0x00, 0x1B, 0x00
	.byte 0x1C, 0x00, 0x1D, 0x00, 0x1E, 0x00, 0x06, 0x0B, 0x0C, 0x0D, 0x08, 0x0D, 0x10, 0x03, 0xE0, 0x01
	.byte 0x0B, 0x62, 0x08, 0x30, 0x3F, 0x90, 0x01, 0xB2, 0x00, 0xB0, 0xC0, 0x01, 0xB3, 0xC4, 0x20, 0x65
	.byte 0xF0, 0x01, 0x09, 0x00, 0x0A, 0x20, 0x07, 0x86, 0x00, 0x05, 0x66, 0x00, 0x67, 0x00, 0x68, 0x40
	.byte 0x3F, 0xB1, 0xE0, 0x27, 0x68, 0x0C, 0xF0, 0x3A, 0xA0, 0x3F, 0x06, 0x20, 0x01, 0x78, 0x00, 0x79
	.byte 0xF0, 0xF0, 0x3F, 0xF0, 0x3F, 0xF0, 0x3F, 0x40, 0x3F, 0x06, 0x00, 0x89, 0x00, 0x74, 0x8A, 0xF0
	.byte 0x3F, 0xF0, 0x3F, 0xE0, 0x3F, 0x95, 0x60, 0x41, 0x9A, 0x00, 0x70, 0x9B, 0xF0, 0x3F, 0xF0, 0x3F
	.byte 0xC0, 0x3F, 0xA5, 0x00, 0xA6, 0x00, 0x5C, 0xA7, 0x40, 0x41, 0xAB, 0xF0, 0x3F, 0xF0, 0x3F, 0xE0
	.byte 0xBF, 0xB6, 0x00, 0x5C, 0xB7, 0x40, 0x3F, 0xBB, 0xF0, 0x3F, 0xF0, 0x3F, 0xF0, 0xFF, 0x00, 0xC7
	.byte 0x29, 0x00, 0xD7, 0x20, 0x07, 0x96, 0xF0, 0x3F, 0x00, 0x04, 0xF0, 0x3A, 0x81, 0xB0, 0x3F, 0x08
	.byte 0x06, 0x08, 0xC7, 0x08, 0xD7, 0x00, 0x05, 0x0B, 0x06, 0x08, 0x96, 0x08, 0xF0, 0x3F, 0x04, 0x22
	.byte 0x25, 0xF0, 0x01, 0x88, 0x70, 0x3F, 0xB6, 0x08, 0xB7, 0x20, 0x3D, 0x06, 0x08, 0xBB, 0xE1, 0xF0
	.byte 0x3F, 0xF0, 0xBF, 0xD1, 0x3F, 0x08, 0xA6, 0x08, 0xA7, 0x40, 0x3F, 0x78, 0xAB, 0xF0, 0x3F, 0xF0
	.byte 0x3F, 0xD1, 0xBF, 0x40, 0x3B, 0x06, 0x08, 0x9A, 0x3C, 0x08, 0x9B, 0xF0, 0x3F, 0xF0, 0x3F, 0xF0
	.byte 0xFF, 0x20, 0x01, 0x89, 0x08, 0x1E, 0x8A, 0x08, 0x01, 0xF0, 0x3F, 0xF0, 0x3F, 0xF0, 0x3F, 0x00
	.byte 0x01, 0x78, 0x3C, 0x08, 0x79, 0x00, 0x3D, 0xF0, 0x3F, 0xF0, 0x3F, 0xE3, 0x3F, 0x08, 0x66, 0x0F
	.byte 0x08, 0x67, 0x08, 0x68, 0x20, 0x3D, 0xF0, 0x3F, 0xF0, 0x3F, 0xD0, 0x3F, 0x97, 0xC3, 0xBF, 0x08
	.byte 0xB0, 0xC0, 0x01, 0xB3, 0xF1, 0xBF, 0xF0, 0x3F, 0xF0, 0x01, 0x86, 0x60, 0x01, 0x0B, 0x04, 0x0D
	.byte 0x00, 0xF0, 0x01, 0x10, 0x01, 0x0B, 0xF0, 0xF0, 0x3F, 0xF0, 0x01, 0xF0, 0x01, 0xC4, 0xBF, 0x00
	.globl gUnknown_8537954
gUnknown_8537954: @ 0x08537954
	@ Replaced baserom.gba range: offset=0x537954, size=0xBC
	.byte 0x10, 0x00, 0x05, 0x00, 0x2B, 0x01, 0x00, 0xB0, 0x01, 0x69, 0xC0, 0x01, 0x03, 0xF0, 0x01, 0x60
	.byte 0x01, 0x7F, 0x00, 0x00, 0x01, 0xF0, 0x3F, 0xF0, 0x3F, 0xF0, 0x01, 0xF0, 0x3F, 0xF0, 0x3F, 0xF0
	.byte 0x3F, 0xDE, 0xF0, 0x3F, 0xF0, 0x3F, 0x77, 0xC0, 0x01, 0xF0, 0x35, 0xF0, 0x3F, 0x90, 0x01, 0x87
	.byte 0xF7, 0xC0, 0x01, 0xF0, 0x35, 0xF0, 0x3F, 0x90, 0x01, 0x97, 0xC0, 0x01, 0xF0, 0x35, 0xF0, 0x3F
	.byte 0xBF, 0x90, 0x01, 0x02, 0xC0, 0x01, 0xF0, 0x35, 0xF0, 0x3F, 0xF0, 0x3F, 0xF0, 0x3F, 0xF0, 0x01
	.byte 0xFD, 0xF0, 0x3F, 0xF0, 0x3F, 0xF0, 0x3F, 0xF0, 0x3F, 0xF0, 0x3F, 0xB0, 0x3F, 0x6C, 0xE0, 0x13
	.byte 0x1D, 0x02, 0x00, 0x6D, 0xF0, 0x3F, 0xF0, 0x3F, 0x50, 0x3F, 0x08, 0xF0, 0x3F, 0x3F, 0x6D, 0x08
	.byte 0xF0, 0x3F, 0xF0, 0x3F, 0xF0, 0xBF, 0xF0, 0xBF, 0xF0, 0x3F, 0xF0, 0x3F, 0xFC, 0xF0, 0x01, 0xF0
	.byte 0x3F, 0xF0, 0x3F, 0xF0, 0x3F, 0xF0, 0x3F, 0xF0, 0x3F, 0x97, 0x08, 0xF7, 0xB0, 0x01, 0xF0, 0x35
	.byte 0xF0, 0x3F, 0xA2, 0xBF, 0x08, 0xB0, 0x01, 0xF0, 0x35, 0xF0, 0x3F, 0xBF, 0xA3, 0x3F, 0x08, 0xB0
	.byte 0x01, 0xF0, 0x35, 0xF0, 0x3F, 0xF3, 0xBF, 0xF3, 0xBF, 0xF0, 0x01, 0xFF, 0xF0, 0x3F, 0xF0, 0x3F
	.byte 0xF0, 0x3F, 0xF0, 0x3F, 0xF0, 0x3F, 0xF0, 0x3F, 0xF0, 0x01, 0x50, 0x3F
	.globl gUnknown_8537A10
gUnknown_8537A10: @ 0x08537A10
	@ Replaced baserom.gba range: offset=0x537A10, size=0x134
	.byte 0x10, 0x00, 0x05, 0x00, 0x07, 0xEB, 0x30, 0xEC, 0x30, 0xDC, 0xF0, 0x01, 0xF0, 0x01, 0xC0, 0x01
	.byte 0x00, 0xEC, 0x34, 0xEB, 0x34, 0x00, 0x00, 0x00, 0x00, 0x07, 0xEB, 0x38, 0xEC, 0x38, 0xDC, 0xF0
	.byte 0x01, 0xF0, 0x01, 0xC0, 0x01, 0x08, 0xEC, 0x3C, 0xEB, 0x3C, 0x10, 0x3F, 0x01, 0x00, 0x2B, 0x1C
	.byte 0x0C, 0x2A, 0x08, 0xF0, 0x01, 0xF0, 0x01, 0xB0, 0x01, 0x2B, 0x08, 0x60, 0x01, 0x10, 0x3E, 0x00
	.byte 0x3F, 0x29, 0x04, 0xBF, 0x00, 0x6B, 0xB0, 0xE0, 0x01, 0x1F, 0xF0, 0x13, 0x00, 0x01, 0xBF, 0x04
	.byte 0x8D, 0x08, 0xB8, 0x30, 0x01, 0x29, 0x00, 0x39, 0x50, 0x3F, 0xF0, 0x27, 0x6B, 0x00, 0x2F, 0xFF
	.byte 0xF0, 0x13, 0x20, 0x01, 0xF0, 0x3F, 0xF0, 0x3F, 0xF0, 0x01, 0xF0, 0x3F, 0xF0, 0x3F, 0xF0, 0x01
	.byte 0x9C, 0xF0, 0x01, 0xBF, 0x0C, 0xF0, 0x3F, 0xF0, 0x3F, 0x00, 0x65, 0x0C, 0x50, 0x01, 0x10, 0x51
	.byte 0x10, 0x52, 0x10, 0x8D, 0x0C, 0xC0, 0x01, 0x8E, 0x00, 0x39, 0xDE, 0x00, 0xDE, 0x01, 0x05, 0xF0
	.byte 0x3F, 0xB0, 0x3F, 0x53, 0x02, 0x10, 0x54, 0x10, 0x55, 0x10, 0x27, 0xC0, 0x01, 0x8D, 0x26, 0x08
	.byte 0xDD, 0x20, 0x1F, 0xDD, 0x04, 0xF0, 0x3F, 0xB0, 0x3F, 0x56, 0x30, 0x10, 0x57, 0xF0, 0x7F, 0x00
	.byte 0x7F, 0xDD, 0x08, 0x6B, 0x08, 0x96, 0x00, 0x3F, 0x0C, 0x72, 0x80, 0x3F, 0xBF, 0x00, 0x11, 0xC0
	.byte 0xE5, 0x0C, 0x18, 0x58, 0x10, 0x59, 0xF0, 0x7F, 0x00, 0x7F, 0x8D, 0x00, 0xDE, 0x02, 0x08, 0xDE
	.byte 0x0C, 0x81, 0x00, 0x82, 0x60, 0x3F, 0x2B, 0x1C, 0x04, 0x2A, 0x00, 0xF0, 0x01, 0xF0, 0x01, 0x70
	.byte 0x01, 0x90, 0x00, 0x1F, 0x91, 0x00, 0x92, 0x40, 0x3F, 0xF2, 0xFF, 0xF0, 0x01, 0xF0, 0x01, 0x72
	.byte 0xFF, 0x03, 0xFB, 0x30, 0xED, 0x30, 0x8D, 0x38, 0xF0, 0x01, 0xF0, 0x01, 0x8F, 0xB0, 0x01, 0xED
	.byte 0x34, 0xFB, 0xF0, 0x3F, 0xF0, 0x01, 0xF0, 0x01, 0xF0, 0x3F, 0xFF, 0xF0, 0x3F, 0xF0, 0x01, 0xF0
	.byte 0x3F, 0xF0, 0x3F, 0xF0, 0x01, 0xF0, 0x01, 0xF0, 0x3F, 0xF0, 0x3F, 0xFF, 0xF0, 0x01, 0xF0, 0x01
	.byte 0xF0, 0x3F, 0xF0, 0x01, 0xF0, 0x01, 0xF0, 0x3F, 0xF4, 0x7F, 0xF0, 0x01, 0xC0, 0xF0, 0x01, 0x84
	.byte 0x7F, 0x00, 0x00, 0x00
	.globl gUnknown_8537B44
gUnknown_8537B44: @ 0x08537B44
	@ Replaced baserom.gba range: offset=0x537B44, size=0xEC
	.byte 0x10, 0x00, 0x05, 0x00, 0x3C, 0x01, 0x10, 0xF0, 0x01, 0xF0, 0x01, 0xF0, 0x01, 0x10, 0x01, 0x00
	.byte 0x00, 0x3C, 0x00, 0x00, 0xF0, 0x15, 0xF0, 0x01, 0xF0, 0x01, 0x90, 0x3F, 0x2B, 0x0C, 0x39, 0x2A
	.byte 0x08, 0xF0, 0x01, 0xF0, 0x01, 0xB0, 0x01, 0x2B, 0x08, 0x50, 0x3F, 0x04, 0x29, 0x04, 0xBF, 0x00
	.byte 0x6B, 0x80, 0x01, 0xBF, 0x04, 0x25, 0x02, 0x00, 0x80, 0x01, 0x04, 0x02, 0x10, 0x1F, 0x04, 0xB0
	.byte 0x01, 0x1F, 0xBF, 0x04, 0x29, 0x00, 0x39, 0x50, 0x3F, 0x90, 0x3D, 0x10, 0x01, 0xD0, 0x3F, 0x0B
	.byte 0x6B, 0x04, 0x06, 0x00, 0xB0, 0x01, 0x6B, 0xF0, 0x3F, 0xF0, 0x3F, 0xFF, 0xF0, 0x3F, 0xF0, 0x3F
	.byte 0xF0, 0x3F, 0xF0, 0x3F, 0xF0, 0x3F, 0xF0, 0x3F, 0xF0, 0x3F, 0xF0, 0x3F, 0xFC, 0xF0, 0x3F, 0xF0
	.byte 0x3F, 0xF0, 0x3F, 0xF0, 0x3F, 0xF0, 0x3F, 0xE0, 0x3F, 0xC2, 0x10, 0x00, 0xC3, 0x10, 0xC4, 0x10
	.byte 0xEA, 0x50, 0xEF, 0x50, 0x38, 0xFC, 0x50, 0xF0, 0x3F, 0xF0, 0x3F, 0xD0, 0x3F, 0xD2, 0x10, 0xD3
	.byte 0x00, 0x10, 0xD4, 0x10, 0xFA, 0x50, 0xFE, 0x50, 0xFD, 0xE1, 0x20, 0x3F, 0xF0, 0x01, 0x70, 0x3F
	.byte 0x2B, 0x04, 0x2A, 0x00, 0xF0, 0x01, 0xDF, 0xF0, 0x01, 0xB0, 0x01, 0x2B, 0x40, 0x3F, 0xF0, 0x01
	.byte 0xF0, 0x01, 0xF0, 0x01, 0xF0, 0x01, 0xFF, 0xF0, 0x01, 0xF0, 0x01, 0xF0, 0x01, 0xF0, 0x01, 0xF0
	.byte 0x01, 0xF0, 0x01, 0xF0, 0x01, 0xF0, 0x01, 0xFF, 0xF0, 0x01, 0xF0, 0x01, 0xF0, 0x01, 0xF0, 0x01
	.byte 0xF0, 0x01, 0xF0, 0x01, 0xF0, 0x01, 0xF0, 0x01, 0xFF, 0xF0, 0x01, 0xF0, 0x01, 0xF0, 0x01, 0xF0
	.byte 0x01, 0xD0, 0x01, 0xF4, 0x55, 0xF0, 0x01, 0xF0, 0x01, 0x80, 0x74, 0x7F
	.globl gUnknown_8537C30
gUnknown_8537C30: @ 0x08537C30
	@ Replaced baserom.gba range: offset=0x537C30, size=0xF4
	.byte 0x10, 0x00, 0x05, 0x00, 0x3C, 0x01, 0x10, 0xF0, 0x01, 0xF0, 0x01, 0xF0, 0x01, 0x10, 0x01, 0x00
	.byte 0x00, 0x3C, 0x00, 0x00, 0xF0, 0x15, 0xF0, 0x01, 0xF0, 0x01, 0x90, 0x3F, 0x2B, 0x0C, 0x39, 0x2A
	.byte 0x08, 0xF0, 0x01, 0xF0, 0x01, 0xB0, 0x01, 0x2B, 0x08, 0x50, 0x3F, 0x08, 0x29, 0x04, 0x02, 0x00
	.byte 0x30, 0x01, 0xBF, 0x00, 0x6B, 0x07, 0x00, 0x6B, 0x0C, 0x6B, 0x08, 0x00, 0x05, 0xF0, 0x01, 0x10
	.byte 0x01, 0x2F, 0x04, 0xBF, 0x60, 0x2B, 0x29, 0x00, 0x39, 0xD0, 0x3F, 0xF0, 0x31, 0xB0, 0x3D, 0xFF
	.byte 0x10, 0x01, 0xF0, 0x3F, 0xF0, 0x3F, 0xF0, 0x01, 0xF0, 0x3F, 0xF0, 0x3F, 0xF0, 0x3F, 0xF0, 0x3F
	.byte 0xFF, 0xF0, 0x3F, 0xF0, 0x3F, 0xF0, 0x01, 0xF0, 0x3F, 0xF0, 0x3F, 0xF0, 0x3F, 0xF0, 0x3F, 0xF0
	.byte 0x3F, 0xFE, 0xF0, 0x3F, 0xF0, 0x01, 0xF0, 0x3F, 0xF0, 0x3F, 0x41, 0xBF, 0xF1, 0xB9, 0xC0, 0x3F
	.byte 0xBF, 0x43, 0x0C, 0xF0, 0x3F, 0x2B, 0x04, 0x2A, 0x00, 0xF0, 0x01, 0xF0, 0x01, 0xAF, 0xB0, 0x01
	.byte 0x2B, 0x40, 0x3F, 0x06, 0xF0, 0x01, 0xF0, 0x01, 0xF0, 0x01, 0x20, 0x01, 0xF0, 0xF0, 0x3F, 0xF0
	.byte 0x01, 0xF0, 0x01, 0xD0, 0x3F, 0xEB, 0x00, 0xEC, 0x00, 0x70, 0xDC, 0xF0, 0x01, 0xF0, 0x01, 0x80
	.byte 0x01, 0xEC, 0x04, 0xEB, 0x04, 0x8F, 0x50, 0x3F, 0xFB, 0x00, 0xED, 0x41, 0x13, 0xF0, 0x01, 0xF0
	.byte 0x01, 0x30, 0x01, 0x1E, 0xED, 0x04, 0xFB, 0xF0, 0x3F, 0xF0, 0x01, 0xF0, 0x01, 0xF0, 0x3F, 0x00
	.byte 0x07, 0xEB, 0x08, 0xEC, 0x08, 0xDC, 0xF0, 0x01, 0xF0, 0x01, 0x80, 0x01, 0x0F, 0xEC, 0x0C, 0xEB
	.byte 0x0C, 0xF1, 0x3F, 0xF0, 0x01, 0xF0, 0x01, 0xF1, 0x3F, 0xF0, 0xF0, 0x01, 0xF0, 0x01, 0xF0, 0x01
	.byte 0x50, 0x3F, 0x00, 0x00
	.globl gUnknown_8537D24
gUnknown_8537D24: @ 0x08537D24
	@ Replaced baserom.gba range: offset=0x537D24, size=0x90
	.byte 0x10, 0xC0, 0x00, 0x00, 0x00, 0x3F, 0x20, 0x30, 0x20, 0x31, 0x20, 0x32, 0x20, 0x10, 0x33, 0x20
	.byte 0x34, 0x00, 0x07, 0x30, 0x24, 0x30, 0x20, 0x00, 0x3A, 0x20, 0x3B, 0x20, 0x3C, 0x20, 0x3D, 0x20
	.byte 0x40, 0x3E, 0x20, 0x0D, 0x35, 0x20, 0x36, 0x20, 0x37, 0x20, 0x10, 0x38, 0x20, 0x39, 0x00, 0x0D
	.byte 0x5A, 0x20, 0x5E, 0x20, 0x04, 0x5B, 0x20, 0x5C, 0x20, 0x5D, 0x00, 0x07, 0x5A, 0x24, 0x00, 0x3F
	.byte 0x20, 0x00, 0x00, 0x00, 0x00, 0x3F, 0x20, 0x00, 0x40, 0x20, 0x41, 0x20, 0x42, 0x20, 0x43, 0x20
	.byte 0x40, 0x44, 0x00, 0x07, 0x40, 0x24, 0x40, 0x20, 0x4A, 0x20, 0x01, 0x4B, 0x20, 0x4C, 0x20, 0x4D
	.byte 0x20, 0x4E, 0x20, 0x0D, 0x00, 0x45, 0x20, 0x46, 0x20, 0x47, 0x20, 0x48, 0x20, 0x40, 0x49, 0x00
	.byte 0x0D, 0x2C, 0x20, 0x6F, 0x20, 0x5F, 0x20, 0x14, 0x2D, 0x20, 0x2E, 0x00, 0x07, 0x2C, 0x40, 0x3F
	.byte 0x4F, 0x20, 0xF8, 0xF0, 0x01, 0xF0, 0x01, 0xF0, 0x01, 0x10, 0x01, 0x10, 0x3F, 0x00, 0x00, 0x00
	.globl gUnknown_8537DB4
gUnknown_8537DB4: @ 0x08537DB4
	@ Replaced baserom.gba range: offset=0x537DB4, size=0xD8
	.byte 0x10, 0xC0, 0x00, 0x00, 0x00, 0x3F, 0x20, 0x30, 0x20, 0x31, 0x20, 0x32, 0x20, 0x10, 0x33, 0x20
	.byte 0x34, 0x00, 0x07, 0x30, 0x24, 0x30, 0x20, 0x00, 0x3A, 0x20, 0x3B, 0x20, 0x3C, 0x20, 0x3D, 0x20
	.byte 0x40, 0x3E, 0x20, 0x0D, 0x35, 0x20, 0x36, 0x20, 0x37, 0x20, 0x10, 0x38, 0x20, 0x39, 0x00, 0x0D
	.byte 0x3F, 0x20, 0x63, 0x20, 0x00, 0x64, 0x20, 0x65, 0x20, 0x21, 0x20, 0x22, 0x20, 0x00, 0x23, 0x20
	.byte 0x3F, 0x20, 0x00, 0x00, 0x00, 0x00, 0x00, 0x3F, 0x20, 0x40, 0x20, 0x41, 0x20, 0x42, 0x20, 0x10
	.byte 0x43, 0x20, 0x44, 0x00, 0x07, 0x40, 0x24, 0x40, 0x20, 0x00, 0x4A, 0x20, 0x4B, 0x20, 0x4C, 0x20
	.byte 0x4D, 0x20, 0x40, 0x4E, 0x20, 0x0D, 0x45, 0x20, 0x46, 0x20, 0x47, 0x20, 0x10, 0x48, 0x20, 0x49
	.byte 0x00, 0x0D, 0x3F, 0x20, 0x73, 0x20, 0x00, 0x74, 0x20, 0x75, 0x20, 0x24, 0x20, 0x25, 0x20, 0x4F
	.byte 0x26, 0x40, 0x3F, 0x4F, 0x20, 0xF0, 0x01, 0xF0, 0x01, 0xF0, 0x01, 0x10, 0x01, 0x80, 0x10, 0x3F
	.byte 0x10, 0x80, 0x00, 0x00, 0x22, 0x00, 0x00, 0xB0, 0x01, 0x3F, 0xF0, 0x03, 0x20, 0x03, 0xFF, 0x13
	.byte 0xF3, 0xF3, 0xFF, 0x00, 0x03, 0xF3, 0x3F, 0x00, 0x04, 0x20, 0x03, 0x80, 0x10, 0x0B, 0xF0, 0xF3
	.byte 0xFF, 0x33, 0x30, 0x33, 0x33, 0xC0, 0xD0, 0x33, 0xE0, 0x01, 0xFF, 0x0F, 0x00, 0xF0, 0xBB, 0xFB
	.byte 0x00, 0x00, 0xBF, 0xFF, 0xBB, 0x0F, 0xFF, 0x1F, 0xFF, 0x00, 0x0F, 0x1F, 0xF1, 0x1F, 0x0F, 0xF0
	.byte 0x11, 0xF1, 0xC0, 0x20, 0x17, 0xD0, 0x2A, 0x00
	.globl gUnknown_8537E8C
gUnknown_8537E8C: @ 0x08537E8C
	@ Replaced baserom.gba range: offset=0x537E8C, size=0x1168
	.byte 0x10, 0x00, 0x20, 0x00, 0x30, 0x00, 0x00, 0xF0, 0x01, 0x90, 0x01, 0xCC, 0xCC, 0xCC, 0xCC, 0x39
	.byte 0xDD, 0xDD, 0x30, 0x01, 0x10, 0x0B, 0xD0, 0x0F, 0x11, 0x11, 0xF0, 0x01, 0x98, 0x90, 0x01, 0xAA
	.byte 0xAA, 0xF0, 0x01, 0x90, 0x01, 0x16, 0xCC, 0x56, 0x15, 0x00, 0x11, 0xDD, 0x40, 0x03, 0xC1, 0x00
	.byte 0x03, 0x11, 0x10, 0x03, 0x51, 0x51, 0x00, 0x03, 0x11, 0x10, 0x03, 0x01, 0xFF, 0xFF, 0xF0, 0x01
	.byte 0x9F, 0x90, 0x01, 0x88, 0x88, 0xF0, 0x01, 0x90, 0x01, 0x50, 0xB3, 0xF0, 0x01, 0x30, 0x01, 0xDA
	.byte 0xF0, 0xF1, 0xD0, 0x01, 0xEE, 0xF0, 0x03, 0x90, 0x03, 0x65, 0x00, 0x43, 0x65, 0x3A, 0xDD, 0xDD
	.byte 0x30, 0x03, 0x10, 0x0B, 0xF0, 0x0F, 0x50, 0x00, 0x0B, 0x55, 0x06, 0x66, 0xDD, 0xDD, 0x66, 0xC6
	.byte 0xF1, 0x3F, 0x10, 0xFF, 0x16, 0xF8, 0x00, 0xFB, 0x20, 0x03, 0x10, 0x0B, 0xC0, 0x0F, 0x50, 0x85
	.byte 0x55, 0x55, 0x55, 0x07, 0x55, 0x66, 0x66, 0x66, 0x66, 0xD0, 0x3F, 0xF0, 0xAF, 0xF0, 0x01, 0xD6
	.byte 0xF0, 0x01, 0x70, 0x01, 0x1D, 0x71, 0xAA, 0xF1, 0x81, 0xB6, 0x10, 0x0B, 0xF1, 0xEF, 0x70, 0x1B
	.byte 0x31, 0x6B, 0x20, 0x07, 0x1F, 0x40, 0x03, 0x00, 0x0B, 0x80, 0x1E, 0x00, 0x11, 0x20, 0xF1, 0x1F
	.byte 0x00, 0x08, 0x1F, 0xF1, 0xFF, 0x11, 0xF1, 0x3A, 0xF1, 0xFF, 0x20, 0x0A, 0x70, 0x4D, 0x00, 0x1F
	.byte 0xF1, 0x20, 0x41, 0x1F, 0x9F, 0x50, 0x35, 0xF1, 0x11, 0x00, 0x10, 0x90, 0x6F, 0x40, 0x51, 0x20
	.byte 0x15, 0x20, 0x3E, 0xFB, 0x80, 0x1C, 0x20, 0x7B, 0x20, 0x02, 0x40, 0x76, 0x10, 0x03, 0xF3, 0x70
	.byte 0x3F, 0x10, 0x56, 0xFF, 0x30, 0x65, 0x90, 0x33, 0x70, 0x42, 0x50, 0x32, 0x10, 0x0A, 0x10, 0x6A
	.byte 0x70, 0xCF, 0x90, 0x01, 0xFF, 0x20, 0x9E, 0x10, 0x1C, 0x10, 0xC8, 0xC0, 0x01, 0x42, 0x6C, 0x10
	.byte 0x07, 0x81, 0x0B, 0x60, 0xBC, 0xFF, 0x10, 0xCD, 0x00, 0xF5, 0x10, 0x07, 0x31, 0x3B, 0x10, 0x46
	.byte 0x80, 0x3D, 0x40, 0x5D, 0x30, 0xDE, 0xFB, 0x11, 0x1D, 0x00, 0x1F, 0x80, 0x7F, 0x20, 0x4C, 0x00
	.byte 0xC3, 0xF1, 0x01, 0x25, 0x10, 0x1B, 0xFE, 0x31, 0x25, 0xA0, 0x1F, 0x20, 0x03, 0x10, 0x1B, 0x11
	.byte 0x49, 0x11, 0x4C, 0x80, 0x1F, 0xD1, 0xE2, 0x50, 0x27, 0x10, 0xB7, 0xC0, 0xBB, 0xD1, 0x22, 0x22
	.byte 0xB0, 0x01, 0x4F, 0x21, 0xF2, 0x24, 0x20, 0x03, 0xFF, 0xF4, 0xF4, 0xFF, 0x00, 0x03, 0x59, 0xF4
	.byte 0x03, 0x22, 0xC8, 0xF3, 0x35, 0x70, 0x01, 0x77, 0x77, 0xB0, 0x01, 0x00, 0x97, 0x75, 0x77, 0x77
	.byte 0x99, 0x99, 0x59, 0x77, 0x19, 0x95, 0x55, 0x55, 0x20, 0x0B, 0xF0, 0x1F, 0x59, 0x59, 0x30, 0x03
	.byte 0x06, 0x55, 0x55, 0x97, 0x99, 0x99, 0xE0, 0x21, 0x10, 0x12, 0x55, 0x43, 0x95, 0x00, 0x16, 0x59
	.byte 0x75, 0x77, 0x97, 0x00, 0x47, 0x80, 0x4B, 0x80, 0x00, 0x33, 0x77, 0x59, 0x57, 0x99, 0x99, 0x55
	.byte 0x77, 0x2C, 0x55, 0x55, 0x60, 0x37, 0x97, 0x00, 0x0B, 0x10, 0x2A, 0x59, 0x77, 0x1E, 0x77, 0x57
	.byte 0x95, 0x00, 0x0F, 0x00, 0x1F, 0x00, 0x40, 0x70, 0x1F, 0x59, 0x81, 0x00, 0x4C, 0x55, 0x77, 0x95
	.byte 0x75, 0x95, 0x79, 0x00, 0x75, 0x43, 0x95, 0x00, 0x07, 0x99, 0x59, 0x75, 0x57, 0x00, 0x4F, 0x50
	.byte 0x1F, 0xC3, 0xF4, 0x91, 0x70, 0x01, 0x33, 0x33, 0x33, 0x33, 0xF0, 0x15, 0xC0, 0x01, 0xBF, 0x03
	.byte 0xBF, 0x11, 0x03, 0xBF, 0x30, 0x03, 0x10, 0x0B, 0xC0, 0x0F, 0x40, 0x26, 0xF3, 0x9F, 0xD8, 0x45
	.byte 0x1F, 0x00, 0x23, 0x51, 0xF3, 0xFF, 0x60, 0x1F, 0x77, 0x77, 0xB6, 0x68, 0xBB, 0xF0, 0x03, 0x10
	.byte 0x03, 0x67, 0x00, 0x03, 0x77, 0x66, 0xFB, 0x00, 0x22, 0x22, 0xB2, 0x2F, 0xB2, 0xBB, 0xFB, 0x2F
	.byte 0x04, 0xBB, 0xBB, 0x2B, 0xF2, 0xBB, 0x00, 0x04, 0xFF, 0xFF, 0x34, 0xB2, 0xBB, 0x00, 0x13, 0x00
	.byte 0x0A, 0xBB, 0x10, 0x6F, 0x2F, 0x22, 0x00, 0xF2, 0xB2, 0x22, 0xBB, 0xF2, 0xB2, 0xF2, 0xBF, 0x08
	.byte 0xFB, 0xB2, 0x2F, 0xF2, 0x00, 0x07, 0xFF, 0x2F, 0xB2, 0x1B, 0x2B, 0x22, 0x22, 0x10, 0x1E, 0x20
	.byte 0x1F, 0x4F, 0x01, 0xE4, 0x20, 0x03, 0x80, 0x01, 0xEB, 0x4F, 0xF2, 0xF4, 0xFF, 0x44, 0x42, 0x44
	.byte 0x6D, 0x44, 0x92, 0x0F, 0x81, 0x9A, 0x66, 0x00, 0x73, 0x00, 0x8F, 0xC6, 0xC0, 0x03, 0xF0, 0x40
	.byte 0x1C, 0x40, 0xDB, 0xD0, 0x01, 0xF0, 0x1F, 0xDF, 0xDF, 0xFC, 0xFF, 0x09, 0xDF, 0xDF, 0xDC, 0xFD
	.byte 0x00, 0xDF, 0xDF, 0xCD, 0xF0, 0x1F, 0xE9, 0x20, 0x22, 0x70, 0x03, 0xF0, 0x1F, 0xDC, 0x00, 0x3F
	.byte 0xFF, 0xFD, 0x00, 0x3F, 0x06, 0xDF, 0xCC, 0xDF, 0xDD, 0xDD, 0xF0, 0x1F, 0x10, 0x35, 0xFF, 0x72
	.byte 0xFF, 0x01, 0x45, 0x20, 0x41, 0xD0, 0x1F, 0xFC, 0xCD, 0x00, 0x80, 0xDF, 0x0F, 0xFF, 0xFF, 0xDD
	.byte 0xDF, 0x00, 0x1F, 0x00, 0x81, 0xF0, 0x1F, 0x30, 0xA1, 0x00, 0xDD, 0xDF, 0xDC, 0xDD, 0xCC, 0xDD
	.byte 0xFC, 0xFF, 0xD4, 0xD0, 0x1F, 0x10, 0x54, 0xFF, 0x00, 0x04, 0xFD, 0x00, 0x1B, 0xFF, 0xFF, 0x7D
	.byte 0xDC, 0xE0, 0x7F, 0x50, 0xBA, 0x30, 0x23, 0xF0, 0xBF, 0x30, 0x1E, 0xFC, 0x00, 0x9F, 0x70, 0xDC
	.byte 0x10, 0x07, 0xF0, 0xBF, 0x21, 0x21, 0xCC, 0xFF, 0xDD, 0xFD, 0x06, 0xCD, 0xDD, 0xCC, 0xDC, 0xCD
	.byte 0xE0, 0x7F, 0x10, 0x9F, 0xFF, 0x23, 0xFF, 0xCD, 0x00, 0x9F, 0xCD, 0xDD, 0xFF, 0x00, 0x64, 0xE0
	.byte 0x1F, 0x20, 0xFD, 0xCD, 0x01, 0x1D, 0xCD, 0xDD, 0xDD, 0xDF, 0xFD, 0x15, 0xFF, 0xCC, 0xDD, 0xF0
	.byte 0x9F, 0xFF, 0x00, 0x3F, 0xDD, 0x10, 0x43, 0xFD, 0xC0, 0x9F, 0xF0, 0x01, 0x50, 0x01, 0xD1, 0xEF
	.byte 0x50, 0x03, 0x12, 0x0B, 0x77, 0xF1, 0xF3, 0xE7, 0x80, 0x01, 0x20, 0x73, 0x00, 0xB0, 0xFC, 0xCD
	.byte 0x01, 0x51, 0x00, 0x03, 0x01, 0xB0, 0x1D, 0xDF, 0xDD, 0xFF, 0x01, 0xF7, 0x10, 0x80, 0x40, 0x1F
	.byte 0xFC, 0x00, 0x83, 0x37, 0xFC, 0xCF, 0x20, 0xB7, 0x30, 0x24, 0xDC, 0x70, 0x20, 0xF0, 0x3F, 0xF0
	.byte 0x3F, 0xEE, 0x31, 0x4B, 0x00, 0x1A, 0x60, 0x03, 0xFD, 0x00, 0x03, 0x01, 0xBB, 0x40, 0x1F, 0xFF
	.byte 0x78, 0xCD, 0x11, 0xCB, 0x20, 0x3A, 0x20, 0x03, 0x01, 0x58, 0xDF, 0xDD, 0xCD, 0xB6, 0x90, 0x1F
	.byte 0xDC, 0x01, 0x2B, 0x51, 0xB8, 0xFC, 0x01, 0x58, 0x00, 0x80, 0xCD, 0xFB, 0x02, 0x19, 0x40, 0x1F
	.byte 0x60, 0x1B, 0x20, 0x11, 0x00, 0x1F, 0xCD, 0xB0, 0x1F, 0x11, 0xC5, 0xF9, 0x70, 0x1F, 0x71, 0x5F
	.byte 0x80, 0x9F, 0x00, 0x0D, 0x10, 0x03, 0xDC, 0xFD, 0x10, 0x40, 0xF5, 0x12, 0xC0, 0xA1, 0x1F, 0x02
	.byte 0x85, 0x11, 0x8B, 0xDD, 0x00, 0x38, 0xCD, 0x00, 0xA1, 0x2F, 0xFF, 0xDD, 0x01, 0x96, 0xCD, 0x30
	.byte 0x23, 0x20, 0x7F, 0x11, 0xA4, 0x20, 0x3E, 0xBF, 0x20, 0x54, 0xDF, 0x00, 0x2B, 0x13, 0x39, 0x60
	.byte 0x1F, 0x81, 0x6E, 0x10, 0x5B, 0x00, 0x1F, 0x7D, 0xFC, 0x04, 0x39, 0x30, 0x2C, 0x10, 0x1F, 0x03
	.byte 0x62, 0x62, 0x93, 0xFD, 0x10, 0x46, 0xFC, 0x80, 0xA0, 0x10, 0x1F, 0x51, 0xE5, 0xF7, 0xF9, 0x30
	.byte 0x01, 0xD4, 0xEE, 0xF1, 0x13, 0xC3, 0x30, 0x03, 0x02, 0xFC, 0x13, 0xF3, 0x33, 0x33, 0x00, 0x09
	.byte 0xD0, 0x1F, 0x80, 0x10, 0x01, 0x31, 0x3F, 0xFF, 0xFF, 0x3F, 0x3F, 0xF3, 0x38, 0x33, 0xF3, 0xF5
	.byte 0x3F, 0x40, 0x40, 0x10, 0x3F, 0x33, 0x33, 0x3F, 0x1A, 0x13, 0xF1, 0xF3, 0x00, 0x28, 0x05, 0x67
	.byte 0x3F, 0x00, 0x1A, 0x3F, 0xA7, 0x06, 0x9C, 0x3F, 0x00, 0x0F, 0x33, 0x31, 0x35, 0x77, 0x15, 0x7F
	.byte 0x30, 0x4F, 0x24, 0xF1, 0x13, 0x00, 0x29, 0x13, 0x3F, 0x00, 0x38, 0x33, 0xF1, 0x0D, 0x3F, 0x13
	.byte 0x11, 0x31, 0x30, 0x56, 0x35, 0x9F, 0xF3, 0x20, 0x54, 0x1F, 0x3F, 0x11, 0x31, 0x00, 0x03, 0x17
	.byte 0xF6, 0x00, 0x09, 0x45, 0xB6, 0xF5, 0xBF, 0x94, 0x10, 0x64, 0xF1, 0x13, 0x10, 0x9B, 0x33, 0x00
	.byte 0x01, 0x11, 0x3F, 0x67, 0x11, 0xE0, 0x1F, 0x30, 0xDB, 0x3F, 0x11, 0x00, 0xDB, 0x30, 0xAA, 0x00
	.byte 0xA7, 0xB1, 0x10, 0x2D, 0x3F, 0x00, 0x2D, 0x10, 0x03, 0xF3, 0x3F, 0xFF, 0x10, 0x9E, 0xF0, 0x20
	.byte 0xF7, 0x10, 0x5F, 0x80, 0x2B, 0x00, 0x59, 0x11, 0x3F, 0x31, 0xFF, 0x3F, 0xFF, 0x33, 0x00, 0x18
	.byte 0x60, 0x1F, 0xC5, 0x3F, 0xF5, 0xC7, 0x83, 0x9F, 0x15, 0x93, 0x41, 0xFB, 0x05, 0xB9, 0xFF, 0xFF
	.byte 0x2F, 0xBB, 0xF2, 0x05, 0xA3, 0xC8, 0x10, 0x0B, 0xF0, 0x1F, 0x2F, 0x2F, 0x30, 0x03, 0x22, 0x22
	.byte 0xFB, 0xEF, 0x05, 0xEB, 0xD0, 0x1F, 0x25, 0xFE, 0xF2, 0x00, 0x38, 0x16, 0x14, 0x00, 0x47, 0xD0
	.byte 0x1F, 0xE5, 0xD0, 0x01, 0x80, 0x6B, 0x00, 0x53, 0xBB, 0x2F, 0x06, 0x3F, 0x22, 0x96, 0x3F, 0xFE
	.byte 0xF2, 0x11, 0xF0, 0x01, 0xF0, 0x01, 0xF0, 0x01, 0xF0, 0x01, 0x30, 0x01, 0xF4, 0x6F, 0x77, 0x54
	.byte 0xF7, 0x00, 0x03, 0xBF, 0x30, 0x03, 0xF7, 0x60, 0xBF, 0x77, 0xFF, 0x1A, 0xFF, 0x77, 0xFF, 0x00
	.byte 0xAE, 0x50, 0xB7, 0xFB, 0x00, 0xE7, 0xFB, 0x6A, 0x22, 0x70, 0xDF, 0x50, 0x01, 0x7F, 0x00, 0x03
	.byte 0xFB, 0x40, 0x03, 0xBB, 0xCE, 0x00, 0x0C, 0x57, 0x4F, 0x88, 0x88, 0x10, 0x03, 0xF0, 0x01, 0xD7
	.byte 0x6F, 0x88, 0x4F, 0xC8, 0x00, 0x03, 0x88, 0xD8, 0x60, 0x2B, 0xFC, 0xDF, 0x70, 0x0F, 0x10, 0x1C
	.byte 0x3F, 0x44, 0x44, 0xF0, 0x01, 0x90, 0x01, 0x12, 0x03, 0xF0, 0x01, 0x70, 0x01, 0xD9, 0x7F, 0xEF
	.byte 0xD0, 0x01, 0x0D, 0x02, 0x0D, 0x23, 0x1A, 0x00, 0x03, 0x1D, 0x2B, 0xF0, 0x03, 0x1D, 0x42, 0xBF
	.byte 0x00, 0x03, 0xA1, 0xF8, 0x98, 0x30, 0x01, 0xF1, 0x71, 0xB0, 0x01, 0xF2, 0x11, 0x70, 0x01, 0xFB
	.byte 0x11, 0xFF, 0xF0, 0x51, 0xF0, 0x01, 0xF0, 0x01, 0xF9, 0x1F, 0x41, 0x10, 0x03, 0x04, 0xAD, 0x41
	.byte 0x51, 0x08, 0xE3, 0x51, 0xD6, 0xDD, 0xDD, 0x54, 0x00, 0x03, 0x7F, 0x64, 0x00, 0x0B, 0x31, 0xE3
	.byte 0x50, 0x03, 0x51, 0xF7, 0x22, 0x03, 0x20, 0x01, 0x02, 0xEB, 0xC7, 0x61, 0xEB, 0x30, 0x0B, 0x22
	.byte 0xBB, 0x2B, 0x02, 0x9E, 0x12, 0x0B, 0x12, 0x13, 0xFF, 0x11, 0xE3, 0x50, 0x03, 0x51, 0xF7, 0x12
	.byte 0x03, 0xF4, 0xD7, 0xF0, 0x01, 0x10, 0x01, 0xF1, 0xB1, 0xEE, 0x31, 0xB3, 0x50, 0x0B, 0x82, 0x0F
	.byte 0xD8, 0xF2, 0x3D, 0xF2, 0x1F, 0x00, 0x2E, 0xCC, 0xFF, 0x00, 0x2E, 0x42, 0x6F, 0xFD, 0x7F, 0xF0
	.byte 0x01, 0xF0, 0x01, 0xF0, 0x01, 0xF0, 0x01, 0x9F, 0x7F, 0xFF, 0xF1, 0x74, 0xF1, 0xFF, 0xF0, 0x01
	.byte 0xF0, 0x01, 0xF0, 0x01, 0xF5, 0xFF, 0xF0, 0x01, 0x20, 0x01, 0x55, 0x41, 0x00, 0x03, 0x51, 0x00
	.byte 0x03, 0x54, 0x00, 0x0A, 0x65, 0x00, 0x06, 0x41, 0x66, 0x00, 0x06, 0xD6, 0x41, 0x55, 0x66, 0xCC
	.byte 0x01, 0xFE, 0x57, 0xCC, 0x01, 0xFA, 0xDD, 0x0A, 0xDE, 0xDD, 0x1A, 0xDE, 0x10, 0x03, 0xFE, 0x9F
	.byte 0xFF, 0xF0, 0x01, 0xF0, 0x01, 0xF0, 0x01, 0xF0, 0x01, 0xF0, 0x01, 0x23, 0xD3, 0xF1, 0xBB, 0x60
	.byte 0x01, 0x9F, 0xF3, 0x8F, 0x22, 0x22, 0x90, 0x0B, 0xF0, 0x51, 0xB0, 0x01, 0x12, 0x02, 0xF0, 0x5F
	.byte 0xFF, 0xF2, 0x1F, 0x10, 0x01, 0x22, 0x1B, 0x52, 0x1F, 0x22, 0x23, 0xF0, 0xFF, 0xE0, 0xBF, 0x01
	.byte 0x54, 0x7F, 0x1C, 0xF1, 0x6F, 0xF0, 0x01, 0xF0, 0x01, 0xF1, 0xFF, 0xF0, 0x01, 0xF0, 0x01, 0xF1
	.byte 0xFF, 0x00, 0x44, 0x11, 0x44, 0x55, 0x66, 0x55, 0x65, 0x66, 0x6B, 0xD6, 0x58, 0x6D, 0x91, 0xBF
	.byte 0x55, 0x0C, 0xB4, 0x66, 0x03, 0xCB, 0xF5, 0x1F, 0xFF, 0xF0, 0x0F, 0xF0, 0x0F, 0xF0, 0xFF, 0xF0
	.byte 0x01, 0xF0, 0x01, 0xC1, 0x7F, 0xF0, 0x01, 0x61, 0x7B, 0x7F, 0x8C, 0x20, 0x06, 0x41, 0x9F, 0x10
	.byte 0x03, 0x1E, 0xCB, 0x10, 0x03, 0x60, 0x0F, 0x51, 0xEF, 0xFE, 0x55, 0x6F, 0x11, 0x33, 0x90, 0x07
	.byte 0xF0, 0x71, 0xF0, 0x01, 0xF0, 0x01, 0x90, 0x9F, 0xC8, 0xFF, 0x10, 0x7F, 0x14, 0x3F, 0x10, 0x03
	.byte 0x50, 0x7F, 0xF2, 0x1F, 0xC1, 0x1F, 0x02, 0x1E, 0x22, 0x2F, 0xFF, 0xF0, 0x51, 0xF0, 0x01, 0xF0
	.byte 0x01, 0xF0, 0x01, 0xF0, 0x01, 0xF0, 0x01, 0xF0, 0x01, 0xF0, 0x01, 0xFF, 0xF0, 0x01, 0xF0, 0x01
	.byte 0xF0, 0x01, 0xF0, 0x01, 0xF0, 0x01, 0xF0, 0x01, 0xF0, 0x01, 0xF0, 0x01, 0xF1, 0xF1, 0x3F, 0x47
	.byte 0xEF, 0x23, 0x5F, 0x21, 0xFB, 0x88, 0xDD, 0x8D, 0x15, 0x8D, 0x6D, 0x8D, 0x23, 0x7A, 0x00, 0x03
	.byte 0x8C, 0xA7, 0xEF, 0xF2, 0x36, 0x88, 0x00, 0x2E, 0xF0, 0x21, 0xAC, 0x12, 0x3E, 0x50, 0x2B, 0x10
	.byte 0x01, 0x59, 0xDD, 0x9D, 0xD5, 0x00, 0x59, 0x99, 0x99, 0x59, 0x59, 0x55, 0x95, 0x55, 0xF8, 0x20
	.byte 0x0B, 0x00, 0x03, 0x90, 0x1F, 0x30, 0x11, 0x00, 0x03, 0x99, 0x99, 0xD5, 0x3F, 0x59, 0x59, 0x30
	.byte 0x01, 0xD0, 0xAF, 0x5B, 0xB3, 0x98, 0x43, 0x10, 0x64, 0x20, 0x03, 0xFF, 0x16, 0x6B, 0x26, 0x6F
	.byte 0xF6, 0x3F, 0xF0, 0x01, 0xF0, 0x01, 0xF0, 0x01, 0xF1, 0x1F, 0x40, 0x0F, 0x42, 0x6D, 0x15, 0x92
	.byte 0xCC, 0xCC, 0x6C, 0x56, 0x00, 0x0E, 0x6C, 0x80, 0x00, 0x0A, 0x66, 0xDD, 0x66, 0x56, 0x55, 0x6C
	.byte 0x56, 0x01, 0x15, 0x11, 0x66, 0x15, 0x11, 0x11, 0x56, 0x02, 0xFB, 0xFD, 0x00, 0x06, 0x20, 0x01
	.byte 0xF0, 0x3F, 0x30, 0x0F, 0x10, 0x1B, 0x40, 0xCB, 0x61, 0x00, 0x0E, 0xFA, 0x20, 0x03, 0x10, 0x0B
	.byte 0xF0, 0x0F, 0xF0, 0x3F, 0x40, 0x0E, 0x1D, 0x16, 0xBA, 0xCC, 0x07, 0xCC, 0x56, 0x00, 0xDD, 0xDD
	.byte 0x30, 0x03, 0x10, 0x0B, 0x50, 0x0F, 0x5A, 0xD1, 0x00, 0x03, 0x11, 0x00, 0x0B, 0xF0, 0xD1, 0x60
	.byte 0x0A, 0x93, 0x66, 0x9F, 0x01, 0x17, 0xC6, 0xDC, 0x00, 0x03, 0x91, 0x7E, 0xF0, 0x01, 0x51, 0xE3
	.byte 0x62, 0x0F, 0xFD, 0x11, 0x5B, 0x63, 0x8F, 0x23, 0xFF, 0x31, 0xE3, 0xA2, 0x1F, 0x10, 0x2E, 0x8D
	.byte 0x10, 0x03, 0xD4, 0x12, 0x2B, 0x21, 0xD1, 0x9D, 0x11, 0xCF, 0x95, 0x01, 0xCD, 0x9D, 0x55, 0x87
	.byte 0x00, 0x06, 0xD5, 0x55, 0x5D, 0x55, 0x72, 0x13, 0x51, 0xE8, 0x10, 0x01, 0x57, 0x99, 0x10, 0x1E
	.byte 0x95, 0x00, 0x1E, 0x5D, 0x62, 0x17, 0x10, 0xA3, 0xF0, 0x03, 0xFF, 0x70, 0x03, 0x30, 0x8F, 0x18
	.byte 0x5F, 0x10, 0x03, 0x20, 0x9B, 0x94, 0x2F, 0xF1, 0xFF, 0xF0, 0x01, 0xC8, 0xF0, 0x01, 0xA1, 0xFF
	.byte 0x66, 0x15, 0x01, 0x4F, 0x11, 0xDD, 0x6D, 0x05, 0x56, 0x11, 0xCC, 0x6C, 0x15, 0x20, 0x03, 0xDD
	.byte 0x01, 0xE4, 0xC7, 0x00, 0x12, 0x01, 0x5E, 0x11, 0x11, 0x21, 0xFA, 0x72, 0xA0, 0x01, 0xD1, 0x4F
	.byte 0x81, 0x21, 0x0B, 0x5D, 0x55, 0x59, 0x59, 0xDD, 0xDD, 0x03, 0x03, 0xA9, 0xF1, 0x6F, 0xDD, 0x02
	.byte 0xFB, 0x9D, 0x03, 0x1E, 0x59, 0x95, 0x01, 0x32, 0xAA, 0x01, 0x3A, 0x41, 0x0D, 0xE8, 0xF4, 0x02
	.byte 0x27, 0x6F, 0x30, 0x03, 0xB6, 0xAD, 0x00, 0x03, 0xBB, 0x30, 0x03, 0xB6, 0x20, 0x03, 0x00, 0x1E
	.byte 0xFF, 0x12, 0x47, 0x15, 0xB6, 0xBB, 0x6B, 0x1C, 0x9F, 0x6B, 0x2B, 0xDB, 0x2F, 0x0C, 0xBE, 0xF7
	.byte 0x0C, 0xC3, 0x1C, 0x90, 0x50, 0x1F, 0xD0, 0x01, 0x6B, 0x40, 0x03, 0xB3, 0x7F, 0x50, 0x03, 0x83
	.byte 0x00, 0x83, 0x99, 0x55, 0xD5, 0x9D, 0x55, 0xA3, 0x9E, 0x11, 0xC9, 0xCF, 0x10, 0x92, 0x00, 0x03
	.byte 0x55, 0x55, 0x50, 0x2B, 0xD5, 0x6F, 0x27, 0xA3, 0x53, 0x8F, 0xF6, 0x82, 0xBB, 0x54, 0x01, 0x24
	.byte 0x05, 0x04, 0x03, 0x5D, 0x04, 0x03, 0x00, 0x41, 0x05, 0xCF, 0xE1, 0x1F, 0x54, 0x27, 0xDD, 0x5D
	.byte 0x11, 0x23, 0x41, 0x22, 0x20, 0x0A, 0x01, 0x3A, 0x5E, 0x59, 0x02, 0x1B, 0x95, 0x00, 0x75, 0x72
	.byte 0x1F, 0xE0, 0x01, 0x00, 0x29, 0x9D, 0xCF, 0x00, 0x22, 0x02, 0x69, 0xDD, 0x59, 0x00, 0x45, 0xF1
	.byte 0xD1, 0xF0, 0x01, 0xF0, 0x01, 0x87, 0xB4, 0x6F, 0x55, 0x55, 0x55, 0x55, 0xF8, 0x19, 0x5B, 0x9F
	.byte 0x0B, 0xE3, 0xF9, 0xF0, 0x1F, 0x60, 0x01, 0x30, 0xCF, 0x40, 0x03, 0x01, 0x30, 0x95, 0x55, 0x00
	.byte 0xFB, 0xFF, 0x01, 0x3F, 0x72, 0x0F, 0x61, 0x54, 0x20, 0x03, 0xD2, 0xFF, 0x51, 0xE7, 0x71, 0xF7
	.byte 0x22, 0x03, 0x7C, 0x66, 0x12, 0x13, 0x12, 0x1B, 0x31, 0xE3, 0x4E, 0x7C, 0x00, 0x03, 0x22, 0x2B
	.byte 0x3F, 0xB2, 0x6B, 0x12, 0x0B, 0x10, 0xB7, 0x11, 0xFB, 0x51, 0xE7, 0xF0, 0x01, 0x30, 0x1F, 0x79
	.byte 0x59, 0x00, 0x69, 0x50, 0x9F, 0x21, 0x59, 0x02, 0x7F, 0xDD, 0x55, 0x71, 0xF8, 0xE0, 0x72, 0x13
	.byte 0x00, 0x1B, 0x01, 0x52, 0xDD, 0x95, 0x99, 0x55, 0xDD, 0x7F, 0x5D, 0x70, 0x1F, 0x95, 0xF7, 0x18
	.byte 0x2D, 0x10, 0x03, 0x15, 0xFF, 0x10, 0x03, 0x10, 0x0B, 0xFC, 0x20, 0x35, 0x30, 0xFA, 0x22, 0x33
	.byte 0xD0, 0x5F, 0x21, 0xD8, 0x61, 0xE0, 0xD5, 0x55, 0xF8, 0x04, 0x1E, 0x00, 0x5E, 0xF1, 0xD6, 0x50
	.byte 0x8B, 0xF0, 0x3F, 0x95, 0xD5, 0x55, 0xFD, 0x50, 0x9D, 0x70, 0xCA, 0x60, 0x41, 0x50, 0x9B, 0xF1
	.byte 0x99, 0xA0, 0x01, 0x21, 0x40, 0x03, 0xDF, 0x18, 0xB7, 0x00, 0x03, 0x21, 0x80, 0x03, 0xF0, 0x01
	.byte 0x20, 0x17, 0x03, 0xF8, 0x13, 0xFB, 0xEF, 0x14, 0x03, 0x14, 0x0B, 0x54, 0x0F, 0x66, 0x00, 0x03
	.byte 0x92, 0x0D, 0xE6, 0xFF, 0xC0, 0x03, 0xFE, 0xA0, 0xDF, 0x00, 0xDB, 0x32, 0xDF, 0x51, 0x71, 0x11
	.byte 0x9D, 0xF3, 0x9F, 0x60, 0x03, 0x99, 0xC0, 0x54, 0x41, 0x51, 0x42, 0x9D, 0x55, 0x99, 0x99, 0x99
	.byte 0x99, 0x6E, 0x55, 0x13, 0x5B, 0x04, 0x67, 0xDD, 0x04, 0x44, 0xB0, 0x3F, 0x10, 0x01, 0x5D, 0xBF
	.byte 0x27, 0x82, 0x95, 0x00, 0x23, 0x10, 0x0D, 0xF3, 0x7C, 0x43, 0x43, 0x13, 0x9D, 0xD3, 0x65, 0xDE
	.byte 0x10, 0x17, 0x10, 0xA3, 0x59, 0x01, 0x7F, 0x40, 0x0B, 0x80, 0x1C, 0x84, 0x1B, 0x99, 0x7D, 0x55
	.byte 0xF4, 0x3F, 0x30, 0xAF, 0x04, 0xFA, 0x30, 0x5C, 0x00, 0x0B, 0x9D, 0x20, 0xEB, 0xC9, 0xB0, 0xE0
	.byte 0x00, 0xBE, 0xD5, 0x55, 0x60, 0x5F, 0x95, 0xD5, 0x12, 0xA3, 0xA1, 0x1E, 0x47, 0xD4, 0x00, 0x1E
	.byte 0xD4, 0xDD, 0x1D, 0x11, 0x00, 0x03, 0xEF, 0x00, 0x0B, 0x70, 0x03, 0x82, 0x7E, 0x48, 0x00, 0x03
	.byte 0x10, 0x0F, 0xD0, 0x03, 0x5C, 0xA7, 0x7F, 0x23, 0xF0, 0x03, 0xF0, 0x03, 0xD0, 0x03, 0xF1, 0xFB
	.byte 0xB1, 0xFF, 0x50, 0x9F, 0x50, 0xC2, 0xAD, 0x11, 0xF0, 0x44, 0x00, 0x04, 0x44, 0x00, 0x04, 0x00
	.byte 0x16, 0xD1, 0x32, 0x9B, 0xB9, 0x80, 0x03, 0x9D, 0xD2, 0xE0, 0x10, 0xE8, 0x44, 0xB4, 0x59, 0x55
	.byte 0x07, 0x02, 0xFF, 0x00, 0x05, 0x02, 0xE1, 0x61, 0x12, 0x03, 0x11, 0x01, 0xB3, 0x65, 0x6F, 0x22
	.byte 0xE9, 0x91, 0x35, 0xDF, 0x24, 0x54, 0x01, 0x87, 0x5D, 0x42, 0x37, 0xC0, 0x5F, 0x31, 0xF3, 0x01
	.byte 0x99, 0x10, 0x03, 0xAC, 0x00, 0x0D, 0x55, 0xD0, 0x1F, 0xD9, 0x20, 0x7A, 0x66, 0x6F, 0x59, 0x5D
	.byte 0xBF, 0x02, 0x3E, 0xDD, 0x71, 0xB8, 0x51, 0xEB, 0x40, 0x03, 0xE3, 0xFF, 0xA4, 0x3F, 0x10, 0x2F
	.byte 0xDF, 0xD3, 0x9F, 0x12, 0x2D, 0x99, 0x00, 0xA5, 0x06, 0xD2, 0x30, 0x5E, 0x00, 0x3F, 0x90, 0x1F
	.byte 0xFB, 0x18, 0x0F, 0x02, 0xBA, 0x15, 0xAF, 0x00, 0x9D, 0x10, 0x3F, 0x59, 0x00, 0x1F, 0x60, 0xA0
	.byte 0xB7, 0xD1, 0xEF, 0xD4, 0x00, 0x7C, 0x12, 0x0B, 0x54, 0x00, 0x23, 0x11, 0x7B, 0xF1, 0xEF, 0xC0
	.byte 0xB0, 0x03, 0x00, 0x22, 0x14, 0x44, 0x64, 0x66, 0x4F, 0xDD, 0x1E, 0x65, 0x66, 0xF6, 0xF0, 0x03
	.byte 0xF0, 0x03, 0x50, 0x03, 0x0D, 0xAF, 0x4F, 0x80, 0x20, 0x3B, 0x44, 0x44, 0xD5, 0x44, 0x44, 0x55
	.byte 0xDD, 0xFC, 0x00, 0x02, 0x71, 0x94, 0x14, 0x60, 0x40, 0x7F, 0xF6, 0x31, 0xB0, 0x01, 0x00, 0x00
	.byte 0x10, 0x00, 0x20, 0x00, 0x35, 0x00, 0x00, 0xF0, 0x01, 0xC0, 0x01, 0xF0, 0x00, 0x03, 0xFF, 0x00
	.byte 0x06, 0x55, 0xBF, 0x00, 0x06, 0xBB, 0x00, 0x06, 0xBB, 0x00, 0x06, 0xBB, 0x00, 0x06, 0x02, 0xBB
	.byte 0xF0, 0xFF, 0xFF, 0xFF, 0x0F, 0x30, 0x1C, 0x00, 0x55, 0xFB, 0x00, 0x08, 0xBB, 0x00, 0x08, 0xBB
	.byte 0x00, 0x08, 0xBB, 0x00, 0x08, 0x60, 0xBB, 0x00, 0x08, 0x20, 0x1E, 0xEE, 0xEE, 0xEE, 0x00, 0xFE
	.byte 0x3D, 0xFF, 0xEF, 0xF0, 0x03, 0x00, 0x03, 0x10, 0x1B, 0x80, 0x68, 0xFF, 0x00, 0x3F, 0x56, 0xBF
	.byte 0x00, 0x3F, 0xBF, 0x00, 0x3F, 0xBF, 0x00, 0x3F, 0x00, 0x62, 0xFF, 0xFF, 0x30, 0x03, 0x10, 0x0B
	.byte 0x00, 0x13, 0x00, 0x1B, 0x10, 0x23, 0xF0, 0x01, 0xF0, 0x01, 0xF0, 0x01, 0xC0, 0xF0, 0x01, 0xA0
	.byte 0x01, 0x10, 0x0F, 0x00, 0x11, 0x11, 0x11, 0x96, 0x00, 0xB3, 0xF1, 0x0F, 0x00, 0x07, 0xF1, 0x00
	.byte 0x07, 0x00, 0x69, 0x1F, 0xD5, 0x10, 0xDE, 0x20, 0x01, 0xF1, 0x70, 0x01, 0x10, 0x00, 0x03, 0xF0
	.byte 0x10, 0x09, 0x10, 0x1F, 0x0F, 0xF1, 0x60, 0x3E, 0xF1, 0x10, 0x0F, 0x10, 0x80, 0x00, 0x15, 0xF0
	.byte 0x11, 0xF1, 0xF1, 0x11, 0xF1, 0x1F, 0xF6, 0x00, 0x3D, 0x00, 0x4F, 0x10, 0x03, 0x50, 0x1F, 0x11
	.byte 0x00, 0x0A, 0x11, 0x2C, 0x11, 0xB5, 0x00, 0x32, 0x1F, 0x00, 0x59, 0x10, 0x0F, 0xF1, 0x20, 0x1E
	.byte 0x10, 0x00, 0x45, 0x5E, 0xF0, 0x20, 0x49, 0x1F, 0x00, 0x1C, 0x01, 0x53, 0xB1, 0x7C, 0x20, 0x19
	.byte 0xF1, 0x00, 0x10, 0x00, 0x10, 0xFF, 0x10, 0x10, 0xF1, 0x0F, 0x36, 0xF0, 0xF0, 0xC0, 0xFF, 0x10
	.byte 0x77, 0xFF, 0x00, 0x03, 0x00, 0x01, 0xF1, 0xFD, 0x10, 0x01, 0x01, 0x8C, 0xA0, 0x21, 0x20, 0x57
	.byte 0x00, 0x67, 0x10, 0x03, 0xF0, 0x50, 0x84, 0xE6, 0xF0, 0x01, 0xF0, 0x01, 0x60, 0x01, 0xC0, 0xCC
	.byte 0xF0, 0x03, 0x70, 0x03, 0xCC, 0x1F, 0x0C, 0x00, 0x00, 0xF0, 0x03, 0x70, 0x03, 0xF0, 0x01, 0xF0
	.byte 0x01, 0xF0, 0x01, 0xFF, 0xF0, 0x7F, 0xF0, 0x03, 0xF0, 0x7F, 0xF0, 0x03, 0xF0, 0x4D, 0xF0, 0x01
	.byte 0xF0, 0x01, 0xF0, 0x7F, 0xFF, 0xF0, 0x03, 0xF0, 0x7F, 0xF0, 0x03, 0xF0, 0x7F, 0xF0, 0x01, 0xF0
	.byte 0x01, 0xF0, 0x7F, 0xF0, 0x03, 0xFE, 0xF0, 0x7F, 0xF0, 0x03, 0xF0, 0x7F, 0xF0, 0x01, 0x92, 0x68
	.byte 0x02, 0x78, 0x23, 0xD7, 0xFF, 0x09, 0xFB, 0xF0, 0xBB, 0xBF, 0x40, 0x03, 0xFF, 0xFB, 0x73, 0x9B
	.byte 0x40, 0xFF, 0x00, 0x1D, 0xBB, 0xBB, 0xBF, 0xBF, 0xFB, 0xBF, 0xD8, 0x00, 0x1A, 0x00, 0x08, 0xFB
	.byte 0x20, 0x0B, 0xD0, 0x1F, 0xFF, 0xFB, 0xFF, 0x77, 0xBB, 0x10, 0x20, 0x00, 0x03, 0x03, 0xB7, 0xBF
	.byte 0x62, 0x8B, 0x14, 0x0A, 0x14, 0x17, 0x74, 0xFF, 0x03, 0xC4, 0x00, 0x29, 0x00, 0x03, 0xBF, 0x20
	.byte 0x03, 0xF0, 0xBB, 0x7E, 0xFB, 0x00, 0x67, 0x00, 0x03, 0x00, 0x77, 0x10, 0x7F, 0xD3, 0x00, 0x60
	.byte 0x6B, 0xFF, 0xFF, 0x00, 0x52, 0x10, 0x5F, 0x00, 0x67, 0x90, 0x1F, 0x40, 0x67, 0x20, 0x75, 0xF0
	.byte 0x1F, 0x10, 0x77, 0xFD, 0x10, 0x67, 0x00, 0x6F, 0x00, 0x77, 0x20, 0x7F, 0xF2, 0xFF, 0x64, 0x00
	.byte 0xF1, 0x10, 0x03, 0x87, 0x03, 0xFB, 0xF1, 0xFF, 0x1F, 0xFF, 0x20, 0x0B, 0x14, 0x14, 0x74, 0x1E
	.byte 0xDF, 0x50, 0x03, 0x03, 0x86, 0x00, 0x03, 0xFF, 0x03, 0xC3, 0xD3, 0x68, 0x00, 0x03, 0x00, 0x3E
	.byte 0x77, 0x00, 0x00, 0x3E, 0x03, 0xAF, 0x13, 0xD6, 0xF1, 0x84, 0x20, 0x00, 0x3B, 0x00, 0x99, 0xF6
	.byte 0x13, 0xF3, 0x10, 0xA0, 0x50, 0x58, 0x40, 0x67, 0x1F, 0x10, 0x03, 0x04, 0x4F, 0x1F, 0x1F, 0xF0
	.byte 0x0F, 0xFF, 0x15, 0x6F, 0x70, 0x36, 0x03, 0xE0, 0x04, 0x4C, 0x00, 0x1A, 0x84, 0x00, 0x03, 0x1F
	.byte 0xF1, 0xFF, 0x0F, 0xD4, 0x00, 0x00, 0xF1, 0x9E, 0x03, 0xDA, 0xFF, 0xF0, 0x10, 0x4F, 0x04, 0xBE
	.byte 0xF0, 0xDF, 0x00, 0x01, 0x01, 0xFF, 0x14, 0x03, 0x11, 0xE2, 0x10, 0x8D, 0xF5, 0x3F, 0xF1, 0xFF
	.byte 0x01, 0x4B, 0x30, 0x03, 0x05, 0xEF, 0x87, 0xF1, 0xDF, 0xFB, 0xBF, 0xFB, 0xFB, 0x40, 0x03, 0xF2
	.byte 0x1F, 0x11, 0xFF, 0xBF, 0x01, 0xAD, 0xFB, 0x11, 0xB1, 0xF1, 0xFF, 0xF1, 0xFF, 0x01, 0xFB, 0x00
	.byte 0x67, 0x00, 0x03, 0x7E, 0xBF, 0x00, 0x6B, 0xF1, 0xFF, 0x05, 0xF3, 0x50, 0x6B, 0x00, 0x52, 0xF1
	.byte 0xDF, 0x00, 0xFF, 0x22, 0x19, 0x30, 0x6F, 0xF1, 0xFF, 0xF1, 0xFF, 0xF1, 0x1F, 0x96, 0x00, 0x10
	.byte 0x03, 0x15, 0xB4, 0xFF, 0x01, 0x89, 0x35, 0x2C, 0x81, 0xBF, 0x50, 0x25, 0x01, 0xE0, 0x16, 0xF7
	.byte 0xF0, 0x3F, 0xF0, 0x01, 0x3F, 0x10, 0x11, 0x05, 0xB7, 0xF0, 0x16, 0x76, 0x13, 0x10, 0x62, 0x01
	.byte 0xBF, 0x02, 0x18, 0x7E, 0xF0, 0x62, 0x58, 0xC0, 0x59, 0x10, 0x21, 0x50, 0xB1, 0xF0, 0x7B, 0x11
	.byte 0xB6, 0xF1, 0xFF, 0x02, 0x2F, 0x32, 0x7C, 0xF0, 0x1F, 0x31, 0x77, 0xF0, 0x79, 0xF0, 0x01, 0xD0
	.byte 0xBA, 0x47, 0xF7, 0xEF, 0xF0, 0x01, 0x10, 0xB7, 0x00, 0x6E, 0xFF, 0x02, 0x98, 0x01, 0x1E, 0xF0
	.byte 0x23, 0x70, 0x23, 0x0D, 0x10, 0xFF, 0x1F, 0x0F, 0xF0, 0xFF, 0x42, 0xF5, 0x1F, 0x47, 0x6B, 0xFD
	.byte 0xF0, 0x1B, 0x31, 0x89, 0x17, 0x8B, 0x07, 0x46, 0xF0, 0x1F, 0x77, 0x8C, 0x10, 0x00, 0xEF, 0xFF
	.byte 0x12, 0xD6, 0xF0, 0x01, 0x03, 0x4B, 0x17, 0xC4, 0x10, 0x60, 0xF0, 0x1B, 0x71, 0x53, 0x80, 0x5C
	.byte 0xF6, 0x10, 0xA7, 0x50, 0x03, 0x50, 0xD3, 0x13, 0xDE, 0xFF, 0x04, 0x0D, 0x00, 0x04, 0x11, 0x09
	.byte 0x0F, 0x0F, 0xF1, 0xF1, 0x10, 0x03, 0x00, 0x11, 0x07, 0xBC, 0xD7, 0x10, 0x96, 0x00, 0x5E, 0x11
	.byte 0x22, 0x6B, 0xF0, 0x11, 0xE3, 0x40, 0x03, 0x07, 0x89, 0x7E, 0x11, 0x07, 0xA3, 0x11, 0x81, 0x50
	.byte 0x1F, 0x02, 0x50, 0x00, 0x67, 0x70, 0x03, 0xF1, 0xEF, 0x04, 0x04, 0x13, 0xAD, 0x50, 0x1F, 0xF1
	.byte 0x07, 0xF4, 0x11, 0xB4, 0x21, 0xC1, 0x00, 0x04, 0xB3, 0x10, 0x0F, 0xFF, 0x00, 0x0F, 0x50, 0x1F
	.byte 0xF0, 0xF1, 0x00, 0x1A, 0x58, 0x78, 0x4B, 0xFF, 0x08, 0x78, 0x0F, 0x11, 0x00, 0x5D, 0xFF, 0x10
	.byte 0xDE, 0x30, 0x5F, 0xBF, 0x00, 0x71, 0x00, 0x10, 0x23, 0x38, 0x3C, 0x12, 0x04, 0x00, 0x93, 0x70
	.byte 0x1F, 0xF0, 0xFD, 0xFF, 0x80, 0xDC, 0xF0, 0x16, 0xF0, 0x01, 0xF0, 0x01, 0xF0, 0x01, 0xF0, 0x01
	.byte 0xF0, 0x01, 0xF0, 0x01, 0xFF, 0xF0, 0x01, 0xF0, 0x01, 0xF0, 0x01, 0xF0, 0x01, 0xF0, 0x01, 0xF0
	.byte 0x01, 0xF0, 0x01, 0xF0, 0x01, 0xFF, 0xF0, 0x01, 0xF0, 0x01, 0xF0, 0x01, 0xF0, 0x01, 0xF0, 0x01
	.byte 0xF0, 0x01, 0xF0, 0x01, 0xF0, 0x01, 0xFF, 0xF0, 0x01, 0xF0, 0x01, 0xF0, 0x01, 0xF0, 0x01, 0xF0
	.byte 0x01, 0xF0, 0x01, 0xF0, 0x01, 0x02, 0x48, 0xFD, 0x14, 0x5D, 0xF0, 0x17, 0x77, 0x2B, 0x13, 0x64
	.byte 0xF0, 0x1B, 0x37, 0x23, 0x00, 0x47, 0x48, 0xFE, 0xF0, 0x1D, 0x13, 0x77, 0x54, 0xA9, 0xF0, 0x3F
	.byte 0x30, 0x1F, 0x03, 0x2B, 0x00, 0x22, 0x11, 0xFF, 0x2B, 0x83, 0xF0, 0x01, 0x54, 0x00, 0x03, 0x6D
	.byte 0xF0, 0x3F, 0x37, 0x6A, 0x07, 0x2D, 0x04, 0x1C, 0x7D, 0xFF, 0xF0, 0x7F, 0x87, 0xAA, 0xF2, 0xFF
	.byte 0xA3, 0x1A, 0x30, 0xFF, 0xF0, 0x0B, 0xCC, 0xEA, 0x26, 0x13, 0x2B, 0x68, 0x1B, 0x62, 0xFF, 0x17
	.byte 0xC6, 0xF0, 0x53, 0x5F, 0x1F, 0xD8, 0x00, 0xC3, 0x07, 0xA1, 0x1F, 0x00, 0x1D, 0x00, 0x07, 0xF1
	.byte 0x1F, 0xF1, 0xFF, 0x17, 0xA4, 0x00, 0x37, 0x50, 0x1F, 0x03, 0xCD, 0x00, 0x86, 0x00, 0x4C, 0x03
	.byte 0xF2, 0x07, 0xC7, 0x7F, 0xFF, 0x07, 0xCC, 0x28, 0x01, 0x50, 0x1F, 0x10, 0x40, 0x0B, 0xBB, 0x03
	.byte 0xC7, 0x10, 0x62, 0xFB, 0x01, 0x51, 0x00, 0x0F, 0x03, 0xD5, 0x70, 0x3F, 0x01, 0x03, 0xFF, 0x3C
	.byte 0x03, 0x28, 0x40, 0x7D, 0x11, 0x03, 0xDA, 0x04, 0x54, 0x60, 0x1F, 0x1C, 0xAD, 0x00, 0x56, 0x1F
	.byte 0x0C, 0x79, 0xFF, 0x38, 0x79, 0x05, 0x79, 0x18, 0x05, 0x74, 0x7F, 0xB4, 0xEF, 0x54, 0xF3, 0xF3
	.byte 0xFF, 0xF0, 0x01, 0xFF, 0xF0, 0x01, 0xF0, 0x01, 0xF0, 0x01, 0xF0, 0x01, 0xF0, 0x01, 0xF0, 0x01
	.byte 0xF0, 0x01, 0xF0, 0x01, 0xFF, 0xF0, 0x01, 0xF0, 0x01, 0xF0, 0x01, 0xF0, 0x01, 0xF0, 0x01, 0xF0
	.byte 0x01, 0xF0, 0x01, 0xF0, 0x01, 0xFF, 0xF0, 0x01, 0xF0, 0x01, 0xF0, 0x01, 0xF0, 0x01, 0xF0, 0x01
	.byte 0xF0, 0x01, 0xF0, 0x01, 0xF0, 0x01, 0xFF, 0xF0, 0x01, 0xF0, 0x01, 0xF0, 0x01, 0xF7, 0xB4, 0x3E
	.byte 0x4E, 0xF0, 0x01, 0x10, 0x01, 0x0E, 0xE0, 0xFF, 0xFF, 0x84, 0x63, 0xF8, 0x02, 0xA3, 0x2A, 0x64
	.byte 0xF0, 0x03, 0xB0, 0x03, 0xF0, 0x3F, 0xD0, 0x7F, 0x7F, 0xF0, 0x13, 0x10, 0x2B, 0x2D, 0x7B, 0x38
	.byte 0x10, 0x06, 0x03, 0xF2, 0x17, 0x60, 0xF8, 0x17, 0xFF, 0xF0, 0x3F, 0x49, 0x50, 0x1E, 0xF9, 0x39
	.byte 0xDB, 0x1B, 0x94, 0xF0, 0xBF, 0xC0, 0xBF, 0x27, 0x84, 0xFF, 0x10, 0x47, 0x5C, 0x01, 0x40, 0x03
	.byte 0x20, 0x77, 0x40, 0x8F, 0xF0, 0xBF, 0x59, 0x9F, 0x04, 0x23, 0xFF, 0x23, 0xCA, 0x30, 0x71, 0x27
	.byte 0x92, 0xF0, 0x7F, 0xF0, 0x7F, 0xD0, 0xBF, 0x30, 0xFD, 0x10, 0x3F, 0xFD, 0xD1, 0x8F, 0xF0, 0x3F
	.byte 0xB0, 0x7F, 0x90, 0x6F, 0xA1, 0x3F, 0x8C, 0xC0, 0x00, 0x2C, 0x2D, 0xFF, 0xF0, 0x01, 0xD1, 0xFF
	.byte 0x10, 0x6B, 0xF0, 0x7F, 0xF0, 0x7F, 0xF0, 0x3F, 0x90, 0x2F, 0x1C, 0x94, 0xFF, 0x30, 0x93, 0xF0
	.byte 0xFF, 0xF0, 0x01, 0xF0, 0x01, 0xF0, 0x01, 0xF0, 0x01, 0xF0, 0x01, 0xF0, 0x01, 0xFF, 0xF0, 0x01
	.byte 0xF0, 0x01, 0xF0, 0x01, 0xF0, 0x01, 0xF0, 0x01, 0xF0, 0x01, 0xF0, 0x01, 0xF0, 0x01, 0xFF, 0xF0
	.byte 0x01, 0xF0, 0x01, 0xF0, 0x01, 0xF0, 0x01, 0xF0, 0x01, 0xF0, 0x01, 0xF0, 0x01, 0xF0, 0x01, 0xFF
	.byte 0xB7, 0xC0, 0x06, 0x3E, 0x36, 0xB9, 0xF0, 0x1D, 0x60, 0x1F, 0x06, 0x99, 0xFB, 0x5F, 0x52, 0x87
	.byte 0x7F, 0x1F, 0x03, 0xA3, 0x7F, 0x3E, 0xFC, 0x3F, 0x20, 0x59, 0x02, 0x13, 0x0D, 0x6B, 0x3E, 0xF9
	.byte 0xFF, 0x06, 0xE8, 0x0E, 0xFC, 0xD0, 0x2B, 0x13, 0xF9, 0x22, 0xC0, 0xFD, 0x1C, 0xAD, 0xB6, 0x20
	.byte 0xAF, 0xFF, 0xFA, 0xEF, 0x40, 0x20, 0x17, 0x25, 0xFD, 0xFB, 0xF0, 0x01, 0x5F, 0x71, 0x17, 0xD5
	.byte 0x27, 0x56, 0xFF, 0xF0, 0x4F, 0x88, 0x40, 0x13, 0x56, 0xF0, 0x01, 0x93, 0xF7, 0xF3, 0x68, 0x41
	.byte 0x01, 0x18, 0x0D, 0xFB, 0x27, 0xC8, 0x43, 0x25, 0x43, 0x27, 0xF0, 0xA0, 0x04, 0x92, 0xF1, 0x0F
	.byte 0xE1, 0x0C, 0x23, 0xFF, 0x07, 0xCE, 0x0B, 0xF7, 0xF0, 0x4B, 0x43, 0xD2, 0xF0, 0x3F, 0x8C, 0xC4
	.byte 0x20, 0x04, 0x18, 0x77, 0xFF, 0xF0, 0x3F, 0xF0, 0x01, 0x2E, 0x98, 0x04, 0xC7, 0x48, 0xF5, 0x30
	.byte 0x03, 0x00, 0x5F, 0xF1, 0x40, 0xFF, 0xF0, 0x01, 0x71, 0x20, 0x3E, 0x24, 0xF5, 0xF7, 0xF0, 0x01
	.byte 0xF0, 0x01, 0x40, 0x7F, 0x01, 0x3D, 0xBF, 0x3C, 0xCF, 0xF1, 0x1C, 0xE6, 0xFE, 0xDB, 0xF0, 0x01
	.byte 0xC0, 0x3F, 0x09, 0x3D, 0x10, 0x84, 0xFF, 0xF0, 0xBF, 0xF0, 0x01, 0xE1, 0x9F, 0x09, 0x8B, 0x0D
	.byte 0x8C, 0x34, 0xC5, 0x20, 0x7B, 0x12, 0x0B, 0xFF, 0xF1, 0xCF, 0xF0, 0x01, 0x86, 0x07, 0x36, 0xAB
	.byte 0x20, 0xFC, 0x00, 0x0B, 0x1D, 0xD6, 0xF0, 0x3F, 0xFF, 0xF0, 0x01, 0x50, 0xBF, 0x20, 0x3F, 0x51
	.byte 0x87, 0xF0, 0xBF, 0xF0, 0x01, 0xF6, 0x07, 0x57, 0x34, 0xFF, 0xF5, 0xF7, 0xF0, 0x01, 0xF1, 0x3F
	.byte 0x10, 0x73, 0x20, 0x7F, 0x00, 0x48, 0x10, 0x0B, 0xF0, 0xBF, 0xFF, 0xF0, 0x01, 0xC0, 0x3F, 0x0A
	.byte 0x92, 0xF0, 0xBF, 0xF0, 0x01, 0xF0, 0x3F, 0xF2, 0x7F, 0xF0, 0x3F, 0xFF, 0xF0, 0x01, 0xF0, 0x01
	.byte 0xF0, 0x01, 0xF0, 0x01, 0xF0, 0x01, 0xF0, 0x01, 0xF0, 0x01, 0xF0, 0x01, 0xFF, 0xF0, 0x01, 0xF0
	.byte 0x01, 0xF0, 0x01, 0xF0, 0x01, 0xF0, 0x01, 0xF0, 0x01, 0xF0, 0x01, 0xF0, 0x01, 0xFF, 0xF0, 0x01
	.byte 0xF0, 0x01, 0xF0, 0x01, 0xF0, 0x01, 0xF0, 0x01, 0xF0, 0x01, 0xF0, 0x01, 0xF0, 0x01, 0xFF, 0xF0
	.byte 0x01, 0xF0, 0x01, 0xF0, 0x01, 0xF0, 0x01, 0xF0, 0x01, 0xF0, 0x01, 0xF0, 0x01, 0xF0, 0x01, 0xFF
	.byte 0xF0, 0x01, 0xF0, 0x01, 0xF0, 0x01, 0xF0, 0x01, 0xF0, 0x01, 0xF0, 0x01, 0xF0, 0x01, 0xF0, 0x01
	.byte 0xFF, 0xF0, 0x01, 0xF0, 0x01, 0xF0, 0x01, 0xF0, 0x01, 0xF0, 0x01, 0xF0, 0x01, 0xF0, 0x01, 0xF0
	.byte 0x01, 0xFF, 0xF0, 0x01, 0xF0, 0x01, 0xF0, 0x01, 0xF0, 0x01, 0xF0, 0x01, 0xF0, 0x01, 0xF0, 0x01
	.byte 0xF0, 0x01, 0xFF, 0xF0, 0x01, 0xF0, 0x01, 0xF0, 0x01, 0xF0, 0x01, 0xF0, 0x01, 0xF0, 0x01, 0xF0
	.byte 0x01, 0xF0, 0x01, 0xFF, 0xF0, 0x01, 0xF0, 0x01, 0xF0, 0x01, 0xF0, 0x01, 0xF0, 0x01, 0xF0, 0x01
	.byte 0xF0, 0x01, 0xF0, 0x01, 0xFF, 0xF0, 0x01, 0xF0, 0x01, 0xF0, 0x01, 0xF0, 0x01, 0xF0, 0x01, 0xF0
	.byte 0x01, 0xF0, 0x01, 0xF0, 0x01, 0xFF, 0xF0, 0x01, 0xF0, 0x01, 0xF0, 0x01, 0xF0, 0x01, 0xF0, 0x01
	.byte 0xF0, 0x01, 0xF0, 0x01, 0xF0, 0x01, 0xFF, 0xF0, 0x01, 0xF0, 0x01, 0xF0, 0x01, 0xF0, 0x01, 0xF0
	.byte 0x01, 0xF0, 0x01, 0xF0, 0x01, 0xF0, 0x01, 0xFF, 0xF0, 0x01, 0xF0, 0x01, 0xF0, 0x01, 0xF0, 0x01
	.byte 0xF0, 0x01, 0xF0, 0x01, 0xF0, 0x01, 0x30, 0x01
	.globl gUnknown_8538FF4
gUnknown_8538FF4: @ 0x08538FF4
	@ Replaced baserom.gba range: offset=0x538FF4, size=0x336
	.byte 0x83, 0x01, 0x84, 0x01, 0x85, 0x01, 0x86, 0x01, 0x87, 0x01, 0x88, 0x01, 0x89, 0x01, 0x8A, 0x01
	.byte 0x8B, 0x01, 0x8C, 0x01, 0x8D, 0x01, 0x8E, 0x01, 0x8F, 0x01, 0x90, 0x01, 0x91, 0x01, 0x92, 0x01
	.byte 0x93, 0x01, 0x94, 0x01, 0x95, 0x01, 0x96, 0x01, 0x97, 0x01, 0x98, 0x01, 0x99, 0x01, 0x9A, 0x01
	.byte 0x9B, 0x01, 0x17, 0x00, 0x18, 0x00, 0x5C, 0x01, 0x0B, 0x01, 0x33, 0x01, 0x77, 0x00, 0xFF, 0x00
	.byte 0x5B, 0x01, 0x67, 0x01, 0x1B, 0x01, 0x1C, 0x01, 0xA8, 0x00, 0x9F, 0x00, 0xC9, 0x00, 0x85, 0x00
	.byte 0x4A, 0x00, 0xA7, 0x00, 0xDD, 0x00, 0x3A, 0x01, 0x5F, 0x00, 0x3B, 0x00, 0xB9, 0x00, 0x46, 0x00
	.byte 0x47, 0x00, 0xC2, 0x00, 0xDC, 0x00, 0xE3, 0x00, 0xBE, 0x00, 0xC4, 0x00, 0x2C, 0x01, 0x2D, 0x01
	.byte 0x6B, 0x00, 0xEF, 0x00, 0x7D, 0x00, 0xF4, 0x00, 0x15, 0x01, 0xA0, 0x00, 0xA2, 0x00, 0xE0, 0x00
	.byte 0x39, 0x00, 0xA1, 0x00, 0xEA, 0x00, 0x6A, 0x01, 0x15, 0x00, 0x16, 0x00, 0x8B, 0x00, 0x8A, 0x00
	.byte 0x3A, 0x00, 0x7E, 0x01, 0x44, 0x00, 0x95, 0x00, 0x7F, 0x00, 0x60, 0x01, 0x61, 0x01, 0x8F, 0x00
	.byte 0x8C, 0x00, 0x8D, 0x00, 0xED, 0x00, 0x08, 0x00, 0x09, 0x00, 0x53, 0x00, 0x68, 0x00, 0x69, 0x00
	.byte 0x0A, 0x01, 0x73, 0x00, 0x1E, 0x01, 0x1D, 0x01, 0x3E, 0x01, 0xC0, 0x00, 0xFC, 0x00, 0x0A, 0x00
	.byte 0x16, 0x01, 0x82, 0x00, 0x4E, 0x00, 0x26, 0x00, 0xCB, 0x00, 0x19, 0x01, 0xB6, 0x00, 0xE6, 0x00
	.byte 0x63, 0x00, 0x2C, 0x00, 0x2F, 0x01, 0xCC, 0x00, 0x7F, 0x01, 0xCF, 0x00, 0x06, 0x01, 0x62, 0x00
	.byte 0xD2, 0x00, 0xA9, 0x00, 0x3F, 0x00, 0x21, 0x01, 0x09, 0x01, 0x5E, 0x00, 0x80, 0x00, 0x81, 0x00
	.byte 0x51, 0x00, 0x5C, 0x00, 0x5D, 0x00, 0x44, 0x01, 0x43, 0x00, 0x0E, 0x00, 0x3C, 0x01, 0x30, 0x01
	.byte 0x36, 0x00, 0x31, 0x01, 0x25, 0x01, 0x12, 0x01, 0xE7, 0x00, 0x74, 0x01, 0x13, 0x00, 0x37, 0x00
	.byte 0x2A, 0x00, 0x4C, 0x00, 0x4B, 0x00, 0x30, 0x00, 0x1A, 0x01, 0x70, 0x00, 0x6F, 0x00, 0x70, 0x01
	.byte 0xF7, 0x00, 0xDE, 0x00, 0x4B, 0x01, 0x64, 0x01, 0x3F, 0x01, 0x6A, 0x00, 0x4F, 0x01, 0x91, 0x00
	.byte 0x87, 0x00, 0x1B, 0x00, 0x1C, 0x00, 0x75, 0x00, 0x71, 0x01, 0x5A, 0x00, 0x07, 0x01, 0x56, 0x01
	.byte 0x86, 0x00, 0xFE, 0x00, 0x57, 0x00, 0xFD, 0x00, 0x62, 0x01, 0x81, 0x01, 0xF5, 0x00, 0x79, 0x00
	.byte 0x7B, 0x00, 0x29, 0x00, 0x14, 0x01, 0x0F, 0x00, 0x61, 0x00, 0x60, 0x00, 0x07, 0x00, 0xFB, 0x00
	.byte 0x68, 0x01, 0xCA, 0x00, 0x52, 0x01, 0x13, 0x01, 0x33, 0x00, 0x74, 0x00, 0x73, 0x01, 0x11, 0x01
	.byte 0x6B, 0x01, 0x66, 0x00, 0x76, 0x01, 0x98, 0x00, 0x34, 0x01, 0xAA, 0x00, 0x66, 0x01, 0x4E, 0x01
	.byte 0x4D, 0x01, 0x22, 0x01, 0xD5, 0x00, 0x32, 0x00, 0x82, 0x01, 0x23, 0x01, 0xDF, 0x00, 0xE1, 0x00
	.byte 0xE4, 0x00, 0xB5, 0x00, 0x54, 0x00, 0x55, 0x00, 0xEB, 0x00, 0x6D, 0x00, 0x49, 0x00, 0x0D, 0x01
	.byte 0xB0, 0x00, 0xAF, 0x00, 0x26, 0x01, 0x76, 0x00, 0x53, 0x01, 0x6C, 0x01, 0x6D, 0x01, 0x0B, 0x00
	.byte 0x65, 0x01, 0xE8, 0x00, 0x42, 0x01, 0x2B, 0x00, 0x48, 0x01, 0x67, 0x00, 0x1F, 0x01, 0x54, 0x01
	.byte 0x22, 0x00, 0x1F, 0x00, 0x1D, 0x00, 0x20, 0x00, 0x1E, 0x00, 0x21, 0x00, 0x34, 0x00, 0xD7, 0x00
	.byte 0x3D, 0x00, 0xBA, 0x00, 0x3E, 0x00, 0x3C, 0x00, 0xC3, 0x00, 0x24, 0x01, 0x03, 0x01, 0xB1, 0x00
	.byte 0xB2, 0x00, 0x58, 0x01, 0x4C, 0x01, 0xCE, 0x00, 0x2B, 0x01, 0x6E, 0x01, 0x56, 0x00, 0xD0, 0x00
	.byte 0x43, 0x01, 0x27, 0x01, 0x9D, 0x00, 0x94, 0x00, 0x01, 0x01, 0x0F, 0x01, 0x0E, 0x01, 0x0C, 0x00
	.byte 0xD4, 0x00, 0x47, 0x01, 0xBB, 0x00, 0x45, 0x01, 0xF2, 0x00, 0x50, 0x01, 0x2E, 0x00, 0x2F, 0x00
	.byte 0xD3, 0x00, 0x29, 0x01, 0x7A, 0x00, 0xEC, 0x00, 0x5B, 0x00, 0x39, 0x01, 0xF8, 0x00, 0x6F, 0x01
	.byte 0xAD, 0x00, 0x0D, 0x00, 0x19, 0x00, 0x24, 0x00, 0x12, 0x00, 0x11, 0x00, 0xAC, 0x00, 0x23, 0x00
	.byte 0x04, 0x00, 0x78, 0x00, 0x9B, 0x00, 0x49, 0x01, 0xBF, 0x00, 0xD8, 0x00, 0x64, 0x00, 0x5D, 0x01
	.byte 0x92, 0x00, 0x88, 0x00, 0x41, 0x00, 0x7E, 0x00, 0x46, 0x01, 0xCD, 0x00, 0x28, 0x00, 0x02, 0x00
	.byte 0x01, 0x00, 0x03, 0x00, 0x8E, 0x00, 0xF0, 0x00, 0xAE, 0x00, 0x4A, 0x01, 0x37, 0x01, 0xC5, 0x00
	.byte 0x90, 0x00, 0x27, 0x00, 0xD1, 0x00, 0x55, 0x01, 0x99, 0x00, 0x58, 0x00, 0x59, 0x00, 0xD6, 0x00
	.byte 0x17, 0x01, 0xE5, 0x00, 0x35, 0x00, 0x6C, 0x00, 0xFA, 0x00, 0x41, 0x01, 0x40, 0x01, 0xA3, 0x00
	.byte 0x75, 0x01, 0x32, 0x01, 0x05, 0x01, 0x10, 0x00, 0x4D, 0x00, 0xBC, 0x00, 0x89, 0x00, 0xE9, 0x00
	.byte 0x5F, 0x01, 0x38, 0x01, 0xDB, 0x00, 0x28, 0x01, 0xDA, 0x00, 0x9C, 0x00, 0x45, 0x00, 0x6E, 0x00
	.byte 0x08, 0x01, 0x0C, 0x01, 0xB7, 0x00, 0xB8, 0x00, 0x3D, 0x01, 0x65, 0x00, 0x38, 0x00, 0xE2, 0x00
	.byte 0x02, 0x01, 0x93, 0x00, 0x97, 0x00, 0x96, 0x00, 0xF1, 0x00, 0x5E, 0x01, 0xC8, 0x00, 0xEE, 0x00
	.byte 0x9A, 0x00, 0x78, 0x01, 0x84, 0x00, 0x77, 0x01, 0x48, 0x00, 0xB3, 0x00, 0xB4, 0x00, 0x31, 0x00
	.byte 0x72, 0x00, 0x57, 0x01, 0xC7, 0x00, 0x50, 0x00, 0x4F, 0x00, 0xC6, 0x00, 0x2E, 0x01, 0x20, 0x01
	.byte 0xC1, 0x00, 0x69, 0x01, 0x5A, 0x01, 0x40, 0x00, 0xF6, 0x00, 0x63, 0x01, 0xA4, 0x00, 0xF3, 0x00
	.byte 0x1A, 0x00, 0x36, 0x01, 0x04, 0x01, 0x35, 0x01, 0x71, 0x00, 0x14, 0x00, 0x7C, 0x01, 0x7D, 0x01
	.byte 0x72, 0x01, 0x83, 0x00, 0x2D, 0x00, 0x18, 0x01, 0xAB, 0x00, 0x05, 0x00, 0x06, 0x00, 0x59, 0x01
	.byte 0xD9, 0x00, 0x7C, 0x00, 0xF9, 0x00, 0x51, 0x01, 0x2A, 0x01, 0x10, 0x01, 0x52, 0x00, 0x7A, 0x01
	.byte 0x7B, 0x01, 0x79, 0x01, 0x80, 0x01, 0xA6, 0x00, 0xA5, 0x00, 0x25, 0x00, 0x3B, 0x01, 0x00, 0x01
	.byte 0xBD, 0x00, 0x9E, 0x00, 0x42, 0x00
	.globl gUnknown_853932A
gUnknown_853932A: @ 0x0853932A
	@ Replaced baserom.gba range: offset=0x53932A, size=0x304
	.byte 0x5C, 0x00, 0x5D, 0x00, 0xBB, 0x00, 0x32, 0x00, 0x5F, 0x01, 0x6D, 0x00, 0xAE, 0x00, 0xC8, 0x00
	.byte 0x66, 0x01, 0xBC, 0x00, 0x81, 0x01, 0x4D, 0x01, 0x24, 0x01, 0xAF, 0x00, 0x1B, 0x01, 0x10, 0x00
	.byte 0xBF, 0x00, 0x53, 0x01, 0xAC, 0x00, 0x2A, 0x01, 0x3B, 0x01, 0xB1, 0x00, 0x15, 0x00, 0xC6, 0x00
	.byte 0x61, 0x01, 0x14, 0x01, 0x66, 0x00, 0xFF, 0x00, 0x0E, 0x01, 0x0A, 0x00, 0xBD, 0x00, 0xAD, 0x00
	.byte 0x0D, 0x00, 0xB0, 0x00, 0x93, 0x00, 0x13, 0x00, 0x1C, 0x01, 0x09, 0x01, 0xD3, 0x00, 0x97, 0x00
	.byte 0x5A, 0x00, 0x11, 0x01, 0x84, 0x00, 0x45, 0x00, 0x37, 0x01, 0x34, 0x00, 0x38, 0x01, 0x1D, 0x01
	.byte 0xFB, 0x00, 0xDE, 0x00, 0xFC, 0x00, 0x47, 0x01, 0xC9, 0x00, 0x2E, 0x00, 0x2B, 0x00, 0x27, 0x00
	.byte 0x22, 0x01, 0xB6, 0x00, 0x51, 0x00, 0x19, 0x00, 0xEE, 0x00, 0xA1, 0x00, 0x46, 0x00, 0x98, 0x00
	.byte 0xDC, 0x00, 0x85, 0x00, 0x62, 0x00, 0x68, 0x00, 0x18, 0x01, 0x01, 0x00, 0x17, 0x00, 0x1D, 0x00
	.byte 0xCC, 0x00, 0x5D, 0x01, 0x8A, 0x00, 0x29, 0x00, 0x23, 0x00, 0x02, 0x01, 0xD1, 0x00, 0xB3, 0x00
	.byte 0x9B, 0x00, 0x74, 0x00, 0x04, 0x00, 0xC0, 0x00, 0xB7, 0x00, 0xC2, 0x00, 0xA7, 0x00, 0x2C, 0x00
	.byte 0x72, 0x01, 0xD8, 0x00, 0x20, 0x00, 0x07, 0x00, 0x16, 0x01, 0x9E, 0x00, 0x6E, 0x00, 0x25, 0x00
	.byte 0x0B, 0x00, 0x0A, 0x01, 0x81, 0x00, 0x0E, 0x00, 0x3C, 0x01, 0x64, 0x00, 0xA5, 0x00, 0xE4, 0x00
	.byte 0x2C, 0x01, 0x2E, 0x01, 0x33, 0x01, 0x55, 0x01, 0xBE, 0x00, 0x0C, 0x01, 0x2F, 0x01, 0x8C, 0x00
	.byte 0x28, 0x00, 0x1B, 0x00, 0xDF, 0x00, 0x23, 0x01, 0xAA, 0x00, 0x3C, 0x00, 0x5B, 0x01, 0x31, 0x00
	.byte 0x62, 0x01, 0x02, 0x00, 0xB4, 0x00, 0x05, 0x01, 0x68, 0x01, 0xCE, 0x00, 0xB2, 0x00, 0x63, 0x01
	.byte 0x53, 0x00, 0x48, 0x01, 0x76, 0x00, 0x35, 0x01, 0x49, 0x01, 0x47, 0x00, 0x99, 0x00, 0xE1, 0x00
	.byte 0x25, 0x01, 0x94, 0x00, 0x69, 0x01, 0x07, 0x01, 0x3A, 0x01, 0x39, 0x01, 0x14, 0x00, 0x2D, 0x00
	.byte 0x9C, 0x00, 0x05, 0x00, 0x3A, 0x00, 0x00, 0x01, 0x42, 0x00, 0x3F, 0x00, 0x21, 0x00, 0x36, 0x00
	.byte 0x15, 0x01, 0x26, 0x00, 0x1E, 0x00, 0x3D, 0x00, 0x4A, 0x00, 0x19, 0x01, 0xD5, 0x00, 0x4E, 0x01
	.byte 0x3E, 0x01, 0xEC, 0x00, 0xA3, 0x00, 0xF0, 0x00, 0x57, 0x01, 0xFD, 0x00, 0x60, 0x01, 0xAB, 0x00
	.byte 0x08, 0x00, 0x70, 0x01, 0x71, 0x01, 0xEF, 0x00, 0x54, 0x01, 0x59, 0x01, 0x42, 0x01, 0x1F, 0x01
	.byte 0x87, 0x00, 0x9F, 0x00, 0x88, 0x00, 0x75, 0x00, 0xC4, 0x00, 0x6F, 0x01, 0xC5, 0x00, 0x03, 0x01
	.byte 0x12, 0x01, 0xD7, 0x00, 0x38, 0x00, 0x17, 0x01, 0x0B, 0x01, 0xE0, 0x00, 0xB8, 0x00, 0xCA, 0x00
	.byte 0x86, 0x00, 0x1C, 0x00, 0x2F, 0x00, 0x0F, 0x00, 0x59, 0x00, 0x11, 0x00, 0x58, 0x00, 0x1A, 0x00
	.byte 0x4D, 0x00, 0x7D, 0x00, 0x30, 0x00, 0x45, 0x01, 0x64, 0x01, 0x34, 0x01, 0x0D, 0x01, 0x35, 0x00
	.byte 0x0C, 0x00, 0x39, 0x00, 0x60, 0x00, 0xA2, 0x00, 0xE9, 0x00, 0x0F, 0x01, 0x08, 0x01, 0x2D, 0x01
	.byte 0x56, 0x01, 0x33, 0x00, 0xA8, 0x00, 0xE7, 0x00, 0xBA, 0x00, 0x78, 0x00, 0x71, 0x00, 0x8B, 0x00
	.byte 0x72, 0x00, 0xDA, 0x00, 0xE5, 0x00, 0xA6, 0x00, 0x4F, 0x00, 0x89, 0x00, 0x06, 0x01, 0xC1, 0x00
	.byte 0x16, 0x00, 0xB9, 0x00, 0x77, 0x00, 0x1E, 0x01, 0x54, 0x00, 0x12, 0x00, 0x6B, 0x01, 0x24, 0x00
	.byte 0x7C, 0x01, 0x36, 0x01, 0x4F, 0x01, 0x8D, 0x00, 0x5E, 0x00, 0x26, 0x01, 0x7C, 0x00, 0xA4, 0x00
	.byte 0xCB, 0x00, 0x73, 0x01, 0x7E, 0x00, 0x69, 0x00, 0x48, 0x00, 0x20, 0x01, 0xF2, 0x00, 0x67, 0x01
	.byte 0x41, 0x00, 0xED, 0x00, 0x1A, 0x01, 0xD2, 0x00, 0x6A, 0x00, 0x6B, 0x00, 0xE3, 0x00, 0x4B, 0x01
	.byte 0x01, 0x01, 0xFE, 0x00, 0x50, 0x01, 0x6E, 0x01, 0x91, 0x00, 0xD6, 0x00, 0x3E, 0x00, 0x7A, 0x00
	.byte 0x7F, 0x00, 0x10, 0x01, 0x49, 0x00, 0x2A, 0x00, 0xDB, 0x00, 0x90, 0x00, 0xDD, 0x00, 0x7B, 0x00
	.byte 0x40, 0x00, 0xEB, 0x00, 0x8E, 0x00, 0x13, 0x01, 0x63, 0x00, 0x1F, 0x00, 0x52, 0x00, 0x30, 0x01
	.byte 0x7D, 0x01, 0x92, 0x00, 0x5A, 0x01, 0x82, 0x01, 0xB5, 0x00, 0x22, 0x00, 0xCF, 0x00, 0x18, 0x00
	.byte 0x6C, 0x00, 0x65, 0x00, 0x5C, 0x01, 0x43, 0x00, 0xEA, 0x00, 0x46, 0x01, 0xF6, 0x00, 0xA9, 0x00
	.byte 0xC3, 0x00, 0xF1, 0x00, 0x61, 0x00, 0x37, 0x00, 0x4C, 0x01, 0x50, 0x00, 0x9D, 0x00, 0xC7, 0x00
	.byte 0x73, 0x00, 0x79, 0x00, 0x3D, 0x01, 0x44, 0x01, 0x04, 0x01, 0x4A, 0x01, 0x27, 0x01, 0x55, 0x00
	.byte 0x09, 0x00, 0x28, 0x01, 0x6C, 0x01, 0x80, 0x00, 0x3F, 0x01, 0xA0, 0x00, 0x56, 0x00, 0x06, 0x00
	.byte 0x4E, 0x00, 0x76, 0x01, 0x2B, 0x01, 0x03, 0x00, 0x65, 0x01, 0x9A, 0x00, 0x75, 0x01, 0x4B, 0x00
	.byte 0x58, 0x01, 0x74, 0x01, 0x6F, 0x00, 0xD4, 0x00, 0x57, 0x00, 0x70, 0x00, 0xE8, 0x00, 0x67, 0x00
	.byte 0x31, 0x01, 0x96, 0x00, 0xD9, 0x00, 0xCD, 0x00, 0x44, 0x00, 0x40, 0x01, 0x21, 0x01, 0x5B, 0x00
	.byte 0x6D, 0x01, 0xF7, 0x00, 0xE6, 0x00, 0x52, 0x01, 0x3B, 0x00, 0x5E, 0x01, 0x51, 0x01, 0x7A, 0x01
	.byte 0xF3, 0x00, 0xF5, 0x00, 0xF4, 0x00, 0xFA, 0x00, 0xF8, 0x00, 0x77, 0x01, 0x7B, 0x01, 0x80, 0x01
	.byte 0x5F, 0x00, 0x95, 0x00, 0xF9, 0x00, 0x83, 0x00, 0x43, 0x01, 0xE2, 0x00, 0x79, 0x01, 0x82, 0x00
	.byte 0x29, 0x01, 0x6A, 0x01, 0x4C, 0x00, 0x7E, 0x01, 0x32, 0x01, 0x41, 0x01, 0xD0, 0x00, 0x8F, 0x00
	.byte 0x78, 0x01, 0x7F, 0x01
	.globl gUnknown_853962E
gUnknown_853962E: @ 0x0853962E
	@ Replaced baserom.gba range: offset=0x53962E, size=0x4B6
	.byte 0x32, 0x00, 0x2A, 0x01, 0xB1, 0x00, 0x0D, 0x00, 0xAC, 0x00, 0xAD, 0x00, 0xAF, 0x00, 0x5F, 0x01
	.byte 0xAE, 0x00, 0x0A, 0x00, 0x14, 0x01, 0x84, 0x00, 0x85, 0x00, 0x3B, 0x01, 0x15, 0x00, 0x10, 0x00
	.byte 0xBF, 0x00, 0x5A, 0x00, 0x13, 0x00, 0x51, 0x00, 0x2E, 0x00, 0x09, 0x01, 0x81, 0x01, 0x68, 0x00
	.byte 0x02, 0x01, 0xC2, 0x00, 0x74, 0x00, 0x34, 0x00, 0x1D, 0x00, 0xDC, 0x00, 0x97, 0x00, 0x4D, 0x01
	.byte 0x30, 0x01, 0x37, 0x01, 0x38, 0x01, 0x66, 0x00, 0x19, 0x00, 0xB6, 0x00, 0x3C, 0x01, 0x07, 0x01
	.byte 0x1D, 0x01, 0x8A, 0x00, 0x4B, 0x01, 0x62, 0x00, 0x18, 0x01, 0xBB, 0x00, 0xFF, 0x00, 0x6E, 0x01
	.byte 0x4A, 0x00, 0xB7, 0x00, 0x53, 0x01, 0xEE, 0x00, 0x64, 0x00, 0x22, 0x01, 0x2E, 0x01, 0xC6, 0x00
	.byte 0xD3, 0x00, 0x07, 0x00, 0xFC, 0x00, 0x57, 0x01, 0x2B, 0x00, 0x0E, 0x01, 0x27, 0x00, 0x1B, 0x01
	.byte 0x9B, 0x00, 0x8C, 0x00, 0x08, 0x01, 0x44, 0x01, 0x20, 0x00, 0xA7, 0x00, 0x38, 0x00, 0x11, 0x01
	.byte 0x05, 0x01, 0xE7, 0x00, 0xC9, 0x00, 0xAA, 0x00, 0xE9, 0x00, 0x3C, 0x00, 0x73, 0x01, 0x5D, 0x01
	.byte 0x61, 0x01, 0x9E, 0x00, 0xFB, 0x00, 0x68, 0x01, 0x1B, 0x00, 0x66, 0x01, 0x72, 0x01, 0xE4, 0x00
	.byte 0x0A, 0x01, 0x35, 0x01, 0x04, 0x00, 0x33, 0x01, 0x16, 0x01, 0xDF, 0x00, 0x55, 0x01, 0xDE, 0x00
	.byte 0x3A, 0x01, 0xD1, 0x00, 0x25, 0x00, 0xF6, 0x00, 0x76, 0x01, 0x25, 0x01, 0xCC, 0x00, 0xEF, 0x00
	.byte 0x23, 0x00, 0xD5, 0x00, 0xD8, 0x00, 0x0E, 0x00, 0x2C, 0x01, 0xB0, 0x00, 0x76, 0x00, 0x2F, 0x01
	.byte 0xB3, 0x00, 0xBC, 0x00, 0x6D, 0x00, 0x33, 0x00, 0x0C, 0x01, 0x42, 0x01, 0x5B, 0x01, 0x39, 0x01
	.byte 0xA3, 0x00, 0x48, 0x01, 0x45, 0x01, 0x0B, 0x00, 0x45, 0x00, 0x69, 0x01, 0x14, 0x00, 0x03, 0x01
	.byte 0x15, 0x01, 0xF0, 0x00, 0x3A, 0x00, 0xC8, 0x00, 0x01, 0x00, 0xEC, 0x00, 0xDA, 0x00, 0x1F, 0x01
	.byte 0x19, 0x01, 0xBE, 0x00, 0x87, 0x00, 0x1E, 0x00, 0xB8, 0x00, 0x24, 0x01, 0x42, 0x00, 0x23, 0x01
	.byte 0x1C, 0x01, 0x63, 0x01, 0xC0, 0x00, 0xBD, 0x00, 0x78, 0x00, 0xB4, 0x00, 0x6B, 0x01, 0x36, 0x00
	.byte 0xDB, 0x00, 0x53, 0x00, 0x29, 0x00, 0x89, 0x00, 0xA1, 0x00, 0x3E, 0x01, 0x2C, 0x00, 0x1A, 0x00
	.byte 0x81, 0x00, 0xD7, 0x00, 0x31, 0x01, 0x00, 0x01, 0xE0, 0x00, 0x21, 0x00, 0x88, 0x00, 0xE1, 0x00
	.byte 0x48, 0x00, 0x3F, 0x00, 0xFD, 0x00, 0x54, 0x01, 0x9C, 0x00, 0xC4, 0x00, 0x58, 0x00, 0x98, 0x00
	.byte 0x46, 0x01, 0x2B, 0x01, 0x35, 0x00, 0x06, 0x01, 0x30, 0x00, 0x52, 0x00, 0x4D, 0x00, 0x28, 0x01
	.byte 0x51, 0x01, 0x1C, 0x00, 0x60, 0x00, 0x72, 0x00, 0x39, 0x00, 0xA5, 0x00, 0x28, 0x00, 0x2F, 0x00
	.byte 0x8B, 0x00, 0x26, 0x01, 0x08, 0x00, 0x4B, 0x00, 0xC5, 0x00, 0x59, 0x01, 0x3D, 0x00, 0x86, 0x00
	.byte 0x0F, 0x00, 0x69, 0x00, 0x46, 0x00, 0x71, 0x01, 0x6F, 0x00, 0x02, 0x00, 0x60, 0x01, 0x12, 0x01
	.byte 0x0B, 0x01, 0x11, 0x00, 0xA8, 0x00, 0x56, 0x00, 0xBA, 0x00, 0x9F, 0x00, 0x71, 0x00, 0x62, 0x01
	.byte 0xE8, 0x00, 0x79, 0x00, 0x05, 0x00, 0xDD, 0x00, 0x0C, 0x00, 0x49, 0x01, 0x7D, 0x00, 0x56, 0x01
	.byte 0x2D, 0x01, 0x4E, 0x01, 0x74, 0x01, 0x26, 0x00, 0xCF, 0x00, 0x6C, 0x01, 0x47, 0x01, 0xF7, 0x00
	.byte 0x4F, 0x00, 0x52, 0x01, 0xF1, 0x00, 0x16, 0x00, 0x2D, 0x00, 0x59, 0x00, 0xCD, 0x00, 0xB9, 0x00
	.byte 0x67, 0x01, 0xC1, 0x00, 0x0D, 0x01, 0x6C, 0x00, 0xEB, 0x00, 0xAB, 0x00, 0x65, 0x00, 0x0F, 0x01
	.byte 0x1E, 0x01, 0x99, 0x00, 0x75, 0x00, 0x6E, 0x00, 0x17, 0x01, 0x77, 0x01, 0x1F, 0x00, 0x4C, 0x01
	.byte 0x13, 0x01, 0x34, 0x01, 0x4F, 0x01, 0x8D, 0x00, 0x63, 0x00, 0x40, 0x00, 0x77, 0x00, 0x24, 0x00
	.byte 0x7E, 0x00, 0xCA, 0x00, 0x5C, 0x00, 0x7A, 0x00, 0x3E, 0x00, 0x80, 0x00, 0x7C, 0x01, 0xB5, 0x00
	.byte 0x20, 0x01, 0xA6, 0x00, 0x4C, 0x00, 0x6D, 0x01, 0x54, 0x00, 0xE5, 0x00, 0x22, 0x00, 0x7C, 0x00
	.byte 0x6B, 0x00, 0xEA, 0x00, 0xD2, 0x00, 0xED, 0x00, 0xC3, 0x00, 0x58, 0x01, 0x04, 0x01, 0xF2, 0x00
	.byte 0x10, 0x01, 0x27, 0x01, 0xCE, 0x00, 0x7F, 0x00, 0x5B, 0x00, 0x43, 0x00, 0xCB, 0x00, 0x12, 0x00
	.byte 0xB2, 0x00, 0x5A, 0x01, 0x6A, 0x00, 0x31, 0x00, 0x5E, 0x00, 0xD6, 0x00, 0x6A, 0x01, 0x7B, 0x00
	.byte 0x75, 0x01, 0x36, 0x01, 0x5C, 0x01, 0x41, 0x00, 0x61, 0x00, 0xA4, 0x00, 0x49, 0x00, 0x64, 0x01
	.byte 0x91, 0x00, 0x2A, 0x00, 0x78, 0x01, 0x1A, 0x01, 0x09, 0x00, 0x50, 0x00, 0x5D, 0x00, 0x44, 0x00
	.byte 0x79, 0x01, 0x3D, 0x01, 0xFE, 0x00, 0xE3, 0x00, 0x37, 0x00, 0x82, 0x01, 0x47, 0x00, 0x4E, 0x00
	.byte 0x06, 0x00, 0x6F, 0x01, 0x57, 0x00, 0x90, 0x00, 0x9D, 0x00, 0x8E, 0x00, 0x70, 0x01, 0xD9, 0x00
	.byte 0x9A, 0x00, 0x7A, 0x01, 0xD4, 0x00, 0xE6, 0x00, 0x93, 0x00, 0x55, 0x00, 0x3F, 0x01, 0xA9, 0x00
	.byte 0xA2, 0x00, 0x3B, 0x00, 0xF3, 0x00, 0x01, 0x01, 0x43, 0x01, 0x70, 0x00, 0x7B, 0x01, 0x17, 0x00
	.byte 0x4A, 0x01, 0x65, 0x01, 0x7D, 0x01, 0xF5, 0x00, 0x92, 0x00, 0x03, 0x00, 0x67, 0x00, 0xC7, 0x00
	.byte 0xF8, 0x00, 0x21, 0x01, 0x40, 0x01, 0x96, 0x00, 0x32, 0x01, 0x8F, 0x00, 0xE2, 0x00, 0xF4, 0x00
	.byte 0x95, 0x00, 0x73, 0x00, 0x29, 0x01, 0xA0, 0x00, 0x83, 0x00, 0x50, 0x01, 0x18, 0x00, 0x7F, 0x01
	.byte 0xFA, 0x00, 0x94, 0x00, 0x7E, 0x01, 0xF9, 0x00, 0x5E, 0x01, 0x82, 0x00, 0x80, 0x01, 0x5F, 0x00
	.byte 0xD0, 0x00, 0x41, 0x01, 0x00, 0x00, 0xA0, 0x00, 0x00, 0x00, 0x00, 0x04, 0x00, 0x00, 0xA0, 0x40
	.byte 0x00, 0x00, 0x00, 0x00, 0x00, 0x00, 0xA0, 0x40, 0x00, 0x80, 0x00, 0x00, 0x00, 0x00, 0xA0, 0x08
	.byte 0x00, 0x80, 0x00, 0x04, 0x00, 0x00, 0xA0, 0x40, 0x00, 0xC0, 0x00, 0x00, 0x00, 0x00, 0xA0, 0x80
	.byte 0x00, 0x00, 0x00, 0x00, 0x00, 0x00, 0x03, 0x00, 0x1E, 0x00, 0xFF, 0xFF, 0x00, 0x00, 0x01, 0x00
	.byte 0x1E, 0x00, 0xFF, 0xFF, 0x00, 0x00, 0x10, 0x00, 0x1E, 0x00, 0xFF, 0xFF, 0x00, 0x00, 0x30, 0x00
	.byte 0x1E, 0x00, 0xFF, 0xFF, 0x00, 0x00, 0x28, 0x00, 0x1E, 0x00, 0xFF, 0xFF, 0x00, 0x00, 0x20, 0x00
	.byte 0x1E, 0x00, 0xFF, 0xFF, 0x00, 0x00, 0x38, 0x00, 0x1E, 0x00, 0xFF, 0xFF, 0x00, 0x00, 0x40, 0x00
	.byte 0x1E, 0x00, 0xFF, 0xFF, 0x00, 0x00, 0x60, 0x00, 0x1E, 0x00, 0xFF, 0xFF, 0x00, 0x00, 0xA0, 0x00
	.byte 0x1E, 0x00, 0xFF, 0xFF, 0x00, 0x00, 0xA8, 0x00, 0x1E, 0x00, 0xFF, 0xFF, 0x00, 0x00, 0x80, 0x00
	.byte 0x1E, 0x00, 0xFF, 0xFF, 0x00, 0x00, 0x82, 0x00, 0x1E, 0x00, 0xFF, 0xFF, 0x00, 0x00, 0x84, 0x00
	.byte 0x1E, 0x00, 0xFF, 0xFF, 0x00, 0x00, 0x86, 0x00, 0x1E, 0x00, 0xFF, 0xFF, 0x00, 0x00, 0x88, 0x00
	.byte 0x1E, 0x00, 0xFF, 0xFF, 0x00, 0x00, 0x8A, 0x00, 0x1E, 0x00, 0xFF, 0xFF, 0x00, 0x00, 0x8C, 0x00
	.byte 0x1E, 0x00, 0xFF, 0xFF, 0x00, 0x00, 0x8E, 0x00, 0x1E, 0x00, 0xFF, 0xFF, 0x00, 0x00, 0x90, 0x00
	.byte 0x1E, 0x00, 0xFF, 0xFF, 0x00, 0x00, 0x92, 0x00, 0x1E, 0x00, 0xFF, 0xFF, 0x00, 0x00, 0xB0, 0x00
	.byte 0x1E, 0x00, 0xFF, 0xFF, 0x00, 0x00, 0xB2, 0x00, 0x1E, 0x00, 0xFF, 0xFF, 0x00, 0x00, 0xB4, 0x00
	.byte 0x1E, 0x00, 0xFF, 0xFF, 0x00, 0x00, 0xB6, 0x00, 0x1E, 0x00, 0xFF, 0xFF, 0x00, 0x00, 0xB8, 0x00
	.byte 0x1E, 0x00, 0xFF, 0xFF, 0x00, 0x00, 0xBA, 0x00, 0x1E, 0x00, 0xFF, 0xFF, 0x00, 0x00, 0xBC, 0x00
	.byte 0x1E, 0x00, 0xFF, 0xFF, 0x00, 0x00, 0xBE, 0x00, 0x1E, 0x00, 0xFF, 0xFF, 0x00, 0x00, 0xC0, 0x00
	.byte 0x1E, 0x00, 0xFF, 0xFF, 0x00, 0x00, 0xC2, 0x00, 0x1E, 0x00, 0xFF, 0xFF, 0x00, 0x00, 0x04, 0x00
	.byte 0x1E, 0x00, 0xFF, 0xFF, 0x00, 0x00, 0x64, 0x99, 0x53, 0x08, 0x6C, 0x99, 0x53, 0x08, 0x74, 0x99
	.byte 0x53, 0x08, 0x7C, 0x99, 0x53, 0x08, 0x84, 0x99, 0x53, 0x08, 0x8C, 0x99, 0x53, 0x08, 0x94, 0x99
	.byte 0x53, 0x08, 0x9C, 0x99, 0x53, 0x08, 0xA4, 0x99, 0x53, 0x08, 0xAC, 0x99, 0x53, 0x08, 0xB4, 0x99
	.byte 0x53, 0x08, 0xBC, 0x99, 0x53, 0x08, 0xC4, 0x99, 0x53, 0x08, 0xCC, 0x99, 0x53, 0x08, 0xD4, 0x99
	.byte 0x53, 0x08, 0xDC, 0x99, 0x53, 0x08, 0xE4, 0x99, 0x53, 0x08, 0xEC, 0x99, 0x53, 0x08, 0xF4, 0x99
	.byte 0x53, 0x08, 0xFC, 0x99, 0x53, 0x08, 0x04, 0x9A, 0x53, 0x08, 0x0C, 0x9A, 0x53, 0x08, 0x14, 0x9A
	.byte 0x53, 0x08, 0x1C, 0x9A, 0x53, 0x08, 0x24, 0x9A, 0x53, 0x08, 0x2C, 0x9A, 0x53, 0x08, 0x34, 0x9A
	.byte 0x53, 0x08, 0x3C, 0x9A, 0x53, 0x08, 0x44, 0x9A, 0x53, 0x08, 0x4C, 0x9A, 0x53, 0x08, 0x54, 0x9A
	.byte 0x53, 0x08, 0x5C, 0x9A, 0x53, 0x08
	.globl gUnknown_8539AE4
gUnknown_8539AE4: @ 0x08539AE4
	@ Replaced baserom.gba range: offset=0x539AE4, size=0x18
	.byte 0x00, 0x10, 0x00, 0x10, 0x34, 0x99, 0x53, 0x08, 0x64, 0x9A, 0x53, 0x08, 0x00, 0x00, 0x00, 0x00
	.byte 0x10, 0xF3, 0x2B, 0x08, 0xA5, 0xDD, 0x0B, 0x08
	.globl gUnknown_8539AFC
gUnknown_8539AFC: @ 0x08539AFC
	@ Replaced baserom.gba range: offset=0x539AFC, size=0x18
	.byte 0x00, 0x10, 0x00, 0x10, 0x3C, 0x99, 0x53, 0x08, 0x68, 0x9A, 0x53, 0x08, 0x00, 0x00, 0x00, 0x00
	.byte 0x10, 0xF3, 0x2B, 0x08, 0xF9, 0xDD, 0x0B, 0x08
	.globl gUnknown_8539B14
gUnknown_8539B14: @ 0x08539B14
	@ Replaced baserom.gba range: offset=0x539B14, size=0x18
	.byte 0x00, 0x10, 0x00, 0x10, 0x44, 0x99, 0x53, 0x08, 0x70, 0x9A, 0x53, 0x08, 0x00, 0x00, 0x00, 0x00
	.byte 0x10, 0xF3, 0x2B, 0x08, 0xF9, 0xDE, 0x0B, 0x08
	.globl gUnknown_8539B2C
gUnknown_8539B2C: @ 0x08539B2C
	@ Replaced baserom.gba range: offset=0x539B2C, size=0x18
	.byte 0x00, 0x10, 0x00, 0x10, 0x4C, 0x99, 0x53, 0x08, 0x6C, 0x9A, 0x53, 0x08, 0x00, 0x00, 0x00, 0x00
	.byte 0x10, 0xF3, 0x2B, 0x08, 0x21, 0xDF, 0x0B, 0x08
	.globl gUnknown_8539B44
gUnknown_8539B44: @ 0x08539B44
	@ Replaced baserom.gba range: offset=0x539B44, size=0x18
	.byte 0x00, 0x10, 0x00, 0x10, 0x54, 0x99, 0x53, 0x08, 0x80, 0x9A, 0x53, 0x08, 0x00, 0x00, 0x00, 0x00
	.byte 0x10, 0xF3, 0x2B, 0x08, 0xED, 0xDB, 0x0B, 0x08
	.globl gUnknown_8539B5C
gUnknown_8539B5C: @ 0x08539B5C
	@ Replaced baserom.gba range: offset=0x539B5C, size=0x18
	.byte 0x00, 0x10, 0x00, 0x10, 0x44, 0x99, 0x53, 0x08, 0x88, 0x9A, 0x53, 0x08, 0x00, 0x00, 0x00, 0x00
	.byte 0x10, 0xF3, 0x2B, 0x08, 0xED, 0xDB, 0x0B, 0x08
	.globl gUnknown_8539B74
gUnknown_8539B74: @ 0x08539B74
	@ Replaced baserom.gba range: offset=0x539B74, size=0x18
	.byte 0x00, 0x10, 0x00, 0x10, 0x5C, 0x99, 0x53, 0x08, 0x90, 0x9A, 0x53, 0x08, 0x00, 0x00, 0x00, 0x00
	.byte 0x10, 0xF3, 0x2B, 0x08, 0xED, 0xDB, 0x0B, 0x08
	.globl gUnknown_8539B8C
gUnknown_8539B8C: @ 0x08539B8C
	@ Replaced baserom.gba range: offset=0x539B8C, size=0x18
	.byte 0x00, 0x10, 0x00, 0x10, 0x5C, 0x99, 0x53, 0x08, 0xB8, 0x9A, 0x53, 0x08, 0x00, 0x00, 0x00, 0x00
	.byte 0x10, 0xF3, 0x2B, 0x08, 0xED, 0xDB, 0x0B, 0x08
	.globl gUnknown_8539BA4
gUnknown_8539BA4: @ 0x08539BA4
	@ Replaced baserom.gba range: offset=0x539BA4, size=0x18
	.byte 0x00, 0x10, 0x00, 0x10, 0x5C, 0x99, 0x53, 0x08, 0xE0, 0x9A, 0x53, 0x08, 0x00, 0x00, 0x00, 0x00
	.byte 0x10, 0xF3, 0x2B, 0x08, 0xD5, 0xDF, 0x0B, 0x08
	.globl gUnknown_8539BBC
gUnknown_8539BBC: @ 0x08539BBC
	@ Replaced baserom.gba range: offset=0x539BBC, size=0x10
	.byte 0xEC, 0x88, 0x53, 0x08, 0x00, 0x20, 0x00, 0x10, 0x00, 0x00, 0x00, 0x00, 0x00, 0x00, 0x00, 0x00
	.globl gUnknown_8539BCC
gUnknown_8539BCC: @ 0x08539BCC
	@ Replaced baserom.gba range: offset=0x539BCC, size=0x10
	.byte 0x20, 0x74, 0x53, 0x08, 0x00, 0x10, 0x00, 0x00, 0x00, 0x00, 0x00, 0x00, 0x00, 0x00, 0x00, 0x00
	.globl gUnknown_8539BDC
gUnknown_8539BDC: @ 0x08539BDC
	@ Replaced baserom.gba range: offset=0x539BDC, size=0x5
	.byte 0x04, 0x08, 0x10, 0x20, 0x20
	.globl gUnknown_8539BE1
gUnknown_8539BE1: @ 0x08539BE1
	@ Replaced baserom.gba range: offset=0x539BE1, size=0x7
	.byte 0x08, 0x04, 0x02, 0x01, 0x01, 0x00, 0x00
	.globl gUnknown_8539BE8
gUnknown_8539BE8: @ 0x08539BE8
	@ Replaced baserom.gba range: offset=0x539BE8, size=0x10
	.byte 0xC0, 0x00, 0x00, 0x00, 0xD1, 0x10, 0x00, 0x00, 0xEA, 0x20, 0x00, 0x00, 0xF3, 0x30, 0x00, 0x00
	.globl gUnknown_8539BF8
gUnknown_8539BF8: @ 0x08539BF8
	@ Replaced baserom.gba range: offset=0x539BF8, size=0x10
	.byte 0x02, 0x00, 0x00, 0x20, 0x20, 0x00, 0x01, 0x00, 0xFF, 0x00, 0x00, 0x00, 0x00, 0x00, 0x00, 0x00
	.globl gUnknown_8539C08
gUnknown_8539C08: @ 0x08539C08

	@ src/pokedex.c:850 sText_No000
	.globl gText_Rom_539C08
gText_Rom_539C08: @ 0x08539C08
	.string "{NO}000$"
	.if (. - gText_Rom_539C08) > 0x6
	.error "gText_Rom_539C08 may not grow beyond its original slot"
	.endif
	.if (. - gText_Rom_539C08) < 0x6
	.space 0x6 - (. - gText_Rom_539C08)
	.endif
	.globl gUnknown_8539C0E
gUnknown_8539C0E: @ 0x08539C0E
	@ Replaced baserom.gba range: offset=0x539C0E, size=0x42
	.byte 0x00, 0x00, 0x00, 0x00, 0x00, 0x00, 0x00, 0x00, 0x00, 0x00, 0x00, 0x00, 0x00, 0x00, 0x00, 0x00
	.byte 0x00, 0x00, 0x00, 0x00, 0x00, 0xFF, 0x0F, 0x00, 0xF0, 0xBB, 0xFB, 0x00, 0xBF, 0xFF, 0xBB, 0x0F
	.byte 0xFF, 0x1F, 0xFF, 0x0F, 0x1F, 0xF1, 0x1F, 0x0F, 0xF0, 0x11, 0xF1, 0x00, 0x00, 0xFF, 0x0F, 0x00
	.byte 0x00, 0x00, 0x00, 0x00, 0x00, 0x00, 0x00, 0x00, 0x00, 0x00, 0x00, 0x00, 0x00, 0x00, 0x00, 0x00
	.byte 0x00, 0x00
