	.globl gUnknown_84FE6CC
gUnknown_84FE6CC: @ 0x084FE6CC
	@ analyzed canonical ROM range 0x084FE6CC-0x0851769B
sAnalyzedData_084FE6CC: @ 0x084FE6CC
	@ structured u16 table (semantic role inferred only to scalar width)
	.2byte 0xAF64, 0x082F, 0x0800, 0xD755, 0xAF64, 0x082F, 0x0800, 0xD756
	.2byte 0x1A01, 0x0000, 0x0010, 0x0012, 0x0203, 0x0011, 0x0000, 0x0000
	.2byte 0xB919, 0x081D, 0x02D8, 0x0000, 0x8702, 0x0000, 0x000F, 0x000A
	.2byte 0x0703, 0x0000, 0x0000, 0x0000, 0x0000, 0x0000, 0x02D6, 0x0000
	.2byte 0x0703, 0x0000, 0x0008, 0x0016, 0x0803, 0x0000, 0x0000, 0x0000
	.2byte 0xB902, 0x081D, 0x0000, 0x0000, 0x3004, 0x0000, 0x0014, 0x000A
	.2byte 0x0303, 0x0010, 0x0000, 0x0000, 0xB9A4, 0x081D, 0x0000, 0x0000
	.2byte 0x1905, 0x0000, 0x000F, 0x000A, 0x0703, 0x0000, 0x0000, 0x0000
	.2byte 0x0000, 0x0000, 0x033E, 0x0000, 0x3B06, 0x0000, 0x0013, 0x0002
	.2byte 0x0103, 0x0000, 0x0000, 0x0000, 0x6E0B, 0x0825, 0x040F, 0x0000
	.2byte 0x3B07, 0x0000, 0x0003, 0x001C, 0x0103, 0x0000, 0x0000, 0x0000
	.2byte 0x6E18, 0x0825, 0x0410, 0x0000, 0x0908, 0x0000, 0x000C, 0x000F
	.2byte 0x0103, 0x0000, 0x0000, 0x0000, 0xBD4A, 0x081D, 0x0000, 0x0000
	.2byte 0xDB09, 0x0000, 0x000D, 0x000C, 0x0103, 0x0011, 0x0000, 0x0000
	.2byte 0x0000, 0x0000, 0x03E3, 0x0000, 0x000A, 0x0013, 0x0000, 0x0802
	.2byte 0x0007, 0x0005, 0x0000, 0x0800, 0x000F, 0x0008, 0x0000, 0x0801
	.2byte 0x0014, 0x0010, 0x0000, 0x0804, 0x0014, 0x0018, 0x0000, 0x0803
	.2byte 0x0019, 0x000C, 0x0000, 0x0806, 0x0008, 0x000A, 0x0003, 0x4057
	.2byte 0x0000, 0x0000, 0xB9B6, 0x081D, 0x0008, 0x000B, 0x0003, 0x4057
	.2byte 0x0000, 0x0000, 0xB9C2, 0x081D, 0x0008, 0x000C, 0x0003, 0x4057
	.2byte 0x0000, 0x0000, 0xB9CE, 0x081D, 0x0008, 0x000D, 0x0003, 0x4057
	.2byte 0x0000, 0x0000, 0xB9DA, 0x081D, 0x0004, 0x000A, 0x0003, 0x40C9
	.2byte 0x0000, 0x0000, 0xBBAD, 0x081D, 0x0004, 0x000B, 0x0003, 0x40C9
	.2byte 0x0000, 0x0000, 0xBBC3, 0x081D, 0x0004, 0x000C, 0x0003, 0x40C9
	.2byte 0x0000, 0x0000, 0xBBD9, 0x081D, 0x0004, 0x000D, 0x0003, 0x40C9
	.2byte 0x0000, 0x0000, 0xBBEF, 0x081D, 0x0011, 0x000A, 0x0000, 0x0000
	.2byte 0xB992, 0x081D, 0x001A, 0x000C, 0x0100, 0x0000, 0x2EF6, 0x0824
	.2byte 0x0015, 0x0010, 0x0100, 0x0000, 0x2EFF, 0x0824, 0x0011, 0x0010
	.2byte 0x0000, 0x0000, 0xB99B, 0x081D, 0x0016, 0x0010, 0x0100, 0x0000
	.2byte 0x2EFF, 0x0824, 0x001B, 0x000C, 0x0100, 0x0000, 0x2EF6, 0x0824
	.2byte 0x0008, 0x0009, 0x0000, 0x0000, 0xB9AD, 0x081D, 0x000B, 0x001D
	.2byte 0x0703, 0x0000, 0x0044, 0x005F, 0x0609, 0x0808, 0xE6DC, 0x084F
	.2byte 0xE7B4, 0x084F, 0xE7E4, 0x084F, 0xE864, 0x084F, 0x1101, 0x0000
	.2byte 0x0015, 0x000B, 0x0203, 0x0011, 0x0000, 0x0000, 0xC24D, 0x081D
	.2byte 0x0000, 0x0000, 0x1302, 0x0000, 0x0022, 0x001D, 0x0503, 0x0001
	.2byte 0x0000, 0x0000, 0xC26A, 0x081D, 0x0000, 0x0000, 0x0F03, 0x0000
	.2byte 0x0005, 0x000D, 0x0203, 0x0021, 0x0000, 0x0000, 0xC22C, 0x081D
	.2byte 0x0000, 0x0000, 0x1A04, 0x0000, 0x001A, 0x001D, 0x0103, 0x0000
	.2byte 0x0000, 0x0000, 0xC28B, 0x081D, 0x0000, 0x0000, 0x7605, 0x0000
	.2byte 0x001F, 0x001B, 0x0703, 0x0000, 0x0000, 0x0000, 0xC37D, 0x081D
	.2byte 0x0372, 0x0000, 0x1B06, 0x0000, 0x0005, 0x002B, 0x0803, 0x0000
	.2byte 0x0000, 0x0000, 0xC1B6, 0x081D, 0x0000, 0x0000, 0x1E07, 0x0000
	.2byte 0x0014, 0x0025, 0x0103, 0x0011, 0x0000, 0x0000, 0xC1D7, 0x081D
	.2byte 0x0000, 0x0000, 0x0808, 0x0000, 0x0008, 0x002A, 0x0203, 0x0011
	.2byte 0x0000, 0x0000, 0xC1F8, 0x081D, 0x0000, 0x0000, 0x6E09, 0x0000
	.2byte 0x001D, 0x000D, 0x0903, 0x0000, 0x0000, 0x0000, 0xC6C7, 0x081D
	.2byte 0x0343, 0x0000, 0x440A, 0x0000, 0x001C, 0x000E, 0x0703, 0x0000
	.2byte 0x0000, 0x0000, 0xC6D0, 0x081D, 0x0343, 0x0000, 0x2E0B, 0x0000
	.2byte 0x001C, 0x000D, 0x0A03, 0x0000, 0x0000, 0x0000, 0xC56C, 0x081D
	.2byte 0x0348, 0x0000, 0x310C, 0x0000, 0x0025, 0x0029, 0x0A03, 0x0000
	.2byte 0x0000, 0x0000, 0xC359, 0x081D, 0x0000, 0x0000, 0x310D, 0x0000
	.2byte 0x001C, 0x002E, 0x0503, 0x0001, 0x0000, 0x0000, 0xC362, 0x081D
	.2byte 0x0000, 0x0000, 0x120E, 0x0000, 0x0009, 0x0032, 0x0303, 0x0010
	.2byte 0x0000, 0x0000, 0xC36B, 0x081D, 0x0000, 0x0000, 0x210F, 0x0000
	.2byte 0x0010, 0x002E, 0x0203, 0x0011, 0x0000, 0x0000, 0xC374, 0x081D
	.2byte 0x0000, 0x0000, 0x2710, 0x0000, 0x0008, 0x0018, 0x0303, 0x0010
	.2byte 0x0000, 0x0000, 0xC32F, 0x081D, 0x0000, 0x0000, 0x2211, 0x0000
	.2byte 0x000F, 0x001F, 0x0103, 0x0000, 0x0000, 0x0000, 0xC350, 0x081D
	.2byte 0x0000, 0x0000, 0x7512, 0x0000, 0x001E, 0x001B, 0x0A03, 0x0000
	.2byte 0x0000, 0x0000, 0xC394, 0x081D, 0x0372, 0x0000, 0x7513, 0x0000
	.2byte 0x001D, 0x001B, 0x0A03, 0x0000, 0x0000, 0x0000, 0xC3AB, 0x081D
	.2byte 0x0372, 0x0000, 0x5314, 0x0000, 0x0006, 0x0026, 0x0A03, 0x0000
	.2byte 0x0000, 0x0000, 0xC50C, 0x081D, 0x0000, 0x0000, 0x5315, 0x0000
	.2byte 0x0005, 0x0033, 0x0803, 0x0000, 0x0000, 0x0000, 0xC4DE, 0x081D
	.2byte 0x0000, 0x0000, 0x4216, 0x0000, 0x0022, 0x0033, 0x0803, 0x0000
	.2byte 0x0000, 0x0000, 0xC6D9, 0x081D, 0x0000, 0x0000, 0x2217, 0x0000
	.2byte 0x0004, 0x002F, 0x0803, 0x0000, 0x0000, 0x0000, 0xC158, 0x081D
	.2byte 0x0000, 0x0000, 0x5318, 0x0000, 0x000B, 0x002F, 0x0803, 0x0011
	.2byte 0x0000, 0x0000, 0xC54C, 0x081D, 0x03B4, 0x0000, 0x1919, 0x0000
	.2byte 0x0005, 0x002F, 0x0803, 0x0011, 0x0000, 0x0000, 0xC12F, 0x081D
	.2byte 0x0000, 0x0000, 0x751A, 0x0000, 0x0016, 0x001B, 0x0A03, 0x0011
	.2byte 0x0000, 0x0000, 0xC3C2, 0x081D, 0x0372, 0x0000, 0x751B, 0x0000
	.2byte 0x0017, 0x001B, 0x0703, 0x0011, 0x0000, 0x0000, 0xC3D9, 0x081D
	.2byte 0x0372, 0x0000, 0x751C, 0x0000, 0x0018, 0x001B, 0x0A03, 0x0011
	.2byte 0x0000, 0x0000, 0xC3F0, 0x081D, 0x0372, 0x0000, 0x751D, 0x0000
	.2byte 0x0015, 0x001A, 0x0A03, 0x0011, 0x0000, 0x0000, 0xC407, 0x081D
	.2byte 0x0372, 0x0000, 0x751E, 0x0000, 0x0014, 0x001A, 0x0A03, 0x0011
	.2byte 0x0000, 0x0000, 0xC41E, 0x081D, 0x0372, 0x0000, 0x751F, 0x0000
	.2byte 0x001A, 0x001B, 0x0703, 0x0011, 0x0000, 0x0000, 0xC435, 0x081D
	.2byte 0x0372, 0x0000, 0x7520, 0x0000, 0x001C, 0x001B, 0x0703, 0x0011
	.2byte 0x0000, 0x0000, 0xC4BE, 0x081D, 0x0372, 0x0000, 0x7521, 0x0000
	.2byte 0x0019, 0x001B, 0x0703, 0x0011, 0x0000, 0x0000, 0xC4C7, 0x081D
	.2byte 0x0372, 0x0000, 0x1222, 0x0000, 0x000B, 0x0025, 0x0903, 0x0021
	.2byte 0x0000, 0x0000, 0xC6E2, 0x081D, 0x0000, 0x0000, 0xDB23, 0x0000
	.2byte 0x000A, 0x000C, 0x0800, 0x0021, 0x0000, 0x0000, 0x0000, 0x0000
	.2byte 0x02ED, 0x0000, 0x0013, 0x0013, 0x0000, 0x090B, 0x000D, 0x001A
	.2byte 0x0000, 0x090D, 0x001A, 0x0026, 0x0000, 0x0900, 0x000A, 0x000C
	.2byte 0x0000, 0x0902, 0x0004, 0x001A, 0x0000, 0x0906, 0x001E, 0x001A
	.2byte 0x0000, 0x0907, 0x0005, 0x0013, 0x0000, 0x0905, 0x001F, 0x001A
	.2byte 0x0100, 0x0907, 0x001C, 0x000C, 0x0000, 0x0909, 0x0028, 0x0007
	.2byte 0x0200, 0x0909, 0x0015, 0x002C, 0x0000, 0x090A, 0x000A, 0x000D
	.2byte 0x0003, 0x40D2, 0x0002, 0x0000, 0xC950, 0x081D, 0x0008, 0x0013
	.2byte 0x0000, 0x0000, 0xC326, 0x081D, 0x0014, 0x0013, 0x0100, 0x0000
	.2byte 0x2EFF, 0x0824, 0x0015, 0x0013, 0x0100, 0x0000, 0x2EFF, 0x0824
	.2byte 0x000E, 0x001A, 0x0100, 0x0000, 0x2EF6, 0x0824, 0x0018, 0x000C
	.2byte 0x0000, 0x0000, 0xC308, 0x081D, 0x000F, 0x001A, 0x0100, 0x0000
	.2byte 0x2EF6, 0x0824, 0x000E, 0x0033, 0x0000, 0x0000, 0xC2FF, 0x081D
	.2byte 0x001A, 0x001A, 0x0000, 0x0000, 0xC2ED, 0x081D, 0x0010, 0x0016
	.2byte 0x0000, 0x0000, 0xC2F6, 0x081D, 0x0008, 0x001A, 0x0000, 0x0000
	.2byte 0xC2E4, 0x081D, 0x0007, 0x000D, 0x0000, 0x0000, 0xC2AA, 0x081D
	.2byte 0x0017, 0x0026, 0x0000, 0x0000, 0xC2B3, 0x081D, 0x000A, 0x0024
	.2byte 0x0100, 0x0000, 0xC9B7, 0x081D, 0x0B23, 0x0D01, 0xE8D8, 0x084F
	.2byte 0xEC20, 0x084F, 0xEC78, 0x084F, 0xEC88, 0x084F, 0x0D01, 0x0000
	.2byte 0x001D, 0x0010, 0x0503, 0x0011, 0x0000, 0x0000, 0xD9EC, 0x081D
	.2byte 0x0000, 0x0000, 0x0F02, 0x0000, 0x0018, 0x000A, 0x0503, 0x0001
	.2byte 0x0000, 0x0000, 0xDA07, 0x081D, 0x0000, 0x0000, 0x2703, 0x0000
	.2byte 0x000E, 0x000B, 0x0A03, 0x0000, 0x0000, 0x0000, 0xD9F5, 0x081D
	.2byte 0x0000, 0x0000, 0x1A04, 0x0000, 0x0012, 0x0006, 0x0103, 0x0000
	.2byte 0x0000, 0x0000, 0xD9FE, 0x081D, 0x0000, 0x0000, 0x2605, 0x0000
	.2byte 0x0011, 0x000E, 0x0803, 0x0000, 0x0000, 0x0000, 0xDA34, 0x081D
	.2byte 0x0000, 0x0000, 0x8706, 0x0000, 0x0008, 0x0006, 0x0703, 0x0000
	.2byte 0x0000, 0x0000, 0xDA8B, 0x081D, 0x0324, 0x0000, 0x1907, 0x0000
	.2byte 0x0009, 0x0006, 0x0903, 0x0000, 0x0000, 0x0000, 0xDA56, 0x081D
	.2byte 0x0325, 0x0000, 0x7F08, 0x0000, 0x001D, 0x0009, 0x0103, 0x0000
	.2byte 0x0000, 0x0000, 0xDD73, 0x081D, 0x0390, 0x0000, 0x3B09, 0x0000
	.2byte 0x001C, 0x0013, 0x0103, 0x0011, 0x0000, 0x0000, 0x6E25, 0x0825
	.2byte 0x045C, 0x0000, 0x110A, 0x0000, 0x000D, 0x0007, 0x0903, 0x0000
	.2byte 0x0000, 0x0000, 0x689A, 0x0827, 0x0000, 0x0000, 0xDB0B, 0x0000
	.2byte 0x000C, 0x000E, 0x0703, 0x0000, 0x0000, 0x0000, 0x0000, 0x0000
	.2byte 0x02FD, 0x0000, 0x0008, 0x0005, 0x0000, 0x0A00, 0x0016, 0x0005
	.2byte 0x0000, 0x0A05, 0x0023, 0x0005, 0x0000, 0x0A01, 0x0017, 0x000E
	.2byte 0x0000, 0x0A07, 0x0020, 0x000E, 0x0000, 0x0A02, 0x0008, 0x000D
	.2byte 0x0000, 0x0A03, 0x0013, 0x000E, 0x0000, 0x0A04, 0x0017, 0x0005
	.2byte 0x0100, 0x0000, 0x2EFF, 0x0824, 0x000B, 0x0006, 0x0003, 0x0000
	.2byte 0xDA19, 0x081D, 0x0018, 0x000E, 0x0100, 0x0000, 0x2EF6, 0x0824
	.2byte 0x0019, 0x000E, 0x0100, 0x0000, 0x2EF6, 0x0824, 0x0018, 0x0005
	.2byte 0x0100, 0x0000, 0x2EFF, 0x0824, 0x0013, 0x0007, 0x0000, 0x0000
	.2byte 0xDA10, 0x081D, 0x0021, 0x0006, 0x0000, 0x0000, 0xDA22, 0x081D
	.2byte 0x000B, 0x000F, 0x0000, 0x0000, 0xDA2B, 0x081D, 0x070B, 0x0800
	.2byte 0xED38, 0x084F, 0xEE40, 0x084F, 0x0000, 0x0000, 0xEE78, 0x084F
	.2byte 0x2201, 0x0000, 0x0016, 0x0022, 0x0303, 0x0010, 0x0000, 0x0000
	.2byte 0xE8C3, 0x081D, 0x0000, 0x0000, 0x1102, 0x0000, 0x0013, 0x000D
	.2byte 0x0103, 0x0011, 0x0000, 0x0000, 0xE898, 0x081D, 0x0000, 0x0000
	.2byte 0x0503, 0x0000, 0x0019, 0x0025, 0x0703, 0x0000, 0x0000, 0x0000
	.2byte 0xE913, 0x081D, 0x0000, 0x0000, 0x0604, 0x0000, 0x0015, 0x002E
	.2byte 0x0303, 0x0010, 0x0000, 0x0000, 0xE90A, 0x081D, 0x0000, 0x0000
	.2byte 0x0905, 0x0000, 0x000C, 0x002D, 0x0103, 0x0000, 0x0000, 0x0000
	.2byte 0xE8EB, 0x081D, 0x0000, 0x0000, 0x2106, 0x0000, 0x001A, 0x0017
	.2byte 0x0103, 0x0011, 0x0000, 0x0000, 0xE8CC, 0x081D, 0x0000, 0x0000
	.2byte 0x0B07, 0x0000, 0x0018, 0x0033, 0x0A03, 0x0000, 0x0000, 0x0000
	.2byte 0xE95B, 0x081D, 0x0000, 0x0000, 0x0C08, 0x0000, 0x0019, 0x0033
	.2byte 0x0903, 0x0000, 0x0000, 0x0000, 0xE971, 0x081D, 0x0000, 0x0000
	.2byte 0x1709, 0x0000, 0x001E, 0x000A, 0x0A03, 0x0011, 0x0000, 0x0000
	.2byte 0xEB16, 0x081D, 0x02DC, 0x0000, 0x750A, 0x0000, 0x000D, 0x0015
	.2byte 0x0A03, 0x0000, 0x0000, 0x0000, 0x0000, 0x0000, 0x02DB, 0x0000
	.2byte 0x740B, 0x0000, 0x000D, 0x0022, 0x0203, 0x0011, 0x0000, 0x0000
	.2byte 0xE8B7, 0x081D, 0x0000, 0x0000, 0x3B0C, 0x0000, 0x0024, 0x0033
	.2byte 0x0103, 0x0000, 0x0000, 0x0000, 0x6E32, 0x0825, 0x0411, 0x0000
	.2byte 0x410D, 0x0000, 0x0013, 0x001B, 0x0803, 0x0010, 0x0000, 0x0000
	.2byte 0xE987, 0x081D, 0x0000, 0x0000, 0xF00E, 0x0000, 0x0010, 0x0032
	.2byte 0x0103, 0x0011, 0x0000, 0x0000, 0xEDF1, 0x081D, 0x032E, 0x0000
	.2byte 0x2E0F, 0x0000, 0x000B, 0x000F, 0x0100, 0x0011, 0x0000, 0x0000
	.2byte 0x0000, 0x0000, 0x034C, 0x0000, 0x0710, 0x0000, 0x001F, 0x0024
	.2byte 0x0103, 0x0010, 0x0000, 0x0000, 0xF26F, 0x081D, 0x0000, 0x0000
	.2byte 0x001B, 0x0013, 0x0000, 0x0B03, 0x000D, 0x001E, 0x0000, 0x0B08
	.2byte 0x0010, 0x002D, 0x0000, 0x0B07, 0x0010, 0x0026, 0x0000, 0x0B05
	.2byte 0x001B, 0x0022, 0x0000, 0x0B04, 0x000B, 0x000F, 0x0000, 0x0B00
	.2byte 0x000C, 0x000F, 0x0100, 0x0B00, 0x0021, 0x0013, 0x0000, 0x0B0A
	.2byte 0x0009, 0x0026, 0x0000, 0x0B0B, 0x001E, 0x001C, 0x0000, 0x0B0C
	.2byte 0x0005, 0x0033, 0x0000, 0x0B0D, 0x001A, 0x002E, 0x0000, 0x0B10
	.2byte 0x0017, 0x0014, 0x0003, 0x405A, 0x0001, 0x0000, 0xE993, 0x081D
	.2byte 0x0017, 0x0015, 0x0003, 0x405A, 0x0001, 0x0000, 0xE9AA, 0x081D
	.2byte 0x0017, 0x0016, 0x0003, 0x405A, 0x0001, 0x0000, 0xE9C1, 0x081D
	.2byte 0x0017, 0x0017, 0x0003, 0x405A, 0x0001, 0x0000, 0xE9D8, 0x081D
	.2byte 0x0017, 0x0018, 0x0003, 0x405A, 0x0001, 0x0000, 0xE9EF, 0x081D
	.2byte 0x001E, 0x0009, 0x0003, 0x405A, 0x0002, 0x0000, 0xEB37, 0x081D
	.2byte 0x001D, 0x000A, 0x0003, 0x405A, 0x0002, 0x0000, 0xEB43, 0x081D
	.2byte 0x001E, 0x000B, 0x0003, 0x405A, 0x0002, 0x0000, 0xEB4F, 0x081D
	.2byte 0x001E, 0x000C, 0x0003, 0x405A, 0x0002, 0x0000, 0xEB5B, 0x081D
	.2byte 0x001E, 0x0009, 0x0003, 0x405A, 0x0004, 0x0000, 0xEC64, 0x081D
	.2byte 0x001F, 0x000A, 0x0003, 0x405A, 0x0004, 0x0000, 0xEC70, 0x081D
	.2byte 0x001E, 0x000B, 0x0003, 0x405A, 0x0004, 0x0000, 0xEC7C, 0x081D
	.2byte 0x001E, 0x000C, 0x0003, 0x405A, 0x0004, 0x0000, 0xEC88, 0x081D
	.2byte 0x000C, 0x0035, 0x0003, 0x405A, 0x0007, 0x0000, 0xEE2C, 0x081D
	.2byte 0x000D, 0x0035, 0x0003, 0x405A, 0x0007, 0x0000, 0xEE6C, 0x081D
	.2byte 0x000E, 0x0035, 0x0003, 0x405A, 0x0007, 0x0000, 0xEEAC, 0x081D
	.2byte 0x000F, 0x0035, 0x0003, 0x405A, 0x0007, 0x0000, 0xEEEC, 0x081D
	.2byte 0x0010, 0x0035, 0x0003, 0x405A, 0x0007, 0x0000, 0xEF2C, 0x081D
	.2byte 0x0011, 0x0035, 0x0003, 0x405A, 0x0007, 0x0000, 0xEF6C, 0x081D
	.2byte 0x0012, 0x0035, 0x0003, 0x405A, 0x0007, 0x0000, 0xEFAC, 0x081D
	.2byte 0x0013, 0x0035, 0x0003, 0x405A, 0x0007, 0x0000, 0xEFEC, 0x081D
	.2byte 0x0017, 0x0013, 0x0000, 0x0000, 0xE92E, 0x081D, 0x0019, 0x0023
	.2byte 0x0000, 0x0000, 0xE949, 0x081D, 0x0011, 0x002D, 0x0100, 0x0000
	.2byte 0x2EF6, 0x0824, 0x0012, 0x0026, 0x0100, 0x0000, 0x2EFF, 0x0824
	.2byte 0x0013, 0x0031, 0x0000, 0x0000, 0xE940, 0x081D, 0x0012, 0x002D
	.2byte 0x0100, 0x0000, 0x2EF6, 0x0824, 0x0011, 0x0026, 0x0100, 0x0000
	.2byte 0x2EFF, 0x0824, 0x0011, 0x0014, 0x0000, 0x0000, 0xE925, 0x081D
	.2byte 0x001E, 0x0008, 0x0000, 0x0000, 0xE91C, 0x081D, 0x000C, 0x0026
	.2byte 0x0003, 0x0000, 0xE952, 0x081D, 0x0C10, 0x0A15, 0xEEEC, 0x084F
	.2byte 0xF06C, 0x084F, 0xF0CC, 0x084F, 0xF21C, 0x084F, 0x1701, 0x0000
	.2byte 0x001F, 0x0003, 0x0104, 0x0000, 0x0000, 0x0000, 0xFE00, 0x081D
	.2byte 0x0000, 0x0000, 0x0802, 0x0000, 0x0020, 0x0010, 0x0203, 0x0011
	.2byte 0x0000, 0x0000, 0xFE28, 0x081D, 0x0000, 0x0000, 0x2203, 0x0000
	.2byte 0x0020, 0x000A, 0x0303, 0x0010, 0x0000, 0x0000, 0xFE09, 0x081D
	.2byte 0x0000, 0x0000, 0x0704, 0x0000, 0x000B, 0x000E, 0x0104, 0x0000
	.2byte 0x0000, 0x0000, 0xFE3A, 0x081D, 0x0000, 0x0000, 0x1D05, 0x0000
	.2byte 0x0008, 0x000A, 0x0103, 0x0000, 0x0000, 0x0000, 0xFE31, 0x081D
	.2byte 0x0000, 0x0000, 0xBD06, 0x0000, 0x0009, 0x0010, 0x0803, 0x0000
	.2byte 0x0000, 0x0000, 0xFE43, 0x081D, 0x0000, 0x0000, 0xCC07, 0x0000
	.2byte 0x0019, 0x0008, 0x4C03, 0x0011, 0x0000, 0x0000, 0xFE5E, 0x081D
	.2byte 0x03C9, 0x0000, 0x0005, 0x0006, 0x0000, 0x0C02, 0x000A, 0x0003
	.2byte 0x0000, 0x0C00, 0x0016, 0x000B, 0x0000, 0x0C01, 0x0004, 0x000E
	.2byte 0x0000, 0x0C04, 0x0011, 0x0003, 0x0000, 0x0C05, 0x0019, 0x0003
	.2byte 0x0000, 0x0C06, 0x0020, 0x0002, 0x0000, 0x0C07, 0x000C, 0x000D
	.2byte 0x0000, 0x0C08, 0x0025, 0x000D, 0x0000, 0x0C09, 0x0006, 0x0009
	.2byte 0x0000, 0x0000, 0xFE4C, 0x081D, 0x0007, 0x0006, 0x0100, 0x0000
	.2byte 0x2EFF, 0x0824, 0x0005, 0x000E, 0x0100, 0x0000, 0x2EF6, 0x0824
	.2byte 0x001A, 0x000A, 0x0000, 0x0000, 0xFE55, 0x081D, 0x0006, 0x0006
	.2byte 0x0100, 0x0000, 0x2EFF, 0x0824, 0x0006, 0x000E, 0x0100, 0x0000
	.2byte 0x2EF6, 0x0824, 0x0907, 0x0600, 0xF2A8, 0x084F, 0xF350, 0x084F
	.2byte 0x0000, 0x0000, 0xF398, 0x084F, 0x3101, 0x0000, 0x0020, 0x0014
	.2byte 0x0303, 0x0010, 0x0000, 0x0000, 0x0288, 0x081E, 0x0000, 0x0000
	.2byte 0x0802, 0x0000, 0x000F, 0x0012, 0x0203, 0x0011, 0x0000, 0x0000
	.2byte 0x0260, 0x081E, 0x0000, 0x0000, 0x1303, 0x0000, 0x001C, 0x001C
	.2byte 0x0103, 0x0000, 0x0000, 0x0000, 0x0257, 0x081E, 0x0000, 0x0000
	.2byte 0x0F04, 0x0000, 0x0015, 0x000F, 0x0203, 0x0011, 0x0000, 0x0000
	.2byte 0x027F, 0x081E, 0x0000, 0x0000, 0x1705, 0x0000, 0x0010, 0x0009
	.2byte 0x0505, 0x0001, 0x0000, 0x0000, 0x02C6, 0x081E, 0x0000, 0x0000
	.2byte 0x1406, 0x0000, 0x0023, 0x001B, 0x0203, 0x0011, 0x0000, 0x0000
	.2byte 0x02A7, 0x081E, 0x0000, 0x0000, 0x1507, 0x0000, 0x0023, 0x0025
	.2byte 0x0805, 0x0000, 0x0000, 0x0000, 0x02CF, 0x081E, 0x0000, 0x0000
	.2byte 0x1608, 0x0000, 0x0022, 0x0025, 0x0805, 0x0000, 0x0000, 0x0000
	.2byte 0x02D8, 0x081E, 0x0000, 0x0000, 0x1509, 0x0000, 0x0039, 0x0011
	.2byte 0x0103, 0x0000, 0x0000, 0x0000, 0x02E1, 0x081E, 0x0000, 0x0000
	.2byte 0x750A, 0x0000, 0x0049, 0x000F, 0x0A03, 0x0000, 0x0000, 0x0000
	.2byte 0x03B2, 0x081E, 0x0354, 0x0000, 0x3B0B, 0x0000, 0x003D, 0x0024
	.2byte 0x0105, 0x0000, 0x0000, 0x0000, 0x6E3F, 0x0825, 0x0412, 0x0000
	.2byte 0x750C, 0x0000, 0x002B, 0x0012, 0x0503, 0x0001, 0x0000, 0x0000
	.2byte 0x040A, 0x081E, 0x0354, 0x0000, 0x750D, 0x0000, 0x002E, 0x000C
	.2byte 0x0903, 0x0000, 0x0000, 0x0000, 0x03EF, 0x081E, 0x0354, 0x0000
	.2byte 0x750E, 0x0000, 0x002D, 0x000C, 0x0A03, 0x0000, 0x0000, 0x0000
	.2byte 0x03F8, 0x081E, 0x0354, 0x0000, 0x750F, 0x0000, 0x0026, 0x0009
	.2byte 0x0905, 0x0000, 0x0000, 0x0000, 0x0401, 0x081E, 0x0354, 0x0000
	.2byte 0x3010, 0x0000, 0x0032, 0x0007, 0x0205, 0x0011, 0x0000, 0x0000
	.2byte 0x020D, 0x081E, 0x0000, 0x0000, 0xF011, 0x0000, 0x001B, 0x0007
	.2byte 0x0805, 0x0011, 0x0000, 0x0000, 0x0413, 0x081E, 0x03CB, 0x0000
	.2byte 0x2612, 0x0000, 0x0010, 0x0017, 0x0A03, 0x0011, 0x0000, 0x0000
	.2byte 0x0662, 0x081E, 0x0000, 0x0000, 0x1813, 0x0000, 0x0029, 0x0019
	.2byte 0x0903, 0x0011, 0x0000, 0x0000, 0x0323, 0x081E, 0x0000, 0x0000
	.2byte 0x1714, 0x0000, 0x0028, 0x0019, 0x0A03, 0x0011, 0x0000, 0x0000
	.2byte 0x0312, 0x081E, 0x0000, 0x0000, 0x3115, 0x0000, 0x0010, 0x0022
	.2byte 0x0803, 0x0011, 0x0000, 0x0000, 0x0300, 0x081E, 0x0000, 0x0000
	.2byte 0x1116, 0x0000, 0x0010, 0x0023, 0x0703, 0x0011, 0x0000, 0x0000
	.2byte 0x0309, 0x081E, 0x0000, 0x0000, 0x001B, 0x0006, 0x0000, 0x0D10
	.2byte 0x0025, 0x0018, 0x0000, 0x0D00, 0x0018, 0x000E, 0x0000, 0x0D06
	.2byte 0x000B, 0x0005, 0x0000, 0x0D02, 0x0017, 0x0018, 0x0000, 0x0D04
	.2byte 0x0027, 0x000E, 0x0100, 0x0D09, 0x0046, 0x0005, 0x0001, 0x1817
	.2byte 0x0024, 0x0006, 0x0000, 0x0D0B, 0x002A, 0x0006, 0x0000, 0x0D0C
	.2byte 0x0037, 0x000F, 0x0000, 0x0D0D, 0x000B, 0x0016, 0x0000, 0x0D0E
	.2byte 0x000C, 0x000E, 0x0000, 0x0D0F, 0x000C, 0x0020, 0x0000, 0x0D0A
	.2byte 0x000C, 0x0005, 0x0100, 0x0D02, 0x0013, 0x0007, 0x0000, 0x0000
	.2byte 0x034F, 0x081E, 0x0019, 0x000E, 0x0100, 0x0000, 0x2EFF, 0x0824
	.2byte 0x001D, 0x0007, 0x0000, 0x0000, 0x03A0, 0x081E, 0x001A, 0x000E
	.2byte 0x0100, 0x0000, 0x2EFF, 0x0824, 0x0006, 0x000F, 0x0000, 0x0000
	.2byte 0x0334, 0x081E, 0x001D, 0x0018, 0x0000, 0x0000, 0x033D, 0x081E
	.2byte 0x0023, 0x0018, 0x0000, 0x0000, 0x0346, 0x081E, 0x0006, 0x001E
	.2byte 0x0003, 0x0000, 0x0379, 0x081E, 0x0024, 0x000E, 0x0000, 0x0000
	.2byte 0x0397, 0x081E, 0x0022, 0x0006, 0x0000, 0x0000, 0x03A9, 0x081E
	.2byte 0x0024, 0x001F, 0x0703, 0x0000, 0x006F, 0x001B, 0x003D, 0x0007
	.2byte 0x0700, 0x0000, 0x0045, 0x002B, 0x0040, 0x001F, 0x0700, 0x0000
	.2byte 0x0004, 0x004B, 0x0E16, 0x0D00, 0xF3F4, 0x084F, 0xF604, 0x084F
	.2byte 0x0000, 0x0000, 0xF674, 0x084F, 0x3101, 0x0000, 0x0026, 0x000C
	.2byte 0x0205, 0x0011, 0x0000, 0x0000, 0x15A0, 0x081E, 0x0000, 0x0000
	.2byte 0x1502, 0x0000, 0x0032, 0x0022, 0x0505, 0x0001, 0x0000, 0x0000
	.2byte 0x15C8, 0x081E, 0x0000, 0x0000, 0x1203, 0x0000, 0x0020, 0x000C
	.2byte 0x0205, 0x0011, 0x0000, 0x0000, 0x1581, 0x081E, 0x0000, 0x0000
	.2byte 0x0504, 0x0000, 0x001A, 0x0015, 0x0305, 0x0010, 0x0000, 0x0000
	.2byte 0x15BF, 0x081E, 0x0000, 0x0000, 0x0805, 0x0000, 0x002D, 0x0012
	.2byte 0x0907, 0x0000, 0x0000, 0x0000, 0x15D1, 0x081E, 0x0000, 0x0000
	.2byte 0x3B06, 0x0000, 0x003E, 0x0023, 0x0105, 0x0000, 0x0000, 0x0000
	.2byte 0x6E4C, 0x0825, 0x0413, 0x0000, 0x1307, 0x0000, 0x0037, 0x0005
	.2byte 0x0707, 0x0000, 0x0000, 0x0000, 0x16DF, 0x081E, 0x0000, 0x0000
	.2byte 0x1008, 0x0000, 0x0038, 0x0015, 0x0A07, 0x0011, 0x0000, 0x0000
	.2byte 0x15DA, 0x081E, 0x0000, 0x0000, 0x0909, 0x0000, 0x0017, 0x000D
	.2byte 0x0205, 0x0011, 0x0000, 0x0000, 0x16F5, 0x081E, 0x0000, 0x0000
	.2byte 0x770A, 0x0000, 0x002C, 0x0017, 0x0805, 0x0011, 0x0000, 0x0000
	.2byte 0x0000, 0x0000, 0x0337, 0x0000, 0x770B, 0x0000, 0x002C, 0x0018
	.2byte 0x0705, 0x0011, 0x0000, 0x0000, 0x0000, 0x0000, 0x0337, 0x0000
	.2byte 0x770C, 0x0000, 0x002C, 0x0019, 0x0805, 0x0011, 0x0000, 0x0000
	.2byte 0x0000, 0x0000, 0x0337, 0x0000, 0x770D, 0x0000, 0x002C, 0x001A
	.2byte 0x0705, 0x0011, 0x0000, 0x0000, 0x0000, 0x0000, 0x0337, 0x0000
	.2byte 0xC40E, 0x0000, 0x002D, 0x0019, 0x0905, 0x0011, 0x0000, 0x0000
	.2byte 0x0000, 0x0000, 0x0337, 0x0000, 0x2C0F, 0x0000, 0x0013, 0x0019
	.2byte 0x4003, 0x0033, 0x0000, 0x0000, 0x6B0A, 0x0827, 0x0000, 0x0000
	.2byte 0xDB10, 0x0000, 0x003D, 0x001D, 0x1105, 0x0000, 0x0000, 0x0000
	.2byte 0x1754, 0x081E, 0x0314, 0x0000, 0x2C11, 0x0000, 0x001F, 0x001D
	.2byte 0x4003, 0x0033, 0x0000, 0x0000, 0x174B, 0x081E, 0x0000, 0x0000
	.2byte 0x001C, 0x0009, 0x0000, 0x0E01, 0x0026, 0x0009, 0x0000, 0x0E00
	.2byte 0x001C, 0x0010, 0x0000, 0x0E03, 0x0043, 0x0019, 0x0000, 0x0E02
	.2byte 0x0025, 0x0012, 0x0000, 0x0E05, 0x0031, 0x0006, 0x0000, 0x0E06
	.2byte 0x0013, 0x000A, 0x0000, 0x0E07, 0x0012, 0x0010, 0x0100, 0x0E08
	.2byte 0x0040, 0x000F, 0x0000, 0x0E09, 0x0024, 0x0018, 0x0000, 0x0E0B
	.2byte 0x0019, 0x0019, 0x0000, 0x4001, 0x0000, 0x0000, 0x1607, 0x081E
	.2byte 0x001A, 0x0019, 0x0000, 0x4001, 0x0000, 0x0000, 0x1607, 0x081E
	.2byte 0x0020, 0x001B, 0x0000, 0x4001, 0x0000, 0x0000, 0x1607, 0x081E
	.2byte 0x0021, 0x001B, 0x0000, 0x4001, 0x0000, 0x0000, 0x1607, 0x081E
	.2byte 0x002A, 0x0015, 0x0005, 0x405D, 0x0001, 0x0000, 0x1610, 0x081E
	.2byte 0x0029, 0x0016, 0x0005, 0x405D, 0x0001, 0x0000, 0x1610, 0x081E
	.2byte 0x0029, 0x0017, 0x0005, 0x405D, 0x0001, 0x0000, 0x1610, 0x081E
	.2byte 0x0029, 0x0018, 0x0005, 0x405D, 0x0001, 0x0000, 0x1610, 0x081E
	.2byte 0x0028, 0x0019, 0x0005, 0x405D, 0x0001, 0x0000, 0x1610, 0x081E
	.2byte 0x0028, 0x001A, 0x0005, 0x405D, 0x0001, 0x0000, 0x1610, 0x081E
	.2byte 0x0019, 0x0010, 0x0000, 0x0000, 0x15F5, 0x081E, 0x0022, 0x0009
	.2byte 0x0000, 0x0000, 0x15EC, 0x081E, 0x001D, 0x0010, 0x0100, 0x0000
	.2byte 0x2EFF, 0x0824, 0x0026, 0x0012, 0x0100, 0x0000, 0x2EF6, 0x0824
	.2byte 0x0042, 0x0010, 0x0000, 0x0000, 0x15FE, 0x081E, 0x001E, 0x0010
	.2byte 0x0100, 0x0000, 0x2EFF, 0x0824, 0x0027, 0x0012, 0x0100, 0x0000
	.2byte 0x2EF6, 0x0824, 0x0039, 0x0015, 0x0007, 0x0000, 0x15E3, 0x081E
	.2byte 0x0A11, 0x080A, 0xF724, 0x084F, 0xF8BC, 0x084F, 0xF90C, 0x084F
	.2byte 0xF9AC, 0x084F, 0x1501, 0x0000, 0x001F, 0x0012, 0x0803, 0x0000
	.2byte 0x0000, 0x0000, 0x2527, 0x081E, 0x0000, 0x0000, 0x1A02, 0x0000
	.2byte 0x002F, 0x0021, 0x0900, 0x0000, 0x0000, 0x0000, 0x267C, 0x081E
	.2byte 0x0356, 0x0000, 0x0A03, 0x0000, 0x0009, 0x002B, 0x0503, 0x0001
	.2byte 0x0000, 0x0000, 0x2572, 0x081E, 0x0000, 0x0000, 0x0504, 0x0000
	.2byte 0x0033, 0x000E, 0x0803, 0x0000, 0x0000, 0x0000, 0x2728, 0x081E
	.2byte 0x0000, 0x0000, 0x0705, 0x0000, 0x002B, 0x001A, 0x0103, 0x0000
	.2byte 0x0000, 0x0000, 0x277D, 0x081E, 0x0000, 0x0000, 0x1306, 0x0000
	.2byte 0x001A, 0x0004, 0x0503, 0x0001, 0x0000, 0x0000, 0x26B1, 0x081E
	.2byte 0x0347, 0x0000, 0x8607, 0x0000, 0x0014, 0x0024, 0x0803, 0x0011
	.2byte 0x0000, 0x0000, 0x2800, 0x081E, 0x03CD, 0x0000, 0x2208, 0x0000
	.2byte 0x0031, 0x0022, 0x0303, 0x0011, 0x0000, 0x0000, 0x26D2, 0x081E
	.2byte 0x0000, 0x0000, 0xDE09, 0x0000, 0x001C, 0x002C, 0x5000, 0x0011
	.2byte 0x0000, 0x0000, 0x0000, 0x0000, 0x03E6, 0x0000, 0xDD0A, 0x0000
	.2byte 0x0022, 0x002C, 0x4F01, 0x0011, 0x0000, 0x0000, 0x0000, 0x0000
	.2byte 0x03E5, 0x0000, 0xCF0B, 0x0000, 0x001F, 0x0029, 0x0A01, 0x0011
	.2byte 0x0000, 0x0000, 0x0000, 0x0000, 0x03E4, 0x0000, 0x270C, 0x0000
	.2byte 0x0011, 0x002C, 0x0A03, 0x0011, 0x0000, 0x0000, 0x2AAB, 0x081E
	.2byte 0x0356, 0x0000, 0x0E0D, 0x0000, 0x000E, 0x002A, 0x0A03, 0x0011
	.2byte 0x0000, 0x0000, 0x2A75, 0x081E, 0x0356, 0x0000, 0x2C0E, 0x0000
	.2byte 0x0011, 0x0028, 0x0A03, 0x0011, 0x0000, 0x0000, 0x2A2D, 0x081E
	.2byte 0x0356, 0x0000, 0x090F, 0x0000, 0x0013, 0x0025, 0x0803, 0x0011
	.2byte 0x0000, 0x0000, 0x29F7, 0x081E, 0x0356, 0x0000, 0xC410, 0x0000
	.2byte 0x001D, 0x0021, 0x0803, 0x0011, 0x0000, 0x0000, 0x2B8C, 0x081E
	.2byte 0x033B, 0x0000, 0xC311, 0x0000, 0x001F, 0x0021, 0x0803, 0x0011
	.2byte 0x0000, 0x0000, 0x2BB9, 0x081E, 0x033A, 0x0000, 0x8512, 0x0000
	.2byte 0x001F, 0x0012, 0x0803, 0x0011, 0x0000, 0x0000, 0x2AE0, 0x081E
	.2byte 0x0330, 0x0000, 0x002B, 0x001F, 0x0000, 0x0F02, 0x0011, 0x001D
	.2byte 0x0000, 0x0F04, 0x001F, 0x0020, 0x0000, 0x0F00, 0x001F, 0x0010
	.2byte 0x0003, 0x1825, 0x0009, 0x0006, 0x0000, 0x0F05, 0x002D, 0x0006
	.2byte 0x0000, 0x0F06, 0x0009, 0x0011, 0x0000, 0x0F07, 0x002C, 0x0011
	.2byte 0x0000, 0x0F08, 0x0009, 0x001A, 0x0000, 0x0F09, 0x0035, 0x001C
	.2byte 0x0000, 0x0F0A, 0x0008, 0x0023, 0x0000, 0x0F0B, 0x0030, 0x0019
	.2byte 0x0000, 0x0F0C, 0x0033, 0x0024, 0x0000, 0x0F0D, 0x0021, 0x0022
	.2byte 0x0003, 0x0000, 0x27E5, 0x081E, 0x0013, 0x001D, 0x0100, 0x0000
	.2byte 0x2EF6, 0x0824, 0x002C, 0x001F, 0x0100, 0x0000, 0x2EFF, 0x0824
	.2byte 0x002D, 0x001F, 0x0100, 0x0000, 0x2EFF, 0x0824, 0x0012, 0x001D
	.2byte 0x0100, 0x0000, 0x2EF6, 0x0824, 0x0029, 0x0025, 0x0000, 0x0000
	.2byte 0x27EE, 0x081E, 0x0D12, 0x0600, 0xFA20, 0x084F, 0xFBD0, 0x084F
	.2byte 0x0000, 0x0000, 0xFC38, 0x084F, 0x0012, 0x0005, 0x0000, 0x100A
	.2byte 0x001B, 0x0030, 0x0000, 0x100C, 0x0012, 0x0029, 0x0000, 0x182B
	.2byte 0x0012, 0x001B, 0x0100, 0x182B, 0x0011, 0x003A, 0x0001, 0x4001
	.2byte 0x0000, 0x0000, 0x39A4, 0x081E, 0x0010, 0x003A, 0x0001, 0x4001
	.2byte 0x0000, 0x0000, 0x39A4, 0x081E, 0x0012, 0x003A, 0x0001, 0x4001
	.2byte 0x0000, 0x0000, 0x39A4, 0x081E, 0x0013, 0x003A, 0x0001, 0x4001
	.2byte 0x0000, 0x0000, 0x39A4, 0x081E, 0x0014, 0x003A, 0x0001, 0x4001
	.2byte 0x0000, 0x0000, 0x39A4, 0x081E, 0x0015, 0x003A, 0x0001, 0x4001
	.2byte 0x0000, 0x0000, 0x39A4, 0x081E, 0x0016, 0x003A, 0x0001, 0x4001
	.2byte 0x0000, 0x0000, 0x39A4, 0x081E, 0x0017, 0x003A, 0x0001, 0x4001
	.2byte 0x0000, 0x0000, 0x39A4, 0x081E, 0x0018, 0x003A, 0x0001, 0x4001
	.2byte 0x0000, 0x0000, 0x39A4, 0x081E, 0x0019, 0x003A, 0x0001, 0x4001
	.2byte 0x0000, 0x0000, 0x39A4, 0x081E, 0x001A, 0x003A, 0x0001, 0x4001
	.2byte 0x0000, 0x0000, 0x39A4, 0x081E, 0x0013, 0x002B, 0x0005, 0x0000
	.2byte 0x3989, 0x081E, 0x001D, 0x0030, 0x0100, 0x0000, 0x2EFF, 0x0824
	.2byte 0x0012, 0x0034, 0x0005, 0x0000, 0x3992, 0x081E, 0x0017, 0x000F
	.2byte 0x0000, 0x0000, 0x399B, 0x081E, 0x001C, 0x0030, 0x0100, 0x0000
	.2byte 0x2EFF, 0x0824, 0x0400, 0x050B, 0x0000, 0x0000, 0xFC94, 0x084F
	.2byte 0xFCB4, 0x084F, 0xFD64, 0x084F, 0x0601, 0x0000, 0x0010, 0x000A
	.2byte 0x0203, 0x0021, 0x0000, 0x0000, 0x3C5E, 0x081E, 0x0000, 0x0000
	.2byte 0x1102, 0x0000, 0x000C, 0x000D, 0x0203, 0x0012, 0x0000, 0x0000
	.2byte 0x3C4C, 0x081E, 0x0364, 0x0000, 0x0903, 0x0000, 0x000E, 0x0011
	.2byte 0x0203, 0x0012, 0x0000, 0x0000, 0x3C55, 0x081E, 0x0000, 0x0000
	.2byte 0xD704, 0x0000, 0x0005, 0x0008, 0x0703, 0x0000, 0x0000, 0x0000
	.2byte 0x4267, 0x081E, 0x02F0, 0x0000, 0x5E05, 0x0000, 0x0002, 0x000A
	.2byte 0x0A04, 0x0000, 0x0000, 0x0000, 0x0000, 0x0000, 0x02F9, 0x0000
	.2byte 0x5E06, 0x0000, 0x000B, 0x000A, 0x0A04, 0x0000, 0x0000, 0x0000
	.2byte 0x0000, 0x0000, 0x02FA, 0x0000, 0xF007, 0x0000, 0x000D, 0x000A
	.2byte 0x0703, 0x0011, 0x0000, 0x0000, 0x0000, 0x0000, 0x031A, 0x0000
	.2byte 0x4008, 0x0000, 0x000E, 0x000A, 0x0703, 0x0011, 0x0000, 0x0000
	.2byte 0x0000, 0x0000, 0x031B, 0x0000, 0x000E, 0x0008, 0x0100, 0x0102
	.2byte 0x0005, 0x0008, 0x0100, 0x0100, 0x0007, 0x0010, 0x0000, 0x0104
	.2byte 0x000A, 0x0001, 0x0003, 0x4050, 0x0000, 0x0000, 0x3CBB, 0x081E
	.2byte 0x000B, 0x0001, 0x0003, 0x4050, 0x0000, 0x0000, 0x3D19, 0x081E
	.2byte 0x000B, 0x0001, 0x0003, 0x4050, 0x0001, 0x0000, 0x3D49, 0x081E
	.2byte 0x0008, 0x0009, 0x0003, 0x4050, 0x0003, 0x0000, 0x3E23, 0x081E
	.2byte 0x0009, 0x0009, 0x0003, 0x4050, 0x0003, 0x0000, 0x3E2F, 0x081E
	.2byte 0x000A, 0x0009, 0x0003, 0x4050, 0x0003, 0x0000, 0x3E0B, 0x081E
	.2byte 0x000B, 0x0009, 0x0003, 0x4050, 0x0003, 0x0000, 0x3E17, 0x081E
	.2byte 0x000A, 0x0002, 0x0003, 0x4050, 0x0003, 0x0000, 0x3DE5, 0x081E
	.2byte 0x000B, 0x0002, 0x0003, 0x4050, 0x0003, 0x0000, 0x3DF8, 0x081E
	.2byte 0x000F, 0x000D, 0x0000, 0x0000, 0x3D7B, 0x081E, 0x0006, 0x0011
	.2byte 0x0000, 0x0000, 0x3D84, 0x081E, 0x0007, 0x0008, 0x0003, 0x0000
	.2byte 0x3D8D, 0x081E, 0x000C, 0x0008, 0x0003, 0x0000, 0x3DB9, 0x081E
	.2byte 0x0308, 0x0409, 0xFDB4, 0x084F, 0xFE74, 0x084F, 0xFE8C, 0x084F
	.2byte 0xFF1C, 0x084F, 0x0E01, 0x0000, 0x0010, 0x000B, 0x0903, 0x0000
	.2byte 0x0000, 0x0000, 0x47D3, 0x081E, 0x0000, 0x0000, 0x5302, 0x0000
	.2byte 0x000D, 0x0007, 0x0803, 0x0000, 0x0000, 0x0000, 0x47DC, 0x081E
	.2byte 0x0000, 0x0000, 0x2703, 0x0000, 0x0008, 0x0009, 0x0A03, 0x0000
	.2byte 0x0000, 0x0000, 0x48FF, 0x081E, 0x0000, 0x0000, 0xF004, 0x0000
	.2byte 0x000B, 0x0013, 0x0703, 0x0011, 0x0000, 0x0000, 0x4950, 0x081E
	.2byte 0x03D3, 0x0000, 0x0005, 0x0007, 0x0000, 0x0200, 0x000F, 0x0010
	.2byte 0x0000, 0x0201, 0x0006, 0x0010, 0x0000, 0x0202, 0x000E, 0x0006
	.2byte 0x0000, 0x0204, 0x0000, 0x000A, 0x0003, 0x4051, 0x0000, 0x0000
	.2byte 0x491F, 0x081E, 0x0008, 0x0013, 0x0003, 0x40C7, 0x0001, 0x0000
	.2byte 0x4966, 0x081E, 0x0009, 0x0013, 0x0003, 0x40C7, 0x0001, 0x0000
	.2byte 0x4986, 0x081E, 0x000A, 0x0013, 0x0003, 0x40C7, 0x0001, 0x0000
	.2byte 0x49A6, 0x081E, 0x000B, 0x0009, 0x0000, 0x0000, 0x47CA, 0x081E
	.2byte 0x0007, 0x0010, 0x0100, 0x0000, 0x2EFF, 0x0824, 0x000F, 0x0006
	.2byte 0x0100, 0x0000, 0x2EF6, 0x0824, 0x0008, 0x0010, 0x0100, 0x0000
	.2byte 0x2EFF, 0x0824, 0x0010, 0x0006, 0x0100, 0x0000, 0x2EF6, 0x0824
	.2byte 0x0404, 0x0504, 0xFF60, 0x084F, 0xFFC0, 0x084F, 0xFFE0, 0x084F
	.2byte 0x0020, 0x0850, 0x1401, 0x0000, 0x0007, 0x000C, 0x0503, 0x0001
	.2byte 0x0000, 0x0000, 0x4D01, 0x081E, 0x0000, 0x0000, 0x1502, 0x0000
	.2byte 0x000C, 0x0009, 0x0903, 0x0010, 0x0000, 0x0003, 0x4C61, 0x081E
	.2byte 0x02E4, 0x0000, 0x3203, 0x0000, 0x000C, 0x000E, 0x0503, 0x0001
	.2byte 0x0000, 0x0000, 0x4D25, 0x081E, 0x0000, 0x0000, 0x5804, 0x0000
	.2byte 0x000C, 0x0008, 0x0801, 0x0000, 0x0000, 0x0000, 0x0000, 0x0000
	.2byte 0x02E7, 0x0000, 0x0705, 0x0000, 0x0001, 0x0006, 0x0103, 0x0000
	.2byte 0x0000, 0x0000, 0x5072, 0x081E, 0x0000, 0x0000, 0x0003, 0x0003
	.2byte 0x0000, 0x0304, 0x0002, 0x000A, 0x0000, 0x0301, 0x0008, 0x0011
	.2byte 0x0000, 0x0303, 0x0011, 0x000E, 0x0000, 0x0300, 0x0008, 0x0008
	.2byte 0x0000, 0x0305, 0x000A, 0x000A, 0x0000, 0x0000, 0x4D0A, 0x081E
	.2byte 0x000B, 0x0010, 0x0000, 0x0000, 0x4D13, 0x081E, 0x0004, 0x000A
	.2byte 0x0100, 0x0000, 0x2EFF, 0x0824, 0x0003, 0x000A, 0x0100, 0x0000
	.2byte 0x2EFF, 0x0824, 0x0002, 0x0004, 0x0000, 0x0000, 0x4D1C, 0x081E
	.2byte 0x0505, 0x0500, 0x0070, 0x0850, 0x00E8, 0x0850, 0x0000, 0x0000
	.2byte 0x0110, 0x0850, 0x1601, 0x0000, 0x0008, 0x0007, 0x0803, 0x0000
	.2byte 0x0000, 0x0000, 0x58CA, 0x081E, 0x0000, 0x0000, 0x1502, 0x0000
	.2byte 0x0005, 0x0001, 0x0803, 0x0000, 0x0000, 0x0000, 0x589D, 0x081E
	.2byte 0x0000, 0x0000, 0x1D03, 0x0000, 0x0005, 0x0008, 0x0803, 0x0000
	.2byte 0x0000, 0x0000, 0x58A6, 0x081E, 0x0000, 0x0000, 0x0604, 0x0000
	.2byte 0x000A, 0x000D, 0x0303, 0x0020, 0x0000, 0x0000, 0x58AF, 0x081E
	.2byte 0x0000, 0x0000, 0x8B05, 0x0000, 0x0004, 0x0004, 0x1203, 0x0000
	.2byte 0x0000, 0x0000, 0x58B8, 0x081E, 0x0000, 0x0000, 0x8B06, 0x0000
	.2byte 0x0005, 0x0004, 0x1103, 0x0000, 0x0000, 0x0000, 0x58C1, 0x081E
	.2byte 0x0000, 0x0000, 0xF307, 0x0000, 0x0006, 0x0010, 0x0903, 0x0000
	.2byte 0x0000, 0x0000, 0x0000, 0x0000, 0x03A2, 0x0000, 0xF008, 0x0000
	.2byte 0x000C, 0x000F, 0x0800, 0x0000, 0x0000, 0x0000, 0x0000, 0x0000
	.2byte 0x03A1, 0x0000, 0x1609, 0x0000, 0x0004, 0x0007, 0x0803, 0x0011
	.2byte 0x0000, 0x0000, 0x58D3, 0x081E, 0x0000, 0x0000, 0x000C, 0x000F
	.2byte 0x0000, 0x0400, 0x0005, 0x000F, 0x0000, 0x0401, 0x000F, 0x0005
	.2byte 0x0000, 0x0404, 0x0009, 0x0006, 0x0000, 0x0405, 0x0010, 0x000F
	.2byte 0x0000, 0x0403, 0x0009, 0x0002, 0x0303, 0x0405, 0x0006, 0x0003
	.2byte 0x0003, 0x0000, 0x0000, 0x0000, 0x5889, 0x081E, 0x000E, 0x0010
	.2byte 0x0000, 0x0000, 0x5946, 0x081E, 0x0007, 0x000F, 0x0000, 0x0000
	.2byte 0x593D, 0x081E, 0x0011, 0x0005, 0x0100, 0x0000, 0x2EF6, 0x0824
	.2byte 0x000D, 0x0008, 0x0000, 0x0000, 0x5934, 0x081E, 0x000A, 0x0006
	.2byte 0x0100, 0x0000, 0x2EFF, 0x0824, 0x0010, 0x0005, 0x0100, 0x0000
	.2byte 0x2EF6, 0x0824, 0x000B, 0x0006, 0x0100, 0x0000, 0x2EFF, 0x0824
	.2byte 0x0004, 0x0005, 0x0703, 0x0000, 0x0010, 0x0000, 0x0609, 0x0801
	.2byte 0x0160, 0x0850, 0x0238, 0x0850, 0x0268, 0x0850, 0x0278, 0x0850
	.2byte 0x0801, 0x0000, 0x0008, 0x000B, 0x0803, 0x0010, 0x0000, 0x0000
	.2byte 0x5E94, 0x081E, 0x0000, 0x0000, 0x1502, 0x0000, 0x000B, 0x0009
	.2byte 0x0503, 0x0001, 0x0000, 0x0000, 0x5E75, 0x081E, 0x0000, 0x0000
	.2byte 0x3003, 0x0000, 0x000B, 0x000F, 0x0303, 0x0011, 0x0000, 0x0000
	.2byte 0x5E9D, 0x081E, 0x0000, 0x0000, 0xD604, 0x0000, 0x0008, 0x000C
	.2byte 0x0103, 0x0001, 0x0000, 0x0000, 0x5EA6, 0x081E, 0x038B, 0x0000
	.2byte 0x000F, 0x000F, 0x0000, 0x0500, 0x0008, 0x0007, 0x0000, 0x0501
	.2byte 0x000E, 0x0007, 0x0000, 0x0504, 0x0006, 0x0011, 0x0000, 0x0506
	.2byte 0x0001, 0x0006, 0x0000, 0x0507, 0x0010, 0x000F, 0x0100, 0x0000
	.2byte 0x2EF6, 0x0824, 0x000F, 0x0007, 0x0100, 0x0000, 0x2EFF, 0x0824
	.2byte 0x0006, 0x0008, 0x0000, 0x0000, 0x5EB9, 0x081E, 0x0010, 0x0007
	.2byte 0x0100, 0x0000, 0x2EFF, 0x0824, 0x000A, 0x000B, 0x0000, 0x0000
	.2byte 0x5EC2, 0x081E, 0x0011, 0x000F, 0x0100, 0x0000, 0x2EF6, 0x0824
	.2byte 0x0003, 0x0007, 0x0000, 0x0000, 0x5ECB, 0x081E, 0x0002, 0x000F
	.2byte 0x0703, 0x0000, 0x006E, 0x001C, 0x0504, 0x0800, 0x02EC, 0x0850
	.2byte 0x034C, 0x0850, 0x0000, 0x0000, 0x0374, 0x0850, 0x1701, 0x0000
	.2byte 0x0004, 0x0011, 0x0503, 0x0001, 0x0000, 0x0000, 0x609B, 0x081E
	.2byte 0x0000, 0x0000, 0x0602, 0x0000, 0x0009, 0x0002, 0x0903, 0x0001
	.2byte 0x0000, 0x0000, 0x6068, 0x081E, 0x0000, 0x0000, 0x0703, 0x0000
	.2byte 0x0007, 0x000B, 0x0303, 0x0010, 0x0000, 0x0000, 0x60AD, 0x081E
	.2byte 0x0000, 0x0000, 0x1F04, 0x0000, 0x0007, 0x0006, 0x0503, 0x0001
	.2byte 0x0000, 0x0000, 0x60A4, 0x081E, 0x0000, 0x0000, 0x0003, 0x0007
	.2byte 0x0000, 0x0600, 0x000C, 0x0003, 0x0000, 0x0603, 0x0010, 0x0003
	.2byte 0x0000, 0x0604, 0x000A, 0x000E, 0x0000, 0x0606, 0x0008, 0x0001
	.2byte 0x0100, 0x1804, 0x0001, 0x000E, 0x0000, 0x0607, 0x0011, 0x000F
	.2byte 0x0000, 0x0608, 0x000E, 0x0003, 0x0100, 0x0000, 0x2EF6, 0x0824
	.2byte 0x000E, 0x0006, 0x0000, 0x0000, 0x60CC, 0x081E, 0x0011, 0x0003
	.2byte 0x0100, 0x0000, 0x2EFF, 0x0824, 0x0007, 0x000E, 0x0000, 0x0000
	.2byte 0x60D5, 0x081E, 0x000D, 0x0003, 0x0100, 0x0000, 0x2EF6, 0x0824
	.2byte 0x0012, 0x0003, 0x0100, 0x0000, 0x2EFF, 0x0824, 0x0001, 0x0008
	.2byte 0x0000, 0x0000, 0x60DE, 0x081E, 0x0007, 0x0003, 0x0000, 0x0000
	.2byte 0x60E7, 0x081E, 0x0704, 0x0800, 0x03E8, 0x0850, 0x0448, 0x0850
	.2byte 0x0000, 0x0000, 0x0480, 0x0850, 0x0801, 0x0000, 0x000A, 0x0017
	.2byte 0x0903, 0x0000, 0x0000, 0x0000, 0x639C, 0x081E, 0x0000, 0x0000
	.2byte 0x3202, 0x0000, 0x000B, 0x000E, 0x0A03, 0x0000, 0x0000, 0x0000
	.2byte 0x63A5, 0x081E, 0x0000, 0x0000, 0x0503, 0x0000, 0x0009, 0x0010
	.2byte 0x0803, 0x0000, 0x0000, 0x0000, 0x6393, 0x081E, 0x0000, 0x0000
	.2byte 0x0008, 0x000F, 0x0000, 0x0700, 0x0010, 0x000D, 0x0000, 0x0702
	.2byte 0x0003, 0x0016, 0x0000, 0x0703, 0x000C, 0x0018, 0x0000, 0x0704
	.2byte 0x0002, 0x000C, 0x0000, 0x0705, 0x0011, 0x0015, 0x0000, 0x0706
	.2byte 0x0009, 0x000F, 0x0100, 0x0000, 0x2EFF, 0x0824, 0x0007, 0x0010
	.2byte 0x0000, 0x0000, 0x63AE, 0x081E, 0x000A, 0x000F, 0x0100, 0x0000
	.2byte 0x2EFF, 0x0824, 0x0603, 0x0300, 0x04F4, 0x0850, 0x053C, 0x0850
	.2byte 0x0000, 0x0000, 0x056C, 0x0850, 0x2301, 0x0000, 0x0010, 0x0008
	.2byte 0x0103, 0x0000, 0x0000, 0x0000, 0x65F7, 0x081E, 0x0000, 0x0000
	.2byte 0x4002, 0x0000, 0x0009, 0x000D, 0x4700, 0x0000, 0x0000, 0x0000
	.2byte 0x0000, 0x0000, 0x02D0, 0x0000, 0x6103, 0x0000, 0x0007, 0x000E
	.2byte 0x0103, 0x0000, 0x0000, 0x0000, 0x6612, 0x081E, 0x02BC, 0x0000
	.2byte 0x6204, 0x0000, 0x000A, 0x000D, 0x4600, 0x0000, 0x0000, 0x0000
	.2byte 0x0000, 0x0000, 0x02EE, 0x0000, 0x4005, 0x0000, 0x0005, 0x000B
	.2byte 0x0103, 0x0000, 0x0000, 0x0000, 0x31CD, 0x0824, 0x0381, 0x0000
	.2byte 0x0906, 0x0000, 0x0002, 0x000D, 0x0503, 0x0011, 0x0000, 0x0000
	.2byte 0x6600, 0x081E, 0x03DF, 0x0000, 0x000A, 0x0013, 0x0003, 0x4060
	.2byte 0x0001, 0x0000, 0x64DA, 0x081E, 0x000B, 0x0013, 0x0003, 0x4060
	.2byte 0x0001, 0x0000, 0x64DA, 0x081E, 0x000A, 0x0012, 0x0003, 0x4060
	.2byte 0x0002, 0x0000, 0x654A, 0x081E, 0x000B, 0x0012, 0x0003, 0x4060
	.2byte 0x0002, 0x0000, 0x654A, 0x081E, 0x0006, 0x0010, 0x0003, 0x4060
	.2byte 0x0002, 0x0000, 0x6560, 0x081E, 0x0006, 0x000F, 0x0003, 0x4060
	.2byte 0x0002, 0x0000, 0x6560, 0x081E, 0x0006, 0x0011, 0x0003, 0x4060
	.2byte 0x0002, 0x0000, 0x6560, 0x081E, 0x0006, 0x0012, 0x0003, 0x4060
	.2byte 0x0002, 0x0000, 0x6560, 0x081E, 0x0007, 0x000D, 0x0003, 0x4060
	.2byte 0x0002, 0x0000, 0x6576, 0x081E, 0x0005, 0x0009, 0x0000, 0x0000
	.2byte 0x6609, 0x081E, 0x0006, 0x0109, 0x05A4, 0x0850, 0x0000, 0x0000
	.2byte 0x0634, 0x0850, 0x06C4, 0x0850, 0x0B01, 0x0000, 0x0012, 0x000B
	.2byte 0x0103, 0x0000, 0x0000, 0x0000, 0x6825, 0x081E, 0x0000, 0x0000
	.2byte 0x2302, 0x0000, 0x0021, 0x000E, 0x0803, 0x0000, 0x0001, 0x0003
	.2byte 0x6849, 0x081E, 0x0000, 0x0000, 0x2403, 0x0000, 0x0019, 0x000F
	.2byte 0x0703, 0x0000, 0x0001, 0x0002, 0x68F7, 0x081E, 0x0000, 0x0000
	.2byte 0x2F04, 0x0000, 0x0008, 0x0007, 0x1203, 0x0000, 0x0001, 0x0003
	.2byte 0x690E, 0x081E, 0x0000, 0x0000, 0x0705, 0x0000, 0x0025, 0x0004
	.2byte 0x0203, 0x0011, 0x0000, 0x0000, 0x6840, 0x081E, 0x0000, 0x0000
	.2byte 0x3B06, 0x0000, 0x000B, 0x000F, 0x0803, 0x0000, 0x0000, 0x0000
	.2byte 0x6A2F, 0x0825, 0x03E8, 0x0000, 0x3C07, 0x0000, 0x0018, 0x0002
	.2byte 0x0C03, 0x0000, 0x0000, 0x0002, 0x4D23, 0x0824, 0x0000, 0x0000
	.2byte 0x3C08, 0x0000, 0x0019, 0x0002, 0x0C03, 0x0000, 0x0000, 0x0001
	.2byte 0x4D23, 0x0824, 0x0000, 0x0000, 0x2309, 0x0000, 0x0013, 0x0004
	.2byte 0x0803, 0x0011, 0x0001, 0x0003, 0x6925, 0x081E, 0x0000, 0x0000
	.2byte 0x0011, 0x0002, 0x0000, 0x0000, 0x6837, 0x081E, 0x0028, 0x0009
	.2byte 0x0000, 0x0000, 0x682E, 0x081E, 0x0009, 0x0200, 0x06E4, 0x0850
	.2byte 0x0000, 0x0000, 0x0000, 0x0000, 0x07BC, 0x0850, 0x2101, 0x0000
	.2byte 0x0031, 0x000C, 0x0903, 0x0000, 0x0000, 0x0000, 0x6CAD, 0x081E
	.2byte 0x0000, 0x0000, 0xF002, 0x0000, 0x000A, 0x0003, 0x0A03, 0x0000
	.2byte 0x0000, 0x0000, 0x6A8C, 0x081E, 0x02D3, 0x0000, 0x1403, 0x0000
	.2byte 0x0047, 0x000B, 0x1203, 0x0000, 0x0001, 0x0003, 0x6CBF, 0x081E
	.2byte 0x0000, 0x0000, 0x0604, 0x0000, 0x0041, 0x000C, 0x0803, 0x0000
	.2byte 0x0001, 0x0001, 0x6D39, 0x081E, 0x0000, 0x0000, 0x0605, 0x0000
	.2byte 0x0040, 0x000C, 0x0803, 0x0000, 0x0001, 0x0001, 0x6CD6, 0x081E
	.2byte 0x0000, 0x0000, 0x3206, 0x0000, 0x0032, 0x0008, 0x1A03, 0x0010
	.2byte 0x0001, 0x0003, 0x6D9C, 0x081E, 0x0000, 0x0000, 0x3C07, 0x0000
	.2byte 0x003A, 0x0005, 0x0C03, 0x0000, 0x0000, 0x0005, 0x4D23, 0x0824
	.2byte 0x0000, 0x0000, 0x3C08, 0x0000, 0x003B, 0x0005, 0x0C03, 0x0000
	.2byte 0x0000, 0x0006, 0x4D23, 0x0824, 0x0000, 0x0000, 0x3C09, 0x0000
	.2byte 0x003C, 0x0005, 0x0C03, 0x0000, 0x0000, 0x0007, 0x4D23, 0x0824
	.2byte 0x0000, 0x0000, 0x070A, 0x0000, 0x0014, 0x000A, 0x0203, 0x0021
	.2byte 0x0000, 0x0000, 0x6CA4, 0x081E, 0x0000, 0x0000, 0x400B, 0x0000
	.2byte 0x0007, 0x0003, 0x0203, 0x0011, 0x0000, 0x0000, 0x31CD, 0x0824
	.2byte 0x0382, 0x0000, 0x190C, 0x0000, 0x0038, 0x000D, 0x0A03, 0x0000
	.2byte 0x0001, 0x0005, 0x6DB3, 0x081E, 0x0000, 0x0000, 0x3B0D, 0x0000
	.2byte 0x0032, 0x0005, 0x0103, 0x0011, 0x0000, 0x0000, 0x6A3C, 0x0825
	.2byte 0x045A, 0x0000, 0x520E, 0x0000, 0x0043, 0x0007, 0x0103, 0x0011
	.2byte 0x0000, 0x0000, 0x65C8, 0x0825, 0x0012, 0x0000, 0x520F, 0x0000
	.2byte 0x0048, 0x0008, 0x0103, 0x0011, 0x0000, 0x0000, 0x65C8, 0x0825
	.2byte 0x0013, 0x0000, 0x2C10, 0x0000, 0x0043, 0x0005, 0x0803, 0x0011
	.2byte 0x0001, 0x0002, 0x6E2C, 0x081E, 0x0000, 0x0000, 0x4211, 0x0000
	.2byte 0x0043, 0x0009, 0x0703, 0x0011, 0x0001, 0x0002, 0x6E15, 0x081E
	.2byte 0x0000, 0x0000, 0x2B12, 0x0000, 0x0024, 0x0006, 0x1A01, 0x0031
	.2byte 0x0001, 0x0005, 0x6E5A, 0x081E, 0x0000, 0x0000, 0x2A13, 0x0000
	.2byte 0x0024, 0x000D, 0x1901, 0x0031, 0x0001, 0x0005, 0x6E43, 0x081E
	.2byte 0x0000, 0x0000, 0x3B14, 0x0000, 0x0040, 0x0007, 0x0100, 0x0011
	.2byte 0x0000, 0x0000, 0x6A49, 0x0825, 0x0471, 0x0000, 0x002D, 0x0006
	.2byte 0x0000, 0x186A, 0x000B, 0x0009, 0x0000, 0x0000, 0x6CB6, 0x081E
	.2byte 0x0114, 0x0100, 0x07E8, 0x0850, 0x09C8, 0x0850, 0x0000, 0x0000
	.2byte 0x09D0, 0x0850, 0x2401, 0x0000, 0x000F, 0x003C, 0x0903, 0x0000
	.2byte 0x0000, 0x0000, 0x750B, 0x081E, 0x0000, 0x0000, 0x0A02, 0x0000
	.2byte 0x0019, 0x0031, 0x0203, 0x0011, 0x0000, 0x0000, 0x7502, 0x081E
	.2byte 0x0000, 0x0000, 0x2F03, 0x0000, 0x001F, 0x0018, 0x0903, 0x0000
	.2byte 0x0001, 0x0007, 0x7889, 0x081E, 0x0000, 0x0000, 0x0704, 0x0000
	.2byte 0x001B, 0x003F, 0x0303, 0x0010, 0x0000, 0x0000, 0x7541, 0x081E
	.2byte 0x0000, 0x0000, 0x1405, 0x0000, 0x001E, 0x0032, 0x0203, 0x0011
	.2byte 0x0000, 0x0000, 0x754A, 0x081E, 0x0000, 0x0000, 0x0E06, 0x0000
	.2byte 0x001C, 0x004A, 0x0703, 0x0000, 0x0000, 0x0000, 0x758C, 0x081E
	.2byte 0x0000, 0x0000, 0x5807, 0x0000, 0x000C, 0x0036, 0x0701, 0x0000
	.2byte 0x0000, 0x0000, 0x0000, 0x0000, 0x02E6, 0x0000, 0x1508, 0x0000
	.2byte 0x000C, 0x0033, 0x0A04, 0x0000, 0x0000, 0x0000, 0x0000, 0x0000
	.2byte 0x02E2, 0x0000, 0x3209, 0x0000, 0x001D, 0x0008, 0x0803, 0x0000
	.2byte 0x0001, 0x0000, 0x785B, 0x081E, 0x0000, 0x0000, 0x3C0A, 0x0000
	.2byte 0x0022, 0x0006, 0x0C03, 0x0000, 0x0000, 0x0008, 0x4D23, 0x0824
	.2byte 0x0000, 0x0000, 0x3C0B, 0x0000, 0x0023, 0x0006, 0x0C03, 0x0000
	.2byte 0x0000, 0x0009, 0x4D23, 0x0824, 0x0000, 0x0000, 0x3C0C, 0x0000
	.2byte 0x0024, 0x0006, 0x0C03, 0x0000, 0x0000, 0x000A, 0x4D23, 0x0824
	.2byte 0x0000, 0x0000, 0x3C0D, 0x0000, 0x0016, 0x0029, 0x0C03, 0x0000
	.2byte 0x0000, 0x000B, 0x4D23, 0x0824, 0x0000, 0x0000, 0x3C0E, 0x0000
	.2byte 0x0017, 0x0029, 0x0C03, 0x0000, 0x0000, 0x000C, 0x4D23, 0x0824
	.2byte 0x0000, 0x0000, 0x3C0F, 0x0000, 0x0018, 0x0029, 0x0C03, 0x0000
	.2byte 0x0000, 0x000D, 0x4D23, 0x0824, 0x0000, 0x0000, 0x1610, 0x0000
	.2byte 0x0025, 0x0008, 0x0903, 0x0011, 0x0000, 0x0000, 0x7488, 0x081E
	.2byte 0x0000, 0x0000, 0x3C11, 0x0000, 0x0003, 0x0016, 0x0C03, 0x0000
	.2byte 0x0000, 0x0003, 0x4D23, 0x0824, 0x0000, 0x0000, 0x3C12, 0x0000
	.2byte 0x0003, 0x0017, 0x0C03, 0x0000, 0x0000, 0x0004, 0x4D23, 0x0824
	.2byte 0x0000, 0x0000, 0x3C13, 0x0000, 0x0003, 0x0018, 0x0C03, 0x0000
	.2byte 0x0000, 0x004B, 0x4D23, 0x0824, 0x0000, 0x0000, 0x3C14, 0x0000
	.2byte 0x0003, 0x0019, 0x0C03, 0x0000, 0x0000, 0x004C, 0x4D23, 0x0824
	.2byte 0x0000, 0x0000, 0x3B15, 0x0000, 0x0027, 0x000F, 0x0103, 0x0000
	.2byte 0x0000, 0x0000, 0x6A56, 0x0825, 0x03EA, 0x0000, 0x2216, 0x0000
	.2byte 0x0008, 0x0013, 0x0503, 0x0001, 0x0000, 0x0000, 0x74C9, 0x081E
	.2byte 0x038A, 0x0000, 0x0617, 0x0000, 0x001B, 0x000F, 0x0803, 0x0000
	.2byte 0x0001, 0x0001, 0x7A93, 0x081E, 0x0000, 0x0000, 0x0618, 0x0000
	.2byte 0x001C, 0x000F, 0x0803, 0x0000, 0x0001, 0x0001, 0x7AB2, 0x081E
	.2byte 0x0000, 0x0000, 0x0F19, 0x0000, 0x0015, 0x0019, 0x1703, 0x0000
	.2byte 0x0001, 0x0003, 0x7937, 0x081E, 0x0000, 0x0000, 0x141A, 0x0000
	.2byte 0x000B, 0x002C, 0x1003, 0x0000, 0x0001, 0x0003, 0x79E5, 0x081E
	.2byte 0x0000, 0x0000, 0x3B1B, 0x0000, 0x001D, 0x0035, 0x0103, 0x0011
	.2byte 0x0000, 0x0000, 0x6A63, 0x0825, 0x0421, 0x0000, 0x231C, 0x0000
	.2byte 0x0012, 0x0043, 0x2E03, 0x0065, 0x0001, 0x0002, 0x7872, 0x081E
	.2byte 0x0000, 0x0000, 0x3B1D, 0x0000, 0x0025, 0x0016, 0x0103, 0x0011
	.2byte 0x0000, 0x0000, 0x6A70, 0x0825, 0x045B, 0x0000, 0x521E, 0x0000
	.2byte 0x0023, 0x0016, 0x0103, 0x0011, 0x0000, 0x0000, 0x65C8, 0x0825
	.2byte 0x0011, 0x0000, 0x3B1F, 0x0000, 0x0005, 0x0008, 0x0103, 0x0011
	.2byte 0x0000, 0x0000, 0x6A7D, 0x0825, 0x046F, 0x0000, 0x0920, 0x0000
	.2byte 0x0005, 0x001A, 0x0103, 0x0011, 0x0000, 0x0000, 0x7553, 0x081E
	.2byte 0x0000, 0x0000, 0x3221, 0x0000, 0x000F, 0x003B, 0x0903, 0x0000
	.2byte 0x0001, 0x0000, 0x7AD1, 0x081E, 0x0000, 0x0000, 0xF022, 0x0000
	.2byte 0x0011, 0x0032, 0x0100, 0x0011, 0x0000, 0x0000, 0x719A, 0x081E
	.2byte 0x02CF, 0x0000, 0x0011, 0x0032, 0x0000, 0x1100, 0x0005, 0x0012
	.2byte 0x0000, 0x1101, 0x000A, 0x001E, 0x0003, 0x180B, 0x000B, 0x001E
	.2byte 0x0103, 0x180B, 0x000A, 0x0026, 0x0203, 0x180B, 0x000B, 0x0026
	.2byte 0x0303, 0x180B, 0x0020, 0x002A, 0x0403, 0x180B, 0x0021, 0x002A
	.2byte 0x0503, 0x180B, 0x0011, 0x0033, 0x0003, 0x4063, 0x0001, 0x0000
	.2byte 0x71AF, 0x081E, 0x0014, 0x0032, 0x0000, 0x0000, 0x7514, 0x081E
	.2byte 0x001B, 0x0042, 0x0000, 0x0000, 0x751D, 0x081E, 0x0017, 0x0005
	.2byte 0x0000, 0x0000, 0x7526, 0x081E, 0x0007, 0x0014, 0x0000, 0x0000
	.2byte 0x752F, 0x081E, 0x0011, 0x0017, 0x0003, 0x0000, 0x7538, 0x081E
	.2byte 0x0007, 0x0006, 0x0703, 0x0000, 0x0016, 0x002C, 0x0003, 0x0009
	.2byte 0x0703, 0x0000, 0x0004, 0x003E, 0x000E, 0x0037, 0x0703, 0x0000
	.2byte 0x000D, 0x0025, 0x0010, 0x0048, 0x0703, 0x0000, 0x000E, 0x0055
	.2byte 0x0010, 0x0040, 0x0703, 0x0000, 0x006F, 0x0058, 0x0822, 0x0A01
	.2byte 0x09F0, 0x0850, 0x0D20, 0x0850, 0x0D60, 0x0850, 0x0D70, 0x0850
	.2byte 0x2A01, 0x0000, 0x0013, 0x003C, 0x0A01, 0x0000, 0x0001, 0x0006
	.2byte 0x8224, 0x081E, 0x0000, 0x0000, 0x2A02, 0x0000, 0x001B, 0x0024
	.2byte 0x1B01, 0x0007, 0x0001, 0x0003, 0x823B, 0x081E, 0x0000, 0x0000
	.2byte 0x2B03, 0x0000, 0x0008, 0x002D, 0x1901, 0x0070, 0x0001, 0x0003
	.2byte 0x8252, 0x081E, 0x0000, 0x0000, 0x2B04, 0x0000, 0x0013, 0x0009
	.2byte 0x1801, 0x0050, 0x0001, 0x0003, 0x8269, 0x081E, 0x0000, 0x0000
	.2byte 0x3B05, 0x0000, 0x0008, 0x0049, 0x0103, 0x0000, 0x0000, 0x0000
	.2byte 0x6A8A, 0x0825, 0x03EB, 0x0000, 0x3706, 0x0000, 0x0011, 0x0030
	.2byte 0x1A03, 0x0070, 0x0001, 0x0003, 0x820D, 0x081E, 0x0000, 0x0000
	.2byte 0x4207, 0x0000, 0x0004, 0x0036, 0x0803, 0x0020, 0x0001, 0x0002
	.2byte 0x8280, 0x081E, 0x0000, 0x0000, 0x3708, 0x0000, 0x0004, 0x003A
	.2byte 0x0703, 0x0020, 0x0001, 0x0004, 0x8297, 0x081E, 0x0000, 0x0000
	.2byte 0x0009, 0x0014, 0x0000, 0x1843, 0x000F, 0x0044, 0x0703, 0x0000
	.2byte 0x006F, 0x0059, 0x0005, 0x0038, 0x0703, 0x0000, 0x006B, 0x006F
	.2byte 0x0108, 0x0200, 0x0DFC, 0x0850, 0x0EBC, 0x0850, 0x0000, 0x0000
	.2byte 0x0EC4, 0x0850, 0x2A01, 0x0000, 0x0012, 0x0005, 0x1B01, 0x0004
	.2byte 0x0001, 0x0003, 0x83D4, 0x081E, 0x0000, 0x0000, 0x2B02, 0x0000
	.2byte 0x001D, 0x000A, 0x0101, 0x0000, 0x0001, 0x0003, 0x83EB, 0x081E
	.2byte 0x0000, 0x0000, 0x3203, 0x0000, 0x0033, 0x000E, 0x0A03, 0x0000
	.2byte 0x0001, 0x0004, 0x8402, 0x081E, 0x0000, 0x0000, 0x3204, 0x0000
	.2byte 0x0041, 0x000E, 0x0103, 0x0000, 0x0001, 0x0003, 0x8464, 0x081E
	.2byte 0x0000, 0x0000, 0x3B05, 0x0000, 0x001D, 0x000E, 0x0103, 0x0000
	.2byte 0x0000, 0x0000, 0x6A97, 0x0825, 0x03EC, 0x0000, 0x0030, 0x0010
	.2byte 0x0000, 0x1807, 0x0029, 0x000B, 0x0703, 0x0000, 0x0004, 0x003F
	.2byte 0x0035, 0x000C, 0x0700, 0x0000, 0x006C, 0x002E, 0x0044, 0x000F
	.2byte 0x0703, 0x0000, 0x006F, 0x002F, 0x003B, 0x000D, 0x0003, 0x0000
	.2byte 0x83CB, 0x081E, 0x0105, 0x0400, 0x0EF0, 0x0850, 0x0F68, 0x0850
	.2byte 0x0000, 0x0000, 0x0F70, 0x0850, 0x2A01, 0x0000, 0x0029, 0x000A
	.2byte 0x1801, 0x0011, 0x0001, 0x0003, 0x84AC, 0x081E, 0x0000, 0x0000
	.2byte 0x2A02, 0x0000, 0x0017, 0x000B, 0x3401, 0x0026, 0x0001, 0x0002
	.2byte 0x84C3, 0x081E, 0x0000, 0x0000, 0x2B03, 0x0000, 0x0010, 0x0007
	.2byte 0x0D01, 0x0000, 0x0001, 0x0005, 0x8525, 0x081E, 0x0000, 0x0000
	.2byte 0x2B04, 0x0000, 0x0032, 0x000B, 0x4101, 0x0011, 0x0001, 0x0005
	.2byte 0x853C, 0x081E, 0x0000, 0x0000, 0x2B05, 0x0000, 0x0021, 0x0004
	.2byte 0x0801, 0x0011, 0x0001, 0x0001, 0x8553, 0x081E, 0x0000, 0x0000
	.2byte 0xD506, 0x0000, 0x0020, 0x0004, 0x0801, 0x0011, 0x0001, 0x0001
	.2byte 0x856E, 0x081E, 0x0000, 0x0000, 0x2A07, 0x0000, 0x0032, 0x0005
	.2byte 0x4001, 0x0011, 0x0001, 0x0005, 0x8589, 0x081E, 0x0000, 0x0000
	.2byte 0x0007, 0x0000, 0x0FB4, 0x0850, 0x0000, 0x0000, 0x0000, 0x0000
	.2byte 0x0000, 0x0000, 0x2A01, 0x0000, 0x0034, 0x000D, 0x2D01, 0x0033
	.2byte 0x0001, 0x0003, 0x85A1, 0x081E, 0x0000, 0x0000, 0x2B02, 0x0000
	.2byte 0x0023, 0x000C, 0x0D01, 0x0011, 0x0001, 0x0003, 0x85CF, 0x081E
	.2byte 0x0000, 0x0000, 0x2A03, 0x0000, 0x000D, 0x000D, 0x1801, 0x0000
	.2byte 0x0001, 0x0003, 0x85B8, 0x081E, 0x0000, 0x0000, 0x2B04, 0x0000
	.2byte 0x0008, 0x0007, 0x1401, 0x0006, 0x0001, 0x0003, 0x85E6, 0x081E
	.2byte 0x0000, 0x0000, 0x2205, 0x0000, 0x0029, 0x0005, 0x0A03, 0x0011
	.2byte 0x0001, 0x0001, 0x85FD, 0x081E, 0x0000, 0x0000, 0x3106, 0x0000
	.2byte 0x002B, 0x0005, 0x0903, 0x0011, 0x0001, 0x0001, 0x8614, 0x081E
	.2byte 0x0000, 0x0000, 0x3B07, 0x0000, 0x002A, 0x0004, 0x0103, 0x0011
	.2byte 0x0000, 0x0000, 0x6AA4, 0x0825, 0x0473, 0x0000, 0x001D, 0x0006
	.2byte 0x0003, 0x1836, 0x0026, 0x000E, 0x0703, 0x0000, 0x0044, 0x0056
	.2byte 0x0107, 0x0100, 0x1070, 0x0850, 0x1118, 0x0850, 0x0000, 0x0000
	.2byte 0x1120, 0x0850, 0x5801, 0x0000, 0x0015, 0x001A, 0x0701, 0x0000
	.2byte 0x0000, 0x0000, 0x0000, 0x0000, 0x02E8, 0x0000, 0x1502, 0x0000
	.2byte 0x0015, 0x0018, 0x0703, 0x0000, 0x0000, 0x0000, 0x8827, 0x081E
	.2byte 0x02E5, 0x0000, 0x2A03, 0x0000, 0x000C, 0x0024, 0x0A03, 0x0000
	.2byte 0x0001, 0x0005, 0x8954, 0x081E, 0x0000, 0x0000, 0x2B04, 0x0000
	.2byte 0x0019, 0x0027, 0x0F01, 0x0000, 0x0001, 0x0005, 0x896B, 0x081E
	.2byte 0x0000, 0x0000, 0x3105, 0x0000, 0x000F, 0x0011, 0x0804, 0x0000
	.2byte 0x0001, 0x0001, 0x8982, 0x081E, 0x0000, 0x0000, 0x3106, 0x0000
	.2byte 0x0018, 0x000D, 0x0903, 0x0000, 0x0001, 0x0006, 0x8999, 0x081E
	.2byte 0x0000, 0x0000, 0x3607, 0x0000, 0x0013, 0x000A, 0x0803, 0x0000
	.2byte 0x0001, 0x0003, 0x89B0, 0x081E, 0x0000, 0x0000, 0x3508, 0x0000
	.2byte 0x0016, 0x0007, 0x5003, 0x0000, 0x0001, 0x0004, 0x8A12, 0x081E
	.2byte 0x0000, 0x0000, 0x0C09, 0x0000, 0x000B, 0x0006, 0x0803, 0x0000
	.2byte 0x0000, 0x0000, 0x88AC, 0x081E, 0x0000, 0x0000, 0x3B0A, 0x0000
	.2byte 0x001B, 0x002E, 0x0103, 0x0000, 0x0000, 0x0000, 0x6AB1, 0x0825
	.2byte 0x03ED, 0x0000, 0x350B, 0x0000, 0x001D, 0x0020, 0x0D03, 0x0000
	.2byte 0x0001, 0x0003, 0x8A8B, 0x081E, 0x0000, 0x0000, 0x350C, 0x0000
	.2byte 0x001C, 0x001F, 0x1103, 0x0000, 0x0001, 0x0003, 0x8A74, 0x081E
	.2byte 0x0000, 0x0000, 0x320D, 0x0000, 0x0015, 0x0038, 0x0900, 0x0000
	.2byte 0x0001, 0x0003, 0x8AA2, 0x081E, 0x0000, 0x0000, 0x360E, 0x0000
	.2byte 0x0018, 0x0012, 0x0A03, 0x0011, 0x0000, 0x0000, 0x88B5, 0x081E
	.2byte 0x0000, 0x0000, 0x350F, 0x0000, 0x0019, 0x0012, 0x0903, 0x0011
	.2byte 0x0000, 0x0000, 0x88CC, 0x081E, 0x0000, 0x0000, 0x1210, 0x0000
	.2byte 0x001E, 0x0020, 0x0803, 0x0011, 0x0000, 0x0000, 0x891D, 0x081E
	.2byte 0x0000, 0x0000, 0x1A11, 0x0000, 0x0008, 0x0029, 0x0803, 0x0011
	.2byte 0x0001, 0x0001, 0x8AD4, 0x081E, 0x0000, 0x0000, 0x4112, 0x0000
	.2byte 0x0009, 0x0029, 0x0803, 0x0011, 0x0001, 0x0001, 0x8AB9, 0x081E
	.2byte 0x0000, 0x0000, 0x1D13, 0x0000, 0x0021, 0x0006, 0x0103, 0x0011
	.2byte 0x0000, 0x0000, 0x8926, 0x081E, 0x0000, 0x0000, 0xD014, 0x0000
	.2byte 0x0020, 0x0006, 0x0103, 0x0011, 0x0000, 0x0000, 0x892F, 0x081E
	.2byte 0x0000, 0x0000, 0x3515, 0x0000, 0x0011, 0x000D, 0x5003, 0x0011
	.2byte 0x0001, 0x0006, 0x8B06, 0x081E, 0x0000, 0x0000, 0x3616, 0x0000
	.2byte 0x001B, 0x0007, 0x4F03, 0x0011, 0x0001, 0x0004, 0x8AEF, 0x081E
	.2byte 0x0000, 0x0000, 0x3B17, 0x0000, 0x0019, 0x0006, 0x0103, 0x0011
	.2byte 0x0000, 0x0000, 0x6ABE, 0x0825, 0x0474, 0x0000, 0x4218, 0x0000
	.2byte 0x0011, 0x0038, 0x5003, 0x0011, 0x0001, 0x0003, 0x8B1D, 0x081E
	.2byte 0x0000, 0x0000, 0x000C, 0x0005, 0x0000, 0x1C00, 0x000F, 0x0005
	.2byte 0x0000, 0x0000, 0x8942, 0x081E, 0x001D, 0x000A, 0x0003, 0x0000
	.2byte 0x894B, 0x081E, 0x0010, 0x0017, 0x0703, 0x0000, 0x0018, 0x0032
	.2byte 0x0021, 0x0005, 0x0703, 0x0000, 0x006F, 0x0034, 0x0009, 0x000A
	.2byte 0x0703, 0x0000, 0x0003, 0x0033, 0x001C, 0x0014, 0x0703, 0x0000
	.2byte 0x0022, 0x0040, 0x000D, 0x0010, 0x0703, 0x0000, 0x006F, 0x005A
	.2byte 0x0008, 0x002A, 0x0703, 0x0000, 0x006F, 0x005B, 0x0118, 0x0800
	.2byte 0x1140, 0x0850, 0x1380, 0x0850, 0x0000, 0x0000, 0x1388, 0x0850
	.2byte 0x1F01, 0x0000, 0x0011, 0x005A, 0x0803, 0x0000, 0x0000, 0x0000
	.2byte 0x8F18, 0x081E, 0x0000, 0x0000, 0x3802, 0x0000, 0x001D, 0x004F
	.2byte 0x0804, 0x0000, 0x0000, 0x0000, 0x8F0F, 0x081E, 0x0000, 0x0000
	.2byte 0x1603, 0x0000, 0x000E, 0x0045, 0x0303, 0x0010, 0x0000, 0x0000
	.2byte 0x8F06, 0x081E, 0x0000, 0x0000, 0x3804, 0x0000, 0x0009, 0x0039
	.2byte 0x0204, 0x0011, 0x0000, 0x0000, 0x8EF4, 0x081E, 0x0000, 0x0000
	.2byte 0x1505, 0x0000, 0x000A, 0x000B, 0x0203, 0x0011, 0x0000, 0x0000
	.2byte 0x8EFD, 0x081E, 0x0000, 0x0000, 0x3906, 0x0000, 0x001B, 0x0018
	.2byte 0x0204, 0x0031, 0x0000, 0x0000, 0x8EEB, 0x081E, 0x0000, 0x0000
	.2byte 0x0D07, 0x0000, 0x000F, 0x0007, 0x0203, 0x0011, 0x0000, 0x0000
	.2byte 0x8EE2, 0x081E, 0x0000, 0x0000, 0x3908, 0x0000, 0x0010, 0x0049
	.2byte 0x3104, 0x00E2, 0x0001, 0x0003, 0x9109, 0x081E, 0x0000, 0x0000
	.2byte 0x3809, 0x0000, 0x0013, 0x001F, 0x3304, 0x001A, 0x0001, 0x0003
	.2byte 0x9090, 0x081E, 0x0000, 0x0000, 0x390A, 0x0000, 0x001E, 0x001F
	.2byte 0x0904, 0x0011, 0x0001, 0x0004, 0x9120, 0x081E, 0x0000, 0x0000
	.2byte 0x380B, 0x0000, 0x0010, 0x0037, 0x2D04, 0x0044, 0x0001, 0x0003
	.2byte 0x90A7, 0x081E, 0x0000, 0x0000, 0x250C, 0x0000, 0x0003, 0x0027
	.2byte 0x0A03, 0x0000, 0x0001, 0x0006, 0x8FD2, 0x081E, 0x0000, 0x0000
	.2byte 0x2F0D, 0x0000, 0x0021, 0x000F, 0x0903, 0x0000, 0x0001, 0x0001
	.2byte 0x8FE9, 0x081E, 0x0000, 0x0000, 0x270E, 0x0000, 0x0022, 0x0028
	.2byte 0x4303, 0x0000, 0x0001, 0x0004, 0x9000, 0x081E, 0x0000, 0x0000
	.2byte 0x320F, 0x0000, 0x000A, 0x0013, 0x0803, 0x0000, 0x0001, 0x0001
	.2byte 0x9062, 0x081E, 0x0000, 0x0000, 0x3C10, 0x0000, 0x0005, 0x000B
	.2byte 0x0C03, 0x0000, 0x0000, 0x0010, 0x4D23, 0x0824, 0x0000, 0x0000
	.2byte 0x3C11, 0x0000, 0x0006, 0x000B, 0x0C03, 0x0000, 0x0000, 0x0011
	.2byte 0x4D23, 0x0824, 0x0000, 0x0000, 0x3C12, 0x0000, 0x0007, 0x000B
	.2byte 0x0C03, 0x0000, 0x0000, 0x0012, 0x4D23, 0x0824, 0x0000, 0x0000
	.2byte 0x3B13, 0x0000, 0x001E, 0x0045, 0x0103, 0x0000, 0x0000, 0x0000
	.2byte 0x6AD8, 0x0825, 0x03EF, 0x0000, 0x3B14, 0x0000, 0x001A, 0x002F
	.2byte 0x0103, 0x0000, 0x0000, 0x0000, 0x6ACB, 0x0825, 0x03EE, 0x0000
	.2byte 0x3815, 0x0000, 0x001B, 0x005C, 0x0803, 0x0000, 0x0000, 0x0000
	.2byte 0x8F97, 0x081E, 0x0000, 0x0000, 0x7516, 0x0000, 0x0007, 0x0053
	.2byte 0x0703, 0x0000, 0x0000, 0x0000, 0x8E8A, 0x081E, 0x0384, 0x0000
	.2byte 0x7517, 0x0000, 0x0008, 0x0053, 0x0703, 0x0000, 0x0000, 0x0000
	.2byte 0x8EA0, 0x081E, 0x0384, 0x0000, 0x7518, 0x0000, 0x0009, 0x0053
	.2byte 0x0703, 0x0000, 0x0000, 0x0000, 0x8EB6, 0x081E, 0x0384, 0x0000
	.2byte 0x7519, 0x0000, 0x000A, 0x0053, 0x0703, 0x0000, 0x0000, 0x0000
	.2byte 0x8ECC, 0x081E, 0x0384, 0x0000, 0x751A, 0x0000, 0x0008, 0x0052
	.2byte 0x0803, 0x0000, 0x0000, 0x0000, 0x0000, 0x0000, 0x0384, 0x0000
	.2byte 0x381B, 0x0000, 0x0015, 0x004E, 0x3304, 0x0017, 0x0001, 0x0002
	.2byte 0x9079, 0x081E, 0x0000, 0x0000, 0xF01C, 0x0000, 0x0022, 0x0036
	.2byte 0x0E03, 0x0000, 0x0000, 0x0000, 0x0000, 0x0000, 0x0397, 0x0000
	.2byte 0xF31D, 0x0000, 0x0022, 0x0036, 0x0803, 0x0000, 0x0000, 0x0000
	.2byte 0x0000, 0x0000, 0x039A, 0x0000, 0x231E, 0x0000, 0x0021, 0x0045
	.2byte 0x0E03, 0x0000, 0x0001, 0x0003, 0x91E4, 0x081E, 0x0000, 0x0000
	.2byte 0x121F, 0x0000, 0x000A, 0x004C, 0x0903, 0x0000, 0x0001, 0x0002
	.2byte 0x9182, 0x081E, 0x0000, 0x0000, 0x1920, 0x0000, 0x0007, 0x004C
	.2byte 0x0A03, 0x0011, 0x0001, 0x0002, 0x91FC, 0x081E, 0x0000, 0x0000
	.2byte 0x3921, 0x0000, 0x000A, 0x0027, 0x0903, 0x0011, 0x0001, 0x0006
	.2byte 0x922A, 0x081E, 0x0000, 0x0000, 0x4222, 0x0000, 0x0024, 0x0028
	.2byte 0x4203, 0x0011, 0x0001, 0x0003, 0x9213, 0x081E, 0x0000, 0x0000
	.2byte 0x3B23, 0x0000, 0x0006, 0x0026, 0x0103, 0x0011, 0x0000, 0x0000
	.2byte 0x6AE5, 0x0825, 0x0475, 0x0000, 0x4024, 0x0000, 0x0009, 0x004F
	.2byte 0x0103, 0x0011, 0x0000, 0x0000, 0x0000, 0x0000, 0x0345, 0x0000
	.2byte 0x0023, 0x0018, 0x0003, 0x1834, 0x000B, 0x0042, 0x0000, 0x1D00
	.2byte 0x000F, 0x0010, 0x0000, 0x1D0C, 0x0012, 0x0010, 0x0200, 0x1D0C
	.2byte 0x0010, 0x0058, 0x0000, 0x1D0B, 0x0013, 0x0058, 0x0200, 0x1D0B
	.2byte 0x001C, 0x005C, 0x0003, 0x40A9, 0x0002, 0x0000, 0x9241, 0x081E
	.2byte 0x001D, 0x005C, 0x0003, 0x40A9, 0x0002, 0x0000, 0x9241, 0x081E
	.2byte 0x0021, 0x0038, 0x0003, 0x4069, 0x0000, 0x0000, 0x932D, 0x081E
	.2byte 0x0022, 0x0038, 0x0003, 0x4069, 0x0000, 0x0000, 0x9338, 0x081E
	.2byte 0x0023, 0x0038, 0x0003, 0x4069, 0x0000, 0x0000, 0x9343, 0x081E
	.2byte 0x0007, 0x0055, 0x0003, 0x40DA, 0x0001, 0x0000, 0x95AB, 0x081E
	.2byte 0x0008, 0x0055, 0x0003, 0x40DA, 0x0001, 0x0000, 0x95B6, 0x081E
	.2byte 0x0009, 0x0055, 0x0003, 0x40DA, 0x0001, 0x0000, 0x95C1, 0x081E
	.2byte 0x000A, 0x0055, 0x0003, 0x40DA, 0x0001, 0x0000, 0x95CC, 0x081E
	.2byte 0x000F, 0x0019, 0x0000, 0x0000, 0x8F33, 0x081E, 0x0009, 0x0033
	.2byte 0x0000, 0x0000, 0x8F45, 0x081E, 0x000E, 0x0058, 0x0000, 0x0000
	.2byte 0x8F2A, 0x081E, 0x0014, 0x005E, 0x0000, 0x0000, 0x8F21, 0x081E
	.2byte 0x0007, 0x004F, 0x0000, 0x0000, 0x8F3C, 0x081E, 0x0003, 0x0011
	.2byte 0x0000, 0x0000, 0x8F4E, 0x081E, 0x0010, 0x0019, 0x0800, 0x0000
	.2byte 0x00B5, 0x0000, 0x0011, 0x0019, 0x0800, 0x0000, 0x00BF, 0x0000
	.2byte 0x0021, 0x0027, 0x0003, 0x0000, 0x8F57, 0x081E, 0x0025, 0x0046
	.2byte 0x0003, 0x0000, 0x8F60, 0x081E, 0x0008, 0x0043, 0x0000, 0x0000
	.2byte 0x8F69, 0x081E, 0x0020, 0x005D, 0x0000, 0x0000, 0x8F72, 0x081E
	.2byte 0x0023, 0x0027, 0x0703, 0x0000, 0x0018, 0x0036, 0x0021, 0x002D
	.2byte 0x0703, 0x0000, 0x0003, 0x0035, 0x0004, 0x0023, 0x0703, 0x0000
	.2byte 0x0004, 0x0041, 0x0025, 0x0043, 0x0703, 0x0000, 0x0017, 0x0037
	.2byte 0x000D, 0x0010, 0x0000, 0x0000, 0x8F2A, 0x081E, 0x0624, 0x1109
	.2byte 0x13FC, 0x0850, 0x175C, 0x0850, 0x178C, 0x0850, 0x181C, 0x0850
	.2byte 0x1301, 0x0000, 0x000D, 0x0072, 0x0803, 0x0000, 0x0000, 0x0000
	.2byte 0xA46B, 0x081E, 0x0300, 0x0000, 0x1202, 0x0000, 0x000D, 0x0071
	.2byte 0x0800, 0x0000, 0x0000, 0x0000, 0x0000, 0x0000, 0x0301, 0x0000
	.2byte 0x2F03, 0x0000, 0x000D, 0x0071, 0x0800, 0x0001, 0x0000, 0x0000
	.2byte 0x0000, 0x0000, 0x0302, 0x0000, 0x1604, 0x0000, 0x000D, 0x0071
	.2byte 0x0800, 0x0000, 0x0000, 0x0000, 0x0000, 0x0000, 0x0303, 0x0000
	.2byte 0x2005, 0x0000, 0x001C, 0x0033, 0x1103, 0x0000, 0x0001, 0x0003
	.2byte 0xA6C1, 0x081E, 0x0000, 0x0000, 0x3C06, 0x0000, 0x0016, 0x0005
	.2byte 0x0C03, 0x0000, 0x0000, 0x0013, 0x4D23, 0x0824, 0x0000, 0x0000
	.2byte 0x3C07, 0x0000, 0x0017, 0x0005, 0x0C03, 0x0000, 0x0000, 0x0014
	.2byte 0x4D23, 0x0824, 0x0000, 0x0000, 0x2108, 0x0000, 0x0008, 0x005B
	.2byte 0x0203, 0x0011, 0x0000, 0x0000, 0xA62F, 0x081E, 0x0000, 0x0000
	.2byte 0x1F09, 0x0000, 0x001D, 0x0025, 0x1103, 0x0000, 0x0001, 0x0003
	.2byte 0xA6AA, 0x081E, 0x0000, 0x0000, 0x370A, 0x0000, 0x001B, 0x0045
	.2byte 0x3203, 0x0022, 0x0001, 0x0002, 0xA706, 0x081E, 0x0000, 0x0000
	.2byte 0x1F0B, 0x0000, 0x0015, 0x002F, 0x0903, 0x0000, 0x0001, 0x0004
	.2byte 0xA6D8, 0x081E, 0x0000, 0x0000, 0x200C, 0x0000, 0x0020, 0x0042
	.2byte 0x1803, 0x0000, 0x0001, 0x0003, 0xA6EF, 0x081E, 0x0000, 0x0000
	.2byte 0x6E0D, 0x0000, 0x000E, 0x0056, 0x0803, 0x0000, 0x0000, 0x0000
	.2byte 0x420E, 0x0825, 0x031C, 0x0000, 0x440E, 0x0000, 0x000D, 0x0056
	.2byte 0x0803, 0x0000, 0x0000, 0x0000, 0x41EE, 0x0825, 0x031C, 0x0000
	.2byte 0x560F, 0x0000, 0x0012, 0x0065, 0x0103, 0x0000, 0x0000, 0x0000
	.2byte 0x667C, 0x0825, 0x0011, 0x0000, 0x5610, 0x0000, 0x0013, 0x0064
	.2byte 0x0103, 0x0000, 0x0000, 0x0000, 0x667C, 0x0825, 0x0012, 0x0000
	.2byte 0x0811, 0x0000, 0x0017, 0x0008, 0x0503, 0x0001, 0x0000, 0x0000
	.2byte 0xA35F, 0x081E, 0x0000, 0x0000, 0x3B12, 0x0000, 0x0021, 0x0068
	.2byte 0x0103, 0x0000, 0x0000, 0x0000, 0x6AF2, 0x0825, 0x03F0, 0x0000
	.2byte 0x3C13, 0x0000, 0x0012, 0x0005, 0x0C03, 0x0000, 0x0000, 0x0050
	.2byte 0x4D23, 0x0824, 0x0000, 0x0000, 0x3C14, 0x0000, 0x0013, 0x0005
	.2byte 0x0C03, 0x0000, 0x0000, 0x0051, 0x4D23, 0x0824, 0x0000, 0x0000
	.2byte 0x4415, 0x0000, 0x000D, 0x0056, 0x0803, 0x0000, 0x0000, 0x0000
	.2byte 0x42AE, 0x0825, 0x031F, 0x0000, 0x6E16, 0x0000, 0x000E, 0x0056
	.2byte 0x0803, 0x0000, 0x0000, 0x0000, 0x42CE, 0x0825, 0x031F, 0x0000
	.2byte 0x4417, 0x0000, 0x000D, 0x0056, 0x0803, 0x0000, 0x0000, 0x0000
	.2byte 0x432E, 0x0825, 0x0387, 0x0000, 0x6E18, 0x0000, 0x000E, 0x0056
	.2byte 0x0803, 0x0000, 0x0000, 0x0000, 0x434E, 0x0825, 0x0387, 0x0000
	.2byte 0x3B19, 0x0000, 0x000C, 0x0036, 0x0103, 0x0000, 0x0000, 0x0000
	.2byte 0x6AFF, 0x0825, 0x03F1, 0x0000, 0x3B1A, 0x0000, 0x0003, 0x0072
	.2byte 0x0103, 0x0000, 0x0000, 0x0000, 0x6B0C, 0x0825, 0x03F2, 0x0000
	.2byte 0x521B, 0x0000, 0x0016, 0x0015, 0x0103, 0x0000, 0x0000, 0x0000
	.2byte 0x65C8, 0x0825, 0x0013, 0x0000, 0x201C, 0x0000, 0x000A, 0x0052
	.2byte 0x0E03, 0x0000, 0x0001, 0x0002, 0xA77F, 0x081E, 0x0000, 0x0000
	.2byte 0x1F1D, 0x0000, 0x000B, 0x0047, 0x1603, 0x0000, 0x0001, 0x0003
	.2byte 0xA768, 0x081E, 0x0000, 0x0000, 0x2C1E, 0x0000, 0x0020, 0x001D
	.2byte 0x1C03, 0x0001, 0x0001, 0x0002, 0xA796, 0x081E, 0x0000, 0x0000
	.2byte 0x221F, 0x0000, 0x000B, 0x000B, 0x0703, 0x0004, 0x0001, 0x0004
	.2byte 0xA80F, 0x081E, 0x0000, 0x0000, 0x2120, 0x0000, 0x0009, 0x001B
	.2byte 0x1103, 0x0000, 0x0001, 0x0003, 0xA7AD, 0x081E, 0x0000, 0x0000
	.2byte 0x0721, 0x0000, 0x000D, 0x0014, 0x0703, 0x0011, 0x0000, 0x0000
	.2byte 0x6512, 0x0824, 0x03C0, 0x0000, 0x4122, 0x0000, 0x0014, 0x0072
	.2byte 0x0203, 0x0011, 0x0000, 0x0000, 0xA638, 0x081E, 0x0000, 0x0000
	.2byte 0x1F23, 0x0000, 0x001A, 0x0084, 0x0903, 0x0011, 0x0001, 0x0005
	.2byte 0xA89F, 0x081E, 0x0000, 0x0000, 0x1424, 0x0000, 0x0014, 0x0084
	.2byte 0x0A03, 0x0011, 0x0001, 0x0005, 0xA8B6, 0x081E, 0x0000, 0x0000
	.2byte 0x2025, 0x0000, 0x0013, 0x0079, 0x0703, 0x0011, 0x0001, 0x0002
	.2byte 0xA888, 0x081E, 0x0000, 0x0000, 0x4226, 0x0000, 0x0010, 0x0077
	.2byte 0x0A03, 0x0011, 0x0001, 0x0003, 0xA871, 0x081E, 0x0000, 0x0000
	.2byte 0x3727, 0x0000, 0x001D, 0x004D, 0x0E03, 0x0011, 0x0001, 0x0007
	.2byte 0xA8E4, 0x081E, 0x0000, 0x0000, 0x2028, 0x0000, 0x0016, 0x004D
	.2byte 0x0A03, 0x0011, 0x0001, 0x0006, 0xA8CD, 0x081E, 0x0000, 0x0000
	.2byte 0x1F29, 0x0000, 0x0025, 0x004D, 0x0903, 0x0011, 0x0001, 0x0007
	.2byte 0xA8FB, 0x081E, 0x0000, 0x0000, 0x3B2A, 0x0000, 0x0013, 0x0076
	.2byte 0x0103, 0x0011, 0x0000, 0x0000, 0x6B19, 0x0825, 0x0476, 0x0000
	.2byte 0x372B, 0x0000, 0x000E, 0x0038, 0x1003, 0x0011, 0x0000, 0x0000
	.2byte 0xA641, 0x081E, 0x0000, 0x0000, 0xC72C, 0x0000, 0x0014, 0x0035
	.2byte 0x0803, 0x0011, 0x0000, 0x0000, 0x0000, 0x0000, 0x036C, 0x0000
	.2byte 0xF02D, 0x0000, 0x0013, 0x0035, 0x0803, 0x0011, 0x0000, 0x0000
	.2byte 0x0000, 0x0000, 0x036B, 0x0000, 0x112E, 0x0000, 0x0013, 0x0065
	.2byte 0x0703, 0x0011, 0x0000, 0x0000, 0xA68A, 0x081E, 0x034B, 0x0000
	.2byte 0x000D, 0x0071, 0x0000, 0x1200, 0x001D, 0x0057, 0x0000, 0x1806
	.2byte 0x001A, 0x0012, 0x0000, 0x1201, 0x0013, 0x003A, 0x0000, 0x185E
	.2byte 0x001F, 0x0071, 0x0000, 0x1A3C, 0x000C, 0x003E, 0x0003, 0x0000
	.2byte 0x0000, 0x0000, 0xA463, 0x081E, 0x000B, 0x003D, 0x0003, 0x4003
	.2byte 0x0000, 0x0000, 0xA3B0, 0x081E, 0x000C, 0x003D, 0x0003, 0x4003
	.2byte 0x0000, 0x0000, 0xA3B0, 0x081E, 0x000D, 0x003D, 0x0003, 0x4003
	.2byte 0x0000, 0x0000, 0xA3B0, 0x081E, 0x0007, 0x003F, 0x0003, 0x0000
	.2byte 0x0000, 0x0000, 0xA456, 0x081E, 0x000C, 0x002C, 0x0003, 0x4003
	.2byte 0x0000, 0x0000, 0xA3BC, 0x081E, 0x000D, 0x002B, 0x0003, 0x4003
	.2byte 0x0000, 0x0000, 0xA3BC, 0x081E, 0x000E, 0x002A, 0x0003, 0x4003
	.2byte 0x0000, 0x0000, 0xA3BC, 0x081E, 0x0010, 0x0028, 0x0003, 0x4003
	.2byte 0x0000, 0x0000, 0xA3BC, 0x081E, 0x000E, 0x003D, 0x0003, 0x4003
	.2byte 0x0000, 0x0000, 0xA3B0, 0x081E, 0x0012, 0x0020, 0x0003, 0x0000
	.2byte 0x0000, 0x0000, 0xA456, 0x081E, 0x0011, 0x001F, 0x0003, 0x0000
	.2byte 0x0000, 0x0000, 0xA456, 0x081E, 0x0009, 0x0025, 0x0003, 0x0000
	.2byte 0x0000, 0x0000, 0xA456, 0x081E, 0x000A, 0x0024, 0x0003, 0x0000
	.2byte 0x0000, 0x0000, 0xA456, 0x081E, 0x0011, 0x0027, 0x0003, 0x4003
	.2byte 0x0000, 0x0000, 0xA3BC, 0x081E, 0x0012, 0x0026, 0x0003, 0x4003
	.2byte 0x0000, 0x0000, 0xA3BC, 0x081E, 0x0008, 0x0040, 0x0003, 0x0000
	.2byte 0x0000, 0x0000, 0xA456, 0x081E, 0x0009, 0x0041, 0x0003, 0x0000
	.2byte 0x0000, 0x0000, 0xA456, 0x081E, 0x000A, 0x0041, 0x0003, 0x0000
	.2byte 0x0000, 0x0000, 0xA456, 0x081E, 0x000B, 0x0042, 0x0003, 0x0000
	.2byte 0x0000, 0x0000, 0xA456, 0x081E, 0x000C, 0x0043, 0x0003, 0x0000
	.2byte 0x0000, 0x0000, 0xA456, 0x081E, 0x000D, 0x0044, 0x0003, 0x0000
	.2byte 0x0000, 0x0000, 0xA456, 0x081E, 0x000E, 0x0045, 0x0003, 0x0000
	.2byte 0x0000, 0x0000, 0xA456, 0x081E, 0x000A, 0x003D, 0x0003, 0x0000
	.2byte 0x0000, 0x0000, 0xA463, 0x081E, 0x000B, 0x003E, 0x0003, 0x0000
	.2byte 0x0000, 0x0000, 0xA463, 0x081E, 0x000D, 0x003E, 0x0003, 0x0000
	.2byte 0x0000, 0x0000, 0xA463, 0x081E, 0x000E, 0x003E, 0x0003, 0x0000
	.2byte 0x0000, 0x0000, 0xA463, 0x081E, 0x0011, 0x0026, 0x0003, 0x0000
	.2byte 0x0000, 0x0000, 0xA463, 0x081E, 0x0010, 0x0027, 0x0003, 0x0000
	.2byte 0x0000, 0x0000, 0xA463, 0x081E, 0x000F, 0x0028, 0x0003, 0x0000
	.2byte 0x0000, 0x0000, 0xA463, 0x081E, 0x000E, 0x0029, 0x0003, 0x0000
	.2byte 0x0000, 0x0000, 0xA463, 0x081E, 0x000D, 0x002A, 0x0003, 0x0000
	.2byte 0x0000, 0x0000, 0xA463, 0x081E, 0x000C, 0x002B, 0x0003, 0x0000
	.2byte 0x0000, 0x0000, 0xA463, 0x081E, 0x000B, 0x002C, 0x0003, 0x0000
	.2byte 0x0000, 0x0000, 0xA463, 0x081E, 0x0010, 0x0072, 0x0000, 0x0000
	.2byte 0xA602, 0x081E, 0x0018, 0x007E, 0x0000, 0x0000, 0xA5F9, 0x081E
	.2byte 0x0007, 0x0042, 0x0000, 0x0000, 0xA60B, 0x081E, 0x000D, 0x0006
	.2byte 0x0000, 0x0000, 0xA614, 0x081E, 0x0018, 0x0024, 0x0800, 0x0000
	.2byte 0x0083, 0x0000, 0x0022, 0x0032, 0x0800, 0x0000, 0x008D, 0x0000
	.2byte 0x0021, 0x0022, 0x0800, 0x0000, 0x0079, 0x0000, 0x0019, 0x0013
	.2byte 0x0000, 0x0000, 0xA61D, 0x081E, 0x0023, 0x0001, 0x0800, 0x0000
	.2byte 0x000D, 0x0000, 0x0023, 0x001F, 0x0800, 0x0000, 0x0099, 0x0000
	.2byte 0x001A, 0x0046, 0x0700, 0x0000, 0x006C, 0x0002, 0x001B, 0x001B
	.2byte 0x0803, 0x0000, 0x0021, 0x0000, 0x0007, 0x0054, 0x0003, 0x0000
	.2byte 0xA626, 0x081E, 0x000E, 0x0013, 0x0800, 0x0000, 0x00A4, 0x0000
	.2byte 0x000D, 0x0013, 0x0800, 0x0000, 0x00A1, 0x0000, 0x0013, 0x0037
	.2byte 0x0700, 0x0000, 0x0040, 0x0038, 0x0023, 0x0042, 0x0700, 0x0000
	.2byte 0x0044, 0x0039, 0x0018, 0x0074, 0x0000, 0x0000, 0xA912, 0x081E
	.2byte 0x052E, 0x1222, 0x18FC, 0x0850, 0x1D4C, 0x0850, 0x1D74, 0x0850
	.2byte 0x1F94, 0x0850, 0x7701, 0x0000, 0x001A, 0x001E, 0x0703, 0x0011
	.2byte 0x0000, 0x0000, 0xAE9B, 0x081E, 0x0333, 0x0000, 0x3702, 0x0000
	.2byte 0x0018, 0x0022, 0x0E03, 0x0000, 0x0001, 0x0002, 0xAF4E, 0x081E
	.2byte 0x0000, 0x0000, 0x1F03, 0x0000, 0x001D, 0x0031, 0x0803, 0x0000
	.2byte 0x0001, 0x0003, 0xAFC7, 0x081E, 0x0000, 0x0000, 0x2004, 0x0000
	.2byte 0x0016, 0x002E, 0x1703, 0x0000, 0x0001, 0x0003, 0xAFDE, 0x081E
	.2byte 0x0000, 0x0000, 0x3705, 0x0000, 0x000F, 0x0028, 0x1003, 0x0000
	.2byte 0x0001, 0x0003, 0xAF65, 0x081E, 0x0000, 0x0000, 0x7706, 0x0000
	.2byte 0x001B, 0x001E, 0x0703, 0x0000, 0x0000, 0x0000, 0xAE9B, 0x081E
	.2byte 0x0333, 0x0000, 0x3C07, 0x0000, 0x001B, 0x0006, 0x0C00, 0x0000
	.2byte 0x0000, 0x0018, 0x4D23, 0x0824, 0x0000, 0x0000, 0x3C08, 0x0000
	.2byte 0x001C, 0x0006, 0x0C00, 0x0000, 0x0000, 0x0017, 0x4D23, 0x0824
	.2byte 0x0000, 0x0000, 0x3C09, 0x0000, 0x001D, 0x0006, 0x0C00, 0x0000
	.2byte 0x0000, 0x0016, 0x4D23, 0x0824, 0x0000, 0x0000, 0x3C0A, 0x0000
	.2byte 0x001E, 0x0006, 0x0C03, 0x0000, 0x0000, 0x0015, 0x4D23, 0x0824
	.2byte 0x0000, 0x0000, 0x370B, 0x0000, 0x0008, 0x0032, 0x1A03, 0x0030
	.2byte 0x0000, 0x0000, 0xAF45, 0x081E, 0x0000, 0x0000, 0x3B0C, 0x0000
	.2byte 0x000E, 0x002B, 0x0103, 0x0000, 0x0000, 0x0000, 0x6B26, 0x0825
	.2byte 0x03F3, 0x0000, 0x420D, 0x0000, 0x001F, 0x0007, 0x1203, 0x0011
	.2byte 0x0001, 0x0003, 0xAFF5, 0x081E, 0x0000, 0x0000, 0x140E, 0x0000
	.2byte 0x001F, 0x000B, 0x0F03, 0x0011, 0x0001, 0x0003, 0xB00C, 0x081E
	.2byte 0x0000, 0x0000, 0x001C, 0x001B, 0x0000, 0x1300, 0x001D, 0x001B
	.2byte 0x0100, 0x1300, 0x0006, 0x002E, 0x0003, 0x180D, 0x0007, 0x002E
	.2byte 0x0103, 0x180D, 0x000B, 0x0024, 0x0000, 0x180E, 0x0016, 0x000A
	.2byte 0x0100, 0x180E, 0x0013, 0x002C, 0x0003, 0x0000, 0xAF33, 0x081E
	.2byte 0x0016, 0x0025, 0x0000, 0x0000, 0xAF2A, 0x081E, 0x0004, 0x0031
	.2byte 0x0000, 0x0000, 0xAF3C, 0x081E, 0x060E, 0x0300, 0x2080, 0x0850
	.2byte 0x21D0, 0x0850, 0x0000, 0x0000, 0x2200, 0x0850, 0x0501, 0x0000
	.2byte 0x0042, 0x000C, 0x0503, 0x0001, 0x0000, 0x0000, 0xB193, 0x081E
	.2byte 0x0000, 0x0000, 0x3002, 0x0000, 0x0024, 0x000A, 0x0303, 0x0010
	.2byte 0x0000, 0x0000, 0xB18A, 0x081E, 0x0000, 0x0000, 0x2303, 0x0000
	.2byte 0x003E, 0x0008, 0x0803, 0x0000, 0x0001, 0x0003, 0xB1C0, 0x081E
	.2byte 0x0000, 0x0000, 0x2304, 0x0000, 0x0015, 0x000B, 0x1103, 0x0000
	.2byte 0x0001, 0x0003, 0xB1D7, 0x081E, 0x0000, 0x0000, 0x2205, 0x0000
	.2byte 0x0033, 0x000B, 0x1703, 0x0000, 0x0001, 0x0002, 0xB1EE, 0x081E
	.2byte 0x0000, 0x0000, 0x3B06, 0x0000, 0x0035, 0x0007, 0x0103, 0x0000
	.2byte 0x0000, 0x0000, 0x6B33, 0x0825, 0x03F4, 0x0000, 0x3B07, 0x0000
	.2byte 0x004F, 0x0005, 0x0103, 0x0000, 0x0000, 0x0000, 0x6B40, 0x0825
	.2byte 0x03F5, 0x0000, 0x0508, 0x0000, 0x001D, 0x0006, 0x3F03, 0x0000
	.2byte 0x0003, 0x0001, 0xB250, 0x081E, 0x0000, 0x0000, 0x0509, 0x0000
	.2byte 0x0047, 0x0002, 0x3F03, 0x0000, 0x0003, 0x0001, 0xB2B2, 0x081E
	.2byte 0x0000, 0x0000, 0x060A, 0x0000, 0x002D, 0x0006, 0x0803, 0x0011
	.2byte 0x0001, 0x0001, 0xB2C9, 0x081E, 0x0000, 0x0000, 0x060B, 0x0000
	.2byte 0x002E, 0x0006, 0x0803, 0x0011, 0x0001, 0x0001, 0xB2E4, 0x081E
	.2byte 0x0000, 0x0000, 0x3B0C, 0x0000, 0x000F, 0x000F, 0x0103, 0x0011
	.2byte 0x0000, 0x0000, 0x6B4D, 0x0825, 0x0477, 0x0000, 0x270D, 0x0000
	.2byte 0x004B, 0x0003, 0x0903, 0x0011, 0x0001, 0x0004, 0xB344, 0x081E
	.2byte 0x0000, 0x0000, 0x1F0E, 0x0000, 0x0047, 0x0004, 0x0703, 0x0011
	.2byte 0x0001, 0x0001, 0xB32D, 0x081E, 0x0000, 0x0000, 0x200F, 0x0000
	.2byte 0x0007, 0x0006, 0x1A03, 0x0031, 0x0001, 0x0006, 0xB2FF, 0x081E
	.2byte 0x0000, 0x0000, 0x4210, 0x0000, 0x0007, 0x000D, 0x1903, 0x0031
	.2byte 0x0001, 0x0006, 0xB316, 0x081E, 0x0000, 0x0000, 0x0021, 0x0005
	.2byte 0x0000, 0x1E00, 0x0029, 0x000C, 0x0000, 0x1868, 0x0058, 0x0005
	.2byte 0x0000, 0x1868, 0x0013, 0x000B, 0x0003, 0x0008, 0x0000, 0x0000
	.2byte 0x0000, 0x0000, 0x0013, 0x000A, 0x0003, 0x0008, 0x0000, 0x0000
	.2byte 0x0000, 0x0000, 0x0013, 0x000C, 0x0003, 0x0008, 0x0000, 0x0000
	.2byte 0x0000, 0x0000, 0x0013, 0x000D, 0x0003, 0x0008, 0x0000, 0x0000
	.2byte 0x0000, 0x0000, 0x0056, 0x0009, 0x0003, 0x0008, 0x0000, 0x0000
	.2byte 0x0000, 0x0000, 0x0055, 0x000A, 0x0003, 0x0008, 0x0000, 0x0000
	.2byte 0x0000, 0x0000, 0x0055, 0x000B, 0x0003, 0x0008, 0x0000, 0x0000
	.2byte 0x0000, 0x0000, 0x000E, 0x000A, 0x0003, 0x0002, 0x0000, 0x0000
	.2byte 0x0000, 0x0000, 0x000E, 0x000B, 0x0003, 0x0002, 0x0000, 0x0000
	.2byte 0x0000, 0x0000, 0x000E, 0x000C, 0x0003, 0x0002, 0x0000, 0x0000
	.2byte 0x0000, 0x0000, 0x000E, 0x000D, 0x0003, 0x0002, 0x0000, 0x0000
	.2byte 0x0000, 0x0000, 0x005E, 0x0008, 0x0003, 0x0002, 0x0000, 0x0000
	.2byte 0x0000, 0x0000, 0x005E, 0x0009, 0x0003, 0x0002, 0x0000, 0x0000
	.2byte 0x0000, 0x0000, 0x005E, 0x000A, 0x0003, 0x0002, 0x0000, 0x0000
	.2byte 0x0000, 0x0000, 0x005E, 0x000B, 0x0000, 0x0002, 0x0000, 0x0000
	.2byte 0x0000, 0x0000, 0x0013, 0x000E, 0x0003, 0x0008, 0x0000, 0x0000
	.2byte 0x0000, 0x0000, 0x0057, 0x0008, 0x0003, 0x0008, 0x0000, 0x0000
	.2byte 0x0000, 0x0000, 0x0057, 0x0006, 0x0003, 0x0008, 0x0000, 0x0000
	.2byte 0x0000, 0x0000, 0x0057, 0x0007, 0x0003, 0x0008, 0x0000, 0x0000
	.2byte 0x0000, 0x0000, 0x0055, 0x0006, 0x0000, 0x0000, 0xB19C, 0x081E
	.2byte 0x000C, 0x0009, 0x0000, 0x0000, 0xB1A5, 0x081E, 0x003A, 0x0004
	.2byte 0x0003, 0x0000, 0xB1B7, 0x081E, 0x001F, 0x0005, 0x0000, 0x0000
	.2byte 0xB1AE, 0x081E, 0x0031, 0x0008, 0x0803, 0x0000, 0x0003, 0x0000
	.2byte 0x0042, 0x0003, 0x0703, 0x0000, 0x0022, 0x0003, 0x0016, 0x0005
	.2byte 0x0703, 0x0000, 0x0140, 0x001E, 0x0049, 0x0003, 0x0703, 0x0000
	.2byte 0x006E, 0x0062, 0x0310, 0x0813, 0x2238, 0x0850, 0x23B8, 0x0850
	.2byte 0x23D0, 0x0850, 0x2500, 0x0850, 0x3C01, 0x0000, 0x001F, 0x002B
	.2byte 0x0C03, 0x0000, 0x0000, 0x004D, 0x4D23, 0x0824, 0x0000, 0x0000
	.2byte 0x3C02, 0x0000, 0x001F, 0x002C, 0x0C03, 0x0000, 0x0000, 0x004E
	.2byte 0x4D23, 0x0824, 0x0000, 0x0000, 0x3703, 0x0000, 0x000F, 0x0041
	.2byte 0x0A07, 0x0000, 0x0001, 0x0006, 0xB585, 0x081E, 0x0000, 0x0000
	.2byte 0x3704, 0x0000, 0x001E, 0x0048, 0x0905, 0x0000, 0x0001, 0x0004
	.2byte 0xB59C, 0x081E, 0x0000, 0x0000, 0x1F05, 0x0000, 0x0016, 0x0032
	.2byte 0x0A03, 0x0000, 0x0001, 0x0003, 0xB5B3, 0x081E, 0x0000, 0x0000
	.2byte 0x2006, 0x0000, 0x0013, 0x0023, 0x0103, 0x0000, 0x0001, 0x0003
	.2byte 0xB5CA, 0x081E, 0x0000, 0x0000, 0x2707, 0x0000, 0x0014, 0x0038
	.2byte 0x0703, 0x0000, 0x0001, 0x0003, 0xB5E1, 0x081E, 0x0000, 0x0000
	.2byte 0x3C08, 0x0000, 0x001F, 0x002D, 0x0C03, 0x0000, 0x0000, 0x0044
	.2byte 0x4D23, 0x0824, 0x0000, 0x0000, 0x3B09, 0x0000, 0x0007, 0x0006
	.2byte 0x0103, 0x0000, 0x0000, 0x0000, 0x6B5A, 0x0825, 0x03F6, 0x0000
	.2byte 0x3B0A, 0x0000, 0x000B, 0x0025, 0x0104, 0x0000, 0x0000, 0x0000
	.2byte 0x6B67, 0x0825, 0x03F7, 0x0000, 0x560B, 0x0000, 0x000C, 0x002B
	.2byte 0x0104, 0x0000, 0x0000, 0x0000, 0x667C, 0x0825, 0x0011, 0x0000
	.2byte 0x300C, 0x0000, 0x0013, 0x000B, 0x0A03, 0x0000, 0x0000, 0x0000
	.2byte 0xB516, 0x081E, 0x0000, 0x0000, 0xDC0D, 0x0000, 0x0013, 0x000C
	.2byte 0x0A03, 0x0000, 0x0000, 0x0000, 0xB557, 0x081E, 0x0000, 0x0000
	.2byte 0x410E, 0x0000, 0x001B, 0x002A, 0x0303, 0x0010, 0x0000, 0x0000
	.2byte 0xB4C7, 0x081E, 0x0000, 0x0000, 0x320F, 0x0000, 0x0019, 0x0006
	.2byte 0x0803, 0x0000, 0x0001, 0x0000, 0xB6BC, 0x081E, 0x0000, 0x0000
	.2byte 0x3210, 0x0000, 0x0013, 0x001A, 0x0903, 0x0000, 0x0001, 0x0000
	.2byte 0xB6A5, 0x081E, 0x0000, 0x0000, 0x4211, 0x0000, 0x001E, 0x003A
	.2byte 0x1705, 0x0000, 0x0001, 0x0003, 0xB643, 0x081E, 0x0000, 0x0000
	.2byte 0x5612, 0x0000, 0x001D, 0x0035, 0x0105, 0x0011, 0x0000, 0x0000
	.2byte 0x667C, 0x0825, 0x0012, 0x0000, 0x5613, 0x0000, 0x001E, 0x0036
	.2byte 0x0105, 0x0011, 0x0000, 0x0000, 0x667C, 0x0825, 0x0013, 0x0000
	.2byte 0x5614, 0x0000, 0x0016, 0x0045, 0x0107, 0x0011, 0x0000, 0x0000
	.2byte 0x667C, 0x0825, 0x0014, 0x0000, 0x5615, 0x0000, 0x000B, 0x0040
	.2byte 0x0105, 0x0011, 0x0000, 0x0000, 0x667C, 0x0825, 0x0015, 0x0000
	.2byte 0x2F16, 0x0000, 0x0018, 0x002C, 0x0803, 0x0011, 0x0001, 0x0001
	.2byte 0xB6EE, 0x081E, 0x0000, 0x0000, 0x2F17, 0x0000, 0x0017, 0x002C
	.2byte 0x0803, 0x0011, 0x0001, 0x0001, 0xB6D3, 0x081E, 0x0000, 0x0000
	.2byte 0x2018, 0x0000, 0x001C, 0x0014, 0x0703, 0x0011, 0x0001, 0x0003
	.2byte 0xB720, 0x081E, 0x0000, 0x0000, 0x2019, 0x0000, 0x001A, 0x0048
	.2byte 0x1205, 0x0011, 0x0001, 0x0004, 0xB709, 0x081E, 0x0000, 0x0000
	.2byte 0x3B1A, 0x0000, 0x001F, 0x0013, 0x0103, 0x0011, 0x0000, 0x0000
	.2byte 0x6B74, 0x0825, 0x0488, 0x0000, 0x321B, 0x0000, 0x001C, 0x0010
	.2byte 0x1103, 0x0011, 0x0001, 0x0003, 0xB737, 0x081E, 0x0000, 0x0000
	.2byte 0x0008, 0x003F, 0x0000, 0x1800, 0x001D, 0x0005, 0x0000, 0x1400
	.2byte 0x001B, 0x0024, 0x0000, 0x1402, 0x0006, 0x002E, 0x0000, 0x1868
	.2byte 0x0007, 0x0004, 0x0000, 0x1868, 0x0007, 0x0040, 0x0000, 0x0000
	.2byte 0xB56A, 0x081E, 0x001F, 0x0007, 0x0000, 0x0000, 0xB573, 0x081E
	.2byte 0x0009, 0x002F, 0x0800, 0x0000, 0x0029, 0x0000, 0x001E, 0x0033
	.2byte 0x0800, 0x0000, 0x0033, 0x0000, 0x000B, 0x003E, 0x0800, 0x0000
	.2byte 0x003D, 0x0000, 0x0013, 0x0046, 0x0800, 0x0000, 0x0047, 0x0000
	.2byte 0x000B, 0x001B, 0x0800, 0x0000, 0x00B6, 0x0000, 0x000C, 0x001B
	.2byte 0x0800, 0x0000, 0x00C0, 0x0000, 0x0019, 0x0026, 0x0003, 0x0000
	.2byte 0xB57C, 0x081E, 0x0014, 0x0039, 0x0703, 0x0000, 0x0042, 0x0004
	.2byte 0x0020, 0x0039, 0x0800, 0x0000, 0x0049, 0x0000, 0x0007, 0x001E
	.2byte 0x0703, 0x0000, 0x0018, 0x002A, 0x051B, 0x0C00, 0x2574, 0x0850
	.2byte 0x27FC, 0x0850, 0x0000, 0x0000, 0x2824, 0x0850, 0x1401, 0x0000
	.2byte 0x0012, 0x0044, 0x0203, 0x0011, 0x0000, 0x0000, 0xB857, 0x081E
	.2byte 0x0000, 0x0000, 0x1502, 0x0000, 0x0005, 0x000F, 0x0A03, 0x0000
	.2byte 0x0001, 0x0006, 0xB872, 0x081E, 0x0000, 0x0000, 0x2C03, 0x0000
	.2byte 0x001B, 0x0035, 0x0F03, 0x0011, 0x0001, 0x0004, 0xB8EB, 0x081E
	.2byte 0x0000, 0x0000, 0x3C04, 0x0000, 0x000C, 0x0005, 0x0C03, 0x0000
	.2byte 0x0000, 0x0045, 0x4D23, 0x0824, 0x0000, 0x0000, 0x3C05, 0x0000
	.2byte 0x000D, 0x0005, 0x0C03, 0x0000, 0x0000, 0x0046, 0x4D23, 0x0824
	.2byte 0x0000, 0x0000, 0x3C06, 0x0000, 0x000E, 0x0005, 0x0C03, 0x0000
	.2byte 0x0000, 0x0047, 0x4D23, 0x0824, 0x0000, 0x0000, 0x0E07, 0x0000
	.2byte 0x000F, 0x0032, 0x4003, 0x0000, 0x0001, 0x0003, 0xB94D, 0x081E
	.2byte 0x0000, 0x0000, 0x2C08, 0x0000, 0x0013, 0x000F, 0x1B03, 0x0005
	.2byte 0x0001, 0x0002, 0xB8D4, 0x081E, 0x0000, 0x0000, 0x2709, 0x0000
	.2byte 0x0018, 0x003E, 0x1203, 0x0000, 0x0001, 0x0004, 0xB9AF, 0x081E
	.2byte 0x0000, 0x0000, 0x3B0A, 0x0000, 0x0014, 0x003C, 0x0103, 0x0000
	.2byte 0x0000, 0x0000, 0x6B81, 0x0825, 0x03F8, 0x0000, 0x3B0B, 0x0000
	.2byte 0x0012, 0x0007, 0x0103, 0x0000, 0x0000, 0x0000, 0x6B8E, 0x0825
	.2byte 0x03F9, 0x0000, 0x3B0C, 0x0000, 0x0017, 0x001D, 0x0103, 0x0000
	.2byte 0x0000, 0x0000, 0x6B9B, 0x0825, 0x03FA, 0x0000, 0x3C0D, 0x0000
	.2byte 0x001F, 0x0040, 0x0C03, 0x0000, 0x0000, 0x0037, 0x4D23, 0x0824
	.2byte 0x0000, 0x0000, 0x3C0E, 0x0000, 0x001F, 0x0041, 0x0C03, 0x0000
	.2byte 0x0000, 0x0038, 0x4D23, 0x0824, 0x0000, 0x0000, 0x560F, 0x0000
	.2byte 0x001D, 0x0032, 0x0103, 0x0011, 0x0000, 0x0000, 0x667C, 0x0825
	.2byte 0x0011, 0x0000, 0x3B10, 0x0000, 0x001F, 0x0038, 0x0103, 0x0011
	.2byte 0x0000, 0x0000, 0x6BA8, 0x0825, 0x045E, 0x0000, 0x3411, 0x0000
	.2byte 0x000A, 0x000F, 0x2E03, 0x0033, 0x0001, 0x0002, 0xB9C6, 0x081E
	.2byte 0x0000, 0x0000, 0x0512, 0x0000, 0x000B, 0x000C, 0x3903, 0x0011
	.2byte 0x0001, 0x0003, 0xB9DD, 0x081E, 0x0000, 0x0000, 0x0E13, 0x0000
	.2byte 0x000F, 0x0007, 0x0903, 0x0011, 0x0001, 0x0004, 0xBA0B, 0x081E
	.2byte 0x0000, 0x0000, 0x2F14, 0x0000, 0x000A, 0x0007, 0x0A03, 0x0011
	.2byte 0x0001, 0x0004, 0xB9F4, 0x081E, 0x0000, 0x0000, 0x2F15, 0x0000
	.2byte 0x001C, 0x003E, 0x0903, 0x0011, 0x0001, 0x0004, 0xBA22, 0x081E
	.2byte 0x0000, 0x0000, 0x3B16, 0x0000, 0x001A, 0x0043, 0x0103, 0x0011
	.2byte 0x0000, 0x0000, 0x6BC2, 0x0825, 0x0489, 0x0000, 0x3B17, 0x0000
	.2byte 0x000C, 0x000E, 0x0103, 0x0011, 0x0000, 0x0000, 0x6BB5, 0x0825
	.2byte 0x0478, 0x0000, 0x001B, 0x0025, 0x0100, 0x1800, 0x0015, 0x0006
	.2byte 0x0000, 0x1868, 0x0024, 0x000A, 0x0000, 0x1868, 0x0020, 0x0006
	.2byte 0x0800, 0x0000, 0x0048, 0x0000, 0x0015, 0x0012, 0x0800, 0x0000
	.2byte 0x003E, 0x0000, 0x0010, 0x0040, 0x0000, 0x0000, 0xB860, 0x081E
	.2byte 0x0019, 0x0026, 0x0003, 0x0000, 0xB869, 0x081E, 0x0008, 0x001E
	.2byte 0x0800, 0x0000, 0x0085, 0x0000, 0x0020, 0x0027, 0x0800, 0x0000
	.2byte 0x002A, 0x0000, 0x001A, 0x000F, 0x0800, 0x0000, 0x0034, 0x0000
	.2byte 0x0017, 0x0008, 0x0800, 0x0000, 0x002B, 0x0000, 0x0020, 0x002E
	.2byte 0x0800, 0x0000, 0x0035, 0x0000, 0x0007, 0x0014, 0x0800, 0x0000
	.2byte 0x00AE, 0x0000, 0x0008, 0x0014, 0x0800, 0x0000, 0x00B7, 0x0000
	.2byte 0x0019, 0x0018, 0x0800, 0x0000, 0x003F, 0x0000, 0x0014, 0x0035
	.2byte 0x0800, 0x0000, 0x0015, 0x0000, 0x000F, 0x0031, 0x0703, 0x0000
	.2byte 0x006F, 0x0061, 0x0317, 0x0E00, 0x28C8, 0x0850, 0x2AF0, 0x0850
	.2byte 0x0000, 0x0000, 0x2B08, 0x0850, 0x3C01, 0x0000, 0x0012, 0x0002
	.2byte 0x0C03, 0x0000, 0x0000, 0x0019, 0x4D23, 0x0824, 0x0000, 0x0000
	.2byte 0x3C02, 0x0000, 0x0013, 0x0002, 0x0C03, 0x0000, 0x0000, 0x001A
	.2byte 0x4D23, 0x0824, 0x0000, 0x0000, 0x2303, 0x0000, 0x000C, 0x0007
	.2byte 0x1003, 0x0000, 0x0001, 0x0003, 0xBD32, 0x081E, 0x0000, 0x0000
	.2byte 0x5204, 0x0000, 0x0015, 0x0006, 0x0103, 0x0000, 0x0000, 0x0000
	.2byte 0x65C8, 0x0825, 0x0011, 0x0000, 0x5205, 0x0000, 0x0020, 0x000A
	.2byte 0x0103, 0x0000, 0x0000, 0x0000, 0x65C8, 0x0825, 0x0012, 0x0000
	.2byte 0x2406, 0x0000, 0x000D, 0x0011, 0x1803, 0x0000, 0x0001, 0x0002
	.2byte 0xBD49, 0x081E, 0x0000, 0x0000, 0x3B07, 0x0000, 0x0013, 0x0006
	.2byte 0x0103, 0x0000, 0x0000, 0x0000, 0x6BDC, 0x0825, 0x03FB, 0x0000
	.2byte 0x3B08, 0x0000, 0x000A, 0x0011, 0x0103, 0x0000, 0x0000, 0x0000
	.2byte 0x6BE9, 0x0825, 0x03FC, 0x0000, 0x3C09, 0x0000, 0x0014, 0x0002
	.2byte 0x0C03, 0x0000, 0x0000, 0x0042, 0x4D23, 0x0824, 0x0000, 0x0000
	.2byte 0x3C0A, 0x0000, 0x0015, 0x0002, 0x0C03, 0x0000, 0x0000, 0x0043
	.2byte 0x4D23, 0x0824, 0x0000, 0x0000, 0x150B, 0x0000, 0x002E, 0x0009
	.2byte 0x0103, 0x0000, 0x0000, 0x0000, 0xBC2D, 0x081E, 0x037B, 0x0000
	.2byte 0x520C, 0x0000, 0x001C, 0x000B, 0x0103, 0x0000, 0x0000, 0x0000
	.2byte 0x65C8, 0x0825, 0x0013, 0x0000, 0x370D, 0x0000, 0x0024, 0x0011
	.2byte 0x0F03, 0x0000, 0x0001, 0x0003, 0xBE0E, 0x081E, 0x0000, 0x0000
	.2byte 0x520E, 0x0000, 0x0018, 0x0009, 0x0103, 0x0000, 0x0000, 0x0000
	.2byte 0x65C8, 0x0825, 0x0014, 0x0000, 0x3B0F, 0x0000, 0x0050, 0x0008
	.2byte 0x0103, 0x0000, 0x0000, 0x0000, 0x6BF6, 0x0825, 0x03FD, 0x0000
	.2byte 0x2F10, 0x0000, 0x001A, 0x0006, 0x0A03, 0x0000, 0x0001, 0x0002
	.2byte 0xBE25, 0x081E, 0x0000, 0x0000, 0x0E11, 0x0000, 0x0016, 0x0010
	.2byte 0x0D03, 0x0000, 0x0001, 0x0003, 0xBE3C, 0x081E, 0x0000, 0x0000
	.2byte 0x2612, 0x0000, 0x001C, 0x0008, 0x0703, 0x0000, 0x0001, 0x0004
	.2byte 0xBD60, 0x081E, 0x0000, 0x0000, 0x1713, 0x0000, 0x002E, 0x000B
	.2byte 0x0103, 0x0011, 0x0000, 0x0000, 0xBB4B, 0x081E, 0x03B3, 0x0000
	.2byte 0x3B14, 0x0000, 0x0037, 0x000C, 0x0104, 0x0011, 0x0000, 0x0000
	.2byte 0x6BCF, 0x0825, 0x03E9, 0x0000, 0x2C15, 0x0000, 0x0026, 0x0009
	.2byte 0x0A03, 0x0011, 0x0000, 0x0000, 0xBB19, 0x081E, 0x037E, 0x0000
	.2byte 0x2716, 0x0000, 0x004A, 0x000D, 0x0103, 0x0011, 0x0000, 0x0000
	.2byte 0xBC5F, 0x081E, 0x032D, 0x0000, 0x1417, 0x0000, 0x0021, 0x0008
	.2byte 0x0703, 0x0000, 0x0001, 0x0001, 0xBEEA, 0x081E, 0x0000, 0x0000
	.2byte 0x0918, 0x0000, 0x0021, 0x0005, 0x0803, 0x0000, 0x0001, 0x0002
	.2byte 0xBF01, 0x081E, 0x0000, 0x0000, 0x3B19, 0x0000, 0x0022, 0x0007
	.2byte 0x0100, 0x0011, 0x0000, 0x0000, 0x6C03, 0x0825, 0x047A, 0x0000
	.2byte 0x521A, 0x0000, 0x001E, 0x0005, 0x0103, 0x0011, 0x0000, 0x0000
	.2byte 0x65C8, 0x0825, 0x0015, 0x0000, 0x231B, 0x0000, 0x0024, 0x000D
	.2byte 0x1203, 0x0011, 0x0001, 0x0005, 0xBF2F, 0x081E, 0x0000, 0x0000
	.2byte 0x371C, 0x0000, 0x002A, 0x000D, 0x0903, 0x0011, 0x0001, 0x0005
	.2byte 0xBF18, 0x081E, 0x0000, 0x0000, 0x002F, 0x0008, 0x0000, 0x1804
	.2byte 0x0026, 0x0008, 0x0000, 0x1500, 0x0041, 0x000A, 0x0200, 0x1804
	.2byte 0x003B, 0x000D, 0x0000, 0x1868, 0x004F, 0x0006, 0x0000, 0x1868
	.2byte 0x002F, 0x0009, 0x0003, 0x406F, 0x0001, 0x0000, 0xBC3E, 0x081E
	.2byte 0x0005, 0x000A, 0x0000, 0x0000, 0xBC00, 0x081E, 0x0030, 0x0009
	.2byte 0x0000, 0x0000, 0xBC09, 0x081E, 0x0028, 0x0009, 0x0000, 0x0000
	.2byte 0xBC12, 0x081E, 0x0047, 0x0004, 0x0800, 0x0000, 0x0051, 0x0000
	.2byte 0x004F, 0x000B, 0x0800, 0x0000, 0x005B, 0x0000, 0x0010, 0x000C
	.2byte 0x0000, 0x0000, 0xBC1B, 0x081E, 0x001D, 0x000A, 0x0000, 0x0000
	.2byte 0xBC24, 0x081E, 0x0038, 0x0006, 0x0800, 0x0000, 0x0066, 0x0000
	.2byte 0x0037, 0x000F, 0x0800, 0x0000, 0x0070, 0x0000, 0x0016, 0x0009
	.2byte 0x0703, 0x0000, 0x0016, 0x002D, 0x0046, 0x000D, 0x0703, 0x0000
	.2byte 0x00CE, 0x0060, 0x051C, 0x0B01, 0x2BC4, 0x0850, 0x2E64, 0x0850
	.2byte 0x2E8C, 0x0850, 0x2E9C, 0x0850, 0x1001, 0x0000, 0x000D, 0x000D
	.2byte 0x0803, 0x0000, 0x0000, 0x0000, 0xC440, 0x081E, 0x0000, 0x0000
	.2byte 0x0B02, 0x0000, 0x0019, 0x0005, 0x2803, 0x0022, 0x0000, 0x0000
	.2byte 0xC449, 0x081E, 0x0000, 0x0000, 0x1D03, 0x0000, 0x002F, 0x0004
	.2byte 0x0803, 0x0000, 0x0000, 0x0000, 0x76E1, 0x0825, 0x0000, 0x0000
	.2byte 0xD004, 0x0000, 0x0021, 0x0003, 0x0103, 0x0011, 0x0000, 0x0000
	.2byte 0x0000, 0x0000, 0x0000, 0x0000, 0xCC05, 0x0000, 0x0027, 0x0004
	.2byte 0x0103, 0x0000, 0x0000, 0x0000, 0x0000, 0x0000, 0x0000, 0x0000
	.2byte 0xD206, 0x0000, 0x002A, 0x0002, 0x0103, 0x0011, 0x0000, 0x0000
	.2byte 0x0000, 0x0000, 0x0000, 0x0000, 0xD107, 0x0000, 0x0031, 0x0002
	.2byte 0x0103, 0x0000, 0x0000, 0x0000, 0x0000, 0x0000, 0x0000, 0x0000
	.2byte 0x3308, 0x0000, 0x0026, 0x0010, 0x1C03, 0x0008, 0x0001, 0x0004
	.2byte 0xC53A, 0x081E, 0x0000, 0x0000, 0x1409, 0x0000, 0x0008, 0x000A
	.2byte 0x1703, 0x0000, 0x0001, 0x0003, 0xC4D8, 0x081E, 0x0000, 0x0000
	.2byte 0x410A, 0x0000, 0x0021, 0x000B, 0x1003, 0x0000, 0x0001, 0x0004
	.2byte 0xC476, 0x081E, 0x0000, 0x0000, 0x3C0B, 0x0000, 0x0029, 0x000D
	.2byte 0x0C03, 0x0000, 0x0000, 0x001D, 0x4D23, 0x0824, 0x0000, 0x0000
	.2byte 0x3C0C, 0x0000, 0x002A, 0x000D, 0x0C03, 0x0000, 0x0000, 0x001C
	.2byte 0x4D23, 0x0824, 0x0000, 0x0000, 0x3C0D, 0x0000, 0x002B, 0x000D
	.2byte 0x0C03, 0x0000, 0x0000, 0x001B, 0x4D23, 0x0824, 0x0000, 0x0000
	.2byte 0x3B0E, 0x0000, 0x0010, 0x0012, 0x0103, 0x0000, 0x0000, 0x0000
	.2byte 0x6C10, 0x0825, 0x03FE, 0x0000, 0x520F, 0x0000, 0x000F, 0x0002
	.2byte 0x0103, 0x0000, 0x0000, 0x0000, 0x65C8, 0x0825, 0x0011, 0x0000
	.2byte 0x3B10, 0x0000, 0x0009, 0x0001, 0x0103, 0x0000, 0x0000, 0x0000
	.2byte 0x6C1D, 0x0825, 0x03FF, 0x0000, 0x3411, 0x0000, 0x001A, 0x000D
	.2byte 0x2103, 0x0022, 0x0001, 0x0005, 0xC59C, 0x081E, 0x0000, 0x0000
	.2byte 0x2712, 0x0000, 0x0011, 0x000C, 0x0703, 0x0011, 0x0001, 0x0004
	.2byte 0xC5FE, 0x081E, 0x0000, 0x0000, 0x2F13, 0x0000, 0x002B, 0x0006
	.2byte 0x0803, 0x0000, 0x0001, 0x0001, 0xC679, 0x081E, 0x0000, 0x0000
	.2byte 0x2F14, 0x0000, 0x002A, 0x0006, 0x0803, 0x0000, 0x0001, 0x0001
	.2byte 0xC615, 0x081E, 0x0000, 0x0000, 0x0A15, 0x0000, 0x0030, 0x000A
	.2byte 0x0203, 0x0011, 0x0000, 0x0000, 0xC452, 0x081E, 0x0000, 0x0000
	.2byte 0x2F16, 0x0000, 0x000F, 0x0004, 0x0A03, 0x0011, 0x0001, 0x0004
	.2byte 0xC6F4, 0x081E, 0x0000, 0x0000, 0x0E17, 0x0000, 0x0015, 0x0004
	.2byte 0x0903, 0x0011, 0x0001, 0x0004, 0xC70B, 0x081E, 0x0000, 0x0000
	.2byte 0x3418, 0x0000, 0x0010, 0x0004, 0x1C03, 0x0014, 0x0001, 0x0004
	.2byte 0xC6DD, 0x081E, 0x0000, 0x0000, 0x0033, 0x0005, 0x0000, 0x1600
	.2byte 0x0010, 0x0006, 0x0000, 0x0000, 0xC45B, 0x081E, 0x0031, 0x000C
	.2byte 0x0000, 0x0000, 0xC464, 0x081E, 0x0031, 0x0005, 0x0000, 0x0000
	.2byte 0xC46D, 0x081E, 0x0003, 0x0012, 0x0703, 0x0000, 0x0056, 0x0048
	.2byte 0x0118, 0x0400, 0x2F34, 0x0850, 0x3174, 0x0850, 0x0000, 0x0000
	.2byte 0x317C, 0x0850, 0x3C01, 0x0000, 0x0023, 0x0005, 0x0C03, 0x0000
	.2byte 0x0000, 0x001F, 0x4D23, 0x0824, 0x0000, 0x0000, 0x3C02, 0x0000
	.2byte 0x0024, 0x0005, 0x0C03, 0x0000, 0x0000, 0x0020, 0x4D23, 0x0824
	.2byte 0x0000, 0x0000, 0x3C03, 0x0000, 0x0025, 0x0005, 0x0C03, 0x0000
	.2byte 0x0000, 0x0021, 0x4D23, 0x0824, 0x0000, 0x0000, 0x4204, 0x0000
	.2byte 0x0040, 0x000A, 0x0803, 0x0000, 0x0001, 0x0003, 0xCAA6, 0x081E
	.2byte 0x0000, 0x0000, 0x4405, 0x0000, 0x0021, 0x0008, 0x0803, 0x0000
	.2byte 0x0000, 0x0000, 0x422E, 0x0825, 0x031D, 0x0000, 0x6E06, 0x0000
	.2byte 0x0022, 0x0008, 0x0803, 0x0000, 0x0000, 0x0000, 0x424E, 0x0825
	.2byte 0x031D, 0x0000, 0x0A07, 0x0000, 0x000C, 0x000A, 0x0203, 0x0011
	.2byte 0x0000, 0x0000, 0xC8A0, 0x081E, 0x0000, 0x0000, 0x4408, 0x0000
	.2byte 0x0021, 0x0008, 0x0803, 0x0000, 0x0000, 0x0000, 0x42EE, 0x0825
	.2byte 0x0385, 0x0000, 0x6E09, 0x0000, 0x0022, 0x0008, 0x0803, 0x0000
	.2byte 0x0000, 0x0000, 0x430E, 0x0825, 0x0385, 0x0000, 0x440A, 0x0000
	.2byte 0x0021, 0x0008, 0x0803, 0x0000, 0x0000, 0x0000, 0x432E, 0x0825
	.2byte 0x0388, 0x0000, 0x6E0B, 0x0000, 0x0022, 0x0008, 0x0803, 0x0000
	.2byte 0x0000, 0x0000, 0x434E, 0x0825, 0x0388, 0x0000, 0x520C, 0x0000
	.2byte 0x0026, 0x0008, 0x0103, 0x0000, 0x0000, 0x0000, 0x65C8, 0x0825
	.2byte 0x0011, 0x0000, 0x320D, 0x0000, 0x001C, 0x0008, 0x0903, 0x0000
	.2byte 0x0000, 0x0000, 0xC841, 0x081E, 0x0000, 0x0000, 0x140E, 0x0000
	.2byte 0x0007, 0x000C, 0x0703, 0x0000, 0x0001, 0x0004, 0xC9B4, 0x081E
	.2byte 0x0000, 0x0000, 0x320F, 0x0000, 0x000E, 0x000E, 0x0803, 0x0000
	.2byte 0x0001, 0x0000, 0xCA2D, 0x081E, 0x0000, 0x0000, 0x4210, 0x0000
	.2byte 0x0038, 0x0007, 0x1003, 0x0000, 0x0001, 0x0003, 0xCABD, 0x081E
	.2byte 0x0000, 0x0000, 0x3211, 0x0000, 0x0027, 0x000F, 0x0103, 0x0000
	.2byte 0x0001, 0x0002, 0xCA16, 0x081E, 0x0000, 0x0000, 0x4212, 0x0000
	.2byte 0x0011, 0x000B, 0x0F03, 0x0011, 0x0001, 0x0003, 0xCA44, 0x081E
	.2byte 0x0000, 0x0000, 0x8613, 0x0000, 0x002C, 0x0007, 0x0803, 0x0011
	.2byte 0x0000, 0x0000, 0x0000, 0x0000, 0x03C6, 0x0000, 0x3B14, 0x0000
	.2byte 0x0045, 0x0007, 0x0103, 0x0011, 0x0000, 0x0000, 0x6C2A, 0x0825
	.2byte 0x0461, 0x0000, 0x2315, 0x0000, 0x0007, 0x0007, 0x0803, 0x0011
	.2byte 0x0001, 0x0004, 0xCAD4, 0x081E, 0x0000, 0x0000, 0x002A, 0x0006
	.2byte 0x0000, 0x1868, 0x0009, 0x0006, 0x0000, 0x1868, 0x002B, 0x000B
	.2byte 0x0003, 0x4071, 0x0000, 0x0000, 0xC8BB, 0x081E, 0x002C, 0x000B
	.2byte 0x0003, 0x4071, 0x0000, 0x0000, 0xC8DB, 0x081E, 0x002D, 0x000B
	.2byte 0x0003, 0x4071, 0x0000, 0x0000, 0xC8F1, 0x081E, 0x002F, 0x000E
	.2byte 0x0800, 0x0000, 0x0001, 0x0000, 0x000D, 0x0006, 0x0000, 0x0000
	.2byte 0xC8A9, 0x081E, 0x0038, 0x0008, 0x0000, 0x0000, 0xC8B2, 0x081E
	.2byte 0x0043, 0x0006, 0x0800, 0x0000, 0x000B, 0x0000, 0x001D, 0x0005
	.2byte 0x0800, 0x0000, 0x007A, 0x0000, 0x002F, 0x0005, 0x0800, 0x0000
	.2byte 0x00A3, 0x0000, 0x002E, 0x0005, 0x0800, 0x0000, 0x00AB, 0x0000
	.2byte 0x001F, 0x000D, 0x0703, 0x0000, 0x0041, 0x0043, 0x000C, 0x000E
	.2byte 0x0703, 0x0000, 0x006F, 0x0042, 0x0215, 0x0903, 0x31C0, 0x0850
	.2byte 0x33B8, 0x0850, 0x33C8, 0x0850, 0x33F8, 0x0850, 0x3C01, 0x0000
	.2byte 0x0018, 0x0005, 0x0C03, 0x0000, 0x0000, 0x0022, 0x4D23, 0x0824
	.2byte 0x0000, 0x0000, 0x3C02, 0x0000, 0x0019, 0x0005, 0x0C03, 0x0000
	.2byte 0x0000, 0x0023, 0x4D23, 0x0824, 0x0000, 0x0000, 0x3C03, 0x0000
	.2byte 0x001A, 0x0005, 0x0C03, 0x0000, 0x0000, 0x0024, 0x4D23, 0x0824
	.2byte 0x0000, 0x0000, 0x2404, 0x0000, 0x000C, 0x007B, 0x3B03, 0x0000
	.2byte 0x0001, 0x0001, 0xD0A3, 0x081E, 0x0000, 0x0000, 0x2705, 0x0000
	.2byte 0x001A, 0x007B, 0x3C03, 0x0000, 0x0001, 0x0001, 0xD075, 0x081E
	.2byte 0x0000, 0x0000, 0x2706, 0x0000, 0x0005, 0x007D, 0x3E03, 0x0000
	.2byte 0x0001, 0x0001, 0xD05E, 0x081E, 0x0000, 0x0000, 0x1F07, 0x0000
	.2byte 0x0007, 0x004A, 0x1203, 0x0000, 0x0001, 0x0003, 0xD0D1, 0x081E
	.2byte 0x0000, 0x0000, 0x2708, 0x0000, 0x001C, 0x0074, 0x3C03, 0x0000
	.2byte 0x0001, 0x0001, 0xD047, 0x081E, 0x0000, 0x0000, 0x2009, 0x0000
	.2byte 0x0023, 0x0053, 0x0804, 0x0000, 0x0001, 0x0002, 0xD133, 0x081E
	.2byte 0x0000, 0x0000, 0x240A, 0x0000, 0x0022, 0x007A, 0x3D03, 0x0000
	.2byte 0x0001, 0x0001, 0xD08C, 0x081E, 0x0000, 0x0000, 0x240B, 0x0000
	.2byte 0x0011, 0x0080, 0x3D03, 0x0000, 0x0001, 0x0001, 0xD0BA, 0x081E
	.2byte 0x0000, 0x0000, 0x050C, 0x0000, 0x001C, 0x000E, 0x3903, 0x0000
	.2byte 0x0001, 0x0001, 0xD1C3, 0x081E, 0x0000, 0x0000, 0x050D, 0x0000
	.2byte 0x0013, 0x0031, 0x3A03, 0x0000, 0x0001, 0x0003, 0xD1DA, 0x081E
	.2byte 0x0000, 0x0000, 0x420E, 0x0000, 0x000A, 0x0032, 0x0A04, 0x0000
	.2byte 0x0001, 0x0003, 0xD195, 0x081E, 0x0000, 0x0000, 0x420F, 0x0000
	.2byte 0x0008, 0x003F, 0x0803, 0x0000, 0x0001, 0x0005, 0xD1AC, 0x081E
	.2byte 0x0000, 0x0000, 0xF010, 0x0000, 0x0019, 0x0020, 0x0703, 0x0000
	.2byte 0x0000, 0x0000, 0x0000, 0x0000, 0x0353, 0x0000, 0x3B11, 0x0000
	.2byte 0x000C, 0x0079, 0x0103, 0x0000, 0x0000, 0x0000, 0x6C37, 0x0825
	.2byte 0x0400, 0x0000, 0x3B12, 0x0000, 0x0004, 0x0060, 0x0103, 0x0000
	.2byte 0x0000, 0x0000, 0x6C44, 0x0825, 0x0401, 0x0000, 0x3B13, 0x0000
	.2byte 0x001D, 0x0035, 0x0103, 0x0000, 0x0000, 0x0000, 0x6C51, 0x0825
	.2byte 0x0402, 0x0000, 0x3B14, 0x0000, 0x0019, 0x004C, 0x0103, 0x0000
	.2byte 0x0000, 0x0000, 0x6C5E, 0x0825, 0x0403, 0x0000, 0x3B15, 0x0000
	.2byte 0x0008, 0x0012, 0x0103, 0x0000, 0x0000, 0x0000, 0x6C6B, 0x0825
	.2byte 0x0404, 0x0000, 0x3B16, 0x0000, 0x0021, 0x0075, 0x0103, 0x0000
	.2byte 0x0000, 0x0000, 0x6C78, 0x0825, 0x0405, 0x0000, 0x7517, 0x0000
	.2byte 0x000D, 0x0021, 0x0A04, 0x0000, 0x0000, 0x0000, 0xD264, 0x081E
	.2byte 0x037A, 0x0000, 0x7518, 0x0000, 0x000D, 0x0022, 0x0A04, 0x0000
	.2byte 0x0000, 0x0000, 0xD27B, 0x081E, 0x037A, 0x0000, 0xF319, 0x0000
	.2byte 0x0011, 0x0021, 0x0704, 0x0000, 0x0000, 0x0000, 0x0000, 0x0000
	.2byte 0x039B, 0x0000, 0x0D1A, 0x0000, 0x001F, 0x006D, 0x0803, 0x0011
	.2byte 0x0000, 0x0000, 0xD292, 0x081E, 0x0000, 0x0000, 0x3C1B, 0x0000
	.2byte 0x0008, 0x0017, 0x0C03, 0x0000, 0x0000, 0x0053, 0x4D23, 0x0824
	.2byte 0x0000, 0x0000, 0x3C1C, 0x0000, 0x0009, 0x0017, 0x0C03, 0x0000
	.2byte 0x0000, 0x0054, 0x4D23, 0x0824, 0x0000, 0x0000, 0x3C1D, 0x0000
	.2byte 0x001D, 0x005A, 0x0C03, 0x0000, 0x0000, 0x0055, 0x4D23, 0x0824
	.2byte 0x0000, 0x0000, 0x3C1E, 0x0000, 0x001E, 0x005A, 0x0C03, 0x0000
	.2byte 0x0000, 0x0056, 0x4D23, 0x0824, 0x0000, 0x0000, 0x381F, 0x0000
	.2byte 0x0013, 0x0085, 0x0503, 0x0012, 0x0000, 0x0000, 0xD02C, 0x081E
	.2byte 0x0000, 0x0000, 0x3B20, 0x0000, 0x0003, 0x0038, 0x0103, 0x0011
	.2byte 0x0000, 0x0000, 0x6C85, 0x0825, 0x0452, 0x0000, 0x0921, 0x0000
	.2byte 0x0023, 0x005D, 0x0204, 0x0011, 0x0000, 0x0000, 0xD29B, 0x081E
	.2byte 0x0000, 0x0000, 0x0522, 0x0000, 0x001D, 0x0006, 0x3903, 0x0011
	.2byte 0x0001, 0x0003, 0xD1F1, 0x081E, 0x0000, 0x0000, 0xCC23, 0x0000
	.2byte 0x001F, 0x0006, 0x4C03, 0x0011, 0x0000, 0x0000, 0x339F, 0x0824
	.2byte 0x03DD, 0x0000, 0xCC24, 0x0000, 0x0019, 0x000F, 0x4C03, 0x0011
	.2byte 0x0000, 0x0000, 0x33AC, 0x0824, 0x03DE, 0x0000, 0x3225, 0x0000
	.2byte 0x000D, 0x0068, 0x0A03, 0x0011, 0x0001, 0x0000, 0xD208, 0x081E
	.2byte 0x0000, 0x0000, 0x1426, 0x0000, 0x0008, 0x0044, 0x0703, 0x0011
	.2byte 0x0001, 0x0005, 0xD24D, 0x081E, 0x0000, 0x0000, 0x4227, 0x0000
	.2byte 0x0010, 0x0034, 0x0A03, 0x0011, 0x0001, 0x0003, 0xD236, 0x081E
	.2byte 0x0000, 0x0000, 0x4228, 0x0000, 0x0020, 0x000F, 0x0903, 0x0011
	.2byte 0x0001, 0x0004, 0xD21F, 0x081E, 0x0000, 0x0000, 0x3B29, 0x0000
	.2byte 0x0013, 0x0005, 0x0104, 0x0011, 0x0000, 0x0000, 0x70F0, 0x0825
	.2byte 0x046E, 0x0000, 0x3B2A, 0x0000, 0x0018, 0x002A, 0x0103, 0x0011
	.2byte 0x0000, 0x0000, 0x6C92, 0x0825, 0x047B, 0x0000, 0xDB2B, 0x0000
	.2byte 0x001C, 0x0019, 0x0803, 0x0000, 0x0000, 0x0000, 0x0000, 0x0000
	.2byte 0x0312, 0x0000, 0x0006, 0x0020, 0x0000, 0x2000, 0x0021, 0x006D
	.2byte 0x0000, 0x2002, 0x0019, 0x001F, 0x0000, 0x4072, 0x0000, 0x0000
	.2byte 0xCD33, 0x081E, 0x001A, 0x001F, 0x0000, 0x4072, 0x0000, 0x0000
	.2byte 0xCD3E, 0x081E, 0x001C, 0x000D, 0x0000, 0x0014, 0x0000, 0x0000
	.2byte 0x0000, 0x0000, 0x001D, 0x000D, 0x0003, 0x0014, 0x0000, 0x0000
	.2byte 0x0000, 0x0000, 0x001E, 0x000D, 0x0003, 0x0014, 0x0000, 0x0000
	.2byte 0x0000, 0x0000, 0x001F, 0x000D, 0x0003, 0x0014, 0x0000, 0x0000
	.2byte 0x0000, 0x0000, 0x0020, 0x000D, 0x0003, 0x0014, 0x0000, 0x0000
	.2byte 0x0000, 0x0000, 0x0021, 0x000D, 0x0003, 0x0014, 0x0000, 0x0000
	.2byte 0x0000, 0x0000, 0x000F, 0x0085, 0x0003, 0x0014, 0x0000, 0x0000
	.2byte 0x0000, 0x0000, 0x0010, 0x0084, 0x0003, 0x0014, 0x0000, 0x0000
	.2byte 0x0000, 0x0000, 0x0011, 0x0083, 0x0003, 0x0014, 0x0000, 0x0000
	.2byte 0x0000, 0x0000, 0x0012, 0x0082, 0x0003, 0x0014, 0x0000, 0x0000
	.2byte 0x0000, 0x0000, 0x0013, 0x0083, 0x0003, 0x0014, 0x0000, 0x0000
	.2byte 0x0000, 0x0000, 0x0014, 0x0084, 0x0003, 0x0014, 0x0000, 0x0000
	.2byte 0x0000, 0x0000, 0x0015, 0x0085, 0x0003, 0x0014, 0x0000, 0x0000
	.2byte 0x0000, 0x0000, 0x0024, 0x0006, 0x0003, 0x0002, 0x0000, 0x0000
	.2byte 0x0000, 0x0000, 0x0024, 0x0007, 0x0003, 0x0002, 0x0000, 0x0000
	.2byte 0x0000, 0x0000, 0x0023, 0x0008, 0x0003, 0x0002, 0x0000, 0x0000
	.2byte 0x0000, 0x0000, 0x0023, 0x0009, 0x0003, 0x0002, 0x0000, 0x0000
	.2byte 0x0000, 0x0000, 0x0022, 0x000A, 0x0003, 0x0002, 0x0000, 0x0000
	.2byte 0x0000, 0x0000, 0x0010, 0x0089, 0x0003, 0x0002, 0x0000, 0x0000
	.2byte 0x0000, 0x0000, 0x0011, 0x0089, 0x0003, 0x0002, 0x0000, 0x0000
	.2byte 0x0000, 0x0000, 0x0012, 0x0089, 0x0003, 0x0002, 0x0000, 0x0000
	.2byte 0x0000, 0x0000, 0x0013, 0x0089, 0x0003, 0x0002, 0x0000, 0x0000
	.2byte 0x0000, 0x0000, 0x0014, 0x0089, 0x0003, 0x0002, 0x0000, 0x0000
	.2byte 0x0000, 0x0000, 0x0009, 0x0021, 0x0000, 0x0000, 0xD03E, 0x081E
	.2byte 0x001B, 0x0013, 0x0000, 0x0000, 0xD035, 0x081E, 0x0005, 0x0002
	.2byte 0x0800, 0x0000, 0x00C9, 0x0000, 0x0004, 0x0059, 0x0800, 0x0000
	.2byte 0x00CA, 0x0000, 0x0005, 0x000F, 0x0800, 0x0000, 0x00D3, 0x0000
	.2byte 0x0007, 0x0065, 0x0803, 0x0000, 0x00D4, 0x0000, 0x0022, 0x0018
	.2byte 0x0803, 0x0000, 0x00DD, 0x0000, 0x001F, 0x0049, 0x0803, 0x0000
	.2byte 0x00E7, 0x0000, 0x0010, 0x0051, 0x0800, 0x0000, 0x0067, 0x0000
	.2byte 0x0010, 0x001C, 0x0800, 0x0000, 0x0071, 0x0000, 0x0011, 0x0052
	.2byte 0x0703, 0x0000, 0x0043, 0x0005, 0x0026, 0x003F, 0x0703, 0x0000
	.2byte 0x0002, 0x0006, 0x001A, 0x0051, 0x0800, 0x0000, 0x0017, 0x0000
	.2byte 0x0013, 0x004C, 0x0800, 0x0000, 0x00AD, 0x0000, 0x0012, 0x004C
	.2byte 0x0800, 0x0000, 0x00C1, 0x0000, 0x0004, 0x000F, 0x0800, 0x0000
	.2byte 0x00DF, 0x0000, 0x0006, 0x0002, 0x0800, 0x0000, 0x00E9, 0x0000
	.2byte 0x001A, 0x0078, 0x0703, 0x0000, 0x0017, 0x0044, 0x0014, 0x001D
	.2byte 0x0703, 0x0000, 0x0023, 0x0057, 0x001C, 0x0009, 0x0000, 0x0000
	.2byte 0xD2A4, 0x081E, 0x022B, 0x1419, 0x3478, 0x0850, 0x3880, 0x0850
	.2byte 0x3890, 0x0850, 0x3A20, 0x0850, 0x3C01, 0x0000, 0x0004, 0x004F
	.2byte 0x0C03, 0x0000, 0x0000, 0x002E, 0x4D23, 0x0824, 0x0000, 0x0000
	.2byte 0x3C02, 0x0000, 0x0005, 0x004F, 0x0C03, 0x0000, 0x0000, 0x002D
	.2byte 0x4D23, 0x0824, 0x0000, 0x0000, 0x3C03, 0x0000, 0x0006, 0x004F
	.2byte 0x0C03, 0x0000, 0x0000, 0x002C, 0x4D23, 0x0824, 0x0000, 0x0000
	.2byte 0x3C04, 0x0000, 0x0007, 0x004F, 0x0C03, 0x0000, 0x0000, 0x002B
	.2byte 0x4D23, 0x0824, 0x0000, 0x0000, 0x3C05, 0x0000, 0x0022, 0x0018
	.2byte 0x0C03, 0x0000, 0x0000, 0x0025, 0x4D23, 0x0824, 0x0000, 0x0000
	.2byte 0x3C06, 0x0000, 0x0023, 0x0018, 0x0C03, 0x0000, 0x0000, 0x0026
	.2byte 0x4D23, 0x0824, 0x0000, 0x0000, 0x3C07, 0x0000, 0x0024, 0x0018
	.2byte 0x0C03, 0x0000, 0x0000, 0x0027, 0x4D23, 0x0824, 0x0000, 0x0000
	.2byte 0x3C08, 0x0000, 0x0009, 0x005C, 0x0C05, 0x0000, 0x0000, 0x0028
	.2byte 0x4D23, 0x0824, 0x0000, 0x0000, 0x3C09, 0x0000, 0x000A, 0x005C
	.2byte 0x0C05, 0x0000, 0x0000, 0x0029, 0x4D23, 0x0824, 0x0000, 0x0000
	.2byte 0x3C0A, 0x0000, 0x000B, 0x005C, 0x0C05, 0x0000, 0x0000, 0x002A
	.2byte 0x4D23, 0x0824, 0x0000, 0x0000, 0x420B, 0x0000, 0x0005, 0x0016
	.2byte 0x0E03, 0x0000, 0x0001, 0x0003, 0xDC4F, 0x081E, 0x0000, 0x0000
	.2byte 0x420C, 0x0000, 0x0020, 0x000E, 0x0A03, 0x0000, 0x0001, 0x0003
	.2byte 0xDC66, 0x081E, 0x0000, 0x0000, 0x1F0D, 0x0000, 0x001B, 0x0033
	.2byte 0x0903, 0x0000, 0x0001, 0x0007, 0xDCC8, 0x081E, 0x0000, 0x0000
	.2byte 0x200E, 0x0000, 0x0024, 0x002D, 0x0903, 0x0000, 0x0001, 0x0002
	.2byte 0xDCDF, 0x081E, 0x0000, 0x0000, 0x270F, 0x0000, 0x0013, 0x0050
	.2byte 0x0F05, 0x0000, 0x0001, 0x0003, 0xDCF6, 0x081E, 0x0000, 0x0000
	.2byte 0x3B10, 0x0000, 0x0014, 0x0037, 0x0103, 0x0000, 0x0000, 0x0000
	.2byte 0x6C9F, 0x0825, 0x0406, 0x0000, 0x6E11, 0x0000, 0x0025, 0x0005
	.2byte 0x0803, 0x0000, 0x0000, 0x0000, 0x428E, 0x0825, 0x031E, 0x0000
	.2byte 0x4412, 0x0000, 0x0024, 0x0005, 0x0803, 0x0000, 0x0000, 0x0000
	.2byte 0x426E, 0x0825, 0x031E, 0x0000, 0x4413, 0x0000, 0x0024, 0x0005
	.2byte 0x0803, 0x0000, 0x0000, 0x0000, 0x432E, 0x0825, 0x0386, 0x0000
	.2byte 0x6E14, 0x0000, 0x0025, 0x0005, 0x0803, 0x0000, 0x0000, 0x0000
	.2byte 0x434E, 0x0825, 0x0386, 0x0000, 0x5215, 0x0000, 0x0023, 0x0020
	.2byte 0x0103, 0x0000, 0x0000, 0x0000, 0x65C8, 0x0825, 0x0011, 0x0000
	.2byte 0x3B16, 0x0000, 0x0007, 0x0059, 0x0103, 0x0000, 0x0000, 0x0000
	.2byte 0x6CAC, 0x0825, 0x0407, 0x0000, 0x2D17, 0x0000, 0x000E, 0x005C
	.2byte 0x0505, 0x0001, 0x0000, 0x0000, 0xD99F, 0x081E, 0x0000, 0x0000
	.2byte 0x2218, 0x0000, 0x001F, 0x0025, 0x0F03, 0x0000, 0x0001, 0x0004
	.2byte 0xDD58, 0x081E, 0x0000, 0x0000, 0x3719, 0x0000, 0x0009, 0x003C
	.2byte 0x1503, 0x0000, 0x0001, 0x0004, 0xDD6F, 0x081E, 0x0000, 0x0000
	.2byte 0x221A, 0x0000, 0x0010, 0x0006, 0x1703, 0x0000, 0x0001, 0x0004
	.2byte 0xDD86, 0x081E, 0x0000, 0x0000, 0x221B, 0x0000, 0x0012, 0x0022
	.2byte 0x0903, 0x0000, 0x0001, 0x0003, 0xDD9D, 0x081E, 0x0000, 0x0000
	.2byte 0x3B1C, 0x0000, 0x0016, 0x000D, 0x0103, 0x0011, 0x0000, 0x0000
	.2byte 0x6CC6, 0x0825, 0x0454, 0x0000, 0x3B1D, 0x0000, 0x0017, 0x0052
	.2byte 0x0105, 0x0011, 0x0000, 0x0000, 0x6CB9, 0x0825, 0x0453, 0x0000
	.2byte 0xCC1E, 0x0000, 0x000C, 0x0010, 0x4C04, 0x0011, 0x0000, 0x0000
	.2byte 0xDC34, 0x081E, 0x03CA, 0x0000, 0x861F, 0x0000, 0x000D, 0x000F
	.2byte 0x0804, 0x0011, 0x0000, 0x0000, 0xDAB9, 0x081E, 0x03CC, 0x0000
	.2byte 0x5220, 0x0000, 0x0014, 0x0001, 0x0103, 0x0011, 0x0000, 0x0000
	.2byte 0x65C8, 0x0825, 0x0014, 0x0000, 0x5221, 0x0000, 0x000F, 0x0001
	.2byte 0x0103, 0x0011, 0x0000, 0x0000, 0x65C8, 0x0825, 0x0012, 0x0000
	.2byte 0x0522, 0x0000, 0x000A, 0x0048, 0x3A03, 0x0011, 0x0001, 0x0003
	.2byte 0xDDB4, 0x081E, 0x0000, 0x0000, 0x0523, 0x0000, 0x0013, 0x001C
	.2byte 0x3903, 0x0011, 0x0001, 0x0003, 0xDDCB, 0x081E, 0x0000, 0x0000
	.2byte 0xD424, 0x0000, 0x000C, 0x0010, 0x0803, 0x0011, 0x0000, 0x0000
	.2byte 0x0000, 0x0000, 0x03D5, 0x0000, 0xCC25, 0x0000, 0x0014, 0x000B
	.2byte 0x4C03, 0x0011, 0x0000, 0x0000, 0x335E, 0x0824, 0x03D6, 0x0000
	.2byte 0xCC26, 0x0000, 0x001B, 0x0002, 0x4C03, 0x0011, 0x0000, 0x0000
	.2byte 0x336B, 0x0824, 0x03D9, 0x0000, 0xCC27, 0x0000, 0x0004, 0x004D
	.2byte 0x4C03, 0x0011, 0x0000, 0x0000, 0x3378, 0x0824, 0x03DA, 0x0000
	.2byte 0xCC28, 0x0000, 0x0007, 0x0033, 0x4C03, 0x0011, 0x0000, 0x0000
	.2byte 0x3392, 0x0824, 0x03DC, 0x0000, 0xCC29, 0x0000, 0x0013, 0x0030
	.2byte 0x4C03, 0x0011, 0x0000, 0x0000, 0x3385, 0x0824, 0x03DB, 0x0000
	.2byte 0x0E2A, 0x0000, 0x0013, 0x0020, 0x0703, 0x0011, 0x0001, 0x0003
	.2byte 0xDDF9, 0x081E, 0x0000, 0x0000, 0x212B, 0x0000, 0x000E, 0x0022
	.2byte 0x0A03, 0x0011, 0x0001, 0x0003, 0xDDE2, 0x081E, 0x0000, 0x0000
	.2byte 0x3B2C, 0x0000, 0x0018, 0x0021, 0x0103, 0x0011, 0x0000, 0x0000
	.2byte 0x6CD3, 0x0825, 0x047C, 0x0000, 0x0007, 0x0037, 0x0000, 0x1844
	.2byte 0x0013, 0x0017, 0x0001, 0x1849, 0x0007, 0x000F, 0x0000, 0x0003
	.2byte 0x0000, 0x0000, 0x0000, 0x0000, 0x0007, 0x0010, 0x0000, 0x0003
	.2byte 0x0000, 0x0000, 0x0000, 0x0000, 0x0016, 0x003D, 0x0003, 0x0003
	.2byte 0x0000, 0x0000, 0x0000, 0x0000, 0x000C, 0x0040, 0x0003, 0x0003
	.2byte 0x0000, 0x0000, 0x0000, 0x0000, 0x0023, 0x003F, 0x0003, 0x0001
	.2byte 0x0000, 0x0000, 0x0000, 0x0000, 0x0024, 0x003F, 0x0003, 0x0001
	.2byte 0x0000, 0x0000, 0x0000, 0x0000, 0x0025, 0x003F, 0x0003, 0x0001
	.2byte 0x0000, 0x0000, 0x0000, 0x0000, 0x0026, 0x003F, 0x0003, 0x0001
	.2byte 0x0000, 0x0000, 0x0000, 0x0000, 0x0020, 0x0058, 0x0005, 0x0001
	.2byte 0x0000, 0x0000, 0x0000, 0x0000, 0x001C, 0x000F, 0x0000, 0x0002
	.2byte 0x0000, 0x0000, 0x0000, 0x0000, 0x001C, 0x0010, 0x0000, 0x0002
	.2byte 0x0000, 0x0000, 0x0000, 0x0000, 0x001C, 0x0011, 0x0003, 0x0002
	.2byte 0x0000, 0x0000, 0x0000, 0x0000, 0x0020, 0x0059, 0x0005, 0x0001
	.2byte 0x0000, 0x0000, 0x0000, 0x0000, 0x0020, 0x005A, 0x0005, 0x0001
	.2byte 0x0000, 0x0000, 0x0000, 0x0000, 0x0020, 0x005B, 0x0005, 0x0001
	.2byte 0x0000, 0x0000, 0x0000, 0x0000, 0x000A, 0x004B, 0x0003, 0x0001
	.2byte 0x0000, 0x0000, 0x0000, 0x0000, 0x000B, 0x004B, 0x0003, 0x0001
	.2byte 0x0000, 0x0000, 0x0000, 0x0000, 0x000C, 0x004B, 0x0003, 0x0001
	.2byte 0x0000, 0x0000, 0x0000, 0x0000, 0x000D, 0x004B, 0x0003, 0x0001
	.2byte 0x0000, 0x0000, 0x0000, 0x0000, 0x001B, 0x0003, 0x0003, 0x0000
	.2byte 0xDC3D, 0x081E, 0x0026, 0x0058, 0x0003, 0x0000, 0xDC46, 0x081E
	.2byte 0x001C, 0x003E, 0x0800, 0x0000, 0x0065, 0x0000, 0x001E, 0x003E
	.2byte 0x0800, 0x0000, 0x006F, 0x0000, 0x001A, 0x000A, 0x0800, 0x0000
	.2byte 0x00DE, 0x0000, 0x001D, 0x0055, 0x0805, 0x0000, 0x00E8, 0x0000
	.2byte 0x0012, 0x000C, 0x0800, 0x0000, 0x005D, 0x0000, 0x0026, 0x0036
	.2byte 0x0800, 0x0000, 0x00CB, 0x0000, 0x001F, 0x0017, 0x0800, 0x0000
	.2byte 0x00D5, 0x0000, 0x0009, 0x0001, 0x0703, 0x0000, 0x0044, 0x0047
	.2byte 0x001F, 0x000B, 0x0703, 0x0000, 0x0018, 0x0054, 0x0000, 0x0056
	.2byte 0x0703, 0x0000, 0x0044, 0x0045, 0x0018, 0x002A, 0x0703, 0x0000
	.2byte 0x0046, 0x0046, 0x0005, 0x004C, 0x0800, 0x0000, 0x00CC, 0x0000
	.2byte 0x022C, 0x0E13, 0x3B24, 0x0850, 0x3F44, 0x0850, 0x3F54, 0x0850
	.2byte 0x4084, 0x0850, 0x1801, 0x0000, 0x001D, 0x000E, 0x0A03, 0x0011
	.2byte 0x0000, 0x0000, 0xE0DA, 0x081E, 0x0000, 0x0000, 0x3C02, 0x0000
	.2byte 0x000E, 0x0002, 0x0C03, 0x0000, 0x0000, 0x002F, 0x4D23, 0x0824
	.2byte 0x0000, 0x0000, 0x3C03, 0x0000, 0x000F, 0x0002, 0x0C03, 0x0000
	.2byte 0x0000, 0x0030, 0x4D23, 0x0824, 0x0000, 0x0000, 0x3C04, 0x0000
	.2byte 0x0010, 0x0002, 0x0C03, 0x0000, 0x0000, 0x0031, 0x4D23, 0x0824
	.2byte 0x0000, 0x0000, 0x3C05, 0x0000, 0x0011, 0x0002, 0x0C03, 0x0000
	.2byte 0x0000, 0x0032, 0x4D23, 0x0824, 0x0000, 0x0000, 0x3C06, 0x0000
	.2byte 0x0040, 0x000E, 0x0C03, 0x0000, 0x0000, 0x0033, 0x4D23, 0x0824
	.2byte 0x0000, 0x0000, 0x3C07, 0x0000, 0x0041, 0x000E, 0x0C03, 0x0000
	.2byte 0x0000, 0x0034, 0x4D23, 0x0824, 0x0000, 0x0000, 0x3C08, 0x0000
	.2byte 0x0042, 0x000E, 0x0C03, 0x0000, 0x0000, 0x0035, 0x4D23, 0x0824
	.2byte 0x0000, 0x0000, 0x3C09, 0x0000, 0x0043, 0x000E, 0x0C03, 0x0000
	.2byte 0x0000, 0x0036, 0x4D23, 0x0824, 0x0000, 0x0000, 0x2F0A, 0x0000
	.2byte 0x0027, 0x0009, 0x0803, 0x0000, 0x0001, 0x0001, 0xE1E1, 0x081E
	.2byte 0x0000, 0x0000, 0x2F0B, 0x0000, 0x0028, 0x0009, 0x0803, 0x0000
	.2byte 0x0001, 0x0001, 0xE1FC, 0x081E, 0x0000, 0x0000, 0x750C, 0x0000
	.2byte 0x001E, 0x0008, 0x0703, 0x0000, 0x0000, 0x0000, 0x0000, 0x0000
	.2byte 0x0392, 0x0000, 0x750D, 0x0000, 0x001E, 0x0007, 0x0A03, 0x0000
	.2byte 0x0000, 0x0000, 0x0000, 0x0000, 0x0392, 0x0000, 0x750E, 0x0000
	.2byte 0x001F, 0x0007, 0x0903, 0x0000, 0x0000, 0x0000, 0x0000, 0x0000
	.2byte 0x0392, 0x0000, 0x520F, 0x0000, 0x0020, 0x0005, 0x0103, 0x0000
	.2byte 0x0000, 0x0000, 0x65C8, 0x0825, 0x0011, 0x0000, 0x5210, 0x0000
	.2byte 0x0041, 0x0004, 0x0103, 0x0000, 0x0000, 0x0000, 0x65C8, 0x0825
	.2byte 0x0012, 0x0000, 0x1211, 0x0000, 0x003F, 0x0005, 0x0903, 0x0000
	.2byte 0x0001, 0x0004, 0xE151, 0x081E, 0x0000, 0x0000, 0x3012, 0x0000
	.2byte 0x0037, 0x0008, 0x0903, 0x0000, 0x0001, 0x0003, 0xE168, 0x081E
	.2byte 0x0000, 0x0000, 0x2813, 0x0000, 0x000B, 0x000B, 0x0703, 0x0000
	.2byte 0x0001, 0x0004, 0xE1CA, 0x081E, 0x0000, 0x0000, 0x2D14, 0x0000
	.2byte 0x0016, 0x0005, 0x1103, 0x0000, 0x0001, 0x0004, 0xE217, 0x081E
	.2byte 0x0000, 0x0000, 0x3B15, 0x0000, 0x0037, 0x000A, 0x0103, 0x0011
	.2byte 0x0000, 0x0000, 0x6CE0, 0x0825, 0x044F, 0x0000, 0x5216, 0x0000
	.2byte 0x001A, 0x000C, 0x0103, 0x0011, 0x0000, 0x0000, 0x65C8, 0x0825
	.2byte 0x0013, 0x0000, 0x2717, 0x0000, 0x000B, 0x0006, 0x1A03, 0x0041
	.2byte 0x0001, 0x0003, 0xE279, 0x081E, 0x0000, 0x0000, 0x4118, 0x0000
	.2byte 0x003B, 0x0008, 0x0803, 0x0011, 0x0001, 0x0004, 0xE290, 0x081E
	.2byte 0x0000, 0x0000, 0x1419, 0x0000, 0x003B, 0x000D, 0x0703, 0x0011
	.2byte 0x0001, 0x0004, 0xE2A7, 0x081E, 0x0000, 0x0000, 0x211A, 0x0000
	.2byte 0x0041, 0x0009, 0x1203, 0x0011, 0x0001, 0x0006, 0xE2BE, 0x081E
	.2byte 0x0000, 0x0000, 0x221B, 0x0000, 0x0048, 0x0009, 0x1103, 0x0011
	.2byte 0x0001, 0x0006, 0xE2D5, 0x081E, 0x0000, 0x0000, 0x3B1C, 0x0000
	.2byte 0x003C, 0x000A, 0x0103, 0x0011, 0x0000, 0x0000, 0x6CED, 0x0825
	.2byte 0x047D, 0x0000, 0x3B1D, 0x0000, 0x0026, 0x000D, 0x0103, 0x0011
	.2byte 0x0000, 0x0000, 0x6CFA, 0x0825, 0x047E, 0x0000, 0x0025, 0x0005
	.2byte 0x0200, 0x1700, 0x0019, 0x0005, 0x0003, 0x4074, 0x0000, 0x0000
	.2byte 0xE0F5, 0x081E, 0x0019, 0x0006, 0x0003, 0x4074, 0x0000, 0x0000
	.2byte 0xE0F5, 0x081E, 0x0019, 0x0007, 0x0003, 0x4074, 0x0000, 0x0000
	.2byte 0xE0F5, 0x081E, 0x0019, 0x0008, 0x0003, 0x4074, 0x0000, 0x0000
	.2byte 0xE0F5, 0x081E, 0x0020, 0x000E, 0x0000, 0x0000, 0xE0E3, 0x081E
	.2byte 0x0028, 0x000B, 0x0800, 0x0000, 0x000C, 0x0000, 0x0012, 0x000D
	.2byte 0x0800, 0x0000, 0x0016, 0x0000, 0x002B, 0x0007, 0x0800, 0x0000
	.2byte 0x00A2, 0x0000, 0x002A, 0x0007, 0x0800, 0x0000, 0x00AC, 0x0000
	.2byte 0x0027, 0x0006, 0x0000, 0x0000, 0xE0EC, 0x081E, 0x0017, 0x000A
	.2byte 0x0703, 0x0000, 0x003F, 0x0027, 0x003A, 0x0003, 0x0703, 0x0000
	.2byte 0x006E, 0x0028, 0x0048, 0x0005, 0x0703, 0x0000, 0x0017, 0x0049
	.2byte 0x0044, 0x0008, 0x0703, 0x0000, 0x0019, 0x0064, 0x011D, 0x0A04
	.2byte 0x4140, 0x0850, 0x43F8, 0x0850, 0x4400, 0x0850, 0x4440, 0x0850
	.2byte 0x0016, 0x001D, 0x0000, 0x180F, 0x0100, 0x0000, 0x0000, 0x0000
	.2byte 0x44CC, 0x0850, 0x0000, 0x0000, 0x0000, 0x0000, 0x3C01, 0x0000
	.2byte 0x000B, 0x0003, 0x0C03, 0x0000, 0x0000, 0x003A, 0x4D23, 0x0824
	.2byte 0x0000, 0x0000, 0x3C02, 0x0000, 0x000C, 0x0003, 0x0C03, 0x0000
	.2byte 0x0000, 0x003B, 0x4D23, 0x0824, 0x0000, 0x0000, 0x3C03, 0x0000
	.2byte 0x000E, 0x0003, 0x0C03, 0x0000, 0x0000, 0x003C, 0x4D23, 0x0824
	.2byte 0x0000, 0x0000, 0x3C04, 0x0000, 0x000F, 0x0003, 0x0C03, 0x0000
	.2byte 0x0000, 0x003D, 0x4D23, 0x0824, 0x0000, 0x0000, 0x3C05, 0x0000
	.2byte 0x0051, 0x0001, 0x0C03, 0x0000, 0x0000, 0x003E, 0x4D23, 0x0824
	.2byte 0x0000, 0x0000, 0x3C06, 0x0000, 0x0052, 0x0001, 0x0C03, 0x0000
	.2byte 0x0000, 0x003F, 0x4D23, 0x0824, 0x0000, 0x0000, 0x3C07, 0x0000
	.2byte 0x0053, 0x0001, 0x0C03, 0x0000, 0x0000, 0x0040, 0x4D23, 0x0824
	.2byte 0x0000, 0x0000, 0x2208, 0x0000, 0x0046, 0x000C, 0x1803, 0x0000
	.2byte 0x0001, 0x0001, 0xE454, 0x081E, 0x0000, 0x0000, 0x2109, 0x0000
	.2byte 0x003A, 0x0007, 0x1103, 0x0000, 0x0001, 0x0002, 0xE46B, 0x081E
	.2byte 0x0000, 0x0000, 0x3C0A, 0x0000, 0x000E, 0x0005, 0x0C03, 0x0000
	.2byte 0x0000, 0x0041, 0x4D23, 0x0824, 0x0000, 0x0000, 0x3C0B, 0x0000
	.2byte 0x000F, 0x0005, 0x0C03, 0x0000, 0x0000, 0x0048, 0x4D23, 0x0824
	.2byte 0x0000, 0x0000, 0x3C0C, 0x0000, 0x0011, 0x0005, 0x0C03, 0x0000
	.2byte 0x0000, 0x0049, 0x4D23, 0x0824, 0x0000, 0x0000, 0x3C0D, 0x0000
	.2byte 0x0012, 0x0005, 0x0C03, 0x0000, 0x0000, 0x004A, 0x4D23, 0x0824
	.2byte 0x0000, 0x0000, 0x3C0E, 0x0000, 0x0011, 0x0003, 0x0C03, 0x0000
	.2byte 0x0000, 0x004F, 0x4D23, 0x0824, 0x0000, 0x0000, 0x3C0F, 0x0000
	.2byte 0x0012, 0x0003, 0x0C03, 0x0000, 0x0000, 0x000E, 0x4D23, 0x0824
	.2byte 0x0000, 0x0000, 0x3C10, 0x0000, 0x000B, 0x0005, 0x0C03, 0x0000
	.2byte 0x0000, 0x000F, 0x4D23, 0x0824, 0x0000, 0x0000, 0x3C11, 0x0000
	.2byte 0x000C, 0x0005, 0x0C03, 0x0000, 0x0000, 0x001E, 0x4D23, 0x0824
	.2byte 0x0000, 0x0000, 0x5212, 0x0000, 0x0065, 0x000D, 0x0103, 0x0000
	.2byte 0x0000, 0x0000, 0x65C8, 0x0825, 0x0011, 0x0000, 0x5213, 0x0000
	.2byte 0x0081, 0x000E, 0x0103, 0x0000, 0x0000, 0x0000, 0x65C8, 0x0825
	.2byte 0x0012, 0x0000, 0x5214, 0x0000, 0x005C, 0x0009, 0x0103, 0x0000
	.2byte 0x0000, 0x0000, 0x65C8, 0x0825, 0x0013, 0x0000, 0x3B15, 0x0000
	.2byte 0x001F, 0x0008, 0x0103, 0x0000, 0x0000, 0x0000, 0x6D07, 0x0825
	.2byte 0x0408, 0x0000, 0x0E16, 0x0000, 0x006C, 0x000D, 0x0F03, 0x0000
	.2byte 0x0000, 0x0000, 0xE3E0, 0x081E, 0x0000, 0x0000, 0x3C17, 0x0000
	.2byte 0x006D, 0x000D, 0x0C03, 0x0000, 0x0000, 0x0057, 0x4D23, 0x0824
	.2byte 0x0000, 0x0000, 0x3C18, 0x0000, 0x006E, 0x000D, 0x0C03, 0x0000
	.2byte 0x0000, 0x0058, 0x4D23, 0x0824, 0x0000, 0x0000, 0x3C19, 0x0000
	.2byte 0x006F, 0x000D, 0x0C03, 0x0000, 0x0000, 0x0059, 0x4D23, 0x0824
	.2byte 0x0000, 0x0000, 0x141A, 0x0000, 0x0012, 0x0009, 0x1703, 0x0000
	.2byte 0x0001, 0x0002, 0xE482, 0x081E, 0x0000, 0x0000, 0x061B, 0x0000
	.2byte 0x0026, 0x000D, 0x0803, 0x0000, 0x0001, 0x0001, 0xE578, 0x081E
	.2byte 0x0000, 0x0000, 0x061C, 0x0000, 0x0025, 0x000D, 0x0803, 0x0000
	.2byte 0x0001, 0x0001, 0xE55D, 0x081E, 0x0000, 0x0000, 0x251D, 0x0000
	.2byte 0x008A, 0x000C, 0x0903, 0x0000, 0x0001, 0x0007, 0xE499, 0x081E
	.2byte 0x0000, 0x0000, 0x2F1E, 0x0000, 0x0031, 0x0010, 0x0803, 0x0000
	.2byte 0x0001, 0x0001, 0xE4FB, 0x081E, 0x0000, 0x0000, 0x281F, 0x0000
	.2byte 0x0057, 0x000C, 0x0803, 0x0000, 0x0001, 0x0004, 0xE593, 0x081E
	.2byte 0x0000, 0x0000, 0x3B20, 0x0000, 0x001B, 0x0012, 0x0103, 0x0011
	.2byte 0x0000, 0x0000, 0x6D14, 0x0825, 0x0450, 0x0000, 0x3B21, 0x0000
	.2byte 0x004B, 0x0009, 0x0103, 0x0011, 0x0000, 0x0000, 0x6D21, 0x0825
	.2byte 0x0455, 0x0000, 0x0522, 0x0000, 0x008A, 0x000E, 0x3903, 0x0011
	.2byte 0x0001, 0x0001, 0xE606, 0x081E, 0x0000, 0x0000, 0x1423, 0x0000
	.2byte 0x008A, 0x0010, 0x0703, 0x0011, 0x0001, 0x0001, 0xE5EF, 0x081E
	.2byte 0x0000, 0x0000, 0x2724, 0x0000, 0x0057, 0x0011, 0x0703, 0x0011
	.2byte 0x0001, 0x0004, 0xE5D8, 0x081E, 0x0000, 0x0000, 0x4225, 0x0000
	.2byte 0x0042, 0x0010, 0x0803, 0x0011, 0x0001, 0x0002, 0xE64B, 0x081E
	.2byte 0x0000, 0x0000, 0x4226, 0x0000, 0x0042, 0x0013, 0x0703, 0x0011
	.2byte 0x0001, 0x0002, 0xE5C1, 0x081E, 0x0000, 0x0000, 0x1527, 0x0000
	.2byte 0x0031, 0x0013, 0x0703, 0x0011, 0x0001, 0x0002, 0xE5AA, 0x081E
	.2byte 0x0000, 0x0000, 0x3B28, 0x0000, 0x002B, 0x000F, 0x0103, 0x0011
	.2byte 0x0000, 0x0000, 0x6D2E, 0x0825, 0x0480, 0x0000, 0x2229, 0x0000
	.2byte 0x000E, 0x0010, 0x0703, 0x0011, 0x0001, 0x0003, 0xE61D, 0x081E
	.2byte 0x0000, 0x0000, 0x232A, 0x0000, 0x000E, 0x000C, 0x1A03, 0x0031
	.2byte 0x0001, 0x0003, 0xE634, 0x081E, 0x0000, 0x0000, 0x3B2B, 0x0000
	.2byte 0x0039, 0x0010, 0x0103, 0x0011, 0x0000, 0x0000, 0x6D3B, 0x0825
	.2byte 0x0481, 0x0000, 0x0016, 0x0006, 0x0000, 0x1F00, 0x005A, 0x0010
	.2byte 0x0003, 0x0015, 0x0000, 0x0000, 0x0000, 0x0000, 0x005C, 0x0009
	.2byte 0x0003, 0x0015, 0x0000, 0x0000, 0x0000, 0x0000, 0x005D, 0x000C
	.2byte 0x0003, 0x0015, 0x0000, 0x0000, 0x0000, 0x0000, 0x005C, 0x000D
	.2byte 0x0003, 0x0015, 0x0000, 0x0000, 0x0000, 0x0000, 0x005B, 0x000E
	.2byte 0x0003, 0x0015, 0x0000, 0x0000, 0x0000, 0x0000, 0x0013, 0x000D
	.2byte 0x0003, 0x0015, 0x0000, 0x0000, 0x0000, 0x0000, 0x0013, 0x000C
	.2byte 0x0003, 0x0015, 0x0000, 0x0000, 0x0000, 0x0000, 0x0022, 0x000D
	.2byte 0x0003, 0x0015, 0x0000, 0x0000, 0x0000, 0x0000, 0x0013, 0x000E
	.2byte 0x0003, 0x0015, 0x0000, 0x0000, 0x0000, 0x0000, 0x0013, 0x000F
	.2byte 0x0003, 0x0015, 0x0000, 0x0000, 0x0000, 0x0000, 0x0013, 0x0010
	.2byte 0x0003, 0x0015, 0x0000, 0x0000, 0x0000, 0x0000, 0x006C, 0x000E
	.2byte 0x0003, 0x0002, 0x0000, 0x0000, 0x0000, 0x0000, 0x006D, 0x000F
	.2byte 0x0003, 0x0002, 0x0000, 0x0000, 0x0000, 0x0000, 0x006E, 0x0010
	.2byte 0x0003, 0x0002, 0x0000, 0x0000, 0x0000, 0x0000, 0x006F, 0x0011
	.2byte 0x0003, 0x0002, 0x0000, 0x0000, 0x0000, 0x0000, 0x0070, 0x0012
	.2byte 0x0003, 0x0002, 0x0000, 0x0000, 0x0000, 0x0000, 0x0009, 0x000C
	.2byte 0x0003, 0x0002, 0x0000, 0x0000, 0x0000, 0x0000, 0x0009, 0x000D
	.2byte 0x0003, 0x0002, 0x0000, 0x0000, 0x0000, 0x0000, 0x0009, 0x000E
	.2byte 0x0003, 0x0002, 0x0000, 0x0000, 0x0000, 0x0000, 0x0009, 0x000F
	.2byte 0x0003, 0x0002, 0x0000, 0x0000, 0x0000, 0x0000, 0x0009, 0x0010
	.2byte 0x0003, 0x0002, 0x0000, 0x0000, 0x0000, 0x0000, 0x005E, 0x000A
	.2byte 0x0003, 0x0015, 0x0000, 0x0000, 0x0000, 0x0000, 0x0075, 0x000A
	.2byte 0x0000, 0x0000, 0xE442, 0x081E, 0x002F, 0x0003, 0x0800, 0x0000
	.2byte 0x0052, 0x0000, 0x0031, 0x0003, 0x0800, 0x0000, 0x005C, 0x0000
	.2byte 0x000A, 0x000C, 0x0003, 0x0000, 0xE439, 0x081E, 0x004B, 0x0001
	.2byte 0x0703, 0x0000, 0x0053, 0x0007, 0x0014, 0x0007, 0x0003, 0x0000
	.2byte 0xE44B, 0x081E, 0x0039, 0x0005, 0x0800, 0x0000, 0x0053, 0x0000
	.2byte 0x000C, 0x0001, 0x0703, 0x0000, 0x0018, 0x0029, 0x005B, 0x000F
	.2byte 0x0703, 0x0000, 0x0015, 0x004A, 0x008B, 0x000F, 0x0703, 0x0000
	.2byte 0x0045, 0x0063, 0x008A, 0x0012, 0x0703, 0x0000, 0x0044, 0x006E
	.2byte 0x012B, 0x0B16, 0x44E8, 0x0850, 0x48F0, 0x0850, 0x48F8, 0x0850
	.2byte 0x4A58, 0x0850, 0x2A01, 0x0000, 0x0022, 0x0019, 0x0101, 0x0005
	.2byte 0x0001, 0x0003, 0xE7B8, 0x081E, 0x0000, 0x0000, 0x2A02, 0x0000
	.2byte 0x003D, 0x004A, 0x4301, 0x0035, 0x0001, 0x0007, 0xE7CF, 0x081E
	.2byte 0x0000, 0x0000, 0x2B03, 0x0000, 0x0031, 0x002D, 0x1801, 0x0000
	.2byte 0x0001, 0x0003, 0xE7E6, 0x081E, 0x0000, 0x0000, 0x2B04, 0x0000
	.2byte 0x0007, 0x0017, 0x1201, 0x0086, 0x0001, 0x0005, 0xE848, 0x081E
	.2byte 0x0000, 0x0000, 0x2A05, 0x0000, 0x003A, 0x003A, 0x1C01, 0x0007
	.2byte 0x0001, 0x0002, 0xE85F, 0x081E, 0x0000, 0x0000, 0x3B06, 0x0000
	.2byte 0x001C, 0x000C, 0x0103, 0x0011, 0x0000, 0x0000, 0x6D48, 0x0825
	.2byte 0x0444, 0x0000, 0x3B07, 0x0000, 0x001F, 0x0035, 0x0103, 0x0011
	.2byte 0x0000, 0x0000, 0x6D55, 0x0825, 0x0445, 0x0000, 0x3B08, 0x0000
	.2byte 0x003A, 0x000B, 0x0103, 0x0011, 0x0000, 0x0000, 0x6D62, 0x0825
	.2byte 0x042A, 0x0000, 0x2B09, 0x0000, 0x0012, 0x002C, 0x0801, 0x0011
	.2byte 0x0001, 0x0001, 0xE876, 0x081E, 0x0000, 0x0000, 0xD50A, 0x0000
	.2byte 0x0011, 0x002C, 0x0801, 0x0011, 0x0001, 0x0001, 0xE8DA, 0x081E
	.2byte 0x0000, 0x0000, 0x2A0B, 0x0000, 0x0007, 0x001D, 0x0701, 0x0011
	.2byte 0x0001, 0x0005, 0xE93E, 0x081E, 0x0000, 0x0000, 0x2B0C, 0x0000
	.2byte 0x0045, 0x004A, 0x4201, 0x0011, 0x0001, 0x0007, 0xE955, 0x081E
	.2byte 0x0000, 0x0000, 0x0046, 0x0030, 0x0003, 0x2100, 0x0049, 0x0030
	.2byte 0x0003, 0x0000, 0xE7AF, 0x081E, 0x010C, 0x0100, 0x4AF0, 0x0850
	.2byte 0x4C10, 0x0850, 0x0000, 0x0000, 0x4C18, 0x0850, 0x2A01, 0x0000
	.2byte 0x0007, 0x001F, 0x1C01, 0x0000, 0x0001, 0x0002, 0xE9D8, 0x081E
	.2byte 0x0000, 0x0000, 0x2A02, 0x0000, 0x002D, 0x0009, 0x0A01, 0x0052
	.2byte 0x0001, 0x0002, 0xE9EF, 0x081E, 0x0000, 0x0000, 0x2B03, 0x0000
	.2byte 0x0026, 0x0018, 0x1C01, 0x0006, 0x0001, 0x0003, 0xEA06, 0x081E
	.2byte 0x0000, 0x0000, 0x2B04, 0x0000, 0x001E, 0x001C, 0x3401, 0x0099
	.2byte 0x0001, 0x0003, 0xEA1D, 0x081E, 0x0000, 0x0000, 0x3105, 0x0000
	.2byte 0x0015, 0x001E, 0x0D03, 0x0000, 0x0001, 0x0002, 0xEA34, 0x081E
	.2byte 0x0000, 0x0000, 0x2F06, 0x0000, 0x0011, 0x0013, 0x0803, 0x0011
	.2byte 0x0001, 0x0001, 0xEA96, 0x081E, 0x0000, 0x0000, 0x2F07, 0x0000
	.2byte 0x0012, 0x0013, 0x0803, 0x0011, 0x0001, 0x0001, 0xEAB1, 0x081E
	.2byte 0x0000, 0x0000, 0x4208, 0x0000, 0x002B, 0x0013, 0x1C03, 0x0012
	.2byte 0x0001, 0x0003, 0xEACC, 0x081E, 0x0000, 0x0000, 0x1509, 0x0000
	.2byte 0x0030, 0x0013, 0x1B03, 0x0012, 0x0001, 0x0003, 0xEAE3, 0x081E
	.2byte 0x0000, 0x0000, 0x3B0A, 0x0000, 0x002E, 0x0011, 0x0103, 0x0011
	.2byte 0x0000, 0x0000, 0x6D6F, 0x0825, 0x0482, 0x0000, 0x0016, 0x0013
	.2byte 0x0000, 0x182E, 0x0035, 0x000A, 0x0800, 0x0000, 0x0002, 0x0000
	.2byte 0x0037, 0x000B, 0x0800, 0x0000, 0x0020, 0x0000, 0x0007, 0x0019
	.2byte 0x0800, 0x0000, 0x0084, 0x0000, 0x0018, 0x0020, 0x0800, 0x0000
	.2byte 0x0098, 0x0000, 0x010A, 0x0400, 0x4C38, 0x0850, 0x4D28, 0x0850
	.2byte 0x0000, 0x0000, 0x4D30, 0x0850, 0x2A01, 0x0000, 0x0033, 0x0041
	.2byte 0x3301, 0x003A, 0x0001, 0x0003, 0xEB0A, 0x081E, 0x0000, 0x0000
	.2byte 0x2A02, 0x0000, 0x0038, 0x0016, 0x1C01, 0x0009, 0x0001, 0x0003
	.2byte 0xEB21, 0x081E, 0x0000, 0x0000, 0x2B03, 0x0000, 0x003F, 0x002B
	.2byte 0x1801, 0x0000, 0x0001, 0x0003, 0xEB38, 0x081E, 0x0000, 0x0000
	.2byte 0x2B04, 0x0000, 0x0009, 0x0030, 0x0701, 0x0000, 0x0001, 0x0003
	.2byte 0xEB4F, 0x081E, 0x0000, 0x0000, 0x3B05, 0x0000, 0x000E, 0x0001
	.2byte 0x0103, 0x0011, 0x0000, 0x0000, 0x6D7C, 0x0825, 0x0451, 0x0000
	.2byte 0x2B06, 0x0000, 0x000F, 0x0042, 0x4201, 0x0011, 0x0001, 0x0007
	.2byte 0xEB94, 0x081E, 0x0000, 0x0000, 0x2A07, 0x0000, 0x0007, 0x0042
	.2byte 0x4301, 0x0011, 0x0001, 0x0007, 0xEBAB, 0x081E, 0x0000, 0x0000
	.2byte 0x2B08, 0x0000, 0x0040, 0x0005, 0x4201, 0x0011, 0x0001, 0x0007
	.2byte 0xEB7D, 0x081E, 0x0000, 0x0000, 0x2A09, 0x0000, 0x0038, 0x0005
	.2byte 0x4301, 0x0011, 0x0001, 0x0007, 0xEB66, 0x081E, 0x0000, 0x0000
	.2byte 0x0009, 0x0000, 0x4D74, 0x0850, 0x0000, 0x0000, 0x0000, 0x0000
	.2byte 0x0000, 0x0000, 0x2A01, 0x0000, 0x002D, 0x002A, 0x0E01, 0x0000
	.2byte 0x0001, 0x0002, 0xEC69, 0x081E, 0x0000, 0x0000, 0x2B02, 0x0000
	.2byte 0x0012, 0x0044, 0x1501, 0x0000, 0x0001, 0x0004, 0xEC80, 0x081E
	.2byte 0x0000, 0x0000, 0x3B03, 0x0000, 0x000E, 0x0006, 0x0103, 0x0000
	.2byte 0x0000, 0x0000, 0x6D89, 0x0825, 0x040A, 0x0000, 0x3B04, 0x0000
	.2byte 0x0040, 0x0027, 0x0103, 0x0000, 0x0000, 0x0000, 0x6D96, 0x0825
	.2byte 0x040B, 0x0000, 0x3205, 0x0000, 0x002A, 0x0015, 0x0903, 0x0011
	.2byte 0x0001, 0x0000, 0xEC97, 0x081E, 0x0000, 0x0000, 0x3206, 0x0000
	.2byte 0x0040, 0x0013, 0x0A03, 0x0011, 0x0001, 0x0000, 0xECC5, 0x081E
	.2byte 0x0000, 0x0000, 0x3207, 0x0000, 0x0036, 0x000E, 0x0703, 0x0011
	.2byte 0x0001, 0x0000, 0xECAE, 0x081E, 0x0000, 0x0000, 0x4208, 0x0000
	.2byte 0x000F, 0x0017, 0x0903, 0x0011, 0x0001, 0x0002, 0xECDC, 0x081E
	.2byte 0x0000, 0x0000, 0x2C09, 0x0000, 0x003F, 0x003F, 0x0103, 0x0011
	.2byte 0x0001, 0x0003, 0xED0A, 0x081E, 0x0000, 0x0000, 0x220A, 0x0000
	.2byte 0x000C, 0x0017, 0x0A03, 0x0011, 0x0001, 0x0002, 0xECF3, 0x081E
	.2byte 0x0000, 0x0000, 0x3B0B, 0x0000, 0x000D, 0x0014, 0x0103, 0x0000
	.2byte 0x0000, 0x0000, 0x6DA3, 0x0825, 0x0483, 0x0000, 0x003B, 0x0043
	.2byte 0x0800, 0x0000, 0x001F, 0x0000, 0x003B, 0x0048, 0x0800, 0x0000
	.2byte 0x008E, 0x0000, 0x0043, 0x003F, 0x0800, 0x0000, 0x0097, 0x0000
	.2byte 0x003D, 0x0015, 0x0800, 0x0000, 0x008F, 0x0000, 0x002D, 0x0018
	.2byte 0x0800, 0x0000, 0x007B, 0x0000, 0x000B, 0x0500, 0x4E60, 0x0850
	.2byte 0x0000, 0x0000, 0x0000, 0x0000, 0x4F68, 0x0850, 0x2A01, 0x0000
	.2byte 0x0023, 0x0021, 0x3001, 0x0055, 0x0001, 0x0003, 0xEEF2, 0x081E
	.2byte 0x0000, 0x0000, 0x2B02, 0x0000, 0x004E, 0x0018, 0x1C01, 0x0005
	.2byte 0x0001, 0x0007, 0xEF54, 0x081E, 0x0000, 0x0000, 0x8603, 0x0000
	.2byte 0x0028, 0x0016, 0x0803, 0x0000, 0x0000, 0x0000, 0x0000, 0x0000
	.2byte 0x0342, 0x0000, 0xC304, 0x0000, 0x0025, 0x0016, 0x0903, 0x0011
	.2byte 0x0000, 0x0000, 0x0000, 0x0000, 0x03B0, 0x0000, 0xC405, 0x0000
	.2byte 0x0026, 0x0015, 0x0703, 0x0011, 0x0000, 0x0000, 0x0000, 0x0000
	.2byte 0x03B1, 0x0000, 0x3206, 0x0000, 0x003F, 0x001C, 0x0703, 0x0011
	.2byte 0x0001, 0x0000, 0xEFE4, 0x081E, 0x0000, 0x0000, 0x2107, 0x0000
	.2byte 0x002F, 0x0009, 0x0A03, 0x0011, 0x0001, 0x0003, 0xEFCD, 0x081E
	.2byte 0x0000, 0x0000, 0x2208, 0x0000, 0x0018, 0x0008, 0x1103, 0x0011
	.2byte 0x0001, 0x0003, 0xEFB6, 0x081E, 0x0000, 0x0000, 0x2B09, 0x0000
	.2byte 0x0065, 0x001D, 0x1901, 0x0031, 0x0001, 0x0004, 0xF012, 0x081E
	.2byte 0x0000, 0x0000, 0x2A0A, 0x0000, 0x0065, 0x0016, 0x1A01, 0x0031
	.2byte 0x0001, 0x0004, 0xEFFB, 0x081E, 0x0000, 0x0000, 0x0031, 0x0009
	.2byte 0x0703, 0x0000, 0x006F, 0x005C, 0x0039, 0x0015, 0x0703, 0x0000
	.2byte 0x006F, 0x005D, 0x001F, 0x0021, 0x0703, 0x0000, 0x006F, 0x005E
	.2byte 0x000A, 0x0300, 0x4FB8, 0x0850, 0x0000, 0x0000, 0x0000, 0x0000
	.2byte 0x50A8, 0x0850, 0x2A01, 0x0000, 0x001C, 0x0010, 0x3201, 0x0043
	.2byte 0x0001, 0x0003, 0xF31C, 0x081E, 0x0000, 0x0000, 0x2B02, 0x0000
	.2byte 0x000A, 0x000E, 0x3401, 0x0025, 0x0001, 0x0002, 0xF333, 0x081E
	.2byte 0x0000, 0x0000, 0x2B03, 0x0000, 0x000D, 0x0016, 0x4001, 0x0011
	.2byte 0x0001, 0x0005, 0xF361, 0x081E, 0x0000, 0x0000, 0x2A04, 0x0000
	.2byte 0x0023, 0x0009, 0x1801, 0x0011, 0x0001, 0x0002, 0xF34A, 0x081E
	.2byte 0x0000, 0x0000, 0x2A05, 0x0000, 0x000D, 0x001B, 0x4101, 0x0011
	.2byte 0x0001, 0x0005, 0xF378, 0x081E, 0x0000, 0x0000, 0x0005, 0x0000
	.2byte 0x50E0, 0x0850, 0x0000, 0x0000, 0x0000, 0x0000, 0x0000, 0x0000
	.2byte 0x2A01, 0x0000, 0x0046, 0x0015, 0x3301, 0x0063, 0x0001, 0x0003
	.2byte 0xF3EF, 0x081E, 0x0000, 0x0000, 0x2B02, 0x0000, 0x0007, 0x0015
	.2byte 0x1A01, 0x0041, 0x0001, 0x0005, 0xF406, 0x081E, 0x0000, 0x0000
	.2byte 0x3C03, 0x0000, 0x0034, 0x0009, 0x0C03, 0x0000, 0x0000, 0x0052
	.2byte 0x4D23, 0x0824, 0x0011, 0x0000, 0x2A04, 0x0000, 0x0007, 0x001E
	.2byte 0x1901, 0x0041, 0x0001, 0x0005, 0xF41D, 0x081E, 0x0000, 0x0000
	.2byte 0x0004, 0x0000, 0x516C, 0x0850, 0x0000, 0x0000, 0x0000, 0x0000
	.2byte 0x0000, 0x0000, 0x2A01, 0x0000, 0x0029, 0x0020, 0x1D01, 0x0075
	.2byte 0x0001, 0x0003, 0xF459, 0x081E, 0x0000, 0x0000, 0x2A02, 0x0000
	.2byte 0x0012, 0x0013, 0x1601, 0x0070, 0x0001, 0x0004, 0xF470, 0x081E
	.2byte 0x0000, 0x0000, 0x2B03, 0x0000, 0x000A, 0x0016, 0x1401, 0x0006
	.2byte 0x0001, 0x0004, 0xF487, 0x081E, 0x0000, 0x0000, 0x2B04, 0x0000
	.2byte 0x001F, 0x0019, 0x2F01, 0x0053, 0x0001, 0x0003, 0xF49E, 0x081E
	.2byte 0x0000, 0x0000, 0x2B05, 0x0000, 0x0009, 0x0010, 0x0801, 0x0011
	.2byte 0x0001, 0x0001, 0xF4B5, 0x081E, 0x0000, 0x0000, 0xD506, 0x0000
	.2byte 0x0008, 0x0010, 0x0801, 0x0011, 0x0001, 0x0001, 0xF4D0, 0x081E
	.2byte 0x0000, 0x0000, 0x2A07, 0x0000, 0x0034, 0x0014, 0x1A01, 0x0031
	.2byte 0x0001, 0x0005, 0xF502, 0x081E, 0x0000, 0x0000, 0x2B08, 0x0000
	.2byte 0x0034, 0x001B, 0x1901, 0x0031, 0x0001, 0x0005, 0xF4EB, 0x081E
	.2byte 0x0000, 0x0000, 0x0024, 0x0006, 0x0003, 0x184D, 0x0108, 0x0000
	.2byte 0x51E0, 0x0850, 0x52A0, 0x0850, 0x0000, 0x0000, 0x0000, 0x0000
	.2byte 0x2A01, 0x0000, 0x0028, 0x000D, 0x2E01, 0x0033, 0x0001, 0x0002
	.2byte 0xF51A, 0x081E, 0x0000, 0x0000, 0x2B02, 0x0000, 0x000A, 0x0006
	.2byte 0x2D01, 0x0033, 0x0001, 0x0002, 0xF531, 0x081E, 0x0000, 0x0000
	.2byte 0x3B03, 0x0000, 0x000A, 0x000B, 0x0103, 0x0000, 0x0000, 0x0000
	.2byte 0x6DB0, 0x0825, 0x040C, 0x0000, 0x2C04, 0x0000, 0x0009, 0x000F
	.2byte 0x0803, 0x0000, 0x0001, 0x0004, 0xF55F, 0x081E, 0x0000, 0x0000
	.2byte 0x3205, 0x0000, 0x0031, 0x001C, 0x0A03, 0x0000, 0x0001, 0x0001
	.2byte 0xF548, 0x081E, 0x0000, 0x0000, 0x1506, 0x0000, 0x0021, 0x001A
	.2byte 0x0803, 0x0011, 0x0001, 0x0004, 0xF576, 0x081E, 0x0000, 0x0000
	.2byte 0x2207, 0x0000, 0x0021, 0x001F, 0x1903, 0x0041, 0x0001, 0x0004
	.2byte 0xF58D, 0x081E, 0x0000, 0x0000, 0x1608, 0x0000, 0x0015, 0x001E
	.2byte 0x0703, 0x0011, 0x0001, 0x0004, 0xF5BB, 0x081E, 0x0000, 0x0000
	.2byte 0x2109, 0x0000, 0x0015, 0x0019, 0x1A03, 0x0041, 0x0001, 0x0004
	.2byte 0xF5A4, 0x081E, 0x0000, 0x0000, 0x3B0A, 0x0000, 0x0014, 0x001B
	.2byte 0x0103, 0x0011, 0x0000, 0x0000, 0x6DBD, 0x0825, 0x0484, 0x0000
	.2byte 0x000A, 0x0000, 0x52BC, 0x0850, 0x0000, 0x0000, 0x0000, 0x0000
	.2byte 0x0000, 0x0000, 0x2A01, 0x0000, 0x0044, 0x001B, 0x1901, 0x0020
	.2byte 0x0001, 0x0003, 0xF5D3, 0x081E, 0x0000, 0x0000, 0x2B02, 0x0000
	.2byte 0x000D, 0x0003, 0x0801, 0x0000, 0x0001, 0x0003, 0xF601, 0x081E
	.2byte 0x0000, 0x0000, 0x2B03, 0x0000, 0x0044, 0x001C, 0x1A01, 0x0020
	.2byte 0x0001, 0x0003, 0xF5EA, 0x081E, 0x0000, 0x0000, 0x3B04, 0x0000
	.2byte 0x0035, 0x000C, 0x0103, 0x0000, 0x0000, 0x0000, 0x6DCA, 0x0825
	.2byte 0x040D, 0x0000, 0x3B05, 0x0000, 0x0008, 0x000A, 0x0103, 0x0000
	.2byte 0x0000, 0x0000, 0x6DD7, 0x0825, 0x040E, 0x0000, 0x4206, 0x0000
	.2byte 0x0007, 0x000E, 0x1203, 0x0011, 0x0001, 0x0002, 0xF62F, 0x081E
	.2byte 0x0000, 0x0000, 0x2107, 0x0000, 0x0025, 0x000F, 0x1203, 0x0000
	.2byte 0x0001, 0x0004, 0xF618, 0x081E, 0x0000, 0x0000, 0x1608, 0x0000
	.2byte 0x0038, 0x000B, 0x0803, 0x0011, 0x0001, 0x0003, 0xF646, 0x081E
	.2byte 0x0000, 0x0000, 0x1509, 0x0000, 0x0038, 0x000F, 0x1003, 0x0011
	.2byte 0x0001, 0x0003, 0xF65D, 0x081E, 0x0000, 0x0000, 0x3B0A, 0x0000
	.2byte 0x0030, 0x001C, 0x0103, 0x0011, 0x0000, 0x0000, 0x6DE4, 0x0825
	.2byte 0x0485, 0x0000, 0x000A, 0x0000, 0x53C0, 0x0850, 0x0000, 0x0000
	.2byte 0x0000, 0x0000, 0x0000, 0x0000, 0x2A01, 0x0000, 0x0031, 0x0009
	.2byte 0x3101, 0x0053, 0x0001, 0x0002, 0xF683, 0x081E, 0x0000, 0x0000
	.2byte 0x2B02, 0x0000, 0x003A, 0x0007, 0x0101, 0x0000, 0x0001, 0x0003
	.2byte 0xF69A, 0x081E, 0x0000, 0x0000, 0x2103, 0x0000, 0x0029, 0x0017
	.2byte 0x0A03, 0x0000, 0x0001, 0x0002, 0xF6C8, 0x081E, 0x0000, 0x0000
	.2byte 0x4204, 0x0000, 0x0018, 0x0017, 0x1A03, 0x0030, 0x0001, 0x0006
	.2byte 0xF6B1, 0x081E, 0x0000, 0x0000, 0x2C05, 0x0000, 0x0031, 0x0010
	.2byte 0x1B03, 0x0006, 0x0001, 0x0005, 0xF6DF, 0x081E, 0x0000, 0x0000
	.2byte 0x2206, 0x0000, 0x002B, 0x0017, 0x0901, 0x0011, 0x0001, 0x0002
	.2byte 0xF724, 0x081E, 0x0000, 0x0000, 0x3107, 0x0000, 0x0018, 0x001E
	.2byte 0x1903, 0x0030, 0x0001, 0x0006, 0xF73B, 0x081E, 0x0000, 0x0000
	.2byte 0x0E08, 0x0000, 0x0032, 0x0010, 0x1C03, 0x0006, 0x0001, 0x0005
	.2byte 0xF70D, 0x081E, 0x0000, 0x0000, 0x3109, 0x0000, 0x003F, 0x000E
	.2byte 0x1203, 0x0011, 0x0001, 0x0003, 0xF6F6, 0x081E, 0x0000, 0x0000
	.2byte 0x3B0A, 0x0000, 0x0032, 0x0011, 0x0103, 0x0011, 0x0000, 0x0000
	.2byte 0x6DF1, 0x0825, 0x0486, 0x0000, 0x3B0B, 0x0000, 0x0016, 0x001B
	.2byte 0x0103, 0x0011, 0x0000, 0x0000, 0x6DFE, 0x0825, 0x0487, 0x0000
	.2byte 0x000B, 0x0000, 0x54C4, 0x0850, 0x0000, 0x0000, 0x0000, 0x0000
	.2byte 0x0000, 0x0000, 0x002A, 0x0033, 0x0700, 0x0000, 0x0042, 0x0008
	.2byte 0x000E, 0x0028, 0x0700, 0x0000, 0x0033, 0x0009, 0x0042, 0x0022
	.2byte 0x0703, 0x0000, 0x006A, 0x000A, 0x0040, 0x0036, 0x0703, 0x0000
	.2byte 0x006B, 0x000B, 0x0046, 0x0040, 0x0703, 0x0000, 0x006F, 0x000D
	.2byte 0x002A, 0x0005, 0x0703, 0x0000, 0x0043, 0x0024, 0x002D, 0x0024
	.2byte 0x0703, 0x0000, 0x006F, 0x0026, 0x0000, 0x0700, 0x0000, 0x0000
	.2byte 0x0000, 0x0000, 0x0000, 0x0000, 0x55E0, 0x0850, 0x002D, 0x0041
	.2byte 0x0000, 0x1805, 0x001E, 0x0011, 0x0703, 0x0000, 0x006F, 0x000E
	.2byte 0x0029, 0x0013, 0x0703, 0x0000, 0x0002, 0x000F, 0x003F, 0x0013
	.2byte 0x0703, 0x0000, 0x006C, 0x0010, 0x000A, 0x0024, 0x0703, 0x0000
	.2byte 0x006A, 0x0011, 0x000B, 0x0027, 0x0703, 0x0000, 0x0041, 0x0013
	.2byte 0x000C, 0x0023, 0x0703, 0x0000, 0x0032, 0x0012, 0x0041, 0x003C
	.2byte 0x0703, 0x0000, 0x006B, 0x0014, 0x0009, 0x004D, 0x0703, 0x0000
	.2byte 0x0031, 0x000C, 0x0100, 0x0800, 0x0000, 0x0000, 0x5648, 0x0850
	.2byte 0x0000, 0x0000, 0x5650, 0x0850, 0x0039, 0x0005, 0x0000, 0x1865
	.2byte 0x0043, 0x0026, 0x0000, 0x1865, 0x000C, 0x002A, 0x0703, 0x0000
	.2byte 0x006D, 0x0015, 0x0032, 0x0024, 0x0703, 0x0000, 0x003F, 0x0016
	.2byte 0x0022, 0x0048, 0x0703, 0x0000, 0x006F, 0x0017, 0x0048, 0x0014
	.2byte 0x0703, 0x0000, 0x0030, 0x0018, 0x0200, 0x0400, 0x0000, 0x0000
	.2byte 0x56C4, 0x0850, 0x0000, 0x0000, 0x56D4, 0x0850, 0x0026, 0x001A
	.2byte 0x0003, 0x181A, 0x0026, 0x0013, 0x0703, 0x0000, 0x0040, 0x0019
	.2byte 0x0045, 0x0012, 0x0703, 0x0000, 0x006A, 0x001A, 0x0100, 0x0200
	.2byte 0x0000, 0x0000, 0x5718, 0x0850, 0x0000, 0x0000, 0x5720, 0x0850
	.2byte 0x001A, 0x0003, 0x0000, 0x1865, 0x0020, 0x0015, 0x0000, 0x1865
	.2byte 0x0200, 0x0000, 0x0000, 0x0000, 0x574C, 0x0850, 0x0000, 0x0000
	.2byte 0x0000, 0x0000, 0x000D, 0x0004, 0x0000, 0x1865, 0x0011, 0x0042
	.2byte 0x0000, 0x1865, 0x0200, 0x0000, 0x0000, 0x0000, 0x5770, 0x0850
	.2byte 0x0000, 0x0000, 0x0000, 0x0000, 0x0016, 0x000A, 0x0000, 0x1865
	.2byte 0x002D, 0x001E, 0x0000, 0x1865, 0x0200, 0x0000, 0x0000, 0x0000
	.2byte 0x5794, 0x0850, 0x0000, 0x0000, 0x0000, 0x0000, 0xD701, 0x0000
	.2byte 0x0002, 0x0006, 0x0A03, 0x0000, 0x0000, 0x0000, 0x81AF, 0x0825
	.2byte 0x02F6, 0x0000, 0x5F02, 0x0000, 0x0001, 0x0003, 0x1C03, 0x0003
	.2byte 0x0000, 0x0000, 0x82B7, 0x0825, 0x02F3, 0x0000, 0x6003, 0x0000
	.2byte 0x0004, 0x0005, 0x4103, 0x0000, 0x0000, 0x0000, 0x82A4, 0x0825
	.2byte 0x02F2, 0x0000, 0x1A04, 0x0000, 0x0002, 0x0007, 0x0A03, 0x0000
	.2byte 0x0000, 0x0000, 0x04A6, 0x081F, 0x0310, 0x0000, 0x8105, 0x0000
	.2byte 0x0005, 0x0006, 0x0903, 0x0011, 0x0000, 0x0000, 0x0000, 0x0000
	.2byte 0x02DE, 0x0000, 0x0506, 0x0000, 0x0001, 0x0005, 0x0503, 0x0011
	.2byte 0x0000, 0x0000, 0x04F0, 0x081F, 0x02DF, 0x0000, 0x6407, 0x0000
	.2byte 0x0008, 0x0008, 0x0703, 0x0011, 0x0000, 0x0000, 0x0000, 0x0000
	.2byte 0x02E9, 0x0000, 0x0009, 0x0008, 0x0100, 0x0009, 0x0008, 0x0008
	.2byte 0x0100, 0x0009, 0x0008, 0x0002, 0x0000, 0x0101, 0x0008, 0x0008
	.2byte 0x0000, 0x4092, 0x0004, 0x0000, 0xF8D3, 0x081E, 0x0007, 0x0003
	.2byte 0x0000, 0x408D, 0x0002, 0x0000, 0xF8EE, 0x081E, 0x0008, 0x0004
	.2byte 0x0000, 0x408D, 0x0002, 0x0000, 0xF8FA, 0x081E, 0x0009, 0x0003
	.2byte 0x0000, 0x408D, 0x0002, 0x0000, 0xF906, 0x081E, 0x0307, 0x0004
	.2byte 0x57B8, 0x0850, 0x5860, 0x0850, 0x5878, 0x0850, 0x0000, 0x0000
	.2byte 0x6401, 0x0000, 0x0007, 0x0001, 0x0800, 0x0001, 0x0000, 0x0000
	.2byte 0x0D0D, 0x081F, 0x02F8, 0x0000, 0xF002, 0x0000, 0x0000, 0x0000
	.2byte 0x0100, 0x0000, 0x0000, 0x0000, 0x0000, 0x0000, 0x00AE, 0x0000
	.2byte 0xF103, 0x0000, 0x0000, 0x0001, 0x0100, 0x0000, 0x0000, 0x0000
	.2byte 0x0000, 0x0000, 0x00AF, 0x0000, 0xF204, 0x0000, 0x0000, 0x0002
	.2byte 0x0103, 0x0000, 0x0000, 0x0000, 0x0000, 0x0000, 0x00B0, 0x0000
	.2byte 0xF305, 0x0000, 0x0000, 0x0003, 0x0103, 0x0000, 0x0000, 0x0000
	.2byte 0x0000, 0x0000, 0x00B1, 0x0000, 0xF406, 0x0000, 0x0000, 0x0004
	.2byte 0x0100, 0x0000, 0x0000, 0x0000, 0x0000, 0x0000, 0x00B2, 0x0000
	.2byte 0xF507, 0x0000, 0x0000, 0x0005, 0x0104, 0x0000, 0x0000, 0x0000
	.2byte 0x0000, 0x0000, 0x00B3, 0x0000, 0xF608, 0x0000, 0x0001, 0x0000
	.2byte 0x0100, 0x0000, 0x0000, 0x0000, 0x0000, 0x0000, 0x00B4, 0x0000
	.2byte 0xF709, 0x0000, 0x0001, 0x0001, 0x0100, 0x0000, 0x0000, 0x0000
	.2byte 0x0000, 0x0000, 0x00B5, 0x0000, 0xF80A, 0x0000, 0x0001, 0x0002
	.2byte 0x0103, 0x0000, 0x0000, 0x0000, 0x0000, 0x0000, 0x00B6, 0x0000
	.2byte 0xF90B, 0x0000, 0x0001, 0x0003, 0x0103, 0x0000, 0x0000, 0x0000
	.2byte 0x0000, 0x0000, 0x00B7, 0x0000, 0xFA0C, 0x0000, 0x0001, 0x0004
	.2byte 0x0103, 0x0000, 0x0000, 0x0000, 0x0000, 0x0000, 0x00B8, 0x0000
	.2byte 0xFB0D, 0x0000, 0x0001, 0x0005, 0x0100, 0x0000, 0x0000, 0x0000
	.2byte 0x0000, 0x0000, 0x00B9, 0x0000, 0xD70E, 0x0000, 0x0007, 0x0001
	.2byte 0x0803, 0x0001, 0x0000, 0x0000, 0x0000, 0x0000, 0x02F5, 0x0000
	.2byte 0x3B0F, 0x0000, 0x0003, 0x0004, 0x0100, 0x0011, 0x0000, 0x0000
	.2byte 0x0030, 0x081F, 0x0331, 0x0000, 0xA310, 0x0000, 0x0005, 0x0005
	.2byte 0x0103, 0x0011, 0x0000, 0x0000, 0x0000, 0x0000, 0x032F, 0x0000
	.2byte 0x0007, 0x0001, 0x0200, 0x0100, 0x0000, 0x0001, 0x0100, 0x0000
	.2byte 0x01BC, 0x081F, 0x0001, 0x0001, 0x0000, 0x0000, 0x0205, 0x081F
	.2byte 0x0005, 0x0001, 0x0000, 0x0000, 0x7F6B, 0x0825, 0x0003, 0x0001
	.2byte 0x0000, 0x0000, 0x020E, 0x081F, 0x0110, 0x0400, 0x58CC, 0x0850
	.2byte 0x5A4C, 0x0850, 0x0000, 0x0000, 0x5A54, 0x0850, 0xD701, 0x0000
	.2byte 0x0008, 0x0006, 0x0903, 0x0000, 0x0000, 0x0000, 0x81AF, 0x0825
	.2byte 0x02F7, 0x0000, 0x6002, 0x0000, 0x0006, 0x0005, 0x4103, 0x0000
	.2byte 0x0000, 0x0000, 0x82A4, 0x0825, 0x02F2, 0x0000, 0x5F03, 0x0000
	.2byte 0x0009, 0x0003, 0x1B03, 0x0003, 0x0000, 0x0000, 0x82B7, 0x0825
	.2byte 0x02F3, 0x0000, 0x1A04, 0x0000, 0x0008, 0x0007, 0x0903, 0x0000
	.2byte 0x0000, 0x0000, 0x04A6, 0x081F, 0x0311, 0x0000, 0x8105, 0x0000
	.2byte 0x0005, 0x0006, 0x0A03, 0x0011, 0x0000, 0x0000, 0x0000, 0x0000
	.2byte 0x02DE, 0x0000, 0x0506, 0x0000, 0x0009, 0x0005, 0x0503, 0x0011
	.2byte 0x0000, 0x0000, 0x04F0, 0x081F, 0x02E0, 0x0000, 0x6907, 0x0000
	.2byte 0x0002, 0x0008, 0x0703, 0x0011, 0x0000, 0x0000, 0x0000, 0x0000
	.2byte 0x02EA, 0x0000, 0x0001, 0x0008, 0x0000, 0x0009, 0x0002, 0x0008
	.2byte 0x0000, 0x0009, 0x0002, 0x0002, 0x0000, 0x0103, 0x0002, 0x0008
	.2byte 0x0000, 0x4092, 0x0004, 0x0000, 0x04FF, 0x081F, 0x0001, 0x0003
	.2byte 0x0000, 0x408D, 0x0002, 0x0000, 0x051A, 0x081F, 0x0002, 0x0004
	.2byte 0x0000, 0x408D, 0x0002, 0x0000, 0x0526, 0x081F, 0x0003, 0x0003
	.2byte 0x0000, 0x408D, 0x0002, 0x0000, 0x0532, 0x081F, 0x0307, 0x0004
	.2byte 0x5A98, 0x0850, 0x5B40, 0x0850, 0x5B58, 0x0850, 0x0000, 0x0000
	.2byte 0x6901, 0x0000, 0x0001, 0x0001, 0x0800, 0x0001, 0x0000, 0x0000
	.2byte 0x0D0D, 0x081F, 0x02D2, 0x0000, 0xF002, 0x0000, 0x0000, 0x0006
	.2byte 0x0100, 0x0000, 0x0000, 0x0000, 0x0000, 0x0000, 0x00AE, 0x0000
	.2byte 0xF103, 0x0000, 0x0001, 0x0006, 0x0103, 0x0000, 0x0000, 0x0000
	.2byte 0x0000, 0x0000, 0x00AF, 0x0000, 0xF204, 0x0000, 0x0002, 0x0006
	.2byte 0x0100, 0x0000, 0x0000, 0x0000, 0x0000, 0x0000, 0x00B0, 0x0000
	.2byte 0xF305, 0x0000, 0x0003, 0x0006, 0x0103, 0x0000, 0x0000, 0x0000
	.2byte 0x0000, 0x0000, 0x00B1, 0x0000, 0xF406, 0x0000, 0x0004, 0x0006
	.2byte 0x0103, 0x0000, 0x0000, 0x0000, 0x0000, 0x0000, 0x00B2, 0x0000
	.2byte 0xF507, 0x0000, 0x0005, 0x0006, 0x0103, 0x0000, 0x0000, 0x0000
	.2byte 0x0000, 0x0000, 0x00B3, 0x0000, 0xF608, 0x0000, 0x0000, 0x0007
	.2byte 0x0103, 0x0000, 0x0000, 0x0000, 0x0000, 0x0000, 0x00B4, 0x0000
	.2byte 0xF709, 0x0000, 0x0001, 0x0007, 0x0103, 0x0000, 0x0000, 0x0000
	.2byte 0x0000, 0x0000, 0x00B5, 0x0000, 0xF80A, 0x0000, 0x0002, 0x0007
	.2byte 0x0103, 0x0000, 0x0000, 0x0000, 0x0000, 0x0000, 0x00B6, 0x0000
	.2byte 0xF90B, 0x0000, 0x0003, 0x0007, 0x0103, 0x0000, 0x0000, 0x0000
	.2byte 0x0000, 0x0000, 0x00B7, 0x0000, 0xFA0C, 0x0000, 0x0004, 0x0007
	.2byte 0x0103, 0x0000, 0x0000, 0x0000, 0x0000, 0x0000, 0x00B8, 0x0000
	.2byte 0xFB0D, 0x0000, 0x0005, 0x0007, 0x0103, 0x0000, 0x0000, 0x0000
	.2byte 0x0000, 0x0000, 0x00B9, 0x0000, 0xD70E, 0x0000, 0x0001, 0x0001
	.2byte 0x0803, 0x0001, 0x0000, 0x0000, 0x0000, 0x0000, 0x02F5, 0x0000
	.2byte 0x8E0F, 0x0000, 0x0003, 0x0004, 0x0804, 0x0011, 0x0000, 0x0000
	.2byte 0x0000, 0x0000, 0x0351, 0x0000, 0x3B10, 0x0000, 0x0005, 0x0004
	.2byte 0x0100, 0x0011, 0x0000, 0x0000, 0x0B80, 0x081F, 0x0332, 0x0000
	.2byte 0x0001, 0x0001, 0x0200, 0x0102, 0x0005, 0x0001, 0x0000, 0x0000
	.2byte 0x020E, 0x081F, 0x0007, 0x0001, 0x0000, 0x0000, 0x0205, 0x081F
	.2byte 0x0003, 0x0001, 0x0000, 0x0000, 0x7F77, 0x0825, 0x0008, 0x0001
	.2byte 0x0000, 0x0000, 0x0D9F, 0x081F, 0x0110, 0x0400, 0x5BAC, 0x0850
	.2byte 0x5D2C, 0x0850, 0x0000, 0x0000, 0x5D34, 0x0850, 0x2E01, 0x0000
	.2byte 0x0009, 0x0008, 0x0203, 0x0011, 0x0000, 0x0000, 0x151F, 0x081F
	.2byte 0x0000, 0x0000, 0x4002, 0x0000, 0x0006, 0x0004, 0x0803, 0x0000
	.2byte 0x0000, 0x0000, 0x17F5, 0x081F, 0x02D1, 0x0000, 0xF003, 0x0000
	.2byte 0x0007, 0x0004, 0x0803, 0x0011, 0x0000, 0x0000, 0x1987, 0x081F
	.2byte 0x0379, 0x0000, 0x3B04, 0x0000, 0x0006, 0x0008, 0x0803, 0x0011
	.2byte 0x0000, 0x0000, 0x1556, 0x081F, 0x032B, 0x0000, 0x3B05, 0x0000
	.2byte 0x0006, 0x0008, 0x0803, 0x0011, 0x0000, 0x0000, 0x158A, 0x081F
	.2byte 0x032C, 0x0000, 0x3B06, 0x0000, 0x0006, 0x0008, 0x0803, 0x0011
	.2byte 0x0000, 0x0000, 0x15BE, 0x081F, 0x0346, 0x0000, 0x0006, 0x000C
	.2byte 0x0200, 0x0009, 0x0007, 0x000C, 0x0200, 0x0009, 0x000A, 0x0007
	.2byte 0x0100, 0x0000, 0x197E, 0x081F, 0x000B, 0x0007, 0x0100, 0x0000
	.2byte 0x197E, 0x081F, 0x0007, 0x0001, 0x0000, 0x0000, 0x1A68, 0x081F
	.2byte 0x0008, 0x0001, 0x0000, 0x0000, 0x1A68, 0x081F, 0x0001, 0x0001
	.2byte 0x0000, 0x0000, 0x1A5F, 0x081F, 0x0000, 0x0007, 0x0000, 0x0000
	.2byte 0x1A5F, 0x081F, 0x0001, 0x0007, 0x0000, 0x0000, 0x1A5F, 0x081F
	.2byte 0x0002, 0x0007, 0x0000, 0x0000, 0x1A5F, 0x081F, 0x0003, 0x0007
	.2byte 0x0000, 0x0000, 0x1A5F, 0x081F, 0x0004, 0x0001, 0x0000, 0x0000
	.2byte 0x1A56, 0x081F, 0x0003, 0x0001, 0x0000, 0x0000, 0x1A56, 0x081F
	.2byte 0x0001, 0x000A, 0x0000, 0x0000, 0x1A56, 0x081F, 0x0001, 0x0009
	.2byte 0x0000, 0x0000, 0x1A56, 0x081F, 0x000B, 0x000A, 0x0000, 0x0000
	.2byte 0x1A56, 0x081F, 0x000B, 0x0009, 0x0000, 0x0000, 0x1A56, 0x081F
	.2byte 0x0206, 0x0F00, 0x5D78, 0x0850, 0x5E08, 0x0850, 0x0000, 0x0000
	.2byte 0x5E18, 0x0850, 0x1401, 0x0000, 0x0006, 0x0004, 0x0203, 0x0011
	.2byte 0x0000, 0x0000, 0x28D4, 0x081F, 0x0000, 0x0000, 0x0003, 0x0008
	.2byte 0x0000, 0x000A, 0x0004, 0x0008, 0x0000, 0x000A, 0x0201, 0x0000
	.2byte 0x5EE0, 0x0850, 0x5EF8, 0x0850, 0x0000, 0x0000, 0x0000, 0x0000
	.2byte 0x1201, 0x0000, 0x0004, 0x0004, 0x0A03, 0x0000, 0x0000, 0x0000
	.2byte 0x294A, 0x081F, 0x0000, 0x0000, 0x2602, 0x0000, 0x0007, 0x0004
	.2byte 0x0903, 0x0000, 0x0000, 0x0000, 0x2953, 0x081F, 0x0000, 0x0000
	.2byte 0x0003, 0x0007, 0x0100, 0x000A, 0x0004, 0x0007, 0x0100, 0x000A
	.2byte 0x0202, 0x0000, 0x5F1C, 0x0850, 0x5F4C, 0x0850, 0x0000, 0x0000
	.2byte 0x0000, 0x0000, 0x3A01, 0x0000, 0x0007, 0x0002, 0x0803, 0x0000
	.2byte 0x0000, 0x0000, 0x29B6, 0x081F, 0x0000, 0x0000, 0x3002, 0x0000
	.2byte 0x0004, 0x0004, 0x0803, 0x0000, 0x0000, 0x0000, 0x29C4, 0x081F
	.2byte 0x0000, 0x0000, 0x0703, 0x0000, 0x000A, 0x0006, 0x0A03, 0x0000
	.2byte 0x0000, 0x0000, 0x29CD, 0x081F, 0x0000, 0x0000, 0x0E04, 0x0000
	.2byte 0x0003, 0x0007, 0x0A03, 0x0011, 0x0000, 0x0000, 0x29D6, 0x081F
	.2byte 0x0000, 0x0000, 0x0007, 0x0008, 0x0203, 0x000A, 0x0006, 0x0008
	.2byte 0x0203, 0x000A, 0x0001, 0x0006, 0x0004, 0x0203, 0x0304, 0x0000
	.2byte 0x5F70, 0x0850, 0x5FD0, 0x0850, 0x0000, 0x0000, 0x0000, 0x0000
	.2byte 0x5501, 0x0000, 0x0006, 0x0002, 0x0803, 0x0011, 0x0000, 0x0000
	.2byte 0x4185, 0x0824, 0x0000, 0x0000, 0x5502, 0x0000, 0x0002, 0x0002
	.2byte 0x0803, 0x0011, 0x0000, 0x0000, 0x418B, 0x0824, 0x0000, 0x0000
	.2byte 0x5503, 0x0000, 0x000A, 0x0002, 0x0803, 0x0011, 0x0000, 0x0000
	.2byte 0x4191, 0x0824, 0x0000, 0x0000, 0xDF04, 0x0000, 0x0001, 0x0002
	.2byte 0x0800, 0x0011, 0x0000, 0x0000, 0x6801, 0x0824, 0x02BE, 0x0000
	.2byte 0x0001, 0x0006, 0x0204, 0x0202, 0x0005, 0x0001, 0x0003, 0x193C
	.2byte 0x0009, 0x0001, 0x0003, 0x1919, 0x0304, 0x0000, 0x5FFC, 0x0850
	.2byte 0x605C, 0x0850, 0x0000, 0x0000, 0x0000, 0x0000, 0x5301, 0x0000
	.2byte 0x0001, 0x0003, 0x0A03, 0x0000, 0x0000, 0x0000, 0x2B0C, 0x081F
	.2byte 0x0000, 0x0000, 0x2202, 0x0000, 0x0005, 0x0005, 0x0A03, 0x0000
	.2byte 0x0000, 0x0000, 0x2B56, 0x081F, 0x0000, 0x0000, 0x0703, 0x0000
	.2byte 0x0009, 0x0004, 0x0303, 0x0010, 0x0000, 0x0000, 0x2B75, 0x081F
	.2byte 0x0000, 0x0000, 0x0003, 0x0007, 0x0300, 0x000A, 0x0004, 0x0007
	.2byte 0x0300, 0x000A, 0x0203, 0x0000, 0x6088, 0x0850, 0x60D0, 0x0850
	.2byte 0x0000, 0x0000, 0x0000, 0x0000, 0x1801, 0x0000, 0x0006, 0x0003
	.2byte 0x0903, 0x0000, 0x0000, 0x0000, 0x2C1A, 0x081F, 0x0000, 0x0000
	.2byte 0x1302, 0x0000, 0x0003, 0x0003, 0x0A03, 0x0000, 0x0000, 0x0000
	.2byte 0x2C11, 0x081F, 0x0000, 0x0000, 0xD003, 0x0000, 0x0004, 0x0002
	.2byte 0x0803, 0x0013, 0x0000, 0x0000, 0x2C23, 0x081F, 0x0000, 0x0000
	.2byte 0x0003, 0x0007, 0x0300, 0x000B, 0x0004, 0x0007, 0x0300, 0x000B
	.2byte 0x0203, 0x0000, 0x60F4, 0x0850, 0x613C, 0x0850, 0x0000, 0x0000
	.2byte 0x0000, 0x0000, 0x3A01, 0x0000, 0x0007, 0x0002, 0x0803, 0x0000
	.2byte 0x0000, 0x0000, 0x2CE3, 0x081F, 0x0000, 0x0000, 0x1202, 0x0000
	.2byte 0x000A, 0x0006, 0x0A03, 0x0000, 0x0000, 0x0000, 0x2CF1, 0x081F
	.2byte 0x0000, 0x0000, 0x2103, 0x0000, 0x0005, 0x0005, 0x0500, 0x0012
	.2byte 0x0000, 0x0000, 0x2CFA, 0x081F, 0x0000, 0x0000, 0x0007, 0x0008
	.2byte 0x0103, 0x000B, 0x0006, 0x0008, 0x0103, 0x000B, 0x0001, 0x0006
	.2byte 0x0004, 0x0302, 0x0303, 0x0000, 0x6160, 0x0850, 0x61A8, 0x0850
	.2byte 0x0000, 0x0000, 0x0000, 0x0000, 0x5501, 0x0000, 0x0006, 0x0002
	.2byte 0x0800, 0x0011, 0x0000, 0x0000, 0x4185, 0x0824, 0x0000, 0x0000
	.2byte 0x5502, 0x0000, 0x0002, 0x0002, 0x0803, 0x0011, 0x0000, 0x0000
	.2byte 0x418B, 0x0824, 0x0000, 0x0000, 0x5503, 0x0000, 0x000A, 0x0002
	.2byte 0x0800, 0x0011, 0x0000, 0x0000, 0x4191, 0x0824, 0x0000, 0x0000
	.2byte 0xDF04, 0x0000, 0x0001, 0x0002, 0x0800, 0x0011, 0x0000, 0x0000
	.2byte 0x6801, 0x0824, 0x02BE, 0x0000, 0x0001, 0x0006, 0x0204, 0x0301
	.2byte 0x0005, 0x0001, 0x0003, 0x193C, 0x0009, 0x0001, 0x0003, 0x1919
	.2byte 0x0304, 0x0000, 0x61D4, 0x0850, 0x6234, 0x0850, 0x0000, 0x0000
	.2byte 0x0000, 0x0000, 0x7E01, 0x0000, 0x0004, 0x0003, 0x0800, 0x0000
	.2byte 0x0000, 0x0000, 0x2F0D, 0x081F, 0x0000, 0x0000, 0x2C02, 0x0000
	.2byte 0x0002, 0x0012, 0x0700, 0x0000, 0x0001, 0x0003, 0x3002, 0x081F
	.2byte 0x0000, 0x0000, 0x0E03, 0x0000, 0x000F, 0x0003, 0x0803, 0x0000
	.2byte 0x0001, 0x0003, 0x3024, 0x081F, 0x0000, 0x0000, 0x0E04, 0x0000
	.2byte 0x000C, 0x0019, 0x0703, 0x0000, 0x0001, 0x0002, 0x3046, 0x081F
	.2byte 0x0000, 0x0000, 0x1705, 0x0000, 0x0005, 0x0018, 0x0803, 0x0000
	.2byte 0x0000, 0x0000, 0x30CE, 0x081F, 0x0000, 0x0000, 0x2C06, 0x0000
	.2byte 0x0007, 0x0008, 0x0A01, 0x0011, 0x0001, 0x0003, 0x308A, 0x081F
	.2byte 0x0000, 0x0000, 0x0E07, 0x0000, 0x0010, 0x0009, 0x0803, 0x0011
	.2byte 0x0001, 0x0003, 0x30AC, 0x081F, 0x0000, 0x0000, 0x3108, 0x0000
	.2byte 0x000E, 0x000C, 0x0A01, 0x0011, 0x0001, 0x0002, 0x3068, 0x081F
	.2byte 0x0000, 0x0000, 0x0005, 0x001B, 0x0200, 0x000B, 0x0006, 0x001B
	.2byte 0x0200, 0x000B, 0x0004, 0x0017, 0x0103, 0x0000, 0x30ED, 0x081F
	.2byte 0x0007, 0x0017, 0x0103, 0x0000, 0x30FD, 0x081F, 0x0004, 0x0018
	.2byte 0x0100, 0x0000, 0x30ED, 0x081F, 0x0007, 0x0018, 0x0100, 0x0000
	.2byte 0x30FD, 0x081F, 0x0208, 0x0400, 0x6260, 0x0850, 0x6320, 0x0850
	.2byte 0x0000, 0x0000, 0x6330, 0x0850, 0x0A01, 0x0000, 0x0004, 0x0006
	.2byte 0x0700, 0x0000, 0x0000, 0x0000, 0x3789, 0x081F, 0x0000, 0x0000
	.2byte 0x1402, 0x0000, 0x0001, 0x0005, 0x0A00, 0x0000, 0x0000, 0x0000
	.2byte 0x37B2, 0x081F, 0x0000, 0x0000, 0x1303, 0x0000, 0x0005, 0x0004
	.2byte 0x0900, 0x0000, 0x0000, 0x0000, 0x37C3, 0x081F, 0x0000, 0x0000
	.2byte 0x1504, 0x0000, 0x0009, 0x0003, 0x0700, 0x0000, 0x0000, 0x0000
	.2byte 0x3800, 0x081F, 0x0000, 0x0000, 0x0605, 0x0000, 0x0005, 0x0002
	.2byte 0x0703, 0x0000, 0x0000, 0x0000, 0x381C, 0x081F, 0x0000, 0x0000
	.2byte 0x0B06, 0x0000, 0x000E, 0x0007, 0x0500, 0x0001, 0x0000, 0x0000
	.2byte 0x3838, 0x081F, 0x0000, 0x0000, 0x2607, 0x0000, 0x000C, 0x0003
	.2byte 0x0A03, 0x0000, 0x0000, 0x0000, 0x38E8, 0x081F, 0x0000, 0x0000
	.2byte 0x2508, 0x0000, 0x000F, 0x0003, 0x0903, 0x0000, 0x0000, 0x0000
	.2byte 0x38F4, 0x081F, 0x0000, 0x0000, 0x2709, 0x0000, 0x0008, 0x0006
	.2byte 0x0503, 0x0001, 0x0000, 0x0000, 0x3A93, 0x081F, 0x03AC, 0x0000
	.2byte 0x0005, 0x0008, 0x0000, 0x000B, 0x0006, 0x0008, 0x0000, 0x000B
	.2byte 0x0000, 0x0001, 0x0003, 0x0000, 0x3849, 0x081F, 0x0007, 0x0001
	.2byte 0x0003, 0x0000, 0x3859, 0x081F, 0x0209, 0x0200, 0x6374, 0x0850
	.2byte 0x644C, 0x0850, 0x0000, 0x0000, 0x645C, 0x0850, 0x2101, 0x0000
	.2byte 0x0006, 0x0005, 0x0A03, 0x0000, 0x0000, 0x0000, 0x4009, 0x081F
	.2byte 0x0000, 0x0000, 0x0902, 0x0000, 0x0002, 0x0003, 0x0103, 0x0000
	.2byte 0x0000, 0x0000, 0x404C, 0x081F, 0x0000, 0x0000, 0x0003, 0x0008
	.2byte 0x0400, 0x000B, 0x0004, 0x0008, 0x0400, 0x000B, 0x0202, 0x0000
	.2byte 0x6488, 0x0850, 0x64B8, 0x0850, 0x0000, 0x0000, 0x0000, 0x0000
	.2byte 0x1401, 0x0000, 0x0003, 0x0002, 0x0803, 0x0000, 0x0000, 0x0000
	.2byte 0x4186, 0x081F, 0x0000, 0x0000, 0x1D02, 0x0000, 0x0007, 0x0005
	.2byte 0x0103, 0x0011, 0x0000, 0x0000, 0x41B5, 0x081F, 0x0000, 0x0000
	.2byte 0x1503, 0x0000, 0x0009, 0x0003, 0x0503, 0x0011, 0x0000, 0x0000
	.2byte 0x41AC, 0x081F, 0x0000, 0x0000, 0x0003, 0x0007, 0x0000, 0x000C
	.2byte 0x0004, 0x0007, 0x0000, 0x000C, 0x0203, 0x0000, 0x64DC, 0x0850
	.2byte 0x6524, 0x0850, 0x0000, 0x0000, 0x0000, 0x0000, 0x8001, 0x0000
	.2byte 0x000D, 0x0009, 0x0803, 0x0000, 0x0000, 0x0000, 0x435F, 0x081F
	.2byte 0x0000, 0x0000, 0x4202, 0x0000, 0x0003, 0x000E, 0x0803, 0x0000
	.2byte 0x0003, 0x0001, 0x4452, 0x081F, 0x0000, 0x0000, 0x2103, 0x0000
	.2byte 0x0002, 0x000F, 0x0803, 0x0000, 0x0003, 0x0001, 0x44D3, 0x081F
	.2byte 0x0000, 0x0000, 0x4204, 0x0000, 0x0003, 0x000A, 0x0803, 0x0000
	.2byte 0x0003, 0x0001, 0x4482, 0x081F, 0x0000, 0x0000, 0x0E05, 0x0000
	.2byte 0x0005, 0x0002, 0x0803, 0x0000, 0x0003, 0x0001, 0x44B8, 0x081F
	.2byte 0x0000, 0x0000, 0x1706, 0x0000, 0x000C, 0x0010, 0x0A03, 0x0000
	.2byte 0x0000, 0x0000, 0x453F, 0x081F, 0x0000, 0x0000, 0x000D, 0x0012
	.2byte 0x0103, 0x000C, 0x000E, 0x0012, 0x0103, 0x000C, 0x000A, 0x0012
	.2byte 0x0003, 0x0402, 0x0008, 0x0009, 0x0203, 0x0402, 0x0004, 0x0012
	.2byte 0x0403, 0x0402, 0x0005, 0x000E, 0x0303, 0x0402, 0x0000, 0x0011
	.2byte 0x0103, 0x0402, 0x0005, 0x0009, 0x0503, 0x0402, 0x0002, 0x000F
	.2byte 0x0603, 0x0402, 0x0003, 0x000E, 0x0703, 0x0402, 0x0001, 0x000E
	.2byte 0x0803, 0x0402, 0x0000, 0x000A, 0x0903, 0x0402, 0x0003, 0x000A
	.2byte 0x0A03, 0x0402, 0x0000, 0x0006, 0x0B03, 0x0402, 0x0003, 0x0006
	.2byte 0x0C03, 0x0402, 0x0005, 0x0006, 0x0D03, 0x0402, 0x0002, 0x0003
	.2byte 0x0E03, 0x0402, 0x0005, 0x0002, 0x0F03, 0x0402, 0x0007, 0x0002
	.2byte 0x1003, 0x0402, 0x0008, 0x0006, 0x1103, 0x0402, 0x000A, 0x0006
	.2byte 0x1203, 0x0402, 0x0004, 0x0010, 0x1400, 0x0402, 0x000C, 0x0003
	.2byte 0x1303, 0x0402, 0x000E, 0x0006, 0x1503, 0x0402, 0x000D, 0x0011
	.2byte 0x1603, 0x0402, 0x000C, 0x000C, 0x1703, 0x0402, 0x000A, 0x000F
	.2byte 0x0100, 0x0000, 0x455E, 0x081F, 0x0010, 0x000F, 0x0100, 0x0000
	.2byte 0x456E, 0x081F, 0x1A06, 0x0200, 0x6548, 0x0850, 0x65D8, 0x0850
	.2byte 0x0000, 0x0000, 0x66A8, 0x0850, 0x4201, 0x0000, 0x0004, 0x0012
	.2byte 0x0803, 0x0011, 0x0003, 0x0001, 0x44EE, 0x081F, 0x0000, 0x0000
	.2byte 0x4202, 0x0000, 0x0003, 0x0006, 0x0800, 0x0011, 0x0003, 0x0001
	.2byte 0x449D, 0x081F, 0x0000, 0x0000, 0x4203, 0x0000, 0x000D, 0x0011
	.2byte 0x0800, 0x0011, 0x0003, 0x0001, 0x4509, 0x081F, 0x0000, 0x0000
	.2byte 0x3704, 0x0000, 0x0004, 0x0010, 0x0803, 0x0011, 0x0003, 0x0001
	.2byte 0x4524, 0x081F, 0x0000, 0x0000, 0x000A, 0x0012, 0x0203, 0x0401
	.2byte 0x0000, 0x0011, 0x0603, 0x0401, 0x0008, 0x0009, 0x0303, 0x0401
	.2byte 0x0005, 0x000E, 0x0503, 0x0401, 0x0004, 0x0012, 0x0403, 0x0401
	.2byte 0x0005, 0x0009, 0x0703, 0x0401, 0x0002, 0x000F, 0x0803, 0x0401
	.2byte 0x0003, 0x000E, 0x0903, 0x0401, 0x0001, 0x000E, 0x0A03, 0x0401
	.2byte 0x0000, 0x000A, 0x0B03, 0x0401, 0x0003, 0x000A, 0x0C03, 0x0401
	.2byte 0x0000, 0x0006, 0x0D03, 0x0401, 0x0003, 0x0006, 0x0E03, 0x0401
	.2byte 0x0005, 0x0006, 0x0F03, 0x0401, 0x0002, 0x0003, 0x1003, 0x0401
	.2byte 0x0005, 0x0002, 0x1103, 0x0401, 0x0007, 0x0002, 0x1203, 0x0401
	.2byte 0x0008, 0x0006, 0x1303, 0x0401, 0x000A, 0x0006, 0x1403, 0x0401
	.2byte 0x000C, 0x0003, 0x1603, 0x0401, 0x0004, 0x0010, 0x1503, 0x0401
	.2byte 0x000E, 0x0006, 0x1703, 0x0401, 0x000D, 0x0011, 0x1803, 0x0401
	.2byte 0x000C, 0x000C, 0x1903, 0x0401, 0x1804, 0x0000, 0x66D4, 0x0850
	.2byte 0x6734, 0x0850, 0x0000, 0x0000, 0x0000, 0x0000, 0x1D01, 0x0000
	.2byte 0x0002, 0x0003, 0x0103, 0x0011, 0x0000, 0x0000, 0x4E4E, 0x081F
	.2byte 0x0000, 0x0000, 0xD002, 0x0000, 0x0006, 0x0006, 0x0103, 0x0011
	.2byte 0x0000, 0x0000, 0x4E57, 0x081F, 0x0000, 0x0000, 0x0503, 0x0000
	.2byte 0x0008, 0x0004, 0x0203, 0x0011, 0x0000, 0x0000, 0x696A, 0x0827
	.2byte 0x0000, 0x0000, 0x0003, 0x0007, 0x0400, 0x000C, 0x0004, 0x0007
	.2byte 0x0400, 0x000C, 0x0203, 0x0000, 0x6808, 0x0850, 0x6850, 0x0850
	.2byte 0x0000, 0x0000, 0x0000, 0x0000, 0x5301, 0x0000, 0x0001, 0x0003
	.2byte 0x0A03, 0x0000, 0x0000, 0x0000, 0x4ECD, 0x081F, 0x0000, 0x0000
	.2byte 0x1502, 0x0000, 0x0004, 0x0002, 0x0803, 0x0000, 0x0000, 0x0000
	.2byte 0x4EFA, 0x081F, 0x0000, 0x0000, 0x1E03, 0x0000, 0x0009, 0x0005
	.2byte 0x0A03, 0x0000, 0x0000, 0x0000, 0x4F03, 0x081F, 0x0000, 0x0000
	.2byte 0x0003, 0x0007, 0x0200, 0x000C, 0x0004, 0x0007, 0x0200, 0x000C
	.2byte 0x0203, 0x0000, 0x6874, 0x0850, 0x68BC, 0x0850, 0x0000, 0x0000
	.2byte 0x0000, 0x0000, 0x3A01, 0x0000, 0x0007, 0x0002, 0x0803, 0x0000
	.2byte 0x0000, 0x0000, 0x4F99, 0x081F, 0x0000, 0x0000, 0x2302, 0x0000
	.2byte 0x000B, 0x0008, 0x0703, 0x0000, 0x0000, 0x0000, 0x4FA7, 0x081F
	.2byte 0x0000, 0x0000, 0x1803, 0x0000, 0x000A, 0x0006, 0x0900, 0x0000
	.2byte 0x0000, 0x0000, 0x4FB0, 0x081F, 0x0000, 0x0000, 0x3004, 0x0000
	.2byte 0x0001, 0x0003, 0x0A03, 0x0000, 0x0000, 0x0000, 0x4FB9, 0x081F
	.2byte 0x0000, 0x0000, 0x0007, 0x0008, 0x0303, 0x000C, 0x0006, 0x0008
	.2byte 0x0303, 0x000C, 0x0001, 0x0006, 0x0004, 0x0406, 0x0002, 0x0001
	.2byte 0x0500, 0x000C, 0x0404, 0x0000, 0x68E0, 0x0850, 0x6940, 0x0850
	.2byte 0x0000, 0x0000, 0x0000, 0x0000, 0x5501, 0x0000, 0x0006, 0x0002
	.2byte 0x0800, 0x0011, 0x0000, 0x0000, 0x4185, 0x0824, 0x0000, 0x0000
	.2byte 0x5502, 0x0000, 0x0002, 0x0002, 0x0803, 0x0011, 0x0000, 0x0000
	.2byte 0x418B, 0x0824, 0x0000, 0x0000, 0x5503, 0x0000, 0x000A, 0x0002
	.2byte 0x0800, 0x0011, 0x0000, 0x0000, 0x4191, 0x0824, 0x0000, 0x0000
	.2byte 0xDF04, 0x0000, 0x0001, 0x0002, 0x0800, 0x0011, 0x0000, 0x0000
	.2byte 0x6801, 0x0824, 0x02BE, 0x0000, 0x0001, 0x0006, 0x0204, 0x0405
	.2byte 0x0005, 0x0001, 0x0003, 0x193C, 0x0009, 0x0001, 0x0003, 0x1919
	.2byte 0x0304, 0x0000, 0x6974, 0x0850, 0x69D4, 0x0850, 0x0000, 0x0000
	.2byte 0x0000, 0x0000, 0x5301, 0x0000, 0x0001, 0x0003, 0x0A03, 0x0000
	.2byte 0x0000, 0x0000, 0x5099, 0x081F, 0x0000, 0x0000, 0x1402, 0x0000
	.2byte 0x0005, 0x0003, 0x0203, 0x0011, 0x0000, 0x0000, 0x50CC, 0x081F
	.2byte 0x0000, 0x0000, 0x1903, 0x0000, 0x0009, 0x0006, 0x0803, 0x0000
	.2byte 0x0000, 0x0000, 0x50D5, 0x081F, 0x0000, 0x0000, 0xCB04, 0x0000
	.2byte 0x0002, 0x0005, 0x0103, 0x0011, 0x0000, 0x0000, 0x50DE, 0x081F
	.2byte 0x0000, 0x0000, 0x0A05, 0x0000, 0x0007, 0x0002, 0x0703, 0x0000
	.2byte 0x0000, 0x0000, 0x69D2, 0x0827, 0x0000, 0x0000, 0x0003, 0x0007
	.2byte 0x0000, 0x000D, 0x0004, 0x0007, 0x0000, 0x000D, 0x0205, 0x0000
	.2byte 0x6A00, 0x0850, 0x6A78, 0x0850, 0x0000, 0x0000, 0x0000, 0x0000
	.2byte 0x2C01, 0x0000, 0x0006, 0x0005, 0x0803, 0x0011, 0x0000, 0x0000
	.2byte 0x5320, 0x081F, 0x0000, 0x0000, 0x3702, 0x0000, 0x0001, 0x0005
	.2byte 0x0503, 0x0011, 0x0000, 0x0000, 0x552C, 0x081F, 0x0000, 0x0000
	.2byte 0x0B03, 0x0000, 0x000C, 0x0006, 0x0303, 0x0011, 0x0000, 0x0000
	.2byte 0x5535, 0x081F, 0x0000, 0x0000, 0x2F04, 0x0000, 0x000A, 0x0009
	.2byte 0x0803, 0x0011, 0x0000, 0x0000, 0x553E, 0x081F, 0x0000, 0x0000
	.2byte 0xDB05, 0x0000, 0x0000, 0x0007, 0x0A03, 0x0011, 0x0000, 0x0000
	.2byte 0x5547, 0x081F, 0x02FF, 0x0000, 0x0006, 0x0009, 0x0100, 0x000D
	.2byte 0x0007, 0x0009, 0x0100, 0x000D, 0x0004, 0x0005, 0x0000, 0x0000
	.2byte 0x556E, 0x081F, 0x0205, 0x0100, 0x6A9C, 0x0850, 0x6B14, 0x0850
	.2byte 0x0000, 0x0000, 0x6B24, 0x0850, 0x2C01, 0x0000, 0x0002, 0x0006
	.2byte 0x0703, 0x0011, 0x0000, 0x0000, 0x0000, 0x0000, 0x0000, 0x0000
	.2byte 0x0001, 0x0000, 0x6B44, 0x0850, 0x0000, 0x0000, 0x0000, 0x0000
	.2byte 0x0000, 0x0000, 0xF101, 0x0000, 0x0004, 0x0008, 0x0703, 0x0011
	.2byte 0x0000, 0x0000, 0x0000, 0x0000, 0x0000, 0x0000, 0x2C02, 0x0000
	.2byte 0x0003, 0x0002, 0x0800, 0x0011, 0x0000, 0x0000, 0x0000, 0x0000
	.2byte 0x0000, 0x0000, 0xF003, 0x0000, 0x0005, 0x0001, 0x0803, 0x0011
	.2byte 0x0000, 0x0000, 0x0000, 0x0000, 0x0000, 0x0000, 0x0003, 0x0000
	.2byte 0x6B70, 0x0850, 0x0000, 0x0000, 0x0000, 0x0000, 0x0000, 0x0000
	.2byte 0x3A01, 0x0000, 0x0007, 0x0002, 0x0803, 0x0000, 0x0000, 0x0000
	.2byte 0x5C62, 0x081F, 0x0000, 0x0000, 0x0E02, 0x0000, 0x000A, 0x0006
	.2byte 0x0A03, 0x0000, 0x0000, 0x0000, 0x5C70, 0x081F, 0x0000, 0x0000
	.2byte 0x1503, 0x0000, 0x0002, 0x0003, 0x0803, 0x0000, 0x0000, 0x0000
	.2byte 0x5C79, 0x081F, 0x0000, 0x0000, 0x1404, 0x0000, 0x000A, 0x0002
	.2byte 0x0703, 0x0000, 0x0000, 0x0000, 0x5C82, 0x081F, 0x0367, 0x0000
	.2byte 0x0007, 0x0008, 0x0203, 0x000D, 0x0006, 0x0008, 0x0203, 0x000D
	.2byte 0x0001, 0x0006, 0x0004, 0x0505, 0x0304, 0x0000, 0x6BCC, 0x0850
	.2byte 0x6C2C, 0x0850, 0x0000, 0x0000, 0x0000, 0x0000, 0x5501, 0x0000
	.2byte 0x0006, 0x0002, 0x0800, 0x0011, 0x0000, 0x0000, 0x4185, 0x0824
	.2byte 0x0000, 0x0000, 0x5502, 0x0000, 0x0002, 0x0002, 0x0803, 0x0011
	.2byte 0x0000, 0x0000, 0x418B, 0x0824, 0x0000, 0x0000, 0x5503, 0x0000
	.2byte 0x000A, 0x0002, 0x0800, 0x0011, 0x0000, 0x0000, 0x4191, 0x0824
	.2byte 0x0000, 0x0000, 0xDF04, 0x0000, 0x0001, 0x0002, 0x0800, 0x0011
	.2byte 0x0000, 0x0000, 0x6801, 0x0824, 0x02BE, 0x0000, 0x0001, 0x0006
	.2byte 0x0204, 0x0504, 0x0005, 0x0001, 0x0003, 0x193C, 0x0009, 0x0001
	.2byte 0x0003, 0x1919, 0x0304, 0x0000, 0x6C58, 0x0850, 0x6CB8, 0x0850
	.2byte 0x0000, 0x0000, 0x0000, 0x0000, 0x2E01, 0x0000, 0x0006, 0x0004
	.2byte 0x0203, 0x0011, 0x0000, 0x0000, 0x5E79, 0x081F, 0x03A0, 0x0000
	.2byte 0x1402, 0x0000, 0x0005, 0x0006, 0x0503, 0x0001, 0x0000, 0x0000
	.2byte 0x5F22, 0x081F, 0x0000, 0x0000, 0x0003, 0x0008, 0x0300, 0x000D
	.2byte 0x0004, 0x0008, 0x0300, 0x000D, 0x0202, 0x0000, 0x6CE4, 0x0850
	.2byte 0x6D14, 0x0850, 0x0000, 0x0000, 0x0000, 0x0000, 0x1101, 0x0000
	.2byte 0x0004, 0x0004, 0x0803, 0x0000, 0x0000, 0x0000, 0x6156, 0x081F
	.2byte 0x0000, 0x0000, 0x0003, 0x0007, 0x0400, 0x000D, 0x0004, 0x0007
	.2byte 0x0400, 0x000D, 0x0201, 0x0000, 0x6D38, 0x0850, 0x6D50, 0x0850
	.2byte 0x0000, 0x0000, 0x0000, 0x0000, 0x1501, 0x0000, 0x0006, 0x0005
	.2byte 0x0803, 0x0011, 0x0000, 0x0000, 0x6508, 0x081F, 0x0000, 0x0000
	.2byte 0x0802, 0x0000, 0x0000, 0x0005, 0x0203, 0x0011, 0x0000, 0x0000
	.2byte 0x6710, 0x081F, 0x0000, 0x0000, 0x0D03, 0x0000, 0x0009, 0x0007
	.2byte 0x0203, 0x0011, 0x0000, 0x0000, 0x6751, 0x081F, 0x0000, 0x0000
	.2byte 0x0904, 0x0000, 0x0001, 0x0008, 0x0A03, 0x0011, 0x0000, 0x0000
	.2byte 0x675A, 0x081F, 0x0000, 0x0000, 0xDB05, 0x0000, 0x000C, 0x0006
	.2byte 0x0903, 0x0011, 0x0000, 0x0000, 0x6765, 0x081F, 0x02FE, 0x0000
	.2byte 0x0B06, 0x0000, 0x0002, 0x0008, 0x0903, 0x0011, 0x0000, 0x0000
	.2byte 0x678C, 0x081F, 0x0000, 0x0000, 0x0006, 0x0009, 0x0000, 0x000E
	.2byte 0x0007, 0x0009, 0x0000, 0x000E, 0x0004, 0x0005, 0x0000, 0x0000
	.2byte 0x6797, 0x081F, 0x0206, 0x0100, 0x6D74, 0x0850, 0x6E04, 0x0850
	.2byte 0x0000, 0x0000, 0x6E14, 0x0850, 0x1501, 0x0000, 0x0002, 0x0006
	.2byte 0x0703, 0x0011, 0x0000, 0x0000, 0x0000, 0x0000, 0x0000, 0x0000
	.2byte 0x0001, 0x0000, 0x6E34, 0x0850, 0x0000, 0x0000, 0x0000, 0x0000
	.2byte 0x0000, 0x0000, 0xF101, 0x0000, 0x0002, 0x0008, 0x0703, 0x0011
	.2byte 0x0000, 0x0000, 0x0000, 0x0000, 0x0000, 0x0000, 0xF002, 0x0000
	.2byte 0x000B, 0x0001, 0x0803, 0x0011, 0x0000, 0x0000, 0x0000, 0x0000
	.2byte 0x0000, 0x0000, 0x1503, 0x0000, 0x0002, 0x0004, 0x0A00, 0x0011
	.2byte 0x0000, 0x0000, 0x0000, 0x0000, 0x0000, 0x0000, 0x0003, 0x0000
	.2byte 0x6E60, 0x0850, 0x0000, 0x0000, 0x0000, 0x0000, 0x0000, 0x0000
	.2byte 0x5301, 0x0000, 0x0001, 0x0003, 0x0A03, 0x0000, 0x0000, 0x0000
	.2byte 0x6F28, 0x081F, 0x0000, 0x0000, 0x0902, 0x0000, 0x0005, 0x0004
	.2byte 0x0A03, 0x0000, 0x0000, 0x0000, 0x6F5A, 0x081F, 0x0000, 0x0000
	.2byte 0x1603, 0x0000, 0x0008, 0x0005, 0x0903, 0x0000, 0x0000, 0x0000
	.2byte 0x6F63, 0x081F, 0x0000, 0x0000, 0x2F04, 0x0000, 0x0003, 0x0002
	.2byte 0x0903, 0x0011, 0x0000, 0x0000, 0x6F6C, 0x081F, 0x0000, 0x0000
	.2byte 0x0003, 0x0007, 0x0100, 0x000E, 0x0004, 0x0007, 0x0100, 0x000E
	.2byte 0x0204, 0x0000, 0x6EBC, 0x0850, 0x6F1C, 0x0850, 0x0000, 0x0000
	.2byte 0x0000, 0x0000, 0x3A01, 0x0000, 0x0007, 0x0002, 0x0803, 0x0000
	.2byte 0x0000, 0x0000, 0x7035, 0x081F, 0x0000, 0x0000, 0x3002, 0x0000
	.2byte 0x0004, 0x0005, 0x0503, 0x0001, 0x0000, 0x0000, 0x7043, 0x081F
	.2byte 0x0000, 0x0000, 0x1503, 0x0000, 0x000C, 0x0002, 0x0703, 0x0000
	.2byte 0x0000, 0x0000, 0x704C, 0x081F, 0x0000, 0x0000, 0x0B04, 0x0000
	.2byte 0x000A, 0x0006, 0x0903, 0x0001, 0x0000, 0x0000, 0x6902, 0x0827
	.2byte 0x0000, 0x0000, 0x0007, 0x0008, 0x0203, 0x000E, 0x0006, 0x0008
	.2byte 0x0203, 0x000E, 0x0001, 0x0006, 0x0004, 0x0605, 0x0304, 0x0000
	.2byte 0x6F40, 0x0850, 0x6FA0, 0x0850, 0x0000, 0x0000, 0x0000, 0x0000
	.2byte 0x5501, 0x0000, 0x0006, 0x0002, 0x0800, 0x0011, 0x0000, 0x0000
	.2byte 0x4185, 0x0824, 0x0000, 0x0000, 0x5502, 0x0000, 0x0002, 0x0002
	.2byte 0x0803, 0x0011, 0x0000, 0x0000, 0x418B, 0x0824, 0x0000, 0x0000
	.2byte 0x5503, 0x0000, 0x000A, 0x0002, 0x0800, 0x0011, 0x0000, 0x0000
	.2byte 0x4191, 0x0824, 0x0000, 0x0000, 0xDF04, 0x0000, 0x0001, 0x0002
	.2byte 0x0800, 0x0011, 0x0000, 0x0000, 0x6801, 0x0824, 0x02BE, 0x0000
	.2byte 0x0001, 0x0006, 0x0204, 0x0604, 0x0005, 0x0001, 0x0003, 0x193C
	.2byte 0x0009, 0x0001, 0x0003, 0x1919, 0x0304, 0x0000, 0x6FCC, 0x0850
	.2byte 0x702C, 0x0850, 0x0000, 0x0000, 0x0000, 0x0000, 0x8701, 0x0000
	.2byte 0x000E, 0x0005, 0x0203, 0x0011, 0x0000, 0x0000, 0x7106, 0x081F
	.2byte 0x0326, 0x0000, 0x2C02, 0x0000, 0x0005, 0x0004, 0x0803, 0x0000
	.2byte 0x0000, 0x0000, 0x715A, 0x081F, 0x0328, 0x0000, 0x1903, 0x0000
	.2byte 0x0007, 0x0002, 0x0803, 0x0000, 0x0000, 0x0000, 0x7128, 0x081F
	.2byte 0x0329, 0x0000, 0x1204, 0x0000, 0x0002, 0x0004, 0x0A03, 0x0000
	.2byte 0x0000, 0x0000, 0x7195, 0x081F, 0x0000, 0x0000, 0x1405, 0x0000
	.2byte 0x0005, 0x0005, 0x0903, 0x0000, 0x0000, 0x0000, 0x7163, 0x081F
	.2byte 0x03D8, 0x0000, 0x0007, 0x0007, 0x0300, 0x000E, 0x0008, 0x0007
	.2byte 0x0300, 0x000E, 0x0205, 0x0000, 0x7058, 0x0850, 0x70D0, 0x0850
	.2byte 0x0000, 0x0000, 0x0000, 0x0000, 0x1401, 0x0000, 0x0003, 0x0004
	.2byte 0x0803, 0x0000, 0x0000, 0x0000, 0x7557, 0x081F, 0x0000, 0x0000
	.2byte 0xD102, 0x0000, 0x0004, 0x0004, 0x0803, 0x0000, 0x0000, 0x0000
	.2byte 0x7600, 0x081F, 0x0000, 0x0000, 0x0003, 0x0007, 0x0500, 0x000E
	.2byte 0x0004, 0x0007, 0x0500, 0x000E, 0x0202, 0x0000, 0x70F4, 0x0850
	.2byte 0x7124, 0x0850, 0x0000, 0x0000, 0x0000, 0x0000, 0x2201, 0x0000
	.2byte 0x0004, 0x0005, 0x0703, 0x0000, 0x0000, 0x0000, 0x7780, 0x081F
	.2byte 0x0000, 0x0000, 0x2202, 0x0000, 0x0004, 0x0004, 0x0803, 0x0000
	.2byte 0x0000, 0x0000, 0x7789, 0x081F, 0x0000, 0x0000, 0x0003, 0x0008
	.2byte 0x0600, 0x000E, 0x0004, 0x0008, 0x0600, 0x000E, 0x0202, 0x0000
	.2byte 0x7148, 0x0850, 0x7178, 0x0850, 0x0000, 0x0000, 0x0000, 0x0000
	.2byte 0x3A01, 0x0000, 0x0007, 0x0002, 0x0803, 0x0000, 0x0000, 0x0000
	.2byte 0x7839, 0x081F, 0x0000, 0x0000, 0x1D02, 0x0000, 0x000A, 0x0006
	.2byte 0x0903, 0x0000, 0x0000, 0x0000, 0x7859, 0x081F, 0x0000, 0x0000
	.2byte 0x0A03, 0x0000, 0x0002, 0x0002, 0x0703, 0x0000, 0x0000, 0x0000
	.2byte 0x7847, 0x081F, 0x0000, 0x0000, 0x1004, 0x0000, 0x0004, 0x0005
	.2byte 0x0103, 0x0011, 0x0000, 0x0000, 0x7850, 0x081F, 0x0000, 0x0000
	.2byte 0x4205, 0x0000, 0x000C, 0x0008, 0x0703, 0x0000, 0x0000, 0x0000
	.2byte 0x6BDA, 0x0827, 0x0000, 0x0000, 0x0007, 0x0008, 0x0003, 0x000F
	.2byte 0x0006, 0x0008, 0x0003, 0x000F, 0x0001, 0x0006, 0x0004, 0x0701
	.2byte 0x0305, 0x0000, 0x719C, 0x0850, 0x7214, 0x0850, 0x0000, 0x0000
	.2byte 0x0000, 0x0000, 0x5501, 0x0000, 0x0006, 0x0002, 0x0800, 0x0011
	.2byte 0x0000, 0x0000, 0x4185, 0x0824, 0x0000, 0x0000, 0x5502, 0x0000
	.2byte 0x0002, 0x0002, 0x0803, 0x0011, 0x0000, 0x0000, 0x418B, 0x0824
	.2byte 0x0000, 0x0000, 0x5503, 0x0000, 0x000A, 0x0002, 0x0800, 0x0011
	.2byte 0x0000, 0x0000, 0x4191, 0x0824, 0x0000, 0x0000, 0xDF04, 0x0000
	.2byte 0x0001, 0x0002, 0x0800, 0x0011, 0x0000, 0x0000, 0x6801, 0x0824
	.2byte 0x02BE, 0x0000, 0x0001, 0x0006, 0x0204, 0x0700, 0x0005, 0x0001
	.2byte 0x0003, 0x193C, 0x0009, 0x0001, 0x0003, 0x1919, 0x0304, 0x0000
	.2byte 0x7240, 0x0850, 0x72A0, 0x0850, 0x0000, 0x0000, 0x0000, 0x0000
	.2byte 0x4201, 0x0000, 0x0003, 0x0005, 0x0803, 0x0000, 0x0000, 0x0000
	.2byte 0x793F, 0x081F, 0x0000, 0x0000, 0x1A02, 0x0000, 0x0006, 0x0004
	.2byte 0x0903, 0x0000, 0x0000, 0x0000, 0x7948, 0x081F, 0x0000, 0x0000
	.2byte 0x0004, 0x0008, 0x0100, 0x000F, 0x0005, 0x0008, 0x0100, 0x000F
	.2byte 0x0202, 0x0000, 0x72CC, 0x0850, 0x72FC, 0x0850, 0x0000, 0x0000
	.2byte 0x0000, 0x0000, 0x3001, 0x0000, 0x0003, 0x0005, 0x0803, 0x0011
	.2byte 0x0000, 0x0000, 0x7A00, 0x081F, 0x0000, 0x0000, 0xD602, 0x0000
	.2byte 0x0008, 0x0006, 0x0103, 0x0011, 0x0000, 0x0000, 0x7AFF, 0x081F
	.2byte 0x0000, 0x0000, 0xD603, 0x0000, 0x0001, 0x0007, 0x0103, 0x0011
	.2byte 0x0000, 0x0000, 0x7B1A, 0x081F, 0x0000, 0x0000, 0x0004, 0x0008
	.2byte 0x0200, 0x000F, 0x0005, 0x0008, 0x0200, 0x000F, 0x0203, 0x0000
	.2byte 0x7320, 0x0850, 0x7368, 0x0850, 0x0000, 0x0000, 0x0000, 0x0000
	.2byte 0x0A01, 0x0000, 0x0003, 0x0005, 0x1203, 0x0000, 0x0000, 0x0000
	.2byte 0x7DBF, 0x081F, 0x0000, 0x0000, 0x2102, 0x0000, 0x0004, 0x0002
	.2byte 0x0A03, 0x0011, 0x0000, 0x0000, 0x7D1B, 0x081F, 0x0000, 0x0000
	.2byte 0x0004, 0x0008, 0x0300, 0x000F, 0x0005, 0x0008, 0x0300, 0x000F
	.2byte 0x0202, 0x0000, 0x738C, 0x0850, 0x73BC, 0x0850, 0x0000, 0x0000
	.2byte 0x0000, 0x0000, 0x1401, 0x0000, 0x0003, 0x0004, 0x0803, 0x0000
	.2byte 0x0000, 0x0000, 0x7F47, 0x081F, 0x0000, 0x0000, 0x0C02, 0x0000
	.2byte 0x0007, 0x0005, 0x0203, 0x0011, 0x0000, 0x0000, 0x7F3E, 0x081F
	.2byte 0x0000, 0x0000, 0x0703, 0x0000, 0x0007, 0x0004, 0x0203, 0x0011
	.2byte 0x0000, 0x0000, 0x7F50, 0x081F, 0x0000, 0x0000, 0x0004, 0x0008
	.2byte 0x0400, 0x000F, 0x0005, 0x0008, 0x0400, 0x000F, 0x0203, 0x0000
	.2byte 0x73E0, 0x0850, 0x7428, 0x0850, 0x0000, 0x0000, 0x0000, 0x0000
	.2byte 0x1501, 0x0000, 0x0009, 0x0004, 0x0A03, 0x0000, 0x0000, 0x0000
	.2byte 0x8056, 0x081F, 0x0000, 0x0000, 0x3002, 0x0000, 0x0003, 0x0004
	.2byte 0x0A03, 0x0000, 0x0000, 0x0000, 0x807C, 0x081F, 0x0000, 0x0000
	.2byte 0x0004, 0x0008, 0x0500, 0x000F, 0x0005, 0x0008, 0x0500, 0x000F
	.2byte 0x0202, 0x0000, 0x744C, 0x0850, 0x747C, 0x0850, 0x0000, 0x0000
	.2byte 0x0000, 0x0000, 0x1901, 0x0000, 0x0003, 0x0004, 0x0A03, 0x0000
	.2byte 0x0000, 0x0000, 0x815A, 0x081F, 0x0000, 0x0000, 0x1A02, 0x0000
	.2byte 0x0007, 0x0005, 0x0903, 0x0000, 0x0000, 0x0000, 0x81A2, 0x081F
	.2byte 0x0000, 0x0000, 0x0003, 0x0007, 0x0100, 0x0000, 0x0004, 0x0007
	.2byte 0x0100, 0x0000, 0x0202, 0x0000, 0x74A0, 0x0850, 0x74D0, 0x0850
	.2byte 0x0000, 0x0000, 0x0000, 0x0000, 0x8101, 0x0000, 0x0004, 0x0002
	.2byte 0x0800, 0x0000, 0x0000, 0x0000, 0x8688, 0x081F, 0x0304, 0x0000
	.2byte 0x2202, 0x0000, 0x0004, 0x005E, 0x0803, 0x0000, 0x0001, 0x0000
	.2byte 0x9141, 0x081F, 0x0000, 0x0000, 0x2103, 0x0000, 0x0004, 0x0051
	.2byte 0x0803, 0x0000, 0x0001, 0x0000, 0x9051, 0x081F, 0x0000, 0x0000
	.2byte 0x2104, 0x0000, 0x0004, 0x002A, 0x0803, 0x0000, 0x0001, 0x0000
	.2byte 0x908D, 0x081F, 0x0000, 0x0000, 0x2205, 0x0000, 0x0004, 0x0037
	.2byte 0x0803, 0x0000, 0x0001, 0x0000, 0x917D, 0x081F, 0x0000, 0x0000
	.2byte 0x2106, 0x0000, 0x0004, 0x0044, 0x0803, 0x0000, 0x0001, 0x0000
	.2byte 0x90C9, 0x081F, 0x0000, 0x0000, 0x2207, 0x0000, 0x0004, 0x0010
	.2byte 0x0803, 0x0000, 0x0001, 0x0000, 0x91B9, 0x081F, 0x0000, 0x0000
	.2byte 0x2108, 0x0000, 0x0004, 0x001D, 0x0803, 0x0000, 0x0001, 0x0000
	.2byte 0x9105, 0x081F, 0x0000, 0x0000, 0x1709, 0x0000, 0x0003, 0x006D
	.2byte 0x0803, 0x0000, 0x0000, 0x0000, 0x93E6, 0x081F, 0x030D, 0x0000
	.2byte 0x870A, 0x0000, 0x0004, 0x006F, 0x0703, 0x0000, 0x0000, 0x0000
	.2byte 0x0000, 0x0000, 0x0362, 0x0000, 0x190B, 0x0000, 0x0001, 0x0007
	.2byte 0x0703, 0x0011, 0x0000, 0x0000, 0x0000, 0x0000, 0x0338, 0x0000
	.2byte 0x0004, 0x006F, 0x0203, 0x0000, 0x0005, 0x006F, 0x0203, 0x0000
	.2byte 0x0001, 0x0069, 0x0303, 0x0801, 0x0007, 0x0055, 0x0203, 0x0801
	.2byte 0x0006, 0x0055, 0x0203, 0x0801, 0x0007, 0x0069, 0x0603, 0x0801
	.2byte 0x0001, 0x0062, 0x0503, 0x0801, 0x0002, 0x0062, 0x0503, 0x0801
	.2byte 0x0001, 0x004F, 0x0A03, 0x0801, 0x0007, 0x004F, 0x0C03, 0x0801
	.2byte 0x0007, 0x002E, 0x0803, 0x0801, 0x0006, 0x002E, 0x0803, 0x0801
	.2byte 0x0001, 0x003B, 0x0903, 0x0801, 0x0002, 0x003B, 0x0903, 0x0801
	.2byte 0x0001, 0x005C, 0x1003, 0x0801, 0x0007, 0x005C, 0x1203, 0x0801
	.2byte 0x0007, 0x003B, 0x0E03, 0x0801, 0x0006, 0x003B, 0x0E03, 0x0801
	.2byte 0x0001, 0x0048, 0x0F03, 0x0801, 0x0002, 0x0048, 0x0F03, 0x0801
	.2byte 0x0007, 0x0028, 0x1803, 0x0801, 0x0001, 0x0035, 0x1A03, 0x0801
	.2byte 0x0007, 0x0035, 0x1C03, 0x0801, 0x0001, 0x0042, 0x1E03, 0x0801
	.2byte 0x0001, 0x0014, 0x1403, 0x0801, 0x0002, 0x0014, 0x1403, 0x0801
	.2byte 0x0007, 0x0014, 0x1503, 0x0801, 0x0006, 0x0014, 0x1503, 0x0801
	.2byte 0x0001, 0x0021, 0x1603, 0x0801, 0x0002, 0x0021, 0x1603, 0x0801
	.2byte 0x0007, 0x0021, 0x1703, 0x0801, 0x0006, 0x0021, 0x1703, 0x0801
	.2byte 0x0007, 0x000E, 0x2203, 0x0801, 0x0001, 0x001B, 0x2403, 0x0801
	.2byte 0x0001, 0x0007, 0x2003, 0x0801, 0x0002, 0x0007, 0x2003, 0x0801
	.2byte 0x0007, 0x0007, 0x2103, 0x0801, 0x0006, 0x0007, 0x2103, 0x0801
	.2byte 0x0001, 0x0069, 0x0003, 0x0000, 0x8DCE, 0x081F, 0x0007, 0x0069
	.2byte 0x0003, 0x0000, 0x8E1E, 0x081F, 0x0001, 0x004F, 0x0003, 0x0000
	.2byte 0x8E53, 0x081F, 0x0007, 0x004F, 0x0003, 0x0000, 0x8E86, 0x081F
	.2byte 0x0001, 0x005C, 0x0003, 0x0000, 0x8EB9, 0x081F, 0x0007, 0x005C
	.2byte 0x0003, 0x0000, 0x8EEC, 0x081F, 0x0007, 0x0028, 0x0003, 0x0000
	.2byte 0x8F1F, 0x081F, 0x0001, 0x0035, 0x0003, 0x0000, 0x8F52, 0x081F
	.2byte 0x0007, 0x0035, 0x0003, 0x0000, 0x8F85, 0x081F, 0x0001, 0x0042
	.2byte 0x0003, 0x0000, 0x8FB8, 0x081F, 0x0007, 0x000E, 0x0003, 0x0000
	.2byte 0x8FEB, 0x081F, 0x0001, 0x001B, 0x0003, 0x0000, 0x901E, 0x081F
	.2byte 0x0001, 0x006E, 0x0103, 0x0000, 0x9405, 0x081F, 0x0007, 0x006E
	.2byte 0x0103, 0x0000, 0x9415, 0x081F, 0x260B, 0x0E00, 0x74F4, 0x0850
	.2byte 0x75FC, 0x0850, 0x0000, 0x0000, 0x772C, 0x0850, 0x0801, 0x0000
	.2byte 0x0007, 0x0004, 0x0203, 0x0022, 0x0000, 0x0000, 0xA647, 0x081F
	.2byte 0x0000, 0x0000, 0x1502, 0x0000, 0x0004, 0x0004, 0x0803, 0x0000
	.2byte 0x0000, 0x0000, 0xA63E, 0x081F, 0x0000, 0x0000, 0x0003, 0x0008
	.2byte 0x0000, 0x0000, 0x0004, 0x0008, 0x0000, 0x0000, 0x0202, 0x0000
	.2byte 0x77E8, 0x0850, 0x7818, 0x0850, 0x0000, 0x0000, 0x0000, 0x0000
	.2byte 0x1201, 0x0000, 0x0002, 0x0005, 0x0203, 0x0011, 0x0000, 0x0000
	.2byte 0xA721, 0x081F, 0x0000, 0x0000, 0x2602, 0x0000, 0x0007, 0x0005
	.2byte 0x0803, 0x0000, 0x0000, 0x0000, 0xA72A, 0x081F, 0x0000, 0x0000
	.2byte 0x0003, 0x0007, 0x0400, 0x0000, 0x0004, 0x0007, 0x0400, 0x0000
	.2byte 0x0202, 0x0000, 0x783C, 0x0850, 0x786C, 0x0850, 0x0000, 0x0000
	.2byte 0x0000, 0x0000, 0x3A01, 0x0000, 0x0007, 0x0002, 0x0803, 0x0000
	.2byte 0x0000, 0x0000, 0xA7E1, 0x081F, 0x0000, 0x0000, 0x4102, 0x0000
	.2byte 0x000B, 0x0002, 0x0803, 0x0000, 0x0000, 0x0000, 0x7290, 0x0825
	.2byte 0x0000, 0x0000, 0x1103, 0x0000, 0x0002, 0x0003, 0x0803, 0x0000
	.2byte 0x0000, 0x0000, 0xA7EF, 0x081F, 0x0000, 0x0000, 0x2304, 0x0000
	.2byte 0x0009, 0x0006, 0x0203, 0x0011, 0x0000, 0x0000, 0xA7F8, 0x081F
	.2byte 0x0000, 0x0000, 0x2205, 0x0000, 0x0005, 0x0004, 0x0103, 0x0011
	.2byte 0x0000, 0x0000, 0xA801, 0x081F, 0x0000, 0x0000, 0x0007, 0x0008
	.2byte 0x0303, 0x0000, 0x0006, 0x0008, 0x0303, 0x0000, 0x0001, 0x0006
	.2byte 0x0004, 0x0805, 0x0305, 0x0000, 0x7890, 0x0850, 0x7908, 0x0850
	.2byte 0x0000, 0x0000, 0x0000, 0x0000, 0x5501, 0x0000, 0x0006, 0x0002
	.2byte 0x0800, 0x0011, 0x0000, 0x0000, 0x4185, 0x0824, 0x0000, 0x0000
	.2byte 0x5502, 0x0000, 0x0002, 0x0002, 0x0803, 0x0011, 0x0000, 0x0000
	.2byte 0x418B, 0x0824, 0x0000, 0x0000, 0x5503, 0x0000, 0x000A, 0x0002
	.2byte 0x0800, 0x0011, 0x0000, 0x0000, 0x4191, 0x0824, 0x0000, 0x0000
	.2byte 0xDF04, 0x0000, 0x0001, 0x0002, 0x0800, 0x0011, 0x0000, 0x0000
	.2byte 0x6801, 0x0824, 0x02BE, 0x0000, 0x0001, 0x0006, 0x0204, 0x0804
	.2byte 0x0005, 0x0001, 0x0003, 0x193C, 0x0009, 0x0001, 0x0003, 0x1919
	.2byte 0x0304, 0x0000, 0x7934, 0x0850, 0x7994, 0x0850, 0x0000, 0x0000
	.2byte 0x0000, 0x0000, 0x5301, 0x0000, 0x0001, 0x0003, 0x0A03, 0x0000
	.2byte 0x0000, 0x0000, 0xA9EA, 0x081F, 0x0000, 0x0000, 0x1302, 0x0000
	.2byte 0x0009, 0x0004, 0x0A03, 0x0000, 0x0000, 0x0000, 0xAA68, 0x081F
	.2byte 0x0000, 0x0000, 0x0703, 0x0000, 0x0006, 0x0003, 0x0803, 0x0000
	.2byte 0x0000, 0x0000, 0xAA5F, 0x081F, 0x0000, 0x0000, 0x1404, 0x0000
	.2byte 0x0005, 0x0005, 0x0A03, 0x0000, 0x0000, 0x0000, 0xAA56, 0x081F
	.2byte 0x0000, 0x0000, 0x0003, 0x0007, 0x0500, 0x0000, 0x0004, 0x0007
	.2byte 0x0500, 0x0000, 0x0204, 0x0000, 0x79C0, 0x0850, 0x7A20, 0x0850
	.2byte 0x0000, 0x0000, 0x0000, 0x0000, 0x1301, 0x0000, 0x0005, 0x0005
	.2byte 0x0803, 0x0000, 0x0000, 0x0000, 0xAB29, 0x081F, 0x0000, 0x0000
	.2byte 0x2E02, 0x0000, 0x000A, 0x0007, 0x0703, 0x0000, 0x0000, 0x0000
	.2byte 0xABD6, 0x081F, 0x0000, 0x0000, 0x2E03, 0x0000, 0x0012, 0x0008
	.2byte 0x0503, 0x0001, 0x0000, 0x0000, 0xABDF, 0x081F, 0x0000, 0x0000
	.2byte 0x1504, 0x0000, 0x000C, 0x000B, 0x0203, 0x0021, 0x0000, 0x0000
	.2byte 0xABE8, 0x081F, 0x0365, 0x0000, 0x0002, 0x000E, 0x0200, 0x0001
	.2byte 0x0003, 0x000E, 0x0200, 0x0001, 0x0003, 0x0001, 0x0000, 0x0901
	.2byte 0x0304, 0x0000, 0x7A44, 0x0850, 0x7AA4, 0x0850, 0x0000, 0x0000
	.2byte 0x0000, 0x0000, 0x2E01, 0x0000, 0x000A, 0x0007, 0x0703, 0x0000
	.2byte 0x0000, 0x0000, 0x0000, 0x0000, 0x0000, 0x0000, 0x2E02, 0x0000
	.2byte 0x0008, 0x0004, 0x0A03, 0x0000, 0x0000, 0x0000, 0xAFA3, 0x081F
	.2byte 0x0000, 0x0000, 0x2E03, 0x0000, 0x0000, 0x0009, 0x0703, 0x0000
	.2byte 0x0000, 0x0000, 0xAFAC, 0x081F, 0x0000, 0x0000, 0x0003, 0x0001
	.2byte 0x0200, 0x0900, 0x0103, 0x0000, 0x7AD0, 0x0850, 0x7B18, 0x0850
	.2byte 0x0000, 0x0000, 0x0000, 0x0000, 0x2E01, 0x0000, 0x0006, 0x0005
	.2byte 0x0803, 0x0011, 0x0000, 0x0000, 0xB1AD, 0x081F, 0x0000, 0x0000
	.2byte 0x3102, 0x0000, 0x0001, 0x0005, 0x0203, 0x0011, 0x0000, 0x0000
	.2byte 0xB340, 0x081F, 0x0000, 0x0000, 0x2103, 0x0000, 0x0003, 0x0007
	.2byte 0x0703, 0x0011, 0x0000, 0x0000, 0xB381, 0x081F, 0x0000, 0x0000
	.2byte 0x0804, 0x0000, 0x0001, 0x0008, 0x0103, 0x0011, 0x0000, 0x0000
	.2byte 0xB38A, 0x081F, 0x0000, 0x0000, 0x1405, 0x0000, 0x000B, 0x0008
	.2byte 0x0903, 0x0011, 0x0000, 0x0000, 0xB393, 0x081F, 0x0000, 0x0000
	.2byte 0x0006, 0x0009, 0x0300, 0x0001, 0x0007, 0x0009, 0x0300, 0x0001
	.2byte 0x0004, 0x0005, 0x0000, 0x0000, 0xB39C, 0x081F, 0x0205, 0x0100
	.2byte 0x7B34, 0x0850, 0x7BAC, 0x0850, 0x0000, 0x0000, 0x7BBC, 0x0850
	.2byte 0x2E01, 0x0000, 0x0002, 0x0006, 0x0703, 0x0011, 0x0000, 0x0000
	.2byte 0x0000, 0x0000, 0x0000, 0x0000, 0x0001, 0x0000, 0x7BDC, 0x0850
	.2byte 0x0000, 0x0000, 0x0000, 0x0000, 0x0000, 0x0000, 0x2E01, 0x0000
	.2byte 0x0001, 0x0004, 0x0A00, 0x0011, 0x0000, 0x0000, 0x0000, 0x0000
	.2byte 0x0000, 0x0000, 0xF002, 0x0000, 0x0005, 0x0001, 0x0803, 0x0011
	.2byte 0x0000, 0x0000, 0x0000, 0x0000, 0x0000, 0x0000, 0xF103, 0x0000
	.2byte 0x0004, 0x0008, 0x0703, 0x0011, 0x0000, 0x0000, 0x0000, 0x0000
	.2byte 0x0000, 0x0000, 0x0003, 0x0000, 0x7C08, 0x0850, 0x0000, 0x0000
	.2byte 0x0000, 0x0000, 0x0000, 0x0000, 0x1501, 0x0000, 0x0007, 0x0005
	.2byte 0x0803, 0x0000, 0x0000, 0x0000, 0xBD9E, 0x081F, 0x0000, 0x0000
	.2byte 0x0003, 0x0007, 0x0600, 0x0001, 0x0004, 0x0007, 0x0600, 0x0001
	.2byte 0x0201, 0x0000, 0x7C64, 0x0850, 0x7C7C, 0x0850, 0x0000, 0x0000
	.2byte 0x0000, 0x0000, 0x1301, 0x0000, 0x000B, 0x0004, 0x0800, 0x0000
	.2byte 0x0000, 0x0000, 0xC37A, 0x081F, 0x0000, 0x0000, 0x0602, 0x0000
	.2byte 0x0001, 0x0005, 0x0300, 0x0010, 0x0000, 0x0000, 0xC383, 0x081F
	.2byte 0x0000, 0x0000, 0x4403, 0x0000, 0x000B, 0x0005, 0x0700, 0x0000
	.2byte 0x0000, 0x0000, 0x3D5B, 0x0825, 0x0000, 0x0000, 0x1A04, 0x0000
	.2byte 0x0006, 0x0002, 0x0103, 0x0000, 0x0000, 0x0000, 0xC310, 0x081F
	.2byte 0x0000, 0x0000, 0x3005, 0x0000, 0x0006, 0x0005, 0x0804, 0x0000
	.2byte 0x0000, 0x0000, 0xC028, 0x081F, 0x0000, 0x0000, 0xD006, 0x0000
	.2byte 0x0003, 0x0009, 0x0103, 0x0011, 0x0000, 0x0000, 0xC39F, 0x081F
	.2byte 0x0000, 0x0000, 0xCB07, 0x0000, 0x0008, 0x0003, 0x0103, 0x0011
	.2byte 0x0000, 0x0000, 0xC38C, 0x081F, 0x0000, 0x0000, 0xD208, 0x0000
	.2byte 0x000A, 0x0008, 0x0103, 0x0011, 0x0000, 0x0000, 0xC3B2, 0x081F
	.2byte 0x0000, 0x0000, 0x4109, 0x0000, 0x000B, 0x0008, 0x0900, 0x0010
	.2byte 0x0000, 0x0000, 0x6832, 0x0827, 0x0000, 0x0000, 0x0006, 0x000A
	.2byte 0x0400, 0x0001, 0x0007, 0x000A, 0x0400, 0x0001, 0x0209, 0x0000
	.2byte 0x7CA0, 0x0850, 0x7D78, 0x0850, 0x0000, 0x0000, 0x0000, 0x0000
	.2byte 0x2D01, 0x0000, 0x0007, 0x0007, 0x0A03, 0x0000, 0x0000, 0x0000
	.2byte 0xCA3F, 0x081F, 0x0000, 0x0000, 0x7502, 0x0000, 0x0012, 0x0005
	.2byte 0x0703, 0x0000, 0x0000, 0x0000, 0xCB08, 0x081F, 0x0373, 0x0000
	.2byte 0x7503, 0x0000, 0x000C, 0x0002, 0x0703, 0x0000, 0x0000, 0x0000
	.2byte 0xCB11, 0x081F, 0x0373, 0x0000, 0x7504, 0x0000, 0x0002, 0x0008
	.2byte 0x0703, 0x0000, 0x0000, 0x0000, 0xCAFF, 0x081F, 0x0373, 0x0000
	.2byte 0x7605, 0x0000, 0x0003, 0x0004, 0x0903, 0x0000, 0x0000, 0x0000
	.2byte 0xCAF6, 0x081F, 0x0373, 0x0000, 0x7506, 0x0000, 0x000E, 0x0004
	.2byte 0x0A03, 0x0000, 0x0000, 0x0000, 0xCB1A, 0x081F, 0x0373, 0x0000
	.2byte 0x2D07, 0x0000, 0x000C, 0x0007, 0x0903, 0x0000, 0x0000, 0x0000
	.2byte 0xCA3F, 0x081F, 0x0000, 0x0000, 0x7508, 0x0000, 0x0008, 0x0003
	.2byte 0x0803, 0x0000, 0x0000, 0x0000, 0xCB23, 0x081F, 0x0373, 0x0000
	.2byte 0x2209, 0x0000, 0x0004, 0x0002, 0x0103, 0x0011, 0x0000, 0x0000
	.2byte 0xCB7D, 0x081F, 0x03C1, 0x0000, 0x270A, 0x0000, 0x000A, 0x0002
	.2byte 0x0703, 0x0011, 0x0000, 0x0000, 0xCB86, 0x081F, 0x03C1, 0x0000
	.2byte 0x190B, 0x0000, 0x0011, 0x0007, 0x0A03, 0x0011, 0x0000, 0x0000
	.2byte 0xCB8F, 0x081F, 0x03C1, 0x0000, 0x0C0C, 0x0000, 0x0012, 0x0008
	.2byte 0x0703, 0x0011, 0x0000, 0x0000, 0xCB98, 0x081F, 0x03C1, 0x0000
	.2byte 0x750D, 0x0000, 0x0009, 0x0004, 0x1503, 0x0011, 0x0000, 0x0000
	.2byte 0xCBA1, 0x081F, 0x03C5, 0x0000, 0x430E, 0x0000, 0x0007, 0x0004
	.2byte 0x0103, 0x0011, 0x0000, 0x0000, 0x3C9B, 0x0825, 0x03C1, 0x0000
	.2byte 0x0009, 0x0008, 0x0500, 0x0001, 0x000A, 0x0008, 0x0700, 0x0001
	.2byte 0x0006, 0x0001, 0x0000, 0x0908, 0x0009, 0x0007, 0x0003, 0x40AA
	.2byte 0x0000, 0x0000, 0xCA48, 0x081F, 0x000A, 0x0007, 0x0003, 0x40AA
	.2byte 0x0000, 0x0000, 0xCA59, 0x081F, 0x0002, 0x0007, 0x0000, 0x0000
	.2byte 0xCB2C, 0x081F, 0x0002, 0x0004, 0x0000, 0x0000, 0xCB35, 0x081F
	.2byte 0x0009, 0x0001, 0x0000, 0x0000, 0xCB3E, 0x081F, 0x000C, 0x0001
	.2byte 0x0000, 0x0000, 0xCB47, 0x081F, 0x000A, 0x0001, 0x0000, 0x0000
	.2byte 0xCB3E, 0x081F, 0x000D, 0x0001, 0x0000, 0x0000, 0xCB47, 0x081F
	.2byte 0x000F, 0x0004, 0x0000, 0x0000, 0xCB50, 0x081F, 0x0012, 0x0004
	.2byte 0x0000, 0x0000, 0xCB59, 0x081F, 0x0012, 0x0007, 0x0000, 0x0000
	.2byte 0xCB62, 0x081F, 0x0002, 0x0001, 0x0000, 0x0000, 0xCB6B, 0x081F
	.2byte 0x0003, 0x0001, 0x0000, 0x0000, 0xCB6B, 0x081F, 0x0010, 0x0001
	.2byte 0x0000, 0x0000, 0xCB74, 0x081F, 0x0011, 0x0001, 0x0000, 0x0000
	.2byte 0xCB74, 0x081F, 0x030E, 0x0D02, 0x7D9C, 0x0850, 0x7EEC, 0x0850
	.2byte 0x7F04, 0x0850, 0x7F24, 0x0850, 0x2E01, 0x0000, 0x000D, 0x0006
	.2byte 0x0803, 0x0000, 0x0000, 0x0000, 0xD30A, 0x081F, 0x0377, 0x0000
	.2byte 0xC302, 0x0000, 0x0006, 0x0001, 0x0803, 0x0000, 0x0000, 0x0000
	.2byte 0x0000, 0x0000, 0x0376, 0x0000, 0x7503, 0x0000, 0x0006, 0x0001
	.2byte 0x0803, 0x0000, 0x0000, 0x0000, 0x0000, 0x0000, 0x0374, 0x0000
	.2byte 0x7504, 0x0000, 0x0006, 0x0001, 0x0803, 0x0000, 0x0000, 0x0000
	.2byte 0x0000, 0x0000, 0x0375, 0x0000, 0x1D05, 0x0000, 0x000C, 0x0007
	.2byte 0x0A03, 0x0011, 0x0000, 0x0000, 0xD56E, 0x081F, 0x03C1, 0x0000
	.2byte 0x1206, 0x0000, 0x0009, 0x0006, 0x0103, 0x0011, 0x0000, 0x0000
	.2byte 0xD577, 0x081F, 0x03C1, 0x0000, 0x0507, 0x0000, 0x0001, 0x0003
	.2byte 0x0A03, 0x0011, 0x0000, 0x0000, 0xD580, 0x081F, 0x03C1, 0x0000
	.2byte 0x0006, 0x0001, 0x0200, 0x0907, 0x0012, 0x0004, 0x0000, 0x0000
	.2byte 0xD514, 0x081F, 0x0012, 0x0007, 0x0000, 0x0000, 0xD51D, 0x081F
	.2byte 0x0004, 0x0003, 0x0000, 0x0000, 0xD55C, 0x081F, 0x0004, 0x0004
	.2byte 0x0000, 0x0000, 0xD55C, 0x081F, 0x0003, 0x0003, 0x0000, 0x0000
	.2byte 0xD553, 0x081F, 0x0002, 0x0003, 0x0000, 0x0000, 0xD553, 0x081F
	.2byte 0x0003, 0x0004, 0x0000, 0x0000, 0xD553, 0x081F, 0x0003, 0x0006
	.2byte 0x0000, 0x0000, 0xD54A, 0x081F, 0x0004, 0x0006, 0x0000, 0x0000
	.2byte 0xD54A, 0x081F, 0x000D, 0x0007, 0x0000, 0x0000, 0xD565, 0x081F
	.2byte 0x000E, 0x0007, 0x0003, 0x0000, 0xD565, 0x081F, 0x0012, 0x0001
	.2byte 0x0000, 0x0000, 0xD541, 0x081F, 0x0013, 0x0001, 0x0000, 0x0000
	.2byte 0xD541, 0x081F, 0x000F, 0x0001, 0x0000, 0x0000, 0xD538, 0x081F
	.2byte 0x0010, 0x0001, 0x0000, 0x0000, 0xD538, 0x081F, 0x0008, 0x0001
	.2byte 0x0000, 0x0000, 0xD52F, 0x081F, 0x0009, 0x0001, 0x0000, 0x0000
	.2byte 0xD52F, 0x081F, 0x000C, 0x0001, 0x0000, 0x0000, 0xD526, 0x081F
	.2byte 0x000D, 0x0001, 0x0000, 0x0000, 0xD526, 0x081F, 0x0003, 0x0007
	.2byte 0x0000, 0x0000, 0xD54A, 0x081F, 0x0004, 0x0007, 0x0000, 0x0000
	.2byte 0xD54A, 0x081F, 0x0107, 0x1500, 0x7FD4, 0x0850, 0x807C, 0x0850
	.2byte 0x0000, 0x0000, 0x8084, 0x0850, 0x2D01, 0x0000, 0x0008, 0x000A
	.2byte 0x0803, 0x0000, 0x0000, 0x0000, 0xDDE2, 0x081F, 0x0389, 0x0000
	.2byte 0x3102, 0x0000, 0x0004, 0x000C, 0x0903, 0x0000, 0x0000, 0x0000
	.2byte 0xDF43, 0x081F, 0x0389, 0x0000, 0x1103, 0x0000, 0x0001, 0x000C
	.2byte 0x0A03, 0x0000, 0x0000, 0x0000, 0xDF8A, 0x081F, 0x0389, 0x0000
	.2byte 0x2E04, 0x0000, 0x0006, 0x000D, 0x0103, 0x0000, 0x0000, 0x0000
	.2byte 0xDF93, 0x081F, 0x0349, 0x0000, 0x8C05, 0x0000, 0x0008, 0x0009
	.2byte 0x0A01, 0x0000, 0x0000, 0x0000, 0x0000, 0x0000, 0x035C, 0x0000
	.2byte 0x7506, 0x0000, 0x0007, 0x000A, 0x0A03, 0x0000, 0x0000, 0x0000
	.2byte 0x0000, 0x0000, 0x034D, 0x0000, 0xC307, 0x0000, 0x0008, 0x000A
	.2byte 0x0903, 0x0000, 0x0000, 0x0000, 0x0000, 0x0000, 0x034E, 0x0000
	.2byte 0x8D08, 0x0000, 0x0007, 0x0009, 0x0A01, 0x0000, 0x0000, 0x0000
	.2byte 0x0000, 0x0000, 0x0350, 0x0000, 0x000B, 0x000E, 0x0800, 0x0001
	.2byte 0x000C, 0x000E, 0x0800, 0x0001, 0x0013, 0x000F, 0x0900, 0x0001
	.2byte 0x0014, 0x000F, 0x0900, 0x0001, 0x0008, 0x000B, 0x0003, 0x40A0
	.2byte 0x0001, 0x0000, 0xDCAC, 0x081F, 0x0008, 0x000C, 0x0003, 0x40A0
	.2byte 0x0001, 0x0000, 0xDCB8, 0x081F, 0x0008, 0x000D, 0x0003, 0x40A0
	.2byte 0x0001, 0x0000, 0xDCC4, 0x081F, 0x0008, 0x000E, 0x0003, 0x40A0
	.2byte 0x0001, 0x0000, 0xDCD0, 0x081F, 0x0408, 0x0004, 0x8194, 0x0850
	.2byte 0x8254, 0x0850, 0x8274, 0x0850, 0x0000, 0x0000, 0x1901, 0x0000
	.2byte 0x0004, 0x0004, 0x0A03, 0x0000, 0x0000, 0x0000, 0xE773, 0x081F
	.2byte 0x0000, 0x0000, 0x0E02, 0x0000, 0x0007, 0x0004, 0x0903, 0x0000
	.2byte 0x0000, 0x0000, 0xE77C, 0x081F, 0x0000, 0x0000, 0x0003, 0x0007
	.2byte 0x0A00, 0x0001, 0x0004, 0x0007, 0x0A00, 0x0001, 0x0202, 0x0000
	.2byte 0x82C8, 0x0850, 0x82F8, 0x0850, 0x0000, 0x0000, 0x0000, 0x0000
	.2byte 0x3A01, 0x0000, 0x0007, 0x0002, 0x0803, 0x0000, 0x0000, 0x0000
	.2byte 0xE81D, 0x081F, 0x0000, 0x0000, 0x3102, 0x0000, 0x0002, 0x0003
	.2byte 0x0803, 0x0000, 0x0000, 0x0000, 0xE82B, 0x081F, 0x0000, 0x0000
	.2byte 0x2203, 0x0000, 0x000A, 0x0007, 0x0A03, 0x0000, 0x0000, 0x0000
	.2byte 0xE834, 0x081F, 0x0000, 0x0000, 0x0007, 0x0008, 0x0003, 0x0001
	.2byte 0x0006, 0x0008, 0x0003, 0x0001, 0x0001, 0x0006, 0x0004, 0x090C
	.2byte 0x0303, 0x0000, 0x831C, 0x0850, 0x8364, 0x0850, 0x0000, 0x0000
	.2byte 0x0000, 0x0000, 0x5501, 0x0000, 0x0006, 0x0002, 0x0800, 0x0011
	.2byte 0x0000, 0x0000, 0x4185, 0x0824, 0x0000, 0x0000, 0x5502, 0x0000
	.2byte 0x0002, 0x0002, 0x0803, 0x0011, 0x0000, 0x0000, 0x418B, 0x0824
	.2byte 0x0000, 0x0000, 0x5503, 0x0000, 0x000A, 0x0002, 0x0800, 0x0011
	.2byte 0x0000, 0x0000, 0x4191, 0x0824, 0x0000, 0x0000, 0xDF04, 0x0000
	.2byte 0x0001, 0x0002, 0x0800, 0x0011, 0x0000, 0x0000, 0x6801, 0x0824
	.2byte 0x02BE, 0x0000, 0x0001, 0x0006, 0x0204, 0x090B, 0x0005, 0x0001
	.2byte 0x0003, 0x193C, 0x0009, 0x0001, 0x0003, 0x1919, 0x0304, 0x0000
	.2byte 0x8390, 0x0850, 0x83F0, 0x0850, 0x0000, 0x0000, 0x0000, 0x0000
	.2byte 0x5301, 0x0000, 0x0001, 0x0003, 0x0A03, 0x0000, 0x0000, 0x0000
	.2byte 0xE8FA, 0x081F, 0x0000, 0x0000, 0x2C02, 0x0000, 0x0004, 0x0002
	.2byte 0x0703, 0x0000, 0x0000, 0x0000, 0xE92A, 0x081F, 0x0000, 0x0000
	.2byte 0x2103, 0x0000, 0x0005, 0x0005, 0x0103, 0x0000, 0x0000, 0x0000
	.2byte 0xE933, 0x081F, 0x0000, 0x0000, 0x0003, 0x0007, 0x0100, 0x0001
	.2byte 0x0004, 0x0007, 0x0100, 0x0001, 0x0203, 0x0000, 0x841C, 0x0850
	.2byte 0x8464, 0x0850, 0x0000, 0x0000, 0x0000, 0x0000, 0x7F01, 0x0000
	.2byte 0x0005, 0x0002, 0x0800, 0x0000, 0x0000, 0x0000, 0xEB31, 0x081F
	.2byte 0x0391, 0x0000, 0x4202, 0x0000, 0x0007, 0x0008, 0x0803, 0x0000
	.2byte 0x0001, 0x0001, 0xED16, 0x081F, 0x0000, 0x0000, 0x0E03, 0x0000
	.2byte 0x0001, 0x0010, 0x0700, 0x0000, 0x0001, 0x0002, 0xED44, 0x081F
	.2byte 0x0000, 0x0000, 0x2304, 0x0000, 0x0005, 0x000A, 0x0900, 0x0000
	.2byte 0x0001, 0x0002, 0xED2D, 0x081F, 0x0000, 0x0000, 0x4205, 0x0000
	.2byte 0x0001, 0x000D, 0x0800, 0x0000, 0x0001, 0x0002, 0xECFF, 0x081F
	.2byte 0x0000, 0x0000, 0x1706, 0x0000, 0x0007, 0x0014, 0x0900, 0x0000
	.2byte 0x0000, 0x0000, 0xED72, 0x081F, 0x0000, 0x0000, 0x2707, 0x0000
	.2byte 0x0007, 0x000A, 0x0703, 0x0011, 0x0001, 0x0001, 0xED5B, 0x081F
	.2byte 0x0000, 0x0000, 0x0004, 0x0014, 0x0000, 0x0002, 0x0005, 0x0014
	.2byte 0x0000, 0x0002, 0x0004, 0x000C, 0x0003, 0x4000, 0x0000, 0x0000
	.2byte 0xEC64, 0x081F, 0x0003, 0x0009, 0x0003, 0x4000, 0x0000, 0x0000
	.2byte 0xEC89, 0x081F, 0x0000, 0x000F, 0x0003, 0x4000, 0x0000, 0x0000
	.2byte 0xEC3F, 0x081F, 0x0008, 0x0009, 0x0003, 0x4000, 0x0000, 0x0000
	.2byte 0xECAE, 0x081F, 0x0003, 0x0012, 0x0100, 0x0000, 0xED91, 0x081F
	.2byte 0x0006, 0x0012, 0x0100, 0x0000, 0xEDA1, 0x081F, 0x0207, 0x0204
	.2byte 0x8488, 0x0850, 0x8530, 0x0850, 0x8540, 0x0850, 0x8580, 0x0850
	.2byte 0x1701, 0x0000, 0x0002, 0x0005, 0x0903, 0x0000, 0x0000, 0x0000
	.2byte 0xF3EC, 0x081F, 0x0000, 0x0000, 0x4202, 0x0000, 0x0007, 0x0006
	.2byte 0x0203, 0x0011, 0x0000, 0x0000, 0xF561, 0x081F, 0x0000, 0x0000
	.2byte 0x0003, 0x0008, 0x0200, 0x0002, 0x0004, 0x0008, 0x0200, 0x0002
	.2byte 0x0008, 0x0001, 0x0000, 0x0000, 0xF56A, 0x081F, 0x000B, 0x0001
	.2byte 0x0000, 0x0000, 0xF5DE, 0x081F, 0x0202, 0x0200, 0x85AC, 0x0850
	.2byte 0x85DC, 0x0850, 0x0000, 0x0000, 0x85EC, 0x0850, 0x2E01, 0x0000
	.2byte 0x0004, 0x0004, 0x0A03, 0x0000, 0x0000, 0x0000, 0xFD78, 0x081F
	.2byte 0x0000, 0x0000, 0x0003, 0x0007, 0x0400, 0x0002, 0x0004, 0x0007
	.2byte 0x0400, 0x0002, 0x0201, 0x0000, 0x8618, 0x0850, 0x8630, 0x0850
	.2byte 0x0000, 0x0000, 0x0000, 0x0000, 0x1401, 0x0000, 0x000C, 0x0007
	.2byte 0x0803, 0x0000, 0x0000, 0x0000, 0x0454, 0x0820, 0x0000, 0x0000
	.2byte 0x3002, 0x0000, 0x0010, 0x0005, 0x0803, 0x0000, 0x0000, 0x0000
	.2byte 0x045D, 0x0820, 0x0000, 0x0000, 0x2D03, 0x0000, 0x000B, 0x0002
	.2byte 0x0803, 0x0000, 0x0000, 0x0000, 0xFEE8, 0x081F, 0x0000, 0x0000
	.2byte 0x2D04, 0x0000, 0x000E, 0x0002, 0x0803, 0x0000, 0x0000, 0x0000
	.2byte 0x0020, 0x0820, 0x0000, 0x0000, 0x0A05, 0x0000, 0x0007, 0x0003
	.2byte 0x0803, 0x0000, 0x0000, 0x0000, 0x0466, 0x0820, 0x0000, 0x0000
	.2byte 0x1906, 0x0000, 0x0013, 0x0004, 0x0803, 0x0000, 0x0000, 0x0000
	.2byte 0x054C, 0x0820, 0x0000, 0x0000, 0x1D07, 0x0000, 0x0014, 0x0008
	.2byte 0x0903, 0x0000, 0x0000, 0x0000, 0x05A8, 0x0820, 0x0000, 0x0000
	.2byte 0x1B08, 0x0000, 0x0006, 0x0008, 0x0A03, 0x0000, 0x0000, 0x0000
	.2byte 0x05B8, 0x0820, 0x0000, 0x0000, 0x2D09, 0x0000, 0x000D, 0x0002
	.2byte 0x0803, 0x0011, 0x0000, 0x0000, 0x01CE, 0x0820, 0x0000, 0x0000
	.2byte 0x210A, 0x0000, 0x0001, 0x0007, 0x0A03, 0x0011, 0x0000, 0x0000
	.2byte 0x05C8, 0x0820, 0x0000, 0x0000, 0x270B, 0x0000, 0x0009, 0x0008
	.2byte 0x0903, 0x0011, 0x0000, 0x0000, 0x05E5, 0x0820, 0x0000, 0x0000
	.2byte 0x220C, 0x0000, 0x0004, 0x0006, 0x0903, 0x0011, 0x0000, 0x0000
	.2byte 0x05F5, 0x0820, 0x0000, 0x0000, 0x000B, 0x000A, 0x0503, 0x0002
	.2byte 0x000C, 0x000A, 0x0503, 0x0002, 0x0002, 0x0006, 0x0300, 0x0000
	.2byte 0x0605, 0x0820, 0x0002, 0x0008, 0x0300, 0x0000, 0x0625, 0x0820
	.2byte 0x0002, 0x0009, 0x0300, 0x0000, 0x0645, 0x0820, 0x0003, 0x0007
	.2byte 0x0400, 0x0000, 0x0665, 0x0820, 0x0003, 0x0008, 0x0400, 0x0000
	.2byte 0x0685, 0x0820, 0x0003, 0x0009, 0x0400, 0x0000, 0x06A5, 0x0820
	.2byte 0x0007, 0x0006, 0x0300, 0x0000, 0x06C5, 0x0820, 0x0007, 0x0007
	.2byte 0x0300, 0x0000, 0x06E5, 0x0820, 0x0007, 0x0009, 0x0300, 0x0000
	.2byte 0x0705, 0x0820, 0x0008, 0x0006, 0x0400, 0x0000, 0x0725, 0x0820
	.2byte 0x0008, 0x0007, 0x0400, 0x0000, 0x0745, 0x0820, 0x0008, 0x0009
	.2byte 0x0400, 0x0000, 0x0765, 0x0820, 0x000E, 0x0006, 0x0000, 0x0000
	.2byte 0x2C92, 0x0826, 0x000F, 0x0006, 0x0000, 0x0000, 0x2C92, 0x0826
	.2byte 0x000E, 0x0007, 0x0000, 0x0000, 0x2C92, 0x0826, 0x000F, 0x0007
	.2byte 0x0000, 0x0000, 0x2C92, 0x0826, 0x000E, 0x0008, 0x0000, 0x0000
	.2byte 0x2C92, 0x0826, 0x000F, 0x0008, 0x0000, 0x0000, 0x2C92, 0x0826
	.2byte 0x0012, 0x0006, 0x0000, 0x0000, 0x2CC0, 0x0826, 0x0013, 0x0006
	.2byte 0x0000, 0x0000, 0x2CC0, 0x0826, 0x0012, 0x0007, 0x0000, 0x0000
	.2byte 0x2CC0, 0x0826, 0x0013, 0x0007, 0x0000, 0x0000, 0x2CC0, 0x0826
	.2byte 0x0012, 0x0008, 0x0000, 0x0000, 0x2CC0, 0x0826, 0x0013, 0x0008
	.2byte 0x0000, 0x0000, 0x2CC0, 0x0826, 0x020C, 0x1800, 0x8654, 0x0850
	.2byte 0x8774, 0x0850, 0x0000, 0x0000, 0x8784, 0x0850, 0x1801, 0x0000
	.2byte 0x0004, 0x0005, 0x0903, 0x0000, 0x0000, 0x0000, 0x0C5B, 0x0820
	.2byte 0x0000, 0x0000, 0x0003, 0x0008, 0x0600, 0x0002, 0x0004, 0x0008
	.2byte 0x0600, 0x0002, 0x0201, 0x0000, 0x88B8, 0x0850, 0x88D0, 0x0850
	.2byte 0x0000, 0x0000, 0x0000, 0x0000, 0x3A01, 0x0000, 0x0007, 0x0002
	.2byte 0x0803, 0x0000, 0x0000, 0x0000, 0x0DF1, 0x0820, 0x0000, 0x0000
	.2byte 0xF002, 0x0000, 0x0002, 0x0003, 0x0903, 0x0001, 0x0000, 0x0000
	.2byte 0x4D6B, 0x0825, 0x0000, 0x0000, 0x1003, 0x0000, 0x0008, 0x0006
	.2byte 0x0103, 0x0000, 0x0000, 0x0000, 0x0DFF, 0x0820, 0x0000, 0x0000
	.2byte 0x2204, 0x0000, 0x000B, 0x0004, 0x0303, 0x0010, 0x0000, 0x0000
	.2byte 0x0E08, 0x0820, 0x0000, 0x0000, 0x2305, 0x0000, 0x0002, 0x0008
	.2byte 0x0103, 0x0011, 0x0000, 0x0000, 0x0E11, 0x0820, 0x0000, 0x0000
	.2byte 0x0007, 0x0008, 0x0103, 0x0002, 0x0006, 0x0008, 0x0103, 0x0002
	.2byte 0x0001, 0x0006, 0x0004, 0x0A06, 0x0305, 0x0000, 0x88F4, 0x0850
	.2byte 0x896C, 0x0850, 0x0000, 0x0000, 0x0000, 0x0000, 0x5501, 0x0000
	.2byte 0x0006, 0x0002, 0x0800, 0x0011, 0x0000, 0x0000, 0x4185, 0x0824
	.2byte 0x0000, 0x0000, 0x5502, 0x0000, 0x0002, 0x0002, 0x0803, 0x0011
	.2byte 0x0000, 0x0000, 0x418B, 0x0824, 0x0000, 0x0000, 0x5503, 0x0000
	.2byte 0x000A, 0x0002, 0x0800, 0x0011, 0x0000, 0x0000, 0x4191, 0x0824
	.2byte 0x0000, 0x0000, 0xDF04, 0x0000, 0x0001, 0x0002, 0x0800, 0x0011
	.2byte 0x0000, 0x0000, 0x6801, 0x0824, 0x02BE, 0x0000, 0x2305, 0x0000
	.2byte 0x0008, 0x0008, 0x0703, 0x0011, 0x0000, 0x0000, 0x0EF6, 0x0820
	.2byte 0x0000, 0x0000, 0x0001, 0x0006, 0x0204, 0x0A05, 0x0005, 0x0001
	.2byte 0x0003, 0x193C, 0x0009, 0x0001, 0x0003, 0x1919, 0x0305, 0x0000
	.2byte 0x8998, 0x0850, 0x8A10, 0x0850, 0x0000, 0x0000, 0x0000, 0x0000
	.2byte 0x5301, 0x0000, 0x0001, 0x0003, 0x0A03, 0x0000, 0x0000, 0x0000
	.2byte 0x0F50, 0x0820, 0x0000, 0x0000, 0x1502, 0x0000, 0x0005, 0x0004
	.2byte 0x0A03, 0x0000, 0x0000, 0x0000, 0x0F84, 0x0820, 0x0000, 0x0000
	.2byte 0x2103, 0x0000, 0x0005, 0x0005, 0x0A03, 0x0000, 0x0000, 0x0000
	.2byte 0x0F8D, 0x0820, 0x0000, 0x0000, 0x0003, 0x0007, 0x0300, 0x0002
	.2byte 0x0004, 0x0007, 0x0300, 0x0002, 0x0203, 0x0000, 0x8A3C, 0x0850
	.2byte 0x8A84, 0x0850, 0x0000, 0x0000, 0x0000, 0x0000, 0x7401, 0x0000
	.2byte 0x0002, 0x0006, 0x0203, 0x0011, 0x0000, 0x0000, 0x104C, 0x0820
	.2byte 0x0000, 0x0000, 0x7402, 0x0000, 0x000F, 0x0005, 0x0203, 0x0012
	.2byte 0x0000, 0x0000, 0x107E, 0x0820, 0x0000, 0x0000, 0x1803, 0x0000
	.2byte 0x0005, 0x0003, 0x0803, 0x0000, 0x0000, 0x0000, 0x10B9, 0x0820
	.2byte 0x0000, 0x0000, 0x0005, 0x0008, 0x0500, 0x0003, 0x0006, 0x0008
	.2byte 0x0600, 0x0003, 0x000E, 0x0001, 0x0000, 0x0B01, 0x0003, 0x0002
	.2byte 0x0000, 0x0000, 0x10FD, 0x0820, 0x0008, 0x0002, 0x0000, 0x0000
	.2byte 0x10F4, 0x0820, 0x0303, 0x0200, 0x8AA8, 0x0850, 0x8AF0, 0x0850
	.2byte 0x0000, 0x0000, 0x8B08, 0x0850, 0x2E01, 0x0000, 0x0006, 0x0005
	.2byte 0x0703, 0x0000, 0x0000, 0x0000, 0x1441, 0x0820, 0x0000, 0x0000
	.2byte 0x2E02, 0x0000, 0x0001, 0x0005, 0x0A03, 0x0000, 0x0000, 0x0000
	.2byte 0x1458, 0x0820, 0x0000, 0x0000, 0x2E03, 0x0000, 0x0002, 0x0006
	.2byte 0x0F03, 0x0000, 0x0000, 0x0000, 0x1482, 0x0820, 0x0000, 0x0000
	.2byte 0x2E04, 0x0000, 0x000A, 0x0005, 0x0703, 0x00A0, 0x0000, 0x0000
	.2byte 0x14AC, 0x0820, 0x0000, 0x0000, 0x2E05, 0x0000, 0x000E, 0x0008
	.2byte 0x0703, 0x0011, 0x0000, 0x0000, 0x14C3, 0x0820, 0x0000, 0x0000
	.2byte 0x2E06, 0x0000, 0x000E, 0x0005, 0x0703, 0x0011, 0x0000, 0x0000
	.2byte 0x17A1, 0x0820, 0x0000, 0x0000, 0x000E, 0x0001, 0x0200, 0x0B00
	.2byte 0x0002, 0x0001, 0x0000, 0x0B02, 0x0206, 0x0000, 0x8B34, 0x0850
	.2byte 0x8BC4, 0x0850, 0x0000, 0x0000, 0x0000, 0x0000, 0x3001, 0x0000
	.2byte 0x0011, 0x0005, 0x0903, 0x0000, 0x0000, 0x0000, 0x1D68, 0x0820
	.2byte 0x0000, 0x0000, 0x1702, 0x0000, 0x0003, 0x0005, 0x0A03, 0x0000
	.2byte 0x0000, 0x0000, 0x1DDD, 0x0820, 0x03B5, 0x0000, 0x3003, 0x0000
	.2byte 0x000F, 0x0005, 0x4C03, 0x0011, 0x0000, 0x0000, 0x1D68, 0x0820
	.2byte 0x0000, 0x0000, 0x0002, 0x0001, 0x0100, 0x0B01, 0x0001, 0x0005
	.2byte 0x0003, 0x0000, 0x1DFC, 0x0820, 0x0001, 0x0007, 0x0003, 0x0000
	.2byte 0x1DFC, 0x0820, 0x0103, 0x0200, 0x8BE8, 0x0850, 0x8C30, 0x0850
	.2byte 0x0000, 0x0000, 0x8C38, 0x0850, 0x7D01, 0x0000, 0x0005, 0x0002
	.2byte 0x0803, 0x0000, 0x0000, 0x0000, 0x22C6, 0x0820, 0x0000, 0x0000
	.2byte 0x2302, 0x0000, 0x0005, 0x000D, 0x0803, 0x0000, 0x0001, 0x0002
	.2byte 0x2378, 0x0820, 0x0000, 0x0000, 0x2303, 0x0000, 0x0003, 0x0009
	.2byte 0x0903, 0x0000, 0x0001, 0x0003, 0x238F, 0x0820, 0x0000, 0x0000
	.2byte 0x1704, 0x0000, 0x0003, 0x0012, 0x0803, 0x0000, 0x0000, 0x0000
	.2byte 0x23BD, 0x0820, 0x0000, 0x0000, 0x3705, 0x0000, 0x0001, 0x0006
	.2byte 0x0803, 0x0011, 0x0001, 0x0003, 0x23A6, 0x0820, 0x0000, 0x0000
	.2byte 0x0005, 0x0013, 0x0000, 0x0003, 0x0006, 0x0013, 0x0000, 0x0003
	.2byte 0x0002, 0x0012, 0x0100, 0x0000, 0x23DC, 0x0820, 0x0008, 0x0012
	.2byte 0x0100, 0x0000, 0x23EC, 0x0820, 0x0205, 0x0200, 0x8C64, 0x0850
	.2byte 0x8CDC, 0x0850, 0x0000, 0x0000, 0x8CEC, 0x0850, 0xBD01, 0x0000
	.2byte 0x0008, 0x0006, 0x0A03, 0x0000, 0x0000, 0x0000, 0x2CD1, 0x0820
	.2byte 0x0000, 0x0000, 0xBD02, 0x0000, 0x0009, 0x0006, 0x0903, 0x0000
	.2byte 0x0000, 0x0000, 0x2CDA, 0x0820, 0x0000, 0x0000, 0x0F03, 0x0000
	.2byte 0x0003, 0x0008, 0x0703, 0x0000, 0x0000, 0x0000, 0x2CE3, 0x0820
	.2byte 0x0000, 0x0000, 0x2F04, 0x0000, 0x000A, 0x0008, 0x0703, 0x0000
	.2byte 0x0000, 0x0000, 0x2CEC, 0x0820, 0x0000, 0x0000, 0x2605, 0x0000
	.2byte 0x0003, 0x0006, 0x0803, 0x0000, 0x0000, 0x0000, 0x2CF5, 0x0820
	.2byte 0x0000, 0x0000, 0x3006, 0x0000, 0x0005, 0x0003, 0x0803, 0x0011
	.2byte 0x0000, 0x0000, 0x2D07, 0x0820, 0x0000, 0x0000, 0xDB07, 0x0000
	.2byte 0x0000, 0x000A, 0x0700, 0x0011, 0x0000, 0x0000, 0x2DB2, 0x0820
	.2byte 0x03E7, 0x0000, 0x0005, 0x000A, 0x0400, 0x0003, 0x0006, 0x000A
	.2byte 0x0400, 0x0003, 0x0005, 0x0002, 0x0000, 0x0000, 0x2C1B, 0x0820
	.2byte 0x0004, 0x0002, 0x0000, 0x0000, 0x2C1B, 0x0820, 0x0006, 0x0002
	.2byte 0x0000, 0x0000, 0x2C1B, 0x0820, 0x0007, 0x0002, 0x0000, 0x0000
	.2byte 0x2C1B, 0x0820, 0x0003, 0x0005, 0x0000, 0x0000, 0x2CFE, 0x0820
	.2byte 0x0207, 0x0500, 0x8D18, 0x0850, 0x8DC0, 0x0850, 0x0000, 0x0000
	.2byte 0x8DD0, 0x0850, 0x3A01, 0x0000, 0x0007, 0x0002, 0x0803, 0x0000
	.2byte 0x0000, 0x0000, 0x34C7, 0x0820, 0x0000, 0x0000, 0x1302, 0x0000
	.2byte 0x000B, 0x0002, 0x0903, 0x0000, 0x0000, 0x0000, 0x34D5, 0x0820
	.2byte 0x0000, 0x0000, 0x0703, 0x0000, 0x0003, 0x0004, 0x0203, 0x0011
	.2byte 0x0000, 0x0000, 0x34DE, 0x0820, 0x0000, 0x0000, 0x0E04, 0x0000
	.2byte 0x000A, 0x0006, 0x0A03, 0x0000, 0x0000, 0x0000, 0x34E7, 0x0820
	.2byte 0x0000, 0x0000, 0x0007, 0x0008, 0x0303, 0x0003, 0x0006, 0x0008
	.2byte 0x0303, 0x0003, 0x0001, 0x0006, 0x0004, 0x0B06, 0x0304, 0x0000
	.2byte 0x8E20, 0x0850, 0x8E80, 0x0850, 0x0000, 0x0000, 0x0000, 0x0000
	.2byte 0x5501, 0x0000, 0x0006, 0x0002, 0x0800, 0x0011, 0x0000, 0x0000
	.2byte 0x4185, 0x0824, 0x0000, 0x0000, 0x5502, 0x0000, 0x0002, 0x0002
	.2byte 0x0803, 0x0011, 0x0000, 0x0000, 0x418B, 0x0824, 0x0000, 0x0000
	.2byte 0x5503, 0x0000, 0x000A, 0x0002, 0x0800, 0x0011, 0x0000, 0x0000
	.2byte 0x4191, 0x0824, 0x0000, 0x0000, 0xDF04, 0x0000, 0x0001, 0x0002
	.2byte 0x0800, 0x0011, 0x0000, 0x0000, 0x6801, 0x0824, 0x02BE, 0x0000
	.2byte 0x0001, 0x0006, 0x0204, 0x0B05, 0x0005, 0x0001, 0x0003, 0x193C
	.2byte 0x0009, 0x0001, 0x0003, 0x1919, 0x0304, 0x0000, 0x8EAC, 0x0850
	.2byte 0x8F0C, 0x0850, 0x0000, 0x0000, 0x0000, 0x0000, 0x5301, 0x0000
	.2byte 0x0001, 0x0003, 0x0A03, 0x0000, 0x0000, 0x0000, 0x35E1, 0x0820
	.2byte 0x0000, 0x0000, 0x0702, 0x0000, 0x0002, 0x0005, 0x0703, 0x0000
	.2byte 0x0000, 0x0000, 0x3659, 0x0820, 0x0000, 0x0000, 0x1203, 0x0000
	.2byte 0x0008, 0x0004, 0x0303, 0x0010, 0x0000, 0x0000, 0x3650, 0x0820
	.2byte 0x0000, 0x0000, 0x2404, 0x0000, 0x0008, 0x0002, 0x0703, 0x0011
	.2byte 0x0000, 0x0000, 0x3662, 0x0820, 0x0000, 0x0000, 0x0003, 0x0007
	.2byte 0x0200, 0x0003, 0x0004, 0x0007, 0x0200, 0x0003, 0x0204, 0x0000
	.2byte 0x8F38, 0x0850, 0x8F98, 0x0850, 0x0000, 0x0000, 0x0000, 0x0000
	.2byte 0x2101, 0x0000, 0x0009, 0x0004, 0x0A03, 0x0000, 0x0000, 0x0000
	.2byte 0x3715, 0x0820, 0x0000, 0x0000, 0x2202, 0x0000, 0x000C, 0x0004
	.2byte 0x0903, 0x0000, 0x0000, 0x0000, 0x371E, 0x0820, 0x0000, 0x0000
	.2byte 0x0006, 0x0007, 0x0100, 0x0003, 0x0007, 0x0007, 0x0100, 0x0003
	.2byte 0x0002, 0x0001, 0x0000, 0x0B09, 0x0302, 0x0000, 0x8FBC, 0x0850
	.2byte 0x8FEC, 0x0850, 0x0000, 0x0000, 0x0000, 0x0000, 0x1201, 0x0000
	.2byte 0x0004, 0x0006, 0x0503, 0x0013, 0x0000, 0x0000, 0x3874, 0x0820
	.2byte 0x0000, 0x0000, 0x0602, 0x0000, 0x0009, 0x0005, 0x0803, 0x0011
	.2byte 0x0000, 0x0000, 0x0000, 0x0000, 0x0000, 0x0000, 0xA203, 0x0000
	.2byte 0x0009, 0x0004, 0x0103, 0x0011, 0x0000, 0x0000, 0x387D, 0x0820
	.2byte 0x0000, 0x0000, 0x9A04, 0x0000, 0x000A, 0x0005, 0x0103, 0x0011
	.2byte 0x0000, 0x0000, 0x387D, 0x0820, 0x0000, 0x0000, 0x9B05, 0x0000
	.2byte 0x000A, 0x0006, 0x0103, 0x0011, 0x0000, 0x0000, 0x387D, 0x0820
	.2byte 0x0000, 0x0000, 0x1306, 0x0000, 0x0008, 0x0005, 0x0A03, 0x0011
	.2byte 0x0000, 0x0000, 0x3771, 0x0820, 0x0000, 0x0000, 0x9C07, 0x0000
	.2byte 0x0008, 0x0006, 0x0103, 0x0011, 0x0000, 0x0000, 0x387D, 0x0820
	.2byte 0x0000, 0x0000, 0x8F08, 0x0000, 0x0009, 0x0007, 0x0103, 0x0011
	.2byte 0x0000, 0x0000, 0x387D, 0x0820, 0x0000, 0x0000, 0x0002, 0x0001
	.2byte 0x0200, 0x0B08, 0x0108, 0x0000, 0x9018, 0x0850, 0x90D8, 0x0850
	.2byte 0x0000, 0x0000, 0x0000, 0x0000, 0x1F01, 0x0000, 0x0006, 0x0004
	.2byte 0x0903, 0x0000, 0x0000, 0x0000, 0x3BC9, 0x0820, 0x0000, 0x0000
	.2byte 0x3702, 0x0000, 0x0009, 0x0002, 0x0803, 0x0000, 0x0000, 0x0000
	.2byte 0x3C69, 0x0820, 0x0000, 0x0000, 0x0005, 0x0007, 0x0700, 0x0003
	.2byte 0x0006, 0x0007, 0x0700, 0x0003, 0x0202, 0x0000, 0x90F4, 0x0850
	.2byte 0x9124, 0x0850, 0x0000, 0x0000, 0x0000, 0x0000, 0x1901, 0x0000
	.2byte 0x0007, 0x0005, 0x0A03, 0x0000, 0x0000, 0x0000, 0x3D7D, 0x0820
	.2byte 0x0000, 0x0000, 0x2F02, 0x0000, 0x0009, 0x0002, 0x0503, 0x0001
	.2byte 0x0000, 0x0000, 0x3DB3, 0x0820, 0x0000, 0x0000, 0x0005, 0x0008
	.2byte 0x0800, 0x0003, 0x0006, 0x0008, 0x0800, 0x0003, 0x0202, 0x0000
	.2byte 0x9148, 0x0850, 0x9178, 0x0850, 0x0000, 0x0000, 0x0000, 0x0000
	.2byte 0x1201, 0x0000, 0x0004, 0x0004, 0x0803, 0x0000, 0x0000, 0x0000
	.2byte 0x3F16, 0x0820, 0x0000, 0x0000, 0x0C02, 0x0000, 0x0004, 0x0005
	.2byte 0x0703, 0x0000, 0x0000, 0x0000, 0x3F1F, 0x0820, 0x0000, 0x0000
	.2byte 0x0005, 0x0008, 0x0900, 0x0003, 0x0006, 0x0008, 0x0900, 0x0003
	.2byte 0x0202, 0x0000, 0x919C, 0x0850, 0x91CC, 0x0850, 0x0000, 0x0000
	.2byte 0x0000, 0x0000, 0xCB01, 0x0000, 0x000B, 0x0004, 0x0903, 0x0000
	.2byte 0x0000, 0x0000, 0x3FA3, 0x0820, 0x0000, 0x0000, 0x1E02, 0x0000
	.2byte 0x0008, 0x0004, 0x0A03, 0x0000, 0x0000, 0x0000, 0x3F9A, 0x0820
	.2byte 0x0000, 0x0000, 0x0002, 0x0008, 0x0A00, 0x0003, 0x0003, 0x0008
	.2byte 0x0A00, 0x0003, 0x0003, 0x0001, 0x0000, 0x0B0E, 0x0302, 0x0000
	.2byte 0x91F0, 0x0850, 0x9220, 0x0850, 0x0000, 0x0000, 0x0000, 0x0000
	.2byte 0x1D01, 0x0000, 0x000B, 0x0004, 0x0A03, 0x0000, 0x0000, 0x0000
	.2byte 0x3FE9, 0x0820, 0x0000, 0x0000, 0x0502, 0x0000, 0x0007, 0x0003
	.2byte 0x0503, 0x0002, 0x0000, 0x0000, 0x3FF2, 0x0820, 0x0000, 0x0000
	.2byte 0x0003, 0x0001, 0x0200, 0x0B0D, 0x0001, 0x0001, 0x0000, 0x0B0F
	.2byte 0x0202, 0x0000, 0x924C, 0x0850, 0x927C, 0x0850, 0x0000, 0x0000
	.2byte 0x0000, 0x0000, 0x7401, 0x0000, 0x0007, 0x0003, 0x0503, 0x0002
	.2byte 0x0000, 0x0000, 0x40B6, 0x0820, 0x0000, 0x0000, 0x1002, 0x0000
	.2byte 0x000C, 0x0002, 0x0803, 0x0000, 0x0000, 0x0000, 0x40BF, 0x0820
	.2byte 0x0000, 0x0000, 0x0001, 0x0001, 0x0100, 0x0B0E, 0x0102, 0x0000
	.2byte 0x92A0, 0x0850, 0x92D0, 0x0850, 0x0000, 0x0000, 0x0000, 0x0000
	.2byte 0x1D01, 0x0000, 0x0004, 0x0005, 0x0A03, 0x0000, 0x0000, 0x0000
	.2byte 0x4118, 0x0820, 0x0000, 0x0000, 0x1E02, 0x0000, 0x0007, 0x0005
	.2byte 0x0903, 0x0000, 0x0000, 0x0000, 0x4121, 0x0820, 0x0000, 0x0000
	.2byte 0xD103, 0x0000, 0x0004, 0x0004, 0x0803, 0x0000, 0x0000, 0x0000
	.2byte 0x412A, 0x0820, 0x0000, 0x0000, 0x0005, 0x0008, 0x0B00, 0x0003
	.2byte 0x0006, 0x0008, 0x0B00, 0x0003, 0x0203, 0x0000, 0x92EC, 0x0850
	.2byte 0x9334, 0x0850, 0x0000, 0x0000, 0x0000, 0x0000, 0x0501, 0x0000
	.2byte 0x0001, 0x0003, 0x0A03, 0x0000, 0x0000, 0x0000, 0x41CB, 0x0820
	.2byte 0x0000, 0x0000, 0xD002, 0x0000, 0x0002, 0x0003, 0x0903, 0x0000
	.2byte 0x0000, 0x0000, 0x4278, 0x0820, 0x0000, 0x0000, 0x1603, 0x0000
	.2byte 0x0007, 0x0004, 0x0103, 0x0011, 0x0000, 0x0000, 0x426F, 0x0820
	.2byte 0x0000, 0x0000, 0x0003, 0x0005, 0x0100, 0x0004, 0x0004, 0x0005
	.2byte 0x0100, 0x0004, 0x0203, 0x0000, 0x9358, 0x0850, 0x93A0, 0x0850
	.2byte 0x0000, 0x0000, 0x0000, 0x0000, 0x8201, 0x0000, 0x000F, 0x0002
	.2byte 0x0803, 0x0000, 0x0000, 0x0000, 0x43BB, 0x0820, 0x0000, 0x0000
	.2byte 0x4202, 0x0000, 0x0004, 0x000E, 0x0803, 0x0000, 0x0001, 0x0003
	.2byte 0x449B, 0x0820, 0x0000, 0x0000, 0x1F03, 0x0000, 0x000A, 0x000A
	.2byte 0x0903, 0x0000, 0x0001, 0x0002, 0x44C9, 0x0820, 0x0000, 0x0000
	.2byte 0x2004, 0x0000, 0x0005, 0x0011, 0x0903, 0x0000, 0x0001, 0x0001
	.2byte 0x44E0, 0x0820, 0x0000, 0x0000, 0x4205, 0x0000, 0x0009, 0x0008
	.2byte 0x0803, 0x0000, 0x0001, 0x0002, 0x44B2, 0x0820, 0x0000, 0x0000
	.2byte 0x1706, 0x0000, 0x000F, 0x0015, 0x0803, 0x0000, 0x0000, 0x0000
	.2byte 0x4525, 0x0820, 0x0000, 0x0000, 0x4207, 0x0000, 0x0004, 0x0017
	.2byte 0x0A03, 0x0011, 0x0001, 0x0001, 0x44F7, 0x0820, 0x0000, 0x0000
	.2byte 0x4208, 0x0000, 0x0001, 0x000A, 0x0703, 0x0011, 0x0001, 0x0003
	.2byte 0x450E, 0x0820, 0x0000, 0x0000, 0x000F, 0x0018, 0x0200, 0x0004
	.2byte 0x0010, 0x0018, 0x0200, 0x0004, 0x000E, 0x0015, 0x0100, 0x0000
	.2byte 0x4544, 0x0820, 0x0011, 0x0015, 0x0100, 0x0000, 0x4554, 0x0820
	.2byte 0x0208, 0x0200, 0x93C4, 0x0850, 0x9484, 0x0850, 0x0000, 0x0000
	.2byte 0x9494, 0x0850, 0x3A01, 0x0000, 0x0007, 0x0002, 0x0803, 0x0000
	.2byte 0x0000, 0x0000, 0x4C6C, 0x0820, 0x0000, 0x0000, 0x3002, 0x0000
	.2byte 0x0004, 0x0007, 0x0103, 0x0000, 0x0000, 0x0000, 0x4C7A, 0x0820
	.2byte 0x0000, 0x0000, 0x2103, 0x0000, 0x0008, 0x0005, 0x0103, 0x0000
	.2byte 0x0000, 0x0000, 0x4C83, 0x0820, 0x0000, 0x0000, 0x0D04, 0x0000
	.2byte 0x0002, 0x0003, 0x0803, 0x0011, 0x0000, 0x0000, 0x4C8C, 0x0820
	.2byte 0x0000, 0x0000, 0x0007, 0x0008, 0x0003, 0x0004, 0x0006, 0x0008
	.2byte 0x0003, 0x0004, 0x0001, 0x0006, 0x0004, 0x0C03, 0x0304, 0x0000
	.2byte 0x94C0, 0x0850, 0x9520, 0x0850, 0x0000, 0x0000, 0x0000, 0x0000
	.2byte 0x5501, 0x0000, 0x0006, 0x0002, 0x0800, 0x0011, 0x0000, 0x0000
	.2byte 0x4185, 0x0824, 0x0000, 0x0000, 0x5502, 0x0000, 0x0002, 0x0002
	.2byte 0x0803, 0x0011, 0x0000, 0x0000, 0x418B, 0x0824, 0x0000, 0x0000
	.2byte 0x5503, 0x0000, 0x000A, 0x0002, 0x0800, 0x0011, 0x0000, 0x0000
	.2byte 0x4191, 0x0824, 0x0000, 0x0000, 0xDF04, 0x0000, 0x0001, 0x0002
	.2byte 0x0800, 0x0011, 0x0000, 0x0000, 0x6801, 0x0824, 0x02BE, 0x0000
	.2byte 0x0001, 0x0006, 0x0204, 0x0C02, 0x0005, 0x0001, 0x0003, 0x193C
	.2byte 0x0009, 0x0001, 0x0003, 0x1919, 0x0304, 0x0000, 0x954C, 0x0850
	.2byte 0x95AC, 0x0850, 0x0000, 0x0000, 0x0000, 0x0000, 0x5301, 0x0000
	.2byte 0x0001, 0x0003, 0x0A03, 0x0000, 0x0000, 0x0000, 0x4DBE, 0x0820
	.2byte 0x0000, 0x0000, 0x1402, 0x0000, 0x0009, 0x0003, 0x0703, 0x0000
	.2byte 0x0000, 0x0000, 0x4DF0, 0x0820, 0x0000, 0x0000, 0x0E03, 0x0000
	.2byte 0x0008, 0x0005, 0x0203, 0x0011, 0x0000, 0x0000, 0x4DF9, 0x0820
	.2byte 0x0000, 0x0000, 0x0904, 0x0000, 0x0005, 0x0006, 0x0A03, 0x0011
	.2byte 0x0000, 0x0000, 0x4E02, 0x0820, 0x0000, 0x0000, 0x0003, 0x0007
	.2byte 0x0300, 0x0004, 0x0004, 0x0007, 0x0300, 0x0004, 0x0204, 0x0000
	.2byte 0x95D8, 0x0850, 0x9638, 0x0850, 0x0000, 0x0000, 0x0000, 0x0000
	.2byte 0x1601, 0x0000, 0x0002, 0x0003, 0x0503, 0x0001, 0x0000, 0x0000
	.2byte 0x4E9C, 0x0820, 0x0000, 0x0000, 0x1502, 0x0000, 0x0006, 0x0003
	.2byte 0x0903, 0x0001, 0x0000, 0x0000, 0x6A3A, 0x0827, 0x0000, 0x0000
	.2byte 0x0003, 0x0005, 0x0400, 0x0004, 0x0004, 0x0005, 0x0400, 0x0004
	.2byte 0x0202, 0x0000, 0x965C, 0x0850, 0x968C, 0x0850, 0x0000, 0x0000
	.2byte 0x0000, 0x0000, 0x2701, 0x0000, 0x0000, 0x0003, 0x0A03, 0x0000
	.2byte 0x0000, 0x0000, 0x50D1, 0x0820, 0x0000, 0x0000, 0x2602, 0x0000
	.2byte 0x0005, 0x0004, 0x0203, 0x0011, 0x0000, 0x0000, 0x50DA, 0x0820
	.2byte 0x0000, 0x0000, 0x0003, 0x0005, 0x0500, 0x0004, 0x0004, 0x0005
	.2byte 0x0500, 0x0004, 0x0202, 0x0000, 0x96B0, 0x0850, 0x96E0, 0x0850
	.2byte 0x0000, 0x0000, 0x0000, 0x0000, 0x1A01, 0x0000, 0x0006, 0x0004
	.2byte 0x0203, 0x0011, 0x0000, 0x0000, 0x51A3, 0x0820, 0x0000, 0x0000
	.2byte 0x0D02, 0x0000, 0x0001, 0x0003, 0x0803, 0x0000, 0x0000, 0x0000
	.2byte 0x51AC, 0x0820, 0x0000, 0x0000, 0xD303, 0x0000, 0x0002, 0x0003
	.2byte 0x0803, 0x0000, 0x0000, 0x0000, 0x5242, 0x0820, 0x03A5, 0x0000
	.2byte 0x0003, 0x0005, 0x0600, 0x0004, 0x0004, 0x0005, 0x0600, 0x0004
	.2byte 0x0203, 0x0000, 0x9704, 0x0850, 0x974C, 0x0850, 0x0000, 0x0000
	.2byte 0x0000, 0x0000, 0x1201, 0x0000, 0x0006, 0x0004, 0x1403, 0x0000
	.2byte 0x0000, 0x0000, 0x5344, 0x0820, 0x0000, 0x0000, 0xD002, 0x0000
	.2byte 0x0006, 0x0003, 0x0803, 0x0000, 0x0000, 0x0000, 0x5356, 0x0820
	.2byte 0x0000, 0x0000, 0x1303, 0x0000, 0x0002, 0x0004, 0x0A03, 0x0000
	.2byte 0x0000, 0x0000, 0x534D, 0x0820, 0x0000, 0x0000, 0x0003, 0x0005
	.2byte 0x0700, 0x0004, 0x0004, 0x0005, 0x0700, 0x0004, 0x0203, 0x0000
	.2byte 0x9770, 0x0850, 0x97B8, 0x0850, 0x0000, 0x0000, 0x0000, 0x0000
	.2byte 0x1901, 0x0000, 0x0006, 0x0005, 0x0103, 0x0011, 0x0000, 0x0000
	.2byte 0x53F1, 0x0820, 0x0000, 0x0000, 0x0E02, 0x0000, 0x0000, 0x0004
	.2byte 0x0903, 0x0000, 0x0000, 0x0000, 0x53FA, 0x0820, 0x0000, 0x0000
	.2byte 0x5303, 0x0000, 0x0001, 0x0002, 0x0803, 0x0000, 0x0000, 0x0000
	.2byte 0x5403, 0x0820, 0x0000, 0x0000, 0x5304, 0x0000, 0x0006, 0x0002
	.2byte 0x0803, 0x0000, 0x0000, 0x0000, 0x5430, 0x0820, 0x0000, 0x0000
	.2byte 0x0003, 0x0005, 0x0800, 0x0004, 0x0004, 0x0005, 0x0800, 0x0004
	.2byte 0x0204, 0x0000, 0x97DC, 0x0850, 0x983C, 0x0850, 0x0000, 0x0000
	.2byte 0x0000, 0x0000, 0x1301, 0x0000, 0x000A, 0x0003, 0x0703, 0x0000
	.2byte 0x0000, 0x0000, 0x54FD, 0x0820, 0x0000, 0x0000, 0x0005, 0x0008
	.2byte 0x0100, 0x0005, 0x0006, 0x0008, 0x0100, 0x0005, 0x0002, 0x0001
	.2byte 0x0000, 0x0D01, 0x000A, 0x0002, 0x0003, 0x4001, 0x0000, 0x0000
	.2byte 0x5585, 0x0820, 0x0301, 0x0001, 0x9860, 0x0850, 0x9878, 0x0850
	.2byte 0x9890, 0x0850, 0x0000, 0x0000, 0x2101, 0x0000, 0x0004, 0x0006
	.2byte 0x0903, 0x0000, 0x0000, 0x0000, 0x5888, 0x0820, 0x039D, 0x0000
	.2byte 0x2E02, 0x0000, 0x0001, 0x0004, 0x0A03, 0x0000, 0x0000, 0x0000
	.2byte 0x58DE, 0x0820, 0x039D, 0x0000, 0x1103, 0x0000, 0x0007, 0x0007
	.2byte 0x0A03, 0x0000, 0x0000, 0x0000, 0x58E7, 0x0820, 0x039D, 0x0000
	.2byte 0x4104, 0x0000, 0x000A, 0x0003, 0x0903, 0x0000, 0x0000, 0x0000
	.2byte 0x58D5, 0x0820, 0x039D, 0x0000, 0xBD05, 0x0000, 0x0007, 0x0003
	.2byte 0x0803, 0x0011, 0x0000, 0x0000, 0x58F9, 0x0820, 0x039D, 0x0000
	.2byte 0x1406, 0x0000, 0x0004, 0x0004, 0x0903, 0x0011, 0x0000, 0x0000
	.2byte 0x58F0, 0x0820, 0x039D, 0x0000, 0xDB07, 0x0000, 0x0001, 0x0007
	.2byte 0x0A03, 0x0000, 0x0000, 0x0000, 0x5902, 0x0820, 0x0313, 0x0000
	.2byte 0x0002, 0x0001, 0x0200, 0x0D00, 0x0107, 0x0000, 0x98B4, 0x0850
	.2byte 0x995C, 0x0850, 0x0000, 0x0000, 0x0000, 0x0000, 0x2D01, 0x0000
	.2byte 0x0005, 0x000C, 0x0A03, 0x0000, 0x0000, 0x0000, 0x5BE3, 0x0820
	.2byte 0x0000, 0x0000, 0x3002, 0x0000, 0x0010, 0x0002, 0x0803, 0x0000
	.2byte 0x0000, 0x0000, 0x5BEC, 0x0820, 0x0307, 0x0000, 0x2603, 0x0000
	.2byte 0x000D, 0x0007, 0x0A03, 0x0000, 0x0000, 0x0000, 0x5D1F, 0x0820
	.2byte 0x0000, 0x0000, 0x6304, 0x0000, 0x000D, 0x000A, 0x0503, 0x0002
	.2byte 0x0000, 0x0000, 0x5D28, 0x0820, 0x0000, 0x0000, 0x0505, 0x0000
	.2byte 0x0002, 0x0008, 0x0703, 0x0000, 0x0000, 0x0000, 0x5D31, 0x0820
	.2byte 0x0000, 0x0000, 0x1A06, 0x0000, 0x0003, 0x0008, 0x0703, 0x0000
	.2byte 0x0000, 0x0000, 0x5D3A, 0x0820, 0x0000, 0x0000, 0x1407, 0x0000
	.2byte 0x000B, 0x0003, 0x0203, 0x0011, 0x0000, 0x0000, 0x5D43, 0x0820
	.2byte 0x0308, 0x0000, 0x6308, 0x0000, 0x0013, 0x0003, 0x0703, 0x0000
	.2byte 0x0000, 0x0000, 0x5D55, 0x0820, 0x030B, 0x0000, 0x1109, 0x0000
	.2byte 0x0002, 0x0002, 0x0203, 0x0022, 0x0000, 0x0000, 0x5D6C, 0x0820
	.2byte 0x030C, 0x0000, 0x250A, 0x0000, 0x0006, 0x0002, 0x0203, 0x0011
	.2byte 0x0000, 0x0000, 0x5D4C, 0x0820, 0x030A, 0x0000, 0x0009, 0x000D
	.2byte 0x0300, 0x0005, 0x000A, 0x000D, 0x0D00, 0x0005, 0x0010, 0x0001
	.2byte 0x0000, 0x0D03, 0x0001, 0x0001, 0x0000, 0x0000, 0x5CD7, 0x0820
	.2byte 0x0002, 0x0001, 0x0000, 0x0000, 0x5CD7, 0x0820, 0x0005, 0x0001
	.2byte 0x0000, 0x0000, 0x5CFB, 0x0820, 0x0006, 0x0001, 0x0000, 0x0000
	.2byte 0x5CFB, 0x0820, 0x0009, 0x0001, 0x0000, 0x0000, 0x5CCE, 0x0820
	.2byte 0x0003, 0x0006, 0x0000, 0x0000, 0x5CE0, 0x0820, 0x0002, 0x0006
	.2byte 0x0000, 0x0000, 0x5CE0, 0x0820, 0x000F, 0x000C, 0x0000, 0x0000
	.2byte 0x5D04, 0x0820, 0x000B, 0x0001, 0x0000, 0x0000, 0x5CCE, 0x0820
	.2byte 0x0006, 0x0006, 0x0000, 0x0000, 0x5CF2, 0x0820, 0x0011, 0x0009
	.2byte 0x0000, 0x0000, 0x5D16, 0x0820, 0x0013, 0x0001, 0x0000, 0x0000
	.2byte 0x5CE9, 0x0820, 0x0014, 0x0001, 0x0000, 0x0000, 0x5CE9, 0x0820
	.2byte 0x0012, 0x0009, 0x0000, 0x0000, 0x5D16, 0x0820, 0x0012, 0x000B
	.2byte 0x0000, 0x0000, 0x5D0D, 0x0820, 0x0010, 0x0009, 0x0000, 0x0000
	.2byte 0x5D16, 0x0820, 0x030A, 0x1000, 0x9978, 0x0850, 0x9A68, 0x0850
	.2byte 0x0000, 0x0000, 0x9A80, 0x0850, 0x3001, 0x0000, 0x000A, 0x0008
	.2byte 0x0703, 0x0000, 0x0000, 0x0000, 0x6312, 0x0820, 0x0000, 0x0000
	.2byte 0x0A02, 0x0000, 0x0013, 0x000A, 0x0203, 0x0011, 0x0000, 0x0000
	.2byte 0x6436, 0x0820, 0x0309, 0x0000, 0x1503, 0x0000, 0x0007, 0x0003
	.2byte 0x0203, 0x0011, 0x0000, 0x0000, 0x643F, 0x0820, 0x030C, 0x0000
	.2byte 0x0F04, 0x0000, 0x000E, 0x0006, 0x0203, 0x0011, 0x0000, 0x0000
	.2byte 0x6448, 0x0820, 0x030C, 0x0000, 0x000D, 0x0001, 0x0200, 0x0D02
	.2byte 0x000E, 0x000A, 0x0000, 0x0000, 0x63D7, 0x0820, 0x000F, 0x000A
	.2byte 0x0000, 0x0000, 0x63D7, 0x0820, 0x0003, 0x0006, 0x0000, 0x0000
	.2byte 0x63EA, 0x0820, 0x0002, 0x0006, 0x0000, 0x0000, 0x63EA, 0x0820
	.2byte 0x000A, 0x0006, 0x0000, 0x0000, 0x63FD, 0x0820, 0x000B, 0x0006
	.2byte 0x0000, 0x0000, 0x63FD, 0x0820, 0x0013, 0x0006, 0x0000, 0x0000
	.2byte 0x6410, 0x0820, 0x0012, 0x0006, 0x0000, 0x0000, 0x6410, 0x0820
	.2byte 0x0006, 0x000A, 0x0000, 0x0000, 0x6423, 0x0820, 0x0007, 0x000A
	.2byte 0x0000, 0x0000, 0x6423, 0x0820, 0x000B, 0x0002, 0x0000, 0x0000
	.2byte 0x5D04, 0x0820, 0x000F, 0x0002, 0x0000, 0x0000, 0x5D04, 0x0820
	.2byte 0x0104, 0x0C00, 0x9B54, 0x0850, 0x9BB4, 0x0850, 0x0000, 0x0000
	.2byte 0x9BBC, 0x0850, 0x5501, 0x0000, 0x000E, 0x0002, 0x0803, 0x0011
	.2byte 0x0000, 0x0000, 0x6C14, 0x0820, 0x0000, 0x0000, 0x5502, 0x0000
	.2byte 0x000F, 0x0002, 0x0803, 0x0011, 0x0000, 0x0000, 0x6EC6, 0x0820
	.2byte 0x0000, 0x0000, 0x4103, 0x0000, 0x001A, 0x0009, 0x0A03, 0x0000
	.2byte 0x0000, 0x0000, 0x90D2, 0x0825, 0x0000, 0x0000, 0x6304, 0x0000
	.2byte 0x0009, 0x0001, 0x0100, 0x0000, 0x0000, 0x0000, 0x0000, 0x0000
	.2byte 0x0306, 0x0000, 0x2C05, 0x0000, 0x0012, 0x0008, 0x0203, 0x0011
	.2byte 0x0000, 0x0000, 0x6DC8, 0x0820, 0x0000, 0x0000, 0x0A06, 0x0000
	.2byte 0x0004, 0x0009, 0x0203, 0x0022, 0x0000, 0x0000, 0x6DD1, 0x0820
	.2byte 0x0000, 0x0000, 0x6307, 0x0000, 0x0003, 0x0004, 0x0203, 0x0011
	.2byte 0x0000, 0x0000, 0x6DDA, 0x0820, 0x0000, 0x0000, 0x4308, 0x0000
	.2byte 0x000D, 0x000A, 0x0A03, 0x0000, 0x0000, 0x0000, 0x3E71, 0x0825
	.2byte 0x0322, 0x0000, 0x0709, 0x0000, 0x0017, 0x0008, 0x0803, 0x0000
	.2byte 0x0000, 0x0000, 0x6E28, 0x0820, 0x0000, 0x0000, 0x060A, 0x0000
	.2byte 0x001C, 0x0009, 0x0903, 0x0000, 0x0000, 0x0000, 0x90E4, 0x0825
	.2byte 0x0000, 0x0000, 0x630B, 0x0000, 0x0015, 0x0001, 0x0800, 0x0000
	.2byte 0x0000, 0x0000, 0x0000, 0x0000, 0x037F, 0x0000, 0x320C, 0x0000
	.2byte 0x0005, 0x0006, 0x0203, 0x0011, 0x0000, 0x0000, 0x6DEC, 0x0820
	.2byte 0x0000, 0x0000, 0x110D, 0x0000, 0x0000, 0x0008, 0x0A03, 0x0000
	.2byte 0x0000, 0x0000, 0x6DE3, 0x0820, 0x0000, 0x0000, 0x050E, 0x0000
	.2byte 0x0008, 0x0007, 0x0303, 0x0010, 0x0000, 0x0000, 0x6DF5, 0x0820
	.2byte 0x0000, 0x0000, 0x120F, 0x0000, 0x0016, 0x0009, 0x0A03, 0x0000
	.2byte 0x0000, 0x0000, 0x90DB, 0x0825, 0x0000, 0x0000, 0x1510, 0x0000
	.2byte 0x001A, 0x0005, 0x0A03, 0x0000, 0x0000, 0x0000, 0x90ED, 0x0825
	.2byte 0x0369, 0x0000, 0x0811, 0x0000, 0x0018, 0x0009, 0x0903, 0x0000
	.2byte 0x0000, 0x0000, 0x6E31, 0x0820, 0x0000, 0x0000, 0x4212, 0x0000
	.2byte 0x001B, 0x0003, 0x0803, 0x0011, 0x0000, 0x0000, 0x6E73, 0x0820
	.2byte 0x0340, 0x0000, 0x1F13, 0x0000, 0x001C, 0x0003, 0x0803, 0x0011
	.2byte 0x0000, 0x0000, 0x6E7E, 0x0820, 0x0340, 0x0000, 0x0C14, 0x0000
	.2byte 0x001C, 0x0007, 0x0703, 0x0011, 0x0000, 0x0000, 0x6E89, 0x0820
	.2byte 0x0340, 0x0000, 0x7315, 0x0000, 0x001A, 0x0007, 0x0703, 0x0011
	.2byte 0x0000, 0x0000, 0x6E99, 0x0820, 0x0340, 0x0000, 0x1016, 0x0000
	.2byte 0x001B, 0x0007, 0x0703, 0x0011, 0x0000, 0x0000, 0x6EA9, 0x0820
	.2byte 0x0340, 0x0000, 0x0517, 0x0000, 0x001A, 0x0003, 0x0803, 0x0011
	.2byte 0x0000, 0x0000, 0x6E68, 0x0820, 0x0340, 0x0000, 0x1D18, 0x0000
	.2byte 0x001A, 0x0005, 0x0A03, 0x0011, 0x0000, 0x0000, 0x6E58, 0x0820
	.2byte 0x0340, 0x0000, 0x0C19, 0x0000, 0x0009, 0x000A, 0x0A03, 0x0022
	.2byte 0x0000, 0x0000, 0x73B1, 0x0820, 0x0000, 0x0000, 0x000E, 0x000B
	.2byte 0x0400, 0x0005, 0x000F, 0x000B, 0x0400, 0x0005, 0x0009, 0x0001
	.2byte 0x0000, 0x0D05, 0x0015, 0x0001, 0x0100, 0x0D05, 0x0017, 0x0005
	.2byte 0x0000, 0x0000, 0x9185, 0x0825, 0x0017, 0x0009, 0x0000, 0x0000
	.2byte 0x8F4E, 0x0825, 0x0017, 0x0001, 0x0000, 0x0000, 0x6E13, 0x0820
	.2byte 0x0019, 0x0001, 0x0000, 0x0000, 0x6E1A, 0x0820, 0x001B, 0x0001
	.2byte 0x0000, 0x0000, 0x6E21, 0x0820, 0x001E, 0x0001, 0x0000, 0x0000
	.2byte 0x6E3A, 0x0820, 0x0003, 0x0001, 0x0000, 0x0000, 0x6DFE, 0x0820
	.2byte 0x0005, 0x0001, 0x0000, 0x0000, 0x6E05, 0x0820, 0x0007, 0x0001
	.2byte 0x0000, 0x0000, 0x6E0C, 0x0820, 0x001B, 0x0005, 0x0000, 0x0000
	.2byte 0x8D6E, 0x0825, 0x001B, 0x0009, 0x0000, 0x0000, 0x8E7D, 0x0825
	.2byte 0x0012, 0x0003, 0x0000, 0x0000, 0x6E44, 0x0820, 0x0419, 0x0C00
	.2byte 0x9C60, 0x0850, 0x9EB8, 0x0850, 0x0000, 0x0000, 0x9ED8, 0x0850
	.2byte 0x0701, 0x0000, 0x001E, 0x001E, 0x0203, 0x0044, 0x0000, 0x0000
	.2byte 0x77BA, 0x0820, 0x0000, 0x0000, 0x0D02, 0x0000, 0x000B, 0x0007
	.2byte 0x0203, 0x0033, 0x0000, 0x0000, 0x77C3, 0x0820, 0x0000, 0x0000
	.2byte 0x0E03, 0x0000, 0x0028, 0x0008, 0x0203, 0x0022, 0x0000, 0x0000
	.2byte 0x77CC, 0x0820, 0x0000, 0x0000, 0x1804, 0x0000, 0x000C, 0x0016
	.2byte 0x0803, 0x0000, 0x0000, 0x0000, 0x77DE, 0x0820, 0x0000, 0x0000
	.2byte 0xBE05, 0x0000, 0x000F, 0x0016, 0x0803, 0x0000, 0x0000, 0x0000
	.2byte 0x77F5, 0x0820, 0x0000, 0x0000, 0x2C06, 0x0000, 0x000A, 0x0019
	.2byte 0x0703, 0x0000, 0x0000, 0x0000, 0x780C, 0x0820, 0x0000, 0x0000
	.2byte 0x1507, 0x0000, 0x000C, 0x0019, 0x0703, 0x0000, 0x0000, 0x0000
	.2byte 0x7823, 0x0820, 0x0000, 0x0000, 0x2708, 0x0000, 0x000E, 0x0019
	.2byte 0x0703, 0x0000, 0x0000, 0x0000, 0x783A, 0x0820, 0x0000, 0x0000
	.2byte 0x1C09, 0x0000, 0x0010, 0x0019, 0x0703, 0x0000, 0x0000, 0x0000
	.2byte 0x7851, 0x0820, 0x0000, 0x0000, 0x160A, 0x0000, 0x0008, 0x0018
	.2byte 0x0A03, 0x0000, 0x0000, 0x0000, 0x7868, 0x0820, 0x0000, 0x0000
	.2byte 0x220B, 0x0000, 0x0012, 0x0018, 0x0903, 0x0000, 0x0000, 0x0000
	.2byte 0x789F, 0x0820, 0x0000, 0x0000, 0x070C, 0x0000, 0x0008, 0x0016
	.2byte 0x0A03, 0x0000, 0x0000, 0x0000, 0x7871, 0x0820, 0x0000, 0x0000
	.2byte 0x180D, 0x0000, 0x0018, 0x000A, 0x0803, 0x0000, 0x0000, 0x0000
	.2byte 0x78B6, 0x0820, 0x0000, 0x0000, 0xBE0E, 0x0000, 0x001B, 0x000A
	.2byte 0x0803, 0x0000, 0x0000, 0x0000, 0x78CD, 0x0820, 0x0000, 0x0000
	.2byte 0x1A0F, 0x0000, 0x0016, 0x000D, 0x0703, 0x0000, 0x0000, 0x0000
	.2byte 0x78E4, 0x0820, 0x0000, 0x0000, 0x0610, 0x0000, 0x0018, 0x000D
	.2byte 0x0703, 0x0000, 0x0000, 0x0000, 0x78FB, 0x0820, 0x0000, 0x0000
	.2byte 0x2511, 0x0000, 0x001A, 0x000D, 0x0703, 0x0000, 0x0000, 0x0000
	.2byte 0x7912, 0x0820, 0x0000, 0x0000, 0x1212, 0x0000, 0x001C, 0x000D
	.2byte 0x0703, 0x0000, 0x0000, 0x0000, 0x7929, 0x0820, 0x0000, 0x0000
	.2byte 0x1413, 0x0000, 0x0014, 0x000A, 0x0A03, 0x0000, 0x0000, 0x0000
	.2byte 0x7940, 0x0820, 0x0000, 0x0000, 0x1014, 0x0000, 0x001E, 0x000B
	.2byte 0x0903, 0x0000, 0x0000, 0x0000, 0x796E, 0x0820, 0x0000, 0x0000
	.2byte 0x1315, 0x0000, 0x001A, 0x0008, 0x0803, 0x0000, 0x0000, 0x0000
	.2byte 0x7957, 0x0820, 0x0000, 0x0000, 0x1F16, 0x0000, 0x000D, 0x0014
	.2byte 0x0803, 0x0000, 0x0000, 0x0000, 0x7888, 0x0820, 0x0000, 0x0000
	.2byte 0x1817, 0x0000, 0x0024, 0x0016, 0x0803, 0x0000, 0x0000, 0x0000
	.2byte 0x7985, 0x0820, 0x0000, 0x0000, 0xBE18, 0x0000, 0x0027, 0x0016
	.2byte 0x0803, 0x0000, 0x0000, 0x0000, 0x799C, 0x0820, 0x0000, 0x0000
	.2byte 0x0919, 0x0000, 0x0022, 0x0019, 0x0703, 0x0000, 0x0000, 0x0000
	.2byte 0x79B3, 0x0820, 0x0000, 0x0000, 0x0A1A, 0x0000, 0x0024, 0x0019
	.2byte 0x0703, 0x0000, 0x0000, 0x0000, 0x79CA, 0x0820, 0x0000, 0x0000
	.2byte 0x0D1B, 0x0000, 0x0026, 0x0019, 0x0703, 0x0000, 0x0000, 0x0000
	.2byte 0x79E1, 0x0820, 0x0000, 0x0000, 0x161C, 0x0000, 0x0028, 0x0019
	.2byte 0x0703, 0x0000, 0x0000, 0x0000, 0x79F8, 0x0820, 0x0000, 0x0000
	.2byte 0x141D, 0x0000, 0x0020, 0x0017, 0x0A03, 0x0000, 0x0000, 0x0000
	.2byte 0x7A0F, 0x0820, 0x0000, 0x0000, 0x131E, 0x0000, 0x0025, 0x0014
	.2byte 0x0803, 0x0000, 0x0000, 0x0000, 0x7A51, 0x0820, 0x0000, 0x0000
	.2byte 0x0C1F, 0x0000, 0x002A, 0x0018, 0x0903, 0x0000, 0x0000, 0x0000
	.2byte 0x7A3A, 0x0820, 0x0000, 0x0000, 0x3120, 0x0000, 0x0017, 0x001A
	.2byte 0x0203, 0x0011, 0x0000, 0x0000, 0x77D5, 0x0820, 0x0000, 0x0000
	.2byte 0x0013, 0x0020, 0x0200, 0x0D04, 0x001E, 0x0020, 0x0300, 0x0D04
	.2byte 0x0014, 0x0020, 0x0200, 0x0D04, 0x001F, 0x0020, 0x0300, 0x0D04
	.2byte 0x001B, 0x0010, 0x0000, 0x0000, 0x7A68, 0x0820, 0x0027, 0x001C
	.2byte 0x0000, 0x0000, 0x7A71, 0x0820, 0x000B, 0x001C, 0x0000, 0x0000
	.2byte 0x7A7A, 0x0820, 0x000F, 0x001C, 0x0000, 0x0000, 0x7A7A, 0x0820
	.2byte 0x0017, 0x0010, 0x0000, 0x0000, 0x7A68, 0x0820, 0x0023, 0x001C
	.2byte 0x0000, 0x0000, 0x7A71, 0x0820, 0x0420, 0x0600, 0x9F7C, 0x0850
	.2byte 0xA27C, 0x0850, 0x0000, 0x0000, 0xA29C, 0x0850, 0x3A01, 0x0000
	.2byte 0x0007, 0x0002, 0x0803, 0x0000, 0x0000, 0x0000, 0x8280, 0x0820
	.2byte 0x0000, 0x0000, 0x0702, 0x0000, 0x000A, 0x0007, 0x0A03, 0x0000
	.2byte 0x0000, 0x0000, 0x828E, 0x0820, 0x0000, 0x0000, 0x2703, 0x0000
	.2byte 0x000B, 0x0008, 0x0703, 0x0000, 0x0000, 0x0000, 0x8297, 0x0820
	.2byte 0x0000, 0x0000, 0xF004, 0x0000, 0x0001, 0x0003, 0x0803, 0x0000
	.2byte 0x0000, 0x0000, 0x4373, 0x0826, 0x0000, 0x0000, 0xF105, 0x0000
	.2byte 0x0002, 0x0003, 0x0803, 0x0000, 0x0000, 0x0000, 0x49CF, 0x0826
	.2byte 0x03E1, 0x0000, 0x0007, 0x0008, 0x0203, 0x0005, 0x0006, 0x0008
	.2byte 0x0203, 0x0005, 0x0001, 0x0006, 0x0004, 0x0D07, 0x0305, 0x0000
	.2byte 0xA2F8, 0x0850, 0xA370, 0x0850, 0x0000, 0x0000, 0x0000, 0x0000
	.2byte 0x5501, 0x0000, 0x0006, 0x0002, 0x0800, 0x0011, 0x0000, 0x0000
	.2byte 0x4185, 0x0824, 0x0000, 0x0000, 0x5502, 0x0000, 0x0002, 0x0002
	.2byte 0x0803, 0x0011, 0x0000, 0x0000, 0x418B, 0x0824, 0x0000, 0x0000
	.2byte 0x5503, 0x0000, 0x000A, 0x0002, 0x0800, 0x0011, 0x0000, 0x0000
	.2byte 0x4191, 0x0824, 0x0000, 0x0000, 0xDF04, 0x0000, 0x0001, 0x0002
	.2byte 0x0800, 0x0011, 0x0000, 0x0000, 0x6801, 0x0824, 0x02BE, 0x0000
	.2byte 0x0001, 0x0006, 0x0204, 0x0D06, 0x0005, 0x0001, 0x0003, 0x193C
	.2byte 0x0009, 0x0001, 0x0003, 0x1919, 0x0304, 0x0000, 0xA39C, 0x0850
	.2byte 0xA3FC, 0x0850, 0x0000, 0x0000, 0x0000, 0x0000, 0x0003, 0x0007
	.2byte 0x0000, 0x0005, 0x0004, 0x0007, 0x0000, 0x0005, 0x0200, 0x0000
	.2byte 0x0000, 0x0000, 0xA428, 0x0850, 0x0000, 0x0000, 0x0000, 0x0000
	.2byte 0x2F01, 0x0000, 0x0003, 0x000B, 0x0703, 0x0000, 0x0000, 0x0000
	.2byte 0x86A7, 0x0820, 0x0000, 0x0000, 0x4102, 0x0000, 0x0008, 0x000A
	.2byte 0x0903, 0x0000, 0x0000, 0x0000, 0x8630, 0x0820, 0x0000, 0x0000
	.2byte 0x1903, 0x0000, 0x0006, 0x000B, 0x0703, 0x0000, 0x0000, 0x0000
	.2byte 0x871E, 0x0820, 0x0000, 0x0000, 0x0C04, 0x0000, 0x0005, 0x0008
	.2byte 0x0803, 0x0000, 0x0000, 0x0000, 0x8795, 0x0820, 0x0000, 0x0000
	.2byte 0x0505, 0x0000, 0x0007, 0x000B, 0x0703, 0x0000, 0x0000, 0x0000
	.2byte 0x880C, 0x0820, 0x0317, 0x0000, 0x0906, 0x0000, 0x0001, 0x0009
	.2byte 0x0803, 0x0000, 0x0000, 0x0000, 0x886E, 0x0820, 0x0316, 0x0000
	.2byte 0x1807, 0x0000, 0x0003, 0x000A, 0x0A03, 0x0000, 0x0000, 0x0000
	.2byte 0x88D0, 0x0820, 0x0318, 0x0000, 0x1608, 0x0000, 0x000A, 0x000A
	.2byte 0x0903, 0x0000, 0x0000, 0x0000, 0x8932, 0x0820, 0x0315, 0x0000
	.2byte 0x0709, 0x0000, 0x000B, 0x0005, 0x0803, 0x0011, 0x0000, 0x0000
	.2byte 0x8994, 0x0820, 0x02DA, 0x0000, 0x0006, 0x000D, 0x0500, 0x0005
	.2byte 0x0005, 0x000D, 0x0500, 0x0005, 0x0209, 0x0000, 0xA44C, 0x0850
	.2byte 0xA524, 0x0850, 0x0000, 0x0000, 0x0000, 0x0000, 0x2D01, 0x0000
	.2byte 0x0008, 0x000A, 0x0803, 0x0000, 0x0000, 0x0000, 0x94E3, 0x0820
	.2byte 0x038C, 0x0000, 0x8C02, 0x0000, 0x0008, 0x0009, 0x0A01, 0x0000
	.2byte 0x0000, 0x0000, 0x0000, 0x0000, 0x035D, 0x0000, 0x3103, 0x0000
	.2byte 0x0003, 0x000D, 0x0203, 0x0011, 0x0000, 0x0000, 0x9B0B, 0x0820
	.2byte 0x0000, 0x0000, 0x3104, 0x0000, 0x0008, 0x000A, 0x0803, 0x0000
	.2byte 0x0000, 0x0000, 0x0000, 0x0000, 0x038D, 0x0000, 0x1505, 0x0000
	.2byte 0x0008, 0x000A, 0x0803, 0x0011, 0x0000, 0x0000, 0x0000, 0x0000
	.2byte 0x02EC, 0x0000, 0x000B, 0x000E, 0x0C00, 0x0005, 0x000C, 0x000E
	.2byte 0x0C00, 0x0005, 0x0205, 0x0000, 0xA548, 0x0850, 0xA5C0, 0x0850
	.2byte 0x0000, 0x0000, 0x0000, 0x0000, 0x1501, 0x0000, 0x0004, 0x0004
	.2byte 0x0803, 0x0000, 0x0000, 0x0000, 0x9D71, 0x0820, 0x0000, 0x0000
	.2byte 0x0003, 0x0007, 0x0700, 0x0005, 0x0004, 0x0007, 0x0700, 0x0005
	.2byte 0x0201, 0x0000, 0xA5E4, 0x0850, 0xA5FC, 0x0850, 0x0000, 0x0000
	.2byte 0x0000, 0x0000, 0x1501, 0x0000, 0x0004, 0x0005, 0x0903, 0x0011
	.2byte 0x0000, 0x0000, 0x9F67, 0x0820, 0x0000, 0x0000, 0xCC02, 0x0000
	.2byte 0x0004, 0x0004, 0x0803, 0x0000, 0x0000, 0x0000, 0x9F70, 0x0820
	.2byte 0x0000, 0x0000, 0x0003, 0x0008, 0x0800, 0x0005, 0x0004, 0x0008
	.2byte 0x0800, 0x0005, 0x0202, 0x0000, 0xA620, 0x0850, 0xA650, 0x0850
	.2byte 0x0000, 0x0000, 0x0000, 0x0000, 0x1101, 0x0000, 0x0000, 0x0004
	.2byte 0x0803, 0x0000, 0x0000, 0x0000, 0x9FDD, 0x0820, 0x0000, 0x0000
	.2byte 0x0002, 0x0007, 0x0900, 0x0005, 0x0003, 0x0007, 0x0900, 0x0005
	.2byte 0x0201, 0x0000, 0xA674, 0x0850, 0xA68C, 0x0850, 0x0000, 0x0000
	.2byte 0x0000, 0x0000, 0xBD01, 0x0000, 0x0003, 0x0004, 0x0803, 0x0011
	.2byte 0x0000, 0x0000, 0xA166, 0x0820, 0x0000, 0x0000, 0x1202, 0x0000
	.2byte 0x0007, 0x0004, 0x0903, 0x0000, 0x0000, 0x0000, 0xA074, 0x0820
	.2byte 0x0000, 0x0000, 0xBD03, 0x0000, 0x0001, 0x0004, 0x0803, 0x0011
	.2byte 0x0000, 0x0000, 0xA0FE, 0x0820, 0x0000, 0x0000, 0xBD04, 0x0000
	.2byte 0x0002, 0x0005, 0x0703, 0x0011, 0x0000, 0x0000, 0xA132, 0x0820
	.2byte 0x0000, 0x0000, 0xBD05, 0x0000, 0x0002, 0x0003, 0x0803, 0x0011
	.2byte 0x0000, 0x0000, 0xA0CA, 0x0820, 0x0000, 0x0000, 0x1306, 0x0000
	.2byte 0x0007, 0x0005, 0x0903, 0x0011, 0x0000, 0x0000, 0xA0B3, 0x0820
	.2byte 0x0000, 0x0000, 0x0003, 0x0007, 0x0A00, 0x0005, 0x0004, 0x0007
	.2byte 0x0A00, 0x0005, 0x0206, 0x0000, 0xA6B0, 0x0850, 0xA740, 0x0850
	.2byte 0x0000, 0x0000, 0x0000, 0x0000, 0x4101, 0x0000, 0x0001, 0x0004
	.2byte 0x0203, 0x0011, 0x0000, 0x0000, 0xA51B, 0x0820, 0x0000, 0x0000
	.2byte 0x1302, 0x0000, 0x0007, 0x0004, 0x0203, 0x0011, 0x0000, 0x0000
	.2byte 0xA524, 0x0820, 0x0000, 0x0000, 0x0003, 0x0008, 0x0B00, 0x0005
	.2byte 0x0004, 0x0008, 0x0B00, 0x0005, 0x0202, 0x0000, 0xA764, 0x0850
	.2byte 0xA794, 0x0850, 0x0000, 0x0000, 0x0000, 0x0000, 0x2D01, 0x0000
	.2byte 0x0008, 0x0002, 0x0803, 0x0000, 0x0000, 0x0000, 0xA5B0, 0x0820
	.2byte 0x0000, 0x0000, 0x2D02, 0x0000, 0x000A, 0x0002, 0x0803, 0x0000
	.2byte 0x0000, 0x0000, 0xA5B9, 0x0820, 0x0000, 0x0000, 0x1203, 0x0000
	.2byte 0x000E, 0x0005, 0x0203, 0x0011, 0x0000, 0x0000, 0xA74C, 0x0820
	.2byte 0x0000, 0x0000, 0x0C04, 0x0000, 0x0004, 0x0004, 0x0203, 0x0011
	.2byte 0x0000, 0x0000, 0xA755, 0x0820, 0x0000, 0x0000, 0x1905, 0x0000
	.2byte 0x0003, 0x0006, 0x0203, 0x0011, 0x0000, 0x0000, 0xA75E, 0x0820
	.2byte 0x0000, 0x0000, 0xD206, 0x0000, 0x0002, 0x0006, 0x0103, 0x0011
	.2byte 0x0000, 0x0000, 0xA767, 0x0820, 0x0000, 0x0000, 0x0008, 0x0007
	.2byte 0x0000, 0x0005, 0x0009, 0x0007, 0x0000, 0x0005, 0x0010, 0x0001
	.2byte 0x0000, 0x0D11, 0x0002, 0x0001, 0x0000, 0x0D16, 0x0000, 0x0008
	.2byte 0x0100, 0x0000, 0xA77A, 0x0820, 0x0406, 0x0100, 0xA7B8, 0x0850
	.2byte 0xA848, 0x0850, 0x0000, 0x0000, 0xA868, 0x0850, 0x1B01, 0x0000
	.2byte 0x0008, 0x0002, 0x0803, 0x0000, 0x0000, 0x0000, 0xA921, 0x0820
	.2byte 0x0000, 0x0000, 0x1202, 0x0000, 0x0000, 0x0005, 0x0203, 0x0011
	.2byte 0x0000, 0x0000, 0xA92A, 0x0820, 0x0000, 0x0000, 0x3103, 0x0000
	.2byte 0x000D, 0x0005, 0x0203, 0x0011, 0x0000, 0x0000, 0xA933, 0x0820
	.2byte 0x0000, 0x0000, 0x1804, 0x0000, 0x000A, 0x0006, 0x0703, 0x0000
	.2byte 0x0000, 0x0000, 0xA96E, 0x0820, 0x0000, 0x0000, 0x1805, 0x0000
	.2byte 0x0007, 0x0006, 0x0703, 0x0000, 0x0000, 0x0000, 0xA93C, 0x0820
	.2byte 0x0000, 0x0000, 0x0010, 0x0001, 0x0200, 0x0D10, 0x000D, 0x0001
	.2byte 0x0000, 0x0D12, 0x0002, 0x0001, 0x0000, 0x0D16, 0x0305, 0x0000
	.2byte 0xA888, 0x0850, 0xA900, 0x0850, 0x0000, 0x0000, 0x0000, 0x0000
	.2byte 0x3301, 0x0000, 0x0000, 0x0005, 0x0203, 0x0011, 0x0000, 0x0000
	.2byte 0xAA6E, 0x0820, 0x0000, 0x0000, 0x1902, 0x0000, 0x0007, 0x0007
	.2byte 0x0203, 0x0011, 0x0000, 0x0000, 0xAA77, 0x0820, 0x0000, 0x0000
	.2byte 0x2203, 0x0000, 0x000D, 0x0005, 0x0203, 0x0011, 0x0000, 0x0000
	.2byte 0xAA80, 0x0820, 0x0000, 0x0000, 0x1804, 0x0000, 0x0008, 0x0002
	.2byte 0x0803, 0x0000, 0x0000, 0x0000, 0xAA1A, 0x0820, 0x0000, 0x0000
	.2byte 0x1805, 0x0000, 0x000A, 0x0002, 0x0803, 0x0011, 0x0000, 0x0000
	.2byte 0xAA44, 0x0820, 0x0000, 0x0000, 0x000D, 0x0001, 0x0100, 0x0D11
	.2byte 0x0010, 0x0001, 0x0000, 0x0D13, 0x0002, 0x0001, 0x0000, 0x0D16
	.2byte 0x0305, 0x0000, 0xA92C, 0x0850, 0xA9A4, 0x0850, 0x0000, 0x0000
	.2byte 0x0000, 0x0000, 0x3001, 0x0000, 0x0000, 0x0002, 0x0203, 0x0011
	.2byte 0x0000, 0x0000, 0xAB4F, 0x0820, 0x0000, 0x0000, 0x1402, 0x0000
	.2byte 0x0006, 0x0002, 0x0203, 0x0011, 0x0000, 0x0000, 0xAB58, 0x0820
	.2byte 0x0000, 0x0000, 0x2303, 0x0000, 0x000D, 0x0004, 0x0203, 0x0011
	.2byte 0x0000, 0x0000, 0xAB61, 0x0820, 0x0000, 0x0000, 0x1804, 0x0000
	.2byte 0x0007, 0x0006, 0x0703, 0x0000, 0x0000, 0x0000, 0xAB6A, 0x0820
	.2byte 0x0000, 0x0000, 0x1805, 0x0000, 0x0009, 0x0006, 0x0703, 0x0000
	.2byte 0x0000, 0x0000, 0xAB90, 0x0820, 0x0000, 0x0000, 0x0010, 0x0001
	.2byte 0x0100, 0x0D12, 0x000D, 0x0001, 0x0000, 0x0D14, 0x0002, 0x0001
	.2byte 0x0000, 0x0D16, 0x0305, 0x0000, 0xA9D0, 0x0850, 0xAA48, 0x0850
	.2byte 0x0000, 0x0000, 0x0000, 0x0000, 0x0C01, 0x0000, 0x0001, 0x0006
	.2byte 0x0203, 0x0011, 0x0000, 0x0000, 0xAD90, 0x0820, 0x0000, 0x0000
	.2byte 0x1202, 0x0000, 0x0007, 0x0007, 0x1103, 0x0011, 0x0000, 0x0000
	.2byte 0xAD40, 0x0820, 0x0000, 0x0000, 0x1803, 0x0000, 0x0007, 0x0002
	.2byte 0x0803, 0x0000, 0x0000, 0x0000, 0xAC7A, 0x0820, 0x0000, 0x0000
	.2byte 0x1804, 0x0000, 0x0009, 0x0002, 0x0803, 0x0000, 0x0000, 0x0000
	.2byte 0xACB0, 0x0820, 0x0000, 0x0000, 0x1805, 0x0000, 0x000F, 0x0006
	.2byte 0x0903, 0x0000, 0x0000, 0x0000, 0xACDE, 0x0820, 0x0000, 0x0000
	.2byte 0x1806, 0x0000, 0x0011, 0x0006, 0x0703, 0x0000, 0x0000, 0x0000
	.2byte 0xAD0E, 0x0820, 0x0000, 0x0000, 0x1407, 0x0000, 0x0009, 0x0005
	.2byte 0x0A03, 0x0011, 0x0000, 0x0000, 0xAD49, 0x0820, 0x0000, 0x0000
	.2byte 0x000D, 0x0001, 0x0100, 0x0D13, 0x0002, 0x0001, 0x0000, 0x0D16
	.2byte 0x0010, 0x0001, 0x0000, 0x0D15, 0x0307, 0x0000, 0xAA74, 0x0850
	.2byte 0xAB1C, 0x0850, 0x0000, 0x0000, 0x0000, 0x0000, 0x1701, 0x0000
	.2byte 0x0004, 0x0004, 0x0703, 0x0000, 0x0000, 0x0000, 0xAEB4, 0x0820
	.2byte 0x0000, 0x0000, 0x2102, 0x0000, 0x0007, 0x0005, 0x0503, 0x0001
	.2byte 0x0000, 0x0000, 0xAED8, 0x0820, 0x0000, 0x0000, 0x5403, 0x0000
	.2byte 0x0006, 0x0001, 0x0803, 0x0011, 0x0000, 0x0000, 0xAE7B, 0x0820
	.2byte 0x03C2, 0x0000, 0x1804, 0x0000, 0x000F, 0x0005, 0x0803, 0x0001
	.2byte 0x0000, 0x0000, 0x6AA2, 0x0827, 0x0000, 0x0000, 0x000D, 0x0003
	.2byte 0x0200, 0x0D14, 0x0009, 0x0001, 0x0000, 0x0000, 0xAEE1, 0x0820
	.2byte 0x000A, 0x0001, 0x0000, 0x0000, 0xAEE1, 0x0820, 0x0104, 0x0200
	.2byte 0xAB48, 0x0850, 0xABA8, 0x0850, 0x0000, 0x0000, 0xABB0, 0x0850
	.2byte 0x5501, 0x0000, 0x0000, 0x0005, 0x0803, 0x0000, 0x0000, 0x0000
	.2byte 0xB18D, 0x0820, 0x0000, 0x0000, 0x0001, 0x0005, 0x7F03, 0x7F7F
	.2byte 0x0002, 0x0005, 0x7F03, 0x7F7F, 0x0201, 0x0000, 0xABDC, 0x0850
	.2byte 0xABF4, 0x0850, 0x0000, 0x0000, 0x0000, 0x0000, 0x8401, 0x0000
	.2byte 0x0017, 0x0007, 0x0800, 0x0000, 0x0000, 0x0000, 0xB401, 0x0820
	.2byte 0x0000, 0x0000, 0x2502, 0x0000, 0x0001, 0x001E, 0x0803, 0x0000
	.2byte 0x0001, 0x0001, 0xB666, 0x0820, 0x0000, 0x0000, 0x2503, 0x0000
	.2byte 0x0005, 0x0014, 0x0703, 0x0000, 0x0001, 0x0001, 0xB694, 0x0820
	.2byte 0x0000, 0x0000, 0x2F04, 0x0000, 0x0004, 0x001D, 0x0703, 0x0000
	.2byte 0x0001, 0x0001, 0xB6D9, 0x0820, 0x0000, 0x0000, 0x2F05, 0x0000
	.2byte 0x0004, 0x0017, 0x0700, 0x0000, 0x0001, 0x0001, 0xB6C2, 0x0820
	.2byte 0x0000, 0x0000, 0x2506, 0x0000, 0x0006, 0x0009, 0x0803, 0x0000
	.2byte 0x0001, 0x0001, 0xB67D, 0x0820, 0x0000, 0x0000, 0x2F07, 0x0000
	.2byte 0x0006, 0x0003, 0x0800, 0x0000, 0x0001, 0x0001, 0xB6AB, 0x0820
	.2byte 0x0000, 0x0000, 0x1708, 0x0000, 0x0005, 0x0021, 0x0800, 0x0000
	.2byte 0x0000, 0x0000, 0xB77A, 0x0820, 0x0000, 0x0000, 0x8309, 0x0000
	.2byte 0x0018, 0x0007, 0x0800, 0x0000, 0x0000, 0x0000, 0xB401, 0x0820
	.2byte 0x0000, 0x0000, 0xE00A, 0x0000, 0x0002, 0x001E, 0x0103, 0x0011
	.2byte 0x0000, 0x0000, 0x0000, 0x0000, 0x0000, 0x0000, 0xE00B, 0x0000
	.2byte 0x0001, 0x001D, 0x0103, 0x0011, 0x0000, 0x0000, 0x0000, 0x0000
	.2byte 0x0000, 0x0000, 0xE00C, 0x0000, 0x0004, 0x001E, 0x0103, 0x0011
	.2byte 0x0000, 0x0000, 0x0000, 0x0000, 0x0000, 0x0000, 0xE00D, 0x0000
	.2byte 0x0005, 0x001D, 0x0103, 0x0011, 0x0000, 0x0000, 0x0000, 0x0000
	.2byte 0x0000, 0x0000, 0xE00E, 0x0000, 0x0005, 0x0015, 0x0103, 0x0011
	.2byte 0x0000, 0x0000, 0x0000, 0x0000, 0x0000, 0x0000, 0xE00F, 0x0000
	.2byte 0x0007, 0x0009, 0x0103, 0x0011, 0x0000, 0x0000, 0x0000, 0x0000
	.2byte 0x0000, 0x0000, 0xE010, 0x0000, 0x000A, 0x0008, 0x0103, 0x0011
	.2byte 0x0000, 0x0000, 0x0000, 0x0000, 0x0000, 0x0000, 0x3011, 0x0000
	.2byte 0x0009, 0x0008, 0x0703, 0x0011, 0x0001, 0x0001, 0xB707, 0x0820
	.2byte 0x0000, 0x0000, 0x2812, 0x0000, 0x0007, 0x0005, 0x0A03, 0x0011
	.2byte 0x0001, 0x0001, 0xB6F0, 0x0820, 0x0000, 0x0000, 0xE013, 0x0000
	.2byte 0x0006, 0x0006, 0x0103, 0x0011, 0x0000, 0x0000, 0x0000, 0x0000
	.2byte 0x0000, 0x0000, 0xE014, 0x0000, 0x000C, 0x0005, 0x0103, 0x0011
	.2byte 0x0000, 0x0000, 0x0000, 0x0000, 0x0000, 0x0000, 0xE015, 0x0000
	.2byte 0x000B, 0x0005, 0x0103, 0x0011, 0x0000, 0x0000, 0x0000, 0x0000
	.2byte 0x0000, 0x0000, 0xE016, 0x0000, 0x000B, 0x0022, 0x0103, 0x0011
	.2byte 0x0000, 0x0000, 0x0000, 0x0000, 0x0000, 0x0000, 0xE017, 0x0000
	.2byte 0x000C, 0x0021, 0x0103, 0x0011, 0x0000, 0x0000, 0x0000, 0x0000
	.2byte 0x0000, 0x0000, 0xE018, 0x0000, 0x000C, 0x0022, 0x0103, 0x0011
	.2byte 0x0000, 0x0000, 0x0000, 0x0000, 0x0000, 0x0000, 0x3019, 0x0000
	.2byte 0x0016, 0x0019, 0x0703, 0x0011, 0x0001, 0x0001, 0xB735, 0x0820
	.2byte 0x0000, 0x0000, 0xE01A, 0x0000, 0x0017, 0x001A, 0x0103, 0x0011
	.2byte 0x0000, 0x0000, 0x0000, 0x0000, 0x0000, 0x0000, 0x2F1B, 0x0000
	.2byte 0x0019, 0x0019, 0x0900, 0x0011, 0x0001, 0x0001, 0xB71E, 0x0820
	.2byte 0x0000, 0x0000, 0x281C, 0x0000, 0x0016, 0x0017, 0x0803, 0x0011
	.2byte 0x0001, 0x0001, 0xB763, 0x0820, 0x0000, 0x0000, 0xE01D, 0x0000
	.2byte 0x0015, 0x0017, 0x0103, 0x0011, 0x0000, 0x0000, 0x0000, 0x0000
	.2byte 0x0000, 0x0000, 0xE01E, 0x0000, 0x0015, 0x0016, 0x0103, 0x0011
	.2byte 0x0000, 0x0000, 0x0000, 0x0000, 0x0000, 0x0000, 0xE01F, 0x0000
	.2byte 0x0016, 0x0016, 0x0103, 0x0011, 0x0000, 0x0000, 0x0000, 0x0000
	.2byte 0x0000, 0x0000, 0x2520, 0x0000, 0x0019, 0x0016, 0x0703, 0x0011
	.2byte 0x0001, 0x0001, 0xB74C, 0x0820, 0x0000, 0x0000, 0xE021, 0x0000
	.2byte 0x0018, 0x0016, 0x0103, 0x0011, 0x0000, 0x0000, 0x0000, 0x0000
	.2byte 0x0000, 0x0000, 0xE022, 0x0000, 0x0018, 0x0017, 0x0103, 0x0011
	.2byte 0x0000, 0x0000, 0x0000, 0x0000, 0x0000, 0x0000, 0xE023, 0x0000
	.2byte 0x0006, 0x0005, 0x0103, 0x0011, 0x0000, 0x0000, 0x0000, 0x0000
	.2byte 0x0000, 0x0000, 0xE024, 0x0000, 0x0017, 0x0019, 0x0103, 0x0011
	.2byte 0x0000, 0x0000, 0x0000, 0x0000, 0x0000, 0x0000, 0x0006, 0x0023
	.2byte 0x0103, 0x0006, 0x0007, 0x0023, 0x0103, 0x0006, 0x0003, 0x001C
	.2byte 0x0300, 0x0E00, 0x0001, 0x0017, 0x0203, 0x0E00, 0x0007, 0x0012
	.2byte 0x0500, 0x0E00, 0x0008, 0x000C, 0x0400, 0x0E00, 0x0009, 0x0012
	.2byte 0x0700, 0x0E00, 0x0017, 0x0014, 0x0600, 0x0E00, 0x0001, 0x0021
	.2byte 0x0903, 0x0E00, 0x0014, 0x0018, 0x0800, 0x0E00, 0x000B, 0x0003
	.2byte 0x0B00, 0x0E00, 0x000B, 0x0023, 0x0A03, 0x0E00, 0x000D, 0x0020
	.2byte 0x0D00, 0x0E00, 0x0015, 0x000A, 0x0C00, 0x0E00, 0x0002, 0x0015
	.2byte 0x0003, 0x4001, 0x0000, 0x0000, 0xB7D0, 0x0820, 0x0008, 0x000A
	.2byte 0x0003, 0x4001, 0x0000, 0x0000, 0xB7E6, 0x0820, 0x0006, 0x0007
	.2byte 0x0003, 0x4001, 0x0000, 0x0000, 0xB7E6, 0x0820, 0x000F, 0x0022
	.2byte 0x0003, 0x4001, 0x0000, 0x0000, 0xB7FC, 0x0820, 0x0017, 0x0018
	.2byte 0x0003, 0x4001, 0x0000, 0x0000, 0xB812, 0x0820, 0x0017, 0x0015
	.2byte 0x0003, 0x4001, 0x0000, 0x0000, 0xB812, 0x0820, 0x0008, 0x0006
	.2byte 0x0003, 0x4001, 0x0000, 0x0000, 0xB828, 0x0820, 0x0015, 0x0006
	.2byte 0x0000, 0x4001, 0x0000, 0x0000, 0xB65A, 0x0820, 0x0003, 0x001E
	.2byte 0x0003, 0x4001, 0x0000, 0x0000, 0xB7D0, 0x0820, 0x0004, 0x0022
	.2byte 0x0100, 0x0000, 0xB79C, 0x0820, 0x0008, 0x0022, 0x0100, 0x0000
	.2byte 0xB7AC, 0x0820, 0x0E24, 0x0209, 0xAC18, 0x0850, 0xAF78, 0x0850
	.2byte 0xAFE8, 0x0850, 0xB078, 0x0850, 0x2C01, 0x0000, 0x0003, 0x0003
	.2byte 0x0303, 0x0011, 0x0000, 0x0000, 0xC333, 0x0820, 0x0000, 0x0000
	.2byte 0x1402, 0x0000, 0x0007, 0x0004, 0x0903, 0x0000, 0x0000, 0x0000
	.2byte 0xC363, 0x0820, 0x0000, 0x0000, 0x0003, 0x0007, 0x0000, 0x0006
	.2byte 0x0004, 0x0007, 0x0000, 0x0006, 0x0202, 0x0000, 0xB0A4, 0x0850
	.2byte 0xB0D4, 0x0850, 0x0000, 0x0000, 0x0000, 0x0000, 0x4101, 0x0000
	.2byte 0x0006, 0x0006, 0x0903, 0x0000, 0x0000, 0x0000, 0xC3D3, 0x0820
	.2byte 0x0000, 0x0000, 0x0602, 0x0000, 0x0004, 0x0004, 0x0803, 0x0000
	.2byte 0x0000, 0x0000, 0xC3DC, 0x0820, 0x0000, 0x0000, 0xD303, 0x0000
	.2byte 0x0004, 0x0005, 0x0703, 0x0000, 0x0000, 0x0000, 0xC3E5, 0x0820
	.2byte 0x03A6, 0x0000, 0x0003, 0x0008, 0x0300, 0x0006, 0x0004, 0x0008
	.2byte 0x0300, 0x0006, 0x0203, 0x0000, 0xB0F8, 0x0850, 0xB140, 0x0850
	.2byte 0x0000, 0x0000, 0x0000, 0x0000, 0x3A01, 0x0000, 0x0007, 0x0002
	.2byte 0x0803, 0x0000, 0x0000, 0x0000, 0xC4C1, 0x0820, 0x0000, 0x0000
	.2byte 0x1402, 0x0000, 0x0008, 0x0004, 0x0703, 0x0000, 0x0000, 0x0000
	.2byte 0xC4CF, 0x0820, 0x0000, 0x0000, 0x0803, 0x0000, 0x0003, 0x0005
	.2byte 0x0103, 0x0000, 0x0000, 0x0000, 0xC4D8, 0x0820, 0x0000, 0x0000
	.2byte 0x0007, 0x0008, 0x0203, 0x0006, 0x0006, 0x0008, 0x0203, 0x0006
	.2byte 0x0001, 0x0006, 0x0004, 0x0E04, 0x0303, 0x0000, 0xB164, 0x0850
	.2byte 0xB1AC, 0x0850, 0x0000, 0x0000, 0x0000, 0x0000, 0x5501, 0x0000
	.2byte 0x0006, 0x0002, 0x0800, 0x0011, 0x0000, 0x0000, 0x4185, 0x0824
	.2byte 0x0000, 0x0000, 0x5502, 0x0000, 0x0002, 0x0002, 0x0803, 0x0011
	.2byte 0x0000, 0x0000, 0x418B, 0x0824, 0x0000, 0x0000, 0x5503, 0x0000
	.2byte 0x000A, 0x0002, 0x0800, 0x0011, 0x0000, 0x0000, 0x4191, 0x0824
	.2byte 0x0000, 0x0000, 0xDF04, 0x0000, 0x0001, 0x0002, 0x0800, 0x0011
	.2byte 0x0000, 0x0000, 0x6801, 0x0824, 0x02BE, 0x0000, 0x2205, 0x0000
	.2byte 0x000B, 0x0007, 0x0503, 0x0011, 0x0000, 0x0000, 0xC571, 0x0820
	.2byte 0x0000, 0x0000, 0x0001, 0x0006, 0x0204, 0x0E03, 0x0005, 0x0001
	.2byte 0x0003, 0x193C, 0x0009, 0x0001, 0x0003, 0x1919, 0x0305, 0x0000
	.2byte 0xB1D8, 0x0850, 0xB250, 0x0850, 0x0000, 0x0000, 0x0000, 0x0000
	.2byte 0x5301, 0x0000, 0x0001, 0x0003, 0x0A03, 0x0000, 0x0000, 0x0000
	.2byte 0xC5B3, 0x0820, 0x0000, 0x0000, 0x2202, 0x0000, 0x0001, 0x0005
	.2byte 0x0703, 0x0000, 0x0000, 0x0000, 0xC5E2, 0x0820, 0x0000, 0x0000
	.2byte 0x0903, 0x0000, 0x0008, 0x0003, 0x0303, 0x0010, 0x0000, 0x0000
	.2byte 0xC5EB, 0x0820, 0x0000, 0x0000, 0x3104, 0x0000, 0x0005, 0x0003
	.2byte 0x0203, 0x0011, 0x0000, 0x0000, 0xC5F4, 0x0820, 0x0000, 0x0000
	.2byte 0x0003, 0x0007, 0x0400, 0x0006, 0x0004, 0x0007, 0x0400, 0x0006
	.2byte 0x0204, 0x0000, 0xB27C, 0x0850, 0xB2DC, 0x0850, 0x0000, 0x0000
	.2byte 0x0000, 0x0000, 0x3201, 0x0000, 0x0004, 0x0004, 0x0A03, 0x0000
	.2byte 0x0000, 0x0000, 0xC6FB, 0x0820, 0x0000, 0x0000, 0x0003, 0x0007
	.2byte 0x0500, 0x0006, 0x0004, 0x0007, 0x0500, 0x0006, 0x0201, 0x0000
	.2byte 0xB300, 0x0850, 0xB318, 0x0850, 0x0000, 0x0000, 0x0000, 0x0000
	.2byte 0x8601, 0x0000, 0x0009, 0x0006, 0x0A03, 0x0000, 0x0000, 0x0000
	.2byte 0xC9A4, 0x0820, 0x03C7, 0x0000, 0x3B02, 0x0000, 0x0004, 0x0003
	.2byte 0x0103, 0x0011, 0x0000, 0x0000, 0xC8D3, 0x0820, 0x03C8, 0x0000
	.2byte 0x0503, 0x0000, 0x0006, 0x0004, 0x4C03, 0x0011, 0x0000, 0x0000
	.2byte 0xC9AD, 0x0820, 0x02D7, 0x0000, 0x0003, 0x0007, 0x0600, 0x0006
	.2byte 0x0004, 0x0007, 0x0600, 0x0006, 0x0000, 0x0001, 0x0000, 0x0000
	.2byte 0xC99B, 0x0820, 0x0001, 0x0001, 0x0000, 0x0000, 0xC99B, 0x0820
	.2byte 0x000A, 0x0004, 0x0003, 0x0000, 0xC99B, 0x0820, 0x000A, 0x0006
	.2byte 0x0003, 0x0000, 0xC99B, 0x0820, 0x0203, 0x0400, 0xB33C, 0x0850
	.2byte 0xB384, 0x0850, 0x0000, 0x0000, 0xB394, 0x0850, 0x1401, 0x0000
	.2byte 0x0003, 0x0004, 0x0903, 0x0000, 0x0000, 0x0000, 0xCC5C, 0x0820
	.2byte 0x0000, 0x0000, 0x0502, 0x0000, 0x0006, 0x0006, 0x0503, 0x0001
	.2byte 0x0000, 0x0000, 0xCC7B, 0x0820, 0x0000, 0x0000, 0xCB03, 0x0000
	.2byte 0x0002, 0x0004, 0x0103, 0x0011, 0x0000, 0x0000, 0xCCA2, 0x0820
	.2byte 0x0000, 0x0000, 0x0004, 0x0007, 0x0700, 0x0006, 0x0003, 0x0007
	.2byte 0x0700, 0x0006, 0x0203, 0x0000, 0xB3D8, 0x0850, 0xB420, 0x0850
	.2byte 0x0000, 0x0000, 0x0000, 0x0000, 0x2E01, 0x0000, 0x0007, 0x0002
	.2byte 0x0703, 0x0000, 0x0000, 0x0000, 0xCDF4, 0x0820, 0x0000, 0x0000
	.2byte 0x2E02, 0x0000, 0x0002, 0x0002, 0x0703, 0x0000, 0x0000, 0x0000
	.2byte 0xCE7F, 0x0820, 0x0000, 0x0000, 0x3103, 0x0000, 0x0006, 0x0006
	.2byte 0x0903, 0x0000, 0x0000, 0x0000, 0xCEAA, 0x0820, 0x0000, 0x0000
	.2byte 0x1D04, 0x0000, 0x000A, 0x0002, 0x0703, 0x0000, 0x0000, 0x0000
	.2byte 0xCF84, 0x0820, 0x0000, 0x0000, 0x1A05, 0x0000, 0x000E, 0x0007
	.2byte 0x0303, 0x0011, 0x0000, 0x0000, 0xCF49, 0x0820, 0x0000, 0x0000
	.2byte 0x7806, 0x0000, 0x000C, 0x0009, 0x0903, 0x0011, 0x0001, 0x0002
	.2byte 0xCFF6, 0x0820, 0x02F4, 0x0000, 0x7707, 0x0000, 0x000B, 0x0006
	.2byte 0x0903, 0x0011, 0x0001, 0x0002, 0xD00D, 0x0820, 0x02F4, 0x0000
	.2byte 0x7708, 0x0000, 0x000A, 0x0002, 0x0803, 0x0011, 0x0001, 0x0002
	.2byte 0xD024, 0x0820, 0x02F4, 0x0000, 0x7709, 0x0000, 0x000D, 0x0002
	.2byte 0x0803, 0x0011, 0x0001, 0x0000, 0xD03B, 0x0820, 0x02F4, 0x0000
	.2byte 0x050A, 0x0000, 0x0002, 0x0005, 0x4C00, 0x0011, 0x0000, 0x0000
	.2byte 0xCFEB, 0x0820, 0x02E1, 0x0000, 0x860B, 0x0000, 0x0001, 0x0004
	.2byte 0x0803, 0x0011, 0x0000, 0x0000, 0xCFD5, 0x0820, 0x02F1, 0x0000
	.2byte 0x0007, 0x0009, 0x0800, 0x0006, 0x0008, 0x0009, 0x0800, 0x0006
	.2byte 0x000D, 0x0001, 0x0000, 0x0E0A, 0x030B, 0x0000, 0xB444, 0x0850
	.2byte 0xB54C, 0x0850, 0x0000, 0x0000, 0x0000, 0x0000, 0x0F01, 0x0000
	.2byte 0x0006, 0x0002, 0x0703, 0x0000, 0x0000, 0x0000, 0xD82D, 0x0820
	.2byte 0x0000, 0x0000, 0x3002, 0x0000, 0x000B, 0x0008, 0x0703, 0x0000
	.2byte 0x0000, 0x0000, 0xD7F2, 0x0820, 0x0000, 0x0000, 0x2E03, 0x0000
	.2byte 0x0005, 0x0006, 0x0203, 0x0011, 0x0000, 0x0000, 0xD7B7, 0x0820
	.2byte 0x0000, 0x0000, 0x8604, 0x0000, 0x0001, 0x0008, 0x0803, 0x0011
	.2byte 0x0000, 0x0000, 0xD8A4, 0x0820, 0x035F, 0x0000, 0x7705, 0x0000
	.2byte 0x000C, 0x0002, 0x0A03, 0x0011, 0x0000, 0x0000, 0xD868, 0x0820
	.2byte 0x035E, 0x0000, 0x7706, 0x0000, 0x000D, 0x0003, 0x0703, 0x0011
	.2byte 0x0000, 0x0000, 0xD87A, 0x0820, 0x035E, 0x0000, 0x7707, 0x0000
	.2byte 0x000E, 0x0002, 0x0903, 0x0011, 0x0000, 0x0000, 0xD871, 0x0820
	.2byte 0x035E, 0x0000, 0x7708, 0x0000, 0x0000, 0x0008, 0x0A03, 0x0011
	.2byte 0x0000, 0x0000, 0xD883, 0x0820, 0x035E, 0x0000, 0xC409, 0x0000
	.2byte 0x0001, 0x0009, 0x0703, 0x0011, 0x0000, 0x0000, 0xD899, 0x0820
	.2byte 0x035E, 0x0000, 0x000D, 0x0001, 0x0200, 0x0E09, 0x0109, 0x0000
	.2byte 0xB578, 0x0850, 0xB650, 0x0850, 0x0000, 0x0000, 0x0000, 0x0000
	.2byte 0x1501, 0x0000, 0x0006, 0x0002, 0x0800, 0x0000, 0x0000, 0x0000
	.2byte 0xE04B, 0x0820, 0x0000, 0x0000, 0x4102, 0x0000, 0x0004, 0x0002
	.2byte 0x0800, 0x0000, 0x0000, 0x0000, 0xE042, 0x0820, 0x0000, 0x0000
	.2byte 0x0005, 0x0009, 0x0900, 0x0006, 0x0006, 0x0009, 0x0900, 0x0006
	.2byte 0x0002, 0x0000, 0x0000, 0x0E0C, 0x0003, 0x0000, 0x0000, 0x0000
	.2byte 0xE054, 0x0820, 0x0000, 0x0001, 0x0000, 0x0000, 0x7B79, 0x0824
	.2byte 0x0001, 0x0001, 0x0000, 0x0000, 0x7B72, 0x0824, 0x0302, 0x0300
	.2byte 0xB66C, 0x0850, 0xB69C, 0x0850, 0x0000, 0x0000, 0xB6B4, 0x0850
	.2byte 0xF001, 0x0000, 0x0006, 0x0005, 0x0903, 0x0000, 0x0000, 0x0000
	.2byte 0x0000, 0x0000, 0x0000, 0x0000, 0x0003, 0x0001, 0x0200, 0x0E0B
	.2byte 0x0101, 0x0000, 0xB6EC, 0x0850, 0xB704, 0x0850, 0x0000, 0x0000
	.2byte 0x0000, 0x0000, 0xDA01, 0x0000, 0x0008, 0x0002, 0x0800, 0x0000
	.2byte 0x0000, 0x0000, 0xE31C, 0x0820, 0x0000, 0x0000, 0x1702, 0x0000
	.2byte 0x0007, 0x0018, 0x0803, 0x0000, 0x0000, 0x0000, 0xE418, 0x0820
	.2byte 0x0000, 0x0000, 0x0008, 0x0019, 0x0200, 0x0007, 0x0009, 0x0019
	.2byte 0x0200, 0x0007, 0x000B, 0x0016, 0x0003, 0x0F01, 0x0006, 0x0018
	.2byte 0x0000, 0x0000, 0xE437, 0x0820, 0x000A, 0x0018, 0x0100, 0x0000
	.2byte 0xE447, 0x0820, 0x0302, 0x0200, 0xB720, 0x0850, 0xB750, 0x0850
	.2byte 0x0000, 0x0000, 0xB768, 0x0850, 0x2F01, 0x0000, 0x0007, 0x0011
	.2byte 0x0A03, 0x0000, 0x0001, 0x0001, 0xEAC7, 0x0820, 0x0000, 0x0000
	.2byte 0x2D02, 0x0000, 0x0009, 0x0013, 0x0903, 0x0000, 0x0001, 0x0001
	.2byte 0xEB0C, 0x0820, 0x0000, 0x0000, 0x1403, 0x0000, 0x000C, 0x0007
	.2byte 0x0903, 0x0000, 0x0001, 0x0001, 0xEAF5, 0x0820, 0x0000, 0x0000
	.2byte 0x2D04, 0x0000, 0x000B, 0x0009, 0x0700, 0x0000, 0x0001, 0x0005
	.2byte 0xEB23, 0x0820, 0x0000, 0x0000, 0x2D05, 0x0000, 0x0005, 0x0006
	.2byte 0x0803, 0x0000, 0x0001, 0x0004, 0xEB51, 0x0820, 0x0000, 0x0000
	.2byte 0x1206, 0x0000, 0x0007, 0x0008, 0x0A03, 0x0000, 0x0001, 0x0002
	.2byte 0xEB68, 0x0820, 0x0000, 0x0000, 0x2F07, 0x0000, 0x0004, 0x0008
	.2byte 0x0A03, 0x0000, 0x0001, 0x0002, 0xEADE, 0x0820, 0x0000, 0x0000
	.2byte 0x2D08, 0x0000, 0x0009, 0x0007, 0x0803, 0x0000, 0x0001, 0x0003
	.2byte 0xEB3A, 0x0820, 0x0000, 0x0000, 0x1409, 0x0000, 0x0006, 0x000D
	.2byte 0x0A03, 0x0011, 0x0001, 0x0003, 0xEB96, 0x0820, 0x0000, 0x0000
	.2byte 0x120A, 0x0000, 0x000A, 0x000D, 0x0903, 0x0011, 0x0001, 0x0003
	.2byte 0xEB7F, 0x0820, 0x0000, 0x0000, 0x000B, 0x0016, 0x0203, 0x0F00
	.2byte 0x010A, 0x0000, 0xB794, 0x0850, 0xB884, 0x0850, 0x0000, 0x0000
	.2byte 0x0000, 0x0000, 0x3A01, 0x0000, 0x0007, 0x0002, 0x0803, 0x0000
	.2byte 0x0000, 0x0000, 0xEFE4, 0x0820, 0x0000, 0x0000, 0x3002, 0x0000
	.2byte 0x000C, 0x0004, 0x0203, 0x0011, 0x0000, 0x0000, 0xEFF2, 0x0820
	.2byte 0x0000, 0x0000, 0x2203, 0x0000, 0x0004, 0x0007, 0x0503, 0x0001
	.2byte 0x0000, 0x0000, 0xF01C, 0x0820, 0x0000, 0x0000, 0x1004, 0x0000
	.2byte 0x0002, 0x0003, 0x0203, 0x0011, 0x0000, 0x0000, 0x6B72, 0x0827
	.2byte 0x0000, 0x0000, 0x0007, 0x0008, 0x0003, 0x0007, 0x0006, 0x0008
	.2byte 0x0003, 0x0007, 0x0001, 0x0006, 0x0004, 0x0F03, 0x0304, 0x0000
	.2byte 0xB8A0, 0x0850, 0xB900, 0x0850, 0x0000, 0x0000, 0x0000, 0x0000
	.2byte 0x5501, 0x0000, 0x0006, 0x0002, 0x0800, 0x0011, 0x0000, 0x0000
	.2byte 0x4185, 0x0824, 0x0000, 0x0000, 0x5502, 0x0000, 0x0002, 0x0002
	.2byte 0x0803, 0x0011, 0x0000, 0x0000, 0x418B, 0x0824, 0x0000, 0x0000
	.2byte 0x5503, 0x0000, 0x000A, 0x0002, 0x0800, 0x0011, 0x0000, 0x0000
	.2byte 0x4191, 0x0824, 0x0000, 0x0000, 0xDF04, 0x0000, 0x0001, 0x0002
	.2byte 0x0800, 0x0011, 0x0000, 0x0000, 0x6801, 0x0824, 0x02BE, 0x0000
	.2byte 0x0001, 0x0006, 0x0204, 0x0F02, 0x0005, 0x0001, 0x0003, 0x193C
	.2byte 0x0009, 0x0001, 0x0003, 0x1919, 0x0304, 0x0000, 0xB92C, 0x0850
	.2byte 0xB98C, 0x0850, 0x0000, 0x0000, 0x0000, 0x0000, 0x5301, 0x0000
	.2byte 0x0001, 0x0003, 0x0A03, 0x0000, 0x0000, 0x0000, 0xF1B8, 0x0820
	.2byte 0x0000, 0x0000, 0x1102, 0x0000, 0x0005, 0x0005, 0x0A03, 0x0000
	.2byte 0x0000, 0x0000, 0xF1E6, 0x0820, 0x0000, 0x0000, 0x3003, 0x0000
	.2byte 0x0009, 0x0005, 0x0A03, 0x0000, 0x0000, 0x0000, 0xF210, 0x0820
	.2byte 0x0000, 0x0000, 0x0003, 0x0007, 0x0100, 0x0007, 0x0004, 0x0007
	.2byte 0x0100, 0x0007, 0x0203, 0x0000, 0xB9B8, 0x0850, 0xBA00, 0x0850
	.2byte 0x0000, 0x0000, 0x0000, 0x0000, 0x2C01, 0x0000, 0x0002, 0x0004
	.2byte 0x0A03, 0x0000, 0x0000, 0x0000, 0xF301, 0x0820, 0x0000, 0x0000
	.2byte 0xCC02, 0x0000, 0x0002, 0x0003, 0x0803, 0x0000, 0x0000, 0x0000
	.2byte 0xF342, 0x0820, 0x0000, 0x0000, 0x0003, 0x0006, 0x0400, 0x0007
	.2byte 0x0004, 0x0006, 0x0400, 0x0007, 0x0202, 0x0000, 0xBA24, 0x0850
	.2byte 0xBA54, 0x0850, 0x0000, 0x0000, 0x0000, 0x0000, 0x1601, 0x0000
	.2byte 0x0003, 0x0003, 0x0A03, 0x0000, 0x0000, 0x0000, 0xF3C7, 0x0820
	.2byte 0x0000, 0x0000, 0x0003, 0x0006, 0x0500, 0x0007, 0x0004, 0x0006
	.2byte 0x0500, 0x0007, 0x0201, 0x0000, 0xBA78, 0x0850, 0xBA90, 0x0850
	.2byte 0x0000, 0x0000, 0x0000, 0x0000, 0x1A01, 0x0000, 0x0002, 0x0004
	.2byte 0x0803, 0x0000, 0x0000, 0x0000, 0xF47A, 0x0820, 0x0000, 0x0000
	.2byte 0x0A02, 0x0000, 0x0006, 0x0004, 0x0203, 0x0011, 0x0000, 0x0000
	.2byte 0xF4A3, 0x0820, 0x0000, 0x0000, 0x0003, 0x0006, 0x0600, 0x0007
	.2byte 0x0004, 0x0006, 0x0600, 0x0007, 0x0202, 0x0000, 0xBAB4, 0x0850
	.2byte 0xBAE4, 0x0850, 0x0000, 0x0000, 0x0000, 0x0000, 0x1301, 0x0000
	.2byte 0x0002, 0x0004, 0x0A03, 0x0000, 0x0000, 0x0000, 0xF594, 0x0820
	.2byte 0x0000, 0x0000, 0x1A02, 0x0000, 0x0005, 0x0002, 0x0703, 0x0021
	.2byte 0x0000, 0x0000, 0xF59D, 0x0820, 0x0000, 0x0000, 0xD203, 0x0000
	.2byte 0x0002, 0x0003, 0x0103, 0x0011, 0x0000, 0x0000, 0xF5A6, 0x0820
	.2byte 0x0000, 0x0000, 0x0003, 0x0006, 0x0700, 0x0007, 0x0004, 0x0006
	.2byte 0x0700, 0x0007, 0x0203, 0x0000, 0xBB08, 0x0850, 0xBB50, 0x0850
	.2byte 0x0000, 0x0000, 0x0000, 0x0000, 0x2701, 0x0000, 0x0003, 0x0003
	.2byte 0x0A03, 0x0000, 0x0000, 0x0000, 0xF658, 0x0820, 0x0000, 0x0000
	.2byte 0x0E02, 0x0000, 0x0006, 0x0003, 0x0903, 0x0000, 0x0000, 0x0000
	.2byte 0xF661, 0x0820, 0x0000, 0x0000, 0x0003, 0x0006, 0x0800, 0x0007
	.2byte 0x0004, 0x0006, 0x0800, 0x0007, 0x0202, 0x0000, 0xBB74, 0x0850
	.2byte 0xBBA4, 0x0850, 0x0000, 0x0000, 0x0000, 0x0000, 0x1401, 0x0000
	.2byte 0x0004, 0x0003, 0x0203, 0x0011, 0x0000, 0x0000, 0xF6D1, 0x0820
	.2byte 0x0000, 0x0000, 0x0003, 0x0006, 0x0900, 0x0007, 0x0004, 0x0006
	.2byte 0x0900, 0x0007, 0x0201, 0x0000, 0xBBC8, 0x0850, 0xBBE0, 0x0850
	.2byte 0x0000, 0x0000, 0x0000, 0x0000, 0x1D01, 0x0000, 0x0005, 0x0003
	.2byte 0x0903, 0x0000, 0x0000, 0x0000, 0xF7BB, 0x0820, 0x0000, 0x0000
	.2byte 0x1202, 0x0000, 0x0001, 0x0004, 0x0203, 0x0011, 0x0000, 0x0000
	.2byte 0xF7C4, 0x0820, 0x0000, 0x0000, 0x0003, 0x0006, 0x0A00, 0x0007
	.2byte 0x0004, 0x0006, 0x0A00, 0x0007, 0x0202, 0x0000, 0xBC04, 0x0850
	.2byte 0xBC34, 0x0850, 0x0000, 0x0000, 0x0000, 0x0000, 0x3201, 0x0000
	.2byte 0x0002, 0x0004, 0x0A03, 0x0000, 0x0000, 0x0000, 0xF8F3, 0x0820
	.2byte 0x0000, 0x0000, 0x3702, 0x0000, 0x0005, 0x0004, 0x0903, 0x0000
	.2byte 0x0000, 0x0000, 0xF862, 0x0820, 0x0000, 0x0000, 0x0003, 0x0006
	.2byte 0x0B00, 0x0007, 0x0004, 0x0006, 0x0B00, 0x0007, 0x0005, 0x0001
	.2byte 0x0000, 0x0000, 0xF984, 0x0820, 0x0002, 0x0001, 0x0000, 0x0000
	.2byte 0xF992, 0x0820, 0x0202, 0x0200, 0xBC58, 0x0850, 0xBC88, 0x0850
	.2byte 0x0000, 0x0000, 0xBC98, 0x0850, 0x1D01, 0x0000, 0x0006, 0x0004
	.2byte 0x0A00, 0x0000, 0x0000, 0x0000, 0xFE31, 0x0820, 0x0000, 0x0000
	.2byte 0x0003, 0x0007, 0x0C00, 0x0007, 0x0004, 0x0007, 0x0C00, 0x0007
	.2byte 0x0003, 0x0001, 0x0003, 0x0F0E, 0x0301, 0x0000, 0xBCC4, 0x0850
	.2byte 0xBCDC, 0x0850, 0x0000, 0x0000, 0x0000, 0x0000, 0xF001, 0x0000
	.2byte 0x0006, 0x0005, 0x0900, 0x0011, 0x0000, 0x0000, 0x0000, 0x0000
	.2byte 0x0000, 0x0000, 0x0003, 0x0001, 0x0200, 0x0F0D, 0x0101, 0x0000
	.2byte 0xBD08, 0x0850, 0xBD20, 0x0850, 0x0000, 0x0000, 0x0000, 0x0000
	.2byte 0x7901, 0x0000, 0x0006, 0x0005, 0x0803, 0x0000, 0x0000, 0x0000
	.2byte 0x0249, 0x0821, 0x0000, 0x0000, 0x0006, 0x000D, 0x0103, 0x1009
	.2byte 0x0006, 0x0002, 0x0000, 0x1005, 0x0201, 0x0000, 0xBD3C, 0x0850
	.2byte 0xBD54, 0x0850, 0x0000, 0x0000, 0x0000, 0x0000, 0x7A01, 0x0000
	.2byte 0x0006, 0x0005, 0x0803, 0x0000, 0x0000, 0x0000, 0x03C8, 0x0821
	.2byte 0x0000, 0x0000, 0x0006, 0x000D, 0x0103, 0x1005, 0x0006, 0x0002
	.2byte 0x0000, 0x1006, 0x0201, 0x0000, 0xBD78, 0x0850, 0xBD90, 0x0850
	.2byte 0x0000, 0x0000, 0x0000, 0x0000, 0x7B01, 0x0000, 0x0006, 0x0005
	.2byte 0x0803, 0x0000, 0x0000, 0x0000, 0x057A, 0x0821, 0x0000, 0x0000
	.2byte 0x0006, 0x000D, 0x0103, 0x1006, 0x0006, 0x0002, 0x0000, 0x1007
	.2byte 0x0201, 0x0000, 0xBDB4, 0x0850, 0xBDCC, 0x0850, 0x0000, 0x0000
	.2byte 0x0000, 0x0000, 0x7C01, 0x0000, 0x0006, 0x0005, 0x0803, 0x0000
	.2byte 0x0000, 0x0000, 0x0715, 0x0821, 0x0000, 0x0000, 0x0006, 0x000D
	.2byte 0x0103, 0x1007, 0x0006, 0x0002, 0x0000, 0x1008, 0x0201, 0x0000
	.2byte 0xBDF0, 0x0850, 0xBE08, 0x0850, 0x0000, 0x0000, 0x0000, 0x0000
	.2byte 0x8501, 0x0000, 0x0006, 0x0005, 0x0803, 0x0000, 0x0000, 0x0000
	.2byte 0x0000, 0x0000, 0x0000, 0x0000, 0xF002, 0x0000, 0x0006, 0x000C
	.2byte 0x0703, 0x0000, 0x0000, 0x0000, 0x0000, 0x0000, 0x0398, 0x0000
	.2byte 0x4003, 0x0000, 0x0006, 0x000C, 0x0703, 0x0000, 0x0000, 0x0000
	.2byte 0x0000, 0x0000, 0x0399, 0x0000, 0x0006, 0x000C, 0x0103, 0x1008
	.2byte 0x0006, 0x0002, 0x0000, 0x100B, 0x0203, 0x0000, 0xBE2C, 0x0850
	.2byte 0xBE74, 0x0850, 0x0000, 0x0000, 0x0000, 0x0000, 0x0005, 0x000C
	.2byte 0x0103, 0x1000, 0x0005, 0x0002, 0x0000, 0x1001, 0x0004, 0x000C
	.2byte 0x0103, 0x1000, 0x0006, 0x000C, 0x0103, 0x1000, 0x0400, 0x0000
	.2byte 0x0000, 0x0000, 0xBE98, 0x0850, 0x0000, 0x0000, 0x0000, 0x0000
	.2byte 0x0005, 0x000C, 0x0103, 0x1001, 0x0005, 0x0002, 0x0000, 0x1002
	.2byte 0x0004, 0x000C, 0x0103, 0x1001, 0x0006, 0x000C, 0x0103, 0x1001
	.2byte 0x0400, 0x0000, 0x0000, 0x0000, 0xBECC, 0x0850, 0x0000, 0x0000
	.2byte 0x0000, 0x0000, 0x0005, 0x000C, 0x0103, 0x1002, 0x0005, 0x0002
	.2byte 0x0000, 0x1003, 0x0004, 0x000C, 0x0103, 0x1002, 0x0006, 0x000C
	.2byte 0x0103, 0x1002, 0x0400, 0x0000, 0x0000, 0x0000, 0xBF00, 0x0850
	.2byte 0x0000, 0x0000, 0x0000, 0x0000, 0x0005, 0x0021, 0x0103, 0x1003
	.2byte 0x0005, 0x0002, 0x0000, 0x1004, 0x0200, 0x0000, 0x0000, 0x0000
	.2byte 0xBF34, 0x0850, 0x0000, 0x0000, 0x0000, 0x0000, 0x0005, 0x000C
	.2byte 0x0203, 0x100A, 0x0005, 0x0002, 0x0000, 0x1000, 0x0004, 0x000C
	.2byte 0x0203, 0x100A, 0x0006, 0x000C, 0x0203, 0x100A, 0x0400, 0x0000
	.2byte 0x0000, 0x0000, 0xBF58, 0x0850, 0x0000, 0x0000, 0x0000, 0x0000
	.2byte 0x3A01, 0x0000, 0x0003, 0x0002, 0x0803, 0x0000, 0x0000, 0x0000
	.2byte 0x10FE, 0x0821, 0x0000, 0x0000, 0x5302, 0x0000, 0x0010, 0x0002
	.2byte 0x0803, 0x0000, 0x0000, 0x0000, 0x110C, 0x0821, 0x0000, 0x0000
	.2byte 0x2103, 0x0000, 0x0008, 0x0002, 0x0803, 0x0011, 0x0000, 0x0000
	.2byte 0x1136, 0x0821, 0x0000, 0x0000, 0x2104, 0x0000, 0x000B, 0x0002
	.2byte 0x0803, 0x0011, 0x0000, 0x0000, 0x1136, 0x0821, 0x0000, 0x0000
	.2byte 0x0009, 0x000B, 0x0003, 0x0008, 0x000A, 0x000B, 0x0003, 0x0008
	.2byte 0x0009, 0x0001, 0x0003, 0x1009, 0x000A, 0x0001, 0x0003, 0x1009
	.2byte 0x0001, 0x0007, 0x0004, 0x100E, 0x0504, 0x0000, 0xBF8C, 0x0850
	.2byte 0xBFEC, 0x0850, 0x0000, 0x0000, 0x0000, 0x0000, 0x8501, 0x0000
	.2byte 0x0006, 0x0010, 0x0703, 0x0000, 0x0000, 0x0000, 0x0000, 0x0000
	.2byte 0x0000, 0x0000, 0x0007, 0x000B, 0x0103, 0x1004, 0x0101, 0x0000
	.2byte 0xC028, 0x0850, 0xC040, 0x0850, 0x0000, 0x0000, 0x0000, 0x0000
	.2byte 0x3A01, 0x0000, 0x0007, 0x0002, 0x0803, 0x0000, 0x0000, 0x0000
	.2byte 0x1421, 0x0821, 0x0000, 0x0000, 0x2202, 0x0000, 0x0005, 0x0005
	.2byte 0x0803, 0x0000, 0x0000, 0x0000, 0x142F, 0x0821, 0x0000, 0x0000
	.2byte 0x1503, 0x0000, 0x000A, 0x0007, 0x0A03, 0x0000, 0x0000, 0x0000
	.2byte 0x1438, 0x0821, 0x0000, 0x0000, 0xDB04, 0x0000, 0x0009, 0x0004
	.2byte 0x0703, 0x0000, 0x0000, 0x0000, 0x1441, 0x0821, 0x0319, 0x0000
	.2byte 0x0007, 0x0008, 0x0103, 0x0008, 0x0006, 0x0008, 0x0103, 0x0008
	.2byte 0x0001, 0x0006, 0x0004, 0x100D, 0x0304, 0x0000, 0xC05C, 0x0850
	.2byte 0xC0BC, 0x0850, 0x0000, 0x0000, 0x0000, 0x0000, 0x5501, 0x0000
	.2byte 0x0006, 0x0002, 0x0800, 0x0011, 0x0000, 0x0000, 0x4185, 0x0824
	.2byte 0x0000, 0x0000, 0x5502, 0x0000, 0x0002, 0x0002, 0x0803, 0x0011
	.2byte 0x0000, 0x0000, 0x418B, 0x0824, 0x0000, 0x0000, 0x5503, 0x0000
	.2byte 0x000A, 0x0002, 0x0800, 0x0011, 0x0000, 0x0000, 0x4191, 0x0824
	.2byte 0x0000, 0x0000, 0xDF04, 0x0000, 0x0001, 0x0002, 0x0800, 0x0011
	.2byte 0x0000, 0x0000, 0x6801, 0x0824, 0x02BE, 0x0000, 0x0001, 0x0006
	.2byte 0x0204, 0x100C, 0x0005, 0x0001, 0x0003, 0x193C, 0x0009, 0x0001
	.2byte 0x0003, 0x1919, 0x0304, 0x0000, 0xC0E8, 0x0850, 0xC148, 0x0850
	.2byte 0x0000, 0x0000, 0x0000, 0x0000, 0x5501, 0x0000, 0x0006, 0x0002
	.2byte 0x0800, 0x0011, 0x0000, 0x0000, 0x4185, 0x0824, 0x0000, 0x0000
	.2byte 0x5502, 0x0000, 0x0002, 0x0002, 0x0800, 0x0011, 0x0000, 0x0000
	.2byte 0x418B, 0x0824, 0x0000, 0x0000, 0x5503, 0x0000, 0x000A, 0x0002
	.2byte 0x0800, 0x0011, 0x0000, 0x0000, 0x4191, 0x0824, 0x0000, 0x0000
	.2byte 0xDF04, 0x0000, 0x0001, 0x0002, 0x0800, 0x0011, 0x0000, 0x0000
	.2byte 0x6801, 0x0824, 0x02BE, 0x0000, 0x0001, 0x0006, 0x0404, 0x100A
	.2byte 0x0005, 0x0001, 0x0003, 0x193C, 0x0009, 0x0001, 0x0003, 0x1919
	.2byte 0x0304, 0x0000, 0xC174, 0x0850, 0xC1D4, 0x0850, 0x0000, 0x0000
	.2byte 0x0000, 0x0000, 0x1501, 0x0000, 0x0005, 0x0003, 0x3203, 0x0033
	.2byte 0x0000, 0x0000, 0x1629, 0x0821, 0x02E3, 0x0000, 0xD302, 0x0000
	.2byte 0x0006, 0x0003, 0x0803, 0x0033, 0x0000, 0x0000, 0x171F, 0x0821
	.2byte 0x0371, 0x0000, 0x0005, 0x0008, 0x0000, 0x0013, 0x0006, 0x0008
	.2byte 0x0000, 0x0013, 0x0202, 0x0000, 0xC200, 0x0850, 0xC230, 0x0850
	.2byte 0x0000, 0x0000, 0x0000, 0x0000, 0x1401, 0x0000, 0x0000, 0x0003
	.2byte 0x0A03, 0x0000, 0x0000, 0x0000, 0x19DB, 0x0821, 0x0000, 0x0000
	.2byte 0x0E02, 0x0000, 0x0007, 0x0003, 0x0503, 0x0001, 0x0000, 0x0000
	.2byte 0x1A74, 0x0821, 0x0000, 0x0000, 0x0803, 0x0000, 0x000B, 0x0006
	.2byte 0x0204, 0x0022, 0x0000, 0x0000, 0x1AAA, 0x0821, 0x0000, 0x0000
	.2byte 0x0002, 0x0008, 0x0100, 0x0013, 0x0003, 0x0008, 0x0100, 0x0013
	.2byte 0x0203, 0x0000, 0xC254, 0x0850, 0xC29C, 0x0850, 0x0000, 0x0000
	.2byte 0x0000, 0x0000, 0x2F01, 0x0000, 0x0007, 0x0005, 0x0903, 0x0000
	.2byte 0x0000, 0x0000, 0x1B50, 0x0821, 0x0000, 0x0000, 0x1302, 0x0000
	.2byte 0x0004, 0x0005, 0x0A03, 0x0000, 0x0000, 0x0000, 0x1AF5, 0x0821
	.2byte 0x0000, 0x0000, 0x1203, 0x0000, 0x0007, 0x0004, 0x0903, 0x0001
	.2byte 0x0000, 0x0000, 0x1B0A, 0x0821, 0x0000, 0x0000, 0x1604, 0x0000
	.2byte 0x0004, 0x0004, 0x0A03, 0x0000, 0x0000, 0x0000, 0x1B65, 0x0821
	.2byte 0x0000, 0x0000, 0x0003, 0x0007, 0x0000, 0x001A, 0x0004, 0x0007
	.2byte 0x0000, 0x001A, 0x0204, 0x0000, 0xC2C0, 0x0850, 0xC320, 0x0850
	.2byte 0x0000, 0x0000, 0x0000, 0x0000, 0x1601, 0x0000, 0x0006, 0x0003
	.2byte 0x0903, 0x0000, 0x0000, 0x0000, 0x1DF7, 0x0821, 0x0000, 0x0000
	.2byte 0x0003, 0x0007, 0x0200, 0x001A, 0x0004, 0x0007, 0x0200, 0x001A
	.2byte 0x0201, 0x0000, 0xC344, 0x0850, 0xC35C, 0x0850, 0x0000, 0x0000
	.2byte 0x0000, 0x0000, 0x2D01, 0x0000, 0x0006, 0x0006, 0x0803, 0x0000
	.2byte 0x0000, 0x0000, 0x1F63, 0x0821, 0x0000, 0x0000, 0x7202, 0x0000
	.2byte 0x0006, 0x0003, 0x0103, 0x0000, 0x0000, 0x0000, 0x0000, 0x0000
	.2byte 0x0000, 0x0000, 0x0006, 0x000B, 0x0000, 0x001B, 0x0007, 0x000B
	.2byte 0x0100, 0x001B, 0x0202, 0x0000, 0xC380, 0x0850, 0xC3B0, 0x0850
	.2byte 0x0000, 0x0000, 0x0000, 0x0000, 0x2D01, 0x0000, 0x0006, 0x0006
	.2byte 0x0803, 0x0000, 0x0000, 0x0000, 0x2070, 0x0821, 0x0000, 0x0000
	.2byte 0x7202, 0x0000, 0x0006, 0x0003, 0x0103, 0x0000, 0x0000, 0x0000
	.2byte 0x0000, 0x0000, 0x0000, 0x0000, 0x0006, 0x000B, 0x0000, 0x180C
	.2byte 0x0007, 0x000B, 0x0100, 0x180C, 0x0202, 0x0000, 0xC3D4, 0x0850
	.2byte 0xC404, 0x0850, 0x0000, 0x0000, 0x0000, 0x0000, 0x0501, 0x0000
	.2byte 0x0003, 0x0002, 0x0803, 0x0011, 0x0000, 0x0000, 0x2136, 0x0821
	.2byte 0x0000, 0x0000, 0x0004, 0x0007, 0x0100, 0x001D, 0x0005, 0x0007
	.2byte 0x0100, 0x001D, 0x0004, 0x0001, 0x0000, 0x1401, 0x0005, 0x0003
	.2byte 0x0100, 0x0000, 0x216F, 0x0821, 0x0006, 0x0003, 0x0100, 0x0000
	.2byte 0x216F, 0x0821, 0x0007, 0x0002, 0x0100, 0x0000, 0x2178, 0x0821
	.2byte 0x0008, 0x0002, 0x0100, 0x0000, 0x2178, 0x0821, 0x0301, 0x0400
	.2byte 0xC428, 0x0850, 0xC440, 0x0850, 0x0000, 0x0000, 0xC458, 0x0850
	.2byte 0x2701, 0x0000, 0x0005, 0x0003, 0x0703, 0x0011, 0x0000, 0x0000
	.2byte 0x22EC, 0x0821, 0x0000, 0x0000, 0x0006, 0x0019, 0x0203, 0x1400
	.2byte 0x0007, 0x0019, 0x0203, 0x1400, 0x0006, 0x0002, 0x0000, 0x1862
	.2byte 0x0005, 0x0004, 0x0003, 0x40CC, 0x0001, 0x0000, 0x22CB, 0x0821
	.2byte 0x0006, 0x0004, 0x0003, 0x40CC, 0x0001, 0x0000, 0x22CB, 0x0821
	.2byte 0x0301, 0x0002, 0xC49C, 0x0850, 0xC4B4, 0x0850, 0xC4CC, 0x0850
	.2byte 0x0000, 0x0000, 0x1401, 0x0000, 0x0005, 0x0004, 0x0103, 0x0000
	.2byte 0x0000, 0x0000, 0x24DB, 0x0821, 0x0366, 0x0000, 0x0005, 0x0007
	.2byte 0x0200, 0x001D, 0x0006, 0x0007, 0x0200, 0x001D, 0x0005, 0x0001
	.2byte 0x0000, 0x0000, 0x2512, 0x0821, 0x0008, 0x0001, 0x0000, 0x0000
	.2byte 0x254E, 0x0821, 0x0007, 0x0001, 0x0000, 0x0000, 0x254E, 0x0821
	.2byte 0x0201, 0x0300, 0xC500, 0x0850, 0xC518, 0x0850, 0x0000, 0x0000
	.2byte 0xC528, 0x0850, 0x1901, 0x0000, 0x0006, 0x0005, 0x0A03, 0x0000
	.2byte 0x0000, 0x0000, 0x282A, 0x0821, 0x0000, 0x0000, 0x1902, 0x0000
	.2byte 0x0003, 0x0006, 0x0103, 0x0011, 0x0000, 0x0000, 0x283C, 0x0821
	.2byte 0x0000, 0x0000, 0x1903, 0x0000, 0x0007, 0x0002, 0x0703, 0x0001
	.2byte 0x0000, 0x0000, 0x2833, 0x0821, 0x0000, 0x0000, 0x0004, 0x0008
	.2byte 0x0100, 0x001F, 0x0005, 0x0008, 0x0100, 0x001F, 0x0203, 0x0000
	.2byte 0xC560, 0x0850, 0xC5A8, 0x0850, 0x0000, 0x0000, 0x0000, 0x0000
	.2byte 0x1E01, 0x0000, 0x0002, 0x0002, 0x0803, 0x0000, 0x0000, 0x0000
	.2byte 0x77DA, 0x0825, 0x0000, 0x0000, 0x0002, 0x0008, 0x0000, 0x0020
	.2byte 0x0003, 0x0008, 0x0000, 0x0020, 0x0201, 0x0000, 0xC5CC, 0x0850
	.2byte 0xC5E4, 0x0850, 0x0000, 0x0000, 0x0000, 0x0000, 0x2001, 0x0000
	.2byte 0x0011, 0x0009, 0x0903, 0x0000, 0x0000, 0x0000, 0x2A10, 0x0821
	.2byte 0x0000, 0x0000, 0x1F02, 0x0000, 0x000A, 0x0002, 0x0803, 0x0000
	.2byte 0x0000, 0x0000, 0x2A19, 0x0821, 0x0000, 0x0000, 0x1F03, 0x0000
	.2byte 0x0008, 0x0002, 0x0803, 0x0000, 0x0000, 0x0000, 0x0000, 0x0000
	.2byte 0x0000, 0x0000, 0x0002, 0x0005, 0x0000, 0x1A03, 0x0003, 0x0005
	.2byte 0x0000, 0x1A03, 0x000E, 0x000D, 0x0000, 0x0024, 0x000F, 0x000D
	.2byte 0x0000, 0x0024, 0x0008, 0x0004, 0x0003, 0x4001, 0x0000, 0x0000
	.2byte 0x2A42, 0x0821, 0x000F, 0x0001, 0x0000, 0x0000, 0x2B4B, 0x0821
	.2byte 0x0403, 0x0101, 0xC608, 0x0850, 0xC650, 0x0850, 0xC670, 0x0850
	.2byte 0xC680, 0x0850, 0x3B01, 0x0000, 0x0002, 0x0004, 0x0103, 0x0000
	.2byte 0x0000, 0x0000, 0x6F02, 0x0825, 0x0414, 0x0000, 0x3B02, 0x0000
	.2byte 0x0002, 0x000E, 0x0103, 0x0000, 0x0000, 0x0000, 0x6F1C, 0x0825
	.2byte 0x0416, 0x0000, 0x3B03, 0x0000, 0x001B, 0x0005, 0x0103, 0x0000
	.2byte 0x0000, 0x0000, 0x6F0F, 0x0825, 0x0415, 0x0000, 0x3B04, 0x0000
	.2byte 0x001A, 0x0020, 0x0103, 0x0000, 0x0000, 0x0000, 0x6F29, 0x0825
	.2byte 0x0417, 0x0000, 0x7705, 0x0000, 0x000C, 0x0014, 0x0803, 0x0000
	.2byte 0x0000, 0x0000, 0x0000, 0x0000, 0x03AB, 0x0000, 0x7706, 0x0000
	.2byte 0x000E, 0x0015, 0x0903, 0x0000, 0x0000, 0x0000, 0x0000, 0x0000
	.2byte 0x03AB, 0x0000, 0xC307, 0x0000, 0x0006, 0x0014, 0x0A03, 0x0000
	.2byte 0x0000, 0x0000, 0x0000, 0x0000, 0x03AA, 0x0000, 0x7508, 0x0000
	.2byte 0x0006, 0x0014, 0x0A03, 0x0000, 0x0000, 0x0000, 0x0000, 0x0000
	.2byte 0x03AA, 0x0000, 0x7509, 0x0000, 0x0006, 0x0015, 0x0103, 0x0000
	.2byte 0x0000, 0x0000, 0x0000, 0x0000, 0x03AA, 0x0000, 0x2E0A, 0x0000
	.2byte 0x000D, 0x0017, 0x1503, 0x0000, 0x0000, 0x0000, 0x2D4F, 0x0821
	.2byte 0x03AE, 0x0000, 0x001B, 0x0012, 0x0004, 0x001D, 0x0006, 0x0027
	.2byte 0x0003, 0x001E, 0x000A, 0x0003, 0x0003, 0x1801, 0x0005, 0x0004
	.2byte 0x0403, 0x1802, 0x001A, 0x001C, 0x0503, 0x1802, 0x0004, 0x0002
	.2byte 0x0000, 0x186B, 0x000E, 0x0012, 0x0004, 0x40BF, 0x0000, 0x0000
	.2byte 0x2B89, 0x0821, 0x0009, 0x003A, 0x0000, 0x0000, 0x0000, 0x0000
	.2byte 0x060A, 0x0101, 0xC6A0, 0x0850, 0xC790, 0x0850, 0xC7C0, 0x0850
	.2byte 0xC7D0, 0x0850, 0x2101, 0x0000, 0x000D, 0x0002, 0x0803, 0x0000
	.2byte 0x0001, 0x0001, 0x307A, 0x0821, 0x0000, 0x0000, 0x1502, 0x0000
	.2byte 0x0006, 0x000C, 0x0803, 0x0011, 0x0001, 0x0001, 0x30DC, 0x0821
	.2byte 0x0000, 0x0000, 0x1603, 0x0000, 0x0007, 0x000C, 0x0803, 0x0011
	.2byte 0x0001, 0x0001, 0x3140, 0x0821, 0x0000, 0x0000, 0x000A, 0x001D
	.2byte 0x0203, 0x1800, 0x0004, 0x000E, 0x0003, 0x1802, 0x0007, 0x0014
	.2byte 0x0103, 0x1802, 0x0015, 0x0017, 0x0203, 0x1802, 0x0009, 0x003A
	.2byte 0x0000, 0x0000, 0x0000, 0x0000, 0x0403, 0x0100, 0xC7F0, 0x0850
	.2byte 0xC838, 0x0850, 0x0000, 0x0000, 0xC858, 0x0850, 0x0005, 0x0006
	.2byte 0x0104, 0x1801, 0x0007, 0x000B, 0x0205, 0x1801, 0x0012, 0x000F
	.2byte 0x0304, 0x1801, 0x0011, 0x0003, 0x0003, 0x1803, 0x0003, 0x0017
	.2byte 0x0305, 0x1800, 0x0014, 0x0024, 0x0403, 0x1800, 0x0600, 0x0000
	.2byte 0x0000, 0x0000, 0xC878, 0x0850, 0x0000, 0x0000, 0x0000, 0x0000
	.2byte 0x3B01, 0x0000, 0x0005, 0x0003, 0x0103, 0x0011, 0x0000, 0x0000
	.2byte 0x6F36, 0x0825, 0x0438, 0x0000, 0x0005, 0x000F, 0x0303, 0x1802
	.2byte 0x0101, 0x0000, 0xC8BC, 0x0850, 0xC8D4, 0x0850, 0x0000, 0x0000
	.2byte 0x0000, 0x0000, 0x2C01, 0x0000, 0x0017, 0x0005, 0x0A03, 0x0000
	.2byte 0x0000, 0x0000, 0x363F, 0x0821, 0x0327, 0x0000, 0x5602, 0x0000
	.2byte 0x0018, 0x0005, 0x0103, 0x0000, 0x0000, 0x0000, 0x667C, 0x0825
	.2byte 0x03A3, 0x0000, 0x3B03, 0x0000, 0x0003, 0x0001, 0x0103, 0x0000
	.2byte 0x0000, 0x0000, 0x6E8D, 0x0825, 0x0418, 0x0000, 0x3B04, 0x0000
	.2byte 0x001E, 0x0002, 0x0103, 0x0000, 0x0000, 0x0000, 0x6E9A, 0x0825
	.2byte 0x0419, 0x0000, 0x1505, 0x0000, 0x0005, 0x0004, 0x0A03, 0x0000
	.2byte 0x0000, 0x0000, 0x0000, 0x0000, 0x036F, 0x0000, 0x7506, 0x0000
	.2byte 0x000E, 0x0005, 0x0903, 0x0000, 0x0000, 0x0000, 0x388B, 0x0821
	.2byte 0x036E, 0x0000, 0xD307, 0x0000, 0x000E, 0x0004, 0x0903, 0x0000
	.2byte 0x0000, 0x0000, 0x3878, 0x0821, 0x0370, 0x0000, 0x5608, 0x0000
	.2byte 0x0018, 0x0004, 0x0803, 0x0000, 0x0000, 0x0000, 0x667C, 0x0825
	.2byte 0x03A4, 0x0000, 0x3709, 0x0000, 0x0020, 0x000D, 0x0903, 0x0011
	.2byte 0x0001, 0x0003, 0x397A, 0x0821, 0x0000, 0x0000, 0x140A, 0x0000
	.2byte 0x0019, 0x0004, 0x0903, 0x0011, 0x0000, 0x0000, 0x3628, 0x0821
	.2byte 0x03D7, 0x0000, 0x0004, 0x000A, 0x0003, 0x001F, 0x001D, 0x0010
	.2byte 0x0403, 0x000E, 0x0012, 0x0014, 0x0203, 0x001F, 0x0017, 0x0004
	.2byte 0x0003, 0x0000, 0x0000, 0x0000, 0x383A, 0x0821, 0x0009, 0x0004
	.2byte 0x0003, 0x409A, 0x0002, 0x0000, 0x384C, 0x0821, 0x0009, 0x0005
	.2byte 0x0003, 0x409A, 0x0002, 0x0000, 0x384C, 0x0821, 0x0019, 0x0004
	.2byte 0x0003, 0x0000, 0x0000, 0x0000, 0x3840, 0x0821, 0x0019, 0x0005
	.2byte 0x0003, 0x0000, 0x0000, 0x0000, 0x3846, 0x0821, 0x030A, 0x0005
	.2byte 0xC8F0, 0x0850, 0xC9E0, 0x0850, 0xC9F8, 0x0850, 0x0000, 0x0000
	.2byte 0x0009, 0x0008, 0x0000, 0x0033, 0x000A, 0x0008, 0x0000, 0x0033
	.2byte 0x0200, 0x0000, 0x0000, 0x0000, 0xCA5C, 0x0850, 0x0000, 0x0000
	.2byte 0x0000, 0x0000, 0xC801, 0x0000, 0x0008, 0x0007, 0x0803, 0x0000
	.2byte 0x0000, 0x0000, 0x3E86, 0x0821, 0x03A7, 0x0000, 0x0008, 0x001D
	.2byte 0x0103, 0x001A, 0x0008, 0x0014, 0x0200, 0x1806, 0x0008, 0x000B
	.2byte 0x0103, 0x1806, 0x0008, 0x0014, 0x0000, 0x0000, 0x3E5F, 0x0821
	.2byte 0x0007, 0x0014, 0x0000, 0x0000, 0x3E7C, 0x0821, 0x0009, 0x0014
	.2byte 0x0000, 0x0000, 0x3E7C, 0x0821, 0x0301, 0x0300, 0xCA80, 0x0850
	.2byte 0xCA98, 0x0850, 0x0000, 0x0000, 0xCAB0, 0x0850, 0x3701, 0x0000
	.2byte 0x0024, 0x0009, 0x0103, 0x0000, 0x0000, 0x0000, 0x3EE2, 0x0821
	.2byte 0x0000, 0x0000, 0x3B02, 0x0000, 0x0011, 0x0007, 0x0803, 0x0000
	.2byte 0x0000, 0x0000, 0x6EA7, 0x0825, 0x041A, 0x0000, 0x0025, 0x000C
	.2byte 0x0003, 0x0015, 0x0023, 0x0003, 0x0003, 0x1808, 0x0011, 0x000B
	.2byte 0x0103, 0x1808, 0x0005, 0x000A, 0x0003, 0x180A, 0x0402, 0x0000
	.2byte 0xCAE8, 0x0850, 0xCB18, 0x0850, 0x0000, 0x0000, 0x0000, 0x0000
	.2byte 0x3B01, 0x0000, 0x000F, 0x0015, 0x0103, 0x0000, 0x0000, 0x0000
	.2byte 0x6EB4, 0x0825, 0x041B, 0x0000, 0x0019, 0x000D, 0x0103, 0x1807
	.2byte 0x0004, 0x0015, 0x0203, 0x1807, 0x001D, 0x000D, 0x0003, 0x1809
	.2byte 0x001C, 0x0015, 0x0103, 0x1809, 0x0008, 0x0005, 0x0203, 0x1809
	.2byte 0x000C, 0x0003, 0x0303, 0x1809, 0x001D, 0x0002, 0x0403, 0x1809
	.2byte 0x0701, 0x0000, 0xCB4C, 0x0850, 0xCB64, 0x0850, 0x0000, 0x0000
	.2byte 0x0000, 0x0000, 0x3B01, 0x0000, 0x0004, 0x0004, 0x0103, 0x0000
	.2byte 0x0000, 0x0000, 0x6EC1, 0x0825, 0x041D, 0x0000, 0x3B02, 0x0000
	.2byte 0x001D, 0x0004, 0x0103, 0x0000, 0x0000, 0x0000, 0x6ECE, 0x0825
	.2byte 0x041E, 0x0000, 0x5603, 0x0000, 0x0005, 0x000E, 0x0103, 0x0011
	.2byte 0x0000, 0x0000, 0x667C, 0x0825, 0x0011, 0x0000, 0x5604, 0x0000
	.2byte 0x0003, 0x000E, 0x0103, 0x0011, 0x0000, 0x0000, 0x667C, 0x0825
	.2byte 0x0012, 0x0000, 0x5605, 0x0000, 0x0002, 0x0010, 0x0103, 0x0011
	.2byte 0x0000, 0x0000, 0x667C, 0x0825, 0x0013, 0x0000, 0x5606, 0x0000
	.2byte 0x0007, 0x000C, 0x0103, 0x0011, 0x0000, 0x0000, 0x667C, 0x0825
	.2byte 0x0014, 0x0000, 0x5607, 0x0000, 0x0004, 0x0016, 0x0103, 0x0011
	.2byte 0x0000, 0x0000, 0x667C, 0x0825, 0x0015, 0x0000, 0x5608, 0x0000
	.2byte 0x0006, 0x0016, 0x0103, 0x0011, 0x0000, 0x0000, 0x667C, 0x0825
	.2byte 0x0016, 0x0000, 0x5609, 0x0000, 0x0003, 0x0015, 0x0103, 0x0011
	.2byte 0x0000, 0x0000, 0x667C, 0x0825, 0x0017, 0x0000, 0x001D, 0x000D
	.2byte 0x0203, 0x1808, 0x001C, 0x0015, 0x0303, 0x1808, 0x0008, 0x0005
	.2byte 0x0403, 0x1808, 0x000C, 0x0003, 0x0503, 0x1808, 0x001D, 0x0002
	.2byte 0x0603, 0x1808, 0x001C, 0x0006, 0x0703, 0x0000, 0x00C3, 0x0030
	.2byte 0x000F, 0x000B, 0x0703, 0x0000, 0x00C3, 0x0031, 0x0509, 0x0200
	.2byte 0xCBB0, 0x0850, 0xCC88, 0x0850, 0x0000, 0x0000, 0xCCB0, 0x0850
	.2byte 0x8601, 0x0000, 0x0007, 0x0008, 0x0103, 0x0000, 0x0000, 0x0000
	.2byte 0x4028, 0x0821, 0x0341, 0x0000, 0x0007, 0x0003, 0x0303, 0x1807
	.2byte 0x0101, 0x0000, 0xCCDC, 0x0850, 0xCCF4, 0x0850, 0x0000, 0x0000
	.2byte 0x0000, 0x0000, 0x5201, 0x0000, 0x0013, 0x000A, 0x0103, 0x0000
	.2byte 0x0000, 0x0000, 0x65C8, 0x0825, 0x0011, 0x0000, 0x5202, 0x0000
	.2byte 0x0013, 0x000B, 0x0103, 0x0000, 0x0000, 0x0000, 0x65C8, 0x0825
	.2byte 0x0012, 0x0000, 0x7503, 0x0000, 0x001A, 0x0011, 0x0A03, 0x0000
	.2byte 0x0000, 0x0000, 0x0000, 0x0000, 0x02D5, 0x0000, 0x1704, 0x0000
	.2byte 0x001A, 0x0014, 0x0103, 0x0000, 0x0000, 0x0000, 0x0000, 0x0000
	.2byte 0x02D4, 0x0000, 0x3B05, 0x0000, 0x002D, 0x0007, 0x0803, 0x0000
	.2byte 0x0000, 0x0000, 0x6E66, 0x0825, 0x0420, 0x0000, 0x3B06, 0x0000
	.2byte 0x0023, 0x0014, 0x0803, 0x0000, 0x0000, 0x0000, 0x6E59, 0x0825
	.2byte 0x041F, 0x0000, 0x3B07, 0x0000, 0x0004, 0x0008, 0x0103, 0x0000
	.2byte 0x0000, 0x0000, 0x6E73, 0x0825, 0x0422, 0x0000, 0x0908, 0x0000
	.2byte 0x000F, 0x0013, 0x0303, 0x0021, 0x0000, 0x0000, 0x44B2, 0x0821
	.2byte 0x0000, 0x0000, 0x2409, 0x0000, 0x0007, 0x0020, 0x1603, 0x0000
	.2byte 0x0001, 0x0003, 0x450F, 0x0821, 0x0000, 0x0000, 0x240A, 0x0000
	.2byte 0x0004, 0x000E, 0x1403, 0x0000, 0x0001, 0x0003, 0x4526, 0x0821
	.2byte 0x0000, 0x0000, 0x0D0B, 0x0000, 0x001E, 0x0022, 0x0203, 0x0012
	.2byte 0x0000, 0x0000, 0x44BB, 0x0821, 0x0000, 0x0000, 0x3B0C, 0x0000
	.2byte 0x0004, 0x001A, 0x0103, 0x0011, 0x0000, 0x0000, 0x6E80, 0x0825
	.2byte 0x045D, 0x0000, 0x0A0D, 0x0000, 0x0021, 0x0005, 0x0103, 0x0011
	.2byte 0x0000, 0x0000, 0x44C4, 0x0821, 0x0000, 0x0000, 0x000E, 0x0005
	.2byte 0x0200, 0x0013, 0x000F, 0x0005, 0x0300, 0x0013, 0x0010, 0x0026
	.2byte 0x0400, 0x0013, 0x0011, 0x0026, 0x0500, 0x0013, 0x0024, 0x0026
	.2byte 0x0600, 0x0013, 0x0025, 0x0026, 0x0700, 0x0013, 0x001A, 0x0017
	.2byte 0x0003, 0x4098, 0x0000, 0x0000, 0x4279, 0x0821, 0x001B, 0x0017
	.2byte 0x0003, 0x4098, 0x0000, 0x0000, 0x431B, 0x0821, 0x000E, 0x0020
	.2byte 0x0003, 0x0000, 0x44FD, 0x0821, 0x0027, 0x0023, 0x0703, 0x0000
	.2byte 0x000D, 0x003A, 0x001A, 0x0006, 0x0703, 0x0000, 0x0067, 0x003B
	.2byte 0x0028, 0x001D, 0x0703, 0x0000, 0x0067, 0x003C, 0x0004, 0x0013
	.2byte 0x0703, 0x0000, 0x0004, 0x003D, 0x000B, 0x0008, 0x0003, 0x0000
	.2byte 0x4506, 0x0821, 0x060D, 0x0602, 0xCD10, 0x0850, 0xCE48, 0x0850
	.2byte 0xCE78, 0x0850, 0xCE98, 0x0850, 0xC301, 0x0000, 0x0018, 0x0013
	.2byte 0x0903, 0x0000, 0x0000, 0x0000, 0x4BA8, 0x0821, 0x039E, 0x0000
	.2byte 0xC402, 0x0000, 0x000D, 0x0006, 0x0A03, 0x0000, 0x0000, 0x0000
	.2byte 0x4BDE, 0x0821, 0x039F, 0x0000, 0x7703, 0x0000, 0x000C, 0x000B
	.2byte 0x0903, 0x0000, 0x0001, 0x0002, 0x4E41, 0x0821, 0x039F, 0x0000
	.2byte 0x7704, 0x0000, 0x0020, 0x0005, 0x0903, 0x0000, 0x0000, 0x0000
	.2byte 0x4E93, 0x0821, 0x039F, 0x0000, 0x7705, 0x0000, 0x001C, 0x000C
	.2byte 0x0A03, 0x0000, 0x0000, 0x0000, 0x4E8A, 0x0821, 0x039F, 0x0000
	.2byte 0x7506, 0x0000, 0x0013, 0x0027, 0x0A03, 0x0000, 0x0000, 0x0000
	.2byte 0x4E2F, 0x0821, 0x039E, 0x0000, 0x7507, 0x0000, 0x001D, 0x0005
	.2byte 0x0A03, 0x0000, 0x0000, 0x0000, 0x4E26, 0x0821, 0x039E, 0x0000
	.2byte 0x7508, 0x0000, 0x001F, 0x000C, 0x0903, 0x0000, 0x0000, 0x0000
	.2byte 0x4E38, 0x0821, 0x039E, 0x0000, 0x1E09, 0x0000, 0x0013, 0x0027
	.2byte 0x0A03, 0x0000, 0x0000, 0x0000, 0x4CC6, 0x0821, 0x03E2, 0x0000
	.2byte 0x770A, 0x0000, 0x0016, 0x0027, 0x0903, 0x0000, 0x0000, 0x0000
	.2byte 0x4E9C, 0x0821, 0x039F, 0x0000, 0xDC0B, 0x0000, 0x0017, 0x0013
	.2byte 0x4A03, 0x0000, 0x0000, 0x0000, 0x4EAE, 0x0821, 0x039E, 0x0000
	.2byte 0xDC0C, 0x0000, 0x0017, 0x0012, 0x4003, 0x0000, 0x0000, 0x0000
	.2byte 0x4EA5, 0x0821, 0x039F, 0x0000, 0x770D, 0x0000, 0x0017, 0x0011
	.2byte 0x0803, 0x0000, 0x0000, 0x0000, 0x4E78, 0x0821, 0x039F, 0x0000
	.2byte 0xDC0E, 0x0000, 0x0017, 0x0014, 0x4103, 0x0000, 0x0000, 0x0000
	.2byte 0x4EA5, 0x0821, 0x039F, 0x0000, 0xDC0F, 0x0000, 0x0016, 0x0013
	.2byte 0x4303, 0x0000, 0x0000, 0x0000, 0x4EA5, 0x0821, 0x039F, 0x0000
	.2byte 0x7710, 0x0000, 0x0017, 0x0015, 0x0703, 0x0000, 0x0000, 0x0000
	.2byte 0x4E81, 0x0821, 0x039F, 0x0000, 0x7711, 0x0000, 0x0015, 0x0013
	.2byte 0x0A03, 0x0000, 0x0000, 0x0000, 0x4E6F, 0x0821, 0x039F, 0x0000
	.2byte 0xDC12, 0x0000, 0x001E, 0x000C, 0x4203, 0x0000, 0x0000, 0x0000
	.2byte 0x4EAE, 0x0821, 0x039E, 0x0000, 0xDC13, 0x0000, 0x001D, 0x000C
	.2byte 0x4303, 0x0000, 0x0000, 0x0000, 0x4EA5, 0x0821, 0x039F, 0x0000
	.2byte 0xDC14, 0x0000, 0x001E, 0x0005, 0x4303, 0x0000, 0x0000, 0x0000
	.2byte 0x4EAE, 0x0821, 0x039E, 0x0000, 0xDC15, 0x0000, 0x001F, 0x0005
	.2byte 0x4203, 0x0000, 0x0000, 0x0000, 0x4EA5, 0x0821, 0x039F, 0x0000
	.2byte 0x7716, 0x0000, 0x0009, 0x0010, 0x0A03, 0x0000, 0x0001, 0x0003
	.2byte 0x4E58, 0x0821, 0x039F, 0x0000, 0xDC17, 0x0000, 0x0014, 0x0027
	.2byte 0x4303, 0x0000, 0x0000, 0x0000, 0x4EAE, 0x0821, 0x039E, 0x0000
	.2byte 0xDC18, 0x0000, 0x0015, 0x0027, 0x4203, 0x0000, 0x0000, 0x0000
	.2byte 0x4EA5, 0x0821, 0x039F, 0x0000, 0x1619, 0x0000, 0x0010, 0x0012
	.2byte 0x0D03, 0x0000, 0x0001, 0x0003, 0x4F1D, 0x0821, 0x036D, 0x0000
	.2byte 0x2D1A, 0x0000, 0x000E, 0x0007, 0x4603, 0x0000, 0x0001, 0x0006
	.2byte 0x4F7F, 0x0821, 0x036D, 0x0000, 0x2D1B, 0x0000, 0x001D, 0x0007
	.2byte 0x1103, 0x0011, 0x0001, 0x0003, 0x4F96, 0x0821, 0x036D, 0x0000
	.2byte 0x2D1C, 0x0000, 0x001B, 0x0011, 0x1003, 0x0011, 0x0001, 0x0003
	.2byte 0x4FAD, 0x0821, 0x036D, 0x0000, 0x781D, 0x0000, 0x000D, 0x0010
	.2byte 0x0903, 0x0011, 0x0001, 0x0003, 0x4FC4, 0x0821, 0x039F, 0x0000
	.2byte 0x371E, 0x0000, 0x0007, 0x0007, 0x0A03, 0x0011, 0x0001, 0x0006
	.2byte 0x4FDB, 0x0821, 0x036D, 0x0000, 0x0011, 0x0024, 0x0000, 0x1301
	.2byte 0x0012, 0x0024, 0x0100, 0x1301, 0x0014, 0x0029, 0x0203, 0x180D
	.2byte 0x0015, 0x0029, 0x0303, 0x180D, 0x000E, 0x0006, 0x0000, 0x0000
	.2byte 0x4EB7, 0x0821, 0x0018, 0x0025, 0x0003, 0x0000, 0x4F14, 0x0821
	.2byte 0x041E, 0x0200, 0xCEF4, 0x0850, 0xD1C4, 0x0850, 0x0000, 0x0000
	.2byte 0xD1E4, 0x0850, 0x3701, 0x0000, 0x000A, 0x0008, 0x0A03, 0x0000
	.2byte 0x0001, 0x0003, 0x5C21, 0x0821, 0x0000, 0x0000, 0x1F02, 0x0000
	.2byte 0x0010, 0x0023, 0x0E03, 0x0000, 0x0001, 0x0004, 0x5C97, 0x0821
	.2byte 0x0000, 0x0000, 0x3B03, 0x0000, 0x0017, 0x0018, 0x0103, 0x0000
	.2byte 0x0000, 0x0000, 0x6EDB, 0x0825, 0x042E, 0x0000, 0x2004, 0x0000
	.2byte 0x0009, 0x0015, 0x1003, 0x0011, 0x0001, 0x0003, 0x5C38, 0x0821
	.2byte 0x0000, 0x0000, 0x7705, 0x0000, 0x0010, 0x0013, 0x0703, 0x0011
	.2byte 0x0000, 0x0000, 0x5BB4, 0x0821, 0x034F, 0x0000, 0x2006, 0x0000
	.2byte 0x000E, 0x0019, 0x0A03, 0x0011, 0x0001, 0x0003, 0x5D0D, 0x0821
	.2byte 0x0000, 0x0000, 0x3807, 0x0000, 0x0012, 0x0019, 0x0903, 0x0011
	.2byte 0x0001, 0x0003, 0x5CF6, 0x0821, 0x0000, 0x0000, 0x000E, 0x0028
	.2byte 0x0203, 0x001B, 0x000F, 0x0028, 0x0303, 0x001B, 0x000D, 0x0005
	.2byte 0x0203, 0x180C, 0x000E, 0x0005, 0x0303, 0x180C, 0x0010, 0x0012
	.2byte 0x0000, 0x1856, 0x000D, 0x000F, 0x0003, 0x0002, 0x0000, 0x0000
	.2byte 0x0000, 0x0000, 0x0015, 0x000C, 0x0003, 0x0008, 0x0000, 0x0000
	.2byte 0x0000, 0x0000, 0x000E, 0x000F, 0x0003, 0x0002, 0x0000, 0x0000
	.2byte 0x0000, 0x0000, 0x0012, 0x0011, 0x0003, 0x0002, 0x0000, 0x0000
	.2byte 0x0000, 0x0000, 0x0016, 0x0013, 0x0003, 0x0002, 0x0000, 0x0000
	.2byte 0x0000, 0x0000, 0x0015, 0x000F, 0x0003, 0x40C8, 0x0001, 0x0000
	.2byte 0x5B57, 0x0821, 0x0016, 0x0014, 0x0003, 0x40C8, 0x0001, 0x0000
	.2byte 0x5B57, 0x0821, 0x0015, 0x0014, 0x0003, 0x40C8, 0x0001, 0x0000
	.2byte 0x5B57, 0x0821, 0x000E, 0x000F, 0x0003, 0x40C8, 0x0001, 0x0000
	.2byte 0x5B57, 0x0821, 0x000D, 0x000F, 0x0003, 0x40C8, 0x0001, 0x0000
	.2byte 0x5B57, 0x0821, 0x0008, 0x000A, 0x0703, 0x0000, 0x0017, 0x004D
	.2byte 0x0007, 0x001D, 0x0703, 0x0000, 0x0003, 0x004C, 0x0507, 0x020A
	.2byte 0xD210, 0x0850, 0xD2B8, 0x0850, 0xD2E0, 0x0850, 0xD380, 0x0850
	.2byte 0x3B01, 0x0000, 0x0008, 0x0003, 0x0103, 0x0011, 0x0000, 0x0000
	.2byte 0x6EF5, 0x0825, 0x0443, 0x0000, 0x5702, 0x0000, 0x000A, 0x000F
	.2byte 0x0103, 0x0000, 0x0000, 0x0000, 0x6754, 0x0825, 0x0011, 0x0000
	.2byte 0x5703, 0x0000, 0x0011, 0x000F, 0x0103, 0x0000, 0x0000, 0x0000
	.2byte 0x6754, 0x0825, 0x0012, 0x0000, 0x5704, 0x0000, 0x0008, 0x000B
	.2byte 0x0103, 0x0000, 0x0000, 0x0000, 0x6754, 0x0825, 0x0013, 0x0000
	.2byte 0x5705, 0x0000, 0x0003, 0x000C, 0x0103, 0x0000, 0x0000, 0x0000
	.2byte 0x6754, 0x0825, 0x0014, 0x0000, 0x5706, 0x0000, 0x0006, 0x0017
	.2byte 0x0103, 0x0000, 0x0000, 0x0000, 0x6754, 0x0825, 0x0015, 0x0000
	.2byte 0x5707, 0x0000, 0x0005, 0x0018, 0x0103, 0x0000, 0x0000, 0x0000
	.2byte 0x6754, 0x0825, 0x0016, 0x0000, 0x3B08, 0x0000, 0x0007, 0x0020
	.2byte 0x0103, 0x0011, 0x0000, 0x0000, 0x6EE8, 0x0825, 0x0457, 0x0000
	.2byte 0x001A, 0x0024, 0x0403, 0x001B, 0x001A, 0x0004, 0x0503, 0x001B
	.2byte 0x0208, 0x0000, 0xD3AC, 0x0850, 0xD46C, 0x0850, 0x0000, 0x0000
	.2byte 0x0000, 0x0000, 0x1E01, 0x0000, 0x0015, 0x0002, 0x0803, 0x0011
	.2byte 0x0000, 0x0000, 0x611A, 0x0821, 0x0000, 0x0000, 0x1202, 0x0000
	.2byte 0x0011, 0x0008, 0x0703, 0x0011, 0x0000, 0x0000, 0x6153, 0x0821
	.2byte 0x0000, 0x0000, 0x4103, 0x0000, 0x000D, 0x000A, 0x0903, 0x0011
	.2byte 0x0000, 0x0000, 0x615C, 0x0821, 0x0000, 0x0000, 0x0011, 0x0012
	.2byte 0x0003, 0x0025, 0x0003, 0x0006, 0x0003, 0x1815, 0x0012, 0x0012
	.2byte 0x0003, 0x0025, 0x0004, 0x0006, 0x0003, 0x1815, 0x000B, 0x0001
	.2byte 0x0003, 0x1810, 0x0014, 0x0009, 0x0403, 0x1810, 0x0603, 0x0000
	.2byte 0xD490, 0x0850, 0xD4D8, 0x0850, 0x0000, 0x0000, 0x0000, 0x0000
	.2byte 0x2701, 0x0000, 0x0003, 0x0006, 0x0A03, 0x0011, 0x0001, 0x0002
	.2byte 0x625D, 0x0821, 0x0000, 0x0000, 0x3B02, 0x0000, 0x0000, 0x000A
	.2byte 0x0103, 0x0011, 0x0000, 0x0000, 0x7054, 0x0825, 0x0469, 0x0000
	.2byte 0x1003, 0x0000, 0x0009, 0x0003, 0x0A03, 0x0011, 0x0000, 0x0000
	.2byte 0x624B, 0x0821, 0x0000, 0x0000, 0x1904, 0x0000, 0x000C, 0x000A
	.2byte 0x0803, 0x0011, 0x0000, 0x0000, 0x6254, 0x0821, 0x0000, 0x0000
	.2byte 0x1A05, 0x0000, 0x0002, 0x0009, 0x0803, 0x0011, 0x0001, 0x0001
	.2byte 0x628F, 0x0821, 0x0000, 0x0000, 0x4106, 0x0000, 0x0003, 0x0009
	.2byte 0x0803, 0x0011, 0x0001, 0x0001, 0x6274, 0x0821, 0x0000, 0x0000
	.2byte 0x2C07, 0x0000, 0x0006, 0x0009, 0x0703, 0x0011, 0x0001, 0x0002
	.2byte 0x62C1, 0x0821, 0x0000, 0x0000, 0x2808, 0x0000, 0x0006, 0x0006
	.2byte 0x1103, 0x0011, 0x0001, 0x0002, 0x62AA, 0x0821, 0x0000, 0x0000
	.2byte 0x0002, 0x0001, 0x0403, 0x180F, 0x000A, 0x0001, 0x0003, 0x1811
	.2byte 0x000A, 0x000C, 0x0403, 0x1811, 0x0006, 0x000C, 0x0503, 0x1811
	.2byte 0x000B, 0x0009, 0x0503, 0x180F, 0x0508, 0x0000, 0xD51C, 0x0850
	.2byte 0xD5DC, 0x0850, 0x0000, 0x0000, 0x0000, 0x0000, 0x2501, 0x0000
	.2byte 0x0001, 0x0004, 0x1203, 0x0011, 0x0001, 0x0004, 0x65F2, 0x0821
	.2byte 0x0000, 0x0000, 0x2F02, 0x0000, 0x000B, 0x0004, 0x1103, 0x0011
	.2byte 0x0001, 0x0004, 0x6609, 0x0821, 0x0000, 0x0000, 0x3B03, 0x0000
	.2byte 0x0000, 0x0007, 0x0103, 0x0011, 0x0000, 0x0000, 0x7061, 0x0825
	.2byte 0x0460, 0x0000, 0x1404, 0x0000, 0x0006, 0x0004, 0x0E03, 0x0011
	.2byte 0x0001, 0x0004, 0x6620, 0x0821, 0x0000, 0x0000, 0x000A, 0x0001
	.2byte 0x0103, 0x1810, 0x0002, 0x0001, 0x0103, 0x1812, 0x0009, 0x000A
	.2byte 0x0403, 0x1812, 0x0001, 0x000C, 0x0503, 0x1812, 0x000A, 0x000C
	.2byte 0x0203, 0x1810, 0x0006, 0x000C, 0x0303, 0x1810, 0x0604, 0x0000
	.2byte 0xD618, 0x0850, 0xD678, 0x0850, 0x0000, 0x0000, 0x0000, 0x0000
	.2byte 0x2801, 0x0000, 0x000B, 0x0007, 0x1803, 0x0011, 0x0001, 0x0002
	.2byte 0x68FB, 0x0821, 0x0000, 0x0000, 0x3B02, 0x0000, 0x0003, 0x000B
	.2byte 0x0103, 0x0011, 0x0000, 0x0000, 0x706E, 0x0825, 0x046A, 0x0000
	.2byte 0x000A, 0x0001, 0x0103, 0x1813, 0x0002, 0x0005, 0x0103, 0x1811
	.2byte 0x000C, 0x000A, 0x0303, 0x1813, 0x000C, 0x000C, 0x0403, 0x1813
	.2byte 0x0009, 0x000A, 0x0203, 0x1811, 0x0002, 0x000C, 0x0303, 0x1811
	.2byte 0x0602, 0x0000, 0xD6BC, 0x0850, 0xD6EC, 0x0850, 0x0000, 0x0000
	.2byte 0x0000, 0x0000, 0x2C01, 0x0000, 0x0003, 0x0007, 0x1103, 0x0011
	.2byte 0x0001, 0x0002, 0x6881, 0x0821, 0x0000, 0x0000, 0x3B02, 0x0000
	.2byte 0x0006, 0x000B, 0x0103, 0x0011, 0x0000, 0x0000, 0x707B, 0x0825
	.2byte 0x041C, 0x0000, 0x0002, 0x0001, 0x0003, 0x1814, 0x000A, 0x0005
	.2byte 0x0003, 0x1812, 0x0001, 0x000A, 0x0103, 0x1814, 0x000C, 0x000A
	.2byte 0x0203, 0x1812, 0x000C, 0x000C, 0x0303, 0x1812, 0x0502, 0x0000
	.2byte 0xD730, 0x0850, 0xD760, 0x0850, 0x0000, 0x0000, 0x0000, 0x0000
	.2byte 0x2801, 0x0000, 0x0006, 0x0003, 0x1703, 0x0011, 0x0001, 0x0003
	.2byte 0x6987, 0x0821, 0x0000, 0x0000, 0x3B02, 0x0000, 0x0006, 0x0009
	.2byte 0x0103, 0x0011, 0x0000, 0x0000, 0x7088, 0x0825, 0x0441, 0x0000
	.2byte 0x2503, 0x0000, 0x000A, 0x0003, 0x1803, 0x0011, 0x0001, 0x0003
	.2byte 0x69E9, 0x0821, 0x0000, 0x0000, 0x0002, 0x0001, 0x0003, 0x1813
	.2byte 0x0001, 0x000A, 0x0203, 0x1813, 0x0203, 0x0000, 0xD79C, 0x0850
	.2byte 0xD7E4, 0x0850, 0x0000, 0x0000, 0x0000, 0x0000, 0x3B01, 0x0000
	.2byte 0x001B, 0x000F, 0x0103, 0x0000, 0x0000, 0x0000, 0x7095, 0x0825
	.2byte 0x0431, 0x0000, 0x3B02, 0x0000, 0x0013, 0x0028, 0x0103, 0x0000
	.2byte 0x0000, 0x0000, 0x70A2, 0x0825, 0x0432, 0x0000, 0x000A, 0x002A
	.2byte 0x0103, 0x180F, 0x0013, 0x000A, 0x0103, 0x1816, 0x0014, 0x000A
	.2byte 0x0103, 0x1816, 0x0018, 0x0015, 0x0003, 0x0000, 0x0000, 0x0000
	.2byte 0x6B6A, 0x0821, 0x0019, 0x0015, 0x0003, 0x0000, 0x0000, 0x0000
	.2byte 0x6B6A, 0x0821, 0x0016, 0x001B, 0x0003, 0x0000, 0x0000, 0x0000
	.2byte 0x6B6F, 0x0821, 0x0017, 0x001C, 0x0003, 0x0000, 0x0000, 0x0000
	.2byte 0x6B6F, 0x0821, 0x001A, 0x0015, 0x0003, 0x0000, 0x0000, 0x0000
	.2byte 0x6B6A, 0x0821, 0x0009, 0x0008, 0x0700, 0x0000, 0x0002, 0x001D
	.2byte 0x0010, 0x0016, 0x0700, 0x0000, 0x0023, 0x004E, 0x0302, 0x0205
	.2byte 0xD808, 0x0850, 0xD838, 0x0850, 0xD850, 0x0850, 0xD8A0, 0x0850
	.2byte 0x1D01, 0x0000, 0x0016, 0x0005, 0x0803, 0x0000, 0x0000, 0x0000
	.2byte 0x6CB9, 0x0821, 0x0000, 0x0000, 0xC302, 0x0000, 0x0017, 0x0006
	.2byte 0x0703, 0x0000, 0x0000, 0x0000, 0x0000, 0x0000, 0x0394, 0x0000
	.2byte 0x1603, 0x0000, 0x0017, 0x0005, 0x0803, 0x0000, 0x0000, 0x0000
	.2byte 0x6D1F, 0x0821, 0x0000, 0x0000, 0x7504, 0x0000, 0x0015, 0x000F
	.2byte 0x0A03, 0x0000, 0x0001, 0x0003, 0x6F7A, 0x0821, 0x0395, 0x0000
	.2byte 0x7505, 0x0000, 0x0019, 0x0012, 0x0903, 0x0000, 0x0001, 0x0003
	.2byte 0x6F91, 0x0821, 0x0395, 0x0000, 0x7506, 0x0000, 0x0015, 0x000B
	.2byte 0x0A03, 0x0000, 0x0001, 0x0003, 0x6FA8, 0x0821, 0x0395, 0x0000
	.2byte 0x7607, 0x0000, 0x0019, 0x000B, 0x0903, 0x0011, 0x0001, 0x0003
	.2byte 0x6FBF, 0x0821, 0x0395, 0x0000, 0xC408, 0x0000, 0x0017, 0x0006
	.2byte 0x0703, 0x0011, 0x0000, 0x0000, 0x0000, 0x0000, 0x0358, 0x0000
	.2byte 0x0016, 0x001F, 0x0103, 0x1815, 0x0017, 0x001F, 0x0103, 0x1815
	.2byte 0x0018, 0x001F, 0x0103, 0x1815, 0x0016, 0x0007, 0x0003, 0x40B9
	.2byte 0x0000, 0x0000, 0x6B95, 0x0821, 0x0017, 0x0007, 0x0003, 0x40B9
	.2byte 0x0000, 0x0000, 0x6BA1, 0x0821, 0x0018, 0x0007, 0x0003, 0x40B9
	.2byte 0x0000, 0x0000, 0x6BAD, 0x0821, 0x0016, 0x0009, 0x0003, 0x40B9
	.2byte 0x0002, 0x0000, 0x6D69, 0x0821, 0x0017, 0x0009, 0x0003, 0x40B9
	.2byte 0x0002, 0x0000, 0x6D75, 0x0821, 0x0018, 0x0009, 0x0003, 0x40B9
	.2byte 0x0002, 0x0000, 0x6D81, 0x0821, 0x0009, 0x0019, 0x0700, 0x0000
	.2byte 0x0046, 0x004F, 0x0025, 0x0007, 0x0703, 0x0000, 0x0044, 0x0050
	.2byte 0x0308, 0x0206, 0xD8CC, 0x0850, 0xD98C, 0x0850, 0xD9A4, 0x0850
	.2byte 0xDA04, 0x0850, 0x7501, 0x0000, 0x000D, 0x000B, 0x0803, 0x0000
	.2byte 0x0000, 0x0000, 0x7936, 0x0821, 0x0335, 0x0000, 0x7502, 0x0000
	.2byte 0x000E, 0x000B, 0x0803, 0x0000, 0x0000, 0x0000, 0x7968, 0x0821
	.2byte 0x0336, 0x0000, 0x7503, 0x0000, 0x0014, 0x0004, 0x3203, 0x005D
	.2byte 0x0001, 0x0003, 0x799A, 0x0821, 0x039C, 0x0000, 0x000D, 0x001B
	.2byte 0x0601, 0x0005, 0x000E, 0x001B, 0x0601, 0x0005, 0x0016, 0x0001
	.2byte 0x0003, 0x1818, 0x0303, 0x0000, 0xDA30, 0x0850, 0xDA78, 0x0850
	.2byte 0x0000, 0x0000, 0x0000, 0x0000, 0x7501, 0x0000, 0x001C, 0x0010
	.2byte 0x0803, 0x0000, 0x0001, 0x0004, 0x7D8E, 0x0821, 0x039C, 0x0000
	.2byte 0x7502, 0x0000, 0x0006, 0x0006, 0x0903, 0x0000, 0x0001, 0x0005
	.2byte 0x7DB9, 0x0821, 0x039C, 0x0000, 0x3B03, 0x0000, 0x001D, 0x000C
	.2byte 0x0103, 0x0000, 0x0000, 0x0000, 0x70C9, 0x0825, 0x042F, 0x0000
	.2byte 0x7604, 0x0000, 0x0014, 0x0012, 0x1703, 0x0004, 0x0001, 0x0004
	.2byte 0x7DDE, 0x0821, 0x039C, 0x0000, 0x3B05, 0x0000, 0x000F, 0x0009
	.2byte 0x0103, 0x0011, 0x0000, 0x0000, 0x70AF, 0x0825, 0x0464, 0x0000
	.2byte 0x3B06, 0x0000, 0x0010, 0x0009, 0x0103, 0x0011, 0x0000, 0x0000
	.2byte 0x7CF4, 0x0821, 0x03D1, 0x0000, 0x3B07, 0x0000, 0x000F, 0x000A
	.2byte 0x0103, 0x0011, 0x0000, 0x0000, 0x70BC, 0x0825, 0x046C, 0x0000
	.2byte 0x3B08, 0x0000, 0x0010, 0x000A, 0x0103, 0x0011, 0x0000, 0x0000
	.2byte 0x7D41, 0x0821, 0x03D2, 0x0000, 0x7609, 0x0000, 0x001C, 0x0015
	.2byte 0x0703, 0x0011, 0x0001, 0x0004, 0x7DF5, 0x0821, 0x039C, 0x0000
	.2byte 0x001D, 0x0001, 0x0203, 0x1817, 0x0012, 0x0001, 0x0003, 0x1819
	.2byte 0x000C, 0x0001, 0x0103, 0x1819, 0x0003, 0x0003, 0x0203, 0x1819
	.2byte 0x001F, 0x0004, 0x0703, 0x1818, 0x001B, 0x0004, 0x0803, 0x1818
	.2byte 0x0014, 0x0004, 0x0A03, 0x1818, 0x001B, 0x000C, 0x0403, 0x1818
	.2byte 0x0003, 0x000F, 0x0503, 0x1818, 0x0003, 0x0014, 0x0C03, 0x1818
	.2byte 0x0020, 0x0013, 0x0603, 0x1818, 0x0017, 0x000A, 0x1603, 0x1818
	.2byte 0x002D, 0x0003, 0x0903, 0x1818, 0x002A, 0x0005, 0x1203, 0x1818
	.2byte 0x002D, 0x0005, 0x0C03, 0x1818, 0x0030, 0x0005, 0x1003, 0x1818
	.2byte 0x002A, 0x0009, 0x0F03, 0x1818, 0x002D, 0x0009, 0x1403, 0x1818
	.2byte 0x0030, 0x0009, 0x0D03, 0x1818, 0x002A, 0x000D, 0x1803, 0x1818
	.2byte 0x002D, 0x000D, 0x1103, 0x1818, 0x0030, 0x000D, 0x0C03, 0x1818
	.2byte 0x002A, 0x0011, 0x0B03, 0x1818, 0x002D, 0x0011, 0x1103, 0x1818
	.2byte 0x0030, 0x0011, 0x1303, 0x1818, 0x1909, 0x0000, 0xDAA4, 0x0850
	.2byte 0xDB7C, 0x0850, 0x0000, 0x0000, 0x0000, 0x0000, 0x7501, 0x0000
	.2byte 0x0017, 0x0013, 0x0903, 0x0000, 0x0000, 0x0000, 0x7FD9, 0x0821
	.2byte 0x039C, 0x0000, 0x7502, 0x0000, 0x0017, 0x000A, 0x2D03, 0x0034
	.2byte 0x0001, 0x0003, 0x805A, 0x0821, 0x039C, 0x0000, 0x3B03, 0x0000
	.2byte 0x0003, 0x000D, 0x0103, 0x0000, 0x0000, 0x0000, 0x70D6, 0x0825
	.2byte 0x0430, 0x0000, 0x8D04, 0x0000, 0x0013, 0x0014, 0x0901, 0x0000
	.2byte 0x0000, 0x0000, 0x0000, 0x0000, 0x03AF, 0x0000, 0x7605, 0x0000
	.2byte 0x0007, 0x0005, 0x0A03, 0x0011, 0x0001, 0x0005, 0x807F, 0x0821
	.2byte 0x039C, 0x0000, 0x7506, 0x0000, 0x000D, 0x0005, 0x0903, 0x0011
	.2byte 0x0001, 0x0005, 0x8096, 0x0821, 0x039C, 0x0000, 0x0012, 0x0001
	.2byte 0x0103, 0x1818, 0x000C, 0x0001, 0x0203, 0x1818, 0x0003, 0x0003
	.2byte 0x0303, 0x1818, 0x001F, 0x0008, 0x0503, 0x1819, 0x0008, 0x0008
	.2byte 0x0803, 0x1819, 0x0005, 0x0008, 0x0303, 0x1819, 0x0012, 0x000D
	.2byte 0x0703, 0x1819, 0x000C, 0x000D, 0x0603, 0x1819, 0x001F, 0x0011
	.2byte 0x0403, 0x1819, 0x0020, 0x0014, 0x0403, 0x1818, 0x001C, 0x0011
	.2byte 0x0003, 0x4001, 0x0000, 0x0000, 0x7FB5, 0x0821, 0x001C, 0x0010
	.2byte 0x0003, 0x4001, 0x0000, 0x0000, 0x7FB5, 0x0821, 0x0A06, 0x0002
	.2byte 0xDC58, 0x0850, 0xDCE8, 0x0850, 0xDD38, 0x0850, 0x0000, 0x0000
	.2byte 0x6401, 0x0000, 0x0005, 0x0004, 0x4C03, 0x0011, 0x0000, 0x0000
	.2byte 0x83EF, 0x0821, 0x03D4, 0x0000, 0x6402, 0x0000, 0x0006, 0x0004
	.2byte 0x4C03, 0x0011, 0x0000, 0x0000, 0x83EF, 0x0821, 0x03D4, 0x0000
	.2byte 0x6403, 0x0000, 0x0007, 0x0004, 0x4C03, 0x0011, 0x0000, 0x0000
	.2byte 0x83EF, 0x0821, 0x03D4, 0x0000, 0x6404, 0x0000, 0x0008, 0x0004
	.2byte 0x4C03, 0x0011, 0x0000, 0x0000, 0x83EF, 0x0821, 0x03D4, 0x0000
	.2byte 0x0006, 0x0007, 0x0000, 0x0035, 0x0104, 0x0000, 0xDD6C, 0x0850
	.2byte 0xDDCC, 0x0850, 0x0000, 0x0000, 0x0000, 0x0000, 0x7501, 0x0000
	.2byte 0x000A, 0x0002, 0x0703, 0x0011, 0x0000, 0x0000, 0x8465, 0x0821
	.2byte 0x03AD, 0x0000, 0x000A, 0x0012, 0x0003, 0x0035, 0x000A, 0x0001
	.2byte 0x0003, 0x181C, 0x0201, 0x0000, 0xDDE8, 0x0850, 0xDE00, 0x0850
	.2byte 0x0000, 0x0000, 0x0000, 0x0000, 0x5701, 0x0000, 0x0005, 0x000B
	.2byte 0x0103, 0x0000, 0x0000, 0x0000, 0x6754, 0x0825, 0x0011, 0x0000
	.2byte 0x5702, 0x0000, 0x000C, 0x000B, 0x0103, 0x0000, 0x0000, 0x0000
	.2byte 0x6754, 0x0825, 0x0012, 0x0000, 0x5603, 0x0000, 0x0005, 0x000A
	.2byte 0x0103, 0x0000, 0x0000, 0x0000, 0x667C, 0x0825, 0x0013, 0x0000
	.2byte 0x7504, 0x0000, 0x0008, 0x0006, 0x0103, 0x0011, 0x0001, 0x0002
	.2byte 0x865F, 0x0821, 0x03B2, 0x0000, 0x7505, 0x0000, 0x000F, 0x000A
	.2byte 0x1003, 0x0011, 0x0001, 0x0003, 0x8676, 0x0821, 0x03B2, 0x0000
	.2byte 0x0005, 0x0012, 0x0103, 0x181B, 0x0011, 0x000D, 0x0003, 0x1820
	.2byte 0x0006, 0x0002, 0x0003, 0x181D, 0x0305, 0x0000, 0xDE24, 0x0850
	.2byte 0xDE9C, 0x0850, 0x0000, 0x0000, 0x0000, 0x0000, 0x5701, 0x0000
	.2byte 0x000D, 0x0003, 0x0103, 0x0000, 0x0000, 0x0000, 0x6754, 0x0825
	.2byte 0x0012, 0x0000, 0x5702, 0x0000, 0x000A, 0x0003, 0x0103, 0x0000
	.2byte 0x0000, 0x0000, 0x6754, 0x0825, 0x0013, 0x0000, 0x5703, 0x0000
	.2byte 0x000D, 0x0005, 0x0103, 0x0000, 0x0000, 0x0000, 0x6754, 0x0825
	.2byte 0x0011, 0x0000, 0x5704, 0x0000, 0x0004, 0x0005, 0x0103, 0x0000
	.2byte 0x0000, 0x0000, 0x6754, 0x0825, 0x0015, 0x0000, 0x5705, 0x0000
	.2byte 0x0007, 0x0004, 0x0103, 0x0000, 0x0000, 0x0000, 0x6754, 0x0825
	.2byte 0x0016, 0x0000, 0x5606, 0x0000, 0x0008, 0x0007, 0x0103, 0x0000
	.2byte 0x0000, 0x0000, 0x667C, 0x0825, 0x0018, 0x0000, 0x5607, 0x0000
	.2byte 0x0009, 0x0003, 0x0103, 0x0000, 0x0000, 0x0000, 0x667C, 0x0825
	.2byte 0x0019, 0x0000, 0x5708, 0x0000, 0x0004, 0x0008, 0x0103, 0x0000
	.2byte 0x0000, 0x0000, 0x6754, 0x0825, 0x0017, 0x0000, 0x000A, 0x0007
	.2byte 0x0203, 0x181C, 0x0004, 0x000A, 0x0003, 0x181F, 0x0006, 0x0001
	.2byte 0x0003, 0x1821, 0x000B, 0x0001, 0x0003, 0x1822, 0x0408, 0x0000
	.2byte 0xDEC8, 0x0850, 0xDF88, 0x0850, 0x0000, 0x0000, 0x0000, 0x0000
	.2byte 0x5701, 0x0000, 0x000D, 0x000A, 0x0103, 0x0000, 0x0000, 0x0000
	.2byte 0x6754, 0x0825, 0x0012, 0x0000, 0x5702, 0x0000, 0x000B, 0x000A
	.2byte 0x0103, 0x0000, 0x0000, 0x0000, 0x6754, 0x0825, 0x0014, 0x0000
	.2byte 0x5703, 0x0000, 0x000C, 0x0009, 0x0103, 0x0000, 0x0000, 0x0000
	.2byte 0x6754, 0x0825, 0x0015, 0x0000, 0x5704, 0x0000, 0x000C, 0x0007
	.2byte 0x0103, 0x0000, 0x0000, 0x0000, 0x6754, 0x0825, 0x0016, 0x0000
	.2byte 0x5705, 0x0000, 0x000B, 0x0008, 0x0103, 0x0000, 0x0000, 0x0000
	.2byte 0x6754, 0x0825, 0x0017, 0x0000, 0x5706, 0x0000, 0x000C, 0x000B
	.2byte 0x0103, 0x0000, 0x0000, 0x0000, 0x6754, 0x0825, 0x0018, 0x0000
	.2byte 0x5707, 0x0000, 0x000D, 0x0008, 0x0103, 0x0000, 0x0000, 0x0000
	.2byte 0x6754, 0x0825, 0x0019, 0x0000, 0x7608, 0x0000, 0x0009, 0x0005
	.2byte 0x0903, 0x0011, 0x0001, 0x0006, 0x873F, 0x0821, 0x03B2, 0x0000
	.2byte 0x7509, 0x0000, 0x0005, 0x0005, 0x0A03, 0x0011, 0x0001, 0x0004
	.2byte 0x8756, 0x0821, 0x03B2, 0x0000, 0x0008, 0x0001, 0x0103, 0x1823
	.2byte 0x0009, 0x000D, 0x0103, 0x1822, 0x0004, 0x000F, 0x0103, 0x1821
	.2byte 0x0309, 0x0000, 0xDFBC, 0x0850, 0xE094, 0x0850, 0x0000, 0x0000
	.2byte 0x0000, 0x0000, 0x7501, 0x0000, 0x0005, 0x0008, 0x1103, 0x0011
	.2byte 0x0001, 0x0003, 0x892F, 0x0821, 0x03B2, 0x0000, 0x7602, 0x0000
	.2byte 0x0005, 0x000C, 0x0703, 0x0011, 0x0001, 0x0003, 0x8946, 0x0821
	.2byte 0x03B2, 0x0000, 0x000D, 0x0001, 0x0103, 0x181D, 0x0004, 0x0001
	.2byte 0x0103, 0x1820, 0x0009, 0x000A, 0x0203, 0x1820, 0x000A, 0x000F
	.2byte 0x0103, 0x181B, 0x0402, 0x0000, 0xE0C0, 0x0850, 0xE0F0, 0x0850
	.2byte 0x0000, 0x0000, 0x0000, 0x0000, 0x5701, 0x0000, 0x0003, 0x000B
	.2byte 0x0103, 0x0000, 0x0000, 0x0000, 0x6754, 0x0825, 0x0011, 0x0000
	.2byte 0x5702, 0x0000, 0x0004, 0x000B, 0x0103, 0x0000, 0x0000, 0x0000
	.2byte 0x6754, 0x0825, 0x0012, 0x0000, 0x5703, 0x0000, 0x000B, 0x0007
	.2byte 0x0103, 0x0000, 0x0000, 0x0000, 0x6754, 0x0825, 0x0013, 0x0000
	.2byte 0x5604, 0x0000, 0x0003, 0x000D, 0x0103, 0x0000, 0x0000, 0x0000
	.2byte 0x667C, 0x0825, 0x0015, 0x0000, 0x5605, 0x0000, 0x000D, 0x0008
	.2byte 0x0103, 0x0000, 0x0000, 0x0000, 0x667C, 0x0825, 0x0016, 0x0000
	.2byte 0x5706, 0x0000, 0x000C, 0x0008, 0x0103, 0x0000, 0x0000, 0x0000
	.2byte 0x6754, 0x0825, 0x0014, 0x0000, 0x0004, 0x0001, 0x0103, 0x181C
	.2byte 0x000F, 0x000C, 0x0103, 0x181F, 0x0007, 0x0011, 0x0203, 0x181F
	.2byte 0x0306, 0x0000, 0xE124, 0x0850, 0xE1B4, 0x0850, 0x0000, 0x0000
	.2byte 0x0000, 0x0000, 0x000B, 0x0015, 0x0203, 0x181D, 0x0004, 0x0001
	.2byte 0x0203, 0x181E, 0x000E, 0x0008, 0x0101, 0x181B, 0x0300, 0x0000
	.2byte 0x0000, 0x0000, 0xE1E0, 0x0850, 0x0000, 0x0000, 0x0000, 0x0000
	.2byte 0x0003, 0x0017, 0x0303, 0x181D, 0x0005, 0x0001, 0x0103, 0x181E
	.2byte 0x0200, 0x0000, 0x0000, 0x0000, 0xE20C, 0x0850, 0x0000, 0x0000
	.2byte 0x0000, 0x0000, 0x5701, 0x0000, 0x0004, 0x0007, 0x0103, 0x0000
	.2byte 0x0000, 0x0000, 0x6754, 0x0825, 0x0011, 0x0000, 0x5702, 0x0000
	.2byte 0x0005, 0x0007, 0x0103, 0x0000, 0x0000, 0x0000, 0x6754, 0x0825
	.2byte 0x0012, 0x0000, 0x5703, 0x0000, 0x0006, 0x0007, 0x0103, 0x0000
	.2byte 0x0000, 0x0000, 0x6754, 0x0825, 0x0013, 0x0000, 0x5704, 0x0000
	.2byte 0x0003, 0x0006, 0x0103, 0x0000, 0x0000, 0x0000, 0x6754, 0x0825
	.2byte 0x0014, 0x0000, 0x5705, 0x0000, 0x0007, 0x0006, 0x0103, 0x0000
	.2byte 0x0000, 0x0000, 0x6754, 0x0825, 0x0015, 0x0000, 0x5706, 0x0000
	.2byte 0x0004, 0x0005, 0x0103, 0x0000, 0x0000, 0x0000, 0x6754, 0x0825
	.2byte 0x0016, 0x0000, 0x5707, 0x0000, 0x0005, 0x0005, 0x0103, 0x0000
	.2byte 0x0000, 0x0000, 0x6754, 0x0825, 0x0017, 0x0000, 0x5708, 0x0000
	.2byte 0x0006, 0x0005, 0x0103, 0x0000, 0x0000, 0x0000, 0x6754, 0x0825
	.2byte 0x0018, 0x0000, 0x5709, 0x0000, 0x0003, 0x0004, 0x0103, 0x0000
	.2byte 0x0000, 0x0000, 0x6754, 0x0825, 0x0019, 0x0000, 0x570A, 0x0000
	.2byte 0x0004, 0x0004, 0x0103, 0x0000, 0x0000, 0x0000, 0x6754, 0x0825
	.2byte 0x001A, 0x0000, 0x570B, 0x0000, 0x0006, 0x0004, 0x0103, 0x0000
	.2byte 0x0000, 0x0000, 0x6754, 0x0825, 0x001B, 0x0000, 0x570C, 0x0000
	.2byte 0x0007, 0x0004, 0x0103, 0x0000, 0x0000, 0x0000, 0x6754, 0x0825
	.2byte 0x001C, 0x0000, 0x0005, 0x0002, 0x0003, 0x1824, 0x0005, 0x000C
	.2byte 0x0003, 0x181E, 0x020C, 0x0000, 0xE230, 0x0850, 0xE350, 0x0850
	.2byte 0x0000, 0x0000, 0x0000, 0x0000, 0xC501, 0x0000, 0x0011, 0x0026
	.2byte 0x0803, 0x0000, 0x0000, 0x0000, 0x0000, 0x0000, 0x035B, 0x0000
	.2byte 0xC302, 0x0000, 0x0009, 0x002A, 0x0A03, 0x0000, 0x0000, 0x0000
	.2byte 0x0000, 0x0000, 0x033C, 0x0000, 0xC403, 0x0000, 0x0009, 0x002A
	.2byte 0x0A03, 0x0000, 0x0000, 0x0000, 0x0000, 0x0000, 0x033D, 0x0000
	.2byte 0x7704, 0x0000, 0x0008, 0x0029, 0x0A03, 0x0000, 0x0000, 0x0000
	.2byte 0x0000, 0x0000, 0x033F, 0x0000, 0x7805, 0x0000, 0x0008, 0x002A
	.2byte 0x0A03, 0x0000, 0x0000, 0x0000, 0x0000, 0x0000, 0x033F, 0x0000
	.2byte 0x3B06, 0x0000, 0x000E, 0x0005, 0x0103, 0x0011, 0x0000, 0x0000
	.2byte 0x7158, 0x0825, 0x0442, 0x0000, 0xCD07, 0x0000, 0x0011, 0x0026
	.2byte 0x0803, 0x0011, 0x0000, 0x0000, 0x0000, 0x0000, 0x02DD, 0x0000
	.2byte 0x0005, 0x0004, 0x0003, 0x1823, 0x0011, 0x002A, 0x0003, 0x40A2
	.2byte 0x0000, 0x0000, 0x89FE, 0x0821, 0x0107, 0x0001, 0xE374, 0x0850
	.2byte 0xE41C, 0x0850, 0xE424, 0x0850, 0x0000, 0x0000, 0x0009, 0x0014
	.2byte 0x0303, 0x0007, 0x0009, 0x0005, 0x0003, 0x1826, 0x0200, 0x0000
	.2byte 0x0000, 0x0000, 0xE448, 0x0850, 0x0000, 0x0000, 0x0000, 0x0000
	.2byte 0x000B, 0x0011, 0x0103, 0x1825, 0x000E, 0x0005, 0x0003, 0x182A
	.2byte 0x0200, 0x0000, 0x0000, 0x0000, 0xE46C, 0x0850, 0x0000, 0x0000
	.2byte 0x0000, 0x0000, 0x000D, 0x0005, 0x0103, 0x1826, 0x0005, 0x000B
	.2byte 0x0003, 0x1828, 0x0200, 0x0000, 0x0000, 0x0000, 0xE490, 0x0850
	.2byte 0x0000, 0x0000, 0x0000, 0x0000, 0x0005, 0x000A, 0x0103, 0x1827
	.2byte 0x0008, 0x000E, 0x0003, 0x1829, 0x0200, 0x0000, 0x0000, 0x0000
	.2byte 0xE4B4, 0x0850, 0x0000, 0x0000, 0x0000, 0x0000, 0x0007, 0x000E
	.2byte 0x0103, 0x1828, 0x000C, 0x0006, 0x0003, 0x182A, 0x0200, 0x0000
	.2byte 0x0000, 0x0000, 0xE4D8, 0x0850, 0x0000, 0x0000, 0x0000, 0x0000
	.2byte 0x8501, 0x0000, 0x0009, 0x000D, 0x0703, 0x0011, 0x0000, 0x0000
	.2byte 0x90FF, 0x0821, 0x0334, 0x0000, 0x0009, 0x0003, 0x0103, 0x1826
	.2byte 0x0101, 0x0000, 0xE4FC, 0x0850, 0xE514, 0x0850, 0x0000, 0x0000
	.2byte 0x0000, 0x0000, 0x2101, 0x0000, 0x0021, 0x0016, 0x0803, 0x0000
	.2byte 0x0001, 0x0003, 0x9595, 0x0821, 0x0000, 0x0000, 0x2202, 0x0000
	.2byte 0x0006, 0x000F, 0x0904, 0x0000, 0x0001, 0x0004, 0x95C3, 0x0821
	.2byte 0x0000, 0x0000, 0x2103, 0x0000, 0x001B, 0x0022, 0x1203, 0x0000
	.2byte 0x0001, 0x0003, 0x95AC, 0x0821, 0x0000, 0x0000, 0x8704, 0x0000
	.2byte 0x000C, 0x0019, 0x0804, 0x0011, 0x0000, 0x0000, 0x954E, 0x0821
	.2byte 0x035A, 0x0000, 0x3B05, 0x0000, 0x0028, 0x001A, 0x0103, 0x0011
	.2byte 0x0000, 0x0000, 0x71DA, 0x0825, 0x043C, 0x0000, 0x3B06, 0x0000
	.2byte 0x0025, 0x0027, 0x0104, 0x0011, 0x0000, 0x0000, 0x71E7, 0x0825
	.2byte 0x043D, 0x0000, 0x8707, 0x0000, 0x001F, 0x0009, 0x0103, 0x0011
	.2byte 0x0000, 0x0000, 0x9557, 0x0821, 0x02EF, 0x0000, 0x2208, 0x0000
	.2byte 0x001D, 0x0011, 0x0A03, 0x0011, 0x0001, 0x0002, 0x95F1, 0x0821
	.2byte 0x0000, 0x0000, 0x2109, 0x0000, 0x0020, 0x0011, 0x0903, 0x0011
	.2byte 0x0001, 0x0002, 0x95DA, 0x0821, 0x0000, 0x0000, 0x000F, 0x0028
	.2byte 0x0203, 0x0008, 0x0027, 0x0005, 0x0303, 0x0008, 0x0015, 0x0020
	.2byte 0x0503, 0x182C, 0x002A, 0x0026, 0x0204, 0x182C, 0x0009, 0x000E
	.2byte 0x0404, 0x182C, 0x0002, 0x0017, 0x0004, 0x40C3, 0x0000, 0x0000
	.2byte 0x94D1, 0x0821, 0x0003, 0x0017, 0x0004, 0x40C3, 0x0000, 0x0000
	.2byte 0x94EA, 0x0821, 0x001E, 0x0027, 0x0704, 0x0000, 0x0002, 0x0051
	.2byte 0x0509, 0x0102, 0xE530, 0x0850, 0xE608, 0x0850, 0xE630, 0x0850
	.2byte 0xE650, 0x0850, 0x5701, 0x0000, 0x0014, 0x0005, 0x0103, 0x0000
	.2byte 0x0000, 0x0000, 0x6754, 0x0825, 0x0013, 0x0000, 0x5702, 0x0000
	.2byte 0x0015, 0x0004, 0x0103, 0x0000, 0x0000, 0x0000, 0x6754, 0x0825
	.2byte 0x0014, 0x0000, 0x5703, 0x0000, 0x0004, 0x0007, 0x0103, 0x0000
	.2byte 0x0000, 0x0000, 0x6754, 0x0825, 0x0011, 0x0000, 0x5704, 0x0000
	.2byte 0x0009, 0x000A, 0x0103, 0x0000, 0x0000, 0x0000, 0x6754, 0x0825
	.2byte 0x0012, 0x0000, 0x5705, 0x0000, 0x0014, 0x001A, 0x0103, 0x0000
	.2byte 0x0000, 0x0000, 0x6754, 0x0825, 0x0017, 0x0000, 0x5706, 0x0000
	.2byte 0x0015, 0x0019, 0x0103, 0x0000, 0x0000, 0x0000, 0x6754, 0x0825
	.2byte 0x0016, 0x0000, 0x5707, 0x0000, 0x0023, 0x0006, 0x0103, 0x0000
	.2byte 0x0000, 0x0000, 0x6754, 0x0825, 0x001E, 0x0000, 0x5608, 0x0000
	.2byte 0x0013, 0x0005, 0x0103, 0x0000, 0x0000, 0x0000, 0x667C, 0x0825
	.2byte 0x0019, 0x0000, 0x5609, 0x0000, 0x0014, 0x0004, 0x0103, 0x0000
	.2byte 0x0000, 0x0000, 0x667C, 0x0825, 0x001A, 0x0000, 0x560A, 0x0000
	.2byte 0x0012, 0x000C, 0x0103, 0x0000, 0x0000, 0x0000, 0x667C, 0x0825
	.2byte 0x001B, 0x0000, 0x560B, 0x0000, 0x0014, 0x0019, 0x0103, 0x0000
	.2byte 0x0000, 0x0000, 0x667C, 0x0825, 0x001C, 0x0000, 0x560C, 0x0000
	.2byte 0x0015, 0x001A, 0x0103, 0x0000, 0x0000, 0x0000, 0x667C, 0x0825
	.2byte 0x001D, 0x0000, 0x570D, 0x0000, 0x0022, 0x0004, 0x0103, 0x0000
	.2byte 0x0000, 0x0000, 0x6754, 0x0825, 0x001F, 0x0000, 0x210E, 0x0000
	.2byte 0x0025, 0x000C, 0x0903, 0x0000, 0x0001, 0x0003, 0x996F, 0x0821
	.2byte 0x0000, 0x0000, 0x220F, 0x0000, 0x001A, 0x0010, 0x0703, 0x0000
	.2byte 0x0001, 0x0004, 0x9986, 0x0821, 0x0000, 0x0000, 0x2210, 0x0000
	.2byte 0x0005, 0x0015, 0x0903, 0x0000, 0x0001, 0x0002, 0x999D, 0x0821
	.2byte 0x0000, 0x0000, 0x5611, 0x0000, 0x0022, 0x0003, 0x0103, 0x0011
	.2byte 0x0000, 0x0000, 0x667C, 0x0825, 0x0015, 0x0000, 0x3B12, 0x0000
	.2byte 0x002A, 0x0008, 0x0104, 0x0011, 0x0000, 0x0000, 0x71F4, 0x0825
	.2byte 0x043E, 0x0000, 0x3B13, 0x0000, 0x0020, 0x0003, 0x0103, 0x0011
	.2byte 0x0000, 0x0000, 0x7201, 0x0825, 0x043F, 0x0000, 0x2114, 0x0000
	.2byte 0x000E, 0x0010, 0x0803, 0x0011, 0x0001, 0x0004, 0x99B4, 0x0821
	.2byte 0x0000, 0x0000, 0x2215, 0x0000, 0x000E, 0x0014, 0x1003, 0x0011
	.2byte 0x0001, 0x0003, 0x99CB, 0x0821, 0x0000, 0x0000, 0x001E, 0x0019
	.2byte 0x0003, 0x182D, 0x0011, 0x0010, 0x0203, 0x182D, 0x002A, 0x0019
	.2byte 0x0303, 0x182B, 0x002A, 0x0002, 0x0104, 0x182D, 0x0008, 0x0003
	.2byte 0x0403, 0x182B, 0x0014, 0x0015, 0x0203, 0x182B, 0x0005, 0x001A
	.2byte 0x0303, 0x182D, 0x0715, 0x0000, 0xE670, 0x0850, 0xE868, 0x0850
	.2byte 0x0000, 0x0000, 0x0000, 0x0000, 0x2101, 0x0000, 0x000F, 0x0006
	.2byte 0x0803, 0x0011, 0x0001, 0x0002, 0x9BA1, 0x0821, 0x0000, 0x0000
	.2byte 0x2102, 0x0000, 0x002B, 0x000E, 0x0703, 0x0011, 0x0001, 0x0004
	.2byte 0x9BB8, 0x0821, 0x0000, 0x0000, 0x2203, 0x0000, 0x0002, 0x0011
	.2byte 0x0803, 0x0011, 0x0001, 0x0002, 0x9BCF, 0x0821, 0x0000, 0x0000
	.2byte 0x2204, 0x0000, 0x0023, 0x0016, 0x0903, 0x0011, 0x0001, 0x0002
	.2byte 0x9BE6, 0x0821, 0x0000, 0x0000, 0x3B05, 0x0000, 0x000D, 0x0008
	.2byte 0x0103, 0x0011, 0x0000, 0x0000, 0x720E, 0x0825, 0x0440, 0x0000
	.2byte 0x2206, 0x0000, 0x0019, 0x0012, 0x0804, 0x0011, 0x0001, 0x0002
	.2byte 0x9C14, 0x0821, 0x0000, 0x0000, 0x2107, 0x0000, 0x0019, 0x0015
	.2byte 0x0704, 0x0011, 0x0001, 0x0002, 0x9BFD, 0x0821, 0x0000, 0x0000
	.2byte 0x001E, 0x0019, 0x0003, 0x182C, 0x002B, 0x0002, 0x0303, 0x182C
	.2byte 0x0013, 0x000C, 0x0103, 0x182C, 0x0005, 0x001A, 0x0603, 0x182C
	.2byte 0x001C, 0x0005, 0x0703, 0x0000, 0x0024, 0x0052, 0x0025, 0x0001
	.2byte 0x0703, 0x0000, 0x0054, 0x0053, 0x0407, 0x0200, 0xE8B4, 0x0850
	.2byte 0xE95C, 0x0850, 0x0000, 0x0000, 0xE97C, 0x0850, 0x3B01, 0x0000
	.2byte 0x001E, 0x0003, 0x0103, 0x0011, 0x0000, 0x0000, 0x7117, 0x0825
	.2byte 0x0439, 0x0000, 0x1502, 0x0000, 0x0012, 0x000F, 0x0903, 0x0011
	.2byte 0x0000, 0x0000, 0x9EA4, 0x0821, 0x0000, 0x0000, 0x0014, 0x001E
	.2byte 0x0003, 0x0028, 0x0013, 0x0005, 0x0003, 0x182F, 0x0006, 0x0002
	.2byte 0x0603, 0x182F, 0x001B, 0x0002, 0x0703, 0x182F, 0x0402, 0x0000
	.2byte 0xE9A8, 0x0850, 0xE9D8, 0x0850, 0x0000, 0x0000, 0x0000, 0x0000
	.2byte 0x3B01, 0x0000, 0x001A, 0x000E, 0x0105, 0x0011, 0x0000, 0x0000
	.2byte 0x7124, 0x0825, 0x043A, 0x0000, 0x0022, 0x001D, 0x0103, 0x182E
	.2byte 0x0026, 0x000F, 0x0003, 0x1830, 0x002A, 0x0004, 0x0103, 0x1830
	.2byte 0x0013, 0x000E, 0x0004, 0x1831, 0x000F, 0x0013, 0x0103, 0x1831
	.2byte 0x001E, 0x0019, 0x0203, 0x1831, 0x000E, 0x0021, 0x0205, 0x182E
	.2byte 0x0028, 0x0021, 0x0305, 0x182E, 0x001F, 0x0008, 0x0005, 0x0000
	.2byte 0xA157, 0x0821, 0x000E, 0x001A, 0x0003, 0x0000, 0xA193, 0x0821
	.2byte 0x0029, 0x0014, 0x0005, 0x0000, 0xA085, 0x0821, 0x0029, 0x000A
	.2byte 0x0005, 0x0000, 0xA0C1, 0x0821, 0x0006, 0x0009, 0x0003, 0x0000
	.2byte 0xA0F3, 0x0821, 0x0010, 0x000D, 0x0005, 0x0000, 0xA125, 0x0821
	.2byte 0x0801, 0x0600, 0xEA0C, 0x0850, 0xEA24, 0x0850, 0x0000, 0x0000
	.2byte 0xEA64, 0x0850, 0x3B01, 0x0000, 0x000D, 0x000C, 0x0103, 0x0011
	.2byte 0x0000, 0x0000, 0x7131, 0x0825, 0x043B, 0x0000, 0x0003, 0x000C
	.2byte 0x0103, 0x182F, 0x0007, 0x0004, 0x0203, 0x182F, 0x000B, 0x000B
	.2byte 0x0003, 0x0000, 0xA1E5, 0x0821, 0x0201, 0x0100, 0xEAC0, 0x0850
	.2byte 0xEAD8, 0x0850, 0x0000, 0x0000, 0xEAE8, 0x0850, 0x5701, 0x0000
	.2byte 0x0019, 0x0003, 0x0103, 0x0000, 0x0000, 0x0000, 0x6754, 0x0825
	.2byte 0x0011, 0x0000, 0x2C02, 0x0000, 0x000B, 0x0004, 0x0203, 0x0011
	.2byte 0x0000, 0x0000, 0xA27D, 0x0821, 0x0000, 0x0000, 0x0007, 0x0002
	.2byte 0x0303, 0x182F, 0x0002, 0x0006, 0x0403, 0x182F, 0x0013, 0x000B
	.2byte 0x0503, 0x182F, 0x001C, 0x000B, 0x0003, 0x1853, 0x0012, 0x0002
	.2byte 0x0003, 0x0000, 0xA241, 0x0821, 0x0402, 0x0100, 0xEB08, 0x0850
	.2byte 0xEB38, 0x0850, 0x0000, 0x0000, 0xEB58, 0x0850, 0x0000, 0x0000
	.2byte 0x0000, 0x0000, 0x0000, 0x0000, 0x0000, 0x0000, 0x0000, 0x0000
	.2byte 0x0000, 0x0000, 0x0000, 0x0000, 0x0000, 0x0000, 0x0000, 0x0000
	.2byte 0x0000, 0x0000, 0x0004, 0x0006, 0x0003, 0x0019, 0x0004, 0x0001
	.2byte 0x0003, 0x1835, 0x0004, 0x0002, 0x0003, 0x40BA, 0x0000, 0x0000
	.2byte 0xA378, 0x0821, 0x0200, 0x0001, 0x0000, 0x0000, 0xEBA0, 0x0850
	.2byte 0xEBB0, 0x0850, 0x0000, 0x0000, 0x3B01, 0x0000, 0x0020, 0x0019
	.2byte 0x0103, 0x0000, 0x0000, 0x0000, 0x6F43, 0x0825, 0x0433, 0x0000
	.2byte 0x3B02, 0x0000, 0x0010, 0x0016, 0x0103, 0x0000, 0x0000, 0x0000
	.2byte 0x6F50, 0x0825, 0x0434, 0x0000, 0x3B03, 0x0000, 0x0027, 0x0004
	.2byte 0x0103, 0x0011, 0x0000, 0x0000, 0x6F5D, 0x0825, 0x0456, 0x0000
	.2byte 0x3B04, 0x0000, 0x0011, 0x000A, 0x0103, 0x0011, 0x0000, 0x0000
	.2byte 0x6F6A, 0x0825, 0x0462, 0x0000, 0x3B05, 0x0000, 0x0002, 0x000B
	.2byte 0x0103, 0x0011, 0x0000, 0x0000, 0x6F77, 0x0825, 0x0463, 0x0000
	.2byte 0x3B06, 0x0000, 0x0019, 0x0012, 0x0103, 0x0011, 0x0000, 0x0000
	.2byte 0xA80A, 0x0821, 0x03CE, 0x0000, 0x3B07, 0x0000, 0x0006, 0x000B
	.2byte 0x0103, 0x0011, 0x0000, 0x0000, 0xA857, 0x0821, 0x03CF, 0x0000
	.2byte 0x3B08, 0x0000, 0x000D, 0x000A, 0x0103, 0x0011, 0x0000, 0x0000
	.2byte 0xA8A4, 0x0821, 0x03D0, 0x0000, 0x0020, 0x0021, 0x0103, 0x1834
	.2byte 0x001E, 0x0026, 0x0003, 0x4001, 0x0000, 0x0000, 0xA4B4, 0x0821
	.2byte 0x0012, 0x0024, 0x0003, 0x4002, 0x0000, 0x0000, 0xA4CC, 0x0821
	.2byte 0x0004, 0x001A, 0x0003, 0x4001, 0x0000, 0x0000, 0xA4B4, 0x0821
	.2byte 0x0010, 0x0016, 0x0003, 0x4001, 0x0000, 0x0000, 0xA4B4, 0x0821
	.2byte 0x0019, 0x0012, 0x0003, 0x4002, 0x0000, 0x0000, 0xA4CC, 0x0821
	.2byte 0x0002, 0x000B, 0x0003, 0x4002, 0x0000, 0x0000, 0xA4CC, 0x0821
	.2byte 0x0006, 0x000B, 0x0003, 0x4001, 0x0000, 0x0000, 0xA4B4, 0x0821
	.2byte 0x000D, 0x000A, 0x0003, 0x4001, 0x0000, 0x0000, 0xA4B4, 0x0821
	.2byte 0x0011, 0x000A, 0x0003, 0x4002, 0x0000, 0x0000, 0xA4CC, 0x0821
	.2byte 0x0021, 0x0006, 0x0003, 0x40BA, 0x0001, 0x0000, 0xA780, 0x0821
	.2byte 0x0020, 0x0004, 0x0003, 0x0000, 0xA7EA, 0x0821, 0x0020, 0x0003
	.2byte 0x0003, 0x0000, 0xA7EA, 0x0821, 0x0020, 0x0002, 0x0000, 0x0000
	.2byte 0xA7EA, 0x0821, 0x0021, 0x0004, 0x0003, 0x0000, 0xA7EA, 0x0821
	.2byte 0x0022, 0x0004, 0x0003, 0x0000, 0xA7EA, 0x0821, 0x0023, 0x0004
	.2byte 0x0003, 0x0000, 0xA7EA, 0x0821, 0x0023, 0x0003, 0x0003, 0x0000
	.2byte 0xA7EA, 0x0821, 0x0023, 0x0002, 0x0000, 0x0000, 0xA7EA, 0x0821
	.2byte 0x0108, 0x080A, 0xEBD4, 0x0850, 0xEC94, 0x0850, 0xEC9C, 0x0850
	.2byte 0xED3C, 0x0850, 0x000D, 0x000F, 0x0003, 0x0017, 0x000E, 0x000F
	.2byte 0x0003, 0x0017, 0x000D, 0x0009, 0x0103, 0x1837, 0x0008, 0x0009
	.2byte 0x0203, 0x1837, 0x000C, 0x0005, 0x0003, 0x183F, 0x0500, 0x0000
	.2byte 0x0000, 0x0000, 0xEDB0, 0x0850, 0x0000, 0x0000, 0x0000, 0x0000
	.2byte 0x2301, 0x0000, 0x0011, 0x0007, 0x0203, 0x0011, 0x0000, 0x0000
	.2byte 0xA97D, 0x0821, 0x0000, 0x0000, 0x3602, 0x0000, 0x0005, 0x000A
	.2byte 0x2D03, 0x0074, 0x0001, 0x0003, 0xA986, 0x0821, 0x0000, 0x0000
	.2byte 0x0009, 0x000B, 0x0203, 0x1836, 0x0008, 0x000B, 0x0203, 0x1836
	.2byte 0x0000, 0x000B, 0x0303, 0x1836, 0x0001, 0x000B, 0x0303, 0x1836
	.2byte 0x000B, 0x0009, 0x0003, 0x1838, 0x000E, 0x0009, 0x0303, 0x1838
	.2byte 0x000B, 0x0003, 0x0203, 0x1838, 0x000E, 0x0003, 0x0403, 0x1838
	.2byte 0x0003, 0x0009, 0x0003, 0x183E, 0x0010, 0x0002, 0x0703, 0x1839
	.2byte 0x0005, 0x0002, 0x0603, 0x1839, 0x0003, 0x0003, 0x0203, 0x183E
	.2byte 0x0C02, 0x0000, 0xEDEC, 0x0850, 0xEE1C, 0x0850, 0x0000, 0x0000
	.2byte 0x0000, 0x0000, 0x3001, 0x0000, 0x000C, 0x0005, 0x0203, 0x0011
	.2byte 0x0000, 0x0000, 0xA9FE, 0x0821, 0x0000, 0x0000, 0x3B02, 0x0000
	.2byte 0x0004, 0x0005, 0x0103, 0x0011, 0x0000, 0x0000, 0x6F84, 0x0825
	.2byte 0x0447, 0x0000, 0x2D03, 0x0000, 0x000A, 0x000B, 0x0803, 0x0011
	.2byte 0x0001, 0x0004, 0xAA1E, 0x0821, 0x0000, 0x0000, 0x2304, 0x0000
	.2byte 0x000A, 0x0010, 0x1003, 0x0011, 0x0001, 0x0004, 0xAA07, 0x0821
	.2byte 0x0000, 0x0000, 0x0004, 0x0010, 0x0403, 0x1837, 0x0005, 0x0010
	.2byte 0x0403, 0x1837, 0x0004, 0x0001, 0x0603, 0x1837, 0x000D, 0x0010
	.2byte 0x0503, 0x1837, 0x000D, 0x0001, 0x0703, 0x1837, 0x000E, 0x0010
	.2byte 0x0503, 0x1837, 0x0604, 0x0000, 0xEE90, 0x0850, 0xEEF0, 0x0850
	.2byte 0x0000, 0x0000, 0x0000, 0x0000, 0x3601, 0x0000, 0x0002, 0x0008
	.2byte 0x0203, 0x0011, 0x0000, 0x0000, 0xAC2B, 0x0821, 0x0000, 0x0000
	.2byte 0x3102, 0x0000, 0x0009, 0x0006, 0x0E03, 0x0000, 0x0001, 0x0004
	.2byte 0xAC7F, 0x0821, 0x0000, 0x0000, 0x0006, 0x0004, 0x0203, 0x183B
	.2byte 0x0003, 0x0004, 0x0003, 0x183B, 0x0005, 0x0007, 0x0003, 0x183A
	.2byte 0x0008, 0x0007, 0x0103, 0x183A, 0x000B, 0x0007, 0x0203, 0x183A
	.2byte 0x000B, 0x0004, 0x0003, 0x183D, 0x0000, 0x0002, 0x0A03, 0x1837
	.2byte 0x0008, 0x0002, 0x0903, 0x1837, 0x000B, 0x0004, 0x0003, 0x0000
	.2byte 0xAC34, 0x0821, 0x0802, 0x0100, 0xEF34, 0x0850, 0xEF64, 0x0850
	.2byte 0x0000, 0x0000, 0xEFA4, 0x0850, 0x1101, 0x0000, 0x0019, 0x0006
	.2byte 0x0903, 0x0000, 0x0000, 0x0000, 0xAD87, 0x0821, 0x0000, 0x0000
	.2byte 0x3B02, 0x0000, 0x0006, 0x0007, 0x0103, 0x0011, 0x0000, 0x0000
	.2byte 0x6F91, 0x0825, 0x0448, 0x0000, 0x0004, 0x0001, 0x0203, 0x1839
	.2byte 0x000D, 0x0001, 0x0303, 0x1839, 0x0016, 0x0001, 0x0403, 0x1839
	.2byte 0x0302, 0x0000, 0xEFC4, 0x0850, 0xEFF4, 0x0850, 0x0000, 0x0000
	.2byte 0x0000, 0x0000, 0x1F01, 0x0000, 0x0003, 0x0004, 0x0203, 0x0011
	.2byte 0x0000, 0x0000, 0xADC8, 0x0821, 0x0000, 0x0000, 0x3B02, 0x0000
	.2byte 0x000D, 0x0003, 0x0103, 0x0011, 0x0000, 0x0000, 0x6F9E, 0x0825
	.2byte 0x0449, 0x0000, 0x0004, 0x0007, 0x0103, 0x1839, 0x0005, 0x0007
	.2byte 0x0103, 0x1839, 0x000D, 0x0007, 0x0003, 0x1839, 0x000E, 0x0007
	.2byte 0x0003, 0x1839, 0x0402, 0x0000, 0xF020, 0x0850, 0xF050, 0x0850
	.2byte 0x0000, 0x0000, 0x0000, 0x0000, 0x0003, 0x0007, 0x0003, 0x1840
	.2byte 0x0004, 0x0007, 0x0003, 0x1840, 0x0200, 0x0000, 0x0000, 0x0000
	.2byte 0xF084, 0x0850, 0x0000, 0x0000, 0x0000, 0x0000, 0x3B01, 0x0000
	.2byte 0x0004, 0x0004, 0x0103, 0x0011, 0x0000, 0x0000, 0x6FAB, 0x0825
	.2byte 0x044A, 0x0000, 0x0004, 0x0007, 0x0503, 0x1839, 0x0005, 0x0007
	.2byte 0x0503, 0x1839, 0x0201, 0x0000, 0xF0A8, 0x0850, 0xF0C0, 0x0850
	.2byte 0x0000, 0x0000, 0x0000, 0x0000, 0x4101, 0x0000, 0x0007, 0x000D
	.2byte 0x0803, 0x0000, 0x0001, 0x0001, 0xAE1B, 0x0821, 0x0000, 0x0000
	.2byte 0x1A02, 0x0000, 0x0006, 0x000D, 0x0803, 0x0000, 0x0001, 0x0001
	.2byte 0xAE7F, 0x0821, 0x0000, 0x0000, 0x3B03, 0x0000, 0x0004, 0x0004
	.2byte 0x0103, 0x0011, 0x0000, 0x0000, 0x6FB8, 0x0825, 0x044B, 0x0000
	.2byte 0x3704, 0x0000, 0x0003, 0x0002, 0x0A03, 0x0011, 0x0001, 0x0003
	.2byte 0xAEFA, 0x0821, 0x0000, 0x0000, 0x3505, 0x0000, 0x0007, 0x0002
	.2byte 0x0903, 0x0011, 0x0001, 0x0003, 0xAEE3, 0x0821, 0x0000, 0x0000
	.2byte 0x0004, 0x0010, 0x0803, 0x1837, 0x0005, 0x0010, 0x0803, 0x1837
	.2byte 0x0004, 0x0001, 0x0B03, 0x1837, 0x0305, 0x0000, 0xF0E4, 0x0850
	.2byte 0xF15C, 0x0850, 0x0000, 0x0000, 0x0000, 0x0000, 0x2E01, 0x0000
	.2byte 0x0003, 0x0004, 0x0803, 0x0000, 0x0000, 0x0000, 0xB22E, 0x0821
	.2byte 0x0000, 0x0000, 0x3B02, 0x0000, 0x0000, 0x0006, 0x0103, 0x0011
	.2byte 0x0000, 0x0000, 0x6FC5, 0x0825, 0x044C, 0x0000, 0x0007, 0x0006
	.2byte 0x0403, 0x1836, 0x0008, 0x0006, 0x0403, 0x1836, 0x0202, 0x0000
	.2byte 0xF188, 0x0850, 0xF1B8, 0x0850, 0x0000, 0x0000, 0x0000, 0x0000
	.2byte 0x0003, 0x0001, 0x0003, 0x183C, 0x0100, 0x0000, 0x0000, 0x0000
	.2byte 0xF1DC, 0x0850, 0x0000, 0x0000, 0x0000, 0x0000, 0x0003, 0x0008
	.2byte 0x0003, 0x1842, 0x0006, 0x0008, 0x0203, 0x1842, 0x0009, 0x0008
	.2byte 0x0403, 0x1842, 0x0003, 0x0003, 0x0603, 0x1842, 0x0006, 0x0003
	.2byte 0x0703, 0x1842, 0x0009, 0x0003, 0x0803, 0x1842, 0x0003, 0x0008
	.2byte 0x0003, 0x0000, 0xB3ED, 0x0821, 0x0006, 0x0008, 0x0003, 0x0000
	.2byte 0xB424, 0x0821, 0x0003, 0x0004, 0x0000, 0x0000, 0xB45B, 0x0821
	.2byte 0x0009, 0x0004, 0x0000, 0x0000, 0xB492, 0x0821, 0x0600, 0x0400
	.2byte 0x0000, 0x0000, 0xF1F8, 0x0850, 0x0000, 0x0000, 0xF228, 0x0850
	.2byte 0x3B01, 0x0000, 0x0029, 0x0004, 0x0103, 0x0000, 0x0000, 0x0000
	.2byte 0x6FD2, 0x0825, 0x0435, 0x0000, 0x3B02, 0x0000, 0x0010, 0x000A
	.2byte 0x0103, 0x0000, 0x0000, 0x0000, 0x6FDF, 0x0825, 0x0436, 0x0000
	.2byte 0x3B03, 0x0000, 0x0005, 0x000B, 0x0103, 0x0011, 0x0000, 0x0000
	.2byte 0x6FF9, 0x0825, 0x044E, 0x0000, 0x3B04, 0x0000, 0x001F, 0x000B
	.2byte 0x0103, 0x0011, 0x0000, 0x0000, 0x6FEC, 0x0825, 0x044D, 0x0000
	.2byte 0x0006, 0x000E, 0x0003, 0x1841, 0x0007, 0x000E, 0x0003, 0x1841
	.2byte 0x0015, 0x000E, 0x0103, 0x1841, 0x0016, 0x000E, 0x0103, 0x1841
	.2byte 0x0024, 0x000E, 0x0203, 0x1841, 0x0025, 0x000E, 0x0203, 0x1841
	.2byte 0x0006, 0x0001, 0x0303, 0x1841, 0x0015, 0x0001, 0x0403, 0x1841
	.2byte 0x0024, 0x0001, 0x0503, 0x1841, 0x002A, 0x000A, 0x0703, 0x0000
	.2byte 0x0119, 0x001F, 0x0014, 0x0005, 0x0703, 0x0000, 0x011A, 0x0020
	.2byte 0x0001, 0x000C, 0x0703, 0x0000, 0x011B, 0x0021, 0x0001, 0x0002
	.2byte 0x0700, 0x0000, 0x011C, 0x0022, 0x0008, 0x0005, 0x0003, 0x0000
	.2byte 0xB74D, 0x0821, 0x000B, 0x0003, 0x0003, 0x0000, 0xB74D, 0x0821
	.2byte 0x000A, 0x000A, 0x0003, 0x0000, 0xB74D, 0x0821, 0x0010, 0x0003
	.2byte 0x0003, 0x0000, 0xB74D, 0x0821, 0x0019, 0x0002, 0x0003, 0x0000
	.2byte 0xB74D, 0x0821, 0x0018, 0x0006, 0x0003, 0x0000, 0xB74D, 0x0821
	.2byte 0x0904, 0x0A00, 0xF26C, 0x0850, 0xF2CC, 0x0850, 0x0000, 0x0000
	.2byte 0xF314, 0x0850, 0xC901, 0x0000, 0x0008, 0x0007, 0x0803, 0x0000
	.2byte 0x0000, 0x0000, 0xB89D, 0x0821, 0x03A8, 0x0000, 0x0008, 0x001D
	.2byte 0x0003, 0x0014, 0x0008, 0x0014, 0x0200, 0x1843, 0x0008, 0x000B
	.2byte 0x0103, 0x1843, 0x0008, 0x0014, 0x0000, 0x0000, 0xB834, 0x0821
	.2byte 0x0007, 0x0014, 0x0000, 0x0000, 0xB862, 0x0821, 0x0009, 0x0014
	.2byte 0x0000, 0x0000, 0xB862, 0x0821, 0x0301, 0x0300, 0xF3A0, 0x0850
	.2byte 0xF3B8, 0x0850, 0x0000, 0x0000, 0xF3D0, 0x0850, 0xCA01, 0x0000
	.2byte 0x0008, 0x0007, 0x0803, 0x0000, 0x0000, 0x0000, 0xB99F, 0x0821
	.2byte 0x03A9, 0x0000, 0x0008, 0x001D, 0x0003, 0x0023, 0x0008, 0x0014
	.2byte 0x0200, 0x1844, 0x0008, 0x000B, 0x0103, 0x1844, 0x0008, 0x0014
	.2byte 0x0000, 0x0000, 0xB978, 0x0821, 0x0007, 0x0014, 0x0000, 0x0000
	.2byte 0xB995, 0x0821, 0x0009, 0x0014, 0x0000, 0x0000, 0xB995, 0x0821
	.2byte 0x0301, 0x0300, 0xF408, 0x0850, 0xF420, 0x0850, 0x0000, 0x0000
	.2byte 0xF438, 0x0850, 0x0008, 0x0008, 0x0000, 0x1846, 0x0100, 0x0000
	.2byte 0x0000, 0x0000, 0xF470, 0x0850, 0x0000, 0x0000, 0x0000, 0x0000
	.2byte 0x0007, 0x0001, 0x0000, 0x1845, 0x000C, 0x002B, 0x0000, 0x0000
	.2byte 0xBA41, 0x0821, 0x0100, 0x0100, 0x0000, 0x0000, 0xF48C, 0x0850
	.2byte 0x0000, 0x0000, 0xF494, 0x0850, 0x000A, 0x0002, 0x0003, 0x1848
	.2byte 0x0005, 0x0006, 0x0000, 0x0000, 0xBAB1, 0x0821, 0x0005, 0x0009
	.2byte 0x0000, 0x0000, 0xBABB, 0x0821, 0x0005, 0x000C, 0x0000, 0x0000
	.2byte 0xBAC5, 0x0821, 0x0005, 0x000F, 0x0000, 0x0000, 0xBACF, 0x0821
	.2byte 0x000B, 0x0006, 0x0000, 0x0000, 0xBAD9, 0x0821, 0x000B, 0x0009
	.2byte 0x0000, 0x0000, 0xBAE3, 0x0821, 0x000B, 0x000C, 0x0000, 0x0000
	.2byte 0xBAED, 0x0821, 0x000B, 0x000F, 0x0000, 0x0000, 0xBB01, 0x0821
	.2byte 0x0010, 0x0006, 0x0000, 0x0000, 0xBAF7, 0x0821, 0x0010, 0x0009
	.2byte 0x0000, 0x0000, 0xBB0B, 0x0821, 0x000A, 0x0002, 0x0000, 0x0000
	.2byte 0xBB15, 0x0821, 0x0006, 0x0006, 0x0000, 0x0000, 0xBAB1, 0x0821
	.2byte 0x0004, 0x0006, 0x0000, 0x0000, 0xBAB1, 0x0821, 0x0004, 0x0009
	.2byte 0x0000, 0x0000, 0xBABB, 0x0821, 0x0006, 0x0009, 0x0000, 0x0000
	.2byte 0xBABB, 0x0821, 0x0004, 0x000C, 0x0000, 0x0000, 0xBAC5, 0x0821
	.2byte 0x0006, 0x000C, 0x0000, 0x0000, 0xBAC5, 0x0821, 0x0004, 0x000F
	.2byte 0x0000, 0x0000, 0xBACF, 0x0821, 0x0006, 0x000F, 0x0000, 0x0000
	.2byte 0xBACF, 0x0821, 0x000A, 0x0006, 0x0000, 0x0000, 0xBAD9, 0x0821
	.2byte 0x000C, 0x0006, 0x0000, 0x0000, 0xBAD9, 0x0821, 0x000A, 0x0009
	.2byte 0x0000, 0x0000, 0xBAE3, 0x0821, 0x000C, 0x0009, 0x0000, 0x0000
	.2byte 0xBAE3, 0x0821, 0x000A, 0x000C, 0x0000, 0x0000, 0xBAED, 0x0821
	.2byte 0x000C, 0x000C, 0x0000, 0x0000, 0xBAED, 0x0821, 0x000A, 0x000F
	.2byte 0x0000, 0x0000, 0xBB01, 0x0821, 0x000C, 0x000F, 0x0000, 0x0000
	.2byte 0xBB01, 0x0821, 0x0009, 0x0002, 0x0000, 0x0000, 0xBB32, 0x0821
	.2byte 0x000B, 0x0002, 0x0000, 0x0000, 0xBB32, 0x0821, 0x0100, 0x1D00
	.2byte 0x0000, 0x0000, 0xF4B4, 0x0850, 0x0000, 0x0000, 0xF4BC, 0x0850
	.2byte 0x000A, 0x0013, 0x0003, 0x1847, 0x000A, 0x0004, 0x0000, 0x0000
	.2byte 0xBB3D, 0x0821, 0x0006, 0x0008, 0x0000, 0x0000, 0xBB9A, 0x0821
	.2byte 0x000E, 0x0008, 0x0000, 0x0000, 0xBBA4, 0x0821, 0x0004, 0x000D
	.2byte 0x0000, 0x0000, 0xBBAE, 0x0821, 0x0010, 0x000D, 0x0000, 0x0000
	.2byte 0xBBB8, 0x0821, 0x0006, 0x0012, 0x0000, 0x0000, 0xBBC2, 0x0821
	.2byte 0x000E, 0x0012, 0x0000, 0x0000, 0xBBCC, 0x0821, 0x0009, 0x0004
	.2byte 0x0000, 0x0000, 0xBB3D, 0x0821, 0x000B, 0x0004, 0x0000, 0x0000
	.2byte 0xBB3D, 0x0821, 0x0100, 0x0900, 0x0000, 0x0000, 0xF62C, 0x0850
	.2byte 0x0000, 0x0000, 0xF634, 0x0850, 0x3B01, 0x0000, 0x0007, 0x0005
	.2byte 0x0103, 0x0000, 0x0000, 0x0000, 0x7006, 0x0825, 0x0437, 0x0000
	.2byte 0x0007, 0x0010, 0x0101, 0x0023, 0x0101, 0x0000, 0xF6B4, 0x0850
	.2byte 0xF6CC, 0x0850, 0x0000, 0x0000, 0x0000, 0x0000, 0x0000, 0x0000
	.2byte 0x0000, 0x0000, 0x0000, 0x0000, 0x0000, 0x0000, 0x0000, 0x0000
	.2byte 0x0000, 0x0000, 0x0000, 0x0000, 0x0000, 0x0000, 0x0000, 0x0000
	.2byte 0x0000, 0x0000, 0x0000, 0x0000, 0x0000, 0x0000, 0x0000, 0x0000
	.2byte 0x0000, 0x0000, 0x0000, 0x0000, 0x0006, 0x0010, 0x0003, 0x002E
	.2byte 0x000E, 0x0004, 0x0003, 0x184E, 0x0200, 0x0000, 0x0000, 0x0000
	.2byte 0xF724, 0x0850, 0x0000, 0x0000, 0x0000, 0x0000, 0x8501, 0x0000
	.2byte 0x000D, 0x0007, 0x0803, 0x0011, 0x0000, 0x0000, 0xBD3D, 0x0821
	.2byte 0x0357, 0x0000, 0x0011, 0x000D, 0x0103, 0x184D, 0x000E, 0x0005
	.2byte 0x0000, 0x184F, 0x0201, 0x0000, 0xF748, 0x0850, 0xF760, 0x0850
	.2byte 0x0000, 0x0000, 0x0000, 0x0000, 0x0006, 0x000D, 0x0103, 0x184E
	.2byte 0x0007, 0x000D, 0x0103, 0x184E, 0x000A, 0x0001, 0x0003, 0x1850
	.2byte 0x0300, 0x0000, 0x0000, 0x0000, 0xF784, 0x0850, 0x0000, 0x0000
	.2byte 0x0000, 0x0000, 0x000A, 0x0001, 0x0203, 0x184F, 0x0003, 0x0001
	.2byte 0x0003, 0x1851, 0x0200, 0x0000, 0x0000, 0x0000, 0xF7B0, 0x0850
	.2byte 0x0000, 0x0000, 0x0000, 0x0000, 0x0003, 0x0001, 0x0103, 0x1850
	.2byte 0x000B, 0x0001, 0x0003, 0x1852, 0x0007, 0x0001, 0x0103, 0x1852
	.2byte 0x0300, 0x0000, 0x0000, 0x0000, 0xF7D4, 0x0850, 0x0000, 0x0000
	.2byte 0x0000, 0x0000, 0x000B, 0x0001, 0x0103, 0x1851, 0x0007, 0x0001
	.2byte 0x0203, 0x1851, 0x0003, 0x0001, 0x0003, 0x1854, 0x0300, 0x0000
	.2byte 0x0000, 0x0000, 0xF800, 0x0850, 0x0000, 0x0000, 0x0000, 0x0000
	.2byte 0x3B01, 0x0000, 0x000C, 0x0008, 0x0103, 0x0011, 0x0000, 0x0000
	.2byte 0x713E, 0x0825, 0x0458, 0x0000, 0x3B02, 0x0000, 0x000C, 0x0015
	.2byte 0x0104, 0x0011, 0x0000, 0x0000, 0x714B, 0x0825, 0x0459, 0x0000
	.2byte 0x0011, 0x000A, 0x0303, 0x1831, 0x0102, 0x0000, 0xF82C, 0x0850
	.2byte 0xF85C, 0x0850, 0x0000, 0x0000, 0x0000, 0x0000, 0x0003, 0x0001
	.2byte 0x0203, 0x1852, 0x000A, 0x0001, 0x0003, 0x1855, 0x0200, 0x0000
	.2byte 0x0000, 0x0000, 0xF878, 0x0850, 0x0000, 0x0000, 0x0000, 0x0000
	.2byte 0xCF01, 0x0000, 0x000E, 0x0007, 0x0803, 0x0011, 0x0000, 0x0000
	.2byte 0x0000, 0x0000, 0x0305, 0x0000, 0x2902, 0x0000, 0x000E, 0x0006
	.2byte 0x0803, 0x0011, 0x0000, 0x0000, 0xBF92, 0x0821, 0x0050, 0x0000
	.2byte 0x0010, 0x000E, 0x0103, 0x1854, 0x000E, 0x0009, 0x0003, 0x40D7
	.2byte 0x0000, 0x0000, 0xC00A, 0x0821, 0x0102, 0x0001, 0xF89C, 0x0850
	.2byte 0xF8CC, 0x0850, 0xF8D4, 0x0850, 0x0000, 0x0000, 0x7701, 0x0000
	.2byte 0x0004, 0x0005, 0x0A00, 0x0011, 0x0001, 0x0002, 0xC0FF, 0x0821
	.2byte 0x0359, 0x0000, 0x3B02, 0x0000, 0x0003, 0x0014, 0x0100, 0x0011
	.2byte 0x0000, 0x0000, 0x7235, 0x0825, 0x047F, 0x0000, 0x7703, 0x0000
	.2byte 0x001E, 0x0014, 0x0903, 0x0011, 0x0001, 0x0004, 0xC116, 0x0821
	.2byte 0x0359, 0x0000, 0x5704, 0x0000, 0x0005, 0x0016, 0x0103, 0x0000
	.2byte 0x0000, 0x0000, 0x6754, 0x0825, 0x0011, 0x0000, 0x5705, 0x0000
	.2byte 0x0007, 0x0016, 0x0103, 0x0000, 0x0000, 0x0000, 0x6754, 0x0825
	.2byte 0x0012, 0x0000, 0x5706, 0x0000, 0x0006, 0x0017, 0x0103, 0x0000
	.2byte 0x0000, 0x0000, 0x6754, 0x0825, 0x0013, 0x0000, 0x000A, 0x0022
	.2byte 0x0403, 0x180D, 0x0019, 0x0022, 0x0103, 0x1857, 0x001F, 0x0003
	.2byte 0x0100, 0x1858, 0x0014, 0x0016, 0x0000, 0x185D, 0x0406, 0x0000
	.2byte 0xF8F8, 0x0850, 0xF988, 0x0850, 0x0000, 0x0000, 0x0000, 0x0000
	.2byte 0x7701, 0x0000, 0x0012, 0x0013, 0x3303, 0x0045, 0x0001, 0x0001
	.2byte 0xC2B5, 0x0821, 0x0359, 0x0000, 0x7702, 0x0000, 0x000C, 0x000E
	.2byte 0x2E03, 0x0067, 0x0001, 0x0003, 0xC2CC, 0x0821, 0x0359, 0x0000
	.2byte 0x7803, 0x0000, 0x0008, 0x0008, 0x0A03, 0x0011, 0x0001, 0x0007
	.2byte 0xC287, 0x0821, 0x0359, 0x0000, 0x7704, 0x0000, 0x0015, 0x000B
	.2byte 0x0703, 0x0011, 0x0001, 0x0003, 0xC29E, 0x0821, 0x0359, 0x0000
	.2byte 0x000B, 0x0017, 0x0000, 0x1858, 0x0008, 0x0002, 0x0100, 0x1856
	.2byte 0x0011, 0x0021, 0x0203, 0x1859, 0x0304, 0x0000, 0xF9BC, 0x0850
	.2byte 0xFA1C, 0x0850, 0x0000, 0x0000, 0x0000, 0x0000, 0x7701, 0x0000
	.2byte 0x001D, 0x0008, 0x0903, 0x0011, 0x0001, 0x0007, 0xC48B, 0x0821
	.2byte 0x0359, 0x0000, 0x7702, 0x0000, 0x0019, 0x000B, 0x0A03, 0x0011
	.2byte 0x0001, 0x0002, 0xC474, 0x0821, 0x0359, 0x0000, 0x3B03, 0x0000
	.2byte 0x0015, 0x0007, 0x0103, 0x0011, 0x0000, 0x0000, 0x7242, 0x0825
	.2byte 0x048C, 0x0000, 0x7704, 0x0000, 0x0008, 0x0009, 0x0803, 0x0011
	.2byte 0x0001, 0x0004, 0xC45D, 0x0821, 0x0359, 0x0000, 0x7805, 0x0000
	.2byte 0x0007, 0x000D, 0x0A03, 0x0011, 0x0001, 0x0001, 0xC446, 0x0821
	.2byte 0x0359, 0x0000, 0x3B06, 0x0000, 0x000E, 0x0006, 0x0103, 0x0011
	.2byte 0x0000, 0x0000, 0x724F, 0x0825, 0x048D, 0x0000, 0x000A, 0x0016
	.2byte 0x0003, 0x1857, 0x0024, 0x0004, 0x0200, 0x1856, 0x0206, 0x0000
	.2byte 0xFA48, 0x0850, 0xFAD8, 0x0850, 0x0000, 0x0000, 0x0000, 0x0000
	.2byte 0x7701, 0x0000, 0x0002, 0x0007, 0x0A04, 0x0011, 0x0001, 0x0005
	.2byte 0xC669, 0x0821, 0x0359, 0x0000, 0x7802, 0x0000, 0x0015, 0x0015
	.2byte 0x0900, 0x0011, 0x0001, 0x0004, 0xC680, 0x0821, 0x0359, 0x0000
	.2byte 0x3B03, 0x0000, 0x0009, 0x0010, 0x0100, 0x0011, 0x0000, 0x0000
	.2byte 0x725C, 0x0825, 0x048E, 0x0000, 0x0007, 0x0015, 0x0000, 0x185B
	.2byte 0x0015, 0x0009, 0x0000, 0x185A, 0x0017, 0x0003, 0x0200, 0x1857
	.2byte 0x0303, 0x0000, 0xFAFC, 0x0850, 0xFB44, 0x0850, 0x0000, 0x0000
	.2byte 0x0000, 0x0000, 0x7701, 0x0000, 0x0010, 0x0003, 0x1100, 0x0011
	.2byte 0x0001, 0x0003, 0xC7A5, 0x0821, 0x0359, 0x0000, 0x3B02, 0x0000
	.2byte 0x0005, 0x0009, 0x0100, 0x0011, 0x0000, 0x0000, 0x7269, 0x0825
	.2byte 0x048F, 0x0000, 0x000C, 0x000F, 0x0100, 0x1859, 0x0102, 0x0000
	.2byte 0xFB70, 0x0850, 0xFBA0, 0x0850, 0x0000, 0x0000, 0x0000, 0x0000
	.2byte 0xC601, 0x0000, 0x0010, 0x0011, 0x0800, 0x0011, 0x0000, 0x0000
	.2byte 0x0000, 0x0000, 0x0355, 0x0000, 0x7702, 0x0000, 0x001F, 0x0016
	.2byte 0x0A00, 0x0011, 0x0001, 0x0003, 0xC9AD, 0x0821, 0x0359, 0x0000
	.2byte 0x7703, 0x0000, 0x001E, 0x000D, 0x0900, 0x0011, 0x0001, 0x0003
	.2byte 0xC9C4, 0x0821, 0x0359, 0x0000, 0x7704, 0x0000, 0x001A, 0x000D
	.2byte 0x0A00, 0x0011, 0x0001, 0x0003, 0xC9DB, 0x0821, 0x0359, 0x0000
	.2byte 0x7705, 0x0000, 0x0016, 0x0004, 0x0800, 0x0011, 0x0001, 0x0004
	.2byte 0xC9F2, 0x0821, 0x0359, 0x0000, 0xC406, 0x0000, 0x0010, 0x0015
	.2byte 0x0700, 0x0011, 0x0000, 0x0000, 0xC881, 0x0821, 0x0359, 0x0000
	.2byte 0xCE07, 0x0000, 0x0010, 0x0011, 0x0803, 0x0011, 0x0000, 0x0000
	.2byte 0x0000, 0x0000, 0x0352, 0x0000, 0x3B08, 0x0000, 0x0003, 0x0007
	.2byte 0x0100, 0x0011, 0x0000, 0x0000, 0x7276, 0x0825, 0x0490, 0x0000
	.2byte 0x002E, 0x0007, 0x0000, 0x1859, 0x0014, 0x0015, 0x0100, 0x185C
	.2byte 0x0208, 0x0000, 0xFBBC, 0x0850, 0xFC7C, 0x0850, 0x0000, 0x0000
	.2byte 0x0000, 0x0000, 0x3B01, 0x0000, 0x0009, 0x0013, 0x0100, 0x0011
	.2byte 0x0000, 0x0000, 0x7283, 0x0825, 0x0423, 0x0000, 0x0010, 0x0001
	.2byte 0x0100, 0x185D, 0x0010, 0x0015, 0x0100, 0x185B, 0x0201, 0x0000
	.2byte 0xFCA0, 0x0850, 0xFCB8, 0x0850, 0x0000, 0x0000, 0x0000, 0x0000
	.2byte 0x0010, 0x0001, 0x0300, 0x1856, 0x0010, 0x000D, 0x0000, 0x185C
	.2byte 0x0200, 0x0000, 0x0000, 0x0000, 0xFCDC, 0x0850, 0x0000, 0x0000
	.2byte 0x0000, 0x0000, 0x000A, 0x000E, 0x0303, 0x001A, 0x000F, 0x0002
	.2byte 0x0103, 0x185F, 0x0200, 0x0000, 0x0000, 0x0000, 0xFD00, 0x0850
	.2byte 0x0000, 0x0000, 0x0000, 0x0000, 0x0012, 0x000C, 0x0003, 0x1860
	.2byte 0x000F, 0x0002, 0x0103, 0x185E, 0x0200, 0x0000, 0x0000, 0x0000
	.2byte 0xFD24, 0x0850, 0x0000, 0x0000, 0x0000, 0x0000, 0x5601, 0x0000
	.2byte 0x0003, 0x0007, 0x0103, 0x0011, 0x0000, 0x0000, 0x667C, 0x0825
	.2byte 0x0011, 0x0000, 0x5602, 0x0000, 0x0004, 0x0008, 0x0103, 0x0011
	.2byte 0x0000, 0x0000, 0x667C, 0x0825, 0x0012, 0x0000, 0x0012, 0x000C
	.2byte 0x0003, 0x185F, 0x0002, 0x0004, 0x0000, 0x1861, 0x0202, 0x0000
	.2byte 0xFD48, 0x0850, 0xFD78, 0x0850, 0x0000, 0x0000, 0x0000, 0x0000
	.2byte 0xC701, 0x0000, 0x0005, 0x0004, 0x0804, 0x0011, 0x0000, 0x0000
	.2byte 0xCE0D, 0x0821, 0x03C3, 0x0000, 0xC702, 0x0000, 0x0007, 0x0004
	.2byte 0x0800, 0x0011, 0x0000, 0x0000, 0xCE4E, 0x0821, 0x03C4, 0x0000
	.2byte 0x5603, 0x0000, 0x0006, 0x0007, 0x0103, 0x0011, 0x0000, 0x0000
	.2byte 0x667C, 0x0825, 0x0011, 0x0000, 0x0001, 0x0004, 0x0103, 0x1860
	.2byte 0x0103, 0x0000, 0xFD9C, 0x0850, 0xFDE4, 0x0850, 0x0000, 0x0000
	.2byte 0x0000, 0x0000, 0xC701, 0x0000, 0x0084, 0x000A, 0x0800, 0x0011
	.2byte 0x0000, 0x0000, 0xCF75, 0x0821, 0x036A, 0x0000, 0x000A, 0x000C
	.2byte 0x0200, 0x1401, 0x0101, 0x0000, 0xFE00, 0x0850, 0xFE18, 0x0850
	.2byte 0x0000, 0x0000, 0x0000, 0x0000, 0x3B01, 0x0000, 0x0020, 0x0026
	.2byte 0x0103, 0x0011, 0x0000, 0x0000, 0x721B, 0x0825, 0x048A, 0x0000
	.2byte 0x0008, 0x0030, 0x0A00, 0x1A04, 0x0026, 0x0005, 0x0100, 0x1864
	.2byte 0x0020, 0x001D, 0x0700, 0x0000, 0x0046, 0x0066, 0x001B, 0x0008
	.2byte 0x0700, 0x0000, 0x0043, 0x0065, 0x0007, 0x0005, 0x0700, 0x0000
	.2byte 0x0040, 0x0067, 0x0013, 0x002B, 0x0700, 0x0000, 0x0041, 0x0068
	.2byte 0x0201, 0x0400, 0xFE34, 0x0850, 0xFE4C, 0x0850, 0x0000, 0x0000
	.2byte 0xFE5C, 0x0850, 0x3B01, 0x0000, 0x000E, 0x0005, 0x0103, 0x0011
	.2byte 0x0000, 0x0000, 0x7228, 0x0825, 0x048B, 0x0000, 0x000A, 0x0011
	.2byte 0x0D00, 0x1A0E, 0x0006, 0x0005, 0x0100, 0x1863, 0x0201, 0x0000
	.2byte 0xFEA0, 0x0850, 0xFEB8, 0x0850, 0x0000, 0x0000, 0x0000, 0x0000
	.2byte 0x0009, 0x0008, 0x7F00, 0x7F7F, 0x0100, 0x0000, 0x0000, 0x0000
	.2byte 0xFEDC, 0x0850, 0x0000, 0x0000, 0x0000, 0x0000, 0x000E, 0x0001
	.2byte 0x0003, 0x1867, 0x0100, 0x0000, 0x0000, 0x0000, 0xFEF8, 0x0850
	.2byte 0x0000, 0x0000, 0x0000, 0x0000, 0xC501, 0x0000, 0x0009, 0x0016
	.2byte 0x0801, 0x0011, 0x0000, 0x0000, 0x0000, 0x0000, 0x030E, 0x0000
	.2byte 0x0014, 0x0004, 0x0000, 0x1866, 0x0009, 0x001A, 0x0003, 0x4001
	.2byte 0x0001, 0x0000, 0xD040, 0x0821, 0x0101, 0x0001, 0xFF14, 0x0850
	.2byte 0xFF2C, 0x0850, 0xFF34, 0x0850, 0x0000, 0x0000, 0x0008, 0x0012
	.2byte 0x7F00, 0x7F7F, 0x000E, 0x0001, 0x0003, 0x1869, 0x0200, 0x0000
	.2byte 0x0000, 0x0000, 0xFF58, 0x0850, 0x0000, 0x0000, 0x0000, 0x0000
	.2byte 0xC601, 0x0000, 0x0011, 0x0016, 0x0801, 0x0011, 0x0000, 0x0000
	.2byte 0x0000, 0x0000, 0x030F, 0x0000, 0x0005, 0x0004, 0x0103, 0x1868
	.2byte 0x0011, 0x001A, 0x0003, 0x4001, 0x0001, 0x0000, 0xD111, 0x0821
	.2byte 0x0101, 0x0001, 0xFF7C, 0x0850, 0xFF94, 0x0850, 0xFF9C, 0x0850
	.2byte 0x0000, 0x0000, 0x0012, 0x0016, 0x0000, 0x0012, 0x0100, 0x0000
	.2byte 0x0000, 0x0000, 0xFFC0, 0x0850, 0x0000, 0x0000, 0x0000, 0x0000
	.2byte 0x8601, 0x0000, 0x0013, 0x0003, 0x0703, 0x0011, 0x0000, 0x0000
	.2byte 0xD1A7, 0x0821, 0x0000, 0x0000, 0x000A, 0x001D, 0x0503, 0x1800
	.2byte 0x0101, 0x0000, 0xFFDC, 0x0850, 0xFFF4, 0x0850, 0x0000, 0x0000
	.2byte 0x0000, 0x0000, 0xFF01, 0x0000, 0x0007, 0x0004, 0x0803, 0x0000
	.2byte 0x0000, 0x0000, 0x5E13, 0x0824, 0x00AD, 0x0000, 0xF002, 0x0000
	.2byte 0x0000, 0x0000, 0x0803, 0x0000, 0x0000, 0x0000, 0x0000, 0x0000
	.2byte 0x00AE, 0x0000, 0xF103, 0x0000, 0x0000, 0x0001, 0x0803, 0x0000
	.2byte 0x0000, 0x0000, 0x0000, 0x0000, 0x00AF, 0x0000, 0xF204, 0x0000
	.2byte 0x0000, 0x0002, 0x0803, 0x0000, 0x0000, 0x0000, 0x0000, 0x0000
	.2byte 0x00B0, 0x0000, 0xF305, 0x0000, 0x0000, 0x0003, 0x0803, 0x0000
	.2byte 0x0000, 0x0000, 0x0000, 0x0000, 0x00B1, 0x0000, 0xF406, 0x0000
	.2byte 0x0000, 0x0004, 0x0803, 0x0000, 0x0000, 0x0000, 0x0000, 0x0000
	.2byte 0x00B2, 0x0000, 0xF507, 0x0000, 0x0000, 0x0005, 0x0803, 0x0000
	.2byte 0x0000, 0x0000, 0x0000, 0x0000, 0x00B3, 0x0000, 0xF608, 0x0000
	.2byte 0x0000, 0x0006, 0x0803, 0x0000, 0x0000, 0x0000, 0x0000, 0x0000
	.2byte 0x00B4, 0x0000, 0xF709, 0x0000, 0x0001, 0x0000, 0x0803, 0x0000
	.2byte 0x0000, 0x0000, 0x0000, 0x0000, 0x00B5, 0x0000, 0xF80A, 0x0000
	.2byte 0x0001, 0x0001, 0x0803, 0x0000, 0x0000, 0x0000, 0x0000, 0x0000
	.2byte 0x00B6, 0x0000, 0xF90B, 0x0000, 0x0001, 0x0002, 0x0803, 0x0000
	.2byte 0x0000, 0x0000, 0x0000, 0x0000, 0x00B7, 0x0000, 0xFA0C, 0x0000
	.2byte 0x0001, 0x0003, 0x0803, 0x0000, 0x0000, 0x0000, 0x0000, 0x0000
	.2byte 0x00B8, 0x0000, 0xFB0D, 0x0000, 0x0001, 0x0004, 0x0803, 0x0000
	.2byte 0x0000, 0x0000, 0x0000, 0x0000, 0x00B9, 0x0000, 0xFC0E, 0x0000
	.2byte 0x0001, 0x0005, 0x0803, 0x0000, 0x0000, 0x0000, 0x0000, 0x0000
	.2byte 0x00BA, 0x0000, 0xFD0F, 0x0000, 0x0001, 0x0006, 0x0803, 0x0000
	.2byte 0x0000, 0x0000, 0x0000, 0x0000, 0x00BB, 0x0000, 0x0005, 0x0007
	.2byte 0x7E00, 0x7F7F, 0x010F, 0x0000, 0x0010, 0x0851, 0x0178, 0x0851
	.2byte 0x0000, 0x0000, 0x0000, 0x0000, 0xFF01, 0x0000, 0x0005, 0x0002
	.2byte 0x0803, 0x0000, 0x0000, 0x0000, 0x5E13, 0x0824, 0x00AD, 0x0000
	.2byte 0xF002, 0x0000, 0x0000, 0x0000, 0x0803, 0x0000, 0x0000, 0x0000
	.2byte 0x0000, 0x0000, 0x00AE, 0x0000, 0xF103, 0x0000, 0x0000, 0x0001
	.2byte 0x0803, 0x0000, 0x0000, 0x0000, 0x0000, 0x0000, 0x00AF, 0x0000
	.2byte 0xF204, 0x0000, 0x0000, 0x0002, 0x0803, 0x0000, 0x0000, 0x0000
	.2byte 0x0000, 0x0000, 0x00B0, 0x0000, 0xF305, 0x0000, 0x0000, 0x0003
	.2byte 0x0803, 0x0000, 0x0000, 0x0000, 0x0000, 0x0000, 0x00B1, 0x0000
	.2byte 0xF406, 0x0000, 0x0000, 0x0004, 0x0803, 0x0000, 0x0000, 0x0000
	.2byte 0x0000, 0x0000, 0x00B2, 0x0000, 0xF507, 0x0000, 0x0000, 0x0005
	.2byte 0x0803, 0x0000, 0x0000, 0x0000, 0x0000, 0x0000, 0x00B3, 0x0000
	.2byte 0xF608, 0x0000, 0x0000, 0x0006, 0x0803, 0x0000, 0x0000, 0x0000
	.2byte 0x0000, 0x0000, 0x00B4, 0x0000, 0xF709, 0x0000, 0x0001, 0x0000
	.2byte 0x0803, 0x0000, 0x0000, 0x0000, 0x0000, 0x0000, 0x00B5, 0x0000
	.2byte 0xF80A, 0x0000, 0x0001, 0x0001, 0x0803, 0x0000, 0x0000, 0x0000
	.2byte 0x0000, 0x0000, 0x00B6, 0x0000, 0xF90B, 0x0000, 0x0001, 0x0002
	.2byte 0x0803, 0x0000, 0x0000, 0x0000, 0x0000, 0x0000, 0x00B7, 0x0000
	.2byte 0xFA0C, 0x0000, 0x0001, 0x0003, 0x0803, 0x0000, 0x0000, 0x0000
	.2byte 0x0000, 0x0000, 0x00B8, 0x0000, 0xFB0D, 0x0000, 0x0001, 0x0004
	.2byte 0x0803, 0x0000, 0x0000, 0x0000, 0x0000, 0x0000, 0x00B9, 0x0000
	.2byte 0xFC0E, 0x0000, 0x0001, 0x0005, 0x0803, 0x0000, 0x0000, 0x0000
	.2byte 0x0000, 0x0000, 0x00BA, 0x0000, 0xFD0F, 0x0000, 0x0001, 0x0006
	.2byte 0x0803, 0x0000, 0x0000, 0x0000, 0x0000, 0x0000, 0x00BB, 0x0000
	.2byte 0x0005, 0x0007, 0x7E00, 0x7F7F, 0x010F, 0x0000, 0x0194, 0x0851
	.2byte 0x02FC, 0x0851, 0x0000, 0x0000, 0x0000, 0x0000, 0xFF01, 0x0000
	.2byte 0x0004, 0x0002, 0x0803, 0x0000, 0x0000, 0x0000, 0x5E13, 0x0824
	.2byte 0x00AD, 0x0000, 0xF002, 0x0000, 0x0000, 0x0000, 0x0803, 0x0000
	.2byte 0x0000, 0x0000, 0x0000, 0x0000, 0x00AE, 0x0000, 0xF103, 0x0000
	.2byte 0x0000, 0x0001, 0x0803, 0x0000, 0x0000, 0x0000, 0x0000, 0x0000
	.2byte 0x00AF, 0x0000, 0xF204, 0x0000, 0x0000, 0x0002, 0x0803, 0x0000
	.2byte 0x0000, 0x0000, 0x0000, 0x0000, 0x00B0, 0x0000, 0xF305, 0x0000
	.2byte 0x0000, 0x0003, 0x0803, 0x0000, 0x0000, 0x0000, 0x0000, 0x0000
	.2byte 0x00B1, 0x0000, 0xF406, 0x0000, 0x0000, 0x0004, 0x0803, 0x0000
	.2byte 0x0000, 0x0000, 0x0000, 0x0000, 0x00B2, 0x0000, 0xF507, 0x0000
	.2byte 0x0000, 0x0005, 0x0803, 0x0000, 0x0000, 0x0000, 0x0000, 0x0000
	.2byte 0x00B3, 0x0000, 0xF608, 0x0000, 0x0000, 0x0006, 0x0803, 0x0000
	.2byte 0x0000, 0x0000, 0x0000, 0x0000, 0x00B4, 0x0000, 0xF709, 0x0000
	.2byte 0x0001, 0x0000, 0x0803, 0x0000, 0x0000, 0x0000, 0x0000, 0x0000
	.2byte 0x00B5, 0x0000, 0xF80A, 0x0000, 0x0001, 0x0001, 0x0803, 0x0000
	.2byte 0x0000, 0x0000, 0x0000, 0x0000, 0x00B6, 0x0000, 0xF90B, 0x0000
	.2byte 0x0001, 0x0002, 0x0803, 0x0000, 0x0000, 0x0000, 0x0000, 0x0000
	.2byte 0x00B7, 0x0000, 0xFA0C, 0x0000, 0x0001, 0x0003, 0x0803, 0x0000
	.2byte 0x0000, 0x0000, 0x0000, 0x0000, 0x00B8, 0x0000, 0xFB0D, 0x0000
	.2byte 0x0001, 0x0004, 0x0803, 0x0000, 0x0000, 0x0000, 0x0000, 0x0000
	.2byte 0x00B9, 0x0000, 0xFC0E, 0x0000, 0x0001, 0x0005, 0x0803, 0x0000
	.2byte 0x0000, 0x0000, 0x0000, 0x0000, 0x00BA, 0x0000, 0xFD0F, 0x0000
	.2byte 0x0001, 0x0006, 0x0803, 0x0000, 0x0000, 0x0000, 0x0000, 0x0000
	.2byte 0x00BB, 0x0000, 0x0005, 0x0007, 0x7E00, 0x7F7F, 0x010F, 0x0000
	.2byte 0x0318, 0x0851, 0x0480, 0x0851, 0x0000, 0x0000, 0x0000, 0x0000
	.2byte 0xFF01, 0x0000, 0x0003, 0x0001, 0x0803, 0x0000, 0x0000, 0x0000
	.2byte 0x5E13, 0x0824, 0x00AD, 0x0000, 0xF002, 0x0000, 0x0000, 0x0000
	.2byte 0x0803, 0x0000, 0x0000, 0x0000, 0x0000, 0x0000, 0x00AE, 0x0000
	.2byte 0xF103, 0x0000, 0x0000, 0x0001, 0x0803, 0x0000, 0x0000, 0x0000
	.2byte 0x0000, 0x0000, 0x00AF, 0x0000, 0xF204, 0x0000, 0x0000, 0x0002
	.2byte 0x0803, 0x0000, 0x0000, 0x0000, 0x0000, 0x0000, 0x00B0, 0x0000
	.2byte 0xF305, 0x0000, 0x0000, 0x0003, 0x0803, 0x0000, 0x0000, 0x0000
	.2byte 0x0000, 0x0000, 0x00B1, 0x0000, 0xF406, 0x0000, 0x0000, 0x0004
	.2byte 0x0803, 0x0000, 0x0000, 0x0000, 0x0000, 0x0000, 0x00B2, 0x0000
	.2byte 0xF507, 0x0000, 0x0000, 0x0005, 0x0803, 0x0000, 0x0000, 0x0000
	.2byte 0x0000, 0x0000, 0x00B3, 0x0000, 0xF608, 0x0000, 0x0000, 0x0006
	.2byte 0x0803, 0x0000, 0x0000, 0x0000, 0x0000, 0x0000, 0x00B4, 0x0000
	.2byte 0xF709, 0x0000, 0x0001, 0x0000, 0x0803, 0x0000, 0x0000, 0x0000
	.2byte 0x0000, 0x0000, 0x00B5, 0x0000, 0xF80A, 0x0000, 0x0001, 0x0001
	.2byte 0x0803, 0x0000, 0x0000, 0x0000, 0x0000, 0x0000, 0x00B6, 0x0000
	.2byte 0xF90B, 0x0000, 0x0001, 0x0002, 0x0803, 0x0000, 0x0000, 0x0000
	.2byte 0x0000, 0x0000, 0x00B7, 0x0000, 0xFA0C, 0x0000, 0x0001, 0x0003
	.2byte 0x0803, 0x0000, 0x0000, 0x0000, 0x0000, 0x0000, 0x00B8, 0x0000
	.2byte 0xFB0D, 0x0000, 0x0001, 0x0004, 0x0803, 0x0000, 0x0000, 0x0000
	.2byte 0x0000, 0x0000, 0x00B9, 0x0000, 0xFC0E, 0x0000, 0x0001, 0x0005
	.2byte 0x0803, 0x0000, 0x0000, 0x0000, 0x0000, 0x0000, 0x00BA, 0x0000
	.2byte 0xFD0F, 0x0000, 0x0001, 0x0006, 0x0803, 0x0000, 0x0000, 0x0000
	.2byte 0x0000, 0x0000, 0x00BB, 0x0000, 0x0005, 0x0007, 0x7E00, 0x7F7F
	.2byte 0x010F, 0x0000, 0x049C, 0x0851, 0x0604, 0x0851, 0x0000, 0x0000
	.2byte 0x0000, 0x0000, 0xFF01, 0x0000, 0x0005, 0x0001, 0x0803, 0x0000
	.2byte 0x0000, 0x0000, 0x5E13, 0x0824, 0x00AD, 0x0000, 0xF002, 0x0000
	.2byte 0x0000, 0x0000, 0x0803, 0x0000, 0x0000, 0x0000, 0x0000, 0x0000
	.2byte 0x00AE, 0x0000, 0xF103, 0x0000, 0x0000, 0x0001, 0x0803, 0x0000
	.2byte 0x0000, 0x0000, 0x0000, 0x0000, 0x00AF, 0x0000, 0xF204, 0x0000
	.2byte 0x0000, 0x0002, 0x0803, 0x0000, 0x0000, 0x0000, 0x0000, 0x0000
	.2byte 0x00B0, 0x0000, 0xF305, 0x0000, 0x0000, 0x0003, 0x0803, 0x0000
	.2byte 0x0000, 0x0000, 0x0000, 0x0000, 0x00B1, 0x0000, 0xF406, 0x0000
	.2byte 0x0000, 0x0004, 0x0803, 0x0000, 0x0000, 0x0000, 0x0000, 0x0000
	.2byte 0x00B2, 0x0000, 0xF507, 0x0000, 0x0000, 0x0005, 0x0803, 0x0000
	.2byte 0x0000, 0x0000, 0x0000, 0x0000, 0x00B3, 0x0000, 0xF608, 0x0000
	.2byte 0x0000, 0x0006, 0x0803, 0x0000, 0x0000, 0x0000, 0x0000, 0x0000
	.2byte 0x00B4, 0x0000, 0xF709, 0x0000, 0x0001, 0x0000, 0x0803, 0x0000
	.2byte 0x0000, 0x0000, 0x0000, 0x0000, 0x00B5, 0x0000, 0xF80A, 0x0000
	.2byte 0x0001, 0x0001, 0x0803, 0x0000, 0x0000, 0x0000, 0x0000, 0x0000
	.2byte 0x00B6, 0x0000, 0xF90B, 0x0000, 0x0001, 0x0002, 0x0803, 0x0000
	.2byte 0x0000, 0x0000, 0x0000, 0x0000, 0x00B7, 0x0000, 0xFA0C, 0x0000
	.2byte 0x0001, 0x0003, 0x0803, 0x0000, 0x0000, 0x0000, 0x0000, 0x0000
	.2byte 0x00B8, 0x0000, 0xFB0D, 0x0000, 0x0001, 0x0004, 0x0803, 0x0000
	.2byte 0x0000, 0x0000, 0x0000, 0x0000, 0x00B9, 0x0000, 0xFC0E, 0x0000
	.2byte 0x0001, 0x0005, 0x0803, 0x0000, 0x0000, 0x0000, 0x0000, 0x0000
	.2byte 0x00BA, 0x0000, 0xFD0F, 0x0000, 0x0001, 0x0006, 0x0803, 0x0000
	.2byte 0x0000, 0x0000, 0x0000, 0x0000, 0x00BB, 0x0000, 0x0005, 0x0007
	.2byte 0x7E00, 0x7F7F, 0x010F, 0x0000, 0x0620, 0x0851, 0x0788, 0x0851
	.2byte 0x0000, 0x0000, 0x0000, 0x0000, 0xFF01, 0x0000, 0x0005, 0x0002
	.2byte 0x0803, 0x0000, 0x0000, 0x0000, 0x5E13, 0x0824, 0x00AD, 0x0000
	.2byte 0xF002, 0x0000, 0x0000, 0x0000, 0x0803, 0x0000, 0x0000, 0x0000
	.2byte 0x0000, 0x0000, 0x00AE, 0x0000, 0xF103, 0x0000, 0x0000, 0x0001
	.2byte 0x0803, 0x0000, 0x0000, 0x0000, 0x0000, 0x0000, 0x00AF, 0x0000
	.2byte 0xF204, 0x0000, 0x0000, 0x0002, 0x0803, 0x0000, 0x0000, 0x0000
	.2byte 0x0000, 0x0000, 0x00B0, 0x0000, 0xF305, 0x0000, 0x0000, 0x0003
	.2byte 0x0803, 0x0000, 0x0000, 0x0000, 0x0000, 0x0000, 0x00B1, 0x0000
	.2byte 0xF406, 0x0000, 0x0000, 0x0004, 0x0803, 0x0000, 0x0000, 0x0000
	.2byte 0x0000, 0x0000, 0x00B2, 0x0000, 0xF507, 0x0000, 0x0000, 0x0005
	.2byte 0x0803, 0x0000, 0x0000, 0x0000, 0x0000, 0x0000, 0x00B3, 0x0000
	.2byte 0xF608, 0x0000, 0x0000, 0x0006, 0x0803, 0x0000, 0x0000, 0x0000
	.2byte 0x0000, 0x0000, 0x00B4, 0x0000, 0xF709, 0x0000, 0x0001, 0x0000
	.2byte 0x0803, 0x0000, 0x0000, 0x0000, 0x0000, 0x0000, 0x00B5, 0x0000
	.2byte 0xF80A, 0x0000, 0x0001, 0x0001, 0x0803, 0x0000, 0x0000, 0x0000
	.2byte 0x0000, 0x0000, 0x00B6, 0x0000, 0xF90B, 0x0000, 0x0001, 0x0002
	.2byte 0x0803, 0x0000, 0x0000, 0x0000, 0x0000, 0x0000, 0x00B7, 0x0000
	.2byte 0xFA0C, 0x0000, 0x0001, 0x0003, 0x0803, 0x0000, 0x0000, 0x0000
	.2byte 0x0000, 0x0000, 0x00B8, 0x0000, 0xFB0D, 0x0000, 0x0001, 0x0004
	.2byte 0x0803, 0x0000, 0x0000, 0x0000, 0x0000, 0x0000, 0x00B9, 0x0000
	.2byte 0xFC0E, 0x0000, 0x0001, 0x0005, 0x0803, 0x0000, 0x0000, 0x0000
	.2byte 0x0000, 0x0000, 0x00BA, 0x0000, 0xFD0F, 0x0000, 0x0001, 0x0006
	.2byte 0x0803, 0x0000, 0x0000, 0x0000, 0x0000, 0x0000, 0x00BB, 0x0000
	.2byte 0x0005, 0x0007, 0x7E00, 0x7F7F, 0x010F, 0x0000, 0x07A4, 0x0851
	.2byte 0x090C, 0x0851, 0x0000, 0x0000, 0x0000, 0x0000, 0xFF01, 0x0000
	.2byte 0x0003, 0x0001, 0x0803, 0x0000, 0x0000, 0x0000, 0x5E13, 0x0824
	.2byte 0x00AD, 0x0000, 0xF002, 0x0000, 0x0000, 0x0000, 0x0803, 0x0000
	.2byte 0x0000, 0x0000, 0x0000, 0x0000, 0x00AE, 0x0000, 0xF103, 0x0000
	.2byte 0x0000, 0x0001, 0x0803, 0x0000, 0x0000, 0x0000, 0x0000, 0x0000
	.2byte 0x00AF, 0x0000, 0xF204, 0x0000, 0x0000, 0x0002, 0x0803, 0x0000
	.2byte 0x0000, 0x0000, 0x0000, 0x0000, 0x00B0, 0x0000, 0xF305, 0x0000
	.2byte 0x0000, 0x0003, 0x0803, 0x0000, 0x0000, 0x0000, 0x0000, 0x0000
	.2byte 0x00B1, 0x0000, 0xF406, 0x0000, 0x0000, 0x0004, 0x0803, 0x0000
	.2byte 0x0000, 0x0000, 0x0000, 0x0000, 0x00B2, 0x0000, 0xF507, 0x0000
	.2byte 0x0000, 0x0005, 0x0803, 0x0000, 0x0000, 0x0000, 0x0000, 0x0000
	.2byte 0x00B3, 0x0000, 0xF608, 0x0000, 0x0000, 0x0006, 0x0803, 0x0000
	.2byte 0x0000, 0x0000, 0x0000, 0x0000, 0x00B4, 0x0000, 0xF709, 0x0000
	.2byte 0x0001, 0x0000, 0x0803, 0x0000, 0x0000, 0x0000, 0x0000, 0x0000
	.2byte 0x00B5, 0x0000, 0xF80A, 0x0000, 0x0001, 0x0001, 0x0803, 0x0000
	.2byte 0x0000, 0x0000, 0x0000, 0x0000, 0x00B6, 0x0000, 0xF90B, 0x0000
	.2byte 0x0001, 0x0002, 0x0803, 0x0000, 0x0000, 0x0000, 0x0000, 0x0000
	.2byte 0x00B7, 0x0000, 0xFA0C, 0x0000, 0x0001, 0x0003, 0x0803, 0x0000
	.2byte 0x0000, 0x0000, 0x0000, 0x0000, 0x00B8, 0x0000, 0xFB0D, 0x0000
	.2byte 0x0001, 0x0004, 0x0803, 0x0000, 0x0000, 0x0000, 0x0000, 0x0000
	.2byte 0x00B9, 0x0000, 0xFC0E, 0x0000, 0x0001, 0x0005, 0x0803, 0x0000
	.2byte 0x0000, 0x0000, 0x0000, 0x0000, 0x00BA, 0x0000, 0xFD0F, 0x0000
	.2byte 0x0001, 0x0006, 0x0803, 0x0000, 0x0000, 0x0000, 0x0000, 0x0000
	.2byte 0x00BB, 0x0000, 0x0003, 0x000E, 0x7E00, 0x7F7F, 0x010F, 0x0000
	.2byte 0x0928, 0x0851, 0x0A90, 0x0851, 0x0000, 0x0000, 0x0000, 0x0000
	.2byte 0xFF01, 0x0000, 0x000B, 0x0002, 0x0803, 0x0000, 0x0000, 0x0000
	.2byte 0x5E13, 0x0824, 0x00AD, 0x0000, 0xF002, 0x0000, 0x0000, 0x0000
	.2byte 0x0803, 0x0000, 0x0000, 0x0000, 0x0000, 0x0000, 0x00AE, 0x0000
	.2byte 0xF103, 0x0000, 0x0000, 0x0001, 0x0803, 0x0000, 0x0000, 0x0000
	.2byte 0x0000, 0x0000, 0x00AF, 0x0000, 0xF204, 0x0000, 0x0000, 0x0002
	.2byte 0x0803, 0x0000, 0x0000, 0x0000, 0x0000, 0x0000, 0x00B0, 0x0000
	.2byte 0xF305, 0x0000, 0x0000, 0x0003, 0x0803, 0x0000, 0x0000, 0x0000
	.2byte 0x0000, 0x0000, 0x00B1, 0x0000, 0xF406, 0x0000, 0x0000, 0x0004
	.2byte 0x0803, 0x0000, 0x0000, 0x0000, 0x0000, 0x0000, 0x00B2, 0x0000
	.2byte 0xF507, 0x0000, 0x0000, 0x0005, 0x0803, 0x0000, 0x0000, 0x0000
	.2byte 0x0000, 0x0000, 0x00B3, 0x0000, 0xF608, 0x0000, 0x0000, 0x0006
	.2byte 0x0803, 0x0000, 0x0000, 0x0000, 0x0000, 0x0000, 0x00B4, 0x0000
	.2byte 0xF709, 0x0000, 0x0001, 0x0000, 0x0803, 0x0000, 0x0000, 0x0000
	.2byte 0x0000, 0x0000, 0x00B5, 0x0000, 0xF80A, 0x0000, 0x0001, 0x0001
	.2byte 0x0803, 0x0000, 0x0000, 0x0000, 0x0000, 0x0000, 0x00B6, 0x0000
	.2byte 0xF90B, 0x0000, 0x0001, 0x0002, 0x0803, 0x0000, 0x0000, 0x0000
	.2byte 0x0000, 0x0000, 0x00B7, 0x0000, 0xFA0C, 0x0000, 0x0001, 0x0003
	.2byte 0x0803, 0x0000, 0x0000, 0x0000, 0x0000, 0x0000, 0x00B8, 0x0000
	.2byte 0xFB0D, 0x0000, 0x0001, 0x0004, 0x0803, 0x0000, 0x0000, 0x0000
	.2byte 0x0000, 0x0000, 0x00B9, 0x0000, 0xFC0E, 0x0000, 0x0001, 0x0005
	.2byte 0x0803, 0x0000, 0x0000, 0x0000, 0x0000, 0x0000, 0x00BA, 0x0000
	.2byte 0xFD0F, 0x0000, 0x0001, 0x0006, 0x0803, 0x0000, 0x0000, 0x0000
	.2byte 0x0000, 0x0000, 0x00BB, 0x0000, 0x0001, 0x0007, 0x7E00, 0x7F7F
	.2byte 0x010F, 0x0000, 0x0AAC, 0x0851, 0x0C14, 0x0851, 0x0000, 0x0000
	.2byte 0x0000, 0x0000, 0xFF01, 0x0000, 0x0002, 0x0001, 0x0803, 0x0000
	.2byte 0x0000, 0x0000, 0x5E13, 0x0824, 0x00AD, 0x0000, 0xF002, 0x0000
	.2byte 0x0000, 0x0000, 0x0803, 0x0000, 0x0000, 0x0000, 0x0000, 0x0000
	.2byte 0x00AE, 0x0000, 0xF103, 0x0000, 0x0000, 0x0001, 0x0803, 0x0000
	.2byte 0x0000, 0x0000, 0x0000, 0x0000, 0x00AF, 0x0000, 0xF204, 0x0000
	.2byte 0x0000, 0x0002, 0x0803, 0x0000, 0x0000, 0x0000, 0x0000, 0x0000
	.2byte 0x00B0, 0x0000, 0xF305, 0x0000, 0x0000, 0x0003, 0x0803, 0x0000
	.2byte 0x0000, 0x0000, 0x0000, 0x0000, 0x00B1, 0x0000, 0xF406, 0x0000
	.2byte 0x0000, 0x0004, 0x0803, 0x0000, 0x0000, 0x0000, 0x0000, 0x0000
	.2byte 0x00B2, 0x0000, 0xF507, 0x0000, 0x0000, 0x0005, 0x0803, 0x0000
	.2byte 0x0000, 0x0000, 0x0000, 0x0000, 0x00B3, 0x0000, 0xF608, 0x0000
	.2byte 0x0000, 0x0006, 0x0803, 0x0000, 0x0000, 0x0000, 0x0000, 0x0000
	.2byte 0x00B4, 0x0000, 0xF709, 0x0000, 0x0001, 0x0000, 0x0803, 0x0000
	.2byte 0x0000, 0x0000, 0x0000, 0x0000, 0x00B5, 0x0000, 0xF80A, 0x0000
	.2byte 0x0001, 0x0001, 0x0803, 0x0000, 0x0000, 0x0000, 0x0000, 0x0000
	.2byte 0x00B6, 0x0000, 0xF90B, 0x0000, 0x0001, 0x0002, 0x0803, 0x0000
	.2byte 0x0000, 0x0000, 0x0000, 0x0000, 0x00B7, 0x0000, 0xFA0C, 0x0000
	.2byte 0x0001, 0x0003, 0x0803, 0x0000, 0x0000, 0x0000, 0x0000, 0x0000
	.2byte 0x00B8, 0x0000, 0xFB0D, 0x0000, 0x0001, 0x0004, 0x0803, 0x0000
	.2byte 0x0000, 0x0000, 0x0000, 0x0000, 0x00B9, 0x0000, 0xFC0E, 0x0000
	.2byte 0x0001, 0x0005, 0x0803, 0x0000, 0x0000, 0x0000, 0x0000, 0x0000
	.2byte 0x00BA, 0x0000, 0xFD0F, 0x0000, 0x0001, 0x0006, 0x0803, 0x0000
	.2byte 0x0000, 0x0000, 0x0000, 0x0000, 0x00BB, 0x0000, 0x0007, 0x0005
	.2byte 0x7E00, 0x7F7F, 0x010F, 0x0000, 0x0C30, 0x0851, 0x0D98, 0x0851
	.2byte 0x0000, 0x0000, 0x0000, 0x0000, 0xFF01, 0x0000, 0x0001, 0x0001
	.2byte 0x0803, 0x0000, 0x0000, 0x0000, 0x5E13, 0x0824, 0x00AD, 0x0000
	.2byte 0xF002, 0x0000, 0x0000, 0x0000, 0x0803, 0x0000, 0x0000, 0x0000
	.2byte 0x0000, 0x0000, 0x00AE, 0x0000, 0xF103, 0x0000, 0x0000, 0x0001
	.2byte 0x0803, 0x0000, 0x0000, 0x0000, 0x0000, 0x0000, 0x00AF, 0x0000
	.2byte 0xF204, 0x0000, 0x0000, 0x0002, 0x0803, 0x0000, 0x0000, 0x0000
	.2byte 0x0000, 0x0000, 0x00B0, 0x0000, 0xF305, 0x0000, 0x0000, 0x0003
	.2byte 0x0803, 0x0000, 0x0000, 0x0000, 0x0000, 0x0000, 0x00B1, 0x0000
	.2byte 0xF406, 0x0000, 0x0000, 0x0004, 0x0803, 0x0000, 0x0000, 0x0000
	.2byte 0x0000, 0x0000, 0x00B2, 0x0000, 0xF507, 0x0000, 0x0000, 0x0005
	.2byte 0x0803, 0x0000, 0x0000, 0x0000, 0x0000, 0x0000, 0x00B3, 0x0000
	.2byte 0xF608, 0x0000, 0x0000, 0x0006, 0x0803, 0x0000, 0x0000, 0x0000
	.2byte 0x0000, 0x0000, 0x00B4, 0x0000, 0xF709, 0x0000, 0x0001, 0x0000
	.2byte 0x0803, 0x0000, 0x0000, 0x0000, 0x0000, 0x0000, 0x00B5, 0x0000
	.2byte 0xF80A, 0x0000, 0x0001, 0x0001, 0x0803, 0x0000, 0x0000, 0x0000
	.2byte 0x0000, 0x0000, 0x00B6, 0x0000, 0xF90B, 0x0000, 0x0001, 0x0002
	.2byte 0x0803, 0x0000, 0x0000, 0x0000, 0x0000, 0x0000, 0x00B7, 0x0000
	.2byte 0xFA0C, 0x0000, 0x0001, 0x0003, 0x0803, 0x0000, 0x0000, 0x0000
	.2byte 0x0000, 0x0000, 0x00B8, 0x0000, 0xFB0D, 0x0000, 0x0001, 0x0004
	.2byte 0x0803, 0x0000, 0x0000, 0x0000, 0x0000, 0x0000, 0x00B9, 0x0000
	.2byte 0xFC0E, 0x0000, 0x0001, 0x0005, 0x0803, 0x0000, 0x0000, 0x0000
	.2byte 0x0000, 0x0000, 0x00BA, 0x0000, 0xFD0F, 0x0000, 0x0001, 0x0006
	.2byte 0x0803, 0x0000, 0x0000, 0x0000, 0x0000, 0x0000, 0x00BB, 0x0000
	.2byte 0x000C, 0x0007, 0x7E00, 0x7F7F, 0x010F, 0x0000, 0x0DB4, 0x0851
	.2byte 0x0F1C, 0x0851, 0x0000, 0x0000, 0x0000, 0x0000, 0xFF01, 0x0000
	.2byte 0x0003, 0x0001, 0x0803, 0x0000, 0x0000, 0x0000, 0x5E13, 0x0824
	.2byte 0x00AD, 0x0000, 0xF002, 0x0000, 0x0000, 0x0000, 0x0803, 0x0000
	.2byte 0x0000, 0x0000, 0x0000, 0x0000, 0x00AE, 0x0000, 0xF103, 0x0000
	.2byte 0x0000, 0x0001, 0x0803, 0x0000, 0x0000, 0x0000, 0x0000, 0x0000
	.2byte 0x00AF, 0x0000, 0xF204, 0x0000, 0x0000, 0x0002, 0x0803, 0x0000
	.2byte 0x0000, 0x0000, 0x0000, 0x0000, 0x00B0, 0x0000, 0xF305, 0x0000
	.2byte 0x0000, 0x0003, 0x0803, 0x0000, 0x0000, 0x0000, 0x0000, 0x0000
	.2byte 0x00B1, 0x0000, 0xF406, 0x0000, 0x0000, 0x0004, 0x0803, 0x0000
	.2byte 0x0000, 0x0000, 0x0000, 0x0000, 0x00B2, 0x0000, 0xF507, 0x0000
	.2byte 0x0000, 0x0005, 0x0803, 0x0000, 0x0000, 0x0000, 0x0000, 0x0000
	.2byte 0x00B3, 0x0000, 0xF608, 0x0000, 0x0000, 0x0006, 0x0803, 0x0000
	.2byte 0x0000, 0x0000, 0x0000, 0x0000, 0x00B4, 0x0000, 0xF709, 0x0000
	.2byte 0x0001, 0x0000, 0x0803, 0x0000, 0x0000, 0x0000, 0x0000, 0x0000
	.2byte 0x00B5, 0x0000, 0xF80A, 0x0000, 0x0001, 0x0001, 0x0803, 0x0000
	.2byte 0x0000, 0x0000, 0x0000, 0x0000, 0x00B6, 0x0000, 0xF90B, 0x0000
	.2byte 0x0001, 0x0002, 0x0803, 0x0000, 0x0000, 0x0000, 0x0000, 0x0000
	.2byte 0x00B7, 0x0000, 0xFA0C, 0x0000, 0x0001, 0x0003, 0x0803, 0x0000
	.2byte 0x0000, 0x0000, 0x0000, 0x0000, 0x00B8, 0x0000, 0xFB0D, 0x0000
	.2byte 0x0001, 0x0004, 0x0803, 0x0000, 0x0000, 0x0000, 0x0000, 0x0000
	.2byte 0x00B9, 0x0000, 0xFC0E, 0x0000, 0x0001, 0x0005, 0x0803, 0x0000
	.2byte 0x0000, 0x0000, 0x0000, 0x0000, 0x00BA, 0x0000, 0xFD0F, 0x0000
	.2byte 0x0001, 0x0006, 0x0803, 0x0000, 0x0000, 0x0000, 0x0000, 0x0000
	.2byte 0x00BB, 0x0000, 0x0003, 0x000E, 0x7E00, 0x7F7F, 0x010F, 0x0000
	.2byte 0x0F38, 0x0851, 0x10A0, 0x0851, 0x0000, 0x0000, 0x0000, 0x0000
	.2byte 0xFF01, 0x0000, 0x000D, 0x0002, 0x0803, 0x0000, 0x0000, 0x0000
	.2byte 0x5E13, 0x0824, 0x00AD, 0x0000, 0xF002, 0x0000, 0x0000, 0x0000
	.2byte 0x0803, 0x0000, 0x0000, 0x0000, 0x0000, 0x0000, 0x00AE, 0x0000
	.2byte 0xF103, 0x0000, 0x0000, 0x0001, 0x0803, 0x0000, 0x0000, 0x0000
	.2byte 0x0000, 0x0000, 0x00AF, 0x0000, 0xF204, 0x0000, 0x0000, 0x0002
	.2byte 0x0803, 0x0000, 0x0000, 0x0000, 0x0000, 0x0000, 0x00B0, 0x0000
	.2byte 0xF305, 0x0000, 0x0000, 0x0003, 0x0803, 0x0000, 0x0000, 0x0000
	.2byte 0x0000, 0x0000, 0x00B1, 0x0000, 0xF406, 0x0000, 0x0000, 0x0004
	.2byte 0x0803, 0x0000, 0x0000, 0x0000, 0x0000, 0x0000, 0x00B2, 0x0000
	.2byte 0xF507, 0x0000, 0x0000, 0x0005, 0x0803, 0x0000, 0x0000, 0x0000
	.2byte 0x0000, 0x0000, 0x00B3, 0x0000, 0xF608, 0x0000, 0x0000, 0x0006
	.2byte 0x0803, 0x0000, 0x0000, 0x0000, 0x0000, 0x0000, 0x00B4, 0x0000
	.2byte 0xF709, 0x0000, 0x0001, 0x0000, 0x0803, 0x0000, 0x0000, 0x0000
	.2byte 0x0000, 0x0000, 0x00B5, 0x0000, 0xF80A, 0x0000, 0x0001, 0x0001
	.2byte 0x0803, 0x0000, 0x0000, 0x0000, 0x0000, 0x0000, 0x00B6, 0x0000
	.2byte 0xF90B, 0x0000, 0x0001, 0x0002, 0x0803, 0x0000, 0x0000, 0x0000
	.2byte 0x0000, 0x0000, 0x00B7, 0x0000, 0xFA0C, 0x0000, 0x0001, 0x0003
	.2byte 0x0803, 0x0000, 0x0000, 0x0000, 0x0000, 0x0000, 0x00B8, 0x0000
	.2byte 0xFB0D, 0x0000, 0x0001, 0x0004, 0x0803, 0x0000, 0x0000, 0x0000
	.2byte 0x0000, 0x0000, 0x00B9, 0x0000, 0xFC0E, 0x0000, 0x0001, 0x0005
	.2byte 0x0803, 0x0000, 0x0000, 0x0000, 0x0000, 0x0000, 0x00BA, 0x0000
	.2byte 0xFD0F, 0x0000, 0x0001, 0x0006, 0x0803, 0x0000, 0x0000, 0x0000
	.2byte 0x0000, 0x0000, 0x00BB, 0x0000, 0x0007, 0x0005, 0x7E00, 0x7F7F
	.2byte 0x010F, 0x0000, 0x10BC, 0x0851, 0x1224, 0x0851, 0x0000, 0x0000
	.2byte 0x0000, 0x0000, 0xFF01, 0x0000, 0x000C, 0x0001, 0x0803, 0x0000
	.2byte 0x0000, 0x0000, 0x5E13, 0x0824, 0x00AD, 0x0000, 0xF002, 0x0000
	.2byte 0x0000, 0x0000, 0x0803, 0x0000, 0x0000, 0x0000, 0x0000, 0x0000
	.2byte 0x00AE, 0x0000, 0xF103, 0x0000, 0x0000, 0x0001, 0x0803, 0x0000
	.2byte 0x0000, 0x0000, 0x0000, 0x0000, 0x00AF, 0x0000, 0xF204, 0x0000
	.2byte 0x0000, 0x0002, 0x0803, 0x0000, 0x0000, 0x0000, 0x0000, 0x0000
	.2byte 0x00B0, 0x0000, 0xF305, 0x0000, 0x0000, 0x0003, 0x0803, 0x0000
	.2byte 0x0000, 0x0000, 0x0000, 0x0000, 0x00B1, 0x0000, 0xF406, 0x0000
	.2byte 0x0000, 0x0004, 0x0803, 0x0000, 0x0000, 0x0000, 0x0000, 0x0000
	.2byte 0x00B2, 0x0000, 0xF507, 0x0000, 0x0000, 0x0005, 0x0803, 0x0000
	.2byte 0x0000, 0x0000, 0x0000, 0x0000, 0x00B3, 0x0000, 0xF608, 0x0000
	.2byte 0x0000, 0x0006, 0x0803, 0x0000, 0x0000, 0x0000, 0x0000, 0x0000
	.2byte 0x00B4, 0x0000, 0xF709, 0x0000, 0x0001, 0x0000, 0x0803, 0x0000
	.2byte 0x0000, 0x0000, 0x0000, 0x0000, 0x00B5, 0x0000, 0xF80A, 0x0000
	.2byte 0x0001, 0x0001, 0x0803, 0x0000, 0x0000, 0x0000, 0x0000, 0x0000
	.2byte 0x00B6, 0x0000, 0xF90B, 0x0000, 0x0001, 0x0002, 0x0803, 0x0000
	.2byte 0x0000, 0x0000, 0x0000, 0x0000, 0x00B7, 0x0000, 0xFA0C, 0x0000
	.2byte 0x0001, 0x0003, 0x0803, 0x0000, 0x0000, 0x0000, 0x0000, 0x0000
	.2byte 0x00B8, 0x0000, 0xFB0D, 0x0000, 0x0001, 0x0004, 0x0803, 0x0000
	.2byte 0x0000, 0x0000, 0x0000, 0x0000, 0x00B9, 0x0000, 0xFC0E, 0x0000
	.2byte 0x0001, 0x0005, 0x0803, 0x0000, 0x0000, 0x0000, 0x0000, 0x0000
	.2byte 0x00BA, 0x0000, 0xFD0F, 0x0000, 0x0001, 0x0006, 0x0803, 0x0000
	.2byte 0x0000, 0x0000, 0x0000, 0x0000, 0x00BB, 0x0000, 0x0003, 0x0006
	.2byte 0x7E00, 0x7F7F, 0x010F, 0x0000, 0x1240, 0x0851, 0x13A8, 0x0851
	.2byte 0x0000, 0x0000, 0x0000, 0x0000, 0xFF01, 0x0000, 0x0001, 0x0007
	.2byte 0x0803, 0x0000, 0x0000, 0x0000, 0x5E13, 0x0824, 0x00AD, 0x0000
	.2byte 0xF002, 0x0000, 0x0000, 0x0000, 0x0803, 0x0000, 0x0000, 0x0000
	.2byte 0x0000, 0x0000, 0x00AE, 0x0000, 0xF103, 0x0000, 0x0000, 0x0001
	.2byte 0x0803, 0x0000, 0x0000, 0x0000, 0x0000, 0x0000, 0x00AF, 0x0000
	.2byte 0xF204, 0x0000, 0x0000, 0x0002, 0x0803, 0x0000, 0x0000, 0x0000
	.2byte 0x0000, 0x0000, 0x00B0, 0x0000, 0xF305, 0x0000, 0x0000, 0x0003
	.2byte 0x0803, 0x0000, 0x0000, 0x0000, 0x0000, 0x0000, 0x00B1, 0x0000
	.2byte 0xF406, 0x0000, 0x0000, 0x0004, 0x0803, 0x0000, 0x0000, 0x0000
	.2byte 0x0000, 0x0000, 0x00B2, 0x0000, 0xF507, 0x0000, 0x0000, 0x0005
	.2byte 0x0803, 0x0000, 0x0000, 0x0000, 0x0000, 0x0000, 0x00B3, 0x0000
	.2byte 0xF608, 0x0000, 0x0000, 0x0006, 0x0803, 0x0000, 0x0000, 0x0000
	.2byte 0x0000, 0x0000, 0x00B4, 0x0000, 0xF709, 0x0000, 0x0001, 0x0000
	.2byte 0x0803, 0x0000, 0x0000, 0x0000, 0x0000, 0x0000, 0x00B5, 0x0000
	.2byte 0xF80A, 0x0000, 0x0001, 0x0001, 0x0803, 0x0000, 0x0000, 0x0000
	.2byte 0x0000, 0x0000, 0x00B6, 0x0000, 0xF90B, 0x0000, 0x0001, 0x0002
	.2byte 0x0803, 0x0000, 0x0000, 0x0000, 0x0000, 0x0000, 0x00B7, 0x0000
	.2byte 0xFA0C, 0x0000, 0x0001, 0x0003, 0x0803, 0x0000, 0x0000, 0x0000
	.2byte 0x0000, 0x0000, 0x00B8, 0x0000, 0xFB0D, 0x0000, 0x0001, 0x0004
	.2byte 0x0803, 0x0000, 0x0000, 0x0000, 0x0000, 0x0000, 0x00B9, 0x0000
	.2byte 0xFC0E, 0x0000, 0x0001, 0x0005, 0x0803, 0x0000, 0x0000, 0x0000
	.2byte 0x0000, 0x0000, 0x00BA, 0x0000, 0xFD0F, 0x0000, 0x0001, 0x0006
	.2byte 0x0803, 0x0000, 0x0000, 0x0000, 0x0000, 0x0000, 0x00BB, 0x0000
	.2byte 0x000B, 0x0009, 0x7E00, 0x7F7F, 0x010F, 0x0000, 0x13C4, 0x0851
	.2byte 0x152C, 0x0851, 0x0000, 0x0000, 0x0000, 0x0000, 0xFF01, 0x0000
	.2byte 0x0005, 0x0001, 0x0803, 0x0000, 0x0000, 0x0000, 0x5E13, 0x0824
	.2byte 0x00AD, 0x0000, 0xF002, 0x0000, 0x0000, 0x0000, 0x0803, 0x0000
	.2byte 0x0000, 0x0000, 0x0000, 0x0000, 0x00AE, 0x0000, 0xF103, 0x0000
	.2byte 0x0000, 0x0001, 0x0803, 0x0000, 0x0000, 0x0000, 0x0000, 0x0000
	.2byte 0x00AF, 0x0000, 0xF204, 0x0000, 0x0000, 0x0002, 0x0803, 0x0000
	.2byte 0x0000, 0x0000, 0x0000, 0x0000, 0x00B0, 0x0000, 0xF305, 0x0000
	.2byte 0x0000, 0x0003, 0x0803, 0x0000, 0x0000, 0x0000, 0x0000, 0x0000
	.2byte 0x00B1, 0x0000, 0xF406, 0x0000, 0x0000, 0x0004, 0x0803, 0x0000
	.2byte 0x0000, 0x0000, 0x0000, 0x0000, 0x00B2, 0x0000, 0xF507, 0x0000
	.2byte 0x0000, 0x0005, 0x0803, 0x0000, 0x0000, 0x0000, 0x0000, 0x0000
	.2byte 0x00B3, 0x0000, 0xF608, 0x0000, 0x0000, 0x0006, 0x0803, 0x0000
	.2byte 0x0000, 0x0000, 0x0000, 0x0000, 0x00B4, 0x0000, 0xF709, 0x0000
	.2byte 0x0001, 0x0000, 0x0803, 0x0000, 0x0000, 0x0000, 0x0000, 0x0000
	.2byte 0x00B5, 0x0000, 0xF80A, 0x0000, 0x0001, 0x0001, 0x0803, 0x0000
	.2byte 0x0000, 0x0000, 0x0000, 0x0000, 0x00B6, 0x0000, 0xF90B, 0x0000
	.2byte 0x0001, 0x0002, 0x0803, 0x0000, 0x0000, 0x0000, 0x0000, 0x0000
	.2byte 0x00B7, 0x0000, 0xFA0C, 0x0000, 0x0001, 0x0003, 0x0803, 0x0000
	.2byte 0x0000, 0x0000, 0x0000, 0x0000, 0x00B8, 0x0000, 0xFB0D, 0x0000
	.2byte 0x0001, 0x0004, 0x0803, 0x0000, 0x0000, 0x0000, 0x0000, 0x0000
	.2byte 0x00B9, 0x0000, 0xFC0E, 0x0000, 0x0001, 0x0005, 0x0803, 0x0000
	.2byte 0x0000, 0x0000, 0x0000, 0x0000, 0x00BA, 0x0000, 0xFD0F, 0x0000
	.2byte 0x0001, 0x0006, 0x0803, 0x0000, 0x0000, 0x0000, 0x0000, 0x0000
	.2byte 0x00BB, 0x0000, 0x0004, 0x000F, 0x7E00, 0x7F7F, 0x010F, 0x0000
	.2byte 0x1548, 0x0851, 0x16B0, 0x0851, 0x0000, 0x0000, 0x0000, 0x0000
	.2byte 0xFF01, 0x0000, 0x0007, 0x0005, 0x0803, 0x0000, 0x0000, 0x0000
	.2byte 0x5E13, 0x0824, 0x00AD, 0x0000, 0xF002, 0x0000, 0x0000, 0x0000
	.2byte 0x0803, 0x0000, 0x0000, 0x0000, 0x0000, 0x0000, 0x00AE, 0x0000
	.2byte 0xF103, 0x0000, 0x0000, 0x0001, 0x0803, 0x0000, 0x0000, 0x0000
	.2byte 0x0000, 0x0000, 0x00AF, 0x0000, 0xF204, 0x0000, 0x0000, 0x0002
	.2byte 0x0803, 0x0000, 0x0000, 0x0000, 0x0000, 0x0000, 0x00B0, 0x0000
	.2byte 0xF305, 0x0000, 0x0000, 0x0003, 0x0803, 0x0000, 0x0000, 0x0000
	.2byte 0x0000, 0x0000, 0x00B1, 0x0000, 0xF406, 0x0000, 0x0000, 0x0004
	.2byte 0x0803, 0x0000, 0x0000, 0x0000, 0x0000, 0x0000, 0x00B2, 0x0000
	.2byte 0xF507, 0x0000, 0x0000, 0x0005, 0x0803, 0x0000, 0x0000, 0x0000
	.2byte 0x0000, 0x0000, 0x00B3, 0x0000, 0xF608, 0x0000, 0x0000, 0x0006
	.2byte 0x0803, 0x0000, 0x0000, 0x0000, 0x0000, 0x0000, 0x00B4, 0x0000
	.2byte 0xF709, 0x0000, 0x0001, 0x0000, 0x0803, 0x0000, 0x0000, 0x0000
	.2byte 0x0000, 0x0000, 0x00B5, 0x0000, 0xF80A, 0x0000, 0x0001, 0x0001
	.2byte 0x0803, 0x0000, 0x0000, 0x0000, 0x0000, 0x0000, 0x00B6, 0x0000
	.2byte 0xF90B, 0x0000, 0x0001, 0x0002, 0x0803, 0x0000, 0x0000, 0x0000
	.2byte 0x0000, 0x0000, 0x00B7, 0x0000, 0xFA0C, 0x0000, 0x0001, 0x0003
	.2byte 0x0803, 0x0000, 0x0000, 0x0000, 0x0000, 0x0000, 0x00B8, 0x0000
	.2byte 0xFB0D, 0x0000, 0x0001, 0x0004, 0x0803, 0x0000, 0x0000, 0x0000
	.2byte 0x0000, 0x0000, 0x00B9, 0x0000, 0xFC0E, 0x0000, 0x0001, 0x0005
	.2byte 0x0803, 0x0000, 0x0000, 0x0000, 0x0000, 0x0000, 0x00BA, 0x0000
	.2byte 0xFD0F, 0x0000, 0x0001, 0x0006, 0x0803, 0x0000, 0x0000, 0x0000
	.2byte 0x0000, 0x0000, 0x00BB, 0x0000, 0x0005, 0x0009, 0x7E00, 0x7F7F
	.2byte 0x010F, 0x0000, 0x16CC, 0x0851, 0x1834, 0x0851, 0x0000, 0x0000
	.2byte 0x0000, 0x0000, 0xFF01, 0x0000, 0x0001, 0x0002, 0x0803, 0x0000
	.2byte 0x0000, 0x0000, 0x5E13, 0x0824, 0x00AD, 0x0000, 0xF002, 0x0000
	.2byte 0x0000, 0x0000, 0x0803, 0x0000, 0x0000, 0x0000, 0x0000, 0x0000
	.2byte 0x00AE, 0x0000, 0xF103, 0x0000, 0x0000, 0x0001, 0x0803, 0x0000
	.2byte 0x0000, 0x0000, 0x0000, 0x0000, 0x00AF, 0x0000, 0xF204, 0x0000
	.2byte 0x0000, 0x0002, 0x0803, 0x0000, 0x0000, 0x0000, 0x0000, 0x0000
	.2byte 0x00B0, 0x0000, 0xF305, 0x0000, 0x0000, 0x0003, 0x0803, 0x0000
	.2byte 0x0000, 0x0000, 0x0000, 0x0000, 0x00B1, 0x0000, 0xF406, 0x0000
	.2byte 0x0000, 0x0004, 0x0803, 0x0000, 0x0000, 0x0000, 0x0000, 0x0000
	.2byte 0x00B2, 0x0000, 0xF507, 0x0000, 0x0000, 0x0005, 0x0803, 0x0000
	.2byte 0x0000, 0x0000, 0x0000, 0x0000, 0x00B3, 0x0000, 0xF608, 0x0000
	.2byte 0x0000, 0x0006, 0x0803, 0x0000, 0x0000, 0x0000, 0x0000, 0x0000
	.2byte 0x00B4, 0x0000, 0xF709, 0x0000, 0x0001, 0x0000, 0x0803, 0x0000
	.2byte 0x0000, 0x0000, 0x0000, 0x0000, 0x00B5, 0x0000, 0xF80A, 0x0000
	.2byte 0x0001, 0x0001, 0x0803, 0x0000, 0x0000, 0x0000, 0x0000, 0x0000
	.2byte 0x00B6, 0x0000, 0xF90B, 0x0000, 0x0001, 0x0002, 0x0803, 0x0000
	.2byte 0x0000, 0x0000, 0x0000, 0x0000, 0x00B7, 0x0000, 0xFA0C, 0x0000
	.2byte 0x0001, 0x0003, 0x0803, 0x0000, 0x0000, 0x0000, 0x0000, 0x0000
	.2byte 0x00B8, 0x0000, 0xFB0D, 0x0000, 0x0001, 0x0004, 0x0803, 0x0000
	.2byte 0x0000, 0x0000, 0x0000, 0x0000, 0x00B9, 0x0000, 0xFC0E, 0x0000
	.2byte 0x0001, 0x0005, 0x0803, 0x0000, 0x0000, 0x0000, 0x0000, 0x0000
	.2byte 0x00BA, 0x0000, 0xFD0F, 0x0000, 0x0001, 0x0006, 0x0803, 0x0000
	.2byte 0x0000, 0x0000, 0x0000, 0x0000, 0x00BB, 0x0000, 0x0008, 0x0006
	.2byte 0x7E00, 0x7F7F, 0x010F, 0x0000, 0x1850, 0x0851, 0x19B8, 0x0851
	.2byte 0x0000, 0x0000, 0x0000, 0x0000, 0xFF01, 0x0000, 0x0005, 0x0007
	.2byte 0x0803, 0x0000, 0x0000, 0x0000, 0x5E13, 0x0824, 0x00AD, 0x0000
	.2byte 0xF002, 0x0000, 0x0000, 0x0000, 0x0803, 0x0000, 0x0000, 0x0000
	.2byte 0x0000, 0x0000, 0x00AE, 0x0000, 0xF103, 0x0000, 0x0000, 0x0001
	.2byte 0x0803, 0x0000, 0x0000, 0x0000, 0x0000, 0x0000, 0x00AF, 0x0000
	.2byte 0xF204, 0x0000, 0x0000, 0x0002, 0x0803, 0x0000, 0x0000, 0x0000
	.2byte 0x0000, 0x0000, 0x00B0, 0x0000, 0xF305, 0x0000, 0x0000, 0x0003
	.2byte 0x0803, 0x0000, 0x0000, 0x0000, 0x0000, 0x0000, 0x00B1, 0x0000
	.2byte 0xF406, 0x0000, 0x0000, 0x0004, 0x0803, 0x0000, 0x0000, 0x0000
	.2byte 0x0000, 0x0000, 0x00B2, 0x0000, 0xF507, 0x0000, 0x0000, 0x0005
	.2byte 0x0803, 0x0000, 0x0000, 0x0000, 0x0000, 0x0000, 0x00B3, 0x0000
	.2byte 0xF608, 0x0000, 0x0000, 0x0006, 0x0803, 0x0000, 0x0000, 0x0000
	.2byte 0x0000, 0x0000, 0x00B4, 0x0000, 0xF709, 0x0000, 0x0001, 0x0000
	.2byte 0x0803, 0x0000, 0x0000, 0x0000, 0x0000, 0x0000, 0x00B5, 0x0000
	.2byte 0xF80A, 0x0000, 0x0001, 0x0001, 0x0803, 0x0000, 0x0000, 0x0000
	.2byte 0x0000, 0x0000, 0x00B6, 0x0000, 0xF90B, 0x0000, 0x0001, 0x0002
	.2byte 0x0803, 0x0000, 0x0000, 0x0000, 0x0000, 0x0000, 0x00B7, 0x0000
	.2byte 0xFA0C, 0x0000, 0x0001, 0x0003, 0x0803, 0x0000, 0x0000, 0x0000
	.2byte 0x0000, 0x0000, 0x00B8, 0x0000, 0xFB0D, 0x0000, 0x0001, 0x0004
	.2byte 0x0803, 0x0000, 0x0000, 0x0000, 0x0000, 0x0000, 0x00B9, 0x0000
	.2byte 0xFC0E, 0x0000, 0x0001, 0x0005, 0x0803, 0x0000, 0x0000, 0x0000
	.2byte 0x0000, 0x0000, 0x00BA, 0x0000, 0xFD0F, 0x0000, 0x0001, 0x0006
	.2byte 0x0803, 0x0000, 0x0000, 0x0000, 0x0000, 0x0000, 0x00BB, 0x0000
	.2byte 0x0006, 0x0009, 0x7E00, 0x7F7F, 0x010F, 0x0000, 0x19D4, 0x0851
	.2byte 0x1B3C, 0x0851, 0x0000, 0x0000, 0x0000, 0x0000, 0xFF01, 0x0000
	.2byte 0x0005, 0x0008, 0x0803, 0x0000, 0x0000, 0x0000, 0x5E13, 0x0824
	.2byte 0x00AD, 0x0000, 0xF002, 0x0000, 0x0000, 0x0000, 0x0803, 0x0000
	.2byte 0x0000, 0x0000, 0x0000, 0x0000, 0x00AE, 0x0000, 0xF103, 0x0000
	.2byte 0x0000, 0x0001, 0x0803, 0x0000, 0x0000, 0x0000, 0x0000, 0x0000
	.2byte 0x00AF, 0x0000, 0xF204, 0x0000, 0x0000, 0x0002, 0x0803, 0x0000
	.2byte 0x0000, 0x0000, 0x0000, 0x0000, 0x00B0, 0x0000, 0xF305, 0x0000
	.2byte 0x0000, 0x0003, 0x0803, 0x0000, 0x0000, 0x0000, 0x0000, 0x0000
	.2byte 0x00B1, 0x0000, 0xF406, 0x0000, 0x0000, 0x0004, 0x0803, 0x0000
	.2byte 0x0000, 0x0000, 0x0000, 0x0000, 0x00B2, 0x0000, 0xF507, 0x0000
	.2byte 0x0000, 0x0005, 0x0803, 0x0000, 0x0000, 0x0000, 0x0000, 0x0000
	.2byte 0x00B3, 0x0000, 0xF608, 0x0000, 0x0000, 0x0006, 0x0803, 0x0000
	.2byte 0x0000, 0x0000, 0x0000, 0x0000, 0x00B4, 0x0000, 0xF709, 0x0000
	.2byte 0x0001, 0x0000, 0x0803, 0x0000, 0x0000, 0x0000, 0x0000, 0x0000
	.2byte 0x00B5, 0x0000, 0xF80A, 0x0000, 0x0001, 0x0001, 0x0803, 0x0000
	.2byte 0x0000, 0x0000, 0x0000, 0x0000, 0x00B6, 0x0000, 0xF90B, 0x0000
	.2byte 0x0001, 0x0002, 0x0803, 0x0000, 0x0000, 0x0000, 0x0000, 0x0000
	.2byte 0x00B7, 0x0000, 0xFA0C, 0x0000, 0x0001, 0x0003, 0x0803, 0x0000
	.2byte 0x0000, 0x0000, 0x0000, 0x0000, 0x00B8, 0x0000, 0xFB0D, 0x0000
	.2byte 0x0001, 0x0004, 0x0803, 0x0000, 0x0000, 0x0000, 0x0000, 0x0000
	.2byte 0x00B9, 0x0000, 0xFC0E, 0x0000, 0x0001, 0x0005, 0x0803, 0x0000
	.2byte 0x0000, 0x0000, 0x0000, 0x0000, 0x00BA, 0x0000, 0xFD0F, 0x0000
	.2byte 0x0001, 0x0006, 0x0803, 0x0000, 0x0000, 0x0000, 0x0000, 0x0000
	.2byte 0x00BB, 0x0000, 0x0002, 0x000C, 0x7E00, 0x7F7F, 0x010F, 0x0000
	.2byte 0x1B58, 0x0851, 0x1CC0, 0x0851, 0x0000, 0x0000, 0x0000, 0x0000
	.2byte 0xFF01, 0x0000, 0x0002, 0x0001, 0x0803, 0x0000, 0x0000, 0x0000
	.2byte 0x5E13, 0x0824, 0x00AD, 0x0000, 0xF002, 0x0000, 0x0000, 0x0000
	.2byte 0x0803, 0x0000, 0x0000, 0x0000, 0x0000, 0x0000, 0x00AE, 0x0000
	.2byte 0xF103, 0x0000, 0x0000, 0x0001, 0x0803, 0x0000, 0x0000, 0x0000
	.2byte 0x0000, 0x0000, 0x00AF, 0x0000, 0xF204, 0x0000, 0x0000, 0x0002
	.2byte 0x0803, 0x0000, 0x0000, 0x0000, 0x0000, 0x0000, 0x00B0, 0x0000
	.2byte 0xF305, 0x0000, 0x0000, 0x0003, 0x0803, 0x0000, 0x0000, 0x0000
	.2byte 0x0000, 0x0000, 0x00B1, 0x0000, 0xF406, 0x0000, 0x0000, 0x0004
	.2byte 0x0803, 0x0000, 0x0000, 0x0000, 0x0000, 0x0000, 0x00B2, 0x0000
	.2byte 0xF507, 0x0000, 0x0000, 0x0005, 0x0803, 0x0000, 0x0000, 0x0000
	.2byte 0x0000, 0x0000, 0x00B3, 0x0000, 0xF608, 0x0000, 0x0000, 0x0006
	.2byte 0x0803, 0x0000, 0x0000, 0x0000, 0x0000, 0x0000, 0x00B4, 0x0000
	.2byte 0xF709, 0x0000, 0x0001, 0x0000, 0x0803, 0x0000, 0x0000, 0x0000
	.2byte 0x0000, 0x0000, 0x00B5, 0x0000, 0xF80A, 0x0000, 0x0001, 0x0001
	.2byte 0x0803, 0x0000, 0x0000, 0x0000, 0x0000, 0x0000, 0x00B6, 0x0000
	.2byte 0xF90B, 0x0000, 0x0001, 0x0002, 0x0803, 0x0000, 0x0000, 0x0000
	.2byte 0x0000, 0x0000, 0x00B7, 0x0000, 0xFA0C, 0x0000, 0x0001, 0x0003
	.2byte 0x0803, 0x0000, 0x0000, 0x0000, 0x0000, 0x0000, 0x00B8, 0x0000
	.2byte 0xFB0D, 0x0000, 0x0001, 0x0004, 0x0803, 0x0000, 0x0000, 0x0000
	.2byte 0x0000, 0x0000, 0x00B9, 0x0000, 0xFC0E, 0x0000, 0x0001, 0x0005
	.2byte 0x0803, 0x0000, 0x0000, 0x0000, 0x0000, 0x0000, 0x00BA, 0x0000
	.2byte 0xFD0F, 0x0000, 0x0001, 0x0006, 0x0803, 0x0000, 0x0000, 0x0000
	.2byte 0x0000, 0x0000, 0x00BB, 0x0000, 0x0002, 0x0008, 0x7E00, 0x7F7F
	.2byte 0x010F, 0x0000, 0x1CDC, 0x0851, 0x1E44, 0x0851, 0x0000, 0x0000
	.2byte 0x0000, 0x0000, 0xFF01, 0x0000, 0x0005, 0x000D, 0x0803, 0x0000
	.2byte 0x0000, 0x0000, 0x5E13, 0x0824, 0x00AD, 0x0000, 0xF002, 0x0000
	.2byte 0x0000, 0x0000, 0x0803, 0x0000, 0x0000, 0x0000, 0x0000, 0x0000
	.2byte 0x00AE, 0x0000, 0xF103, 0x0000, 0x0000, 0x0001, 0x0803, 0x0000
	.2byte 0x0000, 0x0000, 0x0000, 0x0000, 0x00AF, 0x0000, 0xF204, 0x0000
	.2byte 0x0000, 0x0002, 0x0803, 0x0000, 0x0000, 0x0000, 0x0000, 0x0000
	.2byte 0x00B0, 0x0000, 0xF305, 0x0000, 0x0000, 0x0003, 0x0803, 0x0000
	.2byte 0x0000, 0x0000, 0x0000, 0x0000, 0x00B1, 0x0000, 0xF406, 0x0000
	.2byte 0x0000, 0x0004, 0x0803, 0x0000, 0x0000, 0x0000, 0x0000, 0x0000
	.2byte 0x00B2, 0x0000, 0xF507, 0x0000, 0x0000, 0x0005, 0x0803, 0x0000
	.2byte 0x0000, 0x0000, 0x0000, 0x0000, 0x00B3, 0x0000, 0xF608, 0x0000
	.2byte 0x0000, 0x0006, 0x0803, 0x0000, 0x0000, 0x0000, 0x0000, 0x0000
	.2byte 0x00B4, 0x0000, 0xF709, 0x0000, 0x0001, 0x0000, 0x0803, 0x0000
	.2byte 0x0000, 0x0000, 0x0000, 0x0000, 0x00B5, 0x0000, 0xF80A, 0x0000
	.2byte 0x0001, 0x0001, 0x0803, 0x0000, 0x0000, 0x0000, 0x0000, 0x0000
	.2byte 0x00B6, 0x0000, 0xF90B, 0x0000, 0x0001, 0x0002, 0x0803, 0x0000
	.2byte 0x0000, 0x0000, 0x0000, 0x0000, 0x00B7, 0x0000, 0xFA0C, 0x0000
	.2byte 0x0001, 0x0003, 0x0803, 0x0000, 0x0000, 0x0000, 0x0000, 0x0000
	.2byte 0x00B8, 0x0000, 0xFB0D, 0x0000, 0x0001, 0x0004, 0x0803, 0x0000
	.2byte 0x0000, 0x0000, 0x0000, 0x0000, 0x00B9, 0x0000, 0xFC0E, 0x0000
	.2byte 0x0001, 0x0005, 0x0803, 0x0000, 0x0000, 0x0000, 0x0000, 0x0000
	.2byte 0x00BA, 0x0000, 0xFD0F, 0x0000, 0x0001, 0x0006, 0x0803, 0x0000
	.2byte 0x0000, 0x0000, 0x0000, 0x0000, 0x00BB, 0x0000, 0x0004, 0x000F
	.2byte 0x7E00, 0x7F7F, 0x010F, 0x0000, 0x1E60, 0x0851, 0x1FC8, 0x0851
	.2byte 0x0000, 0x0000, 0x0000, 0x0000, 0xFF01, 0x0000, 0x0009, 0x0008
	.2byte 0x0803, 0x0000, 0x0000, 0x0000, 0x5E13, 0x0824, 0x00AD, 0x0000
	.2byte 0xF002, 0x0000, 0x0000, 0x0000, 0x0803, 0x0000, 0x0000, 0x0000
	.2byte 0x0000, 0x0000, 0x00AE, 0x0000, 0xF103, 0x0000, 0x0000, 0x0001
	.2byte 0x0803, 0x0000, 0x0000, 0x0000, 0x0000, 0x0000, 0x00AF, 0x0000
	.2byte 0xF204, 0x0000, 0x0000, 0x0002, 0x0803, 0x0000, 0x0000, 0x0000
	.2byte 0x0000, 0x0000, 0x00B0, 0x0000, 0xF305, 0x0000, 0x0000, 0x0003
	.2byte 0x0803, 0x0000, 0x0000, 0x0000, 0x0000, 0x0000, 0x00B1, 0x0000
	.2byte 0xF406, 0x0000, 0x0000, 0x0004, 0x0803, 0x0000, 0x0000, 0x0000
	.2byte 0x0000, 0x0000, 0x00B2, 0x0000, 0xF507, 0x0000, 0x0000, 0x0005
	.2byte 0x0803, 0x0000, 0x0000, 0x0000, 0x0000, 0x0000, 0x00B3, 0x0000
	.2byte 0xF608, 0x0000, 0x0000, 0x0006, 0x0803, 0x0000, 0x0000, 0x0000
	.2byte 0x0000, 0x0000, 0x00B4, 0x0000, 0xF709, 0x0000, 0x0001, 0x0000
	.2byte 0x0803, 0x0000, 0x0000, 0x0000, 0x0000, 0x0000, 0x00B5, 0x0000
	.2byte 0xF80A, 0x0000, 0x0001, 0x0001, 0x0803, 0x0000, 0x0000, 0x0000
	.2byte 0x0000, 0x0000, 0x00B6, 0x0000, 0xF90B, 0x0000, 0x0001, 0x0002
	.2byte 0x0803, 0x0000, 0x0000, 0x0000, 0x0000, 0x0000, 0x00B7, 0x0000
	.2byte 0xFA0C, 0x0000, 0x0001, 0x0003, 0x0803, 0x0000, 0x0000, 0x0000
	.2byte 0x0000, 0x0000, 0x00B8, 0x0000, 0xFB0D, 0x0000, 0x0001, 0x0004
	.2byte 0x0803, 0x0000, 0x0000, 0x0000, 0x0000, 0x0000, 0x00B9, 0x0000
	.2byte 0xFC0E, 0x0000, 0x0001, 0x0005, 0x0803, 0x0000, 0x0000, 0x0000
	.2byte 0x0000, 0x0000, 0x00BA, 0x0000, 0xFD0F, 0x0000, 0x0001, 0x0006
	.2byte 0x0803, 0x0000, 0x0000, 0x0000, 0x0000, 0x0000, 0x00BB, 0x0000
	.2byte 0x0006, 0x000C, 0x7E00, 0x7F7F, 0x010F, 0x0000, 0x1FE4, 0x0851
	.2byte 0x214C, 0x0851, 0x0000, 0x0000, 0x0000, 0x0000, 0xFF01, 0x0000
	.2byte 0x000A, 0x0009, 0x0803, 0x0000, 0x0000, 0x0000, 0x5E13, 0x0824
	.2byte 0x00AD, 0x0000, 0xF002, 0x0000, 0x0000, 0x0000, 0x0803, 0x0000
	.2byte 0x0000, 0x0000, 0x0000, 0x0000, 0x00AE, 0x0000, 0xF103, 0x0000
	.2byte 0x0000, 0x0001, 0x0803, 0x0000, 0x0000, 0x0000, 0x0000, 0x0000
	.2byte 0x00AF, 0x0000, 0xF204, 0x0000, 0x0000, 0x0002, 0x0803, 0x0000
	.2byte 0x0000, 0x0000, 0x0000, 0x0000, 0x00B0, 0x0000, 0xF305, 0x0000
	.2byte 0x0000, 0x0003, 0x0803, 0x0000, 0x0000, 0x0000, 0x0000, 0x0000
	.2byte 0x00B1, 0x0000, 0xF406, 0x0000, 0x0000, 0x0004, 0x0803, 0x0000
	.2byte 0x0000, 0x0000, 0x0000, 0x0000, 0x00B2, 0x0000, 0xF507, 0x0000
	.2byte 0x0000, 0x0005, 0x0803, 0x0000, 0x0000, 0x0000, 0x0000, 0x0000
	.2byte 0x00B3, 0x0000, 0xF608, 0x0000, 0x0000, 0x0006, 0x0803, 0x0000
	.2byte 0x0000, 0x0000, 0x0000, 0x0000, 0x00B4, 0x0000, 0xF709, 0x0000
	.2byte 0x0001, 0x0000, 0x0803, 0x0000, 0x0000, 0x0000, 0x0000, 0x0000
	.2byte 0x00B5, 0x0000, 0xF80A, 0x0000, 0x0001, 0x0001, 0x0803, 0x0000
	.2byte 0x0000, 0x0000, 0x0000, 0x0000, 0x00B6, 0x0000, 0xF90B, 0x0000
	.2byte 0x0001, 0x0002, 0x0803, 0x0000, 0x0000, 0x0000, 0x0000, 0x0000
	.2byte 0x00B7, 0x0000, 0xFA0C, 0x0000, 0x0001, 0x0003, 0x0803, 0x0000
	.2byte 0x0000, 0x0000, 0x0000, 0x0000, 0x00B8, 0x0000, 0xFB0D, 0x0000
	.2byte 0x0001, 0x0004, 0x0803, 0x0000, 0x0000, 0x0000, 0x0000, 0x0000
	.2byte 0x00B9, 0x0000, 0xFC0E, 0x0000, 0x0001, 0x0005, 0x0803, 0x0000
	.2byte 0x0000, 0x0000, 0x0000, 0x0000, 0x00BA, 0x0000, 0xFD0F, 0x0000
	.2byte 0x0001, 0x0006, 0x0803, 0x0000, 0x0000, 0x0000, 0x0000, 0x0000
	.2byte 0x00BB, 0x0000, 0x0007, 0x000C, 0x7E00, 0x7F7F, 0x010F, 0x0000
	.2byte 0x2168, 0x0851, 0x22D0, 0x0851, 0x0000, 0x0000, 0x0000, 0x0000
	.2byte 0xFF01, 0x0000, 0x0009, 0x0007, 0x0803, 0x0000, 0x0000, 0x0000
	.2byte 0x5E13, 0x0824, 0x00AD, 0x0000, 0xF002, 0x0000, 0x0000, 0x0000
	.2byte 0x0803, 0x0000, 0x0000, 0x0000, 0x0000, 0x0000, 0x00AE, 0x0000
	.2byte 0xF103, 0x0000, 0x0000, 0x0001, 0x0803, 0x0000, 0x0000, 0x0000
	.2byte 0x0000, 0x0000, 0x00AF, 0x0000, 0xF204, 0x0000, 0x0000, 0x0002
	.2byte 0x0803, 0x0000, 0x0000, 0x0000, 0x0000, 0x0000, 0x00B0, 0x0000
	.2byte 0xF305, 0x0000, 0x0000, 0x0003, 0x0803, 0x0000, 0x0000, 0x0000
	.2byte 0x0000, 0x0000, 0x00B1, 0x0000, 0xF406, 0x0000, 0x0000, 0x0004
	.2byte 0x0803, 0x0000, 0x0000, 0x0000, 0x0000, 0x0000, 0x00B2, 0x0000
	.2byte 0xF507, 0x0000, 0x0000, 0x0005, 0x0803, 0x0000, 0x0000, 0x0000
	.2byte 0x0000, 0x0000, 0x00B3, 0x0000, 0xF608, 0x0000, 0x0000, 0x0006
	.2byte 0x0803, 0x0000, 0x0000, 0x0000, 0x0000, 0x0000, 0x00B4, 0x0000
	.2byte 0xF709, 0x0000, 0x0001, 0x0000, 0x0803, 0x0000, 0x0000, 0x0000
	.2byte 0x0000, 0x0000, 0x00B5, 0x0000, 0xF80A, 0x0000, 0x0001, 0x0001
	.2byte 0x0803, 0x0000, 0x0000, 0x0000, 0x0000, 0x0000, 0x00B6, 0x0000
	.2byte 0xF90B, 0x0000, 0x0001, 0x0002, 0x0803, 0x0000, 0x0000, 0x0000
	.2byte 0x0000, 0x0000, 0x00B7, 0x0000, 0xFA0C, 0x0000, 0x0001, 0x0003
	.2byte 0x0803, 0x0000, 0x0000, 0x0000, 0x0000, 0x0000, 0x00B8, 0x0000
	.2byte 0xFB0D, 0x0000, 0x0001, 0x0004, 0x0803, 0x0000, 0x0000, 0x0000
	.2byte 0x0000, 0x0000, 0x00B9, 0x0000, 0xFC0E, 0x0000, 0x0001, 0x0005
	.2byte 0x0803, 0x0000, 0x0000, 0x0000, 0x0000, 0x0000, 0x00BA, 0x0000
	.2byte 0xFD0F, 0x0000, 0x0001, 0x0006, 0x0803, 0x0000, 0x0000, 0x0000
	.2byte 0x0000, 0x0000, 0x00BB, 0x0000, 0x000B, 0x0008, 0x7E00, 0x7F7F
	.2byte 0x010F, 0x0000, 0x22EC, 0x0851, 0x2454, 0x0851, 0x0000, 0x0000
	.2byte 0x0000, 0x0000, 0x1C01, 0x0000, 0x0009, 0x0003, 0x0903, 0x0000
	.2byte 0x0000, 0x0000, 0x7185, 0x0824, 0x0000, 0x0000, 0x0006, 0x0008
	.2byte 0x7F03, 0x7F7F, 0x0007, 0x0008, 0x7F03, 0x7F7F, 0x0003, 0x0005
	.2byte 0x0003, 0x4000, 0x0000, 0x0000, 0x7053, 0x0824, 0x000A, 0x0005
	.2byte 0x0003, 0x4000, 0x0000, 0x0000, 0x705D, 0x0824, 0x0201, 0x0002
	.2byte 0x2470, 0x0851, 0x2488, 0x0851, 0x2498, 0x0851, 0x0000, 0x0000
	.2byte 0x1C01, 0x0000, 0x0009, 0x0006, 0x0903, 0x0000, 0x0000, 0x0000
	.2byte 0x7195, 0x0824, 0x0000, 0x0000, 0x0005, 0x0008, 0x7F03, 0x7F7F
	.2byte 0x0006, 0x0008, 0x7F03, 0x7F7F, 0x0004, 0x0005, 0x0003, 0x4000
	.2byte 0x0000, 0x0000, 0x70D4, 0x0824, 0x0007, 0x0005, 0x0003, 0x4000
	.2byte 0x0000, 0x0000, 0x70DE, 0x0824, 0x0201, 0x0002, 0x24CC, 0x0851
	.2byte 0x24E4, 0x0851, 0x24F4, 0x0851, 0x0000, 0x0000, 0x1C01, 0x0000
	.2byte 0x000A, 0x0005, 0x0803, 0x0000, 0x0000, 0x0000, 0x71A5, 0x0824
	.2byte 0x0000, 0x0000, 0x0008, 0x0009, 0x7F03, 0x7F7F, 0x0009, 0x0009
	.2byte 0x7F03, 0x7F7F, 0x000B, 0x0009, 0x7F03, 0x7F7F, 0x000A, 0x0009
	.2byte 0x7F03, 0x7F7F, 0x0006, 0x0004, 0x0003, 0x4000, 0x0000, 0x0000
	.2byte 0x70FC, 0x0824, 0x0006, 0x0006, 0x0003, 0x4000, 0x0000, 0x0000
	.2byte 0x7126, 0x0824, 0x000D, 0x0004, 0x0003, 0x4000, 0x0000, 0x0000
	.2byte 0x7111, 0x0824, 0x000D, 0x0006, 0x0003, 0x4000, 0x0000, 0x0000
	.2byte 0x713B, 0x0824, 0x0401, 0x0004, 0x2528, 0x0851, 0x2540, 0x0851
	.2byte 0x2560, 0x0851, 0x0000, 0x0000, 0x0005, 0x0008, 0x7F03, 0x7F7F
	.2byte 0x0006, 0x0008, 0x7F03, 0x7F7F, 0x0007, 0x0008, 0x7F03, 0x7F7F
	.2byte 0x0008, 0x0008, 0x7F03, 0x7F7F, 0x0003, 0x0004, 0x0003, 0x4000
	.2byte 0x0000, 0x0000, 0x7067, 0x0824, 0x0003, 0x0006, 0x0003, 0x4000
	.2byte 0x0000, 0x0000, 0x709D, 0x0824, 0x000A, 0x0004, 0x0003, 0x4000
	.2byte 0x0000, 0x0000, 0x7082, 0x0824, 0x000A, 0x0006, 0x0003, 0x4000
	.2byte 0x0000, 0x0000, 0x70B8, 0x0824, 0x0400, 0x0004, 0x0000, 0x0000
	.2byte 0x25B4, 0x0851, 0x25D4, 0x0851, 0x0000, 0x0000, 0x1801, 0x0000
	.2byte 0x0006, 0x0004, 0x0803, 0x0000, 0x0000, 0x0000, 0x0000, 0x0000
	.2byte 0x0000, 0x0000, 0xBE02, 0x0000, 0x0007, 0x0004, 0x0803, 0x0000
	.2byte 0x0000, 0x0000, 0x0000, 0x0000, 0x0000, 0x0000, 0xF003, 0x0000
	.2byte 0x0004, 0x0007, 0x0703, 0x0000, 0x0000, 0x0000, 0x0000, 0x0000
	.2byte 0x0000, 0x0000, 0xF104, 0x0000, 0x0006, 0x0007, 0x0703, 0x0000
	.2byte 0x0000, 0x0000, 0x0000, 0x0000, 0x0000, 0x0000, 0xF205, 0x0000
	.2byte 0x0008, 0x0007, 0x0703, 0x0000, 0x0000, 0x0000, 0x0000, 0x0000
	.2byte 0x0000, 0x0000, 0xF406, 0x0000, 0x0002, 0x0006, 0x0A03, 0x0000
	.2byte 0x0000, 0x0000, 0x0000, 0x0000, 0x0000, 0x0000, 0xF607, 0x0000
	.2byte 0x0004, 0x0002, 0x0803, 0x0000, 0x0000, 0x0000, 0x0000, 0x0000
	.2byte 0x0000, 0x0000, 0xF708, 0x0000, 0x0005, 0x0002, 0x0803, 0x0000
	.2byte 0x0000, 0x0000, 0x0000, 0x0000, 0x0000, 0x0000, 0xF809, 0x0000
	.2byte 0x0009, 0x0002, 0x0803, 0x0000, 0x0000, 0x0000, 0x0000, 0x0000
	.2byte 0x0000, 0x0000, 0xF90A, 0x0000, 0x000A, 0x0002, 0x0803, 0x0000
	.2byte 0x0000, 0x0000, 0x0000, 0x0000, 0x0000, 0x0000, 0xFA0B, 0x0000
	.2byte 0x000C, 0x0005, 0x0903, 0x0000, 0x0000, 0x0000, 0x0000, 0x0000
	.2byte 0x0000, 0x0000, 0xF50C, 0x0000, 0x0002, 0x0005, 0x0A03, 0x0000
	.2byte 0x0000, 0x0000, 0x0000, 0x0000, 0x0000, 0x0000, 0x3B0D, 0x0000
	.2byte 0x0007, 0x0005, 0x0103, 0x0000, 0x0000, 0x0000, 0x0000, 0x0000
	.2byte 0x0056, 0x0000, 0xF30E, 0x0000, 0x000A, 0x0007, 0x0703, 0x0000
	.2byte 0x0000, 0x0000, 0x0000, 0x0000, 0x0000, 0x0000, 0x630F, 0x0000
	.2byte 0x000C, 0x0006, 0x0903, 0x0000, 0x0000, 0x0000, 0x0000, 0x0000
	.2byte 0x0000, 0x0000, 0x000F, 0x0000, 0x2628, 0x0851, 0x0000, 0x0000
	.2byte 0x0000, 0x0000, 0x0000, 0x0000, 0x7101, 0x0000, 0x0000, 0x0000
	.2byte 0x0808, 0x0000, 0x0000, 0x0000, 0xDE15, 0x0821, 0x0000, 0x0000
	.2byte 0x7102, 0x0000, 0x0000, 0x0003, 0x0808, 0x0000, 0x0000, 0x0000
	.2byte 0xDE15, 0x0821, 0x0000, 0x0000, 0x7103, 0x0000, 0x0002, 0x0003
	.2byte 0x0808, 0x0000, 0x0000, 0x0000, 0xDE15, 0x0821, 0x0000, 0x0000
	.2byte 0x0004, 0x0001, 0x7F00, 0x7F7F, 0x0004, 0x0002, 0x7F00, 0x7F7F
	.2byte 0x0004, 0x0003, 0x7F00, 0x7F7F, 0x0003, 0x0001, 0x0003, 0x4092
	.2byte 0x0000, 0x0000, 0xDDAD, 0x0821, 0x0003, 0x0002, 0x0003, 0x4092
	.2byte 0x0000, 0x0000, 0xDDAD, 0x0821, 0x0003, 0x0003, 0x0003, 0x4092
	.2byte 0x0000, 0x0000, 0xDDAD, 0x0821, 0x0001, 0x0000, 0x0000, 0x0000
	.2byte 0xDE15, 0x0821, 0x0003, 0x0004, 0x0000, 0x0000, 0xDE15, 0x0821
	.2byte 0x0002, 0x0003, 0x0000, 0x0000, 0xDE15, 0x0821, 0x0000, 0x0001
	.2byte 0x0000, 0x0000, 0xDE15, 0x0821, 0x0000, 0x0002, 0x0000, 0x0000
	.2byte 0xDE15, 0x0821, 0x0303, 0x0503, 0x27A4, 0x0851, 0x27EC, 0x0851
	.2byte 0x2804, 0x0851, 0x2834, 0x0851, 0x3101, 0x0000, 0x0001, 0x000B
	.2byte 0x0703, 0x0000, 0x0000, 0x0000, 0xDF90, 0x0821, 0x0000, 0x0000
	.2byte 0x3102, 0x0000, 0x0010, 0x0007, 0x0303, 0x0020, 0x0000, 0x0000
	.2byte 0xE01A, 0x0821, 0x0000, 0x0000, 0x1503, 0x0000, 0x0009, 0x0002
	.2byte 0x0803, 0x0011, 0x0000, 0x0000, 0xDF50, 0x0821, 0x03B6, 0x0000
	.2byte 0xD304, 0x0000, 0x0007, 0x0002, 0x0103, 0x0011, 0x0000, 0x0000
	.2byte 0xDF59, 0x0821, 0x03B6, 0x0000, 0xDB05, 0x0000, 0x0009, 0x000A
	.2byte 0x0903, 0x0000, 0x0000, 0x0000, 0x0000, 0x0000, 0x032A, 0x0000
	.2byte 0x0004, 0x0009, 0x0003, 0x192B, 0x0007, 0x0009, 0x0203, 0x192B
	.2byte 0x000A, 0x0009, 0x0403, 0x192B, 0x000D, 0x0009, 0x0603, 0x192B
	.2byte 0x0004, 0x0003, 0x0803, 0x192B, 0x0007, 0x0003, 0x0903, 0x192B
	.2byte 0x000A, 0x0003, 0x0A03, 0x192B, 0x000D, 0x0003, 0x0B03, 0x192B
	.2byte 0x0010, 0x0002, 0x0003, 0x192A, 0x0002, 0x0001, 0x0000, 0x0000
	.2byte 0xDFF4, 0x0821, 0x0004, 0x0001, 0x0000, 0x0000, 0xDFF4, 0x0821
	.2byte 0x0006, 0x0001, 0x0000, 0x0000, 0xDFF4, 0x0821, 0x0008, 0x0001
	.2byte 0x0000, 0x0000, 0xDFF4, 0x0821, 0x000A, 0x0001, 0x0000, 0x0000
	.2byte 0xDFF4, 0x0821, 0x000C, 0x0001, 0x0000, 0x0000, 0xDFF4, 0x0821
	.2byte 0x000E, 0x0001, 0x0000, 0x0000, 0xDFF4, 0x0821, 0x0010, 0x0001
	.2byte 0x0000, 0x0000, 0xDFF4, 0x0821, 0x0005, 0x0009, 0x0100, 0x0000
	.2byte 0xDF6C, 0x0821, 0x0008, 0x0009, 0x0100, 0x0000, 0xDF75, 0x0821
	.2byte 0x000B, 0x0009, 0x0100, 0x0000, 0xDF7E, 0x0821, 0x000E, 0x0009
	.2byte 0x0100, 0x0000, 0xDF87, 0x0821, 0x0905, 0x0C00, 0x2884, 0x0851
	.2byte 0x28FC, 0x0851, 0x0000, 0x0000, 0x2944, 0x0851, 0x3101, 0x0000
	.2byte 0x000A, 0x0004, 0x2E03, 0x0044, 0x0001, 0x0003, 0xE3E2, 0x0821
	.2byte 0x0000, 0x0000, 0x3102, 0x0000, 0x0007, 0x0004, 0x3203, 0x0047
	.2byte 0x0001, 0x0003, 0xE3F9, 0x0821, 0x0000, 0x0000, 0x000F, 0x0002
	.2byte 0x0803, 0x1929, 0x0000, 0x0002, 0x0700, 0x0000, 0x00C8, 0x0023
	.2byte 0x0102, 0x0100, 0x29E8, 0x0851, 0x2A18, 0x0851, 0x0000, 0x0000
	.2byte 0x2A20, 0x0851, 0x1901, 0x0000, 0x0004, 0x0007, 0x0A03, 0x0000
	.2byte 0x0001, 0x0000, 0xE540, 0x0821, 0x0000, 0x0000, 0x3002, 0x0000
	.2byte 0x0022, 0x000B, 0x0903, 0x0000, 0x0001, 0x0003, 0xE557, 0x0821
	.2byte 0x0000, 0x0000, 0x3003, 0x0000, 0x0015, 0x0005, 0x0A03, 0x0000
	.2byte 0x0001, 0x0000, 0xE56E, 0x0821, 0x0000, 0x0000, 0x4104, 0x0000
	.2byte 0x0005, 0x000E, 0x0803, 0x0000, 0x0001, 0x0001, 0xE585, 0x0821
	.2byte 0x0000, 0x0000, 0x1A05, 0x0000, 0x0004, 0x000E, 0x0803, 0x0000
	.2byte 0x0001, 0x0001, 0xE5A0, 0x0821, 0x0000, 0x0000, 0x0F06, 0x0000
	.2byte 0x0016, 0x000B, 0x0803, 0x0011, 0x0001, 0x0003, 0xE5BB, 0x0821
	.2byte 0x0000, 0x0000, 0x1407, 0x0000, 0x000F, 0x0006, 0x0903, 0x0000
	.2byte 0x0001, 0x0000, 0xE5D2, 0x0821, 0x0000, 0x0000, 0x2708, 0x0000
	.2byte 0x001C, 0x0005, 0x0703, 0x0011, 0x0000, 0x0000, 0xE4E9, 0x0821
	.2byte 0x03B7, 0x0000, 0x0004, 0x0010, 0x0000, 0x1929, 0x0005, 0x0010
	.2byte 0x0000, 0x1929, 0x000D, 0x0010, 0x0100, 0x1929, 0x000E, 0x0010
	.2byte 0x0100, 0x1929, 0x0016, 0x0010, 0x0200, 0x1929, 0x0017, 0x0010
	.2byte 0x0200, 0x1929, 0x001F, 0x0010, 0x0300, 0x1929, 0x0020, 0x0010
	.2byte 0x0300, 0x1929, 0x0004, 0x0001, 0x0400, 0x1929, 0x000D, 0x0001
	.2byte 0x0500, 0x1929, 0x0016, 0x0001, 0x0600, 0x1929, 0x001F, 0x0001
	.2byte 0x0700, 0x1929, 0x000F, 0x000B, 0x0000, 0x0000, 0xE52A, 0x0821
	.2byte 0x000F, 0x000C, 0x0000, 0x0000, 0xE52A, 0x0821, 0x0C08, 0x0200
	.2byte 0x2A40, 0x0851, 0x2B00, 0x0851, 0x0000, 0x0000, 0x2B60, 0x0851
	.2byte 0x0501, 0x0000, 0x0002, 0x0003, 0x1204, 0x0011, 0x0001, 0x0003
	.2byte 0xD718, 0x0822, 0x0000, 0x0000, 0x0E02, 0x0000, 0x0005, 0x0003
	.2byte 0x1104, 0x0011, 0x0001, 0x0003, 0xD718, 0x0822, 0x0000, 0x0000
	.2byte 0x0F03, 0x0000, 0x0002, 0x0006, 0x1004, 0x0011, 0x0001, 0x0005
	.2byte 0xD718, 0x0822, 0x0000, 0x0000, 0x0904, 0x0000, 0x0006, 0x0006
	.2byte 0x0904, 0x0011, 0x0001, 0x0004, 0xD718, 0x0822, 0x0000, 0x0000
	.2byte 0x3B05, 0x0000, 0x0004, 0x0001, 0x0104, 0x0011, 0x0000, 0x0000
	.2byte 0xD733, 0x0822, 0x0000, 0x0000, 0x3B06, 0x0000, 0x0007, 0x0004
	.2byte 0x0104, 0x0011, 0x0000, 0x0000, 0xD733, 0x0822, 0x0000, 0x0000
	.2byte 0x3B07, 0x0000, 0x0000, 0x0004, 0x0104, 0x0011, 0x0000, 0x0000
	.2byte 0xD733, 0x0822, 0x0000, 0x0000, 0x0007, 0x0000, 0x2B8C, 0x0851
	.2byte 0x0000, 0x0000, 0x0000, 0x0000, 0x0000, 0x0000, 0x0D01, 0x0000
	.2byte 0x0002, 0x0001, 0x1204, 0x0011, 0x0001, 0x0005, 0xD718, 0x0822
	.2byte 0x0000, 0x0000, 0x1202, 0x0000, 0x0005, 0x0006, 0x0F04, 0x0011
	.2byte 0x0001, 0x0005, 0xD718, 0x0822, 0x0000, 0x0000, 0x1103, 0x0000
	.2byte 0x0002, 0x0006, 0x1004, 0x0011, 0x0001, 0x0005, 0xD718, 0x0822
	.2byte 0x0000, 0x0000, 0x0604, 0x0000, 0x0005, 0x0001, 0x1104, 0x0011
	.2byte 0x0001, 0x0005, 0xD718, 0x0822, 0x0000, 0x0000, 0x3B05, 0x0000
	.2byte 0x0006, 0x0005, 0x0104, 0x0011, 0x0000, 0x0000, 0xD733, 0x0822
	.2byte 0x0000, 0x0000, 0x3B06, 0x0000, 0x0007, 0x0000, 0x0104, 0x0011
	.2byte 0x0000, 0x0000, 0xD733, 0x0822, 0x0000, 0x0000, 0x3B07, 0x0000
	.2byte 0x0000, 0x0002, 0x0104, 0x0011, 0x0000, 0x0000, 0xD733, 0x0822
	.2byte 0x0000, 0x0000, 0x0007, 0x0000, 0x2C48, 0x0851, 0x0000, 0x0000
	.2byte 0x0000, 0x0000, 0x0000, 0x0000, 0x0701, 0x0000, 0x0002, 0x0001
	.2byte 0x1204, 0x0011, 0x0001, 0x0005, 0xD718, 0x0822, 0x0000, 0x0000
	.2byte 0x0B02, 0x0000, 0x0006, 0x0001, 0x1104, 0x0011, 0x0001, 0x0004
	.2byte 0xD718, 0x0822, 0x0000, 0x0000, 0x3203, 0x0000, 0x0006, 0x0004
	.2byte 0x0F04, 0x0011, 0x0001, 0x0003, 0xD718, 0x0822, 0x0000, 0x0000
	.2byte 0x2104, 0x0000, 0x0003, 0x0004, 0x1204, 0x0011, 0x0001, 0x0004
	.2byte 0xD718, 0x0822, 0x0000, 0x0000, 0x3B05, 0x0000, 0x0004, 0x0002
	.2byte 0x0104, 0x0011, 0x0000, 0x0000, 0xD733, 0x0822, 0x0000, 0x0000
	.2byte 0x3B06, 0x0000, 0x0000, 0x0003, 0x0104, 0x0011, 0x0000, 0x0000
	.2byte 0xD733, 0x0822, 0x0000, 0x0000, 0x3B07, 0x0000, 0x0002, 0x0007
	.2byte 0x0104, 0x0011, 0x0000, 0x0000, 0xD733, 0x0822, 0x0000, 0x0000
	.2byte 0x0007, 0x0000, 0x2D04, 0x0851, 0x0000, 0x0000, 0x0000, 0x0000
	.2byte 0x0000, 0x0000, 0x1401, 0x0000, 0x0007, 0x0002, 0x1104, 0x0011
	.2byte 0x0001, 0x0005, 0xD718, 0x0822, 0x0000, 0x0000, 0x0802, 0x0000
	.2byte 0x0007, 0x0007, 0x0F04, 0x0011, 0x0001, 0x0005, 0xD718, 0x0822
	.2byte 0x0000, 0x0000, 0x0F03, 0x0000, 0x0001, 0x0004, 0x1204, 0x0011
	.2byte 0x0001, 0x0006, 0xD718, 0x0822, 0x0000, 0x0000, 0x0E04, 0x0000
	.2byte 0x0006, 0x0004, 0x0F04, 0x0011, 0x0001, 0x0006, 0xD718, 0x0822
	.2byte 0x0000, 0x0000, 0x3B05, 0x0000, 0x0002, 0x0006, 0x0104, 0x0011
	.2byte 0x0000, 0x0000, 0xD733, 0x0822, 0x0000, 0x0000, 0x3B06, 0x0000
	.2byte 0x0005, 0x0003, 0x0104, 0x0011, 0x0000, 0x0000, 0xD733, 0x0822
	.2byte 0x0000, 0x0000, 0x3B07, 0x0000, 0x0003, 0x0000, 0x0104, 0x0011
	.2byte 0x0000, 0x0000, 0xD733, 0x0822, 0x0000, 0x0000, 0x0007, 0x0000
	.2byte 0x2DC0, 0x0851, 0x0000, 0x0000, 0x0000, 0x0000, 0x0000, 0x0000
	.2byte 0x0901, 0x0000, 0x0006, 0x0004, 0x0704, 0x0011, 0x0001, 0x0003
	.2byte 0xD718, 0x0822, 0x0000, 0x0000, 0x0902, 0x0000, 0x0003, 0x0007
	.2byte 0x1004, 0x0011, 0x0001, 0x0005, 0xD718, 0x0822, 0x0000, 0x0000
	.2byte 0x0903, 0x0000, 0x0003, 0x0001, 0x0804, 0x0011, 0x0001, 0x0005
	.2byte 0xD718, 0x0822, 0x0000, 0x0000, 0x0904, 0x0000, 0x0006, 0x0000
	.2byte 0x1104, 0x0011, 0x0001, 0x0003, 0xD718, 0x0822, 0x0000, 0x0000
	.2byte 0x3B05, 0x0000, 0x0000, 0x0003, 0x0104, 0x0011, 0x0000, 0x0000
	.2byte 0xD733, 0x0822, 0x0000, 0x0000, 0x3B06, 0x0000, 0x0007, 0x0006
	.2byte 0x0104, 0x0011, 0x0000, 0x0000, 0xD733, 0x0822, 0x0000, 0x0000
	.2byte 0x3B07, 0x0000, 0x0004, 0x0003, 0x0104, 0x0011, 0x0000, 0x0000
	.2byte 0xD733, 0x0822, 0x0000, 0x0000, 0x0007, 0x0000, 0x2E7C, 0x0851
	.2byte 0x0000, 0x0000, 0x0000, 0x0000, 0x0000, 0x0000, 0x0A01, 0x0000
	.2byte 0x0005, 0x0002, 0x1104, 0x0011, 0x0001, 0x0003, 0xD718, 0x0822
	.2byte 0x0000, 0x0000, 0x0A02, 0x0000, 0x0002, 0x0005, 0x1004, 0x0011
	.2byte 0x0001, 0x0003, 0xD718, 0x0822, 0x0000, 0x0000, 0x0A03, 0x0000
	.2byte 0x0005, 0x0005, 0x0F04, 0x0011, 0x0001, 0x0003, 0xD718, 0x0822
	.2byte 0x0000, 0x0000, 0x0A04, 0x0000, 0x0002, 0x0002, 0x1204, 0x0011
	.2byte 0x0001, 0x0003, 0xD718, 0x0822, 0x0000, 0x0000, 0x3B05, 0x0000
	.2byte 0x0007, 0x0007, 0x0104, 0x0011, 0x0000, 0x0000, 0xD733, 0x0822
	.2byte 0x0000, 0x0000, 0x3B06, 0x0000, 0x0004, 0x0003, 0x0104, 0x0011
	.2byte 0x0000, 0x0000, 0xD733, 0x0822, 0x0000, 0x0000, 0x3B07, 0x0000
	.2byte 0x0000, 0x0000, 0x0104, 0x0011, 0x0000, 0x0000, 0xD733, 0x0822
	.2byte 0x0000, 0x0000, 0x0007, 0x0000, 0x2F38, 0x0851, 0x0000, 0x0000
	.2byte 0x0000, 0x0000, 0x0000, 0x0000, 0x0B01, 0x0000, 0x0000, 0x0006
	.2byte 0x0A04, 0x0011, 0x0001, 0x0006, 0xD718, 0x0822, 0x0000, 0x0000
	.2byte 0x0B02, 0x0000, 0x0004, 0x0000, 0x1104, 0x0011, 0x0001, 0x0004
	.2byte 0xD718, 0x0822, 0x0000, 0x0000, 0x0B03, 0x0000, 0x0006, 0x0000
	.2byte 0x0804, 0x0011, 0x0001, 0x0003, 0xD718, 0x0822, 0x0000, 0x0000
	.2byte 0x0B04, 0x0000, 0x0004, 0x0004, 0x0F04, 0x0011, 0x0001, 0x0004
	.2byte 0xD718, 0x0822, 0x0000, 0x0000, 0x3B05, 0x0000, 0x0007, 0x0004
	.2byte 0x0104, 0x0011, 0x0000, 0x0000, 0xD733, 0x0822, 0x0000, 0x0000
	.2byte 0x3B06, 0x0000, 0x0001, 0x0001, 0x0104, 0x0011, 0x0000, 0x0000
	.2byte 0xD733, 0x0822, 0x0000, 0x0000, 0x3B07, 0x0000, 0x0003, 0x0007
	.2byte 0x0104, 0x0011, 0x0000, 0x0000, 0xD733, 0x0822, 0x0000, 0x0000
	.2byte 0x0007, 0x0000, 0x2FF4, 0x0851, 0x0000, 0x0000, 0x0000, 0x0000
	.2byte 0x0000, 0x0000, 0x0C01, 0x0000, 0x0001, 0x0002, 0x1204, 0x0011
	.2byte 0x0001, 0x0005, 0xD718, 0x0822, 0x0000, 0x0000, 0x0C02, 0x0000
	.2byte 0x0006, 0x0005, 0x0F04, 0x0011, 0x0001, 0x0005, 0xD718, 0x0822
	.2byte 0x0000, 0x0000, 0x0C03, 0x0000, 0x0001, 0x0005, 0x1004, 0x0011
	.2byte 0x0001, 0x0005, 0xD718, 0x0822, 0x0000, 0x0000, 0x0C04, 0x0000
	.2byte 0x0006, 0x0002, 0x0F04, 0x0011, 0x0001, 0x0005, 0xD718, 0x0822
	.2byte 0x0000, 0x0000, 0x3B05, 0x0000, 0x0004, 0x0003, 0x0104, 0x0011
	.2byte 0x0000, 0x0000, 0xD733, 0x0822, 0x0000, 0x0000, 0x3B06, 0x0000
	.2byte 0x0003, 0x0006, 0x0104, 0x0011, 0x0000, 0x0000, 0xD733, 0x0822
	.2byte 0x0000, 0x0000, 0x3B07, 0x0000, 0x0001, 0x0000, 0x0104, 0x0011
	.2byte 0x0000, 0x0000, 0xD733, 0x0822, 0x0000, 0x0000, 0x0007, 0x0000
	.2byte 0x30B0, 0x0851, 0x0000, 0x0000, 0x0000, 0x0000, 0x0000, 0x0000
	.2byte 0x0C01, 0x0000, 0x0003, 0x0000, 0x0804, 0x0011, 0x0001, 0x0005
	.2byte 0xD718, 0x0822, 0x0000, 0x0000, 0x0C02, 0x0000, 0x0006, 0x0004
	.2byte 0x0F04, 0x0011, 0x0001, 0x0004, 0xD718, 0x0822, 0x0000, 0x0000
	.2byte 0x0C03, 0x0000, 0x0006, 0x0000, 0x1104, 0x0011, 0x0001, 0x0004
	.2byte 0xD718, 0x0822, 0x0000, 0x0000, 0x0C04, 0x0000, 0x0003, 0x0005
	.2byte 0x0F04, 0x0011, 0x0001, 0x0005, 0xD718, 0x0822, 0x0000, 0x0000
	.2byte 0x3B05, 0x0000, 0x0007, 0x0000, 0x0104, 0x0011, 0x0000, 0x0000
	.2byte 0xD733, 0x0822, 0x0000, 0x0000, 0x3B06, 0x0000, 0x0001, 0x0000
	.2byte 0x0104, 0x0011, 0x0000, 0x0000, 0xD733, 0x0822, 0x0000, 0x0000
	.2byte 0x3B07, 0x0000, 0x0001, 0x0006, 0x0104, 0x0011, 0x0000, 0x0000
	.2byte 0xD733, 0x0822, 0x0000, 0x0000, 0x0007, 0x0000, 0x316C, 0x0851
	.2byte 0x0000, 0x0000, 0x0000, 0x0000, 0x0000, 0x0000, 0x0E01, 0x0000
	.2byte 0x0003, 0x0000, 0x1104, 0x0011, 0x0001, 0x0003, 0xD718, 0x0822
	.2byte 0x0000, 0x0000, 0x0E02, 0x0000, 0x0000, 0x0003, 0x0A04, 0x0011
	.2byte 0x0001, 0x0003, 0xD718, 0x0822, 0x0000, 0x0000, 0x0E03, 0x0000
	.2byte 0x0006, 0x0005, 0x0904, 0x0011, 0x0001, 0x0006, 0xD718, 0x0822
	.2byte 0x0000, 0x0000, 0x0E04, 0x0000, 0x0000, 0x0005, 0x0A04, 0x0011
	.2byte 0x0001, 0x0007, 0xD718, 0x0822, 0x0000, 0x0000, 0x3B05, 0x0000
	.2byte 0x0003, 0x0006, 0x0104, 0x0011, 0x0000, 0x0000, 0xD733, 0x0822
	.2byte 0x0000, 0x0000, 0x3B06, 0x0000, 0x0005, 0x0003, 0x0104, 0x0011
	.2byte 0x0000, 0x0000, 0xD733, 0x0822, 0x0000, 0x0000, 0x3B07, 0x0000
	.2byte 0x0001, 0x0001, 0x0104, 0x0011, 0x0000, 0x0000, 0xD733, 0x0822
	.2byte 0x0000, 0x0000, 0x0007, 0x0000, 0x3228, 0x0851, 0x0000, 0x0000
	.2byte 0x0000, 0x0000, 0x0000, 0x0000, 0x0F01, 0x0000, 0x0003, 0x0002
	.2byte 0x0804, 0x0011, 0x0001, 0x0005, 0xD718, 0x0822, 0x0000, 0x0000
	.2byte 0x0F02, 0x0000, 0x0003, 0x0006, 0x0E04, 0x0011, 0x0001, 0x0004
	.2byte 0xD718, 0x0822, 0x0000, 0x0000, 0x0F03, 0x0000, 0x0006, 0x0004
	.2byte 0x0804, 0x0011, 0x0001, 0x0003, 0xD718, 0x0822, 0x0000, 0x0000
	.2byte 0x0F04, 0x0000, 0x0006, 0x0007, 0x0704, 0x0011, 0x0001, 0x0003
	.2byte 0xD718, 0x0822, 0x0000, 0x0000, 0x3B05, 0x0000, 0x0006, 0x0002
	.2byte 0x0104, 0x0011, 0x0000, 0x0000, 0xD733, 0x0822, 0x0000, 0x0000
	.2byte 0x3B06, 0x0000, 0x0001, 0x0002, 0x0104, 0x0011, 0x0000, 0x0000
	.2byte 0xD733, 0x0822, 0x0000, 0x0000, 0x3B07, 0x0000, 0x0001, 0x0005
	.2byte 0x0104, 0x0011, 0x0000, 0x0000, 0xD733, 0x0822, 0x0000, 0x0000
	.2byte 0x0007, 0x0000, 0x32E4, 0x0851, 0x0000, 0x0000, 0x0000, 0x0000
	.2byte 0x0000, 0x0000, 0x1001, 0x0000, 0x0007, 0x0005, 0x0904, 0x0011
	.2byte 0x0001, 0x0007, 0xD718, 0x0822, 0x0000, 0x0000, 0x1002, 0x0000
	.2byte 0x0000, 0x0005, 0x0A04, 0x0011, 0x0001, 0x0007, 0xD718, 0x0822
	.2byte 0x0000, 0x0000, 0x1003, 0x0000, 0x0003, 0x0000, 0x0804, 0x0011
	.2byte 0x0001, 0x0006, 0xD718, 0x0822, 0x0000, 0x0000, 0x1004, 0x0000
	.2byte 0x0003, 0x0003, 0x0704, 0x0011, 0x0001, 0x0003, 0xD718, 0x0822
	.2byte 0x0000, 0x0000, 0x3B05, 0x0000, 0x0007, 0x0002, 0x0104, 0x0011
	.2byte 0x0000, 0x0000, 0xD733, 0x0822, 0x0000, 0x0000, 0x3B06, 0x0000
	.2byte 0x0000, 0x0003, 0x0104, 0x0011, 0x0000, 0x0000, 0xD733, 0x0822
	.2byte 0x0000, 0x0000, 0x3B07, 0x0000, 0x0007, 0x0007, 0x0104, 0x0011
	.2byte 0x0000, 0x0000, 0xD733, 0x0822, 0x0000, 0x0000, 0x0007, 0x0000
	.2byte 0x33A0, 0x0851, 0x0000, 0x0000, 0x0000, 0x0000, 0x0000, 0x0000
	.2byte 0x1101, 0x0000, 0x0005, 0x0001, 0x0804, 0x0011, 0x0001, 0x0006
	.2byte 0xD718, 0x0822, 0x0000, 0x0000, 0x1102, 0x0000, 0x0005, 0x0006
	.2byte 0x0704, 0x0011, 0x0001, 0x0006, 0xD718, 0x0822, 0x0000, 0x0000
	.2byte 0x1103, 0x0000, 0x0001, 0x0001, 0x0804, 0x0011, 0x0001, 0x0006
	.2byte 0xD718, 0x0822, 0x0000, 0x0000, 0x1104, 0x0000, 0x0001, 0x0006
	.2byte 0x0704, 0x0011, 0x0001, 0x0006, 0xD718, 0x0822, 0x0000, 0x0000
	.2byte 0x3B05, 0x0000, 0x0003, 0x0001, 0x0104, 0x0011, 0x0000, 0x0000
	.2byte 0xD733, 0x0822, 0x0000, 0x0000, 0x3B06, 0x0000, 0x0007, 0x0000
	.2byte 0x0104, 0x0011, 0x0000, 0x0000, 0xD733, 0x0822, 0x0000, 0x0000
	.2byte 0x3B07, 0x0000, 0x0000, 0x0003, 0x0104, 0x0011, 0x0000, 0x0000
	.2byte 0xD733, 0x0822, 0x0000, 0x0000, 0x0007, 0x0000, 0x345C, 0x0851
	.2byte 0x0000, 0x0000, 0x0000, 0x0000, 0x0000, 0x0000, 0x1201, 0x0000
	.2byte 0x0007, 0x0001, 0x1104, 0x0011, 0x0001, 0x0007, 0xD718, 0x0822
	.2byte 0x0000, 0x0000, 0x1202, 0x0000, 0x0001, 0x0001, 0x1204, 0x0011
	.2byte 0x0001, 0x0006, 0xD718, 0x0822, 0x0000, 0x0000, 0x1203, 0x0000
	.2byte 0x0006, 0x0005, 0x0F04, 0x0011, 0x0001, 0x0006, 0xD718, 0x0822
	.2byte 0x0000, 0x0000, 0x1204, 0x0000, 0x0000, 0x0005, 0x1004, 0x0011
	.2byte 0x0001, 0x0007, 0xD718, 0x0822, 0x0000, 0x0000, 0x3B05, 0x0000
	.2byte 0x0005, 0x0003, 0x0104, 0x0011, 0x0000, 0x0000, 0xD733, 0x0822
	.2byte 0x0000, 0x0000, 0x3B06, 0x0000, 0x0000, 0x0007, 0x0104, 0x0011
	.2byte 0x0000, 0x0000, 0xD733, 0x0822, 0x0000, 0x0000, 0x3B07, 0x0000
	.2byte 0x0007, 0x0005, 0x0104, 0x0011, 0x0000, 0x0000, 0xD733, 0x0822
	.2byte 0x0000, 0x0000, 0x0007, 0x0000, 0x3518, 0x0851, 0x0000, 0x0000
	.2byte 0x0000, 0x0000, 0x0000, 0x0000, 0x1201, 0x0000, 0x0002, 0x0005
	.2byte 0x1004, 0x0011, 0x0001, 0x0005, 0xD718, 0x0822, 0x0000, 0x0000
	.2byte 0x1202, 0x0000, 0x0002, 0x0001, 0x1204, 0x0011, 0x0001, 0x0006
	.2byte 0xD718, 0x0822, 0x0000, 0x0000, 0x1203, 0x0000, 0x0006, 0x0004
	.2byte 0x0F04, 0x0011, 0x0001, 0x0004, 0xD718, 0x0822, 0x0000, 0x0000
	.2byte 0x1204, 0x0000, 0x0006, 0x0000, 0x1104, 0x0011, 0x0001, 0x0004
	.2byte 0xD718, 0x0822, 0x0000, 0x0000, 0x3B05, 0x0000, 0x0000, 0x0007
	.2byte 0x0104, 0x0011, 0x0000, 0x0000, 0xD733, 0x0822, 0x0000, 0x0000
	.2byte 0x3B06, 0x0000, 0x0007, 0x0005, 0x0104, 0x0011, 0x0000, 0x0000
	.2byte 0xD733, 0x0822, 0x0000, 0x0000, 0x3B07, 0x0000, 0x0001, 0x0002
	.2byte 0x0104, 0x0011, 0x0000, 0x0000, 0xD733, 0x0822, 0x0000, 0x0000
	.2byte 0x0007, 0x0000, 0x35D4, 0x0851, 0x0000, 0x0000, 0x0000, 0x0000
	.2byte 0x0000, 0x0000, 0x1201, 0x0000, 0x0000, 0x0006, 0x1004, 0x0011
	.2byte 0x0001, 0x0006, 0xD718, 0x0822, 0x0000, 0x0000, 0x1202, 0x0000
	.2byte 0x0001, 0x0000, 0x1200, 0x0011, 0x0001, 0x0006, 0xD718, 0x0822
	.2byte 0x0000, 0x0000, 0x1203, 0x0000, 0x0006, 0x0007, 0x0F04, 0x0011
	.2byte 0x0001, 0x0006, 0xD718, 0x0822, 0x0000, 0x0000, 0x1204, 0x0000
	.2byte 0x0006, 0x0000, 0x1104, 0x0011, 0x0001, 0x0006, 0xD718, 0x0822
	.2byte 0x0000, 0x0000, 0x3B05, 0x0000, 0x0000, 0x0007, 0x0104, 0x0011
	.2byte 0x0000, 0x0000, 0xD733, 0x0822, 0x0000, 0x0000, 0x3B06, 0x0000
	.2byte 0x0007, 0x0007, 0x0104, 0x0011, 0x0000, 0x0000, 0xD733, 0x0822
	.2byte 0x0000, 0x0000, 0x3B07, 0x0000, 0x0005, 0x0002, 0x0104, 0x0011
	.2byte 0x0000, 0x0000, 0xD733, 0x0822, 0x0000, 0x0000, 0x0007, 0x0000
	.2byte 0x3690, 0x0851, 0x0000, 0x0000, 0x0000, 0x0000, 0x0000, 0x0000
	.2byte 0xE301, 0x0000, 0x0003, 0x0002, 0x0803, 0x0000, 0x0000, 0x0000
	.2byte 0xE9F6, 0x0821, 0x0000, 0x0000, 0xF302, 0x0000, 0x0001, 0x0008
	.2byte 0x0203, 0x0011, 0x0000, 0x0000, 0xE9C4, 0x0821, 0x02C2, 0x0000
	.2byte 0xF703, 0x0000, 0x0007, 0x0008, 0x0203, 0x0011, 0x0000, 0x0000
	.2byte 0xE9EC, 0x0821, 0x02C6, 0x0000, 0xF604, 0x0000, 0x0001, 0x0004
	.2byte 0x0203, 0x0011, 0x0000, 0x0000, 0xE9E2, 0x0821, 0x02C5, 0x0000
	.2byte 0xF505, 0x0000, 0x0007, 0x0004, 0x0203, 0x0011, 0x0000, 0x0000
	.2byte 0xE9D8, 0x0821, 0x02C4, 0x0000, 0xF406, 0x0000, 0x000D, 0x0004
	.2byte 0x0203, 0x0011, 0x0000, 0x0000, 0xE9CE, 0x0821, 0x02C3, 0x0000
	.2byte 0xF207, 0x0000, 0x000A, 0x0006, 0x0203, 0x0011, 0x0000, 0x0000
	.2byte 0xE9BA, 0x0821, 0x02C1, 0x0000, 0xF108, 0x0000, 0x000D, 0x0008
	.2byte 0x0203, 0x0011, 0x0000, 0x0000, 0xE9B0, 0x0821, 0x02C0, 0x0000
	.2byte 0xF009, 0x0000, 0x0004, 0x0006, 0x0203, 0x0011, 0x0000, 0x0000
	.2byte 0xE9A6, 0x0821, 0x02BF, 0x0000, 0x0007, 0x000B, 0x7F03, 0x7F7F
	.2byte 0x0008, 0x000B, 0x7F03, 0x7F7F, 0x0209, 0x0000, 0x374C, 0x0851
	.2byte 0x3824, 0x0851, 0x0000, 0x0000, 0x0000, 0x0000, 0x1301, 0x0000
	.2byte 0x0008, 0x0008, 0x0805, 0x0000, 0x0000, 0x0000, 0xEA0A, 0x0821
	.2byte 0x0000, 0x0000, 0x3B02, 0x0000, 0x0021, 0x0007, 0x0103, 0x0011
	.2byte 0x0000, 0x0000, 0x7013, 0x0825, 0x0446, 0x0000, 0x0002, 0x0000
	.2byte 0x3848, 0x0851, 0x0000, 0x0000, 0x0000, 0x0000, 0x0000, 0x0000
	.2byte 0x3201, 0x0000, 0x0016, 0x0009, 0x0203, 0x0011, 0x0000, 0x0000
	.2byte 0xEA14, 0x0821, 0x0000, 0x0000, 0x4102, 0x0000, 0x0006, 0x001D
	.2byte 0x0203, 0x0011, 0x0000, 0x0000, 0xEA1D, 0x0821, 0x0000, 0x0000
	.2byte 0x5603, 0x0000, 0x0019, 0x000A, 0x0103, 0x0011, 0x0000, 0x0000
	.2byte 0x667C, 0x0825, 0x0011, 0x0000, 0x5604, 0x0000, 0x0019, 0x000D
	.2byte 0x0103, 0x0011, 0x0000, 0x0000, 0x667C, 0x0825, 0x0012, 0x0000
	.2byte 0x5605, 0x0000, 0x001C, 0x000E, 0x0103, 0x0011, 0x0000, 0x0000
	.2byte 0x667C, 0x0825, 0x0013, 0x0000, 0x5606, 0x0000, 0x0017, 0x0006
	.2byte 0x0103, 0x0011, 0x0000, 0x0000, 0x667C, 0x0825, 0x0014, 0x0000
	.2byte 0x5607, 0x0000, 0x0014, 0x0007, 0x0103, 0x0011, 0x0000, 0x0000
	.2byte 0x667C, 0x0825, 0x0015, 0x0000, 0x5608, 0x0000, 0x001B, 0x0007
	.2byte 0x0103, 0x0011, 0x0000, 0x0000, 0x667C, 0x0825, 0x0016, 0x0000
	.2byte 0x3B09, 0x0000, 0x0007, 0x0006, 0x0103, 0x0011, 0x0000, 0x0000
	.2byte 0x7020, 0x0825, 0x045F, 0x0000, 0x0009, 0x0000, 0x388C, 0x0851
	.2byte 0x0000, 0x0000, 0x0000, 0x0000, 0x0000, 0x0000, 0x1401, 0x0000
	.2byte 0x0016, 0x0009, 0x0803, 0x0000, 0x0000, 0x0000, 0xEA27, 0x0821
	.2byte 0x0000, 0x0000, 0x3B02, 0x0000, 0x0000, 0x0025, 0x0103, 0x0011
	.2byte 0x0000, 0x0000, 0x702D, 0x0825, 0x046B, 0x0000, 0x001D, 0x0007
	.2byte 0x0003, 0x1A0B, 0x0020, 0x0007, 0x0003, 0x0000, 0xEA30, 0x0821
	.2byte 0x0102, 0x0100, 0x3978, 0x0851, 0x39A8, 0x0851, 0x0000, 0x0000
	.2byte 0x39B0, 0x0851, 0x1F01, 0x0000, 0x0020, 0x0022, 0x0804, 0x0000
	.2byte 0x0000, 0x0000, 0xEAA5, 0x0821, 0x0000, 0x0000, 0x0702, 0x0000
	.2byte 0x001A, 0x001C, 0x0203, 0x0011, 0x0000, 0x0000, 0xEA8A, 0x0821
	.2byte 0x0000, 0x0000, 0x4103, 0x0000, 0x0010, 0x0006, 0x0805, 0x0000
	.2byte 0x0000, 0x0000, 0xEA93, 0x0821, 0x0000, 0x0000, 0x2304, 0x0000
	.2byte 0x000F, 0x001F, 0x0203, 0x0011, 0x0000, 0x0000, 0xEA9C, 0x0821
	.2byte 0x0000, 0x0000, 0x1F05, 0x0000, 0x0024, 0x0010, 0x0903, 0x0011
	.2byte 0x0000, 0x0000, 0xEB50, 0x0821, 0x02CD, 0x0000, 0x1F06, 0x0000
	.2byte 0x0024, 0x0011, 0x0903, 0x0011, 0x0000, 0x0000, 0xEB62, 0x0821
	.2byte 0x02CD, 0x0000, 0x0020, 0x0021, 0x0000, 0x1700, 0x0106, 0x0000
	.2byte 0x39D0, 0x0851, 0x3A60, 0x0851, 0x0000, 0x0000, 0x0000, 0x0000
	.2byte 0x0901, 0x0000, 0x001A, 0x0026, 0x0200, 0x0022, 0x0000, 0x0000
	.2byte 0xECCF, 0x0821, 0x0000, 0x0000, 0x8C02, 0x0000, 0x0014, 0x0046
	.2byte 0x0A00, 0x0011, 0x0000, 0x0000, 0x0000, 0x0000, 0x0000, 0x0000
	.2byte 0x2D03, 0x0000, 0x0013, 0x0044, 0x0700, 0x0011, 0x0000, 0x0000
	.2byte 0xEBB0, 0x0821, 0x0000, 0x0000, 0x1504, 0x0000, 0x001A, 0x0014
	.2byte 0x0500, 0x0008, 0x0000, 0x0000, 0xEE4B, 0x0821, 0x0000, 0x0000
	.2byte 0x2105, 0x0000, 0x001B, 0x001E, 0x0200, 0x0031, 0x0000, 0x0000
	.2byte 0xECED, 0x0821, 0x0000, 0x0000, 0x2206, 0x0000, 0x0021, 0x0029
	.2byte 0x0200, 0x0011, 0x0000, 0x0000, 0xEE5D, 0x0821, 0x0000, 0x0000
	.2byte 0x1107, 0x0000, 0x001C, 0x002B, 0x0300, 0x0030, 0x0000, 0x0000
	.2byte 0xEE66, 0x0821, 0x0000, 0x0000, 0x3008, 0x0000, 0x0011, 0x0014
	.2byte 0x0200, 0x0011, 0x0000, 0x0000, 0xEE39, 0x0821, 0x0000, 0x0000
	.2byte 0x2709, 0x0000, 0x000D, 0x002C, 0x0700, 0x0011, 0x0000, 0x0000
	.2byte 0xECF6, 0x0821, 0x0000, 0x0000, 0x270A, 0x0000, 0x000E, 0x002C
	.2byte 0x0700, 0x0011, 0x0000, 0x0000, 0xECFD, 0x0821, 0x0000, 0x0000
	.2byte 0x420B, 0x0000, 0x0017, 0x002F, 0x0F00, 0x0022, 0x0000, 0x0000
	.2byte 0xEE54, 0x0821, 0x0000, 0x0000, 0x080C, 0x0000, 0x0026, 0x001B
	.2byte 0x0200, 0x0011, 0x0000, 0x0000, 0xED86, 0x0821, 0x0000, 0x0000
	.2byte 0x180D, 0x0000, 0x002D, 0x0012, 0x0300, 0x0031, 0x0000, 0x0000
	.2byte 0xEDF5, 0x0821, 0x0000, 0x0000, 0x1F0E, 0x0000, 0x0009, 0x002F
	.2byte 0x0F00, 0x0021, 0x0000, 0x0000, 0xED3F, 0x0821, 0x0000, 0x0000
	.2byte 0x2F0F, 0x0000, 0x0023, 0x0005, 0x0200, 0x0012, 0x0000, 0x0000
	.2byte 0xEE42, 0x0821, 0x0000, 0x0000, 0x1710, 0x0000, 0x000B, 0x0042
	.2byte 0x0900, 0x0011, 0x0000, 0x0000, 0x73C3, 0x0822, 0x0000, 0x0000
	.2byte 0x3211, 0x0000, 0x001F, 0x001F, 0x0800, 0x0011, 0x0000, 0x0000
	.2byte 0xEE27, 0x0821, 0x0000, 0x0000, 0x3212, 0x0000, 0x002A, 0x0030
	.2byte 0x1200, 0x0011, 0x0000, 0x0000, 0xECD8, 0x0821, 0x0000, 0x0000
	.2byte 0x1113, 0x0000, 0x0026, 0x0016, 0x0300, 0x0030, 0x0000, 0x0000
	.2byte 0xEE6F, 0x0821, 0x0000, 0x0000, 0x1414, 0x0000, 0x000C, 0x0009
	.2byte 0x0800, 0x0011, 0x0000, 0x0000, 0xEE78, 0x0821, 0x0000, 0x0000
	.2byte 0x0715, 0x0000, 0x000C, 0x000A, 0x0700, 0x0011, 0x0000, 0x0000
	.2byte 0xEE83, 0x0821, 0x0000, 0x0000, 0x1D16, 0x0000, 0x000B, 0x000A
	.2byte 0x1700, 0x0011, 0x0000, 0x0000, 0xEE8E, 0x0821, 0x0000, 0x0000
	.2byte 0x4117, 0x0000, 0x0008, 0x0005, 0x0800, 0x0011, 0x0000, 0x0000
	.2byte 0xEE97, 0x0821, 0x0000, 0x0000, 0x1218, 0x0000, 0x0004, 0x001A
	.2byte 0x1800, 0x0011, 0x0000, 0x0000, 0xEEAE, 0x0821, 0x0000, 0x0000
	.2byte 0x002A, 0x001B, 0x0000, 0x1A22, 0x0013, 0x0011, 0x0000, 0x1A12
	.2byte 0x000B, 0x0026, 0x0000, 0x1A1F, 0x002D, 0x002C, 0x0000, 0x1A2B
	.2byte 0x0033, 0x0033, 0x0000, 0x1A37, 0x002C, 0x0005, 0x0000, 0x1A2E
	.2byte 0x0035, 0x002C, 0x0000, 0x1A2D, 0x0005, 0x0014, 0x0000, 0x1A31
	.2byte 0x001A, 0x0041, 0x0000, 0x1A32, 0x001A, 0x003D, 0x0100, 0x1A32
	.2byte 0x0027, 0x0037, 0x0000, 0x1863, 0x000F, 0x0012, 0x0000, 0x0000
	.2byte 0xECA2, 0x0821, 0x002D, 0x001E, 0x0000, 0x0000, 0xECB4, 0x0821
	.2byte 0x0010, 0x002B, 0x0000, 0x0000, 0xECAB, 0x0821, 0x0034, 0x0033
	.2byte 0x0000, 0x0000, 0x2EF6, 0x0824, 0x0035, 0x0033, 0x0000, 0x0000
	.2byte 0x2EF6, 0x0824, 0x0B18, 0x0500, 0x3A7C, 0x0851, 0x3CBC, 0x0851
	.2byte 0x0000, 0x0000, 0x3D14, 0x0851, 0x5501, 0x0000, 0x0006, 0x0005
	.2byte 0x0803, 0x0000, 0x0000, 0x0000, 0xF977, 0x0821, 0x0000, 0x0000
	.2byte 0x4102, 0x0000, 0x0017, 0x0005, 0x0803, 0x0000, 0x0000, 0x0000
	.2byte 0xFF28, 0x0821, 0x0000, 0x0000, 0x2203, 0x0000, 0x0011, 0x0008
	.2byte 0x0203, 0x0011, 0x0000, 0x0000, 0xFFF6, 0x0821, 0x0000, 0x0000
	.2byte 0x0704, 0x0000, 0x000F, 0x0009, 0x0203, 0x0011, 0x0000, 0x0000
	.2byte 0xFFFF, 0x0821, 0x0000, 0x0000, 0x4405, 0x0000, 0x000B, 0x0009
	.2byte 0x0A03, 0x0000, 0x0000, 0x0000, 0x3FAE, 0x0825, 0x0396, 0x0000
	.2byte 0xF006, 0x0000, 0x0001, 0x0005, 0x0803, 0x0011, 0x0000, 0x0000
	.2byte 0xC765, 0x0826, 0x02BD, 0x0000, 0x5507, 0x0000, 0x000A, 0x0005
	.2byte 0x0803, 0x0000, 0x0000, 0x0000, 0xFAE0, 0x0821, 0x0000, 0x0000
	.2byte 0x5508, 0x0000, 0x000E, 0x0005, 0x0803, 0x0000, 0x0000, 0x0000
	.2byte 0xFC49, 0x0821, 0x0000, 0x0000, 0x5509, 0x0000, 0x0012, 0x0005
	.2byte 0x0803, 0x0000, 0x0000, 0x0000, 0xFDB5, 0x0821, 0x0000, 0x0000
	.2byte 0x000C, 0x0009, 0x0003, 0x1A0E, 0x000D, 0x0009, 0x0003, 0x1A0E
	.2byte 0x0006, 0x0001, 0x0000, 0x1A08, 0x0004, 0x0005, 0x0100, 0x0000
	.2byte 0x0008, 0x0822, 0x0008, 0x0005, 0x0100, 0x0000, 0x0021, 0x0822
	.2byte 0x000C, 0x0005, 0x0100, 0x0000, 0x003A, 0x0822, 0x0010, 0x0005
	.2byte 0x0100, 0x0000, 0x0053, 0x0822, 0x0002, 0x0001, 0x0000, 0x0000
	.2byte 0x04FF, 0x0822, 0x0309, 0x0500, 0x3D64, 0x0851, 0x3E3C, 0x0851
	.2byte 0x0000, 0x0000, 0x3E54, 0x0851, 0x5501, 0x0000, 0x0001, 0x0005
	.2byte 0x0703, 0x0000, 0x0000, 0x0000, 0x0000, 0x0000, 0x0000, 0x0000
	.2byte 0x0001, 0x0000, 0x3EA4, 0x0851, 0x0000, 0x0000, 0x0000, 0x0000
	.2byte 0x0000, 0x0000, 0x5501, 0x0000, 0x0009, 0x0002, 0x0903, 0x0000
	.2byte 0x0000, 0x0000, 0x0000, 0x0000, 0x0000, 0x0000, 0x0001, 0x0000
	.2byte 0x3ED0, 0x0851, 0x0000, 0x0000, 0x0000, 0x0000, 0x0000, 0x0000
	.2byte 0xF001, 0x0000, 0x0005, 0x0001, 0x0803, 0x0000, 0x0000, 0x0000
	.2byte 0x0000, 0x0000, 0x0378, 0x0000, 0x5502, 0x0000, 0x0001, 0x0007
	.2byte 0x0A03, 0x0000, 0x0000, 0x0000, 0x0000, 0x0000, 0x0000, 0x0000
	.2byte 0x5503, 0x0000, 0x0004, 0x0008, 0x0703, 0x0000, 0x0000, 0x0000
	.2byte 0x0000, 0x0000, 0x0000, 0x0000, 0x0005, 0x0008, 0x0200, 0x1A05
	.2byte 0x0006, 0x0008, 0x0200, 0x1A05, 0x0203, 0x0000, 0x3EFC, 0x0851
	.2byte 0x3F44, 0x0851, 0x0000, 0x0000, 0x0000, 0x0000, 0x3101, 0x0000
	.2byte 0x000D, 0x0017, 0x0703, 0x0000, 0x0000, 0x0000, 0x276F, 0x0822
	.2byte 0x0000, 0x0000, 0x8C02, 0x0000, 0x000D, 0x0019, 0x0A01, 0x0000
	.2byte 0x0000, 0x0000, 0x0000, 0x0000, 0x0000, 0x0000, 0x000E, 0x0005
	.2byte 0x0003, 0x1A0A, 0x000F, 0x0005, 0x0103, 0x1A0A, 0x0010, 0x0007
	.2byte 0x0003, 0x0000, 0x27D9, 0x0822, 0x0202, 0x0100, 0x3F68, 0x0851
	.2byte 0x3F98, 0x0851, 0x0000, 0x0000, 0x3FA8, 0x0851, 0xF001, 0x0000
	.2byte 0x000D, 0x000C, 0x0703, 0x0000, 0x0000, 0x0000, 0x0000, 0x0000
	.2byte 0x038E, 0x0000, 0xF102, 0x0000, 0x000D, 0x0002, 0x0800, 0x0000
	.2byte 0x0000, 0x0000, 0x0000, 0x0000, 0x038F, 0x0000, 0x000D, 0x0012
	.2byte 0x0003, 0x1A09, 0x000E, 0x0012, 0x0103, 0x1A09, 0x000D, 0x000B
	.2byte 0x0103, 0x0000, 0x2861, 0x0822, 0x0202, 0x0100, 0x3FC8, 0x0851
	.2byte 0x3FF8, 0x0851, 0x0000, 0x0000, 0x4008, 0x0851, 0x2301, 0x0000
	.2byte 0x0007, 0x0004, 0x0A00, 0x0011, 0x0000, 0x0000, 0x2984, 0x0822
	.2byte 0x0000, 0x0000, 0x2502, 0x0000, 0x0008, 0x0004, 0x0900, 0x0011
	.2byte 0x0000, 0x0000, 0x298D, 0x0822, 0x0000, 0x0000, 0x1103, 0x0000
	.2byte 0x0002, 0x0005, 0x0A03, 0x0011, 0x0000, 0x0000, 0x2996, 0x0822
	.2byte 0x0000, 0x0000, 0x0003, 0x0008, 0x0000, 0x1A02, 0x0004, 0x0008
	.2byte 0x0000, 0x1A02, 0x0203, 0x0000, 0x4028, 0x0851, 0x4070, 0x0851
	.2byte 0x0000, 0x0000, 0x0000, 0x0000, 0x0D01, 0x0000, 0x0008, 0x0014
	.2byte 0x0103, 0x0011, 0x0000, 0x0000, 0xEB86, 0x0821, 0x0000, 0x0000
	.2byte 0x0E02, 0x0000, 0x001E, 0x0016, 0x0103, 0x0011, 0x0000, 0x0000
	.2byte 0xEB98, 0x0821, 0x0000, 0x0000, 0x5603, 0x0000, 0x000B, 0x000B
	.2byte 0x0103, 0x0011, 0x0000, 0x0000, 0x667C, 0x0825, 0x0015, 0x0000
	.2byte 0x1004, 0x0000, 0x000D, 0x0023, 0x0100, 0x0011, 0x0000, 0x0000
	.2byte 0xEB8F, 0x0821, 0x0000, 0x0000, 0x5605, 0x0000, 0x0008, 0x000D
	.2byte 0x0103, 0x0011, 0x0000, 0x0000, 0x667C, 0x0825, 0x0013, 0x0000
	.2byte 0x5606, 0x0000, 0x0009, 0x0007, 0x0103, 0x0011, 0x0000, 0x0000
	.2byte 0x667C, 0x0825, 0x0011, 0x0000, 0x5607, 0x0000, 0x0008, 0x000A
	.2byte 0x0103, 0x0011, 0x0000, 0x0000, 0x667C, 0x0825, 0x0014, 0x0000
	.2byte 0x5608, 0x0000, 0x000C, 0x0008, 0x0103, 0x0011, 0x0000, 0x0000
	.2byte 0x667C, 0x0825, 0x0012, 0x0000, 0x3B09, 0x0000, 0x0008, 0x0011
	.2byte 0x0103, 0x0011, 0x0000, 0x0000, 0x703A, 0x0825, 0x0491, 0x0000
	.2byte 0x001F, 0x0023, 0x0703, 0x0000, 0x0044, 0x006A, 0x0015, 0x0005
	.2byte 0x0703, 0x0000, 0x0046, 0x006B, 0x0009, 0x0200, 0x4094, 0x0851
	.2byte 0x0000, 0x0000, 0x0000, 0x0000, 0x416C, 0x0851, 0x0F01, 0x0000
	.2byte 0x0007, 0x0007, 0x0103, 0x0011, 0x0000, 0x0000, 0xEB7D, 0x0821
	.2byte 0x0000, 0x0000, 0x1102, 0x0000, 0x0014, 0x001E, 0x0203, 0x0011
	.2byte 0x0000, 0x0000, 0xEB74, 0x0821, 0x0000, 0x0000, 0x0C03, 0x0000
	.2byte 0x0008, 0x001A, 0x0203, 0x0011, 0x0000, 0x0000, 0xEB6B, 0x0821
	.2byte 0x0000, 0x0000, 0x3B04, 0x0000, 0x001F, 0x000F, 0x0103, 0x0011
	.2byte 0x0000, 0x0000, 0x7047, 0x0825, 0x0492, 0x0000, 0x1F05, 0x0000
	.2byte 0x000C, 0x0010, 0x0903, 0x0011, 0x0000, 0x0000, 0xEB59, 0x0821
	.2byte 0x02EB, 0x0000, 0x0013, 0x0024, 0x0703, 0x0000, 0x0045, 0x006C
	.2byte 0x0023, 0x0020, 0x0703, 0x0000, 0x0013, 0x0069, 0x0005, 0x0200
	.2byte 0x4198, 0x0851, 0x0000, 0x0000, 0x0000, 0x0000, 0x4210, 0x0851
	.2byte 0x0501, 0x0000, 0x0014, 0x0011, 0x1B00, 0x0013, 0x0000, 0x0000
	.2byte 0x2A04, 0x0822, 0x0000, 0x0000, 0x2102, 0x0000, 0x002A, 0x000F
	.2byte 0x0200, 0x0031, 0x0000, 0x0000, 0x2A0D, 0x0822, 0x0000, 0x0000
	.2byte 0x3703, 0x0000, 0x0035, 0x0006, 0x0800, 0x0002, 0x0000, 0x0000
	.2byte 0x2A16, 0x0822, 0x0000, 0x0000, 0x2804, 0x0000, 0x0036, 0x0010
	.2byte 0x0200, 0x0012, 0x0000, 0x0000, 0x2A1F, 0x0822, 0x0000, 0x0000
	.2byte 0x2C05, 0x0000, 0x0025, 0x0020, 0x0700, 0x0000, 0x0000, 0x0000
	.2byte 0x2A28, 0x0822, 0x0000, 0x0000, 0x1B06, 0x0000, 0x0029, 0x0038
	.2byte 0x0903, 0x0011, 0x0000, 0x0000, 0x2A31, 0x0822, 0x0000, 0x0000
	.2byte 0x1607, 0x0000, 0x0008, 0x002E, 0x0100, 0x0011, 0x0000, 0x0000
	.2byte 0x2A58, 0x0822, 0x0000, 0x0000, 0x3308, 0x0000, 0x0022, 0x0029
	.2byte 0x1C00, 0x0013, 0x0000, 0x0000, 0x2A7E, 0x0822, 0x0000, 0x0000
	.2byte 0x0F09, 0x0000, 0x002D, 0x002F, 0x0103, 0x0011, 0x0000, 0x0000
	.2byte 0x2A4F, 0x0822, 0x0000, 0x0000, 0x390A, 0x0000, 0x003B, 0x0023
	.2byte 0x1A00, 0x0061, 0x0000, 0x0000, 0x2A61, 0x0822, 0x0000, 0x0000
	.2byte 0x060B, 0x0000, 0x0012, 0x0028, 0x0100, 0x0011, 0x0000, 0x0000
	.2byte 0x2A6A, 0x0822, 0x0000, 0x0000, 0x130C, 0x0000, 0x0011, 0x0028
	.2byte 0x0A00, 0x0011, 0x0000, 0x0000, 0x2A73, 0x0822, 0x0000, 0x0000
	.2byte 0xD00D, 0x0000, 0x0028, 0x0038, 0x0103, 0x0011, 0x0000, 0x0000
	.2byte 0x2A3C, 0x0822, 0x0000, 0x0000, 0xE40E, 0x0000, 0x0036, 0x003E
	.2byte 0x0803, 0x0011, 0x0000, 0x0000, 0x2A87, 0x0822, 0x034A, 0x0000
	.2byte 0x270F, 0x0000, 0x002A, 0x0022, 0x0103, 0x0011, 0x0000, 0x0000
	.2byte 0x2B15, 0x0822, 0x0000, 0x0000, 0x0E10, 0x0000, 0x0033, 0x0035
	.2byte 0x0203, 0x0011, 0x0000, 0x0000, 0x2B1E, 0x0822, 0x0000, 0x0000
	.2byte 0x2511, 0x0000, 0x003E, 0x0012, 0x2E00, 0x0062, 0x0000, 0x0000
	.2byte 0x2B27, 0x0822, 0x0000, 0x0000, 0x2112, 0x0000, 0x000B, 0x0015
	.2byte 0x0100, 0x0011, 0x0000, 0x0000, 0x2B30, 0x0822, 0x0000, 0x0000
	.2byte 0x2213, 0x0000, 0x000A, 0x0015, 0x0A00, 0x0011, 0x0000, 0x0000
	.2byte 0x2B39, 0x0822, 0x0000, 0x0000, 0x2214, 0x0000, 0x0010, 0x001E
	.2byte 0x0200, 0x0023, 0x0000, 0x0000, 0x2B42, 0x0822, 0x0000, 0x0000
	.2byte 0x2C15, 0x0000, 0x0021, 0x000E, 0x0700, 0x0000, 0x0000, 0x0000
	.2byte 0x2B4B, 0x0822, 0x0000, 0x0000, 0x2716, 0x0000, 0x0036, 0x001F
	.2byte 0x0900, 0x0011, 0x0000, 0x0000, 0x2B54, 0x0822, 0x0000, 0x0000
	.2byte 0x1A17, 0x0000, 0x0036, 0x0020, 0x0700, 0x0011, 0x0000, 0x0000
	.2byte 0x2B5F, 0x0822, 0x0000, 0x0000, 0x1E18, 0x0000, 0x003A, 0x0037
	.2byte 0x1103, 0x0011, 0x0000, 0x0000, 0x2B85, 0x0822, 0x0000, 0x0000
	.2byte 0x3019, 0x0000, 0x0030, 0x0029, 0x0700, 0x0011, 0x0000, 0x0000
	.2byte 0x2B7C, 0x0822, 0x0000, 0x0000, 0x1F1A, 0x0000, 0x001D, 0x000E
	.2byte 0x0700, 0x0011, 0x0000, 0x0000, 0x2BA4, 0x0822, 0x0000, 0x0000
	.2byte 0x0010, 0x000E, 0x0000, 0x1A05, 0x0027, 0x001D, 0x0000, 0x1A1C
	.2byte 0x002D, 0x0038, 0x0000, 0x1A16, 0x003A, 0x000E, 0x0000, 0x1A19
	.2byte 0x0023, 0x000C, 0x0003, 0x1A28, 0x0004, 0x002C, 0x0000, 0x1A29
	.2byte 0x000A, 0x001C, 0x0000, 0x1A2A, 0x0016, 0x0033, 0x0000, 0x1A2F
	.2byte 0x0005, 0x0008, 0x0000, 0x1A30, 0x0041, 0x001F, 0x0000, 0x1A2C
	.2byte 0x000E, 0x0033, 0x0000, 0x1A33, 0x0015, 0x002D, 0x0000, 0x1A34
	.2byte 0x0003, 0x0033, 0x0000, 0x1A35, 0x001C, 0x0007, 0x0000, 0x1864
	.2byte 0x000D, 0x0011, 0x0000, 0x0000, 0x29E0, 0x0822, 0x002B, 0x0038
	.2byte 0x0000, 0x0000, 0x29E9, 0x0822, 0x0024, 0x0022, 0x0000, 0x0000
	.2byte 0x29F2, 0x0822, 0x003E, 0x000F, 0x0000, 0x0000, 0x29FB, 0x0822
	.2byte 0x0007, 0x001D, 0x0000, 0x0000, 0x2B73, 0x0822, 0x0020, 0x000D
	.2byte 0x0000, 0x0000, 0x2B6A, 0x0822, 0x0004, 0x0033, 0x0000, 0x0000
	.2byte 0x2EFF, 0x0824, 0x0005, 0x0033, 0x0000, 0x0000, 0x2EFF, 0x0824
	.2byte 0x0E1A, 0x0800, 0x423C, 0x0851, 0x44AC, 0x0851, 0x0000, 0x0000
	.2byte 0x451C, 0x0851, 0x5501, 0x0000, 0x000B, 0x0002, 0x0803, 0x0011
	.2byte 0x0000, 0x0000, 0x355D, 0x0822, 0x0000, 0x0000, 0xF002, 0x0000
	.2byte 0x0002, 0x000A, 0x0103, 0x0011, 0x0000, 0x0000, 0x360C, 0x0822
	.2byte 0x02C7, 0x0000, 0xF103, 0x0000, 0x0011, 0x000B, 0x0E03, 0x0011
	.2byte 0x0000, 0x0000, 0x36DE, 0x0822, 0x02C8, 0x0000, 0xF204, 0x0000
	.2byte 0x0006, 0x0009, 0x0103, 0x0011, 0x0000, 0x0000, 0x36EB, 0x0822
	.2byte 0x02C9, 0x0000, 0xF305, 0x0000, 0x0008, 0x000D, 0x0103, 0x0011
	.2byte 0x0000, 0x0000, 0x36F8, 0x0822, 0x02CA, 0x0000, 0xF406, 0x0000
	.2byte 0x000A, 0x000B, 0x0703, 0x0011, 0x0000, 0x0000, 0x3705, 0x0822
	.2byte 0x02CB, 0x0000, 0xF507, 0x0000, 0x000D, 0x000A, 0x0A03, 0x0011
	.2byte 0x0000, 0x0000, 0x3712, 0x0822, 0x02CC, 0x0000, 0xF608, 0x0000
	.2byte 0x000F, 0x000D, 0x0F03, 0x0011, 0x0000, 0x0000, 0x371F, 0x0822
	.2byte 0x0360, 0x0000, 0xF709, 0x0000, 0x0004, 0x000C, 0x0A03, 0x0011
	.2byte 0x0000, 0x0000, 0x372C, 0x0822, 0x0361, 0x0000, 0x0009, 0x0000
	.2byte 0x4590, 0x0851, 0x0000, 0x0000, 0x0000, 0x0000, 0x0000, 0x0000
	.2byte 0xFF01, 0x0000, 0x0001, 0x0001, 0x0800, 0x0011, 0x0000, 0x0000
	.2byte 0x0000, 0x0000, 0x0000, 0x0000, 0x5502, 0x0000, 0x000E, 0x0003
	.2byte 0x0703, 0x0011, 0x0000, 0x0000, 0x0000, 0x0000, 0x0000, 0x0000
	.2byte 0x5503, 0x0000, 0x0001, 0x0003, 0x0703, 0x0011, 0x0000, 0x0000
	.2byte 0x0000, 0x0000, 0x0000, 0x0000, 0xFE04, 0x0000, 0x000E, 0x0001
	.2byte 0x0800, 0x0011, 0x0000, 0x0000, 0x0000, 0x0000, 0x0000, 0x0000
	.2byte 0x0004, 0x0000, 0x467C, 0x0851, 0x0000, 0x0000, 0x0000, 0x0000
	.2byte 0x0000, 0x0000, 0xF001, 0x0000, 0x0005, 0x0001, 0x0803, 0x0000
	.2byte 0x0000, 0x0000, 0x0000, 0x0000, 0x0378, 0x0000, 0x5502, 0x0000
	.2byte 0x0001, 0x0004, 0x0A03, 0x0000, 0x0000, 0x0000, 0x0000, 0x0000
	.2byte 0x0000, 0x0000, 0x5503, 0x0000, 0x0001, 0x0005, 0x0A03, 0x0000
	.2byte 0x0000, 0x0000, 0x0000, 0x0000, 0x0000, 0x0000, 0xF104, 0x0000
	.2byte 0x0004, 0x0001, 0x0803, 0x0000, 0x0000, 0x0000, 0x0000, 0x0000
	.2byte 0x0378, 0x0000, 0xFF05, 0x0000, 0x0004, 0x0008, 0x0703, 0x0000
	.2byte 0x0000, 0x0000, 0x0000, 0x0000, 0x0000, 0x0000, 0xFE06, 0x0000
	.2byte 0x0005, 0x0008, 0x0703, 0x0000, 0x0000, 0x0000, 0x0000, 0x0000
	.2byte 0x0000, 0x0000, 0x0006, 0x0000, 0x46F0, 0x0851, 0x0000, 0x0000
	.2byte 0x0000, 0x0000, 0x0000, 0x0000, 0x5501, 0x0000, 0x0005, 0x000A
	.2byte 0x0800, 0x0011, 0x0000, 0x0000, 0x6FDF, 0x0822, 0x0000, 0x0000
	.2byte 0x2102, 0x0000, 0x0001, 0x000B, 0x0200, 0x0011, 0x0000, 0x0000
	.2byte 0x73BA, 0x0822, 0x0000, 0x0000, 0x2F03, 0x0000, 0x000E, 0x000E
	.2byte 0x0200, 0x0011, 0x0000, 0x0000, 0x73A8, 0x0822, 0x0000, 0x0000
	.2byte 0x1104, 0x0000, 0x0012, 0x000E, 0x0200, 0x0011, 0x0000, 0x0000
	.2byte 0x73B1, 0x0822, 0x0000, 0x0000, 0x2705, 0x0000, 0x0008, 0x000E
	.2byte 0x0200, 0x0011, 0x0000, 0x0000, 0x7397, 0x0822, 0x0000, 0x0000
	.2byte 0x5506, 0x0000, 0x0011, 0x000A, 0x0800, 0x0011, 0x0000, 0x0000
	.2byte 0x6FF1, 0x0822, 0x0000, 0x0000, 0x000B, 0x0010, 0x0100, 0x1A04
	.2byte 0x000C, 0x0010, 0x0100, 0x1A04, 0x0004, 0x000A, 0x0000, 0x0000
	.2byte 0x72FC, 0x0822, 0x0007, 0x000A, 0x0000, 0x0000, 0x732E, 0x0822
	.2byte 0x0012, 0x000A, 0x0000, 0x0000, 0x7315, 0x0822, 0x000F, 0x000A
	.2byte 0x0000, 0x0000, 0x73DE, 0x0822, 0x0206, 0x0400, 0x4794, 0x0851
	.2byte 0x4824, 0x0851, 0x0000, 0x0000, 0x4834, 0x0851, 0x5501, 0x0000
	.2byte 0x0017, 0x0005, 0x0800, 0x0011, 0x0000, 0x0000, 0x0000, 0x0000
	.2byte 0x0000, 0x0000, 0x0006, 0x0008, 0x0103, 0x1A04, 0x0007, 0x0008
	.2byte 0x0103, 0x1A04, 0x0201, 0x0000, 0x4878, 0x0851, 0x4890, 0x0851
	.2byte 0x0000, 0x0000, 0x0000, 0x0000, 0x5501, 0x0000, 0x0005, 0x0002
	.2byte 0x0803, 0x0011, 0x0000, 0x0000, 0x0000, 0x0000, 0x0000, 0x0000
	.2byte 0x0006, 0x0008, 0x0103, 0x1A04, 0x0007, 0x0008, 0x0103, 0x1A04
	.2byte 0x0201, 0x0000, 0x48B4, 0x0851, 0x48CC, 0x0851, 0x0000, 0x0000
	.2byte 0x0000, 0x0000, 0x4301, 0x0000, 0x0005, 0x0004, 0x0800, 0x0011
	.2byte 0x0000, 0x0000, 0x0000, 0x0000, 0x0000, 0x0000, 0x0602, 0x0000
	.2byte 0x0007, 0x0002, 0x0800, 0x0011, 0x0000, 0x0000, 0x0000, 0x0000
	.2byte 0x0000, 0x0000, 0x0703, 0x0000, 0x0009, 0x0002, 0x0800, 0x0011
	.2byte 0x0000, 0x0000, 0x0000, 0x0000, 0x0000, 0x0000, 0x0904, 0x0000
	.2byte 0x000B, 0x0002, 0x0800, 0x0011, 0x0000, 0x0000, 0x0000, 0x0000
	.2byte 0x0000, 0x0000, 0x0505, 0x0000, 0x0010, 0x0002, 0x0800, 0x0011
	.2byte 0x0000, 0x0000, 0x0000, 0x0000, 0x0000, 0x0000, 0x1306, 0x0000
	.2byte 0x0004, 0x0002, 0x0800, 0x0011, 0x0000, 0x0000, 0x0000, 0x0000
	.2byte 0x0000, 0x0000, 0x1507, 0x0000, 0x0010, 0x0001, 0x0800, 0x0011
	.2byte 0x0000, 0x0000, 0x0000, 0x0000, 0x0000, 0x0000, 0x1F08, 0x0000
	.2byte 0x0008, 0x0001, 0x0800, 0x0011, 0x0000, 0x0000, 0x0000, 0x0000
	.2byte 0x0000, 0x0000, 0x1709, 0x0000, 0x0000, 0x0004, 0x0800, 0x0011
	.2byte 0x0000, 0x0000, 0x0000, 0x0000, 0x0000, 0x0000, 0x110A, 0x0000
	.2byte 0x000C, 0x0001, 0x0800, 0x0011, 0x0000, 0x0000, 0x0000, 0x0000
	.2byte 0x0000, 0x0000, 0x0A0B, 0x0000, 0x000D, 0x0002, 0x0800, 0x0011
	.2byte 0x0000, 0x0000, 0x0000, 0x0000, 0x0000, 0x0000, 0x080C, 0x0000
	.2byte 0x000A, 0x0002, 0x0800, 0x0011, 0x0000, 0x0000, 0x0000, 0x0000
	.2byte 0x0000, 0x0000, 0xF10D, 0x0000, 0x0004, 0x0009, 0x0704, 0x0011
	.2byte 0x0000, 0x0000, 0x0000, 0x0000, 0x0000, 0x0000, 0x180E, 0x0000
	.2byte 0x000E, 0x0002, 0x0800, 0x0011, 0x0000, 0x0000, 0x0000, 0x0000
	.2byte 0x0000, 0x0000, 0xF00F, 0x0000, 0x000B, 0x0006, 0x0900, 0x0011
	.2byte 0x0000, 0x0000, 0x0000, 0x0000, 0x0000, 0x0000, 0x000F, 0x0000
	.2byte 0x48F0, 0x0851, 0x0000, 0x0000, 0x0000, 0x0000, 0x0000, 0x0000
	.2byte 0x1501, 0x0000, 0x0005, 0x0006, 0x0800, 0x0011, 0x0000, 0x0000
	.2byte 0x9F1C, 0x0822, 0x0000, 0x0000, 0x2C02, 0x0000, 0x000B, 0x0008
	.2byte 0x0200, 0x0011, 0x0000, 0x0000, 0xA25A, 0x0822, 0x0000, 0x0000
	.2byte 0x2703, 0x0000, 0x0018, 0x0005, 0x0800, 0x0011, 0x0000, 0x0000
	.2byte 0xA275, 0x0822, 0x0000, 0x0000, 0x2104, 0x0000, 0x0012, 0x000A
	.2byte 0x0200, 0x0011, 0x0000, 0x0000, 0xA263, 0x0822, 0x0000, 0x0000
	.2byte 0x2D05, 0x0000, 0x0002, 0x000A, 0x0200, 0x0011, 0x0000, 0x0000
	.2byte 0xA26C, 0x0822, 0x0000, 0x0000, 0x1506, 0x0000, 0x0013, 0x0006
	.2byte 0x0800, 0x0011, 0x0000, 0x0000, 0x9F2E, 0x0822, 0x0000, 0x0000
	.2byte 0x000C, 0x000B, 0x0200, 0x1A0E, 0x000D, 0x000B, 0x0200, 0x1A0E
	.2byte 0x0005, 0x0004, 0x0003, 0x1A17, 0x0002, 0x0007, 0x0100, 0x0000
	.2byte 0xA228, 0x0822, 0x0010, 0x0007, 0x0100, 0x0000, 0xA241, 0x0822
	.2byte 0x000A, 0x0004, 0x0000, 0x0000, 0xA27E, 0x0822, 0x0306, 0x0300
	.2byte 0x4A6C, 0x0851, 0x4AFC, 0x0851, 0x0000, 0x0000, 0x4B14, 0x0851
	.2byte 0x1501, 0x0000, 0x0008, 0x000C, 0x0703, 0x0011, 0x0000, 0x0000
	.2byte 0x0000, 0x0000, 0x0000, 0x0000, 0xD602, 0x0000, 0x0003, 0x0005
	.2byte 0x0200, 0x0001, 0x0000, 0x0000, 0x0000, 0x0000, 0x0000, 0x0000
	.2byte 0xE103, 0x0000, 0x000C, 0x0006, 0x0E00, 0x0020, 0x0000, 0x0000
	.2byte 0x0000, 0x0000, 0x0000, 0x0000, 0xD104, 0x0000, 0x000F, 0x0005
	.2byte 0x0100, 0x0011, 0x0000, 0x0000, 0x0000, 0x0000, 0x0000, 0x0000
	.2byte 0xD005, 0x0000, 0x0004, 0x0009, 0x0E00, 0x0020, 0x0000, 0x0000
	.2byte 0x0000, 0x0000, 0x0000, 0x0000, 0xD206, 0x0000, 0x000D, 0x0009
	.2byte 0x0100, 0x0010, 0x0000, 0x0000, 0x0000, 0x0000, 0x0000, 0x0000
	.2byte 0xD307, 0x0000, 0x0003, 0x000A, 0x0200, 0x0021, 0x0000, 0x0000
	.2byte 0x0000, 0x0000, 0x0000, 0x0000, 0x0008, 0x000D, 0x0203, 0x1A16
	.2byte 0x0009, 0x000D, 0x0203, 0x1A16, 0x0006, 0x0003, 0x0003, 0x1A18
	.2byte 0x000A, 0x0003, 0x0003, 0x1A18, 0x0407, 0x0000, 0x4B4C, 0x0851
	.2byte 0x4BF4, 0x0851, 0x0000, 0x0000, 0x0000, 0x0000, 0xF101, 0x0000
	.2byte 0x0001, 0x0009, 0x0703, 0x0011, 0x0000, 0x0000, 0x0000, 0x0000
	.2byte 0x0000, 0x0000, 0xF002, 0x0000, 0x000D, 0x0001, 0x0803, 0x0011
	.2byte 0x0000, 0x0000, 0x0000, 0x0000, 0x0000, 0x0000, 0x1503, 0x0000
	.2byte 0x0001, 0x0004, 0x0A03, 0x0011, 0x0000, 0x0000, 0x0000, 0x0000
	.2byte 0x0000, 0x0000, 0xE204, 0x0000, 0x000D, 0x0001, 0x0803, 0x0011
	.2byte 0x0000, 0x0000, 0x0000, 0x0000, 0x0000, 0x0000, 0xD605, 0x0000
	.2byte 0x000D, 0x0001, 0x0803, 0x0011, 0x0000, 0x0000, 0x0000, 0x0000
	.2byte 0x0000, 0x0000, 0x0000, 0x0009, 0x0203, 0x1A17, 0x0001, 0x0009
	.2byte 0x0203, 0x1A17, 0x0205, 0x0000, 0x4C28, 0x0851, 0x4CA0, 0x0851
	.2byte 0x0000, 0x0000, 0x0000, 0x0000, 0x3701, 0x0000, 0x0007, 0x000C
	.2byte 0x0804, 0x0011, 0x0000, 0x0000, 0xBE78, 0x0822, 0x0000, 0x0000
	.2byte 0x2802, 0x0000, 0x000E, 0x000D, 0x0904, 0x0011, 0x0000, 0x0000
	.2byte 0xC095, 0x0822, 0x0000, 0x0000, 0x1803, 0x0000, 0x0002, 0x000F
	.2byte 0x0204, 0x0011, 0x0000, 0x0000, 0xC44A, 0x0822, 0x0000, 0x0000
	.2byte 0x1104, 0x0000, 0x000C, 0x0010, 0x0204, 0x0011, 0x0000, 0x0000
	.2byte 0xC453, 0x0822, 0x0000, 0x0000, 0x0007, 0x0011, 0x0304, 0x1A0E
	.2byte 0x0005, 0x000C, 0x0100, 0x0000, 0xC309, 0x0822, 0x0001, 0x000C
	.2byte 0x0000, 0x0000, 0xC45C, 0x0822, 0x0104, 0x0200, 0x4CC4, 0x0851
	.2byte 0x4D24, 0x0851, 0x0000, 0x0000, 0x4D2C, 0x0851, 0x0501, 0x0000
	.2byte 0x0000, 0x0000, 0x0800, 0x0011, 0x0000, 0x0000, 0x0000, 0x0000
	.2byte 0x0000, 0x0000, 0x6402, 0x0000, 0x0001, 0x0000, 0x0103, 0x0011
	.2byte 0x0000, 0x0000, 0x0000, 0x0000, 0x0000, 0x0000, 0x6403, 0x0000
	.2byte 0x0002, 0x0000, 0x0103, 0x0011, 0x0000, 0x0000, 0x0000, 0x0000
	.2byte 0x0000, 0x0000, 0x6404, 0x0000, 0x0003, 0x0000, 0x0103, 0x0011
	.2byte 0x0000, 0x0000, 0x0000, 0x0000, 0x0000, 0x0000, 0x6405, 0x0000
	.2byte 0x0004, 0x0000, 0x0103, 0x0011, 0x0000, 0x0000, 0x0000, 0x0000
	.2byte 0x0000, 0x0000, 0x6406, 0x0000, 0x0005, 0x0000, 0x0103, 0x0011
	.2byte 0x0000, 0x0000, 0x0000, 0x0000, 0x0000, 0x0000, 0x6407, 0x0000
	.2byte 0x0006, 0x0000, 0x0103, 0x0011, 0x0000, 0x0000, 0x0000, 0x0000
	.2byte 0x0000, 0x0000, 0x6408, 0x0000, 0x0007, 0x0000, 0x0100, 0x0011
	.2byte 0x0000, 0x0000, 0x0000, 0x0000, 0x0000, 0x0000, 0x6409, 0x0000
	.2byte 0x0000, 0x0001, 0x0103, 0x0011, 0x0000, 0x0000, 0x0000, 0x0000
	.2byte 0x0000, 0x0000, 0x640A, 0x0000, 0x0001, 0x0001, 0x0103, 0x0011
	.2byte 0x0000, 0x0000, 0x0000, 0x0000, 0x0000, 0x0000, 0x640B, 0x0000
	.2byte 0x0003, 0x0001, 0x0100, 0x0011, 0x0000, 0x0000, 0x0000, 0x0000
	.2byte 0x0000, 0x0000, 0x640C, 0x0000, 0x0004, 0x0001, 0x0100, 0x0011
	.2byte 0x0000, 0x0000, 0x0000, 0x0000, 0x0000, 0x0000, 0x640D, 0x0000
	.2byte 0x0005, 0x0001, 0x0100, 0x0011, 0x0000, 0x0000, 0x0000, 0x0000
	.2byte 0x0000, 0x0000, 0x640E, 0x0000, 0x0006, 0x0001, 0x0100, 0x0011
	.2byte 0x0000, 0x0000, 0x0000, 0x0000, 0x0000, 0x0000, 0x640F, 0x0000
	.2byte 0x0007, 0x0001, 0x0100, 0x0011, 0x0000, 0x0000, 0x0000, 0x0000
	.2byte 0x0000, 0x0000, 0x6410, 0x0000, 0x0002, 0x0001, 0x0100, 0x0011
	.2byte 0x0000, 0x0000, 0x0000, 0x0000, 0x0000, 0x0000, 0x0010, 0x0000
	.2byte 0x4D58, 0x0851, 0x0000, 0x0000, 0x0000, 0x0000, 0x0000, 0x0000
	.2byte 0x3701, 0x0000, 0x0011, 0x000B, 0x0806, 0x0011, 0x0000, 0x0003
	.2byte 0xEAD1, 0x0822, 0x0000, 0x0000, 0xEA02, 0x0000, 0x0011, 0x0007
	.2byte 0x0700, 0x0011, 0x0000, 0x0000, 0x0000, 0x0000, 0x0000, 0x0000
	.2byte 0x0011, 0x0009, 0x0004, 0x4002, 0x0000, 0x0000, 0xEB57, 0x0822
	.2byte 0x0002, 0x0001, 0x4EEC, 0x0851, 0x0000, 0x0000, 0x4F1C, 0x0851
	.2byte 0x0000, 0x0000, 0x2C01, 0x0000, 0x0007, 0x0007, 0x0800, 0x0011
	.2byte 0x0000, 0x0000, 0xF387, 0x0822, 0x0000, 0x0000, 0x2202, 0x0000
	.2byte 0x0002, 0x000A, 0x0203, 0x0011, 0x0000, 0x0000, 0xF654, 0x0822
	.2byte 0x0000, 0x0000, 0x4203, 0x0000, 0x000E, 0x000B, 0x0903, 0x0011
	.2byte 0x0000, 0x0000, 0xF642, 0x0822, 0x0000, 0x0000, 0x1F04, 0x0000
	.2byte 0x000E, 0x000C, 0x0903, 0x0011, 0x0000, 0x0000, 0xF64B, 0x0822
	.2byte 0x0000, 0x0000, 0x2305, 0x0000, 0x000E, 0x000A, 0x0903, 0x0011
	.2byte 0x0000, 0x0000, 0xF639, 0x0822, 0x0000, 0x0000, 0x0007, 0x000C
	.2byte 0x0103, 0x1A0E, 0x0005, 0x0009, 0x0103, 0x0000, 0xF625, 0x0822
	.2byte 0x0001, 0x0007, 0x0000, 0x0000, 0xF65D, 0x0822, 0x0105, 0x0200
	.2byte 0x4F40, 0x0851, 0x4FB8, 0x0851, 0x0000, 0x0000, 0x4FC0, 0x0851
	.2byte 0x2C01, 0x0000, 0x0009, 0x000C, 0x0800, 0x0011, 0x0000, 0x0000
	.2byte 0x0000, 0x0000, 0x0000, 0x0000, 0x0001, 0x0000, 0x4FEC, 0x0851
	.2byte 0x0000, 0x0000, 0x0000, 0x0000, 0x0000, 0x0000, 0x2C01, 0x0000
	.2byte 0x0005, 0x0003, 0x0803, 0x0011, 0x0000, 0x0000, 0x0000, 0x0000
	.2byte 0x0000, 0x0000, 0x2C02, 0x0000, 0x000A, 0x0003, 0x0803, 0x0011
	.2byte 0x0000, 0x0000, 0x0000, 0x0000, 0x0000, 0x0000, 0x2C03, 0x0000
	.2byte 0x0005, 0x0009, 0x0703, 0x0011, 0x0000, 0x0000, 0x0000, 0x0000
	.2byte 0x0000, 0x0000, 0x2C04, 0x0000, 0x000A, 0x0009, 0x0703, 0x0011
	.2byte 0x0000, 0x0000, 0x0000, 0x0000, 0x0000, 0x0000, 0x2C05, 0x0000
	.2byte 0x0004, 0x0005, 0x0A03, 0x0011, 0x0000, 0x0000, 0x0000, 0x0000
	.2byte 0x0000, 0x0000, 0x2C06, 0x0000, 0x000B, 0x0005, 0x0903, 0x0011
	.2byte 0x0000, 0x0000, 0x0000, 0x0000, 0x0000, 0x0000, 0xF007, 0x0000
	.2byte 0x000F, 0x0006, 0x0903, 0x0011, 0x0000, 0x0000, 0x0000, 0x0000
	.2byte 0x0000, 0x0000, 0xF108, 0x0000, 0x0000, 0x0006, 0x0A03, 0x0011
	.2byte 0x0000, 0x0000, 0x0000, 0x0000, 0x0000, 0x0000, 0x2C09, 0x0000
	.2byte 0x0007, 0x0004, 0x0803, 0x0011, 0x0000, 0x0000, 0x0000, 0x0000
	.2byte 0x0000, 0x0000, 0x0009, 0x0000, 0x5018, 0x0851, 0x0000, 0x0000
	.2byte 0x0000, 0x0000, 0x0000, 0x0000, 0x2E01, 0x0000, 0x0004, 0x0007
	.2byte 0x0800, 0x0011, 0x0000, 0x0000, 0x0F9E, 0x0823, 0x0000, 0x0000
	.2byte 0x1002, 0x0000, 0x0003, 0x000B, 0x0200, 0x0011, 0x0000, 0x0000
	.2byte 0x11E6, 0x0823, 0x0000, 0x0000, 0x1F03, 0x0000, 0x000E, 0x000B
	.2byte 0x0800, 0x0000, 0x0000, 0x0000, 0x11EF, 0x0823, 0x0000, 0x0000
	.2byte 0x2004, 0x0000, 0x000D, 0x000B, 0x0A00, 0x0011, 0x0000, 0x0000
	.2byte 0x11F8, 0x0823, 0x0000, 0x0000, 0x1105, 0x0000, 0x0006, 0x000A
	.2byte 0x0100, 0x0011, 0x0000, 0x0000, 0x1203, 0x0823, 0x0000, 0x0000
	.2byte 0x2E06, 0x0000, 0x000E, 0x0007, 0x0800, 0x0011, 0x0000, 0x0000
	.2byte 0x0FB0, 0x0823, 0x0000, 0x0000, 0x0009, 0x000B, 0x0200, 0x1A04
	.2byte 0x000A, 0x000B, 0x0200, 0x1A04, 0x0002, 0x0007, 0x0100, 0x0000
	.2byte 0x11B4, 0x0823, 0x000B, 0x0007, 0x0100, 0x0000, 0x11CD, 0x0823
	.2byte 0x0009, 0x0004, 0x0000, 0x0000, 0x120C, 0x0823, 0x0206, 0x0300
	.2byte 0x5104, 0x0851, 0x5194, 0x0851, 0x0000, 0x0000, 0x51A4, 0x0851
	.2byte 0x2E01, 0x0000, 0x0008, 0x000C, 0x0700, 0x0011, 0x0000, 0x0000
	.2byte 0x0000, 0x0000, 0x0000, 0x0000, 0x0001, 0x0000, 0x51DC, 0x0851
	.2byte 0x0000, 0x0000, 0x0000, 0x0000, 0x0000, 0x0000, 0x2E01, 0x0000
	.2byte 0x0000, 0x0006, 0x0800, 0x0011, 0x0000, 0x0000, 0x0000, 0x0000
	.2byte 0x0000, 0x0000, 0xF002, 0x0000, 0x0007, 0x0004, 0x0800, 0x0011
	.2byte 0x0000, 0x0000, 0x0000, 0x0000, 0x0000, 0x0000, 0x2E03, 0x0000
	.2byte 0x0000, 0x0004, 0x0800, 0x0011, 0x0000, 0x0000, 0x0000, 0x0000
	.2byte 0x0000, 0x0000, 0x2E04, 0x0000, 0x0000, 0x0008, 0x0800, 0x0011
	.2byte 0x0000, 0x0000, 0x0000, 0x0000, 0x0000, 0x0000, 0x2E05, 0x0000
	.2byte 0x000C, 0x0004, 0x0800, 0x0011, 0x0000, 0x0000, 0x0000, 0x0000
	.2byte 0x0000, 0x0000, 0x2E06, 0x0000, 0x000C, 0x0006, 0x0800, 0x0011
	.2byte 0x0000, 0x0000, 0x0000, 0x0000, 0x0000, 0x0000, 0x2E07, 0x0000
	.2byte 0x000C, 0x0008, 0x0800, 0x0011, 0x0000, 0x0000, 0x0000, 0x0000
	.2byte 0x0000, 0x0000, 0xFF08, 0x0000, 0x0005, 0x000B, 0x0700, 0x0011
	.2byte 0x0000, 0x0000, 0x0000, 0x0000, 0x0000, 0x0000, 0x0008, 0x0000
	.2byte 0x5208, 0x0851, 0x0000, 0x0000, 0x0000, 0x0000, 0x0000, 0x0000
	.2byte 0x1C01, 0x0000, 0x0005, 0x0005, 0x0803, 0x0011, 0x0000, 0x0000
	.2byte 0x323F, 0x0823, 0x0000, 0x0000, 0x3702, 0x0000, 0x000A, 0x0009
	.2byte 0x0703, 0x0011, 0x0000, 0x0000, 0x3482, 0x0823, 0x0000, 0x0000
	.2byte 0x0603, 0x0000, 0x0000, 0x0005, 0x0903, 0x0011, 0x0000, 0x0000
	.2byte 0x348B, 0x0823, 0x0000, 0x0000, 0x2D04, 0x0000, 0x0008, 0x0009
	.2byte 0x0203, 0x0011, 0x0000, 0x0000, 0x3494, 0x0823, 0x0000, 0x0000
	.2byte 0x0005, 0x000C, 0x0000, 0x1A04, 0x0004, 0x000C, 0x0000, 0x1A04
	.2byte 0x0006, 0x000C, 0x0000, 0x1A04, 0x0008, 0x0003, 0x0000, 0x0000
	.2byte 0x3457, 0x0823, 0x0001, 0x0003, 0x0000, 0x0000, 0x349D, 0x0823
	.2byte 0x0304, 0x0200, 0x52DC, 0x0851, 0x533C, 0x0851, 0x0000, 0x0000
	.2byte 0x5354, 0x0851, 0x1C01, 0x0000, 0x0006, 0x0006, 0x0803, 0x0011
	.2byte 0x0000, 0x0000, 0x0000, 0x0000, 0x0000, 0x0000, 0x0001, 0x0000
	.2byte 0x5380, 0x0851, 0x0000, 0x0000, 0x0000, 0x0000, 0x0000, 0x0000
	.2byte 0x1C01, 0x0000, 0x0004, 0x000A, 0x0A03, 0x0000, 0x0000, 0x0000
	.2byte 0x3D7E, 0x0823, 0x0000, 0x0000, 0x1C02, 0x0000, 0x0008, 0x0005
	.2byte 0x0803, 0x0000, 0x0000, 0x0000, 0x3F31, 0x0823, 0x0000, 0x0000
	.2byte 0x0002, 0x0003, 0x0003, 0x4001, 0x0000, 0x0000, 0x43D7, 0x0827
	.2byte 0x0006, 0x0003, 0x0003, 0x4001, 0x0000, 0x0000, 0x43E2, 0x0827
	.2byte 0x000A, 0x0003, 0x0003, 0x4001, 0x0000, 0x0000, 0x43ED, 0x0827
	.2byte 0x0005, 0x000A, 0x0000, 0x4003, 0x0001, 0x0000, 0x44F6, 0x0827
	.2byte 0x0006, 0x000A, 0x0000, 0x4003, 0x0001, 0x0000, 0x44F6, 0x0827
	.2byte 0x0006, 0x0009, 0x0003, 0x4002, 0x0000, 0x0000, 0x44EB, 0x0827
	.2byte 0x0005, 0x0009, 0x0003, 0x4002, 0x0000, 0x0000, 0x44EB, 0x0827
	.2byte 0x0007, 0x0009, 0x0003, 0x4002, 0x0000, 0x0000, 0x44EB, 0x0827
	.2byte 0x0007, 0x000A, 0x0000, 0x4003, 0x0001, 0x0000, 0x44F6, 0x0827
	.2byte 0x0002, 0x0009, 0x53AC, 0x0851, 0x0000, 0x0000, 0x53DC, 0x0851
	.2byte 0x0000, 0x0000, 0xF001, 0x0000, 0x0004, 0x0004, 0x0803, 0x0011
	.2byte 0x0000, 0x0000, 0x4A42, 0x0823, 0x0000, 0x0000, 0xF102, 0x0000
	.2byte 0x0003, 0x0004, 0x0803, 0x0011, 0x0000, 0x0000, 0x4AE2, 0x0823
	.2byte 0x0000, 0x0000, 0x0004, 0x0003, 0x0003, 0x4001, 0x0000, 0x0000
	.2byte 0x452B, 0x0827, 0x0003, 0x0006, 0x0003, 0x4002, 0x0000, 0x0000
	.2byte 0x450B, 0x0827, 0x0003, 0x0007, 0x0003, 0x4003, 0x0001, 0x0000
	.2byte 0x4516, 0x0827, 0x0004, 0x0006, 0x0003, 0x4002, 0x0000, 0x0000
	.2byte 0x450B, 0x0827, 0x0005, 0x0006, 0x0003, 0x4002, 0x0000, 0x0000
	.2byte 0x450B, 0x0827, 0x0004, 0x0007, 0x0003, 0x4003, 0x0001, 0x0000
	.2byte 0x4516, 0x0827, 0x0005, 0x0007, 0x0003, 0x4003, 0x0001, 0x0000
	.2byte 0x4516, 0x0827, 0x0002, 0x0007, 0x5480, 0x0851, 0x0000, 0x0000
	.2byte 0x54B0, 0x0851, 0x0000, 0x0000, 0x1C01, 0x0000, 0x0002, 0x0004
	.2byte 0x0803, 0x0011, 0x0000, 0x0000, 0x0000, 0x0000, 0x0000, 0x0000
	.2byte 0x0001, 0x0000, 0x5534, 0x0851, 0x0000, 0x0000, 0x0000, 0x0000
	.2byte 0x0000, 0x0000, 0x0004, 0x0003, 0x0003, 0x4001, 0x0000, 0x0000
	.2byte 0x45FD, 0x0827, 0x0003, 0x0012, 0x0003, 0x4002, 0x0000, 0x0000
	.2byte 0x468B, 0x0827, 0x0004, 0x0012, 0x0003, 0x4002, 0x0000, 0x0000
	.2byte 0x468B, 0x0827, 0x0005, 0x0012, 0x0003, 0x4002, 0x0000, 0x0000
	.2byte 0x468B, 0x0827, 0x0003, 0x0013, 0x0003, 0x4003, 0x0001, 0x0000
	.2byte 0x4696, 0x0827, 0x0004, 0x0013, 0x0003, 0x4003, 0x0001, 0x0000
	.2byte 0x4696, 0x0827, 0x0005, 0x0013, 0x0003, 0x4003, 0x0001, 0x0000
	.2byte 0x4696, 0x0827, 0x0000, 0x0007, 0x0000, 0x0000, 0x0000, 0x0000
	.2byte 0x5560, 0x0851, 0x0000, 0x0000, 0x5501, 0x0000, 0x0018, 0x000D
	.2byte 0x0803, 0x0011, 0x0000, 0x0000, 0x53E6, 0x0823, 0x0000, 0x0000
	.2byte 0x0502, 0x0000, 0x0004, 0x000A, 0x0203, 0x0011, 0x0000, 0x0000
	.2byte 0x5401, 0x0823, 0x0000, 0x0000, 0x0D03, 0x0000, 0x002C, 0x000B
	.2byte 0x0203, 0x0011, 0x0000, 0x0000, 0x542A, 0x0823, 0x0000, 0x0000
	.2byte 0x001A, 0x000E, 0x0403, 0x1A0E, 0x001B, 0x000E, 0x0403, 0x1A0E
	.2byte 0x001A, 0x0009, 0x0100, 0x0000, 0x5361, 0x0823, 0x0017, 0x0008
	.2byte 0x0100, 0x0000, 0x536D, 0x0823, 0x001A, 0x0005, 0x0100, 0x0000
	.2byte 0x5379, 0x0823, 0x001D, 0x0008, 0x0100, 0x0000, 0x5385, 0x0823
	.2byte 0x002A, 0x0009, 0x0100, 0x0000, 0x5391, 0x0823, 0x002E, 0x0009
	.2byte 0x0100, 0x0000, 0x539D, 0x0823, 0x000A, 0x0009, 0x0100, 0x0000
	.2byte 0x53A9, 0x0823, 0x0008, 0x0007, 0x0100, 0x0000, 0x53B5, 0x0823
	.2byte 0x0006, 0x0009, 0x0100, 0x0000, 0x53C1, 0x0823, 0x002C, 0x0007
	.2byte 0x0100, 0x0000, 0x53CD, 0x0823, 0x0010, 0x0008, 0x0000, 0x0000
	.2byte 0x53EF, 0x0823, 0x0024, 0x0008, 0x0000, 0x0000, 0x53F8, 0x0823
	.2byte 0x0203, 0x0C00, 0x55E4, 0x0851, 0x562C, 0x0851, 0x0000, 0x0000
	.2byte 0x563C, 0x0851, 0x1D01, 0x0000, 0x0000, 0x0006, 0x0A00, 0x0011
	.2byte 0x0000, 0x0000, 0x554C, 0x0823, 0x0000, 0x0000, 0x0D02, 0x0000
	.2byte 0x0007, 0x0006, 0x0200, 0x0021, 0x0000, 0x0000, 0x5724, 0x0823
	.2byte 0x0000, 0x0000, 0x0903, 0x0000, 0x0005, 0x0004, 0x0200, 0x0012
	.2byte 0x0000, 0x0000, 0x572D, 0x0823, 0x0000, 0x0000, 0x0004, 0x0009
	.2byte 0x0500, 0x1A0E, 0x0103, 0x0000, 0x56E0, 0x0851, 0x5728, 0x0851
	.2byte 0x0000, 0x0000, 0x0000, 0x0000, 0x5501, 0x0000, 0x0004, 0x0004
	.2byte 0x0900, 0x0000, 0x0000, 0x0000, 0x5C01, 0x0823, 0x0000, 0x0000
	.2byte 0x0F02, 0x0000, 0x0000, 0x0005, 0x0A00, 0x0011, 0x0000, 0x0000
	.2byte 0x6276, 0x0823, 0x0000, 0x0000, 0x1203, 0x0000, 0x0000, 0x0004
	.2byte 0x0800, 0x0011, 0x0000, 0x0000, 0x626B, 0x0823, 0x0000, 0x0000
	.2byte 0x3104, 0x0000, 0x000E, 0x0006, 0x0200, 0x0011, 0x0000, 0x0000
	.2byte 0x6262, 0x0823, 0x0000, 0x0000, 0x4205, 0x0000, 0x0001, 0x0009
	.2byte 0x0200, 0x0011, 0x0000, 0x0000, 0x6259, 0x0823, 0x0000, 0x0000
	.2byte 0x5506, 0x0000, 0x0005, 0x0005, 0x0800, 0x0000, 0x0000, 0x0000
	.2byte 0x5E0A, 0x0823, 0x0000, 0x0000, 0x5507, 0x0000, 0x0009, 0x0005
	.2byte 0x0800, 0x0000, 0x0000, 0x0000, 0x5F2D, 0x0823, 0x0000, 0x0000
	.2byte 0x5508, 0x0000, 0x000A, 0x0004, 0x0A00, 0x0000, 0x0000, 0x0000
	.2byte 0x607E, 0x0823, 0x0000, 0x0000, 0x0809, 0x0000, 0x000C, 0x000A
	.2byte 0x0200, 0x0011, 0x0000, 0x0000, 0x627F, 0x0823, 0x0000, 0x0000
	.2byte 0x0007, 0x000A, 0x0600, 0x1A0E, 0x0006, 0x000A, 0x0600, 0x1A0E
	.2byte 0x0008, 0x000A, 0x0600, 0x1A0E, 0x0309, 0x0000, 0x5744, 0x0851
	.2byte 0x581C, 0x0851, 0x0000, 0x0000, 0x0000, 0x0000, 0x2701, 0x0000
	.2byte 0x0008, 0x0004, 0x0A00, 0x0011, 0x0000, 0x0000, 0x69E7, 0x0823
	.2byte 0x0000, 0x0000, 0x2702, 0x0000, 0x000A, 0x0004, 0x0900, 0x0011
	.2byte 0x0000, 0x0000, 0x6AE0, 0x0823, 0x0000, 0x0000, 0x2703, 0x0000
	.2byte 0x000A, 0x0003, 0x0900, 0x0011, 0x0000, 0x0000, 0x6AEB, 0x0823
	.2byte 0x0000, 0x0000, 0x3404, 0x0000, 0x0004, 0x0006, 0x0200, 0x0021
	.2byte 0x0000, 0x0000, 0x6B01, 0x0823, 0x0000, 0x0000, 0x2705, 0x0000
	.2byte 0x000A, 0x0005, 0x0900, 0x0011, 0x0000, 0x0000, 0x6AF6, 0x0823
	.2byte 0x0000, 0x0000, 0x0001, 0x0007, 0x0300, 0x1A04, 0x0002, 0x0007
	.2byte 0x0300, 0x1A04, 0x0205, 0x0000, 0x5848, 0x0851, 0x58C0, 0x0851
	.2byte 0x0000, 0x0000, 0x0000, 0x0000, 0x3701, 0x0000, 0x0004, 0x0006
	.2byte 0x0700, 0x0011, 0x0000, 0x0000, 0x76F7, 0x0823, 0x0000, 0x0000
	.2byte 0x1102, 0x0000, 0x0004, 0x0004, 0x0800, 0x0011, 0x0000, 0x0000
	.2byte 0x7955, 0x0823, 0x0000, 0x0000, 0x1403, 0x0000, 0x0003, 0x0005
	.2byte 0x0A00, 0x0011, 0x0000, 0x0000, 0x7935, 0x0823, 0x0000, 0x0000
	.2byte 0x1204, 0x0000, 0x0005, 0x0005, 0x0900, 0x0011, 0x0000, 0x0000
	.2byte 0x7945, 0x0823, 0x0000, 0x0000, 0x2105, 0x0000, 0x0000, 0x0006
	.2byte 0x0200, 0x0030, 0x0000, 0x0000, 0x792C, 0x0823, 0x0000, 0x0000
	.2byte 0x0004, 0x0009, 0x0900, 0x1A0E, 0x0105, 0x0000, 0x58E4, 0x0851
	.2byte 0x595C, 0x0851, 0x0000, 0x0000, 0x0000, 0x0000, 0x1801, 0x0000
	.2byte 0x0004, 0x0004, 0x0700, 0x0011, 0x0000, 0x0000, 0x857B, 0x0823
	.2byte 0x0000, 0x0000, 0x1B02, 0x0000, 0x0006, 0x0006, 0x0200, 0x0011
	.2byte 0x0000, 0x0000, 0x8584, 0x0823, 0x0000, 0x0000, 0x2103, 0x0000
	.2byte 0x0000, 0x0005, 0x0A00, 0x0012, 0x0000, 0x0000, 0x858D, 0x0823
	.2byte 0x0000, 0x0000, 0x0004, 0x0009, 0x0600, 0x1A04, 0x0103, 0x0000
	.2byte 0x5978, 0x0851, 0x59C0, 0x0851, 0x0000, 0x0000, 0x0000, 0x0000
	.2byte 0xDB01, 0x0000, 0x0002, 0x0003, 0x0103, 0x0011, 0x0000, 0x0000
	.2byte 0x861E, 0x0823, 0x0000, 0x0000, 0x0002, 0x0007, 0x0503, 0x1A04
	.2byte 0x0003, 0x0007, 0x0503, 0x1A04, 0x0201, 0x0000, 0x59DC, 0x0851
	.2byte 0x59F4, 0x0851, 0x0000, 0x0000, 0x0000, 0x0000, 0x0C01, 0x0000
	.2byte 0x000C, 0x0004, 0x0904, 0x0011, 0x0000, 0x0000, 0x8FA8, 0x0823
	.2byte 0x0000, 0x0000, 0x3002, 0x0000, 0x0000, 0x0004, 0x0A03, 0x0011
	.2byte 0x0000, 0x0000, 0x8FF9, 0x0823, 0x0000, 0x0000, 0x2C03, 0x0000
	.2byte 0x0006, 0x0005, 0x0200, 0x0011, 0x0000, 0x0000, 0x9002, 0x0823
	.2byte 0x0000, 0x0000, 0x0B04, 0x0000, 0x000B, 0x0007, 0x0100, 0x0011
	.2byte 0x0000, 0x0000, 0x900B, 0x0823, 0x0000, 0x0000, 0x0001, 0x0007
	.2byte 0x0700, 0x1A0E, 0x0002, 0x0007, 0x0700, 0x1A0E, 0x0204, 0x0000
	.2byte 0x5A18, 0x0851, 0x5A78, 0x0851, 0x0000, 0x0000, 0x0000, 0x0000
	.2byte 0x2D01, 0x0000, 0x0002, 0x0004, 0x0A00, 0x0011, 0x0000, 0x0000
	.2byte 0x95B4, 0x0823, 0x0000, 0x0000, 0x0004, 0x0009, 0x0800, 0x1A0E
	.2byte 0x0101, 0x0000, 0x5A9C, 0x0851, 0x5AB4, 0x0851, 0x0000, 0x0000
	.2byte 0x0000, 0x0000, 0x3101, 0x0000, 0x0000, 0x0007, 0x0200, 0x0011
	.2byte 0x0000, 0x0000, 0x9BEB, 0x0823, 0x0000, 0x0000, 0x1602, 0x0000
	.2byte 0x0002, 0x0005, 0x0A00, 0x0011, 0x0000, 0x0000, 0x9779, 0x0823
	.2byte 0x0000, 0x0000, 0x1603, 0x0000, 0x0006, 0x0005, 0x0900, 0x0011
	.2byte 0x0000, 0x0000, 0x995F, 0x0823, 0x0000, 0x0000, 0x3004, 0x0000
	.2byte 0x0008, 0x0003, 0x0900, 0x0011, 0x0000, 0x0000, 0x9BF4, 0x0823
	.2byte 0x0000, 0x0000, 0x0004, 0x0009, 0x0700, 0x1A04, 0x0104, 0x0000
	.2byte 0x5AD0, 0x0851, 0x5B30, 0x0851, 0x0000, 0x0000, 0x0000, 0x0000
	.2byte 0x5501, 0x0000, 0x0000, 0x000B, 0x0A00, 0x0011, 0x0000, 0x0000
	.2byte 0xA34E, 0x0823, 0x0000, 0x0000, 0x5502, 0x0000, 0x0008, 0x000B
	.2byte 0x0900, 0x0011, 0x0000, 0x0000, 0xA362, 0x0823, 0x0000, 0x0000
	.2byte 0x1703, 0x0000, 0x0008, 0x0004, 0x0900, 0x0011, 0x0000, 0x0000
	.2byte 0xA488, 0x0823, 0x0000, 0x0000, 0xDB04, 0x0000, 0x0004, 0x0005
	.2byte 0x0803, 0x0011, 0x0000, 0x0000, 0x0000, 0x0000, 0x0344, 0x0000
	.2byte 0x1705, 0x0000, 0x0000, 0x0004, 0x0A00, 0x0011, 0x0000, 0x0000
	.2byte 0xA546, 0x0823, 0x0000, 0x0000, 0x0004, 0x000D, 0x0800, 0x1A04
	.2byte 0x0004, 0x0001, 0x0900, 0x1A04, 0x0205, 0x0000, 0x5B4C, 0x0851
	.2byte 0x5BC4, 0x0851, 0x0000, 0x0000, 0x0000, 0x0000, 0x0501, 0x0000
	.2byte 0x0004, 0x0005, 0x0200, 0x0022, 0x0000, 0x0000, 0xAFE5, 0x0823
	.2byte 0x0000, 0x0000, 0x2102, 0x0000, 0x0008, 0x0007, 0x0900, 0x0011
	.2byte 0x0000, 0x0000, 0xAFD3, 0x0823, 0x0000, 0x0000, 0x2203, 0x0000
	.2byte 0x0008, 0x0004, 0x0900, 0x0011, 0x0000, 0x0000, 0xAFDC, 0x0823
	.2byte 0x0000, 0x0000, 0x0004, 0x0009, 0x0A00, 0x1A0E, 0x0103, 0x0000
	.2byte 0x5BE8, 0x0851, 0x5C30, 0x0851, 0x0000, 0x0000, 0x0000, 0x0000
	.2byte 0x0A01, 0x0000, 0x0006, 0x0003, 0x0100, 0x0011, 0x0000, 0x0000
	.2byte 0x0000, 0x0000, 0x0000, 0x0000, 0x0001, 0x0009, 0x0B00, 0x1A0E
	.2byte 0x0002, 0x0009, 0x0B00, 0x1A0E, 0x0201, 0x0000, 0x5C4C, 0x0851
	.2byte 0x5C64, 0x0851, 0x0000, 0x0000, 0x0000, 0x0000, 0x3A01, 0x0000
	.2byte 0x0007, 0x0002, 0x0803, 0x0000, 0x0000, 0x0000, 0xB143, 0x0823
	.2byte 0x0000, 0x0000, 0x2602, 0x0000, 0x0004, 0x0005, 0x0E03, 0x0001
	.2byte 0x0000, 0x0000, 0xB151, 0x0823, 0x0000, 0x0000, 0x2103, 0x0000
	.2byte 0x000B, 0x0004, 0x0803, 0x0001, 0x0000, 0x0000, 0xB15A, 0x0823
	.2byte 0x0000, 0x0000, 0x2004, 0x0000, 0x0002, 0x0003, 0x0903, 0x0001
	.2byte 0x0000, 0x0000, 0xB163, 0x0823, 0x0000, 0x0000, 0xCB05, 0x0000
	.2byte 0x0001, 0x0003, 0x0A03, 0x0001, 0x0000, 0x0000, 0xB16C, 0x0823
	.2byte 0x0000, 0x0000, 0x0007, 0x0008, 0x0C03, 0x1A0E, 0x0006, 0x0008
	.2byte 0x0C03, 0x1A0E, 0x0001, 0x0006, 0x0004, 0x1A36, 0x0305, 0x0000
	.2byte 0x5C88, 0x0851, 0x5D00, 0x0851, 0x0000, 0x0000, 0x0000, 0x0000
	.2byte 0x5501, 0x0000, 0x0006, 0x0002, 0x0800, 0x0011, 0x0000, 0x0000
	.2byte 0x4185, 0x0824, 0x0000, 0x0000, 0x5502, 0x0000, 0x0002, 0x0002
	.2byte 0x0800, 0x0011, 0x0000, 0x0000, 0x418B, 0x0824, 0x0000, 0x0000
	.2byte 0x5503, 0x0000, 0x000A, 0x0002, 0x0800, 0x0011, 0x0000, 0x0000
	.2byte 0x4191, 0x0824, 0x0000, 0x0000, 0xDF04, 0x0000, 0x0001, 0x0002
	.2byte 0x0800, 0x0011, 0x0000, 0x0000, 0x6801, 0x0824, 0x02BE, 0x0000
	.2byte 0x0001, 0x0006, 0x0204, 0x1A35, 0x0005, 0x0001, 0x0003, 0x193C
	.2byte 0x0009, 0x0001, 0x0003, 0x1919, 0x0304, 0x0000, 0x5D2C, 0x0851
	.2byte 0x5D8C, 0x0851, 0x0000, 0x0000, 0x0000, 0x0000, 0x5301, 0x0000
	.2byte 0x0001, 0x0003, 0x0A03, 0x0000, 0x0000, 0x0000, 0xB24B, 0x0823
	.2byte 0x0000, 0x0000, 0x1E02, 0x0000, 0x0005, 0x0004, 0x0A03, 0x0000
	.2byte 0x0000, 0x0000, 0xB28B, 0x0823, 0x0000, 0x0000, 0x1D03, 0x0000
	.2byte 0x0005, 0x0005, 0x0A03, 0x0000, 0x0000, 0x0000, 0xB282, 0x0823
	.2byte 0x0000, 0x0000, 0x0904, 0x0000, 0x0008, 0x0004, 0x0903, 0x0000
	.2byte 0x0000, 0x0000, 0xB2A0, 0x0823, 0x0000, 0x0000, 0x0003, 0x0007
	.2byte 0x0400, 0x1A04, 0x0004, 0x0007, 0x0400, 0x1A04, 0x0204, 0x0000
	.2byte 0x5DB8, 0x0851, 0x5E18, 0x0851, 0x0000, 0x0000, 0x0000, 0x0000
	.2byte 0x3101, 0x0000, 0x000D, 0x0027, 0x0703, 0x0000, 0x0000, 0x0000
	.2byte 0xB370, 0x0823, 0x0000, 0x0000, 0x8C02, 0x0000, 0x000D, 0x0029
	.2byte 0x0A01, 0x0000, 0x0000, 0x0000, 0x0000, 0x0000, 0x0000, 0x0000
	.2byte 0x0016, 0x0007, 0x0003, 0x1A39, 0x0017, 0x0007, 0x0103, 0x1A39
	.2byte 0x0009, 0x0012, 0x0003, 0x0000, 0x0000, 0x0000, 0xB366, 0x0823
	.2byte 0x000A, 0x0014, 0x0003, 0x0000, 0x0000, 0x0000, 0xB36B, 0x0823
	.2byte 0x0016, 0x0009, 0x0003, 0x0000, 0x0000, 0x0000, 0xB366, 0x0823
	.2byte 0x0003, 0x0020, 0x0100, 0x0000, 0xB3BF, 0x0823, 0x0202, 0x0103
	.2byte 0x5E3C, 0x0851, 0x5E6C, 0x0851, 0x5E7C, 0x0851, 0x5EAC, 0x0851
	.2byte 0xE501, 0x0000, 0x000D, 0x0011, 0x3C03, 0x00FF, 0x0000, 0x0001
	.2byte 0xB4C0, 0x0823, 0x02CE, 0x0000, 0x000C, 0x0013, 0x0000, 0x1A38
	.2byte 0x000D, 0x0013, 0x0100, 0x1A38, 0x0201, 0x0000, 0x5ECC, 0x0851
	.2byte 0x5EE4, 0x0851, 0x0000, 0x0000, 0x0000, 0x0000, 0xE901, 0x0000
	.2byte 0x000F, 0x000C, 0x0803, 0x0011, 0x0000, 0x0000, 0xB63C, 0x0823
	.2byte 0x02FC, 0x0000, 0xE802, 0x0000, 0x000F, 0x0003, 0x0800, 0x0011
	.2byte 0x0000, 0x0000, 0x0000, 0x0000, 0x02FB, 0x0000, 0x000F, 0x0018
	.2byte 0x0000, 0x1A3B, 0x0102, 0x0000, 0x5F08, 0x0851, 0x5F38, 0x0851
	.2byte 0x0000, 0x0000, 0x0000, 0x0000, 0x3101, 0x0000, 0x0008, 0x0005
	.2byte 0x0700, 0x0011, 0x0000, 0x0000, 0xB716, 0x0823, 0x0000, 0x0000
	.2byte 0x8C02, 0x0000, 0x0008, 0x0007, 0x0A01, 0x0011, 0x0000, 0x0000
	.2byte 0x0000, 0x0000, 0x0000, 0x0000, 0x0008, 0x0002, 0x0000, 0x1A3A
	.2byte 0x0102, 0x0000, 0x5F54, 0x0851, 0x5F84, 0x0851, 0x0000, 0x0000
	.2byte 0x0000, 0x0000, 0x5501, 0x0000, 0x000B, 0x0006, 0x0903, 0x0011
	.2byte 0x0000, 0x0000, 0xB8B6, 0x0823, 0x0000, 0x0000, 0x3A02, 0x0000
	.2byte 0x0004, 0x0009, 0x0803, 0x0011, 0x0000, 0x0000, 0xB8A8, 0x0823
	.2byte 0x0000, 0x0000, 0x5303, 0x0000, 0x000E, 0x0009, 0x0803, 0x0011
	.2byte 0x0000, 0x0000, 0xBA11, 0x0823, 0x0000, 0x0000, 0x0E04, 0x0000
	.2byte 0x0005, 0x000E, 0x0203, 0x0011, 0x0000, 0x0000, 0xBA08, 0x0823
	.2byte 0x0000, 0x0000, 0x2105, 0x0000, 0x000E, 0x000F, 0x0203, 0x0011
	.2byte 0x0000, 0x0000, 0xB9FF, 0x0823, 0x0000, 0x0000, 0x0009, 0x0010
	.2byte 0x0403, 0x001A, 0x000A, 0x0010, 0x0403, 0x001A, 0x0009, 0x0001
	.2byte 0x0003, 0x1A3D, 0x0009, 0x0006, 0x0003, 0x40D6, 0x0000, 0x0000
	.2byte 0xB8E2, 0x0823, 0x0008, 0x000A, 0x0100, 0x0000, 0xB9F6, 0x0823
	.2byte 0x0305, 0x0101, 0x5FA0, 0x0851, 0x6018, 0x0851, 0x6030, 0x0851
	.2byte 0x6040, 0x0851, 0x0002, 0x0001, 0x0203, 0x1A3C, 0x000C, 0x0001
	.2byte 0x0003, 0x1A3E, 0x0200, 0x0000, 0x0000, 0x0000, 0x6060, 0x0851
	.2byte 0x0000, 0x0000, 0x0000, 0x0000, 0x0002, 0x0001, 0x0103, 0x1A3D
	.2byte 0x000C, 0x0001, 0x0003, 0x1A3F, 0x0200, 0x0000, 0x0000, 0x0000
	.2byte 0x6084, 0x0851, 0x0000, 0x0000, 0x0000, 0x0000, 0x0002, 0x0001
	.2byte 0x0103, 0x1A3E, 0x000C, 0x0001, 0x0003, 0x1A40, 0x0200, 0x0000
	.2byte 0x0000, 0x0000, 0x60A8, 0x0851, 0x0000, 0x0000, 0x0000, 0x0000
	.2byte 0x0002, 0x0001, 0x0103, 0x1A3F, 0x000C, 0x0001, 0x0003, 0x1A41
	.2byte 0x0200, 0x0000, 0x0000, 0x0000, 0x60CC, 0x0851, 0x0000, 0x0000
	.2byte 0x0000, 0x0000, 0x3001, 0x0000, 0x000C, 0x0007, 0x0803, 0x0011
	.2byte 0x0000, 0x0000, 0xBFC1, 0x0823, 0x0000, 0x0000, 0x0009, 0x0005
	.2byte 0x0103, 0x1A40, 0x000F, 0x0005, 0x0100, 0x1A58, 0x0201, 0x0000
	.2byte 0x60F0, 0x0851, 0x6108, 0x0851, 0x0000, 0x0000, 0x0000, 0x0000
	.2byte 0x000A, 0x0012, 0x0000, 0x1A43, 0x000A, 0x000A, 0x0100, 0x1A44
	.2byte 0x0200, 0x0000, 0x0000, 0x0000, 0x612C, 0x0851, 0x0000, 0x0000
	.2byte 0x0000, 0x0000, 0x3101, 0x0000, 0x0008, 0x0005, 0x0700, 0x0011
	.2byte 0x0000, 0x0000, 0xC0CC, 0x0823, 0x0000, 0x0000, 0x8C02, 0x0000
	.2byte 0x0008, 0x0007, 0x0A01, 0x0011, 0x0000, 0x0000, 0x0000, 0x0000
	.2byte 0x0000, 0x0000, 0x0008, 0x0002, 0x0000, 0x1A42, 0x0102, 0x0000
	.2byte 0x6150, 0x0851, 0x6180, 0x0851, 0x0000, 0x0000, 0x0000, 0x0000
	.2byte 0x000A, 0x0005, 0x0003, 0x1A45, 0x000A, 0x001A, 0x0103, 0x1A42
	.2byte 0x0200, 0x0000, 0x0000, 0x0000, 0x619C, 0x0851, 0x0000, 0x0000
	.2byte 0x0000, 0x0000, 0x0004, 0x0003, 0x0003, 0x1A44, 0x0012, 0x0009
	.2byte 0x0103, 0x1A46, 0x0200, 0x0000, 0x0000, 0x0000, 0x61C0, 0x0851
	.2byte 0x0000, 0x0000, 0x0000, 0x0000, 0x0004, 0x0006, 0x0003, 0x1A47
	.2byte 0x000B, 0x004F, 0x0103, 0x1A45, 0x0016, 0x0006, 0x0003, 0x1A4C
	.2byte 0x0300, 0x0000, 0x0000, 0x0000, 0x61E4, 0x0851, 0x0000, 0x0000
	.2byte 0x0000, 0x0000, 0x0005, 0x0005, 0x0003, 0x1A46, 0x0003, 0x0003
	.2byte 0x0003, 0x1A48, 0x0200, 0x0000, 0x0000, 0x0000, 0x6210, 0x0851
	.2byte 0x0000, 0x0000, 0x0000, 0x0000, 0x0003, 0x0003, 0x0103, 0x1A47
	.2byte 0x0005, 0x0005, 0x0003, 0x1A49, 0x0200, 0x0000, 0x0000, 0x0000
	.2byte 0x6234, 0x0851, 0x0000, 0x0000, 0x0000, 0x0000, 0x0005, 0x0005
	.2byte 0x0103, 0x1A48, 0x0003, 0x0003, 0x0003, 0x1A4A, 0x0200, 0x0000
	.2byte 0x0000, 0x0000, 0x6258, 0x0851, 0x0000, 0x0000, 0x0000, 0x0000
	.2byte 0x0003, 0x0003, 0x0103, 0x1A49, 0x0005, 0x0005, 0x0003, 0x1A4B
	.2byte 0x0200, 0x0000, 0x0000, 0x0000, 0x627C, 0x0851, 0x0000, 0x0000
	.2byte 0x0000, 0x0000, 0xEE01, 0x0000, 0x000C, 0x0004, 0x0800, 0x0011
	.2byte 0x0000, 0x0000, 0x0000, 0x0000, 0x0321, 0x0000, 0x000D, 0x0014
	.2byte 0x0103, 0x1A4A, 0x000C, 0x000A, 0x0003, 0x4001, 0x0000, 0x0000
	.2byte 0xC17E, 0x0823, 0x000C, 0x0009, 0x0703, 0x0000, 0x002D, 0x006D
	.2byte 0x0101, 0x0101, 0x62A0, 0x0851, 0x62B8, 0x0851, 0x62C0, 0x0851
	.2byte 0x62D0, 0x0851, 0x0003, 0x0003, 0x0203, 0x1A46, 0x0005, 0x0005
	.2byte 0x0003, 0x1A4D, 0x0200, 0x0000, 0x0000, 0x0000, 0x62F0, 0x0851
	.2byte 0x0000, 0x0000, 0x0000, 0x0000, 0x0005, 0x0005, 0x0103, 0x1A4C
	.2byte 0x0003, 0x0003, 0x0003, 0x1A4E, 0x0200, 0x0000, 0x0000, 0x0000
	.2byte 0x6314, 0x0851, 0x0000, 0x0000, 0x0000, 0x0000, 0x0003, 0x0003
	.2byte 0x0103, 0x1A4D, 0x0005, 0x0005, 0x0003, 0x1A4F, 0x0200, 0x0000
	.2byte 0x0000, 0x0000, 0x6338, 0x0851, 0x0000, 0x0000, 0x0000, 0x0000
	.2byte 0x0005, 0x0005, 0x0103, 0x1A4E, 0x0003, 0x0003, 0x0003, 0x1A50
	.2byte 0x0200, 0x0000, 0x0000, 0x0000, 0x635C, 0x0851, 0x0000, 0x0000
	.2byte 0x0000, 0x0000, 0x0003, 0x0003, 0x0103, 0x1A4F, 0x0005, 0x0005
	.2byte 0x0003, 0x1A51, 0x0200, 0x0000, 0x0000, 0x0000, 0x6380, 0x0851
	.2byte 0x0000, 0x0000, 0x0000, 0x0000, 0x0005, 0x0005, 0x0103, 0x1A50
	.2byte 0x0003, 0x0003, 0x0003, 0x1A52, 0x0200, 0x0000, 0x0000, 0x0000
	.2byte 0x63A4, 0x0851, 0x0000, 0x0000, 0x0000, 0x0000, 0x0003, 0x0003
	.2byte 0x0103, 0x1A51, 0x0005, 0x0005, 0x0003, 0x1A53, 0x0200, 0x0000
	.2byte 0x0000, 0x0000, 0x63C8, 0x0851, 0x0000, 0x0000, 0x0000, 0x0000
	.2byte 0x0005, 0x0005, 0x0103, 0x1A52, 0x0003, 0x0003, 0x0003, 0x1A54
	.2byte 0x0200, 0x0000, 0x0000, 0x0000, 0x63EC, 0x0851, 0x0000, 0x0000
	.2byte 0x0000, 0x0000, 0x0003, 0x0003, 0x0103, 0x1A53, 0x0005, 0x0005
	.2byte 0x0003, 0x1A55, 0x0200, 0x0000, 0x0000, 0x0000, 0x6410, 0x0851
	.2byte 0x0000, 0x0000, 0x0000, 0x0000, 0x0005, 0x0005, 0x0103, 0x1A54
	.2byte 0x0003, 0x0003, 0x0103, 0x1A56, 0x0200, 0x0000, 0x0000, 0x0000
	.2byte 0x6434, 0x0851, 0x0000, 0x0000, 0x0000, 0x0000, 0x0005, 0x0005
	.2byte 0x0003, 0x1A57, 0x0003, 0x0003, 0x0103, 0x1A55, 0x0200, 0x0000
	.2byte 0x0000, 0x0000, 0x6458, 0x0851, 0x0000, 0x0000, 0x0000, 0x0000
	.2byte 0xED01, 0x0000, 0x000B, 0x000D, 0x0800, 0x0011, 0x0000, 0x0000
	.2byte 0xC2B1, 0x0823, 0x0320, 0x0000, 0x000E, 0x0013, 0x0000, 0x1A56
	.2byte 0x0101, 0x0000, 0x647C, 0x0851, 0x6494, 0x0851, 0x0000, 0x0000
	.2byte 0x0000, 0x0000, 0x5501, 0x0000, 0x0000, 0x0006, 0x0803, 0x0011
	.2byte 0x0000, 0x0000, 0xC36E, 0x0823, 0x0000, 0x0000, 0x0001, 0x0006
	.2byte 0x0103, 0x1A41, 0x0002, 0x0006, 0x0103, 0x1A41, 0x0201, 0x0000
	.2byte 0x64B0, 0x0851, 0x64C8, 0x0851, 0x0000, 0x0000, 0x0000, 0x0000
	.2byte 0x0000, 0x0000, 0x0000, 0x0000, 0x0000, 0x0000, 0x0000, 0x0000
	.2byte 0x0000, 0x0000, 0x0000, 0x0000, 0x0000, 0x0000, 0x0000, 0x0000
	.2byte 0x0000, 0x0000, 0x0000, 0x0000, 0x1901, 0x0000, 0x0006, 0x0002
	.2byte 0x0803, 0x0000, 0x0000, 0x0000, 0xC40D, 0x0823, 0x0000, 0x0000
	.2byte 0x3102, 0x0000, 0x0002, 0x0003, 0x0803, 0x0000, 0x0001, 0x0002
	.2byte 0xC4F1, 0x0823, 0x0000, 0x0000, 0x3603, 0x0000, 0x000E, 0x0009
	.2byte 0x0903, 0x0000, 0x0001, 0x0002, 0xC527, 0x0823, 0x0000, 0x0000
	.2byte 0x2D04, 0x0000, 0x000A, 0x0005, 0x0E03, 0x0000, 0x0001, 0x0002
	.2byte 0xC50C, 0x0823, 0x0000, 0x0000, 0x0006, 0x0009, 0x0000, 0x0018
	.2byte 0x0007, 0x0009, 0x0000, 0x0018, 0x0204, 0x0000, 0x6514, 0x0851
	.2byte 0x6574, 0x0851, 0x0000, 0x0000, 0x0000, 0x0000, 0x1301, 0x0000
	.2byte 0x0006, 0x0002, 0x0903, 0x0000, 0x0000, 0x0000, 0xCB0C, 0x0823
	.2byte 0x0368, 0x0000, 0x0005, 0x0007, 0x0103, 0x0019, 0x0006, 0x0007
	.2byte 0x0103, 0x0019, 0x0005, 0x0002, 0x0003, 0x1D03, 0x0004, 0x0007
	.2byte 0x0003, 0x40A5, 0x0000, 0x0000, 0xD1C9, 0x0823, 0x0005, 0x0006
	.2byte 0x0003, 0x40A5, 0x0000, 0x0000, 0xD1C9, 0x0823, 0x0006, 0x0006
	.2byte 0x0003, 0x40A5, 0x0000, 0x0000, 0xD1C9, 0x0823, 0x0007, 0x0007
	.2byte 0x0003, 0x40A5, 0x0000, 0x0000, 0xD1C9, 0x0823, 0x0005, 0x0001
	.2byte 0x0100, 0x0000, 0xCEA4, 0x0823, 0x0301, 0x0104, 0x6598, 0x0851
	.2byte 0x65B0, 0x0851, 0x65C8, 0x0851, 0x6608, 0x0851, 0x1301, 0x0000
	.2byte 0x0004, 0x0005, 0x0A03, 0x0000, 0x0000, 0x0000, 0xD728, 0x0823
	.2byte 0x0383, 0x0000, 0x000A, 0x0001, 0x0203, 0x1D03, 0x0002, 0x0001
	.2byte 0x0003, 0x1D02, 0x0002, 0x0002, 0x0003, 0x4002, 0x0000, 0x0000
	.2byte 0xDA52, 0x0823, 0x0004, 0x0005, 0x0703, 0x0000, 0x006E, 0x0001
	.2byte 0x0201, 0x0101, 0x6628, 0x0851, 0x6640, 0x0851, 0x6650, 0x0851
	.2byte 0x6660, 0x0851, 0x000D, 0x0003, 0x0103, 0x1D01, 0x000E, 0x0003
	.2byte 0x0103, 0x1D01, 0x0004, 0x0017, 0x0203, 0x1D00, 0x0005, 0x0017
	.2byte 0x0203, 0x1D00, 0x0400, 0x0000, 0x0000, 0x0000, 0x6680, 0x0851
	.2byte 0x0000, 0x0000, 0x0000, 0x0000, 0x2F01, 0x0000, 0x000E, 0x0014
	.2byte 0x0903, 0x0000, 0x0001, 0x0006, 0xDF0E, 0x0823, 0x0000, 0x0000
	.2byte 0x2302, 0x0000, 0x000E, 0x0008, 0x0903, 0x0000, 0x0001, 0x0002
	.2byte 0xDF25, 0x0823, 0x0000, 0x0000, 0x2F03, 0x0000, 0x0002, 0x000F
	.2byte 0x0803, 0x0000, 0x0001, 0x0002, 0xDF3C, 0x0823, 0x0000, 0x0000
	.2byte 0x5204, 0x0000, 0x000B, 0x0010, 0x0103, 0x0000, 0x0000, 0x0000
	.2byte 0x65C8, 0x0825, 0x0013, 0x0000, 0x5205, 0x0000, 0x000D, 0x0012
	.2byte 0x0103, 0x0000, 0x0000, 0x0000, 0x65C8, 0x0825, 0x0012, 0x0000
	.2byte 0x5206, 0x0000, 0x000E, 0x000E, 0x0103, 0x0000, 0x0000, 0x0000
	.2byte 0x65C8, 0x0825, 0x0014, 0x0000, 0x5207, 0x0000, 0x000B, 0x0008
	.2byte 0x0103, 0x0000, 0x0000, 0x0000, 0x65C8, 0x0825, 0x0017, 0x0000
	.2byte 0x5208, 0x0000, 0x0008, 0x000A, 0x0103, 0x0000, 0x0000, 0x0000
	.2byte 0x65C8, 0x0825, 0x0016, 0x0000, 0x5209, 0x0000, 0x000B, 0x000C
	.2byte 0x0103, 0x0000, 0x0000, 0x0000, 0x65C8, 0x0825, 0x0015, 0x0000
	.2byte 0x520A, 0x0000, 0x0002, 0x0004, 0x0103, 0x0000, 0x0000, 0x0000
	.2byte 0x65C8, 0x0825, 0x0019, 0x0000, 0x520B, 0x0000, 0x000D, 0x0006
	.2byte 0x0103, 0x0000, 0x0000, 0x0000, 0x65C8, 0x0825, 0x0018, 0x0000
	.2byte 0x520C, 0x0000, 0x0000, 0x0006, 0x0103, 0x0000, 0x0000, 0x0000
	.2byte 0x65C8, 0x0825, 0x001B, 0x0000, 0x3B0D, 0x0000, 0x0009, 0x0004
	.2byte 0x0103, 0x0000, 0x0000, 0x0000, 0x7165, 0x0825, 0x0424, 0x0000
	.2byte 0x520E, 0x0000, 0x0004, 0x0008, 0x0103, 0x0000, 0x0000, 0x0000
	.2byte 0x65C8, 0x0825, 0x001C, 0x0000, 0x520F, 0x0000, 0x0002, 0x000C
	.2byte 0x0103, 0x0000, 0x0000, 0x0000, 0x65C8, 0x0825, 0x001E, 0x0000
	.2byte 0x0000, 0x0015, 0x0203, 0x1D00, 0x0001, 0x0015, 0x0203, 0x1D00
	.2byte 0x000D, 0x0001, 0x0003, 0x1D01, 0x0003, 0x0010, 0x0000, 0x0000
	.2byte 0xDEF1, 0x0823, 0x030F, 0x0100, 0x66B4, 0x0851, 0x681C, 0x0851
	.2byte 0x0000, 0x0000, 0x6834, 0x0851, 0x2601, 0x0000, 0x000D, 0x000A
	.2byte 0x0A03, 0x0000, 0x0001, 0x0001, 0xE151, 0x0823, 0x0000, 0x0000
	.2byte 0x2602, 0x0000, 0x000A, 0x0011, 0x0803, 0x0000, 0x0001, 0x0004
	.2byte 0xE168, 0x0823, 0x0000, 0x0000, 0x0E03, 0x0000, 0x000B, 0x0009
	.2byte 0x0903, 0x0000, 0x0001, 0x0002, 0xE17F, 0x0823, 0x0000, 0x0000
	.2byte 0x3B04, 0x0000, 0x0008, 0x0011, 0x0103, 0x0000, 0x0000, 0x0000
	.2byte 0x717F, 0x0825, 0x0426, 0x0000, 0x3B05, 0x0000, 0x0003, 0x000D
	.2byte 0x0103, 0x0000, 0x0000, 0x0000, 0x7172, 0x0825, 0x0425, 0x0000
	.2byte 0x0000, 0x0015, 0x0203, 0x1D00, 0x0001, 0x0015, 0x0203, 0x1D00
	.2byte 0x000D, 0x0001, 0x0003, 0x1D01, 0x000B, 0x000C, 0x0003, 0x4001
	.2byte 0x0000, 0x0000, 0xE0B9, 0x0823, 0x0000, 0x0004, 0x0000, 0x4002
	.2byte 0x0000, 0x0000, 0xE0CC, 0x0823, 0x000E, 0x0005, 0x0003, 0x4003
	.2byte 0x0000, 0x0000, 0xE0DF, 0x0823, 0x0007, 0x000B, 0x0003, 0x4004
	.2byte 0x0000, 0x0000, 0xE0F2, 0x0823, 0x000E, 0x000E, 0x0000, 0x0000
	.2byte 0xE09C, 0x0823, 0x0305, 0x0104, 0x6854, 0x0851, 0x68CC, 0x0851
	.2byte 0x68E4, 0x0851, 0x6924, 0x0851, 0x1F01, 0x0000, 0x0007, 0x0013
	.2byte 0x0803, 0x0000, 0x0001, 0x0002, 0xE9C0, 0x0823, 0x0000, 0x0000
	.2byte 0x2002, 0x0000, 0x0004, 0x0004, 0x0A03, 0x0000, 0x0001, 0x0001
	.2byte 0xE9D7, 0x0823, 0x0000, 0x0000, 0x3703, 0x0000, 0x000A, 0x000A
	.2byte 0x0803, 0x0000, 0x0001, 0x0001, 0xE9EE, 0x0823, 0x0000, 0x0000
	.2byte 0x3B04, 0x0000, 0x0001, 0x0002, 0x0103, 0x0000, 0x0000, 0x0000
	.2byte 0x7199, 0x0825, 0x0428, 0x0000, 0x3B05, 0x0000, 0x0004, 0x0002
	.2byte 0x0103, 0x0000, 0x0000, 0x0000, 0x718C, 0x0825, 0x0427, 0x0000
	.2byte 0x5606, 0x0000, 0x0001, 0x0014, 0x0103, 0x0011, 0x0000, 0x0000
	.2byte 0x667C, 0x0825, 0x0015, 0x0000, 0x5607, 0x0000, 0x0002, 0x0015
	.2byte 0x0103, 0x0011, 0x0000, 0x0000, 0x667C, 0x0825, 0x0016, 0x0000
	.2byte 0x0000, 0x0015, 0x0203, 0x1D00, 0x0001, 0x0015, 0x0203, 0x1D00
	.2byte 0x000D, 0x0001, 0x0003, 0x1D01, 0x0004, 0x000E, 0x0003, 0x4001
	.2byte 0x0000, 0x0000, 0xE8C9, 0x0823, 0x0003, 0x000B, 0x0003, 0x4002
	.2byte 0x0000, 0x0000, 0xE8D5, 0x0823, 0x000C, 0x0005, 0x0003, 0x4003
	.2byte 0x0000, 0x0000, 0xE8E1, 0x0823, 0x0008, 0x0002, 0x0003, 0x4004
	.2byte 0x0000, 0x0000, 0xE8ED, 0x0823, 0x0000, 0x000E, 0x0000, 0x0000
	.2byte 0xE9A3, 0x0823, 0x0307, 0x0104, 0x6944, 0x0851, 0x69EC, 0x0851
	.2byte 0x6A04, 0x0851, 0x6A44, 0x0851, 0x0E01, 0x0000, 0x0002, 0x0002
	.2byte 0x0803, 0x0000, 0x0001, 0x0001, 0xEB60, 0x0823, 0x0000, 0x0000
	.2byte 0x0E02, 0x0000, 0x000E, 0x0007, 0x0903, 0x0000, 0x0001, 0x0002
	.2byte 0xEB8E, 0x0823, 0x0000, 0x0000, 0x2C03, 0x0000, 0x0002, 0x000E
	.2byte 0x0A03, 0x0000, 0x0001, 0x0002, 0xEB77, 0x0823, 0x0000, 0x0000
	.2byte 0x3B04, 0x0000, 0x0002, 0x0005, 0x0103, 0x0000, 0x0000, 0x0000
	.2byte 0x71A6, 0x0825, 0x0429, 0x0000, 0x5705, 0x0000, 0x000D, 0x0003
	.2byte 0x0103, 0x0000, 0x0000, 0x0000, 0x6754, 0x0825, 0x0011, 0x0000
	.2byte 0x5706, 0x0000, 0x0001, 0x000A, 0x0103, 0x0000, 0x0000, 0x0000
	.2byte 0x6754, 0x0825, 0x0012, 0x0000, 0x5707, 0x0000, 0x0005, 0x0010
	.2byte 0x0103, 0x0000, 0x0000, 0x0000, 0x6754, 0x0825, 0x0013, 0x0000
	.2byte 0x5708, 0x0000, 0x0004, 0x0006, 0x0103, 0x0000, 0x0000, 0x0000
	.2byte 0x6754, 0x0825, 0x0014, 0x0000, 0x5709, 0x0000, 0x000C, 0x0002
	.2byte 0x0103, 0x0000, 0x0000, 0x0000, 0x6754, 0x0825, 0x0015, 0x0000
	.2byte 0x570A, 0x0000, 0x0005, 0x0007, 0x0103, 0x0000, 0x0000, 0x0000
	.2byte 0x6754, 0x0825, 0x0016, 0x0000, 0x570B, 0x0000, 0x0009, 0x0003
	.2byte 0x0103, 0x0000, 0x0000, 0x0000, 0x6754, 0x0825, 0x0017, 0x0000
	.2byte 0x570C, 0x0000, 0x000A, 0x000C, 0x0103, 0x0000, 0x0000, 0x0000
	.2byte 0x6754, 0x0825, 0x0018, 0x0000, 0x570D, 0x0000, 0x000E, 0x0002
	.2byte 0x0103, 0x0000, 0x0000, 0x0000, 0x6754, 0x0825, 0x0019, 0x0000
	.2byte 0x570E, 0x0000, 0x000A, 0x000F, 0x0103, 0x0000, 0x0000, 0x0000
	.2byte 0x6754, 0x0825, 0x001A, 0x0000, 0x570F, 0x0000, 0x000C, 0x0005
	.2byte 0x0103, 0x0000, 0x0000, 0x0000, 0x6754, 0x0825, 0x001B, 0x0000
	.2byte 0x0000, 0x0015, 0x0203, 0x1D00, 0x0001, 0x0015, 0x0203, 0x1D00
	.2byte 0x000D, 0x0001, 0x0003, 0x1D01, 0x000E, 0x000D, 0x0000, 0x0000
	.2byte 0xEB43, 0x0823, 0x030F, 0x0100, 0x6A64, 0x0851, 0x6BCC, 0x0851
	.2byte 0x0000, 0x0000, 0x6BE4, 0x0851, 0x1301, 0x0000, 0x0006, 0x0011
	.2byte 0x0903, 0x0000, 0x0000, 0x0000, 0xED23, 0x0823, 0x0000, 0x0000
	.2byte 0x1302, 0x0000, 0x0000, 0x0007, 0x0A03, 0x0000, 0x0000, 0x0000
	.2byte 0xED44, 0x0823, 0x0000, 0x0000, 0x1303, 0x0000, 0x000E, 0x000A
	.2byte 0x0903, 0x0000, 0x0000, 0x0000, 0xED65, 0x0823, 0x0000, 0x0000
	.2byte 0x1304, 0x0000, 0x000E, 0x0013, 0x0903, 0x0000, 0x0000, 0x0000
	.2byte 0xED86, 0x0823, 0x0000, 0x0000, 0x1305, 0x0000, 0x000A, 0x0004
	.2byte 0x0A03, 0x0000, 0x0000, 0x0000, 0xEDA7, 0x0823, 0x0000, 0x0000
	.2byte 0x0000, 0x0015, 0x0203, 0x1D00, 0x0001, 0x0015, 0x0203, 0x1D00
	.2byte 0x000D, 0x0001, 0x0003, 0x1D01, 0x0005, 0x0011, 0x0003, 0x4001
	.2byte 0x0000, 0x0000, 0xEDC8, 0x0823, 0x0004, 0x0011, 0x0003, 0x4001
	.2byte 0x0000, 0x0000, 0xEDD4, 0x0823, 0x0003, 0x0011, 0x0003, 0x4001
	.2byte 0x0000, 0x0000, 0xEDE0, 0x0823, 0x0002, 0x0011, 0x0003, 0x4001
	.2byte 0x0000, 0x0000, 0xEDEC, 0x0823, 0x0001, 0x0007, 0x0003, 0x4002
	.2byte 0x0000, 0x0000, 0xEE04, 0x0823, 0x0002, 0x0007, 0x0003, 0x4002
	.2byte 0x0000, 0x0000, 0xEE10, 0x0823, 0x000D, 0x000A, 0x0003, 0x4003
	.2byte 0x0000, 0x0000, 0xEE4C, 0x0823, 0x000C, 0x000A, 0x0003, 0x4003
	.2byte 0x0000, 0x0000, 0xEE58, 0x0823, 0x000B, 0x000A, 0x0003, 0x4003
	.2byte 0x0000, 0x0000, 0xEE64, 0x0823, 0x000D, 0x0013, 0x0003, 0x4004
	.2byte 0x0000, 0x0000, 0xEE88, 0x0823, 0x000C, 0x0013, 0x0003, 0x4004
	.2byte 0x0000, 0x0000, 0xEE94, 0x0823, 0x000B, 0x0004, 0x0003, 0x4005
	.2byte 0x0000, 0x0000, 0xEED0, 0x0823, 0x0001, 0x0011, 0x0003, 0x4001
	.2byte 0x0000, 0x0000, 0xEDF8, 0x0823, 0x0003, 0x0007, 0x0003, 0x4002
	.2byte 0x0000, 0x0000, 0xEE1C, 0x0823, 0x0004, 0x0007, 0x0003, 0x4002
	.2byte 0x0000, 0x0000, 0xEE28, 0x0823, 0x0005, 0x0007, 0x0003, 0x4002
	.2byte 0x0000, 0x0000, 0xEE34, 0x0823, 0x0006, 0x0007, 0x0003, 0x4002
	.2byte 0x0000, 0x0000, 0xEE40, 0x0823, 0x000A, 0x000A, 0x0003, 0x4003
	.2byte 0x0000, 0x0000, 0xEE70, 0x0823, 0x0009, 0x000A, 0x0003, 0x4003
	.2byte 0x0000, 0x0000, 0xEE7C, 0x0823, 0x000B, 0x0013, 0x0003, 0x4004
	.2byte 0x0000, 0x0000, 0xEEA0, 0x0823, 0x000A, 0x0013, 0x0003, 0x4004
	.2byte 0x0000, 0x0000, 0xEEAC, 0x0823, 0x0009, 0x0013, 0x0003, 0x4004
	.2byte 0x0000, 0x0000, 0xEEB8, 0x0823, 0x000B, 0x0015, 0x0000, 0x0000
	.2byte 0xED06, 0x0823, 0x0305, 0x0116, 0x6C04, 0x0851, 0x6C7C, 0x0851
	.2byte 0x6C94, 0x0851, 0x6DF4, 0x0851, 0x2001, 0x0000, 0x0007, 0x0009
	.2byte 0x0A03, 0x0000, 0x0001, 0x0001, 0xFD3A, 0x0823, 0x0000, 0x0000
	.2byte 0x4202, 0x0000, 0x000B, 0x000A, 0x0A03, 0x0000, 0x0001, 0x0003
	.2byte 0xFD51, 0x0823, 0x0000, 0x0000, 0x1F03, 0x0000, 0x0004, 0x0005
	.2byte 0x0703, 0x0000, 0x0001, 0x0001, 0xFD68, 0x0823, 0x0000, 0x0000
	.2byte 0x3B04, 0x0000, 0x000B, 0x0015, 0x0103, 0x0000, 0x0000, 0x0000
	.2byte 0x71B3, 0x0825, 0x042B, 0x0000, 0x0000, 0x0015, 0x0203, 0x1D00
	.2byte 0x0001, 0x0015, 0x0203, 0x1D00, 0x000D, 0x0001, 0x0003, 0x1D01
	.2byte 0x0000, 0x000A, 0x0003, 0x0000, 0xFD1D, 0x0823, 0x0304, 0x0100
	.2byte 0x6E14, 0x0851, 0x6E74, 0x0851, 0x0000, 0x0000, 0x6E8C, 0x0851
	.2byte 0x2501, 0x0000, 0x0009, 0x0014, 0x0A00, 0x0000, 0x0001, 0x0001
	.2byte 0x01B4, 0x0824, 0x0000, 0x0000, 0x2F02, 0x0000, 0x000A, 0x0002
	.2byte 0x0700, 0x0000, 0x0001, 0x0001, 0x01E2, 0x0824, 0x0000, 0x0000
	.2byte 0x2803, 0x0000, 0x0008, 0x0011, 0x0900, 0x0000, 0x0001, 0x0001
	.2byte 0x01CB, 0x0824, 0x0000, 0x0000, 0x3B04, 0x0000, 0x0005, 0x000C
	.2byte 0x0103, 0x0000, 0x0000, 0x0000, 0x71C0, 0x0825, 0x042C, 0x0000
	.2byte 0x2505, 0x0000, 0x0009, 0x0002, 0x0803, 0x0011, 0x0001, 0x0001
	.2byte 0x0210, 0x0824, 0x0000, 0x0000, 0x2F06, 0x0000, 0x0008, 0x000D
	.2byte 0x0703, 0x0011, 0x0001, 0x0001, 0x01F9, 0x0824, 0x0000, 0x0000
	.2byte 0x3007, 0x0000, 0x0009, 0x000C, 0x0903, 0x0011, 0x0001, 0x0001
	.2byte 0x0227, 0x0824, 0x0000, 0x0000, 0xE008, 0x0000, 0x0004, 0x0011
	.2byte 0x0100, 0x0011, 0x0000, 0x0000, 0x0000, 0x0000, 0x0000, 0x0000
	.2byte 0xE009, 0x0000, 0x0004, 0x0006, 0x0100, 0x0011, 0x0000, 0x0000
	.2byte 0x0000, 0x0000, 0x0000, 0x0000, 0x0000, 0x0015, 0x0203, 0x1D00
	.2byte 0x0001, 0x0015, 0x0203, 0x1D00, 0x000D, 0x0001, 0x0003, 0x1D01
	.2byte 0x000D, 0x0004, 0x0400, 0x1D09, 0x0007, 0x0003, 0x0300, 0x1D09
	.2byte 0x000D, 0x000B, 0x0600, 0x1D09, 0x0004, 0x0003, 0x0500, 0x1D09
	.2byte 0x0001, 0x0011, 0x0800, 0x1D09, 0x0000, 0x000B, 0x0700, 0x1D09
	.2byte 0x0002, 0x0003, 0x0A00, 0x1D09, 0x0004, 0x000D, 0x0900, 0x1D09
	.2byte 0x0001, 0x0003, 0x0C00, 0x1D09, 0x0008, 0x000C, 0x0B00, 0x1D09
	.2byte 0x0008, 0x0013, 0x0000, 0x4001, 0x0000, 0x0000, 0x0146, 0x0824
	.2byte 0x0000, 0x000E, 0x0000, 0x4001, 0x0000, 0x0000, 0x015C, 0x0824
	.2byte 0x0006, 0x0006, 0x0000, 0x4001, 0x0000, 0x0000, 0x0172, 0x0824
	.2byte 0x0009, 0x0007, 0x0000, 0x4001, 0x0000, 0x0000, 0x0188, 0x0824
	.2byte 0x0006, 0x0011, 0x0000, 0x0000, 0xFFFB, 0x0823, 0x0D09, 0x0104
	.2byte 0x6EAC, 0x0851, 0x6F84, 0x0851, 0x6FEC, 0x0851, 0x702C, 0x0851
	.2byte 0x2101, 0x0000, 0x0001, 0x000A, 0x0703, 0x0000, 0x0001, 0x0001
	.2byte 0x0479, 0x0824, 0x0000, 0x0000, 0x2102, 0x0000, 0x0004, 0x0002
	.2byte 0x0A03, 0x0000, 0x0001, 0x0001, 0x04A7, 0x0824, 0x0000, 0x0000
	.2byte 0x2203, 0x0000, 0x0008, 0x0011, 0x0903, 0x0000, 0x0001, 0x0001
	.2byte 0x0490, 0x0824, 0x0000, 0x0000, 0x3B04, 0x0000, 0x0002, 0x0002
	.2byte 0x0103, 0x0000, 0x0000, 0x0000, 0x71CD, 0x0825, 0x042D, 0x0000
	.2byte 0x0000, 0x0015, 0x0203, 0x1D00, 0x0001, 0x0015, 0x0203, 0x1D00
	.2byte 0x000D, 0x0001, 0x0000, 0x1D01, 0x0003, 0x0015, 0x0003, 0x0000
	.2byte 0x045C, 0x0824, 0x0304, 0x0100, 0x704C, 0x0851, 0x70AC, 0x0851
	.2byte 0x0000, 0x0000, 0x70C4, 0x0851, 0x5301, 0x0000, 0x0007, 0x0002
	.2byte 0x0803, 0x0000, 0x0000, 0x0000, 0x0606, 0x0824, 0x0000, 0x0000
	.2byte 0x0001, 0x0005, 0x0400, 0x0019, 0x0002, 0x0005, 0x0400, 0x0019
	.2byte 0x000C, 0x0005, 0x0500, 0x0019, 0x000D, 0x0005, 0x0500, 0x0019
	.2byte 0x0007, 0x0004, 0x0003, 0x4001, 0x0000, 0x0000, 0x0612, 0x0824
	.2byte 0x0005, 0x0004, 0x0003, 0x4001, 0x0001, 0x0000, 0x0644, 0x0824
	.2byte 0x0401, 0x0002, 0x70E4, 0x0851, 0x70FC, 0x0851, 0x711C, 0x0851
	.2byte 0x0000, 0x0000, 0x5301, 0x0000, 0x0007, 0x0002, 0x0803, 0x0000
	.2byte 0x0000, 0x0000, 0x06E5, 0x0824, 0x0000, 0x0000, 0x0001, 0x0005
	.2byte 0x0200, 0x0019, 0x0002, 0x0005, 0x0200, 0x0019, 0x000C, 0x0005
	.2byte 0x0300, 0x0019, 0x000D, 0x0005, 0x0300, 0x0019, 0x0007, 0x0004
	.2byte 0x0003, 0x4001, 0x0000, 0x0000, 0x06F1, 0x0824, 0x0005, 0x0004
	.2byte 0x0003, 0x4001, 0x0001, 0x0000, 0x0734, 0x0824, 0x0401, 0x0002
	.2byte 0x7150, 0x0851, 0x7168, 0x0851, 0x7188, 0x0851, 0x0000, 0x0000
	.2byte 0x1301, 0x0000, 0x0002, 0x0003, 0x0803, 0x0000, 0x0000, 0x0000
	.2byte 0x07D2, 0x0824, 0x0000, 0x0000, 0x0502, 0x0000, 0x0005, 0x0004
	.2byte 0x0203, 0x0011, 0x0000, 0x0000, 0x0C48, 0x0824, 0x0000, 0x0000
	.2byte 0x0003, 0x0008, 0x0000, 0x001C, 0x0004, 0x0008, 0x0000, 0x001C
	.2byte 0x0202, 0x0000, 0x71BC, 0x0851, 0x71EC, 0x0851, 0x0000, 0x0000
	.2byte 0x0000, 0x0000, 0x1501, 0x0000, 0x0004, 0x0004, 0x0803, 0x0000
	.2byte 0x0000, 0x0000, 0x0FA2, 0x0824, 0x0000, 0x0000, 0x1E02, 0x0000
	.2byte 0x0007, 0x0004, 0x0803, 0x0000, 0x0000, 0x0000, 0x101D, 0x0824
	.2byte 0x0000, 0x0000, 0x0003, 0x0007, 0x0000, 0x0026, 0x0004, 0x0007
	.2byte 0x0000, 0x0026, 0x0202, 0x0000, 0x7210, 0x0851, 0x7240, 0x0851
	.2byte 0x0000, 0x0000, 0x0000, 0x0000, 0x7501, 0x0000, 0x000F, 0x0003
	.2byte 0x0903, 0x0000, 0x0001, 0x0003, 0x1286, 0x0824, 0x037A, 0x0000
	.2byte 0x7602, 0x0000, 0x000A, 0x0005, 0x0803, 0x0000, 0x0001, 0x0002
	.2byte 0x129D, 0x0824, 0x037A, 0x0000, 0x4103, 0x0000, 0x0005, 0x0004
	.2byte 0x0803, 0x0000, 0x0000, 0x0000, 0x126C, 0x0824, 0x037C, 0x0000
	.2byte 0x4104, 0x0000, 0x0002, 0x000B, 0x0103, 0x0001, 0x0000, 0x0000
	.2byte 0x1225, 0x0824, 0x037C, 0x0000, 0x0505, 0x0000, 0x000E, 0x000B
	.2byte 0x0203, 0x0011, 0x0000, 0x0000, 0x1201, 0x0824, 0x0000, 0x0000
	.2byte 0x0009, 0x000C, 0x0000, 0x0022, 0x000A, 0x000C, 0x0000, 0x0022
	.2byte 0x0011, 0x0001, 0x0000, 0x2001, 0x0001, 0x0002, 0x0000, 0x0000
	.2byte 0x1275, 0x0824, 0x0001, 0x0003, 0x0000, 0x0000, 0x1275, 0x0824
	.2byte 0x0000, 0x0002, 0x0000, 0x0000, 0x1275, 0x0824, 0x0000, 0x0003
	.2byte 0x0000, 0x0000, 0x1275, 0x0824, 0x0305, 0x0400, 0x7264, 0x0851
	.2byte 0x72DC, 0x0851, 0x0000, 0x0000, 0x72F4, 0x0851, 0x7501, 0x0000
	.2byte 0x000F, 0x0006, 0x0A03, 0x0000, 0x0001, 0x0004, 0x1546, 0x0824
	.2byte 0x037A, 0x0000, 0x7502, 0x0000, 0x000A, 0x0008, 0x0D03, 0x0000
	.2byte 0x0001, 0x0002, 0x155D, 0x0824, 0x037A, 0x0000, 0x7603, 0x0000
	.2byte 0x0004, 0x0006, 0x0A03, 0x0000, 0x0001, 0x0000, 0x1574, 0x0824
	.2byte 0x037A, 0x0000, 0x4104, 0x0000, 0x0000, 0x0006, 0x0A03, 0x0000
	.2byte 0x0000, 0x0000, 0x0000, 0x0000, 0x037D, 0x0000, 0x2E05, 0x0000
	.2byte 0x0012, 0x0006, 0x0103, 0x0012, 0x0000, 0x0000, 0x1752, 0x0824
	.2byte 0x0000, 0x0000, 0x4106, 0x0000, 0x0001, 0x0007, 0x0A03, 0x0000
	.2byte 0x0000, 0x0000, 0x0000, 0x0000, 0x037D, 0x0000, 0x7507, 0x0000
	.2byte 0x0010, 0x0006, 0x0903, 0x0011, 0x0000, 0x0000, 0x0000, 0x0000
	.2byte 0x03E0, 0x0000, 0x7608, 0x0000, 0x0013, 0x0006, 0x0903, 0x0011
	.2byte 0x0001, 0x0003, 0x152F, 0x0824, 0x037A, 0x0000, 0x0011, 0x0001
	.2byte 0x0200, 0x2000, 0x0108, 0x0000, 0x7338, 0x0851, 0x73F8, 0x0851
	.2byte 0x0000, 0x0000, 0x0000, 0x0000, 0x1A01, 0x0000, 0x0007, 0x0002
	.2byte 0x0803, 0x0000, 0x0000, 0x0000, 0x1BD1, 0x0824, 0x0000, 0x0000
	.2byte 0xD302, 0x0000, 0x0001, 0x0006, 0x0203, 0x0022, 0x0000, 0x0000
	.2byte 0x1BDA, 0x0824, 0x0000, 0x0000, 0xD303, 0x0000, 0x0000, 0x0004
	.2byte 0x0203, 0x0013, 0x0000, 0x0000, 0x1BDA, 0x0824, 0x0000, 0x0000
	.2byte 0xD304, 0x0000, 0x0002, 0x0002, 0x0203, 0x0011, 0x0000, 0x0000
	.2byte 0x1BDA, 0x0824, 0x0000, 0x0000, 0xD305, 0x0000, 0x0008, 0x0005
	.2byte 0x0203, 0x0023, 0x0000, 0x0000, 0x1BDA, 0x0824, 0x0000, 0x0000
	.2byte 0xD306, 0x0000, 0x0006, 0x0006, 0x0203, 0x0022, 0x0000, 0x0000
	.2byte 0x1BDA, 0x0824, 0x0000, 0x0000, 0xD307, 0x0000, 0x0005, 0x0003
	.2byte 0x0203, 0x0031, 0x0000, 0x0000, 0x1BDA, 0x0824, 0x0000, 0x0000
	.2byte 0x0003, 0x0008, 0x0100, 0x0022, 0x0004, 0x0008, 0x0100, 0x0022
	.2byte 0x0207, 0x0000, 0x7414, 0x0851, 0x74BC, 0x0851, 0x0000, 0x0000
	.2byte 0x0000, 0x0000, 0x4201, 0x0000, 0x0005, 0x0004, 0x0900, 0x0000
	.2byte 0x0000, 0x0000, 0x1C59, 0x0824, 0x0000, 0x0000, 0x0003, 0x0008
	.2byte 0x0000, 0x0027, 0x0004, 0x0008, 0x0000, 0x0027, 0x0007, 0x0001
	.2byte 0x0000, 0x0000, 0x218A, 0x0824, 0x0201, 0x0100, 0x74E0, 0x0851
	.2byte 0x74F8, 0x0851, 0x0000, 0x0000, 0x7508, 0x0851, 0x0000, 0x0003
	.2byte 0x0004, 0x0003, 0x0008, 0x0003, 0x000C, 0x0003, 0xFFFE, 0x0000
	.2byte 0x7528, 0x0851, 0x2714, 0x2714, 0xD018, 0x084F, 0x753C, 0x0851
	.2byte 0x0000, 0x0000, 0xF310, 0x082B, 0x83B5, 0x080A, 0x2714, 0x2714
	.2byte 0xD018, 0x084F, 0x753C, 0x0851, 0x0000, 0x0000, 0xF310, 0x082B
	.2byte 0x8335, 0x080A, 0x0000, 0x0003, 0xFFFE, 0x0000, 0x7570, 0x0851
	.2byte 0x282B, 0x282B, 0xD020, 0x084F, 0x7578, 0x0851, 0x0000, 0x0000
	.2byte 0xF310, 0x082B, 0x86F9, 0x080A, 0x282B, 0x282B, 0xD020, 0x084F
	.2byte 0x7578, 0x0851, 0x0000, 0x0000, 0xF310, 0x082B, 0x87AD, 0x080A
	.2byte 0x0000, 0x0003, 0x0010, 0x0003, 0x0020, 0x0003, 0x0030, 0x0003
	.2byte 0x0040, 0x0003, 0xFFFF, 0x0000, 0x75AC, 0x0851, 0x2757, 0x2757
	.2byte 0xD020, 0x084F, 0x75C4, 0x0851, 0x0000, 0x0000, 0xF310, 0x082B
	.2byte 0x842D, 0x080A, 0x2743, 0x2743, 0xD020, 0x084F, 0xF304, 0x082B
	.2byte 0x0000, 0x0000, 0xF310, 0x082B, 0x83B5, 0x080A, 0x0000, 0x0005
	.2byte 0xFFFE, 0x0000, 0x0000, 0x0005, 0xFFFE, 0x0000, 0x0000, 0x0005
	.2byte 0xFFFE, 0x0000, 0x75F8, 0x0851, 0x7600, 0x0851, 0x7608, 0x0851
	.2byte 0x2797, 0x2797, 0xD020, 0x084F, 0x7610, 0x0851, 0x0000, 0x0000
	.2byte 0xF310, 0x082B, 0x83B5, 0x080A, 0x0000, 0x000F, 0xFFFE, 0x0000
	.2byte 0x7634, 0x0851, 0x0060, 0x0060, 0x0000, 0x0000, 0x0002, 0x0002
	.2byte 0x0100, 0x0000, 0x7FFE, 0x0001, 0x0000, 0x0000, 0x7640, 0x0851
	.2byte 0x2714, 0x2714, 0xD0D8, 0x084F, 0x763C, 0x0851, 0x0000, 0x0000
	.2byte 0x7658, 0x0851, 0x8335, 0x080A, 0xBBCE, 0xC5CD, 0xC900, 0xBFD0
	.2byte 0xFECC, 0x5D60, 0x3758, 0xAE55, 0xAE96, 0x1F0C, 0x100C, 0x00FF
	.2byte 0xF0F0, 0x800C, 0x30F0, 0x840D, 0xF030, 0x860E, 0x3030, 0x8808
