	.globl gUnknown_8DBCCBC
gUnknown_8DBCCBC: @ 0x08DBCCBC
	@ validated concatenated LZ77 resource archive; stream boundaries are explicit
CompressedResource_JP_08DBCCBC: @ 0x08DBCCBC (LZ77 -> 0x4000 bytes)
	.byte 0x10, 0x00, 0x40, 0x00, 0x3F, 0x51, 0x51, 0xF0, 0x01, 0xF0, 0x01, 0xF0, 0x01, 0xF0, 0x01, 0xF0
	.byte 0x01, 0xF0, 0x01, 0x88, 0x40, 0x01, 0x01, 0x01, 0x01, 0x20, 0x05, 0x27, 0x27, 0x27, 0xFC, 0xF0
	.byte 0x1C, 0xD0, 0x27, 0x00, 0x04, 0x00, 0x27, 0x20, 0x04, 0xE0, 0x01, 0x26, 0x26, 0xFB, 0xE0, 0x2F
	.byte 0x00, 0x03, 0x20, 0x2F, 0xF0, 0x2C, 0x10, 0x2E, 0x26, 0x10, 0x03, 0x70, 0x01, 0x30, 0x25, 0x25
	.byte 0x30, 0x35, 0x20, 0x01, 0x27, 0x29, 0x29, 0x29, 0x7F, 0x29, 0x10, 0x26, 0xD0, 0x07, 0xA0, 0x32
	.byte 0x20, 0x35, 0x70, 0x01, 0x50, 0x3C, 0x10, 0x2B, 0x9F, 0xF0, 0x01, 0x29, 0x29, 0xF0, 0x3B, 0xB0
	.byte 0x01, 0x20, 0x3C, 0x00, 0x84, 0x20, 0x6B, 0xFC, 0x40, 0x47, 0xD0, 0x7B, 0x90, 0x83, 0x10, 0x33
	.byte 0x90, 0x47, 0xB1, 0x52, 0x51, 0x51, 0xFD, 0x21, 0x2A, 0x00, 0x0B, 0x40, 0xF1, 0x61, 0x06, 0x40
	.byte 0x46, 0x50, 0x47, 0x27, 0x30, 0x45, 0xFF, 0xC1, 0x3F, 0xE1, 0xA2, 0x50, 0x4F, 0x20, 0x07, 0xA1
	.byte 0x85, 0x40, 0x4E, 0xF1, 0xBF, 0xF0, 0x01, 0xFF, 0xF0, 0x57, 0x50, 0x57, 0xF0, 0x1E, 0xF0, 0x01
	.byte 0xF0, 0x01, 0x20, 0x46, 0x50, 0x4D, 0xF0, 0x17, 0xFF, 0x32, 0x59, 0x40, 0x06, 0x00, 0x07, 0x30
	.byte 0xB3, 0x40, 0x06, 0x51, 0x10, 0x61, 0x0C, 0xC0, 0x17, 0xFF, 0xA0, 0xDD, 0x31, 0x7B, 0x31, 0x76
	.byte 0x81, 0x7B, 0x21, 0x77, 0x51, 0x80, 0xB2, 0x1E, 0xF0, 0x1F, 0xF9, 0xF0, 0x01, 0xB0, 0x01, 0xF0
	.byte 0x27, 0xF0, 0x01, 0xF0, 0x01, 0xA5, 0xA5, 0x10, 0x03, 0xFF, 0x10, 0x01, 0xF0, 0x1B, 0xF0, 0x01
	.byte 0x70, 0x35, 0xF0, 0x01, 0xF0, 0x25, 0xF0, 0x01, 0x40, 0x3B, 0x07, 0x25, 0x25, 0x05, 0x05, 0x05
	.byte 0xD0, 0x07, 0xF0, 0x29, 0xF0, 0x01, 0xFF, 0x10, 0x01, 0x00, 0x2A, 0x20, 0x2B, 0x10, 0x07, 0x90
	.byte 0x01, 0xF1, 0x06, 0xF0, 0x01, 0xB0, 0x47, 0xEF, 0x70, 0x4F, 0x10, 0x0B, 0x32, 0xCD, 0x27, 0x62
	.byte 0xCF, 0x30, 0x4D, 0x63, 0x1F, 0xF0, 0x57, 0xFF, 0xC0, 0x01, 0x42, 0xD6, 0x63, 0x2F, 0x52, 0xD7
	.byte 0x53, 0x77, 0x50, 0x60, 0xA3, 0x77, 0x80, 0x5F, 0xBF, 0xC2, 0x90, 0x51, 0x52, 0xD5, 0x52, 0xDE
	.byte 0x40, 0x5E, 0x30, 0x5F, 0x00, 0x08, 0x40, 0x5E, 0xFF, 0x00, 0x67, 0x30, 0x09, 0xF2, 0xDA, 0xF0
	.byte 0x01, 0xF2, 0xE0, 0xF2, 0xF9, 0xF0, 0x01, 0xF0, 0x01, 0xBF, 0x83, 0x37, 0x29, 0x40, 0x06, 0x40
	.byte 0x07, 0x20, 0x87, 0x45, 0x8F, 0x00, 0x14, 0x23, 0x2F, 0xA6, 0x24, 0x81, 0x26, 0x34, 0xD8, 0x26
	.byte 0x26, 0x54, 0xCC, 0x40, 0x06, 0x25, 0xFF, 0x40, 0x06, 0x52, 0xFF, 0x00, 0x07, 0x31, 0x1D, 0x10
	.byte 0x06, 0xF3, 0x27, 0xF0, 0x01, 0xF0, 0x01, 0xF1, 0xF0, 0x01, 0xB2, 0xEF, 0x52, 0x84, 0x40, 0x0F
	.byte 0x9A, 0x9A, 0x9A, 0x10, 0x08, 0xFB, 0x50, 0x20, 0x70, 0x1F, 0xF2, 0xE3, 0xF0, 0x01, 0x60, 0x01
	.byte 0xA7, 0xF0, 0x12, 0xF0, 0x01, 0xAF, 0x80, 0x2E, 0xA8, 0x10, 0x03, 0xA8, 0x80, 0x01, 0xF0, 0x23
	.byte 0xF0, 0x34, 0xA0, 0x30, 0xF0, 0xC0, 0x01, 0xF3, 0x57, 0xB0, 0x07, 0x00, 0x22, 0x26, 0x26, 0x08
	.byte 0x08, 0x7C, 0x08, 0xF0, 0x07, 0x30, 0x07, 0xD3, 0x4F, 0xD0, 0x01, 0x00, 0x22, 0x08, 0x07, 0xFF
	.byte 0x40, 0x07, 0xF0, 0x01, 0xF0, 0x3F, 0xF0, 0x01, 0x40, 0x47, 0x10, 0x44, 0x50, 0x47, 0x00, 0x0B
	.byte 0xFF, 0x60, 0x3F, 0x73, 0xDF, 0xA3, 0x97, 0xF0, 0x41, 0xB0, 0x01, 0x40, 0x4E, 0xF4, 0x3F, 0xF3
	.byte 0xEF, 0xE3, 0xC0, 0x5F, 0x40, 0x0F, 0x00, 0x03, 0x0A, 0x0A, 0x0A, 0x33, 0x94, 0x63, 0xFF, 0xFF
	.byte 0x63, 0xA7, 0x20, 0x07, 0xF4, 0x07, 0xF0, 0x01, 0x03, 0x8A, 0xA6, 0x8F, 0x27, 0x7A, 0x00, 0x08
	.byte 0x7F, 0x26, 0x27, 0x81, 0x03, 0xAF, 0x32, 0xF9, 0x13, 0xAF, 0x20, 0x08, 0x10, 0x53, 0x20, 0x07
	.byte 0xFF, 0x40, 0x08, 0xF3, 0x62, 0xF0, 0x01, 0xF0, 0x01, 0x63, 0x87, 0x36, 0xA7, 0x30, 0x47, 0x23
	.byte 0x6A, 0xBF, 0x40, 0x06, 0x29, 0x40, 0x06, 0x06, 0x9F, 0x33, 0x71, 0x03, 0x9B, 0x23, 0x71, 0x44
	.byte 0x9B, 0xBF, 0x43, 0x77, 0x25, 0x03, 0x87, 0x30, 0xE4, 0x40, 0x06, 0x73, 0x77, 0x40, 0xF1, 0xF0
	.byte 0xF8, 0xFF, 0xA0, 0x01, 0x13, 0x43, 0x90, 0x0E, 0x30, 0x0F, 0x33, 0x5B, 0x10, 0x06, 0x10, 0x07
	.byte 0x10, 0x06, 0x73, 0x9A, 0x30, 0x05, 0xF0, 0x01, 0x30, 0x1C, 0x25, 0xA5, 0x40, 0x07, 0x40, 0x26
	.byte 0x94, 0x50, 0x07, 0x9A, 0x26, 0x30, 0x06, 0x9D, 0x20, 0x07, 0x9C, 0x9D, 0x3D, 0x9D, 0x9D, 0x10
	.byte 0x0C, 0x00, 0x06, 0x00, 0x07, 0x20, 0x06, 0x9D, 0x53, 0x21, 0xDD, 0x53, 0x27, 0x53, 0x2D, 0x26
	.byte 0x43, 0x1F, 0x60, 0x07, 0x40, 0x08, 0x9D, 0x40, 0x08, 0xFF, 0x50, 0x07, 0xF0, 0x01, 0xF0, 0x01
	.byte 0xF0, 0x01, 0xA0, 0x01, 0xF3, 0x57, 0xF0, 0x07, 0xF0, 0x07, 0xFE, 0x40, 0x07, 0xF0, 0x01, 0xF0
	.byte 0x01, 0xF0, 0x01, 0x90, 0x01, 0x33, 0x09, 0xB3, 0xA7, 0x07, 0xF1, 0x53, 0x5F, 0x50, 0x62, 0x40
	.byte 0x07, 0x40, 0x72, 0x26, 0x26, 0x0D, 0x50, 0x07, 0xF9, 0x03, 0x07, 0x03, 0x06, 0x13, 0x08, 0x50
	.byte 0x07, 0x20, 0x06, 0x0A, 0x26, 0x30, 0x06, 0x10, 0x0A, 0x26, 0x0D, 0x30, 0x07, 0x0D, 0x0D, 0x0D
	.byte 0x0C, 0xBF, 0x40, 0x07, 0x0D, 0x10, 0x12, 0x20, 0x07, 0x00, 0x08, 0x51, 0xF9, 0x50, 0x09, 0x30
	.byte 0x4A, 0xFF, 0x30, 0x45, 0x50, 0x07, 0x60, 0x5C, 0x00, 0x09, 0x40, 0x07, 0x60, 0x01, 0x32, 0x72
	.byte 0x13, 0x0F, 0xFF, 0x30, 0x08, 0xB3, 0x77, 0xF3, 0x7F, 0x60, 0x6F, 0xAA, 0xBF, 0x33, 0x07, 0x46
	.byte 0x87, 0x10, 0x06, 0xFF, 0x90, 0x07, 0x39, 0xBF, 0x30, 0x06, 0x07, 0x6F, 0x40, 0x07, 0x30, 0x06
	.byte 0x13, 0x0F, 0x20, 0x64, 0xFF, 0x40, 0x06, 0xF6, 0x7F, 0xC0, 0x89, 0xF3, 0x0F, 0xF2, 0xF7, 0xF2
	.byte 0xFF, 0x72, 0xD1, 0x52, 0xD8, 0xDF, 0xF3, 0x0F, 0x20, 0x01, 0x9C, 0x42, 0xEF, 0x12, 0xE7, 0x22
	.byte 0xE2, 0x40, 0x06, 0xE2, 0xF7, 0xDF, 0x23, 0x0C, 0x00, 0x01, 0x0C, 0x30, 0x06, 0xF0, 0x01, 0xF0
	.byte 0x01, 0xF0, 0x01, 0x20, 0x01, 0xF8, 0x33, 0x08, 0x70, 0x07, 0x30, 0x08, 0x50, 0x19, 0x90, 0x07
	.byte 0x9D, 0x26, 0x01, 0x50, 0x19, 0x20, 0x07, 0x01, 0x30, 0x07, 0x0E, 0x0E, 0x01, 0x01, 0xCF, 0xF3
	.byte 0x0E, 0x10, 0x01, 0x19, 0x19, 0x20, 0x04, 0x00, 0x01, 0x30, 0x05, 0xD0, 0x01, 0x27, 0x18, 0x16
	.byte 0x30, 0x05, 0x16, 0x16, 0x60, 0x2F, 0xF0, 0x24, 0xB0, 0x2F, 0xCC, 0x10, 0x2C, 0x60, 0x01, 0x04
	.byte 0x04, 0x00, 0x02, 0x00, 0x01, 0x18, 0x18, 0x83, 0x00, 0x1C, 0x01, 0x01, 0x09, 0x09, 0x09, 0xF0
	.byte 0x07, 0x30, 0x07, 0x83, 0x00, 0x2C, 0x02, 0x02, 0x06, 0x06, 0x06, 0x50, 0x07, 0x20, 0x36, 0x89
	.byte 0x20, 0x39, 0x18, 0x01, 0x01, 0x03, 0x02, 0x09, 0x09, 0x33, 0x19, 0xF7, 0x00, 0x2A, 0x10, 0x01
	.byte 0x50, 0x07, 0x60, 0x01, 0x06, 0x40, 0x11, 0x00, 0x3A, 0x00, 0x01, 0x0B, 0x08, 0x09, 0x04, 0x04
	.byte 0x40, 0x09, 0x08, 0x20, 0x46, 0x00, 0x07, 0xFF, 0xB0, 0x01, 0xA0, 0x4F, 0xF0, 0x57, 0x90, 0x4F
	.byte 0x20, 0x09, 0x43, 0x86, 0x23, 0x8F, 0x40, 0x07, 0xF3, 0x10, 0x06, 0x00, 0x07, 0x20, 0x06, 0x60
	.byte 0x07, 0x09, 0x01, 0x20, 0x06, 0x00, 0x07, 0x43, 0x01, 0x20, 0x07, 0x01, 0x01, 0x0E, 0x0E, 0x33
	.byte 0x83, 0x20, 0x01, 0x7F, 0x0C, 0x80, 0x0B, 0xF0, 0x01, 0xF0, 0x01, 0x60, 0x01, 0x53, 0x87, 0x23
	.byte 0xDC, 0x23, 0xD7, 0xFF, 0x63, 0xEF, 0x50, 0x07, 0x20, 0x08, 0xD3, 0xF7, 0x40, 0x76, 0x53, 0xEE
	.byte 0x93, 0xF7, 0xF3, 0xFF, 0xFF, 0x63, 0xFF, 0xE4, 0x07, 0x6E, 0x7F, 0xF0, 0x01, 0xBA, 0xAE, 0xA3
	.byte 0xE7, 0x90, 0x07, 0x13, 0xC7, 0xDF, 0x03, 0xAC, 0x43, 0xCE, 0x25, 0x40, 0x0E, 0x2B, 0x97, 0x6A
	.byte 0x5F, 0x5D, 0x67, 0x43, 0xE7, 0xE5, 0x93, 0xEF, 0xF6, 0xCF, 0xF6, 0xD7, 0x25, 0x95, 0x50, 0x07
	.byte 0x95, 0x20, 0x09, 0xFA, 0x00, 0x06, 0x60, 0x07, 0xF3, 0xC2, 0x33, 0xB9, 0x43, 0xCE, 0x9D, 0x33
	.byte 0xF7, 0x9D, 0xF5, 0x00, 0x07, 0x00, 0x09, 0x03, 0x33, 0x10, 0x39, 0x26, 0x20, 0x07, 0x95, 0x18
	.byte 0x70, 0xDB, 0xF3, 0x8E, 0x30, 0x01, 0x0E, 0x40, 0x06, 0x30, 0x07, 0x0E, 0x30, 0x07, 0x00, 0x06
	.byte 0xF9, 0x10, 0x07, 0x10, 0x06, 0x00, 0x07, 0x20, 0x06, 0x40, 0x07, 0x01, 0x01, 0x40, 0x0E, 0xC9
	.byte 0x02, 0x15, 0x10, 0x01, 0x0D, 0x0B, 0x20, 0x06, 0x0B, 0x0B, 0x10, 0x07, 0x51, 0x0D, 0x00, 0x06
	.byte 0x04, 0x20, 0x0C, 0x04, 0x04, 0x0D, 0x40, 0x06, 0xD1, 0x20, 0x13, 0x01, 0xC0, 0x03, 0x33, 0x85
	.byte 0x04, 0x04, 0x02, 0x20, 0x05, 0x0E, 0x04, 0x18, 0x02, 0x02, 0x23, 0x1B, 0x00, 0x07, 0x00, 0x04
	.byte 0x03, 0x04, 0x03, 0x03, 0x04, 0x01, 0x01, 0x00, 0x05, 0x03, 0x03, 0x11, 0x0D, 0x01, 0x02, 0x20
	.byte 0x07, 0x03, 0x03, 0x02, 0x00, 0x08, 0x3F, 0x04, 0x04, 0x20, 0x07, 0x53, 0x49, 0x00, 0x29, 0x30
	.byte 0x2D, 0xF0, 0x01, 0x30, 0x01, 0xFF, 0x00, 0x2F, 0x53, 0x78, 0xC0, 0x01, 0x40, 0x50, 0x50, 0x58
	.byte 0xE0, 0x07, 0x00, 0x22, 0x10, 0x92, 0xFC, 0x10, 0x01, 0xF0, 0x07, 0x10, 0x3F, 0x23, 0x6D, 0x20
	.byte 0x47, 0x00, 0x01, 0x08, 0x08, 0xFE, 0xF0, 0x79, 0x50, 0x07, 0x30, 0x6E, 0xF0, 0x81, 0x33, 0x89
	.byte 0x13, 0xCE, 0x00, 0x09, 0x02, 0xF2, 0x30, 0x4D, 0x20, 0x7A, 0x00, 0x09, 0x40, 0x8A, 0x01, 0x01
	.byte 0x30, 0x45, 0x02, 0x3F, 0x01, 0x0D, 0x40, 0xF9, 0x10, 0x47, 0x20, 0x07, 0x13, 0x87, 0x13, 0x89
	.byte 0x61, 0x78, 0x63, 0x0D, 0x30, 0x08, 0x31, 0x7A, 0x0E, 0x0E, 0x04, 0x00, 0x08, 0x10, 0x12, 0xD7
	.byte 0x00, 0x38, 0x20, 0x12, 0x0D, 0x40, 0x08, 0x03, 0x01, 0x7C, 0x20, 0x1B, 0xC3, 0x8F, 0xFF, 0x53
	.byte 0xD4, 0x53, 0xDD, 0x20, 0x5C, 0x30, 0x07, 0x20, 0x08, 0x30, 0x65, 0x40, 0x07, 0x00, 0x08, 0xF3
	.byte 0xD7, 0x4F, 0x50, 0x10, 0x37, 0xAD, 0x53, 0xCF, 0x25, 0x25, 0x13, 0xB4, 0x12, 0x83, 0xC4, 0x00
	.byte 0x07, 0x02, 0xF7, 0x15, 0x15, 0x0D, 0x12, 0x7D, 0x15, 0x15, 0x7F, 0x15, 0x97, 0x37, 0xF7, 0x3F
	.byte 0xF7, 0x47, 0x40, 0x07, 0x1E, 0xB7, 0x20, 0x07, 0x57, 0x2F, 0xFF, 0x53, 0x4E, 0x50, 0x07, 0xE7
	.byte 0x37, 0xC7, 0x3F, 0x83, 0x7C, 0x13, 0x46, 0x13, 0x4F, 0x40, 0x07, 0xF9, 0x20, 0x06, 0xF0, 0x07
	.byte 0x30, 0x06, 0x60, 0x07, 0x80, 0x01, 0x98, 0x98, 0x00, 0x83, 0x07, 0x95, 0x95, 0x97, 0x98, 0x98
	.byte 0x00, 0x09, 0x10, 0x0E, 0x10, 0x01, 0xEF, 0x30, 0x0E, 0x00, 0x07, 0x30, 0x06, 0x98, 0x40, 0x0E
	.byte 0xE0, 0x01, 0x77, 0x05, 0x50, 0x07, 0xFE, 0x30, 0x08, 0x20, 0x54, 0x03, 0x5C, 0x10, 0x53, 0x00
	.byte 0x08, 0x10, 0x07, 0x00, 0x09, 0x01, 0x72, 0x01, 0x20, 0x07, 0x05, 0x84, 0x30, 0x07, 0x09, 0x09
	.byte 0x43, 0x77, 0x0B, 0xFF, 0x30, 0x07, 0x41, 0xF4, 0x41, 0xFC, 0x33, 0x77, 0x13, 0x7F, 0x03, 0x77
	.byte 0x10, 0x0E, 0x03, 0x78, 0x6B, 0x01, 0x30, 0x0E, 0x05, 0xBF, 0x02, 0x10, 0x06, 0x03, 0x30, 0x30
	.byte 0x10, 0x14, 0xFE, 0x50, 0x07, 0x72, 0x37, 0x20, 0x10, 0x00, 0x08, 0x62, 0x3F, 0x21, 0xF1, 0x20
	.byte 0x10, 0x01, 0x8F, 0x02, 0x3F, 0x04, 0x0B, 0x02, 0x46, 0x0C, 0x60, 0x01, 0x36, 0x2B, 0x11, 0xDB
	.byte 0xC7, 0x00, 0x28, 0x00, 0x05, 0x18, 0x18, 0x0E, 0x30, 0x06, 0x06, 0xEC, 0x10, 0x05, 0xBF, 0x10
	.byte 0x07, 0x19, 0x20, 0x07, 0x17, 0x54, 0x10, 0x07, 0x20, 0x1D, 0x02, 0x07, 0x20, 0x1D, 0x1D, 0x17
	.byte 0x15, 0x15, 0x20, 0x14, 0x00, 0x10, 0x30, 0x07, 0x17, 0x40, 0x07, 0x5F, 0x18, 0x50, 0x07, 0x17
	.byte 0x40, 0x07, 0x60, 0x01, 0x72, 0x0F, 0x35, 0x79, 0xF0, 0x07, 0xEF, 0x40, 0x07, 0x45, 0x98, 0x40
	.byte 0x07, 0x25, 0x50, 0x07, 0xF5, 0x84, 0xB5, 0x71, 0xF0, 0x07, 0xEF, 0x32, 0x32, 0x82, 0x3A, 0x10
	.byte 0x01, 0x97, 0x52, 0x0B, 0x40, 0x0E, 0x40, 0x07, 0x01, 0xFF, 0xFF, 0xF0, 0x07, 0x22, 0x2A, 0x40
	.byte 0x0E, 0xF0, 0x01, 0xF0, 0x01, 0xF0, 0x01, 0xC0, 0x01, 0x17, 0xC7, 0xFA, 0x80, 0x07, 0x27, 0xDF
	.byte 0x70, 0x07, 0x37, 0xFF, 0x40, 0x07, 0x06, 0x30, 0x07, 0x08, 0x44, 0x06, 0x40, 0x0E, 0x06, 0x09
	.byte 0x02, 0x04, 0xC6, 0x0D, 0x03, 0x70, 0x03, 0x00, 0x0A, 0x02, 0x12, 0x04, 0x74, 0x06, 0x04, 0x08
	.byte 0x01, 0xF7, 0x00, 0x13, 0x08, 0xA9, 0x04, 0xCB, 0x00, 0x07, 0x04, 0x24, 0xD3, 0x10, 0x07, 0x44
	.byte 0xC7, 0xF9, 0x20, 0x07, 0x00, 0x06, 0x30, 0x07, 0x05, 0x99, 0x04, 0xAD, 0x02, 0x19, 0x14, 0x9C
	.byte 0x08, 0x01, 0x16, 0x16, 0x19, 0x00, 0x0B, 0x01, 0x18, 0x04, 0x4A, 0x16, 0x05, 0xBF, 0x03, 0x03
	.byte 0x00, 0x07, 0x16, 0x14, 0xC0, 0x18, 0xF7, 0x00, 0x08, 0x20, 0x3C, 0x00, 0x07, 0x24, 0xC8, 0x18
	.byte 0x35, 0x78, 0x10, 0x18, 0x29, 0x5D, 0xFF, 0x32, 0x0F, 0x60, 0x07, 0x10, 0x08, 0x50, 0x07, 0x50
	.byte 0x08, 0x29, 0xB0, 0x10, 0x07, 0x40, 0x29, 0xFF, 0x00, 0x6A, 0x50, 0x21, 0xF0, 0x01, 0xF0, 0x01
	.byte 0xF0, 0x01, 0x52, 0x3F, 0xC2, 0x0F, 0x50, 0x07, 0xDF, 0x67, 0xCF, 0x2E, 0xBD, 0x25, 0xF0, 0x07
	.byte 0x40, 0x07, 0xD2, 0x0F, 0xF0, 0x07, 0x77, 0xB7, 0xFF, 0xF0, 0x07, 0x64, 0x41, 0x62, 0x0F, 0xF0
	.byte 0x07, 0x34, 0x59, 0x52, 0x2E, 0xD0, 0x07, 0x51, 0xC7, 0xBF, 0x41, 0xD6, 0x04, 0x20, 0x07, 0x01
	.byte 0xBC, 0x40, 0x16, 0xF0, 0x07, 0x30, 0x26, 0x29, 0xFB, 0xFF, 0x11, 0xE3, 0x51, 0xCE, 0xC1, 0xD6
	.byte 0xD0, 0x16, 0xE0, 0x07, 0x76, 0xD4, 0xA1, 0xD0, 0x71, 0xD8, 0xFF, 0xF0, 0x18, 0xF0, 0x07, 0x00
	.byte 0x01, 0x51, 0xC7, 0x02, 0x32, 0x40, 0x07, 0x3B, 0x9A, 0x40, 0x07, 0x7F, 0x19, 0xD0, 0x07, 0xD0
	.byte 0x28, 0xF1, 0x97, 0xF0, 0x07, 0xF0, 0x07, 0xC1, 0xBF, 0xF1, 0x97, 0xC7, 0x53, 0xEF, 0xB0, 0x01
	.byte 0x85, 0x85, 0x85, 0xD0, 0x07, 0xF1, 0x97, 0x30, 0x07, 0xD0, 0x4D, 0xC3, 0x5D, 0xCB, 0x26, 0x00
	.byte 0x2A, 0x85, 0x88, 0x88, 0x88, 0x7F, 0x88, 0xD0, 0x07, 0xF3, 0xCD, 0x30, 0x01, 0x10, 0x33, 0x90
	.byte 0x01, 0x10, 0x2B, 0xF0, 0x01, 0x32, 0x88, 0x88, 0x51, 0xC7, 0xD0, 0x07, 0x01, 0x01, 0x03, 0xCE
	.byte 0x02, 0xFF, 0x09, 0x3D, 0x40, 0x07, 0x11, 0x2B, 0x09, 0x61, 0x21, 0x3B, 0x90, 0x07, 0x51, 0xC6
	.byte 0xD0, 0x07, 0xFF, 0x03, 0xC7, 0xA0, 0x01, 0xF0, 0x27, 0x68, 0xD3, 0xE0, 0x13, 0x39, 0x3C, 0xB0
	.byte 0x01, 0xF0, 0x27, 0xFD, 0x52, 0x08, 0xB1, 0xF0, 0x61, 0xD7, 0x00, 0x81, 0x20, 0xBC, 0x40, 0x07
	.byte 0x08, 0x09, 0x1D, 0xF9, 0x22, 0xBB, 0xC0, 0x07, 0xF3, 0xD1, 0x30, 0x01, 0xD1, 0x3F, 0x58, 0x58
	.byte 0xF0, 0x01, 0xFF, 0x10, 0x01, 0xF2, 0x17, 0xC0, 0x07, 0x44, 0x07, 0xF4, 0x27, 0x5B, 0xD1, 0xF2
	.byte 0x17, 0xE0, 0x07, 0xFB, 0x00, 0x08, 0xF0, 0x07, 0x40, 0x20, 0xF2, 0x17, 0x60, 0x07, 0x87, 0x40
	.byte 0x07, 0x10, 0x10, 0xFE, 0xF0, 0x07, 0x40, 0x28, 0xF0, 0x01, 0xF0, 0x01, 0xF0, 0x01, 0x60, 0x01
	.byte 0x92, 0x0F, 0x18, 0xFF, 0x40, 0x07, 0x10, 0x10, 0xD0, 0x07, 0x50, 0x28, 0x20, 0x07, 0x00, 0x28
	.byte 0x20, 0x07, 0x00, 0x10, 0xFF, 0x54, 0x07, 0x52, 0x48, 0xF0, 0x07, 0x40, 0x07, 0xF0, 0x18, 0x94
	.byte 0x40, 0x54, 0x52, 0x1B, 0x06, 0xFF, 0xF0, 0x07, 0x20, 0x07, 0x3B, 0x5F, 0xD0, 0x16, 0x82, 0x0F
	.byte 0x22, 0xFB, 0x40, 0x0E, 0xF0, 0x07, 0xAF, 0x30, 0x07, 0x58, 0x40, 0x26, 0x58, 0x40, 0x16, 0xF2
	.byte 0x10, 0xF0, 0x01, 0xF0, 0x01, 0xFF, 0x80, 0x01, 0xF2, 0x17, 0x48, 0x67, 0xF8, 0x87, 0xC0, 0x07
	.byte 0x30, 0x08, 0xF2, 0x17, 0x30, 0x08, 0xFF, 0xF0, 0x07, 0xA0, 0x07, 0x68, 0xB7, 0xA2, 0x0F, 0x02
	.byte 0x30, 0x52, 0x51, 0xF0, 0x07, 0x30, 0x20, 0xAD, 0x30, 0x07, 0x85, 0x50, 0x07, 0x87, 0x51, 0xC7
	.byte 0x32, 0x09, 0x18, 0x40, 0x07, 0x57, 0x19, 0x50, 0x07, 0x18, 0x42, 0x22, 0x19, 0x80, 0x07, 0x20
	.byte 0x08, 0x50, 0x07, 0xDF, 0xD1, 0xD8, 0x44, 0x52, 0x03, 0x00, 0x07, 0x10, 0x08, 0x0D, 0xD6, 0x10
	.byte 0x10, 0x0D, 0xCD, 0xEF, 0x00, 0x07, 0x18, 0x57, 0x00, 0x6A, 0x02, 0x18, 0x67, 0x18, 0x28, 0x18
	.byte 0x77, 0xD1, 0xD6, 0x9F, 0x3D, 0x46, 0x04, 0x06, 0x3D, 0x00, 0x00, 0x07, 0x18, 0x93, 0x01, 0xBC
	.byte 0x18, 0x57, 0xFE, 0x11, 0xE3, 0x28, 0x67, 0x01, 0xBC, 0x48, 0x77, 0x18, 0xC1, 0x31, 0xCF, 0x31
	.byte 0xD6, 0x58, 0xFF, 0x51, 0xD6, 0x20, 0x0E, 0x00, 0x07, 0x51, 0xE5, 0x90, 0x07, 0x11, 0xB7, 0x50
	.byte 0x07, 0xDC, 0x4F, 0xFF, 0x8C, 0x67, 0xFC, 0x87, 0x40, 0x07, 0x9C, 0xAF, 0xDC, 0x4F, 0xFC, 0x77
	.byte 0x30, 0x07, 0xDC, 0x9F, 0xDF, 0x5C, 0xB7, 0x41, 0x87, 0x85, 0x50, 0x08, 0x60, 0x07, 0x40, 0x08
	.byte 0xF0, 0x07, 0x30, 0x08, 0xFF, 0x81, 0xFA, 0xA0, 0x01, 0x14, 0x33, 0x24, 0x3F, 0x50, 0x07, 0x40
	.byte 0x10, 0x50, 0x29, 0x34, 0x55, 0x78, 0x88, 0x16, 0x8F, 0x00, 0x05, 0x46, 0x57, 0x41, 0xCF, 0x88
	.byte 0x19, 0x01, 0x70, 0x01, 0x20, 0x07, 0x0C, 0x67, 0x10, 0x05, 0x26, 0x26, 0x7D, 0x0E, 0x9F, 0x30
	.byte 0x06, 0x7D, 0x0E, 0x20, 0x05, 0x00, 0x01, 0x40, 0x06, 0x60, 0x01, 0x5C, 0x47, 0xFB, 0x5C, 0x57
	.byte 0x5C, 0x67, 0x8C, 0x77, 0x5C, 0x87, 0x20, 0x08, 0x7D, 0x40, 0x08, 0x30, 0x07, 0x3F, 0x0E, 0x0B
	.byte 0x7C, 0x47, 0x3C, 0x57, 0x6C, 0x67, 0x4C, 0x77, 0x5C, 0x87, 0x5C, 0x97, 0xA9, 0x40, 0x06, 0x5D
	.byte 0x4C, 0xB7, 0x5D, 0x53, 0xC3, 0x01, 0x01, 0x50, 0x07, 0x92, 0x35, 0xEA, 0x0E, 0x5D, 0x35, 0xF4
	.byte 0x0E, 0x5D, 0x30, 0x08, 0x5D, 0x7C, 0x5D, 0x00, 0x01, 0x00, 0x09, 0x20, 0x07, 0x00, 0x08, 0x30
	.byte 0x07, 0x5D, 0x5D, 0xD6, 0xF3, 0xD1, 0x20, 0x01, 0x57, 0x40, 0x07, 0x55, 0x40, 0x0E, 0x40, 0x07
	.byte 0x55, 0x58, 0x55, 0x20, 0x5D, 0x57, 0x00, 0x07, 0x10, 0x54, 0x55, 0x55, 0x55, 0xFF, 0x22, 0x07
	.byte 0x02, 0x08, 0xF0, 0x07, 0x30, 0x08, 0xC0, 0x07, 0xE0, 0x01, 0x56, 0x44, 0x24, 0x34, 0xFF, 0x20
	.byte 0x07, 0x30, 0x10, 0x80, 0x07, 0x20, 0x08, 0x44, 0x56, 0xD6, 0x8F, 0x62, 0x43, 0x90, 0x07, 0xDD
	.byte 0x76, 0x7F, 0xE8, 0xC1, 0x7A, 0xC0, 0x07, 0x10, 0x2A, 0x17, 0x1E, 0x7D, 0x10, 0x31, 0xE3, 0x11
	.byte 0xDA, 0x20, 0x1C, 0x20, 0x07, 0x7A, 0x7A, 0x7A, 0x00, 0x08, 0x10, 0x05, 0x17, 0x7A, 0x7A, 0x7C
	.byte 0x40, 0x07, 0x7A, 0x50, 0x07, 0x60, 0x01, 0xB2, 0x0D, 0xEF, 0xF0, 0x01, 0xF0, 0x01, 0x30, 0x01
	.byte 0x0C, 0x60, 0x09, 0x31, 0xC8, 0x50, 0x08, 0x50, 0x11, 0xFD, 0x50, 0x1A, 0x50, 0x23, 0x50, 0x2C
	.byte 0xD0, 0x47, 0x12, 0x5B, 0x0E, 0x71, 0x03, 0x22, 0x64, 0xFD, 0x22, 0x7F, 0x30, 0x08, 0x4E, 0xCB
	.byte 0x62, 0x77, 0x5E, 0xE6, 0x40, 0x6E, 0x01, 0x30, 0x65, 0x3E, 0x01, 0x01, 0x14, 0x9B, 0x36, 0x7C
	.byte 0x14, 0x69, 0x1F, 0x20, 0x28, 0xEA, 0x03, 0xC7, 0x09, 0x39, 0x20, 0x07, 0x02, 0x02, 0x08, 0x3D
	.byte 0x00, 0x08, 0xC1, 0x00, 0x09, 0x5F, 0x08, 0x0D, 0x18, 0x06, 0x1B, 0x06, 0x1B, 0x45, 0x20, 0x09
	.byte 0xC0, 0x01, 0x59, 0x14, 0xFF, 0x20, 0x3C, 0x00, 0x0C, 0x30, 0x07, 0x70, 0x01, 0x3B, 0x5F, 0x3B
	.byte 0x69, 0x10, 0x59, 0x29, 0x6A, 0xFF, 0x30, 0x32, 0xF0, 0x07, 0x30, 0x47, 0x39, 0x7C, 0xF0, 0x07
	.byte 0x20, 0x07, 0xF0, 0x81, 0x50, 0x86, 0xFF, 0xD0, 0x79, 0x80, 0x01, 0x09, 0x1F, 0x10, 0x03, 0x2B
	.byte 0xA5, 0x00, 0x28, 0x30, 0xF9, 0x70, 0x58, 0xFF, 0x05, 0x62, 0x05, 0x99, 0x00, 0x01, 0x09, 0x7D
	.byte 0x30, 0x2D, 0x05, 0xBF, 0x20, 0x2D, 0x00, 0x07, 0xBE, 0x00, 0x30, 0x16, 0x05, 0xC3, 0x20, 0x05
	.byte 0x08, 0x2D, 0x03, 0xBF, 0x13, 0xAA, 0x0B, 0xFF, 0x00, 0x05, 0x23, 0xAA, 0x40, 0x06, 0x23, 0xB7
	.byte 0x34, 0x0C, 0x43, 0xB7, 0x24, 0x09, 0x01, 0x71, 0xA7, 0x43, 0xB7, 0x01, 0x20, 0x08, 0x5D, 0x5D
	.byte 0x40, 0x0E, 0x30, 0x07, 0x03, 0x8F, 0xF7, 0x40, 0x06, 0x10, 0x07, 0x23, 0x9F, 0x40, 0x06, 0x5D
	.byte 0x40, 0x06, 0xF0, 0x01, 0xF0, 0x01, 0xEB, 0xF0, 0x01, 0xF0, 0x01, 0x50, 0x01, 0x0C, 0x14, 0x13
	.byte 0x26, 0x03, 0xC7, 0x14, 0x14, 0x2C, 0x25, 0x25, 0x20, 0x07, 0x5A, 0x13, 0x03, 0x00, 0x06, 0x5A
	.byte 0x5A, 0x93, 0x00, 0x09, 0x5D, 0x5C, 0x10, 0x07, 0x5A, 0x5A, 0x20, 0x0E, 0xF0, 0x01, 0x7F, 0x5A
	.byte 0x36, 0x2D, 0x57, 0xD7, 0x16, 0x3F, 0x50, 0x07, 0xF6, 0x47, 0xE6, 0x3F, 0x00, 0x08, 0xFF, 0xD7
	.byte 0xCF, 0xF6, 0x3F, 0xB6, 0x2F, 0x74, 0x2F, 0x40, 0x08, 0x43, 0x87, 0x60, 0x07, 0x40, 0x08, 0xFB
	.byte 0x50, 0x19, 0x50, 0x22, 0x33, 0xF5, 0xC0, 0x07, 0x10, 0x08, 0x7C, 0x33, 0x47, 0x53, 0xC9, 0xFB
	.byte 0x53, 0xD2, 0x53, 0xDB, 0x53, 0xE4, 0x53, 0xED, 0x40, 0x66, 0x7C, 0x93, 0xFF, 0x13, 0x47, 0x98
	.byte 0x36, 0x1C, 0x01, 0x09, 0x46, 0x24, 0x20, 0x07, 0x26, 0x26, 0x78, 0x7F, 0x78, 0x80, 0x07, 0x10
	.byte 0x06, 0x00, 0x07, 0x20, 0x06, 0x60, 0x07, 0x3E, 0x8F, 0x47, 0xC5, 0xCF, 0x00, 0x09, 0x30, 0x07
	.byte 0x09, 0x09, 0x20, 0x18, 0x10, 0x07, 0x30, 0x22, 0x10, 0x07, 0xF7, 0x20, 0x0A, 0x30, 0x07, 0x70
	.byte 0x01, 0x33, 0x82, 0x08, 0x10, 0x42, 0x23, 0x8F, 0x20, 0x4C, 0xF9, 0xF0, 0x4F, 0x60, 0x01, 0x80
	.byte 0x57, 0x20, 0x4F, 0x03, 0x83, 0x01, 0x01, 0x53, 0x09, 0xD6, 0x00, 0x01, 0x00, 0x3A, 0x02, 0x08
	.byte 0xB4, 0x16, 0x50, 0x07, 0x00, 0x2A, 0x01, 0xF6, 0x1D, 0x3C, 0xF0, 0x07, 0x30, 0x07, 0x40, 0x39
	.byte 0x16, 0x23, 0x0F, 0x60, 0x01, 0x18, 0x75, 0x19, 0x3E, 0xA5, 0xF0, 0x01, 0x40, 0x01, 0x68, 0x00
	.byte 0x02, 0x68, 0x10, 0x01, 0xFB, 0x33, 0x45, 0x09, 0x70, 0xF0, 0x2F, 0x40, 0x27, 0x10, 0x05, 0x68
	.byte 0x60, 0x2F, 0xD0, 0x01, 0xCA, 0x13, 0x47, 0x12, 0xC8, 0x19, 0x01, 0x36, 0xD2, 0x19, 0x46, 0xDA
	.byte 0x68, 0x7F, 0x68, 0x30, 0x08, 0x70, 0x07, 0x30, 0x08, 0x10, 0x33, 0x10, 0x08, 0x50, 0x07, 0x30
	.byte 0x01, 0x3F, 0x5C, 0x5A, 0x30, 0x07, 0x02, 0xE7, 0x30, 0x06, 0x20, 0x07, 0x22, 0xF7, 0x30, 0x06
	.byte 0xF5, 0x00, 0x07, 0x32, 0xEF, 0x43, 0x0E, 0xD0, 0x01, 0x25, 0xB0, 0x07, 0x25, 0x30, 0x07, 0xFF
	.byte 0x02, 0x61, 0x40, 0x06, 0x10, 0x07, 0x22, 0x71, 0x70, 0x07, 0x32, 0x81, 0xF7, 0x2F, 0xF0, 0x01
	.byte 0xFC, 0xF0, 0x01, 0x97, 0x3F, 0x33, 0x19, 0x33, 0x85, 0x27, 0x1F, 0x1D, 0xB8, 0x26, 0x51, 0xEF
	.byte 0x1D, 0xC0, 0x00, 0x08, 0x30, 0x07, 0x29, 0x13, 0x97, 0x20, 0x08, 0x10, 0x63, 0x40, 0x07, 0xFF
	.byte 0x20, 0x08, 0xD7, 0x0F, 0xF3, 0x8F, 0xB3, 0x87, 0x10, 0x5B, 0x20, 0x07, 0x40, 0x08, 0xD7, 0x0F
	.byte 0xFE, 0x73, 0x87, 0xF3, 0x7F, 0x93, 0x77, 0x67, 0x90, 0xF3, 0x77, 0x23, 0x92, 0x43, 0x5D, 0x26
	.byte 0xF5, 0x40, 0x4E, 0x40, 0x07, 0x70, 0x54, 0x40, 0x07, 0x75, 0x43, 0x46, 0x78, 0x50, 0x07, 0xB2
	.byte 0x40, 0x06, 0x78, 0x40, 0x06, 0x60, 0x07, 0x75, 0x77, 0x40, 0x07, 0x75, 0xFE, 0x30, 0x09, 0x00
	.byte 0x07, 0x40, 0x09, 0xF0, 0x01, 0xF0, 0x01, 0xF0, 0x01, 0x80, 0x01, 0x26, 0x7F, 0x26, 0x02, 0x4B
	.byte 0xF0, 0x07, 0xF0, 0x07, 0xF0, 0x07, 0xF2, 0xCF, 0xF0, 0x01, 0xF0, 0x01, 0xFC, 0xE0, 0x01, 0x02
	.byte 0xC8, 0xA0, 0x07, 0x00, 0x08, 0x50, 0x19, 0xB0, 0x07, 0x67, 0x65, 0xB3, 0x30, 0x05, 0x65, 0x00
	.byte 0x07, 0x10, 0x05, 0x65, 0x65, 0xF2, 0xF7, 0x35, 0xF1, 0x5D, 0x26, 0x42, 0xEF, 0x26, 0x52, 0xD8
	.byte 0x62, 0xD9, 0x30, 0x08, 0x65, 0x50, 0x10, 0xFF, 0xF0, 0x01, 0x73, 0x07, 0xF2, 0xFF, 0x62, 0xF7
	.byte 0x50, 0x01, 0xC0, 0x0E, 0xF2, 0x86, 0x92, 0x85, 0xFF, 0x42, 0x7B, 0x00, 0x06, 0x12, 0xB7, 0x10
	.byte 0x06, 0x22, 0xC7, 0x12, 0xC8, 0x43, 0x3E, 0x40, 0x07, 0xFD, 0xF3, 0x47, 0xF0, 0x01, 0x30, 0x01
	.byte 0x23, 0x24, 0x00, 0x55, 0x33, 0x2D, 0x26, 0x20, 0x07, 0xFD, 0x10, 0x08, 0x43, 0x36, 0x43, 0x3F
	.byte 0x26, 0xD7, 0x00, 0x06, 0x26, 0xB7, 0x01, 0x96, 0xC7, 0xFD, 0xF0, 0xB2, 0xD3, 0x3F, 0xF6, 0xBF
	.byte 0x43, 0xAF, 0x30, 0x08, 0x32, 0xCE, 0x75, 0x30, 0x2D, 0x7F, 0x75, 0x30, 0x07, 0x02, 0x9A, 0xA0
	.byte 0x0F, 0xF0, 0x01, 0x60, 0x01, 0x22, 0xC7, 0x02, 0xC9, 0xF9, 0x40, 0x07, 0xF0, 0x01, 0x40, 0x01
	.byte 0x50, 0x29, 0xB0, 0x5F, 0x25, 0x75, 0x52, 0xC4, 0xFF, 0x53, 0x0C, 0x40, 0x4E, 0x40, 0x07, 0xF0
	.byte 0x01, 0xD0, 0x01, 0xF3, 0x0E, 0xF3, 0x67, 0xF0, 0x01, 0xFF, 0xA0, 0x3F, 0xF3, 0x17, 0x80, 0x07
	.byte 0x20, 0xAA, 0x02, 0xA7, 0xF0, 0x07, 0x30, 0x07, 0xF3, 0x0C, 0xFF, 0x70, 0x01, 0x32, 0xE1, 0xF0
	.byte 0x01, 0x90, 0x01, 0xD0, 0x30, 0xF0, 0x34, 0xF0, 0x01, 0x90, 0x01, 0xFF, 0xF0, 0x2E, 0xF0, 0x01
	.byte 0x70, 0x01, 0x20, 0xB2, 0x21, 0x78, 0x30, 0x05, 0x30, 0x07, 0x13, 0x1B, 0xFF, 0x40, 0x16, 0x70
	.byte 0x1F, 0x50, 0x20, 0xF0, 0x01, 0xF0, 0x01, 0xF0, 0x01, 0xB2, 0x86, 0x73, 0x37, 0xFF, 0x02, 0xAF
	.byte 0x12, 0x76, 0x02, 0xB7, 0x30, 0x06, 0x30, 0x0F, 0x16, 0x07, 0x30, 0x06, 0x12, 0xFA, 0xCF, 0x42
	.byte 0xF9, 0x20, 0x06, 0x01, 0x26, 0x06, 0x4E, 0x00, 0x06, 0x16, 0x67, 0x10, 0x06, 0xBF, 0x10, 0x07
	.byte 0x01, 0x13, 0x5C, 0x00, 0x06, 0x83, 0x45, 0x20, 0x12, 0xF3, 0x77, 0xF0, 0x01, 0xFF, 0xF6, 0xBF
	.byte 0x46, 0xB8, 0x2A, 0x2C, 0x1A, 0x37, 0x23, 0x5D, 0x13, 0x5F, 0x30, 0x08, 0x30, 0x5D, 0xFB, 0x53
	.byte 0x6F, 0xF7, 0x27, 0xD3, 0x67, 0x33, 0x54, 0x53, 0x67, 0x26, 0x57, 0x17, 0x10, 0xEA, 0xDF, 0x20
	.byte 0x09, 0x40, 0x67, 0x27, 0x50, 0x67, 0xF1, 0x32, 0xF1, 0x40, 0xD0, 0x5F, 0x83, 0xBF, 0xFF, 0x00
	.byte 0x09, 0x83, 0x57, 0xF3, 0xAF, 0xF0, 0x01, 0xC0, 0x57, 0xF3, 0xA7, 0x30, 0x13, 0xF0, 0x31, 0xFF
	.byte 0xF0, 0x01, 0x63, 0xCA, 0xF3, 0x17, 0xF2, 0x3D, 0xF0, 0x01, 0x52, 0x6F, 0xF2, 0xA5, 0xF0, 0x26
	.byte 0xFF, 0xF0, 0x01, 0xA0, 0x3F, 0xF2, 0xAF, 0xF0, 0x01, 0xF0, 0x01, 0x81, 0x06, 0xF0, 0x01, 0xF0
	.byte 0x27, 0xFB, 0x41, 0x84, 0x31, 0x81, 0x20, 0x01, 0x71, 0xBF, 0xD2, 0xE7, 0x26, 0x30, 0x26, 0x71
	.byte 0xFB, 0xFF, 0x52, 0x01, 0x40, 0x01, 0x31, 0xFC, 0x02, 0xB6, 0x52, 0x1A, 0x40, 0x1E, 0x60, 0x17
	.byte 0x40, 0x06, 0xFF, 0x12, 0xE7, 0x22, 0x6B, 0x40, 0x06, 0xE2, 0xE0, 0x52, 0xF9, 0xF2, 0xF8, 0xF0
	.byte 0x01, 0xF0, 0x01, 0xFF, 0x52, 0xD5, 0x62, 0xDF, 0xF0, 0x46, 0xF0, 0x01, 0xF3, 0x3F, 0x80, 0xDD
	.byte 0x42, 0xD6, 0x23, 0x3F, 0xFF, 0xF0, 0x57, 0xF0, 0x01, 0x62, 0xCF, 0x71, 0x52, 0x21, 0x34, 0xB1
	.byte 0x28, 0x23, 0x2F, 0xF0, 0x4F, 0xFF, 0x00, 0x01, 0x61, 0xA0, 0x81, 0x7B, 0x71, 0x73, 0x30, 0x07
	.byte 0x27, 0x41, 0x40, 0x07, 0x10, 0x45, 0xFF, 0x5A, 0x87, 0x10, 0x52, 0xE1, 0xE8, 0x81, 0xDE, 0x10
	.byte 0x01, 0x24, 0x85, 0xF0, 0x01, 0x10, 0x47, 0xFF, 0xE0, 0x3F, 0xD0, 0x3B, 0xD0, 0x7B, 0x60, 0x07
	.byte 0x50, 0x3C, 0x20, 0xBF, 0xB0, 0x32, 0x80, 0xFA, 0xFF, 0xD2, 0x2F, 0x20, 0x31, 0xD1, 0x4A, 0xF0
	.byte 0x2E, 0x61, 0x85, 0x20, 0x2A, 0xF1, 0x7A, 0xE1, 0xBF, 0xFF, 0x20, 0x21, 0xF0, 0x27, 0xF0, 0x01
	.byte 0xF0, 0x01, 0xF0, 0x01, 0xF0, 0x01, 0xB2, 0x9F, 0x15, 0xC3, 0xFF, 0x38, 0xF7, 0x30, 0x08, 0x25
	.byte 0xDC, 0x30, 0x07, 0x20, 0x08, 0x31, 0x5C, 0x00, 0xD7, 0x40, 0x08, 0xEF, 0x31, 0x81, 0x23, 0x27
	.byte 0x11, 0x40, 0x01, 0x26, 0x44, 0x56, 0x37, 0x52, 0x0F, 0xF0, 0x01, 0xFF, 0xF0, 0x01, 0xC0, 0x87
	.byte 0x56, 0x3E, 0x21, 0xB6, 0x43, 0xC7, 0x26, 0x97, 0x66, 0xA7, 0x85, 0x74, 0xFF, 0x8C, 0x85, 0xD4
	.byte 0x37, 0x50, 0x47, 0x56, 0x8F, 0x11, 0x4F, 0xC0, 0x07, 0x20, 0x08, 0x20, 0xB4, 0xF6, 0x10, 0xD7
	.byte 0x50, 0x07, 0x40, 0x08, 0x50, 0x47, 0x0A, 0xC0, 0x07, 0x70, 0x01, 0x15, 0xBF, 0x30, 0x05, 0x15
	.byte 0x60, 0x07, 0x20, 0x08, 0x50, 0x07, 0x31, 0x05, 0x00, 0x47, 0x40, 0x50, 0xFF, 0x50, 0x10, 0x40
	.byte 0xD6, 0x10, 0xC7, 0x50, 0xDF, 0x70, 0x07, 0x60, 0xE7, 0xF1, 0x3F, 0xD1, 0x27, 0xFF, 0xD1, 0x2F
	.byte 0xD0, 0x07, 0x10, 0x87, 0x10, 0x88, 0xA0, 0x07, 0x00, 0x08, 0xF0, 0x07, 0x30, 0x08, 0xFF, 0xC0
	.byte 0x07, 0x60, 0xC3, 0x41, 0x5E, 0xB0, 0x07, 0xE1, 0x77, 0xE1, 0x7F, 0x00, 0xC1, 0x51, 0x77, 0xF5
	.byte 0xF1, 0x7F, 0xF1, 0x87, 0x31, 0x7F, 0x90, 0x07, 0x17, 0x40, 0x87, 0x18, 0x50, 0x07, 0xBB, 0x40
	.byte 0x10, 0x18, 0x40, 0x10, 0xF0, 0x07, 0x30, 0x20, 0x18, 0x40, 0x10, 0xD2, 0x0F, 0xFF, 0x50, 0x10
	.byte 0xF0, 0x07, 0x40, 0x07, 0x40, 0x08, 0x50, 0x07, 0x60, 0x8F, 0x40, 0x08, 0xF0, 0x07, 0xFF, 0x50
	.byte 0x07, 0x91, 0xE7, 0x70, 0x07, 0x50, 0x87, 0xF0, 0x07, 0x60, 0x07, 0x20, 0xB0, 0x00, 0x07, 0xFF
	.byte 0x20, 0x10, 0xD0, 0x07, 0xD0, 0x8F, 0xF0, 0x07, 0xE2, 0x7F, 0xA0, 0x07, 0xD0, 0x8F, 0xB0, 0x07
	.byte 0xFF, 0x32, 0x87, 0x13, 0xC0, 0xF0, 0x07, 0x30, 0x07, 0xF0, 0x97, 0x30, 0x07, 0x95, 0xCF, 0x10
	.byte 0x07, 0x00, 0x58, 0x58, 0x58, 0x58, 0x55, 0x55, 0x55, 0x55, 0xFF, 0xD0, 0x07, 0xF0, 0x97, 0x51
	.byte 0x69, 0xB0, 0x01, 0x00, 0x2A, 0xF0, 0x07, 0x40, 0xC0, 0xF0, 0x97, 0xFB, 0xF0, 0x07, 0xF0, 0x07
	.byte 0x30, 0x07, 0xF0, 0x97, 0x60, 0x07, 0x57, 0x40, 0x07, 0x10, 0x06, 0xFF, 0xF0, 0x07, 0x40, 0x07
	.byte 0xF0, 0x97, 0xD0, 0x07, 0x50, 0xBF, 0xF0, 0x07, 0xF0, 0xBF, 0xF0, 0x07, 0xFF, 0x84, 0x17, 0xF1
	.byte 0x9F, 0x00, 0x07, 0x70, 0x8F, 0x20, 0xAE, 0x00, 0x07, 0x30, 0x94, 0xE0, 0x07, 0xBF, 0x30, 0x1E
	.byte 0x55, 0x50, 0xB5, 0x40, 0x0E, 0x61, 0x46, 0x60, 0x07, 0x51, 0x6F, 0xF0, 0x07, 0xFF, 0xF0, 0x01
	.byte 0x13, 0x37, 0xC0, 0x8F, 0x52, 0xE7, 0xF2, 0xFF, 0xC0, 0x07, 0x43, 0x37, 0x60, 0x86, 0xFF, 0x40
	.byte 0x8C, 0xB0, 0x07, 0x21, 0x47, 0xF0, 0x07, 0x31, 0x5F, 0x71, 0x42, 0x84, 0x4F, 0xF4, 0x6F, 0xFF
	.byte 0xAF, 0xFF, 0xA4, 0x9F, 0x27, 0xAF, 0xC4, 0x4F, 0x54, 0x67, 0xF4, 0x7F, 0x50, 0x07, 0xB4, 0xAF
	.byte 0xFF, 0x50, 0x86, 0x80, 0x07, 0xF1, 0x31, 0x1D, 0xA3, 0xC0, 0x07, 0xB8, 0x77, 0xA5, 0xD7, 0xC5
	.byte 0xEF, 0xFF, 0x46, 0x07, 0x56, 0x17, 0x42, 0x0F, 0x51, 0x67, 0xF5, 0xD7, 0xF5, 0xFF, 0xF0, 0x01
	.byte 0x70, 0x01, 0xFF, 0xFB, 0x27, 0xF1, 0x37, 0xBD, 0xFF, 0x80, 0xAF, 0x6A, 0x39, 0x01, 0xEF, 0xC7
	.byte 0x1F, 0xF1, 0x47, 0xFF, 0xC1, 0x3F, 0x67, 0xBF, 0x4B, 0x87, 0x79, 0xF3, 0x28, 0x27, 0x68, 0x37
	.byte 0x48, 0x47, 0x58, 0x57, 0xFF, 0x88, 0x67, 0x4B, 0x57, 0xF0, 0xE7, 0xF0, 0x01, 0xF0, 0x01, 0x50
	.byte 0x01, 0x68, 0xC7, 0xF0, 0x47, 0xFF, 0xF0, 0x01, 0xF0, 0x01, 0xF0, 0x01, 0xF0, 0x01, 0xF0, 0x01
	.byte 0xF0, 0x01, 0xF0, 0x01, 0xF0, 0x01, 0xCF, 0xF0, 0x01, 0x00, 0x01, 0x00, 0x00, 0xF0, 0x01, 0xF0
	.byte 0x01, 0xF0, 0x01, 0x50, 0x01
	@ inter-resource bytes 0x08DBDD61-0x08DBDD63
	.byte 0x00, 0x00, 0x00
CompressedResource_JP_08DBDD64: @ 0x08DBDD64 (LZ77 -> 0x800 bytes)
	.byte 0x10, 0x00, 0x08, 0x00, 0x20, 0x00, 0x00, 0xD0, 0x01, 0xBB, 0xD4, 0x00, 0x00, 0x4B, 0x00, 0xDD
	.byte 0x00, 0x00, 0xD4, 0x3D, 0x00, 0x00, 0xDD, 0x40, 0x33, 0xD0, 0x1D, 0x3D, 0x33, 0x33, 0x23, 0x33
	.byte 0x33, 0x04, 0x33, 0x44, 0x33, 0x33, 0x43, 0x00, 0x03, 0x44, 0x44, 0x82, 0xD0, 0x1F, 0x42, 0x44
	.byte 0x44, 0x44, 0x22, 0x40, 0x03, 0x24, 0xF9, 0x00, 0x0C, 0xD0, 0x1F, 0x10, 0x16, 0x90, 0x03, 0xF0
	.byte 0x3F, 0x44, 0x44, 0x90, 0x03, 0xE4, 0xF0, 0x3F, 0x20, 0x37, 0x40, 0x62, 0x24, 0x42, 0xD0, 0x1F
	.byte 0x32, 0x33, 0x22, 0x33, 0xD3, 0x00, 0x98, 0x33, 0x44, 0x34, 0x10, 0x9D, 0x33, 0x90, 0xE0, 0xBF
	.byte 0x4D, 0xBB, 0x00, 0xD5, 0xB4, 0x00, 0x00, 0xD3, 0x0F, 0x4D, 0x00, 0x00, 0x33, 0x00, 0xE5, 0x10
	.byte 0xD1, 0x00, 0x09, 0x90, 0x03, 0x65, 0x43, 0x40, 0x03, 0x00, 0x7B, 0x42, 0x44, 0x00, 0xE6, 0x44
	.byte 0x00, 0x48, 0x6B, 0x44, 0x00, 0x06, 0xD0, 0x01, 0x14, 0x00, 0x03, 0x11, 0x10, 0xE3, 0x00, 0x89
	.byte 0x00, 0x24, 0x44, 0x22, 0x11, 0x11, 0x44, 0x14, 0x11, 0x09, 0x11, 0x24, 0x11, 0x21, 0x00, 0x09
	.byte 0x22, 0x22, 0x00, 0x06, 0x41, 0x22, 0x00, 0x02, 0x22, 0x44, 0x12, 0x11, 0x11, 0x20, 0x01, 0xC7
	.byte 0x10, 0x0C, 0x60, 0x01, 0x32, 0x33, 0x22, 0x00, 0xA3, 0x10, 0x01, 0x00, 0x18, 0x46, 0x44, 0x10
	.byte 0x1E, 0x22, 0x22, 0x12, 0x00, 0x03, 0x30, 0x01, 0x33, 0x5B, 0x23, 0x00, 0x03, 0x33, 0x30, 0x22
	.byte 0x10, 0xE3, 0x42, 0x00, 0x60, 0x00, 0x21, 0x96, 0x00, 0x03, 0x41, 0x44, 0x00, 0x26, 0x42, 0x00
	.byte 0x5D, 0x50, 0x2F, 0x12, 0x75, 0x44, 0x00, 0xE8, 0x00, 0x81, 0x10, 0x03, 0x34, 0x90, 0x9C, 0x41
	.byte 0x10, 0x9C, 0xAB, 0x10, 0x18, 0xD3, 0xB0, 0xDD, 0x34, 0x40, 0x03, 0x44, 0x10, 0x03, 0x21, 0x7D
	.byte 0x4F, 0x22, 0x01, 0x43, 0x24, 0x22, 0x30, 0x0D, 0x11, 0x6F, 0xB0, 0x03, 0x00, 0xE6, 0x97, 0x00
	.byte 0x46, 0x12, 0x21, 0x00, 0x7D, 0x21, 0x10, 0x72, 0x30, 0x0A, 0x00, 0xD7, 0xAE, 0x00, 0x03, 0x24
	.byte 0x30, 0xB1, 0x33, 0x20, 0xCF, 0x00, 0xAD, 0x00, 0x06, 0x23, 0x80, 0x40, 0x06, 0x99, 0x33, 0x33
	.byte 0x92, 0x99, 0x33, 0x23, 0x20, 0x92, 0x89, 0x30, 0xE5, 0x22, 0x22, 0x23, 0x22, 0x99, 0x67, 0x99
	.byte 0x00, 0x02, 0x00, 0x01, 0x88, 0x88, 0x00, 0x02, 0x60, 0x01, 0x30, 0x1D, 0x2B, 0x33, 0x33, 0x00
	.byte 0x1D, 0x32, 0x00, 0x1C, 0x22, 0x00, 0x1D, 0x10, 0x1E, 0xFA, 0x60, 0x22, 0x00, 0x1C, 0x41, 0x0F
	.byte 0x10, 0x65, 0x30, 0x08, 0x99, 0x10, 0x60, 0x29, 0x03, 0x33, 0x33, 0x98, 0x29, 0x32, 0x33, 0x01
	.byte 0x12, 0x00, 0x92, 0x9D, 0x00, 0x03, 0x11, 0x44, 0x31, 0x74, 0x30, 0x08, 0x50, 0x03, 0x42, 0x10
	.byte 0xD9, 0xBC, 0x10, 0xE1, 0x42, 0xE0, 0xD9, 0x30, 0x03, 0xF0, 0x11, 0x90, 0x03, 0x22, 0x22, 0x0D
	.byte 0x14, 0x21, 0x22, 0x32, 0x10, 0x03, 0x00, 0xF6, 0x33, 0x00, 0xEE, 0xFC, 0x40, 0x03, 0x00, 0x77
	.byte 0x40, 0x03, 0x00, 0x89, 0x00, 0xA3, 0x00, 0x03, 0x92, 0x89, 0xFE, 0x20, 0x03, 0x00, 0x0E, 0x70
	.byte 0x03, 0x00, 0xBB, 0x80, 0xEA, 0x10, 0x01, 0x00, 0x0F, 0x22, 0x0F, 0x33, 0x88, 0x28, 0x32, 0x00
	.byte 0x03, 0x30, 0xF7, 0xC0, 0x1C, 0x00, 0x4B, 0x9E, 0x00, 0x03, 0x23, 0x82, 0x01, 0x17, 0x10, 0x03
	.byte 0x00, 0x3F, 0x00, 0xEC, 0x88, 0x4F, 0x99, 0x00, 0x33, 0x98, 0x29, 0x30, 0x03, 0x00, 0x10, 0x50
	.byte 0x03, 0x12, 0x48, 0x08, 0x23, 0x22, 0x12, 0x41, 0x10, 0x03, 0x33, 0x22, 0x12, 0x57, 0x21, 0x00
	.byte 0x2E, 0x11, 0x20, 0x03, 0x23, 0x70, 0x03, 0xF0, 0xD5, 0x90, 0xDD, 0xFF, 0x21, 0xFF, 0x11, 0xFB
	.byte 0xF0, 0x1D, 0x40, 0x03, 0x90, 0xEB, 0x50, 0xFF, 0x11, 0x0B, 0x51, 0x17, 0x84, 0x10, 0xE3, 0x23
	.byte 0xAA, 0x44, 0x44, 0x50, 0x03, 0x33, 0xA2, 0x43, 0x4A, 0x30, 0x03, 0x22, 0xAA, 0x44, 0x33, 0x00
	.byte 0x10, 0x10, 0xE3, 0x2B, 0x44, 0x24, 0x10, 0x03, 0x32, 0x02, 0xA3, 0x22, 0x12, 0xA7, 0x13, 0xBB
	.byte 0xEF, 0x60, 0x01, 0x31, 0x05, 0x03, 0x67, 0x23, 0x00, 0x03, 0x00, 0x19, 0xA0, 0x1C, 0x10, 0x2C
	.byte 0x88, 0x00, 0xE3, 0x44, 0x44, 0xAA, 0x70, 0x03, 0xA4, 0x2A, 0x33, 0xAF, 0x20, 0x03, 0xAA, 0x00
	.byte 0x4B, 0xAA, 0x11, 0x7F, 0x80, 0xEF, 0x50, 0xFF, 0x01, 0x0B, 0xFF, 0x51, 0x17, 0xF0, 0xDD, 0xF1
	.byte 0xFF, 0xF0, 0x03, 0x13, 0x0B, 0x32, 0x39, 0x12, 0xE3, 0x52, 0xEF, 0xF4, 0x13, 0x02, 0x23, 0x76
	.byte 0x00, 0x08, 0x32, 0x75, 0x14, 0x00, 0x77, 0xA2, 0x4A, 0x17, 0x33, 0x33, 0xA2, 0x00, 0x89, 0x23
	.byte 0x00, 0x91, 0x82, 0xA4, 0x23, 0x13, 0xE4, 0x20, 0xEF, 0x20, 0x01, 0x01, 0x1A, 0x44, 0xAA, 0x00
	.byte 0x04, 0x22, 0xAA, 0x1F, 0xAA, 0xAA, 0x23, 0x00, 0x04, 0x30, 0xF7, 0x13, 0xDF, 0x60, 0x01, 0x00
	.byte 0x1D, 0x96, 0x00, 0x1C, 0xAA, 0xAA, 0x00, 0x1D, 0x22, 0x01, 0xDB, 0x33, 0x39, 0xA4, 0x01, 0x2A
	.byte 0x32, 0x33, 0xAA, 0x2A, 0x33, 0x33, 0x10, 0x60, 0xFF, 0x83, 0x62, 0x33, 0x13, 0x23, 0x7E, 0x24
	.byte 0x0F, 0x32, 0xEF, 0x12, 0xFB, 0x23, 0xA6, 0x00, 0x0A, 0xFF, 0x00, 0x9D, 0x13, 0x1B, 0xF0, 0xDD
	.byte 0x33, 0x0B, 0x53, 0xF5, 0x30, 0x0D, 0x14, 0xEB, 0x64, 0xF7, 0xBF, 0x84, 0x2D, 0x3D, 0x10, 0x9F
	.byte 0x14, 0x46, 0x14, 0xEB, 0x60, 0x01, 0x15, 0x0B, 0x24, 0x74, 0xFF, 0x00, 0x08, 0x14, 0xD6, 0x11
	.byte 0x16, 0x14, 0x91, 0x14, 0xFB, 0x15, 0x03, 0x25, 0x0B, 0x05, 0x13, 0xFF, 0x15, 0x1B, 0x23, 0xDF
	.byte 0x23, 0xE3, 0x21, 0x0F, 0x30, 0xB1, 0x20, 0x2F, 0x00, 0x23, 0x05, 0x1B, 0xFB, 0x45, 0x06, 0x20
	.byte 0xCF, 0x70, 0x01, 0x65, 0x34, 0x11, 0xFF, 0x12, 0x31, 0x74, 0x00, 0x61, 0x1F, 0x11, 0x11, 0x42
	.byte 0x15, 0x03, 0x15, 0x0B, 0x15, 0x13, 0x15, 0x1B, 0x10, 0x9C, 0xFF, 0x20, 0xE6, 0xB0, 0x01, 0x15
	.byte 0x0B, 0x00, 0xA2, 0x05, 0x1B, 0x14, 0xD5, 0x84, 0xF7, 0xA5, 0xE9, 0xFF, 0x05, 0x1B, 0x36, 0xE3
	.byte 0x16, 0xEB, 0x16, 0xF3, 0x16, 0xFB, 0xB0, 0x01, 0x36, 0x45, 0x16, 0xEB, 0x3F, 0x33, 0x44, 0x16
	.byte 0xFB, 0xD0, 0x1F, 0x10, 0xE3, 0x56, 0xEF, 0xF6, 0xAF, 0xF6, 0xEF, 0xFF, 0xF6, 0xEF, 0xF6, 0xEF
	.byte 0xB0, 0x3F, 0x46, 0x61, 0x47, 0x52, 0xF0, 0x1F, 0x46, 0xEB, 0x00, 0xA0, 0xFE, 0x16, 0xFB, 0xE0
	.byte 0xBF, 0x00, 0xD5, 0x16, 0xEB, 0x16, 0xF3, 0x16, 0xFB, 0xD0, 0x01
	@ inter-resource bytes 0x08DBE0DF-0x08DBE0DF
	.byte 0x00
CompressedResource_JP_08DBE0E0: @ 0x08DBE0E0 (LZ77 -> 0x1600 bytes)
	.byte 0x10, 0x00, 0x16, 0x00, 0x38, 0x00, 0x00, 0xF0, 0x01, 0xF0, 0x01, 0xF0, 0x01, 0x00, 0x00, 0x20
	.byte 0x0D, 0x11, 0x00, 0x00, 0x22, 0xF0, 0x16, 0x40, 0x01, 0x21, 0x10, 0x21, 0x7D, 0x02, 0xF0, 0x17
	.byte 0xF0, 0x01, 0xF0, 0x01, 0x10, 0x3A, 0x00, 0x03, 0x10, 0x30, 0x03, 0x64, 0x01, 0x00, 0x0D, 0x00
	.byte 0x03, 0x21, 0x10, 0x20, 0x10, 0x01, 0x10, 0x0F, 0x01, 0x00, 0x02, 0x01, 0x10, 0x09, 0x40, 0x01
	.byte 0x00, 0x1A, 0x10, 0x6C, 0x69, 0x10, 0x10, 0x23, 0x10, 0x21, 0x11, 0x00, 0x22, 0x00, 0x01, 0x10
	.byte 0x98, 0xFD, 0x40, 0x3F, 0xF0, 0x01, 0xC0, 0x01, 0x50, 0x27, 0x10, 0x73, 0xE0, 0x17, 0x20, 0x00
	.byte 0x58, 0x00, 0x10, 0x20, 0x21, 0x12, 0x02, 0x01, 0x22, 0x22, 0x11, 0x01, 0x11, 0x21, 0x00, 0x03
	.byte 0x20, 0x11, 0x01, 0x00, 0x6A, 0x00, 0x10, 0x21, 0x02, 0x00, 0x10, 0x10, 0x20, 0x11, 0x41, 0x21
	.byte 0x00, 0x21, 0x22, 0x21, 0x10, 0x10, 0x22, 0x10, 0x20, 0x98, 0x00, 0x19, 0x21, 0x10, 0x10, 0x1D
	.byte 0x00, 0x03, 0x22, 0x11, 0x10, 0xF8, 0x00, 0x16, 0xF0, 0x7F, 0xF0, 0x01, 0xF0, 0x23, 0x80, 0x01
	.byte 0x01, 0x00, 0x11, 0xFF, 0x10, 0xD8, 0xF0, 0x01, 0x40, 0x01, 0x00, 0x1D, 0x01, 0x87, 0xF0, 0x01
	.byte 0xF0, 0x01, 0xF0, 0x01, 0xF6, 0xF0, 0x01, 0xF0, 0x01, 0xF0, 0x01, 0xA1, 0xFF, 0x55, 0xF0, 0x17
	.byte 0x71, 0xFF, 0x25, 0xF0, 0xF1, 0xFF, 0xF0, 0x01, 0xF0, 0x01, 0xC1, 0xFF, 0x51, 0x55, 0x00, 0x20
	.byte 0x80, 0x00, 0x03, 0x21, 0x15, 0x55, 0x10, 0x55, 0x55, 0x55, 0x01, 0x51, 0x15, 0x51, 0x55, 0x52
	.byte 0x51, 0x15, 0x00, 0x09, 0xD0, 0x40, 0x01, 0x01, 0x1D, 0x55, 0x00, 0x6C, 0x15, 0x25, 0x01, 0x00
	.byte 0x00, 0x55, 0x55, 0x15, 0x00, 0x55, 0x11, 0x55, 0x01, 0x0D, 0x15, 0x55, 0x51, 0x22, 0x00, 0x19
	.byte 0x10, 0x24, 0x15, 0xF0, 0x5A, 0xE0, 0xF1, 0x7F, 0xF1, 0xFF, 0x70, 0x17, 0x25, 0x15, 0x25, 0x51
	.byte 0x15, 0x00, 0x65, 0x21, 0x16, 0x52, 0x51, 0x66, 0x66, 0x51, 0x21, 0x11, 0x61, 0x00, 0x03, 0x25
	.byte 0x11, 0x51, 0x51, 0x00, 0x58, 0x00, 0x21, 0x52, 0x55, 0x15, 0x10, 0x25, 0x11, 0x21, 0x00, 0x15
	.byte 0x25, 0x15, 0x26, 0x61, 0x15, 0x15, 0x66, 0x00, 0x56, 0x51, 0x22, 0x66, 0x11, 0x51, 0x01, 0x21
	.byte 0x10, 0x15, 0x51, 0x01, 0x00, 0xA5, 0x01, 0x55, 0x22, 0x11, 0x0F, 0x15, 0x21, 0x15, 0x10, 0xF0
	.byte 0x7F, 0xF0, 0x01, 0xF1, 0xFF, 0xF1, 0xFF, 0xFF, 0xF0, 0x01, 0xF1, 0xFF, 0xF0, 0x01, 0xF0, 0x01
	.byte 0xF0, 0x01, 0xF0, 0x01, 0xD1, 0x87, 0xF0, 0x01, 0x83, 0x00, 0x01, 0x12, 0x11, 0x02, 0x00, 0x02
	.byte 0xF3, 0xFF, 0xA0, 0x20, 0xFC, 0x03, 0xFF, 0xF0, 0x20, 0xF0, 0x01, 0xF1, 0x7F, 0xF0, 0x1E, 0x00
	.byte 0x6D, 0x01, 0x00, 0x76, 0x12, 0x11, 0x09, 0x13, 0x7B, 0x00, 0x04, 0x22, 0x00, 0x03, 0x43, 0xF1
	.byte 0x10, 0xDD, 0x01, 0x00, 0x30, 0x12, 0x00, 0x00, 0x26, 0x10, 0x15, 0x14, 0x1F, 0x01, 0x24, 0x7D
	.byte 0xF1, 0xF1, 0x3B, 0xF0, 0x01, 0xF0, 0x01, 0x91, 0x7F, 0x22, 0x00, 0x10, 0x14, 0x4D, 0xE5, 0x54
	.byte 0x50, 0x24, 0x66, 0x20, 0x66, 0x12, 0x11, 0x02, 0xE4, 0x11, 0x04, 0xE4, 0x7D, 0x01, 0x20, 0x03
	.byte 0x24, 0xED, 0x10, 0x21, 0x02, 0x8C, 0x00, 0xA8, 0x11, 0x00, 0x12, 0x7F, 0x01, 0x20, 0x2C, 0xF0
	.byte 0x01, 0xF0, 0x01, 0xF0, 0x01, 0x83, 0x66, 0xF0, 0x44, 0x91, 0xFF, 0xFF, 0x13, 0x68, 0xF0, 0x01
	.byte 0xF0, 0x01, 0xF0, 0x01, 0xF0, 0x01, 0xF0, 0x01, 0xF1, 0x93, 0x81, 0xFF, 0x3F, 0x72, 0x77, 0xF1
	.byte 0xDE, 0xA1, 0xFF, 0xF0, 0x20, 0xF0, 0x01, 0xF1, 0xFF, 0xA0, 0x01, 0x10, 0x77, 0x77, 0x17, 0x10
	.byte 0x03, 0x11, 0x72, 0x77, 0x71, 0x02, 0x77, 0x12, 0x71, 0x77, 0x77, 0x00, 0x00, 0x03, 0x10, 0xBF
	.byte 0x00, 0x0B, 0x22, 0x00, 0x03, 0x00, 0x0A, 0x00, 0x0B, 0x00, 0x1C, 0x00, 0x03, 0x20, 0x12, 0x00
	.byte 0x77, 0x11, 0x02, 0x77, 0x77, 0x01, 0x00, 0x77, 0x4F, 0x71, 0x00, 0x33, 0x71, 0x27, 0x00, 0x0B
	.byte 0x00, 0x0C, 0xF0, 0x52, 0xF0, 0x01, 0xC3, 0xF0, 0x01, 0x60, 0x01, 0x71, 0x44, 0x77, 0x17, 0x00
	.byte 0x03, 0x10, 0x5C, 0x99, 0x10, 0x6B, 0x77, 0x20, 0x10, 0x83, 0x00, 0x8D, 0x00, 0x71, 0x11, 0xFF
	.byte 0x02, 0x77, 0x11, 0x77, 0x47, 0x74, 0x01, 0x20, 0x03, 0x77, 0xC4, 0x10, 0x6F, 0x10, 0xAB, 0x21
	.byte 0x00, 0x77, 0x11, 0xFF, 0x72, 0x01, 0x1F, 0x00, 0x71, 0x27, 0xF0, 0x7E, 0xF0, 0x01, 0xF0, 0x01
	.byte 0xF1, 0xFF, 0xF0, 0x01, 0xFF, 0xF1, 0xFF, 0xF0, 0x01, 0xF0, 0x01, 0xF0, 0x01, 0xF0, 0x01, 0xE1
	.byte 0x97, 0xF0, 0x01, 0x57, 0xDF, 0xFE, 0xF0, 0x99, 0xC6, 0x1F, 0x07, 0xB4, 0xF0, 0x18, 0xF2, 0x63
	.byte 0xF0, 0x13, 0x60, 0x01, 0x02, 0xBA, 0x07, 0x63, 0x01, 0x00, 0x6D, 0x27, 0x73, 0x00, 0x0F, 0x22
	.byte 0x03, 0x66, 0x01, 0x3B, 0x02, 0x20, 0x10, 0x7F, 0x07, 0x76, 0x00, 0x19, 0x10, 0x00, 0x12, 0x24
	.byte 0x0A, 0xD5, 0x40, 0x21, 0x00, 0x20, 0x20, 0x08, 0x21, 0x02, 0x10, 0x9D, 0x11, 0xF0, 0xA1, 0xEB
	.byte 0xF0, 0x01, 0xF0, 0xEF, 0xB0, 0x14, 0x20, 0x15, 0x60, 0x20, 0x34, 0x6C, 0x00, 0x68, 0xE7, 0x14
	.byte 0x70, 0x44, 0x87, 0x00, 0x1C, 0x11, 0x20, 0x60, 0x36, 0x00, 0x10, 0x15, 0x89, 0xFF, 0x20, 0x41
	.byte 0x30, 0x20, 0x98, 0xA6, 0xF0, 0x01, 0xF0, 0x01, 0xF0, 0x01, 0x21, 0xE1, 0xF0, 0x12, 0xFF, 0x90
	.byte 0x9F, 0xF0, 0xE1, 0xF0, 0x01, 0xF0, 0x01, 0xF0, 0x01, 0xF0, 0x01, 0xF1, 0x0F, 0xC1, 0xFF, 0x6F
	.byte 0x29, 0xF0, 0x7B, 0xD1, 0xFF, 0x19, 0xF0, 0x17, 0xF0, 0x28, 0xF0, 0x12, 0x70, 0x01, 0x00, 0x92
	.byte 0x19, 0x20, 0x11, 0x91, 0x99, 0x21, 0x99, 0x00, 0x91, 0x91, 0x99, 0x99, 0x10, 0x99, 0x99, 0x99
	.byte 0x00, 0x22, 0x99, 0x9A, 0x99, 0x91, 0xA9, 0xAA, 0x99, 0x00, 0x91, 0xAA, 0xAA, 0xAA, 0x91, 0x1A
	.byte 0xA1, 0xAA, 0x00, 0x21, 0x10, 0x99, 0x22, 0x29, 0x91, 0x99, 0x01, 0x10, 0x99, 0x99, 0x91, 0x00
	.byte 0x03, 0x19, 0x00, 0x99, 0x9A, 0x20, 0x29, 0x02, 0x00, 0x1E, 0x01, 0xAA, 0xAA, 0x9A, 0x01, 0x1E
	.byte 0xAA, 0x11, 0x9A, 0xF0, 0xA1, 0xF0, 0x01, 0xF0, 0xEF, 0x90, 0x14, 0xAA, 0x02, 0x2A, 0xAA, 0x11
	.byte 0xA9, 0xAA, 0x2A, 0x10, 0x70, 0x99, 0x04, 0x19, 0x91, 0x99, 0x91, 0x19, 0x00, 0x87, 0x91, 0x99
	.byte 0x04, 0xAA, 0x00, 0xA1, 0xAA, 0xAA, 0x00, 0x1C, 0x11, 0x2A, 0x01, 0xAA, 0x1A, 0x00, 0xAA, 0xAA
	.byte 0x19, 0x00, 0x00, 0x6E, 0x30, 0x00, 0x99, 0x00, 0xF1, 0x00, 0x82, 0x00, 0x9A, 0x99, 0x01, 0x9F
	.byte 0x20, 0x0F, 0xA1, 0x1A, 0xF0, 0x64, 0xF0, 0x01, 0xF0, 0x01, 0xF1, 0xFF, 0xF0, 0x01, 0xFF, 0xF1
	.byte 0xFF, 0xF0, 0x01, 0xF0, 0x01, 0xF0, 0x01, 0xF0, 0x01, 0xF0, 0x01, 0xF0, 0x01, 0x37, 0x03, 0x7F
	.byte 0x10, 0x05, 0xE4, 0xF0, 0x18, 0x55, 0xFF, 0x17, 0x03, 0xF2, 0x3E, 0xF0, 0x01, 0xF0, 0x01, 0xDF
	.byte 0xB7, 0x80, 0x23, 0x70, 0x11, 0x23, 0x84, 0x17, 0x61, 0x13, 0x83, 0x27, 0xEE, 0x17, 0x93, 0xFF
	.byte 0x30, 0x09, 0x00, 0x1D, 0x41, 0x08, 0x18, 0x02, 0x2C, 0x27, 0x43, 0x80, 0xFC, 0x81, 0xF0, 0x01
	.byte 0xF5, 0xA1, 0xFF, 0x16, 0xAF, 0x73, 0xDD, 0x33, 0xFF, 0x11, 0x30, 0x5F, 0x11, 0x03, 0xEB, 0x65
	.byte 0x12, 0x25, 0x8C, 0x40, 0x03, 0x12, 0x21, 0x04, 0x63, 0x21, 0x28, 0x81, 0x0B, 0x01, 0x01, 0x11
	.byte 0x11, 0x18, 0xA4, 0x20, 0x12, 0xCB, 0x20, 0x1E, 0xFF, 0x00, 0x78, 0x05, 0x9A, 0xB4, 0x7F, 0x58
	.byte 0x90, 0xF1, 0xB2, 0xF0, 0x01, 0x73, 0x45, 0xF5, 0xE0, 0xFF, 0xF0, 0x1F, 0xF0, 0x01, 0xF0, 0x01
	.byte 0xF0, 0x01, 0xF0, 0x01, 0xF0, 0x01, 0xF0, 0x01, 0x81, 0xFF, 0x67, 0xBB, 0xF1, 0xFF, 0xA1, 0xFF
	.byte 0xB2, 0x1B, 0xF0, 0x17, 0xF0, 0x01, 0xF0, 0x01, 0x81, 0x90, 0x01, 0xB1, 0x1B, 0xBB, 0x00, 0x10
	.byte 0xB1, 0x01, 0xFF, 0x00, 0xBB, 0xBB, 0x20, 0xB2, 0xBB, 0xBB, 0x10, 0x1B, 0x00, 0xB1, 0xBB, 0x61
	.byte 0xB6, 0x1B, 0xBB, 0xB1, 0xB6, 0x00, 0xBB, 0xBB, 0x62, 0xB6, 0xB1, 0xBB, 0x1B, 0xBB, 0x20, 0x01
	.byte 0x00, 0x00, 0x1D, 0x00, 0xBB, 0x1B, 0x01, 0x00, 0x00, 0xBB, 0xBB, 0x22, 0x00, 0xBB, 0x11, 0x1B
	.byte 0x00, 0x00, 0x1B, 0xBB, 0x66, 0x01, 0xBB, 0xBB, 0xB6, 0x01, 0x1F, 0xBB, 0xB1, 0x66, 0xF1, 0xFF
	.byte 0xF0, 0x01, 0xD1, 0xFF, 0x11, 0x50, 0x10, 0x03, 0x86, 0x31, 0xFF, 0xBB, 0x2B, 0x11, 0xB1, 0x00
	.byte 0x7B, 0x00, 0x06, 0x11, 0x06, 0x2B, 0xBB, 0xBB, 0x11, 0xB1, 0x00, 0x0A, 0x40, 0x03, 0x12, 0x01
	.byte 0x21, 0xBB, 0x2B, 0x01, 0x21, 0xBB, 0x1B, 0x00, 0x7B, 0x64, 0xB1, 0x0E, 0x1A, 0x00, 0x05, 0xBB
	.byte 0x2B, 0x00, 0x22, 0xBB, 0x21, 0xEF, 0x10, 0x03, 0x00, 0xAA, 0x00, 0x12, 0x2B, 0xF1, 0xFF, 0xF1
	.byte 0xFF, 0xF0, 0x01, 0xF1, 0xDF, 0xFF, 0xF0, 0x01, 0xF0, 0x1F, 0xF0, 0x01, 0xF0, 0x01, 0xF0, 0x01
	.byte 0xF0, 0x01, 0xF0, 0x01, 0xF0, 0x01, 0xFF, 0x85, 0xE3, 0xF0, 0x01, 0x82, 0x22, 0xF0, 0x14, 0xF0
	.byte 0x01, 0xF0, 0x01, 0xA0, 0x62, 0x00, 0xDF, 0xF1, 0x00, 0x02, 0x5B, 0x5D, 0x01, 0xA0, 0x02, 0x59
	.byte 0x10, 0x02, 0x11, 0x03, 0x70, 0xDF, 0x32, 0x67, 0x10, 0x64, 0x12, 0x10, 0x28, 0x21, 0x5E, 0x18
	.byte 0x17, 0x03, 0x75, 0x07, 0x99, 0xFC, 0x50, 0x20, 0xF0, 0x01, 0xF0, 0x01, 0xF0, 0x01, 0x60, 0xC3
	.byte 0x00, 0x46, 0xD1, 0xDD, 0x00, 0x1D, 0x02, 0x22, 0xDD, 0xDD, 0x12, 0x10, 0xDD, 0x00, 0xDD, 0xDD
	.byte 0x20, 0xD2, 0xDD, 0xDD, 0x00, 0x21, 0x8D, 0x00, 0x03, 0x20, 0x21, 0xDD, 0x20, 0xFF, 0x00, 0x20
	.byte 0x20, 0x00, 0x20, 0xC0, 0x00, 0x12, 0x00, 0x22, 0xDD, 0x01, 0xDD, 0xDD, 0x2D, 0x02, 0x9F, 0x00
	.byte 0x2A, 0x00, 0xDD, 0x00, 0x97, 0xF0, 0xFF, 0xF0, 0x01, 0xF0, 0x01, 0xF0, 0x01, 0xFF, 0xF0, 0x01
	.byte 0xF0, 0x01, 0xF0, 0x01, 0xF0, 0x01, 0xF0, 0x01, 0xF0, 0x01, 0xF0, 0x01, 0xF0, 0x01, 0xFF, 0xF1
	.byte 0xFF, 0xF0, 0x01, 0xF1, 0xFF, 0xF0, 0x01, 0xF0, 0x01, 0xF0, 0x01, 0xF1, 0xFF, 0xF1, 0xFF, 0xFC
	.byte 0xF1, 0xFF, 0xF1, 0xFF, 0xF0, 0x01, 0xF0, 0x01, 0xF0, 0x01, 0x31, 0xFF, 0xE1, 0xEE, 0x00, 0x1E
	.byte 0x02, 0x22, 0xEE, 0xEE, 0x12, 0x10, 0xEE, 0x00, 0xEE, 0xEE, 0x20, 0xE2, 0xEE, 0xEE, 0x00, 0x21
	.byte 0x8F, 0x00, 0x03, 0x20, 0x21, 0xEE, 0x61, 0xFF, 0x00, 0x20, 0x00, 0x12, 0x00, 0x22, 0x02, 0xEE
	.byte 0x01, 0xEE, 0xEE, 0x2E, 0x02, 0x00, 0x2A, 0x00, 0x7F, 0xEE, 0xF1, 0xFF, 0xF0, 0x01, 0xF0, 0x01
	.byte 0xF0, 0x01, 0xF0, 0x01, 0xF0, 0x01, 0xF0, 0x01, 0xFF, 0xF0, 0x01, 0xF0, 0x01, 0xF0, 0x01, 0xF0
	.byte 0x01, 0xF0, 0x01, 0xF1, 0xFF, 0xF0, 0x01, 0xF1, 0xFF, 0xFF, 0xF0, 0x01, 0xF0, 0x01, 0xF0, 0x01
	.byte 0xF1, 0xFF, 0xF1, 0xFF, 0xF1, 0xFF, 0xF1, 0xFF, 0xF0, 0x01, 0xE0, 0xF0, 0x01, 0xF0, 0x01, 0x61
	.byte 0xFF, 0xF1, 0xFF, 0x1F, 0x02, 0x22, 0x00, 0xFF, 0xFF, 0x12, 0x10, 0xFF, 0xFF, 0xFF, 0x20, 0x04
	.byte 0xF2, 0xFF, 0xFF, 0x00, 0x21, 0x00, 0x03, 0x20, 0x21, 0x78, 0xFF, 0x61, 0xFF, 0x00, 0x20, 0x00
	.byte 0x12, 0x00, 0x22, 0xFF, 0x01, 0xFF, 0x13, 0xFF, 0x2F, 0x02, 0x00, 0x2A, 0x00, 0xFF, 0xF1, 0xFF
	.byte 0xF0, 0x01, 0xFF, 0xF0, 0x01, 0xF0, 0x01, 0xF0, 0x01, 0xF0, 0x01, 0xF0, 0x01, 0xF0, 0x01, 0xF0
	.byte 0x01, 0x20, 0x01
	@ inter-resource bytes 0x08DBE703-0x08DBE703
	.byte 0x00
CompressedResource_JP_08DBE704: @ 0x08DBE704 (LZ77 -> 0x400 bytes)
	.byte 0x10, 0x00, 0x04, 0x00, 0x20, 0x00, 0x00, 0x90, 0x01, 0x11, 0x11, 0x00, 0x10, 0x31, 0x0A, 0x44
	.byte 0x00, 0x10, 0x43, 0x50, 0x03, 0x34, 0xB0, 0x1D, 0x11, 0x10, 0x11, 0x44, 0x44, 0x30, 0x01, 0x33
	.byte 0x33, 0x33, 0x33, 0xFF, 0xB0, 0x3B, 0xF0, 0x1F, 0xF0, 0x1F, 0xF0, 0x1F, 0xF0, 0x1F, 0xF0, 0x1F
	.byte 0xF0, 0x1F, 0xF0, 0x1F, 0xE0, 0xF0, 0x1F, 0xF0, 0x1F, 0x00, 0xDD, 0x00, 0x44, 0x13, 0x01, 0x00
	.byte 0x2D, 0x44, 0x34, 0x30, 0x03, 0x43, 0x00, 0x03, 0x00, 0xE3, 0x04, 0xF0, 0x03, 0x80, 0x60, 0x03
	.byte 0x34, 0xD0, 0xDD, 0xDD, 0x00, 0xDD, 0x1D, 0x02, 0xD1, 0x0D, 0xFF, 0x01, 0x00, 0x11, 0x00, 0x03
	.byte 0x00, 0x80, 0x20, 0x03, 0x0F, 0xF0, 0x0F, 0xE0, 0xEE, 0xEE, 0x11, 0x94, 0x00, 0x50, 0x01, 0xDD
	.byte 0x10, 0x1F, 0x11, 0x10, 0x1F, 0xF0, 0x1F, 0x00, 0xFF, 0x01, 0xFF, 0x1F, 0xFF, 0xFF, 0x1F, 0x11
	.byte 0x00, 0xFF, 0xF1, 0xFF, 0x00, 0xEE, 0x01, 0xEE, 0x0E, 0x09, 0x10, 0x01, 0x10, 0x11, 0x00, 0x1F
	.byte 0x0D, 0xDD, 0x00, 0x97, 0x86, 0x20, 0x37, 0xFF, 0xFF, 0x00, 0xFF, 0x00, 0x33, 0x10, 0x0B, 0xEE
	.byte 0x7A, 0xEE, 0x00, 0x1F, 0x00, 0x17, 0x00, 0x1E, 0x00, 0x3F, 0xDD, 0x00, 0x57, 0xF0, 0x61, 0x0F
	.byte 0x30, 0x43, 0x20, 0x47, 0x11, 0xEE, 0xEE, 0x1E, 0x00, 0x3D, 0x20, 0x11, 0x00, 0x00, 0x7F, 0x0D
	.byte 0x00, 0xD1, 0x1D, 0x11, 0x0D, 0x00, 0xF0, 0x1F, 0x00, 0x90, 0x03, 0x00, 0x7F, 0x0E, 0x10, 0xF0
	.byte 0xC9, 0xF0, 0x1F, 0x40, 0x03, 0xE0, 0x1E, 0x10, 0xF1, 0x00, 0x40, 0x00, 0xE3, 0xF8, 0xF0, 0x03
	.byte 0x30, 0x03, 0x40, 0xFF, 0x41, 0xEB, 0x01, 0x2F, 0x10, 0x5A, 0x55, 0xCF, 0xD0, 0x03, 0x51, 0x4F
	.byte 0x55, 0x55, 0xF0, 0x01, 0x10, 0x01, 0xF0, 0x1F, 0xF0, 0x1F, 0xFF, 0xF0, 0x1F, 0xF0, 0x1F, 0xF0
	.byte 0x19, 0xF0, 0x1F, 0xF0, 0x01, 0xF0, 0x1F, 0xE0, 0x1F, 0x41, 0xEB, 0x03, 0x33, 0x33, 0x01, 0x00
	.byte 0x55, 0xA5, 0xF0, 0x03, 0xF0, 0xF3, 0x49, 0xAA, 0x00, 0x03, 0xA1, 0xAA, 0x32, 0x2D, 0x00, 0x00
	.byte 0xF0, 0x51, 0x03, 0x55, 0x55, 0xAA, 0xAA, 0xAA, 0xAA, 0x12, 0x6B, 0xF0, 0x1F, 0xFF, 0xF0, 0x1F
	.byte 0xF0, 0x1D, 0xF0, 0x1F, 0xF0, 0x1F, 0xF0, 0x1F, 0xF0, 0x1F, 0xF0, 0x1F, 0xF0, 0x1F, 0xC1, 0x00
	.byte 0x1F, 0xD0, 0xF3, 0xAA, 0x01, 0x00, 0xAA, 0x1A, 0x02, 0xCC, 0x80, 0x20, 0x1D, 0x00, 0x00
	@ inter-resource bytes 0x08DBE853-0x08DBE853
	.byte 0x00
CompressedResource_JP_08DBE854: @ 0x08DBE854 (LZ77 -> 0x280 bytes)
	.byte 0x10, 0x80, 0x02, 0x00, 0x20, 0x44, 0x44, 0x30, 0x01, 0x33, 0x33, 0x33, 0x33, 0x55, 0x40, 0x55
	.byte 0x00, 0x01, 0xA5, 0xAA, 0x55, 0x55, 0x4A, 0x44, 0x02, 0x5A, 0xA5, 0xA4, 0x4A, 0x24, 0x4A, 0xB0
	.byte 0x03, 0x52, 0x00, 0xA5, 0x44, 0x24, 0x55, 0x55, 0x22, 0x52, 0x55, 0x00, 0xAA, 0xAA, 0xAA, 0xAA
	.byte 0x11, 0x11, 0x11, 0x11, 0x0A, 0x00, 0x00, 0x00, 0x00, 0xF0, 0x3F, 0x5A, 0x00, 0x3F, 0x24, 0x70
	.byte 0x55, 0x20, 0x2B, 0x00, 0x07, 0x90, 0x03, 0xA5, 0x44, 0x44, 0x52, 0x19, 0x55, 0x22, 0x22, 0xF0
	.byte 0x3F, 0x90, 0x3F, 0xAA, 0xAA, 0x10, 0x27, 0x44, 0x5A, 0x00, 0x6F, 0xA4, 0xA5, 0xAA, 0x20, 0x34
	.byte 0x52, 0x55, 0x00, 0x4A, 0xA4, 0x5A, 0xA5, 0x44, 0xAA, 0x24, 0x4A, 0xBC, 0x00, 0x3F, 0x25, 0xF0
	.byte 0x3F, 0xD0, 0x3F, 0x00, 0x2B, 0x00, 0x7C, 0xAA, 0x4A, 0x5F, 0xA2, 0x00, 0x3B, 0x5A, 0x00, 0xCB
	.byte 0x20, 0x47, 0xF0, 0xBF, 0xF0, 0x3F, 0x20, 0x3F, 0x5C, 0x5A, 0x00, 0x7F, 0xA4, 0x10, 0x7F, 0x80
	.byte 0x03, 0x00, 0x4F, 0xA5, 0xAA, 0xAD, 0x00, 0x87, 0xA5, 0x00, 0x3F, 0x25, 0xF0, 0x3F, 0xF0, 0x7F
	.byte 0x44, 0x00, 0x6F, 0x0F, 0xAA, 0x52, 0x4A, 0xA4, 0x11, 0x4A, 0x10, 0x3B, 0xF0, 0x7F, 0xF0, 0x3F
	.byte 0xC7, 0xF1, 0x7F, 0x20, 0x43, 0x44, 0x44, 0xAA, 0x51, 0x83, 0xF1, 0x3F, 0xF0, 0x3F, 0xDF, 0x60
	.byte 0x7F, 0x00, 0x73, 0xA5, 0x31, 0x74, 0x00, 0xB7, 0x11, 0x43, 0x41, 0x87, 0xF0, 0xBF, 0xFF, 0xF0
	.byte 0x7F, 0x91, 0xFF, 0x20, 0xCB, 0xF0, 0xBF, 0xF0, 0x3F, 0xF0, 0x3F, 0x50, 0x3F, 0xF0, 0xFF, 0x80
	.byte 0x70, 0x3F
	@ inter-resource bytes 0x08DBE936-0x08DBE937
	.byte 0x00, 0x00
CompressedResource_JP_08DBE938: @ 0x08DBE938 (LZ77 -> 0x500 bytes)
	.byte 0x10, 0x00, 0x05, 0x00, 0x02, 0x00, 0x40, 0x44, 0x44, 0x00, 0x44, 0x10, 0x03, 0xA4, 0x04, 0xAA
	.byte 0x00, 0x44, 0x5A, 0x55, 0x80, 0x03, 0x22, 0x00, 0x30, 0x44, 0x2A, 0x00, 0x19, 0x30, 0x01, 0xAA
	.byte 0xAA, 0xAA, 0xAA, 0x28, 0x55, 0x55, 0x80, 0x01, 0x22, 0x00, 0x02, 0x44, 0x52, 0x55, 0xC4, 0xF0
	.byte 0x1F, 0xB0, 0x01, 0x44, 0x44, 0x04, 0x20, 0x5E, 0xAA, 0x4A, 0x0D, 0x44, 0x00, 0x55, 0xA5, 0xF0
	.byte 0x03, 0x00, 0x67, 0x42, 0x00, 0x03, 0x50, 0x25, 0x00, 0x03, 0x32, 0x00, 0x6F, 0x33, 0x00, 0x44
	.byte 0xAA, 0xF2, 0x00, 0x77, 0x10, 0x8B, 0x00, 0x34, 0x00, 0x9B, 0x44, 0x24, 0x00, 0x43, 0x52, 0x08
	.byte 0x55, 0x55, 0x33, 0x23, 0x00, 0x6F, 0x33, 0x52, 0x55, 0x7F, 0xAA, 0x00, 0x77, 0x10, 0x6B, 0x50
	.byte 0x77, 0xF0, 0x71, 0xC0, 0x1F, 0xF0, 0x73, 0x20, 0x8B, 0xFE, 0x20, 0xF2, 0x00, 0x9B, 0xF0, 0xFF
	.byte 0xF0, 0xFF, 0xF0, 0xDF, 0xF0, 0xFF, 0x60, 0x1F, 0x45, 0xC6, 0x00, 0x73, 0x10, 0x03, 0x75, 0x77
	.byte 0x47, 0x10, 0x07, 0xD0, 0xFF, 0x74, 0xFC, 0xC0, 0x03, 0xF0, 0xFF, 0xF0, 0xFF, 0xF0, 0xFF, 0x80
	.byte 0xDF, 0x30, 0x6B, 0x37, 0x55, 0x11, 0x35, 0x33, 0x33, 0x20, 0x03, 0x75, 0x77, 0x77, 0x90, 0x1F
	.byte 0xAF, 0x10, 0x63, 0x73, 0x80, 0x03, 0x77, 0xF0, 0xFF, 0xF0, 0xFF, 0xF0, 0xFF, 0xF0, 0xFF, 0xC6
	.byte 0xF0, 0xFF, 0x30, 0x1F, 0x85, 0x28, 0x88, 0x90, 0x03, 0xD0, 0xFF, 0x52, 0xF8, 0xC0, 0x03, 0xF0
	.byte 0xFF, 0xF0, 0xFF, 0xF0, 0xFF, 0x80, 0xFF, 0xB5, 0xBB, 0xBB, 0x8D, 0x20, 0x03, 0x25, 0x22, 0xBB
	.byte 0x00, 0x7D, 0x10, 0x03, 0x22, 0x90, 0x1F, 0x6F, 0x2B, 0x00, 0x63, 0x10, 0x03, 0x22, 0x80, 0x73
	.byte 0xF0, 0xFF, 0xF0, 0xFF, 0xF0, 0xFF, 0xE4, 0xF0, 0xFF, 0xF0, 0xFF, 0x00, 0x01, 0xF5, 0x2F, 0x40
	.byte 0x03, 0xFF, 0xFF, 0xEF, 0x10, 0x03, 0xF2, 0xFF, 0x30, 0x03, 0x2F, 0x40, 0x03, 0xF0, 0xFF, 0xF0
	.byte 0xFF, 0xF0, 0xFF, 0x89, 0x80, 0xFF, 0xE5, 0x2E, 0xE2, 0x30, 0x03, 0xEE, 0xEE, 0x20, 0x03, 0x2F
	.byte 0x25, 0x22, 0xA0, 0xFF, 0x2E, 0x00, 0x63, 0x90, 0x03, 0x11, 0x07, 0xF0, 0xFF, 0xE5, 0xF0, 0xFF
	.byte 0x51, 0x03, 0xF0, 0xFF, 0x55, 0x65, 0x40, 0x03, 0x25, 0x11, 0x03, 0x84, 0x90, 0x1F, 0x66, 0x52
	.byte 0x65, 0x66, 0x30, 0x03, 0x25, 0x22, 0x73, 0x66, 0x00, 0xB3, 0x10, 0x0B, 0x90, 0xFF, 0x66, 0xA2
	.byte 0xF0, 0x03, 0x11, 0x63, 0xBE, 0xF1, 0x03, 0xA4, 0x01, 0x03, 0x30, 0xFF, 0x21, 0x63, 0xE1, 0x03
	.byte 0x70, 0xDF, 0xCC, 0x15, 0x52, 0xC5, 0xCC, 0x00, 0x03, 0x2C, 0x00, 0x03, 0x5C, 0x40, 0x0B, 0x0A
	.byte 0xCC, 0x22, 0xA2, 0x2A, 0x60, 0xB7, 0xCC, 0x00, 0x63, 0x22, 0xF4, 0x00, 0x03, 0x11, 0x73, 0x10
	.byte 0x0B, 0x20, 0x0F, 0x42, 0x70, 0xFF
	@ inter-resource bytes 0x08DBEABE-0x08DBEC3F
	.byte 0x00, 0x00, 0x91, 0x5E, 0x5E, 0x4B, 0xDD, 0x26, 0x39, 0x22, 0xD7, 0x6F, 0x72, 0x63, 0xF0, 0x52
	.byte 0xFF, 0x4B, 0xD7, 0x3E, 0xF1, 0x21, 0x0C, 0x63, 0x47, 0x4A, 0x4A, 0x29, 0x31, 0x46, 0x39, 0x67
	.byte 0xFF, 0x7F, 0x91, 0x5E, 0xA3, 0x7E, 0xFF, 0x4B, 0x2E, 0x7F, 0xA9, 0x7E, 0xE2, 0x70, 0x00, 0x00
	.byte 0x00, 0x00, 0x00, 0x00, 0x00, 0x00, 0x0C, 0x63, 0x47, 0x4A, 0x4A, 0x29, 0x31, 0x46, 0x39, 0x67
	.byte 0xFF, 0x7F, 0x91, 0x5E, 0xFF, 0x57, 0xBF, 0x3F, 0xBF, 0x03, 0xBF, 0x14, 0xBF, 0x73, 0xFF, 0x16
	.byte 0xDD, 0x02, 0x00, 0x00, 0x00, 0x00, 0x0C, 0x63, 0x47, 0x4A, 0x4A, 0x29, 0x31, 0x46, 0x39, 0x67
	.byte 0xFF, 0x7F, 0x91, 0x5E, 0x9C, 0x73, 0x00, 0x00, 0x00, 0x00, 0x00, 0x00, 0x00, 0x00, 0x00, 0x00
	.byte 0x9C, 0x5F, 0xF8, 0x46, 0x95, 0x3A, 0x0C, 0x63, 0x47, 0x4A, 0x4A, 0x29, 0x31, 0x46, 0x39, 0x67
	.byte 0xFF, 0x7F, 0x91, 0x5E, 0x11, 0x26, 0xD4, 0x2A, 0xD7, 0x36, 0x3B, 0x37, 0x76, 0x22, 0x5E, 0x4F
	.byte 0x97, 0x2E, 0x9B, 0x3E, 0x3F, 0x5B, 0x0C, 0x63, 0x47, 0x4A, 0x4A, 0x29, 0x31, 0x46, 0x39, 0x67
	.byte 0xFF, 0x7F, 0x91, 0x5E, 0xA0, 0x7A, 0x68, 0x4D, 0x0D, 0x62, 0x78, 0x7F, 0x6A, 0x62, 0xDC, 0x7F
	.byte 0x00, 0x00, 0x00, 0x00, 0x00, 0x00, 0x0C, 0x63, 0x47, 0x4A, 0x4A, 0x29, 0x31, 0x46, 0x39, 0x67
	.byte 0xFF, 0x7F, 0x91, 0x5E, 0x68, 0x3D, 0xEC, 0x4D, 0x9A, 0x77, 0xFD, 0x7F, 0xF1, 0x52, 0x5F, 0x42
	.byte 0xBA, 0x2D, 0x74, 0x5E, 0x1F, 0x2B, 0x0C, 0x63, 0x47, 0x4A, 0x4A, 0x29, 0x31, 0x46, 0x39, 0x67
	.byte 0xFF, 0x7F, 0x91, 0x5E, 0x31, 0x52, 0xEF, 0x45, 0xAD, 0x3D, 0x6B, 0x31, 0x00, 0x00, 0x00, 0x00
	.byte 0x00, 0x00, 0x1A, 0x09, 0xD2, 0x00, 0x0C, 0x63, 0x47, 0x4A, 0x4A, 0x29, 0x31, 0x46, 0x39, 0x67
	.byte 0xFF, 0x7F, 0x91, 0x5E, 0xFC, 0x33, 0xD8, 0x43, 0xD7, 0x23, 0x4F, 0x17, 0xDF, 0x32, 0xFF, 0x4B
	.byte 0xCF, 0x0E, 0xB8, 0x23, 0x79, 0x2E, 0x0C, 0x63, 0x47, 0x4A, 0x4A, 0x29, 0x31, 0x46, 0x39, 0x67
	.byte 0xFF, 0x7F, 0x91, 0x5E, 0xFF, 0x66, 0x9B, 0x62, 0x58, 0x5E, 0x15, 0x5E, 0x5F, 0x73, 0x00, 0x00
	.byte 0xF9, 0x6B, 0xFC, 0x73, 0x00, 0x00, 0x0C, 0x63, 0x47, 0x4A, 0x4A, 0x29, 0x31, 0x46, 0x39, 0x67
	.byte 0xFF, 0x7F, 0x91, 0x5E, 0x3D, 0x6F, 0x9F, 0x77, 0x9A, 0x77, 0xFD, 0x7F, 0x00, 0x00, 0x00, 0x00
	.byte 0x00, 0x00, 0x00, 0x00, 0x00, 0x00, 0x0C, 0x63, 0x47, 0x4A, 0x4A, 0x29, 0x31, 0x46, 0x39, 0x67
	.byte 0xFF, 0x7F, 0x91, 0x5E, 0xBE, 0x15, 0xDF, 0x4F, 0x3F, 0x23, 0xB2, 0x2B, 0xB5, 0x19, 0x97, 0x1E
	.byte 0x4F, 0x7B, 0x00, 0x00, 0x9F, 0x2F, 0x0C, 0x63, 0x47, 0x4A, 0x4A, 0x29, 0x31, 0x46, 0x39, 0x67
	.byte 0xFF, 0x7F
CompressedResource_JP_08DBEC40: @ 0x08DBEC40 (LZ77 -> 0x2C0 bytes)
	.byte 0x10, 0xC0, 0x02, 0x00, 0x30, 0x00, 0x00, 0xF0, 0x01, 0x90, 0x01, 0xBB, 0xBB, 0xBB, 0xBB, 0x38
	.byte 0xAA, 0xAA, 0x30, 0x01, 0x10, 0x0B, 0xD0, 0x0F, 0x00, 0x00, 0xCC, 0x00, 0xCC, 0x00, 0xCC, 0xFE
	.byte 0xFF, 0xC0, 0xFE, 0x1F, 0x00, 0x11, 0xC0, 0x1F, 0x21, 0x32, 0xEC, 0x1F, 0x22, 0x04, 0x32, 0xFC
	.byte 0x21, 0x22, 0x22, 0x20, 0x03, 0x31, 0x23, 0x00, 0x22, 0xCC, 0xCC, 0xCC, 0xCC, 0xFF, 0xFF, 0xFF
	.byte 0x00, 0xFF, 0x11, 0x11, 0x11, 0x11, 0x33, 0x22, 0x22, 0x4F, 0x33, 0x10, 0x03, 0x22, 0x22, 0x70
	.byte 0x01, 0x10, 0x23, 0x20, 0x03, 0x50, 0x33, 0xC0, 0x80, 0x3B, 0x10, 0x03, 0x77, 0x77, 0x87, 0x71
	.byte 0x77, 0x88, 0x00, 0x71, 0x18, 0x77, 0x87, 0x88, 0x88, 0x77, 0x17, 0xD2, 0x00, 0x03, 0x10, 0x07
	.byte 0x88, 0x00, 0x03, 0x77, 0x81, 0x00, 0x03, 0x77, 0x05, 0x81, 0x77, 0x17, 0x78, 0x87, 0x00, 0x0A
	.byte 0x88, 0x00, 0x02, 0x04, 0x88, 0x88, 0x98, 0x99, 0x99, 0x00, 0x02, 0x99, 0x99, 0x03, 0x88, 0x99
	.byte 0x99, 0x89, 0xCC, 0x98, 0x20, 0x03, 0xF0, 0x5F, 0xAC, 0x60, 0x5F, 0x12, 0x00, 0x03, 0x71, 0x90
	.byte 0x8B, 0x60, 0x01, 0x12, 0x17, 0x00, 0x22, 0x17, 0x12, 0x17, 0x12, 0x77, 0x21, 0x22, 0x04, 0x71
	.byte 0x22, 0x32, 0x13, 0xCF, 0x20, 0x03, 0x22, 0x12, 0xA7, 0xA0, 0x03, 0x17, 0x00, 0x13, 0x77, 0x31
	.byte 0x00, 0x03, 0x00, 0x94, 0x00, 0xA3, 0xCE, 0x00, 0x03, 0x10, 0x93, 0x97, 0x99, 0x20, 0x07, 0x10
	.byte 0xA3, 0x10, 0x03, 0x77, 0x32, 0x89, 0x89, 0x00, 0x8B, 0x00, 0x96, 0x89, 0x9C, 0x00, 0x9D, 0xCC
	.byte 0x9C, 0x00, 0x03, 0xC8, 0x89, 0x10, 0xA6, 0x10, 0x03, 0x20, 0x1F, 0x81, 0x88, 0xC0, 0xF0, 0x7C
	.byte 0xB0, 0x01, 0xFC, 0x34, 0x43, 0x77, 0xFC, 0x34, 0x02, 0x53, 0x74, 0xFC, 0x54, 0x65, 0x45, 0x00
	.byte 0x03, 0x55, 0xA4, 0x00, 0x03, 0x65, 0x20, 0x03, 0x34, 0x63, 0x20, 0x03, 0x74, 0x77, 0x10, 0x74
	.byte 0x77, 0x45, 0x00, 0x01, 0x55, 0x74, 0x55, 0x74, 0x2A, 0x65, 0x45, 0x00, 0x01, 0x55, 0x00, 0x01
	.byte 0x65, 0x70, 0x01, 0x74, 0x08, 0x37, 0x43, 0xCF, 0x45, 0x00, 0x03, 0x55, 0x74, 0x45, 0x01, 0xCF
	.byte 0x55, 0x45, 0x45, 0xCF, 0x65, 0x55, 0x00, 0x03, 0x48, 0x65, 0x00, 0x03, 0x35, 0x43, 0x20, 0x03
	.byte 0xFC, 0x27, 0x72, 0x7F, 0x77, 0x20, 0x03, 0x01, 0x4C, 0xA0, 0x03, 0x40, 0x17, 0x00, 0x0A, 0xF0
	.byte 0x01, 0x80, 0x01, 0xC0, 0x50, 0x87, 0x10, 0x93, 0xEC, 0x4F, 0x65, 0x35, 0xC0, 0x4F, 0x03, 0x54
	.byte 0x35, 0xC0, 0xFE, 0x4F, 0x44, 0x12, 0x13, 0x12, 0x1B, 0xA0, 0x90, 0x8B, 0x33, 0x00, 0x02, 0x33
	.byte 0x55, 0x55, 0x33, 0x44, 0x1E, 0x44, 0x44, 0x44, 0x12, 0x13, 0x12, 0x1B, 0x50, 0x87, 0x10, 0x93
	.byte 0x63, 0x00, 0x55, 0xF4, 0xCE, 0x53, 0x45, 0xF4, 0x0C, 0x44, 0x04, 0xF4, 0xEF, 0x0C, 0xFF, 0xEF
	.byte 0x02, 0x56, 0xCC, 0x00, 0x74, 0x00, 0xF0, 0x71, 0x30, 0x01, 0x02, 0x18, 0x22, 0x10, 0x03
	@ inter-resource bytes 0x08DBEDDF-0x08DBEDDF
	.byte 0x00
CompressedResource_JP_08DBEDE0: @ 0x08DBEDE0 (LZ77 -> 0x2E0 bytes)
	.byte 0x10, 0xE0, 0x02, 0x00, 0x30, 0x00, 0x00, 0xF0, 0x01, 0x90, 0x01, 0xBB, 0xBB, 0xBB, 0xBB, 0x38
	.byte 0xAA, 0xAA, 0x30, 0x01, 0x10, 0x0B, 0xD0, 0x0F, 0xCC, 0xCC, 0xCC, 0x00, 0xCC, 0xEC, 0xFF, 0xFF
	.byte 0xFF, 0xFC, 0xFE, 0xDF, 0x10, 0xFF, 0xFC, 0xEF, 0x00, 0x07, 0xFF, 0xFE, 0xFF, 0xFC, 0x01, 0xFD
	.byte 0x4F, 0x44, 0xFC, 0xFF, 0x4F, 0x55, 0x10, 0x03, 0xE0, 0x10, 0x1F, 0x00, 0x1E, 0xA0, 0x01, 0x44
	.byte 0x44, 0x44, 0x44, 0x55, 0x78, 0x55, 0x30, 0x01, 0x50, 0x27, 0xF0, 0x03, 0x30, 0x03, 0x31, 0xF4
	.byte 0xFF, 0x2E, 0xCF, 0x15, 0x00, 0x03, 0x55, 0xF0, 0x03, 0x20, 0x03, 0x10, 0x4B, 0x33, 0x1C, 0x33
	.byte 0x33, 0x33, 0xF0, 0x07, 0x30, 0x07, 0x10, 0x63, 0x15, 0x51, 0xFB, 0x30, 0x01, 0x50, 0x73, 0x90
	.byte 0x01, 0x00, 0x63, 0x10, 0xAB, 0x33, 0xF0, 0x07, 0x30, 0x07, 0x40, 0x31, 0x00, 0x01, 0x15, 0x13
	.byte 0x15, 0x13, 0x55, 0x51, 0xE0, 0x00, 0x01, 0xF0, 0x3E, 0xE0, 0x01, 0xFF, 0x53, 0x55, 0x55, 0x34
	.byte 0x00, 0xFF, 0x11, 0x55, 0xFF, 0x1F, 0x11, 0x3F, 0x55, 0x12, 0x11, 0xF1, 0xFF, 0xF0, 0x21, 0x55
	.byte 0x15, 0x00, 0x03, 0xF5, 0x00, 0x55, 0x55, 0x54, 0x31, 0x3F, 0xF4, 0x31, 0x1F, 0xB0, 0xA0, 0x19
	.byte 0x11, 0x00, 0x02, 0x00, 0x11, 0xF1, 0x1F, 0x51, 0x55, 0x03, 0xF1, 0xF1, 0x51, 0x55, 0x1F, 0x4F
	.byte 0x20, 0x2E, 0xF0, 0x43, 0xA0, 0x30, 0x01, 0x25, 0x10, 0x31, 0x4F, 0x3F, 0xFF, 0x3F, 0xF1, 0xA0
	.byte 0x01, 0x53, 0xF5, 0x20, 0x03, 0x1F, 0xFF, 0x15, 0xFF, 0xF1, 0x00, 0xFF, 0x22, 0xF1, 0xF1, 0x4F
	.byte 0x22, 0x11, 0xFF, 0x15, 0x54, 0x12, 0x12, 0x00, 0x8F, 0x54, 0x30, 0x03, 0x4F, 0x01, 0x71, 0x09
	.byte 0xF4, 0xFF, 0x3F, 0x51, 0x10, 0x2B, 0x55, 0x45, 0x00, 0x03, 0xC4, 0x00, 0x0E, 0xF0, 0x52, 0x55
	.byte 0x55, 0x3F, 0x00, 0x03, 0x1F, 0x11, 0x00, 0x11, 0x55, 0x11, 0x11, 0xFF, 0xFF, 0x11, 0xF1, 0x3F
	.byte 0x3F, 0x43, 0x00, 0x7F, 0x00, 0x95, 0xF0, 0xFB, 0x90, 0x84, 0xF0, 0x01, 0xF0, 0x01, 0xDF, 0xF0
	.byte 0x01, 0x40, 0x01, 0x45, 0x01, 0xE4, 0xF0, 0x15, 0xD1, 0x32, 0x00, 0x7F, 0xF1, 0xBF, 0xD4, 0x41
	.byte 0xBF, 0x11, 0xAB, 0x13, 0x00, 0x03, 0x51, 0xF2, 0x3F, 0x4F, 0x55
	@ inter-resource bytes 0x08DBEF1B-0x08DBEF1B
	.byte 0x00
CompressedResource_JP_08DBEF1C: @ 0x08DBEF1C (LZ77 -> 0x400 bytes)
	.byte 0x10, 0x00, 0x04, 0x00, 0x30, 0x00, 0x00, 0xF0, 0x01, 0x90, 0x01, 0xBB, 0xBB, 0xBB, 0xBB, 0x39
	.byte 0xAA, 0xAA, 0x30, 0x01, 0x10, 0x0B, 0xD0, 0x0F, 0x22, 0x22, 0xC0, 0x01, 0x00, 0x62, 0x26, 0x22
	.byte 0x22, 0x36, 0x63, 0x22, 0x62, 0x00, 0x33, 0x33, 0x26, 0x36, 0x33, 0x33, 0x63, 0x22, 0x01, 0x22
	.byte 0x77, 0x27, 0x22, 0x22, 0xC7, 0x7D, 0x00, 0x03, 0x41, 0xCC, 0x00, 0x03, 0xDC, 0x22, 0x22, 0x72
	.byte 0x3C, 0x00, 0x03, 0x57, 0x3D, 0x00, 0x29, 0x37, 0x00, 0x03, 0x72, 0x50, 0x36, 0x00, 0x24, 0x20
	.byte 0x03, 0x40, 0x73, 0x40, 0x03, 0x33, 0x77, 0x77, 0x77, 0x33, 0x33, 0x20, 0x33, 0x33, 0x00, 0x22
	.byte 0x77, 0x22, 0x22, 0xD7, 0x7C, 0x10, 0x22, 0x72, 0xCC, 0x00, 0x03, 0xCD, 0x7C, 0x22, 0x37, 0x00
	.byte 0xC3, 0x27, 0x22, 0x37, 0xD3, 0x27, 0x77, 0x33, 0x02, 0x73, 0x22, 0x33, 0x33, 0x27, 0x22, 0x00
	.byte 0x63, 0x33, 0x78, 0x62, 0x00, 0x04, 0x10, 0x70, 0x00, 0x78, 0x30, 0x07, 0x36, 0x33, 0x63, 0xD1
	.byte 0x10, 0x7F, 0x10, 0x03, 0x26, 0x00, 0x15, 0x63, 0x55, 0x23, 0x00, 0x03, 0x02, 0x35, 0x72, 0x36
	.byte 0x55, 0x55, 0x73, 0x00, 0x03, 0x37, 0x4C, 0x32, 0x70, 0x03, 0x75, 0x37, 0x00, 0x3F, 0x10, 0x03
	.byte 0xF3, 0x3C, 0x18, 0x33, 0x33, 0xC3, 0x00, 0x03, 0x10, 0x01, 0x46, 0xD3, 0xC3, 0x0A, 0xD3, 0x44
	.byte 0x33, 0x4C, 0x10, 0x11, 0x33, 0x00, 0x66, 0x22, 0xAC, 0x10, 0x03, 0xCF, 0x00, 0x6B, 0xCC, 0x00
	.byte 0x03, 0x10, 0x10, 0x33, 0x46, 0xA1, 0x00, 0x03, 0x44, 0x10, 0x7F, 0x37, 0x23, 0x22, 0x66, 0x10
	.byte 0xE3, 0x4A, 0x66, 0x00, 0x03, 0x22, 0x66, 0x00, 0x03, 0x32, 0x00, 0x03, 0x53, 0xAC, 0x00, 0x31
	.byte 0x55, 0x00, 0x02, 0x55, 0x00, 0x5F, 0x20, 0x03, 0x53, 0x55, 0x3A, 0x55, 0x65, 0x10, 0x03, 0x00
	.byte 0x0A, 0xE0, 0x01, 0x66, 0x10, 0xC0, 0x63, 0x0C, 0x66, 0x66, 0x33, 0x56, 0x00, 0x0B, 0xF0, 0x1E
	.byte 0x55, 0x63, 0x00, 0x66, 0x55, 0x23, 0x36, 0x33, 0x56, 0x23, 0x65, 0x00, 0x33, 0x36, 0x22, 0x55
	.byte 0x66, 0x23, 0x22, 0x55, 0x1D, 0x35, 0x22, 0x22, 0x00, 0xCE, 0x20, 0x03, 0x00, 0x0A, 0x22, 0x00
	.byte 0x57, 0x9C, 0x10, 0x5F, 0x55, 0x32, 0x00, 0x6F, 0x01, 0x31, 0x00, 0x15, 0x22, 0x32, 0xFD, 0x01
	.byte 0x3A, 0x01, 0x33, 0x30, 0x01, 0xF0, 0x51, 0x30, 0x2F, 0x40, 0x03, 0x35, 0x00, 0x03, 0x97, 0x10
	.byte 0x43, 0x23, 0x32, 0x00, 0x58, 0x32, 0x10, 0x54, 0x01, 0x2F, 0x10, 0x3F, 0x00, 0x11, 0x11, 0x11
	.byte 0x11, 0xCC, 0xCC, 0xCC, 0xCC, 0x89, 0xF0, 0x3D, 0x55, 0x55, 0x33, 0x20, 0x30, 0x53, 0x55, 0x00
	.byte 0x6A, 0x61, 0x33, 0x10, 0x83, 0x50, 0x8F, 0x55, 0x73, 0x77, 0x77, 0x20, 0x9F, 0x7E, 0x35, 0x00
	.byte 0x07, 0x00, 0x10, 0x10, 0x03, 0xE2, 0x1F, 0xF0, 0x01, 0x80, 0x01, 0x21, 0x0D, 0x22, 0x22, 0x12
	.byte 0x11, 0x30, 0x07, 0x40, 0x01, 0x33, 0x20, 0x93, 0xC8, 0xB0, 0x47, 0x90, 0x9F, 0x00, 0x00, 0x00
	.byte 0x03, 0xCC, 0x1E, 0x11, 0x00, 0xC0, 0x1E, 0x71, 0x77, 0xC0, 0x71, 0x27, 0x22, 0x07, 0xEC, 0x71
	.byte 0x22, 0x22, 0x1C, 0x02, 0x48, 0x50, 0x03, 0x10, 0x23, 0xF2, 0x10, 0x2B, 0x91, 0x13, 0x90, 0x01
	.byte 0xF0, 0x1F, 0x22, 0xF2, 0x00, 0x03, 0xF5, 0x82, 0x00, 0x03, 0xFF, 0x22, 0x52, 0xFF, 0xFF, 0xF0
	.byte 0x1F, 0x22, 0x2B, 0x22, 0x25, 0x00, 0x03, 0x2F, 0x10, 0x20, 0x5F, 0xB0, 0x6B, 0xF0, 0x03, 0xEF
	.byte 0xB0, 0x6B, 0x50, 0x43, 0xC0, 0x8B, 0x12, 0x00, 0x03, 0x10, 0xF4, 0x10, 0x07, 0xE0, 0x7F, 0xFB
	.byte 0x41, 0x15, 0xA0, 0x01, 0x90, 0x7F, 0x00, 0x2A, 0x00, 0x23, 0xF2, 0x10, 0x03, 0x00, 0x16, 0x5F
	.byte 0x52, 0xE0, 0x4F, 0xFF, 0x00, 0x15, 0x10, 0x44, 0x10, 0x50, 0x20, 0x1D, 0xC0, 0x4F
	@ inter-resource bytes 0x08DBF12A-0x08DBF12B
	.byte 0x00, 0x00
CompressedResource_JP_08DBF12C: @ 0x08DBF12C (LZ77 -> 0x1E0 bytes)
	.byte 0x10, 0xE0, 0x01, 0x00, 0x30, 0x00, 0x00, 0xF0, 0x01, 0x90, 0x01, 0xBB, 0xBB, 0xBB, 0xBB, 0x38
	.byte 0xAA, 0xAA, 0x30, 0x01, 0x10, 0x0B, 0xD0, 0x0F, 0xCC, 0xCC, 0xCC, 0x00, 0xCC, 0x8C, 0x88, 0x78
	.byte 0x11, 0x8C, 0x99, 0x79, 0x50, 0xEE, 0x40, 0x03, 0xDE, 0x50, 0x0B, 0x7C, 0x77, 0x77, 0x77, 0x81
	.byte 0x10, 0x1F, 0x11, 0x11, 0x11, 0x11, 0xEE, 0xEE, 0xF0, 0x01, 0x81, 0x00, 0x1E, 0x77, 0x99, 0x99
	.byte 0x99, 0x99, 0x88, 0x40, 0x01, 0xC7, 0x10, 0x0B, 0xD0, 0x0F, 0x7C, 0x88, 0x78, 0xF0, 0x03, 0x80
	.byte 0x03, 0x50, 0x2F, 0x01, 0x78, 0x77, 0x77, 0x97, 0x79, 0xDD, 0xDD, 0x20, 0x03, 0x41, 0x78, 0x00
	.byte 0x03, 0x88, 0xD7, 0x7D, 0x99, 0x99, 0x10, 0x03, 0xAD, 0x00, 0x67, 0xE9, 0x50, 0x70, 0xDE, 0xF0
	.byte 0x83, 0xC0, 0x01, 0xDD, 0x40, 0x03, 0xDA, 0x10, 0x29, 0x00, 0x07, 0xDE, 0xA0, 0xB7, 0x50, 0x1C
	.byte 0xED, 0x40, 0x07, 0x11, 0xFF, 0x00, 0x08, 0x10, 0x63, 0x10, 0x6B, 0x10, 0x03, 0x90, 0x7F, 0x10
	.byte 0x8F, 0x10, 0x9B, 0xF0, 0x62, 0x80, 0xC0, 0x70, 0xED, 0x1D, 0xD1, 0xDD, 0xDD, 0x11, 0xFD, 0x00
	.byte 0xEE, 0xDD, 0xD1, 0xFF, 0xDD, 0xDD, 0xD1, 0xDF, 0xAC, 0x00, 0x0F, 0xFD, 0x00, 0x77, 0xD1, 0x00
	.byte 0x19, 0x00, 0x62, 0xDD, 0xEE, 0x00, 0x1D, 0xD1, 0xDE, 0xDD, 0xDF, 0x11, 0xDD, 0xDD, 0x09, 0xFF
	.byte 0x1D, 0xDD, 0xEE, 0x00, 0x03, 0xDD, 0xDF, 0x00, 0x0F, 0x7E, 0x1D, 0x00, 0x77, 0x10, 0x1D, 0x10
	.byte 0x84, 0xF1, 0x3F, 0x70, 0x0F, 0x11, 0x7B
	@ inter-resource bytes 0x08DBF203-0x08DBF203
	.byte 0x00
CompressedResource_JP_08DBF204: @ 0x08DBF204 (LZ77 -> 0x3A0 bytes)
	.byte 0x10, 0xA0, 0x03, 0x00, 0x30, 0x00, 0x00, 0xF0, 0x01, 0x90, 0x01, 0xBB, 0xBB, 0xBB, 0xBB, 0x38
	.byte 0xAA, 0xAA, 0x30, 0x01, 0x10, 0x0B, 0xD0, 0x0F, 0x00, 0x00, 0xCC, 0x00, 0xCC, 0x00, 0xCC, 0x33
	.byte 0x13, 0xC0, 0x31, 0x11, 0x00, 0x33, 0xC0, 0x33, 0x33, 0x33, 0x3C, 0x31, 0x33, 0x00, 0x11, 0x3C
	.byte 0x31, 0x13, 0x11, 0x3C, 0x33, 0x11, 0x32, 0x44, 0x1C, 0x30, 0x03, 0x00, 0x0B, 0x41, 0x14, 0x20
	.byte 0x03, 0x31, 0xF9, 0x00, 0x0B, 0x10, 0x03, 0x40, 0x0F, 0x10, 0x1B, 0x10, 0x01, 0x41, 0x14, 0x30
	.byte 0x01, 0xC0, 0x10, 0x0B, 0x00, 0x42, 0x33, 0x33, 0x13, 0x31, 0x33, 0x31, 0x84, 0x00, 0x05, 0xCC
	.byte 0xCC, 0xCC, 0xCC, 0x10, 0x13, 0x21, 0x12, 0xF9, 0x30, 0x01, 0x30, 0x2D, 0xF0, 0x0F, 0x00, 0x2B
	.byte 0x40, 0x01, 0x13, 0x31, 0x10, 0x0B, 0xFE, 0x50, 0x17, 0x50, 0x01, 0x40, 0x52, 0x60, 0x05, 0xD0
	.byte 0x1F, 0xF0, 0x01, 0xF0, 0x01, 0x11, 0x01, 0x11, 0x81, 0x99, 0x11, 0x11, 0x91, 0x89, 0x20, 0x03
	.byte 0x00, 0x98, 0x89, 0x99, 0x11, 0x99, 0x99, 0x98, 0x11, 0x38, 0x89, 0x98, 0x00, 0x0F, 0xF0, 0x01
	.byte 0x50, 0x01, 0x67, 0x66, 0x77, 0x42, 0x17, 0x10, 0x06, 0x11, 0x11, 0x71, 0x66, 0x10, 0x0D, 0x11
	.byte 0x05, 0x11, 0x66, 0x66, 0x11, 0x61, 0x00, 0x03, 0x67, 0x00, 0x03, 0x42, 0x66, 0x30, 0x03, 0x66
	.byte 0x66, 0x76, 0x7F, 0x00, 0x03, 0xFF, 0xA0, 0x00, 0x08, 0xF7, 0x00, 0x03, 0xE7, 0x66, 0x66, 0x17
	.byte 0x87, 0x24, 0x66, 0x76, 0x00, 0x19, 0x17, 0x61, 0x00, 0x06, 0x55, 0x65, 0x80, 0x00, 0x3B, 0x11
	.byte 0x17, 0x71, 0x61, 0x71, 0x77, 0x61, 0x0E, 0x68, 0x68, 0x67, 0x68, 0x20, 0x30, 0xA0, 0x01, 0x50
	.byte 0x6B, 0x71, 0x00, 0x11, 0x11, 0x77, 0x68, 0x71, 0x66, 0x15, 0x66, 0x2D, 0x77, 0x65, 0x00, 0x15
	.byte 0x17, 0x00, 0x04, 0x10, 0x44, 0x66, 0x10, 0x7F, 0xA8, 0x20, 0x01, 0x77, 0x00, 0x03, 0x65, 0x00
	.byte 0x0E, 0x15, 0x68, 0x66, 0x00, 0x17, 0x66, 0x81, 0x66, 0x66, 0x68, 0x56, 0x66, 0xB4, 0x00, 0x06
	.byte 0x68, 0x60, 0x3F, 0xD0, 0x01, 0x76, 0x00, 0x03, 0x66, 0xF7, 0x7B, 0xEF, 0x10, 0xB2, 0x30, 0xAB
	.byte 0x10, 0xB3, 0x10, 0xBB, 0x71, 0x10, 0x73, 0x10, 0x03, 0x40, 0x61, 0x10, 0x3B, 0x67, 0x76, 0x51
	.byte 0x11, 0x51, 0x86, 0x00, 0x57, 0x99, 0x15, 0x66, 0x98, 0x89, 0x18, 0x66, 0x00, 0x98, 0xF1, 0x1F
	.byte 0x66, 0x86, 0xF5, 0x8F, 0x66, 0x10, 0x86, 0xFF, 0x98, 0x00, 0x21, 0x95, 0x66, 0x66, 0x67, 0x42
	.byte 0x16, 0x40, 0xA6, 0x15, 0x66, 0x66, 0x56, 0x00, 0x35, 0x55, 0x00, 0x99, 0x88, 0x66, 0xF5, 0x99
	.byte 0x99, 0x68, 0xF5, 0x00, 0x81, 0x99, 0x89, 0xF5, 0xF5, 0x89, 0x59, 0x56, 0x90, 0x10, 0xF7, 0x78
	.byte 0x51, 0x10, 0xAC, 0x65, 0x66, 0x16, 0x59, 0x08, 0x51, 0x66, 0x16, 0x99, 0x40, 0x03, 0x98, 0x51
	.byte 0x66, 0x03, 0x77, 0x5F, 0x65, 0x66, 0x61, 0x18, 0x10, 0x3D, 0x90, 0xF7, 0x4E, 0x88, 0x00, 0xBF
	.byte 0x66, 0x78, 0x20, 0xDB, 0x11, 0x3C, 0x01, 0x3A, 0x1E, 0x0E, 0x66, 0x66, 0x77, 0x11, 0x10, 0xE9
	.byte 0x60, 0xEC, 0x80, 0x01, 0x77, 0xD8, 0x00, 0x22, 0x00, 0x06, 0x87, 0xF0, 0x19, 0x40, 0x01, 0x61
	.byte 0x66, 0x15, 0x03, 0x86, 0x66, 0x86, 0x66, 0x11, 0x88, 0xF1, 0x0B, 0x10, 0x01, 0x1B, 0x51, 0x66
	.byte 0x76, 0x00, 0xF9, 0x00, 0x6A, 0x77, 0x11, 0xBF, 0xF0, 0x01, 0xF9, 0x91, 0x8B, 0x01, 0x1A, 0x21
	.byte 0x13, 0xE1, 0x47, 0x40, 0x07, 0x76, 0x1F, 0x30, 0x03, 0x2E, 0x11, 0x1E, 0xE2, 0x9F, 0x13, 0x32
	.byte 0x99, 0x32, 0xC4, 0x90, 0x1B
	@ inter-resource bytes 0x08DBF3F9-0x08DBF3FB
	.byte 0x00, 0x00, 0x00
CompressedResource_JP_08DBF3FC: @ 0x08DBF3FC (LZ77 -> 0x300 bytes)
	.byte 0x10, 0x00, 0x03, 0x00, 0x30, 0x00, 0x00, 0xF0, 0x01, 0x90, 0x01, 0xBB, 0xBB, 0xBB, 0xBB, 0x39
	.byte 0xAA, 0xAA, 0x30, 0x01, 0x10, 0x0B, 0xD0, 0x0F, 0x11, 0x11, 0xF0, 0x01, 0x95, 0xF0, 0x01, 0x11
	.byte 0x31, 0x00, 0x03, 0x21, 0x00, 0x03, 0x22, 0x00, 0x06, 0x04, 0x22, 0x11, 0x31, 0x22, 0x22, 0x00
	.byte 0x02, 0x22, 0x21, 0xE8, 0x00, 0x03, 0x10, 0x07, 0x20, 0x01, 0xC2, 0x50, 0x08, 0x22, 0x22, 0xCF
	.byte 0xA9, 0x00, 0x03, 0xCC, 0x40, 0x0B, 0x32, 0x10, 0x34, 0x22, 0x13, 0x00, 0x03, 0x3D, 0x22, 0x13
	.byte 0x10, 0x0E, 0x70, 0x25, 0x30, 0x01, 0xD0, 0x68, 0x13, 0x00, 0x03, 0x7C, 0x12, 0x00, 0x03, 0x20
	.byte 0x37, 0x10, 0x74, 0x40, 0x63, 0x10, 0x73, 0x11, 0x31, 0x02, 0xEE, 0x33, 0x11, 0x31, 0xFF, 0xE3
	.byte 0x00, 0x03, 0xF3, 0x02, 0x11, 0x22, 0xF3, 0xF3, 0x11, 0xF2, 0xD0, 0x4D, 0x22, 0x00, 0x22, 0x3E
	.byte 0xEE, 0x23, 0x22, 0x3F, 0xFF, 0xE3, 0x11, 0x23, 0x3F, 0x3F, 0x00, 0x6B, 0xF2, 0xFF, 0xFF, 0x30
	.byte 0x15, 0x68, 0x33, 0x60, 0x04, 0x40, 0x82, 0x23, 0x00, 0x06, 0x32, 0x23, 0x22, 0x26, 0x23, 0xF3
	.byte 0x00, 0x9A, 0x11, 0x22, 0x00, 0x70, 0x10, 0x03, 0x23, 0xB8, 0x80, 0x03, 0x2F, 0x10, 0x03, 0x10
	.byte 0x8C, 0x00, 0x43, 0x11, 0x21, 0xFF, 0x5F, 0xEF, 0x00, 0x03, 0xFF, 0x10, 0x0C, 0x00, 0x91, 0x00
	.byte 0x03, 0x20, 0x9A, 0x20, 0x01, 0x05, 0xFF, 0xFF, 0xFF, 0xFF, 0xF3, 0x00, 0x03, 0x3E, 0x00, 0x03
	.byte 0x29, 0xEF, 0xE3, 0x00, 0x04, 0x3F, 0x20, 0x04, 0x33, 0x22, 0x00, 0x05, 0x8D, 0x10, 0xF4, 0x3F
	.byte 0x33, 0x33, 0x10, 0x22, 0x50, 0x01, 0x2F, 0x00, 0x03, 0x5B, 0x12, 0x00, 0x95, 0x11, 0x00, 0x02
	.byte 0x20, 0x44, 0x2F, 0x40, 0xEB, 0x10, 0xF3, 0x87, 0xF0, 0x01, 0x11, 0x11, 0x44, 0x44, 0xF0, 0x01
	.byte 0x90, 0x01, 0xF0, 0x31, 0xC0, 0x20, 0x01, 0x01, 0x27, 0x33, 0x44, 0x33, 0xE3, 0xEE, 0xEE, 0xA0
	.byte 0x41, 0x54, 0x13, 0x00, 0x11, 0x33, 0x31, 0x3F, 0x31, 0x3F, 0x42, 0xF3, 0x00, 0x01, 0xFF, 0x4F
	.byte 0xFF, 0x3F, 0x00, 0x3A, 0x34, 0x3A, 0xEE, 0xEE, 0x40, 0x1F, 0xF0, 0x01, 0x10, 0x3F, 0x34, 0x00
	.byte 0x3F, 0x3E, 0x0F, 0xE2, 0xFF, 0x13, 0x11, 0xF0, 0x03, 0x70, 0x03, 0x11, 0x4C, 0x10, 0x47, 0x85
	.byte 0x50, 0xE0, 0x33, 0x33, 0x33, 0x33, 0x90, 0x48, 0x00, 0x00, 0x1F, 0x5E, 0x20, 0x00, 0x1F, 0xE2
	.byte 0x01, 0x06, 0x20, 0x03, 0x00, 0x21, 0x90, 0x3F, 0x11, 0x43, 0x41, 0x00, 0xC3, 0x44, 0x66, 0x44
	.byte 0x41, 0x00, 0x03, 0x10, 0xCF, 0x38, 0x64, 0x46, 0x10, 0x03, 0x30, 0x05, 0x10, 0x0F, 0xF4, 0xFF
	.byte 0x44, 0x0F, 0x44, 0xFF, 0xFF, 0x4F, 0x60, 0x03, 0x10, 0x0F, 0x50, 0x25, 0x10, 0x09
	@ inter-resource bytes 0x08DBF57A-0x08DBF57B
	.byte 0x00, 0x00
CompressedResource_JP_08DBF57C: @ 0x08DBF57C (LZ77 -> 0x140 bytes)
	.byte 0x10, 0x40, 0x01, 0x00, 0x30, 0x00, 0x00, 0xF0, 0x01, 0x90, 0x01, 0xBB, 0xBB, 0xBB, 0xBB, 0x38
	.byte 0xAA, 0xAA, 0x30, 0x01, 0x10, 0x0B, 0xD0, 0x0F, 0x00, 0x00, 0xCC, 0x00, 0xCC, 0x00, 0xCC, 0xFE
	.byte 0xFF, 0xC0, 0xFE, 0x5F, 0x00, 0x55, 0xC0, 0x5F, 0x55, 0x55, 0xEC, 0x5F, 0x99, 0x12, 0x55, 0xFC
	.byte 0x55, 0x10, 0x03, 0x55, 0x15, 0x00, 0x03, 0x11, 0x00, 0xCC, 0xCC, 0xCC, 0xCC, 0xFF, 0xFF, 0xFF
	.byte 0xFF, 0x03, 0x55, 0x55, 0x55, 0x55, 0x95, 0x59, 0x30, 0x01, 0x10, 0x0B, 0x31, 0x11, 0x11, 0x30
	.byte 0x01, 0x10, 0x23, 0xFC, 0x95, 0x59, 0x30, 0x03, 0xF8, 0x10, 0x0B, 0xC0, 0x0F, 0x50, 0x27, 0xF0
	.byte 0x01, 0x40, 0x01, 0x61, 0x16, 0x11, 0x00, 0x71, 0x16, 0x61, 0x17, 0x61, 0x71, 0x17, 0x16, 0x0F
	.byte 0x16, 0x87, 0x78, 0x61, 0x10, 0x03, 0x10, 0x0B, 0x10, 0x13, 0x10, 0x1B, 0x9F, 0x20, 0x23, 0x81
	.byte 0x18, 0x30, 0x03, 0x50, 0x01, 0xD0, 0x0F, 0x60, 0x16, 0x30, 0x01, 0x80, 0xA0, 0x14, 0x91, 0x19
	.byte 0x11, 0x71, 0x19, 0x91, 0x17, 0x00, 0x91, 0x71, 0x17, 0x19, 0x19, 0x97, 0x79, 0x91, 0xF0, 0x10
	.byte 0x03, 0x10, 0x0B, 0x10, 0x13, 0x10, 0x1B
	@ inter-resource bytes 0x08DBF623-0x08DBF623
	.byte 0x00
CompressedResource_JP_08DBF624: @ 0x08DBF624 (LZ77 -> 0x300 bytes)
	.byte 0x10, 0x00, 0x03, 0x00, 0x30, 0x00, 0x00, 0xF0, 0x01, 0x90, 0x01, 0xBB, 0xBB, 0xBB, 0xBB, 0x38
	.byte 0xAA, 0xAA, 0x30, 0x01, 0x10, 0x0B, 0xD0, 0x0F, 0xCC, 0xCC, 0xCC, 0x00, 0xCC, 0xEC, 0xFF, 0xFF
	.byte 0xFE, 0xEC, 0xFF, 0xEF, 0x01, 0xEF, 0xEC, 0xFF, 0xFE, 0xFE, 0xEC, 0xEF, 0x00, 0x07, 0x45, 0xFE
	.byte 0x40, 0x07, 0xEE, 0xEE, 0xEE, 0x10, 0x1F, 0xFF, 0x00, 0x1F, 0x5B, 0xFF, 0x00, 0x1F, 0xFE, 0x00
	.byte 0x1F, 0x00, 0x16, 0xEF, 0x00, 0x1E, 0x20, 0x07, 0xD8, 0x00, 0x1E, 0x50, 0x1F, 0xCE, 0x10, 0x03
	.byte 0x00, 0x24, 0xCE, 0xEF, 0xFF, 0x2A, 0xEF, 0xCE, 0x00, 0x1E, 0xCE, 0x00, 0x1E, 0xCE, 0x00, 0x1E
	.byte 0xCE, 0x35, 0x11, 0x11, 0xF0, 0x01, 0xC0, 0x01, 0xC1, 0x40, 0x07, 0xC3, 0x00, 0x03, 0x65, 0xCC
	.byte 0x40, 0x0F, 0x00, 0x07, 0xC3, 0xCC, 0x00, 0x02, 0xDC, 0x10, 0x10, 0x23, 0xCC, 0x1C, 0x00, 0x03
	.byte 0x13, 0x11, 0x11, 0x00, 0x06, 0x20, 0x20, 0xC7, 0x20, 0x0F, 0x00, 0x08, 0xCD, 0xCC, 0x3C, 0xF0
	.byte 0x4D, 0xF0, 0x01, 0xF0, 0x01, 0x83, 0x80, 0x01, 0x22, 0x22, 0x22, 0x22, 0x21, 0x00, 0x03, 0x10
	.byte 0x08, 0x7B, 0x11, 0x00, 0x08, 0x20, 0x03, 0x40, 0x13, 0x40, 0x01, 0xC4, 0xF0, 0x03, 0x70, 0x03
	.byte 0xB0, 0x80, 0x4A, 0x31, 0x40, 0xBB, 0x40, 0xC7, 0xC1, 0xCC, 0x11, 0x31, 0x00, 0xCC, 0xCC, 0xC1
	.byte 0xCC, 0xCC, 0xED, 0xCC, 0xCC, 0x28, 0xDC, 0xEE, 0x00, 0x02, 0xEE, 0x00, 0x09, 0xEE, 0xDC, 0xCE
	.byte 0x10, 0xCC, 0xEC, 0xEC, 0x80, 0x03, 0xDE, 0xCC, 0xCC, 0x1C, 0x04, 0xEE, 0xCD, 0xCC, 0xCC, 0xEE
	.byte 0x00, 0x04, 0xEE, 0x99, 0x02, 0xDE, 0xCC, 0x9E, 0x88, 0xE9, 0xCD, 0x00, 0x03, 0xCE, 0x0F, 0xCE
	.byte 0x99, 0xEC, 0xCE, 0x00, 0x1E, 0x61, 0x3F, 0x00, 0xFE, 0x20, 0xFF, 0xF0, 0x10, 0xF1, 0x71, 0x03
	.byte 0x10, 0x15, 0x70, 0x01, 0x33, 0x44, 0x44, 0x44, 0x0F, 0x11, 0x31, 0x43, 0x44, 0x00, 0x8A, 0x00
	.byte 0x03, 0x20, 0x8F, 0xA0, 0x01, 0xC3, 0x00, 0x1E, 0x60, 0x01, 0x33, 0x33, 0x33, 0x33, 0x50, 0xE0
	.byte 0x50, 0xFF, 0x0D, 0x44, 0xC4, 0xCC, 0xCC, 0x20, 0x03, 0x01, 0xD3, 0x43, 0x70, 0x23, 0xF4, 0x60
	.byte 0xEB, 0x11, 0xEB, 0x50, 0x01, 0x00, 0x1E, 0xC4, 0x00, 0x1E, 0xC4, 0xEE, 0x08, 0xC3, 0xCC, 0xCC
	.byte 0xEF, 0x00, 0x0F, 0xFE, 0xFC, 0xDC, 0xFA, 0x32, 0x1B, 0x02, 0x23, 0x12, 0x2B, 0x12, 0x33, 0x20
	.byte 0x28, 0xEE, 0x00, 0x01, 0xED, 0xC0, 0x00, 0xFB, 0x02, 0x0C, 0xCF, 0xEC, 0xCE, 0xEE, 0xFE, 0xCD
	.byte 0x0B, 0xCC, 0xDC, 0xFF, 0xFF, 0x02, 0x33, 0xCF, 0x30, 0x47, 0x10, 0x1E, 0x10, 0xEE, 0xEE, 0xDE
	.byte 0x10, 0x1E, 0xCC, 0xEE, 0xEC, 0xCE, 0x6A, 0xEC, 0x00, 0x1E, 0x00, 0x37, 0xEF, 0x00, 0x52, 0xFC
	.byte 0x30, 0x3F, 0xCC, 0x43, 0x3C, 0x12, 0x63, 0xEF, 0xFE, 0xCD, 0xCE, 0xF0, 0x5F, 0x00, 0x18
	@ inter-resource bytes 0x08DBF7B3-0x08DBF7B3
	.byte 0x00
CompressedResource_JP_08DBF7B4: @ 0x08DBF7B4 (LZ77 -> 0x220 bytes)
	.byte 0x10, 0x20, 0x02, 0x00, 0x30, 0x00, 0x00, 0xF0, 0x01, 0x90, 0x01, 0xBB, 0xBB, 0xBB, 0xBB, 0x38
	.byte 0xAA, 0xAA, 0x30, 0x01, 0x10, 0x0B, 0xD0, 0x0F, 0x00, 0x00, 0xCC, 0x00, 0xCC, 0x00, 0xCC, 0x44
	.byte 0x44, 0xC0, 0x34, 0x13, 0x02, 0x11, 0xC0, 0x33, 0x33, 0x11, 0x4C, 0x10, 0x03, 0x31, 0x07, 0x13
	.byte 0x11, 0x4C, 0x11, 0x11, 0xB0, 0x03, 0x10, 0x13, 0xF0, 0x1F, 0xDC, 0x70, 0x01, 0x00, 0x13, 0x11
	.byte 0x00, 0x1B, 0x20, 0x03, 0x00, 0x0B, 0x44, 0x44, 0x03, 0x44, 0x44, 0xCC, 0xCC, 0xCC, 0xCC, 0xF0
	.byte 0x1F, 0x30, 0x1F, 0x9D, 0x90, 0x3A, 0x66, 0x66, 0xF0, 0x01, 0x50, 0x01, 0x20, 0x20, 0x61, 0x00
	.byte 0x07, 0xF5, 0x00, 0x0B, 0x00, 0x06, 0xE0, 0x03, 0x80, 0x5F, 0x71, 0x00, 0x5B, 0x57, 0x20, 0x03
	.byte 0x90, 0x10, 0x0B, 0x11, 0x11, 0x30, 0x03, 0x77, 0x17, 0x11, 0x77, 0x00, 0x55, 0x75, 0x11, 0x75
	.byte 0x57, 0x79, 0x17, 0x67, 0x10, 0x76, 0x55, 0x77, 0x00, 0x03, 0x27, 0x79, 0x57, 0x75, 0x00, 0x22
	.byte 0x55, 0x59, 0x27, 0x22, 0x55, 0x77, 0x22, 0x01, 0x22, 0x88, 0x47, 0x44, 0x74, 0x78, 0x44, 0x20
	.byte 0x03, 0x40, 0x87, 0x30, 0x03, 0x74, 0x88, 0x78, 0x47, 0x74, 0x88, 0x00, 0x17, 0x71, 0x44, 0x87
	.byte 0x11, 0x11, 0x77, 0x71, 0x00, 0x77, 0x27, 0x7F, 0x22, 0x11, 0x27, 0x77, 0x22, 0x00, 0x11, 0x57
	.byte 0x25, 0x27, 0x11, 0x71, 0x22, 0x72, 0x40, 0x11, 0x00, 0x33, 0x71, 0x78, 0x22, 0x27, 0x87, 0x78
	.byte 0x03, 0x22, 0x72, 0x87, 0x47, 0x27, 0x72, 0x60, 0x67, 0x30, 0x7F, 0x45, 0x87, 0x20, 0x03, 0x31
	.byte 0x73, 0x88, 0x00, 0x13, 0x77, 0x10, 0x96, 0x0C, 0x88, 0x47, 0x74, 0x77, 0xF0, 0x5F, 0xF0, 0x5F
	.byte 0x71, 0x57, 0x00, 0x25, 0x57, 0x27, 0x72, 0x22, 0x72, 0x27, 0x22, 0x84, 0x00, 0x0B, 0x22, 0x22
	.byte 0x22, 0x77, 0x00, 0x13, 0x87, 0x77, 0x20, 0x44, 0x27, 0x30, 0x47, 0x71, 0x55, 0x11, 0x31, 0x97
	.byte 0x00, 0x79, 0x11, 0x73, 0x55, 0x67, 0x11, 0x73, 0x95, 0x06, 0x79, 0x11, 0x31, 0x77, 0x55, 0x20
	.byte 0x13, 0x00, 0x1B, 0x17, 0xA0, 0x00, 0x04, 0x75, 0x00, 0x21, 0x97, 0x55, 0x17, 0x11, 0x76, 0x02
	.byte 0x99, 0x37, 0x11, 0x57, 0x75, 0x33, 0x00, 0x03, 0x13, 0xC0, 0x30, 0x18, 0x00, 0x01
	@ inter-resource bytes 0x08DBF8F2-0x08DBF8F3
	.byte 0x00, 0x00
CompressedResource_JP_08DBF8F4: @ 0x08DBF8F4 (LZ77 -> 0x340 bytes)
	.byte 0x10, 0x40, 0x03, 0x00, 0x30, 0x00, 0x00, 0xF0, 0x01, 0x90, 0x01, 0xBB, 0xBB, 0xBB, 0xBB, 0x38
	.byte 0xAA, 0xAA, 0x30, 0x01, 0x10, 0x0B, 0xF0, 0x0F, 0xCC, 0xCC, 0xAA, 0x00, 0xCC, 0x2D, 0x22, 0xCA
	.byte 0x2D, 0x44, 0x44, 0xCB, 0x09, 0x42, 0x44, 0x44, 0xDC, 0x00, 0x03, 0x2C, 0x44, 0x70, 0x03, 0x00
	.byte 0xCC, 0xCC, 0xCC, 0xCC, 0x22, 0x22, 0x22, 0x22, 0xE5, 0x00, 0x0A, 0xF0, 0x01, 0xA0, 0x1F, 0x34
	.byte 0x33, 0x30, 0x03, 0x44, 0x50, 0x03, 0x60, 0x34, 0x10, 0x03, 0x30, 0x1F, 0x11, 0x11, 0x33, 0x33
	.byte 0x23, 0x22, 0x22, 0x44, 0x20, 0x03, 0x33, 0x22, 0x33, 0x30, 0x03, 0x23, 0xA0, 0x00, 0x05, 0x23
	.byte 0x10, 0x1F, 0x11, 0x11, 0x55, 0x55, 0x22, 0x09, 0x22, 0x12, 0x11, 0x33, 0x20, 0x03, 0x22, 0x11
	.byte 0x00, 0x4E, 0xA8, 0x10, 0x03, 0x12, 0x00, 0x05, 0x12, 0x10, 0x1F, 0x55, 0x55, 0x55, 0x00, 0x55
	.byte 0x11, 0x11, 0x11, 0x11, 0x22, 0x11, 0x21, 0xE3, 0x10, 0x4A, 0x30, 0x0A, 0x10, 0x05, 0x55, 0x11
	.byte 0x21, 0xA0, 0x1F, 0x10, 0x38, 0x80, 0xC0, 0x07, 0xCC, 0xCC, 0xBB, 0xBB, 0x55, 0xEF, 0xCC, 0x00
	.byte 0xAA, 0x11, 0x51, 0xEF, 0xAC, 0x22, 0x22, 0xF5, 0x00, 0xBC, 0x11, 0x11, 0xF5, 0xCE, 0x22, 0x22
	.byte 0x52, 0x07, 0xCF, 0x11, 0x11, 0x51, 0xCF, 0x10, 0x07, 0x90, 0xEB, 0xF0, 0x03, 0xFF, 0xF0, 0xEF
	.byte 0xF0, 0x01, 0x20, 0xE7, 0xF0, 0x01, 0x40, 0x01, 0x10, 0xE3, 0x00, 0xEB, 0x70, 0x01, 0x3E, 0x43
	.byte 0x34, 0x30, 0x03, 0x40, 0x01, 0x10, 0xE3, 0x10, 0xA7, 0x60, 0x01, 0x32, 0x7C, 0x23, 0x30, 0x03
	.byte 0x40, 0x01, 0x00, 0xE3, 0x30, 0xF1, 0x50, 0x01, 0x21, 0x12, 0xFE, 0x30, 0x03, 0x80, 0x01, 0xF0
	.byte 0xF7, 0x90, 0x07, 0x30, 0xE7, 0xF0, 0x07, 0x30, 0x07, 0xFC, 0x03, 0x78, 0x77, 0x77, 0xFC, 0x18
	.byte 0x71, 0x30, 0x03, 0x10, 0x0B, 0x9F, 0x10, 0x03, 0x28, 0x72, 0x30, 0x03, 0x00, 0x0B, 0xF0, 0x01
	.byte 0xB0, 0x01, 0x51, 0xE7, 0xFF, 0x40, 0x03, 0x41, 0xFB, 0x52, 0x0B, 0x20, 0xE2, 0x21, 0xE7, 0x41
	.byte 0x07, 0x21, 0xFB, 0x32, 0x07, 0x7E, 0x23, 0x00, 0x0B, 0x20, 0xE2, 0x21, 0xE7, 0x41, 0x07, 0x21
	.byte 0xFB, 0x32, 0x07, 0x12, 0xFC, 0x00, 0x0B, 0x40, 0xE0, 0x01, 0xE7, 0x41, 0x07, 0x30, 0xD7, 0x62
	.byte 0x07, 0x22, 0x22, 0xC1, 0xF0, 0x91, 0x70, 0x01, 0x21, 0x43, 0x34, 0x12, 0x75, 0x00, 0x07, 0x55
	.byte 0x51, 0x00, 0x03, 0x22, 0x00, 0x08, 0x11, 0x00, 0x08, 0x22, 0x00, 0x08, 0xC8, 0x00, 0xFB, 0x00
	.byte 0x07, 0x22, 0x75, 0x00, 0x40, 0x51
	@ inter-resource bytes 0x08DBFA5A-0x08DBFA5B
	.byte 0x00, 0x00
CompressedResource_JP_08DBFA5C: @ 0x08DBFA5C (LZ77 -> 0x2A0 bytes)
	.byte 0x10, 0xA0, 0x02, 0x00, 0x30, 0x00, 0x00, 0xF0, 0x01, 0x90, 0x01, 0xBB, 0xBB, 0xBB, 0xBB, 0x38
	.byte 0xAA, 0xAA, 0x30, 0x01, 0x10, 0x0B, 0xD0, 0x0F, 0x00, 0x00, 0xCC, 0x00, 0xCC, 0x00, 0xCC, 0xFE
	.byte 0xFF, 0xC0, 0xFE, 0x2F, 0x00, 0x22, 0xC0, 0x2F, 0x32, 0x33, 0xEC, 0x2F, 0x33, 0x10, 0x33, 0xFC
	.byte 0x32, 0x70, 0x03, 0xCC, 0xCC, 0xCC, 0xCC, 0x00, 0xFF, 0xFF, 0xFF, 0xFF, 0x22, 0x22, 0x22, 0x22
	.byte 0x3C, 0x33, 0x33, 0xF0, 0x01, 0x90, 0x2B, 0xF0, 0x03, 0x00, 0x20, 0x44, 0x44, 0x0C, 0x34, 0x33
	.byte 0x43, 0x44, 0x00, 0x08, 0x00, 0x06, 0x34, 0x34, 0x0D, 0x44, 0x43, 0x34, 0x33, 0x00, 0x10, 0x00
	.byte 0x16, 0x33, 0x00, 0x0E, 0x80, 0x00, 0x07, 0x11, 0x41, 0x44, 0x11, 0x11, 0x44, 0x44, 0x01, 0x14
	.byte 0x41, 0x44, 0x44, 0x44, 0x41, 0x11, 0x00, 0x06, 0xAE, 0x10, 0x03, 0x44, 0x00, 0x02, 0x14, 0x00
	.byte 0x15, 0x00, 0x07, 0x10, 0x34, 0x34, 0xEE, 0x10, 0x34, 0x20, 0x4A, 0x20, 0x37, 0x33, 0x10, 0x0F
	.byte 0x10, 0x17, 0x00, 0x04, 0x44, 0xCF, 0x20, 0x25, 0x10, 0x32, 0x14, 0x41, 0x30, 0x34, 0x00, 0x07
	.byte 0x10, 0x0F, 0x10, 0x17, 0xBC, 0x10, 0x58, 0x11, 0x00, 0x4F, 0x20, 0x14, 0x30, 0x4D, 0x20, 0x7C
	.byte 0x11, 0x34, 0x01, 0x43, 0x43, 0x11, 0x34, 0x33, 0x34, 0x44, 0x00, 0x07, 0xFF, 0x20, 0x50, 0x20
	.byte 0x89, 0x30, 0x06, 0x10, 0x03, 0x40, 0x9F, 0x20, 0x07, 0x10, 0x63, 0x90, 0x83, 0x42, 0x43, 0xC0
	.byte 0xFF, 0x11, 0x12, 0x11, 0x11, 0x10, 0x03, 0x21, 0x1B, 0x22, 0x11, 0x21, 0x00, 0x07, 0x00, 0x01
	.byte 0x21, 0x10, 0x10, 0x00, 0x04, 0x29, 0x12, 0x12, 0x01, 0x32, 0x12, 0x40, 0x1E, 0x11, 0x22, 0x10
	.byte 0x07, 0xDF, 0x00, 0x08, 0x10, 0x19, 0x22, 0x10, 0x11, 0x00, 0x0C, 0x10, 0x20, 0x10, 0x23, 0x70
	.byte 0x19, 0xFF, 0x10, 0x3B, 0x20, 0x2E, 0x20, 0x08, 0x20, 0x0C, 0x00, 0x20, 0x10, 0x1E, 0x10, 0x04
	.byte 0x00, 0x21, 0xF7, 0x10, 0x04, 0x00, 0x10, 0x30, 0x30, 0x10, 0x28, 0x43, 0x50, 0xB4, 0x30, 0x9A
	.byte 0x70, 0xB6, 0xFF, 0x60, 0x01, 0x11, 0x7F, 0x60, 0x12, 0x21, 0x46, 0x40, 0x0B, 0x30, 0xCA, 0xF1
	.byte 0x5F, 0xA1, 0x5F, 0xC0, 0x11, 0xFB, 0x10, 0x01, 0xF3, 0x33, 0xF3, 0x33, 0xFF, 0x3F, 0x3F, 0xFF
	.byte 0x3F, 0x10, 0x07, 0x10, 0xB4, 0x10, 0x13, 0x12, 0x1B, 0xF2, 0x11, 0xB0, 0x01
	@ inter-resource bytes 0x08DBFBA9-0x08DBFBAB
	.byte 0x00, 0x00, 0x00
CompressedResource_JP_08DBFBAC: @ 0x08DBFBAC (LZ77 -> 0x540 bytes)
	.byte 0x10, 0x40, 0x05, 0x00, 0x30, 0x00, 0x00, 0xF0, 0x01, 0x90, 0x01, 0xBB, 0xBB, 0xBB, 0xBB, 0x38
	.byte 0xAA, 0xAA, 0x30, 0x01, 0x10, 0x0B, 0xD0, 0x0F, 0xCC, 0xCC, 0xCC, 0x04, 0xCC, 0x1C, 0x11, 0x11
	.byte 0x11, 0x20, 0x03, 0x51, 0x15, 0x19, 0x51, 0x1C, 0x51, 0x40, 0x0B, 0x20, 0x0F, 0x11, 0x11, 0x10
	.byte 0x1F, 0xDF, 0x00, 0x0A, 0x20, 0x01, 0x15, 0x00, 0x1F, 0x50, 0x0B, 0x50, 0x01, 0xD0, 0x2F, 0xD0
	.byte 0x0F, 0x0F, 0x91, 0x19, 0x91, 0x19, 0xD0, 0x33, 0xF0, 0x01, 0x10, 0x22, 0x90, 0x26, 0xF4, 0xD0
	.byte 0x0F, 0xF0, 0x01, 0xF0, 0x01, 0x60, 0x01, 0x55, 0x00, 0x02, 0x33, 0x11, 0x06, 0x51, 0x33, 0x33
	.byte 0x11, 0x35, 0x00, 0x03, 0xD0, 0x1C, 0x15, 0x00, 0x11, 0x11, 0x33, 0x56, 0x15, 0x11, 0x33, 0x33
	.byte 0x5C, 0x56, 0x00, 0x03, 0x63, 0x00, 0x0D, 0xF0, 0x01, 0x40, 0x43, 0x44, 0x51, 0x18, 0x55, 0x46
	.byte 0x44, 0xF0, 0x1A, 0x41, 0x0B, 0x11, 0x11, 0x51, 0xAE, 0x00, 0x03, 0x35, 0x00, 0x66, 0x33, 0x10
	.byte 0x03, 0x00, 0x6A, 0x10, 0x03, 0x63, 0xD0, 0x40, 0x03, 0x90, 0x01, 0x15, 0x00, 0x03, 0x56, 0x36
	.byte 0x33, 0x33, 0x00, 0x53, 0x33, 0x36, 0x33, 0x53, 0x63, 0x56, 0x33, 0x00, 0x53, 0x53, 0x5F, 0x36
	.byte 0x63, 0x53, 0x5F, 0x35, 0x0E, 0x33, 0x53, 0x55, 0x35, 0xE0, 0x9F, 0x40, 0x5B, 0x50, 0x5F, 0x75
	.byte 0xC0, 0xF0, 0x1D, 0x00, 0x18, 0x55, 0x55, 0x55, 0x75, 0x77, 0x77, 0xE6, 0x20, 0x01, 0xF0, 0x1D
	.byte 0x60, 0xC0, 0x11, 0x77, 0x10, 0x04, 0xA0, 0x12, 0x51, 0xD4, 0x00, 0xCF, 0x60, 0x03, 0x46, 0x00
	.byte 0x13, 0x45, 0x10, 0x4D, 0x11, 0x55, 0x2A, 0x45, 0x44, 0x00, 0xEA, 0x66, 0x20, 0x01, 0x44, 0xA0
	.byte 0x01, 0x64, 0x23, 0x65, 0x46, 0x00, 0x04, 0x46, 0x44, 0x64, 0x60, 0x10, 0x30, 0x06, 0x95, 0x00
	.byte 0x15, 0x44, 0x56, 0x00, 0x03, 0xF6, 0x11, 0x03, 0x15, 0x01, 0x6C, 0x82, 0x10, 0x03, 0x56, 0x11
	.byte 0x51, 0x63, 0x54, 0x00, 0x0F, 0x65, 0x00, 0x16, 0x11, 0x51, 0xF5, 0x16, 0x11, 0x11, 0xF5, 0x6C
	.byte 0x56, 0x01, 0x6B, 0xB1, 0x0B, 0x33, 0x01, 0x03, 0x01, 0x27, 0x63, 0x55, 0x62, 0x51, 0x01, 0x88
	.byte 0x02, 0x1E, 0x55, 0x63, 0x55, 0x00, 0x10, 0x66, 0xA0, 0x10, 0x18, 0x63, 0x10, 0x03, 0x63, 0x56
	.byte 0x55, 0x36, 0x53, 0x00, 0x1F, 0x55, 0x33, 0x56, 0x55, 0x33, 0x53, 0x15, 0xC1, 0x00, 0x02, 0x01
	.byte 0x07, 0x51, 0x77, 0x15, 0x11, 0x75, 0x10, 0x03, 0x00, 0x76, 0x15, 0x11, 0x66, 0x76, 0x11, 0x11
	.byte 0x5F, 0x80, 0x10, 0x03, 0x77, 0x11, 0x51, 0x56, 0x77, 0x11, 0x75, 0x6A, 0x65, 0x41, 0x05, 0x50
	.byte 0x01, 0x67, 0x00, 0x03, 0x76, 0x00, 0x04, 0x76, 0x50, 0xF6, 0x00, 0x08, 0xF5, 0x00, 0x03, 0x55
	.byte 0x77, 0x67, 0x15, 0x22, 0x11, 0x77, 0x00, 0x3D, 0x77, 0x77, 0x57, 0x20, 0x03, 0x76, 0xCE, 0x00
	.byte 0x10, 0x00, 0x35, 0x15, 0x55, 0x40, 0x03, 0x31, 0x03, 0x20, 0x03, 0x65, 0xE3, 0x11, 0x5A, 0x80
	.byte 0x03, 0x20, 0x01, 0x44, 0x64, 0x55, 0x00, 0xE5, 0x01, 0x1D, 0x00, 0xF6, 0x55, 0x5F, 0x44, 0xF6
	.byte 0x56, 0x5F, 0x44, 0x08, 0x44, 0x5F, 0x65, 0x46, 0x01, 0x04, 0x55, 0x44, 0x66, 0x2D, 0x66, 0x11
	.byte 0x01, 0x87, 0x45, 0x00, 0x1D, 0x00, 0x03, 0x54, 0x71, 0x1A, 0xAD, 0x10, 0x09, 0x64, 0x10, 0x0F
	.byte 0x15, 0x00, 0x1E, 0x21, 0x03, 0x45, 0x01, 0x14, 0x7F, 0x64, 0x10, 0x03, 0x00, 0x6D, 0x00, 0x0E
	.byte 0x21, 0xDF, 0x71, 0x95, 0x12, 0xA3, 0x00, 0x28, 0xF8, 0xF1, 0xC2, 0x62, 0xAF, 0xF0, 0x01, 0x80
	.byte 0x01, 0x02, 0x08, 0x11, 0x51, 0x76, 0x0A, 0x76, 0x11, 0x51, 0x65, 0x02, 0x0B, 0x75, 0x01, 0x1B
	.byte 0x51, 0x72, 0x66, 0x41, 0xFE, 0x20, 0x01, 0x01, 0x03, 0x56, 0x76, 0x31, 0x18, 0x77, 0x27, 0x67
	.byte 0x66, 0x01, 0x19, 0x77, 0x66, 0x00, 0x05, 0x11, 0x18, 0x00, 0x37, 0xF3, 0x00, 0xA0, 0x11, 0x0B
	.byte 0x11, 0x13, 0x31, 0x1B, 0x56, 0x11, 0x21, 0x2F, 0x12, 0xFD, 0xF4, 0x40, 0x3F, 0xF3, 0xFF, 0x63
	.byte 0x1F, 0x21, 0x25, 0x99, 0x00, 0x9F, 0x29, 0x15, 0x10, 0x11, 0x55, 0x59, 0x00, 0x80, 0x59, 0x55
	.byte 0x55, 0xF6, 0x80, 0x20, 0x03, 0xFF, 0x5F, 0x65, 0x29, 0xF5, 0xFF, 0x55, 0x08, 0x99, 0xF5, 0xFF
	.byte 0xFF, 0x00, 0x24, 0x99, 0x55, 0x11, 0x21, 0x51, 0x92, 0x03, 0x72, 0x95, 0x6F, 0x55, 0x55, 0x20
	.byte 0x03, 0x00, 0x56, 0xF5, 0xFF, 0x95, 0x55, 0xFF, 0x5F, 0x92, 0x00, 0xFF, 0xFF, 0x5F, 0x99, 0x99
	.byte 0x59, 0xFF, 0xFF, 0x12, 0x29, 0x22, 0x55, 0x00, 0x03, 0x22, 0x55, 0x00, 0x03, 0x92, 0x80, 0x90
	.byte 0x03, 0x99, 0x99, 0x99, 0x99, 0xFF, 0xFF, 0x95, 0x03, 0x99, 0xFF, 0x55, 0x22, 0x92, 0x55, 0xC0
	.byte 0x1B, 0x50, 0x1F, 0xF8, 0x10, 0x01, 0xD0, 0x17, 0x90, 0x1F, 0xF4, 0x7D, 0xB0, 0x01
	@ inter-resource bytes 0x08DBFE4A-0x08DBFE4B
	.byte 0x00, 0x00
CompressedResource_JP_08DBFE4C: @ 0x08DBFE4C (LZ77 -> 0x500 bytes)
	.byte 0x10, 0x00, 0x05, 0x00, 0x3C, 0x00, 0x00, 0xF0, 0x01, 0xF0, 0x01, 0xF0, 0x01, 0x70, 0x01, 0x02
	.byte 0x00, 0x72, 0x03, 0xF0, 0x01, 0xF0, 0x01, 0xC0, 0x01, 0x02, 0x04, 0x50, 0x3F, 0x04, 0x3A, 0x00
	.byte 0x0C, 0xF0, 0x01, 0xF0, 0x01, 0xC0, 0x01, 0x04, 0x60, 0x3F, 0x07, 0x3A, 0x00, 0x08, 0xF0, 0x01
	.byte 0xF0, 0x01, 0xC0, 0x01, 0x07, 0x60, 0x3F, 0x10, 0x3B, 0x00, 0x11, 0xF0, 0x01, 0xF0, 0x01, 0xC0
	.byte 0x01, 0x10, 0xF0, 0x3F, 0xF0, 0x01, 0xFF, 0xF0, 0x01, 0xF0, 0x3F, 0xF0, 0x3F, 0xF0, 0x01, 0xF0
	.byte 0x01, 0xF0, 0x3F, 0xF0, 0x01, 0xF0, 0x01, 0xFF, 0xF0, 0x3F, 0xF0, 0x3F, 0xF0, 0x01, 0xF0, 0x01
	.byte 0xF0, 0x3F, 0xF0, 0x01, 0xF0, 0x01, 0xF0, 0x3F, 0xFF, 0xF0, 0x3F, 0xF0, 0x01, 0xF0, 0x01, 0xF0
	.byte 0x3F, 0xF0, 0x01, 0xF0, 0x01, 0xF0, 0x3F, 0xF0, 0x3F, 0xFF, 0xF0, 0x01, 0xF0, 0x01, 0xF0, 0x3F
	.byte 0xF0, 0x1D, 0xF0, 0x01, 0xF0, 0x3F, 0xF0, 0x3F, 0xF0, 0x01, 0xE0, 0xF0, 0x01, 0xF0, 0x3F, 0xF0
	.byte 0x3F, 0x00, 0x05, 0x00, 0x06, 0x00, 0x0E, 0x06, 0x04, 0x05, 0x04, 0xF0, 0x35, 0xF0, 0x3F, 0xF0
	.byte 0x3F, 0x11, 0x00, 0x00, 0x0A, 0x00, 0x0B, 0x00, 0x0B, 0x04, 0x0A, 0x1C, 0x04, 0x15, 0x00, 0xF0
	.byte 0x01, 0x50, 0x01, 0x70, 0x3F, 0x0D, 0x00, 0x74, 0x0E, 0xF0, 0x01, 0xF0, 0x01, 0xC0, 0x01, 0x0F
	.byte 0x64, 0x3F, 0x12, 0x00, 0x77, 0x13, 0xF0, 0x01, 0xF0, 0x01, 0xC0, 0x01, 0x14, 0xF4, 0x88, 0xF0
	.byte 0x01, 0xF0, 0x01, 0x80, 0xE0, 0x01
	@ inter-resource bytes 0x08DBFF22-0x08DBFF23
	.byte 0x00, 0x00
CompressedResource_JP_08DBFF24: @ 0x08DBFF24 (LZ77 -> 0x500 bytes)
	.byte 0x10, 0x00, 0x05, 0x00, 0x3C, 0x00, 0x00, 0xF0, 0x01, 0xF0, 0x01, 0xF0, 0x01, 0x70, 0x01, 0x02
	.byte 0x00, 0x72, 0x03, 0xF0, 0x01, 0xF0, 0x01, 0xC0, 0x01, 0x02, 0x04, 0x50, 0x3F, 0x04, 0x1D, 0x08
	.byte 0x13, 0x00, 0xF0, 0x01, 0xF0, 0x01, 0xB0, 0x01, 0x04, 0x60, 0x3F, 0x1C, 0x16, 0x08, 0x09, 0xF0
	.byte 0x01, 0xF0, 0x01, 0xC0, 0x01, 0x05, 0x08, 0x8E, 0x50, 0x3F, 0x08, 0x00, 0x06, 0xF0, 0x01, 0xF0
	.byte 0x01, 0xC0, 0x01, 0x08, 0xFF, 0x60, 0x7F, 0xF0, 0x3F, 0xF0, 0x01, 0xF0, 0x01, 0xF0, 0x3F, 0xF0
	.byte 0x01, 0xF0, 0x01, 0xF0, 0x3F, 0xFF, 0xF0, 0x3F, 0xF0, 0x01, 0xF0, 0x01, 0xF0, 0x3F, 0xF0, 0x01
	.byte 0xF0, 0x01, 0xF0, 0x3F, 0xF0, 0x3F, 0xFF, 0xF0, 0x01, 0xF0, 0x01, 0xF0, 0x3F, 0xF0, 0x01, 0xF0
	.byte 0x01, 0xF0, 0x3F, 0xF0, 0x3F, 0xF0, 0x01, 0xFF, 0xF0, 0x01, 0xF0, 0x3F, 0xF0, 0x1D, 0xF0, 0x01
	.byte 0xF0, 0x3F, 0xF0, 0x3F, 0xF0, 0x01, 0xF0, 0x01, 0x8E, 0xF0, 0x3F, 0x16, 0x00, 0x09, 0xF0, 0x01
	.byte 0xF0, 0x01, 0xC0, 0x01, 0x05, 0xC1, 0x63, 0x7F, 0xF3, 0x3F, 0x0A, 0x00, 0x0B, 0x00, 0x0C, 0xF3
	.byte 0x33, 0xE0, 0xF3, 0x3F, 0xF0, 0x3F, 0x20, 0x01, 0x0D, 0x00, 0x0E, 0x00, 0x0F, 0x3C, 0x00, 0x10
	.byte 0xF0, 0x35, 0xF0, 0x3F, 0xF0, 0x3F, 0x00, 0x01, 0x11, 0x00, 0x41, 0x12, 0x00, 0x05, 0x14, 0x00
	.byte 0x15, 0x00, 0x07, 0xF0, 0x01, 0x91, 0x20, 0x01, 0x15, 0x04, 0x70, 0x3F, 0x02, 0x08, 0x03, 0xF0
	.byte 0x01, 0xCF, 0xF0, 0x01, 0xC0, 0x01, 0x02, 0x0C, 0xF4, 0x89, 0xF0, 0x01, 0xF0, 0x01, 0xD0, 0x01
CompressedResource_JP_08DC0004: @ 0x08DC0004 (LZ77 -> 0x500 bytes)
	.byte 0x10, 0x00, 0x05, 0x00, 0x3C, 0x00, 0x00, 0xF0, 0x01, 0xF0, 0x01, 0xF0, 0x01, 0x70, 0x01, 0x16
	.byte 0x00, 0x02, 0x19, 0x04, 0x18, 0x04, 0x17, 0x04, 0x80, 0x05, 0x00, 0x89, 0xF0, 0x01, 0x18, 0x00
	.byte 0x19, 0xA0, 0x05, 0x16, 0x04, 0x50, 0x3F, 0x00, 0x1A, 0x00, 0x1F, 0x04, 0x1E, 0x04, 0x13, 0x04
	.byte 0x90, 0x70, 0x05, 0x14, 0x00, 0xF0, 0x01, 0x1E, 0x00, 0x1F, 0x00, 0x51, 0x13, 0x80, 0x05, 0x1A
	.byte 0x80, 0x3F, 0x1D, 0x04, 0x1C, 0x00, 0x39, 0xC1, 0x70, 0x05, 0xF0, 0x3D, 0x14, 0x00, 0x1C, 0x00
	.byte 0x1D, 0x00, 0x39, 0xFF, 0x70, 0x05, 0x90, 0x3F, 0xF0, 0x7F, 0xF0, 0x01, 0xF0, 0x7F, 0xF0, 0x7F
	.byte 0xF0, 0x7F, 0xF0, 0x7F, 0xFF, 0xF0, 0x7F, 0xF0, 0x7F, 0xF0, 0x3D, 0xF0, 0x7F, 0xF0, 0x7F, 0xF0
	.byte 0x7F, 0xF0, 0x7F, 0xF0, 0x7F, 0xFF, 0xF0, 0x7F, 0xF0, 0x7F, 0xF0, 0x7F, 0xF0, 0x7F, 0xF0, 0x7F
	.byte 0xF0, 0x7F, 0xF0, 0x7F, 0xF0, 0x7F, 0xFF, 0xF0, 0x7F, 0xF0, 0x7F, 0xF0, 0x7F, 0xF0, 0x7F, 0xF0
	.byte 0x7F, 0xF0, 0x7F, 0xF0, 0x7F, 0xF0, 0x7F, 0xFE, 0xF0, 0x7F, 0xF0, 0x7F, 0xF0, 0x7F, 0xF0, 0x01
	.byte 0xF0, 0x7F, 0xF0, 0x7F, 0x90, 0x7F, 0x02, 0x03, 0x00, 0x03, 0x00, 0x04, 0x00, 0x05, 0xF0, 0x7F
	.byte 0xF0, 0x7F, 0xC0, 0xF0, 0x7F, 0x00, 0x2F, 0x06, 0x00, 0x07, 0x00, 0x08, 0x00, 0x78, 0x09, 0xF0
	.byte 0x7F, 0xF0, 0x7F, 0xF0, 0x7F, 0x00, 0x2F, 0x0A, 0x00, 0x0B, 0x0C, 0x00, 0x0C, 0x00, 0x0D, 0xF0
	.byte 0x7F, 0xF0, 0x7F, 0x00, 0x1B, 0x40, 0x04, 0xC0, 0x01, 0x00, 0x1B, 0x00, 0x0E, 0x00, 0x0F, 0x0F
	.byte 0x00, 0x11, 0x00, 0x12, 0x00, 0x09, 0xF0, 0x01, 0x10, 0x01, 0x70, 0x3F, 0x0A, 0x16, 0x08, 0x17
	.byte 0x0C, 0xC0, 0x01, 0x08, 0x10, 0x01, 0x10, 0x73, 0x00, 0x30, 0x07, 0xF0, 0x01, 0x10, 0x01, 0x16
	.byte 0x0C, 0xF4, 0x89, 0xF0, 0x01, 0xC0, 0xF0, 0x01, 0xD0, 0x01
	@ inter-resource bytes 0x08DC010E-0x08DC010F
	.byte 0x00, 0x00
CompressedResource_JP_08DC0110: @ 0x08DC0110 (LZ77 -> 0x500 bytes)
	.byte 0x10, 0x00, 0x05, 0x00, 0x3C, 0x00, 0x00, 0xF0, 0x01, 0xF0, 0x01, 0xF0, 0x01, 0x70, 0x01, 0x02
	.byte 0x00, 0x72, 0x03, 0xF0, 0x01, 0xF0, 0x01, 0xC0, 0x01, 0x02, 0x04, 0x50, 0x3F, 0x05, 0x0F, 0x00
	.byte 0x06, 0x00, 0x04, 0xA0, 0x03, 0xF0, 0x01, 0x10, 0x01, 0xB0, 0x25, 0x5F, 0x05, 0x80, 0x3F, 0x0A
	.byte 0x00, 0x11, 0x90, 0x03, 0xF0, 0x01, 0x10, 0x01, 0xB0, 0x25, 0xFF, 0x90, 0x3F, 0xF0, 0x2B, 0xF0
	.byte 0x01, 0xD0, 0x01, 0xF0, 0x3F, 0xF0, 0x01, 0xF0, 0x01, 0xF0, 0x3F, 0xFF, 0xF0, 0x3F, 0xF0, 0x01
	.byte 0xF0, 0x01, 0xF0, 0x3F, 0xF0, 0x01, 0xF0, 0x01, 0xF0, 0x3F, 0xF0, 0x3F, 0xFF, 0xF0, 0x01, 0xF0
	.byte 0x01, 0xF0, 0x3F, 0xF0, 0x01, 0xF0, 0x01, 0xF0, 0x3F, 0xF0, 0x3F, 0xF0, 0x01, 0xFF, 0xF0, 0x01
	.byte 0xF0, 0x3F, 0xF0, 0x1D, 0xF0, 0x01, 0xF0, 0x3F, 0xF0, 0x3F, 0xF0, 0x01, 0x50, 0x01, 0x00, 0x07
	.byte 0x00, 0x08, 0x00, 0x09, 0x00, 0x07, 0x04, 0xE0, 0xF0, 0x3F, 0xF0, 0x3F, 0xF0, 0x01, 0x04, 0x00
	.byte 0x0B, 0x00, 0x0C, 0x3D, 0x00, 0x0D, 0x00, 0x05, 0xF0, 0x3F, 0xF0, 0x3F, 0x90, 0x75, 0x0B, 0xF0
	.byte 0x01, 0x9F, 0x20, 0x01, 0x07, 0x04, 0xF0, 0x3F, 0xF0, 0x01, 0xF0, 0x37, 0x70, 0x01, 0xF0, 0x3F
	.byte 0x9B, 0xF0, 0x01, 0x07, 0x08, 0xF0, 0x37, 0x40, 0x7F, 0x0C, 0xF0, 0x3F, 0xF0, 0x01, 0xE3, 0xF0
	.byte 0x01, 0xF0, 0xFF, 0x04, 0x3F, 0x08, 0x03, 0x0C, 0xF0, 0x01, 0xF0, 0x01, 0x9E, 0xB0, 0x01, 0x02
	.byte 0x0C, 0xF4, 0x89, 0xF0, 0x01, 0xF0, 0x01, 0xD0, 0x01
	@ inter-resource bytes 0x08DC01E9-0x08DC01EB
	.byte 0x00, 0x00, 0x00
CompressedResource_JP_08DC01EC: @ 0x08DC01EC (LZ77 -> 0x500 bytes)
	.byte 0x10, 0x00, 0x05, 0x00, 0x3C, 0x00, 0x00, 0xF0, 0x01, 0xF0, 0x01, 0xF0, 0x01, 0x70, 0x01, 0x02
	.byte 0x00, 0x39, 0x04, 0x0C, 0xF0, 0x01, 0xF0, 0x01, 0xB0, 0x01, 0x02, 0x04, 0x50, 0x3F, 0x00, 0x03
	.byte 0x00, 0x08, 0x00, 0x09, 0x00, 0x09, 0x04, 0xBA, 0x50, 0x03, 0x08, 0x00, 0x0F, 0xF0, 0x01, 0xD0
	.byte 0x23, 0x03, 0xB0, 0x3F, 0x08, 0x3E, 0x09, 0x0C, 0x50, 0x03, 0xF0, 0x39, 0x40, 0x3F, 0xA0, 0x23
	.byte 0x90, 0x3F, 0x05, 0xFF, 0xF0, 0x01, 0xF0, 0x01, 0xC0, 0x01, 0xF0, 0x3F, 0xF0, 0x01, 0xF0, 0x01
	.byte 0xF0, 0x3F, 0xF0, 0x3F, 0xFF, 0xF0, 0x01, 0xF0, 0x01, 0xF0, 0x3F, 0xF0, 0x01, 0xF0, 0x01, 0xF0
	.byte 0x3F, 0xF0, 0x3F, 0xF0, 0x01, 0xFF, 0xF0, 0x01, 0xF0, 0x3F, 0xF0, 0x01, 0xF0, 0x01, 0xF0, 0x3F
	.byte 0xF0, 0x3F, 0xF0, 0x01, 0xF0, 0x01, 0xFF, 0xF0, 0x3F, 0xF0, 0x1D, 0xF0, 0x01, 0xF0, 0x3F, 0xF0
	.byte 0x3F, 0xF0, 0x01, 0xF0, 0x01, 0xF0, 0x3F, 0xFB, 0xF0, 0x3F, 0xF0, 0x01, 0xF0, 0x01, 0xB2, 0xBF
	.byte 0xB0, 0x01, 0x0A, 0xF2, 0xBD, 0xE0, 0x01, 0xC0, 0xF0, 0x3F, 0x50, 0x01, 0x0B, 0x00, 0x0C, 0x00
	.byte 0x0D, 0x00, 0x07, 0x0E, 0x00, 0x0F, 0x00, 0x10, 0xF0, 0x37, 0xF0, 0x3F, 0xE0, 0x3F, 0x00, 0x11
	.byte 0x00, 0x12, 0x00, 0x13, 0x00, 0x14, 0x00, 0x1C, 0x15, 0x00, 0x16, 0xF0, 0x37, 0xF0, 0x3F, 0xF0
	.byte 0xBF, 0x00, 0x17, 0x00, 0x00, 0x18, 0x00, 0x19, 0x00, 0x1A, 0x00, 0x1B, 0x09, 0x00, 0x06, 0x00
	.byte 0x07, 0xF0, 0x01, 0x00, 0x1C, 0xA0, 0x3F, 0x0E, 0x02, 0x08, 0x04, 0x00, 0xF0, 0x01, 0xF0, 0x01
	.byte 0xB0, 0x01, 0x02, 0x78, 0x0C, 0xF4, 0x89, 0xF0, 0x01, 0xF0, 0x01, 0xD0, 0x01
	@ inter-resource bytes 0x08DC02D9-0x08DC02DB
	.byte 0x00, 0x00, 0x00
CompressedResource_JP_08DC02DC: @ 0x08DC02DC (LZ77 -> 0x500 bytes)
	.byte 0x10, 0x00, 0x05, 0x00, 0x3C, 0x00, 0x00, 0xF0, 0x01, 0xF0, 0x01, 0xF0, 0x01, 0x70, 0x01, 0x15
	.byte 0x00, 0x72, 0x14, 0xF0, 0x01, 0xF0, 0x01, 0xC0, 0x01, 0x15, 0x04, 0x50, 0x3F, 0x13, 0x3A, 0x00
	.byte 0x02, 0xF0, 0x01, 0xF0, 0x01, 0xC0, 0x01, 0x13, 0x80, 0x3F, 0x16, 0x39, 0x00, 0x17, 0xF0, 0x01
	.byte 0xF0, 0x01, 0x80, 0x01, 0x16, 0x04, 0x90, 0x3F, 0xFF, 0xF0, 0x1F, 0xF0, 0x01, 0xD0, 0x01, 0xF0
	.byte 0x3F, 0xF0, 0x01, 0xF0, 0x01, 0xF0, 0x3F, 0xF0, 0x3F, 0xFF, 0xF0, 0x01, 0xF0, 0x01, 0xF0, 0x3F
	.byte 0xF0, 0x01, 0xF0, 0x01, 0xF0, 0x3F, 0xF0, 0x3F, 0xF0, 0x01, 0xFF, 0xF0, 0x01, 0xF0, 0x3F, 0xF0
	.byte 0x01, 0xF0, 0x01, 0xF0, 0x3F, 0xF0, 0x3F, 0xF0, 0x01, 0xF0, 0x01, 0xFF, 0xF0, 0x3F, 0xF0, 0x1D
	.byte 0xF0, 0x01, 0xF0, 0x3F, 0xF0, 0x3F, 0xF0, 0x01, 0xF0, 0x01, 0xF0, 0x3F, 0xBB, 0x02, 0x7F, 0x08
	.byte 0xF0, 0x1F, 0xF0, 0x01, 0xA2, 0x7F, 0x0C, 0x90, 0x3F, 0xF2, 0xDD, 0xE0, 0xF0, 0x01, 0xF2, 0xFF
	.byte 0x70, 0x3F, 0x03, 0x00, 0x04, 0x00, 0x05, 0x3C, 0x00, 0x06, 0x00, 0x15, 0xF0, 0x09, 0xF0, 0x39
	.byte 0xF0, 0x3F, 0x07, 0x00, 0x07, 0x08, 0x00, 0x09, 0x00, 0x0A, 0x00, 0x15, 0xF0, 0x09, 0xF0, 0x39
	.byte 0x80, 0xF0, 0x3F, 0x0B, 0x00, 0x0C, 0x00, 0x0D, 0x00, 0x0E, 0xC7, 0x00, 0x15, 0xF0, 0x09, 0x10
	.byte 0x00, 0x11, 0xF0, 0x03, 0x00, 0x03, 0x70, 0x3F, 0x1C, 0x15, 0x08, 0x14, 0xF0, 0x01, 0xF0, 0x01
	.byte 0xC0, 0x01, 0x15, 0x0C, 0xF0, 0xF4, 0x89, 0xF0, 0x01, 0xF0, 0x01, 0xD0, 0x01
	@ inter-resource bytes 0x08DC03B9-0x08DC03BB
	.byte 0x00, 0x00, 0x00
CompressedResource_JP_08DC03BC: @ 0x08DC03BC (LZ77 -> 0x500 bytes)
	.byte 0x10, 0x00, 0x05, 0x00, 0x3C, 0x00, 0x00, 0xF0, 0x01, 0xF0, 0x01, 0xF0, 0x01, 0x70, 0x01, 0x02
	.byte 0x00, 0x72, 0x03, 0xF0, 0x01, 0xF0, 0x01, 0xC0, 0x01, 0x02, 0x04, 0x50, 0x3F, 0x04, 0x03, 0x00
	.byte 0x06, 0x00, 0x05, 0x00, 0x07, 0x00, 0x03, 0xF0, 0x07, 0xDF, 0xF0, 0x07, 0x50, 0x07, 0x04, 0x80
	.byte 0x3F, 0xF0, 0x23, 0xF0, 0x07, 0xD0, 0x07, 0x90, 0x3F, 0xFF, 0xF0, 0x23, 0xF0, 0x07, 0xF0, 0x7F
	.byte 0xF0, 0x7F, 0xF0, 0x07, 0xF0, 0x07, 0xF0, 0x7F, 0xF0, 0x7F, 0xFF, 0xF0, 0x07, 0xF0, 0x07, 0xF0
	.byte 0x7F, 0xF0, 0x23, 0xF0, 0x07, 0xF0, 0x7F, 0xF0, 0x7F, 0xF0, 0x07, 0xFF, 0xF0, 0x07, 0xF0, 0x7F
	.byte 0xF0, 0x23, 0xF0, 0x07, 0xF0, 0x7F, 0xF0, 0x7F, 0xF0, 0x07, 0xF0, 0x07, 0xFD, 0xF0, 0x7F, 0x30
	.byte 0x17, 0xF0, 0x03, 0xF0, 0x03, 0x50, 0x03, 0xD0, 0x3F, 0x09, 0x40, 0x17, 0xEF, 0xF0, 0x07, 0xF0
	.byte 0x07, 0xF0, 0x3F, 0x05, 0x20, 0x01, 0xF0, 0x07, 0xF0, 0x07, 0x50, 0x07, 0xFF, 0x90, 0x3F, 0x10
	.byte 0x53, 0x10, 0x01, 0xF0, 0x07, 0xF0, 0x07, 0x50, 0x07, 0x90, 0x3F, 0x30, 0x15, 0xF1, 0xF0, 0x01
	.byte 0xF0, 0x01, 0x70, 0x01, 0x80, 0x3F, 0x08, 0x05, 0x0C, 0x00, 0x01, 0xE3, 0xF0, 0x23, 0xF0, 0x01
	.byte 0x50, 0x01, 0x08, 0x05, 0x08, 0xF0, 0x3F, 0xF0, 0x01, 0xB4, 0x11, 0xA9, 0x08, 0xF0, 0x01, 0x00
	.byte 0x01, 0x06, 0x80, 0x7F, 0x02, 0x08, 0x2E, 0x03, 0x0C, 0x00, 0x01, 0x08, 0xF0, 0x01, 0xF0, 0x01
	.byte 0x70, 0x01, 0x02, 0x78, 0x0C, 0xF4, 0x89, 0xF0, 0x01, 0xF0, 0x01, 0xD0, 0x01
	@ inter-resource bytes 0x08DC0499-0x08DC049B
	.byte 0x00, 0x00, 0x00
CompressedResource_JP_08DC049C: @ 0x08DC049C (LZ77 -> 0x500 bytes)
	.byte 0x10, 0x00, 0x05, 0x00, 0x3C, 0x00, 0x00, 0xF0, 0x01, 0xF0, 0x01, 0xF0, 0x01, 0x70, 0x01, 0x04
	.byte 0x04, 0x70, 0x03, 0xF0, 0x01, 0xF0, 0x01, 0x20, 0x01, 0x17, 0x0C, 0x16, 0x0C, 0x00, 0x15, 0x0C
	.byte 0x14, 0x0C, 0x03, 0x04, 0x02, 0x04, 0x83, 0x50, 0x3F, 0x0B, 0x0C, 0x0A, 0x0C, 0x09, 0xF0, 0x01
	.byte 0xF0, 0x01, 0x80, 0x00, 0x01, 0x0F, 0x0C, 0x0E, 0x0C, 0x0D, 0x0C, 0x0C, 0x07, 0x0C, 0x0A, 0x08
	.byte 0x0B, 0x08, 0xF0, 0x3F, 0xF0, 0x01, 0xD0, 0x01, 0x01, 0x08, 0x0C, 0x07, 0x0C, 0x06, 0x0C, 0x05
	.byte 0xB0, 0x3F, 0x07, 0x04, 0x0A, 0x04, 0x09, 0x00, 0xF0, 0x01, 0xF0, 0x01, 0x70, 0x01, 0x10, 0x0A
	.byte 0x00, 0x0B, 0x60, 0xFF, 0x13, 0x04, 0x12, 0x04, 0x77, 0x11, 0xF0, 0x01, 0xF0, 0x01, 0x20, 0x01
	.byte 0x10, 0x20, 0x6B, 0x90, 0x3F, 0xF0, 0x7F, 0xE3, 0xF0, 0x01, 0xF0, 0x7F, 0xF0, 0x3F, 0x10, 0x00
	.byte 0x11, 0xF0, 0x01, 0xF0, 0x01, 0x8F, 0x20, 0x01, 0x12, 0x00, 0x13, 0xF0, 0x7F, 0xF0, 0x01, 0xF0
	.byte 0x01, 0xF0, 0x7F, 0xFF, 0xF0, 0xFF, 0xF0, 0x01, 0xF0, 0xFF, 0xF0, 0xBF, 0xF0, 0x01, 0xF0, 0x01
	.byte 0xF0, 0x7F, 0xF0, 0xFF, 0xFF, 0xF0, 0x01, 0xF0, 0x01, 0xF0, 0xFF, 0xF0, 0x63, 0xF0, 0x01, 0xF0
	.byte 0x7F, 0xF0, 0xFF, 0xF0, 0x01, 0xFF, 0xF0, 0xFF, 0xF0, 0xBF, 0xF0, 0x7F, 0xF0, 0x01, 0xF0, 0x7F
	.byte 0xF0, 0x3F, 0xF0, 0x01, 0xF0, 0x01, 0xC0, 0xF0, 0x3F, 0x00, 0x3F, 0x05, 0x00, 0x06, 0x00, 0x07
	.byte 0x00, 0x78, 0x08, 0xA0, 0x23, 0xF1, 0x4F, 0xF1, 0x3F, 0x50, 0x3F, 0x0C, 0x00, 0x0D, 0x0E, 0x00
	.byte 0x0E, 0x00, 0x0F, 0xF0, 0x69, 0xF0, 0x01, 0xE0, 0x7F, 0x02, 0x00, 0x08, 0x03, 0x08, 0x14, 0x00
	.byte 0x15, 0x00, 0x16, 0x0E, 0x00, 0x17, 0x00, 0x03, 0x00, 0x0B, 0xF0, 0x01, 0xF0, 0x01, 0x03, 0x3E
	.byte 0x08, 0x04, 0x63, 0xBF, 0xF0, 0x01, 0xF0, 0x01, 0xF0, 0x01, 0x50, 0x01
CompressedResource_JP_08DC05A8: @ 0x08DC05A8 (LZ77 -> 0x500 bytes)
	.byte 0x10, 0x00, 0x05, 0x00, 0x3C, 0x00, 0x00, 0xF0, 0x01, 0xF0, 0x01, 0xF0, 0x01, 0x70, 0x01, 0x02
	.byte 0x00, 0x39, 0x04, 0x0C, 0xF0, 0x01, 0xF0, 0x01, 0xB0, 0x01, 0x02, 0x04, 0x50, 0x3F, 0x00, 0x03
	.byte 0x00, 0x0F, 0x00, 0x10, 0x00, 0x10, 0x04, 0x3A, 0x0F, 0x04, 0xF0, 0x07, 0xF0, 0x07, 0x50, 0x07
	.byte 0x03, 0x80, 0x3F, 0x05, 0xF1, 0xF0, 0x01, 0xF0, 0x01, 0xC0, 0x01, 0x90, 0x3F, 0x07, 0x00, 0x06
	.byte 0xF0, 0x01, 0xC9, 0xF0, 0x01, 0x80, 0x01, 0x07, 0x04, 0xA0, 0x3F, 0x08, 0x06, 0xF0, 0x01, 0xCF
	.byte 0xF0, 0x01, 0x80, 0x01, 0x07, 0x0C, 0xF0, 0x7F, 0xF0, 0x01, 0xF0, 0x01, 0xF0, 0x7F, 0xFF, 0xF0
	.byte 0x7F, 0xF0, 0x01, 0xF0, 0x01, 0xF0, 0x7F, 0xF0, 0x01, 0xF0, 0x01, 0xF0, 0x7F, 0xF0, 0x7F, 0xFF
	.byte 0xF0, 0x01, 0xF0, 0x01, 0xF0, 0x7F, 0xF0, 0x61, 0xF0, 0x01, 0xF0, 0x7F, 0xF0, 0x7F, 0xF0, 0x01
	.byte 0xFF, 0xF0, 0x01, 0xF0, 0x7F, 0xF0, 0x7F, 0xF0, 0x01, 0xF0, 0x7F, 0xF0, 0x7F, 0xF0, 0x01, 0xF0
	.byte 0x01, 0xF8, 0xF0, 0x7F, 0xF2, 0xBF, 0xF0, 0x01, 0xF0, 0x01, 0x90, 0x3F, 0x08, 0x00, 0x09, 0x07
	.byte 0x00, 0x09, 0x04, 0x08, 0x04, 0xD0, 0x07, 0xF0, 0xD7, 0xF0, 0xBF, 0x84, 0x30, 0x7F, 0x0E, 0x00
	.byte 0x0E, 0x04, 0x10, 0x55, 0x0B, 0x00, 0x7C, 0x0B, 0x20, 0x07, 0x30, 0x0F, 0xF0, 0xD7, 0xF0, 0xBF
	.byte 0x10, 0x3F, 0x0C, 0x00, 0x10, 0x0A, 0x00, 0x0A, 0x13, 0xD4, 0x00, 0x0D, 0x00, 0x0D, 0xF8, 0x20
	.byte 0x07, 0x30, 0x0F, 0xF0, 0xB5, 0xF0, 0xBF, 0x04, 0x3F, 0x08, 0x04, 0x00, 0xE7, 0xF0, 0x01, 0xF0
	.byte 0x01, 0xB0, 0x01, 0x02, 0x0C, 0xF4, 0x89, 0xF0, 0x01, 0xF0, 0x01, 0x80, 0xD0, 0x01
	@ inter-resource bytes 0x08DC0696-0x08DC0697
	.byte 0x00, 0x00
CompressedResource_JP_08DC0698: @ 0x08DC0698 (LZ77 -> 0x500 bytes)
	.byte 0x10, 0x00, 0x05, 0x00, 0x3C, 0x00, 0x00, 0xF0, 0x01, 0xF0, 0x01, 0xF0, 0x01, 0x70, 0x01, 0x02
	.byte 0x00, 0x00, 0x04, 0x00, 0x05, 0x00, 0x06, 0x00, 0x07, 0x00, 0x74, 0x08, 0xF0, 0x01, 0xF0, 0x01
	.byte 0x40, 0x01, 0x09, 0x60, 0x3F, 0x0A, 0x00, 0x00, 0x0C, 0x00, 0x0D, 0x00, 0x0E, 0x00, 0x0F, 0x00
	.byte 0x74, 0x10, 0xF0, 0x01, 0xF0, 0x01, 0x40, 0x01, 0x11, 0x60, 0x3F, 0x12, 0x00, 0x73, 0x13, 0xF0
	.byte 0x01, 0xF0, 0x01, 0xC0, 0x01, 0x12, 0x04, 0xF0, 0x3F, 0xF0, 0x01, 0xC7, 0xF0, 0x01, 0xF0, 0x3F
	.byte 0x12, 0x00, 0x18, 0xF0, 0x01, 0xF0, 0x01, 0xC0, 0x01, 0xFF, 0xF0, 0x7F, 0xF0, 0x01, 0xF0, 0x01
	.byte 0xF0, 0x7F, 0xF0, 0x7F, 0xF0, 0x01, 0xF0, 0x01, 0xF0, 0x7F, 0xFF, 0xF0, 0x01, 0xF0, 0x01, 0xF0
	.byte 0x7F, 0xF0, 0x7F, 0xF0, 0x01, 0xF0, 0x01, 0xF0, 0x7F, 0xF0, 0x01, 0xFF, 0xF0, 0x01, 0xF0, 0x7F
	.byte 0xF0, 0x7F, 0xF0, 0x01, 0xF0, 0x01, 0xF0, 0x7F, 0xF0, 0x5D, 0xF0, 0x01, 0xFF, 0xF0, 0x7F, 0xF0
	.byte 0x7F, 0xF0, 0x01, 0xF0, 0x01, 0xF0, 0x7F, 0xF0, 0x7F, 0xF0, 0x01, 0xF0, 0x01, 0xF9, 0xF0, 0x3F
	.byte 0xF0, 0x01, 0xF0, 0x01, 0xF0, 0x3F, 0x03, 0x7F, 0x08, 0x0B, 0x80, 0x01, 0x00, 0x14, 0x08, 0x15
	.byte 0x08, 0x16, 0x08, 0x17, 0x08, 0x58, 0x10, 0x00, 0x01, 0x19, 0xF0, 0x37, 0x40, 0x01, 0x19, 0x04
	.byte 0x11, 0x60, 0x08, 0xF0, 0x3F, 0x10, 0x01, 0x0C, 0x08, 0x0D, 0x08, 0x0E, 0x3C, 0x08, 0x0F, 0x20
	.byte 0x3F, 0xF0, 0x01, 0x70, 0x01, 0x70, 0x3F, 0x02, 0x08, 0x40, 0x03, 0x80, 0x01, 0x04, 0x08, 0x05
	.byte 0x08, 0x06, 0x08, 0x1B, 0x07, 0x08, 0x08, 0xF0, 0x01, 0xA0, 0x01, 0x09, 0x60, 0x3F, 0xF0, 0x01
	.byte 0xE0, 0xF0, 0x01, 0xF0, 0x01, 0x50, 0x01
	@ inter-resource bytes 0x08DC078F-0x08DC078F
	.byte 0x00
CompressedResource_JP_08DC0790: @ 0x08DC0790 (LZ77 -> 0x500 bytes)
	.byte 0x10, 0x00, 0x05, 0x00, 0x3C, 0x00, 0x00, 0xF0, 0x01, 0xF0, 0x01, 0xF0, 0x01, 0x70, 0x01, 0x02
	.byte 0x00, 0x2E, 0x03, 0x04, 0x20, 0x01, 0x00, 0xF0, 0x01, 0xF0, 0x01, 0x50, 0x01, 0x02, 0x40, 0x04
	.byte 0x50, 0x3F, 0x04, 0x08, 0x14, 0x04, 0x11, 0x08, 0x70, 0x05, 0xF0, 0x01, 0xF0, 0x01, 0x40, 0x01
	.byte 0x0A, 0x08, 0x14, 0x00, 0x20, 0x04, 0x0C, 0x70, 0x3F, 0x0B, 0x0C, 0x09, 0x0C, 0x06, 0x1C, 0x0C
	.byte 0x06, 0x08, 0xF0, 0x01, 0xF0, 0x01, 0x10, 0x01, 0x09, 0x08, 0x20, 0x0B, 0x08, 0x90, 0x3F, 0x12
	.byte 0x04, 0x08, 0x04, 0x0D, 0x06, 0x04, 0x0D, 0x00, 0x0C, 0x00, 0xF0, 0x03, 0xF0, 0x03, 0x0D, 0x0C
	.byte 0x00, 0x08, 0x00, 0x12, 0xA0, 0x7F, 0x10, 0x3F, 0x0F, 0x04, 0x0D, 0x0F, 0x00, 0x0E, 0x00, 0xF0
	.byte 0x03, 0xF0, 0x03, 0x0F, 0xF0, 0x3F, 0xFF, 0xF0, 0x7F, 0xF0, 0x03, 0xF0, 0x7F, 0xF0, 0x7F, 0xF0
	.byte 0x6B, 0xF0, 0x03, 0xF0, 0x7F, 0xF0, 0x7F, 0xFF, 0xF0, 0x03, 0xF0, 0x7F, 0xF0, 0x7F, 0xF0, 0x6B
	.byte 0xF0, 0x03, 0xF0, 0x7F, 0xF0, 0x7F, 0xF0, 0x03, 0xFF, 0xF0, 0x7F, 0xF0, 0x7F, 0xF0, 0x7F, 0xF0
	.byte 0x03, 0xF0, 0x7F, 0xF0, 0x7F, 0xF0, 0x03, 0xF0, 0x7F, 0xFF, 0xF0, 0x3F, 0xF0, 0x7F, 0xF0, 0x03
	.byte 0xF0, 0x7F, 0xF0, 0x7F, 0xF0, 0x03, 0xF0, 0x03, 0xD0, 0x3F, 0x40, 0x00, 0x00, 0x3F, 0x0C, 0x0D
	.byte 0x0C, 0x0D, 0x08, 0x0C, 0x61, 0x08, 0xF0, 0x03, 0xF0, 0x03, 0x0D, 0x08, 0x08, 0x08, 0x00, 0x3F
	.byte 0x80, 0x73, 0x7F, 0x00, 0x10, 0x00, 0x09, 0x04, 0x06, 0x04, 0x38, 0x06, 0x00, 0xF0, 0x01, 0xF0
	.byte 0x01, 0x10, 0x01, 0x09, 0x00, 0x10, 0x41, 0x04, 0x90, 0x3F, 0x14, 0x00, 0x11, 0x00, 0x05, 0xF0
	.byte 0x01, 0xD8, 0xF0, 0x01, 0x40, 0x01, 0x0A, 0x00, 0x31, 0x70, 0x3F, 0x02, 0x08, 0x03, 0x53, 0x0C
	.byte 0x20, 0x01, 0x08, 0xF0, 0x01, 0x13, 0x00, 0xF0, 0x01, 0x30, 0x01, 0x7C, 0x02, 0x60, 0xFF, 0xF0
	.byte 0x01, 0xF0, 0x01, 0xF0, 0x01, 0x50, 0x01
	@ inter-resource bytes 0x08DC08A7-0x08DC08A7
	.byte 0x00
CompressedResource_JP_08DC08A8: @ 0x08DC08A8 (LZ77 -> 0x500 bytes)
	.byte 0x10, 0x00, 0x05, 0x00, 0x3C, 0x00, 0x00, 0xF0, 0x01, 0xF0, 0x01, 0xF0, 0x01, 0x70, 0x01, 0x02
	.byte 0x00, 0x60, 0x03, 0xF0, 0x01, 0xF0, 0x01, 0x00, 0x23, 0x00, 0x23, 0x04, 0x84, 0x50, 0x03, 0x03
	.byte 0x00, 0x02, 0x04, 0x50, 0x3F, 0x04, 0x00, 0x61, 0x28, 0xF0, 0x01, 0xF0, 0x01, 0x00, 0x24, 0x00
	.byte 0x25, 0x60, 0x03, 0x1C, 0x28, 0x00, 0x04, 0xF0, 0x3F, 0xF0, 0x01, 0xA0, 0x01, 0x26, 0x00, 0x7F
	.byte 0x27, 0x60, 0x03, 0xF0, 0x3F, 0xF0, 0x01, 0xF0, 0x01, 0x90, 0x01, 0xF0, 0x3F, 0xF0, 0x01, 0xFF
	.byte 0xF0, 0x01, 0xF0, 0x3F, 0xF0, 0x3F, 0xF0, 0x01, 0xF0, 0x01, 0xF0, 0x3F, 0xF0, 0x01, 0xE0, 0x01
	.byte 0x7F, 0x08, 0xF0, 0x3F, 0xF0, 0x3F, 0xF0, 0x01, 0xF0, 0x01, 0xF0, 0x3F, 0xF0, 0x01, 0xF0, 0x01
	.byte 0xFF, 0xF0, 0x3F, 0xF0, 0x3F, 0xF0, 0x01, 0xF0, 0x01, 0xF0, 0x3F, 0xF0, 0x1D, 0xF0, 0x01, 0xF0
	.byte 0x3F, 0xFF, 0xF0, 0x3F, 0xF0, 0x01, 0xF0, 0x01, 0xF0, 0x3F, 0xF0, 0x3F, 0xF0, 0x01, 0xF0, 0x01
	.byte 0x90, 0x3F, 0x44, 0x07, 0x60, 0x01, 0x08, 0x00, 0x09, 0x80, 0x0D, 0x29, 0x0C, 0x32, 0x05, 0x08
	.byte 0xF0, 0x01, 0x10, 0x01, 0x29, 0x08, 0xF0, 0x3F, 0x0A, 0x00, 0x00, 0x0B, 0x00, 0x0C, 0x00, 0x0D
	.byte 0x00, 0x0E, 0x09, 0x00, 0x0F, 0x00, 0x10, 0x20, 0x11, 0x06, 0x04, 0x70, 0x4B, 0xA0, 0xB0, 0x01
	.byte 0x06, 0xC0, 0x7F, 0x11, 0x00, 0x12, 0x00, 0x13, 0x00, 0x00, 0x14, 0x00, 0x15, 0x00, 0x16, 0x00
	.byte 0x17, 0x0E, 0x00, 0x18, 0x00, 0x19, 0xF0, 0x3F, 0xF0, 0x3F, 0x80, 0x3F, 0x1A, 0x00, 0x00, 0x1B
	.byte 0x00, 0x1C, 0x00, 0x1D, 0x00, 0x1E, 0x00, 0x00, 0x1F, 0x00, 0x20, 0x00, 0x21, 0x00, 0x22, 0x8D
	.byte 0x30, 0xBF, 0x04, 0x05, 0x00, 0xF0, 0x01, 0x10, 0x01, 0x29, 0x80, 0x3F, 0x1C, 0x02, 0x08, 0x03
	.byte 0xF0, 0x01, 0xF0, 0x01, 0xC0, 0x01, 0x02, 0x0C, 0xF0, 0xF4, 0x89, 0xF0, 0x01, 0xF0, 0x01, 0xD0
	.byte 0x01
	@ archive tail 0x08DC09B9-0x08DC09BB
	.byte 0x00, 0x00, 0x00

	@ Unreferenced trailing ROM payload / padding. Constant runs are collapsed exactly.
	.fill 0x3F644, 1, 0xFF @ 0x08DC09BC-0x08DFFFFF
	.fill 0x38864, 1, 0x00 @ 0x08E00000-0x08E38863
TrailingRomResidue_JP_08E38864: @ 0x08E38864-0x08E38867
	.byte 0x0D, 0x00, 0x58, 0x02
	.fill 0x1145, 1, 0x00 @ 0x08E38868-0x08E399AC
TrailingRomResidue_JP_08E399AD: @ 0x08E399AD-0x08E399AD
	.byte 0x02
	.fill 0x326E, 1, 0x00 @ 0x08E399AE-0x08E3CC1B
TrailingRomResidue_JP_08E3CC1C: @ 0x08E3CC1C-0x08E3CC88
	.byte 0x40, 0x00, 0x00, 0x00, 0x00, 0x00, 0x00, 0x00, 0x00, 0x00, 0x00, 0x00, 0x00, 0x00, 0x00, 0x00
	.byte 0x00, 0x00, 0x00, 0x00, 0x00, 0x00, 0x00, 0x00, 0x14, 0xCE, 0x03, 0x02, 0x6C, 0xCE, 0x03, 0x02
	.byte 0xC4, 0xCE, 0x03, 0x02, 0x00, 0x00, 0x00, 0x00, 0x00, 0x00, 0x00, 0x00, 0x00, 0x00, 0x00, 0x00
	.byte 0x00, 0x00, 0x00, 0x00, 0x00, 0x00, 0x00, 0x00, 0x00, 0x00, 0x00, 0x00, 0x00, 0x00, 0x00, 0x00
	.byte 0x00, 0x00, 0x00, 0x00, 0x00, 0x00, 0x00, 0x00, 0x58, 0xF1, 0x90, 0x08, 0x00, 0x00, 0x00, 0x00
	.byte 0x00, 0x00, 0x00, 0x00, 0x00, 0x00, 0x00, 0x00, 0x00, 0x00, 0x00, 0x00, 0x00, 0x00, 0x00, 0x00
	.byte 0x00, 0x00, 0x00, 0x00, 0x00, 0x00, 0x00, 0x00, 0x00, 0x00, 0x00, 0x00, 0x01
	.fill 0x293, 1, 0x00 @ 0x08E3CC89-0x08E3CF1B
TrailingRomResidue_JP_08E3CF1C: @ 0x08E3CF1C-0x08E3D377
	.byte 0x30, 0xCC, 0x03, 0x02, 0x01, 0x00, 0x00, 0x00, 0x43, 0x00, 0x00, 0x00, 0x00, 0x00, 0x00, 0x00
	.byte 0x43, 0x00, 0x00, 0x00, 0x00, 0x00, 0x00, 0x00, 0x00, 0x00, 0x00, 0x00, 0x00, 0x00, 0x00, 0x00
	.byte 0x34, 0xCF, 0x03, 0x02, 0x34, 0xCF, 0x03, 0x02, 0x3C, 0xCF, 0x03, 0x02, 0x3C, 0xCF, 0x03, 0x02
	.byte 0x44, 0xCF, 0x03, 0x02, 0x44, 0xCF, 0x03, 0x02, 0x4C, 0xCF, 0x03, 0x02, 0x4C, 0xCF, 0x03, 0x02
	.byte 0x54, 0xCF, 0x03, 0x02, 0x54, 0xCF, 0x03, 0x02, 0x5C, 0xCF, 0x03, 0x02, 0x5C, 0xCF, 0x03, 0x02
	.byte 0x64, 0xCF, 0x03, 0x02, 0x64, 0xCF, 0x03, 0x02, 0x6C, 0xCF, 0x03, 0x02, 0x6C, 0xCF, 0x03, 0x02
	.byte 0x74, 0xCF, 0x03, 0x02, 0x74, 0xCF, 0x03, 0x02, 0x7C, 0xCF, 0x03, 0x02, 0x7C, 0xCF, 0x03, 0x02
	.byte 0x84, 0xCF, 0x03, 0x02, 0x84, 0xCF, 0x03, 0x02, 0x8C, 0xCF, 0x03, 0x02, 0x8C, 0xCF, 0x03, 0x02
	.byte 0x94, 0xCF, 0x03, 0x02, 0x94, 0xCF, 0x03, 0x02, 0x9C, 0xCF, 0x03, 0x02, 0x9C, 0xCF, 0x03, 0x02
	.byte 0xA4, 0xCF, 0x03, 0x02, 0xA4, 0xCF, 0x03, 0x02, 0xAC, 0xCF, 0x03, 0x02, 0xAC, 0xCF, 0x03, 0x02
	.byte 0xB4, 0xCF, 0x03, 0x02, 0xB4, 0xCF, 0x03, 0x02, 0xBC, 0xCF, 0x03, 0x02, 0xBC, 0xCF, 0x03, 0x02
	.byte 0xC4, 0xCF, 0x03, 0x02, 0xC4, 0xCF, 0x03, 0x02, 0xCC, 0xCF, 0x03, 0x02, 0xCC, 0xCF, 0x03, 0x02
	.byte 0xD4, 0xCF, 0x03, 0x02, 0xD4, 0xCF, 0x03, 0x02, 0xDC, 0xCF, 0x03, 0x02, 0xDC, 0xCF, 0x03, 0x02
	.byte 0xE4, 0xCF, 0x03, 0x02, 0xE4, 0xCF, 0x03, 0x02, 0xEC, 0xCF, 0x03, 0x02, 0xEC, 0xCF, 0x03, 0x02
	.byte 0xF4, 0xCF, 0x03, 0x02, 0xF4, 0xCF, 0x03, 0x02, 0xFC, 0xCF, 0x03, 0x02, 0xFC, 0xCF, 0x03, 0x02
	.byte 0x04, 0xD0, 0x03, 0x02, 0x04, 0xD0, 0x03, 0x02, 0x0C, 0xD0, 0x03, 0x02, 0x0C, 0xD0, 0x03, 0x02
	.byte 0x14, 0xD0, 0x03, 0x02, 0x14, 0xD0, 0x03, 0x02, 0x1C, 0xD0, 0x03, 0x02, 0x1C, 0xD0, 0x03, 0x02
	.byte 0x24, 0xD0, 0x03, 0x02, 0x24, 0xD0, 0x03, 0x02, 0x2C, 0xD0, 0x03, 0x02, 0x2C, 0xD0, 0x03, 0x02
	.byte 0x34, 0xD0, 0x03, 0x02, 0x34, 0xD0, 0x03, 0x02, 0x3C, 0xD0, 0x03, 0x02, 0x3C, 0xD0, 0x03, 0x02
	.byte 0x44, 0xD0, 0x03, 0x02, 0x44, 0xD0, 0x03, 0x02, 0x4C, 0xD0, 0x03, 0x02, 0x4C, 0xD0, 0x03, 0x02
	.byte 0x54, 0xD0, 0x03, 0x02, 0x54, 0xD0, 0x03, 0x02, 0x5C, 0xD0, 0x03, 0x02, 0x5C, 0xD0, 0x03, 0x02
	.byte 0x64, 0xD0, 0x03, 0x02, 0x64, 0xD0, 0x03, 0x02, 0x6C, 0xD0, 0x03, 0x02, 0x6C, 0xD0, 0x03, 0x02
	.byte 0x74, 0xD0, 0x03, 0x02, 0x74, 0xD0, 0x03, 0x02, 0x7C, 0xD0, 0x03, 0x02, 0x7C, 0xD0, 0x03, 0x02
	.byte 0x84, 0xD0, 0x03, 0x02, 0x84, 0xD0, 0x03, 0x02, 0x8C, 0xD0, 0x03, 0x02, 0x8C, 0xD0, 0x03, 0x02
	.byte 0x94, 0xD0, 0x03, 0x02, 0x94, 0xD0, 0x03, 0x02, 0x9C, 0xD0, 0x03, 0x02, 0x9C, 0xD0, 0x03, 0x02
	.byte 0xA4, 0xD0, 0x03, 0x02, 0xA4, 0xD0, 0x03, 0x02, 0xAC, 0xD0, 0x03, 0x02, 0xAC, 0xD0, 0x03, 0x02
	.byte 0xB4, 0xD0, 0x03, 0x02, 0xB4, 0xD0, 0x03, 0x02, 0xBC, 0xD0, 0x03, 0x02, 0xBC, 0xD0, 0x03, 0x02
	.byte 0xC4, 0xD0, 0x03, 0x02, 0xC4, 0xD0, 0x03, 0x02, 0xCC, 0xD0, 0x03, 0x02, 0xCC, 0xD0, 0x03, 0x02
	.byte 0xD4, 0xD0, 0x03, 0x02, 0xD4, 0xD0, 0x03, 0x02, 0xDC, 0xD0, 0x03, 0x02, 0xDC, 0xD0, 0x03, 0x02
	.byte 0xE4, 0xD0, 0x03, 0x02, 0xE4, 0xD0, 0x03, 0x02, 0xEC, 0xD0, 0x03, 0x02, 0xEC, 0xD0, 0x03, 0x02
	.byte 0xF4, 0xD0, 0x03, 0x02, 0xF4, 0xD0, 0x03, 0x02, 0xFC, 0xD0, 0x03, 0x02, 0xFC, 0xD0, 0x03, 0x02
	.byte 0x04, 0xD1, 0x03, 0x02, 0x04, 0xD1, 0x03, 0x02, 0x0C, 0xD1, 0x03, 0x02, 0x0C, 0xD1, 0x03, 0x02
	.byte 0x14, 0xD1, 0x03, 0x02, 0x14, 0xD1, 0x03, 0x02, 0x1C, 0xD1, 0x03, 0x02, 0x1C, 0xD1, 0x03, 0x02
	.byte 0x24, 0xD1, 0x03, 0x02, 0x24, 0xD1, 0x03, 0x02, 0x2C, 0xD1, 0x03, 0x02, 0x2C, 0xD1, 0x03, 0x02
	.byte 0x34, 0xD1, 0x03, 0x02, 0x34, 0xD1, 0x03, 0x02, 0x3C, 0xD1, 0x03, 0x02, 0x3C, 0xD1, 0x03, 0x02
	.byte 0x44, 0xD1, 0x03, 0x02, 0x44, 0xD1, 0x03, 0x02, 0x4C, 0xD1, 0x03, 0x02, 0x4C, 0xD1, 0x03, 0x02
	.byte 0x54, 0xD1, 0x03, 0x02, 0x54, 0xD1, 0x03, 0x02, 0x5C, 0xD1, 0x03, 0x02, 0x5C, 0xD1, 0x03, 0x02
	.byte 0x64, 0xD1, 0x03, 0x02, 0x64, 0xD1, 0x03, 0x02, 0x6C, 0xD1, 0x03, 0x02, 0x6C, 0xD1, 0x03, 0x02
	.byte 0x74, 0xD1, 0x03, 0x02, 0x74, 0xD1, 0x03, 0x02, 0x7C, 0xD1, 0x03, 0x02, 0x7C, 0xD1, 0x03, 0x02
	.byte 0x84, 0xD1, 0x03, 0x02, 0x84, 0xD1, 0x03, 0x02, 0x8C, 0xD1, 0x03, 0x02, 0x8C, 0xD1, 0x03, 0x02
	.byte 0x94, 0xD1, 0x03, 0x02, 0x94, 0xD1, 0x03, 0x02, 0x9C, 0xD1, 0x03, 0x02, 0x9C, 0xD1, 0x03, 0x02
	.byte 0xA4, 0xD1, 0x03, 0x02, 0xA4, 0xD1, 0x03, 0x02, 0xAC, 0xD1, 0x03, 0x02, 0xAC, 0xD1, 0x03, 0x02
	.byte 0xB4, 0xD1, 0x03, 0x02, 0xB4, 0xD1, 0x03, 0x02, 0xBC, 0xD1, 0x03, 0x02, 0xBC, 0xD1, 0x03, 0x02
	.byte 0xC4, 0xD1, 0x03, 0x02, 0xC4, 0xD1, 0x03, 0x02, 0xCC, 0xD1, 0x03, 0x02, 0xCC, 0xD1, 0x03, 0x02
	.byte 0xD4, 0xD1, 0x03, 0x02, 0xD4, 0xD1, 0x03, 0x02, 0xDC, 0xD1, 0x03, 0x02, 0xDC, 0xD1, 0x03, 0x02
	.byte 0xE4, 0xD1, 0x03, 0x02, 0xE4, 0xD1, 0x03, 0x02, 0xEC, 0xD1, 0x03, 0x02, 0xEC, 0xD1, 0x03, 0x02
	.byte 0xF4, 0xD1, 0x03, 0x02, 0xF4, 0xD1, 0x03, 0x02, 0xFC, 0xD1, 0x03, 0x02, 0xFC, 0xD1, 0x03, 0x02
	.byte 0x04, 0xD2, 0x03, 0x02, 0x04, 0xD2, 0x03, 0x02, 0x0C, 0xD2, 0x03, 0x02, 0x0C, 0xD2, 0x03, 0x02
	.byte 0x14, 0xD2, 0x03, 0x02, 0x14, 0xD2, 0x03, 0x02, 0x1C, 0xD2, 0x03, 0x02, 0x1C, 0xD2, 0x03, 0x02
	.byte 0x24, 0xD2, 0x03, 0x02, 0x24, 0xD2, 0x03, 0x02, 0x2C, 0xD2, 0x03, 0x02, 0x2C, 0xD2, 0x03, 0x02
	.byte 0x34, 0xD2, 0x03, 0x02, 0x34, 0xD2, 0x03, 0x02, 0x3C, 0xD2, 0x03, 0x02, 0x3C, 0xD2, 0x03, 0x02
	.byte 0x44, 0xD2, 0x03, 0x02, 0x44, 0xD2, 0x03, 0x02, 0x4C, 0xD2, 0x03, 0x02, 0x4C, 0xD2, 0x03, 0x02
	.byte 0x54, 0xD2, 0x03, 0x02, 0x54, 0xD2, 0x03, 0x02, 0x5C, 0xD2, 0x03, 0x02, 0x5C, 0xD2, 0x03, 0x02
	.byte 0x64, 0xD2, 0x03, 0x02, 0x64, 0xD2, 0x03, 0x02, 0x6C, 0xD2, 0x03, 0x02, 0x6C, 0xD2, 0x03, 0x02
	.byte 0x74, 0xD2, 0x03, 0x02, 0x74, 0xD2, 0x03, 0x02, 0x7C, 0xD2, 0x03, 0x02, 0x7C, 0xD2, 0x03, 0x02
	.byte 0x84, 0xD2, 0x03, 0x02, 0x84, 0xD2, 0x03, 0x02, 0x8C, 0xD2, 0x03, 0x02, 0x8C, 0xD2, 0x03, 0x02
	.byte 0x94, 0xD2, 0x03, 0x02, 0x94, 0xD2, 0x03, 0x02, 0x9C, 0xD2, 0x03, 0x02, 0x9C, 0xD2, 0x03, 0x02
	.byte 0xA4, 0xD2, 0x03, 0x02, 0xA4, 0xD2, 0x03, 0x02, 0xAC, 0xD2, 0x03, 0x02, 0xAC, 0xD2, 0x03, 0x02
	.byte 0xB4, 0xD2, 0x03, 0x02, 0xB4, 0xD2, 0x03, 0x02, 0xBC, 0xD2, 0x03, 0x02, 0xBC, 0xD2, 0x03, 0x02
	.byte 0xC4, 0xD2, 0x03, 0x02, 0xC4, 0xD2, 0x03, 0x02, 0xCC, 0xD2, 0x03, 0x02, 0xCC, 0xD2, 0x03, 0x02
	.byte 0xD4, 0xD2, 0x03, 0x02, 0xD4, 0xD2, 0x03, 0x02, 0xDC, 0xD2, 0x03, 0x02, 0xDC, 0xD2, 0x03, 0x02
	.byte 0xE4, 0xD2, 0x03, 0x02, 0xE4, 0xD2, 0x03, 0x02, 0xEC, 0xD2, 0x03, 0x02, 0xEC, 0xD2, 0x03, 0x02
	.byte 0xF4, 0xD2, 0x03, 0x02, 0xF4, 0xD2, 0x03, 0x02, 0xFC, 0xD2, 0x03, 0x02, 0xFC, 0xD2, 0x03, 0x02
	.byte 0x04, 0xD3, 0x03, 0x02, 0x04, 0xD3, 0x03, 0x02, 0x0C, 0xD3, 0x03, 0x02, 0x0C, 0xD3, 0x03, 0x02
	.byte 0x14, 0xD3, 0x03, 0x02, 0x14, 0xD3, 0x03, 0x02, 0x1C, 0xD3, 0x03, 0x02, 0x1C, 0xD3, 0x03, 0x02
	.byte 0x24, 0xD3, 0x03, 0x02, 0x24, 0xD3, 0x03, 0x02, 0x2C, 0xD3, 0x03, 0x02, 0x2C, 0xD3, 0x03, 0x02
	.byte 0x00, 0x00, 0x02, 0x00, 0x00, 0x00, 0x00, 0x00, 0xFF, 0xFF, 0xFF, 0xFF, 0x00, 0x00, 0x00, 0x00
	.byte 0x00, 0x00, 0x00, 0x00, 0x00, 0x00, 0x00, 0x00, 0x00, 0x00, 0x00, 0x00, 0x00, 0x00, 0x00, 0x00
	.byte 0x00, 0x00, 0x00, 0x00, 0x00, 0x00, 0x00, 0x00, 0x00, 0x00, 0x00, 0x00, 0x00, 0x00, 0x00, 0x00
	.byte 0x00, 0x00, 0x00, 0x00, 0x00, 0x00, 0x00, 0x00, 0x00, 0x00, 0x00, 0x00
	.fill 0xC2C88, 1, 0xFF @ 0x08E3D378-0x08EFFFFF
	.fill 0x399B1, 1, 0x00 @ 0x08F00000-0x08F399B0
TrailingRomResidue_JP_08F399B1: @ 0x08F399B1-0x08F399B1
	.byte 0x02
	.fill 0x5D62, 1, 0x00 @ 0x08F399B2-0x08F3F713
TrailingRomResidue_JP_08F3F714: @ 0x08F3F714-0x08F3F7C7
	.byte 0xBC, 0x00, 0x00, 0x00, 0xBC, 0x00, 0x00, 0x00, 0x00, 0x00, 0x00, 0x00, 0x00, 0x00, 0x00, 0x00
	.byte 0x00, 0x00, 0x00, 0x00, 0x00, 0x00, 0x00, 0x00, 0x00, 0x00, 0x00, 0x00, 0x00, 0x00, 0x00, 0x00
	.byte 0x00, 0x00, 0x00, 0x00, 0x00, 0x00, 0x00, 0x00, 0x00, 0x00, 0x00, 0x00, 0x00, 0x00, 0x00, 0x00
	.byte 0x00, 0x00, 0x00, 0x00, 0x00, 0x00, 0x00, 0x00, 0x00, 0x00, 0x00, 0x00, 0x00, 0x00, 0x00, 0x00
	.byte 0x00, 0x00, 0x00, 0x00, 0x00, 0x00, 0x00, 0x00, 0x00, 0x00, 0x00, 0x00, 0x00, 0x00, 0x00, 0x00
	.byte 0x00, 0x00, 0x00, 0x00, 0x00, 0x00, 0x00, 0x00, 0x00, 0x00, 0x00, 0x00, 0x00, 0x00, 0x00, 0x00
	.byte 0x00, 0x00, 0x00, 0x00, 0x00, 0x00, 0x00, 0x00, 0x00, 0x00, 0x00, 0x00, 0x00, 0x00, 0x00, 0x00
	.byte 0x00, 0x00, 0x00, 0x00, 0x00, 0x00, 0x00, 0x00, 0x00, 0x00, 0x00, 0x00, 0x00, 0x00, 0x00, 0x00
	.byte 0x00, 0x00, 0x00, 0x00, 0x00, 0x00, 0x00, 0x00, 0x00, 0x00, 0x00, 0x00, 0x00, 0x00, 0x00, 0x00
	.byte 0x00, 0x00, 0x00, 0x00, 0x00, 0x00, 0x00, 0x00, 0x00, 0x00, 0x00, 0x00, 0x00, 0x00, 0x00, 0x00
	.byte 0x00, 0x00, 0x00, 0x00, 0x00, 0x00, 0x00, 0x00, 0x00, 0x00, 0x00, 0x00, 0x00, 0x00, 0x00, 0x00
	.byte 0x00, 0x00, 0x00, 0x00
	.fill 0xC0838, 1, 0xFF @ 0x08F3F7C8-0x08FFFFFF
