	@ src/data/easy_chat/easy_chat_group_voices.h:40 easy_chat_group_voices_line_40
	.globl gText_Rom_8A1975
gText_Rom_8A1975: @ 0x088A1975
	.string "………$"
	.if (. - gText_Rom_8A1975) > 0x4
	.error "gText_Rom_8A1975 may not grow beyond its original slot"
	.endif
	.if (. - gText_Rom_8A1975) < 0x4
	.space 0x4 - (. - gText_Rom_8A1975)
	.endif
	@ analyzed canonical ROM range 0x088A1979-0x088B077E
sAnalyzedData_088A1979: @ 0x088A1979
	@ structured u8 payload; no safe higher-level semantic type was provable
	.byte 0x3B, 0x70, 0xB0, 0xB0, 0xB0, 0xB0, 0xB0, 0xB0, 0xB0, 0xB0, 0xB0, 0xB0, 0xB0, 0xB0, 0xB0, 0xB0
	.byte 0xB0, 0xB0, 0xB0, 0xB0, 0xB0, 0xB0, 0xB0, 0xB0, 0xB0, 0xB0, 0xB0, 0xB0, 0xB0, 0xB0, 0xB0, 0xB1
	.byte 0xBC, 0x00, 0xBD, 0x53, 0xBF, 0x40, 0xBE, 0x2F, 0xD5, 0x32, 0x70, 0x98, 0x2D, 0x98, 0x34, 0x98
	.byte 0x2D, 0x98, 0x32, 0x98, 0x2D, 0x98, 0x34, 0x98, 0x2D, 0x98, 0x36, 0x98, 0x31, 0x98, 0x38, 0x98
	.byte 0x31, 0x98, 0x36, 0x98, 0x31, 0x98, 0x38, 0x98, 0x31, 0x8C, 0x2F, 0x86, 0xD2, 0x2E, 0x83, 0x2C
	.byte 0x83, 0xB0, 0xB0, 0xB0, 0xB0, 0xB0, 0xB0, 0xB0, 0xB0, 0xB0, 0xB0, 0xB0, 0xB0, 0xB0, 0xB0, 0xB0
	.byte 0xB0, 0xB0, 0xB0, 0xB0, 0xB0, 0xB0, 0xB0, 0xB0, 0xB0, 0xB0, 0xB0, 0xB0, 0xB0, 0xB0, 0xB1, 0x09
	.byte 0x00, 0x00, 0xB2, 0x94, 0x1B, 0x61, 0x08, 0xA0, 0x13, 0x8A, 0x08, 0xFB, 0x14, 0x8A, 0x08, 0x86
	.byte 0x15, 0x8A, 0x08, 0x99, 0x16, 0x8A, 0x08, 0x20, 0x17, 0x8A, 0x08, 0xF5, 0x17, 0x8A, 0x08, 0xB0
	.byte 0x18, 0x8A, 0x08, 0x6E, 0x19, 0x8A, 0x08, 0x99, 0x19, 0x8A, 0x08, 0xBC, 0x00, 0xBB, 0x5B, 0xBD
	.byte 0x7F, 0xC2, 0x2C, 0xC1, 0x0C, 0xBF, 0x40, 0xBE, 0x1F, 0x86, 0xBD, 0x7F, 0xD3, 0x58, 0x70, 0x90
	.byte 0x58, 0x40, 0x88, 0xBD, 0x7E, 0xE7, 0x5C, 0x70, 0x98, 0xBD, 0x7F, 0xD3, 0x58, 0x90, 0x58, 0x40
	.byte 0x88, 0xBD, 0x7E, 0xE7, 0x5C, 0x60, 0x98, 0xB4, 0xBD, 0x7F, 0xD3, 0x58, 0x70, 0x90, 0x58, 0x40
	.byte 0x88, 0xBD, 0x7E, 0xE7, 0x5C, 0x60, 0x98, 0xBD, 0x7F, 0xD3, 0x58, 0x70, 0x90, 0x58, 0x40, 0x88
	.byte 0xBD, 0x7E, 0xE7, 0x5C, 0x60, 0x98, 0xB4, 0xB3, 0x41, 0x1A, 0x8A, 0x08, 0xB3, 0x41, 0x1A, 0x8A
	.byte 0x08, 0xB3, 0x41, 0x1A, 0x8A, 0x08, 0xB3, 0x41, 0x1A, 0x8A, 0x08, 0xB3, 0x41, 0x1A, 0x8A, 0x08
	.byte 0xB3, 0x41, 0x1A, 0x8A, 0x08, 0xB3, 0x41, 0x1A, 0x8A, 0x08, 0xB3, 0x41, 0x1A, 0x8A, 0x08, 0xB3
	.byte 0x41, 0x1A, 0x8A, 0x08, 0xB3, 0x41, 0x1A, 0x8A, 0x08, 0xB3, 0x41, 0x1A, 0x8A, 0x08, 0xB3, 0x41
	.byte 0x1A, 0x8A, 0x08, 0xB3, 0x41, 0x1A, 0x8A, 0x08, 0xB3, 0x41, 0x1A, 0x8A, 0x08, 0xB3, 0x41, 0x1A
	.byte 0x8A, 0x08, 0xB3, 0x41, 0x1A, 0x8A, 0x08, 0xB3, 0x41, 0x1A, 0x8A, 0x08, 0xB3, 0x41, 0x1A, 0x8A
	.byte 0x08, 0xD3, 0x58, 0x70, 0xB0, 0xB3, 0x41, 0x1A, 0x8A, 0x08, 0xB3, 0x41, 0x1A, 0x8A, 0x08, 0xB3
	.byte 0x41, 0x1A, 0x8A, 0x08, 0xB3, 0x41, 0x1A, 0x8A, 0x08, 0xB3, 0x41, 0x1A, 0x8A, 0x08, 0xB3, 0x41
	.byte 0x1A, 0x8A, 0x08, 0xB3, 0x41, 0x1A, 0x8A, 0x08, 0xB3, 0x41, 0x1A, 0x8A, 0x08, 0xBD, 0x7F, 0xD3
	.byte 0x58, 0x70, 0x90, 0x58, 0x40, 0x88, 0x58, 0x70, 0x90, 0x58, 0x40, 0x88, 0x58, 0x70, 0x90, 0x58
	.byte 0x40, 0x88, 0x58, 0x70, 0x90, 0x58, 0x40, 0x88, 0xD3, 0x58, 0x70, 0x88, 0x58, 0x5C, 0x88, 0x58
	.byte 0x40, 0x88, 0x58, 0x70, 0x90, 0x58, 0x40, 0x88, 0x58, 0x70, 0x90, 0x58, 0x40, 0x88, 0x58, 0x70
	.byte 0x90, 0x58, 0x40, 0x88, 0xB4, 0xB3, 0x01, 0x1B, 0x8A, 0x08, 0xD3, 0x58, 0x70, 0x90, 0x58, 0x40
	.byte 0x88, 0x58, 0x70, 0x88, 0x58, 0x5C, 0x88, 0x58, 0x40, 0x88, 0x58, 0x70, 0x90, 0x58, 0x40, 0x88
	.byte 0x58, 0x70, 0x90, 0x58, 0x40, 0x88, 0xB4, 0xB3, 0x23, 0x1B, 0x8A, 0x08, 0xD3, 0x58, 0x70, 0x90
	.byte 0x58, 0x40, 0x88, 0x58, 0x70, 0x90, 0x58, 0x40, 0x88, 0x58, 0x70, 0x90, 0x58, 0x40, 0x88, 0x58
	.byte 0x70, 0x88, 0x58, 0x5C, 0x88, 0x58, 0x40, 0x88, 0x58, 0x70, 0x90, 0x58, 0x40, 0x88, 0x58, 0x70
	.byte 0x90, 0x58, 0x40, 0x88, 0x58, 0x70, 0x90, 0x58, 0x40, 0x88, 0x58, 0x70, 0x90, 0x58, 0x40, 0x88
	.byte 0x58, 0x70, 0x90, 0x58, 0x40, 0x88, 0x58, 0x70, 0x90, 0x58, 0x40, 0x88, 0x58, 0x70, 0x88, 0x58
	.byte 0x5C, 0x88, 0x58, 0x40, 0x88, 0x58, 0x70, 0x88, 0x58, 0x5C, 0x88, 0x58, 0x40, 0x88, 0xB3, 0x23
	.byte 0x1A, 0x8A, 0x08, 0xB3, 0x41, 0x1A, 0x8A, 0x08, 0xB3, 0x41, 0x1A, 0x8A, 0x08, 0xB3, 0x41, 0x1A
	.byte 0x8A, 0x08, 0xB3, 0x41, 0x1A, 0x8A, 0x08, 0xB3, 0x41, 0x1A, 0x8A, 0x08, 0xB3, 0x41, 0x1A, 0x8A
	.byte 0x08, 0xB3, 0x41, 0x1A, 0x8A, 0x08, 0xB3, 0x41, 0x1A, 0x8A, 0x08, 0xB3, 0x41, 0x1A, 0x8A, 0x08
	.byte 0xB3, 0x41, 0x1A, 0x8A, 0x08, 0xB3, 0x41, 0x1A, 0x8A, 0x08, 0xB3, 0x41, 0x1A, 0x8A, 0x08, 0xB3
	.byte 0x41, 0x1A, 0x8A, 0x08, 0xB3, 0x41, 0x1A, 0x8A, 0x08, 0xB3, 0x41, 0x1A, 0x8A, 0x08, 0xB2, 0x23
	.byte 0x1A, 0x8A, 0x08, 0xB1, 0xBC, 0x00, 0xBD, 0x01, 0xC2, 0x2C, 0xC1, 0x0C, 0xBE, 0x36, 0xBF, 0x30
	.byte 0x86, 0xBD, 0x01, 0xBE, 0x34, 0xB0, 0xB0, 0xB0, 0xDF, 0x2E, 0x70, 0x90, 0xD3, 0x4D, 0x88, 0x2E
	.byte 0x88, 0x2D, 0x88, 0xD3, 0x88, 0x4F, 0x88, 0x2D, 0x88, 0x2E, 0x88, 0x4F, 0x88, 0x2D, 0x88, 0xD3
	.byte 0x88, 0x50, 0x88, 0x2E, 0x88, 0x4F, 0x88, 0x50, 0x88, 0x2E, 0x88, 0xD7, 0x51, 0x98, 0x52, 0x54
	.byte 0x88, 0xE7, 0x2E, 0x70, 0x98, 0xB0, 0xB0, 0xB0, 0xB0, 0xBD, 0x30, 0xBE, 0x1E, 0xFC, 0x43, 0xAD
	.byte 0xD7, 0x44, 0x88, 0xFC, 0x46, 0xAD, 0xD7, 0x45, 0x88, 0xF7, 0x44, 0xA8, 0xDF, 0x46, 0x90, 0xD7
	.byte 0x44, 0x88, 0xEF, 0x43, 0xA0, 0x41, 0xA0, 0xB0, 0xB0, 0xB0, 0xB0, 0xB0, 0xB0, 0xB0, 0xA8, 0xBD
	.byte 0x30, 0xBE, 0x0E, 0xD3, 0x4C, 0x84, 0x4D, 0x84, 0x4E, 0x84, 0x4F, 0x84, 0x50, 0x84, 0x51, 0x84
	.byte 0xCF, 0x52, 0xB0, 0x9F, 0xCE, 0xD3, 0x53, 0x84, 0xEE, 0x54, 0x96, 0xD3, 0x4B, 0x96, 0x53, 0x84
	.byte 0xFE, 0x52, 0xAF, 0xD3, 0x53, 0x84, 0xEF, 0x54, 0xA0, 0xD3, 0x55, 0x84, 0xEB, 0x56, 0x9C, 0xD7
	.byte 0x4F, 0x88, 0xF7, 0x52, 0xA8, 0xDF, 0x90, 0xD3, 0x50, 0x88, 0xEF, 0x4D, 0xA0, 0x50, 0xA0, 0xCF
	.byte 0x52, 0xB0, 0x9D, 0xCE, 0xD7, 0x53, 0x88, 0xEE, 0x55, 0x9F, 0xD3, 0x53, 0x84, 0xCF, 0x54, 0xB0
	.byte 0xA8, 0xCE, 0xDD, 0x56, 0x8E, 0xD9, 0x54, 0x8A, 0xFF, 0x52, 0xB0, 0xEF, 0x50, 0xA0, 0x4F, 0xA0
	.byte 0xF7, 0x50, 0xA8, 0xDF, 0x52, 0x90, 0xD7, 0x50, 0x88, 0xEF, 0x4F, 0xA0, 0xEE, 0x4D, 0xA0, 0xCF
	.byte 0x52, 0xB0, 0x9D, 0xCE, 0xD3, 0x53, 0x84, 0x54, 0x84, 0xEF, 0x55, 0xA0, 0xBD, 0x11, 0xBE, 0x16
	.byte 0xDF, 0x50, 0x90, 0xD3, 0x54, 0x88, 0x57, 0x90, 0x5B, 0x98, 0xCF, 0x60, 0x9B, 0xAD, 0xCE, 0xD7
	.byte 0x62, 0x88, 0xD3, 0x5F, 0x84, 0xEB, 0x5E, 0x9C, 0xD7, 0x5B, 0x88, 0x5C, 0x90, 0xEA, 0x5E, 0x9B
	.byte 0xD7, 0x5B, 0x88, 0x5C, 0x88, 0x5E, 0x88, 0xEC, 0x62, 0x9D, 0xD3, 0x60, 0x88, 0xDF, 0x5E, 0x90
	.byte 0xD3, 0x5B, 0x88, 0x5D, 0x84, 0xEB, 0x5C, 0x9C, 0xD3, 0x59, 0x88, 0x5B, 0x90, 0x5C, 0x98, 0x59
	.byte 0x88, 0x5B, 0x90, 0xEA, 0x5C, 0x9B, 0xDB, 0x60, 0x8C, 0xD3, 0x5E, 0x58, 0x84, 0x60, 0x84, 0x5E
	.byte 0x84, 0xDF, 0x5C, 0x70, 0x90, 0xD3, 0x59, 0x88, 0x90, 0xE7, 0x5B, 0x9B, 0xDF, 0x5C, 0x98, 0xDF
	.byte 0x98, 0xD7, 0x5D, 0x98, 0xD3, 0x90, 0xE7, 0x5E, 0x9B, 0xDF, 0x5F, 0x90, 0xD3, 0x5C, 0x5C, 0x84
	.byte 0x5E, 0x84, 0xCF, 0x60, 0x70, 0xB0, 0xAD, 0xCE, 0xD3, 0x62, 0x5C, 0x84, 0x60, 0x84, 0xFE, 0x5E
	.byte 0xAF, 0xD3, 0x5B, 0x84, 0xFC, 0x5E, 0xAD, 0xD3, 0x5E, 0x70, 0x84, 0x5F, 0x84, 0xBE, 0x14, 0xF7
	.byte 0x63, 0xA8, 0xDF, 0x62, 0x90, 0xD7, 0x63, 0x88, 0xBE, 0x17, 0xD3, 0x5F, 0x84, 0xFB, 0x5E, 0xAC
	.byte 0xD3, 0x5B, 0x84, 0x5A, 0x84, 0xFC, 0x59, 0xAD, 0xD3, 0x5B, 0x84, 0x5C, 0x84, 0xEC, 0x5E, 0x9D
	.byte 0xD3, 0x5F, 0x84, 0x60, 0x84, 0xEF, 0x62, 0xA0, 0xB2, 0xFA, 0x1B, 0x8A, 0x08, 0xB1, 0xBC, 0x00
	.byte 0xBD, 0x23, 0xC1, 0x0C, 0xC2, 0x2C, 0xC1, 0x0C, 0xC2, 0x2C, 0xBE, 0x46, 0xBF, 0x40, 0x86, 0xBE
	.byte 0x46, 0xD7, 0x27, 0x70, 0xB0, 0x28, 0xB0, 0x29, 0xB0, 0x22, 0x88, 0xD3, 0x29, 0x88, 0x22, 0x88
	.byte 0xDF, 0x90, 0xD3, 0x21, 0x88, 0xD7, 0x22, 0x88, 0xD3, 0x29, 0x88, 0x22, 0x88, 0xE3, 0x98, 0xD7
	.byte 0x88, 0xD3, 0x29, 0x88, 0x22, 0x88, 0xD7, 0x90, 0xD3, 0x2E, 0x9B, 0xDF, 0x22, 0x90, 0xD7, 0x26
	.byte 0x88, 0xD7, 0x27, 0x70, 0x90, 0x33, 0x88, 0xDF, 0x32, 0x98, 0x31, 0x98, 0x30, 0x98, 0xB4, 0xD7
	.byte 0x2E, 0x70, 0x88, 0x2B, 0x88, 0x28, 0x88, 0xDF, 0x25, 0x98, 0x31, 0x98, 0xD7, 0x30, 0x90, 0x2B
	.byte 0x88, 0xB4, 0xD7, 0x29, 0x70, 0x90, 0x35, 0x88, 0x30, 0x88, 0x33, 0x88, 0x34, 0x88, 0xDF, 0x35
	.byte 0x98, 0xD7, 0x34, 0x90, 0x33, 0x88, 0xB4, 0xDF, 0x32, 0x70, 0x98, 0x30, 0x98, 0x2E, 0x98, 0x2C
	.byte 0x98, 0xB4, 0xB3, 0xDA, 0x1D, 0x8A, 0x08, 0xB3, 0xE8, 0x1D, 0x8A, 0x08, 0xD7, 0x29, 0x70, 0x90
	.byte 0x35, 0x88, 0xDF, 0x34, 0x98, 0x33, 0x98, 0x32, 0x98, 0xB4, 0xD7, 0x88, 0x2E, 0x88, 0x2C, 0x88
	.byte 0xDF, 0x29, 0x98, 0x2E, 0x98, 0x32, 0x98, 0xB3, 0xDA, 0x1D, 0x8A, 0x08, 0xB3, 0xE8, 0x1D, 0x8A
	.byte 0x08, 0xB3, 0xFB, 0x1D, 0x8A, 0x08, 0xB3, 0x10, 0x1E, 0x8A, 0x08, 0xB3, 0xDA, 0x1D, 0x8A, 0x08
	.byte 0xB3, 0xE8, 0x1D, 0x8A, 0x08, 0xB3, 0x25, 0x1E, 0x8A, 0x08, 0xBE, 0x48, 0xD7, 0x2E, 0x70, 0x98
	.byte 0xF7, 0x22, 0xA8, 0x2C, 0xA8, 0xD3, 0x90, 0xD7, 0x88, 0x90, 0xEA, 0x9B, 0xEF, 0x37, 0xA0, 0xF4
	.byte 0x35, 0xA5, 0xD3, 0x32, 0x88, 0xDF, 0x35, 0x90, 0xD3, 0x34, 0x54, 0x88, 0xFC, 0x33, 0x70, 0xAD
	.byte 0xD3, 0x2E, 0x88, 0xF7, 0x35, 0x70, 0xA8, 0xD3, 0x37, 0x90, 0x35, 0x88, 0xB4, 0xDB, 0x2E, 0x70
	.byte 0x90, 0xD3, 0x88, 0x2B, 0x90, 0x2C, 0x88, 0xDB, 0x2E, 0x90, 0xD3, 0x88, 0xDF, 0x30, 0x90, 0xD3
	.byte 0x32, 0x88, 0xB4, 0xEC, 0x33, 0x9D, 0xD7, 0x2E, 0x88, 0xDF, 0x33, 0x90, 0xD3, 0x2E, 0x88, 0x33
	.byte 0x88, 0x32, 0x88, 0x33, 0x88, 0xEC, 0x34, 0x9D, 0xD3, 0x31, 0x88, 0xEC, 0x37, 0x9D, 0xD3, 0x34
	.byte 0x88, 0xEF, 0x2C, 0xA0, 0xD3, 0x90, 0xD3, 0x88, 0x38, 0x90, 0x2C, 0x88, 0x90, 0xEA, 0x9B, 0xD7
	.byte 0x33, 0x88, 0xD3, 0x32, 0x88, 0x31, 0x88, 0xE7, 0x30, 0x98, 0xF3, 0x32, 0xA4, 0x82, 0xD3, 0x2B
	.byte 0x8A, 0xDF, 0x32, 0x90, 0xD3, 0x2E, 0x54, 0x88, 0xDB, 0x33, 0x70, 0x90, 0xD3, 0x88, 0xE7, 0x2B
	.byte 0x98, 0xDB, 0x37, 0x90, 0xD3, 0x88, 0x33, 0x90, 0x30, 0x88, 0xB3, 0x8C, 0x1E, 0x8A, 0x08, 0xB3
	.byte 0x96, 0x1E, 0x8A, 0x08, 0xDB, 0x37, 0x70, 0x90, 0xD3, 0x33, 0x88, 0xE7, 0x2E, 0x98, 0xDB, 0x32
	.byte 0x90, 0xD3, 0x88, 0xE7, 0x33, 0x98, 0xDF, 0x34, 0x90, 0xD3, 0x31, 0x88, 0xE7, 0x2E, 0x98, 0xDF
	.byte 0x34, 0x90, 0xD3, 0x31, 0x88, 0xDF, 0x37, 0x90, 0xD3, 0x2E, 0x88, 0xB0, 0xB0, 0xB0, 0xB0, 0xB0
	.byte 0xB0, 0xB0, 0xB0, 0xB0, 0xB0, 0xB0, 0xB0, 0xB0, 0xB0, 0xB0, 0xB0, 0xB2, 0xA8, 0x1D, 0x8A, 0x08
	.byte 0xB1, 0xBC, 0x00, 0xBD, 0x38, 0xC2, 0x2C, 0xC1, 0x0C, 0xBF, 0x40, 0xBE, 0x3F, 0xD1, 0x41, 0x70
	.byte 0x82, 0x43, 0x82, 0x44, 0x82, 0xBD, 0x38, 0xD7, 0x4B, 0x78, 0xA8, 0x3F, 0x70, 0x88, 0x3F, 0x24
	.byte 0x90, 0x4C, 0x70, 0x88, 0x4C, 0x24, 0x88, 0x49, 0x70, 0x88, 0x49, 0x24, 0x90, 0x46, 0x70, 0x88
	.byte 0x46, 0x24, 0x90, 0x43, 0x70, 0x88, 0xDF, 0x42, 0x90, 0xD7, 0x43, 0x88, 0x41, 0x88, 0x43, 0x88
	.byte 0x44, 0x88, 0xDF, 0x46, 0x90, 0xD7, 0x48, 0x88, 0x48, 0x24, 0x90, 0x4B, 0x70, 0x88, 0x4B, 0x24
	.byte 0x98, 0xBD, 0x01, 0x90, 0xEA, 0x4A, 0x70, 0x9B, 0xD7, 0x4B, 0x88, 0x4B, 0x24, 0x90, 0xE3, 0x4B
	.byte 0x70, 0x98, 0xDF, 0x4C, 0x90, 0xD7, 0x4C, 0x24, 0x88, 0x4C, 0x70, 0x88, 0x4C, 0x24, 0x88, 0x4D
	.byte 0x70, 0x88, 0xBE, 0x35, 0xD7, 0x4D, 0x24, 0x90, 0x52, 0x54, 0x88, 0xBE, 0x40, 0xE7, 0x3A, 0x70
	.byte 0x98, 0xBD, 0x0D, 0xBE, 0x33, 0x90, 0xD7, 0x4F, 0x88, 0x4F, 0x24, 0xA0, 0x46, 0x70, 0x88, 0x46
	.byte 0x24, 0x90, 0x50, 0x70, 0x90, 0x4F, 0x98, 0x4E, 0x88, 0x4D, 0x88, 0xD3, 0x46, 0x88, 0xD7, 0x4D
	.byte 0x88, 0xE7, 0x4F, 0x98, 0x90, 0xD3, 0x50, 0x9B, 0xE7, 0xA0, 0xD7, 0x52, 0x90, 0x50, 0x98, 0x4F
	.byte 0x88, 0xE7, 0x4D, 0x98, 0xD7, 0x4E, 0x88, 0x4D, 0x88, 0x4E, 0x88, 0xBE, 0x21, 0xD3, 0x46, 0x68
	.byte 0x84, 0x4F, 0x60, 0x84, 0x46, 0x58, 0x84, 0x4F, 0x50, 0x84, 0x46, 0x48, 0x84, 0x4F, 0x84, 0x46
	.byte 0x44, 0x84, 0x4F, 0x84, 0x46, 0x40, 0x84, 0x4F, 0x84, 0x46, 0x84, 0x4F, 0x84, 0x46, 0x84, 0x4F
	.byte 0x84, 0x46, 0x84, 0x4F, 0x84, 0x46, 0x84, 0x4F, 0x84, 0x46, 0x84, 0x4F, 0x84, 0x46, 0x84, 0x4F
	.byte 0x84, 0x46, 0x84, 0x4F, 0x84, 0x49, 0x68, 0x84, 0x52, 0x60, 0x84, 0x49, 0x58, 0x84, 0x52, 0x50
	.byte 0x84, 0x49, 0x48, 0x84, 0x52, 0x84, 0x49, 0x44, 0x84, 0x52, 0x84, 0x49, 0x40, 0x84, 0x52, 0x84
	.byte 0x49, 0x84, 0x52, 0x84, 0x49, 0x84, 0x52, 0x84, 0x49, 0x84, 0x52, 0x84, 0x49, 0x84, 0x52, 0x84
	.byte 0x49, 0x84, 0x52, 0x84, 0x49, 0x84, 0x52, 0x84, 0x49, 0x84, 0x52, 0x84, 0x48, 0x68, 0x84, 0x50
	.byte 0x60, 0x84, 0x48, 0x58, 0x84, 0x50, 0x50, 0x84, 0x48, 0x48, 0x84, 0x50, 0x84, 0x48, 0x44, 0x84
	.byte 0x50, 0x84, 0x48, 0x40, 0x84, 0x50, 0x84, 0x48, 0x84, 0x50, 0x84, 0x48, 0x84, 0x50, 0x84, 0x48
	.byte 0x84, 0x50, 0x84, 0x48, 0x84, 0x50, 0x84, 0x4A, 0x68, 0x84, 0x52, 0x60, 0x84, 0x4A, 0x58, 0x84
	.byte 0x52, 0x50, 0x84, 0x48, 0x68, 0x84, 0x50, 0x60, 0x84, 0x4A, 0x68, 0x84, 0x4F, 0x60, 0x84, 0x4A
	.byte 0x58, 0x84, 0x4F, 0x50, 0x84, 0x4A, 0x48, 0x84, 0x4F, 0x84, 0x4A, 0x44, 0x84, 0x4F, 0x84, 0x4A
	.byte 0x40, 0x84, 0x4F, 0x84, 0x4A, 0x84, 0x4F, 0x84, 0x46, 0x68, 0x84, 0x4D, 0x60, 0x84, 0x46, 0x58
	.byte 0x84, 0x4D, 0x50, 0x84, 0x46, 0x48, 0x84, 0x4D, 0x84, 0x46, 0x44, 0x84, 0x4D, 0x84, 0x46, 0x40
	.byte 0x84, 0x4D, 0x84, 0x46, 0x84, 0x4D, 0x84, 0xB0, 0xB0, 0xB0, 0xB0, 0xB0, 0xB0, 0xBD, 0x38, 0xBE
	.byte 0x40, 0x90, 0xD3, 0x44, 0x70, 0x84, 0xD7, 0x44, 0x24, 0x99, 0xDF, 0x44, 0x70, 0x90, 0xD7, 0x44
	.byte 0x24, 0x88, 0xE3, 0x44, 0x70, 0x98, 0xD7, 0x46, 0x88, 0xD1, 0x45, 0x40, 0x82, 0x44, 0x44, 0x82
	.byte 0x43, 0x82, 0x42, 0x40, 0xAB, 0x82, 0xB0, 0xB0, 0xB0, 0xB0, 0xB0, 0xB0, 0xB0, 0xBD, 0x2E, 0xBE
	.byte 0x34, 0xAB, 0xD3, 0x55, 0x70, 0x88, 0x52, 0x88, 0xBD, 0x2E, 0xBE, 0x34, 0xD3, 0x50, 0x88, 0x54
	.byte 0x4C, 0x88, 0x57, 0x88, 0x5B, 0x70, 0x88, 0x57, 0x48, 0x88, 0x54, 0x88, 0x50, 0x70, 0x88, 0x54
	.byte 0x4C, 0x88, 0x57, 0x88, 0x5B, 0x70, 0x88, 0x57, 0x48, 0x88, 0x54, 0x88, 0x50, 0x70, 0x88, 0x54
	.byte 0x4C, 0x88, 0x56, 0x88, 0x59, 0x70, 0x88, 0x56, 0x48, 0x88, 0x54, 0x88, 0x50, 0x70, 0x88, 0x54
	.byte 0x4C, 0x88, 0x56, 0x88, 0x59, 0x70, 0x88, 0x56, 0x48, 0x88, 0x54, 0x88, 0x4F, 0x70, 0x88, 0x52
	.byte 0x4C, 0x88, 0x56, 0x88, 0x59, 0x70, 0x88, 0x56, 0x48, 0x88, 0x52, 0x88, 0x4F, 0x70, 0x88, 0x52
	.byte 0x4C, 0x88, 0x56, 0x88, 0x59, 0x70, 0x88, 0x56, 0x48, 0x88, 0x52, 0x88, 0x4F, 0x70, 0x88, 0x52
	.byte 0x4C, 0x88, 0x54, 0x88, 0x57, 0x70, 0x88, 0x54, 0x48, 0x88, 0x52, 0x88, 0x4F, 0x70, 0x88, 0x52
	.byte 0x4C, 0x88, 0x54, 0x88, 0x57, 0x70, 0x88, 0x54, 0x48, 0x88, 0x52, 0x88, 0x4D, 0x70, 0x88, 0x50
	.byte 0x4C, 0x88, 0x54, 0x88, 0x57, 0x70, 0x88, 0x54, 0x48, 0x88, 0x50, 0x88, 0x4D, 0x70, 0x88, 0x50
	.byte 0x4C, 0x88, 0x54, 0x88, 0x57, 0x70, 0x88, 0x54, 0x48, 0x88, 0x50, 0x88, 0x4D, 0x70, 0x88, 0x50
	.byte 0x4C, 0x88, 0x52, 0x88, 0x56, 0x70, 0x88, 0x52, 0x48, 0x88, 0x50, 0x88, 0x4D, 0x70, 0x88, 0x50
	.byte 0x4C, 0x88, 0x52, 0x88, 0x56, 0x70, 0x88, 0x52, 0x48, 0x88, 0x50, 0x88, 0x4B, 0x70, 0x88, 0x4F
	.byte 0x4C, 0x88, 0x52, 0x88, 0x56, 0x70, 0x88, 0x52, 0x48, 0x88, 0x4F, 0x88, 0x4B, 0x70, 0x88, 0x4F
	.byte 0x4C, 0x88, 0x52, 0x88, 0x56, 0x70, 0x88, 0x52, 0x48, 0x88, 0x4F, 0x88, 0x4C, 0x70, 0x88, 0x4F
	.byte 0x4C, 0x88, 0x52, 0x88, 0x55, 0x70, 0x88, 0x52, 0x48, 0x88, 0x4F, 0x88, 0x4C, 0x70, 0x88, 0x4F
	.byte 0x4C, 0x88, 0x52, 0x88, 0x55, 0x70, 0x88, 0x52, 0x48, 0x88, 0x4F, 0x88, 0xBD, 0x01, 0xBE, 0x3D
	.byte 0xD3, 0x43, 0x70, 0x84, 0xD7, 0x43, 0x24, 0xAF, 0x90, 0xD3, 0x43, 0x70, 0x84, 0xD7, 0x43, 0x24
	.byte 0x99, 0xDF, 0x43, 0x70, 0x90, 0xD7, 0x43, 0x24, 0x88, 0xD3, 0x42, 0x70, 0x84, 0xD7, 0x42, 0x24
	.byte 0x94, 0xD3, 0x41, 0x70, 0x84, 0xD7, 0x41, 0x24, 0xAF, 0x90, 0xD3, 0x41, 0x70, 0x84, 0xD7, 0x41
	.byte 0x24, 0x99, 0xDF, 0x41, 0x70, 0x90, 0xD7, 0x41, 0x24, 0x88, 0xD3, 0x40, 0x70, 0x84, 0xD7, 0x40
	.byte 0x24, 0x94, 0xD3, 0x3F, 0x70, 0x84, 0xD7, 0x3F, 0x24, 0xAF, 0x90, 0xD3, 0x3F, 0x70, 0x84, 0xD7
	.byte 0x3F, 0x24, 0x99, 0xDF, 0x3F, 0x70, 0x90, 0xD7, 0x3F, 0x24, 0x9B, 0x90, 0xE7, 0x3E, 0x70, 0x98
	.byte 0xD7, 0x3E, 0x24, 0x88, 0xDF, 0x3F, 0x70, 0x90, 0xD7, 0x3F, 0x24, 0x88, 0xDF, 0x3F, 0x70, 0x90
	.byte 0xD7, 0x3F, 0x24, 0x88, 0xDF, 0x3F, 0x70, 0x90, 0xD7, 0x3F, 0x24, 0x88, 0xD3, 0x3F, 0x70, 0x84
	.byte 0xD7, 0x3F, 0x24, 0x8C, 0xE7, 0x41, 0x70, 0x98, 0xD7, 0x41, 0x24, 0x88, 0xE7, 0x44, 0x70, 0x98
	.byte 0xD3, 0x43, 0x88, 0x43, 0x34, 0x88, 0x43, 0x58, 0x88, 0xD3, 0x84, 0xD7, 0x43, 0x24, 0x94, 0xD3
	.byte 0x43, 0x58, 0x84, 0xD7, 0x43, 0x24, 0x94, 0xD3, 0x42, 0x58, 0x84, 0xD7, 0x42, 0x24, 0x94, 0xD3
	.byte 0x43, 0x58, 0x84, 0xD7, 0x43, 0x24, 0x8C, 0xD3, 0x43, 0x70, 0x84, 0xD7, 0x43, 0x24, 0x99, 0xDF
	.byte 0x43, 0x70, 0x90, 0xD7, 0x43, 0x24, 0x88, 0xDF, 0x42, 0x70, 0x90, 0xD7, 0x42, 0x24, 0x88, 0xD3
	.byte 0x41, 0x70, 0x88, 0x41, 0x30, 0x88, 0x41, 0x58, 0x88, 0xD3, 0x98, 0xD3, 0x84, 0xD7, 0x41, 0x24
	.byte 0x94, 0xD3, 0x40, 0x58, 0x84, 0xD7, 0x40, 0x24, 0x94, 0xD3, 0x41, 0x58, 0x84, 0xD7, 0x41, 0x24
	.byte 0x8C, 0xD3, 0x41, 0x70, 0x84, 0xD7, 0x41, 0x24, 0x99, 0xDF, 0x41, 0x70, 0x90, 0xD7, 0x41, 0x24
	.byte 0x88, 0xDF, 0x40, 0x70, 0x90, 0xD7, 0x40, 0x24, 0x88, 0xD3, 0x46, 0x70, 0x88, 0x46, 0x30, 0x88
	.byte 0x46, 0x58, 0x88, 0xD3, 0x84, 0xD7, 0x46, 0x24, 0x94, 0xD3, 0x46, 0x58, 0x84, 0xD7, 0x46, 0x24
	.byte 0x9F, 0xD3, 0x46, 0x58, 0x84, 0xD7, 0x46, 0x24, 0x8C, 0xD3, 0x46, 0x70, 0x84, 0xD7, 0x46, 0x24
	.byte 0x99, 0xDF, 0x46, 0x70, 0x90, 0xD7, 0x46, 0x24, 0x9B, 0xD3, 0x46, 0x70, 0x88, 0x46, 0x30, 0x88
	.byte 0x46, 0x58, 0x88, 0xD3, 0x84, 0xD7, 0x46, 0x24, 0x94, 0xD3, 0x46, 0x58, 0x84, 0xD7, 0x46, 0x24
	.byte 0x94, 0xD3, 0x45, 0x58, 0x84, 0xD7, 0x45, 0x24, 0x94, 0xD3, 0x46, 0x58, 0x84, 0xD7, 0x46, 0x24
	.byte 0x8C, 0xD3, 0x46, 0x70, 0x84, 0xD7, 0x46, 0x24, 0x99, 0xD3, 0x46, 0x58, 0x84, 0xD7, 0x46, 0x24
	.byte 0x8C, 0xD3, 0x46, 0x70, 0x84, 0xD7, 0x46, 0x24, 0x99, 0xB2, 0x5E, 0x1F, 0x8A, 0x08, 0xB1, 0xBC
	.byte 0x00, 0xBD, 0x38, 0xBF, 0x38, 0xC2, 0x2C, 0xC1, 0x0C, 0xBE, 0x44, 0xD1, 0x46, 0x70, 0x82, 0x48
	.byte 0x82, 0x4A, 0x82, 0xBE, 0x48, 0xD7, 0x52, 0x78, 0x88, 0x52, 0x24, 0xA5, 0x46, 0x70, 0x88, 0x46
	.byte 0x24, 0x90, 0x50, 0x70, 0x88, 0x50, 0x24, 0x88, 0x4F, 0x70, 0x88, 0x4F, 0x24, 0x90, 0x4D, 0x70
	.byte 0x88, 0x4D, 0x24, 0x90, 0x4B, 0x70, 0x88, 0xDF, 0x4A, 0x90, 0xD7, 0x4B, 0x88, 0x47, 0x88, 0x48
	.byte 0x88, 0x49, 0x88, 0xDF, 0x4A, 0x90, 0xD7, 0x4B, 0x88, 0x4B, 0x24, 0x90, 0x4F, 0x70, 0x88, 0x4F
	.byte 0x24, 0x98, 0xB0, 0xBD, 0x01, 0xBE, 0x35, 0xA5, 0xD3, 0x51, 0x4C, 0x9B, 0xBD, 0x38, 0xBE, 0x48
	.byte 0x90, 0xD7, 0x4F, 0x70, 0x88, 0x4F, 0x24, 0xA0, 0x46, 0x70, 0x88, 0x46, 0x24, 0x90, 0x50, 0x70
	.byte 0x88, 0x50, 0x24, 0x88, 0x4F, 0x70, 0x88, 0x4F, 0x24, 0x90, 0x4E, 0x70, 0x88, 0x4D, 0x88, 0xD3
	.byte 0x46, 0x84, 0x46, 0x24, 0x84, 0xD7, 0x4D, 0x70, 0x88, 0xE7, 0x4F, 0x98, 0xD7, 0x4F, 0x24, 0x90
	.byte 0xD3, 0x50, 0x70, 0x84, 0xD7, 0x50, 0x24, 0x99, 0xE7, 0x50, 0x70, 0x98, 0xD7, 0x50, 0x24, 0x98
	.byte 0x52, 0x70, 0x88, 0x52, 0x24, 0x88, 0x50, 0x70, 0x88, 0x50, 0x24, 0x90, 0x4F, 0x70, 0x88, 0xE7
	.byte 0x4D, 0x98, 0xD7, 0x4E, 0x88, 0x4D, 0x88, 0x4E, 0x88, 0xF7, 0x4F, 0xA8, 0xD7, 0x4F, 0x24, 0x98
	.byte 0xB0, 0xB0, 0xA8, 0xBD, 0x3C, 0xBE, 0x3E, 0xD3, 0x4A, 0x70, 0x88, 0x4B, 0x88, 0x4D, 0x87, 0xBD
	.byte 0x3C, 0x81, 0xD3, 0x43, 0x84, 0xD7, 0x43, 0x24, 0x8C, 0x4F, 0x70, 0x88, 0xD1, 0x4E, 0x40, 0x82
	.byte 0x4D, 0x44, 0x82, 0x4C, 0x82, 0x4B, 0x40, 0x82, 0x4A, 0x44, 0x82, 0x49, 0x9C, 0x82, 0xD7, 0x46
	.byte 0x70, 0x88, 0x46, 0x24, 0x90, 0xBE, 0x3A, 0xE7, 0x50, 0x70, 0x98, 0xD7, 0x4F, 0x88, 0x4F, 0x24
	.byte 0x88, 0x4C, 0x70, 0x88, 0xE7, 0x4D, 0x98, 0xD7, 0x4F, 0x88, 0x4F, 0x24, 0x88, 0x4C, 0x70, 0x88
	.byte 0x4C, 0x24, 0x90, 0x50, 0x68, 0x88, 0x50, 0x24, 0x98, 0xE7, 0x50, 0x68, 0x98, 0xD7, 0x50, 0x24
	.byte 0x98, 0xE7, 0x52, 0x64, 0x98, 0xD3, 0x50, 0x70, 0x88, 0x52, 0x88, 0x50, 0x88, 0x4F, 0x88, 0x50
	.byte 0x88, 0x4F, 0x88, 0x4D, 0x88, 0x4F, 0x88, 0x4B, 0x88, 0xF7, 0x46, 0xA8, 0xD3, 0x48, 0x5C, 0x84
	.byte 0x4A, 0x84, 0x4B, 0x84, 0x4D, 0x84, 0x4F, 0x84, 0x50, 0x84, 0xFF, 0x52, 0x64, 0xB0, 0xBD, 0x38
	.byte 0xBE, 0x3E, 0xD7, 0x52, 0x24, 0x90, 0xD3, 0x50, 0x70, 0x84, 0xD7, 0x50, 0x24, 0x99, 0xDF, 0x50
	.byte 0x70, 0x90, 0xD7, 0x50, 0x24, 0x88, 0xE3, 0x50, 0x70, 0x94, 0xD3, 0x50, 0x24, 0x84, 0xD7, 0x52
	.byte 0x70, 0x88, 0xD1, 0x51, 0x40, 0x82, 0x50, 0x44, 0x82, 0x4F, 0x82, 0x4E, 0x40, 0xAB, 0x82, 0xBD
	.byte 0x18, 0xBE, 0x3A, 0x98, 0xE7, 0x4F, 0x70, 0x98, 0x4D, 0x98, 0x4B, 0x98, 0xDF, 0x4A, 0x90, 0xE7
	.byte 0x4B, 0x98, 0x4C, 0x98, 0xD7, 0x4D, 0x88, 0xDF, 0x4A, 0x90, 0xD7, 0x48, 0x88, 0xDF, 0x49, 0x90
	.byte 0xD7, 0x4A, 0x88, 0xE7, 0x54, 0x98, 0x52, 0x98, 0x50, 0x98, 0xDF, 0x4F, 0x90, 0xE7, 0x50, 0x98
	.byte 0x51, 0x98, 0xD7, 0x52, 0x88, 0xDF, 0x4F, 0x90, 0xD7, 0x4B, 0x88, 0x4B, 0x24, 0x98, 0xE7, 0x50
	.byte 0x70, 0x98, 0x4F, 0x98, 0xDF, 0x4D, 0x90, 0xD3, 0x4C, 0x88, 0xDF, 0x4B, 0x90, 0xE7, 0x4A, 0x98
	.byte 0xD7, 0x48, 0x88, 0xDF, 0x49, 0x90, 0xD7, 0x4A, 0x88, 0xDF, 0x4B, 0x90, 0xD7, 0x4D, 0x88, 0x4D
	.byte 0x24, 0x98, 0x52, 0x70, 0x88, 0x51, 0x88, 0x50, 0x88, 0xDF, 0x4F, 0x90, 0xD7, 0x4D, 0x88, 0xE7
	.byte 0x4B, 0x98, 0xD7, 0x4B, 0x24, 0x90, 0xE7, 0x4C, 0x70, 0x98, 0xD7, 0x4B, 0x88, 0xDF, 0x4C, 0x90
	.byte 0xD7, 0x46, 0x88, 0xDF, 0x4F, 0x90, 0xD7, 0x4C, 0x88, 0x4C, 0x24, 0x98, 0xE7, 0x50, 0x70, 0x98
	.byte 0x4F, 0x98, 0x4D, 0x98, 0xDF, 0x4B, 0x90, 0xE7, 0x4A, 0x98, 0xD7, 0x49, 0x88, 0xDF, 0x4A, 0x90
	.byte 0xD7, 0x4B, 0x88, 0xDF, 0x4C, 0x90, 0xD7, 0x4D, 0x88, 0x4D, 0x24, 0x98, 0xDF, 0x4D, 0x70, 0x90
	.byte 0xE7, 0x4A, 0x98, 0xD7, 0x49, 0x88, 0xE7, 0x56, 0x98, 0xEF, 0x54, 0xA0, 0xEC, 0x52, 0x9D, 0xD3
	.byte 0x4F, 0x88, 0xE7, 0x50, 0x98, 0x57, 0x98, 0x56, 0x98, 0x54, 0x98, 0xDF, 0x56, 0x90, 0xE7, 0x54
	.byte 0x98, 0xD7, 0x56, 0x88, 0xDF, 0x52, 0x90, 0xD7, 0x4A, 0x88, 0xDF, 0x4B, 0x90, 0xD7, 0x4D, 0x88
	.byte 0xF4, 0x52, 0xA5, 0xD7, 0x4A, 0x88, 0xDF, 0x4B, 0x90, 0xD7, 0x4D, 0x88, 0xEF, 0x52, 0xA0, 0x55
	.byte 0xA0, 0xBD, 0x18, 0xEC, 0x4B, 0x9D, 0xD3, 0x48, 0x88, 0x4F, 0x84, 0xD7, 0x4F, 0x24, 0x94, 0xD3
	.byte 0x44, 0x70, 0x88, 0x48, 0x88, 0x4B, 0x88, 0x4F, 0x84, 0xD7, 0x4F, 0x24, 0x8C, 0xD3, 0x4E, 0x70
	.byte 0x88, 0x4D, 0x84, 0xD7, 0x4D, 0x24, 0x8C, 0xD3, 0x4C, 0x70, 0x88, 0x4B, 0x84, 0xD7, 0x4B, 0x24
	.byte 0x8C, 0xD3, 0x4A, 0x70, 0x88, 0x48, 0x84, 0xD7, 0x48, 0x24, 0x8C, 0xD3, 0x4A, 0x70, 0x88, 0xEC
	.byte 0x46, 0x9D, 0xD3, 0x43, 0x88, 0x44, 0x84, 0xD7, 0x44, 0x24, 0x8C, 0xD3, 0x46, 0x70, 0x88, 0x43
	.byte 0x88, 0x44, 0x88, 0x46, 0x88, 0x43, 0x88, 0x44, 0x88, 0x46, 0x88, 0xEC, 0x4A, 0x9D, 0xD3, 0x48
	.byte 0x84, 0x48, 0x24, 0x84, 0xDF, 0x46, 0x70, 0x90, 0xD3, 0x43, 0x84, 0x43, 0x24, 0x84, 0xEC, 0x44
	.byte 0x70, 0x9D, 0xD3, 0x41, 0x88, 0x43, 0x84, 0xD7, 0x43, 0x24, 0x8C, 0xD3, 0x44, 0x70, 0x84, 0xD7
	.byte 0x44, 0x24, 0x94, 0xD3, 0x41, 0x70, 0x88, 0x43, 0x84, 0xD7, 0x43, 0x24, 0x8C, 0xEA, 0x44, 0x70
	.byte 0x9B, 0xDB, 0x48, 0x8C, 0xD3, 0x46, 0x58, 0x84, 0x48, 0x84, 0x46, 0x84, 0xDF, 0x44, 0x70, 0x90
	.byte 0xD3, 0x41, 0x84, 0xD7, 0x41, 0x24, 0x84, 0x90, 0xE7, 0x43, 0x70, 0x98, 0xD7, 0x43, 0x24, 0x88
	.byte 0xDF, 0x44, 0x70, 0x90, 0xD7, 0x44, 0x24, 0x88, 0xDF, 0x44, 0x70, 0x90, 0xD7, 0x44, 0x24, 0x88
	.byte 0xDF, 0x45, 0x70, 0x90, 0xD7, 0x45, 0x24, 0x88, 0xD3, 0x45, 0x70, 0x84, 0xD7, 0x45, 0x24, 0x8C
	.byte 0xE7, 0x46, 0x70, 0x98, 0xD7, 0x46, 0x24, 0x88, 0xE7, 0x47, 0x70, 0x98, 0xD7, 0x47, 0x24, 0x98
	.byte 0xDF, 0x44, 0x70, 0x90, 0xD7, 0x48, 0x88, 0xDF, 0x4B, 0x90, 0xD7, 0x4F, 0x88, 0x4F, 0x24, 0x98
	.byte 0xDF, 0x44, 0x70, 0x90, 0xD7, 0x48, 0x88, 0xDF, 0x4B, 0x90, 0xD7, 0x4F, 0x88, 0xDF, 0x54, 0x60
	.byte 0x90, 0xD3, 0x52, 0x5C, 0x84, 0x54, 0x84, 0xDF, 0x4D, 0x70, 0x90, 0xD7, 0x48, 0x88, 0xE7, 0x4A
	.byte 0x98, 0xDF, 0x43, 0x90, 0xD7, 0x46, 0x88, 0xDF, 0x4A, 0x90, 0xD7, 0x4D, 0x88, 0x4D, 0x24, 0x98
	.byte 0xDF, 0x43, 0x70, 0x90, 0xD7, 0x46, 0x88, 0xDF, 0x4A, 0x90, 0xE7, 0x52, 0x60, 0x98, 0xD3, 0x50
	.byte 0x58, 0x84, 0x52, 0x84, 0xDF, 0x4A, 0x70, 0x90, 0xD7, 0x4B, 0x88, 0xDF, 0x52, 0x60, 0x90, 0xD7
	.byte 0x50, 0x70, 0x88, 0x4E, 0x88, 0x4E, 0x24, 0x88, 0x4E, 0x70, 0x88, 0x4E, 0x24, 0x98, 0xDF, 0x4D
	.byte 0x70, 0x90, 0xD7, 0x4E, 0x88, 0xE7, 0x52, 0x60, 0x98, 0xDF, 0x50, 0x70, 0x90, 0xD7, 0x4D, 0x88
	.byte 0xDF, 0x4E, 0x90, 0xD7, 0x4E, 0x24, 0x88, 0xDF, 0x4A, 0x70, 0x90, 0xD7, 0x4B, 0x88, 0xF7, 0x4D
	.byte 0xA8, 0xDF, 0x4B, 0x90, 0xD7, 0x4D, 0x88, 0xEF, 0x52, 0xA0, 0xE7, 0x56, 0x60, 0x98, 0xBD, 0x38
	.byte 0xBE, 0x48, 0xD7, 0x4F, 0x70, 0x88, 0xD3, 0x50, 0x88, 0xD7, 0x51, 0x88, 0xB2, 0xCC, 0x23, 0x8A
	.byte 0x08, 0xB1, 0xBC, 0x00, 0xBD, 0x50, 0xC2, 0x2C, 0xCD, 0x08, 0x12, 0x08, 0x10, 0xC1, 0x0C, 0xBF
	.byte 0x03, 0xBE, 0x24, 0x84, 0xBF, 0x00, 0x82, 0xBF, 0x00, 0xBE, 0x24, 0xD7, 0x37, 0x70, 0xB0, 0xD7
	.byte 0xB0, 0x38, 0xB0, 0x90, 0xEA, 0x41, 0x9B, 0xD7, 0x98, 0xE3, 0x98, 0xDF, 0x43, 0x98, 0xD7, 0x90
	.byte 0x44, 0x9B, 0xE3, 0x3A, 0x94, 0xBD, 0x55, 0xD1, 0x3F, 0x82, 0x41, 0x82, 0xD1, 0x43, 0x70, 0x90
	.byte 0xD1, 0x88, 0xD3, 0x46, 0x90, 0xD1, 0x43, 0x88, 0xD1, 0x90, 0xD1, 0x88, 0xD3, 0x46, 0x90, 0xD1
	.byte 0x43, 0x88, 0xB4, 0xD1, 0x43, 0x70, 0x90, 0xD1, 0x88, 0xD3, 0x46, 0x90, 0xD1, 0x43, 0x88, 0xD1
	.byte 0x90, 0xD1, 0x88, 0xD1, 0x88, 0x40, 0x4C, 0x88, 0x43, 0x70, 0x88, 0xB4, 0xD1, 0x44, 0x70, 0x90
	.byte 0xD1, 0x88, 0xD3, 0x48, 0x90, 0xD1, 0x41, 0x88, 0xD1, 0x90, 0xD1, 0x88, 0xD3, 0x48, 0x90, 0xD1
	.byte 0x44, 0x88, 0xB4, 0xD1, 0x4A, 0x70, 0x90, 0xD1, 0x88, 0xD3, 0x46, 0x90, 0xD1, 0x88, 0x44, 0x90
	.byte 0xD1, 0x88, 0xD1, 0x88, 0x41, 0x4C, 0x88, 0x44, 0x70, 0x88, 0xB4, 0xD1, 0x43, 0x70, 0x90, 0xD1
	.byte 0x88, 0xD3, 0x46, 0x88, 0xD1, 0x43, 0x54, 0x88, 0x46, 0x70, 0x88, 0x43, 0x90, 0xD1, 0x88, 0xD3
	.byte 0x46, 0x90, 0xD1, 0x43, 0x88, 0xB4, 0xB3, 0x0C, 0x28, 0x8A, 0x08, 0xB3, 0x25, 0x28, 0x8A, 0x08
	.byte 0xD1, 0x4A, 0x70, 0x84, 0x4B, 0x84, 0x4A, 0x84, 0x4B, 0x84, 0x4A, 0x84, 0x4B, 0x84, 0xD3, 0x46
	.byte 0x90, 0xD1, 0x88, 0x44, 0x88, 0x41, 0x4C, 0x88, 0x44, 0x70, 0x88, 0xD1, 0x88, 0x41, 0x4C, 0x88
	.byte 0x3E, 0x70, 0x88, 0xB3, 0xF5, 0x27, 0x8A, 0x08, 0xB3, 0x0C, 0x28, 0x8A, 0x08, 0xB3, 0x25, 0x28
	.byte 0x8A, 0x08, 0xB3, 0x3C, 0x28, 0x8A, 0x08, 0xB3, 0x54, 0x28, 0x8A, 0x08, 0xB3, 0x0C, 0x28, 0x8A
	.byte 0x08, 0xB3, 0x25, 0x28, 0x8A, 0x08, 0xD3, 0x4A, 0x70, 0xA8, 0xBD, 0x50, 0xD3, 0x39, 0x84, 0x3A
	.byte 0x84, 0x3B, 0x84, 0x3C, 0x84, 0x3D, 0x84, 0x3E, 0x84, 0xBE, 0x1F, 0xFF, 0x3F, 0xB0, 0xEF, 0x3E
	.byte 0x70, 0xA0, 0x3C, 0xA0, 0xB4, 0xF4, 0x3E, 0xA5, 0xD3, 0x3A, 0x88, 0xDF, 0x3E, 0x90, 0xD3, 0x3D
	.byte 0x88, 0xFC, 0x3C, 0xAD, 0xD3, 0x3A, 0x88, 0xF7, 0x3C, 0xA8, 0xDF, 0x3E, 0x90, 0xD3, 0x3C, 0x88
	.byte 0xEF, 0x3A, 0xA0, 0x38, 0xA0, 0xFC, 0x3A, 0xAD, 0xD3, 0x37, 0x88, 0xEF, 0xA0, 0x3A, 0xA0, 0xF7
	.byte 0x43, 0xA8, 0xDF, 0x44, 0x90, 0xD7, 0x43, 0x88, 0xEF, 0x41, 0xA0, 0x3F, 0xA0, 0xF4, 0x41, 0xA5
	.byte 0xD3, 0x3E, 0x88, 0xDF, 0x41, 0x90, 0xD3, 0x3E, 0x88, 0xEF, 0x3F, 0xA0, 0xEC, 0x3C, 0x9D, 0xD3
	.byte 0x3A, 0x88, 0xF7, 0x3F, 0xA8, 0xDF, 0x41, 0x90, 0xD7, 0x3F, 0x88, 0xB3, 0xD7, 0x28, 0x8A, 0x08
	.byte 0xF3, 0x3E, 0x70, 0xA4, 0x82, 0xD9, 0x3A, 0x88, 0xE1, 0x3C, 0x90, 0xD9, 0x3D, 0x8A, 0xEF, 0x40
	.byte 0xA0, 0x3D, 0xA0, 0xBF, 0x7F, 0xD3, 0x3F, 0xB0, 0x90, 0xD3, 0x9B, 0xDF, 0x98, 0xD3, 0x98, 0x3E
	.byte 0xB0, 0x90, 0xD3, 0x9B, 0xDF, 0x98, 0xD3, 0x3D, 0x98, 0x3C, 0xB0, 0x90, 0xD3, 0x9B, 0xDF, 0x98
	.byte 0xD3, 0x98, 0x90, 0xE7, 0x3A, 0x9B, 0xDF, 0x3C, 0x98, 0xDF, 0x98, 0xDF, 0x98, 0xD3, 0x90, 0xE7
	.byte 0x3E, 0x9B, 0x41, 0x98, 0xD3, 0x3F, 0x88, 0x3F, 0x34, 0x88, 0x3F, 0x58, 0x88, 0xD3, 0x98, 0xD3
	.byte 0x98, 0xD3, 0x98, 0xD3, 0x90, 0x3F, 0x70, 0x9B, 0xDF, 0x98, 0xDF, 0x98, 0xD3, 0x3E, 0x88, 0x3E
	.byte 0x30, 0x88, 0x3E, 0x58, 0x88, 0xD3, 0x98, 0xD3, 0x98, 0xD3, 0x98, 0xD3, 0x90, 0x3E, 0x70, 0x9B
	.byte 0xDF, 0x98, 0x3D, 0x98, 0xD3, 0x42, 0x88, 0x42, 0x30, 0x88, 0x42, 0x58, 0x88, 0xD3, 0x98, 0xD3
	.byte 0x98, 0xD3, 0x98, 0xD3, 0x90, 0x42, 0x70, 0x9B, 0xDF, 0x98, 0xD3, 0x98, 0x41, 0x88, 0x41, 0x30
	.byte 0x88, 0x41, 0x58, 0x88, 0xD3, 0x98, 0xD3, 0x98, 0xD3, 0x98, 0xD3, 0x90, 0x41, 0x70, 0x9B, 0x41
	.byte 0x58, 0x90, 0x41, 0x70, 0x9B, 0xB2, 0xD0, 0x27, 0x8A, 0x08, 0xB1, 0xBC, 0x00, 0xBD, 0x51, 0xC2
	.byte 0x2C, 0xCD, 0x08, 0x12, 0x08, 0x10, 0xC1, 0x0C, 0xBE, 0x24, 0xBF, 0x7F, 0x86, 0xBF, 0x7F, 0xBE
	.byte 0x24, 0xD7, 0x3E, 0x70, 0xB0, 0x3D, 0xB0, 0x3F, 0xB0, 0x90, 0xEA, 0x46, 0x9B, 0xD7, 0x48, 0x98
	.byte 0xE3, 0x98, 0xDF, 0x49, 0x98, 0xD7, 0x90, 0x4A, 0x9B, 0xE3, 0x2E, 0x94, 0xBD, 0x54, 0xD1, 0x46
	.byte 0x82, 0x48, 0x82, 0xD1, 0x4B, 0x70, 0x90, 0x46, 0x88, 0xD3, 0x4F, 0x90, 0xD1, 0x4B, 0x88, 0xD1
	.byte 0x90, 0x46, 0x88, 0xD3, 0x4F, 0x90, 0xD1, 0x4B, 0x88, 0xB4, 0xD1, 0x4C, 0x70, 0x90, 0x46, 0x88
	.byte 0xD3, 0x4F, 0x90, 0xD1, 0x4C, 0x88, 0xD1, 0x90, 0x49, 0x88, 0x4C, 0x88, 0x49, 0x4C, 0x88, 0x4C
	.byte 0x70, 0x88, 0xB4, 0xD1, 0x4D, 0x70, 0x90, 0x48, 0x88, 0xD3, 0x50, 0x90, 0xD1, 0x4B, 0x88, 0xD1
	.byte 0x90, 0x48, 0x88, 0xD3, 0x50, 0x90, 0xD1, 0x4B, 0x88, 0xB4, 0xD1, 0x52, 0x70, 0x90, 0xD1, 0x88
	.byte 0xD3, 0x50, 0x90, 0xD1, 0x88, 0x4D, 0x90, 0xD1, 0x88, 0x4A, 0x88, 0x48, 0x4C, 0x88, 0x4A, 0x70
	.byte 0x88, 0xB4, 0xD1, 0x4B, 0x70, 0x90, 0x46, 0x88, 0xD3, 0x4F, 0x88, 0xD1, 0x4B, 0x54, 0x88, 0x4F
	.byte 0x70, 0x88, 0x4B, 0x90, 0x46, 0x88, 0xD3, 0x4F, 0x90, 0xD1, 0x4B, 0x88, 0xB4, 0xB3, 0x33, 0x2A
	.byte 0x8A, 0x08, 0xB3, 0x4C, 0x2A, 0x8A, 0x08, 0xD1, 0x51, 0x70, 0x84, 0x52, 0x84, 0x51, 0x84, 0x52
	.byte 0x84, 0x51, 0x84, 0x52, 0x84, 0xD3, 0x50, 0x90, 0xD1, 0x88, 0x4D, 0x88, 0x4A, 0x4C, 0x88, 0x4D
	.byte 0x70, 0x88, 0x4A, 0x88, 0x48, 0x4C, 0x88, 0x46, 0x70, 0x88, 0xB3, 0x1C, 0x2A, 0x8A, 0x08, 0xB3
	.byte 0x33, 0x2A, 0x8A, 0x08, 0xB3, 0x4C, 0x2A, 0x8A, 0x08, 0xB3, 0x63, 0x2A, 0x8A, 0x08, 0xB3, 0x7B
	.byte 0x2A, 0x8A, 0x08, 0xB3, 0x33, 0x2A, 0x8A, 0x08, 0xB3, 0x4C, 0x2A, 0x8A, 0x08, 0xD3, 0x52, 0x70
	.byte 0xA8, 0xBD, 0x51, 0xD3, 0x3D, 0x84, 0x3E, 0x84, 0x3F, 0x84, 0x40, 0x84, 0x41, 0x84, 0x42, 0x84
	.byte 0xBE, 0x1F, 0xFF, 0x43, 0xB0, 0xEF, 0x41, 0xA0, 0x3F, 0xA0, 0xF4, 0x41, 0xA5, 0xD3, 0x3E, 0x88
	.byte 0xDF, 0x41, 0x90, 0xD3, 0x40, 0x88, 0xFC, 0x3F, 0xAD, 0xD3, 0x3C, 0x88, 0xF7, 0x3F, 0xA8, 0xDF
	.byte 0x41, 0x90, 0xD3, 0x3F, 0x88, 0xEF, 0x3E, 0xA0, 0x3C, 0xA0, 0xFC, 0x3E, 0xAD, 0xD3, 0x3A, 0x88
	.byte 0xEF, 0x3D, 0xA0, 0x40, 0xA0, 0xF7, 0x48, 0xA8, 0xDF, 0x4A, 0x90, 0xD7, 0x48, 0x88, 0xEF, 0x46
	.byte 0xA0, 0x44, 0xA0, 0xF3, 0x46, 0xA4, 0x82, 0xD3, 0x43, 0x8A, 0xDF, 0x46, 0x90, 0xD3, 0x43, 0x88
	.byte 0xEF, 0x44, 0xA0, 0xEB, 0x43, 0x9D, 0xD3, 0x3F, 0x88, 0xF7, 0x44, 0xA8, 0xDF, 0x46, 0x90, 0xD7
	.byte 0x44, 0x88, 0xEF, 0x43, 0xA0, 0x41, 0xA0, 0xF3, 0x46, 0xA4, 0x82, 0xD9, 0x43, 0x8A, 0xDF, 0x44
	.byte 0x90, 0xD7, 0x45, 0x88, 0xEF, 0x46, 0xA0, 0x43, 0xA0, 0xBF, 0x40, 0xBE, 0x35, 0xE7, 0x2C, 0xB0
	.byte 0xBF, 0x40, 0xBE, 0x34, 0xDF, 0x90, 0xD3, 0x38, 0x98, 0x2C, 0x88, 0xDF, 0x38, 0x98, 0xE7, 0x2C
	.byte 0x98, 0x2B, 0xB0, 0xDF, 0x90, 0xD3, 0x37, 0x98, 0x2B, 0x88, 0xDF, 0x37, 0x90, 0xD3, 0x2B, 0x88
	.byte 0xDF, 0x90, 0xD3, 0x2A, 0x88, 0xE7, 0x29, 0xB0, 0xDF, 0x90, 0xD3, 0x35, 0x98, 0x29, 0x88, 0xDF
	.byte 0x35, 0x90, 0xD3, 0x29, 0x88, 0xDF, 0x90, 0xD3, 0x28, 0x88, 0xDF, 0x27, 0x90, 0xE7, 0x33, 0x98
	.byte 0xD3, 0x28, 0x88, 0xDF, 0x29, 0x9D, 0xD3, 0x88, 0xD7, 0x90, 0xD3, 0xD3, 0x2F, 0x98, 0xD7, 0x29
	.byte 0xDB, 0x2E, 0x98, 0xD3, 0x88, 0xDF, 0x90, 0xD3, 0x2D, 0x88, 0xE7, 0x2C, 0xB0, 0xDF, 0x90, 0xD3
	.byte 0x38, 0x98, 0x2C, 0x88, 0xDF, 0x38, 0x98, 0xE7, 0x2C, 0x98, 0x2B, 0xB0, 0xDF, 0x90, 0xD3, 0x37
	.byte 0x98, 0x2B, 0x88, 0xDF, 0x37, 0x90, 0xD3, 0x2B, 0x88, 0xDF, 0x90, 0xD3, 0x2E, 0x88, 0xE7, 0x2F
	.byte 0xB0, 0xDF, 0x90, 0xD3, 0x36, 0x98, 0x2F, 0x88, 0xDF, 0x3B, 0x90, 0xD3, 0x2F, 0x88, 0xDF, 0x90
	.byte 0xD3, 0x2A, 0x88, 0xDF, 0x2E, 0xB0, 0xB0, 0xB2, 0xF6, 0x29, 0x8A, 0x08, 0xB1, 0xBC, 0x00, 0xBD
	.byte 0x00, 0xBF, 0x40, 0xBE, 0x36, 0x86, 0xB0, 0xB0, 0xB0, 0xB0, 0xB0, 0xB0, 0xB0, 0xB0, 0xB0, 0xB0
	.byte 0xB0, 0xB0, 0xB0, 0xB0, 0xB0, 0xB0, 0xB0, 0xB0, 0xB0, 0xB0, 0xBE, 0x41, 0xEF, 0x39, 0x70, 0x98
	.byte 0xD7, 0x24, 0xD7, 0x28, 0x98, 0xD3, 0x26, 0x84, 0x26, 0x48, 0x84, 0xD3, 0x88, 0x26, 0x70, 0x88
	.byte 0xD7, 0x24, 0xD7, 0x28, 0x88, 0x24, 0x88, 0x26, 0x88, 0xD3, 0x24, 0x70, 0xA0, 0x28, 0x98, 0x24
	.byte 0x90, 0xD3, 0x88, 0xB4, 0x90, 0xD3, 0x24, 0x70, 0x9B, 0x28, 0x90, 0xD3, 0x88, 0x24, 0x90, 0xD3
	.byte 0x88, 0xB4, 0xB3, 0x52, 0x2C, 0x8A, 0x08, 0x90, 0xD3, 0x24, 0x70, 0x9B, 0x26, 0x88, 0xD3, 0x88
	.byte 0x28, 0x88, 0x24, 0x90, 0x28, 0x88, 0xB3, 0x52, 0x2C, 0x8A, 0x08, 0xB3, 0x5D, 0x2C, 0x8A, 0x08
	.byte 0xB3, 0x52, 0x2C, 0x8A, 0x08, 0x90, 0xD3, 0x24, 0x70, 0x9B, 0x26, 0x88, 0xD3, 0x88, 0x28, 0x88
	.byte 0x24, 0x98, 0xBE, 0x36, 0xB0, 0xB0, 0xB0, 0xB0, 0xB0, 0xB0, 0xB0, 0xB0, 0xB0, 0xB0, 0xB0, 0xB0
	.byte 0xB0, 0xB0, 0xB0, 0xB0, 0xB0, 0xB0, 0xB0, 0xB0, 0xB0, 0xB0, 0xB0, 0xA8, 0xD3, 0x26, 0x88, 0xD3
	.byte 0x88, 0xD3, 0x88, 0xB2, 0x1F, 0x2C, 0x8A, 0x08, 0xB1, 0xBC, 0x00, 0xBD, 0x52, 0xC2, 0x2C, 0xCD
	.byte 0x08, 0x12, 0x08, 0x10, 0xC1, 0x0C, 0xBE, 0x24, 0xBF, 0x40, 0xC0, 0x40, 0x86, 0xC0, 0x42, 0xD7
	.byte 0x52, 0x78, 0xA8, 0x46, 0x70, 0x98, 0x50, 0x90, 0x4F, 0x98, 0x4D, 0x98, 0x4B, 0x88, 0xDF, 0x4A
	.byte 0x90, 0xD7, 0x4B, 0x88, 0x47, 0x88, 0x48, 0x88, 0x49, 0x88, 0xDF, 0x4A, 0x90, 0xD7, 0x4B, 0x98
	.byte 0x4F, 0x9B, 0x90, 0xEA, 0x4A, 0x9B, 0xD7, 0x4B, 0x98, 0xE3, 0x98, 0xDF, 0x4C, 0x98, 0xD7, 0x90
	.byte 0x4D, 0x98, 0x52, 0x9B, 0xD7, 0x27, 0x70, 0x90, 0x33, 0x88, 0xDF, 0x32, 0x98, 0x31, 0x98, 0x30
	.byte 0x98, 0xB4, 0xD7, 0x2E, 0x70, 0x88, 0x2B, 0x88, 0x28, 0x88, 0xDF, 0x25, 0x98, 0x31, 0x98, 0xD7
	.byte 0x30, 0x90, 0x2B, 0x88, 0xB4, 0xD7, 0x29, 0x70, 0x90, 0x35, 0x88, 0x30, 0x88, 0x33, 0x88, 0x34
	.byte 0x88, 0xDF, 0x35, 0x98, 0xD7, 0x34, 0x90, 0x33, 0x88, 0xB4, 0xDF, 0x32, 0x70, 0x98, 0x30, 0x98
	.byte 0x2E, 0x98, 0x2C, 0x98, 0xB4, 0xB3, 0x0D, 0x2D, 0x8A, 0x08, 0xB3, 0x1B, 0x2D, 0x8A, 0x08, 0xD7
	.byte 0x29, 0x70, 0x90, 0x35, 0x88, 0xDF, 0x34, 0x98, 0x33, 0x98, 0x32, 0x98, 0xB4, 0xD7, 0x88, 0x2E
	.byte 0x88, 0x2C, 0x88, 0xDF, 0x29, 0x98, 0x2E, 0x98, 0x32, 0x98, 0xB3, 0x0D, 0x2D, 0x8A, 0x08, 0xB3
	.byte 0x1B, 0x2D, 0x8A, 0x08, 0xB3, 0x2E, 0x2D, 0x8A, 0x08, 0xB3, 0x43, 0x2D, 0x8A, 0x08, 0xB3, 0x0D
	.byte 0x2D, 0x8A, 0x08, 0xB3, 0x1B, 0x2D, 0x8A, 0x08, 0xB3, 0x58, 0x2D, 0x8A, 0x08, 0xD7, 0x2E, 0x70
	.byte 0xB0, 0xBD, 0x53, 0xBE, 0x1B, 0x98, 0xE7, 0x4F, 0x98, 0x4D, 0x98, 0x4B, 0x98, 0xDF, 0x4A, 0x90
	.byte 0xE7, 0x4B, 0x98, 0x4C, 0x98, 0xD7, 0x4D, 0x88, 0xDF, 0x4A, 0x90, 0xD7, 0x48, 0x88, 0xDF, 0x49
	.byte 0x90, 0xD7, 0x4A, 0x88, 0xE7, 0x54, 0x98, 0x52, 0x98, 0x50, 0x98, 0xDF, 0x4F, 0x90, 0xE7, 0x50
	.byte 0x98, 0x51, 0x98, 0xD7, 0x52, 0x88, 0xDF, 0x4F, 0x90, 0xD7, 0x4B, 0x88, 0x98, 0xE7, 0x50, 0x98
	.byte 0x4F, 0x98, 0xDF, 0x4D, 0x90, 0xD3, 0x4C, 0x88, 0xDF, 0x4B, 0x90, 0xE7, 0x4A, 0x98, 0xD7, 0x48
	.byte 0x88, 0xDF, 0x49, 0x90, 0xD7, 0x4A, 0x88, 0xDF, 0x4B, 0x90, 0xD7, 0x4D, 0x88, 0x98, 0x52, 0x88
	.byte 0x51, 0x88, 0x50, 0x88, 0xDF, 0x4F, 0x90, 0xD7, 0x4D, 0x88, 0xE7, 0x4B, 0x98, 0x90, 0x4C, 0x98
	.byte 0xD7, 0x4B, 0x88, 0xDF, 0x4C, 0x90, 0xD7, 0x46, 0x88, 0xDF, 0x4F, 0x90, 0xD7, 0x4C, 0x88, 0x98
	.byte 0xE7, 0x50, 0x98, 0x4F, 0x98, 0x4D, 0x98, 0xDF, 0x4B, 0x90, 0xE7, 0x4A, 0x98, 0xD7, 0x49, 0x88
	.byte 0xDF, 0x4A, 0x90, 0xD7, 0x4B, 0x88, 0xDF, 0x4C, 0x90, 0xD7, 0x4D, 0x88, 0x98, 0xDF, 0x90, 0xE7
	.byte 0x4A, 0x98, 0xD7, 0x49, 0x88, 0xE7, 0x56, 0x98, 0xEF, 0x54, 0xA0, 0xEC, 0x52, 0x9D, 0xD3, 0x4F
	.byte 0x88, 0xE7, 0x50, 0x98, 0x57, 0x98, 0x56, 0x98, 0x54, 0x98, 0xDF, 0x56, 0x90, 0xE7, 0x54, 0x98
	.byte 0xD7, 0x56, 0x88, 0xDF, 0x52, 0x90, 0xD7, 0x4A, 0x88, 0xDF, 0x4B, 0x90, 0xD7, 0x4D, 0x88, 0xF4
	.byte 0x52, 0xA5, 0xD7, 0x4A, 0x88, 0xDF, 0x4B, 0x90, 0xD7, 0x4D, 0x88, 0xEF, 0x52, 0xA0, 0x55, 0xA0
	.byte 0xBD, 0x52, 0xBE, 0x1E, 0xBF, 0x00, 0xC0, 0x40, 0xEC, 0x4B, 0x9D, 0xD3, 0x48, 0x88, 0x4F, 0x98
	.byte 0x44, 0x88, 0x48, 0x88, 0x4B, 0x88, 0x4F, 0x90, 0x4E, 0x88, 0x4D, 0x90, 0x4C, 0x88, 0x4B, 0x90
	.byte 0x4A, 0x88, 0x48, 0x90, 0x4A, 0x88, 0xEC, 0x46, 0x9D, 0xD3, 0x43, 0x88, 0x44, 0x90, 0x46, 0x88
	.byte 0x43, 0x88, 0x44, 0x88, 0x46, 0x88, 0x43, 0x88, 0x44, 0x88, 0x46, 0x88, 0xEC, 0x4A, 0x9D, 0xD3
	.byte 0x48, 0x88, 0xDF, 0x46, 0x90, 0xD3, 0x43, 0x88, 0xEC, 0x44, 0x9D, 0xD3, 0x41, 0x88, 0x43, 0x90
	.byte 0x44, 0x98, 0x41, 0x88, 0x43, 0x90, 0xEA, 0x44, 0x9B, 0xDB, 0x48, 0x8C, 0xD3, 0x46, 0x84, 0x48
	.byte 0x84, 0x46, 0x84, 0xDF, 0x44, 0x90, 0xD3, 0x41, 0x88, 0x90, 0xE7, 0x43, 0x9B, 0xDF, 0x44, 0x98
	.byte 0xDF, 0x98, 0x45, 0x98, 0xD3, 0x90, 0xE7, 0x46, 0x9B, 0x47, 0x98, 0x98, 0xDF, 0x44, 0x90, 0xD7
	.byte 0x48, 0x88, 0xDF, 0x4B, 0x90, 0xD7, 0x4F, 0x9B, 0xDF, 0x44, 0x90, 0xD7, 0x48, 0x88, 0xDF, 0x4B
	.byte 0x90, 0xD7, 0x4F, 0x88, 0xDF, 0x54, 0x90, 0xD3, 0x52, 0x5C, 0x84, 0x54, 0x84, 0xDF, 0x4D, 0x70
	.byte 0x90, 0xD7, 0x48, 0x88, 0xE7, 0x4A, 0x98, 0xDF, 0x43, 0x90, 0xD7, 0x46, 0x88, 0xDF, 0x4A, 0x90
	.byte 0xD7, 0x4D, 0x9B, 0xDF, 0x43, 0x90, 0xD7, 0x46, 0x88, 0xDF, 0x4A, 0x90, 0xE7, 0x52, 0x98, 0xD3
	.byte 0x50, 0x58, 0x84, 0x52, 0x84, 0xDF, 0x4A, 0x70, 0x90, 0xD7, 0x4B, 0x88, 0xDF, 0x52, 0x90, 0xD7
	.byte 0x50, 0x88, 0x4E, 0x90, 0xD7, 0x9B, 0xDF, 0x4D, 0x90, 0xD7, 0x4E, 0x88, 0xE7, 0x52, 0x98, 0xDF
	.byte 0x50, 0x90, 0xD7, 0x4D, 0x88, 0xDF, 0x4E, 0x98, 0x4A, 0x90, 0xD7, 0x4B, 0x88, 0xF7, 0x4D, 0xA8
	.byte 0xDF, 0x4B, 0x90, 0xD7, 0x4D, 0x88, 0xEF, 0x52, 0xA8, 0xD7, 0x4F, 0x88, 0xD3, 0x50, 0x88, 0xD7
	.byte 0x51, 0x88, 0xB2, 0xD6, 0x2C, 0x8A, 0x08, 0xB1, 0xBC, 0x00, 0xBD, 0x01, 0xC2, 0x2C, 0xC1, 0x0C
	.byte 0xBF, 0x50, 0xBE, 0x31, 0x86, 0xD7, 0x46, 0x70, 0xB0, 0x3A, 0xB0, 0x3C, 0xB0, 0x90, 0xEA, 0x44
	.byte 0x9B, 0xD7, 0x98, 0xE3, 0x98, 0xDF, 0x46, 0x98, 0xD7, 0x90, 0xD7, 0x98, 0x5E, 0x44, 0x9B, 0xBD
	.byte 0x38, 0x90, 0xD7, 0x46, 0x70, 0xA3, 0x3F, 0x98, 0x49, 0x90, 0x46, 0x98, 0x40, 0x88, 0x43, 0x98
	.byte 0xE7, 0x46, 0x98, 0x90, 0xD3, 0x48, 0x9B, 0xE7, 0xA0, 0xD7, 0x4A, 0x90, 0x48, 0x98, 0x46, 0x88
	.byte 0xE7, 0x44, 0x98, 0xD7, 0x45, 0x88, 0x44, 0x88, 0x45, 0x88, 0xF7, 0x46, 0xB0, 0xB0, 0xB0, 0xA8
	.byte 0xBD, 0x3C, 0xD3, 0x88, 0x48, 0x88, 0x4A, 0x88, 0x3F, 0x90, 0xD7, 0x46, 0x88, 0xD1, 0x45, 0x40
	.byte 0x82, 0x44, 0x44, 0x82, 0x43, 0x82, 0x42, 0x40, 0x82, 0x41, 0x44, 0x82, 0x40, 0x9C, 0x82, 0xD7
	.byte 0x3F, 0x70, 0x98, 0xE7, 0x49, 0x98, 0xD7, 0x46, 0x90, 0x43, 0x88, 0xE7, 0x46, 0x98, 0xD7, 0x49
	.byte 0x90, 0x43, 0x88, 0x90, 0x4B, 0x9B, 0xE7, 0x48, 0x9F, 0x82, 0x4A, 0x82, 0x98, 0xD3, 0x48, 0x88
	.byte 0x4A, 0x88, 0x48, 0x86, 0x46, 0x8A, 0x48, 0x88, 0x46, 0x88, 0x44, 0x88, 0x46, 0x86, 0x41, 0x8A
	.byte 0xF7, 0x3F, 0xA8, 0xD3, 0x41, 0x84, 0x43, 0x84, 0x44, 0x84, 0x46, 0x84, 0x47, 0x84, 0x48, 0x84
	.byte 0xE7, 0x49, 0x98, 0xD7, 0x46, 0x88, 0x43, 0x88, 0x40, 0x88, 0xDF, 0x3D, 0x90, 0xD7, 0x43, 0x88
	.byte 0xE7, 0x49, 0x98, 0xBD, 0x38, 0x90, 0xD3, 0x48, 0x9B, 0xDF, 0x98, 0xE3, 0x98, 0xD7, 0x4A, 0x88
	.byte 0xD1, 0x49, 0x40, 0x82, 0x48, 0x44, 0x82, 0x47, 0x82, 0x46, 0x40, 0xAB, 0x82, 0xB0, 0xB0, 0xB0
	.byte 0xB0, 0xB0, 0xB0, 0xB0, 0xB0, 0xB0, 0xB0, 0xB0, 0xB0, 0xB0, 0xB0, 0xB0, 0xB0, 0xBD, 0x01, 0xD3
	.byte 0x3C, 0x70, 0xB0, 0x90, 0xD3, 0x9B, 0xDF, 0x98, 0xD3, 0x3B, 0x98, 0x3A, 0xB0, 0x90, 0xD3, 0x9B
	.byte 0xDF, 0x98, 0xD3, 0x98, 0x38, 0xB0, 0x90, 0xD3, 0x9B, 0xDF, 0x98, 0xD3, 0x98, 0x90, 0xE7, 0x37
	.byte 0x9B, 0xDF, 0x38, 0x98, 0xDF, 0x98, 0x39, 0x98, 0xD3, 0x90, 0xE7, 0x3A, 0x9B, 0x3E, 0x98, 0xD3
	.byte 0x3C, 0x88, 0x3C, 0x34, 0x88, 0x3C, 0x58, 0x88, 0xD3, 0x98, 0xD3, 0x98, 0xD3, 0x98, 0xD3, 0x90
	.byte 0x3C, 0x70, 0x9B, 0xDF, 0x98, 0x3B, 0x98, 0xD3, 0x3A, 0x88, 0x3A, 0x30, 0x88, 0x3A, 0x58, 0x88
	.byte 0xD3, 0x98, 0xD3, 0x98, 0xD3, 0x98, 0xD3, 0x90, 0x3A, 0x70, 0x9B, 0xDF, 0x98, 0xDF, 0x98, 0xD3
	.byte 0x3F, 0x70, 0x88, 0x3F, 0x30, 0x88, 0x3F, 0x58, 0x88, 0xD3, 0x98, 0xD3, 0x98, 0xD3, 0x98, 0xB4
	.byte 0xD3, 0x90, 0x3F, 0x70, 0x9B, 0xDF, 0x98, 0xD3, 0x98, 0xB3, 0xD8, 0x30, 0x8A, 0x08, 0xD3, 0x3E
	.byte 0x58, 0x90, 0x3E, 0x70, 0x9B, 0x3E, 0x58, 0x90, 0x3E, 0x70, 0x9B, 0xB2, 0x8E, 0x2F, 0x8A, 0x08
	.byte 0xB1, 0x00, 0x00, 0x0A, 0x00, 0x00, 0xB2, 0x94, 0x21, 0x61, 0x08, 0x14, 0x1A, 0x8A, 0x08, 0xED
	.byte 0x1B, 0x8A, 0x08, 0x97, 0x1D, 0x8A, 0x08, 0x4A, 0x1F, 0x8A, 0x08, 0xB8, 0x23, 0x8A, 0x08, 0xBB
	.byte 0x27, 0x8A, 0x08, 0xE4, 0x29, 0x8A, 0x08, 0x16, 0x2C, 0x8A, 0x08, 0xC2, 0x2C, 0x8A, 0x08, 0x81
	.byte 0x2F, 0x8A, 0x08, 0xBC, 0x00, 0xBB, 0x2F, 0xBD, 0x7F, 0xC2, 0x2C, 0xC1, 0x0C, 0xBF, 0x40, 0xBE
	.byte 0x1E, 0xD1, 0x58, 0x70, 0x90, 0x58, 0x48, 0x88, 0x58, 0x54, 0x90, 0x58, 0x48, 0x88, 0x58, 0x70
	.byte 0x90, 0x58, 0x48, 0x88, 0x58, 0x58, 0x90, 0x58, 0x48, 0x88, 0xD1, 0x58, 0x70, 0x90, 0x58, 0x48
	.byte 0x88, 0x58, 0x54, 0x90, 0x58, 0x48, 0x88, 0x58, 0x70, 0x90, 0x58, 0x48, 0x88, 0x58, 0x58, 0x90
	.byte 0x58, 0x48, 0x88, 0xB4, 0xB3, 0x63, 0x31, 0x8A, 0x08, 0xB3, 0x63, 0x31, 0x8A, 0x08, 0xB3, 0x63
	.byte 0x31, 0x8A, 0x08, 0xB3, 0x63, 0x31, 0x8A, 0x08, 0xD1, 0x58, 0x70, 0x90, 0x58, 0x48, 0x88, 0x58
	.byte 0x54, 0x90, 0x58, 0x58, 0x88, 0x58, 0x70, 0x90, 0x58, 0x48, 0x88, 0x58, 0x58, 0x90, 0x58, 0x48
	.byte 0x88, 0xB3, 0x63, 0x31, 0x8A, 0x08, 0xB3, 0x63, 0x31, 0x8A, 0x08, 0xB3, 0x63, 0x31, 0x8A, 0x08
	.byte 0xBF, 0x7F, 0xBE, 0x1C, 0xD1, 0x58, 0x74, 0x88, 0x58, 0x48, 0x88, 0xD1, 0x88, 0x58, 0x7C, 0x88
	.byte 0x58, 0x48, 0x88, 0x58, 0x44, 0x88, 0x58, 0x54, 0x88, 0x58, 0x7F, 0x88, 0x58, 0x48, 0x88, 0x58
	.byte 0x7C, 0x88, 0x58, 0x54, 0x88, 0x58, 0x5C, 0x88, 0x58, 0x74, 0x88, 0x58, 0x48, 0x88, 0xD1, 0x88
	.byte 0x58, 0x7C, 0x88, 0x58, 0x48, 0x88, 0x58, 0x44, 0x88, 0x58, 0x58, 0x88, 0x58, 0x7C, 0x88, 0x58
	.byte 0x48, 0x88, 0x58, 0x7C, 0x88, 0x58, 0x48, 0x88, 0xD7, 0x5C, 0x60, 0x88, 0xD1, 0x58, 0x74, 0x88
	.byte 0x58, 0x48, 0x88, 0xD1, 0x88, 0x58, 0x7C, 0x88, 0x58, 0x48, 0x88, 0x58, 0x44, 0x88, 0x58, 0x54
	.byte 0x88, 0x58, 0x7F, 0x88, 0x58, 0x48, 0x88, 0x58, 0x7C, 0x88, 0x58, 0x54, 0x88, 0x58, 0x5C, 0x88
	.byte 0x58, 0x74, 0x88, 0x58, 0x48, 0x88, 0xD1, 0x88, 0x58, 0x7C, 0x88, 0x58, 0x48, 0x88, 0x58, 0x44
	.byte 0x88, 0x58, 0x58, 0x88, 0x58, 0x7C, 0x88, 0x58, 0x48, 0x88, 0x58, 0x7C, 0x88, 0x58, 0x48, 0x86
	.byte 0xBD, 0x7E, 0x82, 0xD7, 0x5C, 0x60, 0x88, 0xBD, 0x7F, 0xD1, 0x58, 0x74, 0x88, 0x58, 0x48, 0x88
	.byte 0xD1, 0x88, 0x58, 0x7C, 0x88, 0x58, 0x48, 0x88, 0x58, 0x44, 0x88, 0x58, 0x54, 0x88, 0x58, 0x7F
	.byte 0x88, 0x58, 0x48, 0x88, 0x58, 0x7C, 0x88, 0x58, 0x54, 0x88, 0x58, 0x5C, 0x88, 0xB4, 0xD1, 0x58
	.byte 0x74, 0x88, 0x58, 0x48, 0x88, 0xD1, 0x88, 0x58, 0x7C, 0x88, 0x58, 0x48, 0x88, 0x58, 0x44, 0x88
	.byte 0x58, 0x58, 0x88, 0x58, 0x7C, 0x88, 0x58, 0x48, 0x88, 0x58, 0x7C, 0x88, 0x58, 0x48, 0x88, 0xBD
	.byte 0x7E, 0xD7, 0x5C, 0x60, 0x88, 0xB4, 0xB3, 0x50, 0x32, 0x8A, 0x08, 0xB3, 0x77, 0x32, 0x8A, 0x08
	.byte 0xB3, 0x50, 0x32, 0x8A, 0x08, 0xB3, 0x77, 0x32, 0x8A, 0x08, 0xB3, 0x50, 0x32, 0x8A, 0x08, 0xB3
	.byte 0x77, 0x32, 0x8A, 0x08, 0xB3, 0x50, 0x32, 0x8A, 0x08, 0xB3, 0x77, 0x32, 0x8A, 0x08, 0xB3, 0x50
	.byte 0x32, 0x8A, 0x08, 0xB3, 0x77, 0x32, 0x8A, 0x08, 0xB2, 0x3E, 0x31, 0x8A, 0x08, 0xBD, 0x7F, 0xB1
	.byte 0xBC, 0x00, 0xBD, 0x2E, 0xC2, 0x2C, 0xC1, 0x0C, 0xBE, 0x31, 0xBF, 0x30, 0xD3, 0x51, 0x70, 0x84
	.byte 0x4F, 0x84, 0x4C, 0x84, 0x49, 0x84, 0x47, 0x84, 0x45, 0x84, 0x4F, 0x84, 0x4C, 0x84, 0x49, 0x84
	.byte 0x47, 0x84, 0x45, 0x84, 0x43, 0x84, 0x4C, 0x84, 0x49, 0x84, 0x47, 0x84, 0x45, 0x84, 0x43, 0x84
	.byte 0x40, 0x84, 0x49, 0x84, 0x47, 0x84, 0x45, 0x84, 0x43, 0x84, 0x40, 0x84, 0x3D, 0x84, 0x45, 0x84
	.byte 0x43, 0x84, 0x40, 0x84, 0x43, 0x84, 0x45, 0x84, 0x49, 0x84, 0x4C, 0x84, 0x49, 0x84, 0x45, 0x84
	.byte 0x49, 0x84, 0x4C, 0x84, 0x4F, 0x84, 0x51, 0x84, 0x4F, 0x84, 0x4C, 0x84, 0x4F, 0x84, 0x4C, 0x84
	.byte 0x49, 0x84, 0x4C, 0x84, 0x49, 0x84, 0x45, 0x84, 0x49, 0x84, 0x45, 0x84, 0x40, 0x84, 0xEC, 0x4A
	.byte 0xB0, 0xB0, 0xB0, 0xB0, 0xB0, 0xB0, 0xB0, 0xB0, 0xB0, 0xB0, 0xB0, 0xB0, 0xB0, 0xB0, 0xB0, 0x98
	.byte 0xBD, 0x49, 0xA0, 0xBF, 0x40, 0x90, 0xD3, 0x4E, 0x84, 0x51, 0x84, 0xDF, 0x58, 0x88, 0xC4, 0x05
	.byte 0x88, 0x00, 0xD3, 0x56, 0x98, 0x4E, 0x84, 0x51, 0x84, 0xDF, 0x58, 0x88, 0xC4, 0x05, 0x88, 0x00
	.byte 0xD3, 0x56, 0x98, 0x4E, 0x84, 0x52, 0x84, 0xDF, 0x58, 0x88, 0xC4, 0x05, 0x88, 0x00, 0xD3, 0x56
	.byte 0x88, 0x55, 0x88, 0x56, 0x88, 0x51, 0x86, 0xD1, 0x5B, 0x50, 0x82, 0xE7, 0x5A, 0x70, 0x98, 0xDF
	.byte 0x58, 0x88, 0xC4, 0x05, 0x88, 0x00, 0xD3, 0x56, 0x88, 0xD7, 0x5B, 0x88, 0x5A, 0x88, 0x58, 0x88
	.byte 0xEB, 0x56, 0x8C, 0xC4, 0x05, 0x84, 0xBE, 0x2D, 0x84, 0x2A, 0x84, 0x25, 0x84, 0x22, 0x84, 0x20
	.byte 0x84, 0xC4, 0x00, 0xBE, 0x31, 0x82, 0xD1, 0x53, 0x50, 0x82, 0xD7, 0x52, 0x70, 0x88, 0xD3, 0x5A
	.byte 0x88, 0x58, 0x88, 0x56, 0x88, 0xEF, 0x58, 0x8C, 0xC4, 0x05, 0xBE, 0x2E, 0x84, 0x2C, 0x84, 0x2A
	.byte 0x84, 0x27, 0x84, 0x25, 0x84, 0x23, 0x84, 0x21, 0x84, 0x1F, 0x84, 0x1B, 0x84, 0xC4, 0x00, 0xBE
	.byte 0x31, 0x98, 0xD3, 0x5D, 0x84, 0x5B, 0x84, 0x5A, 0x84, 0x58, 0x84, 0x56, 0x84, 0x57, 0x84, 0xDF
	.byte 0x58, 0x88, 0xC4, 0x05, 0x88, 0x00, 0xD3, 0x56, 0x88, 0x51, 0x88, 0x56, 0x88, 0x4E, 0x84, 0x51
	.byte 0x84, 0xDF, 0x58, 0x88, 0xC4, 0x05, 0x88, 0x00, 0xD3, 0x56, 0x88, 0x52, 0x88, 0x56, 0x88, 0x4E
	.byte 0x84, 0x52, 0x84, 0xDF, 0x58, 0x88, 0xC4, 0x05, 0x88, 0x00, 0xD3, 0x56, 0x88, 0x55, 0x88, 0x56
	.byte 0x88, 0x51, 0x88, 0xD7, 0x5A, 0x88, 0xD3, 0x5B, 0x88, 0x5D, 0x88, 0x5F, 0x88, 0x5D, 0x88, 0x5A
	.byte 0x88, 0xE7, 0x56, 0x98, 0xD3, 0x5B, 0x84, 0x5A, 0x84, 0x58, 0x84, 0x56, 0x84, 0x53, 0x84, 0x56
	.byte 0x84, 0xE7, 0x53, 0x98, 0xDF, 0x55, 0x90, 0xD3, 0x56, 0x86, 0xD1, 0x57, 0x40, 0x82, 0xF7, 0x56
	.byte 0x70, 0x98, 0xC4, 0x05, 0xBE, 0x2E, 0x84, 0x2C, 0x84, 0x29, 0x84, 0x26, 0x84, 0x25, 0x84, 0x23
	.byte 0x84, 0x21, 0x84, 0x1F, 0x84, 0x1C, 0x84, 0x1A, 0x84, 0x17, 0x84, 0x16, 0x84, 0xC4, 0x00, 0xBE
	.byte 0x31, 0x98, 0xB2, 0xDB, 0x32, 0x8A, 0x08, 0xB1, 0xBC, 0x00, 0xBD, 0x11, 0xC1, 0x0C, 0xC2, 0x2C
	.byte 0xC1, 0x0C, 0xC2, 0x2C, 0xBF, 0x3E, 0xBE, 0x31, 0xFC, 0x2D, 0x70, 0xAD, 0xD7, 0x28, 0x88, 0xFF
	.byte 0x2D, 0xB0, 0xBD, 0x23, 0xBE, 0x4E, 0xDB, 0x32, 0x90, 0xD3, 0x90, 0xD3, 0x88, 0xD7, 0x2D, 0x88
	.byte 0xDB, 0x32, 0x90, 0xD3, 0x98, 0xD7, 0x2D, 0x88, 0xDB, 0x32, 0x90, 0xD3, 0x90, 0xD3, 0x88, 0xD7
	.byte 0x2D, 0x88, 0xDB, 0x32, 0x90, 0xD3, 0x88, 0xDB, 0x31, 0x90, 0xD3, 0x88, 0xD7, 0x2F, 0x70, 0x90
	.byte 0xD3, 0x90, 0xD3, 0x88, 0xD7, 0x2A, 0x88, 0x2F, 0x90, 0xD3, 0x98, 0xD7, 0x2A, 0x88, 0xB4, 0x2F
	.byte 0x90, 0xD3, 0x90, 0xD3, 0x88, 0xD7, 0x2A, 0x88, 0x2F, 0x90, 0xD3, 0x88, 0xD7, 0x2D, 0x90, 0xD7
	.byte 0x88, 0x2B, 0x90, 0xD3, 0x90, 0xD3, 0x88, 0xD7, 0x26, 0x58, 0x88, 0x2B, 0x70, 0x90, 0xD3, 0x98
	.byte 0xD7, 0x26, 0x88, 0xD7, 0x2B, 0x70, 0x90, 0xD3, 0x90, 0xD3, 0x88, 0xD7, 0x26, 0x88, 0x2B, 0x90
	.byte 0xD3, 0x98, 0xD7, 0x26, 0x88, 0xB4, 0xD7, 0x2D, 0x70, 0x90, 0xD3, 0x90, 0xD3, 0x88, 0xD7, 0x28
	.byte 0x88, 0x2D, 0x90, 0xD3, 0x98, 0xD7, 0x28, 0x88, 0xB4, 0xD3, 0x2D, 0xB0, 0xDB, 0x32, 0x90, 0xD3
	.byte 0x90, 0xD3, 0x88, 0xD7, 0x2D, 0x88, 0xDB, 0x32, 0x90, 0xD3, 0x98, 0xD7, 0x2D, 0x88, 0xDB, 0x32
	.byte 0x90, 0xD3, 0x90, 0xD3, 0x88, 0xD7, 0x2D, 0x88, 0xD3, 0x32, 0x88, 0xDB, 0x90, 0x31, 0x90, 0xD3
	.byte 0x88, 0xB3, 0xC5, 0x34, 0x8A, 0x08, 0xD7, 0x2F, 0x70, 0x90, 0xD3, 0x90, 0xD3, 0x88, 0xD7, 0x2A
	.byte 0x88, 0xD3, 0x2F, 0x88, 0xDB, 0x90, 0xD7, 0x2D, 0x90, 0xD7, 0x88, 0xB3, 0xFC, 0x34, 0x8A, 0x08
	.byte 0xB3, 0xFC, 0x34, 0x8A, 0x08, 0xB3, 0x0F, 0x35, 0x8A, 0x08, 0xD3, 0x2D, 0x70, 0xB0, 0xDB, 0x26
	.byte 0x70, 0x90, 0xD3, 0x98, 0xD7, 0x21, 0x88, 0xDB, 0x26, 0x90, 0xD3, 0x98, 0xD7, 0x21, 0x88, 0xB4
	.byte 0xB3, 0x77, 0x35, 0x8A, 0x08, 0xDB, 0x2B, 0x70, 0x90, 0xD3, 0x98, 0xD7, 0x26, 0x88, 0xDB, 0x2B
	.byte 0x90, 0xD3, 0x98, 0xD7, 0x26, 0x88, 0xDB, 0x2D, 0x90, 0xD3, 0x98, 0xD7, 0x28, 0x88, 0xDB, 0x2D
	.byte 0x90, 0xD3, 0x98, 0xD7, 0x28, 0x88, 0xB3, 0x77, 0x35, 0x8A, 0x08, 0xB3, 0x77, 0x35, 0x8A, 0x08
	.byte 0xDB, 0x2B, 0x70, 0x90, 0xD3, 0x98, 0xD7, 0x26, 0x88, 0xDB, 0x2D, 0x90, 0xD3, 0x98, 0xD7, 0x28
	.byte 0x88, 0xDB, 0x32, 0x90, 0xD3, 0x98, 0xD7, 0x2D, 0x88, 0xDB, 0x26, 0x90, 0xD3, 0x9B, 0xB2, 0x83
	.byte 0x34, 0x8A, 0x08, 0xB1, 0xBC, 0x00, 0xBD, 0x49, 0xC2, 0x2C, 0xC1, 0x0C, 0xBF, 0x40, 0xBE, 0x32
	.byte 0xE7, 0x49, 0x70, 0x98, 0x45, 0x98, 0x43, 0x98, 0x40, 0x98, 0x3D, 0x98, 0x3E, 0x98, 0x40, 0x98
	.byte 0xBD, 0x11, 0xBE, 0x41, 0xD7, 0x45, 0x88, 0x49, 0x88, 0x4C, 0x88, 0xBD, 0x11, 0xBE, 0x3F, 0xEC
	.byte 0x4F, 0x9D, 0xD3, 0x4E, 0x88, 0xE7, 0xA0, 0x9B, 0xD3, 0x4C, 0x70, 0x88, 0x4E, 0x88, 0x51, 0x88
	.byte 0xD1, 0x4F, 0x82, 0x51, 0x82, 0xD3, 0x4F, 0x84, 0x4E, 0x88, 0x4C, 0x88, 0x4E, 0x88, 0x49, 0x88
	.byte 0xB4, 0xEC, 0x4C, 0x9D, 0xD3, 0x4A, 0x88, 0xE7, 0xA0, 0x9B, 0xD3, 0x47, 0x88, 0x49, 0x86, 0xD1
	.byte 0x4F, 0x3C, 0x82, 0xD3, 0x4E, 0x70, 0x88, 0x4C, 0x88, 0x4A, 0x88, 0x47, 0x88, 0x49, 0x88, 0x4A
	.byte 0x88, 0xEB, 0x51, 0x9C, 0xD1, 0x53, 0x30, 0x82, 0x52, 0x3C, 0x82, 0xD3, 0x51, 0x58, 0x88, 0xE7
	.byte 0x4F, 0x70, 0xA0, 0x9B, 0xD3, 0x47, 0x88, 0x4A, 0x88, 0x53, 0x88, 0xD1, 0x51, 0x82, 0x53, 0x82
	.byte 0xD3, 0x51, 0x84, 0x4F, 0x88, 0x4E, 0x88, 0x4F, 0x88, 0x4A, 0x88, 0xBE, 0x07, 0xFF, 0x4C, 0x8A
	.byte 0xBE, 0x09, 0x82, 0x09, 0x81, 0x0B, 0x83, 0x0F, 0x81, 0x11, 0x83, 0x15, 0x81, 0x16, 0x83, 0x1A
	.byte 0x81, 0x1C, 0x83, 0x20, 0x81, 0x23, 0x83, 0x24, 0x81, 0x27, 0x83, 0x2B, 0x81, 0x2C, 0x83, 0x2E
	.byte 0x81, 0x30, 0x83, 0x32, 0x81, 0x34, 0x83, 0x36, 0x81, 0x38, 0x83, 0x3A, 0x84, 0x3C, 0x84, 0x3D
	.byte 0x81, 0x3F, 0x83, 0x3F, 0x81, 0x41, 0x83, 0x41, 0x81, 0x42, 0x83, 0x44, 0x81, 0x44, 0x83, 0x47
	.byte 0x84, 0x49, 0x90, 0x44, 0xD3, 0x51, 0x98, 0xBD, 0x2E, 0xA0, 0xBE, 0x4E, 0xD3, 0x4F, 0x88, 0x51
	.byte 0x88, 0x4C, 0x88, 0xEC, 0x4F, 0x98, 0xC4, 0x05, 0x90, 0x00, 0xD3, 0x51, 0x88, 0xE7, 0x4E, 0xA0
	.byte 0xB3, 0x10, 0x36, 0x8A, 0x08, 0xEC, 0x4C, 0x70, 0x98, 0xC4, 0x05, 0x90, 0x00, 0xD3, 0x4A, 0x84
	.byte 0x49, 0x84, 0xE7, 0x4A, 0xA0, 0x9B, 0xD3, 0x47, 0x88, 0x49, 0x88, 0x4E, 0x88, 0xD1, 0x4C, 0x82
	.byte 0x4E, 0x82, 0xD3, 0x4C, 0x84, 0x4A, 0x88, 0x47, 0x88, 0x49, 0x88, 0x4A, 0x88, 0xEC, 0x51, 0x98
	.byte 0xC4, 0x05, 0x90, 0x00, 0xD3, 0x53, 0x88, 0xE7, 0x4F, 0xA0, 0x9B, 0xD3, 0x47, 0x88, 0x4A, 0x88
	.byte 0x53, 0x88, 0xD1, 0x51, 0x82, 0x53, 0x82, 0xD3, 0x51, 0x84, 0x4F, 0x88, 0x4E, 0x88, 0x4F, 0x88
	.byte 0x4A, 0x84, 0xC4, 0x05, 0x84, 0xFC, 0x4C, 0x8C, 0xC4, 0x00, 0xA9, 0xD3, 0x4E, 0x88, 0xBE, 0x28
	.byte 0xD3, 0x4F, 0x98, 0xBD, 0x30, 0x98, 0xD3, 0x3D, 0x84, 0x3B, 0x84, 0x39, 0x84, 0x3B, 0x84, 0x3D
	.byte 0x84, 0x3E, 0x84, 0x40, 0x84, 0x3E, 0x84, 0x3D, 0x84, 0x3E, 0x84, 0x42, 0x84, 0x43, 0x84, 0xEF
	.byte 0x45, 0x70, 0xA0, 0x46, 0xA0, 0xB4, 0xEF, 0x47, 0x70, 0xA0, 0x48, 0xA0, 0xB4, 0xD7, 0x43, 0x88
	.byte 0x42, 0x88, 0x40, 0x88, 0xE7, 0x3B, 0x98, 0xEF, 0x3A, 0xA0, 0xD7, 0x39, 0x88, 0x3E, 0x88, 0x40
	.byte 0x88, 0xF4, 0x45, 0xA5, 0xD7, 0x44, 0x88, 0xB3, 0x58, 0x37, 0x8A, 0x08, 0xB3, 0x5F, 0x37, 0x8A
	.byte 0x08, 0xEF, 0x4F, 0x70, 0xA0, 0x43, 0xA0, 0xDF, 0x42, 0x90, 0xD3, 0x43, 0x88, 0xD1, 0x42, 0x82
	.byte 0x43, 0x82, 0xDB, 0x42, 0x8C, 0xD3, 0x40, 0x88, 0xE7, 0x42, 0x98, 0xBD, 0x49, 0x90, 0xD3, 0x43
	.byte 0x84, 0x45, 0x84, 0xB2, 0xDF, 0x35, 0x8A, 0x08, 0xB1, 0xBC, 0x00, 0xBD, 0x49, 0xC2, 0x2C, 0xC1
	.byte 0x0C, 0xBE, 0x3A, 0xBF, 0x4E, 0xE7, 0x51, 0x70, 0x98, 0x4F, 0x98, 0x4C, 0x98, 0x49, 0x98, 0x45
	.byte 0x98, 0x47, 0x98, 0xEF, 0x49, 0xA0, 0xB0, 0xB0, 0xB0, 0xB0, 0xB0, 0xB0, 0xB0, 0xB0, 0xB0, 0xB0
	.byte 0xB0, 0xB0, 0xB0, 0xB0, 0xB0, 0xB0, 0xB0, 0xB0, 0xB0, 0xB0, 0xB0, 0xB0, 0xB0, 0xBD, 0x49, 0xAD
	.byte 0xD3, 0x4C, 0x84, 0x4F, 0x84, 0xB2, 0xB4, 0x37, 0x8A, 0x08, 0xB1, 0xBC, 0x00, 0xBD, 0x50, 0xC2
	.byte 0x2C, 0xCD, 0x08, 0x12, 0x08, 0x10, 0xC1, 0x0C, 0xBF, 0x7F, 0xBE, 0x1A, 0xB0, 0xB0, 0xEA, 0x3E
	.byte 0x70, 0x9B, 0xD3, 0x3D, 0x88, 0x3E, 0x88, 0xE7, 0x42, 0x98, 0x40, 0x98, 0xEF, 0x3E, 0xA0, 0xE7
	.byte 0x40, 0x98, 0xDF, 0x42, 0x90, 0xD3, 0x3D, 0x88, 0xE7, 0x3E, 0x9B, 0xD3, 0x3D, 0x88, 0x3E, 0x88
	.byte 0xE7, 0x42, 0x98, 0x40, 0x98, 0xEA, 0x3E, 0x9B, 0xD3, 0x3D, 0x88, 0x3E, 0x88, 0xE7, 0x3B, 0x98
	.byte 0x3D, 0x98, 0x43, 0x9B, 0xD3, 0x3E, 0x88, 0x43, 0x58, 0x88, 0xE7, 0x3B, 0x70, 0x98, 0x3D, 0x98
	.byte 0xEA, 0x3E, 0x9B, 0xD3, 0x3B, 0x88, 0x3E, 0x88, 0xEC, 0x37, 0x9D, 0xD3, 0x3B, 0x88, 0xFF, 0x3D
	.byte 0x98, 0xC4, 0x04, 0x98, 0xBE, 0x17, 0x82, 0x19, 0x83, 0x1A, 0x83, 0x1C, 0x84, 0x1D, 0x82, 0x20
	.byte 0x83, 0x21, 0x83, 0x23, 0x84, 0x24, 0x82, 0x26, 0x96, 0x1D, 0xC4, 0x00, 0xD3, 0x45, 0x98, 0xBE
	.byte 0x27, 0xA0, 0xBF, 0x06, 0x98, 0xBD, 0x54, 0xBE, 0x21, 0xD7, 0x42, 0x78, 0x88, 0xD1, 0x42, 0x68
	.byte 0x84, 0x41, 0x50, 0x84, 0x42, 0x88, 0xD3, 0x42, 0x70, 0x8C, 0xD1, 0x42, 0x68, 0x84, 0x41, 0x50
	.byte 0x84, 0x42, 0x84, 0xD7, 0x42, 0x78, 0x88, 0xD1, 0x42, 0x68, 0x84, 0x41, 0x50, 0x84, 0x42, 0x88
	.byte 0xD3, 0x42, 0x70, 0x8C, 0xD1, 0x42, 0x68, 0x84, 0x42, 0x50, 0x88, 0xD7, 0x42, 0x78, 0x88, 0xD1
	.byte 0x42, 0x68, 0x84, 0x41, 0x50, 0x84, 0x42, 0x88, 0xD3, 0x42, 0x70, 0x8C, 0xD1, 0x42, 0x68, 0x84
	.byte 0x41, 0x50, 0x84, 0x42, 0x84, 0xD7, 0x42, 0x78, 0x88, 0xD1, 0x42, 0x68, 0x84, 0x41, 0x50, 0x84
	.byte 0x42, 0x88, 0xD3, 0x42, 0x70, 0x8C, 0xD1, 0x42, 0x68, 0x84, 0x42, 0x50, 0x84, 0xD1, 0x84, 0xB4
	.byte 0xD7, 0x42, 0x78, 0x88, 0xD1, 0x42, 0x68, 0x84, 0x41, 0x50, 0x84, 0x42, 0x88, 0xD3, 0x42, 0x70
	.byte 0x8C, 0xD1, 0x42, 0x68, 0x84, 0x41, 0x50, 0x84, 0x42, 0x84, 0xD7, 0x42, 0x78, 0x88, 0xD1, 0x42
	.byte 0x68, 0x84, 0x41, 0x50, 0x84, 0x42, 0x88, 0xD3, 0x42, 0x70, 0x8C, 0xD1, 0x42, 0x68, 0x84, 0x42
	.byte 0x50, 0x88, 0xB4, 0xB3, 0xB4, 0x38, 0x8A, 0x08, 0xB3, 0xE9, 0x38, 0x8A, 0x08, 0xD7, 0x42, 0x78
	.byte 0x88, 0xD1, 0x42, 0x68, 0x84, 0x41, 0x50, 0x84, 0x42, 0x88, 0xD3, 0x42, 0x70, 0x8C, 0xD1, 0x42
	.byte 0x68, 0x84, 0x41, 0x50, 0x84, 0x42, 0x84, 0xD7, 0x42, 0x78, 0x88, 0xD1, 0x42, 0x68, 0x84, 0x41
	.byte 0x50, 0x84, 0x42, 0x88, 0xD3, 0x42, 0x70, 0x8C, 0xD1, 0x42, 0x68, 0x84, 0x41, 0x50, 0x84, 0x42
	.byte 0x84, 0xD7, 0x43, 0x78, 0x88, 0xD1, 0x43, 0x68, 0x84, 0x42, 0x50, 0x84, 0x43, 0x88, 0xD3, 0x43
	.byte 0x70, 0x8C, 0xD1, 0x43, 0x68, 0x84, 0x42, 0x50, 0x84, 0x43, 0x84, 0xD7, 0x40, 0x78, 0x88, 0xD1
	.byte 0x40, 0x68, 0x84, 0x3F, 0x50, 0x84, 0x40, 0x88, 0xD3, 0x40, 0x70, 0x8C, 0xD1, 0x40, 0x68, 0x84
	.byte 0x3F, 0x50, 0x84, 0x40, 0x84, 0xD3, 0x43, 0x70, 0x98, 0xBD, 0x50, 0x98, 0xD3, 0x84, 0x42, 0x84
	.byte 0x40, 0x84, 0x42, 0x84, 0x43, 0x84, 0x45, 0x84, 0x47, 0x84, 0x45, 0x84, 0x43, 0x84, 0x45, 0x84
	.byte 0x47, 0x84, 0x49, 0x84, 0xCF, 0x4E, 0xB0, 0xA0, 0xCE, 0xE7, 0x51, 0x98, 0xD7, 0x4E, 0x88, 0x4C
	.byte 0x88, 0x4A, 0x88, 0xEF, 0x47, 0xA0, 0x46, 0xA0, 0x4A, 0xA0, 0xD7, 0x49, 0x88, 0x4C, 0x88, 0x45
	.byte 0x88, 0xE7, 0x4D, 0x98, 0xCF, 0x4E, 0xB0, 0xA0, 0xCE, 0xE7, 0x51, 0x98, 0xD7, 0x4E, 0x88, 0x4C
	.byte 0x88, 0x4A, 0x88, 0xEF, 0xA0, 0xEF, 0xA0, 0xF7, 0xB0, 0xB2, 0xF6, 0x37, 0x8A, 0x08, 0xB1, 0xBC
	.byte 0x00, 0xBD, 0x51, 0xC2, 0x2C, 0xCD, 0x08, 0x12, 0x08, 0x10, 0xC1, 0x0C, 0xBF, 0x02, 0xBE, 0x20
	.byte 0xC0, 0x40, 0xCF, 0x40, 0x70, 0xB0, 0xB0, 0xCE, 0xBE, 0x21, 0xEA, 0x39, 0x9B, 0xD3, 0x38, 0x88
	.byte 0x39, 0x88, 0xE7, 0x36, 0x98, 0x37, 0x98, 0xEF, 0x36, 0xA0, 0xE7, 0x37, 0x98, 0xDF, 0x39, 0x90
	.byte 0xD3, 0x36, 0x88, 0xE7, 0x37, 0x9B, 0xD3, 0x36, 0x88, 0x37, 0x88, 0xE7, 0x3E, 0x98, 0x3D, 0x98
	.byte 0xEA, 0x36, 0x9B, 0xD3, 0x35, 0x88, 0x36, 0x88, 0xE7, 0x32, 0x98, 0x34, 0x98, 0x3E, 0x9B, 0xD3
	.byte 0x3B, 0x88, 0x3E, 0x58, 0x88, 0xE7, 0x37, 0x70, 0x98, 0x39, 0x98, 0xEA, 0x3B, 0x9B, 0xD3, 0x37
	.byte 0x88, 0x3B, 0x88, 0xEC, 0x32, 0x9D, 0xD3, 0x37, 0x88, 0xFF, 0x39, 0x98, 0xC4, 0x04, 0x98, 0xBE
	.byte 0x1A, 0x82, 0x1B, 0x83, 0x1D, 0x83, 0x1F, 0x84, 0x20, 0x82, 0x21, 0x83, 0x24, 0x83, 0x26, 0x84
	.byte 0x26, 0x83, 0x27, 0x95, 0x1D, 0xC4, 0x00, 0xD3, 0x40, 0x98, 0xBE, 0x27, 0xA0, 0xBF, 0x7D, 0x98
	.byte 0xBD, 0x53, 0xBE, 0x22, 0xC0, 0x40, 0xD7, 0x4A, 0x78, 0x88, 0xD1, 0x4A, 0x68, 0x84, 0x49, 0x50
	.byte 0x84, 0x4A, 0x88, 0xD3, 0x4A, 0x70, 0x8C, 0xD1, 0x4A, 0x68, 0x84, 0x49, 0x50, 0x84, 0x4A, 0x84
	.byte 0xD7, 0x4A, 0x78, 0x88, 0xD1, 0x4A, 0x68, 0x84, 0x49, 0x50, 0x84, 0x4A, 0x88, 0xD3, 0x4A, 0x70
	.byte 0x8C, 0xD1, 0x4A, 0x68, 0x84, 0x4A, 0x50, 0x88, 0xD7, 0x4A, 0x78, 0x88, 0xD1, 0x4A, 0x68, 0x84
	.byte 0x49, 0x50, 0x84, 0x4A, 0x88, 0xD3, 0x4A, 0x70, 0x8C, 0xD1, 0x4A, 0x68, 0x84, 0x49, 0x50, 0x84
	.byte 0x4A, 0x84, 0xD7, 0x4A, 0x78, 0x88, 0xD1, 0x4A, 0x68, 0x84, 0x49, 0x50, 0x84, 0x4A, 0x88, 0xD3
	.byte 0x49, 0x70, 0x8C, 0xD1, 0x49, 0x68, 0x84, 0x49, 0x50, 0x84, 0xD1, 0x84, 0xB4, 0xD7, 0x4A, 0x78
	.byte 0x88, 0xD1, 0x4A, 0x68, 0x84, 0x49, 0x50, 0x84, 0x4A, 0x88, 0xD3, 0x4A, 0x70, 0x8C, 0xD1, 0x4A
	.byte 0x68, 0x84, 0x49, 0x50, 0x84, 0x4A, 0x84, 0xD7, 0x4A, 0x78, 0x88, 0xD1, 0x4A, 0x68, 0x84, 0x49
	.byte 0x50, 0x84, 0x4A, 0x88, 0xD3, 0x4A, 0x70, 0x8C, 0xD1, 0x4A, 0x68, 0x84, 0x4A, 0x50, 0x88, 0xB4
	.byte 0xB3, 0xB1, 0x3A, 0x8A, 0x08, 0xB3, 0xE6, 0x3A, 0x8A, 0x08, 0xD7, 0x4A, 0x78, 0x88, 0xD1, 0x4A
	.byte 0x68, 0x84, 0x49, 0x50, 0x84, 0x4A, 0x88, 0xD3, 0x4A, 0x70, 0x8C, 0xD1, 0x4A, 0x68, 0x84, 0x49
	.byte 0x50, 0x84, 0x4A, 0x84, 0xD7, 0x4A, 0x78, 0x88, 0xD1, 0x4A, 0x68, 0x84, 0x49, 0x50, 0x84, 0x4A
	.byte 0x88, 0xD3, 0x4A, 0x70, 0x8C, 0xD1, 0x4A, 0x68, 0x84, 0x49, 0x50, 0x84, 0x4A, 0x84, 0xD7, 0x4C
	.byte 0x78, 0x88, 0xD1, 0x4C, 0x68, 0x84, 0x4B, 0x50, 0x84, 0x4C, 0x88, 0xD3, 0x4C, 0x70, 0x8C, 0xD1
	.byte 0x4C, 0x68, 0x84, 0x4B, 0x50, 0x84, 0x4C, 0x84, 0xD7, 0x49, 0x78, 0x88, 0xD1, 0x49, 0x68, 0x84
	.byte 0x48, 0x50, 0x84, 0x49, 0x88, 0xD3, 0x49, 0x70, 0x8C, 0xD1, 0x49, 0x68, 0x84, 0x48, 0x50, 0x84
	.byte 0x49, 0x84, 0xD3, 0x4C, 0x70, 0x98, 0xBD, 0x51, 0x98, 0xD3, 0x49, 0x84, 0x47, 0x84, 0x45, 0x84
	.byte 0x47, 0x84, 0x49, 0x84, 0x4A, 0x84, 0x4C, 0x84, 0x4A, 0x84, 0x49, 0x84, 0x4A, 0x84, 0x4E, 0x84
	.byte 0x4F, 0x84, 0xEF, 0x51, 0x70, 0xA0, 0x52, 0xA0, 0xB4, 0xEF, 0x53, 0x70, 0xA0, 0x54, 0xA0, 0xB4
	.byte 0x4F, 0xA0, 0x4A, 0xA0, 0x4C, 0xA0, 0xD7, 0x51, 0x88, 0x53, 0x88, 0x4F, 0x88, 0xE7, 0x50, 0x98
	.byte 0xB3, 0xAB, 0x3B, 0x8A, 0x08, 0xB3, 0xB2, 0x3B, 0x8A, 0x08, 0xEF, 0x53, 0x70, 0xA0, 0x4C, 0xA0
	.byte 0xF7, 0x51, 0xB0, 0xB2, 0xEA, 0x39, 0x8A, 0x08, 0xB1, 0xBC, 0x00, 0xBD, 0x00, 0xBF, 0x40, 0xBE
	.byte 0x4E, 0xB0, 0xB0, 0xB0, 0xB0, 0xB0, 0xB0, 0xB0, 0xB0, 0xB0, 0xA0, 0xD3, 0x26, 0x70, 0x84, 0x28
	.byte 0x84, 0x24, 0x84, 0x28, 0x84, 0x24, 0x88, 0xD3, 0x86, 0xD1, 0x28, 0x82, 0xD7, 0x28, 0x7C, 0x88
	.byte 0xD3, 0x24, 0x70, 0x88, 0xD3, 0x24, 0x70, 0x98, 0x28, 0x90, 0x24, 0x88, 0xD3, 0x90, 0xD3, 0x88
	.byte 0x28, 0x98, 0xB4, 0xD3, 0x24, 0x70, 0x98, 0x28, 0x90, 0x24, 0x88, 0xD3, 0x88, 0xD3, 0x90, 0x28
	.byte 0x90, 0x24, 0x88, 0xB4, 0xB3, 0x0D, 0x3C, 0x8A, 0x08, 0xD3, 0x24, 0x70, 0x98, 0x28, 0x90, 0x24
	.byte 0x88, 0xD3, 0x88, 0x28, 0x88, 0x24, 0x88, 0x26, 0x90, 0x28, 0x88, 0xB3, 0x0D, 0x3C, 0x8A, 0x08
	.byte 0xB3, 0x1C, 0x3C, 0x8A, 0x08, 0xB3, 0x0D, 0x3C, 0x8A, 0x08, 0xD3, 0x24, 0x70, 0x88, 0x26, 0x90
	.byte 0x28, 0x88, 0x24, 0x4C, 0x88, 0x24, 0x70, 0x88, 0xD3, 0x88, 0x2A, 0x88, 0x26, 0x88, 0x28, 0x88
	.byte 0x26, 0x84, 0xD3, 0x84, 0x24, 0x88, 0xB3, 0x0D, 0x3C, 0x8A, 0x08, 0xB3, 0x1C, 0x3C, 0x8A, 0x08
	.byte 0xB3, 0x0D, 0x3C, 0x8A, 0x08, 0xD3, 0x24, 0x70, 0x98, 0x28, 0x90, 0x24, 0x88, 0x26, 0x84, 0x28
	.byte 0x84, 0x24, 0x84, 0x28, 0x84, 0x24, 0x88, 0x28, 0x50, 0x88, 0x24, 0x60, 0x88, 0x28, 0x78, 0x88
	.byte 0xB4, 0xB3, 0x0D, 0x3C, 0x8A, 0x08, 0xB3, 0x1C, 0x3C, 0x8A, 0x08, 0xB3, 0x0D, 0x3C, 0x8A, 0x08
	.byte 0xB3, 0x7E, 0x3C, 0x8A, 0x08, 0xB2, 0xE4, 0x3B, 0x8A, 0x08, 0xB1, 0xBC, 0x00, 0xBD, 0x52, 0xC2
	.byte 0x2C, 0xCD, 0x08, 0x12, 0x08, 0x10, 0xC1, 0x0C, 0xBE, 0x1F, 0xBF, 0x40, 0xC0, 0x41, 0xFC, 0x2D
	.byte 0x70, 0xAD, 0xD7, 0x28, 0x88, 0xFF, 0x2D, 0xB0, 0xBE, 0x23, 0xDB, 0x32, 0x90, 0xD3, 0x90, 0xD3
	.byte 0x88, 0xD7, 0x2D, 0x88, 0xDB, 0x32, 0x90, 0xD3, 0x98, 0xD7, 0x2D, 0x88, 0xDB, 0x32, 0x90, 0xD3
	.byte 0x90, 0xD3, 0x88, 0xD7, 0x2D, 0x88, 0xDB, 0x32, 0x90, 0xD3, 0x88, 0xDB, 0x31, 0x90, 0xD3, 0x88
	.byte 0xD7, 0x2F, 0x70, 0x90, 0xD3, 0x90, 0xD3, 0x88, 0xD7, 0x2A, 0x88, 0x2F, 0x90, 0xD3, 0x98, 0xD7
	.byte 0x2A, 0x88, 0xB4, 0x2F, 0x90, 0xD3, 0x90, 0xD3, 0x88, 0xD7, 0x2A, 0x88, 0x2F, 0x90, 0xD3, 0x88
	.byte 0xD7, 0x2D, 0x90, 0xD7, 0x88, 0x2B, 0x90, 0xD3, 0x90, 0xD3, 0x88, 0xD7, 0x26, 0x58, 0x88, 0x2B
	.byte 0x70, 0x90, 0xD3, 0x98, 0xD7, 0x26, 0x88, 0xD7, 0x2B, 0x70, 0x90, 0xD3, 0x90, 0xD3, 0x88, 0xD7
	.byte 0x26, 0x88, 0x2B, 0x90, 0xD3, 0x98, 0xD7, 0x26, 0x88, 0xB4, 0xD7, 0x2D, 0x70, 0x90, 0xD3, 0x90
	.byte 0xD3, 0x88, 0xD7, 0x28, 0x88, 0x2D, 0x90, 0xD3, 0x98, 0xD7, 0x28, 0x88, 0xB4, 0xD3, 0x2D, 0xB0
	.byte 0xBE, 0x27, 0xC0, 0x41, 0xDB, 0x32, 0x90, 0xD3, 0x90, 0xD3, 0x88, 0xD7, 0x2D, 0x88, 0xDB, 0x32
	.byte 0x90, 0xD3, 0x98, 0xD7, 0x2D, 0x88, 0xDB, 0x32, 0x90, 0xD3, 0x90, 0xD3, 0x88, 0xD7, 0x2D, 0x88
	.byte 0xD3, 0x32, 0x88, 0xDB, 0x90, 0x31, 0x90, 0xD3, 0x88, 0xB3, 0xF9, 0x3C, 0x8A, 0x08, 0xD7, 0x2F
	.byte 0x70, 0x90, 0xD3, 0x90, 0xD3, 0x88, 0xD7, 0x2A, 0x88, 0xD3, 0x2F, 0x88, 0xDB, 0x90, 0xD7, 0x2D
	.byte 0x90, 0xD7, 0x88, 0xB3, 0x30, 0x3D, 0x8A, 0x08, 0xB3, 0x30, 0x3D, 0x8A, 0x08, 0xB3, 0x43, 0x3D
	.byte 0x8A, 0x08, 0xD3, 0x2D, 0x70, 0xB0, 0xDB, 0x26, 0x70, 0x90, 0xD3, 0x98, 0xD7, 0x21, 0x88, 0xDB
	.byte 0x26, 0x90, 0xD3, 0x98, 0xD7, 0x21, 0x88, 0xB4, 0xB3, 0xAF, 0x3D, 0x8A, 0x08, 0xDB, 0x2B, 0x70
	.byte 0x90, 0xD3, 0x98, 0xD7, 0x26, 0x88, 0xDB, 0x2B, 0x90, 0xD3, 0x98, 0xD7, 0x26, 0x88, 0xDB, 0x2D
	.byte 0x90, 0xD3, 0x98, 0xD7, 0x28, 0x88, 0xDB, 0x2D, 0x90, 0xD3, 0x98, 0xD7, 0x28, 0x88, 0xB3, 0xAF
	.byte 0x3D, 0x8A, 0x08, 0xB3, 0xAF, 0x3D, 0x8A, 0x08, 0xDB, 0x2B, 0x70, 0x90, 0xD3, 0x98, 0xD7, 0x26
	.byte 0x88, 0xDB, 0x2D, 0x90, 0xD3, 0x98, 0xD7, 0x28, 0x88, 0xDB, 0x32, 0x90, 0xD3, 0x98, 0xD7, 0x2D
	.byte 0x88, 0xDB, 0x26, 0x90, 0xD3, 0x9B, 0xB2, 0xB6, 0x3C, 0x8A, 0x08, 0xC0, 0x40, 0xB1, 0xBC, 0x00
	.byte 0xBD, 0x49, 0xC2, 0x2C, 0xC1, 0x0C, 0xBF, 0x29, 0xBE, 0x37, 0xB0, 0xB0, 0xBD, 0x11, 0xEC, 0x47
	.byte 0x70, 0x9D, 0xD3, 0x45, 0x88, 0xE7, 0xA0, 0x9B, 0xD3, 0x49, 0x70, 0x88, 0x4A, 0x88, 0x4C, 0x88
	.byte 0xD1, 0x4A, 0x82, 0x4C, 0x82, 0xD3, 0x4A, 0x84, 0x49, 0x88, 0x47, 0x88, 0x49, 0x88, 0x42, 0x88
	.byte 0xB4, 0xEC, 0x43, 0x9D, 0xD3, 0x42, 0x88, 0xE7, 0xA0, 0x9B, 0xD3, 0x3E, 0x88, 0x40, 0x86, 0xD1
	.byte 0x46, 0x3C, 0x82, 0xD3, 0x45, 0x70, 0x88, 0x43, 0x88, 0x42, 0x88, 0x3E, 0x88, 0x40, 0x88, 0x42
	.byte 0x88, 0xEB, 0x4A, 0x9C, 0xD1, 0x4C, 0x30, 0x82, 0x4B, 0x3C, 0x82, 0xD3, 0x4A, 0x58, 0x88, 0xE7
	.byte 0x47, 0x70, 0xA0, 0x9B, 0xD3, 0x3E, 0x88, 0x43, 0x88, 0x4A, 0x88, 0xD1, 0x49, 0x82, 0x4A, 0x82
	.byte 0xD3, 0x48, 0x84, 0x47, 0x88, 0x45, 0x88, 0x47, 0x88, 0x43, 0x88, 0xBE, 0x06, 0xFF, 0x88, 0xBE
	.byte 0x01, 0x82, 0x02, 0x82, 0x04, 0x84, 0x06, 0x81, 0x07, 0x83, 0x09, 0x81, 0x0B, 0x83, 0x0D, 0x81
	.byte 0x0F, 0x83, 0x11, 0x81, 0x13, 0x83, 0x15, 0x81, 0x16, 0x83, 0x17, 0x81, 0x18, 0x83, 0x1B, 0x81
	.byte 0x1C, 0x83, 0x1E, 0x84, 0x21, 0x84, 0x24, 0x81, 0x26, 0x83, 0x27, 0x84, 0x29, 0x81, 0x2B, 0x83
	.byte 0x2C, 0x81, 0x2E, 0x83, 0x2E, 0x81, 0x2F, 0x83, 0x31, 0x81, 0x32, 0x83, 0x34, 0x81, 0x38, 0x84
	.byte 0x3A, 0x83, 0x3C, 0x8C, 0x36, 0xD3, 0x49, 0x98, 0xBD, 0x18, 0xA0, 0xBE, 0x30, 0xD3, 0x47, 0x88
	.byte 0x49, 0x88, 0x45, 0x88, 0xEC, 0x47, 0x9D, 0xD3, 0x49, 0x88, 0xE7, 0x45, 0xA0, 0xB3, 0x30, 0x3E
	.byte 0x8A, 0x08, 0xEC, 0x43, 0x70, 0x9D, 0xD3, 0x42, 0x84, 0x41, 0x84, 0xE7, 0x42, 0xA0, 0x9B, 0xD3
	.byte 0x3E, 0x88, 0x40, 0x88, 0x45, 0x88, 0xD1, 0x43, 0x82, 0x45, 0x82, 0xD3, 0x43, 0x84, 0x42, 0x88
	.byte 0x3E, 0x88, 0x40, 0x88, 0x42, 0x88, 0xEC, 0x4A, 0x9D, 0xD3, 0x4C, 0x88, 0xE7, 0x47, 0xA0, 0x9B
	.byte 0xD3, 0x3E, 0x88, 0x43, 0x88, 0x4A, 0x88, 0xD1, 0x49, 0x82, 0x4A, 0x82, 0xD3, 0x49, 0x84, 0x47
	.byte 0x88, 0x45, 0x88, 0x47, 0x88, 0x43, 0x88, 0xFC, 0xAD, 0xD3, 0x45, 0x88, 0x47, 0xB0, 0xB0, 0xB0
	.byte 0xB0, 0xB0, 0xB0, 0xB0, 0xB0, 0xB0, 0xB2, 0x19, 0x3E, 0x8A, 0x08, 0xB1, 0x00, 0x00, 0x00, 0x0A
	.byte 0x00, 0x00, 0xB2, 0x94, 0x27, 0x61, 0x08, 0x3C, 0x31, 0x8A, 0x08, 0xD9, 0x32, 0x8A, 0x08, 0x81
	.byte 0x34, 0x8A, 0x08, 0xDD, 0x35, 0x8A, 0x08, 0xB2, 0x37, 0x8A, 0x08, 0xF4, 0x37, 0x8A, 0x08, 0xE8
	.byte 0x39, 0x8A, 0x08, 0xE2, 0x3B, 0x8A, 0x08, 0xB4, 0x3C, 0x8A, 0x08, 0x17, 0x3E, 0x8A, 0x08, 0xBC
	.byte 0x00, 0xBB, 0x47, 0xBD, 0x7F, 0xC2, 0x2C, 0xC1, 0x0C, 0xBF, 0x40, 0xBE, 0x1E, 0x8C, 0x8C, 0xD2
	.byte 0x58, 0x68, 0x86, 0x58, 0x50, 0x92, 0x58, 0x68, 0x86, 0x58, 0x50, 0x92, 0x58, 0x68, 0x86, 0x58
	.byte 0x50, 0x92, 0x58, 0x68, 0x86, 0x58, 0x50, 0x86, 0xB4, 0xB3, 0x97, 0x3F, 0x8A, 0x08, 0xB3, 0x97
	.byte 0x3F, 0x8A, 0x08, 0xB3, 0x97, 0x3F, 0x8A, 0x08, 0xB3, 0x97, 0x3F, 0x8A, 0x08, 0xB3, 0x97, 0x3F
	.byte 0x8A, 0x08, 0xB3, 0x97, 0x3F, 0x8A, 0x08, 0xB3, 0x97, 0x3F, 0x8A, 0x08, 0xB3, 0x97, 0x3F, 0x8A
	.byte 0x08, 0xB3, 0x97, 0x3F, 0x8A, 0x08, 0xB3, 0x97, 0x3F, 0x8A, 0x08, 0xB3, 0x97, 0x3F, 0x8A, 0x08
	.byte 0xB2, 0x97, 0x3F, 0x8A, 0x08, 0xB1, 0xBC, 0x00, 0xBD, 0x7E, 0xC2, 0x2C, 0xC1, 0x0C, 0xBF, 0x40
	.byte 0xBE, 0x20, 0x8C, 0xDB, 0x5B, 0x70, 0x98, 0xDB, 0x98, 0xDB, 0x98, 0xDB, 0x98, 0xB4, 0xB3, 0xFC
	.byte 0x3F, 0x8A, 0x08, 0xB3, 0xFC, 0x3F, 0x8A, 0x08, 0xB3, 0xFC, 0x3F, 0x8A, 0x08, 0xB3, 0xFC, 0x3F
	.byte 0x8A, 0x08, 0xB3, 0xFC, 0x3F, 0x8A, 0x08, 0xB3, 0xFC, 0x3F, 0x8A, 0x08, 0xB3, 0xFC, 0x3F, 0x8A
	.byte 0x08, 0xB3, 0xFC, 0x3F, 0x8A, 0x08, 0xB3, 0xFC, 0x3F, 0x8A, 0x08, 0xB3, 0xFC, 0x3F, 0x8A, 0x08
	.byte 0xB3, 0xFC, 0x3F, 0x8A, 0x08, 0xB2, 0xFC, 0x3F, 0x8A, 0x08, 0xB1, 0xBC, 0x00, 0xBD, 0x23, 0xC1
	.byte 0x0C, 0xC2, 0x2C, 0xC1, 0x0C, 0xC2, 0x2C, 0xBF, 0x40, 0xBE, 0x52, 0x8C, 0xB0, 0xB0, 0xB0, 0xB0
	.byte 0xBF, 0x28, 0x8C, 0xD5, 0x1D, 0x7F, 0x8C, 0xD5, 0x8C, 0xD5, 0x8C, 0xDB, 0x22, 0x98, 0xDB, 0x98
	.byte 0xC0, 0x40, 0x9C, 0xD5, 0x1D, 0x7F, 0x8C, 0x1C, 0x8C, 0x1D, 0x8C, 0xE7, 0x86, 0xC0, 0x4C, 0x86
	.byte 0x40, 0x8C, 0xB4, 0x8C, 0xD5, 0x1D, 0x7F, 0x8C, 0xD5, 0x8C, 0xD5, 0x8C, 0xDB, 0x22, 0x98, 0xDB
	.byte 0x98, 0xB4, 0x9C, 0xD5, 0x1D, 0x8C, 0x1C, 0x8C, 0x1D, 0x8C, 0xE7, 0x22, 0x86, 0xC0, 0x4A, 0x86
	.byte 0x40, 0x8C, 0xB3, 0x7C, 0x40, 0x8A, 0x08, 0xB3, 0x69, 0x40, 0x8A, 0x08, 0xB3, 0x7C, 0x40, 0x8A
	.byte 0x08, 0x9C, 0xD5, 0x1D, 0x7F, 0x8C, 0x1C, 0x8C, 0x1D, 0x8C, 0xE7, 0x86, 0xC0, 0x4A, 0x86, 0x40
	.byte 0x8C, 0xB2, 0x55, 0x40, 0x8A, 0x08, 0xB1, 0xBC, 0x00, 0xBD, 0x2F, 0xC2, 0x2C, 0xC1, 0x0C, 0xBF
	.byte 0x40, 0xBE, 0x45, 0xC0, 0x40, 0xD5, 0x29, 0x70, 0x86, 0xD2, 0x27, 0x83, 0x28, 0x83, 0xBF, 0x2B
	.byte 0xC0, 0x40, 0xD5, 0x29, 0x70, 0x8C, 0xDB, 0x92, 0x29, 0x4C, 0x92, 0xBF, 0x47, 0xD5, 0x3A, 0x8C
	.byte 0xC0, 0x40, 0x86, 0xD5, 0x3A, 0x48, 0x86, 0xBF, 0x2B, 0x8C, 0xD5, 0x3A, 0x70, 0x8C, 0xBF, 0x46
	.byte 0xD5, 0x8C, 0xBF, 0x2A, 0xC0, 0x02, 0xEB, 0x30, 0x8C, 0xC0, 0x09, 0x82, 0x15, 0x83, 0x20, 0x83
	.byte 0x2D, 0x84, 0x52, 0x82, 0x60, 0x83, 0x69, 0x83, 0x70, 0x84, 0xBF, 0x45, 0xC0, 0x40, 0xD5, 0x35
	.byte 0x9A, 0xD2, 0x3A, 0x5C, 0x86, 0x3A, 0x58, 0x83, 0xBF, 0x2B, 0x83, 0xD2, 0x29, 0x70, 0x86, 0xD5
	.byte 0x8C, 0xBF, 0x45, 0xDB, 0x35, 0x4C, 0x8C, 0xBF, 0x2A, 0x86, 0xDB, 0x29, 0x70, 0x92, 0xBF, 0x46
	.byte 0xD5, 0x3A, 0x4C, 0x8F, 0xBF, 0x29, 0x83, 0xD5, 0x35, 0x6C, 0x8C, 0x35, 0x70, 0x86, 0xBF, 0x45
	.byte 0xD5, 0x3A, 0x8C, 0xBF, 0x29, 0xD5, 0x2E, 0x8C, 0xE7, 0x29, 0x9C, 0xBF, 0x45, 0xC0, 0x02, 0xEF
	.byte 0x35, 0x8C, 0xC0, 0x09, 0x82, 0x15, 0x83, 0x20, 0x83, 0x2D, 0x84, 0x52, 0x82, 0x60, 0x83, 0x69
	.byte 0x83, 0x70, 0x84, 0x7A, 0x82, 0x7F, 0x83, 0x58, 0x83, 0x7E, 0x84, 0xBF, 0x2B, 0xC0, 0x40, 0xD5
	.byte 0x29, 0x8C, 0xDB, 0x24, 0x92, 0xD5, 0x29, 0x68, 0x8C, 0x35, 0x50, 0x86, 0xBF, 0x46, 0xD5, 0x3A
	.byte 0x4C, 0x92, 0x3A, 0x48, 0x86, 0xBF, 0x2B, 0x8C, 0xD5, 0x3A, 0x70, 0x8C, 0xBF, 0x46, 0xD5, 0x3C
	.byte 0x8C, 0xBF, 0x2A, 0xD5, 0x3A, 0x98, 0x35, 0x86, 0x41, 0x86, 0xBF, 0x47, 0xD5, 0x2E, 0x5C, 0x86
	.byte 0x2E, 0x64, 0x86, 0xE1, 0x29, 0x48, 0x92, 0xD2, 0x3A, 0x5C, 0x86, 0x3A, 0x58, 0x83, 0xBF, 0x2B
	.byte 0x83, 0xD5, 0x29, 0x70, 0x86, 0x2D, 0x8C, 0xBF, 0x47, 0xDB, 0x8C, 0xBF, 0x2A, 0x86, 0xDB, 0x92
	.byte 0xBF, 0x46, 0xD5, 0x39, 0x4C, 0x8F, 0xBF, 0x29, 0x83, 0xD5, 0x35, 0x6C, 0x8C, 0x35, 0x70, 0x86
	.byte 0xBF, 0x46, 0xD5, 0x3A, 0x8C, 0xBF, 0x29, 0xD5, 0x2D, 0x8C, 0xE7, 0x29, 0x9C, 0xBF, 0x46, 0xC0
	.byte 0x02, 0xEB, 0x35, 0x8C, 0xC0, 0x09, 0x82, 0x15, 0x83, 0x20, 0x83, 0x2D, 0x84, 0x52, 0x82, 0x60
	.byte 0x83, 0x69, 0x83, 0x70, 0x81, 0x7F, 0x83, 0x40, 0xD5, 0x8C, 0xBF, 0x2B, 0xD5, 0x2E, 0x8C, 0xDB
	.byte 0x29, 0x92, 0xD5, 0x2E, 0x68, 0x8C, 0x35, 0x50, 0x86, 0xBF, 0x46, 0xD5, 0x3A, 0x4C, 0x92, 0x3A
	.byte 0x48, 0x86, 0xBF, 0x2B, 0x8C, 0xD5, 0x3A, 0x70, 0x8C, 0xBF, 0x46, 0xD5, 0x3C, 0x8C, 0xBF, 0x2A
	.byte 0xD5, 0x3A, 0x98, 0x35, 0x86, 0x41, 0x86, 0xBF, 0x45, 0xD5, 0x2E, 0x5C, 0x86, 0x2E, 0x64, 0x86
	.byte 0xE1, 0x29, 0x48, 0x92, 0xD2, 0x3A, 0x5C, 0x86, 0x3A, 0x58, 0x83, 0xBF, 0x2B, 0x83, 0xD5, 0x29
	.byte 0x70, 0x86, 0x2E, 0x8C, 0xBF, 0x45, 0xDB, 0x8C, 0xBF, 0x2A, 0x86, 0xDB, 0x92, 0xBF, 0x45, 0xD5
	.byte 0x3A, 0x4C, 0x8F, 0xBF, 0x29, 0x83, 0xD5, 0x35, 0x6C, 0x8C, 0x35, 0x70, 0x86, 0xBF, 0x45, 0xD5
	.byte 0x3A, 0x8C, 0xBF, 0x29, 0xD5, 0x2E, 0x8C, 0xE7, 0x29, 0x9C, 0xBF, 0x46, 0xC0, 0x02, 0xEF, 0x34
	.byte 0x8C, 0xC0, 0x09, 0x82, 0x15, 0x83, 0x20, 0x83, 0x2D, 0x84, 0x52, 0x82, 0x60, 0x83, 0x69, 0x83
	.byte 0x70, 0x84, 0x7A, 0x82, 0x7F, 0x83, 0x58, 0x83, 0x7E, 0x84, 0xB2, 0xD7, 0x40, 0x8A, 0x08, 0xC0
	.byte 0x40, 0xB1, 0xBC, 0x00, 0xBD, 0x0D, 0xC2, 0x2C, 0xC1, 0x0C, 0xBF, 0x24, 0xBE, 0x18, 0x8C, 0x8C
	.byte 0xD2, 0x59, 0x70, 0x8C, 0x59, 0x50, 0x98, 0x59, 0x68, 0x92, 0x59, 0x50, 0x92, 0x59, 0x78, 0x8C
	.byte 0x8C, 0x59, 0x70, 0x8C, 0x59, 0x50, 0x92, 0x59, 0x34, 0x83, 0xD2, 0x83, 0x59, 0x70, 0x92, 0x59
	.byte 0x54, 0x92, 0x59, 0x70, 0x8C, 0x86, 0x59, 0x3C, 0x83, 0x59, 0x30, 0x83, 0x59, 0x70, 0x8C, 0x59
	.byte 0x50, 0x98, 0x59, 0x68, 0x92, 0x59, 0x50, 0x8C, 0x59, 0x40, 0x83, 0x58, 0x30, 0x83, 0x59, 0x78
	.byte 0x8C, 0x59, 0x40, 0x83, 0x59, 0x30, 0x83, 0x59, 0x58, 0x86, 0x59, 0x78, 0x8C, 0x59, 0x50, 0x92
	.byte 0x59, 0x34, 0x83, 0x58, 0x83, 0x59, 0x70, 0x92, 0x59, 0x54, 0x92, 0x59, 0x70, 0x8C, 0xB0, 0xB0
	.byte 0xB0, 0xB0, 0xB0, 0xB0, 0xB0, 0xB0, 0xB2, 0xA8, 0x42, 0x8A, 0x08, 0xB1, 0xBC, 0x00, 0xBD, 0x50
	.byte 0xC2, 0x2C, 0xCD, 0x08, 0x12, 0x08, 0x10, 0xC1, 0x0C, 0xBF, 0x03, 0xBE, 0x2C, 0x8C, 0xB0, 0xB0
	.byte 0xB0, 0xAC, 0xD2, 0x37, 0x70, 0x83, 0x3A, 0x83, 0x3F, 0x83, 0x43, 0x83, 0xF3, 0x46, 0x70, 0x98
	.byte 0xC4, 0x05, 0x9C, 0x00, 0xD2, 0x45, 0x98, 0x43, 0x8C, 0xB4, 0xD2, 0x8C, 0xD5, 0x45, 0x8C, 0xBD
	.byte 0x54, 0x8C, 0xD2, 0x3A, 0x83, 0x39, 0x83, 0x37, 0x83, 0x36, 0x83, 0xBF, 0x3F, 0xEF, 0x35, 0x98
	.byte 0xC4, 0x06, 0x98, 0xBD, 0x50, 0xC4, 0x00, 0xBF, 0x00, 0xD2, 0x48, 0x70, 0x8C, 0xD2, 0x92, 0xD2
	.byte 0x83, 0x47, 0x48, 0x83, 0x48, 0x5C, 0x86, 0x47, 0x50, 0x86, 0xD5, 0x48, 0x70, 0x92, 0xD2, 0x8C
	.byte 0xD2, 0x83, 0x47, 0x40, 0x83, 0x48, 0x5C, 0x86, 0x48, 0x48, 0x86, 0xB4, 0xD2, 0x46, 0x70, 0x8C
	.byte 0xD2, 0x92, 0xD2, 0x83, 0x45, 0x48, 0x83, 0x46, 0x5C, 0x86, 0x45, 0x50, 0x86, 0xD5, 0x46, 0x70
	.byte 0x92, 0xD2, 0x8C, 0xD2, 0x83, 0x45, 0x40, 0x83, 0x46, 0x5C, 0x86, 0x46, 0x48, 0x86, 0xB4, 0xB3
	.byte 0x35, 0x43, 0x8A, 0x08, 0xD2, 0x43, 0x70, 0x8C, 0xD5, 0x41, 0x8C, 0xBD, 0x54, 0x8C, 0xD2, 0x3A
	.byte 0x83, 0x39, 0x83, 0x37, 0x83, 0x36, 0x83, 0xBF, 0x40, 0xEF, 0x35, 0x98, 0xC4, 0x06, 0x98, 0xB3
	.byte 0x5C, 0x43, 0x8A, 0x08, 0xB3, 0x85, 0x43, 0x8A, 0x08, 0xB2, 0x27, 0x43, 0x8A, 0x08, 0xB1, 0xBC
	.byte 0x00, 0xBD, 0x51, 0xC2, 0x2C, 0xCD, 0x08, 0x12, 0x08, 0x10, 0xC1, 0x0C, 0xBF, 0x7F, 0xBE, 0x2C
	.byte 0x8C, 0xB0, 0xB0, 0xB0, 0xAC, 0xD2, 0x3F, 0x70, 0x83, 0x43, 0x83, 0x46, 0x83, 0x4A, 0x83, 0xF3
	.byte 0x4B, 0x70, 0x98, 0xC4, 0x05, 0x9C, 0x00, 0xD2, 0x4A, 0x98, 0x48, 0x8C, 0xB4, 0xD2, 0x8C, 0xD5
	.byte 0x4A, 0x8C, 0xBD, 0x53, 0x8C, 0xD2, 0x41, 0x83, 0x3F, 0x83, 0x3E, 0x83, 0x3C, 0x83, 0xBF, 0x40
	.byte 0xEF, 0x3A, 0x98, 0xC4, 0x06, 0x98, 0xBD, 0x51, 0xC4, 0x00, 0xBF, 0x7F, 0xD2, 0x4B, 0x70, 0x8C
	.byte 0xD2, 0x92, 0xD2, 0x83, 0x4A, 0x48, 0x83, 0x4B, 0x5C, 0x86, 0x4A, 0x50, 0x86, 0xD5, 0x4B, 0x70
	.byte 0x92, 0xD2, 0x8C, 0xD2, 0x83, 0x4A, 0x40, 0x83, 0x4B, 0x5C, 0x86, 0x4B, 0x48, 0x86, 0xB4, 0xD2
	.byte 0x4A, 0x70, 0x8C, 0xD2, 0x92, 0xD2, 0x83, 0x49, 0x48, 0x83, 0x4A, 0x5C, 0x86, 0x49, 0x50, 0x86
	.byte 0xD5, 0x4A, 0x70, 0x92, 0xD2, 0x8C, 0xD2, 0x83, 0x49, 0x40, 0x83, 0x4A, 0x5C, 0x86, 0x4A, 0x48
	.byte 0x86, 0xB4, 0xB3, 0xF8, 0x43, 0x8A, 0x08, 0xD2, 0x48, 0x70, 0x8C, 0xD5, 0x46, 0x8C, 0xBD, 0x53
	.byte 0x8C, 0xD2, 0x41, 0x83, 0x3F, 0x83, 0x3E, 0x83, 0x3C, 0x83, 0xBF, 0x40, 0xEF, 0x3A, 0x98, 0xC4
	.byte 0x06, 0x98, 0xB3, 0x1F, 0x44, 0x8A, 0x08, 0xB3, 0x48, 0x44, 0x8A, 0x08, 0xB2, 0xEA, 0x43, 0x8A
	.byte 0x08, 0xB1, 0xBC, 0x00, 0xBD, 0x00, 0xBF, 0x40, 0xBE, 0x42, 0x8C, 0xD5, 0x24, 0x7F, 0xD5, 0x40
	.byte 0x70, 0x86, 0x24, 0x40, 0xD5, 0x40, 0x4C, 0x86, 0x24, 0x58, 0xD5, 0x3E, 0x70, 0x86, 0x24, 0x3C
	.byte 0x86, 0x24, 0x70, 0x86, 0x24, 0x40, 0xD5, 0x3E, 0x70, 0x86, 0x24, 0x54, 0xD5, 0x40, 0x50, 0x86
	.byte 0x24, 0x40, 0x86, 0x24, 0x7F, 0xD5, 0x40, 0x70, 0x86, 0x24, 0x40, 0x86, 0x24, 0x50, 0xD5, 0x40
	.byte 0x58, 0x86, 0x24, 0x78, 0xD5, 0x40, 0x44, 0x86, 0x24, 0x48, 0xD5, 0x3E, 0x70, 0x86, 0x24, 0x40
	.byte 0xD5, 0x40, 0x70, 0x86, 0x24, 0x7C, 0x86, 0x24, 0x3C, 0xD5, 0x40, 0x4C, 0x86, 0xB4, 0xD5, 0x24
	.byte 0x7F, 0xD5, 0x40, 0x70, 0x86, 0x24, 0x40, 0xD5, 0x40, 0x50, 0x86, 0x24, 0x58, 0xD5, 0x40, 0x70
	.byte 0x86, 0x24, 0x3C, 0x86, 0x24, 0x70, 0xD5, 0x3E, 0x86, 0x24, 0x40, 0xD5, 0x3E, 0x58, 0x86, 0x24
	.byte 0x54, 0xD5, 0x40, 0x70, 0x86, 0x24, 0x40, 0xD5, 0x40, 0x50, 0x86, 0x24, 0x7F, 0xD2, 0x40, 0x70
	.byte 0x83, 0x40, 0x50, 0x83, 0xD5, 0x24, 0x40, 0xD5, 0x40, 0x70, 0x86, 0x24, 0x50, 0xD5, 0x3E, 0x70
	.byte 0x86, 0x24, 0x78, 0xD5, 0x40, 0x58, 0x86, 0x24, 0x48, 0xD2, 0x40, 0x70, 0x83, 0x40, 0x50, 0x83
	.byte 0xD5, 0x24, 0x40, 0xD5, 0x3E, 0x70, 0x86, 0x24, 0x7C, 0xD5, 0x40, 0x58, 0x86, 0x24, 0x3C, 0xD5
	.byte 0x3E, 0x58, 0x86, 0xB4, 0xD5, 0x24, 0x7F, 0xD5, 0x40, 0x70, 0x86, 0x24, 0x40, 0xD5, 0x40, 0x50
	.byte 0x86, 0x24, 0x58, 0xD5, 0x3E, 0x70, 0x86, 0x24, 0x3C, 0x86, 0x24, 0x70, 0xD2, 0x3E, 0x40, 0x83
	.byte 0xD2, 0x83, 0xD5, 0x24, 0xD5, 0x3E, 0x6C, 0x86, 0x24, 0x54, 0xD5, 0x40, 0x58, 0x86, 0x24, 0x40
	.byte 0x86, 0x24, 0x7F, 0xD5, 0x3E, 0x70, 0x86, 0x24, 0x40, 0x86, 0x24, 0x50, 0xD5, 0x40, 0x58, 0x86
	.byte 0x24, 0x78, 0xD5, 0x3E, 0x70, 0x86, 0x24, 0x48, 0xD5, 0x40, 0x70, 0x86, 0x24, 0x40, 0xD5, 0x3E
	.byte 0x70, 0x86, 0x24, 0x7C, 0xD5, 0x40, 0x58, 0x86, 0x24, 0x3C, 0xD5, 0x40, 0x4C, 0x86, 0xB4, 0xD5
	.byte 0x24, 0x7F, 0xD5, 0x40, 0x70, 0x86, 0x24, 0x40, 0xD5, 0x40, 0x50, 0x86, 0x24, 0x58, 0xD5, 0x40
	.byte 0x70, 0x86, 0x24, 0x3C, 0x86, 0x24, 0x70, 0xD5, 0x3E, 0x86, 0x24, 0x40, 0xD5, 0x3E, 0x58, 0x86
	.byte 0x24, 0x54, 0xD5, 0x40, 0x70, 0x86, 0x24, 0x40, 0xD5, 0x40, 0x50, 0x86, 0x24, 0x7F, 0xD2, 0x40
	.byte 0x70, 0x83, 0x40, 0x50, 0x83, 0xD5, 0x24, 0x40, 0xD5, 0x40, 0x70, 0x86, 0x24, 0x50, 0xD5, 0x3E
	.byte 0x70, 0x86, 0x24, 0x78, 0xD5, 0x40, 0x58, 0x86, 0x24, 0x48, 0xD2, 0x40, 0x70, 0x86, 0xD5, 0x24
	.byte 0x40, 0xD2, 0x40, 0x50, 0x86, 0xD5, 0x24, 0x7C, 0xD5, 0x3E, 0x70, 0x86, 0x24, 0x3C, 0xD5, 0x40
	.byte 0x50, 0x86, 0xB4, 0xB3, 0xA4, 0x44, 0x8A, 0x08, 0xB3, 0xF7, 0x44, 0x8A, 0x08, 0xB3, 0x5D, 0x45
	.byte 0x8A, 0x08, 0xB3, 0xB8, 0x45, 0x8A, 0x08, 0xB3, 0xA4, 0x44, 0x8A, 0x08, 0xB3, 0xF7, 0x44, 0x8A
	.byte 0x08, 0xB3, 0x5D, 0x45, 0x8A, 0x08, 0xB3, 0xB8, 0x45, 0x8A, 0x08, 0xB2, 0xA4, 0x44, 0x8A, 0x08
	.byte 0xB1, 0xBC, 0x00, 0xBD, 0x52, 0xC2, 0x2C, 0xCD, 0x08, 0x12, 0x08, 0x10, 0xC1, 0x0C, 0xBE, 0x13
	.byte 0x8C, 0xD2, 0x54, 0x70, 0x86, 0x57, 0x4C, 0x86, 0x52, 0x70, 0x92, 0xD2, 0x86, 0x54, 0x50, 0x8C
	.byte 0x52, 0x70, 0x8C, 0x54, 0x58, 0x86, 0x54, 0x44, 0x86, 0x52, 0x70, 0x86, 0x57, 0x8C, 0x54, 0x4C
	.byte 0x86, 0xB4, 0xD2, 0x54, 0x70, 0x86, 0x53, 0x50, 0x86, 0x56, 0x70, 0x8C, 0x51, 0x86, 0x51, 0x58
	.byte 0x86, 0x53, 0x70, 0x86, 0x53, 0x50, 0x86, 0x5B, 0x70, 0x83, 0x53, 0x50, 0x83, 0x53, 0x70, 0x86
	.byte 0x51, 0x86, 0x53, 0x58, 0x86, 0x53, 0x70, 0x83, 0x53, 0x50, 0x83, 0x51, 0x70, 0x86, 0x53, 0x58
	.byte 0x86, 0x51, 0x86, 0xB4, 0xB3, 0x5A, 0x46, 0x8A, 0x08, 0xB3, 0x7B, 0x46, 0x8A, 0x08, 0xB3, 0x5A
	.byte 0x46, 0x8A, 0x08, 0xB3, 0x7B, 0x46, 0x8A, 0x08, 0xB3, 0x5A, 0x46, 0x8A, 0x08, 0xB3, 0x7B, 0x46
	.byte 0x8A, 0x08, 0xB3, 0x5A, 0x46, 0x8A, 0x08, 0xB3, 0x7B, 0x46, 0x8A, 0x08, 0xB3, 0x5A, 0x46, 0x8A
	.byte 0x08, 0xB3, 0x7B, 0x46, 0x8A, 0x08, 0xB2, 0x5A, 0x46, 0x8A, 0x08, 0xB1, 0x00, 0x00, 0x00, 0x09
	.byte 0x00, 0x00, 0xB2, 0x94, 0x2D, 0x61, 0x08, 0x88, 0x3F, 0x8A, 0x08, 0xEF, 0x3F, 0x8A, 0x08, 0x44
	.byte 0x40, 0x8A, 0x08, 0xC0, 0x40, 0x8A, 0x08, 0x9B, 0x42, 0x8A, 0x08, 0x15, 0x43, 0x8A, 0x08, 0xD8
	.byte 0x43, 0x8A, 0x08, 0x9B, 0x44, 0x8A, 0x08, 0x4A, 0x46, 0x8A, 0x08, 0xBC, 0x00, 0xBB, 0x43, 0xBD
	.byte 0x7F, 0xC2, 0x2C, 0xC1, 0x0C, 0xBF, 0x40, 0xBE, 0x1D, 0xB0, 0xD1, 0x54, 0x70, 0x90, 0xD1, 0x88
	.byte 0xD1, 0x84, 0x54, 0x2C, 0x82, 0xD1, 0x82, 0xD1, 0x82, 0xD1, 0x82, 0xD1, 0x82, 0xD1, 0x82, 0xD1
	.byte 0x82, 0xD1, 0x82, 0xD1, 0x82, 0xD1, 0x82, 0x54, 0x70, 0x88, 0x54, 0x58, 0x88, 0x54, 0x60, 0x84
	.byte 0x54, 0x70, 0x84, 0xD1, 0x84, 0x54, 0x2C, 0x82, 0xD1, 0x82, 0xD1, 0x82, 0xD1, 0x82, 0xD1, 0x82
	.byte 0xD1, 0x82, 0xD1, 0x82, 0xD1, 0x82, 0xD1, 0x82, 0xD1, 0x82, 0xB4, 0xD1, 0x54, 0x70, 0x98, 0xD1
	.byte 0xA8, 0xB4, 0xB3, 0x23, 0x47, 0x8A, 0x08, 0xD1, 0x54, 0x70, 0x98, 0xD1, 0x98, 0xBD, 0x7E, 0xBE
	.byte 0x05, 0xEF, 0x5B, 0x85, 0xBE, 0x08, 0x8B, 0x0B, 0x81, 0x0E, 0x83, 0x11, 0x81, 0x13, 0x83, 0x16
	.byte 0x81, 0x17, 0x83, 0x1A, 0x81, 0x1C, 0x83, 0x20, 0x81, 0x22, 0x83, 0x26, 0x81, 0x28, 0x83, 0x31
	.byte 0x81, 0x36, 0x83, 0x3E, 0x81, 0x41, 0x83, 0xBD, 0x7F, 0xBE, 0x26, 0xD1, 0x56, 0x70, 0x82, 0xBE
	.byte 0x1D, 0x86, 0xD1, 0x56, 0x40, 0x88, 0xD1, 0x88, 0x56, 0x70, 0x88, 0x56, 0x40, 0x88, 0xD1, 0x88
	.byte 0x56, 0x70, 0x88, 0x56, 0x40, 0x88, 0xD1, 0x88, 0x56, 0x70, 0x88, 0x56, 0x40, 0x88, 0xD1, 0x88
	.byte 0xD1, 0x56, 0x70, 0x88, 0x56, 0x40, 0x88, 0xD1, 0x88, 0x56, 0x70, 0x88, 0x56, 0x40, 0x88, 0xD1
	.byte 0x88, 0x56, 0x70, 0x88, 0x56, 0x4C, 0x84, 0xD1, 0x84, 0x56, 0x70, 0x88, 0xD1, 0x88, 0x56, 0x40
	.byte 0x88, 0xD1, 0x88, 0xB4, 0xD1, 0x56, 0x70, 0x88, 0x56, 0x40, 0x88, 0xD1, 0x88, 0x56, 0x70, 0x88
	.byte 0x56, 0x40, 0x88, 0xD1, 0x88, 0x56, 0x70, 0x88, 0x56, 0x40, 0x88, 0xD1, 0x88, 0x56, 0x70, 0x88
	.byte 0x56, 0x40, 0x88, 0xD1, 0x88, 0xB4, 0xB3, 0xC9, 0x47, 0x8A, 0x08, 0xB3, 0xED, 0x47, 0x8A, 0x08
	.byte 0xB3, 0xC9, 0x47, 0x8A, 0x08, 0xB3, 0xED, 0x47, 0x8A, 0x08, 0xB3, 0xC9, 0x47, 0x8A, 0x08, 0xB0
	.byte 0xB0, 0xB0, 0xB0, 0xB0, 0xB3, 0xC9, 0x47, 0x8A, 0x08, 0xB3, 0xC9, 0x47, 0x8A, 0x08, 0xB3, 0xC9
	.byte 0x47, 0x8A, 0x08, 0xB3, 0xC9, 0x47, 0x8A, 0x08, 0xB3, 0xC9, 0x47, 0x8A, 0x08, 0xB3, 0xC9, 0x47
	.byte 0x8A, 0x08, 0xB3, 0xC9, 0x47, 0x8A, 0x08, 0xB3, 0xC9, 0x47, 0x8A, 0x08, 0xB3, 0x23, 0x47, 0x8A
	.byte 0x08, 0xB3, 0x64, 0x47, 0x8A, 0x08, 0xB3, 0x23, 0x47, 0x8A, 0x08, 0xB3, 0x64, 0x47, 0x8A, 0x08
	.byte 0xB2, 0xA0, 0x47, 0x8A, 0x08, 0xB1, 0xBC, 0x00, 0xBD, 0x38, 0xC2, 0x2C, 0xC1, 0x0C, 0xBE, 0x08
	.byte 0xBF, 0x20, 0xEF, 0x4B, 0x6C, 0x85, 0xBE, 0x09, 0x88, 0x0C, 0x8B, 0x0D, 0x88, 0x10, 0x81, 0x11
	.byte 0x83, 0x13, 0x81, 0x16, 0x83, 0x17, 0x81, 0x1A, 0x83, 0x1B, 0x84, 0x1C, 0xEF, 0x4C, 0x70, 0x81
	.byte 0xBE, 0x1F, 0x83, 0x20, 0x81, 0x23, 0x83, 0x26, 0x81, 0x29, 0x83, 0x2A, 0x81, 0x2D, 0x83, 0x2E
	.byte 0x81, 0x2F, 0x83, 0x35, 0x88, 0x37, 0x81, 0x38, 0x83, 0x39, 0x81, 0x3B, 0x83, 0x3C, 0x84, 0x3F
	.byte 0x85, 0x42, 0x83, 0x3F, 0xD7, 0x4D, 0xA0, 0xD7, 0xA0, 0xD7, 0x98, 0xD7, 0x98, 0xBE, 0x44, 0xD3
	.byte 0x4B, 0x88, 0xD1, 0x88, 0xD1, 0x88, 0xD3, 0x88, 0xD1, 0x88, 0xD3, 0x4C, 0x88, 0xBE, 0x45, 0xD7
	.byte 0x4D, 0xA0, 0xD7, 0xA0, 0xBE, 0x2E, 0xD7, 0x98, 0xD7, 0x98, 0xBD, 0x30, 0xD3, 0x31, 0x6C, 0x84
	.byte 0x32, 0x84, 0x33, 0x84, 0x34, 0x84, 0x35, 0x84, 0x36, 0x84, 0x37, 0x84, 0x38, 0x84, 0x39, 0x84
	.byte 0x3A, 0x84, 0x3B, 0x84, 0x3C, 0x84, 0xBD, 0x54, 0xBF, 0x40, 0xBE, 0x3E, 0xC0, 0x42, 0xD3, 0x25
	.byte 0x6C, 0x88, 0x27, 0x48, 0x88, 0x28, 0x88, 0x27, 0x70, 0x88, 0x25, 0x48, 0x88, 0x24, 0x88, 0x25
	.byte 0x70, 0x88, 0x27, 0x48, 0x88, 0x28, 0x88, 0x25, 0x70, 0x88, 0x27, 0x48, 0x88, 0x28, 0x88, 0xD3
	.byte 0x26, 0x70, 0x88, 0x28, 0x48, 0x88, 0x2A, 0x88, 0x28, 0x70, 0x88, 0x26, 0x48, 0x88, 0x25, 0x88
	.byte 0x26, 0x70, 0x88, 0x28, 0x48, 0x88, 0x2A, 0x88, 0x28, 0x70, 0x88, 0x26, 0x48, 0x88, 0x25, 0x88
	.byte 0xB4, 0x25, 0x70, 0x88, 0x27, 0x48, 0x88, 0x28, 0x88, 0x25, 0x70, 0x88, 0x27, 0x48, 0x88, 0x28
	.byte 0x88, 0x25, 0x70, 0x88, 0x27, 0x48, 0x88, 0x28, 0x88, 0x27, 0x70, 0x88, 0x25, 0x48, 0x88, 0x24
	.byte 0x88, 0xB3, 0x28, 0x49, 0x8A, 0x08, 0xD3, 0x25, 0x70, 0x88, 0x27, 0x48, 0x88, 0x28, 0x88, 0x27
	.byte 0x70, 0x88, 0x25, 0x48, 0x88, 0x24, 0x88, 0x25, 0x70, 0x88, 0x27, 0x48, 0x88, 0x28, 0x88, 0x25
	.byte 0x70, 0x88, 0x27, 0x48, 0x88, 0x28, 0x88, 0xB4, 0xB3, 0x28, 0x49, 0x8A, 0x08, 0xB3, 0x6F, 0x49
	.byte 0x8A, 0x08, 0xD3, 0x26, 0x70, 0x88, 0x28, 0x48, 0x88, 0x2A, 0x88, 0x28, 0x70, 0x88, 0x26, 0x48
	.byte 0x88, 0x25, 0x88, 0x26, 0x70, 0x88, 0x28, 0x48, 0x88, 0x2A, 0x88, 0x2C, 0x70, 0x98, 0xC0, 0x40
	.byte 0xB0, 0xA0, 0xBD, 0x38, 0xBF, 0x14, 0xBE, 0x43, 0xD1, 0x4F, 0x88, 0xD1, 0x84, 0x4E, 0x84, 0xD3
	.byte 0x4F, 0x88, 0xD3, 0x88, 0xD3, 0x88, 0xD3, 0x88, 0xBD, 0x01, 0xBF, 0x20, 0xBE, 0x3D, 0xB0, 0xB0
	.byte 0xB0, 0xB0, 0xB0, 0xB0, 0xBD, 0x2D, 0xB0, 0xB0, 0xB0, 0xB0, 0xB0, 0x38, 0xBF, 0x2B, 0xBE, 0x39
	.byte 0xD7, 0x5C, 0x88, 0xD3, 0x5B, 0x34, 0x84, 0x5A, 0x9C, 0xD7, 0x50, 0x70, 0xA0, 0xD7, 0x98, 0xD7
	.byte 0x98, 0xD3, 0x4E, 0x88, 0xD1, 0x88, 0xD1, 0x88, 0xD3, 0x88, 0xD1, 0x88, 0xD3, 0x4F, 0x88, 0xBD
	.byte 0x30, 0xD7, 0x50, 0xA0, 0xD7, 0xA0, 0xBD, 0x30, 0xD7, 0x98, 0xD7, 0x98, 0xD3, 0x34, 0x6C, 0x84
	.byte 0x35, 0x84, 0x36, 0x84, 0x37, 0x84, 0x38, 0x84, 0x39, 0x84, 0x3A, 0x84, 0x3B, 0x84, 0x3C, 0x84
	.byte 0x3D, 0x84, 0x3E, 0x84, 0x3F, 0x84, 0xB2, 0xFF, 0x48, 0x8A, 0x08, 0xB1, 0xBC, 0x00, 0xBD, 0x3C
	.byte 0xC1, 0x0C, 0xC2, 0x2C, 0xC1, 0x0C, 0xC2, 0x2C, 0xBE, 0x08, 0xBF, 0x34, 0xEF, 0x37, 0x70, 0x85
	.byte 0xBE, 0x09, 0x88, 0x0C, 0x8B, 0x0D, 0x88, 0x10, 0x81, 0x11, 0x83, 0x13, 0x81, 0x16, 0x83, 0x17
	.byte 0x81, 0x1A, 0x83, 0x1B, 0x84, 0x1C, 0xEF, 0x36, 0x81, 0xBE, 0x1F, 0x83, 0x20, 0x81, 0x23, 0x83
	.byte 0x26, 0x81, 0x29, 0x83, 0x2A, 0x81, 0x2D, 0x83, 0x2E, 0x81, 0x2F, 0x83, 0x35, 0x88, 0x37, 0x81
	.byte 0x38, 0x83, 0x39, 0x81, 0x3B, 0x83, 0x3C, 0x84, 0x3F, 0x85, 0x42, 0x83, 0xB0, 0xC0, 0x40, 0xA0
	.byte 0xBF, 0x2A, 0xD3, 0x41, 0x88, 0x3C, 0x88, 0x41, 0x88, 0xE7, 0x47, 0x90, 0xC0, 0x45, 0x88, 0xBF
	.byte 0x47, 0xC0, 0x40, 0xB0, 0xBD, 0x2F, 0xA0, 0x0E, 0xEF, 0x44, 0xA0, 0xBD, 0x3C, 0xBF, 0x40, 0xBE
	.byte 0x4C, 0xEB, 0x3D, 0x6C, 0x98, 0xC4, 0x08, 0x8C, 0x00, 0x84, 0xD3, 0x40, 0x70, 0x88, 0xEF, 0x44
	.byte 0x98, 0xC4, 0x07, 0x98, 0x00, 0xEB, 0x3E, 0x98, 0xC4, 0x07, 0x90, 0x00, 0xD3, 0x42, 0x88, 0xE3
	.byte 0x47, 0x94, 0xD1, 0x45, 0x82, 0x47, 0x82, 0xDF, 0x45, 0x90, 0xD3, 0x42, 0x88, 0xFF, 0x44, 0xA0
	.byte 0xC4, 0x06, 0xA0, 0xBD, 0x38, 0xC4, 0x00, 0xBE, 0x43, 0xBF, 0x6A, 0xD3, 0x3E, 0x88, 0x39, 0x88
	.byte 0x3E, 0x88, 0x42, 0x88, 0x3E, 0x88, 0x42, 0x88, 0x45, 0x88, 0xD1, 0x84, 0x45, 0x58, 0x84, 0xD3
	.byte 0x45, 0x70, 0x88, 0xD3, 0x88, 0x42, 0x88, 0x4A, 0x88, 0xBD, 0x3C, 0xBF, 0x40, 0xBE, 0x4C, 0xD3
	.byte 0x49, 0x90, 0x4C, 0x88, 0xEC, 0x50, 0x98, 0xC4, 0x06, 0x90, 0xD3, 0x4F, 0x84, 0x4E, 0x84, 0xE7
	.byte 0x4C, 0x98, 0xC4, 0x00, 0xD3, 0x4A, 0x90, 0x4E, 0x88, 0xDF, 0x51, 0x90, 0xD3, 0x50, 0x84, 0x51
	.byte 0x84, 0xE7, 0x4E, 0x98, 0xD3, 0x53, 0x88, 0x51, 0x88, 0x4E, 0x88, 0xEC, 0x50, 0x9D, 0xD3, 0x4E
	.byte 0x84, 0x50, 0x84, 0xC4, 0x06, 0xEC, 0x4C, 0x9D, 0xD7, 0x50, 0x88, 0xC4, 0x00, 0xEC, 0x4E, 0x9D
	.byte 0xD3, 0x4A, 0x84, 0x4E, 0x84, 0xE7, 0x53, 0x98, 0x51, 0x98, 0xBD, 0x30, 0xBE, 0x3B, 0xBF, 0x40
	.byte 0x98, 0xE7, 0x58, 0x98, 0x57, 0x98, 0x54, 0x98, 0x55, 0x98, 0x4F, 0x98, 0x52, 0x98, 0x54, 0x98
	.byte 0x98, 0xD7, 0x58, 0x88, 0x55, 0x88, 0x50, 0x88, 0x57, 0x88, 0x54, 0x88, 0x4F, 0x88, 0x56, 0x88
	.byte 0x53, 0x88, 0x4E, 0x88, 0xE7, 0x58, 0x98, 0x55, 0x98, 0x58, 0x98, 0x5B, 0x98, 0xBD, 0x38, 0xBE
	.byte 0x43, 0xBF, 0x5F, 0xD5, 0x5C, 0x98, 0x50, 0x98, 0xD1, 0x88, 0xD1, 0x84, 0x4F, 0x84, 0xD3, 0x50
	.byte 0x88, 0xD3, 0x88, 0x52, 0x88, 0x54, 0x88, 0xBD, 0x49, 0xBF, 0x40, 0xBE, 0x4C, 0xEC, 0x49, 0x98
	.byte 0xC4, 0x06, 0xBE, 0x48, 0x84, 0x45, 0x84, 0x43, 0x84, 0x40, 0x84, 0xC4, 0x00, 0xBE, 0x4C, 0xD3
	.byte 0x4C, 0x88, 0xEF, 0x50, 0x98, 0xC4, 0x07, 0xBE, 0x47, 0x84, 0x45, 0x84, 0x43, 0x84, 0x42, 0x84
	.byte 0x3E, 0x84, 0x3C, 0x84, 0xC4, 0x00, 0xBE, 0x4C, 0xEC, 0x4B, 0x98, 0xC4, 0x07, 0xBE, 0x47, 0x84
	.byte 0x46, 0x84, 0x43, 0x84, 0x3F, 0x84, 0xC4, 0x00, 0xBE, 0x4C, 0xD3, 0x4E, 0x88, 0xE7, 0x53, 0x98
	.byte 0xD3, 0x51, 0x90, 0x4E, 0x88, 0xFF, 0x50, 0xA0, 0xC4, 0x07, 0xBE, 0x48, 0x84, 0x46, 0x84, 0x43
	.byte 0x84, 0x41, 0x84, 0x3E, 0x84, 0x3D, 0x84, 0x3A, 0x84, 0x39, 0x84, 0x37, 0x84, 0x34, 0x84, 0x32
	.byte 0x84, 0x32, 0x84, 0xBD, 0x3C, 0xC4, 0x00, 0xBE, 0x40, 0xD3, 0x51, 0x90, 0x4C, 0x88, 0xE7, 0x51
	.byte 0x98, 0x53, 0x98, 0xC4, 0x07, 0xD7, 0x57, 0x88, 0xD1, 0x56, 0x40, 0x82, 0x55, 0x82, 0x54, 0x82
	.byte 0x53, 0x82, 0xD7, 0x48, 0x70, 0x88, 0xBD, 0x49, 0xC4, 0x00, 0xBE, 0x4C, 0xD7, 0x49, 0x88, 0x48
	.byte 0x88, 0x49, 0x88, 0xD3, 0x4C, 0x90, 0x4E, 0x88, 0xEF, 0x50, 0x98, 0xC4, 0x08, 0x84, 0xBE, 0x49
	.byte 0x84, 0x46, 0x84, 0x43, 0x84, 0x40, 0x84, 0x3E, 0x84, 0xC4, 0x00, 0xBE, 0x4C, 0xD7, 0x4B, 0x88
	.byte 0x4A, 0x88, 0x4B, 0x88, 0xD3, 0x4E, 0x90, 0x50, 0x88, 0xE7, 0x53, 0x98, 0xD3, 0x51, 0x90, 0x4E
	.byte 0x88, 0xD7, 0x50, 0x88, 0x4F, 0x88, 0xFA, 0x50, 0x9B, 0xC4, 0x0C, 0xBE, 0x47, 0x84, 0x46, 0x84
	.byte 0x44, 0x84, 0x43, 0x84, 0x41, 0x84, 0x3F, 0x84, 0x3E, 0x84, 0x3D, 0x84, 0x3B, 0x84, 0x3A, 0x84
	.byte 0x39, 0x84, 0x38, 0x84, 0xBD, 0x3C, 0xC4, 0x00, 0xBE, 0x40, 0xD3, 0x51, 0x88, 0x50, 0x88, 0x51
	.byte 0x88, 0xD3, 0x90, 0x52, 0x88, 0x53, 0x88, 0x52, 0x88, 0x53, 0x88, 0x55, 0x88, 0x57, 0x88, 0x5A
	.byte 0x88, 0xBE, 0x47, 0xB0, 0xA0, 0xD3, 0x44, 0x88, 0x3F, 0x88, 0x44, 0x88, 0xDF, 0x4A, 0x90, 0xD3
	.byte 0x4B, 0x88, 0xB0, 0xB0, 0xB2, 0xA4, 0x4A, 0x8A, 0x08, 0xB1, 0xBC, 0x00, 0xBD, 0x30, 0xC2, 0x2C
	.byte 0xC1, 0x0C, 0xBE, 0x1A, 0xBF, 0x50, 0xEF, 0x57, 0x58, 0x95, 0xBE, 0x1B, 0x88, 0x1C, 0x83, 0x1F
	.byte 0x84, 0x20, 0x81, 0x23, 0x83, 0x25, 0x85, 0x29, 0x83, 0xEF, 0x58, 0x81, 0xBE, 0x2A, 0x83, 0x2D
	.byte 0x85, 0x2F, 0x83, 0x31, 0x81, 0x32, 0x83, 0x38, 0x81, 0x39, 0x83, 0x3F, 0x81, 0x42, 0x83, 0x45
	.byte 0x81, 0x47, 0x83, 0x4B, 0x81, 0x4C, 0x93, 0xBD, 0x0E, 0xBE, 0x43, 0xEF, 0x4D, 0x70, 0xA0, 0xEF
	.byte 0xA0, 0xB4, 0xBE, 0x43, 0xBF, 0x5D, 0xE7, 0x98, 0xE7, 0x98, 0xBD, 0x38, 0xBE, 0x45, 0xD3, 0x3C
	.byte 0x88, 0x35, 0x88, 0x3C, 0x88, 0xDF, 0x3F, 0x90, 0xD3, 0x40, 0x88, 0xB3, 0x00, 0x4D, 0x8A, 0x08
	.byte 0xBE, 0x43, 0xE7, 0x4D, 0x70, 0x98, 0xE7, 0x98, 0xBD, 0x30, 0xBE, 0x2F, 0xD3, 0x50, 0x6C, 0x84
	.byte 0x4F, 0x84, 0x4E, 0x84, 0x4D, 0x84, 0x4C, 0x84, 0x4B, 0x84, 0x4A, 0x84, 0x49, 0x84, 0x48, 0x84
	.byte 0x47, 0x84, 0x46, 0x84, 0x45, 0x84, 0xBD, 0x3C, 0xBF, 0x20, 0xBE, 0x2F, 0xD3, 0x34, 0x6C, 0x90
	.byte 0x31, 0x70, 0x88, 0xE7, 0x38, 0x98, 0xBF, 0x50, 0xD3, 0x3D, 0x90, 0x38, 0x88, 0xE7, 0x40, 0x98
	.byte 0xBF, 0x1F, 0xD3, 0x32, 0x90, 0x2D, 0x88, 0xE7, 0x36, 0x98, 0xBF, 0x60, 0xD3, 0x39, 0x90, 0x36
	.byte 0x88, 0xE7, 0x3E, 0x98, 0xBF, 0x1E, 0xD3, 0x38, 0x88, 0x39, 0x88, 0x3B, 0x88, 0x39, 0x88, 0x38
	.byte 0x88, 0x36, 0x88, 0x31, 0x88, 0x33, 0x88, 0x34, 0x88, 0xE7, 0x38, 0x98, 0xBD, 0x38, 0xBF, 0x5F
	.byte 0xBE, 0x3A, 0xD3, 0x36, 0x88, 0x32, 0x88, 0x36, 0x88, 0x39, 0x88, 0x36, 0x88, 0x39, 0x88, 0x3E
	.byte 0x88, 0xD1, 0x84, 0x3E, 0x58, 0x84, 0xD3, 0x3E, 0x70, 0x88, 0xD3, 0x88, 0x39, 0x88, 0x42, 0x88
	.byte 0xBD, 0x30, 0xBF, 0x68, 0xBE, 0x22, 0xD3, 0x44, 0x90, 0x40, 0x88, 0xF7, 0x49, 0x98, 0xBE, 0x20
	.byte 0x84, 0x1F, 0x84, 0x1D, 0x84, 0x1C, 0x84, 0x1A, 0x84, 0x19, 0x84, 0x17, 0x84, 0x15, 0x84, 0x14
	.byte 0x84, 0x13, 0x84, 0x12, 0x84, 0x10, 0x84, 0x22, 0xD3, 0x45, 0x90, 0x42, 0x88, 0xDF, 0x4A, 0x90
	.byte 0xD3, 0x49, 0x84, 0x4A, 0x84, 0xE7, 0x45, 0x98, 0xD3, 0x47, 0x88, 0x49, 0x88, 0x4A, 0x88, 0xEC
	.byte 0x4C, 0x9D, 0xD3, 0x4B, 0x84, 0x4C, 0x84, 0xEC, 0x49, 0x9D, 0xD7, 0x4C, 0x88, 0xEC, 0x4E, 0x9D
	.byte 0xD3, 0x4A, 0x84, 0x4E, 0x84, 0xE7, 0x47, 0x98, 0x4A, 0x98, 0xBD, 0x38, 0xBE, 0x2B, 0xBF, 0x20
	.byte 0x98, 0xE7, 0x4F, 0x98, 0x4E, 0x98, 0x4B, 0x98, 0x4F, 0x98, 0x46, 0x98, 0x49, 0x98, 0x4C, 0x98
	.byte 0x98, 0xD7, 0x50, 0x88, 0x4C, 0x88, 0x49, 0x88, 0x4F, 0x88, 0x4B, 0x88, 0x48, 0x88, 0x4E, 0x88
	.byte 0x4A, 0x88, 0x47, 0x88, 0xE7, 0x49, 0x98, 0x46, 0x98, 0x4F, 0x98, 0xE5, 0x52, 0x98, 0xBE, 0x37
	.byte 0xBF, 0x50, 0xD5, 0x54, 0x98, 0x48, 0x98, 0xD1, 0x88, 0xD1, 0x84, 0x47, 0x84, 0xD3, 0x48, 0x88
	.byte 0xD3, 0x88, 0x49, 0x88, 0x4B, 0x88, 0xBD, 0x30, 0xBE, 0x2D, 0xBF, 0x60, 0xE7, 0x44, 0x98, 0xD3
	.byte 0x43, 0x88, 0x40, 0x88, 0x3D, 0x88, 0xEF, 0x40, 0xA0, 0xE7, 0x42, 0x98, 0xD3, 0x3F, 0x88, 0x3D
	.byte 0x88, 0x3B, 0x88, 0xE7, 0x36, 0x98, 0xD3, 0x3B, 0x8A, 0x3F, 0x86, 0x42, 0x88, 0xDF, 0x44, 0x90
	.byte 0xD3, 0x43, 0x88, 0xE7, 0x40, 0x98, 0x3F, 0x98, 0x3D, 0x98, 0xBD, 0x3C, 0xD3, 0x49, 0x90, 0x45
	.byte 0x88, 0xE7, 0x49, 0x98, 0x4B, 0x98, 0xD7, 0x4E, 0x88, 0xD1, 0x4D, 0x40, 0x82, 0x4C, 0x82, 0x4B
	.byte 0x82, 0x4A, 0x82, 0xD7, 0x3F, 0x70, 0x88, 0xBD, 0x3C, 0xD7, 0x40, 0x88, 0x3F, 0x88, 0x40, 0x88
	.byte 0xD3, 0x44, 0x90, 0x48, 0x88, 0xE7, 0x49, 0x98, 0x44, 0x98, 0xD7, 0x42, 0x88, 0x41, 0x88, 0x42
	.byte 0x88, 0xD3, 0x47, 0x90, 0x4B, 0x88, 0xE7, 0x4E, 0x98, 0xD3, 0x4C, 0x90, 0x47, 0x88, 0xD7, 0x49
	.byte 0x88, 0x48, 0x88, 0xEA, 0x49, 0x9B, 0xE7, 0x4C, 0x98, 0xDF, 0x4E, 0x90, 0xD7, 0x4C, 0x88, 0xD3
	.byte 0x49, 0x88, 0x48, 0x88, 0x49, 0x88, 0xD3, 0x90, 0x4A, 0x88, 0x4B, 0x88, 0x4A, 0x88, 0x4B, 0x88
	.byte 0x4E, 0x88, 0x50, 0x88, 0x52, 0x88, 0xBD, 0x0E, 0xEF, 0x50, 0xA0, 0xEF, 0xA0, 0xE7, 0x98, 0xE7
	.byte 0x98, 0xBD, 0x38, 0xBE, 0x3D, 0xBF, 0x72, 0xD3, 0x3F, 0x88, 0x38, 0x88, 0x3F, 0x88, 0xDF, 0x42
	.byte 0x90, 0xD3, 0x43, 0x88, 0xBD, 0x30, 0xBE, 0x39, 0xD7, 0x44, 0xA0, 0xD7, 0xA0, 0xBE, 0x2E, 0xBF
	.byte 0x72, 0xD5, 0x98, 0xD5, 0x98, 0xBD, 0x30, 0xBF, 0x5E, 0xD3, 0x53, 0x6C, 0x84, 0x52, 0x84, 0x51
	.byte 0x84, 0x50, 0x84, 0x4F, 0x84, 0x4E, 0x84, 0x4D, 0x84, 0x4C, 0x84, 0x4B, 0x84, 0x4A, 0x84, 0x49
	.byte 0x84, 0x48, 0x84, 0xB2, 0x4F, 0x4D, 0x8A, 0x08, 0xB1, 0xBC, 0x00, 0xBD, 0x30, 0xC2, 0x2C, 0xC1
	.byte 0x0C, 0xBE, 0x38, 0xBF, 0x40, 0xEF, 0x3F, 0x70, 0x87, 0xBE, 0x0C, 0x8B, 0x0D, 0x88, 0x10, 0x81
	.byte 0x10, 0x82, 0x10, 0x83, 0x11, 0x84, 0x12, 0x82, 0x15, 0x83, 0x16, 0x83, 0x17, 0x84, 0x19, 0xEF
	.byte 0x40, 0x82, 0xBE, 0x1A, 0x83, 0x1C, 0x83, 0x1D, 0x84, 0x1F, 0x82, 0x21, 0x83, 0x22, 0x83, 0x24
	.byte 0x84, 0x29, 0x82, 0x2A, 0x86, 0x2C, 0x84, 0x2E, 0x82, 0x2F, 0x83, 0x32, 0x83, 0x32, 0xD1, 0x35
	.byte 0x82, 0xD1, 0x81, 0xBE, 0x09, 0x81, 0xBD, 0x2F, 0xBE, 0x3F, 0xE7, 0x29, 0xA0, 0xE7, 0x9F, 0xD1
	.byte 0x35, 0x82, 0xD1, 0x82, 0xE3, 0x29, 0x98, 0xE7, 0x98, 0xD3, 0x38, 0x88, 0x35, 0x88, 0x38, 0x88
	.byte 0xDF, 0x2F, 0x90, 0xD3, 0x30, 0x88, 0xE7, 0x29, 0xA0, 0xE7, 0x9F, 0xD1, 0x35, 0x82, 0xD1, 0x82
	.byte 0xE7, 0x29, 0x98, 0xE7, 0x98, 0xBD, 0x30, 0xBE, 0x2E, 0xE7, 0x44, 0x98, 0xBE, 0x2A, 0xD3, 0x47
	.byte 0x84, 0x46, 0x84, 0x45, 0x84, 0x44, 0x84, 0x43, 0x84, 0x42, 0x84, 0xBD, 0x01, 0xBF, 0x30, 0xBE
	.byte 0x38, 0xD1, 0x31, 0x6C, 0x88, 0x33, 0x48, 0x88, 0x34, 0x88, 0xBF, 0x50, 0xD1, 0x33, 0x70, 0x88
	.byte 0x31, 0x48, 0x88, 0x30, 0x88, 0xBF, 0x30, 0xD1, 0x31, 0x70, 0x88, 0x33, 0x48, 0x88, 0x34, 0x88
	.byte 0xBF, 0x50, 0xD1, 0x31, 0x70, 0x88, 0x33, 0x48, 0x88, 0x34, 0x88, 0xBF, 0x30, 0xD1, 0x32, 0x70
	.byte 0x88, 0x34, 0x48, 0x88, 0x36, 0x88, 0xBF, 0x50, 0xD1, 0x34, 0x70, 0x88, 0x32, 0x48, 0x88, 0x31
	.byte 0x88, 0xBF, 0x30, 0xD1, 0x32, 0x70, 0x88, 0x34, 0x48, 0x88, 0x36, 0x88, 0xBF, 0x50, 0xD1, 0x34
	.byte 0x70, 0x88, 0x32, 0x48, 0x88, 0x31, 0x88, 0xB4, 0xBF, 0x30, 0xD1, 0x31, 0x70, 0x88, 0x33, 0x48
	.byte 0x88, 0x34, 0x88, 0xBF, 0x50, 0xD1, 0x31, 0x70, 0x88, 0x33, 0x48, 0x88, 0x34, 0x88, 0xBF, 0x30
	.byte 0xD1, 0x31, 0x70, 0x88, 0x33, 0x48, 0x88, 0x34, 0x88, 0xBF, 0x50, 0xD1, 0x33, 0x70, 0x88, 0x31
	.byte 0x48, 0x88, 0x30, 0x88, 0xB3, 0x14, 0x50, 0x8A, 0x08, 0xBF, 0x30, 0xD1, 0x31, 0x70, 0x88, 0x33
	.byte 0x48, 0x88, 0x34, 0x88, 0xBF, 0x50, 0xD1, 0x33, 0x70, 0x88, 0x31, 0x48, 0x88, 0x30, 0x88, 0xBF
	.byte 0x30, 0xD1, 0x31, 0x70, 0x88, 0x33, 0x48, 0x88, 0x34, 0x88, 0xBF, 0x50, 0xD1, 0x31, 0x70, 0x88
	.byte 0x33, 0x48, 0x88, 0x34, 0x88, 0xB4, 0xB3, 0x14, 0x50, 0x8A, 0x08, 0xB3, 0x72, 0x50, 0x8A, 0x08
	.byte 0xBF, 0x30, 0xD1, 0x32, 0x70, 0x88, 0x34, 0x48, 0x88, 0x36, 0x88, 0xBF, 0x50, 0xD1, 0x34, 0x70
	.byte 0x88, 0x32, 0x48, 0x88, 0x31, 0x88, 0xBF, 0x30, 0xD1, 0x32, 0x70, 0x88, 0x34, 0x48, 0x88, 0x36
	.byte 0x88, 0xBD, 0x2F, 0xBE, 0x4C, 0xBF, 0x40, 0xDB, 0x2C, 0x70, 0x8C, 0xD3, 0x31, 0x84, 0xD3, 0x84
	.byte 0xD3, 0x84, 0xFB, 0x98, 0xBE, 0x4A, 0x83, 0x47, 0x84, 0x44, 0x88, 0x41, 0x84, 0x40, 0x84, 0x3D
	.byte 0x88, 0x3A, 0x84, 0x38, 0x88, 0x36, 0x84, 0x33, 0x84, 0x31, 0x84, 0x2E, 0x84, 0x2A, 0x81, 0x4C
	.byte 0xD3, 0x84, 0xD3, 0x84, 0xD3, 0x84, 0xF7, 0x2B, 0x98, 0xBE, 0x4A, 0x83, 0x45, 0x84, 0x42, 0x84
	.byte 0x40, 0x84, 0x3D, 0x84, 0x3B, 0x84, 0x38, 0x84, 0x36, 0x84, 0x32, 0x84, 0x2C, 0x81, 0x2F, 0x83
	.byte 0x2B, 0x81, 0x2E, 0x84, 0x2B, 0x84, 0x4C, 0xD3, 0x37, 0x3C, 0x88, 0x37, 0x4C, 0x88, 0x37, 0x70
	.byte 0x88, 0xFB, 0x31, 0x98, 0xBE, 0x47, 0x83, 0x45, 0x84, 0x43, 0x84, 0x41, 0x84, 0x40, 0x84, 0x3E
	.byte 0x84, 0x3C, 0x84, 0x39, 0x84, 0x37, 0x84, 0x34, 0x84, 0x32, 0x84, 0x2F, 0x84, 0x2C, 0x84, 0x2A
	.byte 0x84, 0x29, 0x85, 0x4C, 0xD3, 0x84, 0xD3, 0x84, 0xD3, 0x84, 0xF7, 0x2B, 0x98, 0xBE, 0x49, 0x83
	.byte 0x45, 0x84, 0x41, 0x84, 0x40, 0x84, 0x3D, 0x84, 0x39, 0x84, 0x37, 0x84, 0x34, 0x84, 0x32, 0x84
	.byte 0x2F, 0x84, 0x2D, 0x84, 0x2C, 0x84, 0x2A, 0x81, 0x4C, 0xD3, 0x37, 0x40, 0x88, 0x37, 0x50, 0x88
	.byte 0x37, 0x70, 0x88, 0xDF, 0x38, 0x98, 0x2C, 0x98, 0xD1, 0x88, 0xD1, 0x84, 0x2B, 0x84, 0xD7, 0x2C
	.byte 0x90, 0xDF, 0x2C, 0x7F, 0x90, 0xD3, 0x31, 0x70, 0x90, 0x2C, 0x88, 0x31, 0x9D, 0x2C, 0x58, 0x90
	.byte 0xDF, 0x2C, 0x70, 0x90, 0xB4, 0xD3, 0x2F, 0x70, 0x90, 0x2A, 0x88, 0x2F, 0x98, 0x2A, 0x90, 0x2A
	.byte 0x54, 0x90, 0xDF, 0x2A, 0x70, 0x90, 0xB4, 0xD3, 0x2E, 0x90, 0x2A, 0x88, 0x2E, 0x98, 0x2A, 0x90
	.byte 0x2A, 0x54, 0x88, 0x2A, 0x70, 0x90, 0x2E, 0x88, 0x2D, 0x90, 0x28, 0x88, 0x2D, 0x9D, 0x2A, 0x88
	.byte 0xDF, 0x98, 0xB3, 0x8E, 0x51, 0x8A, 0x08, 0xB3, 0x9E, 0x51, 0x8A, 0x08, 0xD3, 0x2E, 0x70, 0x98
	.byte 0xD3, 0x98, 0xDF, 0x2A, 0x98, 0xDF, 0x98, 0xD3, 0x2D, 0x90, 0x28, 0x88, 0x2D, 0x9D, 0x2A, 0x84
	.byte 0xD3, 0x8C, 0xDB, 0x2F, 0x7C, 0x90, 0xBD, 0x2F, 0xE7, 0x2C, 0x70, 0xA0, 0xE7, 0x9F, 0xD1, 0x38
	.byte 0x82, 0xD1, 0x82, 0xE3, 0x2C, 0x98, 0xE7, 0x98, 0xD3, 0x3B, 0x88, 0x38, 0x88, 0x3B, 0x88, 0xDF
	.byte 0x32, 0x90, 0xD3, 0x33, 0x88, 0xE7, 0x2C, 0xA0, 0xE7, 0x9F, 0xD1, 0x38, 0x82, 0xD1, 0x82, 0xBE
	.byte 0x3B, 0xE7, 0x2C, 0x98, 0xE7, 0x98, 0xBD, 0x30, 0x98, 0xD3, 0x4A, 0x84, 0x49, 0x84, 0x48, 0x84
	.byte 0x47, 0x84, 0x46, 0x84, 0x45, 0x84, 0xB2, 0xE4, 0x4F, 0x8A, 0x08, 0xB1, 0xBC, 0x00, 0xBD, 0x50
	.byte 0xC2, 0x2C, 0xCD, 0x08, 0x12, 0x08, 0x10, 0xC1, 0x0C, 0xBF, 0x04, 0xBE, 0x08, 0xEF, 0x3F, 0x70
	.byte 0x85, 0xBE, 0x09, 0x88, 0x0C, 0x8B, 0x0D, 0x88, 0x10, 0x81, 0x11, 0x83, 0x13, 0x81, 0x16, 0x83
	.byte 0x17, 0x81, 0x1A, 0x83, 0x1B, 0x84, 0x1C, 0xEF, 0x40, 0x81, 0xBE, 0x1F, 0x83, 0x20, 0x81, 0x23
	.byte 0x83, 0x26, 0x81, 0x29, 0x83, 0x2A, 0x81, 0x2D, 0x83, 0x2E, 0x81, 0x2F, 0x83, 0x35, 0x88, 0x37
	.byte 0x81, 0x38, 0x83, 0x39, 0x81, 0x3B, 0x83, 0x3C, 0x84, 0x3F, 0x85, 0x42, 0x83, 0x28, 0xD3, 0x41
	.byte 0xA0, 0xD3, 0xA0, 0xD3, 0x98, 0xD3, 0x98, 0xD1, 0x3F, 0x88, 0xD1, 0x88, 0xD1, 0x88, 0xD1, 0x88
	.byte 0xD1, 0x88, 0xD3, 0x40, 0x88, 0x41, 0xA0, 0xD3, 0xA0, 0xD3, 0x98, 0xD3, 0xA8, 0xBD, 0x50, 0xBE
	.byte 0x24, 0xEC, 0x38, 0x70, 0x9D, 0xD7, 0x34, 0x88, 0xE7, 0x3B, 0x98, 0x38, 0x98, 0xEC, 0x36, 0x9D
	.byte 0xD7, 0x32, 0x88, 0xE7, 0x39, 0x98, 0xDF, 0x3B, 0x90, 0xD7, 0x3E, 0x88, 0xEC, 0x3D, 0x9D, 0xD3
	.byte 0x38, 0x88, 0xE7, 0x37, 0x98, 0x38, 0x98, 0xC0, 0x40, 0xFF, 0x39, 0xB0, 0xC0, 0x40, 0xD3, 0x38
	.byte 0x90, 0x34, 0x88, 0xEF, 0x3B, 0xA0, 0xE7, 0x3D, 0x98, 0xD3, 0x3E, 0x90, 0x39, 0x88, 0xEF, 0x36
	.byte 0xA0, 0xE7, 0x39, 0x98, 0xEC, 0x40, 0x9D, 0xD3, 0x3F, 0x84, 0x40, 0x84, 0xE7, 0x3D, 0x98, 0x38
	.byte 0x98, 0xEC, 0x39, 0x9D, 0xD3, 0x38, 0x84, 0x39, 0x84, 0xE7, 0x38, 0x98, 0x36, 0x98, 0xBE, 0x25
	.byte 0x98, 0xD3, 0x34, 0x88, 0x38, 0x88, 0x3D, 0x88, 0x40, 0x88, 0x3D, 0x88, 0x38, 0x88, 0x34, 0x88
	.byte 0x38, 0x88, 0x3D, 0x88, 0xD3, 0x88, 0x3A, 0x88, 0x37, 0x88, 0x34, 0x88, 0x37, 0x88, 0x3A, 0x88
	.byte 0xBE, 0x2F, 0xD1, 0x46, 0x88, 0xD1, 0x84, 0x45, 0x84, 0xD3, 0x46, 0x88, 0xD3, 0x88, 0xD3, 0x88
	.byte 0xD3, 0x88, 0xBE, 0x26, 0x98, 0xD3, 0x34, 0x88, 0x37, 0x88, 0x3B, 0x88, 0x40, 0x88, 0x3B, 0x88
	.byte 0x37, 0x88, 0x34, 0x88, 0x37, 0x88, 0x3B, 0x88, 0x3D, 0x88, 0x3A, 0x88, 0x37, 0x88, 0x34, 0x88
	.byte 0x37, 0x88, 0x3A, 0x88, 0x3D, 0x88, 0x3A, 0x88, 0x37, 0x88, 0x34, 0x88, 0x3A, 0x88, 0x40, 0x88
	.byte 0xBD, 0x57, 0xBE, 0x1C, 0xD5, 0x4B, 0x98, 0x3F, 0x98, 0xD1, 0x88, 0xD1, 0x84, 0x3E, 0x84, 0xD3
	.byte 0x3F, 0x88, 0x44, 0x88, 0x46, 0x88, 0x48, 0x88, 0xBD, 0x50, 0xBE, 0x1C, 0xD1, 0x44, 0x84, 0x3F
	.byte 0x84, 0x3B, 0x84, 0x3A, 0x84, 0x38, 0x84, 0x37, 0x84, 0x38, 0x84, 0x3A, 0x84, 0x3B, 0x84, 0x3F
	.byte 0x84, 0x44, 0x84, 0x47, 0x84, 0x4B, 0x84, 0x4C, 0x84, 0x4E, 0x84, 0x4C, 0x84, 0x4B, 0x84, 0x49
	.byte 0x84, 0x47, 0x84, 0x46, 0x84, 0x44, 0x84, 0x42, 0x84, 0x40, 0x84, 0x42, 0x84, 0x46, 0x84, 0x42
	.byte 0x84, 0x3D, 0x84, 0x3B, 0x84, 0x3A, 0x84, 0x38, 0x84, 0x36, 0x84, 0x38, 0x84, 0x3A, 0x84, 0x3D
	.byte 0x84, 0x3F, 0x84, 0x41, 0x84, 0x42, 0x84, 0x44, 0x84, 0x46, 0x84, 0x47, 0x84, 0x49, 0x84, 0x4C
	.byte 0x84, 0x4D, 0x84, 0x4E, 0x84, 0x50, 0x84, 0x4E, 0x84, 0x49, 0x84, 0x46, 0x84, 0x41, 0x84, 0x3F
	.byte 0x84, 0x3D, 0x84, 0x3B, 0x84, 0x3A, 0x84, 0x38, 0x84, 0x3A, 0x84, 0x3B, 0x84, 0x3D, 0x84, 0x3F
	.byte 0x84, 0x41, 0x84, 0x42, 0x84, 0x44, 0x84, 0x46, 0x84, 0x47, 0x84, 0x49, 0x84, 0x4B, 0x84, 0x4C
	.byte 0x84, 0x4D, 0x84, 0x4C, 0x84, 0x4B, 0x84, 0x49, 0x84, 0x47, 0x84, 0x46, 0x84, 0xBD, 0x57, 0xBE
	.byte 0x1C, 0xD3, 0x40, 0x88, 0x3D, 0x88, 0x39, 0x88, 0x34, 0x88, 0x39, 0x88, 0x40, 0x88, 0xE7, 0x3F
	.byte 0x8C, 0xC4, 0x08, 0x8C, 0x00, 0xD7, 0x42, 0x88, 0xD1, 0x41, 0x40, 0x82, 0x40, 0x82, 0x3F, 0x82
	.byte 0x3E, 0x8A, 0xBD, 0x50, 0xBE, 0x1C, 0xD1, 0x44, 0x70, 0x84, 0x42, 0x84, 0x40, 0x84, 0x3F, 0x84
	.byte 0x3D, 0x84, 0x3B, 0x84, 0x3A, 0x84, 0x3B, 0x84, 0x3D, 0x84, 0x3F, 0x84, 0x40, 0x84, 0x42, 0x84
	.byte 0x44, 0x84, 0x46, 0x84, 0x47, 0x84, 0x49, 0x84, 0x47, 0x84, 0x46, 0x84, 0x44, 0x84, 0x42, 0x84
	.byte 0x40, 0x84, 0x3F, 0x84, 0x3D, 0x84, 0x3B, 0x84, 0x42, 0x84, 0x40, 0x84, 0x3F, 0x84, 0x3D, 0x84
	.byte 0x3B, 0x84, 0x3D, 0x84, 0x3F, 0x84, 0x40, 0x84, 0x42, 0x84, 0x44, 0x84, 0x46, 0x84, 0x47, 0x84
	.byte 0x49, 0x84, 0x4B, 0x84, 0x4C, 0x84, 0x4E, 0x84, 0x4C, 0x84, 0x49, 0x84, 0x47, 0x84, 0x46, 0x84
	.byte 0x44, 0x84, 0x42, 0x84, 0x40, 0x84, 0x3F, 0x84, 0x41, 0x84, 0x3F, 0x84, 0x3D, 0x84, 0x3F, 0x84
	.byte 0x41, 0x84, 0x42, 0x84, 0x44, 0x84, 0x46, 0x84, 0x47, 0x84, 0x49, 0x84, 0x4B, 0x84, 0x4D, 0x84
	.byte 0x4E, 0x84, 0x50, 0x84, 0x52, 0x84, 0x50, 0x84, 0x4E, 0x84, 0x4C, 0x84, 0x4B, 0x84, 0x49, 0x84
	.byte 0x47, 0x84, 0x46, 0x84, 0x44, 0x84, 0x42, 0x84, 0xBD, 0x57, 0xDF, 0x90, 0xD3, 0x3D, 0x88, 0x42
	.byte 0x90, 0x45, 0x88, 0xDD, 0x44, 0x90, 0xD3, 0x3F, 0x88, 0x44, 0x90, 0x48, 0x88, 0xD3, 0xA0, 0xD3
	.byte 0xA0, 0xD3, 0x98, 0xD3, 0x98, 0xD1, 0x42, 0x88, 0xD1, 0x88, 0xD1, 0x88, 0xD1, 0x88, 0xD1, 0x88
	.byte 0xD3, 0x43, 0x88, 0x44, 0xA0, 0xD3, 0xA0, 0xD3, 0x98, 0xD3, 0xA8, 0xB2, 0xA6, 0x52, 0x8A, 0x08
	.byte 0xB1, 0xBC, 0x00, 0xBD, 0x53, 0xC2, 0x2C, 0xCD, 0x08, 0x12, 0x08, 0x10, 0xC1, 0x0C, 0xBF, 0x7F
	.byte 0xBE, 0x26, 0xB0, 0xBD, 0x53, 0xD3, 0x4D, 0x70, 0xA0, 0xD3, 0xA0, 0xD3, 0x98, 0xD3, 0x98, 0xD1
	.byte 0x4B, 0x88, 0xD1, 0x88, 0xD1, 0x88, 0x4C, 0x88, 0xD1, 0x88, 0xD3, 0x88, 0x4D, 0xA0, 0xD3, 0xA0
	.byte 0xD3, 0x98, 0xD3, 0xA8, 0xBD, 0x52, 0xBE, 0x22, 0xEC, 0x40, 0x70, 0x98, 0xC4, 0x09, 0x90, 0x00
	.byte 0xD7, 0x3D, 0x88, 0xEF, 0x44, 0x98, 0xC4, 0x09, 0x98, 0x02, 0xEC, 0x42, 0x98, 0xC4, 0x09, 0x90
	.byte 0x00, 0xD7, 0x3E, 0x88, 0xE7, 0x3D, 0x98, 0xDF, 0x40, 0x90, 0xD7, 0x42, 0x88, 0xEC, 0x44, 0x98
	.byte 0xC4, 0x09, 0x90, 0x00, 0xD3, 0x40, 0x88, 0xE7, 0x3F, 0x98, 0x40, 0x98, 0xC0, 0x40, 0xFF, 0x3E
	.byte 0xA0, 0xC4, 0x06, 0x98, 0xC0, 0x3E, 0x82, 0x3D, 0x82, 0x3B, 0x82, 0x3A, 0x82, 0x37, 0x82, 0x36
	.byte 0x82, 0x35, 0x82, 0x33, 0x82, 0x31, 0x82, 0x2F, 0x82, 0x2B, 0x82, 0x29, 0x82, 0xC4, 0x00, 0xC0
	.byte 0x40, 0xD3, 0x3D, 0x90, 0x38, 0x88, 0xEF, 0x40, 0x98, 0xC4, 0x09, 0x98, 0x00, 0xE7, 0x44, 0x98
	.byte 0xD3, 0x42, 0x90, 0x3E, 0x88, 0xEF, 0x45, 0x98, 0xC4, 0x09, 0x98, 0x00, 0xE7, 0x42, 0x98, 0xEC
	.byte 0x49, 0x98, 0xC4, 0x09, 0x90, 0xD3, 0x48, 0x84, 0xC4, 0x00, 0xD3, 0x49, 0x84, 0xE7, 0x44, 0x98
	.byte 0x40, 0x98, 0xEC, 0x42, 0x98, 0xC4, 0x09, 0x90, 0x00, 0xD3, 0x40, 0x84, 0x42, 0x84, 0xE7, 0x3E
	.byte 0x98, 0x3B, 0x98, 0xBD, 0x53, 0x98, 0xD3, 0x3D, 0x88, 0x40, 0x88, 0x44, 0x88, 0x49, 0x88, 0x44
	.byte 0x88, 0x40, 0x88, 0x3D, 0x88, 0x40, 0x88, 0x44, 0x88, 0x46, 0x88, 0x43, 0x88, 0x40, 0x88, 0x3D
	.byte 0x88, 0x40, 0x88, 0x43, 0x88, 0xD1, 0x4F, 0x88, 0xD1, 0x84, 0x4E, 0x84, 0xD3, 0x4F, 0x88, 0xD3
	.byte 0x88, 0xD3, 0x88, 0xD3, 0x88, 0x98, 0x3D, 0x88, 0x40, 0x88, 0x44, 0x88, 0x49, 0x88, 0x44, 0x88
	.byte 0x40, 0x88, 0x3D, 0x88, 0x40, 0x88, 0x44, 0x88, 0x46, 0x88, 0x43, 0x88, 0x40, 0x88, 0x3D, 0x88
	.byte 0x40, 0x88, 0x43, 0x88, 0x46, 0x88, 0x43, 0x88, 0x40, 0x88, 0x3D, 0x88, 0x43, 0x88, 0x49, 0x88
	.byte 0xD5, 0x50, 0x98, 0x44, 0x98, 0xBD, 0x55, 0xD1, 0x88, 0xD1, 0x84, 0x43, 0x84, 0xD3, 0x44, 0x88
	.byte 0x3F, 0x88, 0x40, 0x88, 0x42, 0x88, 0xBE, 0x1C, 0xD1, 0x49, 0x84, 0x44, 0x84, 0x40, 0x84, 0x3F
	.byte 0x84, 0x3D, 0x84, 0x3C, 0x84, 0x3D, 0x84, 0x3F, 0x84, 0x40, 0x84, 0x44, 0x84, 0x49, 0x84, 0x4C
	.byte 0x84, 0x50, 0x84, 0x51, 0x84, 0x53, 0x84, 0x51, 0x84, 0x50, 0x84, 0x4E, 0x84, 0x4C, 0x84, 0x4B
	.byte 0x84, 0x49, 0x84, 0x47, 0x84, 0x45, 0x84, 0x47, 0x84, 0x4B, 0x84, 0x47, 0x84, 0x42, 0x84, 0x40
	.byte 0x84, 0x3F, 0x84, 0x3D, 0x84, 0x3B, 0x84, 0x3D, 0x84, 0x3F, 0x84, 0x42, 0x84, 0x44, 0x84, 0x46
	.byte 0x84, 0x47, 0x84, 0x49, 0x84, 0x4B, 0x84, 0x4C, 0x84, 0x4E, 0x84, 0x51, 0x84, 0x52, 0x84, 0x53
	.byte 0x84, 0x55, 0x84, 0x53, 0x84, 0x4E, 0x84, 0x4B, 0x84, 0x46, 0x84, 0x44, 0x84, 0x42, 0x84, 0x40
	.byte 0x84, 0x3F, 0x84, 0x3D, 0x84, 0x3F, 0x84, 0x40, 0x84, 0x42, 0x84, 0x44, 0x84, 0x46, 0x84, 0x47
	.byte 0x84, 0x49, 0x84, 0x4B, 0x84, 0x4C, 0x84, 0x4E, 0x84, 0x50, 0x84, 0x51, 0x84, 0x52, 0x84, 0x51
	.byte 0x84, 0x50, 0x84, 0x4E, 0x84, 0x4C, 0x84, 0x4B, 0x84, 0xBD, 0x53, 0xC4, 0x06, 0xD3, 0x45, 0x88
	.byte 0x40, 0x88, 0x3D, 0x88, 0x39, 0x88, 0x3D, 0x88, 0x45, 0x88, 0xE7, 0x4E, 0x8C, 0xC4, 0x09, 0x8C
	.byte 0x02, 0xD7, 0x53, 0x84, 0xC4, 0x06, 0x94, 0xBD, 0x55, 0xC4, 0x02, 0xD1, 0x49, 0x84, 0x47, 0x84
	.byte 0x45, 0x84, 0x44, 0x84, 0x42, 0x84, 0x40, 0x84, 0x3F, 0x84, 0x40, 0x84, 0x42, 0x84, 0x44, 0x84
	.byte 0x45, 0x84, 0x47, 0x84, 0x49, 0x84, 0x4B, 0x84, 0x4C, 0x84, 0x4E, 0x84, 0x4C, 0x84, 0x4B, 0x84
	.byte 0x49, 0x84, 0x47, 0x84, 0x45, 0x84, 0x44, 0x84, 0x42, 0x84, 0x40, 0x84, 0x47, 0x84, 0x45, 0x84
	.byte 0x44, 0x84, 0x42, 0x84, 0x40, 0x84, 0x42, 0x84, 0x44, 0x84, 0x45, 0x84, 0x47, 0x84, 0x49, 0x84
	.byte 0x4B, 0x84, 0x4C, 0x84, 0x4E, 0x84, 0x50, 0x84, 0x51, 0x84, 0x53, 0x84, 0x51, 0x84, 0x4E, 0x84
	.byte 0x4C, 0x84, 0x4B, 0x84, 0x49, 0x84, 0x47, 0x84, 0x45, 0x84, 0x44, 0x84, 0x46, 0x84, 0x44, 0x84
	.byte 0x42, 0x84, 0x44, 0x84, 0x46, 0x84, 0x47, 0x84, 0x49, 0x84, 0x4B, 0x84, 0x4C, 0x84, 0x4E, 0x84
	.byte 0x50, 0x84, 0x52, 0x84, 0x53, 0x84, 0x55, 0x84, 0x57, 0x84, 0x55, 0x84, 0x53, 0x84, 0x51, 0x84
	.byte 0x50, 0x84, 0x4E, 0x84, 0x4C, 0x84, 0x4B, 0x84, 0x49, 0x84, 0x47, 0x84, 0xBD, 0x53, 0xDF, 0x45
	.byte 0x88, 0xC4, 0x0C, 0x88, 0x02, 0xD3, 0x40, 0x88, 0x45, 0x90, 0x49, 0x88, 0xDF, 0x47, 0x88, 0xC4
	.byte 0x0C, 0x88, 0x02, 0xD3, 0x42, 0x88, 0x47, 0x90, 0x4B, 0x88, 0x50, 0xA0, 0xD3, 0xA0, 0xD3, 0x98
	.byte 0xD3, 0x98, 0xD1, 0x49, 0x88, 0xD1, 0x88, 0xD1, 0x88, 0x4A, 0x88, 0xD1, 0x88, 0xD3, 0x88, 0x2C
	.byte 0xA0, 0xD3, 0xA0, 0xD3, 0x98, 0xD3, 0xA8, 0xB2, 0x3D, 0x55, 0x8A, 0x08, 0xB1, 0xBC, 0x00, 0xBD
	.byte 0x00, 0xBF, 0x40, 0xBE, 0x47, 0xB0, 0xEF, 0x39, 0x70, 0xA0, 0xEF, 0xA0, 0xB4, 0xE7, 0x37, 0x70
	.byte 0x98, 0x39, 0xA8, 0xB4, 0xB3, 0xDF, 0x57, 0x8A, 0x08, 0xB3, 0xE6, 0x57, 0x8A, 0x08, 0xB0, 0xB0
	.byte 0xB0, 0xB0, 0xB0, 0xB0, 0xB0, 0xB0, 0xB0, 0xEF, 0x39, 0x70, 0xB0, 0xB0, 0xEF, 0xB0, 0xB0, 0x98
	.byte 0xEF, 0xA8, 0x98, 0xEF, 0xA8, 0x98, 0xEF, 0xA8, 0x98, 0x37, 0x60, 0xA0, 0xE7, 0x39, 0x5C, 0x98
	.byte 0xF7, 0x39, 0x70, 0xB0, 0x98, 0xEF, 0xA8, 0x98, 0xEF, 0xA8, 0x98, 0xEF, 0xA8, 0xB3, 0xDF, 0x57
	.byte 0x8A, 0x08, 0xB3, 0xE6, 0x57, 0x8A, 0x08, 0xB3, 0xDF, 0x57, 0x8A, 0x08, 0xB3, 0xE6, 0x57, 0x8A
	.byte 0x08, 0xB2, 0xF7, 0x57, 0x8A, 0x08, 0xB1, 0xBC, 0x00, 0xBD, 0x51, 0xC2, 0x2C, 0xCD, 0x08, 0x12
	.byte 0x08, 0x10, 0xC1, 0x0C, 0xBF, 0x7F, 0xBE, 0x26, 0xEF, 0x4B, 0x70, 0xA0, 0x4C, 0xA0, 0xBD, 0x54
	.byte 0xBF, 0x40, 0xBE, 0x39, 0xDD, 0x29, 0xA0, 0xDD, 0xA0, 0xDD, 0x98, 0xDD, 0x98, 0xD3, 0x88, 0xD3
	.byte 0x88, 0xD3, 0x88, 0xDF, 0x23, 0x90, 0xD3, 0x24, 0x88, 0xDD, 0x29, 0xA0, 0xDD, 0xA0, 0xDD, 0x98
	.byte 0xDD, 0x98, 0xD7, 0x2C, 0x88, 0x2B, 0x88, 0xD3, 0x2C, 0x88, 0xE7, 0x98, 0xBD, 0x30, 0xBF, 0x20
	.byte 0xBE, 0x1F, 0xEB, 0x49, 0x6C, 0x98, 0xC4, 0x03, 0x8C, 0x00, 0x84, 0xD3, 0x4C, 0x70, 0x88, 0xEF
	.byte 0x50, 0x98, 0xC4, 0x03, 0x98, 0x00, 0xEB, 0x4A, 0x98, 0xC4, 0x03, 0x90, 0x00, 0xD3, 0x4E, 0x88
	.byte 0xE3, 0x53, 0x94, 0xD1, 0x51, 0x82, 0x53, 0x82, 0xDF, 0x51, 0x90, 0xD3, 0x4E, 0x88, 0xFF, 0x50
	.byte 0xA0, 0xC4, 0x03, 0xBE, 0x1F, 0x84, 0x1C, 0x84, 0x1C, 0x84, 0x1A, 0x84, 0x18, 0x84, 0x16, 0x84
	.byte 0x14, 0x84, 0x13, 0x84, 0x11, 0x84, 0x0E, 0x84, 0x0D, 0x84, 0x0B, 0x84, 0xC4, 0x00, 0xBE, 0x20
	.byte 0xD3, 0x4A, 0x88, 0x45, 0x88, 0x4A, 0x88, 0x4E, 0x88, 0x4A, 0x88, 0x4E, 0x88, 0x51, 0x88, 0xD1
	.byte 0x84, 0x51, 0x58, 0x84, 0xD3, 0x51, 0x70, 0x88, 0xD3, 0x88, 0x4E, 0x88, 0x56, 0x88, 0xA0, 0xC4
	.byte 0x03, 0xA0, 0x00, 0xB0, 0xA0, 0x04, 0xA0, 0x00, 0xA8, 0xBD, 0x54, 0xBE, 0x39, 0xBF, 0x40, 0x8C
	.byte 0xD1, 0x25, 0x84, 0x25, 0x60, 0x84, 0x25, 0x70, 0x84, 0xFB, 0x25, 0x70, 0xAD, 0xD3, 0x31, 0x88
	.byte 0xB4, 0xEF, 0x37, 0x98, 0xC4, 0x05, 0x98, 0x00, 0xE7, 0x2E, 0x98, 0xD3, 0x2B, 0x88, 0x28, 0x88
	.byte 0x26, 0x88, 0xB3, 0x12, 0x59, 0x8A, 0x08, 0xEF, 0x37, 0x70, 0x98, 0xC4, 0x05, 0x98, 0x00, 0xE7
	.byte 0x2E, 0x98, 0xD3, 0x31, 0x88, 0x34, 0x88, 0x37, 0x88, 0xD5, 0x38, 0x98, 0x2C, 0x98, 0xD1, 0x88
	.byte 0xD1, 0x84, 0x2B, 0x84, 0xD3, 0x2C, 0x9B, 0xBE, 0x39, 0xD3, 0x31, 0x90, 0x2C, 0x88, 0xE7, 0x31
	.byte 0x8C, 0xC4, 0x06, 0x8C, 0x00, 0xD3, 0x2C, 0x88, 0x31, 0x88, 0x2C, 0x88, 0x25, 0x88, 0x2C, 0x88
	.byte 0x31, 0x88, 0xD3, 0x2F, 0x70, 0x90, 0x2A, 0x88, 0xE7, 0x2F, 0x98, 0xD3, 0x2A, 0x88, 0x2F, 0x88
	.byte 0x2A, 0x88, 0x23, 0x88, 0x2A, 0x88, 0x2F, 0x88, 0xB4, 0xD3, 0x2E, 0x70, 0x90, 0x2A, 0x88, 0xE7
	.byte 0x2E, 0x98, 0xD3, 0x2A, 0x88, 0x2E, 0x88, 0x2A, 0x88, 0x22, 0x88, 0x2A, 0x88, 0x2E, 0x88, 0xB4
	.byte 0xD3, 0x2D, 0x70, 0x90, 0x28, 0x88, 0xE7, 0x2D, 0x98, 0xD3, 0x2A, 0x88, 0x2F, 0x88, 0x2A, 0x88
	.byte 0x23, 0x88, 0x2A, 0x88, 0x2F, 0x88, 0xB4, 0x31, 0x90, 0x2C, 0x88, 0xE7, 0x31, 0x98, 0xD3, 0x2C
	.byte 0x88, 0x31, 0x88, 0x2C, 0x88, 0x25, 0x88, 0x2C, 0x88, 0x31, 0x88, 0xB3, 0x6B, 0x59, 0x8A, 0x08
	.byte 0xB3, 0x82, 0x59, 0x8A, 0x08, 0xB3, 0x99, 0x59, 0x8A, 0x08, 0xD3, 0x2C, 0x70, 0xA0, 0xD3, 0xA0
	.byte 0xB4, 0xD3, 0x98, 0xD3, 0x98, 0xD3, 0x88, 0xD3, 0x88, 0xD3, 0x88, 0xDF, 0x26, 0x90, 0xD3, 0x27
	.byte 0x88, 0xB3, 0xD3, 0x59, 0x8A, 0x08, 0xD3, 0x2C, 0x70, 0x98, 0xD3, 0xA8, 0xB2, 0x85, 0x58, 0x8A
	.byte 0x08, 0xB1, 0xBC, 0x00, 0xBD, 0x38, 0xC2, 0x2C, 0xC1, 0x0C, 0xBE, 0x47, 0xBF, 0x2D, 0xB0, 0xB0
	.byte 0xB0, 0xB0, 0xB0, 0xB0, 0xB0, 0xB0, 0xB0, 0xBD, 0x38, 0xBF, 0x18, 0xBE, 0x32, 0xA0, 0xD3, 0x40
	.byte 0x70, 0x90, 0x3D, 0x88, 0xE7, 0x44, 0x98, 0xD3, 0x42, 0x90, 0x3E, 0x88, 0xDF, 0x45, 0x90, 0xD3
	.byte 0x44, 0x84, 0x45, 0x84, 0xE7, 0x3E, 0x98, 0xD3, 0x42, 0x88, 0x40, 0x88, 0x3C, 0x88, 0xEF, 0x3D
	.byte 0xA0, 0x44, 0xA0, 0x3E, 0xA0, 0xE7, 0x47, 0x98, 0x42, 0x98, 0xBD, 0x0E, 0xBF, 0x20, 0xBE, 0x4C
	.byte 0xFF, 0x3D, 0x58, 0xB0, 0xBF, 0x60, 0xFF, 0x43, 0xB0, 0xBF, 0x20, 0xFF, 0x3D, 0x5C, 0xB0, 0xBF
	.byte 0x60, 0xEF, 0x46, 0xA0, 0xBF, 0x20, 0xEF, 0x43, 0x58, 0xA0, 0xBF, 0x60, 0xEF, 0x44, 0xA0, 0xBF
	.byte 0x20, 0xEF, 0x3F, 0x70, 0xA0, 0xBF, 0x60, 0xB0, 0xB0, 0xB0, 0xB0, 0xB0, 0xB0, 0xB0, 0xB0, 0xB0
	.byte 0xB0, 0xB0, 0xB0, 0xB2, 0x0C, 0x5A, 0x8A, 0x08, 0xB1, 0x00, 0x00, 0x0A, 0x00, 0x00, 0xB2, 0x94
	.byte 0x33, 0x61, 0x08, 0x14, 0x47, 0x8A, 0x08, 0x6F, 0x48, 0x8A, 0x08, 0x35, 0x4A, 0x8A, 0x08, 0xC3
	.byte 0x4C, 0x8A, 0x08, 0x52, 0x4F, 0x8A, 0x08, 0x35, 0x52, 0x8A, 0x08, 0x0A, 0x55, 0x8A, 0x08, 0xD6
	.byte 0x57, 0x8A, 0x08, 0x40, 0x58, 0x8A, 0x08, 0xFB, 0x59, 0x8A, 0x08, 0xBC, 0x00, 0xBB, 0x3B, 0xBD
	.byte 0x7F, 0xBF, 0x40, 0xBE, 0x27, 0xD2, 0x58, 0x70, 0x8C, 0xD2, 0x8C, 0xD2, 0x8C, 0xD2, 0x8C, 0xD2
	.byte 0x8C, 0xBD, 0x7E, 0xD8, 0x5B, 0x64, 0x8C, 0xBD, 0x7F, 0xD2, 0x58, 0x70, 0x8C, 0xBD, 0x7E, 0xD8
	.byte 0x5B, 0x8C, 0xBD, 0x7F, 0xD2, 0x58, 0x70, 0x8C, 0xD2, 0x8C, 0xD2, 0x8C, 0xD2, 0x8C, 0xD2, 0x8C
	.byte 0xBD, 0x7E, 0xD8, 0x5B, 0x64, 0x8C, 0xBD, 0x7F, 0xD2, 0x58, 0x70, 0x8C, 0xBD, 0x7E, 0xD8, 0x5B
	.byte 0x8C, 0xB4, 0xB3, 0xDB, 0x5A, 0x8A, 0x08, 0xB3, 0xDB, 0x5A, 0x8A, 0x08, 0xB3, 0xDB, 0x5A, 0x8A
	.byte 0x08, 0xB3, 0xDB, 0x5A, 0x8A, 0x08, 0xB3, 0xDB, 0x5A, 0x8A, 0x08, 0xB3, 0xDB, 0x5A, 0x8A, 0x08
	.byte 0xB3, 0xDB, 0x5A, 0x8A, 0x08, 0xB3, 0xDB, 0x5A, 0x8A, 0x08, 0xB3, 0xDB, 0x5A, 0x8A, 0x08, 0xB3
	.byte 0xDB, 0x5A, 0x8A, 0x08, 0xB3, 0xDB, 0x5A, 0x8A, 0x08, 0xB3, 0xDB, 0x5A, 0x8A, 0x08, 0xB3, 0xDB
	.byte 0x5A, 0x8A, 0x08, 0xB3, 0xDB, 0x5A, 0x8A, 0x08, 0xB3, 0xDB, 0x5A, 0x8A, 0x08, 0xB3, 0xDB, 0x5A
	.byte 0x8A, 0x08, 0xB3, 0xDB, 0x5A, 0x8A, 0x08, 0xB3, 0xDB, 0x5A, 0x8A, 0x08, 0xB2, 0xB6, 0x5A, 0x8A
	.byte 0x08, 0xB1, 0xBC, 0x00, 0xBD, 0x11, 0xBF, 0x40, 0xBE, 0x24, 0xC2, 0x2C, 0xC1, 0x02, 0xB0, 0xA8
	.byte 0xD2, 0x4B, 0x70, 0x83, 0x4D, 0x83, 0x4F, 0x83, 0x51, 0x83, 0x52, 0x83, 0x53, 0x83, 0x54, 0x83
	.byte 0x56, 0x83, 0xB4, 0xCF, 0x57, 0xB0, 0xA0, 0xCE, 0xD2, 0x59, 0x86, 0x4F, 0x8C, 0xD2, 0x86, 0xD5
	.byte 0x59, 0x86, 0xD2, 0x4F, 0x8C, 0x57, 0x86, 0xB0, 0xA4, 0xDB, 0x8C, 0xD2, 0x5B, 0x86, 0xD2, 0x86
	.byte 0x54, 0x86, 0xD5, 0x59, 0x86, 0xCF, 0x57, 0xB0, 0xA0, 0xCE, 0xD2, 0x59, 0x86, 0x4F, 0x8C, 0xD2
	.byte 0x86, 0xD5, 0x59, 0x86, 0xD2, 0x4F, 0x8C, 0x5B, 0x86, 0xB0, 0xB0, 0xBD, 0x11, 0xE1, 0x59, 0x92
	.byte 0xCF, 0x54, 0xAA, 0xA0, 0xCE, 0x8C, 0xD5, 0x86, 0xD2, 0x4D, 0x86, 0x48, 0x86, 0xE1, 0x56, 0x92
	.byte 0xDB, 0x57, 0x8C, 0xD2, 0x50, 0x86, 0xDB, 0x56, 0x8C, 0xD2, 0x50, 0x86, 0xDB, 0x55, 0x8C, 0xD2
	.byte 0x50, 0x86, 0xDB, 0x54, 0x8C, 0xD2, 0x50, 0x86, 0xD2, 0x83, 0x52, 0x83, 0x54, 0x83, 0x52, 0x83
	.byte 0xDA, 0x50, 0x8C, 0xEF, 0x4D, 0xA2, 0xD5, 0x4B, 0x86, 0xD2, 0x3F, 0x86, 0x4A, 0x86, 0x3F, 0x86
	.byte 0xD5, 0x48, 0x86, 0xD2, 0x3F, 0x86, 0x4A, 0x86, 0xFF, 0x57, 0xB0, 0xD5, 0x5B, 0x86, 0xD2, 0x59
	.byte 0x86, 0xD5, 0x57, 0x86, 0xD2, 0x56, 0x8C, 0xD5, 0x54, 0x8C, 0xD2, 0x56, 0x86, 0x59, 0x86, 0x4F
	.byte 0x8C, 0xD2, 0x86, 0xD5, 0x59, 0x86, 0xD2, 0x4F, 0x8C, 0x57, 0x86, 0xB0, 0xB3, 0x68, 0x5B, 0x8A
	.byte 0x08, 0xEB, 0x57, 0x70, 0x9C, 0x83, 0xD2, 0x58, 0x83, 0x59, 0x83, 0x5A, 0x83, 0xDE, 0x5B, 0x8F
	.byte 0xD2, 0x5A, 0x83, 0xDE, 0x5B, 0x8F, 0xD2, 0x5A, 0x83, 0xF3, 0x5B, 0x8C, 0xA0, 0xD2, 0x59, 0x86
	.byte 0x4F, 0x8C, 0xD2, 0x86, 0xD5, 0x59, 0x86, 0xD2, 0x4F, 0x8C, 0x57, 0x86, 0xB2, 0x5D, 0x5B, 0x8A
	.byte 0x08, 0xB1, 0xBC, 0x00, 0xBD, 0x24, 0xC2, 0x2C, 0xC1, 0x02, 0xBF, 0x40, 0xBE, 0x54, 0xC0, 0x40
	.byte 0xDB, 0x24, 0x70, 0x92, 0xD2, 0x24, 0x58, 0x92, 0xDB, 0x2F, 0x7C, 0x86, 0xC0, 0x60, 0x86, 0x40
	.byte 0xA0, 0xD5, 0x24, 0x70, 0x8C, 0xDB, 0x24, 0x58, 0x98, 0xD2, 0x30, 0x50, 0x86, 0xD2, 0x86, 0xBD
	.byte 0x23, 0x8C, 0xD5, 0x2B, 0x5C, 0x8C, 0xD2, 0x2E, 0x86, 0x2D, 0x8C, 0x2B, 0x86, 0xB4, 0xBD, 0x24
	.byte 0xC0, 0x40, 0xDB, 0x24, 0x70, 0x92, 0xD2, 0x24, 0x58, 0x92, 0xDB, 0x2F, 0x7C, 0x86, 0xC0, 0x60
	.byte 0x86, 0x40, 0xA0, 0xB4, 0xB3, 0x7A, 0x5C, 0x8A, 0x08, 0xB3, 0x97, 0x5C, 0x8A, 0x08, 0xB3, 0x7A
	.byte 0x5C, 0x8A, 0x08, 0xB3, 0x97, 0x5C, 0x8A, 0x08, 0xB3, 0x7A, 0x5C, 0x8A, 0x08, 0xB3, 0x97, 0x5C
	.byte 0x8A, 0x08, 0xD5, 0x24, 0x70, 0x8C, 0xDB, 0x24, 0x58, 0x98, 0xD2, 0x30, 0x50, 0x86, 0xD2, 0x8C
	.byte 0xD5, 0x35, 0x70, 0x8C, 0x33, 0x8C, 0x30, 0x8C, 0x33, 0x86, 0xBD, 0x24, 0xC0, 0x40, 0xDB, 0x29
	.byte 0x70, 0x92, 0xD2, 0x29, 0x58, 0x92, 0xDB, 0x34, 0x7C, 0x86, 0xC0, 0x60, 0x86, 0x40, 0xA0, 0xB4
	.byte 0xD5, 0x29, 0x70, 0x8C, 0xDB, 0x29, 0x58, 0x98, 0xD2, 0x35, 0x50, 0x86, 0xD2, 0x86, 0xBD, 0x23
	.byte 0x8C, 0xD5, 0x30, 0x5C, 0x8C, 0xD2, 0x33, 0x86, 0x32, 0x8C, 0x30, 0x86, 0xB3, 0xE3, 0x5C, 0x8A
	.byte 0x08, 0xD5, 0x29, 0x70, 0x8C, 0xDB, 0x29, 0x58, 0x98, 0xD2, 0x35, 0x50, 0x86, 0xD2, 0x86, 0xD5
	.byte 0x29, 0x70, 0x86, 0xD2, 0x35, 0x8C, 0x29, 0x4C, 0x86, 0xDB, 0x34, 0x7C, 0x86, 0xC0, 0x63, 0x86
	.byte 0x40, 0x8C, 0xB3, 0x97, 0x5C, 0x8A, 0x08, 0xB3, 0x7A, 0x5C, 0x8A, 0x08, 0xB3, 0x97, 0x5C, 0x8A
	.byte 0x08, 0xB3, 0x7A, 0x5C, 0x8A, 0x08, 0xB3, 0x97, 0x5C, 0x8A, 0x08, 0xB3, 0x7A, 0x5C, 0x8A, 0x08
	.byte 0xB2, 0x5D, 0x5C, 0x8A, 0x08, 0xB1, 0xBC, 0x00, 0xBD, 0x11, 0xBF, 0x40, 0xBE, 0x27, 0xC2, 0x2C
	.byte 0xC1, 0x02, 0xB0, 0xA8, 0xD2, 0x48, 0x70, 0x83, 0x4A, 0x83, 0x4B, 0x83, 0x4D, 0x83, 0x4F, 0x83
	.byte 0x51, 0x83, 0x52, 0x83, 0x53, 0x83, 0xB4, 0xCF, 0x54, 0xB0, 0xA0, 0xCE, 0xD2, 0x57, 0x86, 0x4B
	.byte 0x8C, 0xD2, 0x86, 0xD5, 0x57, 0x86, 0xD2, 0x4B, 0x8C, 0x54, 0x86, 0xB0, 0xA4, 0xDB, 0x4F, 0x8C
	.byte 0xD2, 0x54, 0x86, 0xD2, 0x86, 0x4B, 0x86, 0xD5, 0x53, 0x86, 0xCF, 0x54, 0xB0, 0xA0, 0xCE, 0xD2
	.byte 0x57, 0x86, 0x4B, 0x8C, 0xD2, 0x86, 0xD5, 0x57, 0x86, 0xD2, 0x4B, 0x8C, 0x57, 0x86, 0xB0, 0xB0
	.byte 0xE1, 0x92, 0xFB, 0x50, 0xAA, 0x86, 0xD5, 0x52, 0x86, 0xD2, 0x48, 0x86, 0xD2, 0x86, 0xE1, 0x52
	.byte 0x92, 0xD5, 0x50, 0x92, 0xD5, 0x86, 0xD2, 0x48, 0x86, 0x44, 0x86, 0xE1, 0x54, 0x92, 0xDB, 0x8C
	.byte 0xD2, 0x4B, 0x86, 0xDB, 0x53, 0x8C, 0xD2, 0x4B, 0x86, 0xDB, 0x52, 0x8C, 0xD2, 0x4B, 0x86, 0xDB
	.byte 0x50, 0x8C, 0xD2, 0x4B, 0x86, 0x4D, 0x83, 0x4F, 0x83, 0x50, 0x83, 0x4F, 0x83, 0xDB, 0x4D, 0x8C
	.byte 0xE7, 0x48, 0x9A, 0xD5, 0x4B, 0x86, 0xD2, 0x44, 0x86, 0xD2, 0x8C, 0xD5, 0x48, 0x86, 0xD2, 0x3C
	.byte 0x86, 0x46, 0x86, 0x3C, 0x86, 0xD5, 0x44, 0x86, 0xD2, 0x3C, 0x86, 0x46, 0x86, 0xEF, 0x54, 0xA2
	.byte 0xD5, 0x59, 0x8C, 0x57, 0x8C, 0x54, 0x8C, 0x56, 0x86, 0x57, 0x86, 0xD2, 0x56, 0x86, 0xD5, 0x54
	.byte 0x86, 0xD2, 0x53, 0x8C, 0xD5, 0x4F, 0x8C, 0x52, 0x86, 0xD2, 0x57, 0x86, 0x4B, 0x8C, 0xD2, 0x86
	.byte 0xD5, 0x57, 0x86, 0xD2, 0x4B, 0x8C, 0x54, 0x86, 0xB0, 0xB3, 0x6C, 0x5D, 0x8A, 0x08, 0xFF, 0x54
	.byte 0x70, 0xB0, 0xD2, 0x4F, 0x86, 0xD5, 0x59, 0x86, 0xD2, 0x4F, 0x86, 0xD5, 0x57, 0x86, 0xD2, 0x4F
	.byte 0x86, 0xD5, 0x54, 0x86, 0xD2, 0x4F, 0x86, 0xD5, 0x56, 0x86, 0xD2, 0x57, 0x86, 0x4B, 0x8C, 0xD2
	.byte 0x86, 0xD5, 0x57, 0x86, 0xD2, 0x4B, 0x8C, 0x54, 0x86, 0xB2, 0x61, 0x5D, 0x8A, 0x08, 0xB1, 0xBC
	.byte 0x00, 0xBD, 0x38, 0xC2, 0x2C, 0xC1, 0x02, 0xBE, 0x2A, 0xBF, 0x40, 0xB0, 0xB0, 0xB0, 0xB0, 0xC4
	.byte 0x1E, 0xC0, 0x40, 0xD2, 0x2F, 0x5C, 0x86, 0x30, 0x54, 0x86, 0xD5, 0x30, 0x7F, 0x86, 0xD2, 0x30
	.byte 0x50, 0x86, 0xD5, 0x2F, 0x5C, 0x86, 0xD2, 0x30, 0x54, 0x86, 0xD5, 0x30, 0x60, 0x86, 0xD2, 0x30
	.byte 0x50, 0x86, 0xD1, 0x30, 0x70, 0x84, 0x30, 0x54, 0x84, 0x30, 0x60, 0x84, 0xD5, 0x2F, 0x78, 0x86
	.byte 0xD2, 0x30, 0x50, 0x86, 0xD5, 0x30, 0x60, 0x86, 0xD2, 0x30, 0x54, 0x86, 0xD5, 0x2F, 0x60, 0x86
	.byte 0xD2, 0x30, 0x50, 0x86, 0xC0, 0x40, 0xD2, 0x30, 0x60, 0x86, 0x30, 0x54, 0x86, 0xD5, 0x30, 0x74
	.byte 0x86, 0xD2, 0x30, 0x50, 0x86, 0x33, 0x70, 0x86, 0x33, 0x4C, 0x86, 0xD5, 0x32, 0x70, 0x86, 0xD2
	.byte 0x33, 0x50, 0x86, 0xC0, 0x40, 0xEF, 0x37, 0x70, 0x8F, 0xC0, 0x40, 0x82, 0x39, 0x83, 0x36, 0x84
	.byte 0x33, 0x85, 0x2C, 0x83, 0x29, 0x84, 0x23, 0x82, 0x1A, 0x83, 0x11, 0x83, 0x02, 0x84, 0xC4, 0x02
	.byte 0xB0, 0xB0, 0xB0, 0xB0, 0xB0, 0xB0, 0xB0, 0xB0, 0xB0, 0xB0, 0x83, 0xBE, 0x1F, 0xAF, 0x81, 0xB0
	.byte 0xB0, 0xB0, 0xB2, 0x7A, 0x5E, 0x8A, 0x08, 0xB1, 0xBC, 0x00, 0xBD, 0x50, 0xBF, 0x03, 0xC2, 0x2C
	.byte 0xCD, 0x08, 0x12, 0x08, 0x10, 0xC1, 0x02, 0xBE, 0x25, 0xC0, 0x40, 0xB0, 0xA8, 0xD2, 0x2D, 0x70
	.byte 0x83, 0x2F, 0x83, 0x30, 0x83, 0x32, 0x83, 0x34, 0x83, 0x35, 0x83, 0x37, 0x83, 0x39, 0x83, 0xB4
	.byte 0xCF, 0x3A, 0xB0, 0xA0, 0xCE, 0xD2, 0x3C, 0x86, 0x33, 0x8C, 0xD2, 0x86, 0xD5, 0x3C, 0x86, 0xD2
	.byte 0x33, 0x8C, 0x37, 0x86, 0xBD, 0x54, 0xD2, 0x32, 0x5C, 0x86, 0x33, 0x54, 0x86, 0xD5, 0x33, 0x7F
	.byte 0x86, 0xD2, 0x33, 0x50, 0x86, 0xD5, 0x32, 0x5C, 0x86, 0xD2, 0x33, 0x54, 0x86, 0xD5, 0x33, 0x60
	.byte 0x86, 0xD2, 0x33, 0x50, 0x86, 0xD1, 0x33, 0x70, 0x84, 0x33, 0x54, 0x84, 0x33, 0x60, 0x84, 0xD5
	.byte 0x32, 0x78, 0x86, 0xD2, 0x33, 0x50, 0x86, 0xD5, 0x33, 0x60, 0x86, 0xD2, 0x33, 0x54, 0x86, 0xD5
	.byte 0x32, 0x60, 0x86, 0xD2, 0x33, 0x50, 0x86, 0xBD, 0x50, 0xD2, 0x33, 0x60, 0x86, 0x33, 0x54, 0x86
	.byte 0xD5, 0x33, 0x74, 0x86, 0xD2, 0x33, 0x50, 0x86, 0x37, 0x70, 0x86, 0x37, 0x4C, 0x86, 0xD5, 0x36
	.byte 0x70, 0x86, 0xD2, 0x37, 0x50, 0x86, 0xE7, 0x3C, 0x70, 0x98, 0xD2, 0x2D, 0x83, 0x2F, 0x83, 0x30
	.byte 0x83, 0x32, 0x83, 0x34, 0x83, 0x35, 0x83, 0x37, 0x83, 0x39, 0x83, 0xEB, 0x3A, 0x9C, 0x83, 0xD2
	.byte 0x3C, 0x83, 0x3D, 0x83, 0x3E, 0x83, 0xEB, 0x3F, 0x9C, 0x83, 0xD2, 0x43, 0x83, 0x44, 0x83, 0x45
	.byte 0x83, 0xEF, 0x46, 0xA0, 0xD2, 0x48, 0x86, 0x3F, 0x8C, 0xD2, 0x86, 0xD5, 0x48, 0x86, 0xD2, 0x3F
	.byte 0x8C, 0x48, 0x86, 0xB0, 0xB0, 0xB0, 0xB0, 0xB0, 0xB0, 0xCF, 0x3A, 0xB0, 0xA0, 0xCE, 0xD2, 0x3C
	.byte 0x86, 0x33, 0x8C, 0xD2, 0x86, 0xD5, 0x3C, 0x86, 0xD2, 0x33, 0x8C, 0x37, 0x86, 0xB0, 0xB3, 0x35
	.byte 0x5F, 0x8A, 0x08, 0xCF, 0x3A, 0x70, 0xB0, 0xA0, 0xCE, 0xD2, 0x3C, 0x86, 0x33, 0x8C, 0xD2, 0x86
	.byte 0xD5, 0x3C, 0x86, 0xD2, 0x33, 0x8C, 0x37, 0x86, 0xB2, 0x23, 0x5F, 0x8A, 0x08, 0xB1, 0xBC, 0x00
	.byte 0xBD, 0x51, 0xBF, 0x7F, 0xC2, 0x2C, 0xCD, 0x08, 0x12, 0x08, 0x10, 0xC1, 0x02, 0xBE, 0x25, 0xB0
	.byte 0xA8, 0xD2, 0x33, 0x70, 0x83, 0x35, 0x83, 0x37, 0x83, 0x39, 0x83, 0x3A, 0x83, 0x3B, 0x83, 0x3C
	.byte 0x83, 0x3E, 0x83, 0xB4, 0xCF, 0x3F, 0xB0, 0xA0, 0xCE, 0xD2, 0x41, 0x86, 0x37, 0x8C, 0xD2, 0x86
	.byte 0xD5, 0x41, 0x86, 0xD2, 0x37, 0x8C, 0x3F, 0x86, 0xBF, 0x40, 0xDB, 0x24, 0x92, 0xD2, 0x24, 0x58
	.byte 0x92, 0xDB, 0x2F, 0x7C, 0xA4, 0xD5, 0x24, 0x70, 0x8C, 0xDB, 0x24, 0x58, 0x98, 0xD2, 0x30, 0x50
	.byte 0x86, 0xD2, 0x92, 0xD5, 0x2B, 0x5C, 0x8C, 0xBF, 0x7F, 0xD2, 0x33, 0x70, 0x83, 0x35, 0x83, 0x37
	.byte 0x83, 0x39, 0x83, 0x3A, 0x83, 0x3B, 0x83, 0x3C, 0x83, 0x3E, 0x83, 0xEB, 0x3F, 0x9C, 0x83, 0xD2
	.byte 0x43, 0x83, 0x44, 0x83, 0x45, 0x83, 0xEB, 0x46, 0x9C, 0x83, 0xD2, 0x48, 0x83, 0x49, 0x83, 0x4A
	.byte 0x83, 0xEF, 0x4B, 0xA0, 0xD2, 0x4D, 0x86, 0x43, 0x8C, 0xD2, 0x86, 0xD5, 0x4D, 0x86, 0xD2, 0x43
	.byte 0x8C, 0x4F, 0x86, 0xB0, 0xB0, 0xB0, 0xB0, 0xB0, 0xB0, 0xCF, 0x3F, 0xB0, 0xA0, 0xCE, 0xD2, 0x41
	.byte 0x86, 0x37, 0x8C, 0xD2, 0x86, 0xD5, 0x41, 0x86, 0xD2, 0x37, 0x8C, 0x3F, 0x86, 0xB0, 0xB3, 0x49
	.byte 0x60, 0x8A, 0x08, 0xCF, 0x3F, 0x70, 0xB0, 0xA0, 0xCE, 0xD2, 0x41, 0x86, 0x37, 0x8C, 0xD2, 0x86
	.byte 0xD5, 0x41, 0x86, 0xD2, 0x37, 0x8C, 0x3F, 0x86, 0xB2, 0x39, 0x60, 0x8A, 0x08, 0xB1, 0xBC, 0x00
	.byte 0xBD, 0x00, 0xBF, 0x40, 0xBE, 0x4F, 0xD5, 0x24, 0x70, 0x92, 0x24, 0x40, 0x86, 0x28, 0x70, 0x98
	.byte 0x24, 0x86, 0x28, 0x40, 0x86, 0x24, 0x86, 0x24, 0x44, 0x86, 0x28, 0x5C, 0x8C, 0x24, 0x40, 0x86
	.byte 0xD5, 0x86, 0xD5, 0x24, 0x70, 0x8C, 0x24, 0x78, 0x8C, 0x28, 0x70, 0x98, 0x24, 0x86, 0x28, 0x40
	.byte 0x86, 0x24, 0x86, 0x24, 0x44, 0x86, 0x28, 0x68, 0x8C, 0x24, 0x40, 0x86, 0xD5, 0x86, 0xB4, 0xD5
	.byte 0x24, 0x70, 0x92, 0x24, 0x40, 0x86, 0x28, 0x70, 0x98, 0x24, 0x86, 0x28, 0x40, 0x86, 0x24, 0x86
	.byte 0x24, 0x44, 0x86, 0x28, 0x5C, 0x8C, 0x24, 0x40, 0x86, 0xD5, 0x86, 0xB4, 0xB3, 0x2B, 0x61, 0x8A
	.byte 0x08, 0xD5, 0x24, 0x70, 0x92, 0x24, 0x40, 0x86, 0x28, 0x70, 0x98, 0x24, 0x86, 0x28, 0x64, 0x86
	.byte 0x24, 0x40, 0x86, 0x24, 0x44, 0x86, 0x28, 0x5C, 0x8C, 0x24, 0x40, 0x86, 0xD5, 0x86, 0xD5, 0x24
	.byte 0x70, 0x8C, 0x24, 0x78, 0x8C, 0x28, 0x70, 0x98, 0x24, 0x86, 0x28, 0x40, 0x86, 0x24, 0x86, 0x24
	.byte 0x44, 0x86, 0x28, 0x68, 0x89, 0xD2, 0x28, 0x40, 0x83, 0xD5, 0x28, 0x78, 0x86, 0x24, 0x40, 0x86
	.byte 0xB4, 0xB3, 0x48, 0x61, 0x8A, 0x08, 0xB3, 0x2B, 0x61, 0x8A, 0x08, 0xB3, 0x48, 0x61, 0x8A, 0x08
	.byte 0xB3, 0x2B, 0x61, 0x8A, 0x08, 0xB3, 0x48, 0x61, 0x8A, 0x08, 0xB3, 0x2B, 0x61, 0x8A, 0x08, 0xB3
	.byte 0x48, 0x61, 0x8A, 0x08, 0xD5, 0x24, 0x70, 0x8C, 0x24, 0x78, 0x8C, 0x28, 0x70, 0x98, 0x24, 0x86
	.byte 0x28, 0x40, 0x86, 0x24, 0x86, 0x24, 0x44, 0x86, 0x26, 0x54, 0x86, 0x26, 0x50, 0x86, 0x28, 0x54
	.byte 0x86, 0x24, 0x40, 0x86, 0xB3, 0x48, 0x61, 0x8A, 0x08, 0xB3, 0x2B, 0x61, 0x8A, 0x08, 0xB3, 0x48
	.byte 0x61, 0x8A, 0x08, 0xB3, 0x87, 0x61, 0x8A, 0x08, 0xB3, 0x48, 0x61, 0x8A, 0x08, 0xB3, 0x2B, 0x61
	.byte 0x8A, 0x08, 0xB2, 0x09, 0x61, 0x8A, 0x08, 0xB1, 0xBC, 0x00, 0xBD, 0x52, 0xBF, 0x40, 0xC2, 0x2C
	.byte 0xCD, 0x08, 0x12, 0x08, 0x10, 0xC1, 0x02, 0xBE, 0x2A, 0xC0, 0x41, 0xDB, 0x24, 0x70, 0x92, 0xD2
	.byte 0x24, 0x58, 0x92, 0xDB, 0x2F, 0x7C, 0xA4, 0xD5, 0x24, 0x70, 0x83, 0xBD, 0x52, 0x89, 0xDB, 0x24
	.byte 0x58, 0x98, 0xD2, 0x30, 0x50, 0x86, 0xD2, 0x92, 0xD5, 0x2B, 0x5C, 0x8C, 0xD2, 0x2E, 0x86, 0x2D
	.byte 0x8C, 0x2B, 0x86, 0xDB, 0x24, 0x70, 0x92, 0xD2, 0x24, 0x58, 0x92, 0xDB, 0x2F, 0x7C, 0xA4, 0xB4
	.byte 0xD5, 0x24, 0x70, 0x8C, 0xDB, 0x24, 0x58, 0x98, 0xD2, 0x30, 0x50, 0x86, 0xD2, 0x92, 0xD5, 0x2B
	.byte 0x5C, 0x8C, 0xD2, 0x2E, 0x86, 0x2D, 0x8C, 0x2B, 0x86, 0xB4, 0xBD, 0x53, 0xBE, 0x20, 0xC0, 0x40
	.byte 0xD2, 0x3B, 0x86, 0x3C, 0x54, 0x86, 0xD5, 0x3C, 0x7F, 0x86, 0xD2, 0x3C, 0x50, 0x86, 0xD5, 0x3B
	.byte 0x5C, 0x86, 0xD2, 0x3C, 0x54, 0x86, 0xD5, 0x3C, 0x60, 0x86, 0xD2, 0x3C, 0x50, 0x86, 0xD1, 0x3C
	.byte 0x70, 0x84, 0x3C, 0x54, 0x84, 0x3C, 0x60, 0x84, 0xD5, 0x3B, 0x78, 0x86, 0xD2, 0x3C, 0x50, 0x86
	.byte 0xD5, 0x3C, 0x60, 0x86, 0xD2, 0x3C, 0x54, 0x86, 0xD5, 0x3B, 0x60, 0x86, 0xD2, 0x3C, 0x50, 0x86
	.byte 0xC0, 0x40, 0xD2, 0x3C, 0x60, 0x86, 0x3C, 0x54, 0x86, 0xD5, 0x3C, 0x74, 0x86, 0xD2, 0x3C, 0x50
	.byte 0x86, 0x3F, 0x70, 0x86, 0x3F, 0x4C, 0x86, 0xD5, 0x3E, 0x70, 0x86, 0xD2, 0x3F, 0x50, 0x86, 0xC0
	.byte 0x40, 0xEF, 0x43, 0x70, 0x8F, 0xC0, 0x40, 0x82, 0x39, 0x83, 0x36, 0x84, 0x33, 0x85, 0x2C, 0x83
	.byte 0x29, 0x84, 0x23, 0x82, 0x1A, 0x83, 0x11, 0x83, 0x02, 0x84, 0xBD, 0x52, 0xBE, 0x2B, 0xC0, 0x43
	.byte 0xDB, 0x24, 0x92, 0xD2, 0x24, 0x58, 0x92, 0xDB, 0x2F, 0x7C, 0xA4, 0xB3, 0x59, 0x62, 0x8A, 0x08
	.byte 0xB3, 0x4C, 0x62, 0x8A, 0x08, 0xD5, 0x24, 0x70, 0x8C, 0xDB, 0x24, 0x58, 0x98, 0xD2, 0x30, 0x50
	.byte 0x86, 0xD2, 0x8C, 0xD5, 0x35, 0x70, 0x8C, 0x33, 0x8C, 0x30, 0x8C, 0x33, 0x86, 0xDB, 0x29, 0x70
	.byte 0x92, 0xD2, 0x29, 0x58, 0x92, 0xDB, 0x34, 0x7C, 0xA4, 0xB4, 0xD5, 0x29, 0x70, 0x8C, 0xDB, 0x29
	.byte 0x58, 0x98, 0xD2, 0x35, 0x50, 0x86, 0xD2, 0x92, 0xD5, 0x30, 0x5C, 0x8C, 0xD2, 0x33, 0x86, 0x32
	.byte 0x8C, 0x30, 0x86, 0xB3, 0x26, 0x63, 0x8A, 0x08, 0xD5, 0x29, 0x70, 0x8C, 0xDB, 0x29, 0x58, 0x98
	.byte 0xD2, 0x35, 0x50, 0x86, 0xD2, 0x86, 0xD5, 0x29, 0x70, 0x86, 0xD2, 0x35, 0x8C, 0x29, 0x4C, 0x86
	.byte 0xDB, 0x34, 0x7C, 0x98, 0xB3, 0x4C, 0x62, 0x8A, 0x08, 0xB3, 0x59, 0x62, 0x8A, 0x08, 0xB3, 0x4C
	.byte 0x62, 0x8A, 0x08, 0xB3, 0x59, 0x62, 0x8A, 0x08, 0xB3, 0x4C, 0x62, 0x8A, 0x08, 0xB3, 0x59, 0x62
	.byte 0x8A, 0x08, 0xB2, 0x13, 0x62, 0x8A, 0x08, 0xB1, 0x00, 0x00, 0x00, 0x09, 0x00, 0x00, 0xB2, 0x94
	.byte 0x39, 0x61, 0x08, 0xB4, 0x5A, 0x8A, 0x08, 0x5B, 0x5B, 0x8A, 0x08, 0x5B, 0x5C, 0x8A, 0x08, 0x5F
	.byte 0x5D, 0x8A, 0x08, 0x78, 0x5E, 0x8A, 0x08, 0x21, 0x5F, 0x8A, 0x08, 0x37, 0x60, 0x8A, 0x08, 0x07
	.byte 0x61, 0x8A, 0x08, 0x11, 0x62, 0x8A, 0x08, 0xBC, 0x00, 0xBB, 0x4E, 0xBD, 0x7E, 0xC2, 0x2C, 0xC1
	.byte 0x0C, 0xBF, 0x40, 0x8C, 0xBE, 0x09, 0xCF, 0x5B, 0x70, 0xB0, 0xBE, 0x1B, 0xB0, 0x2B, 0xA0, 0xCE
	.byte 0xD7, 0x4F, 0x88, 0x4F, 0x58, 0x88, 0x4F, 0x48, 0x88, 0x4F, 0x38, 0x88, 0x4F, 0x24, 0x88, 0x4F
	.byte 0x1C, 0x88, 0xBE, 0x1F, 0xD8, 0x48, 0x54, 0x9C, 0xD2, 0x40, 0x40, 0x86, 0x40, 0x4C, 0x86, 0xD5
	.byte 0x48, 0x60, 0x98, 0xD8, 0x54, 0x7F, 0x8C, 0xDB, 0x5B, 0x70, 0x8C, 0xBD, 0x7F, 0xBF, 0x7F, 0xBE
	.byte 0x23, 0xD2, 0x58, 0x70, 0x86, 0x58, 0x3C, 0x86, 0xBD, 0x7E, 0xDB, 0x5B, 0x70, 0x8C, 0xBD, 0x7F
	.byte 0xD2, 0x58, 0x8C, 0x58, 0x40, 0x8C, 0x58, 0x70, 0x8C, 0x58, 0x44, 0x8C, 0x58, 0x70, 0x86, 0x58
	.byte 0x48, 0x86, 0x58, 0x64, 0x86, 0x58, 0x40, 0x86, 0xD2, 0x58, 0x70, 0x86, 0x58, 0x3C, 0x86, 0xBD
	.byte 0x7E, 0xDB, 0x5B, 0x70, 0x8C, 0xBD, 0x7F, 0xD2, 0x58, 0x8C, 0x58, 0x40, 0x8C, 0x58, 0x70, 0x8C
	.byte 0x58, 0x44, 0x8C, 0x58, 0x70, 0x86, 0x58, 0x48, 0x86, 0xBD, 0x7E, 0xDB, 0x5B, 0x64, 0x8C, 0xB4
	.byte 0xBD, 0x7F, 0xD2, 0x58, 0x70, 0x86, 0x58, 0x3C, 0x86, 0xBD, 0x7E, 0xDB, 0x5B, 0x70, 0x8C, 0xBD
	.byte 0x7F, 0xD2, 0x58, 0x8C, 0xBD, 0x7E, 0xDB, 0x5B, 0x68, 0x8C, 0xBD, 0x7F, 0xD2, 0x58, 0x70, 0x8C
	.byte 0x58, 0x44, 0x8C, 0x58, 0x70, 0x86, 0x58, 0x48, 0x86, 0xBD, 0x7E, 0xDB, 0x5B, 0x64, 0x8C, 0xBD
	.byte 0x7F, 0xD2, 0x58, 0x70, 0x86, 0x58, 0x3C, 0x86, 0xBD, 0x7E, 0xDB, 0x5B, 0x70, 0x8C, 0xBD, 0x7F
	.byte 0xD2, 0x58, 0x8C, 0x58, 0x40, 0x8C, 0x58, 0x70, 0x8C, 0x58, 0x44, 0x8C, 0x58, 0x70, 0x86, 0x58
	.byte 0x48, 0x86, 0xBD, 0x7E, 0xDB, 0x5B, 0x64, 0x8C, 0xBD, 0x7F, 0xD2, 0x58, 0x70, 0x86, 0x58, 0x3C
	.byte 0x86, 0xBD, 0x7E, 0xDB, 0x5B, 0x70, 0x8C, 0xBD, 0x7F, 0xD2, 0x58, 0x8C, 0x58, 0x40, 0x8C, 0x58
	.byte 0x70, 0x8C, 0x58, 0x44, 0x8C, 0x58, 0x70, 0x86, 0x58, 0x48, 0x86, 0x58, 0x64, 0x86, 0x58, 0x40
	.byte 0x86, 0xB4, 0xB3, 0x31, 0x64, 0x8A, 0x08, 0xB3, 0xB1, 0x64, 0x8A, 0x08, 0xBD, 0x7F, 0xD2, 0x58
	.byte 0x70, 0x86, 0x58, 0x3C, 0x86, 0xBD, 0x7E, 0xDB, 0x5B, 0x70, 0x8C, 0xBD, 0x7F, 0xD2, 0x58, 0x8C
	.byte 0xBD, 0x7E, 0xDB, 0x5B, 0x8C, 0xBD, 0x7F, 0xD2, 0x58, 0x8C, 0x58, 0x44, 0x8C, 0x58, 0x70, 0x86
	.byte 0x58, 0x48, 0x86, 0xBD, 0x7E, 0xDB, 0x5B, 0x6C, 0x8C, 0xB3, 0xB1, 0x64, 0x8A, 0x08, 0xB3, 0x31
	.byte 0x64, 0x8A, 0x08, 0xB3, 0xB1, 0x64, 0x8A, 0x08, 0xD2, 0x58, 0x70, 0x86, 0x58, 0x3C, 0x86, 0xBD
	.byte 0x7E, 0xDB, 0x5B, 0x70, 0x8C, 0xBD, 0x7F, 0xD2, 0x58, 0x8C, 0x58, 0x40, 0x8C, 0x58, 0x70, 0x8C
	.byte 0xBD, 0x7E, 0xDB, 0x5B, 0x8C, 0xBD, 0x7F, 0xD2, 0x58, 0x86, 0x58, 0x48, 0x86, 0xBD, 0x7E, 0xDB
	.byte 0x5B, 0x64, 0x8C, 0xB3, 0xB1, 0x64, 0x8A, 0x08, 0xB3, 0x31, 0x64, 0x8A, 0x08, 0xB3, 0xB1, 0x64
	.byte 0x8A, 0x08, 0xB3, 0x31, 0x64, 0x8A, 0x08, 0xB2, 0x04, 0x64, 0x8A, 0x08, 0xB0, 0xB1, 0xBC, 0x00
	.byte 0xBD, 0x2E, 0xC2, 0x2C, 0xC1, 0x0C, 0xBF, 0x43, 0xBE, 0x45, 0x8C, 0xD5, 0x44, 0x70, 0x86, 0x44
	.byte 0x24, 0x86, 0x47, 0x70, 0x86, 0x47, 0x24, 0x86, 0x4B, 0x70, 0x86, 0x4B, 0x24, 0x86, 0x50, 0x70
	.byte 0x86, 0x50, 0x24, 0xA2, 0x46, 0x70, 0x86, 0x46, 0x24, 0x86, 0x49, 0x70, 0x86, 0x49, 0x24, 0x86
	.byte 0x4D, 0x70, 0x86, 0x4D, 0x24, 0x86, 0x52, 0x70, 0x8C, 0xD3, 0x84, 0x52, 0x24, 0x84, 0x55, 0x70
	.byte 0x84, 0x55, 0x24, 0x84, 0x52, 0x70, 0x84, 0x52, 0x24, 0x84, 0x4D, 0x70, 0x84, 0x4D, 0x24, 0x84
	.byte 0x52, 0x70, 0x84, 0x52, 0x24, 0x84, 0x4D, 0x70, 0x84, 0x4D, 0x24, 0x84, 0xD5, 0x47, 0x70, 0x86
	.byte 0x47, 0x24, 0x86, 0x4B, 0x70, 0x86, 0x4B, 0x24, 0x86, 0x4E, 0x70, 0x86, 0x4E, 0x24, 0x86, 0x53
	.byte 0x70, 0x86, 0x53, 0x24, 0x86, 0xD3, 0x54, 0x70, 0x84, 0x54, 0x24, 0x84, 0x50, 0x70, 0x84, 0x50
	.byte 0x24, 0x84, 0x4E, 0x70, 0x84, 0x4E, 0x24, 0x84, 0x4B, 0x70, 0x84, 0x4B, 0x24, 0x84, 0x48, 0x70
	.byte 0x84, 0x48, 0x24, 0x84, 0x44, 0x70, 0x84, 0x44, 0x24, 0x84, 0xD5, 0x38, 0x70, 0x86, 0x3D, 0x86
	.byte 0x41, 0x86, 0x44, 0x86, 0x49, 0x86, 0x4D, 0x86, 0x50, 0x86, 0x55, 0x86, 0x59, 0x86, 0x5C, 0x86
	.byte 0x59, 0x86, 0x55, 0x86, 0x50, 0x86, 0x4D, 0x86, 0x49, 0x86, 0x44, 0x86, 0xB0, 0xB0, 0xB0, 0xB0
	.byte 0xB0, 0xB0, 0xB0, 0xB0, 0xB0, 0xB0, 0xB0, 0xB0, 0xB0, 0xB0, 0xB0, 0xB0, 0xB2, 0x25, 0x66, 0x8A
	.byte 0x08, 0xB0, 0xB1, 0xBC, 0x00, 0xBD, 0x23, 0xC1, 0x0C, 0xC2, 0x2C, 0xC1, 0x0C, 0xC2, 0x2C, 0xBF
	.byte 0x40, 0xBE, 0x56, 0xD2, 0x24, 0x70, 0x86, 0xD2, 0x86, 0xFB, 0x25, 0x7F, 0xAC, 0xD2, 0x24, 0x70
	.byte 0x86, 0xD2, 0x86, 0xB4, 0xB3, 0x52, 0x66, 0x8A, 0x08, 0xEB, 0x25, 0x7F, 0x9C, 0xD2, 0x20, 0x70
	.byte 0x86, 0xD2, 0x86, 0xE1, 0x98, 0xD5, 0x8C, 0xD2, 0x86, 0xD2, 0x86, 0xDB, 0x25, 0x7F, 0x8C, 0xD5
	.byte 0x25, 0x24, 0x8C, 0x31, 0x70, 0x86, 0x31, 0x24, 0x86, 0xD1, 0x25, 0x70, 0x86, 0xD2, 0x86, 0xD2
	.byte 0x86, 0xD2, 0x86, 0x31, 0x83, 0xD5, 0x31, 0x24, 0x89, 0x25, 0x70, 0x86, 0x25, 0x24, 0x86, 0xD2
	.byte 0x31, 0x70, 0x83, 0xD5, 0x31, 0x24, 0x89, 0xD5, 0x23, 0x7F, 0x86, 0x23, 0x24, 0x86, 0xD2, 0x2F
	.byte 0x70, 0x83, 0xD5, 0x2F, 0x24, 0x89, 0x23, 0x70, 0x86, 0x23, 0x24, 0x86, 0xD2, 0x2F, 0x70, 0x83
	.byte 0xD5, 0x2F, 0x24, 0x89, 0xD2, 0x23, 0x70, 0x86, 0xD2, 0x86, 0x2F, 0x83, 0xD5, 0x2F, 0x24, 0x89
	.byte 0x23, 0x70, 0x86, 0x23, 0x24, 0x86, 0xD2, 0x2F, 0x70, 0x86, 0x2A, 0x86, 0xB4, 0xD5, 0x25, 0x7F
	.byte 0x86, 0x25, 0x24, 0x86, 0xD2, 0x31, 0x70, 0x83, 0xD5, 0x31, 0x24, 0x89, 0x2C, 0x70, 0x86, 0x2C
	.byte 0x24, 0x86, 0xD2, 0x31, 0x70, 0x83, 0xD5, 0x31, 0x24, 0x89, 0xD2, 0x25, 0x70, 0x86, 0xD2, 0x86
	.byte 0x31, 0x83, 0xD5, 0x31, 0x24, 0x89, 0x2C, 0x70, 0x86, 0x2C, 0x24, 0x86, 0xD2, 0x31, 0x70, 0x83
	.byte 0xD5, 0x31, 0x24, 0x89, 0xB4, 0xD5, 0x22, 0x7F, 0x86, 0x22, 0x24, 0x86, 0xD2, 0x2E, 0x70, 0x83
	.byte 0xD5, 0x2E, 0x24, 0x89, 0x22, 0x70, 0x86, 0x22, 0x24, 0x86, 0xD2, 0x2E, 0x70, 0x83, 0xD5, 0x2E
	.byte 0x24, 0x89, 0x22, 0x70, 0x86, 0x22, 0x24, 0x86, 0xD2, 0x2E, 0x70, 0x83, 0xD5, 0x2E, 0x24, 0x89
	.byte 0x29, 0x70, 0x86, 0x29, 0x24, 0x86, 0xD2, 0x2E, 0x70, 0x83, 0xD5, 0x2E, 0x24, 0x89, 0xB4, 0xD5
	.byte 0x27, 0x7F, 0x86, 0x27, 0x24, 0x86, 0xD2, 0x33, 0x70, 0x83, 0xD5, 0x33, 0x24, 0x89, 0x25, 0x70
	.byte 0x86, 0x25, 0x24, 0x86, 0xD2, 0x31, 0x70, 0x83, 0xD5, 0x31, 0x24, 0x89, 0x23, 0x70, 0x86, 0x23
	.byte 0x24, 0x86, 0xD2, 0x2F, 0x70, 0x83, 0xD5, 0x2F, 0x24, 0x89, 0x22, 0x70, 0x86, 0x22, 0x24, 0x86
	.byte 0xD2, 0x2E, 0x70, 0x83, 0xD5, 0x2E, 0x24, 0x89, 0xB4, 0xD5, 0x20, 0x7F, 0x86, 0x20, 0x24, 0x86
	.byte 0xD2, 0x2C, 0x70, 0x83, 0xD5, 0x2C, 0x24, 0x89, 0x27, 0x70, 0x86, 0x27, 0x24, 0x86, 0xD2, 0x2C
	.byte 0x70, 0x83, 0xD5, 0x2C, 0x24, 0x89, 0xD2, 0x20, 0x70, 0x86, 0xD2, 0x86, 0x2C, 0x83, 0xD5, 0x2C
	.byte 0x24, 0x89, 0x27, 0x70, 0x86, 0x27, 0x24, 0x86, 0xD2, 0x2C, 0x70, 0x83, 0xD5, 0x2C, 0x24, 0x89
	.byte 0xB4, 0x25, 0x7F, 0x86, 0x25, 0x24, 0x86, 0xD2, 0x31, 0x70, 0x83, 0xD5, 0x31, 0x24, 0x89, 0x2C
	.byte 0x70, 0x86, 0x2C, 0x24, 0x86, 0xD2, 0x31, 0x70, 0x83, 0xD5, 0x31, 0x24, 0x89, 0xD2, 0x25, 0x70
	.byte 0x86, 0xD2, 0x86, 0x31, 0x83, 0xD5, 0x31, 0x24, 0x89, 0x25, 0x70, 0x86, 0x25, 0x24, 0x86, 0xD2
	.byte 0x31, 0x70, 0x83, 0xD5, 0x31, 0x24, 0x89, 0x22, 0x7F, 0x86, 0x22, 0x24, 0x86, 0xD2, 0x2E, 0x70
	.byte 0x83, 0xD5, 0x2E, 0x24, 0x89, 0x29, 0x70, 0x86, 0x29, 0x24, 0x86, 0xD2, 0x2E, 0x70, 0x83, 0xD5
	.byte 0x2E, 0x24, 0x89, 0xD2, 0x22, 0x70, 0x86, 0xD2, 0x86, 0x2E, 0x83, 0xD5, 0x2E, 0x24, 0x89, 0x29
	.byte 0x70, 0x86, 0x29, 0x24, 0x86, 0xD2, 0x2E, 0x70, 0x83, 0xD5, 0x2E, 0x24, 0x89, 0x27, 0x7F, 0x86
	.byte 0x27, 0x24, 0x86, 0xD2, 0x33, 0x70, 0x83, 0xD5, 0x33, 0x24, 0x89, 0x25, 0x70, 0x86, 0x25, 0x24
	.byte 0x86, 0xD2, 0x31, 0x70, 0x83, 0xD5, 0x31, 0x24, 0x89, 0xD2, 0x23, 0x70, 0x86, 0xD2, 0x86, 0x2F
	.byte 0x83, 0xD5, 0x2F, 0x24, 0x89, 0x22, 0x70, 0x86, 0x22, 0x24, 0x86, 0xD2, 0x2E, 0x70, 0x83, 0xD5
	.byte 0x2E, 0x24, 0x89, 0xB3, 0xA0, 0x66, 0x8A, 0x08, 0xB3, 0xD6, 0x66, 0x8A, 0x08, 0xB3, 0x0E, 0x67
	.byte 0x8A, 0x08, 0xB3, 0x48, 0x67, 0x8A, 0x08, 0xB3, 0x82, 0x67, 0x8A, 0x08, 0xD5, 0x20, 0x7F, 0x86
	.byte 0x20, 0x24, 0x86, 0xD2, 0x2C, 0x70, 0x83, 0xD5, 0x2C, 0x24, 0x89, 0x27, 0x70, 0x86, 0x27, 0x24
	.byte 0x86, 0xD2, 0x2C, 0x70, 0x83, 0xD5, 0x2C, 0x24, 0x89, 0xD2, 0x20, 0x70, 0x86, 0xD2, 0x86, 0x2C
	.byte 0x83, 0xD5, 0x2C, 0x24, 0x89, 0x24, 0x70, 0x86, 0x24, 0x24, 0x86, 0xD2, 0x2C, 0x70, 0x83, 0xD5
	.byte 0x2C, 0x24, 0x89, 0xB3, 0xD6, 0x66, 0x8A, 0x08, 0xD5, 0x31, 0x7F, 0x86, 0x31, 0x24, 0x92, 0xD2
	.byte 0x25, 0x70, 0x83, 0xD5, 0x25, 0x24, 0x95, 0xD2, 0x2C, 0x70, 0x83, 0xD5, 0x2C, 0x24, 0x95, 0x29
	.byte 0x70, 0x86, 0x29, 0x24, 0x8C, 0x22, 0x70, 0x86, 0xB2, 0xA0, 0x66, 0x8A, 0x08, 0xB0, 0xB1, 0xBC
	.byte 0x00, 0xBD, 0x11, 0xC2, 0x2C, 0xC1, 0x0C, 0xBF, 0x40, 0xBE, 0x20, 0xD2, 0x4F, 0x70, 0x86, 0xD2
	.byte 0x86, 0xFB, 0x50, 0xAC, 0xD2, 0x86, 0xD2, 0x86, 0xFB, 0x52, 0xAC, 0xD2, 0x86, 0xD2, 0x86, 0xEB
	.byte 0x53, 0x9C, 0xD2, 0x86, 0xD2, 0x86, 0xEB, 0x54, 0x9C, 0xD2, 0x86, 0xD2, 0x86, 0xEA, 0x55, 0x9C
	.byte 0xD2, 0x86, 0xD2, 0x86, 0xE7, 0x98, 0xD5, 0x4E, 0x86, 0x50, 0x86, 0x52, 0x86, 0x55, 0x86, 0xEB
	.byte 0x57, 0x70, 0x9C, 0xDB, 0x4E, 0x8C, 0xD5, 0x53, 0x8C, 0xEB, 0x57, 0x9C, 0xEB, 0x59, 0x70, 0x9C
	.byte 0xD5, 0x5A, 0x8C, 0xD2, 0x5F, 0x50, 0x83, 0xD8, 0x5E, 0x70, 0x89, 0xEB, 0x5C, 0x9C, 0xB4, 0xFF
	.byte 0x55, 0xB0, 0xEB, 0x57, 0x9C, 0xDB, 0x59, 0x8C, 0xD2, 0x5B, 0x48, 0x83, 0xD8, 0x5A, 0x70, 0x89
	.byte 0xEB, 0x57, 0x9C, 0x53, 0x9C, 0xDB, 0x4B, 0x8C, 0xD5, 0x4E, 0x8C, 0xEB, 0x53, 0x9C, 0x55, 0x9C
	.byte 0xD5, 0x57, 0x8C, 0x59, 0x8C, 0xE7, 0x57, 0x98, 0xDB, 0x55, 0x8C, 0xFB, 0x52, 0xAC, 0xD2, 0x53
	.byte 0x83, 0x54, 0x83, 0x55, 0x83, 0x56, 0x83, 0xEB, 0x57, 0x9C, 0xDB, 0x55, 0x8C, 0xD5, 0x53, 0x8C
	.byte 0x55, 0x86, 0x53, 0x86, 0x52, 0x8C, 0x53, 0x86, 0x52, 0x86, 0xD2, 0x55, 0x83, 0x56, 0x83, 0xE9
	.byte 0x57, 0x9A, 0xDB, 0x4E, 0x8C, 0xD5, 0x53, 0x8C, 0xEB, 0x57, 0x9C, 0xB3, 0x25, 0x69, 0x8A, 0x08
	.byte 0xEB, 0x5E, 0x70, 0x9C, 0xD5, 0x59, 0x8C, 0x5A, 0x8C, 0xE7, 0x5C, 0x98, 0xDB, 0x5D, 0x8C, 0xE7
	.byte 0x5E, 0x60, 0x98, 0x5C, 0x5C, 0x98, 0xDB, 0x5B, 0x58, 0x8C, 0xD5, 0x5C, 0x86, 0x5B, 0x50, 0x86
	.byte 0xE7, 0x57, 0x58, 0x98, 0xEB, 0x5F, 0x60, 0x9C, 0xDB, 0x5C, 0x8C, 0xD5, 0x5E, 0x8C, 0xEB, 0x5F
	.byte 0x70, 0x9C, 0x60, 0x60, 0x9C, 0xD5, 0x5C, 0x70, 0x8C, 0x63, 0x5C, 0x92, 0x61, 0x58, 0x92, 0xDB
	.byte 0x60, 0x8C, 0xEA, 0x61, 0x5C, 0x9C, 0xD2, 0x61, 0x58, 0x86, 0xD2, 0x86, 0xEA, 0x61, 0x60, 0x9C
	.byte 0xD2, 0x86, 0x61, 0x5C, 0x86, 0xD5, 0x61, 0x70, 0xA0, 0xD5, 0x86, 0x5F, 0x86, 0x5C, 0x86, 0x59
	.byte 0x86, 0xDB, 0x55, 0x8C, 0x56, 0x8C, 0xB2, 0x18, 0x69, 0x8A, 0x08, 0xB0, 0xB1, 0xBC, 0x00, 0xBD
	.byte 0x18, 0xC2, 0x2C, 0xC1, 0x0C, 0xBF, 0x2A, 0xBE, 0x27, 0x8C, 0xB0, 0xB0, 0xB0, 0xB0, 0xD1, 0x42
	.byte 0x70, 0x86, 0x47, 0x86, 0x4B, 0x86, 0x47, 0x86, 0x42, 0x86, 0x47, 0x86, 0x4B, 0x86, 0x47, 0x86
	.byte 0x42, 0x86, 0x47, 0x86, 0xD5, 0x4E, 0x86, 0xD1, 0x47, 0x86, 0xD2, 0x42, 0x86, 0xD1, 0x47, 0x86
	.byte 0xD5, 0x4B, 0x86, 0xD1, 0x47, 0x86, 0x41, 0x86, 0x44, 0x86, 0xD4, 0x4D, 0x86, 0xD1, 0x44, 0x86
	.byte 0x49, 0x86, 0x44, 0x86, 0xD4, 0x4B, 0x86, 0xD1, 0x44, 0x86, 0xD4, 0x4E, 0x86, 0xD1, 0x44, 0x86
	.byte 0xD5, 0x4D, 0x86, 0xD1, 0x44, 0x86, 0xD2, 0x41, 0x86, 0xD1, 0x44, 0x86, 0xD5, 0x4B, 0x86, 0xD1
	.byte 0x44, 0x86, 0x41, 0x86, 0x46, 0x86, 0x49, 0x86, 0x46, 0x86, 0x4D, 0x86, 0x46, 0x86, 0x49, 0x86
	.byte 0x46, 0x86, 0x41, 0x86, 0x46, 0x86, 0xD5, 0x50, 0x86, 0xD1, 0x46, 0x86, 0xD2, 0x41, 0x86, 0xD1
	.byte 0x46, 0x86, 0xD5, 0x4D, 0x86, 0xD1, 0x46, 0x86, 0xD2, 0x42, 0x86, 0x46, 0x86, 0xD5, 0x4B, 0x86
	.byte 0xD2, 0x46, 0x86, 0x42, 0x86, 0x46, 0x86, 0xD5, 0x49, 0x86, 0xD2, 0x46, 0x86, 0x3F, 0x86, 0x42
	.byte 0x86, 0xD5, 0x47, 0x86, 0xD2, 0x42, 0x86, 0x3F, 0x86, 0x42, 0x86, 0xD5, 0x46, 0x86, 0xD2, 0x42
	.byte 0x86, 0x3B, 0x86, 0x42, 0x86, 0x47, 0x86, 0x42, 0x86, 0x4B, 0x86, 0x42, 0x86, 0xD5, 0x47, 0x86
	.byte 0xD2, 0x42, 0x86, 0x3B, 0x86, 0x42, 0x86, 0xD5, 0x4E, 0x86, 0xD2, 0x42, 0x86, 0x3B, 0x86, 0x42
	.byte 0x86, 0xD5, 0x4B, 0x86, 0xD2, 0x42, 0x86, 0x3D, 0x86, 0x44, 0x86, 0x49, 0x86, 0x44, 0x86, 0x4D
	.byte 0x86, 0x44, 0x86, 0x49, 0x86, 0x44, 0x86, 0x3D, 0x86, 0x44, 0x86, 0xD5, 0x50, 0x86, 0xD2, 0x44
	.byte 0x86, 0x3D, 0x86, 0x44, 0x86, 0xD5, 0x4D, 0x86, 0xD2, 0x44, 0x86, 0x3D, 0x86, 0x41, 0x86, 0x49
	.byte 0x86, 0x44, 0x86, 0x4D, 0x86, 0x41, 0x86, 0x49, 0x86, 0x44, 0x86, 0x3D, 0x86, 0x44, 0x86, 0x49
	.byte 0x86, 0x4D, 0x86, 0xD5, 0x50, 0x86, 0xD2, 0x4D, 0x86, 0xD5, 0x49, 0x86, 0xD2, 0x44, 0x86, 0x3F
	.byte 0x86, 0x42, 0x86, 0x4B, 0x86, 0x49, 0x86, 0x3F, 0x86, 0x42, 0x86, 0x4E, 0x86, 0x49, 0x86, 0x3F
	.byte 0x86, 0x42, 0x86, 0x46, 0x86, 0x42, 0x86, 0xD5, 0x4B, 0x86, 0xD2, 0x46, 0x86, 0xD5, 0x4E, 0x86
	.byte 0xD2, 0x4B, 0x86, 0xD1, 0x42, 0x86, 0x47, 0x86, 0x4B, 0x86, 0x47, 0x86, 0xD4, 0x4E, 0x86, 0xD1
	.byte 0x47, 0x86, 0x4B, 0x86, 0x47, 0x86, 0x42, 0x86, 0x47, 0x86, 0xD5, 0x4E, 0x86, 0xD1, 0x47, 0x86
	.byte 0xD5, 0x4D, 0x86, 0xD1, 0x47, 0x86, 0xD5, 0x4B, 0x86, 0xD1, 0x47, 0x86, 0x41, 0x86, 0x44, 0x86
	.byte 0x4D, 0x86, 0x44, 0x86, 0xD4, 0x50, 0x86, 0xD1, 0x44, 0x86, 0x4D, 0x86, 0x44, 0x86, 0x49, 0x86
	.byte 0x44, 0x86, 0xD5, 0x4E, 0x86, 0xD1, 0x44, 0x86, 0xD5, 0x4D, 0x86, 0xD1, 0x44, 0x86, 0xD5, 0x4B
	.byte 0x86, 0xD1, 0x44, 0x86, 0xD1, 0x86, 0x46, 0x86, 0x49, 0x86, 0x46, 0x86, 0xD4, 0x50, 0x86, 0xD1
	.byte 0x46, 0x86, 0x49, 0x86, 0x46, 0x86, 0x44, 0x86, 0x46, 0x86, 0xD5, 0x4E, 0x86, 0xD1, 0x46, 0x86
	.byte 0xD5, 0x4D, 0x86, 0xD1, 0x46, 0x86, 0xD5, 0x4B, 0x86, 0xD1, 0x46, 0x86, 0xD2, 0x43, 0x86, 0x46
	.byte 0x86, 0x4B, 0x86, 0x46, 0x86, 0xD5, 0x4F, 0x86, 0xD2, 0x46, 0x86, 0x4B, 0x86, 0x46, 0x86, 0x3F
	.byte 0x86, 0x46, 0x86, 0xD5, 0x4B, 0x86, 0xD2, 0x46, 0x86, 0xD5, 0x49, 0x86, 0xD2, 0x43, 0x86, 0xD5
	.byte 0x47, 0x86, 0xD2, 0x43, 0x86, 0x42, 0x86, 0x47, 0x86, 0x4E, 0x86, 0x4B, 0x86, 0xD5, 0x53, 0x86
	.byte 0xD2, 0x47, 0x86, 0x4E, 0x86, 0x4B, 0x86, 0x42, 0x86, 0x47, 0x86, 0xD5, 0x52, 0x86, 0xD2, 0x4B
	.byte 0x86, 0x42, 0x86, 0x47, 0x86, 0xD5, 0x50, 0x86, 0xD2, 0x4B, 0x86, 0x42, 0x86, 0x48, 0x86, 0x4E
	.byte 0x86, 0x4B, 0x86, 0xD5, 0x54, 0x86, 0xD2, 0x48, 0x86, 0x4E, 0x86, 0x4B, 0x86, 0x42, 0x86, 0x48
	.byte 0x86, 0xD5, 0x50, 0x86, 0xD2, 0x4B, 0x86, 0x42, 0x86, 0x48, 0x86, 0xD5, 0x4E, 0x86, 0xD2, 0x4B
	.byte 0x86, 0x41, 0x86, 0x44, 0x86, 0x49, 0x86, 0xD5, 0x4D, 0x86, 0xD2, 0x49, 0x86, 0x44, 0x86, 0x49
	.byte 0x86, 0xD5, 0x4D, 0x86, 0x50, 0x86, 0xD2, 0x4D, 0x86, 0x49, 0x86, 0x44, 0x86, 0x41, 0x86, 0x44
	.byte 0x86, 0x49, 0x86, 0x4D, 0x86, 0xD5, 0x50, 0x86, 0x4E, 0x86, 0x4D, 0x86, 0x4B, 0x86, 0x49, 0x86
	.byte 0x47, 0x86, 0x46, 0x86, 0x44, 0xA2, 0xB2, 0x17, 0x6A, 0x8A, 0x08, 0xB0, 0xB1, 0xBC, 0x00, 0xBD
	.byte 0x50, 0xC2, 0x2C, 0xCD, 0x08, 0x12, 0x08, 0x10, 0xC1, 0x0C, 0xBF, 0x03, 0xBE, 0x26, 0x8C, 0xFF
	.byte 0x3B, 0x70, 0xB0, 0x3D, 0xB0, 0xEF, 0x3F, 0xA0, 0xEF, 0xA0, 0xEA, 0x44, 0x8C, 0xBE, 0x23, 0x85
	.byte 0x2B, 0x87, 0x30, 0x8C, 0xD2, 0x3D, 0x86, 0xD2, 0x86, 0xE7, 0x86, 0xBE, 0x24, 0x86, 0x2B, 0x85
	.byte 0x31, 0x9A, 0x81, 0xBE, 0x27, 0xE7, 0x3B, 0x70, 0x98, 0x33, 0x98, 0x36, 0x98, 0x3B, 0x98, 0xEB
	.byte 0x41, 0x8C, 0xC4, 0x08, 0x98, 0x00, 0xD5, 0x3D, 0x8C, 0x41, 0x8C, 0xEB, 0x44, 0x9C, 0xBE, 0x23
	.byte 0xE7, 0x98, 0xBE, 0x31, 0xE7, 0x41, 0x98, 0x3F, 0x98, 0x3D, 0x98, 0xBE, 0x27, 0xEB, 0x3B, 0x8C
	.byte 0xC4, 0x08, 0x98, 0x00, 0xD5, 0x36, 0x8C, 0xE7, 0x3F, 0x98, 0x42, 0x98, 0xEB, 0x3F, 0x8C, 0xC4
	.byte 0x08, 0x98, 0x00, 0xD5, 0x3B, 0x8C, 0xBE, 0x2E, 0xD5, 0x3F, 0x8C, 0x41, 0x86, 0x3F, 0x86, 0x3D
	.byte 0x8C, 0x3F, 0x86, 0x3D, 0x86, 0xBE, 0x27, 0xEB, 0x8C, 0xC4, 0x08, 0x95, 0xD5, 0x38, 0x83, 0xC4
	.byte 0x00, 0x8C, 0xD5, 0x3B, 0x8C, 0xE7, 0x3D, 0x98, 0xDB, 0x38, 0x8C, 0xE7, 0x35, 0x98, 0xBE, 0x2E
	.byte 0xE7, 0x3D, 0x98, 0x3B, 0x98, 0x3A, 0x98, 0xBE, 0x27, 0xE7, 0x36, 0x98, 0x3A, 0x98, 0x3D, 0x98
	.byte 0xBE, 0x2E, 0xDB, 0x42, 0x8C, 0xD5, 0x3F, 0x86, 0x3A, 0x86, 0xBE, 0x27, 0xE7, 0x3B, 0x98, 0x33
	.byte 0x98, 0x36, 0x98, 0x3B, 0x98, 0xBE, 0x2C, 0xEB, 0x41, 0x8C, 0xC4, 0x08, 0x98, 0x00, 0xD5, 0x3D
	.byte 0x8C, 0x41, 0x8C, 0xEB, 0x44, 0x8C, 0xC4, 0x08, 0x98, 0x00, 0xF7, 0x98, 0xC4, 0x06, 0xA0, 0x00
	.byte 0xDB, 0x41, 0x8C, 0xD5, 0x42, 0x86, 0x44, 0x86, 0xBE, 0x27, 0xE7, 0x3F, 0x98, 0x3A, 0x98, 0x3F
	.byte 0x98, 0xBE, 0x2E, 0xE7, 0x46, 0x98, 0xBE, 0x27, 0xEB, 0x4B, 0x8C, 0xC4, 0x08, 0x98, 0x00, 0xDB
	.byte 0x42, 0x8C, 0xD5, 0x47, 0x8C, 0xBE, 0x2F, 0xE7, 0x4B, 0x98, 0xBE, 0x27, 0xD5, 0x42, 0x86, 0x44
	.byte 0x86, 0xEB, 0x48, 0x8C, 0xC4, 0x08, 0x98, 0x00, 0xD5, 0x3F, 0x8C, 0xBE, 0x2E, 0xD5, 0x48, 0x92
	.byte 0x46, 0x92, 0xDB, 0x44, 0x8C, 0xBE, 0x2D, 0xE9, 0x41, 0x9C, 0xD2, 0x86, 0xD2, 0x86, 0xEA, 0x3F
	.byte 0x9C, 0xD2, 0x86, 0xD2, 0x86, 0xBE, 0x27, 0xD5, 0x3D, 0xA0, 0x38, 0x86, 0x3D, 0x86, 0x41, 0x86
	.byte 0x44, 0x86, 0x41, 0x8C, 0xDB, 0x3E, 0x8C, 0xB2, 0xAC, 0x6C, 0x8A, 0x08, 0xB0, 0xB1, 0xBC, 0x00
	.byte 0xBD, 0x51, 0xC2, 0x2C, 0xCD, 0x08, 0x12, 0x08, 0x10, 0xC1, 0x0C, 0xBF, 0x7F, 0xBE, 0x25, 0x8C
	.byte 0xFF, 0x3F, 0x70, 0xB0, 0x41, 0xB0, 0xEF, 0x42, 0xA0, 0xEF, 0xA0, 0xEA, 0x3D, 0x8C, 0xBE, 0x23
	.byte 0x85, 0x2B, 0x87, 0x30, 0x8C, 0xD2, 0x44, 0x86, 0xD2, 0x86, 0xE7, 0x86, 0xBE, 0x24, 0x86, 0x2B
	.byte 0x85, 0x31, 0x9A, 0x81, 0xBE, 0x27, 0xE7, 0x3F, 0x70, 0x98, 0x36, 0x98, 0x3B, 0x98, 0x3F, 0x98
	.byte 0xEB, 0x49, 0x8C, 0xC4, 0x08, 0x98, 0x00, 0xD5, 0x41, 0x8C, 0x49, 0x8C, 0xEB, 0x47, 0x9C, 0xBE
	.byte 0x23, 0xE7, 0x46, 0x98, 0xBE, 0x30, 0xE7, 0x44, 0x98, 0x42, 0x98, 0x41, 0x98, 0xBE, 0x27, 0xEB
	.byte 0x3F, 0x8C, 0xC4, 0x08, 0x98, 0x00, 0xD5, 0x3B, 0x8C, 0xE7, 0x42, 0x98, 0x46, 0x98, 0xEB, 0x47
	.byte 0x8C, 0xC4, 0x08, 0x98, 0x00, 0xD5, 0x42, 0x8C, 0xBE, 0x2E, 0xD5, 0x47, 0x8C, 0x49, 0x86, 0x47
	.byte 0x86, 0x46, 0x8C, 0x47, 0x86, 0x46, 0x86, 0xBE, 0x27, 0xEB, 0x44, 0x8C, 0xC4, 0x08, 0x98, 0x00
	.byte 0xD5, 0x41, 0x8C, 0x42, 0x8C, 0xE7, 0x44, 0x98, 0xDB, 0x41, 0x8C, 0xE7, 0x3D, 0x98, 0xBE, 0x2E
	.byte 0xE7, 0x44, 0x98, 0x42, 0x98, 0x41, 0x98, 0xBE, 0x27, 0xE7, 0x3F, 0x98, 0x42, 0x98, 0x46, 0x98
	.byte 0xBE, 0x2E, 0xDB, 0x49, 0x8C, 0xD5, 0x46, 0x86, 0x42, 0x86, 0xBE, 0x27, 0xE7, 0x3F, 0x98, 0x36
	.byte 0x98, 0x3B, 0x98, 0x3F, 0x98, 0xBE, 0x2C, 0xEB, 0x49, 0x8C, 0xC4, 0x08, 0x98, 0x00, 0xD5, 0x41
	.byte 0x8C, 0x49, 0x8C, 0xEB, 0x47, 0x8C, 0xC4, 0x08, 0x98, 0x00, 0xF7, 0x49, 0x98, 0xC4, 0x06, 0xA0
	.byte 0x00, 0xDB, 0x47, 0x8C, 0xD5, 0x49, 0x86, 0x47, 0x86, 0xBE, 0x27, 0xE7, 0x46, 0x98, 0x43, 0x98
	.byte 0x46, 0x98, 0xBE, 0x2E, 0xE7, 0x4B, 0x98, 0xBE, 0x27, 0xEB, 0x4E, 0x8C, 0xC4, 0x08, 0x98, 0x00
	.byte 0xDB, 0x47, 0x8C, 0xD5, 0x4B, 0x8C, 0xBE, 0x2F, 0xE7, 0x4E, 0x98, 0xBE, 0x27, 0xD5, 0x47, 0x86
	.byte 0x49, 0x86, 0xEB, 0x4B, 0x8C, 0xC4, 0x08, 0x98, 0x00, 0xD5, 0x42, 0x8C, 0xBE, 0x2E, 0xD5, 0x4B
	.byte 0x92, 0x49, 0x92, 0xDB, 0x48, 0x8C, 0xBE, 0x2D, 0xE9, 0x49, 0x9C, 0xD2, 0x86, 0xD2, 0x86, 0xEA
	.byte 0x47, 0x9C, 0xD2, 0x86, 0xD2, 0x86, 0xBE, 0x27, 0xD5, 0x49, 0xA0, 0x3D, 0x86, 0x41, 0x86, 0x44
	.byte 0x86, 0x47, 0x86, 0x49, 0x98, 0xB2, 0xFD, 0x6D, 0x8A, 0x08, 0xB0, 0xB1, 0xBC, 0x00, 0xBD, 0x52
	.byte 0xC2, 0x1C, 0xCD, 0x08, 0x12, 0x08, 0x10, 0xC1, 0x0C, 0xBF, 0x40, 0xBE, 0x1E, 0xC0, 0x41, 0xD2
	.byte 0x4F, 0x70, 0x86, 0xD2, 0x86, 0xFB, 0x50, 0xA0, 0xC4, 0x04, 0x9C, 0x00, 0xD2, 0x86, 0xD2, 0x86
	.byte 0xFB, 0x52, 0xA0, 0xC4, 0x04, 0x9C, 0x00, 0xD2, 0x86, 0xD2, 0x86, 0xEB, 0x53, 0x98, 0xC4, 0x05
	.byte 0x8C, 0x00, 0xD2, 0x86, 0xD2, 0x86, 0xEB, 0x54, 0x98, 0xC4, 0x05, 0x8C, 0x00, 0xD2, 0x86, 0xD2
	.byte 0x86, 0xC4, 0x00, 0xEA, 0x55, 0x98, 0xC4, 0x05, 0x8C, 0x00, 0xD2, 0x86, 0xD2, 0x86, 0xE7, 0x8C
	.byte 0xC4, 0x05, 0x8C, 0x00, 0xD5, 0x4E, 0x86, 0x50, 0x86, 0x52, 0x86, 0x55, 0x86, 0xEB, 0x57, 0x70
	.byte 0x98, 0xC4, 0x05, 0x8C, 0x00, 0xDB, 0x4E, 0x8C, 0xD5, 0x53, 0x8C, 0xEB, 0x57, 0x8C, 0xC4, 0x05
	.byte 0x8C, 0x00, 0x8C, 0xEB, 0x59, 0x98, 0xC4, 0x05, 0x8C, 0x00, 0xD5, 0x5A, 0x8C, 0xD2, 0x5F, 0x50
	.byte 0x83, 0xD8, 0x5E, 0x70, 0x89, 0xEB, 0x5C, 0x9C, 0xFF, 0x55, 0xA0, 0xC4, 0x05, 0xA0, 0x00, 0xEB
	.byte 0x57, 0x98, 0xC4, 0x05, 0x8C, 0x00, 0xDB, 0x59, 0x8C, 0xD2, 0x5B, 0x48, 0x83, 0xD8, 0x5A, 0x70
	.byte 0x89, 0xEB, 0x57, 0x98, 0xC4, 0x05, 0x8C, 0x00, 0xEB, 0x53, 0x9C, 0xDB, 0x4B, 0x8C, 0xD5, 0x4E
	.byte 0x8C, 0xEB, 0x53, 0x98, 0xC4, 0x05, 0x8C, 0x00, 0xEB, 0x55, 0x98, 0xC4, 0x05, 0x8C, 0x00, 0xD5
	.byte 0x57, 0x8C, 0x59, 0x8C, 0xE7, 0x57, 0x98, 0xDB, 0x55, 0x8C, 0xFB, 0x52, 0xA0, 0xC4, 0x06, 0x9C
	.byte 0x00, 0xD2, 0x53, 0x83, 0x54, 0x83, 0x55, 0x83, 0x56, 0x83, 0xEB, 0x57, 0x98, 0xC4, 0x05, 0x8C
	.byte 0x00, 0xDB, 0x55, 0x8C, 0xD5, 0x53, 0x8C, 0x55, 0x86, 0x53, 0x86, 0x52, 0x8C, 0x53, 0x86, 0x52
	.byte 0x86, 0xD2, 0x55, 0x83, 0x56, 0x83, 0xE9, 0x57, 0x92, 0xC4, 0x05, 0x8C, 0x00, 0xDB, 0x4E, 0x8C
	.byte 0xD5, 0x53, 0x8C, 0xEB, 0x57, 0x98, 0xC4, 0x05, 0x8C, 0x00, 0xEB, 0x59, 0x98, 0xC4, 0x05, 0x8C
	.byte 0x00, 0xD5, 0x5A, 0x8C, 0xD2, 0x5F, 0x50, 0x83, 0xD8, 0x5E, 0x70, 0x89, 0xEB, 0x5C, 0x98, 0xC4
	.byte 0x05, 0x8C, 0x00, 0xEB, 0x5E, 0x98, 0xC4, 0x05, 0x8C, 0x00, 0xD5, 0x59, 0x8C, 0x5A, 0x8C, 0xE7
	.byte 0x5C, 0x98, 0xDB, 0x5D, 0x8C, 0xE7, 0x5E, 0x98, 0x5C, 0x98, 0xDB, 0x5B, 0x8C, 0xD5, 0x5C, 0x86
	.byte 0x5B, 0x86, 0xE7, 0x57, 0x98, 0xEB, 0x5F, 0x98, 0xC4, 0x05, 0x8C, 0x00, 0xDB, 0x5C, 0x8C, 0xD5
	.byte 0x5E, 0x8C, 0xEB, 0x5F, 0x98, 0xC4, 0x05, 0x8C, 0x00, 0xEB, 0x60, 0x98, 0xC4, 0x05, 0x8C, 0x00
	.byte 0xD5, 0x5C, 0x8C, 0x63, 0x92, 0x61, 0x92, 0xDB, 0x60, 0x8C, 0xEA, 0x61, 0x98, 0xC4, 0x05, 0x8C
	.byte 0x00, 0xD2, 0x86, 0xD2, 0x86, 0xEA, 0x98, 0xC4, 0x05, 0x8C, 0x00, 0xD2, 0x86, 0xD2, 0x86, 0xD5
	.byte 0xA0, 0xD5, 0x86, 0x5F, 0x86, 0x5C, 0x86, 0x59, 0x86, 0xDB, 0x55, 0x8C, 0x56, 0x8C, 0xB2, 0x76
	.byte 0x6F, 0x8A, 0x08, 0xB0, 0xB1, 0xBC, 0x00, 0xBD, 0x49, 0xC2, 0x2C, 0xC1, 0x0C, 0xBF, 0x53, 0xBE
	.byte 0x2B, 0x8C, 0xB0, 0xB0, 0xB0, 0xEA, 0x41, 0x70, 0x9C, 0xD2, 0x86, 0xD2, 0x86, 0xE7, 0x98, 0xD5
	.byte 0x3F, 0x86, 0x42, 0x86, 0x44, 0x86, 0x46, 0x86, 0xEB, 0x47, 0x70, 0x9C, 0xDB, 0x3F, 0x8C, 0xD5
	.byte 0x42, 0x8C, 0xEB, 0x47, 0x9C, 0xB4, 0xEB, 0x49, 0x70, 0x9C, 0xD5, 0x4B, 0x8C, 0xD2, 0x4F, 0x83
	.byte 0xD8, 0x4E, 0x89, 0xEB, 0x4D, 0x9C, 0xB4, 0xFF, 0x46, 0xB0, 0xEB, 0x42, 0x9C, 0xDB, 0x44, 0x8C
	.byte 0xD2, 0x47, 0x83, 0xD8, 0x46, 0x89, 0xEB, 0x42, 0x9C, 0x44, 0x9C, 0xDB, 0x3F, 0x8C, 0xD5, 0x42
	.byte 0x8C, 0xEB, 0x44, 0x9C, 0x41, 0x9C, 0xD5, 0x44, 0x8C, 0x46, 0x89, 0xE7, 0x44, 0x98, 0x83, 0xDB
	.byte 0x42, 0x8C, 0xF7, 0x41, 0xB0, 0xEB, 0x46, 0x9C, 0xDB, 0x44, 0x8C, 0xD5, 0x42, 0x8C, 0x44, 0x86
	.byte 0x42, 0x86, 0x41, 0x8C, 0x42, 0x86, 0x41, 0x86, 0xB3, 0xD1, 0x70, 0x8A, 0x08, 0xB3, 0xDF, 0x70
	.byte 0x8A, 0x08, 0xEB, 0x4D, 0x70, 0x9C, 0xD5, 0x49, 0x8C, 0x4E, 0x8C, 0xE7, 0x4D, 0x98, 0xDB, 0x4B
	.byte 0x8C, 0xE7, 0x4F, 0x98, 0x4D, 0x98, 0xDB, 0x4B, 0x8C, 0xD5, 0x4D, 0x86, 0x4B, 0x86, 0xE7, 0x47
	.byte 0x98, 0xEB, 0x50, 0x9C, 0xDB, 0x4B, 0x8C, 0xD5, 0x4D, 0x8C, 0xE7, 0x50, 0x98, 0xD5, 0x4D, 0x86
	.byte 0x4E, 0x86, 0xEB, 0x50, 0x9C, 0xD5, 0x48, 0x8C, 0x4E, 0x92, 0x4D, 0x92, 0xDB, 0x4B, 0x8C, 0xEA
	.byte 0x50, 0x9C, 0xD2, 0x86, 0xD2, 0x86, 0xEA, 0x4E, 0x9C, 0xD2, 0x86, 0xD2, 0x86, 0xD5, 0x4D, 0xA0
	.byte 0x5C, 0x86, 0x59, 0x86, 0x55, 0x86, 0x50, 0x86, 0x4D, 0x98, 0xB2, 0xD1, 0x70, 0x8A, 0x08, 0xB0
	.byte 0xB1, 0x00, 0x00, 0x09, 0x00, 0x00, 0xB2, 0x94, 0x3F, 0x61, 0x08, 0xC0, 0x63, 0x8A, 0x08, 0x67
	.byte 0x65, 0x8A, 0x08, 0x3C, 0x66, 0x8A, 0x08, 0xD8, 0x68, 0x8A, 0x08, 0x06, 0x6A, 0x8A, 0x08, 0x76
	.byte 0x6C, 0x8A, 0x08, 0xC7, 0x6D, 0x8A, 0x08, 0x15, 0x6F, 0x8A, 0x08, 0xAE, 0x70, 0x8A, 0x08, 0xBC
	.byte 0x00, 0xBB, 0x2D, 0xBD, 0x7F, 0xC2, 0x2C, 0xBF, 0x40, 0xBE, 0x23, 0x98, 0xBF, 0x02, 0xDB, 0x4F
	.byte 0x70, 0x8C, 0x4F, 0x54, 0x8C, 0x4F, 0x44, 0x8C, 0x4F, 0x24, 0x8C, 0xBF, 0x7F, 0xDB, 0x4F, 0x70
	.byte 0x8C, 0x4F, 0x54, 0x8C, 0xDB, 0x4F, 0x44, 0x8C, 0x4F, 0x24, 0x8C, 0xBF, 0x02, 0xDB, 0x4F, 0x70
	.byte 0x8C, 0x4F, 0x54, 0x8C, 0x4F, 0x44, 0x8C, 0x4F, 0x24, 0x8C, 0xBF, 0x7F, 0xDB, 0x4F, 0x70, 0x8C
	.byte 0x4F, 0x54, 0x8C, 0xB4, 0xB3, 0xED, 0x71, 0x8A, 0x08, 0xB3, 0xED, 0x71, 0x8A, 0x08, 0xDB, 0x4F
	.byte 0x44, 0x8C, 0x4F, 0x24, 0x8C, 0xBF, 0x01, 0xD5, 0x4F, 0x70, 0x86, 0x4F, 0x5C, 0x86, 0x4F, 0x44
	.byte 0x86, 0x4F, 0x24, 0x86, 0xBF, 0x7F, 0xD5, 0x4F, 0x70, 0x86, 0x4F, 0x5C, 0x86, 0x4F, 0x44, 0x86
	.byte 0x4F, 0x24, 0x86, 0xBF, 0x01, 0xD5, 0x4F, 0x70, 0x86, 0x4F, 0x5C, 0x86, 0x4F, 0x44, 0x86, 0x4F
	.byte 0x24, 0x86, 0xB4, 0xBF, 0x7F, 0xD5, 0x4F, 0x70, 0x86, 0x4F, 0x5C, 0x86, 0x4F, 0x44, 0x86, 0x4F
	.byte 0x24, 0x86, 0xBF, 0x01, 0xD5, 0x4F, 0x70, 0x86, 0x4F, 0x5C, 0x86, 0x4F, 0x44, 0x86, 0x4F, 0x24
	.byte 0x86, 0xBF, 0x7F, 0xD5, 0x4F, 0x70, 0x86, 0x4F, 0x5C, 0x86, 0x4F, 0x44, 0x86, 0x4F, 0x24, 0x86
	.byte 0xBF, 0x01, 0xD5, 0x4F, 0x70, 0x86, 0x4F, 0x5C, 0x86, 0x4F, 0x44, 0x86, 0x4F, 0x24, 0x86, 0xB4
	.byte 0xB3, 0x4C, 0x72, 0x8A, 0x08, 0xB3, 0x4C, 0x72, 0x8A, 0x08, 0xBF, 0x7F, 0xD5, 0x4F, 0x70, 0x86
	.byte 0x4F, 0x5C, 0x86, 0x4F, 0x44, 0x86, 0x4F, 0x24, 0x86, 0xBF, 0x02, 0xDB, 0x4F, 0x70, 0x8C, 0x4F
	.byte 0x54, 0x8C, 0x4F, 0x44, 0x8C, 0x4F, 0x24, 0x8C, 0xBF, 0x7F, 0xDB, 0x4F, 0x70, 0x8C, 0x4F, 0x54
	.byte 0x8C, 0xB3, 0xED, 0x71, 0x8A, 0x08, 0xB3, 0xED, 0x71, 0x8A, 0x08, 0xB3, 0xED, 0x71, 0x8A, 0x08
	.byte 0xB3, 0x17, 0x72, 0x8A, 0x08, 0xB3, 0x4C, 0x72, 0x8A, 0x08, 0xB3, 0x4C, 0x72, 0x8A, 0x08, 0xB3
	.byte 0x4C, 0x72, 0x8A, 0x08, 0xBF, 0x7F, 0xB0, 0xB0, 0xB0, 0xB0, 0xB2, 0xCA, 0x71, 0x8A, 0x08, 0xB1
	.byte 0xBC, 0x00, 0xBD, 0x2D, 0xC2, 0x2C, 0xBE, 0x44, 0xBF, 0x40, 0x9B, 0x81, 0xD2, 0x30, 0x40, 0x83
	.byte 0xDB, 0x32, 0x70, 0x8C, 0x38, 0x8C, 0x32, 0x95, 0xD2, 0x30, 0x40, 0x83, 0xDB, 0x32, 0x70, 0x8C
	.byte 0xDB, 0x38, 0x70, 0x8C, 0x32, 0x95, 0xD2, 0x30, 0x40, 0x83, 0xDB, 0x32, 0x70, 0x8C, 0x38, 0x8C
	.byte 0x32, 0x95, 0xD2, 0x30, 0x40, 0x83, 0xDB, 0x32, 0x70, 0x8C, 0xB4, 0xB3, 0x09, 0x73, 0x8A, 0x08
	.byte 0xB3, 0x09, 0x73, 0x8A, 0x08, 0xB3, 0x09, 0x73, 0x8A, 0x08, 0xB3, 0x09, 0x73, 0x8A, 0x08, 0xB3
	.byte 0x09, 0x73, 0x8A, 0x08, 0xB3, 0x09, 0x73, 0x8A, 0x08, 0xDB, 0x38, 0x70, 0x8C, 0x32, 0x95, 0xD2
	.byte 0x33, 0x40, 0x83, 0xDB, 0x35, 0x70, 0x8C, 0x3B, 0x8C, 0x35, 0x95, 0xD2, 0x33, 0x40, 0x83, 0xDB
	.byte 0x35, 0x70, 0x8C, 0xDB, 0x3B, 0x70, 0x8C, 0x35, 0x95, 0xD2, 0x33, 0x40, 0x83, 0xDB, 0x35, 0x70
	.byte 0x8C, 0x3B, 0x8C, 0x35, 0x95, 0xD2, 0x33, 0x40, 0x83, 0xDB, 0x35, 0x70, 0x8C, 0xB4, 0xB3, 0x5C
	.byte 0x73, 0x8A, 0x08, 0xB3, 0x5C, 0x73, 0x8A, 0x08, 0xB3, 0x5C, 0x73, 0x8A, 0x08, 0xB3, 0x5C, 0x73
	.byte 0x8A, 0x08, 0xB3, 0x5C, 0x73, 0x8A, 0x08, 0xB3, 0x5C, 0x73, 0x8A, 0x08, 0xDB, 0x3B, 0x70, 0x8C
	.byte 0x35, 0x8C, 0xBD, 0x3C, 0x98, 0xBE, 0x31, 0x86, 0xD2, 0x42, 0x86, 0xD2, 0x86, 0xD2, 0x86, 0xD2
	.byte 0x86, 0xD2, 0x86, 0xD2, 0x86, 0xD2, 0x86, 0xD2, 0x83, 0x44, 0x83, 0x42, 0x86, 0x41, 0x86, 0x3F
	.byte 0x86, 0xD5, 0x3E, 0x86, 0x3F, 0x86, 0xFB, 0x41, 0xA4, 0x98, 0xD5, 0x48, 0x86, 0x45, 0x8C, 0x42
	.byte 0x86, 0x3F, 0x86, 0x42, 0x64, 0x86, 0x39, 0x60, 0x86, 0x3C, 0x86, 0x36, 0x5C, 0x86, 0x39, 0x54
	.byte 0x86, 0x33, 0x86, 0x36, 0x50, 0x86, 0xD3, 0x39, 0x84, 0x3C, 0x54, 0x84, 0x3F, 0x58, 0x84, 0x45
	.byte 0x5C, 0x84, 0x48, 0x84, 0xD7, 0x4A, 0x68, 0xA9, 0xB2, 0xEB, 0x72, 0x8A, 0x08, 0xB1, 0xBC, 0x00
	.byte 0xBD, 0x18, 0xC1, 0x0C, 0xC2, 0x2C, 0xBF, 0x40, 0xBE, 0x58, 0x92, 0xD2, 0x28, 0x7C, 0x83, 0x2A
	.byte 0x83, 0xED, 0x2B, 0x9E, 0xD2, 0x28, 0x83, 0x2A, 0x83, 0xED, 0x2B, 0x98, 0x92, 0xD2, 0x28, 0x7C
	.byte 0x83, 0x2A, 0x83, 0xED, 0x2B, 0x9E, 0xD2, 0x28, 0x83, 0x2A, 0x83, 0xED, 0x2B, 0x98, 0xB4, 0xB3
	.byte 0x15, 0x74, 0x8A, 0x08, 0xB3, 0x15, 0x74, 0x8A, 0x08, 0xB3, 0x15, 0x74, 0x8A, 0x08, 0xB3, 0x15
	.byte 0x74, 0x8A, 0x08, 0xB3, 0x15, 0x74, 0x8A, 0x08, 0xB3, 0x15, 0x74, 0x8A, 0x08, 0x92, 0xD2, 0x28
	.byte 0x7C, 0x83, 0x2A, 0x83, 0xED, 0x2E, 0x9E, 0xD2, 0x2B, 0x83, 0x2D, 0x83, 0xED, 0x2E, 0x98, 0x92
	.byte 0xD2, 0x2B, 0x7C, 0x83, 0x2D, 0x83, 0xED, 0x2E, 0x9E, 0xD2, 0x2B, 0x83, 0x2D, 0x83, 0xED, 0x2E
	.byte 0x98, 0xB4, 0xB3, 0x58, 0x74, 0x8A, 0x08, 0xB3, 0x58, 0x74, 0x8A, 0x08, 0xB3, 0x58, 0x74, 0x8A
	.byte 0x08, 0xB3, 0x58, 0x74, 0x8A, 0x08, 0xB3, 0x58, 0x74, 0x8A, 0x08, 0xB3, 0x58, 0x74, 0x8A, 0x08
	.byte 0x92, 0xD2, 0x2B, 0x7C, 0x83, 0x2D, 0x83, 0xBD, 0x30, 0xBE, 0x29, 0xA8, 0xA0, 0xD5, 0x3A, 0x70
	.byte 0x86, 0x35, 0x86, 0x3A, 0x86, 0x3E, 0x86, 0x41, 0x86, 0x3E, 0x86, 0x3D, 0x86, 0x3E, 0x86, 0x46
	.byte 0x86, 0x41, 0x86, 0x46, 0x86, 0x4D, 0x86, 0x4E, 0x86, 0x4B, 0x8C, 0x48, 0x86, 0x45, 0x86, 0x48
	.byte 0x86, 0x3F, 0x64, 0x86, 0x42, 0x86, 0x3C, 0x5C, 0x86, 0x3F, 0x86, 0x39, 0x58, 0x86, 0x3C, 0x86
	.byte 0xD3, 0x3F, 0x54, 0x84, 0x42, 0x58, 0x84, 0x45, 0x5C, 0x84, 0x4B, 0x60, 0x84, 0x4E, 0x64, 0x84
	.byte 0xD7, 0x52, 0x70, 0xA1, 0xBD, 0x2F, 0xE7, 0x22, 0x98, 0xB2, 0xF9, 0x73, 0x8A, 0x08, 0xB1, 0xBC
	.byte 0x00, 0xBD, 0x18, 0xC2, 0x2C, 0xBE, 0x37, 0xC1, 0x0C, 0xBF, 0x38, 0x98, 0xC0, 0x38, 0xDB, 0x43
	.byte 0x70, 0x83, 0xC0, 0x45, 0x83, 0x40, 0x92, 0xDB, 0x3F, 0x98, 0xC0, 0x3B, 0xDB, 0x43, 0x83, 0xC0
	.byte 0x42, 0x83, 0x40, 0x92, 0xDB, 0x44, 0x98, 0x43, 0x98, 0x3F, 0x98, 0xC0, 0x37, 0xDB, 0x3E, 0x83
	.byte 0xC0, 0x45, 0x83, 0x40, 0x92, 0xDB, 0x3C, 0x98, 0x3B, 0x98, 0x37, 0x98, 0x3B, 0x98, 0x3C, 0x98
	.byte 0x3E, 0x98, 0x3F, 0x98, 0x3E, 0x98, 0xC0, 0x39, 0xDB, 0x44, 0x83, 0xC0, 0x42, 0x83, 0x40, 0x92
	.byte 0xD5, 0x43, 0x8C, 0x43, 0x60, 0x8C, 0x3F, 0x70, 0x8C, 0x3F, 0x60, 0x8C, 0x43, 0x70, 0x8C, 0x43
	.byte 0x60, 0x8C, 0x44, 0x70, 0x8C, 0x44, 0x60, 0x8C, 0x43, 0x70, 0x8C, 0x43, 0x60, 0x8C, 0x3F, 0x70
	.byte 0x8C, 0x3F, 0x60, 0x8C, 0x3E, 0x70, 0x8C, 0x3E, 0x60, 0x8C, 0x3C, 0x70, 0x8C, 0x3C, 0x60, 0x8C
	.byte 0x3B, 0x70, 0x8C, 0x3B, 0x60, 0x8C, 0x37, 0x70, 0x8C, 0x37, 0x60, 0x8C, 0x3B, 0x70, 0x8C, 0x3B
	.byte 0x60, 0x8C, 0x3C, 0x70, 0x8C, 0x3C, 0x60, 0x8C, 0x3E, 0x70, 0x8C, 0x3E, 0x60, 0x8C, 0x3F, 0x70
	.byte 0x8C, 0x3F, 0x60, 0x8C, 0x3E, 0x70, 0x8C, 0x3E, 0x60, 0x8C, 0x44, 0x70, 0x8C, 0x44, 0x60, 0x8C
	.byte 0xC0, 0x38, 0xDB, 0x46, 0x70, 0x83, 0xC0, 0x45, 0x83, 0x40, 0x92, 0xDB, 0x42, 0x98, 0xC0, 0x3B
	.byte 0xDB, 0x46, 0x83, 0xC0, 0x42, 0x83, 0x40, 0x92, 0xDB, 0x47, 0x98, 0x46, 0x98, 0x42, 0x98, 0xC0
	.byte 0x37, 0xDB, 0x41, 0x83, 0xC0, 0x45, 0x83, 0x40, 0x92, 0xDB, 0x3F, 0x98, 0x3E, 0x98, 0x3A, 0x98
	.byte 0x3E, 0x98, 0x3F, 0x98, 0x41, 0x98, 0x42, 0x98, 0x41, 0x98, 0xC0, 0x39, 0xDB, 0x47, 0x83, 0xC0
	.byte 0x45, 0x83, 0x40, 0x92, 0xD5, 0x46, 0x8C, 0x46, 0x60, 0x8C, 0x42, 0x70, 0x8C, 0x42, 0x60, 0x8C
	.byte 0x46, 0x70, 0x8C, 0x46, 0x60, 0x8C, 0x47, 0x70, 0x8C, 0x47, 0x60, 0x8C, 0x46, 0x70, 0x8C, 0x46
	.byte 0x60, 0x8C, 0x42, 0x70, 0x8C, 0x42, 0x60, 0x8C, 0x41, 0x70, 0x8C, 0x41, 0x60, 0x8C, 0x3F, 0x70
	.byte 0x8C, 0x3F, 0x60, 0x8C, 0x3E, 0x70, 0x8C, 0x3E, 0x60, 0x8C, 0x3A, 0x70, 0x8C, 0x3A, 0x60, 0x8C
	.byte 0x3E, 0x70, 0x8C, 0x3E, 0x60, 0x8C, 0x3F, 0x70, 0x8C, 0x3F, 0x60, 0x8C, 0x41, 0x70, 0x8C, 0x41
	.byte 0x60, 0x8C, 0x42, 0x70, 0x8C, 0x42, 0x60, 0x8C, 0x41, 0x70, 0x8C, 0x41, 0x60, 0x8C, 0xBF, 0x40
	.byte 0xD5, 0x47, 0x70, 0x92, 0xBD, 0x2F, 0xD2, 0x2E, 0x83, 0xD2, 0x83, 0xBE, 0x46, 0xD5, 0x2E, 0x78
	.byte 0x8C, 0x22, 0x7C, 0xA4, 0xA6, 0xD2, 0x39, 0x70, 0x83, 0xD2, 0x83, 0xD5, 0x3A, 0x8C, 0x2E, 0x8C
	.byte 0x3A, 0x86, 0xD5, 0x86, 0x2E, 0xAC, 0xD3, 0x2E, 0x48, 0x84, 0x2E, 0x58, 0x84, 0x2E, 0x60, 0x84
	.byte 0x35, 0x64, 0x84, 0x35, 0x68, 0x84, 0xD7, 0x3A, 0x7C, 0xA1, 0xDD, 0x2E, 0x70, 0x98, 0xB2, 0xEA
	.byte 0x74, 0x8A, 0x08, 0xB1, 0xBC, 0x00, 0xBD, 0x18, 0xC2, 0x2C, 0xBF, 0x57, 0xC1, 0x0C, 0xBE, 0x37
	.byte 0x98, 0x37, 0x8C, 0xDB, 0x43, 0x48, 0x98, 0x3F, 0x98, 0x43, 0x8C, 0x8C, 0x44, 0x98, 0x43, 0x98
	.byte 0x3F, 0x98, 0x3E, 0x8C, 0x8C, 0x3C, 0x98, 0x3B, 0x98, 0x37, 0x98, 0x3B, 0x8C, 0x8C, 0x3C, 0x98
	.byte 0x3E, 0x98, 0x3F, 0x98, 0x3E, 0x8C, 0x8C, 0x44, 0x92, 0xD5, 0x43, 0x70, 0x8C, 0x43, 0x50, 0x8C
	.byte 0x3F, 0x70, 0x8C, 0x3F, 0x54, 0x8C, 0x43, 0x70, 0x8C, 0x43, 0x58, 0x86, 0x86, 0x44, 0x70, 0x8C
	.byte 0x44, 0x54, 0x8C, 0x43, 0x70, 0x8C, 0x43, 0x54, 0x8C, 0x3F, 0x70, 0x8C, 0x3F, 0x54, 0x8C, 0x3E
	.byte 0x70, 0x8C, 0x3E, 0x50, 0x86, 0x86, 0x3C, 0x70, 0x8C, 0x3C, 0x58, 0x8C, 0x3B, 0x70, 0x8C, 0x3B
	.byte 0x54, 0x8C, 0x37, 0x70, 0x8C, 0x37, 0x54, 0x8C, 0x3B, 0x70, 0x8C, 0x3B, 0x58, 0x86, 0x86, 0x3C
	.byte 0x70, 0x8C, 0x3C, 0x58, 0x8C, 0x3E, 0x70, 0x8C, 0x3E, 0x54, 0x8C, 0x3F, 0x70, 0x8C, 0x3F, 0x50
	.byte 0x8C, 0x3E, 0x70, 0x8C, 0x3E, 0x54, 0x86, 0x86, 0x44, 0x70, 0x8C, 0x44, 0x58, 0x92, 0xDB, 0x46
	.byte 0x48, 0x98, 0x42, 0x98, 0x46, 0x8C, 0x8C, 0x47, 0x98, 0x46, 0x98, 0x42, 0x98, 0x41, 0x8C, 0x8C
	.byte 0x3F, 0x98, 0x3E, 0x98, 0x3A, 0x98, 0x3E, 0x8C, 0x8C, 0x3F, 0x98, 0x41, 0x98, 0x42, 0x98, 0x41
	.byte 0x8C, 0x8C, 0x47, 0x92, 0xD5, 0x46, 0x70, 0x8C, 0x46, 0x50, 0x8C, 0x42, 0x70, 0x8C, 0x42, 0x54
	.byte 0x8C, 0x46, 0x70, 0x8C, 0x46, 0x58, 0x86, 0x86, 0x47, 0x70, 0x8C, 0x47, 0x54, 0x8C, 0x46, 0x70
	.byte 0x8C, 0x46, 0x54, 0x8C, 0x42, 0x70, 0x8C, 0x42, 0x54, 0x8C, 0x41, 0x70, 0x8C, 0x41, 0x50, 0x86
	.byte 0x86, 0x3F, 0x70, 0x8C, 0x3F, 0x58, 0x8C, 0x3E, 0x70, 0x8C, 0x3E, 0x54, 0x8C, 0x3A, 0x70, 0x8C
	.byte 0x3A, 0x54, 0x8C, 0x3E, 0x70, 0x8C, 0x3E, 0x58, 0x86, 0x86, 0x3F, 0x70, 0x8C, 0x3F, 0x58, 0x8C
	.byte 0x41, 0x70, 0x8C, 0x41, 0x54, 0x8C, 0x42, 0x70, 0x8C, 0x42, 0x50, 0x8C, 0x41, 0x70, 0x8C, 0x41
	.byte 0x54, 0x86, 0x86, 0x47, 0x70, 0x92, 0xBD, 0x23, 0xBE, 0x58, 0xBF, 0x40, 0xD5, 0x2E, 0x8C, 0xFB
	.byte 0x22, 0xA4, 0x98, 0xC0, 0x40, 0xE7, 0x83, 0xC0, 0x44, 0x83, 0x40, 0x92, 0xD5, 0x26, 0x86, 0x22
	.byte 0x86, 0x21, 0x86, 0x22, 0x86, 0x29, 0x86, 0x26, 0x86, 0x25, 0x86, 0x26, 0x86, 0x2E, 0x86, 0x29
	.byte 0x86, 0x28, 0x86, 0x29, 0x86, 0xF7, 0x21, 0xA8, 0xD3, 0x84, 0x24, 0x84, 0x27, 0x84, 0x2A, 0x84
	.byte 0x2D, 0x84, 0xD7, 0x2E, 0xA1, 0xD5, 0x22, 0x98, 0xB2, 0x7F, 0x76, 0x8A, 0x08, 0xB1, 0xBC, 0x00
	.byte 0xBD, 0x50, 0xC2, 0x2C, 0xCD, 0x08, 0x12, 0x08, 0x10, 0xBE, 0x21, 0xBF, 0x02, 0xC1, 0x0C, 0xC0
	.byte 0x26, 0xCF, 0x32, 0x70, 0x82, 0xC0, 0x2A, 0x83, 0x2E, 0x83, 0x32, 0x84, 0x33, 0x82, 0x37, 0x83
	.byte 0x3B, 0x83, 0x3E, 0x84, 0x40, 0xA8, 0x98, 0x40, 0x82, 0x3F, 0x83, 0x3D, 0x83, 0x3B, 0x84, 0x3B
	.byte 0x82, 0x39, 0x83, 0x37, 0x83, 0x36, 0x84, 0x34, 0x82, 0x33, 0x83, 0x32, 0x83, 0x30, 0x84, 0x2E
	.byte 0x82, 0x2B, 0x83, 0x28, 0x83, 0x24, 0x84, 0x21, 0x82, 0x1E, 0x83, 0x1D, 0x83, 0x1E, 0x84, 0x20
	.byte 0x82, 0x23, 0x83, 0x26, 0x83, 0x2B, 0x84, 0x2E, 0x82, 0x32, 0x83, 0x34, 0x83, 0x36, 0x84, 0x39
	.byte 0x82, 0x3B, 0x83, 0x3D, 0x83, 0x40, 0xA9, 0x98, 0x3E, 0x82, 0x3C, 0x83, 0x3A, 0x83, 0x36, 0x84
	.byte 0x34, 0x82, 0x30, 0x83, 0x2C, 0x83, 0x28, 0x84, 0x24, 0x82, 0x20, 0x83, 0x1B, 0x83, 0x17, 0x84
	.byte 0x15, 0x82, 0x13, 0x8A, 0x16, 0x82, 0x1B, 0x83, 0x20, 0x83, 0x25, 0x84, 0x29, 0x82, 0x30, 0x83
	.byte 0x34, 0x83, 0x3B, 0x84, 0x46, 0x82, 0x4E, 0x83, 0x54, 0x83, 0x5A, 0x84, 0x5E, 0x82, 0x64, 0x83
	.byte 0x69, 0x83, 0x6B, 0x84, 0xCE, 0xC0, 0x40, 0xCF, 0x3E, 0x86, 0xC0, 0x3A, 0x86, 0x40, 0xA4, 0x98
	.byte 0x3F, 0x82, 0x3D, 0x83, 0x3B, 0x83, 0x38, 0x84, 0x35, 0x82, 0x31, 0x83, 0x2E, 0x83, 0x2A, 0x84
	.byte 0x28, 0x82, 0x21, 0x83, 0x1C, 0x83, 0x18, 0x84, 0x14, 0x82, 0x12, 0x83, 0x0E, 0x83, 0x0B, 0x84
	.byte 0x0A, 0x82, 0x0C, 0x83, 0x11, 0x83, 0x16, 0x84, 0x17, 0x82, 0x1C, 0x83, 0x1F, 0x83, 0x22, 0x84
	.byte 0x24, 0x82, 0x28, 0x83, 0x2E, 0x83, 0x33, 0x84, 0x35, 0x82, 0x3B, 0x83, 0x3F, 0x83, 0x40, 0x84
	.byte 0x40, 0xA0, 0x3A, 0x86, 0x40, 0x92, 0x8C, 0x3B, 0x86, 0x40, 0x92, 0x3C, 0x86, 0x40, 0x9A, 0x3E
	.byte 0x82, 0x3D, 0x83, 0x3B, 0x83, 0x39, 0x84, 0x37, 0x82, 0x35, 0x83, 0x32, 0x83, 0x2D, 0x84, 0x2A
	.byte 0x82, 0x24, 0x83, 0x1D, 0x83, 0x17, 0x84, 0x14, 0x82, 0x12, 0x83, 0x10, 0x87, 0xCE, 0xC0, 0x40
	.byte 0xCF, 0x35, 0xA8, 0xC0, 0x45, 0x98, 0x40, 0xA0, 0x35, 0x98, 0x98, 0x40, 0xA8, 0xC0, 0x45, 0x98
	.byte 0x40, 0x98, 0x35, 0x98, 0x40, 0x98, 0xB4, 0x98, 0xCE, 0x35, 0xC0, 0x40, 0xCF, 0x41, 0x70, 0xA8
	.byte 0xC0, 0x45, 0x98, 0x40, 0xA0, 0x35, 0x86, 0x40, 0x92, 0x38, 0x86, 0x40, 0x92, 0x40, 0xA8, 0xB3
	.byte 0x16, 0x79, 0x8A, 0x08, 0x98, 0xCE, 0x41, 0x9A, 0xD2, 0x3F, 0x70, 0x86, 0xD2, 0x86, 0xD2, 0x86
	.byte 0xD2, 0x86, 0xD2, 0x86, 0xD2, 0x86, 0xD2, 0x86, 0xD2, 0x83, 0x41, 0x83, 0x3F, 0x86, 0x3E, 0x86
	.byte 0x3C, 0x86, 0xD5, 0x3A, 0x86, 0x3C, 0x86, 0xFB, 0x3E, 0xA4, 0x98, 0xD5, 0x45, 0x86, 0x42, 0x8C
	.byte 0x3F, 0x86, 0x3C, 0x86, 0x3F, 0x86, 0x36, 0x64, 0x86, 0x39, 0x86, 0x33, 0x60, 0x86, 0x36, 0x5C
	.byte 0x86, 0x30, 0x50, 0x86, 0x33, 0x4C, 0x86, 0xD3, 0x36, 0x48, 0x84, 0x39, 0x4C, 0x84, 0x3C, 0x50
	.byte 0x84, 0x3F, 0x58, 0x84, 0x42, 0x60, 0x84, 0xD7, 0x45, 0x70, 0xA9, 0xB2, 0xE9, 0x77, 0x8A, 0x08
	.byte 0xB1, 0xBC, 0x00, 0xBD, 0x51, 0xC2, 0x2C, 0xCD, 0x08, 0x12, 0x08, 0x10, 0xBE, 0x21, 0xBF, 0x7F
	.byte 0xC1, 0x0C, 0xC0, 0x26, 0xCF, 0x37, 0x70, 0x82, 0xC0, 0x2A, 0x83, 0x2E, 0x83, 0x32, 0x84, 0x33
	.byte 0x82, 0x37, 0x83, 0x3B, 0x83, 0x3E, 0x84, 0x40, 0xA8, 0x98, 0x40, 0x82, 0x3F, 0x83, 0x3D, 0x83
	.byte 0x3B, 0x84, 0x3B, 0x82, 0x39, 0x83, 0x37, 0x83, 0x36, 0x84, 0x34, 0x82, 0x33, 0x83, 0x32, 0x83
	.byte 0x30, 0x84, 0x2E, 0x82, 0x2B, 0x83, 0x28, 0x83, 0x24, 0x84, 0x21, 0x82, 0x1E, 0x83, 0x1D, 0x83
	.byte 0x1E, 0x84, 0x20, 0x82, 0x23, 0x83, 0x26, 0x83, 0x2B, 0x84, 0x2E, 0x82, 0x32, 0x83, 0x34, 0x83
	.byte 0x36, 0x84, 0x39, 0x82, 0x3B, 0x83, 0x3D, 0x83, 0x40, 0xA9, 0x98, 0x3E, 0x82, 0x3C, 0x83, 0x3A
	.byte 0x83, 0x36, 0x84, 0x34, 0x82, 0x30, 0x83, 0x2C, 0x83, 0x28, 0x84, 0x24, 0x82, 0x20, 0x83, 0x1B
	.byte 0x83, 0x17, 0x84, 0x15, 0x82, 0x13, 0x8A, 0x16, 0x82, 0x1B, 0x83, 0x20, 0x83, 0x25, 0x84, 0x29
	.byte 0x82, 0x30, 0x83, 0x34, 0x83, 0x3B, 0x84, 0x46, 0x82, 0x4E, 0x83, 0x54, 0x83, 0x5A, 0x84, 0x5E
	.byte 0x82, 0x64, 0x83, 0x69, 0x83, 0x6B, 0x84, 0xCE, 0xC0, 0x40, 0xCF, 0x43, 0x86, 0xC0, 0x3A, 0x86
	.byte 0x40, 0xA4, 0x98, 0x3F, 0x82, 0x3D, 0x83, 0x3B, 0x83, 0x38, 0x84, 0x35, 0x82, 0x31, 0x83, 0x2E
	.byte 0x83, 0x2A, 0x84, 0x28, 0x82, 0x21, 0x83, 0x1C, 0x83, 0x18, 0x84, 0x14, 0x82, 0x12, 0x83, 0x0E
	.byte 0x83, 0x0B, 0x84, 0x0A, 0x82, 0x0C, 0x83, 0x11, 0x83, 0x16, 0x84, 0x17, 0x82, 0x1C, 0x83, 0x1F
	.byte 0x83, 0x22, 0x84, 0x24, 0x82, 0x28, 0x83, 0x2E, 0x83, 0x33, 0x84, 0x35, 0x82, 0x3B, 0x83, 0x3F
	.byte 0x83, 0x40, 0x84, 0x40, 0xA0, 0x3A, 0x86, 0x40, 0x92, 0x8C, 0x3B, 0x86, 0x40, 0x92, 0x3C, 0x86
	.byte 0x40, 0x9A, 0x3E, 0x82, 0x3D, 0x83, 0x3B, 0x83, 0x39, 0x84, 0x37, 0x82, 0x35, 0x83, 0x32, 0x83
	.byte 0x2D, 0x84, 0x2A, 0x82, 0x24, 0x83, 0x1D, 0x83, 0x17, 0x84, 0x14, 0x82, 0x12, 0x83, 0x10, 0x87
	.byte 0xCE, 0xC0, 0x40, 0xCF, 0x3A, 0xA8, 0xC0, 0x45, 0x98, 0x40, 0xA0, 0x3A, 0x98, 0x98, 0x40, 0xA8
	.byte 0xC0, 0x45, 0x98, 0x40, 0x98, 0x3A, 0x98, 0x40, 0x98, 0xB4, 0x98, 0xCE, 0x3A, 0xC0, 0x40, 0xCF
	.byte 0x46, 0x70, 0xA8, 0xC0, 0x45, 0x98, 0x40, 0xA0, 0x3A, 0x86, 0x40, 0x92, 0x38, 0x86, 0x40, 0x92
	.byte 0x40, 0xA8, 0xB3, 0xC9, 0x7A, 0x8A, 0x08, 0x98, 0xCE, 0x46, 0x9A, 0xD2, 0x46, 0x70, 0x86, 0xD2
	.byte 0x86, 0xD2, 0x86, 0xD2, 0x86, 0xD2, 0x86, 0xD2, 0x86, 0xD2, 0x86, 0xD2, 0x83, 0x47, 0x83, 0x46
	.byte 0x86, 0x44, 0x86, 0x42, 0x86, 0xD5, 0x41, 0x86, 0x42, 0x86, 0xFB, 0x44, 0xA4, 0x98, 0xD5, 0x4B
	.byte 0x86, 0x48, 0x8C, 0x45, 0x86, 0x42, 0x86, 0x45, 0x86, 0x3C, 0x64, 0x86, 0x3F, 0x86, 0x39, 0x60
	.byte 0x86, 0x3C, 0x5C, 0x86, 0x36, 0x50, 0x86, 0x39, 0x4C, 0x86, 0xD3, 0x3C, 0x48, 0x84, 0x3F, 0x4C
	.byte 0x84, 0x42, 0x50, 0x84, 0x48, 0x58, 0x84, 0x4B, 0x60, 0x84, 0xD7, 0x4D, 0x70, 0xA9, 0xB2, 0x9C
	.byte 0x79, 0x8A, 0x08, 0xB1, 0xBC, 0x00, 0xBD, 0x00, 0xBE, 0x41, 0xBF, 0x40, 0xB0, 0xB0, 0xB0, 0xB0
	.byte 0xB0, 0xB0, 0xB0, 0xB0, 0xB0, 0xB0, 0xB0, 0xB0, 0xB0, 0xB0, 0xB0, 0xB0, 0x98, 0xEF, 0x39, 0x70
	.byte 0xA8, 0xB0, 0xB0, 0xB0, 0xB2, 0x4F, 0x7B, 0x8A, 0x08, 0xB1, 0xBC, 0x00, 0xBD, 0x52, 0xC2, 0x2C
	.byte 0xCD, 0x08, 0x12, 0x08, 0x10, 0xBF, 0x40, 0xBE, 0x2B, 0xC0, 0x42, 0x92, 0xD2, 0x28, 0x70, 0x83
	.byte 0x2A, 0x83, 0xED, 0x2B, 0x98, 0xC4, 0x18, 0x92, 0x00, 0xD2, 0x28, 0x83, 0x2A, 0x83, 0xED, 0x2B
	.byte 0x98, 0xC4, 0x18, 0x92, 0x00, 0xD2, 0x28, 0x70, 0x83, 0x2A, 0x83, 0xED, 0x2B, 0x98, 0xC4, 0x18
	.byte 0x92, 0x00, 0xD2, 0x28, 0x83, 0x2A, 0x83, 0xED, 0x2B, 0x98, 0xB4, 0xB3, 0x9A, 0x7B, 0x8A, 0x08
	.byte 0xB3, 0x9A, 0x7B, 0x8A, 0x08, 0x92, 0xD2, 0x28, 0x70, 0x83, 0x2A, 0x83, 0xED, 0x2B, 0x9E, 0xD2
	.byte 0x28, 0x83, 0x2A, 0x83, 0xED, 0x2B, 0x98, 0xB4, 0xB3, 0xBE, 0x7B, 0x8A, 0x08, 0xB3, 0xBE, 0x7B
	.byte 0x8A, 0x08, 0xB3, 0xBE, 0x7B, 0x8A, 0x08, 0x92, 0xD2, 0x28, 0x70, 0x83, 0x2A, 0x83, 0xED, 0x2E
	.byte 0x9E, 0xD2, 0x2B, 0x83, 0x2D, 0x83, 0xED, 0x2E, 0x98, 0x92, 0xD2, 0x2B, 0x70, 0x83, 0x2D, 0x83
	.byte 0xED, 0x2E, 0x9E, 0xD2, 0x2B, 0x83, 0x2D, 0x83, 0xED, 0x2E, 0x98, 0xB4, 0xB3, 0xF2, 0x7B, 0x8A
	.byte 0x08, 0xB3, 0xF2, 0x7B, 0x8A, 0x08, 0xB3, 0xF2, 0x7B, 0x8A, 0x08, 0xB3, 0xF2, 0x7B, 0x8A, 0x08
	.byte 0xB3, 0xF2, 0x7B, 0x8A, 0x08, 0xB3, 0xF2, 0x7B, 0x8A, 0x08, 0x92, 0xD2, 0x2B, 0x70, 0x83, 0x2D
	.byte 0xA8, 0x83, 0xB0, 0xB0, 0xB0, 0xB2, 0x75, 0x7B, 0x8A, 0x08, 0xB1, 0xBC, 0x00, 0xBD, 0x0E, 0xBF
	.byte 0x40, 0xBE, 0x46, 0x98, 0xBF, 0x20, 0xC0, 0x40, 0xEF, 0x37, 0x70, 0x98, 0xC0, 0x3E, 0x82, 0x3B
	.byte 0x83, 0x36, 0x83, 0x31, 0x84, 0x30, 0x82, 0x2B, 0x83, 0x29, 0x87, 0xBF, 0x60, 0xC0, 0x3B, 0xEF
	.byte 0x37, 0x64, 0x98, 0xC0, 0x39, 0x82, 0x34, 0x83, 0x2F, 0x83, 0x2D, 0x84, 0x2A, 0x82, 0x28, 0x83
	.byte 0x25, 0x83, 0x24, 0x84, 0xBF, 0x20, 0xC0, 0x37, 0xEF, 0x37, 0x50, 0x98, 0xC0, 0x34, 0x82, 0x31
	.byte 0x83, 0x2C, 0x83, 0x26, 0x84, 0x24, 0x82, 0x20, 0x83, 0x1B, 0x83, 0x1A, 0x84, 0x32, 0xEF, 0x37
	.byte 0x54, 0x98, 0x98, 0xC0, 0x2B, 0xEF, 0x37, 0x30, 0x86, 0xC0, 0x29, 0x86, 0x27, 0x82, 0x24, 0x83
	.byte 0x22, 0x83, 0x1E, 0x84, 0x1C, 0x82, 0x19, 0x83, 0x17, 0x83, 0x15, 0x84, 0x12, 0x82, 0x10, 0x83
	.byte 0x0D, 0x83, 0x0A, 0x84, 0x40, 0x98, 0x98, 0xBF, 0x60, 0xA0, 0x20, 0x98, 0x98, 0x20, 0xC0, 0x40
	.byte 0xEF, 0x43, 0x70, 0x98, 0xC0, 0x3E, 0x82, 0x3B, 0x83, 0x36, 0x83, 0x31, 0x84, 0x30, 0x82, 0x2B
	.byte 0x83, 0x29, 0x87, 0xBF, 0x60, 0xC0, 0x3B, 0xEF, 0x43, 0x64, 0x98, 0xC0, 0x39, 0x82, 0x34, 0x83
	.byte 0x2F, 0x83, 0x2D, 0x84, 0x2A, 0x82, 0x28, 0x83, 0x25, 0x83, 0x24, 0x84, 0xBF, 0x20, 0xC0, 0x37
	.byte 0xEF, 0x43, 0x50, 0x98, 0xC0, 0x34, 0x82, 0x31, 0x83, 0x2C, 0x83, 0x26, 0x84, 0x24, 0x82, 0x20
	.byte 0x83, 0x1B, 0x83, 0x1A, 0x84, 0xBF, 0x60, 0xC0, 0x32, 0xEF, 0x43, 0x54, 0x98, 0x98, 0xBF, 0x20
	.byte 0xC0, 0x2B, 0xEF, 0x43, 0x30, 0x86, 0xC0, 0x29, 0x86, 0x27, 0x82, 0x24, 0x83, 0x22, 0x83, 0x1E
	.byte 0x84, 0x1C, 0x82, 0x19, 0x83, 0x17, 0x83, 0x15, 0x84, 0x12, 0x82, 0x10, 0x83, 0x0D, 0x83, 0x0A
	.byte 0x84, 0x40, 0x98, 0x98, 0xEF, 0x37, 0x7F, 0x98, 0xC0, 0x3E, 0x82, 0x3D, 0x83, 0x3B, 0x83, 0x38
	.byte 0x84, 0x37, 0x82, 0x35, 0x83, 0x34, 0x83, 0x32, 0x84, 0xBF, 0x60, 0xC0, 0x40, 0xEF, 0x37, 0x60
	.byte 0x95, 0xC0, 0x3B, 0x83, 0x82, 0x36, 0x83, 0x33, 0x83, 0x2E, 0x84, 0x29, 0x82, 0x24, 0x83, 0x22
	.byte 0x83, 0x1D, 0x84, 0xBF, 0x20, 0xC0, 0x40, 0xE7, 0x3A, 0x70, 0x98, 0xC0, 0x3D, 0xE7, 0x35, 0x82
	.byte 0xC0, 0x39, 0x83, 0x37, 0x83, 0x34, 0x84, 0x2F, 0x82, 0x2B, 0x83, 0x29, 0x83, 0x23, 0x84, 0xBF
	.byte 0x5F, 0xC0, 0x40, 0xE7, 0x3A, 0x60, 0x98, 0xC0, 0x3D, 0xE7, 0x35, 0x5C, 0x82, 0xC0, 0x39, 0x83
	.byte 0x37, 0x83, 0x34, 0x84, 0x2F, 0x82, 0x2B, 0x83, 0x29, 0x83, 0x23, 0x84, 0xBF, 0x20, 0xC0, 0x40
	.byte 0xE7, 0x3A, 0x50, 0x98, 0xC0, 0x3D, 0xE7, 0x35, 0x82, 0xC0, 0x39, 0x83, 0x37, 0x83, 0x34, 0x84
	.byte 0x2F, 0x82, 0x2B, 0x83, 0x29, 0x83, 0x23, 0x84, 0xBF, 0x5F, 0xC0, 0x40, 0xE7, 0x3A, 0x48, 0x98
	.byte 0xC0, 0x3D, 0xE7, 0x35, 0x3C, 0x82, 0xC0, 0x39, 0x83, 0x37, 0x83, 0x34, 0x84, 0x2F, 0x82, 0x2B
	.byte 0x83, 0x29, 0x83, 0x23, 0x84, 0x40, 0xA8, 0xB0, 0x98, 0xF7, 0x46, 0x70, 0x86, 0xC0, 0x20, 0x83
	.byte 0x4C, 0x83, 0x40, 0x98, 0x3A, 0x82, 0x38, 0x83, 0x37, 0x83, 0x30, 0x86, 0x2E, 0x83, 0x28, 0x83
	.byte 0x22, 0x84, 0x1E, 0x82, 0x16, 0x83, 0x14, 0x87, 0x40, 0xEF, 0x3A, 0x86, 0xC0, 0x2A, 0x83, 0x52
	.byte 0x86, 0x40, 0x9B, 0x81, 0xEF, 0x42, 0xA0, 0xE7, 0x3F, 0x98, 0xBE, 0x3D, 0xEF, 0x46, 0xA0, 0xC0
	.byte 0x3C, 0xEF, 0x47, 0x82, 0xC0, 0x3A, 0x83, 0x38, 0x83, 0x37, 0x86, 0x35, 0x86, 0x33, 0x84, 0x31
	.byte 0x82, 0x2E, 0x83, 0x28, 0x83, 0x1C, 0x84, 0x16, 0x82, 0x12, 0x8A, 0x40, 0xE7, 0x4A, 0x98, 0x46
	.byte 0x98, 0x4A, 0x98, 0xEF, 0x52, 0x86, 0xBE, 0x3D, 0x86, 0x3A, 0x85, 0x33, 0x87, 0x2F, 0x85, 0x27
	.byte 0x87, 0x1B, 0x85, 0x0F, 0x87, 0x02, 0x98, 0x3F, 0x98, 0xB0, 0xB0, 0xB0, 0xB2, 0x36, 0x7C, 0x8A
	.byte 0x08, 0xB1, 0x00, 0x0A, 0x00, 0x00, 0xB2, 0x94, 0x45, 0x61, 0x08, 0xC8, 0x71, 0x8A, 0x08, 0xE9
	.byte 0x72, 0x8A, 0x08, 0xF7, 0x73, 0x8A, 0x08, 0xE8, 0x74, 0x8A, 0x08, 0x7D, 0x76, 0x8A, 0x08, 0xE7
	.byte 0x77, 0x8A, 0x08, 0x9A, 0x79, 0x8A, 0x08, 0x4D, 0x7B, 0x8A, 0x08, 0x73, 0x7B, 0x8A, 0x08, 0x34
	.byte 0x7C, 0x8A, 0x08, 0xBC, 0x00, 0xBB, 0x3E, 0xBD, 0x7F, 0xC2, 0x2C, 0xC1, 0x0C, 0xBF, 0x7F, 0xBE
	.byte 0x29, 0xA0, 0x8C, 0xD2, 0x5B, 0x40, 0x98, 0xD2, 0x98, 0xD2, 0x98, 0xD2, 0x8C, 0xB4, 0xB3, 0x8B
	.byte 0x7E, 0x8A, 0x08, 0xB3, 0x8B, 0x7E, 0x8A, 0x08, 0xB3, 0x8B, 0x7E, 0x8A, 0x08, 0xD2, 0x5B, 0x70
	.byte 0x8C, 0x5B, 0x4C, 0x8C, 0x5B, 0x74, 0x8C, 0x5B, 0x70, 0x86, 0x5B, 0x50, 0x86, 0x5B, 0x70, 0x8C
	.byte 0x5B, 0x4C, 0x8C, 0x5B, 0x48, 0x8C, 0x5B, 0x70, 0x86, 0x5B, 0x50, 0x86, 0xB4, 0xB3, 0xA6, 0x7E
	.byte 0x8A, 0x08, 0xD2, 0x5B, 0x70, 0x8C, 0x5B, 0x4C, 0x8C, 0x5B, 0x74, 0x8C, 0x5B, 0x70, 0x86, 0x5B
	.byte 0x50, 0x86, 0x5B, 0x70, 0x8C, 0x5B, 0x4C, 0x8C, 0x5B, 0x48, 0x8C, 0x5B, 0x50, 0x86, 0xD2, 0x86
	.byte 0xB4, 0xD2, 0x5B, 0x70, 0x8C, 0x5B, 0x4C, 0x8C, 0x5B, 0x74, 0x8C, 0x5B, 0x70, 0x86, 0x5B, 0x50
	.byte 0x86, 0x5B, 0x70, 0x8C, 0x5B, 0x4C, 0x8C, 0x5B, 0x48, 0x98, 0xB4, 0xB3, 0xA6, 0x7E, 0x8A, 0x08
	.byte 0xB3, 0xA6, 0x7E, 0x8A, 0x08, 0xB3, 0xA6, 0x7E, 0x8A, 0x08, 0xD2, 0x5B, 0x70, 0x8C, 0x5B, 0x4C
	.byte 0x8C, 0x5B, 0x74, 0x8C, 0x5B, 0x70, 0x86, 0x5B, 0x50, 0x86, 0x5B, 0x70, 0x98, 0x5B, 0x48, 0x98
	.byte 0xB4, 0xB3, 0xA6, 0x7E, 0x8A, 0x08, 0xD2, 0x5B, 0x70, 0x86, 0x5B, 0x5C, 0x92, 0x5B, 0x74, 0x8C
	.byte 0x5B, 0x70, 0x86, 0x5B, 0x50, 0x86, 0x5B, 0x70, 0x8C, 0x5B, 0x4C, 0x8C, 0x5B, 0x48, 0x8C, 0x5B
	.byte 0x70, 0x86, 0x5B, 0x50, 0x86, 0x5B, 0x70, 0x8C, 0x5B, 0x4C, 0x8C, 0x5B, 0x74, 0x8C, 0x5B, 0x70
	.byte 0x86, 0x5B, 0x50, 0x86, 0x5B, 0x70, 0x86, 0x5B, 0x58, 0x92, 0x5B, 0x48, 0x8C, 0x5B, 0x70, 0x86
	.byte 0x5B, 0x50, 0x86, 0xB3, 0x13, 0x7F, 0x8A, 0x08, 0xB3, 0x8B, 0x7E, 0x8A, 0x08, 0xB3, 0x8B, 0x7E
	.byte 0x8A, 0x08, 0xB3, 0x8B, 0x7E, 0x8A, 0x08, 0xB3, 0x8B, 0x7E, 0x8A, 0x08, 0xB3, 0x8B, 0x7E, 0x8A
	.byte 0x08, 0xB3, 0x8B, 0x7E, 0x8A, 0x08, 0xB3, 0x8B, 0x7E, 0x8A, 0x08, 0xB3, 0x8B, 0x7E, 0x8A, 0x08
	.byte 0xB3, 0x8B, 0x7E, 0x8A, 0x08, 0xB3, 0x8B, 0x7E, 0x8A, 0x08, 0xB3, 0x8B, 0x7E, 0x8A, 0x08, 0xB3
	.byte 0x8B, 0x7E, 0x8A, 0x08, 0xB3, 0x8B, 0x7E, 0x8A, 0x08, 0xB3, 0x8B, 0x7E, 0x8A, 0x08, 0xB3, 0xA6
	.byte 0x7E, 0x8A, 0x08, 0xB3, 0xA6, 0x7E, 0x8A, 0x08, 0xB3, 0xCB, 0x7E, 0x8A, 0x08, 0xB3, 0xEA, 0x7E
	.byte 0x8A, 0x08, 0xB3, 0xA6, 0x7E, 0x8A, 0x08, 0xB3, 0xA6, 0x7E, 0x8A, 0x08, 0xB3, 0x8B, 0x7E, 0x8A
	.byte 0x08, 0xB3, 0x8B, 0x7E, 0x8A, 0x08, 0xB3, 0x8B, 0x7E, 0x8A, 0x08, 0xB3, 0x8B, 0x7E, 0x8A, 0x08
	.byte 0xB3, 0x8B, 0x7E, 0x8A, 0x08, 0xB3, 0x8B, 0x7E, 0x8A, 0x08, 0xB2, 0x8B, 0x7E, 0x8A, 0x08, 0xB1
	.byte 0xBC, 0x00, 0xBD, 0x0E, 0xC2, 0x2C, 0xC1, 0x0C, 0xBE, 0x44, 0xBF, 0x40, 0xA0, 0xBD, 0x0E, 0xBE
	.byte 0x44, 0xEB, 0x4E, 0x70, 0x98, 0xE7, 0x4A, 0x98, 0x4C, 0x98, 0x45, 0x98, 0xE7, 0x4E, 0x70, 0x98
	.byte 0x4A, 0x98, 0x4C, 0x98, 0x51, 0x98, 0xB4, 0xE7, 0x53, 0x70, 0x98, 0x4F, 0x98, 0x51, 0x98, 0x4E
	.byte 0x98, 0xB4, 0xBD, 0x30, 0xBF, 0x40, 0xBE, 0x34, 0x8C, 0xDB, 0x4F, 0x8C, 0xE7, 0x4E, 0x98, 0x4A
	.byte 0x98, 0x4C, 0x98, 0xBD, 0x11, 0xBF, 0x40, 0xBE, 0x33, 0x9C, 0xD2, 0x56, 0x86, 0xD2, 0x86, 0xDB
	.byte 0x8C, 0xD5, 0x55, 0x8C, 0x56, 0x8C, 0xE7, 0x58, 0x8C, 0x8C, 0xD5, 0x5A, 0x86, 0x58, 0x86, 0xDB
	.byte 0x55, 0x8C, 0x53, 0x8C, 0xD5, 0x55, 0x8C, 0xE7, 0x51, 0x8C, 0xC4, 0x04, 0x8C, 0x00, 0xD5, 0x4E
	.byte 0x86, 0x4F, 0x86, 0xEB, 0x51, 0x8C, 0xC4, 0x04, 0x98, 0x00, 0xD5, 0x4E, 0x86, 0x4F, 0x86, 0xDB
	.byte 0x51, 0x8C, 0xD5, 0x53, 0x8C, 0x54, 0x8C, 0xE7, 0x53, 0x8C, 0xC4, 0x05, 0x8C, 0x00, 0xD5, 0x54
	.byte 0x86, 0x53, 0x86, 0xDB, 0x51, 0x8C, 0xD5, 0x4F, 0x98, 0xE7, 0x4E, 0x8C, 0xC4, 0x05, 0x8C, 0x00
	.byte 0xD5, 0x4F, 0x8C, 0xE7, 0x4C, 0x9C, 0xD2, 0x86, 0xD2, 0x86, 0xD5, 0x8C, 0x4F, 0x8C, 0xDB, 0x58
	.byte 0x8C, 0xD5, 0x56, 0x8C, 0xDB, 0x55, 0x8C, 0xD5, 0x53, 0x8C, 0x55, 0x8C, 0xEB, 0x51, 0x8C, 0xC4
	.byte 0x05, 0x98, 0x00, 0x8C, 0xD5, 0x4D, 0x86, 0x4F, 0x86, 0xE9, 0x51, 0x8C, 0xC4, 0x04, 0x8C, 0x00
	.byte 0x8C, 0xD2, 0x86, 0xD2, 0x86, 0xD5, 0x8C, 0xE7, 0x4F, 0x98, 0xD5, 0x4C, 0x86, 0x4F, 0x86, 0xFF
	.byte 0x51, 0x98, 0xC4, 0x05, 0xA8, 0xBD, 0x49, 0xC4, 0x00, 0xA0, 0xBE, 0x2E, 0xDB, 0x5B, 0x8C, 0xD5
	.byte 0x5A, 0x8C, 0x58, 0x8C, 0xE7, 0x5A, 0x8C, 0xC4, 0x03, 0x8C, 0x00, 0xD5, 0x5B, 0x86, 0x5A, 0x86
	.byte 0xE7, 0x58, 0x8C, 0xC4, 0x04, 0x8C, 0x00, 0xE7, 0x55, 0x98, 0xD5, 0x58, 0x8C, 0xED, 0x5A, 0x8C
	.byte 0xC4, 0x05, 0xBE, 0x2E, 0x82, 0x2C, 0x83, 0x29, 0x83, 0x27, 0x84, 0x27, 0x82, 0x24, 0x83, 0x22
	.byte 0x84, 0x1F, 0x83, 0xC4, 0x00, 0xBE, 0x2E, 0x8C, 0xD2, 0x86, 0xD2, 0x86, 0xDB, 0x8C, 0x5B, 0x8C
	.byte 0x5D, 0x8C, 0xE7, 0x5B, 0x8C, 0xC4, 0x05, 0x8C, 0x00, 0xD5, 0x5D, 0x86, 0x5B, 0x86, 0xE7, 0x5A
	.byte 0x98, 0x58, 0x98, 0x5A, 0x8C, 0xC4, 0x05, 0x8C, 0x00, 0xDB, 0x5B, 0x92, 0xD5, 0x5A, 0x92, 0xEF
	.byte 0x58, 0x98, 0xC4, 0x04, 0xBE, 0x2E, 0x82, 0x2B, 0x83, 0x29, 0x83, 0x27, 0x84, 0x25, 0x82, 0x24
	.byte 0x83, 0x22, 0x83, 0x1F, 0x84, 0xC4, 0x00, 0xBE, 0x1E, 0x82, 0x1C, 0x83, 0x1C, 0x83, 0x1A, 0x84
	.byte 0x2E, 0xDB, 0x5B, 0x92, 0xD5, 0x5A, 0x92, 0xEF, 0x58, 0x8C, 0xC4, 0x04, 0xBE, 0x2E, 0x82, 0x2C
	.byte 0x83, 0x29, 0x83, 0x27, 0x84, 0x25, 0x82, 0x23, 0x83, 0x1F, 0x83, 0x1E, 0x84, 0x1C, 0x82, 0x1A
	.byte 0x83, 0x18, 0x83, 0x17, 0x84, 0xC4, 0x00, 0xBE, 0x2E, 0xD5, 0x57, 0x86, 0xF9, 0x58, 0x86, 0x98
	.byte 0xC4, 0x06, 0xBE, 0x2E, 0x82, 0x2D, 0x83, 0x2C, 0x83, 0x2B, 0x84, 0x29, 0x85, 0x29, 0x83, 0x27
	.byte 0x86, 0x24, 0x83, 0x24, 0x83, 0x22, 0x84, 0x22, 0x82, 0x21, 0x83, 0x1F, 0x83, 0x1C, 0x84, 0x1C
	.byte 0x82, 0x1A, 0x86, 0x17, 0x84, 0x16, 0x82, 0x14, 0x83, 0x13, 0x83, 0x13, 0x84, 0xBD, 0x0E, 0xC4
	.byte 0x00, 0xBE, 0x3F, 0xBF, 0x4B, 0xE7, 0x51, 0x98, 0x4F, 0x98, 0x4E, 0x98, 0x4F, 0x98, 0xBD, 0x0E
	.byte 0xBE, 0x46, 0xE7, 0x4E, 0x98, 0x4A, 0x98, 0x4C, 0x98, 0x45, 0x98, 0xB3, 0x15, 0x80, 0x8A, 0x08
	.byte 0xB3, 0x20, 0x80, 0x8A, 0x08, 0xBD, 0x30, 0xBE, 0x2E, 0xE7, 0x43, 0x70, 0x98, 0x42, 0x98, 0x3E
	.byte 0x98, 0x40, 0x98, 0xBD, 0x18, 0xBE, 0x37, 0xE7, 0x4E, 0x98, 0x4A, 0x98, 0x4C, 0x98, 0x45, 0x98
	.byte 0xB3, 0x15, 0x80, 0x8A, 0x08, 0xB3, 0x20, 0x80, 0x8A, 0x08, 0xBD, 0x30, 0xBE, 0x30, 0xE7, 0x4F
	.byte 0x70, 0x98, 0x4E, 0x98, 0x4A, 0x98, 0x4C, 0x98, 0xBD, 0x18, 0xBE, 0x39, 0xE7, 0x4F, 0x98, 0x4E
	.byte 0x98, 0x4A, 0x98, 0x4C, 0x98, 0xBD, 0x30, 0xBF, 0x50, 0xBE, 0x30, 0x8C, 0xD5, 0x43, 0x8C, 0xE7
	.byte 0x42, 0x98, 0x3E, 0x98, 0x40, 0x98, 0xBD, 0x18, 0xBF, 0x40, 0xBE, 0x30, 0xA0, 0xDB, 0x4D, 0x8C
	.byte 0xD5, 0x4C, 0x8C, 0xDB, 0x4D, 0x8C, 0xD5, 0x4F, 0x8C, 0xE7, 0x56, 0x8C, 0xC4, 0x04, 0x8C, 0x00
	.byte 0xD5, 0x54, 0x8C, 0xE7, 0x52, 0x8C, 0xC4, 0x04, 0x8C, 0x00, 0xD5, 0x54, 0x9C, 0xEB, 0x52, 0x8C
	.byte 0xC4, 0x04, 0x98, 0x00, 0xE7, 0x50, 0x98, 0xD5, 0x4F, 0x8C, 0x50, 0x8C, 0x54, 0x8C, 0xF7, 0x53
	.byte 0x98, 0xC4, 0x06, 0xA0, 0x00, 0x98, 0xA0, 0xDB, 0x54, 0x8C, 0xD5, 0x53, 0x8C, 0xDB, 0x54, 0x8C
	.byte 0xD5, 0x56, 0x8C, 0xE7, 0x58, 0x8C, 0xC4, 0x04, 0x8C, 0x00, 0xD5, 0x56, 0x8C, 0xE7, 0x54, 0x98
	.byte 0xD5, 0x4F, 0x9C, 0xDB, 0x54, 0x8C, 0xC4, 0x04, 0xD5, 0x53, 0x8C, 0xC4, 0x00, 0xD5, 0x51, 0x8C
	.byte 0xE7, 0x53, 0x98, 0xD5, 0x54, 0x8C, 0xE7, 0x4F, 0x98, 0xDB, 0x4E, 0x8C, 0xD5, 0x4D, 0x8C, 0xDB
	.byte 0x4E, 0x8C, 0xD5, 0x4F, 0x8C, 0xDB, 0x50, 0x8C, 0xD5, 0x51, 0x8C, 0xDB, 0x52, 0x8C, 0xD5, 0x4A
	.byte 0x8C, 0xBE, 0x34, 0xE7, 0x50, 0x98, 0x4C, 0x98, 0x4E, 0x98, 0x47, 0x98, 0x50, 0x98, 0x4C, 0x98
	.byte 0x4E, 0x98, 0x53, 0x98, 0x55, 0x98, 0x51, 0x98, 0x53, 0x98, 0x50, 0x98, 0xBD, 0x30, 0xBE, 0x2E
	.byte 0x8C, 0xDB, 0x45, 0x8C, 0xE7, 0x44, 0x98, 0x3E, 0x98, 0x40, 0x98, 0xB2, 0x06, 0x80, 0x8A, 0x08
	.byte 0xBE, 0x2A, 0xBF, 0x40, 0xB1, 0xBC, 0x00, 0xBD, 0x18, 0xC1, 0x0C, 0xC2, 0x2C, 0xC1, 0x0C, 0xC2
	.byte 0x2C, 0xBE, 0x23, 0xBF, 0x30, 0xA0, 0xBD, 0x18, 0xBF, 0x30, 0xBE, 0x2D, 0xD5, 0x45, 0x70, 0x86
	.byte 0xD2, 0x4A, 0x40, 0x86, 0x49, 0x86, 0x4A, 0x86, 0xD5, 0x51, 0x70, 0x86, 0xD2, 0x49, 0x3C, 0x86
	.byte 0x4A, 0x86, 0x49, 0x86, 0xBF, 0x56, 0xD5, 0x51, 0x70, 0x86, 0xD2, 0x4A, 0x40, 0x86, 0x49, 0x86
	.byte 0x4A, 0x86, 0xD5, 0x51, 0x70, 0x86, 0xD2, 0x4A, 0x40, 0x86, 0xD5, 0x51, 0x70, 0x86, 0x4F, 0x86
	.byte 0xBF, 0x30, 0xD5, 0x4E, 0x86, 0xD2, 0x4A, 0x40, 0x86, 0x4C, 0x86, 0x4A, 0x86, 0xD5, 0x51, 0x70
	.byte 0x86, 0xD2, 0x49, 0x40, 0x86, 0x4A, 0x86, 0x49, 0x86, 0xBF, 0x57, 0xD5, 0x53, 0x70, 0x86, 0xD2
	.byte 0x4A, 0x3C, 0x86, 0x49, 0x86, 0x4A, 0x86, 0xD5, 0x51, 0x70, 0x86, 0xD2, 0x4A, 0x86, 0xD5, 0x51
	.byte 0x86, 0x4F, 0x86, 0xBF, 0x30, 0xD5, 0x4E, 0x86, 0xD2, 0x4A, 0x40, 0x86, 0xD5, 0x4C, 0x70, 0x86
	.byte 0xD2, 0x4A, 0x40, 0x86, 0xD5, 0x4E, 0x70, 0x86, 0xD2, 0x45, 0x40, 0x86, 0xD5, 0x4C, 0x70, 0x86
	.byte 0xD2, 0x45, 0x40, 0x86, 0xBF, 0x55, 0xD5, 0x4A, 0x70, 0x86, 0xD2, 0x45, 0x40, 0x86, 0xD5, 0x49
	.byte 0x70, 0x86, 0xD2, 0x45, 0x40, 0x86, 0xD5, 0x47, 0x70, 0x86, 0xD2, 0x45, 0x40, 0x86, 0xD5, 0x49
	.byte 0x70, 0x86, 0xD2, 0x45, 0x40, 0x86, 0xBF, 0x30, 0x8C, 0xD5, 0x43, 0x70, 0x8C, 0xE7, 0x42, 0x98
	.byte 0xBF, 0x2B, 0xD5, 0x38, 0x4C, 0x86, 0x39, 0x50, 0x86, 0x3D, 0x58, 0x86, 0x40, 0x60, 0x86, 0xBF
	.byte 0x55, 0xD5, 0x3D, 0x4C, 0x86, 0x40, 0x50, 0x86, 0x45, 0x58, 0x86, 0x49, 0x60, 0x86, 0xBF, 0x30
	.byte 0xB0, 0xB0, 0xB0, 0xB0, 0xB0, 0xB0, 0xB0, 0xB0, 0xB0, 0xB0, 0xB0, 0xB0, 0xB0, 0xB0, 0xB0, 0xB0
	.byte 0xBE, 0x31, 0xD5, 0x45, 0x70, 0x86, 0xD2, 0x4A, 0x40, 0x86, 0x49, 0x86, 0x4A, 0x86, 0xD5, 0x51
	.byte 0x70, 0x86, 0xD2, 0x49, 0x3C, 0x86, 0x4A, 0x86, 0x49, 0x86, 0xBF, 0x54, 0xD5, 0x51, 0x70, 0x86
	.byte 0xD2, 0x4A, 0x40, 0x86, 0x49, 0x86, 0x4A, 0x86, 0xD5, 0x51, 0x70, 0x86, 0xD2, 0x4A, 0x40, 0x86
	.byte 0xD5, 0x51, 0x70, 0x86, 0x4F, 0x86, 0xBF, 0x30, 0xD5, 0x4E, 0x86, 0xD2, 0x4A, 0x40, 0x86, 0x4C
	.byte 0x86, 0x4A, 0x86, 0xD5, 0x51, 0x70, 0x86, 0xD2, 0x49, 0x40, 0x86, 0x4A, 0x86, 0x49, 0x86, 0xBF
	.byte 0x55, 0xD5, 0x53, 0x70, 0x86, 0xD2, 0x4A, 0x3C, 0x86, 0x49, 0x86, 0x4A, 0x86, 0xD5, 0x51, 0x70
	.byte 0x86, 0xD2, 0x4A, 0x86, 0xD5, 0x51, 0x86, 0x4F, 0x86, 0xBF, 0x30, 0xD5, 0x4E, 0x86, 0xD2, 0x4A
	.byte 0x40, 0x86, 0xD5, 0x4C, 0x70, 0x86, 0xD2, 0x4A, 0x40, 0x86, 0xD5, 0x4E, 0x70, 0x86, 0xD2, 0x45
	.byte 0x40, 0x86, 0xD5, 0x4C, 0x70, 0x86, 0xD2, 0x45, 0x40, 0x86, 0xBF, 0x54, 0xD5, 0x4A, 0x70, 0x86
	.byte 0xD2, 0x45, 0x40, 0x86, 0xD5, 0x49, 0x70, 0x86, 0xD2, 0x45, 0x40, 0x86, 0xD5, 0x47, 0x70, 0x86
	.byte 0xD2, 0x45, 0x40, 0x86, 0xD5, 0x49, 0x70, 0x86, 0xD2, 0x45, 0x40, 0x86, 0xBF, 0x30, 0xE7, 0x43
	.byte 0x70, 0x98, 0x42, 0x98, 0xD5, 0x38, 0x40, 0x86, 0x39, 0x4C, 0x86, 0x3D, 0x58, 0x86, 0x40, 0x60
	.byte 0x86, 0xBF, 0x54, 0xD5, 0x3D, 0x48, 0x86, 0x40, 0x50, 0x86, 0x45, 0x86, 0x49, 0x86, 0xBF, 0x30
	.byte 0xBE, 0x31, 0xD5, 0x45, 0x70, 0x86, 0xD2, 0x4A, 0x40, 0x86, 0x49, 0x86, 0x4A, 0x86, 0xD5, 0x51
	.byte 0x70, 0x86, 0xD2, 0x49, 0x3C, 0x86, 0x4A, 0x86, 0x49, 0x86, 0xD5, 0x51, 0x70, 0x86, 0xD2, 0x4A
	.byte 0x40, 0x86, 0x49, 0x86, 0x4A, 0x86, 0xD5, 0x51, 0x70, 0x86, 0xD2, 0x4A, 0x40, 0x86, 0xD5, 0x51
	.byte 0x70, 0x86, 0x4F, 0x86, 0x4E, 0x86, 0xD2, 0x4A, 0x40, 0x86, 0x4C, 0x86, 0x4A, 0x86, 0xD5, 0x51
	.byte 0x70, 0x86, 0xD2, 0x49, 0x40, 0x86, 0x4A, 0x86, 0x49, 0x86, 0xD5, 0x53, 0x70, 0x86, 0xD2, 0x4A
	.byte 0x3C, 0x86, 0x49, 0x86, 0x4A, 0x86, 0xD5, 0x51, 0x70, 0x86, 0xD2, 0x4A, 0x86, 0xD5, 0x51, 0x86
	.byte 0x4F, 0x86, 0x4E, 0x86, 0xD2, 0x4A, 0x40, 0x86, 0xD5, 0x4C, 0x70, 0x86, 0xD2, 0x4A, 0x40, 0x86
	.byte 0xD5, 0x4E, 0x70, 0x86, 0xD2, 0x45, 0x40, 0x86, 0xD5, 0x4C, 0x70, 0x86, 0xD2, 0x45, 0x40, 0x86
	.byte 0xD5, 0x4A, 0x70, 0x86, 0xD2, 0x45, 0x40, 0x86, 0xD5, 0x49, 0x70, 0x86, 0xD2, 0x45, 0x40, 0x86
	.byte 0xD5, 0x47, 0x70, 0x86, 0xD2, 0x45, 0x40, 0x86, 0xD5, 0x49, 0x70, 0x86, 0xD2, 0x45, 0x40, 0x86
	.byte 0xBE, 0x23, 0xE7, 0x43, 0x70, 0x98, 0x42, 0x98, 0x3E, 0x98, 0x40, 0x98, 0xBD, 0x2D, 0xE7, 0x43
	.byte 0x98, 0x42, 0x98, 0x3E, 0x98, 0x40, 0x98, 0xBD, 0x18, 0xBE, 0x34, 0x8C, 0xD5, 0x43, 0x8C, 0xE7
	.byte 0x42, 0x98, 0xBF, 0x26, 0xD5, 0x3B, 0x48, 0x86, 0x3E, 0x4C, 0x86, 0x43, 0x50, 0x86, 0x45, 0x86
	.byte 0xBF, 0x56, 0xD5, 0x43, 0x44, 0x86, 0x45, 0x4C, 0x86, 0x4A, 0x50, 0x86, 0x4C, 0x86, 0xBF, 0x30
	.byte 0xB0, 0xB0, 0xB0, 0xB0, 0xB0, 0xB0, 0xB0, 0xB0, 0xBD, 0x49, 0xD5, 0x47, 0x70, 0x86, 0xD2, 0x4C
	.byte 0x40, 0x86, 0x4B, 0x86, 0x4C, 0x86, 0xD5, 0x53, 0x70, 0x86, 0xD2, 0x4B, 0x3C, 0x86, 0x4C, 0x86
	.byte 0x4B, 0x86, 0xD5, 0x53, 0x70, 0x86, 0xD2, 0x4C, 0x40, 0x86, 0x4B, 0x86, 0x4C, 0x86, 0xD5, 0x53
	.byte 0x70, 0x86, 0xD2, 0x4C, 0x40, 0x86, 0xD5, 0x53, 0x70, 0x86, 0x51, 0x86, 0x50, 0x86, 0xD2, 0x4C
	.byte 0x40, 0x86, 0x4E, 0x86, 0x4C, 0x86, 0xD5, 0x53, 0x70, 0x86, 0xD2, 0x4B, 0x40, 0x86, 0x4C, 0x86
	.byte 0x4B, 0x86, 0xD5, 0x55, 0x70, 0x86, 0xD2, 0x4C, 0x3C, 0x86, 0x4B, 0x86, 0x4C, 0x86, 0xD5, 0x53
	.byte 0x70, 0x86, 0xD2, 0x4C, 0x86, 0xD5, 0x53, 0x86, 0x51, 0x86, 0x50, 0x86, 0xD2, 0x4C, 0x40, 0x86
	.byte 0xD5, 0x4E, 0x70, 0x86, 0xD2, 0x4C, 0x40, 0x86, 0xD5, 0x50, 0x70, 0x86, 0xD2, 0x47, 0x40, 0x86
	.byte 0xD5, 0x4E, 0x70, 0x86, 0xD2, 0x47, 0x40, 0x86, 0xD5, 0x4C, 0x70, 0x86, 0xD2, 0x47, 0x40, 0x86
	.byte 0xD5, 0x4B, 0x70, 0x86, 0xD2, 0x47, 0x40, 0x86, 0xD5, 0x49, 0x70, 0x86, 0xD2, 0x47, 0x40, 0x86
	.byte 0xD5, 0x4B, 0x70, 0x86, 0xD2, 0x47, 0x40, 0x86, 0xBD, 0x18, 0xBE, 0x34, 0x8C, 0xD5, 0x51, 0x70
	.byte 0x8C, 0xE7, 0x50, 0x98, 0xD5, 0x38, 0x40, 0x86, 0x39, 0x4C, 0x86, 0x3D, 0x58, 0x86, 0x40, 0x60
	.byte 0x86, 0xBF, 0x54, 0xD5, 0x3D, 0x48, 0x86, 0x40, 0x50, 0x86, 0x45, 0x86, 0x49, 0x86, 0xB2, 0x0F
	.byte 0x83, 0x8A, 0x08, 0xB1, 0xBC, 0x00, 0xBD, 0x2D, 0xC2, 0x2C, 0xC1, 0x0C, 0xBF, 0x50, 0xBE, 0x25
	.byte 0xA0, 0xB0, 0xB0, 0xB0, 0xB0, 0xBD, 0x11, 0x9C, 0xD2, 0x53, 0x70, 0x86, 0xD2, 0x86, 0xDB, 0x8C
	.byte 0xD5, 0x52, 0x8C, 0x53, 0x8C, 0xE7, 0x55, 0x8C, 0x8C, 0xD5, 0x56, 0x86, 0x55, 0x86, 0xDB, 0x51
	.byte 0x8C, 0x4F, 0x8C, 0xD5, 0x51, 0x8C, 0xE7, 0x4C, 0x8C, 0xC4, 0x04, 0x8C, 0x00, 0xD5, 0x45, 0x86
	.byte 0x47, 0x86, 0xEB, 0x48, 0x8C, 0xC4, 0x04, 0x98, 0x00, 0xD5, 0x45, 0x86, 0x47, 0x86, 0xDB, 0x48
	.byte 0x8C, 0xD5, 0x4A, 0x8C, 0x4C, 0x8C, 0xE7, 0x4B, 0x8C, 0xC4, 0x05, 0x8C, 0x00, 0xD5, 0x4C, 0x86
	.byte 0x4B, 0x86, 0xDB, 0x47, 0x8C, 0xD5, 0x45, 0x98, 0xE7, 0x47, 0x8C, 0xC4, 0x05, 0x8C, 0x00, 0xD5
	.byte 0x48, 0x8C, 0xE9, 0x43, 0x9C, 0xD2, 0x86, 0xD2, 0x86, 0xD5, 0x8C, 0x47, 0x8C, 0xDB, 0x4F, 0x8C
	.byte 0xD5, 0x4E, 0x8C, 0xDB, 0x4C, 0x8C, 0xD5, 0x4A, 0x8C, 0x4C, 0x8C, 0xEB, 0x49, 0x8C, 0xC4, 0x05
	.byte 0x98, 0x00, 0x8C, 0xD5, 0x46, 0x86, 0x48, 0x86, 0xE9, 0x4A, 0x8C, 0xC4, 0x04, 0x8C, 0x00, 0x8C
	.byte 0xD2, 0x86, 0xD2, 0x86, 0xD5, 0x8C, 0xE7, 0x4C, 0x98, 0xD5, 0x4A, 0x86, 0x4C, 0x86, 0xEF, 0x49
	.byte 0x98, 0xC4, 0x05, 0x98, 0x00, 0xE7, 0x4C, 0x98, 0x4F, 0x98, 0xBF, 0x58, 0xC4, 0x00, 0xBE, 0x1F
	.byte 0xA0, 0xDB, 0x58, 0x8C, 0xD5, 0x56, 0x8C, 0x55, 0x8C, 0xE7, 0x56, 0x8C, 0xC4, 0x03, 0x8C, 0x00
	.byte 0xD5, 0x58, 0x86, 0x56, 0x86, 0xE7, 0x55, 0x8C, 0xC4, 0x04, 0x8C, 0x00, 0xE7, 0x4F, 0x98, 0xD5
	.byte 0x51, 0x8C, 0xED, 0x54, 0x8C, 0xC4, 0x05, 0xBE, 0x1C, 0x82, 0x1B, 0x83, 0x19, 0x83, 0x16, 0x84
	.byte 0x15, 0x82, 0x11, 0x83, 0x0D, 0x83, 0x0C, 0x84, 0xC4, 0x00, 0xBE, 0x1F, 0x8C, 0xD2, 0x57, 0x86
	.byte 0xD2, 0x86, 0xDB, 0x8C, 0x58, 0x8C, 0x5A, 0x8C, 0xE7, 0x58, 0x8C, 0xC4, 0x05, 0x8C, 0x00, 0xD5
	.byte 0x5A, 0x86, 0x58, 0x86, 0xE7, 0x57, 0x98, 0x53, 0x98, 0x51, 0x8C, 0xC4, 0x05, 0x8C, 0xBF, 0x20
	.byte 0xC4, 0x00, 0xBE, 0x23, 0xD5, 0x48, 0x86, 0x43, 0x86, 0x40, 0x86, 0x43, 0x86, 0x48, 0x86, 0x43
	.byte 0x86, 0x48, 0x86, 0x4C, 0x86, 0xBF, 0x58, 0xD5, 0x4F, 0x86, 0x4C, 0x86, 0x48, 0x86, 0x4F, 0x86
	.byte 0x54, 0x86, 0x4F, 0x86, 0x54, 0x86, 0x58, 0x86, 0xBF, 0x20, 0xD5, 0x49, 0x86, 0x43, 0x86, 0x40
	.byte 0x86, 0x43, 0x86, 0x49, 0x86, 0x43, 0x86, 0x49, 0x86, 0x4C, 0x86, 0xBF, 0x58, 0xD5, 0x4F, 0x86
	.byte 0x4C, 0x86, 0x49, 0x86, 0x4F, 0x86, 0x55, 0x86, 0x53, 0x86, 0x5B, 0x40, 0x86, 0xF9, 0x5D, 0x3C
	.byte 0x86, 0x98, 0xC4, 0x06, 0xBE, 0x1F, 0x85, 0x1B, 0x87, 0x19, 0x85, 0x17, 0x87, 0x15, 0x85, 0x13
	.byte 0x87, 0x11, 0x85, 0x11, 0x87, 0x10, 0x85, 0x0F, 0x87, 0x0D, 0x85, 0x0C, 0x87, 0xC4, 0x00, 0xBE
	.byte 0x25, 0xD5, 0x5D, 0x70, 0x98, 0xD5, 0x98, 0xD5, 0x92, 0x5B, 0x86, 0x5D, 0x8C, 0xDB, 0x58, 0x8C
	.byte 0xB0, 0xB0, 0xB0, 0xB0, 0xB0, 0xB0, 0xB0, 0xB0, 0xB0, 0xB0, 0xB0, 0xB0, 0xB0, 0xB0, 0xB0, 0xB0
	.byte 0xB0, 0xB0, 0xB0, 0xB0, 0xB0, 0xB0, 0xB2, 0x8A, 0x86, 0x8A, 0x08, 0xB1, 0xBC, 0x00, 0xBD, 0x7E
	.byte 0xC2, 0x2C, 0xC1, 0x0C, 0xBF, 0x7F, 0xBE, 0x2C, 0xA0, 0xD5, 0x58, 0x70, 0x98, 0x58, 0x50, 0x98
	.byte 0x58, 0x70, 0x98, 0x58, 0x58, 0x98, 0xB4, 0xB3, 0x42, 0x88, 0x8A, 0x08, 0xB3, 0x42, 0x88, 0x8A
	.byte 0x08, 0xB3, 0x42, 0x88, 0x8A, 0x08, 0xB0, 0xB0, 0xB0, 0xAC, 0xDB, 0x58, 0x70, 0x8C, 0xB0, 0xB0
	.byte 0xB0, 0xA4, 0x58, 0x5C, 0x98, 0x58, 0x70, 0x8C, 0xB0, 0x8C, 0x58, 0x5C, 0xAC, 0xA4, 0x58, 0x60
	.byte 0x9C, 0xA4, 0xDB, 0x98, 0x58, 0x70, 0x8C, 0xB3, 0x42, 0x88, 0x8A, 0x08, 0xB3, 0x42, 0x88, 0x8A
	.byte 0x08, 0xB3, 0x42, 0x88, 0x8A, 0x08, 0xB3, 0x42, 0x88, 0x8A, 0x08, 0xB3, 0x42, 0x88, 0x8A, 0x08
	.byte 0xB3, 0x42, 0x88, 0x8A, 0x08, 0xB3, 0x42, 0x88, 0x8A, 0x08, 0xB3, 0x42, 0x88, 0x8A, 0x08, 0xB3
	.byte 0x42, 0x88, 0x8A, 0x08, 0xB3, 0x42, 0x88, 0x8A, 0x08, 0xB3, 0x42, 0x88, 0x8A, 0x08, 0xB3, 0x42
	.byte 0x88, 0x8A, 0x08, 0xB3, 0x42, 0x88, 0x8A, 0x08, 0xB3, 0x42, 0x88, 0x8A, 0x08, 0xB0, 0xB0, 0xB0
	.byte 0xAC, 0xDB, 0x58, 0x70, 0x8C, 0xB0, 0xB0, 0xB3, 0x42, 0x88, 0x8A, 0x08, 0xB3, 0x42, 0x88, 0x8A
	.byte 0x08, 0xB3, 0x42, 0x88, 0x8A, 0x08, 0xB3, 0x42, 0x88, 0x8A, 0x08, 0xB3, 0x42, 0x88, 0x8A, 0x08
	.byte 0xB3, 0x42, 0x88, 0x8A, 0x08, 0xB2, 0x42, 0x88, 0x8A, 0x08, 0xB1, 0xBC, 0x00, 0xBD, 0x53, 0xC2
	.byte 0x2C, 0xCD, 0x08, 0x12, 0x08, 0x10, 0xC1, 0x0C, 0xBF, 0x01, 0xBE, 0x23, 0xC0, 0x40, 0xA0, 0xBD
	.byte 0x53, 0x86, 0xE7, 0x5A, 0x54, 0x8C, 0xBE, 0x1D, 0x83, 0x1A, 0x83, 0x16, 0x83, 0x11, 0x83, 0x23
	.byte 0xE7, 0x56, 0x8C, 0xBE, 0x1D, 0x83, 0x1A, 0x83, 0x16, 0x83, 0x11, 0x83, 0x23, 0xE7, 0x58, 0x8C
	.byte 0xBE, 0x1D, 0x83, 0x1A, 0x83, 0x16, 0x83, 0x11, 0x83, 0x23, 0xE7, 0x51, 0x8C, 0xBE, 0x1D, 0x83
	.byte 0x1A, 0x83, 0x16, 0x83, 0x11, 0x83, 0x23, 0xE7, 0x5A, 0x8C, 0xBE, 0x1D, 0x83, 0x1A, 0x83, 0x16
	.byte 0x83, 0x11, 0x83, 0x23, 0xE7, 0x56, 0x8C, 0xBE, 0x1D, 0x83, 0x1A, 0x83, 0x16, 0x83, 0x11, 0x83
	.byte 0x23, 0xE7, 0x58, 0x8C, 0xBE, 0x1D, 0x83, 0x1A, 0x83, 0x16, 0x83, 0x11, 0x83, 0x23, 0xE7, 0x5D
	.byte 0x8C, 0xBE, 0x1D, 0x83, 0x1A, 0x83, 0x16, 0x83, 0x11, 0x83, 0x23, 0xE7, 0x5F, 0x8C, 0xBE, 0x1D
	.byte 0x83, 0x1A, 0x83, 0x16, 0x83, 0x11, 0x83, 0x23, 0xE7, 0x5B, 0x8C, 0xBE, 0x1D, 0x83, 0x1A, 0x83
	.byte 0x16, 0x83, 0x11, 0x83, 0x23, 0xE7, 0x5D, 0x8C, 0xBE, 0x1D, 0x83, 0x1A, 0x83, 0x16, 0x83, 0x11
	.byte 0x83, 0x23, 0xE9, 0x5A, 0x8C, 0xBE, 0x1D, 0x83, 0x1A, 0x83, 0x16, 0x83, 0x11, 0x83, 0x23, 0x86
	.byte 0xBD, 0x50, 0xDB, 0x4F, 0x70, 0x8C, 0xE7, 0x4E, 0x98, 0x4A, 0x98, 0x4C, 0x98, 0xBD, 0x50, 0xC0
	.byte 0x40, 0xE9, 0x43, 0x9C, 0xD2, 0x86, 0xD2, 0x86, 0xDB, 0x8C, 0xD5, 0x42, 0x8C, 0xE7, 0x43, 0x98
	.byte 0xC0, 0x40, 0xE7, 0x49, 0x98, 0xD5, 0x45, 0x8C, 0xD2, 0x44, 0x86, 0x45, 0x86, 0xE7, 0x40, 0x98
	.byte 0x45, 0x98, 0xEB, 0x89, 0xC4, 0x03, 0x98, 0x83, 0xD2, 0x42, 0x83, 0xC4, 0x00, 0x83, 0xD2, 0x45
	.byte 0x86, 0xDB, 0x48, 0x8C, 0xD5, 0x45, 0x8C, 0x41, 0x8C, 0xEB, 0x42, 0x8C, 0xC4, 0x03, 0x98, 0xD5
	.byte 0x45, 0x8C, 0xD2, 0x44, 0x86, 0x45, 0x86, 0xC4, 0x00, 0xDB, 0x3F, 0x8C, 0xE7, 0x45, 0x98, 0xD5
	.byte 0x47, 0x8C, 0xE7, 0x43, 0x98, 0xD5, 0x3E, 0x8C, 0xC4, 0x03, 0xD2, 0x3D, 0x86, 0x3E, 0x86, 0xC4
	.byte 0x00, 0xD2, 0x43, 0xD2, 0x47, 0x8C, 0x40, 0x86, 0x43, 0x86, 0xD5, 0x8C, 0xC4, 0x03, 0xD2, 0x42
	.byte 0x86, 0xD5, 0x43, 0x86, 0xC4, 0x00, 0xE7, 0x45, 0x98, 0xD5, 0x43, 0x8C, 0xC4, 0x03, 0xD2, 0x42
	.byte 0x86, 0xD5, 0x43, 0x86, 0xC4, 0x00, 0xD2, 0x49, 0x86, 0xD2, 0x86, 0x48, 0x86, 0x49, 0x86, 0xE7
	.byte 0x45, 0x8C, 0xC4, 0x03, 0x8C, 0x00, 0xE7, 0x4A, 0x98, 0xC4, 0x03, 0xD5, 0x8C, 0xD2, 0x86, 0xD2
	.byte 0x86, 0xC4, 0x00, 0xE7, 0x98, 0xC4, 0x03, 0xD5, 0x8C, 0xD2, 0x86, 0xD2, 0x86, 0xC4, 0x00, 0xEB
	.byte 0x49, 0x98, 0xC4, 0x03, 0x8C, 0xD2, 0x45, 0x86, 0x49, 0x86, 0xC4, 0x00, 0xE7, 0x40, 0x98, 0x45
	.byte 0x98, 0xFB, 0x43, 0x98, 0xC4, 0x03, 0xA4, 0xD5, 0x45, 0x86, 0x43, 0x86, 0xC4, 0x00, 0xEF, 0x45
	.byte 0x98, 0xC4, 0x03, 0x98, 0xE7, 0x49, 0x98, 0x45, 0x98, 0xC4, 0x00, 0xFB, 0x98, 0xC4, 0x03, 0xA4
	.byte 0xD5, 0x44, 0x86, 0x43, 0x86, 0xC4, 0x00, 0xEF, 0x42, 0x98, 0xC4, 0x03, 0x98, 0xE7, 0x40, 0x98
	.byte 0x42, 0x98, 0xC4, 0x00, 0xFF, 0x4C, 0x70, 0x98, 0xC4, 0x03, 0xA8, 0xB4, 0xB3, 0xAB, 0x8A, 0x8A
	.byte 0x08, 0xC4, 0x00, 0xFF, 0x4F, 0x70, 0x98, 0xC4, 0x03, 0xA0, 0x05, 0x98, 0xBD, 0x53, 0xC4, 0x00
	.byte 0xD5, 0x40, 0x8C, 0x40, 0x24, 0x8C, 0x40, 0x70, 0x8C, 0x40, 0x24, 0x8C, 0x40, 0x70, 0x8C, 0x40
	.byte 0x24, 0x8C, 0x40, 0x70, 0x8C, 0x40, 0x24, 0x8C, 0xE7, 0x4E, 0x70, 0x8C, 0xBE, 0x1D, 0x83, 0x1A
	.byte 0x83, 0x16, 0x83, 0x11, 0x83, 0x23, 0xE7, 0x4A, 0x8C, 0xBE, 0x1D, 0x83, 0x1A, 0x83, 0x16, 0x83
	.byte 0x11, 0x83, 0x23, 0xE7, 0x4C, 0x8C, 0xBE, 0x1D, 0x83, 0x1A, 0x83, 0x16, 0x83, 0x11, 0x83, 0x23
	.byte 0xE7, 0x45, 0x8C, 0xBE, 0x1D, 0x83, 0x1A, 0x83, 0x16, 0x83, 0x11, 0x83, 0x23, 0xE7, 0x4E, 0x8C
	.byte 0xBE, 0x1D, 0x83, 0x1A, 0x83, 0x16, 0x83, 0x11, 0x83, 0x23, 0xE7, 0x4A, 0x8C, 0xBE, 0x1D, 0x83
	.byte 0x1A, 0x83, 0x16, 0x83, 0x11, 0x83, 0x23, 0xE7, 0x4C, 0x8C, 0xBE, 0x1D, 0x83, 0x1A, 0x83, 0x16
	.byte 0x83, 0x11, 0x83, 0x23, 0xE7, 0x51, 0x8C, 0xBE, 0x1D, 0x83, 0x1A, 0x83, 0x16, 0x83, 0x11, 0x83
	.byte 0x23, 0xE7, 0x53, 0x8C, 0xBE, 0x1D, 0x83, 0x1A, 0x83, 0x16, 0x83, 0x11, 0x83, 0x23, 0xE7, 0x4F
	.byte 0x8C, 0xBE, 0x1D, 0x83, 0x1A, 0x83, 0x16, 0x83, 0x11, 0x83, 0x23, 0xE7, 0x51, 0x8C, 0xBE, 0x1D
	.byte 0x83, 0x1A, 0x83, 0x16, 0x83, 0x11, 0x83, 0x23, 0xE7, 0x4E, 0x8C, 0xBE, 0x1D, 0x83, 0x1A, 0x83
	.byte 0x16, 0x83, 0x11, 0x83, 0xBD, 0x50, 0xBE, 0x23, 0xE7, 0x43, 0x98, 0x42, 0x98, 0x40, 0x98, 0x45
	.byte 0x98, 0xBD, 0x53, 0xE7, 0x5A, 0x8C, 0xBE, 0x1D, 0x83, 0x1A, 0x83, 0x16, 0x83, 0x11, 0x83, 0x23
	.byte 0xE7, 0x56, 0x8C, 0xBE, 0x1D, 0x83, 0x1A, 0x83, 0x16, 0x83, 0x11, 0x83, 0x23, 0xE7, 0x58, 0x8C
	.byte 0xBE, 0x1D, 0x83, 0x1A, 0x83, 0x16, 0x83, 0x11, 0x83, 0x23, 0xE7, 0x51, 0x8C, 0xBE, 0x1D, 0x83
	.byte 0x1A, 0x83, 0x16, 0x83, 0x11, 0x83, 0x23, 0xE7, 0x5A, 0x8C, 0xBE, 0x1D, 0x83, 0x1A, 0x83, 0x16
	.byte 0x83, 0x11, 0x83, 0x23, 0xE7, 0x56, 0x8C, 0xBE, 0x1D, 0x83, 0x1A, 0x83, 0x16, 0x83, 0x11, 0x83
	.byte 0x23, 0xE7, 0x58, 0x8C, 0xBE, 0x1D, 0x83, 0x1A, 0x83, 0x16, 0x83, 0x11, 0x83, 0x23, 0xE7, 0x5D
	.byte 0x8C, 0xBE, 0x1D, 0x83, 0x1A, 0x83, 0x16, 0x83, 0x11, 0x83, 0x23, 0xE7, 0x5F, 0x8C, 0xBE, 0x1D
	.byte 0x83, 0x1A, 0x83, 0x16, 0x83, 0x11, 0x83, 0x23, 0xE7, 0x5B, 0x8C, 0xBE, 0x1D, 0x83, 0x1A, 0x83
	.byte 0x16, 0x83, 0x11, 0x83, 0x23, 0xE7, 0x5D, 0x8C, 0xBE, 0x1D, 0x83, 0x1A, 0x83, 0x16, 0x83, 0x11
	.byte 0x83, 0x23, 0xE7, 0x5A, 0x8C, 0xBE, 0x1D, 0x83, 0x1A, 0x83, 0x16, 0x83, 0x11, 0x83, 0xBD, 0x50
	.byte 0xBE, 0x23, 0xE7, 0x43, 0x8C, 0xBE, 0x1D, 0x83, 0x1A, 0x83, 0x16, 0x83, 0x11, 0x83, 0x23, 0xE7
	.byte 0x42, 0x8C, 0xBE, 0x1D, 0x83, 0x1A, 0x83, 0x16, 0x83, 0x11, 0x83, 0x23, 0xE7, 0x3E, 0x8C, 0xBE
	.byte 0x1D, 0x83, 0x1A, 0x83, 0x16, 0x83, 0x11, 0x83, 0x23, 0xE7, 0x45, 0x8C, 0xBE, 0x1D, 0x83, 0x1A
	.byte 0x83, 0x16, 0x83, 0x11, 0x83, 0x23, 0xE7, 0x43, 0x8C, 0xBE, 0x1D, 0x83, 0x1A, 0x83, 0x16, 0x83
	.byte 0x11, 0x83, 0x23, 0xE7, 0x42, 0x8C, 0xBE, 0x1D, 0x83, 0x1A, 0x83, 0x16, 0x83, 0x11, 0x83, 0x23
	.byte 0xE7, 0x3E, 0x8C, 0xBE, 0x1D, 0x83, 0x1A, 0x83, 0x16, 0x83, 0x11, 0x83, 0x23, 0xE7, 0x45, 0x8C
	.byte 0xBE, 0x1D, 0x83, 0x1A, 0x83, 0x16, 0x83, 0x11, 0x83, 0x23, 0x8C, 0x1D, 0xDB, 0x4F, 0x83, 0xBE
	.byte 0x1A, 0x83, 0x16, 0x83, 0x11, 0x83, 0x23, 0xE7, 0x4E, 0x8C, 0xBE, 0x1D, 0x83, 0x1A, 0x83, 0x16
	.byte 0x83, 0x11, 0x83, 0x23, 0xE7, 0x4A, 0x8C, 0xBE, 0x1D, 0x83, 0x1A, 0x83, 0x16, 0x83, 0x11, 0x83
	.byte 0x23, 0xE7, 0x51, 0x8C, 0xBE, 0x1D, 0x83, 0x1A, 0x83, 0x16, 0x83, 0x11, 0x83, 0xBD, 0x50, 0xBE
	.byte 0x1A, 0xFB, 0x4A, 0xAC, 0xD5, 0x4D, 0x86, 0x4A, 0x86, 0xFF, 0x48, 0xB0, 0xFF, 0xB0, 0xBD, 0x53
	.byte 0xD5, 0x3B, 0x86, 0x37, 0x86, 0x3B, 0x86, 0x3E, 0x86, 0x43, 0x86, 0x42, 0x86, 0x43, 0x86, 0x47
	.byte 0x86, 0x4A, 0x86, 0x47, 0x86, 0x4A, 0x86, 0x4E, 0x86, 0x4F, 0x86, 0x51, 0x86, 0x53, 0x86, 0x4B
	.byte 0x86, 0xBD, 0x50, 0xFB, 0x4A, 0xAC, 0xD5, 0x4F, 0x86, 0x4D, 0x86, 0xFF, 0x4C, 0xB0, 0x48, 0xB0
	.byte 0xFF, 0xB0, 0xBD, 0x53, 0xBE, 0x23, 0xE7, 0x50, 0x8C, 0xBE, 0x20, 0x82, 0x18, 0x81, 0x1D, 0x82
	.byte 0x13, 0x81, 0x17, 0x82, 0x0E, 0x81, 0x11, 0x83, 0x23, 0xE7, 0x4C, 0x8C, 0xBE, 0x20, 0x82, 0x18
	.byte 0x81, 0x1D, 0x82, 0x13, 0x81, 0x17, 0x82, 0x0E, 0x81, 0x11, 0x83, 0x23, 0xE7, 0x4E, 0x8C, 0xBE
	.byte 0x20, 0x82, 0x18, 0x81, 0x1D, 0x82, 0x13, 0x81, 0x17, 0x82, 0x0E, 0x81, 0x11, 0x83, 0x23, 0xE7
	.byte 0x47, 0x8C, 0xBE, 0x20, 0x82, 0x18, 0x81, 0x1D, 0x82, 0x13, 0x81, 0x17, 0x82, 0x0E, 0x81, 0x11
	.byte 0x83, 0x23, 0xE7, 0x50, 0x8C, 0xBE, 0x20, 0x82, 0x18, 0x81, 0x1D, 0x82, 0x13, 0x81, 0x17, 0x82
	.byte 0x0E, 0x81, 0x11, 0x83, 0x23, 0xE7, 0x4C, 0x8C, 0xBE, 0x20, 0x82, 0x18, 0x81, 0x1D, 0x82, 0x13
	.byte 0x81, 0x17, 0x82, 0x0E, 0x81, 0x11, 0x83, 0x23, 0xE7, 0x4E, 0x8C, 0xBE, 0x20, 0x82, 0x18, 0x81
	.byte 0x1D, 0x82, 0x13, 0x81, 0x17, 0x82, 0x0E, 0x81, 0x11, 0x83, 0x23, 0xE7, 0x53, 0x8C, 0xBE, 0x20
	.byte 0x82, 0x18, 0x81, 0x1D, 0x82, 0x13, 0x81, 0x17, 0x82, 0x0E, 0x81, 0x11, 0x83, 0x23, 0xE7, 0x55
	.byte 0x8C, 0xBE, 0x20, 0x82, 0x18, 0x81, 0x1D, 0x82, 0x13, 0x81, 0x17, 0x82, 0x0E, 0x81, 0x11, 0x83
	.byte 0x23, 0xE7, 0x51, 0x8C, 0xBE, 0x20, 0x82, 0x18, 0x81, 0x1D, 0x82, 0x13, 0x81, 0x17, 0x82, 0x0E
	.byte 0x81, 0x11, 0x83, 0x23, 0xE7, 0x53, 0x8C, 0xBE, 0x20, 0x82, 0x18, 0x81, 0x1D, 0x82, 0x13, 0x81
	.byte 0x17, 0x82, 0x0E, 0x81, 0x11, 0x83, 0x23, 0xE7, 0x50, 0x8C, 0xBE, 0x20, 0x82, 0x18, 0x81, 0x1D
	.byte 0x82, 0x13, 0x81, 0x17, 0x82, 0x0E, 0x81, 0x11, 0x83, 0x23, 0x8C, 0xDB, 0x51, 0x8C, 0xBE, 0x23
	.byte 0xE7, 0x50, 0x8C, 0xBE, 0x20, 0x82, 0x18, 0x81, 0x1D, 0x82, 0x13, 0x81, 0x17, 0x82, 0x0E, 0x81
	.byte 0x11, 0x83, 0x23, 0xE7, 0x4A, 0x8C, 0xBE, 0x20, 0x82, 0x18, 0x81, 0x1D, 0x82, 0x13, 0x81, 0x17
	.byte 0x82, 0x0E, 0x81, 0x11, 0x83, 0x23, 0xE7, 0x4C, 0x8C, 0xBE, 0x20, 0x82, 0x18, 0x81, 0x1D, 0x82
	.byte 0x13, 0x81, 0x17, 0x82, 0x0E, 0x81, 0x11, 0x83, 0xB2, 0x08, 0x89, 0x8A, 0x08, 0xB1, 0xBC, 0x00
	.byte 0xBD, 0x27, 0xC2, 0x2C, 0xCD, 0x08, 0x0C, 0x08, 0x16, 0xC1, 0x0C, 0xBF, 0x40, 0xBE, 0x3D, 0xA0
	.byte 0xD5, 0x32, 0x70, 0x86, 0xDB, 0x32, 0x24, 0x92, 0xD5, 0x32, 0x70, 0x86, 0x32, 0x24, 0x86, 0x2D
	.byte 0x70, 0x86, 0x2D, 0x24, 0x86, 0x31, 0x70, 0x86, 0x31, 0x24, 0x86, 0x2D, 0x70, 0x86, 0x2D, 0x24
	.byte 0x86, 0x31, 0x70, 0x86, 0x31, 0x24, 0x86, 0x2D, 0x70, 0x86, 0x2D, 0x24, 0x86, 0x2F, 0x70, 0x86
	.byte 0x2F, 0x24, 0x92, 0x2F, 0x70, 0x86, 0x2F, 0x24, 0x86, 0x2A, 0x70, 0x86, 0x2A, 0x24, 0x86, 0x2D
	.byte 0x70, 0x86, 0x2D, 0x24, 0x86, 0x28, 0x70, 0x86, 0x28, 0x24, 0x86, 0x2D, 0x70, 0x86, 0x2D, 0x24
	.byte 0x86, 0x28, 0x70, 0x86, 0x2A, 0x86, 0xE9, 0x2B, 0x70, 0x9A, 0xD5, 0x2B, 0x24, 0x86, 0x2D, 0x70
	.byte 0x86, 0x2D, 0x24, 0x86, 0xE9, 0x2A, 0x70, 0x9A, 0xD5, 0x2A, 0x24, 0x86, 0x26, 0x70, 0x86, 0x26
	.byte 0x24, 0x86, 0xB4, 0x34, 0x70, 0x86, 0x34, 0x24, 0x86, 0x28, 0x70, 0x86, 0x28, 0x24, 0x86, 0xE7
	.byte 0x28, 0x70, 0x98, 0x2B, 0x98, 0x2D, 0x98, 0xD5, 0x28, 0x70, 0x86, 0x28, 0x24, 0x9A, 0xD2, 0x28
	.byte 0x70, 0x86, 0xD2, 0x86, 0xD5, 0x86, 0x28, 0x24, 0x86, 0x28, 0x70, 0x86, 0x28, 0x24, 0x86, 0x31
	.byte 0x70, 0x86, 0x31, 0x24, 0x86, 0x2F, 0x70, 0x86, 0x2F, 0x24, 0x86, 0xB4, 0x2D, 0x70, 0x86, 0x2D
	.byte 0x24, 0x9A, 0xD2, 0x2D, 0x70, 0x86, 0xD2, 0x86, 0xD5, 0x2B, 0x86, 0xD2, 0x2D, 0x86, 0xDB, 0x28
	.byte 0x8C, 0xD5, 0x2B, 0x86, 0x2D, 0x86, 0xDB, 0x2C, 0x60, 0x8C, 0xD5, 0x2A, 0x70, 0x86, 0x2A, 0x24
	.byte 0x9A, 0xD2, 0x2A, 0x70, 0x86, 0xD2, 0x86, 0xD5, 0x28, 0x86, 0x28, 0x24, 0x86, 0xE7, 0x2A, 0x70
	.byte 0x98, 0xD5, 0x27, 0x86, 0x27, 0x24, 0x86, 0x2A, 0x70, 0x86, 0x2A, 0x24, 0x9A, 0xD2, 0x2A, 0x70
	.byte 0x86, 0xD2, 0x86, 0xD5, 0x27, 0x86, 0x27, 0x24, 0x86, 0xDB, 0x2A, 0x70, 0x8C, 0xD5, 0x2E, 0x86
	.byte 0x2F, 0x86, 0xDB, 0x29, 0x60, 0x8C, 0xD5, 0x28, 0x70, 0x86, 0x28, 0x24, 0x9A, 0xD2, 0x28, 0x70
	.byte 0x86, 0xD2, 0x86, 0xD5, 0x86, 0x28, 0x24, 0x86, 0xE1, 0x26, 0x70, 0x92, 0xD5, 0x26, 0x24, 0x86
	.byte 0x27, 0x70, 0x86, 0x27, 0x24, 0x86, 0x28, 0x70, 0x86, 0x28, 0x24, 0x9A, 0xD2, 0x28, 0x70, 0x86
	.byte 0xD2, 0x86, 0xD5, 0x2D, 0x86, 0x2D, 0x24, 0x86, 0xE1, 0x2D, 0x70, 0x92, 0xD5, 0x2D, 0x24, 0x86
	.byte 0x2B, 0x70, 0x86, 0x2B, 0x24, 0x86, 0x2E, 0x70, 0x86, 0x2E, 0x24, 0x9A, 0xD2, 0x2E, 0x70, 0x86
	.byte 0xD2, 0x86, 0xD5, 0x28, 0x86, 0x28, 0x24, 0x86, 0xDB, 0x32, 0x70, 0x8C, 0xD5, 0x32, 0x24, 0x8C
	.byte 0x2F, 0x70, 0x86, 0x2F, 0x24, 0x86, 0x2D, 0x70, 0x86, 0x2D, 0x24, 0x9A, 0xD2, 0x2D, 0x70, 0x86
	.byte 0xD2, 0x86, 0xD5, 0x2B, 0x86, 0x2B, 0x24, 0x86, 0x2D, 0x70, 0x86, 0x2D, 0x24, 0x86, 0x2B, 0x70
	.byte 0x86, 0x2D, 0x86, 0xDB, 0x29, 0x8C, 0xB3, 0xD0, 0x8E, 0x8A, 0x08, 0xD5, 0x2D, 0x70, 0x86, 0x2D
	.byte 0x24, 0x9A, 0xD2, 0x2D, 0x70, 0x86, 0xD2, 0x86, 0xD5, 0x2B, 0x86, 0x2B, 0x24, 0x86, 0xE1, 0x2D
	.byte 0x70, 0x92, 0xD5, 0x2D, 0x24, 0x86, 0x2B, 0x70, 0x86, 0x2B, 0x24, 0x86, 0x2A, 0x70, 0x86, 0x2A
	.byte 0x24, 0x9A, 0xD2, 0x2A, 0x70, 0x86, 0xD2, 0x86, 0xD5, 0x28, 0x86, 0x28, 0x24, 0x86, 0xE1, 0x2A
	.byte 0x70, 0x92, 0xD5, 0x2A, 0x24, 0x86, 0x28, 0x70, 0x86, 0x28, 0x24, 0x86, 0x2A, 0x70, 0x86, 0x2A
	.byte 0x24, 0x9A, 0xD2, 0x2A, 0x70, 0x86, 0xD2, 0x86, 0xD5, 0x28, 0x86, 0x28, 0x24, 0x86, 0xE7, 0x2A
	.byte 0x70, 0x98, 0xD5, 0x29, 0x86, 0x29, 0x24, 0x86, 0x30, 0x78, 0x8C, 0xD8, 0x30, 0x60, 0x8C, 0xD5
	.byte 0x30, 0x78, 0x8C, 0xD8, 0x30, 0x60, 0x8C, 0xD5, 0x30, 0x78, 0x8C, 0xD8, 0x30, 0x60, 0x8C, 0xD5
	.byte 0x3B, 0x70, 0x86, 0x3C, 0x78, 0x86, 0xD8, 0x30, 0x60, 0x8C, 0xD5, 0x31, 0x78, 0x8C, 0xD8, 0x31
	.byte 0x60, 0x8C, 0xD5, 0x31, 0x78, 0x8C, 0xD8, 0x31, 0x60, 0x8C, 0xD5, 0x31, 0x78, 0x8C, 0xD8, 0x31
	.byte 0x60, 0x8C, 0xD5, 0x3C, 0x70, 0x86, 0x3D, 0x78, 0x86, 0xDB, 0x3B, 0x60, 0x8C, 0xD5, 0x39, 0x78
	.byte 0x8C, 0xD8, 0x39, 0x60, 0x8C, 0xD5, 0x39, 0x78, 0x8C, 0xD8, 0x39, 0x60, 0x8C, 0xD5, 0x39, 0x78
	.byte 0x8C, 0xD8, 0x39, 0x60, 0x8C, 0xD5, 0x39, 0x78, 0x8C, 0xD8, 0x39, 0x60, 0x8C, 0xD5, 0x39, 0x70
	.byte 0x86, 0x39, 0x24, 0x92, 0x39, 0x70, 0x8C, 0xD2, 0x86, 0xD2, 0x86, 0xD5, 0x37, 0x8C, 0xDB, 0x39
	.byte 0x8C, 0xD5, 0x37, 0x86, 0x39, 0x86, 0xDB, 0x34, 0x8C, 0xD5, 0x32, 0x86, 0x32, 0x24, 0x92, 0x32
	.byte 0x70, 0x86, 0x32, 0x24, 0x86, 0x2D, 0x70, 0x86, 0x2D, 0x24, 0x86, 0x31, 0x70, 0x86, 0x31, 0x24
	.byte 0x86, 0x2D, 0x70, 0x86, 0x2D, 0x24, 0x86, 0x31, 0x70, 0x86, 0x31, 0x24, 0x86, 0x2D, 0x70, 0x86
	.byte 0x2D, 0x24, 0x86, 0x2F, 0x70, 0x86, 0x2F, 0x24, 0x92, 0x2F, 0x70, 0x86, 0x2F, 0x24, 0x86, 0x2A
	.byte 0x70, 0x86, 0x2A, 0x24, 0x86, 0x2D, 0x70, 0x86, 0x2D, 0x24, 0x86, 0x2A, 0x70, 0x86, 0x2A, 0x24
	.byte 0x86, 0x2D, 0x70, 0x86, 0x2D, 0x24, 0x86, 0x2A, 0x70, 0x86, 0x2A, 0x24, 0x86, 0xB3, 0x9F, 0x8E
	.byte 0x8A, 0x08, 0xD5, 0x2C, 0x70, 0x86, 0x2D, 0x86, 0x28, 0x86, 0x28, 0x24, 0x86, 0x28, 0x70, 0x86
	.byte 0x28, 0x24, 0x86, 0x27, 0x70, 0x86, 0x27, 0x24, 0x86, 0x2D, 0x70, 0x86, 0x2D, 0x24, 0x86, 0x28
	.byte 0x70, 0x86, 0x2D, 0x86, 0xE7, 0x31, 0x98, 0xD5, 0x32, 0x86, 0x32, 0x24, 0x92, 0x32, 0x70, 0x86
	.byte 0x32, 0x24, 0x86, 0x34, 0x70, 0x86, 0x34, 0x24, 0x86, 0x31, 0x70, 0x86, 0x31, 0x24, 0x86, 0xE7
	.byte 0x31, 0x70, 0x98, 0xD5, 0x2D, 0x86, 0x2D, 0x24, 0x86, 0x2F, 0x70, 0x86, 0x2F, 0x24, 0x92, 0x2F
	.byte 0x70, 0x86, 0x2F, 0x24, 0x86, 0x32, 0x70, 0x86, 0x32, 0x24, 0x86, 0x2D, 0x70, 0x86, 0x2D, 0x24
	.byte 0x86, 0xE7, 0x2D, 0x70, 0x98, 0xD5, 0x2A, 0x86, 0x2A, 0x24, 0x86, 0x2B, 0x70, 0x86, 0x2B, 0x24
	.byte 0x92, 0x2B, 0x70, 0x86, 0x2B, 0x24, 0x86, 0x2D, 0x70, 0x86, 0x2D, 0x24, 0x86, 0x2A, 0x70, 0x86
	.byte 0x2A, 0x24, 0x86, 0xE7, 0x2A, 0x70, 0x98, 0xD5, 0x26, 0x86, 0x26, 0x24, 0x86, 0x28, 0x70, 0x86
	.byte 0x28, 0x24, 0x86, 0x28, 0x70, 0x86, 0x28, 0x24, 0x86, 0xE7, 0x28, 0x70, 0x98, 0x2B, 0x98, 0xDB
	.byte 0x2D, 0x8C, 0xD5, 0x2B, 0x86, 0x2C, 0x86, 0x2D, 0x86, 0x2D, 0x24, 0x86, 0x28, 0x70, 0x86, 0x28
	.byte 0x24, 0x86, 0xE7, 0x28, 0x70, 0x98, 0x2B, 0x98, 0xE1, 0x2D, 0x92, 0xD5, 0x2D, 0x24, 0x86, 0x28
	.byte 0x70, 0x86, 0x28, 0x24, 0x86, 0x2B, 0x70, 0x86, 0x2B, 0x24, 0x86, 0xE7, 0x2B, 0x70, 0x98, 0x2C
	.byte 0x98, 0x2D, 0x98, 0xD5, 0x2E, 0x86, 0x2E, 0x24, 0x9A, 0xD2, 0x2E, 0x70, 0x86, 0xD2, 0x86, 0xD5
	.byte 0x29, 0x86, 0x29, 0x24, 0x86, 0xDB, 0x29, 0x70, 0x8C, 0xD5, 0x2E, 0x86, 0x2E, 0x24, 0x86, 0x29
	.byte 0x70, 0x86, 0x29, 0x24, 0x86, 0x2D, 0x70, 0x86, 0x2D, 0x24, 0x9A, 0xD2, 0x2D, 0x70, 0x86, 0xD2
	.byte 0x86, 0xD5, 0x28, 0x86, 0x28, 0x24, 0x86, 0xDB, 0x28, 0x70, 0x8C, 0xD5, 0x2C, 0x86, 0x2D, 0x86
	.byte 0xDB, 0x28, 0x8C, 0xD5, 0x2C, 0x86, 0x2C, 0x24, 0x9A, 0xD2, 0x2C, 0x70, 0x86, 0xD2, 0x86, 0xD5
	.byte 0x27, 0x86, 0x27, 0x24, 0x86, 0xDB, 0x27, 0x70, 0x8C, 0xD5, 0x2C, 0x86, 0x2C, 0x24, 0x86, 0x27
	.byte 0x70, 0x86, 0x27, 0x24, 0x86, 0x2B, 0x70, 0x86, 0x2B, 0x24, 0x9A, 0xD2, 0x2B, 0x70, 0x86, 0xD2
	.byte 0x86, 0xD5, 0x26, 0x86, 0x26, 0x24, 0x86, 0xDB, 0x26, 0x70, 0x8C, 0xD5, 0x2B, 0x86, 0x2B, 0x24
	.byte 0x86, 0x26, 0x70, 0x86, 0x26, 0x24, 0x86, 0x2E, 0x70, 0x86, 0x2E, 0x24, 0x9A, 0xD2, 0x2E, 0x70
	.byte 0x86, 0xD2, 0x86, 0xD5, 0x29, 0x86, 0x29, 0x24, 0x86, 0xDB, 0x29, 0x70, 0x8C, 0xD5, 0x2E, 0x86
	.byte 0x2E, 0x24, 0x92, 0x30, 0x70, 0x86, 0x30, 0x24, 0x9A, 0xD2, 0x30, 0x70, 0x86, 0xD2, 0x86, 0xD5
	.byte 0x2B, 0x86, 0x2B, 0x24, 0x86, 0xDB, 0x2B, 0x70, 0x8C, 0xD5, 0x2F, 0x86, 0x30, 0x86, 0xDB, 0x2B
	.byte 0x8C, 0xD5, 0x2D, 0x78, 0x8C, 0xD8, 0x2D, 0x60, 0x8C, 0xD5, 0x2D, 0x78, 0x8C, 0xD8, 0x2D, 0x60
	.byte 0x8C, 0xD5, 0x2D, 0x78, 0x8C, 0xD8, 0x2D, 0x60, 0x8C, 0xD5, 0x39, 0x78, 0x8C, 0xD8, 0x2D, 0x60
	.byte 0x8C, 0xD5, 0x2D, 0x78, 0x8C, 0xD8, 0x2D, 0x60, 0x8C, 0xD5, 0x2D, 0x78, 0x8C, 0xD8, 0x2D, 0x60
	.byte 0x8C, 0xD5, 0x32, 0x78, 0x8C, 0xDB, 0x32, 0x60, 0x8C, 0xD5, 0x3E, 0x78, 0x8C, 0xDB, 0x3C, 0x60
	.byte 0x8C, 0xE9, 0x34, 0x70, 0x9C, 0xD5, 0x86, 0x34, 0x24, 0x86, 0xE9, 0x33, 0x70, 0x9A, 0xD5, 0x33
	.byte 0x24, 0x86, 0x33, 0x70, 0x86, 0x33, 0x24, 0x86, 0xE9, 0x31, 0x70, 0x9A, 0xD5, 0x31, 0x24, 0x86
	.byte 0x31, 0x70, 0x86, 0x31, 0x24, 0x86, 0xE9, 0x2F, 0x70, 0x9A, 0xD5, 0x2F, 0x24, 0x86, 0x2F, 0x70
	.byte 0x86, 0x2F, 0x24, 0x86, 0xE9, 0x2D, 0x70, 0x9A, 0xD5, 0x2D, 0x24, 0x86, 0x2D, 0x70, 0x86, 0x2D
	.byte 0x24, 0x86, 0xE9, 0x2C, 0x70, 0x9A, 0xD5, 0x2C, 0x24, 0x86, 0x2C, 0x70, 0x86, 0x2C, 0x24, 0x86
	.byte 0x36, 0x70, 0x86, 0x36, 0x24, 0x86, 0x2A, 0x70, 0x86, 0x2A, 0x24, 0x86, 0xE7, 0x2A, 0x70, 0x98
	.byte 0x2B, 0x98, 0x2D, 0x98, 0xB2, 0x49, 0x8E, 0x8A, 0x08, 0xB1, 0xBC, 0x00, 0xBD, 0x00, 0xBF, 0x40
	.byte 0xBE, 0x46, 0xD5, 0x24, 0x7F, 0xED, 0x39, 0x3C, 0x8C, 0xD5, 0x28, 0x7F, 0x8C, 0x24, 0x86, 0x24
	.byte 0x70, 0x86, 0x28, 0x7C, 0x86, 0xD2, 0x26, 0x3C, 0x83, 0xD2, 0x83, 0xBE, 0x3F, 0xD5, 0x28, 0x70
	.byte 0xEF, 0x39, 0x60, 0x98, 0xD5, 0x28, 0x70, 0x8C, 0x24, 0x7F, 0x86, 0xD2, 0x28, 0x3C, 0x83, 0xD2
	.byte 0x83, 0xD5, 0x28, 0x70, 0x8C, 0x24, 0x7F, 0x8C, 0x28, 0x70, 0xE7, 0x37, 0x50, 0x8C, 0xD5, 0x24
	.byte 0x7F, 0x8C, 0xD5, 0x28, 0x70, 0xEF, 0x39, 0x5C, 0x98, 0xD5, 0x28, 0x70, 0x8C, 0x24, 0x7F, 0x86
	.byte 0xD2, 0x28, 0x3C, 0x83, 0xD2, 0x83, 0xD5, 0x28, 0x70, 0x8C, 0x24, 0x7F, 0x8C, 0x28, 0x70, 0xE7
	.byte 0x37, 0x50, 0x86, 0xD5, 0x28, 0x70, 0x86, 0x24, 0x7F, 0x8C, 0xB4, 0xD5, 0x28, 0x70, 0xEF, 0x39
	.byte 0x60, 0x98, 0xD5, 0x28, 0x70, 0x8C, 0x24, 0x7F, 0x86, 0xD2, 0x28, 0x3C, 0x83, 0xD2, 0x83, 0xD5
	.byte 0x28, 0x70, 0x8C, 0x24, 0x7F, 0x8C, 0x28, 0x70, 0xE7, 0x37, 0x50, 0x8C, 0xD5, 0x24, 0x7F, 0x8C
	.byte 0xB4, 0xD5, 0xEF, 0x39, 0x60, 0x8C, 0xD5, 0x28, 0x70, 0x8C, 0x24, 0x7F, 0x86, 0x24, 0x70, 0x86
	.byte 0x28, 0x86, 0xD2, 0x28, 0x3C, 0x83, 0xD2, 0x83, 0xD5, 0x28, 0x70, 0x8C, 0x24, 0x7F, 0x8C, 0x28
	.byte 0x70, 0xE7, 0x37, 0x50, 0x86, 0xD5, 0x28, 0x70, 0x86, 0x24, 0x78, 0x8C, 0xD5, 0xEB, 0x39, 0x60
	.byte 0x98, 0xD5, 0x28, 0x70, 0x8C, 0x24, 0x86, 0x24, 0x54, 0x86, 0x24, 0x70, 0x8C, 0xD5, 0x8C, 0x28
	.byte 0x98, 0xD5, 0x24, 0x78, 0x98, 0x28, 0x70, 0x8C, 0x24, 0x86, 0x24, 0x54, 0x86, 0x24, 0x70, 0x8C
	.byte 0xD5, 0x8C, 0x28, 0x98, 0xB4, 0xB3, 0x1A, 0x94, 0x8A, 0x08, 0xB3, 0x1A, 0x94, 0x8A, 0x08, 0xB3
	.byte 0x1A, 0x94, 0x8A, 0x08, 0xB3, 0x1A, 0x94, 0x8A, 0x08, 0xB3, 0x1A, 0x94, 0x8A, 0x08, 0xD5, 0x24
	.byte 0x78, 0x98, 0x28, 0x70, 0x8C, 0x24, 0x86, 0x24, 0x54, 0x86, 0x28, 0x70, 0x8C, 0x24, 0x8C, 0x26
	.byte 0x86, 0xD5, 0x86, 0x28, 0x8C, 0x24, 0x78, 0xEF, 0x39, 0x50, 0x98, 0xD5, 0x28, 0x70, 0x8C, 0x24
	.byte 0x86, 0x24, 0x54, 0x86, 0x24, 0x70, 0x8C, 0xD5, 0x8C, 0x28, 0x98, 0x24, 0x7C, 0x98, 0x28, 0x70
	.byte 0x8C, 0x24, 0x86, 0x24, 0x54, 0x86, 0x24, 0x70, 0x8C, 0xD5, 0x8C, 0x28, 0x98, 0x24, 0x98, 0x28
	.byte 0x8C, 0x24, 0x86, 0x24, 0x54, 0x86, 0x24, 0x70, 0x8C, 0xD5, 0x8C, 0x28, 0x98, 0x24, 0x78, 0x98
	.byte 0x28, 0x70, 0x8C, 0x24, 0x86, 0x24, 0x54, 0x86, 0x24, 0x70, 0x8C, 0xD5, 0x8C, 0x28, 0x8C, 0xD5
	.byte 0x8C, 0xD5, 0x28, 0x78, 0x98, 0x28, 0x70, 0x8C, 0x24, 0x86, 0xD2, 0x28, 0x3C, 0x83, 0xD2, 0x83
	.byte 0xD5, 0x28, 0x70, 0x8C, 0x24, 0x8C, 0x28, 0x86, 0xD5, 0x86, 0x24, 0x8C, 0xB4, 0xB3, 0xAA, 0x94
	.byte 0x8A, 0x08, 0xD5, 0x28, 0x7C, 0x98, 0x28, 0x70, 0x8C, 0x24, 0x86, 0xD2, 0x28, 0x3C, 0x83, 0xD2
	.byte 0x83, 0xD5, 0x28, 0x70, 0x8C, 0x24, 0x8C, 0x28, 0x8C, 0x24, 0x8C, 0x24, 0x7C, 0x8C, 0x28, 0x70
	.byte 0x8C, 0x24, 0x86, 0xD5, 0x86, 0x28, 0x86, 0xD2, 0x28, 0x3C, 0x83, 0xD2, 0x83, 0xD5, 0x28, 0x70
	.byte 0x8C, 0x24, 0x8C, 0x28, 0x86, 0xD5, 0x86, 0x24, 0x8C, 0xD5, 0x28, 0x70, 0xEF, 0x39, 0x58, 0x98
	.byte 0xD5, 0x28, 0x70, 0x8C, 0x24, 0x7F, 0x86, 0xD2, 0x28, 0x3C, 0x83, 0xD2, 0x83, 0xD5, 0x28, 0x70
	.byte 0x8C, 0x24, 0x7F, 0x8C, 0x28, 0x70, 0xE7, 0x37, 0x50, 0x8C, 0xD5, 0x24, 0x7F, 0x8C, 0xB4, 0xB3
	.byte 0x8B, 0x93, 0x8A, 0x08, 0xB3, 0xB4, 0x93, 0x8A, 0x08, 0xD5, 0x28, 0x70, 0xEF, 0x39, 0x5C, 0x98
	.byte 0xD5, 0x24, 0x7F, 0x86, 0x24, 0x70, 0x86, 0x28, 0x86, 0xD2, 0x28, 0x3C, 0x83, 0xD2, 0x83, 0xD5
	.byte 0x28, 0x70, 0x8C, 0x24, 0x7F, 0x8C, 0x28, 0x70, 0xE7, 0x37, 0x50, 0x86, 0xD5, 0x28, 0x70, 0x86
	.byte 0x24, 0x7F, 0x8C, 0xB4, 0xB3, 0x02, 0x95, 0x8A, 0x08, 0xD5, 0x28, 0x70, 0xEF, 0x39, 0x58, 0x98
	.byte 0xD5, 0x28, 0x70, 0x8C, 0x24, 0x86, 0xD2, 0x28, 0x3C, 0x83, 0xD2, 0x83, 0xD5, 0x28, 0x70, 0x8C
	.byte 0x24, 0x8C, 0x28, 0xE7, 0x37, 0x50, 0x86, 0xD5, 0x28, 0x70, 0x86, 0x24, 0x8C, 0xB3, 0x02, 0x95
	.byte 0x8A, 0x08, 0xB3, 0x32, 0x95, 0x8A, 0x08, 0xD5, 0x28, 0x70, 0xEF, 0x39, 0x58, 0x98, 0xD5, 0x24
	.byte 0x7F, 0x86, 0x24, 0x70, 0x86, 0x28, 0x86, 0xD2, 0x28, 0x3C, 0x83, 0xD2, 0x83, 0xD5, 0x28, 0x70
	.byte 0x8C, 0x24, 0x7F, 0x8C, 0x28, 0x70, 0xE7, 0x37, 0x50, 0x86, 0xD5, 0x28, 0x70, 0x86, 0x24, 0x7F
	.byte 0x8C, 0x24, 0x78, 0xEF, 0x39, 0x58, 0x8C, 0xD5, 0x28, 0x70, 0x8C, 0x24, 0x86, 0xD5, 0x86, 0x28
	.byte 0x86, 0xD2, 0x28, 0x3C, 0x83, 0xD2, 0x83, 0xD5, 0x28, 0x70, 0x8C, 0x24, 0x8C, 0x28, 0xE7, 0x39
	.byte 0x3C, 0x86, 0xD5, 0x28, 0x70, 0x86, 0x24, 0x8C, 0xD5, 0x24, 0x78, 0x92, 0xD2, 0x26, 0x3C, 0x83
	.byte 0xD2, 0x83, 0xD5, 0x28, 0x70, 0x8C, 0x24, 0x86, 0x28, 0x54, 0x86, 0x24, 0x70, 0x8C, 0xD5, 0x8C
	.byte 0x28, 0x98, 0xB4, 0x24, 0x78, 0x92, 0xD2, 0x26, 0x3C, 0x83, 0xD2, 0x83, 0xD5, 0x28, 0x70, 0x8C
	.byte 0x24, 0x86, 0x28, 0x54, 0x86, 0x24, 0x70, 0x86, 0x28, 0x5C, 0x86, 0x24, 0x70, 0x8C, 0x28, 0x86
	.byte 0x26, 0x92, 0x24, 0x78, 0x92, 0xD2, 0x26, 0x3C, 0x83, 0xD2, 0x83, 0xD5, 0x28, 0x70, 0x8C, 0x24
	.byte 0x86, 0x24, 0x54, 0x86, 0x24, 0x70, 0x8C, 0xD5, 0x8C, 0x28, 0x98, 0x28, 0x78, 0x8C, 0x24, 0x70
	.byte 0x8C, 0x28, 0x8C, 0x24, 0x86, 0x24, 0x54, 0x86, 0x28, 0x70, 0x86, 0xD5, 0x86, 0x24, 0x8C, 0x28
	.byte 0x86, 0x24, 0x86, 0x28, 0x86, 0xD5, 0x86, 0xB3, 0xE1, 0x95, 0x8A, 0x08, 0xD5, 0x24, 0x78, 0x92
	.byte 0xD2, 0x26, 0x3C, 0x83, 0xD2, 0x83, 0xD5, 0x28, 0x70, 0x8C, 0x24, 0x86, 0x28, 0x54, 0x86, 0x24
	.byte 0x70, 0x86, 0x28, 0x86, 0x24, 0x8C, 0x28, 0x98, 0xD5, 0x92, 0xD2, 0x26, 0x3C, 0x83, 0xD2, 0x83
	.byte 0xD5, 0x28, 0x70, 0x8C, 0x24, 0x7F, 0x86, 0xD2, 0x28, 0x3C, 0x83, 0xD2, 0x83, 0xD5, 0x28, 0x70
	.byte 0x8C, 0x24, 0x7F, 0x8C, 0x28, 0x70, 0x86, 0xD5, 0x86, 0x24, 0x7F, 0x8C, 0x28, 0x70, 0x98, 0xD5
	.byte 0x8C, 0x24, 0x7F, 0x86, 0xD2, 0x28, 0x3C, 0x83, 0xD2, 0x83, 0xD5, 0x28, 0x70, 0x8C, 0x24, 0x7F
	.byte 0x8C, 0x28, 0x70, 0x86, 0xD5, 0x86, 0x24, 0x7F, 0x8C, 0xB3, 0x02, 0x95, 0x8A, 0x08, 0xD5, 0x28
	.byte 0x70, 0xEF, 0x39, 0x58, 0x98, 0xD5, 0x28, 0x70, 0x8C, 0x24, 0x7F, 0x86, 0xD2, 0x28, 0x3C, 0x83
	.byte 0xD2, 0x83, 0xD5, 0x28, 0x70, 0x8C, 0x24, 0x7F, 0x8C, 0x28, 0x70, 0xE7, 0x37, 0x50, 0x86, 0xD5
	.byte 0x28, 0x70, 0x86, 0x24, 0x7F, 0x8C, 0x28, 0x70, 0xEF, 0x39, 0x5C, 0x98, 0xD5, 0x28, 0x70, 0x8C
	.byte 0x24, 0x7F, 0x86, 0xD2, 0x28, 0x3C, 0x83, 0xD2, 0x83, 0xD5, 0x28, 0x70, 0x8C, 0x24, 0x7F, 0x8C
	.byte 0x28, 0x70, 0xE7, 0x37, 0x50, 0x8C, 0xD5, 0x24, 0x7F, 0x8C, 0x24, 0x78, 0xEF, 0x39, 0x5C, 0x8C
	.byte 0xD5, 0x28, 0x70, 0x8C, 0x24, 0x86, 0xD5, 0x86, 0x28, 0x86, 0xD2, 0x28, 0x3C, 0x83, 0xD2, 0x83
	.byte 0xD5, 0x28, 0x70, 0x8C, 0x24, 0x8C, 0x28, 0xE7, 0x39, 0x38, 0x86, 0xD5, 0x28, 0x70, 0x86, 0x24
	.byte 0x8C, 0xB2, 0x64, 0x93, 0x8A, 0x08, 0xB1, 0xBC, 0x00, 0xBD, 0x51, 0xC2, 0x2C, 0xCD, 0x08, 0x12
	.byte 0x08, 0x12, 0xC1, 0x0C, 0xBF, 0x7F, 0xBE, 0x23, 0xA0, 0xBD, 0x06, 0xBE, 0x23, 0xD5, 0x51, 0x70
	.byte 0x86, 0xD2, 0x56, 0x40, 0x86, 0x55, 0x86, 0x56, 0x86, 0xD5, 0x5D, 0x70, 0x86, 0xD2, 0x55, 0x3C
	.byte 0x86, 0x56, 0x86, 0x55, 0x86, 0xD5, 0x5D, 0x70, 0x86, 0xD2, 0x56, 0x40, 0x86, 0x55, 0x86, 0x56
	.byte 0x86, 0xD5, 0x5D, 0x70, 0x86, 0xD2, 0x56, 0x40, 0x86, 0xD5, 0x5D, 0x70, 0x86, 0x5B, 0x86, 0xB4
	.byte 0xD5, 0x5A, 0x70, 0x86, 0xD2, 0x56, 0x40, 0x86, 0x58, 0x86, 0x56, 0x86, 0xD5, 0x5D, 0x70, 0x86
	.byte 0xD2, 0x55, 0x40, 0x86, 0x56, 0x86, 0x55, 0x86, 0xD5, 0x5F, 0x70, 0x86, 0xD2, 0x56, 0x3C, 0x86
	.byte 0x55, 0x86, 0x56, 0x86, 0xD5, 0x5D, 0x70, 0x86, 0xD2, 0x56, 0x86, 0xD5, 0x5D, 0x86, 0x5B, 0x86
	.byte 0xB4, 0xD5, 0x5A, 0x70, 0x86, 0xD2, 0x56, 0x40, 0x86, 0xD5, 0x58, 0x70, 0x86, 0xD2, 0x56, 0x40
	.byte 0x86, 0xD5, 0x5A, 0x70, 0x86, 0xD2, 0x51, 0x40, 0x86, 0xD5, 0x58, 0x70, 0x86, 0xD2, 0x51, 0x40
	.byte 0x86, 0xD5, 0x56, 0x70, 0x86, 0xD2, 0x51, 0x40, 0x86, 0xD5, 0x55, 0x70, 0x86, 0xD2, 0x51, 0x40
	.byte 0x86, 0xD5, 0x53, 0x70, 0x86, 0xD2, 0x51, 0x40, 0x86, 0xD5, 0x55, 0x70, 0x86, 0xD2, 0x51, 0x40
	.byte 0x86, 0xB4, 0xBD, 0x51, 0xBF, 0x40, 0xBE, 0x2C, 0x8C, 0xDB, 0x3B, 0x70, 0x8C, 0xE7, 0x39, 0x98
	.byte 0x3B, 0x98, 0x3D, 0x98, 0xBD, 0x05, 0xBF, 0x7F, 0xBE, 0x23, 0xE9, 0x47, 0x9C, 0xD2, 0x86, 0xD2
	.byte 0x86, 0xDB, 0x8C, 0xD5, 0x46, 0x8C, 0xE7, 0x47, 0x98, 0x4C, 0x98, 0xD5, 0x49, 0x8C, 0xD2, 0x48
	.byte 0x86, 0x49, 0x86, 0xE7, 0x45, 0x98, 0x49, 0x98, 0xEB, 0x48, 0x89, 0xC4, 0x05, 0x98, 0x83, 0xD2
	.byte 0x47, 0x83, 0xC4, 0x00, 0x83, 0xD2, 0x48, 0x86, 0xDB, 0x4C, 0x8C, 0xD5, 0x48, 0x8C, 0x45, 0x8C
	.byte 0xEB, 0x47, 0x8C, 0xC4, 0x03, 0x98, 0xD5, 0x4B, 0x8C, 0xD2, 0x4A, 0x86, 0x4B, 0x86, 0xC4, 0x00
	.byte 0xDB, 0x42, 0x8C, 0xE7, 0x4B, 0x98, 0xD5, 0x4E, 0x8C, 0xE7, 0x47, 0x98, 0xD5, 0x43, 0x8C, 0xC4
	.byte 0x04, 0xD2, 0x42, 0x86, 0x43, 0x86, 0xC4, 0x00, 0xD2, 0x4A, 0x8C, 0x47, 0x86, 0x4A, 0x86, 0xD5
	.byte 0x47, 0x8C, 0xC4, 0x04, 0xD2, 0x46, 0x86, 0xD5, 0x47, 0x86, 0xC4, 0x00, 0xE7, 0x49, 0x98, 0xD5
	.byte 0x45, 0x8C, 0xC4, 0x04, 0xD2, 0x44, 0x86, 0xD5, 0x45, 0x86, 0xC4, 0x00, 0xD2, 0x4C, 0x86, 0xD2
	.byte 0x86, 0x4B, 0x86, 0x4C, 0x86, 0xE7, 0x49, 0x8C, 0xC4, 0x04, 0x8C, 0x00, 0xE7, 0x4D, 0x98, 0xC4
	.byte 0x05, 0xD5, 0x8C, 0xD2, 0x86, 0xD2, 0x86, 0xC4, 0x00, 0xE7, 0x4C, 0x98, 0xC4, 0x04, 0xD5, 0x8C
	.byte 0xD2, 0x86, 0xD2, 0x86, 0xC4, 0x00, 0xEB, 0x98, 0xC4, 0x03, 0x8C, 0xD5, 0x49, 0x86, 0xD2, 0x4C
	.byte 0x86, 0xC4, 0x00, 0xE7, 0x45, 0x98, 0x49, 0x98, 0xFB, 0x47, 0x98, 0xC4, 0x04, 0xA4, 0xD5, 0x4A
	.byte 0x86, 0x47, 0x86, 0xC4, 0x00, 0xEF, 0x49, 0x98, 0xC4, 0x04, 0x98, 0xE7, 0x4C, 0x98, 0x49, 0x98
	.byte 0xC4, 0x00, 0xFB, 0x48, 0x98, 0xC4, 0x04, 0xA4, 0xD5, 0x47, 0x86, 0x48, 0x86, 0xC4, 0x00, 0xEF
	.byte 0x47, 0x98, 0xC4, 0x04, 0x98, 0xE7, 0x4B, 0x98, 0x4E, 0x98, 0xC4, 0x00, 0xFF, 0x4F, 0x70, 0x98
	.byte 0xC4, 0x03, 0xA8, 0xB4, 0xB3, 0xF3, 0x98, 0x8A, 0x08, 0xC4, 0x00, 0xFF, 0x51, 0x70, 0x98, 0xC4
	.byte 0x06, 0xA8, 0x00, 0xD5, 0x98, 0x4F, 0x98, 0x4E, 0x98, 0x4F, 0x98, 0xBD, 0x06, 0xD5, 0x51, 0x86
	.byte 0xD2, 0x56, 0x40, 0x86, 0x55, 0x86, 0x56, 0x86, 0xD5, 0x5D, 0x70, 0x86, 0xD2, 0x55, 0x3C, 0x86
	.byte 0x56, 0x86, 0x55, 0x86, 0xD5, 0x5D, 0x70, 0x86, 0xD2, 0x56, 0x40, 0x86, 0x55, 0x86, 0x56, 0x86
	.byte 0xD5, 0x5D, 0x70, 0x86, 0xD2, 0x56, 0x40, 0x86, 0xD5, 0x5D, 0x70, 0x86, 0x5B, 0x86, 0xB3, 0x79
	.byte 0x97, 0x8A, 0x08, 0xB3, 0xAA, 0x97, 0x8A, 0x08, 0xBD, 0x51, 0xBE, 0x23, 0xE7, 0x3B, 0x70, 0x98
	.byte 0x39, 0x98, 0x3B, 0x98, 0x3D, 0x98, 0xB3, 0x42, 0x97, 0x8A, 0x08, 0xB3, 0x79, 0x97, 0x8A, 0x08
	.byte 0xB3, 0xAA, 0x97, 0x8A, 0x08, 0xBD, 0x51, 0xBF, 0x40, 0xBE, 0x1A, 0xE7, 0x3B, 0x70, 0x98, 0x39
	.byte 0x98, 0x3B, 0x98, 0x40, 0x98, 0x47, 0x98, 0x45, 0x98, 0x47, 0x98, 0x4C, 0x98, 0x8C, 0xDB, 0x47
	.byte 0x8C, 0xE7, 0x45, 0x98, 0x47, 0x98, 0x49, 0x98, 0xBD, 0x05, 0xBF, 0x7F, 0xBE, 0x1A, 0xFB, 0x4D
	.byte 0xAC, 0xD5, 0x4F, 0x86, 0x4D, 0x86, 0xFF, 0x4C, 0xB0, 0x4B, 0xB0, 0xD5, 0x37, 0x86, 0x32, 0x86
	.byte 0x37, 0x86, 0x3B, 0x86, 0x3E, 0x86, 0x3B, 0x86, 0x3E, 0x86, 0x42, 0x86, 0x43, 0x86, 0x3E, 0x86
	.byte 0x43, 0x86, 0x45, 0x86, 0x47, 0x86, 0x48, 0x86, 0x4A, 0x86, 0x43, 0x86, 0xFB, 0x4D, 0xAC, 0xD5
	.byte 0x54, 0x86, 0x51, 0x86, 0xFF, 0x4F, 0xB0, 0x4C, 0xB0, 0xEF, 0x4A, 0xA0, 0x4E, 0xA0, 0xBD, 0x06
	.byte 0xBE, 0x23, 0xD5, 0x53, 0x86, 0xD2, 0x58, 0x40, 0x86, 0x57, 0x86, 0x58, 0x86, 0xD5, 0x5F, 0x70
	.byte 0x86, 0xD2, 0x57, 0x3C, 0x86, 0x58, 0x86, 0x57, 0x86, 0xD5, 0x5F, 0x70, 0x86, 0xD2, 0x58, 0x40
	.byte 0x86, 0x57, 0x86, 0x58, 0x86, 0xD5, 0x5F, 0x70, 0x86, 0xD2, 0x58, 0x40, 0x86, 0xD5, 0x5F, 0x70
	.byte 0x86, 0x5D, 0x86, 0x5C, 0x86, 0xD2, 0x58, 0x40, 0x86, 0x5A, 0x86, 0x58, 0x86, 0xD5, 0x5F, 0x70
	.byte 0x86, 0xD2, 0x57, 0x40, 0x86, 0x58, 0x86, 0x57, 0x86, 0xD5, 0x61, 0x70, 0x86, 0xD2, 0x58, 0x3C
	.byte 0x86, 0x57, 0x86, 0x58, 0x86, 0xD5, 0x5F, 0x70, 0x86, 0xD2, 0x58, 0x86, 0xD5, 0x5F, 0x86, 0x5D
	.byte 0x86, 0x5C, 0x86, 0xD2, 0x58, 0x40, 0x86, 0xD5, 0x5A, 0x70, 0x86, 0xD2, 0x58, 0x40, 0x86, 0xD5
	.byte 0x5C, 0x70, 0x86, 0xD2, 0x53, 0x40, 0x86, 0xD5, 0x5A, 0x70, 0x86, 0xD2, 0x53, 0x40, 0x86, 0xD5
	.byte 0x58, 0x70, 0x86, 0xD2, 0x53, 0x40, 0x86, 0xD5, 0x57, 0x70, 0x86, 0xD2, 0x53, 0x40, 0x86, 0xD5
	.byte 0x55, 0x70, 0x86, 0xD2, 0x53, 0x40, 0x86, 0xD5, 0x57, 0x70, 0x86, 0xD2, 0x53, 0x40, 0x86, 0xBD
	.byte 0x51, 0xBE, 0x1A, 0x8C, 0xDB, 0x49, 0x70, 0x8C, 0xE7, 0x47, 0x98, 0xE7, 0x98, 0x49, 0x98, 0xB2
	.byte 0x42, 0x97, 0x8A, 0x08, 0xB1, 0xBC, 0x00, 0xBD, 0x01, 0xC2, 0x2C, 0xC1, 0x0C, 0xBF, 0x40, 0xBE
	.byte 0x2C, 0xA0, 0xB0, 0xB0, 0xB0, 0xB0, 0xBD, 0x30, 0xBF, 0x40, 0xBE, 0x1D, 0xEF, 0x40, 0x70, 0xA0
	.byte 0xBD, 0x18, 0xBE, 0x28, 0xD5, 0x4C, 0x8C, 0x4F, 0x8C, 0x53, 0x8C, 0x58, 0x8C, 0xBD, 0x30, 0xBE
	.byte 0x1D, 0xEF, 0x43, 0xA0, 0xBD, 0x18, 0xBE, 0x29, 0xD5, 0x51, 0x8C, 0x55, 0x8C, 0x58, 0x8C, 0x5D
	.byte 0x8C, 0xBE, 0x1D, 0xD5, 0x5B, 0x98, 0xBD, 0x30, 0xE7, 0x40, 0x98, 0x3C, 0x98, 0xDB, 0x3E, 0x8C
	.byte 0xEB, 0x3F, 0x8C, 0x98, 0xE7, 0x42, 0x98, 0x3F, 0xA0, 0xFF, 0x3E, 0xB0, 0xEF, 0x3D, 0xA0, 0x43
	.byte 0xA0, 0xEE, 0x45, 0xA0, 0xEF, 0x43, 0xA0, 0xBE, 0x1C, 0xEF, 0x45, 0x68, 0xA0, 0xBD, 0x18, 0xBE
	.byte 0x2C, 0xD5, 0x4F, 0x70, 0x86, 0x4C, 0x86, 0x4F, 0x86, 0x51, 0x86, 0x53, 0x86, 0x55, 0x86, 0x56
	.byte 0x86, 0x53, 0x86, 0xBF, 0x20, 0xBE, 0x1F, 0xDB, 0x3E, 0x8C, 0x43, 0x8C, 0x47, 0x8C, 0x4C, 0x8C
	.byte 0xE7, 0x4E, 0x8C, 0xC4, 0x08, 0x8C, 0x00, 0xD5, 0x4C, 0x8C, 0xE7, 0x4E, 0x8C, 0xC4, 0x08, 0x8C
	.byte 0x00, 0xD5, 0x4C, 0x8C, 0xDB, 0x4E, 0x8C, 0xE7, 0x49, 0x8C, 0xC4, 0x08, 0x8C, 0x00, 0xDB, 0x45
	.byte 0x8C, 0xE7, 0x43, 0x8C, 0xC4, 0x08, 0x8C, 0x00, 0xDB, 0x40, 0x8C, 0x45, 0x8C, 0x48, 0x8C, 0x4E
	.byte 0x8C, 0xE7, 0x51, 0x8C, 0xC4, 0x08, 0x8C, 0x00, 0xD5, 0x4F, 0x8C, 0xE7, 0x51, 0x8C, 0xC4, 0x08
	.byte 0x8C, 0x00, 0xD5, 0x4F, 0x8C, 0xDB, 0x51, 0x8C, 0x4F, 0x8C, 0x4B, 0x8C, 0x47, 0x8C, 0x45, 0x8C
	.byte 0x3F, 0x8C, 0x47, 0x8C, 0x46, 0x8C, 0x47, 0x8C, 0xE7, 0x4C, 0x8C, 0xC4, 0x08, 0x8C, 0x00, 0xEB
	.byte 0x47, 0x8C, 0xC4, 0x08, 0x98, 0xDB, 0x8C, 0xC4, 0x00, 0xDB, 0x46, 0x8C, 0x47, 0x8C, 0xE7, 0x4F
	.byte 0x8C, 0xC4, 0x08, 0x8C, 0x00, 0xEB, 0x4C, 0x8C, 0xC4, 0x08, 0x98, 0xBD, 0x30, 0xC4, 0x00, 0xBE
	.byte 0x24, 0xEB, 0x47, 0x9C, 0xD5, 0x45, 0x86, 0x47, 0x86, 0xE7, 0x49, 0x98, 0xDB, 0x4C, 0x8C, 0xD5
	.byte 0x4A, 0x86, 0x45, 0x86, 0xBD, 0x18, 0xBE, 0x2A, 0xD5, 0x40, 0x86, 0x3D, 0x86, 0x40, 0x86, 0x45
	.byte 0x86, 0x49, 0x86, 0x45, 0x86, 0x49, 0x86, 0x4C, 0x86, 0xBF, 0x30, 0xD5, 0x51, 0x86, 0x4C, 0x86
	.byte 0x51, 0x86, 0x55, 0x86, 0xBF, 0x56, 0xD5, 0x58, 0x86, 0x55, 0x86, 0x51, 0x86, 0x4C, 0x86, 0xBD
	.byte 0x30, 0xBE, 0x2E, 0xB0, 0xB0, 0xB0, 0xB0, 0xB0, 0xB0, 0xB0, 0xB0, 0xB0, 0xB0, 0xBD, 0x49, 0xBE
	.byte 0x1D, 0xBF, 0x20, 0xC0, 0x41, 0xA0, 0xDB, 0x4D, 0x8C, 0xD5, 0x4C, 0x8C, 0xDB, 0x4D, 0x8C, 0xD5
	.byte 0x4F, 0x8C, 0xE7, 0x56, 0x98, 0xD5, 0x54, 0x8C, 0xE7, 0x52, 0x98, 0xD5, 0x54, 0x9C, 0xEB, 0x52
	.byte 0x92, 0xBE, 0x16, 0x86, 0x11, 0x85, 0x0D, 0x87, 0x1A, 0xE7, 0x50, 0x98, 0xD5, 0x4F, 0x8C, 0x50
	.byte 0x8C, 0x54, 0x8C, 0xF7, 0x53, 0x98, 0xBE, 0x1A, 0xC4, 0x07, 0x85, 0xBE, 0x16, 0x87, 0x15, 0x85
	.byte 0x11, 0x87, 0x0D, 0x85, 0x0B, 0x87, 0x08, 0x85, 0x04, 0x87, 0x1D, 0xC4, 0x02, 0x98, 0xA0, 0xDB
	.byte 0x54, 0x8C, 0xD5, 0x53, 0x8C, 0xDB, 0x54, 0x8C, 0xD5, 0x56, 0x8C, 0xE7, 0x58, 0x98, 0xD5, 0x56
	.byte 0x8C, 0xE7, 0x54, 0x98, 0xD5, 0x4F, 0x9C, 0xDB, 0x54, 0x8C, 0xD5, 0x53, 0x8C, 0x51, 0x8C, 0xE7
	.byte 0x53, 0x98, 0xD5, 0x54, 0x8C, 0xE7, 0x4F, 0x98, 0xDB, 0x4E, 0x8C, 0xD5, 0x4D, 0x8C, 0xDB, 0x4E
	.byte 0x8C, 0xD5, 0x4F, 0x8C, 0xDB, 0x50, 0x8C, 0xD5, 0x51, 0x8C, 0xDB, 0x52, 0x8C, 0xD5, 0x4A, 0x8C
	.byte 0xBE, 0x2E, 0xC0, 0x40, 0xB0, 0xB0, 0xB0, 0xB0, 0xB2, 0x9B, 0x9A, 0x8A, 0x08, 0xB1, 0x00, 0x0A
	.byte 0x00, 0x00, 0xB2, 0x94, 0x4B, 0x61, 0x08, 0x7C, 0x7E, 0x8A, 0x08, 0xF9, 0x7F, 0x8A, 0x08, 0xFE
	.byte 0x82, 0x8A, 0x08, 0x7D, 0x86, 0x8A, 0x08, 0x35, 0x88, 0x8A, 0x08, 0xF4, 0x88, 0x8A, 0x08, 0x37
	.byte 0x8E, 0x8A, 0x08, 0x43, 0x93, 0x8A, 0x08, 0x30, 0x97, 0x8A, 0x08, 0x8E, 0x9A, 0x8A, 0x08, 0xBC
	.byte 0x00, 0xBB, 0x33, 0xBD, 0x49, 0xC2, 0x2C, 0xBE, 0x39, 0xBF, 0x3C, 0xB0, 0xB0, 0xB0, 0xB0, 0x20
	.byte 0xD2, 0x54, 0x70, 0x83, 0x54, 0x20, 0x83, 0x4B, 0x70, 0x83, 0x4B, 0x20, 0x83, 0x50, 0x70, 0x83
	.byte 0x50, 0x20, 0x83, 0x54, 0x70, 0x83, 0x54, 0x20, 0x83, 0x52, 0x70, 0x83, 0x52, 0x20, 0x83, 0x4A
	.byte 0x70, 0x83, 0x4A, 0x20, 0x83, 0x4D, 0x70, 0x83, 0x4D, 0x20, 0x83, 0x52, 0x70, 0x83, 0x52, 0x20
	.byte 0x83, 0xD0, 0x4D, 0x70, 0x84, 0xD1, 0x4A, 0x84, 0x46, 0x54, 0x84, 0xD0, 0x41, 0x50, 0x84, 0x46
	.byte 0x54, 0x84, 0xD1, 0x4A, 0x58, 0x84, 0xD0, 0x52, 0x70, 0x84, 0xD1, 0x4D, 0x5C, 0x84, 0x4A, 0x58
	.byte 0x84, 0xD0, 0x46, 0x84, 0xD1, 0x4A, 0x5C, 0x84, 0x4D, 0x70, 0x84, 0xBF, 0x3E, 0xB0, 0xB0, 0xB0
	.byte 0xB0, 0xB0, 0xB0, 0xB0, 0xB0, 0xB0, 0xB0, 0xB0, 0xBD, 0x49, 0xBE, 0x45, 0xBF, 0x58, 0xA8, 0xD2
	.byte 0x43, 0x2C, 0x83, 0x44, 0x30, 0x83, 0x45, 0x3C, 0x83, 0x46, 0x48, 0x83, 0x47, 0x50, 0x83, 0x48
	.byte 0x5C, 0x83, 0x49, 0x68, 0x83, 0x4A, 0x70, 0x83, 0xD3, 0x4B, 0x88, 0x4C, 0x88, 0x4E, 0x88, 0xD3
	.byte 0x88, 0x4C, 0x88, 0x4B, 0x88, 0x47, 0x88, 0x49, 0x88, 0x4A, 0x88, 0xE7, 0x4B, 0x98, 0xEB, 0x4A
	.byte 0x98, 0xC4, 0x06, 0x8C, 0x00, 0xD2, 0x49, 0x83, 0x48, 0x83, 0x47, 0x83, 0x46, 0x83, 0xEF, 0x45
	.byte 0x98, 0xC4, 0x07, 0x98, 0x00, 0xD3, 0x49, 0x88, 0x4A, 0x88, 0x4C, 0x88, 0xD3, 0x88, 0x4A, 0x88
	.byte 0x49, 0x88, 0x45, 0x88, 0x47, 0x88, 0x48, 0x88, 0xE7, 0x49, 0x98, 0xEB, 0x48, 0x98, 0xC4, 0x07
	.byte 0x8C, 0x01, 0xD2, 0x47, 0x83, 0x48, 0x83, 0x49, 0x83, 0x4A, 0x83, 0xC4, 0x00, 0xEF, 0x4B, 0x98
	.byte 0xC4, 0x07, 0x98, 0xBD, 0x3C, 0xC4, 0x00, 0xBE, 0x2A, 0xBF, 0x59, 0xD3, 0x3A, 0x88, 0xD3, 0x88
	.byte 0x39, 0x88, 0x3F, 0x88, 0xD3, 0x88, 0x3E, 0x88, 0xE4, 0x42, 0x95, 0xD2, 0x43, 0x83, 0xDE, 0x44
	.byte 0x8F, 0xD2, 0x83, 0x43, 0x83, 0x42, 0x83, 0xE7, 0x41, 0x8C, 0xC4, 0x06, 0x8C, 0x00, 0x86, 0xD5
	.byte 0x40, 0x8C, 0x41, 0x86, 0xE1, 0x3E, 0x92, 0xD2, 0x3F, 0x50, 0x83, 0x40, 0x58, 0x83, 0xE7, 0x41
	.byte 0x70, 0x8C, 0xC4, 0x06, 0x8C, 0x00, 0xD3, 0x38, 0x88, 0xD3, 0x88, 0x37, 0x88, 0x3D, 0x88, 0xD3
	.byte 0x88, 0x3C, 0x88, 0xE4, 0x40, 0x95, 0xD2, 0x41, 0x83, 0xDE, 0x42, 0x8F, 0xD2, 0x83, 0x41, 0x83
	.byte 0x40, 0x83, 0xE7, 0x3F, 0x9A, 0xD5, 0x3E, 0x8C, 0xD2, 0x40, 0x83, 0x41, 0x83, 0xE1, 0x42, 0x92
	.byte 0xD2, 0x41, 0x50, 0x83, 0x40, 0x83, 0xE7, 0x3F, 0x70, 0x8C, 0xC4, 0x06, 0x8C, 0x00, 0xB0, 0xBD
	.byte 0x2F, 0xA8, 0xD0, 0x3A, 0x84, 0xD0, 0x84, 0xD0, 0x84, 0xD9, 0x2E, 0x8C, 0xB0, 0xB0, 0xB0, 0xB0
	.byte 0xB0, 0xB0, 0xB0, 0xB0, 0xB2, 0x2A, 0x9D, 0x8A, 0x08, 0xB1, 0xBC, 0x00, 0xBD, 0x7F, 0xC2, 0x2C
	.byte 0xC1, 0x0C, 0xBE, 0x1C, 0xBF, 0x40, 0xD2, 0x4D, 0x54, 0x86, 0x4D, 0x40, 0x86, 0x4D, 0x78, 0x86
	.byte 0x4D, 0x40, 0x86, 0xBD, 0x7E, 0xD5, 0x50, 0x54, 0x86, 0xBD, 0x7F, 0xD2, 0x4D, 0x40, 0x86, 0x4D
	.byte 0x78, 0x86, 0x4D, 0x40, 0x86, 0x4D, 0x54, 0x86, 0x4D, 0x40, 0x86, 0xBD, 0x7E, 0xD5, 0x50, 0x60
	.byte 0x86, 0xBD, 0x7F, 0xD2, 0x4D, 0x40, 0x86, 0xBD, 0x7E, 0xD5, 0x50, 0x60, 0x86, 0xBD, 0x7F, 0xD2
	.byte 0x4D, 0x58, 0x83, 0x4D, 0x4C, 0x83, 0x4D, 0x78, 0x83, 0x4D, 0x50, 0x83, 0x4D, 0x58, 0x83, 0x4D
	.byte 0x4C, 0x83, 0xD2, 0x4D, 0x54, 0x86, 0x4D, 0x40, 0x86, 0x4D, 0x78, 0x86, 0x4D, 0x40, 0x86, 0xBD
	.byte 0x7E, 0xD5, 0x50, 0x54, 0x86, 0xBD, 0x7F, 0xD2, 0x4D, 0x40, 0x86, 0x4D, 0x78, 0x86, 0x4D, 0x40
	.byte 0x86, 0x4D, 0x54, 0x86, 0x4D, 0x40, 0x86, 0xBD, 0x7E, 0xD5, 0x50, 0x68, 0x86, 0xBD, 0x7F, 0xD2
	.byte 0x4D, 0x40, 0x86, 0x4D, 0x54, 0x86, 0x4D, 0x40, 0x86, 0xBD, 0x7E, 0xD5, 0x50, 0x78, 0x86, 0xBD
	.byte 0x7F, 0xD2, 0x4D, 0x40, 0x86, 0xB4, 0xBD, 0x7F, 0xD2, 0x4D, 0x54, 0x86, 0x4D, 0x40, 0x86, 0x4D
	.byte 0x78, 0x86, 0x4D, 0x40, 0x86, 0xBD, 0x7E, 0xD5, 0x50, 0x54, 0x86, 0xBD, 0x7F, 0xD2, 0x4D, 0x40
	.byte 0x86, 0x4D, 0x78, 0x86, 0x4D, 0x40, 0x86, 0x4D, 0x54, 0x86, 0x4D, 0x40, 0x86, 0xBD, 0x7E, 0xD5
	.byte 0x50, 0x60, 0x86, 0xBD, 0x7F, 0xD2, 0x4D, 0x40, 0x86, 0x4D, 0x7C, 0x83, 0x4D, 0x50, 0x83, 0x4D
	.byte 0x58, 0x83, 0x4D, 0x4C, 0x83, 0x4D, 0x78, 0x83, 0x4D, 0x50, 0x83, 0x4D, 0x58, 0x83, 0x4D, 0x4C
	.byte 0x83, 0xB3, 0x9B, 0x9E, 0x8A, 0x08, 0xD2, 0x4D, 0x54, 0x86, 0x4D, 0x40, 0x86, 0x4D, 0x78, 0x86
	.byte 0xBD, 0x7E, 0xD2, 0x4D, 0x40, 0x86, 0xBD, 0x7F, 0xD5, 0x50, 0x54, 0x86, 0xD2, 0x4D, 0x40, 0x86
	.byte 0x4D, 0x78, 0x86, 0x4D, 0x40, 0x86, 0x4D, 0x54, 0x86, 0xBD, 0x7E, 0xD2, 0x4D, 0x40, 0x86, 0xBD
	.byte 0x7F, 0xD5, 0x50, 0x60, 0x86, 0xD2, 0x4D, 0x40, 0x86, 0x4D, 0x7C, 0x83, 0x4D, 0x50, 0x83, 0x4D
	.byte 0x58, 0x83, 0x4D, 0x4C, 0x83, 0x4D, 0x78, 0x83, 0x4D, 0x50, 0x83, 0x4D, 0x58, 0x83, 0x4D, 0x4C
	.byte 0x83, 0xBF, 0x01, 0xD2, 0x4D, 0x54, 0x86, 0x4D, 0x40, 0x86, 0x4D, 0x78, 0x86, 0x4D, 0x40, 0x86
	.byte 0x4D, 0x54, 0x86, 0x4D, 0x40, 0x86, 0x4D, 0x78, 0x86, 0x4D, 0x40, 0x86, 0x4D, 0x54, 0x86, 0x4D
	.byte 0x40, 0x86, 0x4D, 0x78, 0x86, 0x4D, 0x40, 0x86, 0x4D, 0x54, 0x86, 0x4D, 0x40, 0x86, 0x4D, 0x78
	.byte 0x86, 0x4D, 0x40, 0x86, 0xB4, 0xD2, 0x4D, 0x54, 0x86, 0x4D, 0x40, 0x86, 0x4D, 0x78, 0x86, 0x4D
	.byte 0x40, 0x86, 0x4D, 0x54, 0x86, 0x4D, 0x40, 0x86, 0x4D, 0x78, 0x86, 0x4D, 0x40, 0x86, 0x4D, 0x54
	.byte 0x86, 0x4D, 0x40, 0x86, 0x4D, 0x78, 0x86, 0x4D, 0x40, 0x86, 0x4D, 0x7C, 0x83, 0x4D, 0x50, 0x83
	.byte 0x4D, 0x58, 0x83, 0x4D, 0x4C, 0x83, 0x4D, 0x78, 0x83, 0x4D, 0x50, 0x83, 0x4D, 0x58, 0x83, 0x4D
	.byte 0x4C, 0x83, 0xB4, 0xD2, 0x4D, 0x60, 0x86, 0x4D, 0x40, 0x86, 0x4D, 0x78, 0x86, 0x4D, 0x40, 0x86
	.byte 0x4D, 0x54, 0x86, 0x4D, 0x40, 0x86, 0x4D, 0x78, 0x86, 0x4D, 0x40, 0x86, 0x4D, 0x54, 0x86, 0x4D
	.byte 0x40, 0x86, 0x4D, 0x78, 0x86, 0x4D, 0x40, 0x86, 0x4D, 0x54, 0x86, 0x4D, 0x40, 0x86, 0x4D, 0x78
	.byte 0x86, 0x4D, 0x40, 0x86, 0xB4, 0xB3, 0xAE, 0x9F, 0x8A, 0x08, 0xD2, 0x4D, 0x54, 0x86, 0x4D, 0x40
	.byte 0x86, 0x4D, 0x78, 0x86, 0x4D, 0x40, 0x86, 0x4D, 0x54, 0x86, 0x4D, 0x40, 0x86, 0x4D, 0x78, 0x86
	.byte 0x4D, 0x40, 0x86, 0x4D, 0x54, 0x86, 0x4D, 0x40, 0x86, 0x4D, 0x78, 0x86, 0x4D, 0x40, 0x86, 0x4D
	.byte 0x54, 0x86, 0x4D, 0x40, 0x86, 0x4D, 0x78, 0x86, 0x4D, 0x40, 0x86, 0xB4, 0xB3, 0xAE, 0x9F, 0x8A
	.byte 0x08, 0xB3, 0xEC, 0x9F, 0x8A, 0x08, 0xB3, 0xAE, 0x9F, 0x8A, 0x08, 0xB3, 0x23, 0xA0, 0x8A, 0x08
	.byte 0xB3, 0xAE, 0x9F, 0x8A, 0x08, 0xB3, 0xEC, 0x9F, 0x8A, 0x08, 0xB3, 0xAE, 0x9F, 0x8A, 0x08, 0xBF
	.byte 0x40, 0xD0, 0x4D, 0x70, 0x88, 0x4D, 0x50, 0x88, 0xD0, 0x88, 0x4D, 0x70, 0x88, 0x4D, 0x50, 0x88
	.byte 0xD0, 0xA3, 0xD0, 0x4D, 0x70, 0x88, 0x4D, 0x50, 0x88, 0xD0, 0x88, 0x4D, 0x70, 0x88, 0x4D, 0x50
	.byte 0x88, 0xD0, 0xA3, 0xB4, 0xB3, 0x8B, 0xA0, 0x8A, 0x08, 0xB0, 0xBE, 0x28, 0xD2, 0x4D, 0x3C, 0x86
	.byte 0xD2, 0x86, 0x4D, 0x70, 0x86, 0x4D, 0x4C, 0x86, 0x4D, 0x3C, 0x86, 0xD2, 0x86, 0x4D, 0x70, 0x86
	.byte 0x4D, 0x4C, 0x86, 0x4D, 0x3C, 0x86, 0xD2, 0x86, 0x4D, 0x70, 0x86, 0x4D, 0x4C, 0x86, 0x4D, 0x3C
	.byte 0x86, 0xD2, 0x86, 0x4D, 0x70, 0x86, 0x4D, 0x4C, 0x86, 0xD2, 0x4D, 0x3C, 0x86, 0xD2, 0x86, 0x4D
	.byte 0x70, 0x86, 0x4D, 0x4C, 0x86, 0x4D, 0x3C, 0x86, 0xD2, 0x86, 0x4D, 0x70, 0x86, 0x4D, 0x4C, 0x86
	.byte 0x4D, 0x68, 0x83, 0x4D, 0x48, 0x83, 0x4D, 0x54, 0x83, 0x4D, 0x3C, 0x83, 0x4D, 0x50, 0x86, 0x4D
	.byte 0x4C, 0x86, 0x4D, 0x3C, 0x86, 0xD2, 0x86, 0x4D, 0x70, 0x86, 0x4D, 0x4C, 0x86, 0xB4, 0x4D, 0x3C
	.byte 0x86, 0xD2, 0x86, 0x4D, 0x70, 0x86, 0x4D, 0x4C, 0x86, 0x4D, 0x3C, 0x86, 0xD2, 0x86, 0x4D, 0x70
	.byte 0x86, 0x4D, 0x4C, 0x86, 0x4D, 0x3C, 0x86, 0xD2, 0x86, 0x4D, 0x70, 0x86, 0x4D, 0x4C, 0x86, 0x4D
	.byte 0x3C, 0x86, 0xD2, 0x86, 0x4D, 0x70, 0x86, 0x4D, 0x4C, 0x86, 0xB3, 0xD2, 0xA0, 0x8A, 0x08, 0xB0
	.byte 0xB0, 0xB3, 0x7A, 0x9F, 0x8A, 0x08, 0xB3, 0xAE, 0x9F, 0x8A, 0x08, 0xB3, 0x23, 0xA0, 0x8A, 0x08
	.byte 0xB3, 0xAE, 0x9F, 0x8A, 0x08, 0xB3, 0x23, 0xA0, 0x8A, 0x08, 0xB3, 0xAE, 0x9F, 0x8A, 0x08, 0xB3
	.byte 0x23, 0xA0, 0x8A, 0x08, 0xB3, 0xAE, 0x9F, 0x8A, 0x08, 0xB2, 0x23, 0xA0, 0x8A, 0x08, 0xB1, 0xBC
	.byte 0x00, 0xBD, 0x26, 0xC1, 0x0C, 0xC2, 0x2C, 0xBE, 0x50, 0xBF, 0x53, 0xC0, 0x40, 0xB0, 0xB0, 0xB0
	.byte 0xB0, 0xAE, 0xD5, 0x27, 0x78, 0x86, 0xE7, 0x2E, 0x8C, 0xC4, 0x08, 0xC0, 0x42, 0x86, 0x40, 0x86
	.byte 0xC4, 0x00, 0xD5, 0x27, 0x86, 0xD2, 0x27, 0x24, 0x8C, 0x26, 0x78, 0x83, 0x26, 0x24, 0x83, 0xD5
	.byte 0x27, 0x78, 0x86, 0xD2, 0x27, 0x24, 0x9C, 0xD5, 0x2E, 0x78, 0x86, 0xC0, 0x40, 0xE7, 0x2F, 0x8C
	.byte 0xC4, 0x08, 0xC0, 0x42, 0x86, 0x40, 0x86, 0xC4, 0x00, 0xD5, 0x28, 0x86, 0xD2, 0x28, 0x24, 0x8C
	.byte 0x27, 0x78, 0x83, 0x27, 0x24, 0x83, 0xD5, 0x28, 0x78, 0x9E, 0x27, 0x86, 0xE1, 0x2E, 0x92, 0xD5
	.byte 0x27, 0x86, 0x22, 0x8C, 0xD2, 0x8C, 0xD5, 0x92, 0xD2, 0x86, 0xD5, 0x8C, 0x26, 0x8C, 0xD2, 0x27
	.byte 0x86, 0xD8, 0x8C, 0xD2, 0x26, 0x86, 0xD5, 0x22, 0x8C, 0xD8, 0x8C, 0xD5, 0x8C, 0xD2, 0x26, 0x86
	.byte 0x2D, 0x86, 0xC0, 0x40, 0xE7, 0x2E, 0x86, 0xC0, 0x43, 0x86, 0xC4, 0x08, 0xC0, 0x4A, 0x86, 0x40
	.byte 0x86, 0xC4, 0x00, 0xBE, 0x4C, 0xC0, 0x40, 0xDB, 0x27, 0x78, 0x92, 0xD5, 0x2E, 0x92, 0x33, 0x8C
	.byte 0xD2, 0x2E, 0x86, 0xE1, 0x27, 0x86, 0xC4, 0x08, 0x8C, 0x00, 0xD5, 0x2A, 0x8C, 0x2E, 0x86, 0x34
	.byte 0x86, 0xDB, 0x28, 0x92, 0xD5, 0x2F, 0x92, 0x34, 0x8C, 0xD2, 0x2F, 0x86, 0x34, 0x86, 0x2F, 0x86
	.byte 0xD5, 0x28, 0x86, 0x2F, 0x8C, 0x34, 0x8C, 0xD5, 0x27, 0x78, 0x92, 0x2E, 0x92, 0x33, 0x8C, 0xD2
	.byte 0x2E, 0x86, 0xE1, 0x27, 0x86, 0xC4, 0x08, 0x8C, 0x00, 0xD5, 0x2A, 0x8C, 0x2E, 0x8C, 0xB4, 0x27
	.byte 0x92, 0x2E, 0x92, 0x33, 0x8C, 0xD2, 0x38, 0x86, 0xE1, 0x28, 0x86, 0xC4, 0x08, 0x8C, 0x00, 0xD5
	.byte 0x2F, 0x86, 0x34, 0x86, 0xDB, 0x28, 0x8C, 0xC0, 0x40, 0xDB, 0x27, 0x92, 0xD5, 0x2E, 0x92, 0x33
	.byte 0x8C, 0xD2, 0x2E, 0x86, 0xE1, 0x27, 0x86, 0xC4, 0x08, 0x8C, 0x00, 0xD5, 0x2A, 0x8C, 0x2E, 0x86
	.byte 0x34, 0x86, 0xDB, 0x28, 0x92, 0xD5, 0x2F, 0x92, 0x34, 0x8C, 0x2F, 0x86, 0xD2, 0x34, 0x86, 0x2F
	.byte 0x86, 0xD5, 0x28, 0x86, 0x2F, 0x86, 0x34, 0x86, 0xDB, 0x28, 0x8C, 0xB3, 0x30, 0xA2, 0x8A, 0x08
	.byte 0xD5, 0x27, 0x78, 0x92, 0x2E, 0x92, 0x33, 0x8C, 0xD2, 0x38, 0x86, 0xD5, 0x28, 0x8C, 0xD2, 0x25
	.byte 0x86, 0xD5, 0x28, 0x86, 0x2C, 0x86, 0x25, 0x86, 0xD2, 0x24, 0x86, 0xC0, 0x40, 0xEF, 0x23, 0x9C
	.byte 0xC4, 0x08, 0x8C, 0x00, 0x98, 0xC0, 0x40, 0xE7, 0x25, 0x86, 0xC0, 0x49, 0x86, 0x40, 0x86, 0x3A
	.byte 0x86, 0x40, 0xEF, 0x22, 0x9C, 0xC4, 0x08, 0x8C, 0x00, 0x92, 0xD5, 0x29, 0x86, 0xE7, 0x2E, 0x8C
	.byte 0xC0, 0x3D, 0x8C, 0x40, 0xEF, 0x21, 0x9C, 0xC4, 0x08, 0x8C, 0x00, 0x98, 0xC0, 0x40, 0xE7, 0x23
	.byte 0x86, 0xC0, 0x49, 0x86, 0x40, 0x86, 0x3A, 0x86, 0x40, 0xEC, 0x20, 0x9D, 0xD3, 0x27, 0x88, 0xE7
	.byte 0x2C, 0x98, 0xDB, 0x33, 0x83, 0xC0, 0x47, 0x83, 0x40, 0x86, 0xD5, 0x30, 0x86, 0x27, 0x86, 0xE1
	.byte 0x23, 0x92, 0xD5, 0x27, 0x92, 0x2A, 0x8C, 0xD2, 0x2E, 0x86, 0xE1, 0x23, 0x86, 0xC4, 0x08, 0x8C
	.byte 0x00, 0xD5, 0x27, 0x8C, 0xDB, 0x23, 0x8C, 0xE1, 0x22, 0x92, 0xD5, 0x26, 0x92, 0x29, 0x8C, 0x22
	.byte 0x86, 0xD2, 0x2D, 0x86, 0x26, 0x86, 0xD5, 0x22, 0x86, 0x2D, 0x83, 0xC0, 0x47, 0x83, 0x40, 0xD2
	.byte 0x29, 0x86, 0xDB, 0x22, 0x8C, 0xD5, 0x21, 0x92, 0x25, 0x92, 0x28, 0x8C, 0xD2, 0x2C, 0x86, 0xE1
	.byte 0x21, 0x86, 0xC4, 0x08, 0x8C, 0x00, 0xDB, 0x25, 0x83, 0xC0, 0x47, 0x83, 0x40, 0x86, 0xDB, 0x21
	.byte 0x8C, 0xD5, 0x20, 0x92, 0x24, 0x92, 0x27, 0x8C, 0xD2, 0x2B, 0x86, 0xE1, 0x20, 0x86, 0xC4, 0x08
	.byte 0x8C, 0x00, 0xD5, 0x24, 0x8C, 0xDB, 0x20, 0x8C, 0xB0, 0xB0, 0xC0, 0x40, 0x8C, 0x42, 0x86, 0x40
	.byte 0xAA, 0xB4, 0xB3, 0x73, 0xA3, 0x8A, 0x08, 0xB0, 0xB0, 0xB0, 0xB0, 0xB0, 0xB0, 0xB2, 0xFA, 0xA1
	.byte 0x8A, 0x08, 0xB1, 0xBC, 0x00, 0xBD, 0x18, 0xC2, 0x2C, 0xC1, 0x0C, 0xBE, 0x23, 0xBF, 0x20, 0xC0
	.byte 0x40, 0xB0, 0xBE, 0x19, 0xD5, 0x3E, 0x70, 0x86, 0xD2, 0x3F, 0x86, 0x43, 0x86, 0x3F, 0x86, 0x4A
	.byte 0x86, 0x3F, 0x86, 0x43, 0x86, 0x3F, 0x86, 0x4A, 0x86, 0x3F, 0x86, 0x43, 0x86, 0x46, 0x86, 0x4F
	.byte 0x83, 0xC0, 0x42, 0x83, 0x40, 0xD2, 0x3F, 0x86, 0x43, 0x86, 0x3F, 0x86, 0xBE, 0x21, 0xD5, 0x3C
	.byte 0x86, 0xD2, 0x3D, 0x86, 0x41, 0x86, 0x3D, 0x86, 0x48, 0x86, 0x3D, 0x86, 0x41, 0x86, 0x3D, 0x86
	.byte 0x48, 0x86, 0x3D, 0x86, 0x41, 0x86, 0x44, 0x86, 0x4D, 0x83, 0xC0, 0x42, 0x83, 0x40, 0xD2, 0x3D
	.byte 0x86, 0x41, 0x86, 0x3D, 0x86, 0xBE, 0x2C, 0xD5, 0x3A, 0x86, 0xD2, 0x3B, 0x86, 0xD5, 0x3F, 0x86
	.byte 0xD2, 0x3B, 0x86, 0xD5, 0x46, 0x86, 0xD2, 0x3B, 0x86, 0xD5, 0x3F, 0x86, 0xD2, 0x3B, 0x86, 0xD5
	.byte 0x42, 0x83, 0xC0, 0x42, 0x83, 0x40, 0xD2, 0x4B, 0x86, 0xD5, 0x46, 0x86, 0x42, 0x86, 0x3F, 0x86
	.byte 0xD2, 0x42, 0x86, 0xD5, 0x46, 0x86, 0xD2, 0x4B, 0x86, 0xBE, 0x30, 0xD5, 0x44, 0x86, 0xD2, 0x3C
	.byte 0x86, 0xD5, 0x3F, 0x86, 0xD2, 0x44, 0x86, 0xBE, 0x35, 0xD5, 0x41, 0x86, 0xD2, 0x3A, 0x86, 0xD5
	.byte 0x3E, 0x86, 0xD2, 0x41, 0x86, 0xBE, 0x39, 0xD3, 0x3E, 0x84, 0xD1, 0x3A, 0x84, 0x38, 0x84, 0xD3
	.byte 0x35, 0x84, 0x38, 0x84, 0xD1, 0x3A, 0x84, 0xBE, 0x3C, 0xD3, 0x41, 0x84, 0xD1, 0x3E, 0x82, 0xC0
	.byte 0x40, 0x82, 0xD1, 0x3A, 0x84, 0xBE, 0x3C, 0xD2, 0x35, 0x83, 0x3A, 0x83, 0x3E, 0x83, 0x41, 0x83
	.byte 0xBE, 0x35, 0xBF, 0x5B, 0xD8, 0x46, 0x7F, 0x83, 0xC0, 0x42, 0x83, 0x40, 0x86, 0xD0, 0x3F, 0x70
	.byte 0x83, 0xD2, 0x3F, 0x1C, 0x83, 0xD0, 0x3F, 0x70, 0x83, 0xD2, 0x3F, 0x18, 0x83, 0xD0, 0x3F, 0x30
	.byte 0x86, 0x3F, 0x78, 0x86, 0x3F, 0x70, 0x86, 0x3F, 0x34, 0x86, 0x3F, 0x30, 0x86, 0xD3, 0x40, 0x78
	.byte 0x86, 0xD0, 0x3F, 0x5C, 0x83, 0x3E, 0x58, 0x86, 0xD2, 0x3D, 0x60, 0x83, 0xD8, 0x3F, 0x7C, 0x83
	.byte 0xC0, 0x42, 0x83, 0x40, 0x86, 0xD0, 0x3A, 0x78, 0xD0, 0x42, 0x86, 0x3D, 0x70, 0xD0, 0x46, 0x83
	.byte 0xD2, 0x3E, 0xD2, 0x46, 0x83, 0xD8, 0x47, 0x7F, 0x83, 0xC0, 0x41, 0x83, 0x40, 0x86, 0xD0, 0x40
	.byte 0x70, 0x83, 0xD2, 0x40, 0x1C, 0x83, 0xD0, 0x40, 0x70, 0x83, 0xD2, 0x40, 0x18, 0x83, 0xD0, 0x40
	.byte 0x30, 0x86, 0x40, 0x78, 0x86, 0x40, 0x70, 0x86, 0x40, 0x34, 0x86, 0x40, 0x30, 0x86, 0xD3, 0x42
	.byte 0x78, 0x86, 0xD0, 0x41, 0x5C, 0x83, 0x40, 0x58, 0x89, 0xD3, 0x49, 0x7F, 0x86, 0xD0, 0x49, 0x58
	.byte 0x83, 0xD2, 0x49, 0x28, 0x83, 0xD0, 0x47, 0x7C, 0x83, 0xD2, 0x47, 0x2C, 0x83, 0xD0, 0x47, 0x58
	.byte 0x86, 0xD8, 0x46, 0x7F, 0x83, 0xC0, 0x43, 0x83, 0x40, 0x86, 0xD0, 0x3F, 0x70, 0x83, 0xD2, 0x3F
	.byte 0x1C, 0x83, 0xD0, 0x3F, 0x70, 0x83, 0xD2, 0x3F, 0x18, 0x83, 0xD0, 0x3F, 0x30, 0x86, 0x3F, 0x78
	.byte 0x86, 0x3F, 0x70, 0x86, 0x3F, 0x34, 0x86, 0x3F, 0x78, 0x83, 0xD2, 0x3F, 0x30, 0x83, 0xD3, 0x44
	.byte 0x70, 0x86, 0xD0, 0x42, 0x7C, 0x83, 0x40, 0x78, 0x86, 0xD2, 0x3C, 0x60, 0x83, 0xD8, 0x3D, 0x7C
	.byte 0x83, 0xC0, 0x41, 0x83, 0x40, 0x86, 0xD0, 0x3E, 0x78, 0x86, 0x3E, 0x70, 0x83, 0xD2, 0x83, 0xB4
	.byte 0xD8, 0x3F, 0x7F, 0x83, 0xC0, 0x41, 0x83, 0x40, 0x86, 0xD0, 0x3F, 0x70, 0x83, 0xD2, 0x3F, 0x1C
	.byte 0x83, 0xD0, 0x3F, 0x70, 0x83, 0xD2, 0x3F, 0x18, 0x83, 0xD0, 0x3F, 0x30, 0x86, 0x3F, 0x78, 0x86
	.byte 0x3F, 0x70, 0x86, 0x3F, 0x34, 0x86, 0x3F, 0x78, 0x86, 0xD5, 0x3F, 0x7C, 0x86, 0xD0, 0x3F, 0x60
	.byte 0x86, 0x3F, 0x78, 0x83, 0xD2, 0x3F, 0x60, 0x83, 0xD8, 0x40, 0x7C, 0x83, 0xC0, 0x42, 0x83, 0x40
	.byte 0x86, 0xD3, 0x3E, 0x7F, 0x86, 0xD2, 0x40, 0x3C, 0x83, 0x45, 0x70, 0x83, 0xB4, 0xD8, 0x46, 0x7F
	.byte 0x83, 0xC0, 0x42, 0x83, 0x40, 0x86, 0xD0, 0x3F, 0x70, 0x83, 0xD2, 0x3F, 0x1C, 0x83, 0xD0, 0x3F
	.byte 0x70, 0x83, 0xD2, 0x3F, 0x18, 0x83, 0xD0, 0x3F, 0x30, 0x86, 0x3F, 0x78, 0x86, 0x3F, 0x70, 0x86
	.byte 0x3F, 0x34, 0x86, 0x3F, 0x30, 0x86, 0xD3, 0x40, 0x78, 0x86, 0xD0, 0x3F, 0x5C, 0x83, 0x3E, 0x58
	.byte 0x86, 0xD2, 0x3D, 0x60, 0x83, 0xD8, 0x3F, 0x7C, 0x83, 0xC0, 0x42, 0x83, 0x40, 0x86, 0xD0, 0x3A
	.byte 0x78, 0xD0, 0x42, 0x86, 0x3D, 0x70, 0xD0, 0x46, 0x83, 0xD2, 0x3E, 0xD2, 0x46, 0x83, 0xB4, 0xD8
	.byte 0x47, 0x7F, 0x83, 0xC0, 0x41, 0x83, 0x40, 0x86, 0xD0, 0x40, 0x70, 0x83, 0xD2, 0x40, 0x1C, 0x83
	.byte 0xD0, 0x40, 0x70, 0x83, 0xD2, 0x40, 0x18, 0x83, 0xD0, 0x40, 0x30, 0x86, 0x40, 0x78, 0x86, 0x40
	.byte 0x70, 0x86, 0x40, 0x34, 0x86, 0x40, 0x30, 0x86, 0xD3, 0x42, 0x78, 0x86, 0xD0, 0x41, 0x5C, 0x83
	.byte 0x40, 0x58, 0x89, 0xD3, 0x40, 0x7F, 0xD3, 0x49, 0x86, 0xD0, 0x40, 0x58, 0xD0, 0x49, 0x83, 0xD2
	.byte 0x49, 0x28, 0x83, 0xD0, 0x3D, 0x7C, 0xD0, 0x47, 0x83, 0xD2, 0x47, 0x2C, 0x83, 0xD0, 0x3D, 0x58
	.byte 0xD0, 0x47, 0x86, 0xB3, 0x0A, 0xA5, 0x8A, 0x08, 0xB3, 0x59, 0xA5, 0x8A, 0x08, 0xB3, 0xA6, 0xA5
	.byte 0x8A, 0x08, 0xD8, 0x47, 0x7F, 0x83, 0xC0, 0x41, 0x83, 0x40, 0x86, 0xD0, 0x40, 0x70, 0x83, 0xD2
	.byte 0x40, 0x1C, 0x83, 0xD0, 0x40, 0x70, 0x83, 0xD2, 0x40, 0x18, 0x83, 0xD0, 0x40, 0x30, 0x86, 0x40
	.byte 0x78, 0x86, 0x40, 0x70, 0x86, 0x40, 0x34, 0x86, 0x40, 0x30, 0x86, 0xD3, 0x3F, 0x78, 0x86, 0xD0
	.byte 0x40, 0x5C, 0x83, 0x41, 0x58, 0x89, 0xD3, 0x49, 0x7F, 0x86, 0xD0, 0x49, 0x58, 0x83, 0xD2, 0x49
	.byte 0x28, 0x83, 0xD0, 0x47, 0x7C, 0x83, 0xD2, 0x47, 0x2C, 0x83, 0xD0, 0x47, 0x58, 0x86, 0xD8, 0x46
	.byte 0x7F, 0x83, 0xC0, 0x43, 0x83, 0x40, 0x86, 0xD0, 0x3F, 0x70, 0x83, 0xD2, 0x3F, 0x1C, 0x83, 0xD0
	.byte 0x3F, 0x70, 0x83, 0xD2, 0x3F, 0x18, 0x83, 0xD0, 0x3F, 0x30, 0x86, 0x3F, 0x78, 0x86, 0x3F, 0x70
	.byte 0x86, 0x3F, 0x34, 0x86, 0x3F, 0x78, 0x86, 0xD3, 0x44, 0x70, 0x86, 0xD0, 0x42, 0x7C, 0x83, 0x40
	.byte 0x78, 0x86, 0xD2, 0x3C, 0x60, 0x83, 0xD8, 0x3D, 0x7C, 0x83, 0xC0, 0x41, 0x83, 0x40, 0x86, 0xD0
	.byte 0x3E, 0x78, 0x86, 0x3E, 0x70, 0x83, 0xD2, 0x83, 0xB3, 0x59, 0xA5, 0x8A, 0x08, 0xD5, 0x47, 0x7F
	.byte 0xB0, 0xB0, 0xB0, 0xB0, 0xB0, 0xB0, 0xB0, 0xAC, 0xD2, 0x3E, 0x70, 0x86, 0x41, 0x83, 0x44, 0x83
	.byte 0xD5, 0x46, 0x86, 0xD0, 0x3A, 0x86, 0xD0, 0x86, 0xD5, 0x46, 0x86, 0xD0, 0x3A, 0x86, 0xD0, 0x86
	.byte 0xD5, 0x46, 0x8C, 0x47, 0x86, 0xD0, 0x3B, 0x86, 0xD0, 0x83, 0xD0, 0x83, 0xD5, 0x47, 0x86, 0xD0
	.byte 0x3B, 0x86, 0xD0, 0x86, 0xD5, 0x47, 0x8C, 0x46, 0x86, 0xD0, 0x3A, 0x86, 0xD0, 0x86, 0xD5, 0x46
	.byte 0x86, 0xD0, 0x3A, 0x86, 0xD0, 0x83, 0xD0, 0x83, 0xD5, 0x46, 0x8C, 0xDB, 0x4A, 0x8C, 0xC0, 0x44
	.byte 0xD7, 0x46, 0x84, 0xC0, 0x40, 0x88, 0xD3, 0x44, 0x84, 0xD1, 0x42, 0x44, 0x84, 0x41, 0x70, 0x84
	.byte 0xD3, 0x3E, 0x84, 0xD1, 0x3B, 0x4C, 0x84, 0x3A, 0x70, 0x84, 0xBF, 0x5B, 0xD8, 0x46, 0x7F, 0x8C
	.byte 0xD0, 0x3F, 0x70, 0x83, 0xD2, 0x3F, 0x1C, 0x83, 0xD0, 0x3F, 0x70, 0x83, 0xD2, 0x3F, 0x18, 0x83
	.byte 0xD0, 0x3F, 0x30, 0x86, 0x3F, 0x78, 0x86, 0x3F, 0x70, 0x86, 0x3F, 0x34, 0x86, 0x3F, 0x30, 0x86
	.byte 0xD3, 0x40, 0x78, 0x86, 0xD0, 0x3F, 0x5C, 0x83, 0x3E, 0x58, 0x86, 0xD2, 0x3D, 0x60, 0x83, 0xD8
	.byte 0x3F, 0x7C, 0x8C, 0xD0, 0x3A, 0x78, 0xD0, 0x42, 0x86, 0x3D, 0x70, 0xD0, 0x46, 0x83, 0xD2, 0x3E
	.byte 0xD2, 0x46, 0x83, 0xD8, 0x47, 0x7F, 0x8C, 0xD0, 0x40, 0x70, 0x83, 0xD2, 0x40, 0x1C, 0x83, 0xD0
	.byte 0x40, 0x70, 0x83, 0xD2, 0x40, 0x18, 0x83, 0xD0, 0x40, 0x30, 0x86, 0x40, 0x78, 0x86, 0x40, 0x70
	.byte 0x86, 0x40, 0x34, 0x86, 0x40, 0x30, 0x86, 0xD3, 0x42, 0x78, 0x86, 0xD0, 0x41, 0x5C, 0x83, 0x40
	.byte 0x58, 0x89, 0xD3, 0x49, 0x7F, 0x86, 0xD0, 0x49, 0x58, 0x83, 0xD2, 0x49, 0x28, 0x83, 0xD0, 0x47
	.byte 0x7C, 0x83, 0xD2, 0x47, 0x2C, 0x83, 0xD0, 0x47, 0x58, 0x86, 0xB4, 0xD8, 0x46, 0x7F, 0x83, 0xC0
	.byte 0x43, 0x83, 0x40, 0x86, 0xD0, 0x3F, 0x70, 0x83, 0xD2, 0x3F, 0x1C, 0x83, 0xD0, 0x3F, 0x70, 0x83
	.byte 0xD2, 0x3F, 0x18, 0x83, 0xD0, 0x3F, 0x30, 0x86, 0x3F, 0x78, 0x86, 0x3F, 0x70, 0x86, 0x3F, 0x34
	.byte 0x86, 0x3F, 0x78, 0x83, 0xD2, 0x3F, 0x30, 0x83, 0xD3, 0x44, 0x70, 0x86, 0xD0, 0x42, 0x7C, 0x83
	.byte 0x40, 0x78, 0x86, 0xD2, 0x3C, 0x60, 0x83, 0xD8, 0x3D, 0x7C, 0x83, 0xC0, 0x41, 0x89, 0xD0, 0x3E
	.byte 0x78, 0x86, 0x3E, 0x70, 0x83, 0xD2, 0x83, 0xB3, 0x59, 0xA5, 0x8A, 0x08, 0xD8, 0x46, 0x7F, 0x8C
	.byte 0xD0, 0x3F, 0x70, 0x83, 0xD2, 0x3F, 0x1C, 0x83, 0xD0, 0x3F, 0x70, 0x83, 0xD2, 0x3F, 0x18, 0x83
	.byte 0xD0, 0x3F, 0x30, 0x86, 0x3F, 0x78, 0x86, 0x3F, 0x70, 0x86, 0x3F, 0x34, 0x86, 0x3F, 0x30, 0x86
	.byte 0xD3, 0x40, 0x78, 0x86, 0xD0, 0x3F, 0x5C, 0x83, 0x3E, 0x58, 0x86, 0xD2, 0x3D, 0x60, 0x83, 0xD8
	.byte 0x3F, 0x7C, 0x8C, 0xD0, 0x3A, 0x78, 0xD0, 0x42, 0x86, 0x3D, 0x70, 0xD0, 0x46, 0x83, 0xD2, 0x3E
	.byte 0xD2, 0x46, 0x83, 0xB3, 0xAC, 0xA7, 0x8A, 0x08, 0xD5, 0x3F, 0x7F, 0xD8, 0x46, 0x8C, 0xD0, 0x3F
	.byte 0x70, 0x83, 0xD2, 0x3F, 0x1C, 0x83, 0xD0, 0x3F, 0x70, 0x83, 0xD2, 0x3F, 0x18, 0x83, 0xD0, 0x3F
	.byte 0x30, 0x86, 0x3F, 0x78, 0x86, 0x3F, 0x70, 0x86, 0x3F, 0x34, 0x86, 0x3F, 0x78, 0x83, 0xD2, 0x3F
	.byte 0x30, 0x83, 0xD3, 0x44, 0x70, 0x86, 0xD0, 0x42, 0x7C, 0x83, 0x40, 0x78, 0x86, 0xD2, 0x3C, 0x60
	.byte 0x83, 0xD8, 0x3D, 0x7C, 0x8C, 0xD0, 0x3E, 0x78, 0x86, 0x3E, 0x70, 0x83, 0xD2, 0x83, 0xD8, 0x3F
	.byte 0x7F, 0x8C, 0xD0, 0x3F, 0x70, 0x83, 0xD2, 0x3F, 0x1C, 0x83, 0xD0, 0x3F, 0x70, 0x83, 0xD2, 0x3F
	.byte 0x18, 0x83, 0xD0, 0x3F, 0x30, 0x86, 0x3F, 0x78, 0x86, 0x3F, 0x70, 0x86, 0x3F, 0x34, 0x86, 0x3F
	.byte 0x78, 0x86, 0xD5, 0x3F, 0x7C, 0x86, 0xD0, 0x3F, 0x60, 0x86, 0x3F, 0x78, 0x83, 0xD2, 0x3F, 0x60
	.byte 0x83, 0xD8, 0x40, 0x7C, 0x8C, 0xD3, 0x3E, 0x7F, 0x86, 0xD2, 0x40, 0x3C, 0x83, 0x45, 0x70, 0x83
	.byte 0xB2, 0xA6, 0xA5, 0x8A, 0x08, 0xB1, 0xBC, 0x00, 0xBD, 0x18, 0xC2, 0x2C, 0xBE, 0x3C, 0xC1, 0x0C
	.byte 0xBF, 0x27, 0xC0, 0x40, 0xB0, 0xB0, 0xB0, 0xB0, 0xAE, 0xD2, 0x2E, 0x70, 0x83, 0x33, 0x83, 0xBF
	.byte 0x30, 0xBE, 0x35, 0x83, 0xC0, 0x42, 0x83, 0x40, 0x86, 0xD0, 0x36, 0x86, 0xD0, 0x86, 0x36, 0x30
	.byte 0x86, 0x36, 0x78, 0x86, 0x36, 0x70, 0x86, 0x36, 0x34, 0x86, 0x36, 0x30, 0x86, 0xD3, 0x37, 0x78
	.byte 0x86, 0xD0, 0x36, 0x5C, 0x86, 0x35, 0x58, 0x83, 0xD2, 0x33, 0x60, 0x83, 0xD8, 0x36, 0x7C, 0x83
	.byte 0xC0, 0x42, 0x83, 0x40, 0x92, 0xD5, 0x3F, 0x7F, 0x83, 0xC0, 0x42, 0x83, 0x40, 0x86, 0xD0, 0x38
	.byte 0x70, 0x86, 0xD0, 0x86, 0x38, 0x30, 0x86, 0x38, 0x78, 0x86, 0x38, 0x70, 0x86, 0x38, 0x34, 0x86
	.byte 0x38, 0x30, 0x86, 0xD3, 0x3A, 0x78, 0x86, 0xD0, 0x39, 0x5C, 0x86, 0x38, 0x58, 0x86, 0xD3, 0x40
	.byte 0x7F, 0x86, 0xD0, 0x40, 0x58, 0x86, 0x3D, 0x7C, 0x86, 0x3D, 0x58, 0x86, 0xD5, 0x3F, 0x7F, 0x83
	.byte 0xC0, 0x43, 0x83, 0x40, 0x86, 0xD0, 0x36, 0x70, 0x86, 0xD0, 0x86, 0x36, 0x30, 0x86, 0x36, 0x78
	.byte 0x86, 0x36, 0x70, 0x86, 0x36, 0x34, 0x86, 0x36, 0x78, 0x86, 0xD3, 0x3A, 0x70, 0x86, 0xD0, 0x38
	.byte 0x7C, 0x86, 0x36, 0x78, 0x83, 0xD2, 0x33, 0x60, 0x83, 0xD8, 0x34, 0x7C, 0x83, 0xC0, 0x41, 0x83
	.byte 0x40, 0x86, 0xD0, 0x35, 0x78, 0x86, 0x35, 0x70, 0x83, 0xD2, 0x83, 0xB4, 0xD5, 0x36, 0x7F, 0x83
	.byte 0xC0, 0x42, 0x83, 0x40, 0x86, 0xD0, 0x36, 0x70, 0x86, 0xD0, 0x86, 0x36, 0x30, 0x86, 0x36, 0x78
	.byte 0x86, 0x36, 0x70, 0x86, 0x36, 0x34, 0x86, 0x38, 0x78, 0x86, 0xD5, 0x38, 0x7C, 0x86, 0xD0, 0x38
	.byte 0x60, 0x86, 0x38, 0x78, 0x83, 0xD2, 0x35, 0x60, 0x83, 0xD8, 0x38, 0x7C, 0x83, 0xC0, 0x42, 0x83
	.byte 0x40, 0x86, 0xD3, 0x38, 0x7F, 0x86, 0xD2, 0x38, 0x3C, 0x86, 0xB4, 0xD5, 0x3F, 0x7F, 0x83, 0xC0
	.byte 0x42, 0x83, 0x40, 0x86, 0xD0, 0x36, 0x70, 0x86, 0xD0, 0x86, 0x36, 0x30, 0x86, 0x36, 0x78, 0x86
	.byte 0x36, 0x70, 0x86, 0x36, 0x34, 0x86, 0x36, 0x30, 0x86, 0xD3, 0x37, 0x78, 0x86, 0xD0, 0x36, 0x5C
	.byte 0x86, 0x35, 0x58, 0x83, 0xD2, 0x33, 0x60, 0x83, 0xD8, 0x36, 0x7C, 0x83, 0xC0, 0x42, 0x83, 0x40
	.byte 0x92, 0xB4, 0xD5, 0x3F, 0x7F, 0x83, 0xC0, 0x42, 0x83, 0x40, 0x86, 0xD0, 0x38, 0x70, 0x86, 0xD0
	.byte 0x86, 0x38, 0x30, 0x86, 0x38, 0x78, 0x86, 0x38, 0x70, 0x86, 0x38, 0x34, 0x86, 0x38, 0x30, 0x86
	.byte 0xD3, 0x3A, 0x78, 0x86, 0xD0, 0x39, 0x5C, 0x86, 0x38, 0x58, 0x9A, 0xB3, 0xA5, 0xA9, 0x8A, 0x08
	.byte 0xB3, 0xE5, 0xA9, 0x8A, 0x08, 0xB3, 0x24, 0xAA, 0x8A, 0x08, 0xD5, 0x3F, 0x7F, 0x83, 0xC0, 0x42
	.byte 0x83, 0x40, 0x86, 0xD0, 0x38, 0x70, 0x86, 0xD0, 0x86, 0x38, 0x30, 0x86, 0x38, 0x78, 0x86, 0x38
	.byte 0x70, 0x86, 0x38, 0x34, 0x86, 0x38, 0x30, 0x86, 0xD3, 0x37, 0x78, 0x86, 0xD0, 0x38, 0x5C, 0x86
	.byte 0x39, 0x58, 0x86, 0xD3, 0x40, 0x7F, 0x86, 0xD0, 0x40, 0x58, 0x86, 0x3D, 0x7C, 0x86, 0x3D, 0x58
	.byte 0x86, 0xD5, 0x3F, 0x7F, 0x83, 0xC0, 0x43, 0x83, 0x40, 0x86, 0xD0, 0x36, 0x70, 0x86, 0xD0, 0x86
	.byte 0x36, 0x30, 0x86, 0x36, 0x78, 0x86, 0x36, 0x70, 0x86, 0x36, 0x34, 0x86, 0x36, 0x78, 0x86, 0xD3
	.byte 0x3A, 0x70, 0x86, 0xD0, 0x38, 0x7C, 0x86, 0x37, 0x78, 0x83, 0xD2, 0x33, 0x60, 0x83, 0xD8, 0x34
	.byte 0x7C, 0x83, 0xC0, 0x41, 0x83, 0x40, 0x86, 0xD0, 0x35, 0x78, 0x86, 0x35, 0x70, 0x83, 0xD2, 0x83
	.byte 0xB3, 0xE5, 0xA9, 0x8A, 0x08, 0xB0, 0xB0, 0xB0, 0xB0, 0xB0, 0xB0, 0xB0, 0xB0, 0xD5, 0x3E, 0x70
	.byte 0x86, 0xD0, 0x32, 0x86, 0xD0, 0x86, 0xD5, 0x3E, 0x86, 0xD0, 0x32, 0x86, 0xD0, 0x86, 0xD5, 0x3E
	.byte 0x8C, 0x3F, 0x86, 0xD0, 0x33, 0x86, 0xD0, 0x83, 0xD0, 0x83, 0xD5, 0x3F, 0x86, 0xD0, 0x33, 0x86
	.byte 0xD0, 0x86, 0xD5, 0x3F, 0x8C, 0x3E, 0x86, 0xD0, 0x32, 0x86, 0xD0, 0x86, 0xD5, 0x3E, 0x86, 0xD0
	.byte 0x32, 0x86, 0xD0, 0x83, 0xD0, 0x83, 0xD5, 0x3E, 0x8C, 0xDB, 0x41, 0x8C, 0xC0, 0x44, 0xD7, 0x3E
	.byte 0x84, 0xC0, 0x40, 0x88, 0xD3, 0x3A, 0x86, 0xD1, 0x38, 0x44, 0x82, 0x36, 0x70, 0x84, 0xD3, 0x35
	.byte 0x86, 0xD1, 0x33, 0x4C, 0x82, 0x32, 0x70, 0x84, 0xD5, 0x3F, 0x7F, 0x8C, 0xD0, 0x36, 0x70, 0x86
	.byte 0xD0, 0x86, 0x36, 0x30, 0x86, 0x36, 0x78, 0x86, 0x36, 0x70, 0x86, 0x36, 0x34, 0x86, 0x36, 0x30
	.byte 0x86, 0xD3, 0x37, 0x78, 0x86, 0xD0, 0x36, 0x5C, 0x86, 0x35, 0x58, 0x83, 0xD2, 0x33, 0x60, 0x83
	.byte 0xD8, 0x36, 0x7C, 0x98, 0xB4, 0xD5, 0x3F, 0x7F, 0x8C, 0xD0, 0x38, 0x70, 0x86, 0xD0, 0x86, 0x38
	.byte 0x30, 0x86, 0x38, 0x78, 0x86, 0x38, 0x70, 0x86, 0x38, 0x34, 0x86, 0x38, 0x30, 0x86, 0xD3, 0x3A
	.byte 0x78, 0x86, 0xD0, 0x39, 0x5C, 0x86, 0x38, 0x58, 0x86, 0xD3, 0x40, 0x7F, 0x86, 0xD0, 0x40, 0x58
	.byte 0x86, 0x3D, 0x7C, 0x86, 0x3D, 0x58, 0x86, 0xB4, 0xD5, 0x3F, 0x7F, 0x83, 0xC0, 0x43, 0x83, 0x40
	.byte 0x86, 0xD0, 0x36, 0x70, 0x86, 0xD0, 0x86, 0x36, 0x30, 0x86, 0x36, 0x78, 0x86, 0x36, 0x70, 0x86
	.byte 0x36, 0x34, 0x86, 0x36, 0x78, 0x86, 0xD3, 0x3A, 0x70, 0x86, 0xD0, 0x38, 0x7C, 0x86, 0x36, 0x78
	.byte 0x83, 0xD2, 0x33, 0x60, 0x83, 0xD8, 0x34, 0x7C, 0x83, 0xC0, 0x41, 0x89, 0xD0, 0x35, 0x78, 0x86
	.byte 0x35, 0x70, 0x83, 0xD2, 0x83, 0xB3, 0xE5, 0xA9, 0x8A, 0x08, 0xB3, 0x71, 0xAB, 0x8A, 0x08, 0xB3
	.byte 0x9E, 0xAB, 0x8A, 0x08, 0x8C, 0xD0, 0x36, 0x70, 0x86, 0xD0, 0x86, 0x36, 0x30, 0x86, 0x36, 0x78
	.byte 0x86, 0x36, 0x70, 0x86, 0x36, 0x34, 0x86, 0x36, 0x78, 0x86, 0xD3, 0x3A, 0x70, 0x86, 0xD0, 0x38
	.byte 0x7C, 0x86, 0x36, 0x78, 0x83, 0xD2, 0x33, 0x60, 0x83, 0xD8, 0x34, 0x7C, 0x8C, 0xD0, 0x35, 0x78
	.byte 0x86, 0x35, 0x70, 0x83, 0xD2, 0x83, 0xD5, 0x36, 0x7F, 0x8C, 0xD0, 0x36, 0x70, 0x86, 0xD0, 0x86
	.byte 0x36, 0x30, 0x86, 0x36, 0x78, 0x86, 0x36, 0x70, 0x86, 0x36, 0x34, 0x86, 0x38, 0x78, 0x86, 0xD5
	.byte 0x38, 0x7C, 0x86, 0xD0, 0x38, 0x60, 0x86, 0x38, 0x78, 0x83, 0xD2, 0x35, 0x60, 0x83, 0xD8, 0x38
	.byte 0x7C, 0x8C, 0xD3, 0x38, 0x7F, 0x86, 0xD2, 0x38, 0x3C, 0x86, 0xB2, 0x24, 0xAA, 0x8A, 0x08, 0xB1
	.byte 0xBC, 0x00, 0xBD, 0x30, 0xC2, 0x2C, 0xC1, 0x0C, 0xBF, 0x50, 0xBE, 0x28, 0xC0, 0x40, 0xB0, 0xBE
	.byte 0x19, 0xD5, 0x4A, 0x70, 0x86, 0xD2, 0x4B, 0x83, 0x4B, 0x20, 0x83, 0x4F, 0x70, 0x83, 0x4F, 0x20
	.byte 0x83, 0x4B, 0x70, 0x83, 0x4B, 0x20, 0x83, 0x56, 0x70, 0x83, 0x56, 0x20, 0x83, 0x4B, 0x70, 0x83
	.byte 0x4B, 0x20, 0x83, 0x4F, 0x70, 0x83, 0x4F, 0x20, 0x83, 0x4B, 0x70, 0x83, 0x4B, 0x20, 0x83, 0x56
	.byte 0x70, 0x83, 0x56, 0x20, 0x83, 0x4B, 0x70, 0x83, 0x4B, 0x20, 0x83, 0x4F, 0x70, 0x83, 0x4F, 0x20
	.byte 0x83, 0x52, 0x70, 0x83, 0x52, 0x20, 0x83, 0x5B, 0x70, 0x83, 0x5B, 0x20, 0x83, 0x4B, 0x70, 0x83
	.byte 0x4B, 0x20, 0x83, 0x4F, 0x70, 0x83, 0x4F, 0x20, 0x83, 0x4B, 0x70, 0x83, 0x4B, 0x20, 0x83, 0xBE
	.byte 0x21, 0xD5, 0x48, 0x70, 0x86, 0xD2, 0x49, 0x86, 0x4D, 0x83, 0x4D, 0x20, 0x83, 0x49, 0x70, 0x83
	.byte 0x49, 0x20, 0x83, 0x54, 0x70, 0x83, 0x54, 0x20, 0x83, 0x49, 0x70, 0x83, 0x49, 0x20, 0x83, 0x4D
	.byte 0x70, 0x83, 0x4D, 0x20, 0x83, 0x49, 0x70, 0x83, 0x49, 0x20, 0x83, 0x54, 0x70, 0x83, 0x54, 0x20
	.byte 0x83, 0x49, 0x70, 0x83, 0x49, 0x20, 0x83, 0x4D, 0x70, 0x83, 0x4D, 0x20, 0x83, 0x50, 0x70, 0x83
	.byte 0x50, 0x20, 0x83, 0x59, 0x70, 0x83, 0x59, 0x20, 0x83, 0x49, 0x70, 0x83, 0x49, 0x20, 0x83, 0x4D
	.byte 0x70, 0x83, 0x4D, 0x20, 0x83, 0x49, 0x70, 0x83, 0x49, 0x20, 0x83, 0xBE, 0x2C, 0xD5, 0x46, 0x70
	.byte 0x86, 0xD2, 0x47, 0x83, 0x47, 0x20, 0x83, 0xD5, 0x4B, 0x70, 0x86, 0xD2, 0x47, 0x83, 0x47, 0x20
	.byte 0x83, 0xD5, 0x52, 0x70, 0x86, 0xD2, 0x47, 0x83, 0x47, 0x20, 0x83, 0xD5, 0x4B, 0x70, 0x86, 0xD2
	.byte 0x47, 0x83, 0x47, 0x20, 0x83, 0xD5, 0x4E, 0x70, 0x86, 0xD2, 0x57, 0x83, 0x57, 0x20, 0x83, 0xD5
	.byte 0x52, 0x70, 0x86, 0x4E, 0x86, 0x4B, 0x86, 0xD2, 0x4E, 0x83, 0x4E, 0x20, 0x83, 0xD5, 0x52, 0x70
	.byte 0x86, 0xD2, 0x57, 0x83, 0x57, 0x20, 0x83, 0xBE, 0x30, 0xD5, 0x54, 0x70, 0x86, 0xD2, 0x4B, 0x83
	.byte 0x4B, 0x20, 0x83, 0xD5, 0x50, 0x70, 0x86, 0xD2, 0x54, 0x83, 0x54, 0x20, 0x83, 0xBE, 0x35, 0xD5
	.byte 0x52, 0x70, 0x86, 0xD2, 0x4A, 0x83, 0x4A, 0x20, 0x83, 0xD5, 0x4D, 0x70, 0x86, 0xD2, 0x52, 0x83
	.byte 0x52, 0x20, 0x83, 0xBE, 0x39, 0xD3, 0x4D, 0x70, 0x84, 0xD1, 0x4A, 0x84, 0x46, 0x84, 0xD3, 0x41
	.byte 0x84, 0x46, 0x84, 0xD1, 0x4A, 0x84, 0xBE, 0x3C, 0xD3, 0x52, 0x84, 0xD1, 0x4D, 0x84, 0x4A, 0x84
	.byte 0xD3, 0x46, 0x84, 0xD1, 0x4A, 0x84, 0x4D, 0x84, 0xBE, 0x46, 0xD5, 0x52, 0x58, 0xB0, 0xB0, 0xB0
	.byte 0xB0, 0xB0, 0xB0, 0xB0, 0xB0, 0xB0, 0xB0, 0xB0, 0xB0, 0xBD, 0x18, 0xBF, 0x40, 0xBE, 0x1F, 0x86
	.byte 0xD2, 0x3B, 0x70, 0x83, 0x3B, 0x3C, 0x83, 0x3F, 0x70, 0x83, 0x3F, 0x3C, 0x83, 0x3B, 0x70, 0x83
	.byte 0x3B, 0x3C, 0x83, 0xBF, 0x01, 0xD2, 0x4B, 0x70, 0x83, 0x4B, 0x3C, 0x83, 0x3B, 0x70, 0x83, 0x3B
	.byte 0x3C, 0x83, 0xBF, 0x20, 0xD2, 0x3F, 0x70, 0x83, 0x3F, 0x3C, 0x83, 0x42, 0x70, 0x83, 0x42, 0x3C
	.byte 0x83, 0xBF, 0x7F, 0xD2, 0x46, 0x70, 0x83, 0x46, 0x3C, 0xD2, 0x4B, 0x70, 0x83, 0x42, 0xD2, 0x4B
	.byte 0x3C, 0x83, 0x42, 0x83, 0x3F, 0x70, 0x83, 0xBF, 0x60, 0xD2, 0x3F, 0x3C, 0x83, 0x46, 0x70, 0x83
	.byte 0x46, 0x3C, 0x83, 0xBF, 0x01, 0xD2, 0x4B, 0x70, 0x83, 0x4B, 0x3C, 0x83, 0x3B, 0x70, 0x83, 0x3B
	.byte 0x3C, 0x83, 0xBF, 0x20, 0xD2, 0x3F, 0x70, 0x83, 0x3F, 0x3C, 0x83, 0x3B, 0x70, 0x83, 0x3B, 0x3C
	.byte 0x83, 0xBF, 0x40, 0xD2, 0x4A, 0x70, 0x83, 0x4A, 0x3C, 0x83, 0x3A, 0x70, 0x83, 0x3A, 0x3C, 0x83
	.byte 0x3E, 0x70, 0x83, 0x3E, 0x3C, 0x83, 0x3A, 0x70, 0x83, 0x3A, 0x3C, 0x83, 0xBF, 0x7F, 0xD2, 0x4A
	.byte 0x70, 0x83, 0x4A, 0x3C, 0x83, 0x3A, 0x70, 0x83, 0x3A, 0x3C, 0x83, 0xBF, 0x60, 0xD2, 0x3E, 0x70
	.byte 0x83, 0x3E, 0x3C, 0x83, 0x41, 0x70, 0x83, 0x41, 0x3C, 0x83, 0xBF, 0x02, 0xD2, 0x45, 0x70, 0x83
	.byte 0x45, 0x3C, 0xD2, 0x4A, 0x70, 0x83, 0x41, 0xD2, 0x4A, 0x3C, 0x83, 0x41, 0x83, 0xBF, 0x20, 0xD2
	.byte 0x3E, 0x70, 0x83, 0x3E, 0x3C, 0x83, 0x45, 0x70, 0x83, 0x45, 0x3C, 0x83, 0xBF, 0x7F, 0xD2, 0x4A
	.byte 0x70, 0x83, 0x4A, 0x3C, 0x83, 0x3A, 0x70, 0x83, 0x3A, 0x3C, 0x83, 0xBF, 0x60, 0xD2, 0x3E, 0x70
	.byte 0x83, 0x3E, 0x3C, 0x83, 0x3A, 0x70, 0x83, 0x3A, 0x3C, 0x83, 0xBF, 0x40, 0xD2, 0x49, 0x70, 0x83
	.byte 0x49, 0x3C, 0x83, 0x39, 0x70, 0x83, 0x39, 0x3C, 0x83, 0x3D, 0x70, 0x83, 0x3D, 0x3C, 0x83, 0x39
	.byte 0x70, 0x83, 0x39, 0x3C, 0x83, 0xBF, 0x01, 0xD2, 0x49, 0x70, 0x83, 0x49, 0x3C, 0x83, 0x39, 0x70
	.byte 0x83, 0x39, 0x3C, 0x83, 0xBF, 0x20, 0xD2, 0x3D, 0x70, 0x83, 0x3D, 0x3C, 0x83, 0x40, 0x70, 0x83
	.byte 0x40, 0x3C, 0x83, 0xBF, 0x7F, 0xD2, 0x44, 0x70, 0x83, 0x44, 0x3C, 0xD2, 0x49, 0x70, 0x83, 0x40
	.byte 0xD2, 0x49, 0x3C, 0x83, 0x40, 0x83, 0x3D, 0x70, 0x83, 0xBF, 0x60, 0xD2, 0x3D, 0x3C, 0x83, 0x44
	.byte 0x70, 0x83, 0x44, 0x3C, 0x83, 0xBF, 0x01, 0xD2, 0x49, 0x70, 0x83, 0x49, 0x3C, 0x83, 0x39, 0x70
	.byte 0x83, 0x39, 0x3C, 0x83, 0xBF, 0x20, 0xD2, 0x3D, 0x70, 0x83, 0x3D, 0x3C, 0x83, 0x39, 0x70, 0x86
	.byte 0xBF, 0x40, 0xD2, 0x48, 0x83, 0x48, 0x3C, 0x83, 0x38, 0x70, 0x83, 0x38, 0x3C, 0x83, 0x3C, 0x70
	.byte 0x83, 0x3C, 0x3C, 0x83, 0x38, 0x70, 0x83, 0x38, 0x3C, 0x83, 0xBF, 0x7F, 0xD2, 0x48, 0x70, 0x83
	.byte 0x48, 0x3C, 0x83, 0x38, 0x70, 0x83, 0x38, 0x3C, 0x83, 0xBF, 0x60, 0xD2, 0x3C, 0x70, 0x83, 0x3C
	.byte 0x3C, 0x83, 0x3E, 0x70, 0x83, 0x3E, 0x3C, 0x83, 0xBF, 0x02, 0xD2, 0x3F, 0x70, 0x83, 0x3F, 0x3C
	.byte 0x83, 0x3E, 0x70, 0x83, 0x3E, 0x3C, 0x83, 0xBF, 0x20, 0xD2, 0x3F, 0x70, 0x83, 0x3F, 0x3C, 0x83
	.byte 0x44, 0x70, 0x83, 0x44, 0x3C, 0x83, 0xBF, 0x7F, 0xD2, 0x43, 0x70, 0x83, 0x43, 0x3C, 0x83, 0x44
	.byte 0x70, 0x83, 0x44, 0x3C, 0x83, 0xBF, 0x60, 0xD2, 0x48, 0x70, 0x83, 0x48, 0x3C, 0x83, 0x47, 0x70
	.byte 0x83, 0x47, 0x3C, 0x83, 0xBD, 0x30, 0xBF, 0x40, 0xBE, 0x39, 0xD3, 0x4B, 0x70, 0x88, 0x4C, 0x88
	.byte 0x4E, 0x88, 0xD3, 0x88, 0x4C, 0x88, 0x4B, 0x88, 0x47, 0x88, 0x49, 0x88, 0x4A, 0x88, 0xE7, 0x4B
	.byte 0x8C, 0xC4, 0x02, 0x8C, 0x00, 0xE7, 0x4A, 0x9A, 0xD5, 0x49, 0x8C, 0x4A, 0x86, 0xE7, 0x45, 0x98
	.byte 0x48, 0x8C, 0xC4, 0x03, 0x8C, 0x00, 0xD3, 0x49, 0x88, 0x4A, 0x88, 0x4C, 0x88, 0xD3, 0x88, 0x4A
	.byte 0x88, 0x49, 0x88, 0x45, 0x88, 0x47, 0x88, 0x48, 0x88, 0xE7, 0x49, 0x98, 0x48, 0x9A, 0xD5, 0x47
	.byte 0x8C, 0xD2, 0x49, 0x4C, 0x83, 0x4A, 0x83, 0xE7, 0x4B, 0x70, 0x98, 0x4E, 0x98, 0xC4, 0x00, 0xD3
	.byte 0x4D, 0x92, 0xD3, 0x92, 0xD3, 0x8C, 0x4E, 0x92, 0xD3, 0x92, 0xD3, 0x8C, 0x4D, 0x92, 0xD3, 0x92
	.byte 0xD3, 0x8C, 0x52, 0x98, 0xBD, 0x18, 0x8C, 0xD5, 0x3B, 0x86, 0x3A, 0x86, 0xBD, 0x18, 0xBE, 0x4E
	.byte 0xC0, 0x40, 0xEF, 0x46, 0x86, 0xC0, 0x39, 0x86, 0x40, 0x98, 0xC4, 0x04, 0x8C, 0x00, 0xD5, 0x46
	.byte 0x24, 0x8C, 0x46, 0x70, 0x86, 0x47, 0x86, 0xDB, 0x46, 0x83, 0xC0, 0x46, 0x83, 0x40, 0x86, 0xD5
	.byte 0x44, 0x86, 0x42, 0x86, 0x44, 0x86, 0xEB, 0x40, 0x83, 0xC0, 0x3E, 0x86, 0x40, 0x89, 0xC4, 0x04
	.byte 0xC0, 0x3B, 0x86, 0x40, 0x86, 0xC4, 0x00, 0x86, 0xD5, 0x40, 0x24, 0x9A, 0xD3, 0x38, 0x70, 0x84
	.byte 0xD1, 0x3B, 0x54, 0x84, 0x40, 0x84, 0xD3, 0x3B, 0x74, 0x84, 0xD1, 0x40, 0x5C, 0x84, 0x44, 0x84
	.byte 0xDB, 0x46, 0x70, 0x86, 0xC0, 0x39, 0x86, 0x40, 0xD2, 0x3A, 0x86, 0xD2, 0x86, 0xD3, 0x33, 0x84
	.byte 0xD1, 0x36, 0x54, 0x84, 0x3A, 0x84, 0xD3, 0x3F, 0x74, 0x84, 0xD1, 0x42, 0x5C, 0x84, 0x46, 0x84
	.byte 0xD5, 0x49, 0x70, 0x86, 0xD2, 0x47, 0x86, 0xD5, 0x44, 0x86, 0xD2, 0x40, 0x86, 0x3B, 0x83, 0x3D
	.byte 0x83, 0x3B, 0x86, 0xD5, 0x42, 0x86, 0x44, 0x86, 0xEF, 0x46, 0x86, 0xC0, 0x39, 0x86, 0x40, 0x98
	.byte 0xC4, 0x04, 0x8C, 0x00, 0xD5, 0x46, 0x24, 0x9F, 0x81, 0xD2, 0x45, 0x70, 0x83, 0xD5, 0x46, 0x86
	.byte 0xD2, 0x3F, 0x86, 0xD5, 0x3E, 0x86, 0xD2, 0x3F, 0x83, 0x45, 0x83, 0xD5, 0x46, 0x86, 0xD2, 0x3F
	.byte 0x86, 0xD5, 0x3E, 0x86, 0xD2, 0x3F, 0x86, 0xD5, 0x3E, 0x86, 0xD2, 0x3F, 0x86, 0xD5, 0x46, 0x86
	.byte 0xD2, 0x3F, 0x86, 0xD2, 0x83, 0x3E, 0x83, 0x3F, 0x86, 0xD5, 0x45, 0x86, 0xD2, 0x46, 0x86, 0xD5
	.byte 0x47, 0x86, 0xD2, 0x40, 0x86, 0xD5, 0x3F, 0x86, 0xD2, 0x40, 0x86, 0xD5, 0x3F, 0x86, 0xD2, 0x40
	.byte 0x83, 0x46, 0x83, 0xD5, 0x47, 0x86, 0x40, 0x86, 0x4C, 0x86, 0xD2, 0x4B, 0x83, 0x49, 0x83, 0xD5
	.byte 0x47, 0x86, 0xD2, 0x44, 0x83, 0x40, 0x83, 0xD5, 0x38, 0x86, 0xD2, 0x3B, 0x83, 0x40, 0x83, 0xD5
	.byte 0x3B, 0x86, 0xD2, 0x40, 0x83, 0x44, 0x83, 0x46, 0x86, 0xD5, 0x86, 0xD2, 0x45, 0x86, 0xD5, 0x46
	.byte 0x86, 0x47, 0x86, 0xD2, 0x46, 0x86, 0xD5, 0x44, 0x86, 0xD2, 0x42, 0x86, 0xD5, 0x3F, 0x86, 0x44
	.byte 0x86, 0xD2, 0x42, 0x83, 0x40, 0x86, 0x3C, 0x83, 0xD8, 0x3D, 0x8C, 0xD2, 0x3E, 0x86, 0x3E, 0x54
	.byte 0x86, 0xD8, 0x33, 0x7F, 0x8C, 0xD0, 0x33, 0x70, 0x83, 0xD2, 0x33, 0x1C, 0x83, 0xD0, 0x33, 0x70
	.byte 0x83, 0xD2, 0x33, 0x18, 0x83, 0xD0, 0x33, 0x30, 0x86, 0x33, 0x78, 0x86, 0x33, 0x70, 0x86, 0x33
	.byte 0x34, 0x86, 0x33, 0x78, 0x86, 0xD5, 0x33, 0x7C, 0x86, 0xD0, 0x33, 0x60, 0x86, 0x33, 0x78, 0x83
	.byte 0xD2, 0x33, 0x60, 0x83, 0xD8, 0x34, 0x7C, 0x8C, 0xD5, 0x32, 0x70, 0x86, 0x32, 0x24, 0x86, 0xB2
	.byte 0xFA, 0xAD, 0x8A, 0x08, 0xB1, 0xBC, 0x00, 0xBD, 0x50, 0xC2, 0x32, 0xCD, 0x08, 0x18, 0x08, 0x10
	.byte 0xC1, 0x0C, 0xBF, 0x01, 0xBE, 0x0F, 0xC0, 0x40, 0xAA, 0xD5, 0x3C, 0x50, 0x86, 0x3D, 0x5C, 0x86
	.byte 0x3E, 0x64, 0x86, 0xBE, 0x0F, 0xFF, 0x3F, 0x98, 0xBE, 0x10, 0x98, 0xC4, 0x03, 0xBE, 0x11, 0x98
	.byte 0xC4, 0x08, 0xBE, 0x14, 0x92, 0xC0, 0x3B, 0x86, 0xC4, 0x00, 0xBE, 0x17, 0xC0, 0x40, 0xFF, 0x3D
	.byte 0x70, 0x98, 0xBE, 0x1A, 0x98, 0xC4, 0x03, 0xBE, 0x1C, 0x98, 0xC4, 0x08, 0xBE, 0x1E, 0x92, 0xC0
	.byte 0x3B, 0x86, 0xC4, 0x00, 0xBE, 0x21, 0xC0, 0x40, 0xFF, 0x3B, 0x8C, 0xBE, 0x22, 0x8C, 0x24, 0x8F
	.byte 0x26, 0x89, 0xC4, 0x03, 0xBE, 0x27, 0x8C, 0x28, 0x8C, 0xC4, 0x08, 0xBE, 0x2C, 0x8C, 0x2D, 0x86
	.byte 0xC0, 0x2B, 0x86, 0xBE, 0x31, 0xC4, 0x00, 0xBE, 0x31, 0xC0, 0x40, 0xE7, 0x35, 0x98, 0xBE, 0x36
	.byte 0xC4, 0x06, 0xE7, 0x98, 0xBE, 0x39, 0xC4, 0x01, 0xE7, 0x2E, 0x98, 0xBE, 0x30, 0xE7, 0x32, 0x82
	.byte 0xBE, 0x32, 0x83, 0x35, 0x83, 0x3B, 0x84, 0x40, 0x82, 0x44, 0x83, 0x49, 0x83, 0x4D, 0x84, 0xBF
	.byte 0x40, 0xBE, 0x28, 0xB0, 0xB0, 0xBF, 0x7F, 0xC0, 0x40, 0xD5, 0x3E, 0x86, 0x3F, 0x86, 0x47, 0x86
	.byte 0xD2, 0x4B, 0x83, 0x4C, 0x83, 0xEF, 0x4B, 0x98, 0xC4, 0x08, 0x98, 0x01, 0xD2, 0x4A, 0x38, 0x83
	.byte 0x49, 0x83, 0x48, 0x34, 0x83, 0x47, 0x8F, 0xBF, 0x40, 0xC0, 0x42, 0xA8, 0xBE, 0x23, 0xBF, 0x01
	.byte 0xD5, 0x4A, 0x70, 0x86, 0x4B, 0x86, 0xD2, 0x4C, 0x83, 0x4B, 0x83, 0xD5, 0x4A, 0x86, 0xBE, 0x23
	.byte 0xBF, 0x01, 0xC0, 0x42, 0xD5, 0x57, 0x70, 0x86, 0xD2, 0x56, 0x86, 0xD5, 0x51, 0x86, 0xD2, 0x52
	.byte 0x86, 0xD5, 0x53, 0x86, 0xD2, 0x52, 0x86, 0xD5, 0x53, 0x86, 0xD2, 0x52, 0x86, 0xD5, 0x50, 0x86
	.byte 0xD2, 0x4E, 0x86, 0xD5, 0x50, 0x86, 0xD2, 0x4E, 0x86, 0xD5, 0x4B, 0x86, 0xD2, 0x4E, 0x86, 0x4A
	.byte 0x83, 0x4B, 0x83, 0x4C, 0x83, 0x4B, 0x83, 0xD5, 0x52, 0x86, 0x53, 0x86, 0x55, 0x86, 0x53, 0x9C
	.byte 0x50, 0x86, 0x55, 0x86, 0xD2, 0x53, 0x86, 0xD5, 0x55, 0x86, 0xD2, 0x53, 0x86, 0xD5, 0x4E, 0x86
	.byte 0xD2, 0x50, 0x86, 0xD5, 0x52, 0x70, 0xA0, 0x50, 0x86, 0xD2, 0x4D, 0x86, 0xD5, 0x47, 0x86, 0xD2
	.byte 0x4A, 0x86, 0xD5, 0x55, 0x86, 0xD2, 0x53, 0x86, 0xD5, 0x4D, 0x86, 0xD2, 0x4E, 0x86, 0xB4, 0xBF
	.byte 0x7F, 0xD5, 0x52, 0x86, 0xC0, 0x40, 0xD5, 0x33, 0x86, 0x3B, 0x86, 0xD2, 0x3F, 0x83, 0x40, 0x83
	.byte 0xEF, 0x3F, 0x98, 0xC4, 0x08, 0x98, 0x01, 0xD2, 0x3E, 0x83, 0x3D, 0x50, 0x83, 0x3C, 0x38, 0x83
	.byte 0x3B, 0x34, 0x83, 0xC0, 0x42, 0xD5, 0x4C, 0x70, 0x86, 0x4A, 0x86, 0xBF, 0x02, 0xD5, 0x57, 0x86
	.byte 0xD2, 0x56, 0x86, 0xD5, 0x51, 0x86, 0xD2, 0x52, 0x86, 0xD5, 0x53, 0x86, 0xD2, 0x52, 0x86, 0x5A
	.byte 0x83, 0x53, 0x83, 0x52, 0x86, 0xD5, 0x50, 0x86, 0xD2, 0x4E, 0x86, 0x50, 0x83, 0x4F, 0x83, 0x4E
	.byte 0x86, 0xD5, 0x4B, 0x86, 0xD2, 0x4E, 0x86, 0x4A, 0x83, 0x4B, 0x83, 0x4C, 0x83, 0x4B, 0x83, 0xD5
	.byte 0x52, 0x86, 0xD2, 0x53, 0x86, 0xD5, 0x55, 0x86, 0xD2, 0x53, 0x86, 0xD5, 0x50, 0x9C, 0x55, 0x86
	.byte 0xD2, 0x53, 0x86, 0xD5, 0x50, 0x86, 0xD2, 0x53, 0x86, 0xD5, 0x4E, 0x86, 0xD2, 0x50, 0x86, 0xB3
	.byte 0xFC, 0xB2, 0x8A, 0x08, 0xBF, 0x7F, 0xC0, 0x40, 0xD5, 0x52, 0x70, 0x86, 0xD2, 0x47, 0x83, 0x48
	.byte 0x83, 0x49, 0x83, 0x4A, 0x83, 0x4B, 0x83, 0x4C, 0x83, 0xDB, 0x4B, 0x8C, 0xD2, 0x4A, 0x83, 0xF1
	.byte 0x4B, 0x9B, 0x81, 0xC4, 0x08, 0x95, 0x01, 0x83, 0xBE, 0x28, 0xBF, 0x02, 0xB0, 0xB0, 0xB0, 0xB0
	.byte 0x02, 0xBE, 0x17, 0xD2, 0x57, 0x86, 0x47, 0x83, 0x47, 0x3C, 0x83, 0x4B, 0x70, 0x83, 0x4B, 0x3C
	.byte 0x83, 0x47, 0x70, 0x83, 0x47, 0x3C, 0x83, 0x57, 0x70, 0x83, 0x57, 0x3C, 0x83, 0x47, 0x70, 0x83
	.byte 0x47, 0x3C, 0x83, 0x4B, 0x70, 0x83, 0x4B, 0x3C, 0x83, 0x4E, 0x70, 0x83, 0x4E, 0x3C, 0x83, 0x52
	.byte 0x70, 0x83, 0x52, 0x3C, 0xD2, 0x57, 0x70, 0x83, 0x4E, 0xD2, 0x57, 0x3C, 0x83, 0x4E, 0x83, 0x4B
	.byte 0x70, 0x83, 0x4B, 0x3C, 0x83, 0x52, 0x70, 0x83, 0x52, 0x3C, 0x83, 0x57, 0x70, 0x83, 0x57, 0x3C
	.byte 0x83, 0x47, 0x70, 0x83, 0x47, 0x3C, 0x83, 0x4B, 0x70, 0x83, 0x4B, 0x3C, 0x83, 0x47, 0x70, 0x83
	.byte 0x47, 0x3C, 0x83, 0x56, 0x70, 0x83, 0x56, 0x3C, 0x83, 0x46, 0x70, 0x83, 0x46, 0x3C, 0x83, 0x4A
	.byte 0x70, 0x83, 0x4A, 0x3C, 0x83, 0x46, 0x70, 0x83, 0x46, 0x3C, 0x83, 0x56, 0x70, 0x83, 0x56, 0x3C
	.byte 0x83, 0x46, 0x70, 0x83, 0x46, 0x3C, 0x83, 0x4A, 0x70, 0x83, 0x4A, 0x3C, 0x83, 0x4D, 0x70, 0x83
	.byte 0x4D, 0x3C, 0x83, 0x51, 0x70, 0x83, 0x51, 0x3C, 0xD2, 0x56, 0x70, 0x83, 0x4D, 0xD2, 0x56, 0x3C
	.byte 0x83, 0x4D, 0x83, 0x4A, 0x70, 0x83, 0x4A, 0x3C, 0x83, 0x51, 0x70, 0x83, 0x51, 0x3C, 0x83, 0x56
	.byte 0x70, 0x83, 0x56, 0x3C, 0x83, 0x46, 0x70, 0x83, 0x46, 0x3C, 0x83, 0x4A, 0x70, 0x83, 0x4A, 0x3C
	.byte 0x83, 0x46, 0x70, 0x83, 0x46, 0x3C, 0x83, 0x55, 0x70, 0x83, 0x55, 0x3C, 0x83, 0x45, 0x70, 0x83
	.byte 0x45, 0x3C, 0x83, 0x49, 0x70, 0x83, 0x49, 0x3C, 0x83, 0x45, 0x70, 0x83, 0x45, 0x3C, 0x83, 0x55
	.byte 0x70, 0x83, 0x55, 0x3C, 0x83, 0x45, 0x70, 0x83, 0x45, 0x3C, 0x83, 0x49, 0x70, 0x83, 0x49, 0x3C
	.byte 0x83, 0x4C, 0x70, 0x83, 0x4C, 0x3C, 0x83, 0x50, 0x70, 0x83, 0x50, 0x3C, 0xD2, 0x55, 0x70, 0x83
	.byte 0x4C, 0xD2, 0x55, 0x3C, 0x83, 0x4C, 0x83, 0x49, 0x70, 0x83, 0x49, 0x3C, 0x83, 0x50, 0x70, 0x83
	.byte 0x50, 0x3C, 0x83, 0x55, 0x70, 0x83, 0x55, 0x3C, 0x83, 0x45, 0x70, 0x83, 0x45, 0x3C, 0x83, 0x49
	.byte 0x70, 0x83, 0x49, 0x3C, 0x83, 0x45, 0x70, 0x83, 0x45, 0x3C, 0x83, 0x54, 0x70, 0x83, 0x54, 0x3C
	.byte 0x83, 0x44, 0x70, 0x83, 0x44, 0x3C, 0x83, 0x48, 0x70, 0x83, 0x48, 0x3C, 0x83, 0x44, 0x70, 0x83
	.byte 0x44, 0x3C, 0x83, 0x54, 0x70, 0x83, 0x54, 0x3C, 0x83, 0x44, 0x70, 0x83, 0x44, 0x3C, 0x83, 0x48
	.byte 0x70, 0x83, 0x48, 0x3C, 0x83, 0x4A, 0x70, 0x83, 0x4A, 0x3C, 0x83, 0x4B, 0x70, 0x83, 0x4B, 0x3C
	.byte 0x83, 0x4A, 0x70, 0x83, 0x4A, 0x3C, 0x83, 0x4B, 0x70, 0x83, 0x4B, 0x3C, 0x83, 0x50, 0x70, 0x83
	.byte 0x50, 0x3C, 0x83, 0x4F, 0x70, 0x83, 0x4F, 0x3C, 0x83, 0x50, 0x70, 0x83, 0x50, 0x3C, 0x83, 0x54
	.byte 0x70, 0x83, 0x54, 0x3C, 0x83, 0x53, 0x70, 0x83, 0x53, 0x3C, 0x83, 0xB0, 0xB0, 0xC0, 0x40, 0xB0
	.byte 0xB0, 0xB0, 0xB0, 0xB0, 0xB0, 0xBF, 0x7F, 0x86, 0xC0, 0x40, 0xD5, 0x33, 0x70, 0x86, 0x3B, 0x86
	.byte 0xD2, 0x3F, 0x83, 0x40, 0x83, 0xEF, 0x3F, 0x98, 0xC4, 0x08, 0x98, 0x01, 0xD2, 0x3E, 0x83, 0x3D
	.byte 0x50, 0x83, 0x3C, 0x38, 0x83, 0x3B, 0x34, 0x8F, 0xBF, 0x03, 0xB0, 0xB2, 0xA7, 0xB2, 0x8A, 0x08
	.byte 0xB1, 0xBC, 0x00, 0xBD, 0x51, 0xC2, 0x32, 0xCD, 0x08, 0x18, 0x08, 0x10, 0xC1, 0x0C, 0xBF, 0x7F
	.byte 0xBE, 0x0F, 0xAA, 0xD5, 0x46, 0x50, 0x86, 0x45, 0x5C, 0x86, 0x44, 0x64, 0x86, 0xBE, 0x0F, 0xFF
	.byte 0x43, 0x98, 0xBE, 0x10, 0x98, 0x11, 0x98, 0x14, 0x92, 0xC0, 0x3B, 0x86, 0xBE, 0x17, 0xC0, 0x40
	.byte 0xFF, 0x41, 0x70, 0x98, 0xBE, 0x1A, 0x98, 0x1C, 0x98, 0x1E, 0x92, 0xC0, 0x3B, 0x86, 0xBE, 0x21
	.byte 0xC0, 0x40, 0xFF, 0x3F, 0x8C, 0xBE, 0x22, 0x8C, 0x24, 0x8F, 0x26, 0x89, 0x27, 0x8C, 0x28, 0x8C
	.byte 0x2C, 0x8C, 0x2D, 0x86, 0xC0, 0x2B, 0x86, 0xBE, 0x31, 0xC0, 0x40, 0xE7, 0x38, 0x98, 0xBE, 0x37
	.byte 0xE7, 0x3A, 0x98, 0xBE, 0x3B, 0xE7, 0x35, 0x98, 0xBE, 0x30, 0xE7, 0x38, 0x82, 0xBE, 0x32, 0x83
	.byte 0x35, 0x83, 0x3B, 0x84, 0x40, 0x82, 0x44, 0x83, 0x49, 0x83, 0x4D, 0x84, 0xBF, 0x40, 0xB0, 0xB0
	.byte 0xB0, 0xA8, 0xBE, 0x27, 0xBF, 0x40, 0xD5, 0x4A, 0x86, 0x4B, 0x86, 0xD2, 0x4C, 0x83, 0x4B, 0x83
	.byte 0xD5, 0x4A, 0x86, 0xBD, 0x51, 0xBE, 0x28, 0xBF, 0x40, 0xC0, 0x40, 0xD5, 0x57, 0x70, 0x86, 0xD2
	.byte 0x56, 0x86, 0xD5, 0x51, 0x86, 0xD2, 0x52, 0x86, 0xD5, 0x53, 0x86, 0xD2, 0x52, 0x86, 0xD5, 0x53
	.byte 0x86, 0xD2, 0x52, 0x86, 0xD5, 0x50, 0x86, 0xD2, 0x4E, 0x86, 0xD5, 0x50, 0x86, 0xD2, 0x4E, 0x86
	.byte 0xD5, 0x4B, 0x86, 0xD2, 0x4E, 0x86, 0x4A, 0x83, 0x4B, 0x83, 0x4C, 0x83, 0x4B, 0x83, 0xD5, 0x52
	.byte 0x86, 0x53, 0x86, 0x55, 0x86, 0x53, 0x9C, 0x50, 0x86, 0x55, 0x86, 0xD2, 0x53, 0x86, 0xD5, 0x55
	.byte 0x86, 0xD2, 0x53, 0x86, 0xD5, 0x4E, 0x86, 0xD2, 0x50, 0x86, 0xD5, 0x52, 0x70, 0xA0, 0x50, 0x86
	.byte 0xD2, 0x4D, 0x86, 0xD5, 0x47, 0x86, 0xD2, 0x4A, 0x86, 0xD5, 0x55, 0x86, 0xD2, 0x53, 0x86, 0xD5
	.byte 0x4D, 0x86, 0xD2, 0x4E, 0x86, 0xB4, 0xD5, 0x52, 0xA8, 0xD2, 0x48, 0x83, 0x49, 0x83, 0x4A, 0x83
	.byte 0x4B, 0x83, 0xD5, 0x4C, 0x86, 0xBD, 0x53, 0xD5, 0x4A, 0x86, 0x57, 0x86, 0xD2, 0x56, 0x86, 0xD5
	.byte 0x51, 0x86, 0xD2, 0x52, 0x86, 0xD5, 0x53, 0x86, 0xD2, 0x52, 0x86, 0x5A, 0x40, 0x83, 0x53, 0x70
	.byte 0x83, 0x52, 0x86, 0xD5, 0x50, 0x86, 0xD2, 0x4E, 0x86, 0x50, 0x83, 0x4F, 0x83, 0x4E, 0x86, 0xD5
	.byte 0x4B, 0x86, 0xD2, 0x4E, 0x86, 0x4A, 0x83, 0x4B, 0x83, 0x4C, 0x83, 0x4B, 0x83, 0xD5, 0x52, 0x86
	.byte 0xD2, 0x53, 0x86, 0xD5, 0x55, 0x86, 0xD2, 0x53, 0x86, 0xD5, 0x50, 0x9C, 0x55, 0x86, 0xD2, 0x53
	.byte 0x86, 0xD5, 0x50, 0x86, 0xD2, 0x53, 0x86, 0xD5, 0x4E, 0x86, 0xD2, 0x50, 0x86, 0xB3, 0x73, 0xB6
	.byte 0x8A, 0x08, 0xD5, 0x52, 0x70, 0xB0, 0xBD, 0x51, 0xBE, 0x28, 0xB0, 0xB0, 0xB0, 0xB0, 0xBF, 0x7F
	.byte 0xBE, 0x1A, 0xD2, 0x4B, 0x83, 0x4B, 0x3C, 0x83, 0x3B, 0x70, 0x83, 0x3B, 0x3C, 0x83, 0x3F, 0x70
	.byte 0x83, 0x3F, 0x3C, 0x83, 0x3B, 0x70, 0x83, 0x3B, 0x3C, 0x83, 0x4B, 0x70, 0x83, 0x4B, 0x3C, 0x83
	.byte 0x3B, 0x70, 0x83, 0x3B, 0x3C, 0x83, 0x3F, 0x70, 0x83, 0x3F, 0x3C, 0x83, 0x42, 0x70, 0x83, 0x42
	.byte 0x3C, 0x83, 0x46, 0x70, 0x83, 0x46, 0x3C, 0xD2, 0x4B, 0x70, 0x83, 0x42, 0xD2, 0x4B, 0x3C, 0x83
	.byte 0x42, 0x83, 0x3F, 0x70, 0x83, 0x3F, 0x3C, 0x83, 0x46, 0x70, 0x83, 0x46, 0x3C, 0x83, 0x4B, 0x70
	.byte 0x83, 0x4B, 0x3C, 0x83, 0x3B, 0x70, 0x83, 0x3B, 0x3C, 0x83, 0x3F, 0x70, 0x83, 0x3F, 0x3C, 0x83
	.byte 0x3B, 0x70, 0x83, 0x3B, 0x3C, 0x83, 0x4A, 0x70, 0x83, 0x4A, 0x3C, 0x83, 0x3A, 0x70, 0x83, 0x3A
	.byte 0x3C, 0x83, 0x3E, 0x70, 0x83, 0x3E, 0x3C, 0x83, 0x3A, 0x70, 0x83, 0x3A, 0x3C, 0x83, 0x4A, 0x70
	.byte 0x83, 0x4A, 0x3C, 0x83, 0x3A, 0x70, 0x83, 0x3A, 0x3C, 0x83, 0x3E, 0x70, 0x83, 0x3E, 0x3C, 0x83
	.byte 0x41, 0x70, 0x83, 0x41, 0x3C, 0x83, 0x45, 0x70, 0x83, 0x45, 0x3C, 0xD2, 0x4A, 0x70, 0x83, 0x41
	.byte 0xD2, 0x4A, 0x3C, 0x83, 0x41, 0x83, 0x3E, 0x70, 0x83, 0x3E, 0x3C, 0x83, 0x45, 0x70, 0x83, 0x45
	.byte 0x3C, 0x83, 0x4A, 0x70, 0x83, 0x4A, 0x3C, 0x83, 0x3A, 0x70, 0x83, 0x3A, 0x3C, 0x83, 0x3E, 0x70
	.byte 0x83, 0x3E, 0x3C, 0x83, 0x3A, 0x70, 0x83, 0x3A, 0x3C, 0x83, 0x49, 0x70, 0x83, 0x49, 0x3C, 0x83
	.byte 0x39, 0x70, 0x83, 0x39, 0x3C, 0x83, 0x3D, 0x70, 0x83, 0x3D, 0x3C, 0x83, 0x39, 0x70, 0x83, 0x39
	.byte 0x3C, 0x83, 0x49, 0x70, 0x83, 0x49, 0x3C, 0x83, 0x39, 0x70, 0x83, 0x39, 0x3C, 0x83, 0x3D, 0x70
	.byte 0x83, 0x3D, 0x3C, 0x83, 0x40, 0x70, 0x83, 0x40, 0x3C, 0x83, 0x44, 0x70, 0x83, 0x44, 0x3C, 0xD2
	.byte 0x49, 0x70, 0x83, 0x40, 0xD2, 0x49, 0x3C, 0x83, 0x40, 0x83, 0x3D, 0x70, 0x83, 0x3D, 0x3C, 0x83
	.byte 0x44, 0x70, 0x83, 0x44, 0x3C, 0x83, 0x49, 0x70, 0x83, 0x49, 0x3C, 0x83, 0x39, 0x70, 0x83, 0x39
	.byte 0x3C, 0x83, 0x3D, 0x70, 0x83, 0x3D, 0x3C, 0x83, 0x39, 0x70, 0x83, 0x39, 0x3C, 0x83, 0x48, 0x70
	.byte 0x83, 0x48, 0x3C, 0x83, 0x38, 0x70, 0x83, 0x38, 0x3C, 0x83, 0x3C, 0x70, 0x83, 0x3C, 0x3C, 0x83
	.byte 0x38, 0x70, 0x83, 0x38, 0x3C, 0x83, 0x48, 0x70, 0x83, 0x48, 0x3C, 0x83, 0x38, 0x70, 0x83, 0x38
	.byte 0x3C, 0x83, 0x3C, 0x70, 0x83, 0x3C, 0x3C, 0x83, 0x3E, 0x70, 0x83, 0x3E, 0x3C, 0x83, 0x3F, 0x70
	.byte 0x83, 0x3F, 0x3C, 0x83, 0x3E, 0x70, 0x83, 0x3E, 0x3C, 0x83, 0x3F, 0x70, 0x83, 0x3F, 0x3C, 0x83
	.byte 0x44, 0x70, 0x83, 0x44, 0x3C, 0x83, 0x43, 0x70, 0x83, 0x43, 0x3C, 0x83, 0x44, 0x70, 0x83, 0x44
	.byte 0x3C, 0x83, 0x48, 0x70, 0x83, 0x48, 0x3C, 0x83, 0x47, 0x70, 0x83, 0x47, 0x3C, 0x83, 0xB0, 0xA8
	.byte 0xBF, 0x03, 0xC0, 0x42, 0x8C, 0xD5, 0x3B, 0x70, 0x86, 0x3A, 0x86, 0xEF, 0x46, 0xA0, 0xD5, 0x46
	.byte 0x24, 0x8C, 0x46, 0x70, 0x86, 0x47, 0x86, 0xDB, 0x46, 0x8C, 0xD5, 0x44, 0x86, 0x42, 0x86, 0x44
	.byte 0x86, 0xEB, 0x40, 0x9C, 0xD5, 0x40, 0x24, 0x9A, 0xD3, 0x38, 0x70, 0x84, 0xD1, 0x3B, 0x54, 0x84
	.byte 0x40, 0x84, 0xD3, 0x3B, 0x74, 0x84, 0xD1, 0x40, 0x5C, 0x84, 0x44, 0x84, 0xDB, 0x46, 0x70, 0x8C
	.byte 0xD2, 0x3A, 0x86, 0xD2, 0x86, 0xD3, 0x33, 0x84, 0xD1, 0x36, 0x54, 0x84, 0x3A, 0x84, 0xD3, 0x3F
	.byte 0x74, 0x84, 0xD1, 0x42, 0x5C, 0x84, 0x46, 0x84, 0xD5, 0x49, 0x70, 0x86, 0xD2, 0x47, 0x86, 0xD5
	.byte 0x44, 0x86, 0xD2, 0x40, 0x86, 0x3B, 0x83, 0x3D, 0x83, 0x3B, 0x86, 0xD5, 0x42, 0x86, 0x44, 0x86
	.byte 0xEF, 0x46, 0xA0, 0xD5, 0x46, 0x24, 0x9F, 0x81, 0xD2, 0x45, 0x70, 0x83, 0xD5, 0x46, 0x86, 0xD2
	.byte 0x3F, 0x86, 0xD5, 0x3E, 0x86, 0xD2, 0x3F, 0x83, 0x45, 0x83, 0xD5, 0x46, 0x86, 0xD2, 0x3F, 0x86
	.byte 0xD5, 0x3E, 0x86, 0xD2, 0x3F, 0x86, 0xD5, 0x3E, 0x86, 0xD2, 0x3F, 0x86, 0xD5, 0x46, 0x86, 0xD2
	.byte 0x3F, 0x86, 0xD2, 0x83, 0x3E, 0x83, 0x3F, 0x86, 0xD5, 0x45, 0x86, 0xD2, 0x46, 0x86, 0xD5, 0x47
	.byte 0x86, 0xD2, 0x40, 0x86, 0xD5, 0x3F, 0x86, 0xD2, 0x40, 0x86, 0xD5, 0x3F, 0x86, 0xD2, 0x40, 0x83
	.byte 0x46, 0x83, 0xD5, 0x47, 0x86, 0x40, 0x86, 0x4C, 0x86, 0xD2, 0x4B, 0x83, 0x49, 0x83, 0xD5, 0x47
	.byte 0x86, 0xD2, 0x44, 0x83, 0x40, 0x83, 0xD5, 0x38, 0x86, 0xD2, 0x3B, 0x83, 0x40, 0x83, 0xD5, 0x3B
	.byte 0x86, 0xD2, 0x40, 0x83, 0x44, 0x83, 0x46, 0x86, 0xD5, 0x86, 0xD2, 0x45, 0x86, 0xD5, 0x46, 0x86
	.byte 0x47, 0x86, 0xD2, 0x46, 0x86, 0xD5, 0x44, 0x86, 0xD2, 0x42, 0x86, 0xD5, 0x3F, 0x86, 0x44, 0x86
	.byte 0xD2, 0x42, 0x83, 0x40, 0x86, 0x3C, 0x83, 0xD8, 0x3D, 0x8C, 0xD2, 0x3E, 0x86, 0x3E, 0x54, 0x86
	.byte 0xD8, 0x33, 0x7F, 0x8C, 0xD0, 0x33, 0x70, 0x83, 0xD2, 0x33, 0x1C, 0x83, 0xD0, 0x33, 0x70, 0x83
	.byte 0xD2, 0x33, 0x18, 0x83, 0xD0, 0x33, 0x30, 0x86, 0x33, 0x78, 0x86, 0x33, 0x70, 0x86, 0x33, 0x34
	.byte 0x86, 0x33, 0x78, 0x86, 0xD5, 0x33, 0x7C, 0x86, 0xD0, 0x33, 0x60, 0x86, 0x33, 0x78, 0x83, 0xD2
	.byte 0x33, 0x60, 0x83, 0xD8, 0x34, 0x7C, 0x8C, 0xD5, 0x32, 0x70, 0x86, 0x32, 0x24, 0x86, 0xB2, 0x1C
	.byte 0xB6, 0x8A, 0x08, 0xB1, 0xBC, 0x00, 0xBD, 0x00, 0xBF, 0x40, 0xBE, 0x3C, 0xD5, 0x24, 0x70, 0xA0
	.byte 0xD5, 0x98, 0x26, 0x5C, 0x86, 0x26, 0x40, 0x86, 0x26, 0x34, 0x86, 0x26, 0x24, 0x86, 0x24, 0x70
	.byte 0x98, 0x26, 0x86, 0x26, 0x48, 0x86, 0x26, 0x38, 0x86, 0x26, 0x30, 0x9E, 0x24, 0x70, 0x8C, 0xD5
	.byte 0x92, 0xD5, 0x86, 0x26, 0x86, 0x26, 0x48, 0x86, 0x26, 0x38, 0x86, 0x26, 0x30, 0x86, 0x24, 0x70
	.byte 0x9C, 0xD5, 0x86, 0xD5, 0x86, 0xD5, 0x24, 0x70, 0x92, 0xD5, 0x86, 0x26, 0x86, 0x26, 0x48, 0x86
	.byte 0x26, 0x38, 0x86, 0x26, 0x30, 0x92, 0x24, 0x70, 0x8C, 0x26, 0x86, 0x26, 0x48, 0x86, 0x26, 0x38
	.byte 0x86, 0x26, 0x30, 0x86, 0xB4, 0xB3, 0x2E, 0xBA, 0x8A, 0x08, 0xD5, 0x24, 0x70, 0x86, 0x40, 0x86
	.byte 0x3E, 0x86, 0xD2, 0x24, 0x60, 0x86, 0xD5, 0x24, 0x70, 0x86, 0x40, 0x86, 0x3E, 0x8C, 0x40, 0x86
	.byte 0x40, 0x60, 0x86, 0x3E, 0x70, 0x86, 0xD5, 0x86, 0x24, 0x86, 0xD5, 0x86, 0x3E, 0x86, 0x24, 0x50
	.byte 0x86, 0x24, 0x70, 0x86, 0x40, 0x86, 0x3E, 0x86, 0xD2, 0x24, 0x60, 0x86, 0xD5, 0x24, 0x70, 0x86
	.byte 0x40, 0x86, 0x3E, 0x86, 0x40, 0x86, 0x24, 0x8C, 0x3E, 0x86, 0xD2, 0x24, 0x60, 0x86, 0xD5, 0x24
	.byte 0x70, 0x86, 0xD2, 0x3E, 0x83, 0xD2, 0x83, 0xD5, 0x86, 0xD5, 0x86, 0x24, 0x86, 0xD2, 0x40, 0x83
	.byte 0xD2, 0x83, 0xD5, 0x3E, 0x86, 0x24, 0x48, 0x86, 0x24, 0x70, 0x86, 0x3E, 0x86, 0x24, 0x86, 0x40
	.byte 0x86, 0x3E, 0x86, 0xD5, 0x86, 0xD2, 0x83, 0xD2, 0x83, 0xD2, 0x86, 0xD5, 0x24, 0x86, 0x40, 0x86
	.byte 0x24, 0x86, 0x3E, 0x86, 0x24, 0x8C, 0x40, 0x86, 0x3E, 0x86, 0x24, 0x86, 0x40, 0x86, 0x3E, 0x86
	.byte 0xD5, 0x86, 0x40, 0x86, 0x3E, 0x8C, 0x40, 0x86, 0xD2, 0x3E, 0x6C, 0x83, 0x3E, 0x40, 0x83, 0x3E
	.byte 0x50, 0x83, 0x3E, 0x44, 0x83, 0x3E, 0x60, 0x83, 0x3E, 0x48, 0x83, 0x3E, 0x78, 0x83, 0x3E, 0x60
	.byte 0x83, 0xD5, 0x24, 0x70, 0x86, 0x40, 0x86, 0x3E, 0x86, 0xD2, 0x24, 0x60, 0x86, 0xD5, 0x24, 0x70
	.byte 0x86, 0x40, 0x86, 0x3E, 0x8C, 0x40, 0x86, 0x40, 0x60, 0x86, 0x3E, 0x70, 0x86, 0xD5, 0x86, 0x24
	.byte 0x8C, 0x3E, 0x86, 0x24, 0x50, 0x86, 0xB4, 0x24, 0x70, 0x86, 0x40, 0x86, 0x3E, 0x86, 0xD2, 0x24
	.byte 0x60, 0x86, 0xD5, 0x24, 0x70, 0x8C, 0x40, 0x86, 0x3E, 0x86, 0x24, 0x86, 0x40, 0x86, 0x3E, 0x86
	.byte 0xD2, 0x24, 0x60, 0x86, 0xD5, 0x24, 0x70, 0x8C, 0x40, 0x86, 0x3E, 0x86, 0x24, 0x8C, 0x3E, 0x86
	.byte 0x24, 0x48, 0x86, 0x24, 0x70, 0x8C, 0xD5, 0x86, 0x40, 0x86, 0x3E, 0x86, 0xD5, 0x86, 0xD2, 0x83
	.byte 0xD2, 0x83, 0xD2, 0x86, 0xD5, 0x24, 0x86, 0x40, 0x86, 0x3E, 0x86, 0xD5, 0x86, 0xD5, 0x3E, 0x70
	.byte 0x8C, 0x40, 0x86, 0x3E, 0x92, 0xD5, 0x8C, 0x40, 0x86, 0x3E, 0x8C, 0x40, 0x86, 0xD2, 0x3E, 0x6C
	.byte 0x83, 0x3E, 0x40, 0x83, 0x3E, 0x50, 0x83, 0x3E, 0x44, 0x83, 0x3E, 0x60, 0x83, 0x3E, 0x48, 0x83
	.byte 0x3E, 0x78, 0x86, 0xB4, 0xD5, 0x24, 0x70, 0x86, 0x40, 0x86, 0x3E, 0x86, 0xD2, 0x24, 0x60, 0x86
	.byte 0xD5, 0x24, 0x70, 0x86, 0x40, 0x86, 0x3E, 0x8C, 0x40, 0x86, 0x40, 0x60, 0x86, 0x3E, 0x70, 0x86
	.byte 0xD5, 0x86, 0x24, 0x8C, 0xD5, 0x86, 0x24, 0x50, 0x86, 0xD5, 0x24, 0x70, 0x8C, 0x3E, 0x86, 0xD2
	.byte 0x24, 0x60, 0x86, 0xD5, 0x24, 0x70, 0x8C, 0x3E, 0x86, 0x40, 0x86, 0x24, 0x8C, 0x3E, 0x86, 0xD2
	.byte 0x24, 0x60, 0x86, 0xD5, 0x24, 0x70, 0x8C, 0x40, 0x86, 0x3E, 0x86, 0xB4, 0x24, 0x8C, 0x3E, 0x86
	.byte 0x24, 0x48, 0x86, 0x24, 0x70, 0x86, 0x3E, 0x86, 0x24, 0x86, 0x40, 0x86, 0x3E, 0x86, 0xD5, 0x86
	.byte 0xD2, 0x83, 0xD2, 0x83, 0xD2, 0x86, 0xD5, 0x24, 0x86, 0x40, 0x86, 0xD5, 0x86, 0x3E, 0x86, 0xB3
	.byte 0x66, 0xBB, 0x8A, 0x08, 0xEF, 0x39, 0x70, 0xA0, 0xD3, 0x28, 0x88, 0x28, 0x4C, 0x88, 0x28, 0x3C
	.byte 0x88, 0x28, 0x24, 0x88, 0x28, 0x18, 0x88, 0x28, 0x04, 0x88, 0xA0, 0x28, 0x70, 0x88, 0x28, 0x4C
	.byte 0x88, 0x28, 0x3C, 0x88, 0xD2, 0x28, 0x70, 0x83, 0x28, 0x38, 0x83, 0xD2, 0x83, 0xD2, 0x83, 0xD2
	.byte 0x83, 0xD2, 0x83, 0xD2, 0x83, 0xD2, 0x83, 0xA0, 0xD3, 0x28, 0x70, 0x88, 0x28, 0x4C, 0x88, 0x28
	.byte 0x3C, 0x88, 0x28, 0x24, 0x88, 0x28, 0x18, 0x88, 0x28, 0x04, 0x88, 0x28, 0x70, 0x90, 0x28, 0x50
	.byte 0x88, 0x28, 0x70, 0x88, 0x28, 0x50, 0x88, 0xD3, 0x88, 0x28, 0x70, 0x88, 0x28, 0x4C, 0x88, 0x28
	.byte 0x3C, 0x88, 0xD2, 0x28, 0x70, 0x83, 0x28, 0x34, 0x83, 0xD2, 0x83, 0xD2, 0x83, 0xD2, 0x83, 0xD2
	.byte 0x83, 0xD2, 0x83, 0xD2, 0x83, 0xB0, 0xB0, 0xB0, 0xB0, 0xD5, 0x28, 0x70, 0x86, 0xD2, 0x24, 0x86
	.byte 0xD2, 0x86, 0xD5, 0x86, 0xD2, 0x28, 0x86, 0xD2, 0x86, 0xD5, 0x24, 0x8C, 0xD5, 0x86, 0xD2, 0x28
	.byte 0x86, 0xD2, 0x83, 0xD2, 0x83, 0xD5, 0x24, 0x86, 0x28, 0x86, 0xD5, 0x86, 0x24, 0x8C, 0x28, 0x86
	.byte 0xD2, 0x24, 0x86, 0xD2, 0x86, 0xD5, 0x28, 0x86, 0x24, 0x86, 0xD2, 0x28, 0x83, 0xD2, 0x83, 0xD5
	.byte 0x24, 0x8C, 0xE7, 0x39, 0xA0, 0xB3, 0xFA, 0xBA, 0x8A, 0x08, 0xB3, 0xB2, 0xBB, 0x8A, 0x08, 0xD5
	.byte 0x24, 0x70, 0x86, 0x40, 0x86, 0x3E, 0x86, 0xD2, 0x24, 0x60, 0x86, 0xD5, 0x24, 0x70, 0x86, 0x40
	.byte 0x86, 0x3E, 0x8C, 0x40, 0x86, 0x3E, 0x60, 0x86, 0x40, 0x70, 0x86, 0x3E, 0x86, 0x24, 0x86, 0xD2
	.byte 0x3E, 0x83, 0xD2, 0x83, 0xD5, 0x86, 0x24, 0x50, 0x86, 0x24, 0x70, 0x86, 0x3E, 0x86, 0xD5, 0x86
	.byte 0xD2, 0x24, 0x60, 0x86, 0xD5, 0x24, 0x70, 0x8C, 0x40, 0x86, 0xD5, 0x86, 0x24, 0x8C, 0x3E, 0x86
	.byte 0xD2, 0x24, 0x60, 0x86, 0xD5, 0x24, 0x70, 0x8C, 0x40, 0x86, 0x3E, 0x86, 0xB3, 0xFA, 0xBA, 0x8A
	.byte 0x08, 0xD5, 0x24, 0x70, 0x86, 0x40, 0x86, 0x3E, 0x86, 0xD2, 0x24, 0x60, 0x86, 0xD5, 0x24, 0x70
	.byte 0x8C, 0x3E, 0x86, 0x40, 0x86, 0x24, 0x8C, 0x3E, 0x86, 0xD2, 0x24, 0x60, 0x86, 0xD5, 0x24, 0x70
	.byte 0x8C, 0x40, 0x86, 0x3E, 0x86, 0xB3, 0xFA, 0xBA, 0x8A, 0x08, 0xD5, 0x24, 0x70, 0x86, 0x3E, 0x86
	.byte 0x40, 0x86, 0xD2, 0x24, 0x60, 0x86, 0xD5, 0x24, 0x70, 0x8C, 0x40, 0x86, 0xD5, 0x86, 0x24, 0x8C
	.byte 0x3E, 0x86, 0xD2, 0x24, 0x60, 0x86, 0xD5, 0x24, 0x70, 0x8C, 0x40, 0x86, 0x3E, 0x86, 0xB2, 0xFA
	.byte 0xBA, 0x8A, 0x08, 0xB1, 0xBC, 0x00, 0xBD, 0x52, 0xC2, 0x2C, 0xCD, 0x08, 0x18, 0x08, 0x10, 0xBF
	.byte 0x40, 0xBE, 0x1D, 0xC1, 0x0C, 0xB0, 0xB0, 0xB0, 0xB0, 0xB0, 0xB0, 0xB0, 0xC4, 0x01, 0xD5, 0x46
	.byte 0x70, 0x86, 0x4A, 0x86, 0x4C, 0x86, 0xD2, 0x52, 0x83, 0x53, 0x83, 0xEF, 0x52, 0x98, 0xC4, 0x07
	.byte 0x98, 0x01, 0xD2, 0x51, 0x38, 0x83, 0x50, 0x83, 0x4F, 0x34, 0x83, 0x4E, 0x8F, 0xB0, 0xB0, 0xB0
	.byte 0xB0, 0xC4, 0x01, 0xD5, 0x3A, 0x70, 0x86, 0x3E, 0x86, 0x40, 0x86, 0xD2, 0x46, 0x83, 0x47, 0x83
	.byte 0xEF, 0x46, 0x98, 0xC4, 0x07, 0x98, 0x01, 0xD2, 0x45, 0x83, 0x44, 0x40, 0x83, 0x43, 0x83, 0x42
	.byte 0x30, 0x8F, 0xD5, 0x4D, 0x70, 0x86, 0xD2, 0x4E, 0x86, 0xD5, 0x4D, 0x86, 0xD2, 0x4E, 0x86, 0xD5
	.byte 0x4A, 0x86, 0xD2, 0x4B, 0x86, 0xD5, 0x4A, 0x86, 0xD2, 0x4B, 0x86, 0xD5, 0x86, 0xD2, 0x4C, 0x86
	.byte 0xD5, 0x4B, 0x86, 0xD2, 0x4C, 0x86, 0xD5, 0x46, 0x86, 0xD2, 0x47, 0x86, 0xD5, 0x46, 0x86, 0xD2
	.byte 0x47, 0x86, 0xD5, 0x4E, 0x86, 0xD2, 0x50, 0x86, 0xD5, 0x4E, 0x86, 0xD2, 0x50, 0x86, 0xD5, 0x4B
	.byte 0x86, 0xD2, 0x4C, 0x86, 0xD5, 0x4B, 0x86, 0xD2, 0x4C, 0x86, 0xD5, 0x47, 0x86, 0xD2, 0x49, 0x86
	.byte 0xD5, 0x47, 0x86, 0xD2, 0x49, 0x86, 0xD5, 0x42, 0x86, 0xD2, 0x44, 0x86, 0xD5, 0x42, 0x86, 0xD2
	.byte 0x44, 0x86, 0xEB, 0x4D, 0x98, 0xC4, 0x0D, 0x8C, 0x01, 0x86, 0xD2, 0x4E, 0x86, 0xDB, 0x4A, 0x92
	.byte 0xD2, 0x4D, 0x86, 0xDB, 0x50, 0x92, 0xD2, 0x52, 0x86, 0xD5, 0x4D, 0x86, 0xD2, 0x4E, 0x83, 0x4F
	.byte 0x83, 0x50, 0x83, 0x51, 0x83, 0x52, 0x83, 0x53, 0x83, 0xDB, 0x52, 0x8C, 0xD2, 0x51, 0x83, 0xF1
	.byte 0x52, 0x9B, 0x81, 0xC4, 0x0D, 0x95, 0x01, 0x83, 0xD3, 0x42, 0x88, 0x44, 0x88, 0x47, 0x88, 0xD3
	.byte 0x88, 0x44, 0x88, 0x42, 0x88, 0x3F, 0x88, 0x40, 0x88, 0x41, 0x88, 0xE7, 0x42, 0x98, 0xEB, 0x41
	.byte 0x98, 0xC4, 0x07, 0x8C, 0x01, 0xD2, 0x42, 0x83, 0x41, 0x83, 0x40, 0x83, 0x3F, 0x83, 0xEF, 0x3E
	.byte 0x98, 0xC4, 0x07, 0x98, 0x01, 0xD3, 0x40, 0x88, 0x41, 0x88, 0x43, 0x88, 0xD3, 0x88, 0x41, 0x88
	.byte 0x40, 0x88, 0x3D, 0x88, 0x3E, 0x88, 0x3F, 0x88, 0xE7, 0x40, 0x98, 0xEB, 0x3F, 0x98, 0xC4, 0x05
	.byte 0x8C, 0x01, 0xD2, 0x40, 0x83, 0x41, 0x83, 0x42, 0x83, 0x43, 0x83, 0xEF, 0x44, 0x98, 0xC4, 0x07
	.byte 0x98, 0x01, 0xB0, 0xB0, 0xB0, 0xB0, 0xB0, 0xB0, 0xB0, 0xB0, 0xB0, 0xB0, 0xB0, 0xB0, 0xD5, 0x3A
	.byte 0x86, 0x3E, 0x86, 0x40, 0x86, 0xD2, 0x46, 0x83, 0x47, 0x83, 0xEF, 0x46, 0x98, 0xC4, 0x0B, 0x98
	.byte 0x01, 0xD2, 0x45, 0x83, 0x44, 0x40, 0x83, 0x43, 0x83, 0x42, 0x30, 0x8F, 0xB0, 0xB2, 0x97, 0xBD
	.byte 0x8A, 0x08, 0xB1, 0x0A, 0x00, 0x00, 0xB2, 0x94, 0x51, 0x61, 0x08, 0xB8, 0x9C, 0x8A, 0x08, 0x43
	.byte 0x9E, 0x8A, 0x08, 0x68, 0xA1, 0x8A, 0x08, 0x8C, 0xA3, 0x8A, 0x08, 0x1F, 0xA9, 0x8A, 0x08, 0x89
	.byte 0xAC, 0x8A, 0x08, 0xCE, 0xB1, 0x8A, 0x08, 0x8A, 0xB5, 0x8A, 0x08, 0xED, 0xB9, 0x8A, 0x08, 0x5D
	.byte 0xBD, 0x8A, 0x08, 0xBC, 0x00, 0xBB, 0x3A, 0xBD, 0x01, 0xC2, 0x2C, 0xBE, 0x57, 0xBF, 0x44, 0xC2
	.byte 0x2C, 0xC1, 0x0C, 0xBE, 0x60, 0xB0, 0xB0, 0xB0, 0xB0, 0xB0, 0xB0, 0xB0, 0xB0, 0xB0, 0xB0, 0xB0
	.byte 0xB0, 0xB0, 0xB0, 0xB0, 0xAC, 0xD5, 0x40, 0x40, 0x8C, 0xA4, 0x43, 0x98, 0xD5, 0x8C, 0x8C, 0x45
	.byte 0x98, 0xD5, 0x98, 0xD5, 0x8C, 0xE1, 0x40, 0x98, 0xB2, 0x0E, 0xBF, 0x8A, 0x08, 0xB1, 0xBE, 0x64
	.byte 0xBC, 0x00, 0xBD, 0x01, 0xC2, 0x2C, 0xC1, 0x0C, 0xB0, 0xAC, 0xD5, 0x4E, 0x40, 0x86, 0x4F, 0x86
	.byte 0x51, 0x8C, 0xD5, 0x8C, 0xD5, 0x86, 0x4F, 0x86, 0x4E, 0x86, 0x4F, 0x86, 0xE7, 0x51, 0x98, 0xD5
	.byte 0x56, 0x8C, 0x4C, 0x86, 0x4E, 0x86, 0x4F, 0x8C, 0xD5, 0x8C, 0xD5, 0x86, 0x4E, 0x86, 0x4C, 0x86
	.byte 0x4E, 0x86, 0xE7, 0x4F, 0x98, 0xD5, 0x55, 0x8C, 0x4A, 0x86, 0x4C, 0x86, 0x4E, 0x8C, 0xD5, 0x8C
	.byte 0xD5, 0x86, 0x4C, 0x86, 0x4A, 0x86, 0x4C, 0x86, 0x4E, 0x8C, 0x53, 0x8C, 0x56, 0x8C, 0x53, 0x8C
	.byte 0x4F, 0x98, 0x47, 0x8C, 0x4A, 0x8C, 0x49, 0x8C, 0x4A, 0x8C, 0x4C, 0x8C, 0x4E, 0x86, 0x4F, 0x86
	.byte 0x51, 0x8C, 0xD5, 0x8C, 0xD2, 0x83, 0x53, 0x83, 0xD5, 0x51, 0x86, 0x4E, 0x86, 0x4F, 0x86, 0xE7
	.byte 0x51, 0x98, 0xD5, 0x56, 0x8C, 0x4C, 0x86, 0x4E, 0x86, 0x4F, 0x8C, 0xD5, 0x8C, 0xD2, 0x83, 0x51
	.byte 0x83, 0xD5, 0x4F, 0x86, 0x4C, 0x86, 0x4E, 0x86, 0xE7, 0x4F, 0x98, 0xD5, 0x55, 0x8C, 0x4A, 0x86
	.byte 0x4C, 0x86, 0x4E, 0x8C, 0xD5, 0x8C, 0xD2, 0x83, 0x4F, 0x83, 0xD5, 0x4E, 0x86, 0x4A, 0x86, 0x4C
	.byte 0x86, 0x4E, 0x8C, 0x53, 0x8C, 0x55, 0x8C, 0x56, 0x8C, 0x58, 0x8C, 0x53, 0x8C, 0xD5, 0x86, 0x56
	.byte 0x86, 0xD2, 0x55, 0x83, 0x56, 0x83, 0xD5, 0x53, 0x86, 0x55, 0x8C, 0x56, 0x8C, 0x58, 0x98, 0x8C
	.byte 0xDB, 0x53, 0x8C, 0xD5, 0x55, 0x8C, 0x56, 0x8C, 0x55, 0x8C, 0x53, 0x8C, 0x51, 0x8C, 0x50, 0x8C
	.byte 0x51, 0x98, 0x53, 0x8C, 0x4C, 0x86, 0x53, 0x86, 0xEF, 0x55, 0x9C, 0xD5, 0x40, 0x8C, 0x8C, 0xDB
	.byte 0x53, 0x8C, 0xD5, 0x55, 0x8C, 0x56, 0x8C, 0x58, 0x8C, 0x43, 0xD5, 0x53, 0x8C, 0x55, 0x8C, 0x43
	.byte 0xD5, 0x56, 0x8C, 0x55, 0x98, 0x53, 0x8C, 0xD2, 0x55, 0x83, 0x56, 0x83, 0xD5, 0x53, 0x86, 0xEF
	.byte 0x51, 0xA0, 0x8C, 0xDB, 0x53, 0x8C, 0xD5, 0x55, 0x8C, 0x56, 0x8C, 0x55, 0x8C, 0xD2, 0x53, 0x83
	.byte 0x55, 0x83, 0xD5, 0x53, 0x86, 0x51, 0x8C, 0x50, 0x8C, 0x51, 0x86, 0x4C, 0x86, 0x51, 0x86, 0x53
	.byte 0x86, 0x55, 0x86, 0x51, 0x86, 0x55, 0x86, 0x56, 0x86, 0xEF, 0x58, 0xA0, 0x8C, 0xDB, 0x53, 0x8C
	.byte 0xD5, 0x55, 0x8C, 0x56, 0x8C, 0x58, 0x8C, 0xD2, 0x56, 0x83, 0x58, 0x83, 0xD5, 0x56, 0x86, 0x55
	.byte 0x8C, 0x53, 0x8C, 0x55, 0x8C, 0x51, 0x8C, 0xD5, 0x86, 0x50, 0x86, 0x51, 0x86, 0x53, 0x86, 0x55
	.byte 0x86, 0x53, 0x86, 0x55, 0x86, 0x56, 0x86, 0xE1, 0x58, 0x98, 0xB2, 0x4B, 0xBF, 0x8A, 0x08, 0xB1
	.byte 0xBE, 0x64, 0xBC, 0x00, 0xBD, 0x01, 0xC1, 0x0C, 0xC2, 0x2C, 0xC1, 0x0C, 0xC2, 0x2C, 0xD5, 0x32
	.byte 0x40, 0x8C, 0x39, 0x8C, 0x2D, 0x8C, 0x39, 0x8C, 0x2F, 0x8C, 0x39, 0x8C, 0x31, 0x8C, 0x39, 0x8C
	.byte 0xD5, 0x32, 0x40, 0x8C, 0x39, 0x8C, 0x2D, 0x8C, 0x39, 0x8C, 0x2F, 0x8C, 0x39, 0x8C, 0x31, 0x8C
	.byte 0x39, 0x8C, 0xB4, 0xB3, 0xC9, 0xC0, 0x8A, 0x08, 0xD5, 0x34, 0x40, 0x8C, 0x3B, 0x8C, 0x2F, 0x8C
	.byte 0x3B, 0x8C, 0x31, 0x8C, 0x3D, 0x8C, 0x2D, 0x8C, 0x3D, 0x8C, 0xB4, 0xD5, 0x2F, 0x40, 0x8C, 0x3B
	.byte 0x8C, 0x2E, 0x8C, 0x3B, 0x8C, 0x2D, 0x8C, 0x3B, 0x8C, 0x2C, 0x8C, 0x3B, 0x8C, 0xB4, 0xD5, 0x2B
	.byte 0x40, 0x8C, 0x3B, 0x8C, 0x2B, 0x8C, 0x3B, 0x8C, 0x2D, 0x8C, 0x3D, 0x8C, 0x2D, 0x8C, 0x3D, 0x8C
	.byte 0xB4, 0xB3, 0xC9, 0xC0, 0x8A, 0x08, 0xB3, 0xE1, 0xC0, 0x8A, 0x08, 0xB3, 0xF4, 0xC0, 0x8A, 0x08
	.byte 0xB3, 0x07, 0xC1, 0x8A, 0x08, 0xD5, 0x37, 0x40, 0x8C, 0x47, 0x8C, 0x32, 0x8C, 0x47, 0x8C, 0x37
	.byte 0x8C, 0x47, 0x8C, 0x32, 0x8C, 0x47, 0x8C, 0xB4, 0xD5, 0x39, 0x40, 0x8C, 0x40, 0x8C, 0x34, 0x8C
	.byte 0x40, 0x8C, 0x39, 0x8C, 0x40, 0x8C, 0x39, 0x8C, 0x38, 0x8C, 0xB4, 0xD5, 0x37, 0x40, 0x8C, 0x43
	.byte 0x8C, 0x34, 0x8C, 0x43, 0x8C, 0x37, 0x8C, 0x36, 0x8C, 0x37, 0x8C, 0x38, 0x8C, 0xB4, 0x39, 0x8C
	.byte 0x45, 0x8C, 0x34, 0x8C, 0x45, 0x8C, 0x39, 0x8C, 0x45, 0x8C, 0x34, 0x8C, 0x45, 0x8C, 0xB3, 0x2E
	.byte 0xC1, 0x8A, 0x08, 0xB3, 0x41, 0xC1, 0x8A, 0x08, 0xB3, 0x54, 0xC1, 0x8A, 0x08, 0xD5, 0x39, 0x40
	.byte 0x98, 0x34, 0x98, 0x39, 0x98, 0xDB, 0x2D, 0x8C, 0x31, 0x8C, 0xB2, 0xAD, 0xC0, 0x8A, 0x08, 0xB1
	.byte 0xBE, 0x64, 0xBC, 0x00, 0xBD, 0x01, 0xC2, 0x2C, 0xC1, 0x0C, 0x8C, 0xD5, 0x42, 0x40, 0x98, 0xD5
	.byte 0x98, 0xD5, 0x98, 0xD5, 0x8C, 0x8C, 0xD5, 0x42, 0x40, 0x98, 0xD5, 0x98, 0xD5, 0x98, 0xD5, 0x8C
	.byte 0xB4, 0xB3, 0xAE, 0xC1, 0x8A, 0x08, 0x8C, 0xD5, 0x43, 0x40, 0x98, 0xD5, 0x98, 0xD5, 0x98, 0xD5
	.byte 0x8C, 0xB4, 0xB3, 0xAE, 0xC1, 0x8A, 0x08, 0x8C, 0xD5, 0x43, 0x40, 0x98, 0xD5, 0x98, 0x45, 0x98
	.byte 0xD5, 0x8C, 0xB4, 0xB3, 0xAE, 0xC1, 0x8A, 0x08, 0xB3, 0xBF, 0xC1, 0x8A, 0x08, 0xB3, 0xAE, 0xC1
	.byte 0x8A, 0x08, 0xB3, 0xD0, 0xC1, 0x8A, 0x08, 0x8C, 0xD5, 0x4A, 0x40, 0x98, 0xD5, 0x98, 0xD5, 0x98
	.byte 0xD5, 0x8C, 0xB4, 0x8C, 0xD5, 0x49, 0x40, 0x98, 0xD5, 0x98, 0xD5, 0x98, 0xD5, 0x8C, 0xB4, 0x8C
	.byte 0xD5, 0x47, 0x40, 0x98, 0xD5, 0x98, 0xD5, 0x98, 0xD5, 0x8C, 0xB4, 0xB3, 0xFC, 0xC1, 0x8A, 0x08
	.byte 0xB3, 0xF0, 0xC1, 0x8A, 0x08, 0xB3, 0xFC, 0xC1, 0x8A, 0x08, 0xB3, 0x08, 0xC2, 0x8A, 0x08, 0x8C
	.byte 0xD5, 0x49, 0x40, 0x98, 0xD5, 0x98, 0xD5, 0x8C, 0xE1, 0x45, 0x98, 0xB2, 0x9D, 0xC1, 0x8A, 0x08
	.byte 0xB1, 0x00, 0x00, 0x04, 0x00, 0x00, 0xB2, 0x94, 0x57, 0x61, 0x08, 0x0C, 0xBF, 0x8A, 0x08, 0x47
	.byte 0xBF, 0x8A, 0x08, 0xA9, 0xC0, 0x8A, 0x08, 0x99, 0xC1, 0x8A, 0x08, 0xBC, 0x00, 0xBB, 0x3D, 0xBD
	.byte 0x7F, 0xC2, 0x2C, 0xC1, 0x0C, 0xBF, 0x40, 0xBE, 0x1E, 0x8C, 0xB0, 0xB0, 0xD1, 0x5C, 0x70, 0x88
	.byte 0x5C, 0x54, 0x84, 0x5C, 0x40, 0x84, 0x5C, 0x60, 0x88, 0x5C, 0x70, 0x90, 0x5C, 0x58, 0x88, 0x5C
	.byte 0x70, 0x88, 0x5C, 0x50, 0x88, 0x5C, 0x58, 0x88, 0x5C, 0x70, 0x90, 0x5C, 0x54, 0x88, 0xB4, 0xB3
	.byte 0x65, 0xC2, 0x8A, 0x08, 0xB3, 0x65, 0xC2, 0x8A, 0x08, 0xB3, 0x65, 0xC2, 0x8A, 0x08, 0xB3, 0x65
	.byte 0xC2, 0x8A, 0x08, 0xB3, 0x65, 0xC2, 0x8A, 0x08, 0xB3, 0x65, 0xC2, 0x8A, 0x08, 0xB3, 0x65, 0xC2
	.byte 0x8A, 0x08, 0xB3, 0x65, 0xC2, 0x8A, 0x08, 0xB3, 0x65, 0xC2, 0x8A, 0x08, 0xB3, 0x65, 0xC2, 0x8A
	.byte 0x08, 0xB3, 0x65, 0xC2, 0x8A, 0x08, 0xB3, 0x65, 0xC2, 0x8A, 0x08, 0xB3, 0x65, 0xC2, 0x8A, 0x08
	.byte 0xB3, 0x65, 0xC2, 0x8A, 0x08, 0xB3, 0x65, 0xC2, 0x8A, 0x08, 0xB2, 0x63, 0xC2, 0x8A, 0x08, 0xB1
	.byte 0xBC, 0x00, 0xC2, 0x2C, 0xC1, 0x0C, 0xBF, 0x40, 0xBE, 0x31, 0x8C, 0xBD, 0x38, 0xBE, 0x4E, 0xD3
	.byte 0x45, 0x74, 0x88, 0x44, 0x88, 0x43, 0x88, 0x3D, 0x88, 0x3E, 0x88, 0x3F, 0x88, 0x3D, 0x88, 0x42
	.byte 0x88, 0x40, 0x88, 0x36, 0x88, 0x37, 0x88, 0x38, 0x88, 0x39, 0x88, 0x35, 0x88, 0x34, 0x88, 0x33
	.byte 0x88, 0x39, 0x88, 0x38, 0x88, 0x37, 0x88, 0x3C, 0x88, 0x3B, 0x88, 0x3A, 0x88, 0x42, 0x88, 0x44
	.byte 0x88, 0xBE, 0x31, 0xB0, 0xB0, 0xB0, 0xB0, 0xB0, 0xB0, 0xB0, 0xB0, 0xB0, 0xB0, 0xB0, 0xAF, 0xBD
	.byte 0x0E, 0x84, 0xBE, 0x39, 0xEC, 0x51, 0x70, 0xA0, 0x4E, 0xA0, 0x4F, 0xA0, 0x4C, 0xA0, 0x4F, 0xA0
	.byte 0x4A, 0xA0, 0xE7, 0x54, 0x98, 0x52, 0x98, 0x51, 0x98, 0x4F, 0x98, 0xB2, 0xE4, 0xC2, 0x8A, 0x08
	.byte 0xBE, 0x2F, 0xB1, 0xBC, 0x00, 0xC1, 0x0C, 0xC2, 0x2C, 0xC1, 0x0C, 0xC2, 0x2C, 0xBF, 0x4E, 0xBE
	.byte 0x28, 0x8C, 0xBD, 0x3C, 0xB0, 0xB0, 0xA0, 0xD3, 0x3E, 0x70, 0x88, 0x39, 0x88, 0x3E, 0x88, 0xF7
	.byte 0x40, 0x98, 0xA0, 0xD3, 0x42, 0x88, 0x3E, 0x88, 0x42, 0x88, 0x4A, 0x88, 0x48, 0x88, 0x47, 0x88
	.byte 0x43, 0x88, 0x3C, 0xD3, 0x40, 0x88, 0x43, 0x88, 0xEF, 0x48, 0xA0, 0xD3, 0x47, 0x90, 0x48, 0x88
	.byte 0xEA, 0x45, 0x9B, 0xD3, 0x41, 0x88, 0x43, 0x88, 0xEC, 0x45, 0x9D, 0xD3, 0x42, 0x88, 0xA0, 0x4E
	.byte 0x90, 0x51, 0x88, 0xF2, 0x4F, 0x98, 0x9B, 0xD3, 0x4E, 0x88, 0x4C, 0x88, 0xE7, 0x4E, 0x98, 0x4A
	.byte 0x98, 0xD3, 0x45, 0x8C, 0x48, 0x8C, 0xE7, 0x4C, 0x98, 0xD3, 0x48, 0x90, 0x4C, 0x88, 0xE7, 0x4F
	.byte 0x98, 0xD3, 0x4C, 0x88, 0x48, 0x88, 0x4F, 0x88, 0xD3, 0x90, 0xD3, 0x88, 0x54, 0x88, 0xD3, 0x84
	.byte 0xD3, 0x84, 0xD3, 0x88, 0xD3, 0x88, 0x4F, 0x88, 0x54, 0x88, 0xB0, 0xB0, 0xB0, 0xB0, 0xB0, 0xB0
	.byte 0xB0, 0xB0, 0xB2, 0x5B, 0xC3, 0x8A, 0x08, 0xB1, 0xBC, 0x00, 0xBD, 0x2F, 0xC2, 0x2C, 0xC1, 0x0C
	.byte 0xBF, 0x33, 0xBE, 0x48, 0xD3, 0x39, 0x70, 0x84, 0xD3, 0x84, 0xD3, 0x84, 0xDB, 0x34, 0x70, 0x9B
	.byte 0xD3, 0x39, 0x88, 0x34, 0x88, 0xD7, 0x2D, 0x9B, 0xD3, 0x88, 0x2D, 0x54, 0x88, 0xDB, 0x34, 0x70
	.byte 0x90, 0xD3, 0x34, 0x5C, 0x90, 0x34, 0x4C, 0x88, 0x34, 0x58, 0x88, 0x34, 0x60, 0x88, 0x39, 0x70
	.byte 0x84, 0x39, 0x54, 0x84, 0x39, 0x60, 0x88, 0x39, 0x70, 0x88, 0x34, 0x88, 0x2D, 0x60, 0x88, 0xD7
	.byte 0x32, 0x70, 0x90, 0xD3, 0x2D, 0x88, 0xE7, 0x39, 0xA3, 0xD7, 0x45, 0x88, 0xD7, 0x88, 0xD7, 0x32
	.byte 0x70, 0x90, 0xD3, 0x2D, 0x88, 0xE7, 0x39, 0xA4, 0xD3, 0x45, 0x40, 0x84, 0x45, 0x58, 0x84, 0x45
	.byte 0x70, 0x84, 0xB4, 0xE7, 0x39, 0x70, 0x98, 0xD3, 0x32, 0x3C, 0x88, 0x32, 0x4C, 0x88, 0x32, 0x50
	.byte 0x88, 0x32, 0x54, 0x88, 0x32, 0x58, 0x88, 0x32, 0x70, 0x88, 0x3C, 0x4C, 0x88, 0x3C, 0x44, 0x84
	.byte 0x3C, 0x50, 0x84, 0x3C, 0x58, 0x84, 0x3C, 0x70, 0x84, 0xB4, 0xD5, 0x3E, 0x88, 0xD3, 0x32, 0x90
	.byte 0x45, 0x4C, 0x88, 0x45, 0x58, 0x88, 0x45, 0x70, 0x88, 0xD3, 0x88, 0xD7, 0x39, 0x90, 0xD3, 0x39
	.byte 0x30, 0x84, 0x39, 0x40, 0x84, 0x39, 0x4C, 0x84, 0x39, 0x60, 0x84, 0x39, 0x7F, 0x84, 0xD3, 0x84
	.byte 0xD7, 0x39, 0x70, 0x90, 0xD3, 0x2D, 0x88, 0xE7, 0x39, 0xA3, 0xD7, 0x45, 0x88, 0xD7, 0x88, 0xB3
	.byte 0x37, 0xC4, 0x8A, 0x08, 0xB3, 0x4C, 0xC4, 0x8A, 0x08, 0xD5, 0x3E, 0x70, 0x88, 0xD7, 0x32, 0x90
	.byte 0xD3, 0x45, 0x4C, 0x90, 0x45, 0x70, 0x88, 0x3E, 0x88, 0x3E, 0x4C, 0x84, 0xD3, 0x84, 0x3E, 0x50
	.byte 0x88, 0x3E, 0x70, 0x88, 0x32, 0x88, 0x39, 0x88, 0xDF, 0x32, 0x6C, 0x9D, 0xD3, 0x2D, 0x54, 0x88
	.byte 0xDB, 0x32, 0x70, 0x9D, 0xD3, 0x2D, 0x50, 0x84, 0xD3, 0x84, 0xDB, 0x30, 0x70, 0xA3, 0xD3, 0x30
	.byte 0x6C, 0x88, 0x2B, 0x58, 0x88, 0xD7, 0x30, 0x70, 0x90, 0xD3, 0x2B, 0x50, 0x88, 0xB4, 0xDB, 0x2F
	.byte 0x70, 0xA5, 0xD3, 0x2A, 0x54, 0x84, 0x2A, 0x5C, 0x84, 0xD7, 0x2F, 0x70, 0x90, 0xD3, 0x2F, 0x60
	.byte 0x88, 0xB4, 0x88, 0x35, 0x54, 0x88, 0x35, 0x48, 0x88, 0xDB, 0x2E, 0x70, 0x90, 0xD3, 0x2E, 0x50
	.byte 0x90, 0x37, 0x54, 0x88, 0x37, 0x5C, 0x88, 0x39, 0x70, 0x88, 0xD3, 0x84, 0x39, 0x5C, 0x84, 0xD7
	.byte 0x32, 0x88, 0xDF, 0x39, 0x6C, 0x9D, 0xD3, 0x2D, 0x54, 0x88, 0xDB, 0x32, 0x70, 0x9D, 0xD3, 0x2D
	.byte 0x50, 0x84, 0xD3, 0x84, 0xB3, 0xE3, 0xC4, 0x8A, 0x08, 0xB3, 0xF7, 0xC4, 0x8A, 0x08, 0x88, 0xD3
	.byte 0x35, 0x54, 0x88, 0x35, 0x48, 0x88, 0xDB, 0x2E, 0x70, 0x90, 0xD3, 0x2E, 0x50, 0x90, 0x37, 0x54
	.byte 0x88, 0x37, 0x5C, 0x88, 0x37, 0x70, 0x88, 0xD3, 0x84, 0x37, 0x5C, 0x84, 0x30, 0x84, 0x30, 0x70
	.byte 0x84, 0xB2, 0xF5, 0xC3, 0x8A, 0x08, 0xB1, 0xBC, 0x00, 0xC2, 0x2C, 0xC1, 0x0C, 0xBE, 0x3C, 0xBF
	.byte 0x40, 0x8C, 0xBD, 0x30, 0xD7, 0x51, 0x70, 0x88, 0xD3, 0x84, 0x50, 0x84, 0x51, 0x88, 0xD3, 0x88
	.byte 0x50, 0x88, 0x51, 0x88, 0xD7, 0x53, 0x88, 0xD3, 0x51, 0x88, 0xD3, 0x88, 0xD3, 0x88, 0x50, 0x88
	.byte 0x51, 0x88, 0xD7, 0x54, 0x88, 0xD3, 0x51, 0x84, 0x50, 0x84, 0x51, 0x88, 0xD3, 0x88, 0x53, 0x88
	.byte 0x54, 0x88, 0xD7, 0x55, 0x88, 0xD3, 0x84, 0x54, 0x84, 0x55, 0x88, 0xD3, 0x88, 0x56, 0x88, 0x58
	.byte 0x86, 0xD1, 0x4B, 0x60, 0x82, 0xBE, 0x3F, 0xD7, 0x4A, 0x70, 0x88, 0xD3, 0x45, 0x88, 0x4A, 0x88
	.byte 0xEF, 0x4C, 0x98, 0xC4, 0x07, 0x84, 0xBE, 0x36, 0x84, 0x31, 0x84, 0x28, 0x84, 0x1C, 0x84, 0x14
	.byte 0x84, 0xC4, 0x00, 0xBE, 0x3F, 0x98, 0xD7, 0x4A, 0x88, 0xD3, 0x45, 0x88, 0x4A, 0x88, 0xEF, 0x4C
	.byte 0x98, 0xC4, 0x07, 0x84, 0xBE, 0x36, 0x84, 0x31, 0x84, 0x28, 0x84, 0x1C, 0x84, 0x14, 0x84, 0xC4
	.byte 0x00, 0xBE, 0x3F, 0xD3, 0x4F, 0x88, 0x4E, 0x88, 0x4C, 0x88, 0xD7, 0x48, 0x88, 0xD3, 0x43, 0x88
	.byte 0x48, 0x88, 0xEF, 0x4A, 0x98, 0xC4, 0x07, 0x84, 0xBE, 0x36, 0x84, 0x31, 0x84, 0x28, 0x84, 0x1C
	.byte 0x84, 0x14, 0x84, 0xC4, 0x00, 0xBE, 0x3F, 0x96, 0xD1, 0x49, 0x60, 0x82, 0xD3, 0x48, 0x70, 0x88
	.byte 0x43, 0x88, 0x48, 0x88, 0xEF, 0x4D, 0x98, 0xC4, 0x07, 0x84, 0xBE, 0x36, 0x84, 0x31, 0x84, 0x28
	.byte 0x84, 0x1C, 0x84, 0x14, 0x84, 0xC4, 0x00, 0xBE, 0x3F, 0xD3, 0x4C, 0x90, 0xBD, 0x38, 0xD3, 0x48
	.byte 0x84, 0xBE, 0x4C, 0x82, 0xD1, 0x57, 0x60, 0x82, 0xD3, 0x56, 0x70, 0x88, 0x51, 0x88, 0x56, 0x88
	.byte 0xEF, 0x58, 0x98, 0xC4, 0x07, 0x84, 0xBE, 0x44, 0x84, 0x3E, 0x84, 0x31, 0x84, 0x23, 0x84, 0x18
	.byte 0x84, 0xC4, 0x00, 0xBE, 0x4E, 0x98, 0xD7, 0x56, 0x88, 0xD3, 0x51, 0x88, 0x56, 0x88, 0xEF, 0x58
	.byte 0x98, 0xC4, 0x07, 0x84, 0xBE, 0x44, 0x84, 0x3E, 0x84, 0x31, 0x84, 0x23, 0x84, 0x18, 0x84, 0xC4
	.byte 0x00, 0xBE, 0x4E, 0xD3, 0x5B, 0x88, 0x5A, 0x88, 0x58, 0x88, 0xD7, 0x54, 0x88, 0xD3, 0x4F, 0x88
	.byte 0x54, 0x88, 0xEF, 0x56, 0x98, 0xC4, 0x07, 0x84, 0xBE, 0x44, 0x84, 0x3E, 0x84, 0x31, 0x84, 0x23
	.byte 0x84, 0x18, 0x84, 0xC4, 0x00, 0xBE, 0x4E, 0x98, 0xD3, 0x54, 0x88, 0x4F, 0x88, 0x54, 0x88, 0xD3
	.byte 0x90, 0xD3, 0x88, 0x58, 0x88, 0xD3, 0x84, 0xD3, 0x84, 0xD3, 0x88, 0xD3, 0x88, 0x54, 0x88, 0x58
	.byte 0x84, 0xBD, 0x18, 0x84, 0xBE, 0x44, 0xD3, 0x4E, 0x88, 0x4F, 0x88, 0x51, 0x88, 0xEF, 0x56, 0x98
	.byte 0xC4, 0x07, 0x84, 0xBE, 0x44, 0x84, 0x3E, 0x84, 0x31, 0x84, 0x23, 0x84, 0x18, 0x84, 0xC4, 0x00
	.byte 0xBE, 0x45, 0xDF, 0x4E, 0x90, 0xD3, 0x4F, 0x88, 0xEA, 0x51, 0x9B, 0xD3, 0x4F, 0x88, 0x4E, 0x88
	.byte 0xE7, 0x4F, 0x98, 0x4A, 0x98, 0xEA, 0x53, 0x9B, 0xD3, 0x51, 0x88, 0x4F, 0x88, 0xE7, 0x4A, 0x98
	.byte 0x4C, 0x98, 0xD3, 0x4D, 0x88, 0x4A, 0x88, 0x46, 0x88, 0x41, 0x88, 0x46, 0x88, 0x4A, 0x88, 0x4F
	.byte 0x84, 0x4C, 0x84, 0x48, 0x84, 0x43, 0x84, 0x40, 0x84, 0x3C, 0x84, 0x40, 0x84, 0x43, 0x84, 0x48
	.byte 0x84, 0x4C, 0x84, 0x4F, 0x84, 0x54, 0x84, 0xBD, 0x30, 0xBE, 0x36, 0xD3, 0x4E, 0x88, 0x4F, 0x88
	.byte 0x51, 0x88, 0xD7, 0x56, 0x88, 0xD3, 0x58, 0x88, 0x56, 0x88, 0xE7, 0x51, 0x98, 0xD3, 0x4E, 0x90
	.byte 0x51, 0x88, 0xEA, 0x9B, 0xD3, 0x4F, 0x88, 0x4E, 0x88, 0xD1, 0x50, 0x58, 0x82, 0xE5, 0x4F, 0x70
	.byte 0x96, 0xE7, 0x4A, 0x98, 0xD3, 0x53, 0x90, 0x55, 0x88, 0xEF, 0x56, 0x98, 0xC4, 0x07, 0x84, 0xBE
	.byte 0x2F, 0x84, 0x2C, 0x84, 0x25, 0x84, 0x1C, 0x84, 0x18, 0x84, 0xC4, 0x00, 0xBE, 0x36, 0xD7, 0x58
	.byte 0x98, 0xD3, 0x59, 0x88, 0x5D, 0x88, 0x5B, 0x88, 0x56, 0x88, 0x59, 0x88, 0x58, 0x88, 0x54, 0x88
	.byte 0x58, 0x88, 0x56, 0x88, 0x51, 0x88, 0x58, 0x88, 0x5D, 0x88, 0xB2, 0x7B, 0xC5, 0x8A, 0x08, 0xB1
	.byte 0xBC, 0x00, 0xC2, 0x2C, 0xCD, 0x08, 0x12, 0x08, 0x10, 0xC1, 0x0C, 0xBF, 0x03, 0xBE, 0x21, 0x8C
	.byte 0xBD, 0x50, 0xD7, 0x45, 0x70, 0x88, 0xD3, 0x84, 0x44, 0x84, 0x45, 0x88, 0xD3, 0x88, 0x44, 0x88
	.byte 0x45, 0x88, 0xD7, 0x47, 0x88, 0xD3, 0x45, 0x88, 0xD3, 0x88, 0xD3, 0x88, 0x44, 0x88, 0x45, 0x88
	.byte 0xD7, 0x48, 0x88, 0xD3, 0x45, 0x84, 0x44, 0x84, 0x45, 0x88, 0xD3, 0x88, 0x47, 0x88, 0x48, 0x88
	.byte 0xD7, 0x49, 0x88, 0xD3, 0x84, 0x48, 0x84, 0x49, 0x88, 0xD3, 0x88, 0x4A, 0x88, 0x4C, 0x88, 0x39
	.byte 0x2C, 0x88, 0xD1, 0x3E, 0x70, 0x84, 0xD3, 0x3D, 0x84, 0xD1, 0x3E, 0x88, 0xD1, 0x98, 0xD5, 0x42
	.byte 0x88, 0xD1, 0x84, 0xD1, 0x84, 0xD1, 0x88, 0xD1, 0x88, 0xD1, 0x88, 0xD1, 0x88, 0xD3, 0x39, 0x34
	.byte 0x88, 0xD1, 0x3E, 0x70, 0x84, 0xD1, 0x84, 0xD1, 0x88, 0xD1, 0x90, 0xD1, 0x88, 0xD5, 0x42, 0x88
	.byte 0xD1, 0x84, 0xD1, 0x84, 0xD1, 0x88, 0xD1, 0x88, 0xD5, 0x88, 0xD1, 0x88, 0xD3, 0x39, 0x2C, 0x88
	.byte 0xD1, 0x3E, 0x70, 0x84, 0xD3, 0x3D, 0x84, 0xD1, 0x3E, 0x88, 0xD1, 0x98, 0xD5, 0x42, 0x88, 0xD1
	.byte 0x84, 0xD1, 0x84, 0xD1, 0x88, 0xD1, 0x88, 0xD5, 0x41, 0x88, 0xD1, 0x42, 0x88, 0xD3, 0x35, 0x34
	.byte 0x88, 0xD1, 0x3C, 0x70, 0x84, 0xD1, 0x84, 0xD1, 0x88, 0xD1, 0x90, 0xD1, 0x88, 0xD5, 0x41, 0x88
	.byte 0xD1, 0x84, 0xD1, 0x84, 0xD1, 0x88, 0xD1, 0x88, 0xD5, 0x40, 0x88, 0xD1, 0x41, 0x88, 0xA0, 0xD3
	.byte 0x3E, 0x88, 0x40, 0x88, 0x42, 0x88, 0xD7, 0x45, 0x88, 0xD3, 0x47, 0x88, 0x45, 0x88, 0xE7, 0x42
	.byte 0x9B, 0xD3, 0x40, 0x88, 0x3E, 0x88, 0xD3, 0x90, 0x42, 0x88, 0xF2, 0x45, 0x98, 0x9B, 0xD7, 0x43
	.byte 0x88, 0x42, 0x88, 0xEF, 0x40, 0xA0, 0xD3, 0x3E, 0x88, 0xD3, 0x90, 0xD3, 0x90, 0xD3, 0x88, 0x48
	.byte 0x88, 0xD3, 0x84, 0xD3, 0x84, 0xD3, 0x88, 0xD3, 0x88, 0x43, 0x88, 0x48, 0x88, 0xD3, 0x62, 0x70
	.byte 0x88, 0xD3, 0x84, 0x61, 0x84, 0x62, 0x84, 0xBF, 0x7F, 0x84, 0xD3, 0x88, 0xD3, 0x88, 0xD3, 0x88
	.byte 0xD3, 0x88, 0xD3, 0x84, 0x61, 0x84, 0x62, 0x84, 0xBF, 0x03, 0x84, 0xD3, 0x88, 0xD3, 0x88, 0xD3
	.byte 0x88, 0xB4, 0xB3, 0xA6, 0xC8, 0x8A, 0x08, 0xB3, 0xA6, 0xC8, 0x8A, 0x08, 0xB3, 0xA6, 0xC8, 0x8A
	.byte 0x08, 0xD3, 0x5D, 0x70, 0x88, 0x5B, 0x88, 0x5A, 0x84, 0xBF, 0x7F, 0x84, 0xD3, 0x5B, 0x88, 0x5A
	.byte 0x88, 0x58, 0x88, 0x5A, 0x88, 0x58, 0x88, 0x56, 0x84, 0xBF, 0x03, 0x84, 0xD3, 0x58, 0x88, 0x56
	.byte 0x88, 0x51, 0x88, 0x5D, 0x88, 0x5B, 0x88, 0x5A, 0x84, 0xBF, 0x7F, 0x84, 0xD3, 0x5B, 0x88, 0x5A
	.byte 0x88, 0x58, 0x88, 0x5A, 0x88, 0x58, 0x88, 0x56, 0x84, 0xBF, 0x03, 0x84, 0xD3, 0x58, 0x88, 0x56
	.byte 0x88, 0x54, 0x88, 0x5F, 0x88, 0x5D, 0x88, 0x5B, 0x84, 0xBF, 0x7F, 0x84, 0xD3, 0x5D, 0x88, 0x5B
	.byte 0x88, 0x5A, 0x88, 0x5B, 0x88, 0x5A, 0x88, 0x58, 0x84, 0xBF, 0x03, 0x84, 0xD3, 0x53, 0x88, 0x56
	.byte 0x88, 0x5F, 0x88, 0x41, 0x84, 0x45, 0x84, 0x48, 0x84, 0x4D, 0x84, 0x51, 0x84, 0xBF, 0x7F, 0xD3
	.byte 0x54, 0x84, 0x59, 0x84, 0x56, 0x84, 0x52, 0x84, 0x4D, 0x84, 0x52, 0x84, 0x4D, 0x84, 0x43, 0x84
	.byte 0x48, 0x84, 0x4C, 0x84, 0x4F, 0x84, 0x54, 0x84, 0xBF, 0x03, 0xD3, 0x58, 0x84, 0x5B, 0x84, 0x56
	.byte 0x84, 0x53, 0x84, 0x56, 0x84, 0x53, 0x84, 0x4F, 0x84, 0xB2, 0xA9, 0xC7, 0x8A, 0x08, 0xB1, 0xBC
	.byte 0x00, 0xC2, 0x2C, 0xCD, 0x08, 0x12, 0x08, 0x10, 0xC1, 0x0C, 0xBF, 0x7F, 0xBE, 0x21, 0x8C, 0xBD
	.byte 0x51, 0xBE, 0x24, 0xBF, 0x7F, 0xD7, 0x4C, 0x70, 0x88, 0xD3, 0x84, 0x4B, 0x84, 0x4C, 0x88, 0xD3
	.byte 0x88, 0x4B, 0x88, 0x4C, 0x88, 0xD7, 0x88, 0xD3, 0x88, 0xD3, 0x88, 0xD3, 0x88, 0x4B, 0x88, 0x4C
	.byte 0x88, 0xD7, 0x88, 0xD3, 0x84, 0x4B, 0x84, 0x4C, 0x88, 0xD3, 0x88, 0xD3, 0x88, 0xD3, 0x88, 0xD7
	.byte 0x51, 0x88, 0xD3, 0x84, 0x50, 0x84, 0x51, 0x88, 0xD3, 0x88, 0xD3, 0x88, 0xD3, 0x88, 0x42, 0x2C
	.byte 0x88, 0xD1, 0x45, 0x70, 0x84, 0xD3, 0x44, 0x84, 0xD1, 0x45, 0x88, 0xD1, 0x98, 0xD5, 0x4A, 0x88
	.byte 0xD1, 0x84, 0xD1, 0x84, 0xD1, 0x88, 0xD1, 0x88, 0xD1, 0x88, 0xD1, 0x88, 0xD3, 0x42, 0x34, 0x88
	.byte 0xD1, 0x45, 0x70, 0x84, 0xD1, 0x84, 0xD1, 0x88, 0xD1, 0x90, 0xD1, 0x88, 0xD5, 0x4A, 0x88, 0xD1
	.byte 0x84, 0xD1, 0x84, 0xD1, 0x88, 0xD1, 0x88, 0xD5, 0x49, 0x88, 0xD1, 0x4A, 0x88, 0xD3, 0x42, 0x2C
	.byte 0x88, 0xD1, 0x45, 0x70, 0x84, 0xD3, 0x44, 0x84, 0xD1, 0x45, 0x88, 0xD1, 0x98, 0xD5, 0x4A, 0x88
	.byte 0xD1, 0x84, 0xD1, 0x84, 0xD1, 0x88, 0xD1, 0x88, 0xD5, 0x49, 0x88, 0xD1, 0x4A, 0x88, 0xD3, 0x3C
	.byte 0x34, 0x88, 0xD1, 0x41, 0x70, 0x84, 0xD1, 0x84, 0xD1, 0x88, 0xD1, 0x90, 0xD1, 0x88, 0xD5, 0x48
	.byte 0x88, 0xD1, 0x84, 0xD1, 0x84, 0xD1, 0x88, 0xD1, 0x88, 0xD5, 0x47, 0x88, 0xD1, 0x48, 0x88, 0xA0
	.byte 0xD3, 0x42, 0x88, 0x43, 0x88, 0x45, 0x88, 0xD7, 0x4A, 0x88, 0xD3, 0x4C, 0x88, 0x4A, 0x88, 0xE7
	.byte 0x45, 0x9B, 0xD3, 0x43, 0x88, 0x42, 0x88, 0x45, 0x90, 0x4A, 0x88, 0xF2, 0x4E, 0x98, 0x9B, 0xD7
	.byte 0x4C, 0x88, 0x4A, 0x88, 0xEF, 0x48, 0xA0, 0xD3, 0x45, 0x88, 0xD3, 0x90, 0xD3, 0x90, 0xD3, 0x88
	.byte 0x4C, 0x88, 0xD3, 0x84, 0xD3, 0x84, 0xD3, 0x88, 0xD3, 0x88, 0x48, 0x88, 0x4C, 0x84, 0xBF, 0x40
	.byte 0x84, 0xBE, 0x32, 0xDF, 0x32, 0x98, 0x32, 0x58, 0x90, 0xD3, 0x2D, 0x70, 0x88, 0x32, 0x60, 0x88
	.byte 0xDB, 0x32, 0x70, 0x90, 0xDF, 0x32, 0x54, 0x90, 0xD3, 0x2D, 0x70, 0x88, 0xDF, 0x30, 0x70, 0x98
	.byte 0xD7, 0x30, 0x58, 0x90, 0xD3, 0x2B, 0x70, 0x90, 0x30, 0x88, 0xD3, 0x88, 0xD7, 0x30, 0x54, 0x90
	.byte 0xD3, 0x2B, 0x70, 0x88, 0xB4, 0xDF, 0x2F, 0x70, 0x98, 0xD7, 0x2F, 0x58, 0x90, 0xD3, 0x2A, 0x70
	.byte 0x88, 0x2F, 0x88, 0xDB, 0x90, 0xD7, 0x2F, 0x54, 0x90, 0xD3, 0x2A, 0x70, 0x88, 0xB4, 0x88, 0xD3
	.byte 0x2E, 0x70, 0x88, 0xD3, 0x88, 0xDB, 0x90, 0xD3, 0x29, 0x90, 0x30, 0x88, 0xD3, 0x88, 0xDB, 0x90
	.byte 0xD3, 0x2B, 0x88, 0xB4, 0xDF, 0x32, 0x98, 0x32, 0x58, 0x90, 0xD3, 0x2D, 0x70, 0x88, 0x32, 0x60
	.byte 0x88, 0xDB, 0x32, 0x70, 0x90, 0xDF, 0x32, 0x54, 0x90, 0xD3, 0x2D, 0x70, 0x88, 0xB3, 0xA5, 0xCA
	.byte 0x8A, 0x08, 0xB3, 0xBE, 0xCA, 0x8A, 0x08, 0xB3, 0xD7, 0xCA, 0x8A, 0x08, 0xB2, 0x88, 0xC9, 0x8A
	.byte 0x08, 0xB1, 0xBC, 0x00, 0xBD, 0x00, 0xBF, 0x40, 0xBE, 0x2C, 0x8C, 0xEF, 0x39, 0x70, 0xA0, 0x39
	.byte 0x5C, 0xA0, 0xE7, 0x39, 0x58, 0x98, 0x39, 0x78, 0xA8, 0xEF, 0x39, 0x70, 0xB0, 0xB0, 0xB0, 0xEF
	.byte 0xB0, 0xEF, 0xB0, 0xB0, 0xB0, 0xB0, 0xEF, 0xB0, 0xB0, 0xB0, 0xB0, 0xB0, 0xB0, 0xB0, 0xB0, 0xB2
	.byte 0x24, 0xCB, 0x8A, 0x08, 0xB1, 0xBC, 0x00, 0xC2, 0x2C, 0xCD, 0x08, 0x12, 0x08, 0x10, 0xC1, 0x0C
	.byte 0xBF, 0x40, 0xBE, 0x32, 0x8C, 0xBD, 0x52, 0xBE, 0x43, 0xDB, 0x2D, 0x70, 0x9B, 0xD3, 0x2D, 0x58
	.byte 0x88, 0xD3, 0x88, 0xD7, 0x2D, 0x70, 0x9B, 0xD3, 0x2D, 0x50, 0x88, 0xD3, 0x88, 0xD7, 0x2D, 0x70
	.byte 0x90, 0xD3, 0x2D, 0x60, 0x90, 0x2D, 0x70, 0x88, 0x2D, 0x54, 0x88, 0x2D, 0x5C, 0x88, 0xDB, 0x2D
	.byte 0x60, 0x90, 0x2D, 0x70, 0x90, 0xD3, 0x88, 0xD5, 0x32, 0x70, 0x88, 0xD1, 0x84, 0xD3, 0x31, 0x84
	.byte 0xD1, 0x32, 0x88, 0xD3, 0x88, 0xD1, 0x88, 0xD1, 0x90, 0xD3, 0x88, 0x2D, 0x88, 0x32, 0x88, 0x39
	.byte 0x88, 0xD1, 0x32, 0x84, 0xD1, 0x84, 0xB4, 0xD5, 0x32, 0x70, 0x88, 0xD1, 0x84, 0xD3, 0x31, 0x84
	.byte 0xD1, 0x32, 0x88, 0xD3, 0x88, 0xD1, 0x88, 0xD1, 0x90, 0xD3, 0x88, 0x2D, 0x90, 0x39, 0x88, 0xD1
	.byte 0x32, 0x84, 0xD1, 0x84, 0xB4, 0xD5, 0x88, 0xD1, 0x84, 0xD3, 0x31, 0x84, 0xD1, 0x32, 0x88, 0xEA
	.byte 0x3E, 0x5C, 0x9B, 0xD3, 0x32, 0x70, 0x88, 0x2D, 0x88, 0x39, 0x90, 0x32, 0x88, 0xD5, 0x88, 0xD1
	.byte 0x84, 0xD3, 0x31, 0x84, 0xD1, 0x32, 0x88, 0xD3, 0x88, 0xD1, 0x88, 0xD1, 0x90, 0xD3, 0x88, 0x2D
	.byte 0x88, 0x32, 0x88, 0x39, 0x88, 0x32, 0x88, 0xB3, 0x90, 0xCB, 0x8A, 0x08, 0xB3, 0xB0, 0xCB, 0x8A
	.byte 0x08, 0xD5, 0x32, 0x70, 0x88, 0xD1, 0x84, 0xD3, 0x31, 0x84, 0xD1, 0x32, 0x88, 0xEA, 0x3E, 0x50
	.byte 0x9B, 0xD3, 0x32, 0x70, 0x88, 0x2D, 0x9B, 0xD5, 0x32, 0x88, 0xD1, 0x84, 0xD3, 0x31, 0x84, 0xD1
	.byte 0x32, 0x88, 0xD3, 0x88, 0xD1, 0x88, 0xD1, 0x90, 0xD3, 0x88, 0x2D, 0x9B, 0xBD, 0x53, 0xBE, 0x28
	.byte 0xC0, 0x41, 0xD3, 0x4E, 0x88, 0x4F, 0x88, 0x51, 0x88, 0xEF, 0x56, 0xA0, 0xDF, 0x4E, 0x90, 0xD3
	.byte 0x4F, 0x88, 0xEA, 0x51, 0x9B, 0xD3, 0x4F, 0x88, 0x4E, 0x88, 0xE7, 0x4F, 0x98, 0x4A, 0x98, 0xEA
	.byte 0x53, 0x9B, 0xD3, 0x51, 0x88, 0x4F, 0x88, 0xE7, 0x4A, 0x98, 0x4C, 0x98, 0xD3, 0x4D, 0x88, 0x4A
	.byte 0x88, 0x46, 0x88, 0x41, 0x88, 0x46, 0x88, 0x4A, 0x88, 0x4F, 0x84, 0x4C, 0x84, 0x48, 0x84, 0x43
	.byte 0x90, 0xD3, 0x84, 0x48, 0x84, 0x4C, 0x84, 0x4F, 0x84, 0x54, 0x84, 0x4E, 0x88, 0x4F, 0x88, 0x51
	.byte 0x88, 0xD7, 0x56, 0x88, 0xD3, 0x58, 0x88, 0x56, 0x88, 0xE7, 0x51, 0x98, 0xD3, 0x4E, 0x90, 0x51
	.byte 0x88, 0xEA, 0x9B, 0xD3, 0x4F, 0x88, 0x4E, 0x88, 0xD1, 0x50, 0x58, 0x82, 0xE5, 0x4F, 0x70, 0x96
	.byte 0xE7, 0x4A, 0x98, 0xD3, 0x53, 0x90, 0x55, 0x88, 0xEF, 0x56, 0xA0, 0xD7, 0x58, 0x98, 0xD3, 0x59
	.byte 0x88, 0x5D, 0x88, 0x5B, 0x88, 0x56, 0x88, 0x59, 0x88, 0x58, 0x88, 0x54, 0x88, 0x58, 0x88, 0x56
	.byte 0x88, 0x51, 0x88, 0x58, 0x88, 0x5D, 0x88, 0xB2, 0x5E, 0xCB, 0x8A, 0x08, 0xC0, 0x40, 0xB1, 0xBC
	.byte 0x00, 0xC2, 0x2C, 0xC1, 0x0C, 0xBF, 0x4D, 0xBE, 0x36, 0x8C, 0xBD, 0x30, 0xB0, 0xB0, 0xD7, 0x42
	.byte 0x70, 0x88, 0xD3, 0x3E, 0x88, 0x42, 0x88, 0xEF, 0x45, 0xA8, 0xB4, 0xB3, 0xE7, 0xCC, 0x8A, 0x08
	.byte 0xD7, 0x40, 0x70, 0x88, 0xD3, 0x3C, 0x88, 0x40, 0x88, 0xEF, 0x43, 0xA8, 0xAF, 0xD3, 0x4F, 0x84
	.byte 0x4E, 0x88, 0x4A, 0x88, 0x4E, 0x88, 0xEF, 0x51, 0xA8, 0xD7, 0x4E, 0x88, 0xD3, 0x4A, 0x88, 0x4E
	.byte 0x88, 0xEF, 0x51, 0xA0, 0xD3, 0x56, 0x88, 0x54, 0x88, 0x53, 0x88, 0xD7, 0x4C, 0x88, 0xD3, 0x48
	.byte 0x88, 0x4C, 0x88, 0xEF, 0x4F, 0xA8, 0xAF, 0xBD, 0x38, 0xBE, 0x26, 0x84, 0xA0, 0xD3, 0x45, 0x88
	.byte 0x47, 0x88, 0x49, 0x88, 0x4A, 0x88, 0x4C, 0x88, 0x4E, 0x88, 0xEA, 0x4F, 0x9B, 0xD3, 0x4A, 0x88
	.byte 0x48, 0x88, 0xE7, 0x4A, 0x98, 0x43, 0x98, 0xEA, 0x4A, 0x9B, 0xD3, 0x4C, 0x88, 0x47, 0x88, 0xE7
	.byte 0x43, 0x98, 0x45, 0x94, 0xBD, 0x18, 0x84, 0xD3, 0x46, 0x88, 0x41, 0x88, 0x3E, 0x88, 0x3A, 0x88
	.byte 0x3E, 0x88, 0x41, 0x88, 0x48, 0x84, 0x43, 0x84, 0x40, 0x84, 0x3C, 0x88, 0x37, 0x84, 0x3C, 0x84
	.byte 0x40, 0x84, 0x43, 0x84, 0x48, 0x84, 0x4C, 0x84, 0xBD, 0x38, 0x84, 0xD3, 0x4E, 0x88, 0xD3, 0x84
	.byte 0x4D, 0x84, 0x4E, 0x88, 0xD3, 0x88, 0x4D, 0x88, 0x4E, 0x88, 0xD3, 0x88, 0x4D, 0x88, 0x4E, 0x88
	.byte 0xD3, 0x88, 0xD3, 0x84, 0x4D, 0x84, 0x4E, 0x88, 0xEC, 0x9D, 0xD3, 0x4C, 0x84, 0x4B, 0x84, 0xEF
	.byte 0x4A, 0xA0, 0xD3, 0x4F, 0x88, 0xD3, 0x84, 0x4E, 0x84, 0x4F, 0x88, 0xD3, 0x90, 0xD3, 0x88, 0x51
	.byte 0x88, 0x4F, 0x88, 0x4E, 0x88, 0xDF, 0x4A, 0x90, 0xD3, 0x4C, 0x88, 0xD7, 0x4D, 0x98, 0x4C, 0x98
	.byte 0x4A, 0x98, 0x48, 0x98, 0xB2, 0xE3, 0xCC, 0x8A, 0x08, 0xB1, 0x00, 0x0A, 0x00, 0x00, 0xB2, 0xAC
	.byte 0x57, 0x61, 0x08, 0x54, 0xC2, 0x8A, 0x08, 0xD9, 0xC2, 0x8A, 0x08, 0x4C, 0xC3, 0x8A, 0x08, 0xE1
	.byte 0xC3, 0x8A, 0x08, 0x70, 0xC5, 0x8A, 0x08, 0x99, 0xC7, 0x8A, 0x08, 0x78, 0xC9, 0x8A, 0x08, 0x1B
	.byte 0xCB, 0x8A, 0x08, 0x4E, 0xCB, 0x8A, 0x08, 0xD8, 0xCC, 0x8A, 0x08, 0xBC, 0x00, 0xBB, 0x4A, 0xBD
	.byte 0x18, 0xBF, 0x40, 0xBE, 0x64, 0xC1, 0x0C, 0xC2, 0x2C, 0xF7, 0x4D, 0x30, 0x98, 0xC4, 0x04, 0x98
	.byte 0x07, 0xBE, 0x59, 0x85, 0x3B, 0x87, 0x27, 0x85, 0x05, 0x87, 0xC4, 0x00, 0xBE, 0x64, 0xDB, 0x4B
	.byte 0x8C, 0x4A, 0x8C, 0xF7, 0x48, 0x98, 0xC4, 0x05, 0x98, 0xBE, 0x59, 0xC4, 0x07, 0x85, 0xBE, 0x3B
	.byte 0x87, 0x27, 0x85, 0x05, 0x87, 0x64, 0xC4, 0x00, 0xDB, 0x46, 0x8C, 0x48, 0x8C, 0xE7, 0x4A, 0x98
	.byte 0x4B, 0x98, 0x4D, 0x98, 0x4F, 0x98, 0xFF, 0x4D, 0x98, 0xC4, 0x05, 0x98, 0x07, 0xBE, 0x61, 0x85
	.byte 0x57, 0x87, 0x51, 0x85, 0x48, 0x87, 0x3B, 0x85, 0x22, 0x87, 0x12, 0x85, 0x03, 0x81, 0x0B, 0x86
	.byte 0xC4, 0x00, 0xBE, 0x64, 0xF7, 0x4F, 0x98, 0xC4, 0x04, 0x98, 0xBE, 0x59, 0xC4, 0x07, 0x85, 0xBE
	.byte 0x3B, 0x87, 0x27, 0x85, 0x05, 0x87, 0x64, 0xC4, 0x00, 0xDB, 0x51, 0x8C, 0x52, 0x8C, 0xE7, 0x4D
	.byte 0x30, 0x98, 0x4A, 0x98, 0x46, 0x98, 0x4B, 0x98, 0xB4, 0xF7, 0x4A, 0x98, 0xC4, 0x04, 0x98, 0xBE
	.byte 0x59, 0xC4, 0x07, 0x85, 0xBE, 0x3B, 0x87, 0x27, 0x85, 0x05, 0x87, 0x64, 0xC4, 0x00, 0xDB, 0x4B
	.byte 0x8C, 0x4A, 0x8C, 0xFF, 0x48, 0x98, 0xC4, 0x04, 0x98, 0x07, 0xBE, 0x61, 0x85, 0x57, 0x87, 0x51
	.byte 0x85, 0x48, 0x87, 0x3B, 0x85, 0x22, 0x87, 0x12, 0x85, 0x03, 0x81, 0x0B, 0x86, 0xC4, 0x00, 0xBE
	.byte 0x64, 0xF7, 0x4F, 0x98, 0xC4, 0x04, 0x98, 0xBE, 0x59, 0xC4, 0x07, 0x85, 0xBE, 0x3B, 0x87, 0x27
	.byte 0x85, 0x05, 0x87, 0x64, 0xC4, 0x00, 0xDB, 0x4D, 0x8C, 0x4B, 0x8C, 0xE7, 0x4D, 0x98, 0x4A, 0x98
	.byte 0xDB, 0x46, 0xA0, 0xEF, 0x4B, 0x98, 0xBE, 0x59, 0xC4, 0x07, 0x85, 0xBE, 0x3B, 0x87, 0x27, 0x85
	.byte 0x05, 0x87, 0x64, 0xC4, 0x00, 0xDF, 0x90, 0x4A, 0x90, 0x48, 0x90, 0xEF, 0x4A, 0x98, 0xC4, 0x02
	.byte 0x98, 0x00, 0xEF, 0x4D, 0x98, 0xC4, 0x02, 0x98, 0x00, 0xEF, 0x4F, 0x98, 0xBE, 0x59, 0xC4, 0x07
	.byte 0x85, 0xBE, 0x3B, 0x87, 0x27, 0x85, 0x05, 0x87, 0x64, 0xC4, 0x00, 0x8C, 0xDB, 0x8C, 0x51, 0x8C
	.byte 0x52, 0x8C, 0xB3, 0x87, 0xCE, 0x8A, 0x08, 0xEF, 0x4A, 0x30, 0xA0, 0xD2, 0x48, 0x83, 0x4A, 0x83
	.byte 0xE1, 0x48, 0x92, 0xDB, 0x43, 0x8C, 0xD5, 0x45, 0x8C, 0xEF, 0x46, 0xA0, 0xBD, 0x49, 0xD2, 0x4E
	.byte 0x40, 0x83, 0xD8, 0x4D, 0x89, 0xDB, 0x4B, 0x8C, 0x4A, 0x8C, 0x4B, 0x8C, 0xF7, 0x4D, 0x98, 0xC4
	.byte 0x03, 0x98, 0xBE, 0x59, 0xC4, 0x07, 0x85, 0xBE, 0x3B, 0x87, 0x27, 0x85, 0x05, 0x87, 0x64, 0xC4
	.byte 0x00, 0xDB, 0x4B, 0x8C, 0x4A, 0x8C, 0xD2, 0x48, 0x83, 0x4A, 0x83, 0xF5, 0x48, 0x9E, 0xBE, 0x59
	.byte 0xC4, 0x07, 0x85, 0xBE, 0x3B, 0x87, 0x27, 0x85, 0x05, 0x87, 0x64, 0xC4, 0x00, 0xDB, 0x46, 0x8C
	.byte 0x48, 0x8C, 0xD2, 0x4B, 0x83, 0xE4, 0x4A, 0x95, 0xE7, 0x4B, 0x98, 0x4D, 0x98, 0x4F, 0x98, 0xF7
	.byte 0x4D, 0xA0, 0xBE, 0x59, 0xC4, 0x07, 0x85, 0xBE, 0x3B, 0x87, 0x27, 0x85, 0x05, 0x87, 0x64, 0xC4
	.byte 0x00, 0xDB, 0x4B, 0x8C, 0x4D, 0x8C, 0xD2, 0x50, 0x83, 0xEE, 0x4F, 0xA3, 0x81, 0xDB, 0x8C, 0x51
	.byte 0x8C, 0xD8, 0x52, 0x89, 0xD2, 0x4C, 0x83, 0xE7, 0x4D, 0x98, 0x4A, 0x98, 0x46, 0x98, 0x4B, 0x98
	.byte 0xD2, 0x49, 0x83, 0xEE, 0x4A, 0x95, 0xBE, 0x59, 0xC4, 0x07, 0x85, 0xBE, 0x3B, 0x87, 0x27, 0x85
	.byte 0x05, 0x87, 0x64, 0xC4, 0x00, 0xD1, 0x4B, 0x82, 0xDD, 0x4A, 0x8E, 0xDF, 0x4B, 0x90, 0x4A, 0x90
	.byte 0xF7, 0x48, 0xA0, 0xBE, 0x59, 0xC4, 0x07, 0x85, 0xBE, 0x3B, 0x87, 0x27, 0x85, 0x05, 0x87, 0xBD
	.byte 0x30, 0xBE, 0x64, 0xC4, 0x00, 0xDB, 0x4D, 0x28, 0x8C, 0x4E, 0x8C, 0xEF, 0x4F, 0x2C, 0xA4, 0xD2
	.byte 0x50, 0x83, 0xD8, 0x4F, 0x89, 0xDB, 0x51, 0x8C, 0x4F, 0x28, 0x8C, 0xE7, 0x4D, 0x98, 0x4A, 0x20
	.byte 0x98, 0xDB, 0x46, 0x28, 0xA0, 0xEF, 0x4B, 0x98, 0xBE, 0x59, 0xC4, 0x07, 0x85, 0xBE, 0x3B, 0x87
	.byte 0x27, 0x85, 0x05, 0x87, 0x64, 0xC4, 0x00, 0xD3, 0x84, 0xD1, 0x4D, 0x2C, 0x82, 0xD9, 0x4B, 0x8A
	.byte 0xDF, 0x4A, 0x28, 0x90, 0x48, 0x90, 0xE7, 0x4A, 0x98, 0x4B, 0x98, 0x4D, 0x98, 0x4E, 0x2C, 0x98
	.byte 0xEE, 0x4F, 0x98, 0xBE, 0x59, 0xC4, 0x07, 0x85, 0xBE, 0x3B, 0x87, 0x27, 0x85, 0x05, 0x87, 0xC4
	.byte 0x00, 0x8C, 0xBE, 0x64, 0xDB, 0x4F, 0x24, 0x8C, 0x51, 0x20, 0x8C, 0x52, 0x28, 0x8C, 0xE7, 0x56
	.byte 0x2C, 0x98, 0x54, 0x28, 0x98, 0x52, 0x20, 0x98, 0x4D, 0x1C, 0x98, 0xEF, 0x4A, 0xA0, 0xD2, 0x48
	.byte 0x18, 0x83, 0x4A, 0x1C, 0x83, 0xE1, 0x48, 0x92, 0xDB, 0x43, 0x8C, 0xD5, 0x45, 0x20, 0x8C, 0xF7
	.byte 0x46, 0x2C, 0xA0, 0xBE, 0x59, 0xC4, 0x07, 0x85, 0xBE, 0x3B, 0x87, 0x27, 0x85, 0x05, 0x87, 0x64
	.byte 0xC4, 0x00, 0x98, 0xBD, 0x18, 0xA0, 0xDB, 0x4D, 0x8C, 0x4B, 0x8C, 0x4A, 0x8C, 0x4B, 0x8C, 0xB2
	.byte 0x06, 0xCE, 0x8A, 0x08, 0xB1, 0xBC, 0x00, 0xBD, 0x2D, 0xBE, 0x64, 0xC1, 0x0C, 0xC2, 0x2C, 0xBF
	.byte 0x31, 0x98, 0xDB, 0x41, 0x50, 0x8C, 0x41, 0x14, 0x8C, 0x45, 0x50, 0x8C, 0x45, 0x14, 0x8C, 0x48
	.byte 0x50, 0x8C, 0x48, 0x14, 0x8C, 0x98, 0x41, 0x4C, 0x8C, 0x41, 0x14, 0x8C, 0x45, 0x4C, 0x8C, 0x45
	.byte 0x14, 0x8C, 0x43, 0x50, 0x8C, 0x43, 0x14, 0x8C, 0x98, 0x3F, 0x50, 0x8C, 0x3F, 0x14, 0x8C, 0x39
	.byte 0x50, 0x8C, 0x39, 0x14, 0x8C, 0x3C, 0x50, 0x8C, 0x3C, 0x14, 0x8C, 0x35, 0x50, 0x8C, 0x35, 0x14
	.byte 0xAC, 0xB0, 0xB0, 0xD5, 0x3E, 0x4C, 0x86, 0x3F, 0x86, 0xDB, 0x3E, 0x8C, 0x3A, 0x8C, 0x35, 0x8C
	.byte 0x3E, 0x8C, 0x41, 0x8C, 0x46, 0x8C, 0x4A, 0x8C, 0xBD, 0x49, 0xD5, 0x57, 0x24, 0x86, 0xD2, 0x59
	.byte 0x83, 0xDE, 0x57, 0x8F, 0xD5, 0x54, 0x86, 0x54, 0x14, 0x86, 0x51, 0x24, 0x86, 0x51, 0x14, 0x86
	.byte 0x4D, 0x28, 0x86, 0x4D, 0x14, 0x86, 0x4B, 0x28, 0x86, 0x4B, 0x14, 0x86, 0x48, 0x28, 0x86, 0x48
	.byte 0x14, 0x86, 0x4D, 0x24, 0x86, 0x4D, 0x14, 0x86, 0xB0, 0xB0, 0xB0, 0xB0, 0xB0, 0xB0, 0xB0, 0xB0
	.byte 0xB0, 0xB0, 0xB0, 0xB0, 0xB0, 0xB0, 0xB0, 0xB0, 0xB0, 0xB0, 0xB0, 0xB0, 0xB0, 0xB0, 0xB0, 0xB0
	.byte 0xB0, 0xB2, 0xB0, 0xD0, 0x8A, 0x08, 0xB1, 0xBC, 0x00, 0xBD, 0x30, 0xBF, 0x40, 0xBE, 0x64, 0xC1
	.byte 0x0C, 0xC2, 0x2C, 0xB0, 0xB0, 0xB0, 0x98, 0xE7, 0x46, 0x20, 0x98, 0x45, 0x98, 0x48, 0x98, 0xF7
	.byte 0x46, 0xA8, 0xDB, 0x45, 0x8C, 0x43, 0x8C, 0xEF, 0x41, 0xA0, 0x4A, 0xA0, 0xB0, 0xB0, 0xF7, 0x4B
	.byte 0xA8, 0xDB, 0x4A, 0x8C, 0x48, 0x8C, 0xE7, 0x4A, 0x98, 0x46, 0x98, 0xDB, 0x41, 0xA0, 0xEF, 0x45
	.byte 0xA0, 0xDF, 0x90, 0x43, 0x90, 0x45, 0x90, 0xEF, 0x46, 0xA0, 0x4A, 0xA0, 0x4B, 0xA4, 0xDB, 0x8C
	.byte 0x4D, 0x8C, 0x4F, 0x8C, 0xE7, 0x4A, 0x98, 0x46, 0x98, 0x41, 0x98, 0x48, 0x98, 0xB0, 0xB0, 0xB0
	.byte 0xB0, 0xB0, 0xB0, 0xB0, 0xB0, 0xB0, 0xB0, 0xB0, 0xB0, 0xB0, 0xB0, 0xB0, 0xB0, 0xB0, 0xB0, 0xB0
	.byte 0xB2, 0x62, 0xD1, 0x8A, 0x08, 0xB1, 0xBC, 0x00, 0xBD, 0x2D, 0xBE, 0x64, 0xBF, 0x40, 0xC1, 0x0C
	.byte 0xC2, 0x2C, 0xB0, 0x98, 0xDB, 0x35, 0x50, 0x8C, 0x35, 0x14, 0x8C, 0x39, 0x50, 0x8C, 0x39, 0x14
	.byte 0x8C, 0x3C, 0x50, 0x8C, 0x3C, 0x14, 0x8C, 0xB0, 0xBD, 0x3C, 0xC4, 0x00, 0x98, 0xE7, 0x3A, 0x40
	.byte 0x98, 0x39, 0x98, 0x38, 0x98, 0x37, 0x8C, 0xC4, 0x06, 0x8C, 0x00, 0xE7, 0x33, 0x98, 0x35, 0x98
	.byte 0x37, 0x98, 0x35, 0x98, 0x32, 0x98, 0x2E, 0x98, 0x33, 0x8C, 0xC4, 0x06, 0x8C, 0x00, 0xE7, 0x32
	.byte 0x98, 0x2E, 0x98, 0x2B, 0x98, 0xDB, 0x33, 0x8C, 0x32, 0x8C, 0xE7, 0x30, 0x98, 0x2B, 0x98, 0x29
	.byte 0x98, 0x30, 0x8C, 0xC4, 0x06, 0x8C, 0x00, 0xE7, 0x2B, 0x98, 0x30, 0x98, 0x33, 0x98, 0x37, 0x8C
	.byte 0xC4, 0x06, 0x8C, 0x00, 0xE7, 0x35, 0x98, 0x32, 0x98, 0xDB, 0x2E, 0x98, 0xE7, 0x33, 0x8C, 0xC4
	.byte 0x06, 0x8C, 0x00, 0xE7, 0x29, 0x98, 0x30, 0x98, 0x35, 0x98, 0x39, 0x98, 0x35, 0x98, 0x3A, 0x98
	.byte 0xDB, 0x32, 0x98, 0xE7, 0x2E, 0x98, 0x30, 0x98, 0x37, 0x48, 0x98, 0x3C, 0x98, 0x3F, 0x98, 0x41
	.byte 0x98, 0x3E, 0x98, 0x3A, 0x98, 0x3F, 0x98, 0x29, 0x98, 0x30, 0x98, 0x35, 0x98, 0x39, 0x98, 0xEF
	.byte 0x2E, 0x98, 0xBE, 0x51, 0xC4, 0x07, 0x85, 0xBE, 0x3D, 0x87, 0x25, 0x85, 0x0F, 0x87, 0xC4, 0x00
	.byte 0xBE, 0x64, 0xA0, 0xBD, 0x3C, 0xF7, 0x29, 0x98, 0xC4, 0x07, 0x98, 0xBE, 0x51, 0x85, 0x3D, 0x87
	.byte 0x25, 0x85, 0x0F, 0x87, 0xC4, 0x00, 0xBE, 0x64, 0xDB, 0x2D, 0x8C, 0x30, 0x8C, 0x29, 0x98, 0xE7
	.byte 0x98, 0xDB, 0x2D, 0x8C, 0x30, 0x8C, 0x29, 0x8C, 0x2D, 0x8C, 0xF7, 0x2E, 0x98, 0xC4, 0x07, 0x98
	.byte 0xBE, 0x51, 0x85, 0x3D, 0x87, 0x25, 0x85, 0x0F, 0x87, 0xC4, 0x00, 0xBE, 0x64, 0xDB, 0x32, 0x8C
	.byte 0x35, 0x8C, 0x2E, 0x98, 0xE7, 0x3A, 0x98, 0x39, 0x98, 0x35, 0x98, 0xF7, 0x33, 0x98, 0xC4, 0x06
	.byte 0x98, 0xBE, 0x51, 0x85, 0x3D, 0x87, 0x25, 0x85, 0x0F, 0x87, 0xC4, 0x00, 0xBE, 0x64, 0xDB, 0x35
	.byte 0x8C, 0x37, 0x8C, 0x35, 0x98, 0xE7, 0x98, 0x2E, 0x98, 0x33, 0x98, 0x32, 0x98, 0x2E, 0x98, 0x2B
	.byte 0x98, 0xDB, 0x33, 0x8C, 0x32, 0x8C, 0x30, 0x98, 0xE7, 0x98, 0x27, 0x98, 0x29, 0x98, 0x2B, 0x98
	.byte 0x30, 0x98, 0x33, 0x98, 0x37, 0x8C, 0xC4, 0x06, 0x8C, 0x00, 0xE7, 0x35, 0x98, 0x32, 0x98, 0xDB
	.byte 0x2E, 0x98, 0xE7, 0x33, 0x8C, 0xC4, 0x06, 0x8C, 0xC4, 0x00, 0xE7, 0x29, 0x48, 0x98, 0x30, 0x98
	.byte 0x35, 0x98, 0x39, 0x8C, 0xC4, 0x06, 0x8C, 0xB4, 0x00, 0xE7, 0x35, 0x98, 0x3A, 0x98, 0xDB, 0x32
	.byte 0x98, 0xE7, 0x2E, 0x98, 0x30, 0x98, 0x37, 0x98, 0x3C, 0x98, 0x3F, 0x8C, 0xC4, 0x07, 0x8C, 0x00
	.byte 0xE7, 0x41, 0x98, 0x3E, 0x98, 0x3A, 0x98, 0x41, 0x8C, 0xC4, 0x06, 0x8C, 0xB3, 0x21, 0xD3, 0x8A
	.byte 0x08, 0xC4, 0x00, 0xF7, 0x2E, 0x48, 0x98, 0xC4, 0x07, 0x98, 0xBE, 0x51, 0x85, 0x3E, 0x87, 0x28
	.byte 0x85, 0x13, 0x87, 0xC4, 0x00, 0xBE, 0x64, 0xDB, 0x2C, 0x8C, 0x2D, 0x8C, 0xEF, 0x2E, 0x98, 0xC4
	.byte 0x05, 0x98, 0x00, 0xEF, 0x35, 0x98, 0xBE, 0x51, 0xC4, 0x06, 0x85, 0xBE, 0x3E, 0x87, 0x28, 0x85
	.byte 0x13, 0x87, 0xB2, 0xD1, 0xD1, 0x8A, 0x08, 0xC4, 0x00, 0xBE, 0x64, 0xB1, 0xBC, 0x00, 0xBD, 0x2E
	.byte 0xBE, 0x64, 0xBF, 0x4C, 0xC1, 0x0C, 0xC2, 0x2C, 0xB0, 0xB0, 0xB0, 0xB0, 0xB0, 0xB0, 0xB0, 0xB0
	.byte 0x8C, 0xDB, 0x3F, 0x40, 0x8C, 0x3A, 0x8C, 0x3F, 0x8C, 0x43, 0x8C, 0x46, 0x8C, 0x4B, 0x8C, 0x4F
	.byte 0x8C, 0x8C, 0x52, 0x8C, 0x51, 0x8C, 0x52, 0x8C, 0xD2, 0x4D, 0x3C, 0x83, 0x4F, 0x38, 0x83, 0xD5
	.byte 0x4D, 0x3C, 0x86, 0xDB, 0x4B, 0x38, 0x8C, 0x4A, 0x8C, 0x46, 0x34, 0x8C, 0x8C, 0x3C, 0x40, 0x8C
	.byte 0x3B, 0x8C, 0x3C, 0x8C, 0x41, 0x8C, 0x45, 0x8C, 0x48, 0x8C, 0x4A, 0x8C, 0x8C, 0x4D, 0x8C, 0x4C
	.byte 0x8C, 0x4D, 0x8C, 0xD2, 0x4A, 0x3C, 0x83, 0x4B, 0x30, 0x83, 0xD5, 0x4A, 0x38, 0x86, 0xDB, 0x46
	.byte 0x8C, 0x41, 0x3C, 0x8C, 0x3E, 0x8C, 0x8C, 0x3C, 0x40, 0x8C, 0x3F, 0x8C, 0x43, 0x98, 0x3F, 0x8C
	.byte 0x43, 0x8C, 0x46, 0x8C, 0x8C, 0x4D, 0x8C, 0x4C, 0x8C, 0x4D, 0x8C, 0xD2, 0x4A, 0x3C, 0x83, 0x4B
	.byte 0x38, 0x83, 0xD5, 0x4A, 0x3C, 0x86, 0xDB, 0x46, 0x8C, 0x41, 0x38, 0x8C, 0x3E, 0x3C, 0x8C, 0x8C
	.byte 0x41, 0x8C, 0x45, 0x8C, 0x48, 0x98, 0x45, 0x8C, 0x48, 0x8C, 0x41, 0x8C, 0x8C, 0x46, 0x8C, 0x45
	.byte 0x8C, 0xD5, 0x46, 0x86, 0xD2, 0x3E, 0x2C, 0x83, 0x41, 0x38, 0x83, 0xDB, 0x46, 0x3C, 0x8C, 0x46
	.byte 0x18, 0x9C, 0x98, 0xD5, 0x51, 0x3C, 0x8C, 0xDB, 0x51, 0x14, 0x9C, 0xD5, 0x4D, 0x3C, 0x8C, 0xDB
	.byte 0x4D, 0x14, 0x8C, 0x98, 0xD5, 0x51, 0x38, 0x8C, 0xDB, 0x51, 0x14, 0x8C, 0xD5, 0x4D, 0x38, 0x8C
	.byte 0xDB, 0x4D, 0x14, 0x8C, 0xD5, 0x51, 0x3C, 0x8C, 0xDB, 0x51, 0x14, 0x8C, 0x98, 0xD5, 0x52, 0x3C
	.byte 0x8C, 0xDB, 0x52, 0x14, 0x9C, 0xD5, 0x4D, 0x38, 0x8C, 0xDB, 0x4D, 0x14, 0x8C, 0x98, 0xD5, 0x52
	.byte 0x38, 0x8C, 0xDB, 0x52, 0x14, 0x8C, 0xD5, 0x4D, 0x38, 0x8C, 0xDB, 0x4D, 0x14, 0x8C, 0xD5, 0x52
	.byte 0x38, 0x8C, 0xDB, 0x52, 0x14, 0x8C, 0x98, 0xD5, 0x52, 0x38, 0x8C, 0xDB, 0x52, 0x14, 0x8C, 0xD5
	.byte 0x4F, 0x38, 0x8C, 0xDB, 0x4F, 0x14, 0x8C, 0xD5, 0x57, 0x38, 0x8C, 0xDB, 0x57, 0x14, 0x8C, 0x98
	.byte 0xD5, 0x52, 0x38, 0x8C, 0xDB, 0x52, 0x14, 0x8C, 0xD5, 0x51, 0x38, 0x8C, 0xDB, 0x51, 0x14, 0x8C
	.byte 0xD5, 0x52, 0x38, 0x8C, 0xDB, 0x52, 0x14, 0x8C, 0x98, 0xD5, 0x56, 0x38, 0x8C, 0xDB, 0x56, 0x14
	.byte 0x8C, 0xD5, 0x52, 0x38, 0x8C, 0xDB, 0x52, 0x14, 0x9C, 0xD5, 0x4D, 0x38, 0x8C, 0xDB, 0x4D, 0x14
	.byte 0x8C, 0xD5, 0x54, 0x38, 0x8C, 0xDB, 0x54, 0x14, 0x8C, 0xD5, 0x51, 0x38, 0x8C, 0xDB, 0x51, 0x14
	.byte 0x8C, 0xD5, 0x4D, 0x38, 0x8C, 0xDB, 0x4D, 0x10, 0x8C, 0xBD, 0x18, 0xC0, 0x40, 0xDB, 0x46, 0x20
	.byte 0x8C, 0x4B, 0x3C, 0x83, 0xC0, 0x41, 0x83, 0x40, 0x86, 0xDB, 0x46, 0x20, 0x8C, 0x43, 0x3C, 0x8C
	.byte 0x4B, 0x86, 0xC0, 0x41, 0x83, 0x40, 0x83, 0xDB, 0x46, 0x28, 0x8C, 0x43, 0x30, 0x8C, 0x4B, 0x3C
	.byte 0x83, 0xC0, 0x41, 0x83, 0x40, 0x86, 0xB4, 0xDB, 0x3E, 0x28, 0x8C, 0x46, 0x3C, 0x83, 0xC0, 0x41
	.byte 0x83, 0x40, 0x86, 0xDB, 0x41, 0x28, 0x8C, 0x3E, 0x38, 0x8C, 0x46, 0x3C, 0x83, 0xC0, 0x41, 0x83
	.byte 0x40, 0x86, 0xDB, 0x41, 0x28, 0x8C, 0x3D, 0x2C, 0x8C, 0x3E, 0x30, 0x8C, 0x3F, 0x28, 0x8C, 0x48
	.byte 0x3C, 0x83, 0xC0, 0x41, 0x83, 0x40, 0x86, 0xDB, 0x45, 0x2C, 0x8C, 0x41, 0x28, 0x8C, 0x48, 0x3C
	.byte 0x83, 0xC0, 0x41, 0x83, 0x40, 0x86, 0xDB, 0x45, 0x30, 0x8C, 0x41, 0x2C, 0x8C, 0x48, 0x38, 0x83
	.byte 0xC0, 0x41, 0x83, 0x40, 0x86, 0xDB, 0x4A, 0x28, 0x8C, 0x46, 0x3C, 0x8C, 0x41, 0x28, 0x8C, 0x3E
	.byte 0x3C, 0x8C, 0x41, 0x2C, 0x8C, 0x3E, 0x3C, 0x8C, 0xE7, 0x49, 0x8C, 0xC0, 0x46, 0x8C, 0xB3, 0x02
	.byte 0xD5, 0x8A, 0x08, 0xDB, 0x4A, 0x28, 0x8C, 0x48, 0x30, 0x8C, 0x46, 0x3C, 0x8C, 0x41, 0x30, 0x8C
	.byte 0x46, 0x20, 0x8C, 0x41, 0x34, 0x8C, 0x46, 0x28, 0x8C, 0x48, 0x38, 0x8C, 0x41, 0x20, 0x8C, 0x48
	.byte 0x3C, 0x83, 0xC0, 0x41, 0x83, 0x40, 0x86, 0xDB, 0x45, 0x30, 0x8C, 0x41, 0x2C, 0x8C, 0x48, 0x89
	.byte 0xC0, 0x40, 0x83, 0x40, 0xDB, 0x45, 0x3C, 0x8C, 0x41, 0x2C, 0x8C, 0x4D, 0x30, 0x86, 0xC0, 0x40
	.byte 0x83, 0x40, 0x83, 0xBD, 0x2D, 0xDB, 0x35, 0x3C, 0x98, 0x3A, 0x98, 0x3E, 0x98, 0x41, 0x8C, 0xBD
	.byte 0x2E, 0xD2, 0x46, 0x1C, 0x83, 0x4A, 0x20, 0x83, 0x4D, 0x28, 0x83, 0x51, 0x30, 0x83, 0xDB, 0x52
	.byte 0x8C, 0x52, 0x1C, 0xAC, 0xB2, 0x97, 0xD3, 0x8A, 0x08, 0xB1, 0xBC, 0x00, 0xBD, 0x50, 0xBF, 0x04
	.byte 0xBE, 0x27, 0xC1, 0x0C, 0xC2, 0x2C, 0xB0, 0xB0, 0xB0, 0xBE, 0x04, 0xF7, 0x3E, 0x48, 0x82, 0xBE
	.byte 0x09, 0x83, 0x0C, 0x83, 0x0F, 0x84, 0x12, 0x82, 0x14, 0x83, 0x17, 0x83, 0x19, 0x84, 0x1C, 0xC4
	.byte 0x06, 0x82, 0xBE, 0x1D, 0x83, 0x21, 0x83, 0x22, 0x86, 0x25, 0x8A, 0x27, 0x98, 0xC4, 0x00, 0xE7
	.byte 0x3D, 0x98, 0xBE, 0x21, 0xEF, 0x3F, 0x98, 0xC4, 0x06, 0x98, 0x00, 0xE7, 0x43, 0x98, 0xDB, 0x41
	.byte 0x8C, 0x3F, 0x8C, 0xEF, 0x3E, 0x98, 0xC4, 0x06, 0x98, 0x00, 0xEF, 0x41, 0x98, 0xC4, 0x06, 0x98
	.byte 0x00, 0xEF, 0x98, 0xC4, 0x06, 0x98, 0x00, 0xEF, 0x3E, 0x98, 0xC4, 0x06, 0x98, 0x00, 0xFF, 0x41
	.byte 0xA0, 0xC4, 0x06, 0xA0, 0x00, 0xEF, 0x3C, 0x98, 0xC4, 0x06, 0x98, 0x00, 0xEF, 0x37, 0x98, 0xC4
	.byte 0x06, 0x98, 0x00, 0xEF, 0x3A, 0x98, 0xC4, 0x06, 0x98, 0x00, 0xE7, 0x32, 0x98, 0x33, 0x98, 0xEF
	.byte 0x3C, 0x98, 0xC4, 0x06, 0x98, 0x00, 0xEF, 0x3F, 0x98, 0xC4, 0x06, 0x98, 0x00, 0xEF, 0x3A, 0x98
	.byte 0xC4, 0x06, 0x98, 0x00, 0xEF, 0x3E, 0x98, 0xC4, 0x06, 0x98, 0x00, 0xEF, 0x39, 0x98, 0xC4, 0x06
	.byte 0x98, 0x00, 0xEF, 0x3C, 0x98, 0xC4, 0x06, 0x98, 0x00, 0xEF, 0x3A, 0x98, 0xC4, 0x06, 0x98, 0x00
	.byte 0xEF, 0x35, 0x98, 0xC4, 0x06, 0x98, 0x00, 0xEF, 0x39, 0x98, 0xC4, 0x06, 0x98, 0x00, 0xEF, 0x35
	.byte 0x40, 0x98, 0xC4, 0x06, 0x98, 0x00, 0xE7, 0x3A, 0x48, 0x98, 0xDB, 0x35, 0x8C, 0x32, 0x8C, 0xE7
	.byte 0x2E, 0x98, 0x2F, 0x98, 0xBE, 0x27, 0xDB, 0x30, 0x8C, 0x41, 0x8C, 0x3F, 0x8C, 0x41, 0x8C, 0x48
	.byte 0x8C, 0x41, 0x8C, 0x3F, 0x8C, 0x41, 0x8C, 0x30, 0x8C, 0x48, 0x8C, 0x35, 0x8C, 0x41, 0x8C, 0x48
	.byte 0x8C, 0x45, 0x8C, 0x3F, 0x8C, 0x3C, 0x8C, 0x35, 0x8C, 0x3E, 0x8C, 0x32, 0x8C, 0x3E, 0x8C, 0x46
	.byte 0x8C, 0x41, 0x8C, 0x3E, 0x8C, 0x41, 0x8C, 0x32, 0x8C, 0x46, 0x8C, 0x35, 0x8C, 0x3E, 0x8C, 0x41
	.byte 0x8C, 0x39, 0x8C, 0x45, 0x8C, 0x41, 0x8C, 0x37, 0x8C, 0x46, 0x8C, 0x43, 0x8C, 0x3F, 0x8C, 0x4B
	.byte 0x8C, 0x41, 0x8C, 0x43, 0x8C, 0x45, 0x8C, 0x46, 0x8C, 0x41, 0x8C, 0x3A, 0x8C, 0x41, 0x8C, 0x4A
	.byte 0x8C, 0x46, 0x8C, 0x41, 0x8C, 0x46, 0x8C, 0x35, 0x8C, 0x46, 0x8C, 0x32, 0x8C, 0x41, 0x8C, 0x35
	.byte 0x8C, 0x3A, 0x8C, 0x41, 0x8C, 0x42, 0x8C, 0x43, 0x8C, 0x3F, 0x8C, 0x3C, 0x8C, 0x3F, 0x8C, 0x39
	.byte 0x8C, 0x3C, 0x8C, 0x3F, 0x8C, 0x41, 0x8C, 0x33, 0x8C, 0x46, 0x8C, 0x43, 0x8C, 0x3F, 0x8C, 0x43
	.byte 0x8C, 0x3F, 0x8C, 0x3C, 0x8C, 0x4B, 0x8C, 0xDB, 0x46, 0x48, 0x8C, 0x41, 0x8C, 0x3E, 0x8C, 0x41
	.byte 0x8C, 0x3A, 0x8C, 0x3E, 0x8C, 0x41, 0x8C, 0x46, 0x8C, 0xB4, 0x35, 0x8C, 0x45, 0x8C, 0x41, 0x8C
	.byte 0x3C, 0x8C, 0x48, 0x8C, 0x3C, 0x8C, 0x41, 0x8C, 0x39, 0x8C, 0xB3, 0x70, 0xD7, 0x8A, 0x08, 0xDB
	.byte 0x37, 0x48, 0x8C, 0x48, 0x8C, 0x43, 0x8C, 0x3F, 0x8C, 0x48, 0x8C, 0x43, 0x8C, 0x3F, 0x8C, 0x43
	.byte 0x8C, 0x46, 0x8C, 0x41, 0x8C, 0x4A, 0x8C, 0x46, 0x8C, 0x4D, 0x8C, 0x4A, 0x8C, 0x46, 0x8C, 0x45
	.byte 0x8C, 0x35, 0x8C, 0x45, 0x8C, 0x39, 0x8C, 0x3C, 0x8C, 0x48, 0x8C, 0x3C, 0x8C, 0x41, 0x8C, 0x3C
	.byte 0x8C, 0x33, 0x8C, 0x3F, 0x8C, 0x33, 0x8C, 0x3A, 0x8C, 0x46, 0x8C, 0x3E, 0x8C, 0x35, 0x8C, 0x3E
	.byte 0x8C, 0x32, 0x8C, 0x3E, 0x8C, 0x32, 0x8C, 0x3A, 0x8C, 0x46, 0x8C, 0x3E, 0x8C, 0x35, 0x8C, 0x3E
	.byte 0x8C, 0xB2, 0x05, 0xD6, 0x8A, 0x08, 0xB1, 0xBC, 0x00, 0xBD, 0x51, 0xBF, 0x7F, 0xBE, 0x27, 0xC1
	.byte 0x0C, 0xC2, 0x2C, 0xB0, 0xB0, 0xB0, 0xBE, 0x04, 0xF7, 0x41, 0x48, 0x82, 0xBE, 0x09, 0x83, 0x0C
	.byte 0x83, 0x0F, 0x84, 0x12, 0x82, 0x14, 0x83, 0x17, 0x83, 0x19, 0x84, 0x1C, 0xC4, 0x07, 0x82, 0xBE
	.byte 0x1D, 0x83, 0x21, 0x83, 0x22, 0x86, 0x25, 0x8A, 0x27, 0x98, 0xC4, 0x00, 0xE7, 0x42, 0x98, 0xBE
	.byte 0x1F, 0xEF, 0x43, 0x98, 0xC4, 0x06, 0x98, 0x00, 0xE7, 0x46, 0x98, 0xDB, 0x45, 0x8C, 0x43, 0x8C
	.byte 0xEF, 0x41, 0x98, 0xC4, 0x06, 0x98, 0x00, 0xEF, 0x46, 0x98, 0xC4, 0x06, 0x98, 0xC4, 0x00, 0xEF
	.byte 0x46, 0x48, 0x98, 0xC4, 0x06, 0x98, 0x00, 0xEF, 0x41, 0x98, 0xC4, 0x06, 0x98, 0xB4, 0x00, 0xFF
	.byte 0x45, 0xA0, 0xC4, 0x07, 0xA0, 0x00, 0xEF, 0x98, 0xC4, 0x06, 0x98, 0x00, 0xEF, 0x48, 0x98, 0xC4
	.byte 0x06, 0x98, 0x00, 0xEF, 0x41, 0x98, 0xC4, 0x06, 0x98, 0x00, 0xEF, 0x46, 0x98, 0xC4, 0x06, 0x98
	.byte 0x00, 0xEF, 0x41, 0x98, 0xC4, 0x06, 0x98, 0x00, 0xEF, 0x48, 0x98, 0xC4, 0x06, 0x98, 0xB3, 0x46
	.byte 0xD8, 0x8A, 0x08, 0xC4, 0x00, 0xEF, 0x45, 0x48, 0x98, 0xC4, 0x06, 0x98, 0x00, 0xEF, 0x41, 0x98
	.byte 0xC4, 0x06, 0x98, 0x00, 0xEF, 0x46, 0x98, 0xC4, 0x06, 0x98, 0x00, 0xEF, 0x3E, 0x98, 0xC4, 0x06
	.byte 0x98, 0x00, 0xEF, 0x3C, 0x98, 0xC4, 0x06, 0x98, 0x00, 0xEF, 0x3F, 0x98, 0xC4, 0x06, 0x98, 0x00
	.byte 0xE7, 0x41, 0x98, 0xDB, 0x3F, 0x8C, 0x3C, 0x8C, 0xE7, 0x3E, 0x98, 0x3A, 0x98, 0xBE, 0x25, 0xDB
	.byte 0x35, 0x8C, 0x45, 0x8C, 0x48, 0x8C, 0x45, 0x8C, 0x4D, 0x8C, 0x48, 0x8C, 0x45, 0x8C, 0x48, 0x8C
	.byte 0x35, 0x8C, 0x4D, 0x8C, 0x39, 0x8C, 0x45, 0x8C, 0x4D, 0x8C, 0x4B, 0x8C, 0x48, 0x8C, 0x45, 0x8C
	.byte 0x3A, 0x8C, 0x4D, 0x8C, 0x35, 0x8C, 0x41, 0x8C, 0x4A, 0x8C, 0x46, 0x8C, 0x41, 0x8C, 0x46, 0x8C
	.byte 0x35, 0x8C, 0x4A, 0x8C, 0x3A, 0x8C, 0x41, 0x8C, 0x45, 0x8C, 0x3E, 0x8C, 0x48, 0x8C, 0x43, 0x8C
	.byte 0x3A, 0x8C, 0x4B, 0x8C, 0x46, 0x8C, 0x43, 0x8C, 0x4F, 0x8C, 0x46, 0x8C, 0x48, 0x8C, 0x49, 0x8C
	.byte 0x4A, 0x8C, 0x46, 0x8C, 0x41, 0x8C, 0x46, 0x8C, 0x4D, 0x8C, 0x4A, 0x8C, 0x46, 0x8C, 0x4A, 0x8C
	.byte 0x3A, 0x8C, 0x4A, 0x8C, 0x35, 0x8C, 0x46, 0x8C, 0x3A, 0x8C, 0x41, 0x8C, 0x46, 0x8C, 0x47, 0x8C
	.byte 0x48, 0x8C, 0x45, 0x8C, 0x41, 0x8C, 0x45, 0x8C, 0x3F, 0x8C, 0x41, 0x8C, 0x45, 0x8C, 0x48, 0x8C
	.byte 0x37, 0x8C, 0x4B, 0x8C, 0x46, 0x8C, 0x43, 0x8C, 0x4B, 0x8C, 0x46, 0x8C, 0x43, 0x8C, 0x4F, 0x8C
	.byte 0xDB, 0x4A, 0x48, 0x8C, 0x46, 0x8C, 0x41, 0x8C, 0x46, 0x8C, 0x3E, 0x8C, 0x41, 0x8C, 0x46, 0x8C
	.byte 0x4A, 0x8C, 0xB4, 0x39, 0x8C, 0x48, 0x8C, 0x45, 0x8C, 0x41, 0x8C, 0x4B, 0x8C, 0x41, 0x8C, 0x45
	.byte 0x8C, 0x3F, 0x8C, 0xB3, 0x59, 0xD9, 0x8A, 0x08, 0xDB, 0x3A, 0x48, 0x8C, 0x4B, 0x8C, 0x48, 0x8C
	.byte 0x43, 0x8C, 0x4A, 0x8C, 0x48, 0x8C, 0x43, 0x8C, 0x48, 0x8C, 0x4A, 0x8C, 0x46, 0x8C, 0x4D, 0x8C
	.byte 0x4A, 0x8C, 0x52, 0x8C, 0x4D, 0x8C, 0x4A, 0x8C, 0x48, 0x8C, 0x39, 0x8C, 0x48, 0x8C, 0x3C, 0x8C
	.byte 0x41, 0x8C, 0x4D, 0x8C, 0x41, 0x8C, 0x45, 0x8C, 0x41, 0x8C, 0x35, 0x8C, 0x46, 0x8C, 0x35, 0x8C
	.byte 0x3F, 0x8C, 0x4A, 0x8C, 0x41, 0x8C, 0x3E, 0x8C, 0x41, 0x8C, 0x35, 0x8C, 0x46, 0x8C, 0x35, 0x8C
	.byte 0x3E, 0x8C, 0x4A, 0x8C, 0x41, 0x8C, 0x3E, 0x8C, 0x41, 0x8C, 0xB2, 0xF2, 0xD7, 0x8A, 0x08, 0xB1
	.byte 0xBC, 0x00, 0xBD, 0x52, 0xBF, 0x40, 0xBE, 0x25, 0xC1, 0x0C, 0xC2, 0x2C, 0xC0, 0x41, 0xF7, 0x4D
	.byte 0x40, 0xA8, 0xDB, 0x4B, 0x8C, 0x4A, 0x8C, 0xF7, 0x48, 0x40, 0xA8, 0xDB, 0x46, 0x8C, 0x48, 0x8C
	.byte 0xB4, 0xE7, 0x4A, 0x40, 0x98, 0x4B, 0x98, 0x4D, 0x98, 0x4F, 0x98, 0xB4, 0xFF, 0x4D, 0xB0, 0xF7
	.byte 0x4F, 0xA8, 0xDB, 0x51, 0x8C, 0x52, 0x8C, 0xE7, 0x4D, 0x40, 0x98, 0x4A, 0x98, 0x46, 0x98, 0x4B
	.byte 0x98, 0xB4, 0xF7, 0x4A, 0xA8, 0xDB, 0x4B, 0x8C, 0x4A, 0x8C, 0xFF, 0x48, 0xB0, 0xF7, 0x4F, 0xA8
	.byte 0xDB, 0x4D, 0x8C, 0x4B, 0x8C, 0xE7, 0x4D, 0x40, 0x98, 0x4A, 0x98, 0xDB, 0x46, 0xA0, 0xB4, 0xEF
	.byte 0x4B, 0x40, 0xA0, 0xDF, 0x90, 0x4A, 0x90, 0x48, 0x90, 0xB4, 0xEF, 0x4A, 0xA0, 0x4D, 0xA0, 0xEF
	.byte 0x4F, 0x40, 0xA4, 0xDB, 0x8C, 0x51, 0x8C, 0x52, 0x8C, 0xB4, 0xB3, 0x10, 0xDA, 0x8A, 0x08, 0xEF
	.byte 0x4A, 0x40, 0xA0, 0xD2, 0x48, 0x83, 0x4A, 0x83, 0xE1, 0x48, 0x92, 0xDB, 0x43, 0x8C, 0xD5, 0x45
	.byte 0x8C, 0xEF, 0x46, 0xA0, 0xBD, 0x53, 0xD2, 0x4E, 0x83, 0xD8, 0x4D, 0x89, 0xDB, 0x4B, 0x8C, 0x4A
	.byte 0x8C, 0x4B, 0x8C, 0xF7, 0x4D, 0xA8, 0xDB, 0x4B, 0x8C, 0x4A, 0x8C, 0xB3, 0xF0, 0xD9, 0x8A, 0x08
	.byte 0xB3, 0xFA, 0xD9, 0x8A, 0x08, 0xF7, 0x4D, 0x40, 0xA8, 0xDB, 0x4B, 0x8C, 0x4D, 0x8C, 0xEF, 0x4F
	.byte 0xA4, 0xDB, 0x8C, 0x51, 0x8C, 0xD8, 0x52, 0x89, 0xD2, 0x4C, 0x83, 0xB3, 0x10, 0xDA, 0x8A, 0x08
	.byte 0xEF, 0x4A, 0x40, 0xA0, 0xDF, 0x90, 0x4B, 0x90, 0x4A, 0x90, 0xF7, 0x48, 0xA8, 0xDB, 0x4D, 0x8C
	.byte 0x4E, 0x8C, 0xEF, 0x4F, 0xA4, 0xDB, 0x8C, 0x51, 0x8C, 0x4F, 0x8C, 0xB3, 0x2E, 0xDA, 0x8A, 0x08
	.byte 0xB3, 0x38, 0xDA, 0x8A, 0x08, 0xE7, 0x4A, 0x40, 0x98, 0x4B, 0x98, 0x4D, 0x98, 0x4E, 0x98, 0xB3
	.byte 0x48, 0xDA, 0x8A, 0x08, 0xE7, 0x56, 0x40, 0x98, 0x54, 0x98, 0x52, 0x98, 0x4D, 0x98, 0xEF, 0x4A
	.byte 0xA0, 0xE7, 0x48, 0x98, 0xDB, 0x43, 0x8C, 0xD5, 0x45, 0x8C, 0xF7, 0x46, 0xB0, 0xA0, 0xDB, 0x4D
	.byte 0x8C, 0x4B, 0x8C, 0x4A, 0x8C, 0x4B, 0x8C, 0xB2, 0xDB, 0xD9, 0x8A, 0x08, 0xB1, 0xBC, 0x00, 0xBD
	.byte 0x2E, 0xBE, 0x64, 0xC1, 0x0C, 0xC2, 0x2C, 0xBF, 0x4B, 0xB0, 0xB0, 0xAC, 0xD2, 0x4D, 0x20, 0x83
	.byte 0x51, 0x83, 0x54, 0x83, 0x57, 0x83, 0xE7, 0x59, 0x30, 0x98, 0xD5, 0x56, 0x8C, 0xDB, 0x56, 0x14
	.byte 0x8C, 0xD5, 0x57, 0x30, 0x8C, 0xDB, 0x57, 0x14, 0x8C, 0xD5, 0x59, 0x30, 0x8C, 0xDB, 0x59, 0x14
	.byte 0x8C, 0xD5, 0x5B, 0x30, 0x8C, 0xDB, 0x5B, 0x14, 0x9C, 0xD5, 0x5E, 0x30, 0x8C, 0xDB, 0x5E, 0x14
	.byte 0x9C, 0xD5, 0x59, 0x30, 0x8C, 0xDB, 0x59, 0x14, 0x9C, 0xD5, 0x5E, 0x30, 0x8C, 0xDB, 0x5E, 0x14
	.byte 0x9C, 0xB4, 0xB3, 0x4A, 0xDB, 0x8A, 0x08, 0xD5, 0x54, 0x30, 0x8C, 0xDB, 0x54, 0x14, 0x9C, 0xD5
	.byte 0x59, 0x30, 0x8C, 0xDB, 0x59, 0x14, 0x9C, 0xB0, 0xB0, 0xB0, 0xB0, 0xB0, 0xB0, 0xB0, 0xB0, 0xBD
	.byte 0x09, 0x98, 0xD5, 0x51, 0x2C, 0x8C, 0xDB, 0x51, 0x14, 0x9C, 0xD5, 0x4D, 0x2C, 0x8C, 0xDB, 0x4D
	.byte 0x14, 0x8C, 0x98, 0xD5, 0x51, 0x2C, 0x8C, 0xDB, 0x51, 0x14, 0x8C, 0xD5, 0x4D, 0x2C, 0x8C, 0xDB
	.byte 0x4D, 0x14, 0x8C, 0xD5, 0x51, 0x2C, 0x8C, 0xDB, 0x51, 0x14, 0x8C, 0x98, 0xD5, 0x52, 0x2C, 0x8C
	.byte 0xDB, 0x52, 0x14, 0x9C, 0xD5, 0x4D, 0x2C, 0x8C, 0xDB, 0x4D, 0x14, 0x8C, 0x98, 0xD5, 0x52, 0x2C
	.byte 0x8C, 0xDB, 0x52, 0x14, 0x8C, 0xD5, 0x4D, 0x2C, 0x8C, 0xDB, 0x4D, 0x14, 0x8C, 0xD5, 0x52, 0x2C
	.byte 0x8C, 0xDB, 0x52, 0x14, 0x8C, 0x98, 0xD5, 0x52, 0x2C, 0x8C, 0xDB, 0x52, 0x14, 0x8C, 0xD5, 0x4F
	.byte 0x2C, 0x8C, 0xDB, 0x4F, 0x14, 0x8C, 0xD5, 0x57, 0x2C, 0x8C, 0xDB, 0x57, 0x14, 0x8C, 0x98, 0xD5
	.byte 0x52, 0x2C, 0x8C, 0xDB, 0x52, 0x14, 0x8C, 0xD5, 0x51, 0x2C, 0x8C, 0xDB, 0x51, 0x14, 0x8C, 0xD5
	.byte 0x52, 0x2C, 0x8C, 0xDB, 0x52, 0x14, 0x8C, 0x98, 0xD5, 0x56, 0x2C, 0x8C, 0xDB, 0x56, 0x14, 0x8C
	.byte 0xD5, 0x52, 0x2C, 0x8C, 0xDB, 0x52, 0x14, 0x9C, 0xD5, 0x4D, 0x2C, 0x8C, 0xDB, 0x4D, 0x14, 0x8C
	.byte 0xD5, 0x54, 0x2C, 0x8C, 0xDB, 0x54, 0x14, 0x8C, 0xD5, 0x51, 0x2C, 0x8C, 0xDB, 0x51, 0x14, 0x8C
	.byte 0xD5, 0x4D, 0x2C, 0x8C, 0xBD, 0x49, 0xDB, 0x4A, 0x30, 0x8C, 0xEF, 0x4B, 0xA4, 0xD2, 0x4C, 0x83
	.byte 0xD8, 0x4B, 0x89, 0xDB, 0x4D, 0x8C, 0x4B, 0x8C, 0xE7, 0x4A, 0x98, 0x46, 0x98, 0xDB, 0x41, 0xA0
	.byte 0xEF, 0x45, 0xA0, 0xD3, 0x48, 0x84, 0xD1, 0x4A, 0x82, 0xD9, 0x48, 0x8A, 0xDF, 0x45, 0x90, 0x41
	.byte 0x90, 0xE7, 0x46, 0x98, 0x48, 0x98, 0x4A, 0x98, 0x4B, 0x98, 0xEF, 0xA4, 0xDB, 0x8C, 0x4D, 0x8C
	.byte 0x4F, 0x8C, 0xE7, 0x52, 0x98, 0x4D, 0x98, 0x4A, 0x98, 0x46, 0x98, 0xEF, 0x41, 0xA0, 0xD2, 0x43
	.byte 0x83, 0x45, 0x83, 0xE1, 0x43, 0x92, 0xDB, 0x3E, 0x8C, 0xD5, 0x41, 0x8C, 0xF7, 0xB0, 0xB0, 0xB2
	.byte 0x08, 0xDB, 0x8A, 0x08, 0xB1, 0x00, 0x00, 0x09, 0x00, 0x00, 0xB2, 0xAC, 0x5D, 0x61, 0x08, 0x04
	.byte 0xCE, 0x8A, 0x08, 0xAE, 0xD0, 0x8A, 0x08, 0x60, 0xD1, 0x8A, 0x08, 0xCF, 0xD1, 0x8A, 0x08, 0x95
	.byte 0xD3, 0x8A, 0x08, 0x03, 0xD6, 0x8A, 0x08, 0xF0, 0xD7, 0x8A, 0x08, 0xD9, 0xD9, 0x8A, 0x08, 0x06
	.byte 0xDB, 0x8A, 0x08, 0xBC, 0x00, 0xBB, 0x46, 0xBD, 0x2E, 0xC2, 0x2C, 0xC1, 0x0C, 0xBE, 0x64, 0xBF
	.byte 0x40, 0xA8, 0xA8, 0xA8, 0xA4, 0xD5, 0x39, 0x40, 0x86, 0x3A, 0x86, 0xBD, 0x3C, 0xF3, 0x3B, 0x50
	.byte 0xA4, 0xD5, 0x3D, 0x86, 0x40, 0x86, 0xF3, 0x46, 0xA4, 0xD5, 0x44, 0x86, 0x42, 0x86, 0xCF, 0x41
	.byte 0xA8, 0xA0, 0xCE, 0xDB, 0x3F, 0x8C, 0x41, 0x8C, 0xF3, 0x42, 0xA4, 0xD5, 0x45, 0x86, 0x46, 0x86
	.byte 0xF3, 0x47, 0xA4, 0xD5, 0x42, 0x86, 0x44, 0x86, 0x86, 0xF3, 0x46, 0xA4, 0xD5, 0x47, 0x86, 0xF3
	.byte 0x48, 0xA4, 0xD5, 0x47, 0x40, 0x86, 0x46, 0x86, 0xF7, 0x44, 0xA8, 0xE7, 0x98, 0x42, 0x98, 0x44
	.byte 0x98, 0xA8, 0xA8, 0xBD, 0x0E, 0xF3, 0x42, 0x3C, 0xA4, 0xD5, 0x3E, 0x40, 0x8C, 0xF3, 0x42, 0xA4
	.byte 0xD5, 0x3E, 0x8C, 0xF7, 0x46, 0xA8, 0xBD, 0x49, 0xD5, 0x4D, 0x30, 0x8C, 0x46, 0x86, 0x48, 0x86
	.byte 0x4D, 0x86, 0x49, 0x86, 0x46, 0x86, 0x49, 0x86, 0x4D, 0x86, 0x49, 0x86, 0x4D, 0x86, 0x52, 0x86
	.byte 0xF3, 0x53, 0xA4, 0xD5, 0x54, 0x28, 0x86, 0x55, 0x86, 0xF3, 0x56, 0xA4, 0xD5, 0x53, 0x8C, 0xEF
	.byte 0x55, 0xA0, 0xD5, 0x57, 0x40, 0x8C, 0x53, 0x28, 0x86, 0x52, 0x86, 0xDB, 0x4E, 0x8C, 0xD5, 0x50
	.byte 0x8C, 0xDB, 0x52, 0x8C, 0xD5, 0x53, 0x8C, 0xDB, 0x52, 0x8C, 0xD5, 0x50, 0x8C, 0xF3, 0x4A, 0x30
	.byte 0xA4, 0xD5, 0x49, 0x86, 0x47, 0x86, 0xE7, 0x44, 0x98, 0x46, 0x98, 0x47, 0x98, 0xF3, 0x48, 0xA4
	.byte 0xD5, 0x49, 0x86, 0x4B, 0x86, 0xF3, 0x48, 0xA4, 0xBD, 0x3C, 0xD5, 0x39, 0x86, 0x3A, 0x86, 0xB2
	.byte 0xBE, 0xDC, 0x8A, 0x08, 0xB1, 0xBC, 0x00, 0xBD, 0x2E, 0xC1, 0x0C, 0xC2, 0x2C, 0xC1, 0x0C, 0xC2
	.byte 0x2C, 0xBE, 0x54, 0xBF, 0x20, 0xD5, 0x3B, 0x40, 0x8C, 0x3E, 0x8C, 0x42, 0x8C, 0x44, 0x8C, 0x47
	.byte 0x8C, 0x4A, 0x8C, 0xBF, 0x30, 0xD5, 0x4E, 0x40, 0x8C, 0x50, 0x8C, 0x53, 0x8C, 0x56, 0x8C, 0x5A
	.byte 0x8C, 0x5C, 0x8C, 0xB4, 0xBF, 0x70, 0xD5, 0x5E, 0x40, 0x8C, 0x59, 0x8C, 0xD5, 0x8C, 0x57, 0x8C
	.byte 0xD5, 0x8C, 0x55, 0x8C, 0xB4, 0xBF, 0x58, 0xD3, 0x52, 0x88, 0x4D, 0x88, 0x4B, 0x88, 0x4D, 0x88
	.byte 0x4B, 0x88, 0x46, 0x88, 0xBF, 0x10, 0xD3, 0x4B, 0x88, 0x46, 0x88, 0x42, 0x88, 0xBF, 0x20, 0xD5
	.byte 0x3B, 0x8C, 0x3E, 0x8C, 0x42, 0x8C, 0x44, 0x8C, 0x47, 0x8C, 0x4A, 0x8C, 0xB3, 0xBC, 0xDD, 0x8A
	.byte 0x08, 0xB3, 0xCD, 0xDD, 0x8A, 0x08, 0xBF, 0x5B, 0xD3, 0x52, 0x40, 0x88, 0x4D, 0x88, 0x48, 0x88
	.byte 0x4D, 0x88, 0x48, 0x88, 0x46, 0x88, 0xBF, 0x10, 0xD3, 0x48, 0x88, 0x46, 0x88, 0x41, 0x88, 0xBF
	.byte 0x20, 0xD5, 0x3E, 0x8C, 0x42, 0x8C, 0x44, 0x8C, 0x47, 0x8C, 0x4A, 0x8C, 0x4E, 0x8C, 0xBF, 0x30
	.byte 0xD5, 0x50, 0x8C, 0x53, 0x8C, 0x56, 0x8C, 0x5A, 0x8C, 0x5C, 0x8C, 0x5F, 0x8C, 0xBF, 0x70, 0xD5
	.byte 0x61, 0x8C, 0x5C, 0x8C, 0xD5, 0x8C, 0x59, 0x8C, 0xD5, 0x8C, 0x57, 0x8C, 0xBF, 0x60, 0xD3, 0x54
	.byte 0x88, 0x52, 0x88, 0x4D, 0x88, 0x52, 0x88, 0x4D, 0x88, 0x48, 0x88, 0xBF, 0x10, 0xD3, 0x4D, 0x88
	.byte 0x48, 0x84, 0xBD, 0x2F, 0xBF, 0x20, 0xD5, 0x2A, 0x86, 0x2A, 0x30, 0x86, 0xBF, 0x62, 0xBE, 0x64
	.byte 0xDB, 0x2F, 0x40, 0xA4, 0xBF, 0x20, 0xD5, 0x2A, 0x86, 0x2A, 0x2C, 0x86, 0xBF, 0x5F, 0xD5, 0x2F
	.byte 0x20, 0x8C, 0xD5, 0x8C, 0x2F, 0x28, 0x8C, 0x2F, 0x30, 0x8C, 0x2F, 0x44, 0x8C, 0xBF, 0x20, 0xD5
	.byte 0x27, 0x54, 0x86, 0x27, 0x40, 0x86, 0xBF, 0x5F, 0xDB, 0x2E, 0xA4, 0xBF, 0x20, 0xD5, 0x24, 0x86
	.byte 0xD5, 0x86, 0xBF, 0x5F, 0xDB, 0x30, 0x98, 0xBF, 0x1F, 0xD5, 0x2A, 0x30, 0x8C, 0xBF, 0x5E, 0xD5
	.byte 0x36, 0x40, 0x8C, 0xBF, 0x1F, 0xDB, 0x2A, 0x30, 0x8C, 0xD5, 0x2A, 0x2C, 0x8C, 0xBD, 0x49, 0xBF
	.byte 0x40, 0xF3, 0x4E, 0x40, 0xA4, 0xD2, 0x50, 0x24, 0x83, 0x51, 0x28, 0x83, 0x53, 0x2C, 0x83, 0x55
	.byte 0x30, 0x83, 0xBE, 0x55, 0xF3, 0x56, 0x40, 0xA4, 0xD5, 0x53, 0x8C, 0xF3, 0x55, 0xA4, 0xD5, 0x57
	.byte 0x86, 0x55, 0x86, 0x52, 0x86, 0x4D, 0x2C, 0x86, 0x48, 0x86, 0x4D, 0x86, 0x53, 0x40, 0x86, 0x4D
	.byte 0x2C, 0x86, 0x49, 0x86, 0x4D, 0x86, 0x54, 0x40, 0x86, 0x4D, 0x2C, 0x86, 0x52, 0x86, 0x55, 0x86
	.byte 0xF3, 0x56, 0x40, 0xA4, 0xD5, 0x57, 0x86, 0x59, 0x86, 0xF3, 0x5A, 0xA4, 0xD5, 0x57, 0x8C, 0xEF
	.byte 0x59, 0xA0, 0xD5, 0x5A, 0x8C, 0x57, 0x86, 0x55, 0x86, 0xDB, 0x52, 0x8C, 0xD5, 0x53, 0x8C, 0xDB
	.byte 0x54, 0x8C, 0xD5, 0x55, 0x8C, 0xDB, 0x54, 0x8C, 0xD5, 0x53, 0x8C, 0xF3, 0x52, 0x40, 0xA4, 0xD5
	.byte 0x50, 0x86, 0x4E, 0x86, 0xB4, 0xE7, 0x4D, 0x98, 0x4E, 0x98, 0x50, 0x98, 0xB3, 0x34, 0xDF, 0x8A
	.byte 0x08, 0xF3, 0x4D, 0x40, 0xA8, 0xB2, 0xA0, 0xDD, 0x8A, 0x08, 0xB1, 0xBC, 0x00, 0xBD, 0x30, 0xC2
	.byte 0x2C, 0xC1, 0x0C, 0xBE, 0x49, 0xBF, 0x52, 0xDB, 0x4E, 0x18, 0x8C, 0x50, 0x1C, 0x8C, 0x4E, 0x20
	.byte 0x8C, 0x50, 0x24, 0x8C, 0x4E, 0x28, 0x8C, 0x50, 0x2C, 0x8C, 0xDB, 0x4E, 0x30, 0x8C, 0x50, 0x34
	.byte 0x8C, 0x4E, 0x38, 0x8C, 0x50, 0x3C, 0x8C, 0x4E, 0x40, 0x8C, 0x50, 0x44, 0x8C, 0xB4, 0xDB, 0x4D
	.byte 0x48, 0x8C, 0x52, 0x44, 0x8C, 0x4D, 0x40, 0x8C, 0x52, 0x3C, 0x8C, 0x4D, 0x38, 0x8C, 0x52, 0x30
	.byte 0x8C, 0xB4, 0xDB, 0x4D, 0x2C, 0x8C, 0x52, 0x28, 0x8C, 0x4D, 0x24, 0x8C, 0x52, 0x1C, 0x8C, 0x4D
	.byte 0x18, 0x8C, 0x52, 0x14, 0x8C, 0xB4, 0xDB, 0x4E, 0x18, 0x8C, 0x50, 0x1C, 0x8C, 0x4E, 0x20, 0x8C
	.byte 0x50, 0x24, 0x8C, 0x4E, 0x28, 0x8C, 0x50, 0x2C, 0x8C, 0xB4, 0xB3, 0x73, 0xDF, 0x8A, 0x08, 0xDB
	.byte 0x4D, 0x4C, 0x8C, 0x52, 0x48, 0x8C, 0x4D, 0x40, 0x8C, 0x52, 0x3C, 0x8C, 0x4D, 0x38, 0x8C, 0x52
	.byte 0x34, 0x8C, 0x4D, 0x30, 0x8C, 0x52, 0x2C, 0x8C, 0x4D, 0x28, 0x8C, 0x52, 0x20, 0x8C, 0x4D, 0x1C
	.byte 0x8C, 0x52, 0x18, 0x8C, 0xB3, 0xAF, 0xDF, 0x8A, 0x08, 0xB3, 0x73, 0xDF, 0x8A, 0x08, 0xDB, 0x4D
	.byte 0x48, 0x8C, 0x52, 0x44, 0x8C, 0x4D, 0x40, 0x8C, 0x52, 0x3C, 0x8C, 0x4D, 0x38, 0x8C, 0x52, 0x34
	.byte 0x8C, 0xB4, 0x4D, 0x2C, 0x8C, 0x52, 0x28, 0x8C, 0x4D, 0x24, 0x8C, 0x52, 0x20, 0x8C, 0x4D, 0x1C
	.byte 0x8C, 0x52, 0x18, 0x8C, 0xB3, 0xAF, 0xDF, 0x8A, 0x08, 0xB3, 0x73, 0xDF, 0x8A, 0x08, 0xB3, 0xF7
	.byte 0xDF, 0x8A, 0x08, 0xDB, 0x4D, 0x2C, 0x8C, 0x52, 0x28, 0x8C, 0x4D, 0x24, 0x8C, 0x52, 0x20, 0x8C
	.byte 0x4D, 0x1C, 0x8C, 0x52, 0x14, 0x8C, 0xB3, 0xAF, 0xDF, 0x8A, 0x08, 0xB3, 0x73, 0xDF, 0x8A, 0x08
	.byte 0xB3, 0xF7, 0xDF, 0x8A, 0x08, 0xDB, 0x4D, 0x30, 0x8C, 0x52, 0x2C, 0x8C, 0x4D, 0x24, 0x8C, 0x52
	.byte 0x20, 0x8C, 0x4D, 0x1C, 0x8C, 0x52, 0x18, 0x8C, 0xB3, 0xAF, 0xDF, 0x8A, 0x08, 0xB3, 0x73, 0xDF
	.byte 0x8A, 0x08, 0xDB, 0x4D, 0x4C, 0x8C, 0x52, 0x48, 0x8C, 0x4D, 0x44, 0x8C, 0x52, 0x3C, 0x8C, 0x4D
	.byte 0x38, 0x8C, 0x52, 0x34, 0x8C, 0x4D, 0x30, 0x8C, 0x52, 0x2C, 0x8C, 0x4D, 0x28, 0x8C, 0x52, 0x24
	.byte 0x8C, 0x4D, 0x20, 0x8C, 0x52, 0x1C, 0x8C, 0xB3, 0xAF, 0xDF, 0x8A, 0x08, 0xB3, 0x73, 0xDF, 0x8A
	.byte 0x08, 0xB3, 0x87, 0xDF, 0x8A, 0x08, 0xB3, 0x9B, 0xDF, 0x8A, 0x08, 0xB2, 0x56, 0xDF, 0x8A, 0x08
	.byte 0xB1, 0xBC, 0x00, 0xBD, 0x50, 0xC2, 0x2C, 0xCD, 0x08, 0x12, 0x08, 0x10, 0xC1, 0x0C, 0xBE, 0x32
	.byte 0xBF, 0x02, 0xCF, 0x3E, 0x40, 0xA8, 0xA4, 0xCE, 0xD5, 0x3F, 0x86, 0x40, 0x86, 0xF3, 0x41, 0x40
	.byte 0xA4, 0xD5, 0x3F, 0x86, 0x3D, 0x86, 0xB4, 0xF3, 0x3C, 0x40, 0xA4, 0xD5, 0x3B, 0x86, 0x3D, 0x86
	.byte 0xB4, 0xCF, 0x3E, 0xA8, 0xA6, 0xCE, 0xD5, 0x3D, 0x86, 0xF3, 0x3C, 0x40, 0xA4, 0xD5, 0x3A, 0x86
	.byte 0x38, 0x86, 0xB4, 0xF5, 0x35, 0x40, 0xA6, 0xD5, 0x36, 0x86, 0xB4, 0xCF, 0x37, 0xA8, 0xA4, 0xCE
	.byte 0xD5, 0x3D, 0x86, 0x3F, 0x86, 0xF3, 0x42, 0x40, 0xA4, 0xD5, 0x44, 0x86, 0x42, 0x86, 0xB4, 0xF7
	.byte 0x41, 0xA8, 0xCF, 0x3E, 0xA8, 0xA4, 0xCE, 0xD5, 0x3F, 0x86, 0x40, 0x86, 0xB3, 0xC6, 0xE0, 0x8A
	.byte 0x08, 0xB3, 0xD0, 0xE0, 0x8A, 0x08, 0xCF, 0x3E, 0x40, 0xA8, 0xA6, 0xCE, 0xD5, 0x3D, 0x86, 0xB3
	.byte 0xE2, 0xE0, 0x8A, 0x08, 0xB3, 0xEC, 0xE0, 0x8A, 0x08, 0xCF, 0x37, 0x40, 0xA8, 0xA4, 0xCE, 0xD5
	.byte 0x3D, 0x86, 0x3F, 0x86, 0xB3, 0xFE, 0xE0, 0x8A, 0x08, 0xF7, 0x41, 0x40, 0xA8, 0xCF, 0x3E, 0xA8
	.byte 0xA4, 0xCE, 0xD5, 0x3F, 0x86, 0x40, 0x86, 0xB3, 0xC6, 0xE0, 0x8A, 0x08, 0xB3, 0xD0, 0xE0, 0x8A
	.byte 0x08, 0xB2, 0xAC, 0xE0, 0x8A, 0x08, 0xB1, 0xBC, 0x00, 0xBD, 0x51, 0xC2, 0x2C, 0xCD, 0x08, 0x12
	.byte 0x08, 0x10, 0xC1, 0x0C, 0xBE, 0x32, 0xBF, 0x7F, 0xCF, 0x44, 0x40, 0xA8, 0xA4, 0xCE, 0xD5, 0x86
	.byte 0x45, 0x86, 0xCF, 0x46, 0xA8, 0xA6, 0xCE, 0xD5, 0x45, 0x86, 0xF3, 0x44, 0x40, 0xA4, 0xD5, 0x47
	.byte 0x86, 0x49, 0x86, 0xB4, 0xF3, 0x4A, 0x40, 0xA4, 0xDB, 0x47, 0x8C, 0xB4, 0xF3, 0x49, 0x40, 0xA4
	.byte 0xDB, 0x46, 0x8C, 0xB4, 0xF5, 0x48, 0x40, 0xA6, 0xD5, 0x41, 0x86, 0xB4, 0xF3, 0x42, 0x40, 0xA4
	.byte 0xD5, 0x47, 0x86, 0x49, 0x86, 0xB4, 0xB3, 0x8D, 0xE1, 0x8A, 0x08, 0xF3, 0x49, 0x40, 0xA4, 0xD5
	.byte 0x4B, 0x86, 0x49, 0x86, 0xB4, 0xF7, 0x48, 0xA8, 0xCF, 0x44, 0xA8, 0xA4, 0xCE, 0xD5, 0x86, 0x45
	.byte 0x86, 0xCF, 0x46, 0xA8, 0xA6, 0xCE, 0xD5, 0x45, 0x86, 0xB3, 0x83, 0xE1, 0x8A, 0x08, 0xB3, 0x8D
	.byte 0xE1, 0x8A, 0x08, 0xB3, 0x95, 0xE1, 0x8A, 0x08, 0xB3, 0x9D, 0xE1, 0x8A, 0x08, 0xB3, 0xA5, 0xE1
	.byte 0x8A, 0x08, 0xB3, 0x8D, 0xE1, 0x8A, 0x08, 0xB3, 0xB4, 0xE1, 0x8A, 0x08, 0xF7, 0x48, 0x40, 0xA8
	.byte 0xCF, 0x44, 0xA8, 0xA4, 0xCE, 0xD5, 0x86, 0x45, 0x86, 0xCF, 0x46, 0xA8, 0xA6, 0xCE, 0xD5, 0x45
	.byte 0x86, 0xB2, 0x62, 0xE1, 0x8A, 0x08, 0xB1, 0xBC, 0x00, 0xBD, 0x00, 0xBE, 0x5D, 0xA8, 0xA8, 0xA8
	.byte 0xA8, 0xA8, 0xA8, 0xA8, 0xA8, 0xA8, 0xA8, 0xA8, 0xA8, 0xA8, 0xA8, 0xEF, 0x39, 0x34, 0xA8, 0xA8
	.byte 0xA8, 0xA8, 0xA8, 0xA8, 0xA8, 0xA8, 0xA8, 0xA8, 0xA8, 0xA8, 0xA8, 0xA8, 0xB2, 0x12, 0xE2, 0x8A
	.byte 0x08, 0xB1, 0xBC, 0x00, 0xBD, 0x57, 0xC2, 0x2C, 0xCD, 0x08, 0x12, 0x08, 0x10, 0xC1, 0x0C, 0xBF
	.byte 0x40, 0xBE, 0x4B, 0xC0, 0x40, 0xF3, 0x2F, 0x40, 0xA4, 0xD5, 0x2A, 0x8C, 0xE7, 0x2F, 0x40, 0x98
	.byte 0xD5, 0x8C, 0x2A, 0x8C, 0xD2, 0x2E, 0x83, 0xD8, 0x2F, 0x89, 0xD5, 0x2D, 0x86, 0x2B, 0x86, 0xB4
	.byte 0xF3, 0x2A, 0x40, 0xA4, 0xD5, 0x24, 0x8C, 0xB4, 0xE9, 0x2A, 0x40, 0x9C, 0xD5, 0x24, 0x8C, 0xD2
	.byte 0x29, 0x83, 0xD8, 0x2A, 0x89, 0xD5, 0x2C, 0x86, 0x2E, 0x86, 0xB4, 0xF3, 0x2F, 0x40, 0xA4, 0xD5
	.byte 0x2A, 0x86, 0x2C, 0x86, 0xB4, 0xB3, 0x55, 0xE2, 0x8A, 0x08, 0xB3, 0x69, 0xE2, 0x8A, 0x08, 0xE7
	.byte 0x2A, 0x40, 0x98, 0xD5, 0x8C, 0x24, 0x8C, 0xD2, 0x29, 0x83, 0xD8, 0x2A, 0x89, 0xD5, 0x26, 0x86
	.byte 0x2A, 0x86, 0xF3, 0x2B, 0x40, 0xA4, 0xD5, 0x23, 0x8C, 0xB4, 0xEF, 0x2B, 0x40, 0xA0, 0xD5, 0x23
	.byte 0x8C, 0xDB, 0x2B, 0x8C, 0xB4, 0xEF, 0x2A, 0x40, 0xA0, 0xD5, 0x25, 0x8C, 0x29, 0x8C, 0xB4, 0xEB
	.byte 0x2A, 0x9C, 0xD5, 0x24, 0x8C, 0xDB, 0x2A, 0x8C, 0xD5, 0x2E, 0x8C, 0xF3, 0x2F, 0x40, 0xA4, 0xD5
	.byte 0x2A, 0x8C, 0xB4, 0xE7, 0x2F, 0x98, 0xD5, 0x8C, 0x2A, 0x8C, 0xDB, 0x2F, 0x8C, 0xD5, 0x2D, 0x86
	.byte 0x2B, 0x86, 0xB3, 0x69, 0xE2, 0x8A, 0x08, 0xE9, 0x2A, 0x40, 0x9C, 0xD5, 0x8C, 0xDB, 0x8C, 0xD5
	.byte 0x2C, 0x86, 0x2E, 0x86, 0xB3, 0x84, 0xE2, 0x8A, 0x08, 0xF3, 0x2F, 0x40, 0xA4, 0xD5, 0x2D, 0x86
	.byte 0x2B, 0x86, 0xB3, 0x69, 0xE2, 0x8A, 0x08, 0xE7, 0x2A, 0x40, 0x9C, 0xD5, 0x8C, 0xDB, 0x8C, 0xD5
	.byte 0x24, 0x86, 0x2A, 0x86, 0xB3, 0xAB, 0xE2, 0x8A, 0x08, 0xB3, 0xB3, 0xE2, 0x8A, 0x08, 0xB3, 0xBE
	.byte 0xE2, 0x8A, 0x08, 0xEB, 0x2A, 0x40, 0x9C, 0xD5, 0x24, 0x8C, 0xDB, 0x2A, 0x8C, 0xD5, 0x24, 0x8C
	.byte 0xB3, 0xD4, 0xE2, 0x8A, 0x08, 0xB3, 0x55, 0xE2, 0x8A, 0x08, 0xB3, 0x69, 0xE2, 0x8A, 0x08, 0xB3
	.byte 0x71, 0xE2, 0x8A, 0x08, 0xB2, 0x3D, 0xE2, 0x8A, 0x08, 0xB1, 0xBC, 0x00, 0xBD, 0x18, 0xC2, 0x2C
	.byte 0xC1, 0x0C, 0xBE, 0x64, 0xBF, 0x2F, 0xDB, 0x47, 0x18, 0x8C, 0x4A, 0x1C, 0x8C, 0x47, 0x20, 0x8C
	.byte 0x4A, 0x24, 0x8C, 0x47, 0x28, 0x8C, 0x4A, 0x2C, 0x8C, 0xDB, 0x47, 0x30, 0x8C, 0x4A, 0x34, 0x8C
	.byte 0x47, 0x38, 0x8C, 0x4A, 0x3C, 0x8C, 0x47, 0x40, 0x8C, 0x4A, 0x44, 0x8C, 0xB4, 0xDB, 0x46, 0x48
	.byte 0x8C, 0x48, 0x44, 0x8C, 0x46, 0x40, 0x8C, 0x48, 0x3C, 0x8C, 0x46, 0x38, 0x8C, 0x48, 0x30, 0x8C
	.byte 0xB4, 0xDB, 0x46, 0x2C, 0x8C, 0x48, 0x28, 0x8C, 0x46, 0x24, 0x8C, 0x48, 0x1C, 0x8C, 0x46, 0x18
	.byte 0x8C, 0x48, 0x14, 0x8C, 0xB4, 0xDB, 0x47, 0x20, 0x8C, 0x4A, 0x44, 0x8C, 0x47, 0x20, 0x8C, 0x4A
	.byte 0x8C, 0x47, 0x8C, 0x4A, 0x8C, 0xB4, 0xDB, 0x47, 0x34, 0x8C, 0x4A, 0x40, 0x8C, 0x47, 0x20, 0x8C
	.byte 0x4A, 0x8C, 0x47, 0x24, 0x8C, 0x4A, 0x30, 0x8C, 0xB4, 0xDB, 0x46, 0x40, 0x8C, 0x49, 0x8C, 0x46
	.byte 0x20, 0x8C, 0x49, 0x8C, 0x46, 0x8C, 0x49, 0x8C, 0xB4, 0xDB, 0x46, 0x34, 0x8C, 0x48, 0x40, 0x8C
	.byte 0x46, 0x20, 0x8C, 0x48, 0x8C, 0x46, 0x24, 0x8C, 0x48, 0x30, 0x8C, 0xB4, 0xDB, 0x42, 0x40, 0x8C
	.byte 0x47, 0x8C, 0x42, 0x20, 0x8C, 0x47, 0x8C, 0x42, 0x8C, 0x47, 0x8C, 0xB4, 0xDB, 0x43, 0x34, 0x8C
	.byte 0x47, 0x40, 0x8C, 0x43, 0x20, 0x8C, 0x47, 0x8C, 0x43, 0x24, 0x8C, 0x47, 0x30, 0x8C, 0xB4, 0xB3
	.byte 0xD2, 0xE3, 0x8A, 0x08, 0xB3, 0xE2, 0xE3, 0x8A, 0x08, 0xDB, 0x47, 0x18, 0x8C, 0x4A, 0x1C, 0x8C
	.byte 0x47, 0x20, 0x8C, 0x4A, 0x24, 0x8C, 0x47, 0x28, 0x8C, 0x4A, 0x2C, 0x8C, 0xB4, 0xB3, 0x72, 0xE3
	.byte 0x8A, 0x08, 0xDB, 0x46, 0x4C, 0x8C, 0x48, 0x48, 0x8C, 0x46, 0x44, 0x8C, 0x48, 0x3C, 0x8C, 0x46
	.byte 0x38, 0x8C, 0x48, 0x34, 0x8C, 0x46, 0x2C, 0x8C, 0x48, 0x28, 0x8C, 0x46, 0x24, 0x8C, 0x48, 0x20
	.byte 0x8C, 0x46, 0x18, 0x8C, 0x48, 0x14, 0x8C, 0xB3, 0xAE, 0xE3, 0x8A, 0x08, 0xB3, 0xBF, 0xE3, 0x8A
	.byte 0x08, 0xB3, 0xD2, 0xE3, 0x8A, 0x08, 0xB3, 0xE2, 0xE3, 0x8A, 0x08, 0xB3, 0xF5, 0xE3, 0x8A, 0x08
	.byte 0xB3, 0x05, 0xE4, 0x8A, 0x08, 0xB3, 0xD2, 0xE3, 0x8A, 0x08, 0xB3, 0xE2, 0xE3, 0x8A, 0x08, 0xB3
	.byte 0x22, 0xE4, 0x8A, 0x08, 0xB3, 0x72, 0xE3, 0x8A, 0x08, 0xB3, 0x86, 0xE3, 0x8A, 0x08, 0xB3, 0x9A
	.byte 0xE3, 0x8A, 0x08, 0xB2, 0x55, 0xE3, 0x8A, 0x08, 0xB1, 0x00, 0x00, 0x08, 0x00, 0x00, 0xB2, 0x9C
	.byte 0x61, 0x61, 0x08, 0xBC, 0xDC, 0x8A, 0x08, 0x9E, 0xDD, 0x8A, 0x08, 0x54, 0xDF, 0x8A, 0x08, 0xAA
	.byte 0xE0, 0x8A, 0x08, 0x60, 0xE1, 0x8A, 0x08, 0x10, 0xE2, 0x8A, 0x08, 0x3B, 0xE2, 0x8A, 0x08, 0x53
	.byte 0xE3, 0x8A, 0x08, 0xBC, 0x00, 0xBB, 0x4A, 0xBD, 0x7F, 0xC2, 0x2C, 0xC1, 0x0C, 0xBF, 0x7F, 0xBE
	.byte 0x4F, 0x8C, 0xB0, 0xB0, 0xB0, 0xB0, 0xD1, 0x5B, 0x4C, 0x88, 0x5B, 0x24, 0x88, 0x5B, 0x30, 0x88
	.byte 0x5B, 0x4C, 0x88, 0x5B, 0x24, 0x88, 0x5B, 0x30, 0x88, 0x5B, 0x4C, 0x88, 0x5B, 0x24, 0x88, 0x5B
	.byte 0x30, 0x88, 0x5B, 0x4C, 0x88, 0x5B, 0x24, 0x88, 0x5B, 0x30, 0x88, 0xB4, 0xB3, 0xDF, 0xE4, 0x8A
	.byte 0x08, 0xB3, 0xDF, 0xE4, 0x8A, 0x08, 0xD1, 0x5B, 0x4C, 0x88, 0x5B, 0x24, 0x88, 0x5B, 0x30, 0x88
	.byte 0x5B, 0x4C, 0x88, 0x5B, 0x24, 0x88, 0x5B, 0x30, 0x88, 0x5B, 0x4C, 0x88, 0x5B, 0x24, 0x88, 0x5B
	.byte 0x30, 0x88, 0x5B, 0x4C, 0x88, 0x5B, 0x24, 0x88, 0x5B, 0x38, 0x88, 0xB2, 0xDF, 0xE4, 0x8A, 0x08
	.byte 0xB1, 0xBC, 0x00, 0xBD, 0x38, 0xC2, 0x2C, 0xC1, 0x0C, 0xBF, 0x3F, 0xBE, 0x64, 0x8C, 0xD5, 0x41
	.byte 0x58, 0x8C, 0x3C, 0x86, 0x41, 0x86, 0x45, 0x8C, 0x41, 0x86, 0x45, 0x86, 0x48, 0x8C, 0x45, 0x86
	.byte 0x48, 0x86, 0xD3, 0x4D, 0x88, 0x48, 0x88, 0x45, 0x88, 0xD5, 0x42, 0x8C, 0x3D, 0x86, 0x42, 0x86
	.byte 0x46, 0x8C, 0x42, 0x86, 0x46, 0x86, 0x49, 0x8C, 0x46, 0x86, 0x49, 0x86, 0xD3, 0x4E, 0x88, 0x49
	.byte 0x88, 0x46, 0x88, 0x43, 0x88, 0x4A, 0x88, 0x4F, 0x88, 0x47, 0x88, 0xD3, 0x88, 0xD3, 0x88, 0x4F
	.byte 0x88, 0x47, 0x88, 0x4F, 0x88, 0xD3, 0x88, 0x4E, 0x88, 0x4F, 0x88, 0xE7, 0x51, 0x9C, 0xD2, 0x86
	.byte 0xD2, 0x86, 0xD2, 0x8C, 0xD8, 0x8C, 0xD3, 0x88, 0x4F, 0x88, 0x4C, 0x88, 0xBD, 0x18, 0xBF, 0x50
	.byte 0xBE, 0x5E, 0xD3, 0x4E, 0x34, 0x88, 0x4F, 0x88, 0x50, 0x88, 0x51, 0x98, 0xBD, 0x49, 0xD3, 0x5A
	.byte 0x28, 0x88, 0x5B, 0x88, 0x5C, 0x88, 0x5D, 0x88, 0x62, 0x88, 0x5A, 0x88, 0xEB, 0x5D, 0x20, 0x8C
	.byte 0xC4, 0x05, 0xBE, 0x5E, 0x84, 0x58, 0x84, 0x51, 0x84, 0x4D, 0x84, 0x4A, 0x84, 0x5E, 0x84, 0xC4
	.byte 0x00, 0xD3, 0x5F, 0x84, 0xD7, 0x5D, 0x88, 0xEF, 0x5B, 0x98, 0xC4, 0x05, 0xBE, 0x5A, 0x84, 0x58
	.byte 0x84, 0x53, 0x84, 0x4D, 0x84, 0x4A, 0x84, 0x47, 0x84, 0xBD, 0x18, 0xC4, 0x00, 0xBE, 0x5E, 0xD3
	.byte 0x4C, 0x34, 0x88, 0x4D, 0x88, 0x4E, 0x88, 0x4F, 0x98, 0xBD, 0x49, 0xD3, 0x58, 0x28, 0x88, 0x5A
	.byte 0x88, 0x5B, 0x88, 0xD3, 0x88, 0x5A, 0x88, 0x58, 0x88, 0xEB, 0x56, 0x8C, 0xC4, 0x05, 0xBE, 0x59
	.byte 0x84, 0x56, 0x84, 0x53, 0x84, 0x4E, 0x84, 0x4B, 0x84, 0x4A, 0x84, 0xC4, 0x00, 0xBE, 0x5E, 0xD3
	.byte 0x55, 0x84, 0xD7, 0x56, 0x88, 0xE7, 0x58, 0x98, 0xDF, 0x60, 0x90, 0xD3, 0x5E, 0x88, 0xB2, 0xA5
	.byte 0xE5, 0x8A, 0x08, 0xB1, 0xBC, 0x00, 0xBD, 0x2F, 0xC2, 0x2C, 0xC1, 0x0C, 0xBF, 0x40, 0xBE, 0x64
	.byte 0xD3, 0x30, 0x40, 0x84, 0xD3, 0x84, 0xD3, 0x84, 0xE7, 0x29, 0x9C, 0xD2, 0x30, 0x20, 0x86, 0x30
	.byte 0x30, 0x86, 0xD5, 0x8C, 0x30, 0x3C, 0x8C, 0xD3, 0x30, 0x40, 0x88, 0x35, 0x34, 0x88, 0x30, 0x40
	.byte 0x88, 0xE7, 0x2A, 0x9C, 0xD2, 0x31, 0x20, 0x86, 0x31, 0x30, 0x86, 0xD5, 0x8C, 0x31, 0x3C, 0x8C
	.byte 0xD3, 0x31, 0x40, 0x88, 0x36, 0x34, 0x88, 0x31, 0x40, 0x88, 0xD5, 0x37, 0x8C, 0x32, 0x8C, 0x37
	.byte 0x8C, 0x32, 0x8C, 0x37, 0x8C, 0x32, 0x8C, 0xD3, 0x37, 0x88, 0x32, 0x88, 0x37, 0x84, 0x39, 0x84
	.byte 0xE3, 0x2D, 0xA0, 0xD3, 0x34, 0x8C, 0xD7, 0x2D, 0x8C, 0xD3, 0x39, 0x88, 0x34, 0x88, 0x2D, 0x88
	.byte 0xB0, 0xB0, 0xB0, 0xB0, 0xB2, 0xA9, 0xE6, 0x8A, 0x08, 0xB1, 0xBC, 0x00, 0xBD, 0x50, 0xC2, 0x2C
	.byte 0xCD, 0x08, 0x12, 0x08, 0x10, 0xC1, 0x0C, 0xBE, 0x64, 0xBF, 0x7F, 0xD1, 0x4D, 0x28, 0x84, 0xD1
	.byte 0x84, 0xD1, 0x84, 0xEA, 0x8C, 0xC4, 0x05, 0x96, 0x00, 0x82, 0xD1, 0x86, 0xD1, 0x86, 0xD3, 0x8C
	.byte 0xD3, 0x8C, 0xD3, 0x88, 0x48, 0x88, 0x4D, 0x88, 0xEA, 0x4E, 0x8E, 0xC4, 0x05, 0x96, 0x00, 0xD1
	.byte 0x86, 0xD1, 0x88, 0xD3, 0x8A, 0xD3, 0x8C, 0xD3, 0x88, 0x49, 0x88, 0x4E, 0x88, 0x4F, 0x88, 0x4A
	.byte 0x88, 0x4F, 0x88, 0xD3, 0x88, 0xD3, 0x88, 0xD3, 0x88, 0xD3, 0x88, 0x47, 0x88, 0x4F, 0x88, 0xD3
	.byte 0x88, 0x4E, 0x88, 0x4F, 0x88, 0xE7, 0x4C, 0x8C, 0xC4, 0x05, 0x8C, 0x00, 0x8C, 0xD1, 0x86, 0xD1
	.byte 0x86, 0xD1, 0x8C, 0xD7, 0x8C, 0xD3, 0x88, 0x4A, 0x88, 0x45, 0x88, 0xBF, 0x00, 0xBE, 0x45, 0xD3
	.byte 0x4E, 0x28, 0x88, 0x4F, 0x88, 0x50, 0x88, 0x51, 0x88, 0x50, 0x88, 0x4F, 0x88, 0xBF, 0x7F, 0xD3
	.byte 0x4E, 0x88, 0x4F, 0x88, 0x50, 0x88, 0x51, 0x88, 0x50, 0x88, 0x4F, 0x88, 0xBF, 0x00, 0xD3, 0x4C
	.byte 0x88, 0x4E, 0x88, 0x4F, 0x88, 0x51, 0x88, 0x4F, 0x88, 0x4E, 0x88, 0xBF, 0x7F, 0xD3, 0x48, 0x88
	.byte 0x4C, 0x88, 0x4F, 0x88, 0x4C, 0x88, 0x4F, 0x88, 0x54, 0x88, 0xBF, 0x00, 0xD3, 0x4C, 0x88, 0x4D
	.byte 0x88, 0x4E, 0x88, 0x4F, 0x88, 0x4E, 0x88, 0x4D, 0x88, 0xBF, 0x7F, 0xD3, 0x4C, 0x88, 0x4D, 0x88
	.byte 0x4E, 0x88, 0x4F, 0x88, 0x4E, 0x88, 0x4C, 0x88, 0xBF, 0x00, 0xD3, 0x46, 0x88, 0x4A, 0x88, 0x4D
	.byte 0x88, 0x4A, 0x88, 0x4D, 0x88, 0x52, 0x88, 0xBF, 0x7F, 0xD3, 0x4C, 0x88, 0x4F, 0x88, 0x54, 0x88
	.byte 0x4F, 0x88, 0x54, 0x88, 0x58, 0x88, 0xB2, 0x24, 0xE7, 0x8A, 0x08, 0xB1, 0xBC, 0x00, 0xBD, 0x51
	.byte 0xC2, 0x2C, 0xCD, 0x08, 0x12, 0x08, 0x10, 0xC1, 0x0C, 0xBF, 0x40, 0xBE, 0x60, 0xD1, 0x30, 0x40
	.byte 0x84, 0xD1, 0x84, 0xD1, 0x84, 0xF7, 0x29, 0x48, 0xA8, 0xD3, 0x24, 0x40, 0x88, 0x2D, 0x88, 0x35
	.byte 0x88, 0xE9, 0x2A, 0x48, 0x9C, 0xD2, 0x2A, 0x40, 0x86, 0xD2, 0x86, 0xD5, 0x8C, 0xD2, 0x8C, 0xD3
	.byte 0x25, 0x88, 0x2E, 0x88, 0x36, 0x88, 0xD5, 0x2B, 0x48, 0x8C, 0x26, 0x40, 0x8C, 0x2B, 0x8C, 0x26
	.byte 0x8C, 0x2B, 0x8C, 0x26, 0x8C, 0xD3, 0x88, 0x2B, 0x88, 0x2F, 0x88, 0xE7, 0x2D, 0x48, 0x9C, 0xD2
	.byte 0x2D, 0x40, 0x86, 0xD2, 0x86, 0xD2, 0x8C, 0xD8, 0x8C, 0xD3, 0x88, 0x2F, 0x88, 0x31, 0x88, 0xBE
	.byte 0x58, 0xD7, 0x32, 0x48, 0x90, 0xD3, 0x32, 0x38, 0x88, 0xD7, 0x2D, 0x90, 0xD3, 0x32, 0x88, 0xD7
	.byte 0x32, 0x48, 0x90, 0xD3, 0x32, 0x38, 0x88, 0xD7, 0x2D, 0x88, 0xD3, 0x2E, 0x88, 0x2F, 0x88, 0xD7
	.byte 0x30, 0x48, 0x90, 0xD3, 0x30, 0x38, 0x88, 0xD7, 0x2D, 0x90, 0xD3, 0x30, 0x88, 0xD7, 0x30, 0x48
	.byte 0x90, 0xD3, 0x30, 0x38, 0x88, 0xD7, 0x2B, 0x88, 0xD3, 0x2D, 0x88, 0x2E, 0x88, 0xD7, 0x2F, 0x48
	.byte 0x90, 0xD3, 0x2F, 0x38, 0x88, 0xD7, 0x2B, 0x90, 0xD3, 0x2F, 0x88, 0xD7, 0x2F, 0x48, 0x90, 0xD3
	.byte 0x2F, 0x38, 0x88, 0xD7, 0x2B, 0x88, 0xD3, 0x2C, 0x88, 0x2D, 0x88, 0xD7, 0x2E, 0x48, 0x90, 0xD3
	.byte 0x2E, 0x38, 0x88, 0xD7, 0x29, 0x88, 0xD3, 0x2E, 0x88, 0x29, 0x88, 0xD7, 0x30, 0x48, 0x90, 0xD3
	.byte 0x30, 0x38, 0x88, 0xD7, 0x2B, 0x90, 0xD3, 0x30, 0x88, 0xB2, 0x08, 0xE8, 0x8A, 0x08, 0xB1, 0xBC
	.byte 0x00, 0xBD, 0x00, 0xBF, 0x40, 0xBE, 0x64, 0x8C, 0xEF, 0x39, 0x30, 0xB0, 0x39, 0x40, 0xB0, 0xE7
	.byte 0x39, 0x34, 0x98, 0x37, 0x2C, 0x98, 0x39, 0x38, 0x98, 0x37, 0x2C, 0x98, 0xEF, 0x39, 0x40, 0xB0
	.byte 0xBE, 0x4D, 0xD3, 0x24, 0x60, 0xEF, 0x39, 0x90, 0xD3, 0x24, 0x50, 0x88, 0x28, 0x60, 0x90, 0x28
	.byte 0x50, 0x88, 0x24, 0x60, 0x90, 0x28, 0x4C, 0x84, 0xD3, 0x84, 0x28, 0x60, 0x90, 0x28, 0x50, 0x88
	.byte 0xD3, 0x24, 0x60, 0x90, 0x24, 0x50, 0x88, 0x28, 0x60, 0x90, 0x28, 0x50, 0x88, 0x24, 0x60, 0x90
	.byte 0x28, 0x4C, 0x84, 0xD3, 0x84, 0x28, 0x60, 0x90, 0x28, 0x50, 0x88, 0xB4, 0xB3, 0xC9, 0xE8, 0x8A
	.byte 0x08, 0xD3, 0x24, 0x60, 0x88, 0x28, 0x50, 0x88, 0x24, 0x54, 0x88, 0x28, 0x60, 0x90, 0x28, 0x58
	.byte 0x88, 0x24, 0x60, 0x88, 0x28, 0x54, 0x88, 0x24, 0x58, 0x88, 0x28, 0x88, 0xD3, 0x88, 0x28, 0x60
	.byte 0x88, 0xB2, 0xA9, 0xE8, 0x8A, 0x08, 0xB1, 0xBC, 0x00, 0xBD, 0x53, 0xC2, 0x2C, 0xCD, 0x08, 0x12
	.byte 0x08, 0x10, 0xC1, 0x0C, 0xBE, 0x64, 0xBF, 0x02, 0xD1, 0x45, 0x40, 0x84, 0xD1, 0x84, 0xD1, 0x84
	.byte 0xEA, 0x8C, 0xC4, 0x05, 0x96, 0x00, 0x82, 0xD1, 0x45, 0x34, 0x86, 0xD1, 0x86, 0xD3, 0x8C, 0xD3
	.byte 0x8C, 0xD3, 0x88, 0x41, 0x88, 0x45, 0x88, 0xEA, 0x46, 0x8E, 0xC4, 0x05, 0x96, 0x00, 0xD1, 0x86
	.byte 0xD1, 0x88, 0xD3, 0x8A, 0xD3, 0x8C, 0xD3, 0x88, 0x42, 0x88, 0x46, 0x88, 0x47, 0x88, 0x43, 0x88
	.byte 0x47, 0x88, 0xD3, 0x88, 0xD3, 0x88, 0xD3, 0x88, 0xD3, 0x88, 0x3E, 0x88, 0x47, 0x88, 0xD3, 0x88
	.byte 0x46, 0x88, 0x47, 0x88, 0xE7, 0x45, 0x8C, 0xC4, 0x05, 0x8C, 0x00, 0x8C, 0xD1, 0x86, 0xD1, 0x86
	.byte 0x39, 0x8C, 0xD7, 0x8C, 0xD3, 0x88, 0x3B, 0x88, 0x3D, 0x88, 0xBF, 0x40, 0xBE, 0x4B, 0xD3, 0x42
	.byte 0x34, 0x88, 0xDB, 0x45, 0x90, 0xDB, 0x90, 0xD3, 0x88, 0xD3, 0x88, 0x44, 0x88, 0x45, 0x88, 0xF3
	.byte 0x4A, 0x98, 0xC4, 0x05, 0x9C, 0xD3, 0x48, 0x84, 0xD7, 0x4A, 0x88, 0xC4, 0x00, 0xD3, 0x48, 0x88
	.byte 0x45, 0x88, 0x40, 0x88, 0x45, 0x88, 0x40, 0x88, 0x3C, 0x88, 0x40, 0x88, 0x41, 0x88, 0x42, 0x88
	.byte 0xDB, 0x43, 0x90, 0xD3, 0x88, 0xD3, 0x88, 0x42, 0x88, 0x43, 0x88, 0xE7, 0x48, 0x8C, 0xC4, 0x05
	.byte 0x8C, 0x00, 0xEB, 0x46, 0x8C, 0xC4, 0x05, 0x98, 0x00, 0xD3, 0x45, 0x84, 0xD7, 0x46, 0x88, 0xD3
	.byte 0x48, 0x88, 0x43, 0x88, 0x48, 0x88, 0xDF, 0x4F, 0x90, 0xD3, 0x54, 0x88, 0xB2, 0x83, 0xE9, 0x8A
	.byte 0x08, 0xB1, 0xBC, 0x00, 0xBD, 0x38, 0xC2, 0x2C, 0xC1, 0x0C, 0xBF, 0x30, 0xBE, 0x64, 0x8C, 0xD5
	.byte 0x39, 0x40, 0x8C, 0x35, 0x86, 0x39, 0x86, 0x3C, 0x8C, 0x39, 0x86, 0x3C, 0x86, 0x41, 0x8C, 0x3C
	.byte 0x86, 0x41, 0x86, 0xD3, 0x45, 0x88, 0x41, 0x88, 0x3C, 0x88, 0xD5, 0x3A, 0x8C, 0x36, 0x86, 0x3A
	.byte 0x86, 0x3D, 0x8C, 0x3A, 0x86, 0x3D, 0x86, 0x42, 0x8C, 0x3D, 0x86, 0x42, 0x86, 0xD3, 0x46, 0x88
	.byte 0x42, 0x88, 0x3D, 0x88, 0x3B, 0x88, 0x43, 0x88, 0x47, 0x88, 0x3E, 0x88, 0xD3, 0x88, 0xD3, 0x88
	.byte 0x47, 0x88, 0x3E, 0x88, 0x47, 0x88, 0xD3, 0x88, 0x46, 0x88, 0x47, 0x88, 0xE7, 0x49, 0x9C, 0xD2
	.byte 0x86, 0xD2, 0x86, 0xD2, 0x8C, 0xD8, 0x8C, 0xD3, 0x88, 0x47, 0x88, 0x45, 0x88, 0xBD, 0x18, 0xBE
	.byte 0x5D, 0xD3, 0x4A, 0x34, 0x88, 0x4C, 0x88, 0x4D, 0x88, 0x4E, 0x98, 0xBD, 0x49, 0xD3, 0x51, 0x88
	.byte 0x53, 0x88, 0x55, 0x88, 0x56, 0x88, 0x5A, 0x88, 0x51, 0x88, 0xEB, 0x54, 0x9C, 0xD3, 0x56, 0x84
	.byte 0xD7, 0x54, 0x88, 0xEF, 0xA0, 0xBD, 0x18, 0xD3, 0x43, 0x88, 0x44, 0x88, 0x45, 0x88, 0x47, 0x98
	.byte 0xBD, 0x49, 0xD3, 0x4F, 0x88, 0x51, 0x88, 0x53, 0x88, 0xD3, 0x88, 0x51, 0x88, 0x4F, 0x88, 0xEB
	.byte 0x4D, 0x9C, 0xD3, 0x4C, 0x84, 0xD7, 0x4D, 0x88, 0xE7, 0x4F, 0x98, 0xDF, 0x5B, 0x90, 0xD3, 0x58
	.byte 0x88, 0xB2, 0x56, 0xEA, 0x8A, 0x08, 0xB1, 0x08, 0x00, 0x00, 0xB2, 0x9C, 0x67, 0x61, 0x08, 0xCC
	.byte 0xE4, 0x8A, 0x08, 0x3A, 0xE5, 0x8A, 0x08, 0x3D, 0xE6, 0x8A, 0x08, 0xB3, 0xE6, 0x8A, 0x08, 0xA5
	.byte 0xE7, 0x8A, 0x08, 0x88, 0xE8, 0x8A, 0x08, 0x10, 0xE9, 0x8A, 0x08, 0xEB, 0xE9, 0x8A, 0x08, 0xBC
	.byte 0x00, 0xBB, 0x40, 0xBD, 0x38, 0xC2, 0x2C, 0xC1, 0x0C, 0xBF, 0x40, 0xBE, 0x42, 0xD5, 0x4D, 0x70
	.byte 0x8C, 0xD2, 0x86, 0xD2, 0x86, 0xD5, 0x8C, 0xD2, 0x86, 0xD2, 0x86, 0xD2, 0x83, 0x4F, 0x4C, 0x83
	.byte 0x4D, 0x60, 0x83, 0x4F, 0x4C, 0x83, 0x4D, 0x60, 0x83, 0x4F, 0x4C, 0x83, 0x4D, 0x60, 0x83, 0x4F
	.byte 0x48, 0x83, 0xD5, 0x4D, 0x70, 0x86, 0x4B, 0x86, 0x4A, 0x86, 0x48, 0x86, 0x41, 0x86, 0x3C, 0x86
	.byte 0x41, 0x86, 0x45, 0x86, 0x48, 0x86, 0x45, 0x86, 0x48, 0x86, 0x4B, 0x86, 0xE7, 0x4D, 0x8C, 0xC4
	.byte 0x05, 0x8C, 0x00, 0xD2, 0x4B, 0x60, 0x83, 0x4A, 0x83, 0x48, 0x83, 0x46, 0x83, 0x45, 0x83, 0x43
	.byte 0x83, 0x41, 0x83, 0x3F, 0x5C, 0x83, 0xD5, 0x3E, 0x70, 0x8C, 0xE1, 0x98, 0xD5, 0x86, 0x3F, 0x86
	.byte 0xE1, 0x41, 0x98, 0x46, 0x98, 0xD5, 0x48, 0x86, 0x47, 0x86, 0xEA, 0x48, 0x8C, 0xC4, 0x05, 0x98
	.byte 0x00, 0xD5, 0x8C, 0xE1, 0x44, 0x98, 0xD5, 0x4B, 0x8C, 0x4A, 0x86, 0x4B, 0x86, 0xF9, 0x4A, 0x8C
	.byte 0xC4, 0x05, 0x98, 0xBE, 0x39, 0x85, 0x33, 0x87, 0x2F, 0x85, 0x29, 0x87, 0x24, 0x85, 0x1D, 0x87
	.byte 0x16, 0x86, 0xC4, 0x00, 0xBE, 0x13, 0x86, 0x42, 0xD3, 0x42, 0x88, 0x46, 0x88, 0x49, 0x88, 0x4E
	.byte 0x88, 0x49, 0x88, 0x46, 0x88, 0x44, 0x88, 0x48, 0x88, 0x4B, 0x88, 0xE1, 0x50, 0x92, 0xD2, 0x4F
	.byte 0x40, 0x83, 0x4E, 0x83, 0xD5, 0x4D, 0x70, 0x8C, 0xD2, 0x3F, 0x83, 0x3E, 0x83, 0xD5, 0x3D, 0x86
	.byte 0x3E, 0x8C, 0xD5, 0x86, 0x3F, 0x86, 0xE1, 0x41, 0x98, 0x46, 0x98, 0xD2, 0x44, 0x8C, 0xE7, 0x48
	.byte 0x98, 0xD2, 0x47, 0x8C, 0x48, 0x86, 0xD2, 0x86, 0xE1, 0x44, 0x98, 0xD5, 0x4B, 0x8C, 0x4A, 0x86
	.byte 0x4B, 0x86, 0xF9, 0x4D, 0x98, 0xC4, 0x05, 0x8C, 0xBE, 0x3A, 0x85, 0x33, 0x87, 0x2E, 0x85, 0x28
	.byte 0x87, 0x24, 0x85, 0x1E, 0x87, 0x1B, 0x86, 0xC4, 0x00, 0xBE, 0x42, 0xD2, 0x4B, 0x83, 0x4C, 0x83
	.byte 0xEA, 0x4D, 0x9C, 0xD1, 0x84, 0xD1, 0x84, 0xD1, 0x84, 0xE7, 0x98, 0x4B, 0x98, 0xBD, 0x11, 0xB0
	.byte 0xB0, 0xB0, 0xB0, 0xB0, 0xB0, 0xB0, 0xA0, 0x18, 0xA0, 0xBE, 0x33, 0x8C, 0xD2, 0x4A, 0x86, 0x4A
	.byte 0x58, 0x86, 0xD5, 0x4B, 0x70, 0x86, 0x4A, 0x92, 0xD5, 0x8C, 0x4B, 0x86, 0x4A, 0x9A, 0x8C, 0xD2
	.byte 0x86, 0x4A, 0x5C, 0x86, 0xD5, 0x4B, 0x70, 0x86, 0x4A, 0x92, 0x4D, 0x86, 0x4B, 0x8C, 0x46, 0x92
	.byte 0x48, 0x8C, 0x8C, 0x4A, 0x8C, 0x4B, 0x86, 0x4A, 0x92, 0xD2, 0x86, 0x4A, 0x60, 0x86, 0xD5, 0x4B
	.byte 0x70, 0x86, 0x4A, 0x9A, 0x4B, 0x86, 0x46, 0x86, 0x48, 0x86, 0x4A, 0x86, 0xDB, 0x4B, 0x8C, 0x4D
	.byte 0x8C, 0xE7, 0x4E, 0x98, 0xE1, 0x50, 0x92, 0xD2, 0x4F, 0x83, 0x4E, 0x83, 0xB2, 0xDA, 0xEA, 0x8A
	.byte 0x08, 0xB1, 0xBC, 0x00, 0xBD, 0x24, 0xC1, 0x0C, 0xC2, 0x2C, 0xC1, 0x0C, 0xC2, 0x2C, 0xBF, 0x40
	.byte 0xBE, 0x58, 0xB0, 0xB0, 0xB0, 0xB0, 0xB0, 0xB0, 0xB0, 0xB0, 0xB0, 0xB0, 0xD5, 0x27, 0x70, 0x8C
	.byte 0xD2, 0x86, 0xD2, 0x86, 0xE7, 0x33, 0x98, 0xD5, 0x27, 0x86, 0xD2, 0x33, 0x86, 0xD5, 0x2E, 0x8C
	.byte 0x33, 0x86, 0xE1, 0x27, 0x92, 0xD5, 0x8C, 0xD2, 0x86, 0xD2, 0x86, 0xE7, 0x33, 0x98, 0xD5, 0x27
	.byte 0x86, 0xD2, 0x33, 0x86, 0xD5, 0x2E, 0x8C, 0x33, 0x86, 0x27, 0x8C, 0xD2, 0x33, 0x86, 0xD5, 0x26
	.byte 0x8C, 0xD2, 0x86, 0xD2, 0x86, 0xE7, 0x32, 0x98, 0xD5, 0x26, 0x86, 0xD2, 0x32, 0x86, 0xD5, 0x2D
	.byte 0x8C, 0x32, 0x86, 0xE1, 0x26, 0x92, 0xD5, 0x2B, 0x8C, 0xD2, 0x86, 0xD2, 0x86, 0xE7, 0x37, 0x98
	.byte 0xD2, 0x2B, 0x86, 0x37, 0x8C, 0xD5, 0x32, 0x8C, 0x37, 0x8C, 0x2B, 0x86, 0x24, 0x8C, 0xD2, 0x86
	.byte 0xD2, 0x86, 0xE7, 0x30, 0x98, 0xD5, 0x24, 0x86, 0xD2, 0x30, 0x86, 0xD5, 0x2B, 0x8C, 0x30, 0x86
	.byte 0xE1, 0x24, 0x92, 0xD5, 0x8C, 0xD2, 0x86, 0xD2, 0x86, 0xE7, 0x30, 0x98, 0xD5, 0x24, 0x86, 0xD2
	.byte 0x30, 0x86, 0xD5, 0x2B, 0x8C, 0x30, 0x86, 0x24, 0x86, 0xD2, 0x30, 0x86, 0xD2, 0x86, 0xD5, 0x29
	.byte 0x8C, 0xD2, 0x86, 0xD2, 0x86, 0xE7, 0x35, 0x98, 0xD5, 0x29, 0x86, 0xD2, 0x35, 0x86, 0xD5, 0x30
	.byte 0x8C, 0x35, 0x86, 0x29, 0x8C, 0xD2, 0x35, 0x86, 0xD5, 0x29, 0x8C, 0xD2, 0x86, 0xD2, 0x86, 0xE7
	.byte 0x35, 0x98, 0xD5, 0x29, 0x86, 0xD2, 0x35, 0x8C, 0xD5, 0x30, 0x8C, 0x2E, 0x8C, 0x2D, 0x86, 0x2E
	.byte 0x98, 0xD5, 0x98, 0x2C, 0x98, 0xD5, 0x98, 0x2B, 0x98, 0xD5, 0x98, 0x2A, 0x9C, 0x2C, 0x8C, 0x2E
	.byte 0x86, 0xD2, 0x86, 0xD2, 0x86, 0xD5, 0x3A, 0x86, 0x2E, 0x86, 0xD2, 0x3A, 0x86, 0xD5, 0x2E, 0x86
	.byte 0x2D, 0x86, 0x2C, 0x86, 0xD2, 0x86, 0xD2, 0x86, 0xD5, 0x38, 0x86, 0x2C, 0x86, 0xD2, 0x38, 0x86
	.byte 0xD5, 0x2D, 0x86, 0x2C, 0x86, 0x2B, 0x86, 0xD2, 0x86, 0xD2, 0x86, 0xD5, 0x37, 0x86, 0xD2, 0x2B
	.byte 0x86, 0xD2, 0x86, 0xD5, 0x33, 0x86, 0xD2, 0x37, 0x86, 0xD5, 0x2A, 0x86, 0xD2, 0x36, 0x8C, 0xD5
	.byte 0x2A, 0x86, 0x2C, 0x8C, 0x2B, 0x86, 0x2A, 0x86, 0xB2, 0x5D, 0xEC, 0x8A, 0x08, 0xB1, 0xBC, 0x00
	.byte 0xBD, 0x3C, 0xC2, 0x2C, 0xC1, 0x0C, 0xBF, 0x40, 0xBE, 0x28, 0xB0, 0xB0, 0xB0, 0xB0, 0xB0, 0xB0
	.byte 0xB0, 0xB0, 0x3E, 0xA0, 0xD5, 0x46, 0x70, 0x86, 0x48, 0x86, 0xEB, 0x4A, 0x9C, 0xD5, 0x42, 0x8C
	.byte 0x3D, 0x86, 0x42, 0x86, 0x46, 0x86, 0x42, 0x86, 0x46, 0x86, 0x49, 0x86, 0xE7, 0x4D, 0x98, 0x4B
	.byte 0x98, 0xBD, 0x11, 0xBE, 0x27, 0xD3, 0x56, 0x88, 0x57, 0x88, 0x58, 0x88, 0xED, 0x59, 0x98, 0xC4
	.byte 0x05, 0x98, 0x00, 0xD3, 0x88, 0x5B, 0x88, 0x59, 0x88, 0xEB, 0x54, 0x98, 0xC4, 0x05, 0x8C, 0x00
	.byte 0xD5, 0x51, 0x86, 0x54, 0x86, 0x5D, 0x8C, 0xD5, 0x86, 0x5B, 0x8C, 0xD5, 0x86, 0xDB, 0x5A, 0x8C
	.byte 0xEB, 0x59, 0x98, 0xC4, 0x05, 0x8C, 0x00, 0xD5, 0x56, 0x86, 0x57, 0x86, 0xDB, 0x59, 0x8C, 0xE7
	.byte 0x57, 0x98, 0xDB, 0x56, 0x8C, 0x54, 0x8C, 0x53, 0x8C, 0x54, 0x8C, 0x55, 0x8C, 0xD5, 0x56, 0x86
	.byte 0x54, 0x8C, 0x53, 0x8C, 0x56, 0x86, 0xDB, 0x59, 0x8C, 0xD5, 0x86, 0x57, 0x86, 0x56, 0x86, 0x57
	.byte 0x86, 0xCF, 0x5B, 0x98, 0xC4, 0x05, 0xA0, 0xA0, 0xCE, 0xC4, 0x00, 0xD5, 0x59, 0x86, 0xD2, 0x57
	.byte 0x8C, 0x56, 0x86, 0xD5, 0x57, 0x86, 0x59, 0x8C, 0x5B, 0x86, 0x5E, 0x8C, 0xD5, 0x86, 0x5D, 0x8C
	.byte 0xD5, 0x86, 0x5B, 0x8C, 0xD5, 0x86, 0x59, 0x8C, 0xD5, 0x86, 0x58, 0x86, 0x56, 0x86, 0x57, 0x86
	.byte 0x58, 0x86, 0x59, 0x8C, 0xD5, 0x86, 0x5B, 0x8C, 0xD5, 0x86, 0x5D, 0x86, 0x5C, 0x86, 0x5D, 0x86
	.byte 0x5E, 0x8C, 0xD5, 0x8C, 0x60, 0x8C, 0xD5, 0x86, 0xB0, 0xB0, 0xB0, 0xB0, 0xB2, 0x99, 0xED, 0x8A
	.byte 0x08, 0xB1, 0xBC, 0x00, 0xBD, 0x50, 0xC2, 0x2C, 0xCD, 0x08, 0x12, 0x08, 0x10, 0xC1, 0x0C, 0xBF
	.byte 0x03, 0xBE, 0x24, 0xD5, 0x35, 0x70, 0x8C, 0xD2, 0x86, 0xD2, 0x86, 0xD5, 0x33, 0x8C, 0xD2, 0x86
	.byte 0xD2, 0x86, 0xD5, 0x32, 0x8C, 0xD2, 0x86, 0xD2, 0x86, 0xD5, 0x30, 0x8C, 0xD2, 0x86, 0xD2, 0x86
	.byte 0xD5, 0x39, 0x86, 0x35, 0x86, 0x39, 0x86, 0x3C, 0x86, 0x3F, 0x86, 0x3C, 0x86, 0x3F, 0x86, 0x41
	.byte 0x86, 0xE7, 0x45, 0x8C, 0xC4, 0x05, 0x8C, 0x00, 0xD2, 0x43, 0x60, 0x83, 0x41, 0x83, 0x3F, 0x83
	.byte 0x3E, 0x83, 0x3C, 0x83, 0x3A, 0x83, 0x39, 0x83, 0x37, 0x5C, 0x83, 0xD5, 0x32, 0x70, 0x8C, 0xE1
	.byte 0x98, 0xD5, 0x86, 0x33, 0x86, 0xE1, 0x35, 0x98, 0x3A, 0x98, 0xD5, 0x38, 0x86, 0x37, 0x86, 0xEA
	.byte 0x38, 0x8C, 0xC4, 0x05, 0x98, 0x00, 0xD5, 0x8C, 0xE1, 0x33, 0x98, 0xD5, 0x38, 0x8C, 0x3A, 0x86
	.byte 0x3C, 0x86, 0xEB, 0x3E, 0x9C, 0xD5, 0x43, 0x86, 0x45, 0x86, 0xEB, 0x46, 0x9C, 0xD3, 0x3A, 0x88
	.byte 0x3D, 0x88, 0x42, 0x88, 0x46, 0x88, 0x42, 0x88, 0x3D, 0x88, 0x33, 0x84, 0x38, 0x84, 0x3C, 0x84
	.byte 0x3F, 0x84, 0x44, 0x84, 0x48, 0x84, 0xD2, 0x4B, 0x83, 0x48, 0x83, 0x44, 0x83, 0x3F, 0x83, 0x3C
	.byte 0x83, 0x38, 0x83, 0x33, 0x83, 0x30, 0x83, 0x41, 0x8C, 0xE4, 0x98, 0xD2, 0x3A, 0x86, 0x3E, 0x86
	.byte 0x41, 0x8C, 0xD5, 0x98, 0x46, 0x8C, 0xD2, 0x41, 0x8C, 0xE4, 0x98, 0xD2, 0x3A, 0x86, 0x3E, 0x86
	.byte 0x41, 0x8C, 0xD5, 0x98, 0x44, 0x8C, 0xD2, 0x43, 0x8C, 0xE4, 0x98, 0xD2, 0x3A, 0x86, 0x3F, 0x86
	.byte 0x43, 0x8C, 0xD5, 0x98, 0x46, 0x8C, 0xEA, 0x3D, 0x9C, 0xD1, 0x84, 0xD1, 0x84, 0xD1, 0x86, 0xE7
	.byte 0x41, 0x96, 0x3F, 0x98, 0xD5, 0x43, 0x70, 0x86, 0xD2, 0x43, 0x60, 0x86, 0x3F, 0x40, 0x86, 0xD2
	.byte 0x86, 0xD5, 0x43, 0x70, 0x86, 0xD2, 0x43, 0x60, 0x86, 0x3F, 0x40, 0x86, 0xD2, 0x86, 0xD5, 0x43
	.byte 0x70, 0x86, 0xD2, 0x43, 0x60, 0x86, 0x3F, 0x40, 0x86, 0xD2, 0x86, 0xD5, 0x43, 0x70, 0x86, 0xD2
	.byte 0x43, 0x60, 0x86, 0x3F, 0x40, 0x86, 0xD2, 0x86, 0xB4, 0xD5, 0x43, 0x70, 0x86, 0xD2, 0x43, 0x60
	.byte 0x86, 0x3F, 0x40, 0x86, 0xD2, 0x86, 0xD5, 0x43, 0x70, 0x86, 0xD2, 0x43, 0x60, 0x86, 0x3F, 0x40
	.byte 0x86, 0xD2, 0x86, 0xD5, 0x43, 0x70, 0x86, 0xD2, 0x41, 0x60, 0x8C, 0x3F, 0x70, 0x86, 0xD5, 0x43
	.byte 0x86, 0xD2, 0x44, 0x60, 0x86, 0x3F, 0x40, 0x86, 0x46, 0x70, 0x86, 0xB4, 0xD5, 0x45, 0x70, 0x86
	.byte 0xD2, 0x45, 0x60, 0x86, 0x41, 0x40, 0x86, 0xD2, 0x86, 0xD5, 0x45, 0x70, 0x86, 0xD2, 0x45, 0x60
	.byte 0x86, 0x41, 0x40, 0x86, 0xD2, 0x86, 0xD5, 0x45, 0x70, 0x86, 0xD2, 0x45, 0x60, 0x86, 0x41, 0x40
	.byte 0x86, 0xD2, 0x86, 0xD5, 0x45, 0x70, 0x86, 0xD2, 0x45, 0x60, 0x86, 0x41, 0x40, 0x86, 0xD2, 0x86
	.byte 0xB4, 0xD5, 0x46, 0x70, 0x86, 0xD2, 0x46, 0x60, 0x86, 0x41, 0x40, 0x86, 0xD2, 0x86, 0xD5, 0x46
	.byte 0x70, 0x86, 0xD2, 0x46, 0x60, 0x86, 0x41, 0x40, 0x86, 0xD2, 0x86, 0xD5, 0x46, 0x70, 0x86, 0xD2
	.byte 0x45, 0x8C, 0x43, 0x8C, 0xD2, 0x8C, 0xD5, 0x45, 0x86, 0xB3, 0x6D, 0xEF, 0x8A, 0x08, 0xB3, 0xA2
	.byte 0xEF, 0x8A, 0x08, 0xB3, 0xD5, 0xEF, 0x8A, 0x08, 0xD5, 0x46, 0x70, 0x86, 0xD2, 0x46, 0x60, 0x86
	.byte 0x41, 0x40, 0x86, 0xD2, 0x86, 0xD5, 0x46, 0x70, 0x86, 0xD2, 0x46, 0x60, 0x86, 0x41, 0x40, 0x86
	.byte 0xD2, 0x86, 0xD5, 0x46, 0x70, 0x86, 0xD2, 0x45, 0x8C, 0x43, 0x86, 0xD5, 0x41, 0x86, 0xD2, 0x43
	.byte 0x8C, 0xD5, 0x45, 0x86, 0xD2, 0x4A, 0x86, 0x46, 0x86, 0x41, 0x86, 0x3E, 0x86, 0x3A, 0x86, 0x3E
	.byte 0x86, 0x41, 0x86, 0x46, 0x86, 0x4A, 0x86, 0x44, 0x86, 0x41, 0x86, 0x3E, 0x86, 0x38, 0x86, 0x3E
	.byte 0x86, 0x41, 0x86, 0x44, 0x86, 0x46, 0x86, 0x43, 0x86, 0x3F, 0x86, 0x3A, 0x86, 0x37, 0x86, 0x3A
	.byte 0x86, 0x3F, 0x86, 0x43, 0x86, 0x46, 0x86, 0x42, 0x86, 0x3F, 0x86, 0x3A, 0x86, 0x36, 0x86, 0x3A
	.byte 0x86, 0x3F, 0x86, 0x42, 0x86, 0x4A, 0x83, 0x46, 0x83, 0x41, 0x83, 0x3E, 0x83, 0x3A, 0x83, 0x35
	.byte 0x83, 0x32, 0x83, 0x2E, 0x83, 0x32, 0x83, 0x33, 0x83, 0x35, 0x83, 0x3A, 0x83, 0x3E, 0x83, 0x3F
	.byte 0x83, 0x41, 0x83, 0x46, 0x83, 0x4A, 0x83, 0x44, 0x83, 0x41, 0x83, 0x3E, 0x83, 0x38, 0x83, 0x35
	.byte 0x83, 0x32, 0x83, 0x2C, 0x83, 0x32, 0x83, 0x33, 0x83, 0x35, 0x83, 0x38, 0x83, 0x3E, 0x83, 0x3F
	.byte 0x83, 0x41, 0x83, 0x44, 0x83, 0x46, 0x83, 0x43, 0x83, 0x3F, 0x83, 0x3A, 0x83, 0x37, 0x83, 0x33
	.byte 0x83, 0x2E, 0x83, 0x2B, 0x83, 0x2E, 0x83, 0x33, 0x83, 0x35, 0x83, 0x37, 0x83, 0x3A, 0x83, 0x3F
	.byte 0x83, 0x41, 0x83, 0x43, 0x83, 0x46, 0x83, 0x42, 0x83, 0x3F, 0x83, 0x3A, 0x83, 0x36, 0x83, 0x33
	.byte 0x83, 0x2E, 0x83, 0x2A, 0x83, 0x2E, 0x83, 0x33, 0x83, 0x36, 0x83, 0x3A, 0x83, 0x3F, 0x83, 0x42
	.byte 0x83, 0x46, 0x83, 0x4B, 0x83, 0xB2, 0x7D, 0xEE, 0x8A, 0x08, 0xB1, 0xBC, 0x00, 0xBD, 0x51, 0xC2
	.byte 0x2C, 0xCD, 0x08, 0x12, 0x08, 0x10, 0xC1, 0x0C, 0xBF, 0x7F, 0xBE, 0x24, 0xD5, 0x48, 0x70, 0x8C
	.byte 0xD2, 0x86, 0xD2, 0x86, 0xD5, 0x8C, 0xD2, 0x86, 0xD2, 0x86, 0xD2, 0x83, 0x4A, 0x4C, 0x83, 0x48
	.byte 0x60, 0x83, 0x4A, 0x4C, 0x83, 0x48, 0x60, 0x83, 0x4A, 0x4C, 0x83, 0x48, 0x60, 0x83, 0x4A, 0x48
	.byte 0x83, 0xD5, 0x48, 0x70, 0x86, 0x46, 0x86, 0x45, 0x86, 0x43, 0x86, 0x41, 0x86, 0x3C, 0x86, 0x41
	.byte 0x86, 0x45, 0x86, 0x48, 0x86, 0x45, 0x86, 0x48, 0x86, 0x4B, 0x86, 0xE7, 0x4D, 0x8C, 0xC4, 0x05
	.byte 0x8C, 0x00, 0xD2, 0x4B, 0x60, 0x83, 0x4A, 0x83, 0x48, 0x83, 0x46, 0x83, 0x45, 0x83, 0x43, 0x83
	.byte 0x41, 0x83, 0x3F, 0x5C, 0x83, 0xD5, 0x3A, 0x70, 0x8C, 0xE1, 0x98, 0xD5, 0x86, 0x3C, 0x86, 0xE1
	.byte 0x3E, 0x98, 0x41, 0x98, 0xD5, 0x3F, 0x86, 0x3E, 0x86, 0xEB, 0x3F, 0x8C, 0xC4, 0x05, 0x98, 0x00
	.byte 0xD5, 0x8C, 0xE1, 0x3C, 0x98, 0xD5, 0x8C, 0x3E, 0x86, 0x3F, 0x86, 0xEB, 0x41, 0x9C, 0xD5, 0x46
	.byte 0x86, 0x48, 0x86, 0xEB, 0x4A, 0x9C, 0xD3, 0x42, 0x88, 0x46, 0x88, 0x49, 0x88, 0x4E, 0x88, 0x49
	.byte 0x88, 0x46, 0x88, 0x38, 0x84, 0x3C, 0x84, 0x3F, 0x84, 0x44, 0x84, 0x48, 0x84, 0x4B, 0x84, 0xD2
	.byte 0x50, 0x83, 0x4B, 0x83, 0x48, 0x83, 0x44, 0x83, 0x3F, 0x83, 0x3C, 0x83, 0x38, 0x83, 0x33, 0x83
	.byte 0x4A, 0x8C, 0xE4, 0x98, 0xD2, 0x41, 0x86, 0x46, 0x86, 0x4A, 0x8C, 0xD5, 0x98, 0x4D, 0x8C, 0xD2
	.byte 0x48, 0x8C, 0xE4, 0x98, 0xD2, 0x41, 0x86, 0x44, 0x86, 0x48, 0x8C, 0xD5, 0x98, 0x4B, 0x8C, 0xD2
	.byte 0x4D, 0x8C, 0xE4, 0x98, 0xD2, 0x43, 0x86, 0x46, 0x86, 0x4D, 0x8C, 0xD5, 0x98, 0xD5, 0x8C, 0xEA
	.byte 0x46, 0x9C, 0xD1, 0x84, 0xD1, 0x84, 0xD1, 0x84, 0xE7, 0x48, 0x98, 0xE7, 0x98, 0xD5, 0x4D, 0x70
	.byte 0x86, 0xD2, 0x4D, 0x60, 0x86, 0x46, 0x40, 0x86, 0xD2, 0x86, 0xD5, 0x4D, 0x70, 0x86, 0xD2, 0x4D
	.byte 0x60, 0x86, 0x46, 0x40, 0x86, 0xD2, 0x86, 0xD5, 0x4D, 0x70, 0x86, 0xD2, 0x4D, 0x60, 0x86, 0x46
	.byte 0x40, 0x86, 0xD2, 0x86, 0xD5, 0x4D, 0x70, 0x86, 0xD2, 0x4D, 0x60, 0x86, 0x46, 0x40, 0x86, 0xD2
	.byte 0x86, 0xB4, 0xD5, 0x4D, 0x70, 0x86, 0xD2, 0x4D, 0x60, 0x86, 0x46, 0x40, 0x86, 0xD2, 0x86, 0xD5
	.byte 0x4D, 0x70, 0x86, 0xD2, 0x4D, 0x60, 0x86, 0x46, 0x40, 0x86, 0xD2, 0x86, 0xD5, 0x4D, 0x70, 0x86
	.byte 0xD2, 0x4B, 0x60, 0x8C, 0x4A, 0x70, 0x86, 0xD5, 0x4B, 0x86, 0xD2, 0x4D, 0x60, 0x8C, 0x4F, 0x70
	.byte 0x86, 0xB4, 0xD5, 0x4D, 0x70, 0x86, 0xD2, 0x4D, 0x60, 0x86, 0x48, 0x40, 0x86, 0xD2, 0x86, 0xD5
	.byte 0x4D, 0x70, 0x86, 0xD2, 0x4D, 0x60, 0x86, 0x48, 0x40, 0x86, 0xD2, 0x86, 0xD5, 0x4D, 0x70, 0x86
	.byte 0xD2, 0x4D, 0x60, 0x86, 0x48, 0x40, 0x86, 0xD2, 0x86, 0xD5, 0x4D, 0x70, 0x86, 0xD2, 0x4D, 0x60
	.byte 0x86, 0x48, 0x40, 0x86, 0xD2, 0x86, 0xB4, 0xD5, 0x4D, 0x70, 0x86, 0xD2, 0x4D, 0x60, 0x86, 0x46
	.byte 0x40, 0x86, 0xD2, 0x86, 0xD5, 0x4B, 0x70, 0x86, 0xD2, 0x4B, 0x60, 0x86, 0x46, 0x40, 0x86, 0xD2
	.byte 0x86, 0xD5, 0x4A, 0x70, 0x86, 0xD2, 0x48, 0x8C, 0x4B, 0x8C, 0x47, 0x8C, 0xD5, 0x4A, 0x86, 0xB3
	.byte 0x36, 0xF2, 0x8A, 0x08, 0xB3, 0x6B, 0xF2, 0x8A, 0x08, 0xB3, 0x9B, 0xF2, 0x8A, 0x08, 0xD5, 0x4D
	.byte 0x70, 0x86, 0xD2, 0x4D, 0x60, 0x86, 0x46, 0x40, 0x86, 0xD2, 0x86, 0xD5, 0x4B, 0x70, 0x86, 0xD2
	.byte 0x4B, 0x60, 0x86, 0x46, 0x40, 0x86, 0xD2, 0x86, 0xD5, 0x4A, 0x70, 0x86, 0xD2, 0x48, 0x8C, 0x4A
	.byte 0x86, 0xD5, 0x46, 0x86, 0xD2, 0x48, 0x8C, 0x4A, 0x86, 0x52, 0x86, 0x4D, 0x86, 0x4A, 0x86, 0x46
	.byte 0x86, 0x41, 0x86, 0x46, 0x86, 0x4A, 0x86, 0x4D, 0x86, 0x50, 0x86, 0x4D, 0x86, 0x4A, 0x86, 0x44
	.byte 0x86, 0x41, 0x86, 0x44, 0x86, 0x4A, 0x86, 0x4D, 0x86, 0x4F, 0x86, 0x4B, 0x86, 0x46, 0x86, 0x43
	.byte 0x86, 0x3F, 0x86, 0x43, 0x86, 0x46, 0x86, 0x4B, 0x86, 0x4E, 0x86, 0x4B, 0x86, 0x46, 0x86, 0x42
	.byte 0x86, 0x3F, 0x86, 0x42, 0x86, 0x46, 0x86, 0x4B, 0x86, 0x52, 0x83, 0x4D, 0x83, 0x4A, 0x83, 0x46
	.byte 0x83, 0x41, 0x83, 0x3E, 0x83, 0x3A, 0x83, 0x35, 0x83, 0x3A, 0x83, 0x3E, 0x83, 0x41, 0x83, 0x46
	.byte 0x83, 0x4A, 0x83, 0x4B, 0x83, 0x4D, 0x83, 0x52, 0x83, 0x50, 0x83, 0x4D, 0x83, 0x4A, 0x83, 0x44
	.byte 0x83, 0x41, 0x83, 0x3E, 0x83, 0x38, 0x83, 0x35, 0x83, 0x38, 0x83, 0x3E, 0x83, 0x3F, 0x83, 0x41
	.byte 0x83, 0x44, 0x83, 0x4A, 0x83, 0x4B, 0x83, 0x4D, 0x83, 0x4F, 0x83, 0x4B, 0x83, 0x46, 0x83, 0x43
	.byte 0x83, 0x3F, 0x83, 0x3A, 0x83, 0x37, 0x83, 0x33, 0x83, 0x37, 0x83, 0x3A, 0x83, 0x3F, 0x83, 0x41
	.byte 0x83, 0x43, 0x83, 0x46, 0x83, 0x4B, 0x83, 0x4D, 0x83, 0x4E, 0x83, 0x4B, 0x83, 0x46, 0x83, 0x42
	.byte 0x83, 0x3F, 0x83, 0x3A, 0x83, 0x36, 0x83, 0x33, 0x83, 0x36, 0x83, 0x3A, 0x83, 0x3F, 0x83, 0x42
	.byte 0x83, 0x46, 0x83, 0x4B, 0x83, 0x4E, 0x83, 0x52, 0x83, 0xB2, 0x36, 0xF1, 0x8A, 0x08, 0xB1, 0xBC
	.byte 0x00, 0xBD, 0x00, 0xBE, 0x4D, 0xBF, 0x40, 0xD5, 0x28, 0x70, 0xEF, 0x39, 0x5C, 0x86, 0xD2, 0x28
	.byte 0x24, 0x83, 0xD2, 0x83, 0xD2, 0x83, 0xD2, 0x83, 0xD2, 0x83, 0xD2, 0x83, 0xD2, 0x83, 0xD2, 0x83
	.byte 0xD2, 0x83, 0xD2, 0x83, 0xD2, 0x83, 0xD2, 0x83, 0xD2, 0x83, 0xD2, 0x83, 0xD2, 0x83, 0xD2, 0x83
	.byte 0xD2, 0x83, 0xD2, 0x83, 0xD2, 0x83, 0xD2, 0x83, 0xD2, 0x83, 0xD2, 0x83, 0xD2, 0x83, 0xD2, 0x83
	.byte 0xD2, 0x83, 0xD2, 0x83, 0xD2, 0x83, 0xD2, 0x83, 0xD2, 0x83, 0xD2, 0x83, 0xD5, 0x28, 0x70, 0x86
	.byte 0x28, 0x40, 0x86, 0x28, 0x58, 0x86, 0x28, 0x34, 0x86, 0x28, 0x60, 0x86, 0x28, 0x34, 0x86, 0x28
	.byte 0x70, 0x86, 0xD5, 0x86, 0xD5, 0xE7, 0x39, 0xA0, 0xD5, 0x28, 0x70, 0x8C, 0xD5, 0x98, 0xD5, 0x86
	.byte 0xD5, 0x86, 0x24, 0xEF, 0x39, 0xA0, 0xB4, 0xD5, 0x28, 0x8C, 0x28, 0x5C, 0x98, 0xD2, 0x28, 0x70
	.byte 0x86, 0xD2, 0x86, 0xD5, 0x8C, 0xD5, 0x8C, 0x24, 0xE7, 0x39, 0x4C, 0x98, 0xD5, 0x24, 0x70, 0xEF
	.byte 0x39, 0x8C, 0xD5, 0x28, 0x98, 0xD2, 0x86, 0xD2, 0x86, 0xD5, 0x8C, 0xD5, 0x8C, 0xD5, 0x86, 0xD2
	.byte 0x28, 0x24, 0x83, 0xD2, 0x83, 0xD2, 0x83, 0xD2, 0x83, 0xD2, 0x83, 0xD2, 0x83, 0xD5, 0x28, 0x70
	.byte 0x86, 0xD2, 0x28, 0x24, 0x83, 0xD2, 0x83, 0xD2, 0x83, 0xD2, 0x83, 0xD2, 0x83, 0xD2, 0x83, 0xD2
	.byte 0x83, 0x28, 0x20, 0x83, 0x28, 0x24, 0x83, 0xD2, 0x83, 0x28, 0x68, 0x83, 0x28, 0x24, 0x83, 0x28
	.byte 0x60, 0x83, 0x28, 0x24, 0x83, 0x28, 0x68, 0x83, 0x28, 0x20, 0x83, 0xD2, 0x83, 0x28, 0x24, 0x83
	.byte 0x28, 0x60, 0x83, 0x28, 0x24, 0x83, 0xD2, 0x83, 0xD2, 0x83, 0x28, 0x60, 0x83, 0x28, 0x34, 0x83
	.byte 0xD2, 0x83, 0xD2, 0x83, 0xD2, 0x83, 0xD2, 0x83, 0xD2, 0x83, 0xD2, 0x83, 0xB3, 0x61, 0xF4, 0x8A
	.byte 0x08, 0xD5, 0x28, 0x70, 0x9C, 0xD2, 0x86, 0xD2, 0x86, 0xD5, 0x8C, 0xD5, 0x8C, 0x24, 0xE7, 0x39
	.byte 0x4C, 0x98, 0xD5, 0x24, 0x70, 0xEF, 0x39, 0x86, 0xD5, 0x24, 0x86, 0x28, 0x98, 0xD2, 0x86, 0xD2
	.byte 0x86, 0xD5, 0x8C, 0xD5, 0x8C, 0xD2, 0x28, 0x68, 0x83, 0x28, 0x40, 0x83, 0xD2, 0x83, 0xD2, 0x83
	.byte 0xD2, 0x83, 0xD2, 0x83, 0xD2, 0x83, 0xD2, 0x83, 0x28, 0x68, 0x83, 0x28, 0x40, 0x83, 0xD2, 0x83
	.byte 0xD2, 0x83, 0xD2, 0x83, 0xD2, 0x83, 0xD2, 0x83, 0xD2, 0x83, 0xD2, 0x83, 0xD2, 0x83, 0xD2, 0x83
	.byte 0xD2, 0x83, 0x28, 0x60, 0x83, 0x28, 0x40, 0x83, 0x28, 0x60, 0x83, 0x28, 0x40, 0x83, 0xD5, 0x28
	.byte 0x70, 0x8C, 0x24, 0x8C, 0x28, 0x86, 0xD5, 0x86, 0x24, 0x8C, 0xD5, 0x24, 0x70, 0x8C, 0xD2, 0x86
	.byte 0xD2, 0x86, 0xD5, 0x28, 0x92, 0xD2, 0x24, 0x64, 0x86, 0xD5, 0x24, 0x70, 0x86, 0x28, 0x86, 0xD2
	.byte 0x24, 0x86, 0xD2, 0x86, 0xD5, 0x28, 0x8C, 0x24, 0x8C, 0xB4, 0xD5, 0x8C, 0xD2, 0x86, 0xD2, 0x86
	.byte 0xD5, 0x28, 0x92, 0xD2, 0x24, 0x64, 0x86, 0xD5, 0x24, 0x70, 0x86, 0x28, 0x86, 0xD2, 0x24, 0x86
	.byte 0xD2, 0x86, 0xD5, 0x28, 0x86, 0x24, 0x8C, 0x28, 0x58, 0x86, 0xB3, 0x63, 0xF5, 0x8A, 0x08, 0xD5
	.byte 0x24, 0x70, 0x8C, 0xD2, 0x86, 0xD2, 0x86, 0xD5, 0x28, 0x92, 0xD2, 0x24, 0x64, 0x86, 0x24, 0x70
	.byte 0x86, 0x24, 0x5C, 0x8C, 0xD5, 0x28, 0x70, 0x8C, 0xD5, 0x8C, 0xD5, 0x86, 0xB4, 0xB3, 0x63, 0xF5
	.byte 0x8A, 0x08, 0xD5, 0x24, 0x70, 0x8C, 0xD2, 0x86, 0xD2, 0x86, 0xD5, 0x28, 0x92, 0xD2, 0x24, 0x64
	.byte 0x86, 0xD5, 0x24, 0x70, 0x86, 0x28, 0x86, 0xD2, 0x24, 0x86, 0xD2, 0x86, 0xD5, 0x28, 0x86, 0x24
	.byte 0x86, 0x28, 0x68, 0x86, 0x28, 0x5C, 0x86, 0xB3, 0x63, 0xF5, 0x8A, 0x08, 0xB3, 0xA8, 0xF5, 0x8A
	.byte 0x08, 0xD5, 0x24, 0x70, 0x92, 0x24, 0x58, 0x86, 0x26, 0x70, 0x8C, 0x24, 0x8C, 0xD5, 0x8C, 0x24
	.byte 0x5C, 0x86, 0x24, 0x4C, 0x86, 0x26, 0x68, 0x8C, 0x28, 0x70, 0x86, 0x24, 0x60, 0x86, 0xB4, 0xB3
	.byte 0xFA, 0xF5, 0x8A, 0x08, 0xB3, 0xFA, 0xF5, 0x8A, 0x08, 0xD5, 0x26, 0x70, 0x86, 0x26, 0x50, 0x8C
	.byte 0x26, 0x58, 0x86, 0x24, 0x70, 0x86, 0x26, 0x8C, 0x26, 0x54, 0x86, 0x26, 0x70, 0x8C, 0x24, 0x5C
	.byte 0x86, 0x24, 0x4C, 0x86, 0x26, 0x68, 0x8C, 0x28, 0x70, 0x86, 0x24, 0x60, 0x86, 0xB2, 0xFA, 0xF3
	.byte 0x8A, 0x08, 0xB1, 0xBC, 0x00, 0xBD, 0x53, 0xC2, 0x2C, 0xCD, 0x08, 0x12, 0x08, 0x10, 0xC1, 0x0C
	.byte 0xBF, 0x40, 0xBE, 0x42, 0xC0, 0x40, 0xD5, 0x29, 0x70, 0x8C, 0xD2, 0x86, 0xD2, 0x86, 0xD5, 0x27
	.byte 0x8C, 0xD2, 0x86, 0xD2, 0x86, 0xD5, 0x26, 0x8C, 0xD2, 0x86, 0xD2, 0x86, 0xD5, 0x24, 0x8C, 0xD2
	.byte 0x86, 0xD2, 0x86, 0xD5, 0x30, 0x86, 0x2D, 0x86, 0x30, 0x86, 0x33, 0x86, 0x35, 0x86, 0x33, 0x86
	.byte 0x35, 0x86, 0x39, 0x86, 0xE7, 0x3C, 0x8C, 0xC4, 0x05, 0x8C, 0x00, 0xDB, 0x29, 0x8C, 0x2D, 0x8C
	.byte 0xD5, 0x2E, 0x8C, 0xD5, 0x98, 0xD2, 0x86, 0xD2, 0x86, 0xD5, 0x26, 0x8C, 0xE7, 0x2E, 0x8C, 0xC4
	.byte 0x05, 0x8C, 0x00, 0xD5, 0x29, 0x8C, 0x2C, 0x86, 0x2B, 0x86, 0x2C, 0x98, 0xD2, 0x86, 0xD2, 0x86
	.byte 0xD5, 0x8C, 0xE7, 0x8C, 0xC4, 0x05, 0x8C, 0x00, 0xD5, 0x27, 0x8C, 0x2B, 0x9C, 0xD2, 0x86, 0xD2
	.byte 0x86, 0xD5, 0x8C, 0xDB, 0x8C, 0xD5, 0x37, 0x8C, 0xDB, 0x2B, 0x8C, 0xD5, 0x2A, 0x9C, 0xD2, 0x86
	.byte 0xD2, 0x86, 0xD5, 0x2C, 0x8C, 0xDB, 0x8C, 0x33, 0x8C, 0x30, 0x8C, 0xD5, 0x2E, 0x9C, 0xD2, 0x86
	.byte 0xD2, 0x86, 0xD5, 0x8C, 0xE7, 0x8C, 0xC4, 0x05, 0x8C, 0x00, 0xD5, 0x29, 0x8C, 0x2C, 0x9C, 0xD2
	.byte 0x86, 0xD2, 0x86, 0xD5, 0x8C, 0xE7, 0x8C, 0xC4, 0x05, 0x8C, 0x00, 0xD5, 0x27, 0x8C, 0x2B, 0x8C
	.byte 0xE4, 0x37, 0x8C, 0xC4, 0x05, 0x8C, 0x00, 0xD2, 0x2B, 0x86, 0xD2, 0x86, 0xD5, 0x8C, 0xDB, 0x8C
	.byte 0xD5, 0x37, 0x8C, 0xDB, 0x2B, 0x8C, 0xD5, 0x2A, 0x9C, 0xD2, 0x86, 0xD2, 0x86, 0xD5, 0x2C, 0x8C
	.byte 0xDB, 0x38, 0x8C, 0x33, 0x8C, 0x26, 0x8C, 0xBD, 0x53, 0xBE, 0x26, 0xC0, 0x41, 0xD3, 0x4A, 0x88
	.byte 0x4B, 0x88, 0x4C, 0x88, 0xED, 0x4D, 0x98, 0xC4, 0x05, 0x98, 0x00, 0xD3, 0x88, 0x4F, 0x88, 0x4D
	.byte 0x88, 0xEB, 0x48, 0x98, 0xC4, 0x05, 0x8C, 0x00, 0xD5, 0x45, 0x86, 0x48, 0x86, 0x51, 0x8C, 0xD5
	.byte 0x86, 0x4F, 0x8C, 0xD5, 0x86, 0xDB, 0x4E, 0x8C, 0xEB, 0x4D, 0x98, 0xC4, 0x05, 0x8C, 0x00, 0xD5
	.byte 0x4A, 0x86, 0x4B, 0x86, 0xDB, 0x4D, 0x8C, 0xE7, 0x4B, 0x98, 0xDB, 0x4A, 0x8C, 0x48, 0x8C, 0x47
	.byte 0x8C, 0x48, 0x8C, 0x49, 0x8C, 0xD5, 0x4A, 0x86, 0x48, 0x8C, 0x47, 0x8C, 0x4A, 0x86, 0xDB, 0x4D
	.byte 0x8C, 0xD5, 0x86, 0x4B, 0x86, 0x4A, 0x86, 0x4B, 0x86, 0xCF, 0x4F, 0x98, 0xC4, 0x05, 0xA0, 0xA0
	.byte 0xCE, 0xC4, 0x00, 0xD5, 0x4D, 0x86, 0xD2, 0x4B, 0x8C, 0x4A, 0x86, 0xD5, 0x4B, 0x86, 0x4D, 0x8C
	.byte 0x4F, 0x86, 0x52, 0x8C, 0xD5, 0x86, 0x51, 0x8C, 0xD5, 0x86, 0x4F, 0x8C, 0xD5, 0x86, 0x4D, 0x8C
	.byte 0xD5, 0x86, 0x4C, 0x86, 0x4A, 0x86, 0x4B, 0x86, 0x4C, 0x86, 0x4D, 0x8C, 0xD5, 0x86, 0x4F, 0x8C
	.byte 0xD5, 0x86, 0x51, 0x86, 0x50, 0x86, 0x51, 0x86, 0x52, 0x8C, 0xD5, 0x8C, 0x54, 0x8C, 0xD5, 0x86
	.byte 0xBE, 0x2C, 0x8C, 0xD2, 0x4A, 0x86, 0x4A, 0x58, 0x86, 0xD5, 0x4B, 0x70, 0x86, 0x4A, 0x92, 0xD5
	.byte 0x8C, 0x4B, 0x86, 0x4A, 0x9A, 0x8C, 0xD2, 0x86, 0x4A, 0x5C, 0x86, 0xD5, 0x4B, 0x70, 0x86, 0x4A
	.byte 0x92, 0x4D, 0x86, 0x4B, 0x8C, 0x46, 0x92, 0x48, 0x8C, 0x8C, 0x4A, 0x8C, 0x4B, 0x86, 0x4A, 0x92
	.byte 0xD2, 0x86, 0x4A, 0x60, 0x86, 0xD5, 0x4B, 0x70, 0x86, 0x4A, 0x9A, 0x4B, 0x86, 0x46, 0x86, 0x48
	.byte 0x86, 0x4A, 0x86, 0xDB, 0x4B, 0x8C, 0x4D, 0x8C, 0xE7, 0x4E, 0x98, 0xE1, 0x50, 0x98, 0xB2, 0x4E
	.byte 0xF6, 0x8A, 0x08, 0xB1, 0xBC, 0x00, 0xBD, 0x38, 0xC2, 0x2C, 0xC1, 0x0C, 0xBF, 0x40, 0xBE, 0x2C
	.byte 0xD5, 0x45, 0x70, 0x8C, 0xD2, 0x86, 0xD2, 0x86, 0xD5, 0x8C, 0xD2, 0x86, 0xD2, 0x86, 0xD2, 0x83
	.byte 0x46, 0x4C, 0x83, 0x45, 0x60, 0x83, 0x46, 0x4C, 0x83, 0x45, 0x60, 0x83, 0x46, 0x4C, 0x83, 0x45
	.byte 0x60, 0x83, 0x46, 0x48, 0x83, 0xD5, 0x45, 0x70, 0x86, 0x43, 0x86, 0x41, 0x86, 0x3F, 0x86, 0x39
	.byte 0x86, 0x35, 0x86, 0x39, 0x86, 0x3C, 0x86, 0x3F, 0x86, 0x3C, 0x86, 0x3F, 0x86, 0x41, 0x86, 0xE7
	.byte 0x45, 0x8C, 0xC4, 0x05, 0x8C, 0x00, 0xD2, 0x43, 0x54, 0x83, 0x41, 0x83, 0x3F, 0x83, 0x3E, 0x83
	.byte 0x3C, 0x83, 0x3A, 0x83, 0x39, 0x83, 0x37, 0x83, 0xD5, 0x35, 0x70, 0x8C, 0xE1, 0x98, 0xD5, 0x86
	.byte 0x37, 0x86, 0xE1, 0x3A, 0x98, 0x3E, 0x98, 0xD5, 0x44, 0x86, 0x43, 0x86, 0xEA, 0x44, 0x8C, 0xC4
	.byte 0x05, 0x98, 0x00, 0xD5, 0x8C, 0xE1, 0x3F, 0x98, 0xD5, 0x43, 0x8C, 0x41, 0x86, 0x43, 0x86, 0xF9
	.byte 0x41, 0xAC, 0xD3, 0x3A, 0x88, 0x3D, 0x88, 0x42, 0x88, 0x46, 0x88, 0x42, 0x88, 0x3D, 0x88, 0x38
	.byte 0x88, 0x3F, 0x88, 0x44, 0x88, 0xE1, 0x48, 0x92, 0xD2, 0x47, 0x54, 0x83, 0x46, 0x48, 0x83, 0xD5
	.byte 0x45, 0x70, 0x8C, 0xD2, 0x36, 0x83, 0x35, 0x83, 0xD5, 0x34, 0x86, 0x35, 0x8C, 0xD5, 0x86, 0x37
	.byte 0x86, 0xE1, 0x3A, 0x98, 0x3E, 0x98, 0xD2, 0x3C, 0x8C, 0xE7, 0x3F, 0x98, 0xD1, 0x3E, 0x8C, 0xD2
	.byte 0x3F, 0x86, 0xD2, 0x86, 0xE1, 0x3C, 0x98, 0xD5, 0x43, 0x8C, 0x41, 0x86, 0x43, 0x86, 0xF9, 0x46
	.byte 0xAC, 0xEA, 0x42, 0x9C, 0xD1, 0x84, 0xD1, 0x84, 0xD1, 0x84, 0xE7, 0x44, 0x98, 0xE7, 0x98, 0xBD
	.byte 0x49, 0xB0, 0xB0, 0xB0, 0xB0, 0xB0, 0xB0, 0xB0, 0xB0, 0x18, 0x8C, 0xD2, 0x46, 0x86, 0xD2, 0x86
	.byte 0xD5, 0x48, 0x86, 0x46, 0x92, 0xD5, 0x8C, 0x48, 0x86, 0x46, 0x9A, 0x8C, 0xD2, 0x86, 0xD2, 0x86
	.byte 0xD5, 0x48, 0x86, 0x46, 0x92, 0x4A, 0x86, 0x46, 0x8C, 0x42, 0x92, 0x44, 0x8C, 0x8C, 0x46, 0x8C
	.byte 0x48, 0x86, 0x46, 0x92, 0xD2, 0x86, 0xD2, 0x86, 0xD5, 0x48, 0x86, 0x46, 0x9A, 0x43, 0x86, 0x46
	.byte 0x86, 0x43, 0x86, 0x3F, 0x86, 0xDB, 0x43, 0x8C, 0x45, 0x8C, 0xE7, 0x46, 0x98, 0xE1, 0x4B, 0x92
	.byte 0xD2, 0x4A, 0x83, 0x48, 0x83, 0xB2, 0x2F, 0xF8, 0x8A, 0x08, 0xB1, 0x08, 0x00, 0x00, 0xB2, 0x9C
	.byte 0x6D, 0x61, 0x08, 0xD8, 0xEA, 0x8A, 0x08, 0x5B, 0xEC, 0x8A, 0x08, 0x97, 0xED, 0x8A, 0x08, 0x7B
	.byte 0xEE, 0x8A, 0x08, 0x34, 0xF1, 0x8A, 0x08, 0xF8, 0xF3, 0x8A, 0x08, 0x4C, 0xF6, 0x8A, 0x08, 0x2D
	.byte 0xF8, 0x8A, 0x08, 0xBC, 0x00, 0xBB, 0x4A, 0xBD, 0x7F, 0xC2, 0x2C, 0xC1, 0x0C, 0xBF, 0x40, 0xBE
	.byte 0x34, 0xD2, 0x5A, 0x70, 0x86, 0x5A, 0x3C, 0x86, 0xBD, 0x7F, 0xD2, 0x5A, 0x70, 0x86, 0x5A, 0x34
	.byte 0x86, 0x5A, 0x5C, 0x86, 0x5A, 0x34, 0x86, 0x5A, 0x6C, 0x8C, 0x5A, 0x60, 0x8C, 0x5A, 0x70, 0x86
	.byte 0x5A, 0x54, 0x86, 0xBD, 0x7E, 0xDB, 0x5D, 0x50, 0x8C, 0xBD, 0x7F, 0xD2, 0x5A, 0x70, 0x8C, 0xBD
	.byte 0x7E, 0xDB, 0x5D, 0x8C, 0xBD, 0x7F, 0xD2, 0x5A, 0x8C, 0x5A, 0x54, 0x86, 0x5A, 0x30, 0x86, 0xBD
	.byte 0x7E, 0xDB, 0x5D, 0x60, 0x8C, 0xBD, 0x7F, 0xD2, 0x5A, 0x48, 0x86, 0x5A, 0x30, 0x86, 0x5A, 0x70
	.byte 0x86, 0x5A, 0x30, 0x86, 0x5A, 0x54, 0x86, 0x5A, 0x30, 0x86, 0xBD, 0x7E, 0xDB, 0x5D, 0x50, 0x8C
	.byte 0xBD, 0x7F, 0xD2, 0x5A, 0x48, 0x86, 0x5A, 0x30, 0x86, 0x5A, 0x70, 0x8C, 0x5A, 0x54, 0x86, 0x5A
	.byte 0x30, 0x86, 0xBD, 0x7E, 0xDB, 0x5D, 0x50, 0x8C, 0xBD, 0x7F, 0xD2, 0x5A, 0x48, 0x86, 0x5A, 0x30
	.byte 0x86, 0x5A, 0x70, 0x86, 0x5A, 0x30, 0x86, 0x5A, 0x54, 0x86, 0x5A, 0x30, 0x86, 0xBD, 0x7E, 0xDB
	.byte 0x5D, 0x70, 0x8C, 0xBD, 0x7F, 0xD2, 0x5A, 0x48, 0x86, 0x5A, 0x30, 0x86, 0x5A, 0x70, 0x8C, 0x5A
	.byte 0x54, 0x86, 0x5A, 0x30, 0x86, 0xBD, 0x7E, 0xDB, 0x5D, 0x60, 0x8C, 0xBD, 0x7F, 0xD2, 0x5A, 0x48
	.byte 0x86, 0x5A, 0x30, 0x86, 0x5A, 0x70, 0x86, 0x5A, 0x30, 0x86, 0x5A, 0x54, 0x86, 0x5A, 0x30, 0x86
	.byte 0xBD, 0x7E, 0xDB, 0x5D, 0x50, 0x8C, 0xBD, 0x7F, 0xD2, 0x5A, 0x48, 0x86, 0x5A, 0x30, 0x86, 0x5A
	.byte 0x70, 0x8C, 0x5A, 0x54, 0x86, 0x5A, 0x30, 0x86, 0xBD, 0x7E, 0xDB, 0x5D, 0x50, 0x8C, 0xBD, 0x7F
	.byte 0xD2, 0x5A, 0x48, 0x86, 0x5A, 0x30, 0x86, 0x5A, 0x70, 0x86, 0x5A, 0x30, 0x86, 0x5A, 0x54, 0x86
	.byte 0x5A, 0x30, 0x86, 0xBD, 0x7E, 0xDB, 0x5D, 0x68, 0x8C, 0xBD, 0x7F, 0xD2, 0x5A, 0x48, 0x86, 0x5A
	.byte 0x30, 0x86, 0x5A, 0x70, 0x8C, 0x5A, 0x44, 0x86, 0x5A, 0x2C, 0x86, 0x5A, 0x58, 0x8C, 0x5A, 0x44
	.byte 0x86, 0x5A, 0x2C, 0x86, 0x5A, 0x70, 0x86, 0x5A, 0x34, 0x83, 0xD2, 0x83, 0x5A, 0x58, 0x86, 0x5A
	.byte 0x40, 0x86, 0x5A, 0x58, 0x8C, 0x5A, 0x54, 0x86, 0x5A, 0x2C, 0x86, 0xD2, 0x5A, 0x70, 0x8C, 0x5A
	.byte 0x44, 0x86, 0x5A, 0x2C, 0x86, 0x5A, 0x58, 0x8C, 0x5A, 0x44, 0x86, 0x5A, 0x2C, 0x86, 0x5A, 0x70
	.byte 0x86, 0x5A, 0x34, 0x83, 0xD2, 0x83, 0x5A, 0x58, 0x86, 0x5A, 0x40, 0x86, 0x5A, 0x70, 0x86, 0x5A
	.byte 0x58, 0x86, 0xBD, 0x7E, 0xDB, 0x5D, 0x54, 0x8C, 0xB4, 0xBD, 0x7F, 0xD2, 0x5A, 0x70, 0x8C, 0x5A
	.byte 0x44, 0x86, 0x5A, 0x2C, 0x86, 0x5A, 0x58, 0x8C, 0x5A, 0x44, 0x86, 0x5A, 0x2C, 0x86, 0x5A, 0x70
	.byte 0x86, 0x5A, 0x34, 0x83, 0xD2, 0x83, 0x5A, 0x58, 0x86, 0x5A, 0x40, 0x86, 0x5A, 0x58, 0x8C, 0x5A
	.byte 0x54, 0x86, 0x5A, 0x2C, 0x86, 0xB3, 0xD4, 0xFA, 0x8A, 0x08, 0xBD, 0x7F, 0xD2, 0x5A, 0x70, 0x86
	.byte 0x5A, 0x50, 0x9A, 0x5A, 0x70, 0x86, 0x5A, 0x50, 0x86, 0x5A, 0x70, 0x86, 0x5A, 0x2C, 0x86, 0x5A
	.byte 0x3C, 0x86, 0x5A, 0x2C, 0x86, 0x5A, 0x70, 0x8C, 0xBD, 0x7E, 0xDB, 0x5D, 0x8C, 0xBD, 0x7F, 0xD2
	.byte 0x5A, 0x86, 0x5A, 0x50, 0x9A, 0xBD, 0x7E, 0xDB, 0x5D, 0x70, 0x8C, 0xBD, 0x7F, 0xD2, 0x5A, 0x86
	.byte 0x5A, 0x2C, 0x86, 0x5A, 0x48, 0x86, 0x5A, 0x2C, 0x86, 0x5A, 0x70, 0x86, 0x5A, 0x34, 0x86, 0xBD
	.byte 0x7E, 0xDB, 0x5D, 0x5C, 0x8C, 0xBD, 0x7F, 0xD2, 0x5A, 0x70, 0x86, 0x5A, 0x50, 0x86, 0xBD, 0x7E
	.byte 0xDB, 0x5D, 0x70, 0x8C, 0xBD, 0x7F, 0xD2, 0x5A, 0x86, 0x5A, 0x38, 0x86, 0x5A, 0x70, 0x86, 0x5A
	.byte 0x50, 0x86, 0x5A, 0x70, 0x86, 0x5A, 0x2C, 0x86, 0x5A, 0x3C, 0x86, 0x5A, 0x2C, 0x86, 0x5A, 0x70
	.byte 0x8C, 0xBD, 0x7E, 0xDB, 0x5D, 0x8C, 0xBD, 0x7F, 0xD2, 0x5A, 0x86, 0x5A, 0x50, 0x86, 0xBD, 0x7E
	.byte 0xDB, 0x5D, 0x70, 0x8C, 0xBD, 0x7F, 0xD2, 0x5A, 0x88, 0xD0, 0x5A, 0x40, 0x88, 0x5A, 0x58, 0x90
	.byte 0x5A, 0x70, 0x88, 0xD0, 0x88, 0xD2, 0x86, 0x5A, 0x48, 0x86, 0xBD, 0x7E, 0xDB, 0x5D, 0x60, 0x8C
	.byte 0xB2, 0xB1, 0xF9, 0x8A, 0x08, 0xB1, 0xBC, 0x00, 0xBD, 0x3C, 0xC2, 0x2C, 0xC1, 0x0C, 0xBF, 0x40
	.byte 0xBE, 0x36, 0xD5, 0x56, 0x70, 0x86, 0x58, 0x86, 0xD5, 0x59, 0x70, 0x86, 0xD2, 0x58, 0x86, 0xD5
	.byte 0x57, 0x86, 0xD2, 0x56, 0x86, 0x55, 0x8C, 0xDB, 0x54, 0x8C, 0xD2, 0x53, 0x86, 0xD2, 0x86, 0xDB
	.byte 0x51, 0x8C, 0xD2, 0x53, 0x8C, 0xDB, 0x55, 0x8C, 0xD5, 0x56, 0x86, 0xD2, 0x4A, 0x86, 0xD5, 0x51
	.byte 0x86, 0xD2, 0x50, 0x8C, 0x51, 0x8C, 0x53, 0x86, 0xDB, 0x54, 0x8C, 0xD2, 0x53, 0x98, 0x4D, 0x8C
	.byte 0x4F, 0x8C, 0x56, 0xAC, 0xD5, 0x59, 0x86, 0xD2, 0x4D, 0x86, 0xD5, 0x51, 0x86, 0xD2, 0x50, 0x8C
	.byte 0x51, 0x86, 0x52, 0x86, 0x53, 0x86, 0xDB, 0x54, 0x8C, 0xD2, 0x56, 0x98, 0x4F, 0x8C, 0x56, 0x8C
	.byte 0x5B, 0xAC, 0xBD, 0x3C, 0xBE, 0x30, 0xEF, 0x45, 0xA0, 0x47, 0xA0, 0x48, 0xA0, 0x47, 0xA0, 0xBE
	.byte 0x34, 0xEF, 0x4A, 0xA0, 0x4C, 0xA0, 0xBE, 0x38, 0xEF, 0x4D, 0xA0, 0x4F, 0xA0, 0xD5, 0x51, 0x70
	.byte 0x86, 0xD2, 0x9A, 0xD2, 0x86, 0xD2, 0xA2, 0xB4, 0xD2, 0x86, 0xD2, 0x9A, 0xBE, 0x2E, 0xE7, 0x50
	.byte 0x98, 0x4F, 0x98, 0xDB, 0x4E, 0x8C, 0xB3, 0x66, 0xFC, 0x8A, 0x08, 0xD2, 0x51, 0x70, 0x86, 0xD2
	.byte 0x98, 0x82, 0xD3, 0x88, 0x52, 0x90, 0xD3, 0x88, 0x53, 0x88, 0xD2, 0x86, 0x55, 0x86, 0x56, 0x86
	.byte 0x58, 0x86, 0xB2, 0xF1, 0xFB, 0x8A, 0x08, 0xB1, 0xBC, 0x00, 0xBD, 0x26, 0xC1, 0x0C, 0xC2, 0x2C
	.byte 0xC1, 0x0C, 0xC2, 0x2C, 0xBF, 0x40, 0xBE, 0x48, 0x8C, 0xC0, 0x40, 0xD5, 0x2D, 0x7F, 0x8C, 0xD2
	.byte 0x2D, 0x70, 0x8C, 0xD5, 0x2D, 0x7F, 0x8C, 0xD2, 0x2D, 0x70, 0x8C, 0xD5, 0x21, 0x7F, 0x8C, 0xD2
	.byte 0x21, 0x70, 0x8C, 0xD5, 0x21, 0x7F, 0x86, 0xD2, 0x25, 0x70, 0x86, 0xD5, 0x28, 0x86, 0xD2, 0x2D
	.byte 0x86, 0xC0, 0x40, 0xD5, 0x29, 0x7F, 0x86, 0xD2, 0x26, 0x50, 0x86, 0x26, 0x70, 0x86, 0xD5, 0x86
	.byte 0xDB, 0x26, 0x50, 0x8C, 0xD5, 0x21, 0x8C, 0xC0, 0x3B, 0xD8, 0x26, 0x7F, 0x86, 0xC0, 0x40, 0x86
	.byte 0xD2, 0x26, 0x70, 0x86, 0xD5, 0x86, 0x26, 0x50, 0x86, 0x25, 0x70, 0x86, 0x29, 0x60, 0x8C, 0xE7
	.byte 0x26, 0x7F, 0x86, 0xC0, 0x48, 0x86, 0x40, 0x9C, 0xD5, 0x34, 0x54, 0x86, 0xD2, 0x35, 0x70, 0x86
	.byte 0xD5, 0x31, 0x50, 0x86, 0xD2, 0x32, 0x70, 0x86, 0xD5, 0x2C, 0x54, 0x86, 0xD2, 0x2D, 0x70, 0x86
	.byte 0xD5, 0x29, 0x54, 0x86, 0xD2, 0x2B, 0x70, 0x86, 0xD5, 0x29, 0x7F, 0x86, 0xD2, 0x26, 0x50, 0x86
	.byte 0x26, 0x70, 0x86, 0xD5, 0x86, 0xDB, 0x26, 0x50, 0x8C, 0xD5, 0x21, 0x8C, 0x25, 0x7F, 0x86, 0xD2
	.byte 0x26, 0x50, 0x86, 0x26, 0x70, 0x86, 0xD5, 0x86, 0x26, 0x50, 0x86, 0x25, 0x70, 0x86, 0x29, 0x50
	.byte 0x8C, 0xE7, 0x26, 0x7F, 0x86, 0xC0, 0x48, 0x86, 0x40, 0x9C, 0xD5, 0x2B, 0x60, 0x86, 0x26, 0x54
	.byte 0x86, 0xD2, 0x2B, 0x70, 0x86, 0xD2, 0x86, 0xDB, 0x8C, 0x2C, 0x8C, 0xBE, 0x36, 0xC0, 0x40, 0xE1
	.byte 0x26, 0x7F, 0x92, 0xD5, 0x2D, 0x60, 0x86, 0xDB, 0x2C, 0x70, 0x86, 0xC0, 0x3A, 0x86, 0x40, 0xD8
	.byte 0x2C, 0x6C, 0x86, 0xC0, 0x45, 0x86, 0x40, 0xDE, 0x26, 0x7F, 0x92, 0xD5, 0x2D, 0x60, 0x86, 0xDB
	.byte 0x2C, 0x70, 0x86, 0xC0, 0x3A, 0x86, 0x40, 0xD8, 0x2C, 0x6C, 0x86, 0xC0, 0x45, 0x86, 0xBE, 0x3A
	.byte 0xC0, 0x40, 0xE1, 0x26, 0x7F, 0x92, 0xD5, 0x2D, 0x60, 0x86, 0xDB, 0x2C, 0x70, 0x86, 0xC0, 0x3A
	.byte 0x86, 0x40, 0xD8, 0x2C, 0x6C, 0x86, 0xC0, 0x45, 0x86, 0x40, 0xDE, 0x26, 0x7F, 0x92, 0xD5, 0x2D
	.byte 0x60, 0x86, 0xDB, 0x2C, 0x70, 0x86, 0xC0, 0x3A, 0x86, 0x40, 0xD8, 0x2C, 0x6C, 0x86, 0xC0, 0x45
	.byte 0x86, 0xBE, 0x3E, 0xC0, 0x40, 0xE1, 0x26, 0x7F, 0x92, 0xD5, 0x2D, 0x60, 0x86, 0xDB, 0x2C, 0x70
	.byte 0x86, 0xC0, 0x3A, 0x86, 0x40, 0xD8, 0x2C, 0x6C, 0x86, 0xC0, 0x45, 0x86, 0x40, 0xDE, 0x26, 0x7F
	.byte 0x92, 0xD5, 0x2D, 0x60, 0x86, 0xDB, 0x2C, 0x70, 0x86, 0xC0, 0x3A, 0x86, 0x40, 0xD8, 0x2C, 0x6C
	.byte 0x86, 0xC0, 0x45, 0x86, 0xBE, 0x48, 0xC0, 0x40, 0xE1, 0x26, 0x7F, 0x92, 0xD5, 0x2D, 0x60, 0x86
	.byte 0xDB, 0x2C, 0x70, 0x86, 0xC0, 0x3A, 0x86, 0x40, 0xD8, 0x2C, 0x6C, 0x86, 0xC0, 0x45, 0x86, 0x40
	.byte 0xDE, 0x26, 0x7F, 0x92, 0xD5, 0x2D, 0x60, 0x86, 0xDB, 0x2C, 0x70, 0x86, 0xC0, 0x3A, 0x86, 0x40
	.byte 0xD8, 0x2C, 0x6C, 0x86, 0xC0, 0x45, 0x86, 0x40, 0xD2, 0x2A, 0x7F, 0x86, 0x2A, 0x70, 0x9A, 0x2A
	.byte 0x7F, 0x86, 0x2A, 0x70, 0xA2, 0xD2, 0x2A, 0x7F, 0x86, 0x2A, 0x70, 0xAE, 0xB4, 0x2A, 0x7F, 0x86
	.byte 0x2A, 0x70, 0x9A, 0x2A, 0x7F, 0x86, 0x2A, 0x70, 0xA2, 0xB3, 0x4E, 0xFE, 0x8A, 0x08, 0xB2, 0xB2
	.byte 0xFC, 0x8A, 0x08, 0xB1, 0xBC, 0x00, 0xBD, 0x2F, 0xC2, 0x2C, 0xC1, 0x0C, 0xBE, 0x3F, 0xBF, 0x2B
	.byte 0x8C, 0xD2, 0x35, 0x70, 0x83, 0xD2, 0x83, 0xD2, 0x86, 0x39, 0x86, 0xD2, 0x86, 0xD5, 0x35, 0x8C
	.byte 0x2D, 0x8C, 0xD2, 0x35, 0x86, 0xD2, 0x86, 0xD5, 0x2D, 0x8C, 0x35, 0x8C, 0x2D, 0x8C, 0x35, 0x98
	.byte 0x32, 0x9C, 0x3E, 0x8C, 0x35, 0x8C, 0xD2, 0x3E, 0x86, 0xD2, 0x86, 0xD5, 0x8C, 0x43, 0x98, 0xD2
	.byte 0x37, 0x86, 0xD2, 0x86, 0xD5, 0x47, 0x8C, 0x43, 0x8C, 0xD2, 0x47, 0x86, 0xD2, 0x86, 0xD5, 0x43
	.byte 0x8C, 0x3E, 0x98, 0x2D, 0x9C, 0x32, 0x8C, 0x2D, 0x8C, 0xD2, 0x3E, 0x86, 0xD2, 0x86, 0xD5, 0x8C
	.byte 0x43, 0x98, 0xD2, 0x37, 0x86, 0xD2, 0x86, 0x47, 0x86, 0xD2, 0x86, 0xD5, 0x43, 0x8C, 0xD2, 0x47
	.byte 0x8C, 0x43, 0x86, 0xD2, 0x86, 0xBE, 0x24, 0xD2, 0x3E, 0x92, 0xD2, 0x92, 0xD2, 0x86, 0x3C, 0x86
	.byte 0x3E, 0x92, 0xD2, 0x92, 0xD2, 0x8C, 0xBE, 0x2A, 0xD2, 0x92, 0xD2, 0x92, 0xD2, 0x8C, 0xD2, 0x86
	.byte 0x41, 0x8C, 0x3E, 0x92, 0xD2, 0x8C, 0xBE, 0x33, 0xD2, 0x92, 0xD2, 0x92, 0xD2, 0x86, 0x3C, 0x86
	.byte 0x3E, 0x92, 0xD2, 0x92, 0xD2, 0x8C, 0xBE, 0x3C, 0xD2, 0x92, 0xD2, 0x92, 0xD2, 0x8C, 0xD2, 0x86
	.byte 0x41, 0x8C, 0x3E, 0x92, 0xD2, 0x8C, 0xBE, 0x40, 0xA0, 0xD5, 0x45, 0x86, 0x4A, 0x86, 0x45, 0x86
	.byte 0x3F, 0x86, 0x3B, 0x8C, 0xDB, 0x4A, 0x8C, 0xB0, 0xA0, 0xD5, 0x45, 0x86, 0x4A, 0x86, 0x45, 0x86
	.byte 0x3F, 0x86, 0x3B, 0x8C, 0xDB, 0x4A, 0x8C, 0xB0, 0xB2, 0x7A, 0xFE, 0x8A, 0x08, 0xB1, 0xBC, 0x00
	.byte 0xBD, 0x2F, 0xC2, 0x2C, 0xC1, 0x0C, 0xBE, 0x39, 0xBF, 0x5F, 0x8C, 0xB0, 0xB0, 0xA0, 0xDB, 0x3B
	.byte 0x70, 0x8C, 0xD5, 0x37, 0x8C, 0xD2, 0x3B, 0x86, 0xD2, 0x86, 0xD5, 0x37, 0x8C, 0x32, 0xB0, 0xA0
	.byte 0xD2, 0x3B, 0x86, 0xD2, 0x86, 0xD5, 0x37, 0x8C, 0xD2, 0x3B, 0x8C, 0x37, 0x86, 0xD2, 0x86, 0xBD
	.byte 0x2F, 0xBE, 0x24, 0xD5, 0x32, 0x92, 0xD5, 0x92, 0xD2, 0x86, 0x30, 0x86, 0xD5, 0x32, 0x92, 0xD5
	.byte 0x92, 0xD5, 0x8C, 0xBE, 0x2C, 0xD5, 0x92, 0xD5, 0x92, 0xD5, 0x8C, 0xD5, 0x86, 0x35, 0x8C, 0x32
	.byte 0x92, 0xD5, 0x8C, 0xBE, 0x33, 0xD5, 0x92, 0xD5, 0x92, 0xD2, 0x86, 0x30, 0x86, 0xD5, 0x32, 0x92
	.byte 0xD5, 0x92, 0xD5, 0x8C, 0xBE, 0x3A, 0xD5, 0x92, 0xD5, 0x92, 0xD5, 0x8C, 0xD5, 0x86, 0x35, 0x8C
	.byte 0x32, 0x92, 0xD5, 0x8C, 0xD5, 0x36, 0x70, 0x86, 0xD2, 0x9A, 0xD2, 0x86, 0xD2, 0x86, 0xD5, 0x39
	.byte 0x86, 0x3E, 0x86, 0x39, 0x86, 0x33, 0x86, 0x2F, 0x8C, 0xDB, 0x3E, 0x8C, 0xB4, 0xD2, 0x36, 0x70
	.byte 0x86, 0xD2, 0xAE, 0xB4, 0xB3, 0xBD, 0xFF, 0x8A, 0x08, 0xB3, 0xD6, 0xFF, 0x8A, 0x08, 0xB2, 0x54
	.byte 0xFF, 0x8A, 0x08, 0xB1, 0xBC, 0x00, 0xBD, 0x50, 0xC2, 0x2C, 0xCD, 0x08, 0x12, 0x08, 0x10, 0xC1
	.byte 0x0C, 0xBF, 0x06, 0xBE, 0x24, 0xD5, 0x3E, 0x70, 0x86, 0x39, 0x86, 0xC0, 0x40, 0xD5, 0x39, 0x70
	.byte 0x86, 0xD2, 0x86, 0xD5, 0x86, 0xD2, 0x86, 0x45, 0x8C, 0xD8, 0x3C, 0x8C, 0xD2, 0x3D, 0x86, 0x3E
	.byte 0x86, 0xDB, 0x3C, 0x8C, 0xD2, 0x3E, 0x8C, 0xDB, 0x40, 0x8C, 0xBE, 0x06, 0xFF, 0x4D, 0x70, 0x85
	.byte 0xBE, 0x08, 0x87, 0x09, 0x82, 0x0A, 0x86, 0x0D, 0x84, 0x0D, 0x82, 0x0F, 0x83, 0x11, 0x83, 0x12
	.byte 0x84, 0x13, 0x82, 0x14, 0x83, 0x16, 0x83, 0x18, 0x84, 0x18, 0x82, 0x1C, 0x83, 0x20, 0x87, 0x22
	.byte 0x82, 0x25, 0x83, 0x26, 0x83, 0x28, 0x84, 0x2A, 0x82, 0x2C, 0x83, 0x2F, 0x83, 0x31, 0x84, 0x33
	.byte 0x82, 0x35, 0x83, 0x36, 0x83, 0x38, 0x84, 0xB4, 0x24, 0xD2, 0x4F, 0x8C, 0x4A, 0x8C, 0x3E, 0x86
	.byte 0x43, 0x86, 0x45, 0x86, 0x4A, 0x86, 0xD5, 0x4E, 0x86, 0xD2, 0x4F, 0x83, 0x4E, 0x83, 0xD5, 0x4C
	.byte 0x8C, 0x4A, 0x86, 0xD2, 0x4C, 0x83, 0x4A, 0x83, 0xD5, 0x45, 0x8C, 0xB3, 0x23, 0x00, 0x8B, 0x08
	.byte 0xBE, 0x24, 0xD2, 0x4F, 0x70, 0x8C, 0x4A, 0x8C, 0x43, 0x86, 0x4A, 0x86, 0x4D, 0x86, 0x51, 0x86
	.byte 0xD5, 0x56, 0x86, 0xD2, 0x58, 0x83, 0x56, 0x83, 0xD5, 0x53, 0x8C, 0x4F, 0x86, 0xD2, 0x51, 0x83
	.byte 0x4F, 0x83, 0xD5, 0x4A, 0x8C, 0xC0, 0x42, 0xD2, 0x56, 0x5C, 0x8C, 0x59, 0x92, 0xD2, 0x86, 0x51
	.byte 0x8C, 0x56, 0x8C, 0x59, 0x92, 0xD2, 0x86, 0x51, 0x8C, 0xD2, 0x56, 0x5C, 0x8C, 0x59, 0x92, 0xD2
	.byte 0x86, 0x51, 0x8C, 0x4D, 0x86, 0x56, 0x86, 0x59, 0x86, 0x56, 0x8C, 0x59, 0x86, 0x51, 0x8C, 0xB4
	.byte 0x56, 0x8C, 0x59, 0x92, 0xD2, 0x86, 0x51, 0x8C, 0x56, 0x8C, 0x59, 0x92, 0xD2, 0x86, 0x51, 0x8C
	.byte 0xB3, 0xC2, 0x00, 0x8B, 0x08, 0xD5, 0x36, 0x70, 0x86, 0xD2, 0x9A, 0xD2, 0x86, 0xD2, 0xA2, 0xB4
	.byte 0xD2, 0x86, 0xD2, 0x9A, 0xD5, 0x49, 0x86, 0x46, 0x86, 0x3D, 0x86, 0x38, 0x9E, 0xB3, 0xEE, 0x00
	.byte 0x8B, 0x08, 0xD2, 0x36, 0x70, 0x86, 0xD2, 0x98, 0x82, 0xD3, 0x41, 0x88, 0x42, 0x90, 0xD3, 0x88
	.byte 0x43, 0x88, 0xD2, 0x86, 0x45, 0x86, 0x47, 0x86, 0x49, 0x86, 0xB2, 0x04, 0x00, 0x8B, 0x08, 0xB1
	.byte 0xBC, 0x00, 0xBD, 0x51, 0xC2, 0x2C, 0xCD, 0x08, 0x12, 0x08, 0x10, 0xC1, 0x0C, 0xBF, 0x7F, 0xBE
	.byte 0x24, 0xD5, 0x4A, 0x70, 0x86, 0x4C, 0x86, 0xD5, 0x4D, 0x70, 0x86, 0xD2, 0x4C, 0x86, 0xD5, 0x4B
	.byte 0x86, 0xD2, 0x4A, 0x86, 0x49, 0x8C, 0xDB, 0x48, 0x8C, 0xD2, 0x47, 0x86, 0xD2, 0x86, 0xDB, 0x45
	.byte 0x8C, 0xD2, 0x47, 0x8C, 0xDB, 0x49, 0x8C, 0xBE, 0x06, 0xFF, 0x51, 0x85, 0xBE, 0x08, 0x87, 0x09
	.byte 0x82, 0x0A, 0x86, 0x0D, 0x84, 0x0D, 0x82, 0x0F, 0x83, 0x11, 0x83, 0x12, 0x84, 0x13, 0x82, 0x14
	.byte 0x83, 0x16, 0x83, 0x18, 0x84, 0x18, 0x82, 0x1C, 0x83, 0x20, 0x87, 0x22, 0x82, 0x25, 0x83, 0x26
	.byte 0x83, 0x28, 0x84, 0x2A, 0x82, 0x2C, 0x83, 0x2F, 0x83, 0x31, 0x84, 0x33, 0x82, 0x35, 0x83, 0x36
	.byte 0x83, 0x38, 0x84, 0x23, 0xD2, 0x53, 0x8C, 0x4F, 0x8C, 0x43, 0x86, 0x4A, 0x86, 0x4D, 0x86, 0x51
	.byte 0x86, 0xD5, 0x53, 0x86, 0xD2, 0x54, 0x83, 0x53, 0x83, 0xD5, 0x51, 0x8C, 0x4F, 0x86, 0xD2, 0x51
	.byte 0x83, 0x4F, 0x83, 0xD5, 0x4A, 0x8C, 0xBE, 0x06, 0xFF, 0x54, 0x85, 0xBE, 0x08, 0x87, 0x09, 0x82
	.byte 0x0A, 0x86, 0x0D, 0x84, 0x0D, 0x82, 0x0F, 0x83, 0x11, 0x83, 0x12, 0x84, 0x13, 0x82, 0x14, 0x83
	.byte 0x16, 0x83, 0x18, 0x84, 0x18, 0x82, 0x1C, 0x83, 0x20, 0x87, 0x22, 0x82, 0x25, 0x83, 0x26, 0x83
	.byte 0x28, 0x84, 0x2A, 0x82, 0x2C, 0x83, 0x2F, 0x83, 0x31, 0x84, 0x33, 0x82, 0x35, 0x83, 0x36, 0x83
	.byte 0x38, 0x84, 0x23, 0xD2, 0x56, 0x8C, 0x53, 0x8C, 0x4A, 0x86, 0x4D, 0x86, 0x51, 0x86, 0x56, 0x86
	.byte 0xD5, 0x59, 0x86, 0xD2, 0x5B, 0x83, 0x59, 0x83, 0xD5, 0x56, 0x8C, 0x53, 0x86, 0xD2, 0x54, 0x83
	.byte 0x53, 0x83, 0xD5, 0x4F, 0x8C, 0xD2, 0x56, 0x5C, 0x8C, 0x59, 0x92, 0xD2, 0x86, 0x51, 0x8C, 0x56
	.byte 0x8C, 0x59, 0x92, 0xD2, 0x86, 0x51, 0x8C, 0xB4, 0xD2, 0x56, 0x5C, 0x8C, 0x59, 0x92, 0xD2, 0x86
	.byte 0x51, 0x8C, 0x4D, 0x86, 0x56, 0x86, 0x59, 0x86, 0x56, 0x8C, 0x59, 0x86, 0x51, 0x8C, 0xB4, 0xB3
	.byte 0x1E, 0x02, 0x8B, 0x08, 0xB3, 0x31, 0x02, 0x8B, 0x08, 0xD5, 0x4C, 0x70, 0x86, 0xD2, 0x9A, 0xD2
	.byte 0x86, 0xD2, 0xA2, 0xB4, 0xD2, 0x86, 0xD2, 0x9A, 0xD5, 0x50, 0x86, 0x49, 0x86, 0x46, 0x86, 0x3D
	.byte 0x86, 0x4F, 0x86, 0x48, 0x86, 0x43, 0x86, 0x3C, 0x86, 0x4E, 0x86, 0x47, 0x86, 0xB3, 0x52, 0x02
	.byte 0x8B, 0x08, 0xD2, 0x4C, 0x70, 0x86, 0xD2, 0x98, 0x82, 0xD3, 0x51, 0x88, 0x52, 0x90, 0xD3, 0x88
	.byte 0x53, 0x88, 0xD2, 0x86, 0x55, 0x86, 0x56, 0x86, 0x58, 0x86, 0xB2, 0x40, 0x01, 0x8B, 0x08, 0xB1
	.byte 0xBC, 0x00, 0xBD, 0x00, 0xBF, 0x40, 0xBE, 0x38, 0x8C, 0xB0, 0xB0, 0x98, 0xEF, 0x39, 0x5C, 0xA8
	.byte 0xB0, 0x98, 0xEF, 0xA8, 0xB0, 0xB0, 0xB0, 0xB0, 0x98, 0xD5, 0x24, 0x70, 0x98, 0xD5, 0x98, 0xD5
	.byte 0x98, 0xB4, 0x98, 0x24, 0x54, 0x98, 0x24, 0x70, 0x98, 0xD5, 0x98, 0xB3, 0xB1, 0x02, 0x8B, 0x08
	.byte 0x98, 0xD5, 0x24, 0x70, 0x98, 0x24, 0x3C, 0x98, 0x24, 0x70, 0x98, 0xB2, 0xA2, 0x02, 0x8B, 0x08
	.byte 0xB1, 0xBC, 0x00, 0xC2, 0x2C, 0xCD, 0x08, 0x12, 0x08, 0x10, 0xC1, 0x0C, 0xBF, 0x40, 0xBE, 0x22
	.byte 0x8C, 0xB0, 0xB0, 0xBD, 0x53, 0xBE, 0x29, 0xC0, 0x40, 0x98, 0xD2, 0x37, 0x70, 0x86, 0x3E, 0x86
	.byte 0x41, 0x86, 0x45, 0x86, 0xD5, 0x47, 0x86, 0xD2, 0x48, 0x83, 0x47, 0x83, 0xD5, 0x45, 0x8C, 0x43
	.byte 0x86, 0xD2, 0x45, 0x83, 0x43, 0x83, 0xD5, 0x3E, 0x8C, 0xB0, 0x98, 0xD2, 0x86, 0x41, 0x86, 0x45
	.byte 0x86, 0x4A, 0x86, 0xD5, 0x4D, 0x86, 0xD2, 0x4F, 0x83, 0x4D, 0x83, 0xD5, 0x4A, 0x8C, 0x47, 0x86
	.byte 0xD2, 0x48, 0x83, 0x47, 0x83, 0xD5, 0x43, 0x8C, 0xBD, 0x1D, 0xBE, 0x24, 0xC0, 0x40, 0xD5, 0x3E
	.byte 0x86, 0xD2, 0x86, 0xD5, 0x86, 0xD2, 0x86, 0xD5, 0x86, 0xD2, 0x86, 0xD2, 0x86, 0xC0, 0x40, 0xE7
	.byte 0x41, 0x86, 0xC0, 0x3B, 0x86, 0x40, 0x8C, 0xE1, 0x3E, 0x92, 0xD5, 0x3D, 0x86, 0xC0, 0x40, 0x86
	.byte 0xD5, 0x3E, 0x86, 0xD2, 0x86, 0xD5, 0x86, 0xD2, 0x86, 0xD5, 0x86, 0xD2, 0x86, 0xD2, 0x86, 0xC0
	.byte 0x40, 0xE7, 0x43, 0x86, 0xC0, 0x3B, 0x86, 0x40, 0x8C, 0xE1, 0x3E, 0x92, 0xD5, 0x3D, 0x8C, 0xBE
	.byte 0x24, 0xC0, 0x40, 0xD5, 0x3E, 0x86, 0xD2, 0x86, 0xD5, 0x86, 0xD2, 0x86, 0xD5, 0x86, 0xD2, 0x86
	.byte 0xD2, 0x86, 0xC0, 0x40, 0xE7, 0x41, 0x86, 0xC0, 0x3B, 0x86, 0x40, 0x8C, 0xE1, 0x3E, 0x92, 0xD5
	.byte 0x3D, 0x86, 0xC0, 0x40, 0x86, 0xD5, 0x3E, 0x86, 0xD2, 0x86, 0xD5, 0x86, 0xD2, 0x86, 0xD5, 0x86
	.byte 0xD2, 0x86, 0xD5, 0x86, 0xD2, 0x86, 0xD5, 0x40, 0x86, 0xD2, 0x86, 0xD5, 0x86, 0xD2, 0x86, 0xD5
	.byte 0x86, 0xD2, 0x86, 0xD5, 0x86, 0xD2, 0x86, 0xBE, 0x24, 0xD5, 0x3A, 0x86, 0xD2, 0x9A, 0xD2, 0x86
	.byte 0xD2, 0xA2, 0xD2, 0x86, 0xD2, 0x9A, 0xD5, 0x23, 0x86, 0xD2, 0x86, 0xD5, 0x86, 0xD2, 0x86, 0xEB
	.byte 0x2F, 0x8C, 0xC0, 0x3E, 0x82, 0x38, 0x83, 0x35, 0x83, 0x2E, 0x84, 0x2A, 0x82, 0x21, 0x83, 0x1D
	.byte 0x83, 0x16, 0x84, 0x40, 0xD5, 0x3A, 0x86, 0xD2, 0x9A, 0xD2, 0x86, 0xD2, 0xA2, 0x98, 0xF7, 0x2E
	.byte 0x8C, 0xC0, 0x40, 0x85, 0x3D, 0x83, 0x3C, 0x84, 0x39, 0x82, 0x36, 0x83, 0x32, 0x83, 0x31, 0x84
	.byte 0x30, 0x82, 0x2C, 0x83, 0x29, 0x83, 0x25, 0x84, 0x24, 0x82, 0x20, 0x83, 0x1C, 0x83, 0x18, 0x84
	.byte 0x15, 0x82, 0x0E, 0x83, 0x0C, 0x83, 0x0A, 0x84, 0xB2, 0xEA, 0x02, 0x8B, 0x08, 0xC0, 0x40, 0xB1
	.byte 0xBC, 0x00, 0xBD, 0x38, 0xC2, 0x2C, 0xC1, 0x0C, 0xBF, 0x2E, 0xBE, 0x2E, 0xD5, 0x51, 0x70, 0x86
	.byte 0x53, 0x86, 0xD2, 0x54, 0x70, 0x86, 0x53, 0x86, 0x52, 0x86, 0x51, 0x86, 0x50, 0x8C, 0xDB, 0x51
	.byte 0x8C, 0xD2, 0x4F, 0x86, 0xD2, 0x86, 0xDB, 0x4D, 0x8C, 0xD2, 0x4F, 0x8C, 0xDB, 0x51, 0x8C, 0xD5
	.byte 0x86, 0xD2, 0x41, 0x86, 0xD5, 0x4A, 0x86, 0xD2, 0x49, 0x8C, 0x4A, 0x8C, 0x4C, 0x86, 0xDB, 0x4D
	.byte 0x8C, 0xD2, 0x4C, 0x98, 0x45, 0x8C, 0x4A, 0x8C, 0x4F, 0xAC, 0xD5, 0x56, 0x86, 0xD2, 0x45, 0x86
	.byte 0xD5, 0x4A, 0x86, 0xD2, 0x49, 0x8C, 0x4A, 0x86, 0x4B, 0x86, 0x4C, 0x86, 0xDB, 0x4D, 0x8C, 0xD2
	.byte 0x4F, 0x98, 0x4A, 0x8C, 0x4F, 0x8C, 0x56, 0xAC, 0xB0, 0xB0, 0xB0, 0xB0, 0xD5, 0x46, 0x70, 0x86
	.byte 0xD2, 0x9A, 0xD2, 0x86, 0xD2, 0xA2, 0xB4, 0xBE, 0x2D, 0xD2, 0x86, 0xD2, 0x9A, 0xE7, 0x49, 0x98
	.byte 0x48, 0x98, 0xDB, 0x47, 0x8C, 0xB3, 0x95, 0x04, 0x8B, 0x08, 0xD2, 0x46, 0x70, 0x86, 0xD2, 0x98
	.byte 0x82, 0xD3, 0x4D, 0x88, 0x4E, 0x90, 0xD3, 0x88, 0x4F, 0x88, 0xD2, 0x86, 0x51, 0x86, 0x53, 0x86
	.byte 0x55, 0x86, 0xB2, 0x3B, 0x04, 0x8B, 0x08, 0xB1, 0x00, 0x00, 0x00, 0x0A, 0x00, 0x00, 0xB2, 0x9C
	.byte 0x73, 0x61, 0x08, 0x9C, 0xF9, 0x8A, 0x08, 0xDF, 0xFB, 0x8A, 0x08, 0xA1, 0xFC, 0x8A, 0x08, 0x6D
	.byte 0xFE, 0x8A, 0x08, 0x47, 0xFF, 0x8A, 0x08, 0xED, 0xFF, 0x8A, 0x08, 0x29, 0x01, 0x8B, 0x08, 0x99
	.byte 0x02, 0x8B, 0x08, 0xDA, 0x02, 0x8B, 0x08, 0x29, 0x04, 0x8B, 0x08, 0xBC, 0x00, 0xBB, 0x5C, 0xBD
	.byte 0x2E, 0xC2, 0x2C, 0xC1, 0x0C, 0xBE, 0x4A, 0xBF, 0x12, 0xD3, 0x35, 0x70, 0x84, 0x38, 0x84, 0x3A
	.byte 0x84, 0x3E, 0x84, 0x41, 0x84, 0x44, 0x84, 0xBF, 0x22, 0xD3, 0x46, 0x84, 0x4A, 0x84, 0x4D, 0x84
	.byte 0x50, 0x84, 0x52, 0x84, 0x56, 0x84, 0xBF, 0x2C, 0xD3, 0x41, 0x84, 0x44, 0x84, 0x46, 0x84, 0x4A
	.byte 0x84, 0x4D, 0x84, 0x50, 0x84, 0xBF, 0x5D, 0xD3, 0x52, 0x84, 0x56, 0x84, 0x59, 0x84, 0x5C, 0x84
	.byte 0x5E, 0x84, 0x62, 0x84, 0xB0, 0xB0, 0xB0, 0xBD, 0x7F, 0xBE, 0x35, 0xBF, 0x40, 0xD1, 0x5A, 0x88
	.byte 0x5A, 0x50, 0x88, 0xD1, 0x88, 0xBF, 0x03, 0xD1, 0x5A, 0x70, 0x88, 0x5A, 0x50, 0x88, 0xD1, 0x88
	.byte 0xBF, 0x7F, 0xD1, 0x5A, 0x70, 0x88, 0x5A, 0x50, 0x88, 0xD1, 0x88, 0xBF, 0x40, 0xD1, 0x5A, 0x70
	.byte 0x88, 0x5A, 0x50, 0x88, 0xD1, 0x88, 0xBF, 0x03, 0xD1, 0x5A, 0x70, 0x88, 0x5A, 0x50, 0x88, 0xD1
	.byte 0x88, 0xBF, 0x7F, 0xD1, 0x5A, 0x70, 0x88, 0x5A, 0x50, 0x88, 0xD1, 0x88, 0xBF, 0x40, 0xD1, 0x5A
	.byte 0x70, 0x88, 0x5A, 0x50, 0x88, 0xD1, 0x88, 0x5A, 0x70, 0x88, 0x5A, 0x50, 0x88, 0xD1, 0x88, 0xB0
	.byte 0xB0, 0xB0, 0xB0, 0x98, 0xBB, 0x4F, 0x98, 0xBB, 0x4A, 0x98, 0xBB, 0x45, 0x98, 0x8C, 0xB1, 0xBC
	.byte 0x00, 0xBD, 0x2E, 0xC2, 0x2C, 0xC1, 0x0C, 0xC2, 0x2C, 0xC1, 0x0C, 0xBE, 0x4D, 0xBF, 0x39, 0xB0
	.byte 0xBD, 0x3C, 0xBF, 0x40, 0xBE, 0x4D, 0xD2, 0x4B, 0x70, 0x86, 0xD5, 0x4A, 0x86, 0xD2, 0x4B, 0x8C
	.byte 0xE7, 0x52, 0x8C, 0xC4, 0x06, 0x8C, 0x00, 0xD2, 0x4B, 0x8C, 0xD2, 0x8C, 0xE7, 0x53, 0x8C, 0xC4
	.byte 0x06, 0x8C, 0x00, 0xD2, 0x4B, 0x86, 0xD5, 0x4A, 0x86, 0xD2, 0x4B, 0x8C, 0xE7, 0x52, 0x8C, 0xC4
	.byte 0x06, 0x8C, 0x00, 0xD2, 0x4B, 0x8C, 0xD2, 0x84, 0xD1, 0x4B, 0x24, 0x88, 0xE7, 0x4F, 0x70, 0x8C
	.byte 0xC4, 0x06, 0x8C, 0xBD, 0x3C, 0xC4, 0x00, 0xD2, 0x4B, 0x86, 0xD5, 0x4A, 0x86, 0xD2, 0x4B, 0x8C
	.byte 0xE7, 0x52, 0x8C, 0xC4, 0x06, 0x8C, 0x00, 0xD2, 0x4B, 0x8C, 0xD2, 0x8C, 0xE7, 0x56, 0x8C, 0xC4
	.byte 0x06, 0x8C, 0x00, 0xEF, 0x57, 0x48, 0x98, 0xC4, 0x06, 0xBE, 0x4D, 0x82, 0x44, 0x83, 0x39, 0x83
	.byte 0x33, 0x84, 0x2E, 0x82, 0x27, 0x83, 0x1F, 0x83, 0x14, 0x84, 0xC4, 0x00, 0xBE, 0x4D, 0xEF, 0x3F
	.byte 0x68, 0x98, 0xC4, 0x06, 0xBE, 0x48, 0x82, 0x3C, 0x83, 0x2E, 0x83, 0x24, 0x84, 0x20, 0x82, 0x18
	.byte 0x83, 0x11, 0x87, 0xC4, 0x00, 0xBE, 0x4D, 0xEF, 0x49, 0x6C, 0x98, 0xC4, 0x06, 0xBE, 0x4C, 0x82
	.byte 0x48, 0x83, 0x44, 0x83, 0x3B, 0x84, 0x36, 0x82, 0x29, 0x83, 0x19, 0x83, 0x14, 0x84, 0xC4, 0x00
	.byte 0xBE, 0x4D, 0xD3, 0x3F, 0x70, 0x88, 0xD3, 0x88, 0xD3, 0x88, 0xD3, 0x88, 0xD3, 0x88, 0xD3, 0x88
	.byte 0x3D, 0x88, 0xD3, 0x88, 0xD3, 0x88, 0xD3, 0x88, 0xD3, 0x88, 0xD3, 0x88, 0xD3, 0x88, 0xD3, 0x88
	.byte 0xD3, 0x88, 0xD3, 0x90, 0x3E, 0x88, 0x49, 0x88, 0xD3, 0x88, 0xD3, 0x9B, 0xD7, 0x46, 0x88, 0x45
	.byte 0x88, 0xD3, 0x46, 0x88, 0xDB, 0x4D, 0x8C, 0xD2, 0x4C, 0x83, 0x4B, 0x83, 0x4A, 0x83, 0x49, 0x83
	.byte 0xBE, 0x4E, 0xD2, 0x4B, 0x86, 0xD5, 0x4A, 0x86, 0xD2, 0x4B, 0x8C, 0xE7, 0x52, 0x8C, 0xC4, 0x06
	.byte 0x8C, 0x00, 0xD2, 0x4B, 0x8C, 0xD2, 0x8C, 0xE7, 0x53, 0x8C, 0xC4, 0x06, 0x8C, 0x00, 0xD2, 0x4B
	.byte 0x86, 0xD5, 0x4A, 0x86, 0xD2, 0x4B, 0x8C, 0x56, 0x48, 0x83, 0xE4, 0x55, 0x70, 0x89, 0xC4, 0x06
	.byte 0x8C, 0x00, 0xD2, 0x4B, 0x8C, 0xD2, 0x8C, 0xE7, 0x56, 0x8C, 0xC4, 0x06, 0x8C, 0x00, 0xFF, 0x57
	.byte 0x64, 0xA0, 0xC4, 0x07, 0xBE, 0x4F, 0x82, 0x48, 0x83, 0x42, 0x83, 0x3B, 0x84, 0x37, 0x82, 0x30
	.byte 0x83, 0x2A, 0x83, 0x26, 0x84, 0x24, 0x82, 0x1F, 0x83, 0x1D, 0x83, 0x18, 0x84, 0x14, 0x85, 0x11
	.byte 0x83, 0x0D, 0x84, 0xBF, 0x40, 0xC4, 0x01, 0xBE, 0x4F, 0xD7, 0x52, 0x70, 0x8C, 0xB1, 0xBC, 0x00
	.byte 0xBD, 0x3A, 0xC1, 0x0C, 0xC2, 0x2C, 0xC1, 0x0C, 0xC2, 0x2C, 0xBF, 0x40, 0xBE, 0x28, 0xEF, 0x2E
	.byte 0x70, 0x82, 0xBE, 0x2A, 0x83, 0x2C, 0x83, 0x2F, 0x84, 0x30, 0x82, 0x33, 0x83, 0x37, 0x83, 0x3B
	.byte 0x84, 0x3E, 0x82, 0x40, 0x83, 0x43, 0x83, 0x48, 0x84, 0x4A, 0x82, 0x4D, 0x83, 0x50, 0x83, 0x51
	.byte 0x84, 0x40, 0xEF, 0x29, 0x82, 0xBE, 0x42, 0x83, 0x45, 0x83, 0x45, 0x84, 0x48, 0x82, 0x4A, 0x83
	.byte 0x4C, 0x83, 0x4E, 0x84, 0x50, 0x82, 0x53, 0x83, 0x54, 0x83, 0x56, 0x84, 0x57, 0x82, 0x58, 0x8A
	.byte 0xB0, 0xB0, 0xB0, 0xB0, 0xB0, 0xB0
