	@ src/data/easy_chat/easy_chat_group_voices.h:40 easy_chat_group_voices_line_40
	.globl gText_Rom_8B077F
gText_Rom_8B077F: @ 0x088B077F
	.string "………$"
	.if (. - gText_Rom_8B077F) > 0x4
	.error "gText_Rom_8B077F may not grow beyond its original slot"
	.endif
	.if (. - gText_Rom_8B077F) < 0x4
	.space 0x4 - (. - gText_Rom_8B077F)
	.endif
	@ analyzed canonical ROM range 0x088B0783-0x088BA567
sAnalyzedData_088B0783: @ 0x088B0783
	@ pass3: M4A audio region; proven headers/tracks are labeled below
	.byte 0x33, 0x98, 0xBE, 0x50, 0x85, 0x4A, 0x87, 0x47, 0x85, 0x45, 0x87, 0x42, 0x85, 0x40, 0x87, 0x3B
	.byte 0x85, 0x34, 0x87, 0x2E, 0x85, 0x28, 0x87, 0x23, 0x85, 0x1F, 0x87, 0xBD, 0x2F, 0xBE, 0x58, 0xD7
	.byte 0x8C, 0xB1

	.globl SongTrack_MUS_INTRO_BATTLE_04
SongTrack_MUS_INTRO_BATTLE_04: @ 0x088B07A5
	@ M4A track start proven by song header pointer
	.byte 0xBC, 0x00, 0xBD, 0x2F, 0xC2, 0x2C, 0xC1, 0x0C, 0xBE, 0x58, 0xBF, 0x20, 0xA0, 0xD5, 0x35, 0x7F
	.byte 0x8C, 0x2E, 0x78, 0x8C, 0xD2, 0x35, 0x7F, 0x86, 0xD5, 0x35, 0x78, 0x86, 0x2E, 0x7F, 0x8C, 0xBF
	.byte 0x59, 0xD5, 0x3F, 0x7C, 0x8C, 0xBF, 0x28, 0xD5, 0x33, 0x7F, 0x8C, 0xBF, 0x40, 0xDB, 0x2E, 0x78
	.byte 0x98, 0xBF, 0x59, 0xD5, 0x33, 0x7F, 0x8C, 0xBF, 0x2A, 0xD5, 0x2E, 0x8C, 0xBF, 0x40, 0xDB, 0x27
	.byte 0x7C, 0x98, 0xBF, 0x59, 0xD5, 0x3F, 0x8C, 0xBF, 0x2A, 0xD5, 0x33, 0x7F, 0x8C, 0xBF, 0x3F, 0xDB
	.byte 0x2E, 0x7C, 0x98, 0xBF, 0x59, 0xD5, 0x33, 0x86, 0x33, 0x7F, 0x86, 0xBF, 0x2A, 0xD5, 0x2E, 0x8C
	.byte 0xBF, 0x40, 0xD3, 0x33, 0x78, 0x86, 0x33, 0x48, 0x86, 0x33, 0x4C, 0x86, 0x33, 0x70, 0x86, 0xBF
	.byte 0x5B, 0xD5, 0x3F, 0x7C, 0x8C, 0xBF, 0x2A, 0xD5, 0x33, 0x7F, 0x8C, 0xBF, 0x40, 0xDB, 0x2E, 0x78
	.byte 0x98, 0xBF, 0x5F, 0xD5, 0x3A, 0x7F, 0x86, 0xD5, 0x86, 0xBF, 0x2B, 0xD5, 0x33, 0x86, 0xD5, 0x86
	.byte 0x2E, 0x86, 0x2E, 0x70, 0x86, 0xDB, 0x2E, 0x7F, 0x8C, 0xBF, 0x40, 0xD5, 0x27, 0xB0, 0xB0, 0xBD
	.byte 0x38, 0xBE, 0x38, 0xD3, 0x55, 0x70, 0x88, 0x51, 0x88, 0x4D, 0x88, 0x51, 0x88, 0x4D, 0x88, 0x49
	.byte 0x88, 0x3D, 0x88, 0x41, 0x88, 0x45, 0x88, 0x41, 0x88, 0x45, 0x88, 0x49, 0x88, 0xBE, 0x58, 0xD3
	.byte 0x45, 0x88, 0x49, 0x88, 0x4F, 0x88, 0xBD, 0x2F, 0xBF, 0x5D, 0xD2, 0x33, 0x7F, 0x86, 0xD5, 0x86
	.byte 0xBF, 0x1A, 0xD5, 0x2D, 0x8C, 0xBD, 0x2E, 0xD3, 0x46, 0x60, 0x84, 0x4A, 0x84, 0x4D, 0x84, 0x50
	.byte 0x84, 0x52, 0x84, 0x56, 0x84, 0x59, 0x84, 0x56, 0x84, 0x52, 0x84, 0x50, 0x84, 0x4D, 0x84, 0x4A
	.byte 0x84, 0xBD, 0x2F, 0xBE, 0x58, 0xBF, 0x59, 0xD5, 0x33, 0x7F, 0x86, 0xD3, 0x33, 0x70, 0x86, 0xBF
	.byte 0x28, 0xD5, 0x2E, 0x7F, 0x8C, 0xBF, 0x40, 0xDB, 0x27, 0x78, 0x98, 0xBF, 0x59, 0xD5, 0x33, 0x7C
	.byte 0x8C, 0xBF, 0x28, 0xD5, 0x2E, 0x7F, 0x8C, 0xBF, 0x40, 0xDB, 0x27, 0x78, 0x98, 0xBF, 0x59, 0xD5
	.byte 0x33, 0x7C, 0x86, 0xD3, 0x33, 0x70, 0x86, 0xBF, 0x28, 0xD5, 0x33, 0x7F, 0x8C, 0xBF, 0x3F, 0xDB
	.byte 0x2E, 0x7C, 0x98, 0xBF, 0x59, 0xD5, 0x33, 0x8C, 0xBF, 0x2A, 0xD5, 0x33, 0x7F, 0x8C, 0xBF, 0x40
	.byte 0xDB, 0x2E, 0x78, 0x8C, 0xD5, 0x33, 0x70, 0x86, 0x2E, 0x86, 0xBF, 0x1D, 0xFF, 0x27, 0x7C, 0x98
	.byte 0xBE, 0x4E, 0x82, 0x4D, 0x83, 0x4C, 0x87, 0x4A, 0x82, 0x48, 0x86, 0x48, 0x86, 0x45, 0x83, 0x45
	.byte 0x83, 0x43, 0x84, 0x42, 0x82, 0x40, 0x83, 0x3E, 0x83, 0x3C, 0x86, 0x39, 0x83, 0x34, 0x83, 0x31
	.byte 0x84, 0x2F, 0x82, 0x26, 0x83, 0x14, 0x87, 0xBD, 0x01, 0xBE, 0x40, 0xBF, 0x40, 0xD7, 0x63, 0x78
	.byte 0x8C, 0xB1

	.globl SongTrack_MUS_INTRO_BATTLE_05
SongTrack_MUS_INTRO_BATTLE_05: @ 0x088B0927
	@ M4A track start proven by song header pointer
	.byte 0xBC, 0x00, 0xBD, 0x38, 0xC2, 0x2C, 0xC1, 0x0C, 0xC2, 0x2C, 0xC1, 0x0C, 0xBF, 0x48, 0xBE, 0x02
	.byte 0xEF, 0x52, 0x70, 0x82, 0xBE, 0x03, 0x83, 0x06, 0x88, 0x06, 0x88, 0x08, 0x83, 0x09, 0x84, 0x0B
	.byte 0x81, 0x0D, 0x83, 0x0F, 0x81, 0x10, 0x83, 0x12, 0x81, 0x14, 0x83, 0x18, 0x81, 0x1B, 0x83, 0x1D
	.byte 0x84, 0xEB, 0x59, 0x82, 0xBE, 0x1A, 0x82, 0x1B, 0x84, 0x1D, 0x85, 0x20, 0x83, 0x22, 0x88, 0x24
	.byte 0x81, 0x24, 0x84, 0x26, 0x83, 0x28, 0x81, 0x2A, 0x83, 0x2E, 0xD2, 0x56, 0x81, 0xBE, 0x31, 0x82
	.byte 0xD2, 0x52, 0x81, 0xBE, 0x34, 0x81, 0x37, 0x81, 0xD2, 0x50, 0x82, 0xBE, 0x3B, 0x81, 0x42, 0xD2
	.byte 0x4D, 0x83, 0xBF, 0x2B, 0xBE, 0x34, 0x86, 0xD2, 0x45, 0x86, 0xD5, 0x46, 0x86, 0xD2, 0x45, 0x86
	.byte 0xD5, 0x46, 0x8C, 0xDB, 0x48, 0x8C, 0xD5, 0x46, 0x8C, 0xD2, 0x8C, 0xD5, 0x8C, 0xDB, 0x50, 0x8C
	.byte 0xD5, 0x49, 0x86, 0xD2, 0x48, 0x86, 0xD5, 0x49, 0x86, 0xD2, 0x48, 0x86, 0xD5, 0x49, 0x86, 0xD2
	.byte 0x48, 0x86, 0xDB, 0x4D, 0x8C, 0xD5, 0x48, 0x86, 0xD2, 0x47, 0x86, 0xD5, 0x48, 0x86, 0xD2, 0x47
	.byte 0x86, 0xD5, 0x86, 0xD2, 0x46, 0x86, 0xDB, 0x51, 0x8C, 0xD5, 0x46, 0x86, 0xD2, 0x45, 0x86, 0xD5
	.byte 0x46, 0x86, 0xD2, 0x45, 0x86, 0xD5, 0x46, 0x89, 0xD2, 0x83, 0xDB, 0x52, 0x8C, 0xD2, 0x46, 0x8C
	.byte 0xD2, 0x8C, 0xBD, 0x30, 0xBF, 0x2B, 0xD5, 0x56, 0x86, 0x52, 0x86, 0x50, 0x86, 0x51, 0x86, 0xBF
	.byte 0x20, 0xD5, 0x52, 0x86, 0x51, 0x86, 0x50, 0x86, 0x4E, 0x86, 0x52, 0x86, 0x51, 0x86, 0x50, 0x86
	.byte 0x4E, 0x86, 0x52, 0x86, 0x51, 0x86, 0x50, 0x86, 0x4E, 0x86, 0x50, 0x86, 0x4E, 0x86, 0x4D, 0x86
	.byte 0x4C, 0x86, 0x4E, 0x86, 0x4D, 0x86, 0x4C, 0x86, 0x4B, 0x86, 0x4D, 0x86, 0x4C, 0x86, 0x4B, 0x86
	.byte 0x4A, 0x86, 0x4C, 0x86, 0x4B, 0x86, 0x4A, 0x86, 0x49, 0x86, 0x4B, 0x86, 0x4A, 0x86, 0x49, 0x86
	.byte 0x48, 0x86, 0xBD, 0x38, 0xBE, 0x42, 0xBF, 0x2B, 0xD3, 0x5D, 0x88, 0x59, 0x88, 0x55, 0x88, 0x59
	.byte 0x88, 0x55, 0x88, 0x51, 0x88, 0x45, 0x88, 0x49, 0x88, 0x4D, 0x88, 0x49, 0x88, 0x4D, 0x88, 0x51
	.byte 0x88, 0x4F, 0x88, 0x53, 0x88, 0x5B, 0x88, 0xBF, 0x3D, 0x98, 0xD8, 0x52, 0x89, 0xD5, 0x50, 0x86
	.byte 0x52, 0x89, 0xDB, 0x59, 0x98, 0xBF, 0x28, 0xBE, 0x38, 0xD5, 0x46, 0x86, 0xD2, 0x45, 0x86, 0xD5
	.byte 0x46, 0x86, 0xD2, 0x45, 0x86, 0x46, 0x86, 0x45, 0x86, 0xDB, 0x4E, 0x8C, 0xD5, 0x46, 0x86, 0xD2
	.byte 0x45, 0x86, 0x46, 0x8C, 0xD5, 0x8C, 0xDB, 0x4F, 0x8C, 0xD2, 0x49, 0x86, 0xD5, 0x48, 0x86, 0xD2
	.byte 0x49, 0x8C, 0x47, 0x86, 0x46, 0x86, 0xDB, 0x50, 0x8C, 0xD2, 0x48, 0x8C, 0xD2, 0x8C, 0xDB, 0x46
	.byte 0x8C, 0x51, 0x8C, 0xBD, 0x2E, 0xBF, 0x20, 0xBE, 0x42, 0xD5, 0x5E, 0x86, 0x5C, 0x86, 0x5B, 0x86
	.byte 0x59, 0x86, 0x5B, 0x86, 0x59, 0x86, 0x57, 0x86, 0x56, 0x86, 0xBF, 0x30, 0xD5, 0x57, 0x86, 0x56
	.byte 0x86, 0x54, 0x86, 0x52, 0x86, 0xBF, 0x5F, 0xD5, 0x54, 0x68, 0x86, 0x52, 0x64, 0x86, 0x50, 0x5C
	.byte 0x86, 0x4D, 0x4C, 0x86, 0xBE, 0x42, 0xBF, 0x5F, 0xD5, 0x4B, 0x3C, 0x8C, 0xB1

	.globl SongTrack_MUS_INTRO_BATTLE_06
SongTrack_MUS_INTRO_BATTLE_06: @ 0x088B0AE4
	@ M4A track start proven by song header pointer
	.byte 0xBC, 0x00, 0xBD, 0x50, 0xC2, 0x2C, 0xCD, 0x08, 0x12, 0x08, 0x10, 0xC1, 0x0C, 0xBF, 0x01, 0xBE
	.byte 0x06, 0xEF, 0x3A, 0x70, 0x82, 0xBE, 0x09, 0x83, 0x0D, 0x83, 0x0E, 0x84, 0x0F, 0x82, 0x12, 0x83
	.byte 0x14, 0x83, 0x17, 0x84, 0x18, 0x82, 0x1C, 0x83, 0x1F, 0x83, 0x23, 0x84, 0x24, 0x82, 0x26, 0x83
	.byte 0x2A, 0x83, 0x2B, 0x84, 0x20, 0xEF, 0x41, 0x82, 0xBE, 0x23, 0x83, 0x24, 0x83, 0x26, 0x84, 0x28
	.byte 0x82, 0x2A, 0x83, 0x2D, 0x83, 0x31, 0x84, 0x33, 0x82, 0x37, 0x83, 0x3A, 0x83, 0x3C, 0x84, 0x3E
	.byte 0x82, 0x40, 0x83, 0x43, 0x83, 0x46, 0x84, 0x2C, 0x86, 0xD5, 0x45, 0x86, 0xD2, 0x46, 0x8C, 0xE7
	.byte 0x4B, 0x8C, 0xC4, 0x06, 0x8C, 0x00, 0xD2, 0x46, 0x8C, 0xD2, 0x8C, 0xE7, 0x4C, 0x8C, 0xC4, 0x06
	.byte 0x8C, 0x00, 0xD2, 0x46, 0x86, 0xD5, 0x45, 0x86, 0xD2, 0x46, 0x8C, 0xE7, 0x4B, 0x8C, 0xC4, 0x06
	.byte 0x8C, 0x00, 0xD2, 0x46, 0x8C, 0xD2, 0x8C, 0xE7, 0x4A, 0x8C, 0xC4, 0x06, 0x8C, 0x00, 0xD2, 0x46
	.byte 0x8C, 0xD2, 0x8C, 0xE7, 0x4B, 0x8C, 0xC4, 0x06, 0x8C, 0x00, 0xD2, 0x46, 0x8C, 0xD2, 0x8C, 0xE7
	.byte 0x53, 0x8C, 0xC4, 0x06, 0x8C, 0x00, 0xEF, 0x52, 0x98, 0xC4, 0x06, 0xBE, 0x29, 0x85, 0x24, 0x87
	.byte 0x1F, 0x85, 0x1C, 0x87, 0xC4, 0x00, 0xBE, 0x2C, 0xEF, 0x3A, 0x98, 0xC4, 0x06, 0xBE, 0x2A, 0x85
	.byte 0x24, 0x87, 0x1E, 0x85, 0x19, 0x83, 0x16, 0x84, 0xC4, 0x00, 0xBE, 0x2C, 0xEF, 0x42, 0x98, 0xC4
	.byte 0x06, 0xBE, 0x26, 0x85, 0x22, 0x87, 0x1E, 0x85, 0x19, 0x87, 0xC4, 0x00, 0xBE, 0x2C, 0xD3, 0x36
	.byte 0x88, 0xD3, 0x88, 0xD3, 0x88, 0xD3, 0x88, 0xD3, 0x88, 0xD3, 0x88, 0x37, 0x88, 0xD3, 0x88, 0xD3
	.byte 0x88, 0xD3, 0x88, 0xD3, 0x88, 0xD3, 0x88, 0xD3, 0x88, 0xD3, 0x88, 0xD3, 0x88, 0xD3, 0x90, 0x38
	.byte 0x88, 0x43, 0x88, 0xD3, 0x88, 0xD3, 0x9B, 0xD7, 0x3E, 0x88, 0x3C, 0x88, 0xD3, 0x3E, 0x88, 0xDB
	.byte 0x44, 0x8C, 0xD2, 0x43, 0x83, 0x42, 0x83, 0x41, 0x83, 0x40, 0x83, 0x46, 0x86, 0xD5, 0x45, 0x86
	.byte 0xD2, 0x46, 0x8C, 0xE7, 0x4B, 0x8C, 0xC4, 0x06, 0x8C, 0x00, 0xD2, 0x46, 0x8C, 0xD2, 0x8C, 0xE7
	.byte 0x4C, 0x8C, 0xC4, 0x06, 0x8C, 0x00, 0xD2, 0x46, 0x86, 0xD5, 0x45, 0x86, 0xD2, 0x46, 0x8C, 0xE7
	.byte 0x4E, 0x8C, 0xC4, 0x06, 0x8C, 0x00, 0xD2, 0x46, 0x8C, 0xD2, 0x8C, 0xE7, 0x4E, 0x8C, 0xC4, 0x06
	.byte 0x8C, 0x00, 0xFF, 0x43, 0xA0, 0xC4, 0x07, 0xBE, 0x29, 0x85, 0x25, 0x87, 0x23, 0x85, 0x1F, 0x87
	.byte 0x1B, 0x85, 0x18, 0x87, 0x16, 0x85, 0x14, 0x87, 0xC4, 0x01, 0xBE, 0x33, 0xD5, 0xD7, 0x5B, 0x8C
	.byte 0xB1

	.globl SongTrack_MUS_INTRO_BATTLE_07
SongTrack_MUS_INTRO_BATTLE_07: @ 0x088B0C55
	@ M4A track start proven by song header pointer
	.byte 0xBC, 0x00, 0xBD, 0x52, 0xC2, 0x2C, 0xCD, 0x08, 0x12, 0x08, 0x10, 0xC1, 0x0C, 0xBF, 0x7F, 0xBE
	.byte 0x06, 0xEF, 0x4A, 0x70, 0x82, 0xBE, 0x09, 0x83, 0x0D, 0x83, 0x0E, 0x84, 0x0F, 0x82, 0x12, 0x83
	.byte 0x14, 0x83, 0x17, 0x84, 0x18, 0x82, 0x1C, 0x83, 0x1F, 0x83, 0x23, 0x84, 0x24, 0x82, 0x26, 0x83
	.byte 0x2A, 0x83, 0x2B, 0x84, 0x20, 0xEF, 0x52, 0x82, 0xBE, 0x23, 0x83, 0x24, 0x83, 0x26, 0x84, 0x28
	.byte 0x82, 0x2A, 0x83, 0x2D, 0x83, 0x31, 0x84, 0x33, 0x82, 0x37, 0x83, 0x3A, 0x83, 0x3C, 0x84, 0x3E
	.byte 0x82, 0x40, 0x83, 0x43, 0x83, 0x46, 0x84, 0x2C, 0x86, 0xD5, 0x39, 0x86, 0xD2, 0x3A, 0x8C, 0xE7
	.byte 0x3F, 0x8C, 0xC4, 0x06, 0x8C, 0xBF, 0x7F, 0xC4, 0x00, 0xD2, 0x3A, 0x8C, 0xD2, 0x8C, 0xE7, 0x40
	.byte 0x8C, 0xC4, 0x06, 0x8C, 0x00, 0xD2, 0x3A, 0x86, 0xD5, 0x39, 0x86, 0xD2, 0x3A, 0x8C, 0xE7, 0x3F
	.byte 0x8C, 0xC4, 0x06, 0x8C, 0x00, 0xD2, 0x3A, 0x8C, 0xD2, 0x8C, 0xE7, 0x3E, 0x8C, 0xC4, 0x06, 0x8C
	.byte 0x00, 0xD2, 0x3A, 0x8C, 0xD2, 0x8C, 0xE7, 0x3F, 0x8C, 0xC4, 0x06, 0x8C, 0x00, 0xD2, 0x3A, 0x8C
	.byte 0xD2, 0x8C, 0xE7, 0x47, 0x8C, 0xC4, 0x06, 0x8C, 0x00, 0xEF, 0x46, 0x98, 0xC4, 0x06, 0xBE, 0x2A
	.byte 0x81, 0x28, 0x83, 0x26, 0x84, 0x24, 0x81, 0x23, 0x83, 0x21, 0x81, 0x1F, 0x83, 0x1D, 0x81, 0x1B
	.byte 0x83, 0x1B, 0x81, 0x1A, 0x83, 0xC4, 0x00, 0xBE, 0x2C, 0xEF, 0x98, 0xC4, 0x06, 0xBE, 0x2A, 0x81
	.byte 0x29, 0x83, 0x27, 0x81, 0x26, 0x83, 0x24, 0x81, 0x22, 0x83, 0x20, 0x81, 0x1F, 0x83, 0x1D, 0x81
	.byte 0x1A, 0x83, 0x17, 0x81, 0x16, 0x83, 0xC4, 0x00, 0xBE, 0x2C, 0xEF, 0x47, 0x98, 0xC4, 0x06, 0xBE
	.byte 0x2B, 0x81, 0x29, 0x83, 0x27, 0x81, 0x26, 0x83, 0x24, 0x81, 0x21, 0x83, 0x20, 0x81, 0x1E, 0x83
	.byte 0x1B, 0x81, 0x1A, 0x83, 0x18, 0x81, 0x16, 0x83, 0xC4, 0x00, 0xBE, 0x2C, 0xD3, 0x3D, 0x88, 0xD3
	.byte 0x88, 0xD3, 0x88, 0xD3, 0x88, 0xD3, 0x88, 0xD3, 0x88, 0x3B, 0x88, 0xD3, 0x88, 0xD3, 0x88, 0xD3
	.byte 0x88, 0xD3, 0x88, 0xD3, 0x88, 0xD3, 0x88, 0xD3, 0x88, 0xD3, 0x88, 0xD3, 0x90, 0x3C, 0x88, 0xC0
	.byte 0x3A, 0xD3, 0x47, 0x88, 0xD3, 0x88, 0xD3, 0x9B, 0x46, 0x40, 0x84, 0x4A, 0x84, 0x4D, 0x84, 0x50
	.byte 0x84, 0x52, 0x84, 0x56, 0x84, 0x59, 0x84, 0x56, 0x84, 0x52, 0x84, 0x50, 0x84, 0x4D, 0x84, 0x4A
	.byte 0x84, 0xC0, 0x40, 0xD2, 0x3A, 0x70, 0x86, 0xD5, 0x39, 0x86, 0xD2, 0x3A, 0x8C, 0xE7, 0x3F, 0x8C
	.byte 0xC4, 0x06, 0x8C, 0x00, 0xD2, 0x3A, 0x8C, 0xD2, 0x8C, 0xE7, 0x40, 0x8C, 0xC4, 0x06, 0x8C, 0x00
	.byte 0xD2, 0x3A, 0x86, 0xD5, 0x39, 0x86, 0xD2, 0x3A, 0x8C, 0xE7, 0x42, 0x8C, 0xC4, 0x06, 0x8C, 0x00
	.byte 0xD2, 0x3A, 0x8C, 0xD2, 0x8C, 0xE7, 0x42, 0x8C, 0xC4, 0x06, 0x8C, 0x00, 0xFF, 0x52, 0xA0, 0xC4
	.byte 0x07, 0xA0, 0x01, 0xBE, 0x2C, 0xD5, 0x27, 0x8C, 0xB1

	.globl SongTrack_MUS_INTRO_BATTLE_08
SongTrack_MUS_INTRO_BATTLE_08: @ 0x088B0DEE
	@ M4A track start proven by song header pointer
	.byte 0xBC, 0x00, 0xBD, 0x00, 0xBF, 0x40, 0xBE, 0x48, 0xD2, 0x28, 0x44, 0x83, 0xD2, 0x83, 0xD2, 0x83
	.byte 0xD2, 0x83, 0xD2, 0x83, 0xD2, 0x83, 0xD2, 0x83, 0xD2, 0x83, 0xD2, 0x83, 0xD2, 0x83, 0xD2, 0x83
	.byte 0xD2, 0x83, 0x28, 0x40, 0x83, 0xD2, 0x83, 0xD2, 0x83, 0xD2, 0x83, 0x28, 0x44, 0x83, 0xD2, 0x83
	.byte 0xD2, 0x83, 0xD2, 0x83, 0xD2, 0x83, 0xD2, 0x83, 0xD2, 0x83, 0xD2, 0x83, 0x28, 0x3C, 0x83, 0x28
	.byte 0x40, 0x83, 0x28, 0x48, 0x83, 0xD2, 0x83, 0x28, 0x4C, 0x83, 0x28, 0x58, 0x83, 0x28, 0x64, 0x83
	.byte 0x28, 0x70, 0x83, 0xD5, 0x28, 0x70, 0x8C, 0xD5, 0x8C, 0xD2, 0x28, 0x44, 0xEF, 0x39, 0x54, 0x83
	.byte 0xD2, 0x28, 0x44, 0x83, 0xD2, 0x83, 0xD2, 0x83, 0x28, 0x40, 0x83, 0xD2, 0x83, 0xD2, 0x83, 0xD2
	.byte 0x83, 0xD5, 0x28, 0x70, 0x8C, 0xD5, 0x8C, 0xD2, 0x28, 0x44, 0xEF, 0x39, 0x54, 0x83, 0xD2, 0x28
	.byte 0x44, 0x83, 0xD2, 0x83, 0xD2, 0x83, 0x28, 0x40, 0x83, 0xD2, 0x83, 0xD2, 0x83, 0xD2, 0x83, 0xB4
	.byte 0xD5, 0x28, 0x70, 0x8C, 0xD5, 0x8C, 0xD2, 0x28, 0x44, 0xEF, 0x39, 0x54, 0x83, 0xD2, 0x28, 0x44
	.byte 0x83, 0xD2, 0x83, 0xD2, 0x83, 0x28, 0x40, 0x83, 0xD2, 0x83, 0xD2, 0x83, 0xD2, 0x83, 0xD5, 0x28
	.byte 0x70, 0x8C, 0xD5, 0x8C, 0xD2, 0x28, 0x58, 0xEF, 0x39, 0x83, 0xD2, 0x28, 0x44, 0x83, 0x28, 0x64
	.byte 0x83, 0x28, 0x44, 0x83, 0x28, 0x64, 0x83, 0x28, 0x40, 0x83, 0x28, 0x64, 0x83, 0x28, 0x40, 0x83
	.byte 0xD5, 0x28, 0x70, 0x8C, 0xD5, 0x8C, 0xD2, 0x28, 0x44, 0xEF, 0x39, 0x54, 0x83, 0xD2, 0x28, 0x44
	.byte 0x83, 0xD2, 0x83, 0xD2, 0x83, 0x28, 0x40, 0x83, 0xD2, 0x83, 0xD2, 0x83, 0xD2, 0x83, 0xD5, 0x28
	.byte 0x70, 0x8C, 0xD5, 0x8C, 0xD2, 0x28, 0x44, 0xE7, 0x37, 0x50, 0x83, 0xD2, 0x28, 0x44, 0x83, 0xD2
	.byte 0x83, 0xD2, 0x83, 0x28, 0x40, 0x83, 0xD2, 0x83, 0xD2, 0x83, 0xD2, 0x83, 0xBE, 0x3F, 0xD3, 0x2A
	.byte 0x70, 0xEF, 0x39, 0x54, 0x88, 0xD3, 0x2A, 0x50, 0x88, 0xD3, 0x88, 0x2A, 0x70, 0x88, 0x2A, 0x50
	.byte 0x88, 0xD3, 0x88, 0x2A, 0x70, 0xEF, 0x39, 0x54, 0x88, 0xD3, 0x2A, 0x50, 0x88, 0xD3, 0x88, 0x2A
	.byte 0x70, 0x88, 0x2A, 0x50, 0x88, 0xD3, 0x88, 0x2A, 0x70, 0x88, 0x2A, 0x50, 0x88, 0xD3, 0x88, 0x2A
	.byte 0x70, 0x88, 0x2A, 0x50, 0x88, 0xD3, 0x88, 0x2A, 0x70, 0xEF, 0x39, 0x88, 0xD3, 0x2A, 0x50, 0x88
	.byte 0xD3, 0x88, 0x2A, 0x70, 0x88, 0x2A, 0x50, 0x88, 0xD3, 0x88, 0xBE, 0x48, 0xD2, 0x28, 0x70, 0x83
	.byte 0x28, 0x40, 0x83, 0x28, 0x44, 0x83, 0xD2, 0x83, 0xD2, 0x83, 0xD2, 0x83, 0xD2, 0x83, 0xD2, 0x83
	.byte 0xD2, 0x83, 0xD2, 0x83, 0xD2, 0x83, 0xD2, 0x83, 0x28, 0x40, 0x83, 0xD2, 0x83, 0xD2, 0x83, 0x28
	.byte 0x44, 0x83, 0x28, 0x70, 0x83, 0x28, 0x40, 0x83, 0x28, 0x44, 0x83, 0xD2, 0x83, 0xD2, 0x83, 0xD2
	.byte 0x83, 0xD2, 0x83, 0xD2, 0x83, 0xD2, 0x83, 0x28, 0x40, 0x83, 0x28, 0x48, 0x83, 0x28, 0x54, 0x83
	.byte 0x28, 0x58, 0x83, 0x28, 0x64, 0x83, 0x28, 0x70, 0x83, 0x28, 0x78, 0x83, 0xA0, 0xEF, 0x39, 0x54
	.byte 0xA0, 0xB3, 0x41, 0x0E, 0x8B, 0x08, 0xD5, 0x28, 0x70, 0x8C, 0xD5, 0x8C, 0xD2, 0x28, 0x44, 0xEF
	.byte 0x39, 0x54, 0x83, 0xD2, 0x28, 0x44, 0x83, 0xD2, 0x83, 0xD2, 0x83, 0x28, 0x40, 0x83, 0xD2, 0x83
	.byte 0xD2, 0x83, 0xD2, 0x83, 0xD5, 0x28, 0x70, 0x8C, 0xD5, 0x8C, 0xD2, 0x28, 0x44, 0x83, 0xD2, 0x83
	.byte 0xD2, 0x83, 0xD2, 0x83, 0x28, 0x40, 0x83, 0xD2, 0x83, 0xD2, 0x83, 0xD2, 0x83, 0xEF, 0x39, 0x54
	.byte 0xB0, 0x8C, 0xB1

	.globl SongTrack_MUS_INTRO_BATTLE_09
SongTrack_MUS_INTRO_BATTLE_09: @ 0x088B0FE1
	@ M4A track start proven by song header pointer
	.byte 0xBC, 0x00, 0xBD, 0x51, 0xC2, 0x2C, 0xCD, 0x08, 0x12, 0x08, 0x10, 0xC1, 0x0C, 0xBF, 0x40, 0xBE
	.byte 0x41, 0xA0, 0xD5, 0x35, 0x5C, 0x8C, 0x29, 0x8C, 0xD1, 0x35, 0x86, 0xD5, 0x86, 0xDB, 0x26, 0x8C
	.byte 0xDD, 0x27, 0x78, 0x8C, 0xD3, 0x26, 0x70, 0x8C, 0xDB, 0x2E, 0x8C, 0xD5, 0x33, 0x8C, 0xDB, 0x27
	.byte 0x8C, 0xD3, 0x26, 0x8C, 0xDB, 0x2E, 0x8C, 0xD5, 0x2C, 0x8C, 0xDB, 0x27, 0x78, 0x8C, 0xD3, 0x2A
	.byte 0x70, 0x8C, 0xDB, 0x2E, 0x8C, 0xD5, 0x33, 0x8C, 0xDB, 0x27, 0x8C, 0xD5, 0x8C, 0x2E, 0x86, 0xD2
	.byte 0x2C, 0x86, 0xD5, 0x2E, 0x86, 0x2A, 0x86, 0xDB, 0x27, 0x78, 0x8C, 0xD3, 0x2A, 0x70, 0x8C, 0xDB
	.byte 0x2E, 0x8C, 0xD5, 0x2D, 0x8C, 0xDB, 0x27, 0x8C, 0xD3, 0x26, 0x8C, 0xDB, 0x2E, 0x8C, 0xD5, 0x32
	.byte 0x8C, 0xD3, 0x27, 0x88, 0x27, 0x54, 0x88, 0xD3, 0x88, 0x27, 0x70, 0x88, 0x27, 0x54, 0x88, 0xD3
	.byte 0x88, 0x27, 0x70, 0x88, 0x27, 0x54, 0x88, 0xD3, 0x88, 0xDF, 0x2D, 0x70, 0x90, 0xD7, 0x2E, 0x88
	.byte 0xD3, 0x27, 0x54, 0x88, 0xD3, 0x88, 0xD3, 0x88, 0x27, 0x70, 0x88, 0x27, 0x54, 0x88, 0xD3, 0x88
	.byte 0x27, 0x70, 0x88, 0x27, 0x54, 0x88, 0xD3, 0x88, 0xDF, 0x32, 0x70, 0x90, 0xD7, 0x33, 0x88, 0xD3
	.byte 0x2B, 0x90, 0x2B, 0x60, 0x88, 0x2B, 0x70, 0x90, 0x2B, 0x60, 0x88, 0x2B, 0x70, 0x90, 0x2F, 0x60
	.byte 0x88, 0xDD, 0x31, 0x70, 0x90, 0xD5, 0x32, 0x88, 0xD3, 0x3D, 0x88, 0xD3, 0x88, 0xD3, 0x9B, 0xD5
	.byte 0x27, 0x98, 0xD2, 0x2E, 0x83, 0x2F, 0x83, 0x2E, 0x83, 0xDE, 0x2D, 0x8F, 0xDB, 0x27, 0x78, 0x8C
	.byte 0xD3, 0x26, 0x70, 0x8C, 0xDB, 0x2E, 0x8C, 0xD5, 0x2F, 0x8C, 0xDB, 0x27, 0x8C, 0xD3, 0x2A, 0x8C
	.byte 0xDB, 0x2E, 0x8C, 0xD5, 0x32, 0x8C, 0xDB, 0x27, 0x78, 0x8C, 0xD3, 0x2A, 0x70, 0x8C, 0xDB, 0x2E
	.byte 0x8C, 0xD5, 0x35, 0x8C, 0xDB, 0x27, 0x8C, 0xD3, 0x2E, 0x8C, 0xE7, 0x32, 0x98, 0xB0, 0xBF, 0x40
	.byte 0xD5, 0x27, 0x8C, 0xB1, 0x00, 0x00, 0x00

	.globl SongHeader_MUS_INTRO_BATTLE
SongHeader_MUS_INTRO_BATTLE: @ 0x088B10F8
	@ M4A song header: song 442 (MUS_INTRO_BATTLE)
	m4a_song_header 9, 0, 0, 0xB2, 0x0861799C
	.4byte SongTrack_MUS_INTRO_BATTLE_01
	.4byte SongTrack_MUS_INTRO_BATTLE_02
	.4byte SongTrack_MUS_INTRO_BATTLE_03
	.4byte SongTrack_MUS_INTRO_BATTLE_04
	.4byte SongTrack_MUS_INTRO_BATTLE_05
	.4byte SongTrack_MUS_INTRO_BATTLE_06
	.4byte SongTrack_MUS_INTRO_BATTLE_07
	.4byte SongTrack_MUS_INTRO_BATTLE_08
	.4byte SongTrack_MUS_INTRO_BATTLE_09

	.globl SongTrack_MUS_ABNORMAL_WEATHER_01
SongTrack_MUS_ABNORMAL_WEATHER_01: @ 0x088B1124
	@ M4A track start proven by song header pointer
	.byte 0xBC, 0x00, 0xBB, 0x36, 0xBD, 0x49, 0xC2, 0x2C, 0xC1, 0x0C, 0x98, 0xBF, 0x40, 0xBE, 0x0A, 0xCF
	.byte 0x46, 0x70, 0xA0, 0xBE, 0x0A, 0x9B, 0x0B, 0x84, 0x0C, 0x84, 0x0D, 0x84, 0x0E, 0x84, 0xB4, 0x0F
	.byte 0x88, 0x11, 0x84, 0x12, 0x84, 0x15, 0x84, 0x19, 0x84, 0x1A, 0x84, 0x1D, 0x84, 0x1F, 0x84, 0x20
	.byte 0x84, 0x23, 0x84, 0x27, 0x84, 0x29, 0xC4, 0x05, 0xA0, 0xCE, 0xC4, 0x00, 0xCF, 0x47, 0xB0, 0xC4
	.byte 0x09, 0x8C, 0xBE, 0x28, 0x84, 0x26, 0x84, 0x24, 0x84, 0x22, 0x84, 0x1F, 0x88, 0x1C, 0x84, 0x1A
	.byte 0x84, 0x18, 0x84, 0x16, 0x84, 0x14, 0x84, 0x12, 0x84, 0x10, 0x84, 0x0E, 0x84, 0x0C, 0x84, 0x0A
	.byte 0x98, 0xCE, 0xBF, 0x40, 0xBE, 0x0A, 0xC4, 0x00, 0xCF, 0x46, 0xA0, 0xBE, 0x0A, 0x9B, 0x0B, 0x84
	.byte 0x0C, 0x84, 0x0D, 0x84, 0x0E, 0x84, 0xBE, 0x0F, 0x88, 0x11, 0x84, 0x12, 0x84, 0x15, 0x84, 0x19
	.byte 0x84, 0x1A, 0x84, 0x1D, 0x84, 0x1F, 0x84, 0x20, 0x84, 0x23, 0x84, 0x27, 0x84, 0x29, 0xA0, 0xB4
	.byte 0xCE, 0x46, 0xCF, 0x47, 0x70, 0xB0, 0x8C, 0xBE, 0x28, 0x84, 0x26, 0x84, 0x24, 0x84, 0x22, 0x84
	.byte 0x1F, 0x88, 0x1C, 0x84, 0x1A, 0x84, 0x18, 0x84, 0x16, 0x84, 0x14, 0x84, 0x12, 0x84, 0x10, 0x84
	.byte 0x0E, 0x84, 0x0C, 0x84, 0x0A, 0x98, 0xB4, 0xCE, 0x47, 0xB3, 0x2F, 0x11, 0x8B, 0x08, 0xB3, 0x9A
	.byte 0x11, 0x8B, 0x08, 0xCE, 0x46, 0xCF, 0x47, 0x70, 0xB0, 0xB3, 0xBA, 0x11, 0x8B, 0x08, 0xCE, 0x47
	.byte 0xB3, 0x2F, 0x11, 0x8B, 0x08, 0xB3, 0x9A, 0x11, 0x8B, 0x08, 0xCE, 0x46, 0xCF, 0x47, 0x70, 0xB0
	.byte 0xB3, 0xBA, 0x11, 0x8B, 0x08, 0xCE, 0x47, 0xB2, 0x2F, 0x11, 0x8B, 0x08, 0xB1

	.globl SongTrack_MUS_ABNORMAL_WEATHER_02
SongTrack_MUS_ABNORMAL_WEATHER_02: @ 0x088B1211
	@ M4A track start proven by song header pointer
	.byte 0xBC, 0x00, 0xBD, 0x7F, 0xC2, 0x2C, 0xC1, 0x0C, 0xBF, 0x40, 0xBE, 0x2D, 0x98, 0xD1, 0x5B, 0x70
	.byte 0x88, 0x5B, 0x48, 0x88, 0x5B, 0x4C, 0x88, 0x5B, 0x70, 0x88, 0x5B, 0x48, 0x88, 0x5B, 0x4C, 0x88
	.byte 0x5B, 0x70, 0x88, 0x5B, 0x48, 0x88, 0x5B, 0x4C, 0x88, 0x5B, 0x70, 0x88, 0x5B, 0x48, 0x88, 0x5B
	.byte 0x4C, 0x88, 0xB4, 0xB3, 0x1E, 0x12, 0x8B, 0x08, 0xB3, 0x1E, 0x12, 0x8B, 0x08, 0xB3, 0x1E, 0x12
	.byte 0x8B, 0x08, 0xB3, 0x1E, 0x12, 0x8B, 0x08, 0xB3, 0x1E, 0x12, 0x8B, 0x08, 0xB3, 0x1E, 0x12, 0x8B
	.byte 0x08, 0xB3, 0x1E, 0x12, 0x8B, 0x08, 0xB3, 0x1E, 0x12, 0x8B, 0x08, 0xB3, 0x1E, 0x12, 0x8B, 0x08
	.byte 0xB3, 0x1E, 0x12, 0x8B, 0x08, 0xB3, 0x1E, 0x12, 0x8B, 0x08, 0xB3, 0x1E, 0x12, 0x8B, 0x08, 0xB3
	.byte 0x1E, 0x12, 0x8B, 0x08, 0xB3, 0x1E, 0x12, 0x8B, 0x08, 0xB3, 0x1E, 0x12, 0x8B, 0x08, 0xB2, 0x1E
	.byte 0x12, 0x8B, 0x08, 0xB1

	.globl SongTrack_MUS_ABNORMAL_WEATHER_03
SongTrack_MUS_ABNORMAL_WEATHER_03: @ 0x088B1295
	@ M4A track start proven by song header pointer
	.byte 0xBC, 0x00, 0xBD, 0x50, 0xC2, 0x2C, 0xCD, 0x08, 0x12, 0x08, 0x10, 0xC1, 0x0C, 0xBF, 0x01, 0xBE
	.byte 0x2A, 0xE7, 0x2D, 0x70, 0x84, 0xBE, 0x2F, 0x84, 0x35, 0x84, 0xC4, 0x08, 0xBE, 0x3D, 0x84, 0x47
	.byte 0x88, 0xBE, 0x3C, 0xBF, 0x40, 0xC4, 0x00, 0xD7, 0x26, 0x70, 0x88, 0xD3, 0x27, 0x4C, 0x88, 0xD3
	.byte 0x88, 0xD7, 0x26, 0x70, 0x88, 0xD3, 0x27, 0x4C, 0x88, 0xD3, 0x88, 0xDB, 0x27, 0x70, 0x90, 0xD3
	.byte 0x90, 0xD7, 0x33, 0x88, 0xD3, 0x26, 0x88, 0xD7, 0x27, 0x70, 0x88, 0xD3, 0x27, 0x38, 0x88, 0xD3
	.byte 0x88, 0x26, 0x70, 0x88, 0x27, 0x40, 0x88, 0x27, 0x64, 0x88, 0x26, 0x70, 0x88, 0xD1, 0x27, 0x84
	.byte 0xD1, 0x84, 0xD3, 0x88, 0xD7, 0x26, 0x88, 0xD3, 0x27, 0x88, 0xD3, 0x88, 0xB4, 0xD7, 0x27, 0x70
	.byte 0x88, 0xD3, 0x28, 0x4C, 0x88, 0xD3, 0x88, 0xD7, 0x27, 0x70, 0x88, 0xD3, 0x28, 0x4C, 0x88, 0xD3
	.byte 0x88, 0xD7, 0x28, 0x70, 0x90, 0xD3, 0x90, 0xD7, 0x34, 0x88, 0xD3, 0x28, 0x88, 0xB4, 0xD7, 0x88
	.byte 0xD3, 0x28, 0x38, 0x88, 0xD3, 0x88, 0x27, 0x70, 0x88, 0x28, 0x40, 0x88, 0x28, 0x64, 0x88, 0x27
	.byte 0x70, 0x88, 0xD1, 0x28, 0x84, 0xD1, 0x84, 0xD3, 0x88, 0xBF, 0x02, 0xBE, 0x2A, 0xE7, 0x84, 0xBE
	.byte 0x2F, 0x84, 0x35, 0x84, 0xC4, 0x0D, 0xBE, 0x3D, 0x84, 0x47, 0x88, 0x3C, 0xBF, 0x40, 0xC4, 0x02
	.byte 0xD7, 0x26, 0x88, 0xD3, 0x27, 0x4C, 0x88, 0xD3, 0x88, 0xD7, 0x26, 0x70, 0x88, 0xD3, 0x27, 0x4C
	.byte 0x88, 0xD3, 0x88, 0xDB, 0x27, 0x70, 0x90, 0xD3, 0x90, 0xD7, 0x33, 0x88, 0xD3, 0x26, 0x88, 0xB3
	.byte 0xDC, 0x12, 0x8B, 0x08, 0xB3, 0x02, 0x13, 0x8B, 0x08, 0xD7, 0x28, 0x70, 0x88, 0xD3, 0x28, 0x38
	.byte 0x88, 0xD3, 0x88, 0x27, 0x70, 0x88, 0x28, 0x40, 0x88, 0x28, 0x64, 0x88, 0x27, 0x70, 0x88, 0xD1
	.byte 0x28, 0x84, 0xD1, 0x84, 0xD3, 0x88, 0xBF, 0x02, 0xBE, 0x2A, 0xE7, 0x84, 0xBE, 0x2F, 0x84, 0x35
	.byte 0x84, 0x3D, 0x84, 0x47, 0x88, 0xB4, 0xBE, 0x3C, 0xBF, 0x40, 0xD7, 0x26, 0x70, 0x88, 0xD3, 0x27
	.byte 0x4C, 0x88, 0xD3, 0x88, 0xD7, 0x26, 0x70, 0x88, 0xD3, 0x27, 0x4C, 0x88, 0xD3, 0x88, 0xDB, 0x27
	.byte 0x70, 0x90, 0xD3, 0x90, 0xD7, 0x33, 0x88, 0xD3, 0x26, 0x88, 0xB4, 0xB3, 0xDC, 0x12, 0x8B, 0x08
	.byte 0xB3, 0x02, 0x13, 0x8B, 0x08, 0xB3, 0x7E, 0x13, 0x8B, 0x08, 0xB3, 0xAB, 0x13, 0x8B, 0x08, 0xB3
	.byte 0xDC, 0x12, 0x8B, 0x08, 0xB3, 0x02, 0x13, 0x8B, 0x08, 0xB3, 0x7E, 0x13, 0x8B, 0x08, 0xB2, 0xB6
	.byte 0x12, 0x8B, 0x08, 0xB1

	.globl SongTrack_MUS_ABNORMAL_WEATHER_04
SongTrack_MUS_ABNORMAL_WEATHER_04: @ 0x088B13F9
	@ M4A track start proven by song header pointer
	.byte 0xBC, 0x00, 0xBD, 0x51, 0xC2, 0x2C, 0xCD, 0x08, 0x12, 0x08, 0x10, 0xC1, 0x0C, 0xBE, 0x28, 0xBF
	.byte 0x7F, 0xE7, 0x28, 0x70, 0x84, 0xBE, 0x2A, 0x84, 0x2F, 0x84, 0xC4, 0x08, 0xBE, 0x35, 0x84, 0x3D
	.byte 0x84, 0x47, 0x84, 0xBF, 0x40, 0xBE, 0x0A, 0xC4, 0x00, 0xCF, 0x3F, 0x70, 0xA0, 0xBE, 0x0D, 0xA0
	.byte 0xBE, 0x14, 0x98, 0x1E, 0x98, 0x28, 0x8C, 0x33, 0x8C, 0x3C, 0x8C, 0x49, 0x8C, 0xB4, 0xCE, 0x3F
	.byte 0xBE, 0x28, 0xCF, 0x3F, 0x70, 0xA0, 0xC4, 0x03, 0x8C, 0xBE, 0x24, 0x8C, 0x1F, 0x8C, 0x1B, 0x8C
	.byte 0x17, 0xC4, 0x05, 0x8C, 0xBE, 0x13, 0x8C, 0x0F, 0xC4, 0x09, 0x8C, 0xBE, 0x0B, 0x8C, 0x0A, 0x8C
	.byte 0x0A, 0x8C, 0xCE, 0xBF, 0x7F, 0xBE, 0x1B, 0xC4, 0x02, 0xE7, 0x2F, 0x84, 0xBE, 0x2A, 0x84, 0x2F
	.byte 0x84, 0xC4, 0x0D, 0xBE, 0x35, 0x84, 0x3D, 0x84, 0x47, 0x84, 0xBF, 0x40, 0xBE, 0x0A, 0xC4, 0x02
	.byte 0xCF, 0x3F, 0xA0, 0xBE, 0x0D, 0xA0, 0xB3, 0x29, 0x14, 0x8B, 0x08, 0xCE, 0x3F, 0xBE, 0x28, 0xCF
	.byte 0x3F, 0x70, 0xA4, 0xBE, 0x24, 0x8C, 0x1F, 0x8C, 0x1B, 0x8C, 0xB4, 0xBE, 0x17, 0x8C, 0x13, 0x8C
	.byte 0x0F, 0x8C, 0x0B, 0x8C, 0x0A, 0x8C, 0x0A, 0x8C, 0xB4, 0xCE, 0x3F, 0xBF, 0x7F, 0xBE, 0x1B, 0xE7
	.byte 0x2F, 0x70, 0x84, 0xBE, 0x2A, 0x84, 0x2F, 0x84, 0x35, 0x84, 0x3D, 0x84, 0x47, 0x84, 0xBF, 0x40
	.byte 0xBE, 0x0A, 0xCF, 0x3F, 0x70, 0xA0, 0xBE, 0x0D, 0xA0, 0xB4, 0xB3, 0x29, 0x14, 0x8B, 0x08, 0xCE
	.byte 0x3F, 0xB3, 0x86, 0x14, 0x8B, 0x08, 0xB3, 0x94, 0x14, 0x8B, 0x08, 0xCE, 0x3F, 0xBF, 0x7F, 0xBE
	.byte 0x1B, 0xE7, 0x2F, 0x70, 0x84, 0xBE, 0x2A, 0x84, 0x2F, 0x84, 0x35, 0x84, 0x3D, 0x84, 0x47, 0x84
	.byte 0xB3, 0xB7, 0x14, 0x8B, 0x08, 0xB3, 0x29, 0x14, 0x8B, 0x08, 0xCE, 0x3F, 0xB3, 0x86, 0x14, 0x8B
	.byte 0x08, 0xB3, 0x94, 0x14, 0x8B, 0x08, 0xCE, 0x3F, 0xBF, 0x7F, 0xBE, 0x1B, 0xE7, 0x2F, 0x70, 0x84
	.byte 0xBE, 0x2A, 0x84, 0x2F, 0x84, 0x35, 0x84, 0x3D, 0x84, 0x47, 0x84, 0xB2, 0x1C, 0x14, 0x8B, 0x08
	.byte 0xB1

	.globl SongTrack_MUS_ABNORMAL_WEATHER_05
SongTrack_MUS_ABNORMAL_WEATHER_05: @ 0x088B151A
	@ M4A track start proven by song header pointer
	.byte 0xBC, 0x00, 0xBD, 0x00, 0xBF, 0x40, 0xC4, 0x40, 0xBE, 0x50, 0x98, 0xD3, 0x24, 0x7F, 0x98, 0x24
	.byte 0x70, 0x98, 0xD3, 0x90, 0xD3, 0x98, 0x24, 0x58, 0x88, 0xB4, 0xD3, 0x24, 0x7F, 0x98, 0x24, 0x70
	.byte 0x98, 0xD3, 0x90, 0xD3, 0x90, 0x26, 0x7F, 0x88, 0x24, 0x58, 0x88, 0xB4, 0xB3, 0x34, 0x15, 0x8B
	.byte 0x08, 0xB3, 0x34, 0x15, 0x8B, 0x08, 0xB3, 0x25, 0x15, 0x8B, 0x08, 0xB3, 0x34, 0x15, 0x8B, 0x08
	.byte 0xB3, 0x34, 0x15, 0x8B, 0x08, 0xB3, 0x34, 0x15, 0x8B, 0x08, 0xB3, 0x25, 0x15, 0x8B, 0x08, 0xB3
	.byte 0x34, 0x15, 0x8B, 0x08, 0xB3, 0x34, 0x15, 0x8B, 0x08, 0xB3, 0x34, 0x15, 0x8B, 0x08, 0xB3, 0x25
	.byte 0x15, 0x8B, 0x08, 0xB3, 0x34, 0x15, 0x8B, 0x08, 0xB3, 0x34, 0x15, 0x8B, 0x08, 0xB3, 0x34, 0x15
	.byte 0x8B, 0x08, 0xB2, 0x25, 0x15, 0x8B, 0x08, 0xB1

	.globl SongTrack_MUS_ABNORMAL_WEATHER_06
SongTrack_MUS_ABNORMAL_WEATHER_06: @ 0x088B1592
	@ M4A track start proven by song header pointer
	.byte 0xBC, 0x00, 0xBD, 0x52, 0xC2, 0x2C, 0xCD, 0x08, 0x12, 0x08, 0x10, 0xC1, 0x0C, 0xBF, 0x40, 0xBE
	.byte 0x28, 0xC0, 0x41, 0xE7, 0x2D, 0x70, 0x8C, 0xC4, 0x08, 0x8C, 0xBD, 0x52, 0xC4, 0x00, 0xD7, 0x26
	.byte 0x70, 0x88, 0xD3, 0x27, 0x4C, 0x88, 0xD3, 0x88, 0xD7, 0x26, 0x70, 0x88, 0xD3, 0x27, 0x4C, 0x88
	.byte 0xD3, 0x88, 0xDB, 0x27, 0x70, 0x90, 0xD3, 0x90, 0xD7, 0x33, 0x88, 0xD3, 0x26, 0x88, 0xD7, 0x27
	.byte 0x70, 0x88, 0xD3, 0x27, 0x38, 0x88, 0xD3, 0x88, 0x26, 0x70, 0x88, 0x27, 0x40, 0x88, 0x27, 0x64
	.byte 0x88, 0x26, 0x70, 0x88, 0xD1, 0x27, 0x84, 0xD1, 0x84, 0xD3, 0x88, 0xD7, 0x26, 0x88, 0xD3, 0x27
	.byte 0x88, 0xD3, 0x88, 0xB4, 0xD7, 0x27, 0x70, 0x88, 0xD3, 0x28, 0x4C, 0x88, 0xD3, 0x88, 0xD7, 0x27
	.byte 0x70, 0x88, 0xD3, 0x28, 0x4C, 0x88, 0xD3, 0x88, 0xD7, 0x28, 0x70, 0x90, 0xD3, 0x90, 0xD7, 0x34
	.byte 0x88, 0xD3, 0x28, 0x88, 0xB4, 0xD7, 0x88, 0xD3, 0x28, 0x38, 0x88, 0xD3, 0x88, 0x27, 0x70, 0x88
	.byte 0x28, 0x40, 0x88, 0x28, 0x64, 0x88, 0x27, 0x70, 0x88, 0xD1, 0x28, 0x84, 0xD1, 0x84, 0xD3, 0x88
	.byte 0xE7, 0x8C, 0xC4, 0x0D, 0x8C, 0xBD, 0x54, 0xC4, 0x00, 0xC0, 0x40, 0xDF, 0x52, 0x90, 0xD3, 0x55
	.byte 0x88, 0x54, 0x90, 0x51, 0x88, 0x4B, 0x88, 0x4A, 0x88, 0x5A, 0x90, 0x51, 0x88, 0x52, 0x88, 0xEC
	.byte 0x4B, 0x8C, 0xC4, 0x07, 0x99, 0x00, 0xD3, 0x4A, 0x84, 0x4B, 0x84, 0xE7, 0x4E, 0x8C, 0xC4, 0x07
	.byte 0x8C, 0x00, 0xE7, 0x50, 0x8C, 0xC4, 0x07, 0x8C, 0x00, 0xD7, 0x53, 0x88, 0xD3, 0x52, 0x88, 0x4E
	.byte 0x88, 0xD7, 0x50, 0x88, 0xD3, 0x53, 0x88, 0x52, 0x88, 0x5A, 0x88, 0x5C, 0x90, 0x4E, 0x88, 0xD3
	.byte 0x88, 0xD3, 0x88, 0xED, 0x4B, 0x8C, 0xC4, 0x07, 0x9A, 0x00, 0xD3, 0x4A, 0x84, 0x4B, 0x82, 0xE7
	.byte 0x4E, 0x8C, 0xC4, 0x07, 0x8C, 0x00, 0xE7, 0x50, 0x8E, 0xC4, 0x07, 0x8A, 0x00, 0xC0, 0x42, 0xD7
	.byte 0x26, 0x88, 0xD3, 0x27, 0x4C, 0x88, 0xD3, 0x88, 0xD7, 0x26, 0x70, 0x88, 0xD3, 0x27, 0x4C, 0x88
	.byte 0xD3, 0x88, 0xDB, 0x27, 0x70, 0x90, 0xD3, 0x90, 0xD7, 0x33, 0x88, 0xD3, 0x26, 0x88, 0xB3, 0xD0
	.byte 0x15, 0x8B, 0x08, 0xB3, 0xF6, 0x15, 0x8B, 0x08, 0xD7, 0x28, 0x70, 0x88, 0xD3, 0x28, 0x38, 0x88
	.byte 0xD3, 0x88, 0x27, 0x70, 0x88, 0x28, 0x40, 0x88, 0x28, 0x64, 0x88, 0x27, 0x70, 0x88, 0xD1, 0x28
	.byte 0x84, 0xD1, 0x84, 0xD3, 0x88, 0xE7, 0x98, 0xBD, 0x53, 0xC0, 0x40, 0xDF, 0x46, 0x90, 0xD3, 0x49
	.byte 0x88, 0x48, 0x90, 0x45, 0x88, 0x3F, 0x88, 0x3E, 0x88, 0x4E, 0x90, 0x45, 0x88, 0x46, 0x88, 0xEC
	.byte 0x3F, 0x8C, 0xC4, 0x07, 0x99, 0x00, 0xD3, 0x3E, 0x84, 0x3F, 0x84, 0xE7, 0x42, 0x8C, 0xC4, 0x07
	.byte 0x8C, 0x00, 0xE7, 0x44, 0x8C, 0xC4, 0x07, 0x8C, 0x00, 0xD7, 0x47, 0x88, 0xD3, 0x46, 0x88, 0x42
	.byte 0x88, 0xD7, 0x44, 0x88, 0xD3, 0x47, 0x88, 0x46, 0x88, 0x4E, 0x88, 0x50, 0x90, 0x42, 0x88, 0xD3
	.byte 0x88, 0xD3, 0x88, 0xED, 0x3F, 0x8C, 0xC4, 0x07, 0x9A, 0x00, 0xD3, 0x3E, 0x84, 0x3F, 0x82, 0xE7
	.byte 0x42, 0x8C, 0xC4, 0x07, 0x8C, 0x00, 0xE7, 0x44, 0x8E, 0xC4, 0x07, 0x8A, 0xB2, 0xAC, 0x15, 0x8B
	.byte 0x08, 0xC4, 0x00, 0xB1, 0x00, 0x00

	.globl SongHeader_MUS_ABNORMAL_WEATHER
SongHeader_MUS_ABNORMAL_WEATHER: @ 0x088B1758
	@ M4A song header: song 443 (MUS_ABNORMAL_WEATHER)
	m4a_song_header 6, 0, 0, 0xB2, 0x08617F9C
	.4byte SongTrack_MUS_ABNORMAL_WEATHER_01
	.4byte SongTrack_MUS_ABNORMAL_WEATHER_02
	.4byte SongTrack_MUS_ABNORMAL_WEATHER_03
	.4byte SongTrack_MUS_ABNORMAL_WEATHER_04
	.4byte SongTrack_MUS_ABNORMAL_WEATHER_05
	.4byte SongTrack_MUS_ABNORMAL_WEATHER_06

	.globl SongTrack_MUS_WEATHER_GROUDON_01
SongTrack_MUS_WEATHER_GROUDON_01: @ 0x088B1778
	@ M4A track start proven by song header pointer
	.byte 0xBC, 0x00, 0xBB, 0x27, 0xBD, 0x50, 0xC2, 0x2C, 0xCD, 0x08, 0x12, 0x08, 0x10, 0xC1, 0x0C, 0xBF
	.byte 0x00, 0xBE, 0x27, 0xC0, 0x42, 0xD2, 0x63, 0x70, 0x8C, 0x5A, 0x40, 0x8C, 0x5D, 0x8C, 0x5A, 0x8C
	.byte 0x63, 0x8C, 0x5A, 0x8C, 0x5D, 0x8C, 0x5A, 0x8C, 0xD2, 0x63, 0x60, 0x8C, 0x5A, 0x40, 0x8C, 0x5D
	.byte 0x8C, 0x5A, 0x8C, 0x63, 0x8C, 0x5A, 0x8C, 0x5D, 0x8C, 0x5A, 0x8C, 0xB4, 0xD2, 0x65, 0x60, 0x8C
	.byte 0x5C, 0x40, 0x8C, 0x5F, 0x8C, 0x5C, 0x8C, 0x65, 0x8C, 0x5C, 0x8C, 0x5F, 0x8C, 0x5C, 0x8C, 0xB4
	.byte 0xB3, 0xB4, 0x17, 0x8B, 0x08, 0xB3, 0xA0, 0x17, 0x8B, 0x08, 0xB3, 0xA0, 0x17, 0x8B, 0x08, 0xB3
	.byte 0xB4, 0x17, 0x8B, 0x08, 0xB3, 0xB4, 0x17, 0x8B, 0x08, 0xD2, 0x63, 0x60, 0x89, 0x63, 0x40, 0x83
	.byte 0x5A, 0x89, 0xD2, 0x83, 0x5D, 0x89, 0xD2, 0x83, 0x5A, 0x89, 0xD2, 0x83, 0x63, 0x89, 0xD2, 0x83
	.byte 0x5A, 0x89, 0xD2, 0x83, 0x5D, 0x89, 0xD2, 0x83, 0x5A, 0x89, 0xD2, 0x83, 0xB4, 0xB3, 0xE1, 0x17
	.byte 0x8B, 0x08, 0xD2, 0x65, 0x60, 0x89, 0x65, 0x40, 0x83, 0x5C, 0x89, 0xD2, 0x83, 0x5F, 0x89, 0xD2
	.byte 0x83, 0x5C, 0x89, 0xD2, 0x83, 0x65, 0x89, 0xD2, 0x83, 0x5C, 0x89, 0xD2, 0x83, 0x5F, 0x89, 0xD2
	.byte 0x83, 0x5C, 0x89, 0xD2, 0x83, 0xB4, 0xB3, 0x0A, 0x18, 0x8B, 0x08, 0xB3, 0xE1, 0x17, 0x8B, 0x08
	.byte 0xB3, 0xE1, 0x17, 0x8B, 0x08, 0xB3, 0x0A, 0x18, 0x8B, 0x08, 0xB3, 0x0A, 0x18, 0x8B, 0x08, 0xB2
	.byte 0x7A, 0x17, 0x8B, 0x08, 0xB1

	.globl SongTrack_MUS_WEATHER_GROUDON_02
SongTrack_MUS_WEATHER_GROUDON_02: @ 0x088B184D
	@ M4A track start proven by song header pointer
	.byte 0xBC, 0x00, 0xBD, 0x51, 0xC2, 0x2C, 0xCD, 0x08, 0x12, 0x08, 0x10, 0xC1, 0x0C, 0xBF, 0x7F, 0xBE
	.byte 0x27, 0xD2, 0x63, 0x70, 0x8C, 0x5A, 0x40, 0x8C, 0x5D, 0x8C, 0x5A, 0x8C, 0x63, 0x8C, 0x5A, 0x8C
	.byte 0x5D, 0x8C, 0x5A, 0x8C, 0xD2, 0x63, 0x60, 0x8C, 0x5A, 0x40, 0x8C, 0x5D, 0x8C, 0x5A, 0x8C, 0x63
	.byte 0x8C, 0x5A, 0x8C, 0x5D, 0x8C, 0x5A, 0x8C, 0xB4, 0xD2, 0x65, 0x60, 0x8C, 0x5C, 0x40, 0x8C, 0x5F
	.byte 0x8C, 0x5C, 0x8C, 0x65, 0x8C, 0x5C, 0x8C, 0x5F, 0x8C, 0x5C, 0x8C, 0xB4, 0xB3, 0x85, 0x18, 0x8B
	.byte 0x08, 0xC0, 0x3E, 0xD2, 0x63, 0x60, 0x8C, 0x5A, 0x40, 0x8C, 0x5D, 0x8C, 0x5A, 0x8C, 0x63, 0x8C
	.byte 0x5A, 0x8C, 0x5D, 0x8C, 0x5A, 0x8C, 0xB3, 0x71, 0x18, 0x8B, 0x08, 0xB3, 0x85, 0x18, 0x8B, 0x08
	.byte 0xB3, 0x85, 0x18, 0x8B, 0x08, 0xD2, 0x63, 0x60, 0x89, 0x63, 0x40, 0x83, 0x5A, 0x89, 0xD2, 0x83
	.byte 0x5D, 0x89, 0xD2, 0x83, 0x5A, 0x89, 0xD2, 0x83, 0x63, 0x89, 0xD2, 0x83, 0x5A, 0x89, 0xD2, 0x83
	.byte 0x5D, 0x89, 0xD2, 0x83, 0x5A, 0x89, 0xD2, 0x83, 0xB4, 0xB3, 0xC2, 0x18, 0x8B, 0x08, 0xD2, 0x65
	.byte 0x60, 0x89, 0x65, 0x40, 0x83, 0x5C, 0x89, 0xD2, 0x83, 0x5F, 0x89, 0xD2, 0x83, 0x5C, 0x89, 0xD2
	.byte 0x83, 0x65, 0x89, 0xD2, 0x83, 0x5C, 0x89, 0xD2, 0x83, 0x5F, 0x89, 0xD2, 0x83, 0x5C, 0x89, 0xD2
	.byte 0x83, 0xB4, 0xB3, 0xEB, 0x18, 0x8B, 0x08, 0x82, 0xD2, 0x63, 0x60, 0x89, 0x63, 0x40, 0x83, 0x5A
	.byte 0x89, 0xD2, 0x83, 0x5D, 0x89, 0xD2, 0x83, 0x5A, 0x89, 0xD2, 0x83, 0x63, 0x89, 0xD2, 0x83, 0x5A
	.byte 0x89, 0xD2, 0x83, 0x5D, 0x89, 0xD2, 0x83, 0x5A, 0x89, 0xD2, 0x81, 0xB4, 0xB3, 0x14, 0x19, 0x8B
	.byte 0x08, 0x82, 0xD2, 0x65, 0x60, 0x89, 0x65, 0x40, 0x83, 0x5C, 0x89, 0xD2, 0x83, 0x5F, 0x89, 0xD2
	.byte 0x83, 0x5C, 0x89, 0xD2, 0x83, 0x65, 0x89, 0xD2, 0x83, 0x5C, 0x89, 0xD2, 0x83, 0x5F, 0x89, 0xD2
	.byte 0x83, 0x5C, 0x89, 0xD2, 0x81, 0x82, 0x65, 0x60, 0x89, 0x65, 0x40, 0x83, 0x5C, 0x89, 0xD2, 0x83
	.byte 0x5F, 0x89, 0xD2, 0x83, 0x5C, 0x89, 0xD2, 0x83, 0x65, 0x89, 0xD2, 0x83, 0x5C, 0x89, 0xD2, 0x83
	.byte 0x5F, 0x89, 0xD2, 0x83, 0x5C, 0x8A, 0xB2, 0x4F, 0x18, 0x8B, 0x08, 0xB1

	.globl SongTrack_MUS_WEATHER_GROUDON_03
SongTrack_MUS_WEATHER_GROUDON_03: @ 0x088B1989
	@ M4A track start proven by song header pointer
	.byte 0xBC, 0x00, 0xBD, 0x52, 0xC2, 0x2C, 0xCD, 0x08, 0x12, 0x08, 0x10, 0xC1, 0x0C, 0xBF, 0x40, 0xBE
	.byte 0x32, 0xFE, 0x26, 0x40, 0xA0, 0xC4, 0x06, 0x98, 0x06, 0x94, 0xD1, 0x24, 0x82, 0x25, 0x82, 0xC4
	.byte 0x00, 0xFE, 0x26, 0x40, 0xA0, 0xC4, 0x06, 0x98, 0x06, 0x94, 0x00, 0xD3, 0x27, 0x84, 0xB4, 0xC4
	.byte 0x00, 0xFE, 0x28, 0x40, 0xA0, 0xC4, 0x06, 0x98, 0x06, 0x94, 0x00, 0xD1, 0x2A, 0x82, 0x29, 0x82
	.byte 0xB4, 0xC4, 0x00, 0xEE, 0x28, 0x40, 0x98, 0xC4, 0x06, 0x94, 0x00, 0xD1, 0x26, 0x82, 0x27, 0x82
	.byte 0xC4, 0x00, 0xEF, 0x28, 0x98, 0xC4, 0x06, 0x98, 0xB4, 0xC4, 0x00, 0xFE, 0x26, 0x40, 0xA0, 0xC4
	.byte 0x06, 0x98, 0x06, 0x94, 0xD1, 0x24, 0x82, 0x25, 0x82, 0xB4, 0xB3, 0xA8, 0x19, 0x8B, 0x08, 0xB3
	.byte 0xB8, 0x19, 0x8B, 0x08, 0xB3, 0xCA, 0x19, 0x8B, 0x08, 0xB3, 0xE2, 0x19, 0x8B, 0x08, 0xB3, 0xA8
	.byte 0x19, 0x8B, 0x08, 0xB3, 0xB8, 0x19, 0x8B, 0x08, 0xB3, 0xCA, 0x19, 0x8B, 0x08, 0xB3, 0xE2, 0x19
	.byte 0x8B, 0x08, 0xB3, 0xA8, 0x19, 0x8B, 0x08, 0xB3, 0xB8, 0x19, 0x8B, 0x08, 0xB3, 0xCA, 0x19, 0x8B
	.byte 0x08, 0xB2, 0x8B, 0x19, 0x8B, 0x08, 0xC4, 0x00, 0xB1, 0x00, 0x00

	.globl SongHeader_MUS_WEATHER_GROUDON
SongHeader_MUS_WEATHER_GROUDON: @ 0x088B1A34
	@ M4A song header: song 444 (MUS_WEATHER_GROUDON)
	m4a_song_header 3, 0, 0, 0xB2, 0x0861859C
	.4byte SongTrack_MUS_WEATHER_GROUDON_01
	.4byte SongTrack_MUS_WEATHER_GROUDON_02
	.4byte SongTrack_MUS_WEATHER_GROUDON_03

	.globl SongTrack_MUS_SOOTOPOLIS_01
SongTrack_MUS_SOOTOPOLIS_01: @ 0x088B1A48
	@ M4A track start proven by song header pointer
	.byte 0xBC, 0x00, 0xBB, 0x44, 0xBD, 0x7F, 0xC2, 0x2C, 0xC1, 0x0C, 0xBF, 0x7F, 0xBE, 0x2F, 0x8C, 0xD1
	.byte 0x5B, 0x70, 0x90, 0x5B, 0x48, 0x88, 0x5B, 0x70, 0x98, 0xD1, 0x98, 0xB4, 0xD1, 0x5B, 0x70, 0x90
	.byte 0x5B, 0x40, 0x88, 0x5B, 0x70, 0x84, 0x5B, 0x40, 0x84, 0xD1, 0x88, 0x5B, 0x60, 0x88, 0x5B, 0x70
	.byte 0x88, 0x5B, 0x48, 0x88, 0x5B, 0x54, 0x88, 0xB4, 0xD1, 0x5B, 0x70, 0x90, 0x5B, 0x48, 0x88, 0x5B
	.byte 0x70, 0x90, 0x5B, 0x40, 0x98, 0x5B, 0x3C, 0x88, 0xB4, 0xB3, 0x64, 0x1A, 0x8B, 0x08, 0xB3, 0x57
	.byte 0x1A, 0x8B, 0x08, 0xB3, 0x64, 0x1A, 0x8B, 0x08, 0xB3, 0x80, 0x1A, 0x8B, 0x08, 0xB3, 0x64, 0x1A
	.byte 0x8B, 0x08, 0xB3, 0x57, 0x1A, 0x8B, 0x08, 0xB3, 0x64, 0x1A, 0x8B, 0x08, 0xB3, 0x57, 0x1A, 0x8B
	.byte 0x08, 0xB3, 0x64, 0x1A, 0x8B, 0x08, 0xB3, 0x57, 0x1A, 0x8B, 0x08, 0xB3, 0x64, 0x1A, 0x8B, 0x08
	.byte 0xB3, 0x57, 0x1A, 0x8B, 0x08, 0xB3, 0x64, 0x1A, 0x8B, 0x08, 0xB3, 0x57, 0x1A, 0x8B, 0x08, 0xB3
	.byte 0x64, 0x1A, 0x8B, 0x08, 0xB3, 0x57, 0x1A, 0x8B, 0x08, 0xB3, 0x64, 0x1A, 0x8B, 0x08, 0xB3, 0x57
	.byte 0x1A, 0x8B, 0x08, 0xB3, 0x64, 0x1A, 0x8B, 0x08, 0xB3, 0x57, 0x1A, 0x8B, 0x08, 0xB3, 0x64, 0x1A
	.byte 0x8B, 0x08, 0xB3, 0x57, 0x1A, 0x8B, 0x08, 0xB3, 0x64, 0x1A, 0x8B, 0x08, 0xB3, 0x57, 0x1A, 0x8B
	.byte 0x08, 0xB3, 0x64, 0x1A, 0x8B, 0x08, 0xB3, 0x57, 0x1A, 0x8B, 0x08, 0xB3, 0x64, 0x1A, 0x8B, 0x08
	.byte 0xB3, 0x57, 0x1A, 0x8B, 0x08, 0xB3, 0x64, 0x1A, 0x8B, 0x08, 0xB3, 0x57, 0x1A, 0x8B, 0x08, 0xB3
	.byte 0x64, 0x1A, 0x8B, 0x08, 0xB3, 0x57, 0x1A, 0x8B, 0x08, 0xB3, 0x64, 0x1A, 0x8B, 0x08, 0xB3, 0x57
	.byte 0x1A, 0x8B, 0x08, 0xB3, 0x64, 0x1A, 0x8B, 0x08, 0xB3, 0x57, 0x1A, 0x8B, 0x08, 0xB3, 0x64, 0x1A
	.byte 0x8B, 0x08, 0xB3, 0x64, 0x1A, 0x8B, 0x08, 0xB2, 0x57, 0x1A, 0x8B, 0x08, 0xB1

	.globl SongTrack_MUS_SOOTOPOLIS_02
SongTrack_MUS_SOOTOPOLIS_02: @ 0x088B1B55
	@ M4A track start proven by song header pointer
	.byte 0xBC, 0x00, 0xBD, 0x49, 0xC2, 0x2C, 0xC1, 0x0C, 0xBF, 0x40, 0xBE, 0x2D, 0x82, 0xD3, 0x4E, 0x70
	.byte 0x84, 0x50, 0x82, 0x52, 0x84, 0xBD, 0x49, 0xEF, 0x53, 0x70, 0xA0, 0xD7, 0x4E, 0x88, 0xD1, 0x53
	.byte 0x82, 0x52, 0x82, 0x50, 0x82, 0x4E, 0x82, 0xD3, 0x47, 0x84, 0x47, 0x20, 0x84, 0xF3, 0x50, 0x70
	.byte 0x98, 0xC4, 0x07, 0x8C, 0xBE, 0x2C, 0x84, 0x28, 0x84, 0x1E, 0x84, 0x19, 0x84, 0x10, 0x84, 0x09
	.byte 0x84, 0xC4, 0x00, 0xBE, 0x2D, 0xD3, 0x4C, 0x84, 0x4E, 0x84, 0x50, 0x84, 0xB4, 0xEF, 0x51, 0x98
	.byte 0xC4, 0x07, 0xBE, 0x2C, 0x84, 0x28, 0x84, 0x1E, 0x84, 0x19, 0x84, 0x10, 0x84, 0x09, 0x84, 0xC4
	.byte 0x00, 0xBE, 0x2D, 0xD3, 0x53, 0x84, 0x53, 0x20, 0x8C, 0x51, 0x70, 0x88, 0xDF, 0x90, 0xD3, 0x51
	.byte 0x20, 0x88, 0x4A, 0x70, 0x84, 0x4A, 0x20, 0x84, 0x50, 0x70, 0x84, 0x50, 0x20, 0x84, 0xD7, 0x4E
	.byte 0x70, 0x88, 0xDF, 0x50, 0x90, 0xD3, 0x4A, 0x84, 0x4A, 0x20, 0x84, 0xEC, 0x53, 0x70, 0x98, 0xC4
	.byte 0x07, 0x90, 0x00, 0xD7, 0x52, 0x88, 0xC4, 0x00, 0xD7, 0x4E, 0x88, 0xD1, 0x53, 0x82, 0x52, 0x82
	.byte 0x51, 0x82, 0x50, 0x82, 0xD3, 0x47, 0x84, 0x47, 0x20, 0x84, 0xB3, 0x82, 0x1B, 0x8B, 0x08, 0xEF
	.byte 0x51, 0x70, 0x98, 0xC4, 0x07, 0xBE, 0x2C, 0x84, 0x28, 0x84, 0x1E, 0x84, 0x19, 0x84, 0x14, 0x84
	.byte 0x0F, 0x84, 0xC4, 0x00, 0xBE, 0x2D, 0xD3, 0x53, 0x84, 0x53, 0x20, 0x8C, 0x51, 0x70, 0x88, 0xDF
	.byte 0x90, 0xD3, 0x4A, 0x84, 0x4A, 0x20, 0x84, 0xE7, 0x53, 0x70, 0x98, 0xBD, 0x3A, 0xBE, 0x2A, 0xD7
	.byte 0x41, 0x88, 0xD3, 0x47, 0x84, 0x47, 0x20, 0x84, 0x4A, 0x70, 0x84, 0x4A, 0x20, 0x84, 0xD1, 0x4D
	.byte 0x70, 0x82, 0xEE, 0x4E, 0x96, 0xC4, 0x06, 0xBE, 0x25, 0x84, 0x22, 0x84, 0x1D, 0x84, 0x18, 0x84
	.byte 0x12, 0x84, 0x0D, 0x84, 0xC4, 0x00, 0xBE, 0x2B, 0xD1, 0x56, 0x48, 0x82, 0xDB, 0x55, 0x4C, 0x8C
	.byte 0xD1, 0x54, 0x40, 0x82, 0xD3, 0x53, 0x44, 0x88, 0xEF, 0x4E, 0x70, 0x98, 0xC4, 0x06, 0xBE, 0x25
	.byte 0x84, 0x22, 0x84, 0x1D, 0x84, 0x18, 0x84, 0x12, 0x84, 0x0D, 0x84, 0xC4, 0x00, 0xBE, 0x2B, 0xD3
	.byte 0x42, 0x84, 0x42, 0x20, 0x84, 0x47, 0x70, 0x84, 0x47, 0x20, 0x84, 0x4A, 0x70, 0x84, 0x4A, 0x20
	.byte 0x84, 0xEC, 0x4E, 0x70, 0x98, 0xC4, 0x05, 0x90, 0x00, 0xD3, 0x4C, 0x84, 0x4C, 0x20, 0x84, 0xDF
	.byte 0x4B, 0x70, 0x90, 0xD3, 0x4E, 0x84, 0x4E, 0x20, 0x84, 0xDF, 0x4C, 0x70, 0x90, 0xD3, 0x4A, 0x84
	.byte 0x4A, 0x20, 0x84, 0x44, 0x70, 0x84, 0x44, 0x20, 0x8C, 0x47, 0x70, 0x84, 0x47, 0x20, 0x84, 0xDF
	.byte 0x4C, 0x70, 0x90, 0xD3, 0x47, 0x84, 0x47, 0x20, 0x84, 0xEC, 0x4C, 0x70, 0x98, 0xC4, 0x05, 0xBE
	.byte 0x28, 0x84, 0x21, 0x84, 0x1A, 0x88, 0xC4, 0x00, 0xBE, 0x2C, 0xD3, 0x4E, 0x88, 0x4C, 0x84, 0x4C
	.byte 0x20, 0x8C, 0xD7, 0x47, 0x70, 0x88, 0x88, 0xD3, 0x4A, 0x88, 0x49, 0x88, 0xD1, 0x82, 0xDD, 0x4A
	.byte 0x8E, 0xD3, 0x4E, 0x84, 0x4E, 0x20, 0x84, 0xD7, 0x53, 0x58, 0x88, 0xD1, 0x52, 0x54, 0x82, 0x51
	.byte 0x50, 0x82, 0x50, 0x4C, 0x82, 0x4F, 0x82, 0xD7, 0x4E, 0x58, 0x88, 0xEC, 0x4A, 0x70, 0x98, 0xC4
	.byte 0x06, 0x90, 0x00, 0xD3, 0x4C, 0x84, 0x4C, 0x20, 0x84, 0xDF, 0x4A, 0x70, 0x90, 0xD3, 0x47, 0x84
	.byte 0x47, 0x20, 0x84, 0xD1, 0x49, 0x70, 0x82, 0xE5, 0x4A, 0x96, 0xE7, 0x49, 0x88, 0xBE, 0x28, 0x84
	.byte 0xC4, 0x05, 0xBE, 0x25, 0x84, 0x22, 0x84, 0x1D, 0x84, 0xBD, 0x01, 0xC4, 0x00, 0xBE, 0x29, 0xDB
	.byte 0x46, 0x8C, 0xBE, 0x3E, 0xD3, 0x4A, 0x50, 0x84, 0x4C, 0x5C, 0x84, 0x4D, 0x60, 0x84, 0x82, 0xEB
	.byte 0x4E, 0x70, 0x9C, 0x82, 0xD3, 0x47, 0x88, 0xD1, 0x55, 0x90, 0xD3, 0x53, 0x88, 0x82, 0xEE, 0x4E
	.byte 0x9F, 0x82, 0xD3, 0x42, 0x88, 0x47, 0x88, 0x4A, 0x88, 0x82, 0xEB, 0x4E, 0x9C, 0x82, 0xD3, 0x4C
	.byte 0x88, 0x4B, 0x90, 0x4E, 0x88, 0x82, 0xDF, 0x4C, 0x8E, 0xD3, 0x44, 0x88, 0x47, 0x90, 0x46, 0x88
	.byte 0x47, 0x90, 0x4C, 0x88, 0x82, 0xEB, 0x4F, 0x9C, 0x82, 0xD3, 0x51, 0x88, 0x4F, 0x90, 0xD7, 0x4C
	.byte 0x88, 0xD3, 0x4E, 0x90, 0x4A, 0x88, 0xDF, 0x4E, 0x90, 0xD3, 0x52, 0x88, 0xDF, 0x53, 0x90, 0xD3
	.byte 0x56, 0x88, 0x82, 0xEC, 0x55, 0x9C, 0x82, 0xD3, 0x50, 0x88, 0xDF, 0x90, 0xD3, 0x53, 0x88, 0xD1
	.byte 0x51, 0x82, 0xE5, 0x52, 0x96, 0xE7, 0x53, 0x98, 0xDB, 0x55, 0x8C, 0xD3, 0x53, 0x82, 0xBD, 0x11
	.byte 0x82, 0xD3, 0x51, 0x84, 0x4F, 0x84, 0xBE, 0x39, 0xF2, 0x4E, 0xA3, 0xD3, 0x4F, 0x84, 0x4F, 0x20
	.byte 0x84, 0x4E, 0x70, 0x84, 0x4E, 0x20, 0x84, 0xF2, 0x51, 0x70, 0xA3, 0xD3, 0x88, 0x53, 0x88, 0xEC
	.byte 0x54, 0xA0, 0xD3, 0x84, 0x54, 0x20, 0x84, 0x53, 0x70, 0x84, 0x53, 0x20, 0x84, 0x51, 0x70, 0x84
	.byte 0x51, 0x20, 0x84, 0xDF, 0x53, 0x70, 0x90, 0xD1, 0x4B, 0x88, 0xDF, 0x51, 0x90, 0xD1, 0x4B, 0x88
	.byte 0xDF, 0x4E, 0x90, 0xD1, 0x4B, 0x82, 0x4C, 0x82, 0x4D, 0x82, 0x4E, 0x82, 0xF2, 0x4F, 0xA3, 0xD3
	.byte 0x51, 0x84, 0x51, 0x20, 0x84, 0x4F, 0x70, 0x84, 0x4F, 0x20, 0x84, 0x4E, 0x70, 0x84, 0x4E, 0x20
	.byte 0x84, 0xEF, 0x56, 0x70, 0xA0, 0xD3, 0x4A, 0x84, 0x4A, 0x20, 0x84, 0x4E, 0x70, 0x84, 0x4E, 0x20
	.byte 0x84, 0xEF, 0x4C, 0x70, 0xA0, 0xD3, 0x47, 0x84, 0x47, 0x20, 0x8C, 0x4A, 0x70, 0x84, 0x4A, 0x20
	.byte 0x84, 0xDF, 0x49, 0x70, 0x90, 0xD3, 0x40, 0x84, 0x40, 0x20, 0x84, 0xDF, 0x4A, 0x70, 0x90, 0xD3
	.byte 0x42, 0x84, 0x42, 0x20, 0x84, 0xDB, 0x4C, 0x70, 0x8C, 0xBD, 0x18, 0xBE, 0x3B, 0xD3, 0x53, 0x84
	.byte 0x51, 0x84, 0x4F, 0x84, 0xF2, 0x4E, 0x98, 0xC4, 0x07, 0x9B, 0x00, 0xD3, 0x4F, 0x84, 0x4F, 0x20
	.byte 0x84, 0x4E, 0x70, 0x84, 0x4E, 0x20, 0x84, 0xF2, 0x51, 0x70, 0x98, 0xC4, 0x07, 0x9B, 0x00, 0xD3
	.byte 0x84, 0x51, 0x20, 0x84, 0x53, 0x70, 0x84, 0x53, 0x20, 0x84, 0xEC, 0x54, 0x70, 0x98, 0xC4, 0x06
	.byte 0x98, 0x00, 0xD3, 0x84, 0x54, 0x20, 0x84, 0x56, 0x70, 0x84, 0x56, 0x20, 0x84, 0x58, 0x70, 0x84
	.byte 0x58, 0x20, 0x84, 0xE7, 0x5A, 0x70, 0x98, 0x58, 0x98, 0x57, 0x98, 0xEC, 0x5B, 0x98, 0xC4, 0x07
	.byte 0x90, 0x00, 0xD3, 0x5D, 0x84, 0x5D, 0x20, 0x84, 0x5B, 0x70, 0x84, 0x5B, 0x20, 0x84, 0x5A, 0x70
	.byte 0x84, 0x5A, 0x20, 0x84, 0x58, 0x70, 0x84, 0x58, 0x20, 0x84, 0x56, 0x70, 0x84, 0x56, 0x20, 0x84
	.byte 0xEC, 0x5A, 0x70, 0x90, 0xC4, 0x05, 0x98, 0x00, 0xD3, 0x56, 0x84, 0x56, 0x20, 0x8C, 0x5A, 0x70
	.byte 0x84, 0x5A, 0x20, 0x84, 0xEC, 0x58, 0x70, 0x98, 0xC4, 0x06, 0x90, 0x00, 0xD3, 0x53, 0x84, 0x53
	.byte 0x20, 0x84, 0x58, 0x70, 0x84, 0x58, 0x20, 0x8C, 0x53, 0x70, 0x84, 0x53, 0x20, 0x84, 0xDF, 0x49
	.byte 0x70, 0x90, 0xD3, 0x45, 0x84, 0x45, 0x20, 0x84, 0xDF, 0x4A, 0x70, 0x90, 0xD3, 0x47, 0x84, 0x47
	.byte 0x20, 0x84, 0xDF, 0x4C, 0x70, 0x90, 0xD3, 0x44, 0x84, 0x44, 0x20, 0x84, 0xDF, 0x4E, 0x70, 0x90
	.byte 0xD3, 0x49, 0x84, 0x49, 0x20, 0x84, 0xDF, 0x50, 0x70, 0x90, 0xD3, 0x49, 0x84, 0x49, 0x20, 0x84
	.byte 0xDF, 0x52, 0x70, 0x90, 0xD3, 0x49, 0x84, 0x49, 0x20, 0x84, 0xB2, 0x6A, 0x1B, 0x8B, 0x08, 0xB1

	.globl SongTrack_MUS_SOOTOPOLIS_03
SongTrack_MUS_SOOTOPOLIS_03: @ 0x088B1F45
	@ M4A track start proven by song header pointer
	.byte 0xBC, 0x00, 0xBD, 0x7E, 0xC2, 0x2C, 0xC1, 0x0C, 0xBF, 0x7F, 0xBE, 0x2E, 0x8C, 0xA8, 0xA8, 0xA0
	.byte 0xDF, 0x58, 0x70, 0x98, 0xA8, 0xA8, 0xA8, 0xA0, 0xDF, 0x98, 0xA8, 0xA8, 0xA8, 0xA8, 0xA8, 0xA8
	.byte 0xA8, 0xA8, 0xA8, 0xA8, 0xA8, 0xA8, 0xA8, 0xA8, 0xA8, 0xA8, 0xA8, 0xA8, 0xA8, 0xA8, 0xA8, 0xA8
	.byte 0xA8, 0xA8, 0xA8, 0xA8, 0xA8, 0xA8, 0xA8, 0xA8, 0xA8, 0xA8, 0xA8, 0xA8, 0xB2, 0x52, 0x1F, 0x8B
	.byte 0x08, 0xB1

	.globl SongTrack_MUS_SOOTOPOLIS_04
SongTrack_MUS_SOOTOPOLIS_04: @ 0x088B1F87
	@ M4A track start proven by song header pointer
	.byte 0xBC, 0x00, 0xBD, 0x50, 0xC2, 0x2C, 0xCD, 0x08, 0x12, 0x08, 0x10, 0xC1, 0x0C, 0xBF, 0x00, 0xBE
	.byte 0x25, 0x8C, 0xD1, 0x36, 0x70, 0x90, 0xD3, 0x3E, 0x98, 0xD1, 0x36, 0x88, 0xD7, 0x3E, 0x90, 0xD1
	.byte 0x36, 0x88, 0xB4, 0xD1, 0x36, 0x70, 0x90, 0xD1, 0x88, 0xDF, 0x40, 0x90, 0xD3, 0x36, 0x88, 0x3D
	.byte 0x88, 0x3A, 0x88, 0x36, 0x88, 0xB4, 0xD1, 0x36, 0x70, 0x90, 0xD3, 0x42, 0x98, 0xD1, 0x36, 0x88
	.byte 0xD7, 0x42, 0x90, 0xD1, 0x36, 0x88, 0xB4, 0xD1, 0x90, 0xD1, 0x88, 0xE7, 0x40, 0x98, 0xD3, 0x88
	.byte 0x42, 0x88, 0x40, 0x88, 0xB3, 0x99, 0x1F, 0x8B, 0x08, 0xB3, 0xAA, 0x1F, 0x8B, 0x08, 0xB3, 0xBD
	.byte 0x1F, 0x8B, 0x08, 0xD1, 0x36, 0x70, 0x90, 0xD1, 0x88, 0xE7, 0x41, 0xA0, 0xD1, 0x36, 0x90, 0xD3
	.byte 0x3E, 0x98, 0x3D, 0x88, 0xD7, 0x3E, 0x90, 0xD1, 0x36, 0x88, 0xD1, 0x90, 0xD3, 0x3D, 0x98, 0x3C
	.byte 0x88, 0xD7, 0x3D, 0x90, 0xD1, 0x36, 0x88, 0xD1, 0x90, 0xD3, 0x3C, 0x98, 0x3B, 0x88, 0x3C, 0x88
	.byte 0x3B, 0x88, 0x39, 0x88, 0xDF, 0x3B, 0x70, 0x90, 0xD1, 0x38, 0x88, 0xDF, 0x90, 0xD1, 0x34, 0x88
	.byte 0xE7, 0x3B, 0x98, 0xB4, 0xD1, 0x37, 0x90, 0xD3, 0x3B, 0x98, 0xD3, 0x88, 0xD7, 0x90, 0xD1, 0x36
	.byte 0x88, 0xD1, 0x90, 0xD3, 0x39, 0x98, 0xD3, 0x88, 0xD7, 0x90, 0xD1, 0x36, 0x88, 0x35, 0x90, 0xD3
	.byte 0x38, 0x98, 0xD3, 0x88, 0x3B, 0x88, 0x38, 0x88, 0x35, 0x88, 0xD7, 0x36, 0x88, 0xD3, 0x31, 0x88
	.byte 0x2E, 0x88, 0xD7, 0x36, 0x88, 0xD3, 0x31, 0x88, 0x2E, 0x88, 0xD7, 0x3A, 0x88, 0xD3, 0x36, 0x88
	.byte 0x31, 0x88, 0xD1, 0x36, 0x90, 0xD3, 0x3E, 0x98, 0x3D, 0x88, 0xD7, 0x3E, 0x90, 0xD1, 0x88, 0x36
	.byte 0x90, 0xD3, 0x3D, 0x98, 0x3B, 0x88, 0xD7, 0x3D, 0x90, 0xD1, 0x88, 0x36, 0x90, 0xD3, 0x3C, 0x98
	.byte 0x3B, 0x88, 0x3C, 0x88, 0x3B, 0x88, 0x36, 0x88, 0xB3, 0x1B, 0x20, 0x8B, 0x08, 0xD1, 0x37, 0x70
	.byte 0x90, 0xD3, 0x3B, 0x98, 0x3A, 0x88, 0xD7, 0x3B, 0x90, 0xD1, 0x37, 0x88, 0xDF, 0x36, 0x90, 0xD3
	.byte 0x32, 0x88, 0xDF, 0x3B, 0x90, 0xD3, 0x37, 0x88, 0xDF, 0x3E, 0x90, 0xD3, 0x3B, 0x88, 0xE7, 0x41
	.byte 0x98, 0xD3, 0x3D, 0x88, 0x3B, 0x88, 0x3A, 0x88, 0x38, 0x88, 0x3A, 0x88, 0x3B, 0x88, 0xD7, 0x3D
	.byte 0x88, 0xD3, 0x3A, 0x88, 0x36, 0x88, 0xD7, 0x40, 0x88, 0xD3, 0x3D, 0x88, 0x3A, 0x88, 0xD7, 0x42
	.byte 0x88, 0xD3, 0x3D, 0x88, 0x3A, 0x88, 0xD1, 0x39, 0x90, 0xD3, 0x45, 0x98, 0x42, 0x88, 0xD7, 0x45
	.byte 0x90, 0xD1, 0x39, 0x88, 0x3D, 0x90, 0xD3, 0x40, 0x98, 0x3E, 0x88, 0xD7, 0x40, 0x90, 0xD1, 0x3D
	.byte 0x88, 0x3C, 0x90, 0xD3, 0x40, 0x98, 0x3E, 0x88, 0x40, 0x88, 0x3E, 0x88, 0x3C, 0x88, 0xDF, 0x42
	.byte 0x90, 0xD1, 0x3B, 0x88, 0xDF, 0x3F, 0x90, 0xD1, 0x39, 0x88, 0xE7, 0x3B, 0x98, 0xD1, 0x3A, 0x90
	.byte 0xD3, 0x3E, 0x98, 0x40, 0x88, 0x3E, 0x88, 0x3D, 0x88, 0x3B, 0x88, 0xD1, 0x36, 0x90, 0xD3, 0x39
	.byte 0x98, 0x38, 0x88, 0x39, 0x88, 0x3E, 0x88, 0x42, 0x88, 0xD1, 0x35, 0x90, 0xD3, 0x3B, 0x98, 0x34
	.byte 0x88, 0xD3, 0x88, 0x36, 0x88, 0x37, 0x88, 0xD7, 0x34, 0x88, 0xD3, 0x31, 0x88, 0x2D, 0x88, 0xD7
	.byte 0x36, 0x88, 0xD3, 0x32, 0x88, 0x2F, 0x88, 0xD7, 0x37, 0x88, 0xD3, 0x34, 0x88, 0x31, 0x88, 0xD1
	.byte 0x42, 0x90, 0xD3, 0x45, 0x98, 0x44, 0x88, 0xD7, 0x45, 0x90, 0xD1, 0x42, 0x88, 0x40, 0x90, 0xD3
	.byte 0x43, 0x98, 0x42, 0x88, 0xD7, 0x43, 0x90, 0xD1, 0x40, 0x88, 0xD1, 0x90, 0xD3, 0x43, 0x98, 0x42
	.byte 0x88, 0x40, 0x88, 0x42, 0x88, 0x45, 0x88, 0xDF, 0x4B, 0x90, 0xD1, 0x42, 0x88, 0xDF, 0x48, 0x90
	.byte 0xD1, 0x42, 0x88, 0xE7, 0x47, 0x98, 0xD1, 0x3B, 0x90, 0xD3, 0x46, 0x98, 0x48, 0x88, 0x46, 0x88
	.byte 0x45, 0x88, 0x43, 0x88, 0xD1, 0x3A, 0x90, 0xD3, 0x45, 0x98, 0x47, 0x88, 0x45, 0x88, 0x43, 0x88
	.byte 0x42, 0x88, 0xDF, 0x44, 0x90, 0xD3, 0x40, 0x88, 0xDF, 0x90, 0xD3, 0x3B, 0x88, 0xDF, 0x47, 0x90
	.byte 0xD3, 0x40, 0x88, 0xD7, 0x88, 0xD3, 0x3D, 0x88, 0x39, 0x88, 0xD7, 0x42, 0x88, 0xD3, 0x3E, 0x88
	.byte 0x3B, 0x88, 0xD7, 0x44, 0x88, 0xD3, 0x40, 0x88, 0x3B, 0x88, 0xD7, 0x42, 0x88, 0xD3, 0x40, 0x88
	.byte 0x3D, 0x88, 0xD7, 0x46, 0x88, 0xD3, 0x42, 0x88, 0x40, 0x88, 0xD7, 0x46, 0x88, 0xD3, 0x42, 0x88
	.byte 0x3D, 0x88, 0xB2, 0x99, 0x1F, 0x8B, 0x08, 0xB1

	.globl SongTrack_MUS_SOOTOPOLIS_05
SongTrack_MUS_SOOTOPOLIS_05: @ 0x088B21EF
	@ M4A track start proven by song header pointer
	.byte 0xBC, 0x00, 0xBD, 0x51, 0xC2, 0x2C, 0xCD, 0x08, 0x12, 0x08, 0x10, 0xC1, 0x0C, 0xBF, 0x7F, 0xBE
	.byte 0x25, 0x8C, 0xD1, 0x3B, 0x70, 0x90, 0xD3, 0x42, 0x98, 0xD1, 0x3B, 0x88, 0xD7, 0x42, 0x90, 0xD1
	.byte 0x3B, 0x88, 0xB4, 0xD1, 0x3B, 0x70, 0x90, 0xD1, 0x88, 0xDF, 0x44, 0x90, 0xD3, 0x3B, 0x88, 0x42
	.byte 0x88, 0x40, 0x88, 0x3D, 0x88, 0xB4, 0xD1, 0x3B, 0x70, 0x90, 0xD3, 0x45, 0x98, 0xD1, 0x3B, 0x88
	.byte 0xD7, 0x45, 0x90, 0xD1, 0x3B, 0x88, 0xB4, 0xD1, 0x90, 0xD1, 0x88, 0xE7, 0x44, 0x98, 0xD3, 0x88
	.byte 0x45, 0x88, 0x44, 0x88, 0xB3, 0x01, 0x22, 0x8B, 0x08, 0xB3, 0x12, 0x22, 0x8B, 0x08, 0xB3, 0x25
	.byte 0x22, 0x8B, 0x08, 0xD1, 0x3B, 0x70, 0x90, 0xD1, 0x88, 0xE7, 0x47, 0xA0, 0xD1, 0x3E, 0x90, 0xD3
	.byte 0x42, 0x98, 0x41, 0x88, 0xD7, 0x42, 0x90, 0xD1, 0x3E, 0x88, 0x3D, 0x90, 0xD3, 0x42, 0x98, 0x41
	.byte 0x88, 0xD7, 0x42, 0x90, 0xD1, 0x3D, 0x88, 0x3C, 0x90, 0xD3, 0x42, 0x98, 0x41, 0x88, 0x42, 0x88
	.byte 0x40, 0x88, 0x3E, 0x88, 0xDF, 0x40, 0x90, 0xD1, 0x3B, 0x88, 0xDF, 0x3F, 0x90, 0xD1, 0x3B, 0x88
	.byte 0xE7, 0x40, 0x98, 0xD1, 0x3E, 0x90, 0xD3, 0x40, 0x98, 0x42, 0x88, 0xD7, 0x40, 0x90, 0xD1, 0x3B
	.byte 0x88, 0x39, 0x90, 0xD3, 0x3E, 0x98, 0x3D, 0x88, 0xD7, 0x3E, 0x90, 0xD1, 0x39, 0x88, 0x38, 0x90
	.byte 0xD3, 0x3E, 0x98, 0x40, 0x88, 0x3E, 0x88, 0x3D, 0x88, 0x3B, 0x88, 0xD7, 0x3A, 0x88, 0xD3, 0x36
	.byte 0x88, 0x31, 0x88, 0xD7, 0x3B, 0x88, 0xD3, 0x36, 0x88, 0x31, 0x88, 0xD7, 0x3D, 0x88, 0xD3, 0x3A
	.byte 0x88, 0x36, 0x88, 0xD1, 0x42, 0x90, 0xD3, 0x47, 0x98, 0x46, 0x88, 0xD7, 0x47, 0x90, 0xD1, 0x42
	.byte 0x88, 0xD1, 0x90, 0xD3, 0x46, 0x98, 0x44, 0x88, 0xD7, 0x46, 0x90, 0xD1, 0x42, 0x88, 0xD1, 0x90
	.byte 0xD3, 0x45, 0x98, 0x44, 0x88, 0x45, 0x88, 0x44, 0x88, 0x40, 0x88, 0xDF, 0x44, 0x90, 0xD1, 0x40
	.byte 0x88, 0xDF, 0x43, 0x90, 0xD1, 0x40, 0x88, 0xE7, 0x44, 0x98, 0xD1, 0x40, 0x90, 0xD3, 0x43, 0x98
	.byte 0x42, 0x88, 0xD7, 0x43, 0x90, 0xD1, 0x40, 0x88, 0xDF, 0x3E, 0x90, 0xD3, 0x3B, 0x88, 0xDF, 0x42
	.byte 0x90, 0xD3, 0x40, 0x88, 0xDF, 0x47, 0x90, 0xD3, 0x42, 0x88, 0xE7, 0x49, 0x98, 0xD3, 0x47, 0x88
	.byte 0x46, 0x88, 0x44, 0x88, 0x41, 0x88, 0x42, 0x88, 0x44, 0x88, 0xD7, 0x46, 0x88, 0xD3, 0x42, 0x88
	.byte 0x3D, 0x88, 0xD7, 0x47, 0x88, 0xD3, 0x42, 0x88, 0x3D, 0x88, 0xD7, 0x49, 0x88, 0xD3, 0x46, 0x88
	.byte 0x42, 0x88, 0xD1, 0x90, 0xD3, 0x4A, 0x98, 0x49, 0x88, 0xD7, 0x4A, 0x90, 0xD1, 0x42, 0x88, 0x45
	.byte 0x90, 0xD3, 0x49, 0x98, 0x47, 0x88, 0xD7, 0x49, 0x90, 0xD1, 0x45, 0x88, 0x43, 0x90, 0xD3, 0x48
	.byte 0x98, 0x47, 0x88, 0x48, 0x88, 0x47, 0x88, 0x43, 0x88, 0xDF, 0x47, 0x90, 0xD1, 0x3F, 0x88, 0xDF
	.byte 0x45, 0x90, 0xD1, 0x3F, 0x88, 0xE7, 0x42, 0x98, 0xD1, 0x3D, 0x90, 0xD3, 0x43, 0x98, 0x45, 0x88
	.byte 0x43, 0x88, 0x42, 0x88, 0x40, 0x88, 0xD1, 0x39, 0x90, 0xD3, 0x42, 0x98, 0x41, 0x88, 0x42, 0x88
	.byte 0x45, 0x88, 0x4A, 0x88, 0xD1, 0x38, 0x90, 0xD3, 0x40, 0x98, 0x3B, 0x88, 0xD3, 0x88, 0x3D, 0x88
	.byte 0x3E, 0x88, 0xD7, 0x3D, 0x88, 0xD3, 0x39, 0x88, 0x34, 0x88, 0xD7, 0x3E, 0x88, 0xD3, 0x3B, 0x88
	.byte 0x36, 0x88, 0xD7, 0x40, 0x88, 0xD3, 0x3B, 0x88, 0x37, 0x88, 0xD1, 0x4A, 0x90, 0xD3, 0x4E, 0x98
	.byte 0x4D, 0x88, 0xD7, 0x4E, 0x90, 0xD1, 0x4A, 0x88, 0x49, 0x90, 0xD3, 0x4C, 0x98, 0x4B, 0x88, 0xD7
	.byte 0x4C, 0x90, 0xD1, 0x49, 0x88, 0x47, 0x90, 0xD3, 0x4C, 0x98, 0x4B, 0x88, 0x48, 0x88, 0x4A, 0x88
	.byte 0x4C, 0x88, 0xDF, 0x51, 0x90, 0xD1, 0x4B, 0x88, 0xDF, 0x4F, 0x90, 0xD1, 0x4B, 0x88, 0xE7, 0x4E
	.byte 0x98, 0xD1, 0x41, 0x90, 0xD3, 0x4F, 0x98, 0x51, 0x88, 0x4F, 0x88, 0x4E, 0x88, 0x4C, 0x88, 0xD1
	.byte 0x3D, 0x90, 0xD3, 0x4E, 0x98, 0x4F, 0x88, 0x4E, 0x88, 0x4C, 0x88, 0x4A, 0x88, 0xDF, 0x4C, 0x90
	.byte 0xD3, 0x47, 0x88, 0xDF, 0x90, 0xD3, 0x44, 0x88, 0xDF, 0x4A, 0x90, 0xD3, 0x44, 0x88, 0xD7, 0x49
	.byte 0x88, 0xD3, 0x45, 0x88, 0x40, 0x88, 0xD7, 0x4A, 0x86, 0xD3, 0x47, 0x8A, 0x42, 0x88, 0xD7, 0x4C
	.byte 0x88, 0xD3, 0x47, 0x88, 0x44, 0x88, 0xD7, 0x49, 0x88, 0xD3, 0x46, 0x88, 0x42, 0x88, 0xD7, 0x4C
	.byte 0x88, 0xD3, 0x49, 0x88, 0x46, 0x88, 0xD7, 0x4E, 0x88, 0xD3, 0x49, 0x88, 0x46, 0x88, 0xB2, 0x01
	.byte 0x22, 0x8B, 0x08, 0xB1

	.globl SongTrack_MUS_SOOTOPOLIS_06
SongTrack_MUS_SOOTOPOLIS_06: @ 0x088B2463
	@ M4A track start proven by song header pointer
	.byte 0xBC, 0x00, 0xBD, 0x00, 0xBF, 0x40, 0xBE, 0x3B, 0x8C, 0xA8, 0x98, 0xD3, 0x36, 0x70, 0x84, 0x36
	.byte 0x3C, 0x84, 0xD3, 0x88, 0x36, 0x40, 0x88, 0x36, 0x70, 0x98, 0xB4, 0xA8, 0xA8, 0xA8, 0xB3, 0x6D
	.byte 0x24, 0x8B, 0x08, 0xA8, 0xA8, 0xA8, 0xA8, 0xA8, 0xA8, 0xA8, 0xA8, 0xA8, 0xA8, 0xA8, 0xA8, 0xA8
	.byte 0xA8, 0xA8, 0xA8, 0xA8, 0xA8, 0xA8, 0xA8, 0xA8, 0xA8, 0xA8, 0xA8, 0xA8, 0xA8, 0xA8, 0xA8, 0xA8
	.byte 0xA8, 0xA8, 0xA8, 0xA8, 0xA8, 0xA8, 0xB2, 0x6C, 0x24, 0x8B, 0x08, 0xB1

	.globl SongTrack_MUS_SOOTOPOLIS_07
SongTrack_MUS_SOOTOPOLIS_07: @ 0x088B24AF
	@ M4A track start proven by song header pointer
	.byte 0xBC, 0x00, 0xBD, 0x52, 0xC2, 0x2C, 0xCD, 0x08, 0x12, 0x08, 0x10, 0xC1, 0x0C, 0xBF, 0x40, 0xBE
	.byte 0x3A, 0xD3, 0x2C, 0x70, 0x86, 0x2F, 0x82, 0x31, 0x84, 0xDF, 0x2F, 0x70, 0x90, 0xD3, 0x3B, 0x98
	.byte 0xD7, 0x2F, 0x88, 0x3B, 0x98, 0xD3, 0x2F, 0x90, 0xD3, 0x88, 0xDF, 0x3B, 0x90, 0xD3, 0x2F, 0x88
	.byte 0x2A, 0x88, 0x2C, 0x88, 0x2E, 0x88, 0xDF, 0x2F, 0x70, 0x90, 0xD3, 0x3D, 0x98, 0xD7, 0x2F, 0x88
	.byte 0x3D, 0x98, 0xB4, 0xD3, 0x2F, 0x90, 0xD3, 0x88, 0xE7, 0x3B, 0x98, 0xD3, 0x2F, 0x88, 0x2D, 0x88
	.byte 0x2A, 0x88, 0xDF, 0x2F, 0x90, 0xD3, 0x3B, 0x98, 0x2F, 0x88, 0xD7, 0x3B, 0x98, 0xD3, 0x2F, 0x90
	.byte 0xD3, 0x88, 0xDF, 0x3B, 0x98, 0xD3, 0x2A, 0x88, 0x2C, 0x88, 0x2E, 0x88, 0xB3, 0xE5, 0x24, 0x8B
	.byte 0x08, 0xDF, 0x2F, 0x70, 0x90, 0xD1, 0x2A, 0x88, 0xE7, 0x3E, 0x98, 0xD3, 0x2A, 0x88, 0x2C, 0x88
	.byte 0x2E, 0x88, 0xDF, 0x2F, 0x90, 0xD1, 0x3B, 0x98, 0xD3, 0x2F, 0x88, 0xD7, 0x3B, 0x90, 0xD1, 0x32
	.byte 0x88, 0xDF, 0x2E, 0x90, 0xD1, 0x3A, 0x98, 0xD3, 0x2E, 0x88, 0xD7, 0x3A, 0x90, 0xD1, 0x32, 0x88
	.byte 0xDF, 0x2D, 0x90, 0xD1, 0x39, 0x98, 0xD3, 0x2D, 0x88, 0x39, 0x88, 0xD1, 0x34, 0x88, 0xD3, 0x2D
	.byte 0x88, 0xDF, 0x2C, 0x98, 0x2F, 0x98, 0x2D, 0x90, 0xD7, 0x2C, 0x88, 0xDF, 0x2B, 0x90, 0xD3, 0x2A
	.byte 0x88, 0x2B, 0x90, 0x34, 0x88, 0x31, 0x88, 0x2E, 0x88, 0x2B, 0x88, 0xDF, 0x2A, 0x90, 0xD1, 0x32
	.byte 0x88, 0xD3, 0x2A, 0x90, 0xD3, 0x98, 0xD1, 0x88, 0xDF, 0x29, 0x90, 0xD1, 0x32, 0x98, 0xD3, 0x29
	.byte 0x9B, 0xDF, 0x2A, 0x90, 0xD1, 0x36, 0x88, 0xD3, 0x2E, 0x88, 0x2A, 0x88, 0x2E, 0x88, 0x36, 0x90
	.byte 0x3A, 0x88, 0xDF, 0x2F, 0x90, 0xD1, 0x3B, 0x98, 0xD3, 0x2F, 0x88, 0xDF, 0x90, 0xD1, 0x32, 0x88
	.byte 0xDF, 0x2E, 0x90, 0xD1, 0x3A, 0x88, 0xD3, 0x2E, 0x90, 0xD1, 0x3A, 0x88, 0xD7, 0x2E, 0x88, 0xD3
	.byte 0x2F, 0x88, 0x2E, 0x88, 0xDF, 0x2D, 0x9D, 0xD3, 0x9B, 0xDF, 0x2C, 0x98, 0x2F, 0x90, 0xD1, 0x2C
	.byte 0x88, 0xDF, 0x2D, 0x90, 0xD3, 0x2C, 0x88, 0xDF, 0x2B, 0x9D, 0xD3, 0x88, 0xD1, 0x2F, 0x90, 0xD7
	.byte 0x2B, 0x88, 0xDF, 0x2A, 0x90, 0xD1, 0x2F, 0x88, 0xDF, 0x2A, 0x90, 0xD1, 0x2F, 0x88, 0xDF, 0x32
	.byte 0x90, 0xD3, 0x31, 0x88, 0xDF, 0x29, 0x90, 0xD1, 0x35, 0x88, 0xD3, 0x29, 0x88, 0x35, 0x88, 0x32
	.byte 0x88, 0x31, 0x88, 0x2F, 0x88, 0xD7, 0x2B, 0x88, 0xDF, 0x2A, 0x98, 0x28, 0x90, 0xD3, 0x2A, 0x88
	.byte 0xDB, 0x25, 0x90, 0xD7, 0x31, 0x88, 0xDF, 0x32, 0x90, 0xD1, 0x2D, 0x88, 0xD3, 0x32, 0x90, 0xD1
	.byte 0x36, 0x88, 0xD3, 0x2D, 0x90, 0xD7, 0x32, 0x88, 0xDF, 0x31, 0x9D, 0xD3, 0x88, 0xDF, 0x2D, 0x90
	.byte 0xD7, 0x31, 0x88, 0xDF, 0x30, 0x90, 0xD1, 0x2D, 0x88, 0xD3, 0x30, 0x90, 0xD1, 0x36, 0x88, 0xD3
	.byte 0x30, 0x90, 0xD7, 0x2D, 0x88, 0xDF, 0x2F, 0x98, 0x31, 0x90, 0xD3, 0x2F, 0x88, 0xDF, 0x33, 0x90
	.byte 0xD7, 0x2F, 0x88, 0xDF, 0x2E, 0x90, 0xD3, 0x2B, 0x98, 0x2E, 0x88, 0xD1, 0x37, 0x90, 0xD7, 0x2E
	.byte 0x88, 0xDF, 0x2D, 0x90, 0xD1, 0x32, 0x98, 0xD3, 0x2D, 0x88, 0x32, 0x88, 0x31, 0x88, 0xD7, 0x2D
	.byte 0x88, 0xDF, 0x2C, 0x9D, 0xD3, 0x98, 0xD7, 0x88, 0xDF, 0x2D, 0x90, 0xD1, 0x2F, 0x88, 0xDF, 0x2B
	.byte 0x90, 0xD1, 0x2D, 0x88, 0xDF, 0x28, 0x90, 0xD7, 0x31, 0x88, 0xDF, 0x32, 0x90, 0xD1, 0x39, 0x98
	.byte 0xD3, 0x32, 0x88, 0xD5, 0x88, 0xD1, 0x36, 0x88, 0xD7, 0x32, 0x88, 0xDF, 0x31, 0x90, 0xD3, 0x2D
	.byte 0x88, 0x32, 0x90, 0x2F, 0x88, 0x34, 0x88, 0x32, 0x88, 0xD7, 0x31, 0x88, 0xDF, 0x30, 0x9D, 0xD3
	.byte 0x9B, 0xDF, 0x2F, 0x90, 0xD3, 0x2A, 0x88, 0xDF, 0x31, 0x90, 0xD3, 0x2F, 0x88, 0xDF, 0x33, 0x90
	.byte 0xD7, 0x2F, 0x88, 0xDF, 0x2E, 0x90, 0xD1, 0x37, 0x88, 0xD3, 0x2E, 0x90, 0xD3, 0x88, 0xD3, 0x88
	.byte 0xD7, 0x2F, 0x88, 0xD3, 0x2E, 0x88, 0xDF, 0x2D, 0x98, 0xD3, 0x90, 0xD3, 0x88, 0xDF, 0x32, 0x90
	.byte 0xD7, 0x31, 0x88, 0xDF, 0x2C, 0x90, 0xD3, 0x2F, 0x88, 0x32, 0x90, 0x2F, 0x88, 0xDF, 0x2C, 0x90
	.byte 0xD1, 0x2F, 0x88, 0xDF, 0x2D, 0x98, 0xD3, 0x90, 0xD1, 0x39, 0x88, 0xD3, 0x2D, 0x88, 0x2C, 0x88
	.byte 0x2B, 0x88, 0xDF, 0x2A, 0x90, 0xD1, 0x36, 0x88, 0xD3, 0x2A, 0x90, 0xD1, 0x36, 0x88, 0xD5, 0x2A
	.byte 0x88, 0xD3, 0x28, 0x88, 0x25, 0x88, 0xB2, 0xC8, 0x24, 0x8B, 0x08, 0xB1

	.globl SongTrack_MUS_SOOTOPOLIS_08
SongTrack_MUS_SOOTOPOLIS_08: @ 0x088B271B
	@ M4A track start proven by song header pointer
	.byte 0xBC, 0x00, 0xBD, 0x49, 0xC2, 0x2C, 0xC1, 0x0C, 0xBE, 0x2D, 0xBF, 0x2D, 0xD3, 0x47, 0x70, 0x84
	.byte 0x48, 0x84, 0x49, 0x84, 0xBD, 0x49, 0xEF, 0x4A, 0x70, 0xA0, 0xD9, 0x47, 0x90, 0xD3, 0x42, 0x88
	.byte 0xF3, 0x4C, 0x98, 0xC4, 0x07, 0x8C, 0xBE, 0x2C, 0x84, 0x28, 0x84, 0x1E, 0x84, 0x19, 0x84, 0x10
	.byte 0x84, 0x09, 0x84, 0xC4, 0x00, 0xBE, 0x2D, 0xD3, 0x46, 0x84, 0x47, 0x84, 0x48, 0x84, 0xEF, 0x49
	.byte 0x98, 0xC4, 0x07, 0xBE, 0x2C, 0x84, 0x28, 0x84, 0x1E, 0x84, 0x19, 0x84, 0x10, 0x84, 0x09, 0x84
	.byte 0xC4, 0x00, 0xBE, 0x2D, 0xD3, 0x4A, 0x90, 0x49, 0x88, 0xDF, 0x4C, 0x98, 0xD3, 0x47, 0x88, 0x4A
	.byte 0x88, 0xD7, 0x47, 0x88, 0xDF, 0x4A, 0x90, 0xD3, 0x42, 0x88, 0xEC, 0x4A, 0x98, 0xC4, 0x07, 0x90
	.byte 0x00, 0xD7, 0x49, 0x88, 0xC4, 0x00, 0xD7, 0x47, 0x90, 0xD3, 0x42, 0x88, 0xEC, 0x4C, 0x98, 0xC4
	.byte 0x07, 0x8C, 0xBE, 0x2C, 0x84, 0x28, 0xD7, 0x4A, 0x84, 0xBE, 0x1E, 0x84, 0x19, 0xDB, 0x49, 0x84
	.byte 0xBE, 0x10, 0x84, 0x09, 0x84, 0xC4, 0x00, 0xBE, 0x2D, 0xD3, 0x45, 0x84, 0x46, 0x84, 0x47, 0x84
	.byte 0xEC, 0x49, 0x98, 0xC4, 0x07, 0xBE, 0x2C, 0x84, 0x28, 0x84, 0x1E, 0x84, 0x19, 0x84, 0x2D, 0xC4
	.byte 0x00, 0xD7, 0x47, 0x88, 0xC4, 0x00, 0xD3, 0x4A, 0x90, 0x49, 0x88, 0x98, 0xE7, 0x4A, 0x98, 0xBD
	.byte 0x0D, 0xBE, 0x27, 0xD7, 0x41, 0x58, 0x88, 0xD3, 0x47, 0x60, 0x88, 0x4A, 0x68, 0x88, 0x82, 0xD1
	.byte 0x4E, 0x30, 0x82, 0xD3, 0x47, 0x84, 0x4E, 0x34, 0x84, 0x47, 0x38, 0x84, 0x4E, 0x84, 0x47, 0x3C
	.byte 0x84, 0x4E, 0x40, 0x84, 0x47, 0x44, 0x84, 0x4E, 0x48, 0x84, 0x47, 0x50, 0x84, 0x4E, 0x54, 0x84
	.byte 0x47, 0x5C, 0x84, 0x4E, 0x60, 0x84, 0x47, 0x84, 0x4E, 0x68, 0x84, 0x47, 0x84, 0x4E, 0x6C, 0x84
	.byte 0x47, 0x70, 0x84, 0x4E, 0x84, 0x46, 0x6C, 0x84, 0x4E, 0x68, 0x84, 0x46, 0x84, 0x4E, 0x60, 0x84
	.byte 0x46, 0x84, 0x4E, 0x5C, 0x84, 0x46, 0x58, 0x84, 0x4E, 0x54, 0x84, 0x46, 0x50, 0x84, 0x4E, 0x4C
	.byte 0x84, 0x46, 0x44, 0x84, 0x4E, 0x40, 0x84, 0x46, 0x3C, 0x84, 0x4E, 0x38, 0x84, 0x46, 0x30, 0x84
	.byte 0x4E, 0x2C, 0x84, 0x46, 0x24, 0x84, 0x4E, 0x30, 0x84, 0x45, 0x84, 0x4E, 0x34, 0x84, 0x45, 0x38
	.byte 0x84, 0x4E, 0x84, 0x45, 0x3C, 0x84, 0x4E, 0x40, 0x84, 0x45, 0x44, 0x84, 0x4E, 0x48, 0x84, 0x45
	.byte 0x50, 0x84, 0x4E, 0x54, 0x84, 0x45, 0x5C, 0x84, 0x4E, 0x60, 0x84, 0x45, 0x84, 0x4E, 0x68, 0x84
	.byte 0x45, 0x84, 0x4E, 0x6C, 0x84, 0x45, 0x70, 0x84, 0x4C, 0x84, 0x44, 0x6C, 0x84, 0x4C, 0x68, 0x84
	.byte 0x44, 0x84, 0x4C, 0x60, 0x84, 0x44, 0x84, 0x4C, 0x5C, 0x84, 0x44, 0x58, 0x84, 0x4C, 0x54, 0x84
	.byte 0x44, 0x50, 0x84, 0x4C, 0x4C, 0x84, 0x44, 0x44, 0x84, 0x4C, 0x40, 0x84, 0x44, 0x3C, 0x84, 0x4C
	.byte 0x38, 0x84, 0x44, 0x30, 0x84, 0x4C, 0x2C, 0x84, 0x44, 0x24, 0x84, 0x4C, 0x30, 0x84, 0x43, 0x84
	.byte 0x4C, 0x34, 0x84, 0x43, 0x38, 0x84, 0x4C, 0x84, 0x43, 0x3C, 0x84, 0x4C, 0x40, 0x84, 0x43, 0x44
	.byte 0x84, 0x4C, 0x48, 0x84, 0x43, 0x50, 0x84, 0x4C, 0x54, 0x84, 0x43, 0x5C, 0x84, 0x4C, 0x60, 0x84
	.byte 0x43, 0x84, 0x4C, 0x68, 0x84, 0x43, 0x84, 0x4C, 0x6C, 0x84, 0x43, 0x70, 0x84, 0x4A, 0x84, 0x45
	.byte 0x6C, 0x84, 0x4A, 0x68, 0x84, 0x45, 0x84, 0x4A, 0x60, 0x84, 0x45, 0x84, 0x4A, 0x5C, 0x84, 0x45
	.byte 0x58, 0x84, 0x4A, 0x54, 0x84, 0x45, 0x50, 0x84, 0x4A, 0x4C, 0x84, 0x45, 0x44, 0x84, 0x4A, 0x40
	.byte 0x84, 0x45, 0x3C, 0x84, 0x4A, 0x38, 0x84, 0x45, 0x30, 0x84, 0x4A, 0x2C, 0x84, 0x45, 0x24, 0x84
	.byte 0x4A, 0x30, 0x84, 0x44, 0x84, 0x4A, 0x34, 0x84, 0x44, 0x38, 0x84, 0x4A, 0x84, 0x44, 0x3C, 0x84
	.byte 0x4A, 0x40, 0x84, 0x44, 0x44, 0x84, 0x4A, 0x48, 0x84, 0x44, 0x50, 0x84, 0x4A, 0x54, 0x84, 0x44
	.byte 0x5C, 0x84, 0x4A, 0x60, 0x84, 0x44, 0x84, 0x4A, 0x68, 0x84, 0x44, 0x84, 0x4A, 0x6C, 0x84, 0x44
	.byte 0x70, 0x84, 0x4E, 0x84, 0x46, 0x6C, 0x84, 0x4E, 0x68, 0x84, 0x46, 0x84, 0x4E, 0x60, 0x84, 0x46
	.byte 0x84, 0x4E, 0x5C, 0x84, 0x46, 0x58, 0x84, 0x4E, 0x54, 0x84, 0x46, 0x50, 0x84, 0x4E, 0x4C, 0x84
	.byte 0x46, 0x44, 0x84, 0xBD, 0x01, 0xD3, 0x4E, 0x40, 0x84, 0x46, 0x3C, 0x84, 0x4E, 0x38, 0x84, 0x46
	.byte 0x30, 0x84, 0x4E, 0x2C, 0x84, 0x46, 0x24, 0x84, 0xBE, 0x2C, 0xDF, 0x47, 0x70, 0x90, 0xD3, 0x42
	.byte 0x88, 0x3B, 0x88, 0x3A, 0x88, 0x3B, 0x88, 0xD1, 0x53, 0x8A, 0xD3, 0x3E, 0x86, 0x4E, 0x88, 0xDF
	.byte 0x4A, 0x90, 0xD3, 0x46, 0x88, 0xD5, 0x3E, 0x88, 0xD3, 0x3D, 0x88, 0x3B, 0x88, 0xDF, 0x46, 0x90
	.byte 0xD3, 0x42, 0x88, 0xDD, 0x45, 0x90, 0xD3, 0x42, 0x9B, 0x47, 0x90, 0x44, 0x88, 0xDF, 0x90, 0xD1
	.byte 0x40, 0x88, 0xD3, 0x3E, 0x88, 0x3D, 0x88, 0x3B, 0x88, 0x3D, 0x88, 0x3E, 0x88, 0x40, 0x88, 0xDF
	.byte 0x4A, 0x90, 0xD3, 0x47, 0x88, 0x3B, 0x90, 0x3A, 0x88, 0x3E, 0x90, 0x3B, 0x88, 0x47, 0x90, 0x42
	.byte 0x88, 0xDF, 0x47, 0x90, 0xD3, 0x4A, 0x88, 0xDF, 0x4D, 0x90, 0xD3, 0x50, 0x88, 0xDF, 0x90, 0xD3
	.byte 0x49, 0x88, 0xDF, 0x4D, 0x90, 0xD3, 0x47, 0x88, 0xDF, 0x49, 0x90, 0xD3, 0x44, 0x88, 0xD1, 0x4D
	.byte 0x82, 0xE5, 0x4E, 0x96, 0xE7, 0x50, 0x98, 0xDB, 0x52, 0x8C, 0xBD, 0x11, 0x8C, 0xD3, 0x51, 0x8A
	.byte 0x45, 0x86, 0x47, 0x88, 0x49, 0x88, 0x4A, 0x88, 0x4C, 0x88, 0x4E, 0x88, 0x51, 0x88, 0x53, 0x88
	.byte 0xDF, 0x55, 0x90, 0xD3, 0x53, 0x88, 0xDF, 0x51, 0x90, 0xD3, 0x4F, 0x88, 0xDF, 0x4E, 0x90, 0xD3
	.byte 0x4C, 0x88, 0xDF, 0x51, 0x90, 0xD3, 0x53, 0x88, 0xDF, 0x51, 0x90, 0xD3, 0x4E, 0x88, 0xDF, 0x4F
	.byte 0x90, 0xD3, 0x4C, 0x88, 0x4F, 0x88, 0x4E, 0x88, 0x4C, 0x88, 0x4E, 0x88, 0x4C, 0x88, 0x4B, 0x88
	.byte 0x4C, 0x88, 0x4B, 0x88, 0x4A, 0x88, 0xDF, 0x49, 0x90, 0xD3, 0x4A, 0x88, 0xDF, 0x4C, 0x90, 0xD3
	.byte 0x4A, 0x88, 0xDF, 0x49, 0x90, 0xD7, 0x45, 0x88, 0xD3, 0x4A, 0x88, 0x4F, 0x88, 0x4E, 0x88, 0x4C
	.byte 0x88, 0x4E, 0x88, 0x4C, 0x88, 0x4A, 0x88, 0x4C, 0x88, 0x4A, 0x88, 0xEC, 0x47, 0x9D, 0xD7, 0x4A
	.byte 0x88, 0xD3, 0x43, 0x90, 0x45, 0x88, 0xD3, 0x88, 0x44, 0x88, 0x45, 0x88, 0x47, 0x88, 0x46, 0x88
	.byte 0x47, 0x88, 0x49, 0x88, 0x48, 0x88, 0x49, 0x86, 0xF2, 0x4A, 0x82, 0xA3, 0xD3, 0x4C, 0x88, 0x4A
	.byte 0x88, 0xE3, 0x49, 0x94, 0xD3, 0x4A, 0x84, 0xE7, 0x48, 0x98, 0x47, 0x98, 0xEC, 0x45, 0x9D, 0xD3
	.byte 0x42, 0x88, 0x45, 0x88, 0x47, 0x88, 0x48, 0x88, 0x4E, 0x88, 0x4F, 0x88, 0x4E, 0x88, 0x4C, 0x88
	.byte 0x4E, 0x88, 0x4C, 0x88, 0x4B, 0x88, 0x4C, 0x88, 0x4B, 0x88, 0x45, 0x84, 0x47, 0x84, 0x49, 0x84
	.byte 0x4A, 0x84, 0x4C, 0x84, 0x4E, 0x84, 0xDF, 0x4F, 0x90, 0xD3, 0x4E, 0x88, 0x4F, 0x90, 0x4C, 0x88
	.byte 0x4A, 0x88, 0xEC, 0x56, 0x9D, 0xD3, 0x51, 0x90, 0x56, 0x88, 0xEC, 0x53, 0x9D, 0xD3, 0x51, 0x88
	.byte 0x50, 0x90, 0x53, 0x88, 0xDF, 0x45, 0x98, 0x47, 0x98, 0x49, 0x98, 0xDF, 0x98, 0x4C, 0x98, 0xD3
	.byte 0x49, 0x84, 0x4C, 0x84, 0x4E, 0x84, 0x52, 0x84, 0x55, 0x84, 0x5A, 0x84, 0xB2, 0x2F, 0x27, 0x8B
	.byte 0x08, 0xB1, 0x00, 0x00, 0x00

	.globl SongHeader_MUS_SOOTOPOLIS
SongHeader_MUS_SOOTOPOLIS: @ 0x088B2B10
	@ M4A song header: song 445 (MUS_SOOTOPOLIS)
	m4a_song_header 8, 0, 0, 0xB2, 0x08618B9C
	.4byte SongTrack_MUS_SOOTOPOLIS_01
	.4byte SongTrack_MUS_SOOTOPOLIS_02
	.4byte SongTrack_MUS_SOOTOPOLIS_03
	.4byte SongTrack_MUS_SOOTOPOLIS_04
	.4byte SongTrack_MUS_SOOTOPOLIS_05
	.4byte SongTrack_MUS_SOOTOPOLIS_06
	.4byte SongTrack_MUS_SOOTOPOLIS_07
	.4byte SongTrack_MUS_SOOTOPOLIS_08

	.globl SongTrack_MUS_CONTEST_RESULTS_01
SongTrack_MUS_CONTEST_RESULTS_01: @ 0x088B2B38
	@ M4A track start proven by song header pointer
	.byte 0xBC, 0x00, 0xBB, 0x40, 0xBD, 0x7F, 0xC2, 0x2C, 0xBF, 0x44, 0xC2, 0x2C, 0xC1, 0x0C, 0xBE, 0x2E
	.byte 0x98, 0xD1, 0x5B, 0x70, 0x88, 0x5B, 0x40, 0x88, 0xD1, 0x88, 0x5B, 0x70, 0x88, 0x5B, 0x40, 0x88
	.byte 0xD1, 0x88, 0x5B, 0x70, 0x88, 0x5B, 0x40, 0x88, 0xD1, 0x88, 0x5B, 0x70, 0x88, 0x5B, 0x40, 0x88
	.byte 0xD1, 0x88, 0xB4, 0xD1, 0x5B, 0x70, 0x88, 0x5B, 0x40, 0x88, 0xD1, 0x88, 0x5B, 0x70, 0x88, 0x5B
	.byte 0x40, 0x88, 0xD1, 0x88, 0x5B, 0x70, 0x88, 0x5B, 0x40, 0x84, 0x5B, 0x3C, 0x84, 0x5B, 0x40, 0x88
	.byte 0x5B, 0x70, 0x88, 0x5B, 0x40, 0x88, 0xD1, 0x88, 0xB4, 0xB3, 0x49, 0x2B, 0x8B, 0x08, 0xB3, 0x6B
	.byte 0x2B, 0x8B, 0x08, 0xB3, 0x49, 0x2B, 0x8B, 0x08, 0xB3, 0x6B, 0x2B, 0x8B, 0x08, 0xB3, 0x49, 0x2B
	.byte 0x8B, 0x08, 0xB3, 0x6B, 0x2B, 0x8B, 0x08, 0xB2, 0x49, 0x2B, 0x8B, 0x08, 0xB1

	.globl SongTrack_MUS_CONTEST_RESULTS_02
SongTrack_MUS_CONTEST_RESULTS_02: @ 0x088B2BB5
	@ M4A track start proven by song header pointer
	.byte 0xBC, 0x00, 0xBD, 0x18, 0xC2, 0x2C, 0xC1, 0x0C, 0xBF, 0x40, 0xBE, 0x39, 0x98, 0xE3, 0x47, 0x70
	.byte 0x98, 0xD3, 0x46, 0x90, 0x47, 0x88, 0xD7, 0x49, 0x90, 0xD3, 0x4C, 0x88, 0xD7, 0x47, 0x98, 0x42
	.byte 0x98, 0xD7, 0x98, 0x44, 0x90, 0xD3, 0x4B, 0x88, 0xD7, 0x42, 0x88, 0xD3, 0x44, 0x88, 0x42, 0x88
	.byte 0xD7, 0x40, 0x98, 0xD7, 0x98, 0x42, 0x98, 0x40, 0x98, 0xE7, 0x42, 0x98, 0xD7, 0x41, 0x90, 0x42
	.byte 0x88, 0x44, 0x98, 0xD7, 0x98, 0xDB, 0x47, 0x90, 0xD3, 0x88, 0xD3, 0x88, 0x46, 0x88, 0x47, 0x88
	.byte 0xD7, 0x49, 0x98, 0x47, 0x90, 0xD3, 0x46, 0x88, 0xD7, 0x42, 0x98, 0xD7, 0x98, 0x47, 0x98, 0x49
	.byte 0x98, 0x40, 0xE7, 0x4C, 0x98, 0xD7, 0x40, 0xD7, 0x4B, 0x90, 0x47, 0x88, 0x42, 0xD7, 0x48, 0x98
	.byte 0x40, 0xD7, 0x49, 0x98, 0xE7, 0x42, 0x98, 0xD7, 0x41, 0x90, 0x42, 0x88, 0x47, 0x98, 0xD7, 0x98
	.byte 0xB2, 0xC2, 0x2B, 0x8B, 0x08, 0xB1

	.globl SongTrack_MUS_CONTEST_RESULTS_03
SongTrack_MUS_CONTEST_RESULTS_03: @ 0x088B2C3B
	@ M4A track start proven by song header pointer
	.byte 0xBC, 0x00, 0xBD, 0x26, 0xC1, 0x0C, 0xC2, 0x2C, 0xC1, 0x0C, 0xC2, 0x2C, 0xBF, 0x40, 0xBE, 0x50
	.byte 0xC0, 0x10, 0xE7, 0x23, 0x70, 0x84, 0xC0, 0x20, 0x84, 0x2E, 0x84, 0x40, 0x8C, 0xC0, 0x40, 0xEA
	.byte 0x28, 0x70, 0x9B, 0xD7, 0x27, 0x88, 0xD3, 0x28, 0x88, 0xEB, 0x9D, 0xD3, 0x88, 0xEA, 0x27, 0x70
	.byte 0x9B, 0xD7, 0x26, 0x88, 0xD3, 0x25, 0x88, 0xDF, 0x23, 0x90, 0xD3, 0x90, 0xD7, 0x22, 0x88, 0xD3
	.byte 0x23, 0x88, 0xB4, 0xEA, 0x25, 0x70, 0x9B, 0xD3, 0x24, 0x88, 0x25, 0x88, 0xDF, 0x2A, 0x98, 0xD7
	.byte 0x88, 0xD3, 0x28, 0x88, 0x27, 0x88, 0xB4, 0xE7, 0x23, 0x70, 0x98, 0xD7, 0x22, 0x90, 0xD3, 0x23
	.byte 0x88, 0xD7, 0x90, 0xD3, 0x88, 0xD7, 0x90, 0xD3, 0x88, 0xB4, 0xDB, 0x28, 0x90, 0xD3, 0x90, 0xD7
	.byte 0x27, 0x88, 0xD3, 0x28, 0x88, 0xEB, 0x9D, 0xD3, 0x88, 0xB3, 0x68, 0x2C, 0x8B, 0x08, 0xB3, 0x7E
	.byte 0x2C, 0x8B, 0x08, 0xB3, 0x92, 0x2C, 0x8B, 0x08, 0xB2, 0x58, 0x2C, 0x8B, 0x08, 0xB1

	.globl SongTrack_MUS_CONTEST_RESULTS_04
SongTrack_MUS_CONTEST_RESULTS_04: @ 0x088B2CC9
	@ M4A track start proven by song header pointer
	.byte 0xBC, 0x00, 0xBD, 0x18, 0xC2, 0x2C, 0xC1, 0x0C, 0xBF, 0x42, 0xBE, 0x32, 0xE7, 0x42, 0x70, 0x98
	.byte 0x90, 0xD7, 0x50, 0x70, 0x88, 0xD3, 0x52, 0x84, 0xD7, 0x52, 0x20, 0x8C, 0xD3, 0x53, 0x70, 0x88
	.byte 0xDF, 0x52, 0x90, 0xD7, 0x52, 0x20, 0x88, 0xE7, 0x50, 0x70, 0x98, 0xEF, 0x4E, 0x98, 0xBE, 0x30
	.byte 0xC4, 0x06, 0x81, 0xBE, 0x2D, 0x83, 0x2B, 0x81, 0x25, 0x83, 0x24, 0x81, 0x23, 0x83, 0x1C, 0x81
	.byte 0x19, 0x83, 0x14, 0x81, 0x12, 0x83, 0x10, 0x81, 0x0F, 0x83, 0x31, 0xC4, 0x00, 0xD7, 0x53, 0x88
	.byte 0x53, 0x20, 0x9D, 0x90, 0x4C, 0x70, 0x88, 0xD3, 0x4E, 0x84, 0xD7, 0x4E, 0x20, 0x8C, 0xD3, 0x50
	.byte 0x70, 0x88, 0xD7, 0x4E, 0x90, 0xEA, 0x4C, 0x9B, 0xEF, 0x4B, 0x98, 0xC4, 0x07, 0xBE, 0x30, 0x81
	.byte 0x2D, 0x83, 0x2B, 0x81, 0x25, 0x83, 0x24, 0x81, 0x23, 0x83, 0x1C, 0x81, 0x19, 0x83, 0x14, 0x81
	.byte 0x12, 0x83, 0x10, 0x81, 0x0F, 0x83, 0xC4, 0x00, 0xBE, 0x31, 0xD7, 0x4E, 0x88, 0x4E, 0x20, 0x9D
	.byte 0x90, 0xD3, 0x50, 0x70, 0x88, 0xD7, 0x52, 0x90, 0xD3, 0x53, 0x88, 0x55, 0x90, 0xD7, 0x53, 0x88
	.byte 0x52, 0x88, 0x52, 0x20, 0x88, 0xD3, 0x53, 0x70, 0x88, 0x90, 0x52, 0x88, 0xD7, 0x53, 0x88, 0x53
	.byte 0x20, 0x88, 0xD3, 0x55, 0x70, 0x88, 0xD7, 0x57, 0x64, 0x88, 0x57, 0x20, 0x88, 0xD3, 0x53, 0x60
	.byte 0x84, 0xD7, 0x53, 0x20, 0x99, 0x90, 0x58, 0x64, 0x88, 0xD3, 0x57, 0x84, 0xD7, 0x57, 0x20, 0x8C
	.byte 0xD3, 0x53, 0x70, 0x88, 0x54, 0x84, 0xD7, 0x54, 0x20, 0x94, 0xD3, 0x55, 0x70, 0x84, 0xD7, 0x55
	.byte 0x20, 0x94, 0x53, 0x70, 0x88, 0x53, 0x20, 0xAD, 0xB2, 0xD9, 0x2C, 0x8B, 0x08, 0xB1

	.globl SongTrack_MUS_CONTEST_RESULTS_05
SongTrack_MUS_CONTEST_RESULTS_05: @ 0x088B2DB7
	@ M4A track start proven by song header pointer
	.byte 0xBC, 0x00, 0xBD, 0x50, 0xC2, 0x2C, 0xCD, 0x08, 0x12, 0x08, 0x10, 0xC1, 0x0C, 0xBF, 0x02, 0xBE
	.byte 0x2E, 0x98, 0xE3, 0x40, 0x70, 0x98, 0xD3, 0x90, 0xD3, 0x88, 0xD7, 0x98, 0xD7, 0x98, 0xD7, 0x3A
	.byte 0x70, 0x98, 0xD7, 0x98, 0x39, 0x98, 0xD7, 0x98, 0xB4, 0xD7, 0x38, 0x70, 0x98, 0xD7, 0x98, 0x3A
	.byte 0x98, 0xD7, 0x98, 0xB4, 0xE7, 0x39, 0x70, 0x98, 0xD7, 0x38, 0x90, 0x39, 0x88, 0x3B, 0x98, 0xD7
	.byte 0x98, 0xB4, 0xDB, 0x40, 0x90, 0xD3, 0x88, 0xD3, 0x90, 0xD3, 0x88, 0xD7, 0x98, 0xD7, 0x98, 0xB3
	.byte 0xD5, 0x2D, 0x8B, 0x08, 0xB3, 0xE0, 0x2D, 0x8B, 0x08, 0xB3, 0xEB, 0x2D, 0x8B, 0x08, 0xB2, 0xC9
	.byte 0x2D, 0x8B, 0x08, 0xB1

	.globl SongTrack_MUS_CONTEST_RESULTS_06
SongTrack_MUS_CONTEST_RESULTS_06: @ 0x088B2E1B
	@ M4A track start proven by song header pointer
	.byte 0xBC, 0x00, 0xBD, 0x51, 0xC2, 0x2C, 0xCD, 0x08, 0x12, 0x08, 0x10, 0xC1, 0x0C, 0xBF, 0x7F, 0xBE
	.byte 0x2D, 0x98, 0xE3, 0x44, 0x70, 0x98, 0xD3, 0x90, 0xD3, 0x88, 0xD7, 0x46, 0x98, 0x44, 0x98, 0xD7
	.byte 0x3D, 0x70, 0x98, 0xD7, 0x98, 0x3F, 0x98, 0xD7, 0x98, 0xB4, 0xD7, 0x3B, 0x70, 0x98, 0xD7, 0x98
	.byte 0x3D, 0x98, 0xD7, 0x98, 0xB4, 0xE7, 0x3D, 0x70, 0x98, 0xD7, 0x90, 0xD7, 0x88, 0x3F, 0x98, 0xD7
	.byte 0x98, 0xB4, 0x90, 0xD3, 0x44, 0x88, 0xD3, 0x90, 0xD3, 0x88, 0xD7, 0x46, 0x98, 0x44, 0x98, 0xB3
	.byte 0x3A, 0x2E, 0x8B, 0x08, 0xB3, 0x45, 0x2E, 0x8B, 0x08, 0xB3, 0x50, 0x2E, 0x8B, 0x08, 0xB2, 0x2D
	.byte 0x2E, 0x8B, 0x08, 0xB1

	.globl SongTrack_MUS_CONTEST_RESULTS_07
SongTrack_MUS_CONTEST_RESULTS_07: @ 0x088B2E7F
	@ M4A track start proven by song header pointer
	.byte 0xBC, 0x00, 0xBD, 0x00, 0xBE, 0x46, 0xBF, 0x40, 0xD3, 0x26, 0x70, 0x88, 0xD3, 0x88, 0x24, 0x88
	.byte 0xD3, 0x24, 0x70, 0x98, 0x26, 0x90, 0x24, 0x54, 0x88, 0x24, 0x70, 0x90, 0xD3, 0x88, 0x26, 0x98
	.byte 0xB4, 0xD3, 0x24, 0x70, 0x98, 0x26, 0x90, 0x24, 0x54, 0x88, 0x24, 0x70, 0x88, 0x26, 0x58, 0x88
	.byte 0x24, 0x70, 0x88, 0xD3, 0x90, 0x26, 0x88, 0xB4, 0xB3, 0x8F, 0x2E, 0x8B, 0x08, 0xD3, 0x24, 0x70
	.byte 0x98, 0x26, 0x90, 0x24, 0x54, 0x88, 0x24, 0x70, 0x88, 0x26, 0x88, 0x24, 0x88, 0xD3, 0x90, 0x26
	.byte 0x88, 0xB3, 0x8F, 0x2E, 0x8B, 0x08, 0xB3, 0xA0, 0x2E, 0x8B, 0x08, 0xB3, 0x8F, 0x2E, 0x8B, 0x08
	.byte 0xD3, 0x24, 0x70, 0x98, 0x26, 0x90, 0x24, 0x54, 0x88, 0x24, 0x70, 0x90, 0xD3, 0x88, 0x26, 0x88
	.byte 0x24, 0x58, 0x88, 0xD3, 0x88, 0xB2, 0x8F, 0x2E, 0x8B, 0x08, 0xB1

	.globl SongTrack_MUS_CONTEST_RESULTS_08
SongTrack_MUS_CONTEST_RESULTS_08: @ 0x088B2EFA
	@ M4A track start proven by song header pointer
	.byte 0xBC, 0x00, 0xBD, 0x52, 0xC2, 0x2C, 0xCD, 0x08, 0x12, 0x08, 0x10, 0xC1, 0x0C, 0xBF, 0x40, 0xBE
	.byte 0x22, 0x98, 0x90, 0xD7, 0x50, 0x70, 0x88, 0xD3, 0x52, 0x90, 0x53, 0x88, 0xDF, 0x52, 0x98, 0xE7
	.byte 0x50, 0x98, 0xEF, 0x4E, 0xA0, 0xD7, 0x53, 0xA0, 0x90, 0x4C, 0x88, 0xD3, 0x4E, 0x90, 0x50, 0x88
	.byte 0xD7, 0x4E, 0x90, 0xEA, 0x4C, 0x9B, 0xEF, 0x4B, 0xA0, 0xD7, 0x4E, 0x90, 0xC0, 0x41, 0x9B, 0x90
	.byte 0xD3, 0x50, 0x88, 0xD7, 0x52, 0x90, 0xD3, 0x53, 0x88, 0x55, 0x90, 0xD7, 0x53, 0x88, 0x52, 0x90
	.byte 0xD3, 0x53, 0x88, 0x90, 0x52, 0x88, 0xD7, 0x53, 0x90, 0xD3, 0x55, 0x88, 0xD7, 0x57, 0x90, 0xD3
	.byte 0x53, 0x9B, 0x90, 0xD7, 0x58, 0x88, 0xD3, 0x57, 0x90, 0x53, 0x88, 0x54, 0x98, 0x55, 0x98, 0xD7
	.byte 0x53, 0xB0, 0xB2, 0x0C, 0x2F, 0x8B, 0x08, 0xB1, 0x00, 0x00

	.globl SongHeader_MUS_CONTEST_RESULTS
SongHeader_MUS_CONTEST_RESULTS: @ 0x088B2F74
	@ M4A song header: song 446 (MUS_CONTEST_RESULTS)
	m4a_song_header 8, 0, 0, 0xB2, 0x0861919C
	.4byte SongTrack_MUS_CONTEST_RESULTS_01
	.4byte SongTrack_MUS_CONTEST_RESULTS_02
	.4byte SongTrack_MUS_CONTEST_RESULTS_03
	.4byte SongTrack_MUS_CONTEST_RESULTS_04
	.4byte SongTrack_MUS_CONTEST_RESULTS_05
	.4byte SongTrack_MUS_CONTEST_RESULTS_06
	.4byte SongTrack_MUS_CONTEST_RESULTS_07
	.4byte SongTrack_MUS_CONTEST_RESULTS_08

	.globl SongTrack_MUS_HALL_OF_FAME_ROOM_01
SongTrack_MUS_HALL_OF_FAME_ROOM_01: @ 0x088B2F9C
	@ M4A track start proven by song header pointer
	.byte 0xBC, 0x00, 0xBB, 0x39, 0xBD, 0x2E, 0xC2, 0x2C, 0xC1, 0x0C, 0xBE, 0x2F, 0xBF, 0x20, 0x98, 0xBF
	.byte 0x16, 0xD3, 0x46, 0x70, 0x84, 0x43, 0x84, 0x3F, 0x84, 0x3A, 0x84, 0x37, 0x84, 0x33, 0x84, 0xBF
	.byte 0x20, 0xD3, 0x37, 0x84, 0x3A, 0x84, 0x3F, 0x84, 0x43, 0x84, 0x46, 0x84, 0x4A, 0x84, 0xBF, 0x60
	.byte 0xD3, 0x4B, 0x84, 0x46, 0x84, 0x4B, 0x84, 0x4F, 0x84, 0x52, 0x84, 0x57, 0x84, 0xBF, 0x69, 0xD3
	.byte 0x52, 0x84, 0x4F, 0x84, 0x4B, 0x84, 0x46, 0x84, 0x43, 0x84, 0x3F, 0x84, 0x3E, 0x84, 0x3C, 0x84
	.byte 0x39, 0x84, 0x36, 0x84, 0x32, 0x84, 0x2D, 0x84, 0xBF, 0x60, 0xD3, 0x32, 0x84, 0x36, 0x84, 0x39
	.byte 0x84, 0x3D, 0x84, 0x3E, 0x84, 0x42, 0x84, 0xBF, 0x20, 0xD3, 0x45, 0x84, 0x42, 0x84, 0x45, 0x84
	.byte 0x49, 0x84, 0x4A, 0x84, 0x4E, 0x84, 0xBF, 0x16, 0xD3, 0x51, 0x84, 0x4E, 0x84, 0x4A, 0x84, 0x45
	.byte 0x84, 0x42, 0x84, 0x3E, 0x84, 0xBF, 0x16, 0xD3, 0x3A, 0x84, 0x37, 0x84, 0x33, 0x84, 0x2E, 0x84
	.byte 0x33, 0x84, 0x37, 0x84, 0xBF, 0x20, 0xD3, 0x3A, 0x84, 0x3F, 0x84, 0x43, 0x84, 0x46, 0x84, 0x4A
	.byte 0x84, 0x4B, 0x84, 0xBF, 0x60, 0xD3, 0x4F, 0x84, 0x52, 0x84, 0x4F, 0x84, 0x4B, 0x84, 0x46, 0xD3
	.byte 0x4A, 0x84, 0x43, 0x84, 0xBF, 0x69, 0xD3, 0x3F, 0x84, 0x3E, 0x84, 0x3A, 0x84, 0x37, 0x84, 0x33
	.byte 0x84, 0x2E, 0x84, 0x30, 0x84, 0x35, 0x84, 0x39, 0x84, 0x3C, 0x84, 0x3E, 0x84, 0x41, 0x84, 0xBF
	.byte 0x60, 0xD3, 0x45, 0x84, 0x48, 0x84, 0x45, 0x84, 0x48, 0x84, 0x4C, 0x84, 0x4D, 0x84, 0xBF, 0x20
	.byte 0xD3, 0x4F, 0x84, 0x4D, 0x84, 0x4C, 0x84, 0x4A, 0x84, 0x48, 0x84, 0x45, 0x84, 0xBF, 0x16, 0xD3
	.byte 0x41, 0x84, 0x3E, 0x84, 0x3C, 0x84, 0x39, 0x84, 0x3C, 0x84, 0x3E, 0x84, 0xBF, 0x16, 0xD3, 0x41
	.byte 0x84, 0x3E, 0x84, 0x41, 0x84, 0x43, 0x84, 0x46, 0x84, 0x48, 0x84, 0xBF, 0x20, 0xD3, 0x46, 0x84
	.byte 0x43, 0x84, 0x46, 0x84, 0x48, 0x84, 0x4A, 0x84, 0x4D, 0x84, 0xBF, 0x60, 0xD3, 0x4F, 0x84, 0x51
	.byte 0x84, 0x4F, 0x84, 0x4D, 0x84, 0x4A, 0x84, 0x4D, 0xD3, 0x4F, 0x84, 0xBF, 0x69, 0xD3, 0x51, 0x84
	.byte 0x52, 0x84, 0x54, 0x84, 0x52, 0x84, 0x51, 0x84, 0x4F, 0x84, 0x4D, 0x84, 0x4A, 0x84, 0x48, 0x84
	.byte 0x46, 0x84, 0x48, 0x84, 0x4A, 0x84, 0xBF, 0x60, 0xD3, 0x4D, 0x84, 0x4F, 0x84, 0x52, 0x84, 0x56
	.byte 0x84, 0x59, 0x84, 0x56, 0x84, 0xBF, 0x20, 0xD3, 0x52, 0x84, 0x4F, 0x84, 0x4D, 0x84, 0x4A, 0x84
	.byte 0x46, 0x84, 0x4A, 0x84, 0xBF, 0x16, 0xD3, 0x4D, 0x84, 0x52, 0x84, 0x4D, 0x84, 0x4A, 0x84, 0x46
	.byte 0x84, 0x43, 0x84, 0xBF, 0x16, 0xD3, 0x40, 0x84, 0x3D, 0x84, 0x39, 0x84, 0x3D, 0x84, 0x40, 0x84
	.byte 0x42, 0x84, 0xBF, 0x20, 0xD3, 0x45, 0x84, 0x49, 0x84, 0x4C, 0x84, 0x49, 0x84, 0x45, 0x84, 0x42
	.byte 0x84, 0xBF, 0x60, 0xD3, 0x45, 0x84, 0x49, 0x84, 0x4C, 0x84, 0x4E, 0x84, 0x51, 0x84, 0x55, 0x84
	.byte 0xBF, 0x69, 0xD3, 0x58, 0x84, 0x55, 0x84, 0x51, 0x84, 0x4E, 0x84, 0x4C, 0x84, 0x49, 0x84, 0x42
	.byte 0x84, 0x45, 0x84, 0x49, 0x84, 0x4C, 0x84, 0x4E, 0x84, 0x51, 0x84, 0xBF, 0x60, 0xD3, 0x55, 0x84
	.byte 0x51, 0x84, 0x4E, 0x84, 0x4C, 0x84, 0x49, 0x84, 0x45, 0x84, 0xBF, 0x20, 0xD3, 0x42, 0x84, 0x45
	.byte 0x84, 0x49, 0x84, 0x4C, 0x84, 0x4E, 0x84, 0x51, 0x84, 0xBF, 0x16, 0xD3, 0x4E, 0x84, 0x4C, 0x84
	.byte 0x49, 0x84, 0x45, 0x84, 0x42, 0x84, 0x40, 0x84, 0xBF, 0x16, 0xD3, 0x43, 0x84, 0x3F, 0x84, 0x3A
	.byte 0x84, 0x37, 0x84, 0x3A, 0x84, 0x3F, 0x84, 0xBF, 0x20, 0xD3, 0x43, 0x84, 0x46, 0x84, 0x4A, 0x84
	.byte 0x4B, 0x84, 0x4F, 0x84, 0x52, 0x84, 0xBF, 0x60, 0xD3, 0x4F, 0x84, 0x4B, 0x84, 0x46, 0xD3, 0x4A
	.byte 0x84, 0x43, 0x84, 0x3F, 0x84, 0x3A, 0x84, 0xBF, 0x69, 0xD3, 0x3E, 0x84, 0x3F, 0x84, 0x43, 0x84
	.byte 0x46, 0x84, 0x4A, 0x84, 0x4B, 0x84, 0x4E, 0x84, 0x4A, 0x84, 0x49, 0x84, 0x45, 0x84, 0x42, 0x84
	.byte 0x3E, 0x84, 0xBF, 0x60, 0xD3, 0x39, 0x84, 0x3E, 0x84, 0x42, 0x84, 0x45, 0x84, 0x49, 0x84, 0x4A
	.byte 0x84, 0xBF, 0x20, 0xD3, 0x45, 0x84, 0x4A, 0x84, 0x4E, 0x84, 0x51, 0x84, 0x55, 0x84, 0x51, 0x84
	.byte 0xBF, 0x16, 0xD3, 0x4E, 0x84, 0x4A, 0x84, 0x45, 0x84, 0x42, 0x84, 0x3E, 0x84, 0x42, 0x84, 0xBF
	.byte 0x16, 0xD3, 0x46, 0x84, 0x43, 0x84, 0x3F, 0x84, 0x3A, 0x84, 0x3F, 0x84, 0x43, 0x84, 0xBF, 0x20
	.byte 0xD3, 0x46, 0x84, 0x4A, 0x84, 0x4B, 0x84, 0x4F, 0x84, 0x51, 0x84, 0x52, 0x84, 0xBF, 0x60, 0xD3
	.byte 0x51, 0x84, 0x4F, 0x84, 0x4B, 0x84, 0x4A, 0x84, 0x46, 0x84, 0x43, 0x84, 0xBF, 0x69, 0xD3, 0x3F
	.byte 0x84, 0x43, 0x84, 0x46, 0x84, 0x4A, 0x84, 0x4B, 0x84, 0x4F, 0x84, 0x54, 0x84, 0x51, 0x84, 0x4F
	.byte 0x84, 0x4C, 0x84, 0x4A, 0x84, 0x48, 0x84, 0xBF, 0x60, 0xD3, 0x45, 0x84, 0x43, 0x84, 0x41, 0x84
	.byte 0x3E, 0x84, 0x41, 0x84, 0x43, 0x84, 0xBF, 0x20, 0xD3, 0x45, 0x84, 0x48, 0x84, 0x4A, 0x84, 0x4C
	.byte 0x84, 0x4D, 0x84, 0x4F, 0x84, 0xBF, 0x16, 0xD3, 0x51, 0x84, 0x4F, 0x84, 0x4D, 0x84, 0x4C, 0x84
	.byte 0x4A, 0x84, 0x48, 0x84, 0xBF, 0x16, 0xD3, 0x46, 0x84, 0x43, 0x84, 0x3F, 0x84, 0x3E, 0x84, 0x3F
	.byte 0x84, 0x43, 0x84, 0xBF, 0x20, 0xD3, 0x46, 0x84, 0x4A, 0x84, 0x4D, 0x84, 0x4F, 0x84, 0x52, 0x84
	.byte 0x56, 0x84, 0xBF, 0x60, 0xD3, 0x52, 0x84, 0x4F, 0x84, 0x4D, 0x84, 0x4A, 0x84, 0x46, 0x84, 0x43
	.byte 0x84, 0xBF, 0x69, 0xD3, 0x41, 0x84, 0x3F, 0x84, 0x41, 0x84, 0x43, 0x84, 0x46, 0x84, 0x4A, 0x84
	.byte 0x4D, 0x84, 0x4A, 0x84, 0x46, 0x84, 0x41, 0x84, 0x3E, 0x84, 0x3A, 0x84, 0xBF, 0x60, 0xD3, 0x3E
	.byte 0x84, 0x41, 0x84, 0x46, 0x84, 0x4A, 0x84, 0x4D, 0x84, 0x52, 0x84, 0xBF, 0x20, 0xD3, 0x4D, 0x84
	.byte 0x4A, 0x84, 0x46, 0x84, 0x41, 0x84, 0x46, 0x84, 0x41, 0x84, 0xBF, 0x16, 0xD3, 0x4A, 0x84, 0x4D
	.byte 0x84, 0x52, 0x84, 0x4D, 0x84, 0x4A, 0x84, 0x46, 0x84, 0xBF, 0x16, 0xD3, 0x45, 0x84, 0x42, 0x84
	.byte 0x3E, 0x84, 0x42, 0x84, 0x45, 0x84, 0x49, 0x84, 0xBF, 0x20, 0xD3, 0x4C, 0x84, 0x4E, 0x84, 0x51
	.byte 0x84, 0x55, 0x84, 0x51, 0x84, 0x4E, 0x84, 0xBF, 0x60, 0xD3, 0x4A, 0x84, 0x45, 0x84, 0x42, 0x84
	.byte 0x45, 0x84, 0x4A, 0x84, 0x4C, 0x84, 0xBF, 0x69, 0xD3, 0x4E, 0x84, 0x51, 0x84, 0x55, 0x84, 0x51
	.byte 0x84, 0x4E, 0x84, 0x4C, 0x84, 0x4A, 0x84, 0x45, 0x84, 0x42, 0x84, 0x45, 0x84, 0x4A, 0x84, 0x4C
	.byte 0x84, 0xBF, 0x60, 0xD3, 0x4E, 0x84, 0x51, 0x84, 0x55, 0x84, 0x51, 0x84, 0x4E, 0x84, 0x4C, 0x84
	.byte 0xBF, 0x20, 0xD3, 0x4A, 0x84, 0x45, 0x84, 0x42, 0x84, 0x45, 0x84, 0x4A, 0x84, 0x4C, 0x84, 0xBF
	.byte 0x16, 0xD3, 0x4E, 0x84, 0x51, 0x84, 0x55, 0x84, 0x51, 0x84, 0x4E, 0x84, 0x4C, 0x84, 0xB2, 0xAB
	.byte 0x2F, 0x8B, 0x08, 0xB1

	.globl SongTrack_MUS_HALL_OF_FAME_ROOM_02
SongTrack_MUS_HALL_OF_FAME_ROOM_02: @ 0x088B3360
	@ M4A track start proven by song header pointer
	.byte 0xBC, 0x00, 0xBD, 0x30, 0xC2, 0x2C, 0xC1, 0x0C, 0xBF, 0x4B, 0xBE, 0x1F, 0xD3, 0x40, 0x70, 0x84
	.byte 0x42, 0x84, 0x43, 0x84, 0x45, 0x84, 0x47, 0x84, 0x49, 0x84, 0xFF, 0x4A, 0x70, 0xB0, 0x49, 0xB0
	.byte 0xFC, 0x4A, 0xAD, 0xD7, 0x4B, 0x88, 0xFF, 0x4C, 0xB0, 0xCF, 0x4D, 0xB0, 0xB0, 0xCE, 0xCF, 0x4C
	.byte 0xB0, 0xB0, 0xCE, 0xFF, 0x4A, 0xB0, 0x49, 0xB0, 0x4A, 0xB0, 0x4C, 0xB0, 0xCF, 0x4D, 0xB0, 0xB0
	.byte 0xCE, 0xCF, 0x4C, 0xB0, 0xB0, 0xCE, 0xB2, 0x7A, 0x33, 0x8B, 0x08, 0xB1

	.globl SongTrack_MUS_HALL_OF_FAME_ROOM_03
SongTrack_MUS_HALL_OF_FAME_ROOM_03: @ 0x088B33AC
	@ M4A track start proven by song header pointer
	.byte 0xBC, 0x00, 0xBD, 0x24, 0xC1, 0x0C, 0xC2, 0x2C, 0xC1, 0x0C, 0xC2, 0x2C, 0xBF, 0x40, 0xBE, 0x43
	.byte 0x98, 0xD3, 0x26, 0x70, 0x98, 0xD3, 0x88, 0xD3, 0x88, 0xD3, 0x88, 0xD3, 0x90, 0xDB, 0x90, 0xD3
	.byte 0x88, 0xD3, 0x88, 0xB4, 0xD3, 0x98, 0xD3, 0x88, 0xD3, 0x88, 0xD3, 0x88, 0xD7, 0x32, 0x88, 0xD3
	.byte 0x30, 0x88, 0x2D, 0x88, 0xD7, 0x24, 0x88, 0xD3, 0x26, 0x88, 0xD3, 0x88, 0xB3, 0xBD, 0x33, 0x8B
	.byte 0x08, 0xD3, 0x26, 0x70, 0x98, 0xD3, 0x88, 0xD3, 0x88, 0xD3, 0x88, 0xD7, 0x30, 0x88, 0xD3, 0x32
	.byte 0x88, 0x2D, 0x88, 0xD7, 0x2B, 0x88, 0xD3, 0x2D, 0x88, 0x26, 0x88, 0xB3, 0xBD, 0x33, 0x8B, 0x08
	.byte 0xB3, 0xBD, 0x33, 0x8B, 0x08, 0xB3, 0xBD, 0x33, 0x8B, 0x08, 0xD7, 0x26, 0x70, 0x88, 0xD3, 0x2D
	.byte 0x88, 0x26, 0x88, 0xD7, 0x30, 0x88, 0xD3, 0x32, 0x88, 0x26, 0x88, 0xD7, 0x2D, 0x88, 0xD3, 0x2B
	.byte 0x88, 0x27, 0x88, 0xD7, 0x24, 0x88, 0xD3, 0x26, 0x88, 0xD3, 0x88, 0xEA, 0x27, 0x9B, 0xD3, 0x22
	.byte 0x88, 0x27, 0x88, 0x22, 0x90, 0xDF, 0x27, 0x90, 0xDB, 0x2E, 0x90, 0xE7, 0x32, 0x98, 0xD7, 0x34
	.byte 0x88, 0xD3, 0x32, 0x88, 0x2D, 0x88, 0xE7, 0x2A, 0x98, 0xD3, 0x26, 0x88, 0xD3, 0x88, 0xD3, 0x88
	.byte 0xEA, 0x2E, 0x9B, 0xD3, 0x2B, 0x88, 0x2E, 0x88, 0x2B, 0x90, 0xDF, 0x2E, 0x90, 0xD7, 0x2B, 0x90
	.byte 0xEA, 0x2D, 0x9B, 0xD3, 0x30, 0x88, 0x2E, 0x88, 0xEA, 0x30, 0x9B, 0xD7, 0x29, 0x90, 0xEC, 0x32
	.byte 0x9D, 0xD3, 0x2E, 0x88, 0xDF, 0x29, 0x90, 0x2E, 0x90, 0x30, 0x90, 0xE7, 0x32, 0x98, 0xD7, 0x35
	.byte 0x88, 0xD3, 0x34, 0x88, 0x33, 0x88, 0xEF, 0x32, 0xA0, 0xDF, 0x34, 0x90, 0x31, 0x90, 0x2D, 0x90
	.byte 0x2A, 0x90, 0x2D, 0x90, 0x31, 0x90, 0xEA, 0x34, 0x9B, 0xD7, 0x33, 0x88, 0x32, 0x88, 0xEF, 0x31
	.byte 0xA0, 0xB2, 0xBD, 0x33, 0x8B, 0x08, 0xB1

	.globl SongTrack_MUS_HALL_OF_FAME_ROOM_04
SongTrack_MUS_HALL_OF_FAME_ROOM_04: @ 0x088B34B3
	@ M4A track start proven by song header pointer
	.byte 0xBC, 0x00, 0xBD, 0x30, 0xC2, 0x2C, 0xC1, 0x0C, 0xBF, 0x35, 0xBE, 0x1F, 0xD3, 0x3A, 0x70, 0x84
	.byte 0x3B, 0x84, 0x3C, 0x84, 0x3E, 0x84, 0x40, 0x84, 0x42, 0x84, 0xBF, 0x36, 0xBE, 0x1F, 0xFF, 0x43
	.byte 0x70, 0xB0, 0x42, 0xB0, 0x43, 0xB0, 0x45, 0xB0, 0xCF, 0x46, 0xB0, 0xB0, 0xCE, 0xCF, 0x45, 0xB0
	.byte 0xB0, 0xCE, 0xBD, 0x3C, 0xBF, 0x40, 0xBE, 0x32, 0xEC, 0x43, 0x9D, 0xD7, 0x3F, 0x88, 0xDF, 0x3A
	.byte 0x90, 0x3F, 0x90, 0x46, 0x90, 0xEC, 0x45, 0x9D, 0xD3, 0x42, 0x84, 0x43, 0x84, 0xEF, 0x45, 0xA0
	.byte 0xEA, 0x46, 0x9B, 0xD3, 0x48, 0x84, 0x46, 0x84, 0xD7, 0x43, 0x88, 0xDF, 0x3F, 0x90, 0x43, 0x90
	.byte 0x46, 0x90, 0xDB, 0x48, 0x90, 0xD7, 0x88, 0xD3, 0x88, 0x45, 0x88, 0x46, 0x88, 0xEC, 0x48, 0x9D
	.byte 0xD7, 0x49, 0x88, 0xEC, 0x4A, 0x9D, 0xD3, 0x46, 0x88, 0xDF, 0x41, 0x90, 0x46, 0x90, 0x48, 0x90
	.byte 0xE7, 0x4A, 0x98, 0xD7, 0x41, 0x88, 0xD3, 0x46, 0x88, 0x48, 0x88, 0xEF, 0x4A, 0xA0, 0xE7, 0x49
	.byte 0x98, 0xD3, 0x4C, 0x88, 0x4B, 0x88, 0x4A, 0x88, 0xE7, 0x49, 0x9B, 0xD3, 0x45, 0x88, 0x47, 0x88
	.byte 0xFF, 0x49, 0xB0, 0xB2, 0xCD, 0x34, 0x8B, 0x08, 0xB1

	.globl SongTrack_MUS_HALL_OF_FAME_ROOM_05
SongTrack_MUS_HALL_OF_FAME_ROOM_05: @ 0x088B355C
	@ M4A track start proven by song header pointer
	.byte 0xBC, 0x00, 0xBD, 0x50, 0xC2, 0x2C, 0xCD, 0x08, 0x12, 0x08, 0x10, 0xC1, 0x0C, 0xBF, 0x00, 0xBE
	.byte 0x22, 0xD3, 0x37, 0x70, 0x84, 0x39, 0x84, 0x3A, 0x84, 0x3B, 0x84, 0x3C, 0x84, 0x3E, 0x84, 0xFF
	.byte 0x3F, 0x70, 0xB0, 0x3E, 0xB0, 0x3F, 0xB0, 0x41, 0xB0, 0xCF, 0x43, 0xB0, 0xB0, 0xCE, 0xCF, 0x42
	.byte 0xB0, 0xB0, 0xCE, 0xEA, 0x3F, 0x70, 0x9B, 0xD3, 0x43, 0x84, 0x3F, 0x84, 0xD7, 0x3A, 0x88, 0xDF
	.byte 0x37, 0x90, 0x3A, 0x90, 0x3F, 0x90, 0xB4, 0xEC, 0x3E, 0x9D, 0xD7, 0x39, 0x88, 0xE7, 0x36, 0x98
	.byte 0xD3, 0x32, 0x84, 0x36, 0x84, 0x39, 0x84, 0x36, 0x84, 0x39, 0x84, 0x3E, 0x84, 0xB3, 0x8F, 0x35
	.byte 0x8B, 0x08, 0xEC, 0x41, 0x70, 0x9D, 0xD7, 0x3C, 0x88, 0xDB, 0x39, 0x8C, 0xD3, 0x35, 0x84, 0x39
	.byte 0x84, 0x3C, 0x84, 0x39, 0x84, 0x3C, 0x84, 0x41, 0x84, 0x3C, 0x84, 0x41, 0x84, 0x45, 0x84, 0xEC
	.byte 0x41, 0x9D, 0xD3, 0x3E, 0x88, 0xDF, 0x3A, 0x90, 0x3E, 0x90, 0x41, 0x90, 0xE7, 0x98, 0xD3, 0x3A
	.byte 0x88, 0x3C, 0x88, 0x3E, 0x88, 0xEF, 0x41, 0xA0, 0xCF, 0x42, 0xB0, 0xB0, 0xCE, 0xB2, 0x7B, 0x35
	.byte 0x8B, 0x08, 0xB1

	.globl SongTrack_MUS_HALL_OF_FAME_ROOM_06
SongTrack_MUS_HALL_OF_FAME_ROOM_06: @ 0x088B35FF
	@ M4A track start proven by song header pointer
	.byte 0xBC, 0x00, 0xBD, 0x51, 0xC2, 0x2C, 0xCD, 0x08, 0x12, 0x08, 0x10, 0xC1, 0x0C, 0xBF, 0x7F, 0xBE
	.byte 0x22, 0xD3, 0x3D, 0x70, 0x84, 0x3E, 0x84, 0x40, 0x84, 0x42, 0x84, 0x43, 0x84, 0x45, 0x84, 0xFF
	.byte 0x46, 0x70, 0xB0, 0x45, 0xB0, 0x46, 0xB0, 0x48, 0xB0, 0xCF, 0x4A, 0xB0, 0xB0, 0xCE, 0xCF, 0x49
	.byte 0xB0, 0xB0, 0xCE, 0xEA, 0x46, 0x9B, 0xD3, 0x48, 0x84, 0x46, 0x84, 0xD7, 0x43, 0x88, 0xDF, 0x3F
	.byte 0x90, 0x43, 0x90, 0x46, 0x90, 0xEC, 0x45, 0x9D, 0xD7, 0x42, 0x88, 0xE7, 0x3E, 0x98, 0xD3, 0x39
	.byte 0x84, 0x3E, 0x84, 0x42, 0x84, 0x3E, 0x84, 0x42, 0x84, 0x45, 0x84, 0xEA, 0x43, 0x9B, 0xD3, 0x46
	.byte 0x84, 0x43, 0x84, 0xD7, 0x3F, 0x88, 0xDF, 0x3A, 0x90, 0x3F, 0x90, 0x43, 0x90, 0xEC, 0x45, 0x9D
	.byte 0xD7, 0x88, 0xDB, 0x41, 0x8C, 0xD3, 0x3C, 0x84, 0x41, 0x84, 0x45, 0x84, 0x41, 0x84, 0x45, 0x84
	.byte 0x48, 0x84, 0x45, 0x84, 0x48, 0x84, 0x4D, 0x84, 0xEC, 0x46, 0x9D, 0xD3, 0x41, 0x88, 0xDF, 0x3E
	.byte 0x90, 0x41, 0x90, 0x46, 0x90, 0xE7, 0x98, 0xD3, 0x3E, 0x88, 0x41, 0x88, 0x45, 0x88, 0xEF, 0x46
	.byte 0xA0, 0xCF, 0x45, 0xB0, 0xB0, 0xCE, 0xB2, 0x1E, 0x36, 0x8B, 0x08, 0xB1

	.globl SongTrack_MUS_HALL_OF_FAME_ROOM_07
SongTrack_MUS_HALL_OF_FAME_ROOM_07: @ 0x088B36AB
	@ M4A track start proven by song header pointer
	.byte 0xBE, 0x50, 0xBC, 0x00, 0xBD, 0x52, 0xC2, 0x2C, 0xCD, 0x08, 0x12, 0x08, 0x10, 0xC1, 0x0C, 0x98
	.byte 0xD3, 0x26, 0x70, 0x98, 0xD3, 0x88, 0xD3, 0x88, 0xD3, 0x88, 0xD3, 0x90, 0xDB, 0x90, 0xD3, 0x88
	.byte 0xD3, 0x88, 0xB4, 0xB3, 0xBB, 0x36, 0x8B, 0x08, 0xB3, 0xBB, 0x36, 0x8B, 0x08, 0xB3, 0xBB, 0x36
	.byte 0x8B, 0x08, 0xB3, 0xBB, 0x36, 0x8B, 0x08, 0xB3, 0xBB, 0x36, 0x8B, 0x08, 0xB3, 0xBB, 0x36, 0x8B
	.byte 0x08, 0xB3, 0xBB, 0x36, 0x8B, 0x08, 0xD3, 0x26, 0x70, 0x98, 0xD3, 0x88, 0xD3, 0x88, 0xD3, 0x88
	.byte 0xD3, 0x90, 0x32, 0x90, 0x26, 0x88, 0xD3, 0x88, 0xB4, 0xB3, 0xF1, 0x36, 0x8B, 0x08, 0xB3, 0xF1
	.byte 0x36, 0x8B, 0x08, 0xB3, 0xF1, 0x36, 0x8B, 0x08, 0xB3, 0xF1, 0x36, 0x8B, 0x08, 0xB3, 0xF1, 0x36
	.byte 0x8B, 0x08, 0xB3, 0xF1, 0x36, 0x8B, 0x08, 0xB3, 0xF1, 0x36, 0x8B, 0x08, 0xB2, 0xBB, 0x36, 0x8B
	.byte 0x08, 0xB1, 0x00, 0x00, 0x00

	.globl SongHeader_MUS_HALL_OF_FAME_ROOM
SongHeader_MUS_HALL_OF_FAME_ROOM: @ 0x088B3730
	@ M4A song header: song 447 (MUS_HALL_OF_FAME_ROOM)
	m4a_song_header 7, 0, 0, 0xB2, 0x0861979C
	.4byte SongTrack_MUS_HALL_OF_FAME_ROOM_01
	.4byte SongTrack_MUS_HALL_OF_FAME_ROOM_02
	.4byte SongTrack_MUS_HALL_OF_FAME_ROOM_03
	.4byte SongTrack_MUS_HALL_OF_FAME_ROOM_04
	.4byte SongTrack_MUS_HALL_OF_FAME_ROOM_05
	.4byte SongTrack_MUS_HALL_OF_FAME_ROOM_06
	.4byte SongTrack_MUS_HALL_OF_FAME_ROOM_07

	.globl SongTrack_MUS_TRICK_HOUSE_01
SongTrack_MUS_TRICK_HOUSE_01: @ 0x088B3754
	@ M4A track start proven by song header pointer
	.byte 0xBC, 0x00, 0xBB, 0x44, 0xBD, 0x7F, 0xC2, 0x2C, 0xC1, 0x0C, 0xBE, 0x28, 0xBF, 0x40, 0xB0, 0xD2
	.byte 0x5B, 0x70, 0x86, 0x5B, 0x34, 0x86, 0x5B, 0x44, 0x86, 0x5B, 0x34, 0x86, 0x5B, 0x4C, 0x86, 0x5B
	.byte 0x38, 0x86, 0x5B, 0x48, 0x86, 0x5B, 0x34, 0x86, 0x5B, 0x70, 0x86, 0x5B, 0x34, 0x86, 0x5B, 0x44
	.byte 0x86, 0x5B, 0x34, 0x86, 0x5B, 0x4C, 0x86, 0x5B, 0x38, 0x86, 0x5B, 0x48, 0x86, 0x5B, 0x34, 0x86
	.byte 0xB4, 0xB3, 0x63, 0x37, 0x8B, 0x08, 0xB3, 0x63, 0x37, 0x8B, 0x08, 0xB3, 0x63, 0x37, 0x8B, 0x08
	.byte 0xB3, 0x63, 0x37, 0x8B, 0x08, 0xB3, 0x63, 0x37, 0x8B, 0x08, 0xB3, 0x63, 0x37, 0x8B, 0x08, 0xB3
	.byte 0x63, 0x37, 0x8B, 0x08, 0xB3, 0x63, 0x37, 0x8B, 0x08, 0xB3, 0x63, 0x37, 0x8B, 0x08, 0xB3, 0x63
	.byte 0x37, 0x8B, 0x08, 0xB3, 0x63, 0x37, 0x8B, 0x08, 0xB3, 0x63, 0x37, 0x8B, 0x08, 0xB3, 0x63, 0x37
	.byte 0x8B, 0x08, 0xB3, 0x63, 0x37, 0x8B, 0x08, 0xB3, 0x63, 0x37, 0x8B, 0x08, 0xB3, 0x63, 0x37, 0x8B
	.byte 0x08, 0xB3, 0x63, 0x37, 0x8B, 0x08, 0xB3, 0x63, 0x37, 0x8B, 0x08, 0xB3, 0x63, 0x37, 0x8B, 0x08
	.byte 0xB3, 0x63, 0x37, 0x8B, 0x08, 0xB3, 0x63, 0x37, 0x8B, 0x08, 0xB3, 0x63, 0x37, 0x8B, 0x08, 0xB3
	.byte 0x63, 0x37, 0x8B, 0x08, 0xB2, 0x63, 0x37, 0x8B, 0x08, 0xB1

	.globl SongTrack_MUS_TRICK_HOUSE_02
SongTrack_MUS_TRICK_HOUSE_02: @ 0x088B380E
	@ M4A track start proven by song header pointer
	.byte 0xBC, 0x00, 0xBD, 0x0D, 0xC2, 0x2C, 0xC1, 0x0C, 0xBF, 0x40, 0xBE, 0x2C, 0xD2, 0x52, 0x70, 0x83
	.byte 0x4E, 0x40, 0x83, 0x52, 0x83, 0x4E, 0x83, 0x52, 0x83, 0x4E, 0x83, 0x52, 0x83, 0x4E, 0x83, 0x53
	.byte 0x70, 0x83, 0x50, 0x40, 0x83, 0x53, 0x83, 0x50, 0x83, 0x53, 0x83, 0x50, 0x83, 0x53, 0x83, 0x50
	.byte 0x83, 0x54, 0x70, 0x83, 0x51, 0x40, 0x83, 0x54, 0x83, 0x51, 0x83, 0x54, 0x83, 0x51, 0x83, 0x54
	.byte 0x83, 0x51, 0x83, 0x55, 0x70, 0x83, 0x52, 0x40, 0x83, 0x55, 0x83, 0x52, 0x83, 0x55, 0x83, 0x52
	.byte 0x83, 0x55, 0x83, 0x52, 0x83, 0xBD, 0x0D, 0xBE, 0x2D, 0xD5, 0x52, 0x70, 0x86, 0x53, 0x86, 0x54
	.byte 0x86, 0x55, 0x86, 0x52, 0x86, 0x53, 0x86, 0x54, 0x86, 0x55, 0x86, 0x52, 0x86, 0x53, 0x86, 0x54
	.byte 0x86, 0x55, 0x86, 0x52, 0x86, 0x53, 0x86, 0x54, 0x86, 0x55, 0x86, 0xD5, 0x52, 0x70, 0x86, 0x53
	.byte 0x86, 0x54, 0x86, 0x55, 0x86, 0x52, 0x86, 0x53, 0x86, 0x54, 0x86, 0x55, 0x86, 0x52, 0x86, 0x53
	.byte 0x86, 0x54, 0x86, 0x55, 0x86, 0x5A, 0x86, 0x55, 0x86, 0x53, 0x86, 0x52, 0x86, 0xB4, 0x55, 0x98
	.byte 0x53, 0x98, 0xD5, 0x98, 0x52, 0x8C, 0x50, 0x8C, 0xBD, 0x18, 0xBE, 0x1E, 0xD5, 0x49, 0x86, 0xDB
	.byte 0x44, 0x8C, 0xD5, 0x49, 0x86, 0xDB, 0x55, 0x8C, 0xD5, 0x61, 0x8C, 0xBD, 0x2F, 0xBE, 0x2D, 0xD5
	.byte 0x3D, 0x86, 0x49, 0x8C, 0x3D, 0x86, 0x31, 0x86, 0x31, 0x60, 0x86, 0x3D, 0x70, 0x8C, 0xBD, 0x0D
	.byte 0xD5, 0x50, 0x70, 0x86, 0x51, 0x86, 0x52, 0x86, 0x53, 0x86, 0x50, 0x86, 0x51, 0x86, 0x52, 0x86
	.byte 0x53, 0x86, 0x50, 0x86, 0x51, 0x86, 0x52, 0x86, 0x53, 0x86, 0x50, 0x86, 0x51, 0x86, 0x52, 0x86
	.byte 0x53, 0x86, 0xB4, 0xD5, 0x50, 0x70, 0x86, 0x51, 0x86, 0x52, 0x86, 0x53, 0x86, 0x50, 0x86, 0x51
	.byte 0x86, 0x52, 0x86, 0x53, 0x86, 0x50, 0x86, 0x51, 0x86, 0x52, 0x86, 0x53, 0x86, 0x59, 0x86, 0x55
	.byte 0x86, 0x53, 0x86, 0x50, 0x86, 0xB4, 0x55, 0x98, 0x53, 0x98, 0x52, 0x98, 0x50, 0x8C, 0x4E, 0x8C
	.byte 0xBD, 0x11, 0xBE, 0x2A, 0xD2, 0x52, 0x83, 0x53, 0x83, 0x54, 0x83, 0x55, 0x83, 0xE7, 0x5A, 0x98
	.byte 0xD2, 0x55, 0x50, 0x83, 0x52, 0x83, 0x4E, 0x70, 0x83, 0x49, 0x83, 0xBD, 0x38, 0xBE, 0x2D, 0xD2
	.byte 0x4E, 0x86, 0xD2, 0x86, 0xD5, 0x4D, 0x86, 0xD2, 0x4E, 0x86, 0xD5, 0x52, 0x86, 0xD2, 0x53, 0x86
	.byte 0xD5, 0x55, 0x86, 0xD2, 0x5A, 0x86, 0xBD, 0x0D, 0xD5, 0x52, 0x86, 0x53, 0x86, 0x54, 0x86, 0x55
	.byte 0x86, 0x52, 0x86, 0x53, 0x86, 0x54, 0x86, 0x55, 0x86, 0x52, 0x86, 0x53, 0x86, 0x54, 0x86, 0x55
	.byte 0x86, 0x52, 0x86, 0x53, 0x86, 0x54, 0x86, 0x55, 0x86, 0xB3, 0x89, 0x38, 0x8B, 0x08, 0xD5, 0x55
	.byte 0x70, 0x86, 0x4E, 0x8C, 0xD5, 0x86, 0x53, 0x86, 0x4E, 0x8C, 0xD5, 0x86, 0x5A, 0x86, 0x55, 0x8C
	.byte 0xD5, 0x86, 0x5E, 0x8C, 0x5C, 0x8C, 0xBD, 0x3C, 0xD2, 0x59, 0x86, 0xD2, 0x86, 0xD5, 0x58, 0x86
	.byte 0xD2, 0x59, 0x8C, 0xD5, 0x55, 0x86, 0x57, 0x86, 0x55, 0x86, 0xD2, 0x59, 0x86, 0xD2, 0x86, 0xD5
	.byte 0x58, 0x86, 0xD2, 0x59, 0x86, 0xD5, 0x5C, 0x86, 0xD2, 0x5B, 0x5C, 0x83, 0x5A, 0x54, 0x83, 0x58
	.byte 0x48, 0x83, 0x56, 0x40, 0x89, 0xB3, 0xDC, 0x38, 0x8B, 0x08, 0xB3, 0x01, 0x39, 0x8B, 0x08, 0xD5
	.byte 0x55, 0x70, 0x98, 0x53, 0x98, 0x52, 0x98, 0x50, 0x98, 0xBD, 0x11, 0x86, 0xD5, 0x49, 0x86, 0x48
	.byte 0x86, 0x49, 0x86, 0x4B, 0x86, 0x4D, 0x86, 0x4E, 0x86, 0x50, 0x8C, 0x52, 0x86, 0x51, 0x86, 0x52
	.byte 0x86, 0xD2, 0x4E, 0x83, 0x50, 0x83, 0x52, 0x83, 0x53, 0x83, 0x55, 0x83, 0x57, 0x83, 0x59, 0x83
	.byte 0x5A, 0x83, 0xBD, 0x15, 0xBE, 0x24, 0xEA, 0x4E, 0x9C, 0xD5, 0x86, 0x50, 0x86, 0x53, 0x86, 0x52
	.byte 0x8C, 0x50, 0x86, 0x4E, 0x86, 0x50, 0x86, 0x46, 0x86, 0x49, 0x86, 0xEA, 0x4E, 0x9C, 0xD5, 0x86
	.byte 0x50, 0x86, 0x53, 0x86, 0x52, 0x8C, 0x50, 0x86, 0x4E, 0x86, 0x50, 0x8C, 0x49, 0x86, 0xEA, 0x4B
	.byte 0x9C, 0xD5, 0x86, 0x4D, 0x86, 0x50, 0x86, 0x4E, 0x8C, 0x4B, 0x86, 0x49, 0x86, 0x4B, 0x8C, 0x46
	.byte 0x86, 0xE7, 0x49, 0x98, 0x4A, 0x98, 0x4B, 0x98, 0x4C, 0x98, 0xEA, 0x4E, 0x9C, 0xD5, 0x86, 0x50
	.byte 0x86, 0x53, 0x86, 0x52, 0x8C, 0x50, 0x86, 0x4E, 0x86, 0x50, 0x8C, 0x52, 0x86, 0xE7, 0x55, 0x9A
	.byte 0xD5, 0x57, 0x86, 0x55, 0x92, 0xE1, 0x52, 0x92, 0xE7, 0x4F, 0x98, 0xD5, 0x53, 0x92, 0x50, 0x92
	.byte 0x53, 0x8C, 0x52, 0x8C, 0x53, 0x8C, 0x55, 0x8C, 0x53, 0x8C, 0x52, 0x8C, 0xD5, 0x8C, 0x4E, 0x86
	.byte 0x50, 0x8C, 0x4E, 0x86, 0x52, 0x98, 0xD5, 0x98, 0xB2, 0x63, 0x38, 0x8B, 0x08, 0xB1

	.globl SongTrack_MUS_TRICK_HOUSE_03
SongTrack_MUS_TRICK_HOUSE_03: @ 0x088B3A9C
	@ M4A track start proven by song header pointer
	.byte 0xBC, 0x00, 0xBD, 0x15, 0xC2, 0x2C, 0xC1, 0x0C, 0xBF, 0x20, 0xBE, 0x26, 0xD2, 0x46, 0x70, 0x83
	.byte 0x42, 0x40, 0x83, 0x46, 0x83, 0x42, 0x83, 0x46, 0x83, 0x42, 0x83, 0x46, 0x83, 0x42, 0x83, 0x47
	.byte 0x70, 0x83, 0x44, 0x40, 0x83, 0x47, 0x83, 0x44, 0x83, 0x47, 0x83, 0x44, 0x83, 0x47, 0x83, 0x44
	.byte 0x83, 0x48, 0x70, 0x83, 0x45, 0x40, 0x83, 0x48, 0x83, 0x45, 0x83, 0x48, 0x83, 0x45, 0x83, 0x48
	.byte 0x83, 0x45, 0x83, 0x49, 0x70, 0x83, 0x46, 0x40, 0x83, 0x49, 0x83, 0x46, 0x83, 0x49, 0x83, 0x46
	.byte 0x83, 0x49, 0x83, 0x46, 0x83, 0xA0, 0xBD, 0x38, 0xD5, 0x4E, 0x70, 0x86, 0x50, 0x86, 0x51, 0x86
	.byte 0x52, 0x86, 0xBF, 0x60, 0xD5, 0x4E, 0x86, 0x50, 0x86, 0x51, 0x86, 0x52, 0x86, 0xBF, 0x60, 0xA0
	.byte 0xD5, 0x4E, 0x86, 0x50, 0x86, 0x51, 0x86, 0x52, 0x86, 0xBF, 0x20, 0xD5, 0x55, 0x86, 0x52, 0x86
	.byte 0x50, 0x86, 0x4E, 0x86, 0xB0, 0xA0, 0x3D, 0x86, 0x49, 0x8C, 0x3D, 0x86, 0x38, 0x86, 0xD5, 0x86
	.byte 0x3D, 0x8C, 0xA2, 0x4D, 0x86, 0x4C, 0x86, 0x4D, 0x86, 0x49, 0x86, 0x4D, 0x86, 0x50, 0x86, 0x55
	.byte 0x86, 0xA0, 0x4D, 0x86, 0x4E, 0x86, 0x4F, 0x86, 0x50, 0x86, 0x55, 0x86, 0x53, 0x86, 0x50, 0x86
	.byte 0x49, 0x86, 0x4D, 0x98, 0x4B, 0x98, 0x49, 0x98, 0x47, 0x8C, 0x46, 0x8C, 0xBD, 0x11, 0xD2, 0x4E
	.byte 0x83, 0x4F, 0x83, 0x50, 0x83, 0x51, 0x83, 0xE7, 0x55, 0x98, 0xD2, 0x52, 0x50, 0x83, 0x4E, 0x83
	.byte 0x49, 0x70, 0x83, 0x46, 0x83, 0xBD, 0x38, 0xD2, 0x86, 0xD2, 0x86, 0xD5, 0x45, 0x86, 0xD2, 0x46
	.byte 0x86, 0xD5, 0x49, 0x86, 0xD2, 0x4E, 0x86, 0xD5, 0x52, 0x86, 0xD2, 0x55, 0x86, 0xBD, 0x0E, 0xBE
	.byte 0x1E, 0xBF, 0x0C, 0xEF, 0x46, 0xA0, 0xBF, 0x6F, 0xEF, 0x42, 0xA0, 0xBF, 0x0F, 0xEF, 0x46, 0xA0
	.byte 0xBF, 0x72, 0xEF, 0x42, 0xA0, 0xBF, 0x0F, 0xEF, 0x46, 0xA0, 0xBF, 0x6F, 0xEF, 0x49, 0xA0, 0xBD
	.byte 0x38, 0xD2, 0x55, 0x86, 0xD2, 0x86, 0xD5, 0x54, 0x86, 0xD2, 0x55, 0x8C, 0xD5, 0x50, 0x86, 0x52
	.byte 0x86, 0x50, 0x86, 0xD2, 0x55, 0x86, 0xD2, 0x86, 0xD5, 0x54, 0x86, 0xD2, 0x55, 0x86, 0xD5, 0x59
	.byte 0x86, 0xD2, 0x58, 0x5C, 0x83, 0x57, 0x54, 0x83, 0x55, 0x48, 0x83, 0x53, 0x40, 0x89, 0xBD, 0x49
	.byte 0xBE, 0x19, 0xBF, 0x15, 0xD5, 0x55, 0x70, 0x86, 0x57, 0x83, 0xBF, 0x24, 0x83, 0xD5, 0x55, 0x83
	.byte 0xBF, 0x30, 0x83, 0xD5, 0x57, 0x86, 0xBF, 0x4D, 0xD5, 0x55, 0x86, 0xBF, 0x60, 0xD5, 0x57, 0x86
	.byte 0x55, 0x83, 0xBF, 0x68, 0x83, 0xD5, 0x57, 0x86, 0xBF, 0x7F, 0xD5, 0x55, 0x86, 0x57, 0x86, 0xBE
	.byte 0x1C, 0xD5, 0x55, 0x86, 0x57, 0x86, 0xBE, 0x28, 0xD5, 0x55, 0x86, 0x57, 0x86, 0x55, 0x86, 0x57
	.byte 0x86, 0xBE, 0x23, 0xBF, 0x6F, 0xD5, 0x55, 0x86, 0x57, 0x86, 0x55, 0x83, 0xBF, 0x60, 0x83, 0xD5
	.byte 0x57, 0x86, 0xBE, 0x1A, 0xBF, 0x4A, 0xD5, 0x55, 0x86, 0x57, 0x86, 0x55, 0x86, 0x57, 0x86, 0xBF
	.byte 0x30, 0xD5, 0x55, 0x86, 0x57, 0x83, 0xBE, 0x1F, 0x83, 0xBF, 0x1E, 0xD5, 0x59, 0x86, 0x57, 0x86
	.byte 0xBF, 0x0F, 0xBE, 0x27, 0xD5, 0x55, 0x86, 0x53, 0x86, 0x52, 0x86, 0x50, 0x86, 0xBD, 0x2F, 0xBF
	.byte 0x6F, 0xBE, 0x38, 0xD5, 0x3D, 0x8C, 0xBF, 0x15, 0xD5, 0x31, 0x8C, 0xBF, 0x6F, 0xD5, 0x3B, 0x8C
	.byte 0xBF, 0x15, 0xD5, 0x31, 0x8C, 0xBF, 0x6F, 0xD5, 0x3A, 0x8C, 0xBF, 0x15, 0xD5, 0x31, 0x8C, 0xBF
	.byte 0x6F, 0xD5, 0x38, 0x8C, 0xBF, 0x15, 0xD5, 0x31, 0x8C, 0xBD, 0x11, 0xBF, 0x40, 0xBE, 0x1E, 0x86
	.byte 0xD5, 0x46, 0x86, 0x45, 0x86, 0x46, 0x86, 0x48, 0x86, 0x49, 0x86, 0x4B, 0x86, 0x4D, 0x8C, 0x4E
	.byte 0x86, 0x4D, 0x86, 0x4E, 0x86, 0xD2, 0x49, 0x83, 0x4B, 0x83, 0x4D, 0x83, 0x4E, 0x83, 0x50, 0x83
	.byte 0x52, 0x83, 0x53, 0x83, 0x55, 0x83, 0xBD, 0x0D, 0xBF, 0x10, 0xD5, 0x4B, 0x86, 0x4E, 0x86, 0x52
	.byte 0x86, 0x53, 0x86, 0x4B, 0x86, 0x4E, 0x86, 0x52, 0x86, 0x53, 0x86, 0x4B, 0x86, 0x4E, 0x86, 0xBF
	.byte 0x40, 0xD5, 0x52, 0x86, 0x53, 0x86, 0xBF, 0x70, 0xD5, 0x57, 0x86, 0x53, 0x86, 0x4E, 0x86, 0xD2
	.byte 0x53, 0x83, 0xD5, 0x49, 0x83, 0x86, 0x4D, 0x86, 0x52, 0x86, 0x55, 0x86, 0x49, 0x86, 0x4D, 0x86
	.byte 0x52, 0x86, 0x55, 0x86, 0x49, 0x86, 0x4D, 0x86, 0xBF, 0x40, 0xD5, 0x52, 0x86, 0x55, 0x86, 0xBF
	.byte 0x10, 0xD5, 0x59, 0x86, 0x55, 0x86, 0x52, 0x86, 0xD2, 0x55, 0x83, 0xD5, 0x4B, 0x83, 0xBF, 0x10
	.byte 0x86, 0xD5, 0x4D, 0x86, 0x50, 0x86, 0x53, 0x86, 0x4B, 0x86, 0x4D, 0x86, 0x50, 0x86, 0x53, 0x86
	.byte 0x4B, 0x86, 0x4D, 0x86, 0xBF, 0x40, 0xD5, 0x50, 0x86, 0x53, 0x86, 0xBF, 0x70, 0xD5, 0x57, 0x86
	.byte 0x53, 0x86, 0x50, 0x86, 0xD2, 0x53, 0x83, 0xD5, 0x46, 0x83, 0x86, 0x49, 0x86, 0x4E, 0x86, 0x52
	.byte 0x86, 0x47, 0x86, 0x49, 0x86, 0x4E, 0x86, 0x53, 0x86, 0x48, 0x86, 0x4E, 0x86, 0xBF, 0x40, 0xD5
	.byte 0x52, 0x86, 0x54, 0x86, 0xBF, 0x10, 0xD5, 0x55, 0x86, 0x52, 0x86, 0x4E, 0x86, 0xD2, 0x52, 0x83
	.byte 0xD5, 0x4B, 0x83, 0xBF, 0x10, 0x86, 0xD5, 0x4E, 0x86, 0x53, 0x86, 0x57, 0x86, 0x4B, 0x86, 0x4E
	.byte 0x86, 0x53, 0x86, 0x57, 0x86, 0x4B, 0x86, 0x4E, 0x86, 0xBF, 0x40, 0xD5, 0x53, 0x86, 0x57, 0x86
	.byte 0xBF, 0x70, 0xD5, 0x5A, 0x86, 0x57, 0x86, 0x53, 0x86, 0xD2, 0x57, 0x83, 0xD5, 0x4E, 0x83, 0x86
	.byte 0x52, 0x86, 0x55, 0x86, 0x59, 0x86, 0x4C, 0x86, 0x50, 0x86, 0x53, 0x86, 0x57, 0x86, 0x4B, 0x86
	.byte 0x4F, 0x86, 0xBF, 0x40, 0xD5, 0x52, 0x86, 0x55, 0x86, 0xBF, 0x10, 0xD5, 0x57, 0x86, 0x55, 0x86
	.byte 0x52, 0x86, 0xD2, 0x4F, 0x83, 0xD5, 0x47, 0x83, 0xBF, 0x10, 0x86, 0xD5, 0x4E, 0x86, 0x52, 0x86
	.byte 0x53, 0x86, 0x57, 0x86, 0x53, 0x86, 0x4E, 0x86, 0xD2, 0x53, 0x83, 0xD5, 0x4B, 0x89, 0x4E, 0x86
	.byte 0xBF, 0x40, 0xD5, 0x53, 0x86, 0x55, 0x86, 0xBF, 0x70, 0xD5, 0x59, 0x86, 0x55, 0x86, 0x53, 0x86
	.byte 0xD2, 0x55, 0x83, 0xD5, 0x52, 0x83, 0xBF, 0x10, 0x86, 0xD5, 0x4E, 0x86, 0x52, 0x8C, 0x4E, 0x86
	.byte 0x50, 0x8C, 0x4E, 0x86, 0x52, 0x98, 0xD5, 0x8C, 0x49, 0x86, 0x4D, 0x86, 0xB2, 0xF1, 0x3A, 0x8B
	.byte 0x08, 0xB1

	.globl SongTrack_MUS_TRICK_HOUSE_04
SongTrack_MUS_TRICK_HOUSE_04: @ 0x088B3DFE
	@ M4A track start proven by song header pointer
	.byte 0xBC, 0x00, 0xBD, 0x50, 0xC2, 0x2C, 0xCD, 0x08, 0x12, 0x08, 0x10, 0xC1, 0x0C, 0xBF, 0x02, 0xBE
	.byte 0x20, 0xE7, 0x46, 0x70, 0x98, 0x47, 0x98, 0x48, 0x98, 0x49, 0x98, 0xBF, 0x01, 0xBE, 0x21, 0xD2
	.byte 0x42, 0x70, 0x86, 0x42, 0x60, 0x86, 0x3A, 0x70, 0x83, 0xD5, 0x3A, 0x50, 0x89, 0xD2, 0x42, 0x70
	.byte 0x86, 0x42, 0x60, 0x86, 0x3A, 0x70, 0x83, 0xD5, 0x3A, 0x50, 0x89, 0xD2, 0x42, 0x70, 0x86, 0x42
	.byte 0x60, 0x86, 0x3A, 0x70, 0x83, 0xD5, 0x3A, 0x50, 0x89, 0xD2, 0x42, 0x70, 0x86, 0x42, 0x5C, 0x86
	.byte 0x3A, 0x70, 0x83, 0xD5, 0x3A, 0x50, 0x89, 0xD2, 0x42, 0x70, 0x86, 0x42, 0x60, 0x86, 0x3A, 0x70
	.byte 0x83, 0xD5, 0x3A, 0x50, 0x89, 0xD2, 0x42, 0x70, 0x86, 0x42, 0x60, 0x86, 0x3A, 0x70, 0x83, 0xD5
	.byte 0x3A, 0x50, 0x89, 0xD2, 0x42, 0x70, 0x86, 0x42, 0x60, 0x86, 0x3A, 0x70, 0x83, 0xD5, 0x3A, 0x50
	.byte 0x89, 0xD2, 0x42, 0x70, 0x86, 0x42, 0x5C, 0x86, 0x3A, 0x70, 0x83, 0xD5, 0x3A, 0x50, 0x89, 0xB4
	.byte 0xB3, 0x55, 0x3E, 0x8B, 0x08, 0xD5, 0x44, 0x70, 0x86, 0xDB, 0x41, 0x8C, 0xD5, 0x44, 0x86, 0xDB
	.byte 0x50, 0x8C, 0xD5, 0x5C, 0x8F, 0x31, 0x83, 0x3D, 0x89, 0x31, 0x89, 0xD2, 0x25, 0x86, 0xD2, 0x86
	.byte 0xD5, 0x31, 0x8C, 0xA0, 0xD2, 0x44, 0x86, 0x45, 0x86, 0x46, 0x86, 0x47, 0x86, 0x44, 0x86, 0x45
	.byte 0x86, 0x46, 0x86, 0x47, 0x86, 0x44, 0x86, 0x45, 0x86, 0x46, 0x86, 0x47, 0x86, 0x44, 0x86, 0x45
	.byte 0x86, 0x46, 0x86, 0x47, 0x86, 0x44, 0x86, 0x45, 0x86, 0x46, 0x86, 0x47, 0x86, 0x4D, 0x86, 0x49
	.byte 0x86, 0x47, 0x86, 0x44, 0x86, 0xD5, 0x50, 0x98, 0x4E, 0x98, 0xD5, 0x98, 0x50, 0x8C, 0x49, 0x8C
	.byte 0xB3, 0x55, 0x3E, 0x8B, 0x08, 0xB3, 0x55, 0x3E, 0x8B, 0x08, 0xB3, 0x55, 0x3E, 0x8B, 0x08, 0xB0
	.byte 0xD2, 0x49, 0x70, 0x86, 0xD2, 0x86, 0xD5, 0x48, 0x86, 0xD2, 0x49, 0x8C, 0xD5, 0x44, 0x86, 0x46
	.byte 0x86, 0x44, 0x86, 0xD2, 0x49, 0x86, 0xD2, 0x86, 0xD5, 0x48, 0x86, 0xD2, 0x49, 0x86, 0xD5, 0x4D
	.byte 0x86, 0xD2, 0x4C, 0x5C, 0x83, 0x4B, 0x54, 0x83, 0x49, 0x48, 0x83, 0x47, 0x40, 0x89, 0xB3, 0x55
	.byte 0x3E, 0x8B, 0x08, 0xB3, 0x55, 0x3E, 0x8B, 0x08, 0xB3, 0x55, 0x3E, 0x8B, 0x08, 0xB0, 0xBF, 0x40
	.byte 0xBE, 0x20, 0xC0, 0x42, 0xEA, 0x57, 0x70, 0x9C, 0xD5, 0x86, 0x59, 0x86, 0x5C, 0x86, 0x5A, 0x8C
	.byte 0x59, 0x86, 0x57, 0x86, 0x59, 0x86, 0x4E, 0x86, 0x52, 0x86, 0xEA, 0x55, 0x9C, 0xD5, 0x86, 0x57
	.byte 0x86, 0x5A, 0x86, 0x59, 0x8C, 0x55, 0x86, 0x53, 0x86, 0x55, 0x8C, 0x50, 0x86, 0xEA, 0x53, 0x9C
	.byte 0xD5, 0x86, 0x55, 0x86, 0x59, 0x86, 0x57, 0x8C, 0x55, 0x86, 0x53, 0x86, 0x55, 0x8C, 0x50, 0x86
	.byte 0xE7, 0x52, 0x98, 0x53, 0x98, 0x54, 0x98, 0x55, 0x98, 0xBF, 0x40, 0xEA, 0x57, 0x9C, 0xD5, 0x86
	.byte 0x59, 0x86, 0x5C, 0x86, 0x5A, 0x8C, 0x59, 0x86, 0x57, 0x86, 0x59, 0x8C, 0x5A, 0x86, 0xE7, 0x5E
	.byte 0x9A, 0xD5, 0x5F, 0x86, 0x5E, 0x92, 0xE1, 0x5B, 0x92, 0xE7, 0x57, 0x98, 0xD5, 0x5A, 0x92, 0x57
	.byte 0x92, 0x5A, 0x8C, 0x59, 0x8C, 0x5A, 0x8C, 0x5E, 0x8C, 0x5C, 0x8C, 0x5A, 0x8C, 0xD5, 0x8C, 0x55
	.byte 0x86, 0x57, 0x8C, 0x55, 0x86, 0x5A, 0x98, 0xD5, 0x98, 0xB2, 0x19, 0x3E, 0x8B, 0x08, 0xC0, 0x40
	.byte 0xB1

	.globl SongTrack_MUS_TRICK_HOUSE_05
SongTrack_MUS_TRICK_HOUSE_05: @ 0x088B3FCF
	@ M4A track start proven by song header pointer
	.byte 0xBC, 0x00, 0xBD, 0x51, 0xC2, 0x2C, 0xCD, 0x08, 0x12, 0x08, 0x10, 0xC1, 0x0C, 0xBF, 0x7F, 0xBE
	.byte 0x22, 0xE7, 0x3D, 0x70, 0x98, 0x3B, 0x98, 0x38, 0x98, 0x35, 0x98, 0xBF, 0x7F, 0xBE, 0x24, 0xD2
	.byte 0x49, 0x70, 0x86, 0x49, 0x60, 0x86, 0xD5, 0x42, 0x50, 0x86, 0xD2, 0x86, 0x49, 0x70, 0x86, 0x49
	.byte 0x60, 0x86, 0xD5, 0x42, 0x50, 0x86, 0xD2, 0x86, 0x49, 0x70, 0x86, 0x49, 0x60, 0x86, 0xD5, 0x42
	.byte 0x50, 0x86, 0xD2, 0x86, 0x49, 0x70, 0x86, 0x49, 0x5C, 0x86, 0xD5, 0x42, 0x50, 0x86, 0xD2, 0x86
	.byte 0xD2, 0x49, 0x70, 0x86, 0x49, 0x60, 0x86, 0xD5, 0x42, 0x50, 0x86, 0xD2, 0x86, 0x49, 0x70, 0x86
	.byte 0x49, 0x60, 0x86, 0xD5, 0x42, 0x50, 0x86, 0xD2, 0x86, 0x49, 0x70, 0x86, 0x49, 0x60, 0x86, 0xD5
	.byte 0x42, 0x50, 0x86, 0xD2, 0x86, 0x49, 0x70, 0x86, 0x49, 0x5C, 0x86, 0xD5, 0x42, 0x50, 0x86, 0xD2
	.byte 0x86, 0xB4, 0xB3, 0x1F, 0x40, 0x8B, 0x08, 0xD5, 0x49, 0x70, 0x86, 0xDB, 0x44, 0x8C, 0xD5, 0x49
	.byte 0x86, 0xDB, 0x55, 0x8C, 0xD5, 0x61, 0x8C, 0x3D, 0x86, 0x49, 0x8C, 0x3D, 0x86, 0xD2, 0x31, 0x86
	.byte 0xD2, 0x86, 0xD5, 0x3D, 0x8C, 0xB0, 0xD2, 0x49, 0x86, 0x4B, 0x86, 0x4C, 0x86, 0x4D, 0x86, 0x49
	.byte 0x86, 0x4B, 0x86, 0x4C, 0x86, 0x4D, 0x86, 0x49, 0x86, 0x4B, 0x86, 0x4C, 0x86, 0x4D, 0x86, 0x50
	.byte 0x86, 0x4D, 0x86, 0x49, 0x86, 0x47, 0x86, 0xD5, 0x55, 0x98, 0x53, 0x98, 0x52, 0x98, 0x4D, 0x8C
	.byte 0x4E, 0x8C, 0xB3, 0x1F, 0x40, 0x8B, 0x08, 0xB3, 0x1F, 0x40, 0x8B, 0x08, 0xB3, 0x1F, 0x40, 0x8B
	.byte 0x08, 0xB0, 0xD2, 0x4D, 0x70, 0x86, 0xD2, 0x86, 0xD5, 0x4C, 0x86, 0xD2, 0x4D, 0x8C, 0xD5, 0x49
	.byte 0x86, 0x4B, 0x86, 0x49, 0x86, 0xD2, 0x4D, 0x86, 0xD2, 0x86, 0xD5, 0x4C, 0x86, 0xD2, 0x4D, 0x86
	.byte 0xD5, 0x50, 0x86, 0xD2, 0x4F, 0x5C, 0x83, 0x4E, 0x54, 0x83, 0x4C, 0x48, 0x83, 0x4A, 0x40, 0x89
	.byte 0xB3, 0x1F, 0x40, 0x8B, 0x08, 0xB3, 0x1F, 0x40, 0x8B, 0x08, 0xB3, 0x1F, 0x40, 0x8B, 0x08, 0xB0
	.byte 0xBF, 0x40, 0xBE, 0x24, 0xEA, 0x57, 0x70, 0x9C, 0xD5, 0x86, 0x59, 0x86, 0x5C, 0x86, 0x5A, 0x8C
	.byte 0x59, 0x86, 0x57, 0x86, 0x59, 0x86, 0x4E, 0x86, 0x52, 0x86, 0xEA, 0x55, 0x9C, 0xD5, 0x86, 0x57
	.byte 0x86, 0x5A, 0x86, 0x59, 0x8C, 0x55, 0x86, 0x53, 0x86, 0x55, 0x8C, 0x50, 0x86, 0xEA, 0x53, 0x9C
	.byte 0xD5, 0x86, 0x55, 0x86, 0x59, 0x86, 0x57, 0x8C, 0x55, 0x86, 0x53, 0x86, 0x55, 0x8C, 0x50, 0x86
	.byte 0xE7, 0x52, 0x98, 0x53, 0x98, 0x54, 0x98, 0x55, 0x98, 0xBF, 0x40, 0xEA, 0x57, 0x9C, 0xD5, 0x86
	.byte 0x59, 0x86, 0x5C, 0x86, 0x5A, 0x8C, 0x59, 0x86, 0x57, 0x86, 0x59, 0x92, 0xE7, 0x5E, 0x9A, 0xD5
	.byte 0x5F, 0x86, 0x5E, 0x92, 0xE1, 0x5B, 0x92, 0xE7, 0x57, 0x98, 0xD5, 0x5A, 0x92, 0x57, 0x92, 0x5A
	.byte 0x8C, 0x59, 0x8C, 0x5A, 0x8C, 0x5E, 0x8C, 0x5C, 0x8C, 0x5A, 0x8C, 0xD5, 0x8C, 0x55, 0x86, 0x57
	.byte 0x8C, 0x55, 0x86, 0x5A, 0x98, 0xD5, 0x98, 0xB2, 0xEA, 0x3F, 0x8B, 0x08, 0xB1

	.globl SongTrack_MUS_TRICK_HOUSE_06
SongTrack_MUS_TRICK_HOUSE_06: @ 0x088B417C
	@ M4A track start proven by song header pointer
	.byte 0xBC, 0x00, 0xBD, 0x00, 0xBE, 0x46, 0xBF, 0x40, 0xB0, 0xD5, 0x24, 0x70, 0x86, 0x24, 0x58, 0x8C
	.byte 0x24, 0x70, 0x86, 0x24, 0x60, 0xD5, 0x3E, 0x70, 0x8C, 0x24, 0x64, 0x8C, 0x24, 0x70, 0x86, 0x24
	.byte 0x58, 0x8C, 0x24, 0x70, 0x86, 0x3E, 0x8C, 0x40, 0x86, 0x40, 0x5C, 0x86, 0xB4, 0xB3, 0x85, 0x41
	.byte 0x8B, 0x08, 0xB3, 0x85, 0x41, 0x8B, 0x08, 0xB3, 0x85, 0x41, 0x8B, 0x08, 0xB3, 0x85, 0x41, 0x8B
	.byte 0x08, 0xB3, 0x85, 0x41, 0x8B, 0x08, 0xB3, 0x85, 0x41, 0x8B, 0x08, 0xB3, 0x85, 0x41, 0x8B, 0x08
	.byte 0xB3, 0x85, 0x41, 0x8B, 0x08, 0xB3, 0x85, 0x41, 0x8B, 0x08, 0xB3, 0x85, 0x41, 0x8B, 0x08, 0xB3
	.byte 0x85, 0x41, 0x8B, 0x08, 0xB3, 0x85, 0x41, 0x8B, 0x08, 0xB3, 0x85, 0x41, 0x8B, 0x08, 0xB3, 0x85
	.byte 0x41, 0x8B, 0x08, 0xB3, 0x85, 0x41, 0x8B, 0x08, 0xB3, 0x85, 0x41, 0x8B, 0x08, 0xB3, 0x85, 0x41
	.byte 0x8B, 0x08, 0xB3, 0x85, 0x41, 0x8B, 0x08, 0xB3, 0x85, 0x41, 0x8B, 0x08, 0xB3, 0x85, 0x41, 0x8B
	.byte 0x08, 0xB3, 0x85, 0x41, 0x8B, 0x08, 0xB3, 0x85, 0x41, 0x8B, 0x08, 0xD5, 0x24, 0x70, 0x8C, 0x24
	.byte 0x58, 0x8C, 0x24, 0x60, 0x86, 0x24, 0x64, 0x8C, 0x3E, 0x70, 0x86, 0x24, 0x86, 0x24, 0x58, 0x8C
	.byte 0x24, 0x70, 0x86, 0x3E, 0x8C, 0x40, 0x86, 0x40, 0x5C, 0x86, 0xB2, 0x85, 0x41, 0x8B, 0x08, 0xB1

	.globl SongTrack_MUS_TRICK_HOUSE_07
SongTrack_MUS_TRICK_HOUSE_07: @ 0x088B423C
	@ M4A track start proven by song header pointer
	.byte 0xBC, 0x00, 0xBD, 0x52, 0xC2, 0x2C, 0xCD, 0x08, 0x12, 0x08, 0x10, 0xC1, 0x0C, 0xBF, 0x40, 0xBE
	.byte 0x3B, 0xC0, 0x40, 0xE7, 0x31, 0x70, 0x98, 0x2F, 0x98, 0x2C, 0x98, 0x25, 0x86, 0xC0, 0x49, 0x86
	.byte 0x40, 0x8C, 0xD2, 0x2A, 0x70, 0x86, 0xD5, 0x8C, 0xD5, 0x86, 0xDB, 0x2E, 0x8C, 0xD5, 0x31, 0x8C
	.byte 0xD2, 0x2A, 0x86, 0xD5, 0x8C, 0xD5, 0x86, 0xDB, 0x33, 0x8C, 0xD5, 0x31, 0x8C, 0xB4, 0xB3, 0x5E
	.byte 0x42, 0x8B, 0x08, 0xB3, 0x5E, 0x42, 0x8B, 0x08, 0xD2, 0x25, 0x70, 0x86, 0xD5, 0x8C, 0xD5, 0x86
	.byte 0xDB, 0x2E, 0x8C, 0xD5, 0x2F, 0x8C, 0xD2, 0x25, 0x86, 0xD5, 0x8C, 0xD5, 0x86, 0xDB, 0x33, 0x8C
	.byte 0xD5, 0x31, 0x8C, 0xB4, 0xB3, 0x84, 0x42, 0x8B, 0x08, 0xB3, 0x84, 0x42, 0x8B, 0x08, 0xD2, 0x25
	.byte 0x70, 0x86, 0xD5, 0x8C, 0xD5, 0x86, 0xDB, 0x29, 0x8C, 0xD5, 0x2C, 0x8C, 0xD2, 0x25, 0x86, 0xD5
	.byte 0x8C, 0xD5, 0x86, 0x2F, 0x8C, 0x29, 0x8C, 0xD2, 0x2A, 0x86, 0xD5, 0x8C, 0xD5, 0x86, 0xDB, 0x2E
	.byte 0x8C, 0xD5, 0x31, 0x8C, 0xD2, 0x2A, 0x86, 0xD5, 0x8C, 0xD5, 0x86, 0xDB, 0x35, 0x8C, 0xD5, 0x36
	.byte 0x8C, 0xB3, 0x5E, 0x42, 0x8B, 0x08, 0xB3, 0x5E, 0x42, 0x8B, 0x08, 0xB3, 0x5E, 0x42, 0x8B, 0x08
	.byte 0xB3, 0x84, 0x42, 0x8B, 0x08, 0xB3, 0x84, 0x42, 0x8B, 0x08, 0xB3, 0x84, 0x42, 0x8B, 0x08, 0xD2
	.byte 0x25, 0x70, 0x86, 0xD5, 0x8C, 0xD5, 0x86, 0xDB, 0x29, 0x8C, 0xD5, 0x2C, 0x8C, 0xD2, 0x25, 0x86
	.byte 0xD5, 0x8C, 0xD5, 0x86, 0xDB, 0x2E, 0x8C, 0xD5, 0x2C, 0x8C, 0xD2, 0x2A, 0x86, 0xD5, 0x8C, 0xD5
	.byte 0x86, 0xDB, 0x2E, 0x8C, 0xD5, 0x31, 0x8C, 0xD2, 0x2A, 0x86, 0xD5, 0x8C, 0xD5, 0x86, 0xDB, 0x38
	.byte 0x8C, 0xD5, 0x36, 0x8C, 0xD2, 0x2F, 0x70, 0x86, 0xD5, 0x8C, 0xD5, 0x86, 0xDB, 0x33, 0x8C, 0xD5
	.byte 0x36, 0x8C, 0xD2, 0x2F, 0x86, 0xD5, 0x8C, 0xD5, 0x86, 0xDB, 0x3A, 0x8C, 0xD5, 0x36, 0x8C, 0xB4
	.byte 0xD2, 0x2A, 0x86, 0xD5, 0x8C, 0xD5, 0x86, 0xDB, 0x2E, 0x8C, 0xD5, 0x31, 0x8C, 0xD2, 0x2A, 0x86
	.byte 0xD5, 0x8C, 0xD5, 0x86, 0xDB, 0x35, 0x8C, 0xD5, 0x31, 0x8C, 0xD2, 0x29, 0x86, 0xD5, 0x8C, 0xD5
	.byte 0x86, 0xDB, 0x2C, 0x8C, 0xD5, 0x2F, 0x8C, 0xD2, 0x29, 0x86, 0xD5, 0x8C, 0xD5, 0x86, 0xDB, 0x35
	.byte 0x8C, 0xD5, 0x2F, 0x8C, 0xDB, 0x2A, 0x8C, 0xD2, 0x2E, 0x8C, 0xD5, 0x2A, 0x86, 0xDB, 0x2F, 0x8C
	.byte 0xD2, 0x2A, 0x86, 0xD2, 0x86, 0xD5, 0x86, 0x30, 0x8C, 0xD2, 0x2A, 0x8C, 0xD5, 0x31, 0x8C, 0xB3
	.byte 0x30, 0x43, 0x8B, 0x08, 0xD2, 0x2A, 0x70, 0x86, 0xD5, 0x2E, 0x8C, 0x31, 0x86, 0xD2, 0x28, 0x86
	.byte 0xD5, 0x2C, 0x86, 0x2F, 0x8C, 0xD2, 0x27, 0x86, 0xD5, 0x2B, 0x8C, 0x2E, 0x86, 0xDB, 0x33, 0x8C
	.byte 0xD5, 0x2E, 0x8C, 0xD2, 0x2C, 0x86, 0xD5, 0x8C, 0xD5, 0x86, 0xDB, 0x2F, 0x8C, 0xD5, 0x33, 0x8C
	.byte 0xD2, 0x2C, 0x86, 0xD5, 0x33, 0x8C, 0x2F, 0x86, 0xDB, 0x35, 0x8C, 0xD5, 0x2F, 0x8C, 0x2A, 0x8C
	.byte 0xD5, 0x8C, 0x25, 0x86, 0x27, 0x8C, 0x25, 0x86, 0x2A, 0x98, 0xD5, 0x98, 0xB2, 0x5E, 0x42, 0x8B
	.byte 0x08, 0xB1

	.globl SongTrack_MUS_TRICK_HOUSE_08
SongTrack_MUS_TRICK_HOUSE_08: @ 0x088B43EE
	@ M4A track start proven by song header pointer
	.byte 0xBC, 0x00, 0xBD, 0x0D, 0xC2, 0x2C, 0xC1, 0x0C, 0xBE, 0x27, 0xBF, 0x50, 0xB0, 0xBD, 0x38, 0xBF
	.byte 0x50, 0xA0, 0x15, 0xD5, 0x49, 0x70, 0x86, 0x4B, 0x86, 0x4D, 0x86, 0x4E, 0x86, 0xBF, 0x6F, 0xD5
	.byte 0x49, 0x86, 0x4B, 0x86, 0x4D, 0x86, 0x4E, 0x86, 0xA0, 0xBF, 0x70, 0xD5, 0x49, 0x86, 0x4B, 0x86
	.byte 0x4D, 0x86, 0x4E, 0x86, 0xBF, 0x13, 0xD5, 0x52, 0x86, 0x4E, 0x86, 0x4B, 0x86, 0x49, 0x86, 0xBD
	.byte 0x09, 0xBF, 0x30, 0xD5, 0x52, 0x98, 0x50, 0x98, 0xD5, 0x98, 0x4E, 0x8C, 0x4D, 0x8C, 0xB0, 0xBD
	.byte 0x0D, 0xD5, 0x55, 0x86, 0x57, 0x86, 0x58, 0x86, 0x59, 0x86, 0x55, 0x86, 0x57, 0x86, 0x58, 0x86
	.byte 0x59, 0x86, 0x55, 0x86, 0x57, 0x86, 0x58, 0x86, 0x59, 0x86, 0x55, 0x86, 0x57, 0x86, 0x58, 0x86
	.byte 0x59, 0x86, 0x55, 0x86, 0x57, 0x86, 0x58, 0x86, 0x59, 0x86, 0x55, 0x86, 0x57, 0x86, 0x58, 0x86
	.byte 0x59, 0x86, 0xBF, 0x1A, 0xD5, 0x61, 0x50, 0x8C, 0xD5, 0x92, 0xD5, 0x92, 0xD5, 0x92, 0xD5, 0x92
	.byte 0xD5, 0x8C, 0xD5, 0x86, 0xD5, 0x8C, 0xD5, 0x92, 0xD5, 0x8C, 0xB0, 0xBE, 0x20, 0xD5, 0x52, 0x70
	.byte 0x86, 0x50, 0x86, 0x4E, 0x86, 0x49, 0x86, 0x52, 0x86, 0x50, 0x86, 0x4E, 0x86, 0x49, 0x86, 0x52
	.byte 0x86, 0x50, 0x86, 0x4E, 0x86, 0x49, 0x86, 0x52, 0x86, 0x50, 0x86, 0x4E, 0x86, 0x49, 0x86, 0x50
	.byte 0x86, 0x4E, 0x86, 0x49, 0x86, 0x46, 0x86, 0x4E, 0x86, 0x49, 0x86, 0x46, 0x86, 0x42, 0x86, 0x46
	.byte 0x86, 0x49, 0x86, 0x4E, 0x86, 0x50, 0x86, 0x55, 0x86, 0x50, 0x86, 0x4E, 0x86, 0x49, 0x86, 0x4E
	.byte 0x86, 0x49, 0x8C, 0xD5, 0x86, 0x4D, 0x86, 0x49, 0x8C, 0xD5, 0x86, 0x52, 0x86, 0x4E, 0x8C, 0xD5
	.byte 0x86, 0x57, 0x8C, 0x55, 0x8C, 0xBD, 0x38, 0xBE, 0x25, 0xD2, 0x4D, 0x86, 0xD2, 0x86, 0xD5, 0x4C
	.byte 0x86, 0xD2, 0x4D, 0x8C, 0xD5, 0x49, 0x86, 0x4B, 0x86, 0x49, 0x86, 0xD2, 0x4D, 0x86, 0xD2, 0x86
	.byte 0xD5, 0x4C, 0x86, 0xD2, 0x4D, 0x86, 0xD5, 0x50, 0x86, 0xD2, 0x4F, 0x5C, 0x83, 0x4E, 0x54, 0x83
	.byte 0x4C, 0x48, 0x83, 0x4A, 0x40, 0x89, 0xBD, 0x0D, 0xBE, 0x22, 0xD5, 0x50, 0x70, 0x86, 0x4D, 0x86
	.byte 0x49, 0x86, 0x47, 0x86, 0x50, 0x86, 0x4D, 0x86, 0x49, 0x86, 0x47, 0x86, 0x50, 0x86, 0x4D, 0x86
	.byte 0x49, 0x86, 0x47, 0x86, 0x50, 0x86, 0x4D, 0x86, 0x49, 0x86, 0x47, 0x86, 0x4D, 0x86, 0x49, 0x86
	.byte 0x47, 0x86, 0x44, 0x86, 0x49, 0x86, 0x47, 0x86, 0x44, 0x86, 0x41, 0x86, 0x44, 0x86, 0x47, 0x86
	.byte 0x49, 0x86, 0x4D, 0x86, 0x50, 0x86, 0x4D, 0x86, 0x49, 0x86, 0x47, 0x86, 0xBD, 0x30, 0xD5, 0x52
	.byte 0x98, 0x50, 0x98, 0x4E, 0x98, 0x4D, 0x98, 0xBD, 0x2F, 0xBF, 0x63, 0xBE, 0x38, 0xD5, 0x42, 0x8C
	.byte 0xD5, 0x92, 0xD5, 0x86, 0xBF, 0x1F, 0xDB, 0x3D, 0x8C, 0xBF, 0x62, 0x86, 0xD5, 0x42, 0x86, 0xBF
	.byte 0x20, 0xD5, 0x3D, 0x8C, 0xBF, 0x62, 0xD5, 0x42, 0x8C, 0xBF, 0x1F, 0xD5, 0x36, 0x86, 0xBF, 0x68
	.byte 0xD5, 0x42, 0x86, 0xBD, 0x0D, 0xBE, 0x28, 0x8C, 0xD5, 0x63, 0x5C, 0x8C, 0xD5, 0x98, 0xD5, 0x86
	.byte 0x5F, 0x8C, 0x63, 0x92, 0xD5, 0x8C, 0x8C, 0x61, 0x8C, 0xD5, 0x98, 0xD5, 0x86, 0x5F, 0x8C, 0x61
	.byte 0x92, 0xD5, 0x8C, 0x8C, 0x5F, 0x8C, 0xD5, 0x98, 0xD5, 0x86, 0x5A, 0x8C, 0x5F, 0x92, 0xD5, 0x8C
	.byte 0x8C, 0x5E, 0x8C, 0xD5, 0x98, 0x5F, 0x92, 0x60, 0x92, 0x61, 0x8C, 0x8C, 0x63, 0x8C, 0xD5, 0x98
	.byte 0x66, 0x86, 0x63, 0x8C, 0xD5, 0x92, 0xD5, 0x8C, 0x8C, 0x61, 0x98, 0x5F, 0x8C, 0x5E, 0x92, 0xD5
	.byte 0x92, 0x5B, 0x8C, 0x5F, 0x8C, 0xD5, 0x8C, 0x5C, 0x86, 0x5F, 0x8C, 0x5C, 0x86, 0x61, 0x8C, 0xD5
	.byte 0x8C, 0x5F, 0x86, 0x61, 0x86, 0x5C, 0x8C, 0x5E, 0x86, 0x5A, 0x86, 0x5E, 0x8C, 0x5A, 0x86, 0x5C
	.byte 0x8C, 0x55, 0x86, 0x5E, 0x98, 0xD5, 0x8C, 0x4F, 0x86, 0x50, 0x86, 0xB2, 0xFB, 0x43, 0x8B, 0x08
	.byte 0xB1, 0x00

	.globl SongHeader_MUS_TRICK_HOUSE
SongHeader_MUS_TRICK_HOUSE: @ 0x088B4610
	@ M4A song header: song 448 (MUS_TRICK_HOUSE)
	m4a_song_header 8, 0, 0, 0xB2, 0x08619D9C
	.4byte SongTrack_MUS_TRICK_HOUSE_01
	.4byte SongTrack_MUS_TRICK_HOUSE_02
	.4byte SongTrack_MUS_TRICK_HOUSE_03
	.4byte SongTrack_MUS_TRICK_HOUSE_04
	.4byte SongTrack_MUS_TRICK_HOUSE_05
	.4byte SongTrack_MUS_TRICK_HOUSE_06
	.4byte SongTrack_MUS_TRICK_HOUSE_07
	.4byte SongTrack_MUS_TRICK_HOUSE_08

	.globl SongTrack_MUS_ENCOUNTER_TWINS_01
SongTrack_MUS_ENCOUNTER_TWINS_01: @ 0x088B4638
	@ M4A track start proven by song header pointer
	.byte 0xBC, 0x00, 0xBB, 0x43, 0xBD, 0x7F, 0xC2, 0x2C, 0xBF, 0x40, 0xBE, 0x27, 0xD2, 0x58, 0x70, 0x8C
	.byte 0x58, 0x3C, 0x8C, 0x58, 0x70, 0x8C, 0x58, 0x3C, 0x8C, 0x58, 0x70, 0x8C, 0x58, 0x40, 0x8C, 0x58
	.byte 0x70, 0x8C, 0x58, 0x40, 0x8C, 0x58, 0x70, 0x83, 0x58, 0x48, 0x83, 0xD2, 0x86, 0x58, 0x70, 0xA0
	.byte 0xD2, 0x8C, 0x58, 0x44, 0x8C, 0x58, 0x70, 0x8C, 0xD2, 0x58, 0x70, 0x8C, 0x58, 0x40, 0x83, 0xD2
	.byte 0x83, 0xD2, 0x86, 0x58, 0x58, 0x8C, 0x58, 0x48, 0x8C, 0x58, 0x60, 0x8C, 0x58, 0x40, 0x8C, 0x58
	.byte 0x60, 0x8C, 0x58, 0x40, 0x8C, 0x58, 0x70, 0x8C, 0x58, 0x40, 0x83, 0xD2, 0x83, 0xD2, 0x86, 0x58
	.byte 0x58, 0x98, 0x58, 0x70, 0x8C, 0x58, 0x40, 0x83, 0xD2, 0x83, 0xD2, 0x86, 0x58, 0x58, 0x98, 0x58
	.byte 0x70, 0x8C, 0x58, 0x40, 0x83, 0xD2, 0x83, 0xD2, 0x86, 0x58, 0x58, 0x8C, 0x58, 0x48, 0x8C, 0x58
	.byte 0x60, 0x8C, 0x58, 0x40, 0x8C, 0x58, 0x60, 0x98, 0x58, 0x70, 0x8C, 0x58, 0x40, 0x83, 0xD2, 0x83
	.byte 0xD2, 0x86, 0x58, 0x58, 0x98, 0x58, 0x70, 0x83, 0x58, 0x58, 0x83, 0x58, 0x54, 0x86, 0xD2, 0x8C
	.byte 0x58, 0x70, 0x8C, 0xD2, 0x8C, 0xB2, 0x70, 0x46, 0x8B, 0x08, 0xB1

	.globl SongTrack_MUS_ENCOUNTER_TWINS_02
SongTrack_MUS_ENCOUNTER_TWINS_02: @ 0x088B46E3
	@ M4A track start proven by song header pointer
	.byte 0xBC, 0x00, 0xBD, 0x7E, 0xC2, 0x2C, 0xBF, 0x40, 0xBE, 0x27, 0xB0, 0x98, 0xD5, 0x5B, 0x60, 0xA8
	.byte 0xB0, 0x9C, 0xD5, 0x5B, 0x50, 0xA0, 0x5B, 0x60, 0x8C, 0xAC, 0x5B, 0x54, 0x8C, 0x9C, 0xD5, 0xA4
	.byte 0xB2, 0xF3, 0x46, 0x8B, 0x08, 0xB1

	.globl SongTrack_MUS_ENCOUNTER_TWINS_03
SongTrack_MUS_ENCOUNTER_TWINS_03: @ 0x088B4709
	@ M4A track start proven by song header pointer
	.byte 0xBC, 0x00, 0xBD, 0x26, 0xC1, 0x0C, 0xC2, 0x2C, 0xBF, 0x40, 0xBE, 0x4B, 0xC0, 0x3E, 0x83, 0x40
	.byte 0xAF, 0x81, 0xF1, 0x26, 0x70, 0x86, 0xC0, 0x43, 0x86, 0x40, 0x86, 0x43, 0x86, 0x40, 0x9C, 0xD5
	.byte 0x30, 0x8C, 0x2F, 0x8C, 0x2D, 0x8C, 0xE7, 0x2B, 0x70, 0x86, 0xC0, 0x43, 0x86, 0x40, 0x8C, 0xD5
	.byte 0x32, 0x8C, 0x2B, 0x8C, 0xDB, 0x26, 0x8C, 0xD2, 0x30, 0x86, 0xD5, 0x2B, 0x86, 0xDB, 0x2D, 0x8C
	.byte 0xD5, 0x28, 0x8C, 0xE7, 0x29, 0x86, 0xC0, 0x43, 0x86, 0x40, 0x8C, 0xD5, 0x2D, 0x8C, 0x29, 0x8C
	.byte 0xEB, 0x26, 0x86, 0xC0, 0x43, 0x86, 0x40, 0x86, 0x43, 0x86, 0x40, 0x8C, 0xD5, 0x2A, 0x8C, 0xE7
	.byte 0x2F, 0x86, 0xC0, 0x43, 0x86, 0x40, 0x8C, 0xD5, 0x32, 0x8C, 0x2F, 0x86, 0x2B, 0x86, 0xEB, 0x26
	.byte 0x86, 0xC0, 0x43, 0x86, 0x40, 0x86, 0x43, 0x86, 0x40, 0x8C, 0xD5, 0x28, 0x8C, 0xE7, 0x29, 0x86
	.byte 0xC0, 0x43, 0x86, 0x40, 0x8C, 0xD5, 0x2D, 0x8C, 0x27, 0x8C, 0xE7, 0x26, 0x86, 0xC0, 0x43, 0x86
	.byte 0x40, 0x86, 0x43, 0x86, 0x40, 0xD5, 0x2A, 0x8C, 0x2D, 0x8C, 0xB2, 0x2F, 0x47, 0x8B, 0x08, 0xB1

	.globl SongTrack_MUS_ENCOUNTER_TWINS_04
SongTrack_MUS_ENCOUNTER_TWINS_04: @ 0x088B47A9
	@ M4A track start proven by song header pointer
	.byte 0xBC, 0x00, 0xBD, 0x18, 0xC2, 0x2C, 0xBF, 0x1D, 0xBE, 0x2E, 0xD5, 0x45, 0x70, 0x98, 0x48, 0x98
	.byte 0x3E, 0x98, 0x42, 0x8C, 0xD2, 0x36, 0x83, 0x39, 0x83, 0x3E, 0x83, 0x42, 0x83, 0xF3, 0x45, 0xA4
	.byte 0xD5, 0x3B, 0x8C, 0x3C, 0x8C, 0x3E, 0x86, 0xD2, 0x39, 0x83, 0x3C, 0x83, 0xD5, 0x3E, 0x70, 0x8C
	.byte 0xD2, 0x3E, 0x44, 0x8C, 0xD5, 0x3E, 0x70, 0x8C, 0x39, 0x8C, 0x3E, 0x8C, 0x43, 0x8C, 0x40, 0x86
	.byte 0xD2, 0x39, 0x83, 0x3E, 0x83, 0xD5, 0x42, 0x8C, 0xD2, 0x8C, 0xD2, 0x86, 0xD5, 0x41, 0x86, 0xD2
	.byte 0x42, 0x8C, 0xD5, 0x39, 0x86, 0xD2, 0x32, 0x83, 0x36, 0x83, 0xE7, 0x3C, 0x8C, 0xC0, 0x3B, 0x86
	.byte 0x40, 0x86, 0xD5, 0x3B, 0x8C, 0x3C, 0x86, 0xD2, 0x37, 0x83, 0x3B, 0x83, 0xE7, 0x3E, 0x8C, 0xC0
	.byte 0x3B, 0x86, 0x40, 0x86, 0xD5, 0x3B, 0x8C, 0x37, 0x8C, 0x3B, 0x8C, 0x43, 0x8C, 0x3E, 0x8C, 0x43
	.byte 0x8C, 0x42, 0x8C, 0x3E, 0x8C, 0x39, 0x86, 0xD2, 0x3C, 0x83, 0x3E, 0x83, 0xD5, 0x42, 0x98, 0xD2
	.byte 0x2D, 0x83, 0x30, 0x83, 0x32, 0x83, 0x35, 0x83, 0xE7, 0x36, 0x86, 0xC0, 0x38, 0x86, 0x43, 0x86
	.byte 0x40, 0x86, 0xB2, 0xD5, 0x47, 0x8B, 0x08, 0xB1

	.globl SongTrack_MUS_ENCOUNTER_TWINS_05
SongTrack_MUS_ENCOUNTER_TWINS_05: @ 0x088B4851
	@ M4A track start proven by song header pointer
	.byte 0xBC, 0x00, 0xBD, 0x18, 0xC2, 0x2C, 0xBE, 0x37, 0x8C, 0xD2, 0x55, 0x70, 0x98, 0xD2, 0xA4, 0xB0
	.byte 0xB0, 0xB0, 0xB0, 0x9C, 0xD2, 0x49, 0x70, 0x98, 0x55, 0x50, 0x9C, 0xB2, 0x61, 0x48, 0x8B, 0x08
	.byte 0xB1

	.globl SongTrack_MUS_ENCOUNTER_TWINS_06
SongTrack_MUS_ENCOUNTER_TWINS_06: @ 0x088B4872
	@ M4A track start proven by song header pointer
	.byte 0xBC, 0x00, 0xBD, 0x18, 0xC2, 0x2C, 0xC1, 0x0C, 0xBF, 0x40, 0xBE, 0x38, 0xC0, 0x40, 0xD5, 0x4A
	.byte 0x70, 0x8C, 0x56, 0x8C, 0x4A, 0x8C, 0x56, 0x8C, 0x54, 0x8C, 0x53, 0x8C, 0x51, 0x8C, 0xD2, 0x3E
	.byte 0xD5, 0x4F, 0x83, 0xD2, 0x42, 0x83, 0x45, 0x83, 0x48, 0x83, 0xF3, 0x4A, 0x86, 0xC0, 0x48, 0x86
	.byte 0x40, 0x86, 0x48, 0x86, 0x40, 0x9C, 0xD5, 0x42, 0x8C, 0x43, 0x8C, 0x45, 0x86, 0xD2, 0x42, 0x83
	.byte 0x45, 0x83, 0xE7, 0x47, 0x70, 0x8C, 0xC0, 0x3B, 0x86, 0x40, 0x86, 0xD5, 0x43, 0x8C, 0x3E, 0x8C
	.byte 0x43, 0x8C, 0x4A, 0x8C, 0x47, 0x86, 0xD2, 0x42, 0x83, 0x45, 0x83, 0xEB, 0x48, 0x8C, 0xC0, 0x3B
	.byte 0x86, 0x40, 0x92, 0xD5, 0x45, 0x8C, 0x41, 0x86, 0xD2, 0x39, 0x83, 0x3E, 0x83, 0xE7, 0x42, 0x8C
	.byte 0xC0, 0x3B, 0x86, 0x40, 0x86, 0xD5, 0x43, 0x8C, 0x45, 0x86, 0xD2, 0x3E, 0x83, 0x43, 0x83, 0xE7
	.byte 0x47, 0x8C, 0xC0, 0x3B, 0x86, 0x40, 0x86, 0xD5, 0x43, 0x8C, 0x3E, 0x8C, 0x43, 0x8C, 0x4A, 0x8C
	.byte 0x47, 0x8C, 0x4A, 0x8C, 0x48, 0x8C, 0x45, 0x8C, 0x42, 0x86, 0xD2, 0x45, 0x83, 0x48, 0x83, 0xD5
	.byte 0x4A, 0x98, 0xD2, 0x32, 0x50, 0xD5, 0x56, 0x83, 0xD2, 0x36, 0x70, 0x83, 0x39, 0x83, 0x3C, 0x83
	.byte 0xE7, 0x3E, 0x86, 0xC0, 0x38, 0x86, 0x43, 0x86, 0x40, 0x86, 0xB2, 0xB4, 0x48, 0x8B, 0x08, 0xB1

	.globl SongTrack_MUS_ENCOUNTER_TWINS_07
SongTrack_MUS_ENCOUNTER_TWINS_07: @ 0x088B4932
	@ M4A track start proven by song header pointer
	.byte 0xBC, 0x00, 0xBD, 0x50, 0xC2, 0x2C, 0xCD, 0x08, 0x12, 0x08, 0x10, 0xBE, 0x28, 0xBF, 0x02, 0xB0
	.byte 0xD2, 0x45, 0x70, 0x86, 0x43, 0x86, 0x42, 0x86, 0x40, 0x86, 0xEB, 0x3E, 0xA8, 0xBF, 0x40, 0xD2
	.byte 0x3E, 0x70, 0x8C, 0x43, 0x83, 0x41, 0x40, 0x83, 0x40, 0x83, 0x3F, 0x83, 0x3E, 0x70, 0x8C, 0x37
	.byte 0x8C, 0x3D, 0x8C, 0x3E, 0x8C, 0x3D, 0x8C, 0x3E, 0x8C, 0xD2, 0x3C, 0x70, 0x8C, 0x41, 0x83, 0x40
	.byte 0x40, 0x83, 0x3E, 0x83, 0x3D, 0x83, 0x3C, 0x70, 0x8C, 0x35, 0x8C, 0x39, 0x8C, 0x3E, 0x8C, 0x36
	.byte 0x8C, 0x39, 0x8C, 0xB4, 0x3E, 0x8C, 0x43, 0x83, 0x41, 0x40, 0x83, 0x40, 0x83, 0x3F, 0x83, 0x3E
	.byte 0x70, 0x8C, 0x37, 0x8C, 0x3D, 0x8C, 0x3E, 0x8C, 0x3D, 0x8C, 0x3E, 0x8C, 0xB3, 0x6B, 0x49, 0x8B
	.byte 0x08, 0xB2, 0x4F, 0x49, 0x8B, 0x08, 0xB1

	.globl SongTrack_MUS_ENCOUNTER_TWINS_08
SongTrack_MUS_ENCOUNTER_TWINS_08: @ 0x088B49A9
	@ M4A track start proven by song header pointer
	.byte 0xBC, 0x00, 0xBD, 0x51, 0xC2, 0x2C, 0xCD, 0x08, 0x12, 0x08, 0x10, 0xBF, 0x7F, 0xBE, 0x28, 0xB0
	.byte 0xD2, 0x4E, 0x70, 0x86, 0x4C, 0x86, 0x4A, 0x86, 0x48, 0x86, 0xEB, 0x45, 0xA8, 0xBF, 0x7F, 0xD2
	.byte 0x43, 0x70, 0x8C, 0x4A, 0x83, 0x47, 0x40, 0x83, 0x46, 0x83, 0x45, 0x83, 0xBF, 0x00, 0xD2, 0x43
	.byte 0x70, 0x8C, 0x3E, 0x8C, 0xBF, 0x7F, 0xD2, 0x46, 0x8C, 0x47, 0x8C, 0xBF, 0x01, 0xD2, 0x46, 0x8C
	.byte 0x47, 0x8C, 0xB4, 0xBF, 0x7F, 0xD2, 0x45, 0x70, 0x8C, 0x48, 0x83, 0x47, 0x40, 0x83, 0x46, 0x83
	.byte 0x45, 0x83, 0xBF, 0x01, 0xD2, 0x41, 0x70, 0x8C, 0x3C, 0x8C, 0xBF, 0x7F, 0xD2, 0x42, 0x8C, 0x45
	.byte 0x8C, 0xBF, 0x01, 0xD2, 0x3E, 0x8C, 0x42, 0x8C, 0xB4, 0xB3, 0xC6, 0x49, 0x8B, 0x08, 0xB3, 0xEC
	.byte 0x49, 0x8B, 0x08, 0xB2, 0xC6, 0x49, 0x8B, 0x08, 0xB1

	.globl SongTrack_MUS_ENCOUNTER_TWINS_09
SongTrack_MUS_ENCOUNTER_TWINS_09: @ 0x088B4A22
	@ M4A track start proven by song header pointer
	.byte 0xBC, 0x00, 0xBD, 0x00, 0xBE, 0x3A, 0xBF, 0x40, 0xD5, 0x40, 0x70, 0x8C, 0x3E, 0x8C, 0x40, 0x8C
	.byte 0x3E, 0x8C, 0xD5, 0x8C, 0x40, 0x8C, 0xD5, 0x8C, 0x3E, 0x8C, 0x3E, 0x50, 0x86, 0xD5, 0x86, 0x3E
	.byte 0x58, 0x86, 0xD5, 0x86, 0x3E, 0x70, 0xA8, 0xD5, 0x40, 0x70, 0x8C, 0x40, 0x48, 0x8C, 0x3E, 0x70
	.byte 0x9C, 0xD5, 0x98, 0xD5, 0x8C, 0xB4, 0x40, 0x8C, 0x40, 0x48, 0x8C, 0x3E, 0x70, 0x9C, 0xD5, 0x9C
	.byte 0xB3, 0x49, 0x4A, 0x8B, 0x08, 0xD5, 0x40, 0x70, 0x8C, 0x40, 0x48, 0x8C, 0x3E, 0x70, 0x8C, 0xD5
	.byte 0x98, 0xD5, 0x98, 0xD5, 0x8C, 0xB2, 0x49, 0x4A, 0x8B, 0x08, 0xB1

	.globl SongTrack_MUS_ENCOUNTER_TWINS_10
SongTrack_MUS_ENCOUNTER_TWINS_10: @ 0x088B4A7D
	@ M4A track start proven by song header pointer
	.byte 0xBC, 0x00, 0xBD, 0x52, 0xC2, 0x2C, 0xCD, 0x08, 0x12, 0x08, 0x10, 0xBE, 0x1B, 0xBF, 0x40, 0xC0
	.byte 0x42, 0xD5, 0x4A, 0x70, 0x8C, 0x56, 0x8C, 0x4A, 0x8C, 0x56, 0x8C, 0x54, 0x8C, 0x53, 0x8C, 0x51
	.byte 0x8C, 0xD2, 0x3E, 0xD5, 0x4F, 0x83, 0xD2, 0x42, 0x83, 0x45, 0x83, 0x48, 0x83, 0xF3, 0x4A, 0xA4
	.byte 0xD5, 0x42, 0x8C, 0x43, 0x8C, 0x45, 0x86, 0xD2, 0x42, 0x83, 0x45, 0x83, 0xD5, 0x47, 0x70, 0x98
	.byte 0x43, 0x8C, 0x3E, 0x8C, 0x43, 0x8C, 0x4A, 0x8C, 0x47, 0x86, 0xD2, 0x42, 0x83, 0x45, 0x83, 0xE1
	.byte 0x48, 0x8C, 0x98, 0xD5, 0x45, 0x8C, 0x41, 0x86, 0xD2, 0x39, 0x83, 0x3E, 0x83, 0xD5, 0x42, 0x98
	.byte 0x43, 0x8C, 0x45, 0x86, 0xD2, 0x3E, 0x83, 0x43, 0x83, 0xD5, 0x47, 0x98, 0x43, 0x8C, 0x3E, 0x8C
	.byte 0x43, 0x8C, 0x4A, 0x8C, 0x47, 0x8C, 0x4A, 0x8C, 0x48, 0x8C, 0x45, 0x8C, 0x42, 0x86, 0xD2, 0x45
	.byte 0x83, 0x48, 0x83, 0xD5, 0x4A, 0x98, 0xD2, 0x32, 0xD5, 0x56, 0x83, 0xD2, 0x36, 0x83, 0x39, 0x83
	.byte 0x3C, 0x83, 0xD5, 0x3E, 0x98, 0xB2, 0xB9, 0x4A, 0x8B, 0x08, 0xB1

	.globl SongHeader_MUS_ENCOUNTER_TWINS
SongHeader_MUS_ENCOUNTER_TWINS: @ 0x088B4B18
	@ M4A song header: song 449 (MUS_ENCOUNTER_TWINS)
	m4a_song_header 10, 0, 0, 0xB2, 0x0861A39C
	.4byte SongTrack_MUS_ENCOUNTER_TWINS_01
	.4byte SongTrack_MUS_ENCOUNTER_TWINS_02
	.4byte SongTrack_MUS_ENCOUNTER_TWINS_03
	.4byte SongTrack_MUS_ENCOUNTER_TWINS_04
	.4byte SongTrack_MUS_ENCOUNTER_TWINS_05
	.4byte SongTrack_MUS_ENCOUNTER_TWINS_06
	.4byte SongTrack_MUS_ENCOUNTER_TWINS_07
	.4byte SongTrack_MUS_ENCOUNTER_TWINS_08
	.4byte SongTrack_MUS_ENCOUNTER_TWINS_09
	.4byte SongTrack_MUS_ENCOUNTER_TWINS_10

	.globl SongTrack_MUS_ENCOUNTER_ELITE_FOUR_01
SongTrack_MUS_ENCOUNTER_ELITE_FOUR_01: @ 0x088B4B48
	@ M4A track start proven by song header pointer
	.byte 0xBC, 0x00, 0xBB, 0x43, 0xBD, 0x7F, 0xC2, 0x2C, 0xC1, 0x0C, 0xBE, 0x33, 0xBF, 0x7E, 0x98, 0x8C
	.byte 0xD2, 0x5B, 0x48, 0x86, 0xD2, 0x92, 0xD2, 0x86, 0xD2, 0x92, 0xD2, 0x86, 0xD2, 0x92, 0xD2, 0x86
	.byte 0xD2, 0x86, 0xB4, 0xB3, 0x57, 0x4B, 0x8B, 0x08, 0xB3, 0x57, 0x4B, 0x8B, 0x08, 0xB3, 0x57, 0x4B
	.byte 0x8B, 0x08, 0xB3, 0x57, 0x4B, 0x8B, 0x08, 0xB3, 0x57, 0x4B, 0x8B, 0x08, 0xB3, 0x57, 0x4B, 0x8B
	.byte 0x08, 0xB3, 0x57, 0x4B, 0x8B, 0x08, 0xB0, 0xB0, 0xB0, 0xB0, 0xB2, 0x57, 0x4B, 0x8B, 0x08, 0xB1

	.globl SongTrack_MUS_ENCOUNTER_ELITE_FOUR_02
SongTrack_MUS_ENCOUNTER_ELITE_FOUR_02: @ 0x088B4B98
	@ M4A track start proven by song header pointer
	.byte 0xBC, 0x00, 0xBD, 0x26, 0xC1, 0x0C, 0xC2, 0x2C, 0xC1, 0x0C, 0xC2, 0x2C, 0xBF, 0x40, 0xBE, 0x4E
	.byte 0x98, 0xBD, 0x26, 0xC0, 0x3B, 0xDB, 0x23, 0x70, 0x86, 0xC0, 0x40, 0x86, 0xD2, 0x2A, 0x86, 0xD5
	.byte 0x23, 0x86, 0xDB, 0x29, 0x86, 0xC0, 0x44, 0x86, 0x40, 0xD5, 0x23, 0x8C, 0xDB, 0x2E, 0x86, 0xC0
	.byte 0x44, 0x86, 0x40, 0xDB, 0x2A, 0x86, 0xC0, 0x44, 0x86, 0x40, 0xD5, 0x23, 0x86, 0xD2, 0x24, 0x86
	.byte 0xC0, 0x3C, 0xDB, 0x86, 0xC0, 0x40, 0x86, 0xDB, 0x23, 0x8C, 0xD2, 0x2A, 0x86, 0xD5, 0x23, 0x86
	.byte 0xDB, 0x29, 0x8C, 0xD5, 0x23, 0x9C, 0xC0, 0x3A, 0xE7, 0x24, 0x86, 0xC0, 0x40, 0x92, 0x3B, 0xDB
	.byte 0x23, 0x86, 0xC0, 0x40, 0x86, 0xD2, 0x2A, 0x86, 0xD5, 0x23, 0x86, 0xDB, 0x29, 0x86, 0xC0, 0x44
	.byte 0x86, 0x40, 0xD5, 0x23, 0x8C, 0xDB, 0x2E, 0x86, 0xC0, 0x44, 0x86, 0x40, 0xDB, 0x2A, 0x86, 0xC0
	.byte 0x44, 0x86, 0x40, 0xD5, 0x23, 0x86, 0xD2, 0x24, 0x86, 0xC0, 0x3C, 0xDB, 0x86, 0xC0, 0x40, 0x86
	.byte 0xDB, 0x23, 0x8C, 0xD2, 0x2A, 0x86, 0xD5, 0x23, 0x86, 0xDB, 0x29, 0x8C, 0xD5, 0x23, 0x9C, 0xC0
	.byte 0x3A, 0xD5, 0x86, 0xC0, 0x40, 0xD5, 0x24, 0x86, 0x28, 0x86, 0x2A, 0x86, 0xC0, 0x3B, 0xDB, 0x26
	.byte 0x70, 0x86, 0xC0, 0x40, 0x86, 0xD2, 0x2D, 0x86, 0xD5, 0x26, 0x86, 0xDB, 0x2C, 0x86, 0xC0, 0x44
	.byte 0x86, 0x40, 0xD5, 0x26, 0x8C, 0xDB, 0x31, 0x86, 0xC0, 0x44, 0x86, 0x40, 0xDB, 0x2D, 0x86, 0xC0
	.byte 0x44, 0x86, 0x40, 0xD5, 0x26, 0x86, 0xD2, 0x27, 0x86, 0xC0, 0x3C, 0xDB, 0x86, 0xC0, 0x40, 0x86
	.byte 0xB4, 0xDB, 0x26, 0x8C, 0xD2, 0x2D, 0x86, 0xD5, 0x26, 0x86, 0xDB, 0x2C, 0x8C, 0xD5, 0x26, 0x98
	.byte 0xD2, 0x21, 0x86, 0xD2, 0x86, 0xC0, 0x3A, 0xE7, 0x27, 0x86, 0xC0, 0x40, 0x92, 0xB3, 0x44, 0x4C
	.byte 0x8B, 0x08, 0xC0, 0x3B, 0xDB, 0x26, 0x70, 0x86, 0xC0, 0x40, 0x86, 0xD2, 0x2D, 0x86, 0xD5, 0x26
	.byte 0x86, 0xDB, 0x2C, 0x86, 0xC0, 0x44, 0x86, 0x40, 0xD5, 0x26, 0x8C, 0xD5, 0x86, 0x24, 0x8C, 0x21
	.byte 0x86, 0x24, 0x86, 0x22, 0x92, 0xC0, 0x3B, 0xD5, 0x26, 0x70, 0x86, 0xC0, 0x40, 0xD2, 0x32, 0x86
	.byte 0x2D, 0x86, 0xD5, 0x32, 0x86, 0x25, 0x86, 0xC0, 0x44, 0xD2, 0x31, 0x86, 0xC0, 0x40, 0xD2, 0x2C
	.byte 0x86, 0xD5, 0x31, 0x86, 0x24, 0x86, 0xC0, 0x44, 0xD2, 0x30, 0x86, 0xC0, 0x40, 0xD2, 0x2B, 0x86
	.byte 0xC0, 0x44, 0xD5, 0x30, 0x86, 0xC0, 0x40, 0xD2, 0x23, 0x83, 0x24, 0x83, 0x23, 0x83, 0x24, 0x83
	.byte 0xC0, 0x3C, 0xD2, 0x23, 0x83, 0x24, 0x83, 0xC0, 0x40, 0xD2, 0x23, 0x83, 0x24, 0x83, 0xB4, 0xD5
	.byte 0x26, 0x86, 0xD2, 0x32, 0x86, 0x2D, 0x86, 0xD5, 0x32, 0x86, 0x25, 0x86, 0xD2, 0x31, 0x86, 0x2C
	.byte 0x86, 0xD5, 0x31, 0x86, 0x24, 0x86, 0xD2, 0x30, 0x86, 0x2B, 0x86, 0xD5, 0x30, 0x86, 0xC0, 0x3A
	.byte 0xD2, 0x23, 0x83, 0x24, 0x83, 0xC0, 0x40, 0xD2, 0x23, 0x83, 0x24, 0x83, 0x23, 0x83, 0x24, 0x83
	.byte 0x23, 0x83, 0x24, 0x83, 0xB3, 0xBD, 0x4C, 0x8B, 0x08, 0xD5, 0x21, 0x70, 0x8C, 0xD2, 0x86, 0xD2
	.byte 0x8C, 0xD5, 0x86, 0xDB, 0x22, 0x8C, 0xD2, 0x21, 0x86, 0x2D, 0x86, 0xDB, 0x21, 0x8C, 0xE7, 0x2D
	.byte 0x83, 0xC0, 0x3A, 0x82, 0x34, 0x83, 0x2C, 0x84, 0x24, 0x82, 0x1A, 0x83, 0x10, 0x83, 0x05, 0x84
	.byte 0xB2, 0xA9, 0x4B, 0x8B, 0x08, 0xB1

	.globl SongTrack_MUS_ENCOUNTER_ELITE_FOUR_03
SongTrack_MUS_ENCOUNTER_ELITE_FOUR_03: @ 0x088B4D6E
	@ M4A track start proven by song header pointer
	.byte 0xBC, 0x00, 0xC2, 0x2C, 0xC1, 0x0C, 0xBE, 0x44, 0xBF, 0x3F, 0x98, 0xBD, 0x0D, 0xBF, 0x20, 0xBE
	.byte 0x40, 0x8C, 0xD2, 0x5F, 0x58, 0x83, 0xD5, 0x5F, 0x24, 0x89, 0xBF, 0x29, 0xD2, 0x5D, 0x60, 0x83
	.byte 0xD5, 0x5D, 0x24, 0x89, 0xBF, 0x39, 0xD2, 0x5B, 0x60, 0x83, 0xD5, 0x5B, 0x24, 0x89, 0xBF, 0x54
	.byte 0xD2, 0x5A, 0x60, 0x83, 0x5A, 0x24, 0x83, 0x58, 0x60, 0x83, 0xD5, 0x58, 0x24, 0x89, 0xD2, 0x56
	.byte 0x60, 0x83, 0xD5, 0x56, 0x24, 0x83, 0xBF, 0x5C, 0x86, 0xD2, 0x5A, 0x60, 0x83, 0x5A, 0x24, 0x83
	.byte 0xDB, 0x53, 0x60, 0x8C, 0xBD, 0x18, 0xBF, 0x26, 0xBE, 0x49, 0xC4, 0x08, 0xDB, 0x2F, 0x70, 0x8C
	.byte 0xD2, 0x2E, 0x86, 0x2F, 0x86, 0xD5, 0x86, 0xD2, 0x2E, 0x86, 0x2F, 0x86, 0xD2, 0x86, 0xD2, 0x86
	.byte 0xD2, 0x86, 0xE7, 0x30, 0x8C, 0xC4, 0x13, 0x8C, 0x08, 0xD8, 0x2D, 0x89, 0xD2, 0x2E, 0x83, 0xBD
	.byte 0x18, 0xC4, 0x00, 0xBF, 0x60, 0xBE, 0x3A, 0x8C, 0xD2, 0x5F, 0x83, 0xD5, 0x5F, 0x24, 0x89, 0xBF
	.byte 0x5D, 0xD2, 0x5D, 0x70, 0x83, 0xD5, 0x5D, 0x24, 0x86, 0xBF, 0x50, 0x83, 0xD2, 0x5B, 0x70, 0x83
	.byte 0xD5, 0x5B, 0x24, 0x89, 0xBF, 0x30, 0xD2, 0x5A, 0x70, 0x83, 0x5A, 0x24, 0x83, 0x58, 0x70, 0x83
	.byte 0xD5, 0x58, 0x24, 0x89, 0xD2, 0x56, 0x70, 0x83, 0xD5, 0x56, 0x24, 0x83, 0xBF, 0x25, 0x86, 0xD2
	.byte 0x52, 0x70, 0x83, 0x52, 0x24, 0x83, 0xDB, 0x5A, 0x70, 0x8C, 0xBD, 0x38, 0xBF, 0x25, 0xBE, 0x49
	.byte 0xC4, 0x08, 0xDB, 0x2F, 0x8C, 0xD2, 0x2E, 0x86, 0x2F, 0x86, 0xD5, 0x86, 0xD2, 0x2E, 0x86, 0x2F
	.byte 0x86, 0xD2, 0x86, 0xD2, 0x86, 0xD2, 0x83, 0xBF, 0x25, 0x83, 0xBD, 0x11, 0xBE, 0x44, 0xD2, 0x48
	.byte 0x40, 0x83, 0x49, 0x83, 0xBF, 0x32, 0xD2, 0x4A, 0x83, 0x4C, 0x83, 0xBF, 0x40, 0xD2, 0x4A, 0x83
	.byte 0x4C, 0x83, 0xBF, 0x52, 0xD2, 0x4E, 0x83, 0x4F, 0x83, 0xBF, 0x60, 0xD2, 0x4E, 0x83, 0x4F, 0x83
	.byte 0x51, 0x83, 0x52, 0x83, 0xBD, 0x0D, 0xC4, 0x00, 0xBF, 0x20, 0xBE, 0x40, 0x8C, 0xD2, 0x62, 0x50
	.byte 0x83, 0xD5, 0x62, 0x24, 0x89, 0xBF, 0x28, 0xD2, 0x60, 0x60, 0x83, 0xD5, 0x60, 0x24, 0x89, 0xBF
	.byte 0x38, 0xD2, 0x5E, 0x60, 0x83, 0xD5, 0x5E, 0x24, 0x89, 0xBF, 0x53, 0xD2, 0x5D, 0x60, 0x83, 0x5D
	.byte 0x24, 0x83, 0x5B, 0x60, 0x83, 0xD5, 0x5B, 0x24, 0x89, 0xD2, 0x59, 0x60, 0x83, 0xD5, 0x59, 0x24
	.byte 0x83, 0xBF, 0x60, 0x86, 0xD2, 0x5D, 0x60, 0x83, 0x5D, 0x24, 0x83, 0xDB, 0x56, 0x60, 0x8C, 0xBD
	.byte 0x18, 0xBF, 0x25, 0xBE, 0x4A, 0xC4, 0x09, 0xDB, 0x32, 0x70, 0x8C, 0xD2, 0x31, 0x86, 0x32, 0x86
	.byte 0xD5, 0x86, 0xD2, 0x31, 0x86, 0x32, 0x86, 0xD2, 0x86, 0xD2, 0x86, 0xD2, 0x86, 0xDB, 0x33, 0x83
	.byte 0xC4, 0x0F, 0x89, 0xBD, 0x18, 0xBE, 0x44, 0xBF, 0x58, 0xC4, 0x09, 0xD2, 0x5D, 0x58, 0x83, 0x5E
	.byte 0x44, 0x83, 0x5D, 0x40, 0x86, 0x5B, 0x58, 0x86, 0x59, 0x4C, 0x86, 0xBD, 0x18, 0xC4, 0x00, 0xBF
	.byte 0x60, 0xBE, 0x3A, 0x8C, 0xD2, 0x62, 0x5C, 0x83, 0xD5, 0x62, 0x24, 0x89, 0xBF, 0x55, 0xD2, 0x60
	.byte 0x60, 0x83, 0xD5, 0x60, 0x24, 0x89, 0xBF, 0x48, 0xD2, 0x5E, 0x70, 0x83, 0xD5, 0x5E, 0x24, 0x89
	.byte 0xBF, 0x30, 0xD2, 0x5D, 0x70, 0x83, 0x5D, 0x24, 0x83, 0x5B, 0x70, 0x83, 0xD5, 0x5B, 0x24, 0x89
	.byte 0xD2, 0x59, 0x70, 0x83, 0xD5, 0x59, 0x24, 0x83, 0xBF, 0x25, 0x86, 0xD2, 0x55, 0x70, 0x83, 0x55
	.byte 0x24, 0x83, 0xDB, 0x5D, 0x70, 0x8C, 0xBD, 0x38, 0xBF, 0x25, 0xBE, 0x4A, 0xC4, 0x09, 0xDB, 0x32
	.byte 0x8C, 0xD2, 0x31, 0x86, 0x32, 0x86, 0xD5, 0x86, 0xD2, 0x31, 0x86, 0x32, 0x86, 0xD2, 0x86, 0xD2
	.byte 0x86, 0xD2, 0x86, 0xBD, 0x11, 0xBE, 0x44, 0xBF, 0x73, 0xD2, 0x4B, 0x40, 0x83, 0x4C, 0x83, 0xBF
	.byte 0x5E, 0xD2, 0x4D, 0x83, 0x4F, 0x83, 0xBF, 0x40, 0xD2, 0x4D, 0x83, 0x4F, 0x83, 0xBF, 0x2F, 0xD2
	.byte 0x51, 0x83, 0xBF, 0x29, 0xD2, 0x52, 0x83, 0x51, 0x83, 0xBF, 0x1A, 0xD2, 0x52, 0x83, 0x54, 0x83
	.byte 0x55, 0x83, 0xBD, 0x18, 0xC4, 0x00, 0xBF, 0x34, 0xC0, 0x3A, 0xD2, 0x51, 0x70, 0x86, 0xC0, 0x40
	.byte 0xD2, 0x8C, 0xD5, 0x86, 0xD2, 0x50, 0x86, 0xD2, 0x8C, 0xD5, 0x86, 0xD2, 0x4F, 0x86, 0xD5, 0x46
	.byte 0x86, 0xDB, 0x4F, 0x8C, 0x4D, 0x8C, 0x4F, 0x8C, 0xBD, 0x38, 0xBF, 0x26, 0xC4, 0x08, 0xBE, 0x4E
	.byte 0xD2, 0x39, 0x86, 0xD2, 0x8C, 0xD5, 0x86, 0xD2, 0x38, 0x86, 0xD2, 0x8C, 0xD5, 0x86, 0xD2, 0x37
	.byte 0x86, 0xD5, 0x2E, 0x86, 0xDB, 0x37, 0x8C, 0xE7, 0x3A, 0x8C, 0xC4, 0x15, 0x8C, 0xBD, 0x26, 0xC4
	.byte 0x0A, 0xBF, 0x40, 0xBE, 0x37, 0xD2, 0x51, 0x5C, 0x86, 0xD2, 0x8C, 0xD5, 0x86, 0xD2, 0x50, 0x86
	.byte 0xD2, 0x8C, 0xD5, 0x86, 0xD2, 0x4F, 0x86, 0xD5, 0x46, 0x86, 0xDB, 0x4F, 0x4C, 0x8C, 0x4D, 0x8C
	.byte 0x4F, 0x8C, 0xC4, 0x00, 0xD5, 0x51, 0x54, 0x86, 0xD2, 0x45, 0x86, 0x51, 0x86, 0xD2, 0x8C, 0xD5
	.byte 0x45, 0x86, 0xD2, 0x51, 0x8C, 0x45, 0x86, 0xD5, 0x44, 0x86, 0xD2, 0x45, 0x8C, 0xBD, 0x11, 0xBF
	.byte 0x6C, 0xBE, 0x3C, 0xD2, 0x51, 0x48, 0x83, 0x50, 0x83, 0xBF, 0x5B, 0xD2, 0x4F, 0x83, 0x4E, 0x83
	.byte 0xBF, 0x33, 0xD2, 0x4D, 0x83, 0x4C, 0x83, 0xBF, 0x18, 0xD2, 0x4B, 0x83, 0x4A, 0x83, 0xB2, 0x79
	.byte 0x4D, 0x8B, 0x08, 0xBF, 0x46, 0xB1

	.globl SongTrack_MUS_ENCOUNTER_ELITE_FOUR_04
SongTrack_MUS_ENCOUNTER_ELITE_FOUR_04: @ 0x088B5054
	@ M4A track start proven by song header pointer
	.byte 0xBC, 0x00, 0xBD, 0x7E, 0xC2, 0x2C, 0xC1, 0x0C, 0xBF, 0x02, 0xBE, 0x1B, 0x98, 0xD5, 0x58, 0x70
	.byte 0x98, 0xD5, 0x98, 0xD5, 0x98, 0xD5, 0x98, 0xB4, 0xB3, 0x61, 0x50, 0x8B, 0x08, 0xB3, 0x61, 0x50
	.byte 0x8B, 0x08, 0xB3, 0x61, 0x50, 0x8B, 0x08, 0xB3, 0x61, 0x50, 0x8B, 0x08, 0xB3, 0x61, 0x50, 0x8B
	.byte 0x08, 0xB3, 0x61, 0x50, 0x8B, 0x08, 0xB3, 0x61, 0x50, 0x8B, 0x08, 0xB0, 0xB0, 0xB0, 0xB0, 0xB2
	.byte 0x61, 0x50, 0x8B, 0x08, 0xB1

	.globl SongTrack_MUS_ENCOUNTER_ELITE_FOUR_05
SongTrack_MUS_ENCOUNTER_ELITE_FOUR_05: @ 0x088B5099
	@ M4A track start proven by song header pointer
	.byte 0xBC, 0x00, 0xBD, 0x53, 0xC2, 0x2C, 0xCD, 0x08, 0x12, 0x08, 0x10, 0xC1, 0x0C, 0xBE, 0x27, 0xBF
	.byte 0x03, 0x98, 0xC4, 0x02, 0xC0, 0x40, 0xDB, 0x36, 0x70, 0x8C, 0xD2, 0x35, 0x86, 0x36, 0x86, 0xD5
	.byte 0x86, 0xD2, 0x35, 0x86, 0x36, 0x86, 0xD2, 0x86, 0xDB, 0x8C, 0xD2, 0x35, 0x86, 0x36, 0x86, 0xD5
	.byte 0x86, 0xD2, 0x35, 0x86, 0x36, 0x86, 0xD2, 0x86, 0xDB, 0x8C, 0xD2, 0x35, 0x86, 0x36, 0x86, 0xD5
	.byte 0x86, 0xD2, 0x35, 0x86, 0x36, 0x86, 0xD2, 0x86, 0xD2, 0x86, 0xD2, 0x86, 0xE7, 0x37, 0x8C, 0xC4
	.byte 0x08, 0x8C, 0x00, 0xD8, 0x34, 0x89, 0xD2, 0x35, 0x83, 0xC4, 0x02, 0xDB, 0x36, 0x8C, 0xD2, 0x35
	.byte 0x86, 0x36, 0x86, 0xD5, 0x86, 0xD2, 0x35, 0x86, 0x36, 0x86, 0xD2, 0x86, 0xDB, 0x8C, 0xD2, 0x35
	.byte 0x86, 0x36, 0x86, 0xD5, 0x86, 0xD2, 0x35, 0x86, 0x36, 0x86, 0xD2, 0x86, 0xDB, 0x8C, 0xD2, 0x35
	.byte 0x86, 0x36, 0x86, 0xD5, 0x86, 0xD2, 0x35, 0x86, 0x36, 0x86, 0xD2, 0x86, 0xD2, 0x86, 0xD2, 0x86
	.byte 0xE7, 0x37, 0x8C, 0xC4, 0x07, 0x8C, 0xD2, 0x36, 0x40, 0x83, 0xC4, 0x00, 0xD2, 0x35, 0x83, 0x34
	.byte 0x83, 0x33, 0x83, 0xC4, 0x02, 0xDB, 0x39, 0x70, 0x8C, 0xD2, 0x38, 0x86, 0x39, 0x86, 0xD5, 0x86
	.byte 0xD2, 0x38, 0x86, 0x39, 0x86, 0xD2, 0x86, 0xDB, 0x8C, 0xD2, 0x38, 0x86, 0x39, 0x86, 0xD5, 0x86
	.byte 0xD2, 0x38, 0x86, 0x39, 0x86, 0xD2, 0x86, 0xB4, 0xDB, 0x8C, 0xD2, 0x38, 0x86, 0x39, 0x86, 0xD5
	.byte 0x86, 0xD2, 0x38, 0x86, 0x39, 0x86, 0xD2, 0x86, 0xD2, 0x86, 0xD2, 0x86, 0xE7, 0x3A, 0x8C, 0xC4
	.byte 0x07, 0x8C, 0x00, 0xD5, 0x37, 0x86, 0x38, 0x86, 0xB3, 0x3C, 0x51, 0x8B, 0x08, 0xDB, 0x39, 0x70
	.byte 0x8C, 0xD2, 0x38, 0x86, 0x39, 0x86, 0xD5, 0x86, 0xD2, 0x38, 0x86, 0x39, 0x86, 0xD2, 0x86, 0xD5
	.byte 0x86, 0x3A, 0x8C, 0x3C, 0x86, 0x3A, 0x86, 0x3C, 0x8C, 0x3E, 0x86, 0xC0, 0x40, 0xD2, 0x4D, 0x86
	.byte 0xD2, 0x8C, 0xD5, 0x86, 0xD2, 0x4C, 0x86, 0xD2, 0x8C, 0xD5, 0x86, 0xD2, 0x4B, 0x86, 0xD5, 0x43
	.byte 0x86, 0xDB, 0x4B, 0x8C, 0x49, 0x8C, 0x4B, 0x8C, 0xD2, 0x4D, 0x86, 0xD2, 0x8C, 0xD5, 0x86, 0xD2
	.byte 0x4C, 0x86, 0xD2, 0x8C, 0xD5, 0x86, 0xD2, 0x4B, 0x86, 0xD5, 0x43, 0x86, 0xDB, 0x4B, 0x8C, 0xE7
	.byte 0x4C, 0x8C, 0xC4, 0x07, 0x8C, 0x02, 0xD2, 0x4D, 0x86, 0xD2, 0x8C, 0xD5, 0x86, 0xD2, 0x4C, 0x86
	.byte 0xD2, 0x8C, 0xD5, 0x86, 0xD2, 0x4B, 0x86, 0xD5, 0x43, 0x86, 0xDB, 0x4B, 0x8C, 0x49, 0x8C, 0x4B
	.byte 0x8C, 0xD5, 0x4C, 0x86, 0xD2, 0x40, 0x86, 0x4C, 0x86, 0xD2, 0x8C, 0xD5, 0x40, 0x86, 0xD2, 0x4C
	.byte 0x8C, 0x40, 0x8C, 0xD2, 0x8C, 0x4C, 0x83, 0x4B, 0x83, 0x4A, 0x83, 0x49, 0x83, 0x48, 0x83, 0x47
	.byte 0x83, 0x46, 0x83, 0x45, 0x83, 0xB2, 0xAB, 0x50, 0x8B, 0x08, 0xB1

	.globl SongTrack_MUS_ENCOUNTER_ELITE_FOUR_06
SongTrack_MUS_ENCOUNTER_ELITE_FOUR_06: @ 0x088B5224
	@ M4A track start proven by song header pointer
	.byte 0xBC, 0x00, 0xBD, 0x51, 0xC2, 0x2C, 0xCD, 0x08, 0x12, 0x08, 0x10, 0xC1, 0x0C, 0xBE, 0x27, 0xBF
	.byte 0x7F, 0x98, 0x8C, 0xD2, 0x5A, 0x70, 0x8C, 0x58, 0x8C, 0x56, 0x8C, 0x55, 0x86, 0x53, 0x8C, 0x51
	.byte 0x8C, 0x55, 0x86, 0xDB, 0x4E, 0x8C, 0x42, 0x8C, 0xD2, 0x41, 0x86, 0x42, 0x86, 0xD5, 0x86, 0xD2
	.byte 0x41, 0x86, 0x42, 0x86, 0xD2, 0x86, 0xD2, 0x86, 0xD2, 0x86, 0xE7, 0x43, 0x98, 0xD8, 0x40, 0x89
	.byte 0xD2, 0x41, 0x83, 0x8C, 0x5A, 0x8C, 0x58, 0x8C, 0x56, 0x8C, 0x55, 0x86, 0x53, 0x8C, 0x51, 0x8C
	.byte 0x4C, 0x86, 0xDB, 0x53, 0x8C, 0x42, 0x8C, 0xD2, 0x41, 0x86, 0x42, 0x86, 0xD5, 0x86, 0xD2, 0x41
	.byte 0x86, 0x42, 0x86, 0xD2, 0x86, 0xD2, 0x86, 0xD2, 0x86, 0x43, 0x83, 0x44, 0x83, 0x45, 0x83, 0x46
	.byte 0x83, 0x45, 0x83, 0x46, 0x83, 0x48, 0x83, 0x4A, 0x83, 0x48, 0x83, 0x4A, 0x83, 0x4C, 0x83, 0x4F
	.byte 0x83, 0x8C, 0x5D, 0x8C, 0x5B, 0x8C, 0x59, 0x8C, 0x58, 0x86, 0x56, 0x8C, 0x54, 0x8C, 0x58, 0x86
	.byte 0xDB, 0x51, 0x8C, 0x45, 0x8C, 0xD2, 0x44, 0x86, 0x45, 0x86, 0xD5, 0x86, 0xD2, 0x44, 0x86, 0x45
	.byte 0x86, 0xD2, 0x86, 0xD2, 0x86, 0xD2, 0x86, 0xDB, 0x46, 0x8C, 0xD2, 0x56, 0x83, 0x57, 0x83, 0x56
	.byte 0x86, 0x54, 0x86, 0x52, 0x86, 0x8C, 0x5D, 0x8C, 0x5B, 0x8C, 0x59, 0x8C, 0x58, 0x86, 0x56, 0x8C
	.byte 0x54, 0x8C, 0x4F, 0x86, 0xDB, 0x56, 0x8C, 0x45, 0x8C, 0xD2, 0x44, 0x86, 0x45, 0x86, 0xD5, 0x86
	.byte 0xD2, 0x44, 0x86, 0x45, 0x86, 0xD2, 0x86, 0xD2, 0x86, 0xD2, 0x86, 0x46, 0x83, 0x47, 0x83, 0x48
	.byte 0x83, 0x49, 0x83, 0x48, 0x83, 0x49, 0x83, 0x4B, 0x83, 0x4D, 0x83, 0x4B, 0x83, 0x4D, 0x83, 0x4F
	.byte 0x83, 0x52, 0x83, 0xBE, 0x36, 0xD5, 0x5D, 0x86, 0x5D, 0x24, 0x86, 0x5D, 0x70, 0x86, 0x5D, 0x24
	.byte 0x86, 0xBF, 0x03, 0x86, 0xD5, 0x5D, 0x70, 0x86, 0x5D, 0x24, 0x8C, 0xBF, 0x7F, 0xD5, 0x5D, 0x70
	.byte 0x86, 0x4F, 0x86, 0x51, 0x86, 0x5D, 0x86, 0xBF, 0x03, 0xD5, 0x5D, 0x24, 0x8C, 0x5D, 0x70, 0x86
	.byte 0x5D, 0x24, 0x86, 0xBF, 0x7F, 0xD5, 0x5D, 0x70, 0x86, 0x5D, 0x24, 0x86, 0x5D, 0x70, 0x86, 0x5D
	.byte 0x24, 0x86, 0xBF, 0x03, 0x86, 0xD5, 0x5D, 0x70, 0x86, 0x5D, 0x24, 0x8C, 0xBF, 0x7F, 0xD5, 0x5D
	.byte 0x70, 0x86, 0x5D, 0x24, 0x86, 0x51, 0x70, 0x86, 0x5D, 0x86, 0xBF, 0x03, 0xD5, 0x5D, 0x24, 0x8C
	.byte 0x5D, 0x70, 0x86, 0x5D, 0x24, 0x86, 0xB4, 0xB3, 0x47, 0x53, 0x8B, 0x08, 0xBF, 0x7F, 0xD5, 0x51
	.byte 0x70, 0x8C, 0xD2, 0x86, 0xD2, 0x86, 0xBF, 0x03, 0x86, 0xD5, 0x86, 0xD2, 0x8C, 0xBF, 0x7F, 0xD2
	.byte 0x8C, 0xD2, 0x8C, 0xBE, 0x27, 0xD2, 0x55, 0x83, 0x54, 0x83, 0x53, 0x83, 0x52, 0x83, 0x51, 0x83
	.byte 0x50, 0x83, 0x4F, 0x83, 0x4E, 0x83, 0xB2, 0x36, 0x52, 0x8B, 0x08, 0xBF, 0x7F, 0xB1

	.globl SongTrack_MUS_ENCOUNTER_ELITE_FOUR_07
SongTrack_MUS_ENCOUNTER_ELITE_FOUR_07: @ 0x088B53B2
	@ M4A track start proven by song header pointer
	.byte 0xBC, 0x00, 0xBD, 0x00, 0xBF, 0x40, 0xBE, 0x42, 0xD5, 0x24, 0x70, 0xE7, 0x39, 0x4C, 0x86, 0xD5
	.byte 0x24, 0x70, 0x86, 0xD2, 0x26, 0x83, 0xD2, 0x83, 0xD5, 0x86, 0xEF, 0x39, 0x70, 0x92, 0xD5, 0x24
	.byte 0x86, 0x28, 0x8C, 0x24, 0x98, 0xD5, 0x86, 0x24, 0x60, 0x86, 0x28, 0x70, 0x8C, 0x24, 0x8C, 0xB4
	.byte 0xD5, 0x24, 0x70, 0x92, 0xD5, 0x86, 0x28, 0x8C, 0x24, 0x98, 0xD5, 0x86, 0x24, 0x60, 0x86, 0x28
	.byte 0x70, 0x8C, 0x24, 0x8C, 0xB4, 0xB3, 0xCC, 0x53, 0x8B, 0x08, 0xB3, 0xE2, 0x53, 0x8B, 0x08, 0xEF
	.byte 0x39, 0x70, 0x92, 0xD5, 0x24, 0x86, 0x28, 0x8C, 0x24, 0x98, 0xD5, 0x86, 0x24, 0x60, 0x86, 0x28
	.byte 0x70, 0x98, 0xB4, 0x92, 0x24, 0x86, 0x28, 0x8C, 0x24, 0x98, 0xD5, 0x86, 0x24, 0x60, 0x86, 0x28
	.byte 0x70, 0x98, 0xB3, 0x01, 0x54, 0x8B, 0x08, 0xD5, 0x24, 0x70, 0x92, 0xD5, 0x86, 0x28, 0x8C, 0x24
	.byte 0x8C, 0xD5, 0x92, 0x28, 0x86, 0xD5, 0x98, 0xD5, 0x28, 0x70, 0x86, 0xD5, 0x8C, 0xD5, 0x86, 0xD5
	.byte 0x86, 0xD5, 0x8C, 0xD5, 0x86, 0x24, 0x86, 0xD5, 0x86, 0x28, 0x8C, 0xD5, 0x8C, 0xD5, 0x8C, 0xB4
	.byte 0xB3, 0x39, 0x54, 0x8B, 0x08, 0xB3, 0x39, 0x54, 0x8B, 0x08, 0xD5, 0x28, 0x70, 0x8C, 0xD5, 0x86
	.byte 0xD5, 0x8C, 0x24, 0x86, 0x28, 0x8C, 0x24, 0x8C, 0xD5, 0x8C, 0xD2, 0x28, 0xE7, 0x39, 0x83, 0xD2
	.byte 0x28, 0x95, 0xB2, 0xCC, 0x53, 0x8B, 0x08, 0xB1

	.globl SongTrack_MUS_ENCOUNTER_ELITE_FOUR_08
SongTrack_MUS_ENCOUNTER_ELITE_FOUR_08: @ 0x088B547A
	@ M4A track start proven by song header pointer
	.byte 0xBC, 0x00, 0xBD, 0x54, 0xC2, 0x2C, 0xCD, 0x08, 0x12, 0x08, 0x10, 0xC1, 0x0C, 0xBF, 0x40, 0xBE
	.byte 0x34, 0x98, 0xC4, 0x08, 0xC0, 0x3C, 0xDB, 0x2F, 0x70, 0x83, 0xC4, 0x02, 0x83, 0xC0, 0x40, 0x86
	.byte 0xD2, 0x2E, 0x86, 0x2F, 0x86, 0xD5, 0x86, 0xD2, 0x2E, 0x86, 0x2F, 0x86, 0xD2, 0x86, 0xDB, 0x8C
	.byte 0xD2, 0x2E, 0x86, 0x2F, 0x86, 0xD5, 0x86, 0xD2, 0x2E, 0x86, 0x2F, 0x86, 0xD2, 0x86, 0xDB, 0x8C
	.byte 0xD2, 0x2E, 0x86, 0x2F, 0x86, 0xD5, 0x86, 0xD2, 0x2E, 0x86, 0x2F, 0x86, 0xD2, 0x86, 0xD2, 0x86
	.byte 0xD2, 0x86, 0xE1, 0x30, 0x86, 0xC4, 0x0F, 0x8C, 0x00, 0xD2, 0x2F, 0x83, 0x2E, 0x83, 0xD8, 0x2D
	.byte 0x89, 0xD2, 0x2E, 0x83, 0xC4, 0x02, 0xDB, 0x2F, 0x8C, 0xD2, 0x2E, 0x86, 0x2F, 0x86, 0xD5, 0x86
	.byte 0xD2, 0x2E, 0x86, 0x2F, 0x86, 0xD2, 0x86, 0xDB, 0x8C, 0xD2, 0x2E, 0x86, 0x2F, 0x86, 0xD5, 0x86
	.byte 0xD2, 0x2E, 0x86, 0x2F, 0x86, 0xD2, 0x86, 0xDB, 0x8C, 0xD2, 0x2E, 0x86, 0x2F, 0x86, 0xD5, 0x86
	.byte 0xD2, 0x2E, 0x86, 0x2F, 0x86, 0xD2, 0x86, 0xD2, 0x86, 0xD2, 0x86, 0xE7, 0x30, 0x86, 0xC4, 0x0E
	.byte 0x92, 0xD2, 0x2F, 0x58, 0x83, 0xC4, 0x00, 0xD2, 0x2E, 0x83, 0x2D, 0x83, 0x2C, 0x83, 0xC4, 0x02
	.byte 0xDB, 0x32, 0x70, 0x8C, 0xD2, 0x31, 0x86, 0x32, 0x86, 0xD5, 0x86, 0xD2, 0x31, 0x86, 0x32, 0x86
	.byte 0xD2, 0x86, 0xDB, 0x8C, 0xD2, 0x31, 0x86, 0x32, 0x86, 0xD5, 0x86, 0xD2, 0x31, 0x86, 0x32, 0x86
	.byte 0xD2, 0x86, 0xDB, 0x8C, 0xD2, 0x31, 0x86, 0x32, 0x86, 0xD5, 0x86, 0xD2, 0x31, 0x86, 0x32, 0x86
	.byte 0xD2, 0x86, 0xD2, 0x86, 0xD2, 0x86, 0xE7, 0x33, 0x83, 0xC4, 0x0D, 0x95, 0xD5, 0x30, 0x83, 0xC4
	.byte 0x03, 0x83, 0xD5, 0x31, 0x86, 0xDB, 0x32, 0x8C, 0xD2, 0x31, 0x86, 0x32, 0x86, 0xD5, 0x86, 0xD2
	.byte 0x31, 0x86, 0x32, 0x86, 0xD2, 0x86, 0xDB, 0x8C, 0xD2, 0x31, 0x86, 0x32, 0x86, 0xD5, 0x86, 0xD2
	.byte 0x31, 0x86, 0x32, 0x86, 0xD2, 0x86, 0xC0, 0x40, 0xDB, 0x8C, 0xD2, 0x31, 0x86, 0x32, 0x86, 0xD5
	.byte 0x86, 0xD2, 0x31, 0x86, 0x32, 0x86, 0xD2, 0x86, 0xD5, 0x86, 0x34, 0x8C, 0x35, 0x86, 0x34, 0x86
	.byte 0x35, 0x8C, 0x37, 0x86, 0xC0, 0x3C, 0xD2, 0x39, 0x86, 0xC0, 0x40, 0xD2, 0x8C, 0xD5, 0x86, 0xD2
	.byte 0x38, 0x86, 0xD2, 0x8C, 0xD5, 0x86, 0xD2, 0x37, 0x86, 0xD5, 0x2E, 0x86, 0xDB, 0x37, 0x8C, 0x35
	.byte 0x8C, 0x37, 0x8C, 0xD2, 0x39, 0x86, 0xD2, 0x8C, 0xD5, 0x86, 0xD2, 0x38, 0x86, 0xD2, 0x8C, 0xD5
	.byte 0x86, 0xD2, 0x37, 0x86, 0xD5, 0x2E, 0x86, 0xDB, 0x37, 0x8C, 0xE7, 0x3A, 0x8C, 0xC4, 0x10, 0x8C
	.byte 0x02, 0xD2, 0x39, 0x86, 0xD2, 0x8C, 0xD5, 0x86, 0xD2, 0x38, 0x86, 0xD2, 0x8C, 0xD5, 0x86, 0xD2
	.byte 0x37, 0x86, 0xD5, 0x2E, 0x86, 0xDB, 0x37, 0x8C, 0x35, 0x8C, 0x37, 0x8C, 0xD5, 0x39, 0x86, 0xD2
	.byte 0x2D, 0x86, 0x39, 0x86, 0xD2, 0x8C, 0xD5, 0x2D, 0x86, 0xD2, 0x39, 0x8C, 0x2D, 0x8C, 0xD2, 0x9C
	.byte 0xB2, 0x8C, 0x54, 0x8B, 0x08, 0xB1

	.globl SongTrack_MUS_ENCOUNTER_ELITE_FOUR_09
SongTrack_MUS_ENCOUNTER_ELITE_FOUR_09: @ 0x088B5620
	@ M4A track start proven by song header pointer
	.byte 0xBC, 0x00, 0xBD, 0x2F, 0xBF, 0x40, 0xBE, 0x31, 0xD5, 0x2F, 0x70, 0x86, 0xD5, 0x86, 0xBF, 0x57
	.byte 0xD5, 0x3B, 0x86, 0xD2, 0x2A, 0x83, 0xD2, 0x83, 0xBF, 0x22, 0xDB, 0x2F, 0x70, 0xA4, 0xD5, 0x2A
	.byte 0x86, 0xD5, 0x86, 0xBF, 0x5A, 0xD5, 0x2F, 0x98, 0xBF, 0x60, 0xD5, 0x8C, 0xBF, 0x20, 0xD5, 0x2A
	.byte 0x86, 0xBF, 0x60, 0xD5, 0x2F, 0x8C, 0xBF, 0x10, 0xD5, 0x2A, 0x86, 0xBF, 0x60, 0xD5, 0x2F, 0x8C
	.byte 0xBF, 0x20, 0xD5, 0x2A, 0x8C, 0xD5, 0x8C, 0xBF, 0x5F, 0xD2, 0x30, 0x86, 0xD2, 0x86, 0xD5, 0x2D
	.byte 0x8C, 0xBF, 0x40, 0xDB, 0x2F, 0xA0, 0xBF, 0x57, 0xD5, 0x2E, 0x8C, 0xBF, 0x21, 0xD5, 0x2A, 0x8C
	.byte 0xBF, 0x57, 0xD5, 0x2F, 0x86, 0xD5, 0x86, 0xBF, 0x23, 0xDB, 0x2A, 0x83, 0xBF, 0x21, 0x89, 0x56
	.byte 0xD5, 0x2F, 0x8C, 0xD5, 0x8C, 0xBF, 0x1F, 0xD5, 0x29, 0x86, 0xBF, 0x56, 0xD5, 0x2F, 0x86, 0x29
	.byte 0x83, 0xBF, 0x20, 0x89, 0xD5, 0x2A, 0x86, 0xBF, 0x56, 0xD5, 0x2F, 0x86, 0xBF, 0x21, 0xD5, 0x2A
	.byte 0x8C, 0xBF, 0x63, 0xD5, 0x2F, 0x8C, 0xBF, 0x1F, 0xD5, 0x2A, 0x8C, 0xBF, 0x57, 0xDB, 0x32, 0x9C
	.byte 0xBF, 0x1C, 0x8C, 0x56, 0xD5, 0x39, 0x86, 0x3E, 0x86, 0xBF, 0x1B, 0xD5, 0x39, 0x8C, 0xBF, 0x56
	.byte 0xD5, 0x3E, 0x8C, 0xBF, 0x1C, 0xD5, 0x39, 0x86, 0xD2, 0x2D, 0x86, 0xBF, 0x5A, 0xDB, 0x32, 0xA0
	.byte 0xD5, 0x39, 0x8C, 0x3A, 0x8C, 0x39, 0x86, 0xD5, 0x86, 0xBF, 0x1D, 0xD5, 0x33, 0x8C, 0xDB, 0x32
	.byte 0xA0, 0xBF, 0x59, 0xD5, 0x3E, 0x8C, 0xBF, 0x1D, 0xD5, 0x39, 0x8C, 0xBF, 0x57, 0xD5, 0x3E, 0x86
	.byte 0xD5, 0x86, 0xBF, 0x1D, 0xD5, 0x39, 0x8C, 0xBF, 0x14, 0xD5, 0x8C, 0x39, 0x34, 0x8C, 0x39, 0x54
	.byte 0x8C, 0x39, 0x60, 0x8C, 0x39, 0x70, 0x8C, 0x39, 0x7F, 0x8C, 0x39, 0x70, 0x8C, 0xD5, 0x8C, 0xBF
	.byte 0x20, 0xD5, 0x39, 0x70, 0x86, 0xD5, 0x86, 0xBF, 0x67, 0xD5, 0x32, 0x8C, 0xBF, 0x20, 0xD5, 0x38
	.byte 0x86, 0xD5, 0x86, 0xBF, 0x67, 0xD5, 0x31, 0x8C, 0xBF, 0x20, 0xD5, 0x37, 0x86, 0xD5, 0x86, 0xBF
	.byte 0x67, 0xD5, 0x30, 0x8C, 0xBF, 0x10, 0xE7, 0x3A, 0x98, 0xB4, 0xB3, 0x1F, 0x57, 0x8B, 0x08, 0xD5
	.byte 0x39, 0x70, 0x86, 0xD5, 0x86, 0x32, 0x86, 0xD5, 0x86, 0x38, 0x86, 0xD5, 0x86, 0x31, 0x86, 0xD5
	.byte 0x86, 0x37, 0x86, 0xD5, 0x86, 0x30, 0x86, 0xD5, 0x86, 0xDB, 0x3A, 0x8C, 0xBF, 0x70, 0xDB, 0x8C
	.byte 0xBF, 0x61, 0xD5, 0x39, 0x86, 0xBF, 0x11, 0xD5, 0x2D, 0x86, 0xBF, 0x60, 0xD2, 0x39, 0x86, 0xD2
	.byte 0x86, 0xBF, 0x11, 0xD5, 0x2D, 0x86, 0xBF, 0x60, 0xD5, 0x39, 0x86, 0xD5, 0x8C, 0xBF, 0x15, 0xD5
	.byte 0x2D, 0x8C, 0xD5, 0x8C, 0xBF, 0x63, 0xD5, 0x39, 0x98, 0xB2, 0x38, 0x56, 0x8B, 0x08, 0xB1, 0x00

	.globl SongHeader_MUS_ENCOUNTER_ELITE_FOUR
SongHeader_MUS_ENCOUNTER_ELITE_FOUR: @ 0x088B57A0
	@ M4A song header: song 450 (MUS_ENCOUNTER_ELITE_FOUR)
	m4a_song_header 9, 0, 0, 0xB2, 0x0861A99C
	.4byte SongTrack_MUS_ENCOUNTER_ELITE_FOUR_01
	.4byte SongTrack_MUS_ENCOUNTER_ELITE_FOUR_02
	.4byte SongTrack_MUS_ENCOUNTER_ELITE_FOUR_03
	.4byte SongTrack_MUS_ENCOUNTER_ELITE_FOUR_04
	.4byte SongTrack_MUS_ENCOUNTER_ELITE_FOUR_05
	.4byte SongTrack_MUS_ENCOUNTER_ELITE_FOUR_06
	.4byte SongTrack_MUS_ENCOUNTER_ELITE_FOUR_07
	.4byte SongTrack_MUS_ENCOUNTER_ELITE_FOUR_08
	.4byte SongTrack_MUS_ENCOUNTER_ELITE_FOUR_09

	.globl SongTrack_MUS_ENCOUNTER_HIKER_01
SongTrack_MUS_ENCOUNTER_HIKER_01: @ 0x088B57CC
	@ M4A track start proven by song header pointer
	.byte 0xBC, 0x00, 0xBB, 0x40, 0xBD, 0x01, 0xC2, 0x2C, 0xBF, 0x44, 0xC2, 0x2C, 0xC1, 0x0C, 0xBE, 0x26
	.byte 0xD3, 0x5A, 0x70, 0x90, 0x56, 0x84, 0x53, 0x84, 0xEF, 0x51, 0xA0, 0xDF, 0x4F, 0x90, 0xD7, 0x4E
	.byte 0x88, 0xB0, 0xB0, 0xB0, 0xB0, 0xB0, 0xB0, 0xB0, 0xB0, 0xB2, 0xED, 0x57, 0x8B, 0x08, 0xB1

	.globl SongTrack_MUS_ENCOUNTER_HIKER_02
SongTrack_MUS_ENCOUNTER_HIKER_02: @ 0x088B57FB
	@ M4A track start proven by song header pointer
	.byte 0xBC, 0x00, 0xBD, 0x3C, 0xC2, 0x2C, 0xC1, 0x0C, 0xBF, 0x40, 0xBE, 0x3E, 0xD3, 0x4E, 0x70, 0x90
	.byte 0x4A, 0x84, 0x47, 0x84, 0xEF, 0x45, 0x98, 0xC4, 0x07, 0x98, 0x00, 0xDF, 0x43, 0x90, 0xD7, 0x42
	.byte 0x88, 0xD7, 0x4A, 0x60, 0x88, 0xD3, 0x49, 0x88, 0x4A, 0x88, 0x4E, 0x90, 0x4A, 0x88, 0xEF, 0x45
	.byte 0x98, 0xC4, 0x07, 0xBE, 0x3A, 0x84, 0x32, 0x84, 0x2B, 0x84, 0x21, 0x84, 0x1F, 0x84, 0x1A, 0x84
	.byte 0xC4, 0x00, 0xBE, 0x3F, 0xD7, 0x42, 0x88, 0xD3, 0x41, 0x88, 0x42, 0x88, 0x45, 0x90, 0x42, 0x88
	.byte 0xE7, 0x3E, 0x98, 0x39, 0x98, 0xD3, 0x42, 0x90, 0xD3, 0x88, 0x41, 0x90, 0x42, 0x88, 0xDF, 0x45
	.byte 0x90, 0xD3, 0x44, 0x84, 0x43, 0x84, 0xE7, 0x42, 0x98, 0xF7, 0x43, 0x98, 0xBE, 0x3E, 0xC4, 0x08
	.byte 0x88, 0xBE, 0x3C, 0x84, 0x3A, 0x84, 0x37, 0x84, 0x35, 0x84, 0x34, 0x84, 0x32, 0x84, 0x2E, 0x84
	.byte 0x29, 0x84, 0x28, 0x84, 0x24, 0x84, 0x3F, 0xC4, 0x00, 0x98, 0xD7, 0x4C, 0x88, 0xD3, 0x4B, 0x88
	.byte 0x4C, 0x88, 0x4F, 0x90, 0x4C, 0x88, 0xEF, 0x47, 0x98, 0xBE, 0x3E, 0x84, 0x3C, 0x84, 0x39, 0x84
	.byte 0x2F, 0x84, 0x29, 0x84, 0x26, 0x84, 0x3F, 0xD7, 0x49, 0x88, 0xD3, 0x48, 0x88, 0x49, 0x88, 0x4C
	.byte 0x90, 0x49, 0x88, 0xEA, 0x53, 0x48, 0x9B, 0xD7, 0x52, 0x44, 0x88, 0xD3, 0x51, 0x88, 0xD7, 0x45
	.byte 0x60, 0x90, 0xD3, 0x88, 0xD7, 0x44, 0x90, 0xD3, 0x45, 0x88, 0xD7, 0x47, 0x90, 0xD3, 0x49, 0x88
	.byte 0xD7, 0x4A, 0x90, 0xD3, 0x4C, 0x88, 0xF7, 0x4E, 0x98, 0xBE, 0x3E, 0xC4, 0x05, 0x84, 0xBE, 0x3C
	.byte 0x84, 0x37, 0x84, 0x34, 0x84, 0x32, 0x84, 0x2E, 0x84, 0x2B, 0x88, 0x28, 0x84, 0x26, 0x84, 0x24
	.byte 0x84, 0x21, 0x84, 0x3F, 0xC4, 0x00, 0x98, 0xB2, 0x1C, 0x58, 0x8B, 0x08, 0xB1

	.globl SongTrack_MUS_ENCOUNTER_HIKER_03
SongTrack_MUS_ENCOUNTER_HIKER_03: @ 0x088B58F8
	@ M4A track start proven by song header pointer
	.byte 0xBC, 0x00, 0xBD, 0x3A, 0xC1, 0x0C, 0xC2, 0x2C, 0xC1, 0x0C, 0xC2, 0x2C, 0xBF, 0x40, 0xBE, 0x4C
	.byte 0xD3, 0x2D, 0x70, 0x90, 0x2A, 0x84, 0x26, 0x84, 0xEF, 0x21, 0x98, 0xC4, 0x07, 0x98, 0x00, 0xDF
	.byte 0x25, 0x98, 0xD7, 0x26, 0x70, 0xA0, 0x21, 0xA0, 0xD7, 0x26, 0x70, 0x98, 0x21, 0x98, 0x26, 0x88
	.byte 0xD3, 0x25, 0x48, 0x84, 0x24, 0x84, 0x23, 0x84, 0x22, 0x84, 0xE7, 0x21, 0x70, 0x90, 0xC0, 0x54
	.byte 0x88, 0xB4, 0x40, 0xD7, 0x26, 0xA0, 0x21, 0xA0, 0xD7, 0x28, 0x70, 0x98, 0x23, 0x98, 0x28, 0x88
	.byte 0xD3, 0x27, 0x48, 0x84, 0x26, 0x84, 0x25, 0x84, 0x24, 0x84, 0xE7, 0x23, 0x70, 0x90, 0xC0, 0x54
	.byte 0x88, 0xB4, 0x40, 0xD7, 0x28, 0xA0, 0x23, 0xA0, 0xB3, 0x40, 0x59, 0x8B, 0x08, 0xC0, 0x40, 0xD7
	.byte 0x21, 0x70, 0xA0, 0x1C, 0xA0, 0xB3, 0x20, 0x59, 0x8B, 0x08, 0xB2, 0x1A, 0x59, 0x8B, 0x08, 0xB1

	.globl SongTrack_MUS_ENCOUNTER_HIKER_04
SongTrack_MUS_ENCOUNTER_HIKER_04: @ 0x088B5978
	@ M4A track start proven by song header pointer
	.byte 0xBC, 0x00, 0xBD, 0x2F, 0xC2, 0x2C, 0xC1, 0x0C, 0xBE, 0x4C, 0xBF, 0x60, 0xD3, 0x39, 0x7C, 0x90
	.byte 0x36, 0x84, 0xBF, 0x40, 0xD3, 0x32, 0x78, 0x84, 0xBF, 0x20, 0xD7, 0x2D, 0x7F, 0x98, 0xBF, 0x56
	.byte 0xD7, 0x39, 0x7C, 0x90, 0xD3, 0x39, 0x70, 0x88, 0xBF, 0x1F, 0xD7, 0x2D, 0x7F, 0x90, 0xD3, 0x2D
	.byte 0x70, 0x88, 0xBF, 0x56, 0xC0, 0x40, 0xD7, 0x32, 0x7F, 0xA0, 0xBF, 0x1F, 0xD7, 0x2D, 0x70, 0xA0
	.byte 0xBF, 0x58, 0xC0, 0x40, 0xD7, 0x32, 0x7F, 0x98, 0xBF, 0x20, 0xD7, 0x2D, 0x70, 0x98, 0xBF, 0x58
	.byte 0xD7, 0x32, 0x90, 0xD3, 0x32, 0x40, 0x88, 0xBF, 0x1F, 0xE7, 0x2D, 0x78, 0x90, 0xC0, 0x54, 0x88
	.byte 0xBF, 0x55, 0xC0, 0x40, 0xD7, 0x32, 0x7F, 0xA0, 0xBF, 0x1F, 0xD7, 0x2D, 0x70, 0xA0, 0xBF, 0x58
	.byte 0xC0, 0x40, 0xD7, 0x34, 0x7F, 0x98, 0xBF, 0x20, 0xD7, 0x2F, 0x70, 0x98, 0xBF, 0x58, 0xD7, 0x34
	.byte 0x90, 0xD3, 0x34, 0x40, 0x88, 0xBF, 0x1F, 0xE7, 0x2F, 0x78, 0x90, 0xC0, 0x54, 0x88, 0xBF, 0x59
	.byte 0xC0, 0x40, 0xD7, 0x34, 0x7F, 0xA0, 0xBF, 0x20, 0xD7, 0x2F, 0x70, 0xA0, 0xBF, 0x58, 0xC0, 0x40
	.byte 0xD7, 0x34, 0x7F, 0x98, 0xBF, 0x20, 0xD7, 0x2F, 0x70, 0x98, 0xBF, 0x5C, 0xD7, 0x34, 0x90, 0xD3
	.byte 0x34, 0x40, 0x88, 0xBF, 0x1F, 0xE7, 0x2F, 0x78, 0x90, 0xC0, 0x54, 0x88, 0xBF, 0x58, 0xC0, 0x40
	.byte 0xD7, 0x2D, 0x7F, 0xA0, 0xBF, 0x1F, 0xD7, 0x28, 0x70, 0xA0, 0xBF, 0x58, 0xC0, 0x40, 0xD7, 0x32
	.byte 0x7F, 0x98, 0xBF, 0x20, 0xD7, 0x2D, 0x70, 0x98, 0xBF, 0x58, 0xD7, 0x32, 0x90, 0xD3, 0x32, 0x40
	.byte 0x88, 0xBF, 0x20, 0xE7, 0x2D, 0x78, 0x90, 0xC0, 0x54, 0x88, 0xB2, 0xAA, 0x59, 0x8B, 0x08, 0xB1

	.globl SongTrack_MUS_ENCOUNTER_HIKER_05
SongTrack_MUS_ENCOUNTER_HIKER_05: @ 0x088B5A68
	@ M4A track start proven by song header pointer
	.byte 0xBC, 0x00, 0xBD, 0x50, 0xC2, 0x2C, 0xCD, 0x08, 0x12, 0x08, 0x10, 0xC1, 0x0C, 0xBF, 0x00, 0xBE
	.byte 0x23, 0xD3, 0x39, 0x70, 0x90, 0x36, 0x84, 0x32, 0x84, 0xEF, 0x2D, 0x98, 0xC4, 0x07, 0x98, 0x00
	.byte 0xDF, 0x31, 0x90, 0xD3, 0x3E, 0x84, 0x40, 0x84, 0xDB, 0x42, 0x70, 0x90, 0xD1, 0x88, 0xD1, 0x88
	.byte 0x42, 0x58, 0x88, 0xD1, 0x90, 0x45, 0x70, 0x88, 0x42, 0x90, 0xD1, 0x88, 0xD1, 0x88, 0xB4, 0xD3
	.byte 0x8C, 0xD1, 0x84, 0xD1, 0x84, 0xD1, 0x84, 0xD1, 0x88, 0xD1, 0x88, 0xD1, 0x90, 0x45, 0x88, 0x42
	.byte 0x88, 0xD1, 0x88, 0xD7, 0x41, 0x88, 0xD1, 0x42, 0x88, 0xB3, 0x90, 0x5A, 0x8B, 0x08, 0xD3, 0x43
	.byte 0x70, 0x8C, 0xD1, 0x84, 0xD1, 0x84, 0xD1, 0x84, 0xD1, 0x88, 0xD1, 0x88, 0xD1, 0x90, 0x47, 0x88
	.byte 0x43, 0x88, 0xD1, 0x88, 0xD7, 0x42, 0x88, 0xD1, 0x43, 0x88, 0xB4, 0xDB, 0x90, 0xD1, 0x88, 0xD1
	.byte 0x88, 0x43, 0x58, 0x88, 0xD1, 0x90, 0x43, 0x70, 0x88, 0xD1, 0x90, 0xD1, 0x88, 0xD1, 0x88, 0xB3
	.byte 0xC6, 0x5A, 0x8B, 0x08, 0xDB, 0x40, 0x70, 0x90, 0xD1, 0x88, 0xD1, 0x88, 0x40, 0x58, 0x88, 0xD1
	.byte 0x90, 0x45, 0x70, 0x88, 0x40, 0x90, 0xD1, 0x88, 0xD1, 0x88, 0xD3, 0x3E, 0x8C, 0xD1, 0x84, 0xD1
	.byte 0x84, 0xD1, 0x84, 0xD1, 0x88, 0xD1, 0x88, 0xD1, 0x90, 0xD1, 0x88, 0xD1, 0x88, 0xD1, 0x88, 0xD7
	.byte 0x3D, 0x88, 0xD1, 0x3E, 0x88, 0xB2, 0x90, 0x5A, 0x8B, 0x08, 0xB1

	.globl SongTrack_MUS_ENCOUNTER_HIKER_06
SongTrack_MUS_ENCOUNTER_HIKER_06: @ 0x088B5B33
	@ M4A track start proven by song header pointer
	.byte 0xBC, 0x00, 0xBD, 0x51, 0xC2, 0x2C, 0xCD, 0x08, 0x12, 0x08, 0x10, 0xC1, 0x0C, 0xBF, 0x7F, 0xBE
	.byte 0x25, 0xD3, 0x3E, 0x70, 0x90, 0x39, 0x84, 0x37, 0x84, 0xEF, 0x3E, 0x98, 0xC4, 0x07, 0x98, 0x00
	.byte 0xDF, 0x3D, 0x90, 0xD3, 0x42, 0x84, 0x43, 0x84, 0xDB, 0x45, 0x70, 0x90, 0xD1, 0x88, 0xD1, 0x88
	.byte 0x45, 0x58, 0x88, 0xD1, 0x90, 0x4A, 0x70, 0x88, 0x45, 0x90, 0xD1, 0x88, 0xD1, 0x88, 0xB4, 0xD3
	.byte 0x8C, 0xD1, 0x84, 0xD1, 0x84, 0xD1, 0x84, 0xD1, 0x88, 0xD1, 0x88, 0xD1, 0x90, 0x4A, 0x88, 0x45
	.byte 0x88, 0xD1, 0x88, 0xD7, 0x44, 0x88, 0xD1, 0x45, 0x88, 0xB3, 0x5B, 0x5B, 0x8B, 0x08, 0xD3, 0x47
	.byte 0x70, 0x8C, 0xD1, 0x84, 0xD1, 0x84, 0xD1, 0x84, 0xD1, 0x88, 0xD1, 0x88, 0xD1, 0x90, 0x4C, 0x88
	.byte 0x47, 0x88, 0xD1, 0x88, 0xD7, 0x46, 0x88, 0xD1, 0x47, 0x88, 0xB4, 0xDB, 0x90, 0xD1, 0x88, 0xD1
	.byte 0x88, 0x47, 0x58, 0x88, 0xD1, 0x90, 0x47, 0x70, 0x88, 0xD1, 0x90, 0xD1, 0x88, 0xD1, 0x88, 0xB3
	.byte 0x91, 0x5B, 0x8B, 0x08, 0xDB, 0x45, 0x70, 0x90, 0xD1, 0x88, 0xD1, 0x88, 0x45, 0x58, 0x88, 0xD1
	.byte 0x90, 0x49, 0x70, 0x88, 0x45, 0x90, 0xD1, 0x88, 0xD1, 0x88, 0xD3, 0x8C, 0xD1, 0x84, 0xD1, 0x84
	.byte 0xD1, 0x84, 0xD1, 0x88, 0xD1, 0x88, 0xD1, 0x90, 0xD1, 0x88, 0xD1, 0x88, 0xD1, 0x88, 0xD7, 0x44
	.byte 0x88, 0xD1, 0x45, 0x88, 0xB2, 0x5B, 0x5B, 0x8B, 0x08, 0xB1

	.globl SongTrack_MUS_ENCOUNTER_HIKER_07
SongTrack_MUS_ENCOUNTER_HIKER_07: @ 0x088B5BFD
	@ M4A track start proven by song header pointer
	.byte 0xBC, 0x00, 0xBD, 0x00, 0xBF, 0x40, 0xBE, 0x38, 0xB0, 0xD3, 0x28, 0x70, 0x90, 0x28, 0x54, 0x88
	.byte 0x28, 0x70, 0x84, 0x28, 0x34, 0x84, 0xD3, 0x84, 0xD3, 0x84, 0xD3, 0x84, 0xD3, 0x84, 0x28, 0x70
	.byte 0x88, 0x28, 0x3C, 0x88, 0x28, 0x54, 0x88, 0x28, 0x70, 0x84, 0x28, 0x34, 0x84, 0xD3, 0x84, 0xD3
	.byte 0x84, 0xD3, 0x84, 0xD3, 0x84, 0xB4, 0xD3, 0x28, 0x70, 0x88, 0x28, 0x3C, 0x88, 0x28, 0x54, 0x88
	.byte 0x28, 0x70, 0x90, 0x28, 0x54, 0x88, 0x28, 0x70, 0x90, 0x28, 0x54, 0x88, 0x28, 0x70, 0x84, 0x28
	.byte 0x34, 0x84, 0xD3, 0x84, 0xD3, 0x84, 0xD3, 0x84, 0xD3, 0x84, 0xB4, 0xB3, 0x06, 0x5C, 0x8B, 0x08
	.byte 0xB3, 0x33, 0x5C, 0x8B, 0x08, 0xB3, 0x06, 0x5C, 0x8B, 0x08, 0xB3, 0x33, 0x5C, 0x8B, 0x08, 0xB3
	.byte 0x06, 0x5C, 0x8B, 0x08, 0xB3, 0x33, 0x5C, 0x8B, 0x08, 0xB2, 0x06, 0x5C, 0x8B, 0x08, 0xB1

	.globl SongTrack_MUS_ENCOUNTER_HIKER_08
SongTrack_MUS_ENCOUNTER_HIKER_08: @ 0x088B5C7C
	@ M4A track start proven by song header pointer
	.byte 0xBC, 0x00, 0xBD, 0x52, 0xC2, 0x2C, 0xCD, 0x08, 0x12, 0x08, 0x10, 0xC1, 0x0C, 0xBF, 0x40, 0xBE
	.byte 0x16, 0xA0, 0xC4, 0x07, 0x98, 0x00, 0x98, 0xC0, 0x41, 0xD7, 0x4A, 0x70, 0x88, 0xD3, 0x49, 0x88
	.byte 0x4A, 0x88, 0x4E, 0x90, 0x4A, 0x88, 0xEF, 0x45, 0x98, 0xC4, 0x07, 0x98, 0x00, 0xD7, 0x42, 0x88
	.byte 0xD3, 0x41, 0x88, 0x42, 0x88, 0x45, 0x90, 0x42, 0x88, 0xE7, 0x3E, 0x98, 0x39, 0x98, 0xD3, 0x42
	.byte 0x90, 0xD3, 0x88, 0x41, 0x90, 0x42, 0x88, 0xDF, 0x45, 0x90, 0xD3, 0x44, 0x50, 0x84, 0x43, 0x84
	.byte 0xE7, 0x42, 0x70, 0x98, 0xF7, 0x43, 0x98, 0xC4, 0x08, 0xA0, 0x00, 0x98, 0xD7, 0x4C, 0x88, 0xD3
	.byte 0x4B, 0x88, 0x4C, 0x88, 0x4F, 0x90, 0x4C, 0x88, 0xEF, 0x47, 0xA0, 0xD7, 0x49, 0x88, 0xD3, 0x48
	.byte 0x88, 0x49, 0x88, 0x4C, 0x90, 0x49, 0x88, 0xEA, 0x53, 0x44, 0x9B, 0xD7, 0x52, 0x4C, 0x88, 0xD3
	.byte 0x51, 0x88, 0xD7, 0x45, 0x70, 0x90, 0xD3, 0x88, 0xD7, 0x44, 0x90, 0xD3, 0x45, 0x88, 0xD7, 0x47
	.byte 0x90, 0xD3, 0x49, 0x88, 0xD7, 0x4A, 0x90, 0xD3, 0x4C, 0x88, 0xF7, 0x4E, 0x98, 0xC4, 0x05, 0xA0
	.byte 0x00, 0x98, 0xB2, 0x93, 0x5C, 0x8B, 0x08, 0xB1

	.globl SongHeader_MUS_ENCOUNTER_HIKER
SongHeader_MUS_ENCOUNTER_HIKER: @ 0x088B5D24
	@ M4A song header: song 451 (MUS_ENCOUNTER_HIKER)
	m4a_song_header 8, 0, 0, 0xB2, 0x0861AF9C
	.4byte SongTrack_MUS_ENCOUNTER_HIKER_01
	.4byte SongTrack_MUS_ENCOUNTER_HIKER_02
	.4byte SongTrack_MUS_ENCOUNTER_HIKER_03
	.4byte SongTrack_MUS_ENCOUNTER_HIKER_04
	.4byte SongTrack_MUS_ENCOUNTER_HIKER_05
	.4byte SongTrack_MUS_ENCOUNTER_HIKER_06
	.4byte SongTrack_MUS_ENCOUNTER_HIKER_07
	.4byte SongTrack_MUS_ENCOUNTER_HIKER_08

	.globl SongTrack_MUS_CONTEST_LOBBY_01
SongTrack_MUS_CONTEST_LOBBY_01: @ 0x088B5D4C
	@ M4A track start proven by song header pointer
	.byte 0xBC, 0x00, 0xBB, 0x40, 0xBD, 0x38, 0xC2, 0x2C, 0xC1, 0x0C, 0xBF, 0x40, 0xBE, 0x24, 0xB0, 0xAC
	.byte 0xDB, 0x3F, 0x70, 0x8C, 0xD5, 0x40, 0x70, 0x8C, 0xE1, 0x98, 0xD5, 0x86, 0x41, 0x86, 0xE7, 0x43
	.byte 0x98, 0x48, 0x98, 0xED, 0x4A, 0xA0, 0xD5, 0x8C, 0xE1, 0x46, 0x98, 0xD5, 0x4D, 0x8C, 0x4C, 0x86
	.byte 0x4D, 0x86, 0xFB, 0x4C, 0xAC, 0xD2, 0x48, 0x8C, 0xE4, 0x98, 0xD2, 0x86, 0xD2, 0x86, 0xE1, 0x4D
	.byte 0x92, 0xD2, 0x4C, 0x83, 0x4B, 0x83, 0xDB, 0x4A, 0x8C, 0x3F, 0x8C, 0xD2, 0x40, 0x86, 0x40, 0x54
	.byte 0x86, 0xD5, 0x40, 0x70, 0x86, 0x3F, 0x86, 0xD2, 0x40, 0x8C, 0xD5, 0x41, 0x98, 0xD2, 0x43, 0x8C
	.byte 0xE7, 0x48, 0x98, 0xD2, 0x46, 0x8C, 0xE7, 0x4A, 0x98, 0xD2, 0x49, 0x8C, 0x4A, 0x86, 0xD2, 0x86
	.byte 0xE1, 0x46, 0x98, 0xD5, 0x4D, 0x8C, 0x4C, 0x86, 0x4D, 0x86, 0xEB, 0x4F, 0x9C, 0xD5, 0x48, 0x86
	.byte 0x4A, 0x86, 0xE9, 0x4C, 0x9A, 0xD2, 0x4B, 0x3C, 0x83, 0x4A, 0x83, 0x48, 0x70, 0x8C, 0xE4, 0x98
	.byte 0xD2, 0x86, 0xD2, 0x86, 0xE1, 0x4A, 0x98, 0xE1, 0x98, 0xB0, 0xB0, 0xB0, 0xB0, 0xB0, 0xB0, 0xB0
	.byte 0xAC, 0xDB, 0x3F, 0x8C, 0xB2, 0x60, 0x5D, 0x8B, 0x08, 0xB1

	.globl SongTrack_MUS_CONTEST_LOBBY_02
SongTrack_MUS_CONTEST_LOBBY_02: @ 0x088B5DF6
	@ M4A track start proven by song header pointer
	.byte 0xBC, 0x00, 0xBD, 0x3A, 0xC1, 0x0C, 0xC2, 0x2C, 0xC1, 0x0C, 0xC2, 0x2C, 0xBF, 0x40, 0xBE, 0x3C
	.byte 0xB0, 0xAC, 0xDB, 0x2F, 0x70, 0x8C, 0xD5, 0x30, 0x70, 0x98, 0x2B, 0x98, 0x30, 0x98, 0x2B, 0x98
	.byte 0xB4, 0xD5, 0x2E, 0x70, 0x98, 0x29, 0x98, 0x2E, 0x98, 0x29, 0x98, 0xB4, 0xD5, 0x2D, 0x70, 0x98
	.byte 0x28, 0x98, 0x2D, 0x98, 0x28, 0x98, 0xB4, 0xD5, 0x2C, 0x70, 0x98, 0x27, 0x98, 0x2E, 0x98, 0x29
	.byte 0x8C, 0xDB, 0x2F, 0x8C, 0xB4, 0xB3, 0x0C, 0x5E, 0x8B, 0x08, 0xB3, 0x17, 0x5E, 0x8B, 0x08, 0xB3
	.byte 0x22, 0x5E, 0x8B, 0x08, 0xB3, 0x2D, 0x5E, 0x8B, 0x08, 0xB3, 0x0C, 0x5E, 0x8B, 0x08, 0xB3, 0x17
	.byte 0x5E, 0x8B, 0x08, 0xB3, 0x22, 0x5E, 0x8B, 0x08, 0xB3, 0x2D, 0x5E, 0x8B, 0x08, 0xB3, 0x0C, 0x5E
	.byte 0x8B, 0x08, 0xB3, 0x17, 0x5E, 0x8B, 0x08, 0xB3, 0x22, 0x5E, 0x8B, 0x08, 0xB3, 0x2D, 0x5E, 0x8B
	.byte 0x08, 0xB2, 0x0C, 0x5E, 0x8B, 0x08, 0xB1

	.globl SongTrack_MUS_CONTEST_LOBBY_03
SongTrack_MUS_CONTEST_LOBBY_03: @ 0x088B5E7D
	@ M4A track start proven by song header pointer
	.byte 0xBC, 0x00, 0xBD, 0x49, 0xC2, 0x2C, 0xC1, 0x0C, 0xBF, 0x40, 0xBE, 0x21, 0xB0, 0xB0, 0xB0, 0xB0
	.byte 0xB0, 0xB0, 0xB0, 0xB0, 0xB0, 0xAE, 0xD2, 0x4C, 0x70, 0x83, 0x4D, 0x83, 0xEF, 0x4F, 0xA4, 0xD5
	.byte 0x51, 0x8C, 0x4F, 0x8C, 0x4D, 0x8C, 0xEB, 0x4C, 0x9C, 0xD5, 0x4B, 0x86, 0x4A, 0x86, 0xEF, 0x48
	.byte 0xA0, 0xD5, 0x4C, 0x86, 0xD2, 0x4B, 0x86, 0x4C, 0x8C, 0xD2, 0x8C, 0xD2, 0x8C, 0xD2, 0x86, 0x4C
	.byte 0x50, 0x86, 0x4C, 0x70, 0x86, 0x4C, 0x50, 0x86, 0xD5, 0x4C, 0x70, 0x86, 0x4D, 0x86, 0x4C, 0x86
	.byte 0x4A, 0x86, 0xDB, 0x48, 0x8C, 0xD2, 0x44, 0x8C, 0xD5, 0x86, 0x46, 0x86, 0x48, 0x86, 0x44, 0x86
	.byte 0x46, 0x86, 0x48, 0x86, 0x46, 0x86, 0x44, 0x86, 0x43, 0x86, 0x41, 0x86, 0x40, 0x86, 0x41, 0x86
	.byte 0xD5, 0x43, 0x70, 0x86, 0xD2, 0x42, 0x86, 0xD5, 0x43, 0x86, 0xD2, 0x48, 0x86, 0xD5, 0x4F, 0x8C
	.byte 0x43, 0x86, 0xD2, 0x42, 0x86, 0xD5, 0x43, 0x86, 0xD2, 0x48, 0x86, 0xD5, 0x4F, 0x8C, 0xD5, 0x86
	.byte 0xD2, 0x51, 0x86, 0xD5, 0x4F, 0x86, 0xD2, 0x4D, 0x86, 0xB4, 0xB3, 0xED, 0x5E, 0x8B, 0x08, 0xD5
	.byte 0x4C, 0x70, 0x86, 0xD2, 0x4D, 0x86, 0xD5, 0x4C, 0x86, 0xD2, 0x4A, 0x86, 0xD5, 0x48, 0x86, 0xD2
	.byte 0x4A, 0x86, 0xD5, 0x48, 0x86, 0xD2, 0x47, 0x86, 0xD5, 0x45, 0x86, 0xD2, 0x47, 0x86, 0xD5, 0x45
	.byte 0x86, 0xD2, 0x43, 0x86, 0xD5, 0x41, 0x86, 0xD2, 0x43, 0x86, 0xD5, 0x41, 0x86, 0xD2, 0x40, 0x86
	.byte 0x38, 0x83, 0x3A, 0x83, 0x3C, 0x83, 0x3E, 0x83, 0x3F, 0x83, 0x41, 0x83, 0x43, 0x83, 0x44, 0x83
	.byte 0x46, 0x83, 0x48, 0x83, 0x4A, 0x83, 0x4B, 0x83, 0xD5, 0x4D, 0x86, 0x4A, 0x86, 0x52, 0x86, 0xD2
	.byte 0x54, 0x86, 0xD5, 0x52, 0x86, 0xD2, 0x50, 0x86, 0xD5, 0x4F, 0x86, 0xD2, 0x4D, 0x86, 0xD5, 0x4A
	.byte 0x86, 0xD2, 0x46, 0x86, 0xB2, 0x8B, 0x5E, 0x8B, 0x08, 0xB1

	.globl SongTrack_MUS_CONTEST_LOBBY_04
SongTrack_MUS_CONTEST_LOBBY_04: @ 0x088B5F87
	@ M4A track start proven by song header pointer
	.byte 0xBC, 0x00, 0xBD, 0x50, 0xC2, 0x2C, 0xCD, 0x08, 0x12, 0x08, 0x10, 0xC1, 0x0C, 0xBF, 0x03, 0xBE
	.byte 0x23, 0xB0, 0xB0, 0xD5, 0x3C, 0x70, 0x8C, 0xD2, 0x43, 0x83, 0x40, 0x40, 0x83, 0x3E, 0x83, 0x3C
	.byte 0x8F, 0x43, 0x70, 0x8C, 0xD5, 0x3C, 0x8C, 0xD2, 0x43, 0x86, 0xD2, 0x92, 0xD2, 0x8C, 0xB4, 0xD5
	.byte 0x3A, 0x70, 0x8C, 0xD2, 0x41, 0x83, 0x40, 0x40, 0x83, 0x3E, 0x83, 0x3C, 0x8F, 0x41, 0x70, 0x8C
	.byte 0xD5, 0x3A, 0x8C, 0xD2, 0x41, 0x86, 0xD2, 0x92, 0xD2, 0x8C, 0xB4, 0xD5, 0x39, 0x70, 0x8C, 0xD2
	.byte 0x40, 0x83, 0x3E, 0x40, 0x83, 0x3C, 0x83, 0x39, 0x8F, 0x40, 0x70, 0x8C, 0xD5, 0x39, 0x8C, 0xD2
	.byte 0x40, 0x98, 0xD2, 0x8C, 0xB4, 0xD5, 0x38, 0x70, 0x8C, 0xD2, 0x3F, 0x83, 0x3E, 0x40, 0x83, 0x3C
	.byte 0x83, 0x3A, 0x8F, 0x44, 0x70, 0x8C, 0xD5, 0x3A, 0x8C, 0xD2, 0x41, 0x86, 0xD2, 0x92, 0x46, 0x8C
	.byte 0xB4, 0xB3, 0x9A, 0x5F, 0x8B, 0x08, 0xB3, 0xB6, 0x5F, 0x8B, 0x08, 0xB3, 0xD2, 0x5F, 0x8B, 0x08
	.byte 0xB3, 0xEC, 0x5F, 0x8B, 0x08, 0xB3, 0x9A, 0x5F, 0x8B, 0x08, 0xB3, 0xB6, 0x5F, 0x8B, 0x08, 0xB3
	.byte 0xD2, 0x5F, 0x8B, 0x08, 0xB3, 0xEC, 0x5F, 0x8B, 0x08, 0xB3, 0x9A, 0x5F, 0x8B, 0x08, 0xB3, 0xB6
	.byte 0x5F, 0x8B, 0x08, 0xD5, 0x39, 0x70, 0x8C, 0xD2, 0x40, 0x83, 0x3E, 0x40, 0x83, 0x3C, 0x83, 0x39
	.byte 0x8F, 0x40, 0x70, 0x86, 0xD2, 0x86, 0xD5, 0x39, 0x8C, 0xD2, 0x40, 0x86, 0xD2, 0x86, 0x3C, 0x86
	.byte 0x39, 0x86, 0x3C, 0x86, 0x40, 0x86, 0xB3, 0xEC, 0x5F, 0x8B, 0x08, 0xB2, 0x9A, 0x5F, 0x8B, 0x08
	.byte 0xB1

	.globl SongTrack_MUS_CONTEST_LOBBY_05
SongTrack_MUS_CONTEST_LOBBY_05: @ 0x088B6068
	@ M4A track start proven by song header pointer
	.byte 0xBC, 0x00, 0xBD, 0x51, 0xC2, 0x2C, 0xCD, 0x08, 0x12, 0x08, 0x10, 0xC1, 0x0C, 0xBF, 0x7F, 0xBE
	.byte 0x21, 0xB0, 0xB0, 0xD5, 0x37, 0x70, 0x8C, 0xD2, 0x48, 0x83, 0x45, 0x40, 0x83, 0x43, 0x83, 0x40
	.byte 0x8F, 0x48, 0x70, 0x8C, 0xD5, 0x37, 0x8C, 0xD2, 0x48, 0x86, 0xD2, 0x92, 0xD2, 0x8C, 0xB4, 0xD5
	.byte 0x35, 0x70, 0x8C, 0xD2, 0x46, 0x83, 0x45, 0x40, 0x83, 0x43, 0x83, 0x41, 0x8F, 0x46, 0x70, 0x8C
	.byte 0xD5, 0x35, 0x8C, 0xD2, 0x46, 0x86, 0xD2, 0x92, 0xD2, 0x8C, 0xB4, 0xD5, 0x34, 0x70, 0x8C, 0xD2
	.byte 0x45, 0x83, 0x43, 0x40, 0x83, 0x41, 0x83, 0x40, 0x8F, 0x45, 0x70, 0x8C, 0xD5, 0x34, 0x8C, 0xD2
	.byte 0x45, 0x98, 0xD2, 0x8C, 0xB4, 0xD5, 0x33, 0x70, 0x8C, 0xD2, 0x44, 0x83, 0x43, 0x40, 0x83, 0x41
	.byte 0x83, 0x40, 0x8F, 0x48, 0x70, 0x8C, 0xD5, 0x35, 0x8C, 0xD2, 0x46, 0x86, 0xD2, 0x92, 0x4A, 0x8C
	.byte 0xB4, 0xB3, 0x7B, 0x60, 0x8B, 0x08, 0xB3, 0x97, 0x60, 0x8B, 0x08, 0xB3, 0xB3, 0x60, 0x8B, 0x08
	.byte 0xB3, 0xCD, 0x60, 0x8B, 0x08, 0xB3, 0x7B, 0x60, 0x8B, 0x08, 0xB3, 0x97, 0x60, 0x8B, 0x08, 0xB3
	.byte 0xB3, 0x60, 0x8B, 0x08, 0xB3, 0xCD, 0x60, 0x8B, 0x08, 0xB3, 0x7B, 0x60, 0x8B, 0x08, 0xB3, 0x97
	.byte 0x60, 0x8B, 0x08, 0xD5, 0x34, 0x70, 0x8C, 0xD2, 0x45, 0x83, 0x43, 0x40, 0x83, 0x41, 0x83, 0x40
	.byte 0x8F, 0x45, 0x70, 0x86, 0xD2, 0x86, 0xD5, 0x34, 0x8C, 0xD2, 0x45, 0x86, 0xD2, 0x86, 0x40, 0x86
	.byte 0x3C, 0x86, 0x40, 0x86, 0x45, 0x86, 0xB3, 0xCD, 0x60, 0x8B, 0x08, 0xB2, 0x7B, 0x60, 0x8B, 0x08
	.byte 0xB1

	.globl SongTrack_MUS_CONTEST_LOBBY_06
SongTrack_MUS_CONTEST_LOBBY_06: @ 0x088B6149
	@ M4A track start proven by song header pointer
	.byte 0xBC, 0x00, 0xBD, 0x00, 0xBF, 0x40, 0xBE, 0x34, 0xD2, 0x28, 0x70, 0x8C, 0x28, 0x3C, 0x8C, 0x28
	.byte 0x64, 0x86, 0x28, 0x40, 0x86, 0x28, 0x54, 0x86, 0x28, 0x3C, 0x86, 0x28, 0x70, 0x8C, 0x28, 0x3C
	.byte 0x8C, 0x28, 0x70, 0x83, 0x28, 0x20, 0x83, 0xD2, 0x83, 0xD2, 0x83, 0xD2, 0x83, 0xD2, 0x83, 0xD2
	.byte 0x83, 0xD2, 0x83, 0x28, 0x70, 0x83, 0x28, 0x20, 0x83, 0xD2, 0x83, 0xD2, 0x83, 0x28, 0x3C, 0x8C
	.byte 0x28, 0x64, 0x86, 0x28, 0x40, 0x86, 0x28, 0x2C, 0x86, 0xD2, 0x86, 0x28, 0x70, 0x8C, 0x28, 0x3C
	.byte 0x8C, 0x28, 0x70, 0x83, 0x28, 0x20, 0x83, 0xD2, 0x83, 0xD2, 0x83, 0xD2, 0x83, 0xD2, 0x83, 0xD2
	.byte 0x83, 0xD2, 0x83, 0xD2, 0x28, 0x70, 0x8C, 0x28, 0x3C, 0x8C, 0x28, 0x64, 0x86, 0x28, 0x40, 0x86
	.byte 0x28, 0x54, 0x86, 0x28, 0x3C, 0x86, 0x28, 0x70, 0x8C, 0x28, 0x3C, 0x8C, 0x28, 0x70, 0x83, 0x28
	.byte 0x20, 0x83, 0xD2, 0x83, 0xD2, 0x83, 0xD2, 0x83, 0xD2, 0x83, 0xD2, 0x83, 0xD2, 0x83, 0xB4, 0xD2
	.byte 0x28, 0x70, 0x8C, 0x28, 0x3C, 0x8C, 0x28, 0x60, 0x83, 0x28, 0x20, 0x83, 0xD2, 0x83, 0xD2, 0x83
	.byte 0xD2, 0x86, 0xD2, 0x86, 0x28, 0x70, 0x8C, 0x28, 0x3C, 0x8C, 0x28, 0x70, 0x83, 0x28, 0x20, 0x83
	.byte 0xD2, 0x83, 0xD2, 0x83, 0xD2, 0x83, 0xD2, 0x83, 0xD2, 0x83, 0xD2, 0x83, 0xB4, 0xB3, 0xAC, 0x61
	.byte 0x8B, 0x08, 0xB3, 0xD8, 0x61, 0x8B, 0x08, 0xB3, 0xAC, 0x61, 0x8B, 0x08, 0xD2, 0x28, 0x70, 0x8C
	.byte 0x28, 0x3C, 0x8C, 0x28, 0x60, 0x83, 0x28, 0x20, 0x83, 0xD2, 0x83, 0xD2, 0x83, 0xD2, 0x86, 0x28
	.byte 0x2C, 0x86, 0x28, 0x70, 0x8C, 0x28, 0x3C, 0x8C, 0x28, 0x70, 0x83, 0x28, 0x20, 0x83, 0xD2, 0x83
	.byte 0xD2, 0x83, 0xD2, 0x83, 0xD2, 0x83, 0xD2, 0x83, 0xD2, 0x83, 0xB4, 0xB3, 0xAC, 0x61, 0x8B, 0x08
	.byte 0xB3, 0x15, 0x62, 0x8B, 0x08, 0xB3, 0xAC, 0x61, 0x8B, 0x08, 0xB3, 0xD8, 0x61, 0x8B, 0x08, 0xB3
	.byte 0xAC, 0x61, 0x8B, 0x08, 0xB3, 0x15, 0x62, 0x8B, 0x08, 0xB3, 0xAC, 0x61, 0x8B, 0x08, 0xB3, 0x15
	.byte 0x62, 0x8B, 0x08, 0xB3, 0xAC, 0x61, 0x8B, 0x08, 0xB3, 0x15, 0x62, 0x8B, 0x08, 0xB2, 0xAC, 0x61
	.byte 0x8B, 0x08, 0xB1

	.globl SongTrack_MUS_CONTEST_LOBBY_07
SongTrack_MUS_CONTEST_LOBBY_07: @ 0x088B627C
	@ M4A track start proven by song header pointer
	.byte 0xBC, 0x00, 0xBD, 0x52, 0xC2, 0x2C, 0xCD, 0x08, 0x12, 0x08, 0x10, 0xC1, 0x0C, 0xBE, 0x2D, 0xBF
	.byte 0x35, 0xC0, 0x41, 0xB0, 0xAC, 0xDB, 0x2F, 0x70, 0x8C, 0xD5, 0x30, 0x70, 0x98, 0x2B, 0x98, 0x30
	.byte 0x98, 0x2B, 0x98, 0xB4, 0xD5, 0x2E, 0x70, 0x98, 0x29, 0x98, 0x2E, 0x98, 0x29, 0x98, 0xB4, 0xD5
	.byte 0x2D, 0x70, 0x98, 0x28, 0x98, 0x2D, 0x98, 0x28, 0x98, 0xB4, 0xD5, 0x2C, 0x70, 0x98, 0x27, 0x98
	.byte 0x2E, 0x98, 0x29, 0x8C, 0xDB, 0x2F, 0x8C, 0xB4, 0xB3, 0x95, 0x62, 0x8B, 0x08, 0xB3, 0xA0, 0x62
	.byte 0x8B, 0x08, 0xB3, 0xAB, 0x62, 0x8B, 0x08, 0xB3, 0xB6, 0x62, 0x8B, 0x08, 0xB3, 0x95, 0x62, 0x8B
	.byte 0x08, 0xB3, 0xA0, 0x62, 0x8B, 0x08, 0xB3, 0xAB, 0x62, 0x8B, 0x08, 0xB3, 0xB6, 0x62, 0x8B, 0x08
	.byte 0xB3, 0x95, 0x62, 0x8B, 0x08, 0xB3, 0xA0, 0x62, 0x8B, 0x08, 0xB3, 0xAB, 0x62, 0x8B, 0x08, 0xB3
	.byte 0xB6, 0x62, 0x8B, 0x08, 0xB2, 0x95, 0x62, 0x8B, 0x08, 0xB1

	.globl SongTrack_MUS_CONTEST_LOBBY_08
SongTrack_MUS_CONTEST_LOBBY_08: @ 0x088B6306
	@ M4A track start proven by song header pointer
	.byte 0xBC, 0x00, 0xBD, 0x38, 0xC2, 0x2C, 0xC1, 0x0C, 0xBF, 0x32, 0xBE, 0x1C, 0xB0, 0xAC, 0xDB, 0x36
	.byte 0x70, 0x8C, 0xD5, 0x37, 0x70, 0x8C, 0xE1, 0x98, 0xD5, 0x86, 0x39, 0x86, 0xE7, 0x3C, 0x98, 0x40
	.byte 0x98, 0xED, 0x41, 0xA0, 0xD5, 0x8C, 0xE1, 0x3E, 0x98, 0xD5, 0x46, 0x8C, 0x48, 0x86, 0x4A, 0x86
	.byte 0xFB, 0x48, 0xAC, 0xD2, 0x3F, 0x8C, 0xE4, 0x98, 0xD2, 0x86, 0xD2, 0x86, 0xE1, 0x44, 0x92, 0xD2
	.byte 0x43, 0x44, 0x83, 0x42, 0x83, 0xDB, 0x41, 0x70, 0x8C, 0x35, 0x8C, 0xD2, 0x37, 0x86, 0x37, 0x50
	.byte 0x86, 0xD5, 0x37, 0x70, 0x86, 0x36, 0x86, 0xD2, 0x37, 0x8C, 0xD5, 0x98, 0xD2, 0x3C, 0x8C, 0xE7
	.byte 0x40, 0x98, 0xD2, 0x3E, 0x8C, 0xE7, 0x41, 0x98, 0xD2, 0x40, 0x8C, 0x41, 0x86, 0xD2, 0x86, 0xE1
	.byte 0x3E, 0x98, 0xD5, 0x46, 0x8C, 0x48, 0x86, 0x4A, 0x86, 0xEB, 0x4C, 0x9C, 0xD5, 0x45, 0x86, 0x47
	.byte 0x86, 0xE9, 0x48, 0x9A, 0xD2, 0x47, 0x3C, 0x83, 0x45, 0x83, 0x3F, 0x70, 0x8C, 0xE4, 0x98, 0xD2
	.byte 0x86, 0xD2, 0x86, 0xE1, 0x41, 0x98, 0xE1, 0x98, 0xB0, 0xB0, 0xB0, 0xB0, 0xB0, 0xB0, 0xB0, 0xB0
	.byte 0xB2, 0x18, 0x63, 0x8B, 0x08, 0xB1

	.globl SongHeader_MUS_CONTEST_LOBBY
SongHeader_MUS_CONTEST_LOBBY: @ 0x088B63AC
	@ M4A song header: song 452 (MUS_CONTEST_LOBBY)
	m4a_song_header 8, 0, 0, 0xB2, 0x0861B59C
	.4byte SongTrack_MUS_CONTEST_LOBBY_01
	.4byte SongTrack_MUS_CONTEST_LOBBY_02
	.4byte SongTrack_MUS_CONTEST_LOBBY_03
	.4byte SongTrack_MUS_CONTEST_LOBBY_04
	.4byte SongTrack_MUS_CONTEST_LOBBY_05
	.4byte SongTrack_MUS_CONTEST_LOBBY_06
	.4byte SongTrack_MUS_CONTEST_LOBBY_07
	.4byte SongTrack_MUS_CONTEST_LOBBY_08

	.globl SongTrack_MUS_ENCOUNTER_INTERVIEWER_01
SongTrack_MUS_ENCOUNTER_INTERVIEWER_01: @ 0x088B63D4
	@ M4A track start proven by song header pointer
	.byte 0xBC, 0x00, 0xBB, 0x47, 0xBD, 0x7F, 0xC2, 0x2C, 0xC1, 0x0C, 0xBE, 0x27, 0xBF, 0x40, 0x86, 0xD2
	.byte 0x5B, 0x70, 0x8C, 0x5B, 0x40, 0x8C, 0x5B, 0x5C, 0x8C, 0x5B, 0x3C, 0x8C, 0x5B, 0x70, 0x8C, 0x5B
	.byte 0x3C, 0x8C, 0x5B, 0x5C, 0x8C, 0x5B, 0x40, 0x8C, 0x5B, 0x70, 0x8C, 0x5B, 0x40, 0x8C, 0x5B, 0x5C
	.byte 0x8C, 0x5B, 0x74, 0x8C, 0x5B, 0x70, 0x8C, 0x5B, 0x3C, 0x8C, 0x5B, 0x5C, 0x8C, 0x5B, 0x40, 0x8C
	.byte 0xD2, 0x5B, 0x70, 0x86, 0x5B, 0x40, 0x86, 0x5B, 0x50, 0x86, 0x5B, 0x40, 0x86, 0x5B, 0x50, 0x86
	.byte 0x5B, 0x70, 0x86, 0x5B, 0x40, 0x86, 0xD2, 0x86, 0x5B, 0x70, 0x83, 0x5B, 0x4C, 0x83, 0x5B, 0x44
	.byte 0x86, 0x5B, 0x70, 0x86, 0x5B, 0x40, 0x86, 0x5B, 0x70, 0x86, 0x5B, 0x40, 0x92, 0x5B, 0x70, 0x83
	.byte 0x5B, 0x4C, 0x83, 0x5B, 0x44, 0x86, 0x5B, 0x50, 0x86, 0x5B, 0x40, 0x86, 0x5B, 0x50, 0x86, 0x5B
	.byte 0x70, 0x86, 0x5B, 0x40, 0x86, 0xD2, 0x86, 0x5B, 0x70, 0x83, 0x5B, 0x4C, 0x83, 0x5B, 0x44, 0x86
	.byte 0x5B, 0x70, 0x86, 0x5B, 0x40, 0x86, 0x5B, 0x70, 0x86, 0x5B, 0x40, 0x92, 0x5B, 0x70, 0x83, 0x5B
	.byte 0x4C, 0x83, 0x5B, 0x44, 0x86, 0x5B, 0x50, 0x86, 0x5B, 0x40, 0x92, 0xD2, 0x86, 0x5B, 0x70, 0x86
	.byte 0xD2, 0x83, 0x5B, 0x4C, 0x83, 0x5B, 0x44, 0x86, 0x5B, 0x70, 0x86, 0x5B, 0x40, 0x86, 0x5B, 0x70
	.byte 0x86, 0x5B, 0x40, 0x92, 0x5B, 0x70, 0x83, 0x5B, 0x4C, 0x83, 0x5B, 0x44, 0x86, 0x5B, 0x50, 0x86
	.byte 0x5B, 0x40, 0x92, 0x5B, 0x70, 0x83, 0x5B, 0x4C, 0x83, 0x5B, 0x44, 0x86, 0x5B, 0x50, 0x86, 0x5B
	.byte 0x40, 0x92, 0x5B, 0x70, 0x83, 0x5B, 0x4C, 0x83, 0x5B, 0x44, 0x86, 0x5B, 0x70, 0x86, 0x5B, 0x60
	.byte 0x86, 0xB2, 0x14, 0x64, 0x8B, 0x08, 0xB0, 0xB1

	.globl SongTrack_MUS_ENCOUNTER_INTERVIEWER_02
SongTrack_MUS_ENCOUNTER_INTERVIEWER_02: @ 0x088B64CC
	@ M4A track start proven by song header pointer
	.byte 0xBC, 0x00, 0xBD, 0x38, 0xC2, 0x2C, 0xC1, 0x0C, 0xBF, 0x4D, 0xBE, 0x3E, 0xD2, 0x4B, 0x70, 0x83
	.byte 0x49, 0x83, 0xE1, 0x47, 0x92, 0xD5, 0x4C, 0x86, 0x4E, 0x8C, 0x53, 0x98, 0xD5, 0x98, 0x51, 0x8C
	.byte 0xE1, 0x50, 0x92, 0xD5, 0x51, 0x86, 0x50, 0x8C, 0x4C, 0x98, 0xEB, 0x4E, 0x9C, 0xBD, 0x0D, 0xBE
	.byte 0x1B, 0xD2, 0x5F, 0x70, 0x86, 0xD5, 0x5F, 0x40, 0x86, 0xD5, 0x86, 0xD5, 0x86, 0x5F, 0x70, 0x8C
	.byte 0xD2, 0x86, 0xD5, 0x5F, 0x40, 0x86, 0xD5, 0x86, 0xD5, 0x86, 0xD2, 0x5F, 0x70, 0x8C, 0xD2, 0x86
	.byte 0x5F, 0x50, 0x86, 0x5F, 0x70, 0x86, 0x5F, 0x50, 0x86, 0xD2, 0x5F, 0x70, 0x86, 0xD5, 0x5F, 0x40
	.byte 0x86, 0xD5, 0x86, 0xD5, 0x86, 0x5F, 0x70, 0x8C, 0xD2, 0x86, 0xD5, 0x5F, 0x40, 0x86, 0xD5, 0x86
	.byte 0xD5, 0x86, 0xD2, 0x5F, 0x70, 0x8C, 0xD2, 0x86, 0x5F, 0x50, 0x86, 0x5F, 0x70, 0x86, 0x5F, 0x50
	.byte 0x86, 0xB4, 0xB3, 0x25, 0x65, 0x8B, 0x08, 0xB3, 0x25, 0x65, 0x8B, 0x08, 0xB2, 0xF9, 0x64, 0x8B
	.byte 0x08, 0xB0, 0xB1

	.globl SongTrack_MUS_ENCOUNTER_INTERVIEWER_03
SongTrack_MUS_ENCOUNTER_INTERVIEWER_03: @ 0x088B655F
	@ M4A track start proven by song header pointer
	.byte 0xBC, 0x00, 0xBD, 0x24, 0xC1, 0x0C, 0xC2, 0x2C, 0xC1, 0x0C, 0xC2, 0x2C, 0xBF, 0x40, 0xBE, 0x3D
	.byte 0x86, 0xB0, 0xB0, 0xC0, 0x40, 0xE1, 0x23, 0x70, 0x92, 0xD2, 0x2F, 0x8C, 0xD2, 0x86, 0xD5, 0x23
	.byte 0x86, 0xD2, 0x2F, 0x86, 0xC0, 0x3B, 0xE7, 0x23, 0x86, 0xC0, 0x40, 0x9A, 0xD5, 0x21, 0x86, 0x22
	.byte 0x86, 0xDE, 0x23, 0x70, 0x92, 0xD2, 0x92, 0xD5, 0x21, 0x86, 0x22, 0x86, 0xDE, 0x23, 0x92, 0xD2
	.byte 0x92, 0xD5, 0x21, 0x86, 0x22, 0x86, 0xB4, 0xE1, 0x23, 0x92, 0xD2, 0x2F, 0x8C, 0xD2, 0x8C, 0xD2
	.byte 0x86, 0xE7, 0x23, 0x9C, 0xD5, 0x21, 0x86, 0x22, 0x86, 0xB3, 0x90, 0x65, 0x8B, 0x08, 0xB2, 0x72
	.byte 0x65, 0x8B, 0x08, 0xB0, 0xB1

	.globl SongTrack_MUS_ENCOUNTER_INTERVIEWER_04
SongTrack_MUS_ENCOUNTER_INTERVIEWER_04: @ 0x088B65C4
	@ M4A track start proven by song header pointer
	.byte 0xBC, 0x00, 0xBD, 0x38, 0xC2, 0x2C, 0xC1, 0x0C, 0xBE, 0x3C, 0xBF, 0x28, 0xD2, 0x44, 0x70, 0x83
	.byte 0x42, 0x83, 0xE1, 0x40, 0x92, 0xD5, 0x44, 0x86, 0x47, 0x8C, 0x4A, 0x98, 0xD5, 0x98, 0x49, 0x8C
	.byte 0xE1, 0x47, 0x92, 0xD5, 0x49, 0x86, 0x47, 0x8C, 0x48, 0x98, 0xEB, 0x4A, 0x9C, 0xBD, 0x0D, 0xBE
	.byte 0x1B, 0xD2, 0x58, 0x70, 0x86, 0xD5, 0x58, 0x40, 0x86, 0xD5, 0x86, 0xD5, 0x86, 0x58, 0x70, 0x8C
	.byte 0xD2, 0x86, 0xD5, 0x58, 0x40, 0x86, 0xD5, 0x86, 0xD5, 0x86, 0xD2, 0x58, 0x70, 0x8C, 0xD2, 0x86
	.byte 0x58, 0x50, 0x86, 0x58, 0x70, 0x86, 0x58, 0x50, 0x86, 0xD2, 0x58, 0x70, 0x86, 0xD5, 0x58, 0x40
	.byte 0x86, 0xD5, 0x86, 0xD5, 0x86, 0x58, 0x70, 0x8C, 0xD2, 0x86, 0xD5, 0x58, 0x40, 0x86, 0xD5, 0x86
	.byte 0xD5, 0x86, 0xD2, 0x58, 0x70, 0x8C, 0xD2, 0x86, 0x58, 0x50, 0x86, 0x58, 0x70, 0x86, 0x58, 0x50
	.byte 0x86, 0xB4, 0xB3, 0x1D, 0x66, 0x8B, 0x08, 0xB3, 0x1D, 0x66, 0x8B, 0x08, 0xB2, 0xF1, 0x65, 0x8B
	.byte 0x08, 0xB0, 0xB1

	.globl SongTrack_MUS_ENCOUNTER_INTERVIEWER_05
SongTrack_MUS_ENCOUNTER_INTERVIEWER_05: @ 0x088B6657
	@ M4A track start proven by song header pointer
	.byte 0xBC, 0x00, 0xBD, 0x7E, 0xC2, 0x2C, 0xC1, 0x0C, 0xBE, 0x2F, 0xBF, 0x40, 0x86, 0xB0, 0xB0, 0xAC
	.byte 0xDB, 0x58, 0x60, 0x8C, 0xAC, 0xDB, 0x8C, 0x98, 0xDB, 0xA4, 0xDB, 0x8C, 0x98, 0xDB, 0x9C, 0xDB
	.byte 0x9C, 0xB2, 0x66, 0x66, 0x8B, 0x08, 0xB0, 0xB1

	.globl SongTrack_MUS_ENCOUNTER_INTERVIEWER_06
SongTrack_MUS_ENCOUNTER_INTERVIEWER_06: @ 0x088B667F
	@ M4A track start proven by song header pointer
	.byte 0xBC, 0x00, 0xBD, 0x50, 0xC2, 0x2C, 0xCD, 0x08, 0x12, 0x08, 0x10, 0xC1, 0x0C, 0xBE, 0x25, 0xBF
	.byte 0x03, 0xD2, 0x53, 0x6C, 0x83, 0x57, 0x83, 0x5C, 0x86, 0x5F, 0x86, 0x64, 0x86, 0x5F, 0x86, 0x5C
	.byte 0x86, 0x5F, 0x86, 0x64, 0x86, 0x5F, 0x86, 0x5C, 0x86, 0x5F, 0x86, 0x62, 0x86, 0x5F, 0x86, 0x5C
	.byte 0x86, 0x5F, 0x86, 0x62, 0x86, 0x5F, 0x86, 0x5C, 0x86, 0x5F, 0x86, 0x61, 0x86, 0x5F, 0x86, 0x5C
	.byte 0x86, 0x5F, 0x86, 0x61, 0x86, 0x5F, 0x86, 0x58, 0x86, 0x5B, 0x86, 0x5F, 0x86, 0x64, 0x86, 0x5A
	.byte 0x86, 0x5D, 0x86, 0x61, 0x86, 0x66, 0x86, 0xBD, 0x53, 0xBE, 0x25, 0xFB, 0x3B, 0x70, 0x9C, 0xC4
	.byte 0x05, 0xBE, 0x2C, 0x86, 0x21, 0x85, 0x1D, 0x87, 0x1A, 0x85, 0x13, 0x87, 0x0F, 0x85, 0x08, 0x87
	.byte 0x04, 0x86, 0xC4, 0x00, 0xBE, 0x25, 0xD5, 0x36, 0x86, 0x3B, 0x86, 0xFF, 0x36, 0x9C, 0xC4, 0x05
	.byte 0xBE, 0x2C, 0x86, 0x21, 0x85, 0x1D, 0x87, 0x17, 0x85, 0x10, 0x87, 0x0C, 0x85, 0x09, 0x87, 0x04
	.byte 0x85, 0x02, 0x8D, 0xC4, 0x00, 0xBE, 0x25, 0xFB, 0x3B, 0x9C, 0xC4, 0x05, 0xBE, 0x2C, 0x86, 0x28
	.byte 0x85, 0x21, 0x87, 0x1D, 0x85, 0x19, 0x87, 0x12, 0x85, 0x09, 0x87, 0x06, 0x85, 0x04, 0x81, 0xC4
	.byte 0x00, 0xBE, 0x25, 0xD5, 0x40, 0x86, 0x41, 0x86, 0xFF, 0x42, 0x9C, 0xC4, 0x05, 0xBE, 0x2C, 0x86
	.byte 0x22, 0x85, 0x20, 0x87, 0x1B, 0x85, 0x17, 0x87, 0x14, 0x85, 0x10, 0x87, 0x0C, 0x85, 0x07, 0x87
	.byte 0x04, 0x86, 0xB2, 0xD6, 0x66, 0x8B, 0x08, 0xC4, 0x00, 0xBE, 0x25, 0xB0, 0xB1

	.globl SongTrack_MUS_ENCOUNTER_INTERVIEWER_07
SongTrack_MUS_ENCOUNTER_INTERVIEWER_07: @ 0x088B675C
	@ M4A track start proven by song header pointer
	.byte 0xBC, 0x00, 0xBD, 0x51, 0xC2, 0x2C, 0xCD, 0x08, 0x12, 0x08, 0x10, 0xC1, 0x0C, 0xBE, 0x25, 0xBF
	.byte 0x7F, 0xD2, 0x50, 0x6C, 0x83, 0x53, 0x83, 0x58, 0x86, 0x5C, 0x86, 0x5F, 0x86, 0x5C, 0x86, 0x58
	.byte 0x86, 0x5C, 0x86, 0x5F, 0x86, 0x5C, 0x86, 0x56, 0x86, 0x5C, 0x86, 0x5F, 0x86, 0x5C, 0x86, 0x56
	.byte 0x86, 0x5C, 0x86, 0x5F, 0x86, 0x5C, 0x86, 0x55, 0x86, 0x5C, 0x86, 0x5F, 0x86, 0x5C, 0x86, 0x55
	.byte 0x86, 0x5C, 0x86, 0x5F, 0x86, 0x5C, 0x86, 0x54, 0x86, 0x58, 0x86, 0x5B, 0x86, 0x5F, 0x86, 0x56
	.byte 0x86, 0x5A, 0x86, 0x5D, 0x86, 0x61, 0x86, 0xBD, 0x54, 0xBE, 0x25, 0xFB, 0x42, 0x70, 0x9C, 0xC4
	.byte 0x05, 0xBE, 0x2C, 0x86, 0x21, 0x85, 0x1D, 0x87, 0x1A, 0x85, 0x13, 0x87, 0x0F, 0x85, 0x08, 0x87
	.byte 0x04, 0x86, 0xC4, 0x00, 0xBE, 0x25, 0xD5, 0x3F, 0x86, 0x42, 0x86, 0xFF, 0x3B, 0x9C, 0xC4, 0x05
	.byte 0xBE, 0x2C, 0x86, 0x21, 0x85, 0x1D, 0x87, 0x17, 0x85, 0x10, 0x87, 0x0C, 0x85, 0x09, 0x87, 0x04
	.byte 0x85, 0x02, 0x8D, 0xC4, 0x00, 0xBE, 0x25, 0xFB, 0x42, 0x9C, 0xC4, 0x05, 0xBE, 0x2C, 0x86, 0x28
	.byte 0x85, 0x21, 0x87, 0x1D, 0x85, 0x19, 0x87, 0x12, 0x85, 0x09, 0x87, 0x06, 0x85, 0x04, 0x81, 0xC4
	.byte 0x00, 0xBE, 0x25, 0xD5, 0x45, 0x86, 0x46, 0x86, 0xFF, 0x47, 0x9C, 0xC4, 0x05, 0xBE, 0x2C, 0x86
	.byte 0x22, 0x85, 0x20, 0x87, 0x1B, 0x85, 0x17, 0x87, 0x14, 0x85, 0x10, 0x87, 0x0C, 0x85, 0x07, 0x87
	.byte 0x04, 0x86, 0xB2, 0xB3, 0x67, 0x8B, 0x08, 0xC4, 0x00, 0xBE, 0x25, 0xB0, 0xB1

	.globl SongTrack_MUS_ENCOUNTER_INTERVIEWER_08
SongTrack_MUS_ENCOUNTER_INTERVIEWER_08: @ 0x088B6839
	@ M4A track start proven by song header pointer
	.byte 0xBC, 0x00, 0xBD, 0x00, 0xBF, 0x40, 0xBE, 0x3A, 0x86, 0xD5, 0x24, 0x70, 0xE7, 0x39, 0x50, 0x92
	.byte 0xD5, 0x24, 0x70, 0x92, 0xD5, 0xE7, 0x39, 0x44, 0x86, 0xD5, 0x24, 0x70, 0x86, 0xD5, 0x8C, 0xD5
	.byte 0xEB, 0x39, 0x4C, 0x8C, 0xD5, 0x26, 0x70, 0x8C, 0x26, 0x5C, 0x86, 0x26, 0x40, 0x86, 0x26, 0x70
	.byte 0xE7, 0x39, 0x48, 0x92, 0xD5, 0x24, 0x70, 0x86, 0xD5, 0x8C, 0x26, 0x74, 0xE7, 0x39, 0x48, 0x8C
	.byte 0xD5, 0x24, 0x70, 0x8C, 0x26, 0xEB, 0x39, 0x48, 0x8C, 0xD5, 0x26, 0x70, 0x86, 0x26, 0x48, 0x86
	.byte 0x26, 0x5C, 0x86, 0x26, 0x40, 0x86, 0xEF, 0x39, 0x5C, 0xB0, 0xB0, 0xB0, 0xB0, 0xB2, 0x8F, 0x68
	.byte 0x8B, 0x08, 0xB0, 0xB1

	.globl SongTrack_MUS_ENCOUNTER_INTERVIEWER_09
SongTrack_MUS_ENCOUNTER_INTERVIEWER_09: @ 0x088B689D
	@ M4A track start proven by song header pointer
	.byte 0xBC, 0x00, 0xBD, 0x52, 0xC2, 0x2C, 0xCD, 0x08, 0x12, 0x08, 0x10, 0xC1, 0x0C, 0xBF, 0x40, 0xBE
	.byte 0x3C, 0x86, 0xD5, 0x28, 0x70, 0x92, 0xD2, 0x86, 0xD5, 0x34, 0x8C, 0x28, 0x86, 0x27, 0x86, 0xDB
	.byte 0x26, 0x92, 0xD2, 0x86, 0xD5, 0x86, 0xD2, 0x32, 0x86, 0xDB, 0x26, 0x8C, 0xD5, 0x25, 0x92, 0xD2
	.byte 0x86, 0xD5, 0x31, 0x8C, 0xDB, 0x25, 0x8C, 0xD5, 0x24, 0x8C, 0xDB, 0x30, 0x8C, 0xD5, 0x26, 0x8C
	.byte 0xDB, 0x32, 0x8C, 0xBE, 0x1B, 0xC0, 0x41, 0xE1, 0x2F, 0x70, 0x92, 0xD2, 0x3B, 0x8C, 0xD2, 0x86
	.byte 0xD5, 0x2F, 0x86, 0xD2, 0x3B, 0x86, 0xE7, 0x2F, 0x9C, 0xD5, 0x2D, 0x86, 0x2E, 0x86, 0xDE, 0x2F
	.byte 0x70, 0x92, 0xD2, 0x92, 0xD5, 0x2D, 0x86, 0x2E, 0x86, 0xDE, 0x2F, 0x92, 0xD2, 0x92, 0xD5, 0x2D
	.byte 0x86, 0x2E, 0x86, 0xB4, 0xE1, 0x2F, 0x92, 0xD2, 0x3B, 0x8C, 0xD2, 0x8C, 0xD2, 0x86, 0xE7, 0x2F
	.byte 0x9C, 0xD5, 0x2D, 0x86, 0x2E, 0x86, 0xB3, 0xFB, 0x68, 0x8B, 0x08, 0xB2, 0xE0, 0x68, 0x8B, 0x08
	.byte 0xB0, 0xB1, 0x00

	.globl SongHeader_MUS_ENCOUNTER_INTERVIEWER
SongHeader_MUS_ENCOUNTER_INTERVIEWER: @ 0x088B6930
	@ M4A song header: song 453 (MUS_ENCOUNTER_INTERVIEWER)
	m4a_song_header 9, 0, 0, 0xB2, 0x0861BB9C
	.4byte SongTrack_MUS_ENCOUNTER_INTERVIEWER_01
	.4byte SongTrack_MUS_ENCOUNTER_INTERVIEWER_02
	.4byte SongTrack_MUS_ENCOUNTER_INTERVIEWER_03
	.4byte SongTrack_MUS_ENCOUNTER_INTERVIEWER_04
	.4byte SongTrack_MUS_ENCOUNTER_INTERVIEWER_05
	.4byte SongTrack_MUS_ENCOUNTER_INTERVIEWER_06
	.4byte SongTrack_MUS_ENCOUNTER_INTERVIEWER_07
	.4byte SongTrack_MUS_ENCOUNTER_INTERVIEWER_08
	.4byte SongTrack_MUS_ENCOUNTER_INTERVIEWER_09

	.globl SongTrack_MUS_ENCOUNTER_CHAMPION_01
SongTrack_MUS_ENCOUNTER_CHAMPION_01: @ 0x088B695C
	@ M4A track start proven by song header pointer
	.byte 0xBC, 0x00, 0xBB, 0x47, 0xBD, 0x7F, 0xC2, 0x2C, 0xBF, 0x44, 0xC2, 0x2C, 0xC1, 0x0C, 0xBE, 0x2C
	.byte 0xD2, 0x5A, 0x70, 0x86, 0x5A, 0x40, 0x8C, 0x5A, 0x50, 0x86, 0x5A, 0x40, 0x86, 0xD2, 0x86, 0x5A
	.byte 0x50, 0x86, 0x5A, 0x40, 0x86, 0x5A, 0x70, 0x86, 0x5A, 0x40, 0x86, 0xD2, 0x86, 0xD2, 0x86, 0xD2
	.byte 0x86, 0x5A, 0x70, 0x8C, 0x5A, 0x40, 0x86, 0x5A, 0x70, 0x86, 0x5A, 0x40, 0x8C, 0x5A, 0x50, 0x86
	.byte 0x5A, 0x40, 0x86, 0xD2, 0x86, 0x5A, 0x50, 0x86, 0x5A, 0x40, 0x86, 0x5A, 0x70, 0x86, 0x5A, 0x40
	.byte 0x86, 0xD2, 0x86, 0xD2, 0x92, 0x5A, 0x70, 0x86, 0x5A, 0x40, 0x86, 0xD2, 0x5A, 0x70, 0x86, 0x5A
	.byte 0x40, 0x8C, 0x5A, 0x50, 0x86, 0x5A, 0x40, 0x86, 0xD2, 0x86, 0x5A, 0x50, 0x86, 0x5A, 0x40, 0x86
	.byte 0x5A, 0x70, 0x86, 0x5A, 0x40, 0x86, 0xD2, 0x86, 0xD2, 0x86, 0xD2, 0x86, 0x5A, 0x70, 0x8C, 0x5A
	.byte 0x40, 0x86, 0xB4, 0x86, 0xD2, 0x5A, 0x40, 0x86, 0xD2, 0x8C, 0xD2, 0x86, 0xD2, 0x8C, 0xD2, 0x86
	.byte 0x5A, 0x70, 0x86, 0x5A, 0x40, 0x86, 0xD2, 0x86, 0xD2, 0x86, 0xD2, 0x86, 0x5A, 0x70, 0x8C, 0x5A
	.byte 0x40, 0x86, 0xB4, 0xD2, 0x5A, 0x70, 0x86, 0x5A, 0x40, 0x8C, 0x5A, 0x50, 0x86, 0x5A, 0x40, 0x86
	.byte 0xD2, 0x86, 0x5A, 0x50, 0x86, 0x5A, 0x40, 0x86, 0x5A, 0x70, 0x86, 0x5A, 0x40, 0x8C, 0xD2, 0x86
	.byte 0xD2, 0x86, 0x5A, 0x70, 0x8C, 0x5A, 0x40, 0x86, 0xB4, 0xB3, 0xDF, 0x69, 0x8B, 0x08, 0xB3, 0xB7
	.byte 0x69, 0x8B, 0x08, 0xB3, 0xDF, 0x69, 0x8B, 0x08, 0xB3, 0xFF, 0x69, 0x8B, 0x08, 0xB3, 0xFF, 0x69
	.byte 0x8B, 0x08, 0x8C, 0xD2, 0x5A, 0x50, 0x86, 0x5A, 0x70, 0x86, 0xD2, 0x98, 0xD2, 0x92, 0xD2, 0x98
	.byte 0xD2, 0x86, 0xB4, 0xB3, 0x3E, 0x6A, 0x8B, 0x08, 0xB3, 0x3E, 0x6A, 0x8B, 0x08, 0xB3, 0x3E, 0x6A
	.byte 0x8B, 0x08, 0xD2, 0x5A, 0x70, 0x8C, 0xD2, 0x86, 0x5A, 0x58, 0x86, 0x5A, 0x70, 0x92, 0x5A, 0x58
	.byte 0x86, 0x5A, 0x70, 0x8C, 0xD2, 0x86, 0x5A, 0x60, 0x86, 0x5A, 0x70, 0x86, 0x5A, 0x40, 0x8C, 0xD2
	.byte 0x86, 0xB4, 0xB3, 0x5E, 0x6A, 0x8B, 0x08, 0xB3, 0x5E, 0x6A, 0x8B, 0x08, 0xB3, 0x5E, 0x6A, 0x8B
	.byte 0x08, 0xB2, 0xB7, 0x69, 0x8B, 0x08, 0xB1

	.globl SongTrack_MUS_ENCOUNTER_CHAMPION_02
SongTrack_MUS_ENCOUNTER_CHAMPION_02: @ 0x088B6A93
	@ M4A track start proven by song header pointer
	.byte 0xBC, 0x00, 0xBD, 0x11, 0xC2, 0x2C, 0xC1, 0x0C, 0xBE, 0x3F, 0xBF, 0x50, 0xD5, 0x54, 0x70, 0x8C
	.byte 0x51, 0x8C, 0xD2, 0x48, 0x86, 0xD5, 0x54, 0x8C, 0x51, 0x86, 0xD2, 0x4B, 0x86, 0xE1, 0x57, 0x92
	.byte 0xD5, 0x56, 0x8C, 0x54, 0x86, 0xBF, 0x60, 0x86, 0xB0, 0xBD, 0x11, 0xBF, 0x60, 0xC4, 0x00, 0xC0
	.byte 0x40, 0xD2, 0x49, 0x70, 0x83, 0x4A, 0x83, 0x4B, 0x83, 0x4C, 0x83, 0x4D, 0x83, 0x4E, 0x83, 0x4F
	.byte 0x83, 0x50, 0x83, 0xBD, 0x11, 0xD5, 0x51, 0x86, 0xD2, 0x54, 0x86, 0xDB, 0x50, 0x8C, 0xE1, 0x57
	.byte 0x92, 0xD5, 0x58, 0x9A, 0xBD, 0x26, 0xC4, 0x08, 0xBF, 0x58, 0xD5, 0x2B, 0x86, 0xD2, 0x2D, 0x86
	.byte 0xD2, 0x86, 0xD5, 0x2B, 0x86, 0xD2, 0x2D, 0x86, 0xD2, 0x86, 0xD5, 0x2B, 0x86, 0x2D, 0x86, 0x26
	.byte 0x86, 0xD2, 0x28, 0x86, 0xD5, 0x2B, 0x86, 0xD2, 0x2C, 0x86, 0xD5, 0x2F, 0x86, 0x30, 0x86, 0x2B
	.byte 0x86, 0x2C, 0x86, 0xBD, 0x11, 0xBE, 0x3F, 0xC4, 0x00, 0xBF, 0x60, 0xD2, 0x49, 0x83, 0x4A, 0x83
	.byte 0x4B, 0x83, 0x4C, 0x83, 0x4D, 0x83, 0x4E, 0x83, 0x4F, 0x83, 0x50, 0x83, 0xBD, 0x11, 0xD5, 0x51
	.byte 0x86, 0xD2, 0x54, 0x8C, 0xD5, 0x50, 0x86, 0xE1, 0x57, 0x92, 0xD5, 0x58, 0x9A, 0xBD, 0x26, 0xC4
	.byte 0x06, 0xBF, 0x59, 0xD5, 0x2B, 0x86, 0xD2, 0x2D, 0x86, 0xD2, 0x86, 0xD5, 0x2B, 0x86, 0xD2, 0x2D
	.byte 0x86, 0xD2, 0x86, 0xD5, 0x2B, 0x86, 0x2D, 0x86, 0x26, 0x86, 0xD2, 0x28, 0x86, 0xD5, 0x2B, 0x86
	.byte 0xD2, 0x2C, 0x86, 0xD5, 0x2F, 0x86, 0x30, 0x86, 0x2B, 0x86, 0x2C, 0x86, 0xBD, 0x38, 0xC4, 0x00
	.byte 0xBF, 0x60, 0xD2, 0x47, 0x83, 0x48, 0x83, 0x49, 0x83, 0x4A, 0x83, 0x4B, 0x83, 0x4C, 0x83, 0x4D
	.byte 0x83, 0x4E, 0x83, 0xBD, 0x38, 0xD5, 0x4F, 0x86, 0xD2, 0x52, 0x86, 0xDB, 0x4E, 0x8C, 0xE1, 0x55
	.byte 0x92, 0xD5, 0x56, 0x9A, 0xBD, 0x26, 0xC4, 0x08, 0xBF, 0x59, 0xD5, 0x29, 0x86, 0xD2, 0x2B, 0x86
	.byte 0xD2, 0x86, 0xD5, 0x29, 0x86, 0xD2, 0x2B, 0x86, 0xD2, 0x86, 0xD5, 0x29, 0x86, 0x2B, 0x86, 0x24
	.byte 0x86, 0xD2, 0x26, 0x86, 0xD5, 0x29, 0x86, 0xD2, 0x2A, 0x86, 0xD5, 0x2D, 0x86, 0x2E, 0x86, 0x29
	.byte 0x86, 0x2A, 0x86, 0xBD, 0x38, 0xBE, 0x3F, 0xC4, 0x00, 0xBF, 0x60, 0xD2, 0x47, 0x83, 0x48, 0x83
	.byte 0x49, 0x83, 0x4A, 0x83, 0x4B, 0x83, 0x4C, 0x83, 0x4D, 0x83, 0x4E, 0x83, 0xBD, 0x38, 0xD5, 0x4F
	.byte 0x86, 0xD2, 0x52, 0x8C, 0xD5, 0x4E, 0x86, 0xE1, 0x55, 0x92, 0xD5, 0x56, 0x9A, 0xBD, 0x38, 0xA0
	.byte 0xD5, 0x5B, 0x86, 0xD2, 0x56, 0x86, 0xD5, 0x52, 0x86, 0xD2, 0x4F, 0x86, 0xD5, 0x55, 0x86, 0xD2
	.byte 0x56, 0x86, 0xBD, 0x18, 0xBE, 0x2F, 0xD5, 0x53, 0x86, 0x56, 0x86, 0xF5, 0x58, 0x98, 0xC4, 0x07
	.byte 0x8C, 0xBE, 0x2E, 0x82, 0x2B, 0x83, 0x28, 0x83, 0x23, 0x84, 0x20, 0x82, 0x1E, 0x83, 0x1A, 0x83
	.byte 0x14, 0x84, 0x14, 0x82, 0x11, 0x83, 0x0D, 0x83, 0x09, 0x84, 0xC4, 0x00, 0xBE, 0x2F, 0xD5, 0x58
	.byte 0x58, 0x8C, 0x59, 0x86, 0x58, 0x86, 0x5C, 0x8C, 0x5B, 0x8C, 0xD2, 0x59, 0x83, 0x5B, 0x83, 0xD5
	.byte 0x59, 0x8C, 0x58, 0x86, 0xBE, 0x2F, 0xEB, 0x56, 0x82, 0xBE, 0x29, 0x86, 0x26, 0x84, 0x23, 0xC4
	.byte 0x06, 0x82, 0xBE, 0x20, 0x83, 0x1C, 0x83, 0x16, 0x84, 0x2F, 0x8C, 0xC4, 0x00, 0xD5, 0x53, 0x86
	.byte 0x54, 0x86, 0xBD, 0x18, 0xE9, 0x56, 0x9C, 0xD5, 0x58, 0x86, 0x59, 0x86, 0xE9, 0x58, 0x9C, 0xD5
	.byte 0x86, 0x59, 0x86, 0xEF, 0x58, 0x98, 0xC4, 0x05, 0xBE, 0x2F, 0x82, 0x2B, 0x83, 0x28, 0x83, 0x23
	.byte 0x84, 0x1F, 0x82, 0x1A, 0x83, 0x14, 0x87, 0xC4, 0x00, 0xBE, 0x2F, 0xD2, 0x55, 0x83, 0x56, 0x83
	.byte 0xD5, 0x55, 0x86, 0x53, 0x8C, 0x55, 0x86, 0x58, 0x92, 0xE1, 0x92, 0xD5, 0x59, 0x92, 0xEF, 0x56
	.byte 0x98, 0xC4, 0x05, 0xBE, 0x2F, 0x82, 0x2E, 0x83, 0x29, 0x83, 0x26, 0x84, 0x20, 0x82, 0x1C, 0x83
	.byte 0x16, 0x83, 0x14, 0x84, 0xC4, 0x00, 0xBE, 0x2F, 0xD2, 0x51, 0x86, 0xD2, 0x86, 0xE1, 0x58, 0x92
	.byte 0xD5, 0x59, 0x92, 0xEF, 0x56, 0x8C, 0xC4, 0x06, 0xBE, 0x2F, 0x82, 0x2E, 0x83, 0x29, 0x83, 0x25
	.byte 0x84, 0x23, 0x82, 0x21, 0x83, 0x1F, 0x83, 0x1C, 0x84, 0x16, 0x82, 0x11, 0x8A, 0xC4, 0x00, 0xBE
	.byte 0x2F, 0xD5, 0x54, 0x86, 0xCF, 0x5B, 0x86, 0x98, 0xC4, 0x06, 0xBE, 0x2E, 0x82, 0x2B, 0x83, 0x29
	.byte 0x83, 0x27, 0x84, 0x25, 0x85, 0x23, 0x83, 0x23, 0x86, 0x20, 0x86, 0x1E, 0x86, 0x1C, 0x83, 0x1C
	.byte 0x83, 0x1A, 0x86, 0x17, 0x83, 0x16, 0x83, 0x16, 0x84, 0x14, 0x82, 0x14, 0x83, 0x13, 0x83, 0x12
	.byte 0x84, 0x11, 0x85, 0x10, 0x9A, 0x81, 0x14, 0x82, 0x14, 0x83, 0x17, 0x83, 0x1A, 0x84, 0x1C, 0x82
	.byte 0x1F, 0x83, 0x21, 0x83, 0x23, 0x84, 0x25, 0x82, 0x29, 0x83, 0x2B, 0x83, 0x2F, 0x99, 0xCE, 0xB2
	.byte 0xBC, 0x6A, 0x8B, 0x08, 0xC4, 0x00, 0xB1

	.globl SongTrack_MUS_ENCOUNTER_CHAMPION_03
SongTrack_MUS_ENCOUNTER_CHAMPION_03: @ 0x088B6D3A
	@ M4A track start proven by song header pointer
	.byte 0xBC, 0x00, 0xBD, 0x24, 0xC1, 0x0C, 0xC2, 0x2C, 0xC1, 0x0C, 0xC2, 0x2C, 0xBE, 0x4C, 0xBF, 0x40
	.byte 0xC0, 0x40, 0xD5, 0x21, 0x7F, 0x8C, 0xD5, 0x8C, 0xDB, 0x86, 0xC0, 0x4A, 0x86, 0x40, 0xD2, 0x86
	.byte 0xD2, 0x86, 0xD5, 0x24, 0x86, 0xE1, 0x21, 0x92, 0xDB, 0x8C, 0x2D, 0x8C, 0xC0, 0x40, 0xDB, 0x37
	.byte 0x86, 0xC0, 0x49, 0x86, 0x40, 0xDB, 0x33, 0x86, 0xC0, 0x45, 0x86, 0x40, 0xDB, 0x2F, 0x86, 0xC0
	.byte 0x49, 0x86, 0x40, 0xDB, 0x2B, 0x86, 0xC0, 0x45, 0x86, 0x3A, 0xDB, 0x28, 0x86, 0xC0, 0x40, 0x86
	.byte 0xD2, 0x86, 0xC0, 0x3B, 0xDB, 0x86, 0xC0, 0x40, 0x86, 0xD2, 0x86, 0xC0, 0x3B, 0xDB, 0x86, 0xC0
	.byte 0x40, 0x86, 0xC0, 0x40, 0xE1, 0x21, 0x7F, 0x92, 0xD5, 0x28, 0x92, 0xDB, 0x2F, 0x86, 0xC0, 0x45
	.byte 0x86, 0x7F, 0xE1, 0x21, 0x86, 0xC0, 0x41, 0x8C, 0xD5, 0x28, 0x92, 0xDB, 0x32, 0x86, 0xC0, 0x36
	.byte 0x86, 0xB4, 0x40, 0xDB, 0x2B, 0x86, 0xC0, 0x4A, 0x86, 0x40, 0x86, 0x40, 0xDB, 0x86, 0xC0, 0x4A
	.byte 0x86, 0x40, 0x86, 0x40, 0xDB, 0x86, 0xC0, 0x4A, 0x86, 0x40, 0xD2, 0x21, 0x86, 0xD2, 0x86, 0xDB
	.byte 0x2B, 0x86, 0xC0, 0x49, 0x86, 0x40, 0xDB, 0x27, 0x86, 0xC0, 0x44, 0x86, 0x40, 0xDB, 0x23, 0x86
	.byte 0xC0, 0x44, 0x86, 0xB3, 0x9C, 0x6D, 0x8B, 0x08, 0xC0, 0x40, 0xDB, 0x2B, 0x7F, 0x86, 0xC0, 0x4A
	.byte 0x86, 0x40, 0x86, 0x40, 0xDB, 0x86, 0xC0, 0x4A, 0x86, 0x40, 0x86, 0x40, 0xDB, 0x86, 0xC0, 0x4A
	.byte 0x86, 0x40, 0xD2, 0x21, 0x86, 0xD2, 0x86, 0xDB, 0x26, 0x86, 0xC0, 0x49, 0x86, 0x40, 0xDB, 0x2B
	.byte 0x86, 0xC0, 0x49, 0x86, 0x40, 0xDB, 0x26, 0x86, 0xC0, 0x49, 0x86, 0xC0, 0x40, 0xE1, 0x1F, 0x7F
	.byte 0x92, 0xD5, 0x26, 0x92, 0xDB, 0x2D, 0x86, 0xC0, 0x45, 0x86, 0x7F, 0xE1, 0x1F, 0x86, 0xC0, 0x41
	.byte 0x8C, 0xD5, 0x26, 0x92, 0xDB, 0x30, 0x86, 0xC0, 0x36, 0x86, 0xB4, 0x40, 0xDB, 0x29, 0x86, 0xC0
	.byte 0x4A, 0x86, 0x40, 0x86, 0x40, 0xDB, 0x86, 0xC0, 0x4A, 0x86, 0x40, 0x86, 0x40, 0xDB, 0x86, 0xC0
	.byte 0x4A, 0x86, 0x40, 0xD2, 0x1F, 0x86, 0xD2, 0x86, 0xDB, 0x29, 0x86, 0xC0, 0x49, 0x86, 0x40, 0xDB
	.byte 0x25, 0x86, 0xC0, 0x44, 0x86, 0x40, 0xDB, 0x21, 0x86, 0xC0, 0x44, 0x86, 0xB3, 0x25, 0x6E, 0x8B
	.byte 0x08, 0xC0, 0x40, 0xDE, 0x1F, 0x7F, 0x92, 0xD2, 0x86, 0xDB, 0x2A, 0x86, 0xC0, 0x4A, 0x86, 0x41
	.byte 0xDB, 0x1F, 0xA4, 0xC0, 0x3B, 0xDB, 0x29, 0x86, 0xC0, 0x40, 0x8C, 0xD2, 0x92, 0xD5, 0x8C, 0xC0
	.byte 0x3B, 0xDB, 0x86, 0xC0, 0x40, 0x8C, 0xD2, 0x92, 0xD5, 0x8C, 0xC0, 0x3B, 0xDB, 0x86, 0xC0, 0x40
	.byte 0x8C, 0xD2, 0x92, 0xD5, 0x8C, 0xC0, 0x3B, 0xD2, 0x86, 0xC0, 0x40, 0xD8, 0x8C, 0xD2, 0x92, 0xD5
	.byte 0x8C, 0xC0, 0x3B, 0xDB, 0x28, 0x86, 0xC0, 0x40, 0x8C, 0xD2, 0x92, 0xD5, 0x8C, 0xC0, 0x3B, 0xDB
	.byte 0x86, 0xC0, 0x40, 0x8C, 0xD2, 0x92, 0xD5, 0x8C, 0xC0, 0x3B, 0xDB, 0x2D, 0x86, 0xC0, 0x40, 0x8C
	.byte 0xD2, 0x39, 0x86, 0xD5, 0x2D, 0x86, 0xD2, 0x39, 0x86, 0xC0, 0x3B, 0xDB, 0x2D, 0x86, 0xC0, 0x40
	.byte 0x86, 0xDB, 0x37, 0x86, 0xC0, 0x49, 0x86, 0x40, 0xDB, 0x33, 0x86, 0xC0, 0x44, 0x86, 0x40, 0xDB
	.byte 0x2F, 0x86, 0xC0, 0x44, 0x86, 0x40, 0xDB, 0x37, 0x86, 0xC0, 0x49, 0x86, 0x3B, 0xDB, 0x29, 0x86
	.byte 0xC0, 0x40, 0x8C, 0xD2, 0x35, 0x86, 0xD5, 0x29, 0x86, 0xD2, 0x35, 0x86, 0xC0, 0x3B, 0xDB, 0x29
	.byte 0x86, 0xC0, 0x40, 0x86, 0xDB, 0x34, 0x86, 0xC0, 0x44, 0x86, 0x40, 0xDB, 0x2F, 0x86, 0xC0, 0x44
	.byte 0x86, 0x40, 0xDB, 0x2B, 0x86, 0xC0, 0x44, 0x86, 0x40, 0xDB, 0x34, 0x86, 0xC0, 0x44, 0x86, 0x3B
	.byte 0xDB, 0x2A, 0x86, 0xC0, 0x40, 0x8C, 0xD2, 0x36, 0x86, 0xD5, 0x2A, 0x86, 0xD2, 0x36, 0x86, 0xC0
	.byte 0x3B, 0xDB, 0x2A, 0x86, 0xC0, 0x40, 0x86, 0xDB, 0x34, 0x86, 0xC0, 0x49, 0x86, 0x40, 0xDB, 0x2F
	.byte 0x86, 0xC0, 0x44, 0x86, 0x40, 0xDB, 0x2B, 0x86, 0xC0, 0x49, 0x86, 0x40, 0xDB, 0x28, 0x86, 0xC0
	.byte 0x49, 0x86, 0x40, 0xD5, 0x2B, 0x86, 0xD2, 0x86, 0xDB, 0x35, 0x86, 0xC0, 0x49, 0x86, 0x40, 0xDB
	.byte 0x31, 0x86, 0xC0, 0x44, 0x86, 0x40, 0xDB, 0x2E, 0x86, 0xC0, 0x44, 0x86, 0x3B, 0xDB, 0x2B, 0x86
	.byte 0xC0, 0x40, 0x86, 0xD2, 0x8C, 0xDB, 0x35, 0x86, 0xC0, 0x49, 0x86, 0x40, 0xD2, 0x2B, 0x86, 0xD2
	.byte 0x86, 0xC0, 0x3B, 0xDB, 0x2C, 0x86, 0xC0, 0x40, 0x86, 0xDB, 0x36, 0x86, 0xC0, 0x49, 0x86, 0x40
	.byte 0xDB, 0x33, 0x86, 0xC0, 0x44, 0x86, 0x40, 0xDB, 0x2F, 0x86, 0xC0, 0x49, 0x86, 0x40, 0xDB, 0x2A
	.byte 0x86, 0xC0, 0x49, 0x86, 0x40, 0x86, 0xD5, 0x28, 0x86, 0xD2, 0x86, 0xD2, 0x86, 0xDB, 0x32, 0x86
	.byte 0xC0, 0x49, 0x86, 0xB2, 0x9C, 0x6D, 0x8B, 0x08, 0xC0, 0x40, 0xB1

	.globl SongTrack_MUS_ENCOUNTER_CHAMPION_04
SongTrack_MUS_ENCOUNTER_CHAMPION_04: @ 0x088B6FD5
	@ M4A track start proven by song header pointer
	.byte 0xBC, 0x00, 0xBD, 0x49, 0xC2, 0x2C, 0xC1, 0x0C, 0xBF, 0x3F, 0xBE, 0x2F, 0xB0, 0xD5, 0x58, 0x70
	.byte 0x86, 0x56, 0x86, 0x53, 0x86, 0x50, 0x86, 0x4C, 0x86, 0x4B, 0x86, 0x4C, 0x86, 0x4E, 0x86, 0x50
	.byte 0x86, 0x4E, 0x86, 0x50, 0x86, 0x51, 0x86, 0x53, 0x86, 0x51, 0x86, 0x53, 0x86, 0x56, 0x86, 0xB4
	.byte 0xB0, 0xB0, 0xB0, 0xB0, 0xB0, 0xB0, 0xB0, 0xBE, 0x13, 0xBF, 0x20, 0xEF, 0x3E, 0x70, 0x98, 0xBE
	.byte 0x11, 0x82, 0x13, 0x83, 0x15, 0x83, 0x16, 0x84, 0x17, 0x82, 0x19, 0x81, 0xBF, 0x22, 0x82, 0xBE
	.byte 0x1A, 0xBF, 0x29, 0x87, 0xBE, 0x1B, 0xBF, 0x2D, 0xD5, 0x40, 0x82, 0xBE, 0x1C, 0xBF, 0x32, 0x83
	.byte 0xBE, 0x1D, 0xBF, 0x34, 0x81, 0xD5, 0x41, 0x82, 0xBE, 0x20, 0xBF, 0x3A, 0x84, 0xBE, 0x21, 0xBF
	.byte 0x40, 0xD5, 0x43, 0x82, 0xBF, 0x49, 0x81, 0xBE, 0x22, 0x82, 0x23, 0xBF, 0x50, 0x81, 0xD5, 0x45
	.byte 0x82, 0xBE, 0x25, 0xBF, 0x56, 0x84, 0xBE, 0x27, 0xBF, 0x5A, 0xD5, 0x46, 0x82, 0xBE, 0x2B, 0xBF
	.byte 0x60, 0x83, 0xBE, 0x31, 0xBF, 0x64, 0x81, 0xD5, 0x48, 0x82, 0xBE, 0x3A, 0xBF, 0x69, 0x84, 0xBE
	.byte 0x3E, 0xBF, 0x6B, 0xD5, 0x4A, 0x82, 0xBE, 0x41, 0xBF, 0x70, 0x84, 0xD5, 0x49, 0x86, 0xBE, 0x28
	.byte 0xBF, 0x24, 0xFB, 0x48, 0x98, 0xC4, 0x05, 0x98, 0xBE, 0x28, 0x82, 0x23, 0x83, 0x22, 0x83, 0x20
	.byte 0x84, 0x1D, 0x82, 0x1C, 0x83, 0x16, 0x83, 0x10, 0x84, 0x0D, 0x82, 0x0B, 0x81, 0x0A, 0x86, 0x08
	.byte 0x83, 0xC4, 0x00, 0xBE, 0x29, 0xD5, 0x49, 0x86, 0x48, 0x86, 0xFF, 0x47, 0xA0, 0xC4, 0x05, 0xBE
	.byte 0x28, 0x82, 0x28, 0x83, 0x25, 0x83, 0x21, 0x84, 0x20, 0x82, 0x1C, 0x83, 0x17, 0x83, 0x13, 0x84
	.byte 0x11, 0x82, 0x0E, 0x83, 0x0D, 0x83, 0x0D, 0x84, 0x0C, 0x82, 0x0B, 0x83, 0x09, 0x87, 0xC4, 0x00
	.byte 0xBE, 0x29, 0xEF, 0x98, 0xC4, 0x05, 0xBE, 0x25, 0x82, 0x21, 0x83, 0x1C, 0x81, 0x1C, 0x82, 0x1A
	.byte 0x84, 0x17, 0x82, 0x17, 0x83, 0x16, 0x87, 0xC4, 0x00, 0xBE, 0x28, 0xEF, 0x46, 0x98, 0xC4, 0x05
	.byte 0xBE, 0x25, 0x82, 0x21, 0x83, 0x1F, 0x83, 0x1A, 0x84, 0x17, 0x82, 0x15, 0x83, 0x14, 0x87, 0xC4
	.byte 0x00, 0xBE, 0x28, 0xE7, 0x51, 0x98, 0x4F, 0x98, 0xDB, 0x4D, 0x8C, 0xD5, 0x4F, 0x86, 0x4D, 0x86
	.byte 0xD2, 0x4C, 0x83, 0x4D, 0x83, 0xD5, 0x4C, 0x86, 0x4F, 0x86, 0x51, 0x86, 0xE1, 0x53, 0x92, 0xD5
	.byte 0x54, 0x95, 0xEE, 0x51, 0x95, 0xC4, 0x05, 0xBE, 0x25, 0x82, 0x23, 0x83, 0x20, 0x83, 0x1C, 0x84
	.byte 0x1A, 0x82, 0x16, 0x83, 0x12, 0x83, 0x10, 0x84, 0xC4, 0x00, 0xBE, 0x29, 0xD2, 0x4D, 0x86, 0xD2
	.byte 0x86, 0xE1, 0x53, 0x92, 0xD5, 0x54, 0x92, 0xEF, 0x51, 0x98, 0xC4, 0x05, 0xBE, 0x28, 0x82, 0x25
	.byte 0x83, 0x23, 0x83, 0x20, 0x84, 0x1F, 0x82, 0x1A, 0x83, 0x15, 0x83, 0x11, 0x84, 0xC4, 0x00, 0xBE
	.byte 0x29, 0xD5, 0x4E, 0x86, 0xED, 0x4F, 0x86, 0x8C, 0xC4, 0x05, 0xBE, 0x28, 0x82, 0x25, 0x83, 0x23
	.byte 0x83, 0x20, 0x84, 0x1E, 0x82, 0x1A, 0x83, 0x17, 0x83, 0x13, 0x84, 0xC4, 0x00, 0xBE, 0x29, 0xD5
	.byte 0x4E, 0x86, 0x4F, 0x86, 0xEB, 0x53, 0x8C, 0xC4, 0x05, 0x83, 0xBE, 0x24, 0x82, 0x1F, 0x83, 0x1C
	.byte 0x84, 0x1A, 0x82, 0x17, 0x83, 0x16, 0x83, 0x12, 0x84, 0xC4, 0x00, 0xBE, 0x29, 0xD5, 0x50, 0x86
	.byte 0x53, 0x86, 0xB3, 0xE2, 0x6F, 0x8B, 0x08, 0xB2, 0x05, 0x70, 0x8B, 0x08, 0xB1

	.globl SongTrack_MUS_ENCOUNTER_CHAMPION_05
SongTrack_MUS_ENCOUNTER_CHAMPION_05: @ 0x088B71B2
	@ M4A track start proven by song header pointer
	.byte 0xBC, 0x00, 0xBD, 0x7E, 0xC2, 0x2C, 0xC1, 0x0C, 0xBE, 0x28, 0xBF, 0x40, 0x8C, 0xD5, 0x58, 0x60
	.byte 0xA8, 0xD5, 0x8C, 0x8C, 0xD5, 0xA4, 0xD5, 0x98, 0x8C, 0xD5, 0x58, 0x60, 0xA8, 0xD5, 0x8C, 0xB4
	.byte 0xD5, 0x58, 0x60, 0x92, 0xD5, 0x92, 0xD5, 0xA0, 0xD5, 0x8C, 0xB4, 0x8C, 0xD5, 0x58, 0x60, 0xA0
	.byte 0xD5, 0x98, 0xD5, 0x8C, 0xB4, 0xB3, 0xD2, 0x71, 0x8B, 0x08, 0xB3, 0xCA, 0x71, 0x8B, 0x08, 0xB3
	.byte 0xD2, 0x71, 0x8B, 0x08, 0xB3, 0xDD, 0x71, 0x8B, 0x08, 0xB3, 0xDD, 0x71, 0x8B, 0x08, 0xD5, 0x58
	.byte 0x70, 0x9A, 0x58, 0x50, 0x8C, 0x58, 0x70, 0x8C, 0x58, 0x50, 0x92, 0x58, 0x58, 0x8C, 0x58, 0x70
	.byte 0x8C, 0xB4, 0xB3, 0x00, 0x72, 0x8B, 0x08, 0xB3, 0x00, 0x72, 0x8B, 0x08, 0xB3, 0x00, 0x72, 0x8B
	.byte 0x08, 0x9C, 0xD5, 0x58, 0x5C, 0xA0, 0x58, 0x70, 0x8C, 0xB4, 0xB3, 0x23, 0x72, 0x8B, 0x08, 0xB3
	.byte 0x23, 0x72, 0x8B, 0x08, 0xB3, 0x23, 0x72, 0x8B, 0x08, 0xB2, 0xCA, 0x71, 0x8B, 0x08, 0xB1

	.globl SongTrack_MUS_ENCOUNTER_CHAMPION_06
SongTrack_MUS_ENCOUNTER_CHAMPION_06: @ 0x088B7241
	@ M4A track start proven by song header pointer
	.byte 0xBC, 0x00, 0xBD, 0x50, 0xC2, 0x2C, 0xCD, 0x08, 0x12, 0x08, 0x10, 0xC1, 0x0C, 0xBE, 0x26, 0xBF
	.byte 0x03, 0xB0, 0xBE, 0x08, 0xFF, 0x47, 0x70, 0x88, 0xBE, 0x0B, 0x8C, 0x0E, 0x8C, 0x11, 0x95, 0x13
	.byte 0x83, 0x14, 0x86, 0x17, 0x83, 0x1A, 0x83, 0x22, 0x84, 0x26, 0x82, 0x33, 0x83, 0x3E, 0x83, 0x41
	.byte 0x90, 0xBD, 0x50, 0xBE, 0x2C, 0xD8, 0x60, 0x70, 0x8C, 0xD5, 0x60, 0x5C, 0x8C, 0xD2, 0x60, 0x70
	.byte 0x86, 0xDB, 0x60, 0x5C, 0x8C, 0xD2, 0x60, 0x70, 0x8C, 0x60, 0x5C, 0x8C, 0xD2, 0x86, 0xD5, 0x60
	.byte 0x70, 0x8C, 0x60, 0x60, 0x8C, 0xD5, 0x69, 0x70, 0x8C, 0xD5, 0x8C, 0xD2, 0x5D, 0x86, 0xD5, 0x69
	.byte 0x8C, 0xD5, 0x92, 0xD2, 0x86, 0xD2, 0x86, 0x5D, 0x86, 0xD5, 0x69, 0x8C, 0xD2, 0x5D, 0x86, 0xB4
	.byte 0xD8, 0x60, 0x8C, 0xD5, 0x60, 0x5C, 0x8C, 0xD2, 0x60, 0x70, 0x86, 0xDB, 0x60, 0x5C, 0x8C, 0xD2
	.byte 0x60, 0x70, 0x8C, 0x60, 0x5C, 0x8C, 0xD2, 0x86, 0xD5, 0x60, 0x70, 0x8C, 0x60, 0x60, 0x8C, 0xB3
	.byte 0x96, 0x72, 0x8B, 0x08, 0xD8, 0x5E, 0x70, 0x8C, 0xD5, 0x5E, 0x5C, 0x8C, 0xD2, 0x5E, 0x70, 0x86
	.byte 0xDB, 0x5E, 0x5C, 0x8C, 0xD2, 0x5E, 0x70, 0x8C, 0x5E, 0x5C, 0x8C, 0xD2, 0x86, 0xD5, 0x5E, 0x70
	.byte 0x8C, 0x5E, 0x60, 0x8C, 0xB4, 0x67, 0x70, 0x8C, 0xD5, 0x8C, 0xD2, 0x5B, 0x86, 0xD5, 0x67, 0x8C
	.byte 0xD5, 0x92, 0xD2, 0x86, 0xD2, 0x86, 0x5B, 0x86, 0xD5, 0x67, 0x8C, 0xD2, 0x5B, 0x86, 0xB3, 0xD5
	.byte 0x72, 0x8B, 0x08, 0xC4, 0x04, 0xD5, 0x67, 0x70, 0x8C, 0xD5, 0x8C, 0xD2, 0x5B, 0x86, 0xD5, 0x67
	.byte 0x8C, 0xD5, 0x92, 0xD2, 0x86, 0xD2, 0x86, 0x5B, 0x86, 0xD5, 0x67, 0x86, 0xBD, 0x51, 0xBE, 0x26
	.byte 0xC4, 0x00, 0xD5, 0x43, 0x86, 0x44, 0xD2, 0x5B, 0x86, 0xFB, 0x45, 0x98, 0xC4, 0x06, 0xA4, 0x00
	.byte 0xD5, 0x46, 0x86, 0x45, 0x86, 0xFB, 0x44, 0x98, 0xC4, 0x06, 0xA4, 0x00, 0xD5, 0x40, 0x86, 0x41
	.byte 0x86, 0xEB, 0x43, 0x98, 0xC4, 0x06, 0x8C, 0x00, 0xD5, 0x40, 0xD5, 0x47, 0x86, 0x41, 0x86, 0xEF
	.byte 0x43, 0x98, 0xC4, 0x06, 0x98, 0x00, 0xFB, 0x45, 0x98, 0xC4, 0x06, 0xA4, 0x00, 0xD5, 0x42, 0x86
	.byte 0x44, 0x86, 0xE9, 0x45, 0x9A, 0xD5, 0x43, 0x86, 0x45, 0x86, 0x47, 0x86, 0xEB, 0x48, 0x8C, 0xC4
	.byte 0x06, 0x98, 0x00, 0xD5, 0x47, 0x86, 0x45, 0x86, 0xF1, 0x42, 0x98, 0xC4, 0x06, 0x98, 0x00, 0x86
	.byte 0xD5, 0x86, 0x45, 0x86, 0x47, 0x86, 0xD2, 0x48, 0x83, 0x4A, 0x83, 0xD5, 0x48, 0x86, 0x47, 0x86
	.byte 0x45, 0x86, 0xEB, 0x4A, 0x98, 0xC4, 0x06, 0x8C, 0x00, 0xD5, 0x47, 0x86, 0x4A, 0x83, 0xEB, 0x43
	.byte 0x98, 0x83, 0xC4, 0x06, 0x8C, 0x00, 0xD5, 0x40, 0x86, 0x44, 0x86, 0xEB, 0x47, 0x98, 0xC4, 0x06
	.byte 0x8C, 0x00, 0xD5, 0x46, 0x86, 0x47, 0x86, 0xE7, 0x44, 0x8C, 0xC4, 0x06, 0x8C, 0x00, 0xD2, 0x40
	.byte 0x83, 0x44, 0x83, 0x47, 0x83, 0x4A, 0x83, 0x44, 0x83, 0x47, 0x83, 0x4A, 0x83, 0x4C, 0x83, 0xB2
	.byte 0x72, 0x72, 0x8B, 0x08, 0xB1

	.globl SongTrack_MUS_ENCOUNTER_CHAMPION_07
SongTrack_MUS_ENCOUNTER_CHAMPION_07: @ 0x088B73E6
	@ M4A track start proven by song header pointer
	.byte 0xBC, 0x00, 0xBD, 0x53, 0xC2, 0x2C, 0xCD, 0x08, 0x12, 0x08, 0x10, 0xC1, 0x0C, 0xBF, 0x7F, 0xBE
	.byte 0x26, 0xB0, 0x08, 0xBF, 0x7F, 0xFF, 0x3E, 0x70, 0x88, 0xBE, 0x0B, 0x8C, 0x0E, 0x8C, 0x11, 0x95
	.byte 0x13, 0x83, 0x14, 0x86, 0x17, 0x83, 0x1A, 0x83, 0x22, 0x84, 0x26, 0x82, 0x33, 0x83, 0x3E, 0x83
	.byte 0x41, 0x90, 0xBD, 0x53, 0xBE, 0x26, 0xD5, 0x37, 0x70, 0x86, 0xD2, 0x39, 0x8C, 0xD2, 0x86, 0xD5
	.byte 0x86, 0xD2, 0x86, 0x38, 0x86, 0x39, 0x86, 0xD5, 0x38, 0x86, 0xD2, 0x39, 0x86, 0xD2, 0x86, 0xD5
	.byte 0x38, 0x86, 0xD2, 0x39, 0x86, 0xD2, 0x86, 0xD5, 0x86, 0x38, 0x86, 0x2F, 0x86, 0xD2, 0x30, 0x86
	.byte 0xD2, 0x86, 0xD5, 0x2F, 0x86, 0xD2, 0x30, 0x86, 0xD2, 0x86, 0xD5, 0x2F, 0x86, 0x30, 0x86, 0x2B
	.byte 0x86, 0xD2, 0x2D, 0x86, 0xD5, 0x2F, 0x86, 0xD2, 0x30, 0x86, 0xD5, 0x33, 0x86, 0x34, 0x86, 0x2F
	.byte 0x86, 0x30, 0x86, 0x37, 0x86, 0xD2, 0x39, 0x8C, 0xD2, 0x86, 0xD5, 0x86, 0xD2, 0x86, 0x37, 0x86
	.byte 0x39, 0x86, 0x3D, 0x83, 0x3F, 0x83, 0x40, 0x83, 0x41, 0x83, 0x43, 0x83, 0x44, 0x83, 0x46, 0x83
	.byte 0x47, 0x83, 0xE7, 0x48, 0x98, 0xB0, 0xD5, 0x35, 0x86, 0xD2, 0x37, 0x8C, 0xD2, 0x86, 0xD5, 0x86
	.byte 0xD2, 0x86, 0x36, 0x86, 0x37, 0x86, 0xD5, 0x36, 0x86, 0xD2, 0x37, 0x86, 0xD2, 0x86, 0xD5, 0x36
	.byte 0x86, 0xD2, 0x37, 0x86, 0xD2, 0x86, 0xD5, 0x86, 0x36, 0x86, 0x2D, 0x86, 0xD2, 0x2E, 0x86, 0xD2
	.byte 0x86, 0xD5, 0x2D, 0x86, 0xD2, 0x2E, 0x86, 0xD2, 0x86, 0xD5, 0x2D, 0x86, 0x2E, 0x86, 0x29, 0x86
	.byte 0xD2, 0x2B, 0x86, 0xD5, 0x2D, 0x86, 0xD2, 0x2E, 0x86, 0xD5, 0x31, 0x86, 0x32, 0x86, 0x2D, 0x86
	.byte 0x2E, 0x86, 0x35, 0x86, 0xD2, 0x37, 0x8C, 0xD2, 0x86, 0xD5, 0x86, 0xD2, 0x86, 0x35, 0x86, 0x37
	.byte 0x86, 0x3B, 0x83, 0x3D, 0x83, 0x3E, 0x83, 0x3F, 0x83, 0x41, 0x83, 0x42, 0x83, 0x44, 0x83, 0x45
	.byte 0x83, 0xBF, 0x40, 0xCF, 0x46, 0x98, 0xC4, 0x04, 0xA0, 0xBE, 0x28, 0x82, 0x2C, 0x83, 0x2F, 0x83
	.byte 0x34, 0x84, 0x37, 0x82, 0x3E, 0x83, 0x44, 0x83, 0x47, 0x90, 0xCE, 0xBF, 0x7F, 0xC4, 0x00, 0xBE
	.byte 0x26, 0xD5, 0x4F, 0x86, 0x4D, 0x86, 0xBD, 0x52, 0xBF, 0x7F, 0xFB, 0x4C, 0x98, 0xC4, 0x06, 0xA4
	.byte 0x00, 0xD5, 0x4D, 0x86, 0x4C, 0x86, 0xFB, 0x4A, 0x98, 0xC4, 0x06, 0xA4, 0x00, 0xD5, 0x47, 0x86
	.byte 0x48, 0x86, 0xEB, 0x4A, 0x98, 0xC4, 0x06, 0x8C, 0x00, 0x86, 0xD5, 0x48, 0x86, 0xEF, 0x4A, 0x98
	.byte 0xC4, 0x06, 0x98, 0x00, 0xFB, 0x49, 0x98, 0xC4, 0x06, 0xA4, 0x00, 0xD5, 0x48, 0x86, 0x49, 0x86
	.byte 0xE9, 0x48, 0x9A, 0xD5, 0x47, 0x86, 0x48, 0x86, 0x4A, 0x86, 0xEB, 0x4C, 0x8C, 0xC4, 0x06, 0x98
	.byte 0x00, 0xD5, 0x4B, 0x86, 0x4A, 0x86, 0xF1, 0x48, 0x98, 0xC4, 0x06, 0x98, 0x00, 0x86, 0xD5, 0x47
	.byte 0x86, 0x48, 0x86, 0x4A, 0x86, 0xD2, 0x4B, 0x83, 0x4C, 0x83, 0xD5, 0x4B, 0x86, 0x4A, 0x86, 0x48
	.byte 0x86, 0xEB, 0x4F, 0x98, 0xC4, 0x06, 0x8C, 0x00, 0xD5, 0x4E, 0x86, 0x4F, 0x86, 0xEB, 0x4A, 0x98
	.byte 0xC4, 0x06, 0x8C, 0x00, 0xD5, 0x47, 0x86, 0x4A, 0x86, 0xEB, 0x4C, 0x98, 0xC4, 0x06, 0x8C, 0x00
	.byte 0xD5, 0x4B, 0x86, 0x4C, 0x86, 0xE7, 0x47, 0x8C, 0xC4, 0x06, 0x8C, 0x00, 0xD2, 0x44, 0x83, 0x47
	.byte 0x83, 0x4A, 0x83, 0x4C, 0x83, 0x47, 0x83, 0x4A, 0x83, 0x4C, 0x83, 0x50, 0x83, 0xB2, 0x18, 0x74
	.byte 0x8B, 0x08, 0xB1

	.globl SongTrack_MUS_ENCOUNTER_CHAMPION_08
SongTrack_MUS_ENCOUNTER_CHAMPION_08: @ 0x088B75C9
	@ M4A track start proven by song header pointer
	.byte 0xBC, 0x00, 0xBD, 0x00, 0xBF, 0x40, 0xBE, 0x4C, 0xD5, 0x26, 0x70, 0x8C, 0xD5, 0x8C, 0x24, 0x86
	.byte 0x26, 0x8C, 0xD5, 0x86, 0x24, 0x86, 0xED, 0x39, 0x9E, 0xB0, 0x92, 0xD5, 0x24, 0x70, 0x86, 0x26
	.byte 0x8C, 0x24, 0x86, 0x40, 0x8C, 0xD5, 0x8C, 0x24, 0x86, 0x26, 0x92, 0x3E, 0x86, 0x24, 0x92, 0xD5
	.byte 0x8C, 0x26, 0x86, 0x24, 0x86, 0x40, 0x86, 0x24, 0x86, 0x40, 0x8C, 0x24, 0x86, 0x26, 0x8C, 0x3E
	.byte 0x86, 0x24, 0x86, 0xD5, 0x24, 0x70, 0x92, 0xD5, 0x86, 0x26, 0x8C, 0x24, 0x86, 0x40, 0x8C, 0xD5
	.byte 0x8C, 0x24, 0x86, 0x26, 0x92, 0x3E, 0x86, 0xB4, 0x24, 0x92, 0xD5, 0x8C, 0x26, 0x86, 0x24, 0x86
	.byte 0x40, 0x86, 0x24, 0x86, 0x26, 0x8C, 0x24, 0x86, 0x26, 0x8C, 0x28, 0x86, 0x24, 0x86, 0xB3, 0x0C
	.byte 0x76, 0x8B, 0x08, 0xD5, 0x24, 0x70, 0x92, 0xD5, 0x8C, 0x26, 0x86, 0x24, 0x86, 0x40, 0x86, 0x24
	.byte 0x86, 0x40, 0x8C, 0x24, 0x86, 0x26, 0x8C, 0x28, 0x86, 0x24, 0x86, 0xB3, 0x0C, 0x76, 0x8B, 0x08
	.byte 0xB3, 0x0C, 0x76, 0x8B, 0x08, 0xD5, 0x24, 0x70, 0x92, 0xD5, 0x92, 0xD5, 0x8C, 0xD5, 0x92, 0xD5
	.byte 0x92, 0xD5, 0x8C, 0xB4, 0xD5, 0x92, 0xD5, 0x92, 0xD5, 0x8C, 0xD5, 0x86, 0xD5, 0x8C, 0xD5, 0x92
	.byte 0xD5, 0x8C, 0xB3, 0x5E, 0x76, 0x8B, 0x08, 0xD5, 0x24, 0x70, 0x92, 0xD5, 0x86, 0xD5, 0x86, 0x26
	.byte 0x8C, 0x24, 0x86, 0xD5, 0x92, 0xD5, 0x92, 0xD5, 0x8C, 0xD5, 0x24, 0x70, 0x92, 0xD5, 0x86, 0x26
	.byte 0x86, 0x24, 0x8C, 0xD2, 0x24, 0x58, 0x86, 0xD5, 0x24, 0x70, 0x8C, 0xD5, 0x8C, 0x26, 0x86, 0x24
	.byte 0x8C, 0x24, 0x60, 0x86, 0xB4, 0xB3, 0x92, 0x76, 0x8B, 0x08, 0xD5, 0x26, 0x70, 0x8C, 0xD5, 0x86
	.byte 0x24, 0x86, 0xD5, 0x86, 0x26, 0x8C, 0xD2, 0x24, 0x58, 0x86, 0xD5, 0x24, 0x70, 0x86, 0xD5, 0x86
	.byte 0xD5, 0x8C, 0x26, 0x86, 0x24, 0x8C, 0x24, 0x60, 0x86, 0x24, 0x70, 0x8C, 0x26, 0x86, 0x24, 0x86
	.byte 0xD5, 0x86, 0x26, 0x8C, 0xD2, 0x24, 0x58, 0x86, 0xD5, 0x26, 0x70, 0x86, 0x24, 0x86, 0x26, 0x8C
	.byte 0xD5, 0x86, 0xD5, 0x86, 0x28, 0x86, 0x24, 0x60, 0x86, 0xB2, 0xE3, 0x75, 0x8B, 0x08, 0xB1

	.globl SongTrack_MUS_ENCOUNTER_CHAMPION_09
SongTrack_MUS_ENCOUNTER_CHAMPION_09: @ 0x088B76F8
	@ M4A track start proven by song header pointer
	.byte 0xBC, 0x00, 0xBD, 0x1D, 0xC2, 0x2C, 0xCD, 0x08, 0x12, 0x08, 0x10, 0xC1, 0x0C, 0xBF, 0x40, 0xBE
	.byte 0x2F, 0xB0, 0xB0, 0xBD, 0x1D, 0xBE, 0x38, 0xD5, 0x2F, 0x70, 0x86, 0xD2, 0x30, 0x8C, 0xD2, 0x86
	.byte 0xD5, 0x86, 0xD2, 0x86, 0x2F, 0x86, 0x30, 0x86, 0xD5, 0x2F, 0x86, 0xD2, 0x30, 0x86, 0xD2, 0x86
	.byte 0xD5, 0x2F, 0x86, 0xD2, 0x30, 0x86, 0xD2, 0x86, 0xD5, 0x86, 0x2F, 0x86, 0xC0, 0x40, 0xD5, 0x2B
	.byte 0x86, 0xD2, 0x2D, 0x86, 0xD2, 0x86, 0xD5, 0x2B, 0x86, 0xD2, 0x2D, 0x86, 0xD2, 0x86, 0xD5, 0x2B
	.byte 0x86, 0x2D, 0x86, 0x26, 0x86, 0xD2, 0x28, 0x86, 0xD5, 0x2B, 0x86, 0xD2, 0x2C, 0x86, 0xD5, 0x2F
	.byte 0x86, 0x30, 0x86, 0x2B, 0x86, 0x2C, 0x86, 0xC0, 0x40, 0xD5, 0x2F, 0x86, 0xD2, 0x30, 0x8C, 0xD2
	.byte 0x86, 0xD5, 0x86, 0xD2, 0x86, 0x2F, 0x86, 0x30, 0x86, 0x35, 0x3C, 0x83, 0x37, 0x83, 0x38, 0x83
	.byte 0x39, 0x83, 0x3B, 0x83, 0x3C, 0x83, 0x3E, 0x83, 0x3F, 0x83, 0xE7, 0x40, 0x83, 0xC0, 0x3A, 0x83
	.byte 0x35, 0x83, 0x2C, 0x83, 0x26, 0x83, 0x20, 0x83, 0x18, 0x83, 0x0E, 0x83, 0x40, 0xD5, 0x2B, 0x70
	.byte 0x86, 0xD2, 0x2D, 0x86, 0xD2, 0x86, 0xD5, 0x2B, 0x86, 0xD2, 0x2D, 0x86, 0xD2, 0x86, 0xD5, 0x2B
	.byte 0x86, 0x2D, 0x86, 0x26, 0x86, 0xD2, 0x28, 0x86, 0xD5, 0x2B, 0x86, 0xD2, 0x2C, 0x86, 0xD5, 0x2F
	.byte 0x86, 0x30, 0x86, 0x2B, 0x86, 0x2C, 0x86, 0xC0, 0x40, 0xD5, 0x2D, 0x86, 0xD2, 0x2E, 0x8C, 0xD2
	.byte 0x86, 0xD5, 0x86, 0xD2, 0x86, 0x2D, 0x86, 0x2E, 0x86, 0xD5, 0x2D, 0x86, 0xD2, 0x2E, 0x86, 0xD2
	.byte 0x86, 0xD5, 0x2D, 0x86, 0xD2, 0x2E, 0x86, 0xD2, 0x86, 0xD5, 0x86, 0x2D, 0x86, 0xC0, 0x40, 0xD5
	.byte 0x29, 0x86, 0xD2, 0x2B, 0x86, 0xD2, 0x86, 0xD5, 0x29, 0x86, 0xD2, 0x2B, 0x86, 0xD2, 0x86, 0xD5
	.byte 0x29, 0x86, 0x2B, 0x86, 0x24, 0x86, 0xD2, 0x26, 0x86, 0xD5, 0x29, 0x86, 0xD2, 0x2A, 0x86, 0xD5
	.byte 0x2D, 0x86, 0x2E, 0x86, 0x29, 0x86, 0x2A, 0x86, 0xC0, 0x40, 0xD5, 0x2D, 0x86, 0xD2, 0x2E, 0x8C
	.byte 0xD2, 0x86, 0xD5, 0x86, 0xD2, 0x86, 0x2D, 0x86, 0x2E, 0x86, 0x33, 0x40, 0x83, 0x35, 0x83, 0x36
	.byte 0x83, 0x37, 0x83, 0x39, 0x83, 0x3A, 0x83, 0x3C, 0x83, 0x3D, 0x83, 0xE7, 0x3E, 0x83, 0xC0, 0x3A
	.byte 0x83, 0x35, 0x83, 0x2C, 0x83, 0x26, 0x83, 0x20, 0x83, 0x18, 0x83, 0x0E, 0x83, 0x40, 0xA0, 0xBD
	.byte 0x55, 0x98, 0xBE, 0x15, 0xC0, 0x42, 0x8C, 0xD5, 0x53, 0x68, 0x86, 0x56, 0x86, 0xBF, 0x40, 0xC0
	.byte 0x42, 0xF5, 0x58, 0x98, 0xC4, 0x07, 0xA0, 0x00, 0xD5, 0x8C, 0x59, 0x86, 0x58, 0x86, 0x5C, 0x8C
	.byte 0x5B, 0x8C, 0xD2, 0x59, 0x83, 0x5B, 0x83, 0xD5, 0x59, 0x8C, 0x58, 0x86, 0xEB, 0x56, 0x8C, 0xC4
	.byte 0x06, 0x98, 0x00, 0xD5, 0x53, 0x86, 0x54, 0x86, 0xE9, 0x56, 0x9C, 0xD5, 0x58, 0x86, 0x59, 0x86
	.byte 0xE9, 0x58, 0x9C, 0xD5, 0x86, 0x59, 0x86, 0xEF, 0x58, 0x98, 0xC4, 0x05, 0x98, 0x00, 0xD2, 0x55
	.byte 0x83, 0x56, 0x83, 0xD5, 0x55, 0x86, 0x53, 0x8C, 0x55, 0x86, 0x58, 0x92, 0xE1, 0x92, 0xD5, 0x59
	.byte 0x92, 0xEF, 0x56, 0x98, 0xC4, 0x05, 0x98, 0x00, 0xD2, 0x51, 0x86, 0xD2, 0x86, 0xE1, 0x58, 0x92
	.byte 0xD5, 0x59, 0x92, 0xEF, 0x56, 0x8C, 0xC4, 0x06, 0x9C, 0x00, 0xD5, 0x54, 0x86, 0xCF, 0x5B, 0x86
	.byte 0x98, 0xC4, 0x06, 0xA8, 0xA8, 0xCE, 0xD2, 0x59, 0x3C, 0x83, 0x58, 0x83, 0x56, 0x83, 0x54, 0x83
	.byte 0x53, 0x83, 0x51, 0x83, 0x50, 0x83, 0x4F, 0x83, 0xB2, 0x0B, 0x77, 0x8B, 0x08, 0xC4, 0x00, 0xB1

	.globl SongTrack_MUS_ENCOUNTER_CHAMPION_10
SongTrack_MUS_ENCOUNTER_CHAMPION_10: @ 0x088B78E8
	@ M4A track start proven by song header pointer
	.byte 0xBC, 0x00, 0xBD, 0x11, 0xC2, 0x2C, 0xC1, 0x0C, 0xBF, 0x2F, 0xBE, 0x32, 0xD5, 0x4B, 0x70, 0x8C
	.byte 0x48, 0x8C, 0xD2, 0x3F, 0x86, 0xD5, 0x4B, 0x8C, 0x48, 0x86, 0xD2, 0x3F, 0x86, 0xE1, 0x4F, 0x92
	.byte 0xD5, 0x4E, 0x8C, 0x4C, 0x8C, 0xB0, 0xBD, 0x11, 0xBE, 0x34, 0xD2, 0x40, 0x70, 0x83, 0x41, 0x83
	.byte 0x42, 0x83, 0x43, 0x83, 0x44, 0x83, 0x45, 0x83, 0x46, 0x83, 0x47, 0x83, 0xBD, 0x11, 0xD5, 0x48
	.byte 0x86, 0xD2, 0x4C, 0x86, 0xDB, 0x47, 0x8C, 0xE1, 0x50, 0x92, 0xD5, 0x51, 0x9A, 0xBD, 0x2F, 0xBE
	.byte 0x34, 0xBF, 0x36, 0xD5, 0x39, 0x92, 0xD5, 0x92, 0xD5, 0x8C, 0x40, 0x8C, 0xD5, 0x8C, 0x3F, 0x86
	.byte 0x40, 0x86, 0x38, 0x8C, 0xBD, 0x11, 0xBF, 0x20, 0xBE, 0x34, 0xD2, 0x31, 0x83, 0x41, 0x83, 0x42
	.byte 0x83, 0x43, 0x83, 0x44, 0x83, 0x45, 0x83, 0x46, 0x83, 0x47, 0x83, 0xBD, 0x11, 0xD5, 0x48, 0x86
	.byte 0xD2, 0x4C, 0x8C, 0xD5, 0x47, 0x86, 0xE1, 0x50, 0x92, 0xD5, 0x51, 0x9A, 0xBD, 0x2F, 0xBE, 0x34
	.byte 0xBF, 0x35, 0xD5, 0x39, 0x92, 0xD5, 0x92, 0xD5, 0x8C, 0x40, 0x8C, 0xD5, 0x8C, 0x3F, 0x86, 0x40
	.byte 0x86, 0x38, 0x8C, 0xBD, 0x11, 0xBF, 0x20, 0xD2, 0x3E, 0x83, 0x3F, 0x83, 0x40, 0x83, 0x41, 0x83
	.byte 0x42, 0x83, 0x43, 0x83, 0x44, 0x83, 0x45, 0x83, 0xBD, 0x26, 0xD5, 0x46, 0x86, 0xD2, 0x4A, 0x86
	.byte 0xDB, 0x45, 0x8C, 0xE1, 0x4E, 0x92, 0xD5, 0x4F, 0x9A, 0xBD, 0x2F, 0xBE, 0x34, 0xBF, 0x35, 0xD5
	.byte 0x37, 0x92, 0xD5, 0x92, 0xD5, 0x8C, 0x3E, 0x8C, 0xD5, 0x8C, 0x3D, 0x86, 0x3E, 0x86, 0x36, 0x8C
	.byte 0xBD, 0x11, 0xBF, 0x20, 0xBE, 0x34, 0xD2, 0x2F, 0x83, 0x3F, 0x83, 0x40, 0x83, 0x41, 0x83, 0x42
	.byte 0x83, 0x43, 0x83, 0x44, 0x83, 0x45, 0x83, 0xBD, 0x26, 0xD5, 0x46, 0x86, 0xD2, 0x4A, 0x8C, 0xD5
	.byte 0x45, 0x86, 0xE1, 0x4E, 0x92, 0xD5, 0x4F, 0x9A, 0xBD, 0x38, 0xA0, 0xD5, 0x52, 0x86, 0xD2, 0x4F
	.byte 0x86, 0xD5, 0x4A, 0x86, 0xD2, 0x46, 0x86, 0xD5, 0x4E, 0x86, 0xD2, 0x4F, 0x86, 0xD5, 0x46, 0x86
	.byte 0x4F, 0x86, 0xB0, 0xB0, 0xB0, 0xB0, 0xB0, 0xB0, 0xB0, 0xB0, 0xB2, 0x0E, 0x79, 0x8B, 0x08, 0xB1

	.globl SongHeader_MUS_ENCOUNTER_CHAMPION
SongHeader_MUS_ENCOUNTER_CHAMPION: @ 0x088B7A18
	@ M4A song header: song 454 (MUS_ENCOUNTER_CHAMPION)
	m4a_song_header 10, 0, 0, 0xB2, 0x0861C19C
	.4byte SongTrack_MUS_ENCOUNTER_CHAMPION_01
	.4byte SongTrack_MUS_ENCOUNTER_CHAMPION_02
	.4byte SongTrack_MUS_ENCOUNTER_CHAMPION_03
	.4byte SongTrack_MUS_ENCOUNTER_CHAMPION_04
	.4byte SongTrack_MUS_ENCOUNTER_CHAMPION_05
	.4byte SongTrack_MUS_ENCOUNTER_CHAMPION_06
	.4byte SongTrack_MUS_ENCOUNTER_CHAMPION_07
	.4byte SongTrack_MUS_ENCOUNTER_CHAMPION_08
	.4byte SongTrack_MUS_ENCOUNTER_CHAMPION_09
	.4byte SongTrack_MUS_ENCOUNTER_CHAMPION_10

	.globl SongTrack_MUS_CREDITS_01
SongTrack_MUS_CREDITS_01: @ 0x088B7A48
	@ M4A track start proven by song header pointer
	.byte 0xBC, 0x00, 0xBB, 0x2F, 0xBD, 0x01, 0xC2, 0x2C, 0xC1, 0x0C, 0xBE, 0x58, 0xBF, 0x46, 0xC0, 0x40
	.byte 0x98, 0xE7, 0x3B, 0x58, 0x98, 0x39, 0x5C, 0x98, 0x3B, 0x92, 0xBE, 0x4D, 0x86, 0xE7, 0x3C, 0x4C
	.byte 0x98, 0x3B, 0x54, 0x98, 0xBB, 0x2D, 0x39, 0x5C, 0x98, 0xBB, 0x2A, 0x3B, 0x68, 0x98, 0xBB, 0x2F
	.byte 0x98, 0x3B, 0x58, 0x98, 0x39, 0x5C, 0x98, 0x3B, 0x98, 0xBB, 0x2D, 0xE9, 0x43, 0x40, 0x9C, 0xDB
	.byte 0x43, 0x58, 0x8C, 0xBB, 0x2A, 0x4A, 0x40, 0x8C, 0x48, 0x48, 0x8C, 0xBB, 0x26, 0x47, 0x8C, 0x45
	.byte 0x40, 0x8C, 0xBB, 0x2F, 0xFF, 0x47, 0x60, 0xB0, 0xE7, 0x45, 0x4C, 0x98, 0x47, 0x50, 0x98, 0x48
	.byte 0x54, 0x98, 0xDB, 0x4A, 0x5C, 0x92, 0xD2, 0x43, 0x48, 0x83, 0x45, 0x4C, 0x83, 0xFD, 0x47, 0x6C
	.byte 0xAE, 0xD2, 0x43, 0x40, 0x86, 0xFF, 0x43, 0x60, 0xB0, 0x48, 0x6C, 0xB0, 0xE7, 0x47, 0x4C, 0x98
	.byte 0x48, 0x54, 0x98, 0x4A, 0x58, 0x98, 0xE1, 0x4C, 0x50, 0x92, 0xD2, 0x42, 0x48, 0x83, 0x45, 0x83
	.byte 0xFF, 0x48, 0x70, 0xB0, 0xBB, 0x2D, 0xBE, 0x1F, 0xA0, 0xBB, 0x29, 0xDB, 0x56, 0x8C, 0xE1, 0x54
	.byte 0x60, 0x92, 0xD5, 0x53, 0x5C, 0x86, 0x51, 0x54, 0x86, 0x4F, 0x86, 0xBB, 0x2F, 0xEB, 0x53, 0x70
	.byte 0x9C, 0xD5, 0x52, 0x50, 0x86, 0x53, 0x58, 0x86, 0xE9, 0x4A, 0x60, 0x9C, 0xD2, 0x4A, 0x4C, 0x86
	.byte 0xD5, 0x4A, 0x58, 0x86, 0xE7, 0x51, 0x70, 0x98, 0x53, 0x68, 0x98, 0x54, 0x5C, 0x98, 0xDB, 0x56
	.byte 0x8C, 0xD5, 0x55, 0x44, 0x86, 0x54, 0x40, 0x86, 0x53, 0x6C, 0x86, 0x51, 0x4C, 0x86, 0x4F, 0x48
	.byte 0x86, 0x51, 0x50, 0x86, 0xE1, 0x53, 0x70, 0x92, 0xD2, 0x4F, 0x50, 0x86, 0xE7, 0x4F, 0x6C, 0x98
	.byte 0xD5, 0x4F, 0x70, 0x86, 0x4E, 0x28, 0x86, 0x4C, 0x34, 0x86, 0x4E, 0x3C, 0x86, 0x4F, 0x60, 0x86
	.byte 0x47, 0x48, 0x86, 0x4C, 0x86, 0x4F, 0x86, 0x53, 0x54, 0x86, 0x4C, 0x48, 0x86, 0x4F, 0x86, 0x53
	.byte 0x86, 0xBF, 0x5B, 0xD3, 0x5B, 0x2C, 0x84, 0x58, 0x84, 0x53, 0x84, 0xBF, 0x42, 0xD3, 0x58, 0x24
	.byte 0x84, 0x53, 0x84, 0x4F, 0x84, 0xBF, 0x33, 0xD3, 0x53, 0x84, 0x4F, 0x84, 0x4C, 0x84, 0xBF, 0x27
	.byte 0xD3, 0x4F, 0x84, 0x4C, 0x84, 0x47, 0x20, 0x84, 0xBF, 0x45, 0xED, 0x54, 0x6C, 0x9E, 0xD2, 0x4C
	.byte 0x50, 0x86, 0xEB, 0x4C, 0x64, 0x9C, 0xD5, 0x4C, 0x4C, 0x86, 0x51, 0x5C, 0x86, 0xDB, 0x53, 0x70
	.byte 0x8C, 0xD5, 0x4C, 0x40, 0x86, 0x53, 0x48, 0x86, 0xDB, 0x54, 0x64, 0x8C, 0xD5, 0x4C, 0x44, 0x86
	.byte 0x54, 0x48, 0x86, 0xDB, 0x56, 0x64, 0x8C, 0xD5, 0x4C, 0x44, 0x86, 0x56, 0x48, 0x86, 0xDB, 0x58
	.byte 0x64, 0x8C, 0xD5, 0x51, 0x58, 0x86, 0xD2, 0x58, 0x4C, 0x83, 0x5A, 0x54, 0x83, 0xD5, 0x5B, 0x70
	.byte 0x86, 0x5A, 0x50, 0x86, 0x58, 0x4C, 0x86, 0x5A, 0x50, 0x86, 0x5B, 0x86, 0x5A, 0x86, 0x5D, 0x86
	.byte 0x5A, 0x86, 0xBB, 0x2D, 0xE7, 0x56, 0x60, 0x98, 0xBB, 0x28, 0xDB, 0x53, 0x58, 0x8C, 0xD5, 0x54
	.byte 0x50, 0x86, 0x56, 0x58, 0x86, 0xBB, 0x2E, 0xBF, 0x60, 0xD5, 0x5B, 0x2C, 0x86, 0x5D, 0x86, 0xBF
	.byte 0x50, 0xD5, 0x5A, 0x86, 0x5B, 0x86, 0xBB, 0x2B, 0xBF, 0x48, 0xD5, 0x58, 0x86, 0x5A, 0x28, 0x86
	.byte 0x56, 0x86, 0x58, 0x20, 0x86, 0xBB, 0x28, 0xBF, 0x38, 0xD5, 0x54, 0x86, 0x56, 0x86, 0xBF, 0x30
	.byte 0xD5, 0x53, 0x86, 0x54, 0x86, 0xBB, 0x22, 0xBF, 0x27, 0xD5, 0x51, 0x86, 0x53, 0x24, 0x86, 0x4F
	.byte 0x20, 0x86, 0x51, 0x86, 0xBB, 0x2F, 0xBF, 0x45, 0xE9, 0x47, 0x70, 0x9A, 0xDB, 0x48, 0x54, 0x8C
	.byte 0xD5, 0x4A, 0x5C, 0x86, 0xEB, 0x47, 0x68, 0x98, 0xBB, 0x2E, 0x8C, 0xD5, 0x48, 0x58, 0x86, 0x4A
	.byte 0x64, 0x86, 0xBB, 0x2F, 0xDB, 0x4D, 0x68, 0x8C, 0x4C, 0x5C, 0x8C, 0x4B, 0x54, 0x8C, 0x4C, 0x5C
	.byte 0x8C, 0xBB, 0x2D, 0xE9, 0x47, 0x60, 0x98, 0xBB, 0x2A, 0x86, 0xDB, 0x48, 0x5C, 0x8C, 0xD5, 0x4A
	.byte 0x64, 0x86, 0xBB, 0x2F, 0xE9, 0x48, 0x70, 0x9A, 0xDB, 0x4A, 0x68, 0x8C, 0xD5, 0x4C, 0x70, 0x86
	.byte 0xEB, 0x48, 0x68, 0x9C, 0xD5, 0x4A, 0x58, 0x86, 0x4C, 0x64, 0x86, 0xDB, 0x4F, 0x68, 0x8C, 0x4E
	.byte 0x5C, 0x8C, 0x4C, 0x54, 0x8C, 0x4E, 0x5C, 0x8C, 0xBB, 0x2D, 0x4A, 0x60, 0x8C, 0x48, 0x70, 0x8C
	.byte 0xBB, 0x27, 0x86, 0xD5, 0x47, 0x64, 0x86, 0x45, 0x70, 0x86, 0x43, 0x86, 0xBB, 0x2F, 0xE9, 0x53
	.byte 0x9A, 0xDB, 0x54, 0x68, 0x8C, 0xD5, 0x56, 0x70, 0x86, 0xEB, 0x53, 0x68, 0x9C, 0xD5, 0x54, 0x58
	.byte 0x86, 0x56, 0x64, 0x86, 0xDB, 0x59, 0x68, 0x8C, 0x58, 0x5C, 0x8C, 0x57, 0x54, 0x8C, 0x58, 0x5C
	.byte 0x8C, 0xBB, 0x2D, 0xE9, 0x53, 0x60, 0x98, 0xBB, 0x29, 0x86, 0xDB, 0x54, 0x5C, 0x8C, 0xD5, 0x56
	.byte 0x64, 0x86, 0xBB, 0x2F, 0xDB, 0x54, 0x70, 0x8C, 0x4C, 0x54, 0x8C, 0x51, 0x58, 0x8C, 0x4C, 0x4C
	.byte 0x8C, 0xE7, 0x4F, 0x68, 0x98, 0xD2, 0x4F, 0x50, 0x83, 0x51, 0x5C, 0x83, 0xD5, 0x4F, 0x50, 0x86
	.byte 0x4E, 0x58, 0x86, 0x51, 0x86, 0xC0, 0x40, 0xF7, 0x4F, 0x60, 0x9C, 0xBB, 0x2E, 0x8C, 0xBB, 0x2B
	.byte 0x98, 0xBB, 0x26, 0x98, 0xBB, 0x2F, 0xB0, 0xB0, 0xB0, 0xB0, 0xB0, 0xB0, 0xB0, 0xBB, 0x2D, 0xA0
	.byte 0xBB, 0x29, 0xA0, 0xBB, 0x2F, 0xB0, 0xB0, 0xB0, 0xB0, 0xB0, 0xB0, 0xA0, 0xBB, 0x2C, 0x98, 0xBB
	.byte 0x20, 0x98, 0xBB, 0x2C, 0x98, 0xBB, 0x29, 0x98, 0xBB, 0x23, 0x98, 0xBB, 0x20, 0x98, 0xBB, 0x2D
	.byte 0xA8, 0xBB, 0x2B, 0x98, 0xBB, 0x2D, 0xA0, 0xBB, 0x2B, 0x98, 0xBB, 0x29, 0x98, 0xBB, 0x2D, 0xB0
	.byte 0xA0, 0xBB, 0x2D, 0x98, 0xBB, 0x27, 0x98, 0xBB, 0x2D, 0xB0, 0xA0, 0xBB, 0x2D, 0x98, 0xBB, 0x29
	.byte 0x98, 0xBB, 0x2E, 0xA0, 0xBB, 0x2C, 0x98, 0xBB, 0x25, 0x98, 0xBB, 0x2E, 0xA8, 0xBB, 0x29, 0x98
	.byte 0xBB, 0x2F, 0xB0, 0xB0, 0xB0, 0xB0, 0xB0, 0xB0, 0xB0, 0xB0, 0xB0, 0xB0, 0xB0, 0xBB, 0x29, 0xB0
	.byte 0xBB, 0x5B, 0xB0, 0xB0, 0xB0, 0xB1

	.globl SongTrack_MUS_CREDITS_02
SongTrack_MUS_CREDITS_02: @ 0x088B7D7E
	@ M4A track start proven by song header pointer
	.byte 0xBC, 0x00, 0xBD, 0x01, 0xC2, 0x2C, 0xC1, 0x0C, 0xBE, 0x64, 0xBF, 0x40, 0x98, 0xE7, 0x3B, 0x58
	.byte 0x98, 0x39, 0x5C, 0x98, 0x3B, 0x98, 0x3C, 0x4C, 0x98, 0x3B, 0x54, 0x98, 0x39, 0x5C, 0x98, 0x3B
	.byte 0x68, 0x98, 0x98, 0x3B, 0x58, 0x98, 0x39, 0x5C, 0x98, 0x3B, 0x98, 0xE9, 0x43, 0x40, 0x9C, 0xDB
	.byte 0x43, 0x58, 0x8C, 0x4A, 0x40, 0x8C, 0x48, 0x48, 0x8C, 0x47, 0x8C, 0x45, 0x40, 0x8C, 0xFF, 0x47
	.byte 0x60, 0xB0, 0xE7, 0x45, 0x4C, 0x98, 0x47, 0x50, 0x98, 0x48, 0x54, 0x98, 0xDB, 0x4A, 0x5C, 0x92
	.byte 0xD2, 0x43, 0x48, 0x83, 0x45, 0x4C, 0x83, 0xFD, 0x47, 0x6C, 0xAE, 0xD2, 0x43, 0x40, 0x86, 0xFF
	.byte 0x43, 0x60, 0xB0, 0x48, 0x6C, 0xB0, 0xE7, 0x47, 0x4C, 0x98, 0x48, 0x54, 0x98, 0x4A, 0x58, 0x98
	.byte 0xE1, 0x4C, 0x50, 0x92, 0xD2, 0x42, 0x48, 0x83, 0x45, 0x83, 0xFF, 0x48, 0x5C, 0xB0, 0xBE, 0x4E
	.byte 0xA0, 0xDB, 0x56, 0x70, 0x8C, 0xE1, 0x54, 0x60, 0x92, 0xD5, 0x53, 0x5C, 0x86, 0x51, 0x54, 0x86
	.byte 0x4F, 0x86, 0xEB, 0x53, 0x70, 0x9C, 0xD5, 0x52, 0x50, 0x86, 0x53, 0x58, 0x86, 0xE9, 0x4A, 0x60
	.byte 0x9C, 0xD2, 0x4A, 0x4C, 0x86, 0xD5, 0x4A, 0x58, 0x86, 0xE7, 0x51, 0x54, 0x98, 0x53, 0x58, 0x98
	.byte 0x54, 0x5C, 0x98, 0xDB, 0x56, 0x8C, 0xD5, 0x55, 0x44, 0x86, 0x54, 0x40, 0x86, 0x53, 0x6C, 0x86
	.byte 0x51, 0x4C, 0x86, 0x4F, 0x48, 0x86, 0x51, 0x50, 0x86, 0xE1, 0x53, 0x70, 0x92, 0xD2, 0x4F, 0x50
	.byte 0x86, 0xE7, 0x4F, 0x6C, 0x98, 0xD5, 0x4F, 0x70, 0x86, 0x4E, 0x28, 0x86, 0x4C, 0x34, 0x86, 0x4E
	.byte 0x3C, 0x86, 0x4F, 0x60, 0x86, 0x47, 0x48, 0x86, 0x4C, 0x86, 0x4F, 0x86, 0x53, 0x54, 0x86, 0x4C
	.byte 0x48, 0x86, 0x4F, 0x86, 0x53, 0x86, 0xBF, 0x5B, 0xD3, 0x5B, 0x2C, 0x84, 0x58, 0x84, 0x53, 0x84
	.byte 0xBF, 0x41, 0xD3, 0x58, 0x28, 0x84, 0x53, 0x84, 0x4F, 0x84, 0xBF, 0x35, 0xD3, 0x53, 0x84, 0x4F
	.byte 0x84, 0x4C, 0x84, 0xBF, 0x28, 0xD3, 0x4F, 0x84, 0x4C, 0x84, 0x47, 0x84, 0xBF, 0x40, 0xED, 0x54
	.byte 0x6C, 0x9E, 0xD2, 0x4C, 0x50, 0x86, 0xEB, 0x4C, 0x64, 0x9C, 0xD5, 0x4C, 0x4C, 0x86, 0x51, 0x5C
	.byte 0x86, 0xDB, 0x53, 0x70, 0x8C, 0xD5, 0x4C, 0x40, 0x86, 0x53, 0x48, 0x86, 0xDB, 0x54, 0x64, 0x8C
	.byte 0xD5, 0x4C, 0x44, 0x86, 0x54, 0x48, 0x86, 0xDB, 0x56, 0x64, 0x8C, 0xD5, 0x4C, 0x44, 0x86, 0x56
	.byte 0x48, 0x86, 0xDB, 0x58, 0x64, 0x8C, 0xD5, 0x51, 0x58, 0x86, 0xD2, 0x58, 0x4C, 0x83, 0x5A, 0x54
	.byte 0x83, 0xD5, 0x5B, 0x70, 0x86, 0x5A, 0x50, 0x86, 0x58, 0x4C, 0x86, 0x5A, 0x50, 0x86, 0x5B, 0x86
	.byte 0x5A, 0x86, 0x5D, 0x86, 0x5A, 0x86, 0xE7, 0x56, 0x98, 0xDB, 0x53, 0x58, 0x8C, 0xD5, 0x54, 0x4C
	.byte 0x86, 0x56, 0x50, 0x86, 0xBF, 0x59, 0xD5, 0x5B, 0x2C, 0x86, 0x5D, 0x86, 0xBF, 0x50, 0xD5, 0x5A
	.byte 0x86, 0x5B, 0x86, 0xBF, 0x45, 0xD5, 0x58, 0x86, 0x5A, 0x28, 0x86, 0x56, 0x86, 0x58, 0x20, 0x86
	.byte 0xBF, 0x38, 0xD5, 0x54, 0x86, 0x56, 0x86, 0xBF, 0x30, 0xD5, 0x53, 0x86, 0x54, 0x86, 0xBF, 0x26
	.byte 0xD5, 0x51, 0x86, 0x53, 0x24, 0x86, 0x4F, 0x20, 0x86, 0x51, 0x86, 0xBE, 0x62, 0xBF, 0x40, 0xE9
	.byte 0x47, 0x58, 0x9A, 0xDB, 0x48, 0x54, 0x8C, 0xD5, 0x4A, 0x5C, 0x86, 0xEB, 0x47, 0x68, 0x9C, 0xD5
	.byte 0x48, 0x58, 0x86, 0x4A, 0x64, 0x86, 0xDB, 0x4D, 0x68, 0x8C, 0x4C, 0x5C, 0x8C, 0x4B, 0x54, 0x8C
	.byte 0x4C, 0x5C, 0x8C, 0xE9, 0x47, 0x50, 0x9A, 0xDB, 0x48, 0x5C, 0x8C, 0xD5, 0x4A, 0x64, 0x86, 0xE9
	.byte 0x48, 0x60, 0x9A, 0xDB, 0x4A, 0x68, 0x8C, 0xD5, 0x4C, 0x70, 0x86, 0xEB, 0x48, 0x68, 0x9C, 0xD5
	.byte 0x4A, 0x58, 0x86, 0x4C, 0x64, 0x86, 0xDB, 0x4F, 0x68, 0x8C, 0x4E, 0x5C, 0x8C, 0x4C, 0x54, 0x8C
	.byte 0x4E, 0x5C, 0x8C, 0x4A, 0x60, 0x8C, 0x48, 0x70, 0x92, 0xD5, 0x47, 0x64, 0x86, 0x45, 0x70, 0x86
	.byte 0x43, 0x86, 0xBE, 0x4E, 0xE9, 0x53, 0x9A, 0xDB, 0x54, 0x68, 0x8C, 0xD5, 0x56, 0x70, 0x86, 0xEB
	.byte 0x53, 0x68, 0x9C, 0xD5, 0x54, 0x58, 0x86, 0x56, 0x64, 0x86, 0xDB, 0x59, 0x68, 0x8C, 0x58, 0x5C
	.byte 0x8C, 0x57, 0x54, 0x8C, 0x58, 0x5C, 0x8C, 0xE9, 0x53, 0x60, 0x9A, 0xDB, 0x54, 0x5C, 0x8C, 0xD5
	.byte 0x56, 0x64, 0x86, 0xDB, 0x54, 0x70, 0x8C, 0x4C, 0x54, 0x8C, 0x51, 0x58, 0x8C, 0x4C, 0x4C, 0x8C
	.byte 0xE7, 0x4F, 0x68, 0x98, 0xD2, 0x4F, 0x50, 0x83, 0x51, 0x5C, 0x83, 0xD5, 0x4F, 0x50, 0x86, 0x4E
	.byte 0x58, 0x86, 0x51, 0x86, 0xF7, 0x4F, 0x60, 0xB0, 0xB0, 0xB0, 0xB0, 0xB0, 0xB0, 0xB0, 0xB0, 0xBD
	.byte 0x49, 0xB0, 0xBF, 0x23, 0xBE, 0x1D, 0xD5, 0x5B, 0x70, 0x86, 0x56, 0x86, 0x60, 0x86, 0x5F, 0x86
	.byte 0xD2, 0x5D, 0x83, 0x5F, 0x83, 0xD5, 0x5D, 0x86, 0x5B, 0x86, 0x56, 0x86, 0xD2, 0x5B, 0x83, 0x5D
	.byte 0x83, 0xD5, 0x5B, 0x86, 0x5A, 0x86, 0x56, 0x86, 0xD2, 0x58, 0x83, 0x5A, 0x83, 0xD5, 0x58, 0x86
	.byte 0x56, 0x86, 0x53, 0x86, 0x56, 0x86, 0x55, 0x86, 0x56, 0x86, 0x57, 0x86, 0x58, 0x86, 0x5A, 0x86
	.byte 0x5B, 0x86, 0x5D, 0x86, 0x5F, 0x86, 0x60, 0x86, 0x62, 0x86, 0x5B, 0x86, 0xD2, 0x5D, 0x83, 0x5F
	.byte 0x83, 0xD5, 0x5D, 0x86, 0x5B, 0x86, 0x5D, 0x86, 0x5B, 0x86, 0x5A, 0x86, 0x58, 0x86, 0x5A, 0x86
	.byte 0xE1, 0x5B, 0x92, 0xD2, 0x58, 0x86, 0xD5, 0x86, 0x57, 0x86, 0x58, 0x86, 0x5A, 0x86, 0x5B, 0x86
	.byte 0x5D, 0x86, 0x5F, 0x86, 0x58, 0x86, 0xD2, 0x5F, 0x83, 0x60, 0x83, 0xD5, 0x5F, 0x86, 0x5D, 0x86
	.byte 0x5B, 0x86, 0x5A, 0x86, 0x5B, 0x86, 0x5D, 0x86, 0x5A, 0x86, 0xD2, 0x58, 0x83, 0x5A, 0x83, 0xD5
	.byte 0x58, 0x86, 0x57, 0x86, 0x58, 0x86, 0x5B, 0x86, 0x5D, 0x86, 0x5F, 0x86, 0x5B, 0x86, 0x54, 0x86
	.byte 0x58, 0x86, 0x57, 0x86, 0x58, 0x86, 0x5A, 0x86, 0x5B, 0x86, 0x5D, 0x86, 0x5F, 0x86, 0xD2, 0x60
	.byte 0x83, 0x62, 0x83, 0xD5, 0x60, 0x86, 0x5F, 0x86, 0x5D, 0x86, 0xD2, 0x5F, 0x83, 0x60, 0x83, 0xD5
	.byte 0x5F, 0x86, 0x5D, 0x86, 0x5B, 0x86, 0x58, 0x86, 0xD5, 0x86, 0x57, 0x86, 0x58, 0x86, 0x5A, 0x86
	.byte 0xD5, 0x86, 0x59, 0x86, 0x5A, 0x86, 0x5B, 0x86, 0xD5, 0x86, 0x5A, 0x86, 0x5B, 0x86, 0xDB, 0x5D
	.byte 0x8C, 0xD5, 0x5B, 0x86, 0xD2, 0x5D, 0x54, 0x83, 0x5F, 0x58, 0x83, 0x61, 0x70, 0x83, 0x62, 0x83
	.byte 0xD5, 0x60, 0x86, 0x5F, 0x86, 0x5D, 0x86, 0x5B, 0x86, 0x5A, 0x86, 0x5D, 0x86, 0x5A, 0x86, 0x58
	.byte 0x86, 0x56, 0x86, 0x55, 0x86, 0x56, 0x92, 0x4E, 0x86, 0x4F, 0x86, 0xE1, 0x51, 0x98, 0xD3, 0x62
	.byte 0x5C, 0x84, 0x64, 0x48, 0x84, 0x62, 0x44, 0x84, 0x60, 0x5C, 0x84, 0x62, 0x48, 0x84, 0x60, 0x44
	.byte 0x84, 0x5F, 0x5C, 0x84, 0x60, 0x48, 0x84, 0x5F, 0x44, 0x84, 0x5D, 0x5C, 0x84, 0x5F, 0x48, 0x84
	.byte 0x5D, 0x44, 0x84, 0x5B, 0x5C, 0x84, 0x5D, 0x48, 0x84, 0x5B, 0x44, 0x84, 0x5A, 0x5C, 0x84, 0x5B
	.byte 0x48, 0x84, 0x5A, 0x44, 0x84, 0xBD, 0x38, 0xBF, 0x1A, 0xBE, 0x30, 0xEA, 0x4A, 0x70, 0x8C, 0xC4
	.byte 0x08, 0x92, 0x00, 0x86, 0xD3, 0x84, 0x4A, 0x60, 0x84, 0xD3, 0x84, 0xEA, 0x4A, 0x70, 0x8C, 0xC4
	.byte 0x08, 0x98, 0x00, 0xD3, 0x84, 0x4A, 0x60, 0x84, 0xD3, 0x84, 0xE7, 0x47, 0x70, 0x8C, 0xC4, 0x08
	.byte 0x8C, 0x00, 0xD2, 0x45, 0x83, 0x47, 0x83, 0xD5, 0x45, 0x86, 0x44, 0x86, 0x3F, 0x86, 0x40, 0x86
	.byte 0x3E, 0x86, 0x3D, 0x86, 0x3E, 0x86, 0x40, 0x86, 0x44, 0x86, 0x47, 0x86, 0x4A, 0x86, 0xBD, 0x3C
	.byte 0xBE, 0x3B, 0xBF, 0x17, 0xE9, 0x45, 0x9A, 0xDB, 0x47, 0x8C, 0xD5, 0x48, 0x86, 0x44, 0x86, 0x43
	.byte 0x86, 0xDB, 0x44, 0x92, 0xD5, 0x86, 0x47, 0x86, 0x48, 0x86, 0xBD, 0x3C, 0xDB, 0x8C, 0x47, 0x8C
	.byte 0xD2, 0x45, 0x83, 0x47, 0x83, 0x45, 0x86, 0xD5, 0x43, 0x86, 0x45, 0x86, 0xDB, 0x43, 0x8C, 0x42
	.byte 0x8C, 0xBE, 0x39, 0xDB, 0x43, 0x8C, 0x45, 0x8C, 0xBD, 0x38, 0xE9, 0x4A, 0x9A, 0xDB, 0x4C, 0x8C
	.byte 0xD5, 0x4E, 0x86, 0xEB, 0x4A, 0x9C, 0xD5, 0x4C, 0x86, 0x4E, 0x86, 0xDB, 0x50, 0x8C, 0x4D, 0x8C
	.byte 0x50, 0x8C, 0x53, 0x8C, 0xE9, 0x4C, 0xA0, 0xBF, 0x6A, 0xBE, 0x2C, 0xDB, 0x51, 0x8C, 0x48, 0x8C
	.byte 0x4C, 0x8C, 0x45, 0x8C, 0x4A, 0x8C, 0x42, 0x8C, 0xD2, 0x48, 0x83, 0x4A, 0x83, 0xD5, 0x48, 0x86
	.byte 0x47, 0x86, 0x48, 0x86, 0xBF, 0x17, 0xBE, 0x3B, 0xE7, 0x4F, 0x98, 0x51, 0x98, 0x52, 0x98, 0xDB
	.byte 0x53, 0x8C, 0x4D, 0x8C, 0xBD, 0x30, 0xBF, 0x40, 0xD5, 0x56, 0x86, 0x54, 0x86, 0x53, 0x86, 0x4F
	.byte 0x86, 0xF3, 0x58, 0x98, 0xBE, 0x3A, 0x82, 0x37, 0x83, 0x35, 0x83, 0x32, 0x84, 0x31, 0x82, 0x2F
	.byte 0x83, 0x2B, 0x83, 0x27, 0x84, 0x26, 0x82, 0x25, 0x8A, 0x3B, 0xDB, 0x4F, 0x8C, 0xD5, 0x56, 0x86
	.byte 0x54, 0x86, 0x53, 0x86, 0x4F, 0x86, 0xF3, 0x58, 0x98, 0xBE, 0x3B, 0x82, 0x39, 0x83, 0x37, 0x83
	.byte 0x33, 0x84, 0x32, 0x82, 0x30, 0x83, 0x2E, 0x83, 0x2C, 0x84, 0x2A, 0x82, 0x27, 0x83, 0x25, 0x87
	.byte 0x3B, 0xD5, 0x56, 0x86, 0x58, 0x86, 0xDB, 0x5B, 0x8C, 0x59, 0x8C, 0xD2, 0x58, 0x64, 0x83, 0x59
	.byte 0x5C, 0x83, 0xD5, 0x58, 0x70, 0x86, 0x57, 0x86, 0x58, 0x64, 0x86, 0xEF, 0x56, 0x70, 0x98, 0xBE
	.byte 0x3B, 0x82, 0x37, 0x83, 0x35, 0x83, 0x33, 0x84, 0x31, 0x82, 0x2E, 0x83, 0x2B, 0x83, 0x2A, 0x84
	.byte 0x3B, 0xE7, 0x55, 0x98, 0x52, 0x98, 0x51, 0x98, 0x4F, 0x98, 0xDB, 0x58, 0x8C, 0xD5, 0x54, 0x86
	.byte 0x51, 0x86, 0xF3, 0x59, 0x98, 0xBE, 0x39, 0x82, 0x37, 0x83, 0x33, 0x83, 0x32, 0x84, 0x31, 0x82
	.byte 0x2F, 0x83, 0x2D, 0x83, 0x2C, 0x84, 0x2A, 0x82, 0x28, 0x83, 0x25, 0x87, 0x3B, 0xDB, 0x51, 0x8C
	.byte 0xD5, 0x58, 0x86, 0x55, 0x86, 0x51, 0x86, 0x4F, 0x86, 0xDB, 0x58, 0x8C, 0xEF, 0x59, 0x8C, 0xBE
	.byte 0x39, 0x82, 0x37, 0x83, 0x35, 0x83, 0x33, 0x84, 0x31, 0x82, 0x2F, 0x83, 0x2C, 0x83, 0x2A, 0x84
	.byte 0x28, 0x82, 0x25, 0x8A, 0x3B, 0xD5, 0x58, 0x86, 0x59, 0x86, 0xEB, 0x56, 0x9C, 0xD5, 0x58, 0x86
	.byte 0x59, 0x86, 0xEB, 0x56, 0x9C, 0xD5, 0x54, 0x86, 0x56, 0x86, 0xBE, 0x3B, 0xFE, 0x55, 0x98, 0xBE
	.byte 0x37, 0x82, 0x37, 0x83, 0x33, 0x83, 0x32, 0x84, 0x2F, 0x82, 0x2E, 0x83, 0x2B, 0x83, 0x2A, 0x84
	.byte 0x28, 0x82, 0x25, 0x86, 0x22, 0x84, 0x21, 0x82, 0x1F, 0x83, 0x1D, 0x83, 0x1B, 0x84, 0x19, 0x82
	.byte 0x18, 0x83, 0x15, 0x83, 0x14, 0x84, 0x12, 0x82, 0x11, 0x83, 0x10, 0x83, 0x0E, 0x84, 0x3A, 0xB0
	.byte 0xB0, 0xB0, 0xB0, 0x08, 0xCF, 0x58, 0x8C, 0xBE, 0x07, 0x98, 0x82, 0x08, 0x8A, 0x0A, 0x82, 0x0C
	.byte 0x8A, 0x0E, 0x82, 0x11, 0x83, 0x12, 0x89, 0x14, 0x83, 0x16, 0x87, 0x18, 0x82, 0x19, 0x83, 0x1B
	.byte 0x87, 0x1D, 0x82, 0x1E, 0x86, 0x21, 0x84, 0x21, 0x82, 0x23, 0x83, 0x25, 0x87, 0x27, 0x82, 0x28
	.byte 0x83, 0x2B, 0x83, 0x2C, 0x84, 0x2D, 0x82, 0x2F, 0x83, 0x32, 0x83, 0x33, 0x84, 0x36, 0x82, 0x38
	.byte 0x83, 0x3B, 0x83, 0x3C, 0x84, 0x3E, 0x82, 0x42, 0x83, 0x43, 0x83, 0x46, 0x84, 0x48, 0x82, 0x4B
	.byte 0x83, 0x4D, 0x83, 0x4E, 0x84, 0x51, 0x82, 0x52, 0x83, 0x55, 0x83, 0x56, 0x84, 0xCE, 0xBD, 0x2F
	.byte 0xBF, 0x72, 0xDB, 0x39, 0x60, 0xB0, 0xB1

	.globl SongTrack_MUS_CREDITS_03
SongTrack_MUS_CREDITS_03: @ 0x088B8395
	@ M4A track start proven by song header pointer
	.byte 0xBC, 0x00, 0xBD, 0x01, 0xC1, 0x0C, 0xC2, 0x2C, 0xC1, 0x0C, 0xC2, 0x2C, 0xBF, 0x28, 0xBE, 0x5D
	.byte 0xCF, 0x2B, 0x78, 0xB0, 0xB0, 0xCE, 0xFF, 0xB0, 0xEF, 0x24, 0x40, 0xA0, 0xDB, 0x30, 0x5C, 0x8C
	.byte 0x32, 0x4C, 0x8C, 0x2D, 0x54, 0x8C, 0x26, 0x70, 0x8C, 0xCF, 0x2B, 0xB0, 0xB0, 0xCE, 0xCF, 0x28
	.byte 0xB0, 0xA8, 0xCE, 0xDB, 0x8C, 0x26, 0x8C, 0xCF, 0x2D, 0xB0, 0xB0, 0xCE, 0xFF, 0x32, 0xB0, 0xEB
	.byte 0x26, 0x58, 0x9C, 0xEF, 0x39, 0x70, 0xA0, 0xDB, 0x26, 0x8C, 0xCF, 0x2B, 0xB0, 0xB0, 0xCE, 0xCF
	.byte 0x28, 0xB0, 0xA8, 0xCE, 0xDB, 0x8C, 0x26, 0x8C, 0xCF, 0x2D, 0xB0, 0xB0, 0xCE, 0xFF, 0x32, 0xB0
	.byte 0xFB, 0x32, 0x58, 0xAC, 0xDB, 0x26, 0x70, 0x8C, 0xEF, 0x2B, 0x70, 0xA0, 0x2A, 0xA0, 0xB4, 0x29
	.byte 0xA0, 0x28, 0xA0, 0x2D, 0xA0, 0x2C, 0xA0, 0xE7, 0x32, 0x98, 0x30, 0x54, 0x98, 0x2F, 0x58, 0x98
	.byte 0xDB, 0x2D, 0x70, 0x8C, 0x26, 0x8C, 0xB3, 0xFD, 0x83, 0x8B, 0x08, 0xEF, 0x29, 0x70, 0xA0, 0xEB
	.byte 0x28, 0x9C, 0xDB, 0x2C, 0x8C, 0xEF, 0x2D, 0xA0, 0x32, 0xA0, 0xF7, 0x2B, 0xA8, 0xBD, 0x3A, 0xBF
	.byte 0x40, 0xBE, 0x4B, 0xDB, 0x1A, 0x8C, 0x1E, 0x8C, 0xCF, 0x1F, 0xB0, 0xB0, 0xCE, 0xCF, 0x1C, 0xB0
	.byte 0xA8, 0xCE, 0xDB, 0x8C, 0x1A, 0x8C, 0xCF, 0x21, 0xB0, 0xB0, 0xCE, 0xFF, 0x26, 0xB0, 0xF7, 0x1A
	.byte 0x58, 0xA8, 0xDB, 0x1A, 0x70, 0x8C, 0x1E, 0x8C, 0xBD, 0x3A, 0xBE, 0x4E, 0xEB, 0x1F, 0x9C, 0xBE
	.byte 0x4E, 0xD5, 0x1E, 0x86, 0x1F, 0x86, 0xEF, 0xA0, 0xEB, 0x9C, 0xDB, 0x1E, 0x8C, 0xEB, 0x1F, 0x9C
	.byte 0xDB, 0x1E, 0x8C, 0xEB, 0x1C, 0x9C, 0xD5, 0x1B, 0x86, 0x1C, 0x86, 0xEF, 0xA0, 0xED, 0x9E, 0xD5
	.byte 0x86, 0xE7, 0x98, 0xDB, 0x8C, 0x1E, 0x8C, 0xEB, 0x21, 0x9C, 0xD5, 0x20, 0x86, 0x21, 0x86, 0xEB
	.byte 0x9C, 0xDB, 0x8C, 0xEB, 0x9C, 0xDB, 0x8C, 0xEB, 0x9C, 0xD5, 0x23, 0x86, 0x24, 0x86, 0xFF, 0x26
	.byte 0xB0, 0xFB, 0x26, 0x58, 0xAC, 0xDB, 0x1A, 0x70, 0x8C, 0xB0, 0xB0, 0xB0, 0xB0, 0xB0, 0xB0, 0xB0
	.byte 0xD5, 0x2B, 0x8C, 0xD1, 0x2B, 0x50, 0x84, 0xD1, 0x84, 0xD1, 0x84, 0xD5, 0x29, 0x70, 0x8C, 0xD1
	.byte 0x29, 0x50, 0x84, 0xD1, 0x84, 0xD1, 0x84, 0xD5, 0x26, 0x70, 0x8C, 0xD1, 0x26, 0x50, 0x84, 0xD1
	.byte 0x84, 0xD1, 0x84, 0xBF, 0x40, 0xBE, 0x55, 0xDB, 0x1F, 0x70, 0x8C, 0x23, 0x8C, 0xEB, 0x24, 0x8C
	.byte 0xBE, 0x51, 0x85, 0x4A, 0x87, 0x42, 0x85, 0x3C, 0x87, 0x55, 0xD5, 0x8C, 0xEF, 0x8C, 0xBE, 0x52
	.byte 0x85, 0x4D, 0x87, 0x4A, 0x85, 0x44, 0x87, 0x40, 0x85, 0x3C, 0x87, 0x55, 0xEB, 0x23, 0x8C, 0xBE
	.byte 0x51, 0x85, 0x4A, 0x87, 0x42, 0x85, 0x3C, 0x87, 0x55, 0xD5, 0x8C, 0xEF, 0x8C, 0xBE, 0x52, 0x85
	.byte 0x4D, 0x87, 0x4A, 0x85, 0x44, 0x87, 0x40, 0x85, 0x3C, 0x87, 0x55, 0xEB, 0x22, 0x8C, 0xBE, 0x51
	.byte 0x85, 0x4A, 0x87, 0x42, 0x85, 0x3C, 0x87, 0x55, 0xD5, 0x8C, 0xEF, 0x8C, 0xBE, 0x52, 0x85, 0x4D
	.byte 0x87, 0x4A, 0x85, 0x44, 0x87, 0x40, 0x85, 0x3C, 0x87, 0x55, 0xEB, 0x21, 0x8C, 0xBE, 0x51, 0x85
	.byte 0x4A, 0x87, 0x42, 0x85, 0x3C, 0x87, 0x55, 0xD5, 0x8C, 0xEF, 0x8C, 0xBE, 0x52, 0x85, 0x4D, 0x87
	.byte 0x4A, 0x85, 0x44, 0x87, 0x40, 0x85, 0x3C, 0x87, 0x55, 0xEB, 0x26, 0x8C, 0xBE, 0x51, 0x85, 0x4A
	.byte 0x87, 0x42, 0x85, 0x3C, 0x87, 0x55, 0xD5, 0x8C, 0xEF, 0x8C, 0xBE, 0x52, 0x85, 0x4D, 0x87, 0x4A
	.byte 0x85, 0x44, 0x87, 0x40, 0x85, 0x3C, 0x87, 0x55, 0xEB, 0x25, 0x8C, 0xBE, 0x51, 0x85, 0x4A, 0x87
	.byte 0x42, 0x85, 0x3C, 0x87, 0x55, 0xD5, 0x8C, 0xEF, 0x8C, 0xBE, 0x52, 0x85, 0x4D, 0x87, 0x4A, 0x85
	.byte 0x44, 0x87, 0x40, 0x85, 0x3C, 0x87, 0x55, 0xEB, 0x23, 0x8C, 0xBE, 0x51, 0x85, 0x4A, 0x87, 0x42
	.byte 0x85, 0x3C, 0x87, 0x55, 0xD5, 0x8C, 0xEB, 0x2B, 0x8C, 0xBE, 0x51, 0x85, 0x4A, 0x87, 0x42, 0x85
	.byte 0x3C, 0x87, 0x55, 0xD5, 0x8C, 0xEB, 0x2D, 0x70, 0x8C, 0xBE, 0x51, 0x85, 0x4A, 0x87, 0x42, 0x85
	.byte 0x3C, 0x87, 0x55, 0xD5, 0x8C, 0xDB, 0x8C, 0x2B, 0x8C, 0x29, 0x8C, 0x28, 0x8C, 0xB4, 0xEB, 0x2B
	.byte 0x8C, 0xBE, 0x51, 0x85, 0x4A, 0x87, 0x42, 0x85, 0x3C, 0x87, 0x55, 0xD5, 0x8C, 0xDB, 0x8C, 0x29
	.byte 0x8C, 0x28, 0x8C, 0x2B, 0x8C, 0xB3, 0xBA, 0x85, 0x8B, 0x08, 0xB3, 0xBA, 0x85, 0x8B, 0x08, 0xB3
	.byte 0xBA, 0x85, 0x8B, 0x08, 0xBE, 0x0A, 0xCF, 0x2D, 0x70, 0x85, 0xBE, 0x0B, 0x83, 0x0B, 0x90, 0x0C
	.byte 0x88, 0x0E, 0x84, 0x0F, 0x82, 0x10, 0x8C, 0x13, 0x8A, 0x14, 0x88, 0x16, 0x84, 0x18, 0x85, 0x19
	.byte 0x83, 0x1C, 0x86, 0x1D, 0x83, 0x20, 0x87, 0x82, 0x24, 0x86, 0x25, 0x86, 0x28, 0x83, 0x29, 0x83
	.byte 0x2C, 0x86, 0x30, 0x83, 0x30, 0x83, 0x32, 0x84, 0x34, 0x82, 0x38, 0x86, 0x3A, 0x84, 0x3E, 0x85
	.byte 0x44, 0x87, 0x46, 0x82, 0x48, 0x83, 0x4A, 0x83, 0x4D, 0x86, 0x50, 0x83, 0x54, 0x83, 0x58, 0x84
	.byte 0x5B, 0x82, 0x5D, 0x8A, 0xCE, 0xD5, 0x21, 0xB0, 0xB1

	.globl SongTrack_MUS_CREDITS_04
SongTrack_MUS_CREDITS_04: @ 0x088B864E
	@ M4A track start proven by song header pointer
	.byte 0xBC, 0x00, 0xBD, 0x01, 0xC2, 0x2C, 0xC1, 0x0C, 0xBF, 0x55, 0xBE, 0x45, 0x8C, 0xE7, 0x32, 0x50
	.byte 0x98, 0x32, 0x4C, 0x98, 0x32, 0x50, 0x95, 0xBF, 0x5E, 0x83, 0xE7, 0x32, 0x4C, 0x8C, 0x8C, 0x32
	.byte 0x50, 0x98, 0x32, 0x4C, 0x98, 0x32, 0x50, 0x98, 0x37, 0x74, 0x8C, 0x8C, 0x32, 0x50, 0x98, 0x32
	.byte 0x4C, 0x98, 0x32, 0x50, 0x98, 0xDB, 0x32, 0x4C, 0x8C, 0x3C, 0x40, 0x8C, 0xEB, 0x3C, 0x54, 0x9C
	.byte 0xE1, 0x3E, 0x5C, 0x92, 0xE9, 0x3E, 0x50, 0x9A, 0x8C, 0xE7, 0x32, 0x44, 0x98, 0x32, 0x40, 0x98
	.byte 0xE7, 0x98, 0x32, 0x44, 0x8C, 0x8C, 0xE7, 0x32, 0x40, 0x98, 0xE7, 0x98, 0xE7, 0x98, 0x32, 0x58
	.byte 0x8C, 0xB4, 0x8C, 0xE7, 0x2F, 0x44, 0x98, 0x2F, 0x40, 0x98, 0xE7, 0x98, 0x2F, 0x44, 0x8C, 0xB4
	.byte 0x8C, 0xE7, 0x2F, 0x40, 0x98, 0xE7, 0x98, 0xDB, 0x9C, 0xB4, 0x8C, 0xE7, 0x34, 0x44, 0x98, 0x34
	.byte 0x40, 0x98, 0xE7, 0x98, 0x34, 0x44, 0x8C, 0xB4, 0x8C, 0xE7, 0x34, 0x40, 0x98, 0xE7, 0x98, 0xE7
	.byte 0x98, 0x34, 0x58, 0x8C, 0xB4, 0x8C, 0x39, 0x44, 0x98, 0x39, 0x40, 0x98, 0xE7, 0x98, 0xDB, 0x39
	.byte 0x44, 0x8C, 0x8C, 0xEA, 0x2D, 0x5C, 0x9B, 0x81, 0xD2, 0x51, 0x4C, 0x83, 0xEF, 0x3C, 0x70, 0xA0
	.byte 0xBE, 0x49, 0x8C, 0xE7, 0x32, 0x44, 0x98, 0x32, 0x40, 0x98, 0xE7, 0x98, 0x32, 0x44, 0x8C, 0xB3
	.byte 0xA3, 0x86, 0x8B, 0x08, 0xB3, 0xB0, 0x86, 0x8B, 0x08, 0xB3, 0xBE, 0x86, 0x8B, 0x08, 0xB3, 0xC8
	.byte 0x86, 0x8B, 0x08, 0xB3, 0xD6, 0x86, 0x8B, 0x08, 0x8C, 0xE7, 0x39, 0x44, 0x98, 0x39, 0x40, 0x98
	.byte 0xE7, 0x98, 0x39, 0x44, 0x8C, 0xA8, 0xBF, 0x40, 0x8C, 0xD5, 0x43, 0x70, 0x86, 0x45, 0x86, 0xBF
	.byte 0x5F, 0x8C, 0xE7, 0x32, 0x58, 0x98, 0x32, 0x5C, 0x98, 0xE7, 0x98, 0xDB, 0x32, 0x6C, 0x8C, 0x8C
	.byte 0xE7, 0x2F, 0x58, 0x98, 0x2F, 0x5C, 0x98, 0x2F, 0x58, 0x98, 0xDB, 0x2F, 0x70, 0x8C, 0x8C, 0xE7
	.byte 0x34, 0x58, 0x98, 0x34, 0x5C, 0x98, 0x34, 0x58, 0x98, 0xD8, 0x34, 0x70, 0x8C, 0x8C, 0xE7, 0x39
	.byte 0x58, 0x98, 0x39, 0x5C, 0x98, 0x39, 0x58, 0x98, 0xDB, 0x39, 0x68, 0x8C, 0x8C, 0xE7, 0x32, 0x58
	.byte 0x98, 0x32, 0x5C, 0x98, 0x32, 0x58, 0x98, 0xDB, 0x32, 0x68, 0x8C, 0x8C, 0xE7, 0x2F, 0x58, 0x98
	.byte 0x2F, 0x5C, 0x98, 0x2F, 0x58, 0x9C, 0x8C, 0x34, 0x98, 0xDB, 0x34, 0x5C, 0x98, 0xE7, 0x39, 0x58
	.byte 0x98, 0xDB, 0x39, 0x68, 0x8C, 0x8C, 0xE7, 0x32, 0x58, 0x98, 0x32, 0x5C, 0x98, 0xDB, 0x32, 0x70
	.byte 0x8C, 0xBD, 0x49, 0xBF, 0x40, 0xBE, 0x2B, 0xDB, 0x4F, 0x8C, 0x51, 0x8C, 0xBF, 0x40, 0xD2, 0x54
	.byte 0x50, 0x83, 0xF6, 0x53, 0x70, 0x95, 0xC4, 0x07, 0xBE, 0x28, 0x83, 0x25, 0x82, 0x21, 0x83, 0x1F
	.byte 0x83, 0x1D, 0x84, 0x1C, 0x82, 0x1B, 0x83, 0x19, 0x83, 0x17, 0x84, 0x16, 0x82, 0x15, 0x83, 0x12
	.byte 0x83, 0x11, 0x84, 0x0F, 0x82, 0x0C, 0x83, 0x0B, 0x84, 0xC4, 0x00, 0xBE, 0x2B, 0x8C, 0xD5, 0x4A
	.byte 0x86, 0x4F, 0x86, 0xE7, 0x51, 0x98, 0x53, 0x68, 0x98, 0x54, 0x64, 0x98, 0xDB, 0x56, 0x5C, 0x8C
	.byte 0xD5, 0x55, 0x50, 0x86, 0x54, 0x48, 0x86, 0x53, 0x6C, 0x86, 0x51, 0x70, 0x86, 0xF7, 0x53, 0x98
	.byte 0xBE, 0x25, 0x83, 0x28, 0x82, 0x25, 0x83, 0x23, 0x83, 0x21, 0x84, 0x1F, 0x82, 0x1D, 0x83, 0x1D
	.byte 0x83, 0x1C, 0x84, 0x19, 0x82, 0x18, 0x83, 0x16, 0x83, 0x15, 0x84, 0x14, 0x82, 0x12, 0x83, 0x11
	.byte 0x83, 0x0F, 0x81, 0xC4, 0x00, 0xBE, 0x0C, 0x83, 0x2C, 0x86, 0xD2, 0x4F, 0x83, 0x50, 0x60, 0x83
	.byte 0x4F, 0x70, 0x83, 0xD5, 0x4E, 0x86, 0xF3, 0x4F, 0xA4, 0xC4, 0x00, 0x95, 0xD2, 0x53, 0x83, 0xEB
	.byte 0x54, 0x98, 0xBE, 0x28, 0x83, 0x24, 0x82, 0x1F, 0x83, 0x1D, 0x84, 0xC4, 0x00, 0xBE, 0x2C, 0xD5
	.byte 0x53, 0x86, 0x54, 0x86, 0xD2, 0x55, 0x50, 0x83, 0xEE, 0x54, 0x70, 0x95, 0xC4, 0x07, 0xBE, 0x28
	.byte 0x83, 0x25, 0x82, 0x23, 0x83, 0x20, 0x83, 0x1D, 0x84, 0x1C, 0x82, 0x17, 0x83, 0x16, 0x84, 0xC4
	.byte 0x00, 0xBE, 0x2C, 0xE7, 0x53, 0x98, 0x54, 0x98, 0x56, 0x98, 0xDB, 0x58, 0x8C, 0xD2, 0x57, 0x54
	.byte 0x83, 0x56, 0x4C, 0x83, 0x55, 0x48, 0x83, 0x54, 0x83, 0xD5, 0x54, 0x70, 0x86, 0x53, 0x86, 0x51
	.byte 0x86, 0x53, 0x86, 0xD2, 0x55, 0x83, 0xF6, 0x54, 0x95, 0xC4, 0x07, 0xBE, 0x25, 0x83, 0x25, 0x82
	.byte 0x22, 0x83, 0x21, 0x83, 0x1D, 0x84, 0x1D, 0x82, 0x19, 0x83, 0x18, 0x83, 0x16, 0x84, 0x14, 0x82
	.byte 0x12, 0x83, 0x10, 0x83, 0x0E, 0x84, 0x0C, 0x82, 0x0B, 0x83, 0x0B, 0x84, 0xBD, 0x30, 0xBF, 0x40
	.byte 0xBE, 0x3D, 0xC4, 0x00, 0x98, 0x83, 0xD2, 0x4A, 0x3C, 0x83, 0x4C, 0x83, 0x4E, 0x40, 0x83, 0x51
	.byte 0x83, 0x53, 0x44, 0x83, 0x54, 0x48, 0x83, 0x55, 0x83, 0xDB, 0x56, 0x70, 0x8C, 0xE1, 0x54, 0x92
	.byte 0xD5, 0x53, 0x86, 0x51, 0x86, 0x4F, 0x86, 0xEB, 0x53, 0x9C, 0xD5, 0x52, 0x50, 0x86, 0x53, 0x58
	.byte 0x86, 0xE9, 0x4A, 0x60, 0x9C, 0xD2, 0x4A, 0x4C, 0x86, 0xD5, 0x4A, 0x58, 0x86, 0xE7, 0x51, 0x70
	.byte 0x98, 0x53, 0x68, 0x98, 0x54, 0x64, 0x98, 0xDB, 0x56, 0x5C, 0x8C, 0xD5, 0x55, 0x48, 0x86, 0x54
	.byte 0x86, 0x53, 0x6C, 0x86, 0x51, 0x4C, 0x86, 0x4F, 0x48, 0x86, 0x51, 0x50, 0x86, 0xE1, 0x53, 0x70
	.byte 0x92, 0xD2, 0x4F, 0x86, 0xE7, 0x4F, 0x5C, 0x98, 0xD5, 0x4F, 0x70, 0x86, 0x4E, 0x4C, 0x86, 0x4C
	.byte 0x50, 0x86, 0x4E, 0x54, 0x86, 0xEF, 0x4F, 0xB0, 0xEB, 0x54, 0x6C, 0x9C, 0xD5, 0x53, 0x70, 0x86
	.byte 0x54, 0x86, 0xEB, 0x4C, 0x50, 0x9C, 0xD2, 0x4C, 0x4C, 0x86, 0x4C, 0x5C, 0x86, 0xE7, 0x53, 0x70
	.byte 0x98, 0x54, 0x98, 0x56, 0x98, 0xDB, 0x58, 0x8C, 0xD5, 0x51, 0x50, 0x86, 0xD2, 0x58, 0x70, 0x83
	.byte 0x5A, 0x83, 0xDB, 0x5B, 0x8C, 0x5A, 0x8C, 0xE1, 0x58, 0x92, 0xD2, 0x56, 0x5C, 0x86, 0xE7, 0x56
	.byte 0x6C, 0x9C, 0xD5, 0x53, 0x70, 0x86, 0x54, 0x86, 0xE1, 0x56, 0x98, 0xD3, 0x5B, 0x5C, 0x84, 0x5D
	.byte 0x48, 0x84, 0x5B, 0x44, 0x84, 0x5A, 0x5C, 0x84, 0x5B, 0x48, 0x84, 0x5A, 0x44, 0x84, 0x58, 0x5C
	.byte 0x84, 0x5A, 0x48, 0x84, 0x58, 0x44, 0x84, 0x56, 0x5C, 0x84, 0x58, 0x48, 0x84, 0x56, 0x44, 0x84
	.byte 0x54, 0x5C, 0x84, 0x56, 0x48, 0x84, 0x54, 0x44, 0x84, 0x53, 0x5C, 0x84, 0x54, 0x48, 0x84, 0x53
	.byte 0x44, 0x84, 0xBD, 0x3C, 0xBE, 0x5A, 0xBF, 0x40, 0xE9, 0x47, 0x70, 0x8C, 0xC4, 0x08, 0x92, 0x00
	.byte 0xDB, 0x48, 0x8C, 0xD5, 0x4A, 0x6C, 0x86, 0xEB, 0x47, 0x8C, 0xC4, 0x08, 0x98, 0x00, 0xD5, 0x48
	.byte 0x86, 0x4A, 0x86, 0xDB, 0x4D, 0x8C, 0x4C, 0x74, 0x8C, 0xD2, 0x4B, 0x6C, 0x83, 0x4C, 0x70, 0x83
	.byte 0xD5, 0x4B, 0x86, 0x4A, 0x68, 0x86, 0x4C, 0x70, 0x86, 0xE9, 0x47, 0x60, 0x8C, 0xC4, 0x08, 0x8C
	.byte 0xBD, 0x30, 0xBE, 0x4A, 0x86, 0xC4, 0x00, 0xDB, 0x48, 0x5C, 0x8C, 0xD5, 0x4A, 0x64, 0x86, 0xBF
	.byte 0x40, 0xE9, 0x48, 0x70, 0x8C, 0xC4, 0x04, 0x92, 0x00, 0xDB, 0x4A, 0x68, 0x8C, 0xD5, 0x4C, 0x70
	.byte 0x86, 0x48, 0x68, 0x86, 0x47, 0x70, 0x86, 0xDB, 0x48, 0x92, 0xD5, 0x86, 0x4A, 0x58, 0x86, 0x4C
	.byte 0x64, 0x86, 0xDB, 0x4F, 0x68, 0x8C, 0x4E, 0x5C, 0x8C, 0xD2, 0x4C, 0x54, 0x83, 0x4E, 0x70, 0x83
	.byte 0xD5, 0x4C, 0x86, 0x4A, 0x5C, 0x86, 0x4C, 0x70, 0x86, 0xDB, 0x4A, 0x60, 0x8C, 0x48, 0x70, 0x8C
	.byte 0xBE, 0x43, 0xDB, 0x47, 0x8C, 0xBE, 0x50, 0xDB, 0x48, 0x8C, 0xBD, 0x38, 0xBE, 0x4B, 0xE9, 0x53
	.byte 0x8C, 0xC4, 0x08, 0x92, 0x00, 0xDB, 0x54, 0x68, 0x8C, 0xD5, 0x56, 0x70, 0x86, 0xEB, 0x53, 0x68
	.byte 0x8C, 0xC4, 0x08, 0x98, 0x00, 0xD5, 0x54, 0x58, 0x86, 0x56, 0x64, 0x86, 0xDB, 0x59, 0x68, 0x8C
	.byte 0x58, 0x5C, 0x8C, 0x57, 0x70, 0x8C, 0x58, 0x8C, 0xE9, 0x53, 0x60, 0x8C, 0xC4, 0x08, 0x92, 0xBD
	.byte 0x30, 0xBE, 0x4A, 0xC4, 0x00, 0xDB, 0x54, 0x5C, 0x8C, 0xD5, 0x56, 0x64, 0x86, 0xBE, 0x51, 0xDB
	.byte 0x54, 0x70, 0x8C, 0x4C, 0x54, 0x8C, 0x51, 0x58, 0x8C, 0x4C, 0x4C, 0x8C, 0x4F, 0x68, 0x8C, 0x48
	.byte 0x70, 0x8C, 0xD2, 0x4F, 0x83, 0x51, 0x83, 0xD5, 0x4F, 0x86, 0x4E, 0x86, 0x4F, 0x86, 0xE7, 0x53
	.byte 0x98, 0x54, 0x98, 0x55, 0x98, 0xBF, 0x40, 0xBE, 0x40, 0xDB, 0x56, 0x8C, 0x4F, 0x8C, 0xB0, 0xB0
	.byte 0xB0, 0xB0, 0xB0, 0xB0, 0xB0, 0xBD, 0x3C, 0xBE, 0x45, 0xEB, 0x45, 0x9C, 0xD5, 0x49, 0x8C, 0xEF
	.byte 0x4C, 0x98, 0xBE, 0x45, 0xC4, 0x05, 0x82, 0xBE, 0x42, 0x83, 0x3C, 0x83, 0x38, 0x84, 0x36, 0x82
	.byte 0x32, 0x83, 0x2F, 0x83, 0x2C, 0x84, 0x45, 0xC4, 0x00, 0xEB, 0x47, 0x9C, 0xD5, 0x4A, 0x8C, 0xEB
	.byte 0x4F, 0x8C, 0xC4, 0x05, 0x98, 0x00, 0xD5, 0x4E, 0x86, 0x4D, 0x86, 0xF7, 0x4C, 0x98, 0xBE, 0x45
	.byte 0xC4, 0x06, 0x82, 0xBE, 0x42, 0x83, 0x3E, 0x83, 0x38, 0x86, 0x36, 0x83, 0x35, 0x83, 0x32, 0x84
	.byte 0x30, 0x85, 0x2C, 0x87, 0x29, 0x85, 0x28, 0x83, 0x25, 0x84, 0x45, 0xC4, 0x00, 0xE7, 0x4A, 0x98
	.byte 0xF7, 0x4C, 0x98, 0xBE, 0x45, 0xC4, 0x06, 0x82, 0xBE, 0x42, 0x83, 0x3E, 0x83, 0x3C, 0x84, 0x3B
	.byte 0x82, 0x38, 0x83, 0x36, 0x83, 0x32, 0x84, 0x30, 0x82, 0x2F, 0x83, 0x29, 0x87, 0x25, 0x82, 0x23
	.byte 0x83, 0x22, 0x87, 0x45, 0xC4, 0x00, 0xE4, 0x4A, 0x98, 0xF7, 0x4C, 0x98, 0xBE, 0x42, 0xC4, 0x06
	.byte 0x82, 0xBE, 0x42, 0x83, 0x3C, 0x87, 0x3B, 0x82, 0x38, 0x83, 0x36, 0x87, 0x32, 0x82, 0x30, 0x83
	.byte 0x2C, 0x83, 0x29, 0x84, 0x28, 0x85, 0x25, 0x87, 0x45, 0xC4, 0x00, 0xE4, 0x4A, 0x98, 0xBE, 0x06
	.byte 0xBF, 0x60, 0xCF, 0x49, 0x82, 0xBE, 0x07, 0x83, 0x09, 0x89, 0x0A, 0x83, 0x0B, 0x87, 0x0C, 0x82
	.byte 0x0E, 0x83, 0x0F, 0x83, 0x11, 0x84, 0x12, 0x82, 0x13, 0x86, 0x16, 0x86, 0x19, 0x86, 0x1C, 0x84
	.byte 0x20, 0x88, 0x25, 0x84, 0x25, 0x85, 0x28, 0x83, 0x29, 0x89, 0x2C, 0x87, 0x82, 0x2F, 0x83, 0x31
	.byte 0x87, 0x33, 0x82, 0x35, 0x83, 0x37, 0x83, 0x38, 0x84, 0x3B, 0x82, 0x3C, 0x83, 0x3E, 0x87, 0x42
	.byte 0x82, 0x45, 0x83, 0x46, 0x83, 0x4A, 0x84, 0x4B, 0x82, 0x4E, 0x83, 0x4F, 0x83, 0x51, 0x86, 0x55
	.byte 0x83, 0x55, 0x83, 0x57, 0x99, 0xCE, 0xD2, 0x2D, 0xB0, 0xB1

	.globl SongTrack_MUS_CREDITS_05
SongTrack_MUS_CREDITS_05: @ 0x088B8BD8
	@ M4A track start proven by song header pointer
	.byte 0xBC, 0x00, 0xBD, 0x2E, 0xC2, 0x2C, 0xC1, 0x0C, 0xBE, 0x5A, 0xBF, 0x5C, 0xB0, 0xB0, 0xB0, 0xB0
	.byte 0xB0, 0xB0, 0xB0, 0xB0, 0xB0, 0xB0, 0xB0, 0xB0, 0xB0, 0xB0, 0xB0, 0xB0, 0xB0, 0xB0, 0xB0, 0xB0
	.byte 0xB0, 0xB0, 0xB0, 0xB0, 0xB0, 0xB0, 0xB0, 0xA0, 0x5E, 0xA0, 0xBE, 0x38, 0xBF, 0x23, 0x8C, 0xD5
	.byte 0x53, 0x70, 0x8C, 0x5F, 0x8C, 0x5D, 0x8C, 0x5B, 0x8C, 0x5A, 0x8C, 0x5D, 0x8C, 0x56, 0x8C, 0xBE
	.byte 0x39, 0xBF, 0x20, 0xD2, 0x47, 0x64, 0x83, 0x4A, 0x68, 0x83, 0x4F, 0x83, 0x51, 0x83, 0xBF, 0x28
	.byte 0xD2, 0x4A, 0x83, 0x4F, 0x83, 0x51, 0x83, 0x53, 0x83, 0xBF, 0x30, 0xD2, 0x4F, 0x83, 0x51, 0x83
	.byte 0x53, 0x83, 0x56, 0x83, 0xBF, 0x30, 0xD2, 0x51, 0x83, 0x53, 0x5C, 0x83, 0x56, 0x60, 0x83, 0x5A
	.byte 0x83, 0xBF, 0x5A, 0xD2, 0x5F, 0x64, 0x83, 0x5D, 0x60, 0x83, 0x5B, 0x83, 0x56, 0x83, 0xBF, 0x50
	.byte 0xD2, 0x5B, 0x83, 0x56, 0x83, 0x53, 0x5C, 0x83, 0x51, 0x83, 0xBE, 0x39, 0xBF, 0x49, 0xD5, 0x53
	.byte 0x58, 0x86, 0x52, 0x54, 0x86, 0xBF, 0x33, 0xD5, 0x53, 0x86, 0x56, 0x70, 0x86, 0xBF, 0x20, 0x8C
	.byte 0xD5, 0x53, 0x8C, 0x5D, 0x8C, 0x5B, 0x8C, 0x5A, 0x8C, 0x5B, 0x8C, 0x5A, 0x8C, 0x56, 0x8C, 0x5B
	.byte 0x86, 0x5A, 0x86, 0xDB, 0x5B, 0x8C, 0xBE, 0x39, 0xD2, 0x4A, 0x60, 0x83, 0x4F, 0x58, 0x83, 0x53
	.byte 0x83, 0x56, 0x83, 0x4F, 0x83, 0x53, 0x83, 0x56, 0x83, 0x5A, 0x83, 0xBF, 0x27, 0xD2, 0x53, 0x83
	.byte 0x56, 0x83, 0x5A, 0x83, 0x5B, 0x83, 0xBF, 0x36, 0xD2, 0x56, 0x83, 0x5A, 0x83, 0x5B, 0x83, 0x5D
	.byte 0x5C, 0x83, 0xBF, 0x58, 0xD2, 0x5F, 0x60, 0x83, 0x5D, 0x83, 0x5B, 0x58, 0x83, 0x56, 0x83, 0xBF
	.byte 0x42, 0xD2, 0x5D, 0x83, 0x5B, 0x83, 0x56, 0x83, 0x53, 0x83, 0xBF, 0x20, 0xBE, 0x39, 0xDB, 0x51
	.byte 0x70, 0x8C, 0xD5, 0x54, 0x8C, 0x5D, 0x8C, 0x5B, 0x8C, 0x5A, 0x8C, 0x5B, 0x8C, 0x5A, 0x8C, 0x58
	.byte 0x8C, 0x54, 0x86, 0x53, 0x86, 0xDB, 0x54, 0x9C, 0xBE, 0x39, 0xBF, 0x5A, 0xD2, 0x60, 0x5C, 0x83
	.byte 0x5D, 0x54, 0x83, 0x5A, 0x83, 0x58, 0x83, 0x5D, 0x83, 0x5A, 0x83, 0x58, 0x83, 0x54, 0x83, 0xBF
	.byte 0x48, 0xD2, 0x5A, 0x83, 0x58, 0x83, 0xBF, 0x30, 0xD2, 0x54, 0x83, 0x51, 0x83, 0xBF, 0x1F, 0xD2
	.byte 0x58, 0x83, 0x54, 0x60, 0x83, 0x51, 0x83, 0x4E, 0x83, 0xBE, 0x39, 0xD5, 0x51, 0x70, 0x8C, 0x4F
	.byte 0x8C, 0x51, 0x8C, 0x54, 0x8C, 0x51, 0x8C, 0x54, 0x8C, 0x5D, 0x8C, 0x5B, 0x8C, 0xBD, 0x2E, 0xBE
	.byte 0x39, 0xD2, 0x4A, 0x83, 0x4E, 0x83, 0x51, 0x83, 0x54, 0x83, 0xDB, 0x56, 0x9C, 0xBF, 0x19, 0xD2
	.byte 0x3E, 0x83, 0x42, 0x83, 0x45, 0x83, 0x48, 0x83, 0xBF, 0x2B, 0xD2, 0x4A, 0x83, 0x4E, 0x83, 0x51
	.byte 0x83, 0x54, 0x83, 0xBF, 0x6A, 0xD2, 0x56, 0x83, 0x54, 0x83, 0x51, 0x83, 0x4E, 0x83, 0xBF, 0x59
	.byte 0xD2, 0x4A, 0x83, 0x48, 0x83, 0xBF, 0x47, 0xD2, 0x45, 0x83, 0x42, 0x83, 0xB0, 0xB0, 0xB0, 0xBE
	.byte 0x3E, 0xBF, 0x20, 0xD5, 0x4F, 0x60, 0x86, 0x47, 0x48, 0x86, 0x4C, 0x86, 0x4F, 0x86, 0xBF, 0x30
	.byte 0xD5, 0x53, 0x54, 0x86, 0x4C, 0x48, 0x86, 0xBF, 0x39, 0xD5, 0x4F, 0x86, 0x53, 0x86, 0xBF, 0x60
	.byte 0xD3, 0x5B, 0x5C, 0x84, 0x58, 0x58, 0x84, 0x53, 0x50, 0x84, 0x58, 0x84, 0x53, 0x4C, 0x84, 0x4F
	.byte 0x48, 0x84, 0xBF, 0x4F, 0xD3, 0x53, 0x58, 0x84, 0x4F, 0x54, 0x84, 0x4C, 0x50, 0x84, 0xBF, 0x40
	.byte 0xD3, 0x4F, 0x48, 0x84, 0x4C, 0x84, 0x47, 0x40, 0x84, 0xB0, 0xB0, 0xBD, 0x30, 0xB0, 0x2F, 0xBE
	.byte 0x3E, 0xBF, 0x40, 0xA0, 0xBE, 0x58, 0xD3, 0x32, 0x38, 0x84, 0xD3, 0x84, 0xD3, 0x84, 0xD3, 0x84
	.byte 0xD3, 0x84, 0xD3, 0x84, 0x32, 0x3C, 0x84, 0x32, 0x48, 0x84, 0x32, 0x58, 0x84, 0x32, 0x6C, 0x84
	.byte 0x32, 0x70, 0x84, 0x32, 0x74, 0x84, 0xBE, 0x58, 0xDE, 0x2B, 0x70, 0x9C, 0xD1, 0x2B, 0x38, 0x84
	.byte 0xD1, 0x84, 0xD1, 0x84, 0xDD, 0x2A, 0x48, 0x9C, 0xD1, 0x2A, 0x34, 0x84, 0x2A, 0x30, 0x84, 0x2A
	.byte 0x34, 0x84, 0xD3, 0x29, 0x40, 0x98, 0x28, 0x28, 0x8C, 0x29, 0x8C, 0x28, 0x8C, 0x27, 0x8C, 0xBE
	.byte 0x58, 0xD3, 0x28, 0x8C, 0xD5, 0x34, 0x70, 0x8C, 0xE7, 0x2D, 0x9C, 0xD3, 0x30, 0x28, 0x84, 0x2F
	.byte 0x88, 0xE7, 0x2C, 0x9C, 0xD3, 0x2F, 0x84, 0x30, 0x88, 0x32, 0x3C, 0x98, 0x30, 0x28, 0x98, 0xBD
	.byte 0x2F, 0xD3, 0x32, 0x38, 0x84, 0xD3, 0x84, 0xD3, 0x84, 0xD3, 0x84, 0xD3, 0x84, 0xD3, 0x84, 0x32
	.byte 0x3C, 0x84, 0x32, 0x48, 0x84, 0x32, 0x58, 0x84, 0x32, 0x6C, 0x84, 0x32, 0x70, 0x84, 0x32, 0x74
	.byte 0x84, 0xBE, 0x64, 0xBF, 0x40, 0xE7, 0x2B, 0x70, 0x9C, 0xD1, 0x2B, 0x50, 0x84, 0xD1, 0x84, 0xD1
	.byte 0x84, 0xE7, 0x2A, 0x70, 0x9C, 0xD1, 0x2A, 0x50, 0x84, 0xD1, 0x84, 0xD1, 0x84, 0xE7, 0x29, 0x70
	.byte 0xA0, 0xD7, 0x2F, 0x60, 0x8C, 0xDB, 0x28, 0x70, 0x8C, 0xD5, 0x2F, 0x50, 0x86, 0x2F, 0x70, 0x86
	.byte 0xDB, 0x28, 0x8C, 0xEF, 0x2D, 0x7C, 0xA0, 0xD3, 0x32, 0x68, 0x8C, 0x2D, 0x54, 0x8C, 0x32, 0x70
	.byte 0x8C, 0xDB, 0x2D, 0x5C, 0x8C, 0xBD, 0x2F, 0xBE, 0x64, 0xBF, 0x28, 0xD5, 0x37, 0x70, 0x8C, 0xD1
	.byte 0x32, 0x50, 0x84, 0xD1, 0x84, 0xD1, 0x84, 0xBF, 0x5A, 0xD5, 0x35, 0x70, 0x8C, 0xD1, 0x32, 0x50
	.byte 0x84, 0xD1, 0x84, 0xD1, 0x84, 0xBF, 0x29, 0xD5, 0x32, 0x70, 0x8C, 0xD1, 0x32, 0x50, 0x84, 0xD1
	.byte 0x84, 0xD1, 0x84, 0xBF, 0x40, 0xD1, 0x2B, 0x84, 0xD1, 0x84, 0x2B, 0x54, 0x84, 0x2B, 0x60, 0x84
	.byte 0x2B, 0x6C, 0x84, 0x2B, 0x7C, 0x84, 0xBD, 0x01, 0xBE, 0x31, 0xBF, 0x20, 0xD5, 0x3C, 0x70, 0x86
	.byte 0x43, 0x86, 0x4C, 0x86, 0x4A, 0x86, 0xD2, 0x48, 0x83, 0x4A, 0x83, 0xD5, 0x48, 0x86, 0x47, 0x86
	.byte 0x43, 0x86, 0x40, 0x86, 0x3E, 0x86, 0x40, 0x86, 0x41, 0x86, 0x43, 0x86, 0x47, 0x86, 0x48, 0x86
	.byte 0x4A, 0x86, 0x3B, 0x86, 0x40, 0x86, 0x47, 0x86, 0x4A, 0x86, 0x48, 0x86, 0x47, 0x86, 0x4A, 0x86
	.byte 0x43, 0x86, 0x3B, 0x86, 0x40, 0x86, 0x47, 0x86, 0x4A, 0x86, 0x48, 0x86, 0x47, 0x86, 0x45, 0x86
	.byte 0x43, 0x86, 0x3A, 0x86, 0x39, 0x86, 0x3A, 0x86, 0x3E, 0x86, 0x41, 0x86, 0x40, 0x86, 0x41, 0x86
	.byte 0x46, 0x86, 0xD2, 0x4D, 0x83, 0x4F, 0x83, 0xD5, 0x4D, 0x86, 0x4C, 0x86, 0x4A, 0x86, 0x48, 0x86
	.byte 0x47, 0x86, 0x4A, 0x86, 0x43, 0x86, 0xD2, 0x51, 0x83, 0x52, 0x83, 0xD5, 0x51, 0x86, 0x4F, 0x86
	.byte 0x4D, 0x86, 0xD2, 0x4C, 0x83, 0x4D, 0x83, 0xD5, 0x4C, 0x86, 0x4A, 0x86, 0x49, 0x86, 0x45, 0x86
	.byte 0x43, 0x86, 0x49, 0x86, 0x45, 0x86, 0x4C, 0x86, 0x49, 0x86, 0x51, 0x86, 0x4C, 0x86, 0x45, 0x86
	.byte 0x48, 0x86, 0x47, 0x86, 0x48, 0x86, 0x4D, 0x86, 0xD5, 0x86, 0x4C, 0x86, 0x4D, 0x86, 0xD2, 0x4F
	.byte 0x83, 0x51, 0x83, 0xD5, 0x4F, 0x86, 0x4D, 0x86, 0x4C, 0x86, 0xD2, 0x4D, 0x83, 0x4F, 0x83, 0xD5
	.byte 0x4D, 0x86, 0x4C, 0x86, 0x4A, 0x86, 0x49, 0x86, 0x45, 0x86, 0x49, 0x86, 0x4C, 0x86, 0x51, 0x86
	.byte 0x52, 0x86, 0x51, 0x86, 0x4C, 0x86, 0x4D, 0x86, 0x4F, 0x86, 0x4D, 0x86, 0x4C, 0x86, 0xD2, 0x49
	.byte 0x83, 0x4C, 0x83, 0xD5, 0x49, 0x86, 0x45, 0x86, 0x40, 0x86, 0x3B, 0x86, 0x3E, 0x86, 0x43, 0x86
	.byte 0x47, 0x86, 0x43, 0x86, 0x47, 0x86, 0x4A, 0x86, 0x4F, 0x86, 0xD2, 0x53, 0x83, 0x56, 0x83, 0xD5
	.byte 0x53, 0x86, 0x4F, 0x86, 0x4A, 0x86, 0xD2, 0x4F, 0x83, 0x53, 0x83, 0xD5, 0x4F, 0x86, 0x4A, 0x86
	.byte 0x47, 0x86, 0xBD, 0x0E, 0xEF, 0x45, 0xA0, 0x40, 0xA0, 0x43, 0xA0, 0x3E, 0xA0, 0xF7, 0x40, 0x70
	.byte 0xA8, 0xE7, 0x3E, 0x98, 0xB4, 0xB3, 0xF5, 0x8F, 0x8B, 0x08, 0xF7, 0x40, 0x70, 0xB0, 0xBD, 0x30
	.byte 0xBE, 0x06, 0xCF, 0x45, 0x88, 0xBE, 0x07, 0x86, 0x09, 0x86, 0x0A, 0x86, 0x0B, 0x83, 0x0C, 0x87
	.byte 0x0E, 0x82, 0x0F, 0x83, 0x11, 0x87, 0x12, 0x82, 0x13, 0x86, 0x15, 0x86, 0x16, 0x83, 0x1A, 0x87
	.byte 0x1C, 0x82, 0x20, 0x83, 0x23, 0x83, 0x25, 0x86, 0x28, 0x83, 0x29, 0x83, 0x2C, 0x84, 0x82, 0x2F
	.byte 0x83, 0x30, 0x83, 0x32, 0x84, 0x33, 0x82, 0x35, 0x83, 0x38, 0x83, 0x3B, 0x86, 0x3E, 0x83, 0x40
	.byte 0x83, 0x42, 0x84, 0x45, 0x82, 0x46, 0x86, 0x49, 0x84, 0x4A, 0x82, 0x4B, 0x83, 0x4E, 0x83, 0x4F
	.byte 0x86, 0x51, 0x83, 0x53, 0x83, 0x55, 0x84, 0x55, 0x98, 0xCE, 0xBD, 0x2F, 0xBE, 0x64, 0xE7, 0x2D
	.byte 0xB0, 0xB1

	.globl SongTrack_MUS_CREDITS_06
SongTrack_MUS_CREDITS_06: @ 0x088B906A
	@ M4A track start proven by song header pointer
	.byte 0xBC, 0x00, 0xBD, 0x04, 0xC2, 0x2C, 0xCD, 0x08, 0x12, 0x08, 0x10, 0xC1, 0x0C, 0xBF, 0x03, 0xBE
	.byte 0x2C, 0xB0, 0xB0, 0xB0, 0xB0, 0xBE, 0x1E, 0x8C, 0xE7, 0x3E, 0x70, 0x98, 0xE7, 0x98, 0xE7, 0x98
	.byte 0xE7, 0x8C, 0xB4, 0x8C, 0xE7, 0x3E, 0x70, 0x98, 0xE7, 0x98, 0xE7, 0x98, 0xE7, 0x8C, 0xB4, 0xB3
	.byte 0x8D, 0x90, 0x8B, 0x08, 0x8C, 0xE7, 0x3B, 0x70, 0x98, 0xE7, 0x98, 0xE7, 0x98, 0xE7, 0x8C, 0x8C
	.byte 0xE7, 0x40, 0x70, 0x98, 0xE7, 0x98, 0xE7, 0x98, 0xE7, 0x8C, 0xB4, 0xB3, 0xA9, 0x90, 0x8B, 0x08
	.byte 0x8C, 0xE7, 0x42, 0x70, 0x98, 0xE7, 0x98, 0xE7, 0x98, 0xDB, 0x8C, 0xBE, 0x0A, 0xEF, 0x3E, 0x86
	.byte 0xBE, 0x0A, 0x82, 0x0C, 0x84, 0x0F, 0x82, 0x14, 0x83, 0x18, 0x83, 0x1D, 0x84, 0x21, 0x82, 0x28
	.byte 0x83, 0x30, 0x83, 0x34, 0x84, 0x35, 0x82, 0x39, 0x83, 0x3D, 0x83, 0x3E, 0x84, 0x0A, 0xEF, 0x45
	.byte 0x83, 0xBE, 0x0B, 0x82, 0x10, 0x83, 0x17, 0x84, 0x1B, 0x82, 0x1F, 0x83, 0x24, 0x83, 0x29, 0x84
	.byte 0x30, 0x82, 0x31, 0x83, 0x38, 0x83, 0x3D, 0x84, 0x3E, 0x8C, 0xB3, 0x7F, 0x90, 0x8B, 0x08, 0xB3
	.byte 0x8D, 0x90, 0x8B, 0x08, 0x8C, 0xE7, 0x3E, 0x70, 0x98, 0xE7, 0x98, 0xE7, 0x98, 0xDB, 0x8C, 0xD5
	.byte 0x47, 0x8C, 0xE7, 0x98, 0xE7, 0x98, 0xE7, 0x98, 0xE7, 0x8C, 0x8C, 0xE7, 0x4C, 0x70, 0x98, 0xE7
	.byte 0x98, 0xE7, 0x98, 0xE7, 0x8C, 0xB4, 0xB3, 0x24, 0x91, 0x8B, 0x08, 0x8C, 0xE7, 0x4E, 0x70, 0x98
	.byte 0xE7, 0x98, 0xE7, 0x98, 0xDB, 0x8C, 0xB0, 0x3E, 0x8C, 0xE7, 0x98, 0xDB, 0x8C, 0xDB, 0x8C, 0xE7
	.byte 0x98, 0xDB, 0x8C, 0x44, 0x8C, 0xE7, 0x98, 0xDB, 0x8C, 0xDB, 0x8C, 0xE7, 0x98, 0xDB, 0x8C, 0x40
	.byte 0x8C, 0xE7, 0x98, 0xDB, 0x8C, 0xDB, 0x8C, 0xE7, 0x98, 0xDB, 0x8C, 0x45, 0x8C, 0xE7, 0x98, 0xDB
	.byte 0x8C, 0xDB, 0x8C, 0xE7, 0x98, 0xDB, 0x8C, 0x4A, 0x8C, 0xE7, 0x98, 0xDB, 0x8C, 0xDB, 0x8C, 0xE7
	.byte 0x98, 0xDB, 0x8C, 0x50, 0x8C, 0xE7, 0x98, 0xDB, 0x8C, 0xDB, 0x8C, 0xE7, 0x98, 0xDB, 0x8C, 0x4C
	.byte 0x8C, 0xE7, 0x98, 0xDB, 0x8C, 0x45, 0x8C, 0xE7, 0x98, 0xDB, 0x8C, 0x43, 0x8C, 0xE7, 0x98, 0xDB
	.byte 0x8C, 0xDB, 0x8C, 0xE7, 0x98, 0xDB, 0x51, 0x83, 0xBE, 0x25, 0x89, 0xBD, 0x04, 0xBE, 0x25, 0xD2
	.byte 0x50, 0x83, 0xEE, 0x4F, 0x95, 0xC4, 0x07, 0x98, 0xE7, 0x4E, 0x98, 0xC4, 0x00, 0xDB, 0x4A, 0x8C
	.byte 0xD5, 0x43, 0x86, 0x47, 0x86, 0xE7, 0x4A, 0x98, 0x4C, 0x98, 0x4E, 0x98, 0xDB, 0x4F, 0x8C, 0xD5
	.byte 0x4E, 0x86, 0x4D, 0x86, 0x4F, 0x86, 0x4E, 0x86, 0xEB, 0x4F, 0x8C, 0xC4, 0x07, 0x98, 0x00, 0xE7
	.byte 0x51, 0x98, 0xDE, 0x4F, 0x8C, 0xC4, 0x00, 0x86, 0xD2, 0x4C, 0x86, 0x4D, 0x83, 0x4C, 0x83, 0xD5
	.byte 0x4B, 0x86, 0xEB, 0x4C, 0x8C, 0xC4, 0x07, 0x98, 0x00, 0xE7, 0x4B, 0x98, 0xC4, 0x00, 0xE7, 0x4C
	.byte 0x98, 0xEB, 0x4F, 0x8C, 0xC4, 0x07, 0x98, 0x00, 0xD5, 0x4E, 0x86, 0x4F, 0x86, 0xD2, 0x50, 0x83
	.byte 0xEE, 0x4F, 0x95, 0xC4, 0x07, 0x98, 0x00, 0xE7, 0x4E, 0x98, 0x4F, 0x98, 0x51, 0x98, 0xDB, 0x54
	.byte 0x8C, 0xD2, 0x53, 0x60, 0x83, 0x52, 0x83, 0x51, 0x83, 0x50, 0x83, 0xD5, 0x51, 0x70, 0x86, 0x50
	.byte 0x86, 0x4E, 0x86, 0x4F, 0x86, 0xD2, 0x52, 0x83, 0xF6, 0x51, 0x95, 0xC4, 0x07, 0xA0, 0x00, 0xEF
	.byte 0x3E, 0x8F, 0xBE, 0x2D, 0x82, 0x2C, 0x83, 0x29, 0x83, 0x28, 0x83, 0x25, 0x83, 0x23, 0x83, 0x20
	.byte 0x83, 0x1D, 0x83, 0x1B, 0x83, 0x18, 0x83, 0x16, 0x84, 0x28, 0xDB, 0x3C, 0x8C, 0x3B, 0x8C, 0x39
	.byte 0x8C, 0x32, 0x8C, 0xBD, 0x44, 0xBE, 0x28, 0xD5, 0x2B, 0x86, 0x32, 0x86, 0x31, 0x86, 0x32, 0x86
	.byte 0x37, 0x86, 0x32, 0x86, 0x2F, 0x86, 0x32, 0x86, 0x3B, 0x86, 0x37, 0x86, 0x32, 0x86, 0x37, 0x86
	.byte 0x3E, 0x86, 0x3B, 0x86, 0x3A, 0x86, 0x3B, 0x86, 0x37, 0x86, 0x39, 0x86, 0x37, 0x86, 0x36, 0x86
	.byte 0x34, 0x86, 0x36, 0x86, 0x34, 0x86, 0x32, 0x86, 0x30, 0x86, 0x32, 0x86, 0x30, 0x86, 0x2F, 0x86
	.byte 0x2B, 0x86, 0x2F, 0x86, 0x32, 0x86, 0x37, 0x86, 0x3B, 0x86, 0x39, 0x86, 0x37, 0x86, 0x39, 0x86
	.byte 0x3B, 0x86, 0x39, 0x86, 0x37, 0x86, 0x32, 0x86, 0x37, 0x86, 0x39, 0x86, 0x37, 0x86, 0x36, 0x86
	.byte 0x37, 0x86, 0x36, 0x86, 0x37, 0x86, 0x39, 0x86, 0x3B, 0x86, 0x3C, 0x86, 0x3E, 0x86, 0x37, 0x86
	.byte 0x36, 0x86, 0x37, 0x86, 0x3B, 0x86, 0x32, 0x86, 0xD2, 0x34, 0x86, 0xD2, 0x86, 0xD5, 0x33, 0x86
	.byte 0x34, 0x86, 0x37, 0x86, 0x39, 0x86, 0x3B, 0x86, 0x3C, 0x86, 0x37, 0x86, 0x40, 0x86, 0x3E, 0x86
	.byte 0x3C, 0x86, 0x3B, 0x86, 0x3C, 0x86, 0x3B, 0x86, 0x37, 0x86, 0x34, 0x86, 0x36, 0x86, 0x37, 0x86
	.byte 0x34, 0x86, 0x36, 0x86, 0x37, 0x86, 0x39, 0x86, 0x3C, 0x86, 0x3E, 0x86, 0x3C, 0x86, 0x3B, 0x86
	.byte 0x3E, 0x86, 0x3C, 0x86, 0x3B, 0x86, 0x39, 0x86, 0x3C, 0x86, 0x3B, 0x86, 0x39, 0x86, 0x37, 0x86
	.byte 0x3B, 0x86, 0xD8, 0x39, 0x86, 0xD5, 0x37, 0x86, 0x36, 0x86, 0x39, 0x86, 0x86, 0x36, 0x86, 0x34
	.byte 0x86, 0x36, 0x86, 0x32, 0x86, 0x36, 0x86, 0x39, 0x86, 0x3C, 0x86, 0x39, 0x86, 0x3E, 0x86, 0x3D
	.byte 0x86, 0x3E, 0x92, 0x3C, 0x86, 0x3E, 0x86, 0xE1, 0x42, 0xB0, 0xBD, 0x54, 0xEA, 0x43, 0x8C, 0xC4
	.byte 0x08, 0x92, 0x00, 0x86, 0xD3, 0x84, 0x43, 0x60, 0x84, 0xD3, 0x84, 0xEA, 0x42, 0x70, 0x8C, 0xC4
	.byte 0x08, 0x98, 0x00, 0xD3, 0x84, 0x42, 0x60, 0x84, 0xD3, 0x84, 0xE7, 0x44, 0x70, 0x8C, 0xC4, 0x08
	.byte 0x8C, 0x00, 0xD2, 0x40, 0x83, 0x42, 0x83, 0xD5, 0x40, 0x86, 0x3E, 0x86, 0x38, 0x86, 0x3B, 0x86
	.byte 0x39, 0x86, 0x38, 0x86, 0x39, 0x86, 0x3B, 0x86, 0x40, 0x86, 0x44, 0x86, 0x47, 0x86, 0xB0, 0xB0
	.byte 0xE9, 0x43, 0x8C, 0xC4, 0x08, 0x92, 0x00, 0xDB, 0x48, 0x8C, 0xD5, 0x4A, 0x86, 0xEB, 0x42, 0x8C
	.byte 0xC4, 0x08, 0x98, 0x00, 0xD5, 0x48, 0x86, 0x4A, 0x86, 0xEB, 0x41, 0x8C, 0xC4, 0x08, 0x98, 0x00
	.byte 0xD5, 0x48, 0x86, 0x4A, 0x86, 0x48, 0x86, 0x47, 0x86, 0x45, 0x86, 0x44, 0x86, 0x45, 0x86, 0x47
	.byte 0x86, 0x48, 0x86, 0x4A, 0x86, 0xB0, 0xB0, 0xBD, 0x44, 0xBF, 0x02, 0x8C, 0xDB, 0x43, 0x74, 0x8C
	.byte 0xBF, 0x7F, 0xDB, 0x4C, 0x58, 0x8C, 0xBF, 0x02, 0xDB, 0x43, 0x70, 0x8C, 0xBF, 0x7F, 0xDB, 0x4A
	.byte 0x54, 0x8C, 0xBF, 0x02, 0xDB, 0x43, 0x70, 0x8C, 0xBF, 0x7F, 0xDB, 0x4C, 0x58, 0x8C, 0xBF, 0x02
	.byte 0xDB, 0x43, 0x70, 0x8C, 0xBF, 0x02, 0x8C, 0xDB, 0x8C, 0xBF, 0x7F, 0xDB, 0x4C, 0x5C, 0x8C, 0xBF
	.byte 0x02, 0xDB, 0x43, 0x70, 0x8C, 0xBF, 0x7F, 0xDB, 0x4A, 0x5C, 0x8C, 0xBF, 0x02, 0xDB, 0x43, 0x70
	.byte 0x8C, 0xBF, 0x7F, 0xDB, 0x4C, 0x5C, 0x8C, 0xBF, 0x02, 0xDB, 0x43, 0x70, 0x8C, 0xBF, 0x02, 0x8C
	.byte 0xDB, 0x8C, 0xBF, 0x7F, 0xDB, 0x4F, 0x60, 0x8C, 0xBF, 0x02, 0xDB, 0x43, 0x70, 0x8C, 0xBF, 0x7F
	.byte 0xDB, 0x4D, 0x60, 0x8C, 0xBF, 0x02, 0xDB, 0x43, 0x70, 0x8C, 0xBF, 0x7F, 0xDB, 0x4C, 0x60, 0x8C
	.byte 0xBF, 0x02, 0xDB, 0x43, 0x70, 0x8C, 0xBF, 0x02, 0x8C, 0xDB, 0x45, 0x8C, 0xBF, 0x7F, 0xDB, 0x51
	.byte 0x60, 0x8C, 0xBF, 0x02, 0xDB, 0x45, 0x70, 0x8C, 0xBF, 0x7F, 0xDB, 0x4F, 0x60, 0x8C, 0xBF, 0x02
	.byte 0xDB, 0x45, 0x70, 0x8C, 0xBF, 0x7F, 0xDB, 0x4C, 0x5C, 0x8C, 0xBF, 0x02, 0xDB, 0x45, 0x70, 0x8C
	.byte 0xBF, 0x02, 0x8F, 0xDB, 0x89, 0xBF, 0x7F, 0xDB, 0x4D, 0x60, 0x8C, 0xBF, 0x02, 0xDB, 0x45, 0x70
	.byte 0x8C, 0xBF, 0x7F, 0xDB, 0x4C, 0x60, 0x8C, 0xBF, 0x02, 0xDB, 0x45, 0x70, 0x8C, 0xBF, 0x7F, 0xDB
	.byte 0x4D, 0x5C, 0x8C, 0xBF, 0x02, 0xDB, 0x45, 0x70, 0x8C, 0xBF, 0x02, 0x8F, 0xDB, 0x89, 0xBF, 0x7F
	.byte 0xDB, 0x4D, 0x58, 0x8C, 0xBF, 0x02, 0xDB, 0x45, 0x70, 0x8C, 0xBF, 0x7F, 0xDB, 0x4C, 0x5C, 0x8C
	.byte 0xBF, 0x02, 0xDB, 0x45, 0x70, 0x8C, 0xBF, 0x7F, 0xDB, 0x4D, 0x5C, 0x8C, 0xBF, 0x02, 0xDB, 0x45
	.byte 0x70, 0x8C, 0xBF, 0x02, 0x8C, 0xDB, 0x43, 0x8C, 0xBF, 0x7F, 0xDB, 0x4A, 0x8C, 0xBF, 0x02, 0xDB
	.byte 0x43, 0x8C, 0xBF, 0x7F, 0x8C, 0x02, 0xDB, 0x3E, 0x8C, 0xBF, 0x7F, 0xDB, 0x47, 0x8C, 0xBF, 0x02
	.byte 0xDB, 0x3E, 0x8C, 0xBD, 0x04, 0xBE, 0x25, 0x8C, 0xDB, 0x31, 0x8C, 0x34, 0x8C, 0x39, 0x8C, 0x3D
	.byte 0x8C, 0x40, 0x8C, 0x45, 0x8C, 0x40, 0x86, 0xC4, 0x06, 0x86, 0x00, 0x8C, 0xDB, 0x2F, 0x8C, 0x32
	.byte 0x8C, 0x37, 0x8C, 0x3B, 0x8C, 0x3E, 0x8C, 0x43, 0x8C, 0x47, 0x86, 0xC4, 0x06, 0x86, 0xC4, 0x00
	.byte 0x8C, 0xDB, 0x31, 0x70, 0x8C, 0x34, 0x8C, 0x39, 0x8C, 0x3D, 0x8C, 0x40, 0x8C, 0x45, 0x8C, 0x40
	.byte 0x86, 0xC4, 0x06, 0x86, 0xB4, 0xB3, 0x08, 0x95, 0x8B, 0x08, 0xB3, 0x08, 0x95, 0x8B, 0x08, 0xBD
	.byte 0x51, 0xBE, 0x05, 0xC4, 0x00, 0xCF, 0x34, 0x70, 0x82, 0xBE, 0x06, 0xA3, 0x82, 0x07, 0x94, 0x07
	.byte 0x89, 0x08, 0x87, 0x0A, 0x82, 0x0B, 0x83, 0x0E, 0x83, 0x10, 0x84, 0x12, 0x82, 0x16, 0x83, 0x18
	.byte 0x83, 0x1C, 0x84, 0x1D, 0x82, 0x1F, 0x83, 0x21, 0x83, 0x22, 0x84, 0x24, 0x82, 0x29, 0x83, 0x2E
	.byte 0x83, 0x2F, 0x84, 0x32, 0x82, 0x36, 0x83, 0x3B, 0x83, 0x42, 0x84, 0x4B, 0x82, 0x51, 0x83, 0x54
	.byte 0x83, 0x58, 0x99, 0xCE, 0xB0, 0xB1

	.globl SongTrack_MUS_CREDITS_07
SongTrack_MUS_CREDITS_07: @ 0x088B9570
	@ M4A track start proven by song header pointer
	.byte 0xBC, 0x00, 0xBD, 0x05, 0xC2, 0x2C, 0xCD, 0x08, 0x12, 0x08, 0x10, 0xC1, 0x0C, 0xBF, 0x7F, 0xBE
	.byte 0x2B, 0xB0, 0xB0, 0xB0, 0xB0, 0xBE, 0x1E, 0xE7, 0x43, 0x70, 0x98, 0xE7, 0x98, 0x42, 0x98, 0x43
	.byte 0x98, 0xB4, 0xE7, 0x43, 0x70, 0x98, 0xE7, 0x98, 0x45, 0x98, 0x42, 0x98, 0xB4, 0xE7, 0x43, 0x70
	.byte 0x98, 0xE7, 0x98, 0x42, 0x98, 0x43, 0x98, 0xB4, 0x40, 0x98, 0xE7, 0x98, 0x42, 0x98, 0x40, 0x98
	.byte 0xE7, 0x45, 0x70, 0x98, 0xE7, 0x98, 0x44, 0x98, 0x45, 0x98, 0xB4, 0xB3, 0xB0, 0x95, 0x8B, 0x08
	.byte 0xE7, 0x45, 0x70, 0x98, 0xE7, 0x98, 0xE7, 0x98, 0xE7, 0x98, 0xBE, 0x0A, 0xEF, 0x42, 0x86, 0xBE
	.byte 0x0A, 0x82, 0x0C, 0x84, 0x0F, 0x82, 0x14, 0x83, 0x18, 0x83, 0x1D, 0x84, 0x21, 0x82, 0x28, 0x83
	.byte 0x30, 0x83, 0x34, 0x84, 0x35, 0x82, 0x39, 0x83, 0x3D, 0x83, 0x3E, 0x84, 0x0A, 0xEF, 0x48, 0x83
	.byte 0xBE, 0x0B, 0x82, 0x10, 0x83, 0x17, 0x84, 0x1B, 0x82, 0x1F, 0x83, 0x24, 0x83, 0x29, 0x84, 0x30
	.byte 0x82, 0x31, 0x83, 0x38, 0x83, 0x3D, 0x84, 0x3E, 0x8C, 0xB3, 0x85, 0x95, 0x8B, 0x08, 0xB3, 0x92
	.byte 0x95, 0x8B, 0x08, 0xB3, 0x9D, 0x95, 0x8B, 0x08, 0xD5, 0x4C, 0x70, 0x98, 0xE7, 0x98, 0x4E, 0x98
	.byte 0x4C, 0x98, 0xE7, 0x51, 0x70, 0x98, 0xE7, 0x98, 0x50, 0x98, 0x51, 0x98, 0xB4, 0xB3, 0x22, 0x96
	.byte 0x8B, 0x08, 0xE7, 0x51, 0x70, 0x98, 0xE7, 0x98, 0xE7, 0x98, 0xE7, 0x98, 0xB0, 0xBE, 0x1F, 0xE7
	.byte 0x43, 0x98, 0xE7, 0x98, 0x42, 0x98, 0xE7, 0x98, 0x47, 0x98, 0xE7, 0x98, 0xE7, 0x98, 0xE7, 0x98
	.byte 0x45, 0x98, 0xE7, 0x98, 0x44, 0x98, 0xE7, 0x98, 0x48, 0x98, 0xE7, 0x98, 0xE7, 0x98, 0xE7, 0x98
	.byte 0x4F, 0x98, 0xE7, 0x98, 0x4E, 0x98, 0xE7, 0x98, 0x53, 0x98, 0xE7, 0x98, 0xE7, 0x98, 0xE7, 0x98
	.byte 0x51, 0x98, 0xE7, 0x98, 0x48, 0x98, 0xE7, 0x98, 0xE7, 0x98, 0x45, 0x98, 0x47, 0x98, 0x43, 0x98
	.byte 0xBD, 0x50, 0xBE, 0x29, 0xDB, 0x37, 0x8C, 0x32, 0x8C, 0x37, 0x8C, 0x39, 0x8C, 0xE7, 0x3B, 0x8C
	.byte 0xC4, 0x07, 0x8C, 0x00, 0xDB, 0x39, 0x8C, 0x37, 0x8C, 0xE7, 0x36, 0x98, 0x32, 0x98, 0x36, 0x98
	.byte 0x37, 0x98, 0xDB, 0x34, 0x8C, 0x2F, 0x8C, 0x34, 0x8C, 0x37, 0x8C, 0xE7, 0x3B, 0x8C, 0xC4, 0x07
	.byte 0x8C, 0x00, 0xDB, 0x39, 0x8C, 0x37, 0x8C, 0xE7, 0x34, 0x98, 0x36, 0x98, 0x37, 0x98, 0x3B, 0x8C
	.byte 0xC4, 0x07, 0x8C, 0x00, 0xDB, 0x39, 0x8C, 0x34, 0x8C, 0x39, 0x8C, 0x3B, 0x8C, 0xE7, 0x3C, 0x8C
	.byte 0xC4, 0x07, 0x8C, 0x00, 0xDB, 0x3B, 0x8C, 0x39, 0x8C, 0xE7, 0x36, 0x98, 0x37, 0x98, 0x39, 0x98
	.byte 0x3C, 0x8C, 0xC4, 0x07, 0x8C, 0x00, 0xDB, 0x36, 0x8C, 0x32, 0x8C, 0x36, 0x8C, 0x39, 0x8C, 0x32
	.byte 0x8C, 0x36, 0x8C, 0x39, 0x8C, 0x36, 0x8C, 0xEB, 0x32, 0x8C, 0xC4, 0x07, 0x83, 0xBE, 0x2D, 0x82
	.byte 0x29, 0x83, 0x25, 0x83, 0x24, 0x83, 0x1F, 0x83, 0x19, 0x83, 0x17, 0x84, 0xBD, 0x69, 0xBE, 0x25
	.byte 0xC4, 0x00, 0xD2, 0x48, 0x83, 0x47, 0x83, 0x45, 0x83, 0x44, 0x83, 0x43, 0x83, 0x45, 0x83, 0xD5
	.byte 0x43, 0x86, 0xDB, 0x42, 0x8C, 0x43, 0x8C, 0x45, 0x8C, 0xBE, 0x25, 0xEB, 0x43, 0x8C, 0xC4, 0x08
	.byte 0x98, 0x00, 0xD5, 0x42, 0x86, 0x43, 0x86, 0xE9, 0x47, 0x8C, 0xC4, 0x07, 0x92, 0x00, 0x86, 0xD2
	.byte 0x86, 0xD5, 0x43, 0x86, 0xE7, 0x4A, 0x98, 0x4C, 0x98, 0x4E, 0x98, 0xDB, 0x4F, 0x8C, 0xD5, 0x4E
	.byte 0x54, 0x86, 0x4C, 0x48, 0x86, 0x4A, 0x70, 0x86, 0x48, 0x86, 0x47, 0x86, 0x48, 0x86, 0xE1, 0x4A
	.byte 0x98, 0xE7, 0x98, 0xD5, 0x86, 0x4C, 0x86, 0x4A, 0x86, 0x48, 0x86, 0xEB, 0x47, 0x8C, 0xC4, 0x07
	.byte 0x98, 0x00, 0xD5, 0x45, 0x86, 0x43, 0x86, 0xD2, 0x86, 0xD2, 0x86, 0xD5, 0x42, 0x86, 0x43, 0x86
	.byte 0x45, 0x86, 0x47, 0x86, 0x48, 0x86, 0x4A, 0x86, 0xEA, 0x4F, 0x8C, 0xC4, 0x07, 0x98, 0x00, 0xD5
	.byte 0x4E, 0x86, 0x4F, 0x86, 0x48, 0x86, 0x47, 0x86, 0xE4, 0x48, 0x98, 0xD2, 0x86, 0xD2, 0x86, 0xE7
	.byte 0x4F, 0x98, 0x51, 0x98, 0x53, 0x8C, 0xC4, 0x07, 0x8C, 0x00, 0xD5, 0x54, 0x86, 0x53, 0x86, 0x51
	.byte 0x86, 0x4F, 0x86, 0xDB, 0x51, 0x8C, 0x4F, 0x8C, 0xE1, 0x4E, 0x92, 0xD2, 0x51, 0x86, 0xE7, 0x9C
	.byte 0xD5, 0x4A, 0x86, 0x4C, 0x86, 0xE1, 0x4E, 0xB0, 0xBD, 0x56, 0xBF, 0x40, 0xBE, 0x32, 0xEA, 0x2B
	.byte 0x9C, 0xD1, 0x84, 0xD1, 0x84, 0xD1, 0x84, 0xEA, 0x2A, 0x9C, 0xD1, 0x84, 0xD1, 0x84, 0xD1, 0x84
	.byte 0xE7, 0x29, 0x98, 0xDB, 0x28, 0x8C, 0x29, 0x8C, 0x28, 0x8C, 0x27, 0x8C, 0x28, 0x8C, 0x2C, 0x8C
	.byte 0xEB, 0x2D, 0x9C, 0xD5, 0x30, 0x86, 0x2F, 0x86, 0xEB, 0x2C, 0x9C, 0xD5, 0x2F, 0x86, 0x30, 0x86
	.byte 0xE7, 0x32, 0x98, 0x30, 0x60, 0x98, 0x2D, 0x6C, 0x98, 0xDB, 0x2A, 0x70, 0x8C, 0x26, 0x8C, 0xEA
	.byte 0x2B, 0x9C, 0xD1, 0x84, 0xD1, 0x84, 0xD1, 0x84, 0xEA, 0x2A, 0x9C, 0xD1, 0x84, 0xD1, 0x84, 0xD1
	.byte 0x84, 0xEB, 0x29, 0x9C, 0xDB, 0x8C, 0xEB, 0x28, 0x9C, 0xD5, 0x29, 0x86, 0x2B, 0x86, 0xEB, 0x2D
	.byte 0x9C, 0xD5, 0x86, 0xD5, 0x86, 0xDB, 0x32, 0x8C, 0x2D, 0x8C, 0x32, 0x8C, 0x36, 0x8C, 0xE7, 0x37
	.byte 0x98, 0x35, 0x98, 0x32, 0x98, 0xDB, 0x2B, 0x8C, 0x2F, 0x8C, 0xBF, 0x40, 0xBE, 0x22, 0xEB, 0x30
	.byte 0x9C, 0xD5, 0x8C, 0xEF, 0xA0, 0xEB, 0x2F, 0x9C, 0xD5, 0x8C, 0xEF, 0xA0, 0xEB, 0x2E, 0x9C, 0xD5
	.byte 0x8C, 0xEF, 0xA0, 0xEB, 0x2D, 0x9C, 0xD5, 0x8C, 0xEF, 0xA0, 0xEB, 0x32, 0x9C, 0xD5, 0x8C, 0xEF
	.byte 0xA0, 0xEB, 0x31, 0x9C, 0xD5, 0x8C, 0xEF, 0xA0, 0xEB, 0x2F, 0x9C, 0xD5, 0x8C, 0xEB, 0x37, 0x9C
	.byte 0xD5, 0x8C, 0xEB, 0x39, 0x70, 0x9C, 0xD5, 0x8C, 0xDB, 0x8C, 0x37, 0x8C, 0x35, 0x8C, 0x34, 0x8C
	.byte 0xB4, 0xEB, 0x37, 0x9C, 0xD5, 0x8C, 0xDB, 0x8C, 0x35, 0x8C, 0x34, 0x8C, 0x37, 0x8C, 0xB3, 0x82
	.byte 0x98, 0x8B, 0x08, 0xB3, 0x82, 0x98, 0x8B, 0x08, 0xB3, 0x82, 0x98, 0x8B, 0x08, 0xBD, 0x6D, 0xBE
	.byte 0x07, 0xCF, 0x51, 0x70, 0x82, 0xBE, 0x07, 0x9C, 0x07, 0x9A, 0x07, 0x86, 0x08, 0x83, 0x09, 0x83
	.byte 0x0A, 0x89, 0x0B, 0x83, 0x0B, 0x81, 0x0A, 0x83, 0x0A, 0x82, 0x0E, 0x86, 0x11, 0x84, 0x12, 0x82
	.byte 0x15, 0x83, 0x18, 0x83, 0x1D, 0x84, 0x1D, 0x82, 0x21, 0x83, 0x22, 0x83, 0x28, 0x84, 0x29, 0x82
	.byte 0x2C, 0x83, 0x31, 0x83, 0x36, 0x84, 0x39, 0x82, 0x3C, 0x83, 0x42, 0x83, 0x43, 0x84, 0x48, 0x82
	.byte 0x4A, 0x83, 0x4E, 0x83, 0x52, 0x84, 0x57, 0x98, 0xCE, 0xB0, 0xB1

	.globl SongTrack_MUS_CREDITS_08
SongTrack_MUS_CREDITS_08: @ 0x088B98FB
	@ M4A track start proven by song header pointer
	.byte 0xBC, 0x00, 0xBD, 0x00, 0xBF, 0x40, 0xBE, 0x46, 0xB0, 0xB0, 0xB0, 0xB0, 0xB0, 0xB0, 0xB0, 0xB0
	.byte 0xB0, 0xB0, 0xB0, 0xB0, 0xB0, 0xB0, 0xB0, 0xB0, 0xB0, 0xB0, 0xB0, 0xB0, 0xB0, 0xB0, 0xB0, 0xB0
	.byte 0xB0, 0xB0, 0xB0, 0xB0, 0xB0, 0xB0, 0xB0, 0xB0, 0xB0, 0xB0, 0xB0, 0xB0, 0xB0, 0xB0, 0xB0, 0xB0
	.byte 0xB0, 0xB0, 0xB0, 0xA0, 0xEF, 0x37, 0x60, 0xA0, 0x39, 0x70, 0xB0, 0xAC, 0xDB, 0x37, 0x4C, 0x8C
	.byte 0xEF, 0x39, 0x68, 0xB0, 0xAC, 0xDB, 0x37, 0x50, 0x8C, 0xEF, 0x39, 0x70, 0xB0, 0xAC, 0xDB, 0x37
	.byte 0x4C, 0x8C, 0xEF, 0x39, 0x70, 0xB0, 0xB0, 0xEF, 0xB0, 0xB0, 0xB0, 0xB0, 0xB0, 0xB0, 0xB0, 0xB0
	.byte 0xB0, 0xB0, 0xB0, 0xB0, 0xB0, 0xB0, 0xD5, 0x24, 0xB0, 0xB1

	.globl SongTrack_MUS_CREDITS_09
SongTrack_MUS_CREDITS_09: @ 0x088B9965
	@ M4A track start proven by song header pointer
	.byte 0xBC, 0x00, 0xBD, 0x52, 0xC2, 0x2C, 0xCD, 0x08, 0x12, 0x08, 0x10, 0xC1, 0x0C, 0xBF, 0x40, 0xBE
	.byte 0x25, 0xB0, 0xB0, 0xB0, 0xB0, 0xB0, 0xB0, 0xB0, 0xB0, 0xB0, 0xB0, 0xB0, 0xB0, 0xB0, 0xB0, 0xB0
	.byte 0xB0, 0xB0, 0xB0, 0xB0, 0xB0, 0xB0, 0xB0, 0xB0, 0xB0, 0xB0, 0xB0, 0xB0, 0xBD, 0x06, 0xA0, 0xBF
	.byte 0x40, 0xBE, 0x15, 0xC0, 0x41, 0x98, 0xDB, 0x4F, 0x70, 0x8C, 0x51, 0x8C, 0xD2, 0x54, 0x50, 0x83
	.byte 0xF6, 0x53, 0x70, 0x95, 0xC4, 0x05, 0xA0, 0x00, 0x8C, 0xD5, 0x4A, 0x86, 0x4F, 0x86, 0xE7, 0x51
	.byte 0x98, 0x53, 0x68, 0x98, 0x54, 0x98, 0xDB, 0x56, 0x8C, 0xD5, 0x55, 0x6C, 0x86, 0x54, 0x86, 0x53
	.byte 0x86, 0x51, 0x70, 0x86, 0xF7, 0x53, 0x98, 0xC4, 0x05, 0xA0, 0x00, 0x8C, 0xD2, 0x50, 0x60, 0x83
	.byte 0x4F, 0x70, 0x83, 0xD5, 0x4E, 0x86, 0xF3, 0x4F, 0x98, 0xC4, 0x05, 0x9C, 0x00, 0x95, 0xD2, 0x53
	.byte 0x83, 0xEB, 0x54, 0x98, 0xC4, 0x05, 0x8C, 0x00, 0xD5, 0x53, 0x86, 0x54, 0x86, 0xD2, 0x55, 0x50
	.byte 0x83, 0xEE, 0x54, 0x70, 0x95, 0xC4, 0x05, 0x98, 0x00, 0xE7, 0x53, 0x98, 0x54, 0x98, 0x56, 0x98
	.byte 0xDB, 0x58, 0x8C, 0xD2, 0x57, 0x54, 0x83, 0x56, 0x4C, 0x83, 0x55, 0x48, 0x83, 0x54, 0x83, 0xD5
	.byte 0x54, 0x70, 0x86, 0x53, 0x86, 0x51, 0x86, 0x53, 0x86, 0xD2, 0x55, 0x83, 0xF6, 0x54, 0x95, 0xC4
	.byte 0x05, 0xA0, 0xBD, 0x4A, 0xBE, 0x19, 0xC4, 0x00, 0x98, 0x83, 0xD2, 0x4A, 0x3C, 0x83, 0x4C, 0x83
	.byte 0x4E, 0x40, 0x83, 0x51, 0x83, 0x53, 0x44, 0x83, 0x54, 0x48, 0x83, 0x55, 0x83, 0xDB, 0x56, 0x70
	.byte 0x8C, 0xE1, 0x54, 0x92, 0xD5, 0x53, 0x86, 0x51, 0x86, 0x4F, 0x86, 0xEB, 0x53, 0x9C, 0xD5, 0x52
	.byte 0x50, 0x86, 0x53, 0x58, 0x86, 0xE9, 0x4A, 0x60, 0x9C, 0xD2, 0x4A, 0x4C, 0x86, 0xD5, 0x4A, 0x58
	.byte 0x86, 0xE7, 0x51, 0x70, 0x98, 0x53, 0x68, 0x98, 0x54, 0x64, 0x98, 0xDB, 0x56, 0x5C, 0x8C, 0xD5
	.byte 0x55, 0x48, 0x86, 0x54, 0x86, 0x53, 0x6C, 0x86, 0x51, 0x4C, 0x86, 0x4F, 0x48, 0x86, 0x51, 0x50
	.byte 0x86, 0xE1, 0x53, 0x70, 0x92, 0xD2, 0x4F, 0x86, 0xE7, 0x4F, 0x5C, 0x98, 0xD5, 0x4F, 0x70, 0x86
	.byte 0x4E, 0x4C, 0x86, 0x4C, 0x50, 0x86, 0x4E, 0x54, 0x86, 0xEF, 0x4F, 0xB0, 0xEB, 0x54, 0x6C, 0x9C
	.byte 0xD5, 0x53, 0x70, 0x86, 0x54, 0x86, 0xEB, 0x4C, 0x50, 0x9C, 0xD2, 0x4C, 0x4C, 0x86, 0x4C, 0x5C
	.byte 0x86, 0xE7, 0x53, 0x70, 0x98, 0x54, 0x98, 0x56, 0x98, 0xDB, 0x58, 0x8C, 0xD5, 0x51, 0x50, 0x86
	.byte 0xD2, 0x58, 0x70, 0x83, 0x5A, 0x83, 0xDB, 0x5B, 0x8C, 0x5A, 0x8C, 0xE1, 0x58, 0x92, 0xD2, 0x56
	.byte 0x86, 0xE7, 0x56, 0x60, 0x9C, 0xD5, 0x53, 0x70, 0x86, 0x54, 0x86, 0xE1, 0x56, 0x98, 0xD3, 0x5B
	.byte 0x5C, 0x84, 0x5D, 0x48, 0x84, 0x5B, 0x44, 0x84, 0x5A, 0x5C, 0x84, 0x5B, 0x48, 0x84, 0x5A, 0x44
	.byte 0x84, 0x58, 0x5C, 0x84, 0x5A, 0x48, 0x84, 0x58, 0x44, 0x84, 0x56, 0x5C, 0x84, 0x58, 0x48, 0x84
	.byte 0x56, 0x44, 0x84, 0x54, 0x5C, 0x84, 0x56, 0x48, 0x84, 0x54, 0x44, 0x84, 0x53, 0x5C, 0x84, 0x54
	.byte 0x48, 0x84, 0x53, 0x44, 0x84, 0xC0, 0x40, 0xB0, 0xB0, 0xB0, 0xB0, 0xB0, 0xB0, 0xB0, 0xB0, 0xB0
	.byte 0xB0, 0xB0, 0xB0, 0xB0, 0xB0, 0xB0, 0xBD, 0x52, 0xBF, 0x7F, 0xBE, 0x1C, 0x98, 0xDB, 0x31, 0x70
	.byte 0x8C, 0x34, 0x8C, 0x39, 0x8C, 0x3D, 0x8C, 0x40, 0x8C, 0x45, 0x8C, 0x40, 0x86, 0xC4, 0x06, 0x86
	.byte 0x00, 0x8C, 0xDB, 0x2F, 0x8C, 0x32, 0x8C, 0x37, 0x8C, 0x3B, 0x8C, 0x3E, 0x8C, 0x43, 0x8C, 0x47
	.byte 0x86, 0xC4, 0x06, 0x86, 0x00, 0x8C, 0xDB, 0x31, 0x8C, 0x34, 0x8C, 0x39, 0x8C, 0x3D, 0x8C, 0x40
	.byte 0x8C, 0x45, 0x8C, 0x40, 0x86, 0xC4, 0x06, 0x86, 0x00, 0x8C, 0xDB, 0x31, 0x8C, 0x34, 0x8C, 0x39
	.byte 0x8C, 0x3D, 0x8C, 0x40, 0x8C, 0x45, 0x8C, 0x40, 0x86, 0xC4, 0x06, 0x86, 0x00, 0x8C, 0xDB, 0x31
	.byte 0x8C, 0x34, 0x8C, 0x39, 0x8C, 0x3D, 0x8C, 0x40, 0x8C, 0x45, 0x86, 0xC4, 0x06, 0x86, 0x00, 0xB0
	.byte 0xBE, 0x19, 0xFF, 0x40, 0xA0, 0xBE, 0x32, 0xA0, 0xD2, 0x39, 0xB0, 0xB1

	.globl SongTrack_MUS_CREDITS_10
SongTrack_MUS_CREDITS_10: @ 0x088B9BA1
	@ M4A track start proven by song header pointer
	.byte 0xBC, 0x00, 0xBD, 0x01, 0xC2, 0x2C, 0xC1, 0x0C, 0xBF, 0x2F, 0xBE, 0x46, 0xB0, 0xB0, 0xB0, 0xE4
	.byte 0x40, 0x40, 0x98, 0xE7, 0x40, 0x60, 0x98, 0xE4, 0x42, 0x5C, 0x95, 0xE7, 0x42, 0x50, 0x98, 0x83
	.byte 0x98, 0xE7, 0x3B, 0x58, 0x98, 0x39, 0x5C, 0x98, 0x3B, 0x98, 0xB4, 0x3C, 0x4C, 0x98, 0x3B, 0x54
	.byte 0x98, 0x39, 0x5C, 0x98, 0x3B, 0x68, 0x98, 0x98, 0x37, 0x58, 0x98, 0x36, 0x44, 0x98, 0x37, 0x50
	.byte 0x98, 0x39, 0x4C, 0x98, 0x37, 0x48, 0x98, 0x36, 0x44, 0x98, 0x37, 0x54, 0x98, 0x98, 0xE7, 0x3C
	.byte 0x58, 0x98, 0x3B, 0x5C, 0x98, 0x3C, 0x98, 0xB4, 0xE7, 0x3E, 0x4C, 0x98, 0x3C, 0x54, 0x98, 0x3B
	.byte 0x5C, 0x98, 0x3C, 0x68, 0x98, 0xB4, 0x98, 0xE7, 0x42, 0x58, 0x98, 0x40, 0x5C, 0x98, 0x42, 0x68
	.byte 0x98, 0xB4, 0x98, 0xE1, 0x36, 0x5C, 0x92, 0xED, 0x4E, 0x70, 0xA2, 0xB3, 0xC1, 0x9B, 0x8B, 0x08
	.byte 0xE7, 0x3C, 0x4C, 0x98, 0x3B, 0x54, 0x98, 0x39, 0x5C, 0x98, 0x3B, 0x58, 0x98, 0x98, 0x37, 0x98
	.byte 0x36, 0x44, 0x98, 0x37, 0x5C, 0x98, 0x39, 0x4C, 0x98, 0x37, 0x54, 0x98, 0x36, 0x44, 0x98, 0x37
	.byte 0x68, 0x98, 0xB3, 0xEE, 0x9B, 0x8B, 0x08, 0xB3, 0xF9, 0x9B, 0x8B, 0x08, 0xB3, 0x07, 0x9C, 0x8B
	.byte 0x08, 0xB0, 0x98, 0xE7, 0x3B, 0x5C, 0xA0, 0xE7, 0x98, 0xB4, 0x98, 0x38, 0xA0, 0xE7, 0x98, 0x98
	.byte 0x3C, 0xA0, 0xE7, 0x98, 0x98, 0x42, 0xA0, 0xE7, 0x98, 0xB3, 0x53, 0x9C, 0x8B, 0x08, 0x98, 0xE7
	.byte 0x38, 0x5C, 0xA0, 0x38, 0x78, 0x98, 0x98, 0x3C, 0x5C, 0xA0, 0x3E, 0x98, 0x98, 0x39, 0x98, 0x3B
	.byte 0x70, 0xA0, 0xBD, 0x30, 0xBE, 0x29, 0xBF, 0x59, 0xDB, 0x3E, 0x8C, 0x3B, 0x8C, 0xE7, 0x43, 0x98
	.byte 0xDB, 0x42, 0x8C, 0x3E, 0x8C, 0xE7, 0x43, 0x98, 0xDB, 0x3E, 0x8C, 0x3B, 0x8C, 0xD2, 0x43, 0x64
	.byte 0x83, 0x45, 0x83, 0xE1, 0x43, 0x70, 0x92, 0xDB, 0x42, 0x8C, 0x3E, 0x8C, 0xE7, 0x43, 0x98, 0xDB
	.byte 0x8C, 0x3E, 0x8C, 0xD2, 0x47, 0x83, 0x48, 0x83, 0xE1, 0x47, 0x92, 0xE7, 0x46, 0x98, 0x47, 0x98
	.byte 0xDB, 0x3B, 0x8C, 0x37, 0x8C, 0xD2, 0x40, 0x83, 0x42, 0x83, 0xE1, 0x40, 0x92, 0xE7, 0x3F, 0x98
	.byte 0xDB, 0x40, 0x8C, 0x42, 0x8C, 0x40, 0x8C, 0x3C, 0x8C, 0xE7, 0x48, 0x98, 0x47, 0x98, 0x48, 0x98
	.byte 0xDB, 0x43, 0x8C, 0x40, 0x8C, 0xD2, 0x48, 0x83, 0x4A, 0x83, 0xE1, 0x48, 0x92, 0xE7, 0x47, 0x98
	.byte 0x48, 0x98, 0xDB, 0x43, 0x8C, 0x40, 0x8C, 0xE7, 0x48, 0x98, 0x47, 0x98, 0x48, 0x98, 0xBE, 0x0E
	.byte 0xFF, 0x3E, 0x89, 0xBE, 0x0F, 0x85, 0x11, 0x83, 0x12, 0x84, 0x15, 0x82, 0x16, 0x81, 0xBD, 0x30
	.byte 0xBF, 0x69, 0x82, 0xBE, 0x18, 0x83, 0x1A, 0x86, 0x1F, 0x83, 0x21, 0x83, 0x24, 0x84, 0x25, 0x82
	.byte 0x28, 0x83, 0x2A, 0x9F, 0x82, 0xBF, 0x59, 0xBE, 0x22, 0xEB, 0x9C, 0xD5, 0x3D, 0x86, 0x3E, 0x86
	.byte 0xEB, 0x3B, 0x9C, 0xD5, 0x37, 0x86, 0x39, 0x86, 0xE7, 0x3B, 0x98, 0x3C, 0x98, 0x3E, 0x98, 0x43
	.byte 0x98, 0xEB, 0x40, 0x9C, 0xD5, 0x3F, 0x86, 0x40, 0x86, 0xEB, 0x3B, 0x9C, 0xD5, 0x39, 0x86, 0x3B
	.byte 0x86, 0xEF, 0x37, 0xA0, 0xD5, 0x86, 0x3B, 0x86, 0x39, 0x86, 0x3B, 0x86, 0x40, 0x86, 0x3B, 0x86
	.byte 0x40, 0x86, 0x43, 0x86, 0xEB, 0x40, 0x9C, 0xD5, 0x3F, 0x86, 0x40, 0x86, 0xE9, 0x3C, 0x9C, 0xD2
	.byte 0x86, 0xD2, 0x86, 0xE7, 0x98, 0x3E, 0x98, 0xD2, 0x40, 0x83, 0x42, 0x83, 0xD5, 0x40, 0x86, 0x3F
	.byte 0x86, 0x40, 0x86, 0xDB, 0x42, 0x8C, 0xD5, 0x40, 0x86, 0x42, 0x86, 0xDB, 0x45, 0x8C, 0x43, 0x8C
	.byte 0xE1, 0x42, 0x92, 0xD2, 0x3E, 0x86, 0xE7, 0x9C, 0xD5, 0x47, 0x86, 0x48, 0x86, 0xE1, 0x4A, 0xA8
	.byte 0xBD, 0x3C, 0xBE, 0x40, 0xBF, 0x40, 0x8C, 0xD5, 0x43, 0x86, 0x3E, 0x86, 0xBD, 0x38, 0xBF, 0x6D
	.byte 0xBE, 0x22, 0xEA, 0x56, 0x8C, 0xC4, 0x08, 0x92, 0x00, 0x86, 0xD3, 0x84, 0x56, 0x60, 0x84, 0xD3
	.byte 0x84, 0xEA, 0x56, 0x70, 0x8C, 0xC4, 0x08, 0x98, 0x00, 0xD3, 0x84, 0x56, 0x60, 0x84, 0xD3, 0x84
	.byte 0xE7, 0x53, 0x70, 0x8C, 0xC4, 0x08, 0x8C, 0x00, 0xD2, 0x51, 0x83, 0x53, 0x83, 0xD5, 0x51, 0x86
	.byte 0x50, 0x86, 0x4B, 0x86, 0x4C, 0x86, 0x4A, 0x86, 0x49, 0x86, 0x4A, 0x86, 0x4C, 0x86, 0x50, 0x86
	.byte 0x53, 0x86, 0x56, 0x86, 0xBD, 0x01, 0xBF, 0x57, 0xBE, 0x29, 0xD2, 0x51, 0x86, 0xD2, 0x86, 0xD5
	.byte 0x4B, 0x86, 0x4C, 0x86, 0x51, 0x86, 0x53, 0x86, 0x54, 0x86, 0x56, 0x86, 0xD2, 0x50, 0x86, 0xD2
	.byte 0x86, 0xD5, 0x4B, 0x86, 0x4C, 0x86, 0x50, 0x86, 0x53, 0x86, 0x54, 0x86, 0x58, 0x86, 0xD3, 0x5B
	.byte 0x60, 0x84, 0x5D, 0x68, 0x84, 0x5B, 0x84, 0x5A, 0x84, 0x5B, 0x84, 0x5A, 0x84, 0x58, 0x84, 0x5A
	.byte 0x6C, 0x84, 0x58, 0x84, 0x56, 0x84, 0x58, 0x84, 0x56, 0x84, 0x54, 0x68, 0x84, 0x56, 0x6C, 0x84
	.byte 0x54, 0x84, 0x53, 0x84, 0x54, 0x84, 0x53, 0x84, 0xD2, 0x51, 0x70, 0x83, 0x4F, 0x83, 0x4E, 0x83
	.byte 0x4C, 0x83, 0x4E, 0x83, 0x51, 0x83, 0x54, 0x83, 0x56, 0x83, 0xBD, 0x2E, 0xBE, 0x35, 0xBF, 0x18
	.byte 0xD2, 0x3E, 0x83, 0x43, 0x83, 0x47, 0x83, 0x48, 0x83, 0xBF, 0x5D, 0xD2, 0x4A, 0x83, 0x4F, 0x83
	.byte 0x53, 0x83, 0x56, 0x98, 0x83, 0xBF, 0x18, 0xD2, 0x3E, 0x83, 0x42, 0x83, 0x47, 0x83, 0x48, 0x83
	.byte 0xBF, 0x5D, 0xD2, 0x4A, 0x83, 0x4E, 0x83, 0x53, 0x83, 0x56, 0x98, 0x83, 0xBF, 0x1F, 0x8C, 0xD2
	.byte 0x59, 0x83, 0x58, 0x83, 0x56, 0x83, 0x53, 0x83, 0x56, 0x83, 0x53, 0x83, 0x50, 0x83, 0x4D, 0x83
	.byte 0x53, 0x83, 0x50, 0x83, 0x4D, 0x83, 0x4A, 0x83, 0x47, 0x83, 0x4C, 0x83, 0xBF, 0x30, 0xD2, 0x50
	.byte 0x83, 0x53, 0x83, 0xBF, 0x30, 0xD2, 0x4C, 0x83, 0x50, 0x83, 0x53, 0x83, 0x58, 0x83, 0x50, 0x83
	.byte 0x53, 0x83, 0x58, 0x83, 0x5C, 0x83, 0xBF, 0x61, 0xD2, 0x5F, 0x83, 0x5C, 0x83, 0x58, 0x83, 0x53
	.byte 0x83, 0xBD, 0x3C, 0xBF, 0x17, 0xBE, 0x2C, 0xDB, 0x4F, 0x8C, 0x51, 0x8C, 0xD8, 0x53, 0x8C, 0xD1
	.byte 0x56, 0x84, 0xD1, 0x84, 0xD1, 0x84, 0xDB, 0x8C, 0xD1, 0x84, 0xD1, 0x84, 0xD1, 0x84, 0xD8, 0x8C
	.byte 0xD1, 0x84, 0xD1, 0x84, 0xD1, 0x84, 0xBD, 0x2E, 0xBF, 0x17, 0xBE, 0x3E, 0xD2, 0x5B, 0x83, 0x59
	.byte 0x83, 0x56, 0x83, 0x53, 0x83, 0x4F, 0x83, 0x4D, 0x83, 0x4A, 0x83, 0x47, 0x83, 0xBF, 0x67, 0xD2
	.byte 0x59, 0x83, 0x56, 0x83, 0x53, 0x83, 0x4F, 0x83, 0x4D, 0x83, 0x4A, 0x83, 0x47, 0x83, 0x43, 0x83
	.byte 0xBF, 0x17, 0xD2, 0x56, 0x83, 0x53, 0x83, 0x4F, 0x83, 0x4D, 0x83, 0x4A, 0x83, 0x47, 0x83, 0x43
	.byte 0x83, 0x41, 0x83, 0xBF, 0x48, 0xD2, 0x53, 0x83, 0x4F, 0x83, 0x4D, 0x83, 0x4A, 0x83, 0x47, 0x83
	.byte 0x43, 0x83, 0x41, 0x83, 0x3E, 0x83, 0xBD, 0x0E, 0xBF, 0x60, 0xBE, 0x3E, 0xEB, 0x4F, 0x9C, 0xEF
	.byte 0x54, 0xA0, 0xD5, 0x4A, 0x8C, 0x8C, 0xE7, 0x4F, 0x98, 0x53, 0x98, 0x4F, 0x9C, 0xEB, 0x9C, 0xEF
	.byte 0x52, 0xA4, 0x8C, 0xE7, 0x55, 0x98, 0x52, 0x98, 0x51, 0x98, 0xDB, 0x4F, 0x8C, 0x8C, 0xE7, 0x51
	.byte 0x98, 0xEB, 0x56, 0x9C, 0xE7, 0x51, 0x98, 0xE7, 0x9C, 0x55, 0x98, 0xEB, 0x51, 0x9C, 0xE7, 0x4F
	.byte 0x98, 0xEB, 0x4A, 0x9C, 0xE7, 0x4F, 0x98, 0xDB, 0x4A, 0x8C, 0xBD, 0x30, 0xBE, 0x31, 0xBF, 0x23
	.byte 0xD2, 0x45, 0x86, 0xD2, 0x86, 0xD5, 0x44, 0x86, 0x45, 0x86, 0x49, 0x86, 0x45, 0x86, 0x40, 0x86
	.byte 0x45, 0x86, 0xD2, 0x40, 0x86, 0xD2, 0x86, 0xD5, 0x3F, 0x86, 0x40, 0x86, 0x45, 0x86, 0x40, 0x86
	.byte 0x3D, 0x86, 0x40, 0x86, 0xD2, 0x43, 0x86, 0xD2, 0x86, 0xD5, 0x42, 0x86, 0x43, 0x86, 0x47, 0x86
	.byte 0x43, 0x86, 0x3E, 0x86, 0x43, 0x86, 0xD2, 0x3E, 0x86, 0xD2, 0x86, 0xD5, 0x3B, 0x86, 0x3E, 0x86
	.byte 0x3B, 0x86, 0x3E, 0x86, 0x3B, 0x86, 0x3E, 0x86, 0xD2, 0x45, 0x86, 0xD2, 0x86, 0xD5, 0x44, 0x86
	.byte 0x45, 0x86, 0x49, 0x86, 0x45, 0x86, 0x40, 0x86, 0x45, 0x86, 0xD2, 0x40, 0x86, 0xD2, 0x86, 0xD5
	.byte 0x3F, 0x86, 0x40, 0x86, 0x45, 0x86, 0x40, 0x86, 0x3D, 0x86, 0x40, 0x86, 0xD2, 0x45, 0x86, 0xD2
	.byte 0x86, 0xD5, 0x44, 0x86, 0x45, 0x86, 0x49, 0x86, 0x45, 0x86, 0x40, 0x86, 0x45, 0x86, 0xD2, 0x86
	.byte 0xD2, 0x86, 0xD5, 0x44, 0x86, 0x45, 0x86, 0x49, 0x86, 0x45, 0x86, 0x40, 0x86, 0x45, 0x86, 0x44
	.byte 0x86, 0x45, 0x86, 0x44, 0x86, 0x45, 0x86, 0x44, 0x86, 0x45, 0x86, 0x44, 0x86, 0x45, 0x86, 0x44
	.byte 0x86, 0x45, 0x86, 0x44, 0x86, 0x45, 0x86, 0x49, 0x86, 0x45, 0x86, 0x44, 0x86, 0x45, 0x86, 0xB0
	.byte 0xB0, 0xB0, 0xB1

	.globl SongHeader_MUS_CREDITS
SongHeader_MUS_CREDITS: @ 0x088BA044
	@ M4A song header: song 455 (MUS_CREDITS)
	m4a_song_header 10, 0, 0, 0xB2, 0x0861C79C
	.4byte SongTrack_MUS_CREDITS_01
	.4byte SongTrack_MUS_CREDITS_02
	.4byte SongTrack_MUS_CREDITS_03
	.4byte SongTrack_MUS_CREDITS_04
	.4byte SongTrack_MUS_CREDITS_05
	.4byte SongTrack_MUS_CREDITS_06
	.4byte SongTrack_MUS_CREDITS_07
	.4byte SongTrack_MUS_CREDITS_08
	.4byte SongTrack_MUS_CREDITS_09
	.4byte SongTrack_MUS_CREDITS_10

	.globl SongTrack_MUS_END_01
SongTrack_MUS_END_01: @ 0x088BA074
	@ M4A track start proven by song header pointer
	.byte 0xBC, 0x00, 0xBB, 0x45, 0xBD, 0x18, 0xBF, 0x40, 0xBE, 0x1E, 0xD2, 0x48, 0x70, 0x98, 0x4A, 0x8C
	.byte 0x3F, 0x40, 0x83, 0x43, 0x83, 0x46, 0x44, 0x83, 0x4B, 0x83, 0xBB, 0x45, 0xD2, 0x4F, 0x70, 0x9E
	.byte 0x46, 0x40, 0x83, 0x4B, 0x44, 0x83, 0xBB, 0x42, 0x51, 0x70, 0x98, 0xBB, 0x3E, 0x98, 0xBB, 0x46
	.byte 0x52, 0x9E, 0x4F, 0x34, 0x83, 0x52, 0x38, 0x83, 0xBB, 0x42, 0x56, 0x44, 0x83, 0x59, 0x70, 0x95
	.byte 0xBB, 0x3B, 0x98, 0xBB, 0x45, 0xB0, 0x57, 0x98, 0x56, 0x98, 0xBB, 0x40, 0x54, 0x98, 0xBB, 0x3B
	.byte 0x8C, 0xBB, 0x3A, 0x57, 0x86, 0x4A, 0x40, 0x83, 0x4D, 0x48, 0x83, 0xBB, 0x45, 0x51, 0x4C, 0x83
	.byte 0x56, 0x70, 0x9F, 0x81, 0xBB, 0x40, 0xD0, 0x4D, 0x90, 0x4F, 0x88, 0xBB, 0x3D, 0x88, 0x50, 0x84
	.byte 0xBB, 0x36, 0x86, 0xD2, 0x45, 0x44, 0x83, 0x4A, 0x4C, 0x83, 0xBB, 0x45, 0x51, 0x70, 0xA0, 0xBB
	.byte 0x42, 0x54, 0x98, 0xBB, 0x3E, 0x8C, 0xBB, 0x39, 0x86, 0x4A, 0x44, 0x83, 0x4F, 0x83, 0xBB, 0x45
	.byte 0xD0, 0x54, 0x70, 0x90, 0x56, 0x90, 0x52, 0xA5, 0x89, 0xD2, 0x4D, 0x44, 0x83, 0x52, 0x4C, 0x9A
	.byte 0x4A, 0x40, 0x83, 0x4D, 0x44, 0x83, 0xBB, 0x3D, 0xD0, 0x52, 0x70, 0x90, 0x51, 0x88, 0xBB, 0x32
	.byte 0x88, 0x52, 0x84, 0xD2, 0x3F, 0x40, 0x83, 0x43, 0x83, 0x46, 0x44, 0x83, 0x4B, 0x83, 0xBB, 0x46
	.byte 0x4F, 0x70, 0x9E, 0x46, 0x40, 0x83, 0x4B, 0x44, 0x83, 0x51, 0x70, 0xA0, 0x52, 0x9E, 0x4F, 0x34
	.byte 0x83, 0x52, 0x38, 0x83, 0xBB, 0x40, 0x57, 0x44, 0x83, 0x5B, 0x70, 0x95, 0xBB, 0x3D, 0x8C, 0xBB
	.byte 0x38, 0x8C, 0xBB, 0x45, 0xB0, 0x5D, 0x98, 0x5B, 0x98, 0xBB, 0x42, 0x59, 0x98, 0xBB, 0x3B, 0x8C
	.byte 0x57, 0x86, 0x4D, 0x40, 0x83, 0x51, 0x48, 0x83, 0xBB, 0x45, 0x56, 0x4C, 0x83, 0x59, 0x70, 0x9F
	.byte 0x81, 0xD0, 0x56, 0x90, 0x57, 0x90, 0x58, 0x90, 0xD2, 0x59, 0x98, 0xD0, 0x5C, 0x98, 0xBB, 0x41
	.byte 0x90, 0x5B, 0x88, 0xBB, 0x3F, 0x88, 0x56, 0x84, 0xBB, 0x3D, 0x86, 0xD2, 0x4F, 0x44, 0x83, 0x52
	.byte 0x83, 0xBB, 0x45, 0x59, 0x70, 0x98, 0xBB, 0x3D, 0x98, 0x57, 0x83, 0xBB, 0x45, 0x95, 0xBB, 0x3B
	.byte 0x98, 0xBB, 0x45, 0x56, 0xA0, 0xBB, 0x41, 0x59, 0x98, 0xBB, 0x3C, 0x8C, 0x3F, 0x40, 0x83, 0x43
	.byte 0x83, 0x46, 0x44, 0x83, 0x4B, 0x83, 0xBB, 0x45, 0x51, 0x70, 0x8C, 0x52, 0x89, 0x4F, 0x40, 0x83
	.byte 0x56, 0x83, 0x59, 0x70, 0xA7, 0x81, 0xA0, 0xBB, 0x40, 0x98, 0xBB, 0x3D, 0x8C, 0xBB, 0x36, 0x86
	.byte 0x4C, 0x44, 0x83, 0x4F, 0x83, 0xBB, 0x45, 0x51, 0x70, 0x8C, 0x52, 0x86, 0x4F, 0x40, 0x83, 0x58
	.byte 0x83, 0x5B, 0x70, 0xA8, 0xA0, 0xBB, 0x40, 0xD0, 0x5D, 0x90, 0x5B, 0x88, 0xBB, 0x3D, 0x88, 0x58
	.byte 0x8A, 0xD2, 0x52, 0x3C, 0x83, 0x54, 0x40, 0x83, 0xBB, 0x45, 0xD2, 0x59, 0x70, 0xB0, 0xB4, 0xAE
	.byte 0x4D, 0x3C, 0x83, 0x52, 0x40, 0x83, 0x54, 0x44, 0x83, 0x57, 0x48, 0x83, 0x59, 0x70, 0xAE, 0xAC
	.byte 0x83, 0x46, 0x38, 0x83, 0x4A, 0x44, 0x83, 0x4D, 0x83, 0x52, 0x70, 0x83, 0x56, 0x9F, 0x81, 0xBB
	.byte 0x40, 0x57, 0x98, 0xBB, 0x3D, 0x98, 0xB3, 0xFC, 0xA1, 0x8B, 0x08, 0x98, 0xD2, 0x56, 0x70, 0x98
	.byte 0xBB, 0x40, 0x57, 0x98, 0xBB, 0x3B, 0x59, 0x92, 0x52, 0x38, 0x83, 0x56, 0x3C, 0x83, 0xBB, 0x45
	.byte 0x5E, 0x70, 0x98, 0x59, 0x92, 0x52, 0x3C, 0x83, 0x56, 0x83, 0xBB, 0x42, 0xD0, 0x57, 0x70, 0x90
	.byte 0x59, 0x88, 0xBB, 0x40, 0x88, 0x56, 0x84, 0xBB, 0x3D, 0x8C, 0xBB, 0x45, 0xD2, 0x54, 0x70, 0xB0
	.byte 0xB4, 0xA0, 0xBB, 0x40, 0x98, 0xBB, 0x38, 0x98, 0xB4, 0xBB, 0x45, 0xB0, 0xA0, 0xBB, 0x40, 0x98
	.byte 0xBB, 0x36, 0x8F, 0xD2, 0x48, 0x38, 0x83, 0x4B, 0x3C, 0x83, 0x4D, 0x40, 0x83, 0xBB, 0x45, 0x51
	.byte 0x83, 0x54, 0x70, 0x9F, 0x81, 0x56, 0xA0, 0x57, 0xA4, 0xBB, 0x43, 0x8C, 0xBB, 0x40, 0x8C, 0xBB
	.byte 0x3F, 0x8C, 0xBB, 0x45, 0x98, 0xD2, 0x54, 0x70, 0x98, 0x56, 0x98, 0x57, 0x98, 0xB4, 0x5D, 0x98
	.byte 0x5B, 0x98, 0xBB, 0x3D, 0x5D, 0x98, 0xBB, 0x3B, 0x8C, 0xBB, 0x33, 0x60, 0x86, 0x4D, 0x40, 0x83
	.byte 0x52, 0x48, 0x83, 0xBB, 0x45, 0x56, 0x83, 0x59, 0x70, 0xAF, 0x81, 0xB3, 0x65, 0xA2, 0x8B, 0x08
	.byte 0xBB, 0x45, 0xB0, 0xA0, 0xBB, 0x3D, 0x98, 0xBB, 0x38, 0x8C, 0xBB, 0x33, 0x86, 0xD2, 0x4A, 0x40
	.byte 0x83, 0x4D, 0x44, 0x83, 0xBB, 0x45, 0x52, 0x83, 0x56, 0x70, 0x9F, 0x81, 0x57, 0x98, 0xBB, 0x42
	.byte 0x8C, 0xBB, 0x3F, 0x8C, 0xB3, 0xFC, 0xA1, 0x8B, 0x08, 0x98, 0xD2, 0x56, 0x70, 0x98, 0xBB, 0x40
	.byte 0x57, 0x98, 0xBB, 0x3A, 0x59, 0x92, 0x56, 0x40, 0x83, 0x59, 0x44, 0x83, 0xBB, 0x45, 0x5E, 0x70
	.byte 0x98, 0x59, 0x92, 0x51, 0x40, 0x83, 0x54, 0x83, 0xBB, 0x40, 0xD0, 0x57, 0x70, 0x90, 0x59, 0x88
	.byte 0xBB, 0x3B, 0x88, 0x56, 0x90, 0xB3, 0x5E, 0xA2, 0x8B, 0x08, 0xA0, 0xBB, 0x3F, 0x98, 0xBB, 0x36
	.byte 0x98, 0xBB, 0x45, 0xB0, 0xA0, 0xBB, 0x3B, 0x98, 0xBB, 0x36, 0x8F, 0xD2, 0x4B, 0x40, 0x83, 0x4F
	.byte 0x48, 0x83, 0x51, 0x83, 0xBB, 0x45, 0x54, 0x70, 0xA0, 0x56, 0x98, 0xBB, 0x42, 0x8C, 0xBB, 0x3D
	.byte 0x8C, 0xBB, 0x45, 0x57, 0xA0, 0xBB, 0x43, 0x98, 0xBB, 0x3B, 0x98, 0xB3, 0x96, 0xA2, 0x8B, 0x08
	.byte 0xD2, 0x5D, 0x70, 0x98, 0x5B, 0x98, 0xBB, 0x3D, 0x5D, 0x98, 0xBB, 0x33, 0x8C, 0x60, 0x86, 0x56
	.byte 0x3C, 0x83, 0x59, 0x44, 0x83, 0xBB, 0x45, 0x5E, 0x40, 0x83, 0x62, 0x70, 0xAF, 0x81, 0xA0, 0xBB
	.byte 0x41, 0x98, 0xBB, 0x38, 0x98, 0xBB, 0x45, 0xB0, 0x98, 0xBB, 0x42, 0x46, 0x98, 0xBB, 0x3B, 0x48
	.byte 0x98, 0xBB, 0x33, 0x4A, 0x8C, 0x3F, 0x40, 0x83, 0x43, 0x83, 0x46, 0x44, 0x83, 0x4B, 0x83, 0xB2
	.byte 0x8E, 0xA0, 0x8B, 0x08, 0xB1

	.globl SongTrack_MUS_END_02
SongTrack_MUS_END_02: @ 0x088BA399
	@ M4A track start proven by song header pointer
	.byte 0xBC, 0x00, 0xBD, 0x18, 0xBF, 0x40, 0xBE, 0x24, 0xD2, 0x38, 0x70, 0x98, 0x35, 0x98, 0xD2, 0x33
	.byte 0x70, 0x98, 0x3A, 0x44, 0x98, 0x43, 0x98, 0x3A, 0x98, 0xB4, 0xD2, 0x43, 0x44, 0x98, 0x3A, 0x98
	.byte 0x43, 0x98, 0x3A, 0x98, 0xB4, 0xD2, 0x33, 0x70, 0x98, 0x3C, 0x44, 0x98, 0x45, 0x98, 0x3C, 0x98
	.byte 0xB4, 0xD2, 0x45, 0x44, 0x98, 0x3C, 0x98, 0x45, 0x98, 0x3C, 0x98, 0xB4, 0xD2, 0x32, 0x70, 0x98
	.byte 0x39, 0x44, 0x98, 0x41, 0x98, 0x39, 0x98, 0xB4, 0xD2, 0x41, 0x44, 0x98, 0x39, 0x98, 0x41, 0x98
	.byte 0x39, 0x98, 0xB4, 0x37, 0x70, 0xA0, 0x36, 0xA0, 0x35, 0xA0, 0x34, 0xA0, 0xB3, 0xA7, 0xA3, 0x8B
	.byte 0x08, 0xB3, 0xB3, 0xA3, 0x8B, 0x08, 0xB3, 0xBE, 0xA3, 0x8B, 0x08, 0xB3, 0xCA, 0xA3, 0x8B, 0x08
	.byte 0xB3, 0xD5, 0xA3, 0x8B, 0x08, 0xB3, 0xE1, 0xA3, 0x8B, 0x08, 0xD0, 0x43, 0x70, 0x9B, 0x3E, 0x64
	.byte 0x90, 0x41, 0x70, 0x90, 0x3E, 0x64, 0x90, 0x3B, 0x70, 0x90, 0x3E, 0x9B, 0x37, 0x64, 0x90, 0x3B
	.byte 0x70, 0x90, 0x37, 0x64, 0x90, 0x35, 0x70, 0x90, 0xD2, 0x33, 0x98, 0x3A, 0x48, 0x98, 0x43, 0x44
	.byte 0x98, 0x3A, 0x98, 0xB3, 0xB3, 0xA3, 0x8B, 0x08, 0xD2, 0x34, 0x70, 0x98, 0x3A, 0x44, 0x98, 0x43
	.byte 0x98, 0x3A, 0x98, 0xB3, 0xB3, 0xA3, 0x8B, 0x08, 0xD2, 0x35, 0x70, 0x98, 0x3A, 0x44, 0x98, 0x3C
	.byte 0x98, 0x3F, 0x98, 0x41, 0x98, 0x46, 0x98, 0x48, 0x98, 0x4B, 0x98, 0x48, 0x50, 0xB0, 0xB0, 0xD2
	.byte 0x3A, 0x70, 0x98, 0x41, 0x44, 0x98, 0x3E, 0x98, 0x41, 0x98, 0xB4, 0xD2, 0x3A, 0x70, 0x98, 0x43
	.byte 0x44, 0x98, 0x3F, 0x98, 0x43, 0x98, 0xB4, 0xD2, 0x3A, 0x70, 0x98, 0x45, 0x44, 0x98, 0x41, 0x98
	.byte 0x45, 0x98, 0xB4, 0x3A, 0x70, 0x98, 0x46, 0x44, 0x98, 0x41, 0x98, 0x3E, 0x98, 0xD2, 0x35, 0x70
	.byte 0x98, 0x3C, 0x44, 0x98, 0x39, 0x98, 0x3C, 0x98, 0xB4, 0xD2, 0x35, 0x70, 0x98, 0x3E, 0x44, 0x98
	.byte 0x39, 0x98, 0x3E, 0x98, 0xB4, 0xD2, 0x35, 0x70, 0x98, 0x3F, 0x44, 0x98, 0x39, 0x98, 0x3F, 0x98
	.byte 0xB4, 0xD2, 0x35, 0x70, 0x98, 0x41, 0x44, 0x98, 0x3F, 0x98, 0x3E, 0x98, 0xB4, 0xB3, 0xAE, 0xA4
	.byte 0x8B, 0x08, 0xD2, 0x35, 0x70, 0x98, 0x41, 0x44, 0x98, 0x3F, 0x98, 0x3C, 0x98, 0xB4, 0xB3, 0xAE
	.byte 0xA4, 0x8B, 0x08, 0xB3, 0xCB, 0xA4, 0x8B, 0x08, 0xB3, 0x68, 0xA4, 0x8B, 0x08, 0xB3, 0x74, 0xA4
	.byte 0x8B, 0x08, 0xB3, 0x80, 0xA4, 0x8B, 0x08, 0xD2, 0x3A, 0x70, 0x98, 0x48, 0x44, 0x98, 0x46, 0x98
	.byte 0x41, 0x98, 0xB3, 0x68, 0xA4, 0x8B, 0x08, 0xB3, 0x74, 0xA4, 0x8B, 0x08, 0xB3, 0x80, 0xA4, 0x8B
	.byte 0x08, 0xD2, 0x3A, 0x70, 0x98, 0x46, 0x44, 0x98, 0x41, 0x98, 0x46, 0x98, 0xB3, 0x96, 0xA4, 0x8B
	.byte 0x08, 0xB3, 0xA2, 0xA4, 0x8B, 0x08, 0xB3, 0xAE, 0xA4, 0x8B, 0x08, 0xB3, 0xBA, 0xA4, 0x8B, 0x08
	.byte 0xB3, 0xAE, 0xA4, 0x8B, 0x08, 0xB3, 0xCB, 0xA4, 0x8B, 0x08, 0xB3, 0xAE, 0xA4, 0x8B, 0x08, 0xB3
	.byte 0xCB, 0xA4, 0x8B, 0x08, 0xD2, 0x46, 0x70, 0x98, 0x41, 0x98, 0x3E, 0x98, 0x41, 0x98, 0x45, 0x98
	.byte 0x41, 0x98, 0x3E, 0x98, 0x41, 0x98, 0x44, 0x98, 0x41, 0x98, 0x3E, 0x98, 0x41, 0x98, 0x3E, 0x98
	.byte 0x3A, 0x98, 0x38, 0x98, 0x35, 0x98, 0xB2, 0xA7, 0xA3, 0x8B, 0x08, 0xB1, 0x00, 0x00, 0x00
