	@ 0xC2DC0C - 0xC2FD43

  .globl gMonPalette_Bulbasaur
gMonPalette_Bulbasaur:
  .incbin "build/graphics/pokemon/bulbasaur/normal_palette.gbapal.lz"

  .globl gMonBackPic_Bulbasaur
gMonBackPic_Bulbasaur:
  .incbin "build/graphics/pokemon/bulbasaur/back.4bpp.lz"

  .globl gMonShinyPalette_Bulbasaur
gMonShinyPalette_Bulbasaur:
  .incbin "build/graphics/pokemon/bulbasaur/shiny_palette.gbapal.lz"

  .globl gMonIcon_None
  .globl gMonIcon_Bulbasaur
gMonIcon_None: @ 0x08C30044 [000]
gMonIcon_Bulbasaur: @ 0x08C30044 [001]
  .incbin "build/graphics/pokemon/bulbasaur/icon.4bpp"

  @ 用途未確定
  @ Replaced baserom.gba range: offset=0xC30444, size=0x20
  .byte 0x00, 0x00, 0x00, 0x00, 0x00, 0xA0, 0xE0, 0xE0, 0x00, 0x00, 0x00, 0x00, 0x01, 0x0B, 0x0F, 0x0F
  .byte 0xE0, 0xE0, 0xC0, 0x80, 0x00, 0x00, 0x00, 0x00, 0x0F, 0x0F, 0x07, 0x03, 0x00, 0x00, 0x00, 0x00

  @ LZ77 compressed 64x64 4bpp image 保留
  @ Replaced baserom.gba range: offset=0xC30464, size=0x374
  .byte 0x10, 0x00, 0x08, 0x00, 0x3F, 0x00, 0x00, 0xF0, 0x01, 0xF0, 0x01, 0xF0, 0x01, 0xF0, 0x01, 0xF0
  .byte 0x01, 0xF0, 0x01, 0xFF, 0xF0, 0x01, 0xF0, 0x01, 0xF0, 0x01, 0xF0, 0x01, 0xF0, 0x01, 0xF0, 0x01
  .byte 0xF0, 0x01, 0xF0, 0x01, 0xFC, 0xF0, 0x01, 0xF0, 0x01, 0xF0, 0x01, 0xF0, 0x01, 0xF0, 0x01, 0xF0
  .byte 0x01, 0x00, 0xE0, 0xAB, 0x00, 0x03, 0x3E, 0x40, 0x03, 0xEE, 0x00, 0x0E, 0x43, 0x00, 0x0A, 0x00
  .byte 0x03, 0xA0, 0x30, 0x01, 0x0E, 0x00, 0x11, 0xDE, 0x5E, 0xEE, 0x00, 0xEE, 0x00, 0xEE, 0xE5, 0x00
  .byte 0xE4, 0x44, 0xEF, 0x0F, 0x3E, 0x01, 0x44, 0xF4, 0x0F, 0x3E, 0x43, 0x44, 0x0F, 0xF0, 0x46, 0xFF
  .byte 0xF0, 0x01, 0xF0, 0x01, 0xF0, 0x01, 0xF0, 0x01, 0xF0, 0x01, 0xF0, 0x01, 0xF0, 0x01, 0xF0, 0x01
  .byte 0x00, 0x20, 0x02, 0x00, 0x00, 0x82, 0xC8, 0x00, 0x00, 0x00, 0x92, 0x99, 0x00, 0xC2, 0x9C, 0x99
  .byte 0x00, 0x82, 0x00, 0x98, 0x92, 0x00, 0x9C, 0x99, 0xC9, 0x00, 0xC0, 0x00, 0xCC, 0x99, 0x00, 0xC0
  .byte 0x99, 0x2C, 0x20, 0xC2, 0x00, 0x33, 0xD4, 0xC2, 0x29, 0x3C, 0xE4, 0x9C, 0x29, 0x00, 0x4C, 0x3D
  .byte 0x99, 0xC9, 0xC3, 0xCC, 0x99, 0xC9, 0x04, 0x9C, 0xC9, 0x29, 0x9C, 0x99, 0x00, 0x29, 0x92, 0xCC
  .byte 0x00, 0xC9, 0x29, 0xCC, 0x22, 0x33, 0x34, 0x44, 0xF5, 0x00, 0x43, 0x43, 0x44, 0x55, 0x34, 0x34
  .byte 0x44, 0x55, 0x00, 0x43, 0x43, 0x54, 0x55, 0x34, 0x44, 0x54, 0x55, 0x00, 0x44, 0x44, 0x55, 0x55
  .byte 0xCC, 0x54, 0x25, 0x52, 0x0E, 0xC2, 0x55, 0x8C, 0xC9, 0x10, 0x61, 0x11, 0x04, 0x10, 0x03, 0xB5
  .byte 0x80, 0x40, 0x03, 0x25, 0x22, 0x20, 0xC2, 0x82, 0xC8, 0x82, 0x0D, 0xC9, 0x8C, 0xC9, 0x98, 0x20
  .byte 0x1F, 0xE0, 0x91, 0xC2, 0x00, 0x91, 0x07, 0xB8, 0x00, 0x00, 0x98, 0xB9, 0xF0, 0x1B, 0xF0, 0x01
  .byte 0xF0, 0x01, 0xA0, 0xB0, 0x01, 0x2C, 0x00, 0xDF, 0x8B, 0x28, 0x00, 0x00, 0x9B, 0x4C, 0x89, 0x00
  .byte 0x03, 0x99, 0x00, 0x00, 0xD4, 0x00, 0x03, 0xCC, 0x00, 0x20, 0x00, 0xB0, 0x00, 0x07, 0xB0, 0xBB
  .byte 0x2C, 0xC2, 0x99, 0x00, 0x99, 0x9C, 0x28, 0x2C, 0xC2, 0x9C, 0xAA, 0xCC, 0x00, 0x7C, 0xA2, 0x66
  .byte 0x77, 0x77, 0xA9, 0x6C, 0x76, 0x01, 0x67, 0xA9, 0xCC, 0x66, 0x66, 0x99, 0x6A, 0x00, 0x03, 0x00
  .byte 0x7A, 0x6A, 0x6A, 0x22, 0x2C, 0x22, 0x22, 0xCC, 0x10, 0xBC, 0xBB, 0xBB, 0x00, 0x1A, 0x77, 0xA6
  .byte 0xCC, 0x77, 0x00, 0x77, 0xC6, 0xCC, 0x77, 0xC7, 0xC6, 0x7C, 0x77, 0x50, 0xC7, 0x10, 0x0F, 0x66
  .byte 0x00, 0x10, 0xC2, 0x55, 0x9C, 0x99, 0x00, 0xBB, 0xCC, 0xC9, 0x99, 0xAA, 0xAA, 0xCC, 0xBB, 0x00
  .byte 0xA7, 0xAA, 0x77, 0x67, 0xAC, 0xAA, 0x7A, 0x66, 0x00, 0xAA, 0xAA, 0x7A, 0xB7, 0xA7, 0xAA, 0xAA
  .byte 0xB7, 0x00, 0x7C, 0xC7, 0xAC, 0xAA, 0x8C, 0xC9, 0x99, 0x2C, 0x00, 0xC9, 0x99, 0xC9, 0x99, 0xCB
  .byte 0x99, 0x99, 0x99, 0x00, 0x66, 0xBC, 0xC9, 0x99, 0xBB, 0xBA, 0x9C, 0x99, 0x00, 0xCB, 0xBA, 0x99
  .byte 0xCC, 0xAB, 0x9B, 0x99, 0x22, 0x90, 0x00, 0x06, 0xBB, 0x99, 0x00, 0xE3, 0x99, 0x0C, 0x00, 0x00
  .byte 0x41, 0xCC, 0x00, 0x03, 0x99, 0x0B, 0x00, 0x00, 0xBB, 0x00, 0x03, 0xBF, 0x00, 0x0A, 0x00, 0x00
  .byte 0x06, 0x20, 0x03, 0xF0, 0x01, 0xF0, 0x01, 0xF0, 0x01, 0xA0, 0x01, 0x60, 0xC0, 0xF0, 0x12, 0x60
  .byte 0x01, 0xAA, 0xCC, 0xCA, 0xC6, 0xA6, 0x00, 0x00, 0xCA, 0x61, 0x7B, 0x00, 0x7A, 0x11, 0xB5, 0x00
  .byte 0xA0, 0x76, 0x11, 0xF5, 0xC0, 0x66, 0x17, 0xF5, 0x00, 0xC0, 0x67, 0x66, 0x66, 0x00, 0x7C, 0x67
  .byte 0x66, 0x10, 0xC0, 0xCC, 0xCC, 0x10, 0xE3, 0xC7, 0x66, 0x76, 0x7C, 0x04, 0x77, 0x67, 0x76, 0x77
  .byte 0xA7, 0x00, 0x03, 0xB7, 0x66, 0xD0, 0x10, 0x03, 0x00, 0xFB, 0x76, 0x00, 0x03, 0xA7, 0x77, 0xAC
  .byte 0x77, 0x00, 0x67, 0x6C, 0xAC, 0xAA, 0xB6, 0x16, 0xAC, 0xAA, 0x04, 0x5A, 0x11, 0xAA, 0xAA, 0x5F
  .byte 0x00, 0x03, 0x4F, 0x61, 0x02, 0xAA, 0xAA, 0x77, 0xAA, 0xAA, 0xCA, 0x10, 0x03, 0xAA, 0x00, 0xCA
  .byte 0xCC, 0xCC, 0xBA, 0x9C, 0xBB, 0x00, 0xBA, 0xAD, 0x01, 0x6D, 0xAA, 0x00, 0xD4, 0xAA, 0x00, 0xD0
  .byte 0x20, 0x03, 0xCA, 0x40, 0x03, 0x3F, 0xBA, 0xCB, 0xF0, 0x91, 0x80, 0x01, 0x00, 0x36, 0xF0, 0x01
  .byte 0xF0, 0x01, 0xF0, 0x01, 0x82, 0xB0, 0x01, 0x6A, 0x00, 0x00, 0xA0, 0x7A, 0x00, 0x06, 0x77, 0xD2
  .byte 0x00, 0x07, 0x00, 0x03, 0x00, 0x00, 0x0B, 0x00, 0x7C, 0x40, 0x03, 0xC0, 0x04, 0x7B, 0xAC, 0x1A
  .byte 0xBC, 0x77, 0x01, 0xA7, 0x77, 0xAA, 0x00, 0xBC, 0xCB, 0xA7, 0xCA, 0xAA, 0xAA, 0xA7, 0xCA, 0x00
  .byte 0x6A, 0xA7, 0xA7, 0xBA, 0xC6, 0x7C, 0xA7, 0xBA, 0x04, 0x76, 0x7C, 0xA7, 0xAA, 0x6B, 0x10, 0xE6
  .byte 0x77, 0xBB, 0x00, 0xBB, 0xCC, 0xAC, 0xAA, 0xAA, 0xAA, 0xAA, 0xBB, 0x19, 0xBB, 0xBB, 0xCB, 0x10
  .byte 0x07, 0x00, 0xD9, 0xAA, 0xC7, 0x10, 0x03, 0x02, 0xAA, 0xAC, 0xCA, 0xBB, 0x1B, 0xAA, 0x00, 0x1B
  .byte 0xCC, 0xC1, 0x40, 0x02, 0x01, 0xF5, 0x67, 0x77, 0xAA, 0x7C, 0x66, 0x20, 0x03, 0x20, 0xA7, 0x67
  .byte 0x00, 0x46, 0xAA, 0xAB, 0x6C, 0xBB, 0xCA, 0x3D, 0xCA, 0x7A, 0x11, 0x11, 0x00, 0x14, 0x01, 0x15
  .byte 0x00, 0x12, 0xAC, 0x00, 0x0E, 0xD5, 0x10, 0x50, 0x10, 0x03, 0xC6, 0x00, 0x84, 0xC7, 0x01, 0x1B
  .byte 0x7A, 0x00, 0x08, 0xBF, 0x11, 0x1B, 0xBA, 0x00, 0x0F, 0x10, 0x03, 0x52, 0x03, 0xF0, 0x01, 0xF0
  .byte 0x01, 0xF0, 0x01, 0xB8, 0xA0, 0x01, 0xB0, 0xF0, 0x12, 0x70, 0x01, 0x00, 0xE3, 0x7C, 0xAB, 0xAA
  .byte 0x04, 0x7B, 0x77, 0xB0, 0xBB, 0xA0, 0x01, 0x91, 0xA0, 0xC1, 0xC4, 0x00, 0x2E, 0xA0, 0x76, 0x77
  .byte 0xAA, 0xAB, 0x01, 0xCB, 0xAB, 0xAC, 0x00, 0xAC, 0x6C, 0xCB, 0xCC, 0x61, 0xBB, 0x00, 0x1C, 0x41
  .byte 0xBB, 0xC0, 0x4F, 0xA7, 0xC6, 0x7C, 0xAC, 0xA7, 0x01, 0x40, 0x00, 0x67, 0x77, 0xA7, 0xBA, 0xC7
  .byte 0xA1, 0xCC, 0xB6, 0x38, 0xBB, 0x61, 0x02, 0xC1, 0x00, 0x24, 0x50, 0x01, 0xAB, 0xAA, 0xAA, 0x01
  .byte 0xBA, 0xBB, 0xAA, 0xAA, 0x0B, 0xAB, 0xBC, 0x80, 0x14, 0xFF, 0xF0, 0x01, 0xF0, 0x01, 0xF0, 0x01
  .byte 0xF0, 0x01, 0xF0, 0x01, 0xF0, 0x01, 0xF0, 0x01, 0xF0, 0x01, 0xFF, 0xF0, 0x01, 0xF0, 0x01, 0xF0
  .byte 0x01, 0xF0, 0x01, 0xF0, 0x01, 0xF0, 0x01, 0xF0, 0x01, 0xF0, 0x01, 0xE0, 0xF0, 0x01, 0xF0, 0x01
  .byte 0x40, 0x01, 0x00, 0x00

  .globl gMonPalette_Ivysaur
gMonPalette_Ivysaur:
  .incbin "build/graphics/pokemon/ivysaur/normal_palette.gbapal.lz"

  .globl gMonBackPic_Ivysaur
gMonBackPic_Ivysaur:
  .incbin "build/graphics/pokemon/ivysaur/back.4bpp.lz"

  .globl gMonShinyPalette_Ivysaur
gMonShinyPalette_Ivysaur:
  .incbin "build/graphics/pokemon/ivysaur/shiny_palette.gbapal.lz"

  .globl gMonIcon_Ivysaur
gMonIcon_Ivysaur:
  .incbin "build/graphics/pokemon/ivysaur/icon.4bpp"
  @ Replaced baserom.gba range: offset=0xC30FB4, size=0x5AC
  .byte 0x00, 0x00, 0x00, 0x00, 0x10, 0xB0, 0xF0, 0xF8, 0x00, 0x00, 0x00, 0x01, 0x11, 0x1B, 0x1F, 0x3F
  .byte 0xF8, 0xF8, 0xF0, 0xF0, 0xE0, 0x80, 0x00, 0x00, 0x3F, 0x3F, 0x1F, 0x1F, 0x0F, 0x03, 0x00, 0x00
  .byte 0x10, 0x00, 0x08, 0x00, 0x3F, 0x00, 0x00, 0xF0, 0x01, 0xF0, 0x01, 0xF0, 0x01, 0xF0, 0x01, 0xF0
  .byte 0x01, 0xF0, 0x01, 0x80, 0x50, 0x01, 0x66, 0x55, 0x60, 0x66, 0xCC, 0x9B, 0x96, 0x10, 0x99, 0x99
  .byte 0x99, 0xF0, 0x1B, 0x00, 0x00, 0x55, 0x05, 0x03, 0x00, 0x00, 0x99, 0x69, 0x55, 0x00, 0x00, 0x1E
  .byte 0x00, 0x09, 0xFF, 0xF0, 0x01, 0xF0, 0x01, 0xF0, 0x01, 0xF0, 0x01, 0xF0, 0x01, 0xF0, 0x01, 0xF0
  .byte 0x01, 0x00, 0x01, 0x40, 0x60, 0x00, 0x02, 0x96, 0x00, 0x60, 0xC6, 0x9C, 0x00, 0x00, 0x96, 0xCB
  .byte 0x9B, 0x60, 0x99, 0xB9, 0x99, 0x60, 0x00, 0x89, 0x99, 0x99, 0x85, 0x58, 0x98, 0x99, 0x85, 0x02
  .byte 0x55, 0x98, 0x99, 0x66, 0x66, 0x06, 0x00, 0xA7, 0x59, 0x40, 0x55, 0x00, 0xAB, 0x59, 0x99, 0xCC
  .byte 0x99, 0x89, 0x99, 0x40, 0xCB, 0x00, 0x03, 0x99, 0x99, 0x88, 0x99, 0x99, 0xC9, 0x02, 0x88, 0x99
  .byte 0x89, 0x88, 0x58, 0x95, 0x10, 0x0C, 0x98, 0x80, 0x00, 0x03, 0x88, 0x88, 0x58, 0x85, 0x8C, 0xC5
  .byte 0xC5, 0x00, 0x58, 0xC5, 0xCB, 0x6B, 0xC8, 0xB6, 0x65, 0x55, 0x00, 0x58, 0x5C, 0x7C, 0x77, 0x77
  .byte 0x77, 0xCB, 0xC7, 0x80, 0x00, 0x2F, 0x07, 0xB9, 0xBC, 0x8B, 0x78, 0x88, 0x99, 0x00, 0x88, 0x78
  .byte 0xC5, 0x95, 0x8C, 0x87, 0xCB, 0xCB, 0x00, 0x55, 0x88, 0x65, 0xB5, 0xC6, 0x88, 0x77, 0x6C, 0x00
  .byte 0x5C, 0x88, 0xC7, 0x5B, 0x77, 0x57, 0x00, 0x55, 0x00, 0x75, 0x77, 0x55, 0xCB, 0x99, 0x99, 0x98
  .byte 0xCC, 0xEE, 0x00, 0x48, 0x40, 0x01, 0x00, 0x4E, 0xC9, 0x00, 0x03, 0x00, 0x53, 0x31, 0x3F, 0x75
  .byte 0xA0, 0x00, 0x03, 0x99, 0x00, 0x04, 0x99, 0x99, 0x07, 0x00, 0xCC, 0x00, 0x99, 0x79, 0x00, 0xBC
  .byte 0x89, 0x79, 0x00, 0xBB, 0x01, 0x58, 0x88, 0x07, 0x99, 0x58, 0x85, 0x07, 0xF0, 0xCE, 0xE0, 0xF0
  .byte 0x01, 0xF0, 0x01, 0x81, 0x8B, 0x88, 0xB8, 0x9C, 0x85, 0x88, 0x00, 0xBB, 0xBC, 0x50, 0x88, 0xBB
  .byte 0x55, 0x50, 0x88, 0x00, 0x58, 0x98, 0x00, 0x55, 0x85, 0x98, 0x00, 0x50, 0x08, 0x88, 0x88, 0x00
  .byte 0x85, 0x30, 0x03, 0x89, 0x58, 0x55, 0x10, 0x85, 0x55, 0x95, 0x20, 0xF3, 0x99, 0xC9, 0x9B, 0x99
  .byte 0x03, 0x99, 0xCC, 0xBC, 0x99, 0xC9, 0xBB, 0x00, 0xAB, 0x00, 0x9A, 0x40, 0x99, 0x01, 0x22, 0x99
  .byte 0x88, 0x55, 0xB6, 0xC6, 0x88, 0x00, 0x88, 0x55, 0x77, 0x89, 0x88, 0x88, 0x78, 0xBB, 0x80, 0x00
  .byte 0x03, 0x9B, 0x99, 0x88, 0x77, 0x99, 0x89, 0x77, 0x00, 0x75, 0x99, 0x78, 0x57, 0x57, 0x89, 0x57
  .byte 0x55, 0x01, 0x55, 0xB6, 0x76, 0x85, 0x88, 0x77, 0x87, 0x01, 0x1D, 0x00, 0x88, 0x88, 0xCB, 0x88
  .byte 0x88, 0xB8, 0xBC, 0x87, 0x00, 0x88, 0xC9, 0x9C, 0x75, 0x87, 0x99, 0x99, 0x57, 0x09, 0x77, 0x98
  .byte 0x99, 0x55, 0x00, 0x08, 0x55, 0x55, 0x10, 0x49, 0x30, 0x55, 0x85, 0x21, 0x5F, 0x20, 0x64, 0x9C
  .byte 0x99, 0x99, 0xCB, 0x04, 0xBC, 0x89, 0x99, 0xCC, 0xBB, 0x00, 0x18, 0x58, 0x88, 0xA0, 0x01, 0x62
  .byte 0x07, 0x00, 0x3B, 0x07, 0x85, 0x88, 0x78, 0x00, 0x40, 0x58, 0x00, 0x03, 0x88, 0x75, 0x07, 0x00
  .byte 0x88, 0x59, 0x0F, 0x00, 0x00, 0x88, 0x98, 0x00, 0x07, 0x00, 0x03, 0xF0, 0xD1, 0xF0, 0x01, 0xC8
  .byte 0xF0, 0x01, 0x50, 0x01, 0xD0, 0xDD, 0x20, 0xE7, 0x70, 0x87, 0x58, 0x00, 0x00, 0x00, 0x70, 0x77
  .byte 0x00, 0x00, 0x10, 0x11, 0x00, 0x00, 0xDD, 0x11, 0x1E, 0xD0, 0xAA, 0xAA, 0xEA, 0x00, 0x10, 0xA1
  .byte 0xAA, 0x1D, 0xAD, 0xAA, 0xDD, 0xDA, 0x0C, 0x85, 0x88, 0x98, 0x89, 0x00, 0x22, 0x00, 0x01, 0xB8
  .byte 0xBB, 0x80, 0x01, 0x2B, 0xBB, 0xDD, 0x77, 0x88, 0xBB, 0x1D, 0x11, 0x00, 0x77, 0x77, 0xE1, 0xED
  .byte 0xDD, 0xDD, 0xDE, 0xDE, 0x00, 0xDE, 0xD1, 0x78, 0x57, 0x76, 0x66, 0x15, 0x67, 0x00, 0x57, 0x67
  .byte 0xD7, 0x57, 0x66, 0x76, 0xD7, 0x17, 0x00, 0x67, 0x67, 0x17, 0xD1, 0xDD, 0x71, 0x17, 0xDD, 0x00
  .byte 0xDD, 0x7E, 0xD1, 0xED, 0xEE, 0x1E, 0x1D, 0xD1, 0x00, 0xAE, 0x1E, 0x75, 0x75, 0x77, 0x88, 0x57
  .byte 0x57, 0x00, 0x17, 0x85, 0x56, 0x55, 0xD7, 0x85, 0x17, 0x77, 0x00, 0x77, 0x57, 0xD1, 0xDD, 0xDD
  .byte 0x51, 0xDD, 0xDD, 0x02, 0xDD, 0xDD, 0xED, 0xED, 0xDD, 0xD1, 0x00, 0x40, 0x7D, 0xD0, 0x01, 0xE4
  .byte 0x10, 0x5E, 0x58, 0x00, 0x03, 0x78, 0x88, 0xBB, 0x58, 0x00, 0x05, 0x88, 0x5B, 0x75, 0x17, 0x55
  .byte 0x75, 0xD7, 0x00, 0xDD, 0x7D, 0xD1, 0x1D, 0xD1, 0x7D, 0xDD, 0xDD, 0x6A, 0x12, 0x20, 0xE7, 0x00
  .byte 0x99, 0x57, 0x40, 0xB1, 0x11, 0x00, 0x03, 0xDD, 0x80, 0x00, 0x04, 0x1D, 0x71, 0x77, 0x00, 0xDD
  .byte 0xED, 0xEE, 0xDB, 0xF1, 0x00, 0xF0, 0xE3, 0xAA, 0x00, 0x03, 0x10, 0x36, 0xAD, 0x40, 0x0B, 0x00
  .byte 0x03, 0x40, 0x20, 0x00, 0x0F, 0x20, 0x44, 0x00, 0x00, 0x42, 0x44, 0x00, 0xAA, 0xDA, 0xAA, 0xEE
  .byte 0xA1, 0xAA, 0xEE, 0xEE, 0x00, 0xAA, 0x1A, 0xDA, 0xEE, 0xEA, 0xA1, 0x1A, 0xEE, 0x00, 0x11, 0xAA
  .byte 0x1E, 0xEE, 0x12, 0xEA, 0x21, 0xD1, 0x00, 0x24, 0x11, 0x21, 0x72, 0x34, 0x22, 0x22, 0x22, 0x80
  .byte 0x00, 0xA7, 0x1D, 0xEE, 0x1E, 0xDE, 0xDD, 0xE1, 0xEE, 0x00, 0xD1, 0x1D, 0x7D, 0xEE, 0x7E, 0x27
  .byte 0x7D, 0xED, 0x02, 0x7D, 0x72, 0x7D, 0xD7, 0x27, 0x72, 0x00, 0x01, 0x23, 0x00, 0x22, 0x12, 0x48
  .byte 0x33, 0xE1, 0xAA, 0xAA, 0xDE, 0x08, 0x11, 0xAD, 0xAA, 0xED, 0x01, 0x32, 0xED, 0xA1, 0xAD, 0x00
  .byte 0x2A, 0xEE, 0xDA, 0xA1, 0xAA, 0xEA, 0x1A, 0xAA, 0x00, 0xA1, 0xE1, 0xA1, 0xDA, 0xED, 0xE1, 0xA1
  .byte 0x1A, 0x00, 0xEA, 0x1D, 0xED, 0xED, 0x1D, 0xDD, 0xDE, 0xD2, 0x00, 0xDE, 0xD1, 0xEE, 0x1D, 0xDD
  .byte 0x7D, 0xEE, 0xEE, 0x10, 0xD1, 0x7D, 0x1E, 0x00, 0x43, 0xEE, 0xE1, 0xEE, 0x27, 0x09, 0xEE, 0x2E
  .byte 0x7E, 0x32, 0x00, 0x0A, 0x33, 0xD7, 0x01, 0x0B, 0x40, 0xD7, 0x01, 0x0A, 0x12, 0x1D, 0xDD, 0x1D
  .byte 0x22, 0x11, 0x00, 0xDD, 0xDD, 0x22, 0x11, 0xD1, 0xE1, 0x11, 0x43, 0x00, 0x14, 0xE1, 0x43, 0x34
  .byte 0x21, 0x17, 0x44, 0x73, 0x20, 0x28, 0x27, 0x01, 0x4E, 0x07, 0x1D, 0xDD, 0xEE, 0x1E, 0x00, 0xDD
  .byte 0xD1, 0xEE, 0xEE, 0xDD, 0x1D, 0xDE, 0x71, 0x10, 0x1E, 0xED, 0xEE, 0x00, 0x3E, 0xEE, 0xEE, 0xA1
  .byte 0x1E, 0x03, 0xEE, 0xDE, 0xA1, 0xA1, 0x1E, 0xEA, 0x50, 0xE5, 0x51, 0x08, 0x59, 0x01, 0x00, 0x03
  .byte 0x1E, 0x00, 0x03, 0x01, 0x32, 0x00, 0x0D, 0x20, 0x11, 0x71, 0x42, 0x20, 0xE7, 0x00, 0xEE, 0x10
  .byte 0x03, 0x34, 0x00, 0x10, 0x40, 0x03, 0x20, 0x00, 0x41, 0x10, 0x03, 0x33, 0x44, 0x23, 0x22, 0x33
  .byte 0x05, 0x44, 0x34, 0x33, 0x33, 0x43, 0x00, 0x04, 0x42, 0x10, 0x03, 0x00, 0x24, 0x33, 0x33, 0x32
  .byte 0x42, 0x33, 0x33, 0x31, 0x80, 0x00, 0x03, 0x21, 0x44, 0x33, 0x33, 0x22, 0x12, 0x49, 0x08, 0x34
  .byte 0x33, 0x12, 0x47, 0x00, 0x03, 0x44, 0x43, 0x33, 0x00, 0x31, 0x41, 0x42, 0x33, 0xF1, 0x41, 0x42
  .byte 0x23, 0x00, 0xF3, 0x18, 0x33, 0x13, 0xF3, 0x17, 0x33, 0x11, 0x00, 0xF3, 0x1F, 0x44, 0x12, 0x11
  .byte 0xEA, 0x77, 0x33, 0x01, 0x72, 0x77, 0x22, 0x34, 0x33, 0x22, 0x32, 0x00, 0x2E, 0xE0, 0x20, 0x4B
  .byte 0x00, 0x29, 0x60, 0x07, 0xE1, 0x77, 0x32, 0x33, 0x77, 0x03, 0x22, 0x33, 0x33, 0x23, 0x32, 0x33
  .byte 0x10, 0x05, 0x00, 0x21, 0xC0, 0x00, 0x14, 0x20, 0x65, 0x42, 0x71, 0x33, 0x33, 0x11, 0x7F, 0x00
  .byte 0x33, 0x87, 0x29, 0x27, 0x33, 0x13, 0x32, 0x12, 0x80, 0x00, 0x1C, 0x22, 0x33, 0x32, 0x23, 0x22
  .byte 0x13, 0x31, 0x14, 0x23, 0x22, 0xF1, 0x00, 0x03, 0xF8, 0x00, 0x0B, 0xF8, 0x32, 0x00, 0x22, 0x22
  .byte 0x72, 0xA7, 0x7A, 0xA7, 0x22, 0x72, 0x00, 0x07, 0x70, 0x27, 0x22, 0x01, 0x00, 0x21, 0x22, 0x00
  .byte 0x12, 0x00, 0x12, 0x22, 0x22, 0x01, 0x12, 0x32, 0x00, 0x32, 0x02, 0x12, 0x22, 0x23, 0x13, 0x12
  .byte 0x22, 0x1E, 0x32, 0x32, 0x7A, 0x40, 0xEB, 0xF0, 0x01, 0x31, 0x0B, 0x02, 0xD3, 0x33, 0x80, 0x00
  .byte 0x03, 0x21, 0x00, 0x00, 0xF3, 0xF2, 0x00, 0x00, 0x35, 0x72, 0xF7, 0xD0, 0x2E, 0x10, 0xE3, 0x12
  .byte 0x00, 0x03, 0x72, 0x00, 0x03, 0x40, 0x74, 0x00, 0xB3, 0x77, 0x34, 0x23, 0x33, 0x10, 0x34, 0x06
  .byte 0x32, 0x33, 0x10, 0x33, 0x13, 0x00, 0x03, 0x00, 0x1B, 0x24, 0x00, 0x42, 0x44, 0x12, 0x44, 0x44
  .byte 0x44, 0x23, 0x41, 0x80, 0x00, 0x03, 0x31, 0x43, 0x44, 0x23, 0x21, 0x21, 0x43, 0x00, 0x23, 0x12
  .byte 0x12, 0xF1, 0x23, 0x12, 0x21, 0x77, 0x07, 0x22, 0x12, 0x11, 0x31, 0x34, 0x10, 0xE7, 0x00, 0x27
  .byte 0x00, 0x06, 0x64, 0x33, 0x00, 0x36, 0x10, 0x0B, 0x31, 0x21, 0x00, 0x0B, 0x87, 0x18, 0x10, 0x77
  .byte 0x17, 0x72, 0x04, 0x1F, 0x33, 0x33, 0xF2, 0xFF, 0xE0, 0x00, 0x0E, 0x00, 0xDE, 0x60, 0x01, 0x77
  .byte 0x33, 0x71, 0x17, 0x55, 0x41, 0x21, 0x02, 0xF3, 0x99, 0x88, 0x18, 0xF1, 0x4F, 0x00, 0xFA, 0x20
  .byte 0x32, 0x33, 0x00, 0xFE, 0x23, 0x21, 0x22, 0x13, 0x11, 0x01, 0x22, 0x22, 0x5F, 0x15, 0x22, 0x22
  .byte 0x55, 0x00, 0xE8, 0x85, 0x00, 0x06, 0x71, 0x22, 0x22, 0x77, 0x00, 0xEF, 0x23, 0x10, 0x1D, 0xA0
  .byte 0x00, 0x03, 0x32, 0x00, 0x21, 0x32, 0x33, 0x27, 0x22, 0x32, 0x02, 0x13, 0x27, 0x22, 0x22, 0x33
  .byte 0x21, 0x00, 0x03, 0x10, 0x75, 0x22, 0x00, 0x0C, 0x00, 0xC3, 0x10, 0x03, 0x33, 0x00, 0xEC, 0x31
  .byte 0x00, 0x03, 0x4B, 0x33, 0x00, 0x0C, 0x33, 0x73, 0x40, 0x03, 0x72, 0xF1, 0x13, 0xD0, 0x01, 0x00
  .byte 0x30, 0x3F, 0x33, 0x23, 0xF3, 0x1F, 0x22, 0xF2, 0x0C, 0x72, 0x77, 0x77, 0xFF, 0x00, 0x0E, 0x01
  .byte 0x23, 0x00, 0x20, 0x80, 0x90, 0x1F, 0x22, 0x42, 0x01, 0x10, 0x21, 0x41, 0x74, 0x03, 0x00, 0x7F
  .byte 0x77, 0x77, 0x00, 0x7F, 0x82, 0x67, 0x50, 0x01, 0x09, 0xF2, 0x82, 0x88, 0x88, 0x11, 0x43, 0x00
  .byte 0x12, 0x00, 0x20, 0x86, 0xF0, 0x5E, 0x00, 0x88, 0x18, 0x31, 0x11, 0xF7, 0x00, 0x1D, 0x17, 0xF8
  .byte 0x31, 0x8E, 0xC0, 0x01, 0x00, 0xE2, 0xF1, 0xBF, 0x90, 0x01, 0xF1, 0x21, 0x12, 0x00, 0x30, 0x4F
  .byte 0x21, 0xF1, 0x20, 0x77, 0x77, 0xF1, 0xA0, 0x00, 0x0D, 0x70, 0xD0, 0x1E, 0x21, 0x72, 0x02, 0x00
  .byte 0x1F, 0x03, 0x41, 0x24, 0x00, 0xFF, 0x77, 0x07, 0xF0, 0x47, 0x00, 0x01

  .globl gMonPalette_Venusaur
gMonPalette_Venusaur:
  .incbin "build/graphics/pokemon/venusaur/normal_palette.gbapal.lz"

  .globl gMonBackPic_Venusaur
gMonBackPic_Venusaur:
  .incbin "build/graphics/pokemon/venusaur/back.4bpp.lz"

  .globl gMonShinyPalette_Venusaur
gMonShinyPalette_Venusaur:
  .incbin "build/graphics/pokemon/venusaur/shiny_palette.gbapal.lz"

  .globl gMonIcon_Venusaur
gMonIcon_Venusaur:
  .incbin "build/graphics/pokemon/venusaur/icon.4bpp"
  @ Replaced baserom.gba range: offset=0xC31E80, size=0x2D0
  .byte 0x00, 0x00, 0x00, 0x90, 0xB0, 0xF8, 0xF8, 0xFC, 0x00, 0x00, 0x01, 0x13, 0x1B, 0x3F, 0x3F, 0x7F
  .byte 0xFC, 0xFC, 0xFC, 0xF8, 0xF0, 0xC0, 0x00, 0x00, 0x7F, 0x7F, 0x7F, 0x3F, 0x1F, 0x07, 0x00, 0x00
  .byte 0x10, 0x00, 0x08, 0x00, 0x3F, 0x00, 0x00, 0xF0, 0x01, 0xF0, 0x01, 0xF0, 0x01, 0xF0, 0x01, 0xF0
  .byte 0x01, 0xF0, 0x01, 0xFF, 0xF0, 0x01, 0xF0, 0x01, 0xF0, 0x01, 0xF0, 0x01, 0xF0, 0x01, 0xF0, 0x01
  .byte 0xF0, 0x01, 0xF0, 0x01, 0xFF, 0xF0, 0x01, 0xF0, 0x01, 0xF0, 0x01, 0xF0, 0x01, 0xF0, 0x01, 0xF0
  .byte 0x01, 0xF0, 0x01, 0x00, 0x01, 0x40, 0xB0, 0xE0, 0x11, 0xC0, 0xCC, 0x01, 0xC0, 0xAB, 0xAA, 0x03
  .byte 0xCA, 0xAC, 0x99, 0xAA, 0xAA, 0x9A, 0x00, 0x03, 0xF0, 0x32, 0x15, 0x00, 0x00, 0x01, 0x00, 0x03
  .byte 0x1A, 0x00, 0x03, 0xAA, 0x10, 0x08, 0xFF, 0xF0, 0x01, 0xF0, 0x01, 0xF0, 0x01, 0xF0, 0x01, 0xF0
  .byte 0x01, 0xF0, 0x01, 0xF0, 0x01, 0xB0, 0x01, 0x40, 0x70, 0x00, 0x01, 0x07, 0x70, 0x77, 0x70, 0x07
  .byte 0x77, 0x81, 0x00, 0x05, 0x77, 0x07, 0x77, 0x78, 0x77, 0x07, 0x10, 0xD1, 0xA1, 0x00, 0x03, 0xAC
  .byte 0x10, 0x03, 0x77, 0x00, 0x00, 0xA3, 0x00, 0x07, 0x54, 0xAD, 0x00, 0x03, 0x9E, 0x00, 0x03, 0x9C
  .byte 0x00, 0x1A, 0x99, 0x99, 0x00, 0xA9, 0xBA, 0xAA, 0x99, 0xAA, 0xBB, 0xCC, 0xAA, 0x02, 0xAA, 0xCB
  .byte 0xD3, 0xAA, 0xAA, 0xCA, 0x10, 0x03, 0xDD, 0x80, 0x00, 0x03, 0xEE, 0xAA, 0xAA, 0xBA, 0xBF, 0xAA
  .byte 0xAA, 0xAD, 0x00, 0x01, 0x0C, 0x00, 0xE7, 0x1B, 0x00, 0x3C, 0x10, 0x03, 0xCB, 0x00, 0x03, 0x2B
  .byte 0xBB, 0x01, 0x20, 0x03, 0xBA, 0x00, 0x03, 0xBB, 0x00, 0x03, 0xF0, 0x84, 0xF9, 0xF0, 0x01, 0xF0
  .byte 0x01, 0xF0, 0x01, 0xF0, 0x01, 0x80, 0xD5, 0x00, 0x00, 0x00, 0xBA, 0xD4, 0x20, 0x03, 0x50, 0x0B
  .byte 0x87, 0x00, 0x03, 0x80, 0x10, 0x1C, 0x87, 0x78, 0x00, 0x78, 0x80, 0x87, 0x85, 0x85, 0x77, 0x88
  .byte 0x55, 0x00, 0x85, 0x78, 0x58, 0x85, 0x55, 0x75, 0x55, 0x78, 0x40, 0x58, 0x20, 0x03, 0x85, 0x77
  .byte 0x87, 0x08, 0x87, 0x77, 0x4A, 0x87, 0x00, 0xFF, 0x10, 0xA9, 0x00, 0xE7, 0xBA, 0x41, 0x03, 0x10
  .byte 0xC8, 0xD0, 0x5C, 0x00, 0xE1, 0xBB, 0xCA, 0x00, 0xFF, 0xBA, 0xBB, 0xCC, 0x00, 0xB3, 0xC1, 0xCC
  .byte 0xBB, 0xBB, 0xC0, 0xBB, 0xBB, 0x00, 0xCC, 0x00, 0x1C, 0xCC, 0xBB, 0x00, 0xC0, 0x55, 0x00, 0xA5
  .byte 0x00, 0x5B, 0x55, 0x55, 0xCB, 0xBB, 0x0C, 0x2B, 0x00, 0xBC, 0x00, 0xF7, 0xBB, 0x00, 0xFF, 0xBC
  .byte 0x00, 0x03, 0x10, 0xF3, 0x53, 0xBB, 0x00, 0x13, 0xAC, 0x00, 0x10, 0xAC, 0xBA, 0x00, 0x18, 0xF0
  .byte 0x01, 0xFD, 0xF0, 0x01, 0xF0, 0x01, 0xF0, 0x01, 0xF0, 0x01, 0xF0, 0x01, 0xF0, 0x01, 0x00, 0x01
  .byte 0xE7, 0xE1, 0x01, 0xC9, 0x01, 0xA4, 0x20, 0x03, 0xC9, 0x00, 0x00, 0x9B, 0x00, 0x03, 0x1F, 0xB0
  .byte 0x99, 0x0C, 0x01, 0xDA, 0x10, 0x0C, 0x52, 0xBF, 0x12, 0xE7, 0x12, 0x07, 0xD0, 0x10, 0x03, 0x60
  .byte 0x01, 0x1C, 0x00, 0x03, 0xCB, 0x5C, 0x44, 0xCC, 0x00, 0xB9, 0x4C, 0xC4, 0x99, 0xCA, 0x4C, 0xA4
  .byte 0xAA, 0x00, 0xAA, 0x4C, 0xC4, 0xA1, 0x11, 0x45, 0x44, 0x11, 0x08, 0xA0, 0x44, 0x44, 0x54, 0x50
  .byte 0x03, 0xA9, 0xAA, 0xBB, 0x20, 0x01, 0xAA, 0x01, 0x04, 0xBA, 0xBC, 0xBB, 0x1B, 0x1C, 0x00, 0xBB
  .byte 0xBB, 0xCB, 0x66, 0xBB, 0xBB, 0xBB, 0x65, 0x8E, 0x50, 0x03, 0xBC, 0xBB, 0xBB, 0xF3, 0x1B, 0x30
  .byte 0x03, 0x00, 0x8D, 0x00, 0xFE, 0x01, 0x2E, 0xF0, 0x01, 0xF0, 0x01, 0xF0, 0x01, 0xF0, 0x01, 0xF0
  .byte 0x01, 0x60, 0x01, 0xAC, 0xAE, 0x00, 0xE3, 0xC0, 0x10, 0xE7, 0xBC, 0xD0, 0xDF, 0x21, 0xDF, 0x00
  .byte 0xE4, 0xAA, 0x19, 0xAA, 0x1C, 0xC1, 0x01, 0xE6, 0x00, 0xAD, 0xBB, 0xB1, 0x00, 0x04, 0x00, 0xB1
  .byte 0x10, 0x6C, 0xB6, 0xCB, 0x00, 0x10, 0x6C, 0x40, 0x66, 0x02, 0x0E, 0x6C, 0xAC, 0x44, 0x44, 0x55
  .byte 0xBA, 0x00, 0x55, 0x55, 0x55, 0xBA, 0x56, 0x55, 0x65, 0xA9, 0x00, 0x6C, 0x66, 0x66, 0xA9, 0xCA
  .byte 0x66, 0x66, 0xAA, 0x08, 0xAA, 0xCC, 0x66, 0xAC, 0x02, 0x10, 0x1C, 0xBC, 0xBB, 0x03, 0x11, 0xC5
  .byte 0xAA, 0xBA, 0xBB, 0xAB, 0x03, 0x20, 0x04, 0x0F, 0x2E, 0xBB, 0xA1, 0x00, 0x44, 0xB1, 0x00, 0x0F
  .byte 0x10, 0x48, 0x02, 0x2A, 0xCB, 0x1F, 0x66, 0x1C, 0xC1, 0x12, 0x1A, 0x20, 0xE7, 0x50, 0x03, 0x10
  .byte 0x0F, 0x02, 0x1E, 0xFF, 0x30, 0x03, 0xF3, 0x1E, 0xF0, 0x01, 0xF0, 0x01, 0xF0, 0x01, 0xF0, 0x01
  .byte 0xF0, 0x01, 0xF0, 0x01, 0xD8, 0x64, 0xD1, 0x00, 0x03, 0x3B, 0xF1, 0x1B, 0x30, 0x01, 0xAB, 0xAA
  .byte 0xBB, 0x00, 0x1B, 0x3C, 0x3B, 0xBB, 0x01, 0x11, 0x11, 0xC1, 0xD8, 0xF0, 0x1C, 0x00, 0x01, 0x11
  .byte 0x02, 0xE9, 0x01, 0x5E, 0xBA, 0x00, 0x3C, 0x03, 0x3C, 0x3C, 0x00, 0xC0, 0x11, 0x11, 0xD0, 0x1F
  .byte 0x10, 0xE3, 0xFF, 0x10, 0xF3, 0x12, 0x4B, 0xF0, 0xEE, 0xF0, 0x01, 0xF0, 0x01, 0xF0, 0x01, 0xF0
  .byte 0x01, 0xF0, 0x01, 0xFF, 0xF0, 0x01, 0xF0, 0x01, 0xF0, 0x01, 0xF0, 0x01, 0xF0, 0x01, 0xF0, 0x01
  .byte 0xF0, 0x01, 0xF0, 0x01, 0xE0, 0xF0, 0x01, 0xF0, 0x01, 0xF0, 0x01, 0x00, 0x00, 0x00, 0x00, 0x00

  .globl gMonPalette_Charmander
gMonPalette_Charmander:
  .incbin "build/graphics/pokemon/charmander/normal_palette.gbapal.lz"

  .globl gMonBackPic_Charmander
gMonBackPic_Charmander:
  .incbin "build/graphics/pokemon/charmander/back.4bpp.lz"

  .globl gMonShinyPalette_Charmander
gMonShinyPalette_Charmander:
  .incbin "build/graphics/pokemon/charmander/shiny_palette.gbapal.lz"

  .globl gMonIcon_Charmander
gMonIcon_Charmander:
  .incbin "build/graphics/pokemon/charmander/icon.4bpp"
  @ Replaced baserom.gba range: offset=0xC32834, size=0x3C8
  .byte 0x00, 0x00, 0x00, 0x00, 0x20, 0xA0, 0xE0, 0xE0, 0x00, 0x00, 0x00, 0x01, 0x09, 0x0B, 0x0F, 0x0F
  .byte 0xE0, 0xE0, 0xE0, 0xC0, 0xC0, 0x80, 0x00, 0x00, 0x0F, 0x0F, 0x0F, 0x07, 0x07, 0x03, 0x00, 0x00
  .byte 0x10, 0x00, 0x08, 0x00, 0x3F, 0x00, 0x00, 0xF0, 0x01, 0xF0, 0x01, 0xF0, 0x01, 0xF0, 0x01, 0xF0
  .byte 0x01, 0xF0, 0x01, 0xFF, 0xF0, 0x01, 0xF0, 0x01, 0xF0, 0x01, 0xF0, 0x01, 0xF0, 0x01, 0xF0, 0x01
  .byte 0xF0, 0x01, 0xF0, 0x01, 0xF4, 0xF0, 0x01, 0xF0, 0x01, 0xF0, 0x01, 0x80, 0x01, 0xC0, 0x20, 0x05
  .byte 0xDD, 0x0D, 0x00, 0x00, 0x00, 0xAD, 0x0D, 0x00, 0xD0, 0xAA, 0xDC, 0x00, 0x00, 0xC0, 0xBA, 0xFC
  .byte 0x00, 0xBD, 0xBB, 0xFC, 0x00, 0x00, 0xBC, 0xDB, 0xFD, 0x00, 0xBB, 0xCB, 0xCC, 0xD5, 0x00, 0x18
  .byte 0x20, 0x01, 0x07, 0x00, 0x03, 0x70, 0x00, 0x03, 0x77, 0x00, 0x06, 0xB0, 0x10, 0x03, 0x80, 0x30
  .byte 0x12, 0x30, 0x01, 0x70, 0x07, 0x80, 0x00, 0x00, 0x77, 0x77, 0x00, 0x77, 0x87, 0x78, 0x77, 0x87
  .byte 0x08, 0x88, 0x88, 0x88, 0x58, 0x00, 0x02, 0x55, 0x70, 0x58, 0x02, 0x55, 0x55, 0x00, 0x77, 0x57
  .byte 0x55, 0x10, 0x1F, 0x77, 0xA0, 0x00, 0x2A, 0x77, 0x00, 0x04, 0x88, 0x88, 0x77, 0x00, 0x58, 0x04
  .byte 0x58, 0x85, 0x07, 0x55, 0x55, 0x00, 0x03, 0x78, 0x77, 0x07, 0x07, 0x55, 0x77, 0xD7, 0xD7, 0xF0
  .byte 0x92, 0xF0, 0x01, 0xF0, 0x01, 0xE0, 0xF0, 0x01, 0xF0, 0x01, 0x60, 0xE2, 0xAD, 0x00, 0xC0, 0xBD
  .byte 0xAA, 0x02, 0x00, 0xAC, 0xAA, 0xBA, 0x00, 0xAD, 0x10, 0x03, 0xBA, 0x00, 0xBB, 0x00, 0xC0, 0xBC
  .byte 0xCB, 0x00, 0x10, 0xBC, 0x00, 0xDB, 0x00, 0xDD, 0xBC, 0xBB, 0xBA, 0xBB, 0xCB, 0x00, 0xDC, 0xBB
  .byte 0xBB, 0xBB, 0xCB, 0xBB, 0xBB, 0xBD, 0x00, 0xBB, 0xAB, 0xDB, 0xCC, 0xBB, 0xAA, 0xEC, 0xC1, 0x00
  .byte 0xBB, 0xCA, 0x1F, 0x11, 0xBC, 0xFA, 0xF1, 0x11, 0x02, 0xBC, 0xFD, 0xCD, 0xCC, 0xBB, 0x0F, 0x00
  .byte 0x41, 0xFC, 0x14, 0x00, 0x00, 0x20, 0x11, 0x09, 0xCC, 0x00, 0x0C, 0xCB, 0x0F, 0x20, 0x00, 0x20
  .byte 0x00, 0x03, 0x12, 0xCB, 0x0D, 0x20, 0xE1, 0x00, 0xCB, 0xDC, 0x00, 0xFD, 0x22, 0x00, 0x70, 0x58
  .byte 0x00, 0x11, 0xD2, 0x00, 0x77, 0x12, 0xE1, 0x0D, 0x00, 0x00, 0x20, 0x21, 0xD2, 0x0D, 0xB2, 0x1D
  .byte 0xE1, 0xFD, 0x00, 0xBE, 0xDB, 0xE1, 0xCD, 0xBE, 0xCB, 0xDD, 0xCC, 0x00, 0xBF, 0xCC, 0xCC, 0xCC
  .byte 0x85, 0x75, 0x77, 0xBD, 0x00, 0x87, 0x88, 0xC8, 0xBB, 0x70, 0x70, 0x07, 0xAD, 0xB3, 0x00, 0x4A
  .byte 0xD0, 0x10, 0x03, 0x40, 0x53, 0x00, 0xDC, 0x00, 0x03, 0x11, 0x60, 0x54, 0xDB, 0x00, 0x03, 0xBA
  .byte 0x00, 0x08, 0xAA, 0x00, 0x08, 0xAA, 0xCB, 0x41, 0x0D, 0x00, 0xA2, 0x0D, 0x00, 0xAC, 0xBA, 0xFB
  .byte 0x01, 0x8F, 0xF8, 0x10, 0x19, 0xF0, 0x01, 0xF0, 0x01, 0xF0, 0x01, 0x60, 0xFD, 0xAA, 0xAA, 0xBB
  .byte 0x00, 0xAC, 0xAA, 0xBB, 0xBB, 0xAD, 0xBA, 0xCB, 0xBB, 0x00, 0xBD, 0xBC, 0xCD, 0xCC, 0xD0, 0xCC
  .byte 0xCC, 0xFF, 0x01, 0xD0, 0xCC, 0xDC, 0xD0, 0x10, 0xFF, 0x0D, 0x20, 0x8B, 0xC8, 0x00, 0xFB, 0x10
  .byte 0xFE, 0xCC, 0xBB, 0x00, 0xAB, 0xFC, 0xDF, 0xDD, 0x00, 0xCD, 0xDF, 0xCE, 0xDC, 0xDC, 0xBD, 0xB1
  .byte 0xDC, 0x13, 0xCC, 0xBD, 0xBB, 0x20, 0x03, 0xFC, 0xCC, 0x00, 0xA8, 0x20, 0x03, 0x87, 0x00, 0xFC
  .byte 0xCC, 0xCC, 0xDC, 0x0D, 0x10, 0x26, 0x00, 0x03, 0x00, 0xDA, 0x01, 0xDC, 0xBD, 0x6D, 0xC6, 0xDC
  .byte 0xCC, 0xF0, 0x00, 0x0C, 0x20, 0x00, 0xCF, 0x00, 0x03, 0xFD, 0xCC, 0xCC, 0xF0, 0xCF, 0x02, 0xDF
  .byte 0xCC, 0xBF, 0xCB, 0xCC, 0xCC, 0x00, 0x02, 0xFF, 0x83, 0x00, 0x02, 0x00, 0xCC, 0xFD, 0xDD, 0x0D
  .byte 0x51, 0x37, 0x10, 0x03, 0x50, 0xDC, 0x00, 0x03, 0xFF, 0xC0, 0x9F, 0xD0, 0xAA, 0xBB, 0x0D, 0x24
  .byte 0xC0, 0xAA, 0x01, 0x66, 0xAD, 0xBB, 0x00, 0xF8, 0xBB, 0xDC, 0xB1, 0x00, 0x03, 0xFC, 0x00, 0x94
  .byte 0x00, 0x03, 0xCB, 0xFC, 0xBD, 0x00, 0x03, 0xFE, 0xF0, 0xD1, 0xF0, 0x01, 0xF0, 0x01, 0xB0, 0x62
  .byte 0x00, 0x03, 0x51, 0x7B, 0xD0, 0x01, 0x20, 0x00, 0xC1, 0xCC, 0xD1, 0xFC, 0xDD, 0xDD, 0xCD, 0xFF
  .byte 0x00, 0xBA, 0xBB, 0xFC, 0xCC, 0xFF, 0xFF, 0xDD, 0xCC, 0x00, 0x00, 0xD0, 0xBD, 0xCC, 0xD0, 0xBD
  .byte 0xCB, 0xCC, 0x04, 0xA2, 0xBA, 0xCC, 0xCC, 0xE1, 0x00, 0xC8, 0xC4, 0x66, 0x00, 0xCC, 0xCC, 0x44
  .byte 0x44, 0xC5, 0xCC, 0x4D, 0x44, 0x4A, 0x54, 0x00, 0x03, 0x44, 0xB5, 0x00, 0x03, 0x55, 0x00, 0x03
  .byte 0x54, 0x81, 0x50, 0x03, 0xDC, 0xDD, 0xCD, 0xCC, 0xCC, 0xDD, 0x01, 0x04, 0xA8, 0x40, 0x01, 0xC5
  .byte 0x00, 0x03, 0x55, 0x10, 0x03, 0xC5, 0xCC, 0xDC, 0x08, 0x55, 0x65, 0xCC, 0xBD, 0x00, 0xF2, 0xD0
  .byte 0xFC, 0x00, 0x0D, 0xD0, 0xCD, 0xCC, 0xDF, 0x00, 0x27, 0x11, 0x39, 0xCC, 0x01, 0x2C, 0x90, 0x20
  .byte 0x08, 0xFC, 0xCC, 0x01, 0x76, 0xCF, 0xBC, 0xBB, 0xCC, 0x00, 0xDC, 0xCB, 0xCB, 0xCB, 0x0D, 0xBC
  .byte 0xBC, 0xCC, 0x6F, 0x0F, 0x00, 0x14, 0x00, 0x03, 0xFC, 0x01, 0x67, 0x10, 0x03, 0x01, 0x6F, 0x11
  .byte 0x30, 0xF5, 0xF0, 0x01, 0xF0, 0x01, 0xF0, 0x01, 0x90, 0x01, 0x12, 0x00, 0x03, 0xF2, 0xF0, 0x16
  .byte 0xA0, 0x30, 0x01, 0xD1, 0x00, 0x6C, 0xFF, 0xE1, 0xFC, 0x0F, 0x20, 0x65, 0xF1, 0x00, 0x6B, 0xF0
  .byte 0x6E, 0x00, 0x6D, 0x00, 0xE3, 0xC0, 0x00, 0xF3, 0x00, 0xCC, 0x55, 0x55, 0x55, 0xAC, 0x6C, 0x55
  .byte 0x55, 0x00, 0xAD, 0xCB, 0x66, 0x66, 0xBD, 0xBB, 0x6D, 0x66, 0x0C, 0xBF, 0xBB, 0xCC, 0x6D, 0x01
  .byte 0xFB, 0x00, 0xE3, 0xD6, 0xAB, 0x00, 0x55, 0x65, 0xC6, 0xAA, 0x55, 0x66, 0xAC, 0xAA, 0x0C, 0x65
  .byte 0x66, 0xAD, 0xAA, 0x00, 0x1D, 0x10, 0x03, 0xBB, 0x66, 0x00, 0x66, 0xDF, 0xBB, 0xDD, 0xFD, 0x00
  .byte 0xBD, 0xBA, 0x15, 0xBB, 0xCC, 0xFD, 0x00, 0x03, 0xFC, 0x03, 0x67, 0xFC, 0x02, 0x67, 0x94, 0x40
  .byte 0x03, 0xCC, 0xDC, 0x14, 0x5B, 0xCB, 0x00, 0xE0, 0xDC, 0xFD, 0xFF, 0x04, 0x7E, 0x00, 0x77, 0x00
  .byte 0x06, 0xF0, 0x7E, 0xF0, 0x01, 0xF0, 0x01, 0xF0, 0x01, 0xF0, 0x01, 0xF8, 0xF0, 0x01, 0xF0, 0x01
  .byte 0x02, 0x0B, 0xF0, 0x12, 0x15, 0x1B, 0xCC, 0xCC, 0x22, 0x00, 0xAA, 0xCB, 0xCC, 0x21, 0xAC, 0xCB
  .byte 0xCC, 0x12, 0x00, 0xDE, 0xCC, 0xFD, 0xFF, 0x12, 0xFE, 0x0F, 0x00, 0x6D, 0xFF, 0x70, 0xA9, 0x00
  .byte 0xBB, 0xD0, 0x01, 0xA6, 0x10, 0x03, 0xCD, 0x02, 0xDB, 0x57, 0x22, 0x00, 0x46, 0x11, 0x00, 0x03
  .byte 0xF1, 0x00, 0x03, 0x20, 0x24, 0x02, 0x1C, 0x91, 0x01, 0xD3, 0xDC, 0x0F, 0x00, 0xEF, 0xDD, 0xBC
  .byte 0xDD, 0x03, 0x11, 0x00, 0xE1, 0xCD, 0xFE, 0xFF, 0x21, 0xFF, 0xFE, 0xF0, 0x3F, 0x0F, 0xF0, 0xF0
  .byte 0xEE, 0xF0, 0x01, 0xF0, 0x01, 0xF0, 0x01, 0xF0, 0x01, 0xF0, 0x01, 0xFF, 0xF0, 0x01, 0xF0, 0x01
  .byte 0xF0, 0x01, 0xF0, 0x01, 0xF0, 0x01, 0xF0, 0x01, 0xF0, 0x01, 0xF0, 0x01, 0xF0, 0xF0, 0x01, 0xF0
  .byte 0x01, 0xF0, 0x01, 0xF0, 0x01, 0x00, 0x00, 0x00

  .globl gMonPalette_Charmeleon
gMonPalette_Charmeleon:
  .incbin "build/graphics/pokemon/charmeleon/normal_palette.gbapal.lz"

  .globl gMonBackPic_Charmeleon
gMonBackPic_Charmeleon:
  .incbin "build/graphics/pokemon/charmeleon/back.4bpp.lz"

  .globl gMonShinyPalette_Charmeleon
gMonShinyPalette_Charmeleon:
  .incbin "build/graphics/pokemon/charmeleon/shiny_palette.gbapal.lz"

  .globl gMonIcon_Charmeleon
gMonIcon_Charmeleon:
  .incbin "build/graphics/pokemon/charmeleon/icon.4bpp"
  @ Replaced baserom.gba range: offset=0xC3332C, size=0x570
  .byte 0x00, 0x00, 0x00, 0x00, 0x90, 0xB0, 0xF0, 0xF0, 0x00, 0x00, 0x01, 0x01, 0x13, 0x1B, 0x1F, 0x1F
  .byte 0xF0, 0xE0, 0xE0, 0xE0, 0xC0, 0x80, 0x00, 0x00, 0x1F, 0x0F, 0x0F, 0x0F, 0x07, 0x03, 0x00, 0x00
  .byte 0x10, 0x00, 0x08, 0x00, 0x3C, 0x00, 0x00, 0xF0, 0x01, 0xF0, 0x01, 0xF0, 0x01, 0x00, 0x01, 0xDC
  .byte 0xC0, 0x14, 0xDD, 0xBD, 0xBB, 0x80, 0x0F, 0xC0, 0x00, 0x03, 0xAD, 0x00, 0x10, 0x00, 0xD0, 0xAB
  .byte 0x00, 0x17, 0xCB, 0xBD, 0xBB, 0xBB, 0x06, 0x9C, 0xBB, 0xBC, 0xCC, 0x09, 0x20, 0x28, 0x00, 0x03
  .byte 0xDA, 0xFC, 0x40, 0x03, 0x10, 0x10, 0x20, 0x14, 0xF0, 0x01, 0xF0, 0x01, 0x80, 0x01, 0xCC, 0x0C
  .byte 0x82, 0x00, 0x5C, 0xDA, 0x0D, 0x00, 0xD0, 0xBB, 0x00, 0x4D, 0xCD, 0x40, 0xCC, 0x00, 0x08, 0xCC
  .byte 0xDC, 0x00, 0xD0, 0xCB, 0xCC, 0xDE, 0xF0, 0x29, 0x70, 0x01, 0x0D, 0xF0, 0x12, 0xF0, 0x01, 0x00
  .byte 0xB0, 0x40, 0x03, 0xBD, 0x90, 0x70, 0x03, 0xD0, 0xCB, 0x30, 0x03, 0xBD, 0x5C, 0xBD, 0xBB, 0x00
  .byte 0xCB, 0xCC, 0xBB, 0xCC, 0x9C, 0x99, 0xCB, 0x99, 0x01, 0x59, 0x55, 0x9C, 0x55, 0x55, 0x55, 0x59
  .byte 0x10, 0x03, 0x00, 0x45, 0x44, 0x54, 0x55, 0x44, 0x44, 0x44, 0x45, 0x81, 0x00, 0x03, 0x99, 0xC9
  .byte 0xCC, 0x09, 0x55, 0x95, 0x40, 0x03, 0x00, 0x55, 0xD9, 0xDD, 0x55, 0xD5, 0xAD, 0xAA, 0x55, 0x00
  .byte 0xAD, 0xAA, 0xAA, 0x55, 0xC9, 0xAA, 0xBD, 0x55, 0x20, 0xB9, 0xBB, 0x41, 0x1F, 0xDD, 0xDD, 0xDD
  .byte 0xDD, 0xBB, 0x00, 0xAA, 0xCA, 0xDB, 0xAB, 0xD9, 0xDD, 0xCB, 0x9B, 0x01, 0xFF, 0xBA, 0xCB, 0xFD
  .byte 0x39, 0xBB, 0xBB, 0x30, 0x01, 0xD0, 0x20, 0x1D, 0x00, 0x03, 0xBA, 0x00, 0x21, 0xCD, 0xBB, 0xAA
  .byte 0xCC, 0x00, 0xDF, 0xBB, 0xCB, 0x9C, 0xCF, 0xCB, 0x9C, 0x0D, 0x04, 0xBB, 0xCB, 0x09, 0x00, 0xCB
  .byte 0x11, 0x3E, 0xD0, 0xDB, 0x40, 0xCD, 0x00, 0x03, 0x95, 0xDD, 0xD0, 0xDB, 0x55, 0xCC, 0x08, 0xD9
  .byte 0xDB, 0x55, 0x99, 0x00, 0x03, 0x00, 0xBD, 0xDC, 0x13, 0x55, 0xD0, 0xCB, 0x10, 0x03, 0x59, 0x55
  .byte 0x11, 0x5B, 0x11, 0x04, 0x54, 0xCD, 0x00, 0xEC, 0xB5, 0x00, 0x2E, 0xB5, 0x00, 0x10, 0xD5, 0x9C
  .byte 0x0B, 0x00, 0x00, 0x55, 0x9B, 0x00, 0x03, 0xCB, 0xF1, 0x01, 0xF0, 0x01, 0x28, 0xBD, 0x5C, 0x00
  .byte 0xEA, 0x45, 0x20, 0x03, 0xBC, 0x5C, 0x44, 0xCC, 0x00, 0x0E, 0x60, 0x03, 0xC0, 0xCB, 0x10, 0xE1
  .byte 0xF0, 0x01, 0x34, 0x34, 0x02, 0x44, 0x44, 0x43, 0x43, 0x43, 0x54, 0x00, 0x07, 0x54, 0x80, 0x10
  .byte 0xE3, 0x54, 0x95, 0xDE, 0xCC, 0x54, 0x55, 0x9F, 0x00, 0x99, 0x54, 0x55, 0xD5, 0xDC, 0x55, 0x55
  .byte 0xCD, 0x55, 0x0D, 0x10, 0x03, 0x54, 0x00, 0x03, 0x45, 0x00, 0x03, 0xBB, 0x01, 0x3F, 0x00, 0xDE
  .byte 0xCC, 0xCC, 0xDD, 0xDF, 0x9D, 0x99, 0xD9, 0x00, 0x9D, 0xD9, 0x22, 0x9D, 0x00, 0xD9, 0x12, 0x92
  .byte 0x00, 0x90, 0x2D, 0x11, 0x92, 0x90, 0x1D, 0x11, 0xD2, 0x81, 0x00, 0x03, 0xDD, 0xCC, 0xCC, 0x9C
  .byte 0x00, 0xCC, 0x01, 0xCA, 0x06, 0xCD, 0xCC, 0xCC, 0x09, 0xCB, 0x00, 0x0C, 0x40, 0x03, 0xCC, 0x36
  .byte 0xCB, 0xDC, 0x00, 0x03, 0x00, 0x14, 0xD0, 0x01, 0x74, 0x50, 0x03, 0xCD, 0xAE, 0x10, 0x03, 0x5D
  .byte 0x30, 0x03, 0x99, 0x01, 0x87, 0x11, 0x8F, 0x00, 0x62, 0x00, 0x14, 0x55, 0xC5, 0x09, 0xE0, 0x03
  .byte 0x45, 0x00, 0x03, 0x54, 0xC5, 0xAB, 0xB0, 0xFF, 0x20, 0x10, 0x03, 0x02, 0x30, 0x03, 0x00, 0x10
  .byte 0x03, 0x11, 0xF8, 0xD6, 0x00, 0xE3, 0x00, 0x03, 0x34, 0x40, 0x03, 0x33, 0x00, 0xF6, 0x10, 0x03
  .byte 0x93, 0x00, 0xBD, 0x5C, 0x34, 0x09, 0xBD, 0x5C, 0x94, 0x00, 0x80, 0x00, 0xE7, 0x55, 0x33, 0x34
  .byte 0x44, 0x45, 0x33, 0x43, 0x02, 0x44, 0x55, 0x33, 0x33, 0x54, 0x45, 0x00, 0x03, 0x53, 0x00, 0x59
  .byte 0x35, 0x34, 0x44, 0x00, 0x40, 0x43, 0x53, 0x00, 0x00, 0x00, 0x34, 0x05, 0x54, 0x54, 0xC5, 0xDC
  .byte 0x00, 0x45, 0x45, 0xD5, 0xCC, 0x54, 0x54, 0x55, 0x55, 0x04, 0x45, 0x45, 0x55, 0x55, 0x54, 0x00
  .byte 0x08, 0x54, 0x99, 0x02, 0x99, 0x59, 0x05, 0x00, 0x00, 0x90, 0x10, 0x5F, 0x9D, 0x00, 0x1D, 0xD1
  .byte 0xCD, 0xFD, 0xDD, 0xFD, 0xBD, 0xAD, 0x00, 0xDC, 0xDD, 0xCB, 0xD5, 0xBA, 0xBB, 0x9C, 0x55, 0x00
  .byte 0x99, 0x99, 0x09, 0x55, 0xD5, 0xCC, 0xDC, 0x59, 0x00, 0x55, 0xCD, 0xDC, 0x90, 0x55, 0xCD, 0xDD
  .byte 0x9C, 0xC0, 0x11, 0x01, 0x00, 0xEF, 0x09, 0xBD, 0xCC, 0xCC, 0x00, 0xBD, 0x95, 0x02, 0xCF, 0xBD
  .byte 0xBB, 0x20, 0x03, 0xD0, 0x01, 0x38, 0xCD, 0x00, 0x03, 0x91, 0x00, 0x28, 0x55, 0xCC, 0x30, 0x03
  .byte 0x45, 0xCC, 0x9D, 0x00, 0x03, 0x10, 0x9C, 0x45, 0x55, 0x20, 0x03, 0xDC, 0x05, 0x54, 0xCC, 0x0B
  .byte 0xCC, 0x0D, 0xC0, 0x45, 0x03, 0x0A, 0x44, 0x01, 0xEF, 0x00, 0x03, 0x1F, 0x20, 0xC4, 0x0D, 0x00
  .byte 0x03, 0x02, 0x03, 0x00, 0x0E, 0x20, 0x03, 0x13, 0x67, 0xCA, 0x20, 0xF3, 0x40, 0xF7, 0x22, 0x22
  .byte 0x10, 0x03, 0x02, 0x20, 0x03, 0x20, 0x2B, 0x28, 0x22, 0x00, 0x03, 0x28, 0x01, 0xE6, 0x09, 0x40
  .byte 0x03, 0x01, 0x0B, 0xEC, 0x02, 0x3B, 0x90, 0x03, 0x33, 0x40, 0x55, 0xF2, 0x32, 0x33, 0xFE, 0xDD
  .byte 0xC0, 0x18, 0xDD, 0xAA, 0xAA, 0xF0, 0x17, 0x31, 0x56, 0xDD, 0x0C, 0x00, 0x00, 0xCD, 0xAA, 0xCB
  .byte 0xDD, 0xBD, 0x00, 0x59, 0xDD, 0x00, 0xBC, 0x00, 0xD9, 0xBC, 0xBB, 0x00, 0xBD, 0xDB, 0x02, 0xBB
  .byte 0xD0, 0xBB, 0xAD, 0xBA, 0xBD, 0x00, 0x03, 0xBC, 0x04, 0xCB, 0xAD, 0xBB, 0xBB, 0xDB, 0x00, 0x01
  .byte 0xDC, 0xBB, 0x90, 0x00, 0xE2, 0xBB, 0xCB, 0x40, 0x03, 0xCC, 0xDB, 0xBC, 0xBB, 0x24, 0xCC, 0xCB
  .byte 0x01, 0x07, 0xCB, 0xC9, 0x01, 0x10, 0xC9, 0xCC, 0x05, 0x77, 0x9C, 0xCC, 0x66, 0x66, 0x01, 0x19
  .byte 0xC0, 0x00, 0x03, 0x08, 0x90, 0xCC, 0xCC, 0x99, 0x02, 0x27, 0xC9, 0x09, 0xCC, 0x10, 0xCC, 0xCD
  .byte 0xD9, 0x02, 0x2F, 0xED, 0x77, 0xC7, 0x9C, 0x05, 0xFD, 0x66, 0x76, 0x9C, 0xDB, 0x00, 0xE3, 0x20
  .byte 0x13, 0x40, 0x00, 0xD0, 0xEF, 0x09, 0x20, 0xAD, 0x9A, 0x00, 0x20, 0x04, 0xAD, 0x9C, 0x0D, 0x20
  .byte 0xCA, 0x00, 0x2B, 0xCD, 0xCC, 0x40, 0xFB, 0x02, 0x4F, 0x99, 0x00, 0x20, 0x88, 0x28, 0x02, 0x00
  .byte 0x22, 0x88, 0x28, 0x28, 0x88, 0x78, 0x78, 0x28, 0x10, 0x78, 0x77, 0x72, 0x00, 0x03, 0x71, 0x28
  .byte 0x78, 0x17, 0x00, 0x71, 0x87, 0x72, 0x17, 0x71, 0x27, 0x72, 0x11, 0x65, 0x71, 0x12, 0x05, 0x03
  .byte 0xFB, 0xD0, 0xBC, 0x03, 0x41, 0xBB, 0x00, 0x06, 0xE0, 0x30, 0x03, 0x00, 0x95, 0x50, 0x03, 0xBC
  .byte 0xAA, 0xAA, 0xBA, 0xAB, 0x10, 0xAA, 0xBB, 0xBB, 0x00, 0x02, 0xBB, 0xBA, 0xBB, 0xCB, 0x00, 0xBC
  .byte 0xBB, 0xDB, 0x9C, 0x99, 0xBB, 0xDB, 0x09, 0xED, 0x01, 0x9E, 0x03, 0xAE, 0x20, 0xB7, 0x9B, 0x00
  .byte 0x06, 0x00, 0x0A, 0xDB, 0x03, 0x08, 0x00, 0xDD, 0xBC, 0xBB, 0xD9, 0x9C, 0xBC, 0xBB, 0xCD, 0x68
  .byte 0xD9, 0x01, 0xC0, 0x00, 0x0E, 0x9C, 0x13, 0xE0, 0xBD, 0xBB, 0x99, 0x10, 0xCB, 0xBD, 0x9D, 0x00
  .byte 0xEC, 0xBB, 0xCB, 0xDB, 0xDB, 0x00, 0xBB, 0xCC, 0xBB, 0x9D, 0xCC, 0x9C, 0xBB, 0xCC, 0x00, 0x99
  .byte 0x9F, 0xCB, 0xCD, 0x9C, 0x9F, 0xBB, 0xDC, 0x00, 0x88, 0x89, 0x99, 0x6C, 0x66, 0x66, 0xCB, 0x9D
  .byte 0x00, 0x66, 0x66, 0xDD, 0xEC, 0x69, 0x66, 0xEF, 0x99, 0x00, 0x69, 0x66, 0xF9, 0x69, 0x66, 0x66
  .byte 0x98, 0x6F, 0x00, 0x66, 0x66, 0x88, 0x67, 0x66, 0x76, 0x88, 0x77, 0x02, 0x77, 0x77, 0x66, 0x66
  .byte 0x97, 0xBB, 0x00, 0x03, 0xDB, 0x00, 0x66, 0x76, 0x97, 0xCC, 0x66, 0x76, 0xD7, 0x9C, 0x00, 0x66
  .byte 0x77, 0xD7, 0x09, 0x76, 0x77, 0xD8, 0x9C, 0x00, 0x77, 0x77, 0xC8, 0xCD, 0x77, 0x77, 0xCD, 0xDC
  .byte 0x58, 0xCB, 0x01, 0xE8, 0x99, 0x01, 0x04, 0x45, 0x53, 0xDD, 0x00, 0x90, 0x1C, 0xD9, 0xBC, 0x99
  .byte 0x03, 0x37, 0x00, 0x01, 0x02, 0x56, 0x9C, 0x0D, 0x01, 0x22, 0x11, 0x27, 0x02, 0xD0, 0x1B, 0x22
  .byte 0x01, 0x7E, 0x1C, 0x00, 0x00, 0xBB, 0x01, 0xCF, 0x04, 0x16, 0xB5, 0x7F, 0xCD, 0xBC, 0x40, 0xBC
  .byte 0x01, 0x2C, 0xCB, 0x00, 0xC0, 0xCC, 0xBC, 0x00, 0x8A, 0x01, 0x65, 0x00, 0x00, 0xC9, 0x00, 0x03
  .byte 0x90, 0x14, 0x52, 0x9D, 0xC0, 0x10, 0x1E, 0x11, 0x97, 0xCB, 0xCB, 0xCB, 0xCC, 0xBC, 0xBC, 0xE0
  .byte 0x20, 0x53, 0x03, 0x95, 0x22, 0xAE, 0x9C, 0x88, 0x88, 0x88, 0xD8, 0x05, 0x9D, 0x89, 0x88, 0x88
  .byte 0xB9, 0x01, 0x1C, 0xB9, 0x01, 0x23, 0x48, 0xBD, 0x00, 0x03, 0xBB, 0xAA, 0x01, 0x25, 0xAB, 0xBA
  .byte 0xBA, 0x94, 0x00, 0x04, 0xBB, 0xBC, 0x00, 0x38, 0xC9, 0x10, 0xFF, 0xCC, 0x8D, 0x4B, 0x88, 0x30
  .byte 0x03, 0xDC, 0x78, 0x04, 0xDA, 0x88, 0x60, 0x03, 0x00, 0x42, 0x05, 0xBB, 0xCC, 0x9D, 0x99, 0x78
  .byte 0x00, 0xE3, 0x87, 0x00, 0x03, 0x44, 0x78, 0x00, 0x08, 0x87, 0x87, 0x87, 0x00, 0x07, 0x78, 0xD8
  .byte 0x80, 0x00, 0x5A, 0xCD, 0x88, 0x99, 0xD9, 0xCC, 0xD9, 0xD0, 0x00, 0xCC, 0xCD, 0x77, 0x87, 0xCD
  .byte 0x9C, 0x77, 0xD8, 0x00, 0xCC, 0x9C, 0x87, 0xCD, 0xCC, 0x9C, 0xD8, 0xCC, 0x2C, 0xCC, 0x9D, 0x00
  .byte 0xDA, 0x0D, 0x00, 0x86, 0x02, 0x07, 0x9D, 0x00, 0x00, 0xCC, 0xDC, 0xC9, 0xDD, 0xCC, 0x9C, 0x09
  .byte 0x00, 0x7E, 0x99, 0xF4, 0xE6, 0xF0, 0x01, 0xF0, 0x01, 0xF0, 0x01, 0xF0, 0x01, 0x02, 0x1A, 0x99
  .byte 0x7E, 0x99, 0xF6, 0x2F, 0x33, 0xDB, 0x10, 0x01, 0x02, 0xDA, 0x02, 0xD7, 0x13, 0xAB, 0xCC, 0x00
  .byte 0xCC, 0xFD, 0xCD, 0xDD, 0xDC, 0xEF, 0xDE, 0xEF, 0x00, 0xFD, 0x99, 0xF9, 0x9E, 0xF9, 0x00, 0x90
  .byte 0x09, 0x81, 0x20, 0x23, 0xCB, 0xDC, 0x09, 0x00, 0xCC, 0xD9, 0x05, 0xA3, 0xAE, 0x01, 0xA7, 0xCD
  .byte 0x00, 0x03, 0xDE, 0x01, 0x7C, 0x11, 0x58, 0x61, 0x83, 0xD0, 0xBB, 0x11, 0x73, 0x99, 0x00, 0x21
  .byte 0xF0, 0x01, 0x26, 0xF7, 0xCC, 0x06, 0x7E, 0x02, 0x64, 0x8D, 0x01, 0x0E, 0xFE, 0x00, 0x90, 0xE0
  .byte 0x8B, 0x20, 0x47, 0x9E, 0x00, 0x03, 0xF0, 0x10, 0x18, 0xF7, 0x57, 0xF0, 0x01, 0xD0, 0x01, 0x00

  .globl gMonPalette_Charizard
gMonPalette_Charizard:
  .incbin "build/graphics/pokemon/charizard/normal_palette.gbapal.lz"

  .globl gMonBackPic_Charizard
gMonBackPic_Charizard:
  .incbin "build/graphics/pokemon/charizard/back.4bpp.lz"

  .globl gMonShinyPalette_Charizard
gMonShinyPalette_Charizard:
  .incbin "build/graphics/pokemon/charizard/shiny_palette.gbapal.lz"

  .globl gMonIcon_Charizard
gMonIcon_Charizard:
  .incbin "build/graphics/pokemon/charizard/icon.4bpp"
  @ Replaced baserom.gba range: offset=0xC34108, size=0x2FC
  .byte 0x00, 0x00, 0x00, 0x90, 0xB0, 0xF8, 0xF8, 0xF8, 0x00, 0x01, 0x01, 0x13, 0x1B, 0x3F, 0x3F, 0x3F
  .byte 0xF8, 0xF8, 0xF8, 0xF0, 0xF0, 0xE0, 0x80, 0x00, 0x3F, 0x3F, 0x3F, 0x1F, 0x1F, 0x0F, 0x03, 0x00
  .byte 0x10, 0x00, 0x08, 0x00, 0x3F, 0x00, 0x00, 0xF0, 0x01, 0xF0, 0x01, 0xF0, 0x01, 0xF0, 0x01, 0xF0
  .byte 0x01, 0xF0, 0x01, 0xFF, 0xF0, 0x01, 0xF0, 0x01, 0xF0, 0x01, 0xF0, 0x01, 0xF0, 0x01, 0xF0, 0x01
  .byte 0xF0, 0x01, 0xF0, 0x01, 0xFE, 0xF0, 0x01, 0xF0, 0x01, 0xF0, 0x01, 0xF0, 0x01, 0xF0, 0x01, 0xF0
  .byte 0x01, 0xE0, 0x01, 0xD0, 0xB0, 0x00, 0x03, 0xBD, 0xF0, 0x16, 0x00, 0x18, 0xEE, 0xEE, 0x00, 0xBC
  .byte 0x01, 0xCC, 0xCC, 0xEE, 0xCB, 0xCC, 0xCC, 0xCC, 0xF0, 0x1D, 0xBF, 0x70, 0x01, 0x0E, 0xF0, 0x12
  .byte 0xF0, 0x01, 0xF0, 0x01, 0xF0, 0x01, 0xF0, 0x01, 0xF0, 0x01, 0xF4, 0xF0, 0x01, 0xF0, 0x01, 0xF0
  .byte 0x01, 0x10, 0xCD, 0xBB, 0x00, 0xE6, 0xCB, 0x00, 0x02, 0x00, 0xBE, 0xCB, 0x00, 0xD0, 0xB1, 0x00
  .byte 0x03, 0xB9, 0x91, 0x00, 0x03, 0xBA, 0xCC, 0x20, 0x03, 0x00, 0xBE, 0xCC, 0x10, 0xE3, 0x80, 0x20
  .byte 0x01, 0xCD, 0xDD, 0xCC, 0xDC, 0xDB, 0x19, 0xCD, 0x01, 0xCC, 0xEB, 0xA1, 0xD1, 0xCC, 0xFC, 0xAF
  .byte 0x30, 0x03, 0x0A, 0x9C, 0xAF, 0xD1, 0xEC, 0x00, 0x41, 0xDC, 0x00, 0xE8, 0xCC, 0xAB, 0x10, 0x03
  .byte 0xED, 0x00, 0x03, 0xFD, 0x70, 0x03, 0xDC, 0x00, 0x03, 0xF0, 0x01, 0xFF, 0xF0, 0x01, 0xF0, 0x01
  .byte 0xF0, 0x01, 0xF0, 0x01, 0xF0, 0x01, 0xC1, 0xB7, 0x00, 0x03, 0x10, 0xDB, 0x80, 0x40, 0x14, 0xDD
  .byte 0xED, 0x00, 0xBD, 0xBB, 0xCC, 0x0E, 0x00, 0xBB, 0xCB, 0xCC, 0xED, 0xBB, 0xCC, 0xCC, 0xDD, 0x00
  .byte 0xDB, 0xCE, 0xCC, 0xDD, 0xBD, 0xEC, 0xDC, 0xDD, 0x00, 0x00, 0xE0, 0xBB, 0xCC, 0x00, 0xE0, 0xCB
  .byte 0xCD, 0x00, 0x00, 0xE0, 0xAA, 0xDD, 0x00, 0x00, 0xAD, 0xFF, 0x80, 0x00, 0x29, 0xAA, 0x0E, 0x00
  .byte 0x40, 0xCE, 0x0F, 0x00, 0x02, 0x24, 0x41, 0x0F, 0x40, 0x12, 0xEE, 0x20, 0xFA, 0xCC, 0x00, 0xCC
  .byte 0xDC, 0xDD, 0xDD, 0xDD, 0xDE, 0xFF, 0xAF, 0x04, 0xAA, 0xDD, 0x8A, 0x88, 0xDE, 0x01, 0x08, 0xDD
  .byte 0xFE, 0x00, 0xFF, 0xFF, 0x9F, 0x49, 0xEE, 0x99, 0x88, 0x88, 0x50, 0xDC, 0x00, 0xF3, 0xDD, 0x00
  .byte 0xFB, 0xDD, 0x0F, 0x00, 0x00, 0xA0, 0x00, 0xEE, 0xE0, 0x00, 0x06, 0xCE, 0x00, 0x00, 0xEE, 0xCD
  .byte 0x00, 0xFF, 0xEF, 0xCD, 0xCC, 0xD4, 0xDD, 0xCD, 0xDC, 0xAA, 0x10, 0x7B, 0xE0, 0x00, 0x1F, 0xBE
  .byte 0x00, 0x03, 0xCE, 0x00, 0x20, 0xEB, 0x00, 0xBD, 0x0F, 0x00, 0xEC, 0xDF, 0x0F, 0x00, 0xDD, 0xFE
  .byte 0x00, 0x69, 0x10, 0x33, 0xF0, 0x01, 0xF0, 0x01, 0xF0, 0x01, 0xD1, 0xBF, 0x10, 0x03, 0xE0, 0xCD
  .byte 0x10, 0x03, 0x00, 0xF3, 0xE0, 0xBE, 0x00, 0x03, 0x01, 0x96, 0xE0, 0x12, 0x9B, 0x20, 0xCE, 0xCD
  .byte 0x00, 0xE3, 0xDB, 0xEC, 0xDD, 0xDD, 0xCB, 0x04, 0xEC, 0xDD, 0xFD, 0xCC, 0xDE, 0x20, 0x03, 0x0E
  .byte 0xEE, 0x18, 0xDC, 0xDD, 0x0F, 0x00, 0xC3, 0x20, 0x03, 0x0F, 0x24, 0xE3, 0x00, 0xCB, 0x0E, 0x34
  .byte 0xBE, 0xBB, 0x40, 0x32, 0xBC, 0x00, 0xCB, 0x40, 0xE3, 0xBB, 0xCC, 0x40, 0xBE, 0xBB, 0x00, 0xDC
  .byte 0xE0, 0xBB, 0xCB, 0xDC, 0xEE, 0xBB, 0xCC, 0x00, 0xED, 0xCF, 0xCB, 0xCC, 0xFD, 0xED, 0x7E, 0x97
  .byte 0x00, 0x78, 0xEC, 0x7E, 0x67, 0x96, 0xEC, 0x7E, 0x66, 0x00, 0x66, 0xED, 0x79, 0x66, 0x66, 0x9E
  .byte 0x78, 0x66, 0x00, 0x66, 0x8F, 0x79, 0x67, 0x66, 0x88, 0x97, 0x77, 0x02, 0x77, 0x78, 0x97, 0x99
  .byte 0x99, 0x47, 0x01, 0x18, 0x86, 0x00, 0xD4, 0xDD, 0xFE, 0x68, 0xE4, 0xFE, 0x0F, 0x68, 0x00, 0x49
  .byte 0x0F, 0x00, 0x68, 0x47, 0x00, 0x00, 0x69, 0x08, 0xF7, 0x00, 0x00, 0x79, 0x00, 0x03, 0x99, 0xF9
  .byte 0x00, 0x3F, 0x00, 0xFE, 0x00, 0x84, 0xF0, 0xE6, 0xF0, 0x01, 0xF0, 0x01, 0xF0, 0x01, 0xF0, 0x01
  .byte 0xBC, 0x20, 0x01, 0xDE, 0x11, 0x62, 0xF0, 0x16, 0x30, 0x01, 0x01, 0xEA, 0x0E, 0xCD, 0x09, 0xCC
  .byte 0xDD, 0xED, 0xDE, 0x00, 0xEC, 0xF0, 0xDE, 0x01, 0xEF, 0x24, 0xF0, 0xDE, 0x01, 0xE7, 0xF0, 0xEF
  .byte 0x50, 0x1F, 0xE0, 0xFC, 0x00, 0xDC, 0xFE, 0xE0, 0xFE, 0xFD, 0x9F, 0xFE, 0x54, 0x00, 0xDF, 0xDD
  .byte 0xDD, 0x45, 0xCD, 0xDC, 0xDD, 0xDF, 0xC0, 0x00, 0x31, 0x00, 0x03, 0xFF, 0xDF, 0xCC, 0xDC, 0x00
  .byte 0xE0, 0x10, 0xDD, 0xDD, 0x77, 0x00, 0xE7, 0x77, 0x79, 0x77, 0x77, 0x40, 0x9E, 0x00, 0x06, 0xED
  .byte 0x77, 0x77, 0x99, 0xDD, 0x7E, 0x00, 0x99, 0x77, 0xDD, 0x9F, 0x77, 0x87, 0xDD, 0x8F, 0x02, 0x88
  .byte 0xFF, 0xED, 0xFF, 0xFF, 0xEE, 0x10, 0xE7, 0x79, 0xAA, 0x00, 0xE7, 0x79, 0x01, 0xD3, 0x98, 0x00
  .byte 0x03, 0xF7, 0x01, 0xD4, 0xDF, 0xBF, 0x02, 0x10, 0xDE, 0x01, 0xEB, 0x11, 0xE3, 0xF0, 0x01, 0xF0
  .byte 0x01, 0xF0, 0x01, 0xF0, 0x01, 0xF8, 0xF0, 0x01, 0xF0, 0x01, 0xF0, 0x01, 0xF0, 0x01, 0xF1, 0x3D
  .byte 0xDD, 0xDD, 0x00, 0x03, 0xFF, 0xED, 0xDF, 0x00, 0x00, 0xFF, 0xF3, 0xAD, 0x00, 0x01, 0xBC, 0x00
  .byte 0x14, 0xDE, 0x01, 0xC3, 0x12, 0xD7, 0xF0, 0x01, 0x00, 0x01, 0xDD, 0xCD, 0x1F, 0x0F, 0x00, 0xFF
  .byte 0xF0, 0xE7, 0xF0, 0x01, 0xF0, 0x01, 0xF0, 0x01, 0xF0, 0x01, 0xFF, 0xF0, 0x01, 0xF0, 0x01, 0xF0
  .byte 0x01, 0xF0, 0x01, 0xF0, 0x01, 0xF0, 0x01, 0xF0, 0x01, 0xF0, 0x01, 0xFE, 0xF0, 0x01, 0xF0, 0x01
  .byte 0xF0, 0x01, 0xF0, 0x01, 0xF0, 0x01, 0xF0, 0x01, 0x20, 0x01, 0x00, 0x00

  .globl gMonPalette_Squirtle
gMonPalette_Squirtle:
  .incbin "build/graphics/pokemon/squirtle/normal_palette.gbapal.lz"

  .globl gMonBackPic_Squirtle
gMonBackPic_Squirtle:
  .incbin "build/graphics/pokemon/squirtle/back.4bpp.lz"

  .globl gMonShinyPalette_Squirtle
gMonShinyPalette_Squirtle:
  .incbin "build/graphics/pokemon/squirtle/shiny_palette.gbapal.lz"

  .globl gMonIcon_Squirtle
gMonIcon_Squirtle:
  .incbin "build/graphics/pokemon/squirtle/icon.4bpp"
  @ Replaced baserom.gba range: offset=0xC34AD4, size=0x39C
  .byte 0x00, 0x00, 0x00, 0x00, 0x80, 0xD0, 0xF0, 0xF0, 0x00, 0x00, 0x00, 0x00, 0x00, 0x05, 0x07, 0x07
  .byte 0xF0, 0xF0, 0xE0, 0xC0, 0x00, 0x00, 0x00, 0x00, 0x07, 0x07, 0x03, 0x01, 0x00, 0x00, 0x00, 0x00
  .byte 0x10, 0x00, 0x08, 0x00, 0x3F, 0x00, 0x00, 0xF0, 0x01, 0xF0, 0x01, 0xF0, 0x01, 0xF0, 0x01, 0xF0
  .byte 0x01, 0xF0, 0x01, 0xFF, 0xF0, 0x01, 0xF0, 0x01, 0xF0, 0x01, 0xF0, 0x01, 0xF0, 0x01, 0xF0, 0x01
  .byte 0xF0, 0x01, 0xF0, 0x01, 0xF5, 0xF0, 0x01, 0xF0, 0x01, 0xF0, 0x01, 0x50, 0x01, 0xDD, 0x70, 0x0A
  .byte 0xD0, 0xF0, 0x03, 0x89, 0x10, 0x03, 0xEE, 0xDE, 0xED, 0x00, 0x08, 0x21, 0x0E, 0x40, 0x03, 0x04
  .byte 0xE2, 0x0F, 0x00, 0x21, 0x22, 0x10, 0x03, 0xEE, 0x00, 0x00, 0x31, 0x22, 0x22, 0x0E, 0x31, 0x22
  .byte 0x23, 0x0F, 0xFF, 0xF0, 0x55, 0xF0, 0x01, 0xF0, 0x01, 0xF0, 0x01, 0xF0, 0x01, 0xF0, 0x01, 0xF0
  .byte 0x01, 0xF0, 0x01, 0xA4, 0xD0, 0x01, 0x1D, 0x00, 0xB7, 0x1D, 0xE2, 0x00, 0x03, 0x22, 0x0E, 0x00
  .byte 0xD0, 0x1D, 0x22, 0xE2, 0xCE, 0x1D, 0x21, 0x22, 0x00, 0xBE, 0xD0, 0x21, 0xE2, 0xBB, 0xD0, 0x11
  .byte 0xE2, 0x00, 0xBB, 0x00, 0x1D, 0xBE, 0xBB, 0x00, 0xDE, 0xCC, 0x68, 0xCC, 0x00, 0x02, 0x00, 0x01
  .byte 0xEC, 0x00, 0x03, 0x3E, 0xCC, 0xCB, 0x00, 0xCC, 0x2E, 0xC1, 0xBB, 0xEC, 0x12, 0x21, 0xBB, 0x00
  .byte 0xEC, 0x84, 0x21, 0xBB, 0xFC, 0xF1, 0xCD, 0x1E, 0x00, 0x23, 0x13, 0x0F, 0x1D, 0x31, 0x13, 0x0F
  .byte 0xEC, 0x00, 0x11, 0xE1, 0x0E, 0xDC, 0xFF, 0xEF, 0xFE, 0xCC, 0x00, 0xDC, 0xDD, 0xEE, 0xDC, 0xCE
  .byte 0xDD, 0xED, 0xEC, 0x03, 0xCD, 0xDD, 0xED, 0xCC, 0xFC, 0xDD, 0x11, 0x1E, 0xA0, 0x01, 0xBC, 0x00
  .byte 0x6E, 0x00, 0x11, 0x14, 0x10, 0x03, 0x10, 0x0B, 0xE0, 0x01, 0xD0, 0xDD, 0x00, 0xEE, 0x00, 0x1D
  .byte 0x11, 0x22, 0xD0, 0x11, 0x11, 0x07, 0x21, 0x1D, 0x11, 0x21, 0x2D, 0xF0, 0x20, 0x30, 0x37, 0x00
  .byte 0xB2, 0x3C, 0x00, 0xF2, 0xF0, 0x1A, 0xF0, 0x01, 0xF0, 0x01, 0xB0, 0x01, 0x3D, 0xEE, 0x04, 0xBB
  .byte 0x00, 0xD0, 0x1E, 0xBF, 0x00, 0x03, 0xF4, 0x00, 0x00, 0x00, 0xBE, 0x14, 0x00, 0x00, 0xE0, 0xF1
  .byte 0x00, 0x10, 0x00, 0xF0, 0xCC, 0x30, 0x03, 0x00, 0xEF, 0xBB, 0xCC, 0x48, 0xDD, 0x00, 0xF3, 0xCC
  .byte 0xFC, 0x00, 0xFC, 0x4F, 0xCC, 0xEC, 0x00, 0xFC, 0x94, 0xDC, 0xCC, 0x4F, 0x99, 0xFC, 0xFF, 0x08
  .byte 0x44, 0x99, 0x1F, 0xEE, 0x01, 0xFB, 0xDD, 0xDD, 0xDD, 0x00, 0xFC, 0xDF, 0xDD, 0xFD, 0x41, 0xDE
  .byte 0xDD, 0xFE, 0x00, 0x94, 0xDE, 0xDD, 0x7E, 0x99, 0xDD, 0xED, 0x16, 0x00, 0xE9, 0xDD, 0xEE, 0xE6
  .byte 0xDE, 0xED, 0xAE, 0xDE, 0x00, 0xDD, 0xFF, 0xAA, 0xDF, 0xFD, 0xAF, 0xA8, 0xDF, 0x88, 0x42, 0x2B
  .byte 0x1D, 0x77, 0x00, 0x00, 0xD1, 0xF7, 0xDF, 0x11, 0x00, 0xFF, 0x1F, 0x75, 0x1F, 0xDD, 0xFD, 0x51
  .byte 0xF5, 0x00, 0xDC, 0xDD, 0x1F, 0x66, 0xCD, 0xDD, 0x1F, 0x71, 0x08, 0x1D, 0x11, 0xE2, 0x22, 0x30
  .byte 0x03, 0x22, 0xFE, 0xE2, 0x00, 0x11, 0x22, 0x32, 0x22, 0x1E, 0x21, 0x22, 0x22, 0x00, 0xEE, 0x21
  .byte 0x22, 0x2F, 0x3E, 0x2E, 0x22, 0xF7, 0x15, 0xE2, 0xE3, 0x22, 0x10, 0xE3, 0xF3, 0x00, 0x03, 0x3F
  .byte 0x01, 0x30, 0x02, 0x33, 0xD3, 0x00, 0x00, 0x32, 0xE3, 0x10, 0x03, 0xEE, 0x41, 0x00, 0x00, 0x1E
  .byte 0x0E, 0xE2, 0x22, 0x22, 0x03, 0xF0, 0xD0, 0xF8, 0xF0, 0x01, 0xF0, 0x01, 0xF0, 0x01, 0xF0, 0x01
  .byte 0x20, 0x01, 0xE0, 0xFF, 0xFF, 0x00, 0xEE, 0xFE, 0x00, 0x00, 0xA0, 0xFF, 0x00, 0x00, 0x20, 0xAF
  .byte 0x88, 0x20, 0x03, 0xF0, 0x8A, 0x88, 0x00, 0xDF, 0x00, 0x8A, 0x88, 0xE0, 0xCD, 0x8A, 0x88, 0xDE
  .byte 0xCC, 0x00, 0x8A, 0x88, 0xFF, 0x8A, 0x88, 0xFA, 0xAF, 0x88, 0x00, 0x88, 0xEE, 0x8A, 0x88, 0xE8
  .byte 0xCE, 0x89, 0x88, 0x00, 0xE8, 0xEC, 0x98, 0x88, 0x1E, 0xCE, 0x98, 0x88, 0x01, 0xEA, 0xCC, 0x88
  .byte 0xAA, 0x88, 0xCE, 0xA8, 0x00, 0x14, 0x00, 0xEF, 0xDD, 0xED, 0x61, 0xDE, 0xDD, 0xED, 0x11, 0x00
  .byte 0xDC, 0xDD, 0xFD, 0x17, 0xE1, 0xDD, 0xFD, 0xE6, 0x00, 0xEE, 0xDD, 0xFD, 0xCE, 0xDC, 0xDD, 0xEF
  .byte 0xCC, 0x00, 0xEE, 0xFF, 0xCF, 0xCC, 0xFB, 0x99, 0xDE, 0xDC, 0x00, 0xF6, 0xF2, 0xFF, 0x22, 0xBE
  .byte 0xFE, 0xEC, 0xEF, 0x00, 0xBE, 0xEC, 0xDC, 0xDE, 0xBE, 0xDC, 0xDD, 0xDD, 0xA0, 0x10, 0x03, 0xBD
  .byte 0x70, 0x03, 0xED, 0xE2, 0x22, 0x2E, 0xE3, 0x88, 0x00, 0x02, 0xF3, 0x2F, 0x3E, 0x00, 0x03, 0xEE
  .byte 0x3E, 0xF3, 0x00, 0x2F, 0x2E, 0x32, 0x0E, 0x2F, 0x23, 0x32, 0x0F, 0x03, 0x2E, 0x22, 0x32, 0x0F
  .byte 0x22, 0x23, 0x01, 0x0C, 0xF0, 0x01, 0xE8, 0xF0, 0x01, 0xF0, 0x01, 0x90, 0x01, 0xDE, 0x00, 0xE6
  .byte 0xBD, 0x00, 0x00, 0x3A, 0x1E, 0xEB, 0x00, 0x07, 0x00, 0x03, 0x21, 0xF7, 0xCF, 0x00, 0x03, 0xF0
  .byte 0xA0, 0x10, 0x1C, 0xCB, 0x00, 0xE3, 0xCB, 0xCC, 0x8D, 0x98, 0xE1, 0x00, 0xDC, 0xAD, 0x98, 0xD1
  .byte 0xDD, 0xAD, 0x89, 0xDE, 0x00, 0xDD, 0xFD, 0x8A, 0xDC, 0xFD, 0x0F, 0x9A, 0xFB, 0x10, 0x0F, 0x00
  .byte 0xA0, 0x12, 0xC3, 0x8A, 0xA8, 0x88, 0x88, 0x49, 0x88, 0x10, 0x03, 0x88, 0x8A, 0x40, 0x03, 0xA8
  .byte 0xAA, 0x30, 0x10, 0x40, 0x8A, 0x10, 0x01, 0x98, 0x9E, 0x99, 0xDE, 0xDD, 0x88, 0x80, 0x60, 0x03
  .byte 0xEA, 0xED, 0xAA, 0xAA, 0x99, 0xFF, 0x98, 0x28, 0x99, 0x99, 0x60, 0x01, 0xCD, 0x01, 0x18, 0xDD
  .byte 0xDC, 0xDD, 0x40, 0xFE, 0x01, 0x23, 0x2F, 0xFE, 0xFF, 0xFF, 0x22, 0xFF, 0x00, 0x72, 0x37, 0x32
  .byte 0xE9, 0x72, 0x23, 0x23, 0x2E, 0x02, 0x37, 0x32, 0xF3, 0xE2, 0x33, 0xE3, 0x00, 0xE3, 0xF3, 0x09
  .byte 0x00, 0x32, 0x33, 0x0E, 0x00, 0x03, 0x0F, 0x00, 0x00, 0x0A, 0x3F, 0x00, 0x32, 0x00, 0x74, 0x12
  .byte 0x0F, 0xF4, 0x58, 0xF0, 0x01, 0xF0, 0x01, 0xF0, 0x01, 0xF0, 0xF0, 0x01, 0xF0, 0x01, 0xF0, 0x01
  .byte 0x70, 0x01, 0xEE, 0xA9, 0x99, 0x99, 0x00, 0xCF, 0xEE, 0x9E, 0x99, 0xCF, 0xCC, 0xED, 0xFF, 0x40
  .byte 0xF0, 0x03, 0xFC, 0x00, 0xFF, 0xDE, 0xDD, 0xE0, 0xBB, 0x00, 0xCC, 0xCC, 0xBE, 0xDE, 0xEC, 0xCD
  .byte 0xEF, 0xFD, 0x00, 0xDF, 0xFF, 0x99, 0x99, 0xE9, 0x33, 0x99, 0xA9, 0xD6, 0x00, 0xD9, 0x02, 0x41
  .byte 0xDD, 0x00, 0xB4, 0xED, 0x00, 0x03, 0x10, 0x07, 0xFD, 0x83, 0x40, 0xC3, 0x33, 0xF3, 0x0F, 0x00
  .byte 0xFF, 0xF0, 0xCC, 0xF0, 0x01, 0xFF, 0xF0, 0x01, 0xF0, 0x01, 0xF0, 0x01, 0xF0, 0x01, 0xF0, 0x01
  .byte 0xF0, 0x01, 0xF0, 0x01, 0xF0, 0x01, 0xFF, 0xF0, 0x01, 0xF0, 0x01, 0xF0, 0x01, 0xF0, 0x01, 0xF0
  .byte 0x01, 0xF0, 0x01, 0xF0, 0x01, 0xF0, 0x01, 0xC0, 0xF0, 0x01, 0x20, 0x01

  .globl gMonPalette_Wartortle
gMonPalette_Wartortle:
  .incbin "build/graphics/pokemon/wartortle/normal_palette.gbapal.lz"

  .globl gMonBackPic_Wartortle
gMonBackPic_Wartortle:
  .incbin "build/graphics/pokemon/wartortle/back.4bpp.lz"

  .globl gMonShinyPalette_Wartortle
gMonShinyPalette_Wartortle:
  .incbin "build/graphics/pokemon/wartortle/shiny_palette.gbapal.lz"

	.globl gMonIcon_Wartortle
gMonIcon_Wartortle: @ 0x08C351F4 [008]
  .incbin "build/graphics/pokemon/wartortle/icon.4bpp"
	@ analyzed canonical ROM range 0x08C355F4-0x08C35B17
sAnalyzedData_08C355F4: @ 0x08C355F4
	@ structured u8 payload; no safe higher-level semantic type was provable
	.byte 0x00, 0x00, 0x00, 0x00, 0x20, 0xA0, 0xF0, 0xF0, 0x00, 0x00, 0x00, 0x01, 0x09, 0x0B, 0x1F, 0x1F
	.byte 0xF0, 0xF0, 0xE0, 0xE0, 0xC0, 0x80, 0x00, 0x00, 0x1F, 0x1F, 0x0F, 0x0F, 0x07, 0x03, 0x00, 0x00
	.byte 0x10, 0x00, 0x08, 0x00, 0x3F, 0x00, 0x00, 0xF0, 0x01, 0xF0, 0x01, 0xF0, 0x01, 0xF0, 0x01, 0xF0
	.byte 0x01, 0xF0, 0x01, 0xFF, 0xF0, 0x01, 0xF0, 0x01, 0xF0, 0x01, 0xF0, 0x01, 0xF0, 0x01, 0xF0, 0x01
	.byte 0xF0, 0x01, 0xF0, 0x01, 0xAA, 0xA0, 0x01, 0x30, 0x00, 0x03, 0x23, 0x00, 0x03, 0x21, 0x00, 0x0A
	.byte 0x11, 0x80, 0x70, 0x03, 0x00, 0x00, 0xE3, 0x0E, 0x00, 0x00, 0x22, 0x40, 0xE2, 0x00, 0x03, 0x22
	.byte 0xEE, 0xEE, 0x22, 0x22, 0xE2, 0x40, 0xDD, 0x00, 0x03, 0xEC, 0x21, 0x22, 0xD2, 0xBE, 0x11, 0x10
	.byte 0x22, 0xF2, 0xCC, 0x90, 0x40, 0x0E, 0xD0, 0xEE, 0xEE, 0x00, 0xEE, 0xBE, 0xBB, 0xCB, 0xBB, 0xBB
	.byte 0xBB, 0xCC, 0x00, 0xBB, 0xCB, 0xCC, 0xCC, 0xCC, 0xCC, 0xBD, 0xCB, 0x80, 0xA0, 0x61, 0xD0, 0xEE
	.byte 0x00, 0xEE, 0xBD, 0xDB, 0x0F, 0x02, 0xCC, 0xCB, 0xDF, 0x0F, 0xCC, 0xFC, 0x00, 0x03, 0xFF, 0x31
	.byte 0xDF, 0x4F, 0xF0, 0x86, 0x70, 0x01, 0xF4, 0xFF, 0x04, 0xF0, 0xA3, 0x00, 0x00, 0x00, 0x13, 0x00
	.byte 0x44, 0x44, 0x13, 0x00, 0x03, 0x8F, 0x88, 0x13, 0x00, 0x4F, 0x38, 0x20, 0x9F, 0x10, 0x01, 0x00
	.byte 0x33, 0x33, 0x03, 0x00, 0x11, 0x11, 0x31, 0x03, 0x00, 0xFF, 0xFF, 0x1F, 0x31, 0xFF, 0xFF, 0xEF
	.byte 0x11, 0x00, 0x31, 0xFF, 0xEE, 0x1E, 0x11, 0x31, 0xEE, 0x1E, 0xFE, 0xF0, 0x55, 0x00, 0xA7, 0x80
	.byte 0x03, 0x20, 0x4F, 0x30, 0x57, 0xF0, 0x01, 0x00, 0x01, 0x11, 0x00, 0x21, 0xF2, 0xCD, 0x11, 0x11
	.byte 0x12, 0xCE, 0x13, 0x00, 0x11, 0x12, 0xEF, 0xE0, 0x11, 0xBE, 0xBB, 0x00, 0x00, 0xEE, 0xBB, 0xCB
	.byte 0x00, 0xE0, 0xCB, 0xEE, 0x00, 0x00, 0xE0, 0xCC, 0xCC, 0x00, 0xE0, 0x1F, 0xFD, 0xDC, 0x00, 0xDD
	.byte 0xBB, 0xED, 0xDE, 0xED, 0xEC, 0x21, 0xDE, 0x00, 0xDD, 0x1E, 0x1F, 0xCB, 0xCC, 0xDC, 0xDD, 0xDC
	.byte 0xB0, 0x00, 0xF5, 0xCD, 0x10, 0xFA, 0x00, 0x01, 0xFF, 0xFF, 0xEE, 0xE1, 0x00, 0xEE, 0xFD, 0xDE
	.byte 0xFD, 0xE2, 0xDC, 0xDD, 0xDD, 0x54, 0xD1, 0x00, 0x1B, 0xCD, 0x00, 0x03, 0xCC, 0x20, 0x03, 0xDD
	.byte 0xDE, 0x80, 0x00, 0x06, 0xDE, 0xDD, 0xDD, 0xEE, 0xDE, 0x88, 0x88, 0x00, 0x48, 0x4F, 0x1F, 0x44
	.byte 0x88, 0x88, 0x1F, 0x11, 0x04, 0x84, 0x88, 0xFD, 0x11, 0x41, 0x00, 0x03, 0x11, 0x84, 0x00, 0xDD
	.byte 0x13, 0x11, 0x44, 0xDD, 0x3F, 0x11, 0x42, 0x00, 0xDD, 0xFF, 0x11, 0x41, 0x00, 0x4F, 0x34, 0x11
	.byte 0x44, 0x44, 0x00, 0x03, 0x88, 0x44, 0x13, 0x20, 0x03, 0x44, 0x4A, 0x10, 0x13, 0x11, 0xAA, 0x00
	.byte 0x03, 0x4A, 0xFF, 0x3E, 0x11, 0x00, 0xF4, 0xFF, 0x1E, 0xEE, 0x11, 0x11, 0x11, 0xE1, 0x00, 0x11
	.byte 0x21, 0x22, 0xE2, 0x11, 0x22, 0x22, 0x8E, 0xD0, 0x10, 0x03, 0x00, 0x0A, 0x84, 0x10, 0x03, 0x22
	.byte 0x22, 0x4E, 0x84, 0x0E, 0x22, 0x32, 0x4E, 0x88, 0x10, 0xC3, 0x11, 0x45, 0x10, 0x03, 0x48, 0xE0
	.byte 0xF0, 0x03, 0xF0, 0x01, 0x21, 0x4B, 0x00, 0x00, 0x1E, 0x11, 0xEE, 0x00, 0x0E, 0xE0, 0x12, 0xDE
	.byte 0xED, 0x00, 0x00, 0xE0, 0x60, 0xFF, 0xF0, 0x21, 0x41, 0x47, 0xDD, 0xED, 0xEE, 0x55, 0x55, 0x10
	.byte 0x55, 0xFE, 0x5E, 0x00, 0x04, 0x40, 0x55, 0x65, 0x66, 0x02, 0x40, 0x55, 0x66, 0x66, 0x40, 0x65
	.byte 0x30, 0x03, 0xF0, 0x00, 0x65, 0x66, 0x56, 0x14, 0x6F, 0x66, 0x15, 0xFF, 0x01, 0xEE, 0x77, 0xE6
	.byte 0x55, 0x7F, 0x77, 0x67, 0x10, 0x03, 0x20, 0x56, 0x75, 0x20, 0x03, 0x96, 0x55, 0x76, 0x77, 0x46
	.byte 0x00, 0x55, 0x77, 0x67, 0xE4, 0x75, 0x77, 0x46, 0xFF, 0x0A, 0xDD, 0xFF, 0x13, 0x41, 0x00, 0x03
	.byte 0x11, 0x10, 0x03, 0xED, 0x00, 0xFF, 0x11, 0x11, 0xF4, 0x1F, 0x11, 0x11, 0xFE, 0x00, 0x11, 0xDD
	.byte 0xDD, 0x1F, 0xD1, 0xBC, 0xBB, 0x1F, 0x10, 0xCD, 0xBB, 0xCB, 0x21, 0xCA, 0x13, 0x11, 0x21, 0xEF
	.byte 0x80, 0x00, 0x03, 0xE1, 0x33, 0x11, 0x22, 0x11, 0x3E, 0x23, 0x00, 0x22, 0xDD, 0xE1, 0x33, 0x33
	.byte 0xDC, 0x1E, 0x33, 0x00, 0x33, 0xCC, 0xFD, 0x3E, 0x33, 0xFE, 0xFF, 0x8F, 0x00, 0x88, 0xF3, 0xFF
	.byte 0x8F, 0x48, 0xF2, 0xFF, 0xAF, 0x40, 0xFA, 0x00, 0x03, 0x4A, 0xF3, 0xFF, 0xAA, 0x0F, 0xF3, 0x00
	.byte 0xFF, 0xFA, 0x04, 0xFF, 0xFF, 0x9F, 0x04, 0xFF, 0x0E, 0x4F, 0x99, 0x04, 0x0F, 0x40, 0xFB, 0xF0
	.byte 0x01, 0x40, 0x01, 0xEE, 0x00, 0xEE, 0xDE, 0x00, 0xBD, 0x1E, 0xD1, 0x00, 0xED, 0x00, 0x11, 0xD2
	.byte 0x00, 0xBE, 0xEE, 0xDE, 0x33, 0xB1, 0x00, 0xDC, 0xDD, 0x13, 0xE1, 0xDC, 0xDD, 0x30, 0xFE, 0x20
	.byte 0xFF, 0xEF, 0x00, 0x1D, 0xF0, 0xED, 0xBB, 0xFD, 0xCC, 0x01, 0xED, 0xCB, 0xFC, 0xCC, 0xED, 0xCC
	.byte 0xEC, 0x10, 0x03, 0x62, 0xDC, 0x00, 0x03, 0x01, 0xB8, 0xED, 0xDD, 0xDD, 0x00, 0x03, 0xFF, 0x00
	.byte 0xEF, 0xDE, 0xDD, 0x4E, 0x56, 0x55, 0x55, 0x4D, 0x00, 0x64, 0x66, 0x66, 0x1E, 0xF2, 0xFF, 0xFF
	.byte 0x1E, 0x10, 0x42, 0x77, 0x77, 0x70, 0x03, 0x76, 0x77, 0x1E, 0x52, 0x00, 0x55, 0x55, 0x77, 0x46
	.byte 0xF4, 0xFF, 0x46, 0xFF, 0x01, 0xFF, 0x96, 0x74, 0x77, 0x77, 0x97, 0x77, 0xB0, 0x03, 0x40, 0x96
	.byte 0x01, 0x36, 0x65, 0x11, 0xCD, 0xBB, 0xCC, 0xD1, 0x00, 0xCC, 0xCB, 0xEC, 0xD1, 0xCC, 0xCC, 0xCE
	.byte 0xE1, 0x00, 0xCD, 0xEC, 0xCC, 0xE1, 0xCD, 0xCE, 0xCC, 0xE1, 0x00, 0xDD, 0xCE, 0xCC, 0x21, 0xDE
	.byte 0xDE, 0xEC, 0x1A, 0x00, 0xE2, 0xDE, 0xEE, 0xCC, 0xDD, 0xEF, 0xF3, 0xFE, 0x00, 0xFF, 0xFD, 0xFE
	.byte 0xDC, 0xDD, 0xFF, 0xFE, 0xCC, 0x00, 0xDD, 0xFD, 0xFF, 0xEC, 0xFF, 0x1F, 0x11, 0xCE, 0x00, 0xCC
	.byte 0x11, 0xF1, 0xCC, 0xCC, 0x1D, 0xF1, 0xCC, 0x40, 0xDD, 0x00, 0x10, 0x94, 0x94, 0x49, 0x4F, 0x99
	.byte 0x49, 0x00, 0x49, 0x94, 0x99, 0x49, 0xF9, 0x99, 0x99, 0x99, 0x07, 0xF4, 0x9E, 0x99, 0x99, 0xFA
	.byte 0x10, 0x03, 0x00, 0x0B, 0x20, 0x03, 0xF3, 0xF0, 0xF0, 0xF0, 0x01, 0xF0, 0x01, 0x80, 0x01, 0xE0
	.byte 0xFF, 0xF1, 0xFF, 0x83, 0xD1, 0x00, 0x1F, 0x69, 0x66, 0x66, 0xE0, 0x79, 0x77, 0x77, 0xA0, 0x10
	.byte 0x03, 0x00, 0x40, 0x03, 0xD0, 0x7E, 0x77, 0x77, 0xBD, 0x02, 0x4C, 0x65, 0x77, 0xBB, 0xEB, 0x56
	.byte 0x02, 0x11, 0x66, 0x78, 0x66, 0x00, 0xEB, 0xF0, 0x01, 0x00, 0x01, 0x00, 0xFF, 0x55, 0xA6, 0x22
	.byte 0x00, 0xEF, 0x11, 0x66, 0x4A, 0x1F, 0x11, 0x67, 0x66, 0x01, 0xF6, 0xFF, 0x67, 0x66, 0x66, 0x46
	.byte 0x77, 0x20, 0x03, 0x00, 0xF6, 0xEF, 0x56, 0xF5, 0x6F, 0xCE, 0x65, 0x66, 0x48, 0xE6, 0x03, 0x26
	.byte 0xDD, 0x9F, 0x00, 0x03, 0x4F, 0xDF, 0xDD, 0x00, 0xED, 0xF1, 0xF2, 0xEF, 0x11, 0xF1, 0x24, 0x22
	.byte 0x02, 0xFE, 0xF1, 0xEE, 0xDD, 0xDD, 0xFF, 0x03, 0x43, 0xED, 0xC0, 0x13, 0x4B, 0x30, 0xE7, 0xA9
	.byte 0xFA, 0x9A, 0x99, 0xA9, 0x4A, 0x02, 0xA2, 0x99, 0xAA, 0x0F, 0x22, 0xAA, 0x00, 0x03, 0x42, 0x00
	.byte 0x4A, 0x0F, 0x2E, 0x22, 0xF4, 0x00, 0x2E, 0x22, 0x76, 0xF3, 0xF0, 0xB1, 0x71, 0xF8, 0x00, 0xDB
	.byte 0xEC, 0xF0, 0x16, 0xF0, 0x01, 0xBD, 0xAB, 0x00, 0x03, 0xBE, 0x00, 0x2C, 0xBB, 0x00, 0x03, 0xBC
	.byte 0x02, 0x12, 0x04, 0xF3, 0x90, 0x10, 0x03, 0x00, 0xCE, 0x00, 0x03, 0xDF, 0xBB, 0xCB, 0x6E, 0x00
	.byte 0x66, 0xBB, 0xCC, 0x7E, 0x77, 0xBB, 0xCC, 0xED, 0x00, 0x77, 0xCB, 0xCC, 0xFD, 0x7E, 0xCC, 0xDC
	.byte 0xFD, 0x42, 0x6E, 0x00, 0x03, 0xED, 0xCC, 0xDD, 0xDF, 0x01, 0x9D, 0xDD, 0x79, 0xDD, 0xC0, 0xFF
	.byte 0x10, 0x0E, 0x20, 0x01, 0x13, 0x38, 0xED, 0x4F, 0x10, 0x09, 0x01, 0xE6, 0xCC, 0x67, 0x66, 0xCE
	.byte 0xBC, 0x66, 0x30, 0x03, 0x40, 0xBB, 0x20, 0x03, 0xF6, 0xCE, 0xCC, 0xFF, 0x6F, 0xCE, 0x58, 0xCC
	.byte 0x10, 0x1B, 0xBB, 0x00, 0xE3, 0x50, 0x03, 0xCB, 0xCB, 0xDD, 0x2E, 0xDD, 0xBC, 0x01, 0xF4, 0xCB
	.byte 0x00, 0x03, 0x11, 0x18, 0x00, 0x02, 0xED, 0x40, 0xED, 0x00, 0xE3, 0xFD, 0x23, 0x33, 0xEF, 0xFD
	.byte 0x33, 0x20, 0x33, 0xCF, 0x03, 0x0E, 0xCF, 0xFD, 0xEE, 0x33, 0xDF, 0x00, 0xFE, 0xFE, 0x33, 0xDF
	.byte 0xDF, 0xFE, 0xF3, 0xDD, 0x00, 0xDF, 0xFE, 0xDF, 0xDD, 0xE0, 0xCE, 0xFC, 0x00, 0x08, 0xCE, 0xCC
	.byte 0xFD, 0x00, 0x00, 0x93, 0x00, 0xCC, 0xDD, 0x00, 0x0E, 0x00, 0xDD, 0xDD, 0x0F, 0x00, 0xDD, 0xFD
	.byte 0x2E, 0x00, 0x00, 0x00, 0x06, 0x00, 0x00, 0x06, 0xF0, 0x01, 0xF0, 0x01, 0xF0, 0xDB, 0x94, 0x1A
	.byte 0x05, 0x2A, 0x31, 0x00, 0x07, 0x62, 0x13, 0xFF, 0x00, 0xE6, 0x00, 0x02, 0x80, 0x14, 0xCC, 0xDD
	.byte 0x1E, 0xE1, 0xDD, 0x1E, 0x11, 0x21, 0x08, 0xEE, 0x11, 0xFF, 0xFF, 0x72, 0x33, 0xED, 0xFE, 0xFF
	.byte 0x00, 0x64, 0xED, 0xFE, 0x00, 0x40, 0xEE, 0xFE, 0x00, 0x3C, 0x00, 0xE2, 0x00, 0x73, 0x10, 0x03
	.byte 0x92, 0x50, 0x01, 0x00, 0xDE, 0xF4, 0xD6, 0x05, 0xB0, 0x41, 0x4F, 0xCD, 0x00, 0x5F, 0xE1, 0x05
	.byte 0x92, 0x06, 0x83, 0xFE, 0xD8, 0x20, 0x26, 0x00, 0x56, 0xFE, 0x00, 0x4E, 0x10, 0xEB, 0xDD, 0xCC
	.byte 0xEE, 0x03, 0xFF, 0xDD, 0xEC, 0x11, 0x22, 0xDF, 0x00, 0x64, 0x02, 0x0A, 0x0A, 0xE2, 0xFE, 0x00
	.byte 0xFE, 0x00, 0xCB, 0xFE, 0x10, 0x21, 0xDD, 0x72, 0xFF, 0x00, 0x67, 0x00, 0x6B, 0x01, 0xD5, 0xF2
	.byte 0x00, 0x01, 0xF7, 0x0F, 0x13, 0x00, 0xFF, 0xFF, 0x13, 0xF9, 0x00, 0x00, 0x30, 0x05, 0xF0, 0x01
	.byte 0x80, 0x50, 0x01, 0x00

  .globl gMonPalette_Blastoise
gMonPalette_Blastoise:
  .incbin "build/graphics/pokemon/blastoise/normal_palette.gbapal.lz"

  .globl gMonBackPic_Blastoise
gMonBackPic_Blastoise:
  .incbin "build/graphics/pokemon/blastoise/back.4bpp.lz"

  .globl gMonShinyPalette_Blastoise
gMonShinyPalette_Blastoise:
  .incbin "build/graphics/pokemon/blastoise/shiny_palette.gbapal.lz"

	.globl gMonIcon_Blastoise
gMonIcon_Blastoise: @ 0x08C35F84 [009]
  .incbin "build/graphics/pokemon/blastoise/icon.4bpp"
	@ analyzed canonical ROM range 0x08C36384-0x08C36603
sAnalyzedData_08C36384: @ 0x08C36384
	@ structured u8 payload; no safe higher-level semantic type was provable
	.byte 0x00, 0x80, 0xC0, 0xD8, 0xDC, 0xFC, 0xF8, 0xF8, 0x00, 0x01, 0x03, 0x1B, 0x3B, 0x3F, 0x1F, 0x1F
	.byte 0xF8, 0xF8, 0xF8, 0xF0, 0xC0, 0xC0, 0x80, 0x00, 0x1F, 0x1F, 0x1F, 0x0F, 0x03, 0x03, 0x01, 0x00
	.byte 0x10, 0x00, 0x08, 0x00, 0x3F, 0x00, 0x00, 0xF0, 0x01, 0xF0, 0x01, 0xF0, 0x01, 0xF0, 0x01, 0xF0
	.byte 0x01, 0xF0, 0x01, 0xFF, 0xF0, 0x01, 0xF0, 0x01, 0xF0, 0x01, 0xF0, 0x01, 0xF0, 0x01, 0xF0, 0x01
	.byte 0xF0, 0x01, 0xF0, 0x01, 0xFE, 0xF0, 0x01, 0xF0, 0x01, 0xF0, 0x01, 0xF0, 0x01, 0xF0, 0x01, 0xF0
	.byte 0x01, 0xF0, 0x01, 0x00, 0x3F, 0x80, 0x08, 0xF0, 0x13, 0xF0, 0x01, 0xF0, 0x01, 0xF0, 0x01, 0xF0
	.byte 0x01, 0xF0, 0x01, 0xFE, 0xF0, 0x01, 0xF0, 0x01, 0xF0, 0x01, 0xF0, 0x01, 0xF0, 0x01, 0xF0, 0x01
	.byte 0x70, 0x01, 0x28, 0x00, 0x82, 0x00, 0x00, 0x68, 0x22, 0x08, 0x00, 0x78, 0x00, 0x26, 0x82, 0x00
	.byte 0x80, 0x68, 0x22, 0x00, 0x00, 0x00, 0xFC, 0x67, 0x00, 0xB0, 0x9C, 0x6F, 0x00, 0xF0, 0x03, 0xC3
	.byte 0x89, 0x00, 0xEF, 0xC4, 0x89, 0x11, 0x05, 0x00, 0x02, 0x00, 0x28, 0xB0, 0x8C, 0x28, 0x62, 0x88
	.byte 0x26, 0x62, 0x00, 0xF7, 0x22, 0x72, 0xFF, 0xAF, 0x66, 0xF7, 0xAB, 0x00, 0xAA, 0x76, 0xBF, 0xAA
	.byte 0xCC, 0x76, 0xBF, 0xCB, 0x65, 0x33, 0x11, 0x21, 0x00, 0x41, 0x00, 0xF7, 0x00, 0x03, 0xCF, 0x00
	.byte 0x03, 0x20, 0xAA, 0x0C, 0x00, 0x03, 0xFA, 0x00, 0x00, 0xCC, 0xBA, 0x07, 0x0F, 0x00, 0x33, 0xBC
	.byte 0x0F, 0xF0, 0x6F, 0xF0, 0x01, 0xF0, 0x01, 0xFC, 0xF0, 0x01, 0xF0, 0x01, 0xF0, 0x01, 0xF0, 0x01
	.byte 0xF0, 0x01, 0xC0, 0x01, 0x88, 0x00, 0x00, 0x00, 0xFF, 0xC4, 0x99, 0xC0, 0x4F, 0x9C, 0xA9, 0x00
	.byte 0xC0, 0xC4, 0xAA, 0xAA, 0xC0, 0xAC, 0xCA, 0xFC, 0x00, 0x00, 0xAC, 0x9C, 0x99, 0x00, 0xBC, 0x9B
	.byte 0xA9, 0x00, 0x00, 0xC0, 0xCA, 0xCC, 0x00, 0xC0, 0x9C, 0xA9, 0x00, 0xFF, 0xBB, 0x3C, 0xE5, 0xAA
	.byte 0xAA, 0x4C, 0xEE, 0x00, 0xAA, 0xAA, 0x3C, 0xFF, 0xBF, 0xAA, 0x3C, 0xF5, 0x00, 0xFB, 0xAB, 0xCA
	.byte 0x33, 0xBA, 0xBC, 0xAA, 0xCC, 0x00, 0xBA, 0xBF, 0xBB, 0xBB, 0xBC, 0xFB, 0xBB, 0xBB, 0x01, 0x5F
	.byte 0xC3, 0xCB, 0x00, 0xFF, 0xC3, 0xFB, 0x20, 0x03, 0x40, 0x5F, 0x00, 0x03, 0x33, 0xBC, 0xFB, 0x00
	.byte 0xCC, 0xBB, 0x07, 0xFB, 0x00, 0xBB, 0xBB, 0xCB, 0x00, 0x03, 0xF0, 0xFF, 0xF0, 0x01, 0xFC, 0xF0
	.byte 0x01, 0xF0, 0x01, 0xF0, 0x01, 0xF0, 0x01, 0xF0, 0x01, 0x32, 0xC3, 0x41, 0x08, 0xAA, 0x00, 0x03
	.byte 0xF5, 0x30, 0x03, 0x44, 0x00, 0x03, 0x54, 0x00, 0x94, 0x58, 0x80, 0x40, 0x03, 0x80, 0xC8, 0x00
	.byte 0x00, 0x9C, 0xAA, 0x00, 0x00, 0x00, 0xBC, 0xBB, 0x00, 0x60, 0xC1, 0xFF, 0x00, 0x10, 0x60, 0x33
	.byte 0x38, 0x01, 0x13, 0x33, 0x00, 0x00, 0x60, 0x00, 0x66, 0x00, 0x00, 0x86, 0x33, 0x00, 0x60, 0x81
	.byte 0x80, 0x00, 0xCE, 0xBC, 0xBB, 0xBC, 0x3F, 0xC3, 0xBB, 0xFF, 0x00, 0x88, 0x38, 0xFC, 0x34, 0x18
	.byte 0xF4, 0xBA, 0x33, 0x00, 0x38, 0xF5, 0xAA, 0x88, 0xF8, 0xAF, 0xAA, 0x53, 0x01, 0x88, 0xCC, 0xBA
	.byte 0x85, 0x31, 0xAF, 0xFC, 0x10, 0xE3, 0x20, 0xBB, 0xFF, 0x01, 0x46, 0xCC, 0x00, 0x00, 0xBB, 0xFC
	.byte 0x00, 0x00, 0x00, 0x99, 0xFB, 0x00, 0x00, 0xB9, 0xF9, 0x1F, 0x00, 0x00, 0x9B, 0x00, 0x5D, 0xF0
	.byte 0xFE, 0xF0, 0x01, 0xF0, 0x01, 0xF0, 0x01, 0xF3, 0xF0, 0x01, 0xF0, 0x01, 0xF0, 0x01, 0x50, 0x01
	.byte 0xC0, 0xCA, 0x00, 0x03, 0x00, 0xE3, 0x95, 0x10, 0x03, 0x00, 0xAC, 0x00, 0x03, 0xBF, 0x00, 0x03
	.byte 0xF0, 0x60, 0x1E, 0x00, 0x70, 0x77, 0x88, 0x8C, 0x78, 0x33, 0x55, 0xCA, 0x00, 0x55, 0x88, 0x55
	.byte 0xAA, 0xCC, 0x55, 0xC8, 0xAA, 0x00, 0xBB, 0xCC, 0xCC, 0xBB, 0xC9, 0xBF, 0xBB, 0xFF, 0x00, 0xCC
	.byte 0x9B, 0xB9, 0x00, 0xFC, 0xFF, 0xFF, 0x88, 0x01, 0x53, 0xAF, 0xBB, 0x85, 0xFF, 0xBA, 0x9B, 0x00
	.byte 0x15, 0x40, 0xB9, 0x01, 0xEF, 0xF9, 0xBB, 0xB9, 0xFF, 0x0F, 0x9F, 0xBF, 0x00, 0xDC, 0xFF, 0x00
	.byte 0xF3, 0x10, 0x01, 0x10, 0x06, 0x10, 0xE6, 0xF0, 0xEA, 0xF0, 0x01, 0xFF, 0xF0, 0x01, 0xF0, 0x01
	.byte 0xF0, 0x01, 0xF0, 0x01, 0xF0, 0x01, 0xF0, 0x01, 0xF0, 0x01, 0xF0, 0x01, 0xFF, 0xF0, 0x01, 0xF0
	.byte 0x01, 0xF0, 0x01, 0xF0, 0x01, 0xF0, 0x01, 0xF0, 0x01, 0xF0, 0x01, 0xF0, 0x01, 0xFF, 0xF0, 0x01
	.byte 0xF0, 0x01, 0xF0, 0x01, 0xF0, 0x01, 0xF0, 0x01, 0xF0, 0x01, 0xF0, 0x01, 0xF0, 0x01, 0xFF, 0xF0
	.byte 0x01, 0xF0, 0x01, 0xF0, 0x01, 0xF0, 0x01, 0xF0, 0x01, 0xF0, 0x01, 0xF0, 0x01, 0x30, 0x01, 0x00

  .globl gMonPalette_Caterpie
gMonPalette_Caterpie:
  .incbin "build/graphics/pokemon/caterpie/normal_palette.gbapal.lz"

  .globl gMonBackPic_Caterpie
gMonBackPic_Caterpie:
  .incbin "build/graphics/pokemon/caterpie/back.4bpp.lz"

  .globl gMonShinyPalette_Caterpie
gMonShinyPalette_Caterpie:
  .incbin "build/graphics/pokemon/caterpie/shiny_palette.gbapal.lz"

	.globl gMonIcon_Caterpie
gMonIcon_Caterpie: @ 0x08C368DC [010]
  .incbin "build/graphics/pokemon/caterpie/icon.4bpp"
	@ analyzed canonical ROM range 0x08C36CDC-0x08C36F13
sAnalyzedData_08C36CDC: @ 0x08C36CDC
	@ structured u8 payload; no safe higher-level semantic type was provable
	.byte 0x00, 0x00, 0x00, 0x00, 0x00, 0x00, 0x80, 0xC0, 0x00, 0x00, 0x00, 0x00, 0x00, 0x00, 0x01, 0x03
	.byte 0xC0, 0x80, 0x00, 0x00, 0x00, 0x00, 0x00, 0x00, 0x03, 0x01, 0x00, 0x00, 0x00, 0x00, 0x00, 0x00
	.byte 0x10, 0x00, 0x08, 0x00, 0x3F, 0x00, 0x00, 0xF0, 0x01, 0xF0, 0x01, 0xF0, 0x01, 0xF0, 0x01, 0xF0
	.byte 0x01, 0xF0, 0x01, 0xFF, 0xF0, 0x01, 0xF0, 0x01, 0xF0, 0x01, 0xF0, 0x01, 0xF0, 0x01, 0xF0, 0x01
	.byte 0xF0, 0x01, 0xF0, 0x01, 0xFF, 0xF0, 0x01, 0xF0, 0x01, 0xF0, 0x01, 0xF0, 0x01, 0xF0, 0x01, 0xF0
	.byte 0x01, 0xF0, 0x01, 0xF0, 0x01, 0xFF, 0xF0, 0x01, 0xF0, 0x01, 0xF0, 0x01, 0xF0, 0x01, 0xF0, 0x01
	.byte 0xF0, 0x01, 0xF0, 0x01, 0xF0, 0x01, 0xD6, 0xF0, 0x01, 0x00, 0x01, 0x40, 0x00, 0x03, 0x50, 0x80
	.byte 0x03, 0x60, 0x01, 0x55, 0x94, 0x00, 0x03, 0x22, 0x05, 0x00, 0x03, 0x53, 0x00, 0x03, 0x33, 0x05
	.byte 0x1F, 0x00, 0x22, 0x32, 0x00, 0x08, 0xF0, 0x01, 0xF0, 0x01, 0xF0, 0x01, 0x10, 0x5A, 0x07, 0x55
	.byte 0x00, 0x50, 0x24, 0xB2, 0xF0, 0x17, 0x10, 0x73, 0x00, 0x1B, 0x01, 0x00, 0x35, 0x33, 0x00, 0x55
	.byte 0x34, 0x33, 0xA0, 0x18, 0x80, 0x00, 0x7B, 0x35, 0xB3, 0x00, 0x00, 0x43, 0xB4, 0x00, 0x27, 0x00
	.byte 0x45, 0x00, 0x03, 0x53, 0xB5, 0xF0, 0x3C, 0xF0, 0x01, 0xF0, 0x01, 0xCA, 0xF0, 0x6F, 0x50, 0x5D
	.byte 0x50, 0x52, 0x00, 0x03, 0x22, 0x00, 0x0C, 0x25, 0x80, 0x40, 0x03, 0x50, 0x22, 0x32, 0x33, 0xB5
	.byte 0x23, 0x32, 0x10, 0x33, 0x33, 0x34, 0x00, 0x03, 0x25, 0x23, 0x33, 0x33, 0x54, 0x35, 0x00, 0x07
	.byte 0x35, 0x00, 0x07, 0x43, 0x00, 0x07, 0xB3, 0x33, 0x60, 0x33, 0x20, 0x9F, 0x00, 0x86, 0x50, 0x33
	.byte 0xBB, 0x5B, 0x25, 0x08, 0x33, 0x44, 0x44, 0x33, 0x40, 0x03, 0x34, 0x33, 0x43, 0x80, 0x00, 0x08
	.byte 0x55, 0x45, 0x44, 0x50, 0x24, 0x22, 0xB3, 0x0A, 0x25, 0x22, 0x33, 0xB3, 0x00, 0x2E, 0x54, 0x00
	.byte 0x35, 0x35, 0xA0, 0x00, 0x1C, 0x3B, 0x00, 0x1B, 0x3B, 0x33, 0x44, 0xB4, 0x55, 0x01, 0x44, 0x44
	.byte 0xB4, 0x44, 0x55, 0x33, 0x55, 0x00, 0x45, 0x20, 0x33, 0xB5, 0x00, 0x18, 0xB4, 0x53, 0x33, 0x43
	.byte 0xB4, 0x00, 0x43, 0x4B, 0x44, 0x4B, 0x43, 0xB4, 0xBB, 0x45, 0x00, 0x44, 0xB4, 0x45, 0xB4, 0x44
	.byte 0x44, 0x4B, 0xB4, 0x07, 0x4B, 0x0B, 0x00, 0x00, 0x44, 0x00, 0x03, 0x00, 0xEE, 0x10, 0x67, 0x7F
	.byte 0x00, 0x00, 0x0A, 0x20, 0x03, 0xF0, 0x01, 0xF0, 0x01, 0xF0, 0x01, 0xF0, 0x01, 0xD1, 0xE3, 0xD5
	.byte 0xD0, 0x01, 0x10, 0xE3, 0xB5, 0x00, 0x03, 0x50, 0x00, 0xA0, 0xB0, 0x10, 0x03, 0x78, 0x51, 0x00
	.byte 0xF3, 0x00, 0xB2, 0x01, 0xA2, 0x01, 0xFC, 0x35, 0xB5, 0x53, 0x10, 0x33, 0x53, 0x44, 0x00, 0x16
	.byte 0x45, 0x55, 0xBB, 0x5B, 0x00, 0x4B, 0x15, 0xBB, 0x1B, 0x4B, 0x55, 0x11, 0xB1, 0x04, 0x44, 0x35
	.byte 0xB5, 0x4B, 0x44, 0x10, 0xFF, 0xBB, 0x44, 0x57, 0x44, 0x00, 0x01, 0x4B, 0x00, 0x03, 0x45, 0x20
	.byte 0x09, 0xF0, 0x01, 0x20, 0x1F, 0x48, 0x0B, 0x00, 0x29, 0x00, 0x44, 0x00, 0xE4, 0x44, 0x44, 0x05
	.byte 0x3F, 0x00, 0x44, 0x00, 0xE8, 0x50, 0xEF, 0xF0, 0xE7, 0xF0, 0x01, 0xF0, 0x01, 0xF0, 0x01, 0xF9
	.byte 0xF0, 0x01, 0xF0, 0x01, 0xF0, 0x01, 0x61, 0x1E, 0x02, 0x71, 0x00, 0x5B, 0xF0, 0x17, 0xA2, 0x30
	.byte 0x01, 0x22, 0x00, 0xEB, 0x32, 0x33, 0x54, 0x10, 0xE5, 0x55, 0x0C, 0x00, 0xBB, 0xBB, 0xBB, 0xD0
	.byte 0x1F, 0x00, 0xE0, 0xBB, 0x44, 0x0F, 0x54, 0xBB, 0x00, 0xB5, 0x00, 0x19, 0xF0, 0xCF, 0xF0, 0x01
	.byte 0xF0, 0x01, 0xFF, 0xF0, 0x01, 0xF0, 0x01, 0xF0, 0x01, 0xF0, 0x01, 0xF0, 0x01, 0xF0, 0x01, 0xF0
	.byte 0x01, 0xF0, 0x01, 0xFF, 0xF0, 0x01, 0xF0, 0x01, 0xF0, 0x01, 0xF0, 0x01, 0xF0, 0x01, 0xF0, 0x01
	.byte 0xF0, 0x01, 0xF0, 0x01, 0xFF, 0xF0, 0x01, 0xF0, 0x01, 0xF0, 0x01, 0xF0, 0x01, 0xF0, 0x01, 0xF0
	.byte 0x01, 0xF0, 0x01, 0xF0, 0x01, 0xFF, 0xF0, 0x01, 0xF0, 0x01, 0xF0, 0x01, 0xF0, 0x01, 0xF0, 0x01
	.byte 0xF0, 0x01, 0xF0, 0x01, 0xD0, 0x01, 0x00, 0x00

  .globl gMonPalette_Metapod
gMonPalette_Metapod:
  .incbin "build/graphics/pokemon/metapod/normal_palette.gbapal.lz"
  .space 0x1, 0x00

  .globl gMonBackPic_Metapod
gMonBackPic_Metapod:
  .incbin "build/graphics/pokemon/metapod/back.4bpp.lz"

  .globl gMonShinyPalette_Metapod
gMonShinyPalette_Metapod:
  .incbin "build/graphics/pokemon/metapod/shiny_palette.gbapal.lz"
  .space 0x1, 0x00
	.globl gMonIcon_Metapod
gMonIcon_Metapod: @ 0x08C37194 [011]
  .incbin "build/graphics/pokemon/metapod/icon.4bpp"
	@ analyzed canonical ROM range 0x08C37594-0x08C37913
sAnalyzedData_08C37594: @ 0x08C37594
	@ structured u8 payload; no safe higher-level semantic type was provable
	.byte 0x00, 0x00, 0x00, 0x00, 0x00, 0x00, 0x00, 0x00, 0x00, 0x00, 0x00, 0x00, 0x00, 0x00, 0x00, 0x00
	.byte 0x00, 0x00, 0x00, 0x00, 0x00, 0x00, 0x00, 0x00, 0x00, 0x00, 0x00, 0x00, 0x00, 0x00, 0x00, 0x00
	.byte 0x10, 0x00, 0x08, 0x00, 0x3F, 0x00, 0x00, 0xF0, 0x01, 0xF0, 0x01, 0xF0, 0x01, 0xF0, 0x01, 0xF0
	.byte 0x01, 0xF0, 0x01, 0xFF, 0xF0, 0x01, 0xF0, 0x01, 0xF0, 0x01, 0xF0, 0x01, 0xF0, 0x01, 0xF0, 0x01
	.byte 0xF0, 0x01, 0xF0, 0x01, 0xFA, 0xF0, 0x01, 0xF0, 0x01, 0xF0, 0x01, 0xF0, 0x01, 0xA0, 0x01, 0x60
	.byte 0x00, 0x03, 0x56, 0x00, 0x00, 0x00, 0x70, 0x25, 0x00, 0x00, 0x26, 0x02, 0xA2, 0xD0, 0x1C, 0x06
	.byte 0x00, 0x03, 0x02, 0x00, 0x60, 0x00, 0x06, 0x56, 0xBD, 0x00, 0x06, 0x25, 0xE0, 0x1F, 0xF0, 0x01
	.byte 0xF0, 0x01, 0x80, 0x01, 0x77, 0xF0, 0x12, 0x80, 0x00, 0x01, 0x70, 0x77, 0x22, 0x77, 0x17, 0x11
	.byte 0x7D, 0x0D, 0x11, 0x11, 0x11, 0xD1, 0xF0, 0x1C, 0x30, 0x01, 0x27, 0x40, 0x03, 0x81, 0x30, 0x01
	.byte 0x50, 0x55, 0x00, 0x00, 0x52, 0x17, 0x00, 0x03, 0x54, 0x11, 0x30, 0x07, 0x72, 0x00, 0x57, 0x20
	.byte 0x00, 0x07, 0x00, 0x72, 0xCB, 0x10, 0x1D, 0x00, 0x1C, 0x00, 0x11, 0x00, 0x11, 0x11, 0x00, 0x04
	.byte 0x00, 0x53, 0x00, 0x07, 0x17, 0x11, 0x1C, 0x5C, 0x71, 0x17, 0xC1, 0x04, 0xC1, 0xC1, 0x71, 0xD7
	.byte 0xCC, 0x10, 0xCD, 0x00, 0x70, 0xEC, 0x00, 0x20, 0x00, 0xED, 0x10, 0x0A, 0x50, 0x00, 0x03, 0x00
	.byte 0x57, 0x50, 0x2C, 0x93, 0x00, 0x40, 0x25, 0x07, 0x00, 0x15, 0x60, 0x22, 0x01, 0x06, 0x30, 0x17
	.byte 0xF4, 0x40, 0x22, 0x20, 0x03, 0xF0, 0x01, 0x20, 0x01, 0x75, 0x00, 0x4C, 0x1D, 0x00, 0x01, 0x00
	.byte 0xC7, 0xCC, 0x00, 0x70, 0xCC, 0x1C, 0x00, 0x06, 0x53, 0x7C, 0x00, 0xE2, 0x11, 0x00, 0x02, 0x11
	.byte 0x75, 0x00, 0x78, 0x20, 0x01, 0x00, 0x1C, 0x11, 0x71, 0xC1, 0x71, 0x77, 0x17, 0x7C, 0x02, 0x77
	.byte 0x77, 0x77, 0xC7, 0xCC, 0x71, 0x00, 0x19, 0x11, 0x42, 0x71, 0x00, 0x02, 0x77, 0x11, 0x71, 0x17
	.byte 0x10, 0x02, 0x11, 0xD7, 0x00, 0x02, 0x50, 0x0F, 0xD1, 0x10, 0x0F, 0x77, 0x00, 0x6C, 0xF0, 0x03
	.byte 0xA0, 0xFF, 0x60, 0x20, 0xF0, 0x86, 0x70, 0x01, 0x17, 0xCC, 0x77, 0xC7, 0x77, 0x04, 0xC7, 0xD7
	.byte 0x7C, 0x20, 0x7C, 0x00, 0xEB, 0xC2, 0x6C, 0x00, 0x77, 0x00, 0x20, 0xCC, 0xAB, 0x00, 0x00, 0xB2
	.byte 0x08, 0xA8, 0x00, 0x00, 0x80, 0x00, 0x03, 0x8B, 0xA8, 0xC5, 0x00, 0x7D, 0x00, 0x02, 0x72, 0x66
	.byte 0x66, 0x22, 0x62, 0x00, 0x45, 0x24, 0x55, 0x42, 0x44, 0x25, 0x55, 0x7B, 0x00, 0x44, 0x24, 0x55
	.byte 0x4B, 0x44, 0x55, 0xB5, 0x4B, 0x01, 0x54, 0x54, 0xB5, 0x4B, 0x45, 0x55, 0x95, 0x10, 0x43, 0x80
	.byte 0x01, 0x01, 0x00, 0x55, 0x22, 0x00, 0x50, 0xB5, 0xBB, 0x01, 0x07, 0x70, 0x9B, 0x99, 0xB9, 0xD7
	.byte 0x88, 0x10, 0x03, 0x00, 0x98, 0xA9, 0x7B, 0x88, 0x98, 0xAA, 0x7B, 0x70, 0x00, 0xCC, 0x5C, 0xC7
	.byte 0xC7, 0xCC, 0x57, 0xCC, 0xCD, 0x00, 0x7C, 0xCC, 0xCC, 0xDC, 0xC7, 0xCC, 0xCC, 0x7D, 0x00, 0xCD
	.byte 0xCD, 0xCC, 0xD7, 0xDC, 0xDC, 0x7C, 0xDD, 0x10, 0xDD, 0x7D, 0xC7, 0x00, 0x02, 0xCC, 0xCC, 0x1C
	.byte 0x1C, 0x00, 0x77, 0xCC, 0xC1, 0xC1, 0x17, 0xCC, 0x1C, 0x7C, 0x02, 0x1C, 0xCC, 0x7C, 0xC7, 0xC1
	.byte 0x7C, 0x20, 0xF9, 0x17, 0x3D, 0x1C, 0xCC, 0x00, 0x14, 0x00, 0x13, 0x01, 0xE6, 0x21, 0x15, 0x7D
	.byte 0x00, 0xF2, 0xD4, 0x00, 0x16, 0x21, 0xF3, 0x22, 0x00, 0xFF, 0x02, 0x00, 0x0F, 0x02, 0x77, 0x3E
	.byte 0x77, 0x27, 0x20, 0xE3, 0x51, 0x73, 0xF1, 0x77, 0xF0, 0x01, 0xF0, 0x01, 0x8B, 0x92, 0x00, 0xE7
	.byte 0x9B, 0xA9, 0x30, 0x03, 0xA7, 0x2A, 0x01, 0x2E, 0x62, 0xB0, 0x01, 0xA3, 0x66, 0x00, 0x18, 0x00
	.byte 0x07, 0x00, 0x20, 0x5B, 0x54, 0x01, 0x55, 0x95, 0x5B, 0x55, 0x55, 0xB5, 0x55, 0x00, 0x03, 0x00
	.byte 0x65, 0x26, 0x52, 0x66, 0x17, 0xEE, 0x2F, 0x66, 0x00, 0xF7, 0xFF, 0x2F, 0x66, 0x16, 0x22, 0x61
	.byte 0x66, 0x00, 0x67, 0x66, 0x66, 0x66, 0x88, 0x99, 0xAA, 0x2B, 0x00, 0x99, 0xA9, 0xAA, 0x2B, 0xAA
	.byte 0xAA, 0xAA, 0x2B, 0x42, 0xAB, 0x00, 0x03, 0xB6, 0xAA, 0x2A, 0x26, 0x01, 0x2D, 0x62, 0xC4, 0x00
	.byte 0x1A, 0x00, 0x1E, 0x22, 0x55, 0x7D, 0x00, 0xB6, 0xD7, 0xDD, 0x28, 0xDD, 0xDC, 0x01, 0xCD, 0xCD
	.byte 0x00, 0xF3, 0x77, 0xD2, 0xDD, 0x00, 0xDC, 0xCC, 0x26, 0xD7, 0xCD, 0xCD, 0x66, 0x22, 0x03, 0xD2
	.byte 0xCC, 0x66, 0xD2, 0x2D, 0x22, 0x00, 0x17, 0x00, 0xE7, 0x68, 0x1C, 0x20, 0xEF, 0x01, 0x0D, 0xDD
	.byte 0x10, 0xFD, 0xCC, 0xCC, 0x4C, 0x00, 0x22, 0xCC, 0x2C, 0x22, 0xDD, 0x22, 0xD2, 0xDD, 0x20, 0xDD
	.byte 0xC1, 0x01, 0xCC, 0x11, 0x7C, 0x02, 0x00, 0xC1, 0x9F, 0x02, 0x9F, 0x77, 0x07, 0x33, 0x10, 0xF0
	.byte 0xEF, 0xF0, 0x01, 0xF0, 0x01, 0xF0, 0x01, 0xD1, 0xF0, 0x01, 0xF0, 0x01, 0x22, 0x00, 0xC9, 0x00
	.byte 0x70, 0x22, 0x01, 0xE2, 0x4C, 0x70, 0x01, 0x6A, 0x70, 0xEF, 0xD3, 0x93, 0x00, 0xE2, 0x55, 0x72
	.byte 0x02, 0x66, 0x77, 0x65, 0x66, 0xE6, 0x2F, 0x00, 0xF4, 0xEF, 0x00, 0x62, 0x2F, 0x76, 0x2E, 0x76
	.byte 0x27, 0x22, 0x22, 0x00, 0x22, 0x50, 0xEE, 0x2F, 0x70, 0x15, 0xFE, 0x07, 0x00, 0x50, 0x66, 0x72
	.byte 0xDD, 0xD7, 0x66, 0x02, 0xD7, 0x04, 0x7D, 0x66, 0x02, 0x70, 0xDD, 0x03, 0x26, 0x77, 0x22, 0xA0
	.byte 0x00, 0xB4, 0xF7, 0x00, 0x03, 0xFF, 0x2F, 0x00, 0x00, 0xEE, 0xC0, 0x00, 0x03, 0x02, 0x03, 0x2D
	.byte 0xD7, 0xDC, 0x7C, 0x27, 0x7D, 0x01, 0xC7, 0x7D, 0x02, 0xDD, 0x7D, 0x22, 0x00, 0x10, 0x69, 0xFF
	.byte 0xF0, 0x01, 0xF0, 0x01, 0xF0, 0x01, 0xF0, 0x01, 0xF0, 0x01, 0xF0, 0x01, 0xF0, 0x01, 0xE0, 0x01
	.byte 0x55, 0x50, 0x40, 0x03, 0xE5, 0x00, 0x03, 0xE7, 0x00, 0x03, 0xF7, 0x93, 0x53, 0x02, 0xE1, 0xFE
	.byte 0x02, 0x50, 0xEE, 0xFF, 0x00, 0x03, 0x2F, 0x00, 0x00, 0x50, 0xFE, 0x2F, 0x00, 0x70, 0xFF, 0x02
	.byte 0xF8, 0x01, 0x2D, 0x80, 0x3C, 0x00, 0x1B, 0x10, 0x23, 0x60, 0x03, 0xEF, 0xFF, 0x07, 0x2F, 0x00
	.byte 0xF7, 0x00, 0xF7, 0x20, 0xF1, 0xBC, 0xF0, 0x01, 0xF0, 0x01, 0xF0, 0x01, 0xFF, 0xF0, 0x01, 0xF0
	.byte 0x01, 0xF0, 0x01, 0xF0, 0x01, 0xF0, 0x01, 0xF0, 0x01, 0xF0, 0x01, 0xF0, 0x01, 0xFF, 0xF0, 0x01
	.byte 0xF0, 0x01, 0xF0, 0x01, 0xF0, 0x01, 0xF0, 0x01, 0xF0, 0x01, 0xF0, 0x01, 0xE0, 0x01, 0x00, 0x00

  .globl gMonPalette_Butterfree
gMonPalette_Butterfree:
  .incbin "build/graphics/pokemon/butterfree/normal_palette.gbapal.lz"

  .globl gMonBackPic_Butterfree
gMonBackPic_Butterfree:
  .incbin "build/graphics/pokemon/butterfree/back.4bpp.lz"

  .globl gMonShinyPalette_Butterfree
gMonShinyPalette_Butterfree:
  .incbin "build/graphics/pokemon/butterfree/shiny_palette.gbapal.lz"

	.globl gMonIcon_Butterfree
gMonIcon_Butterfree: @ 0x08C37D74 [012]
  .incbin "build/graphics/pokemon/butterfree/icon.4bpp"
	@ analyzed canonical ROM range 0x08C38174-0x08C383D3
sAnalyzedData_08C38174: @ 0x08C38174
	@ structured u8 payload; no safe higher-level semantic type was provable
	.byte 0x00, 0x00, 0x00, 0x80, 0xC0, 0xC0, 0xE0, 0xE0, 0x00, 0x00, 0x00, 0x01, 0x03, 0x03, 0x07, 0x07
	.byte 0xE0, 0xE0, 0xC0, 0xC0, 0x80, 0x00, 0x00, 0x00, 0x07, 0x07, 0x03, 0x03, 0x01, 0x00, 0x00, 0x00
	.byte 0x10, 0x00, 0x08, 0x00, 0x3F, 0x00, 0x00, 0xF0, 0x01, 0xF0, 0x01, 0xF0, 0x01, 0xF0, 0x01, 0xF0
	.byte 0x01, 0xF0, 0x01, 0xFF, 0xF0, 0x01, 0xF0, 0x01, 0xF0, 0x01, 0xF0, 0x01, 0xF0, 0x01, 0xF0, 0x01
	.byte 0xF0, 0x01, 0xF0, 0x01, 0xFF, 0xF0, 0x01, 0xF0, 0x01, 0xF0, 0x01, 0xF0, 0x01, 0xF0, 0x01, 0xF0
	.byte 0x01, 0xF0, 0x01, 0xF0, 0x01, 0xFF, 0xF0, 0x01, 0xF0, 0x01, 0xF0, 0x01, 0xF0, 0x01, 0xF0, 0x01
	.byte 0xF0, 0x01, 0xF0, 0x01, 0xF0, 0x01, 0xF0, 0xF0, 0x01, 0xF0, 0x01, 0xF0, 0x01, 0x30, 0x01, 0x30
	.byte 0x03, 0x00, 0x00, 0x2D, 0x13, 0x32, 0x80, 0x10, 0x20, 0x80, 0x03, 0xE0, 0x01, 0x02, 0x00, 0x03
	.byte 0x40, 0x31, 0x00, 0x31, 0x11, 0x31, 0x3F, 0x00, 0x12, 0x11, 0x00, 0x21, 0x03, 0x23, 0x11, 0x22
	.byte 0x0F, 0x30, 0x22, 0x37, 0x32, 0xFF, 0xF0, 0x29, 0x70, 0x01, 0x0F, 0xF0, 0x12, 0xF0, 0x01, 0xF0
	.byte 0x01, 0xF8, 0xF0, 0x01, 0xF0, 0x01, 0xF0, 0x01, 0xF0, 0x01, 0x10, 0x01, 0x50, 0x00, 0x00, 0x00
	.byte 0x12, 0x32, 0x00, 0x30, 0x11, 0x22, 0x00, 0x20, 0x01, 0x11, 0x21, 0x00, 0x13, 0x11, 0x21, 0x60
	.byte 0x00, 0x03, 0x00, 0x46, 0x34, 0x11, 0x22, 0x45, 0x54, 0x33, 0x33, 0x0C, 0x44, 0x44, 0x44, 0x55
	.byte 0x10, 0x24, 0x00, 0xD6, 0x00, 0x73, 0x88, 0x00, 0xC9, 0x32, 0x66, 0xF7, 0x00, 0x03, 0x66, 0x0F
	.byte 0x63, 0x00, 0x55, 0x66, 0xF6, 0x56, 0x55, 0x65, 0x76, 0x55, 0x00, 0x55, 0x55, 0x66, 0x00, 0x33
	.byte 0x33, 0x67, 0x00, 0x32, 0x00, 0x70, 0x00, 0x27, 0x10, 0x03, 0x00, 0x77, 0x00, 0x03, 0x70, 0x95
	.byte 0x40, 0x03, 0x00, 0x07, 0x00, 0x03, 0xF6, 0x00, 0x03, 0x76, 0x00, 0xE8, 0x40, 0x67, 0x00, 0x08
	.byte 0x55, 0x66, 0x0F, 0x00, 0x55, 0x77, 0x00, 0x07, 0x00, 0x75, 0x55, 0xF6, 0x00, 0x57, 0x55, 0x07
	.byte 0x66, 0x07, 0x57, 0x77, 0x77, 0xF1, 0x02, 0xF0, 0x01, 0xF0, 0x01, 0xE7, 0xF0, 0x01, 0xF0, 0x01
	.byte 0xA0, 0xE3, 0x00, 0x60, 0xF0, 0x03, 0x30, 0x01, 0x10, 0xE3, 0x05, 0x45, 0x44, 0x54, 0x55, 0xF1
	.byte 0x00, 0xCC, 0xFF, 0x00, 0x03, 0x00, 0x55, 0xBB, 0xBB, 0x5B, 0xB5, 0x88, 0x98, 0x7A, 0x00, 0xB6
	.byte 0x88, 0x99, 0xBA, 0xB7, 0x99, 0xAA, 0xBA, 0xC1, 0x10, 0xE3, 0x10, 0x03, 0x15, 0x5F, 0x55, 0x66
	.byte 0xF5, 0x00, 0x03, 0x18, 0x55, 0x55, 0x65, 0x10, 0x03, 0x00, 0xFB, 0x66, 0xF6, 0x55, 0x10, 0x66
	.byte 0x66, 0xF7, 0x10, 0xC0, 0x7F, 0x06, 0x00, 0x00, 0x00, 0x4F, 0x74, 0x77, 0x77, 0x4F, 0x55, 0x47
	.byte 0x75, 0x04, 0x5F, 0x55, 0x76, 0x55, 0x57, 0x00, 0x1E, 0x66, 0x66, 0x20, 0xF6, 0x65, 0x00, 0x03
	.byte 0x66, 0x70, 0x55, 0x55, 0x0F, 0x20, 0x77, 0x56, 0x00, 0x10, 0x75, 0x67, 0xF6, 0x57, 0x55, 0x20
	.byte 0x75, 0xF6, 0x00, 0x19, 0xF7, 0x76, 0x66, 0x66, 0x9F, 0x01, 0x66, 0x67, 0x46, 0xFF, 0x66, 0x6F
	.byte 0x4D, 0x11, 0x22, 0xFE, 0xE2, 0x13, 0xF1, 0x14, 0xF0, 0x01, 0xF0, 0x01, 0xF0, 0x01, 0xF0, 0x01
	.byte 0xF0, 0x01, 0x70, 0x00, 0xFF, 0xFF, 0x6B, 0x00, 0x77, 0x66, 0x66, 0x00, 0x30, 0x00, 0xF7, 0xF2
	.byte 0xAB, 0x00, 0x01, 0x66, 0x66, 0x76, 0xDF, 0x80, 0x00, 0xE6, 0x44, 0xFF, 0x7F, 0x44, 0x44, 0x00
	.byte 0x9B, 0x00, 0x47, 0x44, 0x00, 0x9F, 0xF9, 0xFF, 0x00, 0xF0, 0xA0, 0x70, 0xA1, 0x6D, 0x00, 0xE3
	.byte 0xD4, 0xDD, 0xFD, 0xDD, 0xB4, 0x00, 0x4B, 0xDF, 0xB4, 0x9B, 0xFA, 0x4F, 0xAB, 0xAF, 0x01, 0xFA
	.byte 0xF6, 0x9F, 0xFF, 0x0F, 0x00, 0xF0, 0x50, 0x1F, 0x00, 0xD6, 0xDF, 0x74, 0x00, 0x44, 0xBF, 0xFB
	.byte 0x00, 0x05, 0x4B, 0x9F, 0xFA, 0x00, 0xBA, 0x00, 0x37, 0xFA, 0xF0, 0xDF, 0xFF, 0xF0, 0x01, 0xF0
	.byte 0x01, 0xF0, 0x01, 0xF0, 0x01, 0xF0, 0x01, 0xF0, 0x01, 0xF0, 0x01, 0xF0, 0x01, 0xFF, 0xF0, 0x01
	.byte 0xF0, 0x01, 0xF0, 0x01, 0xF0, 0x01, 0xF0, 0x01, 0xF0, 0x01, 0xF0, 0x01, 0xF0, 0x01, 0xFF, 0xF0
	.byte 0x01, 0xF0, 0x01, 0xF0, 0x01, 0xF0, 0x01, 0xF0, 0x01, 0xF0, 0x01, 0xF0, 0x01, 0xF0, 0x01, 0xFF
	.byte 0xF0, 0x01, 0xF0, 0x01, 0xF0, 0x01, 0xF0, 0x01, 0xF0, 0x01, 0xF0, 0x01, 0xF0, 0x01, 0xC0, 0x01

  .globl gMonPalette_Weedle
gMonPalette_Weedle:
  .incbin "build/graphics/pokemon/weedle/normal_palette.gbapal.lz"

  .globl gMonBackPic_Weedle
gMonBackPic_Weedle:
  .incbin "build/graphics/pokemon/weedle/back.4bpp.lz"

  .globl gMonShinyPalette_Weedle
gMonShinyPalette_Weedle:
  .incbin "build/graphics/pokemon/weedle/shiny_palette.gbapal.lz"

	.globl gMonIcon_Weedle
gMonIcon_Weedle: @ 0x08C3868C [013]
  .incbin "build/graphics/pokemon/weedle/icon.4bpp"
	@ analyzed canonical ROM range 0x08C38A8C-0x08C38CF7
sAnalyzedData_08C38A8C: @ 0x08C38A8C
	@ structured u8 payload; no safe higher-level semantic type was provable
	.byte 0x00, 0x00, 0x00, 0x00, 0x00, 0x00, 0x80, 0xC0, 0x00, 0x00, 0x00, 0x00, 0x00, 0x00, 0x01, 0x03
	.byte 0xC0, 0x80, 0x00, 0x00, 0x00, 0x00, 0x00, 0x00, 0x03, 0x01, 0x00, 0x00, 0x00, 0x00, 0x00, 0x00
	.byte 0x10, 0x00, 0x08, 0x00, 0x3F, 0x00, 0x00, 0xF0, 0x01, 0xF0, 0x01, 0xF0, 0x01, 0xF0, 0x01, 0xF0
	.byte 0x01, 0xF0, 0x01, 0xFF, 0xF0, 0x01, 0xF0, 0x01, 0xF0, 0x01, 0xF0, 0x01, 0xF0, 0x01, 0xF0, 0x01
	.byte 0xF0, 0x01, 0xF0, 0x01, 0xFD, 0xF0, 0x01, 0xF0, 0x01, 0xF0, 0x01, 0xF0, 0x01, 0xF0, 0x01, 0x40
	.byte 0x01, 0x40, 0xF0, 0x12, 0x80, 0x00, 0x01, 0x65, 0x66, 0x56, 0x54, 0x22, 0x32, 0x43, 0x0C, 0x22
	.byte 0x22, 0x33, 0x33, 0xF0, 0x1C, 0x40, 0x22, 0x06, 0x00, 0x1F, 0x00, 0x44, 0x54, 0x00, 0x04, 0xF0
	.byte 0x01, 0xF0, 0x01, 0xF0, 0x01, 0xF0, 0x01, 0xF8, 0xF0, 0x01, 0xF0, 0x01, 0xF0, 0x01, 0xF0, 0x01
	.byte 0xF0, 0x01, 0x24, 0x00, 0x00, 0x34, 0x50, 0x22, 0x00, 0xEA, 0x00, 0x03, 0x25, 0x00, 0x03, 0x24
	.byte 0x22, 0xC0, 0x00, 0x0E, 0x30, 0x03, 0x60, 0x22, 0x22, 0x22, 0x32, 0x33, 0x5C, 0x33, 0x00, 0xE6
	.byte 0x33, 0x00, 0x06, 0x20, 0x03, 0xC0, 0x01, 0xC3, 0x33, 0x00, 0x44, 0xC4, 0x00, 0x33, 0x44, 0x44
	.byte 0x0C, 0x33, 0x13, 0x43, 0x44, 0xC4, 0x00, 0x03, 0x44, 0x33, 0x00, 0x0C, 0x10, 0x03, 0x45, 0xCC
	.byte 0x10, 0x03, 0x3C, 0x44, 0x44, 0x90, 0x68, 0x0C, 0x00, 0x03, 0x57, 0x64, 0x00, 0x03, 0xC4, 0x40
	.byte 0x03, 0xC5, 0xF0, 0x8B, 0xF0, 0x01, 0xF0, 0x01, 0xFE, 0xF0, 0x01, 0xF0, 0x01, 0xF0, 0x01, 0xF0
	.byte 0x01, 0x30, 0x01, 0x00, 0xE3, 0x30, 0x03, 0x2B, 0x04, 0x33, 0x00, 0x60, 0xBA, 0x32, 0x00, 0x03
	.byte 0x3C, 0x00, 0x25, 0x00, 0x15, 0x00, 0x03, 0x60, 0x36, 0x00, 0x1D, 0x66, 0x00, 0xE3, 0x41, 0xBB
	.byte 0x00, 0x03, 0xAA, 0x33, 0x33, 0xA3, 0xA1, 0x00, 0x03, 0x50, 0xC1, 0x00, 0xF2, 0x3C, 0x40, 0xFB
	.byte 0x43, 0x36, 0x33, 0xC4, 0x30, 0xCC, 0xCB, 0x00, 0xE3, 0x00, 0x03, 0xC4, 0xBA, 0x43, 0x44, 0x00
	.byte 0x4C, 0x3C, 0x43, 0xC4, 0x44, 0x33, 0x44, 0x4C, 0x02, 0x34, 0x43, 0xC6, 0x44, 0x33, 0xC5, 0x11
	.byte 0x05, 0x33, 0x15, 0x22, 0x22, 0x6C, 0x00, 0x44, 0x55, 0x00, 0xF8, 0x44, 0x00, 0xEC, 0x8A, 0x12
	.byte 0x0F, 0x33, 0x44, 0x0C, 0x20, 0x03, 0x22, 0x01, 0x00, 0xC4, 0x7F, 0x5C, 0x11, 0x11, 0xF0, 0x01
	.byte 0xF0, 0x01, 0xF0, 0x01, 0xF0, 0x01, 0xF0, 0x01, 0xF0, 0x01, 0xEE, 0xF0, 0x01, 0x11, 0x01, 0x00
	.byte 0x03, 0x50, 0x40, 0x03, 0x10, 0x0B, 0xA0, 0x01, 0x43, 0x00, 0xC6, 0x4C, 0x4C, 0x53, 0x32, 0x44
	.byte 0x5C, 0x33, 0x00, 0x35, 0xC4, 0x66, 0x33, 0x5C, 0x5C, 0x44, 0x66, 0x00, 0x66, 0x43, 0x44, 0x50
	.byte 0x63, 0x22, 0x44, 0x00, 0x00, 0x36, 0x26, 0x44, 0x00, 0x60, 0x56, 0x42, 0x33, 0x00, 0x43, 0xC6
	.byte 0xCC, 0xCC, 0x6C, 0x45, 0x44, 0x44, 0xC0, 0x00, 0x01, 0x00, 0xF3, 0x23, 0x54, 0x3C, 0x33, 0x42
	.byte 0x44, 0x00, 0xC5, 0x23, 0x6C, 0x44, 0x6C, 0xCC, 0x36, 0x44, 0x00, 0x4C, 0x44, 0x36, 0x56, 0x45
	.byte 0x0C, 0x00, 0x44, 0x00, 0xC4, 0x06, 0x00, 0x44, 0x4C, 0x0C, 0x00, 0xC4, 0x82, 0x00, 0xF7, 0x46
	.byte 0x44, 0x65, 0x00, 0x44, 0x22, 0x33, 0xC4, 0x1F, 0x00, 0x32, 0x43, 0x12, 0x05, 0xF0, 0x01, 0xF0
	.byte 0x01, 0xF0, 0x01, 0xF0, 0x01, 0xFB, 0xF0, 0x01, 0xF0, 0x01, 0xF0, 0x01, 0xF0, 0x01, 0xE0, 0x01
	.byte 0x35, 0x41, 0x1B, 0xF0, 0x01, 0x84, 0x00, 0x01, 0x44, 0x5C, 0xCC, 0x6C, 0x00, 0xE7, 0x64, 0xC5
	.byte 0x01, 0x3C, 0x43, 0x44, 0x60, 0x34, 0x43, 0x66, 0x04, 0x1B, 0x84, 0x01, 0x1B, 0x33, 0x43, 0x00
	.byte 0x60, 0x14, 0x1B, 0x66, 0x66, 0x00, 0x22, 0x33, 0x65, 0x00, 0x23, 0x43, 0x06, 0x00, 0x04, 0x3C
	.byte 0x43, 0x0C, 0x00, 0xC5, 0x00, 0x03, 0x44, 0xCC, 0xBF, 0x32, 0x0B, 0x66, 0x12, 0x13, 0xF1, 0xFE
	.byte 0xF0, 0x01, 0xF0, 0x01, 0xF0, 0x01, 0xF0, 0x01, 0xFE, 0xF0, 0x01, 0xF0, 0x01, 0xF0, 0x01, 0xF0
	.byte 0x01, 0xF0, 0x01, 0xF2, 0x3E, 0x13, 0xE3, 0xC6, 0xFF, 0xF0, 0x17, 0x30, 0x01, 0x11, 0xE1, 0xF0
	.byte 0xE6, 0xF0, 0x01, 0xF0, 0x01, 0xF0, 0x01, 0xF0, 0x01, 0xFF, 0xF0, 0x01, 0xF0, 0x01, 0xF0, 0x01
	.byte 0xF0, 0x01, 0xF0, 0x01, 0xF0, 0x01, 0xF0, 0x01, 0xF0, 0x01, 0xFE, 0xF0, 0x01, 0xF0, 0x01, 0xF0
	.byte 0x01, 0xF0, 0x01, 0xF0, 0x01, 0xF0, 0x01, 0x30, 0x01, 0x00, 0x00, 0x00

  .globl gMonPalette_Kakuna
gMonPalette_Kakuna:
  .incbin "build/graphics/pokemon/kakuna/normal_palette.gbapal.lz"
  .space 0x3, 0x00

  .globl gMonBackPic_Kakuna
gMonBackPic_Kakuna:
  .incbin "build/graphics/pokemon/kakuna/back.4bpp.lz"

  .globl gMonShinyPalette_Kakuna
gMonShinyPalette_Kakuna:
  .incbin "build/graphics/pokemon/kakuna/shiny_palette.gbapal.lz"
  .space 0x3, 0x00
	.globl gMonIcon_Kakuna
gMonIcon_Kakuna: @ 0x08C38FC4 [014]
  .incbin "build/graphics/pokemon/kakuna/icon.4bpp"
	@ analyzed canonical ROM range 0x08C393C4-0x08C397F3
sAnalyzedData_08C393C4: @ 0x08C393C4
	@ structured u8 payload; no safe higher-level semantic type was provable
	.byte 0x00, 0x00, 0x00, 0x00, 0x00, 0x00, 0x00, 0x00, 0x00, 0x00, 0x00, 0x00, 0x00, 0x00, 0x00, 0x00
	.byte 0x00, 0x00, 0x00, 0x00, 0x00, 0x00, 0x00, 0x00, 0x00, 0x00, 0x00, 0x00, 0x00, 0x00, 0x00, 0x00
	.byte 0x10, 0x00, 0x08, 0x00, 0x3F, 0x00, 0x00, 0xF0, 0x01, 0xF0, 0x01, 0xF0, 0x01, 0xF0, 0x01, 0xF0
	.byte 0x01, 0xF0, 0x01, 0xFF, 0xF0, 0x01, 0xF0, 0x01, 0xF0, 0x01, 0xF0, 0x01, 0xF0, 0x01, 0xF0, 0x01
	.byte 0xF0, 0x01, 0xF0, 0x01, 0xA8, 0xA0, 0x01, 0x90, 0x00, 0x03, 0xD0, 0xF0, 0x03, 0x00, 0x00, 0x99
	.byte 0x00, 0x99, 0x99, 0x00, 0x11, 0x18, 0x11, 0x99, 0x18, 0x00, 0x81, 0x11, 0x11, 0x81, 0x16, 0x88
	.byte 0x11, 0x11, 0x29, 0x88, 0x66, 0x00, 0x04, 0x18, 0x00, 0x09, 0x81, 0x68, 0x50, 0x3C, 0x50, 0x09
	.byte 0x00, 0x03, 0x91, 0x00, 0x04, 0x81, 0x96, 0x00, 0x00, 0x00, 0x68, 0xD6, 0x0D, 0x00, 0x16, 0xED
	.byte 0xDE, 0x00, 0x1D, 0x61, 0xED, 0xE1, 0x10, 0x16, 0xF0, 0x01, 0x30, 0x01, 0xE0, 0x40, 0x03, 0xA7
	.byte 0xE0, 0x01, 0xDD, 0x00, 0x03, 0xDE, 0x0D, 0x00, 0x1C, 0x00, 0x03, 0xC0, 0x01, 0x00, 0x99, 0x00
	.byte 0x00, 0x89, 0x11, 0x00, 0x90, 0x11, 0x00, 0x88, 0x00, 0x19, 0x16, 0x11, 0x90, 0x61, 0x61, 0x42
	.byte 0x11, 0x30, 0x15, 0xDD, 0xDD, 0x99, 0x11, 0x10, 0x9C, 0x18, 0x14, 0x81, 0x88, 0x18, 0x00, 0xA9
	.byte 0x11, 0x10, 0xA3, 0x11, 0x81, 0x0D, 0x88, 0x81, 0x11, 0x18, 0x50, 0x38, 0x10, 0x4A, 0xD1, 0x80
	.byte 0x03, 0x74, 0xD8, 0x40, 0x13, 0xF0, 0x01, 0xB0, 0x01, 0x19, 0x00, 0x47, 0x1D, 0x61, 0x00, 0x68
	.byte 0x61, 0xD0, 0x11, 0x86, 0x16, 0x00, 0x6D, 0x02, 0x61, 0x68, 0x00, 0xD0, 0x6D, 0x98, 0x01, 0x16
	.byte 0x9D, 0xC0, 0x10, 0x1A, 0x01, 0x32, 0x11, 0xD6, 0x1E, 0xE6, 0x9D, 0xD8, 0x00, 0x6E, 0xD1, 0x7E
	.byte 0xED, 0x18, 0x77, 0x6E, 0xED, 0x00, 0x81, 0x78, 0x7E, 0x8E, 0x66, 0x87, 0xDE, 0x66, 0x00, 0x87
	.byte 0x77, 0xE5, 0xDD, 0x79, 0x58, 0x23, 0x61, 0x14, 0xDD, 0xC9, 0x23, 0x00, 0x27, 0xED, 0x00, 0x67
	.byte 0x0E, 0xD6, 0x00, 0x00, 0xD0, 0x0E, 0x56, 0x55, 0xE5, 0x00, 0x35, 0x00, 0x33, 0xED, 0x05, 0x23
	.byte 0x32, 0x3E, 0x53, 0x22, 0x11, 0x22, 0x33, 0x33, 0x00, 0x03, 0xC3, 0x00, 0xDE, 0x10, 0xEC, 0x88
	.byte 0x01, 0x7B, 0xE0, 0x0D, 0x60, 0x00, 0x03, 0x69, 0x00, 0x00, 0x00, 0x9E, 0x77, 0x00, 0x00, 0x79
	.byte 0x77, 0x05, 0x90, 0x00, 0x77, 0x87, 0x5C, 0x55, 0x77, 0xE7, 0x69, 0x16, 0x00, 0x16, 0x81, 0x66
	.byte 0x61, 0x81, 0x18, 0x66, 0x86, 0x00, 0x18, 0x86, 0x66, 0x18, 0x61, 0x61, 0x86, 0xE1, 0x01, 0xEE
	.byte 0x8E, 0x18, 0xEE, 0xEE, 0xEE, 0xE7, 0x00, 0x01, 0x08, 0xEE, 0x7E, 0x77, 0xEE, 0x20, 0xEB, 0x11
	.byte 0x18, 0xD1, 0x00, 0x61, 0x81, 0x11, 0xD1, 0x18, 0x86, 0x11, 0x0D, 0x00, 0x66, 0x68, 0xD6, 0x00
	.byte 0x66, 0x99, 0x0D, 0x00, 0x00, 0x9E, 0xEE, 0xED, 0x0E, 0xEE, 0xDE, 0x77, 0xD7, 0xF7, 0xF0, 0xE3
	.byte 0xF0, 0x01, 0xF0, 0x01, 0xA2, 0x16, 0x88, 0x10, 0xE7, 0x00, 0x08, 0x10, 0xF3, 0xC0, 0x22, 0x0F
	.byte 0x30, 0x01, 0xED, 0xEE, 0x00, 0xDD, 0xDD, 0xED, 0x00, 0x18, 0xE1, 0xAC, 0x2C, 0x86, 0xEE, 0x1C
	.byte 0x2C, 0x00, 0x61, 0xEE, 0x1C, 0x3C, 0xE8, 0xEE, 0xAC, 0x3C, 0x00, 0xED, 0xEE, 0xBC, 0x3C, 0xEE
	.byte 0x0E, 0xC0, 0x3C, 0x0A, 0xEE, 0x00, 0x00, 0x35, 0x00, 0x03, 0x50, 0x00, 0xE3, 0xAC, 0x00, 0x22
	.byte 0x22, 0xC3, 0x1A, 0x22, 0x32, 0xC3, 0x1A, 0x0A, 0x33, 0x33, 0xC3, 0xAA, 0x00, 0x03, 0xBB, 0x30
	.byte 0x03, 0x43, 0x00, 0xCC, 0x33, 0x33, 0x44, 0x35, 0xCB, 0x44, 0xE5, 0x00, 0xEE, 0xBA, 0x4C, 0xEE
	.byte 0x9E, 0xBA, 0x4C, 0xE4, 0x00, 0x75, 0xCB, 0x4C, 0x44, 0x9E, 0xCB, 0x44, 0x44, 0x02, 0x9E, 0x4C
	.byte 0x44, 0xEE, 0xEE, 0x44, 0x20, 0x03, 0xE4, 0x00, 0xE0, 0x9E, 0x79, 0x77, 0xE7, 0x88, 0x77, 0x97
	.byte 0x00, 0xED, 0x67, 0xD9, 0x7D, 0xE7, 0x9D, 0x77, 0x97, 0x00, 0xE9, 0x77, 0x77, 0x77, 0xD9, 0xDD
	.byte 0xDD, 0xDD, 0x44, 0xD0, 0x00, 0x5B, 0x00, 0xEE, 0x0E, 0x00, 0x03, 0x8D, 0x78, 0x00, 0xE7, 0xDE
	.byte 0x88, 0x78, 0x87, 0x1D, 0x81, 0x78, 0x62, 0x77, 0x01, 0x0B, 0x40, 0x03, 0x81, 0x78, 0x1D, 0x01
	.byte 0xFE, 0xD0, 0xF5, 0x00, 0x0C, 0x51, 0xFB, 0x00, 0x2A, 0x21, 0xF3, 0xE7, 0x00, 0x03, 0x87, 0x00
	.byte 0x0C, 0x78, 0x77, 0x10, 0x03, 0x10, 0x10, 0xF0, 0x01, 0xB3, 0x13, 0x19, 0x11, 0xD8, 0x58, 0x90
	.byte 0x00, 0x47, 0x90, 0x00, 0x4F, 0x10, 0x03, 0x19, 0x11, 0x88, 0xC2, 0x00, 0x5B, 0x00, 0x03, 0x81
	.byte 0x88, 0x77, 0x17, 0x00, 0x73, 0xEE, 0x0A, 0x0D, 0x00, 0x50, 0xED, 0x00, 0x4B, 0xD8, 0x01, 0xC7
	.byte 0x77, 0x01, 0xDD, 0x00, 0xE0, 0x77, 0xD7, 0x00, 0xEE, 0x20, 0x03, 0x10, 0x0E, 0x00, 0xEE, 0x00
	.byte 0x6B, 0xE0, 0x33, 0x44, 0x54, 0x00, 0x33, 0x45, 0x54, 0x05, 0x55, 0x5E, 0x05, 0x50, 0x00, 0x44
	.byte 0xEE, 0x00, 0x34, 0x33, 0x0E, 0x40, 0x33, 0x01, 0xD5, 0x00, 0x40, 0xEE, 0xDD, 0x0E, 0xE5, 0x10
	.byte 0x03, 0x00, 0x4E, 0x22, 0x43, 0x44, 0x5E, 0x00, 0xEE, 0x5E, 0x10, 0x44, 0x05, 0x44, 0x00, 0xEC
	.byte 0x33, 0x43, 0x44, 0x44, 0x0B, 0xDD, 0xDD, 0xEE, 0x45, 0x00, 0x03, 0xEE, 0x10, 0x03, 0x01, 0x3B
	.byte 0x28, 0x54, 0xEE, 0x00, 0xE8, 0xE0, 0x10, 0x04, 0xEE, 0xEE, 0x0E, 0x05, 0x0E, 0x00, 0xE0, 0x0E
	.byte 0x04, 0x00, 0x03, 0x5E, 0x00, 0x03, 0x41, 0xEE, 0x00, 0xFD, 0xEE, 0x0E, 0xDE, 0x0E, 0x00, 0x00
	.byte 0x8C, 0x06, 0x00, 0xD0, 0x11, 0x81, 0x00, 0x00, 0x08, 0x01, 0x9E, 0x17, 0xAC, 0x00, 0xB3, 0xD9
	.byte 0x90, 0xC0, 0x78, 0x00, 0x84, 0x10, 0x03, 0x88, 0x87, 0x13, 0x0D, 0x00, 0x81, 0x00, 0x94, 0x11
	.byte 0x78, 0x00, 0x32, 0x00, 0x03, 0x16, 0xD0, 0x81, 0xD7, 0x00, 0x32, 0xE8, 0x10, 0x22, 0x53, 0xE7
	.byte 0x79, 0xB0, 0x00, 0x03, 0x1D, 0x70, 0x03, 0x11, 0xF3, 0xD0, 0x81, 0x11, 0x81, 0x20, 0x77, 0x77
	.byte 0x01, 0x52, 0xE7, 0x11, 0x78, 0x77, 0x0E, 0x7F, 0x81, 0x00, 0x48, 0x10, 0x43, 0x20, 0x53, 0x00
	.byte 0xF3, 0x11, 0x4B, 0x00, 0x06, 0x53, 0xC7, 0xF8, 0x10, 0x03, 0x21, 0x96, 0x10, 0xB1, 0x00, 0x03
	.byte 0x00, 0xAE, 0xEE, 0x00, 0x0E, 0x00, 0xE5, 0x33, 0x22, 0x0E, 0x35, 0x33, 0xD4, 0x0E, 0x04, 0x35
	.byte 0xE3, 0xEE, 0x0E, 0x45, 0x00, 0xC8, 0x50, 0xEE, 0x41, 0x4E, 0x00, 0x03, 0x34, 0x00, 0x00, 0x45
	.byte 0x44, 0x02, 0x1E, 0x00, 0x44, 0x22, 0x32, 0x33, 0x44, 0xDD, 0xED, 0xEE, 0xEA, 0x00, 0x19, 0x30
	.byte 0x01, 0x02, 0x17, 0xE5, 0x01, 0x07, 0xE4, 0x01, 0x0F, 0x44, 0x00, 0x44, 0x54, 0x45, 0xE4, 0xE4
	.byte 0x0E, 0xDE, 0x00, 0x53, 0x44, 0x40, 0x03, 0x4E, 0x00, 0xEF, 0xEE, 0x00, 0x30, 0x03, 0x00, 0x5C
	.byte 0x77, 0xED, 0x40, 0x6F, 0xF0, 0x01, 0x90, 0x01, 0xD0, 0x10, 0xE3, 0x10, 0x2A, 0xF0, 0x01, 0xBF
	.byte 0x40, 0x20, 0x78, 0x30, 0x24, 0x00, 0xAF, 0xF0, 0x1C, 0x22, 0x37, 0xF0, 0x01, 0x80, 0x01, 0x7D
	.byte 0xDE, 0x00, 0x82, 0x00, 0x03, 0x40, 0xF1, 0x40, 0x95, 0xA0, 0x35, 0x55, 0x00, 0x03, 0x70, 0x50
	.byte 0xF0, 0x38, 0x30, 0x01, 0x01, 0xE2, 0x0E, 0x22, 0x43, 0xE4, 0x00, 0x00, 0x25, 0x42, 0x05, 0x00
	.byte 0x24, 0x42, 0x0E, 0x01, 0x00, 0x50, 0x52, 0x00, 0x00, 0x40, 0xE2, 0xA0, 0x78, 0xFF, 0x10, 0xE3
	.byte 0xD5, 0x27, 0x51, 0x6B, 0x20, 0x26, 0x41, 0x74, 0x60, 0x03, 0xF0, 0xB3, 0xF0, 0x01, 0xFF, 0xF0
	.byte 0x01, 0xF0, 0x01, 0xF0, 0x01, 0xF0, 0x01, 0xF0, 0x01, 0xF0, 0x01, 0xF0, 0x01, 0xF0, 0x01, 0xFE
	.byte 0xF0, 0x01, 0xF0, 0x01, 0xF0, 0x01, 0xF0, 0x01, 0xF0, 0x01, 0xF0, 0x01, 0x90, 0x01, 0x00, 0x00

  .globl gMonPalette_Beedrill
gMonPalette_Beedrill:
  .incbin "build/graphics/pokemon/beedrill/normal_palette.gbapal.lz"

  .globl gMonBackPic_Beedrill
gMonBackPic_Beedrill:
  .incbin "build/graphics/pokemon/beedrill/back.4bpp.lz"

  .globl gMonShinyPalette_Beedrill
gMonShinyPalette_Beedrill:
  .incbin "build/graphics/pokemon/beedrill/shiny_palette.gbapal.lz"

	.globl gMonIcon_Beedrill
gMonIcon_Beedrill: @ 0x08C39BB8 [015]
  .incbin "build/graphics/pokemon/beedrill/icon.4bpp"
	@ analyzed canonical ROM range 0x08C39FB8-0x08C3A2C3
sAnalyzedData_08C39FB8: @ 0x08C39FB8
	@ structured u8 payload; no safe higher-level semantic type was provable
	.byte 0x00, 0x00, 0x00, 0x00, 0x00, 0x00, 0x80, 0x80, 0x00, 0x00, 0x00, 0x00, 0x00, 0x01, 0x01, 0x03
	.byte 0xC0, 0xC0, 0x80, 0x00, 0x00, 0x00, 0x00, 0x00, 0x03, 0x03, 0x01, 0x00, 0x00, 0x00, 0x00, 0x00
	.byte 0x10, 0x00, 0x08, 0x00, 0x3F, 0x00, 0x00, 0xF0, 0x01, 0xF0, 0x01, 0xF0, 0x01, 0xF0, 0x01, 0xF0
	.byte 0x01, 0xF0, 0x01, 0xFF, 0xF0, 0x01, 0xF0, 0x01, 0xF0, 0x01, 0xF0, 0x01, 0xF0, 0x01, 0xF0, 0x01
	.byte 0xF0, 0x01, 0xF0, 0x01, 0xE0, 0xF0, 0x01, 0xF0, 0x01, 0xF0, 0x01, 0x00, 0x00, 0xBB, 0x00, 0x00
	.byte 0x01, 0xB0, 0x99, 0xBA, 0x00, 0x90, 0xBB, 0x99, 0xF0, 0x1B, 0xBF, 0x70, 0x01, 0x0A, 0xF0, 0x12
	.byte 0xF0, 0x01, 0xF0, 0x01, 0xF0, 0x01, 0xF0, 0x01, 0xF0, 0x01, 0x83, 0xE0, 0xA2, 0x0E, 0x00, 0xBB
	.byte 0x99, 0x0E, 0xF0, 0x17, 0xF0, 0x01, 0xC0, 0xF0, 0x01, 0xA0, 0x01, 0x49, 0x9B, 0x00, 0x00, 0x39
	.byte 0xB4, 0x82, 0x00, 0x07, 0x43, 0x00, 0x00, 0x90, 0x33, 0x00, 0x10, 0x3A, 0xB1, 0x00, 0x07, 0xA4
	.byte 0x01, 0x00, 0x00, 0x0B, 0xB0, 0x3A, 0xB9, 0x00, 0x10, 0x00, 0xA9, 0x0B, 0x00, 0x00, 0x9B, 0xBA
	.byte 0x00, 0x00, 0x00, 0xB4, 0xA9, 0x0C, 0xAA, 0x53, 0x9B, 0xCA, 0x4C, 0x00, 0x43, 0xB5, 0xCA, 0xC0
	.byte 0x43, 0x54, 0xAB, 0x0C, 0x08, 0x33, 0x44, 0xB5, 0xCA, 0x10, 0x41, 0xCA, 0x00, 0xB0, 0x00, 0x0E
	.byte 0xC4, 0x00, 0x9B, 0x0E, 0xC4, 0xBB, 0xC9, 0x00, 0xCC, 0x54, 0x9C, 0xAA, 0x4C, 0x54, 0xBC, 0xCA
	.byte 0x00, 0x44, 0xEC, 0xEE, 0x4C, 0xE5, 0xC2, 0x66, 0x5C, 0x54, 0x2E, 0x10, 0x1F, 0xA0, 0x00, 0x03
	.byte 0x4A, 0x00, 0x03, 0x44, 0xCC, 0x00, 0x0E, 0x00, 0x44, 0xE5, 0x00, 0x00, 0xE5, 0x0E, 0x00, 0x00
	.byte 0xC0, 0xEE, 0xBA, 0x00, 0x9C, 0xE1, 0xBE, 0x60, 0xC0, 0x00, 0x55, 0x11, 0x6C, 0xBC, 0x99, 0x00
	.byte 0xC0, 0x99, 0x00, 0xC9, 0xC0, 0x9A, 0xCB, 0x5B, 0x9C, 0xA9, 0x5C, 0x00, 0x45, 0xA9, 0xCB, 0x45
	.byte 0xA4, 0xCA, 0x55, 0x44, 0x00, 0x44, 0x5C, 0x45, 0x44, 0x44, 0x99, 0xCB, 0x0A, 0x00, 0x00, 0xC9
	.byte 0x45, 0x0A, 0x00, 0x5B, 0x44, 0x0A, 0x2A, 0x00, 0x45, 0x00, 0x03, 0x44, 0x00, 0x31, 0xEA, 0x00
	.byte 0xF6, 0x44, 0x7E, 0xE4, 0x30, 0x03, 0xF0, 0x01, 0xF0, 0x01, 0xF0, 0x01, 0xA0, 0x01, 0x10, 0x9E
	.byte 0xB0, 0xD0, 0x40, 0x03, 0xE0, 0x01, 0xAA, 0x00, 0xE3, 0x55, 0x44, 0x54, 0xBB, 0x00, 0x33, 0x43
	.byte 0x54, 0xE5, 0x9E, 0x5A, 0x54, 0xE5, 0x20, 0xB0, 0x44, 0x00, 0x03, 0x33, 0x45, 0x55, 0x00, 0xBB
	.byte 0x00, 0x45, 0xA5, 0x00, 0x00, 0xBE, 0xB4, 0xC1, 0x6E, 0x00, 0xB7, 0xE1, 0xEE, 0xE8, 0xB7, 0xEC
	.byte 0x8E, 0x88, 0x00, 0xEC, 0x55, 0xA4, 0xCC, 0xE7, 0x44, 0xC4, 0x76, 0x00, 0x5E, 0x44, 0x5B, 0xEE
	.byte 0x4A, 0x44, 0x4B, 0x33, 0x00, 0x33, 0x44, 0x4A, 0x33, 0x33, 0x43, 0xE1, 0xAE, 0x00, 0xCE, 0xCA
	.byte 0xEE, 0xAE, 0xAE, 0xCC, 0xE5, 0xAE, 0x04, 0xAC, 0x5C, 0x54, 0xCE, 0xAA, 0x00, 0x03, 0xCA, 0x55
	.byte 0x00, 0xE4, 0xBC, 0xCB, 0x55, 0xBC, 0xBB, 0xCB, 0xA5, 0x00, 0xB5, 0x5B, 0xBB, 0x5B, 0x55, 0x44
	.byte 0xA4, 0xAA, 0x88, 0x00, 0xEA, 0x44, 0x55, 0xA4, 0x00, 0x03, 0x45, 0x4A, 0x44, 0x00, 0xA5, 0x45
	.byte 0xE4, 0xEE, 0x55, 0x5A, 0xA4, 0x00, 0x07, 0x55, 0xEE, 0x0E, 0x00, 0xEE, 0x02, 0x60, 0x10, 0xE3
	.byte 0x10, 0xEF, 0xFF, 0x01, 0x90, 0x20, 0x03, 0xF2, 0x73, 0xF0, 0x01, 0xF0, 0x01, 0xF0, 0x01, 0xF0
	.byte 0x01, 0xF0, 0x01, 0xB0, 0x40, 0x01, 0xBE, 0x81, 0x27, 0x30, 0x03, 0xC0, 0x0C, 0x00, 0x00, 0x22
	.byte 0xC0, 0xC1, 0x00, 0x03, 0x1C, 0x08, 0x45, 0x00, 0xE3, 0x35, 0x00, 0x33, 0x33, 0x33, 0x35, 0x33
	.byte 0x53, 0x33, 0x54, 0x00, 0x53, 0x44, 0x3A, 0xA4, 0x54, 0x44, 0x5B, 0xAA, 0x00, 0xB4, 0x44, 0xB4
	.byte 0xE0, 0xBE, 0x55, 0xEB, 0xB0, 0x00, 0x44, 0xEB, 0x44, 0xB5, 0x5B, 0xB5, 0xAB, 0xB4, 0x00, 0x55
	.byte 0xB5, 0xEB, 0x43, 0x5B, 0x55, 0xEC, 0x43, 0x00, 0xB4, 0x55, 0x1B, 0x44, 0xE4, 0xB5, 0x17, 0xB5
	.byte 0x00, 0x5E, 0xB5, 0x67, 0x5E, 0x55, 0xB5, 0x76, 0x54, 0x1C, 0x5B, 0x75, 0x66, 0x90, 0xCF, 0x00
	.byte 0x55, 0x20, 0x03, 0xCC, 0xCC, 0x01, 0x00, 0x00, 0x7C, 0xE1, 0x00, 0x00, 0x87, 0xF2, 0xDE, 0xFE
	.byte 0xF0, 0x01, 0xF0, 0x01, 0xF0, 0x01, 0xF0, 0x01, 0xF0, 0x01, 0xF0, 0x01, 0x30, 0x01, 0x1C, 0x02
	.byte 0x6C, 0x86, 0x00, 0xC0, 0x8E, 0x66, 0x00, 0x09, 0x68, 0xA0, 0x00, 0x03, 0x80, 0xD0, 0x1E, 0x8C
	.byte 0x4B, 0x44, 0x44, 0x87, 0x00, 0xBC, 0x5B, 0x55, 0xC7, 0x00, 0xC0, 0xBC, 0x76, 0x00, 0x0C, 0xBC
	.byte 0xCB, 0x18, 0xBC, 0xBB, 0xBE, 0xC0, 0x00, 0x99, 0xEA, 0xAB, 0xAE, 0xEA, 0xBE, 0xBA, 0xE0, 0x00
	.byte 0x0E, 0x9C, 0xBA, 0x55, 0xB5, 0x6C, 0x76, 0x55, 0x00, 0xCC, 0x7C, 0x87, 0xCC, 0xCB, 0xCC, 0x08
	.byte 0xCB, 0x00, 0xEB, 0x2C, 0x0E, 0xCB, 0xEB, 0xE0, 0x00, 0xCB, 0x6B, 0xEB, 0x02, 0xF1, 0x00, 0x03
	.byte 0xBE, 0x00, 0x03, 0x08, 0xF0, 0x71, 0xF0, 0x01, 0xFF, 0xF0, 0x01, 0xF0, 0x01, 0xF0, 0x01, 0xF0
	.byte 0x01, 0xF0, 0x01, 0xF0, 0x01, 0xF0, 0x01, 0xF0, 0x01, 0x81, 0x90, 0x01, 0xC0, 0xA9, 0xEB, 0x00
	.byte 0xC0, 0xBA, 0x01, 0xA9, 0x77, 0xEE, 0xF0, 0x1B, 0x12, 0x3C, 0x01, 0xD0, 0xBE, 0x10, 0x1D, 0xF1
	.byte 0xCB, 0xF0, 0x01, 0xFF, 0xF0, 0x01, 0xF0, 0x01, 0xF0, 0x01, 0xF0, 0x01, 0xF0, 0x01, 0xF0, 0x01
	.byte 0xF0, 0x01, 0xF0, 0x01, 0xFF, 0xF0, 0x01, 0xF0, 0x01, 0xF0, 0x01, 0xF0, 0x01, 0xF0, 0x01, 0xF0
	.byte 0x01, 0xF0, 0x01, 0xF0, 0x01, 0xE0, 0xF0, 0x01, 0xF0, 0x01, 0xC0, 0x01

  .globl gMonPalette_Pidgey
gMonPalette_Pidgey:
  .incbin "build/graphics/pokemon/pidgey/normal_palette.gbapal.lz"

  .globl gMonBackPic_Pidgey
gMonBackPic_Pidgey:
  .incbin "build/graphics/pokemon/pidgey/back.4bpp.lz"

  .globl gMonShinyPalette_Pidgey
gMonShinyPalette_Pidgey:
  .incbin "build/graphics/pokemon/pidgey/shiny_palette.gbapal.lz"

	.globl gMonIcon_Pidgey
gMonIcon_Pidgey: @ 0x08C3A668 [016]
  .incbin "build/graphics/pokemon/pidgey/icon.4bpp"
	@ analyzed canonical ROM range 0x08C3AA68-0x08C3ADFB
sAnalyzedData_08C3AA68: @ 0x08C3AA68
	@ structured u8 payload; no safe higher-level semantic type was provable
	.byte 0x00, 0x00, 0x00, 0x20, 0x20, 0x70, 0x70, 0xE0, 0x00, 0x00, 0x00, 0x08, 0x08, 0x1C, 0x1C, 0x0F
	.byte 0xE0, 0xC0, 0x80, 0x80, 0x00, 0x00, 0x00, 0x00, 0x0F, 0x07, 0x03, 0x03, 0x01, 0x01, 0x00, 0x00
	.byte 0x10, 0x00, 0x08, 0x00, 0x3F, 0x00, 0x00, 0xF0, 0x01, 0xF0, 0x01, 0xF0, 0x01, 0xF0, 0x01, 0xF0
	.byte 0x01, 0xF0, 0x01, 0xE3, 0xF0, 0x01, 0xF0, 0x01, 0x80, 0x01, 0xB0, 0x0B, 0xCB, 0xF0, 0x14, 0x30
	.byte 0x01, 0x00, 0xBB, 0xCC, 0xBC, 0x00, 0x77, 0x77, 0x77, 0xBB, 0xFF, 0xF0, 0x19, 0xF0, 0x01, 0xF0
	.byte 0x01, 0xF0, 0x01, 0xF0, 0x01, 0xF0, 0x01, 0xF0, 0x01, 0xF0, 0x01, 0xD4, 0xF0, 0x01, 0xA0, 0x01
	.byte 0xC0, 0x00, 0x03, 0x6C, 0x30, 0x03, 0xC0, 0x86, 0x80, 0x20, 0x03, 0x7C, 0xE8, 0x77, 0xC0, 0x87
	.byte 0x7E, 0x87, 0x05, 0x7C, 0x77, 0x77, 0xEE, 0x77, 0x00, 0x0B, 0xC7, 0x00, 0x09, 0x00, 0x6C, 0x67
	.byte 0x77, 0xC8, 0x67, 0x68, 0xC7, 0x7C, 0x00, 0x86, 0x76, 0x78, 0x76, 0x87, 0xEE, 0xEE, 0xEE, 0x00
	.byte 0xEE, 0x77, 0x88, 0x88, 0x77, 0x87, 0x88, 0x88, 0x00, 0x87, 0x88, 0xEE, 0xEE, 0xC8, 0xEE, 0x77
	.byte 0xCC, 0x40, 0x7C, 0x00, 0x0C, 0x77, 0x77, 0xE8, 0xEE, 0x87, 0xE8, 0x14, 0x0C, 0x00, 0x0E, 0x00
	.byte 0x4C, 0x88, 0x10, 0x03, 0xC8, 0x00, 0x00, 0x00, 0xEE, 0x8E, 0x0C, 0x00, 0x0C, 0xE0, 0xC8, 0x0F
	.byte 0x00, 0xE8, 0x00, 0xE0, 0x20, 0x17, 0xF0, 0x01, 0xF0, 0x01, 0xF0, 0x01, 0x82, 0xD0, 0x01, 0x80
	.byte 0x08, 0x00, 0x00, 0x78, 0x00, 0xAB, 0x78, 0x00, 0x66, 0x00, 0xB0, 0xB4, 0x67, 0x00, 0x4B, 0x44
	.byte 0x00, 0x7B, 0x00, 0x4B, 0x33, 0xB4, 0x00, 0xB0, 0x34, 0x01, 0x43, 0x00, 0x00, 0xB8, 0x34, 0x00
	.byte 0x0B, 0x01, 0xA6, 0x00, 0xB4, 0xB0, 0x0B, 0xB8, 0x33, 0x7B, 0x76, 0xB6, 0x00, 0x34, 0xB4, 0x66
	.byte 0x66, 0x3B, 0xB3, 0x67, 0x67, 0x00, 0xB7, 0x44, 0x7B, 0x7B, 0xB7, 0x44, 0x8B, 0xB4, 0x00, 0x88
	.byte 0x4B, 0xB4, 0x00, 0x00, 0x69, 0x68, 0x00, 0x00, 0x00, 0x7C, 0x7C, 0x0B, 0x00, 0x8C, 0x8C, 0x0B
	.byte 0x00, 0x00, 0xCC, 0xC8, 0x0B, 0x00, 0xC0, 0xC8, 0xB7, 0x0C, 0x00, 0x00, 0xCC, 0xB8, 0x00, 0x36
	.byte 0x00, 0x03, 0x6B, 0x86, 0x00, 0x86, 0x66, 0x87, 0x68, 0x68, 0x77, 0xEE, 0x8C, 0x00, 0x6B, 0xC7
	.byte 0xC2, 0xC8, 0x78, 0x2C, 0xC1, 0xC8, 0x00, 0xC8, 0x1E, 0xE1, 0xCC, 0x1C, 0x1E, 0xEC, 0x76, 0x00
	.byte 0x5B, 0x55, 0xE5, 0x76, 0xB8, 0x44, 0x54, 0xEC, 0xA8, 0x00, 0xC8, 0xAA, 0x02, 0x05, 0xAE, 0x00
	.byte 0x03, 0xEE, 0xBA, 0x0C, 0x87, 0x00, 0x03, 0x0E, 0x00, 0xEE, 0xBE, 0x40, 0x03, 0x10, 0x18, 0xF0
	.byte 0x01, 0xF8, 0xF0, 0x01, 0xF0, 0x01, 0xF0, 0x01, 0xF0, 0x01, 0x40, 0xFE, 0x77, 0x4B, 0x00, 0x25
	.byte 0x80, 0x67, 0x00, 0xB2, 0x88, 0x76, 0x00, 0x0D, 0x8B, 0x12, 0x95, 0xA0, 0x00, 0x03, 0xAA, 0x00
	.byte 0x02, 0x33, 0x00, 0xB0, 0x43, 0x55, 0x00, 0x44, 0x88, 0xB8, 0xB4, 0x44, 0x8B, 0xB8, 0x44, 0x00
	.byte 0xBB, 0xB4, 0x88, 0xCB, 0x88, 0xAA, 0x4A, 0xC4, 0x04, 0xAA, 0x44, 0x44, 0xAB, 0x33, 0x00, 0x03
	.byte 0x54, 0xAA, 0x00, 0xBA, 0xCC, 0x35, 0x44, 0xB4, 0xAA, 0x88, 0x0B, 0x00, 0x00, 0x6B, 0xCC, 0xCC
	.byte 0x0C, 0x6C, 0xAA, 0xAA, 0x00, 0xCA, 0xCC, 0xA9, 0x99, 0xAA, 0xCA, 0x9A, 0xA9, 0x00, 0xA9, 0xAA
	.byte 0x99, 0x99, 0xAA, 0xAA, 0x9A, 0xAA, 0x00, 0xAA, 0xAA, 0xAA, 0xA9, 0xAA, 0xAA, 0xC7, 0xCC, 0x00
	.byte 0x44, 0x54, 0x7C, 0xC8, 0x44, 0x54, 0xCC, 0x44, 0x28, 0x44, 0xE5, 0x10, 0x12, 0xAC, 0x00, 0x03
	.byte 0xAE, 0xAA, 0xAA, 0x00, 0x4A, 0xEB, 0xAA, 0x4A, 0x44, 0xEB, 0x4A, 0x34, 0x02, 0x33, 0xEE, 0xAA
	.byte 0xEB, 0x00, 0xAE, 0x00, 0x03, 0xAA, 0x84, 0x00, 0xEB, 0xAA, 0xAA, 0xBB, 0x0C, 0x00, 0x03, 0x0E
	.byte 0x44, 0x00, 0xA4, 0xBB, 0x0E, 0x43, 0x44, 0xBB, 0x0E, 0x34, 0x3F, 0x44, 0xB5, 0xF1, 0xE6, 0xF0
	.byte 0x01, 0xF0, 0x01, 0xF0, 0x01, 0xF0, 0x01, 0x50, 0x01, 0x00, 0x5B, 0x55, 0x33, 0x00, 0x3B, 0x33
	.byte 0x44, 0x00, 0x1A, 0xB0, 0x55, 0x55, 0x13, 0x76, 0xD0, 0x1E, 0x33, 0x00, 0xE3, 0x44, 0x80, 0x00
	.byte 0xBE, 0xAA, 0xAA, 0xBA, 0xAB, 0x45, 0x44, 0xB4, 0x00, 0xBB, 0xBB, 0x44, 0x44, 0x55, 0x00, 0xCC
	.byte 0x4C, 0x00, 0xC5, 0x00, 0xC0, 0xCB, 0xCC, 0x00, 0x00, 0xBC, 0x54, 0xBB, 0x00, 0xCE, 0xBA, 0x00
	.byte 0xD3, 0xAB, 0x00, 0x06, 0xBA, 0xAC, 0x00, 0xAB, 0xAB, 0xBB, 0xBC, 0xBA, 0xBA, 0xBB, 0xAA, 0x00
	.byte 0xBB, 0xBB, 0xEB, 0xBC, 0xBB, 0xEC, 0x5E, 0xEC, 0x10, 0xEE, 0x5A, 0x45, 0x10, 0xE3, 0xEB, 0x35
	.byte 0x43, 0x33, 0x00, 0xCB, 0x35, 0x33, 0x33, 0x5C, 0x34, 0x33, 0x33, 0x40, 0x5E, 0x00, 0x03, 0x55
	.byte 0x44, 0x33, 0x43, 0x45, 0x44, 0x40, 0x44, 0x20, 0x01, 0x43, 0x43, 0x55, 0x0E, 0x33, 0x44, 0x84
	.byte 0x00, 0x03, 0x54, 0x55, 0x0C, 0x43, 0x00, 0x03, 0x44, 0x54, 0x04, 0xA5, 0x00, 0x44, 0x55, 0xE5
	.byte 0x00, 0x03, 0x0E, 0x00, 0x3F, 0x54, 0xE5, 0xF0, 0xAE, 0xF0, 0x01, 0xF0, 0x01, 0xF0, 0x01, 0xF0
	.byte 0x01, 0xF0, 0x01, 0xDC, 0xF0, 0x01, 0x43, 0xD2, 0xBC, 0x43, 0xD7, 0xF0, 0x01, 0x11, 0x30, 0x4B
	.byte 0x44, 0x20, 0x44, 0xBE, 0x00, 0x03, 0xE0, 0xEE, 0x44, 0x44, 0x00, 0x26, 0x00, 0x5E, 0x01, 0x43
	.byte 0xB0, 0xEE, 0x00, 0x03, 0x03, 0xAD, 0xB0, 0x50, 0xE8, 0x01, 0x1F, 0xE8, 0x00, 0xE2, 0x54, 0x54
	.byte 0x4B, 0x54, 0x00, 0x55, 0x55, 0x5E, 0x55, 0xCC, 0xE5, 0xCE, 0xBB, 0x66, 0x55, 0x03, 0x1F, 0x00
	.byte 0x1F, 0x00, 0x8C, 0x00, 0x52, 0x00, 0x03, 0x2C, 0x2D, 0x8C, 0x55, 0x02, 0xE2, 0xB5, 0x00, 0xE7
	.byte 0x00, 0xF2, 0x00, 0x00, 0xF2, 0x68, 0x00, 0x10, 0x1C, 0x11, 0xF4, 0xB7, 0x03, 0x77, 0x77, 0xB7
	.byte 0xBB, 0xFF, 0x00, 0x05, 0xF0, 0x01, 0xF0, 0x01, 0xF0, 0x01, 0xF0, 0x01, 0xF0, 0x01, 0xF0, 0x01
	.byte 0xF0, 0x01, 0xC0, 0xF0, 0x01, 0xD1, 0x1E, 0x78, 0xE7, 0x00, 0x7C, 0xE7, 0x77, 0x00, 0xC0, 0x71
	.byte 0x0E, 0x1E, 0xC0, 0xE1, 0x00, 0x1E, 0x34, 0x00, 0x0C, 0x04, 0x9C, 0xA0, 0x20, 0xE0, 0x04, 0xB5
	.byte 0x00, 0xC0, 0xE0, 0x10, 0xD3, 0xF2, 0xCC, 0x04, 0x75, 0x6E, 0x26, 0xB1, 0x8E, 0xE7, 0x0B, 0xEE
	.byte 0xEE, 0xE0, 0x28, 0x00, 0x1D, 0x1E, 0x00, 0x03, 0xC0, 0x3D, 0xFF, 0xF0, 0x01, 0xF0, 0x01, 0xF0
	.byte 0x01, 0xF0, 0x01, 0xF0, 0x01, 0xF0, 0x01, 0xF0, 0x01, 0xF0, 0x01, 0xFF, 0xF0, 0x01, 0xF0, 0x01
	.byte 0xF0, 0x01, 0xF0, 0x01, 0xF0, 0x01, 0xF0, 0x01, 0xF0, 0x01, 0xF0, 0x01, 0xC0, 0xF0, 0x01, 0xB0
	.byte 0x01, 0x00, 0x00, 0x00

  .globl gMonPalette_Pidgeotto
gMonPalette_Pidgeotto:
  .incbin "build/graphics/pokemon/pidgeotto/normal_palette.gbapal.lz"

  .globl gMonBackPic_Pidgeotto
gMonBackPic_Pidgeotto:
  .incbin "build/graphics/pokemon/pidgeotto/back.4bpp.lz"

  .globl gMonShinyPalette_Pidgeotto
gMonShinyPalette_Pidgeotto:
  .incbin "build/graphics/pokemon/pidgeotto/shiny_palette.gbapal.lz"

	.globl gMonIcon_Pidgeotto
gMonIcon_Pidgeotto: @ 0x08C3B198 [017]
  .incbin "build/graphics/pokemon/pidgeotto/icon.4bpp"
	@ analyzed canonical ROM range 0x08C3B598-0x08C3BAB3
sAnalyzedData_08C3B598: @ 0x08C3B598
	@ structured u8 payload; no safe higher-level semantic type was provable
	.byte 0x00, 0x00, 0x20, 0x20, 0x70, 0x70, 0xE0, 0xE0, 0x00, 0x00, 0x08, 0x08, 0x1C, 0x1C, 0x0F, 0x0F
	.byte 0xE0, 0xC0, 0x80, 0x80, 0x80, 0x00, 0x00, 0x00, 0x0F, 0x07, 0x03, 0x03, 0x03, 0x01, 0x01, 0x00
	.byte 0x10, 0x00, 0x08, 0x00, 0x20, 0x00, 0x00, 0xD0, 0x01, 0xDD, 0x00, 0x00, 0xC0, 0x54, 0x0B, 0x0D
	.byte 0x00, 0x4D, 0x44, 0x10, 0x03, 0xD5, 0xF0, 0x1F, 0x40, 0x01, 0x03, 0xED, 0x0F, 0x00, 0x00, 0x5D
	.byte 0xF5, 0xF0, 0x17, 0xF0, 0x01, 0xFD, 0xF0, 0x01, 0xF0, 0x01, 0xF0, 0x01, 0xF0, 0x01, 0xF0, 0x01
	.byte 0xA0, 0xB4, 0xD0, 0x00, 0xAB, 0x40, 0x50, 0x00, 0x03, 0x4D, 0xD5, 0x00, 0xD0, 0x54, 0x5D, 0x00
	.byte 0x00, 0x4D, 0x54, 0x5D, 0xD0, 0x44, 0xD5, 0x55, 0xB8, 0xD0, 0x28, 0x0D, 0x40, 0x03, 0x00, 0xBD
	.byte 0x20, 0x03, 0x00, 0x4C, 0x44, 0x40, 0xD4, 0x00, 0x03, 0x54, 0x00, 0xC0, 0x44, 0x44, 0x00, 0x7A
	.byte 0xD0, 0x00, 0x03, 0x00, 0x0C, 0x00, 0x43, 0x00, 0x03, 0xC0, 0x00, 0x03, 0xD0, 0x00, 0x44, 0x00
	.byte 0x5D, 0xE5, 0x00, 0x0D, 0x5D, 0x55, 0x00, 0x0F, 0xCC, 0x5D, 0x55, 0xCF, 0xC5, 0x5D, 0x55, 0x50
	.byte 0x5C, 0x10, 0x03, 0x54, 0x10, 0x03, 0xE5, 0x55, 0xEE, 0x54, 0x1C, 0x55, 0xEE, 0x43, 0x50, 0x57
	.byte 0x10, 0x4B, 0x11, 0x0D, 0xC5, 0x00, 0x00, 0xDD, 0xDD, 0xE5, 0xEE, 0x44, 0x55, 0x4E, 0x55, 0x0C
	.byte 0xDD, 0xDD, 0xD5, 0xDD, 0x00, 0x57, 0xD0, 0xA8, 0xDD, 0xDD, 0x00, 0xED, 0xDD, 0xDD, 0x5D, 0x55
	.byte 0x55, 0x55, 0xD5, 0x94, 0x00, 0x1F, 0x7D, 0x77, 0xD0, 0x1F, 0x0E, 0x00, 0x03, 0xD5, 0xED, 0x00
	.byte 0x0E, 0xD0, 0x5D, 0x55, 0xD5, 0xBD, 0xE7, 0xDE, 0x2A, 0xBD, 0xCB, 0x40, 0x16, 0xD0, 0x00, 0x02
	.byte 0x4D, 0x00, 0x02, 0x54, 0x80, 0x00, 0x02, 0xD5, 0xBD, 0x5B, 0xD5, 0x5D, 0x5B, 0xE5, 0x02, 0x5E
	.byte 0x44, 0xEC, 0x5E, 0x45, 0x44, 0x00, 0xE6, 0x55, 0x9A, 0x00, 0xE6, 0x55, 0x55, 0x00, 0x30, 0x00
	.byte 0x06, 0xF5, 0x00, 0x59, 0x0F, 0x20, 0x44, 0x44, 0x00, 0x03, 0x54, 0xF5, 0xD4, 0x54, 0x55, 0x3A
	.byte 0x5D, 0xF4, 0x60, 0xE7, 0xF0, 0x01, 0x50, 0x01, 0x4C, 0x00, 0x03, 0x4D, 0xB8, 0x00, 0x03, 0xC0
	.byte 0x40, 0x03, 0x00, 0x6B, 0x70, 0x03, 0x44, 0xD5, 0x33, 0x00, 0xD5, 0x44, 0x3D, 0x53, 0x45, 0xD5
	.byte 0x33, 0x35, 0x00, 0x43, 0x3D, 0x53, 0x33, 0x88, 0x35, 0x35, 0x83, 0x00, 0x66, 0xD4, 0x33, 0x68
	.byte 0x66, 0xD5, 0xE4, 0x66, 0x00, 0x76, 0x4E, 0xE5, 0xE8, 0xFE, 0x4D, 0x44, 0xD4, 0x00, 0xDD, 0x44
	.byte 0xDD, 0x6D, 0x76, 0xD8, 0x66, 0x66, 0x40, 0x77, 0x00, 0x02, 0x88, 0x76, 0x77, 0x88, 0xFF, 0x77
	.byte 0x00, 0xF8, 0xFF, 0x0E, 0xF8, 0xEF, 0xDD, 0xFD, 0xFE, 0x80, 0x00, 0xEC, 0x7D, 0x77, 0x77, 0x87
	.byte 0x77, 0x77, 0x88, 0x06, 0x88, 0x88, 0x88, 0xE8, 0xFF, 0x00, 0x16, 0x10, 0xDF, 0xE0, 0xB0, 0x00
	.byte 0x57, 0xF0, 0x10, 0x03, 0x00, 0x97, 0xBE, 0xD8, 0xBD, 0xCB, 0x40, 0xEC, 0x00, 0x02, 0x5E, 0xBD
	.byte 0xCC, 0x5E, 0x55, 0xBD, 0x04, 0xED, 0x55, 0x55, 0xCB, 0x5E, 0x20, 0x03, 0x45, 0xDC, 0xC0, 0x00
	.byte 0xD2, 0x00, 0x03, 0xCC, 0xCE, 0x5C, 0x45, 0x54, 0x5C, 0x00, 0xC5, 0x45, 0x55, 0x55, 0xC4, 0x55
	.byte 0x55, 0x45, 0x00, 0xC4, 0x45, 0xD5, 0x44, 0xDC, 0xDD, 0x4D, 0xC4, 0x00, 0x45, 0x5D, 0x45, 0x5C
	.byte 0x44, 0x5D, 0x55, 0x45, 0x80, 0x00, 0x03, 0x55, 0xD5, 0x45, 0xF4, 0x55, 0x5D, 0x44, 0x00, 0xF4
	.byte 0xF5, 0x44, 0x44, 0xF5, 0x4F, 0x44, 0x55, 0x00, 0xD5, 0x44, 0x54, 0x55, 0x0F, 0x54, 0x55, 0xF5
	.byte 0x00, 0x00, 0x55, 0x55, 0xFF, 0x00, 0x55, 0xF5, 0xE5, 0xC1, 0xF0, 0xED, 0x60, 0x01, 0xFE, 0x00
	.byte 0xE0, 0xEE, 0xF7, 0x41, 0x5B, 0xD0, 0xA0, 0x01, 0x11, 0x03, 0x1C, 0x40, 0x03, 0x6E, 0x5E, 0x8E
	.byte 0x1E, 0x00, 0xE1, 0x5E, 0xEE, 0xF1, 0xE1, 0x5E, 0x2E, 0xF1, 0x00, 0xFE, 0xED, 0x2E, 0xEE, 0x44
	.byte 0x61, 0xE7, 0x44, 0x00, 0x44, 0x76, 0x77, 0x3E, 0x33, 0x77, 0xEE, 0xE7, 0x00, 0x33, 0xE7, 0x88
	.byte 0xE6, 0x33, 0xFF, 0xDF, 0xDD, 0x10, 0xDD, 0xFF, 0xFF, 0x10, 0x03, 0xCC, 0xDD, 0xF4, 0xFF, 0x00
	.byte 0xCC, 0xDC, 0x53, 0xCF, 0xCC, 0xCC, 0x33, 0x5F, 0x00, 0xCC, 0xCC, 0xF3, 0xC4, 0xC4, 0xCC, 0x43
	.byte 0x44, 0x00, 0x44, 0xC4, 0xFD, 0x00, 0x00, 0xBF, 0xDD, 0xFE, 0x2A, 0x00, 0xCF, 0x00, 0x21, 0xCB
	.byte 0x01, 0xFA, 0xCC, 0x00, 0x03, 0xDC, 0x11, 0xDC, 0xDD, 0xBE, 0x00, 0x03, 0xCE, 0xDD, 0xCC, 0x02
	.byte 0x09, 0x83, 0x00, 0xE3, 0x54, 0xDD, 0x55, 0x45, 0x45, 0x00, 0xC9, 0x01, 0xC9, 0x98, 0x10, 0x07
	.byte 0x54, 0x54, 0x00, 0xE9, 0x00, 0xF0, 0x55, 0x54, 0x55, 0x01, 0x45, 0xC5, 0x44, 0x44, 0xD4, 0x55
	.byte 0x55, 0x00, 0xE6, 0x00, 0xFD, 0xDC, 0xDD, 0xDD, 0x45, 0x55, 0xC5, 0x5C, 0x41, 0x55, 0x00, 0xE2
	.byte 0x55, 0xDC, 0x44, 0xD4, 0xF5, 0x02, 0x5E, 0x00, 0x0D, 0x54, 0xD5, 0x55, 0xDD, 0xF5, 0xDF, 0x5D
	.byte 0x04, 0xEE, 0x4F, 0x44, 0xF4, 0x55, 0x01, 0xEF, 0xEE, 0x55, 0x00, 0x55, 0x8F, 0x88, 0x55, 0xFF
	.byte 0x88, 0x88, 0xFF, 0x10, 0xF0, 0xFF, 0xFF, 0x50, 0xCC, 0x5E, 0x7E, 0x0E, 0x00, 0x00, 0xE5, 0x87
	.byte 0x0F, 0x00, 0x8E, 0xF8, 0x00, 0x00, 0x7E, 0x88, 0x01, 0x70, 0x60, 0x18, 0x70, 0x01, 0x11, 0x8F
	.byte 0xF0, 0x01, 0x52, 0x8F, 0x6E, 0x20, 0x3E, 0x43, 0x01, 0x28, 0x4E, 0x00, 0x00, 0xCE, 0xED, 0xBC
	.byte 0x01, 0x2A, 0xDC, 0x00, 0x03, 0x03, 0x6B, 0x13, 0x6F, 0x30, 0x01, 0x44, 0x44, 0xA0, 0x70, 0x01
	.byte 0x4E, 0x10, 0x03, 0x34, 0x34, 0x34, 0xED, 0x43, 0x00, 0x43, 0x33, 0xEE, 0x34, 0x33, 0x33, 0x00
	.byte 0x3C, 0x20, 0x33, 0x33, 0x00, 0xF0, 0xDD, 0x44, 0x55, 0xDD, 0x5D, 0xA5, 0x01, 0x97, 0x55, 0x02
	.byte 0x97, 0x55, 0x43, 0x00, 0x08, 0x33, 0x00, 0x08, 0x50, 0x33, 0x00, 0x08, 0x33, 0x10, 0x08, 0x45
	.byte 0x54, 0xCC, 0x55, 0x00, 0xC5, 0x44, 0x5C, 0xC5, 0x44, 0xCC, 0x5C, 0x55, 0x3A, 0xCC, 0xD5, 0x13
	.byte 0x18, 0x11, 0xFA, 0x00, 0xFF, 0xDD, 0x01, 0x00, 0x55, 0x04, 0xFF, 0x44, 0xD4, 0x45, 0x44, 0x33
	.byte 0x2E, 0xFF, 0xFF, 0xC0, 0x02, 0xDE, 0x03, 0x99, 0xF4, 0x00, 0xF4, 0xFF, 0x0F, 0x00, 0x7F, 0xF4
	.byte 0x00, 0x7B, 0x02, 0x4E, 0x73, 0xC7, 0xF0, 0x01, 0xF0, 0x01, 0xF0, 0x01, 0xF0, 0x01, 0xED, 0xF0
	.byte 0x01, 0xF0, 0x01, 0x90, 0x01, 0x3E, 0x00, 0xE7, 0x10, 0x03, 0xC0, 0x00, 0x03, 0x30, 0xE0, 0x34
	.byte 0x01, 0x2B, 0x54, 0x43, 0x4E, 0x44, 0x00, 0xC0, 0x30, 0xC4, 0x44, 0x10, 0xE3, 0x00, 0xEB, 0x44
	.byte 0x34, 0x34, 0x44, 0x37, 0x44, 0x43, 0x00, 0x07, 0xC0, 0x01, 0xC4, 0x01, 0x12, 0x01, 0x1F, 0x01
	.byte 0x1B, 0x00, 0x45, 0x54, 0xD5, 0x44, 0x33, 0x54, 0x1D, 0x34, 0x10, 0x33, 0xD4, 0x21, 0x00, 0x03
	.byte 0xC2, 0x34, 0x33, 0x9D, 0x4A, 0xCA, 0x00, 0x03, 0xE9, 0xDD, 0x00, 0xE3, 0xED, 0x01, 0x79, 0x5D
	.byte 0x00, 0xEE, 0x00, 0x00, 0xD1, 0xE5, 0x0E, 0x00, 0xD2, 0x00, 0xE5, 0xEE, 0xEE, 0x5E, 0xEE, 0x11
	.byte 0xE1, 0xEE, 0x07, 0xCC, 0x21, 0x0E, 0xEC, 0xC9, 0x00, 0x14, 0xF0, 0x01, 0xF0, 0x01, 0xF6, 0xF0
	.byte 0x01, 0xF0, 0x01, 0xF0, 0x01, 0x10, 0x01, 0x20, 0xF0, 0x12, 0x44, 0x90, 0xDD, 0x00, 0x0D, 0x00
	.byte 0xD2, 0x99, 0xD9, 0xDD, 0x00, 0xC0, 0x00, 0x43, 0x4C, 0x00, 0x3C, 0x34, 0xC4, 0x00, 0x4C, 0x28
	.byte 0x43, 0x43, 0x01, 0xEF, 0x44, 0x20, 0x03, 0xEE, 0x43, 0x54, 0x00, 0xEE, 0xED, 0x5E, 0x55, 0xAA
	.byte 0xDA, 0xEE, 0xFF, 0x81, 0x00, 0xE3, 0xE4, 0x4E, 0x44, 0x54, 0xE5, 0xC4, 0x03, 0xD7, 0x17, 0x54
	.byte 0xE5, 0xFE, 0x01, 0xC3, 0x0F, 0x03, 0x97, 0x03, 0x7D, 0x41, 0xB4, 0x40, 0x44, 0x00, 0xE3, 0x44
	.byte 0x34, 0x9D, 0xA9, 0x5F, 0x44, 0x80, 0x00, 0x03, 0x55, 0x9D, 0xCA, 0xF0, 0xE5, 0x99, 0xCA, 0x00
	.byte 0x00, 0xEF, 0xA9, 0xCC, 0x00, 0xF0, 0xCA, 0xAC, 0x00, 0x00, 0xF0, 0xEB, 0xCE, 0x9A, 0xCA, 0xEC
	.byte 0xEE, 0x00, 0xAA, 0xCC, 0xCE, 0x1C, 0xCC, 0xCC, 0xCC, 0x2E, 0x00, 0xCC, 0xCC, 0xEE, 0xEE, 0xCC
	.byte 0xEE, 0xE8, 0x88, 0x00, 0xEC, 0xE8, 0x88, 0x8E, 0xEE, 0x88, 0x8E, 0xE8, 0x0A, 0x0E, 0x8E, 0x8E
	.byte 0x88, 0x55, 0x33, 0xE1, 0x01, 0x0A, 0xE2, 0x00, 0x88, 0xEE, 0x0E, 0xEE, 0x8E, 0x88, 0xE8, 0x88
	.byte 0x00, 0xE8, 0x8E, 0x87, 0x88, 0x78, 0xE8, 0x7F, 0x8E, 0x39, 0x88, 0x87, 0x23, 0xE0, 0x90, 0x01
	.byte 0x12, 0xFF, 0x77, 0xFE, 0x00, 0x03, 0xEF, 0x00, 0x19, 0x02, 0x46, 0x10, 0x12, 0x12, 0x00, 0x03
	.byte 0x03, 0xA6, 0xA4, 0xF7, 0x60, 0x01, 0x00, 0x21, 0xEE, 0x99, 0x99, 0xFF, 0x99, 0xEA, 0x99, 0x00
	.byte 0x11, 0xAE, 0x9E, 0x99, 0xF1, 0xEF, 0xEE, 0xA9, 0x00, 0x0F, 0xE0, 0x21, 0xCE, 0x00, 0x1E, 0xF2
	.byte 0xFF, 0xA0, 0x50, 0xC0, 0xA9, 0x01, 0x9B, 0xC9, 0xCC, 0x0E, 0x00, 0xAA, 0x0F, 0xEC, 0xF2, 0x00
	.byte 0xCC, 0x00, 0x50, 0xF3, 0x5F, 0xF0, 0x01, 0xB0, 0x01, 0x3E, 0x1E, 0xF2, 0x00, 0x82, 0x10, 0x03
	.byte 0x00, 0x50, 0x15, 0x12, 0xC0, 0x01, 0x8E, 0x00, 0xE8, 0x88, 0x00, 0x8E, 0x88, 0x7E, 0x00, 0xE0
	.byte 0x09, 0x78, 0x8E, 0x00, 0xE0, 0x00, 0xCF, 0xE0, 0x77, 0x06, 0x33, 0x40, 0xFE, 0x60, 0x66, 0x88
	.byte 0x7E, 0x78, 0x77, 0x78, 0xF8, 0x80, 0x15, 0x64, 0x7F, 0xF7, 0x77, 0x77, 0xF7, 0x0F, 0x7F, 0x0E
	.byte 0x77, 0x0F, 0x00, 0xF0, 0x80, 0x84, 0xF3, 0x1F, 0xB0, 0x01, 0x00, 0x00

  .globl gMonPalette_Pidgeot
gMonPalette_Pidgeot:
  .incbin "build/graphics/pokemon/pidgeot/normal_palette.gbapal.lz"

  .globl gMonBackPic_Pidgeot
gMonBackPic_Pidgeot:
  .incbin "build/graphics/pokemon/pidgeot/back.4bpp.lz"

  .globl gMonShinyPalette_Pidgeot
gMonShinyPalette_Pidgeot:
  .incbin "build/graphics/pokemon/pidgeot/shiny_palette.gbapal.lz"

	.globl gMonIcon_Pidgeot
gMonIcon_Pidgeot: @ 0x08C3BE8C [018]
  .incbin "build/graphics/pokemon/pidgeot/icon.4bpp"
	@ analyzed canonical ROM range 0x08C3C28C-0x08C3C4F7
sAnalyzedData_08C3C28C: @ 0x08C3C28C
	@ structured u8 payload; no safe higher-level semantic type was provable
	.byte 0x00, 0x00, 0x10, 0x90, 0xB8, 0xB8, 0xF0, 0xF0, 0x00, 0x01, 0x11, 0x13, 0x3B, 0x3B, 0x1F, 0x1F
	.byte 0xF0, 0xE0, 0xC0, 0x80, 0x80, 0x80, 0x00, 0x00, 0x1F, 0x0F, 0x07, 0x03, 0x03, 0x03, 0x01, 0x00
	.byte 0x10, 0x00, 0x08, 0x00, 0x3F, 0x00, 0x00, 0xF0, 0x01, 0xF0, 0x01, 0xF0, 0x01, 0xF0, 0x01, 0xF0
	.byte 0x01, 0xF0, 0x01, 0xFF, 0xF0, 0x01, 0xF0, 0x01, 0xF0, 0x01, 0xF0, 0x01, 0xF0, 0x01, 0xF0, 0x01
	.byte 0xF0, 0x01, 0xF0, 0x01, 0xFF, 0xF0, 0x01, 0xF0, 0x01, 0xF0, 0x01, 0xF0, 0x01, 0xF0, 0x01, 0xF0
	.byte 0x01, 0xF0, 0x01, 0xF0, 0x01, 0xFF, 0xF0, 0x01, 0xF0, 0x01, 0xF0, 0x01, 0xF0, 0x01, 0xF0, 0x01
	.byte 0xF0, 0x01, 0xF0, 0x01, 0xF0, 0x01, 0xF8, 0xF0, 0x01, 0xF0, 0x01, 0xF0, 0x01, 0xF0, 0x01, 0x00
	.byte 0x01, 0x90, 0xFA, 0x00, 0x00, 0x00, 0x79, 0x98, 0x0F, 0x90, 0x87, 0xAA, 0xA9, 0x00, 0x90, 0xA7
	.byte 0x44, 0x8A, 0x90, 0xA8, 0x33, 0x7A, 0x0A, 0xA0, 0x98, 0xA3, 0x78, 0x40, 0x1D, 0xA0, 0x00, 0x03
	.byte 0x8A, 0x00, 0xAA, 0xAA, 0xF0, 0x79, 0x88, 0x88, 0xFA, 0xA9, 0x00, 0x77, 0x87, 0x88, 0xAF, 0x77
	.byte 0x77, 0x88, 0xF8, 0xB0, 0x00, 0x03, 0xA8, 0x10, 0x1C, 0x00, 0x39, 0x00, 0x97, 0x0F, 0x00, 0x03
	.byte 0x00, 0xAA, 0xF9, 0x00, 0x00, 0x44, 0x00, 0x0C, 0x10, 0x03, 0x5F, 0xA4, 0x00, 0x0F, 0xAF, 0x00
	.byte 0x03, 0xF0, 0x01, 0xF0, 0x01, 0xF0, 0x01, 0xF0, 0x01, 0xFA, 0xF0, 0x01, 0xF0, 0x01, 0xF0, 0x01
	.byte 0xF0, 0x01, 0x00, 0xE8, 0x99, 0x00, 0xE8, 0x77, 0x80, 0x20, 0x03, 0x90, 0x77, 0x7A, 0x00, 0x8A
	.byte 0x84, 0x77, 0x00, 0x00, 0xA0, 0x8A, 0x99, 0x11, 0x00, 0x8A, 0x1A, 0x00, 0xDE, 0x11, 0x9D, 0x56
	.byte 0x00, 0xDE, 0x11, 0x99, 0x40, 0x0A, 0x00, 0x04, 0xF8, 0x00, 0xCE, 0x1C, 0xF8, 0x00, 0x28, 0xE0
	.byte 0xCE, 0x00, 0xE3, 0x88, 0x00, 0xEF, 0xA8, 0x89, 0x88, 0x00, 0x88, 0x19, 0x96, 0x89, 0x98, 0x56
	.byte 0x16, 0x89, 0x00, 0x98, 0xA6, 0x99, 0x8A, 0xA9, 0xBA, 0x11, 0x81, 0x02, 0xB9, 0xDB, 0xBC, 0x11
	.byte 0xDB, 0xED, 0x10, 0xFB, 0xFC, 0x80, 0x10, 0x03, 0xDF, 0xEB, 0x00, 0xFD, 0xBB, 0x0E, 0x00, 0x07
	.byte 0xBA, 0x0E, 0x00, 0x00, 0xEB, 0x00, 0x0F, 0x00, 0x06, 0xF0, 0x01, 0xFE, 0xF0, 0x01, 0xF0, 0x01
	.byte 0xF0, 0x01, 0xF0, 0x01, 0xF0, 0x01, 0xF0, 0x01, 0x60, 0xEE, 0xA7, 0x42, 0x89, 0x00, 0x03, 0x88
	.byte 0x00, 0xA0, 0xF7, 0x01, 0x9D, 0x8A, 0x96, 0x01, 0x91, 0x8A, 0x0A, 0x01, 0xCE, 0xF8, 0x00, 0x03
	.byte 0x11, 0xBB, 0x8A, 0x00, 0xF8, 0x00, 0x90, 0xEA, 0x0F, 0x00, 0x8E, 0xCE, 0x00, 0x0F, 0xE0, 0x11
	.byte 0xBE, 0x00, 0x1E, 0xEC, 0x1C, 0x00, 0x00, 0xE0, 0xEE, 0x11, 0x00, 0x00, 0xE0, 0x11, 0x00, 0x0F
	.byte 0x00, 0xDA, 0x11, 0xF9, 0x00, 0xD9, 0x11, 0x00, 0xDE, 0xED, 0xFF, 0xFA, 0xEC, 0xBE, 0xFB, 0xAA
	.byte 0x00, 0xCB, 0x1E, 0xF1, 0x99, 0xB1, 0xEB, 0x8E, 0x98, 0x00, 0x11, 0xBB, 0xCE, 0x9C, 0x11, 0xEB
	.byte 0x11, 0xCC, 0x00, 0x11, 0xEB, 0x1E, 0xEC, 0x11, 0xBB, 0xEB, 0x9E, 0xFA, 0x10, 0x62, 0x11, 0xE6
	.byte 0x10, 0x03, 0x00, 0x60, 0x22, 0x0B, 0xAF, 0x00, 0x03, 0xAA, 0xFF, 0x12, 0x0F, 0xF1, 0xFF, 0xF0
	.byte 0x01, 0xF0, 0x01, 0xF0, 0x01, 0xF0, 0x01, 0xF0, 0x01, 0xF0, 0x01, 0xB0, 0x50, 0x01, 0xF0, 0xF0
	.byte 0x12, 0x70, 0x01, 0x98, 0xFF, 0xE9, 0x1B, 0x00, 0x9F, 0xF9, 0xA9, 0xBD, 0x00, 0xFF, 0xA8, 0xCE
	.byte 0x00, 0x00, 0x00, 0x9F, 0xEA, 0x00, 0xE0, 0xFD, 0xFF, 0xC8, 0x01, 0xF6, 0x00, 0x0B, 0xFE, 0xFF
	.byte 0x10, 0x1F, 0xB1, 0xBB, 0xAC, 0x00, 0x88, 0xBB, 0xBB, 0x8A, 0x88, 0xBB, 0xCC, 0x8A, 0x20, 0x77
	.byte 0xCC, 0x00, 0x03, 0xEA, 0xCC, 0xAC, 0x88, 0x0F, 0x14, 0xFE, 0xAF, 0xAA, 0x01, 0x23, 0xE1, 0x00
	.byte 0x1E, 0xEF, 0xA9, 0xB8, 0x00, 0xE3, 0x98, 0x00, 0xF4, 0x60, 0x03, 0x00, 0x0F, 0xFF, 0xFD, 0x00
	.byte 0x3F, 0x00, 0xC1, 0x00, 0x3D, 0x20, 0x40, 0xF0, 0x01, 0xF0, 0x01, 0xF0, 0x01, 0xF0, 0x01, 0xFF
	.byte 0xF0, 0x01, 0xF0, 0x01, 0xF0, 0x01, 0xF0, 0x01, 0xF0, 0x01, 0xF0, 0x01, 0xF0, 0x01, 0xF0, 0x01
	.byte 0xFF, 0xF0, 0x01, 0xF0, 0x01, 0xF0, 0x01, 0xF0, 0x01, 0xF0, 0x01, 0xF0, 0x01, 0xF0, 0x01, 0xF0
	.byte 0x01, 0xFF, 0xF0, 0x01, 0xF0, 0x01, 0xF0, 0x01, 0xF0, 0x01, 0xF0, 0x01, 0xF0, 0x01, 0xF0, 0x01
	.byte 0xF0, 0x01, 0xF0, 0xF0, 0x01, 0xF0, 0x01, 0xF0, 0x01, 0xE0, 0x01, 0x00

  .globl gMonPalette_Rattata
gMonPalette_Rattata:
  .incbin "build/graphics/pokemon/rattata/normal_palette.gbapal.lz"

  .globl gMonBackPic_Rattata
gMonBackPic_Rattata:
  .incbin "build/graphics/pokemon/rattata/back.4bpp.lz"

  .globl gMonShinyPalette_Rattata
gMonShinyPalette_Rattata:
  .incbin "build/graphics/pokemon/rattata/shiny_palette.gbapal.lz"

	.globl gMonIcon_Rattata
gMonIcon_Rattata: @ 0x08C3C824 [019]
  .incbin "build/graphics/pokemon/rattata/icon.4bpp"
	@ analyzed canonical ROM range 0x08C3CC24-0x08C3CFCB
sAnalyzedData_08C3CC24: @ 0x08C3CC24
	@ structured u8 payload; no safe higher-level semantic type was provable
	.byte 0x00, 0x00, 0x00, 0x00, 0x00, 0x80, 0xA0, 0xE0, 0x00, 0x00, 0x00, 0x00, 0x00, 0x00, 0x02, 0x03
	.byte 0xE0, 0xC0, 0x00, 0x00, 0x00, 0x00, 0x00, 0x00, 0x03, 0x01, 0x00, 0x00, 0x00, 0x00, 0x00, 0x00
	.byte 0x10, 0x00, 0x08, 0x00, 0x3F, 0x00, 0x00, 0xF0, 0x01, 0xF0, 0x01, 0xF0, 0x01, 0xF0, 0x01, 0xF0
	.byte 0x01, 0xF0, 0x01, 0xFF, 0xF0, 0x01, 0xF0, 0x01, 0xF0, 0x01, 0xF0, 0x01, 0xF0, 0x01, 0xF0, 0x01
	.byte 0xF0, 0x01, 0xF0, 0x01, 0xF8, 0xF0, 0x01, 0xF0, 0x01, 0xF0, 0x01, 0xF0, 0x01, 0xE0, 0x01, 0xAA
	.byte 0x00, 0x00, 0x02, 0xA8, 0x44, 0x00, 0xA0, 0x44, 0x49, 0xA0, 0x15, 0xA0, 0x00, 0xAA, 0xAA, 0xAA
	.byte 0x4A, 0x44, 0x94, 0x44, 0x94, 0x00, 0x55, 0xFB, 0x54, 0xB5, 0xFF, 0x00, 0xB5, 0x0F, 0x80, 0xE0
	.byte 0x34, 0x00, 0x54, 0x65, 0x0A, 0x00, 0xFF, 0xBF, 0x02, 0x99, 0x0A, 0x00, 0x00, 0xB0, 0x9F, 0x00
	.byte 0x0E, 0xF0, 0xDF, 0xF0, 0x5A, 0x70, 0x01, 0x09, 0xF0, 0x12, 0xF0, 0x01, 0xF0, 0x01, 0xF0, 0x01
	.byte 0xF0, 0x01, 0xE8, 0xF0, 0x01, 0x80, 0xC5, 0x40, 0x03, 0xBB, 0x00, 0x03, 0x8B, 0x00, 0x4A, 0x00
	.byte 0x54, 0xF5, 0xA0, 0x94, 0x55, 0x0F, 0x4A, 0x54, 0x00, 0xF9, 0xF0, 0x48, 0x84, 0x0F, 0x8B, 0xF4
	.byte 0x8F, 0x00, 0xBF, 0x88, 0xB4, 0xF8, 0x8F, 0x88, 0xAB, 0x88, 0x60, 0x88, 0x20, 0x01, 0x90, 0xE2
	.byte 0x0F, 0xB0, 0xFF, 0x0F, 0xB8, 0x00, 0x8B, 0x88, 0xB9, 0x8B, 0x88, 0x88, 0x99, 0xBF, 0x01, 0x98
	.byte 0xBB, 0xBB, 0xB8, 0xB8, 0x6A, 0x66, 0x80, 0x1D, 0x80, 0x00, 0xF2, 0xFA, 0xB0, 0x0F, 0xB0, 0x88
	.byte 0x8F, 0xF9, 0x80, 0x00, 0x20, 0xF9, 0x88, 0xB8, 0x8B, 0x9B, 0x89, 0x19, 0x50, 0xB1, 0x50, 0x3F
	.byte 0x0B, 0x00, 0x03, 0xB9, 0xBB, 0x0F, 0x00, 0x00, 0x88, 0x88, 0xBF, 0xFF, 0x88, 0xF9, 0xAB, 0x99
	.byte 0x00, 0x88, 0x99, 0xF9, 0xAA, 0x9B, 0x99, 0xB9, 0xAF, 0xCF, 0xF0, 0x9E, 0x20, 0x49, 0x00, 0xFA
	.byte 0x40, 0x03, 0xF0, 0x01, 0xF0, 0x01, 0xF0, 0x01, 0x84, 0xA0, 0x01, 0xB4, 0x00, 0x00, 0xAB, 0x01
	.byte 0x9A, 0x8F, 0x88, 0xA0, 0x01, 0x8E, 0x89, 0x00, 0x03, 0x9A, 0x00, 0xB0, 0xBB, 0x9B, 0x12, 0x00
	.byte 0xF0, 0x88, 0x00, 0x0F, 0x9F, 0x89, 0x10, 0xE3, 0x9B, 0xD3, 0x40, 0xEB, 0x10, 0x01, 0x98, 0x00
	.byte 0x03, 0x99, 0x99, 0x10, 0x03, 0x00, 0x05, 0x80, 0x00, 0x03, 0x9B, 0xB9, 0x66, 0x55, 0xBB, 0xB9
	.byte 0xBB, 0x00, 0xBB, 0xF8, 0xB9, 0x46, 0x44, 0xF8, 0x9A, 0xBB, 0x01, 0xBB, 0x88, 0x9F, 0xB9, 0x55
	.byte 0x99, 0xFA, 0x00, 0x18, 0x00, 0xAA, 0xFF, 0xFF, 0x99, 0xA9, 0xAA, 0x4B, 0x9A, 0x00, 0x99, 0xF9
	.byte 0x1F, 0x9B, 0x99, 0x1B, 0x1F, 0x44, 0x00, 0x94, 0x99, 0x89, 0xAA, 0x46, 0x44, 0xBA, 0x99, 0x00
	.byte 0xAA, 0x6A, 0x44, 0xB9, 0xBB, 0xAB, 0x46, 0x4B, 0x00, 0x44, 0x44, 0x44, 0xB6, 0xFF, 0xBF, 0x44
	.byte 0xFD, 0x00, 0xB9, 0x44, 0xB4, 0xD1, 0x4B, 0x46, 0x64, 0xAA, 0x10, 0x4B, 0xA4, 0x64, 0x00, 0x12
	.byte 0x44, 0x44, 0x74, 0x77, 0x00, 0x77, 0x44, 0xDF, 0x1D, 0xD1, 0xF4, 0xDF, 0x11, 0x50, 0x11, 0x00
	.byte 0x03, 0x1D, 0x10, 0xE3, 0x0F, 0x70, 0x07, 0x00, 0x00, 0x77, 0x55, 0xBB, 0x00, 0x44, 0xBF, 0x00
	.byte 0x00, 0x00, 0x74, 0x06, 0x00, 0x00, 0x4E, 0x67, 0x06, 0x00, 0x01, 0x4E, 0xFB, 0x7B, 0x00, 0x4E
	.byte 0x0B, 0xB0, 0xF0, 0xCD, 0xF2, 0xF0, 0x01, 0xF0, 0x01, 0xA0, 0x01, 0x00, 0xEF, 0x00, 0xF0, 0x00
	.byte 0xFF, 0xB0, 0x0D, 0xAB, 0x00, 0x00, 0xAF, 0x00, 0x07, 0x10, 0x0B, 0x00, 0x01, 0x77, 0x29, 0xB0
	.byte 0xB9, 0x00, 0x0B, 0xBF, 0x10, 0xE7, 0xA9, 0xA9, 0x00, 0xCE, 0x00, 0x9A, 0xBA, 0x9B, 0xAA, 0xBA
	.byte 0xBB, 0xF2, 0xAA, 0x00, 0x2B, 0x33, 0x2B, 0x9A, 0xFB, 0x3F, 0x33, 0x99, 0x01, 0xB9, 0x23, 0x33
	.byte 0x99, 0x2B, 0x2F, 0xF2, 0x00, 0x1D, 0x68, 0xBA, 0x10, 0x22, 0x00, 0x03, 0xB9, 0x00, 0x02, 0x4B
	.byte 0x9F, 0xB9, 0x00, 0x4B, 0xB4, 0xBB, 0x4B, 0xB6, 0x4B, 0xF3, 0xB9, 0x20, 0x9B, 0x49, 0x00, 0x1C
	.byte 0x99, 0xAB, 0xBA, 0x4B, 0x44, 0x80, 0x00, 0x02, 0x44, 0x4B, 0xB4, 0x6B, 0xF4, 0xB6, 0x4B, 0x2C
	.byte 0x44, 0xF4, 0x00, 0x0A, 0xF4, 0x20, 0xE7, 0x40, 0x01, 0xFF, 0xFF, 0x04, 0x11, 0x1E, 0xFF, 0xFF
	.byte 0x1D, 0x00, 0x03, 0xDF, 0x6F, 0x09, 0xFF, 0xDF, 0xE1, 0xE1, 0x20, 0x03, 0x1D, 0xD1, 0x00, 0x03
	.byte 0x00, 0x11, 0x4E, 0xF4, 0x11, 0x11, 0x4E, 0x4E, 0x6F, 0x81, 0x00, 0xEF, 0xFF, 0x06, 0x00, 0x44
	.byte 0x0F, 0x6B, 0x00, 0x03, 0x14, 0xB0, 0x00, 0x44, 0x02, 0x28, 0xF4, 0x31, 0xB4, 0x00, 0x07, 0xFA
	.byte 0xF0, 0xCC, 0xF0, 0x01, 0xF0, 0x01, 0xD0, 0x01, 0x02, 0xE7, 0xB0, 0x00, 0xEF, 0x3B, 0x01, 0xAF
	.byte 0x00, 0xB0, 0x33, 0xAF, 0x00, 0xF0, 0x20, 0x03, 0x04, 0xF3, 0x00, 0x00, 0x3F, 0x32, 0x00, 0xFF
	.byte 0x23, 0x9A, 0x10, 0xF9, 0xFB, 0xFF, 0x01, 0xC3, 0xA9, 0x99, 0xAA, 0x99, 0x06, 0x9F, 0xAA, 0x9A
	.byte 0xA9, 0xBA, 0x03, 0xE1, 0x20, 0x01, 0xFF, 0x00, 0xAB, 0xAA, 0xFA, 0x33, 0xFB, 0xFF, 0x7F, 0xFF
	.byte 0x86, 0x11, 0xEA, 0xAA, 0x99, 0x99, 0xAF, 0x00, 0x03, 0x00, 0x28, 0x59, 0x00, 0xAA, 0x9A, 0x59
	.byte 0x55, 0xAA, 0x9B, 0x55, 0x55, 0x00, 0x9B, 0x99, 0x55, 0x55, 0x66, 0x55, 0x55, 0x55, 0x68, 0x49
	.byte 0x00, 0xE3, 0x10, 0x03, 0x55, 0x00, 0x03, 0x45, 0x45, 0x45, 0x05, 0x45, 0x55, 0x54, 0x54, 0x54
	.byte 0x00, 0x16, 0x45, 0x00, 0x03, 0xFA, 0x20, 0x01, 0x01, 0x00, 0x21, 0xF5, 0x10, 0x04, 0x00, 0x1E
	.byte 0xB6, 0x00, 0x1E, 0xF6, 0x12, 0x45, 0x55, 0x65, 0x00, 0x3A, 0x65, 0xB6, 0x00, 0x41, 0x3B, 0xF3
	.byte 0x13, 0x17, 0x53, 0x1F, 0x92, 0xFF, 0x00, 0xA0, 0x00, 0x33, 0x03, 0x2F, 0xF0, 0xCE, 0xEB, 0xF0
	.byte 0x01, 0xF0, 0x01, 0xA0, 0x01, 0x2F, 0x00, 0x03, 0x3B, 0x00, 0x03, 0xF2, 0x4C, 0x80, 0x10, 0x18
	.byte 0xF2, 0xF3, 0xB0, 0xF2, 0x23, 0x2F, 0x0F, 0x1C, 0xFF, 0xFF, 0xF0, 0xF0, 0x6C, 0x11, 0x3C, 0x00
	.byte 0xA9, 0x00, 0xBB, 0x00, 0x55, 0x55, 0xB0, 0x55, 0x55, 0x57, 0x00, 0xFB, 0x5A, 0xBF, 0x13, 0xEF
	.byte 0xF7, 0x90, 0x1F, 0x30, 0xE5, 0x65, 0x00, 0x02, 0x76, 0x00, 0x65, 0x66, 0xFF, 0x5B, 0xF6, 0xFF
	.byte 0x00, 0xFB, 0xC0, 0xA0, 0x47, 0x00, 0xEA, 0x2B, 0x66, 0xFB, 0xB6, 0xF2, 0x6B, 0x30, 0x0B, 0xFF
	.byte 0x01, 0xDD, 0xF0, 0x5F, 0xB2, 0xF3, 0xF2, 0x00, 0x00, 0x32, 0x2B, 0xFF, 0x00, 0x2B, 0xFF, 0x0F
	.byte 0x00, 0xFF, 0x00, 0x02, 0xF0, 0x20, 0xF0, 0x01, 0xF0, 0x01, 0xF0, 0x01, 0xF0, 0x01, 0xF0, 0x01
	.byte 0xF0, 0x01, 0xFF, 0xF0, 0x01, 0xF0, 0x01, 0xF0, 0x01, 0xF0, 0x01, 0xF0, 0x01, 0xF0, 0x01, 0xF0
	.byte 0x01, 0xF0, 0x01, 0xC0, 0xF0, 0x01, 0xE0, 0x01

  .globl gMonPalette_Raticate
gMonPalette_Raticate:
  .incbin "build/graphics/pokemon/raticate/normal_palette.gbapal.lz"

  .globl gMonBackPic_Raticate
gMonBackPic_Raticate:
  .incbin "build/graphics/pokemon/raticate/back.4bpp.lz"

  .globl gMonShinyPalette_Raticate
gMonShinyPalette_Raticate:
  .incbin "build/graphics/pokemon/raticate/shiny_palette.gbapal.lz"

	.globl gMonIcon_Raticate
gMonIcon_Raticate: @ 0x08C3D34C [020]
  .incbin "build/graphics/pokemon/raticate/icon.4bpp"
	@ analyzed canonical ROM range 0x08C3D74C-0x08C3D9F3
sAnalyzedData_08C3D74C: @ 0x08C3D74C
	@ structured u8 payload; no safe higher-level semantic type was provable
	.byte 0x00, 0x00, 0x00, 0x00, 0x20, 0xB0, 0xF0, 0xF0, 0x00, 0x00, 0x00, 0x01, 0x09, 0x1B, 0x1F, 0x1F
	.byte 0xE0, 0xE0, 0xC0, 0x80, 0x00, 0x00, 0x00, 0x00, 0x0F, 0x0F, 0x07, 0x03, 0x00, 0x00, 0x00, 0x00
	.byte 0x10, 0x00, 0x08, 0x00, 0x3F, 0x00, 0x00, 0xF0, 0x01, 0xF0, 0x01, 0xF0, 0x01, 0xF0, 0x01, 0xF0
	.byte 0x01, 0xF0, 0x01, 0xFF, 0xF0, 0x01, 0xF0, 0x01, 0xF0, 0x01, 0xF0, 0x01, 0xF0, 0x01, 0xF0, 0x01
	.byte 0xF0, 0x01, 0xF0, 0x01, 0xFF, 0xF0, 0x01, 0xF0, 0x01, 0xF0, 0x01, 0xF0, 0x01, 0xF0, 0x01, 0xF0
	.byte 0x01, 0xF0, 0x01, 0xF0, 0x01, 0xFF, 0xF0, 0x01, 0xF0, 0x01, 0xF0, 0x01, 0xF0, 0x01, 0xF0, 0x01
	.byte 0xF0, 0x01, 0xF0, 0x01, 0xF0, 0x01, 0xC0, 0xF0, 0x01, 0xF0, 0x01, 0x00, 0x0C, 0x00, 0x00, 0xC0
	.byte 0x0A, 0x00, 0x00, 0xB0, 0xC0, 0xFA, 0x00, 0xD0, 0xAC, 0xAA, 0x10, 0x00, 0xD0, 0xAA, 0x30, 0x03
	.byte 0xAC, 0xAD, 0xAA, 0x00, 0x00, 0xDC, 0x81, 0x99, 0x00, 0xFC, 0x00, 0x00, 0xCC, 0x80, 0x00, 0x19
	.byte 0xAA, 0x0F, 0xD0, 0xBD, 0xBA, 0xDF, 0xBD, 0x00, 0xBB, 0xBB, 0xBB, 0xBB, 0xCB, 0xBB, 0xDD, 0xBB
	.byte 0x00, 0xCC, 0xFB, 0xD1, 0xBB, 0xDC, 0x1F, 0xC1, 0xBB, 0x59, 0xDD, 0x10, 0x40, 0xFD, 0x00, 0x03
	.byte 0x00, 0x26, 0x00, 0x0F, 0x70, 0x03, 0x00, 0xF8, 0xF6, 0x00, 0x80, 0xFE, 0xF6, 0x00, 0xE8, 0x40
	.byte 0xF7, 0xE0, 0x6D, 0x80, 0x0F, 0x00, 0x80, 0xE8, 0x0F, 0x03, 0x00, 0x79, 0xEE, 0x0F, 0x00, 0xE6
	.byte 0x00, 0x03, 0xF0, 0x8E, 0xFE, 0xF0, 0x01, 0xF0, 0x01, 0xF0, 0x01, 0xF0, 0x01, 0xF0, 0x01, 0xF0
	.byte 0x01, 0x00, 0x01, 0x70, 0x00, 0xE8, 0x9E, 0x00, 0xEF, 0x6E, 0x76, 0x00, 0x6F, 0x00, 0xFF, 0x7F
	.byte 0x00, 0x90, 0xBB, 0xF9, 0x00, 0xBD, 0x00, 0x9B, 0x88, 0x00, 0xDD, 0x6C, 0x78, 0x00, 0x00, 0x00
	.byte 0x9D, 0x76, 0x00, 0x00, 0xBD, 0xF9, 0xF1, 0xB1, 0x00, 0xBB, 0xBB, 0xFF, 0xBD, 0xBB, 0xDC, 0x98
	.byte 0xBB, 0x00, 0xCC, 0xFD, 0xF8, 0xBB, 0xCB, 0xDC, 0xF9, 0xBC, 0x00, 0xCB, 0xCC, 0xF7, 0xCC, 0xCB
	.byte 0xDD, 0xCF, 0xCC, 0x00, 0xDC, 0xFF, 0xCC, 0xCC, 0xDC, 0xF5, 0x0F, 0x80, 0x00, 0x7E, 0x6F, 0x0F
	.byte 0x68, 0x86, 0xE6, 0xFF, 0x68, 0x01, 0x66, 0xEE, 0xFF, 0x66, 0x66, 0x66, 0xFD, 0x00, 0x03, 0x00
	.byte 0x9F, 0x67, 0x66, 0x76, 0x9F, 0x77, 0x77, 0x77, 0x80, 0x10, 0x03, 0xEE, 0x6E, 0x0F, 0x00, 0xEE
	.byte 0x76, 0x9F, 0x00, 0x00, 0x66, 0x77, 0x79, 0x0F, 0x66, 0x87, 0x77, 0x61, 0x0F, 0x00, 0x12, 0x00
	.byte 0x03, 0xF8, 0x00, 0x77, 0x87, 0x00, 0x03, 0x7F, 0x88, 0xF0, 0xFF, 0xF0, 0x01, 0xF0, 0x01, 0xF0
	.byte 0x01, 0xF0, 0x01, 0xF0, 0x01, 0xF0, 0x01, 0x95, 0x30, 0x01, 0xDC, 0xBB, 0x01, 0xC1, 0xBF, 0x00
	.byte 0x08, 0xF0, 0x70, 0x13, 0x00, 0x50, 0x05, 0x00, 0x00, 0x15, 0x71, 0x00, 0x00, 0x00, 0x88, 0x68
	.byte 0xCC, 0xDD, 0xCC, 0x5D, 0xCB, 0x4D, 0x00, 0xDD, 0x4D, 0xCB, 0x3D, 0x33, 0x53, 0xBF, 0x35, 0x00
	.byte 0x53, 0x35, 0xD0, 0x45, 0x35, 0x22, 0x00, 0x2F, 0x00, 0x22, 0x22, 0x00, 0xFD, 0x22, 0x43, 0x07
	.byte 0x3D, 0x00, 0xFF, 0x35, 0xFF, 0x88, 0x77, 0x77, 0xF5, 0x89, 0x00, 0x88, 0x88, 0x44, 0x94, 0x89
	.byte 0x88, 0x33, 0x54, 0x00, 0x94, 0x99, 0x33, 0x45, 0x44, 0xD4, 0x52, 0x33, 0x00, 0x43, 0xD4, 0x35
	.byte 0x23, 0x32, 0xF4, 0x33, 0x2D, 0x28, 0x32, 0xF4, 0x00, 0xE6, 0x00, 0x10, 0xE6, 0xF9, 0xD9, 0xDD
	.byte 0x00, 0x00, 0xBF, 0xBB, 0xBB, 0x0F, 0xCC, 0xBC, 0xFB, 0x00, 0x0F, 0xDD, 0xFF, 0x0F, 0x00, 0xCD
	.byte 0xBB, 0xDB, 0x0F, 0x00, 0xDC, 0xCF, 0xCC, 0xF1, 0x00, 0xF0, 0x01, 0xF0, 0x01, 0xF0, 0x01, 0xF0
	.byte 0xF0, 0x01, 0xF0, 0x01, 0xF0, 0x01, 0x20, 0xEA, 0xF1, 0x7F, 0x00, 0x50, 0x2A, 0x55, 0x99, 0x00
	.byte 0x09, 0x90, 0x40, 0x03, 0x19, 0x91, 0x0B, 0x76, 0x00, 0xF8, 0x44, 0xFD, 0x88, 0x0F, 0xFD, 0x0F
	.byte 0x88, 0xAC, 0x00, 0x0B, 0xF9, 0x00, 0x03, 0xF3, 0x42, 0xE3, 0x50, 0x01, 0xFF, 0x4F, 0x04, 0x42
	.byte 0xF5, 0x00, 0xF0, 0x99, 0x00, 0x12, 0x89, 0xFF, 0x80, 0x00, 0xE9, 0xF8, 0x00, 0x84, 0x77, 0x87
	.byte 0x40, 0xF2, 0x00, 0x99, 0x66, 0x40, 0xF1, 0x00, 0x15, 0xF0, 0x0F, 0x00, 0x00, 0x15, 0xCF, 0xDC
	.byte 0xFF, 0x0F, 0xF0, 0xCC, 0x6F, 0x0D, 0x00, 0x28, 0x30, 0x35, 0x09, 0x40, 0x03, 0x53, 0x2B, 0xF0
	.byte 0x01, 0xF0, 0x01, 0xFF, 0xF0, 0x01, 0xF0, 0x01, 0xF0, 0x01, 0xF0, 0x01, 0xF0, 0x01, 0xF0, 0x01
	.byte 0xF0, 0x01, 0xF0, 0x01, 0xFF, 0xC0, 0x01, 0x82, 0x37, 0xF0, 0x01, 0xF0, 0x01, 0xF0, 0x01, 0xF0
	.byte 0x01, 0xF0, 0x01, 0xF0, 0x01, 0xFF, 0xF0, 0x01, 0xF0, 0x01, 0xF0, 0x01, 0xF0, 0x01, 0xF0, 0x01
	.byte 0xF0, 0x01, 0xF0, 0x01, 0xF0, 0x01, 0xFE, 0xF0, 0x01, 0xF0, 0x01, 0xF0, 0x01, 0xF0, 0x01, 0xF0
	.byte 0x01, 0xF0, 0x01, 0x70, 0x01, 0x00, 0x00, 0x00

  .globl gMonPalette_Spearow
gMonPalette_Spearow:
  .incbin "build/graphics/pokemon/spearow/normal_palette.gbapal.lz"

  .globl gMonBackPic_Spearow
gMonBackPic_Spearow:
  .incbin "build/graphics/pokemon/spearow/back.4bpp.lz"

  .globl gMonShinyPalette_Spearow
gMonShinyPalette_Spearow:
  .incbin "build/graphics/pokemon/spearow/shiny_palette.gbapal.lz"

	.globl gMonIcon_Spearow
gMonIcon_Spearow: @ 0x08C3DD20 [021]
  .incbin "build/graphics/pokemon/spearow/icon.4bpp"
	@ analyzed canonical ROM range 0x08C3E120-0x08C3E5D3
sAnalyzedData_08C3E120: @ 0x08C3E120
	@ structured u8 payload; no safe higher-level semantic type was provable
	.byte 0x00, 0x00, 0x00, 0x20, 0x20, 0x70, 0x70, 0xE0, 0x00, 0x00, 0x00, 0x08, 0x08, 0x1C, 0x1C, 0x0F
	.byte 0xE0, 0xC0, 0x80, 0x80, 0x00, 0x00, 0x00, 0x00, 0x0F, 0x07, 0x03, 0x03, 0x01, 0x01, 0x00, 0x00
	.byte 0x10, 0x00, 0x08, 0x00, 0x2A, 0x00, 0x00, 0xE0, 0x01, 0xDC, 0x00, 0x03, 0x9D, 0x80, 0x03, 0x00
	.byte 0x01, 0xC0, 0xDD, 0x00, 0x00, 0x50, 0x99, 0x0D, 0x40, 0x03, 0x01, 0xC9, 0x00, 0x0D, 0x95, 0xD9
	.byte 0x00, 0xD9, 0x00, 0x03, 0x0F, 0x99, 0xDD, 0x99, 0x0C, 0xF0, 0x3E, 0xF0, 0x01, 0xF0, 0x01, 0xF0
	.byte 0x01, 0xF0, 0xF0, 0x01, 0xF0, 0x01, 0xF0, 0x01, 0x40, 0x9C, 0xD0, 0xBB, 0x0D, 0x00, 0x00, 0x9C
	.byte 0xB9, 0xDB, 0x00, 0x9C, 0x99, 0xDB, 0x00, 0x00, 0xD0, 0x99, 0xBB, 0xC0, 0x5C, 0x99, 0xBA, 0xC0
	.byte 0x01, 0x99, 0x95, 0xB9, 0xC0, 0x99, 0xDB, 0xB9, 0xD0, 0x2E, 0x5A, 0x0D, 0x40, 0x03, 0xDB, 0x40
	.byte 0x03, 0x40, 0xE3, 0x9C, 0x00, 0x03, 0x50, 0xD2, 0x00, 0x4C, 0x00, 0x1A, 0xD0, 0x00, 0x33, 0xD0
	.byte 0x99, 0x50, 0x03, 0x99, 0x10, 0xD9, 0x99, 0x0D, 0x00, 0x03, 0xC9, 0x99, 0x99, 0xBD, 0x00, 0xD9
	.byte 0x95, 0x99, 0xBD, 0xAB, 0x5D, 0x99, 0xDB, 0x00, 0xBA, 0xDB, 0x95, 0xBB, 0xBD, 0x99, 0x5D, 0xBB
	.byte 0x05, 0xBB, 0x99, 0xDB, 0xBD, 0xBB, 0xD0, 0x5B, 0xDA, 0x40, 0x03, 0x5F, 0xAB, 0x00, 0x0C, 0xBB
	.byte 0x10, 0x08, 0xF0, 0x01, 0xF0, 0x01, 0xF0, 0x01, 0xF0, 0x01, 0xC0, 0xF0, 0x01, 0x30, 0x01, 0x9C
	.byte 0x59, 0xA9, 0x00, 0xBD, 0xB9, 0x00, 0xA5, 0xCC, 0xC0, 0xA9, 0xAC, 0x9C, 0xCD, 0xA9, 0x00, 0xAA
	.byte 0x9D, 0xC9, 0xAB, 0xAA, 0x9D, 0xB9, 0xAD, 0x00, 0xAA, 0x9D, 0x99, 0xAD, 0xAA, 0xD0, 0x99, 0xAA
	.byte 0x63, 0xAA, 0x10, 0xE3, 0x01, 0x1D, 0x00, 0xBB, 0x05, 0x40, 0x03, 0x01, 0xDD, 0x37, 0xBA, 0x5B
	.byte 0x70, 0x03, 0x00, 0x01, 0x95, 0x30, 0xFB, 0x31, 0x4D, 0x00, 0x03, 0x40, 0xD0, 0x80, 0x03, 0x00
	.byte 0x99, 0xB9, 0xDD, 0xBB, 0x9B, 0x00, 0xB9, 0xBB, 0xBD, 0x50, 0xB9, 0xBB, 0xDB, 0xDD, 0x42, 0xB5
	.byte 0x00, 0xF3, 0x59, 0xB5, 0xBB, 0x99, 0x00, 0x04, 0x99, 0x0A, 0x99, 0xB9, 0xBB, 0x55, 0x00, 0x03
	.byte 0xBB, 0x00, 0xE8, 0xBB, 0x00, 0xBB, 0xDB, 0x00, 0xBC, 0xDB, 0xDB, 0x00, 0xBB, 0x01, 0xDB, 0xBB
	.byte 0x0D, 0xBB, 0xBB, 0xBD, 0x4D, 0x00, 0x0F, 0x21, 0x4B, 0xCD, 0x00, 0x03, 0xBB, 0xBB, 0xBB, 0x3D
	.byte 0xD0, 0xAE, 0x53, 0x44, 0x00, 0x03, 0x43, 0x40, 0x03, 0xF3, 0x04, 0xF0, 0xCE, 0xF0, 0x01, 0xF8
	.byte 0x60, 0x97, 0x10, 0x03, 0x50, 0x0B, 0x11, 0xAF, 0x10, 0x03, 0x9D, 0x0C, 0xAC, 0x01, 0xAA, 0xAA
	.byte 0xD9, 0xAC, 0xAA, 0xBA, 0x99, 0x00, 0x03, 0x20, 0x9D, 0xA9, 0x00, 0x03, 0xAA, 0xAA, 0xBA, 0xDC
	.byte 0xAA, 0x1A, 0xAA, 0xDA, 0xD9, 0x00, 0xFA, 0x00, 0x0E, 0xBD, 0x10, 0xE3, 0xBC, 0xAF, 0x01, 0x04
	.byte 0xBD, 0x01, 0x03, 0xBD, 0x00, 0xFF, 0x10, 0x03, 0x11, 0x07, 0x11, 0x17, 0xE0, 0x30, 0xFE, 0xF0
	.byte 0x01, 0xA0, 0x01, 0x55, 0xB5, 0xBB, 0x00, 0xDC, 0x00, 0xDD, 0xDD, 0x00, 0x9D, 0xB9, 0xBB, 0x00
	.byte 0x9D, 0x42, 0x99, 0x10, 0x03, 0xB9, 0x00, 0x50, 0x55, 0x02, 0x74, 0x00, 0x06, 0x55, 0x00, 0x00
	.byte 0xDD, 0x99, 0x00, 0xE3, 0x00, 0xEF, 0xBB, 0x38, 0x4D, 0xDD, 0x00, 0xF0, 0x00, 0x07, 0x10, 0x03
	.byte 0xBB, 0xDD, 0xBC, 0x94, 0x10, 0x05, 0xBB, 0xBB, 0x01, 0x1D, 0xBB, 0x50, 0xE7, 0xF4, 0x4F, 0x00
	.byte 0x04, 0x00, 0x33, 0xFF, 0x04, 0x00, 0x3D, 0x4F, 0x10, 0x00, 0x00, 0x3D, 0x00, 0x10, 0xDC, 0x3F
	.byte 0x4D, 0x04, 0x70, 0xDC, 0x10, 0x10, 0xF0, 0x71, 0x60, 0x01, 0xD0, 0x55, 0x55, 0x40, 0x80, 0x00
	.byte 0x05, 0xDA, 0x00, 0x40, 0x44, 0xA4, 0x00, 0x40, 0x00, 0x33, 0x44, 0x00, 0x40, 0xF3, 0xFF, 0x00
	.byte 0x44, 0x20, 0xF4, 0xFF, 0x00, 0x02, 0xFD, 0x34, 0xFF, 0xD3, 0x56, 0x00, 0x33, 0x33, 0xD3, 0x56
	.byte 0x49, 0xA5, 0xDB, 0xBB, 0x00, 0xF4, 0xB5, 0xBD, 0x5B, 0xFF, 0xD4, 0xC5, 0x0D, 0x00, 0xFF, 0x6D
	.byte 0xD5, 0x05, 0xFF, 0x6D, 0x55, 0xD0, 0x00, 0xDF, 0x66, 0x05, 0x6D, 0xDF, 0x56, 0xD0, 0x76, 0x0E
	.byte 0x6D, 0x56, 0x6D, 0x57, 0x00, 0xEA, 0x60, 0x01, 0x10, 0xB4, 0x56, 0xBD, 0x00, 0x03, 0x57, 0x00
	.byte 0x03, 0x90, 0x17, 0xF0, 0x01, 0x90, 0x01, 0x9D, 0x43, 0x0B, 0xF0, 0x10, 0xEF, 0x22, 0x13, 0x52
	.byte 0x2B, 0x20, 0x01, 0x99, 0xDB, 0xBC, 0xBB, 0x0C, 0xD9, 0xBD, 0xBB, 0xBB, 0x01, 0x1E, 0x02, 0x17
	.byte 0xDB, 0xBC, 0x51, 0x99, 0x00, 0x0C, 0x95, 0x01, 0x27, 0x50, 0x55, 0x99, 0x00, 0x6E, 0x00, 0xDD
	.byte 0x99, 0xCC, 0x35, 0xFF, 0x4F, 0xCB, 0x5D, 0x00, 0x33, 0xFF, 0xCB, 0xDC, 0x35, 0x33, 0xCB, 0xCC
	.byte 0x00, 0x5D, 0x43, 0xCB, 0xCC, 0x5C, 0x43, 0xBC, 0xCC, 0x01, 0x5C, 0xB4, 0xBB, 0xCB, 0x5C, 0xBB
	.byte 0xB9, 0x00, 0x03, 0x00, 0xAD, 0xDA, 0xDD, 0x55, 0xA4, 0xAD, 0xAA, 0xAA, 0x11, 0xA4, 0xAA, 0xAA
	.byte 0x10, 0x01, 0xBB, 0xAB, 0xAA, 0x31, 0x3B, 0x80, 0x40, 0x01, 0x55, 0x35, 0x33, 0x6D, 0x66, 0xDA
	.byte 0x35, 0x00, 0xD3, 0x68, 0xAA, 0x5A, 0x55, 0x8D, 0xAB, 0xDA, 0x03, 0xAD, 0xDA, 0xBB, 0xAD, 0xAA
	.byte 0xDA, 0x00, 0x24, 0x10, 0x28, 0x40, 0xCA, 0x10, 0x03, 0x6D, 0xD6, 0x76, 0x05, 0x66, 0x76, 0x00
	.byte 0x57, 0xD0, 0x76, 0x77, 0xD8, 0x6D, 0x78, 0x87, 0x00, 0x7D, 0x76, 0x88, 0x77, 0x66, 0x87, 0x8D
	.byte 0x77, 0x00, 0x77, 0x58, 0xDC, 0x78, 0x87, 0x05, 0xDF, 0x88, 0x15, 0xD8, 0xDD, 0x50, 0x00, 0xB5
	.byte 0x6D, 0x00, 0xF0, 0x77, 0x00, 0xF0, 0xFB, 0xD0, 0xF7, 0xF1, 0x03, 0xF0, 0x01, 0xF0, 0x01, 0xD0
	.byte 0x01, 0x50, 0x53, 0x3F, 0x53, 0x33, 0x40, 0xB5, 0x30, 0x03, 0x55, 0xB5, 0x00, 0xD5, 0xBB, 0xB5
	.byte 0x1B, 0xDD, 0xBB, 0xBD, 0x40, 0x01, 0x40, 0xD1, 0xDB, 0x10, 0x0C, 0x02, 0x26, 0x30, 0x55, 0xB5
	.byte 0x00, 0x04, 0x00, 0x1E, 0xBB, 0x5B, 0xDD, 0xBB, 0x29, 0xDB, 0xD5, 0x00, 0x07, 0xDC, 0x00, 0x03
	.byte 0xCC, 0xCC, 0x20, 0x03, 0x40, 0xCB, 0x30, 0x03, 0xDB, 0xCC, 0xDC, 0xDC, 0x55, 0xBB, 0x20, 0xAA
	.byte 0x2C, 0x04, 0x6A, 0x5C, 0xCC, 0xB5, 0xBB, 0xCB, 0x20, 0xCD, 0xC5, 0x00, 0x03, 0x5D, 0xCC, 0xCC
	.byte 0xDD, 0x05, 0x00, 0x55, 0x55, 0x5C, 0x00, 0x50, 0x88, 0x5C, 0x00, 0x00, 0x00, 0x85, 0xDF, 0x88
	.byte 0x8D, 0x88, 0xDF, 0x88, 0x00, 0x88, 0x58, 0xDF, 0x88, 0x58, 0x00, 0xDD, 0x55, 0x01, 0x08, 0x00
	.byte 0x75, 0x9E, 0x0D, 0x00, 0x77, 0x00, 0x03, 0x01, 0x75, 0x9E, 0x05, 0x00, 0x75, 0xE7, 0x05, 0xF0
	.byte 0xE3, 0xEA, 0xF0, 0x01, 0xF0, 0x01, 0xF0, 0x01, 0xD5, 0x00, 0x02, 0xCB, 0x00, 0xCF, 0xCC, 0x00
	.byte 0xB5, 0xCB, 0xCC, 0xDC, 0x55, 0xCC, 0xDC, 0xD5, 0x0B, 0x00, 0x55, 0x05, 0xCD, 0x10, 0xF7, 0xD5
	.byte 0x01, 0xD0, 0x00, 0xB2, 0x00, 0x55, 0xCC, 0xD5, 0xCC, 0xC5, 0x5C, 0xCD, 0x55, 0x00, 0xC5, 0xC5
	.byte 0x5C, 0x5F, 0x55, 0xCC, 0xCC, 0x75, 0x00, 0x85, 0xCC, 0x55, 0x57, 0x87, 0x55, 0x55, 0x57, 0x04
	.byte 0x57, 0xBC, 0xBB, 0x55, 0xDC, 0x00, 0xCC, 0x5C, 0xC5, 0x08, 0xCC, 0xCC, 0xCC, 0xDC, 0x00, 0x03
	.byte 0xCC, 0xCD, 0xCC, 0x00, 0xCC, 0xC5, 0xCC, 0x55, 0x55, 0x55, 0x55, 0x00, 0x00, 0x55, 0xDD, 0x05
	.byte 0x00, 0x85, 0x5B, 0xCC, 0x5C, 0x01, 0x5D, 0xC5, 0xC5, 0xC5, 0xC5, 0xCC, 0x5C, 0x00, 0x01, 0x00
	.byte 0xCC, 0xCC, 0x05, 0xCC, 0xCC, 0x5D, 0x0D, 0x55, 0x16, 0xDD, 0xDC, 0x00, 0x00, 0x0A, 0x00, 0x00
	.byte 0x23, 0x12, 0xB3, 0x85, 0xE2, 0x00, 0xC3, 0xA2, 0x73, 0x90, 0x01, 0x58, 0xE7, 0x0D, 0x00, 0x03
	.byte 0xD7, 0x00, 0x00, 0x85, 0xE5, 0xD9, 0x00, 0x50, 0x75, 0xD9, 0x0D, 0x00, 0x00, 0x75, 0xDE, 0x00
	.byte 0x03, 0x00, 0x14, 0x50, 0x10, 0x03, 0x7F, 0xED, 0x15, 0x92, 0xF0, 0x01, 0xF0, 0x01, 0xF0, 0x01
	.byte 0xF0, 0x01, 0xF0, 0x01, 0x24, 0x1F, 0x00, 0x77, 0x58, 0x00, 0x75, 0x87, 0x58, 0x50, 0x77, 0x00
	.byte 0x8D, 0x8D, 0x54, 0x57, 0x85, 0x8D, 0x34, 0x05, 0x00, 0x85, 0x85, 0x54, 0x00, 0x85, 0x3D, 0x00
	.byte 0x40, 0x08, 0x53, 0x50, 0x00, 0x40, 0x00, 0xC3, 0x05, 0x50, 0x75, 0xC0, 0x00, 0xBE, 0x02, 0x7E
	.byte 0x75, 0xD7, 0x05, 0x40, 0x75, 0x55, 0x45, 0x05, 0x00, 0x17, 0x05, 0x40, 0x05, 0x10, 0xCF, 0x34
	.byte 0x00, 0x03, 0x52, 0x54, 0x10, 0xDC, 0x88, 0x00, 0x03, 0xD8, 0x58, 0x30, 0x03, 0x58, 0xBD, 0x10
	.byte 0x07, 0x53, 0x02, 0x9B, 0xF1, 0xB8, 0xF0, 0x01, 0x20, 0x01, 0x75, 0x00, 0xE3, 0xAB, 0x10, 0xF4
	.byte 0x50, 0x10, 0x03, 0xD7, 0x00, 0x10, 0xE5, 0x10, 0x14, 0xD3, 0xA7, 0xE0, 0x96, 0xA3, 0x10, 0x5A
	.byte 0x50, 0x5E, 0x00, 0x00

  .globl gMonPalette_Fearow
gMonPalette_Fearow:
  .incbin "build/graphics/pokemon/fearow/normal_palette.gbapal.lz"

  .globl gMonBackPic_Fearow
gMonBackPic_Fearow:
  .incbin "build/graphics/pokemon/fearow/back.4bpp.lz"

  .globl gMonShinyPalette_Fearow
gMonShinyPalette_Fearow:
  .incbin "build/graphics/pokemon/fearow/shiny_palette.gbapal.lz"

	.globl gMonIcon_Fearow
gMonIcon_Fearow: @ 0x08C3E91C [022]
  .incbin "build/graphics/pokemon/fearow/icon.4bpp"
	@ analyzed canonical ROM range 0x08C3ED1C-0x08C3F03B
sAnalyzedData_08C3ED1C: @ 0x08C3ED1C
	@ structured u8 payload; no safe higher-level semantic type was provable
	.byte 0x00, 0x90, 0x90, 0x98, 0xB8, 0xB8, 0xF0, 0xF0, 0x00, 0x08, 0x09, 0x19, 0x1D, 0x1D, 0x0F, 0x0F
	.byte 0xE0, 0xE0, 0xC0, 0x80, 0x80, 0x80, 0x80, 0x00, 0x07, 0x07, 0x03, 0x03, 0x01, 0x01, 0x00, 0x00
	.byte 0x10, 0x00, 0x08, 0x00, 0x3F, 0x00, 0x00, 0xF0, 0x01, 0xF0, 0x01, 0xF0, 0x01, 0xF0, 0x01, 0xF0
	.byte 0x01, 0xF0, 0x01, 0xFF, 0xF0, 0x01, 0xF0, 0x01, 0xF0, 0x01, 0xF0, 0x01, 0xF0, 0x01, 0xF0, 0x01
	.byte 0xF0, 0x01, 0xF0, 0x01, 0xF6, 0xF0, 0x01, 0xF0, 0x01, 0xF0, 0x01, 0x80, 0x01, 0xF0, 0xF0, 0x12
	.byte 0x40, 0x18, 0xBB, 0x03, 0xBB, 0xBB, 0xCF, 0xCC, 0xDC, 0xDD, 0xF0, 0x19, 0x70, 0x01, 0x40, 0xBF
	.byte 0xF0, 0x12, 0x00, 0x00, 0x09, 0x00, 0x00, 0x90, 0x40, 0x96, 0x00, 0x07, 0x19, 0x0B, 0x00, 0x00
	.byte 0x79, 0xB8, 0xFF, 0xF0, 0x1F, 0xF0, 0x01, 0xF0, 0x01, 0xF0, 0x01, 0xF0, 0x01, 0xF0, 0x01, 0xF0
	.byte 0x01, 0x30, 0x01, 0x50, 0xCF, 0x00, 0xCD, 0xCC, 0x30, 0x03, 0xDF, 0xDD, 0x00, 0xF0, 0x00, 0xDE
	.byte 0xDD, 0x00, 0xCF, 0xFC, 0xFF, 0x00, 0xCB, 0x00, 0xCC, 0xDD, 0x00, 0xEB, 0xCC, 0xEF, 0xCC, 0xCC
	.byte 0x20, 0xDD, 0xDD, 0x00, 0x02, 0xDD, 0xDC, 0xDD, 0xFD, 0xFF, 0x00, 0xDD, 0xFD, 0x1F, 0x97, 0xFD
	.byte 0xEF, 0x79, 0x97, 0x0C, 0xDE, 0xDD, 0x9D, 0xBB, 0x00, 0x12, 0x30, 0x01, 0x0F, 0x00, 0x00, 0x00
	.byte 0xDD, 0xBD, 0x00, 0x00, 0xDE, 0xFD, 0x00, 0x08, 0x00, 0xB7, 0xDD, 0x0B, 0x00, 0x03, 0x0F, 0x00
	.byte 0xDB, 0x84, 0x00, 0x10, 0xDD, 0xDD, 0xED, 0x0B, 0x00, 0x03, 0x0F, 0x00, 0x02, 0x90, 0x81, 0x0B
	.byte 0x00, 0x90, 0xB7, 0x00, 0xEC, 0x19, 0xCA, 0x00, 0xEC, 0x10, 0xF0, 0x80, 0xB9, 0x01, 0x01, 0x71
	.byte 0x00, 0x03, 0x87, 0xA7, 0x00, 0x73, 0x9F, 0xF0, 0x8E, 0x00, 0x00, 0x00, 0x2C, 0x20, 0x03, 0x01
	.byte 0x2A, 0xFD, 0xF0, 0x01, 0xF0, 0x01, 0xF0, 0x01, 0xF0, 0x01, 0xF0, 0x01, 0x50, 0x01, 0xB0, 0x11
	.byte 0xC3, 0x30, 0xBF, 0xBB, 0xF0, 0x18, 0x21, 0xFB, 0xF0, 0xFD, 0xBB, 0xBB, 0x00, 0xDB, 0x4F, 0x44
	.byte 0x44, 0xB4, 0x4B, 0x34, 0x33, 0x00, 0xB3, 0x4B, 0x23, 0x22, 0xB3, 0x4F, 0x22, 0x22, 0x21, 0xF3
	.byte 0x43, 0x00, 0x03, 0x4D, 0x23, 0x32, 0xDF, 0x00, 0x1B, 0x81, 0x01, 0x00, 0xED, 0xFE, 0xDD, 0xDD
	.byte 0xEE, 0xBE, 0x20, 0x03, 0x41, 0xED, 0x00, 0x03, 0xEE, 0xEE, 0xBE, 0xBD, 0xEF, 0x00, 0x03, 0xB0
	.byte 0x00, 0x07, 0xEF, 0x00, 0x03, 0x01, 0x56, 0xED, 0x00, 0xDF, 0xCC, 0x00, 0xED, 0xF0, 0xFF, 0xDD
	.byte 0xEE, 0xCF, 0xCC, 0xEF, 0x00, 0xEE, 0xCC, 0xDC, 0xFE, 0x0B, 0xFF, 0xED, 0xBE, 0x07, 0x00, 0xDD
	.byte 0xEF, 0x0B, 0x00, 0x00, 0x06, 0x60, 0xEB, 0x01, 0x46, 0xFF, 0xF0, 0x80, 0xF0, 0x96, 0xF0, 0x01
	.byte 0xF0, 0x01, 0xF0, 0x01, 0xF0, 0x01, 0xF0, 0x01, 0xF0, 0x01, 0x80, 0x20, 0x01, 0xDF, 0xDD, 0xDD
	.byte 0xFE, 0xE0, 0xBB, 0xBB, 0x6B, 0xFB, 0x10, 0x0A, 0x00, 0x03, 0xEF, 0x00, 0x95, 0x11, 0x01, 0xBB
	.byte 0x00, 0x03, 0x01, 0x1F, 0x11, 0x00, 0xE0, 0x1E, 0x61, 0xEB, 0x00, 0xE3, 0x40, 0xEE, 0x10, 0xF7
	.byte 0xED, 0xEE, 0xB8, 0xEE, 0xEE, 0x87, 0x00, 0xF8, 0x66, 0x76, 0x87, 0xEB, 0x66, 0x76, 0x88, 0x10
	.byte 0xEB, 0x66, 0x77, 0x00, 0x03, 0x87, 0xB8, 0xEE, 0xED, 0x00, 0x0B, 0x00, 0xF0, 0xEE, 0x0B, 0x00
	.byte 0xDF, 0xFE, 0x00, 0x00, 0xB0, 0xDD, 0xBE, 0x00, 0xFB, 0xDF, 0xBE, 0x00, 0xB0, 0xDD, 0xFD, 0xEE
	.byte 0xDB, 0xCD, 0xDC, 0xBE, 0x00, 0xDD, 0xCC, 0xDC, 0xDB, 0xFF, 0xDF, 0xDD, 0xDF, 0x01, 0xCC, 0xCF
	.byte 0xBF, 0xCD, 0xCC, 0xFD, 0xCC, 0x03, 0x4A, 0x40, 0xCF, 0x02, 0x67, 0xDF, 0xDF, 0xDD, 0xED, 0xEF
	.byte 0xFD, 0x00, 0xDD, 0xEE, 0xEF, 0xED, 0xEF, 0xFE, 0xEE, 0xED, 0x35, 0xEF, 0xBB, 0x00, 0x6F, 0x31
	.byte 0x1F, 0xBC, 0x00, 0x03, 0xFC, 0x00, 0x08, 0x40, 0xFD, 0x01, 0x33, 0xFD, 0x9E, 0x00, 0x00, 0xFE
	.byte 0x8E, 0x0F, 0x09, 0x00, 0xEF, 0x8E, 0x10, 0x19, 0xF0, 0x01, 0xF0, 0x01, 0xF0, 0x01, 0xE0, 0xF0
	.byte 0x01, 0xF0, 0x01, 0x31, 0x84, 0xEC, 0xEE, 0x00, 0xE0, 0xCC, 0x68, 0xDC, 0x03, 0x0F, 0x10, 0x03
	.byte 0xDD, 0x20, 0x03, 0xCE, 0x6C, 0x77, 0x00, 0x00, 0x90, 0x66, 0x77, 0x00, 0xB0, 0x66, 0x77, 0xCA
	.byte 0x00, 0xFE, 0x00, 0xFB, 0xBE, 0xEF, 0x00, 0x03, 0xEE, 0x01, 0x03, 0xEF, 0xAA, 0x02, 0x07, 0xEE
	.byte 0x13, 0x16, 0xD7, 0x00, 0x03, 0x77, 0x00, 0x03, 0xEE, 0x44, 0xEE, 0x00, 0xCD, 0xDE, 0xDD, 0xEF
	.byte 0x00, 0x14, 0xFE, 0xDE, 0xE0, 0x00, 0x03, 0x02, 0x2F, 0x00, 0x0A, 0xEE, 0xB8, 0xDD, 0xED, 0x8E
	.byte 0x40, 0xEB, 0x01, 0x32, 0xE8, 0xEE, 0xBF, 0xFB, 0xFF, 0xEE, 0x00, 0xBF, 0xB0, 0xEE, 0xEE, 0x0B
	.byte 0xB0, 0xEE, 0xBE, 0x0C, 0xFD, 0xEF, 0xEE, 0xDB, 0x00, 0x31, 0x80, 0x01, 0x8E, 0xEE, 0xD0, 0x00
	.byte 0xE3, 0xA0, 0x03, 0x88, 0x00, 0x03, 0x98, 0x00, 0x00, 0x8E, 0xFF, 0x03, 0x49, 0x00, 0x0A, 0xF0
	.byte 0xAF, 0xF0, 0x01, 0xF0, 0x01, 0xF0, 0x01, 0xF0, 0x01, 0x60, 0x01, 0x2A, 0x6B, 0x76, 0x03, 0x24
	.byte 0x66, 0x00, 0x08, 0x9B, 0xF0, 0x1B, 0x00, 0x00, 0x00, 0x77, 0xD7, 0xDD, 0xEE, 0x77, 0x77, 0x77
	.byte 0x00, 0x87, 0x88, 0x88, 0x88, 0x88, 0xB9, 0xBB, 0xBB, 0x89, 0xE0, 0x23, 0xEE, 0x88, 0xFB, 0x00
	.byte 0x18, 0x00, 0x9B, 0x03, 0xF4, 0xF7, 0xF0, 0x01, 0x00, 0x01, 0x10, 0x37, 0x00, 0x01, 0x98, 0x00
	.byte 0x3B, 0xF0, 0xCD, 0x00, 0x01, 0xFF, 0x15, 0x21, 0xF0, 0x18, 0xF0, 0x01, 0xF0, 0x01, 0xF0, 0x01
	.byte 0xF0, 0x01, 0xF0, 0x01, 0xF0, 0x01, 0xFF, 0xF0, 0x01, 0xF0, 0x01, 0xF0, 0x01, 0xF0, 0x01, 0xF0
	.byte 0x01, 0xF0, 0x01, 0xF0, 0x01, 0xF0, 0x01, 0xE0, 0xF0, 0x01, 0xF0, 0x01, 0x70, 0x01, 0x00, 0x00

  .globl gMonPalette_Ekans
gMonPalette_Ekans:
  .incbin "build/graphics/pokemon/ekans/normal_palette.gbapal.lz"

  .globl gMonBackPic_Ekans
gMonBackPic_Ekans:
  .incbin "build/graphics/pokemon/ekans/back.4bpp.lz"

  .globl gMonShinyPalette_Ekans
gMonShinyPalette_Ekans:
  .incbin "build/graphics/pokemon/ekans/shiny_palette.gbapal.lz"

	.globl gMonIcon_Ekans
gMonIcon_Ekans: @ 0x08C3F37C [023]
  .incbin "build/graphics/pokemon/ekans/icon.4bpp"
	@ analyzed canonical ROM range 0x08C3F77C-0x08C3FBE7
sAnalyzedData_08C3F77C: @ 0x08C3F77C
	@ structured u8 payload; no safe higher-level semantic type was provable
	.byte 0x00, 0x00, 0x00, 0x00, 0x00, 0x00, 0x00, 0x00, 0x00, 0x00, 0x00, 0x00, 0x00, 0x00, 0x00, 0x00
	.byte 0x00, 0x00, 0x00, 0x00, 0x00, 0x00, 0x00, 0x00, 0x00, 0x00, 0x00, 0x00, 0x00, 0x00, 0x00, 0x00
	.byte 0x10, 0x00, 0x08, 0x00, 0x3D, 0x00, 0x00, 0xF0, 0x01, 0xF0, 0x01, 0xF0, 0x01, 0x30, 0x01, 0xCB
	.byte 0xF0, 0x12, 0xF4, 0xF0, 0x01, 0xF0, 0x01, 0xF0, 0x01, 0x90, 0x01, 0xC0, 0x00, 0x03, 0x9C, 0x00
	.byte 0x03, 0x00, 0xB0, 0x99, 0x00, 0x00, 0x9B, 0x00, 0x03, 0x40, 0x01, 0x00, 0xCC, 0x88, 0x88, 0xCC
	.byte 0x99, 0x99, 0x99, 0x99, 0x00, 0xF9, 0xBF, 0xAC, 0x99, 0xF9, 0xF8, 0xCE, 0x99, 0x01, 0xAA, 0xAA
	.byte 0xAA, 0xAA, 0xAC, 0xAA, 0xCA, 0x50, 0x1E, 0x60, 0x08, 0x10, 0x8D, 0x00, 0x04, 0xBA, 0xCB, 0x88
	.byte 0x00, 0xAA, 0x00, 0xBA, 0xBB, 0x08, 0xAA, 0xAA, 0xBB, 0x08, 0xCC, 0x3D, 0x8B, 0x88, 0x10, 0x16
	.byte 0xF0, 0x01, 0xF0, 0x01, 0xD0, 0x01, 0xB0, 0x40, 0x03, 0x08, 0xBB, 0x00, 0xB0, 0xC9, 0x00, 0x86
	.byte 0xCA, 0x00, 0xB0, 0x02, 0xA9, 0x0C, 0x00, 0xAB, 0xAB, 0x0C, 0x10, 0x0A, 0x00, 0x53, 0x99, 0x00
	.byte 0x03, 0xA9, 0x00, 0x03, 0xCA, 0xCC, 0xF0, 0x38, 0xF0, 0x01, 0xB2, 0xE0, 0x57, 0x9B, 0x00, 0xE2
	.byte 0x00, 0xD7, 0x9C, 0xA9, 0x00, 0x06, 0xAA, 0x00, 0x00, 0xBB, 0x99, 0xA9, 0xB0, 0x99, 0xA9, 0xAA
	.byte 0x04, 0x9B, 0xA9, 0xAA, 0xCA, 0x99, 0x00, 0xB8, 0xA9, 0xBA, 0x00, 0xBB, 0xBB, 0xAA, 0xBB, 0x8C
	.byte 0xBC, 0xBA, 0xBB, 0x00, 0x88, 0x88, 0xBB, 0xCB, 0x88, 0x88, 0xAA, 0xCA, 0x00, 0xCC, 0x8C, 0xAA
	.byte 0xCA, 0x88, 0x88, 0xAC, 0xCA, 0x00, 0x88, 0x77, 0xCB, 0xAA, 0x58, 0x75, 0xBB, 0xAC, 0x00, 0x58
	.byte 0x65, 0xBB, 0xA8, 0x5C, 0x65, 0xBC, 0xCB, 0x00, 0xCA, 0xF5, 0xC8, 0x8B, 0xCA, 0xFF, 0xF7, 0x88
	.byte 0x00, 0xF8, 0x08, 0xF7, 0x08, 0xFC, 0x00, 0x87, 0xC8, 0x11, 0x00, 0x00, 0x87, 0x01, 0x8E, 0x87
	.byte 0xBB, 0x0C, 0x00, 0x03, 0x00, 0x8A, 0x00, 0x77, 0x8F, 0xA8, 0x08, 0xF7, 0x8F, 0x3F, 0xB8, 0x8A
	.byte 0xF0, 0x82, 0xE0, 0x01, 0x00, 0x8F, 0x10, 0x03, 0x11, 0x6F, 0x10, 0x97, 0xCA, 0x20, 0x03, 0x00
	.byte 0xDD, 0xAB, 0xA9, 0x00, 0x16, 0xA9, 0x00, 0xF6, 0x00, 0x6E, 0xAA, 0x01, 0x45, 0x90, 0x03, 0xCC
	.byte 0x80, 0x0B, 0xF0, 0x01, 0xD0, 0xF1, 0x99, 0x55, 0xBA, 0x00, 0xEA, 0xBA, 0x00, 0x4A, 0xBB, 0x00
	.byte 0xE7, 0x8B, 0x00, 0xF2, 0x04, 0xCB, 0x80, 0x99, 0xAA, 0xBB, 0x50, 0x03, 0xBB, 0xBB, 0x03, 0xBB
	.byte 0x8C, 0x8B, 0x88, 0x88, 0xCB, 0x00, 0xEA, 0x00, 0x01, 0x00, 0x66, 0x86, 0x88, 0x68, 0x16, 0x61
	.byte 0x88, 0x68, 0x14, 0x81, 0x18, 0x8C, 0x00, 0x03, 0x8B, 0x00, 0x03, 0x88, 0x88, 0x49, 0xAB, 0x01
	.byte 0xF9, 0xB8, 0xAB, 0x10, 0x25, 0xC8, 0xBB, 0x01, 0x11, 0x00, 0xBB, 0xBB, 0x8B, 0x86, 0xBC, 0xBB
	.byte 0x8C, 0x86, 0x10, 0xB8, 0xBB, 0x88, 0x10, 0x03, 0x8C, 0xB8, 0xCB, 0x8B, 0xA2, 0x00, 0x3B, 0xC8
	.byte 0x00, 0x3C, 0xB8, 0x88, 0x68, 0x00, 0x3E, 0x11, 0x07, 0x66, 0x88, 0x16, 0x88, 0x61, 0x50, 0x03
	.byte 0x01, 0x15, 0x32, 0x1B, 0xAE, 0x10, 0x03, 0x8C, 0x00, 0x03, 0x8B, 0xC0, 0x03, 0x21, 0x87, 0xB0
	.byte 0x03, 0xB9, 0xFE, 0x00, 0x03, 0x41, 0xA3, 0x00, 0xAD, 0xD0, 0xFB, 0x11, 0x0F, 0x01, 0x55, 0x12
	.byte 0x79, 0xA9, 0xE4, 0xF1, 0x00, 0xE0, 0x01, 0x10, 0xE3, 0x00, 0x9C, 0x00, 0x03, 0x98, 0xA9, 0x17
	.byte 0xBB, 0x00, 0xC0, 0x01, 0x07, 0x80, 0x00, 0x03, 0x00, 0x10, 0x00, 0x5B, 0x80, 0x00, 0x03, 0x00
	.byte 0xAC, 0xCB, 0x88, 0x16, 0x61, 0xBB, 0x1A, 0x8C, 0x68, 0x66, 0x11, 0xEB, 0x11, 0x0C, 0xCB, 0x10
	.byte 0xE5, 0x8C, 0xEC, 0x01, 0x10, 0x00, 0xD0, 0x02, 0x03, 0x68, 0x10, 0xE3, 0x10, 0xF3, 0xB8, 0x8B
	.byte 0x50, 0x8C, 0x10, 0x17, 0xBC, 0x40, 0xEB, 0x88, 0x88, 0x78, 0x76, 0x00, 0x88, 0x76, 0x68, 0x66
	.byte 0x78, 0x66, 0x11, 0x86, 0x07, 0xB8, 0x68, 0x66, 0x88, 0xBC, 0x00, 0x16, 0x10, 0x3E, 0x10, 0x40
	.byte 0xC0, 0x10, 0x0B, 0x00, 0x03, 0x88, 0xCB, 0x66, 0x88, 0xB8, 0x8C, 0xFD, 0x50, 0xE7, 0x13, 0xA9
	.byte 0x00, 0xBA, 0x61, 0x0B, 0x83, 0x6E, 0x00, 0xE7, 0xA0, 0x03, 0x6F, 0x9C, 0x13, 0x73, 0x00, 0xAC
	.byte 0x43, 0x7F, 0x10, 0x03, 0x20, 0x01, 0xA9, 0xAA, 0x18, 0x0C, 0x00, 0x99, 0x00, 0xF0, 0x03, 0x6F
	.byte 0x08, 0x99, 0xAA, 0x90, 0x12, 0x8B, 0xAA, 0xBA, 0x03, 0x77, 0xAA, 0xAC, 0xAB, 0xAA, 0x3D, 0xAA
	.byte 0xBC, 0x03, 0x82, 0xD0, 0xEF, 0x10, 0x63, 0x13, 0x87, 0xAA, 0x00, 0x04, 0x78, 0xAA, 0x10, 0x04
	.byte 0x01, 0x02, 0xF1, 0x15, 0x70, 0x01, 0xAA, 0xBB, 0x8B, 0x2A, 0x88, 0xA8, 0x00, 0xE8, 0x80, 0x00
	.byte 0x08, 0x00, 0x00, 0x08, 0x00, 0x29, 0x80, 0xAA, 0x01, 0x1F, 0xB8, 0x00, 0x57, 0x80, 0xAB, 0x00
	.byte 0x1E, 0x02, 0xBC, 0x66, 0x66, 0x66, 0x66, 0x67, 0x00, 0x03, 0x88, 0x1B, 0x67, 0x66, 0x87, 0x10
	.byte 0xF6, 0x01, 0x0D, 0xB8, 0x10, 0xE6, 0x03, 0x26, 0x41, 0xBB, 0x03, 0xE3, 0xBB, 0x86, 0x88, 0xCB
	.byte 0x08, 0x00, 0xE6, 0x4F, 0x00, 0x00, 0x06, 0x00, 0xBB, 0x01, 0xE0, 0x10, 0x71, 0x11, 0xE7, 0xF0
	.byte 0xE7, 0xE8, 0xF0, 0x01, 0xF0, 0x01, 0xF0, 0x01, 0xC0, 0x00, 0xE7, 0x00, 0xBC, 0xAB, 0x09, 0xAA
	.byte 0x00, 0xC0, 0xBB, 0x00, 0x8F, 0xBC, 0xBB, 0x00, 0x11, 0xE2, 0x00, 0x03, 0x20, 0x62, 0x30, 0xBF
	.byte 0xCA, 0xAC, 0xCB, 0x11, 0x0F, 0xCA, 0xA8, 0x01, 0x0B, 0xCB, 0x00, 0x90, 0xCB, 0x01, 0x81, 0xCB
	.byte 0xCB, 0xCC, 0x00, 0xAC, 0x88, 0xBC, 0xAA, 0x99, 0xC0, 0xAA, 0x99, 0x22, 0x99, 0x88, 0x14, 0x44
	.byte 0x8C, 0x88, 0x0C, 0x00, 0x18, 0xCB, 0x21, 0xBB, 0xBC, 0x21, 0xDA, 0x88, 0x99, 0x99, 0x9B, 0x04
	.byte 0xC8, 0x56, 0xB9, 0x00, 0x31, 0xBA, 0x11, 0x3F, 0xB8, 0x11, 0x23, 0x10, 0x17, 0xBB, 0x00, 0xBB
	.byte 0xBC, 0x8B, 0x88, 0xCC, 0xBB, 0x8B, 0xA9, 0xD6, 0x03, 0xEF, 0x00, 0x1C, 0x8A, 0x10, 0x03, 0xAB
	.byte 0x04, 0x13, 0x00, 0x82, 0xBB, 0x0A, 0xAB, 0xCC, 0xCC, 0xBC, 0x00, 0x5F, 0xCB, 0x00, 0x6A, 0xBB
	.byte 0x6F, 0xAB, 0x02, 0x53, 0x10, 0x03, 0xAA, 0x00, 0x03, 0x11, 0x6F, 0x10, 0x8C, 0x20, 0x03, 0x01
	.byte 0x88, 0xCC, 0x00, 0x8C, 0xCB, 0xBB, 0x8C, 0x00, 0x03, 0x83, 0x04, 0x41, 0xBB, 0xAB, 0x8C, 0xBC
	.byte 0xCB, 0x10, 0xAB, 0xE1, 0x9F, 0x6F, 0xBA, 0x12, 0xC3, 0x02, 0xBF, 0xAA, 0x10, 0x08, 0xF0, 0x01
	.byte 0xF0, 0x01, 0x32, 0x0F, 0xB1, 0x11, 0xC7, 0xBC, 0x40, 0xAF, 0x50, 0x03, 0xC0, 0xAC, 0xBA, 0x04
	.byte 0xAE, 0xB1, 0x03, 0xDB, 0xAA, 0x04, 0xC3, 0x00, 0xEE, 0xAA, 0xAA, 0x9A, 0x30, 0x08, 0xD3, 0x00
	.byte 0xB3, 0x10, 0x03, 0xBA, 0x00, 0xBE, 0xBC, 0xCA, 0x10, 0xD8, 0x00, 0x03, 0x21, 0xBA, 0x88, 0x00
	.byte 0x03, 0xAA, 0x8C, 0x88, 0x9B, 0x00, 0xD8, 0x9C, 0x01, 0x01, 0xA9, 0x9A, 0x00, 0x03, 0x00, 0xDC
	.byte 0x00, 0xAD, 0xBB, 0xA8, 0xC4, 0x00, 0xB1, 0x00, 0x02, 0xAA, 0x9A, 0xC8, 0x00, 0x40, 0xAA, 0xAB
	.byte 0xE1, 0x10, 0x03, 0x00, 0x24, 0x01, 0x54, 0x9A, 0xA9, 0xAA, 0xBB, 0x10, 0x03, 0x40, 0x9B, 0x05
	.byte 0x18, 0xB9, 0xAB, 0xBA, 0xBB, 0x99, 0xCA, 0x02, 0xBB, 0xCB, 0xAA, 0xBA, 0xBC, 0x8B, 0x01, 0x69
	.byte 0x8B, 0x09, 0xBA, 0xBB, 0xCB, 0xC8, 0x03, 0x12, 0xAB, 0xBC, 0x01, 0x5A, 0xBA, 0x02, 0x14, 0xBC
	.byte 0x10, 0x03, 0x00, 0x4B, 0x20, 0x03, 0xCC, 0x10, 0x03, 0xCC, 0x14, 0xCC, 0x88, 0xAB, 0x02, 0xBF
	.byte 0xBA, 0x00, 0x03, 0xAB, 0xBB, 0xFF, 0x02, 0x1F, 0xC2, 0x23, 0xF0, 0x01, 0xF0, 0x01, 0x93, 0x0B
	.byte 0xF0, 0x01, 0x01, 0xDB, 0x00, 0xE3, 0x54, 0xB8, 0x01, 0xA4, 0x80, 0x00, 0xC8, 0x00, 0x03, 0x82
	.byte 0x00, 0x00, 0x7F, 0x88, 0x11, 0x23, 0x60, 0x33, 0x16, 0xA6, 0x36, 0xAA, 0x03, 0x2F, 0x13, 0x9E
	.byte 0x00, 0x03, 0xFD, 0x12, 0xC7, 0x72, 0x3F, 0x01, 0x23, 0x01, 0x20, 0x21, 0x05, 0x10, 0xC8, 0xBC
	.byte 0x12, 0x09, 0xE5, 0x71, 0x97, 0x03, 0xFA, 0x06, 0x07, 0x08, 0x00, 0x06, 0xD6, 0x00, 0x60, 0x34
	.byte 0xBC, 0x80, 0x01, 0x88, 0xF6, 0xE2, 0xF0, 0x01, 0xF0, 0x01, 0x60, 0x01

  .globl gMonPalette_Arbok
gMonPalette_Arbok:
  .incbin "build/graphics/pokemon/arbok/normal_palette.gbapal.lz"

  .globl gMonBackPic_Arbok
gMonBackPic_Arbok:
  .incbin "build/graphics/pokemon/arbok/back.4bpp.lz"

  .globl gMonShinyPalette_Arbok
gMonShinyPalette_Arbok:
  .incbin "build/graphics/pokemon/arbok/shiny_palette.gbapal.lz"

	.globl gMonIcon_Arbok
gMonIcon_Arbok: @ 0x08C3FED8 [024]
  .incbin "build/graphics/pokemon/arbok/icon.4bpp"
	@ analyzed canonical ROM range 0x08C402D8-0x08C405C7
sAnalyzedData_08C402D8: @ 0x08C402D8
	@ structured u8 payload; no safe higher-level semantic type was provable
	.byte 0x00, 0x00, 0x00, 0x00, 0x00, 0x00, 0x00, 0x00, 0x00, 0x00, 0x00, 0x00, 0x00, 0x00, 0x00, 0x00
	.byte 0x00, 0x00, 0x00, 0x00, 0x00, 0x00, 0x00, 0x00, 0x00, 0x00, 0x00, 0x00, 0x00, 0x00, 0x00, 0x00
	.byte 0x10, 0x00, 0x08, 0x00, 0x3E, 0x00, 0x00, 0xF0, 0x01, 0xF0, 0x01, 0xF0, 0x01, 0xF0, 0x01, 0xC0
	.byte 0x01, 0xE0, 0x9F, 0x00, 0x03, 0xEE, 0x0E, 0xF0, 0x17, 0xF0, 0x01, 0xF0, 0x01, 0xF0, 0x01, 0xF0
	.byte 0x01, 0xFF, 0xF0, 0x01, 0xF0, 0x01, 0xF0, 0x01, 0xF0, 0x01, 0xF0, 0x01, 0xF0, 0x01, 0xF0, 0x01
	.byte 0x70, 0x01, 0x82, 0x10, 0xE3, 0xDE, 0xEE, 0x00, 0xE0, 0xDD, 0x10, 0x03, 0xED, 0x08, 0x0E, 0xE0
	.byte 0xDD, 0x4D, 0x00, 0x03, 0x33, 0x0E, 0x00, 0x07, 0x3E, 0x33, 0xE4, 0x00, 0x35, 0x00, 0x03, 0xF0
	.byte 0x31, 0xF0, 0x01, 0x88, 0xE1, 0x39, 0x50, 0x34, 0x00, 0x00, 0x3C, 0x00, 0x45, 0x33, 0x41, 0x33
	.byte 0x90, 0x68, 0xE0, 0xEE, 0xDD, 0x0E, 0xDE, 0x00, 0x63, 0x41, 0xDD, 0x00, 0x6B, 0xDD, 0xED, 0xEE
	.byte 0x00, 0xD4, 0xF1, 0x5F, 0xFF, 0xF0, 0x01, 0xF0, 0x01, 0xF0, 0x01, 0xF0, 0x01, 0xF0, 0x01, 0xF0
	.byte 0x01, 0x30, 0x01, 0x10, 0xE3, 0x00, 0x40, 0x43, 0xE4, 0x00, 0x50, 0x44, 0x55, 0x00, 0x00, 0x00
	.byte 0x46, 0x22, 0x00, 0x40, 0x33, 0x22, 0x00, 0x00, 0x36, 0x33, 0x23, 0x00, 0x45, 0xEE, 0x33, 0x50
	.byte 0x20, 0xE3, 0xE1, 0x20, 0xBF, 0x55, 0x44, 0x54, 0x65, 0x22, 0x01, 0x22, 0x32, 0x43, 0x22, 0x22
	.byte 0x22, 0x33, 0x30, 0x03, 0x08, 0x43, 0xEE, 0x33, 0x33, 0x00, 0x1C, 0x33, 0xE3, 0xDE, 0x06, 0x60
	.byte 0x33, 0x33, 0x33, 0x36, 0x00, 0x03, 0x00, 0x01, 0x44, 0x80, 0x00, 0x02, 0xEE, 0x33, 0x43, 0xE6
	.byte 0x00, 0x34, 0x43, 0x18, 0x06, 0x00, 0x3E, 0x00, 0x52, 0x10, 0x03, 0xE3, 0xEE, 0x00, 0x34, 0x00
	.byte 0xE4, 0x00, 0xE6, 0xC0, 0xE9, 0x50, 0x00, 0x03, 0x25, 0x00, 0x18, 0x00, 0x45, 0x32, 0xA0, 0x15
	.byte 0x00, 0x81, 0x45, 0x32, 0x06, 0x02, 0x00, 0x32, 0x33, 0x06, 0x00, 0x33, 0x00, 0x43, 0x43, 0x3E
	.byte 0x44, 0x64, 0xF0, 0xAF, 0xF0, 0x01, 0xF0, 0x01, 0xF0, 0x01, 0x90, 0x01, 0x60, 0xB0, 0x00, 0x03
	.byte 0x26, 0x00, 0x06, 0x10, 0x7B, 0x35, 0x60, 0xE3, 0xDE, 0x00, 0x33, 0x46, 0x53, 0x4E, 0x33, 0xAE
	.byte 0x33, 0x33, 0x00, 0x34, 0xBE, 0x34, 0x33, 0x53, 0xE0, 0x3C, 0x33, 0x29, 0x33, 0x66, 0x00, 0x03
	.byte 0x43, 0x00, 0xD4, 0x43, 0x64, 0x10, 0xD6, 0x10, 0x43, 0xEE, 0x46, 0x20, 0xDE, 0x35, 0x33, 0xCC
	.byte 0xCC, 0x00, 0x34, 0x33, 0xCC, 0xAA, 0x33, 0x33, 0xAC, 0xCA, 0x18, 0x33, 0x33, 0xC3, 0x00, 0x23
	.byte 0x10, 0x01, 0x34, 0x43, 0x64, 0x00, 0x00, 0xB3, 0x4B, 0x44, 0x0E, 0xBB, 0xCB, 0x44, 0x00, 0x6E
	.byte 0xBB, 0xCB, 0x64, 0x26, 0xBB, 0xCC, 0x26, 0x18, 0x35, 0xC3, 0x4C, 0x00, 0x3C, 0x10, 0x3B, 0x36
	.byte 0x33, 0x43, 0x00, 0x00, 0x50, 0x22, 0x43, 0x40, 0x34, 0x33, 0x44, 0x00, 0x36, 0x43, 0x44, 0x44
	.byte 0x65, 0x44, 0x44, 0x44, 0x04, 0x22, 0x46, 0x44, 0x44, 0x53, 0x00, 0x03, 0x33, 0x4E, 0x02, 0x44
	.byte 0x44, 0xE4, 0x44, 0x44, 0x64, 0x00, 0x02, 0x00, 0x81, 0xB0, 0x03, 0xE4, 0x00, 0x44, 0x64, 0x0E
	.byte 0x00, 0x00, 0x02, 0xFF, 0xD1, 0x33, 0xF0, 0x01, 0xF0, 0x01, 0xF0, 0x01, 0x01, 0xD4, 0x43, 0xCD
	.byte 0xF0, 0x01, 0x00, 0x01, 0x01, 0x44, 0x54, 0x35, 0x33, 0x44, 0x54, 0x33, 0x00, 0x8E, 0x1A, 0x33
	.byte 0x33, 0xE0, 0x00, 0xB6, 0x02, 0x0F, 0x33, 0x11, 0xD3, 0x50, 0xF5, 0x71, 0xD7, 0xF0, 0x01, 0xB0
	.byte 0x01, 0x00, 0x39, 0x43, 0x11, 0xFB, 0xE4, 0x00, 0x06, 0x81, 0x00, 0x03, 0x54, 0x06, 0x33, 0x43
	.byte 0x45, 0xE6, 0x00, 0x0B, 0xA4, 0x00, 0xF2, 0x64, 0x10, 0xE3, 0x06, 0x6E, 0x00, 0xD3, 0x00, 0x46
	.byte 0x01, 0x44, 0x0E, 0x00, 0x60, 0x44, 0xE4, 0x60, 0x00, 0xFB, 0x09, 0x3E, 0x44, 0x44, 0xE6, 0x00
	.byte 0x02, 0x00, 0x44, 0x02, 0x1B, 0xFF, 0xD0, 0x01, 0xF0, 0xF3, 0xF0, 0x01, 0xF0, 0x01, 0xF0, 0x01
	.byte 0xF1, 0xEF, 0x12, 0x5D, 0x21, 0x0B, 0xD4, 0x12, 0x7B, 0x60, 0x01, 0x66, 0x00, 0xC0, 0x52, 0x00
	.byte 0xE8, 0x53, 0x63, 0xC0, 0x00, 0xC1, 0x01, 0x07, 0x44, 0x44, 0x46, 0x34, 0x46, 0x44, 0x13, 0x46
	.byte 0x44, 0x4E, 0x00, 0x01, 0x60, 0xEE, 0x01, 0xA7, 0x70, 0xE7, 0x79, 0x43, 0x20, 0xE7, 0x01, 0xC7
	.byte 0xB0, 0x01, 0x00, 0xE1, 0x44, 0xE4, 0x11, 0xCD, 0x50, 0xE0, 0x00, 0x03, 0x6E, 0x01, 0xC3, 0x66
	.byte 0x44, 0x44, 0x66, 0xA6, 0x00, 0x39, 0xEE, 0x01, 0x5B, 0x0E, 0x00, 0x14, 0x40, 0x00, 0xF9, 0x00
	.byte 0x41, 0x55, 0x00, 0x08, 0x66, 0x45, 0x0E, 0x00, 0xE6, 0x00, 0xF3, 0xFF, 0xF0, 0xE3, 0xF0, 0x01
	.byte 0xF0, 0x01, 0xF0, 0x01, 0xF0, 0x01, 0xF0, 0x01, 0xF0, 0x01, 0xE5, 0x00, 0xD4, 0xF1, 0x85, 0x80
	.byte 0x01, 0x56, 0x00, 0xDD, 0xE0, 0x00, 0xD5, 0x00, 0xE0, 0x00, 0x5E, 0xE5, 0x00, 0x60, 0x55, 0x55
	.byte 0x00, 0x60, 0x5F, 0x65, 0x00, 0x03, 0x54, 0x00, 0xCD, 0x34, 0xBC, 0x11, 0xDA, 0x12, 0xAB, 0x10
	.byte 0x44, 0xFF, 0x10, 0x10, 0xF0, 0xDB, 0xF0, 0x01, 0xF0, 0x01, 0xF0, 0x01, 0xF0, 0x01, 0xF0, 0x01
	.byte 0xF0, 0x01, 0xFF, 0xF0, 0x01, 0xF0, 0x01, 0xF0, 0x01, 0xF0, 0x01, 0xF0, 0x01, 0xF0, 0x01, 0xF0
	.byte 0x01, 0xF0, 0x01, 0xFC, 0xF0, 0x01, 0xF0, 0x01, 0xF0, 0x01, 0xF0, 0x01, 0xF0, 0x01, 0x50, 0x01

  .globl gMonPalette_Pikachu
gMonPalette_Pikachu:
  .incbin "build/graphics/pokemon/pikachu/normal_palette.gbapal.lz"
  .space 0x2, 0x00

  .globl gMonBackPic_Pikachu
gMonBackPic_Pikachu:
  .incbin "build/graphics/pokemon/pikachu/back.4bpp.lz"

  .globl gMonShinyPalette_Pikachu
gMonShinyPalette_Pikachu:
  .incbin "build/graphics/pokemon/pikachu/shiny_palette.gbapal.lz"
  .space 0x2, 0x00
	.globl gMonIcon_Pikachu
gMonIcon_Pikachu: @ 0x08C408F0 [025]
  .incbin "build/graphics/pokemon/pikachu/icon.4bpp"
	@ analyzed canonical ROM range 0x08C40CF0-0x08C410BB
sAnalyzedData_08C40CF0: @ 0x08C40CF0
	@ structured u8 payload; no safe higher-level semantic type was provable
	.byte 0x00, 0x00, 0x00, 0x00, 0x00, 0x00, 0x40, 0xC0, 0x00, 0x00, 0x00, 0x00, 0x00, 0x01, 0x05, 0x07
	.byte 0xC0, 0xC0, 0xC0, 0x80, 0x00, 0x00, 0x00, 0x00, 0x07, 0x07, 0x07, 0x03, 0x00, 0x00, 0x00, 0x00
	.byte 0x10, 0x00, 0x08, 0x00, 0x3E, 0x00, 0x00, 0xF0, 0x01, 0xF0, 0x01, 0xF0, 0x01, 0xF0, 0x01, 0x50
	.byte 0x01, 0x0A, 0x15, 0x00, 0x00, 0xA0, 0x00, 0x03, 0x6A, 0x00, 0x03, 0x68, 0x00, 0x03, 0xDC, 0xF0
	.byte 0x01, 0x60, 0x01, 0x0C, 0xF0, 0x12, 0xF0, 0x01, 0xE0, 0x01, 0xCC, 0x00, 0x00, 0x00, 0xC0, 0xE9
	.byte 0x00, 0x00, 0x9C, 0xEB, 0x00, 0x1F, 0xC0, 0xC9, 0xE8, 0xF0, 0x1E, 0xF0, 0x01, 0xF0, 0x01, 0xF0
	.byte 0x01, 0xF0, 0x01, 0xD8, 0xF0, 0x01, 0x50, 0x01, 0xA0, 0x10, 0x03, 0x00, 0x04, 0x80, 0x80, 0x0A
	.byte 0x00, 0x00, 0x6A, 0xA0, 0x86, 0x00, 0xC0, 0x80, 0xA6, 0x00, 0x00, 0xC0, 0x6A, 0xA6, 0x00, 0x9C
	.byte 0x68, 0x08, 0x00, 0x00, 0x9C, 0x66, 0x0A, 0xA0, 0x99, 0x76, 0x0A, 0x66, 0xC0, 0x20, 0x03, 0x00
	.byte 0x1A, 0x99, 0x0E, 0x00, 0x2C, 0xD0, 0x03, 0xEA, 0xD4, 0x80, 0x03, 0x40, 0x01, 0xC0, 0x00, 0x03
	.byte 0x9C, 0x30, 0x03, 0xC0, 0xA9, 0x80, 0x30, 0x03, 0xAB, 0xAA, 0x00, 0x00, 0xAE, 0xCA, 0x9C, 0x00
	.byte 0xCA, 0xE8, 0x00, 0xA9, 0x8C, 0x0C, 0x00, 0xAA, 0x90, 0x00, 0x03, 0xCA, 0x88, 0x00, 0x03, 0xC7
	.byte 0x00, 0x00, 0x8C, 0x9F, 0x40, 0x03, 0x78, 0xA7, 0xF0, 0x9C, 0xF0, 0x01, 0xF0, 0x01, 0xF0, 0x01
	.byte 0xF0, 0x01, 0xC0, 0x50, 0x01, 0x00, 0xDB, 0x6A, 0x80, 0x66, 0x0A, 0x68, 0x6A, 0x00, 0x66, 0xA6
	.byte 0x67, 0x6A, 0x66, 0x66, 0x77, 0x6A, 0x2B, 0x76, 0x77, 0x30, 0x03, 0x77, 0x30, 0x03, 0xA7, 0x00
	.byte 0xAB, 0x90, 0x03, 0x6A, 0x08, 0x00, 0xB8, 0x01, 0xF5, 0xAE, 0x00, 0x03, 0xE0, 0x11, 0xFD, 0xBA
	.byte 0x80, 0x00, 0xF0, 0xBA, 0x0E, 0xC0, 0x5C, 0xBA, 0xCB, 0x24, 0x00, 0x22, 0xBB, 0x4B, 0x22, 0x22
	.byte 0xBB, 0x24, 0x22, 0x08, 0x33, 0x4B, 0x22, 0x32, 0x00, 0x03, 0x33, 0x33, 0x25, 0x00, 0x32, 0x33
	.byte 0x33, 0xCC, 0xCC, 0xAE, 0xCA, 0x22, 0x00, 0x32, 0xBE, 0xCA, 0x32, 0x33, 0xBE, 0xBB, 0x33, 0x20
	.byte 0x33, 0xE4, 0x00, 0x03, 0x43, 0xEE, 0x33, 0x33, 0x33, 0x00, 0x44, 0x33, 0xED, 0x33, 0x43, 0xD3
	.byte 0xD1, 0x3E, 0x00, 0x43, 0x78, 0x87, 0xCA, 0x0C, 0x78, 0x77, 0x0E, 0x00, 0xC0, 0x8C, 0xE7, 0x00
	.byte 0xA0, 0xEB, 0x0E, 0x00, 0x00, 0x0A, 0x4E, 0xE4, 0x00, 0x00, 0x44, 0x44, 0x0E, 0xBF, 0x00, 0x03
	.byte 0x0C, 0x00, 0x03, 0x00, 0x0C, 0xF0, 0x01, 0xF0, 0x01, 0xF0, 0x01, 0xF0, 0x01, 0xC5, 0xF0, 0x01
	.byte 0x20, 0x01, 0x6A, 0x77, 0x7A, 0x00, 0xE7, 0xAA, 0x00, 0x03, 0x20, 0x0A, 0x7A, 0x00, 0x03, 0xA0
	.byte 0x80, 0x77, 0x0A, 0x00, 0x76, 0xA0, 0x80, 0x03, 0x10, 0xE3, 0xC0, 0x03, 0x50, 0x00, 0x06, 0x50
	.byte 0x03, 0x00, 0xA0, 0x10, 0xE3, 0xD5, 0x00, 0xD0, 0x1D, 0x3E, 0x33, 0x33, 0xEE, 0xA0, 0x00, 0x03
	.byte 0xE2, 0x00, 0x01, 0x36, 0x33, 0x23, 0x33, 0x46, 0x00, 0x53, 0xC2, 0xCC, 0x4E, 0x33, 0x55, 0xFF
	.byte 0xE3, 0x01, 0xED, 0x3E, 0x74, 0x33, 0xEE, 0x43, 0x67, 0x00, 0xF7, 0xA0, 0x10, 0x03, 0x77, 0x00
	.byte 0x2A, 0x74, 0x3C, 0xC3, 0xCC, 0xCC, 0x00, 0x3C, 0x9C, 0x99, 0x99, 0x35, 0xAE, 0xAA, 0xAA, 0x48
	.byte 0x77, 0x00, 0xE8, 0x76, 0x47, 0x20, 0x03, 0xE9, 0x77, 0x47, 0x30, 0x44, 0x94, 0x00, 0x0F, 0x20
	.byte 0x01, 0x5B, 0x45, 0x44, 0x44, 0x0E, 0x29, 0x52, 0x45, 0x44, 0x90, 0xAB, 0x12, 0x5B, 0x03, 0x19
	.byte 0x00, 0x57, 0x94, 0x00, 0x08, 0x44, 0x00, 0x08, 0x44, 0x10, 0x08, 0xF0, 0x01, 0xF0, 0x01, 0xD5
	.byte 0xF0, 0x01, 0x70, 0x01, 0x78, 0x00, 0xD1, 0x7A, 0x01, 0xD5, 0x80, 0x02, 0x6C, 0x48, 0xA0, 0x40
	.byte 0x03, 0x00, 0xA8, 0x00, 0x03, 0x8B, 0x0B, 0x00, 0x3A, 0x00, 0xB0, 0x00, 0x03, 0xF0, 0x01, 0x90
	.byte 0x01, 0xE0, 0x01, 0xE2, 0x00, 0x00, 0xCC, 0x3C, 0x33, 0xC0, 0xA9, 0xCA, 0x33, 0x9C, 0x00, 0xAA
	.byte 0xEA, 0x33, 0xAC, 0xAA, 0xEA, 0x73, 0x2E, 0x00, 0xA9, 0x3E, 0x17, 0xE0, 0x43, 0x54, 0x11, 0x00
	.byte 0x08, 0xE5, 0x5E, 0x11, 0x33, 0x00, 0xE3, 0x33, 0xE4, 0xAA, 0x40, 0x9A, 0x01, 0xF6, 0x9E, 0x77
	.byte 0x77, 0x37, 0xE3, 0x11, 0x0E, 0x11, 0x71, 0x37, 0x11, 0x00, 0x04, 0x00, 0x03, 0x20, 0x01, 0x29
	.byte 0x12, 0x22, 0x44, 0x44, 0x02, 0x0E, 0x44, 0x34, 0x00, 0x03, 0x4C, 0xC0, 0x40, 0xFB, 0x00, 0x0A
	.byte 0x44, 0x37, 0x33, 0x43, 0x44, 0x71, 0x70, 0x34, 0x10, 0x19, 0x32, 0x07, 0x30, 0x03, 0xBA, 0x0C
	.byte 0x44, 0xA4, 0x00, 0xAA, 0x0E, 0x44, 0xAA, 0xBA, 0x0E, 0xA4, 0xAA, 0x03, 0x4B, 0xC4, 0x43, 0x44
	.byte 0x44, 0xEB, 0xF0, 0x91, 0xF0, 0x01, 0xEB, 0xF0, 0x01, 0x90, 0x01, 0x20, 0xE3, 0xBB, 0x00, 0x03
	.byte 0xBE, 0x10, 0xCE, 0xF0, 0x1F, 0xF9, 0x70, 0x01, 0x10, 0x28, 0x20, 0x24, 0x60, 0x08, 0x10, 0x04
	.byte 0x50, 0x11, 0x30, 0x03, 0x40, 0x4E, 0x00, 0x03, 0x35, 0x11, 0x00, 0x50, 0x33, 0x14, 0x20, 0x00
	.byte 0xC0, 0x10, 0x03, 0x32, 0x43, 0x00, 0x50, 0x32, 0x60, 0x33, 0x50, 0xE7, 0xF0, 0x01, 0x11, 0x11
	.byte 0x14, 0x11, 0x11, 0x40, 0x61, 0x10, 0xE3, 0x41, 0x33, 0x22, 0x33, 0x51, 0x23, 0x20, 0x22, 0x32
	.byte 0x00, 0x03, 0x23, 0x51, 0x33, 0x32, 0x32, 0x00, 0x61, 0x35, 0x23, 0x33, 0x61, 0x35, 0x33, 0x33
	.byte 0x20, 0x66, 0x56, 0x13, 0x29, 0xA4, 0xEB, 0x33, 0x43, 0xAA, 0x00, 0xEB, 0x33, 0xA3, 0xBA, 0xEB
	.byte 0x33, 0xBA, 0x4B, 0x50, 0xE4, 0x00, 0x10, 0x0C, 0x00, 0x03, 0x0E, 0x33, 0x43, 0xC4, 0x3F, 0x00
	.byte 0x33, 0xF3, 0x1F, 0xF0, 0x01, 0xF0, 0x01, 0xF0, 0x01, 0xF0, 0x01, 0x91, 0xE1, 0xB8, 0x10, 0xED
	.byte 0xEE, 0xF0, 0x17, 0x21, 0x2B, 0x00, 0x03, 0x25, 0x33, 0x0B, 0x00, 0x00, 0x2E, 0x32, 0xBE, 0x0B
	.byte 0xE0, 0x32, 0x00, 0x00, 0xBB, 0xCB, 0x35, 0xE0, 0xEE, 0x3C, 0xAC, 0xAE, 0x40, 0x9A, 0x03, 0x0B
	.byte 0xAA, 0x39, 0x43, 0xAA, 0xAA, 0xAA, 0x01, 0xE9, 0x43, 0x62, 0x66, 0x66, 0x33, 0x44, 0x00, 0x03
	.byte 0x02, 0x33, 0x44, 0xE5, 0x33, 0x33, 0x54, 0x13, 0xDB, 0xEB, 0x06, 0x44, 0xEB, 0xEC, 0x0E, 0x44
	.byte 0x00, 0x51, 0x10, 0x54, 0x66, 0x00, 0x86, 0x55, 0x33, 0x86, 0x88, 0x88, 0x35, 0xEE, 0x15, 0xEE
	.byte 0x0E, 0xB0, 0x03, 0xFF, 0xB0, 0x02, 0xD1, 0x3C, 0x00, 0x16, 0x94, 0x00, 0x03, 0xB0, 0x39, 0x05
	.byte 0x27, 0x9A, 0x00, 0xEA, 0x00, 0x33, 0xEC, 0x00, 0xE6, 0x20, 0x03, 0x02, 0x0B, 0x43, 0x00, 0x0F
	.byte 0x20, 0x03, 0xB9, 0x0E, 0x3F, 0x00, 0xA9, 0x85, 0x60, 0xF0, 0x01, 0xF0, 0x01, 0xF0, 0x01, 0xF0
	.byte 0x01, 0xF0, 0x01, 0xDF, 0xF0, 0x01, 0x90, 0x01, 0xEE, 0x00, 0xB8, 0xF0, 0x15, 0xF0, 0x01, 0xF0
	.byte 0x01, 0x50, 0x01, 0x2D, 0xBC, 0xAB, 0x00, 0x03, 0xAE, 0x42, 0x4C, 0xE1, 0x67, 0xBA, 0x00, 0xE3
	.byte 0x7C, 0xEA, 0x02, 0xE5, 0x01, 0x1B, 0xF0, 0x1C, 0xF0, 0x01, 0xE0, 0x01

  .globl gMonPalette_Raichu
gMonPalette_Raichu:
  .incbin "build/graphics/pokemon/raichu/normal_palette.gbapal.lz"

  .globl gMonBackPic_Raichu
gMonBackPic_Raichu:
  .incbin "build/graphics/pokemon/raichu/back.4bpp.lz"

  .globl gMonShinyPalette_Raichu
gMonShinyPalette_Raichu:
  .incbin "build/graphics/pokemon/raichu/shiny_palette.gbapal.lz"

	.globl gMonIcon_Raichu
gMonIcon_Raichu: @ 0x08C4142C [026]
  .incbin "build/graphics/pokemon/raichu/icon.4bpp"
	@ analyzed canonical ROM range 0x08C4182C-0x08C41B0B
sAnalyzedData_08C4182C: @ 0x08C4182C
	@ structured u8 payload; no safe higher-level semantic type was provable
	.byte 0x00, 0x00, 0x00, 0x80, 0xC0, 0xE0, 0xE0, 0xE0, 0x00, 0x00, 0x00, 0x03, 0x07, 0x0F, 0x0F, 0x0F
	.byte 0xE0, 0xC0, 0xC0, 0xC0, 0xC0, 0x80, 0x00, 0x00, 0x0F, 0x07, 0x07, 0x07, 0x07, 0x03, 0x00, 0x00
	.byte 0x10, 0x00, 0x08, 0x00, 0x3F, 0x00, 0x00, 0xF0, 0x01, 0xF0, 0x01, 0xF0, 0x01, 0xF0, 0x01, 0xF0
	.byte 0x01, 0xF0, 0x01, 0xFF, 0xF0, 0x01, 0xF0, 0x01, 0xF0, 0x01, 0xF0, 0x01, 0xF0, 0x01, 0xF0, 0x01
	.byte 0xF0, 0x01, 0xF0, 0x01, 0xFE, 0xF0, 0x01, 0xF0, 0x01, 0xF0, 0x01, 0xF0, 0x01, 0xF0, 0x01, 0xF0
	.byte 0x01, 0xE0, 0x01, 0x60, 0xB5, 0x00, 0x02, 0x36, 0xF0, 0x16, 0x30, 0x01, 0x06, 0x00, 0x03, 0xF6
	.byte 0xF0, 0x16, 0xFF, 0xF0, 0x01, 0xF0, 0x01, 0xF0, 0x01, 0xF0, 0x01, 0xF0, 0x01, 0xF0, 0x01, 0xF0
	.byte 0x01, 0x60, 0xB7, 0xC0, 0x20, 0x03, 0xD0, 0x16, 0xFF, 0x66, 0xFF, 0x3F, 0x53, 0x33, 0x00, 0x46
	.byte 0x33, 0x53, 0x46, 0x34, 0x33, 0x55, 0x65, 0x00, 0x34, 0x55, 0x33, 0x65, 0x54, 0x53, 0x33, 0x00
	.byte 0x00, 0x00, 0x36, 0x63, 0xF6, 0x6F, 0x33, 0xC6, 0x33, 0x00, 0x43, 0x44, 0xC6, 0x33, 0x33, 0x33
	.byte 0x43, 0x53, 0x00, 0x55, 0x55, 0x33, 0x45, 0x34, 0x35, 0x55, 0x33, 0x15, 0x33, 0x35, 0x43, 0x10
	.byte 0x03, 0xF3, 0x00, 0x39, 0xF4, 0x40, 0x03, 0x41, 0x64, 0x00, 0x03, 0x54, 0x0F, 0x00, 0x00, 0x44
	.byte 0x00, 0xFC, 0x4F, 0x45, 0x00, 0x10, 0x44, 0x65, 0xF0, 0x65, 0xF0, 0x01, 0xF0, 0x01, 0xF0, 0x01
	.byte 0xF2, 0xF0, 0x01, 0xF0, 0x01, 0xF0, 0x01, 0xF0, 0x01, 0xE0, 0x0E, 0x00, 0x03, 0xE1, 0x01, 0x00
	.byte 0x00, 0xD0, 0xE6, 0x00, 0x00, 0xEE, 0x00, 0xDB, 0x08, 0x1E, 0x34, 0x50, 0x55, 0x00, 0xE3, 0x5F
	.byte 0x33, 0x45, 0x40, 0x00, 0x00, 0xFA, 0x00, 0x3F, 0xFF, 0x33, 0xEE, 0xFF, 0x00, 0xCE, 0x3F, 0xE1
	.byte 0xF5, 0xCF, 0xEC, 0x5E, 0xF3, 0x00, 0xFF, 0xEE, 0x43, 0x45, 0xFF, 0xFF, 0x33, 0x55, 0x00, 0x55
	.byte 0xFF, 0x55, 0x33, 0xF3, 0xFD, 0x53, 0x33, 0x20, 0xF3, 0xCC, 0x10, 0x03, 0x43, 0x33, 0xE3, 0xFD
	.byte 0x54, 0x80, 0x00, 0x13, 0x35, 0x33, 0x43, 0xB6, 0x33, 0x33, 0x64, 0x24, 0xBC, 0x4F, 0x00, 0xF0
	.byte 0xFF, 0x44, 0x10, 0x03, 0x06, 0x00, 0x04, 0xFF, 0xEB, 0xF4, 0x00, 0xBF, 0x00, 0x03, 0xBB, 0x5E
	.byte 0x87, 0x00, 0x03, 0x4E, 0xF4, 0x00, 0xEB, 0xF1, 0x00, 0xF1, 0x8B, 0xF0, 0x13, 0x2B, 0x00, 0x60
	.byte 0x01, 0x43, 0x36, 0x00, 0x03, 0x35, 0x00, 0x03, 0xF0, 0x01, 0xEA, 0xF0, 0x01, 0xF0, 0x01, 0xA0
	.byte 0xF3, 0x34, 0x00, 0x04, 0x56, 0x00, 0x03, 0xF0, 0x80, 0xF0, 0x1B, 0x00, 0x00, 0x53, 0x33, 0xF4
	.byte 0xCC, 0x35, 0x00, 0x35, 0x45, 0xEE, 0x33, 0x53, 0x33, 0x4F, 0x3F, 0x08, 0x35, 0x33, 0x35, 0xF0
	.byte 0x00, 0x08, 0x00, 0x6F, 0x36, 0x00, 0x34, 0x00, 0xF0, 0x34, 0xC4, 0x00, 0x46, 0x43, 0x00, 0x64
	.byte 0x44, 0x44, 0xC6, 0xBB, 0x11, 0x55, 0xBC, 0x00, 0xFB, 0xEE, 0xBC, 0xFB, 0xAE, 0xCC, 0xFF, 0xCE
	.byte 0x00, 0x5C, 0xCC, 0xCC, 0xCC, 0x55, 0xCC, 0xCC, 0xEC, 0x00, 0xC5, 0xCC, 0xCC, 0x1D, 0x35, 0xCC
	.byte 0xCC, 0xEE, 0x00, 0x35, 0x4F, 0x56, 0x55, 0x0F, 0x6A, 0x33, 0x54, 0x00, 0x0F, 0x56, 0x33, 0x44
	.byte 0x0F, 0x3C, 0x35, 0x44, 0x00, 0x0F, 0x33, 0x53, 0x64, 0x66, 0x35, 0x45, 0x66, 0x00, 0x3F, 0x53
	.byte 0x44, 0x46, 0xFF, 0x54, 0x64, 0x4B, 0x08, 0x4F, 0x00, 0x00, 0x50, 0x03, 0x23, 0x66, 0x63, 0x00
	.byte 0x00, 0x66, 0x35, 0x43, 0x66, 0x33, 0x64, 0x44, 0x33, 0x10, 0x45, 0x44, 0x46, 0x00, 0x06, 0x64
	.byte 0x44, 0x46, 0x46, 0x01, 0xF4, 0x6F, 0x44, 0x46, 0x0F, 0x63, 0x05, 0x32, 0x3B, 0xFF, 0x13, 0x2B
	.byte 0x10, 0xEE, 0xF0, 0xF2, 0xF0, 0x01, 0xF0, 0x01, 0xF0, 0x01, 0xF0, 0x01, 0xF0, 0x01, 0x80, 0x21
	.byte 0x6B, 0x33, 0x3E, 0x4E, 0x60, 0xE4, 0xD1, 0xF1, 0x00, 0x46, 0xE3, 0xEC, 0xF1, 0x36, 0xE3, 0xED
	.byte 0xDD, 0x04, 0x36, 0x36, 0x43, 0x44, 0x35, 0x00, 0x03, 0x50, 0x3F, 0x10, 0x33, 0x44, 0x00, 0x00
	.byte 0x03, 0xC6, 0xCC, 0xEC, 0x6C, 0x00, 0xC4, 0xCC, 0xEC, 0xBE, 0x53, 0xCC, 0xCC, 0xED, 0x00, 0x53
	.byte 0xCC, 0xBC, 0xBB, 0x56, 0xBB, 0xBB, 0xBB, 0x40, 0x5F, 0x20, 0x03, 0xAA, 0xAA, 0x6F, 0xAA, 0xAA
	.byte 0xAA, 0x00, 0x44, 0xB6, 0x4B, 0x4F, 0x66, 0xBB, 0x4B, 0xE4, 0x42, 0xBE, 0x00, 0x03, 0xBB, 0xBB
	.byte 0x4A, 0x4F, 0x00, 0x03, 0x46, 0x00, 0xBB, 0xAB, 0x64, 0x54, 0xAA, 0x5B, 0xF5, 0x54, 0x00, 0xAA
	.byte 0x5E, 0xF5, 0x55, 0xF5, 0x4F, 0xF6, 0x00, 0x00, 0xF1, 0xF1, 0x0F, 0x00, 0xFB, 0xFB, 0x00, 0x00
	.byte 0x77, 0x55, 0x00, 0xDC, 0x10, 0x03, 0x12, 0x15, 0xF5, 0xF0, 0xEB, 0xF0, 0x01, 0xF0, 0x01, 0xF9
	.byte 0xF0, 0x01, 0xF0, 0x01, 0xF0, 0x01, 0xF0, 0x01, 0x70, 0x01, 0xF0, 0x44, 0x01, 0x7E, 0x31, 0xFF
	.byte 0x6F, 0xF0, 0x18, 0x44, 0xC7, 0xEE, 0xFF, 0xFF, 0xF0, 0x15, 0x8F, 0x70, 0x01, 0xEF, 0xF0, 0x6F
	.byte 0xF0, 0x1F, 0xF0, 0x01, 0xF0, 0x01, 0xF0, 0x01, 0xFF, 0xF0, 0x01, 0xF0, 0x01, 0xF0, 0x01, 0xF0
	.byte 0x01, 0xF0, 0x01, 0xF0, 0x01, 0xF0, 0x01, 0xF0, 0x01, 0xFF, 0xF0, 0x01, 0xF0, 0x01, 0xF0, 0x01
	.byte 0xF0, 0x01, 0xF0, 0x01, 0xF0, 0x01, 0xF0, 0x01, 0xF0, 0x01, 0xC0, 0xF0, 0x01, 0x00, 0x01, 0x00

  .globl gMonPalette_Sandshrew
gMonPalette_Sandshrew:
  .incbin "build/graphics/pokemon/sandshrew/normal_palette.gbapal.lz"
  .space 0x2, 0x00

  .globl gMonBackPic_Sandshrew
gMonBackPic_Sandshrew:
  .incbin "build/graphics/pokemon/sandshrew/back.4bpp.lz"

  .globl gMonShinyPalette_Sandshrew
gMonShinyPalette_Sandshrew:
  .incbin "build/graphics/pokemon/sandshrew/shiny_palette.gbapal.lz"
  .space 0x2, 0x00
	.globl gMonIcon_Sandshrew
gMonIcon_Sandshrew: @ 0x08C41E84 [027]
  .incbin "build/graphics/pokemon/sandshrew/icon.4bpp"
	@ analyzed canonical ROM range 0x08C42284-0x08C4268F
sAnalyzedData_08C42284: @ 0x08C42284
	@ structured u8 payload; no safe higher-level semantic type was provable
	.byte 0x00, 0x00, 0x00, 0x00, 0x80, 0xC0, 0xC0, 0xE0, 0x00, 0x00, 0x00, 0x00, 0x02, 0x06, 0x07, 0x0F
	.byte 0xE0, 0xE0, 0xC0, 0xC0, 0x80, 0x00, 0x00, 0x00, 0x0F, 0x0F, 0x07, 0x07, 0x03, 0x00, 0x00, 0x00
	.byte 0x10, 0x00, 0x08, 0x00, 0x3F, 0x00, 0x00, 0xF0, 0x01, 0xF0, 0x01, 0xF0, 0x01, 0xF0, 0x01, 0xF0
	.byte 0x01, 0xF0, 0x01, 0xFF, 0xF0, 0x01, 0xF0, 0x01, 0xF0, 0x01, 0xF0, 0x01, 0xF0, 0x01, 0xF0, 0x01
	.byte 0xF0, 0x01, 0xF0, 0x01, 0xF2, 0xF0, 0x01, 0xF0, 0x01, 0xF0, 0x01, 0x60, 0x01, 0xD0, 0xDD, 0x50
	.byte 0x09, 0xEE, 0xAB, 0x00, 0x03, 0xBC, 0x00, 0x03, 0xAC, 0x80, 0x03, 0xC0, 0x40, 0x03, 0x10, 0x01
	.byte 0x02, 0xEB, 0x0E, 0x00, 0x00, 0xAB, 0xEB, 0x00, 0x03, 0xBB, 0x00, 0x0E, 0x00, 0xAB, 0xBA, 0xEB
	.byte 0x00, 0xAB, 0xAA, 0x03, 0xBB, 0x0E, 0xBC, 0xAA, 0xBB, 0xEB, 0x10, 0x33, 0x20, 0x01, 0xA8, 0x00
	.byte 0x1F, 0x00, 0x00, 0x1F, 0xDD, 0x00, 0x1F, 0xAD, 0xBB, 0x0D, 0xA2, 0x00, 0x03, 0xEC, 0x00, 0x03
	.byte 0xDC, 0x00, 0xAD, 0xD0, 0x72, 0x0D, 0xC9, 0x00, 0x53, 0x00, 0x03, 0xAC, 0xDA, 0x20, 0x03, 0xC0
	.byte 0xBA, 0xF0, 0x94, 0xFC, 0x30, 0x4B, 0x50, 0x03, 0xF0, 0x01, 0xF0, 0x01, 0xF0, 0x01, 0x80, 0x01
	.byte 0xC0, 0xBA, 0x99, 0x00, 0xE4, 0xAC, 0xBB, 0x00, 0x03, 0x00, 0x6B, 0xC0, 0xAA, 0x30, 0x03, 0xB4
	.byte 0x20, 0xDF, 0xB0, 0x11, 0x01, 0x10, 0x21, 0xED, 0x00, 0x04, 0xCB, 0xED, 0x04, 0x00, 0xD0, 0xBB
	.byte 0xCC, 0x0E, 0x00, 0x03, 0xEC, 0xD0, 0x05, 0xBA, 0xCB, 0xCC, 0xDE, 0xAA, 0x00, 0x08, 0xAB, 0x00
	.byte 0x08, 0x00, 0xAA, 0xBA, 0xBB, 0xBE, 0xAC, 0xBA, 0xBB, 0xEB, 0x00, 0xAD, 0xAA, 0xBB, 0xBB, 0xDA
	.byte 0xAD, 0xBB, 0xBB, 0x00, 0xBA, 0xDB, 0xBE, 0xBB, 0xAC, 0xBB, 0xDB, 0xBE, 0x50, 0xAD, 0x00, 0x13
	.byte 0xDC, 0x00, 0x13, 0xBB, 0xCC, 0x0D, 0xAD, 0x00, 0xBB, 0xCB, 0xDC, 0xAE, 0xBB, 0xCB, 0x3D, 0xEE
	.byte 0x08, 0xCB, 0xCC, 0x2D, 0xE3, 0x00, 0x03, 0x33, 0xCC, 0xCC, 0x20, 0x2D, 0x32, 0x10, 0x03, 0xEE
	.byte 0xCC, 0x2D, 0x22, 0xBA, 0x01, 0x0D, 0xC0, 0xBA, 0xBB, 0x0D, 0xAC, 0xBB, 0x10, 0x03, 0x00, 0xCB
	.byte 0xDC, 0xBD, 0xBB, 0xCE, 0xDC, 0xEB, 0xCB, 0x02, 0xCE, 0xBD, 0xEB, 0xCC, 0xE3, 0xBB, 0x00, 0x03
	.byte 0xBA, 0x2A, 0xEB, 0xDC, 0x10, 0xE3, 0xDB, 0x00, 0x03, 0xEC, 0xF0, 0x03, 0x00, 0x78, 0xCE, 0xF1
	.byte 0x00, 0xF0, 0x01, 0xF0, 0x01, 0xA0, 0x01, 0xDD, 0xDD, 0xDD, 0x00, 0x00, 0xAE, 0xAA, 0xBA, 0xDD
	.byte 0xE0, 0xAA, 0xAA, 0x00, 0xBA, 0x00, 0xBE, 0xBB, 0xBB, 0x00, 0xE0, 0xBC, 0x81, 0x01, 0x0B, 0xCE
	.byte 0xCC, 0x00, 0x00, 0xE0, 0xCC, 0x01, 0xFF, 0x40, 0xEE, 0x00, 0xC7, 0xCC, 0xBD, 0xAA, 0xBB, 0xCB
	.byte 0xDB, 0x09, 0xAB, 0xBA, 0xBB, 0xCB, 0x00, 0xDF, 0xCC, 0xDC, 0x00, 0x31, 0x0A, 0xAD, 0xAA, 0xAA
	.byte 0xAD, 0x00, 0xF8, 0xEE, 0x00, 0x12, 0xDC, 0xB0, 0x00, 0x07, 0xCC, 0x00, 0xFC, 0x20, 0x24, 0xDC
	.byte 0xBB, 0xBB, 0xDD, 0x01, 0xDD, 0xCD, 0xBB, 0xBA, 0xBB, 0xDB, 0xCC, 0x10, 0x09, 0x20, 0xDD, 0xDD
	.byte 0x00, 0xFF, 0xCE, 0x3D, 0x22, 0xBB, 0xDB, 0x80, 0x10, 0x03, 0xD4, 0x22, 0xBB, 0x4D, 0x22, 0x2D
	.byte 0xDC, 0x00, 0x24, 0x22, 0x22, 0xDC, 0x24, 0xE9, 0x2E, 0xDD, 0x00, 0x24, 0x69, 0xE8, 0xDB, 0x64
	.byte 0x69, 0xE8, 0xE3, 0x00, 0xAA, 0xEB, 0x3D, 0x33, 0xAA, 0xDD, 0x32, 0x32, 0x00, 0xDA, 0x22, 0x32
	.byte 0x32, 0x2D, 0x22, 0xE3, 0x22, 0x00, 0x22, 0x22, 0xD3, 0x22, 0x22, 0x32, 0xAE, 0x22, 0x00, 0x22
	.byte 0x33, 0x3D, 0x22, 0x32, 0xED, 0x33, 0xCE, 0xAC, 0x01, 0x7C, 0xDE, 0x02, 0x38, 0xBE, 0x00, 0x03
	.byte 0x02, 0x57, 0x00, 0xAA, 0x00, 0xEB, 0xDD, 0xEE, 0xAA, 0xED, 0x34, 0xE4, 0xAA, 0x03, 0x3E, 0x43
	.byte 0x0D, 0xD3, 0x33, 0x44, 0xF1, 0x01, 0xF0, 0x01, 0xF8, 0x22, 0xC9, 0xF0, 0x12, 0x40, 0xFF, 0x00
	.byte 0xCB, 0x00, 0xFA, 0xBB, 0xEE, 0xBB, 0x02, 0xBB, 0xCB, 0x00, 0xEE, 0xCC, 0xDC, 0x02, 0xEA, 0xBE
	.byte 0x00, 0x00, 0xD0, 0xBD, 0xBB, 0x00, 0xBD, 0xBB, 0xCC, 0x00, 0x00, 0xED, 0xEE, 0xEE, 0xCB, 0xEE
	.byte 0xBB, 0xCC, 0x20, 0xCB, 0xDC, 0x00, 0x18, 0xBD, 0xCB, 0xEE, 0xBD, 0xBB, 0x42, 0xDC, 0x01, 0xCB
	.byte 0xAE, 0xBA, 0xCC, 0xEC, 0x00, 0x2F, 0xBE, 0x01, 0xCB, 0x99, 0x33, 0xEE, 0xDE, 0x68, 0xAE, 0x00
	.byte 0x3D, 0x50, 0xEE, 0x00, 0x3F, 0xCE, 0x00, 0x40, 0xBB, 0xDB, 0xEE, 0xEE, 0x00, 0xDB, 0x3D, 0x33
	.byte 0x25, 0x38, 0x12, 0x11, 0x53, 0x00, 0x27, 0x22, 0x22, 0x53, 0x38, 0x33, 0x33, 0xD3, 0x00, 0xCB
	.byte 0x6D, 0xE9, 0xEE, 0xBB, 0x6C, 0x93, 0x5E, 0x00, 0xBB, 0xDB, 0x66, 0x2E, 0xCD, 0x77, 0x68, 0x22
	.byte 0x40, 0x21, 0x00, 0x03, 0x33, 0x75, 0x68, 0x26, 0x33, 0x75, 0x02, 0x87, 0x66, 0xEE, 0x66, 0x77
	.byte 0x99, 0x00, 0xE7, 0x33, 0x80, 0x20, 0x03, 0x32, 0xEE, 0x3E, 0x22, 0xE3, 0x86, 0x4E, 0x00, 0x32
	.byte 0xE5, 0xEE, 0x5E, 0x33, 0x33, 0x55, 0x00, 0x50, 0x96, 0x03, 0x71, 0x79, 0x00, 0xDD, 0x33, 0x43
	.byte 0xD4, 0x00, 0x0F, 0x43, 0xD4, 0x0E, 0x00, 0x00, 0x02, 0x13, 0x1B, 0xF0, 0x01, 0xF0, 0x01, 0xE0
	.byte 0xF0, 0x01, 0xF0, 0x01, 0x81, 0x19, 0x34, 0xD3, 0x00, 0x4E, 0x33, 0x00, 0x25, 0x00, 0x25, 0x33
	.byte 0x25, 0xE0, 0x22, 0x33, 0x40, 0x2E, 0x10, 0x03, 0x50, 0x32, 0x33, 0x2E, 0x25, 0x32, 0x00, 0xE3
	.byte 0x55, 0x25, 0x33, 0x0E, 0xE0, 0x32, 0x33, 0x00, 0x84, 0x66, 0x22, 0x33, 0x83, 0x96, 0x22, 0x32
	.byte 0x00, 0x68, 0x69, 0x22, 0x32, 0x98, 0x76, 0x22, 0x32, 0x03, 0xE9, 0xEE, 0x22, 0x32, 0x33, 0x44
	.byte 0x00, 0xB3, 0x00, 0x03, 0x00, 0x32, 0x43, 0x99, 0x99, 0x33, 0x8E, 0x66, 0x87, 0x00, 0xEE, 0x77
	.byte 0x76, 0xE9, 0x67, 0x66, 0xE9, 0x75, 0x08, 0x77, 0x77, 0x44, 0x7E, 0x10, 0x03, 0x87, 0x99, 0x44
	.byte 0x00, 0x9E, 0x49, 0x44, 0xE4, 0x50, 0x44, 0x84, 0x67, 0x01, 0x66, 0x76, 0x77, 0x66, 0x66, 0x77
	.byte 0x77, 0x00, 0x02, 0x40, 0x98, 0x00, 0x02, 0x4E, 0x87, 0x99, 0x00, 0x4E, 0xD9, 0x00, 0x0D, 0x00
	.byte 0xE0, 0x88, 0x98, 0x09, 0xE0, 0x78, 0x0A, 0x87, 0x98, 0x00, 0xE7, 0x00, 0x82, 0x59, 0x00, 0x03
	.byte 0x54, 0x81, 0x00, 0x03, 0xE4, 0x05, 0x00, 0x00, 0x44, 0xE4, 0x00, 0x03, 0x00, 0x55, 0x0E, 0x00
	.byte 0x44, 0x88, 0x98, 0x0E, 0x8E, 0x1F, 0x88, 0x77, 0x99, 0xF0, 0xB0, 0xF0, 0x01, 0xF0, 0x01, 0xF0
	.byte 0x01, 0xF0, 0x01, 0x9F, 0x30, 0x01, 0x2E, 0xE3, 0x00, 0x03, 0x01, 0x5B, 0x14, 0xE0, 0xF0, 0x01
	.byte 0x00, 0x1B, 0x00, 0x22, 0x33, 0x54, 0xE0, 0x22, 0x44, 0x45, 0x3E, 0x00, 0x22, 0x42, 0x44, 0x3E
	.byte 0x23, 0x32, 0x43, 0xE0, 0x02, 0x3E, 0x33, 0x43, 0x00, 0x50, 0xEE, 0x60, 0x2E, 0x5E, 0x00, 0x00
	.byte 0xE5, 0xEE, 0x44, 0x95, 0x00, 0x00, 0x84, 0x00, 0x78, 0x97, 0x00, 0x64, 0x86, 0x78, 0x0E, 0x66
	.byte 0x00, 0x66, 0x86, 0xE8, 0x76, 0x77, 0x77, 0x87, 0xE9, 0x43, 0xEE, 0x30, 0x23, 0x88, 0x78, 0x77
	.byte 0x0E, 0x00, 0x0B, 0xA2, 0xA7, 0x81, 0x94, 0xBB, 0xD0, 0x8D, 0x88, 0x77, 0x00, 0xE8, 0x70, 0x4F
	.byte 0xFF, 0xF4, 0xEB, 0xF4, 0xE7, 0xF0, 0x01, 0xF0, 0x01, 0xF0, 0x01, 0xF0, 0x01, 0xF0, 0x01, 0xF0
	.byte 0x01, 0xFF, 0xF0, 0x01, 0xF0, 0x01, 0xF0, 0x01, 0xF0, 0x01, 0xF0, 0x01, 0xF0, 0x01, 0xF0, 0x01
	.byte 0xF0, 0x01, 0xE0, 0xF0, 0x01, 0xF0, 0x01, 0x90, 0x01, 0x00, 0x00, 0x00

  .globl gMonPalette_Sandslash
gMonPalette_Sandslash:
  .incbin "build/graphics/pokemon/sandslash/normal_palette.gbapal.lz"

  .globl gMonBackPic_Sandslash
gMonBackPic_Sandslash:
  .incbin "build/graphics/pokemon/sandslash/back.4bpp.lz"

  .globl gMonShinyPalette_Sandslash
gMonShinyPalette_Sandslash:
  .incbin "build/graphics/pokemon/sandslash/shiny_palette.gbapal.lz"

	.globl gMonIcon_Sandslash
gMonIcon_Sandslash: @ 0x08C42AFC [028]
  .incbin "build/graphics/pokemon/sandslash/icon.4bpp"
	@ analyzed canonical ROM range 0x08C42EFC-0x08C43193
sAnalyzedData_08C42EFC: @ 0x08C42EFC
	@ structured u8 payload; no safe higher-level semantic type was provable
	.byte 0x00, 0x00, 0x00, 0x80, 0xC0, 0xC0, 0xC0, 0xE0, 0x00, 0x00, 0x00, 0x02, 0x06, 0x06, 0x07, 0x0F
	.byte 0xE0, 0xE0, 0xC0, 0xC0, 0xC0, 0x80, 0x00, 0x00, 0x0F, 0x0F, 0x07, 0x07, 0x07, 0x03, 0x00, 0x00
	.byte 0x10, 0x00, 0x08, 0x00, 0x3F, 0x00, 0x00, 0xF0, 0x01, 0xF0, 0x01, 0xF0, 0x01, 0xF0, 0x01, 0xF0
	.byte 0x01, 0xF0, 0x01, 0xFF, 0xF0, 0x01, 0xF0, 0x01, 0xF0, 0x01, 0xF0, 0x01, 0xF0, 0x01, 0xF0, 0x01
	.byte 0xF0, 0x01, 0xF0, 0x01, 0xFE, 0xF0, 0x01, 0xF0, 0x01, 0xF0, 0x01, 0xF0, 0x01, 0xF0, 0x01, 0xF0
	.byte 0x01, 0xF0, 0x01, 0x00, 0x3F, 0x40, 0x54, 0xF0, 0x13, 0xF0, 0x01, 0xF0, 0x01, 0xF0, 0x01, 0xF0
	.byte 0x01, 0xF0, 0x01, 0xF8, 0xF0, 0x01, 0xF0, 0x01, 0xF0, 0x01, 0xF0, 0x01, 0xD0, 0xC4, 0x44, 0x00
	.byte 0x00, 0x28, 0x50, 0x11, 0x00, 0x08, 0x55, 0xF0, 0x1B, 0x00, 0x00, 0x44, 0x00, 0x54, 0x23, 0x55
	.byte 0x11, 0x21, 0x32, 0x22, 0x22, 0x00, 0x22, 0x22, 0x55, 0x25, 0x22, 0x32, 0x15, 0x50, 0x10, 0x33
	.byte 0x33, 0x35, 0x00, 0x03, 0x45, 0x00, 0x55, 0x55, 0x04, 0x52, 0x00, 0x00, 0x15, 0x21, 0x10, 0x34
	.byte 0x32, 0x05, 0x00, 0x00, 0x00, 0x33, 0x53, 0x00, 0x00, 0x35, 0x54, 0x00, 0xF5, 0x0F, 0x51, 0x33
	.byte 0x33, 0x53, 0x23, 0x35, 0x08, 0x22, 0x32, 0x33, 0x22, 0x00, 0x01, 0x23, 0x22, 0x22, 0xA0, 0x50
	.byte 0x47, 0xE0, 0x10, 0x03, 0x04, 0x00, 0x00, 0xEF, 0xE4, 0x00, 0x00, 0x00, 0xF3, 0xE4, 0x04, 0x00
	.byte 0x22, 0xEF, 0x0F, 0x04, 0x00, 0x32, 0xF3, 0x00, 0x10, 0xF0, 0x01, 0xF0, 0x01, 0xF0, 0x01, 0xFF
	.byte 0xF0, 0x01, 0xF0, 0x01, 0xF0, 0x01, 0xF0, 0x01, 0x10, 0xFF, 0x00, 0xC2, 0x20, 0xFF, 0x11, 0xCC
	.byte 0x40, 0x25, 0x00, 0xF1, 0x22, 0x00, 0x40, 0x22, 0x52, 0x00, 0x00, 0x24, 0x53, 0x22, 0x00, 0x54
	.byte 0x05, 0x25, 0x55, 0x01, 0x04, 0x15, 0x21, 0x22, 0x52, 0x55, 0x45, 0x00, 0xCA, 0x00, 0x22, 0xF2
	.byte 0xFF, 0x5F, 0x35, 0xAF, 0xAA, 0x99, 0x00, 0x59, 0xAA, 0xAA, 0x88, 0x99, 0xAA, 0xAA, 0x8A, 0x04
	.byte 0x58, 0x52, 0x55, 0xF5, 0x25, 0x11, 0x18, 0x22, 0x22, 0x00, 0x32, 0xF5, 0x55, 0x22, 0x52, 0x77
	.byte 0x23, 0x22, 0x20, 0x42, 0x7E, 0x00, 0x10, 0x67, 0x39, 0x22, 0x22, 0x54, 0x00, 0x35, 0x22, 0x2E
	.byte 0x22, 0xF2, 0xE2, 0x42, 0x3E, 0x00, 0x33, 0x33, 0x0F, 0x00, 0x33, 0x33, 0x52, 0x00, 0x00, 0x3F
	.byte 0x23, 0xF3, 0x00, 0x52, 0x32, 0xF5, 0x00, 0x00, 0x3E, 0x54, 0xFE, 0x00, 0x23, 0x4F, 0xFE, 0x00
	.byte 0x0F, 0x52, 0xF0, 0x0F, 0x00, 0x01, 0x32, 0xF0, 0x01, 0xF0, 0x01, 0xF0, 0x01, 0xFB, 0xF0, 0x01
	.byte 0xF0, 0x01, 0xF0, 0x01, 0xF0, 0x01, 0x30, 0x01, 0x50, 0x82, 0x07, 0x11, 0xAF, 0x50, 0x3F, 0x00
	.byte 0x03, 0xF0, 0x50, 0x1C, 0x25, 0x33, 0x33, 0xF3, 0x00, 0xF0, 0xFF, 0xFF, 0x3F, 0x44, 0x25, 0x33
	.byte 0x23, 0x28, 0x53, 0x21, 0x00, 0xD8, 0x41, 0x30, 0x03, 0x1F, 0x11, 0x22, 0x00, 0x24, 0x1F, 0x34
	.byte 0x22, 0x44, 0x3F, 0x2E, 0x34, 0x00, 0x32, 0x23, 0x4E, 0xE3, 0x54, 0xE2, 0x34, 0xE2, 0x08, 0xE3
	.byte 0x2E, 0x22, 0x2E, 0x11, 0x0F, 0x53, 0x22, 0x52, 0x20, 0x33, 0x54, 0x02, 0x2E, 0x35, 0x22, 0x43
	.byte 0x22, 0x32, 0x56, 0x0F, 0x00, 0x43, 0x5F, 0x00, 0x03, 0x45, 0x00, 0x08, 0x10, 0x0C, 0xFE, 0xAB
	.byte 0x01, 0xF2, 0xFF, 0x00, 0x0F, 0x53, 0x00, 0x0B, 0x53, 0xF1, 0x00, 0xF0, 0x01, 0xFF, 0xF0, 0x01
	.byte 0xF0, 0x01, 0xF0, 0x01, 0xF0, 0x01, 0xF0, 0x01, 0x62, 0x00, 0x00, 0x02, 0x02, 0x95, 0x2C, 0xF0
	.byte 0x2E, 0x00, 0x0B, 0x2F, 0x71, 0x0F, 0x30, 0x01, 0x15, 0x44, 0x0D, 0x22, 0x43, 0x25, 0x44, 0x00
	.byte 0xD4, 0x03, 0x02, 0x53, 0x00, 0xDC, 0x00, 0x4F, 0x25, 0x22, 0x33, 0xF0, 0x2F, 0x22, 0x53, 0xB2
	.byte 0x01, 0x2A, 0x32, 0x00, 0xC9, 0x00, 0x0D, 0x25, 0x32, 0x00, 0x03, 0x33, 0x00, 0x32, 0x33, 0x35
	.byte 0x33, 0x33, 0x43, 0x3F, 0x43, 0x00, 0x43, 0xF5, 0x44, 0x54, 0xF5, 0x54, 0xF5, 0xFF, 0x00, 0x33
	.byte 0x55, 0x23, 0x0F, 0x53, 0xE2, 0xFF, 0x00, 0x2C, 0x53, 0xF3, 0x02, 0x58, 0xF4, 0x00, 0xFF, 0x03
	.byte 0x23, 0x45, 0xF5, 0x87, 0x00, 0x0B, 0xE3, 0x0F, 0x00, 0xFF, 0x11, 0x00, 0xF0, 0x01, 0xF0, 0x01
	.byte 0xFF, 0xF0, 0x01, 0xF0, 0x01, 0xF0, 0x01, 0xF0, 0x01, 0xF0, 0x01, 0xF0, 0x01, 0xF0, 0x01, 0x50
	.byte 0x01, 0xFF, 0x62, 0x0B, 0xF0, 0x01, 0x01, 0x01, 0xF0, 0xCB, 0xF0, 0x01, 0xF0, 0x01, 0xF0, 0x01
	.byte 0xF0, 0x01, 0xFF, 0xF0, 0x01, 0xF0, 0x01, 0xF0, 0x01, 0xF0, 0x01, 0xF0, 0x01, 0xF0, 0x01, 0xF0
	.byte 0x01, 0xF0, 0x01, 0xFF, 0xF0, 0x01, 0xF0, 0x01, 0xF0, 0x01, 0xF0, 0x01, 0xF0, 0x01, 0xF0, 0x01
	.byte 0xF0, 0x01, 0xF0, 0x01, 0x80, 0x20, 0x01, 0x00

  .globl gMonPalette_NidoranF
gMonPalette_NidoranF:
  .incbin "build/graphics/pokemon/nidoran_f/normal_palette.gbapal.lz"
  .space 0x2, 0x00

  .globl gMonBackPic_NidoranF
gMonBackPic_NidoranF:
  .incbin "build/graphics/pokemon/nidoran_f/back.4bpp.lz"

  .globl gMonShinyPalette_NidoranF
gMonShinyPalette_NidoranF:
  .incbin "build/graphics/pokemon/nidoran_f/shiny_palette.gbapal.lz"
  .space 0x2, 0x00
	.globl gMonIcon_NidoranF
gMonIcon_NidoranF: @ 0x08C434BC [029]
  .incbin "build/graphics/pokemon/nidoran_f/icon.4bpp"
	@ analyzed canonical ROM range 0x08C438BC-0x08C43C07
sAnalyzedData_08C438BC: @ 0x08C438BC
	@ structured u8 payload; no safe higher-level semantic type was provable
	.byte 0x00, 0x00, 0x00, 0x00, 0x00, 0x40, 0xC0, 0xE0, 0x00, 0x00, 0x00, 0x00, 0x00, 0x02, 0x03, 0x07
	.byte 0xE0, 0xE0, 0xC0, 0x80, 0x00, 0x00, 0x00, 0x00, 0x07, 0x07, 0x03, 0x01, 0x00, 0x00, 0x00, 0x00
	.byte 0x10, 0x00, 0x08, 0x00, 0x3F, 0x00, 0x00, 0xF0, 0x01, 0xF0, 0x01, 0xF0, 0x01, 0xF0, 0x01, 0xF0
	.byte 0x01, 0xF0, 0x01, 0xFF, 0xF0, 0x01, 0xF0, 0x01, 0xF0, 0x01, 0xF0, 0x01, 0xF0, 0x01, 0xF0, 0x01
	.byte 0xF0, 0x01, 0xF0, 0x01, 0xE1, 0xF0, 0x01, 0xF0, 0x01, 0xF0, 0x01, 0x00, 0x00, 0xD0, 0x0E, 0x00
	.byte 0x03, 0x58, 0xDB, 0x00, 0x08, 0xBD, 0xF0, 0x1B, 0x30, 0x01, 0xEE, 0x0E, 0x00, 0x09, 0xDD, 0xBB
	.byte 0xDB, 0x0E, 0xC0, 0x1F, 0xD0, 0xED, 0x00, 0x03, 0x50, 0xBB, 0x00, 0x08, 0xCD, 0x00, 0x07, 0xCB
	.byte 0x0D, 0x00, 0xBD, 0x40, 0xCC, 0xB0, 0x1F, 0x0E, 0x00, 0xEE, 0xE0, 0xEC, 0x00, 0x02, 0xCC, 0xEE
	.byte 0xFC, 0x00, 0xCC, 0xEC, 0x00, 0x03, 0xCC, 0x7F, 0xFC, 0xF0, 0x58, 0xF0, 0x01, 0xF0, 0x01, 0xF0
	.byte 0x01, 0xF0, 0x01, 0xF0, 0x01, 0xF0, 0x01, 0xC0, 0x30, 0xB3, 0x00, 0xAF, 0xBE, 0x6B, 0x00, 0xD0
	.byte 0xBE, 0x66, 0x0B, 0x00, 0xBD, 0xBB, 0x66, 0x00, 0xD5, 0x66, 0x00, 0xF6, 0x00, 0x03, 0xC2, 0x00
	.byte 0x0F, 0x00, 0x03, 0x66, 0xB6, 0xDB, 0xBD, 0x00, 0x04, 0xCC, 0x10, 0x66, 0x66, 0x66, 0x10, 0x03
	.byte 0xC6, 0x56, 0x55, 0x66, 0x00, 0xC6, 0x45, 0x54, 0x65, 0xC6, 0x45, 0x44, 0x55, 0x8C, 0x00, 0x03
	.byte 0x54, 0xC6, 0x0E, 0x00, 0xE3, 0x70, 0x03, 0xE0, 0xDC, 0x00, 0x0E, 0xD0, 0xDD, 0xEE, 0xEE, 0xBD
	.byte 0xBB, 0xBB, 0x06, 0xBE, 0xBB, 0xBB, 0xBB, 0xCE, 0x00, 0x03, 0x10, 0xE3, 0xCC, 0x10, 0xCC, 0xCC
	.byte 0xEE, 0x00, 0x03, 0xCC, 0xDD, 0xCC, 0xCC, 0x02, 0xFD, 0xDE, 0xCD, 0xDC, 0x0F, 0xEB, 0x00, 0x03
	.byte 0xCB, 0x03, 0xDF, 0xFD, 0x00, 0xCB, 0xEF, 0x0F, 0x20, 0x81, 0x10, 0x05, 0xFF, 0x30, 0x09, 0xF0
	.byte 0x01, 0xF0, 0x01, 0xF0, 0x01, 0xF0, 0x01, 0xF0, 0x01, 0xF0, 0x01, 0x50, 0x01, 0x2C, 0xE0, 0x6C
	.byte 0x00, 0x04, 0xCE, 0x10, 0x08, 0xF0, 0x1B, 0x00, 0x00, 0x00, 0x56, 0x45, 0x44, 0xC6, 0x66, 0x66
	.byte 0x44, 0xC6, 0x00, 0xCC, 0xCC, 0x4C, 0xCC, 0xED, 0xEE, 0xCE, 0xDB, 0x0A, 0x00, 0xBE, 0xBB, 0xEA
	.byte 0x00, 0x03, 0x9E, 0x00, 0x03, 0x8E, 0xA0, 0x01, 0x2F, 0xEB, 0x20, 0xE3, 0xBB, 0xBB, 0xCB, 0xBC
	.byte 0xCB, 0x00, 0xBB, 0xCB, 0xEE, 0xBA, 0xBD, 0xBB, 0x92, 0xAE, 0x00, 0xCB, 0xBB, 0x91, 0xF7, 0xCA
	.byte 0xBB, 0x88, 0x17, 0x00, 0xCF, 0xBB, 0x78, 0x11, 0xBE, 0xBB, 0xCC, 0xCF, 0x00, 0x0F, 0xE0, 0xCC
	.byte 0xCE, 0xEF, 0xCE, 0xCC, 0xCD, 0x00, 0xCE, 0xCC, 0xCC, 0xEC, 0xE1, 0xEC, 0xCC, 0x9D, 0x00, 0xE1
	.byte 0xCE, 0xCC, 0x8E, 0xE1, 0xEC, 0xCB, 0x8E, 0x00, 0xDF, 0xCC, 0xCB, 0xCC, 0xEC, 0xCC, 0x00, 0xEE
	.byte 0xB8, 0x02, 0x4B, 0xEB, 0x01, 0x69, 0x02, 0x0A, 0x12, 0x0E, 0xCC, 0xFD, 0xE0, 0x00, 0x00, 0xDD
	.byte 0xFD, 0xCE, 0x0E, 0xEC, 0xEF, 0xDD, 0x0F, 0x0F, 0xCC, 0xCC, 0xDE, 0xF1, 0x16, 0x70, 0xB7, 0x10
	.byte 0xB6, 0x02, 0xA7, 0xFC, 0xF0, 0x01, 0xF0, 0x01, 0xF0, 0x01, 0xF0, 0x01, 0xF0, 0x01, 0x42, 0x1E
	.byte 0xBB, 0x00, 0x26, 0xE0, 0xBC, 0x00, 0x03, 0xCC, 0xDC, 0x00, 0x6F, 0x02, 0xCF, 0xE0, 0xAE, 0x12
	.byte 0xD3, 0xCF, 0x00, 0x03, 0xFE, 0x13, 0x06, 0x00, 0xFE, 0x50, 0x01, 0xDB, 0x00, 0xFE, 0xBF, 0xBB
	.byte 0xBB, 0xDC, 0xE1, 0x99, 0xFE, 0x00, 0xEC, 0xCC, 0x8E, 0xE8, 0xCC, 0xEE, 0xDD, 0xFD, 0x00, 0xCC
	.byte 0xCC, 0xFE, 0xDF, 0xCB, 0xCC, 0xFC, 0xCC, 0x40, 0xBB, 0x20, 0x03, 0xCF, 0xCC, 0xCB, 0xFE, 0xCD
	.byte 0xCC, 0x00, 0xEF, 0xDD, 0xCD, 0xCC, 0xDF, 0xDD, 0xCC, 0xCD, 0x0A, 0xED, 0xCC, 0xCC, 0xDC, 0x01
	.byte 0x11, 0xDC, 0x02, 0x1F, 0x0F, 0x03, 0xEC, 0xCE, 0xCC, 0x0E, 0xDC, 0xEE, 0x01, 0x0C, 0x02, 0x20
	.byte 0xA0, 0x40, 0x01, 0xEC, 0x00, 0x1A, 0xDC, 0xCD, 0xCC, 0xCD, 0xCC, 0x00, 0x00, 0xE0, 0xCB, 0x0F
	.byte 0xE0, 0xBE, 0xCC, 0x0F, 0x00, 0xBE, 0xCB, 0xCC, 0x0F, 0xCE, 0xCC, 0xDC, 0x0F, 0x00, 0xEC, 0xCC
	.byte 0xED, 0x00, 0xEC, 0xDC, 0xFD, 0x00, 0x07, 0xED, 0xDD, 0x0E, 0x00, 0xCD, 0xF1, 0x1E, 0xF0, 0x01
	.byte 0xF0, 0x01, 0xED, 0xF0, 0x01, 0xF0, 0x01, 0x90, 0x01, 0xDE, 0x33, 0xCF, 0x21, 0x70, 0xD0, 0xC0
	.byte 0x03, 0x70, 0xE0, 0x11, 0xD5, 0x10, 0x03, 0x10, 0xB0, 0xEE, 0xCD, 0xBB, 0xBB, 0x00, 0xBA, 0xDE
	.byte 0xBB, 0xBB, 0xAA, 0xEB, 0xBD, 0xBB, 0x08, 0xAA, 0xCB, 0xFC, 0xDF, 0x00, 0xF7, 0x00, 0xCC, 0xDD
	.byte 0x00, 0xCD, 0xDC, 0xEC, 0xBB, 0xEC, 0xDD, 0xBE, 0xAA, 0x01, 0xCB, 0xDF, 0xBE, 0xBB, 0xCB, 0xFE
	.byte 0xCE, 0x01, 0x08, 0xC0, 0x00, 0x2F, 0x00, 0x03, 0xDC, 0xCF, 0xEE, 0xEC, 0xDC, 0xFF, 0x11, 0xCE
	.byte 0xEC, 0xBC, 0x00, 0x0C, 0xBB, 0xCB, 0xCF, 0x00, 0x20, 0x30, 0xED, 0xAB, 0x00, 0x35, 0x02, 0x4B
	.byte 0xFC, 0xBC, 0xBB, 0xEC, 0x5A, 0xFC, 0x00, 0x53, 0xFF, 0x11, 0x09, 0x01, 0x65, 0xDC, 0x00, 0xE6
	.byte 0xED, 0xD5, 0x40, 0x03, 0x10, 0x0B, 0xCC, 0x00, 0x03, 0xCD, 0x00, 0x03, 0xEC, 0xF0, 0xAB, 0xFC
	.byte 0xF0, 0x01, 0xF0, 0x01, 0xF0, 0x01, 0xF0, 0x01, 0xD2, 0x68, 0x02, 0xA5, 0xE0, 0xE1, 0x0B, 0x00
	.byte 0x00, 0xF0, 0x1F, 0x00, 0x0B, 0xF0, 0x90, 0x1C, 0x10, 0xE3, 0x50, 0xCB, 0x03, 0xF9, 0xDE, 0x01
	.byte 0x8B, 0xE2, 0xF2, 0x00, 0x00, 0x40, 0xFF, 0xC1, 0x92, 0x1E, 0x1E, 0xFE, 0xDD, 0xE0, 0xFF, 0x00
	.byte 0xDF, 0xED, 0xE0, 0xED, 0xDD, 0xFE, 0x00, 0xFE, 0xC4, 0xD0, 0x1D, 0x03, 0xF7, 0xCF, 0xCC, 0xCC
	.byte 0x02, 0x56, 0xCC, 0xE0, 0x00, 0xE2, 0xCE, 0xED, 0xF0, 0xEF, 0xF1, 0x2E, 0x00, 0x1B, 0xF0, 0x0F
	.byte 0xFF, 0x90, 0x1F, 0x15, 0x21, 0xFD, 0xF4, 0x23, 0xF0, 0x01, 0xFF, 0xF0, 0x01, 0xF0, 0x01, 0xF0
	.byte 0x01, 0xF0, 0x01, 0xF0, 0x01, 0xF0, 0x01, 0xF0, 0x01, 0xF0, 0x01, 0xFF, 0xF0, 0x01, 0xF0, 0x01
	.byte 0xF0, 0x01, 0xF0, 0x01, 0xF0, 0x01, 0xF0, 0x01, 0xF0, 0x01, 0x60, 0x01

  .globl gMonPalette_Nidorina
gMonPalette_Nidorina:
  .incbin "build/graphics/pokemon/nidorina/normal_palette.gbapal.lz"

  .globl gMonBackPic_Nidorina
gMonBackPic_Nidorina:
  .incbin "build/graphics/pokemon/nidorina/back.4bpp.lz"

  .globl gMonShinyPalette_Nidorina
gMonShinyPalette_Nidorina:
  .incbin "build/graphics/pokemon/nidorina/shiny_palette.gbapal.lz"

	.globl gMonIcon_Nidorina
gMonIcon_Nidorina: @ 0x08C43FEC [030]
  .incbin "build/graphics/pokemon/nidorina/icon.4bpp"
	@ analyzed canonical ROM range 0x08C443EC-0x08C44897
sAnalyzedData_08C443EC: @ 0x08C443EC
	@ structured u8 payload; no safe higher-level semantic type was provable
	.byte 0x00, 0x00, 0x00, 0x80, 0x90, 0xB0, 0xF8, 0xF8, 0x00, 0x00, 0x00, 0x00, 0x09, 0x0D, 0x1F, 0x1F
	.byte 0xF8, 0xF8, 0xF0, 0xF0, 0xE0, 0x80, 0x00, 0x00, 0x1F, 0x1F, 0x0F, 0x0F, 0x07, 0x01, 0x00, 0x00
	.byte 0x10, 0x00, 0x08, 0x00, 0x3E, 0x00, 0x00, 0xF0, 0x01, 0xF0, 0x01, 0xF0, 0x01, 0xF0, 0x01, 0x40
	.byte 0x01, 0xE0, 0x00, 0xEE, 0x00, 0x00, 0xDE, 0xEB, 0x00, 0xE0, 0xBD, 0x03, 0xCC, 0xEE, 0xBD, 0xCB
	.byte 0xCC, 0xEC, 0xF0, 0x20, 0x10, 0x01, 0x00, 0xDD, 0x00, 0x00, 0xD0, 0xFB, 0x00, 0x00, 0xBE, 0xE0
	.byte 0x00, 0x03, 0xF0, 0x01, 0x50, 0x01, 0xED, 0x00, 0xE0, 0xDE, 0xBB, 0xC1, 0xF0, 0x16, 0x30, 0x01
	.byte 0xEE, 0x0E, 0x00, 0x00, 0xCB, 0x00, 0x03, 0xFC, 0xF0, 0x01, 0xF0, 0x01, 0xF0, 0x01, 0xF0, 0x01
	.byte 0xF0, 0x01, 0x90, 0x01, 0xD0, 0xED, 0xCA, 0x00, 0x03, 0x00, 0x8B, 0xE0, 0xCC, 0x00, 0x0C, 0xCF
	.byte 0x00, 0x03, 0xF0, 0x82, 0x50, 0xED, 0xBE, 0xCC, 0xCC, 0xEC, 0xBE, 0x00, 0x02, 0xEB, 0x00, 0xEE
	.byte 0xBE, 0xBB, 0xBB, 0xCB, 0xBE, 0xCB, 0xBC, 0x10, 0xCB, 0xCC, 0xCC, 0x00, 0x01, 0xDC, 0xCF, 0xCC
	.byte 0xCE, 0x00, 0xEC, 0xFB, 0xEF, 0xCC, 0xBC, 0xEE, 0xBB, 0xFC, 0x05, 0x00, 0xBB, 0xCC, 0xCC, 0x0F
	.byte 0x00, 0x16, 0xEC, 0x00, 0x17, 0x00, 0xBE, 0xCD, 0xCC, 0xCC, 0xBC, 0xBB, 0xEC, 0xEE, 0x00, 0xBC
	.byte 0xCB, 0x1E, 0xE1, 0xCC, 0xEC, 0x11, 0x21, 0x00, 0xCC, 0xE0, 0xBD, 0xBB, 0xCC, 0xBE, 0xDB, 0xFF
	.byte 0x00, 0xCF, 0xBB, 0x5F, 0x55, 0xF5, 0x6B, 0x55, 0x55, 0x00, 0x55, 0x66, 0xFF, 0x55, 0x44, 0x66
	.byte 0x66, 0x4F, 0x8D, 0x00, 0x03, 0xF6, 0x44, 0x6B, 0x00, 0x03, 0x11, 0x40, 0xCC, 0x00, 0xE7, 0x97
	.byte 0x10, 0x03, 0xCF, 0xFD, 0x70, 0x03, 0xC6, 0x40, 0x03, 0xF0, 0x01, 0xF0, 0x01, 0xFA, 0xF0, 0x01
	.byte 0xF0, 0x01, 0xF0, 0x01, 0x70, 0xFC, 0x00, 0x03, 0xBD, 0x00, 0x03, 0xBE, 0xB9, 0x00, 0x03, 0xCE
	.byte 0x10, 0xF3, 0x80, 0xFF, 0x10, 0xDB, 0xCC, 0xBB, 0x00, 0x04, 0x44, 0xBB, 0x00, 0xE0, 0xBB, 0xCC
	.byte 0xCE, 0x10, 0xE5, 0xFD, 0xCC, 0x00, 0xCC, 0xFD, 0xF1, 0xCF, 0xDC, 0xFF, 0x99, 0xF0, 0x00, 0xFF
	.byte 0xF0, 0x89, 0xFF, 0x1F, 0x21, 0xCC, 0x1F, 0x44, 0xEF, 0x00, 0x17, 0xCC, 0xCC, 0xDD, 0x00, 0x02
	.byte 0x66, 0xFF, 0x00, 0xDF, 0xFD, 0x43, 0x99, 0xF9, 0xFF, 0x43, 0x88, 0x00, 0x88, 0xF8, 0x43, 0x77
	.byte 0x77, 0x97, 0x43, 0x6C, 0x00, 0x66, 0xF6, 0x64, 0xDD, 0x66, 0x4F, 0xC6, 0xDD, 0x00, 0x66, 0x66
	.byte 0xDD, 0xDD, 0xDD, 0xDD, 0xFF, 0xDF, 0x00, 0xED, 0xFF, 0xCC, 0xF5, 0xDD, 0xFD, 0xDD, 0xF5, 0x11
	.byte 0xDD, 0xDD, 0xDF, 0x00, 0x03, 0xFF, 0xDC, 0x0F, 0x02, 0x2D, 0xA1, 0x00, 0x03, 0xFF, 0x11, 0xF3
	.byte 0xFE, 0x00, 0x00, 0xDC, 0x00, 0xF3, 0x7F, 0xDD, 0x10, 0x03, 0x00, 0x13, 0xF0, 0xFE, 0xF0, 0x01
	.byte 0xF0, 0x01, 0xF0, 0x01, 0xF0, 0xEF, 0x2E, 0x00, 0x1D, 0x00, 0x03, 0x1E, 0x00, 0x03, 0x10, 0x76
	.byte 0x60, 0x01, 0xFD, 0x80, 0x02, 0xDA, 0xF1, 0xBB, 0xEE, 0x0F, 0xF1, 0xEB, 0xBE, 0x00, 0xFB, 0xCF
	.byte 0x1E, 0xE1, 0xBB, 0xCC, 0x1E, 0xF1, 0x80, 0x02, 0x13, 0xF0, 0x79, 0x00, 0xEE, 0x9E, 0x71, 0xE0
	.byte 0x00, 0xCC, 0x3E, 0x99, 0xE0, 0xCC, 0xEC, 0x34, 0xE0, 0x00, 0xCC, 0xCC, 0xF6, 0x00, 0xCE, 0xEC
	.byte 0xBB, 0x0F, 0x00, 0xCE, 0xBE, 0xBB, 0xEF, 0xEE, 0xBE, 0xCB, 0x77, 0x00, 0x77, 0x39, 0x43, 0x77
	.byte 0x91, 0x33, 0x44, 0x99, 0x00, 0x39, 0x43, 0xF4, 0x33, 0x43, 0x64, 0xD6, 0xFF, 0x0E, 0xFF, 0xDD
	.byte 0xDD, 0xCC, 0x00, 0xE8, 0x02, 0x22, 0x00, 0x03, 0xCC, 0x00, 0x6D, 0x65, 0xDD, 0xEE, 0xCC, 0xDF
	.byte 0xED, 0xBC, 0x00, 0xCB, 0xDD, 0xCE, 0xBB, 0xBB, 0xED, 0xBC, 0xBB, 0x28, 0xCB, 0xED, 0x01, 0x45
	.byte 0xED, 0x00, 0x1C, 0xED, 0xCE, 0xDC, 0x05, 0xFD, 0x66, 0xE6, 0xFF, 0xDF, 0x10, 0x80, 0xCC, 0x00
	.byte 0xEB, 0x00, 0xCC, 0xEC, 0xEF, 0xFE, 0xCC, 0xCC, 0xDF, 0xFD, 0x80, 0x01, 0x16, 0xFC, 0xFD, 0xFF
	.byte 0xDF, 0x0F, 0xDF, 0xFD, 0x1F, 0xFE, 0x00, 0xCD, 0x11, 0x04, 0xF0, 0x01, 0xF0, 0x01, 0xF0, 0x01
	.byte 0x90, 0xEE, 0x5E, 0xC1, 0x00, 0x03, 0xF1, 0x01, 0xD6, 0x00, 0x03, 0xB0, 0xEF, 0x10, 0x01, 0xEC
	.byte 0x04, 0x11, 0xFF, 0xBC, 0xCC, 0xFF, 0x22, 0xD3, 0xCC, 0xCF, 0x80, 0x00, 0x03, 0xF0, 0xCE, 0xCC
	.byte 0xDD, 0x00, 0xF0, 0xDE, 0x90, 0x03, 0xC0, 0xF0, 0xDE, 0x12, 0x07, 0xEB, 0x36, 0xE3, 0xCB, 0x08
	.byte 0x6C, 0x33, 0x43, 0xC6, 0x10, 0x03, 0x36, 0x33, 0x44, 0x00, 0x64, 0x36, 0x43, 0x44, 0x64, 0x4E
	.byte 0x44, 0x44, 0x00, 0xC6, 0xFD, 0x44, 0x44, 0xCF, 0xEE, 0x5F, 0xF5, 0x82, 0x10, 0x36, 0x36, 0xCC
	.byte 0xCC, 0x6C, 0x33, 0x00, 0x06, 0x33, 0xC1, 0x00, 0x06, 0x40, 0x03, 0x44, 0x44, 0xCC, 0xCC, 0x46
	.byte 0x00, 0x03, 0x00, 0x6C, 0x44, 0x43, 0x64, 0xED, 0xCD, 0x43, 0x44, 0x20, 0xD6, 0xCE, 0x00, 0x36
	.byte 0xED, 0x43, 0x44, 0xEE, 0xBE, 0x01, 0x44, 0xE4, 0xBB, 0xBB, 0x44, 0x1E, 0xBE, 0x20, 0x03, 0x20
	.byte 0x54, 0xE5, 0x00, 0x3D, 0xEC, 0xFE, 0x0F, 0xEC, 0xCE, 0x3A, 0xCC, 0xFC, 0x03, 0x67, 0x01, 0x19
	.byte 0x20, 0x03, 0xDC, 0x02, 0x6A, 0xDC, 0xFE, 0x13, 0x63, 0x00, 0x03, 0x62, 0x02, 0x14, 0x0A, 0x11
	.byte 0x0D, 0x50, 0x03, 0x24, 0x1A, 0xEE, 0xEF, 0x22, 0xAB, 0xF4, 0xA2, 0x00, 0x1C, 0xCE, 0x11, 0x53
	.byte 0xF1, 0x3E, 0xF0, 0x01, 0x80, 0x36, 0xC0, 0xC3, 0x0B, 0x00, 0x03, 0xE0, 0xBE, 0xE0, 0xFD, 0xCF
	.byte 0xCC, 0x40, 0xEE, 0x01, 0xCE, 0xEB, 0xDE, 0xDD, 0xDD, 0xEB, 0xE3, 0x00, 0xDE, 0xDD, 0xEB, 0x33
	.byte 0xE3, 0xEE, 0xBB, 0x3E, 0x21, 0x33, 0x44, 0x10, 0x03, 0xCB, 0xEC, 0x33, 0x43, 0x00, 0xA3, 0x58
	.byte 0x56, 0x00, 0xAA, 0x6D, 0x12, 0xDC, 0x10, 0x01, 0xEE, 0xEE, 0xEE, 0x14, 0xEE, 0x44, 0x44, 0x70
	.byte 0x01, 0x55, 0x00, 0xE3, 0xFF, 0xDF, 0x40, 0xCF, 0x02, 0x12, 0xEF, 0xCC, 0xED, 0xEE, 0xF5, 0xDF
	.byte 0x00, 0x4E, 0x54, 0xCE, 0xEC, 0x44, 0x54, 0xCE, 0xBB, 0x8A, 0x20, 0x03, 0xE4, 0xEC, 0xBC, 0x00
	.byte 0x3B, 0x0F, 0x10, 0xE6, 0xDC, 0x80, 0x01, 0xEB, 0xDD, 0xFE, 0xEC, 0x00, 0xFF, 0xCC, 0xFC, 0x04
	.byte 0xEF, 0xCB, 0xCC, 0xFC, 0xFE, 0x00, 0x03, 0xFD, 0xCB, 0x00, 0xCC, 0xFD, 0xED, 0xE0, 0xFC, 0x00
	.byte 0xCE, 0xE0, 0x04, 0xFC, 0xE0, 0xCC, 0xCE, 0xDD, 0x04, 0x71, 0xDD, 0xEF, 0x60, 0xCE, 0x00, 0x07
	.byte 0x03, 0x81, 0xCD, 0xCD, 0xEC, 0xDE, 0xDC, 0x07, 0xDC, 0xDF, 0xDD, 0xCD, 0xDD, 0x22, 0x3B, 0x00
	.byte 0x03, 0x13, 0x47, 0x5F, 0xCD, 0x43, 0x4B, 0xDE, 0x00, 0x03, 0x04, 0xD0, 0xF3, 0x3F, 0xF0, 0x01
	.byte 0x10, 0xF6, 0xAE, 0x03, 0xF3, 0xE0, 0x15, 0xA8, 0xBF, 0x40, 0x03, 0x63, 0xFB, 0x11, 0x61, 0xCC
	.byte 0x20, 0xEC, 0x56, 0x01, 0xDB, 0x5F, 0x66, 0xFE, 0xFF, 0xED, 0x12, 0x55, 0xBB, 0xCC, 0x00, 0xC4
	.byte 0xCC, 0xDC, 0x01, 0x11, 0xCC, 0x0C, 0xEF, 0xFE, 0xFF, 0xEF, 0x21, 0xAB, 0x10, 0xE3, 0x66, 0x66
	.byte 0x20, 0x66, 0x66, 0x10, 0x07, 0x45, 0x45, 0x45, 0x45, 0x5E, 0x00, 0x54, 0x54, 0x54, 0xED, 0x5E
	.byte 0x55, 0x55, 0xDD, 0x00, 0xFD, 0xFE, 0xFF, 0xDD, 0xFD, 0xDE, 0xDD, 0x44, 0x00, 0xE6, 0xEC, 0xCC
	.byte 0x56, 0xE4, 0xCC, 0xDE, 0x44, 0x00, 0xE4, 0xCC, 0xCC, 0x45, 0xE5, 0xCD, 0xCC, 0x54, 0x00, 0x54
	.byte 0xDE, 0xCC, 0x55, 0xF5, 0xEF, 0xCC, 0xFF, 0x01, 0xEF, 0xFE, 0xED, 0xDD, 0xDD, 0xFE, 0xBF, 0x00
	.byte 0x4E, 0x89, 0x01, 0x35, 0xDF, 0xDD, 0xEE, 0x13, 0x37, 0xDC, 0xDD, 0x03, 0x1A, 0x42, 0xDD, 0x04
	.byte 0x5F, 0xDC, 0xED, 0xFE, 0xFF, 0x00, 0x60, 0xCC, 0x1A, 0xCC, 0xFC, 0xDF, 0x20, 0x1D, 0x20, 0x03
	.byte 0xED, 0x00, 0x03, 0xFE, 0x00, 0xDE, 0xDD, 0xED, 0x0F, 0xDF, 0xDD, 0xFE, 0x00, 0x07, 0xDF, 0xEE
	.byte 0x0F, 0x00, 0xFF, 0x44, 0x23, 0x52, 0x1B, 0xF0, 0x01, 0xCD, 0xF0, 0x01, 0xF0, 0x01, 0xE0, 0xE1
	.byte 0x04, 0x0A, 0x00, 0x03, 0xFF, 0xE3, 0x1B, 0x80, 0x10, 0x01, 0xCB, 0xED, 0xCE, 0xDD, 0xDD, 0x1E
	.byte 0xE1, 0x03, 0xED, 0xEF, 0x11, 0xF1, 0x0F, 0xE0, 0x10, 0x70, 0xD6, 0xE9, 0x18, 0xEF, 0xE0, 0xDE
	.byte 0xF0, 0x38, 0x80, 0x1F, 0xDD, 0xBF, 0xBB, 0x10, 0xFE, 0xFF, 0xBE, 0x04, 0xD9, 0xEE, 0x11, 0x00
	.byte 0x00, 0x58, 0x2E, 0x00, 0x03, 0xF0, 0xA0, 0x2E, 0x12, 0xEB, 0xCB, 0xCC, 0xFE, 0x00, 0xDF, 0xDF
	.byte 0xDD, 0x3E, 0xF3, 0xFF, 0xFF, 0x3F, 0x7F, 0x23, 0x00, 0x8F, 0xA0, 0x1F, 0x00, 0x38, 0x20, 0xE3
	.byte 0x10, 0x03, 0x52, 0xFB, 0xF0, 0x01, 0xC0, 0xF0, 0x01, 0x50, 0x01, 0x00

  .globl gMonPalette_Nidoqueen
gMonPalette_Nidoqueen:
  .incbin "build/graphics/pokemon/nidoqueen/normal_palette.gbapal.lz"

  .globl gMonBackPic_Nidoqueen
gMonBackPic_Nidoqueen:
  .incbin "build/graphics/pokemon/nidoqueen/back.4bpp.lz"

  .globl gMonShinyPalette_Nidoqueen
gMonShinyPalette_Nidoqueen:
  .incbin "build/graphics/pokemon/nidoqueen/shiny_palette.gbapal.lz"

	.globl gMonIcon_Nidoqueen
gMonIcon_Nidoqueen: @ 0x08C44CAC [031]
  .incbin "build/graphics/pokemon/nidoqueen/icon.4bpp"
	@ analyzed canonical ROM range 0x08C450AC-0x08C4539B
sAnalyzedData_08C450AC: @ 0x08C450AC
	@ structured u8 payload; no safe higher-level semantic type was provable
	.byte 0x00, 0x08, 0x18, 0x78, 0xFC, 0xFC, 0xFC, 0xFC, 0x00, 0x10, 0x18, 0x1E, 0x3F, 0x3F, 0x3F, 0x3F
	.byte 0xFC, 0xF8, 0xF8, 0xF0, 0xF0, 0xE0, 0x80, 0x00, 0x3F, 0x1F, 0x1F, 0x0F, 0x0F, 0x07, 0x01, 0x00
	.byte 0x10, 0x00, 0x08, 0x00, 0x3F, 0x00, 0x00, 0xF0, 0x01, 0xF0, 0x01, 0xF0, 0x01, 0xF0, 0x01, 0xF0
	.byte 0x01, 0xF0, 0x01, 0xFF, 0xF0, 0x01, 0xF0, 0x01, 0xF0, 0x01, 0xF0, 0x01, 0xF0, 0x01, 0xF0, 0x01
	.byte 0xF0, 0x01, 0xF0, 0x01, 0xF8, 0xF0, 0x01, 0xF0, 0x01, 0xF0, 0x01, 0xF0, 0x01, 0x90, 0x01, 0xDD
	.byte 0x00, 0x00, 0x10, 0xD0, 0xDA, 0x0D, 0x00, 0x03, 0x2B, 0x00, 0xAD, 0xBB, 0x78, 0x2B, 0xF0, 0x1F
	.byte 0xF0, 0x01, 0xF0, 0x01, 0x00, 0x01, 0xD0, 0x2D, 0x00, 0x1F, 0xD0, 0xAD, 0x2A, 0xF0, 0x17, 0xF0
	.byte 0x01, 0xF0, 0x01, 0xF0, 0x01, 0xF0, 0x01, 0xF2, 0xF0, 0x01, 0xF0, 0x01, 0xC0, 0x91, 0xF0, 0x03
	.byte 0x00, 0xAD, 0x00, 0xE3, 0xDB, 0x04, 0xD0, 0xBA, 0xBB, 0xBB, 0xDD, 0x00, 0x03, 0xAC, 0xBB, 0x30
	.byte 0xBB, 0xBB, 0x00, 0x06, 0x50, 0x03, 0xCB, 0xBA, 0xBB, 0xCB, 0x40, 0xCC, 0x00, 0x26, 0xD0, 0x02
	.byte 0x00, 0xAD, 0xAD, 0x0D, 0x80, 0x00, 0x28, 0x2C, 0x00, 0xAD, 0x2B, 0x2C, 0xD0, 0xBA, 0x00, 0x82
	.byte 0xDC, 0xAD, 0x2B, 0x88, 0xDC, 0xBA, 0x82, 0x80, 0x20, 0x03, 0xAD, 0xBA, 0x02, 0x00, 0x2B, 0x22
	.byte 0x2B, 0x00, 0x00, 0x82, 0x28, 0xDB, 0x00, 0x88, 0x28, 0xCB, 0x00, 0x0D, 0x88, 0x87, 0xCB, 0x02
	.byte 0x78, 0x77, 0xC8, 0x0F, 0x02, 0x77, 0x77, 0xC2, 0x20, 0x03, 0xF0, 0x86, 0xF0, 0x01, 0xF0, 0x01
	.byte 0xFB, 0xF0, 0x01, 0xF0, 0x01, 0xF0, 0x01, 0xF0, 0x01, 0x20, 0x01, 0x22, 0xF0, 0x12, 0x51, 0xE8
	.byte 0x00, 0x00, 0xAD, 0xAA, 0xBB, 0xCC, 0xCC, 0xAD, 0xBB, 0x00, 0xCC, 0x2D, 0xA2, 0xCA, 0xD2, 0xBB
	.byte 0xD2, 0xDA, 0x00, 0xAA, 0xBA, 0x20, 0xAD, 0xAA, 0xBA, 0x00, 0xB2, 0x01, 0xAA, 0xAB, 0xDD, 0xDD
	.byte 0xBA, 0xBA, 0xAA, 0x01, 0x04, 0x00, 0xDC, 0x2A, 0x88, 0x78, 0xD2, 0x2B, 0x88, 0x77, 0x00, 0xDB
	.byte 0x2B, 0x88, 0x78, 0xBB, 0xBD, 0xD8, 0x2B, 0x00, 0xBB, 0xBD, 0xBD, 0x2B, 0xBB, 0xDB, 0xBB, 0x72
	.byte 0xC0, 0x01, 0x22, 0x00, 0x03, 0xCB, 0x2C, 0x77, 0x77, 0xC8, 0x0D, 0x00, 0x77, 0x87, 0x2C, 0xD0
	.byte 0x77, 0x87, 0x02, 0xBD, 0x00, 0x77, 0x88, 0xD2, 0xCB, 0x77, 0x28, 0xD0, 0xCB, 0x00, 0x87, 0x00
	.byte 0xBD, 0xCC, 0x08, 0xD0, 0xCB, 0xCC, 0x0A, 0x02, 0xBD, 0xCC, 0xDC, 0x10, 0x64, 0x2C, 0x20, 0x03
	.byte 0xD0, 0x00, 0x02, 0xDC, 0x00, 0xBD, 0x02, 0x0D, 0xD0, 0xCB, 0x40, 0x02, 0x00, 0x17, 0x0D, 0xD2
	.byte 0xCB, 0xDC, 0x00, 0xBC, 0x7F, 0xCC, 0x10, 0x19, 0xF0, 0x01, 0xF0, 0x01, 0xF0, 0x01, 0xF0, 0x01
	.byte 0xF0, 0x01, 0x40, 0x01, 0x60, 0x20, 0xF0, 0x12, 0x70, 0x01, 0xBD, 0xBB, 0xBB, 0xAB, 0x20, 0x00
	.byte 0xBD, 0xBB, 0xAC, 0xD0, 0x2B, 0xBD, 0xCB, 0x20, 0x14, 0xBB, 0xBB, 0x2B, 0x00, 0x03, 0xBB, 0x10
	.byte 0x14, 0x00, 0xDD, 0x00, 0xCB, 0xCB, 0x00, 0x00, 0x1D, 0xFE, 0xCB, 0xDD, 0x00, 0xBB, 0xDD, 0x2C
	.byte 0xDE, 0xBB, 0xCC, 0x12, 0xD1, 0x00, 0xBB, 0xDC, 0x52, 0xC1, 0xCB, 0x2C, 0xBB, 0xBB, 0x20, 0xCC
	.byte 0x2C, 0x01, 0x2E, 0xC2, 0xDC, 0x22, 0xCC, 0xCC, 0x00, 0xC2, 0xCC, 0xCC, 0xBB, 0x2D, 0xCC, 0x2D
	.byte 0x22, 0x22, 0xCC, 0xDD, 0x02, 0x28, 0xCC, 0xCC, 0x2C, 0x00, 0x03, 0xDD, 0x80, 0x00, 0x01, 0xBB
	.byte 0xCC, 0xDD, 0xCD, 0xBC, 0xCC, 0xDC, 0x44, 0xCD, 0x00, 0x0E, 0xCC, 0xDC, 0xC2, 0x00, 0xE3, 0xC2
	.byte 0xCC, 0x01, 0xDC, 0x2D, 0xCC, 0xCC, 0xCD, 0xCC, 0x22, 0x00, 0x30, 0x69, 0xCB, 0x00, 0x10, 0x00
	.byte 0x28, 0x0D, 0x00, 0x18, 0x22, 0xCC, 0x00, 0x15, 0xEF, 0x51, 0xA0, 0x13, 0x68, 0x92, 0x2C, 0x0D
	.byte 0xC0, 0x0F, 0xF0, 0x01, 0xF0, 0x01, 0xF0, 0x01, 0xC0, 0xF0, 0x01, 0xF0, 0x01, 0xD0, 0xF1, 0x00
	.byte 0x00, 0xC0, 0x2D, 0xAB, 0x00, 0x07, 0xBB, 0x00, 0x03, 0xCA, 0x01, 0x2E, 0xBA, 0x00, 0x03, 0x10
	.byte 0x0B, 0x8C, 0x00, 0x03, 0xB2, 0xCB, 0xB2, 0x01, 0x0F, 0x30, 0x01, 0xCC, 0xBA, 0x90, 0x00, 0xCE
	.byte 0xAA, 0x2D, 0x00, 0x03, 0xCC, 0x2D, 0xD2, 0xAB, 0x00, 0xCC, 0x02, 0x20, 0xAD, 0xDC, 0x00, 0xC2
	.byte 0xBD, 0x50, 0xDC, 0x00, 0x14, 0xDC, 0x00, 0x04, 0xCB, 0x2C, 0xCB, 0xCC, 0x00, 0xBB, 0x2C, 0xCB
	.byte 0xCD, 0xBB, 0x2C, 0xDD, 0xBD, 0x14, 0xBB, 0xDC, 0x2D, 0x02, 0x38, 0x02, 0x00, 0x07, 0x00, 0xD0
	.byte 0x20, 0xCD, 0xDC, 0x10, 0xE5, 0x2D, 0x00, 0xCC, 0xCC, 0x02, 0xD3, 0x60, 0x03, 0x02, 0x19, 0x00
	.byte 0x01, 0xFE, 0x00, 0xCB, 0xF1, 0xFE, 0xF0, 0x01, 0xFC, 0xF0, 0x01, 0xF0, 0x01, 0xF0, 0x01, 0xF0
	.byte 0x01, 0xF0, 0x01, 0x40, 0x01, 0xD2, 0xCC, 0x01, 0x00, 0xF0, 0xE1, 0xCD, 0x00, 0xF0, 0x22, 0xF3
	.byte 0x27, 0x81, 0x22, 0xB7, 0xC2, 0xDC, 0x02, 0x00, 0x20, 0xD2, 0x00, 0x0A, 0x60, 0xF0, 0xF0, 0x1D
	.byte 0x20, 0xC3, 0x1F, 0xDC, 0x2D, 0x00, 0x20, 0x08, 0x1E, 0x1F, 0x02, 0x00, 0xF0, 0x41, 0x00, 0x00
	.byte 0x1F, 0x7F, 0x2E, 0x01, 0xDF, 0xF1, 0xC8, 0xF0, 0x01, 0xF0, 0x01, 0xF0, 0x01, 0xF0, 0x01, 0xF0
	.byte 0x01, 0xFF, 0xF0, 0x01, 0xF0, 0x01, 0xF0, 0x01, 0xF0, 0x01, 0xF0, 0x01, 0xF0, 0x01, 0xF0, 0x01
	.byte 0xF0, 0x01, 0xFC, 0xF0, 0x01, 0xF0, 0x01, 0xF0, 0x01, 0xF0, 0x01, 0xF0, 0x01, 0x20, 0x01, 0x00

  .globl gMonPalette_NidoranM
gMonPalette_NidoranM:
  .incbin "build/graphics/pokemon/nidoran_m/normal_palette.gbapal.lz"

  .globl gMonBackPic_NidoranM
gMonBackPic_NidoranM:
  .incbin "build/graphics/pokemon/nidoran_m/back.4bpp.lz"

  .globl gMonShinyPalette_NidoranM
gMonShinyPalette_NidoranM:
  .incbin "build/graphics/pokemon/nidoran_m/shiny_palette.gbapal.lz"

	.globl gMonIcon_NidoranM
gMonIcon_NidoranM: @ 0x08C45720 [032]
  .incbin "build/graphics/pokemon/nidoran_m/icon.4bpp"
	@ analyzed canonical ROM range 0x08C45B20-0x08C45ED3
sAnalyzedData_08C45B20: @ 0x08C45B20
	@ structured u8 payload; no safe higher-level semantic type was provable
	.byte 0x00, 0x00, 0x00, 0x40, 0x40, 0xC0, 0xE0, 0xE0, 0x00, 0x00, 0x00, 0x02, 0x02, 0x03, 0x07, 0x07
	.byte 0xE0, 0xE0, 0xC0, 0xC0, 0x80, 0x00, 0x00, 0x00, 0x07, 0x07, 0x03, 0x03, 0x01, 0x00, 0x00, 0x00
	.byte 0x10, 0x00, 0x08, 0x00, 0x3F, 0x00, 0x00, 0xF0, 0x01, 0xF0, 0x01, 0xF0, 0x01, 0xF0, 0x01, 0xF0
	.byte 0x01, 0xF0, 0x01, 0xFF, 0xF0, 0x01, 0xF0, 0x01, 0xF0, 0x01, 0xF0, 0x01, 0xF0, 0x01, 0xF0, 0x01
	.byte 0xF0, 0x01, 0xF0, 0x01, 0xE5, 0xF0, 0x01, 0xF0, 0x01, 0x00, 0x01, 0xC0, 0x0C, 0x00, 0x03, 0x9A
	.byte 0x40, 0x03, 0x28, 0xBA, 0x09, 0x00, 0x03, 0xDD, 0x00, 0x03, 0xDB, 0x00, 0xD0, 0x2B, 0xBA, 0xBB
	.byte 0xD0, 0x2A, 0x9D, 0x00, 0x03, 0x9B, 0x80, 0x03, 0x90, 0x45, 0x84, 0x00, 0x03, 0xBC, 0x00, 0x00
	.byte 0xD0, 0x00, 0x16, 0xBD, 0x9C, 0x82, 0x00, 0x3B, 0xCB, 0x00, 0xAC, 0xBB, 0x99, 0x10, 0x18, 0xCC
	.byte 0xA8, 0x40, 0x2B, 0x09, 0x10, 0x0C, 0xD0, 0x00, 0x05, 0xCD, 0x09, 0x00, 0x07, 0xDD, 0x9C, 0x00
	.byte 0x00, 0xBB, 0x00, 0x03, 0xF0, 0x01, 0xF0, 0x01, 0xFE, 0xF0, 0x01, 0xF0, 0x01, 0xF0, 0x01, 0xF0
	.byte 0x01, 0xF0, 0x01, 0x10, 0x8F, 0x00, 0xE3, 0xD0, 0x52, 0xAA, 0x00, 0xE7, 0xAD, 0x60, 0x03, 0xC0
	.byte 0x0C, 0x00, 0x03, 0xDA, 0x07, 0xAD, 0xBA, 0x00, 0xAD, 0xAA, 0x01, 0x04, 0x00, 0xA7, 0x00, 0xB2
	.byte 0x50, 0xBB, 0x00, 0xC0, 0xBB, 0x00, 0x0C, 0xBB, 0xCB, 0x0D, 0xD0, 0x08, 0xBB, 0xCB, 0x09, 0xAC
	.byte 0x20, 0x03, 0xCC, 0x09, 0xAD, 0x00, 0x00, 0xBC, 0x9B, 0x77, 0xC0, 0xBA, 0x79, 0x77, 0x00, 0xD0
	.byte 0x9A, 0x77, 0x77, 0xAD, 0x79, 0x77, 0x77, 0x00, 0x9A, 0x77, 0x67, 0x76, 0xDA, 0x67, 0x66, 0x76
	.byte 0x40, 0x7D, 0x00, 0x03, 0x79, 0x66, 0x66, 0x76, 0xCD, 0xDC, 0xC0, 0x00, 0xEE, 0x01, 0x5E, 0xCD
	.byte 0x0D, 0xD0, 0x0D, 0xCD, 0x09, 0x20, 0xBD, 0x09, 0x20, 0x03, 0xD9, 0x9B, 0x00, 0xCD, 0xB9, 0x02
	.byte 0x9B, 0xD0, 0xCD, 0xB9, 0xCC, 0xB9, 0x30, 0x84, 0xDD, 0x80, 0x41, 0x36, 0x0D, 0x00, 0xD0, 0xCB
	.byte 0x09, 0x00, 0xBD, 0xCF, 0x00, 0x33, 0x11, 0x1B, 0xCB, 0x0D, 0x21, 0x6E, 0xF0, 0x01, 0xF0, 0x01
	.byte 0xF0, 0x01, 0xF0, 0xF0, 0x01, 0xF0, 0x01, 0x20, 0xFF, 0x10, 0xFB, 0xBD, 0xBB, 0x00, 0xCC, 0xA3
	.byte 0x00, 0x03, 0xAD, 0x00, 0x0B, 0xD0, 0xAD, 0xCA, 0x00, 0x14, 0x00, 0x90, 0x28, 0x00, 0xAD, 0x10
	.byte 0x03, 0xCB, 0x00, 0xE3, 0xCC, 0xCC, 0x99, 0x00, 0xAD, 0xCC, 0xDC, 0xBC, 0xAD, 0xDC, 0xAC, 0xBB
	.byte 0x40, 0xAD, 0x00, 0x22, 0xBD, 0xAA, 0xBA, 0xBB, 0xBD, 0xCA, 0x01, 0xBA, 0xBB, 0xBC, 0xBD, 0xBD
	.byte 0xBB, 0xBB, 0x00, 0xE3, 0x40, 0xD7, 0x20, 0x03, 0x67, 0x66, 0xCD, 0x7D, 0x7B, 0xD6, 0x00, 0x9C
	.byte 0xBD, 0x7B, 0xCD, 0xD9, 0xBC, 0xDB, 0x9C, 0x00, 0xCD, 0xBB, 0xCD, 0xD9, 0xCC, 0xCB, 0xDC, 0xCC
	.byte 0x00, 0xCC, 0xCC, 0xC9, 0xCC, 0xBB, 0x9C, 0xCC, 0xCC, 0x2C, 0xCB, 0xC9, 0x00, 0x0A, 0xDD, 0x00
	.byte 0x03, 0x20, 0x04, 0xBC, 0xDD, 0x04, 0xDD, 0xCC, 0xBC, 0xBB, 0xBB, 0x20, 0x03, 0x09, 0xDD, 0x00
	.byte 0x9B, 0xCC, 0xD9, 0xBB, 0x0D, 0xCC, 0xBC, 0xCC, 0x05, 0x09, 0xCC, 0xCC, 0x9C, 0x00, 0x50, 0x03
	.byte 0xDD, 0x01, 0x38, 0x1D, 0xBB, 0xDB, 0xCD, 0x10, 0x87, 0xF0, 0x01, 0x00, 0x15, 0xDD, 0x11, 0x8F
	.byte 0xF9, 0xC2, 0x80, 0xF0, 0x01, 0xF0, 0x01, 0xF0, 0x01, 0x21, 0x7C, 0xAA, 0x00, 0x02, 0xAC, 0x94
	.byte 0x22, 0xB3, 0xD0, 0x9D, 0x12, 0xB3, 0x90, 0x50, 0x1C, 0xBB, 0xBB, 0x80, 0x00, 0x01, 0xBC, 0xBB
	.byte 0xBA, 0xCB, 0xCC, 0xAC, 0x9A, 0x00, 0xCC, 0xCD, 0xAD, 0x99, 0xD9, 0xCC, 0x9D, 0x91, 0x07, 0xCB
	.byte 0xCC, 0xDC, 0x1E, 0xCD, 0x00, 0xBC, 0x00, 0xFE, 0x00, 0xC0, 0x44, 0xCC, 0x00, 0xE9, 0xCC, 0xDC
	.byte 0xDE, 0x00, 0xB4, 0x1E, 0xBC, 0x00, 0xCB, 0x9C, 0x11, 0xBB, 0x9C, 0xD9, 0xCC, 0x9C, 0x00, 0xC9
	.byte 0x9C, 0xCB, 0x19, 0xC4, 0x9C, 0xDC, 0x11, 0x02, 0xD1, 0x9C, 0xCC, 0xBB, 0xBB, 0xCB, 0x00, 0x03
	.byte 0xCC, 0x40, 0xCC, 0x00, 0x06, 0xBC, 0xDB, 0xDD, 0xDD, 0xBC, 0xAD, 0x00, 0xBB, 0xCC, 0xDC, 0xAA
	.byte 0xBB, 0xCB, 0xDC, 0xBA, 0x10, 0xBB, 0xCB, 0xAD, 0x00, 0x13, 0xCC, 0xBB, 0xDD, 0xBC, 0xC0, 0x00
	.byte 0x3E, 0x11, 0x17, 0xC9, 0xCC, 0xDD, 0xCD, 0x9D, 0xCD, 0x01, 0xDC, 0xCD, 0x9C, 0xDC, 0xDC, 0xCD
	.byte 0xDC, 0x11, 0x3A, 0x08, 0xCC, 0xC9, 0xDC, 0xCD, 0x12, 0x7B, 0xDC, 0xDD, 0xDD, 0x42, 0x9D, 0x01
	.byte 0x2A, 0x9C, 0xBC, 0xCB, 0xDC, 0x01, 0x23, 0x09, 0x31, 0x00, 0xC9, 0x02, 0x1B, 0x00, 0x2C, 0x00
	.byte 0x9D, 0xCC, 0x10, 0x1D, 0xFD, 0xF0, 0x01, 0xF0, 0x01, 0xF0, 0x01, 0xD2, 0x05, 0x80, 0x03, 0xA0
	.byte 0x01, 0xAD, 0x00, 0xA7, 0x80, 0x00, 0xAE, 0x9C, 0xBA, 0xBB, 0x9C, 0xC9, 0xBB, 0xCD, 0x00, 0xCD
	.byte 0xCC, 0xBD, 0xCB, 0xC9, 0xDC, 0xD0, 0x99, 0x00, 0xCC, 0x1D, 0xBD, 0xCB, 0xCD, 0xDC, 0xAD, 0xDB
	.byte 0x00, 0xCD, 0x9C, 0x9C, 0x33, 0xD4, 0x9B, 0x99, 0x33, 0x08, 0xD3, 0x9A, 0x4D, 0x32, 0x00, 0x03
	.byte 0x22, 0xD3, 0xDB, 0x00, 0x4E, 0x24, 0xC1, 0xCD, 0xDE, 0x1D, 0xC1, 0xC9, 0x00, 0xBD, 0xCB, 0x9C
	.byte 0x9D, 0xD0, 0x99, 0xD9, 0xDD, 0x00, 0xBD, 0xDB, 0x99, 0xD9, 0xBD, 0xCD, 0xCC, 0xCC, 0x00, 0x9D
	.byte 0xBC, 0xCB, 0xCD, 0x9C, 0xBB, 0xBB, 0xDD, 0x80, 0x00, 0x03, 0xDC, 0x9C, 0xBB, 0xB9, 0xCC, 0x99
	.byte 0xCB, 0x02, 0x91, 0x9C, 0x9D, 0xC9, 0xE1, 0x1D, 0x10, 0xE3, 0xC9, 0x3E, 0xC9, 0xDC, 0x11, 0x01
	.byte 0x00, 0x03, 0x01, 0x40, 0x01, 0x2C, 0x20, 0x03, 0x99, 0x00, 0xBC, 0xBB, 0x99, 0x90, 0xD9, 0xDD
	.byte 0x9C, 0xCC, 0x18, 0x99, 0x00, 0xDC, 0x01, 0x91, 0x00, 0xF6, 0x00, 0xCC, 0x0D, 0xF7, 0x00, 0x03
	.byte 0x00, 0xFB, 0x00, 0x12, 0x00, 0xFB, 0x0D, 0x02, 0x27, 0xF0, 0xFE, 0xF0, 0x01, 0xEC, 0xF0, 0x01
	.byte 0xF0, 0xFB, 0xA0, 0x03, 0x1F, 0x40, 0x03, 0x22, 0x03, 0xAA, 0xDB, 0x10, 0xCD, 0x0D, 0xAA, 0x02
	.byte 0xA5, 0xBA, 0xBB, 0xDC, 0x00, 0x00, 0xCD, 0xDC, 0x9C, 0x00, 0x91, 0xED, 0x09, 0x00, 0x6B, 0x09
	.byte 0x24, 0xD5, 0x60, 0x01, 0xD9, 0x00, 0x03, 0xC9, 0x92, 0x33, 0x90, 0x01, 0x00, 0xE9, 0xC1, 0xCC
	.byte 0xDD, 0x9D, 0xC9, 0xDC, 0x9D, 0x0F, 0xDC, 0x9D, 0x99, 0x09, 0x00, 0x02, 0xE0, 0x1F, 0x03, 0xED
	.byte 0x03, 0x7F, 0x25, 0xD0, 0xCD, 0x32, 0x87, 0xF0, 0xE1, 0x00, 0x03, 0x9E, 0x55, 0x2A, 0xE8, 0x25
	.byte 0x3B, 0x00, 0xE3, 0x20, 0x03, 0xDD, 0x05, 0x33, 0xE1, 0x09, 0x00, 0x7F, 0x99, 0xA0, 0x1D, 0xF0
	.byte 0x01, 0xF0, 0x01, 0xF0, 0x01, 0xF0, 0x01, 0xF0, 0x01, 0xF0, 0x01, 0xFF, 0xF0, 0x01, 0xF0, 0x01
	.byte 0xF0, 0x01, 0xF0, 0x01, 0xF0, 0x01, 0xF0, 0x01, 0xF0, 0x01, 0xF0, 0x01, 0xC0, 0xF0, 0x01, 0xF0
	.byte 0x01, 0x00, 0x00, 0x00

  .globl gMonPalette_Nidorino
gMonPalette_Nidorino:
  .incbin "build/graphics/pokemon/nidorino/normal_palette.gbapal.lz"

  .globl gMonBackPic_Nidorino
gMonBackPic_Nidorino:
  .incbin "build/graphics/pokemon/nidorino/back.4bpp.lz"

  .globl gMonShinyPalette_Nidorino
gMonShinyPalette_Nidorino:
  .incbin "build/graphics/pokemon/nidorino/shiny_palette.gbapal.lz"

	.globl gMonIcon_Nidorino
gMonIcon_Nidorino: @ 0x08C462E0 [033]
  .incbin "build/graphics/pokemon/nidorino/icon.4bpp"
	@ analyzed canonical ROM range 0x08C466E0-0x08C46BF7
sAnalyzedData_08C466E0: @ 0x08C466E0
	@ structured u8 payload; no safe higher-level semantic type was provable
	.byte 0x00, 0x00, 0x80, 0x90, 0xB0, 0xF8, 0xF0, 0xF8, 0x00, 0x00, 0x00, 0x09, 0x1D, 0x1F, 0x0F, 0x1F
	.byte 0xF8, 0xF8, 0xF0, 0xF0, 0xE0, 0x80, 0x00, 0x00, 0x1F, 0x1F, 0x0F, 0x0F, 0x07, 0x01, 0x00, 0x00
	.byte 0x10, 0x00, 0x08, 0x00, 0x3F, 0x00, 0x00, 0xF0, 0x01, 0xF0, 0x01, 0xF0, 0x01, 0xF0, 0x01, 0xF0
	.byte 0x01, 0x00, 0x01, 0x78, 0xFE, 0xF0, 0x12, 0xF0, 0x01, 0xF0, 0x01, 0xF0, 0x01, 0x00, 0x00, 0xE0
	.byte 0x00, 0x0E, 0x00, 0x00, 0xDE, 0x0F, 0x00, 0xE0, 0xDC, 0x10, 0x0F, 0x00, 0xCE, 0x10, 0x03, 0xED
	.byte 0x00, 0xE0, 0xCC, 0x7C, 0xFD, 0xF0, 0x26, 0xF0, 0x01, 0xF0, 0x01, 0xF0, 0x01, 0xF0, 0x01, 0x00
	.byte 0x00, 0x40, 0xD0, 0x20, 0x03, 0xED, 0xEE, 0x00, 0x00, 0xBD, 0xFB, 0x00, 0x0E, 0x00, 0xE0, 0xBE
	.byte 0xFC, 0x00, 0xE0, 0xCB, 0x05, 0xFC, 0x00, 0xBE, 0xCB, 0xCC, 0x10, 0x03, 0xED, 0x00, 0x03, 0x00
	.byte 0xBB, 0xEB, 0xCE, 0xCC, 0xE0, 0x0F, 0x00, 0xDE, 0x20, 0xE0, 0xFC, 0x10, 0x03, 0xE0, 0xDE, 0xEF
	.byte 0xDC, 0xEE, 0x00, 0xDC, 0xFE, 0xDC, 0xFF, 0xDC, 0xDC, 0xDF, 0xBE, 0x00, 0xDF, 0xDC, 0xDE, 0xBE
	.byte 0xFC, 0xDD, 0xFD, 0xBE, 0x48, 0xDC, 0x00, 0xB4, 0x00, 0x0F, 0x00, 0xBA, 0x0F, 0xBE, 0x0F, 0x80
	.byte 0x10, 0x03, 0xE0, 0xEF, 0xDB, 0x0F, 0xBE, 0xED, 0xDB, 0x00, 0xEF, 0xBE, 0xCF, 0xDC, 0xBE, 0xFB
	.byte 0xDD, 0xED, 0x08, 0xEB, 0xAF, 0x00, 0xEE, 0x00, 0x5A, 0xBB, 0x0F, 0x00, 0x00, 0xBE, 0xFB, 0xEF
	.byte 0x0F, 0xBB, 0xEC, 0xDB, 0x0F, 0x00, 0xCB, 0xCC, 0xFC, 0x0F, 0xAE, 0xAA, 0xCC, 0xFE, 0x00, 0x99
	.byte 0x99, 0xCE, 0xEC, 0x9A, 0x99, 0xE9, 0xDC, 0x81, 0x10, 0xE3, 0xE0, 0xEC, 0xFE, 0x00, 0xE0, 0xCE
	.byte 0x00, 0x07, 0x00, 0xCC, 0xED, 0xEE, 0xE0, 0xCC, 0xEE, 0xDC, 0xE0, 0x00, 0xEE, 0xCC, 0xFD, 0xEF
	.byte 0xCC, 0xDC, 0xFF, 0xCF, 0x1B, 0xCC, 0xFD, 0xDD, 0x91, 0x68, 0x11, 0x0D, 0x0F, 0x80, 0xC0, 0x90
	.byte 0x0B, 0xE0, 0xF0, 0x01, 0xF0, 0x01, 0xF0, 0x01, 0x00, 0x00, 0xBE, 0xBB, 0xEB, 0x20, 0xDE, 0xE0
	.byte 0x00, 0xE9, 0x00, 0xCE, 0xCC, 0xBB, 0x00, 0x01, 0xEE, 0xCD, 0xCC, 0x00, 0xCE, 0xDE, 0xCC, 0x00
	.byte 0x90, 0x92, 0x00, 0x77, 0xCE, 0xDE, 0x01, 0x93, 0xEC, 0xFD, 0x01, 0x07, 0xBE, 0x14, 0xBB, 0xCC
	.byte 0xCC, 0x01, 0x0A, 0xCC, 0x20, 0x01, 0xDD, 0xBD, 0x00, 0xEC, 0xDD, 0xDD, 0xCB, 0x2F, 0xDD, 0xED
	.byte 0xFC, 0x00, 0x11, 0xDE, 0xED, 0x1F, 0x1F, 0xDD, 0xBE, 0xFC, 0x00, 0x99, 0xCC, 0xCE, 0x9F, 0x99
	.byte 0xCC, 0xCC, 0xEF, 0x04, 0x99, 0xDD, 0xCD, 0xDC, 0x9E, 0x00, 0x42, 0xED, 0xE1, 0x82, 0x00, 0x03
	.byte 0xD1, 0xCC, 0xCC, 0xED, 0xDD, 0x00, 0x2D, 0xA9, 0x04, 0x89, 0x88, 0xDE, 0x99, 0x8A, 0x20, 0x03
	.byte 0xFF, 0x99, 0x00, 0x8A, 0xF8, 0xCF, 0x99, 0x8A, 0xDF, 0xDD, 0x99, 0x00, 0xFA, 0xEE, 0xDD, 0xFF
	.byte 0xEF, 0xEE, 0xDF, 0xDE, 0x00, 0xEF, 0xFE, 0xFF, 0xCF, 0xDC, 0xCF, 0xDD, 0xCF, 0x01, 0xFD, 0xCC
	.byte 0xEC, 0xDC, 0x0F, 0xCE, 0xCE, 0x01, 0x80, 0x04, 0xFF, 0xCC, 0xFE, 0xEF, 0xCC, 0x00, 0x37, 0xDC
	.byte 0xDD, 0x01, 0xDD, 0xDD, 0xDD, 0xDE, 0xDD, 0xDD, 0xFF, 0x10, 0xF7, 0x42, 0xDD, 0x00, 0xE8, 0xED
	.byte 0xFF, 0xFF, 0x0F, 0x00, 0x82, 0x0F, 0x00, 0xDC, 0xDD, 0xFF, 0x00, 0xDD, 0xFE, 0xFE, 0x00, 0x17
	.byte 0xFF, 0xCC, 0xED, 0x00, 0x0F, 0xDC, 0xF2, 0x7F, 0xF0, 0x01, 0xF0, 0x01, 0xB5, 0xB2, 0x77, 0xBB
	.byte 0x02, 0x00, 0x10, 0x03, 0xCB, 0x00, 0xF3, 0xCC, 0x30, 0x03, 0x28, 0xE0, 0xCD, 0x00, 0x03, 0xDF
	.byte 0x00, 0x03, 0xFC, 0xDC, 0xDD, 0x68, 0xCD, 0x40, 0xF8, 0x10, 0x01, 0xEE, 0x00, 0x9C, 0x41, 0xE2
	.byte 0xDE, 0x07, 0xFE, 0xEF, 0xDE, 0xED, 0xEF, 0x00, 0x9C, 0x00, 0xA3, 0x10, 0xAA, 0x00, 0xF4, 0xFD
	.byte 0xDF, 0xDD, 0x1F, 0xEF, 0xED, 0xDD, 0x06, 0x1F, 0xF1, 0xDD, 0xDD, 0xEE, 0x00, 0xB4, 0x00, 0x01
	.byte 0xED, 0xC0, 0x00, 0x09, 0x10, 0x1E, 0xDD, 0xDD, 0xFD, 0xCD, 0xDC, 0xFE, 0x28, 0xDD, 0xCF, 0x00
	.byte 0xB6, 0xCC, 0x00, 0x15, 0xDC, 0xED, 0xEE, 0x01, 0xEE, 0xDC, 0xDF, 0xBF, 0xCB, 0xED, 0xCC, 0x10
	.byte 0x03, 0x10, 0xBE, 0xDC, 0xED, 0x01, 0xE1, 0xFD, 0x00, 0xDD, 0xDF, 0x0A, 0xFD, 0x00, 0xED, 0xFE
	.byte 0x00, 0x30, 0xEE, 0x00, 0x2F, 0xEF, 0x10, 0xDF, 0xDD, 0xDC, 0x00, 0x4F, 0xDC, 0xDD, 0xDF, 0xED
	.byte 0x08, 0xEE, 0xFF, 0xFF, 0xDD, 0x02, 0x0F, 0xEE, 0x00, 0xEE, 0x10, 0xCC, 0xDD, 0xEE, 0x00, 0xEC
	.byte 0xDD, 0xEE, 0xEE, 0xCF, 0xA3, 0x00, 0x21, 0xCF, 0x01, 0x0B, 0xCC, 0x0F, 0xF0, 0x00, 0x8D, 0x00
	.byte 0x03, 0xEE, 0x12, 0x03, 0x12, 0x83, 0x12, 0x1B, 0xED, 0x41, 0x2B, 0x20, 0x03, 0x00, 0x14, 0xDD
	.byte 0xD6, 0x10, 0x10, 0xB0, 0x01, 0x44, 0x02, 0xF2, 0x1E, 0x00, 0xEB, 0x10, 0x03, 0xEC, 0x18, 0x00
	.byte 0x00, 0xBF, 0x10, 0xEB, 0x00, 0x5F, 0xCD, 0xCC, 0xDE, 0x00, 0xBB, 0xEB, 0xCC, 0xBE, 0xCC, 0xCC
	.byte 0xCF, 0xF1, 0x00, 0xCC, 0xDC, 0xFD, 0x21, 0xDF, 0xDC, 0xFD, 0x2F, 0x00, 0xDF, 0xDD, 0xFD, 0xFC
	.byte 0xDD, 0xDD, 0xFE, 0xCC, 0x08, 0xFE, 0xFF, 0xFF, 0xCE, 0x00, 0xD5, 0xEC, 0x4D, 0x11, 0x00, 0xE2
	.byte 0xDD, 0x4F, 0x11, 0x22, 0xFD, 0x40, 0x21, 0x00, 0x22, 0x0F, 0x00, 0x24, 0x22, 0x00, 0x00, 0x40
	.byte 0x50, 0x33, 0x00, 0x4F, 0xF4, 0x10, 0xEF, 0xFD, 0xEF, 0xDD, 0xED, 0x00, 0xDE, 0xDD, 0xED, 0x2E
	.byte 0xE2, 0xEE, 0x2E, 0x22, 0x00, 0x22, 0x42, 0x22, 0x22, 0x22, 0xF3, 0x23, 0x22, 0x00, 0x43, 0x44
	.byte 0x44, 0x33, 0x34, 0x33, 0x33, 0x44, 0x04, 0xED, 0xDD, 0xFE, 0xEE, 0x2E, 0x00, 0x42, 0x22, 0x22
	.byte 0x00, 0xE2, 0xCE, 0x42, 0xE4, 0xEF, 0xBC, 0x14, 0xE1, 0x00, 0xDD, 0xBC, 0x42, 0x14, 0xF2, 0xCC
	.byte 0x43, 0x11, 0x10, 0xF2, 0xCC, 0x33, 0x02, 0xE1, 0xCC, 0xCC, 0xEC, 0xFF, 0x04, 0xBC, 0xBB, 0xCC
	.byte 0x1E, 0xBB, 0x10, 0x03, 0xCB, 0xCC, 0x00, 0x1E, 0xCB, 0xCC, 0xEC, 0x11, 0xCC, 0xCC, 0x1E, 0x00
	.byte 0x31, 0xCC, 0xED, 0x31, 0xF3, 0xDC, 0xED, 0xFF, 0x40, 0x0F, 0x00, 0xF3, 0xEE, 0xDF, 0xDD, 0xCF
	.byte 0xCC, 0xF3, 0x80, 0x00, 0x2B, 0xF3, 0xF0, 0xCC, 0xDC, 0xF3, 0xF0, 0xDD, 0x05, 0xDD, 0x0F, 0xDF
	.byte 0xDD, 0xDD, 0x00, 0x06, 0xDD, 0x00, 0x06, 0x8B, 0x00, 0x7C, 0x00, 0x00, 0xEE, 0x00, 0x03, 0xDD
	.byte 0x02, 0x09, 0x10, 0x0B, 0xE8, 0x60, 0x03, 0x10, 0x0F, 0x22, 0x1D, 0xEF, 0x03, 0xE0, 0x14, 0x21
	.byte 0x00, 0x01, 0x00, 0x24, 0xF3, 0x00, 0x00, 0xF0, 0xCE, 0x00, 0x10, 0x70, 0xFF, 0x91, 0x10, 0x00
	.byte 0x43, 0x00, 0x4E, 0xED, 0x00, 0xDC, 0xDD, 0x00, 0xFE, 0xE0, 0xEC, 0xEE, 0x0E, 0xD0, 0x2E, 0xF2
	.byte 0x03, 0x0F, 0xBE, 0xFF, 0x0F, 0x00, 0xBD, 0x01, 0x27, 0x01, 0x1B, 0x00, 0xD0, 0xCC, 0xE0, 0x0E
	.byte 0xE0, 0x1E, 0xBE, 0xFC, 0x08, 0xCE, 0x1E, 0xBB, 0xFC, 0x00, 0x9F, 0xEC, 0xDD, 0x3E, 0x01, 0xCB
	.byte 0xDC, 0xDF, 0xED, 0xCB, 0xDD, 0xFE, 0x01, 0x9F, 0x02, 0xED, 0xFF, 0xDD, 0xFD, 0xFF, 0xED, 0x00
	.byte 0xED, 0x22, 0x68, 0x21, 0x10, 0x04, 0x40, 0x01, 0x23, 0x00, 0x03, 0x3E, 0x22, 0x22, 0x01, 0x32
	.byte 0xEF, 0x33, 0x33, 0x33, 0x00, 0xEE, 0x01, 0x00, 0xA0, 0x02, 0xB4, 0x14, 0x01, 0x54, 0xE2, 0x21
	.byte 0xCF, 0xDD, 0x22, 0x00, 0xFF, 0xCF, 0xDD, 0x32, 0xDE, 0xFD, 0xFF, 0x33, 0x04, 0xDE, 0xED, 0xCC
	.byte 0x33, 0xE3, 0x00, 0x03, 0xF4, 0xCE, 0x71, 0xCE, 0x11, 0xF1, 0x00, 0xC4, 0x20, 0xCD, 0xED, 0xFF
	.byte 0xED, 0x02, 0x29, 0x2C, 0xFD, 0xDD, 0x01, 0x82, 0xDF, 0x00, 0x03, 0x01, 0xF5, 0xFD, 0xFD, 0xFB
	.byte 0x22, 0x4F, 0x01, 0x5D, 0x22, 0x52, 0x20, 0x03, 0x13, 0x16, 0xDD, 0x12, 0x29, 0x00, 0x03, 0xFF
	.byte 0x02, 0x35, 0x13, 0x1B, 0x40, 0x03, 0x10, 0xEE, 0x10, 0x03, 0x12, 0x13, 0xF4, 0x1B, 0xF0, 0x01
	.byte 0xD7, 0x40, 0x01, 0x03, 0xE7, 0xD0, 0x02, 0x0B, 0xE0, 0x12, 0x0B, 0x10, 0x07, 0x02, 0x1B, 0x20
	.byte 0x40, 0x11, 0x01, 0x33, 0x11, 0x00, 0x40, 0x21, 0x33, 0x5C, 0xDD, 0x02, 0x71, 0xFF, 0x03, 0x8D
	.byte 0x02, 0xBD, 0x22, 0xEF, 0x11, 0xFE, 0x80, 0x00, 0x03, 0x33, 0xEF, 0xEE, 0x33, 0xF4, 0xF4, 0xFF
	.byte 0x40, 0xF4, 0x00, 0x64, 0xEE, 0xE0, 0xFE, 0xFF, 0xFD, 0x00, 0x49, 0xEE, 0x01, 0x82, 0xF0, 0xEE
	.byte 0x00, 0x83, 0xF0, 0xEE, 0x00, 0x13, 0xC1, 0x91, 0x60, 0x02, 0xAA, 0xCE, 0xEE, 0xFE, 0xCC, 0xEC
	.byte 0x02, 0xBA, 0x20, 0xCC, 0xEF, 0x03, 0x3E, 0x00, 0xFF, 0xBF, 0xCB, 0x00, 0x32, 0xF0, 0xBB, 0x10
	.byte 0x03, 0x04, 0x67, 0xCB, 0xEC, 0x01, 0x77, 0xFD, 0x9B, 0x01, 0xE1, 0xFD, 0xFE, 0x01, 0x4D, 0x04
	.byte 0x2E, 0xED, 0x13, 0xF9, 0x10, 0x6B, 0x80, 0x02, 0x76, 0xDE, 0x23, 0x32, 0x33, 0xF4, 0xDD, 0xED
	.byte 0x04, 0xEE, 0x0F, 0xEE, 0xEE, 0xFE, 0x00, 0x61, 0x0F, 0x00, 0x7F, 0xFD, 0x00, 0x5B, 0x22, 0xE7
	.byte 0x02, 0xDB, 0x50, 0xEF, 0xF0, 0x01, 0xF0, 0x01, 0xF0, 0x01, 0x9F, 0x80, 0x01, 0xF0, 0xFF, 0xA2
	.byte 0x0F, 0xD0, 0x01, 0xF1, 0x47, 0xF0, 0x01, 0xF0, 0x01, 0x96, 0x90, 0x01, 0xCE, 0x3E, 0x01, 0x53
	.byte 0x4F, 0xF0, 0x17, 0x30, 0x01, 0x11, 0x10, 0x21, 0x33, 0xF3, 0x10, 0x03, 0x14, 0x21, 0x33, 0xF4
	.byte 0x01, 0x40, 0x22, 0x33, 0x0F, 0x00, 0x34, 0x43, 0x01, 0x45, 0xF8, 0x70, 0x92, 0xF0, 0x7F, 0xF0
	.byte 0x01, 0xF0, 0x01, 0x70, 0x01, 0x00, 0x00, 0x00

  .globl gMonPalette_Nidoking
gMonPalette_Nidoking:
  .incbin "build/graphics/pokemon/nidoking/normal_palette.gbapal.lz"
  .space 0x2, 0x00

  .globl gMonBackPic_Nidoking
gMonBackPic_Nidoking:
  .incbin "build/graphics/pokemon/nidoking/back.4bpp.lz"

  .globl gMonShinyPalette_Nidoking
gMonShinyPalette_Nidoking:
  .incbin "build/graphics/pokemon/nidoking/shiny_palette.gbapal.lz"
  .space 0x2, 0x00
	.globl gMonIcon_Nidoking
gMonIcon_Nidoking: @ 0x08C47084 [034]
  .incbin "build/graphics/pokemon/nidoking/icon.4bpp"
	@ analyzed canonical ROM range 0x08C47484-0x08C4772B
sAnalyzedData_08C47484: @ 0x08C47484
	@ structured u8 payload; no safe higher-level semantic type was provable
	.byte 0x80, 0xE0, 0xF0, 0xF8, 0xF0, 0xF8, 0xFC, 0xFC, 0x01, 0x07, 0x0F, 0x1F, 0x0F, 0x1F, 0x3F, 0x3F
	.byte 0xFC, 0xF8, 0xF8, 0xF8, 0xF0, 0xE0, 0x80, 0x00, 0x3F, 0x1F, 0x1F, 0x1F, 0x0F, 0x07, 0x01, 0x00
	.byte 0x10, 0x00, 0x08, 0x00, 0x3F, 0x00, 0x00, 0xF0, 0x01, 0xF0, 0x01, 0xF0, 0x01, 0xF0, 0x01, 0xF0
	.byte 0x01, 0xF0, 0x01, 0xFF, 0xF0, 0x01, 0xF0, 0x01, 0xF0, 0x01, 0xF0, 0x01, 0xF0, 0x01, 0xF0, 0x01
	.byte 0xF0, 0x01, 0xF0, 0x01, 0xFE, 0xF0, 0x01, 0xF0, 0x01, 0xF0, 0x01, 0xF0, 0x01, 0xF0, 0x01, 0xF0
	.byte 0x01, 0xF0, 0x01, 0x00, 0x1F, 0xED, 0xEE, 0x0E, 0xF0, 0x14, 0xF0, 0x01, 0xF0, 0x01, 0xF0, 0x01
	.byte 0xF0, 0x01, 0xFB, 0xF0, 0x01, 0xF0, 0x01, 0xF0, 0x01, 0xF0, 0x01, 0xE0, 0x01, 0x90, 0xC0, 0x03
	.byte 0x10, 0x01, 0x40, 0xD0, 0x00, 0x03, 0xBD, 0x88, 0x88, 0xEE, 0xBD, 0x77, 0x04, 0x97, 0xEC, 0xBB
	.byte 0x77, 0xC9, 0x40, 0x03, 0xCE, 0xDC, 0x01, 0xBE, 0xDD, 0xBB, 0xBB, 0xEB, 0xBB, 0xBB, 0x30, 0x01
	.byte 0x00, 0xDB, 0xED, 0xCC, 0xBB, 0xCD, 0xCC, 0xCE, 0xBC, 0x08, 0xCD, 0xCC, 0xEC, 0xCC, 0x10, 0x03
	.byte 0xDC, 0xCD, 0xEC, 0x20, 0xCC, 0x0F, 0x00, 0x38, 0xFC, 0x00, 0x90, 0x99, 0xCC, 0x04, 0xFE, 0xDF
	.byte 0x69, 0xEC, 0xCE, 0x00, 0x32, 0xBB, 0x9B, 0x2A, 0x77, 0xBB, 0x30, 0x03, 0xF7, 0x00, 0x03, 0x9F
	.byte 0x10, 0x5C, 0x99, 0x00, 0x09, 0x00, 0x00, 0x66, 0xF7, 0x0F, 0x00, 0x77, 0x00, 0x9F, 0x0F, 0x00
	.byte 0xF7, 0x99, 0x0F, 0x00, 0x9F, 0x97, 0x00, 0x03, 0x99, 0x99, 0x00, 0x17, 0xF9, 0xF0, 0x9C, 0xF0
	.byte 0x01, 0xF0, 0x01, 0xF8, 0xF0, 0x01, 0xF0, 0x01, 0xF0, 0x01, 0xF0, 0x01, 0x10, 0x01, 0x79, 0xCC
	.byte 0xBE, 0x00, 0xEB, 0x79, 0xEC, 0xBB, 0xBB, 0xE0, 0xDC, 0xBB, 0x00, 0xBB, 0xD0, 0xBE, 0xCB, 0x1B
	.byte 0x00, 0xBE, 0xDB, 0x00, 0xFB, 0x00, 0xBD, 0xDB, 0xFB, 0xD0, 0xBB, 0xBB, 0x02, 0xCD, 0xED, 0xBB
	.byte 0x44, 0xBB, 0xCC, 0x00, 0xEF, 0xEE, 0x20, 0xEE, 0xCC, 0x00, 0xFD, 0xB1, 0xBC, 0xBB, 0xBB, 0xBF
	.byte 0x60, 0xBD, 0x30, 0x03, 0x00, 0x2C, 0xBB, 0xBB, 0x4B, 0x5D, 0x55, 0x81, 0x00, 0x0A, 0xBB, 0xFB
	.byte 0x99, 0xBB, 0xBB, 0xFC, 0x00, 0x03, 0x80, 0x10, 0x07, 0xDE, 0xDD, 0xBB, 0xEB, 0xF1, 0xDD, 0xEB
	.byte 0x00, 0xEE, 0xF2, 0xDD, 0xBE, 0xCB, 0xEC, 0xDF, 0xEB, 0x00, 0xCC, 0x1E, 0xF1, 0x99, 0x0F, 0xEE
	.byte 0x0E, 0x99, 0x00, 0xEF, 0xCC, 0x0F, 0xF9, 0xCE, 0xFC, 0x00, 0xF9, 0x00, 0xCC, 0xEC, 0xFE, 0xFD
	.byte 0xDD, 0xCC, 0xFC, 0xED, 0x00, 0xDD, 0xCD, 0x0F, 0xDD, 0xEF, 0xEE, 0x00, 0xDD, 0x3F, 0xDF, 0xED
	.byte 0x11, 0x3E, 0xF0, 0x01, 0xF0, 0x01, 0xF0, 0x01, 0xF0, 0x01, 0xF0, 0x01, 0xD5, 0x71, 0xDB, 0x10
	.byte 0x03, 0xBE, 0x40, 0x03, 0xCE, 0x00, 0x03, 0xF0, 0x50, 0x1C, 0x40, 0x1B, 0x00, 0xC1, 0xEB, 0xDE
	.byte 0xBB, 0xBB, 0x1D, 0xE2, 0xA0, 0x30, 0x03, 0xDC, 0x00, 0xD2, 0xDD, 0xBE, 0xBB, 0xBB, 0xFF, 0xA0
	.byte 0x00, 0x03, 0x00, 0x00, 0x03, 0x5B, 0x45, 0xB5, 0xBB, 0xBB, 0x5C, 0x44, 0x00, 0x03, 0x54, 0x52
	.byte 0x05, 0xB0, 0x01, 0x00, 0xE3, 0xF2, 0xBB, 0x01, 0xBE, 0xEC, 0xFC, 0xBB, 0xBD, 0xBB, 0xFC, 0x00
	.byte 0x0E, 0x50, 0xDF, 0x30, 0x03, 0xCB, 0x02, 0x36, 0xCC, 0xDD, 0xBB, 0xCB, 0x00, 0xDC, 0xDD, 0xDD
	.byte 0xDE, 0xDD, 0xFD, 0xDD, 0xFD, 0x05, 0xCD, 0xCC, 0xDD, 0xFD, 0xCE, 0x00, 0x03, 0xED, 0x90, 0x03
	.byte 0x5D, 0xCD, 0x00, 0x03, 0xDD, 0x10, 0x83, 0x11, 0x04, 0x13, 0x48, 0xFC, 0x40, 0x03, 0x7F, 0xFD
	.byte 0x80, 0x03, 0xF0, 0x01, 0xF0, 0x01, 0xF0, 0x01, 0xF0, 0x01, 0xF0, 0x01, 0x40, 0x01, 0x01, 0xE0
	.byte 0xCB, 0xBB, 0x00, 0xE0, 0xBB, 0xBD, 0x01, 0x1A, 0x05, 0xEB, 0x00, 0x00, 0xBF, 0xCB, 0x01, 0x1A
	.byte 0xCC, 0x00, 0x15, 0x60, 0xDF, 0x51, 0x23, 0x40, 0xE6, 0xCB, 0xCE, 0xCC, 0xCC, 0xCC, 0x00, 0xEC
	.byte 0xDE, 0xDD, 0xDD, 0xDD, 0xDD, 0xEE, 0xFF, 0x00, 0x33, 0xDD, 0xFD, 0x00, 0x11, 0xD3, 0x0F, 0x00
	.byte 0x00, 0xFF, 0xFF, 0x00, 0x00, 0xCB, 0xCC, 0xDD, 0xDD, 0xC4, 0x00, 0x02, 0x60, 0x01, 0xFF, 0xFF
	.byte 0xDE, 0x00, 0xD3, 0xF0, 0xEF, 0x95, 0x50, 0x5E, 0xDD, 0xFE, 0x00, 0x34, 0xDF, 0x00, 0x18, 0xDF
	.byte 0x00, 0xED, 0x00, 0xDF, 0xFD, 0x0F, 0x2E, 0xFF, 0x0F, 0x00, 0x22, 0xFF, 0x00, 0xF0, 0x00, 0x3A
	.byte 0x20, 0x01, 0x10, 0xF7, 0xF2, 0x04, 0xF0, 0x01, 0xF0, 0x01, 0xF0, 0x01, 0xFF, 0xF0, 0x01, 0xF0
	.byte 0x01, 0xF0, 0x01, 0xF0, 0x01, 0xF0, 0x01, 0xF0, 0x01, 0xF0, 0x01, 0xF0, 0x01, 0xFF, 0xF0, 0x01
	.byte 0xF0, 0x01, 0xF0, 0x01, 0xF0, 0x01, 0xF0, 0x01, 0xF0, 0x01, 0xF0, 0x01, 0xF0, 0x01, 0xFF, 0xF0
	.byte 0x01, 0xF0, 0x01, 0xF0, 0x01, 0xF0, 0x01, 0xF0, 0x01, 0xF0, 0x01, 0xF0, 0x01, 0xF0, 0x01, 0xF0
	.byte 0xF0, 0x01, 0xF0, 0x01, 0xF0, 0x01, 0xB0, 0x01

  .globl gMonPalette_Clefairy
gMonPalette_Clefairy:
  .incbin "build/graphics/pokemon/clefairy/normal_palette.gbapal.lz"

  .globl gMonBackPic_Clefairy
gMonBackPic_Clefairy:
  .incbin "build/graphics/pokemon/clefairy/back.4bpp.lz"

  .globl gMonShinyPalette_Clefairy
gMonShinyPalette_Clefairy:
  .incbin "build/graphics/pokemon/clefairy/shiny_palette.gbapal.lz"

	.globl gMonIcon_Clefairy
gMonIcon_Clefairy: @ 0x08C47A4C [035]
  .incbin "build/graphics/pokemon/clefairy/icon.4bpp"
	@ analyzed canonical ROM range 0x08C47E4C-0x08C481A7
sAnalyzedData_08C47E4C: @ 0x08C47E4C
	@ structured u8 payload; no safe higher-level semantic type was provable
	.byte 0x00, 0x00, 0x00, 0x80, 0xC0, 0xC0, 0xE0, 0xE0, 0x00, 0x00, 0x00, 0x01, 0x03, 0x03, 0x07, 0x07
	.byte 0xE0, 0xE0, 0xE0, 0xE0, 0xC0, 0x00, 0x00, 0x00, 0x07, 0x07, 0x07, 0x07, 0x03, 0x00, 0x00, 0x00
	.byte 0x10, 0x00, 0x08, 0x00, 0x3F, 0x00, 0x00, 0xF0, 0x01, 0xF0, 0x01, 0xF0, 0x01, 0xF0, 0x01, 0xF0
	.byte 0x01, 0xF0, 0x01, 0xFF, 0xF0, 0x01, 0xF0, 0x01, 0xF0, 0x01, 0xF0, 0x01, 0xF0, 0x01, 0xF0, 0x01
	.byte 0xF0, 0x01, 0xF0, 0x01, 0xED, 0xF0, 0x01, 0xF0, 0x01, 0x20, 0x01, 0xE0, 0xF0, 0x03, 0x70, 0x01
	.byte 0x0E, 0x00, 0x03, 0x54, 0xEC, 0x00, 0x03, 0xCC, 0x00, 0x08, 0xCE, 0x00, 0x08, 0xDE, 0xDD, 0x00
	.byte 0x0E, 0x00, 0xEE, 0xDD, 0xEE, 0x00, 0xEE, 0x5E, 0x70, 0x55, 0x10, 0x1A, 0xF0, 0x01, 0x10, 0x01
	.byte 0x70, 0x88, 0x78, 0x00, 0x1B, 0x58, 0x55, 0x65, 0xF0, 0x18, 0x70, 0x01, 0x08, 0xF0, 0x12, 0x50
	.byte 0x01, 0x00, 0xEE, 0x00, 0xE0, 0xEE, 0xCC, 0xE0, 0xCE, 0xCC, 0x47, 0xEE, 0xF0, 0x1A, 0x00, 0x00
	.byte 0x9E, 0x80, 0x03, 0xF0, 0x01, 0xF0, 0x01, 0xF4, 0xF0, 0x01, 0xF0, 0x01, 0xF0, 0x01, 0x00, 0x01
	.byte 0x77, 0x00, 0x88, 0x55, 0x55, 0x04, 0x86, 0x80, 0x55, 0x55, 0x66, 0x00, 0x03, 0x55, 0x70, 0xE0
	.byte 0x00, 0x03, 0x00, 0xD3, 0x30, 0x03, 0x57, 0x75, 0x55, 0x00, 0x70, 0x40, 0x57, 0x00, 0x13, 0x65
	.byte 0x66, 0x88, 0x55, 0x66, 0x66, 0x00, 0x86, 0x65, 0x86, 0x68, 0x86, 0x65, 0x68, 0x86, 0x00, 0x85
	.byte 0x55, 0x66, 0x85, 0x65, 0x58, 0x55, 0x85, 0x08, 0x55, 0x86, 0x88, 0x68, 0x00, 0x1A, 0x66, 0x86
	.byte 0x00, 0x00, 0x00, 0x80, 0x96, 0x07, 0x80, 0x57, 0x66, 0x99, 0x0E, 0x58, 0x55, 0x66, 0x56, 0x00
	.byte 0x48, 0x00, 0x43, 0x00, 0x03, 0x65, 0x84, 0x40, 0x06, 0x66, 0x68, 0xE6, 0xEC, 0x00, 0x62, 0xEE
	.byte 0x9E, 0x00, 0x55, 0x65, 0xEE, 0x09, 0x65, 0x66, 0x9E, 0x00, 0x10, 0x66, 0x66, 0x0E, 0x00, 0x03
	.byte 0x07, 0x00, 0x66, 0x96, 0x03, 0x00, 0x00, 0x66, 0x09, 0x00, 0x00, 0x00, 0x02, 0xF0, 0x01, 0xF8
	.byte 0xF0, 0x01, 0xF0, 0x01, 0xF0, 0x01, 0xF0, 0x01, 0x10, 0x01, 0x57, 0x87, 0x00, 0x80, 0x00, 0xCF
	.byte 0x87, 0x00, 0x80, 0x66, 0x55, 0x00, 0x00, 0x32, 0x68, 0x66, 0x00, 0xAE, 0x00, 0x03, 0x00, 0x68
	.byte 0x00, 0x03, 0x80, 0x80, 0x00, 0x03, 0x88, 0x00, 0x70, 0x58, 0x55, 0x00, 0x80, 0x05, 0x55, 0x65
	.byte 0x88, 0x80, 0x55, 0x20, 0xD7, 0x66, 0x01, 0xD3, 0x8C, 0x00, 0x03, 0x55, 0x86, 0x57, 0x30, 0x03
	.byte 0x10, 0x01, 0x15, 0x55, 0x03, 0x55, 0x51, 0x95, 0x55, 0x55, 0x59, 0x10, 0x03, 0x00, 0xE2, 0x00
	.byte 0x65, 0x75, 0x88, 0x88, 0x55, 0x55, 0xB8, 0x8A, 0xDE, 0x30, 0x03, 0x00, 0x2E, 0x56, 0x20, 0x32
	.byte 0x20, 0x36, 0x11, 0x02, 0xA0, 0x01, 0x86, 0x00, 0x80, 0x08, 0x88, 0x98, 0x80, 0x85, 0x86, 0x97
	.byte 0x0B, 0x58, 0x85, 0x86, 0x87, 0x00, 0x5E, 0x57, 0x00, 0x27, 0x00, 0x33, 0x57, 0x86, 0x00, 0x2A
	.byte 0x96, 0x00, 0x0A, 0x79, 0x50, 0xA6, 0x11, 0x07, 0x10, 0x03, 0x00, 0x88, 0x88, 0x88, 0x09, 0x66
	.byte 0x66, 0x66, 0x09, 0x0F, 0x77, 0x77, 0x98, 0x00, 0x00, 0x02, 0xF0, 0xCF, 0xF0, 0x01, 0xF0, 0x01
	.byte 0x80, 0xA0, 0x01, 0x78, 0x65, 0x00, 0x70, 0x55, 0x66, 0x00, 0x13, 0x70, 0x98, 0x89, 0x30, 0xF3
	.byte 0x80, 0x58, 0x00, 0x03, 0x01, 0x0B, 0x32, 0x80, 0x88, 0x01, 0x18, 0x00, 0xF2, 0x55, 0x55, 0x10
	.byte 0x03, 0x55, 0xDD, 0x10, 0xB8, 0x00, 0xEF, 0x65, 0x00, 0x03, 0x20, 0xC8, 0x10, 0x03, 0x59, 0x00
	.byte 0x13, 0x7F, 0x85, 0x20, 0x1D, 0xF0, 0x01, 0xF0, 0x01, 0x11, 0xF3, 0x41, 0xF7, 0x31, 0xFB, 0x10
	.byte 0x03, 0x00, 0x65, 0x66, 0x96, 0x77, 0x66, 0x66, 0x79, 0x87, 0x80, 0x30, 0x06, 0x77, 0x77, 0x86
	.byte 0x79, 0x96, 0x99, 0x86, 0x00, 0x78, 0x96, 0x66, 0x66, 0x78, 0x67, 0x69, 0x66, 0x1A, 0x79, 0x67
	.byte 0x68, 0x50, 0xE2, 0x10, 0x07, 0x66, 0x00, 0x04, 0x77, 0x02, 0x77, 0x09, 0x00, 0x98, 0x99, 0x09
	.byte 0x22, 0x1B, 0x66, 0x7A, 0x95, 0xF0, 0xCD, 0xF0, 0x01, 0xF0, 0x01, 0xB0, 0x01, 0x88, 0x00, 0xEF
	.byte 0x00, 0x65, 0x59, 0x21, 0xEB, 0xF0, 0x1C, 0x00, 0x96, 0x00, 0xE3, 0x09, 0x00, 0x03, 0x59, 0x00
	.byte 0x10, 0x03, 0x68, 0x00, 0x03, 0x03, 0x08, 0x00, 0x90, 0x20, 0x03, 0x0F, 0x66, 0x00, 0x80, 0x56
	.byte 0x10, 0xCF, 0xF0, 0x01, 0x00, 0xDF, 0x01, 0xA3, 0x3F, 0x66, 0x67, 0x00, 0x03, 0x10, 0x0A, 0x20
	.byte 0x03, 0x03, 0x0B, 0x30, 0x15, 0x40, 0x01, 0xC0, 0x00, 0x0C, 0x12, 0x17, 0x66, 0x89, 0x79, 0x96
	.byte 0x66, 0x69, 0x00, 0x96, 0x99, 0x66, 0x69, 0x66, 0x76, 0x66, 0x68, 0x0A, 0x66, 0x77, 0x66, 0x86
	.byte 0x10, 0x03, 0x76, 0x11, 0x0F, 0x97, 0x88, 0x00, 0x03, 0x69, 0x66, 0x85, 0x00, 0xE7, 0x55, 0x08
	.byte 0x00, 0x15, 0x68, 0x56, 0x09, 0x20, 0x03, 0x69, 0x00, 0x03, 0x66, 0x10, 0x03, 0xFF, 0x00, 0x13
	.byte 0x10, 0x1B, 0xF0, 0x01, 0xF0, 0x01, 0xF0, 0x01, 0xF0, 0x01, 0xF0, 0x01, 0x50, 0x01, 0x56, 0x58
	.byte 0x04, 0xC3, 0x59, 0x00, 0x03, 0x68, 0x12, 0x13, 0x00, 0x03, 0x90, 0x82, 0x13, 0x1F, 0x83, 0x00
	.byte 0x00, 0x30, 0x31, 0x00, 0x0B, 0x99, 0x40, 0x86, 0x10, 0xE4, 0x86, 0x99, 0x99, 0x66, 0x76, 0x97
	.byte 0x92, 0x01, 0xC0, 0x87, 0x99, 0x02, 0x9A, 0x00, 0x88, 0x00, 0x03, 0x21, 0xD0, 0x01, 0xAB, 0x01
	.byte 0xA6, 0x00, 0x13, 0xF2, 0x68, 0x56, 0x65, 0x88, 0x00, 0x87, 0x68, 0x65, 0x86, 0x77, 0x87, 0x66
	.byte 0x66, 0x0A, 0x98, 0x99, 0x68, 0x76, 0x00, 0x4B, 0xA7, 0x00, 0x4B, 0x99, 0x80, 0x21, 0x7D, 0x98
	.byte 0x99, 0x66, 0x81, 0x21, 0x69, 0x66, 0x00, 0x88, 0x88, 0x69, 0x66, 0x77, 0x77, 0x79, 0x67, 0x00
	.byte 0xBA, 0x97, 0x77, 0x98, 0xBB, 0x99, 0x89, 0x00, 0xD7, 0x20, 0x1C, 0x00, 0x01, 0x56, 0x01, 0xE3
	.byte 0x55, 0x00, 0x47, 0x11, 0xEA, 0xF4, 0x0B, 0xFF, 0xF0, 0x01, 0xF0, 0x01, 0xF0, 0x01, 0xF0, 0x01
	.byte 0xF0, 0x01, 0xF0, 0x01, 0xF0, 0x01, 0xF0, 0x01, 0xFF, 0xF0, 0x01, 0xF0, 0x01, 0xF0, 0x01, 0xF0
	.byte 0x01, 0xF0, 0x01, 0xF0, 0x01, 0xF0, 0x01, 0xF0, 0x01, 0x00, 0x00, 0x00

  .globl gMonPalette_Clefable
gMonPalette_Clefable:
  .incbin "build/graphics/pokemon/clefable/normal_palette.gbapal.lz"

  .globl gMonBackPic_Clefable
gMonBackPic_Clefable:
  .incbin "build/graphics/pokemon/clefable/back.4bpp.lz"

  .globl gMonShinyPalette_Clefable
gMonShinyPalette_Clefable:
  .incbin "build/graphics/pokemon/clefable/shiny_palette.gbapal.lz"
