
	.globl gMonIcon_Victreebel
gMonIcon_Victreebel: @ 0x08C605B0 [071]
  .incbin "build/graphics/pokemon/victreebel/icon.4bpp"
	@ analyzed canonical ROM range 0x08C609B0-0x08C60C6F
sAnalyzedData_08C609B0: @ 0x08C609B0
	@ structured u8 payload; no safe higher-level semantic type was provable
	.byte 0x00, 0x00, 0x00, 0x00, 0x00, 0x00, 0x00, 0x00, 0x00, 0x00, 0x00, 0x00, 0x00, 0x00, 0x00, 0x00
	.byte 0x00, 0x00, 0x00, 0x00, 0x00, 0x00, 0x00, 0x00, 0x00, 0x00, 0x00, 0x00, 0x00, 0x00, 0x00, 0x00
	.byte 0x10, 0x00, 0x08, 0x00, 0x3F, 0x00, 0x00, 0xF0, 0x01, 0xF0, 0x01, 0xF0, 0x01, 0xF0, 0x01, 0xF0
	.byte 0x01, 0xF0, 0x01, 0xFF, 0xF0, 0x01, 0xF0, 0x01, 0xF0, 0x01, 0xF0, 0x01, 0xF0, 0x01, 0xF0, 0x01
	.byte 0xF0, 0x01, 0xF0, 0x01, 0xFD, 0xF0, 0x01, 0xF0, 0x01, 0xF0, 0x01, 0xF0, 0x01, 0xF0, 0x01, 0x00
	.byte 0x01, 0x50, 0x40, 0x03, 0x00, 0xD0, 0x00, 0x00, 0xE0, 0xCD, 0x00, 0x54, 0xBE, 0x00, 0xCB, 0x40
	.byte 0xE1, 0xBB, 0xBB, 0x14, 0xBE, 0xBB, 0x20, 0xBB, 0x25, 0x00, 0x03, 0xE4, 0xCC, 0xBB, 0xCB, 0xE3
	.byte 0x00, 0xCC, 0xCC, 0xCC, 0xFE, 0xFF, 0x00, 0x00, 0xCC, 0x00, 0xBC, 0x55, 0x55, 0xCC, 0xEB, 0x44
	.byte 0x44, 0xBC, 0x01, 0x4E, 0x24, 0x22, 0xBC, 0x4E, 0x12, 0x11, 0x70, 0x03, 0x28, 0x24, 0x22, 0x50
	.byte 0x4C, 0x55, 0x00, 0x03, 0x44, 0x05, 0x00, 0x10, 0x00, 0x42, 0x54, 0x00, 0x03, 0x53, 0x00, 0x00
	.byte 0x32, 0x07, 0x33, 0x05, 0x00, 0x23, 0x32, 0x00, 0x10, 0xF0, 0x01, 0xF0, 0x01, 0xFD, 0xF0, 0x01
	.byte 0xF0, 0x01, 0xF0, 0x01, 0xF0, 0x01, 0xF0, 0x01, 0x90, 0xE7, 0xE0, 0x00, 0x03, 0x7A, 0xF0, 0x40
	.byte 0x03, 0x60, 0x01, 0x10, 0xE3, 0x10, 0x03, 0xCE, 0x00, 0x03, 0xCC, 0x00, 0xCC, 0xDB, 0xCC, 0xCC
	.byte 0xBC, 0xEE, 0xCD, 0xCE, 0x00, 0xEC, 0x31, 0xDE, 0xCF, 0xEC, 0x34, 0xDE, 0xCF, 0x14, 0xCC, 0xEE
	.byte 0xCC, 0x00, 0xF7, 0x34, 0x00, 0x03, 0x33, 0xCC, 0x14, 0xBC, 0x4E, 0x33, 0x00, 0x0C, 0x34, 0x10
	.byte 0x20, 0xCC, 0xCC, 0x20, 0xDC, 0xDD, 0x50, 0x03, 0x23, 0x32, 0x0F, 0x00, 0x33, 0x40, 0x33, 0x80
	.byte 0x03, 0xF3, 0x00, 0x00, 0xEE, 0xFE, 0x00, 0x01, 0x00, 0xDD, 0xED, 0x00, 0x00, 0xCD, 0xDE, 0xF0
	.byte 0x8C, 0xFF, 0xF0, 0x01, 0xF0, 0x01, 0xF0, 0x01, 0xF0, 0x01, 0xF0, 0x01, 0xF0, 0x01, 0x80, 0x01
	.byte 0x10, 0xFB, 0x92, 0x00, 0x8D, 0xE0, 0xDC, 0x30, 0x03, 0xD0, 0xCB, 0x00, 0x0F, 0xBD, 0x98, 0x00
	.byte 0x03, 0xEE, 0xE0, 0x11, 0xE3, 0x00, 0x03, 0xFD, 0xEC, 0xCC, 0x20, 0xEC, 0xED, 0x01, 0x04, 0xED
	.byte 0xCF, 0xCC, 0xDC, 0xEC, 0x00, 0xFA, 0xCC, 0xED, 0xEB, 0xAE, 0xDF, 0xEE, 0xDE, 0x28, 0xEC, 0xEE
	.byte 0x00, 0xE3, 0xDD, 0x60, 0x03, 0xDE, 0xFF, 0xEF, 0x00, 0xDD, 0xFF, 0xAA, 0xAA, 0xEE, 0xAA, 0x1F
	.byte 0xE1, 0x00, 0xDE, 0x1E, 0x11, 0xDE, 0xDE, 0xED, 0xEE, 0xDD, 0x18, 0xFD, 0xCD, 0x0F, 0x00, 0xE7
	.byte 0x00, 0x03, 0xDD, 0xEE, 0xDE, 0x01, 0x00, 0xED, 0xDD, 0xCC, 0x0E, 0xDE, 0xDD, 0x01, 0x14, 0x00
	.byte 0xDD, 0xCC, 0xEC, 0xDD, 0xCD, 0xCC, 0xEC, 0xBB, 0x1F, 0xBB, 0xCC, 0xEB, 0xF0, 0x8A, 0xF0, 0x01
	.byte 0xF0, 0x01, 0xF0, 0x01, 0xF0, 0x01, 0xE0, 0xF0, 0x01, 0xF0, 0x01, 0x20, 0x01, 0x79, 0x00, 0x00
	.byte 0x80, 0x97, 0x0D, 0x00, 0x00, 0x78, 0x09, 0x00, 0x0A, 0x40, 0x03, 0x90, 0x00, 0x0F, 0x20, 0x90
	.byte 0x87, 0x00, 0x1B, 0x7F, 0xCE, 0xCC, 0xEB, 0xCD, 0x01, 0xFE, 0xFF, 0xBB, 0xCD, 0x00, 0x00, 0xBE
	.byte 0x00, 0x03, 0x73, 0xE0, 0x02, 0xED, 0x30, 0x01, 0x00, 0xD2, 0x00, 0xF8, 0x00, 0x03, 0x00, 0xCC
	.byte 0x00, 0xFD, 0xCC, 0xFE, 0xDF, 0xFD, 0xFE, 0x00, 0xE0, 0xC0, 0x10, 0x12, 0xE0, 0x01, 0xFF, 0xFF
	.byte 0xBB, 0x0F, 0xF7, 0x00, 0x13, 0xFF, 0x00, 0x79, 0x00, 0x1D, 0x90, 0xF7, 0x30, 0x59, 0x20, 0x0C
	.byte 0xFF, 0x20, 0x03, 0x00, 0x6A, 0xF0, 0x01, 0xF0, 0x01, 0xF0, 0x01, 0xF0, 0x01, 0xF0, 0x01, 0xF0
	.byte 0x01, 0xF0, 0xF0, 0x01, 0x10, 0x01, 0xA2, 0xEF, 0x30, 0x0F, 0x90, 0x7F, 0x00, 0x99, 0x01, 0x78
	.byte 0x77, 0x90, 0x77, 0x77, 0x77, 0x87, 0x00, 0xA6, 0x54, 0x8F, 0x00, 0xA6, 0x7F, 0x00, 0xBB, 0x79
	.byte 0x00, 0xF0, 0x77, 0x98, 0x1A, 0x00, 0x00, 0x87, 0x00, 0x0F, 0x00, 0x17, 0x90, 0x00, 0x0A, 0x69
	.byte 0xA8, 0x80, 0x37, 0x89, 0x00, 0x02, 0x66, 0x00, 0x02, 0x98, 0x99, 0x66, 0x01, 0x88, 0x09, 0x66
	.byte 0x88, 0x99, 0x00, 0x88, 0x00, 0x2F, 0x6F, 0x90, 0x00, 0x2C, 0x10, 0x37, 0x86, 0x00, 0x47, 0x11
	.byte 0x2F, 0xF1, 0x24, 0xF0, 0x01, 0xFC, 0xF0, 0x01, 0xF0, 0x01, 0xF0, 0x01, 0xF0, 0x01, 0xF0, 0x01
	.byte 0xF0, 0x01, 0x69, 0x66, 0x00, 0x96, 0x87, 0x69, 0xF6, 0x7F, 0x88, 0xF0, 0x8F, 0x39, 0x88, 0xF9
	.byte 0x01, 0xAC, 0xE0, 0x1F, 0x30, 0xBA, 0x90, 0x86, 0x00, 0xC9, 0xB2, 0x00, 0x03, 0xF0, 0x00, 0x03
	.byte 0x10, 0xE7, 0x00, 0x8F, 0x00, 0x03, 0x90, 0xAF, 0x10, 0x1F, 0x88, 0x01, 0x0B, 0x88, 0x00, 0xD4
	.byte 0xD0, 0x03, 0xF0, 0x49, 0xF0, 0x01, 0xFF, 0xF0, 0x01, 0xF0, 0x01, 0xF0, 0x01, 0xF0, 0x01, 0xF0
	.byte 0x01, 0xF0, 0x01, 0xF0, 0x01, 0xF0, 0x01, 0xFF, 0xF0, 0x01, 0xF0, 0x01, 0xF0, 0x01, 0xF0, 0x01
	.byte 0xF0, 0x01, 0xF0, 0x01, 0xF0, 0x01, 0xF0, 0x01, 0xC0, 0xF0, 0x01, 0xF0, 0x01, 0x00, 0x00, 0x00

  .globl gMonPalette_Tentacool
gMonPalette_Tentacool:
  .incbin "build/graphics/pokemon/tentacool/normal_palette.gbapal.lz"

  .globl gMonBackPic_Tentacool
gMonBackPic_Tentacool:
  .incbin "build/graphics/pokemon/tentacool/back.4bpp.lz"

  .globl gMonShinyPalette_Tentacool
gMonShinyPalette_Tentacool:
  .incbin "build/graphics/pokemon/tentacool/shiny_palette.gbapal.lz"

	.globl gMonIcon_Tentacool
gMonIcon_Tentacool: @ 0x08C60F8C [072]
  .incbin "build/graphics/pokemon/tentacool/icon.4bpp"
	@ analyzed canonical ROM range 0x08C6138C-0x08C61847
sAnalyzedData_08C6138C: @ 0x08C6138C
	@ structured u8 payload; no safe higher-level semantic type was provable
	.byte 0x00, 0x00, 0x00, 0x00, 0x00, 0x00, 0x00, 0x00, 0x00, 0x00, 0x00, 0x00, 0x00, 0x00, 0x00, 0x00
	.byte 0x00, 0x00, 0x00, 0x00, 0x00, 0x00, 0x00, 0x00, 0x00, 0x00, 0x00, 0x00, 0x00, 0x00, 0x00, 0x00
	.byte 0x10, 0x00, 0x08, 0x00, 0x3F, 0x00, 0x00, 0xF0, 0x01, 0xF0, 0x01, 0xF0, 0x01, 0xF0, 0x01, 0xF0
	.byte 0x01, 0x00, 0x01, 0x60, 0xE0, 0xF0, 0x12, 0x00, 0x01, 0xED, 0xEE, 0xEE, 0xDE, 0xCC, 0x02, 0xDC
	.byte 0xED, 0xBC, 0xCB, 0xDD, 0x3E, 0xF0, 0x1C, 0x00, 0x20, 0x00, 0x0E, 0x00, 0x03, 0x55, 0x55, 0x05
	.byte 0x00, 0x33, 0x1F, 0x33, 0x53, 0x05, 0xF0, 0x1D, 0xF0, 0x01, 0xF0, 0x01, 0xF0, 0x01, 0xF0, 0x01
	.byte 0xF5, 0xF0, 0x01, 0xF0, 0x01, 0xF0, 0x01, 0x00, 0x01, 0x50, 0x40, 0x03, 0x35, 0x30, 0x03, 0x00
	.byte 0x55, 0xCE, 0x00, 0x55, 0x33, 0xBE, 0x50, 0x33, 0x00, 0x22, 0xBE, 0x35, 0x23, 0x11, 0xBE, 0x33
	.byte 0x13, 0x82, 0x00, 0x03, 0x14, 0x11, 0xBE, 0x43, 0x24, 0x00, 0x03, 0x44, 0x02, 0x22, 0xCE, 0xBB
	.byte 0xCB, 0xED, 0x23, 0x00, 0x03, 0x12, 0x02, 0xBB, 0xCB, 0xFD, 0x11, 0xCB, 0xCC, 0x20, 0x03, 0x12
	.byte 0x0A, 0xCC, 0xCC, 0xFD, 0x24, 0x00, 0x03, 0x44, 0x10, 0x03, 0x11, 0x00, 0x32, 0x33, 0x53, 0x11
	.byte 0x21, 0x33, 0x33, 0x11, 0x20, 0x11, 0x34, 0x00, 0x03, 0x44, 0x33, 0x11, 0x21, 0x44, 0x01, 0x34
	.byte 0x11, 0x42, 0x44, 0x34, 0x44, 0x44, 0x10, 0x01, 0x34, 0x22, 0x44, 0x10, 0x70, 0x11, 0x04, 0x53
	.byte 0x40, 0x03, 0x33, 0x0F, 0xAB, 0x00, 0x03, 0x55, 0x00, 0x03, 0xF3, 0x10, 0x03, 0xEE, 0xF0, 0x9D
	.byte 0xF0, 0x01, 0xF5, 0xF0, 0x01, 0xF0, 0x01, 0xF0, 0x01, 0x70, 0xEE, 0x33, 0xF0, 0x03, 0xEE, 0x00
	.byte 0x03, 0x02, 0xEC, 0x3E, 0x00, 0xDE, 0xDC, 0xFE, 0x00, 0xA4, 0xCE, 0xC0, 0x00, 0xA6, 0x30, 0x03
	.byte 0x44, 0xE4, 0xCC, 0x43, 0x43, 0xE4, 0x00, 0xCC, 0x34, 0x34, 0xEF, 0xCC, 0x43, 0xF3, 0xEC, 0x04
	.byte 0xCC, 0xFF, 0xDF, 0xCC, 0xCE, 0x30, 0xE7, 0xDC, 0x3F, 0xAC, 0x40, 0x03, 0xFD, 0x00, 0x03, 0xED
	.byte 0x00, 0x03, 0x00, 0x17, 0xEC, 0xCB, 0x00, 0xCC, 0xCC, 0xBE, 0xCC, 0x33, 0x44, 0x22, 0x34, 0x00
	.byte 0x33, 0x43, 0x44, 0x43, 0x33, 0x43, 0x34, 0x34, 0x00, 0x33, 0x44, 0x44, 0x43, 0x4E, 0x44, 0x34
	.byte 0x34, 0x00, 0xEC, 0x4E, 0x43, 0x43, 0xCC, 0xEC, 0xFF, 0xFF, 0x00, 0xCC, 0xCC, 0xCC, 0xCC, 0x34
	.byte 0xE3, 0xCD, 0xEE, 0x10, 0x33, 0xE3, 0xCD, 0x10, 0x07, 0xCC, 0x33, 0xDE, 0xDD, 0x00, 0xCC, 0x34
	.byte 0xDF, 0xDC, 0xCC, 0xF3, 0xDD, 0xDC, 0x00, 0xCC, 0xDE, 0xCD, 0xCD, 0xCC, 0xCC, 0xDD, 0xCC, 0x50
	.byte 0xCC, 0x10, 0xA1, 0xFE, 0x01, 0x13, 0xCC, 0xEC, 0x0F, 0x00, 0xC0, 0x00, 0x6B, 0x00, 0x03, 0xDD
	.byte 0x0F, 0xCC, 0xDC, 0xDD, 0x0F, 0x03, 0xDC, 0xDD, 0xFE, 0x00, 0xDD, 0xFF, 0xF0, 0xCD, 0xF0, 0x01
	.byte 0xB6, 0xA0, 0x01, 0xD0, 0x42, 0xB3, 0x62, 0xB7, 0xE0, 0x00, 0x4C, 0x00, 0xAC, 0xDD, 0xCA, 0x00
	.byte 0x6D, 0x60, 0x01, 0xFE, 0xEF, 0x10, 0x77, 0xEE, 0x10, 0x7B, 0xCF, 0xAB, 0x00, 0x18, 0xEC, 0x00
	.byte 0x86, 0xEC, 0x00, 0x16, 0xFC, 0x40, 0x03, 0x10, 0x0B, 0x80, 0x20, 0x31, 0xDD, 0xDD, 0xDD, 0xCC
	.byte 0xEE, 0xEE, 0xCB, 0x00, 0xCC, 0x12, 0x34, 0xCE, 0xCC, 0x11, 0x34, 0xCF, 0x24, 0xCC, 0x44, 0x10
	.byte 0x03, 0x33, 0xCE, 0x10, 0x3F, 0xDC, 0xCC, 0x7C, 0xBF, 0x20, 0x03, 0x00, 0x3A, 0x20, 0x03, 0x60
	.byte 0x01, 0x00, 0x33, 0xDD, 0xDD, 0x00, 0xFD, 0xFF, 0xDF, 0xFD, 0xAF, 0xFF, 0xFF, 0xFF, 0x1C, 0x1A
	.byte 0xFF, 0xFF, 0x00, 0x1C, 0x00, 0x02, 0x11, 0x37, 0xDD, 0x0E, 0xA0, 0x00, 0x8A, 0x0E, 0x00, 0x1C
	.byte 0x00, 0xDD, 0xDD, 0x0F, 0x00, 0x67, 0xFF, 0x00, 0xDB, 0x00, 0xF6, 0x00, 0xFE, 0xF0, 0xC3, 0xF0
	.byte 0x01, 0xF0, 0x01, 0x00, 0x00, 0x00, 0x99, 0x89, 0x00, 0x99, 0x77, 0x77, 0x78, 0x09, 0xF0, 0x18
	.byte 0xF3, 0xC3, 0xF0, 0x12, 0x70, 0x01, 0xDD, 0xFF, 0xDF, 0x00, 0xCD, 0xFF, 0xAF, 0xFA, 0xDF, 0x00
	.byte 0xFF, 0xF1, 0x02, 0xFA, 0x00, 0xF0, 0x1F, 0x11, 0x00, 0x10, 0x99, 0x90, 0x00, 0x79, 0x8F, 0x00
	.byte 0x79, 0x79, 0x8F, 0x89, 0x77, 0x20, 0x79, 0x7F, 0x01, 0xE2, 0xFD, 0xCC, 0xBE, 0xDC, 0xAF, 0x00
	.byte 0xCC, 0xBE, 0xFD, 0x1A, 0xCF, 0xCE, 0xFD, 0xFF, 0x00, 0xEF, 0xFF, 0xEF, 0xFE, 0xFF, 0xDD, 0xDD
	.byte 0xED, 0x00, 0xEF, 0xDC, 0xCC, 0xFD, 0xE7, 0xDB, 0xCC, 0xFD, 0x00, 0xAF, 0xA1, 0xFF, 0xFF, 0x1F
	.byte 0xF1, 0xFF, 0x9F, 0x80, 0x00, 0x06, 0x7F, 0xFF, 0xFF, 0xF7, 0x97, 0x8F, 0xF7, 0x00, 0xD7, 0x99
	.byte 0x9F, 0x97, 0x97, 0xED, 0x9F, 0x97, 0x00, 0x79, 0xE9, 0x97, 0xF7, 0x9D, 0x97, 0x7F, 0x77, 0x00
	.byte 0x99, 0x00, 0x9F, 0x99, 0x77, 0x99, 0x09, 0x00, 0x00, 0x79, 0x77, 0x97, 0xFF, 0xFF, 0x99, 0x79
	.byte 0x79, 0x00, 0x77, 0x67, 0xF9, 0x97, 0xF9, 0x9F, 0x00, 0x6F, 0x03, 0x96, 0x00, 0x0E, 0xF0, 0x67
	.byte 0x99, 0x10, 0xC9, 0x00, 0x02, 0x00, 0x77, 0x99, 0x99, 0x77, 0x97, 0x66, 0x66, 0x98, 0x00, 0x09
	.byte 0x97, 0x99, 0x76, 0x09, 0x08, 0x00, 0x68, 0x00, 0x96, 0x00, 0x90, 0x99, 0x66, 0x90, 0x69, 0x66
	.byte 0x83, 0x00, 0xE2, 0x77, 0x09, 0xF9, 0xFF, 0x89, 0xE0, 0xB7, 0x10, 0xF8, 0x60, 0x87, 0xF0, 0xCE
	.byte 0x40, 0x01, 0x80, 0x88, 0x00, 0x80, 0x68, 0x00, 0x66, 0x00, 0x68, 0x66, 0x66, 0x00, 0x00, 0x90
	.byte 0x80, 0x00, 0x3C, 0x68, 0x76, 0x00, 0x80, 0x76, 0xFF, 0x00, 0x00, 0x68, 0xF7, 0x00, 0x90, 0x76
	.byte 0x0F, 0x00, 0x88, 0x00, 0x96, 0x00, 0x00, 0x66, 0x99, 0x00, 0x90, 0x66, 0x00, 0x66, 0x09, 0x80
	.byte 0x77, 0x9F, 0xF7, 0x79, 0xFF, 0x00, 0x90, 0xF7, 0x69, 0x00, 0x90, 0x96, 0x66, 0x00, 0x00, 0x99
	.byte 0x96, 0x96, 0x90, 0x97, 0x96, 0xF6, 0x79, 0x00, 0x7F, 0x69, 0xF7, 0xF6, 0x70, 0x69, 0x09, 0x96
	.byte 0xB0, 0x00, 0x2C, 0xBE, 0x00, 0xE3, 0x50, 0x03, 0xE0, 0xDB, 0xCC, 0xED, 0x02, 0xE0, 0xBD, 0xCD
	.byte 0xDC, 0x00, 0xBE, 0x20, 0x03, 0xCC, 0x00, 0x00, 0xD9, 0xCB, 0xCC, 0x99, 0xF7, 0xDE, 0x69, 0x00
	.byte 0x90, 0xF7, 0xDE, 0x9D, 0x90, 0x76, 0xE9, 0xDD, 0x00, 0x00, 0x68, 0xE9, 0xDD, 0x0F, 0x69, 0x08
	.byte 0xDE, 0x00, 0x0E, 0x80, 0x96, 0xDE, 0xFD, 0x90, 0x66, 0x99, 0x04, 0xFD, 0x00, 0x6F, 0x66, 0x09
	.byte 0x10, 0x54, 0x09, 0x00, 0x00, 0x69, 0x69, 0x97, 0xF9, 0x66, 0x9E, 0x66, 0x6F, 0x00, 0x76, 0x0E
	.byte 0xF9, 0x66, 0x97, 0x0E, 0x6F, 0x76, 0x0A, 0x09, 0x99, 0x66, 0xF6, 0x00, 0x7F, 0x0F, 0x00, 0xE2
	.byte 0x66, 0xD0, 0x20, 0x01, 0x00, 0xE7, 0xF7, 0x01, 0x1F, 0x09, 0x69, 0x66, 0x97, 0x00, 0x00, 0x98
	.byte 0x69, 0x76, 0x09, 0x77, 0x9F, 0x66, 0x00, 0x97, 0x77, 0x0F, 0x69, 0x86, 0x6F, 0x08, 0x00, 0x10
	.byte 0x00, 0x6F, 0xF7, 0x10, 0xC1, 0x0F, 0x00, 0x69, 0x66, 0xCE, 0x00, 0xBF, 0x00, 0x03, 0x00, 0xF8
	.byte 0x12, 0x39, 0x40, 0xE9, 0x00, 0x3B, 0x90, 0x00, 0x66, 0x76, 0x77, 0x90, 0x66, 0x77, 0xF9, 0x90
	.byte 0x01, 0x77, 0x97, 0x90, 0x00, 0x99, 0x09, 0x90, 0x00, 0x16, 0xC0, 0x10, 0x03, 0x20, 0x01, 0x66
	.byte 0x66, 0x96, 0x69, 0x77, 0x77, 0x04, 0x66, 0x99, 0xFF, 0x9F, 0x77, 0x00, 0x6E, 0xF9, 0x77, 0x5A
	.byte 0x66, 0x02, 0x7A, 0x76, 0x00, 0x8F, 0x02, 0x7E, 0x69, 0x00, 0x1E, 0x68, 0x00, 0x09, 0x69, 0xF6
	.byte 0x96, 0x99, 0x66, 0x9F, 0x96, 0x82, 0x00, 0x56, 0x69, 0x97, 0x0F, 0x00, 0x68, 0x00, 0x59, 0x80
	.byte 0xD0, 0x11, 0x5B, 0x00, 0x65, 0x90, 0x01, 0x26, 0x79, 0x00, 0xE9, 0xBB, 0x00, 0xCC, 0x00, 0x79
	.byte 0xBF, 0xCC, 0x09, 0x79, 0xEF, 0x01, 0xCD, 0x96, 0x97, 0x00, 0xE0, 0x66, 0xF9, 0x00, 0x38, 0x00
	.byte 0x66, 0xFF, 0x00, 0x97, 0x66, 0x76, 0x0F, 0x77, 0x00, 0x99, 0x77, 0x0F, 0xEC, 0x00, 0xF0, 0x68
	.byte 0xCC, 0x08, 0x0E, 0x00, 0xF0, 0xCC, 0x23, 0xC3, 0xEE, 0x0F, 0xDE, 0x71, 0xCC, 0x02, 0xD1, 0x13
	.byte 0xD0, 0x50, 0x7F, 0xF8, 0x00, 0x90, 0x00, 0x6B, 0x7A, 0x80, 0x10, 0x6B, 0x00, 0x03, 0x10, 0x73
	.byte 0x10, 0x03, 0x6F, 0x00, 0x03, 0xF0, 0x81, 0x10, 0x1F, 0x76, 0x0F, 0x78, 0x66, 0x76, 0x09, 0x00
	.byte 0xC5, 0x01, 0x08, 0x90, 0x67, 0x86, 0x00, 0x90, 0x77, 0x00, 0x73, 0x3F, 0xFF, 0xF6, 0x00, 0x17
	.byte 0x50, 0x41, 0x00, 0xFE, 0x21, 0xEB, 0x10, 0x0F, 0x70, 0x55, 0xFE, 0xF0, 0x01, 0xF0, 0x01, 0x71
	.byte 0x22, 0x41, 0x0F, 0x61, 0x13, 0x90, 0x01, 0x01, 0x56, 0x7F, 0x9D, 0x00, 0x03, 0xF0, 0x77, 0x00
	.byte 0x5C, 0xF4, 0x6E, 0x11, 0x07, 0xF9, 0xF0, 0x77, 0xFF, 0xF0, 0x01, 0xF0, 0x01, 0xF0, 0x01, 0xF0
	.byte 0x01, 0xF0, 0x01, 0xF0, 0x01, 0xF0, 0x01, 0xA0, 0x01, 0x00, 0x00, 0x00

  .globl gMonPalette_Tentacruel
gMonPalette_Tentacruel:
  .incbin "build/graphics/pokemon/tentacruel/normal_palette.gbapal.lz"

  .globl gMonBackPic_Tentacruel
gMonBackPic_Tentacruel:
  .incbin "build/graphics/pokemon/tentacruel/back.4bpp.lz"

  .globl gMonShinyPalette_Tentacruel
gMonShinyPalette_Tentacruel:
  .incbin "build/graphics/pokemon/tentacruel/shiny_palette.gbapal.lz"

	.globl gMonIcon_Tentacruel
gMonIcon_Tentacruel: @ 0x08C61C34 [073]
  .incbin "build/graphics/pokemon/tentacruel/icon.4bpp"
	@ analyzed canonical ROM range 0x08C62034-0x08C622BF
sAnalyzedData_08C62034: @ 0x08C62034
	@ structured u8 payload; no safe higher-level semantic type was provable
	.byte 0x00, 0x00, 0x00, 0x00, 0x00, 0x00, 0x00, 0x00, 0x00, 0x00, 0x00, 0x00, 0x00, 0x00, 0x00, 0x00
	.byte 0x00, 0x00, 0x00, 0x00, 0x00, 0x00, 0x00, 0x00, 0x00, 0x00, 0x00, 0x00, 0x00, 0x00, 0x00, 0x00
	.byte 0x10, 0x00, 0x08, 0x00, 0x3F, 0x00, 0x00, 0xF0, 0x01, 0xF0, 0x01, 0xF0, 0x01, 0xF0, 0x01, 0xF0
	.byte 0x01, 0xF0, 0x01, 0xFF, 0xF0, 0x01, 0xF0, 0x01, 0xF0, 0x01, 0xF0, 0x01, 0xF0, 0x01, 0xF0, 0x01
	.byte 0xF0, 0x01, 0xF0, 0x01, 0xFF, 0xF0, 0x01, 0xF0, 0x01, 0xF0, 0x01, 0xF0, 0x01, 0xF0, 0x01, 0xF0
	.byte 0x01, 0xF0, 0x01, 0xF0, 0x01, 0xFF, 0xF0, 0x01, 0xF0, 0x01, 0xF0, 0x01, 0xF0, 0x01, 0xF0, 0x01
	.byte 0xF0, 0x01, 0xF0, 0x01, 0xF0, 0x01, 0xFC, 0xF0, 0x01, 0xF0, 0x01, 0xF0, 0x01, 0xF0, 0x01, 0xF0
	.byte 0x01, 0xC0, 0x01, 0xDD, 0x00, 0x15, 0x00, 0xD0, 0xBB, 0x00, 0x03, 0xCB, 0x00, 0x0B, 0xFD, 0xD0
	.byte 0x1C, 0x40, 0x0E, 0x00, 0x03, 0xEC, 0xE0, 0x0E, 0x00, 0xDD, 0xDE, 0x00, 0xFD, 0x00, 0xED, 0xCC
	.byte 0xFD, 0x00, 0xFF, 0xCB, 0x00, 0xDE, 0xFF, 0xE0, 0xFF, 0xED, 0xDD, 0xEE, 0xDD, 0x35, 0xCE, 0xDC
	.byte 0xF0, 0x4A, 0x30, 0x01, 0x0F, 0x00, 0x03, 0xFF, 0xF0, 0x16, 0xFA, 0xF0, 0x01, 0xF0, 0x01, 0xF0
	.byte 0x01, 0xF0, 0x01, 0x50, 0x01, 0xED, 0xB0, 0x0E, 0xD0, 0x00, 0x0E, 0xD0, 0x0E, 0xBE, 0xFB, 0xBD
	.byte 0xFB, 0xCD, 0x01, 0xFB, 0xBE, 0xDC, 0xDF, 0x0F, 0xED, 0xDD, 0xE0, 0x81, 0x54, 0xD0, 0x00, 0x03
	.byte 0xCD, 0x00, 0x36, 0xEE, 0x00, 0xEE, 0xCB, 0xD0, 0x38, 0xBE, 0xBB, 0x10, 0xEF, 0x00, 0x43, 0x20
	.byte 0xFB, 0xBB, 0xEE, 0x0D, 0x00, 0x00, 0xFE, 0xDC, 0xEE, 0xEE, 0x0E, 0xCC, 0xCC, 0x00, 0xDC, 0xED
	.byte 0xEC, 0xFE, 0xCC, 0xFD, 0xBE, 0xBB, 0x00, 0xCF, 0xFD, 0xDD, 0xDD, 0xBE, 0xEC, 0xDC, 0xDD, 0x00
	.byte 0xED, 0xFF, 0xFC, 0xDF, 0xDD, 0xED, 0x0F, 0xE0, 0x06, 0xFF, 0xDF, 0x00, 0x00, 0xF0, 0x01, 0x2B
	.byte 0x20, 0x03, 0xCD, 0x06, 0x0F, 0x00, 0xE0, 0xCD, 0xDD, 0x00, 0xE8, 0x10, 0x03, 0xCC, 0xE5, 0x00
	.byte 0x03, 0x10, 0x6D, 0x50, 0x0B, 0xCC, 0xEC, 0x00, 0x68, 0xFC, 0xF0, 0xB0, 0xF4, 0xF0, 0x01, 0xF0
	.byte 0x01, 0xC0, 0xB2, 0x00, 0x9B, 0xE0, 0x00, 0xA7, 0xDD, 0xDE, 0x15, 0x00, 0x00, 0xCE, 0x01, 0x9B
	.byte 0xBE, 0x00, 0x07, 0xE0, 0x11, 0xA3, 0x40, 0xEE, 0x00, 0x03, 0xE0, 0xDE, 0xFF, 0x0F, 0x00, 0xFD
	.byte 0x00, 0xDD, 0x0E, 0x00, 0xED, 0xDD, 0xED, 0x0E, 0xDF, 0x00, 0xDD, 0xCC, 0xFB, 0xDD, 0xFD, 0xCD
	.byte 0xFB, 0xFF, 0x0A, 0xDF, 0xFE, 0x0F, 0xDD, 0x00, 0x13, 0xCC, 0x01, 0x9E, 0xBD, 0x00, 0xBE, 0xBB
	.byte 0xEC, 0xBE, 0xEB, 0xCC, 0xBE, 0xEE, 0x00, 0xFC, 0xDD, 0xCE, 0xE0, 0xFF, 0xDD, 0xFD, 0xD0, 0x00
	.byte 0xF2, 0xCC, 0x1C, 0xD0, 0xF1, 0xCC, 0xCC, 0xCD, 0x00, 0xDC, 0xFE, 0xFF, 0xCE, 0xED, 0xBB, 0xBB
	.byte 0xBB, 0x00, 0xCC, 0xCC, 0xDD, 0xCB, 0xEF, 0xDC, 0xDC, 0x2F, 0x00, 0x22, 0xCD, 0xDD, 0xF2, 0x11
	.byte 0xDC, 0xDC, 0xF1, 0x10, 0x11, 0xCD, 0xDD, 0x00, 0xFF, 0xDC, 0xDF, 0xDD, 0xDD, 0x02, 0xDD, 0xFB
	.byte 0xEF, 0xDD, 0xFE, 0xFD, 0x00, 0xE3, 0xED, 0x00, 0xFE, 0x0F, 0xCE, 0xCE, 0xCC, 0xED, 0xCE, 0xCD
	.byte 0x04, 0xCC, 0xDD, 0xED, 0xCD, 0xDC, 0x00, 0x18, 0xDD, 0xFF, 0x2B, 0xEF, 0xFD, 0x00, 0xEC, 0xDF
	.byte 0x00, 0xE7, 0xCE, 0x00, 0xE3, 0x10, 0x03, 0x5F, 0xEC, 0x00, 0x03, 0xDC, 0x00, 0x03, 0x02, 0x1E
	.byte 0x21, 0x03, 0xF1, 0xFB, 0xF0, 0x01, 0xF8, 0xF0, 0x01, 0xF0, 0x01, 0x10, 0xE3, 0xF0, 0x12, 0x70
	.byte 0x01, 0xCC, 0xDE, 0xEC, 0x00, 0x00, 0xCE, 0xEC, 0xCC, 0xEF, 0xCF, 0xCC, 0xCD, 0x00, 0xDF, 0xF0
	.byte 0xCE, 0xCC, 0xDC, 0x00, 0xF0, 0xDE, 0xC0, 0x11, 0x9B, 0x60, 0x7E, 0xDE, 0xCE, 0xCB, 0xCC, 0xFF
	.byte 0xBD, 0x04, 0xCC, 0xCC, 0xCC, 0xDE, 0xDC, 0x11, 0xD5, 0xDD, 0xFE, 0x30, 0x0F, 0xFE, 0x01, 0xC3
	.byte 0x70, 0x53, 0xBC, 0xDC, 0xEE, 0xBB, 0x20, 0xCC, 0xCD, 0x00, 0x1F, 0xCE, 0xCC, 0xDD, 0xDD, 0xED
	.byte 0x23, 0xDE, 0xED, 0x00, 0x04, 0x0F, 0xFF, 0xFF, 0x12, 0xF1, 0x30, 0x01, 0xFF, 0x01, 0xC6, 0x23
	.byte 0x10, 0x10, 0x03, 0x12, 0xD3, 0xF0, 0x01, 0xF0, 0x01, 0xF0, 0x01, 0xF0, 0x01, 0xFF, 0xF0, 0x01
	.byte 0xF0, 0x01, 0xF0, 0x01, 0xF0, 0x01, 0xF0, 0x01, 0xF0, 0x01, 0xF0, 0x01, 0xF0, 0x01, 0xFF, 0xF0
	.byte 0x01, 0xF0, 0x01, 0xF0, 0x01, 0xF0, 0x01, 0xF0, 0x01, 0xF0, 0x01, 0xF0, 0x01, 0xF0, 0x01, 0xFF
	.byte 0xF0, 0x01, 0xF0, 0x01, 0xF0, 0x01, 0xF0, 0x01, 0xF0, 0x01, 0xF0, 0x01, 0xF0, 0x01, 0xF0, 0x01
	.byte 0xF8, 0xF0, 0x01, 0xF0, 0x01, 0xF0, 0x01, 0xF0, 0x01, 0xD0, 0x01, 0x00

  .globl gMonPalette_Geodude
gMonPalette_Geodude:
  .incbin "build/graphics/pokemon/geodude/normal_palette.gbapal.lz"
  .space 0x1, 0x00
  .globl gMonBackPic_Geodude
gMonBackPic_Geodude:
  .incbin "build/graphics/pokemon/geodude/back.4bpp.lz"

  .globl gMonShinyPalette_Geodude
gMonShinyPalette_Geodude:
  .incbin "build/graphics/pokemon/geodude/shiny_palette.gbapal.lz"
  .space 0x1, 0x00
	.globl gMonIcon_Geodude
gMonIcon_Geodude: @ 0x08C6258C [074]
  .incbin "build/graphics/pokemon/geodude/icon.4bpp"
	@ analyzed canonical ROM range 0x08C6298C-0x08C62DB3
sAnalyzedData_08C6298C: @ 0x08C6298C
	@ structured u8 payload; no safe higher-level semantic type was provable
	.byte 0x00, 0x00, 0x00, 0x00, 0x00, 0x00, 0x00, 0x00, 0x00, 0x00, 0x00, 0x00, 0x00, 0x00, 0x00, 0x00
	.byte 0x00, 0x00, 0x00, 0x00, 0x00, 0x00, 0x00, 0x00, 0x00, 0x00, 0x00, 0x00, 0x00, 0x00, 0x00, 0x00
	.byte 0x10, 0x00, 0x08, 0x00, 0x3F, 0x00, 0x00, 0xF0, 0x01, 0xF0, 0x01, 0xF0, 0x01, 0xF0, 0x01, 0xF0
	.byte 0x01, 0xF0, 0x01, 0xFC, 0xF0, 0x01, 0xF0, 0x01, 0xF0, 0x01, 0xF0, 0x01, 0xF0, 0x01, 0xA0, 0x01
	.byte 0xE0, 0xEE, 0x00, 0x00, 0x00, 0xCE, 0xCC, 0xFE, 0x00, 0xEF, 0xEE, 0x68, 0xCC, 0xF0, 0x1C, 0x70
	.byte 0x01, 0x0F, 0x20, 0x05, 0xFE, 0xFF, 0x00, 0x00, 0xEE, 0xDD, 0xDD, 0xE0, 0xCC, 0xEE, 0xEE, 0xE0
	.byte 0x01, 0xEC, 0xEE, 0xFF, 0xF0, 0xFF, 0xFF, 0xCF, 0x00, 0x14, 0x92, 0x00, 0x03, 0xE0, 0xFE, 0x00
	.byte 0x44, 0xEE, 0xFF, 0x00, 0x24, 0xDF, 0x00, 0xFD, 0xFF, 0xFF, 0xDF, 0xDD, 0xDF, 0xDD, 0xEE, 0x04
	.byte 0xDE, 0xEF, 0xEE, 0xEE, 0xEE, 0x10, 0x03, 0x4E, 0xF4, 0xCB, 0x00, 0x03, 0x00, 0x09, 0xE4, 0xDE
	.byte 0x90, 0x4B, 0xFD, 0x40, 0x03, 0x10, 0x0B, 0x9F, 0x00, 0x3C, 0x00, 0xED, 0x30, 0x60, 0xF0, 0x01
	.byte 0x70, 0xA8, 0x10, 0x26, 0xF0, 0x01, 0xF0, 0xF0, 0x1E, 0xA0, 0x15, 0x40, 0x03, 0x30, 0x01, 0x40
	.byte 0xEE, 0xEF, 0x00, 0x20, 0x00, 0x44, 0x00, 0xF0, 0x40, 0x44, 0xFE, 0xFF, 0xC4, 0x00, 0xED, 0xCC
	.byte 0xFC, 0xDC, 0xEE, 0xEC, 0xFE, 0xEC, 0x09, 0xEE, 0x44, 0xF4, 0xEC, 0x00, 0x13, 0xE4, 0xEE, 0x10
	.byte 0x8F, 0xAA, 0x10, 0x45, 0xEF, 0x00, 0x8B, 0xEE, 0x10, 0x03, 0x4E, 0x00, 0x03, 0xFE, 0x05, 0x04
	.byte 0x00, 0xEE, 0xE4, 0x4D, 0x00, 0x03, 0xED, 0x00, 0x19, 0x53, 0xCE, 0x00, 0x1E, 0xCF, 0x00, 0x03
	.byte 0x4F, 0x04, 0xF0, 0x6A, 0x00, 0x15, 0x04, 0x44, 0xDD, 0xDD, 0x00, 0xCF, 0x10, 0x03, 0xDF, 0xDF
	.byte 0x24, 0x00, 0xFF, 0x00, 0x03, 0xF0, 0xFC, 0x00, 0x03, 0xDC, 0xDD, 0x1D, 0x00, 0xF0, 0xFF, 0x00
	.byte 0xFB, 0x00, 0x18, 0x10, 0x4F, 0x44, 0x00, 0x81, 0x01, 0x04, 0x00, 0xE0, 0xED, 0x4E, 0x00, 0xCE
	.byte 0x00, 0x03, 0x00, 0xCF, 0xED, 0x4F, 0x04, 0xFF, 0xFD, 0xEE, 0xFF, 0x06, 0xFF, 0xFF, 0xEE, 0xCF
	.byte 0xDD, 0x00, 0x5F, 0x00, 0x88, 0xCF, 0x02, 0xED, 0xDD, 0x04, 0xDF, 0xED, 0xDD, 0x00, 0x4B, 0xDC
	.byte 0x48, 0x4D, 0x00, 0x03, 0xDD, 0xDD, 0x60, 0x01, 0x04, 0xCE, 0xED, 0x03, 0x04, 0x04, 0xCF, 0xED
	.byte 0x04, 0x4E, 0x00, 0x07, 0x00, 0x0E, 0x5D, 0xF4, 0x00, 0x03, 0xD4, 0x80, 0x1E, 0x00, 0x3F, 0x00
	.byte 0xEC, 0x0E, 0x00, 0x45, 0x00, 0x4C, 0x00, 0x00, 0xDC, 0x4D, 0x00, 0x00, 0xDD, 0x00, 0xED, 0x04
	.byte 0x00, 0xDD, 0xEE, 0xF4, 0x44, 0xED, 0x01, 0x4E, 0xEE, 0xFE, 0xED, 0xFF, 0xFF, 0xE4, 0x00, 0xF7
	.byte 0xA0, 0x00, 0x03, 0xD4, 0x00, 0x19, 0xD4, 0xDD, 0x00, 0x40, 0xFD, 0x80, 0x30, 0x03, 0xD4, 0xFF
	.byte 0xED, 0x4F, 0xDF, 0x44, 0x4F, 0x00, 0xDE, 0xDF, 0xDD, 0xFF, 0xEE, 0xEF, 0xCE, 0x0E, 0x00, 0x44
	.byte 0xF4, 0xCE, 0x04, 0xEE, 0x4E, 0x44, 0x04, 0x05, 0xEE, 0xEE, 0x04, 0x00, 0x4E, 0x00, 0x03, 0xEE
	.byte 0x00, 0xAC, 0xF3, 0x21, 0x07, 0x00, 0x03, 0xF0, 0x01, 0xD0, 0x01, 0xF0, 0xFF, 0xF0, 0x13, 0x71
	.byte 0x8B, 0x04, 0xEF, 0xFE, 0xDC, 0xDD, 0xFF, 0x00, 0x03, 0x00, 0xFF, 0x21, 0x44, 0xDE, 0x01, 0x16
	.byte 0xDF, 0xF0, 0xCC, 0xCC, 0x01, 0x2B, 0x00, 0xCC, 0xDD, 0xEE, 0xCF, 0xFF, 0xCC, 0xCC, 0xCC, 0x00
	.byte 0xDF, 0xCC, 0xCD, 0xEC, 0xDE, 0xDD, 0xFD, 0xFF, 0x05, 0xEE, 0xDD, 0xED, 0x11, 0xF4, 0x00, 0x03
	.byte 0x14, 0x50, 0xD6, 0x40, 0xED, 0x02, 0x52, 0x23, 0xDD, 0xFD, 0x12, 0x11, 0xDD, 0x00, 0xCE, 0xCC
	.byte 0xDD, 0xFD, 0xCC, 0xFF, 0xDF, 0xFD, 0x01, 0x4F, 0x22, 0xDE, 0xFD, 0x41, 0x11, 0xDE, 0x10, 0x1C
	.byte 0x00, 0xFF, 0x4F, 0x44, 0xF4, 0x11, 0x12, 0x21, 0xDF, 0x14, 0x11, 0x24, 0xF1, 0x10, 0x2A, 0xE4
	.byte 0x30, 0x03, 0x4E, 0xEF, 0x02, 0xDD, 0xFD, 0xD4, 0xED, 0xDF, 0xDD, 0x02, 0x86, 0xDD, 0x09, 0xDD
	.byte 0xFD, 0xDD, 0xED, 0x11, 0x26, 0x4D, 0xDD, 0x00, 0x0B, 0x01, 0xFE, 0xFE, 0xDF, 0xFE, 0xFF, 0xFE
	.byte 0xDD, 0x01, 0x11, 0xA0, 0x00, 0xE0, 0xFE, 0x00, 0x03, 0xEE, 0xEF, 0x4E, 0x04, 0xFF, 0x02, 0x4E
	.byte 0x44, 0x00, 0xDD, 0xEF, 0x04, 0x11, 0x97, 0x00, 0xF6, 0xF1, 0xD8, 0xF0, 0x01, 0xF0, 0x01, 0xA2
	.byte 0x6F, 0xF0, 0xC0, 0x03, 0x60, 0x01, 0xCC, 0x03, 0xFC, 0xDF, 0xDC, 0xCC, 0xFC, 0xCC, 0x01, 0xD3
	.byte 0x00, 0x01, 0x40, 0xFD, 0x00, 0x8D, 0xFF, 0xDC, 0xDD, 0xD4, 0xCF, 0xDC, 0xF8, 0x03, 0x47, 0x00
	.byte 0x98, 0x20, 0xEA, 0x12, 0x41, 0x20, 0x01, 0xFF, 0xFD, 0xDF, 0x08, 0xDD, 0xED, 0xCF, 0xFC, 0x01
	.byte 0xFF, 0xFE, 0xDE, 0xED, 0x63, 0xDD, 0x02, 0x1D, 0x00, 0xD7, 0xEF, 0x44, 0x44, 0x00, 0xD1, 0x00
	.byte 0x01, 0x80, 0x10, 0x24, 0xEE, 0xDE, 0xFD, 0xDF, 0xEE, 0xEE, 0xCF, 0x51, 0xFC, 0x00, 0x03, 0xDD
	.byte 0x02, 0x3E, 0xDD, 0xFE, 0xCC, 0x10, 0x19, 0x66, 0x4E, 0x00, 0x26, 0x10, 0x2A, 0xEE, 0xEE, 0x11
	.byte 0x48, 0x01, 0x4D, 0xE4, 0x50, 0xFF, 0x21, 0x0F, 0xFD, 0x00, 0x61, 0xDD, 0x4E, 0xED, 0xE4, 0x82
	.byte 0x03, 0xBE, 0xE4, 0xEE, 0x0F, 0xEE, 0xF4, 0x10, 0xF7, 0xEE, 0x12, 0x04, 0x4E, 0xFE, 0x00, 0x07
	.byte 0xFE, 0x4E, 0x01, 0xDB, 0x44, 0x7F, 0x00, 0x01, 0x0F, 0xF3, 0x81, 0xF0, 0x01, 0xF0, 0x01, 0xF0
	.byte 0xFF, 0xE0, 0xF7, 0x50, 0x01, 0x00, 0xFC, 0xFE, 0xDE, 0xDD, 0xFC, 0x4F, 0xDE, 0xDD, 0x00, 0xCC
	.byte 0x4C, 0xEE, 0xDD, 0xCE, 0xDC, 0x44, 0xEE, 0x41, 0xDF, 0x01, 0x86, 0xE0, 0xED, 0xEE, 0x4F, 0xF0
	.byte 0x00, 0x8C, 0x10, 0x00, 0x44, 0xEF, 0x10, 0xB8, 0xE4, 0xDD, 0xFF, 0x44, 0xC2, 0x21, 0xC3, 0x01
	.byte 0xB4, 0xE4, 0xEE, 0x4F, 0x44, 0x00, 0xAE, 0xE4, 0x1C, 0xEE, 0xFE, 0x44, 0x00, 0x9D, 0x00, 0x01
	.byte 0x02, 0x3A, 0xDD, 0xFE, 0x80, 0x30, 0xEB, 0xED, 0xFE, 0xDC, 0xED, 0xEF, 0xEE, 0x4F, 0xA5, 0x04
	.byte 0x5A, 0xFE, 0x10, 0x01, 0x44, 0xE4, 0x10, 0x1F, 0xED, 0x00, 0xCC, 0xE8, 0x04, 0x6B, 0x00, 0x2D
	.byte 0x00, 0x06, 0xFE, 0x00, 0x12, 0x4E, 0xEE, 0xDE, 0x80, 0x00, 0x19, 0xDD, 0xEE, 0xEE, 0xDF, 0xFD
	.byte 0xEE, 0xEE, 0x32, 0xDE, 0xE4, 0x11, 0xEF, 0x20, 0x03, 0xEF, 0xFE, 0x01, 0x07, 0x4E, 0x2B, 0x00
	.byte 0x4D, 0x03, 0xDB, 0x4D, 0x02, 0xE3, 0xE4, 0x22, 0xE7, 0xF0, 0xAF, 0xFA, 0xF0, 0x01, 0xF0, 0x01
	.byte 0xF0, 0x01, 0xF0, 0x01, 0x70, 0x01, 0xFF, 0x04, 0x67, 0xD4, 0xB0, 0x04, 0x48, 0x40, 0x13, 0xAB
	.byte 0x80, 0x71, 0xE0, 0xFF, 0x00, 0xF0, 0x71, 0xDF, 0x02, 0x03, 0x01, 0xB8, 0x03, 0x85, 0xEE, 0xEE
	.byte 0x4F, 0x10, 0xAB, 0x9B, 0x10, 0x08, 0xDF, 0xDF, 0x02, 0xA0, 0x02, 0xAE, 0x44, 0x00, 0x1A, 0x00
	.byte 0xD4, 0x07, 0xDD, 0xFE, 0xEF, 0xDF, 0xFD, 0x00, 0xF7, 0x20, 0xEE, 0x03, 0x28, 0x8B, 0x00, 0xF9
	.byte 0x44, 0xDF, 0x4D, 0x02, 0xB9, 0xF4, 0x10, 0x45, 0x01, 0xF0, 0xF7, 0x00, 0x18, 0x10, 0x39, 0x21
	.byte 0x2D, 0x01, 0x07, 0x4F, 0x01, 0xD7, 0x01, 0xDF, 0x00, 0xF3, 0x7F, 0xD4, 0x11, 0x1C, 0x00, 0x23
	.byte 0x10, 0x03, 0xF2, 0xE3, 0xF0, 0x01, 0xF0, 0x01, 0xF0, 0x01, 0xE0, 0xF0, 0x01, 0xF0, 0x01, 0xA0
	.byte 0x01, 0xDF, 0xFF, 0xFD, 0x00, 0xEF, 0x9E, 0x01, 0x78, 0x40, 0x44, 0xF1, 0x6D, 0x15, 0x77, 0x00
	.byte 0xB0, 0x00, 0xB6, 0x04, 0xE4, 0xF0, 0x1D, 0xF2, 0x63, 0xF0, 0x16, 0x00, 0x00, 0x24, 0x10, 0xDD
	.byte 0xDF, 0x25, 0xFD, 0xDD, 0x01, 0xDC, 0xFF, 0x44, 0xF0, 0x45, 0x4F, 0x11, 0x23, 0xF8, 0x00, 0xFC
	.byte 0x10, 0x03, 0xF0, 0x62, 0xF0, 0x01, 0xD0, 0x01

  .globl gMonPalette_Graveler
gMonPalette_Graveler:
  .incbin "build/graphics/pokemon/graveler/normal_palette.gbapal.lz"
  .space 0x3, 0x00
  .globl gMonBackPic_Graveler
gMonBackPic_Graveler:
  .incbin "build/graphics/pokemon/graveler/back.4bpp.lz"

  .globl gMonShinyPalette_Graveler
gMonShinyPalette_Graveler:
  .incbin "build/graphics/pokemon/graveler/shiny_palette.gbapal.lz"
  .space 0x3, 0x00
	.globl gMonIcon_Graveler
gMonIcon_Graveler: @ 0x08C63070 [075]
  .incbin "build/graphics/pokemon/graveler/icon.4bpp"
	@ analyzed canonical ROM range 0x08C63470-0x08C6390B
sAnalyzedData_08C63470: @ 0x08C63470
	@ structured u8 payload; no safe higher-level semantic type was provable
	.byte 0x00, 0x00, 0x00, 0x00, 0xB0, 0xB8, 0xF8, 0xF8, 0x00, 0x00, 0x00, 0x00, 0x0D, 0x1D, 0x1F, 0x1F
	.byte 0xF0, 0xF0, 0xF0, 0xF0, 0xE0, 0xC0, 0x00, 0x00, 0x0F, 0x0F, 0x0F, 0x0F, 0x07, 0x03, 0x00, 0x00
	.byte 0x10, 0x00, 0x08, 0x00, 0x3F, 0x00, 0x00, 0xF0, 0x01, 0xF0, 0x01, 0xF0, 0x01, 0xF0, 0x01, 0xF0
	.byte 0x01, 0xF0, 0x01, 0x81, 0x90, 0x01, 0x80, 0x68, 0x00, 0x00, 0x58, 0x55, 0xF0, 0x17, 0x00, 0x00
	.byte 0x00, 0x86, 0x88, 0x08, 0x00, 0x55, 0x55, 0x06, 0x85, 0x88, 0x55, 0x55, 0x88, 0xF0, 0x1F, 0x40
	.byte 0x01, 0x06, 0x9F, 0x00, 0x03, 0x65, 0x08, 0xF0, 0x17, 0xF0, 0x01, 0xF0, 0x01, 0xF0, 0x01, 0xF0
	.byte 0x01, 0xEB, 0xF0, 0x01, 0xF0, 0x01, 0x80, 0x01, 0x60, 0x00, 0x03, 0x56, 0x00, 0x06, 0x00, 0xAF
	.byte 0x22, 0x56, 0x55, 0x00, 0x06, 0x55, 0x00, 0x80, 0x00, 0x03, 0x88, 0x00, 0x66, 0x66, 0x00, 0x86
	.byte 0x58, 0x55, 0x77, 0x55, 0x00, 0xF7, 0x77, 0x55, 0x55, 0x77, 0x7F, 0x55, 0x65, 0x00, 0x77, 0xFF
	.byte 0x55, 0x76, 0xFF, 0xFF, 0x65, 0xF7, 0x00, 0x66, 0x66, 0x76, 0x6F, 0x55, 0x55, 0xF7, 0x56, 0x6C
	.byte 0x55, 0x00, 0xE6, 0x00, 0x19, 0x5F, 0x00, 0x0B, 0x00, 0x0A, 0xFF, 0x57, 0xC8, 0x00, 0x03, 0x00
	.byte 0x29, 0x66, 0x7F, 0x00, 0x08, 0xF5, 0x77, 0x57, 0x06, 0x55, 0x65, 0x7F, 0x77, 0x55, 0x00, 0xE4
	.byte 0x31, 0x0B, 0x55, 0x5C, 0x68, 0x00, 0x03, 0x87, 0x00, 0x03, 0x10, 0x2A, 0x00, 0x03, 0x75, 0xF7
	.byte 0x0D, 0x57, 0x55, 0x77, 0xF7, 0x10, 0x7C, 0x11, 0x06, 0x87, 0x00, 0x04, 0x20, 0x76, 0x87, 0x00
	.byte 0x03, 0x77, 0x08, 0x00, 0x66, 0x77, 0x00, 0x0F, 0x00, 0x6F, 0x66, 0xF7, 0x00, 0xFF, 0xFF, 0x3F
	.byte 0xFF, 0x0F, 0xF0, 0xAA, 0xF0, 0x01, 0xF0, 0x01, 0xF0, 0x01, 0x80, 0xE7, 0x10, 0x03, 0x40, 0x70
	.byte 0x40, 0x03, 0x00, 0x60, 0x85, 0x77, 0x77, 0x56, 0x00, 0x85, 0xFF, 0x8F, 0x56, 0xF7, 0x56, 0x86
	.byte 0x75, 0x00, 0x5F, 0x55, 0x86, 0x75, 0x56, 0x55, 0x86, 0xF5, 0x10, 0x55, 0x55, 0xF6, 0x10, 0x03
	.byte 0xFF, 0x55, 0x65, 0xF7, 0xBA, 0x00, 0xE6, 0x55, 0x10, 0xE6, 0x50, 0x01, 0x10, 0x0B, 0x66, 0x00
	.byte 0x03, 0x67, 0x0E, 0x66, 0x66, 0x66, 0xF7, 0x00, 0xA0, 0x00, 0x22, 0x01, 0x17, 0xF7, 0xD8, 0x00
	.byte 0x07, 0x01, 0x1B, 0x66, 0x01, 0x23, 0x00, 0x03, 0x66, 0x76, 0x77, 0x00, 0x7F, 0x76, 0x77, 0x77
	.byte 0x7F, 0x77, 0x77, 0xF7, 0x22, 0xFF, 0x77, 0x10, 0x04, 0x7F, 0x77, 0xFF, 0x00, 0x05, 0x5F, 0x84
	.byte 0x00, 0x0A, 0x5F, 0x66, 0x66, 0x77, 0x00, 0x03, 0x76, 0xFF, 0xE5, 0x10, 0x03, 0x00, 0x28, 0x00
	.byte 0x1A, 0x88, 0xF8, 0x00, 0x2B, 0x88, 0x90, 0x03, 0x00, 0x66, 0x76, 0x87, 0x88, 0xFF, 0xFF, 0x8F
	.byte 0xF8, 0x0E, 0xAB, 0xAA, 0xFB, 0x7F, 0x10, 0xA3, 0x11, 0x04, 0x10, 0x03, 0xF8, 0xAA, 0x40, 0x03
	.byte 0xFF, 0x40, 0x03, 0xF7, 0xB1, 0x1D, 0xB0, 0x00, 0x03, 0xAB, 0x9C, 0x30, 0x03, 0xC0, 0xCA, 0x00
	.byte 0x03, 0x10, 0x07, 0x00, 0x03, 0xCB, 0xCC, 0x00, 0xCB, 0xBC, 0x99, 0x89, 0x9A, 0x99, 0x99, 0x68
	.byte 0x00, 0xAA, 0x9A, 0xA9, 0x68, 0xAB, 0xAA, 0xAA, 0x68, 0x40, 0xAA, 0x40, 0x03, 0xCA, 0xAA, 0xBB
	.byte 0x68, 0xFF, 0x67, 0x11, 0x76, 0xFF, 0x75, 0x10, 0xC7, 0x55, 0xF5, 0xCF, 0x00, 0xD7, 0x60, 0x9F
	.byte 0x00, 0x9F, 0x00, 0x03, 0xF7, 0x9C, 0x66, 0x76, 0xF7, 0x00, 0xAC, 0x66, 0x76, 0xAF, 0xAC, 0xCF
	.byte 0xAA, 0xAA, 0x00, 0xBA, 0x9C, 0x99, 0xA9, 0xAA, 0x99, 0x99, 0x9A, 0xD6, 0x00, 0x03, 0x40, 0x07
	.byte 0xA9, 0x00, 0x07, 0x9A, 0x00, 0x41, 0x00, 0x01, 0xFF, 0x82, 0x00, 0xF6, 0xFA, 0xFF, 0x5F, 0x65
	.byte 0xBA, 0x00, 0xFD, 0xAA, 0x20, 0xBC, 0x5F, 0x40, 0x03, 0xFB, 0x66, 0xCA, 0xBB, 0xFB, 0x00, 0x66
	.byte 0xFF, 0xBB, 0xFB, 0x67, 0xF5, 0x7F, 0x77, 0x00, 0xBF, 0x66, 0xF6, 0xFF, 0xBF, 0x66, 0x9F, 0xAA
	.byte 0x00, 0xCB, 0xF6, 0xA9, 0xAA, 0xFB, 0xF6, 0xA9, 0xBA, 0x00, 0xFB, 0xF6, 0xEE, 0xFA, 0xCF, 0xF6
	.byte 0x21, 0xBF, 0x04, 0xCB, 0xF6, 0x21, 0xBB, 0xCB, 0x00, 0x5E, 0x7F, 0xFC, 0x00, 0xCF, 0xBA, 0xFB
	.byte 0x9B, 0xBA, 0xBC, 0xFB, 0x99, 0x00, 0xAA, 0xBF, 0xBB, 0xA9, 0xBA, 0xCF, 0xBB, 0xEE, 0x04, 0xFB
	.byte 0xCB, 0xBB, 0x21, 0xCF, 0x00, 0x03, 0xBF, 0xCB, 0x57, 0xFB, 0x02, 0x0A, 0x00, 0x50, 0x03, 0x7F
	.byte 0x00, 0x03, 0x12, 0x11, 0x20, 0xFF, 0xA0, 0x00, 0x07, 0x87, 0x20, 0xFF, 0xC0, 0xAF, 0x00, 0x00
	.byte 0xE0, 0x5C, 0xF1, 0x00, 0x03, 0x11, 0x30, 0x07, 0x21, 0x2A, 0x60, 0x01, 0xFC, 0xBC, 0x00, 0xBB
	.byte 0x68, 0x0C, 0xFC, 0xBB, 0xFF, 0x0F, 0x1F, 0x00, 0xCC, 0xFF, 0xE0, 0x21, 0x0F, 0x80, 0xE0, 0xFF
	.byte 0x38, 0x00, 0x80, 0x13, 0xBC, 0x50, 0x1F, 0x00, 0xE3, 0xB1, 0x66, 0x77, 0x00, 0xAF, 0xF1, 0x6F
	.byte 0x77, 0xAF, 0x31, 0xF7, 0xF7, 0x00, 0xF5, 0x1A, 0x77, 0x58, 0x55, 0xAF, 0x77, 0x58, 0x00, 0x65
	.byte 0xF6, 0x7F, 0x58, 0x66, 0xF6, 0xF0, 0x5F, 0x28, 0x66, 0x76, 0x00, 0xE2, 0xFA, 0x00, 0x03, 0x3F
	.byte 0xAA, 0xAA, 0x00, 0xCA, 0x33, 0xAC, 0xAA, 0xCA, 0x11, 0xAC, 0xAA, 0x00, 0xCB, 0xBF, 0xCA, 0xCC
	.byte 0xBC, 0xBB, 0xAA, 0xBB, 0x00, 0xBB, 0xBB, 0xAF, 0xBB, 0xBF, 0xFB, 0xF1, 0xBB, 0x20, 0xFB, 0x77
	.byte 0x00, 0x03, 0x7F, 0xB1, 0xBB, 0xFB, 0xFF, 0x08, 0xBB, 0xBB, 0xFF, 0x78, 0x00, 0x06, 0x77, 0xBB
	.byte 0xFF, 0x90, 0x01, 0x15, 0x8F, 0xF8, 0x01, 0xFA, 0x77, 0xFF, 0xF6, 0xF1, 0x00, 0xAC, 0xCB, 0xF7
	.byte 0xAF, 0xCA, 0xBA, 0xFF, 0xF2, 0x00, 0xAA, 0xAA, 0x18, 0x22, 0xFF, 0xAF, 0x18, 0xF2, 0x0D, 0x78
	.byte 0xF7, 0x87, 0xF2, 0x02, 0x09, 0x00, 0x1E, 0xFF, 0x01, 0xFD, 0x94, 0x00, 0x3B, 0xFB, 0xBF, 0x00
	.byte 0x3F, 0xBB, 0x01, 0x49, 0xAA, 0xFA, 0x84, 0x00, 0x13, 0x7F, 0x77, 0x87, 0x87, 0x02, 0x14, 0x87
	.byte 0xFF, 0x3B, 0x88, 0xF8, 0x12, 0x04, 0x10, 0xE3, 0x10, 0x03, 0x88, 0x00, 0x03, 0x51, 0xFF, 0xF5
	.byte 0x52, 0x0F, 0xF3, 0x1C, 0xF0, 0x01, 0x80, 0x01, 0xC0, 0x42, 0x23, 0x9C, 0x00, 0x03, 0x52, 0x9B
	.byte 0x00, 0x0A, 0x99, 0x00, 0x12, 0x9A, 0xFC, 0x00, 0xE3, 0xAB, 0x40, 0xFB, 0x00, 0xE7, 0xBA, 0x6F
	.byte 0x77, 0x9A, 0xAA, 0xFB, 0x00, 0x77, 0xA9, 0xA9, 0xBA, 0xFF, 0x99, 0xAA, 0xBA, 0x48, 0xBB, 0x00
	.byte 0x07, 0xBB, 0x9A, 0x00, 0xE4, 0xF7, 0xBA, 0xBB, 0x44, 0x7F, 0x02, 0xE7, 0x77, 0xF7, 0x77, 0x02
	.byte 0x11, 0x7F, 0x66, 0x00, 0x66, 0xFF, 0xFF, 0x67, 0x66, 0xFF, 0x66, 0x88, 0x21, 0x88, 0xFB, 0x00
	.byte 0x0B, 0xFB, 0xFF, 0x88, 0x88, 0x10, 0xE3, 0x82, 0x00, 0x03, 0x8F, 0x77, 0x76, 0x77, 0x8F, 0x00
	.byte 0x21, 0x8F, 0x58, 0x66, 0x00, 0xD5, 0x88, 0x00, 0xC4, 0x02, 0x47, 0x87, 0x88, 0x88, 0xB2, 0x10
	.byte 0x01, 0xFF, 0x00, 0x23, 0x13, 0x07, 0xF7, 0xBF, 0x00, 0x2A, 0xBB, 0x00, 0x77, 0x77, 0xBF, 0xAB
	.byte 0xFF, 0xF7, 0xBB, 0xAA, 0x30, 0xF8, 0xFF, 0x40, 0x03, 0x00, 0x44, 0xBF, 0xBB, 0xFF, 0xF8, 0x0A
	.byte 0xBB, 0xAA, 0xFA, 0xFF, 0x01, 0x67, 0x0F, 0x41, 0x6F, 0xCA, 0xBB, 0x00, 0x03, 0xBA, 0x10, 0x03
	.byte 0xF0, 0xE3, 0x30, 0x01, 0x0C, 0xF0, 0xFF, 0xF0, 0x01, 0xA9, 0x30, 0xF6, 0xAA, 0x00, 0x04, 0xAC
	.byte 0x33, 0x32, 0xE0, 0x21, 0x00, 0x03, 0x56, 0xEE, 0x00, 0x0B, 0xF0, 0x50, 0x1D, 0xAA, 0x00, 0xE3
	.byte 0x00, 0xEE, 0xCB, 0x40, 0xAC, 0x01, 0xBC, 0xFF, 0xFF, 0xCF, 0xFB, 0x11, 0xCC, 0x01, 0xBB, 0x0F
	.byte 0xEF, 0x11, 0xFF, 0x00, 0xF0, 0x44, 0x7A, 0x0F, 0x0F, 0x00, 0x8F, 0x88, 0x43, 0x6E, 0xF0, 0x01
	.byte 0x00, 0x01, 0x00, 0xE0, 0x62, 0xF8, 0xF4, 0xA7, 0x70, 0x01, 0xFF, 0xF0, 0xBB, 0x03, 0x83, 0xBF
	.byte 0x81, 0x00, 0x03, 0xCC, 0xBB, 0x00, 0x00, 0xBC, 0xBC, 0x00, 0x03, 0x6E, 0xCB, 0x00, 0x93, 0x00
	.byte 0x0B, 0x00, 0x00, 0x0B, 0x00, 0x9C, 0x20, 0xE7, 0xBA, 0x50, 0xBB, 0x00, 0x87, 0xFB, 0x02, 0x52
	.byte 0x0F, 0xBF, 0xBB, 0xCB, 0x04, 0x0C, 0xCB, 0xFF, 0xBC, 0xCB, 0x00, 0x0B, 0xFC, 0xCC, 0x1F, 0xCB
	.byte 0xEC, 0xE1, 0x10, 0x58, 0x10, 0xEB, 0xF0, 0x01, 0xF0, 0x01, 0xF0, 0x01, 0xFF, 0xF0, 0x01, 0xF0
	.byte 0x01, 0xF0, 0x01, 0xF0, 0x01, 0xF0, 0x01, 0xF0, 0x01, 0xF0, 0x01, 0x40, 0x01, 0x60, 0xE0, 0xF0
	.byte 0x12, 0x70, 0x01, 0x11, 0x1F, 0xE1, 0x12, 0x1E, 0x03, 0xEF, 0x11, 0xEE, 0xE0, 0x0E, 0xFE, 0xF0
	.byte 0x1C, 0x00, 0x01, 0x60, 0x0E, 0xF0, 0x12, 0xA0, 0x01, 0x00, 0x00, 0x00

  .globl gMonPalette_Golem
gMonPalette_Golem:
  .incbin "build/graphics/pokemon/golem/normal_palette.gbapal.lz"

  .globl gMonBackPic_Golem
gMonBackPic_Golem:
  .incbin "build/graphics/pokemon/golem/back.4bpp.lz"

  .globl gMonShinyPalette_Golem
gMonShinyPalette_Golem:
  .incbin "build/graphics/pokemon/golem/shiny_palette.gbapal.lz"

	.globl gMonIcon_Golem
gMonIcon_Golem: @ 0x08C63C1C [076]
  .incbin "build/graphics/pokemon/golem/icon.4bpp"
	@ analyzed canonical ROM range 0x08C6401C-0x08C643E3
sAnalyzedData_08C6401C: @ 0x08C6401C
	@ structured u8 payload; no safe higher-level semantic type was provable
	.byte 0x00, 0x40, 0xC4, 0xDC, 0xF8, 0xF8, 0xF0, 0xF0, 0x00, 0x00, 0x08, 0x0C, 0x0F, 0x0F, 0x07, 0x07
	.byte 0xF0, 0xF0, 0xF0, 0xE0, 0xC0, 0x80, 0x80, 0x80, 0x07, 0x07, 0x07, 0x07, 0x03, 0x01, 0x01, 0x00
	.byte 0x10, 0x00, 0x08, 0x00, 0x3F, 0x00, 0x00, 0xF0, 0x01, 0xF0, 0x01, 0xF0, 0x01, 0xF0, 0x01, 0xF0
	.byte 0x01, 0xF0, 0x01, 0xFF, 0xF0, 0x01, 0xF0, 0x01, 0xF0, 0x01, 0xF0, 0x01, 0xF0, 0x01, 0xF0, 0x01
	.byte 0xF0, 0x01, 0xF0, 0x01, 0xE1, 0xF0, 0x01, 0xF0, 0x01, 0xA0, 0x01, 0x0B, 0x00, 0x00, 0xB0, 0x10
	.byte 0x03, 0x58, 0xBA, 0x00, 0x03, 0x9A, 0x30, 0x03, 0x00, 0x01, 0xBB, 0xBB, 0x00, 0x00, 0xB0, 0xAB
	.byte 0x0C, 0x00, 0xBB, 0x9A, 0xC9, 0xCB, 0x02, 0xAB, 0x99, 0x99, 0xAA, 0x99, 0x99, 0x00, 0x01, 0xA9
	.byte 0x02, 0x9A, 0x9B, 0x99, 0xBA, 0xB9, 0xBB, 0x90, 0x3C, 0xCC, 0x80, 0x00, 0x29, 0xAA, 0xCC, 0xAB
	.byte 0xAA, 0x99, 0xA9, 0xAA, 0x00, 0xCC, 0x9B, 0x99, 0xC9, 0x00, 0xCC, 0xAB, 0xCA, 0x84, 0x60, 0x1B
	.byte 0xBC, 0xCB, 0x00, 0x00, 0x00, 0x02, 0x00, 0x0C, 0xD4, 0xF0, 0x73, 0x90, 0x01, 0xB0, 0x00, 0x03
	.byte 0xAB, 0x00, 0x24, 0x9B, 0x00, 0x44, 0xCC, 0x00, 0x7B, 0x9C, 0xBC, 0x99, 0x30, 0x95, 0xCB, 0xCC
	.byte 0x00, 0xBB, 0xBB, 0xCB, 0x00, 0xAA, 0xC9, 0x0C, 0x00, 0x05, 0x9A, 0xC9, 0x00, 0x00, 0x99, 0x00
	.byte 0x48, 0xB9, 0x00, 0x48, 0xF8, 0x10, 0x03, 0xF0, 0x01, 0xF0, 0x01, 0xF0, 0x01, 0x90, 0x01, 0xAB
	.byte 0x99, 0x50, 0x40, 0x05, 0x00, 0x03, 0xF1, 0x9B, 0x99, 0x40, 0x21, 0x9B, 0x10, 0x99, 0x00, 0x34
	.byte 0x00, 0x03, 0x45, 0x9C, 0x99, 0x00, 0x20, 0x50, 0xBA, 0x00, 0x03, 0xC2, 0xCB, 0xA9, 0xBA, 0xBB
	.byte 0x00, 0xF5, 0xA9, 0xBA, 0x5B, 0x32, 0xBA, 0xBB, 0x25, 0x00, 0xB3, 0xBA, 0x5C, 0x32, 0xCB, 0xBA
	.byte 0x5C, 0xB3, 0x00, 0xFC, 0xCB, 0x5C, 0xB4, 0xFC, 0xCC, 0x3A, 0x44, 0x00, 0x3F, 0xAB, 0x33, 0x44
	.byte 0x34, 0xCF, 0xCB, 0xCC, 0x2E, 0x00, 0x0F, 0x00, 0x87, 0x0F, 0x00, 0x49, 0x10, 0x03, 0x10, 0x01
	.byte 0x0C, 0xA1, 0x00, 0x0F, 0xCF, 0x00, 0x04, 0xA5, 0xCB, 0xCB, 0xC0, 0xF0, 0x6F, 0xC0, 0x00, 0x01
	.byte 0x00, 0x15, 0x0C, 0xC0, 0xAC, 0x00, 0xCC, 0xAC, 0x08, 0xF5, 0xFF, 0x00, 0xC0, 0x00, 0x6B, 0xB0
	.byte 0x99, 0x99, 0x88, 0x00, 0x86, 0x99, 0x00, 0xAC, 0x00, 0x03, 0xBC, 0x9A, 0x99, 0x20, 0x00, 0xC0
	.byte 0x20, 0x03, 0xA9, 0x5F, 0x00, 0x9C, 0xA9, 0x03, 0x99, 0xCA, 0xCC, 0x00, 0x99, 0xA9, 0x00, 0xF7
	.byte 0x01, 0x4A, 0x00, 0xAA, 0xBA, 0x0C, 0x00, 0xAB, 0xBB, 0x0C, 0x00, 0x05, 0xA9, 0xBB, 0xCC, 0x00
	.byte 0xB9, 0x00, 0x07, 0xBA, 0x11, 0x50, 0xF0, 0xF0, 0x01, 0xF0, 0x01, 0xF0, 0x01, 0x70, 0x01, 0x50
	.byte 0x21, 0xCC, 0x00, 0x02, 0x40, 0x21, 0x22, 0x00, 0xF0, 0x14, 0x00, 0x03, 0x1E, 0x0C, 0x22, 0x00
	.byte 0x00, 0x1F, 0x00, 0x03, 0x00, 0x0B, 0x00, 0x25, 0xA0, 0x20, 0x03, 0x33, 0x00, 0xE3, 0x43, 0xFF
	.byte 0x44, 0x34, 0xE4, 0x00, 0xF1, 0x44, 0x35, 0xE4, 0xFE, 0x44, 0x45, 0xF3, 0x00, 0x4F, 0x54, 0x44
	.byte 0x33, 0x44, 0xF4, 0x44, 0x43, 0x00, 0x44, 0x4F, 0x44, 0x43, 0x54, 0x45, 0x44, 0xF3, 0x00, 0xB9
	.byte 0xBA, 0xBC, 0x33, 0x5F, 0xA9, 0x9B, 0x33, 0x03, 0x22, 0xF5, 0x5F, 0x33, 0x23, 0x22, 0x00, 0x2F
	.byte 0x10, 0x03, 0x30, 0x33, 0x23, 0x00, 0x03, 0x20, 0x01, 0xB9, 0x55, 0x24, 0x33, 0x00, 0x55, 0x24
	.byte 0x22, 0x32, 0x24, 0x22, 0x22, 0x32, 0x6C, 0x22, 0x00, 0x1A, 0x00, 0x06, 0x33, 0x00, 0x02, 0x50
	.byte 0x1E, 0x33, 0x33, 0x00, 0x55, 0xC0, 0xA9, 0x33, 0x33, 0xA5, 0xBA, 0x33, 0x15, 0x33, 0x53, 0xBB
	.byte 0x00, 0x0D, 0xCF, 0x00, 0x03, 0x05, 0x00, 0x03, 0x47, 0xF4, 0x00, 0x03, 0xF3, 0x23, 0x32, 0x00
	.byte 0x14, 0x00, 0xE3, 0x00, 0xEA, 0xF8, 0xF2, 0x3B, 0xF0, 0x01, 0xF0, 0x01, 0xF0, 0x01, 0xF0, 0x01
	.byte 0x00, 0x25, 0x52, 0xAC, 0x01, 0x04, 0x33, 0x00, 0x08, 0xF5, 0xD1, 0x19, 0x00, 0x03, 0x24, 0x44
	.byte 0x04, 0xF4, 0x45, 0x44, 0x44, 0xFF, 0x00, 0x02, 0xF0, 0x43, 0x00, 0x34, 0x00, 0xF5, 0x33, 0x33
	.byte 0x50, 0x53, 0x33, 0x20, 0x33, 0x35, 0x00, 0x03, 0x32, 0x53, 0x43, 0x34, 0x32, 0x15, 0x44, 0x44
	.byte 0x44, 0x70, 0xC8, 0x43, 0x10, 0x03, 0x34, 0x00, 0xC7, 0x00, 0x44, 0x23, 0x33, 0x54, 0x44, 0x25
	.byte 0x22, 0xB4, 0x5C, 0xCC, 0x00, 0x03, 0x9B, 0x40, 0x1C, 0x00, 0x17, 0x00, 0x1B, 0x43, 0x44, 0x00
	.byte 0x54, 0x44, 0x44, 0x4C, 0x54, 0x3C, 0xCC, 0x4C, 0x00, 0xF5, 0xCA, 0x9C, 0xFC, 0x5F, 0x9A, 0xCA
	.byte 0x4C, 0x5E, 0xF5, 0x01, 0x12, 0x43, 0x31, 0x35, 0x01, 0x17, 0x30, 0x03, 0x00, 0x0F, 0x32, 0x20
	.byte 0x53, 0x35, 0x00, 0x03, 0x5C, 0x23, 0x33, 0x53, 0x05, 0x80, 0x32, 0x57, 0x0B, 0x0F, 0xB0, 0xBB
	.byte 0x0C, 0x05, 0xBB, 0x00, 0xAA, 0x0C, 0x0C, 0x9B, 0xCA, 0x00, 0xCB, 0x99, 0x17, 0xCA, 0x00, 0xBB
	.byte 0x02, 0xFC, 0x95, 0xF3, 0x00, 0xF0, 0x01, 0xF0, 0x01, 0x90, 0xC0, 0x01, 0x40, 0x21, 0x00, 0xEA
	.byte 0x32, 0x00, 0x00, 0xF0, 0xA8, 0x11, 0x03, 0x4F, 0x00, 0x03, 0xF0, 0x90, 0x1D, 0x33, 0x44, 0x45
	.byte 0x00, 0x44, 0x43, 0xF5, 0xFC, 0x5F, 0x54, 0x05, 0xC0, 0x00, 0x5C, 0x44, 0x54, 0x00, 0x50, 0x44
	.byte 0x44, 0x0F, 0x00, 0x50, 0x4F, 0x44, 0xFF, 0x50, 0x45, 0x54, 0xFE, 0x04, 0x50, 0x50, 0xFF, 0xFF
	.byte 0x50, 0x00, 0xE3, 0x99, 0x25, 0x00, 0x32, 0xB4, 0xA9, 0x23, 0x42, 0xB4, 0xBB, 0x22, 0x10, 0x43
	.byte 0xCB, 0xCC, 0x00, 0x03, 0x00, 0x33, 0x53, 0xCB, 0x00, 0x0C, 0x34, 0xF3, 0xCC, 0x00, 0x44, 0xF3
	.byte 0x00, 0x01, 0x00, 0xBA, 0xCC, 0x44, 0xF4, 0xCB, 0x50, 0x00, 0x03, 0x00, 0x45, 0x44, 0x05, 0x0C
	.byte 0x45, 0x44, 0x0F, 0x00, 0xC0, 0x00, 0x03, 0x10, 0x44, 0xF5, 0x4F, 0x54, 0x00, 0xDE, 0xFD, 0x03
	.byte 0x5F, 0x00, 0x00, 0x35, 0x33, 0x43, 0x01, 0x7E, 0x40, 0x03, 0x5A, 0x34, 0x10, 0x61, 0xF4, 0x00
	.byte 0x23, 0x10, 0x03, 0x05, 0x10, 0x2B, 0x9F, 0x9F, 0x00, 0xE3, 0xBF, 0xCB, 0x00, 0x03, 0x04, 0x5C
	.byte 0x00, 0x02, 0xF0, 0x01, 0xF0, 0x01, 0xFA, 0xF0, 0x01, 0xF0, 0x01, 0xF0, 0x01, 0xF0, 0x01, 0x92
	.byte 0x07, 0x45, 0x30, 0x03, 0x50, 0x4C, 0x44, 0x01, 0x1E, 0xFF, 0x00, 0x00, 0xB9, 0x00, 0x03, 0xFE
	.byte 0x00, 0x16, 0x00, 0xFF, 0xFF, 0x00, 0xA5, 0x00, 0x00, 0xD5, 0x20, 0x03, 0x34, 0xB8, 0x40, 0x03
	.byte 0x3F, 0x00, 0x13, 0x00, 0xD9, 0x20, 0x03, 0xDE, 0xEE, 0x5F, 0x19, 0x00, 0xFE, 0xFF, 0x54, 0x19
	.byte 0xF0, 0x01, 0x50, 0x33, 0x01, 0x0B, 0x01, 0x3F, 0x43, 0x0F, 0xDE, 0xFD, 0x4F, 0x05, 0xF0, 0x2B
	.byte 0xFF, 0xF0, 0x01, 0xF0, 0x01, 0xF0, 0x01, 0xF0, 0x01, 0xF0, 0x01, 0xF0, 0x01, 0xF0, 0x01, 0xF0
	.byte 0x01, 0xFF, 0xF0, 0x01, 0xF0, 0x01, 0xF0, 0x01, 0xF0, 0x01, 0xF0, 0x01, 0xF0, 0x01, 0xF0, 0x01
	.byte 0xF0, 0x01, 0xC0, 0xF0, 0x01, 0xD0, 0x01, 0x00

  .globl gMonPalette_Ponyta
gMonPalette_Ponyta:
  .incbin "build/graphics/pokemon/ponyta/normal_palette.gbapal.lz"
  .space 0x2, 0x00

  .globl gMonBackPic_Ponyta
gMonBackPic_Ponyta:
  .incbin "build/graphics/pokemon/ponyta/back.4bpp.lz"

  .globl gMonShinyPalette_Ponyta
gMonShinyPalette_Ponyta:
  .incbin "build/graphics/pokemon/ponyta/shiny_palette.gbapal.lz"
  .space 0x2, 0x00
	.globl gMonIcon_Ponyta
gMonIcon_Ponyta: @ 0x08C64770 [077]
  .incbin "build/graphics/pokemon/ponyta/icon.4bpp"
	@ analyzed canonical ROM range 0x08C64B70-0x08C6505F
sAnalyzedData_08C64B70: @ 0x08C64B70
	@ structured u8 payload; no safe higher-level semantic type was provable
	.byte 0x00, 0x00, 0x00, 0x00, 0xC0, 0xE0, 0xE0, 0xF0, 0x00, 0x00, 0x00, 0x00, 0x03, 0x07, 0x07, 0x0F
	.byte 0xF0, 0xF0, 0xE0, 0x60, 0x40, 0x00, 0x00, 0x00, 0x0F, 0x0F, 0x07, 0x06, 0x02, 0x00, 0x00, 0x00
	.byte 0x10, 0x00, 0x08, 0x00, 0x29, 0x00, 0x00, 0xB0, 0x01, 0xCC, 0x00, 0x03, 0xC0, 0x0C, 0x00, 0x03
	.byte 0x7F, 0xCB, 0x00, 0x08, 0x10, 0x03, 0xF0, 0x01, 0x00, 0x01, 0x00, 0x20, 0x60, 0x29, 0x60, 0x39
	.byte 0x00, 0x0C, 0x00, 0xC0, 0xBB, 0xCB, 0x00, 0xBC, 0x99, 0x00, 0xB9, 0x00, 0xBC, 0xBB, 0x99, 0xC0
	.byte 0xBB, 0xBB, 0x06, 0x9B, 0xC0, 0xBB, 0xCC, 0xBB, 0xC0, 0x38, 0x00, 0x30, 0xC0, 0x10, 0xBC, 0xC9
	.byte 0xCC, 0x00, 0x20, 0xAA, 0xAA, 0xAA, 0x99, 0x14, 0xAA, 0xBA, 0x9B, 0x80, 0x1A, 0xCC, 0x30, 0x41
	.byte 0x0C, 0x00, 0x00, 0xBB, 0xBB, 0xCB, 0xCC, 0x99, 0x99, 0xB9, 0xBB, 0x14, 0x99, 0x99, 0x99, 0x60
	.byte 0x1F, 0xCC, 0x00, 0x6E, 0xBC, 0xBB, 0x00, 0xCC, 0xCC, 0xC0, 0xAA, 0xAA, 0xBA, 0xBC, 0xBB, 0x00
	.byte 0xAA, 0xA9, 0xBB, 0xBB, 0xBB, 0x9A, 0x99, 0xBB, 0x30, 0x6B, 0xB6, 0x90, 0xBA, 0x00, 0x8C, 0xBC
	.byte 0xCB, 0xCC, 0x0C, 0x00, 0xC0, 0xA9, 0xBB, 0xCB, 0xC0, 0x9A, 0xA9, 0xBB, 0x0D, 0xBA, 0x99, 0x99
	.byte 0xBA, 0xA0, 0x7F, 0x10, 0xB1, 0xAB, 0x00, 0x24, 0xA2, 0x10, 0x03, 0x9B, 0x00, 0xDB, 0xA9, 0xC9
	.byte 0xB0, 0x20, 0xE3, 0xC0, 0x08, 0x0B, 0x00, 0xBB, 0xC0, 0x00, 0x29, 0xC0, 0xBB, 0x0B, 0x04, 0x00
	.byte 0xC0, 0x9B, 0x99, 0xAA, 0x00, 0xC3, 0x99, 0x00, 0x25, 0xB0, 0x9A, 0x00, 0x03, 0xAB, 0x99, 0x11
	.byte 0x09, 0x0B, 0x20, 0x7A, 0x00, 0x0C, 0xC0, 0x9B, 0xC9, 0xBB, 0x00, 0xAA, 0x99, 0x64, 0xB9, 0x00
	.byte 0x9B, 0x60, 0x01, 0xAA, 0xBC, 0x00, 0xF1, 0xBB, 0x0C, 0x28, 0x00, 0xBC, 0x00, 0x5B, 0xC0, 0x50
	.byte 0xA7, 0x99, 0xB9, 0xCB, 0x11, 0x00, 0x99, 0x99, 0x10, 0x2B, 0x99, 0xCB, 0xBB, 0x00, 0xC6, 0xE3
	.byte 0x00, 0xAB, 0x20, 0x01, 0x00, 0x44, 0xBC, 0xC0, 0xCC, 0x30, 0x27, 0x50, 0x01, 0x8E, 0x01, 0x05
	.byte 0x99, 0xBB, 0xAB, 0x00, 0xCA, 0x00, 0xED, 0x01, 0x32, 0x99, 0x0A, 0xBC, 0xBB, 0xBB, 0xA9, 0x01
	.byte 0x3B, 0x9A, 0x00, 0x55, 0xBB, 0x85, 0x10, 0x03, 0x99, 0x99, 0x69, 0x61, 0x00, 0x03, 0x21, 0x00
	.byte 0x6B, 0x50, 0x1F, 0x00, 0x03, 0x16, 0x00, 0x03, 0xF9, 0x9A, 0x9A, 0x99, 0x00, 0x6A, 0xA9, 0xA9
	.byte 0xA9, 0x36, 0x9A, 0x9A, 0x6A, 0x00, 0x33, 0xFF, 0x9F, 0xA9, 0xBB, 0x3F, 0xF3, 0xA9, 0x00, 0xBB
	.byte 0xF3, 0x3B, 0xAF, 0xBB, 0x32, 0xBF, 0xCF, 0x00, 0xBB, 0x21, 0xF4, 0xCC, 0x9B, 0x21, 0x44, 0xCF
	.byte 0x00, 0xFB, 0x1F, 0x42, 0x46, 0xFB, 0x26, 0x42, 0x44, 0x00, 0xCF, 0x9A, 0xCB, 0xCB, 0x00, 0xA9
	.byte 0xB9, 0xCC, 0x20, 0x00, 0x9A, 0x01, 0x9A, 0xA9, 0xFF, 0x0B, 0x00, 0xFB, 0x00, 0xF4, 0x0B, 0x00
	.byte 0xCF, 0xF4, 0xBB, 0x0C, 0xBC, 0x0F, 0xF4, 0xCB, 0x00, 0xBB, 0x00, 0x03, 0x00, 0x63, 0x00, 0xEF
	.byte 0x00, 0x6B, 0x40, 0xC0, 0x00, 0xEB, 0xAC, 0x99, 0x99, 0xC0, 0xCC, 0xAA, 0x64, 0xAA, 0x01, 0x08
	.byte 0x00, 0x0F, 0xBB, 0xBC, 0x00, 0xCD, 0xC0, 0xAA, 0x43, 0x99, 0x01, 0x6A, 0xAA, 0xAA, 0xBB, 0xBA
	.byte 0x00, 0x9B, 0x01, 0x4E, 0x8C, 0x00, 0x04, 0xA9, 0xAA, 0xAB, 0x00, 0x04, 0x50, 0xD3, 0xBB, 0xAB
	.byte 0x39, 0xAA, 0xBA, 0x10, 0xE0, 0x41, 0x0E, 0x01, 0xD5, 0xAA, 0xBA, 0x60, 0x1B, 0xC8, 0x01, 0xC8
	.byte 0x01, 0x6A, 0xCC, 0xCB, 0x01, 0x13, 0xBB, 0xBB, 0xCC, 0x00, 0xFC, 0xBB, 0xBB, 0x6F, 0x26, 0xBB
	.byte 0x6B, 0x13, 0x00, 0x11, 0xBB, 0x36, 0x11, 0x11, 0x6B, 0x23, 0x11, 0x02, 0x11, 0x3F, 0x22, 0x22
	.byte 0x11, 0x0C, 0x01, 0xF6, 0xCC, 0x00, 0xAA, 0x9A, 0xCA, 0x6F, 0xBB, 0xA9, 0xA9, 0x22, 0x00, 0xBC
	.byte 0x9B, 0xBB, 0x21, 0xC2, 0xCC, 0xBC, 0x11, 0x10, 0x22, 0x22, 0xC2, 0x00, 0x03, 0x22, 0x11, 0x12
	.byte 0x22, 0x00, 0x22, 0xA9, 0xA9, 0xF9, 0x22, 0x9B, 0x9A, 0xFB, 0x00, 0x22, 0xCC, 0xBC, 0x66, 0x22
	.byte 0x99, 0xBB, 0x1F, 0x00, 0x22, 0xBB, 0xFB, 0x21, 0x22, 0xBB, 0x1F, 0x21, 0x00, 0x32, 0xFC, 0x11
	.byte 0x22, 0x33, 0x62, 0x23, 0x32, 0x00, 0x33, 0x22, 0x42, 0x33, 0x44, 0x22, 0x33, 0x43, 0x40, 0x44
	.byte 0x00, 0x06, 0x44, 0x24, 0xFF, 0x4F, 0x44, 0xF3, 0x00, 0xCC, 0x41, 0x44, 0x33, 0xBC, 0x46, 0x44
	.byte 0x33, 0xC0, 0x00, 0x0F, 0x00, 0x16, 0x44, 0x4B, 0xF4, 0x0C, 0x00, 0x44, 0x00, 0xBF, 0x0C, 0x00
	.byte 0xF4, 0xBF, 0xCC, 0x00, 0x44, 0x43, 0xCF, 0x00, 0x0B, 0xCF, 0x00, 0x00, 0xF4, 0x00, 0x8F, 0x00
	.byte 0x16, 0x3F, 0x00, 0x0F, 0x42, 0x78, 0xF2, 0xDF, 0x70, 0x01, 0x31, 0xB7, 0x02, 0x50, 0x12, 0x9D
	.byte 0xA4, 0xA0, 0x19, 0xB0, 0x02, 0x31, 0xCB, 0x9C, 0x00, 0x1E, 0x0C, 0xCC, 0x15, 0xBB, 0xCB, 0xF0
	.byte 0x02, 0x7D, 0x60, 0x00, 0x14, 0x36, 0x50, 0x03, 0x00, 0x0B, 0x00, 0x60, 0x33, 0xC9, 0xCC, 0x3F
	.byte 0x33, 0x41, 0x36, 0x00, 0xC7, 0x33, 0x23, 0x22, 0x33, 0x33, 0x60, 0x01, 0x2A, 0x43, 0x54, 0x00
	.byte 0x9B, 0x45, 0x00, 0x9B, 0x4F, 0x00, 0xA2, 0x4F, 0x00, 0x22, 0x11, 0x11, 0x22, 0x13, 0x11, 0x21
	.byte 0x21, 0x48, 0x23, 0x00, 0xEC, 0x23, 0x21, 0x00, 0x07, 0x12, 0x12, 0x22, 0x4D, 0x33, 0x00, 0x33
	.byte 0x34, 0x23, 0x00, 0x03, 0x00, 0x08, 0xF2, 0x00, 0x31, 0x00, 0x62, 0x33, 0x5F, 0x44, 0x22, 0x46
	.byte 0x44, 0x44, 0x08, 0x22, 0x62, 0xFF, 0xFF, 0x00, 0x1A, 0x22, 0x22, 0x32, 0x38, 0x33, 0x33, 0x10
	.byte 0x51, 0x00, 0x06, 0x10, 0xE2, 0xF4, 0x44, 0xF6, 0x00, 0xFF, 0x46, 0x66, 0x43, 0x44, 0x64, 0x24
	.byte 0x43, 0x21, 0x44, 0xF4, 0x10, 0x03, 0x34, 0x43, 0x44, 0x06, 0x00, 0x5B, 0x7E, 0x0F, 0x10, 0x03
	.byte 0x10, 0xE3, 0x40, 0xE7, 0xF0, 0x01, 0xF0, 0x01, 0xF0, 0x01, 0x9B, 0x96, 0x02, 0xC8, 0xB0, 0x9B
	.byte 0x03, 0x07, 0xB0, 0x00, 0x03, 0x00, 0x07, 0xB0, 0x54, 0x99, 0x02, 0xC1, 0xCC, 0x03, 0x38, 0x00
	.byte 0x02, 0x1F, 0x00, 0xC0, 0x00, 0x99, 0xF9, 0x33, 0x33, 0xB9, 0xF9, 0x33, 0x43, 0x00, 0x9B, 0xFB
	.byte 0x33, 0x46, 0xB9, 0x99, 0x3F, 0x63, 0x01, 0x9B, 0x99, 0x3F, 0x33, 0xBB, 0xBB, 0xFB, 0x00, 0x03
	.byte 0x2A, 0x6B, 0x33, 0x02, 0xEF, 0x4F, 0x00, 0x96, 0x5F, 0x00, 0xA2, 0xFF, 0x02, 0x44, 0xF4, 0x06
	.byte 0xF0, 0xFF, 0x06, 0x30, 0x8B, 0xF3, 0x80, 0x00, 0x37, 0x63, 0x00, 0x00, 0x9C, 0x44, 0x06, 0xC0
	.byte 0x40, 0xBB, 0x01, 0xA8, 0x33, 0x44, 0x34, 0x36, 0x33, 0x45, 0x00, 0x64, 0x33, 0x33, 0x4F, 0xF4
	.byte 0x33, 0x63, 0xF0, 0x10, 0x36, 0x33, 0x36, 0x01, 0x36, 0x33, 0x99, 0xCB, 0x4C, 0x0D, 0x44, 0x9B
	.byte 0xB9, 0xC9, 0x10, 0x1E, 0x20, 0x01, 0xF6, 0x00, 0x13, 0x2A, 0x33, 0x63, 0x10, 0x09, 0x36, 0x00
	.byte 0x03, 0x4F, 0x00, 0x31, 0x4F, 0x04, 0x44, 0x3F, 0x44, 0x46, 0x44, 0x00, 0x5F, 0x00, 0x33, 0x20
	.byte 0x43, 0xF4, 0x40, 0x03, 0x06, 0x00, 0x33, 0x63, 0x0F, 0x00, 0x00, 0x33, 0xF3, 0x0F, 0x00, 0x34
	.byte 0x46, 0x0F, 0x1F, 0x00, 0x44, 0x44, 0x00, 0x70, 0xF0, 0x01, 0xF0, 0x01, 0xF0, 0x01, 0xF0, 0x01
	.byte 0xCA, 0xF0, 0x01, 0x44, 0x97, 0x0C, 0x6F, 0x03, 0xD3, 0x4F, 0x00, 0x0A, 0xFF, 0xB8, 0x40, 0x03
	.byte 0xF0, 0x40, 0x03, 0x20, 0x01, 0x00, 0x9E, 0x00, 0x44, 0xF4, 0x20, 0x00, 0xC0, 0x00, 0x8B, 0xC0
	.byte 0x4F, 0x44, 0x0F, 0x00, 0x2A, 0xFF, 0xEF, 0x00, 0x03, 0xED, 0x00, 0x03, 0xFF, 0x31, 0x95, 0x9B
	.byte 0x14, 0x9B, 0xBB, 0xFC, 0x04, 0xEA, 0xFC, 0x02, 0x63, 0xFC, 0xC0, 0x00, 0xBC, 0xBB, 0x4F, 0x00
	.byte 0xCC, 0xFF, 0x4F, 0x00, 0x10, 0xF0, 0xEE, 0x44, 0x30, 0x03, 0xFF, 0x44, 0x44, 0x64, 0x40, 0x44
	.byte 0x11, 0xE1, 0xF4, 0x44, 0xFF, 0xFF, 0x46, 0x44, 0xA4, 0x10, 0x0E, 0xF0, 0x00, 0x0E, 0x00, 0x36
	.byte 0x00, 0xED, 0x3F, 0x33, 0x83, 0x10, 0x03, 0x64, 0xF4, 0x00, 0x00, 0x46, 0x00, 0x03, 0x20, 0x67
	.byte 0xF7, 0x00, 0x52, 0x20, 0x03, 0x00, 0xF6, 0x00, 0x0E, 0x00, 0x00, 0x16, 0xF0, 0x01, 0xF0, 0x01
	.byte 0xFF, 0xF0, 0x01, 0xF0, 0x01, 0xF0, 0x01, 0xF0, 0x01, 0xF0, 0x01, 0xF0, 0x01, 0xF0, 0x01, 0x00
	.byte 0xE3, 0xFC, 0x00, 0x03, 0x01, 0x37, 0x21, 0x10, 0x15, 0xAF, 0x53, 0x8F, 0x20, 0x07, 0xBF, 0x0C
	.byte 0x08, 0x6C, 0x33, 0x9B, 0xC9, 0x02, 0x4F, 0x99, 0xFB, 0x43, 0x80, 0x04, 0xFA, 0x43, 0x9C, 0x99
	.byte 0xFB, 0x44, 0xBC, 0xB9, 0x00, 0xF9, 0x44, 0xCC, 0x9B, 0xFB, 0x44, 0xC0, 0xBB, 0x33, 0xFB, 0x44
	.byte 0x02, 0x4B, 0x12, 0x4F, 0x00, 0xF5, 0x40, 0x03, 0x10, 0xF3, 0xFF, 0x90, 0x03, 0xF0, 0x01, 0xF0
	.byte 0x01, 0xF0, 0x01, 0xF0, 0x01, 0xF0, 0x01, 0xF0, 0x01, 0xF0, 0x01, 0xF0, 0xF0, 0x01, 0xF0, 0x01
	.byte 0xF0, 0x01, 0xA7, 0x30, 0xBC, 0xFB, 0x44, 0x00, 0x02, 0xC0, 0xFC, 0x44, 0x00, 0x00, 0x4C, 0x00
	.byte 0x03, 0x4F, 0x9F, 0x00, 0xD2, 0x4F, 0xDF, 0x01, 0x34, 0x00, 0x03, 0x32, 0x63, 0x11, 0xEB, 0x11
	.byte 0xF3, 0xAF, 0x11, 0x3D, 0xFE, 0x01, 0x45, 0xEE, 0x40, 0x03, 0x11, 0x51, 0xF0, 0x01, 0xF0, 0x01

  .globl gMonPalette_Rapidash
gMonPalette_Rapidash:
  .incbin "build/graphics/pokemon/rapidash/normal_palette.gbapal.lz"

  .globl gMonBackPic_Rapidash
gMonBackPic_Rapidash:
  .incbin "build/graphics/pokemon/rapidash/back.4bpp.lz"

  .globl gMonShinyPalette_Rapidash
gMonShinyPalette_Rapidash:
  .incbin "build/graphics/pokemon/rapidash/shiny_palette.gbapal.lz"

	.globl gMonIcon_Rapidash
gMonIcon_Rapidash: @ 0x08C654C0 [078]
  .incbin "build/graphics/pokemon/rapidash/icon.4bpp"
	@ analyzed canonical ROM range 0x08C658C0-0x08C65BEB
sAnalyzedData_08C658C0: @ 0x08C658C0
	@ structured u8 payload; no safe higher-level semantic type was provable
	.byte 0x00, 0xC0, 0xF0, 0xF8, 0xF8, 0xFC, 0xFC, 0xFC, 0x00, 0x03, 0x0F, 0x1F, 0x1F, 0x3F, 0x3F, 0x3F
	.byte 0xFC, 0xFC, 0xF8, 0xF8, 0xF0, 0x60, 0x00, 0x00, 0x3F, 0x3F, 0x1F, 0x1F, 0x0F, 0x06, 0x00, 0x00
	.byte 0x10, 0x00, 0x08, 0x00, 0x3F, 0x00, 0x00, 0xF0, 0x01, 0xF0, 0x01, 0xF0, 0x01, 0xF0, 0x01, 0xF0
	.byte 0x01, 0xF0, 0x01, 0xFF, 0xF0, 0x01, 0xF0, 0x01, 0xF0, 0x01, 0xF0, 0x01, 0xF0, 0x01, 0xF0, 0x01
	.byte 0xF0, 0x01, 0xF0, 0x01, 0xFE, 0xF0, 0x01, 0xF0, 0x01, 0xF0, 0x01, 0xF0, 0x01, 0xF0, 0x01, 0xF0
	.byte 0x01, 0xE0, 0x01, 0xA0, 0x08, 0x00, 0x00, 0xE0, 0x1E, 0x70, 0x0D, 0x0A, 0x00, 0x00, 0x00, 0x1A
	.byte 0x0A, 0x00, 0xA0, 0x11, 0x0A, 0x00, 0x1A, 0x03, 0x21, 0x0A, 0x00, 0x11, 0xA2, 0x00, 0x20, 0x03
	.byte 0xF0, 0x01, 0xFF, 0xF0, 0x01, 0xF0, 0x01, 0xF0, 0x01, 0xF0, 0x01, 0xF0, 0x01, 0xF0, 0x01, 0xF0
	.byte 0x01, 0xC0, 0x01, 0x54, 0xD0, 0x80, 0x0B, 0xE0, 0x00, 0x02, 0xBD, 0x00, 0x02, 0xBB, 0xD0, 0x00
	.byte 0xBE, 0xBB, 0xCB, 0xBD, 0xBB, 0xCB, 0xCC, 0xBB, 0x00, 0xBB, 0xCC, 0xCC, 0x00, 0xE0, 0xCD, 0x1B
	.byte 0xE0, 0x00, 0xCD, 0xCC, 0xBC, 0xBD, 0xCC, 0xCC, 0xCC, 0xCB, 0x10, 0xCC, 0xCC, 0xDC, 0x00, 0x06
	.byte 0xFD, 0xCC, 0xCC, 0xDD, 0x00, 0x0F, 0xCC, 0xDD, 0xFD, 0x00, 0xDD, 0xDD, 0x0F, 0x4A, 0x00, 0x00
	.byte 0xEA, 0x00, 0x2B, 0x00, 0x03, 0xED, 0x00, 0x40, 0x0E, 0xFF, 0xF0, 0x5F, 0xF0, 0x01, 0xF0, 0x01
	.byte 0xF0, 0x01, 0xF0, 0x01, 0xF0, 0x01, 0xF0, 0x01, 0xF0, 0x01, 0xAB, 0x30, 0x01, 0xBD, 0x00, 0xE6
	.byte 0xBB, 0x00, 0x06, 0xBB, 0x00, 0x06, 0x00, 0x03, 0x08, 0xBC, 0xBB, 0x00, 0xCD, 0x00, 0xD7, 0xCE
	.byte 0xCC, 0xCC, 0xAB, 0x00, 0xD7, 0xCC, 0x00, 0xE6, 0xDC, 0x00, 0xE6, 0xDD, 0x00, 0x06, 0x00, 0x03
	.byte 0x2A, 0xDD, 0xDD, 0x00, 0x0A, 0xDD, 0x00, 0x0A, 0xED, 0x00, 0x03, 0xCE, 0x6C, 0xCC, 0x00, 0x06
	.byte 0x00, 0xE6, 0x00, 0x00, 0xE6, 0x00, 0xDF, 0xD0, 0xEE, 0x57, 0xFD, 0x00, 0x30, 0xED, 0x00, 0x37
	.byte 0xCF, 0x01, 0x04, 0x50, 0x01, 0x50, 0x64, 0x0A, 0xEE, 0xEE, 0x0D, 0x00, 0x01, 0x1E, 0x0E, 0x00
	.byte 0x12, 0xED, 0xAD, 0x40, 0x43, 0xDD, 0x00, 0x06, 0xDD, 0xD0, 0x8C, 0x00, 0x4A, 0x00, 0x00, 0x52
	.byte 0xFF, 0x20, 0x53, 0x10, 0x5B, 0xF0, 0x01, 0xF0, 0x01, 0xF0, 0x01, 0xF0, 0x01, 0xF0, 0x01, 0x30
	.byte 0x01, 0x56, 0xF0, 0x00, 0xE3, 0xF0, 0x00, 0xD5, 0xF0, 0x00, 0x8B, 0x10, 0x03, 0xE0, 0xA8, 0x10
	.byte 0x93, 0xDE, 0x00, 0x03, 0xDF, 0x00, 0x03, 0xF0, 0xDD, 0xFD, 0x00, 0xDC, 0xDD, 0xBE, 0xCB, 0xDD
	.byte 0xFD, 0xBB, 0xBB, 0x08, 0xDD, 0xBF, 0xBB, 0xCB, 0x00, 0x06, 0xBB, 0xED, 0xBB, 0x01, 0xBB, 0xCB
	.byte 0xBF, 0xBB, 0xBB, 0xBC, 0xBE, 0x01, 0x14, 0xC0, 0x01, 0x1B, 0x11, 0xF3, 0xEC, 0xBC, 0xCC, 0xCC
	.byte 0xCE, 0xCB, 0x0D, 0xCC, 0xEC, 0xCC, 0xBC, 0x00, 0x03, 0x00, 0x07, 0xDC, 0x00, 0x07, 0xA4, 0x12
	.byte 0x07, 0xEE, 0x00, 0x03, 0xEC, 0xFF, 0x00, 0x4F, 0xDC, 0xDF, 0x01, 0xED, 0xFF, 0xDC, 0xFD, 0xBE
	.byte 0xCB, 0xDC, 0x02, 0x37, 0xAA, 0x10, 0x3F, 0xBE, 0x02, 0x38, 0xCD, 0x00, 0x3C, 0xD1, 0x00, 0x20
	.byte 0xDD, 0x00, 0xED, 0x00, 0xE0, 0xFF, 0xDE, 0x0E, 0xCE, 0xCC, 0x2A, 0xEC, 0xEF, 0x00, 0x89, 0xEC
	.byte 0x00, 0x89, 0xCC, 0x10, 0x03, 0xDC, 0x00, 0xDC, 0xDD, 0xCD, 0xDC, 0x1D, 0x11, 0xD2, 0xDC, 0x40
	.byte 0xFE, 0x01, 0x07, 0xCC, 0xFC, 0x00, 0x00, 0xDC, 0xDD, 0x04, 0x0E, 0x00, 0xFD, 0xDE, 0x0F, 0x00
	.byte 0x96, 0x0F, 0x00, 0x03, 0xDE, 0xED, 0x0F, 0x00, 0xED, 0xFF, 0x01, 0x1F, 0xF2, 0x50, 0xE9, 0xF0
	.byte 0x01, 0xF0, 0x01, 0xC0, 0x01, 0xDF, 0x02, 0x9A, 0xF0, 0xCE, 0x00, 0x08, 0xA9, 0x00, 0x03, 0xA0
	.byte 0x01, 0xAF, 0xF0, 0x02, 0x0B, 0xF0, 0x11, 0x30, 0x03, 0x3C, 0x00, 0xFA, 0x00, 0xE6, 0x10, 0x92
	.byte 0x61, 0xAF, 0x01, 0xFA, 0xFF, 0xCB, 0xBA, 0x00, 0x7F, 0xE2, 0x00, 0x97, 0x11, 0xAB, 0x00, 0x1C
	.byte 0x2D, 0x00, 0x03, 0x1A, 0x88, 0x00, 0xB4, 0x1A, 0xDD, 0xCD, 0x00, 0x03, 0xDE, 0xCC, 0xED, 0x80
	.byte 0x00, 0xF8, 0x3E, 0xE0, 0xCC, 0xCC, 0x4E, 0xCE, 0xCC, 0x01, 0xDC, 0xEE, 0x11, 0xCD, 0xCC, 0xDC
	.byte 0x1F, 0x00, 0x03, 0x00, 0x11, 0x6E, 0x66, 0xE6, 0x62, 0x15, 0x11, 0x33, 0x00, 0x16, 0x11, 0x31
	.byte 0x33, 0x11, 0x11, 0x33, 0x33, 0x00, 0x63, 0x33, 0x63, 0x34, 0x44, 0x44, 0x44, 0x44, 0x00, 0x11
	.byte 0x11, 0x21, 0xDD, 0x11, 0x1F, 0x11, 0xDD, 0x00, 0x11, 0x11, 0x11, 0xDD, 0x6E, 0x12, 0x21, 0xDD
	.byte 0x00, 0x43, 0xE6, 0xEE, 0xDD, 0x33, 0x54, 0x55, 0xDE, 0x00, 0x33, 0x43, 0x55, 0xE5, 0x44, 0x44
	.byte 0x55, 0xE5, 0xE0, 0x01, 0x1F, 0x22, 0x07, 0x30, 0x03, 0x0E, 0x00, 0xDD, 0xED, 0xED, 0x00, 0x00
	.byte 0xDD, 0xDE, 0xDD, 0x0F, 0xDD, 0xDF, 0xCD, 0x07, 0xF1, 0xFD, 0xDE, 0x2C, 0xF2, 0xF0, 0xCF, 0xF0
	.byte 0x01, 0xF0, 0x01, 0xFA, 0xF0, 0x01, 0xF0, 0x01, 0xD4, 0xCB, 0x20, 0x03, 0xE0, 0x01, 0xBE, 0x03
	.byte 0x01, 0x11, 0x00, 0xCB, 0xDD, 0xFF, 0x11, 0xE2, 0xFF, 0x00, 0xFA, 0xC0, 0x11, 0x10, 0xC0, 0x01
	.byte 0x6F, 0xF1, 0xFF, 0xFF, 0x60, 0x95, 0x00, 0x89, 0x88, 0x60, 0x55, 0x99, 0x99, 0x00, 0x46, 0x06
	.byte 0x44, 0x44, 0x00, 0x50, 0x66, 0x01, 0xB9, 0x80, 0x1F, 0x55, 0x00, 0x56, 0xF5, 0x19, 0x6F, 0x55
	.byte 0x0F, 0x69, 0x55, 0x00, 0xF5, 0x00, 0x54, 0x65, 0x0F, 0x00, 0xFF, 0x06, 0x9F, 0xC3, 0x0F, 0xE0
	.byte 0xFF, 0x04, 0x3D, 0xF0, 0x01, 0xF0, 0x01, 0xF0, 0x01, 0xF0, 0x01, 0xFF, 0xF0, 0x01, 0xF0, 0x01
	.byte 0xF0, 0x01, 0xF0, 0x01, 0xF0, 0x01, 0xF0, 0x01, 0xF0, 0x01, 0xF0, 0x01, 0xFC, 0xF0, 0x01, 0xF0
	.byte 0x01, 0xF0, 0x01, 0xF0, 0x01, 0xF0, 0x01, 0x50, 0x01, 0x00, 0x00, 0x00

  .globl gMonPalette_Slowpoke
gMonPalette_Slowpoke:
  .incbin "build/graphics/pokemon/slowpoke/normal_palette.gbapal.lz"

  .globl gMonBackPic_Slowpoke
gMonBackPic_Slowpoke:
  .incbin "build/graphics/pokemon/slowpoke/back.4bpp.lz"

  .globl gMonShinyPalette_Slowpoke
gMonShinyPalette_Slowpoke:
  .incbin "build/graphics/pokemon/slowpoke/shiny_palette.gbapal.lz"

	.globl gMonIcon_Slowpoke
gMonIcon_Slowpoke: @ 0x08C65EA0 [079]
  .incbin "build/graphics/pokemon/slowpoke/icon.4bpp"
	@ analyzed canonical ROM range 0x08C662A0-0x08C6677F
sAnalyzedData_08C662A0: @ 0x08C662A0
	@ structured u8 payload; no safe higher-level semantic type was provable
	.byte 0x00, 0x00, 0x00, 0x00, 0xC0, 0xE0, 0xE0, 0xF0, 0x00, 0x00, 0x00, 0x00, 0x01, 0x03, 0x03, 0x07
	.byte 0xF0, 0xF0, 0xF0, 0xE0, 0x00, 0x00, 0x00, 0x00, 0x07, 0x07, 0x07, 0x03, 0x00, 0x00, 0x00, 0x00
	.byte 0x10, 0x00, 0x08, 0x00, 0x3F, 0x00, 0x00, 0xF0, 0x01, 0xF0, 0x01, 0xF0, 0x01, 0xF0, 0x01, 0xF0
	.byte 0x01, 0xF0, 0x01, 0xFF, 0xF0, 0x01, 0xF0, 0x01, 0xF0, 0x01, 0xF0, 0x01, 0xF0, 0x01, 0xF0, 0x01
	.byte 0xF0, 0x01, 0xF0, 0x01, 0xEA, 0xF0, 0x01, 0xF0, 0x01, 0x20, 0x01, 0xD0, 0x00, 0x03, 0xBD, 0x00
	.byte 0x06, 0xCB, 0x14, 0x00, 0x00, 0xE0, 0x10, 0x03, 0xFC, 0x00, 0x03, 0xCF, 0x00, 0x14, 0x00, 0x80
	.byte 0x11, 0x10, 0x1C, 0xEE, 0x00, 0x03, 0xDC, 0x0F, 0x00, 0xED, 0xEE, 0xDD, 0xDE, 0xBB, 0xCB, 0xEF
	.byte 0xBB, 0x00, 0xBB, 0xCB, 0xBB, 0xBB, 0xBB, 0xCC, 0xBC, 0xBB, 0x02, 0xCC, 0xDC, 0xCC, 0xCC, 0xCC
	.byte 0x1D, 0x40, 0x3F, 0xFE, 0x00, 0xFF, 0x00, 0xE0, 0xBB, 0xCC, 0xEE, 0xBE, 0xBB, 0x10, 0xCC, 0xCC
	.byte 0xCE, 0x00, 0x16, 0xCC, 0xFD, 0xDD, 0xCD, 0x02, 0xDC, 0xDF, 0x11, 0xD7, 0xDD, 0xDF, 0x10, 0x1C
	.byte 0xFF, 0x83, 0x00, 0x03, 0xBB, 0x0F, 0x00, 0x00, 0xCC, 0x00, 0x55, 0x10, 0x03, 0x4F, 0xDE, 0x00
	.byte 0x03, 0xDD, 0xFD, 0x00, 0x03, 0x00, 0x13, 0xF0, 0x01, 0xF0, 0x01, 0xA0, 0x20, 0x01, 0x99, 0x00
	.byte 0x03, 0x79, 0x0F, 0x99, 0x00, 0x7F, 0x04, 0xF7, 0xF8, 0x00, 0x7F, 0x69, 0x00, 0x03, 0x6F, 0xF8
	.byte 0x0E, 0x00, 0x90, 0x66, 0xF8, 0xF0, 0x28, 0xF0, 0x01, 0x80, 0x01, 0x90, 0xB0, 0x00, 0x03, 0x19
	.byte 0x40, 0x07, 0x40, 0x01, 0x70, 0x11, 0x99, 0x90, 0x00, 0x18, 0x1F, 0x19, 0x1F, 0x18, 0xE1, 0x1F
	.byte 0xFF, 0x00, 0x5F, 0x25, 0xF1, 0xCB, 0x25, 0x22, 0xB1, 0x5B, 0x00, 0x22, 0x52, 0xBE, 0xFB, 0x22
	.byte 0x22, 0xBE, 0xCB, 0x02, 0x35, 0x54, 0xCC, 0xCC, 0xDC, 0x11, 0x10, 0x03, 0xEE, 0x01, 0xFF, 0xEF
	.byte 0x11, 0x22, 0x22, 0x22, 0x5F, 0x00, 0x03, 0x10, 0x32, 0x22, 0x2F, 0x00, 0x03, 0x22, 0x32, 0x33
	.byte 0x55, 0x00, 0xFF, 0xFF, 0x44, 0x11, 0x71, 0xDD, 0xFD, 0x1F, 0x08, 0x11, 0xDD, 0xDD, 0x11, 0x10
	.byte 0x03, 0x71, 0xDD, 0xDD, 0x02, 0xF5, 0xDF, 0xDD, 0xDD, 0x33, 0xF4, 0x00, 0x03, 0x44, 0x1C, 0xDF
	.byte 0xDD, 0xF4, 0x00, 0x03, 0x10, 0xFB, 0x00, 0xEA, 0x00, 0xDD, 0x14, 0x0E, 0x00, 0x90, 0x00, 0xEF
	.byte 0x19, 0x30, 0x03, 0xE0, 0xCC, 0x00, 0xDD, 0xFE, 0xCC, 0xCC, 0xDD, 0xCF, 0xBB, 0xCC, 0x80, 0x80
	.byte 0x98, 0x99, 0x19, 0x09, 0x90, 0x66, 0x19, 0xFF, 0x00, 0x7F, 0x66, 0xFC, 0x1F, 0x7F, 0x66, 0xDC
	.byte 0xF1, 0x80, 0x00, 0x03, 0xFF, 0x7F, 0x67, 0x00, 0xF0, 0x76, 0xFF, 0x00, 0x00, 0xF9, 0x76, 0x78
	.byte 0x99, 0x69, 0x76, 0x78, 0x00, 0x87, 0x69, 0x87, 0x88, 0x87, 0x6F, 0x87, 0xFF, 0x00, 0x86, 0x7F
	.byte 0x87, 0xF8, 0x76, 0xF8, 0x87, 0x98, 0x00, 0x76, 0x87, 0x8F, 0x99, 0x9F, 0x09, 0x00, 0x00, 0x77
	.byte 0x87, 0x00, 0x03, 0x11, 0x08, 0x11, 0x4E, 0x08, 0x40, 0x4F, 0x10, 0x0B, 0xF1, 0x5E, 0x84, 0xF0
	.byte 0x01, 0xBE, 0xCB, 0xFD, 0x1F, 0x00, 0x8D, 0xFD, 0xF0, 0x04, 0xCC, 0xDD, 0x4E, 0x00, 0xDE, 0x00
	.byte 0x03, 0xDF, 0xDD, 0x00, 0x4F, 0x00, 0xE0, 0xEC, 0xED, 0x00, 0xF0, 0xCE, 0x40, 0xCC, 0x01, 0xD2
	.byte 0xCB, 0xFF, 0xAE, 0x1A, 0xFF, 0xEF, 0x08, 0xAA, 0xAA, 0xFA, 0xAF, 0x20, 0x03, 0xFA, 0x4F, 0xF4
	.byte 0x00, 0xFF, 0x4F, 0x44, 0x44, 0x44, 0x44, 0xE4, 0xFE, 0x00, 0xFF, 0xFF, 0xDF, 0xCC, 0xDD, 0xDD
	.byte 0xDD, 0x4F, 0x01, 0x44, 0xDE, 0xDD, 0x44, 0xE4, 0xDD, 0xDD, 0x00, 0x06, 0x56, 0xFD, 0x00, 0xEE
	.byte 0xED, 0x00, 0xFA, 0xDF, 0x01, 0x02, 0x00, 0x02, 0xDD, 0x40, 0xDE, 0x00, 0x03, 0xDD, 0xFD, 0xBC
	.byte 0xBB, 0xDC, 0xCF, 0x2B, 0xBC, 0xCB, 0x12, 0x2B, 0xDD, 0x01, 0x47, 0xDD, 0x00, 0x02, 0x10, 0x16
	.byte 0xC0, 0x20, 0x1A, 0x00, 0x03, 0x7F, 0xDD, 0xFD, 0x98, 0x77, 0xDD, 0x40, 0x7E, 0x00, 0x03, 0x6F
	.byte 0x87, 0x79, 0xED, 0x66, 0x76, 0x00, 0x98, 0xFD, 0x66, 0x66, 0x87, 0x7F, 0x66, 0x66, 0x00, 0x66
	.byte 0x79, 0x67, 0x66, 0x66, 0x97, 0x77, 0x66, 0x00, 0x66, 0x77, 0x77, 0x98, 0xFF, 0x79, 0x77, 0x77
	.byte 0x04, 0x87, 0x99, 0x77, 0x77, 0x88, 0x00, 0x05, 0x88, 0x79, 0x01, 0x88, 0x99, 0x88, 0xF8, 0x8F
	.byte 0x88, 0x98, 0x00, 0x16, 0x4E, 0xF9, 0x00, 0x16, 0x98, 0x9F, 0x00, 0xC3, 0x10, 0xFB, 0x10, 0x03
	.byte 0xF9, 0xC6, 0x80, 0xF7, 0x10, 0x0B, 0x89, 0x9F, 0x9F, 0xF1, 0x02, 0x70, 0x01, 0xE0, 0x00, 0x00
	.byte 0x90, 0x09, 0xBE, 0x00, 0xBD, 0xBB, 0xBC, 0x80, 0x01, 0x04, 0xCB, 0xE0, 0xBB, 0xBB, 0xBC, 0xE0
	.byte 0xB5, 0x00, 0xCB, 0xCB, 0x25, 0x52, 0xB5, 0xBC, 0x25, 0x22, 0x1D, 0x52, 0x55, 0x25, 0x01, 0xE8
	.byte 0x10, 0x03, 0x10, 0xB3, 0xCB, 0x12, 0xD1, 0xD0, 0x00, 0x01, 0x50, 0x07, 0xC5, 0x00, 0x03, 0x52
	.byte 0x55, 0x55, 0xC5, 0x0F, 0x22, 0x22, 0x33, 0x53, 0x50, 0xCC, 0x11, 0x0B, 0x10, 0xDB, 0x00, 0xE6
	.byte 0xA0, 0x70, 0x03, 0xCE, 0x20, 0xE6, 0x66, 0xDD, 0xDD, 0xFF, 0x66, 0x29, 0xDD, 0xFE, 0x10, 0x07
	.byte 0xED, 0x00, 0x03, 0xDD, 0x7E, 0x20, 0xF7, 0x80, 0x10, 0x03, 0xFF, 0xDD, 0x7F, 0x97, 0x77, 0x87
	.byte 0x78, 0x01, 0x86, 0x79, 0x97, 0x79, 0x76, 0x98, 0x77, 0x00, 0xCE, 0x44, 0xFF, 0x00, 0x04, 0x88
	.byte 0xFF, 0x77, 0x00, 0xF0, 0x77, 0xF9, 0x02, 0xFF, 0x99, 0x77, 0x11, 0x11, 0x81, 0x00, 0x0F, 0x88
	.byte 0x80, 0x00, 0x02, 0x88, 0x97, 0x88, 0x98, 0x88, 0x98, 0x89, 0x01, 0x77, 0x8F, 0x88, 0x88, 0x78
	.byte 0xF7, 0xFF, 0x00, 0x05, 0x00, 0x77, 0xF7, 0xFF, 0x88, 0x77, 0x77, 0x99, 0xFF, 0x00, 0x88, 0x8F
	.byte 0x98, 0x0F, 0x88, 0x8F, 0xF9, 0x00, 0x5A, 0x88, 0x00, 0xEA, 0x88, 0x01, 0x04, 0x10, 0x03, 0x8F
	.byte 0x00, 0xF5, 0xF8, 0xA0, 0x02, 0x13, 0xFF, 0x00, 0x03, 0x00, 0x90, 0x91, 0xBF, 0x99, 0x00, 0xE0
	.byte 0xFF, 0xBB, 0x19, 0xDF, 0xEB, 0xBB, 0x79, 0x00, 0xBE, 0xEB, 0xCB, 0xF0, 0xBC, 0xEB, 0xCC, 0xF0
	.byte 0x00, 0xBC, 0xEC, 0xCC, 0xE0, 0xCC, 0xEC, 0xCC, 0x00, 0x0A, 0xCE, 0xCC, 0xCE, 0x2F, 0x42, 0xD4
	.byte 0x2F, 0x00, 0xF1, 0x3F, 0x80, 0x10, 0xF7, 0x23, 0x23, 0x23, 0x5C, 0x32, 0x32, 0x32, 0x00, 0xFC
	.byte 0x32, 0x33, 0x33, 0xDD, 0x55, 0x33, 0x33, 0xC2, 0x00, 0xE3, 0x30, 0x03, 0x33, 0x33, 0xE3, 0x25
	.byte 0x00, 0x03, 0x53, 0x01, 0x55, 0x55, 0xD5, 0x33, 0x33, 0x33, 0xCE, 0x30, 0x03, 0x16, 0x44, 0xCE
	.byte 0xE5, 0x00, 0xF4, 0xCE, 0x11, 0xD7, 0x10, 0xEF, 0xDC, 0x30, 0xDD, 0xFD, 0x00, 0x06, 0x10, 0x03
	.byte 0xCE, 0xCC, 0xDD, 0xED, 0xC0, 0x20, 0x19, 0x02, 0x0A, 0x7F, 0xFD, 0xDF, 0xFD, 0xFF, 0x7F, 0x00
	.byte 0xDF, 0xFD, 0x1F, 0x71, 0xDF, 0x7F, 0xEF, 0xFF, 0x01, 0xFF, 0x77, 0xDF, 0xCC, 0xEC, 0x7F, 0xDF
	.byte 0x00, 0x2A, 0x80, 0x22, 0x02, 0x77, 0x19, 0x1F, 0x71, 0x77, 0x97, 0x99, 0x40, 0x79, 0x10, 0xF9
	.byte 0xFE, 0x7F, 0x77, 0x77, 0x7E, 0xF1, 0x00, 0x78, 0x77, 0xED, 0x77, 0x8F, 0x98, 0xDD, 0xFF, 0x90
	.byte 0x00, 0x03, 0xED, 0x9F, 0x01, 0xF3, 0x98, 0x99, 0x79, 0x88, 0x8E, 0x01, 0xEF, 0x99, 0x88, 0x88
	.byte 0x01, 0xFE, 0x01, 0x09, 0x01, 0x06, 0x98, 0x51, 0x8F, 0x01, 0x0A, 0xF7, 0x01, 0x0A, 0x77, 0x8F
	.byte 0x99, 0x00, 0xEB, 0x35, 0x99, 0x98, 0x30, 0xF7, 0x10, 0x03, 0x89, 0x00, 0xF3, 0x89, 0x00, 0x13
	.byte 0x80, 0x50, 0x0F, 0x00, 0xCF, 0xCC, 0xCE, 0x00, 0xF0, 0xCC, 0x23, 0xED, 0x00, 0x02, 0xD8, 0x00
	.byte 0x00, 0xF0, 0x00, 0x03, 0x24, 0x8E, 0x80, 0x60, 0x01, 0xDD, 0x3F, 0x55, 0x35, 0xDD, 0xFD, 0x33
	.byte 0x04, 0x53, 0xDF, 0xDD, 0x3F, 0x33, 0x00, 0xA7, 0x45, 0x0F, 0x20, 0xF0, 0xFF, 0xA0, 0x1F, 0x33
	.byte 0x43, 0x44, 0xCE, 0x55, 0x0D, 0x55, 0x55, 0xDE, 0x33, 0x02, 0xF3, 0x12, 0xF7, 0x45, 0x00, 0x04
	.byte 0x20, 0x50, 0xFF, 0x70, 0x23, 0xDC, 0xDD, 0xCF, 0xDC, 0xDC, 0x08, 0xED, 0xCC, 0xDD, 0xDC, 0x00
	.byte 0xF5, 0xDC, 0xFD, 0xDC, 0x24, 0xDD, 0xDE, 0x00, 0xD6, 0xFF, 0xEE, 0x00, 0x6B, 0xFF, 0xFF, 0xB8
	.byte 0x10, 0x6F, 0xFF, 0x32, 0xE6, 0x10, 0x03, 0x13, 0x12, 0xEF, 0xFE, 0xDD, 0x18, 0xFD, 0xFF, 0x0F
	.byte 0x54, 0xFB, 0x10, 0x44, 0xDD, 0xFE, 0xFF, 0x00, 0x89, 0xED, 0xFF, 0xFF, 0x8F, 0xFE, 0xFF, 0x9F
	.byte 0x08, 0x9F, 0x8F, 0x88, 0x99, 0x01, 0xF5, 0x99, 0xFF, 0x00, 0x72, 0xFF, 0x12, 0xD5, 0x30, 0x01
	.byte 0x00, 0xEF, 0xF8, 0x98, 0x01, 0xEF, 0x88, 0x22, 0x98, 0xFF, 0x00, 0x1A, 0x99, 0x99, 0x9F, 0x00
	.byte 0x22, 0x00, 0x7F, 0xFF, 0x72, 0xD6, 0x21, 0xEF, 0x02, 0xEC, 0x11, 0x07, 0x52, 0xFF, 0xF0, 0x01
	.byte 0xF0, 0x01, 0xFF, 0xF0, 0x01, 0xF0, 0x01, 0xF0, 0x01, 0xF0, 0x01, 0xF0, 0x01, 0xF0, 0x01, 0xF0
	.byte 0x01, 0xF0, 0x01, 0xF8, 0xF0, 0x01, 0xF0, 0x01, 0xF0, 0x01, 0xF0, 0x01, 0xD0, 0x01, 0x00, 0x00

  .globl gMonPalette_Slowbro
gMonPalette_Slowbro:
  .incbin "build/graphics/pokemon/slowbro/normal_palette.gbapal.lz"

  .globl gMonBackPic_Slowbro
gMonBackPic_Slowbro:
  .incbin "build/graphics/pokemon/slowbro/back.4bpp.lz"

  .globl gMonShinyPalette_Slowbro
gMonShinyPalette_Slowbro:
  .incbin "build/graphics/pokemon/slowbro/shiny_palette.gbapal.lz"

	.globl gMonIcon_Slowbro
gMonIcon_Slowbro: @ 0x08C66B6C [080]
  .incbin "build/graphics/pokemon/slowbro/icon.4bpp"
	@ analyzed canonical ROM range 0x08C66F6C-0x08C67163
sAnalyzedData_08C66F6C: @ 0x08C66F6C
	@ structured u8 payload; no safe higher-level semantic type was provable
	.byte 0x00, 0x00, 0x00, 0x20, 0x70, 0xF0, 0xF0, 0xF8, 0x00, 0x00, 0x00, 0x04, 0x0E, 0x0F, 0x0F, 0x1F
	.byte 0xF8, 0xF8, 0xF8, 0xF0, 0xF0, 0xE0, 0x00, 0x00, 0x1F, 0x1F, 0x1F, 0x0F, 0x0F, 0x07, 0x00, 0x00
	.byte 0x10, 0x00, 0x08, 0x00, 0x3F, 0x00, 0x00, 0xF0, 0x01, 0xF0, 0x01, 0xF0, 0x01, 0xF0, 0x01, 0xF0
	.byte 0x01, 0xF0, 0x01, 0xFF, 0xF0, 0x01, 0xF0, 0x01, 0xF0, 0x01, 0xF0, 0x01, 0xF0, 0x01, 0xF0, 0x01
	.byte 0xF0, 0x01, 0xF0, 0x01, 0xFF, 0xF0, 0x01, 0xF0, 0x01, 0xF0, 0x01, 0xF0, 0x01, 0xF0, 0x01, 0xF0
	.byte 0x01, 0xF0, 0x01, 0xF0, 0x01, 0xFF, 0xF0, 0x01, 0xF0, 0x01, 0xF0, 0x01, 0xF0, 0x01, 0xF0, 0x01
	.byte 0xF0, 0x01, 0xF0, 0x01, 0xF0, 0x01, 0xF0, 0xF0, 0x01, 0xF0, 0x01, 0xF0, 0x01, 0x30, 0x01, 0x99
	.byte 0x00, 0x00, 0x90, 0x78, 0x55, 0x00, 0x04, 0xF0, 0x01, 0xF0, 0x01, 0xC0, 0x01, 0x80, 0x89, 0x00
	.byte 0x00, 0x00, 0x29, 0x22, 0x09, 0x00, 0xF9, 0x7F, 0x98, 0xFF, 0xF0, 0x1C, 0xF0, 0x01, 0xF0, 0x01
	.byte 0xF0, 0x01, 0xF0, 0x01, 0xF0, 0x01, 0xF0, 0x01, 0xF0, 0x01, 0x80, 0xE0, 0x01, 0x90, 0x66, 0xAA
	.byte 0x00, 0x90, 0x69, 0xA9, 0x00, 0x00, 0x00, 0xF0, 0x9F, 0x00, 0xF9, 0x00, 0xF0, 0x00, 0x90, 0x34
	.byte 0xFF, 0x00, 0xF0, 0x44, 0xA4, 0xFF, 0x00, 0x00, 0xFF, 0xA4, 0xAA, 0x00, 0x00, 0x9F, 0xAA, 0x80
	.byte 0x01, 0x00, 0xED, 0xAA, 0x09, 0xDE, 0xBB, 0xA9, 0xFA, 0x06, 0xBC, 0x11, 0x9F, 0xFA, 0xBB, 0x10
	.byte 0x03, 0x10, 0x0B, 0xBB, 0x00, 0xAA, 0xFA, 0xCC, 0xEC, 0xAA, 0xCF, 0xCC, 0x1E, 0x00, 0xEE, 0x8F
	.byte 0xFF, 0x98, 0xBB, 0xFB, 0x8F, 0x8F, 0x00, 0xBB, 0xBB, 0xFB, 0x00, 0xBB, 0xBB, 0xCB, 0x0F, 0x80
	.byte 0x00, 0x03, 0xEC, 0xEE, 0xBE, 0xCC, 0xDC, 0x11, 0xE1, 0x8D, 0x00, 0x03, 0x11, 0xCE, 0xDC, 0xF0
	.byte 0x70, 0x30, 0x01, 0x0E, 0x00, 0x03, 0x7F, 0x0F, 0xF0, 0x16, 0xF0, 0x01, 0xF0, 0x01, 0xF0, 0x01
	.byte 0xF0, 0x01, 0xF0, 0x01, 0xF0, 0x01, 0xB4, 0x50, 0x01, 0xFF, 0xD1, 0x11, 0x40, 0x03, 0xF0, 0x20
	.byte 0x1C, 0xDD, 0xCC, 0x08, 0x1E, 0xF0, 0xDD, 0xCD, 0x00, 0x03, 0xDD, 0xED, 0xF9, 0x00, 0xD9, 0xDD
	.byte 0xDD, 0xF2, 0x97, 0xDD, 0xCC, 0x89, 0x00, 0xFF, 0xCD, 0xCC, 0x92, 0xF7, 0xEF, 0xCC, 0xFF, 0x10
	.byte 0x0F, 0x00, 0xFE, 0x00, 0xE3, 0xDD, 0x1F, 0x11, 0xDE, 0x00, 0xDD, 0x11, 0xE1, 0xDD, 0xED, 0xEE
	.byte 0xDE, 0xDD, 0x00, 0xFD, 0xCC, 0xCC, 0xDD, 0xFF, 0xCC, 0xCC, 0xFC, 0x81, 0x01, 0x1D, 0xAF, 0xFA
	.byte 0xFF, 0xFF, 0xF0, 0xAA, 0x10, 0xE3, 0x80, 0x10, 0x03, 0xFA, 0xAF, 0x00, 0x00, 0xAA, 0x99, 0xAF
	.byte 0x00, 0x00, 0xAF, 0xAA, 0x39, 0x0F, 0xF0, 0xAF, 0x44, 0x17, 0x0F, 0x0F, 0xF0, 0x01, 0x62, 0x0A
	.byte 0xF0, 0x8C, 0xF0, 0x01, 0xF0, 0x01, 0xFF, 0xF0, 0x01, 0xF0, 0x01, 0xF0, 0x01, 0xF0, 0x01, 0xF0
	.byte 0x01, 0xF0, 0x01, 0xF0, 0x01, 0xB0, 0x01, 0x00, 0x2F, 0x78, 0x0F, 0xFF, 0x9F, 0x9F, 0x0F, 0x00
	.byte 0xE9, 0x00, 0xCE, 0xF0, 0x1C, 0x00, 0x01, 0xAA, 0x00, 0xE4, 0xFF, 0x66, 0x00, 0xE8, 0xFF, 0xF0
	.byte 0x1F, 0xF0, 0x01, 0xF0, 0x01, 0xF0, 0x01, 0xF0, 0x01, 0xF0, 0x01, 0xF0, 0x01, 0xF0, 0x01, 0xFF
	.byte 0xF0, 0x01, 0xF0, 0x01, 0xF0, 0x01, 0xF0, 0x01, 0xF0, 0x01, 0xF0, 0x01, 0xF0, 0x01, 0xF0, 0x01
	.byte 0xFF, 0xF0, 0x01, 0xF0, 0x01, 0xF0, 0x01, 0xF0, 0x01, 0xF0, 0x01, 0xF0, 0x01, 0xF0, 0x01, 0xF0
	.byte 0x01, 0xFF, 0xF0, 0x01, 0xF0, 0x01, 0xF0, 0x01, 0xF0, 0x01, 0xF0, 0x01, 0xF0, 0x01, 0xF0, 0x01
	.byte 0xF0, 0x01, 0xC0, 0xF0, 0x01, 0x20, 0x01, 0x00

  .globl gMonPalette_Magnemite
gMonPalette_Magnemite:
  .incbin "build/graphics/pokemon/magnemite/normal_palette.gbapal.lz"

  .globl gMonBackPic_Magnemite
gMonBackPic_Magnemite:
  .incbin "build/graphics/pokemon/magnemite/back.4bpp.lz"

  .globl gMonShinyPalette_Magnemite
gMonShinyPalette_Magnemite:
  .incbin "build/graphics/pokemon/magnemite/shiny_palette.gbapal.lz"

	.globl gMonIcon_Magnemite
gMonIcon_Magnemite: @ 0x08C67398 [081]
  .incbin "build/graphics/pokemon/magnemite/icon.4bpp"
	@ analyzed canonical ROM range 0x08C67798-0x08C67BBB
sAnalyzedData_08C67798: @ 0x08C67798
	@ structured u8 payload; no safe higher-level semantic type was provable
	.byte 0x00, 0x00, 0x00, 0x00, 0x00, 0x00, 0x80, 0xC0, 0x00, 0x00, 0x00, 0x00, 0x00, 0x00, 0x02, 0x06
	.byte 0x00, 0xC0, 0x80, 0x00, 0x00, 0x00, 0x00, 0x00, 0x00, 0x06, 0x02, 0x00, 0x00, 0x00, 0x00, 0x00
	.byte 0x10, 0x00, 0x08, 0x00, 0x3F, 0x00, 0x00, 0xF0, 0x01, 0xF0, 0x01, 0xF0, 0x01, 0xF0, 0x01, 0xF0
	.byte 0x01, 0xF0, 0x01, 0xFF, 0xF0, 0x01, 0xF0, 0x01, 0xF0, 0x01, 0xF0, 0x01, 0xF0, 0x01, 0xF0, 0x01
	.byte 0xF0, 0x01, 0xF0, 0x01, 0xEA, 0xF0, 0x01, 0xF0, 0x01, 0xE0, 0x01, 0x90, 0x00, 0x03, 0x29, 0x00
	.byte 0x06, 0x72, 0xA8, 0x00, 0x06, 0xF2, 0xD0, 0x1C, 0x99, 0x00, 0x03, 0x87, 0x0F, 0x00, 0x21, 0x00
	.byte 0xFF, 0x00, 0x03, 0xF8, 0x09, 0xEE, 0xFE, 0x80, 0x33, 0x00, 0x6F, 0x00, 0x00, 0xF0, 0xAA, 0x00
	.byte 0x00, 0xAF, 0x50, 0xAA, 0x00, 0x06, 0x9A, 0x00, 0x06, 0xF9, 0xFF, 0xAF, 0x9A, 0x40, 0x0F, 0x10
	.byte 0x2F, 0x56, 0x09, 0x00, 0x00, 0x66, 0xF5, 0xD0, 0x00, 0x03, 0x00, 0x33, 0xF9, 0x00, 0x41, 0x0F
	.byte 0xF0, 0x34, 0x09, 0x00, 0x00, 0x4F, 0x44, 0x93, 0xF0, 0x4A, 0x44, 0xF4, 0xA1, 0xE0, 0x7D, 0x9F
	.byte 0x00, 0x45, 0x56, 0x0F, 0x00, 0xFF, 0x00, 0x03, 0x7F, 0xFA, 0x00, 0x03, 0xF0, 0x9E, 0xF0, 0x01
	.byte 0xF0, 0x01, 0xF0, 0x01, 0xF0, 0x01, 0x50, 0x01, 0x2C, 0x79, 0x8F, 0x00, 0x03, 0xFF, 0x00, 0x75
	.byte 0x00, 0x79, 0x00, 0xE0, 0xA0, 0x00, 0x03, 0x1D, 0x00, 0x03, 0x1E, 0x00, 0x00, 0xD0, 0x11, 0x80
	.byte 0x00, 0x0E, 0x11, 0x87, 0xDE, 0xBB, 0xBB, 0xE8, 0xBB, 0x10, 0xBB, 0xBB, 0xBE, 0x00, 0x03, 0x11
	.byte 0xED, 0xEE, 0xBD, 0x00, 0xE1, 0x11, 0x11, 0xE1, 0x1D, 0x11, 0x11, 0x11, 0x40, 0x1E, 0x10, 0x03
	.byte 0xF1, 0x11, 0x11, 0xCC, 0xAF, 0x7A, 0x00, 0x0F, 0xCB, 0xAF, 0x7A, 0xF7, 0xBB, 0xAF, 0x9A, 0x00
	.byte 0xA9, 0xBB, 0xAF, 0xAA, 0xAA, 0xBB, 0xFB, 0xAA, 0x00, 0xAA, 0xBD, 0xCB, 0xAF, 0xAA, 0xBE, 0xCB
	.byte 0xFD, 0x00, 0xFF, 0xBE, 0xCB, 0xDC, 0xDD, 0xAF, 0xAA, 0x94, 0x83, 0x00, 0x15, 0xF9, 0xAF, 0xAA
	.byte 0x9A, 0x0F, 0x01, 0x11, 0x01, 0x18, 0x0A, 0x0F, 0xF0, 0x9A, 0xF9, 0x01, 0x1C, 0xFF, 0x00, 0x03
	.byte 0xFD, 0xA0, 0x00, 0x03, 0xFA, 0x01, 0x48, 0xAA, 0x99, 0x09, 0x00, 0x9A, 0x00, 0x49, 0xF3, 0x00
	.byte 0x77, 0x4A, 0xF3, 0x00, 0xA7, 0x80, 0x00, 0x03, 0xAA, 0xFF, 0xFF, 0x00, 0xFA, 0x99, 0xBF, 0x05
	.byte 0xEE, 0x9A, 0xF9, 0xCC, 0xCC, 0xF0, 0xAF, 0xF0, 0x01, 0x14, 0x00, 0x6F, 0xF5, 0x00, 0xF0, 0x6F
	.byte 0xF5, 0x0F, 0xAF, 0xFA, 0x00, 0x07, 0xF0, 0x20, 0xF0, 0x01, 0xF0, 0x01, 0x80, 0x01, 0xE0, 0x10
	.byte 0xE7, 0xBB, 0x95, 0x70, 0x03, 0x00, 0xBE, 0x00, 0x03, 0xBF, 0x00, 0x67, 0xF9, 0x01, 0x8C, 0x6B
	.byte 0xAA, 0x20, 0xE7, 0x00, 0x03, 0xEB, 0x00, 0xF7, 0xBB, 0x00, 0xFF, 0x01, 0x06, 0x80, 0x20, 0x01
	.byte 0xCC, 0xFF, 0xCF, 0xCB, 0xFF, 0x91, 0xF2, 0x00, 0xDD, 0xBE, 0xCB, 0xFF, 0xDF, 0xBD, 0xFC, 0x92
	.byte 0x00, 0xF7, 0xBB, 0xFC, 0x89, 0xFF, 0xBB, 0xFD, 0xF2, 0x00, 0xF7, 0xCB, 0xCD, 0xFF, 0xCF, 0xDC
	.byte 0xCD, 0xCC, 0x00, 0xCC, 0xCD, 0xBC, 0xBB, 0xEC, 0xCC, 0xBB, 0xBB, 0x10, 0x0F, 0xFD, 0xE0, 0x00
	.byte 0xE7, 0xBE, 0xFB, 0x9A, 0xFD, 0x08, 0xBF, 0xBB, 0xFF, 0xFD, 0x00, 0x37, 0xFF, 0xBB, 0xFF, 0x02
	.byte 0xBF, 0xFE, 0xFC, 0x91, 0xF7, 0xF0, 0x00, 0x2F, 0xF0, 0x00, 0xFC, 0xF2, 0xF7, 0x99, 0xEF, 0x11
	.byte 0x11, 0xF9, 0x82, 0x00, 0x60, 0xBF, 0x1E, 0x11, 0x1F, 0xBB, 0x00, 0x07, 0xCB, 0x90, 0x00, 0x03
	.byte 0xCC, 0xEC, 0x00, 0x03, 0xCC, 0xEE, 0xEE, 0xCC, 0x08, 0xCC, 0xCC, 0xCC, 0xFC, 0x01, 0x0C, 0xD1
	.byte 0xAF, 0x9A, 0x80, 0x00, 0x03, 0xF9, 0x34, 0xD1, 0xFB, 0xFF, 0x34, 0xE1, 0x00, 0xFB, 0xAF, 0x34
	.byte 0xBE, 0xFB, 0xFA, 0xFF, 0xCC, 0x03, 0xFB, 0xAF, 0xFA, 0xCC, 0xFB, 0xAA, 0x62, 0x20, 0x10, 0x08
	.byte 0xF0, 0x90, 0x03, 0xF0, 0x01, 0xF0, 0x01, 0x31, 0x4E, 0xA9, 0xAA, 0x00, 0x9F, 0x00, 0xA4, 0xAA
	.byte 0x90, 0x49, 0x44, 0xFA, 0x90, 0x43, 0x00, 0x44, 0x0F, 0x00, 0x39, 0xF4, 0xF0, 0x00, 0x90, 0x40
	.byte 0x0F, 0x12, 0x85, 0x66, 0x00, 0x00, 0x5F, 0x66, 0xFA, 0x00, 0x89, 0xF9, 0xDD, 0xF9, 0x98, 0xF2
	.byte 0xCC, 0x9F, 0x0A, 0xFF, 0xFF, 0xFE, 0x9F, 0x00, 0x6E, 0xA9, 0x00, 0x03, 0xAA, 0x10, 0xFA, 0x00
	.byte 0x00, 0x00, 0x06, 0xFF, 0xF6, 0x00, 0xF0, 0x01, 0x81, 0xBC, 0xBB, 0xFB, 0x00, 0xBC, 0xEB, 0x00
	.byte 0x0C, 0x00, 0x0E, 0xEE, 0xEE, 0x00, 0xEE, 0xBB, 0xBB, 0xF0, 0x00, 0xBB, 0x1B, 0xB1, 0xBF, 0xBB
	.byte 0x11, 0x11, 0x8F, 0xA8, 0x00, 0x03, 0xF7, 0x00, 0x0B, 0xE0, 0x01, 0x28, 0x00, 0xCE, 0xBC, 0x14
	.byte 0xBB, 0xEE, 0xCF, 0x00, 0xFC, 0xFE, 0x00, 0x03, 0xCB, 0xBF, 0x81, 0x00, 0x04, 0xFC, 0xBE, 0xBB
	.byte 0xB1, 0xDC, 0xFF, 0x01, 0x45, 0x41, 0xFD, 0x10, 0xE3, 0xBB, 0xCC, 0xCC, 0xDC, 0xBB, 0x01, 0x47
	.byte 0x28, 0xBB, 0xFB, 0x01, 0x47, 0xFB, 0x01, 0x47, 0xFB, 0xF2, 0xF7, 0x20, 0xFF, 0x8F, 0x13, 0x61
	.byte 0x00, 0x00, 0xDC, 0xFC, 0xFA, 0x02, 0x00, 0xDD, 0xAF, 0x0F, 0x00, 0xDD, 0x02, 0xA1, 0xFD, 0xFB
	.byte 0xF0, 0xDB, 0xF0, 0x01, 0xF0, 0x01, 0xF0, 0x01, 0xB1, 0x00, 0x65, 0x00, 0x04, 0x12, 0xFF, 0xA0
	.byte 0x53, 0xBB, 0xAA, 0x00, 0x06, 0x9A, 0x90, 0xA4, 0xAA, 0xF9, 0x00, 0x49, 0x44, 0x9A, 0x0F, 0x0F
	.byte 0x00, 0xF0, 0x98, 0x00, 0xFF, 0x0F, 0xF0, 0x92, 0xAA, 0xFA, 0xEF, 0xFF, 0x00, 0xAA, 0xAA, 0xEF
	.byte 0xCC, 0xAA, 0xAA, 0xFA, 0xCC, 0x00, 0xF9, 0xAA, 0xAA, 0xCF, 0x89, 0xAF, 0xAA, 0xCF, 0x05, 0x90
	.byte 0xAF, 0xAA, 0xDF, 0xF9, 0x00, 0xCD, 0xF7, 0x00, 0x03, 0x00, 0xBF, 0xEB, 0xEE, 0xBE, 0xCC, 0x1E
	.byte 0x11, 0xE1, 0xA9, 0x01, 0xBA, 0x11, 0x30, 0x03, 0x1F, 0x20, 0x07, 0xBB, 0xFB, 0x01, 0xF6, 0x00
	.byte 0x2F, 0x79, 0xDF, 0xBB, 0x9F, 0xF8, 0xDF, 0xBB, 0x00, 0x2F, 0x7F, 0xDF, 0xBE, 0xFC, 0xFF, 0xDD
	.byte 0xCE, 0x01, 0xCC, 0xDD, 0xFD, 0xCE, 0xCC, 0xCC, 0xAF, 0x10, 0x03, 0x8B, 0x61, 0xBB, 0xFF, 0xFF
	.byte 0x0F, 0x00, 0x60, 0xFA, 0x03, 0x2C, 0x40, 0x01, 0x07, 0xFF, 0xA9, 0xAA, 0xFA, 0x98, 0x13, 0x93
	.byte 0x60, 0x01, 0x10, 0x27, 0xEF, 0x01, 0x7A, 0x11, 0x7B, 0x31, 0x83, 0x3A, 0xF1, 0x0D, 0xF0, 0x01
	.byte 0xF0, 0x01, 0x90, 0x01, 0x02, 0x39, 0x44, 0xF9, 0x00, 0x90, 0x43, 0x00, 0x47, 0x99, 0x2B, 0x00
	.byte 0xF0, 0x00, 0x0E, 0x69, 0x00, 0x03, 0x59, 0x44, 0xCF, 0x31, 0x1D, 0xC8, 0x00, 0x88, 0x03, 0xA5
	.byte 0x0F, 0xA6, 0x03, 0xB1, 0x66, 0xFA, 0x0F, 0x2D, 0x00, 0x66, 0x01, 0x29, 0x65, 0x20, 0x2E, 0x30
	.byte 0x1F, 0xCD, 0x00, 0xF3, 0x00, 0xDF, 0xED, 0xEE, 0xCE, 0xE0, 0xDD, 0xCC, 0xBB, 0x00, 0x00, 0xEF
	.byte 0xBC, 0xBB, 0x97, 0x79, 0xFF, 0xFF, 0x00, 0x29, 0x92, 0xF9, 0x09, 0x90, 0x22, 0x77, 0x0F, 0x08
	.byte 0x00, 0x99, 0xFF, 0x09, 0x01, 0xDE, 0xAF, 0xBB, 0xCB, 0x45, 0xFC, 0x01, 0xEB, 0x0F, 0xF0, 0xBB
	.byte 0x05, 0x2D, 0xEF, 0xC0, 0x7F, 0xE8, 0x00, 0xE3, 0x00, 0x62, 0x12, 0x57, 0xFA, 0x03, 0x6D, 0x5A
	.byte 0x0F, 0xF0, 0x03, 0xA9, 0x55, 0xF5, 0x00, 0xAF, 0x65, 0x02, 0x5A, 0x15, 0x2D, 0x00, 0xFF, 0x00
	.byte 0xA9, 0x33, 0xF4, 0x00, 0x3F, 0x43, 0x1F, 0xF4, 0x00, 0xF0, 0x02, 0x9A, 0x11, 0xA5, 0xF0, 0x01
	.byte 0xF0, 0x01, 0xF0, 0x01, 0xFF, 0xF0, 0x01, 0xF0, 0x01, 0xF0, 0x01, 0xF0, 0x01, 0xF0, 0x01, 0xF0
	.byte 0x01, 0xF0, 0x01, 0xF0, 0x01, 0xFC, 0xF0, 0x01, 0xF0, 0x01, 0xF0, 0x01, 0xF0, 0x01, 0xF0, 0x01
	.byte 0xD0, 0x01, 0x00, 0x00

  .globl gMonPalette_Magneton
gMonPalette_Magneton:
  .incbin "build/graphics/pokemon/magneton/normal_palette.gbapal.lz"

  .globl gMonBackPic_Magneton
gMonBackPic_Magneton:
  .incbin "build/graphics/pokemon/magneton/back.4bpp.lz"

  .globl gMonShinyPalette_Magneton
gMonShinyPalette_Magneton:
  .incbin "build/graphics/pokemon/magneton/shiny_palette.gbapal.lz"
  .space 0x2, 0x00
	.globl gMonIcon_Magneton
gMonIcon_Magneton: @ 0x08C67F8C [082]
  .incbin "build/graphics/pokemon/magneton/icon.4bpp"
	@ analyzed canonical ROM range 0x08C6838C-0x08C68727
sAnalyzedData_08C6838C: @ 0x08C6838C
	@ structured u8 payload; no safe higher-level semantic type was provable
	.byte 0x00, 0x00, 0x00, 0x00, 0x00, 0x80, 0xC0, 0xE0, 0x00, 0x00, 0x00, 0x00, 0x00, 0x03, 0x06, 0x0E
	.byte 0x20, 0xE0, 0xC0, 0x80, 0x00, 0x00, 0x00, 0x00, 0x08, 0x0E, 0x06, 0x03, 0x00, 0x00, 0x00, 0x00
	.byte 0x10, 0x00, 0x08, 0x00, 0x3F, 0x00, 0x00, 0xF0, 0x01, 0xF0, 0x01, 0xF0, 0x01, 0xF0, 0x01, 0xF0
	.byte 0x01, 0xF0, 0x01, 0xFF, 0xF0, 0x01, 0xF0, 0x01, 0xF0, 0x01, 0xF0, 0x01, 0xF0, 0x01, 0xF0, 0x01
	.byte 0xF0, 0x01, 0xF0, 0x01, 0xE0, 0xF0, 0x01, 0xF0, 0x01, 0xB0, 0x01, 0xEC, 0x0E, 0x00, 0x00, 0xCE
	.byte 0x58, 0xEC, 0x40, 0x03, 0xDC, 0x00, 0x0C, 0xA0, 0x01, 0xDD, 0xEE, 0x00, 0x00, 0x00, 0xBD, 0xEB
	.byte 0x00, 0x00, 0xBE, 0xCB, 0x00, 0x01, 0x0E, 0xBE, 0xCB, 0xE0, 0xEB, 0xE0, 0xCB, 0xF0, 0x41, 0x20
	.byte 0x00, 0x00, 0x10, 0x35, 0x0F, 0xEE, 0x0E, 0x00, 0x0F, 0x3D, 0xBE, 0xFB, 0xF0, 0x1C, 0xF0, 0x01
	.byte 0xF0, 0x01, 0x30, 0x01, 0xF0, 0x00, 0x03, 0x50, 0xCE, 0x20, 0x09, 0xE0, 0x40, 0x94, 0xCC, 0x33
	.byte 0x0F, 0xF0, 0x08, 0x3C, 0x43, 0x0F, 0xCF, 0x00, 0x03, 0xCC, 0x33, 0x44, 0x0F, 0x0F, 0x3C, 0x43
	.byte 0xF4, 0xF0, 0x35, 0xF0, 0x01, 0xF0, 0x01, 0x80, 0x01, 0x00, 0xCE, 0xCC, 0xFE, 0x00, 0xBE, 0xCC
	.byte 0xCE, 0x0F, 0x00, 0xBE, 0xBB, 0xCE, 0xFC, 0xBD, 0xBB, 0xEB, 0xFC, 0x00, 0xD0, 0xBB, 0xEB, 0xEB
	.byte 0xE0, 0xCC, 0xEB, 0xBB, 0x08, 0xD0, 0xCC, 0xDC, 0xBE, 0x01, 0x00, 0xBF, 0xBE, 0xCB, 0x00, 0xEF
	.byte 0xCC, 0xE0, 0xCB, 0xFC, 0xCC, 0x00, 0xCF, 0x80, 0x00, 0x03, 0xF0, 0xCC, 0xCC, 0x00, 0xDF, 0xCF
	.byte 0xCC, 0x20, 0x0F, 0xDF, 0x00, 0x35, 0xCC, 0xEF, 0xEC, 0xFB, 0xCC, 0x00, 0xFF, 0xFE, 0xFC, 0xCB
	.byte 0xFC, 0x00, 0xFC, 0xCC, 0x00, 0x0F, 0x00, 0xCF, 0xCC, 0xDF, 0x0F, 0xCC, 0xFC, 0x00, 0xDD, 0xFD
	.byte 0xCC, 0xDF, 0xDD, 0xDD, 0xCF, 0xCC, 0x81, 0x10, 0x03, 0xDC, 0xDD, 0xCF, 0xFF, 0xDD, 0xDD, 0xD0
	.byte 0x6F, 0x50, 0x0F, 0x41, 0x1F, 0xED, 0x00, 0x7A, 0xFD, 0x00, 0xE0, 0xCC, 0xC8, 0x00, 0xDC, 0x00
	.byte 0x03, 0xCE, 0x3C, 0x00, 0x06, 0x33, 0x00, 0xCE, 0x00, 0xBC, 0x43, 0xE0, 0xCC, 0x3B, 0x44, 0xCE
	.byte 0xBC, 0x02, 0x33, 0x44, 0xCC, 0x3B, 0x43, 0xF4, 0x00, 0x06, 0x4D, 0x00, 0x33, 0x44, 0xF4, 0x0F
	.byte 0x43, 0x44, 0x4F, 0xD4, 0x20, 0x44, 0xF4, 0x00, 0x01, 0x4F, 0x44, 0xF4, 0xF4, 0x44, 0x00, 0x44
	.byte 0xF4, 0x4F, 0x44, 0x44, 0x0F, 0x44, 0x44, 0x5E, 0xC4, 0x00, 0x03, 0xFC, 0xF0, 0xD0, 0xF0, 0x01
	.byte 0xF0, 0x01, 0x90, 0x01, 0xCF, 0x56, 0xCC, 0x10, 0x86, 0xDD, 0x00, 0xDB, 0xDC, 0x11, 0x0D, 0x20
	.byte 0x8F, 0xAA, 0x00, 0xFF, 0xCC, 0xA0, 0x88, 0x88, 0xFF, 0xF0, 0x88, 0x00, 0x88, 0x88, 0xFD, 0xFD
	.byte 0xFC, 0xFF, 0xFD, 0xF1, 0x00, 0xCF, 0xEF, 0xFD, 0x11, 0xCF, 0xCE, 0xDD, 0xF1, 0x80, 0x00, 0xD9
	.byte 0xF1, 0xFF, 0xFF, 0xDC, 0xCF, 0x5F, 0x65, 0x00, 0xCA, 0xFC, 0x55, 0x55, 0xA8, 0xFF, 0x55, 0x55
	.byte 0x00, 0xFC, 0x22, 0xD2, 0xDD, 0xFC, 0x1F, 0xD1, 0xDD, 0x30, 0xFC, 0x11, 0x00, 0x03, 0x10, 0x07
	.byte 0x1F, 0xDB, 0xDD, 0xFF, 0x00, 0xEF, 0xEE, 0xFD, 0x66, 0x66, 0xF7, 0xDF, 0x65, 0x0C, 0x66, 0xF6
	.byte 0x33, 0xFD, 0x00, 0x53, 0x00, 0x03, 0xBC, 0xFD, 0x00, 0xF0, 0xCC, 0x3B, 0xED, 0xFF, 0xCC, 0x33
	.byte 0xDD, 0x08, 0xCF, 0xBC, 0x43, 0xDD, 0x01, 0xC0, 0xDD, 0xCC, 0x3C, 0x21, 0x44, 0xDD, 0x00, 0xEB
	.byte 0x3B, 0x43, 0xD4, 0x44, 0x00, 0xE6, 0x05, 0x44, 0x43, 0xC4, 0x44, 0x44, 0x40, 0x01, 0xDC, 0x60
	.byte 0x09, 0x80, 0x10, 0x01, 0xC4, 0x4F, 0x0D, 0x44, 0xFC, 0x44, 0x0F, 0x04, 0xC4, 0x4F, 0x44, 0x0F
	.byte 0x4D, 0x20, 0xF7, 0xFC, 0x00, 0x80, 0x00, 0xFA, 0x00, 0x44, 0xFD, 0x0F, 0x00, 0xFD, 0x4F, 0xF8
	.byte 0x11, 0x4D, 0xF0, 0x01, 0xF0, 0x01, 0xF0, 0x01, 0x60, 0x01, 0xAF, 0x8A, 0x88, 0xB0, 0x02, 0x6A
	.byte 0xAF, 0xF0, 0x18, 0x30, 0x01, 0x88, 0x78, 0x55, 0x55, 0x00, 0x88, 0x57, 0x55, 0x55, 0xAA, 0x57
	.byte 0x55, 0x65, 0x08, 0xF0, 0x55, 0x55, 0x66, 0x10, 0x03, 0x70, 0x55, 0x65, 0x00, 0xF6, 0x00, 0x57
	.byte 0x65, 0x0F, 0x00, 0x70, 0xFF, 0x00, 0x00, 0x65, 0xE6, 0xEF, 0x33, 0x66, 0x6F, 0x3F, 0x00, 0x33
	.byte 0xF6, 0xA8, 0xAA, 0xFA, 0x8F, 0x88, 0x88, 0x00, 0x98, 0xFF, 0x8A, 0x88, 0x88, 0x3F, 0xA3, 0xFF
	.byte 0x00, 0x99, 0x3F, 0x33, 0x33, 0xFA, 0x3D, 0x33, 0x33, 0x00, 0x33, 0xC3, 0xBC, 0x43, 0x44, 0x33
	.byte 0x33, 0x43, 0x02, 0xAA, 0xFF, 0xFF, 0xAF, 0x99, 0x99, 0x00, 0x01, 0x98, 0x14, 0x99, 0x99, 0xF9
	.byte 0x00, 0x02, 0xAF, 0x00, 0x0F, 0xAA, 0x33, 0x10, 0xF3, 0xFF, 0xAA, 0x10, 0xEF, 0xFA, 0xFF, 0x44
	.byte 0x44, 0x00, 0x99, 0x99, 0x4F, 0x44, 0xF9, 0xAF, 0x4A, 0xDC, 0x08, 0xFF, 0xAF, 0x4F, 0x44, 0x10
	.byte 0x03, 0xAF, 0xFA, 0xFF, 0x04, 0xFF, 0xFA, 0xDF, 0xFD, 0x00, 0x00, 0xF2, 0x00, 0x44, 0xAF, 0x02
	.byte 0xE6, 0xFC, 0x00, 0xEA, 0xFF, 0x00, 0x8F, 0x12, 0xF1, 0xF0, 0xF5, 0xF0, 0x01, 0xFD, 0xF0, 0x01
	.byte 0xF0, 0x01, 0xF0, 0x01, 0xF0, 0x01, 0xF0, 0x01, 0xB0, 0x01, 0xD0, 0x00, 0xE3, 0x48, 0xF0, 0x00
	.byte 0x03, 0x00, 0x4D, 0x00, 0x03, 0xD0, 0x34, 0x33, 0x0A, 0x00, 0x00, 0xDF, 0x44, 0x01, 0x4F, 0xDF
	.byte 0x00, 0x03, 0x76, 0x0B, 0x00, 0x00, 0x70, 0x65, 0x00, 0x1A, 0xFF, 0x00, 0xFF, 0x01, 0x03, 0x60
	.byte 0x44, 0x01, 0xE7, 0x61, 0xD5, 0xD4, 0xFF, 0xFF, 0xFF, 0x5F, 0x02, 0xF7, 0x00, 0xF0, 0x55, 0x4F
	.byte 0xDD, 0x00, 0xE3, 0xD4, 0xE0, 0x00, 0xE3, 0x10, 0x03, 0x00, 0xDC, 0xF4, 0x6F, 0x0F, 0x00, 0x6F
	.byte 0x00, 0x6F, 0xFF, 0xFF, 0x75, 0x66, 0xF6, 0x7F, 0x66, 0x1F, 0x66, 0x66, 0x66, 0xF0, 0x71, 0x73
	.byte 0x47, 0xF1, 0x07, 0xF0, 0x01, 0xF0, 0x01, 0xF5, 0xF0, 0x01, 0xF0, 0x01, 0xF0, 0x01, 0x00, 0x01
	.byte 0x70, 0x00, 0x03, 0x57, 0x44, 0x97, 0x8C, 0x80, 0x15, 0x57, 0x65, 0x70, 0x02, 0x1B, 0x02, 0x22
	.byte 0x65, 0x76, 0x00, 0x5F, 0x55, 0x66, 0xFF, 0x55, 0xF6, 0x66, 0x6F, 0x0D, 0x76, 0xFF, 0x7F, 0xFF
	.byte 0x11, 0xAC, 0x00, 0x01, 0xF7, 0x00, 0x02, 0xAB, 0x50, 0xAB, 0xF6, 0x00, 0x03, 0x76, 0x00, 0x08
	.byte 0x66, 0x00, 0x03, 0x20, 0x14, 0x80, 0x00, 0x01, 0x6F, 0xF6, 0x67, 0xF6, 0xF7, 0xFF, 0xFF, 0xFF
	.byte 0xF0, 0xCA, 0xF0, 0x01, 0xF0, 0x01, 0xF0, 0x01, 0xF0, 0x01, 0xF0, 0x01, 0xF0, 0x01, 0xF0, 0x01
	.byte 0xFF, 0xF0, 0x01, 0xF0, 0x01, 0xF0, 0x01, 0xF0, 0x01, 0xF0, 0x01, 0xF0, 0x01, 0xF0, 0x01, 0xF0
	.byte 0x01, 0xF0, 0xF0, 0x01, 0xF0, 0x01, 0xF0, 0x01, 0x00, 0x01, 0x00, 0x00

  .globl gMonPalette_Farfetchd
gMonPalette_Farfetchd:
  .incbin "build/graphics/pokemon/farfetchd/normal_palette.gbapal.lz"

  .globl gMonBackPic_Farfetchd
gMonBackPic_Farfetchd:
  .incbin "build/graphics/pokemon/farfetchd/back.4bpp.lz"

  .globl gMonShinyPalette_Farfetchd
gMonShinyPalette_Farfetchd:
  .incbin "build/graphics/pokemon/farfetchd/shiny_palette.gbapal.lz"

	.globl gMonIcon_Farfetchd
gMonIcon_Farfetchd: @ 0x08C68AE4 [083]
  .incbin "build/graphics/pokemon/farfetchd/icon.4bpp"
	@ analyzed canonical ROM range 0x08C68EE4-0x08C69257
sAnalyzedData_08C68EE4: @ 0x08C68EE4
	@ structured u8 payload; no safe higher-level semantic type was provable
	.byte 0x00, 0x00, 0x80, 0x80, 0xC6, 0xDE, 0xFC, 0xFC, 0x00, 0x00, 0x00, 0x00, 0x31, 0x3D, 0x1F, 0x1F
	.byte 0xF8, 0xF8, 0xF0, 0xE0, 0xC0, 0xC0, 0x80, 0x00, 0x0F, 0x0F, 0x07, 0x03, 0x01, 0x01, 0x00, 0x00
	.byte 0x10, 0x00, 0x08, 0x00, 0x3E, 0x00, 0x00, 0xF0, 0x01, 0xF0, 0x01, 0xF0, 0x01, 0xF0, 0x01, 0xE0
	.byte 0x01, 0xA0, 0xB0, 0x00, 0x03, 0x9A, 0xF0, 0x16, 0x30, 0x01, 0xBB, 0x0A, 0x00, 0x00, 0x3F, 0xF9
	.byte 0xA9, 0xF0, 0x17, 0xF0, 0x01, 0xF0, 0x01, 0xF0, 0x01, 0xF0, 0x01, 0xF0, 0x01, 0xFA, 0xF0, 0x01
	.byte 0xF0, 0x01, 0xF0, 0x01, 0xF0, 0x01, 0xE0, 0x01, 0xB0, 0xF0, 0x0F, 0x00, 0x52, 0x9B, 0x00, 0x03
	.byte 0xE0, 0x10, 0x0C, 0x9B, 0xBF, 0x00, 0x10, 0xF9, 0x50, 0x0B, 0x00, 0x08, 0xB9, 0x00, 0x08, 0x99
	.byte 0xBA, 0xBB, 0x00, 0x00, 0x9E, 0x99, 0x99, 0xBB, 0xE0, 0x99, 0xBE, 0x99, 0x02, 0xBB, 0x9E, 0x00
	.byte 0xBE, 0x99, 0xEB, 0x30, 0x32, 0x08, 0x00, 0x07, 0xF0, 0x57, 0x86, 0x86, 0xEE, 0x67, 0x65, 0x00
	.byte 0x65, 0x7B, 0x56, 0xD5, 0x5E, 0x99, 0x55, 0xFD, 0x00, 0xED, 0x99, 0x58, 0xDE, 0xEE, 0x99, 0x58
	.byte 0xE5, 0x40, 0x5E, 0x50, 0x54, 0x07, 0x07, 0x00, 0x00, 0x66, 0x68, 0x00, 0x00, 0x00, 0x65, 0x87
	.byte 0x00, 0x00, 0x55, 0x76, 0x00, 0x0E, 0x00, 0x55, 0x66, 0x6E, 0x00, 0x65, 0x66, 0xFF, 0x00, 0x14
	.byte 0xF0, 0x01, 0xF0, 0x01, 0xF0, 0x01, 0xF0, 0x01, 0xF0, 0x01, 0xF0, 0x01, 0x70, 0x01, 0x54, 0x70
	.byte 0x00, 0x03, 0x80, 0x00, 0x03, 0x57, 0x70, 0x12, 0x07, 0x08, 0x00, 0x80, 0x60, 0x65, 0x56, 0x68
	.byte 0x58, 0x55, 0x55, 0x10, 0x56, 0x55, 0x55, 0x20, 0x01, 0x5D, 0x55, 0x55, 0x6D, 0x0A, 0x00, 0x00
	.byte 0xBE, 0xBA, 0x00, 0x1C, 0xAE, 0x11, 0x17, 0x7E, 0x94, 0x00, 0x37, 0x67, 0x0E, 0x00, 0xC3, 0x76
	.byte 0x00, 0xCB, 0x67, 0x08, 0x02, 0x00, 0x65, 0x86, 0x00, 0x00, 0xAB, 0x00, 0x2F, 0x8A, 0x80, 0x00
	.byte 0x30, 0x68, 0x66, 0x56, 0x65, 0x67, 0x66, 0x66, 0x00, 0x66, 0x86, 0x67, 0x67, 0x77, 0xE0, 0x7E
	.byte 0x7E, 0x09, 0x77, 0x00, 0x80, 0xE7, 0x00, 0xE9, 0x00, 0xD8, 0x10, 0xE7, 0x00, 0x66, 0x76, 0x07
	.byte 0x00, 0x65, 0x77, 0x0E, 0x00, 0x03, 0x76, 0x77, 0x00, 0x00, 0x77, 0xE7, 0x00, 0x03, 0x00, 0x43
	.byte 0x07, 0xE8, 0x08, 0x00, 0x00, 0xEE, 0xF0, 0x97, 0xF0, 0x01, 0xF0, 0x01, 0xEC, 0xF0, 0x01, 0xF0
	.byte 0x01, 0x90, 0x01, 0xD8, 0x41, 0xCB, 0x01, 0x7D, 0x00, 0x60, 0xF0, 0x00, 0x03, 0x00, 0x85, 0x20
	.byte 0xFB, 0x20, 0x01, 0xEF, 0x55, 0xD5, 0xDF, 0x00, 0xEE, 0x55, 0xE5, 0xED, 0x7E, 0x55, 0x65, 0x7E
	.byte 0x00, 0x66, 0x77, 0x68, 0x66, 0x76, 0x99, 0x8A, 0x66, 0x00, 0x9B, 0x99, 0x8A, 0x76, 0x9B, 0xA9
	.byte 0x7A, 0x77, 0x04, 0x9B, 0xA9, 0x8E, 0x7E, 0x65, 0x01, 0xAB, 0x66, 0xE6, 0x80, 0x00, 0xEF, 0x77
	.byte 0x0E, 0x70, 0x66, 0xE7, 0x00, 0x77, 0x00, 0x77, 0xE7, 0x70, 0x66, 0x76, 0x0E, 0x70, 0x65, 0x00
	.byte 0x77, 0xD8, 0x5E, 0x65, 0x87, 0xEE, 0xDD, 0xED, 0x00, 0x00, 0x0E, 0x70, 0xD8, 0x70, 0xE6, 0x67
	.byte 0xD8, 0x00, 0x77, 0x66, 0x56, 0xDE, 0x56, 0x55, 0x65, 0xDE, 0x00, 0x55, 0x65, 0xE5, 0xED, 0x65
	.byte 0x65, 0xE6, 0xED, 0x0D, 0x66, 0x56, 0xEE, 0xEE, 0x10, 0x03, 0x10, 0xE3, 0xEE, 0x00, 0x6D, 0x00
	.byte 0x6E, 0x78, 0x88, 0x00, 0x6E, 0x66, 0x68, 0x07, 0x01, 0x66, 0x66, 0x87, 0x0E, 0x66, 0x66, 0x65
	.byte 0x00, 0x03, 0x2F, 0x55, 0x87, 0x01, 0x33, 0x66, 0xF0, 0xAE, 0x81, 0x91, 0xF0, 0x12, 0xF0, 0x01
	.byte 0xF7, 0xF0, 0x01, 0xF2, 0xDF, 0x33, 0xCB, 0x12, 0xD3, 0xFA, 0x12, 0xCD, 0x00, 0x03, 0x03, 0xB9
	.byte 0x80, 0x10, 0x03, 0x00, 0xAB, 0x9F, 0xB9, 0xE0, 0x80, 0x99, 0xB3, 0x02, 0xDE, 0x9F, 0x01, 0x93
	.byte 0x02, 0xEA, 0x00, 0xEA, 0x00, 0x03, 0x03, 0xDA, 0x6C, 0x00, 0x00, 0x0E, 0x20, 0x03, 0xE0, 0x10
	.byte 0xC2, 0x00, 0x04, 0x00, 0x00, 0x04, 0xE7, 0xEE, 0x00, 0x70, 0x76, 0x00, 0x07, 0x67, 0x67, 0x24
	.byte 0x00, 0x70, 0x01, 0xDF, 0x00, 0x87, 0x00, 0x03, 0xE0, 0x77, 0x00, 0x6E, 0x66, 0xEE, 0xEE, 0x77
	.byte 0x66, 0xEE, 0x87, 0x0C, 0x6E, 0x66, 0xE6, 0x68, 0x01, 0xFE, 0x20, 0x01, 0x76, 0x67, 0x00, 0x66
	.byte 0x67, 0x77, 0x77, 0x66, 0x76, 0x77, 0x77, 0x10, 0x67, 0x77, 0x78, 0x02, 0x12, 0x66, 0x66, 0x67
	.byte 0xE7, 0x08, 0x67, 0x76, 0x76, 0x76, 0x00, 0x07, 0x87, 0x66, 0x77, 0x40, 0x76, 0x00, 0x01, 0x77
	.byte 0xE7, 0x77, 0x77, 0x77, 0xE8, 0xCF, 0x00, 0x03, 0x10, 0x62, 0x00, 0x06, 0x13, 0x41, 0x40, 0xAC
	.byte 0x10, 0x07, 0x10, 0x0F, 0xFF, 0xF0, 0x01, 0xF0, 0x01, 0xF0, 0x01, 0xF0, 0x01, 0xF3, 0xDF, 0xB0
	.byte 0x01, 0x20, 0x80, 0xF0, 0x01, 0xBC, 0x90, 0x01, 0x88, 0x92, 0x2F, 0xD0, 0x01, 0x00, 0xC3, 0x20
	.byte 0xCC, 0xEE, 0x78, 0x96, 0x01, 0x13, 0xE7, 0x86, 0x11, 0xEE, 0xBE, 0x42, 0x6F, 0x24, 0x47, 0x77
	.byte 0x00, 0x87, 0x87, 0x0E, 0x77, 0xE7, 0xB8, 0xEB, 0x78, 0x00, 0x08, 0xB8, 0xBB, 0xEB, 0x00, 0xE0
	.byte 0xAB, 0xBB, 0x00, 0x0B, 0x00, 0xAE, 0xAA, 0x0E, 0x00, 0xB0, 0xBA, 0xF6, 0x10, 0x03, 0x01, 0x7F
	.byte 0x90, 0x87, 0x14, 0x4C, 0xAA, 0x01, 0x8B, 0x00, 0x1F, 0x00, 0x7F, 0xEA, 0x00, 0x03, 0x13, 0x78
	.byte 0xF0, 0x01, 0xF0, 0x01, 0xF0, 0x01, 0xF0, 0x01, 0xF0, 0x01, 0xF8, 0xF0, 0x01, 0xF0, 0x01, 0xF1
	.byte 0x4B, 0x00, 0x02, 0x00, 0xB3, 0xFB, 0xAB, 0x00, 0x19, 0xB0, 0xBF, 0xEF, 0x00, 0xB1, 0x00, 0xEB
	.byte 0xB0, 0xAA, 0x00, 0xE6, 0x49, 0xEA, 0x02, 0x4E, 0x0E, 0xBB, 0x00, 0x06, 0xAB, 0xAA, 0x05, 0x21
	.byte 0x00, 0xAB, 0xEA, 0x00, 0xAF, 0xAE, 0xEF, 0x00, 0xEF, 0x3E, 0xE0, 0xEF, 0x10, 0xD7, 0x00, 0x2F
	.byte 0x10, 0x23, 0x10, 0xEE, 0x00, 0x20, 0x00, 0x20, 0x9B, 0x0B, 0x05, 0x47, 0xBB, 0xB0, 0x9B, 0xA9
	.byte 0xA9, 0x0F, 0x9B, 0x9A, 0xAA, 0xAB, 0x00, 0xEE, 0xF1, 0x83, 0x00, 0x01, 0xF0, 0x17, 0xFF, 0xF0
	.byte 0x01, 0xF0, 0x01, 0xF0, 0x01, 0xF0, 0x01, 0xF0, 0x01, 0xF0, 0x01, 0xA0, 0x01, 0x26, 0x07, 0xD8
	.byte 0xF0, 0x01, 0x51, 0xB7, 0x0E, 0xF2, 0x5F, 0x80, 0x01, 0xBF, 0xBF, 0xFB, 0x01, 0xBB, 0xBE, 0xEF
	.byte 0xFB, 0xEE, 0x00, 0x0E, 0xF0, 0x46, 0xF8, 0x24, 0x7F, 0x40, 0x03, 0xF5, 0x0B, 0xF0, 0x01, 0xF0
	.byte 0x01, 0x00, 0x00, 0x00

  .globl gMonPalette_Doduo
gMonPalette_Doduo:
  .incbin "build/graphics/pokemon/doduo/normal_palette.gbapal.lz"

  .globl gMonBackPic_Doduo
gMonBackPic_Doduo:
  .incbin "build/graphics/pokemon/doduo/back.4bpp.lz"

  .globl gMonShinyPalette_Doduo
gMonShinyPalette_Doduo:
  .incbin "build/graphics/pokemon/doduo/shiny_palette.gbapal.lz"

	.globl gMonIcon_Doduo
gMonIcon_Doduo: @ 0x08C695B8 [084]
  .incbin "build/graphics/pokemon/doduo/icon.4bpp"
	@ analyzed canonical ROM range 0x08C699B8-0x08C69EB3
sAnalyzedData_08C699B8: @ 0x08C699B8
	@ structured u8 payload; no safe higher-level semantic type was provable
	.byte 0x00, 0x00, 0x10, 0x10, 0x30, 0x30, 0x60, 0x60, 0x00, 0x00, 0x08, 0x08, 0x0C, 0x0C, 0x06, 0x06
	.byte 0xF7, 0xFE, 0xF8, 0xE0, 0xC0, 0x00, 0x00, 0x00, 0xEF, 0x7F, 0x1F, 0x0F, 0x03, 0x00, 0x00, 0x00
	.byte 0x10, 0x00, 0x08, 0x00, 0x3E, 0x00, 0x00, 0xF0, 0x01, 0xF0, 0x01, 0xF0, 0x01, 0xF0, 0x01, 0xB0
	.byte 0x01, 0xE0, 0x9E, 0x00, 0x03, 0xC0, 0x0E, 0xF0, 0x17, 0x30, 0x01, 0x10, 0x18, 0x00, 0x03, 0xD0
	.byte 0x80, 0xC0, 0x20, 0xE0, 0xCC, 0xCC, 0xE0, 0xEE, 0xEE, 0xEE, 0x00, 0x00, 0x00, 0xCC, 0xDC, 0x00
	.byte 0xCC, 0xEC, 0xEE, 0x60, 0xDD, 0x10, 0x0A, 0x80, 0x01, 0xDC, 0xED, 0x0D, 0x00, 0xEE, 0x00, 0xEE
	.byte 0x4E, 0x3E, 0xED, 0x44, 0x12, 0x12, 0x40, 0x01, 0x42, 0x11, 0x14, 0x24, 0x21, 0x41, 0x2F, 0xC0
	.byte 0x58, 0x00, 0x70, 0x30, 0x00, 0x70, 0x57, 0x23, 0x74, 0x57, 0x00, 0x75, 0x22, 0x54, 0x55, 0x67
	.byte 0x42, 0x55, 0x76, 0x50, 0xE6, 0x30, 0x15, 0x77, 0x00, 0x15, 0x66, 0x0E, 0x57, 0x66, 0x03, 0xE7
	.byte 0x0E, 0x65, 0xE7, 0x00, 0x00, 0x10, 0x14, 0xF0, 0x9A, 0xE5, 0xF0, 0x01, 0xF0, 0x01, 0xF0, 0x01
	.byte 0xC0, 0x0D, 0x00, 0x03, 0xEC, 0x00, 0xBA, 0x69, 0xDC, 0x10, 0x03, 0x00, 0x55, 0xDD, 0x00, 0x10
	.byte 0xDE, 0xED, 0x00, 0x0C, 0x02, 0xED, 0xE3, 0x00, 0xE3, 0xDD, 0xD1, 0x01, 0x04, 0xEE, 0x35, 0x00
	.byte 0xCD, 0x00, 0x17, 0x00, 0x1B, 0xE0, 0x00, 0x16, 0xD0, 0x00, 0x03, 0x80, 0x10, 0x1E, 0xED, 0x4E
	.byte 0x04, 0x00, 0xEE, 0x1E, 0x42, 0x55, 0x04, 0x40, 0xE2, 0x30, 0x00, 0x03, 0x40, 0x00, 0x03, 0x23
	.byte 0x80, 0x0B, 0x80, 0x10, 0x07, 0x00, 0x13, 0x12, 0x41, 0x2E, 0x11, 0x11, 0x00, 0xF4, 0x2F, 0x12
	.byte 0x12, 0xF4, 0x21, 0x23, 0x21, 0x28, 0x22, 0x22, 0x10, 0x01, 0x23, 0x00, 0x03, 0x33, 0x22, 0x32
	.byte 0x00, 0x32, 0x34, 0x23, 0x22, 0x32, 0x64, 0x66, 0x67, 0x00, 0x0E, 0x64, 0x76, 0x46, 0x04, 0x44
	.byte 0x67, 0x34, 0x00, 0x0E, 0x33, 0x44, 0x33, 0x0E, 0x32, 0x33, 0xE3, 0x10, 0x00, 0x22, 0x33, 0x10
	.byte 0x07, 0x43, 0x00, 0x33, 0x43, 0x7F, 0xE3, 0xF0, 0xB0, 0xF0, 0x01, 0x80, 0x01, 0x00, 0xBB, 0x20
	.byte 0x03, 0x00, 0xA0, 0x20, 0x03, 0xD0, 0x10, 0xB8, 0xC1, 0xB7, 0xE0, 0x00, 0x03, 0xED, 0x00, 0x40
	.byte 0xD0, 0xC0, 0x00, 0xF3, 0x10, 0xF7, 0x30, 0x11, 0xEE, 0xD1, 0x23, 0x11, 0x00, 0xEE, 0xEE, 0x40
	.byte 0x12, 0xE1, 0xEE, 0x13, 0x21, 0x00, 0xE1, 0x1E, 0x24, 0x24, 0x22, 0x2E, 0x21, 0x4F, 0x00, 0x22
	.byte 0x22, 0x24, 0xEF, 0x24, 0x42, 0x23, 0xF2, 0x00, 0x41, 0x34, 0xEE, 0x21, 0x22, 0x0E, 0x1E, 0x22
	.byte 0x02, 0x22, 0xE2, 0x11, 0x22, 0x22, 0x42, 0x00, 0xB6, 0x32, 0x00, 0x22, 0x42, 0x24, 0xE2, 0x22
	.byte 0xF4, 0x21, 0x22, 0x00, 0x42, 0xFE, 0x21, 0x32, 0xF4, 0x1F, 0x22, 0x33, 0x80, 0x80, 0x5B, 0x30
	.byte 0x04, 0x30, 0xE2, 0x24, 0x42, 0x13, 0x00, 0x11, 0x12, 0x14, 0x22, 0x11, 0x11, 0x1E, 0x11, 0x00
	.byte 0x12, 0x31, 0x1E, 0x21, 0x11, 0x41, 0x40, 0x33, 0x00, 0x23, 0x33, 0x70, 0x24, 0x43, 0x43, 0x70
	.byte 0x45, 0x00, 0x24, 0x2E, 0x54, 0x55, 0x04, 0x00, 0x54, 0x45, 0x00, 0x42, 0x0E, 0x54, 0xE5, 0x22
	.byte 0xE4, 0x55, 0xE6, 0x08, 0x22, 0x22, 0x55, 0x24, 0x01, 0x07, 0x33, 0x0E, 0x00, 0x54, 0x33, 0x01
	.byte 0x43, 0xE4, 0x30, 0x44, 0xA0, 0x00, 0x03, 0x8A, 0x4E, 0x00, 0xA0, 0xEA, 0x8A, 0xE3, 0x8A, 0x98
	.byte 0x8A, 0x32, 0x14, 0x8E, 0x98, 0x8A, 0x50, 0x5D, 0xAA, 0x00, 0xB6, 0x88, 0xE9, 0x81, 0x00, 0x03
	.byte 0x98, 0x0A, 0x00, 0x88, 0x88, 0x0E, 0x20, 0x03, 0x14, 0x89, 0x98, 0xAA, 0x10, 0xE3, 0x2E, 0x01
	.byte 0xB4, 0x1E, 0x00, 0x40, 0x40, 0x00, 0x03, 0x23, 0xD1, 0x1E, 0x00, 0x12, 0xD1, 0x00, 0xEE, 0x00
	.byte 0x24, 0x11, 0xEE, 0x20, 0x12, 0x12, 0x00, 0xEE, 0x40, 0x22, 0x21, 0xE1, 0xCE, 0x4E, 0x04, 0x00
	.byte 0x04, 0xDE, 0x2E, 0xE2, 0x02, 0xDE, 0x2E, 0x22, 0x02, 0xE2, 0xED, 0x12, 0x22, 0x22, 0xED, 0x01
	.byte 0x83, 0x1E, 0x01, 0x11, 0x22, 0x32, 0x2E, 0x21, 0x22, 0x23, 0x00, 0x0E, 0x02, 0x32, 0x34, 0x22
	.byte 0x54, 0x45, 0x40, 0x02, 0x6C, 0x00, 0x00, 0x24, 0x53, 0x55, 0x4E, 0x44, 0x57, 0x65, 0x42, 0x00
	.byte 0x55, 0x57, 0x65, 0x64, 0x66, 0x57, 0x46, 0x43, 0x01, 0xEE, 0x57, 0xE6, 0xE3, 0x00, 0x57, 0xE6
	.byte 0x01, 0xA2, 0x00, 0xE3, 0x44, 0x33, 0x33, 0x14, 0x6E, 0x34, 0xE3, 0x00, 0x2E, 0x6E, 0x44, 0x6E
	.byte 0x46, 0x44, 0x46, 0x6E, 0x00, 0x65, 0xAA, 0x46, 0x7E, 0x55, 0xAA, 0xE6, 0x24, 0x00, 0x57, 0xAA
	.byte 0xE6, 0xE6, 0x72, 0x11, 0x22, 0x21, 0x01, 0x41, 0x12, 0x21, 0x12, 0x42, 0x11, 0x12, 0x01, 0x1F
	.byte 0x80, 0x01, 0x16, 0x34, 0x44, 0x23, 0x32, 0x75, 0x56, 0x46, 0x00, 0x23, 0x55, 0x55, 0x45, 0x33
	.byte 0x55, 0x55, 0x46, 0x07, 0x43, 0x55, 0x2E, 0x22, 0x23, 0x00, 0x03, 0x20, 0xEB, 0x00, 0xF3, 0x00
	.byte 0x32, 0x65, 0x46, 0x22, 0x22, 0x64, 0x66, 0x2E, 0x80, 0x20, 0x03, 0x44, 0x46, 0x24, 0x22, 0x33
	.byte 0xE3, 0xA9, 0x00, 0x99, 0x23, 0x33, 0xAE, 0x99, 0x22, 0xE3, 0x9A, 0x82, 0x00, 0x07, 0x94, 0x99
	.byte 0x32, 0x33, 0x9E, 0x00, 0x03, 0xEE, 0x00, 0xA9, 0x33, 0x33, 0x93, 0x9A, 0x32, 0x33, 0x34, 0x00
	.byte 0x99, 0x98, 0xA8, 0x88, 0x0A, 0x89, 0x9A, 0x88, 0x00, 0xA8, 0x99, 0x8A, 0x89, 0xE8, 0xA9, 0x99
	.byte 0x98, 0x00, 0xE8, 0x9A, 0x99, 0x89, 0xE9, 0x99, 0x99, 0x99, 0x04, 0x0E, 0x99, 0x99, 0xE9, 0x00
	.byte 0x00, 0x06, 0x00, 0x00, 0x00, 0x44, 0x22, 0x22, 0x30, 0x22, 0x24, 0x22, 0x00, 0x00, 0x24, 0x4F
	.byte 0x24, 0x00, 0x30, 0xF2, 0x2E, 0x00, 0x4A, 0x40, 0x02, 0x38, 0x00, 0x34, 0x00, 0x03, 0x44, 0x00
	.byte 0x03, 0x00, 0x00, 0x74, 0x22, 0x22, 0x44, 0x33, 0x42, 0x42, 0xFE, 0x00, 0x33, 0x42, 0xF4, 0x3E
	.byte 0x33, 0x44, 0xFF, 0x33, 0x00, 0xE3, 0x66, 0x34, 0x33, 0x33, 0x55, 0x46, 0x33, 0x01, 0xE4, 0x55
	.byte 0x75, 0xEE, 0x00, 0x55, 0xE5, 0x11, 0x77, 0x00, 0x67, 0x76, 0xE3, 0x00, 0x67, 0x07, 0x04, 0x00
	.byte 0x1B, 0x67, 0x0E, 0x0E, 0x00, 0x03, 0x03, 0x6C, 0x76, 0x00, 0x03, 0x13, 0x62, 0x80, 0x22, 0xD9
	.byte 0xA0, 0xE6, 0x66, 0x22, 0xA0, 0xE5, 0x46, 0x08, 0x22, 0x70, 0xE5, 0xE4, 0x00, 0x03, 0x24, 0x32
	.byte 0x70, 0x19, 0xE5, 0x40, 0x22, 0x02, 0x46, 0x01, 0xF7, 0x40, 0x3E, 0x13, 0xF1, 0x00, 0x77, 0x66
	.byte 0x44, 0x64, 0x22, 0x44, 0x55, 0x54, 0x00, 0x22, 0x54, 0x65, 0x76, 0x22, 0x74, 0x67, 0xF4, 0x00
	.byte 0x33, 0xF4, 0xEB, 0xF4, 0x23, 0xF4, 0xEB, 0xF3, 0x00, 0x33, 0xF4, 0x3E, 0x43, 0x3E, 0xED, 0x33
	.byte 0x3E, 0x00, 0x65, 0x54, 0x46, 0x23, 0x66, 0x5E, 0x65, 0x3E, 0x00, 0x67, 0x5E, 0x77, 0x3E, 0xEB
	.byte 0x46, 0xBF, 0x3E, 0x00, 0xEB, 0xE6, 0xBF, 0x3E, 0xEE, 0x6E, 0xBE, 0xED, 0x00, 0x64, 0x66, 0xE4
	.byte 0xDD, 0x64, 0x66, 0x4E, 0xDD, 0x01, 0x33, 0x33, 0xEE, 0x99, 0x33, 0x33, 0x9E, 0x00, 0xEF, 0x31
	.byte 0xE3, 0x0E, 0x00, 0x03, 0x02, 0xF3, 0x0E, 0x00, 0xE3, 0x02, 0x13, 0x53, 0xEE, 0x02, 0x10, 0xDD
	.byte 0x00, 0x8D, 0x99, 0xEA, 0x40, 0x88, 0xF0, 0x01, 0xC0, 0xF0, 0x01, 0xF0, 0x01, 0x00, 0x56, 0x75
	.byte 0x00, 0x00, 0x57, 0x02, 0x66, 0x07, 0x00, 0x70, 0x66, 0x0E, 0x20, 0x03, 0x00, 0x57, 0x67, 0x00
	.byte 0xDA, 0x77, 0x00, 0xE2, 0xE0, 0x10, 0xEB, 0x13, 0x0C, 0xF0, 0x01, 0xE0, 0xF0, 0x01, 0xF0, 0x01
	.byte 0x50, 0x01, 0x44, 0xDE, 0xED, 0x43, 0xE0, 0x0D, 0xDE, 0xDD, 0xEE, 0x00, 0x04, 0xED, 0x00, 0xA9
	.byte 0x66, 0x01, 0x3B, 0x98, 0x00, 0x03, 0x00, 0x67, 0x14, 0xB5, 0x10, 0x03, 0xE4, 0xE4, 0x4E, 0x00
	.byte 0xDE, 0xEE, 0xEB, 0x66, 0xE4, 0x46, 0xEB, 0x66, 0x01, 0x46, 0xE6, 0x6E, 0x66, 0x46, 0x66, 0x4E
	.byte 0x00, 0x03, 0x00, 0xE6, 0x6E, 0x64, 0x66, 0xE6, 0xE0, 0xEE, 0x66, 0xEF, 0x04, 0xCB, 0x10, 0xE3
	.byte 0x53, 0xAD, 0x4E, 0x00, 0x03, 0xF4, 0xDB, 0xF0, 0x01, 0xF0, 0x01, 0xFF, 0xF0, 0x01, 0xF0, 0x01
	.byte 0xF0, 0x01, 0xF0, 0x01, 0xF0, 0x01, 0xF0, 0x01, 0xE0, 0x01, 0x10, 0xE7, 0x61, 0x57, 0x11, 0x6A
	.byte 0x00, 0x0A, 0x55, 0x00, 0x00, 0x60, 0x00, 0x03, 0x80, 0x01, 0x75, 0x60, 0x55, 0x75, 0x70, 0x56
	.byte 0x55, 0x55, 0x69, 0x65, 0x00, 0xCC, 0x01, 0x82, 0x00, 0x02, 0x6A, 0x00, 0x07, 0x00, 0x03, 0xBF
	.byte 0x00, 0xF2, 0x00, 0x11, 0x86, 0x10, 0xE7, 0x10, 0x0B, 0xF0, 0x01, 0xF0, 0x01, 0xF0, 0x01, 0xFE
	.byte 0xF0, 0x01, 0xF0, 0x01, 0xF0, 0x01, 0xF0, 0x01, 0xF0, 0x01, 0xF0, 0x01, 0x10, 0xDF, 0xD0, 0x80
	.byte 0x00, 0xDF, 0xFD, 0x7F, 0x00, 0xD0, 0xFF, 0x7B, 0x00, 0x18, 0xD0, 0xCF, 0x0C, 0x26, 0x34, 0x40
	.byte 0x01, 0x57, 0x55, 0x65, 0x80, 0x00, 0x01, 0x66, 0x56, 0x66, 0x66, 0xE6, 0x57, 0xC7, 0x00, 0x6F
	.byte 0x0D, 0x77, 0xFD, 0xDF, 0x00, 0xFD, 0xFC, 0x01, 0xDB, 0x00, 0xC0, 0xBD, 0x0E, 0x00, 0xD0, 0x17
	.byte 0x43, 0xEA, 0x10, 0xE7, 0x10, 0xFF, 0x12, 0x6D, 0x6F, 0x00, 0x03, 0xBF, 0x00, 0x3A, 0xCF, 0xBC
	.byte 0x00, 0x0F, 0xEB, 0xF1, 0xE7, 0xF0, 0x01, 0xF0, 0x01, 0xE0, 0x01, 0x00

  .globl gMonPalette_Dodrio
gMonPalette_Dodrio:
  .incbin "build/graphics/pokemon/dodrio/normal_palette.gbapal.lz"

  .globl gMonBackPic_Dodrio
gMonBackPic_Dodrio:
  .incbin "build/graphics/pokemon/dodrio/back.4bpp.lz"

  .globl gMonShinyPalette_Dodrio
gMonShinyPalette_Dodrio:
  .incbin "build/graphics/pokemon/dodrio/shiny_palette.gbapal.lz"

	.globl gMonIcon_Dodrio
gMonIcon_Dodrio: @ 0x08C6A368 [085]
  .incbin "build/graphics/pokemon/dodrio/icon.4bpp"
	@ analyzed canonical ROM range 0x08C6A768-0x08C6AA8F
sAnalyzedData_08C6A768: @ 0x08C6A768
	@ structured u8 payload; no safe higher-level semantic type was provable
	.byte 0x00, 0x08, 0x0C, 0x0C, 0x1C, 0x98, 0xB8, 0xF0, 0x02, 0x02, 0x07, 0x07, 0x03, 0x43, 0x71, 0x3F
	.byte 0xF0, 0xE0, 0xE0, 0xE0, 0x70, 0x30, 0x18, 0x00, 0x0F, 0x03, 0x00, 0x00, 0x00, 0x00, 0x00, 0x00
	.byte 0x10, 0x00, 0x08, 0x00, 0x3F, 0x00, 0x00, 0xF0, 0x01, 0xF0, 0x01, 0xF0, 0x01, 0xF0, 0x01, 0xF0
	.byte 0x01, 0xF0, 0x01, 0xFF, 0xF0, 0x01, 0xF0, 0x01, 0xF0, 0x01, 0xF0, 0x01, 0xF0, 0x01, 0xF0, 0x01
	.byte 0xF0, 0x01, 0xF0, 0x01, 0xF0, 0xF0, 0x01, 0xF0, 0x01, 0xF0, 0x01, 0x30, 0x01, 0x40, 0x34, 0x00
	.byte 0x00, 0x20, 0x14, 0x11, 0xF0, 0x17, 0x00, 0x00, 0x33, 0x33, 0x00, 0x0E, 0x00, 0x11, 0x11, 0x43
	.byte 0x00, 0x03, 0x00, 0x04, 0xF0, 0x1E, 0x44, 0x00, 0x00, 0x00, 0x34, 0x11, 0x00, 0x30, 0x11, 0x31
	.byte 0x15, 0x00, 0x24, 0x12, 0xE0, 0x3F, 0x04, 0x00, 0x03, 0x31, 0x00, 0x21, 0x16, 0x13, 0x11, 0x04
	.byte 0x00, 0x3F, 0x41, 0x60, 0x6C, 0x00, 0x03, 0xF4, 0x82, 0x00, 0x03, 0xF3, 0x00, 0x00, 0x30, 0xFF
	.byte 0x00, 0x3F, 0x1F, 0x01, 0x30, 0x33, 0x13, 0x1F, 0xE4, 0x11, 0x13, 0x60, 0x3F, 0x55, 0x0E, 0x40
	.byte 0x03, 0x03, 0x00, 0x03, 0xE1, 0x40, 0x03, 0x31, 0x10, 0x4C, 0xF4, 0xF0, 0x01, 0xF0, 0x01, 0xF0
	.byte 0x01, 0x80, 0xE6, 0x11, 0x10, 0xAB, 0x13, 0x00, 0x51, 0x14, 0x00, 0xB3, 0x44, 0x00, 0x0B, 0x14
	.byte 0x11, 0x11, 0x00, 0x12, 0x00, 0x41, 0x40, 0x12, 0x11, 0x14, 0xE0, 0x22, 0x22, 0x72, 0x13, 0x00
	.byte 0xE3, 0xA0, 0x01, 0xC0, 0x10, 0x21, 0x04, 0x00, 0xE3, 0x31, 0x01, 0x22, 0x22, 0x11, 0x11, 0x22
	.byte 0x22, 0x32, 0x00, 0x03, 0x10, 0x22, 0x11, 0x21, 0x20, 0x03, 0xE2, 0x11, 0x22, 0xE2, 0x04, 0xEE
	.byte 0x22, 0x22, 0x0E, 0xE0, 0x00, 0x4A, 0x44, 0x33, 0x00, 0x73, 0x47, 0xEF, 0x11, 0x57, 0xE5, 0xEE
	.byte 0x71, 0x00, 0x55, 0x75, 0x1E, 0x74, 0x55, 0x55, 0x4E, 0x7F, 0x00, 0x56, 0x55, 0xE7, 0xFF, 0x67
	.byte 0x55, 0x65, 0xAF, 0x01, 0xAA, 0x6A, 0x55, 0x41, 0x11, 0x21, 0x21, 0x00, 0x47, 0xC0, 0x00, 0x79
	.byte 0x10, 0x01, 0xE1, 0x1E, 0x1E, 0x11, 0xFE, 0xEE, 0x00, 0x3E, 0x16, 0xEE, 0xE4, 0x56, 0x65, 0xE4
	.byte 0x1E, 0x07, 0x55, 0x55, 0x45, 0x14, 0x12, 0x00, 0xE4, 0x00, 0x17, 0x00, 0x96, 0x2A, 0x21, 0x0E
	.byte 0x00, 0x6E, 0x03, 0x00, 0x68, 0xE2, 0x20, 0x03, 0x21, 0x2F, 0x22, 0x32, 0x00, 0x6A, 0x22, 0xF0
	.byte 0xD0, 0x70, 0x01, 0x11, 0x2F, 0xF0, 0x01, 0x81, 0xC0, 0x01, 0x2E, 0x42, 0x11, 0x00, 0xE0, 0x4E
	.byte 0x01, 0x67, 0x56, 0xE0, 0x10, 0x4B, 0x2E, 0x00, 0x03, 0xE0, 0x90, 0x1E, 0x00, 0xBF, 0xEE, 0x09
	.byte 0x11, 0x11, 0x0E, 0x00, 0x00, 0x82, 0x00, 0x22, 0x00, 0x50, 0x60, 0xEE, 0xC0, 0x3E, 0x00, 0xE3
	.byte 0x00, 0x2E, 0x22, 0x0E, 0xA0, 0x0A, 0x40, 0x22, 0xE2, 0xA0, 0x01, 0x2F, 0xAE, 0x00, 0x03, 0x22
	.byte 0x50, 0x30, 0x00, 0x03, 0x24, 0x20, 0x03, 0x11, 0x43, 0x8A, 0x88, 0x00, 0xA9, 0x5A, 0x88, 0xA8
	.byte 0x9A, 0x99, 0x88, 0x89, 0x00, 0x88, 0x98, 0x88, 0x88, 0x88, 0x99, 0x8A, 0x88, 0x00, 0x99, 0x99
	.byte 0xE2, 0x9E, 0x99, 0xE9, 0x32, 0xE4, 0x00, 0xEE, 0x6E, 0x14, 0x21, 0x32, 0xE3, 0x55, 0x55, 0x00
	.byte 0x65, 0x76, 0x55, 0x55, 0x66, 0x76, 0x6A, 0x76, 0x00, 0x67, 0x66, 0xA9, 0xF7, 0x6E, 0x66, 0x7E
	.byte 0xFF, 0x00, 0x6E, 0x46, 0xF7, 0x1F, 0x6E, 0xF4, 0x76, 0xE1, 0x06, 0x46, 0xFF, 0x67, 0x66, 0x14
	.byte 0x01, 0x5A, 0x30, 0x01, 0x27, 0x84, 0x00, 0x03, 0x2E, 0x22, 0x22, 0x42, 0x01, 0x54, 0xE2, 0x1F
	.byte 0x00, 0x24, 0x22, 0x0E, 0x33, 0x2E, 0xE2, 0x44, 0xFF, 0x1D, 0xE1, 0x2E, 0x24, 0x52, 0x17, 0xD0
	.byte 0xEB, 0x12, 0x1A, 0x42, 0xF0, 0xED, 0xFA, 0xF0, 0x01, 0xF0, 0x01, 0xF0, 0x01, 0x32, 0x9F, 0x50
	.byte 0x03, 0x30, 0x00, 0x03, 0x13, 0xAC, 0x50, 0x03, 0x23, 0x01, 0xB5, 0x12, 0xD2, 0x24, 0xA0, 0x01
	.byte 0x32, 0x33, 0xD2, 0x01, 0xAF, 0x00, 0x03, 0x21, 0x02, 0x24, 0x11, 0x42, 0xD0, 0x1D, 0x73, 0x00
	.byte 0xEE, 0x14, 0xF3, 0x33, 0x43, 0x11, 0xF3, 0x33, 0x14, 0x14, 0x11, 0xF1, 0x42, 0x04, 0x31, 0x90
	.byte 0x1F, 0xFF, 0xE1, 0x00, 0x42, 0x22, 0x3F, 0x23, 0x4E, 0x22, 0xF4, 0x3F, 0x01, 0x2E, 0x42, 0xF3
	.byte 0x1F, 0x2E, 0x22, 0xFF, 0x10, 0x03, 0x75, 0xE1, 0x02, 0x63, 0x10, 0x03, 0x01, 0x10, 0x12, 0x00
	.byte 0xE8, 0x44, 0x00, 0xFC, 0xEF, 0x11, 0x9B, 0x10, 0x03, 0x10, 0xF3, 0xE2, 0x80, 0x03, 0xF0, 0x01
	.byte 0xF0, 0x01, 0xF0, 0x01, 0xFF, 0xA0, 0x01, 0x50, 0xEB, 0x10, 0xF7, 0x51, 0x03, 0x82, 0x1F, 0xB0
	.byte 0x01, 0x11, 0x0B, 0x11, 0x13, 0x5F, 0x24, 0x00, 0x03, 0xE0, 0x21, 0x18, 0x10, 0xCE, 0x20, 0xD2
	.byte 0x13, 0x3A, 0x50, 0xDB, 0xF0, 0x12, 0xF3, 0x00, 0x1D, 0x22, 0xFB, 0x50, 0x01, 0xE1, 0x14, 0x11
	.byte 0xE1, 0x1E, 0x2E, 0x43, 0xEE, 0x00, 0xD4, 0x40, 0x01, 0x12, 0xDF, 0x00, 0xE6, 0x22, 0x54, 0x4E
	.byte 0x00, 0x03, 0x42, 0x10, 0x10, 0x23, 0x22, 0x04, 0x42, 0x22, 0x47, 0xE2, 0x00, 0x01, 0x22, 0xEE
	.byte 0x0E, 0x12, 0x7B, 0x11, 0xE7, 0xF2, 0x03, 0xFF, 0xF0, 0x01, 0xF0, 0x01, 0xF0, 0x01, 0xF0, 0x01
	.byte 0xF0, 0x01, 0xF3, 0x3F, 0x04, 0xE3, 0x02, 0xF4, 0x18, 0x00, 0x00, 0x4E, 0x13, 0x3F, 0xD3, 0x1E
	.byte 0x00, 0x11, 0x22, 0x37, 0x12, 0x12, 0x60, 0xD0, 0x00, 0x01, 0xEE, 0x00, 0xCC, 0x00, 0x26, 0x60
	.byte 0x27, 0xD2, 0x90, 0x1B, 0x00, 0x01, 0xE4, 0x04, 0x36, 0x00, 0xEE, 0x80, 0xC8, 0x22, 0xFF, 0x01
	.byte 0xC4, 0xF3, 0x77, 0xF0, 0x01, 0xF0, 0x01, 0xF0, 0x01, 0xF0, 0x01, 0xF0, 0x01, 0xF0, 0x01, 0xFF
	.byte 0xF0, 0x01, 0xF0, 0x01, 0xF0, 0x01, 0xF0, 0x01, 0xF0, 0x01, 0xF0, 0x01, 0xF0, 0x01, 0xF0, 0x01
	.byte 0xE0, 0xF0, 0x01, 0xF0, 0x01, 0x70, 0x01, 0x00

  .globl gMonPalette_Seel
gMonPalette_Seel:
  .incbin "build/graphics/pokemon/seel/normal_palette.gbapal.lz"
  .space 0x2, 0x00

  .globl gMonBackPic_Seel
gMonBackPic_Seel:
  .incbin "build/graphics/pokemon/seel/back.4bpp.lz"

  .globl gMonShinyPalette_Seel
gMonShinyPalette_Seel:
  .incbin "build/graphics/pokemon/seel/shiny_palette.gbapal.lz"
  .space 0x2, 0x00
	.globl gMonIcon_Seel
gMonIcon_Seel: @ 0x08C6ADCC [086]
  .incbin "build/graphics/pokemon/seel/icon.4bpp"
	@ analyzed canonical ROM range 0x08C6B1CC-0x08C6B5B3
sAnalyzedData_08C6B1CC: @ 0x08C6B1CC
	@ structured u8 payload; no safe higher-level semantic type was provable
	.byte 0x00, 0x00, 0x00, 0x00, 0x00, 0x00, 0x00, 0x00, 0x00, 0x00, 0x00, 0x00, 0x00, 0x00, 0x00, 0x00
	.byte 0x00, 0x00, 0x00, 0x00, 0x00, 0x00, 0x00, 0x00, 0x00, 0x00, 0x00, 0x00, 0x00, 0x00, 0x00, 0x00
	.byte 0x10, 0x00, 0x08, 0x00, 0x3F, 0x00, 0x00, 0xF0, 0x01, 0xF0, 0x01, 0xF0, 0x01, 0xF0, 0x01, 0xF0
	.byte 0x01, 0x00, 0x01, 0x6F, 0x30, 0xF0, 0x12, 0x70, 0x01, 0x04, 0xF0, 0x12, 0xF0, 0x01, 0xF0, 0x01
	.byte 0x80, 0x01, 0x7F, 0x40, 0xF0, 0x42, 0xF0, 0x01, 0xF0, 0x01, 0xF0, 0x01, 0xF0, 0x01, 0xF0, 0x01
	.byte 0x20, 0x70, 0x80, 0x00, 0x02, 0x13, 0x00, 0x00, 0x3E, 0xF1, 0x00, 0xD0, 0x03, 0x2F, 0xF1, 0x00
	.byte 0xE0, 0x1E, 0xF1, 0x00, 0x13, 0x00, 0x0F, 0x00, 0x30, 0x21, 0x00, 0x00, 0x14, 0x21, 0x44, 0x33
	.byte 0x00, 0x33, 0x21, 0xFF, 0x11, 0x11, 0x31, 0xFF, 0x1F, 0x35, 0x11, 0x11, 0x10, 0x03, 0x00, 0x02
	.byte 0x11, 0x10, 0xA0, 0x0E, 0x80, 0x03, 0xA9, 0x10, 0x0F, 0x41, 0x00, 0x03, 0x11, 0x00, 0x0C, 0x11
	.byte 0xE1, 0xF0, 0x60, 0x81, 0x70, 0x67, 0x30, 0x44, 0x00, 0x00, 0x23, 0x22, 0x00, 0x0A, 0x40, 0x3F
	.byte 0x00, 0x03, 0xFF, 0x00, 0x43, 0xF4, 0xFF, 0x30, 0x08, 0x11, 0x11, 0x44, 0x13, 0x00, 0x53, 0x44
	.byte 0x44, 0x33, 0x05, 0x11, 0x22, 0x22, 0x22, 0x32, 0x00, 0x03, 0x22, 0x00, 0x24, 0x10, 0x00, 0xFF
	.byte 0x43, 0x00, 0x03, 0x1F, 0x44, 0x00, 0xF4, 0x00, 0xFF, 0x41, 0x04, 0x31, 0x44, 0xFF, 0x41, 0x11
	.byte 0x10, 0x11, 0x43, 0x11, 0x00, 0x27, 0x44, 0x22, 0x13, 0x11, 0x6E, 0x31, 0xF0, 0x5A, 0x70, 0x83
	.byte 0x13, 0x10, 0x90, 0xF0, 0x01, 0xB0, 0x01, 0xE4, 0x11, 0x1E, 0x11, 0x30, 0x00, 0xCC, 0x14, 0x11
	.byte 0xEE, 0x00, 0x03, 0x00, 0x11, 0x11, 0x40, 0xEE, 0x13, 0x11, 0x40, 0xCF, 0x00, 0x43, 0x14, 0x40
	.byte 0xCF, 0x22, 0x42, 0x30, 0xEC, 0x00, 0x22, 0x22, 0x11, 0xD1, 0xEE, 0x11, 0x11, 0xFD, 0x00, 0xED
	.byte 0x1E, 0x11, 0xDD, 0xEE, 0x1E, 0x11, 0xE1, 0xC3, 0x00, 0x0B, 0x60, 0x01, 0x41, 0x11, 0x44, 0xEE
	.byte 0x00, 0x31, 0x00, 0x68, 0xD4, 0x11, 0x05, 0xB0, 0x03, 0x03, 0x00, 0x03, 0x41, 0x20, 0x03, 0x00
	.byte 0x30, 0x08, 0x22, 0x22, 0x00, 0x40, 0x40, 0x03, 0x00, 0x23, 0x42, 0x0F, 0x00, 0x00, 0x24, 0x34
	.byte 0x00, 0xEF, 0x00, 0x03, 0x30, 0x01, 0x10, 0xE3, 0x8B, 0x20, 0x01, 0x44, 0x44, 0x34, 0x10, 0x7F
	.byte 0x43, 0x10, 0x83, 0x10, 0x03, 0x01, 0x22, 0x22, 0x12, 0x23, 0x22, 0x12, 0xFF, 0x00, 0x81, 0xA2
	.byte 0x00, 0x03, 0x22, 0x11, 0x0F, 0x12, 0x43, 0x34, 0x00, 0x08, 0x11, 0x2A, 0x41, 0x23, 0x00, 0x1E
	.byte 0x31, 0x10, 0x81, 0xFF, 0x01, 0x8C, 0x11, 0x60, 0xE4, 0x01, 0x1B, 0x00, 0x66, 0xF1, 0x1F, 0x0E
	.byte 0x00, 0x11, 0x00, 0x1F, 0x04, 0x00, 0x12, 0xFF, 0xE1, 0x00, 0x22, 0x01, 0xF1, 0xEF, 0x00, 0x11
	.byte 0x13, 0x4F, 0x00, 0x00, 0xA2, 0xD6, 0xF1, 0x01, 0xD0, 0x01, 0x4E, 0x10, 0x97, 0x24, 0x11, 0x87
	.byte 0x00, 0x03, 0x30, 0x80, 0x00, 0x03, 0x00, 0x24, 0x00, 0x33, 0x00, 0x23, 0x00, 0x00, 0x13, 0x44
	.byte 0x40, 0x00, 0x40, 0x11, 0xE4, 0x41, 0x00, 0xCF, 0x13, 0x11, 0x41, 0xEF, 0x11, 0x11, 0xE1, 0x57
	.byte 0x1E, 0x30, 0xF5, 0x12, 0x40, 0x03, 0x22, 0x00, 0x04, 0x10, 0x03, 0x50, 0xE7, 0xCB, 0x00, 0x92
	.byte 0x00, 0x03, 0x11, 0x04, 0x00, 0x03, 0x03, 0x21, 0x1C, 0x40, 0xA3, 0xD0, 0xF3, 0x23, 0x70, 0x01
	.byte 0x03, 0x10, 0xFF, 0x12, 0xFF, 0xFF, 0x13, 0x16, 0x11, 0x44, 0x11, 0x01, 0x11, 0x14, 0x00, 0x83
	.byte 0x01, 0xEE, 0x44, 0xA0, 0x10, 0x8F, 0x32, 0x52, 0xFB, 0x11, 0x31, 0x23, 0x42, 0x31, 0x00, 0x24
	.byte 0x42, 0x04, 0x44, 0x22, 0x04, 0x00, 0x22, 0xC4, 0x01, 0x3D, 0x10, 0x03, 0x23, 0x42, 0x04, 0x63
	.byte 0x19, 0x44, 0x31, 0x00, 0xF1, 0x0E, 0x00, 0x34, 0x14, 0x0E, 0x00, 0x40, 0x56, 0x14, 0x00, 0x11
	.byte 0x14, 0x01, 0x09, 0x14, 0x02, 0x75, 0x40, 0x03, 0x40, 0x40, 0x12, 0xE2, 0x81, 0x33, 0x33, 0x03
	.byte 0x00, 0xF3, 0xFF, 0x00, 0x3F, 0x44, 0x30, 0x11, 0xF1, 0xFF, 0x00, 0x13, 0x2A, 0x11, 0xFF, 0x00
	.byte 0xE3, 0xE1, 0x02, 0x86, 0x22, 0x01, 0xA6, 0x11, 0x01, 0x40, 0xE2, 0x1E, 0x11, 0x00, 0x3E, 0xE3
	.byte 0x00, 0x43, 0x02, 0xE0, 0x41, 0x43, 0x04, 0x14, 0x41, 0x00, 0x26, 0x44, 0xAB, 0x10, 0xE3, 0x24
	.byte 0x00, 0x03, 0x2E, 0x01, 0x79, 0x24, 0x00, 0x03, 0x11, 0x81, 0xBF, 0x30, 0x03, 0x12, 0x11, 0x93
	.byte 0x52, 0x0C, 0x01, 0x89, 0x21, 0x8D, 0xA0, 0x01, 0x11, 0x1E, 0x60, 0x3F, 0x00, 0x95, 0x00, 0x47
	.byte 0x00, 0xFF, 0xFF, 0xFF, 0x43, 0x74, 0xFF, 0x13, 0x34, 0xC0, 0x01, 0x90, 0x9B, 0x43, 0x00, 0x2B
	.byte 0x11, 0x31, 0xBC, 0x12, 0x3F, 0x41, 0x11, 0x47, 0x11, 0x43, 0xA0, 0x1F, 0x80, 0x01, 0x44, 0x04
	.byte 0x9A, 0x01, 0x27, 0x41, 0x44, 0x12, 0x57, 0x00, 0xBF, 0x14, 0x20, 0x03, 0xE2, 0x90, 0x02, 0x37
	.byte 0xE2, 0x24, 0x01, 0x83, 0x22, 0x21, 0x11, 0x0E, 0x03, 0x12, 0x12, 0x22, 0x0E, 0x22, 0x21, 0x11
	.byte 0x0E, 0x00, 0x43, 0xD5, 0x00, 0x18, 0x01, 0x0B, 0x11, 0x01, 0xE6, 0x33, 0x00, 0x03, 0x22, 0x60
	.byte 0x03, 0x48, 0xE0, 0x12, 0x5D, 0xFF, 0x44, 0x70, 0x8D, 0x31, 0x13, 0x32, 0x44, 0x33, 0x01, 0x0C
	.byte 0x22, 0x22, 0x42, 0x12, 0x91, 0x22, 0x42, 0x49, 0x44, 0x03, 0x64, 0x12, 0x22, 0x10, 0x04, 0x11
	.byte 0x21, 0x00, 0x2B, 0x42, 0x14, 0x00, 0x18, 0x11, 0x42, 0x22, 0x14, 0x00, 0x03, 0x11, 0x68, 0x21
	.byte 0x10, 0x03, 0x01, 0x11, 0x21, 0x12, 0x07, 0x21, 0x11, 0x22, 0x7E, 0x21, 0x00, 0x71, 0x00, 0x78
	.byte 0x01, 0x17, 0x62, 0xD2, 0x10, 0x01, 0xD1, 0x0F, 0x11, 0xFD, 0x10, 0x48, 0xB0, 0x1F, 0x12, 0x27
	.byte 0x10, 0x45, 0xA0, 0x17, 0x50, 0x01, 0x33, 0xF0, 0x12, 0xD6, 0x90, 0x1D, 0x03, 0x22, 0xE2, 0x03
	.byte 0x43, 0xE3, 0x00, 0x03, 0x02, 0x1F, 0x32, 0x45, 0x0E, 0x32, 0x23, 0xE3, 0x00, 0x00, 0x00, 0x0A
	.byte 0x00, 0x00, 0x06, 0xFC, 0x13, 0xE0, 0x12, 0xD3, 0x03, 0x25, 0xF0, 0x01, 0x23, 0x7F, 0x01, 0x1F
	.byte 0xE2, 0xE3, 0x02, 0x11, 0x31, 0xEE, 0x33, 0x1E, 0x33, 0x22, 0x7B, 0x40, 0x00, 0x43, 0x24, 0x00
	.byte 0xE0, 0xE4, 0x44, 0x00, 0xE0, 0x20, 0x0E, 0xE0, 0x10, 0x1F, 0x31, 0x22, 0x2E, 0x22, 0x23, 0xD0
	.byte 0x00, 0x03, 0x21, 0x11, 0xE2, 0x00, 0x03, 0x24, 0x2E, 0x22, 0xE2, 0x1F, 0x2E, 0xE2, 0x24, 0x00
	.byte 0x5E, 0x20, 0x1F, 0xF0, 0x93, 0x30, 0x01, 0x03, 0x56, 0x1C, 0x22, 0x00, 0xEE, 0x01, 0x64, 0xF0
	.byte 0x01, 0x70, 0xDA, 0x32, 0x33, 0xDC, 0x90, 0xDE, 0x04, 0xEF, 0x32, 0x20, 0x13, 0x00, 0x02, 0x10
	.byte 0x01, 0xE4, 0x33, 0x0A, 0x43, 0xEE, 0x00, 0x22, 0x30, 0x0B, 0xE3, 0x00, 0x03, 0x0E, 0x83, 0x00
	.byte 0x06, 0x00, 0x33, 0x43, 0x0E, 0x00, 0x00, 0x02, 0x25, 0x6B, 0xFF, 0x10, 0x01, 0xF3, 0xE0, 0xF0
	.byte 0x01, 0xF0, 0x01, 0xF0, 0x01, 0xF0, 0x01, 0xF0, 0x01, 0xF0, 0x01, 0xF1, 0x25, 0xCA, 0x15, 0xA2
	.byte 0xF0, 0x01, 0x55, 0x5E, 0xEE, 0xEE, 0xEE, 0xF0, 0x15, 0xFE, 0xA2, 0xC8, 0xF0, 0x14, 0xF0, 0x01
	.byte 0xF0, 0x01, 0xF0, 0x01, 0xF0, 0x01, 0x00, 0x01

  .globl gMonPalette_Dewgong
gMonPalette_Dewgong:
  .incbin "build/graphics/pokemon/dewgong/normal_palette.gbapal.lz"
  .space 0x3, 0x00
  .globl gMonBackPic_Dewgong
gMonBackPic_Dewgong:
  .incbin "build/graphics/pokemon/dewgong/back.4bpp.lz"

  .globl gMonShinyPalette_Dewgong
gMonShinyPalette_Dewgong:
  .incbin "build/graphics/pokemon/dewgong/shiny_palette.gbapal.lz"
  .space 0x3, 0x00
	.globl gMonIcon_Dewgong
gMonIcon_Dewgong: @ 0x08C6B888 [087]
  .incbin "build/graphics/pokemon/dewgong/icon.4bpp"
	@ analyzed canonical ROM range 0x08C6BC88-0x08C6BFC3
sAnalyzedData_08C6BC88: @ 0x08C6BC88
	@ structured u8 payload; no safe higher-level semantic type was provable
	.byte 0x00, 0x00, 0x00, 0x00, 0x00, 0x00, 0x00, 0x00, 0x00, 0x00, 0x00, 0x00, 0x00, 0x00, 0x00, 0x00
	.byte 0x00, 0x00, 0x00, 0x00, 0x00, 0x00, 0x00, 0x00, 0x00, 0x00, 0x00, 0x00, 0x00, 0x00, 0x00, 0x00
	.byte 0x10, 0x00, 0x08, 0x00, 0x3F, 0x00, 0x00, 0xF0, 0x01, 0xF0, 0x01, 0xF0, 0x01, 0xF0, 0x01, 0xF0
	.byte 0x01, 0xF0, 0x01, 0xFF, 0xF0, 0x01, 0xF0, 0x01, 0xF0, 0x01, 0xF0, 0x01, 0xF0, 0x01, 0xF0, 0x01
	.byte 0xF0, 0x01, 0xF0, 0x01, 0xF8, 0xF0, 0x01, 0xF0, 0x01, 0xF0, 0x01, 0xF0, 0x01, 0x80, 0x01, 0x70
	.byte 0x88, 0x00, 0x00, 0x00, 0x97, 0x69, 0x88, 0x70, 0x95, 0x66, 0x77, 0x1D, 0x80, 0x66, 0x76, 0x00
	.byte 0x0C, 0xF0, 0x01, 0x10, 0x01, 0x0E, 0x00, 0x03, 0x7F, 0xE7, 0xF0, 0x16, 0xF0, 0x01, 0xF0, 0x01
	.byte 0xF0, 0x01, 0xF0, 0x01, 0xF0, 0x01, 0xF0, 0x01, 0xF0, 0xF0, 0x01, 0xF0, 0x01, 0xF0, 0x01, 0xD0
	.byte 0x01, 0x88, 0x87, 0x66, 0x70, 0x00, 0x55, 0x68, 0x59, 0x70, 0x65, 0x6E, 0x65, 0x00, 0x00, 0x67
	.byte 0xE6, 0x6E, 0x00, 0x70, 0x66, 0x75, 0x00, 0x01, 0x80, 0x66, 0x56, 0x00, 0x00, 0x68, 0x66, 0x10
	.byte 0x03, 0x52, 0x77, 0x00, 0xE8, 0x76, 0x00, 0x03, 0x56, 0xE6, 0x20, 0x03, 0x34, 0x00, 0x55, 0x66
	.byte 0x48, 0xFF, 0x65, 0x87, 0x18, 0x4F, 0x00, 0x66, 0x58, 0x17, 0xFF, 0x86, 0x65, 0x76, 0x77, 0x80
	.byte 0x20, 0x43, 0x87, 0x88, 0x78, 0x88, 0x66, 0x66, 0x66, 0x00, 0x61, 0x95, 0x66, 0x66, 0x6F, 0x96
	.byte 0x65, 0x66, 0x00, 0x6F, 0x56, 0x55, 0x66, 0x67, 0x66, 0x66, 0xFF, 0x0A, 0x66, 0x66, 0xF7, 0xFF
	.byte 0x50, 0x66, 0x87, 0x00, 0x03, 0x66, 0x80, 0x00, 0x04, 0x66, 0x66, 0x08, 0x00, 0x56, 0x55, 0xE5
	.byte 0x00, 0x00, 0x6F, 0x55, 0x55, 0x0E, 0xFF, 0x56, 0x55, 0x7F, 0x08, 0xF0, 0x90, 0xF0, 0x01, 0xF0
	.byte 0x01, 0xF0, 0x01, 0xF0, 0x01, 0xF0, 0x01, 0xF0, 0x01, 0x80, 0x10, 0x01, 0x57, 0x66, 0x00, 0x70
	.byte 0x65, 0x66, 0x00, 0x41, 0x80, 0x20, 0x03, 0x65, 0x00, 0x70, 0x55, 0x65, 0x00, 0x13, 0x50, 0x76
	.byte 0x00, 0xFB, 0x76, 0x01, 0x0B, 0x88, 0x86, 0x66, 0x66, 0x00, 0x77, 0x86, 0x66, 0x99, 0x76, 0xE7
	.byte 0x78, 0x59, 0x00, 0x66, 0xE7, 0x87, 0x56, 0x55, 0xE7, 0x76, 0x6E, 0x00, 0x66, 0x87, 0x76, 0xEE
	.byte 0x7E, 0x68, 0x76, 0xEE, 0x00, 0xEE, 0x67, 0xE6, 0xEE, 0xEE, 0x66, 0x76, 0xF7, 0x00, 0x4F, 0x77
	.byte 0x77, 0x17, 0xFF, 0x77, 0x77, 0x77, 0x58, 0xF1, 0x00, 0x2A, 0x77, 0x01, 0x06, 0x10, 0xFB, 0x66
	.byte 0xEE, 0xEE, 0x40, 0x77, 0x00, 0x03, 0xEE, 0x88, 0xFF, 0x57, 0x65, 0xE6, 0x00, 0x1F, 0x67, 0x66
	.byte 0xE6, 0x71, 0x66, 0x66, 0x87, 0x06, 0x77, 0x67, 0x76, 0x77, 0x76, 0x00, 0x28, 0x00, 0x26, 0x77
	.byte 0x43, 0x68, 0x00, 0x2C, 0x67, 0x66, 0x65, 0x86, 0x90, 0x89, 0x11, 0x0C, 0xFF, 0x12, 0x57, 0x50
	.byte 0x03, 0xF0, 0x01, 0xF0, 0x01, 0xF0, 0x01, 0xF0, 0x01, 0xF0, 0x01, 0x80, 0x01, 0x02, 0x80, 0x86
	.byte 0x77, 0x00, 0x80, 0x78, 0x00, 0x03, 0x65, 0x00, 0x67, 0x00, 0x98, 0x76, 0x67, 0x70, 0x59, 0x76
	.byte 0x00, 0x67, 0x80, 0x69, 0x76, 0x77, 0x78, 0x67, 0x66, 0x14, 0x77, 0x78, 0x78, 0x00, 0xA3, 0xE7
	.byte 0x00, 0xE3, 0xEE, 0xEE, 0x00, 0x44, 0x65, 0xEE, 0x4E, 0x23, 0x65, 0xEE, 0x24, 0x00, 0x22, 0x55
	.byte 0xEE, 0x22, 0x22, 0x56, 0xE8, 0x22, 0x00, 0x22, 0x67, 0x86, 0x33, 0x22, 0x77, 0x67, 0x88, 0x40
	.byte 0x33, 0x00, 0xE3, 0x8E, 0x44, 0x44, 0xEE, 0x8E, 0x22, 0x00, 0x32, 0x44, 0x7E, 0x22, 0x22, 0x83
	.byte 0x77, 0x22, 0x40, 0x32, 0x20, 0x03, 0x76, 0x22, 0x33, 0x68, 0x76, 0x33, 0x00, 0x33, 0x68, 0x77
	.byte 0x67, 0x56, 0x65, 0x86, 0x77, 0x10, 0x56, 0x66, 0x86, 0x00, 0xF5, 0x76, 0x87, 0x87, 0x68, 0x0A
	.byte 0x76, 0x87, 0x66, 0x68, 0x01, 0x46, 0x78, 0x00, 0x03, 0x86, 0x1F, 0x6E, 0x6E, 0x56, 0x01, 0x73
	.byte 0x80, 0xFB, 0xD0, 0x03, 0xA1, 0x1C, 0xF0, 0x01, 0xF5, 0xF0, 0x01, 0xF0, 0x01, 0x63, 0xD5, 0x00
	.byte 0x03, 0x67, 0x00, 0xEC, 0x59, 0x03, 0xDC, 0x90, 0x00, 0x03, 0x58, 0x55, 0x32, 0xDF, 0x80, 0x77
	.byte 0x68, 0x86, 0x02, 0x57, 0x76, 0x66, 0x66, 0x98, 0x65, 0x00, 0x03, 0x59, 0x82, 0x01, 0xB9, 0x55
	.byte 0x65, 0x66, 0x76, 0x66, 0x00, 0x0C, 0xE8, 0x58, 0x76, 0x01, 0xC4, 0x77, 0x01, 0xA1, 0x00, 0xB7
	.byte 0x88, 0x66, 0x76, 0x1C, 0x77, 0x66, 0x55, 0x01, 0x0A, 0x02, 0xEE, 0x20, 0x15, 0x6E, 0x77, 0x04
	.byte 0x87, 0xEE, 0x87, 0xEE, 0x77, 0x21, 0xCB, 0x88, 0x88, 0x75, 0x66, 0x01, 0xF3, 0x00, 0x20, 0x00
	.byte 0x03, 0x65, 0x01, 0xE0, 0x55, 0x00, 0x08, 0x01, 0x56, 0x55, 0x65, 0xE8, 0x68, 0x55, 0xE6, 0x00
	.byte 0x1C, 0x00, 0x78, 0x77, 0x6E, 0x68, 0x65, 0x66, 0x6E, 0x68, 0x01, 0x55, 0x56, 0x6E, 0x77, 0x56
	.byte 0x65, 0x6E, 0x00, 0x25, 0x00, 0x87, 0x87, 0x67, 0x66, 0xEE, 0x67, 0x68, 0x86, 0x05, 0xE7, 0x67
	.byte 0x86, 0x68, 0xE7, 0x00, 0x4D, 0xE5, 0x00, 0x98, 0xB6, 0x10, 0x03, 0x66, 0x01, 0xF0, 0x10, 0x03
	.byte 0x67, 0x00, 0xF8, 0x23, 0x27, 0x77, 0x0F, 0x08, 0x00, 0x76, 0x77, 0xF4, 0x61, 0xF0, 0x01, 0xF0
	.byte 0x01, 0xC0, 0x01, 0x60, 0xE8, 0xF0, 0x12, 0x70, 0x01, 0xEE, 0x7E, 0x77, 0x77, 0x00, 0x44, 0xE0
	.byte 0x01, 0xFF, 0x00, 0x80, 0xEE, 0xF0, 0x1D, 0x00, 0x00, 0x81, 0x00, 0xE2, 0x77, 0x77, 0xE7, 0xEE
	.byte 0x88, 0xEE, 0xF2, 0x90, 0xA0, 0x40, 0x1F, 0x67, 0x22, 0xEF, 0x78, 0x77, 0x77, 0x87, 0x00, 0x99
	.byte 0xF0, 0x25, 0x00, 0xE7, 0x11, 0xF7, 0x00, 0x1C, 0x0E, 0xEE, 0xF0, 0x63, 0x8B, 0x30, 0x3F, 0xE7
	.byte 0x00, 0x87, 0x04, 0x64, 0x7E, 0xF0, 0x7D, 0xF0, 0x01, 0xFF, 0xF0, 0x01, 0xF0, 0x01, 0xF0, 0x01
	.byte 0xF0, 0x01, 0xF0, 0x01, 0xF0, 0x01, 0xF0, 0x01, 0xF0, 0x01, 0xFF, 0xF0, 0x01, 0xF0, 0x01, 0xF0
	.byte 0x01, 0xF0, 0x01, 0xF0, 0x01, 0xF0, 0x01, 0xF0, 0x01, 0x20, 0x01, 0x00

  .globl gMonPalette_Grimer
gMonPalette_Grimer:
  .incbin "build/graphics/pokemon/grimer/normal_palette.gbapal.lz"

  .globl gMonBackPic_Grimer
gMonBackPic_Grimer:
  .incbin "build/graphics/pokemon/grimer/back.4bpp.lz"

  .globl gMonShinyPalette_Grimer
gMonShinyPalette_Grimer:
  .incbin "build/graphics/pokemon/grimer/shiny_palette.gbapal.lz"

	.globl gMonIcon_Grimer
gMonIcon_Grimer: @ 0x08C6C2F0 [088]
  .incbin "build/graphics/pokemon/grimer/icon.4bpp"
	@ analyzed canonical ROM range 0x08C6C6F0-0x08C6CB5B
sAnalyzedData_08C6C6F0: @ 0x08C6C6F0
	@ structured u8 payload; no safe higher-level semantic type was provable
	.byte 0x00, 0x00, 0x00, 0x00, 0x00, 0x00, 0x00, 0x00, 0x00, 0x00, 0x00, 0x00, 0x00, 0x00, 0x00, 0x00
	.byte 0x00, 0x00, 0x00, 0x00, 0x00, 0x00, 0x00, 0x00, 0x00, 0x00, 0x00, 0x00, 0x00, 0x00, 0x00, 0x00
	.byte 0x10, 0x00, 0x08, 0x00, 0x3F, 0x00, 0x00, 0xF0, 0x01, 0xF0, 0x01, 0xF0, 0x01, 0xF0, 0x01, 0xF0
	.byte 0x01, 0xF0, 0x01, 0xB0, 0xE0, 0x01, 0x55, 0xF0, 0x12, 0x30, 0x01, 0x40, 0x55, 0x55, 0x04, 0x0C
	.byte 0x24, 0x22, 0x22, 0x42, 0xF0, 0x19, 0x80, 0x3C, 0x55, 0x04, 0xFF, 0xF0, 0x14, 0xF0, 0x01, 0xF0
	.byte 0x01, 0xF0, 0x01, 0xF0, 0x01, 0xF0, 0x01, 0xF0, 0x01, 0xC0, 0xB1, 0x00, 0x00, 0x40, 0x24, 0x22
	.byte 0x00, 0x24, 0x22, 0x32, 0x00, 0x00, 0x35, 0x22, 0x22, 0x00, 0x35, 0x33, 0x33, 0x08, 0x00, 0x50
	.byte 0x34, 0x33, 0x00, 0x16, 0x14, 0x50, 0x24, 0x00, 0x25, 0x11, 0x35, 0x53, 0x22, 0x12, 0x33, 0x55
	.byte 0x02, 0x33, 0x22, 0x33, 0x35, 0x33, 0x23, 0x00, 0x03, 0x33, 0x00, 0x53, 0x23, 0x22, 0x32, 0x53
	.byte 0x22, 0x22, 0x32, 0x00, 0x21, 0x22, 0x22, 0x22, 0x11, 0x11, 0x11, 0x21, 0xB8, 0x00, 0x02, 0x22
	.byte 0x00, 0x02, 0x00, 0x11, 0x00, 0x23, 0x33, 0x44, 0x33, 0x00, 0x33, 0x43, 0x4E, 0x24, 0x33, 0xE4
	.byte 0x44, 0x34, 0x00, 0x22, 0x32, 0x43, 0x0E, 0x22, 0x22, 0x33, 0xE4, 0x00, 0x22, 0x35, 0x33, 0x44
	.byte 0x22, 0x52, 0x33, 0x43, 0x00, 0x22, 0x22, 0x35, 0x43, 0x22, 0x32, 0x35, 0x43, 0x00, 0x23, 0x23
	.byte 0x53, 0x43, 0x32, 0x32, 0x53, 0x43, 0xAA, 0x50, 0x7D, 0x0E, 0x00, 0x03, 0xE4, 0x00, 0x03, 0x54
	.byte 0x00, 0x03, 0x45, 0xAF, 0x00, 0x0C, 0x4E, 0x10, 0x03, 0x05, 0xF0, 0xA5, 0xF0, 0x01, 0xF0, 0x01
	.byte 0xF0, 0x01, 0xF5, 0xF0, 0x01, 0xA0, 0xF7, 0x00, 0x04, 0x00, 0x03, 0x50, 0x40, 0x03, 0xE0, 0x30
	.byte 0x17, 0x29, 0x50, 0x45, 0x11, 0x0F, 0x15, 0x00, 0xD3, 0x12, 0x11, 0x00, 0xD7, 0x80, 0x20, 0xD9
	.byte 0x22, 0x33, 0x34, 0x33, 0x33, 0x33, 0xEE, 0x00, 0x44, 0x44, 0xE4, 0x22, 0xE5, 0xEE, 0x3E, 0x32
	.byte 0x80, 0x00, 0x0B, 0x33, 0xE4, 0x45, 0x44, 0x43, 0x0E, 0x50, 0x06, 0x44, 0x53, 0x00, 0x50, 0x44
	.byte 0x00, 0xBF, 0x10, 0xBA, 0xE0, 0xC0, 0x11, 0xD7, 0x01, 0x21, 0x05, 0x33, 0x44, 0x44, 0x54, 0x33
	.byte 0x01, 0x33, 0xE3, 0x44, 0x34, 0x33, 0xE4, 0xE4, 0x00, 0x32, 0x80, 0x10, 0x03, 0x4E, 0x44, 0x44
	.byte 0x3E, 0x44, 0xE5, 0xEE, 0x63, 0x33, 0x11, 0x42, 0x01, 0x4E, 0x55, 0x33, 0x4E, 0x00, 0x34, 0x10
	.byte 0x38, 0x40, 0x44, 0x00, 0xF8, 0x44, 0x45, 0x05, 0x00, 0x44, 0x35, 0x04, 0x05, 0x00, 0x54, 0x35
	.byte 0x53, 0x00, 0x3F, 0x43, 0x00, 0x1F, 0x33, 0x35, 0x43, 0xF1, 0x01, 0xF0, 0x01, 0xF0, 0x01, 0xF0
	.byte 0x01, 0x10, 0xDF, 0x40, 0x34, 0x00, 0xD3, 0x22, 0x00, 0x00, 0x35, 0x12, 0x00, 0x00, 0x80, 0xE1
	.byte 0x22, 0x00, 0x80, 0x11, 0x33, 0x00, 0x00, 0x54, 0xE1, 0x35, 0x40, 0x24, 0x32, 0x33, 0x24, 0xED
	.byte 0x01, 0xB1, 0x10, 0xE2, 0x00, 0x03, 0x33, 0x00, 0xEE, 0x10, 0xE6, 0x33, 0x00, 0xED, 0x5B, 0x43
	.byte 0x00, 0xA2, 0x44, 0x00, 0xC3, 0x11, 0xCC, 0x44, 0x20, 0xEB, 0x00, 0x0C, 0x00, 0x33, 0x44, 0xEE
	.byte 0xEE, 0x45, 0xEE, 0x11, 0x11, 0x00, 0x55, 0x11, 0x1E, 0x11, 0x44, 0x54, 0x55, 0x44, 0xEA, 0x00
	.byte 0xDC, 0x00, 0x02, 0x20, 0x2B, 0x43, 0x10, 0x28, 0x55, 0x10, 0x31, 0x45, 0xE2, 0x20, 0x34, 0x00
	.byte 0x02, 0x00, 0x13, 0x45, 0x44, 0xE5, 0x10, 0x0F, 0x54, 0x89, 0x21, 0x0C, 0x44, 0x34, 0x54, 0x00
	.byte 0x29, 0x44, 0x45, 0x00, 0x10, 0x10, 0x45, 0x54, 0xEE, 0x10, 0x17, 0xEE, 0x54, 0x44, 0x0E, 0x00
	.byte 0x44, 0x43, 0x45, 0x0E, 0x34, 0x43, 0x54, 0x0E, 0x11, 0x33, 0x33, 0x54, 0x00, 0xFB, 0x43, 0x05
	.byte 0x4E, 0x01, 0x51, 0x4F, 0x44, 0x10, 0x03, 0x34, 0x33, 0xF0, 0xFF, 0xF0, 0x01, 0xF0, 0x01, 0x90
	.byte 0xF8, 0x18, 0x22, 0x55, 0x34, 0x03, 0x87, 0x10, 0x03, 0x42, 0x40, 0x34, 0x10, 0x23, 0x22, 0x00
	.byte 0x00, 0xA0, 0x00, 0x30, 0x55, 0x44, 0xCF, 0x01, 0x07, 0x01, 0xF7, 0x35, 0xE5, 0x30, 0xD3, 0x00
	.byte 0xAF, 0x20, 0x06, 0x40, 0xE4, 0x86, 0x00, 0xD8, 0x55, 0x55, 0xEE, 0xEE, 0x10, 0x01, 0x20, 0xDE
	.byte 0x43, 0xA6, 0x00, 0xE1, 0x44, 0x00, 0xCB, 0x34, 0x32, 0x00, 0x18, 0x01, 0xF9, 0xEE, 0x49, 0x25
	.byte 0x40, 0x03, 0x35, 0xE5, 0x10, 0x1A, 0xE4, 0x4E, 0x02, 0x13, 0x2A, 0x4E, 0x34, 0x50, 0x03, 0x53
	.byte 0x30, 0x03, 0x44, 0x00, 0x0B, 0x44, 0x3D, 0x33, 0x53, 0x00, 0x4D, 0x10, 0x03, 0x01, 0x29, 0x00
	.byte 0x03, 0x54, 0x00, 0x01, 0x34, 0x44, 0x55, 0x00, 0x03, 0x21, 0x23, 0x34, 0x10, 0x07, 0x23, 0x32
	.byte 0x08, 0x53, 0x34, 0x23, 0x33, 0x02, 0x57, 0x53, 0x33, 0x44, 0x00, 0x43, 0x35, 0x53, 0x44, 0x54
	.byte 0x35, 0x33, 0xE5, 0xD7, 0x00, 0x4F, 0x03, 0x39, 0x33, 0x03, 0x69, 0x33, 0x50, 0xC7, 0x11, 0x08
	.byte 0x13, 0x23, 0xF3, 0x90, 0x03, 0xF1, 0x1C, 0xA0, 0x01, 0x00, 0xE3, 0x34, 0x23, 0x10, 0xE3, 0x20
	.byte 0x03, 0x00, 0x44, 0x35, 0xE5, 0x40, 0x11, 0x35, 0xE5, 0x15, 0x00, 0x23, 0x55, 0xEE, 0x14, 0x33
	.byte 0xE5, 0xEE, 0x22, 0x0D, 0x52, 0xEE, 0xEE, 0x42, 0x00, 0x03, 0x40, 0x01, 0x99, 0x00, 0x02, 0x00
	.byte 0x77, 0xEE, 0x9E, 0x77, 0x77, 0xEE, 0x79, 0x77, 0x50, 0x77, 0x00, 0x06, 0x77, 0x00, 0x06, 0x77
	.byte 0x89, 0x78, 0x77, 0x00, 0x77, 0x99, 0x99, 0x35, 0x95, 0x88, 0x88, 0x35, 0x04, 0x85, 0x77, 0x77
	.byte 0x25, 0x53, 0x70, 0x03, 0x35, 0x43, 0x00, 0x77, 0x57, 0x35, 0x43, 0x88, 0x58, 0x32, 0x43, 0x04
	.byte 0x99, 0x49, 0x44, 0x33, 0x88, 0x10, 0x03, 0x98, 0x44, 0x2A, 0x33, 0x87, 0x40, 0x03, 0x85, 0x30
	.byte 0x03, 0x35, 0x00, 0xEF, 0x34, 0xE1, 0x11, 0x3F, 0x01, 0xF2, 0x00, 0xCC, 0x35, 0x22, 0x43, 0x33
	.byte 0x03, 0x0E, 0xD6, 0x00, 0xFF, 0x22, 0x53, 0x43, 0x31, 0x77, 0x23, 0x12, 0x6B, 0x04, 0x55, 0x32
	.byte 0x23, 0x45, 0x33, 0x00, 0xFC, 0x34, 0x55, 0x45, 0x01, 0x00, 0x00, 0x22, 0x7E, 0x23, 0x10, 0x1A
	.byte 0x10, 0x03, 0x14, 0x0F, 0x14, 0x17, 0x50, 0x03, 0x00, 0xCC, 0x00, 0x68, 0xE2, 0x10, 0x03, 0x00
	.byte 0xFC, 0x54, 0x10, 0x08, 0x40, 0x33, 0x23, 0x00, 0x00, 0x14, 0x21, 0x43, 0x40, 0x12, 0x21, 0x52
	.byte 0x04, 0x50, 0x23, 0x52, 0x45, 0x50, 0x01, 0x71, 0x00, 0x55, 0x50, 0x35, 0x04, 0x57, 0x35, 0x01
	.byte 0x3B, 0x5E, 0x34, 0x24, 0x35, 0x00, 0xE5, 0x9E, 0x22, 0x34, 0x53, 0x9E, 0x22, 0x44, 0x29, 0x23
	.byte 0x55, 0x00, 0x88, 0x23, 0x10, 0x8F, 0x44, 0x23, 0x02, 0xAA, 0x00, 0x23, 0x12, 0x42, 0x33, 0x33
	.byte 0x12, 0x21, 0x88, 0x08, 0x88, 0x88, 0x88, 0x58, 0x01, 0xED, 0x25, 0x11, 0x22, 0x74, 0x32, 0x13
	.byte 0xE2, 0x21, 0xFE, 0x40, 0x01, 0x42, 0x00, 0xA2, 0x58, 0x25, 0x73, 0x32, 0x00, 0xB9, 0x11, 0x89
	.byte 0x00, 0xA9, 0x53, 0x35, 0x11, 0xA7, 0x11, 0xCA, 0xC7, 0x32, 0x30, 0x00, 0x2D, 0x32, 0x55, 0x35
	.byte 0x10, 0xDC, 0x12, 0xFF, 0x00, 0x19, 0xEF, 0x00, 0x48, 0x70, 0x3E, 0x20, 0xE3, 0x43, 0x23, 0x24
	.byte 0x30, 0xEB, 0x10, 0x0F, 0x00, 0xE0, 0xDF, 0x02, 0x5E, 0x04, 0x41, 0x44, 0x03, 0x17, 0x40, 0x27
	.byte 0x20, 0x12, 0x10, 0x08, 0x23, 0x3C, 0x70, 0x55, 0x00, 0xFF, 0x30, 0x0E, 0x13, 0x36, 0x54, 0x22
	.byte 0x0E, 0x00, 0x14, 0x25, 0x22, 0xE2, 0x04, 0x0F, 0x52, 0x00, 0x03, 0x54, 0x05, 0xC0, 0x00, 0x4F
	.byte 0x03, 0x1B, 0xE5, 0x00, 0x45, 0xE5, 0x0E, 0x00, 0x4F, 0xEE, 0x21, 0xE6, 0xE0, 0x4E, 0x44, 0xB7
	.byte 0xF0, 0x01, 0x12, 0x04, 0x00, 0x9E, 0x1F, 0xEE, 0xE3, 0xEE, 0x12, 0x47, 0x30, 0x2E, 0xC0, 0x01
	.byte 0x13, 0xEB, 0x23, 0xA7, 0x8F, 0x10, 0x90, 0xEE, 0xEE, 0x5E, 0xD0, 0x1F, 0x23, 0x10, 0x00, 0x18
	.byte 0x11, 0x77, 0xE1, 0xF0, 0x01, 0x10, 0x1F, 0x13, 0xE2, 0x44, 0x44, 0x50, 0x4E, 0x00, 0x94, 0x61
	.byte 0x50, 0xF0, 0x62, 0x40, 0xED, 0xE5, 0x00, 0xE5, 0xEE, 0xF2, 0xAE, 0xBE, 0x00, 0x01, 0x5E, 0x30
	.byte 0x1B, 0xF0, 0x18, 0xF0, 0x01, 0xF0, 0x01, 0x00, 0x01, 0x00, 0x00, 0x00

  .globl gMonPalette_Muk
gMonPalette_Muk:
  .incbin "build/graphics/pokemon/muk/normal_palette.gbapal.lz"

  .globl gMonBackPic_Muk
gMonBackPic_Muk:
  .incbin "build/graphics/pokemon/muk/back.4bpp.lz"

  .globl gMonShinyPalette_Muk
gMonShinyPalette_Muk:
  .incbin "build/graphics/pokemon/muk/shiny_palette.gbapal.lz"

	.globl gMonIcon_Muk
gMonIcon_Muk: @ 0x08C6CEFC [089]
  .incbin "build/graphics/pokemon/muk/icon.4bpp"
	@ analyzed canonical ROM range 0x08C6D2FC-0x08C6D583
sAnalyzedData_08C6D2FC: @ 0x08C6D2FC
	@ structured u8 payload; no safe higher-level semantic type was provable
	.byte 0x00, 0x00, 0x00, 0x00, 0x00, 0x00, 0x00, 0x00, 0x00, 0x00, 0x00, 0x00, 0x00, 0x00, 0x00, 0x00
	.byte 0x00, 0x00, 0x00, 0x00, 0x00, 0x00, 0x00, 0x00, 0x00, 0x00, 0x00, 0x00, 0x00, 0x00, 0x00, 0x00
	.byte 0x10, 0x00, 0x08, 0x00, 0x3F, 0x00, 0x00, 0xF0, 0x01, 0xF0, 0x01, 0xF0, 0x01, 0xF0, 0x01, 0xF0
	.byte 0x01, 0xF0, 0x01, 0xFF, 0xF0, 0x01, 0xF0, 0x01, 0xF0, 0x01, 0xF0, 0x01, 0xF0, 0x01, 0xF0, 0x01
	.byte 0xF0, 0x01, 0xF0, 0x01, 0xFF, 0xF0, 0x01, 0xF0, 0x01, 0xF0, 0x01, 0xF0, 0x01, 0xF0, 0x01, 0xF0
	.byte 0x01, 0xF0, 0x01, 0xF0, 0x01, 0xEF, 0xF0, 0x01, 0xF0, 0x01, 0x80, 0x01, 0x44, 0xF0, 0x12, 0xF0
	.byte 0x01, 0xF0, 0x01, 0xF0, 0x01, 0xF8, 0xF0, 0x01, 0xF0, 0x01, 0xF0, 0x01, 0xF0, 0x01, 0x70, 0x01
	.byte 0x40, 0x05, 0x00, 0x04, 0x50, 0x24, 0x53, 0x0E, 0x35, 0xD0, 0x16, 0x00, 0x00, 0x00, 0x54, 0x24
	.byte 0x00, 0x54, 0x33, 0x43, 0x55, 0x22, 0x02, 0x32, 0x33, 0x53, 0x22, 0x22, 0x32, 0x90, 0x1C, 0x55
	.byte 0x00, 0x55, 0x04, 0x00, 0x22, 0x33, 0x53, 0xEE, 0x24, 0x00, 0x22, 0x33, 0x44, 0x43, 0x24, 0x32
	.byte 0x33, 0x33, 0x00, 0x43, 0x22, 0x33, 0x00, 0x24, 0x04, 0x00, 0x40, 0x08, 0x32, 0x0E, 0x00, 0x50
	.byte 0x00, 0x03, 0x25, 0x53, 0x00, 0x18, 0x00, 0x22, 0xE3, 0x00, 0x27, 0x00, 0x03, 0x35, 0xE5, 0x00
	.byte 0x0F, 0x00, 0x53, 0x33, 0x0E, 0xF0, 0x78, 0xF0, 0x01, 0xF0, 0x01, 0xF0, 0x01, 0xF0, 0xF0, 0x01
	.byte 0xF0, 0x01, 0xF0, 0x01, 0x10, 0xD0, 0x32, 0xE4, 0x22, 0x00, 0x00, 0x24, 0x33, 0xE5, 0x00, 0x50
	.byte 0x22, 0x43, 0x00, 0x00, 0x50, 0x25, 0x32, 0x00, 0x54, 0x53, 0x22, 0x40, 0x00, 0x22, 0x22, 0x45
	.byte 0x24, 0x25, 0x22, 0x25, 0x24, 0x00, 0x52, 0x55, 0x22, 0x25, 0x22, 0x22, 0x22, 0x43, 0x09, 0x24
	.byte 0x22, 0x22, 0x3E, 0x00, 0x04, 0x53, 0x32, 0x00, 0xD0, 0x06, 0x22, 0x33, 0x34, 0x23, 0x22, 0x00
	.byte 0x08, 0x30, 0x03, 0x53, 0x01, 0x32, 0x33, 0x24, 0x32, 0x22, 0x33, 0x43, 0x10, 0x03, 0x04, 0x55
	.byte 0x32, 0x33, 0x55, 0x33, 0x00, 0x02, 0x55, 0x53, 0x00, 0x33, 0x55, 0xEE, 0x35, 0x55, 0xEE, 0xEE
	.byte 0x52, 0x00, 0x1F, 0xEE, 0xEE, 0x33, 0x35, 0xE3, 0x00, 0x33, 0x00, 0x35, 0x33, 0x0E, 0x55, 0x55
	.byte 0x55, 0x0E, 0x33, 0x00, 0x33, 0x33, 0xE5, 0x55, 0x55, 0xEE, 0xE3, 0x1E, 0x00, 0x0D, 0x00, 0xEE
	.byte 0xF1, 0xD1, 0x00, 0x00, 0xFF, 0x7F, 0xDF, 0xF0, 0x8F, 0xF0, 0x01, 0xF0, 0x01, 0xF0, 0x01, 0xF0
	.byte 0x01, 0xF0, 0x01, 0xF0, 0x01, 0x80, 0x10, 0x01, 0x50, 0x34, 0x53, 0x22, 0x00, 0x55, 0x35, 0x04
	.byte 0x22, 0x00, 0x50, 0x52, 0x33, 0x01, 0xF1, 0x55, 0x00, 0x01, 0x00, 0x4E, 0x22, 0x00, 0x00, 0xE0
	.byte 0xEE, 0x10, 0x1A, 0x90, 0x10, 0x03, 0x22, 0x22, 0x00, 0xE0, 0x33, 0x44, 0x52, 0x43, 0x00, 0x44
	.byte 0x22, 0xF5, 0x25, 0x22, 0xE5, 0x1E, 0xE3, 0x00, 0xEE, 0xEE, 0xEE, 0x5E, 0x55, 0xE5, 0xEE, 0x45
	.byte 0x00, 0x44, 0x54, 0xEE, 0x44, 0x44, 0x44, 0x55, 0xF5, 0x02, 0xFF, 0xE1, 0xEE, 0xFF, 0xFF, 0xEF
	.byte 0x20, 0x03, 0xEF, 0xB4, 0x00, 0x0B, 0xF1, 0x00, 0xF3, 0x00, 0x01, 0x77, 0x40, 0x03, 0x78, 0xFF
	.byte 0x00, 0xDF, 0xE5, 0x00, 0xE1, 0xDF, 0x44, 0x0E, 0xFE, 0x20, 0xD1, 0x44, 0x00, 0x3A, 0x54, 0x53
	.byte 0x77, 0x4E, 0x54, 0x00, 0xE3, 0x78, 0x87, 0x35, 0xEE, 0x87, 0x66, 0x58, 0x0F, 0x44, 0x77, 0x68
	.byte 0x86, 0x02, 0x05, 0xF0, 0x01, 0x10, 0x01, 0x12, 0x19, 0xFF, 0xF2, 0x1D, 0xF0, 0x01, 0xF0, 0x01
	.byte 0xF0, 0x01, 0xF0, 0x01, 0xD2, 0xD3, 0xF0, 0x01, 0x50, 0x01, 0x00, 0x42, 0x34, 0x23, 0x44, 0x24
	.byte 0x42, 0x5E, 0x22, 0x00, 0x40, 0xE5, 0x44, 0x55, 0x00, 0x50, 0x44, 0xE4, 0xD4, 0x00, 0x03, 0x02
	.byte 0xCC, 0x54, 0x01, 0x22, 0xE4, 0x00, 0x03, 0x0E, 0x00, 0x82, 0x01, 0x03, 0x78, 0x32, 0x55, 0x55
	.byte 0x83, 0x01, 0xF9, 0x8E, 0x30, 0x00, 0xE5, 0x11, 0x36, 0xB0, 0x01, 0x76, 0x87, 0x66, 0x08, 0x00
	.byte 0x66, 0x86, 0x66, 0x0E, 0x67, 0x66, 0x66, 0x0E, 0x03, 0x78, 0x77, 0xE7, 0x00, 0x80, 0xEE, 0xF0
	.byte 0xD5, 0xF0, 0x01, 0xFF, 0xF0, 0x01, 0xF0, 0x01, 0xF0, 0x01, 0xF0, 0x01, 0xF0, 0x01, 0xF0, 0x01
	.byte 0xF0, 0x01, 0xF0, 0x01, 0xFF, 0xF0, 0x01, 0xF0, 0x01, 0xF0, 0x01, 0xF0, 0x01, 0xF0, 0x01, 0xF0
	.byte 0x01, 0xF0, 0x01, 0xF0, 0x01, 0xFF, 0xF0, 0x01, 0xF0, 0x01, 0xF0, 0x01, 0xF0, 0x01, 0xF0, 0x01
	.byte 0xF0, 0x01, 0xF0, 0x01, 0xF0, 0x01, 0xFE, 0xF0, 0x01, 0xF0, 0x01, 0xF0, 0x01, 0xF0, 0x01, 0xF0
	.byte 0x01, 0xF0, 0x01, 0xB0, 0x01, 0x00, 0x00, 0x00

  .globl gMonPalette_Shellder
gMonPalette_Shellder:
  .incbin "build/graphics/pokemon/shellder/normal_palette.gbapal.lz"

  .globl gMonBackPic_Shellder
gMonBackPic_Shellder:
  .incbin "build/graphics/pokemon/shellder/back.4bpp.lz"

  .globl gMonShinyPalette_Shellder
gMonShinyPalette_Shellder:
  .incbin "build/graphics/pokemon/shellder/shiny_palette.gbapal.lz"

	.globl gMonIcon_Shellder
gMonIcon_Shellder: @ 0x08C6D8E0 [090]
  .incbin "build/graphics/pokemon/shellder/icon.4bpp"
	@ analyzed canonical ROM range 0x08C6DCE0-0x08C6E137
sAnalyzedData_08C6DCE0: @ 0x08C6DCE0
	@ structured u8 payload; no safe higher-level semantic type was provable
	.byte 0x00, 0x00, 0x00, 0x00, 0x00, 0x00, 0x00, 0x00, 0x00, 0x00, 0x00, 0x00, 0x00, 0x00, 0x00, 0x00
	.byte 0x00, 0x00, 0x00, 0x00, 0x00, 0x00, 0x00, 0x00, 0x00, 0x00, 0x00, 0x00, 0x00, 0x00, 0x00, 0x00
	.byte 0x10, 0x00, 0x08, 0x00, 0x3F, 0x00, 0x00, 0xF0, 0x01, 0xF0, 0x01, 0xF0, 0x01, 0xF0, 0x01, 0xF0
	.byte 0x01, 0xF0, 0x01, 0xED, 0xF0, 0x01, 0xF0, 0x01, 0xA0, 0x01, 0x50, 0xF0, 0x12, 0x30, 0x01, 0x55
	.byte 0x00, 0x03, 0x0C, 0x33, 0x05, 0x54, 0x05, 0xF0, 0x19, 0x70, 0x01, 0x40, 0x44, 0xFF, 0xF0, 0x13
	.byte 0xF0, 0x01, 0xF0, 0x01, 0xF0, 0x01, 0xF0, 0x01, 0xF0, 0x01, 0xF0, 0x01, 0xF0, 0x01, 0xA0, 0x20
	.byte 0x01, 0x34, 0x00, 0x02, 0xE3, 0x00, 0x50, 0xE3, 0x45, 0x18, 0x40, 0x35, 0x5E, 0x10, 0xA1, 0x00
	.byte 0x0F, 0x40, 0x43, 0x00, 0x00, 0x00, 0x30, 0x45, 0x44, 0x05, 0x45, 0x55, 0x53, 0x00, 0x55, 0x34
	.byte 0x33, 0x45, 0x54, 0x33, 0x33, 0x44, 0x80, 0x00, 0x07, 0x54, 0x25, 0x34, 0x53, 0x44, 0x54, 0x33
	.byte 0x80, 0x10, 0x03, 0x45, 0x44, 0x35, 0x53, 0x22, 0x55, 0x53, 0x00, 0x24, 0x22, 0x53, 0x35, 0x22
	.byte 0x22, 0x25, 0x22, 0x02, 0x22, 0x32, 0x22, 0x22, 0x22, 0x33, 0x00, 0x06, 0x33, 0x04, 0x25, 0x32
	.byte 0x04, 0x00, 0x22, 0x10, 0x03, 0x53, 0x00, 0x14, 0x00, 0x32, 0xE3, 0x01, 0x13, 0xE4, 0x00, 0x03
	.byte 0x3E, 0x05, 0x00, 0x00, 0x53, 0x33, 0x0E, 0x00, 0xE4, 0x43, 0x0E, 0xE0, 0xF0, 0x7D, 0xF0, 0x01
	.byte 0x91, 0x30, 0x44, 0x00, 0x24, 0x22, 0x22, 0x43, 0x00, 0x00, 0x60, 0x00, 0x40, 0x35, 0x23, 0x01
	.byte 0x7E, 0x00, 0x9B, 0x9C, 0x70, 0x01, 0x44, 0x44, 0x00, 0x67, 0x00, 0x68, 0x00, 0x76, 0x05, 0x22
	.byte 0x03, 0x33, 0x53, 0x55, 0x33, 0x33, 0x34, 0x00, 0xB7, 0x30, 0x39, 0xD0, 0x10, 0x1E, 0x00, 0x02
	.byte 0x22, 0x00, 0x02, 0x55, 0x40, 0x22, 0x55, 0x00, 0x44, 0x24, 0x55, 0x44, 0xD4, 0x23, 0x45, 0x44
	.byte 0x00, 0xBD, 0x34, 0xE3, 0x45, 0x54, 0x53, 0x55, 0x44, 0x00, 0x25, 0x52, 0x44, 0x5D, 0x32, 0x55
	.byte 0xDD, 0x5C, 0x02, 0x32, 0xDD, 0xCC, 0x5C, 0x32, 0xBD, 0x00, 0x03, 0xBB, 0x00, 0xDC, 0xCC, 0x25
	.byte 0xCB, 0xBD, 0xCB, 0x25, 0x25, 0x00, 0x42, 0x33, 0x53, 0x32, 0x24, 0x33, 0x43, 0x23, 0x00, 0x32
	.byte 0x33, 0x24, 0x22, 0x32, 0x43, 0x32, 0x22, 0x06, 0x43, 0x24, 0x33, 0x22, 0x33, 0x00, 0x0F, 0x01
	.byte 0x02, 0x23, 0x0C, 0x33, 0x44, 0x44, 0x23, 0x00, 0x0C, 0x00, 0x01, 0x43, 0x34, 0x00, 0x33, 0x33
	.byte 0xE4, 0x53, 0x33, 0x43, 0x4E, 0x44, 0x00, 0xE5, 0xEE, 0x44, 0x54, 0x3E, 0x43, 0x34, 0xE4, 0x00
	.byte 0x33, 0x43, 0x33, 0x3E, 0x33, 0x34, 0x33, 0x3E, 0x08, 0x44, 0x0E, 0x00, 0x4E, 0x00, 0xB6, 0x45
	.byte 0x44, 0x34, 0x16, 0xE5, 0x55, 0x44, 0x00, 0x29, 0x35, 0x00, 0x03, 0x00, 0x28, 0x33, 0x07, 0xE4
	.byte 0x43, 0x44, 0x43, 0xE4, 0x00, 0x18, 0x80, 0xBF, 0x12, 0x2C, 0x7E, 0x54, 0x00, 0x03, 0x01, 0x22
	.byte 0x20, 0x03, 0x41, 0x1D, 0xF2, 0x63, 0x91, 0xAC, 0x43, 0x00, 0x45, 0x34, 0x50, 0x44, 0xE4, 0x4E
	.byte 0x00, 0x50, 0x60, 0x05, 0xF0, 0x27, 0x00, 0x01, 0x52, 0x44, 0xD4, 0xBB, 0x52, 0x00, 0x44, 0xB4
	.byte 0xDB, 0x24, 0x45, 0xBD, 0xAD, 0x24, 0x04, 0x45, 0xDD, 0xDA, 0x40, 0x52, 0x10, 0x03, 0xAD, 0xFD
	.byte 0x80, 0x00, 0x0B, 0xFF, 0x24, 0x44, 0xFD, 0xFF, 0xDD, 0xBB, 0x00, 0xCB, 0x25, 0xDD, 0xBD, 0xCC
	.byte 0x25, 0xAA, 0xDA, 0x00, 0xCC, 0x5C, 0xDD, 0xAC, 0xCD, 0x5C, 0xBB, 0xDB, 0x00, 0xDA, 0x5C, 0xAA
	.byte 0xBB, 0xAD, 0xDD, 0xAF, 0xBA, 0x00, 0xEB, 0xAA, 0xAA, 0xBA, 0xEE, 0xEE, 0x43, 0x33, 0xD0, 0x00
	.byte 0xA7, 0x00, 0xB2, 0x42, 0x30, 0x03, 0x43, 0x32, 0x34, 0x33, 0x28, 0x23, 0x25, 0x00, 0xEC, 0x25
	.byte 0x00, 0x14, 0x5A, 0x32, 0x44, 0x90, 0x10, 0xCE, 0x43, 0x35, 0x10, 0x23, 0x55, 0x33, 0x54, 0x24
	.byte 0x08, 0x22, 0x34, 0x33, 0x32, 0x00, 0x11, 0x44, 0x34, 0x3E, 0x88, 0x01, 0x19, 0x3E, 0x33, 0x43
	.byte 0x01, 0x04, 0x44, 0xEE, 0x44, 0x01, 0x44, 0x54, 0x44, 0x45, 0x34, 0x44, 0x44, 0x00, 0x17, 0x2B
	.byte 0x44, 0xE4, 0x02, 0x28, 0xE4, 0x01, 0x99, 0x55, 0x01, 0x9B, 0x30, 0x01, 0xF8, 0x10, 0xE3, 0x10
	.byte 0xF7, 0x02, 0x1A, 0x20, 0x03, 0x10, 0xF7, 0x55, 0x55, 0x05, 0x01, 0x00, 0x33, 0x33, 0xE3, 0x00
	.byte 0x43, 0x44, 0x10, 0x0D, 0xF0, 0xF0, 0x01, 0xD2, 0x15, 0xC0, 0x03, 0xB0, 0xFF, 0xD4, 0xFF, 0xAF
	.byte 0x52, 0x00, 0xFD, 0xFF, 0xAA, 0xD2, 0xFF, 0xAF, 0xEE, 0xD2, 0x00, 0xAF, 0xEE, 0xDB, 0x24, 0xEE
	.byte 0xD4, 0xDB, 0x40, 0x40, 0x42, 0x00, 0x03, 0x23, 0xD4, 0xCB, 0x00, 0x34, 0xD2, 0x00, 0xCB, 0xAA
	.byte 0xEE, 0xEE, 0xEE, 0xEE, 0xDD, 0xED, 0x00, 0xEE, 0xBC, 0xCB, 0xDD, 0xEE, 0xBB, 0xBB, 0xDC, 0x80
	.byte 0x10, 0x03, 0xAE, 0xBD, 0xCB, 0xDD, 0xFE, 0xFF, 0xDD, 0x00, 0xED, 0xFA, 0xFF, 0xDF, 0xEE, 0xCD
	.byte 0xEE, 0x55, 0x00, 0x32, 0x34, 0xEE, 0xEE, 0x55, 0x43, 0xAE, 0xEF, 0x00, 0x5B, 0x35, 0xFA, 0xAF
	.byte 0xBE, 0x5C, 0xFF, 0xAF, 0x24, 0xBE, 0xCE, 0x10, 0x03, 0xFE, 0xCF, 0x00, 0x07, 0xEC, 0xAE, 0x7A
	.byte 0xDE, 0x01, 0xE4, 0x11, 0x1E, 0x11, 0xFF, 0x20, 0x08, 0x45, 0x11, 0xE2, 0x34, 0x21, 0x53, 0x33
	.byte 0x01, 0x23, 0x55, 0x25, 0x34, 0x34, 0x02, 0x81, 0x20, 0x44, 0x44, 0x01, 0x01, 0xEE, 0x44, 0x55
	.byte 0x45, 0x44, 0xC2, 0x03, 0x28, 0x00, 0x03, 0x53, 0x44, 0x33, 0x44, 0x00, 0x26, 0x44, 0x04, 0x34
	.byte 0x4E, 0x45, 0x44, 0x44, 0x02, 0x2F, 0x0E, 0x00, 0x7F, 0xEE, 0x41, 0x03, 0x51, 0xF7, 0x02, 0x32
	.byte 0x60, 0x03, 0xF0, 0x01, 0xF0, 0x01, 0xF1, 0x0F, 0x80, 0x82, 0x33, 0xD0, 0x42, 0xBD, 0x00, 0x24
	.byte 0x35, 0xBD, 0x00, 0x40, 0x32, 0x53, 0xD3, 0x24, 0x33, 0x54, 0x43, 0x01, 0x32, 0x54, 0x45, 0x53
	.byte 0x55, 0x05, 0x40, 0x03, 0x8D, 0x80, 0x13, 0xD7, 0x00, 0x34, 0xFC, 0xFE, 0xEE, 0xEE, 0xCD, 0x08
	.byte 0xFF, 0xEE, 0xEE, 0xDB, 0x01, 0x06, 0xBD, 0xED, 0xEE, 0x02, 0xEE, 0xD4, 0xDD, 0xBE, 0xFA, 0x44
	.byte 0x00, 0x08, 0x45, 0x01, 0xD4, 0xDB, 0xCC, 0x45, 0xD4, 0xBB, 0xDD, 0x00, 0x16, 0x00, 0xDB, 0xEE
	.byte 0xFE, 0xEE, 0x5A, 0xBE, 0xAF, 0xEE, 0x00, 0x5A, 0xFB, 0xDF, 0xBE, 0x25, 0xAF, 0xED, 0xAE, 0x00
	.byte 0x25, 0xEE, 0xEE, 0xAE, 0x35, 0xCC, 0xCC, 0xBD, 0x40, 0x5E, 0x00, 0x03, 0xCE, 0x25, 0x34, 0x44
	.byte 0x33, 0x32, 0x0C, 0x34, 0x44, 0x34, 0x42, 0x01, 0xDD, 0x02, 0x2B, 0xEE, 0x34, 0x0E, 0x33, 0xE3
	.byte 0x44, 0x34, 0x20, 0x0B, 0x01, 0xF1, 0x00, 0xF8, 0x53, 0x3A, 0x44, 0xE4, 0x04, 0x49, 0x03, 0x03
	.byte 0x00, 0x03, 0x44, 0x02, 0xDC, 0x44, 0x29, 0x44, 0x05, 0x00, 0x03, 0x54, 0x00, 0x03, 0x44, 0x0E
	.byte 0x00, 0xFF, 0x7F, 0xE4, 0x10, 0xFB, 0xF0, 0x01, 0xF0, 0x01, 0xF0, 0x01, 0xF0, 0x01, 0xF0, 0x01
	.byte 0xE2, 0x1F, 0x80, 0xE0, 0x01, 0x53, 0x44, 0xBD, 0xBB, 0x53, 0x45, 0xD4, 0x04, 0xDD, 0x33, 0x55
	.byte 0x55, 0x44, 0x01, 0xAB, 0x55, 0x50, 0x45, 0xEE, 0x04, 0xF3, 0x50, 0x44, 0xEE, 0x00, 0x03, 0x54
	.byte 0x00, 0x03, 0x00, 0x0E, 0xDB, 0xCD, 0xBD, 0xDE, 0xBD, 0xDB, 0xBD, 0x10, 0xDE, 0xD4, 0xBB, 0x00
	.byte 0x18, 0xED, 0x4E, 0x54, 0x55, 0x90, 0x10, 0xD6, 0x55, 0xEE, 0x05, 0x19, 0x44, 0x35, 0x00, 0xE5
	.byte 0x1C, 0xEE, 0xE0, 0x35, 0x00, 0xC4, 0x10, 0x03, 0x05, 0x14, 0xEE, 0x53, 0xAE, 0x01, 0xB0, 0x43
	.byte 0x01, 0xC0, 0x45, 0x00, 0x03, 0x01, 0xD6, 0x23, 0xBF, 0x54, 0x89, 0x00, 0x1B, 0xEE, 0x50, 0x4E
	.byte 0x03, 0xE7, 0xE0, 0x4E, 0x00, 0x0E, 0x7F, 0xE0, 0xD0, 0x7F, 0x10, 0x23, 0xC3, 0xEF, 0xF0, 0x01
	.byte 0xF0, 0x01, 0xF0, 0x01, 0xF0, 0x01, 0xF7, 0xF0, 0x01, 0xF0, 0x01, 0x02, 0x29, 0x00, 0xB4, 0x50
	.byte 0x14, 0x75, 0xF1, 0x89, 0xF0, 0x01, 0xFE, 0xF0, 0x01, 0xF0, 0x01, 0xF0, 0x01, 0xF0, 0x01, 0xF0
	.byte 0x01, 0xF0, 0x01, 0x30, 0x01, 0x00, 0x00, 0x00

  .globl gMonPalette_Cloyster
gMonPalette_Cloyster:
  .incbin "build/graphics/pokemon/cloyster/normal_palette.gbapal.lz"

  .globl gMonBackPic_Cloyster
gMonBackPic_Cloyster:
  .incbin "build/graphics/pokemon/cloyster/back.4bpp.lz"

  .globl gMonShinyPalette_Cloyster
gMonShinyPalette_Cloyster:
  .incbin "build/graphics/pokemon/cloyster/shiny_palette.gbapal.lz"

	.globl gMonIcon_Cloyster
gMonIcon_Cloyster: @ 0x08C6E58C [091]
  .incbin "build/graphics/pokemon/cloyster/icon.4bpp"
	@ analyzed canonical ROM range 0x08C6E98C-0x08C6ED63
sAnalyzedData_08C6E98C: @ 0x08C6E98C
	@ structured u8 payload; no safe higher-level semantic type was provable
	.byte 0x00, 0x00, 0x00, 0x00, 0x00, 0x00, 0x00, 0x00, 0x00, 0x00, 0x00, 0x00, 0x00, 0x00, 0x00, 0x00
	.byte 0x00, 0x00, 0x00, 0x00, 0x00, 0x00, 0x00, 0x00, 0x00, 0x00, 0x00, 0x00, 0x00, 0x00, 0x00, 0x00
	.byte 0x10, 0x00, 0x08, 0x00, 0x3F, 0x00, 0x00, 0xF0, 0x01, 0xF0, 0x01, 0xF0, 0x01, 0xF0, 0x01, 0xF0
	.byte 0x01, 0xF0, 0x01, 0xFE, 0xF0, 0x01, 0xF0, 0x01, 0xF0, 0x01, 0xF0, 0x01, 0xF0, 0x01, 0xF0, 0x01
	.byte 0x10, 0x01, 0xA0, 0x7C, 0x0A, 0xF0, 0x13, 0xF0, 0x01, 0xF0, 0x01, 0xF0, 0x01, 0x40, 0x4F, 0xA0
	.byte 0x00, 0x00, 0x00, 0xAA, 0xAA, 0x00, 0xA0, 0xAA, 0xAB, 0x00, 0x01, 0xA0, 0xBA, 0xBA, 0x00, 0xAA
	.byte 0xAB, 0xBB, 0x90, 0x1D, 0x69, 0xAA, 0x10, 0x03, 0x00, 0x71, 0xAB, 0x00, 0x08, 0xBB, 0xAB, 0x10
	.byte 0x03, 0xE8, 0xF0, 0x7E, 0x10, 0x44, 0x00, 0x3F, 0xAA, 0x00, 0x02, 0xAA, 0xAA, 0xBA, 0x80, 0x20
	.byte 0x31, 0xAA, 0x00, 0xAA, 0xBA, 0xBB, 0xA0, 0xAA, 0x02, 0xBB, 0xBB, 0xA0, 0xBA, 0xBB, 0xBB, 0x00
	.byte 0x0A, 0xAB, 0x0B, 0xAA, 0xAA, 0xBB, 0xBA, 0x20, 0x20, 0xA0, 0x30, 0x41, 0x00, 0x25, 0x12, 0xAA
	.byte 0xAB, 0x0A, 0x00, 0x70, 0x0A, 0xAA, 0x00, 0x10, 0xAA, 0x31, 0xBB, 0xAA, 0x10, 0x03, 0x00, 0x80
	.byte 0xAA, 0x0A, 0xA0, 0x00, 0x6E, 0xA2, 0x00, 0x27, 0x0A, 0x00, 0x31, 0xAA, 0xA0, 0x0A, 0x00, 0x39
	.byte 0xA0, 0x92, 0x00, 0x1C, 0x0A, 0xAB, 0x00, 0x80, 0xBB, 0xBA, 0x00, 0x19, 0xAB, 0xF8, 0x00, 0xAE
	.byte 0xF0, 0x01, 0xF0, 0x01, 0xF0, 0x01, 0x80, 0xD4, 0xBA, 0xBB, 0x00, 0x7F, 0xA0, 0x00, 0xE7, 0x10
	.byte 0xEF, 0x00, 0x51, 0x00, 0xBE, 0x10, 0xB4, 0x60, 0x01, 0x00, 0x90, 0xF0, 0x10, 0xA5, 0x00, 0xB1
	.byte 0x00, 0x1C, 0x00, 0xB9, 0xAA, 0xBA, 0xAB, 0xBB, 0x00, 0xA0, 0xBB, 0xBC, 0xCB, 0xAA, 0xCB, 0xCB
	.byte 0xBB, 0x0C, 0xBA, 0xBB, 0xCC, 0xBC, 0x00, 0xB8, 0x00, 0x42, 0x0A, 0x00, 0x20, 0xBA, 0xBB, 0x00
	.byte 0xA3, 0xBB, 0xBB, 0xBB, 0xBC, 0xCC, 0x81, 0x00, 0x1C, 0xCB, 0xCC, 0xCB, 0xBC, 0xCC, 0xCC, 0x20
	.byte 0x01, 0xE0, 0x00, 0x5E, 0x40, 0xF7, 0x00, 0x04, 0xBB, 0xAB, 0xBB, 0xBC, 0xBC, 0x14, 0xBA, 0xBB
	.byte 0xCB, 0x00, 0x09, 0xCC, 0x00, 0x05, 0xCC, 0xBC, 0xDF, 0x00, 0x0D, 0x01, 0x1E, 0xAB, 0x00, 0x43
	.byte 0x20, 0xDB, 0x00, 0x0C, 0x00, 0x63, 0x10, 0x4A, 0xDB, 0x01, 0x08, 0x00, 0x52, 0xAB, 0x20, 0xFC
	.byte 0x11, 0x41, 0x00, 0x11, 0x4A, 0x10, 0x27, 0xBF, 0x00, 0x1C, 0x00, 0x00, 0x47, 0x60, 0x03, 0xF0
	.byte 0xD0, 0xF0, 0x01, 0xF0, 0x01, 0xF1, 0xB3, 0xE0, 0x20, 0x03, 0x01, 0xA9, 0x01, 0x71, 0xAA, 0xA0
	.byte 0xAB, 0xAB, 0xBA, 0xC1, 0x10, 0xE7, 0x01, 0xFE, 0xCB, 0xBA, 0xCB, 0xCC, 0xCC, 0x10, 0x03, 0x00
	.byte 0xBB, 0xCC, 0xCC, 0xFC, 0xBB, 0xCC, 0xFC, 0x79, 0x00, 0xCB, 0xCC, 0x89, 0x77, 0xCC, 0x9C, 0x88
	.byte 0x78, 0x00, 0xCC, 0x89, 0x89, 0x88, 0xC9, 0x9F, 0x98, 0x88, 0x80, 0x10, 0xE3, 0x9C, 0x99, 0xF9
	.byte 0xCF, 0x79, 0x77, 0x78, 0x00, 0xF8, 0x77, 0x87, 0x87, 0x88, 0x77, 0x77, 0x78, 0x02, 0x88, 0x77
	.byte 0x88, 0x87, 0x88, 0x88, 0x30, 0x01, 0x98, 0x21, 0xCC, 0xCC, 0x01, 0x0D, 0xCC, 0xCC, 0xBC, 0xCF
	.byte 0x00, 0x03, 0x40, 0xF8, 0x00, 0x04, 0x98, 0xF9, 0xCC, 0xCC, 0x99, 0x99, 0x40, 0xCF, 0x00, 0x03
	.byte 0xF9, 0xCC, 0x99, 0x79, 0xF9, 0xCC, 0xD0, 0x00, 0xF7, 0x12, 0x11, 0xAB, 0x00, 0xFB, 0xBA, 0xBB
	.byte 0xAC, 0xAA, 0x29, 0xAB, 0xBC, 0x01, 0x63, 0xCB, 0x01, 0x00, 0xBC, 0xBC, 0x30, 0x07, 0xEE, 0x01
	.byte 0x39, 0x22, 0x67, 0x02, 0x0C, 0x00, 0x12, 0x2C, 0x22, 0x51, 0x00, 0x03, 0x0A, 0xFC, 0x40, 0x0B
	.byte 0xF0, 0x01, 0xF0, 0x01, 0xF0, 0x01, 0x70, 0xF3, 0x01, 0xF6, 0xCB, 0x00, 0xD3, 0x00, 0xE7, 0x02
	.byte 0x9F, 0x9B, 0x00, 0x0B, 0x9B, 0x00, 0x00, 0x07, 0x02, 0x8A, 0x50, 0x9B, 0x01, 0x7A, 0xCB, 0x10
	.byte 0x03, 0x99, 0x89, 0x89, 0x89, 0x00, 0x29, 0x97, 0x98, 0x98, 0x11, 0x72, 0x99, 0x99, 0x00, 0x11
	.byte 0x21, 0x94, 0x49, 0x11, 0x11, 0x42, 0x39, 0x00, 0x12, 0x11, 0x29, 0x34, 0x19, 0x11, 0x11, 0x92
	.byte 0x0A, 0x29, 0x11, 0x21, 0x93, 0x00, 0xE3, 0x99, 0x00, 0x02, 0x99, 0x80, 0x00, 0x01, 0x79, 0x49
	.byte 0x99, 0x49, 0x27, 0x39, 0x99, 0x00, 0x24, 0x11, 0x39, 0x44, 0x12, 0x19, 0x99, 0x29, 0x00, 0x11
	.byte 0x11, 0x99, 0x79, 0x12, 0x11, 0x99, 0x27, 0x00, 0x97, 0xCF, 0x79, 0x12, 0x92, 0xCF, 0x27, 0x11
	.byte 0x14, 0x91, 0xF9, 0x11, 0x20, 0x03, 0x92, 0x00, 0x03, 0x99, 0xF9, 0x21, 0x11, 0x21, 0x00, 0x03
	.byte 0x32, 0x99, 0xF9, 0xBC, 0x00, 0xF0, 0x4E, 0xCC, 0x30, 0x03, 0x0A, 0xCC, 0x02, 0xDC, 0x20, 0x03
	.byte 0x01, 0x03, 0xCC, 0xBF, 0x01, 0xEC, 0xBC, 0x12, 0xEC, 0x00, 0xE7, 0x10, 0xA8, 0x13, 0x27, 0xD0
	.byte 0x07, 0xF0, 0x01, 0xE5, 0xF0, 0x01, 0xF0, 0x01, 0xC2, 0xFE, 0x00, 0xA0, 0x03, 0xE3, 0xA0, 0x02
	.byte 0xFB, 0x2F, 0xA0, 0xCB, 0x00, 0x0D, 0xCB, 0x23, 0x07, 0x02, 0xB0, 0x00, 0x0B, 0x03, 0x13, 0x01
	.byte 0xA0, 0xAA, 0x9C, 0x29, 0x32, 0x99, 0xFC, 0x00, 0xDC, 0x20, 0xCC, 0x9F, 0x00, 0x03, 0x4F, 0x21
	.byte 0x97, 0xCC, 0xFC, 0x00, 0x41, 0x44, 0xBB, 0xCC, 0x4F, 0x44, 0xBA, 0xCB, 0x16, 0xFC, 0x3F, 0xAA
	.byte 0x02, 0x10, 0x99, 0x00, 0xE8, 0x00, 0x1E, 0x33, 0x80, 0x21, 0x01, 0x99, 0x99, 0x17, 0x44, 0x44
	.byte 0x44, 0x44, 0x28, 0x33, 0x33, 0x20, 0x01, 0x88, 0x00, 0x32, 0xF9, 0x21, 0x93, 0x20, 0x99, 0xCF
	.byte 0x00, 0x1C, 0xCF, 0x99, 0x48, 0xF9, 0xCC, 0x00, 0x42, 0x94, 0xF9, 0xCC, 0x31, 0x99, 0xCF, 0xBC
	.byte 0x40, 0x93, 0x01, 0xF6, 0xF9, 0xCF, 0xBC, 0xBB, 0xCF, 0xCC, 0x80, 0x03, 0x2F, 0xAB, 0xAB, 0x00
	.byte 0xBC, 0xBA, 0x0A, 0xA0, 0xFD, 0x11, 0xF7, 0x01, 0xEE, 0x12, 0x0B, 0x03, 0x1D, 0x10, 0x06, 0x02
	.byte 0xE9, 0x0A, 0x10, 0x87, 0xF3, 0x41, 0xF3, 0x14, 0x73, 0x02, 0x03, 0x12, 0x0B, 0xBB, 0xBB, 0x02
	.byte 0x0B, 0x04, 0x03, 0xFB, 0x04, 0x30, 0xF0, 0xD0, 0xF0, 0x01, 0xF0, 0x01, 0xA0, 0x01, 0x0A, 0xF2
	.byte 0x46, 0x92, 0x24, 0x01, 0xBA, 0xBC, 0xCC, 0x00, 0xCA, 0xCB, 0xCB, 0x00, 0x07, 0x7A, 0xBC, 0x10
	.byte 0x99, 0x03, 0x98, 0x14, 0x84, 0x03, 0x2B, 0x0A, 0x24, 0x7C, 0xFC, 0x3D, 0xFF, 0xFF, 0x02, 0xD5
	.byte 0x02, 0xDC, 0x03, 0xCB, 0x03, 0xD7, 0xCB, 0x10, 0xBF, 0xD0, 0x14, 0xFA, 0x01, 0xB9, 0xA0, 0x00
	.byte 0x25, 0x00, 0xCC, 0xBC, 0xBB, 0x6D, 0xAB, 0x10, 0x14, 0x02, 0xCE, 0xAA, 0x00, 0xE2, 0x00, 0xC3
	.byte 0x00, 0x24, 0xC7, 0xB6, 0x20, 0x21, 0x0A, 0x03, 0x6C, 0x01, 0x7F, 0x0A, 0x11, 0x7F, 0x00, 0x51
	.byte 0xA0, 0xFF, 0x01, 0xEC, 0x05, 0x14, 0x00, 0x5A, 0x00, 0x11, 0x40, 0x95, 0x20, 0xE7, 0x44, 0x03
	.byte 0x12, 0x0B, 0xFF, 0xF0, 0x01, 0xF0, 0x01, 0xF0, 0x01, 0xF0, 0x01, 0xF0, 0x01, 0xF0, 0x01, 0xF0
	.byte 0x01, 0xF0, 0x01, 0xFF, 0xF0, 0x94, 0xD6, 0x51, 0xF2, 0xAD, 0xF0, 0x01, 0xF0, 0x01, 0xF0, 0x01
	.byte 0xF0, 0x01, 0xF0, 0x01, 0x80, 0xF0, 0x01, 0x00

  .globl gMonPalette_Gastly
gMonPalette_Gastly:
  .incbin "build/graphics/pokemon/gastly/normal_palette.gbapal.lz"
  .space 0x2, 0x00

  .globl gMonBackPic_Gastly
gMonBackPic_Gastly:
  .incbin "build/graphics/pokemon/gastly/back.4bpp.lz"

  .globl gMonShinyPalette_Gastly
gMonShinyPalette_Gastly:
  .incbin "build/graphics/pokemon/gastly/shiny_palette.gbapal.lz"

	.globl gMonIcon_Gastly
gMonIcon_Gastly: @ 0x08C6F0D8 [092]
  .incbin "build/graphics/pokemon/gastly/icon.4bpp"
	@ analyzed canonical ROM range 0x08C6F4D8-0x08C6F8F7
sAnalyzedData_08C6F4D8: @ 0x08C6F4D8
	@ structured u8 payload; no safe higher-level semantic type was provable
	.byte 0x00, 0x00, 0x00, 0x00, 0x00, 0x00, 0x00, 0x00, 0x00, 0x00, 0x00, 0x00, 0x00, 0x00, 0x00, 0x00
	.byte 0x00, 0x00, 0x00, 0x00, 0x00, 0x00, 0x00, 0x00, 0x00, 0x00, 0x00, 0x00, 0x00, 0x00, 0x00, 0x00
	.byte 0x10, 0x00, 0x08, 0x00, 0x3A, 0x00, 0x00, 0xF0, 0x01, 0xF0, 0x01, 0xE0, 0x01, 0x40, 0x00, 0x03
	.byte 0x34, 0xA0, 0x00, 0x03, 0xE0, 0xF0, 0x1A, 0x00, 0x00, 0x44, 0x04, 0x00, 0x00, 0x00, 0x22, 0x32
	.byte 0x44, 0x00, 0x33, 0x22, 0x12, 0x7F, 0x43, 0xF0, 0x1D, 0x70, 0x01, 0x00, 0x26, 0xF0, 0x01, 0xF0
	.byte 0x01, 0xF0, 0x01, 0x70, 0x86, 0xFF, 0xF0, 0x42, 0xF0, 0x01, 0xF0, 0x01, 0xF0, 0x01, 0xF0, 0x01
	.byte 0xF0, 0x01, 0xF0, 0x01, 0x00, 0x01, 0x42, 0x3E, 0x00, 0xE4, 0xE0, 0x33, 0x23, 0x22, 0x00, 0x08
	.byte 0x23, 0x0E, 0x00, 0xE0, 0x33, 0x33, 0x10, 0x11, 0x01, 0x16, 0x00, 0x03, 0x00, 0x40, 0x3E, 0x11
	.byte 0x1F, 0x32, 0x03, 0x00, 0x00, 0x11, 0x31, 0x10, 0x04, 0x00, 0x22, 0x00, 0x04, 0x22, 0x12, 0x11
	.byte 0x32, 0x94, 0x00, 0x2E, 0x11, 0x33, 0x00, 0x04, 0x33, 0x00, 0x04, 0x33, 0x33, 0x6A, 0xE3, 0x10
	.byte 0x27, 0xA1, 0x0F, 0x32, 0x00, 0x04, 0x21, 0x01, 0x35, 0x22, 0x08, 0x22, 0x43, 0x00, 0x23, 0x10
	.byte 0x04, 0x00, 0x40, 0x42, 0x12, 0x00, 0x00, 0x30, 0x00, 0x03, 0x24, 0x32, 0x30, 0x03, 0x23, 0x00
	.byte 0x33, 0x00, 0x40, 0x22, 0x33, 0x00, 0x30, 0x22, 0x1A, 0x33, 0xEE, 0x2E, 0x00, 0x07, 0x80, 0x3B
	.byte 0x0E, 0x00, 0x03, 0xE3, 0xBF, 0x40, 0x03, 0x33, 0x00, 0x10, 0x10, 0x03, 0xF0, 0x01, 0xF0, 0x01
	.byte 0xF0, 0x01, 0x21, 0xDF, 0x60, 0x30, 0xF0, 0x16, 0x30, 0x1B, 0x44, 0x44, 0x44, 0x34, 0x22, 0x0F
	.byte 0x22, 0x22, 0x22, 0x44, 0x10, 0xF7, 0x70, 0x17, 0x12, 0x0B, 0x10, 0x1A, 0x94, 0x00, 0xB6, 0x22
	.byte 0x92, 0x00, 0x03, 0x49, 0x00, 0x06, 0x24, 0x3E, 0x10, 0x33, 0x33, 0xE4, 0x00, 0x03, 0xF4, 0x33
	.byte 0x34, 0x33, 0x00, 0xF4, 0x44, 0x33, 0x33, 0xC3, 0x99, 0x39, 0x33, 0x00, 0x43, 0x44, 0x94, 0x33
	.byte 0x43, 0x22, 0x43, 0x39, 0x08, 0x33, 0x22, 0x22, 0xA4, 0x01, 0x06, 0x33, 0x33, 0xEE, 0x80, 0x00
	.byte 0x03, 0xDF, 0x2E, 0x32, 0x33, 0xFF, 0xEC, 0x22, 0x00, 0x32, 0xFF, 0xFF, 0x3E, 0x11, 0xFF, 0xFF
	.byte 0xDF, 0x00, 0x1E, 0xFC, 0xFF, 0xFF, 0xEC, 0xF4, 0xFD, 0xFF, 0x11, 0xCF, 0x33, 0x42, 0x00, 0x3D
	.byte 0x23, 0x32, 0x34, 0x00, 0x22, 0x6A, 0x32, 0x10, 0x2B, 0x10, 0x04, 0x31, 0x00, 0x03, 0x21, 0x00
	.byte 0x15, 0x2E, 0xA4, 0x00, 0x6A, 0x33, 0x00, 0xF4, 0x33, 0x4E, 0x00, 0x03, 0x43, 0x00, 0x00, 0x30
	.byte 0x33, 0x43, 0x30, 0x23, 0x33, 0x23, 0x34, 0x80, 0x00, 0x22, 0x24, 0x32, 0xE2, 0x34, 0x24, 0x42
	.byte 0x4E, 0x3F, 0x32, 0x24, 0x11, 0x0A, 0xA1, 0x1F, 0x10, 0x03, 0xF1, 0x16, 0xF0, 0x01, 0x72, 0xCC
	.byte 0xAA, 0x11, 0xD3, 0x44, 0x11, 0x67, 0x44, 0x00, 0x03, 0x90, 0x00, 0x03, 0x49, 0xC0, 0x10, 0x03
	.byte 0x01, 0x04, 0x49, 0x40, 0x33, 0x33, 0x49, 0x33, 0x00, 0x33, 0x93, 0x24, 0x33, 0x93, 0x99, 0x23
	.byte 0x99, 0x00, 0x39, 0x43, 0x23, 0x44, 0x44, 0x43, 0x31, 0x24, 0x02, 0x22, 0x24, 0x21, 0x22, 0x22
	.byte 0x24, 0x00, 0xFE, 0xE2, 0x08, 0x32, 0x24, 0x32, 0x43, 0x00, 0xE3, 0xAE, 0x33, 0x14, 0x40, 0x32
	.byte 0x00, 0x03, 0x33, 0xAE, 0x3E, 0x2E, 0x33, 0xAE, 0x00, 0xE4, 0x43, 0x33, 0xAE, 0xEB, 0xE3, 0x32
	.byte 0xAE, 0x00, 0x4B, 0x33, 0x3E, 0xAE, 0xBB, 0x33, 0xE3, 0xAE, 0x01, 0xBB, 0xF3, 0xFE, 0xFF, 0xFF
	.byte 0x43, 0xF4, 0x00, 0xE7, 0x38, 0x43, 0xEE, 0x10, 0xE3, 0x20, 0x01, 0x00, 0xF1, 0x33, 0xEB, 0x43
	.byte 0x80, 0x00, 0x03, 0xE3, 0x34, 0x33, 0x22, 0x34, 0x23, 0xE2, 0x00, 0x43, 0x33, 0x23, 0xFE, 0x33
	.byte 0x33, 0x43, 0xDF, 0xB8, 0x00, 0x16, 0xEF, 0x00, 0x03, 0x00, 0x19, 0x30, 0x01, 0x44, 0x34, 0x33
	.byte 0x00, 0x44, 0xFC, 0x32, 0x43, 0xE3, 0xFF, 0x34, 0x43, 0x40, 0x43, 0x00, 0x03, 0x04, 0x4F, 0x33
	.byte 0x33, 0x0E, 0x34, 0x00, 0x43, 0x33, 0x00, 0x33, 0xE3, 0x43, 0xE4, 0x33, 0x03, 0x3E, 0x43, 0xE2
	.byte 0xEE, 0x34, 0x22, 0xF0, 0xEA, 0xF0, 0x01, 0xC0, 0xF0, 0x01, 0x90, 0x01, 0x4E, 0x33, 0x93, 0x00
	.byte 0x00, 0xEE, 0x95, 0x00, 0xF3, 0xA0, 0x2E, 0x80, 0x03, 0x24, 0x00, 0x19, 0xEA, 0x00, 0x03, 0x01
	.byte 0xA0, 0xE4, 0x32, 0x33, 0x3E, 0x24, 0x2E, 0x00, 0x03, 0x00, 0xE2, 0x34, 0x3E, 0x32, 0x32, 0xE3
	.byte 0x3E, 0x32, 0x44, 0x3E, 0x00, 0x9F, 0xE3, 0xEE, 0xAE, 0x01, 0xF6, 0x2A, 0xE4, 0x20, 0xEE, 0xAA
	.byte 0x02, 0xE3, 0x43, 0xBA, 0x33, 0x33, 0x42, 0x50, 0xBA, 0x02, 0x2A, 0xA4, 0x01, 0xF5, 0x42, 0xEE
	.byte 0x43, 0x22, 0x0C, 0x32, 0xAA, 0xEE, 0x23, 0x10, 0x04, 0x00, 0x1B, 0xAA, 0xE4, 0x00, 0xBB, 0xBE
	.byte 0x3E, 0x43, 0xBB, 0xBB, 0x3B, 0xAE, 0x00, 0xBB, 0xBB, 0xEB, 0xAB, 0x4A, 0xBB, 0xBB, 0xBB, 0x00
	.byte 0xA4, 0xB4, 0xEB, 0xBB, 0xAE, 0xB4, 0x3E, 0xBE, 0x08, 0xE3, 0x4A, 0x33, 0xBE, 0x00, 0x44, 0x44
	.byte 0xEE, 0x4E, 0x00, 0x43, 0xEE, 0x99, 0x49, 0xE3, 0x99, 0x9A, 0xE9, 0x00, 0x99, 0xE9, 0xAA, 0x99
	.byte 0xE9, 0xE9, 0xAB, 0x9A, 0x00, 0x3E, 0x3E, 0xEB, 0x4A, 0x34, 0x33, 0x3E, 0x4E, 0x80, 0x01, 0x00
	.byte 0x34, 0x33, 0x43, 0x49, 0x33, 0x22, 0x0E, 0x00, 0x3E, 0x33, 0x42, 0x00, 0x34, 0x23, 0xE3, 0x00
	.byte 0x03, 0x33, 0x23, 0x0E, 0x00, 0x33, 0xE2, 0x02, 0x0B, 0x01, 0xE4, 0xFE, 0x11, 0xF8, 0x11, 0xEB
	.byte 0xF0, 0x01, 0xF0, 0x01, 0xF0, 0x01, 0xF0, 0x01, 0xF3, 0x1B, 0x00, 0x80, 0x11, 0x03, 0x23, 0xAA
	.byte 0xAA, 0x21, 0x22, 0x40, 0x12, 0x00, 0x22, 0x32, 0x24, 0x11, 0x22, 0x33, 0x23, 0x21, 0x16, 0x32
	.byte 0x33, 0x12, 0x02, 0x98, 0x12, 0x00, 0xD9, 0x00, 0x0A, 0xE3, 0x6C, 0x22, 0x01, 0xD4, 0x00, 0xA5
	.byte 0xA3, 0x51, 0xAF, 0x40, 0x01, 0x22, 0xE3, 0x01, 0x33, 0x22, 0xEE, 0x3E, 0x23, 0x43, 0x00, 0x00
	.byte 0xB6, 0x3E, 0x00, 0x3A, 0x10, 0xC5, 0x80, 0x1C, 0x13, 0x2C, 0x05, 0x5A, 0x03, 0xF7, 0x34, 0x5B
	.byte 0xE4, 0x01, 0x77, 0x00, 0x00, 0x12, 0x00, 0xE9, 0xE3, 0x20, 0xEC, 0x20, 0x09, 0x82, 0x00, 0xF3
	.byte 0xAE, 0x24, 0x33, 0xAE, 0xA0, 0x02, 0x5C, 0xA0, 0x80, 0x02, 0xEA, 0xA4, 0xAA, 0x0A, 0x00, 0x42
	.byte 0x44, 0x44, 0x00, 0x0A, 0x12, 0x31, 0x34, 0xA4, 0x23, 0x21, 0x43, 0x00, 0x43, 0xEE, 0x22, 0x43
	.byte 0x33, 0xAA, 0x34, 0x33, 0x1D, 0x34, 0xE4, 0x4A, 0x02, 0x61, 0x00, 0x03, 0x90, 0xB8, 0x0A, 0x00
	.byte 0x03, 0x5E, 0xA4, 0x00, 0x03, 0xAE, 0x80, 0x03, 0xF0, 0x01, 0xE0, 0xEE, 0x03, 0xE3, 0x30, 0xD0
	.byte 0x00, 0x03, 0x24, 0x7B, 0x32, 0x00, 0x0E, 0xE3, 0x00, 0x30, 0x32, 0x20, 0x0E, 0x00, 0x13, 0x5A
	.byte 0x34, 0x0E, 0x00, 0x32, 0x43, 0x03, 0x0E, 0xE0, 0x33, 0xE4, 0x00, 0x40, 0x14, 0xA8, 0xF2, 0x6C
	.byte 0xFE, 0x04, 0xC7, 0x00, 0x14, 0x00, 0xE6, 0xF3, 0x73, 0xF0, 0x01, 0xF0, 0x01, 0x10, 0x01, 0x4A
	.byte 0x00, 0x33, 0xEE, 0x00, 0xA0, 0xEE, 0xAA, 0x00, 0x00, 0xE0, 0x00, 0x02, 0x02, 0x6F, 0xD0, 0x1E
	.byte 0x0A, 0x34, 0xE3, 0xE3, 0xA0, 0x00, 0x34, 0x4E, 0xAE, 0x4A, 0xE3, 0xAA, 0x0A, 0x4A, 0xBF, 0x00
	.byte 0xD0, 0xA0, 0x10, 0xE4, 0xC0, 0xF3, 0xF0, 0x01, 0xF0, 0x01, 0xF0, 0x01, 0x40, 0xFD, 0xBF, 0x00
	.byte 0xE6, 0x40, 0x02, 0x48, 0xF6, 0xE8, 0xF0, 0x01, 0xF0, 0x01, 0xF0, 0x01, 0xF0, 0x01, 0xFE, 0xF0
	.byte 0x01, 0xF0, 0x01, 0xF0, 0x01, 0xF0, 0x01, 0xF0, 0x01, 0xF0, 0x01, 0xF0, 0x01, 0x00, 0x00, 0x00

  .globl gMonPalette_Haunter
gMonPalette_Haunter:
  .incbin "build/graphics/pokemon/haunter/normal_palette.gbapal.lz"

  .globl gMonBackPic_Haunter
gMonBackPic_Haunter:
  .incbin "build/graphics/pokemon/haunter/back.4bpp.lz"

  .globl gMonShinyPalette_Haunter
gMonShinyPalette_Haunter:
  .incbin "build/graphics/pokemon/haunter/shiny_palette.gbapal.lz"

	.globl gMonIcon_Haunter
gMonIcon_Haunter: @ 0x08C6FC68 [093]
  .incbin "build/graphics/pokemon/haunter/icon.4bpp"
	@ analyzed canonical ROM range 0x08C70068-0x08C70423
sAnalyzedData_08C70068: @ 0x08C70068
	@ structured u8 payload; no safe higher-level semantic type was provable
	.byte 0x00, 0x00, 0x00, 0x00, 0x00, 0x00, 0x00, 0x00, 0x00, 0x00, 0x00, 0x00, 0x00, 0x00, 0x00, 0x00
	.byte 0x00, 0x00, 0x00, 0x00, 0x00, 0x00, 0x00, 0x00, 0x00, 0x00, 0x00, 0x00, 0x00, 0x00, 0x00, 0x00
	.byte 0x10, 0x00, 0x08, 0x00, 0x3F, 0x00, 0x00, 0xF0, 0x01, 0xF0, 0x01, 0xF0, 0x01, 0xF0, 0x01, 0xF0
	.byte 0x01, 0xF0, 0x01, 0xFF, 0xF0, 0x01, 0xF0, 0x01, 0xF0, 0x01, 0xF0, 0x01, 0xF0, 0x01, 0xF0, 0x01
	.byte 0xF0, 0x01, 0xF0, 0x01, 0xC9, 0xF0, 0x01, 0xE0, 0x01, 0xD0, 0xDD, 0x00, 0x03, 0xBC, 0xDD, 0x00
	.byte 0x03, 0x00, 0xBB, 0x00, 0x00, 0xCD, 0xBC, 0x00, 0x00, 0xDE, 0x43, 0xCC, 0x00, 0x03, 0xCD, 0x00
	.byte 0x00, 0xE0, 0x00, 0x18, 0x10, 0x03, 0xAA, 0x30, 0x01, 0xFD, 0x00, 0x03, 0xBB, 0x00, 0x04, 0xBC
	.byte 0x00, 0x04, 0xCC, 0x00, 0xBB, 0xBB, 0xED, 0xCC, 0xBC, 0xDB, 0xCD, 0xCD, 0x38, 0xCC, 0xCD, 0x00
	.byte 0x2B, 0x50, 0x47, 0x00, 0x01, 0xED, 0x00, 0xBD, 0x00, 0xD0, 0xFB, 0xEE, 0xBD, 0xBE, 0xDC, 0xDE
	.byte 0xBB, 0x0A, 0xCC, 0xCC, 0xDD, 0xDD, 0x10, 0x03, 0xD0, 0x40, 0x3B, 0xFB, 0x80, 0x20, 0x03, 0x0E
	.byte 0x00, 0xDB, 0xDE, 0x0F, 0x00, 0xDD, 0x00, 0xBE, 0x0F, 0xE0, 0xDD, 0xDB, 0xEE, 0xCE, 0xDD, 0x30
	.byte 0xDD, 0xDD, 0x00, 0x67, 0x90, 0x01, 0xE0, 0xDE, 0x00, 0xEE, 0x06, 0xBD, 0xBB, 0xDE, 0xBB, 0xBB
	.byte 0x10, 0x01, 0x00, 0x66, 0xCB, 0x40, 0xDC, 0x30, 0x5B, 0xFE, 0x0F, 0xEE, 0xCD, 0xDC, 0x0F, 0x02
	.byte 0xBB, 0xCB, 0xED, 0x00, 0xCB, 0xDC, 0x00, 0x7F, 0xDD, 0x0B, 0x0E, 0x00, 0xDD, 0xDD, 0x00, 0x47
	.byte 0xED, 0xF0, 0xCE, 0xF0, 0x01, 0xED, 0xF0, 0x01, 0x00, 0x01, 0x10, 0xD7, 0xBD, 0x10, 0x70, 0x40
	.byte 0xE3, 0xDE, 0x00, 0x03, 0x40, 0xDF, 0x10, 0x03, 0xD0, 0x0D, 0x00, 0xE0, 0xD0, 0xEC, 0x00, 0x00
	.byte 0xE0, 0xEE, 0xEC, 0x00, 0xC0, 0xBD, 0xEE, 0x21, 0x00, 0xBD, 0x00, 0xC4, 0xBB, 0xDD, 0xCD, 0xBC
	.byte 0x00, 0xF0, 0x00, 0xBB, 0xCB, 0xCE, 0xCC, 0xBB, 0xBC, 0xCE, 0xCC, 0x08, 0xCC, 0xCB, 0xCB, 0xCC
	.byte 0x00, 0x04, 0xBB, 0xCB, 0xCC, 0x00, 0xDB, 0xBD, 0xBB, 0xCC, 0xCB, 0xCC, 0xDC, 0xDD, 0x6D, 0xBC
	.byte 0x00, 0x03, 0x30, 0x07, 0xDD, 0x00, 0x07, 0x00, 0xF7, 0xDC, 0x00, 0x03, 0xDD, 0x00, 0xDC, 0x00
	.byte 0x06, 0xCD, 0x10, 0xE3, 0x00, 0x03, 0xD0, 0x01, 0xDE, 0x10, 0x03, 0x11, 0xDC, 0xDD, 0xEE, 0x00
	.byte 0x5E, 0xCC, 0xDD, 0xCD, 0x10, 0x2C, 0xFE, 0xF0, 0x01, 0x30, 0x01, 0x01, 0x3C, 0x00, 0xEA, 0x20
	.byte 0x03, 0x10, 0xEE, 0x11, 0x4B, 0x0E, 0x9E, 0x00, 0x03, 0xEB, 0xFE, 0x01, 0x8F, 0x11, 0x54, 0xF0
	.byte 0x01, 0xF1, 0xE0, 0x00, 0x2A, 0xD0, 0xDB, 0x40, 0xEF, 0xBF, 0x00, 0x03, 0xBE, 0x30, 0xF7, 0x00
	.byte 0x40, 0xF0, 0x10, 0x1D, 0xEB, 0xBC, 0x0D, 0xBC, 0xEB, 0xBC, 0x06, 0xDB, 0xBC, 0xBB, 0xBB, 0xDB
	.byte 0x01, 0x72, 0x10, 0x03, 0xDC, 0x00, 0xCB, 0xBC, 0xCB, 0xCC, 0xCB, 0xCD, 0xCC, 0xBD, 0x80, 0x00
	.byte 0xEF, 0xBD, 0xCB, 0x6B, 0xD6, 0xBD, 0xCC, 0x4D, 0x00, 0x65, 0xD6, 0xCD, 0x4D, 0x54, 0x65, 0xDE
	.byte 0x4D, 0x01, 0x54, 0x5F, 0xE6, 0xED, 0x55, 0x5F, 0x65, 0x10, 0xBC, 0x49, 0xEE, 0x00, 0x03, 0x2E
	.byte 0xE2, 0x10, 0x09, 0xDD, 0xBC, 0x00, 0xE2, 0x50, 0xBB, 0x00, 0x03, 0xCB, 0x00, 0x03, 0xEC, 0xDD
	.byte 0xDD, 0xED, 0x40, 0x6E, 0x90, 0xBE, 0xCC, 0x6D, 0x66, 0xDD, 0xDC, 0x56, 0x01, 0x65, 0xDD, 0x6D
	.byte 0x55, 0x65, 0xDD, 0xF6, 0x00, 0x03, 0x14, 0xF5, 0x55, 0xD6, 0x10, 0x16, 0xED, 0x00, 0x02, 0x2E
	.byte 0xDD, 0x1C, 0xDD, 0x3E, 0x22, 0x90, 0x2B, 0x00, 0x14, 0x20, 0x57, 0xE2, 0xDD, 0x17, 0xED, 0xEE
	.byte 0xD2, 0x00, 0x53, 0xDC, 0x10, 0x57, 0x00, 0xF7, 0x10, 0xF3, 0x80, 0x02, 0x36, 0x00, 0xDD, 0xFD
	.byte 0xE0, 0x0E, 0xFE, 0xFF, 0x20, 0xCE, 0xEE, 0x01, 0x64, 0xDE, 0xBC, 0xCC, 0xEC, 0xDD, 0xFD, 0x01
	.byte 0x88, 0x62, 0x9F, 0x10, 0x01, 0x01, 0x12, 0x22, 0x67, 0x51, 0x23, 0xFF, 0x00, 0x33, 0xC0, 0xF0
	.byte 0x01, 0xB0, 0x01, 0xDF, 0xDC, 0xBD, 0xCB, 0xE0, 0xDD, 0x00, 0xBE, 0xCB, 0xF0, 0xDD, 0xBE, 0xBB
	.byte 0x00, 0xDF, 0xA8, 0x00, 0x03, 0xF0, 0x00, 0x03, 0x00, 0x50, 0x03, 0xBD, 0xBB, 0x2E, 0x00, 0x31
	.byte 0x32, 0xEE, 0xCC, 0x31, 0x21, 0x32, 0xDC, 0x00, 0x32, 0x11, 0x31, 0xCC, 0x3C, 0x11, 0x31, 0xCB
	.byte 0x45, 0x3D, 0x00, 0x03, 0xDC, 0x2C, 0x32, 0x00, 0x7A, 0x3C, 0x12, 0xE4, 0x00, 0xEE, 0xEE, 0xEE
	.byte 0xEE, 0x22, 0x22, 0x22, 0x22, 0x34, 0x11, 0x11, 0xB0, 0x01, 0x00, 0x12, 0xC2, 0x10, 0xD3, 0xEE
	.byte 0x23, 0x00, 0x32, 0x21, 0x23, 0x12, 0x31, 0xC1, 0x13, 0x11, 0x00, 0x31, 0xDC, 0x13, 0x11, 0xD2
	.byte 0xDD, 0x13, 0x21, 0x1F, 0xDC, 0xDD, 0x13, 0x02, 0x18, 0x70, 0x01, 0x11, 0x3B, 0x11, 0x43, 0xF2
	.byte 0x27, 0xDC, 0x10, 0x3E, 0x03, 0x06, 0xDC, 0x00, 0x02, 0x22, 0x53, 0x00, 0x01, 0xFF, 0xDD, 0x12
	.byte 0xDD, 0xFE, 0x00, 0x00, 0x02, 0x00, 0xFF, 0x40, 0xE3, 0xBD, 0xFD, 0x41, 0x1F, 0xF0, 0xEA, 0xF0
	.byte 0x01, 0xF0, 0x01, 0x22, 0x1F, 0x00, 0xE7, 0xE0, 0x00, 0x03, 0xD5, 0x10, 0x07, 0x22, 0x23, 0xCE
	.byte 0x00, 0x03, 0xEE, 0x30, 0x07, 0xE0, 0x02, 0xF5, 0x36, 0xCC, 0xDD, 0x20, 0x83, 0x20, 0x03, 0xCB
	.byte 0x10, 0x03, 0x13, 0x97, 0xCC, 0x9F, 0x02, 0xFA, 0xCC, 0xBE, 0x03, 0x08, 0xF0, 0xB2, 0x22, 0xF7
	.byte 0x60, 0x03, 0xF0, 0x01, 0xFF, 0x70, 0xF8, 0x12, 0x1E, 0x31, 0xF5, 0xF0, 0x01, 0x23, 0x43, 0x00
	.byte 0x1D, 0x10, 0xE3, 0x10, 0x03, 0xFF, 0x52, 0xFB, 0x10, 0x03, 0x10, 0x0B, 0x10, 0x18, 0x12, 0x1B
	.byte 0xF0, 0x01, 0xF0, 0x01, 0xF0, 0x01, 0xB6, 0xA4, 0x73, 0xCB, 0x30, 0xFB, 0x14, 0xFF, 0xBD, 0x00
	.byte 0x0B, 0x10, 0x03, 0xCE, 0xCC, 0x15, 0x03, 0x10, 0x03, 0xDD, 0xEC, 0x13, 0xEC, 0x03, 0xF4, 0xCC
	.byte 0xED, 0x11, 0xCD, 0xDC, 0xCC, 0x03, 0xB6, 0xCC, 0xDD, 0xED, 0x03, 0xB7, 0xCE, 0x20, 0xB4, 0x00
	.byte 0x03, 0xFE, 0x0F, 0xF0, 0xE3, 0x01, 0xB4, 0x03, 0x16, 0xFF, 0x3D, 0xFF, 0xFF, 0x01, 0xA2, 0x12
	.byte 0xCD, 0x13, 0xDD, 0x90, 0x03, 0xCE, 0x00, 0x03, 0x08, 0xEE, 0xCD, 0xFF, 0xFF, 0x10, 0x25, 0xFE
	.byte 0xE0, 0xCC, 0xF3, 0x14, 0x37, 0x31, 0x63, 0x00, 0x03, 0x21, 0x5F, 0xDC, 0xBC, 0x01, 0x6B, 0x14
	.byte 0x17, 0x7F, 0xDE, 0x11, 0x04, 0x43, 0xFB, 0xA0, 0x03, 0x00, 0xFB, 0x51, 0x0F, 0xF0, 0x01, 0xF0
	.byte 0x01, 0xC3, 0xF0, 0x01, 0x90, 0xFE, 0xDD, 0xDD, 0x00, 0xE0, 0x10, 0xAB, 0xF0, 0x01, 0xFF, 0x25
	.byte 0x28, 0x00, 0x64, 0xF3, 0x47, 0xA0, 0x01, 0x12, 0x2B, 0xF0, 0x01, 0x50, 0x3F, 0x00, 0x40, 0x6F
	.byte 0xFE, 0xF0, 0x40, 0x90, 0x7E, 0xDD, 0x01, 0x66, 0xF0, 0x83, 0x40, 0x01, 0x21, 0xEB, 0xF0, 0x00
	.byte 0x3E, 0xF0, 0x42, 0xF0, 0x01, 0xF0, 0x01, 0x00, 0x00, 0x00, 0x00, 0x00

  .globl gMonPalette_Gengar
gMonPalette_Gengar:
  .incbin "build/graphics/pokemon/gengar/normal_palette.gbapal.lz"

  .globl gMonBackPic_Gengar
gMonBackPic_Gengar:
  .incbin "build/graphics/pokemon/gengar/back.4bpp.lz"

  .globl gMonShinyPalette_Gengar
gMonShinyPalette_Gengar:
  .incbin "build/graphics/pokemon/gengar/shiny_palette.gbapal.lz"

	.globl gMonIcon_Gengar
gMonIcon_Gengar: @ 0x08C70754 [094]
  .incbin "build/graphics/pokemon/gengar/icon.4bpp"
	@ analyzed canonical ROM range 0x08C70B54-0x08C70FEB
sAnalyzedData_08C70B54: @ 0x08C70B54
	@ structured u8 payload; no safe higher-level semantic type was provable
	.byte 0x00, 0x00, 0x00, 0x00, 0xA0, 0xB0, 0xF0, 0xF0, 0x00, 0x00, 0x00, 0x01, 0x05, 0x0D, 0x0F, 0x0F
	.byte 0xF0, 0xF0, 0xE0, 0xE0, 0xC0, 0x00, 0x00, 0x00, 0x0F, 0x0F, 0x07, 0x07, 0x03, 0x00, 0x00, 0x00
	.byte 0x10, 0x00, 0x08, 0x00, 0x3F, 0x00, 0x00, 0xF0, 0x01, 0xF0, 0x01, 0xF0, 0x01, 0xF0, 0x01, 0xF0
	.byte 0x01, 0xF0, 0x01, 0x20, 0x00, 0xD0, 0x00, 0x02, 0xAC, 0x00, 0x00, 0xAD, 0xAA, 0x00, 0x00, 0xD0
	.byte 0xCC, 0xBC, 0x00, 0xD0, 0xAA, 0xCA, 0x80, 0x50, 0x18, 0xC0, 0xDD, 0xED, 0x00, 0xAC, 0xAA, 0xCA
	.byte 0x00, 0x0E, 0xAA, 0xAA, 0xCA, 0xED, 0xAA, 0xAA, 0xDC, 0x00, 0xDD, 0xBB, 0xCB, 0xDD, 0xDD, 0xEE
	.byte 0xDB, 0xDD, 0x45, 0xEE, 0xF0, 0x42, 0x00, 0x00, 0x0E, 0x00, 0x03, 0xEE, 0x00, 0x19, 0x0D, 0xBB
	.byte 0xCB, 0xEE, 0xFF, 0xF0, 0x1D, 0x70, 0x01, 0xFF, 0x10, 0x28, 0xFC, 0xF0, 0x01, 0xF0, 0x01, 0xF0
	.byte 0x01, 0xF0, 0x01, 0xF0, 0x01, 0xD0, 0x01, 0xDC, 0x00, 0x10, 0x00, 0xCD, 0xAA, 0x00, 0x02, 0xBA
	.byte 0xC0, 0xAA, 0xAA, 0x0A, 0xBB, 0xD0, 0xBB, 0xBB, 0x10, 0x03, 0xCB, 0x00, 0xEA, 0xBB, 0x00, 0x00
	.byte 0xBD, 0xBB, 0xBB, 0xDD, 0xBE, 0xBB, 0xBB, 0x20, 0xDC, 0xBF, 0x00, 0x03, 0xCF, 0xCC, 0xBB, 0xDC
	.byte 0xED, 0x00, 0xCC, 0xCC, 0xEC, 0xFD, 0xFD, 0xDF, 0xEC, 0xDD, 0x00, 0xAF, 0xFC, 0xCB, 0xDE, 0xED
	.byte 0xAA, 0xBB, 0xDC, 0x28, 0xDE, 0xBA, 0x00, 0x18, 0xBD, 0x00, 0x03, 0xDC, 0xCB, 0xDD, 0x00, 0xCF
	.byte 0xDD, 0xDC, 0xDD, 0xDE, 0xDD, 0xDD, 0xDD, 0x25, 0xFD, 0xDF, 0x10, 0x04, 0xBB, 0xEB, 0x00, 0x4C
	.byte 0xAE, 0x00, 0x4C, 0xA0, 0x00, 0x03, 0xEB, 0x00, 0x06, 0xED, 0xBC, 0xBB, 0xBB, 0xEE, 0x00, 0xCC
	.byte 0xBB, 0xBB, 0xDE, 0xCC, 0xBC, 0xCB, 0xDE, 0x04, 0xCD, 0xCC, 0xCC, 0xDA, 0xFC, 0x01, 0x07, 0xCD
	.byte 0x0F, 0x08, 0x00, 0xBB, 0xDC, 0xFC, 0x00, 0x03, 0xDD, 0x0F, 0xCB, 0x08, 0xDC, 0xDD, 0xFE, 0xCC
	.byte 0x00, 0x37, 0xDC, 0xCC, 0xDC, 0x5F, 0xFD, 0x00, 0x1E, 0xFD, 0xF0, 0xA6, 0xF0, 0x01, 0xF0, 0x01
	.byte 0xF0, 0x01, 0xB1, 0xC3, 0x81, 0x10, 0xEB, 0xC0, 0xDA, 0x00, 0x00, 0xBC, 0xDA, 0x20, 0xE3, 0x00
	.byte 0xDE, 0xBB, 0xCC, 0x00, 0xCE, 0xCD, 0xEC, 0xDD, 0x00, 0xCE, 0xEC, 0xCE, 0xAA, 0xED, 0xCC, 0xCE
	.byte 0xAA, 0x01, 0xDD, 0xCE, 0xCD, 0xBB, 0xDB, 0xFD, 0xDF, 0x00, 0xF5, 0x40, 0xFD, 0x10, 0xE3, 0xDE
	.byte 0xEE, 0xAF, 0xCC, 0xCC, 0xDD, 0x2D, 0xAF, 0xCB, 0x10, 0x03, 0xDC, 0x00, 0x03, 0x00, 0x9E, 0xBA
	.byte 0x10, 0x03, 0x00, 0xFF, 0xFF, 0xFF, 0xBA, 0xDD, 0xCD, 0xCC, 0xEC, 0x07, 0xCF, 0xCC, 0xFE, 0x0F
	.byte 0xFF, 0x01, 0xAC, 0x11, 0xAE, 0x00, 0xCE, 0x26, 0x00, 0xEC, 0x00, 0x03, 0xCC, 0x0F, 0x00, 0x03
	.byte 0x00, 0x10, 0xDF, 0x80, 0x00, 0x1F, 0xDF, 0xED, 0xEE, 0xBE, 0xE0, 0xED, 0xAB, 0x00, 0xBA, 0xE0
	.byte 0xBE, 0xAA, 0xBA, 0xE0, 0xBB, 0xAA, 0x01, 0xBA, 0xD0, 0xBB, 0xAB, 0xBA, 0xCF, 0xBD, 0x00, 0x03
	.byte 0x00, 0xDC, 0xBB, 0xBC, 0xFF, 0xFF, 0xDE, 0xFE, 0xBB, 0x00, 0xCC, 0xEC, 0x0F, 0xBB, 0xCB, 0xCC
	.byte 0xFD, 0xBB, 0x1B, 0xBB, 0xCC, 0xED, 0xD0, 0x03, 0x90, 0xB8, 0xFE, 0x50, 0x57, 0x40, 0x5B, 0xC2
	.byte 0xF1, 0x1D, 0xF0, 0x01, 0x00, 0x00, 0xBD, 0xAB, 0x00, 0x03, 0xBB, 0x12, 0x00, 0x00, 0xE0, 0x40
	.byte 0x03, 0x00, 0xDE, 0x01, 0x02, 0xEB, 0x80, 0x30, 0x13, 0xBE, 0xBB, 0xBD, 0xBB, 0xDD, 0xDD, 0xDA
	.byte 0x00, 0xBD, 0xDD, 0xDD, 0xCB, 0xEC, 0xDD, 0xDD, 0xCC, 0xE0, 0x10, 0x03, 0x00, 0xD8, 0x01, 0xB7
	.byte 0x0F, 0xFE, 0xFF, 0xEF, 0x00, 0x00, 0xCB, 0xDC, 0xDC, 0x0F, 0x0F, 0x00, 0xE0, 0xBA, 0x6B, 0x0F
	.byte 0x02, 0xE8, 0x00, 0x72, 0xAD, 0x00, 0x72, 0xAE, 0x00, 0x43, 0x00, 0x03, 0x54, 0xD0, 0x00, 0x03
	.byte 0xBE, 0x20, 0x03, 0xCC, 0x00, 0xF0, 0xCC, 0xFC, 0x28, 0xEE, 0xFF, 0x00, 0x2B, 0xCE, 0x20, 0x03
	.byte 0xCD, 0xDC, 0xCD, 0x80, 0x00, 0x03, 0xCC, 0xDB, 0xBC, 0xCD, 0xCC, 0xDB, 0xDB, 0x20, 0xCC, 0xCC
	.byte 0x00, 0xE3, 0xCB, 0xFF, 0xCE, 0xBD, 0xBB, 0x0C, 0xCC, 0xFC, 0xBF, 0xBB, 0x01, 0xCE, 0x01, 0xD6
	.byte 0xDD, 0xCF, 0x98, 0x00, 0x03, 0xED, 0xCC, 0x02, 0x22, 0x10, 0x03, 0xBB, 0xBB, 0xDB, 0x04, 0xCE
	.byte 0xDC, 0xED, 0xEE, 0xCC, 0x02, 0x3C, 0xDD, 0xCC, 0xE4, 0x00, 0x18, 0x00, 0x02, 0x10, 0x83, 0xDD
	.byte 0xFE, 0x00, 0x03, 0xCB, 0xFF, 0xED, 0x00, 0x0B, 0x00, 0xE3, 0x10, 0x03, 0xDD, 0x50, 0x03, 0x01
	.byte 0x11, 0xDD, 0x00, 0x88, 0x5D, 0xDD, 0x00, 0x90, 0xED, 0x00, 0x03, 0xF0, 0x01, 0xD0, 0x01, 0xBE
	.byte 0x00, 0xE7, 0x4B, 0xCE, 0x01, 0xEF, 0xE0, 0xCC, 0x00, 0x0C, 0xCE, 0x00, 0xBB, 0x01, 0x9E, 0x34
	.byte 0xBD, 0xCB, 0x00, 0x0A, 0x10, 0x17, 0xBC, 0x00, 0xF7, 0x0F, 0xED, 0x0C, 0xDE, 0xDD, 0x0F, 0xDC
	.byte 0x00, 0x5C, 0x02, 0x7E, 0x00, 0xFF, 0xA0, 0x03, 0x91, 0xDD, 0x00, 0x60, 0xCB, 0xEE, 0x0F, 0x00
	.byte 0xEB, 0x89, 0x10, 0x64, 0x00, 0xBD, 0xBC, 0x01, 0x36, 0xDB, 0x00, 0x02, 0x28, 0x10, 0x00, 0xAE
	.byte 0xBA, 0x30, 0x03, 0xAD, 0xCB, 0xBB, 0xD0, 0x2D, 0xAA, 0xBC, 0x20, 0x03, 0xBB, 0x02, 0xA4, 0x00
	.byte 0xC4, 0xCB, 0x00, 0x02, 0xC8, 0x02, 0xD5, 0x10, 0x03, 0xCC, 0xFC, 0x00, 0x06, 0x1F, 0xCB, 0xCC
	.byte 0x03, 0xFC, 0x11, 0xCB, 0xEC, 0x1F, 0x11, 0x01, 0x52, 0x02, 0x58, 0x03, 0xDD, 0xBD, 0xDE, 0xDE
	.byte 0xDD, 0xBC, 0x00, 0x03, 0x03, 0x3B, 0x62, 0xCD, 0x01, 0xD5, 0x01, 0x0F, 0xDB, 0xEE, 0xAB, 0x03
	.byte 0x52, 0xEE, 0xC8, 0x01, 0x1D, 0x00, 0x3E, 0xEC, 0xFF, 0x00, 0x03, 0x0E, 0xBB, 0xAB, 0x00, 0xEC
	.byte 0x0D, 0xBB, 0xAA, 0xDE, 0x0F, 0xAB, 0xCA, 0x00, 0xDE, 0x0F, 0xAA, 0xEA, 0xFD, 0x00, 0xCC, 0xDE
	.byte 0x3D, 0xFD, 0x00, 0xF4, 0x20, 0xF0, 0x01, 0xF0, 0x01, 0x90, 0x01, 0xCE, 0x00, 0xF7, 0x9A, 0x50
	.byte 0xFB, 0x00, 0xF0, 0x10, 0xD0, 0x40, 0x03, 0xBE, 0x00, 0x03, 0xE0, 0x50, 0xDB, 0x03, 0x7B, 0xDC
	.byte 0x00, 0x03, 0xCC, 0xFC, 0xED, 0x00, 0x0A, 0xFF, 0xDF, 0xCC, 0x0E, 0x02, 0xCF, 0x0F, 0x02, 0x12
	.byte 0x0F, 0x60, 0xBB, 0x01, 0x13, 0x10, 0x7F, 0x00, 0xED, 0xDE, 0xBA, 0x00, 0x24, 0xE0, 0xD1, 0x30
	.byte 0x03, 0x00, 0xDD, 0x30, 0x03, 0xE0, 0xDC, 0x00, 0xBB, 0x00, 0xE0, 0xAB, 0xBB, 0x00, 0xF0, 0xCA
	.byte 0x00, 0xBB, 0xEB, 0xBE, 0xF1, 0x11, 0xEB, 0x1E, 0xC1, 0x01, 0xD1, 0xEB, 0xED, 0xDE, 0xBD, 0xDE
	.byte 0xCD, 0x03, 0xD7, 0xF6, 0x04, 0x2B, 0x20, 0x03, 0x01, 0x1A, 0x00, 0x03, 0xDB, 0x00, 0xE3, 0x01
	.byte 0x1B, 0xDB, 0xC1, 0x25, 0x0F, 0x00, 0x57, 0xDD, 0xDB, 0xDD, 0xED, 0xFF, 0x00, 0x02, 0x20, 0xDE
	.byte 0xDD, 0x02, 0xF8, 0xDC, 0xFF, 0xEF, 0xED, 0xED, 0xDB, 0x01, 0x63, 0x10, 0x03, 0xDD, 0x02, 0xDC
	.byte 0x11, 0xDF, 0xEF, 0x01, 0x72, 0x11, 0x76, 0xFB, 0x10, 0x03, 0xF2, 0xDE, 0xF0, 0x01, 0xF0, 0x01
	.byte 0x20, 0x01, 0xDD, 0x00, 0xDA, 0x01, 0xE3, 0xD9, 0x20, 0xF7, 0x53, 0xF3, 0xE0, 0x40, 0x03, 0x10
	.byte 0x01, 0xE0, 0x0D, 0x00, 0xFF, 0x08, 0xDE, 0x00, 0xED, 0xCE, 0x02, 0xE7, 0x0E, 0xBB, 0xDB, 0x02
	.byte 0xCD, 0x0E, 0xBB, 0xCB, 0xCD, 0xED, 0x00, 0xA3, 0xFD, 0x00, 0xBE, 0xDB, 0xDC, 0xFC, 0xDE, 0xCD
	.byte 0xDC, 0x0F, 0x4F, 0xEB, 0x02, 0x08, 0xBB, 0xCD, 0x02, 0x6C, 0x00, 0xE3, 0x20, 0x03, 0x04, 0x24
	.byte 0x16, 0x00, 0x00, 0xBF, 0x00, 0x03, 0xF0, 0x11, 0x37, 0x61, 0x96, 0xCE, 0x0A, 0xCC, 0xDD, 0xCD
	.byte 0xCE, 0x02, 0xB9, 0xDD, 0x11, 0xF7, 0xBB, 0x00, 0xFE, 0xFF, 0xBB, 0xFE, 0xFC, 0xFF, 0xEF, 0xF0
	.byte 0x52, 0xEC, 0x00, 0x7F, 0xCF, 0x00, 0x7B, 0xF0, 0xDD, 0x00, 0x0D, 0xEC, 0x0C, 0xFF, 0xFF, 0xEF
	.byte 0xCC, 0x00, 0x03, 0x00, 0x07, 0xCF, 0xFC, 0x00, 0xFF, 0xFF, 0xCD, 0x0E, 0xED, 0xDF, 0xCC, 0x0F
	.byte 0x1F, 0xCC, 0xCC, 0xFE, 0x20, 0xEF, 0x10, 0xE3, 0xF2, 0xC6, 0xF0, 0x01, 0xF0, 0x01, 0xF8, 0x60
	.byte 0x01, 0x16, 0x63, 0x11, 0xD7, 0x10, 0x03, 0xE0, 0x01, 0xCB, 0xDD, 0xCB, 0x04, 0xCE, 0xCC, 0xBE
	.byte 0xBB, 0xCF, 0x03, 0x75, 0xFD, 0xFF, 0x89, 0x05, 0x91, 0x00, 0xF0, 0xCC, 0x00, 0x9B, 0xFE, 0xEF
	.byte 0x50, 0x1F, 0x11, 0xCC, 0xCD, 0xEC, 0x02, 0xF7, 0xFD, 0x00, 0xDD, 0x02, 0x03, 0x7F, 0xFE, 0x00
	.byte 0xD5, 0xF0, 0x8B, 0xF0, 0x01, 0xD6, 0xA6, 0xF0, 0x12, 0x80, 0x1C, 0xF0, 0x50, 0xF8, 0xF0, 0x01
	.byte 0xF0, 0x01, 0xF0, 0x01, 0xF0, 0x01, 0x20, 0x01

  .globl gMonPalette_Onix
gMonPalette_Onix:
  .incbin "build/graphics/pokemon/onix/normal_palette.gbapal.lz"
  .space 0x1, 0x00
  .globl gMonBackPic_Onix
gMonBackPic_Onix:
  .incbin "build/graphics/pokemon/onix/back.4bpp.lz"

  .globl gMonShinyPalette_Onix
gMonShinyPalette_Onix:
  .incbin "build/graphics/pokemon/onix/shiny_palette.gbapal.lz"
  .space 0x1, 0x00
	.globl gMonIcon_Onix
gMonIcon_Onix: @ 0x08C713A0 [095]
  .incbin "build/graphics/pokemon/onix/icon.4bpp"
	@ analyzed canonical ROM range 0x08C717A0-0x08C71B37
sAnalyzedData_08C717A0: @ 0x08C717A0
	@ structured u8 payload; no safe higher-level semantic type was provable
	.byte 0x00, 0x00, 0x00, 0x00, 0x00, 0x00, 0x00, 0x00, 0x00, 0x00, 0x00, 0x00, 0x00, 0x00, 0x00, 0x00
	.byte 0x00, 0x00, 0x00, 0x00, 0x00, 0x00, 0x00, 0x00, 0x00, 0x00, 0x00, 0x00, 0x00, 0x00, 0x00, 0x00
	.byte 0x10, 0x00, 0x08, 0x00, 0x3E, 0x00, 0x00, 0xF0, 0x01, 0xF0, 0x01, 0xF0, 0x01, 0xF0, 0x01, 0xF0
	.byte 0x01, 0x00, 0x3F, 0xE0, 0x0E, 0xF0, 0x13, 0xF0, 0x01, 0xF0, 0x01, 0xF0, 0x01, 0xF0, 0x01, 0xF0
	.byte 0x01, 0xF0, 0xF0, 0x01, 0xF0, 0x01, 0xF0, 0x01, 0x70, 0x01, 0xED, 0x00, 0x00, 0xD0, 0x65, 0xBB
	.byte 0x00, 0xB4, 0x00, 0x03, 0x00, 0xCF, 0x00, 0x03, 0xFD, 0x00, 0x0B, 0x44, 0xEC, 0xC0, 0x20, 0x00
	.byte 0xDC, 0xEE, 0x00, 0x03, 0xED, 0xEE, 0x00, 0x00, 0xDF, 0xBE, 0xEB, 0x0F, 0xED, 0xCB, 0xCC, 0x10
	.byte 0x0E, 0x00, 0xCD, 0x00, 0x22, 0xCE, 0xDD, 0xEE, 0x00, 0x00, 0xCE, 0xED, 0xCC, 0x00, 0xCE, 0xBE
	.byte 0xCB, 0x00, 0x04, 0xEE, 0xBB, 0xBB, 0x00, 0xDE, 0x00, 0x03, 0xBE, 0xBB, 0x00, 0xBB, 0xD0, 0xBB
	.byte 0xBB, 0xBB, 0xE0, 0xEE, 0xEE, 0x00, 0xEE, 0xDD, 0xDD, 0xDD, 0xDD, 0xDC, 0xDC, 0xDD, 0x1C, 0xDD
	.byte 0xCC, 0xCD, 0x00, 0x03, 0x00, 0x08, 0x00, 0x07, 0xED, 0xCC, 0x00, 0xDC, 0xCC, 0xED, 0xCC, 0xCC
	.byte 0xCC, 0xCC, 0x0D, 0x00, 0x00, 0xE0, 0xEE, 0xED, 0xEE, 0xCE, 0xDD, 0xED, 0x00, 0xCE, 0xFC, 0xDF
	.byte 0xCE, 0xFC, 0xEF, 0xDE, 0xCE, 0x00, 0xEF, 0xEE, 0xDE, 0xFC, 0xEE, 0xEE, 0xFD, 0xFC, 0x01, 0xEE
	.byte 0xDE, 0xED, 0xDC, 0xDD, 0xED, 0xDF, 0x10, 0x77, 0xBF, 0x11, 0x45, 0x0F, 0x80, 0x03, 0x10, 0x01
	.byte 0x90, 0x0B, 0xF0, 0x01, 0xF0, 0x01, 0xF0, 0x01, 0x82, 0x50, 0x01, 0xCE, 0xDD, 0x00, 0x00, 0xFE
	.byte 0x10, 0x67, 0xF0, 0xC0, 0xF0, 0x1B, 0x00, 0xF3, 0xCC, 0xDD, 0xFC, 0xBE, 0xEC, 0xDE, 0x00, 0xCD
	.byte 0xBE, 0xFC, 0xDD, 0xDD, 0xEE, 0xDF, 0xDD, 0x28, 0xDD, 0xE0, 0x00, 0xCB, 0x00, 0x00, 0x07, 0x00
	.byte 0xE0, 0xDD, 0x00, 0xED, 0x00, 0xF0, 0xDD, 0xED, 0xE0, 0xBB, 0xBB, 0x20, 0xCB, 0xEF, 0x00, 0x03
	.byte 0xEC, 0xBB, 0xBB, 0xCC, 0xBE, 0x2C, 0xBB, 0xCB, 0x00, 0x03, 0xCC, 0x20, 0x03, 0x00, 0x0E, 0xCC
	.byte 0xEE, 0x60, 0xCB, 0x10, 0xE1, 0x70, 0x01, 0xDC, 0xCC, 0xCC, 0xCD, 0xCD, 0x00, 0xEE, 0xCE, 0xCD
	.byte 0xED, 0x11, 0xE1, 0xCC, 0x1E, 0x46, 0x1F, 0x40, 0x14, 0xFE, 0xDF, 0xDD, 0x01, 0x1A, 0x20, 0x03
	.byte 0xCC, 0xAF, 0x81, 0x27, 0xDC, 0x31, 0x27, 0xDD, 0x10, 0xFB, 0x01, 0x88, 0x20, 0x03, 0x11, 0x7F
	.byte 0x6F, 0xDD, 0x00, 0xF4, 0x10, 0x14, 0xDD, 0x00, 0x10, 0x30, 0x1D, 0xF0, 0x01, 0xF0, 0x01, 0xF3
	.byte 0xF0, 0x01, 0xF0, 0x01, 0xF0, 0x01, 0x30, 0x01, 0xDF, 0xBE, 0x02, 0x07, 0x00, 0x03, 0x69, 0x00
	.byte 0x01, 0xF9, 0x52, 0x1F, 0xE0, 0x01, 0x33, 0xE0, 0xCB, 0x00, 0x0F, 0x05, 0xDD, 0xBB, 0xDE, 0xCC
	.byte 0xCC, 0x10, 0xE6, 0xCE, 0x30, 0xDF, 0x40, 0xFE, 0x00, 0xF5, 0xDE, 0xCC, 0xEC, 0xFF, 0xEF, 0xCC
	.byte 0x01, 0xFC, 0x00, 0xDE, 0xCC, 0x0F, 0x00, 0xF0, 0x20, 0x15, 0x00, 0xCC, 0xEC, 0xCC, 0xCC, 0xFD
	.byte 0xDE, 0xCC, 0xFF, 0x39, 0xDE, 0xCD, 0x00, 0xE2, 0x10, 0x21, 0x30, 0x07, 0xDD, 0xCD, 0x00, 0x1D
	.byte 0xBC, 0x20, 0xE7, 0xCD, 0x12, 0x17, 0x10, 0x28, 0x00, 0x11, 0x22, 0x21, 0xCC, 0xDC, 0x29, 0xED
	.byte 0xCD, 0x00, 0x03, 0xCE, 0x00, 0x27, 0xED, 0x0D, 0x01, 0x16, 0x6B, 0xED, 0x12, 0x43, 0x20, 0x01
	.byte 0xDE, 0x30, 0x0D, 0xDC, 0x10, 0x03, 0x00, 0x0C, 0xF5, 0x50, 0xA5, 0x11, 0x09, 0x61, 0x1F, 0x21
	.byte 0x1B, 0x0F, 0x00, 0x03, 0x0A, 0xF0, 0xCE, 0xED, 0xF0, 0x01, 0xF0, 0x01, 0xB0, 0x01, 0xFE, 0xF0
	.byte 0x12, 0x70, 0x01, 0xFF, 0xF0, 0x12, 0x95, 0x90, 0x01, 0xA0, 0xDF, 0x00, 0xD0, 0xD0, 0x00, 0x03
	.byte 0xE0, 0x00, 0xF6, 0x40, 0xE0, 0x01, 0x07, 0xE0, 0xCD, 0xCA, 0xED, 0xE0, 0xCD, 0x00, 0xDA, 0xCE
	.byte 0xAA, 0xDD, 0xAA, 0xCA, 0xF8, 0x88, 0x17, 0xD8, 0xCA, 0xDC, 0x02, 0x24, 0xEE, 0x02, 0x37, 0x02
	.byte 0x2F, 0x10, 0xFF, 0x80, 0x10, 0xF9, 0xDD, 0xEC, 0xDC, 0xDD, 0xAA, 0xAD, 0xDC, 0x02, 0xAA, 0x88
	.byte 0xAA, 0xAC, 0x88, 0x88, 0x10, 0xE3, 0xDD, 0x60, 0xDD, 0x02, 0x70, 0x10, 0x03, 0xFD, 0x8D, 0x88
	.byte 0xED, 0xDF, 0x02, 0x88, 0x88, 0xDA, 0x8D, 0x88, 0x88, 0x50, 0x01, 0xDD, 0x02, 0xDD, 0xF9, 0x00
	.byte 0xDD, 0x9D, 0xA9, 0x00, 0x03, 0x99, 0x00, 0x0F, 0xDD, 0x99, 0x99, 0x0F, 0x88, 0x99, 0x99, 0x50
	.byte 0x0A, 0x00, 0x03, 0xA9, 0x00, 0x03, 0xF9, 0x88, 0x98, 0x99, 0x7E, 0xF9, 0xF0, 0x92, 0xF0, 0x01
	.byte 0xF0, 0x01, 0xF0, 0x01, 0xF0, 0x01, 0x60, 0x01, 0x90, 0xAE, 0x00, 0x03, 0x8A, 0x00, 0x03, 0x8F
	.byte 0x80, 0x03, 0x13, 0x4B, 0x23, 0x4F, 0xF8, 0x09, 0x88, 0x88, 0xAA, 0xA8, 0x00, 0xA7, 0x98, 0x8F
	.byte 0x00, 0x03, 0x50, 0x8A, 0x00, 0x03, 0xA9, 0x00, 0x0C, 0xA9, 0x99, 0x88, 0x88, 0x00, 0x99, 0x9F
	.byte 0x99, 0x8F, 0x99, 0xF9, 0x99, 0xAD, 0x50, 0xAA, 0x10, 0xC5, 0x98, 0x00, 0x03, 0x89, 0x89, 0x88
	.byte 0x98, 0x2D, 0x98, 0x98, 0x00, 0x06, 0x99, 0x00, 0x07, 0x10, 0x20, 0x99, 0x10, 0x01, 0x81, 0x10
	.byte 0x3B, 0xA8, 0x78, 0x88, 0x88, 0x8A, 0x77, 0x40, 0x03, 0x21, 0x78, 0x87, 0x00, 0x07, 0x77, 0x88
	.byte 0xA9, 0x88, 0x10, 0x03, 0xDE, 0x10, 0x3A, 0x00, 0xE7, 0x88, 0x40, 0x03, 0x10, 0x0B, 0x10, 0x03
	.byte 0x30, 0xFF, 0x0F, 0x7F, 0x98, 0x00, 0x03, 0xF0, 0xAE, 0xF0, 0x01, 0xF0, 0x01, 0xF0, 0x01, 0xF0
	.byte 0x01, 0xE0, 0x01, 0xDA, 0x03, 0x1F, 0x13, 0x17, 0xBE, 0x03, 0x2B, 0x13, 0x33, 0xF0, 0x22, 0x1A
	.byte 0xF0, 0x0A, 0x99, 0x99, 0xAF, 0xAA, 0x30, 0x8F, 0x99, 0x01, 0x9F, 0xF9, 0x01, 0xDB, 0x9D, 0xA9
	.byte 0x0F, 0xDD, 0xFF, 0x0A, 0x62, 0x37, 0x93, 0x10, 0xE3, 0xFF, 0x9A, 0x00, 0xA8, 0xA0, 0xFF, 0xF2
	.byte 0x4A, 0x10, 0x1F, 0x80, 0x00, 0x1B, 0x99, 0xA9, 0x9A, 0x99, 0xFF, 0x0A, 0xA0, 0xB0, 0x10, 0x1F
	.byte 0xA0, 0x40, 0x03, 0x70, 0x1F, 0x99, 0xF9, 0x0A, 0x99, 0x08, 0xA9, 0x8F, 0xA9, 0xFF, 0x01, 0x5B
	.byte 0x78, 0x77, 0x87, 0x00, 0xD8, 0x78, 0x77, 0xD8, 0xCD, 0x8A, 0x88, 0xCD, 0x07, 0xEC, 0xA0, 0x8A
	.byte 0xDD, 0xCC, 0x02, 0x7D, 0x63, 0x1F, 0x13, 0x09, 0xCB, 0x14, 0x43, 0x03, 0x93, 0x00, 0xCD, 0x00
	.byte 0x03, 0xDE, 0x00, 0x03, 0xF0, 0x70, 0xFF, 0xF0, 0x01, 0xF0, 0x01, 0xF0, 0x01, 0xF0, 0x01, 0xF0
	.byte 0x01, 0xF0, 0x01, 0xF0, 0x01, 0xF0, 0x01, 0xFC, 0xF0, 0x01, 0xF0, 0x01, 0x31, 0x67, 0xF0, 0x01
	.byte 0xF0, 0x01, 0xF0, 0x01, 0x00, 0x00, 0x00, 0x00

  .globl gMonPalette_Drowzee
gMonPalette_Drowzee:
  .incbin "build/graphics/pokemon/drowzee/normal_palette.gbapal.lz"
  .space 0x2, 0x00
  .globl gMonBackPic_Drowzee
gMonBackPic_Drowzee:
  .incbin "build/graphics/pokemon/drowzee/back.4bpp.lz"

  .globl gMonShinyPalette_Drowzee
gMonShinyPalette_Drowzee:
  .incbin "build/graphics/pokemon/drowzee/shiny_palette.gbapal.lz"
  .space 0x2, 0x00
	.globl gMonIcon_Drowzee
gMonIcon_Drowzee: @ 0x08C71DDC [096]
  .incbin "build/graphics/pokemon/drowzee/icon.4bpp"
	@ analyzed canonical ROM range 0x08C721DC-0x08C725E7
sAnalyzedData_08C721DC: @ 0x08C721DC
	@ structured u8 payload; no safe higher-level semantic type was provable
	.byte 0x00, 0x00, 0x00, 0xC0, 0xE0, 0xE0, 0xF0, 0xF0, 0x00, 0x00, 0x00, 0x06, 0x0F, 0x0F, 0x1F, 0x1F
	.byte 0xF0, 0xF0, 0xF0, 0xF0, 0xE0, 0xE0, 0xC0, 0x00, 0x1F, 0x1F, 0x1F, 0x1F, 0x0F, 0x0F, 0x07, 0x00
	.byte 0x10, 0x00, 0x08, 0x00, 0x3D, 0x00, 0x00, 0xF0, 0x01, 0xF0, 0x01, 0xF0, 0x01, 0x40, 0x01, 0x30
	.byte 0xE0, 0x10, 0x00, 0x04, 0x00, 0x00, 0x24, 0x42, 0x00, 0x00, 0x23, 0x9F, 0x00, 0x03, 0xE2, 0x22
	.byte 0x00, 0x0C, 0xF0, 0x01, 0xF0, 0x01, 0xF0, 0x01, 0x00, 0x01, 0x03, 0x40, 0x44, 0x00, 0x00, 0x14
	.byte 0x11, 0xF0, 0x17, 0x30, 0x01, 0x4F, 0x03, 0x00, 0x03, 0x31, 0x44, 0x10, 0x05, 0xF0, 0x01, 0xF0
	.byte 0x01, 0xF0, 0x01, 0xF8, 0xF0, 0x01, 0xF0, 0x01, 0x50, 0x88, 0xF0, 0x03, 0x60, 0x03, 0x24, 0xE2
	.byte 0x22, 0x00, 0x42, 0x00, 0x42, 0x2E, 0x22, 0x04, 0x42, 0x2E, 0x20, 0x42, 0xE4, 0x00, 0x07, 0x22
	.byte 0x42, 0x22, 0x22, 0x22, 0x40, 0x23, 0x00, 0x03, 0x12, 0x11, 0x22, 0x22, 0x11, 0x11, 0x28, 0x11
	.byte 0x22, 0x50, 0x44, 0x4E, 0x00, 0x03, 0x22, 0x44, 0x04, 0x5C, 0x00, 0x00, 0x21, 0x04, 0x00, 0x1E
	.byte 0x10, 0x26, 0x20, 0x01, 0x00, 0x40, 0x08, 0x13, 0x11, 0x00, 0x24, 0x00, 0xE7, 0x24, 0x24, 0x12
	.byte 0x08, 0x40, 0x22, 0x24, 0x22, 0x10, 0x03, 0x44, 0x24, 0x42, 0x20, 0x22, 0x24, 0x00, 0x03, 0x42
	.byte 0x42, 0x42, 0x32, 0x11, 0x00, 0x11, 0x42, 0x00, 0x11, 0x11, 0x21, 0x34, 0x14, 0x01, 0x11, 0x21
	.byte 0x42, 0x42, 0x21, 0x24, 0x32, 0x00, 0x03, 0x40, 0x34, 0x00, 0x1D, 0x34, 0xE2, 0x33, 0x3E, 0x3E
	.byte 0xE3, 0x1B, 0x33, 0x3E, 0xEE, 0x90, 0xA8, 0x11, 0x6D, 0x0E, 0x80, 0x03, 0xF0, 0x01, 0xEB, 0xF0
	.byte 0x01, 0xF0, 0x01, 0xE0, 0x01, 0x13, 0x00, 0xEA, 0x12, 0x00, 0x03, 0x00, 0xCB, 0x58, 0x30, 0x00
	.byte 0x03, 0x23, 0x00, 0x03, 0x11, 0xE1, 0x24, 0xF4, 0x00, 0x2D, 0x00, 0x2E, 0x10, 0xE3, 0x21, 0x40
	.byte 0x03, 0x00, 0xF0, 0x21, 0x20, 0xD3, 0x97, 0x01, 0x06, 0x22, 0xEF, 0x00, 0x0A, 0xFE, 0x11, 0x08
	.byte 0xF0, 0x01, 0xB0, 0x01, 0x00, 0xE2, 0xE4, 0x33, 0x22, 0xEE, 0x24, 0xEE, 0x22, 0x00, 0x4E, 0x24
	.byte 0x7E, 0x22, 0x44, 0x42, 0xE0, 0x22, 0x00, 0x43, 0x04, 0xE0, 0x32, 0x43, 0x76, 0xE0, 0x32, 0x00
	.byte 0x64, 0x66, 0x3E, 0x32, 0x64, 0x76, 0x3E, 0xE3, 0x00, 0xE4, 0xE4, 0x04, 0x3E, 0x33, 0x33, 0x04
	.byte 0x33, 0x10, 0x33, 0x33, 0xE2, 0x00, 0x03, 0x42, 0x32, 0x33, 0x23, 0x2F, 0x22, 0x27, 0x40, 0x63
	.byte 0x7E, 0x11, 0x3F, 0xC0, 0xAC, 0x10, 0xF7, 0x11, 0x07, 0x5E, 0x43, 0x00, 0x03, 0xE3, 0xF0, 0xCB
	.byte 0xF0, 0x01, 0xF0, 0x01, 0xC1, 0xFB, 0x2E, 0xC0, 0x00, 0x63, 0x00, 0x03, 0x70, 0x24, 0x22, 0x00
	.byte 0xF7, 0x4F, 0x00, 0x32, 0x00, 0x70, 0xEF, 0x43, 0x00, 0xF7, 0xF7, 0x00, 0x14, 0x40, 0x72, 0x4F
	.byte 0x13, 0x23, 0xF7, 0x4F, 0x1C, 0x12, 0xF2, 0x24, 0x00, 0x84, 0x00, 0x03, 0x00, 0x02, 0x32, 0x13
	.byte 0x16, 0x22, 0x22, 0x43, 0x01, 0x02, 0x33, 0x01, 0xAA, 0x30, 0x03, 0x22, 0x28, 0x43, 0x33, 0x10
	.byte 0xE2, 0xE3, 0x00, 0x1C, 0xFE, 0x4F, 0x22, 0x0C, 0x32, 0xEF, 0xFF, 0x24, 0x00, 0x0F, 0x00, 0xC1
	.byte 0x32, 0x33, 0x40, 0xE3, 0x00, 0xCB, 0x6E, 0x33, 0x33, 0xE4, 0x66, 0x33, 0x00, 0x6E, 0x66, 0x37
	.byte 0x43, 0x6F, 0x66, 0x77, 0xE3, 0x00, 0x6F, 0xFF, 0xE6, 0x64, 0xFF, 0x6F, 0xE7, 0x6E, 0x00, 0xF6
	.byte 0xFF, 0xE6, 0x66, 0xF6, 0x6F, 0x3D, 0x66, 0x00, 0xFF, 0x6F, 0xED, 0xF6, 0xFF, 0xDF, 0x33, 0xE3
	.byte 0x84, 0x10, 0x3F, 0x27, 0x22, 0x32, 0x34, 0x01, 0x04, 0x43, 0xE3, 0x00, 0x33, 0xE4, 0x33, 0x73
	.byte 0x4E, 0x00, 0x33, 0x43, 0x02, 0xE7, 0x0E, 0x33, 0x0E, 0x00, 0xEE, 0x03, 0x20, 0x70, 0xE0, 0x10
	.byte 0xE3, 0x10, 0x03, 0xB1, 0xEF, 0xDD, 0x0D, 0x00, 0x6D, 0xCC, 0x06, 0xDC, 0xEE, 0xC6, 0xCC, 0xCC
	.byte 0xF0, 0xD2, 0x71, 0x27, 0xEC, 0xBD, 0x72, 0xDF, 0x23, 0x12, 0xCB, 0x40, 0x03, 0x00, 0x56, 0x20
	.byte 0x03, 0x14, 0x10, 0x0F, 0x01, 0x22, 0xF7, 0x47, 0x22, 0x22, 0x72, 0x4F, 0x01, 0xC9, 0x00, 0xF7
	.byte 0x3E, 0x44, 0x42, 0xF7, 0x4F, 0x11, 0x2E, 0x00, 0xE3, 0xFF, 0x21, 0x2E, 0xE3, 0xFE, 0xE2, 0x32
	.byte 0x00, 0x3E, 0x73, 0x42, 0x32, 0x34, 0x43, 0x22, 0x32, 0x00, 0xE3, 0x33, 0x22, 0x33, 0x4E, 0xEE
	.byte 0x33, 0xE3, 0x00, 0x66, 0x66, 0xEE, 0x6E, 0x66, 0x66, 0x76, 0x66, 0x10, 0x66, 0x66, 0x77, 0x00
	.byte 0x03, 0x73, 0x67, 0x76, 0x66, 0x09, 0x34, 0x67, 0x37, 0x67, 0x00, 0xE2, 0x66, 0x4E, 0x00, 0x0F
	.byte 0x90, 0x70, 0x01, 0xF6, 0x6F, 0x00, 0x03, 0x7F, 0x66, 0xF6, 0xFF, 0x00, 0xFF, 0xE6, 0x76, 0x7F
	.byte 0xEE, 0x67, 0xFF, 0xE6, 0x00, 0x43, 0x76, 0x66, 0xE6, 0xE4, 0x76, 0x67, 0x4E, 0x00, 0x0E, 0x66
	.byte 0xE7, 0xE3, 0x00, 0xFF, 0x37, 0xE3, 0x04, 0x00, 0xEF, 0x33, 0xE3, 0x00, 0x00, 0x50, 0x00, 0x37
	.byte 0x30, 0x33, 0x43, 0xF2, 0xC7, 0xC0, 0x01, 0xE0, 0xCE, 0xCC, 0xC6, 0x00, 0xFD, 0xED, 0xDE, 0x6C
	.byte 0xFD, 0xCC, 0x0D, 0x6D, 0x00, 0xFD, 0xCC, 0xDD, 0x6C, 0xD0, 0xCC, 0x6C, 0xC6, 0x20, 0xE0, 0xCF
	.byte 0x00, 0xF7, 0xDE, 0xC6, 0xDC, 0x00, 0x00, 0x27, 0xED, 0x0E, 0x00, 0x04, 0x00, 0xCC, 0x00, 0x44
	.byte 0x50, 0x03, 0x10, 0x0F, 0xE9, 0x10, 0xF7, 0x80, 0x57, 0x00, 0xEB, 0x40, 0x04, 0x67, 0x40, 0x21
	.byte 0x81, 0x03, 0xC3, 0x11, 0x13, 0x20, 0x01, 0x22, 0x24, 0x42, 0x24, 0x11, 0xE2, 0x12, 0x78, 0x64
	.byte 0x44, 0x01, 0xB7, 0x01, 0x8D, 0x0E, 0x23, 0x04, 0xD7, 0xEE, 0x4E, 0x80, 0x20, 0x23, 0x30, 0x42
	.byte 0x7E, 0x3E, 0xE3, 0x22, 0x4E, 0x80, 0x02, 0x9C, 0x40, 0x34, 0x33, 0x0E, 0x24, 0x22, 0x42, 0x71
	.byte 0x40, 0x32, 0x0E, 0x23, 0x0A, 0x10, 0x03, 0x3E, 0x37, 0x77, 0x01, 0xEA, 0xA1, 0x70, 0x01, 0x32
	.byte 0x80, 0x03, 0x33, 0x43, 0xEE, 0xEE, 0x00, 0x04, 0x4E, 0x0E, 0x30, 0x03, 0x44, 0x43, 0xA0, 0x28
	.byte 0x00, 0x01, 0x00, 0x56, 0x33, 0xE7, 0xD1, 0xB3, 0x11, 0xEB, 0x01, 0xFB, 0x00, 0x33, 0x02, 0xE4
	.byte 0x01, 0x1E, 0xF1, 0x10, 0xFD, 0xF0, 0x01, 0xF0, 0x01, 0xF0, 0x01, 0xF0, 0x01, 0x70, 0x01, 0x12
	.byte 0x1B, 0x34, 0x40, 0x03, 0x57, 0xE0, 0xC5, 0x17, 0x24, 0x03, 0xF5, 0x32, 0x00, 0xEE, 0x03, 0x95
	.byte 0x20, 0xD1, 0x00, 0xE3, 0x4E, 0x33, 0x43, 0x3E, 0x40, 0xEE, 0xEE, 0x69, 0x44, 0x10, 0x0C, 0x01
	.byte 0x33, 0x33, 0x00, 0xAB, 0xE0, 0xE4, 0x01, 0x61, 0x37, 0x33, 0xE4, 0x00, 0x03, 0x00, 0xBC, 0x34
	.byte 0x00, 0x03, 0x20, 0xBF, 0x00, 0x03, 0x99, 0x10, 0xBE, 0x33, 0x24, 0x02, 0x3D, 0x02, 0x5D, 0x40
	.byte 0x34, 0x00, 0x03, 0x42, 0x43, 0x03, 0x67, 0x34, 0x43, 0xEE, 0x00, 0x00, 0xF8, 0x00, 0x26, 0xE0
	.byte 0x34, 0x00, 0xFB, 0x3E, 0x23, 0x10, 0x33, 0x10, 0x3B, 0x32, 0x0A, 0x3E, 0x04, 0x00, 0xE3, 0x00
	.byte 0x0C, 0x34, 0x00, 0x03, 0x33, 0x03, 0xE3, 0xE2, 0x00, 0x24, 0x32, 0x0E, 0x06, 0x5F, 0xF2, 0x1D
	.byte 0xFB, 0xF0, 0x01, 0xF0, 0x01, 0xF0, 0x01, 0xF0, 0x01, 0x80, 0x01, 0x2E, 0xC0, 0xF7, 0xB0, 0x1C
	.byte 0x00, 0x22, 0x34, 0x33, 0x2E, 0xE2, 0x22, 0x33, 0xE0, 0x2F, 0xEE, 0x22, 0x00, 0xA5, 0xEE, 0xE0
	.byte 0x90, 0xF3, 0x9B, 0xE4, 0x62, 0x14, 0xC3, 0xDF, 0xA5, 0xC7, 0x90, 0x01, 0xE2, 0x00, 0x19, 0xF0
	.byte 0x3F, 0xF0, 0x01, 0xF0, 0x01, 0xF0, 0x01, 0x80, 0xF0, 0x01, 0x00, 0x00

  .globl gMonPalette_Hypno
gMonPalette_Hypno:
  .incbin "build/graphics/pokemon/hypno/normal_palette.gbapal.lz"

  .globl gMonBackPic_Hypno
gMonBackPic_Hypno:
  .incbin "build/graphics/pokemon/hypno/back.4bpp.lz"

  .globl gMonShinyPalette_Hypno
gMonShinyPalette_Hypno:
  .incbin "build/graphics/pokemon/hypno/shiny_palette.gbapal.lz"

	.globl gMonIcon_Hypno
gMonIcon_Hypno: @ 0x08C72960 [097]
  .incbin "build/graphics/pokemon/hypno/icon.4bpp"
	@ analyzed canonical ROM range 0x08C72D60-0x08C73037
sAnalyzedData_08C72D60: @ 0x08C72D60
	@ structured u8 payload; no safe higher-level semantic type was provable
	.byte 0x00, 0x80, 0xB0, 0xB8, 0xF8, 0xF8, 0xF8, 0xF8, 0x00, 0x01, 0x0D, 0x1D, 0x1F, 0x1F, 0x1F, 0x1F
	.byte 0xF8, 0xF0, 0xF0, 0xF0, 0xE0, 0xE0, 0xC0, 0x00, 0x1F, 0x0F, 0x0F, 0x0F, 0x07, 0x07, 0x03, 0x00
	.byte 0x10, 0x00, 0x08, 0x00, 0x3F, 0x00, 0x00, 0xF0, 0x01, 0xF0, 0x01, 0xF0, 0x01, 0xF0, 0x01, 0xF0
	.byte 0x01, 0xF0, 0x01, 0xFF, 0xF0, 0x01, 0xF0, 0x01, 0xF0, 0x01, 0xF0, 0x01, 0xF0, 0x01, 0xF0, 0x01
	.byte 0xF0, 0x01, 0xF0, 0x01, 0xFF, 0xF0, 0x01, 0xF0, 0x01, 0xF0, 0x01, 0xF0, 0x01, 0xF0, 0x01, 0xF0
	.byte 0x01, 0xF0, 0x01, 0xF0, 0x01, 0xEA, 0xF0, 0x01, 0xF0, 0x01, 0x20, 0x01, 0xE0, 0x00, 0x02, 0xBD
	.byte 0x00, 0x02, 0xBB, 0x80, 0xD0, 0x18, 0xD0, 0xEE, 0xEE, 0x00, 0xBD, 0xCB, 0xDC, 0x00, 0x0E, 0xBB
	.byte 0xCC, 0xDC, 0xED, 0xCB, 0xCC, 0xDD, 0x7F, 0xFD, 0xF0, 0x3A, 0xF0, 0x01, 0xF0, 0x01, 0xF0, 0x01
	.byte 0xF0, 0x01, 0xF0, 0x01, 0x50, 0x82, 0xD0, 0x40, 0x03, 0xE0, 0x01, 0x0D, 0x00, 0x16, 0xEB, 0x00
	.byte 0xBD, 0x0E, 0x00, 0xDB, 0x0E, 0xBE, 0xED, 0xCE, 0x0E, 0xCE, 0xED, 0x0D, 0xCE, 0xFD, 0xE0, 0xDC
	.byte 0xF0, 0x25, 0x70, 0x01, 0x0E, 0x10, 0x04, 0x00, 0xCE, 0xBB, 0xCB, 0x00, 0xCE, 0xCC, 0xCC, 0xE0
	.byte 0x50, 0xCC, 0x20, 0x03, 0xEC, 0x00, 0x03, 0xFE, 0xE0, 0xCC, 0xED, 0x00, 0xFF, 0x00, 0xDE, 0xFD
	.byte 0xDD, 0x00, 0xF7, 0xFD, 0x00, 0xDD, 0xCC, 0xFE, 0xEF, 0xFD, 0xEC, 0xFF, 0xF0, 0x02, 0xFD, 0xFE
	.byte 0x0F, 0x00, 0x0F, 0xFF, 0x00, 0x2E, 0x0F, 0x80, 0x01, 0x19, 0x0E, 0xDE, 0x0F, 0x00, 0xEE, 0xDD
	.byte 0x0F, 0x7E, 0x00, 0xF0, 0xFD, 0xF0, 0x01, 0xF0, 0x01, 0xF0, 0x01, 0xF0, 0x01, 0x20, 0x01, 0x66
	.byte 0x0B, 0x00, 0x00, 0x70, 0x44, 0x40, 0x0B, 0xED, 0x00, 0xF2, 0x01, 0x8B, 0x82, 0x01, 0x8F, 0xD0
	.byte 0xBB, 0xBB, 0x00, 0xE0, 0x00, 0x03, 0xCE, 0x00, 0xBC, 0xBB, 0x66, 0x66, 0x66, 0xCC, 0xED, 0xDC
	.byte 0x00, 0xCF, 0xDC, 0xEC, 0xCC, 0xFD, 0xDD, 0xCB, 0xCC, 0x00, 0xCC, 0xEE, 0xBB, 0xEE, 0xCE, 0xCC
	.byte 0xEB, 0x22, 0x00, 0xE2, 0xCC, 0x1E, 0x11, 0x21, 0xCF, 0x1E, 0x1F, 0x02, 0x11, 0xE2, 0x1E, 0x11
	.byte 0x11, 0xF2, 0x00, 0x38, 0x00, 0xC0, 0x00, 0xAA, 0x20, 0xAB, 0xDC, 0xDD, 0xFE, 0x00, 0xDC, 0xED
	.byte 0x04, 0x22, 0x0F, 0xCC, 0x2E, 0x11, 0x00, 0x24, 0x1F, 0x72, 0x80, 0x00, 0x28, 0x72, 0x60, 0x74
	.byte 0xEF, 0xDD, 0x70, 0x54, 0x00, 0xF7, 0xFE, 0x70, 0x47, 0xF5, 0x00, 0x70, 0x54, 0x02, 0x0F, 0x00
	.byte 0x47, 0x75, 0x00, 0x00, 0x00, 0x0A, 0x00, 0x05, 0x54, 0x07, 0x00, 0x00, 0x55, 0x00, 0x37, 0xED
	.byte 0x00, 0x03, 0xFC, 0x00, 0x02, 0xF0, 0x01, 0xF0, 0x01, 0xF0, 0x01, 0xF0, 0x01, 0xF0, 0x01, 0x00
	.byte 0x66, 0x54, 0x46, 0x00, 0x71, 0x77, 0x00, 0x03, 0x4F, 0x60, 0x03, 0x70, 0x44, 0x00, 0x47, 0x00
	.byte 0x57, 0x74, 0x54, 0x00, 0x7F, 0xF5, 0x00, 0x55, 0x67, 0x44, 0x44, 0xCF, 0x47, 0x74, 0xF7, 0x00
	.byte 0xDF, 0x47, 0x46, 0x5F, 0xD7, 0x47, 0x74, 0xEE, 0x00, 0x75, 0x57, 0xEE, 0xCC, 0xFE, 0xE5, 0xBB
	.byte 0xCB, 0x20, 0xCC, 0xBE, 0x02, 0x80, 0xBE, 0xCB, 0xCC, 0xFC, 0xED, 0x00, 0x61, 0x11, 0xF2, 0xDD
	.byte 0x47, 0xE7, 0xDE, 0xDD, 0x00, 0x47, 0xDF, 0xDD, 0x77, 0x44, 0xF4, 0xD7, 0x45, 0x08, 0x44, 0x44
	.byte 0x74, 0x5F, 0x00, 0x04, 0xFE, 0x66, 0x45, 0x00, 0x44, 0xEC, 0x55, 0x76, 0x55, 0xCC, 0xED, 0x11
	.byte 0x00, 0x47, 0xCC, 0xDD, 0xEE, 0x47, 0xDD, 0xDD, 0xDD, 0x00, 0x4F, 0xDD, 0xDD, 0xF7, 0x44, 0x77
	.byte 0x77, 0x44, 0x04, 0x54, 0x44, 0x44, 0x44, 0x55, 0x00, 0x02, 0x55, 0x55, 0x0F, 0x55, 0x56, 0xF7
	.byte 0x7F, 0x00, 0x81, 0x10, 0x03, 0x00, 0xF2, 0x20, 0x03, 0xBF, 0x00, 0xFE, 0x00, 0x00, 0xFA, 0xF0
	.byte 0xF3, 0xF0, 0x01, 0xF0, 0x01, 0xF0, 0x01, 0xF0, 0x01, 0x80, 0xC0, 0x01, 0xF0, 0x55, 0xF5, 0xE7
	.byte 0x57, 0x75, 0x77, 0x00, 0xE5, 0x57, 0x7F, 0x55, 0xE5, 0xFF, 0xF0, 0xF5, 0x61, 0xEF, 0x32, 0x61
	.byte 0x70, 0x01, 0xBB, 0xCB, 0xDC, 0xFC, 0x00, 0xEA, 0x04, 0xFD, 0xBB, 0xCC, 0xDD, 0xEF, 0x50, 0x03
	.byte 0xBE, 0xCC, 0x00, 0xDD, 0x0E, 0xBE, 0xCB, 0xDC, 0xFD, 0xE0, 0xCB, 0x00, 0xDC, 0xED, 0xCC, 0x5E
	.byte 0x55, 0x57, 0xCD, 0x5F, 0x89, 0x00, 0x03, 0x7F, 0xFF, 0x70, 0x02, 0x96, 0x00, 0xDF, 0x00, 0x03
	.byte 0x44, 0xF0, 0x80, 0xBC, 0x55, 0x66, 0xF5, 0x00, 0x02, 0x7F, 0x77, 0x0A, 0xFF, 0x0F, 0x70, 0x55
	.byte 0x00, 0x0E, 0xF7, 0xD0, 0x7F, 0x77, 0x9B, 0x00, 0xEC, 0x45, 0x74, 0x00, 0xFB, 0x00, 0xFC, 0x0F
	.byte 0xF0, 0xF4, 0xF0, 0x01, 0xFE, 0xF0, 0x01, 0xF0, 0x01, 0xF0, 0x01, 0xF0, 0x01, 0xF0, 0x01, 0xF0
	.byte 0x01, 0x10, 0x01, 0xBF, 0x03, 0xCC, 0xDD, 0x00, 0xF0, 0xDE, 0xDD, 0x04, 0x8F, 0x13, 0x7E, 0xFF
	.byte 0xE0, 0x01, 0x10, 0xB2, 0x13, 0x86, 0xF0, 0x1C, 0xF0, 0x01, 0xF0, 0x01, 0xF0, 0x01, 0xF0, 0x01
	.byte 0xFF, 0xF0, 0x01, 0xF0, 0x01, 0xF0, 0x01, 0xF0, 0x01, 0xF0, 0x01, 0xF0, 0x01, 0xF0, 0x01, 0xF0
	.byte 0x01, 0xFF, 0xF0, 0x01, 0xF0, 0x01, 0xF0, 0x01, 0xF0, 0x01, 0xF0, 0x01, 0xF0, 0x01, 0xF0, 0x01
	.byte 0xF0, 0x01, 0xC0, 0xF0, 0x01, 0x90, 0x01, 0x00

  .globl gMonPalette_Krabby
gMonPalette_Krabby:
  .incbin "build/graphics/pokemon/krabby/normal_palette.gbapal.lz"
  .space 0x2, 0x00

  .globl gMonBackPic_Krabby
gMonBackPic_Krabby:
  .incbin "build/graphics/pokemon/krabby/back.4bpp.lz"

  .globl gMonShinyPalette_Krabby
gMonShinyPalette_Krabby:
  .incbin "build/graphics/pokemon/krabby/shiny_palette.gbapal.lz"
  .space 0x2, 0x00
	.globl gMonIcon_Krabby
gMonIcon_Krabby: @ 0x08C73414 [098]
  .incbin "build/graphics/pokemon/krabby/icon.4bpp"
	@ analyzed canonical ROM range 0x08C73814-0x08C73D67
sAnalyzedData_08C73814: @ 0x08C73814
	@ structured u8 payload; no safe higher-level semantic type was provable
	.byte 0x00, 0x00, 0x00, 0x00, 0x00, 0x00, 0xC0, 0xF0, 0x00, 0x00, 0x00, 0x00, 0x00, 0x00, 0x03, 0x0F
	.byte 0xF8, 0xF8, 0x70, 0x00, 0x00, 0x00, 0x00, 0x00, 0x0F, 0x19, 0x10, 0x00, 0x00, 0x00, 0x00, 0x00
	.byte 0x10, 0x00, 0x08, 0x00, 0x3A, 0x00, 0x00, 0xF0, 0x01, 0xF0, 0x01, 0xE0, 0x01, 0x70, 0x00, 0x03
	.byte 0x57, 0x0A, 0x00, 0x77, 0x08, 0x58, 0x80, 0x13, 0x30, 0x00, 0x03, 0x13, 0x00, 0x87, 0x00, 0x00
	.byte 0x14, 0x75, 0x0E, 0x00, 0x14, 0x00, 0xF7, 0xEF, 0x00, 0x14, 0x57, 0xE5, 0x00, 0x40, 0xA0, 0x40
	.byte 0x1A, 0x03, 0x00, 0x03, 0x41, 0x04, 0x00, 0x40, 0xE1, 0x80, 0x10, 0x03, 0xE2, 0x00, 0x40, 0x21
	.byte 0x42, 0x00, 0x40, 0x04, 0x22, 0x22, 0x0E, 0x40, 0x22, 0xD0, 0x3F, 0x00, 0x00, 0x20, 0x40, 0x11
	.byte 0x00, 0x23, 0x21, 0x0E, 0x00, 0x24, 0x42, 0xAB, 0x00, 0x03, 0xE3, 0x50, 0x1C, 0x04, 0x00, 0x03
	.byte 0x0E, 0x40, 0x03, 0x10, 0x0B, 0xAF, 0x00, 0x01, 0x33, 0x00, 0x32, 0xE1, 0xF0, 0x9A, 0xF0, 0x01
	.byte 0xF0, 0x01, 0xF0, 0x01, 0xA8, 0xC0, 0xDB, 0x80, 0x00, 0x03, 0x88, 0x10, 0x03, 0x80, 0x66, 0x88
	.byte 0x00, 0x55, 0x70, 0x86, 0x55, 0x5E, 0x57, 0x86, 0x55, 0x00, 0x58, 0x58, 0x86, 0x55, 0xE5, 0x88
	.byte 0x58, 0x68, 0x00, 0xE5, 0xF8, 0x8F, 0x68, 0x66, 0x5F, 0x55, 0x88, 0x00, 0x76, 0x55, 0x85, 0x85
	.byte 0x76, 0x58, 0x44, 0x00, 0x00, 0x40, 0x48, 0x11, 0x0E, 0x40, 0x68, 0x14, 0xE2, 0x80, 0x00, 0x03
	.byte 0x21, 0x44, 0x6E, 0x46, 0x21, 0x22, 0x6E, 0x00, 0x47, 0x22, 0x33, 0x78, 0x47, 0x42, 0xEE, 0x87
	.byte 0x00, 0x48, 0x14, 0x11, 0x22, 0x04, 0x40, 0x32, 0x22, 0x40, 0xE3, 0x00, 0x03, 0x43, 0x34, 0x32
	.byte 0x32, 0x33, 0x33, 0x80, 0x40, 0x01, 0x43, 0x44, 0x33, 0x43, 0x24, 0x22, 0xE4, 0x00, 0x2E, 0x12
	.byte 0x21, 0x0E, 0x40, 0x23, 0x43, 0x04, 0x00, 0x40, 0x22, 0x04, 0x43, 0x24, 0x32, 0x0E, 0x44, 0x19
	.byte 0x23, 0x32, 0x0E, 0x00, 0x1C, 0x10, 0x03, 0x44, 0xE4, 0x00, 0x04, 0x10, 0x32, 0x3E, 0x33, 0x00
	.byte 0xE3, 0x14, 0xE3, 0x00, 0x40, 0x42, 0x32, 0x21, 0x0A, 0x40, 0x22, 0xE3, 0x00, 0x00, 0x26, 0x00
	.byte 0x01, 0x22, 0x33, 0x04, 0x00, 0x33, 0x43, 0x00, 0x00, 0x43, 0x6A, 0x44, 0x91, 0x3F, 0x60, 0x01
	.byte 0x44, 0x01, 0x24, 0x22, 0x00, 0x03, 0xE3, 0xE0, 0x01, 0xA0, 0xF0, 0x1D, 0xC0, 0xEC, 0x77, 0x80
	.byte 0x85, 0x67, 0x55, 0x00, 0x58, 0x85, 0x88, 0x86, 0x56, 0xF8, 0x00, 0x8E, 0x55, 0x76, 0x01, 0xCF
	.byte 0xEE, 0x11, 0xD3, 0x57, 0x00, 0x19, 0x55, 0x01, 0x06, 0x40, 0x45, 0x00, 0xE3, 0x78, 0x55, 0x58
	.byte 0x55, 0x78, 0x55, 0x00, 0x8E, 0x56, 0x85, 0x55, 0x6E, 0x6E, 0x85, 0x77, 0x00, 0x6E, 0x6E, 0x58
	.byte 0x55, 0x6E, 0xE8, 0x58, 0x65, 0x00, 0x86, 0xE0, 0x58, 0x44, 0x84, 0x00, 0x77, 0x88, 0x00, 0x44
	.byte 0x11, 0x21, 0x58, 0x1E, 0x22, 0x22, 0x55, 0x00, 0x2E, 0xF2, 0xFF, 0x55, 0x24, 0xFF, 0xFF, 0xE5
	.byte 0x40, 0x22, 0x10, 0x03, 0xF3, 0xFF, 0x45, 0x22, 0x32, 0xFF, 0x00, 0x55, 0xE8, 0x28, 0x33, 0x22
	.byte 0x22, 0x11, 0x21, 0x00, 0x22, 0x12, 0x11, 0x22, 0x2D, 0x22, 0x22, 0x22, 0x4A, 0xDF, 0x00, 0x03
	.byte 0xFF, 0x23, 0x30, 0x03, 0xFE, 0x00, 0x03, 0xDD, 0x04, 0x23, 0x22, 0xD2, 0x32, 0xE3, 0x00, 0xE7
	.byte 0x33, 0xE4, 0x2A, 0xEE, 0x22, 0x00, 0xEF, 0x22, 0x01, 0x20, 0x22, 0x00, 0x08, 0xD2, 0x02, 0xFF
	.byte 0x3D, 0x33, 0xFF, 0xFF, 0xDF, 0x20, 0x03, 0x33, 0x28, 0x43, 0x34, 0x11, 0x30, 0xE3, 0x01, 0x0F
	.byte 0xE3, 0x33, 0x3E, 0x34, 0x33, 0x44, 0x00, 0x05, 0x00, 0x10, 0x34, 0x10, 0x03, 0x43, 0x83, 0x00
	.byte 0x38, 0x43, 0x33, 0x0E, 0x70, 0x55, 0x85, 0x00, 0x00, 0x70, 0x57, 0xE6, 0x00, 0x57, 0x85, 0x66
	.byte 0x70, 0x00, 0x65, 0x86, 0x86, 0x58, 0x65, 0x6E, 0x58, 0x5E, 0x00, 0xE5, 0x58, 0x88, 0x5E, 0x08
	.byte 0x88, 0x65, 0x8E, 0x1D, 0x00, 0x58, 0x65, 0x50, 0xE7, 0x12, 0x37, 0x11, 0x0C, 0x8F, 0x00, 0x03
	.byte 0x5D, 0x5F, 0x00, 0x08, 0x58, 0x00, 0x10, 0x10, 0x03, 0x02, 0x6F, 0x24, 0x00, 0x03, 0xA0, 0x01
	.byte 0x47, 0x24, 0x40, 0x03, 0x23, 0x22, 0x00, 0x30, 0x22, 0x60, 0x22, 0x12, 0x9E, 0x00, 0x1A, 0x22
	.byte 0x51, 0x45, 0x00, 0x57, 0x00, 0x11, 0x51, 0x04, 0x58, 0x12, 0x11, 0x04, 0x6E, 0x00, 0x12, 0x11
	.byte 0x42, 0x78, 0x22, 0x11, 0x42, 0x80, 0x22, 0x22, 0x12, 0x00, 0x03, 0x22, 0x32, 0x74, 0x00, 0x03
	.byte 0x0E, 0x00, 0x55, 0xE5, 0x8F, 0x82, 0x55, 0x55, 0x85, 0xF8, 0x80, 0x00, 0x03, 0xF6, 0x55, 0x55
	.byte 0x65, 0xF6, 0x56, 0x55, 0x12, 0x55, 0x55, 0x67, 0x00, 0x03, 0x55, 0x57, 0x00, 0x02, 0x75, 0x00
	.byte 0x55, 0x55, 0x33, 0x23, 0x22, 0xF2, 0x2E, 0x22, 0x18, 0x22, 0xF2, 0x3E, 0x00, 0xFB, 0x00, 0x03
	.byte 0x82, 0x8F, 0x33, 0x03, 0x33, 0xF8, 0x65, 0x88, 0x88, 0x5F, 0x10, 0x22, 0x10, 0x01, 0x10, 0xFE
	.byte 0xFF, 0xFF, 0x00, 0xE7, 0x33, 0x33, 0xE8, 0x83, 0x00, 0x33, 0x33, 0xE5, 0xF8, 0x3E, 0x83, 0xE5
	.byte 0xF5, 0x34, 0x8E, 0x58, 0x00, 0x36, 0x10, 0x01, 0x65, 0x00, 0x02, 0x66, 0x83, 0x00, 0x85, 0x43
	.byte 0x33, 0x58, 0xE5, 0x43, 0x43, 0x58, 0x00, 0xE5, 0x33, 0x43, 0x55, 0xE6, 0x33, 0x43, 0x65, 0x80
	.byte 0x00, 0x03, 0x66, 0xE6, 0x38, 0x64, 0x66, 0x86, 0x86, 0x00, 0x66, 0x76, 0x68, 0x86, 0x86, 0x44
	.byte 0x80, 0x55, 0x00, 0xE6, 0xE6, 0x58, 0x65, 0x7E, 0xE6, 0x65, 0xE6, 0x00, 0x68, 0xE6, 0x65, 0x0E
	.byte 0x68, 0x88, 0xE6, 0x00, 0x04, 0x68, 0x87, 0x08, 0x00, 0x80, 0x02, 0xBC, 0x80, 0x66, 0x0B, 0xE8
	.byte 0x00, 0x80, 0x57, 0x00, 0xE3, 0x56, 0x50, 0x03, 0x00, 0xF7, 0x21, 0x56, 0x85, 0x00, 0x03, 0xE5
	.byte 0x00, 0x00, 0x66, 0x40, 0x03, 0x12, 0x00, 0x40, 0x34, 0x00, 0xE7, 0xE3, 0x24, 0x00, 0x03, 0x2E
	.byte 0x10, 0x00, 0x40, 0x43, 0x00, 0x03, 0x33, 0x3E, 0x00, 0x00, 0x04, 0x34, 0x43, 0x00, 0x00, 0x3E
	.byte 0x03, 0x7B, 0xE0, 0xE3, 0xA0, 0x01, 0x8F, 0x0E, 0xF0, 0x03, 0x33, 0x04, 0x22, 0x22, 0x43, 0x00
	.byte 0x00, 0x22, 0x32, 0xE3, 0x00, 0x70, 0x66, 0x67, 0x05, 0x56, 0x00, 0x68, 0x86, 0x66, 0x02, 0x37
	.byte 0x67, 0x12, 0x7A, 0x00, 0x00, 0x00, 0x43, 0x11, 0x00, 0x30, 0x55, 0x15, 0x00, 0x00, 0x53, 0x55
	.byte 0x11, 0x00, 0x54, 0x11, 0x11, 0x80, 0x10, 0xC8, 0x66, 0x66, 0x66, 0x44, 0x46, 0x44, 0x44, 0x2B
	.byte 0x33, 0x34, 0x00, 0x38, 0x21, 0x01, 0x07, 0x11, 0x40, 0x03, 0x10, 0x0B, 0x45, 0x65, 0x10, 0x1C
	.byte 0x84, 0x77, 0x67, 0x00, 0xDD, 0x76, 0x02, 0xF6, 0x59, 0x66, 0x02, 0x02, 0x44, 0x52, 0x07, 0x01
	.byte 0x5F, 0x33, 0x66, 0x00, 0xE5, 0x80, 0x00, 0x03, 0x88, 0x67, 0x76, 0x87, 0x0E, 0x86, 0x77, 0x0A
	.byte 0xEE, 0x00, 0xE7, 0xEE, 0x20, 0x64, 0x00, 0x02, 0x32, 0x00, 0x80, 0x13, 0x2B, 0x66, 0x66, 0xE8
	.byte 0x80, 0x68, 0x66, 0x56, 0x03, 0x88, 0xE0, 0x58, 0x55, 0x55, 0x00, 0x00, 0x04, 0x00, 0xB3, 0x90
	.byte 0x00, 0x8B, 0x00, 0x6E, 0x43, 0xC3, 0x80, 0x66, 0x85, 0x78, 0x00, 0x00, 0xEE, 0x65, 0x68, 0x07
	.byte 0x55, 0x68, 0x68, 0x00, 0x76, 0xE5, 0xE6, 0xEE, 0x86, 0x6E, 0x86, 0x0E, 0x00, 0x8E, 0x88, 0x68
	.byte 0x0E, 0x00, 0xF8, 0x6F, 0x0E, 0x19, 0x00, 0xFF, 0x6F, 0x23, 0x1E, 0x00, 0x51, 0x00, 0xE0, 0x40
	.byte 0x03, 0xF3, 0x14, 0xAF, 0x00, 0xFF, 0x20, 0x0B, 0x20, 0x01, 0x22, 0x32, 0x00, 0xE7, 0x13, 0x6F
	.byte 0x00, 0x33, 0x0E, 0x00, 0x33, 0xE3, 0x00, 0x30, 0x43, 0x19, 0x0E, 0x00, 0x40, 0x01, 0x4A, 0x04
	.byte 0xA7, 0x00, 0x14, 0x00, 0x03, 0x03, 0x24, 0x00, 0x13, 0x21, 0x22, 0x30, 0x00, 0xCC, 0x00, 0x06
	.byte 0xF8, 0x60, 0xD7, 0x80, 0x03, 0x01, 0x3F, 0xF0, 0x01, 0x10, 0x01, 0x43, 0xEE, 0x34, 0x0F, 0x22
	.byte 0x04, 0x00, 0xE0, 0x00, 0xE3, 0xF0, 0x01, 0x70, 0x01, 0x13, 0x1B, 0x3C, 0x33, 0xE3, 0x91, 0x0F
	.byte 0x70, 0x03, 0x14, 0x20, 0x14, 0x1F, 0x00, 0x80, 0xA8, 0x00, 0x8F, 0x80, 0x01, 0xAC, 0x68, 0x01
	.byte 0xB4, 0x58, 0x33, 0x0E, 0x00, 0x80, 0x56, 0x33, 0x0E, 0x88, 0x56, 0x33, 0x84, 0x00, 0x55, 0x85
	.byte 0x33, 0x83, 0x58, 0x65, 0x55, 0x86, 0x0D, 0x00, 0x00, 0x65, 0xE6, 0x00, 0x03, 0x00, 0xEA, 0x65
	.byte 0x00, 0x28, 0x77, 0x66, 0x00, 0x03, 0x00, 0x12, 0x20, 0x03, 0xE8, 0xF4, 0x0E, 0xF0, 0x01, 0x31
	.byte 0x13, 0xC0, 0x45, 0xC7, 0xF0, 0x01, 0x11, 0x21, 0x32, 0x0E, 0x11, 0x21, 0x09, 0xE3, 0x00, 0x14
	.byte 0x21, 0x35, 0xB5, 0x00, 0x24, 0x00, 0x03, 0x68, 0xE0, 0x23, 0x58, 0x50, 0x01, 0x4E, 0x20, 0x44
	.byte 0x44, 0x04, 0x00, 0x54, 0x34, 0x04, 0xB4, 0xEE, 0x01, 0xDF, 0x00, 0x14, 0xD7, 0xE0, 0x34, 0xA0
	.byte 0x00, 0xBB, 0xE0, 0x00, 0xC5, 0x43, 0x44, 0xE4, 0xEE, 0x0E, 0xD0, 0x11, 0x83, 0x00, 0x03, 0x40
	.byte 0x00, 0x03, 0xE4, 0xEE, 0xE4, 0xEE, 0xF5, 0x00, 0x25, 0x40, 0x01, 0x13, 0xFD, 0x10, 0x0D, 0xEE
	.byte 0x00, 0x08, 0xEE, 0x00, 0x37, 0x18, 0x3E, 0xE3, 0x4E, 0x50, 0x16, 0x10, 0x03, 0x43, 0x33, 0x63
	.byte 0x02, 0x86, 0x65, 0x33, 0x64, 0x66, 0x66, 0x00, 0x03, 0x68, 0x00, 0x33, 0x64, 0x76, 0x78, 0x33
	.byte 0x74, 0x87, 0xEE, 0x07, 0x43, 0xE8, 0x0E, 0x00, 0xE4, 0x43, 0xF3, 0x00, 0xFA, 0x20, 0x03, 0x7F
	.byte 0xE7, 0x40, 0x0F, 0xF0, 0x01, 0xF0, 0x01, 0xF0, 0x01, 0xF0, 0x01, 0xF0, 0x01, 0xF0, 0x01, 0xAF
	.byte 0x40, 0x01, 0x2E, 0x00, 0x03, 0x34, 0xF1, 0x43, 0x42, 0x5F, 0x14, 0xF7, 0x00, 0x04, 0x77, 0x23
	.byte 0x01, 0xD3, 0x02, 0x12, 0x03, 0x8B, 0xEE, 0x11, 0x0B, 0x60, 0x01, 0x14, 0xFB, 0x8F, 0x36, 0x13
	.byte 0xE4, 0x00, 0x43, 0x00, 0x19, 0x46, 0xFB, 0xF0, 0x01, 0xF0, 0x01, 0xC0, 0xF0, 0x01, 0xF0, 0x01
	.byte 0x00, 0x00, 0x00, 0x00

  .globl gMonPalette_Kingler
gMonPalette_Kingler:
  .incbin "build/graphics/pokemon/kingler/normal_palette.gbapal.lz"

  .globl gMonBackPic_Kingler
gMonBackPic_Kingler:
  .incbin "build/graphics/pokemon/kingler/back.4bpp.lz"

  .globl gMonShinyPalette_Kingler
gMonShinyPalette_Kingler:
  .incbin "build/graphics/pokemon/kingler/shiny_palette.gbapal.lz"

	.globl gMonIcon_Kingler
gMonIcon_Kingler: @ 0x08C74134 [099]
  .incbin "build/graphics/pokemon/kingler/icon.4bpp"
	@ analyzed canonical ROM range 0x08C74534-0x08C7475B
sAnalyzedData_08C74534: @ 0x08C74534
	@ structured u8 payload; no safe higher-level semantic type was provable
	.byte 0x00, 0x00, 0x00, 0x00, 0xE0, 0xF8, 0xFC, 0xFE, 0x00, 0x00, 0x00, 0x00, 0x01, 0x07, 0x1F, 0x3F
	.byte 0x3E, 0x1C, 0x00, 0x00, 0x00, 0x00, 0x00, 0x00, 0x70, 0x40, 0x00, 0x00, 0x00, 0x00, 0x00, 0x00
	.byte 0x10, 0x00, 0x08, 0x00, 0x3F, 0x00, 0x00, 0xF0, 0x01, 0xF0, 0x01, 0xF0, 0x01, 0xF0, 0x01, 0xF0
	.byte 0x01, 0xF0, 0x01, 0xFF, 0xF0, 0x01, 0xF0, 0x01, 0xF0, 0x01, 0xF0, 0x01, 0xF0, 0x01, 0xF0, 0x01
	.byte 0xF0, 0x01, 0xF0, 0x01, 0xFF, 0xF0, 0x01, 0xF0, 0x01, 0xF0, 0x01, 0xF0, 0x01, 0xF0, 0x01, 0xF0
	.byte 0x01, 0xF0, 0x01, 0xF0, 0x01, 0xFF, 0xF0, 0x01, 0xF0, 0x01, 0xF0, 0x01, 0xF0, 0x01, 0xF0, 0x01
	.byte 0xF0, 0x01, 0xF0, 0x01, 0xF0, 0x01, 0xF5, 0xF0, 0x01, 0xF0, 0x01, 0xF0, 0x01, 0x40, 0x01, 0xB0
	.byte 0x00, 0x03, 0xAD, 0xB0, 0x12, 0x00, 0xD0, 0xDD, 0x00, 0xBD, 0xAB, 0xAA, 0xBD, 0xAA, 0x04, 0xBA
	.byte 0xBB, 0xAA, 0xAA, 0xBB, 0x00, 0x03, 0xBA, 0xBB, 0x80, 0x90, 0x1D, 0xEE, 0x0E, 0x00, 0x00, 0xBB
	.byte 0xEB, 0xFE, 0x00, 0x00, 0xCB, 0xCC, 0xCC, 0xFE, 0xCC, 0xDC, 0xDC, 0x06, 0xCC, 0xCC, 0xCD, 0xCD
	.byte 0xDD, 0xF0, 0x56, 0x30, 0x01, 0x0F, 0xBF, 0x00, 0x03, 0xFC, 0xF0, 0x16, 0xF0, 0x01, 0xF0, 0x01
	.byte 0xF0, 0x01, 0xF0, 0x01, 0xF0, 0x01, 0xD4, 0xF0, 0x01, 0x50, 0xD3, 0xAA, 0x30, 0x03, 0xBD, 0x30
	.byte 0x03, 0xD0, 0xBB, 0x04, 0xAB, 0x00, 0xD0, 0xDB, 0xBB, 0x30, 0x03, 0xBB, 0xBE, 0xE2, 0x10, 0xE3
	.byte 0x70, 0x03, 0x00, 0xF3, 0xBA, 0xBB, 0xBB, 0x60, 0x01, 0xBD, 0x00, 0xBB, 0xAB, 0xCB, 0xDC, 0xDC
	.byte 0xDC, 0xBB, 0xCC, 0x05, 0xCD, 0xDD, 0xBB, 0xCB, 0xDC, 0x00, 0x03, 0xDD, 0x30, 0x03, 0x62, 0xBB
	.byte 0x00, 0x0B, 0x20, 0x03, 0xEE, 0xDD, 0xCD, 0x00, 0xE8, 0xCD, 0x92, 0x01, 0x17, 0xDD, 0xEC, 0x40
	.byte 0x03, 0xDD, 0x0E, 0x00, 0x03, 0x0F, 0xFF, 0x60, 0x03, 0xF0, 0x8F, 0xF0, 0x01, 0xF0, 0x01, 0xF0
	.byte 0x01, 0xF0, 0x01, 0xF0, 0x01, 0xF0, 0x01, 0x91, 0x10, 0xFE, 0xDB, 0xE2, 0x00, 0x03, 0x12, 0x00
	.byte 0x30, 0x00, 0x03, 0x00, 0x40, 0xBD, 0x2D, 0x00, 0x40, 0xD2, 0xCB, 0x00, 0x20, 0x00, 0x24, 0x01
	.byte 0xB7, 0x24, 0x32, 0x00, 0x00, 0x40, 0x00, 0x11, 0xBB, 0xBE, 0xDB, 0xAA, 0xBE, 0xBE, 0xEB, 0x00
	.byte 0xAA, 0xEF, 0xBB, 0xEB, 0xEA, 0x2F, 0xBB, 0xDB, 0x08, 0x1E, 0xCD, 0xBB, 0xBB, 0x00, 0xD7, 0xBB
	.byte 0xBB, 0xCE, 0x80, 0x00, 0x03, 0x31, 0xEE, 0xEE, 0xEE, 0xBA, 0xED, 0xDA, 0x01, 0xDD, 0xEA, 0x12
	.byte 0xD2, 0xDD, 0x1F, 0x11, 0x10, 0x03, 0x00, 0xDD, 0xDD, 0x22, 0xD2, 0xDC, 0xED, 0xDD, 0xCC, 0x00
	.byte 0xED, 0x33, 0xDC, 0xEE, 0x33, 0x33, 0x33, 0x32, 0x0C, 0x23, 0x23, 0xDD, 0xED, 0x00, 0xE7, 0x10
	.byte 0x03, 0x3E, 0x0F, 0x00, 0x00, 0xED, 0x33, 0x04, 0x00, 0x33, 0x43, 0x00, 0x17, 0x00, 0x33, 0xF3
	.byte 0x00, 0x03, 0x04, 0x00, 0x03, 0xF0, 0xFE, 0xF0, 0x01, 0xFD, 0xF0, 0x01, 0xF0, 0x01, 0xF0, 0x01
	.byte 0xF0, 0x01, 0xF0, 0x01, 0x50, 0x01, 0x14, 0x00, 0x03, 0x60, 0x40, 0xF0, 0x16, 0x30, 0x01, 0x11
	.byte 0x11, 0x11, 0x11, 0x12, 0x80, 0x00, 0x03, 0x4F, 0x11, 0x11, 0x22, 0x00, 0x44, 0x23, 0xA0, 0x11
	.byte 0x13, 0x44, 0x90, 0x1F, 0x21, 0x32, 0x33, 0x32, 0x22, 0x00, 0x33, 0x23, 0x33, 0x32, 0x33, 0x33
	.byte 0xF4, 0x33, 0x0B, 0x43, 0xFF, 0x00, 0xF4, 0xC0, 0xD3, 0xF2, 0x42, 0xEB, 0xF0, 0x01, 0xFF, 0xF0
	.byte 0x01, 0xF0, 0x01, 0xF0, 0x01, 0xF0, 0x01, 0xF0, 0x01, 0xF0, 0x01, 0xF0, 0x01, 0xF0, 0x01, 0xFF
	.byte 0xF0, 0x01, 0xF0, 0x01, 0xF0, 0x01, 0xF0, 0x01, 0xF0, 0x01, 0xF0, 0x01, 0xF0, 0x01, 0xF0, 0x01
	.byte 0xFF, 0xF0, 0x01, 0xF0, 0x01, 0xF0, 0x01, 0xF0, 0x01, 0xF0, 0x01, 0xF0, 0x01, 0xF0, 0x01, 0xF0
	.byte 0x01, 0xFF, 0xF0, 0x01, 0xF0, 0x01, 0xF0, 0x01, 0xF0, 0x01, 0xF0, 0x01, 0xF0, 0x01, 0xF0, 0x01
	.byte 0xF0, 0x01, 0x80, 0x30, 0x01, 0x00, 0x00, 0x00

  .globl gMonPalette_Voltorb
gMonPalette_Voltorb:
  .incbin "build/graphics/pokemon/voltorb/normal_palette.gbapal.lz"
  .space 0x2, 0x00
  .globl gMonBackPic_Voltorb
gMonBackPic_Voltorb:
  .incbin "build/graphics/pokemon/voltorb/back.4bpp.lz"

  .globl gMonShinyPalette_Voltorb
gMonShinyPalette_Voltorb:
  .incbin "build/graphics/pokemon/voltorb/shiny_palette.gbapal.lz"
  .space 0x2, 0x00
	.globl gMonIcon_Voltorb
gMonIcon_Voltorb: @ 0x08C74A18 [100]
  .incbin "build/graphics/pokemon/voltorb/icon.4bpp"
	@ analyzed canonical ROM range 0x08C74E18-0x08C750A3
sAnalyzedData_08C74E18: @ 0x08C74E18
	@ structured u8 payload; no safe higher-level semantic type was provable
	.byte 0x00, 0x00, 0x00, 0x00, 0x00, 0x00, 0x00, 0x00, 0x00, 0x00, 0x00, 0x00, 0x00, 0x00, 0x00, 0x00
	.byte 0x00, 0x00, 0x00, 0x00, 0x00, 0x00, 0x00, 0x00, 0x00, 0x00, 0x00, 0x00, 0x00, 0x00, 0x00, 0x00
	.byte 0x10, 0x00, 0x08, 0x00, 0x3F, 0x00, 0x00, 0xF0, 0x01, 0xF0, 0x01, 0xF0, 0x01, 0xF0, 0x01, 0xF0
	.byte 0x01, 0xF0, 0x01, 0xFF, 0xF0, 0x01, 0xF0, 0x01, 0xF0, 0x01, 0xF0, 0x01, 0xF0, 0x01, 0xF0, 0x01
	.byte 0xF0, 0x01, 0xF0, 0x01, 0xFE, 0xF0, 0x01, 0xF0, 0x01, 0xF0, 0x01, 0xF0, 0x01, 0xF0, 0x01, 0xF0
	.byte 0x01, 0xD0, 0x01, 0x44, 0x06, 0x44, 0x40, 0x34, 0x11, 0x11, 0xF0, 0x17, 0x50, 0x1D, 0x00, 0x07
	.byte 0x00, 0x21, 0x22, 0x43, 0x04, 0xF0, 0x19, 0xF0, 0x01, 0xF0, 0x01, 0xFC, 0xF0, 0x01, 0xF0, 0x01
	.byte 0xF0, 0x01, 0xF0, 0x01, 0xF0, 0x01, 0xF0, 0x01, 0x00, 0x40, 0x80, 0x00, 0x03, 0x14, 0x00, 0x00
	.byte 0x34, 0x11, 0x00, 0x40, 0x08, 0x12, 0x11, 0x00, 0x24, 0x00, 0xD3, 0x23, 0x11, 0x11, 0x00, 0x30
	.byte 0x22, 0x11, 0x11, 0x24, 0x22, 0x12, 0x11, 0x18, 0x13, 0x11, 0x11, 0xF0, 0x01, 0x90, 0x01, 0x21
	.byte 0x22, 0x42, 0x16, 0x11, 0x11, 0x22, 0x00, 0x2D, 0x21, 0xC0, 0x03, 0x00, 0x13, 0x21, 0x14, 0x22
	.byte 0x22, 0x05, 0x00, 0x5C, 0x52, 0x00, 0x03, 0x22, 0x55, 0xC4, 0x00, 0x03, 0x00, 0x0D, 0x22, 0x22
	.byte 0x52, 0x30, 0x03, 0x32, 0x32, 0x07, 0x05, 0x22, 0x23, 0x23, 0x53, 0xF0, 0x8E, 0xF0, 0x01, 0xF0
	.byte 0x01, 0xF5, 0xF0, 0x01, 0xF0, 0x01, 0xE0, 0xE3, 0x10, 0x03, 0x30, 0x00, 0x03, 0x24, 0x90, 0x03
	.byte 0x88, 0x10, 0xE3, 0x22, 0x22, 0x24, 0x00, 0x03, 0x42, 0x22, 0x22, 0xDB, 0x00, 0x08, 0x00, 0x03
	.byte 0x25, 0x00, 0x03, 0x10, 0x0C, 0x52, 0x10, 0x07, 0x90, 0xE8, 0xD0, 0x10, 0x20, 0x50, 0x01, 0x42
	.byte 0x00, 0x1E, 0x45, 0x22, 0x52, 0x42, 0xC0, 0x00, 0x38, 0xF0, 0x01, 0x22, 0x22, 0x54, 0x22, 0x54
	.byte 0x55, 0x22, 0x22, 0x55, 0x10, 0x09, 0x32, 0x32, 0x42, 0x00, 0xE7, 0x33, 0x17, 0x22, 0x32, 0x33
	.byte 0x60, 0x03, 0x24, 0x80, 0x0B, 0x10, 0x9C, 0x11, 0x23, 0xAB, 0x50, 0x03, 0xF3, 0x40, 0x03, 0xF4
	.byte 0x00, 0x03, 0xFD, 0xF0, 0xC7, 0xF0, 0x01, 0xEA, 0xF0, 0x01, 0xD0, 0x01, 0x10, 0xE7, 0x2E, 0x00
	.byte 0x03, 0xDE, 0x00, 0x03, 0xBE, 0xAC, 0x00, 0x03, 0xC0, 0x00, 0x03, 0xD0, 0x40, 0x03, 0x01, 0x8B
	.byte 0x22, 0xF2, 0x90, 0x40, 0x03, 0x22, 0x3D, 0x00, 0x03, 0xBA, 0xDD, 0x23, 0x22, 0x00, 0xAA, 0xAA
	.byte 0xDB, 0x3D, 0xAB, 0xAA, 0xAA, 0xBA, 0x00, 0xAC, 0xAA, 0xAA, 0xAA, 0x42, 0x22, 0x42, 0x45, 0xE0
	.byte 0x00, 0xC4, 0x60, 0x23, 0x40, 0x01, 0x33, 0xDD, 0xDD, 0xDD, 0xCD, 0x0A, 0xBA, 0xBB, 0xBB, 0xBB
	.byte 0xF0, 0xFA, 0x32, 0x10, 0x1A, 0xCC, 0x01, 0xCB, 0xCC, 0xCC, 0xDD, 0xCB, 0xDD, 0xDD, 0x10, 0xE3
	.byte 0x00, 0xD3, 0x22, 0x33, 0x33, 0xCD, 0x22, 0x33, 0xCD, 0x06, 0xCC, 0xD2, 0xCD, 0xCC, 0xCC, 0x00
	.byte 0x02, 0x00, 0x01, 0xCB, 0x00, 0xCB, 0xCE, 0xBC, 0xBC, 0xBC, 0xCE, 0xCB, 0xCB, 0x35, 0xEB, 0xFC
	.byte 0x00, 0x83, 0x90, 0x03, 0x0E, 0x00, 0x03, 0x0F, 0x40, 0x03, 0xFC, 0xF0, 0x01, 0xF0, 0x01, 0xF0
	.byte 0x01, 0xF0, 0x01, 0xF0, 0x01, 0x70, 0x01, 0xBD, 0xDA, 0x00, 0xAD, 0xAA, 0xC0, 0xBB, 0xEB, 0xDE
	.byte 0x00, 0xBC, 0x00, 0xBB, 0xED, 0x00, 0xBD, 0xBB, 0xBB, 0x00, 0xE0, 0x8B, 0x00, 0x03, 0x00, 0xDE
	.byte 0xBC, 0x00, 0x1A, 0xCE, 0x00, 0x03, 0x00, 0x0D, 0x40, 0xBB, 0x00, 0xCF, 0xDD, 0x23, 0x33, 0x23
	.byte 0x22, 0x12, 0x40, 0xEE, 0x02, 0xD5, 0xBB, 0xDD, 0x11, 0x11, 0xCB, 0xCC, 0x28, 0xDD, 0xDD, 0x10
	.byte 0xC5, 0xCE, 0x00, 0x03, 0xDD, 0x24, 0x42, 0x00, 0x32, 0x22, 0x14, 0x41, 0xD1, 0x11, 0x14, 0x41
	.byte 0x43, 0xE2, 0x00, 0x03, 0xCE, 0x11, 0x14, 0xED, 0x40, 0x1D, 0x20, 0x01, 0x50, 0xEC, 0x00, 0xE7
	.byte 0xFC, 0x00, 0xEE, 0x0F, 0xCC, 0xBC, 0xEC, 0x08, 0x00, 0xCC, 0xCC, 0xFC, 0x00, 0x03, 0x0F, 0x00
	.byte 0xCC, 0x7F, 0xFF, 0x30, 0xEB, 0xF0, 0xE3, 0xF0, 0x01, 0xF0, 0x01, 0xF0, 0x01, 0xF0, 0x01, 0xF0
	.byte 0x01, 0xF0, 0xF0, 0x01, 0xF0, 0x01, 0xF0, 0x01, 0x01, 0x00, 0xEE, 0xCC, 0xCC, 0x00, 0x38, 0x00
	.byte 0xFF, 0x00, 0xB1, 0xF0, 0x01, 0x10, 0x01, 0xCC, 0xCC, 0xFE, 0x7F, 0x0F, 0xF0, 0x1D, 0xF0, 0x01
	.byte 0xF0, 0x01, 0xF0, 0x01, 0xF0, 0x01, 0xF0, 0x01, 0xF0, 0x01, 0xFF, 0xF0, 0x01, 0xF0, 0x01, 0xF0
	.byte 0x01, 0xF0, 0x01, 0xF0, 0x01, 0xF0, 0x01, 0xF0, 0x01, 0xF0, 0x01, 0xFC, 0xF0, 0x01, 0xF0, 0x01
	.byte 0xF0, 0x01, 0xF0, 0x01, 0xF0, 0x01, 0xF0, 0x01, 0x00, 0x00, 0x00, 0x00

  .globl gMonPalette_Electrode
gMonPalette_Electrode:
  .incbin "build/graphics/pokemon/electrode/normal_palette.gbapal.lz"

  .globl gMonBackPic_Electrode
gMonBackPic_Electrode:
  .incbin "build/graphics/pokemon/electrode/back.4bpp.lz"

  .globl gMonShinyPalette_Electrode
gMonShinyPalette_Electrode:
  .incbin "build/graphics/pokemon/electrode/shiny_palette.gbapal.lz"

	.globl gMonIcon_Electrode
gMonIcon_Electrode: @ 0x08C7535C [101]
  .incbin "build/graphics/pokemon/electrode/icon.4bpp"
	@ analyzed canonical ROM range 0x08C7575C-0x08C75B7F
sAnalyzedData_08C7575C: @ 0x08C7575C
	@ structured u8 payload; no safe higher-level semantic type was provable
	.byte 0x00, 0x00, 0x00, 0x00, 0x00, 0x00, 0x00, 0x00, 0x00, 0x00, 0x00, 0x00, 0x00, 0x00, 0x00, 0x00
	.byte 0x00, 0x00, 0x00, 0x00, 0x00, 0x00, 0x00, 0x00, 0x00, 0x00, 0x00, 0x00, 0x00, 0x00, 0x00, 0x00
	.byte 0x10, 0x00, 0x08, 0x00, 0x3E, 0x00, 0x00, 0xF0, 0x01, 0xF0, 0x01, 0xF0, 0x01, 0xF0, 0x01, 0xF0
	.byte 0x01, 0x00, 0x1B, 0x00, 0xFE, 0xFF, 0xF0, 0x13, 0x70, 0x01, 0x0F, 0xF0, 0x12, 0xF0, 0x01, 0xFF
	.byte 0xF0, 0x01, 0xF0, 0x01, 0xF0, 0x01, 0xF0, 0x01, 0xF0, 0x01, 0xF0, 0x01, 0xF0, 0x01, 0xF0, 0x01
	.byte 0x14, 0x00, 0x00, 0xE0, 0x00, 0x03, 0xF0, 0x60, 0x03, 0xEF, 0xDC, 0x02, 0xDD, 0xF0, 0xCC, 0xCC
	.byte 0xDC, 0xCF, 0x00, 0x03, 0xCE, 0x00, 0xCC, 0xFF, 0xFF, 0xCC, 0xCC, 0x2F, 0x51, 0xCF, 0x10, 0xCC
	.byte 0xFC, 0x12, 0x10, 0x0F, 0xCC, 0xCC, 0xCC, 0xDD, 0x48, 0xFD, 0x00, 0xE4, 0xDD, 0x5E, 0x00, 0x03
	.byte 0xED, 0x05, 0x00, 0x00, 0xDF, 0xED, 0x5E, 0x00, 0xE1, 0xED, 0xFE, 0x00, 0x05, 0xD1, 0xED, 0xEE
	.byte 0x05, 0xDD, 0x10, 0x03, 0xEE, 0xF1, 0x1F, 0xE0, 0xC1, 0x1F, 0x10, 0x63, 0xB0, 0x01, 0xF0, 0xFF
	.byte 0xFF, 0xF0, 0xCF, 0x00, 0xCC, 0xBC, 0xDF, 0xCD, 0xCC, 0xFB, 0xDD, 0xCC, 0x34, 0xCC, 0x5F, 0xD0
	.byte 0x1E, 0x10, 0x50, 0xBB, 0x00, 0x04, 0x55, 0xB5, 0x0F, 0x0F, 0x00, 0x55, 0xF5, 0xF1, 0x61, 0xF0
	.byte 0x01, 0xF0, 0x61, 0x00, 0x03, 0x5C, 0xCF, 0x00, 0x06, 0xCC, 0x10, 0x6C, 0x80, 0xEB, 0x00, 0x5C
	.byte 0xFF, 0x0F, 0x00, 0xEF, 0xDD, 0xDD, 0xFD, 0xDC, 0xDD, 0xDD, 0xDD, 0x40, 0xCC, 0x00, 0x04, 0xCB
	.byte 0xCC, 0xDC, 0xEF, 0xCC, 0xFC, 0x00, 0xCF, 0xDD, 0xCC, 0xCF, 0xDC, 0xDD, 0xCF, 0xCC, 0x10, 0xDD
	.byte 0xDD, 0xDF, 0x00, 0x1B, 0xFF, 0xDD, 0xDD, 0xBE, 0x00, 0xED, 0xFF, 0xDD, 0xBF, 0xDD, 0xEE, 0xFF
	.byte 0xCC, 0x00, 0xDD, 0xED, 0xFE, 0xCC, 0xDD, 0xFE, 0xCF, 0xBB, 0x00, 0xFD, 0xCF, 0xBB, 0xBB, 0xBF
	.byte 0xBB, 0xBB, 0xCB, 0x56, 0xBB, 0x30, 0x03, 0xCC, 0x00, 0x06, 0xCC, 0x00, 0x02, 0x01, 0x1E, 0xCC
	.byte 0x00, 0xCC, 0xFC, 0x0F, 0x00, 0xDF, 0xCC, 0xFD, 0x05, 0x00, 0xDF, 0xCC, 0xDF, 0x5D, 0xDD, 0xCC
	.byte 0xDF, 0xDD, 0x00, 0xD5, 0xCC, 0xFF, 0xDD, 0x5E, 0xFC, 0xDD, 0xEF, 0x00, 0xFE, 0xEC, 0xDD, 0xDD
	.byte 0xED, 0xEC, 0xDC, 0xDD, 0x00, 0xED, 0xCD, 0xCC, 0xCC, 0x4F, 0xCD, 0xCC, 0xFC, 0x00, 0xFF, 0xCD
	.byte 0xCC, 0xFF, 0xFB, 0xCD, 0xEC, 0xCC, 0x50, 0xBC, 0x00, 0x0F, 0xBC, 0x00, 0xF7, 0xFC, 0xD5, 0xCC
	.byte 0xCC, 0x40, 0xEC, 0x01, 0x03, 0xEC, 0x34, 0x55, 0x0F, 0x00, 0x33, 0x00, 0x53, 0xF5, 0x00, 0x3F
	.byte 0x53, 0xFF, 0x00, 0x4F, 0x02, 0x54, 0x5F, 0x00, 0x4F, 0xF4, 0x5C, 0x00, 0xA6, 0x5D, 0x01, 0x00
	.byte 0xCF, 0xCC, 0x5D, 0x00, 0xCC, 0xDD, 0xF0, 0xFF, 0x81, 0xF0, 0x01, 0xEF, 0xCB, 0x00, 0x00, 0xBF
	.byte 0xBB, 0x70, 0x03, 0x70, 0xCF, 0x10, 0x03, 0x00, 0xFB, 0x10, 0x03, 0xE0, 0xFC, 0xBF, 0xEF, 0x00
	.byte 0xCC, 0x2F, 0xFC, 0xCC, 0xCC, 0x1F, 0xCB, 0xCE, 0x02, 0xFC, 0x52, 0xCB, 0xCC, 0xFC, 0x11, 0x10
	.byte 0x03, 0xCC, 0x12, 0xDC, 0xEE, 0xF1, 0x00, 0xBA, 0xDC, 0xFF, 0x01, 0xE4, 0xDE, 0x00, 0xED, 0xCF
	.byte 0xBC, 0xC1, 0xED, 0xCF, 0xFC, 0xC1, 0x08, 0xFD, 0xCC, 0xEC, 0xF1, 0x00, 0x03, 0xDF, 0xFD, 0xCC
	.byte 0x21, 0x2C, 0xDD, 0x00, 0x07, 0xFD, 0xFD, 0xCC, 0xCC, 0x10, 0x03, 0xA8, 0x10, 0xE6, 0xBF, 0x00
	.byte 0x04, 0xF2, 0x00, 0x04, 0x21, 0xF2, 0xCF, 0x00, 0xCC, 0x11, 0x11, 0xC2, 0xCC, 0x11, 0x15, 0xCF
	.byte 0x38, 0xCC, 0xFE, 0x02, 0x29, 0x20, 0x01, 0x01, 0x47, 0xCC, 0xDD, 0xFF, 0x00, 0xDD, 0xBB, 0xFF
	.byte 0xE2, 0xDD, 0xFF, 0x22, 0xE1, 0x00, 0xDD, 0x12, 0x11, 0x21, 0xDD, 0x51, 0x11, 0xDF, 0x20, 0xDD
	.byte 0xFF, 0x01, 0x48, 0xCC, 0xFC, 0xDD, 0xDD, 0x5E, 0x08, 0xDD, 0xCC, 0xCE, 0xFE, 0x01, 0x6F, 0xEE
	.byte 0xDF, 0xDD, 0x00, 0xED, 0xED, 0xE5, 0xEE, 0xEE, 0xED, 0x55, 0x55, 0x51, 0x55, 0x02, 0x4A, 0x00
	.byte 0x30, 0x03, 0xF0, 0xFF, 0xDC, 0x00, 0x08, 0x9B, 0x02, 0x56, 0x00, 0xEE, 0x00, 0x0F, 0xD2, 0x0C
	.byte 0xEE, 0xF0, 0xEC, 0xF0, 0x01, 0x1D, 0x00, 0xF0, 0xEC, 0x31, 0xEF, 0x20, 0x03, 0xE2, 0x6F, 0x51
	.byte 0x00, 0xE9, 0x6C, 0x11, 0x02, 0xD0, 0x01, 0x03, 0xDF, 0x01, 0x76, 0x11, 0xE3, 0xDD, 0xF0, 0x02
	.byte 0xDE, 0xDD, 0xDD, 0x00, 0xF0, 0xEF, 0x00, 0x75, 0xF0, 0x71, 0xCF, 0x00, 0xEF, 0x02, 0xE4, 0x00
	.byte 0x03, 0xED, 0xCE, 0xCC, 0x00, 0xA4, 0x11, 0xCD, 0xED, 0xEE, 0x01, 0xC0, 0xDF, 0xDD, 0x5E, 0x00
	.byte 0x32, 0xF3, 0x01, 0xE3, 0x01, 0x20, 0x20, 0x01, 0x03, 0x17, 0xFC, 0xBB, 0x20, 0x09, 0x01, 0xBF
	.byte 0x89, 0x02, 0x29, 0xDD, 0xDD, 0xE5, 0x00, 0x03, 0x5C, 0xEE, 0x12, 0x47, 0x42, 0xDF, 0x20, 0x03
	.byte 0xCF, 0xDD, 0xDF, 0xED, 0x00, 0x48, 0xED, 0x12, 0xDC, 0xDD, 0xFD, 0x00, 0x15, 0xED, 0xEF, 0x03
	.byte 0x1F, 0x5F, 0x00, 0xED, 0xEE, 0xEE, 0x05, 0xEE, 0xF5, 0xBF, 0xBB, 0x41, 0xEE, 0x02, 0x3F, 0x5E
	.byte 0xCC, 0xBC, 0xBB, 0xFE, 0x01, 0xFB, 0x90, 0x01, 0xF7, 0xCC, 0xD5, 0x02, 0x0F, 0xD5, 0xCC, 0xEC
	.byte 0x51, 0xA2, 0x00, 0x0B, 0x11, 0x12, 0xEB, 0xBB, 0xCB, 0xEF, 0x00, 0x03, 0x1F, 0x09, 0xE5, 0xBB
	.byte 0xCB, 0x2C, 0x00, 0xAD, 0xFC, 0xCF, 0x11, 0x5A, 0x7A, 0x21, 0x00, 0x7A, 0x00, 0x0C, 0xA3, 0x5F
	.byte 0x12, 0x0D, 0xFD, 0x00, 0x03, 0xDC, 0x96, 0x00, 0x08, 0xCC, 0x0E, 0x00, 0x03, 0xFC, 0xF1, 0x0D
	.byte 0xF0, 0x01, 0xCF, 0x00, 0x1B, 0x00, 0xF0, 0x1C, 0xE1, 0x00, 0xCF, 0x1C, 0x04, 0x11, 0x00, 0xCE
	.byte 0xFC, 0x51, 0x03, 0xEB, 0x1F, 0xE0, 0xF1, 0x00, 0x64, 0x01, 0x0C, 0x11, 0x10, 0x00, 0x99, 0xCF
	.byte 0xCC, 0xBF, 0x10, 0x03, 0x52, 0xFE, 0x10, 0x07, 0xFC, 0x01, 0xEB, 0xEC, 0xDC, 0x00, 0x9E, 0xFF
	.byte 0x09, 0xCC, 0x2C, 0x15, 0xE2, 0x02, 0x2A, 0xD1, 0xDC, 0x01, 0xB3, 0x81, 0x10, 0x03, 0xDD, 0xFE
	.byte 0x55, 0x55, 0xDD, 0x5D, 0x04, 0x07, 0x80, 0xC0, 0x03, 0xEE, 0xEE, 0x5E, 0x00, 0xEE, 0xFE, 0x05
	.byte 0x78, 0x00, 0x02, 0xC6, 0xF0, 0x7A, 0x00, 0x01, 0x02, 0xE3, 0xFC, 0xEF, 0xCD, 0x16, 0xCC, 0xFE
	.byte 0xF0, 0x02, 0xFC, 0x50, 0x02, 0xF8, 0x10, 0x03, 0x00, 0x80, 0x01, 0x32, 0x00, 0xE5, 0xDD, 0xFD
	.byte 0x00, 0x50, 0xEE, 0x5D, 0xFD, 0x11, 0x67, 0xCF, 0x20, 0x01, 0x00, 0x8C, 0x80, 0x03, 0xFD, 0x11
	.byte 0x65, 0xAE, 0x02, 0x33, 0xCC, 0x01, 0xDD, 0xCC, 0x00, 0xF0, 0x13, 0x0B, 0x10, 0x03, 0xDC, 0xB7
	.byte 0x00, 0x03, 0xDD, 0x00, 0x03, 0x04, 0x86, 0x00, 0x00, 0x7A, 0xF0, 0x70, 0xF0, 0x7F, 0x63, 0xFC
	.byte 0x00, 0x03, 0x03, 0x9A, 0xCC, 0xCC, 0xF0, 0x01, 0xAE, 0x21, 0xFB, 0xC1, 0x01, 0xBC, 0x00, 0x7B
	.byte 0xDD, 0x00, 0x00, 0xF5, 0xEE, 0x01, 0x62, 0x3E, 0xDD, 0xFF, 0x02, 0xC4, 0x11, 0xD5, 0x21, 0xD8
	.byte 0x30, 0x01, 0x01, 0xC3, 0xEE, 0x33, 0x5E, 0xEE, 0x00, 0xD8, 0x00, 0xA5, 0x00, 0xDD, 0x42, 0xAF
	.byte 0x00, 0xEE, 0x7C, 0x00, 0x10, 0x72, 0x00, 0x0A, 0xF0, 0x01, 0xF0, 0x01, 0x40, 0x01, 0xE5, 0xEF
	.byte 0x13, 0x00, 0x00, 0x50, 0x00, 0x03, 0x00, 0x50, 0xF0, 0x1B, 0x00, 0x5B, 0x14, 0xFD, 0xEF, 0xEE
	.byte 0x00, 0x67, 0xEF, 0x00, 0x05, 0x5F, 0x50, 0x3F, 0x55, 0x55, 0xE0, 0x5A, 0x13, 0x17, 0xF0, 0x73
	.byte 0xF0, 0x01, 0xF0, 0x01, 0x60, 0x01, 0x7F, 0x55, 0xF0, 0x12, 0x80, 0x1C, 0xF0, 0x72, 0xF0, 0x01
	.byte 0xF0, 0x01, 0xF0, 0x01, 0xF0, 0x01, 0xFC, 0xF0, 0x01, 0xF0, 0x01, 0xF0, 0x01, 0xF0, 0x01, 0xF0
	.byte 0x01, 0x80, 0x01, 0x00

  .globl gMonPalette_Exeggcute
gMonPalette_Exeggcute:
  .incbin "build/graphics/pokemon/exeggcute/normal_palette.gbapal.lz"
  .space 0x2, 0x00
  .globl gMonBackPic_Exeggcute
gMonBackPic_Exeggcute:
  .incbin "build/graphics/pokemon/exeggcute/back.4bpp.lz"

  .globl gMonShinyPalette_Exeggcute
gMonShinyPalette_Exeggcute:
  .incbin "build/graphics/pokemon/exeggcute/shiny_palette.gbapal.lz"
  .space 0x2, 0x00
	.globl gMonIcon_Exeggcute
gMonIcon_Exeggcute: @ 0x08C75ED0 [102]
  .incbin "build/graphics/pokemon/exeggcute/icon.4bpp"
	@ analyzed canonical ROM range 0x08C762D0-0x08C767EF
sAnalyzedData_08C762D0: @ 0x08C762D0
	@ structured u8 payload; no safe higher-level semantic type was provable
	.byte 0x00, 0x00, 0x00, 0x00, 0x00, 0x00, 0x00, 0x00, 0x00, 0x00, 0x00, 0x00, 0x00, 0x00, 0x00, 0x00
	.byte 0x00, 0x00, 0x00, 0x00, 0x00, 0x00, 0x00, 0x00, 0x00, 0x00, 0x00, 0x00, 0x00, 0x00, 0x00, 0x00
	.byte 0x10, 0x00, 0x08, 0x00, 0x3C, 0x00, 0x00, 0xF0, 0x01, 0xF0, 0x01, 0xF0, 0x01, 0x80, 0x01, 0x0B
	.byte 0x00, 0x15, 0x00, 0xB0, 0xBA, 0x40, 0x03, 0xAA, 0x00, 0x03, 0x9A, 0x40, 0x03, 0x68, 0x99, 0x30
	.byte 0x03, 0x70, 0x01, 0x0E, 0x40, 0x2C, 0xE9, 0x00, 0x00, 0x00, 0x9B, 0xB9, 0x00, 0x00, 0x9A, 0x88
	.byte 0x0E, 0xB0, 0x12, 0x98, 0x00, 0xB0, 0x00, 0x15, 0xAB, 0x0E, 0x20, 0x3D, 0xAB, 0x0A, 0xEA, 0x00
	.byte 0x00, 0xA9, 0x00, 0x03, 0x99, 0x00, 0x12, 0x99, 0xB0, 0x00, 0x28, 0xE8, 0xF0, 0x6B, 0x70, 0x01
	.byte 0xA0, 0xBB, 0xBB, 0xBB, 0x39, 0x9A, 0xAA, 0x00, 0x6F, 0xF0, 0x01, 0x40, 0x94, 0x00, 0xEA, 0x10
	.byte 0x70, 0xEC, 0xF0, 0x01, 0xF0, 0x01, 0x30, 0x01, 0xB0, 0xF0, 0x12, 0x70, 0x01, 0xBB, 0xBB, 0x00
	.byte 0xAB, 0x00, 0xAB, 0xAA, 0xAA, 0xBB, 0xB0, 0x9A, 0x00, 0x99, 0x9A, 0x00, 0xAB, 0x99, 0x89, 0x00
	.byte 0xB0, 0x4A, 0x9B, 0x00, 0xDB, 0xE0, 0x88, 0x00, 0x88, 0x98, 0x00, 0x1E, 0x8A, 0x90, 0x00, 0x03
	.byte 0x8B, 0x0A, 0x00, 0xD7, 0xBA, 0x0A, 0x00, 0xA0, 0x00, 0x88, 0xBA, 0x0A, 0xB0, 0x88, 0x88, 0xB9
	.byte 0xBB, 0x00, 0x88, 0x98, 0x99, 0xB9, 0x88, 0x0E, 0xA0, 0x88, 0x00, 0x88, 0x0B, 0x8B, 0x88, 0x89
	.byte 0xB9, 0x8B, 0x89, 0x00, 0x99, 0xE9, 0x9B, 0x99, 0x99, 0xE9, 0x99, 0x99, 0x00, 0x99, 0xB9, 0x99
	.byte 0xB9, 0x9A, 0xA9, 0x9B, 0xB9, 0x08, 0xAB, 0xA9, 0x9B, 0xBA, 0x00, 0xE3, 0xAB, 0x0B, 0x00, 0x40
	.byte 0xAB, 0x01, 0x0A, 0x88, 0x98, 0x0E, 0x8B, 0x98, 0x88, 0x0A, 0xBB, 0x99, 0x99, 0x89, 0x00, 0x25
	.byte 0xE8, 0x00, 0x25, 0xBE, 0xC8, 0x00, 0x28, 0x00, 0x0A, 0x99, 0xBA, 0x00, 0x02, 0x0E, 0x89, 0xB8
	.byte 0x20, 0x0E, 0x00, 0x00, 0x02, 0x00, 0x0E, 0xA0, 0xBB, 0xEE, 0x08, 0xBB, 0x8A, 0x98, 0xA9, 0x00
	.byte 0x5B, 0x99, 0x89, 0x88, 0x68, 0x88, 0x11, 0x2A, 0xA0, 0x01, 0xEE, 0x00, 0x03, 0xAA, 0xBB, 0x0E
	.byte 0x00, 0x00, 0x99, 0xAA, 0xBA, 0x0E, 0x99, 0x99, 0xAA, 0xFA, 0x01, 0x4D, 0xF0, 0x01, 0xF0, 0x01
	.byte 0xF0, 0x01, 0x80, 0x01, 0xBE, 0xC0, 0x0F, 0xEB, 0x00, 0x00, 0xB0, 0xAB, 0x88, 0xB0, 0x8A, 0x88
	.byte 0x98, 0x09, 0x9B, 0x98, 0x89, 0x98, 0x00, 0x86, 0xA9, 0x8E, 0x00, 0xA4, 0x00, 0xE0, 0x9B, 0x99
	.byte 0xA9, 0x00, 0xB0, 0xAE, 0xAA, 0x12, 0xEE, 0xEE, 0xEE, 0x00, 0xB7, 0xA9, 0xAA, 0x00, 0x12, 0xA9
	.byte 0x81, 0x00, 0x03, 0xAA, 0xAB, 0xAA, 0xAB, 0xAB, 0xBA, 0x00, 0x03, 0xC0, 0x00, 0x02, 0x00, 0x03
	.byte 0xAA, 0xAE, 0xAA, 0xEA, 0xBA, 0xAE, 0x00, 0xBB, 0xBB, 0xBE, 0xBE, 0xBA, 0xBA, 0xBB, 0xBB, 0x01
	.byte 0xBA, 0xEE, 0xBE, 0xBB, 0x99, 0xBA, 0x9B, 0x00, 0x24, 0x80, 0x00, 0xE1, 0x9A, 0x99, 0x99, 0xAB
	.byte 0xAA, 0x99, 0xA9, 0x80, 0x01, 0x63, 0xEB, 0xAA, 0xBB, 0xBB, 0x0B, 0xBB, 0x99, 0x00, 0xB9, 0x4B
	.byte 0x9A, 0x99, 0x89, 0xB8, 0x99, 0x89, 0x81, 0x00, 0x47, 0x88, 0xE8, 0xEE, 0xA9, 0xEE, 0x0E, 0x20
	.byte 0xDB, 0x00, 0x00, 0xE4, 0xEE, 0x4E, 0x4E, 0x33, 0xE2, 0xFF, 0x00, 0x33, 0x22, 0xF4, 0xEF, 0x3B
	.byte 0x22, 0x33, 0x1F, 0x74, 0xEA, 0x00, 0x6F, 0x11, 0xEB, 0x90, 0x01, 0xE4, 0x01, 0x14, 0x1F, 0xE1
	.byte 0x1C, 0x00, 0x00, 0x11, 0x20, 0x30, 0xF0, 0x01, 0xF1, 0xF7, 0x00, 0xAB, 0x9D, 0x72, 0xB3, 0xAB
	.byte 0xA9, 0x00, 0x03, 0x02, 0x57, 0x12, 0x8D, 0xAB, 0x01, 0x43, 0x80, 0x01, 0x64, 0x99, 0x89, 0x98
	.byte 0xA9, 0x99, 0xA9, 0xEE, 0x06, 0x9A, 0xA9, 0xEE, 0x00, 0xAA, 0x00, 0x53, 0x00, 0x02, 0xA0, 0x84
	.byte 0x40, 0x37, 0x9A, 0x98, 0x99, 0xBA, 0x00, 0xC7, 0x9B, 0x99, 0x00, 0x0E, 0xAB, 0x98, 0x99, 0xA0
	.byte 0x88, 0x89, 0x99, 0x00, 0x8A, 0x88, 0x88, 0xEE, 0x99, 0x89, 0xE8, 0x44, 0x00, 0x99, 0x98, 0x4E
	.byte 0x33, 0x99, 0xE9, 0x34, 0x33, 0x02, 0xAB, 0xAA, 0xBA, 0xAB, 0xA9, 0xEA, 0x00, 0xE7, 0xBE, 0x00
	.byte 0xBB, 0x44, 0xEE, 0x44, 0x4B, 0x22, 0x44, 0x33, 0x04, 0x24, 0x11, 0x33, 0x43, 0x11, 0x00, 0x03
	.byte 0xE1, 0x11, 0x08, 0x33, 0x34, 0xFE, 0x11, 0x01, 0xC4, 0x89, 0xEE, 0xEE, 0x00, 0x8A, 0x98, 0x33
	.byte 0x33, 0xEE, 0xAE, 0x22, 0x22, 0x00, 0x33, 0xE3, 0x21, 0x22, 0x32, 0x33, 0x11, 0x21, 0x00, 0x22
	.byte 0x33, 0xE1, 0x11, 0x22, 0x33, 0x31, 0x4E, 0x00, 0x23, 0x32, 0xB8, 0x23, 0x22, 0x11, 0x99, 0x2B
	.byte 0x00, 0x22, 0xE4, 0x99, 0xB9, 0x22, 0x32, 0x9B, 0xAA, 0x00, 0x2B, 0x22, 0xEE, 0xAE, 0x2B, 0x22
	.byte 0x4E, 0xE3, 0x00, 0x2B, 0x22, 0xE3, 0x33, 0x22, 0x22, 0xE3, 0x34, 0x00, 0x23, 0x22, 0xE1, 0x4F
	.byte 0x04, 0x00, 0xEE, 0x44, 0x00, 0x41, 0x00, 0x44, 0x14, 0xE1, 0x00, 0x22, 0x22, 0xA0, 0x10, 0x03
	.byte 0xE2, 0x00, 0x03, 0xE3, 0x00, 0x22, 0x32, 0x43, 0x0D, 0x00, 0x22, 0x33, 0x04, 0xF0, 0xED, 0xE0
	.byte 0x01, 0xEB, 0xF0, 0x12, 0xFF, 0xB0, 0x01, 0x11, 0x1B, 0x13, 0xD7, 0x10, 0x03, 0x13, 0xE3, 0x01
	.byte 0x17, 0x13, 0xB4, 0x33, 0x2E, 0x00, 0xA9, 0x0E, 0x24, 0x22, 0xEA, 0x40, 0x22, 0x22, 0x00, 0x0E
	.byte 0x40, 0x44, 0x23, 0x00, 0x24, 0xFE, 0x2F, 0x08, 0x00, 0x24, 0x22, 0x22, 0x60, 0x03, 0x23, 0x22
	.byte 0x24, 0x00, 0x33, 0xF4, 0xFF, 0x11, 0x32, 0xF4, 0x3E, 0x11, 0x04, 0x42, 0x32, 0x13, 0x11, 0x42
	.byte 0x00, 0xCB, 0x22, 0x3E, 0x00, 0x22, 0x22, 0x22, 0xF4, 0xE4, 0xEE, 0x22, 0x42, 0x00, 0x44, 0x44
	.byte 0x22, 0x42, 0x42, 0x34, 0xF1, 0xFF, 0x00, 0x2F, 0x32, 0x31, 0xFE, 0x23, 0x32, 0x11, 0x33, 0x00
	.byte 0x22, 0x32, 0x21, 0x22, 0xE2, 0x32, 0x22, 0x32, 0x00, 0x2E, 0x32, 0xEE, 0xFE, 0x24, 0x32, 0x33
	.byte 0x33, 0x00, 0x24, 0x33, 0x33, 0x43, 0x33, 0x33, 0x33, 0x34, 0xA8, 0x00, 0x03, 0x3E, 0x00, 0x03
	.byte 0xEE, 0x00, 0x03, 0x7E, 0xE7, 0xEE, 0x08, 0x33, 0x7E, 0x66, 0x66, 0x10, 0x03, 0x73, 0x67, 0x66
	.byte 0x00, 0x66, 0xE3, 0x66, 0x66, 0x76, 0x33, 0x33, 0x0E, 0x03, 0x00, 0x33, 0xE3, 0x00, 0x00, 0x43
	.byte 0x00, 0x91, 0x11, 0xEE, 0x28, 0x67, 0x07, 0x00, 0x03, 0xE6, 0x00, 0x03, 0x66, 0x0E, 0x00, 0x3F
	.byte 0x66, 0x66, 0x00, 0x08, 0xF0, 0x01, 0xF0, 0x01, 0xF0, 0x01, 0xF0, 0x01, 0xF0, 0x01, 0x82, 0x30
	.byte 0x01, 0x40, 0x44, 0x2F, 0x00, 0x30, 0x00, 0xEB, 0x00, 0x4A, 0x44, 0x00, 0x03, 0xE0, 0x2E, 0x00
	.byte 0x11, 0xE0, 0x90, 0x1E, 0x22, 0x14, 0x22, 0x24, 0x34, 0x01, 0x8F, 0x43, 0x01, 0xDB, 0xEE, 0x22
	.byte 0x06, 0x32, 0xE4, 0x00, 0xEE, 0x4E, 0xB0, 0x3E, 0x10, 0xE3, 0x44, 0x00, 0x34, 0x33, 0xE3, 0x33
	.byte 0x33, 0xE3, 0x5E, 0xE4, 0x00, 0xEE, 0x54, 0x55, 0x70, 0x57, 0x55, 0x55, 0x70, 0x00, 0x76, 0x77
	.byte 0x77, 0x00, 0x56, 0x55, 0x55, 0x00, 0xA3, 0x00, 0x0B, 0x6E, 0x00, 0xE3, 0x66, 0x66, 0x66, 0x00
	.byte 0xED, 0x30, 0x06, 0x2B, 0x65, 0x77, 0x00, 0x06, 0x55, 0x00, 0x02, 0x55, 0x30, 0x01, 0x00, 0x17
	.byte 0x50, 0x0E, 0x40, 0x03, 0xE6, 0x00, 0x1F, 0x76, 0x66, 0x56, 0x57, 0x00, 0x66, 0x56, 0x75, 0x55
	.byte 0x65, 0x55, 0x57, 0x55, 0x07, 0x65, 0x75, 0x55, 0x55, 0x65, 0xD0, 0xAE, 0x01, 0x1E, 0x25, 0x87
	.byte 0xFE, 0x50, 0x03, 0xF0, 0x01, 0xF0, 0x01, 0xF0, 0x01, 0xF0, 0x01, 0xF0, 0x01, 0x90, 0x01, 0xD0
	.byte 0x00, 0x0D, 0xED, 0x00, 0xD0, 0xEF, 0xFD, 0x0E, 0xD0, 0x00, 0xFC, 0xCD, 0xEF, 0xD0, 0xCC, 0xCD
	.byte 0xDC, 0xEE, 0x03, 0xD6, 0xD0, 0x7D, 0x55, 0x65, 0x70, 0x00, 0xBF, 0x10, 0xE3, 0x48, 0x00, 0x00
	.byte 0x08, 0x00, 0x70, 0x01, 0xB1, 0x57, 0x75, 0x57, 0x00, 0x7E, 0x77, 0x55, 0x75, 0x77, 0x55, 0x77
	.byte 0x55, 0x00, 0x66, 0x57, 0x65, 0x67, 0x66, 0x76, 0x65, 0x67, 0x80, 0x00, 0x22, 0x65, 0x55, 0x55
	.byte 0x76, 0x57, 0x76, 0x77, 0x10, 0x55, 0x55, 0x56, 0x01, 0x13, 0x66, 0x65, 0x65, 0x65, 0x05, 0x6E
	.byte 0x66, 0x56, 0x56, 0xE6, 0x01, 0x11, 0x66, 0x04, 0x6C, 0xBA, 0x00, 0x3E, 0x76, 0x11, 0x06, 0x00
	.byte 0x03, 0x00, 0x2B, 0x75, 0x00, 0x21, 0x6E, 0x00, 0x55, 0x55, 0xE6, 0x66, 0x55, 0xEE, 0x6E, 0x66
	.byte 0x3A, 0x55, 0xE6, 0x01, 0x47, 0x10, 0xE3, 0x12, 0x05, 0xE5, 0x00, 0x03, 0x55, 0xAB, 0x00, 0xFC
	.byte 0x55, 0x00, 0x10, 0x75, 0x00, 0x03, 0x57, 0x10, 0x07, 0xF0, 0xA8, 0xF9, 0xF0, 0x01, 0xF0, 0x01
	.byte 0xF0, 0x01, 0xF0, 0x01, 0x60, 0x01, 0x70, 0x55, 0x02, 0x1B, 0x55, 0x26, 0x00, 0x03, 0x27, 0x00
	.byte 0x03, 0x60, 0x00, 0x03, 0x70, 0x12, 0x2B, 0x50, 0x27, 0x12, 0x2B, 0x66, 0x00, 0x1E, 0xE7, 0x65
	.byte 0x76, 0x66, 0x00, 0x76, 0x62, 0x66, 0x67, 0xE6, 0x52, 0x66, 0x6E, 0x00, 0x0E, 0x22, 0x66, 0x6E
	.byte 0x00, 0x22, 0x66, 0xEE, 0x14, 0x00, 0x62, 0x76, 0x02, 0xBB, 0xE7, 0x32, 0xCF, 0xE6, 0x07, 0x36
	.byte 0x00, 0xE0, 0x00, 0xB6, 0x12, 0x53, 0x70, 0xF0, 0x5D, 0x00, 0x1F, 0x66, 0x11, 0x66, 0x56, 0x66
	.byte 0x12, 0x13, 0x66, 0x77, 0x77, 0x01, 0x17, 0x00, 0x55, 0x6E, 0xF6, 0x6C, 0x55, 0xE0, 0xFD, 0xFF
	.byte 0x1B, 0xEE, 0x00, 0xED, 0x34, 0xFC, 0x10, 0xF7, 0x67, 0x00, 0xEB, 0x03, 0x0E, 0x20, 0x00, 0x55
	.byte 0x00, 0x0C, 0xF5, 0xDC, 0x00, 0x00, 0xFE, 0x0C, 0xCF, 0x0E, 0x00, 0xD0, 0x05, 0x4F, 0x10, 0x1F

  .globl gMonPalette_Exeggutor
gMonPalette_Exeggutor:
  .incbin "build/graphics/pokemon/exeggutor/normal_palette.gbapal.lz"

  .globl gMonBackPic_Exeggutor
gMonBackPic_Exeggutor:
  .incbin "build/graphics/pokemon/exeggutor/back.4bpp.lz"

  .globl gMonShinyPalette_Exeggutor
gMonShinyPalette_Exeggutor:
  .incbin "build/graphics/pokemon/exeggutor/shiny_palette.gbapal.lz"

	.globl gMonIcon_Exeggutor
gMonIcon_Exeggutor: @ 0x08C76CE0 [103]
  .incbin "build/graphics/pokemon/exeggutor/icon.4bpp"
	@ analyzed canonical ROM range 0x08C770E0-0x08C773CF
sAnalyzedData_08C770E0: @ 0x08C770E0
	@ structured u8 payload; no safe higher-level semantic type was provable
	.byte 0x00, 0x10, 0x38, 0x38, 0xFC, 0xFC, 0xFC, 0xFC, 0x00, 0x08, 0x1C, 0x1C, 0x3F, 0x3F, 0x3F, 0x3F
	.byte 0xFC, 0xFC, 0xFC, 0xF8, 0xF8, 0xF0, 0xC0, 0x00, 0x3F, 0x3F, 0x3F, 0x1F, 0x1F, 0x0F, 0x03, 0x00
	.byte 0x10, 0x00, 0x08, 0x00, 0x3F, 0x00, 0x00, 0xF0, 0x01, 0xF0, 0x01, 0xF0, 0x01, 0xF0, 0x01, 0xF0
	.byte 0x01, 0xF0, 0x01, 0xFF, 0xF0, 0x01, 0xF0, 0x01, 0xF0, 0x01, 0xF0, 0x01, 0xF0, 0x01, 0xF0, 0x01
	.byte 0xF0, 0x01, 0xF0, 0x01, 0xFE, 0xF0, 0x01, 0xF0, 0x01, 0xF0, 0x01, 0xF0, 0x01, 0xF0, 0x01, 0xF0
	.byte 0x01, 0x30, 0x01, 0x80, 0x00, 0x08, 0x00, 0x00, 0xF7, 0x8F, 0x00, 0x87, 0xF7, 0x01, 0x6F, 0x78
	.byte 0xFF, 0x57, 0x66, 0xFF, 0xFF, 0xF0, 0x21, 0x00, 0x00, 0x70, 0x88, 0x78, 0x70, 0xF7, 0xFF, 0x66
	.byte 0x03, 0xF7, 0xFF, 0xFF, 0x75, 0xF5, 0x6F, 0xD0, 0x1C, 0x00, 0x3E, 0x2B, 0x00, 0xE6, 0x00, 0x03
	.byte 0x86, 0x00, 0x03, 0x0E, 0xF0, 0x3B, 0xF0, 0x01, 0xFA, 0xF0, 0x01, 0xF0, 0x01, 0xF0, 0x01, 0xF0
	.byte 0x01, 0xF0, 0x01, 0x77, 0x00, 0xAA, 0xF6, 0xD0, 0xF0, 0x16, 0x30, 0x01, 0x07, 0x00, 0xEA, 0x75
	.byte 0x00, 0x80, 0xF7, 0x02, 0x70, 0xF6, 0xFF, 0xFF, 0x80, 0xFF, 0x20, 0x03, 0x5F, 0x00, 0x67, 0xFF
	.byte 0xFF, 0x55, 0xF8, 0xFF, 0x5F, 0xE5, 0xA0, 0x00, 0x03, 0x3E, 0x00, 0x0E, 0x2E, 0xFF, 0x55, 0x55
	.byte 0xE8, 0x00, 0xFF, 0x55, 0xF5, 0x66, 0x55, 0x55, 0x55, 0x86, 0x00, 0x55, 0x55, 0x65, 0x66, 0xEE
	.byte 0x7E, 0x66, 0x66, 0x00, 0x44, 0x44, 0x67, 0x66, 0x32, 0x43, 0x76, 0x66, 0x00, 0xEE, 0x35, 0x86
	.byte 0x66, 0xE5, 0x3F, 0x86, 0x67, 0xF5, 0x10, 0xE3, 0x00, 0x4B, 0x20, 0xEB, 0x50, 0xF7, 0x66, 0x01
	.byte 0x04, 0x66, 0x00, 0x10, 0x7E, 0x76, 0xF1, 0x00, 0xF0, 0x01, 0xF0, 0x01, 0xF0, 0x01, 0xF0, 0x01
	.byte 0x80, 0x01, 0xF7, 0x42, 0x55, 0x00, 0x03, 0x5F, 0x00, 0x00, 0x58, 0x00, 0x07, 0x80, 0xB0, 0x10
	.byte 0xEF, 0xF8, 0x11, 0xC6, 0x40, 0x03, 0x00, 0x85, 0x00, 0xF8, 0x28, 0xFF, 0xE5, 0x00, 0xDC, 0xE6
	.byte 0x00, 0x03, 0x85, 0x70, 0xF5, 0x04, 0x6F, 0x5F, 0x0E, 0x58, 0x65, 0x00, 0x03, 0x66, 0xFF, 0x00
	.byte 0x08, 0xE0, 0x8E, 0xF7, 0xE5, 0x00, 0x00, 0x5F, 0x12, 0x55, 0x55, 0x78, 0x00, 0xE7, 0x55, 0x76
	.byte 0x00, 0x03, 0xEE, 0x10, 0x57, 0x55, 0x75, 0x00, 0x03, 0x67, 0x66, 0x66, 0xEE, 0x00, 0xEE, 0x66
	.byte 0xE6, 0x33, 0x83, 0xE8, 0x4E, 0x33, 0x00, 0x33, 0xEE, 0x63, 0x68, 0x76, 0x77, 0x78, 0x66, 0x00
	.byte 0x66, 0x55, 0x68, 0x66, 0xEE, 0x55, 0x67, 0xEE, 0x00, 0x33, 0x66, 0xE8, 0x33, 0x23, 0x66, 0x3E
	.byte 0x33, 0x0B, 0x23, 0xEE, 0x33, 0x33, 0x10, 0x01, 0x44, 0x10, 0xF3, 0x50, 0xE6, 0x40, 0x43, 0x00
	.byte 0x03, 0x22, 0x43, 0x04, 0x00, 0x22, 0x22, 0x00, 0x43, 0x0E, 0x33, 0x22, 0x22, 0xE2, 0xEE, 0x34
	.byte 0x3F, 0x42, 0x21, 0xF0, 0xAF, 0x70, 0x01, 0xF1, 0x1E, 0xF0, 0x01, 0xF0, 0x01, 0xF0, 0x01, 0xC0
	.byte 0xF0, 0x01, 0x70, 0x01, 0xF8, 0x85, 0x00, 0x40, 0x70, 0x5F, 0x00, 0x08, 0x24, 0x80, 0x5F, 0x44
	.byte 0x23, 0x40, 0x4F, 0x00, 0x21, 0x32, 0x14, 0x44, 0x84, 0x42, 0x14, 0x42, 0x00, 0x55, 0x08, 0x40
	.byte 0x42, 0x55, 0x0E, 0x00, 0xF4, 0x00, 0xE5, 0x00, 0x32, 0x34, 0xAA, 0xAA, 0x33, 0xA4, 0x00, 0x99
	.byte 0x99, 0x43, 0x9B, 0x99, 0xA9, 0x44, 0x9B, 0x14, 0x99, 0x99, 0x00, 0x00, 0x03, 0x40, 0x00, 0x03
	.byte 0x20, 0x94, 0x10, 0x99, 0xA9, 0x14, 0x00, 0x17, 0x33, 0x33, 0x43, 0x33, 0x54, 0x3A, 0x00, 0xE8
	.byte 0xA9, 0x00, 0x03, 0x9A, 0x00, 0x08, 0xA9, 0xAA, 0x80, 0x00, 0x07, 0xAA, 0x3B, 0x22, 0xA9, 0xAA
	.byte 0x23, 0x11, 0x00, 0xAA, 0xAA, 0x14, 0x11, 0x0E, 0xE0, 0x14, 0x21, 0x00, 0x0E, 0x00, 0x1E, 0xE1
	.byte 0x43, 0x00, 0xE0, 0x0E, 0x00, 0x33, 0x04, 0x00, 0x00, 0x33, 0xE3, 0x00, 0x00, 0x04, 0x32, 0x33
	.byte 0x0E, 0x00, 0x22, 0x00, 0x0C, 0x21, 0x32, 0x7F, 0x43, 0xF0, 0xE3, 0xF0, 0x01, 0xF0, 0x01, 0xF0
	.byte 0x01, 0xF0, 0x01, 0xF0, 0x01, 0xF0, 0x01, 0xB0, 0x10, 0x01, 0xE0, 0xF0, 0x81, 0x90, 0x01, 0x1E
	.byte 0x1E, 0xAA, 0xAA, 0x00, 0x2E, 0x41, 0xAB, 0xAA, 0x24, 0xE2, 0xBB, 0xAA, 0x00, 0xE0, 0x22, 0xBE
	.byte 0xBB, 0x40, 0x24, 0x42, 0xB4, 0x00, 0x4E, 0x42, 0x23, 0xE2, 0xFE, 0x25, 0xE2, 0x0E, 0x08, 0xE0
	.byte 0xEE, 0x0E, 0x00, 0x10, 0xE3, 0xAA, 0xBA, 0x24, 0x00, 0x11, 0xAA, 0xBB, 0x23, 0x22, 0xBB, 0xBB
	.byte 0x2B, 0x81, 0x00, 0x03, 0x4B, 0x22, 0xEE, 0xEE, 0x04, 0x34, 0x10, 0x59, 0x80, 0x10, 0x3F, 0x21
	.byte 0x32, 0xE3, 0x44, 0x22, 0x32, 0xE3, 0x42, 0x22, 0x00, 0x03, 0x33, 0x22, 0x33, 0xE3, 0x01, 0x25
	.byte 0x43, 0x80, 0x02, 0x1A, 0x03, 0x00, 0x3E, 0x53, 0xE2, 0x00, 0xE0, 0x6D, 0xFF, 0x02, 0x60, 0x00
	.byte 0x01, 0x44, 0x11, 0x17, 0x00, 0x86, 0xEE, 0xF0, 0x7E, 0xFF, 0xF0, 0x01, 0xF0, 0x01, 0xF0, 0x01
	.byte 0xF0, 0x01, 0xF0, 0x01, 0xF0, 0x01, 0xF0, 0x01, 0xF0, 0x01, 0xFF, 0xF0, 0x01, 0xF0, 0x01, 0xB0
	.byte 0x01, 0x01, 0x23, 0xF0, 0x14, 0xF0, 0x01, 0xF0, 0x01, 0xF0, 0x01, 0xFF, 0xF0, 0x01, 0xF0, 0x01
	.byte 0xF0, 0x01, 0xF0, 0x01, 0xF0, 0x01, 0xF0, 0x01, 0xF0, 0x01, 0xF0, 0x01, 0xFF, 0xF0, 0x01, 0xF0
	.byte 0x01, 0xF0, 0x01, 0xF0, 0x01, 0xF0, 0x01, 0xF0, 0x01, 0xF0, 0x01, 0x30, 0x01, 0x00, 0x00, 0x00

  .globl gMonPalette_Cubone
gMonPalette_Cubone:
  .incbin "build/graphics/pokemon/cubone/normal_palette.gbapal.lz"

  .globl gMonBackPic_Cubone
gMonBackPic_Cubone:
  .incbin "build/graphics/pokemon/cubone/back.4bpp.lz"

  .globl gMonShinyPalette_Cubone
gMonShinyPalette_Cubone:
  .incbin "build/graphics/pokemon/cubone/shiny_palette.gbapal.lz"
