	.globl gMonIcon_Flareon
gMonIcon_Flareon: @ 0x08C8E804 [136]
  .incbin "build/graphics/pokemon/flareon/icon.4bpp"
	@ analyzed canonical ROM range 0x08C8EC04-0x08C8EEDF
	@ structured u8 payload; no safe higher-level semantic type was provable
	.byte 0x00, 0x00, 0x00, 0x00, 0x80, 0xB0, 0xF0, 0xF8, 0x00, 0x00, 0x00, 0x00, 0x01, 0x0D, 0x0F, 0x1F
	.byte 0x78, 0x38, 0x30, 0x70, 0xE0, 0xC0, 0x00, 0x00, 0x1E, 0x1C, 0x0C, 0x0E, 0x07, 0x03, 0x00, 0x00
	.byte 0x10, 0x00, 0x08, 0x00, 0x3F, 0x00, 0x00, 0xF0, 0x01, 0xF0, 0x01, 0xF0, 0x01, 0xF0, 0x01, 0xF0
	.byte 0x01, 0xF0, 0x01, 0xFF, 0xF0, 0x01, 0xF0, 0x01, 0xF0, 0x01, 0xF0, 0x01, 0xF0, 0x01, 0xF0, 0x01
	.byte 0xF0, 0x01, 0xF0, 0x01, 0xF0, 0xF0, 0x01, 0xF0, 0x01, 0xF0, 0x01, 0x40, 0x01, 0x33, 0x00, 0x00
	.byte 0x30, 0x6F, 0x31, 0xF0, 0x16, 0x70, 0x01, 0x03, 0xF0, 0x12, 0xF0, 0x01, 0xF0, 0x01, 0xF0, 0x01
	.byte 0xFE, 0xF0, 0x01, 0xF0, 0x01, 0xF0, 0x01, 0xF0, 0x01, 0xF0, 0x01, 0xF0, 0x01, 0xE0, 0x01, 0x30
	.byte 0x05, 0x11, 0x00, 0x00, 0xE0, 0x12, 0x00, 0x03, 0x13, 0x30, 0x03, 0x2B, 0x00, 0x24, 0x00, 0x03
	.byte 0x3E, 0x40, 0x03, 0x34, 0x10, 0xE3, 0x10, 0x03, 0xDD, 0x11, 0x08, 0x10, 0x03, 0x11, 0x00, 0x0C
	.byte 0x60, 0x03, 0xF1, 0x1D, 0x70, 0x00, 0x03, 0x40, 0xF7, 0x00, 0x06, 0x55, 0x00, 0x00, 0x67, 0x65
	.byte 0x00, 0x10, 0x70, 0x56, 0x66, 0x30, 0x16, 0x76, 0x77, 0x76, 0x66, 0x01, 0x55, 0x55, 0xFF, 0x55
	.byte 0x55, 0x55, 0x5F, 0x00, 0x03, 0x90, 0x00, 0x0A, 0x55, 0x66, 0x00, 0x04, 0x66, 0x66, 0x56, 0xFF
	.byte 0xA9, 0x10, 0x1D, 0x07, 0x00, 0x03, 0x75, 0x00, 0x04, 0x55, 0x75, 0x00, 0x03, 0x00, 0x55, 0x07
	.byte 0x00, 0x55, 0xF5, 0x75, 0x00, 0x55, 0x03, 0x5F, 0x76, 0x00, 0xFF, 0x65, 0x66, 0x10, 0x1A, 0xF0
	.byte 0x01, 0xFA, 0xF0, 0x01, 0xF0, 0x01, 0xF0, 0x01, 0xF0, 0x01, 0x30, 0x01, 0x40, 0x40, 0x03, 0xE0
	.byte 0xD6, 0x80, 0x03, 0x60, 0x01, 0x12, 0x00, 0xE3, 0x13, 0x00, 0xEC, 0x30, 0x03, 0x31, 0x00, 0x40
	.byte 0x23, 0x11, 0x31, 0x44, 0x34, 0x11, 0x31, 0x00, 0x14, 0x3E, 0x11, 0x71, 0x24, 0x3E, 0x71, 0x77
	.byte 0x00, 0xE7, 0x00, 0x23, 0x55, 0x66, 0x30, 0x12, 0x62, 0x00, 0x66, 0x24, 0x21, 0x22, 0x62, 0x12
	.byte 0x22, 0x22, 0x3C, 0x22, 0x21, 0x00, 0x03, 0x10, 0x01, 0x10, 0x07, 0x00, 0x0F, 0x33, 0x66, 0x18
	.byte 0x66, 0x66, 0xFF, 0x10, 0xE7, 0x00, 0xEF, 0xFF, 0x66, 0x55, 0x00, 0x66, 0xF6, 0x52, 0x65, 0x66
	.byte 0x66, 0x32, 0x66, 0x00, 0x66, 0x76, 0x33, 0x66, 0x77, 0x77, 0x43, 0x77, 0x00, 0x77, 0x77, 0xFF
	.byte 0x6F, 0x66, 0x0E, 0xFE, 0x6F, 0x00, 0x76, 0x0E, 0xFF, 0x69, 0x87, 0x00, 0x9F, 0x79, 0x00, 0xE7
	.byte 0x00, 0x99, 0x77, 0x08, 0x00, 0x77, 0x77, 0x2F, 0x0E, 0x00, 0x00, 0x59, 0x00, 0x00, 0x06, 0xF0
	.byte 0xAD, 0xF0, 0x01, 0xF0, 0x01, 0xF0, 0xF0, 0x01, 0xF0, 0x01, 0xF0, 0x01, 0xF1, 0x17, 0x00, 0x00
	.byte 0x14, 0x40, 0x01, 0x57, 0x55, 0x55, 0xE0, 0x57, 0x66, 0x66, 0x10, 0x03, 0x20, 0x00, 0x68, 0x00
	.byte 0x03, 0x80, 0x43, 0x44, 0x40, 0x34, 0x18, 0x21, 0x22, 0x14, 0x00, 0xE0, 0x00, 0x02, 0x11, 0x2E
	.byte 0x21, 0x00, 0x33, 0x43, 0xE6, 0x32, 0x44, 0xE4, 0x66, 0xEE, 0x45, 0x4E, 0x00, 0xEA, 0x66, 0x66
	.byte 0x64, 0x00, 0x03, 0x42, 0x00, 0x03, 0x40, 0x21, 0x00, 0x08, 0x11, 0x62, 0x66, 0x16, 0x74, 0x77
	.byte 0x00, 0x77, 0xE8, 0xEE, 0xEE, 0x8E, 0x33, 0x36, 0x33, 0x00, 0x33, 0x33, 0x66, 0x36, 0x33, 0x23
	.byte 0x66, 0x11, 0x0C, 0x23, 0x22, 0x16, 0x11, 0x00, 0x38, 0x40, 0x03, 0xEE, 0x43, 0x00, 0x43, 0x00
	.byte 0x33, 0x43, 0x11, 0x04, 0x23, 0x32, 0x00, 0x12, 0x42, 0x22, 0x22, 0x14, 0x31, 0x22, 0x22, 0x55
	.byte 0x1E, 0x00, 0x15, 0x24, 0x00, 0x03, 0xE2, 0x00, 0x03, 0xE1, 0x02, 0x9B, 0xAB, 0xB0, 0x01, 0x04
	.byte 0x00, 0x03, 0x42, 0x00, 0x03, 0x41, 0x12, 0x8B, 0xF1, 0x1F, 0xEF, 0xF0, 0x01, 0xF0, 0x01, 0xD0
	.byte 0x01, 0x34, 0x40, 0x03, 0x10, 0xEF, 0xF4, 0x04, 0x00, 0xA5, 0x10, 0x33, 0x33, 0x13, 0x20, 0x03
	.byte 0x34, 0x33, 0x33, 0x11, 0x40, 0xE0, 0x00, 0x03, 0x00, 0x3E, 0x33, 0x13, 0x00, 0xE0, 0xC0, 0x00
	.byte 0x03, 0x00, 0x08, 0x11, 0x41, 0x66, 0x16, 0x11, 0x11, 0x11, 0x64, 0x66, 0x11, 0x00, 0xEC, 0x11
	.byte 0x11, 0xE1, 0x00, 0x03, 0x02, 0x31, 0x84, 0x11, 0x11, 0x11, 0x0E, 0x00, 0xDB, 0x0E, 0xCC, 0x00
	.byte 0xC0, 0x10, 0x07, 0x22, 0x11, 0x11, 0x28, 0x00, 0x03, 0x16, 0x21, 0x00, 0x22, 0x11, 0x16, 0x21
	.byte 0x12, 0xE4, 0xE8, 0x21, 0x08, 0xE1, 0x00, 0x00, 0xE4, 0x30, 0xBC, 0x22, 0x12, 0x2E, 0x00, 0x22
	.byte 0x12, 0xE1, 0x22, 0x22, 0x41, 0x2E, 0x22, 0x0D, 0x42, 0x0E, 0x00, 0xEE, 0x10, 0xDE, 0xA0, 0x01
	.byte 0x22, 0x00, 0x26, 0xBF, 0x10, 0x03, 0xEE, 0xF4, 0x6C, 0xF0, 0x01, 0xF0, 0x01, 0xF0, 0x01, 0xF0
	.byte 0x01, 0xF0, 0x01, 0xBC, 0xA0, 0x01, 0xE0, 0x05, 0x07, 0x24, 0x0B, 0xF1, 0x1F, 0x10, 0x9F, 0x22
	.byte 0xEE, 0x5F, 0x00, 0x00, 0x02, 0x00, 0x00, 0x02, 0xF0, 0x01, 0xF0, 0x01, 0xF0, 0x01, 0xF0, 0x01
	.byte 0xFF, 0xF0, 0x01, 0xF0, 0x01, 0xF0, 0x01, 0xF0, 0x01, 0xF0, 0x01, 0xF0, 0x01, 0xF0, 0x01, 0xF0
	.byte 0x01, 0xFF, 0xF0, 0x01, 0xF0, 0x01, 0xF0, 0x01, 0xF0, 0x01, 0xF0, 0x01, 0xF0, 0x01, 0xF0, 0x01
	.byte 0xF0, 0x01, 0xE0, 0xF0, 0x01, 0xF0, 0x01, 0x60, 0x01, 0x00, 0x00, 0x00

  .globl gMonPalette_Porygon
gMonPalette_Porygon:
  .incbin "build/graphics/pokemon/porygon/normal_palette.gbapal.lz"

  .globl gMonBackPic_Porygon
gMonBackPic_Porygon:
  .incbin "build/graphics/pokemon/porygon/back.4bpp.lz"

  .globl gMonShinyPalette_Porygon
gMonShinyPalette_Porygon:
  .incbin "build/graphics/pokemon/porygon/shiny_palette.gbapal.lz"

	.globl gMonIcon_Porygon
gMonIcon_Porygon: @ 0x08C8F1E0 [137]
  .incbin "build/graphics/pokemon/porygon/icon.4bpp"
	@ analyzed canonical ROM range 0x08C8F5E0-0x08C8F8A7
	@ structured u8 payload; no safe higher-level semantic type was provable
	.byte 0x00, 0xC0, 0xC0, 0xC0, 0xC0, 0xC0, 0xC0, 0xE0, 0x00, 0x01, 0x0F, 0x0F, 0x0F, 0x0F, 0x0F, 0x0F
	.byte 0xE0, 0xE0, 0xE0, 0xE0, 0xE0, 0x80, 0x00, 0x00, 0x0F, 0x07, 0x07, 0x07, 0x07, 0x07, 0x00, 0x00
	.byte 0x10, 0x00, 0x08, 0x00, 0x3F, 0x00, 0x00, 0xF0, 0x01, 0xF0, 0x01, 0xF0, 0x01, 0xF0, 0x01, 0xF0
	.byte 0x01, 0xF0, 0x01, 0xFF, 0xF0, 0x01, 0xF0, 0x01, 0xF0, 0x01, 0xF0, 0x01, 0xF0, 0x01, 0xF0, 0x01
	.byte 0xF0, 0x01, 0xF0, 0x01, 0xFE, 0xF0, 0x01, 0xF0, 0x01, 0xF0, 0x01, 0xF0, 0x01, 0xF0, 0x01, 0xF0
	.byte 0x01, 0xF0, 0x01, 0x00, 0x18, 0x00, 0xA0, 0xBA, 0xF0, 0x13, 0x70, 0x01, 0x6B, 0x66, 0x66, 0x7F
	.byte 0xB6, 0xF0, 0x15, 0xF0, 0x01, 0xF0, 0x01, 0xF0, 0x01, 0xF0, 0x01, 0xF0, 0x01, 0xF0, 0x01, 0xF6
	.byte 0xF0, 0x01, 0xF0, 0x01, 0xF0, 0x01, 0x00, 0x01, 0xB0, 0x10, 0xDC, 0x00, 0x03, 0x7B, 0x00, 0x00
	.byte 0xA0, 0x89, 0x88, 0x00, 0xAB, 0xAA, 0xAA, 0x01, 0xB0, 0x88, 0x88, 0x88, 0x7B, 0x77, 0x78, 0x00
	.byte 0x03, 0x08, 0x77, 0x77, 0xAA, 0x7A, 0x00, 0x04, 0xA7, 0xAA, 0xAA, 0x08, 0x77, 0x87, 0x87, 0x87
	.byte 0x00, 0x16, 0x98, 0xAA, 0xBB, 0x8A, 0x00, 0x05, 0x88, 0xBA, 0x9B, 0x00, 0x04, 0xB8, 0x00, 0x10
	.byte 0x98, 0x01, 0xA8, 0xAA, 0xBB, 0x98, 0x8A, 0x88, 0x88, 0x10, 0x0F, 0x00, 0x69, 0x6B, 0x0B, 0x00
	.byte 0x00, 0xB9, 0x6A, 0x00, 0x00, 0x00, 0xAA, 0xAB, 0x06, 0x00, 0xAA, 0xBA, 0x6A, 0x00, 0x00, 0xAB
	.byte 0xBA, 0xBA, 0x00, 0x69, 0x66, 0xAA, 0x00, 0x06, 0xA6, 0xAA, 0xA6, 0x0B, 0x8A, 0xA9, 0xBB, 0xFF
	.byte 0xF1, 0x3F, 0xF0, 0x01, 0xF0, 0x01, 0xF0, 0x01, 0xF0, 0x01, 0xF0, 0x01, 0xF0, 0x01, 0x30, 0x01
	.byte 0x57, 0x7B, 0x00, 0x03, 0xAA, 0x00, 0xEE, 0x77, 0x00, 0xF6, 0x90, 0x03, 0x00, 0x13, 0x44, 0xB0
	.byte 0x00, 0xE8, 0x78, 0x88, 0x7A, 0x00, 0xE6, 0xA7, 0x8A, 0x00, 0x88, 0xA8, 0x77, 0xA8, 0xAA, 0x8A
	.byte 0x78, 0x78, 0x28, 0x88, 0x88, 0x10, 0xF4, 0xAA, 0x00, 0x03, 0x87, 0xAA, 0xAA, 0x80, 0x00, 0x06
	.byte 0x98, 0xAB, 0xA8, 0xAA, 0x9B, 0x86, 0x8A, 0x1A, 0x88, 0xB8, 0x86, 0x00, 0x0B, 0x10, 0x03, 0x8B
	.byte 0x10, 0x13, 0xAA, 0x10, 0xAA, 0xBA, 0xAB, 0x00, 0x07, 0xBB, 0x88, 0xA9, 0x6A, 0x00, 0x6A, 0x98
	.byte 0xAA, 0x6A, 0x6A, 0xA8, 0xB6, 0x6A, 0x04, 0x6A, 0x6A, 0xBA, 0x6A, 0x6B, 0x00, 0x03, 0x6A, 0x6A
	.byte 0xA3, 0x01, 0x08, 0xBA, 0x10, 0x03, 0xAB, 0xAB, 0x6B, 0xF0, 0x8E, 0xF0, 0x01, 0xFC, 0xF0, 0x01
	.byte 0xF0, 0x01, 0xF0, 0x01, 0xF0, 0x01, 0xF0, 0x01, 0x22, 0xC3, 0x88, 0x00, 0x00, 0x00, 0x8A, 0x99
	.byte 0x00, 0x00, 0x0B, 0xB9, 0xFD, 0x00, 0x00, 0x9B, 0x1B, 0xCF, 0x0F, 0xB6, 0x51, 0xCF, 0x00, 0xFC
	.byte 0xBE, 0x60, 0xDE, 0xCC, 0xEF, 0x51, 0xF0, 0x10, 0xCC, 0xCC, 0x16, 0x11, 0xD9, 0x99, 0x89, 0x88
	.byte 0x88, 0x00, 0xBB, 0x9A, 0x88, 0x99, 0x21, 0xAB, 0x99, 0xB9, 0x00, 0x56, 0xB1, 0x66, 0x16, 0x66
	.byte 0xB0, 0x66, 0x06, 0x00, 0x56, 0x62, 0xEE, 0x16, 0x21, 0xE6, 0xEE, 0x6E, 0x80, 0x00, 0x1D, 0xB9
	.byte 0x99, 0x99, 0x99, 0xA9, 0xBB, 0xBB, 0x00, 0x9B, 0xA9, 0x11, 0xB2, 0xA6, 0xAA, 0x65, 0x25, 0x00
	.byte 0xB6, 0xAB, 0x66, 0x06, 0x60, 0x66, 0x65, 0x25, 0x00, 0xE6, 0xEE, 0x11, 0x62, 0xEE, 0xFF, 0xAA
	.byte 0xBB, 0x01, 0xAB, 0x06, 0xAB, 0xAB, 0xBA, 0x06, 0x6A, 0x00, 0xEA, 0x00, 0xAA, 0xF6, 0x0F, 0x00
	.byte 0xAA, 0xDF, 0x06, 0x00, 0x00, 0xF6, 0xDD, 0x06, 0x00, 0xDF, 0xDD, 0x0F, 0x00, 0x3F, 0xDD, 0xED
	.byte 0xF0, 0x8D, 0xF0, 0x01, 0xF0, 0x01, 0xF0, 0x01, 0xF0, 0x01, 0xF0, 0x01, 0xC2, 0xF0, 0x01, 0x10
	.byte 0x01, 0xF0, 0xDD, 0xCC, 0x6D, 0x00, 0x8C, 0xDD, 0x80, 0x00, 0x08, 0xDD, 0x00, 0x00, 0x6F, 0xCF
	.byte 0x00, 0x00, 0x41, 0xE6, 0x00, 0x03, 0x66, 0xCC, 0x00, 0x00, 0x60, 0x00, 0x0F, 0x00, 0x00, 0x66
	.byte 0x66, 0xDD, 0xDD, 0xDD, 0xCC, 0xDC, 0x0C, 0xCD, 0xDC, 0xCC, 0xCC, 0x00, 0x01, 0x10, 0x05, 0xFD
	.byte 0xCC, 0x00, 0xDC, 0xDC, 0xF6, 0xCC, 0xFC, 0x6E, 0x6E, 0xCC, 0x01, 0x6D, 0x0F, 0x66, 0xDD, 0x06
	.byte 0x66, 0xD6, 0x00, 0x1F, 0x80, 0x10, 0x23, 0xCC, 0xDD, 0xED, 0xCD, 0xCC, 0xDF, 0xFD, 0x00, 0xDF
	.byte 0xCC, 0xFC, 0xDD, 0x6E, 0xCD, 0xCC, 0xD6, 0x00, 0xEE, 0xD6, 0xDD, 0x6D, 0x66, 0x60, 0xD6, 0x6D
	.byte 0x00, 0xDD, 0x6D, 0x00, 0x00, 0xED, 0x06, 0x00, 0x00, 0x00, 0x6E, 0xFE, 0x06, 0x00, 0xEF, 0xEE
	.byte 0x06, 0x00, 0x0B, 0xFD, 0x66, 0x00, 0x00, 0x00, 0xFE, 0x00, 0x00, 0x06, 0xF0, 0x01, 0xFF, 0xF0
	.byte 0x01, 0xF0, 0x01, 0xF0, 0x01, 0xF0, 0x01, 0xF0, 0x01, 0xF0, 0x01, 0xF0, 0x01, 0xF0, 0x01, 0xFF
	.byte 0x20, 0x01, 0xF0, 0xA9, 0xC1, 0x41, 0x00, 0xCD, 0xF0, 0x01, 0xF0, 0x01, 0xF0, 0x01, 0xF0, 0x01
	.byte 0xFF, 0xF0, 0x01, 0xF0, 0x01, 0xF0, 0x01, 0xF0, 0x01, 0xF0, 0x01, 0xF0, 0x01, 0xF0, 0x01, 0xF0
	.byte 0x01, 0xFF, 0xF0, 0x01, 0xF0, 0x01, 0xF0, 0x01, 0xF0, 0x01, 0xF0, 0x01, 0xF0, 0x01, 0xF0, 0x01
	.byte 0xF0, 0x01, 0x80, 0xF0, 0x01, 0x00, 0x00, 0x00

  .globl gMonPalette_Omanyte
gMonPalette_Omanyte:
  .incbin "build/graphics/pokemon/omanyte/normal_palette.gbapal.lz"

  .globl gMonBackPic_Omanyte
gMonBackPic_Omanyte:
  .incbin "build/graphics/pokemon/omanyte/back.4bpp.lz"

  .globl gMonShinyPalette_Omanyte
gMonShinyPalette_Omanyte:
  .incbin "build/graphics/pokemon/omanyte/shiny_palette.gbapal.lz"

	.globl gMonIcon_Omanyte
gMonIcon_Omanyte: @ 0x08C8FC44 [138]
  .incbin "build/graphics/pokemon/omanyte/icon.4bpp"
	@ analyzed canonical ROM range 0x08C90044-0x08C90423
	@ structured u8 payload; no safe higher-level semantic type was provable
	.byte 0x00, 0x00, 0x00, 0x00, 0x00, 0x00, 0x00, 0x80, 0x00, 0x00, 0x00, 0x00, 0x00, 0x00, 0x03, 0x03
	.byte 0x80, 0x00, 0x00, 0x00, 0x00, 0x00, 0x00, 0x00, 0x01, 0x00, 0x00, 0x00, 0x00, 0x00, 0x00, 0x00
	.byte 0x10, 0x00, 0x08, 0x00, 0x3F, 0x00, 0x00, 0xF0, 0x01, 0xF0, 0x01, 0xF0, 0x01, 0xF0, 0x01, 0xF0
	.byte 0x01, 0x00, 0x01, 0x7F, 0xB0, 0xF0, 0x12, 0xF0, 0x01, 0xF0, 0x01, 0xF0, 0x01, 0xF0, 0x01, 0xF0
	.byte 0x01, 0xF0, 0x01, 0xFD, 0xF0, 0x01, 0xF0, 0x01, 0xF0, 0x01, 0xF0, 0x01, 0xF0, 0x01, 0x80, 0x01
	.byte 0x8B, 0x40, 0x03, 0x40, 0x9B, 0x00, 0xEE, 0x9B, 0x00, 0xB0, 0x8B, 0xB8, 0xA0, 0x00, 0x8B, 0xA8
	.byte 0xAA, 0xB0, 0xB7, 0x7B, 0x77, 0xBB, 0x08, 0x77, 0xB8, 0x7B, 0x0B, 0x00, 0x18, 0xB9, 0xBB, 0x4B
	.byte 0x02, 0x44, 0xA9, 0x94, 0x99, 0x99, 0x99, 0x00, 0x03, 0x44, 0x01, 0xAA, 0xAA, 0x99, 0x87, 0x88
	.byte 0x88, 0xBB, 0x00, 0x03, 0x68, 0x98, 0x10, 0x03, 0x10, 0x40, 0x44, 0x00, 0x24, 0xBB, 0xBA, 0x4B
	.byte 0x00, 0x00, 0x99, 0xBB, 0xAA, 0x4B, 0x99, 0xAA, 0xAB, 0x20, 0xAA, 0xAA, 0x00, 0x03, 0xBB, 0xAA
	.byte 0x4A, 0x44, 0xA9, 0x15, 0xBB, 0xA4, 0xAA, 0xD0, 0x6C, 0x04, 0x00, 0x03, 0x4B, 0x00, 0x03, 0x4F
	.byte 0xAB, 0x00, 0x08, 0xAB, 0x4A, 0xF0, 0x8C, 0xF0, 0x01, 0xF0, 0x01, 0xF0, 0x01, 0xEA, 0xF0, 0x01
	.byte 0xF1, 0xC7, 0x20, 0x03, 0xAB, 0x00, 0x03, 0x7B, 0x30, 0x03, 0xA0, 0x40, 0x79, 0x00, 0x12, 0x77
	.byte 0x7A, 0x7B, 0x98, 0xB9, 0x77, 0x00, 0x7B, 0x98, 0x49, 0xA7, 0xBA, 0x99, 0x49, 0x7A, 0x00, 0xB7
	.byte 0x99, 0x94, 0x77, 0x77, 0x4B, 0x99, 0x77, 0x10, 0x77, 0x87, 0x88, 0x00, 0x03, 0xAA, 0x77, 0xAA
	.byte 0xAA, 0x00, 0x88, 0xAA, 0xAA, 0x8A, 0x98, 0x89, 0x88, 0xB8, 0x32, 0xBB, 0x89, 0x00, 0xEB, 0x00
	.byte 0x03, 0x99, 0x88, 0x20, 0x03, 0xA8, 0x90, 0x00, 0xE3, 0xBA, 0xAB, 0x00, 0x0B, 0xB9, 0xA9, 0x4A
	.byte 0xAA, 0x1A, 0xAA, 0xA9, 0xA4, 0x00, 0xF1, 0x00, 0x03, 0x4A, 0x00, 0xF3, 0x4A, 0x88, 0x00, 0xFB
	.byte 0x4A, 0xAA, 0xA4, 0x10, 0x03, 0xAB, 0x4B, 0xAA, 0x01, 0xA4, 0x4B, 0xBA, 0xBA, 0x00, 0x00, 0xAA
	.byte 0x00, 0xEC, 0x00, 0xAA, 0xBB, 0x0B, 0x00, 0xAA, 0xBA, 0x4A, 0x00, 0x40, 0xAB, 0x00, 0x03, 0xBA
	.byte 0x44, 0xBA, 0x00, 0xF4, 0xDE, 0x07, 0xA4, 0x0B, 0xDE, 0xFD, 0xA4, 0x11, 0x0E, 0xF0, 0x01, 0xF0
	.byte 0x01, 0xF5, 0xF0, 0x01, 0xF0, 0x01, 0xF0, 0x01, 0x30, 0xFA, 0x77, 0x40, 0x03, 0xA7, 0x00, 0x03
	.byte 0x50, 0x7A, 0x10, 0x03, 0xE0, 0x00, 0x0F, 0xCE, 0x0F, 0xB0, 0x77, 0x00, 0xCF, 0x04, 0xA0, 0x77
	.byte 0xA7, 0x77, 0x77, 0x88, 0x00, 0xBA, 0xBB, 0xBB, 0x8B, 0xB7, 0x88, 0x88, 0xB8, 0x00, 0x77, 0x8B
	.byte 0x88, 0x99, 0x77, 0xB7, 0x98, 0x99, 0x00, 0x77, 0x87, 0x9B, 0xA9, 0x78, 0xAA, 0xBA, 0x44, 0x09
	.byte 0xA8, 0x88, 0xA9, 0xAA, 0x30, 0xEF, 0x88, 0x99, 0x00, 0xFB, 0x10, 0xA9, 0x94, 0xA8, 0x00, 0xE6
	.byte 0x8A, 0x88, 0xB9, 0x9B, 0x00, 0x88, 0x98, 0xA9, 0x9A, 0x98, 0xBB, 0xAB, 0x99, 0x10, 0xB9, 0x11
	.byte 0xB1, 0x00, 0xEF, 0xE4, 0xBA, 0xAA, 0xBA, 0x00, 0xDF, 0xAA, 0xA4, 0x4A, 0xDE, 0xAA, 0xAB, 0xFA
	.byte 0x00, 0xDE, 0xA4, 0xBA, 0xE4, 0xEE, 0xBA, 0xA4, 0xE4, 0x00, 0xFE, 0xAA, 0xAA, 0xF4, 0xCF, 0xAA
	.byte 0x4A, 0xDF, 0x00, 0xDD, 0xDD, 0x4F, 0xBB, 0x04, 0xFD, 0xA4, 0xAB, 0x20, 0x04, 0x4D, 0x01, 0x04
	.byte 0xA4, 0xFF, 0xAB, 0x04, 0xF4, 0x00, 0xCC, 0xA4, 0x0B, 0xCF, 0xCC, 0xB4, 0x00, 0xCC, 0x07, 0x4C
	.byte 0x4A, 0x00, 0xDD, 0x4E, 0xF2, 0x00, 0xF0, 0x01, 0xF0, 0x01, 0xE0, 0xF0, 0x01, 0xF0, 0x01, 0x50
	.byte 0x01, 0xCF, 0x04, 0x00, 0xBA, 0xCF, 0x00, 0x0F, 0x00, 0x8B, 0xDF, 0x4D, 0xB0, 0x98, 0xDF, 0x00
	.byte 0xDD, 0xB4, 0x98, 0xF0, 0xED, 0xBE, 0x99, 0xF0, 0x00, 0xEE, 0xEE, 0x9B, 0x00, 0xEF, 0xEE, 0xBE
	.byte 0x00, 0x08, 0xF0, 0xEE, 0x4E, 0x7A, 0x02, 0xD6, 0x99, 0xBB, 0x9B, 0x80, 0x10, 0xCA, 0x99, 0x1B
	.byte 0x34, 0x21, 0x9B, 0x1B, 0x44, 0x00, 0x23, 0x4B, 0x1B, 0x41, 0x24, 0xE4, 0xBB, 0x11, 0x02, 0x42
	.byte 0xBE, 0xEF, 0x4B, 0xE4, 0x7B, 0x10, 0x14, 0x99, 0xA0, 0x00, 0x14, 0x99, 0x00, 0x14, 0xB9, 0xBF
	.byte 0x11, 0x42, 0xE4, 0x00, 0xEE, 0x4B, 0xE4, 0xEE, 0xBB, 0xBB, 0xEE, 0x44, 0x00, 0x77, 0x88, 0xEB
	.byte 0x44, 0x87, 0x99, 0xE9, 0xAB, 0x00, 0xEF, 0xDD, 0xDD, 0xF4, 0xEE, 0xDD, 0xDD, 0xE4, 0x00, 0xDE
	.byte 0xDE, 0xDE, 0xEE, 0xEE, 0xED, 0xED, 0xEE, 0x50, 0xEE, 0xB0, 0x01, 0xED, 0x01, 0xE2, 0xED, 0x44
	.byte 0x44, 0xFF, 0x04, 0xEE, 0xEF, 0xEE, 0xEE, 0xFE, 0x00, 0x0F, 0xFE, 0x44, 0x11, 0x44, 0xF4, 0x4F
	.byte 0x00, 0x97, 0x4F, 0xF4, 0x00, 0x00, 0x82, 0x28, 0x4F, 0x44, 0x50, 0xA7, 0x4F, 0x02, 0x09, 0xDD
	.byte 0xFD, 0x04, 0x00, 0x00, 0xEF, 0xDD, 0x4D, 0x00, 0x40, 0xEF, 0xDD, 0x00, 0x04, 0x00, 0xF0, 0xDD
	.byte 0x0F, 0xF4, 0x00, 0xDF, 0x78, 0xFD, 0xF0, 0xD1, 0xF0, 0x01, 0xF0, 0x01, 0x90, 0x01, 0xF0, 0xE4
	.byte 0x00, 0x02, 0x00, 0xF4, 0xCC, 0x00, 0xF0, 0xCD, 0x00, 0x03, 0xDD, 0x5A, 0xDD, 0x00, 0x69, 0xEF
	.byte 0x13, 0xB2, 0x00, 0x17, 0xEE, 0x10, 0x81, 0xCC, 0x14, 0xDC, 0xBD, 0x77, 0x00, 0x03, 0x87, 0x00
	.byte 0x03, 0x48, 0xDD, 0x10, 0xDD, 0xBD, 0x44, 0x00, 0xCA, 0x94, 0x44, 0xF4, 0xDD, 0x00, 0xAB, 0xFE
	.byte 0xEF, 0xCF, 0xBD, 0xFF, 0xEE, 0xCF, 0x00, 0xDD, 0x4A, 0x9A, 0x4A, 0xB4, 0x4A, 0x44, 0x44, 0x18
	.byte 0x44, 0x44, 0xA4, 0x02, 0xBD, 0x00, 0x03, 0x49, 0x44, 0xAA, 0x00, 0xBA, 0xA9, 0x44, 0xA4, 0xEB
	.byte 0x9B, 0x4A, 0xE4, 0x1D, 0xEE, 0xBD, 0xEB, 0x20, 0xE1, 0x00, 0xF3, 0x20, 0xFB, 0xDD, 0x00, 0x07
	.byte 0xB1, 0x00, 0x03, 0xEE, 0x00, 0x0B, 0x00, 0x01, 0x44, 0xF4, 0xEE, 0x00, 0xE2, 0x01, 0x4F, 0x4E
	.byte 0xEE, 0xEE, 0xDD, 0xED, 0xE4, 0x00, 0x04, 0x12, 0xF4, 0x4F, 0x44, 0x00, 0xDA, 0x00, 0xDD, 0x00
	.byte 0xDA, 0xDE, 0x00, 0xDD, 0x0F, 0x00, 0xEE, 0xDE, 0x4D, 0x00, 0xE4, 0x00, 0xEE, 0x4E, 0x00, 0xDD
	.byte 0x04, 0xF0, 0x4D, 0xFE, 0xFF, 0x00, 0x03, 0x00, 0xFE, 0x00, 0x2E, 0xF0, 0x01, 0xF0, 0x01, 0xF0
	.byte 0x01, 0xF0, 0x01, 0x80, 0x01, 0x08, 0xFF, 0xED, 0x4E, 0xFF, 0x00, 0x74, 0xC4, 0xDC, 0x4F, 0x30
	.byte 0x00, 0x40, 0xF0, 0x61, 0x01, 0x05, 0xFF, 0xDC, 0xF0, 0xFE, 0x01, 0xF0, 0xCC, 0xEF, 0x4E, 0x00
	.byte 0xCF, 0xDF, 0x10, 0x03, 0x00, 0xFE, 0x00, 0x40, 0xDF, 0x0F, 0x00, 0x00, 0xDF, 0xC0, 0x00, 0x90
	.byte 0x10, 0x03, 0xDD, 0xDE, 0xEE, 0xF4, 0xED, 0xED, 0x0A, 0xFE, 0x00, 0xDD, 0xEE, 0x10, 0x03, 0x04
	.byte 0x20, 0x03, 0xD4, 0x9E, 0x00, 0x03, 0xF0, 0xED, 0x00, 0x1C, 0x61, 0xBD, 0xF0, 0x01, 0x60, 0x5F
	.byte 0x44, 0xFF, 0xF3, 0xE2, 0xF0, 0x01, 0xF0, 0x01, 0xF0, 0x01, 0xF0, 0x01, 0xF0, 0x01, 0xF0, 0x01
	.byte 0xF0, 0x01, 0xBF, 0xB0, 0x01, 0x40, 0xF0, 0x9E, 0xF0, 0x01, 0xF0, 0x01, 0xF0, 0x01, 0xF0, 0x01
	.byte 0xF0, 0x01, 0xF8, 0xF0, 0x01, 0xF0, 0x01, 0xF0, 0x01, 0xF0, 0x01, 0x80, 0x01, 0x00, 0x00, 0x00

  .globl gMonPalette_Omastar
gMonPalette_Omastar:
  .incbin "build/graphics/pokemon/omastar/normal_palette.gbapal.lz"

  .globl gMonBackPic_Omastar
gMonBackPic_Omastar:
  .incbin "build/graphics/pokemon/omastar/back.4bpp.lz"

  .globl gMonShinyPalette_Omastar
gMonShinyPalette_Omastar:
  .incbin "build/graphics/pokemon/omastar/shiny_palette.gbapal.lz"

	.globl gMonIcon_Omastar
gMonIcon_Omastar: @ 0x08C907B4 [139]
  .incbin "build/graphics/pokemon/omastar/icon.4bpp"
	@ analyzed canonical ROM range 0x08C90BB4-0x08C90E43
	@ structured u8 payload; no safe higher-level semantic type was provable
	.byte 0x00, 0x00, 0x00, 0x00, 0x00, 0x00, 0x80, 0xC0, 0x00, 0x00, 0x00, 0x00, 0x00, 0x03, 0x07, 0x07
	.byte 0xC0, 0x80, 0x00, 0x00, 0x00, 0x00, 0x00, 0x00, 0x03, 0x01, 0x00, 0x00, 0x00, 0x00, 0x00, 0x00
	.byte 0x10, 0x00, 0x08, 0x00, 0x3F, 0x00, 0x00, 0xF0, 0x01, 0xF0, 0x01, 0xF0, 0x01, 0xF0, 0x01, 0xF0
	.byte 0x01, 0xF0, 0x01, 0xFF, 0xF0, 0x01, 0xF0, 0x01, 0xF0, 0x01, 0xF0, 0x01, 0xF0, 0x01, 0xF0, 0x01
	.byte 0xF0, 0x01, 0xF0, 0x01, 0xFF, 0xF0, 0x01, 0xF0, 0x01, 0xF0, 0x01, 0xF0, 0x01, 0xF0, 0x01, 0xF0
	.byte 0x01, 0xF0, 0x01, 0xF0, 0x01, 0xFF, 0xF0, 0x01, 0xF0, 0x01, 0xF0, 0x01, 0xF0, 0x01, 0xF0, 0x01
	.byte 0xF0, 0x01, 0xF0, 0x01, 0xF0, 0x01, 0xE8, 0xF0, 0x01, 0xF0, 0x01, 0xA0, 0x01, 0xDE, 0x00, 0x02
	.byte 0x1F, 0x00, 0xE0, 0x00, 0xBB, 0xFF, 0x00, 0xCD, 0xBB, 0xBB, 0xD0, 0xCC, 0x20, 0xBB, 0xBB, 0x50
	.byte 0x18, 0xD0, 0xEE, 0xEE, 0xEE, 0xBD, 0x01, 0xBB, 0xBB, 0xCB, 0xBB, 0xBB, 0xBB, 0xBC, 0x00, 0x06
	.byte 0x81, 0x00, 0x07, 0xCC, 0xCB, 0xCB, 0xCB, 0xCB, 0xCC, 0x50, 0x1F, 0x00, 0xEE, 0x0D, 0x00, 0x00
	.byte 0xCC, 0xEC, 0x0E, 0x00, 0x00, 0xFD, 0xD1, 0xEC, 0x00, 0xFB, 0xCF, 0xCC, 0xEE, 0x1D, 0xCB, 0xCC
	.byte 0xCC, 0x20, 0x01, 0xF0, 0x62, 0x30, 0x01, 0x0E, 0x00, 0x03, 0x7F, 0xFC, 0xF0, 0x16, 0xF0, 0x01
	.byte 0xF0, 0x01, 0xF0, 0x01, 0xF0, 0x01, 0xF0, 0x01, 0x30, 0x01, 0x52, 0xE0, 0x80, 0x03, 0xCE, 0x00
	.byte 0x03, 0xCF, 0xE0, 0x00, 0xA3, 0xCE, 0xA0, 0x10, 0x03, 0xDC, 0x00, 0x04, 0xEE, 0xEE, 0xCC, 0xEC
	.byte 0xED, 0x00, 0xFF, 0xEE, 0xDC, 0xED, 0xFF, 0xFF, 0xDD, 0xFE, 0x03, 0xFF, 0x44, 0xED, 0xFF, 0x4F
	.byte 0x33, 0x40, 0xC6, 0x00, 0x01, 0x00, 0xDC, 0xDD, 0xCC, 0xCC, 0xDD, 0xED, 0xDE, 0xDD, 0x00, 0xED
	.byte 0xFE, 0xEF, 0xEE, 0xFE, 0xFF, 0xF4, 0xFF, 0x02, 0xFF, 0x4F, 0x43, 0xFF, 0xFF, 0x34, 0x50, 0x1D
	.byte 0xDD, 0x20, 0xDD, 0xCD, 0x00, 0x3E, 0xCD, 0xCC, 0xFF, 0xFF, 0xDE, 0x02, 0xCD, 0xFF, 0xFF, 0xEF
	.byte 0xDD, 0x44, 0x00, 0x08, 0x33, 0x9A, 0x00, 0x24, 0xCC, 0x0F, 0x01, 0x17, 0x00, 0xE8, 0xCC, 0x00
	.byte 0x08, 0xCC, 0x28, 0xCC, 0x0E, 0x00, 0x03, 0xFD, 0x00, 0x03, 0xEC, 0x00, 0xCD, 0x1F, 0xCC, 0xDC
	.byte 0x0F, 0x00, 0x32, 0x00, 0x1D, 0xF0, 0x01, 0xF0, 0x01, 0xF0, 0x01, 0xED, 0xF0, 0x01, 0xF0, 0x01
	.byte 0x40, 0x01, 0xCF, 0x80, 0x03, 0x10, 0xF7, 0xF0, 0x90, 0x1C, 0x60, 0xFD, 0x00, 0xE3, 0x30, 0x03
	.byte 0xFF, 0x44, 0xFD, 0xEF, 0xFE, 0x00, 0xFF, 0xFD, 0x7E, 0xE7, 0xFF, 0xDE, 0x7E, 0x77, 0x00, 0xFE
	.byte 0xDF, 0x6E, 0x76, 0xFE, 0xF0, 0x6E, 0x66, 0x72, 0xE6, 0x10, 0xE3, 0x10, 0x03, 0x10, 0xEF, 0xFF
	.byte 0xFF, 0x60, 0x01, 0xEE, 0x00, 0xEF, 0xFF, 0xFF, 0x7E, 0x7E, 0xFE, 0xFF, 0x6E, 0xEA, 0x10, 0xE3
	.byte 0x10, 0x03, 0x00, 0xEF, 0xEE, 0x00, 0xF7, 0x77, 0x00, 0x16, 0x76, 0x00, 0xFF, 0xEF, 0x66, 0x76
	.byte 0xEE, 0x6E, 0x66, 0x77, 0x00, 0x66, 0x66, 0x76, 0xE7, 0xEF, 0xDD, 0xCC, 0x0E, 0x08, 0xFF, 0xDE
	.byte 0xCC, 0xED, 0x01, 0x16, 0xFC, 0xFE, 0xEF, 0x29, 0xCD, 0xFC, 0x00, 0x10, 0xFC, 0x00, 0x61, 0xFC
	.byte 0xFE, 0x00, 0x03, 0xFF, 0x01, 0x22, 0xF2, 0x02, 0xF0, 0x01, 0xF0, 0x01, 0xF0, 0x01, 0xF0, 0x01
	.byte 0xF0, 0x01, 0xF0, 0x01, 0x80, 0x10, 0x01, 0xEF, 0x66, 0x77, 0x00, 0xF0, 0x7E, 0x77, 0xB4, 0x00
	.byte 0x08, 0xEE, 0x01, 0x1A, 0x00, 0x07, 0x90, 0x00, 0x03, 0x00, 0x79, 0xA0, 0x00, 0x03, 0x90, 0x10
	.byte 0x1E, 0x77, 0xFE, 0xFF, 0xEF, 0xE7, 0x80, 0x10, 0xF0, 0xFF, 0xFE, 0xFF, 0xE7, 0xEE, 0xE8, 0xFF
	.byte 0x20, 0x77, 0x87, 0x10, 0x03, 0xEF, 0xCC, 0xFF, 0x9F, 0xF0, 0x40, 0xFF, 0x20, 0x1F, 0x76, 0x77
	.byte 0xEE, 0xEF, 0x77, 0xE7, 0x00, 0x8E, 0xFF, 0xEF, 0xEE, 0x77, 0xFF, 0xEE, 0x7E, 0x00, 0x77, 0xEF
	.byte 0x77, 0x77, 0x87, 0x9C, 0x79, 0x87, 0x0C, 0x88, 0xFF, 0x9E, 0xFF, 0x20, 0x1F, 0x10, 0xE7, 0xE8
	.byte 0xFF, 0x00, 0xDE, 0xEC, 0xE8, 0xFF, 0xDD, 0x0E, 0xE8, 0xEF, 0x03, 0xDD, 0x0F, 0xE8, 0xDD, 0xDD
	.byte 0x0F, 0x02, 0x1E, 0x02, 0xFE, 0xFF, 0x20, 0x1E, 0xF0, 0x01, 0xF0, 0x01, 0xF0, 0x01, 0xF0, 0x01
	.byte 0xF0, 0x01, 0xF0, 0x01, 0xF0, 0x01, 0xFF, 0xF0, 0x01, 0xF0, 0x01, 0xF0, 0x01, 0xF0, 0x01, 0xF0
	.byte 0x01, 0xF0, 0x01, 0xF0, 0x01, 0xF0, 0x01, 0xFF, 0xF0, 0x01, 0xF0, 0x01, 0xF0, 0x01, 0xF0, 0x01
	.byte 0xF0, 0x01, 0xF0, 0x01, 0xF0, 0x01, 0xF0, 0x01, 0xFF, 0xF0, 0x01, 0xF0, 0x01, 0xF0, 0x01, 0xF0
	.byte 0x01, 0xF0, 0x01, 0xF0, 0x01, 0xF0, 0x01, 0xF0, 0x01, 0x80, 0xF0, 0x01, 0x00, 0x00, 0x00, 0x00

  .globl gMonPalette_Kabuto
gMonPalette_Kabuto:
  .incbin "build/graphics/pokemon/kabuto/normal_palette.gbapal.lz"

  .globl gMonBackPic_Kabuto
gMonBackPic_Kabuto:
  .incbin "build/graphics/pokemon/kabuto/back.4bpp.lz"

  .globl gMonShinyPalette_Kabuto
gMonShinyPalette_Kabuto:
  .incbin "build/graphics/pokemon/kabuto/shiny_palette.gbapal.lz"

	.globl gMonIcon_Kabuto
gMonIcon_Kabuto: @ 0x08C9112C [140]
  .incbin "build/graphics/pokemon/kabuto/icon.4bpp"
	@ analyzed canonical ROM range 0x08C9152C-0x08C9194B
	@ structured u8 payload; no safe higher-level semantic type was provable
	.byte 0x00, 0x00, 0x00, 0x00, 0x00, 0x00, 0x00, 0x80, 0x00, 0x00, 0x00, 0x00, 0x00, 0x00, 0x00, 0x01
	.byte 0x80, 0x00, 0x00, 0x00, 0x00, 0x00, 0x00, 0x00, 0x01, 0x00, 0x00, 0x00, 0x00, 0x00, 0x00, 0x00
	.byte 0x10, 0x00, 0x08, 0x00, 0x3E, 0x00, 0x00, 0xF0, 0x01, 0xF0, 0x01, 0xF0, 0x01, 0xF0, 0x01, 0x50
	.byte 0x01, 0xE0, 0x00, 0x0E, 0x00, 0x00, 0xCE, 0x0E, 0x00, 0xE0, 0xCC, 0x1F, 0x0F, 0x00, 0xBE, 0x00
	.byte 0x03, 0xF0, 0x20, 0xF0, 0x01, 0xF0, 0x01, 0xF0, 0x01, 0xFF, 0xF0, 0x01, 0xF0, 0x01, 0xF0, 0x01
	.byte 0xF0, 0x01, 0xF0, 0x01, 0xF0, 0x01, 0xF0, 0x01, 0x10, 0x01, 0x55, 0xD0, 0x40, 0x03, 0xBD, 0x00
	.byte 0x03, 0xBE, 0x00, 0x03, 0xCD, 0x00, 0x0E, 0x02, 0xCB, 0xD0, 0xCB, 0xDC, 0x0F, 0xBD, 0x00, 0x03
	.byte 0xBB, 0x00, 0xCC, 0xBD, 0xFB, 0xCB, 0xDC, 0xBB, 0xBB, 0xCB, 0x20, 0xCD, 0xBB, 0x00, 0x0A, 0xBB
	.byte 0xCC, 0xDC, 0xBC, 0xCB, 0x94, 0x00, 0x03, 0xCC, 0xCC, 0x90, 0x40, 0xFF, 0x01, 0x19, 0xBB, 0xDC
	.byte 0x08, 0xFE, 0xEF, 0xCC, 0xCC, 0x20, 0x01, 0xDD, 0xCC, 0xCC, 0x34, 0xDC, 0xED, 0x91, 0x38, 0x00
	.byte 0x02, 0xBD, 0x00, 0x02, 0xBB, 0xED, 0x1C, 0xCE, 0xCC, 0xCC, 0x00, 0x02, 0x20, 0x01, 0x20, 0x19
	.byte 0xEE, 0x0F, 0x00, 0x00, 0xDE, 0xBB, 0x0F, 0x00, 0xBB, 0xEB, 0x00, 0x02, 0x00, 0xCB, 0xFC, 0x00
	.byte 0x00, 0xCC, 0x00, 0x47, 0xDC, 0xBF, 0x01, 0x59, 0xEC, 0xF0, 0xA3, 0xF0, 0x01, 0xF0, 0x01, 0xF0
	.byte 0x01, 0xF0, 0x01, 0x90, 0x96, 0xD5, 0x00, 0x83, 0xE0, 0x03, 0xDC, 0x00, 0x18, 0x1E, 0x10, 0x03
	.byte 0xCD, 0x00, 0xA3, 0xA2, 0xC0, 0x03, 0xDC, 0x00, 0x03, 0xDD, 0xBD, 0xCB, 0x10, 0x03, 0xDC, 0x52
	.byte 0xFD, 0x00, 0x0A, 0xCE, 0x00, 0xE6, 0xCC, 0xDC, 0x00, 0x06, 0xDD, 0xC1, 0x10, 0x0D, 0x00, 0xFD
	.byte 0xFD, 0xE1, 0xCC, 0xCC, 0x1F, 0x00, 0x03, 0x0E, 0xF1, 0xD1, 0xCC, 0xDC, 0x40, 0xE6, 0x10, 0x07
	.byte 0x00, 0x1D, 0xDC, 0x50, 0x0F, 0x00, 0x06, 0x00, 0x00, 0x06, 0x00, 0xDC, 0xFD, 0x00, 0x05, 0x00
	.byte 0xDD, 0xDF, 0xEE, 0x0F, 0x00, 0x06, 0x00, 0xF2, 0x44, 0xFA, 0xF0, 0x01, 0xF0, 0x01, 0xF0, 0x01
	.byte 0xF0, 0x01, 0x60, 0x01, 0x50, 0x40, 0x03, 0x14, 0x08, 0x00, 0x00, 0x40, 0x11, 0x00, 0x06, 0x41
	.byte 0x00, 0x00, 0x02, 0x15, 0x41, 0x00, 0x50, 0x11, 0x34, 0x11, 0x00, 0x05, 0xAA, 0x00, 0x03, 0x51
	.byte 0x00, 0x08, 0x11, 0x00, 0x08, 0x22, 0x00, 0x08, 0x24, 0x00, 0x12, 0x05, 0x00, 0x23, 0x22, 0x41
	.byte 0x05, 0x33, 0x08, 0xFF, 0x22, 0x41, 0xCD, 0x00, 0xDC, 0xCD, 0xCC, 0xDD, 0x00, 0xDF, 0xDE, 0xDD
	.byte 0xDD, 0xDE, 0xE0, 0xDD, 0xED, 0x09, 0xFF, 0x00, 0xFE, 0xFF, 0x01, 0xC7, 0x00, 0xCE, 0x11, 0x23
	.byte 0x00, 0x05, 0x00, 0xCE, 0xDD, 0xE1, 0xCD, 0xDC, 0xDD, 0x08, 0xDD, 0xDD, 0xDD, 0xFE, 0x00, 0x02
	.byte 0xFF, 0xFF, 0xFF, 0x00, 0xF2, 0x3F, 0xDC, 0x15, 0x52, 0x32, 0xDD, 0x15, 0x10, 0x52, 0x22, 0xFD
	.byte 0x00, 0x03, 0x0F, 0xF0, 0x22, 0x25, 0x00, 0xFE, 0xDF, 0xDD, 0xFD, 0x3F, 0xFF, 0xDE, 0xDD, 0x00
	.byte 0x33, 0xCE, 0xED, 0xDD, 0xF3, 0xCE, 0xDD, 0xDE, 0x08, 0xF3, 0xCE, 0xDC, 0xEE, 0x00, 0x03, 0xFD
	.byte 0x32, 0xEE, 0x0E, 0xCC, 0xFD, 0x22, 0xE3, 0x01, 0x0C, 0x40, 0xFF, 0x01, 0xF2, 0x00, 0x92, 0x10
	.byte 0x0C, 0xFF, 0xFF, 0x02, 0x0B, 0xCC, 0xEC, 0x00, 0x31, 0xCC, 0x0D, 0xCC, 0xEF, 0xDD, 0xDD, 0xA2
	.byte 0x5F, 0x90, 0x01, 0xFE, 0x00, 0x34, 0x36, 0xCC, 0xEC, 0xF1, 0x39, 0xE0, 0x01, 0xF0, 0x00, 0xE3
	.byte 0x90, 0x03, 0x50, 0x54, 0x12, 0x00, 0xF3, 0x15, 0x00, 0x03, 0x1F, 0x20, 0x03, 0x33, 0x05, 0x00
	.byte 0x3F, 0x22, 0x33, 0x05, 0xF0, 0x35, 0x23, 0x52, 0x27, 0x00, 0xF0, 0x00, 0x03, 0x00, 0x22, 0x11
	.byte 0x03, 0x00, 0x56, 0x50, 0x03, 0x00, 0x41, 0x55, 0xEE, 0xED, 0x22, 0x22, 0xE3, 0xFD, 0x02, 0x5F
	.byte 0x33, 0xF5, 0x0F, 0x00, 0xFF, 0xA0, 0x59, 0x40, 0x90, 0x31, 0x53, 0xFF, 0x45, 0x00, 0x64, 0x51
	.byte 0x40, 0x04, 0x50, 0x00, 0x21, 0x40, 0x51, 0x00, 0x1F, 0x15, 0x22, 0x55, 0x00, 0x55, 0x24, 0x24
	.byte 0x11, 0x11, 0x21, 0x44, 0x24, 0x02, 0x33, 0x21, 0x24, 0x52, 0xF5, 0xF5, 0x10, 0xFB, 0x33, 0x00
	.byte 0xDE, 0xDD, 0x35, 0xE3, 0xEE, 0xDD, 0x52, 0x25, 0x00, 0x32, 0xDE, 0x15, 0x21, 0x33, 0xDE, 0x21
	.byte 0x33, 0x00, 0x55, 0xFF, 0x33, 0xFF, 0x33, 0x33, 0xFF, 0xFF, 0x20, 0x35, 0x22, 0x00, 0xE3, 0xDD
	.byte 0xED, 0xEE, 0xFF, 0xFF, 0x01, 0xED, 0xDF, 0xDD, 0xDD, 0xFD, 0xFF, 0xFF, 0x11, 0x48, 0x20, 0xDF
	.byte 0xFF, 0x00, 0x0A, 0xE3, 0xCD, 0xDC, 0xFD, 0xE3, 0x18, 0xCC, 0xCC, 0xED, 0x00, 0x0A, 0x01, 0x13
	.byte 0xFF, 0x00, 0xED, 0xB5, 0x01, 0x20, 0xDD, 0x00, 0x04, 0x50, 0x0F, 0xCD, 0x00, 0x0F, 0xCD, 0xF3
	.byte 0x20, 0x95, 0xF0, 0x01, 0x00, 0x2F, 0x01, 0xEB, 0x50, 0x00, 0x03, 0xF0, 0x00, 0x03, 0x3E, 0x00
	.byte 0x15, 0x10, 0x10, 0x11, 0x15, 0x50, 0x1D, 0x20, 0xEF, 0x10, 0xF7, 0xF2, 0xEA, 0x01, 0xF7, 0x10
	.byte 0x03, 0x00, 0x10, 0x41, 0x00, 0xF8, 0x1F, 0x00, 0x0C, 0xF0, 0xFC, 0x10, 0x08, 0x32, 0x37, 0x10
	.byte 0xEB, 0x43, 0xC3, 0x20, 0x03, 0x60, 0x01, 0x21, 0x24, 0x20, 0x22, 0xF2, 0x00, 0x03, 0xDF, 0x15
	.byte 0x24, 0x22, 0x5F, 0x00, 0x15, 0x42, 0x22, 0x22, 0x5D, 0x41, 0x22, 0x22, 0x40, 0xDE, 0x00, 0x0C
	.byte 0xE0, 0x5D, 0x41, 0x23, 0xE0, 0xDC, 0x00, 0x15, 0x41, 0xFD, 0xDF, 0xFD, 0x22, 0xDD, 0xFD, 0x2B
	.byte 0x0F, 0x3F, 0x01, 0x3D, 0xF0, 0x00, 0x6A, 0x00, 0x00, 0x6A, 0x30, 0x73, 0xB0, 0x00, 0x6B, 0x22
	.byte 0x00, 0x5E, 0x00, 0xE3, 0xDD, 0xE3, 0xBC, 0xCB, 0x01, 0xDD, 0x0F, 0xBE, 0xCB, 0xDD, 0x00, 0xBF
	.byte 0x00, 0x03, 0x10, 0xCF, 0xCC, 0xDD, 0x02, 0x5A, 0xDD, 0x00, 0xF0, 0xDE, 0x88, 0x02, 0x0E, 0xFF
	.byte 0xDE, 0xDE, 0x04, 0x0C, 0xDF, 0xCD, 0xED, 0x00, 0x00, 0xEF, 0xDD, 0xCC, 0x0E, 0x0F, 0xDF, 0xCD
	.byte 0x00, 0xFC, 0x0F, 0xE0, 0xDF, 0xCD, 0xFF, 0x00, 0xF0, 0x8F, 0x00, 0x52, 0x00, 0xFE, 0xFC, 0x22
	.byte 0x3D, 0xB0, 0x01, 0x10, 0xB0, 0x04, 0x42, 0x2C, 0x00, 0xCD, 0x00, 0x08, 0xEF, 0xF0, 0x1F, 0xF0
	.byte 0x01, 0x5F, 0x11, 0x9C, 0x00, 0x89, 0x5F, 0x22, 0x12, 0x7A, 0xF0, 0x1C, 0x70, 0x53, 0xFF, 0x00
	.byte 0x00, 0x50, 0xEE, 0x00, 0x50, 0x14, 0xF2, 0x00, 0x15, 0x04, 0x21, 0xEF, 0x00, 0x50, 0xF5, 0x03
	.byte 0x43, 0x15, 0x21, 0x80, 0x02, 0x3F, 0xFF, 0x00, 0xCE, 0xFE, 0x15, 0x00, 0xCE, 0x09, 0xFD, 0xF0
	.byte 0xEE, 0xCE, 0x03, 0xD7, 0xEC, 0xDE, 0x03, 0xDF, 0x16, 0xDD, 0x0F, 0xD2, 0x01, 0xA3, 0xF2, 0x02
	.byte 0xC7, 0x10, 0x37, 0x41, 0x00, 0x23, 0x52, 0x0F, 0x15, 0x11, 0x23, 0xF3, 0xF0, 0x2F, 0x5F, 0x11
	.byte 0x00, 0x2F, 0xFF, 0x11, 0x7F, 0x11, 0x4F, 0xA4, 0x80, 0x11, 0x17, 0x46, 0x53, 0x00, 0x2C, 0x11
	.byte 0x33, 0x05, 0x21, 0xDB, 0x93, 0xB7, 0xCE, 0x07, 0xDD, 0x0F, 0x00, 0xE0, 0xDD, 0x01, 0xEC, 0x11
	.byte 0x0E, 0x00, 0x63, 0x00, 0x00, 0xDE, 0xED, 0x00, 0xE0, 0xFD, 0xDF, 0x0E, 0x41, 0xD5, 0x00, 0x67
	.byte 0x11, 0xDC, 0xEE, 0x0F, 0xE0, 0xF0, 0xB5, 0xFF, 0xF0, 0x01, 0xF0, 0x01, 0xF0, 0x01, 0xF0, 0x01
	.byte 0x55, 0xD5, 0xF0, 0x12, 0xF0, 0x01, 0xF0, 0x01, 0xFE, 0xF0, 0x01, 0xF0, 0x01, 0x30, 0x01, 0x11
	.byte 0x13, 0x50, 0x03, 0x62, 0x97, 0x62, 0x5F, 0xDD, 0x00, 0x21, 0x0F, 0xF2, 0xFF, 0x21, 0x0F, 0x0F
	.byte 0xF0, 0x5E, 0x21, 0x01, 0x21, 0x2F, 0x00, 0x03, 0xE0, 0x22, 0xF0, 0x01, 0x80, 0x01, 0x00, 0x00

  .globl gMonPalette_Kabutops
gMonPalette_Kabutops:
  .incbin "build/graphics/pokemon/kabutops/normal_palette.gbapal.lz"
  .space 0x2, 0x00
  .globl gMonBackPic_Kabutops
gMonBackPic_Kabutops:
  .incbin "build/graphics/pokemon/kabutops/back.4bpp.lz"

  .globl gMonShinyPalette_Kabutops
gMonShinyPalette_Kabutops:
  .incbin "build/graphics/pokemon/kabutops/shiny_palette.gbapal.lz"
  .space 0x2, 0x00
	.globl gMonIcon_Kabutops
gMonIcon_Kabutops: @ 0x08C91D38 [141]
  .incbin "build/graphics/pokemon/kabutops/icon.4bpp"
	@ analyzed canonical ROM range 0x08C92138-0x08C925D7
	@ structured u8 payload; no safe higher-level semantic type was provable
	.byte 0x00, 0x00, 0x20, 0x20, 0x70, 0x70, 0x60, 0x60, 0x00, 0x00, 0x04, 0x04, 0x0E, 0x0E, 0x06, 0x06
	.byte 0xE0, 0xC0, 0xC0, 0x80, 0xC0, 0xC0, 0x80, 0x00, 0x07, 0x03, 0x03, 0x01, 0x03, 0x03, 0x01, 0x00
	.byte 0x10, 0x00, 0x08, 0x00, 0x00, 0xE0, 0xEE, 0xEE, 0xEE, 0xCE, 0xCC, 0xCC, 0xCC, 0x80, 0x10, 0x07
	.byte 0x00, 0x77, 0x66, 0x66, 0x00, 0x00, 0x77, 0x05, 0x65, 0x00, 0x00, 0x00, 0x57, 0x00, 0x03, 0x70
	.byte 0x00, 0x03, 0x20, 0x00, 0x0E, 0x00, 0x03, 0xDC, 0xEE, 0x0E, 0x00, 0xDE, 0x00, 0xCC, 0xDC, 0xEE
	.byte 0xE6, 0xEE, 0xDE, 0xCC, 0x66, 0x00, 0x66, 0xE6, 0xEE, 0x65, 0x66, 0x66, 0x66, 0x55, 0xBA, 0x00
	.byte 0x04, 0x57, 0x00, 0x04, 0x10, 0x23, 0x10, 0x01, 0xEE, 0x00, 0x03, 0xCC, 0x00, 0xED, 0xEE, 0xE0
	.byte 0xEE, 0xCD, 0xCC, 0xEE, 0x66, 0xD6, 0x00, 0x52, 0x00, 0x27, 0xCD, 0x00, 0x03, 0xDD, 0x50, 0x1F
	.byte 0x30, 0x23, 0xEE, 0x00, 0x00, 0xCC, 0xEE, 0xCC, 0x0A, 0xAC, 0xDD, 0xCC, 0x00, 0x0A, 0xAD, 0xED
	.byte 0xCC, 0x0A, 0xDA, 0xED, 0xEC, 0x71, 0x0A, 0x90, 0x1F, 0xF0, 0x01, 0xF0, 0x01, 0x00, 0x00, 0xE0
	.byte 0x00, 0x6A, 0x09, 0xCE, 0xCC, 0x00, 0xE0, 0x10, 0x03, 0xAC, 0xAD, 0xA0, 0x17, 0x00, 0xEE, 0xDE
	.byte 0xDD, 0xEE, 0xDD, 0xAD, 0xAA, 0xDE, 0x00, 0xAE, 0x6A, 0x66, 0xAD, 0x6E, 0x66, 0x66, 0x6A, 0x14
	.byte 0x66, 0x56, 0x55, 0x20, 0x77, 0xEE, 0x00, 0x18, 0xDD, 0xDD, 0x04, 0xAD, 0xED, 0xAA, 0xAA, 0x0E
	.byte 0x00, 0x16, 0x00, 0x66, 0x09, 0x66, 0x06, 0x00, 0x55, 0x00, 0xE5, 0x55, 0x76, 0xF0, 0x5D, 0x80
	.byte 0xD0, 0x01, 0x57, 0x55, 0x55, 0x65, 0x70, 0x55, 0x55, 0x7E, 0x55, 0x10, 0x03, 0x10, 0x0C, 0x20
	.byte 0x03, 0x00, 0x0C, 0x50, 0x03, 0x01, 0x0A, 0xAA, 0xBD, 0x00, 0x03, 0xA6, 0x21, 0x13, 0x50, 0x03
	.byte 0x00, 0x0C, 0x00, 0x19, 0xE6, 0x10, 0x03, 0x04, 0xDD, 0xDD, 0xDE, 0xAC, 0xAA, 0x00, 0x03, 0xDE
	.byte 0xAD, 0x01, 0xDA, 0xAC, 0xDE, 0x0A, 0xA0, 0x0A, 0xDE, 0x00, 0xF1, 0x7C, 0xDD, 0x01, 0x54, 0x10
	.byte 0xB8, 0x80, 0xBC, 0xF0, 0x01, 0x50, 0x01, 0xCE, 0xAC, 0x00, 0xDE, 0x00, 0xCE, 0xEC, 0xED, 0x00
	.byte 0xCE, 0xDE, 0x00, 0xAD, 0x00, 0xCE, 0xDC, 0x6A, 0x00, 0xE0, 0xAD, 0xA8, 0x00, 0x03, 0xDD, 0x60
	.byte 0x03, 0xED, 0x00, 0x97, 0xDD, 0x5A, 0x55, 0x2D, 0x55, 0xDA, 0x00, 0x03, 0xA5, 0x00, 0x03, 0x00
	.byte 0x01, 0x65, 0x00, 0x03, 0x50, 0x75, 0x00, 0x03, 0x06, 0x00, 0x03, 0x07, 0x55, 0x07, 0x00, 0x37
	.byte 0x00, 0x75, 0x00, 0x46, 0x10, 0x03, 0x06, 0x00, 0x03, 0x00, 0x0E, 0xF0, 0x01, 0xF8, 0xF0, 0x01
	.byte 0x70, 0x01, 0x80, 0xEB, 0x60, 0x03, 0x11, 0x03, 0x47, 0x44, 0x54, 0x0A, 0x70, 0x77, 0x77, 0x47
	.byte 0x00, 0xE3, 0xD6, 0x00, 0x03, 0xDE, 0xB2, 0x00, 0x03, 0xDD, 0x00, 0xF7, 0x00, 0x03, 0xE6, 0xED
	.byte 0x00, 0x0E, 0xAD, 0x00, 0x65, 0xE6, 0xDD, 0x0A, 0x44, 0xCE, 0xDC, 0x0A, 0x7F, 0xED, 0x00, 0x42
	.byte 0x11, 0xE4, 0x10, 0x03, 0x12, 0x4B, 0xF0, 0x01, 0xB0, 0x01, 0x12, 0x47, 0x40, 0xCE, 0x00, 0x28
	.byte 0xCE, 0xEC, 0x00, 0x00, 0xD0, 0xCC, 0x89, 0x00, 0x08, 0xE0, 0xDD, 0x6E, 0x20, 0x03, 0x00, 0xDE
	.byte 0x50, 0x03, 0xD5, 0x00, 0x52, 0x20, 0x03, 0xDE, 0x00, 0x2D, 0xCC, 0x00, 0xEE, 0x00, 0x00, 0xEE
	.byte 0xC4, 0x00, 0x03, 0x10, 0x07, 0x06, 0x00, 0xEE, 0x00, 0xF0, 0xCD, 0x5A, 0x00, 0x0A, 0x00, 0xCC
	.byte 0x4A, 0x0A, 0x00, 0xAC, 0x44, 0xF8, 0xF2, 0x5E, 0xF0, 0x01, 0x30, 0xE5, 0xF0, 0x12, 0x30, 0x01
	.byte 0x67, 0x66, 0x66, 0x22, 0x76, 0x77, 0x00, 0x04, 0x00, 0x70, 0x77, 0x12, 0xEB, 0x77, 0x80, 0xD0
	.byte 0x1F, 0x47, 0xCE, 0xDC, 0x0E, 0x76, 0xEE, 0xCC, 0x05, 0xAD, 0x66, 0x66, 0xCA, 0xDC, 0x02, 0x06
	.byte 0xCC, 0x00, 0x2A, 0x37, 0xCA, 0x70, 0x00, 0x08, 0x10, 0x38, 0x00, 0x00, 0x08, 0x50, 0x27, 0x10
	.byte 0x89, 0xA8, 0x11, 0xEF, 0xCC, 0x00, 0x08, 0xCC, 0x00, 0xBD, 0xCA, 0xDC, 0x00, 0x00, 0x00, 0xA6
	.byte 0xCC, 0x0A, 0xEE, 0xE0, 0xCC, 0xEC, 0x01, 0x00, 0xE0, 0xCC, 0xDC, 0xAE, 0xD0, 0xDE, 0x03, 0x83
	.byte 0x06, 0xBD, 0xCC, 0xCC, 0xA0, 0xBB, 0x00, 0x03, 0x10, 0x07, 0xCD, 0x00, 0xCC, 0xBC, 0xE0, 0xDF
	.byte 0xCC, 0xBD, 0x00, 0xE0, 0x1A, 0xDE, 0xCC, 0xAA, 0x03, 0x7C, 0x03, 0xA2, 0xDD, 0x00, 0x03, 0xED
	.byte 0x08, 0xCC, 0xCC, 0xDC, 0xAD, 0x20, 0x03, 0xDE, 0xCC, 0x6E, 0x00, 0xAB, 0xFF, 0xCD, 0x7A, 0xAD
	.byte 0x77, 0x07, 0x00, 0x12, 0x6A, 0x66, 0x76, 0x00, 0x03, 0xAA, 0x00, 0x00, 0x02, 0x00, 0xFF, 0x12
	.byte 0xD2, 0xF1, 0xE7, 0xF0, 0x01, 0xF0, 0x01, 0xF0, 0x01, 0xF0, 0x01, 0x81, 0xA6, 0x00, 0x97, 0x0A
	.byte 0xE0, 0xBD, 0xCB, 0xEC, 0x30, 0xE3, 0x67, 0x40, 0x03, 0x70, 0x80, 0x20, 0x03, 0xEE, 0x0E, 0x70
	.byte 0x66, 0xCC, 0xEC, 0x7E, 0x02, 0x6D, 0xEE, 0xDE, 0x7C, 0xDD, 0xA6, 0x03, 0xF0, 0x66, 0x02, 0xC6
	.byte 0xDE, 0xCD, 0x66, 0xC6, 0xEC, 0x04, 0x0F, 0xCC, 0x50, 0xEC, 0x00, 0x03, 0xBE, 0x40, 0x03, 0xEC
	.byte 0x66, 0xC6, 0xCC, 0x00, 0xAC, 0xCD, 0xEE, 0xCC, 0xBD, 0xEC, 0xCD, 0xCC, 0x02, 0xAD, 0xCE, 0xCC
	.byte 0xDC, 0xDC, 0xDB, 0x00, 0xE0, 0xCD, 0xA0, 0x00, 0x01, 0xBD, 0x00, 0xED, 0xBB, 0xEC, 0xCC, 0xDD
	.byte 0xBB, 0x00, 0xCC, 0xAD, 0xEA, 0xFA, 0xFF, 0xCD, 0x7E, 0x99, 0x02, 0xDF, 0xCC, 0x7D, 0xDD, 0xCD
	.byte 0xDC, 0x00, 0xFF, 0xDD, 0x00, 0xDD, 0xCC, 0xAC, 0xEE, 0xDD, 0xDD, 0x99, 0xDA, 0x01, 0xAD, 0xAA
	.byte 0xA9, 0xDD, 0x0E, 0x99, 0xA9, 0x74, 0x5E, 0xF2, 0x52, 0x63, 0xF1, 0xF1, 0xF0, 0x01, 0xF0, 0x01
	.byte 0x00, 0xE0, 0x00, 0x03, 0xBE, 0xAB, 0x00, 0x03, 0xBD, 0x00, 0x0A, 0xBB, 0x02, 0x79, 0xCB, 0x24
	.byte 0x63, 0x00, 0x03, 0x20, 0xBE, 0xBB, 0x00, 0x02, 0xCB, 0xCC, 0xBE, 0xCB, 0xCC, 0x30, 0xCC, 0xEC
	.byte 0x00, 0x03, 0x00, 0x83, 0xEE, 0xEE, 0xCC, 0xEC, 0x40, 0xEB, 0x01, 0xB6, 0xEC, 0xCE, 0xCC, 0xCE
	.byte 0xEE, 0xBB, 0x4E, 0xBB, 0x01, 0x9A, 0xCB, 0xCD, 0x00, 0x1C, 0x00, 0xBB, 0x01, 0xC2, 0xCC, 0xFD
	.byte 0x15, 0x4B, 0x00, 0x0E, 0x21, 0xB0, 0x70, 0x06, 0x10, 0x07, 0x40, 0xBF, 0xDC, 0x00, 0x03, 0xE0
	.byte 0x04, 0x8C, 0x00, 0x06, 0x20, 0x01, 0xBA, 0xAC, 0x9A, 0x98, 0xAD, 0x02, 0xDA, 0x8E, 0x89, 0xDD
	.byte 0xED, 0x89, 0x00, 0x03, 0x8F, 0x40, 0x88, 0x00, 0x07, 0x88, 0xDD, 0xFE, 0x9F, 0xE9, 0xDD, 0x10
	.byte 0xDE, 0xAE, 0xAA, 0x04, 0xCC, 0xDD, 0x88, 0xD9, 0xED, 0x22, 0x00, 0x88, 0x02, 0xEE, 0x88, 0xDF
	.byte 0x0E, 0x00, 0x07, 0x0A, 0x02, 0x00, 0xEE, 0xDF, 0x0A, 0x00, 0xFC, 0x00, 0x07, 0x9A, 0xBF, 0x04
	.byte 0x44, 0xDD, 0xF4, 0x40, 0xF0, 0x01, 0xF0, 0x01, 0xD4, 0x60, 0x20, 0xE7, 0x40, 0x03, 0xCE, 0x13
	.byte 0x75, 0x00, 0x03, 0xE0, 0xCD, 0x10, 0x18, 0x00, 0x07, 0x10, 0xE6, 0xBB, 0x2C, 0xCE, 0xCE, 0x00
	.byte 0xEA, 0xCD, 0x10, 0xD5, 0x10, 0xFF, 0xDD, 0xAE, 0x80, 0x00, 0xC3, 0x0E, 0xCC, 0xDC, 0xED, 0x0E
	.byte 0xCC, 0xDD, 0x32, 0xED, 0xED, 0x20, 0xCF, 0x00, 0x03, 0xDC, 0xDD, 0x05, 0x62, 0xAD, 0x03, 0xA0
	.byte 0xDA, 0xAA, 0x0E, 0x00, 0xAE, 0x53, 0xC6, 0x10, 0x03, 0xC1, 0x40, 0xE6, 0x40, 0x01, 0xED, 0xAE
	.byte 0xAA, 0xAA, 0xDA, 0x20, 0xFF, 0x80, 0x01, 0xCE, 0xAD, 0xCC, 0xAE, 0xAA, 0x0A, 0xAD, 0x00, 0x3F
	.byte 0xAE, 0xAA, 0x10, 0xC6, 0x51, 0xB7, 0xD1, 0xC3, 0x00, 0x4F, 0xF0, 0xB2, 0xF0, 0x01, 0xF8, 0xF0
	.byte 0x01, 0xF0, 0x01, 0xF0, 0x01, 0x31, 0xFA, 0x10, 0xF7, 0xDD, 0x00, 0xE0, 0x22, 0xDC, 0xAA, 0x05
	.byte 0x5B, 0x00, 0x00, 0xA0, 0xB2, 0x41, 0xDC, 0x00, 0xDD, 0xCE, 0xDD, 0xAA, 0xDE, 0xCE, 0xDD, 0xE0
	.byte 0x00, 0xDD, 0xCE, 0xDC, 0xE0, 0xED, 0xCA, 0xCC, 0xDE, 0x01, 0xAD, 0xA0, 0xCE, 0xAE, 0x0A, 0x00
	.byte 0xA0, 0x84, 0xAF, 0x05, 0xD0, 0xDD, 0xEE, 0x0A, 0xE0, 0x00, 0xDB, 0xEE, 0x11, 0xD3, 0xBC, 0x11
	.byte 0x0B, 0xEA, 0x01, 0x24, 0x00, 0xD6, 0x03, 0x8D, 0x03, 0xEB, 0xDD, 0xDD, 0x00, 0x0A, 0xCC, 0xAC
	.byte 0xDA, 0xAD, 0xCE, 0x0E, 0xA0, 0x01, 0xAD, 0xCE, 0xEA, 0xEE, 0xAA, 0xCE, 0xDA, 0x01, 0x26, 0x05
	.byte 0xDA, 0xAE, 0xEA, 0xAA, 0xEA, 0x50, 0x41, 0xD0, 0x10, 0x83, 0x08, 0x0D, 0xEE, 0xAA, 0xEA, 0x00
	.byte 0x39, 0xED, 0xCE, 0xAE, 0x6F, 0xAA, 0x24, 0xDB, 0x02, 0xD8, 0xAE, 0x20, 0x3F, 0x90, 0x01, 0x11
	.byte 0x0A, 0x01, 0x9C, 0x5E, 0x00, 0x15, 0x16, 0xAA, 0xF2, 0xE8, 0xF0, 0x01, 0xF0, 0x01, 0xE0, 0x01

  .globl gMonPalette_Aerodactyl
gMonPalette_Aerodactyl:
  .incbin "build/graphics/pokemon/aerodactyl/normal_palette.gbapal.lz"
  .space 0x2, 0x00

  .globl gMonBackPic_Aerodactyl
gMonBackPic_Aerodactyl:
  .incbin "build/graphics/pokemon/aerodactyl/back.4bpp.lz"

  .globl gMonShinyPalette_Aerodactyl
gMonShinyPalette_Aerodactyl:
  .incbin "build/graphics/pokemon/aerodactyl/shiny_palette.gbapal.lz"
  .space 0x2, 0x00
	.globl gMonIcon_Aerodactyl
gMonIcon_Aerodactyl: @ 0x08C9292C [142]
  .incbin "build/graphics/pokemon/aerodactyl/icon.4bpp"
	@ analyzed canonical ROM range 0x08C92D2C-0x08C9318F
	@ structured u8 payload; no safe higher-level semantic type was provable
	.byte 0x00, 0x20, 0x20, 0x60, 0x60, 0xC0, 0xC0, 0xC0, 0x00, 0x08, 0x08, 0x0C, 0x0C, 0x07, 0x07, 0x07
	.byte 0xC0, 0xC0, 0xC0, 0x80, 0x80, 0x80, 0x80, 0x00, 0x07, 0x03, 0x03, 0x03, 0x01, 0x01, 0x00, 0x00
	.byte 0x10, 0x00, 0x08, 0x00, 0x3F, 0x00, 0x00, 0xF0, 0x01, 0xF0, 0x01, 0xF0, 0x01, 0xF0, 0x01, 0xF0
	.byte 0x01, 0xF0, 0x01, 0xE0, 0xF0, 0x01, 0xF0, 0x01, 0x10, 0x01, 0x44, 0x00, 0x00, 0x40, 0x11, 0x07
	.byte 0x04, 0x00, 0x20, 0x11, 0x41, 0xF0, 0x1B, 0xF0, 0x01, 0xF0, 0x01, 0xFD, 0xF0, 0x01, 0xF0, 0x01
	.byte 0xF0, 0x01, 0xF0, 0x01, 0xF0, 0x01, 0x80, 0x01, 0xD0, 0x40, 0x03, 0x80, 0x70, 0x01, 0xDD, 0x00
	.byte 0xE0, 0x00, 0xFD, 0x0E, 0xFD, 0x00, 0x00, 0xCD, 0xEC, 0xCD, 0x0D, 0x3D, 0x13, 0x44, 0x0B, 0xDF
	.byte 0x14, 0x11, 0x21, 0xD0, 0x34, 0x0E, 0x00, 0xD9, 0x00, 0x03, 0x00, 0x32, 0x04, 0x00, 0x00, 0x63
	.byte 0xE2, 0x00, 0x30, 0x10, 0x55, 0x00, 0x12, 0x00, 0xE3, 0x14, 0x11, 0x11, 0x40, 0x00, 0x11, 0x11
	.byte 0x11, 0x14, 0x31, 0x33, 0x33, 0x31, 0x00, 0x64, 0x66, 0x66, 0x53, 0x65, 0x66, 0x66, 0x66, 0x01
	.byte 0xEE, 0x66, 0x66, 0x55, 0x55, 0xEE, 0x68, 0x21, 0x0D, 0x10, 0x44, 0x44, 0x00, 0x00, 0x1E, 0x44
	.byte 0x11, 0x11, 0x21, 0x00, 0x22, 0x14, 0x21, 0x44, 0x24, 0x46, 0x84, 0x66, 0x70, 0x46, 0x00, 0x21
	.byte 0x20, 0x01, 0x81, 0x31, 0x00, 0x22, 0x44, 0x04, 0x00, 0x00, 0x22, 0x22, 0x42, 0xEE, 0x24, 0x22
	.byte 0x33, 0x00, 0x11, 0x46, 0x24, 0x22, 0x12, 0x66, 0x46, 0x22, 0x40, 0x22, 0x90, 0x7B, 0x40, 0xE4
	.byte 0x0E, 0x00, 0x14, 0x21, 0x00, 0xE3, 0x00, 0x11, 0x22, 0xE3, 0x00, 0x21, 0x32, 0x1F, 0xE3, 0x00
	.byte 0x22, 0x00, 0x03, 0xF0, 0xD6, 0xF0, 0xE7, 0xF0, 0x12, 0x70, 0x01, 0x5C, 0x4C, 0x00, 0x94, 0x33
	.byte 0x00, 0x03, 0x00, 0xC2, 0x10, 0x03, 0x22, 0x24, 0x80, 0x00, 0xA3, 0x24, 0x22, 0x22, 0x82, 0x40
	.byte 0x22, 0x82, 0x00, 0x58, 0x40, 0x82, 0x58, 0x55, 0x22, 0x0E, 0x30, 0x01, 0x55, 0x22, 0x04, 0x53
	.byte 0x55, 0x22, 0x42, 0x40, 0x03, 0x03, 0x88, 0x88, 0x88, 0x78, 0x55, 0x55, 0x90, 0x01, 0x00, 0xE7
	.byte 0x00, 0x65, 0x66, 0x55, 0xE5, 0x55, 0x65, 0x55, 0x55, 0x00, 0xE8, 0x58, 0x88, 0x57, 0x55, 0x85
	.byte 0x55, 0x75, 0x2C, 0x88, 0x68, 0x00, 0x17, 0x75, 0x20, 0x1C, 0x10, 0xE4, 0x86, 0xEE, 0x54, 0x6E
	.byte 0x00, 0x05, 0xE6, 0x21, 0x16, 0x58, 0x30, 0xF7, 0x88, 0x68, 0x80, 0x01, 0x1F, 0x86, 0x78, 0x77
	.byte 0x66, 0x66, 0x24, 0x22, 0x44, 0x66, 0x00, 0xE8, 0x6E, 0x66, 0x47, 0x00, 0x07, 0x77, 0x24, 0x20
	.byte 0x66, 0x76, 0x00, 0x03, 0x77, 0x77, 0x24, 0x77, 0x77, 0x24, 0x77, 0x47, 0x10, 0x03, 0x22, 0x33
	.byte 0x01, 0x13, 0x33, 0x0E, 0x21, 0x00, 0x32, 0x50, 0x03, 0x43, 0x00, 0x00, 0x34, 0x00, 0xF6, 0x00
	.byte 0x4F, 0xE3, 0xED, 0x00, 0xCC, 0xD4, 0xEF, 0x00, 0x28, 0x00, 0x20, 0x01, 0x8D, 0xD0, 0x00, 0x07
	.byte 0xD0, 0xCF, 0x0E, 0x80, 0x00, 0x03, 0x8C, 0xED, 0xD0, 0xCC, 0x68, 0xFD, 0x2E, 0x00, 0x88, 0x66
	.byte 0xFD, 0x8C, 0x76, 0x77, 0xFD, 0x78, 0x30, 0x77, 0x77, 0x11, 0xB0, 0x10, 0x1E, 0xFD, 0x2F, 0x00
	.byte 0x80, 0x01, 0xFD, 0xCF, 0x0E, 0x68, 0x88, 0xFF, 0x8E, 0x00, 0x7C, 0x00, 0xE8, 0x66, 0x67, 0x56
	.byte 0xE5, 0x66, 0x77, 0x67, 0x02, 0x85, 0x66, 0x80, 0x58, 0x55, 0x55, 0x10, 0xAC, 0x66, 0x5F, 0x56
	.byte 0x10, 0xAB, 0x56, 0x30, 0xAF, 0x80, 0x01, 0xB0, 0xEA, 0x40, 0xF0, 0xF0, 0x1F, 0xF0, 0x00, 0xFB
	.byte 0x01, 0x07, 0x10, 0xE0, 0xC0, 0x01, 0x65, 0x66, 0x86, 0x78, 0xD8, 0x11, 0x01, 0x00, 0x03, 0x76
	.byte 0xF0, 0x1D, 0x00, 0xF1, 0x77, 0x77, 0x37, 0xA0, 0x00, 0x03, 0x17, 0x00, 0xAA, 0x13, 0x86, 0x77
	.byte 0x47, 0x11, 0x00, 0x76, 0x78, 0x34, 0x11, 0x76, 0x43, 0x23, 0x12, 0x00, 0x76, 0x43, 0x22, 0x22
	.byte 0x87, 0x33, 0x22, 0x22, 0x00, 0x33, 0xF3, 0xEC, 0x0D, 0x11, 0x31, 0xD3, 0xEF, 0x00, 0x11, 0x21
	.byte 0xF1, 0xEF, 0x11, 0x22, 0xF2, 0xEF, 0x70, 0x21, 0x01, 0xF4, 0x00, 0x15, 0x30, 0x03, 0x32, 0x33
	.byte 0x43, 0xD0, 0xB0, 0x00, 0x38, 0x80, 0x00, 0x40, 0x80, 0x03, 0xBB, 0x80, 0x77, 0xB7, 0x00, 0x99
	.byte 0x80, 0x77, 0x9B, 0x99, 0x00, 0x78, 0xA9, 0x06, 0xAA, 0x77, 0x77, 0x66, 0x6E, 0x00, 0x03, 0x00
	.byte 0x25, 0x67, 0x40, 0x86, 0x00, 0x03, 0xE6, 0xBB, 0x77, 0x77, 0xE6, 0x99, 0x43, 0x7B, 0x00, 0x03
	.byte 0xB9, 0x77, 0xE7, 0x9A, 0x00, 0x03, 0xA0, 0x8B, 0xAF, 0x10, 0x03, 0x67, 0x10, 0x93, 0x67, 0x10
	.byte 0x97, 0x20, 0x01, 0xF0, 0xB1, 0x60, 0x01, 0x42, 0x87, 0x00, 0x1E, 0x87, 0x66, 0x66, 0xD6, 0x01
	.byte 0xDB, 0xFD, 0x00, 0x62, 0x66, 0x86, 0xFD, 0xEC, 0x66, 0xD8, 0xCF, 0x00, 0xEC, 0x86, 0x85, 0xCF
	.byte 0x8C, 0x58, 0x55, 0x88, 0x5C, 0x58, 0x21, 0x49, 0x76, 0x20, 0x3F, 0x10, 0xF7, 0x00, 0x07, 0xDD
	.byte 0x77, 0x00, 0x68, 0xD6, 0xEF, 0x77, 0x85, 0xFD, 0xEF, 0x77, 0x00, 0x26, 0xCC, 0xEF, 0x77, 0x86
	.byte 0xCC, 0xEC, 0x47, 0x04, 0x67, 0x88, 0x48, 0x22, 0x47, 0x00, 0xE3, 0x47, 0x33, 0x52, 0x23, 0x00
	.byte 0x03, 0x33, 0x10, 0x03, 0x33, 0x34, 0x40, 0x03, 0x32, 0xC1, 0x40, 0x03, 0x00, 0xE3, 0x04, 0x22
	.byte 0x33, 0x33, 0x0E, 0x00, 0x0B, 0x00, 0x0E, 0x33, 0x33, 0x43, 0x00, 0x33, 0x33, 0xE3, 0xA4, 0x00
	.byte 0x03, 0x04, 0x00, 0x03, 0x0E, 0x00, 0x00, 0x0E, 0x00, 0x00, 0x12, 0x78, 0xAA, 0xAA, 0x20, 0x03
	.byte 0x80, 0xAB, 0x00, 0x03, 0xB7, 0x41, 0xAA, 0x00, 0x10, 0xBB, 0x00, 0x00, 0x80, 0x77, 0x00, 0x19
	.byte 0x52, 0xE8, 0x13, 0x32, 0xAA, 0x00, 0xE3, 0xAA, 0xBA, 0x20, 0x03, 0x38, 0x00, 0xAA, 0x7B, 0x77
	.byte 0x3E, 0xBB, 0x77, 0xE7, 0x33, 0x03, 0x77, 0x87, 0x3E, 0x33, 0xEE, 0x3E, 0x00, 0x5C, 0x00, 0x01
	.byte 0x56, 0x74, 0x00, 0xC4, 0x43, 0x00, 0x04, 0x33, 0x00, 0x04, 0x00, 0x5F, 0x44, 0xE8, 0x30, 0x15
	.byte 0x70, 0x01, 0x00, 0x1E, 0x68, 0x30, 0x03, 0x87, 0x66, 0x74, 0x86, 0x00, 0x03, 0x43, 0x44, 0x84
	.byte 0x66, 0x00, 0x83, 0x10, 0x03, 0x76, 0xF4, 0x10, 0x03, 0x11, 0x28, 0x00, 0xE6, 0x01, 0x75, 0xBB
	.byte 0x01, 0x75, 0x99, 0xBB, 0x08, 0x9B, 0x99, 0x99, 0x99, 0x30, 0x03, 0xA9, 0xAA, 0x9B, 0x13, 0xA9
	.byte 0xAA, 0xAA, 0x01, 0x4A, 0x48, 0x77, 0x00, 0xED, 0x00, 0x3F, 0x80, 0x20, 0x03, 0x7B, 0x77, 0x77
	.byte 0xE8, 0xB9, 0x77, 0x77, 0x4A, 0xE7, 0x00, 0x03, 0x3E, 0xBA, 0x00, 0x03, 0x44, 0x00, 0x87, 0xFF
	.byte 0xBA, 0x00, 0x03, 0xEF, 0x00, 0x6B, 0x40, 0x92, 0x90, 0x01, 0x43, 0x00, 0xEE, 0x00, 0xAF, 0x00
	.byte 0xEE, 0x00, 0x00, 0xEE, 0x00, 0x10, 0xEE, 0x13, 0xF1, 0x00, 0x0E, 0x12, 0xD6, 0xFA, 0x64, 0x16
	.byte 0xF3, 0xD5, 0x70, 0x01, 0x10, 0x44, 0x10, 0x57, 0xE0, 0x00, 0x03, 0x00, 0x89, 0x00, 0x08, 0x00
	.byte 0xE0, 0x34, 0x04, 0x53, 0xE0, 0x24, 0x00, 0x1A, 0x70, 0xE0, 0x50, 0x1F, 0xD0, 0x01, 0x01, 0x73
	.byte 0x33, 0x34, 0x22, 0x22, 0x65, 0x32, 0x00, 0x2A, 0x01, 0x7A, 0x33, 0x78, 0x00, 0x03, 0x7E, 0x00
	.byte 0x03, 0x42, 0xE3, 0xF0, 0x27, 0x33, 0x33, 0xB7, 0xAA, 0x00, 0xE3, 0xBB, 0xD4, 0x00, 0x03, 0x01
	.byte 0x00, 0x7E, 0x01, 0x06, 0xE3, 0x02, 0x69, 0x33, 0xE3, 0x32, 0xEE, 0xEE, 0x50, 0x23, 0x01, 0x7A
	.byte 0x33, 0x7B, 0x11, 0x73, 0x77, 0x2D, 0x3E, 0x33, 0x00, 0x06, 0x33, 0x01, 0x7A, 0x50, 0xE7, 0x23
	.byte 0x00, 0x41, 0x7E, 0xE4, 0x40, 0x57, 0x01, 0xDB, 0x11, 0xD7, 0x01, 0xD3, 0x10, 0xEF, 0x00, 0xDC
	.byte 0xEE, 0xFC, 0xF0, 0xCA, 0xF0, 0x01, 0xF0, 0x01, 0xF0, 0x01, 0xF0, 0x01, 0xB0, 0x01, 0xE0, 0x4E
	.byte 0x70, 0x23, 0x00, 0x05, 0xF0, 0x6E, 0x40, 0x01, 0x22, 0x22, 0x22, 0x22, 0x27, 0x4E, 0x23, 0x05
	.byte 0x87, 0xEE, 0xEE, 0xF0, 0x23, 0x40, 0x1F, 0x00, 0x01, 0x71, 0x43, 0x00, 0x1E, 0x81, 0x92, 0x80
	.byte 0x1F, 0x43, 0xEE, 0x00, 0xF0, 0x19, 0xF0, 0xF0, 0x01, 0xF0, 0x01, 0xF0, 0x01, 0xF0, 0x01, 0x00
	.byte 0x00, 0x00, 0x00, 0x00

  .globl gMonPalette_Snorlax
gMonPalette_Snorlax:
  .incbin "build/graphics/pokemon/snorlax/normal_palette.gbapal.lz"

  .globl gMonBackPic_Snorlax
gMonBackPic_Snorlax:
  .incbin "build/graphics/pokemon/snorlax/back.4bpp.lz"

  .globl gMonShinyPalette_Snorlax
gMonShinyPalette_Snorlax:
  .incbin "build/graphics/pokemon/snorlax/shiny_palette.gbapal.lz"

	.globl gMonIcon_Snorlax
gMonIcon_Snorlax: @ 0x08C933FC [143]
  .incbin "build/graphics/pokemon/snorlax/icon.4bpp"
	@ analyzed canonical ROM range 0x08C937FC-0x08C93D13
	@ structured u8 payload; no safe higher-level semantic type was provable
	.byte 0x00, 0x00, 0x80, 0xC8, 0xD8, 0xF8, 0xFC, 0xFC, 0x00, 0x00, 0x00, 0x09, 0x0D, 0x0F, 0x1F, 0x1F
	.byte 0x3C, 0x1C, 0x1C, 0x3C, 0xF8, 0xE0, 0x00, 0x00, 0x1E, 0x1C, 0x1C, 0x1E, 0x0F, 0x03, 0x00, 0x00
	.byte 0x10, 0x00, 0x08, 0x00, 0x30, 0x00, 0x00, 0xF0, 0x01, 0x50, 0x01, 0x50, 0x55, 0x55, 0x55, 0x80
	.byte 0xF0, 0x15, 0x00, 0x56, 0x00, 0x60, 0x56, 0x21, 0x66, 0x01, 0x15, 0x21, 0x66, 0x11, 0x62, 0x66
	.byte 0x44, 0x70, 0x2C, 0x00, 0x66, 0x66, 0x66, 0x25, 0x22, 0x22, 0x22, 0x62, 0x8D, 0x00, 0x07, 0x46
	.byte 0x44, 0x44, 0x50, 0x01, 0x50, 0x1E, 0x05, 0x00, 0x03, 0x00, 0x52, 0x06, 0x00, 0x00, 0x46, 0x62
	.byte 0x00, 0x00, 0x01, 0x64, 0x22, 0x06, 0x00, 0x44, 0x26, 0x05, 0x00, 0x03, 0x76, 0x53, 0xF0, 0x5D
	.byte 0x70, 0x50, 0x00, 0x32, 0x50, 0x00, 0x2D, 0x80, 0x0E, 0x25, 0x01, 0x06, 0x00, 0x50, 0x41, 0x06
	.byte 0x00, 0x15, 0x10, 0x03, 0x03, 0x62, 0x00, 0x65, 0x11, 0x62, 0x56, 0xF0, 0x40, 0x40, 0x01, 0xF0
	.byte 0x00, 0x6A, 0x20, 0x03, 0xF0, 0x01, 0xB0, 0x01, 0x15, 0x11, 0x11, 0x11, 0x00, 0x50, 0x22, 0x22
	.byte 0x33, 0x00, 0x26, 0x22, 0x22, 0x21, 0x00, 0x00, 0x00, 0xEF, 0x55, 0x22, 0x32, 0x00, 0x00, 0xC7
	.byte 0xC0, 0x10, 0xFC, 0x00, 0x1E, 0x66, 0x62, 0x36, 0x33, 0x53, 0x33, 0x00, 0x33, 0x63, 0x35, 0x33
	.byte 0x66, 0x36, 0x33, 0x55, 0x00, 0x33, 0x33, 0x35, 0x33, 0x33, 0x56, 0x33, 0x32, 0x01, 0x66, 0x33
	.byte 0x63, 0x6E, 0x33, 0x33, 0x36, 0x00, 0x17, 0x00, 0x33, 0x35, 0x43, 0x44, 0x44, 0x33, 0x33, 0x43
	.byte 0x72, 0x44, 0x00, 0x18, 0x00, 0x07, 0x10, 0x03, 0x35, 0x53, 0x00, 0x31, 0x53, 0x80, 0x00, 0x29
	.byte 0x45, 0x63, 0x33, 0x53, 0x44, 0x44, 0x64, 0x20, 0x63, 0x00, 0x30, 0x03, 0x43, 0x00, 0x44, 0x54
	.byte 0x33, 0x08, 0x06, 0x44, 0x44, 0x36, 0x10, 0x03, 0x04, 0x44, 0x44, 0x29, 0x35, 0x63, 0x00, 0x1C
	.byte 0x43, 0x30, 0xE3, 0x60, 0x64, 0x30, 0x03, 0x2D, 0x00, 0x66, 0x00, 0x03, 0x6F, 0x00, 0x0B, 0x10
	.byte 0x03, 0x3C, 0x00, 0x03, 0x00, 0x33, 0x21, 0x64, 0x22, 0x63, 0x22, 0x64, 0x32, 0x00, 0x65, 0x42
	.byte 0x36, 0x53, 0x0E, 0x44, 0x5E, 0xE5, 0x00, 0x63, 0xE4, 0x65, 0x3E, 0x33, 0xEE, 0xCE, 0xFF, 0x00
	.byte 0x33, 0x63, 0xC3, 0xFD, 0x33, 0x44, 0xC6, 0xFC, 0x60, 0x33, 0xD1, 0x34, 0x00, 0xF3, 0x25, 0x0E
	.byte 0x00, 0x60, 0x62, 0x42, 0x0E, 0x00, 0x57, 0x0E, 0x00, 0x26, 0x63, 0x50, 0x18, 0x65, 0x95, 0x00
	.byte 0x18, 0x22, 0x52, 0x00, 0x60, 0x26, 0x01, 0x7B, 0x24, 0x01, 0x7B, 0x05, 0x63, 0x62, 0x00, 0x34
	.byte 0x33, 0x11, 0x5E, 0x50, 0x00, 0x43, 0x58, 0x35, 0x00, 0x03, 0x65, 0x10, 0x7B, 0xE0, 0x01, 0x33
	.byte 0x53, 0x36, 0x00, 0x33, 0xE3, 0x6E, 0x33, 0xE3, 0x06, 0x60, 0x33, 0x08, 0x6E, 0x00, 0x50, 0xEE
	.byte 0xE0, 0x1F, 0x36, 0x33, 0x46, 0x10, 0x44, 0x33, 0x63, 0x00, 0xD9, 0x4E, 0x64, 0x46, 0xEE, 0x80
	.byte 0x01, 0xF8, 0x00, 0xE0, 0x44, 0x66, 0x00, 0xE0, 0x6E, 0x69, 0x46, 0x00, 0xBB, 0x01, 0xFB, 0xE0
	.byte 0x02, 0x01, 0x64, 0x33, 0x00, 0x04, 0x35, 0x34, 0x54, 0x00, 0xF4, 0x02, 0x16, 0x64, 0x22, 0x14
	.byte 0x35, 0x10, 0x15, 0x00, 0x43, 0x44, 0x36, 0x53, 0x33, 0x44, 0x06, 0x00, 0x10, 0x60, 0x43, 0x04
	.byte 0x00, 0x2B, 0x63, 0x00, 0x60, 0xE4, 0x00, 0x33, 0x06, 0x26, 0x66, 0x36, 0x62, 0x22, 0x22, 0x00
	.byte 0x64, 0x23, 0x26, 0x22, 0x64, 0x36, 0x26, 0x22, 0x40, 0x44, 0x02, 0x4E, 0x44, 0x2E, 0x22, 0x33
	.byte 0xEE, 0xEC, 0x00, 0x22, 0x42, 0xCD, 0xE4, 0x22, 0x62, 0x3C, 0x2E, 0x00, 0x22, 0xE2, 0xE6, 0x22
	.byte 0x22, 0xE2, 0x22, 0x11, 0x02, 0x11, 0xE2, 0x12, 0x11, 0x11, 0x61, 0x01, 0xBA, 0x61, 0x00, 0x06
	.byte 0x00, 0x25, 0x46, 0x06, 0x60, 0x32, 0x46, 0xAA, 0x00, 0xEE, 0x44, 0x00, 0xEE, 0x44, 0x00, 0x0A
	.byte 0x44, 0x00, 0x06, 0x36, 0x12, 0x32, 0x46, 0x64, 0x00, 0x96, 0x64, 0x63, 0x10, 0xE3, 0x34, 0x01
	.byte 0x33, 0x52, 0x00, 0x33, 0x36, 0x23, 0x06, 0x20, 0x03, 0x00, 0x63, 0x23, 0x05, 0x63, 0x63, 0x33
	.byte 0x62, 0x63, 0x03, 0x33, 0x36, 0x62, 0x63, 0x36, 0x36, 0x72, 0x5F, 0xF0, 0x01, 0x60, 0x60, 0x22
	.byte 0xEB, 0xB0, 0x12, 0x66, 0x00, 0x66, 0x56, 0x55, 0x05, 0x66, 0x55, 0x55, 0x66, 0x45, 0x00, 0x05
	.byte 0x54, 0x00, 0x08, 0xAB, 0x00, 0xE3, 0x6E, 0x40, 0x2B, 0xE0, 0x11, 0x40, 0x55, 0x00, 0x04, 0x03
	.byte 0x01, 0x80, 0x13, 0x3A, 0x66, 0x55, 0xEE, 0x6E, 0x26, 0x33, 0x6E, 0x00, 0x33, 0x43, 0xE3, 0x60
	.byte 0x53, 0x53, 0x0E, 0x50, 0x40, 0x53, 0x02, 0xAB, 0x55, 0x53, 0x00, 0x60, 0x22, 0x55, 0x54, 0x66
	.byte 0x02, 0x6B, 0x22, 0x02, 0x63, 0x65, 0x00, 0x06, 0x24, 0x22, 0x02, 0x22, 0x15, 0x22, 0x22, 0x52
	.byte 0x1F, 0x30, 0x03, 0xF5, 0xA0, 0x10, 0x03, 0x11, 0x30, 0x03, 0x15, 0x21, 0x22, 0x52, 0x22, 0x6A
	.byte 0x52, 0x00, 0xE3, 0x50, 0x01, 0x31, 0x00, 0x03, 0x21, 0x10, 0x03, 0xF2, 0x80, 0x00, 0x03, 0xF3
	.byte 0x11, 0x21, 0x22, 0xFF, 0x11, 0x22, 0x00, 0x63, 0x66, 0x44, 0x36, 0x63, 0x61, 0x44, 0x66, 0x24
	.byte 0xE3, 0x46, 0x10, 0x03, 0x64, 0x64, 0x00, 0x03, 0xEE, 0x0E, 0x60, 0x46, 0x01, 0xEB, 0x51, 0xCC
	.byte 0xE3, 0x36, 0x36, 0x63, 0xE3, 0x02, 0x36, 0x63, 0x63, 0xEE, 0xE0, 0x63, 0x02, 0x0B, 0xEE, 0xF1
	.byte 0x12, 0x0F, 0xC1, 0xE7, 0x11, 0xA7, 0x01, 0xB7, 0x00, 0x45, 0x54, 0x00, 0x0A, 0x11, 0x45, 0x00
	.byte 0x50, 0x00, 0x03, 0x46, 0x54, 0x44, 0x20, 0x03, 0x00, 0x45, 0x54, 0x44, 0x65, 0x54, 0x54, 0x55
	.byte 0x45, 0x00, 0x45, 0x45, 0xE5, 0x44, 0x44, 0x54, 0x0E, 0x44, 0x21, 0x44, 0x65, 0x02, 0xC3, 0xE4
	.byte 0x00, 0x44, 0x45, 0x02, 0x43, 0x0B, 0x45, 0x0E, 0x00, 0x54, 0x02, 0xB1, 0xEE, 0x00, 0xD0, 0x40
	.byte 0x53, 0x80, 0x01, 0x03, 0xB0, 0x6B, 0x00, 0xBE, 0xAB, 0x6A, 0xE0, 0x00, 0xAA, 0xAA, 0xAA, 0xE0
	.byte 0xAA, 0xEE, 0xEE, 0xB0, 0x32, 0xEA, 0x00, 0x13, 0x56, 0x50, 0x01, 0x32, 0x23, 0x03, 0x67, 0x33
	.byte 0x20, 0x22, 0x32, 0x23, 0x38, 0x6E, 0x66, 0x66, 0x35, 0xB0, 0x45, 0x6B, 0x00, 0x0E, 0x22, 0x55
	.byte 0x55, 0x00, 0x1A, 0x53, 0x10, 0x03, 0x78, 0x23, 0x00, 0x1E, 0x03, 0x6C, 0x13, 0x64, 0x10, 0x01
	.byte 0x63, 0x53, 0x55, 0x00, 0xEE, 0x0E, 0x1F, 0x21, 0x32, 0x63, 0x1F, 0x22, 0x00, 0x36, 0x0E, 0x22
	.byte 0x65, 0xE3, 0x00, 0x55, 0x63, 0x02, 0x0E, 0x00, 0x33, 0xE3, 0x00, 0x00, 0x00, 0x06, 0x00, 0xF8
	.byte 0x00, 0x02, 0xF0, 0x01, 0xF0, 0x01, 0xF0, 0x01, 0xD3, 0x30, 0x44, 0x45, 0x44, 0x81, 0x00, 0x03
	.byte 0x24, 0x50, 0x42, 0x25, 0x24, 0x50, 0x01, 0x94, 0x72, 0x50, 0x01, 0x91, 0x40, 0x03, 0x00, 0x13
	.byte 0x45, 0x24, 0x00, 0xEE, 0x00, 0x40, 0x45, 0x10, 0x03, 0x06, 0x00, 0xE0, 0x24, 0x0E, 0xE0, 0x00
	.byte 0xAB, 0x24, 0xBE, 0x9B, 0x99, 0x24, 0x9B, 0x99, 0x00, 0x99, 0xB5, 0x9A, 0xAB, 0x99, 0xB5, 0xEF
	.byte 0xBE, 0x00, 0xAA, 0xAE, 0xEA, 0x00, 0xB0, 0xAB, 0x0B, 0x00, 0x00, 0xB0, 0xAA, 0x0E, 0x00, 0xB0
	.byte 0xBA, 0x00, 0x00, 0x20, 0xAB, 0xB9, 0x00, 0x03, 0xE9, 0x00, 0x00, 0x9B, 0xEA, 0x00, 0x00, 0xBB
	.byte 0x99, 0xEB, 0xB0, 0x99, 0x99, 0xAB, 0x01, 0xAA, 0x36, 0x33, 0xAA, 0xEB, 0xEE, 0xEE, 0x00, 0x1B
	.byte 0x4E, 0x00, 0x01, 0x0E, 0x00, 0x0B, 0x00, 0x03, 0x10, 0xBB, 0x50, 0x03, 0x33, 0xFF, 0x03, 0x52
	.byte 0x12, 0x40, 0xF0, 0x01, 0xF0, 0x01, 0xF0, 0x01, 0xF0, 0x01, 0xF0, 0x01, 0xF0, 0x01, 0xEC, 0xB0
	.byte 0xFF, 0x31, 0xE7, 0x21, 0xEF, 0x4E, 0x01, 0xFB, 0x12, 0x03, 0xE0, 0x44, 0x30, 0x54, 0x00, 0x00
	.byte 0x0C, 0x13, 0xBF, 0x45, 0xFB, 0x9B, 0xAA, 0x00, 0x54, 0xB4, 0xAF, 0xEA, 0x54, 0x44, 0xEB, 0x0E
	.byte 0xD0, 0x21, 0xF7, 0x01, 0xF4, 0x44, 0x00, 0x08, 0x45, 0x44, 0x54, 0x65, 0x80, 0x03, 0xD3, 0x54
	.byte 0xBB, 0x9B, 0xA9, 0x9A, 0xBA, 0xBF, 0x08, 0xBB, 0x99, 0xB0, 0xFB, 0x00, 0xFA, 0xAE, 0x99, 0xE9
	.byte 0x38, 0x00, 0xE0, 0x01, 0x09, 0x02, 0x15, 0x02, 0x82, 0x60, 0x65, 0x06, 0x38, 0x60, 0x46, 0x50
	.byte 0xF7, 0x10, 0x03, 0x04, 0x93, 0x55, 0x00, 0x60, 0x00, 0x46, 0x44, 0x60, 0x55, 0x55, 0x45, 0x46
	.byte 0x44, 0x04, 0x24, 0x22, 0x64, 0x66, 0x66, 0xA3, 0x5F, 0x55, 0x55, 0x2A, 0x05, 0x00, 0x03, 0x07
	.byte 0x05, 0x03, 0xF7, 0x54, 0x23, 0xFC, 0x42, 0x7E, 0x55, 0x76, 0x5F, 0xC5, 0xDB, 0x15, 0x2C, 0x04
	.byte 0x3C, 0xF0, 0x1C, 0x90, 0x01, 0xE0, 0xCC, 0xF0, 0x12, 0xF0, 0x01, 0x00, 0x4E, 0xF0, 0x29, 0x70
	.byte 0x01, 0x44, 0x55, 0x00, 0x45, 0x44, 0x46, 0x44, 0x54, 0x55, 0xE0, 0x46, 0x06, 0x44, 0x64, 0x00
	.byte 0xE0, 0xEE, 0x10, 0xAF, 0xA3, 0x3F, 0x44, 0x84, 0x00, 0xC4, 0x55, 0x65, 0x56, 0x65, 0x04, 0x16
	.byte 0x56, 0x55, 0x04, 0x55, 0xE6, 0xEE, 0xEE, 0xEE, 0xB2, 0x99, 0x56, 0x55, 0x01, 0xEE, 0x00, 0x55
	.byte 0xE5, 0x00, 0x00, 0xE5, 0xF2, 0xB3, 0x8F, 0x35, 0x97, 0x46, 0x44, 0x55, 0x04, 0x42, 0x10, 0xE7
	.byte 0x12, 0x06, 0xE0, 0x87, 0xA0, 0x10, 0xE3, 0x45, 0x00, 0xEC, 0x54, 0x44, 0x06, 0x60, 0xEE, 0x2B
	.byte 0x46, 0x64, 0x07, 0x7B, 0xEE, 0xB5, 0x84, 0xE6, 0x01, 0x68, 0x00, 0x5F, 0x7C, 0x56, 0x00, 0x5C
	.byte 0x00, 0x06, 0xF0, 0x01, 0xF0, 0x01, 0xA0, 0x01

  .globl gMonPalette_Articuno
gMonPalette_Articuno:
  .incbin "build/graphics/pokemon/articuno/normal_palette.gbapal.lz"

  .globl gMonBackPic_Articuno
gMonBackPic_Articuno:
  .incbin "build/graphics/pokemon/articuno/back.4bpp.lz"

  .globl gMonShinyPalette_Articuno
gMonShinyPalette_Articuno:
  .incbin "build/graphics/pokemon/articuno/shiny_palette.gbapal.lz"

	.globl gMonIcon_Articuno
gMonIcon_Articuno: @ 0x08C93FC0 [144]
  .incbin "build/graphics/pokemon/articuno/icon.4bpp"
	@ analyzed canonical ROM range 0x08C943C0-0x08C94853
	@ structured u8 payload; no safe higher-level semantic type was provable
	.byte 0x00, 0x00, 0x88, 0x8C, 0x9C, 0x9C, 0x98, 0xB8, 0x01, 0x01, 0x13, 0x33, 0x33, 0x39, 0x19, 0x1D
	.byte 0xF0, 0xE0, 0xE0, 0xC0, 0xC0, 0xC0, 0x80, 0x00, 0x0F, 0x07, 0x03, 0x01, 0x01, 0x01, 0x00, 0x00
	.byte 0x10, 0x00, 0x08, 0x00, 0x3F, 0x00, 0x00, 0xF0, 0x01, 0xF0, 0x01, 0xF0, 0x01, 0xF0, 0x01, 0xF0
	.byte 0x01, 0xF0, 0x01, 0xF8, 0xF0, 0x01, 0xF0, 0x01, 0xF0, 0x01, 0xF0, 0x01, 0x40, 0x01, 0x50, 0x00
	.byte 0xF0, 0xD1, 0xF0, 0x14, 0x30, 0x01, 0xFE, 0x00, 0x03, 0xFC, 0x00, 0x05, 0xF0, 0x18, 0xC0, 0xF0
	.byte 0x01, 0xA0, 0x01, 0xEE, 0x0E, 0x00, 0x00, 0xBE, 0xEB, 0x00, 0x0F, 0x00, 0xBE, 0xBB, 0xEB, 0xFF
	.byte 0xE0, 0xCC, 0x32, 0xCC, 0xCC, 0x60, 0x6A, 0x00, 0x4A, 0x50, 0x55, 0x00, 0x08, 0x55, 0xA0, 0x00
	.byte 0x08, 0x55, 0x00, 0x08, 0x50, 0x55, 0x05, 0xFE, 0x50, 0xE8, 0x10, 0x08, 0x00, 0x33, 0x00, 0x03
	.byte 0xCE, 0x00, 0x37, 0xCE, 0xEC, 0x00, 0x22, 0x00, 0xCF, 0x00, 0x03, 0xF0, 0xCC, 0x0F, 0x00, 0x03
	.byte 0xFD, 0x06, 0x0F, 0xF0, 0xCC, 0xFC, 0xFB, 0xF0, 0x61, 0x00, 0x01, 0xF0, 0x5C, 0x0F, 0x00, 0x03
	.byte 0x5D, 0x30, 0x03, 0xF0, 0x01, 0xC0, 0xE3, 0x05, 0xE0, 0x08, 0x0E, 0x50, 0x05, 0xCF, 0x00, 0x6B
	.byte 0xCE, 0xCF, 0x5F, 0x20, 0xF5, 0xCC, 0x20, 0x03, 0x5C, 0xCF, 0xDC, 0xCE, 0xFC, 0x01, 0xCF, 0xDC
	.byte 0xF0, 0xCC, 0xCF, 0xDC, 0xFC, 0x00, 0x1F, 0x00, 0xFC, 0x55, 0x05, 0xCE, 0x5C, 0x55, 0xE5, 0xCC
	.byte 0x02, 0x5C, 0x55, 0xCF, 0x5C, 0x55, 0xF5, 0x10, 0x06, 0xCC, 0xA4, 0x00, 0x06, 0xDC, 0x00, 0x06
	.byte 0x5D, 0x55, 0x00, 0x69, 0x00, 0x0F, 0x0E, 0x50, 0x00, 0x00, 0x05, 0x20, 0xB2, 0x40, 0xBE, 0x10
	.byte 0x03, 0xFF, 0x0A, 0x5D, 0x00, 0x55, 0xDC, 0x00, 0x08, 0xCF, 0x00, 0xE3, 0xF0, 0xA5, 0x10, 0xE7
	.byte 0xDF, 0x00, 0x03, 0xF0, 0xCD, 0x00, 0x2E, 0xDF, 0x21, 0x59, 0x81, 0x40, 0x7E, 0xCC, 0xFF, 0x55
	.byte 0x55, 0xCC, 0xCC, 0x10, 0x03, 0x44, 0x5C, 0x40, 0x03, 0xCC, 0xF5, 0xCD, 0x00, 0x03, 0xD5, 0xCD
	.byte 0x00, 0xFF, 0xFC, 0x50, 0xDD, 0xBF, 0xFF, 0x55, 0xCF, 0x08, 0xFC, 0xFB, 0x55, 0xC5, 0x00, 0x03
	.byte 0x55, 0xFC, 0xFB, 0x01, 0x5F, 0x55, 0xF5, 0xFB, 0xFB, 0x55, 0xB5, 0x00, 0x03, 0x00, 0xBF, 0xFC
	.byte 0xBB, 0x5F, 0xBF, 0xCC, 0xBB, 0x5F, 0x00, 0xCF, 0xDC, 0x00, 0xDF, 0x55, 0xF0, 0x0F, 0xDF, 0x20
	.byte 0x55, 0xBF, 0x00, 0x03, 0xBB, 0xFC, 0x5D, 0xF5, 0xCB, 0x00, 0xDC, 0x5D, 0xBF, 0xFC, 0xDD, 0xF5
	.byte 0xBB, 0xFC, 0x00, 0xDF, 0xF5, 0xCB, 0x5F, 0x5F, 0xCF, 0xCC, 0x5F, 0xE0, 0x20, 0x9F, 0x80, 0x03
	.byte 0x70, 0x01, 0xFF, 0xEF, 0x05, 0xEF, 0xCC, 0x6B, 0xCC, 0x10, 0xE3, 0x01, 0x87, 0xFC, 0x21, 0x8B
	.byte 0xCE, 0x00, 0x03, 0x00, 0xAF, 0x60, 0xFE, 0x00, 0x03, 0x50, 0x01, 0xCF, 0xDC, 0x5D, 0x55, 0xCC
	.byte 0x04, 0xDD, 0x5F, 0xCC, 0xCC, 0xFD, 0x10, 0x0C, 0xCC, 0xDD, 0x14, 0xCC, 0xCC, 0xDC, 0x10, 0x09
	.byte 0xFF, 0x10, 0x1B, 0xDE, 0xDD, 0x1A, 0xDD, 0xDD, 0xCC, 0x01, 0x62, 0x10, 0xE6, 0x5D, 0x01, 0xAA
	.byte 0x54, 0xC0, 0x00, 0xF8, 0x10, 0xFB, 0xFF, 0xFF, 0xFF, 0x00, 0xCC, 0xCC, 0x7E, 0x0E, 0x00, 0x61
	.byte 0x51, 0x63, 0x11, 0xC7, 0x21, 0xCB, 0x21, 0xCF, 0x81, 0xA8, 0xEF, 0x00, 0x00, 0xD5, 0xFD, 0xBB
	.byte 0x55, 0x55, 0x55, 0xBF, 0xB1, 0x40, 0x03, 0xF5, 0x10, 0x03, 0x00, 0x2A, 0x55, 0xFF, 0xDE, 0x11
	.byte 0x13, 0x40, 0xDD, 0x00, 0xCD, 0xCF, 0xDC, 0xCC, 0xEC, 0xCF, 0xCC, 0x00, 0xCB, 0xCC, 0xCE, 0xEC
	.byte 0xCB, 0xCC, 0xCC, 0xEC, 0x02, 0xBB, 0xCC, 0xBB, 0xCC, 0xBF, 0xBC, 0x00, 0x03, 0xBB, 0x18, 0xCB
	.byte 0xCC, 0xF5, 0x00, 0x03, 0x00, 0x88, 0x5F, 0xCE, 0xCC, 0x4F, 0xFC, 0x00, 0x2B, 0xFC, 0xF5, 0x00
	.byte 0x1E, 0x00, 0x95, 0x00, 0xC4, 0x60, 0x01, 0x39, 0xFF, 0xCC, 0x00, 0x14, 0x30, 0xAC, 0x00, 0xD3
	.byte 0xFC, 0xFC, 0x00, 0x99, 0x10, 0xCF, 0xCC, 0xFC, 0x00, 0x57, 0xD5, 0xCC, 0xDC, 0x5D, 0x6D, 0x5D
	.byte 0x00, 0x06, 0x11, 0x6F, 0xDC, 0x00, 0x03, 0x00, 0xD7, 0xDD, 0x00, 0x0F, 0x26, 0xDD, 0xFD, 0x00
	.byte 0x22, 0x5F, 0xDD, 0x00, 0x7F, 0x50, 0x01, 0xDE, 0x0B, 0xFD, 0x55, 0xF5, 0x5F, 0x12, 0xE6, 0xFE
	.byte 0x00, 0x3B, 0x00, 0xEF, 0x84, 0x80, 0x1A, 0xD5, 0x55, 0x55, 0xDD, 0x62, 0x60, 0xFF, 0xFF, 0x22
	.byte 0xEF, 0x0E, 0x00, 0x1E, 0x0E, 0x55, 0xDD, 0x00, 0xD2, 0x5F, 0x35, 0x00, 0x00, 0x00, 0x02, 0x40
	.byte 0xE2, 0xCE, 0x01, 0xFF, 0xFF, 0xC0, 0xF7, 0xEB, 0x70, 0x01, 0x10, 0x7B, 0x00, 0xF2, 0xFF, 0x00
	.byte 0x0A, 0xCF, 0x12, 0xD9, 0x00, 0x06, 0x00, 0xDC, 0x00, 0xF0, 0xDD, 0xDD, 0x00, 0xF0, 0x5F, 0x41
	.byte 0xF5, 0x20, 0x57, 0xBF, 0xCC, 0xCC, 0x5D, 0xF1, 0x02, 0x19, 0x00, 0xF5, 0xAA, 0xFC, 0xCC, 0xA5
	.byte 0x88, 0x1A, 0xDD, 0x00, 0x8A, 0x88, 0x5A, 0x5F, 0x8A, 0x98, 0xA9, 0xA0, 0x00, 0x88, 0x9A, 0x99
	.byte 0x8A, 0xA8, 0x59, 0x55, 0xCC, 0x00, 0xFF, 0xC5, 0xCC, 0xFC, 0x52, 0xC5, 0xDC, 0x1F, 0x07, 0x51
	.byte 0xC5, 0xDC, 0x15, 0x55, 0x02, 0x94, 0x00, 0xCF, 0x02, 0x3F, 0x20, 0xCC, 0xCA, 0x00, 0xD5, 0xCA
	.byte 0xDC, 0xDD, 0xCC, 0xDD, 0x45, 0xFD, 0x00, 0xA5, 0x5F, 0x55, 0x55, 0x00, 0x06, 0x55, 0x00, 0x06
	.byte 0xAF, 0x20, 0x03, 0xFC, 0x40, 0x03, 0xCC, 0x10, 0x0C, 0x60, 0xCB, 0xF0, 0x01, 0x20, 0x18, 0x15
	.byte 0xDD, 0xFD, 0x05, 0x00, 0xD7, 0xFD, 0x10, 0x53, 0xD5, 0x00, 0x03, 0x47, 0x55, 0x00, 0x08, 0x55
	.byte 0xD5, 0xDC, 0x10, 0xB3, 0x10, 0x3D, 0x20, 0xC3, 0xAD, 0x12, 0x57, 0xFC, 0x00, 0x04, 0xCC, 0x00
	.byte 0x04, 0x01, 0x65, 0x0F, 0x10, 0x2F, 0xF0, 0x21, 0xC7, 0xF0, 0xEE, 0xF0, 0x01, 0x30, 0x01, 0xA3
	.byte 0x00, 0x00, 0x30, 0x42, 0x81, 0x00, 0x03, 0x88, 0x00, 0x00, 0xA0, 0x00, 0x03, 0x8A, 0x40, 0x98
	.byte 0x00, 0x06, 0x59, 0x00, 0x90, 0x98, 0x05, 0x8A, 0x00, 0x98, 0x95, 0x99, 0x88, 0x59, 0x99, 0x55
	.byte 0x98, 0x00, 0x95, 0x55, 0x00, 0x98, 0x55, 0x45, 0x04, 0x59, 0x00, 0x41, 0x15, 0x52, 0xA5, 0x44
	.byte 0x1A, 0x94, 0x00, 0x00, 0x8A, 0x4A, 0x99, 0x00, 0x50, 0x98, 0x99, 0xD5, 0x00, 0xFC, 0xDF, 0xCD
	.byte 0x50, 0xFD, 0xF9, 0xDD, 0x00, 0x00, 0xDF, 0x9F, 0xDF, 0x55, 0xF9, 0x5F, 0xF9, 0x99, 0x10, 0x99
	.byte 0x05, 0xF5, 0x00, 0x2A, 0x00, 0x5A, 0x00, 0x43, 0x05, 0x0A, 0x5A, 0x30, 0x11, 0xA8, 0x00, 0xE3
	.byte 0xD5, 0x02, 0x1E, 0x2A, 0x55, 0xCD, 0x00, 0x03, 0xDD, 0x01, 0x08, 0xFF, 0x00, 0x03, 0xD5, 0x00
	.byte 0xDF, 0x5F, 0x55, 0xF0, 0xFD, 0x5F, 0x55, 0x53, 0xF0, 0x00, 0x0B, 0x02, 0xB7, 0x00, 0x17, 0x10
	.byte 0x03, 0xDD, 0x55, 0xD5, 0xCD, 0xE4, 0x02, 0x11, 0x10, 0xDF, 0x10, 0x03, 0xDD, 0xCD, 0x00, 0xE7
	.byte 0xDD, 0xCD, 0xB6, 0x00, 0x1E, 0x05, 0x51, 0x0B, 0x10, 0x2B, 0xDC, 0x00, 0x33, 0x00, 0xE3, 0x50
	.byte 0xAF, 0x01, 0x0A, 0x0F, 0x00, 0x03, 0xFC, 0x50, 0xC0, 0x12, 0x22, 0x94, 0xBE, 0x20, 0x08, 0xC0
	.byte 0xF0, 0x01, 0xF0, 0x01, 0x8A, 0x59, 0x00, 0x00, 0x9A, 0x05, 0x2D, 0x00, 0xA0, 0x00, 0x06, 0xA0
	.byte 0xF0, 0x32, 0x10, 0x48, 0x99, 0x03, 0x40, 0x82, 0x00, 0x03, 0xA0, 0xA9, 0x00, 0x00, 0xAA, 0x00
	.byte 0x25, 0x24, 0x01, 0x54, 0x00, 0x30, 0x11, 0x05, 0x00, 0x40, 0x31, 0x7B, 0x00, 0x05, 0x30, 0x41
	.byte 0x48, 0x05, 0x00, 0x04, 0x45, 0xC0, 0x94, 0x53, 0x90, 0x01, 0x21, 0xDF, 0x5D, 0x55, 0x41, 0xC5
	.byte 0x00, 0xDD, 0x55, 0x84, 0xC5, 0xDC, 0x5D, 0x85, 0xF5, 0x00, 0xDC, 0xFD, 0x50, 0x58, 0xCC, 0xFD
	.byte 0x00, 0x55, 0x9B, 0x03, 0xB5, 0xA0, 0xC5, 0x20, 0x03, 0x00, 0xE3, 0xDD, 0x03, 0x75, 0x01, 0x01
	.byte 0x7F, 0x00, 0x03, 0x7B, 0x25, 0x76, 0x35, 0x8C, 0x40, 0x01, 0x11, 0xF7, 0x01, 0x0A, 0x03, 0x1A
	.byte 0x10, 0xCD, 0xCC, 0xF5, 0x00, 0x04, 0x00, 0x55, 0xDF, 0xDD, 0xFC, 0x00, 0x20, 0x61, 0xDB, 0x21
	.byte 0xFB, 0x12, 0xC7, 0x21, 0xFF, 0x10, 0x2F, 0x0F, 0x00, 0x00, 0xDD, 0xCD, 0xFC, 0x00, 0xF5, 0xDD
	.byte 0xCD, 0x0F, 0xBF, 0x00, 0x2B, 0xFD, 0xF0, 0x91, 0xF0, 0x01, 0xF0, 0x01, 0xF0, 0x01, 0xF0, 0x01
	.byte 0xF0, 0x01, 0xC5, 0xF0, 0x01, 0x00, 0x01, 0xA5, 0xF9, 0x5D, 0x01, 0x32, 0x5D, 0x01, 0x32, 0x7F
	.byte 0x55, 0x41, 0x32, 0xF0, 0x01, 0xF0, 0x01, 0xF0, 0x01, 0xF0, 0x01, 0x64, 0xDC, 0xF0, 0x13, 0x80
	.byte 0x70, 0x01, 0x00, 0x00

  .globl gMonPalette_Zapdos
gMonPalette_Zapdos:
  .incbin "build/graphics/pokemon/zapdos/normal_palette.gbapal.lz"

  .globl gMonBackPic_Zapdos
gMonBackPic_Zapdos:
  .incbin "build/graphics/pokemon/zapdos/back.4bpp.lz"

  .globl gMonShinyPalette_Zapdos
gMonShinyPalette_Zapdos:
  .incbin "build/graphics/pokemon/zapdos/shiny_palette.gbapal.lz"

	.globl gMonIcon_Zapdos
gMonIcon_Zapdos: @ 0x08C94BE0 [145]
  .incbin "build/graphics/pokemon/zapdos/icon.4bpp"
	@ analyzed canonical ROM range 0x08C94FE0-0x08C955AF
	@ structured u8 payload; no safe higher-level semantic type was provable
	.byte 0x00, 0x00, 0x00, 0x08, 0x8C, 0x9C, 0x98, 0xB8, 0x00, 0x01, 0x01, 0x21, 0x63, 0x73, 0x33, 0x3B
	.byte 0xF0, 0xE0, 0xC0, 0x80, 0x80, 0x80, 0x00, 0x00, 0x1F, 0x0F, 0x07, 0x03, 0x03, 0x03, 0x01, 0x00
	.byte 0x10, 0x00, 0x08, 0x00, 0x31, 0x00, 0x00, 0xF0, 0x01, 0x60, 0x01, 0xE0, 0x00, 0x70, 0xF0, 0x14
	.byte 0x10, 0x00, 0x00, 0x07, 0x10, 0x03, 0x77, 0x07, 0x00, 0x76, 0x73, 0x67, 0x10, 0x09, 0xF0, 0x01
	.byte 0x50, 0x01, 0x77, 0x77, 0xF0, 0x13, 0xF0, 0x01, 0xE0, 0xF0, 0x01, 0xF0, 0x01, 0x40, 0x8D, 0x00
	.byte 0x00, 0xD0, 0x00, 0x00, 0x00, 0x0E, 0xBD, 0x00, 0x00, 0xEE, 0xBB, 0x00, 0x00, 0x40, 0xBE, 0x00
	.byte 0x03, 0xBD, 0xBB, 0x0E, 0x00, 0xEE, 0x00, 0x00, 0xEB, 0xEE, 0xDE, 0x07, 0xDB, 0xCC, 0xDD, 0xEE
	.byte 0x00, 0xCB, 0xEC, 0xDE, 0x6E, 0xCB, 0x6E, 0xE6, 0x56, 0x00, 0xCC, 0x6E, 0x56, 0x44, 0xEC, 0x66
	.byte 0x45, 0x54, 0x00, 0xDD, 0x5E, 0x44, 0x64, 0x70, 0x77, 0x77, 0x07, 0x00, 0x67, 0x66, 0x76, 0x00
	.byte 0x66, 0x66, 0x07, 0x00, 0xC0, 0x00, 0x06, 0x00, 0x07, 0x77, 0x00, 0x54, 0x66, 0x76, 0x07, 0xA0
	.byte 0x10, 0x0F, 0x76, 0x10, 0x9F, 0xD0, 0x0E, 0x77, 0x00, 0xBE, 0x00, 0xEB, 0x6E, 0x00, 0xE0, 0xEB
	.byte 0xEC, 0x00, 0xED, 0x00, 0xEB, 0xEC, 0xD0, 0xBB, 0xCB, 0xEC, 0x00, 0xBD, 0x88, 0x00, 0x03, 0xBE
	.byte 0xBB, 0xCC, 0x00, 0x03, 0xCB, 0x66, 0x66, 0x22, 0x76, 0x70, 0x00, 0x03, 0x77, 0x66, 0x66, 0x70
	.byte 0x01, 0xEE, 0x04, 0x66, 0x66, 0x55, 0xCC, 0x5E, 0x00, 0x63, 0x46, 0x45, 0x04, 0x44, 0x67, 0x66
	.byte 0x77, 0x07, 0x00, 0x1E, 0x00, 0x56, 0x80, 0x00, 0x5B, 0x56, 0x76, 0x77, 0x77, 0x45, 0x65, 0x66
	.byte 0x00, 0x07, 0x44, 0x45, 0x44, 0x55, 0x44, 0x44, 0x74, 0x7E, 0x77, 0x00, 0x03, 0xF0, 0xC5, 0x41
	.byte 0x3F, 0xF1, 0x1A, 0xF0, 0x01, 0x40, 0xF6, 0xBC, 0xB4, 0x00, 0x03, 0xCC, 0x00, 0xA8, 0x00, 0x03
	.byte 0xDE, 0x00, 0x03, 0xBE, 0xCD, 0x00, 0x00, 0xE0, 0xBB, 0xCC, 0xD0, 0xDE, 0xBB, 0xCC, 0x80, 0x00
	.byte 0x9E, 0xCC, 0xED, 0x44, 0x44, 0x44, 0x4E, 0x44, 0x00, 0x44, 0x65, 0x4E, 0xE4, 0xE4, 0x66, 0xEC
	.byte 0xCE, 0x00, 0xCE, 0x66, 0xEC, 0xCC, 0xED, 0x66, 0xCE, 0xDC, 0x20, 0x6E, 0x66, 0x00, 0x06, 0x44
	.byte 0xDC, 0xED, 0x46, 0x44, 0xEA, 0x50, 0x6B, 0x00, 0xF6, 0x00, 0xFF, 0x77, 0x00, 0xFF, 0x06, 0x00
	.byte 0x07, 0x07, 0x28, 0x00, 0x55, 0x00, 0x18, 0x44, 0x00, 0xB3, 0x00, 0xBD, 0xEB, 0x05, 0xCB, 0x00
	.byte 0xE0, 0x0E, 0xCD, 0x00, 0x09, 0xCE, 0x30, 0x03, 0x06, 0xE0, 0xCB, 0x00, 0x00, 0xF0, 0x10, 0x03
	.byte 0x01, 0x5F, 0xE0, 0x03, 0xBB, 0xEC, 0x46, 0x44, 0x44, 0xEC, 0x00, 0x63, 0x00, 0x03, 0x00, 0x54
	.byte 0xCC, 0x4E, 0x4E, 0x54, 0xCC, 0xEC, 0xEC, 0x00, 0xE4, 0xCC, 0xCC, 0xEC, 0xCE, 0xCC, 0xCC, 0xDC
	.byte 0x27, 0xCC, 0xCB, 0x00, 0x08, 0x44, 0x74, 0x00, 0x4B, 0x10, 0x5B, 0x00, 0x4F, 0x00, 0x66, 0x07
	.byte 0x70, 0x77, 0x66, 0x76, 0x67, 0x66, 0x40, 0x6E, 0x01, 0x23, 0x6E, 0x66, 0x65, 0x66, 0x54, 0x66
	.byte 0x22, 0x64, 0x66, 0x32, 0x08, 0x07, 0x00, 0x70, 0x00, 0x6B, 0x67, 0xDC, 0x00, 0x77, 0x20, 0x27
	.byte 0x70, 0x32, 0x3B, 0x11, 0x8F, 0xB1, 0xDB, 0x00, 0xBE, 0xB0, 0x00, 0x03, 0xBF, 0x40, 0x03, 0x10
	.byte 0x0B, 0xE0, 0xBD, 0xBB, 0xCC, 0x05, 0xDC, 0xBB, 0xCC, 0xCC, 0xCD, 0x00, 0x03, 0xCC, 0x00, 0x03
	.byte 0xA0, 0x10, 0x0B, 0xDD, 0x00, 0x03, 0xED, 0xBB, 0xCB, 0xDC, 0xEE, 0x94, 0x00, 0xFE, 0xDD, 0xDE
	.byte 0x01, 0x00, 0xED, 0x01, 0x00, 0xED, 0x44, 0x01, 0x65, 0x76, 0x4E, 0x54, 0x66, 0x07, 0x4E, 0x11
	.byte 0x7F, 0x00, 0x44, 0x66, 0x76, 0x4E, 0x4E, 0x65, 0x45, 0xEE, 0x28, 0x4D, 0x54, 0x00, 0xB9, 0x07
	.byte 0x00, 0xE7, 0x77, 0x00, 0x46, 0xB7, 0x00, 0x77, 0x60, 0x42, 0xAE, 0x51, 0x13, 0x44, 0x31, 0x84
	.byte 0x10, 0x67, 0x10, 0x7B, 0xEB, 0xF0, 0x01, 0x00, 0x01, 0x00, 0x63, 0xEC, 0x02, 0x0A, 0xCC, 0x01
	.byte 0x72, 0x30, 0x03, 0x21, 0xBD, 0xCC, 0x02, 0x17, 0xCB, 0xCC, 0x00, 0xDF, 0x00, 0x03, 0x01, 0xF0
	.byte 0xCE, 0xC7, 0x44, 0x56, 0x64, 0x66, 0x21, 0x7F, 0x01, 0xEE, 0x44, 0x44, 0xEE, 0xEC, 0x44, 0x65
	.byte 0x01, 0x11, 0x00, 0x6E, 0xCC, 0xED, 0xEE, 0xEC, 0xCC, 0xCC, 0xCE, 0x80, 0x00, 0x03, 0xCC, 0xCC
	.byte 0x76, 0x07, 0x70, 0x00, 0x76, 0x98, 0x00, 0x6D, 0x66, 0x77, 0x42, 0x83, 0x22, 0x8B, 0x76, 0xE0
	.byte 0xEE, 0x03, 0x67, 0x06, 0xBE, 0x7C, 0x75, 0xE6, 0x01, 0x63, 0x80, 0x01, 0x10, 0xD0, 0xEE, 0xFE
	.byte 0x00, 0xF0, 0xBE, 0xBD, 0xBB, 0xBB, 0x03, 0xEC, 0xBB, 0xBB, 0xBB, 0xDC, 0xBB, 0x00, 0x7C, 0x00
	.byte 0x6A, 0x3C, 0xCC, 0xBF, 0x00, 0x03, 0x10, 0x07, 0x00, 0x0E, 0x10, 0x03, 0xEC, 0xBE, 0x80, 0x01
	.byte 0x07, 0xBF, 0xCC, 0xEC, 0xCC, 0xBF, 0xCC, 0xDC, 0x38, 0xEE, 0xDD, 0x00, 0x7C, 0x10, 0x03, 0x22
	.byte 0x07, 0x65, 0x66, 0x45, 0xBF, 0x01, 0x7A, 0x76, 0x12, 0xA3, 0x11, 0x83, 0x10, 0x01, 0x12, 0x81
	.byte 0x10, 0xEF, 0x50, 0x07, 0xEF, 0x10, 0x03, 0x01, 0x86, 0x22, 0x0B, 0x46, 0x71, 0x7F, 0x50, 0x01
	.byte 0x13, 0xEF, 0x93, 0xF3, 0xC8, 0x00, 0x0B, 0x00, 0xB8, 0x07, 0x67, 0x00, 0xC2, 0x67, 0x76, 0x77
	.byte 0x40, 0x67, 0x30, 0x53, 0x67, 0x56, 0x66, 0x65, 0x67, 0x66, 0x80, 0x01, 0x65, 0x66, 0x46, 0x44
	.byte 0xCC, 0xC7, 0xCC, 0x77, 0x00, 0xCC, 0x77, 0x77, 0x75, 0xCC, 0x67, 0x66, 0x45, 0x82, 0x03, 0x24
	.byte 0x44, 0x66, 0x56, 0x56, 0x44, 0x00, 0x16, 0x44, 0x40, 0x56, 0x02, 0xFC, 0x54, 0x77, 0x44, 0xE7
	.byte 0x57, 0x74, 0x00, 0xE6, 0xBB, 0x44, 0x74, 0xBE, 0xBC, 0x44, 0x44, 0x02, 0xC7, 0xCB, 0x44, 0xE7
	.byte 0xCC, 0xCC, 0x10, 0x03, 0x77, 0x41, 0xED, 0x01, 0xC4, 0xED, 0xDE, 0xDD, 0xDD, 0xDF, 0x00, 0xE5
	.byte 0x01, 0xCB, 0xCB, 0xCC, 0xBB, 0xBC, 0xCC, 0xFC, 0x00, 0x06, 0x78, 0xCF, 0x02, 0x4E, 0x01, 0x31
	.byte 0x10, 0x03, 0x02, 0x5E, 0xCC, 0xCE, 0xDC, 0x42, 0xCD, 0x00, 0x03, 0xCF, 0xCC, 0xDC, 0x6E, 0x00
	.byte 0xEE, 0x4E, 0x80, 0x12, 0x6A, 0xCC, 0xDC, 0xDD, 0x4E, 0xDC, 0xDD, 0xED, 0x08, 0x44, 0xDD, 0xEE
	.byte 0x4E, 0x10, 0xEF, 0x64, 0x4E, 0x44, 0x20, 0x64, 0xD6, 0x10, 0xEF, 0x54, 0x66, 0x66, 0x64, 0x44
	.byte 0x24, 0x55, 0x45, 0x00, 0x91, 0x64, 0x00, 0x00, 0x94, 0x00, 0x44, 0x00, 0xD6, 0x0F, 0x00, 0xD6
	.byte 0xDD, 0x0E, 0x00, 0xDE, 0x07, 0xDD, 0xED, 0x00, 0x44, 0x06, 0x01, 0xE7, 0x00, 0x03, 0x32, 0x88
	.byte 0xF9, 0x70, 0xD5, 0x01, 0x96, 0x00, 0xD6, 0x22, 0x10, 0x00, 0x09, 0x70, 0x7D, 0x00, 0x07, 0x61
	.byte 0x67, 0xC0, 0x03, 0x11, 0x07, 0xD0, 0x66, 0x66, 0x45, 0x00, 0x52, 0xF0, 0x10, 0xEB, 0x00, 0xD7
	.byte 0x00, 0xD4, 0x00, 0x0E, 0x77, 0x66, 0x45, 0x74, 0x00, 0xCB, 0x66, 0x46, 0xB7, 0xCB, 0x67, 0x76
	.byte 0xB7, 0x30, 0xCC, 0x75, 0x05, 0x08, 0x13, 0x64, 0x74, 0xFE, 0xFF, 0xEF, 0x60, 0xC7, 0x11, 0xF0
	.byte 0x10, 0x01, 0xDC, 0xDD, 0xDD, 0xCC, 0xDC, 0x40, 0xDE, 0x10, 0x03, 0xED, 0xFE, 0xBC, 0xBB, 0xBB
	.byte 0xCF, 0xF4, 0x00, 0xE5, 0x10, 0xE9, 0x21, 0xC0, 0x40, 0x01, 0xDD, 0x00, 0x22, 0xFF, 0xEF, 0x1C
	.byte 0xDD, 0xDD, 0xDC, 0x70, 0xF4, 0xF0, 0x01, 0x00, 0x01, 0x44, 0x64, 0x04, 0x64, 0xDD, 0x44, 0xD4
	.byte 0xD6, 0x00, 0x2E, 0xDD, 0xED, 0xA8, 0x00, 0x56, 0xFD, 0x40, 0x03, 0xCE, 0x01, 0x07, 0xED, 0xDD
	.byte 0xDD, 0x02, 0xFF, 0xDD, 0xDF, 0xDD, 0xFD, 0x7F, 0x00, 0x03, 0xF9, 0x00, 0xDD, 0xDD, 0xFC, 0xF9
	.byte 0xDD, 0xCD, 0xFC, 0xF9, 0x00, 0xCC, 0xCC, 0xAD, 0x98, 0xCC, 0xDD, 0x8F, 0x98, 0x00, 0xFF, 0xFF
	.byte 0xA6, 0xA8, 0xDD, 0xFD, 0xA6, 0x9A, 0xB0, 0x13, 0x67, 0x76, 0x14, 0xEB, 0x03, 0x9C, 0x56, 0x66
	.byte 0x07, 0x77, 0x00, 0x4F, 0x75, 0x77, 0x76, 0x4F, 0x74, 0x66, 0x76, 0x01, 0xFA, 0x64, 0x65, 0x76
	.byte 0x9A, 0x6F, 0x65, 0x13, 0x01, 0xD4, 0x13, 0x7B, 0x90, 0x03, 0xA0, 0x40, 0x03, 0x8A, 0x00, 0x03
	.byte 0x89, 0x67, 0x00, 0xB7, 0xBB, 0xEC, 0x7B, 0xB6, 0xCB, 0x1E, 0xBB, 0x00, 0xBB, 0xEB, 0x11, 0xAA
	.byte 0xCA, 0x1E, 0x1F, 0x88, 0x00, 0xA8, 0xFE, 0xEF, 0x88, 0x99, 0xDA, 0xDD, 0x88, 0x00, 0x99, 0xA9
	.byte 0xDD, 0x98, 0xF9, 0xFF, 0xAA, 0xCE, 0x00, 0xDC, 0xEE, 0x0F, 0xCE, 0xDC, 0xFE, 0x00, 0xCD, 0x00
	.byte 0xDC, 0x0F, 0x00, 0xCC, 0xDD, 0x0F, 0x00, 0xDC, 0x04, 0xED, 0x00, 0x00, 0xDD, 0xFD, 0x00, 0x03
	.byte 0x0F, 0x00, 0x27, 0x00, 0xFF, 0x21, 0x6C, 0xEF, 0xDD, 0x00, 0x04, 0x30, 0x0A, 0xF0, 0x01, 0x50
	.byte 0x00, 0x01, 0x06, 0xDD, 0x02, 0x09, 0xDD, 0xE0, 0xFF, 0xFF, 0x59, 0xEF, 0x00, 0x0E, 0x9A, 0x00
	.byte 0x7A, 0x00, 0x77, 0x8A, 0x88, 0x00, 0x06, 0x00, 0xA9, 0x00, 0x89, 0x8F, 0xA9, 0xDD, 0xFE, 0x00
	.byte 0x2B, 0xDF, 0xFE, 0x04, 0x8C, 0xF9, 0x00, 0x1C, 0xFA, 0x00, 0x03, 0x00, 0x07, 0x00, 0xE0, 0x99
	.byte 0x0F, 0x00, 0xF0, 0xAA, 0xA9, 0x00, 0x00, 0xF0, 0x9F, 0xF9, 0x00, 0xE0, 0xDD, 0xDD, 0xAA, 0x00
	.byte 0x88, 0xDD, 0xAD, 0x8A, 0x8F, 0xCF, 0x8A, 0x8A, 0x00, 0xF9, 0xCE, 0x8A, 0xF9, 0x98, 0xCC, 0x8A
	.byte 0xF9, 0x00, 0x21, 0xCC, 0x8A, 0xF2, 0x1A, 0xCC, 0x1F, 0xA1, 0x00, 0xA4, 0xCC, 0xAC, 0x11, 0x4F
	.byte 0xF9, 0xF9, 0x64, 0x00, 0x77, 0xA8, 0xFF, 0x64, 0x07, 0x18, 0xA2, 0x64, 0x00, 0x0E, 0xAA, 0x21
	.byte 0x6F, 0xEE, 0x6A, 0xFF, 0xEF, 0x00, 0xFD, 0xF1, 0x44, 0xE5, 0xFD, 0xFF, 0xF4, 0xDF, 0x08, 0xFD
	.byte 0x44, 0xCF, 0xDE, 0x00, 0x5A, 0xA0, 0x88, 0x00, 0x15, 0x00, 0x90, 0x98, 0x00, 0x73, 0x99, 0x00
	.byte 0xEE, 0xF9, 0x00, 0x0A, 0x01, 0x0A, 0x00, 0xA0, 0x98, 0x0F, 0x00, 0xA0, 0x00, 0x69, 0x00, 0xA0
	.byte 0x0F, 0x00, 0x99, 0x3F, 0x33, 0xF9, 0xF9, 0x00, 0x3A, 0x83, 0x0A, 0x0F, 0x3A, 0x83, 0x0F, 0x00
	.byte 0x00, 0x3A, 0xA8, 0x00, 0x00, 0x3A, 0xF8, 0x00, 0x00, 0x7E, 0xAA, 0x00, 0x1B, 0x00, 0x84, 0xF0
	.byte 0xD5, 0xF0, 0x01, 0xF0, 0x01, 0xC0, 0x01, 0x8A, 0x8A, 0x00, 0xC5, 0x9A, 0x9A, 0xF1, 0x00, 0x53
	.byte 0x21, 0x00, 0x07, 0xFA, 0x1A, 0x00, 0xA0, 0xFF, 0x00, 0x58, 0x70, 0x01, 0xF1, 0x00, 0x6A, 0xF2
	.byte 0x54, 0xF2, 0x00, 0xFB, 0xA2, 0x00, 0x0C, 0x0A, 0xF0, 0x3E, 0xCE, 0xCC, 0x20, 0xFF, 0xFC, 0x03
	.byte 0x38, 0xCC, 0xF0, 0xCC, 0xCD, 0xCC, 0xD6, 0x01, 0x6A, 0x05, 0xC7, 0xEF, 0x00, 0x03, 0xF0, 0x11
	.byte 0x73, 0x00, 0xDB, 0x00, 0x00, 0x00, 0x55, 0xCF, 0xDC, 0x0F, 0xEF, 0xCC, 0xED, 0x80, 0x01, 0x9B
	.byte 0xDD, 0x0F, 0xCC, 0xED, 0xFF, 0x00, 0xDC, 0xA0, 0x01, 0x9B, 0xDE, 0x80, 0xBA, 0x00, 0x00, 0x00

  .globl gMonPalette_Moltres
gMonPalette_Moltres:
  .incbin "build/graphics/pokemon/moltres/normal_palette.gbapal.lz"

  .globl gMonBackPic_Moltres
gMonBackPic_Moltres:
  .incbin "build/graphics/pokemon/moltres/back.4bpp.lz"

  .globl gMonShinyPalette_Moltres
gMonShinyPalette_Moltres:
  .incbin "build/graphics/pokemon/moltres/shiny_palette.gbapal.lz"

	.globl gMonIcon_Moltres
gMonIcon_Moltres: @ 0x08C9593C [146]
  .incbin "build/graphics/pokemon/moltres/icon.4bpp"
	@ analyzed canonical ROM range 0x08C95D3C-0x08C96013
	@ structured u8 payload; no safe higher-level semantic type was provable
	.byte 0x00, 0x00, 0x10, 0x98, 0x98, 0x98, 0x98, 0xB0, 0x00, 0x01, 0x09, 0x1B, 0x1B, 0x1B, 0x1B, 0x19
	.byte 0xB0, 0xB0, 0xE0, 0xE0, 0xC0, 0xC0, 0xE0, 0x60, 0x0D, 0x0D, 0x07, 0x07, 0x03, 0x01, 0x00, 0x00
	.byte 0x10, 0x00, 0x08, 0x00, 0x3F, 0x00, 0x00, 0xF0, 0x01, 0xF0, 0x01, 0xF0, 0x01, 0xF0, 0x01, 0xF0
	.byte 0x01, 0xF0, 0x01, 0xFF, 0xF0, 0x01, 0xF0, 0x01, 0xF0, 0x01, 0xF0, 0x01, 0xF0, 0x01, 0xF0, 0x01
	.byte 0xF0, 0x01, 0xF0, 0x01, 0xFE, 0xF0, 0x01, 0xF0, 0x01, 0xF0, 0x01, 0xF0, 0x01, 0xF0, 0x01, 0xF0
	.byte 0x01, 0xD0, 0x01, 0x40, 0x07, 0x04, 0x00, 0x00, 0x14, 0xF2, 0xF0, 0x17, 0xF0, 0x01, 0xF0, 0x01
	.byte 0x9F, 0x50, 0x01, 0xE0, 0xEE, 0xF0, 0x13, 0x70, 0x01, 0xF0, 0x1C, 0xF0, 0x01, 0xF0, 0x01, 0xA9
	.byte 0xF0, 0x01, 0x40, 0x00, 0x03, 0x24, 0x00, 0xAD, 0x24, 0x0F, 0x00, 0x03, 0x00, 0xF3, 0x40, 0xD4
	.byte 0x3F, 0xF3, 0x14, 0xD1, 0x3F, 0x01, 0x43, 0x11, 0xBD, 0xF0, 0xBD, 0xDD, 0xEB, 0xD0, 0x2B, 0x00
	.byte 0xDD, 0x0D, 0x00, 0x40, 0xBB, 0xDB, 0x0D, 0x40, 0x00, 0xEE, 0xBB, 0xDB, 0x2D, 0xF2, 0xBE, 0xCB
	.byte 0x2E, 0x00, 0x00, 0x40, 0x21, 0xF3, 0x00, 0x14, 0x32, 0x0F, 0x00, 0x40, 0x21, 0x32, 0x0F, 0x14
	.byte 0x21, 0x33, 0x0F, 0x00, 0x11, 0x22, 0x33, 0x04, 0x21, 0x32, 0xF3, 0x00, 0x27, 0x22, 0x44, 0x00
	.byte 0x03, 0x22, 0x44, 0x00, 0x55, 0xF0, 0x01, 0x10, 0xD8, 0x80, 0x40, 0x03, 0xD0, 0x00, 0xE0, 0xCD
	.byte 0xCC, 0x00, 0xCE, 0x00, 0xCC, 0xCC, 0xE0, 0xCC, 0xCC, 0xDD, 0xCE, 0xCC, 0x02, 0xDC, 0xDD, 0xCD
	.byte 0xCC, 0xDC, 0x3D, 0x00, 0x0A, 0x33, 0x08, 0xCC, 0xCC, 0x3D, 0xF3, 0x00, 0x03, 0x04, 0xCC, 0xFD
	.byte 0x00, 0x0F, 0x00, 0xDD, 0xDD, 0xED, 0x0F, 0xDD, 0xDD, 0x00, 0xDD, 0xFD, 0x3D, 0x33, 0x33, 0xDD
	.byte 0x43, 0xFF, 0x29, 0xFF, 0xD3, 0x00, 0xA6, 0xFF, 0xF0, 0x52, 0x00, 0x00, 0x00, 0x17, 0x3A, 0x00
	.byte 0xFD, 0x40, 0x03, 0xF0, 0x20, 0x20, 0xE6, 0x14, 0x80, 0x03, 0xF0, 0x80, 0x10, 0x14, 0xF0, 0xBD
	.byte 0xBB, 0xEB, 0x24, 0x22, 0x22, 0x04, 0xE2, 0x11, 0x21, 0x22, 0x22, 0x20, 0x03, 0x22, 0x22, 0x80
	.byte 0x10, 0x01, 0x32, 0x23, 0x22, 0x32, 0x33, 0x3F, 0x33, 0x00, 0x33, 0x33, 0xF1, 0xEF, 0xCC, 0x3E
	.byte 0xFF, 0xEA, 0x20, 0xCC, 0x3D, 0x00, 0x03, 0xED, 0xEE, 0xCE, 0xCC, 0xED, 0x5E, 0xD3, 0x00, 0x9C
	.byte 0xD3, 0x00, 0xA4, 0x10, 0x03, 0x10, 0xAC, 0x00, 0x2B, 0xF2, 0x00, 0x23, 0x22, 0x22, 0x0F, 0x33
	.byte 0x22, 0xF3, 0x00, 0x00, 0x33, 0x33, 0xF3, 0x00, 0x4F, 0x33, 0x33, 0x04, 0x00, 0x0F, 0x3F, 0x33
	.byte 0x43, 0x0F, 0xF0, 0x3F, 0xF3, 0x15, 0x0E, 0x00, 0xF0, 0x10, 0x92, 0xD0, 0x00, 0x03, 0xCE, 0xF0
	.byte 0x03, 0xC8, 0x20, 0x17, 0x00, 0xF6, 0x3D, 0x0F, 0x70, 0x03, 0xDD, 0x0E, 0xCC, 0x20, 0xCC, 0xDC
	.byte 0x10, 0x03, 0xED, 0xCC, 0xCC, 0xCC, 0xED, 0x7F, 0xCB, 0x00, 0x03, 0xF0, 0xC6, 0xF0, 0x01, 0xF0
	.byte 0x01, 0xF0, 0x01, 0xF0, 0x01, 0x30, 0x01, 0x00, 0xF0, 0x3F, 0x33, 0xD3, 0x00, 0xF0, 0xFF, 0xDD
	.byte 0xD8, 0xF2, 0x4E, 0x41, 0xEF, 0xCD, 0x00, 0x95, 0x00, 0x8C, 0xCC, 0xBC, 0xBB, 0x00, 0xCC, 0xCD
	.byte 0x2B, 0x22, 0xCC, 0xCE, 0x22, 0x22, 0x2A, 0xC2, 0xD0, 0x00, 0xF4, 0xE0, 0x00, 0x03, 0x00, 0x01
	.byte 0x38, 0x0E, 0xAA, 0x00, 0x23, 0xFC, 0x00, 0x03, 0xEC, 0x00, 0x03, 0xCC, 0x00, 0xED, 0xCC, 0x80
	.byte 0x00, 0x0C, 0xC2, 0xCC, 0xFE, 0x00, 0x22, 0xCC, 0xCC, 0x06, 0xFE, 0x22, 0xC2, 0xCC, 0xCC, 0x81
	.byte 0xEB, 0xE0, 0x01, 0xFE, 0x12, 0x0F, 0x00, 0xF0, 0x00, 0xE3, 0xDC, 0xBB, 0x00, 0x03, 0xBD, 0xAB
	.byte 0x00, 0x62, 0xBE, 0x00, 0x03, 0xBF, 0x00, 0x03, 0xDF, 0x40, 0x03, 0x00, 0x7A, 0x75, 0xBC, 0x10
	.byte 0x5F, 0x50, 0x03, 0x10, 0x67, 0xFB, 0x00, 0x03, 0xF3, 0x80, 0x03, 0xFD, 0xF0, 0x01, 0xF0, 0x01
	.byte 0xF0, 0x01, 0xF0, 0x01, 0xF0, 0x01, 0x40, 0x01, 0x2F, 0x00, 0xE7, 0x79, 0xF0, 0x00, 0x03, 0x00
	.byte 0x08, 0x01, 0x2D, 0x00, 0x03, 0x00, 0x2F, 0x52, 0x3B, 0xD7, 0x10, 0x01, 0x01, 0x0E, 0xCC, 0x01
	.byte 0x0A, 0xC2, 0x32, 0x36, 0x30, 0x01, 0x01, 0x16, 0x28, 0x22, 0xF0, 0x00, 0x04, 0x00, 0x00, 0x04
	.byte 0xCC, 0xEC, 0xEE, 0x76, 0xDE, 0x11, 0x3E, 0x01, 0x0A, 0x00, 0x27, 0xCB, 0x10, 0x2B, 0x00, 0x01
	.byte 0x33, 0x4D, 0x33, 0x00, 0x02, 0x33, 0x32, 0x00, 0x03, 0x00, 0x16, 0x3C, 0x00, 0x03, 0x81, 0x00
	.byte 0x07, 0x3C, 0x33, 0xCC, 0xBC, 0x33, 0x43, 0x00, 0x12, 0x5F, 0xF3, 0x00, 0x03, 0x0F, 0x12, 0x4B
	.byte 0x02, 0x45, 0x20, 0xE3, 0x13, 0x44, 0x12, 0x48, 0xFF, 0xF0, 0x01, 0xF0, 0x01, 0xF0, 0x01, 0xF0
	.byte 0x01, 0xF0, 0x01, 0xF0, 0x01, 0xF0, 0x01, 0xF0, 0x01, 0xB8, 0x42, 0x41, 0x44, 0xF0, 0x13, 0x70
	.byte 0x01, 0x00, 0xCB, 0x33, 0xFF, 0xFF, 0x7F, 0xFF, 0xF3, 0x8E, 0x40, 0x01, 0x00, 0xE2, 0xF0, 0xDB
	.byte 0xF0, 0x01, 0xF0, 0x01, 0xF0, 0x01, 0xFF, 0xF0, 0x01, 0xF0, 0x01, 0xF0, 0x01, 0xF0, 0x01, 0xF0
	.byte 0x01, 0xF0, 0x01, 0xF0, 0x01, 0xF0, 0x01, 0xFF, 0xF0, 0x01, 0xF0, 0x01, 0xF0, 0x01, 0xF0, 0x01
	.byte 0xF0, 0x01, 0xF0, 0x01, 0xF0, 0x01, 0x40, 0x01

  .globl gMonPalette_Dratini
gMonPalette_Dratini:
  .incbin "build/graphics/pokemon/dratini/normal_palette.gbapal.lz"
  .space 0x2, 0x00
  .globl gMonBackPic_Dratini
gMonBackPic_Dratini:
  .incbin "build/graphics/pokemon/dratini/back.4bpp.lz"

  .globl gMonShinyPalette_Dratini
gMonShinyPalette_Dratini:
  .incbin "build/graphics/pokemon/dratini/shiny_palette.gbapal.lz"
  .space 0x2, 0x00
	.globl gMonIcon_Dratini
gMonIcon_Dratini: @ 0x08C962EC [147]
  .incbin "build/graphics/pokemon/dratini/icon.4bpp"
	@ analyzed canonical ROM range 0x08C966EC-0x08C96A6B
	@ structured u8 payload; no safe higher-level semantic type was provable
	.byte 0x00, 0x00, 0x00, 0x00, 0x00, 0x00, 0x00, 0x00, 0x00, 0x00, 0x00, 0x00, 0x00, 0x00, 0x00, 0x00
	.byte 0x00, 0x00, 0x00, 0x00, 0x00, 0x00, 0x00, 0x00, 0x00, 0x00, 0x00, 0x00, 0x00, 0x00, 0x00, 0x00
	.byte 0x10, 0x00, 0x08, 0x00, 0x3F, 0x00, 0x00, 0xF0, 0x01, 0xF0, 0x01, 0xF0, 0x01, 0xF0, 0x01, 0xF0
	.byte 0x01, 0xF0, 0x01, 0xB7, 0xC0, 0x01, 0x40, 0xF0, 0x12, 0xC0, 0x20, 0x04, 0xF0, 0x13, 0xF0, 0x01
	.byte 0xF0, 0x01, 0xFE, 0xF0, 0x01, 0xF0, 0x01, 0xF0, 0x01, 0xF0, 0x01, 0xF0, 0x01, 0xF0, 0x01, 0xE0
	.byte 0x01, 0x34, 0xA2, 0x00, 0x03, 0x14, 0x40, 0x03, 0x30, 0x00, 0x14, 0x00, 0xC2, 0x13, 0x00, 0x42
	.byte 0x00, 0x40, 0x11, 0x92, 0x00, 0x40, 0x21, 0x20, 0x34, 0x09, 0x10, 0x03, 0x93, 0xE2, 0xEE, 0xEE
	.byte 0x21, 0x01, 0xD9, 0xBB, 0xBB, 0x11, 0xD2, 0xBC, 0xCB, 0x00, 0xE3, 0x51, 0x41, 0x00, 0x2A, 0x11
	.byte 0x20, 0x03, 0x40, 0x11, 0x41, 0x00, 0x06, 0x00, 0x14, 0x00, 0x14, 0x31, 0x11, 0xED, 0x11, 0x11
	.byte 0x06, 0x21, 0xDC, 0x21, 0x44, 0x22, 0x10, 0x50, 0x11, 0x04, 0x09, 0xCA, 0x00, 0x03, 0x00, 0x28
	.byte 0x00, 0x91, 0x00, 0x03, 0x92, 0x40, 0x64, 0x43, 0xFF, 0xF0, 0x7B, 0xF0, 0x01, 0xF0, 0x01, 0xF0
	.byte 0x01, 0xF0, 0x01, 0xF0, 0x01, 0xF0, 0x01, 0x91, 0xC5, 0x50, 0xE0, 0x00, 0x03, 0xB9, 0x30, 0x03
	.byte 0xDE, 0xCB, 0x00, 0xE0, 0x08, 0xBB, 0xCB, 0x00, 0xBE, 0x20, 0x03, 0xCC, 0x11, 0xCD, 0x20, 0xCC
	.byte 0xCC, 0x20, 0x01, 0xBC, 0x99, 0xC9, 0xCC, 0x9B, 0x00, 0x91, 0x99, 0xCC, 0x19, 0x9B, 0x9A, 0xCC
	.byte 0x99, 0x0C, 0x99, 0x9A, 0xCC, 0xCC, 0x00, 0x0F, 0x00, 0x16, 0x2C, 0x41, 0x00, 0x32, 0x34, 0x2C
	.byte 0x42, 0x32, 0x94, 0x2C, 0x22, 0x00, 0x33, 0x09, 0xDC, 0x33, 0x93, 0x00, 0xDC, 0x94, 0x04, 0x09
	.byte 0x00, 0xDC, 0xDD, 0x0E, 0x00, 0x03, 0x09, 0x00, 0x7E, 0xDD, 0x00, 0x03, 0x10, 0xF7, 0xF0, 0x01
	.byte 0xF0, 0x01, 0xC0, 0x01, 0x10, 0x8F, 0x1E, 0x08, 0x00, 0x00, 0xEE, 0x59, 0xB0, 0x16, 0xEE, 0x0D
	.byte 0x00, 0x00, 0xDE, 0xCC, 0x0E, 0xCE, 0xDC, 0x9E, 0x00, 0xE5, 0x0F, 0x9D, 0x00, 0x00, 0x75, 0xF0
	.byte 0x5C, 0xF0, 0x01, 0xF0, 0x01, 0x70, 0xF8, 0x00, 0x44, 0x44, 0x44, 0x00, 0xBD, 0xCB, 0xCC, 0x00
	.byte 0x19, 0xE0, 0xCC, 0xCC, 0x00, 0xF7, 0x00, 0x03, 0x00, 0xEE, 0x90, 0x1F, 0xC8, 0x01, 0xB7, 0x00
	.byte 0x19, 0xCC, 0xDC, 0x50, 0x03, 0xDE, 0xEE, 0xCE, 0x80, 0x00, 0x2B, 0xD2, 0xCC, 0xE0, 0xEE, 0x22
	.byte 0xCD, 0x1E, 0x00, 0x75, 0x29, 0xCD, 0x57, 0x75, 0x97, 0xC1, 0xDD, 0x0D, 0xED, 0x00, 0x00, 0xDD
	.byte 0x00, 0x8B, 0x00, 0xF2, 0x00, 0x00, 0xEE, 0x5E, 0x00, 0x00, 0x0E, 0x00, 0x00, 0x0E, 0x60, 0x03
	.byte 0xF0, 0x01, 0xD0, 0xE9, 0x51, 0x00, 0x97, 0x00, 0x7E, 0x55, 0x77, 0x00, 0x7E, 0x67, 0x00, 0x76
	.byte 0x00, 0x7E, 0x66, 0x76, 0xE0, 0x9C, 0x76, 0x00, 0x97, 0xD0, 0xDC, 0x9E, 0x09, 0xCE, 0xDC, 0x09
	.byte 0x2B, 0x00, 0xCD, 0x00, 0x4C, 0xE7, 0x00, 0x53, 0x99, 0x42, 0x3F, 0xF0, 0xEE, 0x91, 0x51, 0xBF
	.byte 0x40, 0x13, 0x42, 0x7F, 0x11, 0x00, 0x30, 0x00, 0x03, 0x01, 0x14, 0x11, 0x21, 0x00, 0x13, 0x11
	.byte 0xC1, 0x00, 0x0E, 0x20, 0xC1, 0x13, 0x02, 0x87, 0x11, 0x21, 0xCC, 0xCC, 0x11, 0xAC, 0x00, 0xC0
	.byte 0xC1, 0x31, 0xC9, 0xDD, 0x00, 0xCA, 0x00, 0x03, 0xED, 0xDD, 0x02, 0xCC, 0xDC, 0xED, 0xDD, 0xEC
	.byte 0x0E, 0x00, 0xE3, 0xED, 0x4B, 0x0E, 0x00, 0xE7, 0xED, 0x00, 0x00, 0x17, 0x0E, 0x20, 0x18, 0x00
	.byte 0x04, 0x60, 0xDD, 0x00, 0x04, 0x00, 0x03, 0xCD, 0x77, 0x66, 0x97, 0xC1, 0x00, 0x67, 0x66, 0x96
	.byte 0xC1, 0x6E, 0x66, 0x19, 0xC1, 0x09, 0xE0, 0x99, 0x14, 0xC1, 0x00, 0x67, 0xC1, 0x0E, 0x00, 0x03
	.byte 0x43, 0xEC, 0x00, 0x03, 0xCC, 0x0E, 0x13, 0xC1, 0x10, 0xEF, 0x50, 0xFB, 0xD5, 0xF0, 0x03, 0x61
	.byte 0xCB, 0xD0, 0x00, 0x03, 0xCE, 0x00, 0x03, 0xCD, 0x11, 0x52, 0xB1, 0x00, 0x0E, 0xDC, 0x00, 0x0E
	.byte 0x00, 0x03, 0xCD, 0xBD, 0xCC, 0x01, 0x24, 0x75, 0xDC, 0x00, 0x3F, 0x00, 0xEE, 0x20, 0x2F, 0x4D
	.byte 0x00, 0x24, 0x9B, 0x43, 0x23, 0xF5, 0xF4, 0x3C, 0xF0, 0x01, 0x10, 0xE3, 0xC0, 0x03, 0x21, 0x00
	.byte 0x03, 0x11, 0x10, 0x03, 0xA7, 0x01, 0x03, 0x11, 0x01, 0xB5, 0x99, 0xCC, 0x02, 0x2F, 0x00, 0xDA
	.byte 0x00, 0x03, 0xA0, 0x10, 0xE3, 0x9D, 0x00, 0x03, 0xDD, 0x0E, 0xC1, 0xCC, 0xDC, 0x62, 0x9D, 0x01
	.byte 0x13, 0x00, 0xE2, 0xDD, 0xDD, 0xE9, 0x00, 0x03, 0x00, 0x5D, 0xD9, 0x00, 0x03, 0x90, 0x00, 0x03
	.byte 0x00, 0x08, 0x00, 0xA3, 0xED, 0x01, 0x16, 0x00, 0x2E, 0xED, 0x99, 0x2E, 0x11, 0xCC, 0x4C, 0x11
	.byte 0x26, 0xC1, 0xCD, 0x00, 0x03, 0xDD, 0x1E, 0x30, 0x03, 0x03, 0xD7, 0xDB, 0x6E, 0x2E, 0x00, 0x03
	.byte 0x00, 0x5E, 0xDC, 0x00, 0x6A, 0x12, 0xE2, 0xD0, 0xF3, 0xEE, 0x07, 0x9D, 0xEE, 0xEE, 0xCC, 0x9D
	.byte 0x00, 0x53, 0x10, 0x03, 0x00, 0xEE, 0x00, 0x2D, 0x00, 0xCE, 0xCC, 0x2D, 0xE0, 0xCC, 0xDC, 0x00
	.byte 0x42, 0xCE, 0xCC, 0xDD, 0x92, 0xCC, 0xDC, 0x2D, 0x00, 0x04, 0xDC, 0xDD, 0x2D, 0x09, 0xDD, 0xDD
	.byte 0x92, 0x7F, 0x00, 0x00, 0x06, 0x64, 0x1B, 0xF0, 0x01, 0xF0, 0x01, 0xF0, 0x01, 0x14, 0xA5, 0x41
	.byte 0xF3, 0xDB, 0x11, 0xFB, 0x24, 0x87, 0x40, 0x00, 0x03, 0x24, 0xBB, 0x90, 0x10, 0x1E, 0x21, 0xFB
	.byte 0xE0, 0x00, 0xAC, 0xD0, 0x01, 0x00, 0x36, 0x21, 0x90, 0x24, 0x22, 0x22, 0x20, 0xCC, 0x12, 0xE0
	.byte 0x1A, 0x22, 0x11, 0x21, 0x22, 0x22, 0x80, 0x00, 0x01, 0xDD, 0x22, 0xD2, 0xDD, 0xDD, 0x11, 0x11
	.byte 0x00, 0xC2, 0xDD, 0x11, 0x21, 0xD2, 0xDD, 0x11, 0x22, 0x03, 0xDC, 0xDD, 0x22, 0xC2, 0xDD, 0x9D
	.byte 0x00, 0x06, 0x00, 0xBB, 0x02, 0x9D, 0x00, 0xDD, 0xED, 0x09, 0x00, 0x00, 0x02, 0x00, 0x74, 0xDE
	.byte 0x00, 0xE3, 0x01, 0x3A, 0x10, 0x03, 0x2C, 0x00, 0x06, 0x94, 0xEE, 0x72, 0x99, 0x12, 0xAD, 0x70
	.byte 0x01, 0x00, 0xE6, 0x00, 0x2C, 0x00, 0x27, 0x94, 0xFE, 0xF0, 0xB9, 0xF0, 0x01, 0xF0, 0x01, 0xF0
	.byte 0x01, 0xF0, 0x01, 0xF0, 0x01, 0x90, 0x01, 0x90, 0x78, 0x49, 0x01, 0xCF, 0x31, 0x0B, 0xF0, 0x01
	.byte 0x00, 0x9F, 0xDD, 0xDD, 0xED, 0x7F, 0x99, 0xC0, 0xB3, 0x90, 0x01, 0xF1, 0x9B, 0xF0, 0x01, 0xF0
	.byte 0x01, 0xF0, 0x01, 0xF0, 0x01, 0xF0, 0xF0, 0x01, 0xF0, 0x01, 0xF0, 0x01, 0xD0, 0x01, 0x00, 0x00

  .globl gMonPalette_Dragonair
gMonPalette_Dragonair:
  .incbin "build/graphics/pokemon/dragonair/normal_palette.gbapal.lz"

  .globl gMonBackPic_Dragonair
gMonBackPic_Dragonair:
  .incbin "build/graphics/pokemon/dragonair/back.4bpp.lz"

  .globl gMonShinyPalette_Dragonair
gMonShinyPalette_Dragonair:
  .incbin "build/graphics/pokemon/dragonair/shiny_palette.gbapal.lz"

	.globl gMonIcon_Dragonair
gMonIcon_Dragonair: @ 0x08C96DCC [148]
  .incbin "build/graphics/pokemon/dragonair/icon.4bpp"
	@ analyzed canonical ROM range 0x08C971CC-0x08C9775B
	@ structured u8 payload; no safe higher-level semantic type was provable
	.byte 0x00, 0x00, 0x00, 0x00, 0x00, 0x00, 0x00, 0x00, 0x00, 0x00, 0x00, 0x00, 0x00, 0x00, 0x00, 0x00
	.byte 0x00, 0x00, 0x00, 0x00, 0x00, 0x00, 0x00, 0x00, 0x00, 0x00, 0x00, 0x00, 0x00, 0x00, 0x00, 0x00
	.byte 0x10, 0x00, 0x08, 0x00, 0x3C, 0x00, 0x00, 0xF0, 0x01, 0xF0, 0x01, 0xF0, 0x01, 0x50, 0x01, 0xD0
	.byte 0x0D, 0x0A, 0x00, 0x00, 0xFD, 0xDF, 0x00, 0x07, 0xCC, 0x00, 0x08, 0xCE, 0x00, 0xDC, 0xCD, 0x00
	.byte 0xE0, 0xCD, 0xCC, 0x00, 0x00, 0x20, 0xE0, 0xEE, 0xD0, 0x27, 0xDD, 0xEE, 0x00, 0x54, 0xFF, 0x00
	.byte 0xCF, 0x5D, 0x33, 0xED, 0xCE, 0xDF, 0x32, 0x0E, 0x00, 0xD5, 0xEC, 0x22, 0x00, 0x25, 0x4E, 0x22
	.byte 0x50, 0x00, 0x24, 0x22, 0x22, 0x00, 0xE5, 0x00, 0x00, 0x50, 0x00, 0x44, 0x0E, 0x00, 0x55, 0x55
	.byte 0xE5, 0xDE, 0x33, 0x00, 0xD3, 0xFE, 0xFF, 0x33, 0xFD, 0xDC, 0xEE, 0xD3, 0x00, 0xDC, 0x4E, 0x44
	.byte 0xD3, 0x3D, 0x44, 0x44, 0x33, 0x19, 0x33, 0x44, 0x44, 0x50, 0x3F, 0x00, 0x5D, 0x00, 0xEC, 0x00
	.byte 0x03, 0x04, 0xFF, 0x0E, 0x00, 0x00, 0xCD, 0x00, 0x08, 0xDE, 0xCC, 0x0C, 0xDD, 0x00, 0x05, 0xCE
	.byte 0x00, 0x04, 0xF0, 0x92, 0x00, 0xD0, 0xA1, 0x00, 0x23, 0xDD, 0x00, 0x23, 0xCC, 0x0E, 0x00, 0x54
	.byte 0xF0, 0x1D, 0xF4, 0xF0, 0x01, 0xF0, 0x01, 0xF0, 0x01, 0x40, 0x01, 0x50, 0x00, 0x02, 0x34, 0x00
	.byte 0x00, 0x00, 0x34, 0x53, 0x00, 0x40, 0x53, 0x75, 0x00, 0x10, 0x34, 0x75, 0x77, 0x30, 0x15, 0x55
	.byte 0x55, 0x50, 0x45, 0x00, 0x44, 0x44, 0x44, 0x54, 0x55, 0x55, 0x53, 0x75, 0x00, 0x77, 0xE7, 0x75
	.byte 0x77, 0x77, 0x2E, 0x77, 0x77, 0x00, 0x77, 0x25, 0x66, 0x66, 0x57, 0x22, 0x50, 0x33, 0x01, 0x22
	.byte 0x32, 0xF5, 0x3E, 0x33, 0x33, 0x54, 0x00, 0x03, 0x06, 0xE5, 0x33, 0x33, 0x33, 0x32, 0x80, 0x03
	.byte 0x30, 0x01, 0x43, 0x00, 0x44, 0x33, 0x55, 0x45, 0x44, 0xE3, 0xED, 0x5F, 0x25, 0x44, 0xF3, 0x00
	.byte 0x03, 0xE3, 0xEE, 0x10, 0x03, 0x4F, 0x00, 0xFB, 0xEB, 0x00, 0x17, 0x10, 0x52, 0x01, 0x4F, 0xE4
	.byte 0x01, 0x4F, 0xE4, 0x00, 0x66, 0x10, 0x03, 0x9C, 0x10, 0xD0, 0x44, 0x05, 0x00, 0x03, 0x00, 0xE3
	.byte 0x10, 0x03, 0xEC, 0x00, 0x10, 0x50, 0x33, 0x0E, 0x00, 0x03, 0x00, 0x00, 0x40, 0x43, 0x08, 0x00
	.byte 0x00, 0x35, 0x53, 0x00, 0x9B, 0x85, 0x00, 0x50, 0x20, 0x53, 0x87, 0x00, 0x9F, 0x87, 0x00, 0x35
	.byte 0x75, 0x87, 0xEA, 0x00, 0x22, 0x20, 0x37, 0x10, 0x2B, 0x45, 0x00, 0x37, 0x57, 0x00, 0x0C, 0x57
	.byte 0x8C, 0x00, 0x44, 0x77, 0x45, 0x0E, 0x20, 0x03, 0xB0, 0xDB, 0x00, 0x35, 0xD8, 0x00, 0x06, 0x00
	.byte 0x43, 0x50, 0x00, 0x29, 0x40, 0x14, 0x53, 0x66, 0x66, 0x08, 0x35, 0x65, 0x66, 0x66, 0x00, 0x06
	.byte 0x66, 0x65, 0xEE, 0x2A, 0x8E, 0x66, 0x01, 0xD8, 0x88, 0x00, 0x16, 0x80, 0x20, 0x8A, 0xD0, 0x00
	.byte 0x55, 0x22, 0x66, 0x66, 0xE6, 0x32, 0x66, 0x66, 0x00, 0xE8, 0x43, 0x66, 0x88, 0x77, 0x45, 0x88
	.byte 0x77, 0x02, 0x77, 0x3E, 0x77, 0x77, 0x66, 0x56, 0x00, 0x2A, 0x66, 0x00, 0x55, 0x55, 0x55, 0x66
	.byte 0x22, 0x22, 0x33, 0x55, 0xC8, 0x50, 0xE4, 0x20, 0x01, 0x34, 0x33, 0x20, 0xD7, 0x5E, 0x44, 0x44
	.byte 0x00, 0xE5, 0x66, 0xEE, 0xEE, 0xAA, 0x55, 0x55, 0xBB, 0x4C, 0xBB, 0x00, 0xE2, 0x44, 0x54, 0x10
	.byte 0x03, 0x00, 0x04, 0x45, 0x4E, 0x12, 0x44, 0x44, 0xEE, 0x01, 0x47, 0xAA, 0x5A, 0x00, 0x03, 0xAA
	.byte 0x78, 0x45, 0x20, 0x03, 0x20, 0xEB, 0x00, 0xB3, 0x00, 0x03, 0x50, 0x44, 0x54, 0x00, 0x00, 0x35
	.byte 0x44, 0x44, 0x5E, 0x53, 0x44, 0x43, 0x20, 0xE4, 0x75, 0x00, 0x4A, 0x7E, 0x34, 0x33, 0x43, 0xE4
	.byte 0x00, 0x50, 0x53, 0x77, 0x86, 0x35, 0x75, 0x77, 0x86, 0x06, 0x53, 0x77, 0x67, 0x86, 0x75, 0x00
	.byte 0x03, 0x00, 0x7F, 0x86, 0x21, 0x77, 0x67, 0x00, 0x03, 0x66, 0x66, 0x86, 0x67, 0x00, 0x03, 0x58
	.byte 0x77, 0x00, 0xF4, 0x77, 0x00, 0xF4, 0x30, 0x03, 0x54, 0x00, 0x77, 0x05, 0x67, 0x45, 0x0E, 0x77
	.byte 0x66, 0x20, 0x03, 0x05, 0x00, 0xAA, 0xC0, 0xF2, 0x1F, 0xD0, 0x01, 0xFD, 0x35, 0x22, 0x00, 0xEE
	.byte 0x33, 0x00, 0x33, 0xD0, 0xFF, 0x35, 0x33, 0xE0, 0xFE, 0x45, 0x05, 0x33, 0x00, 0xE0, 0xD4, 0x5F
	.byte 0x00, 0x14, 0xDC, 0x52, 0xE3, 0x78, 0x22, 0x61, 0xC7, 0x10, 0xE1, 0x10, 0xCD, 0x20, 0xCE, 0x95
	.byte 0xEE, 0x5E, 0x00, 0x55, 0xBA, 0x00, 0x50, 0xFF, 0xFF, 0x33, 0x53, 0x00, 0xA9, 0xAA, 0x43, 0x95
	.byte 0x99, 0xAA, 0x54, 0xBB, 0x00, 0xBB, 0xAA, 0xF5, 0x99, 0x99, 0xB9, 0xFF, 0x99, 0x40, 0x99, 0x20
	.byte 0x01, 0xBB, 0xAB, 0x99, 0x99, 0xFF, 0x9F, 0x08, 0xBB, 0x9A, 0xBB, 0xBB, 0x10, 0xE7, 0x5A, 0x34
	.byte 0xAA, 0x00, 0xAA, 0x59, 0x33, 0x9B, 0x99, 0x59, 0x33, 0xB9, 0x04, 0x9B, 0x59, 0x33, 0x99, 0xB9
	.byte 0x00, 0x03, 0x99, 0x5B, 0xBD, 0x00, 0x03, 0x59, 0x10, 0x57, 0x01, 0x33, 0x00, 0x5B, 0x00, 0x04
	.byte 0x53, 0x00, 0x03, 0x48, 0xE3, 0x40, 0x03, 0x33, 0x4E, 0x00, 0x03, 0xE4, 0x34, 0x33, 0x00, 0x85
	.byte 0xEE, 0x66, 0x86, 0x54, 0x00, 0x6E, 0x78, 0x00, 0x44, 0x05, 0x80, 0x78, 0x43, 0xE4, 0x00, 0xE8
	.byte 0x06, 0x43, 0x44, 0x0E, 0x0E, 0x33, 0x01, 0x2C, 0x00, 0x8B, 0x0E, 0xA0, 0x00, 0x3A, 0xE4, 0x00
	.byte 0xE3, 0xE4, 0xE7, 0x6E, 0x56, 0xE4, 0x15, 0x0E, 0x80, 0x76, 0x01, 0x45, 0x78, 0x00, 0x03, 0x7E
	.byte 0x40, 0x03, 0x40, 0x70, 0x00, 0x03, 0x50, 0x54, 0xD0, 0x0D, 0xDD, 0x00, 0x00, 0xD0, 0xEF, 0xFD
	.byte 0x0E, 0xDD, 0xCF, 0xFD, 0xEC, 0x00, 0xDD, 0xFF, 0xFD, 0xDC, 0xFE, 0xDD, 0x53, 0x55, 0x85, 0x00
	.byte 0xE6, 0x33, 0x4E, 0x44, 0x34, 0x00, 0x03, 0x44, 0x02, 0x57, 0xE0, 0x20, 0x01, 0x01, 0x27, 0x00
	.byte 0xFB, 0x45, 0x22, 0x53, 0x50, 0x22, 0x00, 0x22, 0x53, 0x25, 0x22, 0x32, 0x95, 0x25, 0x32, 0x00
	.byte 0x33, 0xB5, 0x53, 0x33, 0x53, 0x99, 0x00, 0xF5, 0x00, 0xFF, 0xFF, 0x55, 0xFF, 0xFF, 0xFF, 0xA5
	.byte 0xBB, 0x2A, 0xAB, 0xF9, 0x00, 0x06, 0xBA, 0x10, 0x04, 0x99, 0x10, 0x03, 0x99, 0x00, 0xFF, 0xF9
	.byte 0xBB, 0x99, 0x99, 0x9F, 0xFF, 0xFF, 0x20, 0x9F, 0xB9, 0x20, 0x0D, 0x9F, 0x9F, 0x99, 0xBB, 0xF9
	.byte 0x80, 0x00, 0x07, 0xBB, 0x9B, 0x99, 0x9F, 0x9F, 0xB9, 0x9B, 0xB6, 0x00, 0x0A, 0xB9, 0x11, 0x07
	.byte 0xB0, 0xF3, 0x35, 0x60, 0x03, 0x00, 0x12, 0x33, 0x19, 0x55, 0x55, 0x35, 0x00, 0xC2, 0x00, 0xE8
	.byte 0x44, 0x54, 0x01, 0x01, 0x5D, 0xE4, 0x12, 0x3A, 0x35, 0x12, 0x3E, 0x20, 0xDB, 0x10, 0x03, 0x44
	.byte 0x20, 0xE3, 0xF0, 0x00, 0x1C, 0x34, 0x2B, 0x00, 0x13, 0x22, 0x4A, 0x5E, 0x44, 0x54, 0xCE, 0x01
	.byte 0xD0, 0x55, 0x55, 0xEC, 0xD0, 0xCF, 0xFE, 0x14, 0x32, 0x7D, 0x05, 0x12, 0xCC, 0x12, 0xE9, 0x10
	.byte 0x03, 0x10, 0x10, 0x50, 0x03, 0xED, 0x02, 0xE7, 0xC2, 0x10, 0xE3, 0x10, 0x03, 0x50, 0x44, 0x44
	.byte 0x34, 0x10, 0x03, 0xE0, 0xD7, 0x00, 0x40, 0x10, 0x03, 0x00, 0x02, 0x7A, 0x00, 0x00, 0x18, 0x10
	.byte 0xE3, 0x30, 0x03, 0x00, 0x54, 0x99, 0x33, 0x45, 0x54, 0x9A, 0x33, 0x4E, 0x2A, 0x54, 0xAB, 0x00
	.byte 0x03, 0xBA, 0x00, 0x03, 0xAA, 0x00, 0x38, 0xA5, 0x17, 0x99, 0xBB, 0x9A, 0x00, 0xC5, 0xB9, 0x01
	.byte 0xCD, 0x30, 0x01, 0x00, 0x0D, 0x01, 0xA9, 0xAB, 0xAA, 0xAA, 0xAA, 0xBA, 0xBB, 0x00, 0x04, 0x24
	.byte 0xAA, 0xBB, 0x01, 0x02, 0x99, 0x55, 0x00, 0x02, 0x23, 0xBB, 0x10, 0x5B, 0x33, 0x22, 0x00, 0xD6
	.byte 0x22, 0x5A, 0x33, 0x33, 0x08, 0xDD, 0x5A, 0x33, 0xD3, 0x02, 0x4D, 0xF5, 0xCF, 0x35, 0x10, 0x53
	.byte 0x53, 0xDC, 0x01, 0xD5, 0x35, 0x22, 0x32, 0x33, 0x52, 0x53, 0x03, 0x2B, 0x33, 0x10, 0x03, 0x2D
	.byte 0xDD, 0x00, 0x20, 0xEC, 0x10, 0x33, 0x43, 0xFD, 0x00, 0x03, 0xFF, 0xEC, 0xDD, 0x44, 0xBE, 0x02
	.byte 0x52, 0x0E, 0x00, 0x8E, 0x20, 0x03, 0x10, 0x92, 0x00, 0xDE, 0x40, 0x03, 0xE4, 0x83, 0x20, 0x03
	.byte 0xD0, 0xEF, 0xD0, 0xDD, 0xE0, 0x73, 0xC6, 0x13, 0xC3, 0x91, 0x43, 0xC7, 0x00, 0x3E, 0x20, 0x03
	.byte 0x50, 0x45, 0xE4, 0x04, 0x9B, 0x63, 0xE4, 0x00, 0x3B, 0x00, 0x43, 0x54, 0x00, 0x43, 0x12, 0x1B
	.byte 0x03, 0x54, 0x79, 0x33, 0x04, 0x10, 0x10, 0x03, 0x10, 0xE3, 0x03, 0x59, 0x44, 0x00, 0x00, 0xF4
	.byte 0xF8, 0x01, 0xE3, 0x00, 0x03, 0xB5, 0xBB, 0x10, 0xE3, 0x00, 0x03, 0x54, 0x33, 0x45, 0x05, 0x44
	.byte 0x54, 0x53, 0xE0, 0x45, 0x00, 0x31, 0x50, 0xA0, 0x1F, 0xB0, 0x00, 0xE4, 0x5A, 0x10, 0x03, 0x00
	.byte 0xEE, 0x5A, 0xA5, 0xBB, 0xAA, 0x00, 0x5A, 0x5E, 0xAA, 0xBB, 0x5B, 0x00, 0xA5, 0xAA, 0x04, 0xEA
	.byte 0x00, 0xE0, 0xA5, 0xEA, 0x00, 0x8A, 0xEE, 0x33, 0x0A, 0x35, 0x33, 0x55, 0x53, 0x01, 0x98, 0x53
	.byte 0x01, 0x9F, 0x35, 0xF8, 0x00, 0xCC, 0x10, 0x03, 0x14, 0xD7, 0x10, 0x03, 0x13, 0x2E, 0xFF, 0xEC
	.byte 0xEF, 0x00, 0x44, 0xC5, 0xFE, 0xEF, 0x44, 0x54, 0xF5, 0xEC, 0xF9, 0x15, 0x3F, 0x43, 0x3E, 0x15
	.byte 0x4C, 0x00, 0x98, 0x10, 0x0A, 0x44, 0x54, 0x00, 0xB7, 0x23, 0x45, 0x05, 0x00, 0x0F, 0xE4, 0x44
	.byte 0xE4, 0x40, 0x1E, 0x00, 0x1A, 0xF8, 0x10, 0x0A, 0x00, 0x06, 0x16, 0x1F, 0x30, 0xE7, 0x00, 0xF3
	.byte 0x5E, 0x00, 0xE0, 0x3F, 0x33, 0x44, 0x02, 0x33, 0x22, 0x09, 0x23, 0x8A, 0x10, 0x67, 0x10, 0xEB
	.byte 0x10, 0x03, 0xBF, 0x10, 0xF7, 0xE4, 0x20, 0xFF, 0x51, 0x3B, 0x24, 0x5C, 0xF0, 0x01, 0xF0, 0x01
	.byte 0xF0, 0x01, 0xBF, 0x90, 0x01, 0xE0, 0x40, 0x03, 0xF0, 0x01, 0x00, 0x01, 0x10, 0x88, 0x10, 0x03
	.byte 0x40, 0xD1, 0x46, 0x44, 0x01, 0x6A, 0xE5, 0x00, 0xEE, 0x71, 0x42, 0x00, 0xC8, 0xE4, 0x80, 0x00
	.byte 0x18, 0xBE, 0xE4, 0x44, 0xE5, 0xAB, 0x55, 0xE5, 0x00, 0xAB, 0xAA, 0xE0, 0xAE, 0xAA, 0xBB, 0x00
	.byte 0xE0, 0x3D, 0x5E, 0xAA, 0x00, 0x1A, 0x20, 0x24, 0x10, 0xC3, 0x11, 0x15, 0xAA, 0x06, 0x23, 0xA0
	.byte 0x01, 0x5E, 0x55, 0x02, 0x59, 0xAB, 0xAA, 0xBB, 0xAB, 0xAA, 0x27, 0xEE, 0xA5, 0x10, 0x27, 0xEE
	.byte 0xEE, 0x50, 0xE7, 0x10, 0x01, 0x10, 0x63, 0x40, 0x5A, 0x05, 0x78, 0xAB, 0xBA, 0xAA, 0xE5, 0xAA
	.byte 0xEB, 0x7E, 0xEE, 0x20, 0x40, 0x10, 0xE3, 0x01, 0xFA, 0x35, 0x43, 0x01, 0xEE, 0xD7, 0x98, 0x00

  .globl gMonPalette_Dragonite
gMonPalette_Dragonite:
  .incbin "build/graphics/pokemon/dragonite/normal_palette.gbapal.lz"

  .globl gMonBackPic_Dragonite
gMonBackPic_Dragonite:
  .incbin "build/graphics/pokemon/dragonite/back.4bpp.lz"

  .globl gMonShinyPalette_Dragonite
gMonShinyPalette_Dragonite:
  .incbin "build/graphics/pokemon/dragonite/shiny_palette.gbapal.lz"

	.globl gMonIcon_Dragonite
gMonIcon_Dragonite: @ 0x08C97AA8 [149]
  .incbin "build/graphics/pokemon/dragonite/icon.4bpp"
	@ analyzed canonical ROM range 0x08C97EA8-0x08C98303
	@ structured u8 payload; no safe higher-level semantic type was provable
	.byte 0x00, 0x00, 0xA0, 0xB0, 0xB0, 0xF8, 0xF8, 0xF8, 0x00, 0x01, 0x0B, 0x1B, 0x1B, 0x3F, 0x3F, 0x3F
	.byte 0xF8, 0xF0, 0xF0, 0xF0, 0xF0, 0xE0, 0xE0, 0xC0, 0x3F, 0x1F, 0x1F, 0x1F, 0x1F, 0x0F, 0x0F, 0x07
	.byte 0x10, 0x00, 0x08, 0x00, 0x3F, 0x00, 0x00, 0xF0, 0x01, 0xF0, 0x01, 0xF0, 0x01, 0xF0, 0x01, 0xF0
	.byte 0x01, 0xF0, 0x01, 0x80, 0x10, 0x01, 0x43, 0x00, 0x00, 0x30, 0xFF, 0x43, 0x00, 0x01, 0xF3, 0xFF
	.byte 0xFF, 0x00, 0xF4, 0x11, 0xF1, 0xF0, 0x1F, 0x00, 0x30, 0x33, 0x00, 0x33, 0xF2, 0x1F, 0x3E, 0xFF
	.byte 0x19, 0xFF, 0xFF, 0x2F, 0x10, 0x23, 0x10, 0x12, 0x33, 0x04, 0x00, 0x32, 0x00, 0x41, 0x00, 0x30
	.byte 0x1F, 0x41, 0x00, 0x13, 0x11, 0x00, 0x41, 0x00, 0x11, 0x31, 0x41, 0x00, 0x1F, 0x11, 0x5F, 0x43
	.byte 0x00, 0x03, 0x41, 0xF0, 0x3E, 0xF0, 0x01, 0xF0, 0x01, 0xF0, 0x01, 0xF0, 0x01, 0x14, 0x00, 0x00
	.byte 0x80, 0x00, 0x03, 0x67, 0xC0, 0x12, 0x77, 0x00, 0x10, 0x80, 0x67, 0x66, 0x00, 0x02, 0x77, 0x67
	.byte 0x66, 0x76, 0x08, 0xE8, 0x66, 0x66, 0xE8, 0x60, 0x19, 0x88, 0x88, 0x08, 0x00, 0x00, 0x66, 0x66
	.byte 0x77, 0x07, 0x66, 0x77, 0x77, 0x05, 0x77, 0x8E, 0x00, 0x8E, 0x77, 0x00, 0x12, 0x7E, 0x00, 0x03
	.byte 0x00, 0xE0, 0x00, 0x40, 0x11, 0x11, 0x00, 0x00, 0x14, 0xA2, 0x40, 0x03, 0x40, 0x00, 0x03, 0x00
	.byte 0x13, 0x08, 0x00, 0x0C, 0x87, 0xC0, 0x00, 0xE8, 0x00, 0x03, 0x40, 0x11, 0x31, 0xFF, 0xFF, 0x11
	.byte 0x30, 0x11, 0x12, 0x00, 0x03, 0x60, 0x01, 0x22, 0x11, 0x11, 0xF1, 0x08, 0xFF, 0x11, 0x31, 0x14
	.byte 0x00, 0x13, 0x34, 0xF4, 0x1F, 0x14, 0x11, 0xF1, 0x04, 0x00, 0x0F, 0x42, 0x00, 0x03, 0xEF, 0x11
	.byte 0x20, 0x11, 0x21, 0x10, 0x03, 0x4F, 0x12, 0x11, 0x11, 0x17, 0x00, 0x3F, 0x11, 0x11, 0x48, 0x1F
	.byte 0x11, 0x11, 0x42, 0xF0, 0xF0, 0xB6, 0xF0, 0x01, 0xF0, 0x01, 0x90, 0x01, 0x70, 0x65, 0x00, 0x00
	.byte 0x00, 0x57, 0x55, 0x00, 0x00, 0x58, 0x55, 0x00, 0x80, 0x00, 0x66, 0x65, 0x00, 0xE0, 0x66, 0x66
	.byte 0x00, 0xE0, 0x50, 0x67, 0x00, 0x03, 0x77, 0x00, 0xC3, 0x7E, 0x77, 0x66, 0x76, 0x10, 0x0E, 0x00
	.byte 0x66, 0x00, 0xA8, 0x66, 0xE7, 0x00, 0x00, 0x6A, 0x76, 0x00, 0xB8, 0x00, 0x0E, 0x00, 0x00, 0x0E
	.byte 0x00, 0x00, 0x0E, 0x00, 0xED, 0x00, 0x0A, 0x51, 0x27, 0x50, 0x01, 0x33, 0x00, 0xD6, 0x00, 0xE3
	.byte 0x13, 0x01, 0xB7, 0x80, 0x10, 0x03, 0x40, 0x11, 0x77, 0x08, 0x00, 0x40, 0x78, 0x10, 0x08, 0x00
	.byte 0x14, 0x00, 0x03, 0x13, 0x74, 0xE7, 0x40, 0x20, 0x11, 0x7E, 0x00, 0x03, 0xE1, 0xE7, 0x40, 0x21
	.byte 0xE1, 0x00, 0xE7, 0x00, 0x23, 0xEE, 0x87, 0x00, 0x44, 0x11, 0x00, 0x11, 0x5E, 0x4E, 0x14, 0x11
	.byte 0xE8, 0xF7, 0xF4, 0xC0, 0x00, 0xF8, 0x00, 0xEC, 0x11, 0x42, 0xEE, 0x24, 0x11, 0xE2, 0x00, 0x00
	.byte 0x40, 0x22, 0x42, 0x44, 0x34, 0x22, 0x14, 0x00, 0x11, 0x31, 0x23, 0x3F, 0xFF, 0x11, 0x41, 0x34
	.byte 0x40, 0xFF, 0x01, 0x05, 0xFF, 0x3F, 0x11, 0x31, 0x33, 0x1F, 0x00, 0x41, 0x12, 0x11, 0xEE, 0x04
	.byte 0x44, 0xEE, 0x00, 0x21, 0x00, 0x04, 0x02, 0x14, 0x42, 0x44, 0xFF, 0x4F, 0x10, 0x74, 0xFB, 0x10
	.byte 0x87, 0x40, 0x8B, 0xF0, 0x01, 0xF0, 0x01, 0xC0, 0x01, 0xE0, 0x00, 0x4D, 0xF0, 0x01, 0xE8, 0xF0
	.byte 0x01, 0xF0, 0x01, 0x40, 0x3F, 0x4E, 0x02, 0x26, 0x2E, 0x00, 0x30, 0x00, 0xE3, 0x2E, 0x00, 0x13
	.byte 0xE1, 0x22, 0x40, 0xF1, 0x20, 0x1F, 0x23, 0x10, 0x03, 0x00, 0x14, 0xE1, 0x22, 0x80, 0x00, 0xE6
	.byte 0xEE, 0x4E, 0xE2, 0x0E, 0xE0, 0x3E, 0x22, 0x01, 0x0E, 0x14, 0x41, 0x22, 0x42, 0xFF, 0x21, 0x20
	.byte 0x03, 0x00, 0x22, 0x14, 0xE2, 0x22, 0x22, 0x42, 0x24, 0xE2, 0x00, 0x24, 0x42, 0xEE, 0x2E, 0x42
	.byte 0xEE, 0x00, 0x31, 0x00, 0x43, 0x11, 0x31, 0xF3, 0xFF, 0x12, 0x11, 0xFE, 0x00, 0x2F, 0x14, 0x11
	.byte 0x1E, 0x42, 0x13, 0x11, 0x32, 0x01, 0x44, 0x42, 0x11, 0x0E, 0x00, 0x24, 0x24, 0x01, 0x3B, 0x80
	.byte 0x02, 0xDC, 0x40, 0x12, 0x22, 0x12, 0xFF, 0x41, 0x22, 0x00, 0x11, 0xFF, 0x31, 0x11, 0x13, 0x11
	.byte 0xE1, 0x11, 0x40, 0x21, 0x00, 0x03, 0x31, 0x22, 0x0E, 0x22, 0x33, 0x33, 0x07, 0x0E, 0xEE, 0x22
	.byte 0x22, 0x0E, 0x02, 0x2A, 0x00, 0x7B, 0xF0, 0x01, 0xFD, 0xF0, 0x01, 0xF0, 0x01, 0xF0, 0x01, 0xF0
	.byte 0x01, 0xF0, 0x01, 0xF0, 0x01, 0x80, 0x02, 0xF4, 0x50, 0x70, 0x00, 0x03, 0x67, 0x00, 0x03, 0x68
	.byte 0x66, 0x66, 0x76, 0xAB, 0x40, 0x03, 0x66, 0x10, 0x03, 0x78, 0x00, 0x03, 0xE4, 0x01, 0x5D, 0x02
	.byte 0x36, 0xF0, 0x20, 0x03, 0x12, 0x37, 0x10, 0x03, 0x02, 0x13, 0x00, 0x76, 0x87, 0x08, 0x05, 0x40
	.byte 0x66, 0x76, 0x87, 0xF4, 0x00, 0x0E, 0x14, 0x30, 0x03, 0x00, 0x40, 0x12, 0x00, 0x40, 0x44, 0x13
	.byte 0x40, 0xF3, 0x1B, 0x1F, 0x31, 0xF4, 0x03, 0x12, 0x03, 0xFE, 0x1F, 0x10, 0x03, 0x02, 0x16, 0x40
	.byte 0xE2, 0x30, 0x03, 0x72, 0x28, 0x11, 0x21, 0x56, 0x45, 0x00, 0x11, 0x71, 0x55, 0x55, 0x13, 0x82
	.byte 0x55, 0x55, 0x41, 0x23, 0x00, 0x03, 0x31, 0x68, 0x56, 0x55, 0x04, 0x00, 0x3C, 0x80, 0x13, 0x04
	.byte 0x2E, 0xE4, 0x00, 0x00, 0x4E, 0x22, 0xE4, 0x20, 0x0E, 0x44, 0x01, 0x5C, 0x85, 0x24, 0x22, 0x22
	.byte 0x85, 0x01, 0x42, 0x22, 0x42, 0x66, 0x28, 0x24, 0x44, 0xD0, 0xAF, 0xAB, 0x12, 0x27, 0xE2, 0x00
	.byte 0x03, 0x22, 0x00, 0x08, 0x22, 0x10, 0x08, 0xF0, 0x01, 0xEC, 0xF0, 0x01, 0xF0, 0x01, 0x60, 0x01
	.byte 0x77, 0x00, 0xE3, 0x04, 0x0F, 0x66, 0xE0, 0xA1, 0x00, 0x08, 0xE0, 0x01, 0x05, 0x00, 0x78, 0x77
	.byte 0x67, 0x03, 0x36, 0x40, 0x77, 0x63, 0x3F, 0x66, 0x66, 0xF3, 0x66, 0x66, 0x46, 0xA0, 0x10, 0x03
	.byte 0xFF, 0x40, 0x03, 0xF1, 0x77, 0x66, 0x46, 0x11, 0x13, 0x77, 0x77, 0x47, 0x00, 0x03, 0x77, 0x13
	.byte 0x50, 0xE7, 0x00, 0x03, 0xA5, 0x00, 0xF3, 0x1F, 0x00, 0x03, 0x11, 0x11, 0x00, 0x02, 0x21, 0x00
	.byte 0xF3, 0x4A, 0xE1, 0x00, 0x03, 0x7E, 0x41, 0x01, 0x48, 0x41, 0x00, 0x5F, 0x41, 0xAC, 0x00, 0x48
	.byte 0x73, 0x00, 0x03, 0x64, 0x41, 0x5B, 0x00, 0x58, 0x76, 0x77, 0x10, 0x77, 0x66, 0x87, 0x00, 0xE3
	.byte 0x12, 0x66, 0x28, 0xE2, 0x98, 0x10, 0x03, 0xEE, 0x86, 0x00, 0xD0, 0x10, 0x03, 0x28, 0x22, 0x04
	.byte 0xAB, 0x00, 0x03, 0x0E, 0x20, 0xDF, 0x24, 0x00, 0x03, 0xE4, 0x02, 0x49, 0x10, 0xEF, 0xFD, 0xF2
	.byte 0xE8, 0xF0, 0x01, 0xF0, 0x01, 0xF0, 0x01, 0xC2, 0xFF, 0x14, 0xEB, 0x8E, 0xF0, 0x17, 0x89, 0x41
	.byte 0x1F, 0x77, 0x77, 0x14, 0x00, 0x03, 0x47, 0x8E, 0x00, 0x03, 0x0D, 0x00, 0xEE, 0x78, 0x47, 0x00
	.byte 0x2F, 0x02, 0xDB, 0x00, 0x12, 0xDF, 0xA0, 0x04, 0x27, 0x30, 0x10, 0xE6, 0x77, 0x11, 0x21, 0x7E
	.byte 0x77, 0x11, 0x22, 0xE2, 0x77, 0x30, 0x03, 0xEE, 0xEE, 0xEE, 0x10, 0xAB, 0x58, 0x21, 0x00, 0x03
	.byte 0x11, 0x02, 0xDD, 0x00, 0x3B, 0x28, 0x77, 0x77, 0x00, 0xE7, 0x22, 0x77, 0xE7, 0x2E, 0x22, 0xEE
	.byte 0x0E, 0x00, 0x2E, 0x22, 0x00, 0xE0, 0x22, 0x22, 0x00, 0x2E, 0x81, 0x00, 0x03, 0x34, 0x23, 0x22
	.byte 0xE0, 0x22, 0x32, 0x03, 0x05, 0xFC, 0x31, 0xFF, 0x12, 0x07, 0x11, 0xDB, 0x10, 0x0B, 0x10, 0x03
	.byte 0x01, 0x02, 0x00, 0x22, 0x7F, 0x42, 0x10, 0x15, 0xF0, 0x01, 0xF0, 0x01, 0xF0, 0x01, 0xF0, 0x01
	.byte 0xF0, 0x01, 0xF0, 0x01, 0xC0, 0xF0, 0x01, 0x65, 0xFB, 0x40, 0x13, 0x11, 0x40, 0x14, 0x11, 0x04
	.byte 0x33, 0xF4, 0x1F, 0x41, 0xF1, 0x10, 0x03, 0x14, 0x21, 0x00, 0x44, 0x22, 0xE0, 0xEE, 0x0E, 0xEE
	.byte 0x11, 0x24, 0x35, 0x0E, 0x00, 0x60, 0x03, 0x00, 0xB8, 0x1F, 0x01, 0xAF, 0x1F, 0x10, 0xBB, 0xDE
	.byte 0x41, 0xAF, 0x10, 0xE3, 0x00, 0x01, 0x12, 0x00, 0x0A, 0xF1, 0xBE, 0x00, 0x01, 0x12, 0x04, 0x11
	.byte 0x31, 0xEE, 0x21, 0x33, 0x02, 0x32, 0xFF, 0x14, 0x05, 0xFF, 0x1E, 0xFF, 0x2E, 0x11, 0x01, 0x25
	.byte 0xEE, 0xD4, 0xD1, 0xC0, 0x55, 0x1F, 0xF5, 0x23, 0x00, 0x00, 0x00, 0x00

  .globl gMonPalette_Mewtwo
gMonPalette_Mewtwo:
  .incbin "build/graphics/pokemon/mewtwo/normal_palette.gbapal.lz"
  .space 0x2, 0x00
  .globl gMonBackPic_Mewtwo
gMonBackPic_Mewtwo:
  .incbin "build/graphics/pokemon/mewtwo/back.4bpp.lz"

  .globl gMonShinyPalette_Mewtwo
gMonShinyPalette_Mewtwo:
  .incbin "build/graphics/pokemon/mewtwo/shiny_palette.gbapal.lz"
  .space 0x2, 0x00
	.globl gMonIcon_Mewtwo
gMonIcon_Mewtwo: @ 0x08C98718 [150]
  .incbin "build/graphics/pokemon/mewtwo/icon.4bpp"
	@ analyzed canonical ROM range 0x08C98B18-0x08C98DB7
	@ structured u8 payload; no safe higher-level semantic type was provable
	.byte 0x60, 0xF0, 0xF0, 0xF0, 0xF0, 0xE0, 0xE0, 0xE0, 0x00, 0x0C, 0x1E, 0x1E, 0x0F, 0x0F, 0x07, 0x07
	.byte 0xC0, 0xA0, 0xB0, 0xB0, 0xA0, 0xC0, 0xC0, 0x00, 0x07, 0x03, 0x03, 0x03, 0x03, 0x03, 0x01, 0x00
	.byte 0x10, 0x00, 0x08, 0x00, 0x3F, 0x00, 0x00, 0xF0, 0x01, 0xF0, 0x01, 0xF0, 0x01, 0xF0, 0x01, 0xF0
	.byte 0x01, 0xF0, 0x01, 0xFF, 0xF0, 0x01, 0xF0, 0x01, 0xF0, 0x01, 0xF0, 0x01, 0xF0, 0x01, 0xF0, 0x01
	.byte 0xF0, 0x01, 0xF0, 0x01, 0xFF, 0xF0, 0x01, 0xF0, 0x01, 0xF0, 0x01, 0xF0, 0x01, 0xF0, 0x01, 0xF0
	.byte 0x01, 0xF0, 0x01, 0xF0, 0x01, 0xE0, 0xF0, 0x01, 0xF0, 0x01, 0x50, 0x01, 0xED, 0xEE, 0x00, 0xCE
	.byte 0xBB, 0x6F, 0xCC, 0xF0, 0x17, 0x70, 0x01, 0x0E, 0xF0, 0x12, 0xF0, 0x01, 0xF0, 0x01, 0xF0, 0x01
	.byte 0xD4, 0xF0, 0x01, 0x50, 0x01, 0xE0, 0xC0, 0x0F, 0xD0, 0x00, 0x12, 0xBC, 0x00, 0x00, 0x00, 0xBE
	.byte 0xBB, 0xE0, 0xCE, 0xBB, 0xBB, 0xAC, 0x18, 0xBA, 0xBB, 0xBB, 0x30, 0x15, 0x00, 0x89, 0xAD, 0xEB
	.byte 0x00, 0x00, 0xEE, 0xDD, 0xFB, 0x00, 0xBB, 0xBB, 0xDB, 0x0F, 0x0A, 0xBB, 0xBB, 0xBB, 0x0E, 0x00
	.byte 0x03, 0xFB, 0x00, 0x03, 0x1B, 0xE0, 0xF0, 0x3F, 0x20, 0x53, 0x60, 0x03, 0xE0, 0xBB, 0xCB, 0xCC
	.byte 0xBE, 0x01, 0xBB, 0xCC, 0xCC, 0xBD, 0xBB, 0xCC, 0xFC, 0x00, 0x0A, 0x06, 0x0F, 0xBB, 0xCB, 0xEC
	.byte 0x00, 0x00, 0x0A, 0x00, 0x03, 0x0E, 0x8F, 0x00, 0x03, 0x0F, 0x00, 0x0F, 0x00, 0x24, 0x10, 0x03
	.byte 0xF0, 0x01, 0xF0, 0x01, 0xFE, 0xF0, 0x01, 0xF0, 0x01, 0xF0, 0x01, 0x60, 0x8B, 0xF0, 0x01, 0x00
	.byte 0x01, 0x00, 0xE2, 0xBB, 0x00, 0xCC, 0xBC, 0xBB, 0xBB, 0xCE, 0xBC, 0xBB, 0xEB, 0x0A, 0xE0, 0xCC
	.byte 0xBB, 0x1E, 0x00, 0x03, 0x3E, 0x01, 0x97, 0x3E, 0x00, 0x00, 0xCF, 0xBB, 0xDB, 0x00, 0xF0, 0xCC
	.byte 0xBB, 0x00, 0xDB, 0xBB, 0xBB, 0x3B, 0xBB, 0xBD, 0xBB, 0x3B, 0x48, 0xEE, 0x00, 0x27, 0x14, 0xBE
	.byte 0x00, 0x03, 0xB1, 0xBB, 0xBB, 0x04, 0x13, 0xB1, 0xBB, 0xCB, 0xBD, 0x00, 0x36, 0xBB, 0xBB, 0x3A
	.byte 0xEB, 0xFF, 0x01, 0x19, 0x11, 0x1D, 0x21, 0xAB, 0xEC, 0x00, 0x03, 0xFC, 0x90, 0x40, 0x03, 0x0F
	.byte 0xEE, 0x00, 0x74, 0xEB, 0xE0, 0x0E, 0xBB, 0xAC, 0x00, 0x14, 0xBC, 0x00, 0x03, 0xCE, 0x10, 0x03
	.byte 0x00, 0xF3, 0xE0, 0xCC, 0x00, 0xEE, 0x0E, 0xE0, 0xCC, 0xBE, 0xFC, 0x00, 0xCE, 0x07, 0xBE, 0xFB
	.byte 0x00, 0xEE, 0xCB, 0x10, 0x2A, 0xF0, 0x01, 0xF0, 0x01, 0xF9, 0xF0, 0x01, 0xF0, 0x01, 0xF0, 0x01
	.byte 0xF0, 0x01, 0xF0, 0x01, 0x00, 0xEF, 0x12, 0x83, 0x51, 0xFF, 0x41, 0x23, 0xED, 0x31, 0xFF, 0xAE
	.byte 0xBB, 0x00, 0x01, 0xB8, 0x00, 0x00, 0xCE, 0xCE, 0xFF, 0xBB, 0xED, 0xFE, 0xE0, 0x46, 0xCE, 0x11
	.byte 0xC2, 0xBB, 0xCC, 0xEC, 0x00, 0x04, 0x10, 0x01, 0xAA, 0x00, 0xBB, 0xBB, 0xAB, 0xAA, 0xEF, 0xBB
	.byte 0xAB, 0xBB, 0x40, 0xCD, 0x01, 0x00, 0xBC, 0xFB, 0xBE, 0xED, 0xCB, 0x0F, 0x00, 0xBE, 0xFC, 0xFC
	.byte 0xE0, 0xCB, 0xFC, 0xEE, 0xE0, 0x00, 0xCB, 0xEC, 0xBB, 0xEE, 0xCB, 0x0E, 0xBB, 0xBE, 0x01, 0xCC
	.byte 0xEF, 0xCB, 0xBE, 0xCC, 0xCF, 0xEE, 0x00, 0x07, 0x48, 0x00, 0x00, 0x17, 0x00, 0xBE, 0x00, 0xF8
	.byte 0xBD, 0xCC, 0xFE, 0x20, 0xE0, 0xCB, 0x00, 0x03, 0xCC, 0xFC, 0xCC, 0xE0, 0xCC, 0x20, 0xFD, 0xBE
	.byte 0x01, 0x0B, 0xBE, 0xCE, 0xDC, 0x0F, 0xC0, 0xEB, 0xD0, 0x8D, 0x12, 0x0B, 0x11, 0x4B, 0xFB, 0x00
	.byte 0x03, 0xFA, 0xF0, 0xAC, 0xF0, 0x01, 0xF6, 0xF0, 0x01, 0xF0, 0x01, 0xF0, 0x01, 0x82, 0x1D, 0xEF
	.byte 0xF0, 0x13, 0x80, 0x01, 0xCE, 0x00, 0xBB, 0xCB, 0xBE, 0xBE, 0xBB, 0xEB, 0xBB, 0xE0, 0xA4, 0x02
	.byte 0x09, 0xF0, 0x00, 0xFC, 0x00, 0xBF, 0x01, 0x17, 0xF0, 0xCC, 0xC0, 0x01, 0x33, 0x31, 0x37, 0xEB
	.byte 0xCB, 0xED, 0xEC, 0xEB, 0xCB, 0x40, 0xFD, 0x20, 0x03, 0xEC, 0xCB, 0xDE, 0xFC, 0xEC, 0xCB, 0x00
	.byte 0xCF, 0x0F, 0xEC, 0xCC, 0xFF, 0x00, 0xCC, 0xEC, 0x00, 0x0F, 0x00, 0xFF, 0xCF, 0xEC, 0x0E, 0xCC
	.byte 0xDC, 0x20, 0x0F, 0xE0, 0x01, 0xFB, 0xE0, 0xCE, 0xFC, 0x00, 0xE0, 0x14, 0xF0, 0x0F, 0x00, 0x10
	.byte 0xEF, 0xAE, 0x30, 0x03, 0xE0, 0xAA, 0xBF, 0x01, 0x6A, 0xFA, 0x10, 0xE3, 0xD0, 0x03, 0x10, 0xFF
	.byte 0xF3, 0x13, 0xF0, 0x01, 0xF0, 0x01, 0xFE, 0xF0, 0x01, 0xF0, 0x01, 0xF0, 0x01, 0xF0, 0x01, 0xF0
	.byte 0x01, 0xF0, 0x01, 0x51, 0x3F, 0xCC, 0xE0, 0x02, 0xD9, 0x62, 0x43, 0xE0, 0x01, 0xEE, 0xCE, 0xBB
	.byte 0x0F, 0xCC, 0x0F, 0xCC, 0xFE, 0x00, 0xFF, 0xF0, 0x1D, 0xF0, 0x01, 0xF0, 0x01, 0xF0, 0x01, 0xFF
	.byte 0xF0, 0x01, 0xF0, 0x01, 0xF0, 0x01, 0xF0, 0x01, 0xF0, 0x01, 0xF0, 0x01, 0xF0, 0x01, 0xF0, 0x01
	.byte 0xFE, 0xF0, 0x01, 0xF0, 0x01, 0xF0, 0x01, 0xF0, 0x01, 0xF0, 0x01, 0xF0, 0x01, 0xF0, 0x01, 0x00

  .globl gMonPalette_Mew
gMonPalette_Mew:
  .incbin "build/graphics/pokemon/mew/normal_palette.gbapal.lz"
  .space 0x2, 0x00
  .globl gMonBackPic_Mew
gMonBackPic_Mew:
  .incbin "build/graphics/pokemon/mew/back.4bpp.lz"

  .globl gMonShinyPalette_Mew
gMonShinyPalette_Mew:
  .incbin "build/graphics/pokemon/mew/shiny_palette.gbapal.lz"
  .space 0x2, 0x00
	.globl gMonIcon_Mew
gMonIcon_Mew: @ 0x08C990CC [151]
  .incbin "build/graphics/pokemon/mew/icon.4bpp"
	@ analyzed canonical ROM range 0x08C994CC-0x08C99753
	@ structured u8 payload; no safe higher-level semantic type was provable
	.byte 0x00, 0x00, 0x00, 0xC0, 0xE0, 0xE0, 0xE0, 0xE0, 0x00, 0x00, 0x00, 0x01, 0x03, 0x03, 0x03, 0x03
	.byte 0xC0, 0xC0, 0x40, 0x40, 0xC0, 0x80, 0x00, 0x00, 0x01, 0x01, 0x01, 0x01, 0x01, 0x00, 0x00, 0x00
	.byte 0x10, 0x00, 0x08, 0x00, 0x3F, 0x00, 0x00, 0xF0, 0x01, 0xF0, 0x01, 0xF0, 0x01, 0xF0, 0x01, 0xF0
	.byte 0x01, 0xF0, 0x01, 0xFF, 0xF0, 0x01, 0xF0, 0x01, 0xF0, 0x01, 0xF0, 0x01, 0xF0, 0x01, 0xF0, 0x01
	.byte 0xF0, 0x01, 0xF0, 0x01, 0xFF, 0xF0, 0x01, 0xF0, 0x01, 0xF0, 0x01, 0xF0, 0x01, 0xF0, 0x01, 0xF0
	.byte 0x01, 0xF0, 0x01, 0xF0, 0x01, 0x81, 0x90, 0x01, 0x70, 0x87, 0x00, 0x87, 0x68, 0x66, 0xF0, 0x17
	.byte 0x80, 0x30, 0x01, 0x88, 0xD8, 0xDD, 0x0D, 0x66, 0x66, 0x66, 0x67, 0x86, 0xF0, 0x19, 0x70, 0x01
	.byte 0xDD, 0x0D, 0xF0, 0x13, 0xF0, 0x01, 0xF0, 0x01, 0xF5, 0xF0, 0x01, 0xF0, 0x01, 0xF0, 0x01, 0xE0
	.byte 0x01, 0x40, 0x00, 0x03, 0x24, 0x40, 0x0B, 0x00, 0x80, 0x00, 0x00, 0x90, 0xD8, 0x00, 0x00, 0x98
	.byte 0x00, 0x0D, 0x00, 0x54, 0x88, 0x55, 0x44, 0x22, 0x32, 0x0A, 0x33, 0x22, 0x22, 0x22, 0x20, 0x03
	.byte 0x77, 0x00, 0xC4, 0x99, 0x00, 0x99, 0x99, 0x88, 0xDD, 0x7D, 0x66, 0x66, 0x00, 0x00, 0x80, 0x78
	.byte 0x66, 0x05, 0x00, 0x80, 0x77, 0x54, 0x00, 0x05, 0x00, 0x8D, 0x43, 0xD4, 0x00, 0x00, 0x33, 0x10
	.byte 0x44, 0x0D, 0x00, 0x00, 0x1E, 0x66, 0x88, 0x88, 0x88, 0x60, 0x68, 0x10, 0xEB, 0x10, 0x0B, 0x67
	.byte 0x66, 0x66, 0x77, 0x77, 0x80, 0x00, 0x01, 0xDD, 0x78, 0x77, 0x77, 0x00, 0xD0, 0xDD, 0x10, 0xDD
	.byte 0x76, 0x88, 0x00, 0x23, 0x87, 0xD8, 0x00, 0x98, 0x01, 0x99, 0x88, 0x0D, 0x77, 0x77, 0x89, 0xD8
	.byte 0x00, 0x1A, 0x00, 0x88, 0x77, 0x77, 0xD7, 0x8D, 0x77, 0xDD, 0x0D, 0x3F, 0xD0, 0xDD, 0xF0, 0x93
	.byte 0x20, 0x01, 0x11, 0x16, 0xF1, 0x1A, 0xF0, 0x01, 0xF0, 0x01, 0xD0, 0xF0, 0x01, 0x00, 0xE6, 0x2C
	.byte 0x00, 0x03, 0xCA, 0x00, 0x00, 0xA0, 0x00, 0xFF, 0x00, 0x00, 0x14, 0x1F, 0x00, 0x00, 0x15, 0x41
	.byte 0xDF, 0x00, 0x03, 0xDE, 0x00, 0x00, 0x35, 0xFE, 0x00, 0x03, 0xCA, 0x00, 0xE3, 0x10, 0xEB, 0x33
	.byte 0x33, 0x00, 0x01, 0xC3, 0x00, 0x03, 0xD3, 0x80, 0x90, 0x03, 0x34, 0x33, 0x43, 0x43, 0x33, 0x44
	.byte 0x05, 0x00, 0x00, 0xDD, 0x44, 0x54, 0x00, 0xEF, 0x4C, 0xD4, 0x02, 0x00, 0x1E, 0x41, 0xD4, 0x00
	.byte 0xE1, 0x00, 0x03, 0xFD, 0xBF, 0x40, 0x03, 0xEF, 0x00, 0x17, 0xF0, 0x6F, 0xF0, 0x01, 0xF0, 0x01
	.byte 0xF0, 0x01, 0xF0, 0x01, 0xF2, 0xF0, 0x01, 0xF0, 0x01, 0xF0, 0x01, 0xF0, 0x01, 0x35, 0x33, 0x30
	.byte 0x03, 0x40, 0xAA, 0x00, 0x03, 0x50, 0x00, 0x03, 0x68, 0x00, 0x03, 0x88, 0x10, 0x0B, 0x63, 0x00
	.byte 0x00, 0x00, 0x55, 0x83, 0x43, 0x55, 0x35, 0x33, 0x01, 0x33, 0xFF, 0x3F, 0x33, 0x33, 0xF3, 0x3D
	.byte 0x21, 0x04, 0x80, 0x50, 0x01, 0x38, 0x33, 0x33, 0x63, 0x38, 0x63, 0x38, 0x04, 0x83, 0x33, 0x44
	.byte 0x44, 0x0D, 0x00, 0x03, 0x05, 0x33, 0x44, 0x43, 0x00, 0x07, 0x43, 0x44, 0xD8, 0x00, 0x03, 0x58
	.byte 0x33, 0x00, 0x64, 0x48, 0x45, 0x38, 0x84, 0x48, 0x44, 0x38, 0xF2, 0x00, 0x18, 0xA2, 0xCF, 0x00
	.byte 0x03, 0x02, 0x12, 0x00, 0x55, 0x00, 0x03, 0xD4, 0xBF, 0x00, 0x03, 0x54, 0xF1, 0xC4, 0xF0, 0x01
	.byte 0xF0, 0x01, 0xF0, 0x01, 0xF0, 0x01, 0xF0, 0x01, 0xC0, 0xF0, 0x01, 0x30, 0x01, 0x50, 0x52, 0x32
	.byte 0x00, 0x25, 0x22, 0x00, 0x34, 0x40, 0x22, 0x32, 0x44, 0xC0, 0x22, 0x43, 0x00, 0x44, 0x10, 0xCA
	.byte 0x44, 0xD5, 0xC0, 0xDD, 0xDD, 0x9B, 0x62, 0x7A, 0x33, 0x83, 0x00, 0xE9, 0x40, 0x01, 0x44, 0x10
	.byte 0x03, 0x00, 0x04, 0x00, 0x5D, 0x44, 0x44, 0x44, 0xD0, 0x5D, 0x44, 0xD5, 0x0D, 0xD0, 0x55, 0xD5
	.byte 0xDD, 0x30, 0x11, 0x10, 0x03, 0x43, 0x80, 0x03, 0x42, 0x54, 0x20, 0x03, 0x34, 0x43, 0x5D, 0xDD
	.byte 0x02, 0x1E, 0x00, 0xA7, 0x12, 0x06, 0x44, 0x03, 0x0F, 0x44, 0xD5, 0x30, 0x03, 0x10, 0xF7, 0x11
	.byte 0x03, 0x7F, 0xBA, 0xF0, 0xFF, 0xF0, 0x01, 0xF0, 0x01, 0xF0, 0x01, 0xF0, 0x01, 0xF0, 0x01, 0xF0
	.byte 0x01, 0xEE, 0xF0, 0x01, 0xF0, 0x01, 0x14, 0x84, 0x50, 0xF0, 0x14, 0x70, 0x01, 0x01, 0xFE, 0x00
	.byte 0x07, 0xA5, 0xDA, 0x00, 0x00, 0xD0, 0xF0, 0xCB, 0x61, 0xF3, 0xF0, 0x01, 0xFF, 0xF0, 0x01, 0xF0
	.byte 0x01, 0xF0, 0x01, 0xF0, 0x01, 0xF0, 0x01, 0xF0, 0x01, 0xF0, 0x01, 0xF0, 0x01, 0xFF, 0xF0, 0x01
	.byte 0xF0, 0x01, 0xF0, 0x01, 0xF0, 0x01, 0xF0, 0x01, 0xF0, 0x01, 0xF0, 0x01, 0xF0, 0x01, 0xE0, 0xF0
	.byte 0x01, 0xF0, 0x01, 0x30, 0x01, 0x00, 0x00, 0x00

  .globl gMonPalette_Chikorita
gMonPalette_Chikorita:
  .incbin "build/graphics/pokemon/chikorita/normal_palette.gbapal.lz"

  .globl gMonBackPic_Chikorita
gMonBackPic_Chikorita:
  .incbin "build/graphics/pokemon/chikorita/back.4bpp.lz"

  .globl gMonShinyPalette_Chikorita
gMonShinyPalette_Chikorita:
  .incbin "build/graphics/pokemon/chikorita/shiny_palette.gbapal.lz"

	.globl gMonIcon_Chikorita
gMonIcon_Chikorita: @ 0x08C99A68 [152]
  .incbin "build/graphics/pokemon/chikorita/icon.4bpp"
	@ analyzed canonical ROM range 0x08C99E68-0x08C9A25B
	@ structured u8 payload; no safe higher-level semantic type was provable
	.byte 0x00, 0x00, 0x00, 0x00, 0x00, 0x00, 0x00, 0x80, 0x00, 0x00, 0x00, 0x00, 0x00, 0x00, 0x00, 0x03
	.byte 0xC0, 0xC0, 0x80, 0x00, 0x00, 0x00, 0x00, 0x00, 0x07, 0x07, 0x03, 0x00, 0x00, 0x00, 0x00, 0x00
	.byte 0x10, 0x00, 0x08, 0x00, 0x3F, 0x00, 0x00, 0xF0, 0x01, 0xF0, 0x01, 0xF0, 0x01, 0xF0, 0x01, 0xF0
	.byte 0x01, 0xF0, 0x01, 0xE0, 0xF0, 0x01, 0xF0, 0x01, 0x60, 0x01, 0x99, 0x90, 0x99, 0x99, 0x78, 0xC0
	.byte 0xF0, 0x16, 0x40, 0x1C, 0x99, 0x99, 0x09, 0x77, 0x77, 0x77, 0x67, 0x87, 0xF0, 0x19, 0x70, 0x01
	.byte 0xD9, 0x0D, 0xF0, 0x13, 0xF0, 0x01, 0xF0, 0x01, 0xF8, 0xF0, 0x01, 0xF0, 0x01, 0xF0, 0x01, 0xF0
	.byte 0x01, 0x40, 0x01, 0x89, 0x00, 0x90, 0x00, 0x78, 0x97, 0x80, 0x7A, 0x99, 0x0A, 0x7A, 0xA7, 0x10
	.byte 0x00, 0x00, 0xAA, 0x00, 0x03, 0x00, 0x7A, 0x0A, 0x50, 0x01, 0x00, 0xA0, 0x87, 0x46, 0x00, 0x00
	.byte 0x76, 0x00, 0xC2, 0x10, 0x77, 0x77, 0x79, 0x00, 0x03, 0xD0, 0x9A, 0x99, 0x88, 0x50, 0x00, 0x00
	.byte 0x04, 0x00, 0x00, 0x04, 0x55, 0x66, 0x66, 0xD0, 0x07, 0x33, 0x33, 0x43, 0x66, 0x3A, 0x00, 0x04
	.byte 0x20, 0x20, 0x00, 0x01, 0x00, 0x88, 0x77, 0x87, 0xD8, 0x88, 0x88, 0x88, 0x0D, 0x00, 0x99, 0x99
	.byte 0x88, 0x0D, 0x9A, 0x99, 0x99, 0xA9, 0x80, 0x00, 0x2A, 0x99, 0x06, 0xD0, 0xDD, 0x0D, 0x77, 0x87
	.byte 0x20, 0x0D, 0x00, 0x00, 0x1D, 0x0D, 0xDD, 0x7A, 0x77, 0x88, 0x01, 0x00, 0xA0, 0x88, 0x88, 0x00
	.byte 0x00, 0x98, 0x00, 0x43, 0x06, 0x99, 0xDD, 0x0A, 0xD0, 0xAD, 0xA0, 0x84, 0x11, 0x0A, 0xD8, 0xFE
	.byte 0xF1, 0x13, 0xF0, 0x01, 0xF0, 0x01, 0xF0, 0x01, 0xF0, 0x01, 0xF0, 0x01, 0x50, 0x01, 0x50, 0x00
	.byte 0x72, 0xA7, 0x00, 0x25, 0xA2, 0x2A, 0x00, 0x25, 0x00, 0x22, 0x22, 0x50, 0x33, 0x22, 0x32, 0x50
	.byte 0x23, 0x02, 0x23, 0x23, 0x50, 0x33, 0x33, 0x33, 0x30, 0x03, 0x43, 0x00, 0x33, 0x33, 0x34, 0x33
	.byte 0x33, 0x42, 0x63, 0x56, 0x00, 0x33, 0x33, 0xE6, 0x3E, 0x35, 0x32, 0xFD, 0x11, 0x00, 0x35, 0x33
	.byte 0xDD, 0x1E, 0x34, 0x33, 0xDD, 0x1F, 0xC5, 0x10, 0x03, 0x00, 0x21, 0x33, 0x33, 0x64, 0x00, 0x42
	.byte 0x53, 0x00, 0x03, 0x03, 0x43, 0x06, 0x00, 0x00, 0x33, 0x05, 0x00, 0x03, 0x00, 0x10, 0xBF, 0x20
	.byte 0x03, 0xD4, 0x30, 0x03, 0xF0, 0x01, 0xF0, 0x01, 0xF0, 0x01, 0xF0, 0x01, 0xF0, 0x01, 0xA4, 0x40
	.byte 0x01, 0x55, 0x00, 0xC2, 0x42, 0x06, 0x30, 0x03, 0x32, 0x64, 0x86, 0x00, 0x03, 0x43, 0x06, 0x50
	.byte 0x22, 0x10, 0x03, 0x00, 0x85, 0x25, 0x2C, 0x33, 0x44, 0xC0, 0x2D, 0xA0, 0x11, 0xDD, 0x40, 0x03
	.byte 0xA0, 0x66, 0x00, 0x00, 0x55, 0xA6, 0x00, 0x35, 0x33, 0x43, 0x00, 0x12, 0x50, 0x55, 0x65, 0x00
	.byte 0x0F, 0x6D, 0xAA, 0x00, 0x03, 0x77, 0x00, 0xA7, 0x00, 0x65, 0x77, 0x7A, 0x0A, 0x26, 0xA7, 0x08
	.byte 0x77, 0xA7, 0x60, 0x7A, 0x00, 0x08, 0x55, 0x33, 0x35, 0x00, 0x33, 0xEE, 0x66, 0x34, 0x33, 0xEE
	.byte 0x6F, 0x33, 0x02, 0x33, 0xFE, 0x36, 0x33, 0x33, 0x66, 0x10, 0xF4, 0x54, 0x00, 0x34, 0x33, 0x56
	.byte 0x45, 0x44, 0x33, 0x35, 0x44, 0xE8, 0x01, 0x1C, 0x40, 0xE7, 0x70, 0x03, 0xAA, 0x00, 0x03, 0x88
	.byte 0x0A, 0x33, 0x27, 0xD4, 0x9A, 0x00, 0x03, 0xA8, 0x0A, 0xF0, 0xB0, 0xF0, 0x01, 0xF0, 0x01, 0xE2
	.byte 0xF0, 0x01, 0xF0, 0x01, 0x40, 0x01, 0x25, 0x32, 0x43, 0x20, 0x03, 0x50, 0x20, 0x32, 0x53, 0x00
	.byte 0x03, 0x35, 0x00, 0x00, 0x56, 0x23, 0x00, 0x00, 0x00, 0x35, 0x23, 0x00, 0x50, 0x33, 0x32, 0x80
	.byte 0x00, 0xDB, 0x33, 0x44, 0x56, 0x22, 0x22, 0x65, 0x33, 0x21, 0x22, 0x33, 0x01, 0xDA, 0x33, 0x22
	.byte 0x22, 0x23, 0x00, 0x06, 0x00, 0x32, 0x93, 0x23, 0x23, 0x93, 0x79, 0x32, 0x33, 0x00, 0x78, 0x79
	.byte 0x33, 0x93, 0x77, 0x8A, 0x8A, 0xA7, 0x00, 0x87, 0x0A, 0xA3, 0x8A, 0x88, 0x5D, 0x33, 0xAA, 0x00
	.byte 0x99, 0x6D, 0x33, 0x44, 0xDD, 0x64, 0x99, 0x99, 0x00, 0x4A, 0x35, 0x97, 0x77, 0xA8, 0x23, 0xA7
	.byte 0x88, 0x02, 0xD8, 0x34, 0xA8, 0x98, 0xD9, 0x34, 0x00, 0x42, 0x33, 0x06, 0x35, 0x32, 0x33, 0x33
	.byte 0x23, 0x00, 0x03, 0x00, 0x45, 0x43, 0xF0, 0x00, 0x06, 0x10, 0x01, 0x02, 0x18, 0x12, 0x19, 0x43
	.byte 0x43, 0x43, 0xD4, 0x01, 0xA9, 0x00, 0x43, 0x64, 0x0A, 0x00, 0x44, 0x01, 0x41, 0x80, 0x12, 0x03
	.byte 0x44, 0xAD, 0xAA, 0xAA, 0x44, 0x9D, 0x9A, 0x00, 0x99, 0x54, 0x9D, 0xA9, 0x88, 0xD4, 0xA8, 0xA8
	.byte 0xFD, 0x12, 0xD2, 0xE0, 0x01, 0x12, 0xE2, 0xF2, 0xE6, 0xF0, 0x01, 0xC0, 0x01, 0x60, 0x00, 0x02
	.byte 0x05, 0x36, 0x00, 0x00, 0x36, 0x33, 0x30, 0x03, 0x3C, 0x00, 0x03, 0x3D, 0xC0, 0xCC, 0x12, 0xA7
	.byte 0x10, 0xA3, 0x80, 0x01, 0x10, 0x9B, 0x54, 0x00, 0x06, 0x00, 0x64, 0x33, 0x43, 0x44, 0xD6, 0x33
	.byte 0xA3, 0x87, 0x05, 0x9A, 0x33, 0x33, 0xAA, 0xDD, 0x00, 0x13, 0x44, 0x90, 0x24, 0x90, 0x00, 0xBC
	.byte 0x33, 0x4D, 0x00, 0x04, 0xA9, 0xA9, 0x5D, 0x44, 0x00, 0xDD, 0x5D, 0x94, 0x99, 0x55, 0x95, 0x79
	.byte 0x87, 0x00, 0x33, 0x99, 0x77, 0x88, 0x93, 0x77, 0x99, 0x98, 0x00, 0x93, 0x79, 0x87, 0xDA, 0x79
	.byte 0x97, 0x9A, 0x5D, 0x00, 0x79, 0x87, 0xD9, 0x55, 0x33, 0x34, 0x34, 0x44, 0x00, 0x43, 0x43, 0x44
	.byte 0x44, 0x3A, 0x44, 0x44, 0x44, 0x00, 0x4A, 0xA4, 0x49, 0x94, 0x4A, 0x9A, 0xA7, 0x94, 0x40, 0x45
	.byte 0x00, 0x1C, 0x95, 0x7A, 0x97, 0x5A, 0x94, 0x97, 0x20, 0xA9, 0x5D, 0x00, 0xE3, 0x0D, 0xD4, 0xDA
	.byte 0x0D, 0x00, 0x48, 0xAA, 0x01, 0xE9, 0x98, 0xA9, 0x03, 0xEB, 0xA8, 0xD9, 0x00, 0x00, 0x77, 0x8A
	.byte 0x99, 0x0D, 0x9D, 0x77, 0xA8, 0x0A, 0x0F, 0xD5, 0x77, 0x9A, 0xD9, 0xF0, 0xC6, 0xF0, 0x01, 0xF0
	.byte 0x01, 0x90, 0x01, 0x2A, 0xC0, 0x11, 0x00, 0x04, 0x1D, 0x00, 0x03, 0xD0, 0xF0, 0x1B, 0x00, 0x01
	.byte 0x00, 0x4B, 0x44, 0x6D, 0x00, 0xDB, 0x6D, 0xF1, 0x4F, 0x81, 0x61, 0x34, 0x44, 0x44, 0x33, 0x00
	.byte 0x66, 0x54, 0x01, 0x2B, 0x52, 0xD6, 0x00, 0x03, 0xD0, 0x40, 0x03, 0x00, 0x3D, 0x50, 0x03, 0x89
	.byte 0x00, 0xA9, 0x5D, 0x45, 0xA3, 0x5A, 0x55, 0x44, 0x33, 0x1B, 0x44, 0x44, 0x45, 0x12, 0x2D, 0x01
	.byte 0x37, 0x6D, 0x00, 0x03, 0x01, 0x2F, 0x20, 0x43, 0x0D, 0x00, 0x0F, 0x0D, 0x94, 0x77, 0x97, 0x6D
	.byte 0x00, 0x94, 0x79, 0x98, 0x5D, 0x94, 0x97, 0xAA, 0x5D, 0x00, 0x95, 0x88, 0x98, 0x5D, 0x55, 0x8A
	.byte 0xD9, 0x45, 0x12, 0x66, 0xDD, 0x5D, 0x03, 0x57, 0x5D, 0x45, 0x00, 0x4B, 0x55, 0x00, 0x55, 0x9D
	.byte 0x87, 0xA9, 0x55, 0xD6, 0xDD, 0x0D, 0x58, 0x55, 0x11, 0xFB, 0xD5, 0x00, 0x03, 0x03, 0xFB, 0x44
	.byte 0x44, 0x0D, 0xBF, 0x00, 0x03, 0x06, 0x00, 0x03, 0xF4, 0x00, 0xF0, 0x01, 0xF0, 0x01, 0xF0, 0x01
	.byte 0xF0, 0x01, 0xFE, 0xF0, 0x01, 0xF0, 0x01, 0x72, 0x37, 0x21, 0x3B, 0xF1, 0x3F, 0x00, 0x01, 0x02
	.byte 0x23, 0x0D, 0x00, 0x33, 0xCC, 0x56, 0x0D, 0x63, 0x11, 0x6B, 0xD4, 0x09, 0x6D, 0xDD, 0xDD, 0xDD
	.byte 0xF0, 0x21, 0x00, 0x5D, 0x40, 0x03, 0xC0, 0xF0, 0x3F, 0x00, 0x01, 0x65, 0x66, 0x46, 0x0D, 0x55
	.byte 0xB6, 0x0F, 0xDB, 0x0D, 0xDD, 0xDD, 0xF1, 0x81, 0xF0, 0x01, 0xF0, 0x01, 0xF0, 0x01, 0x80, 0xB0
	.byte 0x01, 0x00, 0x00, 0x00

  .globl gMonPalette_Bayleef
gMonPalette_Bayleef:
  .incbin "build/graphics/pokemon/bayleef/normal_palette.gbapal.lz"

  .globl gMonBackPic_Bayleef
gMonBackPic_Bayleef:
  .incbin "build/graphics/pokemon/bayleef/back.4bpp.lz"

  .globl gMonShinyPalette_Bayleef
gMonShinyPalette_Bayleef:
  .incbin "build/graphics/pokemon/bayleef/shiny_palette.gbapal.lz"

	.globl gMonIcon_Bayleef
gMonIcon_Bayleef: @ 0x08C9A63C [153]
  .incbin "build/graphics/pokemon/bayleef/icon.4bpp"
	@ analyzed canonical ROM range 0x08C9AA3C-0x08C9AFB7
	@ structured u8 payload; no safe higher-level semantic type was provable
	.byte 0x00, 0x00, 0x00, 0x00, 0x00, 0x80, 0xE0, 0xF0, 0x00, 0x00, 0x00, 0x00, 0x00, 0x01, 0x03, 0x07
	.byte 0xF0, 0xE0, 0xE0, 0xC0, 0x00, 0x00, 0x00, 0x00, 0x07, 0x07, 0x07, 0x03, 0x00, 0x00, 0x00, 0x00
	.byte 0x10, 0x00, 0x08, 0x00, 0x00, 0x00, 0x00, 0x00, 0xEE, 0x00, 0x00, 0xE0, 0x66, 0x16, 0x00, 0x00
	.byte 0x6E, 0x00, 0x06, 0x06, 0x60, 0x06, 0x40, 0x0A, 0x50, 0x00, 0x6F, 0x66, 0x06, 0x00, 0xE6, 0xEE
	.byte 0x6F, 0x00, 0x01, 0x66, 0xFF, 0x6F, 0x00, 0x00, 0x66, 0x06, 0x30, 0x2B, 0x00, 0x50, 0x6E, 0x55
	.byte 0x60, 0xE5, 0x26, 0x22, 0x26, 0x18, 0x6E, 0x22, 0x32, 0x00, 0x3F, 0x00, 0x41, 0xFE, 0x66, 0xEE
	.byte 0x44, 0x66, 0x00, 0x02, 0x00, 0x00, 0xF6, 0x00, 0x0D, 0x60, 0x55, 0x00, 0x05, 0x00, 0x00, 0x33
	.byte 0x53, 0x05, 0x00, 0x32, 0xE4, 0x10, 0x04, 0x00, 0x10, 0x00, 0x17, 0x00, 0xFE, 0x00, 0x4F, 0xFF
	.byte 0xDF, 0xCF, 0x00, 0x20, 0x00, 0x03, 0xD0, 0x0D, 0x20, 0x35, 0xF0, 0x01, 0xF0, 0x01, 0xF0, 0x01
	.byte 0xFC, 0xF0, 0x01, 0xF0, 0x01, 0xF0, 0x01, 0xF0, 0x01, 0x40, 0x01, 0x00, 0xE3, 0x25, 0x6E, 0x02
	.byte 0x00, 0x50, 0x22, 0x6E, 0x00, 0x25, 0x30, 0x03, 0x50, 0x00, 0x22, 0xE2, 0x6E, 0x40, 0x22, 0xE2
	.byte 0xE0, 0x36, 0x00, 0x22, 0xE2, 0x00, 0x26, 0x22, 0x6E, 0xE2, 0x26, 0x00, 0x22, 0x23, 0xE2, 0x26
	.byte 0x32, 0x32, 0x6E, 0x22, 0x00, 0x23, 0x23, 0x6E, 0x22, 0x33, 0x55, 0x26, 0x22, 0x00, 0xD3, 0x11
	.byte 0x26, 0x32, 0xD4, 0x16, 0x26, 0x33, 0x00, 0xED, 0xFE, 0x22, 0x33, 0x1D, 0xFE, 0x33, 0x33, 0x1A
	.byte 0x33, 0x53, 0x32, 0x00, 0x04, 0x50, 0x01, 0x35, 0x00, 0x03, 0x51, 0xB8, 0x40, 0x03, 0x41, 0x00
	.byte 0x03, 0x10, 0x63, 0x01, 0x04, 0x89, 0x53, 0x00, 0x00, 0x80, 0x11, 0x33, 0x95, 0x19, 0x77, 0x33
	.byte 0x75, 0x04, 0x71, 0x77, 0x33, 0x53, 0x77, 0x30, 0x03, 0x33, 0x75, 0x00, 0x87, 0x99, 0x99, 0x00
	.byte 0x00, 0x11, 0x11, 0x0D, 0x00, 0x00, 0x17, 0x11, 0xD1, 0x00, 0x77, 0x77, 0x11, 0x00, 0x0D, 0x77
	.byte 0x78, 0x17, 0xD1, 0x87, 0x87, 0x78, 0x00, 0xA1, 0x78, 0x88, 0x88, 0x17, 0x87, 0x87, 0x88, 0x6B
	.byte 0x78, 0xF0, 0xB1, 0x30, 0x01, 0x0A, 0x00, 0x03, 0xD1, 0xF0, 0x16, 0xF0, 0x01, 0xE0, 0xF0, 0x01
	.byte 0xC1, 0x00, 0x00, 0xF6, 0xE5, 0x26, 0x6E, 0x00, 0x35, 0x74, 0x6E, 0x00, 0x03, 0x00, 0xAF, 0x10
	.byte 0x03, 0x50, 0x10, 0x03, 0x43, 0x43, 0x41, 0x00, 0x00, 0x0C, 0x32, 0x33, 0xDD, 0x6E, 0x33, 0x30
	.byte 0x03, 0x04, 0x6F, 0x33, 0x33, 0xD5, 0x4D, 0x30, 0xE5, 0x54, 0x55, 0x00, 0x33, 0x55, 0x75, 0x88
	.byte 0x54, 0x89, 0x77, 0x87, 0xB5, 0x10, 0xE3, 0x31, 0x40, 0xF7, 0x10, 0x01, 0x53, 0x00, 0x03, 0x45
	.byte 0x00, 0x03, 0x29, 0x4D, 0x43, 0x10, 0x03, 0x44, 0x00, 0x09, 0x75, 0x78, 0x10, 0xE7, 0xAA, 0x00
	.byte 0x19, 0x98, 0x00, 0x03, 0x88, 0x00, 0x03, 0xE8, 0x00, 0x14, 0xE5, 0xB1, 0x40, 0x03, 0x53, 0x00
	.byte 0xE7, 0x00, 0x02, 0x88, 0x88, 0x9E, 0x00, 0x03, 0x00, 0x8E, 0x89, 0x89, 0x88, 0x9E, 0x98, 0x98
	.byte 0x88, 0x00, 0x8E, 0xE9, 0x89, 0x88, 0xEE, 0x9E, 0x98, 0x88, 0x08, 0xEE, 0x99, 0x89, 0x89, 0x10
	.byte 0xE3, 0xA1, 0x9D, 0x99, 0x00, 0x09, 0x17, 0x7D, 0x17, 0x99, 0x17, 0x9D, 0x78, 0x40, 0x11, 0x00
	.byte 0x03, 0x77, 0x17, 0x9A, 0x88, 0x87, 0xD1, 0x01, 0x99, 0x88, 0x78, 0xD1, 0x89, 0x88, 0x88, 0x50
	.byte 0xC6, 0x90, 0x01, 0x46, 0x00, 0x71, 0x00, 0x04, 0x17, 0x11, 0xDA, 0x00, 0x40, 0x87, 0x01, 0x4B
	.byte 0x78, 0x77, 0xA1, 0x00, 0x87, 0x78, 0xCD, 0xF2, 0x68, 0xF0, 0x01, 0x50, 0x55, 0xF0, 0x13, 0x70
	.byte 0x01, 0xD5, 0x00, 0xE3, 0x00, 0x50, 0x93, 0x77, 0x87, 0x00, 0x9D, 0x77, 0xD8, 0x00, 0x00, 0x35
	.byte 0x99, 0x49, 0x00, 0x59, 0x43, 0x34, 0x01, 0x00, 0x90, 0x55, 0xDD, 0x00, 0x90, 0x77, 0x00, 0x7B
	.byte 0x00, 0x19, 0x71, 0x4D, 0x53, 0x44, 0x33, 0x4D, 0x45, 0x00, 0x44, 0x34, 0x34, 0xDD, 0x44, 0x34
	.byte 0xD3, 0x99, 0x00, 0x45, 0x33, 0x8D, 0x11, 0x45, 0x33, 0x88, 0x99, 0x00, 0x59, 0x33, 0x88, 0x88
	.byte 0x59, 0x34, 0xAA, 0xAA, 0x78, 0x9A, 0x11, 0x16, 0x11, 0x12, 0xF0, 0x01, 0x40, 0x01, 0x9E, 0x99
	.byte 0x99, 0x00, 0x78, 0x95, 0x99, 0x99, 0x17, 0x95, 0x99, 0x79, 0x00, 0x11, 0xD3, 0x99, 0x17, 0xAA
	.byte 0x53, 0x9D, 0xA9, 0x00, 0x99, 0x53, 0xD4, 0x99, 0x99, 0x43, 0x45, 0x9D, 0x02, 0x99, 0x34, 0x44
	.byte 0xD5, 0x99, 0xA1, 0x00, 0xE3, 0x9D, 0xA0, 0x01, 0x1B, 0x9A, 0x00, 0x03, 0x89, 0x81, 0x88, 0x88
	.byte 0x19, 0xD0, 0x00, 0x0F, 0x01, 0x22, 0x88, 0x01, 0x2A, 0x78, 0xA9, 0xAA, 0x88, 0x00, 0x77, 0x88
	.byte 0x18, 0x0D, 0x00, 0x88, 0x17, 0x0A, 0x02, 0x00, 0x88, 0xD7, 0x00, 0x00, 0x78, 0x01, 0x2C, 0x78
	.byte 0x11, 0xA1, 0x00, 0x00, 0x00, 0xFA, 0x00, 0x17, 0xDA, 0x01, 0x37, 0x28, 0x55, 0x0D, 0x80, 0xDB
	.byte 0x50, 0x02, 0x86, 0x35, 0x0D, 0x00, 0x00, 0x50, 0x32, 0x0D, 0x00, 0x25, 0x33, 0x0D, 0x55, 0x03
	.byte 0x32, 0x43, 0x0D, 0x22, 0x33, 0x43, 0xF1, 0x20, 0xE0, 0x01, 0x02, 0xA0, 0xA7, 0x00, 0x00, 0xA9
	.byte 0x1A, 0x10, 0xEB, 0x00, 0x00, 0x90, 0x11, 0x77, 0x00, 0x80, 0x71, 0x77, 0x00, 0x54, 0x18, 0x00
	.byte 0x03, 0x99, 0x00, 0x03, 0x90, 0x02, 0xB1, 0x11, 0x97, 0x00, 0x35, 0x77, 0x77, 0x99, 0x59, 0x77
	.byte 0x97, 0x98, 0x00, 0x59, 0x77, 0x88, 0xE9, 0xDE, 0x77, 0x87, 0x98, 0x00, 0xEE, 0x77, 0x78, 0x99
	.byte 0xEE, 0x87, 0x87, 0xE9, 0x04, 0xEE, 0x78, 0x98, 0xEE, 0x99, 0x80, 0xEA, 0x43, 0x34, 0x00, 0x33
	.byte 0x33, 0x34, 0x4D, 0x43, 0x43, 0x43, 0xDE, 0x00, 0x34, 0x34, 0x44, 0x9E, 0x4D, 0x44, 0x44, 0x9E
	.byte 0x02, 0xD9, 0x4D, 0x44, 0x43, 0x44, 0xD4, 0x00, 0xE7, 0x54, 0x28, 0x9D, 0x43, 0x00, 0x03, 0x44
	.byte 0x20, 0x03, 0xD4, 0x9E, 0x44, 0x00, 0x44, 0xD5, 0xEE, 0x44, 0x54, 0xED, 0xEE, 0x44, 0x00, 0xDD
	.byte 0xE9, 0xEE, 0x79, 0x11, 0xAA, 0xAA, 0x89, 0x15, 0x78, 0x11, 0x11, 0x01, 0xEE, 0x11, 0x00, 0xFA
	.byte 0x17, 0x00, 0xFA, 0x01, 0x78, 0xEE, 0x88, 0x18, 0x88, 0x89, 0x19, 0x32, 0x33, 0x00, 0x5A, 0x45
	.byte 0xD4, 0x23, 0x5A, 0x45, 0x44, 0x3D, 0x00, 0xA1, 0x45, 0x44, 0xD4, 0x11, 0x5A, 0x44, 0x44, 0x45
	.byte 0x17, 0x00, 0x03, 0x78, 0xD1, 0x45, 0x20, 0x03, 0x88, 0x00, 0x03, 0x02, 0x32, 0x33, 0x44, 0x0D
	.byte 0x33, 0x43, 0x00, 0x03, 0x44, 0x30, 0x54, 0x0D, 0x00, 0x5F, 0x00, 0x03, 0xD4, 0x00, 0xD4, 0x44
	.byte 0x09, 0xD5, 0x00, 0x44, 0x4D, 0x00, 0x03, 0x55, 0xD5, 0xF0, 0xEE, 0x80, 0xD0, 0x01, 0x18, 0x87
	.byte 0x87, 0x00, 0x18, 0x77, 0x78, 0xA8, 0x00, 0x07, 0x88, 0x00, 0x07, 0x88, 0x00, 0xF7, 0x87, 0x00
	.byte 0x19, 0x04, 0x11, 0x71, 0x00, 0xAA, 0xAA, 0x01, 0x13, 0x00, 0xA0, 0x03, 0x87, 0x88, 0x89, 0x99
	.byte 0x88, 0x18, 0x41, 0x91, 0x01, 0x9A, 0x80, 0x00, 0x03, 0x78, 0x77, 0x88, 0x78, 0x17, 0x11, 0x71
	.byte 0x00, 0x77, 0xA1, 0xAA, 0x1A, 0x11, 0x7A, 0x99, 0x99, 0x0C, 0xD9, 0xDD, 0x79, 0x9A, 0x01, 0xE0
	.byte 0x10, 0x03, 0x9D, 0x99, 0x00, 0x87, 0x11, 0x8D, 0x97, 0x91, 0xD1, 0x88, 0x87, 0x30, 0x88, 0x8D
	.byte 0x12, 0xF4, 0x00, 0x01, 0xDD, 0x99, 0xE9, 0xE9, 0x00, 0x9A, 0x99, 0xE9, 0x98, 0x1A, 0x98, 0x88
	.byte 0x81, 0x00, 0x1A, 0x77, 0x88, 0x87, 0xA8, 0x11, 0x77, 0x78, 0x02, 0x88, 0x1A, 0x77, 0x87, 0x88
	.byte 0x9D, 0x00, 0x08, 0xD7, 0x13, 0x99, 0x19, 0xEE, 0x00, 0x23, 0xE8, 0x8E, 0x40, 0x2C, 0x10, 0x5C
	.byte 0xA0, 0x00, 0x03, 0x87, 0x30, 0x07, 0x78, 0x87, 0x88, 0x17, 0x11, 0xA8, 0x10, 0xE3, 0x88, 0x00
	.byte 0xFC, 0x78, 0x00, 0x03, 0x18, 0x5D, 0x45, 0x84, 0x00, 0xFF, 0x45, 0x44, 0xD1, 0x55, 0x10, 0x03
	.byte 0x44, 0x44, 0xC8, 0x00, 0x12, 0x00, 0xEE, 0x0D, 0x00, 0x00, 0xF6, 0x00, 0x44, 0x44, 0xBF, 0x50
	.byte 0x03, 0x55, 0x00, 0x03, 0x00, 0xFB, 0x20, 0x03, 0x15, 0xA9, 0xF0, 0x01, 0xF0, 0x01, 0xCB, 0xF0
	.byte 0x01, 0x72, 0x1E, 0xDA, 0x7A, 0x02, 0x57, 0xA4, 0x14, 0x2B, 0xF0, 0x03, 0x44, 0x35, 0x03, 0x07
	.byte 0x78, 0x88, 0x71, 0x00, 0x03, 0x1A, 0x71, 0x00, 0x77, 0x87, 0xA4, 0x1A, 0x17, 0x11, 0x43, 0xA4
	.byte 0x00, 0x11, 0x11, 0x33, 0x44, 0x1A, 0xAA, 0x33, 0x43, 0x02, 0xAA, 0xD5, 0x33, 0x43, 0x54, 0x0D
	.byte 0x03, 0xC5, 0x99, 0x00, 0x88, 0x17, 0x5A, 0x95, 0x77, 0xA1, 0x55, 0x44, 0x50, 0x11, 0x00, 0xBB
	.byte 0xAA, 0x00, 0xB7, 0x55, 0x45, 0x54, 0x34, 0x80, 0x00, 0xBA, 0x35, 0xDD, 0x55, 0x55, 0x3D, 0x11
	.byte 0x11, 0x00, 0xA1, 0xDD, 0x99, 0xA9, 0x5A, 0x55, 0x54, 0x55, 0xCE, 0x00, 0x18, 0x00, 0x01, 0x33
	.byte 0x33, 0x10, 0x03, 0x14, 0x58, 0x24, 0x5C, 0x44, 0xB6, 0x00, 0xF2, 0x44, 0x10, 0xE6, 0x10, 0x01
	.byte 0x54, 0x00, 0x02, 0x00, 0x03, 0x45, 0x00, 0xD4, 0x44, 0x55, 0x44, 0xD4, 0x55, 0x5D, 0x45, 0x1D
	.byte 0xD4, 0x00, 0xD0, 0x00, 0x1A, 0x51, 0xF7, 0xA0, 0x03, 0xD5, 0x50, 0x03, 0xFC, 0xF0, 0xD0, 0xF0
	.byte 0x01, 0xF0, 0x01, 0xA4, 0x3F, 0x00, 0xE7, 0x50, 0x03, 0xC0, 0xC3, 0x00, 0x00, 0x00, 0x1C, 0x1C
	.byte 0x00, 0xC0, 0xD1, 0x11, 0x0C, 0x00, 0xD0, 0xDD, 0xDD, 0x10, 0x1D, 0x10, 0xE3, 0x33, 0x43, 0x14
	.byte 0xD4, 0x00, 0x33, 0x01, 0x6F, 0x3C, 0x00, 0x03, 0xC1, 0x5C, 0x01, 0xD5, 0x00, 0x1C, 0xD1, 0x0D
	.byte 0x00, 0xDD, 0x53, 0x79, 0x1F, 0xDD, 0xDD, 0x5D, 0x10, 0x04, 0x07, 0x15, 0x10, 0x2F, 0x20, 0x33
	.byte 0x00, 0x01, 0x5E, 0xC0, 0x00, 0x03, 0xD0, 0x20, 0x3F, 0x00, 0xE3, 0x50, 0x03, 0x04, 0x4C, 0x44
	.byte 0x00, 0x3C, 0xCC, 0xC3, 0x4C, 0xC1, 0x11, 0x1D, 0xC1, 0x82, 0x00, 0x01, 0xDC, 0xD0, 0xDD, 0xD0
	.byte 0x0D, 0x00, 0xC0, 0x5D, 0xAB, 0x00, 0x03, 0xD0, 0x00, 0x03, 0x1D, 0x00, 0x03, 0xDD, 0x10, 0xD0
	.byte 0x93, 0xD4, 0x80, 0x01, 0x4D, 0xD5, 0x55, 0x55, 0x55, 0xD5, 0x1D, 0xD1, 0x00, 0xB1, 0xDD, 0x1B
	.byte 0xCC, 0xD1, 0x0D, 0xDD, 0x0D, 0xC0, 0x50, 0x62, 0x30, 0x01, 0x00, 0x00

  .globl gMonPalette_Meganium
gMonPalette_Meganium:
  .incbin "build/graphics/pokemon/meganium/normal_palette.gbapal.lz"

  .globl gMonBackPic_Meganium
gMonBackPic_Meganium:
  .incbin "build/graphics/pokemon/meganium/back.4bpp.lz"

  .globl gMonShinyPalette_Meganium
gMonShinyPalette_Meganium:
  .incbin "build/graphics/pokemon/meganium/shiny_palette.gbapal.lz"

	.globl gMonIcon_Meganium
gMonIcon_Meganium: @ 0x08C9B358 [154]
  .incbin "build/graphics/pokemon/meganium/icon.4bpp"
	@ analyzed canonical ROM range 0x08C9B758-0x08C9BA03
	@ structured u8 payload; no safe higher-level semantic type was provable
	.byte 0x00, 0x00, 0x80, 0xD8, 0xFC, 0xF8, 0xFC, 0xFC, 0x00, 0x00, 0x01, 0x1B, 0x3F, 0x1F, 0x3F, 0x3F
	.byte 0xFC, 0xFC, 0xF8, 0xF8, 0xF0, 0xC0, 0x00, 0x00, 0x3F, 0x3F, 0x1F, 0x1F, 0x0F, 0x03, 0x00, 0x00
	.byte 0x10, 0x00, 0x08, 0x00, 0x3F, 0x00, 0x00, 0xF0, 0x01, 0xF0, 0x01, 0xF0, 0x01, 0xF0, 0x01, 0xF0
	.byte 0x01, 0xF0, 0x01, 0xFF, 0xF0, 0x01, 0xF0, 0x01, 0xF0, 0x01, 0xF0, 0x01, 0xF0, 0x01, 0xF0, 0x01
	.byte 0xF0, 0x01, 0xF0, 0x01, 0xFF, 0xF0, 0x01, 0xF0, 0x01, 0xF0, 0x01, 0xF0, 0x01, 0xF0, 0x01, 0xF0
	.byte 0x01, 0xF0, 0x01, 0xF0, 0x01, 0xBF, 0x90, 0x01, 0x0D, 0x40, 0x03, 0xF0, 0x01, 0xF0, 0x01, 0xF0
	.byte 0x01, 0xF0, 0x01, 0xF0, 0x01, 0xF8, 0xF0, 0x01, 0xF0, 0x01, 0xF0, 0x01, 0xF0, 0x01, 0xF0, 0x01
	.byte 0x44, 0x44, 0x00, 0x01, 0x44, 0x22, 0x23, 0x40, 0x22, 0x22, 0x32, 0x00, 0x0C, 0x58, 0xD0, 0x40
	.byte 0x03, 0xCD, 0x00, 0x05, 0x00, 0x03, 0x0D, 0xCD, 0x44, 0x02, 0xD4, 0xDC, 0xCD, 0x33, 0x33, 0xC5
	.byte 0x00, 0x03, 0x53, 0x08, 0xCC, 0x00, 0xD0, 0xDC, 0x00, 0x1D, 0xDC, 0x00, 0x0D, 0x20, 0xCD, 0xDC
	.byte 0x00, 0x19, 0xDC, 0xCD, 0xDC, 0xCC, 0xCC, 0xC5, 0x40, 0x01, 0x00, 0x09, 0xCD, 0xDD, 0xCC, 0x10
	.byte 0x38, 0xDD, 0x00, 0x03, 0xE8, 0x00, 0x25, 0x30, 0x03, 0x00, 0x10, 0xDC, 0x00, 0x10, 0xDD, 0xDC
	.byte 0x00, 0x07, 0xDD, 0xCD, 0xDC, 0xDD, 0xCC, 0xF0, 0x7B, 0x70, 0x2F, 0xF1, 0x3D, 0xF6, 0xF0, 0x01
	.byte 0xF0, 0x01, 0xF0, 0x01, 0x40, 0x01, 0x40, 0xC0, 0x03, 0x20, 0x13, 0x24, 0x01, 0x22, 0x22, 0x23
	.byte 0x24, 0x22, 0x32, 0x32, 0x00, 0x06, 0x00, 0x73, 0x32, 0x32, 0x32, 0x66, 0x23, 0x23, 0x63, 0x12
	.byte 0x66, 0x33, 0x33, 0x10, 0x03, 0x66, 0xF6, 0x00, 0x03, 0x7F, 0x08, 0x33, 0x33, 0x43, 0xC5, 0x00
	.byte 0x03, 0x55, 0x66, 0x66, 0x04, 0x48, 0x54, 0x66, 0x66, 0x86, 0x00, 0x03, 0x76, 0x54, 0x00, 0xFF
	.byte 0x7F, 0x76, 0x58, 0x68, 0x66, 0x76, 0x58, 0x81, 0x00, 0x0B, 0x48, 0xCC, 0xDD, 0xDC, 0xDC, 0xCC
	.byte 0x00, 0xF7, 0x80, 0x10, 0xEF, 0xC5, 0xCC, 0xCB, 0xCC, 0xC5, 0xCB, 0xCA, 0x00, 0xCC, 0xC5, 0xCA
	.byte 0xBA, 0xBC, 0xC5, 0xBA, 0xBA, 0x06, 0xAA, 0xC5, 0xAA, 0xAA, 0xAA, 0x00, 0x16, 0x61, 0x12, 0xBC
	.byte 0x0A, 0xCB, 0xCC, 0xCC, 0xAB, 0x00, 0x07, 0xBA, 0x00, 0x03, 0xCA, 0x82, 0x00, 0x03, 0xBB, 0xBB
	.byte 0xCB, 0xDC, 0xDD, 0x00, 0xE4, 0xCC, 0xDF, 0x00, 0x03, 0x10, 0xEF, 0xDD, 0x00, 0xF8, 0x50, 0x0B
	.byte 0xF0, 0xFB, 0xF0, 0x01, 0xF0, 0x01, 0xD2, 0xF0, 0x01, 0x40, 0xEB, 0x34, 0x30, 0x03, 0x40, 0x33
	.byte 0x80, 0x03, 0x66, 0xA8, 0x00, 0x13, 0x99, 0x00, 0xE3, 0x6F, 0x00, 0xEE, 0x66, 0x33, 0x66, 0x00
	.byte 0x66, 0x66, 0x83, 0x66, 0x96, 0x89, 0x63, 0x96, 0x00, 0x69, 0x96, 0x66, 0x09, 0x90, 0x96, 0x96
	.byte 0x00, 0x18, 0x00, 0x68, 0x09, 0x00, 0x03, 0x00, 0xE3, 0x94, 0x66, 0x66, 0x40, 0x96, 0x00, 0x1D
	.byte 0x68, 0x76, 0x68, 0x76, 0x66, 0x76, 0xA0, 0x00, 0x08, 0x97, 0x00, 0x13, 0x79, 0x66, 0x66, 0x87
	.byte 0x77, 0xA0, 0x10, 0x0B, 0xCC, 0x00, 0xE3, 0x99, 0x9A, 0xAA, 0xAA, 0x59, 0x40, 0x99, 0x00, 0x03
	.byte 0x95, 0xAA, 0xAA, 0x54, 0x95, 0xA9, 0x00, 0xAA, 0x57, 0x55, 0x9A, 0xCC, 0x77, 0x55, 0xC9, 0x03
	.byte 0xCC, 0x79, 0x57, 0xC5, 0xCC, 0xAA, 0x00, 0xEC, 0x10, 0xEF, 0x80, 0x00, 0xFA, 0xDC, 0xBA, 0xCC
	.byte 0xDD, 0x0D, 0xAA, 0xCB, 0x29, 0xDC, 0x00, 0x00, 0x0E, 0x0D, 0x22, 0x20, 0xDC, 0xDD, 0x10, 0xF2
	.byte 0x3F, 0x00, 0xCC, 0x12, 0x0F, 0xF0, 0xB7, 0xF1, 0x03, 0xF0, 0x01, 0xF0, 0x01, 0xF0, 0x01, 0xD6
	.byte 0xF0, 0x01, 0xB0, 0x01, 0x69, 0x30, 0x03, 0x80, 0x00, 0xF2, 0x10, 0x03, 0x90, 0xDA, 0x11, 0x17
	.byte 0x10, 0x13, 0x90, 0x10, 0x03, 0x00, 0xEB, 0x69, 0x10, 0xF2, 0x67, 0x00, 0x76, 0x97, 0x69, 0x77
	.byte 0x77, 0x19, 0x91, 0x79, 0x00, 0x77, 0x79, 0x77, 0x96, 0x79, 0xF7, 0x77, 0x76, 0x00, 0xF8, 0xFF
	.byte 0x8F, 0x88, 0xF8, 0x00, 0xF0, 0x76, 0x01, 0x87, 0xD5, 0xCC, 0x66, 0x77, 0x0F, 0xDD, 0x00, 0x03
	.byte 0x02, 0x00, 0x77, 0x87, 0x0F, 0x00, 0x79, 0x00, 0x03, 0x77, 0x00, 0xF8, 0x00, 0x00, 0x88, 0x0F
	.byte 0x00, 0x00, 0xFF, 0xFF, 0x11, 0xD3, 0x51, 0xDB, 0xF0, 0xCC, 0xF0, 0x01, 0xF0, 0x01, 0xF0, 0x01
	.byte 0xF0, 0x01, 0xF0, 0x01, 0xEF, 0xF0, 0x01, 0xF0, 0x01, 0x70, 0x01, 0x19, 0x00, 0x03, 0x10, 0xAA
	.byte 0xF0, 0x01, 0x00, 0x01, 0x7F, 0xF1, 0x00, 0xC7, 0x00, 0x02, 0xF0, 0x01, 0xF0, 0x01, 0xF0, 0x01
	.byte 0xF0, 0x01, 0xF0, 0x01, 0xFF, 0xF0, 0x01, 0xF0, 0x01, 0xF0, 0x01, 0xF0, 0x01, 0xF0, 0x01, 0xF0
	.byte 0x01, 0xF0, 0x01, 0xF0, 0x01, 0xFF, 0xF0, 0x01, 0xF0, 0x01, 0xF0, 0x01, 0xF0, 0x01, 0xF0, 0x01
	.byte 0xF0, 0x01, 0xF0, 0x01, 0xF0, 0x01, 0xC0, 0xF0, 0x01, 0xA0, 0x01, 0x00

  .globl gMonPalette_Cyndaquil
gMonPalette_Cyndaquil:
  .incbin "build/graphics/pokemon/cyndaquil/normal_palette.gbapal.lz"

  .globl gMonBackPic_Cyndaquil
gMonBackPic_Cyndaquil:
  .incbin "build/graphics/pokemon/cyndaquil/back.4bpp.lz"

  .globl gMonShinyPalette_Cyndaquil
gMonShinyPalette_Cyndaquil:
  .incbin "build/graphics/pokemon/cyndaquil/shiny_palette.gbapal.lz"

	.globl gMonIcon_Cyndaquil
gMonIcon_Cyndaquil: @ 0x08C9BD80 [155]
  .incbin "build/graphics/pokemon/cyndaquil/icon.4bpp"
	@ analyzed canonical ROM range 0x08C9C180-0x08C9C4BB
	@ structured u8 payload; no safe higher-level semantic type was provable
	.byte 0x00, 0x00, 0x00, 0x00, 0x00, 0x80, 0xC0, 0xE0, 0x00, 0x00, 0x00, 0x00, 0x00, 0x01, 0x03, 0x07
	.byte 0xE0, 0xE0, 0xE0, 0xC0, 0x00, 0x00, 0x00, 0x00, 0x07, 0x07, 0x07, 0x03, 0x00, 0x00, 0x00, 0x00
	.byte 0x10, 0x00, 0x08, 0x00, 0x3F, 0x00, 0x00, 0xF0, 0x01, 0xF0, 0x01, 0xF0, 0x01, 0xF0, 0x01, 0xF0
	.byte 0x01, 0xF0, 0x01, 0xFF, 0xF0, 0x01, 0xF0, 0x01, 0xF0, 0x01, 0xF0, 0x01, 0xF0, 0x01, 0xF0, 0x01
	.byte 0xF0, 0x01, 0xF0, 0x01, 0xFF, 0xF0, 0x01, 0xF0, 0x01, 0xF0, 0x01, 0xF0, 0x01, 0xF0, 0x01, 0xF0
	.byte 0x01, 0xF0, 0x01, 0x40, 0x01, 0x05, 0x0D, 0x00, 0x00, 0xD0, 0x0C, 0x00, 0x03, 0xDC, 0x30, 0x03
	.byte 0x4C, 0xCD, 0x70, 0x03, 0xD0, 0xCC, 0x00, 0x07, 0x70, 0x25, 0x00, 0x0D, 0x40, 0x0D, 0x00, 0x21
	.byte 0x0D, 0x0D, 0xD0, 0xDC, 0xDD, 0x0D, 0x01, 0xCD, 0xCC, 0xAD, 0x0D, 0xBD, 0xDC, 0xDA, 0xF0, 0x4D
	.byte 0xFF, 0xF0, 0x01, 0xF0, 0x01, 0xF0, 0x01, 0xF0, 0x01, 0xF0, 0x01, 0xF0, 0x01, 0xF0, 0x01, 0xF0
	.byte 0x01, 0xE0, 0xF0, 0x01, 0xB0, 0xFC, 0x00, 0xE3, 0xDD, 0xD0, 0xBC, 0xDC, 0xCD, 0x10, 0xCD, 0xAC
	.byte 0xCC, 0x00, 0x03, 0xBC, 0xCD, 0xCC, 0xAC, 0x00, 0xAC, 0xCD, 0xAC, 0xAC, 0xAA, 0xCD, 0xAC, 0xAB
	.byte 0x00, 0xAA, 0xD0, 0xAC, 0xAA, 0x3A, 0xAC, 0xAC, 0xDA, 0x00, 0x00, 0xAC, 0xAA, 0xAA, 0x0D, 0xAB
	.byte 0xAA, 0xDA, 0x40, 0x00, 0x00, 0x06, 0x00, 0xAA, 0xDA, 0x50, 0x55, 0xAA, 0x00, 0x3A, 0x55, 0x33
	.byte 0x3A, 0x53, 0x33, 0xC3, 0x33, 0x17, 0x33, 0x33, 0xBC, 0xD0, 0x4F, 0x05, 0xC0, 0x03, 0xF0, 0x01
	.byte 0xF0, 0x01, 0xEA, 0xF0, 0x01, 0xF0, 0x01, 0x90, 0x01, 0xDD, 0x11, 0xB1, 0xDC, 0x00, 0x04, 0xCD
	.byte 0x14, 0xDC, 0x0D, 0xD0, 0x00, 0x0F, 0xD0, 0x20, 0x0F, 0x00, 0xD0, 0x10, 0xD0, 0xCC, 0x0D, 0x00
	.byte 0x03, 0xDC, 0xD0, 0xCD, 0xCC, 0x2A, 0xCC, 0xDD, 0x00, 0x03, 0xDC, 0x00, 0xD2, 0xCC, 0x91, 0xBF
	.byte 0x0D, 0x00, 0xDD, 0x00, 0x00, 0xDC, 0xCD, 0x0D, 0x00, 0xCC, 0xC4, 0x10, 0x03, 0x10, 0x27, 0xCB
	.byte 0xDC, 0xD0, 0x00, 0xE3, 0x33, 0xD0, 0x00, 0xAC, 0x3A, 0x33, 0x00, 0xBC, 0x3A, 0x35, 0x00, 0x00
	.byte 0xDC, 0x32, 0x35, 0x50, 0xD2, 0x32, 0x53, 0x50, 0x40, 0x22, 0x10, 0x03, 0x33, 0x53, 0x50, 0x32
	.byte 0x33, 0x63, 0x80, 0x10, 0xE3, 0x53, 0x35, 0x33, 0x33, 0xE5, 0xEE, 0x33, 0x00, 0x33, 0x1D, 0xE1
	.byte 0x33, 0x33, 0xD1, 0xE1, 0x69, 0x00, 0x76, 0xDF, 0x67, 0x66, 0x66, 0x6F, 0x66, 0x66, 0xAA, 0x20
	.byte 0x01, 0x55, 0x00, 0x5A, 0x44, 0x00, 0xE8, 0x43, 0x10, 0x03, 0x54, 0x14, 0x00, 0x00, 0x33, 0x00
	.byte 0x03, 0x37, 0x00, 0x03, 0x76, 0x44, 0x07, 0x0F, 0x00, 0x66, 0x49, 0x0F, 0xF0, 0xBC, 0xF0, 0x01
	.byte 0xE0, 0xDE, 0xC0, 0xA0, 0x0D, 0x11, 0x9F, 0x00, 0xCD, 0xCC, 0xD0, 0xDD, 0xD0, 0x01, 0xCC, 0x00
	.byte 0xCD, 0xCD, 0xCD, 0xDD, 0xCC, 0x00, 0xDC, 0xB0, 0x00, 0x03, 0x00, 0x00, 0x04, 0x00, 0x2A, 0xCC
	.byte 0xCD, 0xCC, 0xAA, 0x00, 0xCB, 0xCC, 0xCC, 0xAC, 0xAA, 0xCC, 0xAC, 0xCC, 0x01, 0xAA, 0xCC, 0xCC
	.byte 0xAA, 0xAA, 0xCC, 0xCA, 0x10, 0x0B, 0x40, 0xCA, 0x30, 0x0B, 0xAB, 0xAA, 0x8A, 0xCA, 0xCA, 0xCC
	.byte 0x0D, 0xCD, 0xAB, 0xBA, 0xCA, 0x00, 0x0D, 0x10, 0x03, 0x5A, 0x01, 0xBB, 0x00, 0x23, 0x33, 0x8A
	.byte 0x29, 0x33, 0x54, 0x99, 0x32, 0x10, 0x33, 0x33, 0x38, 0x00, 0xDC, 0x50, 0x33, 0x63, 0x66, 0x00
	.byte 0x0D, 0x65, 0x66, 0x66, 0x0D, 0x90, 0x99, 0x99, 0x00, 0x55, 0x00, 0x50, 0x95, 0x54, 0x55, 0x25
	.byte 0x22, 0x1D, 0x44, 0x23, 0x22, 0x00, 0x1D, 0x30, 0x01, 0x10, 0xE3, 0x89, 0x40, 0xEB, 0x05, 0x99
	.byte 0x77, 0x66, 0x66, 0x73, 0x00, 0x03, 0x63, 0x00, 0x0B, 0xD5, 0x10, 0x03, 0x20, 0x01, 0x47, 0x00
	.byte 0xE7, 0x76, 0x00, 0x03, 0x66, 0xF0, 0x03, 0xF9, 0x10, 0x17, 0xF0, 0xDE, 0xF0, 0x01, 0xF0, 0x01
	.byte 0xC1, 0x0F, 0xDD, 0xDD, 0x00, 0xEB, 0x75, 0xD0, 0xB1, 0x17, 0x40, 0x01, 0x01, 0x0A, 0xBB, 0x00
	.byte 0x03, 0x33, 0x00, 0x03, 0x20, 0x3C, 0xDD, 0x20, 0x27, 0x69, 0x66, 0x00, 0x00, 0x68, 0xAC, 0x00
	.byte 0x03, 0x90, 0x10, 0x03, 0x68, 0x50, 0xC7, 0x10, 0x01, 0x37, 0x33, 0x6C, 0x33, 0x01, 0xB9, 0xA0
	.byte 0x01, 0x77, 0x00, 0x16, 0x01, 0xE3, 0x73, 0x66, 0xA9, 0x60, 0x18, 0x76, 0x00, 0x03, 0x86, 0x30
	.byte 0x03, 0x87, 0x88, 0xC0, 0x2D, 0x80, 0x40, 0x21, 0x76, 0x66, 0x76, 0x77, 0x87, 0x77, 0x77, 0x04
	.byte 0x77, 0xF7, 0x77, 0x77, 0x87, 0x20, 0xFB, 0xF6, 0x00, 0x10, 0x00, 0x66, 0xF7, 0x01, 0xF3, 0x9F
	.byte 0x00, 0x00, 0x87, 0x82, 0x00, 0x03, 0x97, 0x98, 0x00, 0x00, 0x88, 0x10, 0x03, 0x88, 0xFC, 0xF0
	.byte 0xFF, 0xF0, 0x01, 0xF0, 0x01, 0xF0, 0x01, 0xF0, 0x01, 0x70, 0x01, 0x68, 0x97, 0x0C, 0x00, 0x80
	.byte 0x66, 0x66, 0x00, 0xF2, 0x00, 0x03, 0x68, 0x78, 0x00, 0x00, 0x78, 0x79, 0x79, 0x00, 0x90, 0x99
	.byte 0xFF, 0x80, 0x50, 0x1D, 0x67, 0x76, 0x77, 0xF7, 0x98, 0x99, 0xFF, 0x35, 0x0F, 0x77, 0x00, 0x8A
	.byte 0x00, 0xA2, 0x00, 0x40, 0x91, 0x80, 0x40, 0x03, 0x00, 0x00, 0x9F, 0x89, 0x66, 0x76, 0xF0, 0x79
	.byte 0x66, 0x04, 0x76, 0x00, 0x6F, 0x66, 0x77, 0x00, 0x46, 0x97, 0x68, 0x00, 0x66, 0x76, 0xF7, 0x96
	.byte 0x96, 0x77, 0x0F, 0x79, 0x00, 0x7F, 0xF7, 0x00, 0xFF, 0xFF, 0x0F, 0x00, 0xF7, 0x00, 0x99, 0x99
	.byte 0x88, 0x9F, 0x0F, 0x90, 0x8F, 0x9F, 0x1C, 0x0F, 0x00, 0xF0, 0x60, 0x54, 0x80, 0x01, 0x10, 0xE3
	.byte 0x88, 0x88, 0x44, 0xF8, 0x00, 0x03, 0x88, 0x0F, 0x8F, 0x00, 0x08, 0xF0, 0x88, 0x03, 0x89, 0x89
	.byte 0x00, 0x8F, 0xF8, 0xF8, 0x00, 0x2D, 0xF0, 0x2E, 0xFF, 0x40, 0x7F, 0xF1, 0x15, 0xF0, 0x01, 0xF0
	.byte 0x01, 0xF0, 0x01, 0xF0, 0x01, 0xF0, 0x01, 0xF0, 0x01, 0xFF, 0xF0, 0x01, 0xF0, 0x01, 0xF0, 0x01
	.byte 0xF0, 0x01, 0xF0, 0x01, 0xF0, 0x01, 0xF0, 0x01, 0xD0, 0x01, 0x00, 0x00

  .globl gMonPalette_Quilava
gMonPalette_Quilava:
  .incbin "build/graphics/pokemon/quilava/normal_palette.gbapal.lz"

  .globl gMonBackPic_Quilava
gMonBackPic_Quilava:
  .incbin "build/graphics/pokemon/quilava/back.4bpp.lz"

  .globl gMonShinyPalette_Quilava
gMonShinyPalette_Quilava:
  .incbin "build/graphics/pokemon/quilava/shiny_palette.gbapal.lz"

	.globl gMonIcon_Quilava
gMonIcon_Quilava: @ 0x08C9C880 [156]
  .incbin "build/graphics/pokemon/quilava/icon.4bpp"
	@ analyzed canonical ROM range 0x08C9CC80-0x08C9D0C7
	@ structured u8 payload; no safe higher-level semantic type was provable
	.byte 0x00, 0x00, 0x00, 0x00, 0x00, 0x40, 0x60, 0xE0, 0x00, 0x00, 0x00, 0x00, 0x00, 0x01, 0x05, 0x07
	.byte 0xE0, 0xE0, 0xE0, 0xC0, 0x00, 0x00, 0x00, 0x00, 0x07, 0x07, 0x07, 0x03, 0x00, 0x00, 0x00, 0x00
	.byte 0x10, 0x00, 0x08, 0x00, 0x31, 0x00, 0x00, 0xF0, 0x01, 0xF0, 0x01, 0x00, 0x00, 0xDD, 0x00, 0x03
	.byte 0x4A, 0xAD, 0x00, 0x04, 0xD0, 0xAA, 0x00, 0x04, 0xAD, 0x00, 0x04, 0xD0, 0x00, 0xAB, 0x4A, 0xD0
	.byte 0xDD, 0x4D, 0x34, 0x00, 0x00, 0x60, 0x0D, 0x00, 0x02, 0x00, 0x13, 0xDD, 0xDC, 0x0D, 0x00, 0xAD
	.byte 0x00, 0xCB, 0xDD, 0x00, 0xAD, 0xBA, 0xDC, 0x40, 0x44, 0x06, 0x44, 0x55, 0x34, 0x33, 0x33, 0x20
	.byte 0x01, 0x30, 0x3A, 0xD0, 0x80, 0x00, 0x03, 0xCD, 0xDC, 0x00, 0xD0, 0xCC, 0xDC, 0x0D, 0x00, 0xCD
	.byte 0xBC, 0xDC, 0xD5, 0xCC, 0xAC, 0xCC, 0x54, 0x01, 0x55, 0xAA, 0xCC, 0x33, 0x33, 0x55, 0xAA, 0x70
	.byte 0x61, 0x80, 0x00, 0x23, 0xDD, 0xCD, 0xCC, 0xDD, 0xCC, 0xCC, 0xAB, 0x00, 0xCC, 0xBC, 0xAA, 0xAA
	.byte 0xAB, 0xAA, 0xBA, 0xCC, 0x08, 0xAA, 0xAA, 0xCB, 0xCC, 0x30, 0x19, 0xDD, 0x00, 0xCD, 0x00, 0xAC
	.byte 0x0D, 0x00, 0xAB, 0xDA, 0x00, 0x00, 0xAA, 0xC0, 0x00, 0x6E, 0x10, 0x8B, 0xCC, 0xCC, 0xCC, 0x00
	.byte 0xCC, 0xDD, 0xFA, 0x00, 0x0C, 0xF0, 0x01, 0xF0, 0x01, 0xF0, 0x01, 0x90, 0x01, 0x54, 0x00, 0x03
	.byte 0x24, 0xC0, 0xF0, 0x03, 0x20, 0x03, 0x44, 0x00, 0xDD, 0x34, 0x33, 0x05, 0x02, 0x40, 0x33, 0x33
	.byte 0x53, 0x24, 0x32, 0x10, 0x03, 0x53, 0x00, 0x43, 0x22, 0x32, 0x53, 0x24, 0x22, 0x32, 0x25, 0x90
	.byte 0x10, 0x03, 0x22, 0x22, 0x00, 0x17, 0x35, 0x33, 0x33, 0x25, 0xA0, 0x40, 0x03, 0x32, 0x40, 0x03
	.byte 0x33, 0x33, 0x63, 0x66, 0x33, 0x0D, 0x66, 0x66, 0x66, 0x63, 0x00, 0x03, 0x00, 0x0C, 0x85, 0x41
	.byte 0x0A, 0x47, 0x83, 0x40, 0x07, 0x33, 0x66, 0x36, 0x00, 0x03, 0x00, 0x04, 0x10, 0x1E, 0x00, 0xAA
	.byte 0xAA, 0xAA, 0xBA, 0xB8, 0xAA, 0xBA, 0xDD, 0x04, 0xAB, 0xBA, 0xDD, 0xDD, 0x83, 0x20, 0x0B, 0xAA
	.byte 0xDB, 0x00, 0x83, 0xA8, 0xDD, 0xDD, 0xB8, 0xAB, 0xCA, 0xCC, 0x62, 0xB3, 0x01, 0x00, 0x00, 0xFA
	.byte 0x00, 0xDD, 0xDD, 0x20, 0x01, 0x0D, 0x74, 0xDB, 0x00, 0xEF, 0x10, 0xF2, 0x10, 0xF5, 0xDC, 0x00
	.byte 0x10, 0xCC, 0xCC, 0xFD, 0x10, 0x1D, 0x30, 0x0F, 0xE1, 0xAF, 0x40, 0x27, 0xF0, 0x01, 0xE0, 0x01
	.byte 0x44, 0x40, 0xEB, 0xD5, 0x01, 0xCB, 0x20, 0x03, 0x84, 0x40, 0x03, 0x80, 0x00, 0x03, 0x50, 0x00
	.byte 0xE3, 0x05, 0x63, 0x22, 0x32, 0x33, 0x66, 0x00, 0x06, 0x56, 0x00, 0xD7, 0x60, 0xD5, 0x00, 0xB9
	.byte 0x10, 0x03, 0x66, 0x37, 0x63, 0x66, 0x88, 0x0C, 0x66, 0x66, 0x86, 0xCD, 0x00, 0xC3, 0x10, 0x08
	.byte 0x66, 0x81, 0xB0, 0x00, 0x03, 0x61, 0x10, 0x0C, 0x10, 0x0F, 0x78, 0x66, 0x66, 0xDC, 0x01, 0x69
	.byte 0x66, 0x66, 0xCC, 0x69, 0x86, 0x77, 0x00, 0x0E, 0x56, 0x36, 0x40, 0x16, 0xD6, 0x00, 0x03, 0xDD
	.byte 0x00, 0x06, 0x00, 0x03, 0xDD, 0xC0, 0x10, 0x0B, 0x10, 0x03, 0x66, 0xAD, 0xDB, 0xDD, 0xDD, 0xBD
	.byte 0xC3, 0x00, 0xFB, 0x50, 0x01, 0xCD, 0xCD, 0xCC, 0x5C, 0x10, 0xDB, 0x31, 0x1F, 0x3E, 0x96, 0x39
	.byte 0x10, 0xF7, 0x00, 0x02, 0x20, 0xCF, 0x10, 0x07, 0x10, 0xB0, 0x05, 0xBF, 0x40, 0x03, 0x53, 0xF0
	.byte 0xCB, 0xF0, 0x01, 0xF0, 0x01, 0xF0, 0x01, 0xF0, 0x01, 0x60, 0x01, 0x00, 0x65, 0x66, 0x18, 0xC9
	.byte 0x80, 0x88, 0x80, 0xD9, 0x80, 0x01, 0x0E, 0xD1, 0x00, 0x00, 0x69, 0x89, 0x00, 0x90, 0x00, 0xF6
	.byte 0x96, 0x00, 0x68, 0xFF, 0x66, 0x80, 0xF6, 0x20, 0x6F, 0x66, 0x00, 0x06, 0x76, 0xCC, 0x69, 0x78
	.byte 0x77, 0x80, 0x10, 0x03, 0x1D, 0x97, 0x87, 0x77, 0x78, 0x69, 0x86, 0x00, 0x66, 0x99, 0x76, 0x87
	.byte 0x66, 0x66, 0x77, 0x87, 0x20, 0x66, 0x76, 0x00, 0x03, 0x77, 0xE7, 0x8E, 0x66, 0x67, 0xE2, 0x00
	.byte 0xE3, 0x10, 0x03, 0xF0, 0x01, 0x66, 0x66, 0x6F, 0x30, 0x06, 0x97, 0xB3, 0x00, 0x03, 0x76, 0xA0
	.byte 0x18, 0x00, 0x30, 0x67, 0x68, 0x00, 0x14, 0x00, 0x4A, 0xA8, 0x10, 0xE3, 0x39, 0x00, 0xEC, 0x97
	.byte 0x00, 0x03, 0x77, 0x09, 0x00, 0x00, 0x00, 0x76, 0x97, 0x00, 0x00, 0x66, 0x77, 0x08, 0x7F, 0x00
	.byte 0x00, 0x1C, 0x00, 0x03, 0x10, 0x11, 0xF0, 0x01, 0xF0, 0x01, 0xF0, 0x01, 0x80, 0x01, 0xA0, 0x11
	.byte 0xE7, 0x69, 0x00, 0x03, 0x68, 0x00, 0x00, 0x90, 0x86, 0x9E, 0x30, 0x03, 0x80, 0x66, 0x30, 0x0F
	.byte 0x00, 0x08, 0x00, 0xCD, 0x00, 0x89, 0xE7, 0x04, 0x66, 0x66, 0xE7, 0x09, 0x86, 0x00, 0x6E, 0x87
	.byte 0x9E, 0x00, 0x00, 0x00, 0xEE, 0x0E, 0x00, 0x00, 0xE8, 0xE8, 0xC1, 0x00, 0x8F, 0x00, 0x07, 0xE7
	.byte 0x09, 0x80, 0xF6, 0x09, 0x01, 0x14, 0xAA, 0x00, 0x37, 0x6F, 0x00, 0x03, 0xFF, 0x70, 0x07, 0x79
	.byte 0x00, 0x07, 0x79, 0x72, 0xFF, 0x40, 0xE3, 0x50, 0xEB, 0xE0, 0x07, 0x66, 0x76, 0x00, 0xE8, 0x66
	.byte 0x57, 0x97, 0x00, 0x04, 0x77, 0x01, 0x07, 0x76, 0x10, 0x6B, 0x40, 0x03, 0x10, 0x77, 0xA0, 0x10
	.byte 0x03, 0x77, 0x00, 0x7B, 0x77, 0x97, 0x68, 0x76, 0x77, 0x10, 0x77, 0x94, 0x79, 0x00, 0x03, 0x77
	.byte 0x79, 0x77, 0x47, 0x00, 0x99, 0x77, 0x87, 0x47, 0x79, 0x97, 0xE8, 0x47, 0x1F, 0x94, 0x89, 0xE9
	.byte 0x50, 0xC4, 0x00, 0x8A, 0xA0, 0x03, 0xF0, 0x01, 0xF0, 0x01, 0xF8, 0xF0, 0x01, 0xF0, 0x01, 0x60
	.byte 0x60, 0xF0, 0x01, 0x41, 0x3B, 0xF8, 0x6F, 0x00, 0x04, 0x90, 0xF8, 0xFF, 0x00, 0x80, 0x00, 0x07
	.byte 0x79, 0xF8, 0x00, 0xF6, 0x80, 0x66, 0xF7, 0x6F, 0xF8, 0x6F, 0xF7, 0x2F, 0x66, 0xF8, 0x00, 0xE0
	.byte 0xFF, 0xF0, 0xEF, 0xF0, 0x01, 0x30, 0xE7, 0x11, 0xFF, 0xC0, 0x50, 0x03, 0xB0, 0x1C, 0xE4, 0xEE
	.byte 0x0E, 0x77, 0x44, 0x44, 0x04, 0xE4, 0x77, 0x47, 0x44, 0x54, 0x00, 0x03, 0x44, 0x77, 0xA0, 0x00
	.byte 0x0C, 0x67, 0x00, 0x08, 0x76, 0x76, 0x77, 0x44, 0x66, 0x1C, 0x67, 0x77, 0x48, 0x90, 0x8C, 0x10
	.byte 0xF7, 0x13, 0x17, 0xE4, 0x00, 0x00, 0x00, 0x55, 0x54, 0x00, 0x55, 0x05, 0x44, 0x55, 0x7D, 0x44
	.byte 0xF1, 0x0A, 0xF0, 0x01, 0xF0, 0x01, 0xF2, 0x1F, 0x12, 0x0B, 0xF8, 0x40, 0x07, 0xD1, 0x10, 0x03
	.byte 0x12, 0x2F, 0x79, 0x00, 0x03, 0x90, 0xF6, 0xF6, 0x00, 0xDB, 0xFC, 0x00, 0xDC, 0x00, 0x06, 0xE0
	.byte 0x01, 0x12, 0xC2, 0xF0, 0x15, 0x41, 0xF6, 0x77, 0x77, 0xE3, 0x20, 0x01, 0xF0, 0x19, 0x63, 0x02
	.byte 0x66, 0x77, 0x67, 0x00, 0x3F, 0x13, 0x48, 0x79, 0x67, 0x00, 0x27, 0x00, 0x30, 0x10, 0x07, 0x00
	.byte 0xF7, 0x77, 0x66, 0x00, 0x37, 0x80, 0x50, 0x3F, 0x44, 0x45, 0x54, 0x00, 0x44, 0x54, 0xE5, 0x00
	.byte 0xEE, 0x48, 0x44, 0x45, 0x05, 0x48, 0x44, 0x54, 0x90, 0x00, 0x07, 0x44, 0x0E, 0x00, 0x03, 0x54
	.byte 0x44, 0x44, 0x44, 0x06, 0x44, 0x49, 0x44, 0x44, 0xEE, 0xF0, 0xCE, 0x71, 0x2B, 0x5E, 0xEC, 0xF0
	.byte 0x16, 0xF0, 0x01, 0x30, 0x01, 0x99, 0x00, 0xEA, 0x03, 0x13, 0x69, 0x66, 0x01, 0x00, 0x90, 0x68
	.byte 0x68, 0x00, 0xE0, 0xEE, 0x60, 0x57, 0x60, 0x89, 0x22, 0xAB, 0x13, 0xF0, 0x87, 0xEE, 0x66, 0xE8
	.byte 0xEE, 0x30, 0x00, 0xE8, 0x00, 0x58, 0x91, 0x74, 0x87, 0x88, 0x98, 0x99, 0x01, 0x88, 0x88, 0x88
	.byte 0x88, 0xEE, 0x99, 0x99, 0x00, 0x43, 0xA0, 0xF0, 0x01, 0x89, 0x00, 0xC3, 0x99, 0x99, 0x88, 0x77
	.byte 0xE9, 0x16, 0xEE, 0xEE, 0x8E, 0x00, 0x0E, 0xE0, 0xD0, 0x1F, 0x00, 0x1E, 0x87, 0xA0, 0x00, 0x03
	.byte 0x88, 0x10, 0xEB, 0xEE, 0x8E, 0x77, 0x77, 0x00, 0x16, 0xE0, 0x89, 0x77, 0x00, 0x26, 0x78, 0x00
	.byte 0x1A, 0x03, 0x89, 0x00, 0x50, 0x00, 0x10, 0xEF, 0x87, 0x12, 0x1F, 0x98, 0xE4, 0xEE, 0x77, 0x20
	.byte 0x87, 0xE9, 0x00, 0x2F, 0xE8, 0x00, 0x87, 0x87, 0xE7, 0x01, 0x00, 0x78, 0x78, 0xE8, 0x00, 0xEE
	.byte 0xEE, 0x20, 0x22, 0xC0, 0xF0, 0x01, 0x80, 0x01

  .globl gMonPalette_Typhlosion
gMonPalette_Typhlosion:
  .incbin "build/graphics/pokemon/typhlosion/normal_palette.gbapal.lz"

  .globl gMonBackPic_Typhlosion
gMonBackPic_Typhlosion:
  .incbin "build/graphics/pokemon/typhlosion/back.4bpp.lz"

  .globl gMonShinyPalette_Typhlosion
gMonShinyPalette_Typhlosion:
  .incbin "build/graphics/pokemon/typhlosion/shiny_palette.gbapal.lz"

	.globl gMonIcon_Typhlosion
gMonIcon_Typhlosion: @ 0x08C9D51C [157]
  .incbin "build/graphics/pokemon/typhlosion/icon.4bpp"
	@ analyzed canonical ROM range 0x08C9D91C-0x08C9DBDF
	@ structured u8 payload; no safe higher-level semantic type was provable
	.byte 0x00, 0x00, 0x00, 0x40, 0x60, 0xE0, 0xE0, 0xE0, 0x00, 0x00, 0x00, 0x01, 0x03, 0x03, 0x07, 0x07
	.byte 0xE0, 0xE0, 0xE0, 0xE0, 0xE0, 0xC0, 0x00, 0x00, 0x07, 0x07, 0x07, 0x03, 0x03, 0x01, 0x00, 0x00
	.byte 0x10, 0x00, 0x08, 0x00, 0x3F, 0x00, 0x00, 0xF0, 0x01, 0xF0, 0x01, 0xF0, 0x01, 0xF0, 0x01, 0xF0
	.byte 0x01, 0xF0, 0x01, 0xFF, 0xF0, 0x01, 0xF0, 0x01, 0xF0, 0x01, 0xF0, 0x01, 0xF0, 0x01, 0xF0, 0x01
	.byte 0xF0, 0x01, 0xF0, 0x01, 0xF8, 0xF0, 0x01, 0xF0, 0x01, 0xF0, 0x01, 0xF0, 0x01, 0xF0, 0x01, 0x00
	.byte 0x00, 0x50, 0x06, 0x55, 0x00, 0x00, 0x25, 0x42, 0xF0, 0x17, 0x40, 0x01, 0x55, 0x03, 0x55, 0x00
	.byte 0x5F, 0x33, 0x43, 0x0F, 0xF0, 0x18, 0xF0, 0x01, 0xFF, 0xF0, 0x01, 0xF0, 0x01, 0xF0, 0x01, 0xF0
	.byte 0x01, 0xF0, 0x01, 0xF0, 0x01, 0xF0, 0x01, 0xA0, 0x01, 0x55, 0x45, 0x00, 0xD7, 0x23, 0x00, 0xD7
	.byte 0x22, 0x00, 0x03, 0x32, 0x00, 0x03, 0x00, 0x52, 0x00, 0x00, 0x32, 0xF4, 0x00, 0x50, 0x32, 0x00
	.byte 0x53, 0x00, 0x54, 0x33, 0x34, 0x44, 0x34, 0x43, 0x04, 0x33, 0x22, 0x32, 0x33, 0x33, 0x00, 0x02
	.byte 0x33, 0x34, 0x80, 0x40, 0x03, 0x3F, 0x53, 0x45, 0xF4, 0x33, 0x15, 0xF1, 0x00, 0x54, 0x43, 0xBF
	.byte 0xF1, 0x45, 0xF3, 0xD1, 0xF1, 0x00, 0x4F, 0xF5, 0xBC, 0xF1, 0x3F, 0xFF, 0xBF, 0xF1, 0x09, 0x35
	.byte 0xF4, 0x5F, 0x45, 0x00, 0x1D, 0x53, 0x33, 0x50, 0x58, 0x00, 0x9F, 0x99, 0xA9, 0x00, 0x85, 0x88
	.byte 0xF9, 0x00, 0x40, 0xF4, 0x00, 0x03, 0x54, 0x98, 0x0F, 0x99, 0x44, 0x95, 0x06, 0x9F, 0x88, 0x43
	.byte 0xF4, 0x88, 0x01, 0x43, 0xF0, 0x01, 0x09, 0xDF, 0x11, 0x3E, 0x00, 0x03, 0x53, 0xF1, 0x3D, 0xF0
	.byte 0x01, 0xF0, 0x01, 0xF0, 0x01, 0xF0, 0x01, 0xA8, 0x80, 0x01, 0x24, 0x00, 0xE3, 0x54, 0x00, 0xA7
	.byte 0x65, 0xFF, 0x00, 0x20, 0x00, 0xF0, 0xE0, 0x1D, 0x33, 0x54, 0x55, 0x55, 0x53, 0x00, 0x05, 0xF0
	.byte 0xFF, 0x1F, 0x0F, 0x50, 0xFF, 0x65, 0x01, 0x0F, 0x15, 0xCF, 0xF0, 0x00, 0x40, 0xCF, 0x00, 0x27
	.byte 0x80, 0x00, 0x03, 0xF5, 0xCF, 0x00, 0x50, 0xF1, 0xCF, 0x55, 0x00, 0x55, 0x35, 0x33, 0xCF, 0xFB
	.byte 0x33, 0x33, 0xBC, 0x00, 0xFB, 0x33, 0x34, 0xBB, 0x16, 0x33, 0x54, 0xBB, 0x20, 0xCB, 0x3F, 0x30
	.byte 0x03, 0xC1, 0x4F, 0xEF, 0xBB, 0x1C, 0x00, 0x43, 0xEF, 0x43, 0xF4, 0x55, 0x34, 0x33, 0x54, 0x00
	.byte 0x34, 0x22, 0x33, 0x45, 0x23, 0x33, 0x33, 0x25, 0x80, 0x01, 0x39, 0x3D, 0x33, 0x43, 0xD3, 0x3D
	.byte 0x43, 0xF4, 0x02, 0xDD, 0xDD, 0x54, 0x4F, 0xDD, 0xDD, 0x01, 0x22, 0xF5, 0x88, 0x00, 0x63, 0xF4
	.byte 0x00, 0x00, 0x12, 0x29, 0xF4, 0x99, 0xAA, 0x00, 0x00, 0xFF, 0x98, 0xF9, 0x00, 0x44, 0x9F, 0x0F
	.byte 0x00, 0xA0, 0x44, 0xF4, 0x00, 0x90, 0x44, 0x44, 0x0F, 0x41, 0x89, 0x90, 0x8B, 0xA0, 0x0A, 0x00
	.byte 0x00, 0x99, 0x00, 0x27, 0x5F, 0x98, 0x40, 0x03, 0x58, 0xF1, 0x3D, 0xF0, 0x01, 0xF0, 0x01, 0xF0
	.byte 0x01, 0xF0, 0x01, 0xA6, 0x80, 0x01, 0x15, 0x01, 0x17, 0x00, 0x35, 0x12, 0xF0, 0xF0, 0x1B, 0x00
	.byte 0x00, 0x00, 0xCC, 0x3F, 0xF4, 0xEE, 0x33, 0x43, 0xE5, 0x00, 0xDE, 0xFF, 0x5F, 0xEE, 0xDD, 0x00
	.byte 0xD5, 0xED, 0x00, 0xDD, 0x00, 0x2F, 0xDD, 0x3E, 0x00, 0xF0, 0x22, 0x00, 0x33, 0x00, 0x50, 0x2F
	.byte 0x32, 0x00, 0x50, 0x52, 0x00, 0x33, 0xDD, 0x3D, 0x34, 0x33, 0xDD, 0x33, 0x35, 0x00, 0x55, 0x3D
	.byte 0x33, 0x55, 0x53, 0x33, 0xF3, 0x52, 0x00, 0x43, 0x33, 0xF3, 0x22, 0x34, 0x33, 0x43, 0x2F, 0x00
	.byte 0x33, 0x33, 0x44, 0x4F, 0x32, 0x43, 0x44, 0xF4, 0x80, 0x10, 0x03, 0x5F, 0x35, 0x44, 0x54, 0x44
	.byte 0xF3, 0x44, 0x00, 0x44, 0x44, 0x33, 0x4F, 0x44, 0x44, 0x34, 0x45, 0x10, 0x54, 0x44, 0x33, 0x00
	.byte 0x0F, 0x33, 0xF4, 0xF4, 0xF5, 0x06, 0x33, 0xF4, 0xF5, 0x0F, 0x45, 0x01, 0x1B, 0x01, 0x0B, 0x00
	.byte 0x56, 0x44, 0x01, 0x27, 0x44, 0x00, 0xF3, 0x54, 0x00, 0x03, 0x00, 0x0A, 0x00, 0xFF, 0xF2, 0x1A
	.byte 0xF0, 0x01, 0xF0, 0x01, 0xF0, 0x01, 0xF0, 0x01, 0xF0, 0x01, 0xF0, 0x01, 0x80, 0x01, 0x1B, 0x40
	.byte 0x23, 0x43, 0x01, 0x1E, 0x02, 0x3F, 0x50, 0x01, 0x23, 0x03, 0x33, 0x00, 0x40, 0x32, 0x43, 0x00
	.byte 0x24, 0x34, 0x44, 0x50, 0x00, 0x53, 0x44, 0xF5, 0x50, 0x4F, 0xF4, 0x0F, 0x44, 0x00, 0x44, 0xF4
	.byte 0x34, 0x55, 0xFF, 0x55, 0x3F, 0x43, 0x16, 0x44, 0xFF, 0x3F, 0x00, 0xC3, 0x50, 0x00, 0xCA, 0xA0
	.byte 0xBB, 0x33, 0xEF, 0x00, 0xD0, 0x21, 0xFF, 0x40, 0xE3, 0xFF, 0xF0, 0xD8, 0xF0, 0x01, 0xF0, 0x01
	.byte 0xF0, 0x01, 0xFF, 0xF0, 0x01, 0xF0, 0x01, 0xF0, 0x01, 0xF0, 0x01, 0xF0, 0x01, 0xB0, 0x01, 0xF0
	.byte 0xB0, 0xF0, 0x01, 0xFF, 0xF0, 0x01, 0xF0, 0x01, 0xF0, 0x01, 0xF0, 0x01, 0xF0, 0x01, 0xF0, 0x01
	.byte 0xF0, 0x01, 0xF0, 0x01, 0xFF, 0xF0, 0x01, 0xF0, 0x01, 0xF0, 0x01, 0xF0, 0x01, 0xF0, 0x01, 0xF0
	.byte 0x01, 0xF0, 0x01, 0xF0, 0x01, 0xF8, 0xF0, 0x01, 0xF0, 0x01, 0xF0, 0x01, 0xF0, 0x01, 0xF0, 0x01
	.byte 0x00, 0x00, 0x00, 0x00

  .globl gMonPalette_Totodile
gMonPalette_Totodile:
  .incbin "build/graphics/pokemon/totodile/normal_palette.gbapal.lz"
  .space 0x2, 0x00

  .globl gMonBackPic_Totodile
gMonBackPic_Totodile:
  .incbin "build/graphics/pokemon/totodile/back.4bpp.lz"

  .globl gMonShinyPalette_Totodile
gMonShinyPalette_Totodile:
  .incbin "build/graphics/pokemon/totodile/shiny_palette.gbapal.lz"

	.globl gMonIcon_Totodile
gMonIcon_Totodile: @ 0x08C9DF10 [158]
  .incbin "build/graphics/pokemon/totodile/icon.4bpp"
	@ analyzed canonical ROM range 0x08C9E310-0x08C9E697
	@ structured u8 payload; no safe higher-level semantic type was provable
	.byte 0x00, 0x00, 0x00, 0x80, 0xE0, 0xE0, 0xE0, 0xE0, 0x00, 0x00, 0x00, 0x01, 0x05, 0x07, 0x07, 0x07
	.byte 0xE0, 0xE0, 0xE0, 0xE0, 0xC0, 0x00, 0x00, 0x00, 0x07, 0x07, 0x03, 0x03, 0x01, 0x00, 0x00, 0x00
	.byte 0x10, 0x00, 0x08, 0x00, 0x3F, 0x00, 0x00, 0xF0, 0x01, 0xF0, 0x01, 0xF0, 0x01, 0xF0, 0x01, 0xF0
	.byte 0x01, 0xF0, 0x01, 0x81, 0x90, 0x01, 0xA0, 0x0A, 0x00, 0x00, 0x8A, 0x0B, 0xF0, 0x17, 0xFF, 0xF0
	.byte 0x01, 0xF0, 0x01, 0xF0, 0x01, 0xF0, 0x01, 0xF0, 0x01, 0xF0, 0x01, 0xF0, 0x01, 0xF0, 0x01, 0xF0
	.byte 0xF0, 0x01, 0xF0, 0x01, 0x50, 0xD2, 0x00, 0xCE, 0xA0, 0xB9, 0xA0, 0x00, 0x14, 0xA0, 0x99, 0x8B
	.byte 0x00, 0x03, 0xB9, 0x00, 0x03, 0x99, 0x00, 0x00, 0xA0, 0x88, 0x0B, 0x00, 0x8A, 0x98, 0x0B, 0xA0
	.byte 0x00, 0x88, 0x99, 0x0B, 0x8A, 0x98, 0x99, 0x0B, 0x88, 0x02, 0x99, 0x99, 0xAB, 0x9A, 0x99, 0x99
	.byte 0x00, 0x02, 0x99, 0x05, 0xA9, 0x99, 0x55, 0xAA, 0xAA, 0x90, 0x3E, 0xAA, 0x00, 0x3E, 0x05, 0xA9
	.byte 0x0F, 0x00, 0x00, 0xBA, 0x00, 0x0B, 0xFA, 0x00, 0x03, 0xFF, 0x00, 0x0A, 0xF0, 0x01, 0xF0, 0x01
	.byte 0xF0, 0x01, 0xF0, 0x01, 0xF0, 0x01, 0xF0, 0x01, 0xF0, 0x01, 0xD4, 0xF0, 0x01, 0x90, 0x01, 0x40
	.byte 0x00, 0x03, 0x24, 0x20, 0xE3, 0x50, 0x99, 0x00, 0x59, 0x00, 0x50, 0x95, 0x35, 0x00, 0x35, 0x95
	.byte 0x00, 0x33, 0x00, 0x25, 0x33, 0x33, 0x54, 0x45, 0x33, 0x00, 0xF3, 0x22, 0x22, 0x44, 0xF3, 0x22
	.byte 0x33, 0x33, 0x04, 0x33, 0x55, 0x33, 0x43, 0xFB, 0x00, 0x06, 0x33, 0x33, 0x00, 0xF5, 0x3F, 0x33
	.byte 0xF3, 0xFF, 0xFF, 0x33, 0x1F, 0x00, 0xF1, 0xFF, 0x34, 0x66, 0x11, 0x5F, 0x34, 0x6F, 0x25, 0x34
	.byte 0x43, 0x00, 0x14, 0x14, 0x34, 0x10, 0xE3, 0x05, 0x00, 0x03, 0x50, 0x53, 0x00, 0x03, 0x33, 0x00
	.byte 0x0C, 0x33, 0xA5, 0xAA, 0xBA, 0x00, 0x33, 0x53, 0x99, 0xF9, 0x33, 0x53, 0xA9, 0xFA, 0x1F, 0x33
	.byte 0x53, 0xAA, 0xF1, 0x02, 0xF0, 0x01, 0xF0, 0x01, 0xF0, 0x01, 0xF0, 0x01, 0xE5, 0xF0, 0x01, 0xF0
	.byte 0x01, 0x20, 0x01, 0x50, 0x33, 0x00, 0x03, 0x34, 0x00, 0x03, 0xBC, 0x10, 0xA2, 0x35, 0x10, 0x10
	.byte 0x40, 0x03, 0x20, 0x01, 0x20, 0xDB, 0x34, 0x33, 0x08, 0x33, 0x53, 0x33, 0x33, 0x00, 0xD0, 0x53
	.byte 0xF5, 0xFF, 0x00, 0xFF, 0x2F, 0x77, 0x51, 0x00, 0x1E, 0x67, 0x05, 0x00, 0xE0, 0x7C, 0x67, 0x00
	.byte 0xE0, 0x7C, 0x66, 0x33, 0x80, 0x00, 0xF1, 0x43, 0xF4, 0xED, 0xDE, 0xF4, 0x7F, 0xCD, 0x00, 0xDC
	.byte 0x7F, 0x17, 0xCD, 0xCC, 0x77, 0x11, 0xCD, 0x08, 0xCC, 0x66, 0xF7, 0xCC, 0x30, 0x03, 0xE7, 0xCC
	.byte 0xDC, 0x80, 0x01, 0x18, 0x00, 0x3F, 0x33, 0x95, 0xBB, 0xFD, 0x33, 0x10, 0x95, 0x99, 0xFD, 0x00
	.byte 0xFC, 0x5D, 0x33, 0x53, 0xFA, 0x08, 0x3D, 0x33, 0x53, 0x5B, 0x00, 0x03, 0x25, 0x3F, 0x33, 0x30
	.byte 0x35, 0x22, 0x50, 0x67, 0x11, 0x08, 0x0F, 0x05, 0xF5, 0x00, 0x10, 0x50, 0xF3, 0xF3, 0x01, 0x62
	.byte 0x35, 0x0F, 0x32, 0x33, 0x07, 0x53, 0x0F, 0x33, 0x33, 0x44, 0xF1, 0x1F, 0xF0, 0x01, 0xF0, 0x01
	.byte 0xF4, 0xF0, 0x01, 0xF0, 0x01, 0xF0, 0x01, 0x50, 0x01, 0x45, 0x00, 0x02, 0x23, 0x00, 0x10, 0x50
	.byte 0x35, 0x33, 0x01, 0x12, 0x33, 0x00, 0xCE, 0x77, 0x00, 0x66, 0x00, 0xCE, 0x7D, 0x77, 0x00, 0xE5
	.byte 0xCC, 0x03, 0xCC, 0x45, 0x32, 0xDF, 0xDD, 0x22, 0x01, 0xE5, 0x01, 0x0A, 0x00, 0xDE, 0x33, 0x44
	.byte 0xE4, 0xDC, 0x44, 0xF4, 0xEF, 0x00, 0xC2, 0x66, 0xCE, 0xCC, 0xFD, 0x77, 0xCC, 0xDC, 0x00, 0x4F
	.byte 0xCC, 0xDC, 0xFD, 0x44, 0xDD, 0xFD, 0x4F, 0x00, 0x44, 0xFF, 0x4F, 0x44, 0x34, 0x4D, 0x44, 0x34
	.byte 0x28, 0x33, 0x3D, 0x01, 0x36, 0xCC, 0x11, 0x3A, 0x53, 0x23, 0x33, 0xF0, 0x12, 0x0A, 0x01, 0x42
	.byte 0x10, 0x01, 0x00, 0x09, 0x44, 0x44, 0x33, 0x43, 0x01, 0x44, 0x54, 0x33, 0x44, 0xF4, 0xFF, 0x33
	.byte 0x00, 0x31, 0x08, 0x33, 0x43, 0xF5, 0x00, 0x10, 0xE6, 0x43, 0xF4, 0x00, 0x2F, 0x00, 0x44, 0x02
	.byte 0x28, 0x54, 0xF3, 0x17, 0xF0, 0x01, 0xF0, 0x01, 0xF0, 0x01, 0xF0, 0xF0, 0x01, 0xF0, 0x01, 0x20
	.byte 0x01, 0x00, 0xE7, 0x00, 0x35, 0x3F, 0x00, 0x10, 0x00, 0xF0, 0xF0, 0xF0, 0x1B, 0x00, 0x00, 0xF5
	.byte 0x0F, 0x00, 0x2E, 0xC2, 0x0F, 0x00, 0x2E, 0xC2, 0x00, 0xE0, 0x00, 0x22, 0x22, 0x00, 0xE5, 0x22
	.byte 0x22, 0x50, 0xE3, 0x00, 0x2C, 0xC2, 0x40, 0xE2, 0xCC, 0xCC, 0x25, 0x22, 0x01, 0xCD, 0xCC, 0x2F
	.byte 0x22, 0xCE, 0xCC, 0xCC, 0x00, 0xE4, 0x0D, 0xCC, 0xCC, 0x3C, 0xC3, 0x30, 0x07, 0x50, 0x03, 0x3C
	.byte 0x10, 0x04, 0x10, 0xDC, 0x33, 0xC3, 0x00, 0x03, 0xDD, 0xDD, 0xFD, 0xCC, 0x00, 0xDD, 0xDD, 0xDD
	.byte 0xDC, 0xDD, 0xED, 0x55, 0xD3, 0x00, 0xDD, 0x3E, 0x43, 0xD3, 0xED, 0x33, 0x33, 0xDD, 0x7E, 0x3E
	.byte 0x30, 0x03, 0x00, 0x0A, 0x00, 0x7B, 0x41, 0xFB, 0x00, 0x03, 0x01, 0x02, 0x00, 0xD1, 0x11, 0xF1
	.byte 0x11, 0x07, 0x44, 0x11, 0x0F, 0xF4, 0xF5, 0xB0, 0xE0, 0x90, 0xAF, 0x04, 0x43, 0xB0, 0x00, 0x03
	.byte 0xAB, 0x14, 0x4B, 0xF5, 0x5D, 0xF0, 0x01, 0xF0, 0x01, 0xF0, 0xF0, 0x01, 0xF0, 0x01, 0x23, 0x18
	.byte 0x10, 0x03, 0x2F, 0x22, 0xE3, 0xCC, 0x00, 0x3F, 0x32, 0x33, 0xCE, 0xF0, 0x33, 0x33, 0xF3, 0x81
	.byte 0x02, 0xC8, 0x43, 0x50, 0x55, 0x34, 0x43, 0x35, 0x01, 0xC4, 0x22, 0x43, 0x3F, 0x01, 0xC0, 0x43
	.byte 0xF5, 0x0F, 0x00, 0xE3, 0xDD, 0x68, 0xCC, 0x10, 0xE0, 0x00, 0x01, 0xE5, 0x00, 0x03, 0xF4, 0xFF
	.byte 0xDE, 0x05, 0xDD, 0xF5, 0x00, 0xF0, 0xFF, 0x51, 0xC3, 0x5D, 0x00, 0xE3, 0x60, 0xFD, 0x01, 0xF7
	.byte 0x00, 0x03, 0x44, 0xED, 0x3F, 0x44, 0x44, 0x00, 0xFE, 0x4F, 0x44, 0x44, 0x5F, 0xF5, 0x44, 0x44
	.byte 0x00, 0xFF, 0xFF, 0xFF, 0x44, 0x00, 0x50, 0x43, 0x44, 0x01, 0x44, 0xF4, 0x33, 0xF5, 0x44, 0xF4
	.byte 0x34, 0x02, 0x0E, 0x10, 0x44, 0x44, 0x44, 0x00, 0x17, 0x44, 0x4F, 0x44, 0x55, 0x04, 0xF4, 0x55
	.byte 0xF5, 0xFF, 0x54, 0x00, 0x41, 0x44, 0xF5, 0x8E, 0x35, 0x33, 0xAB, 0x5F, 0x05, 0x03, 0x87, 0x00
	.byte 0x0F, 0x01, 0x13, 0xF5, 0xFF, 0x00, 0x58, 0xF2, 0x1F, 0xF0, 0x01, 0xF0, 0x01, 0xF0, 0x01, 0xF0
	.byte 0x01, 0xF0, 0x01, 0x70, 0xC9, 0xF9, 0xF0, 0x01, 0xF0, 0x01, 0xF0, 0x01, 0x00, 0xE3, 0x04, 0x53
	.byte 0x55, 0xFF, 0xF0, 0x18, 0xBF, 0x30, 0x01, 0xF4, 0x00, 0xE3, 0xF0, 0x62, 0xF0, 0x01, 0xF0, 0x01
	.byte 0xF0, 0x01, 0xF0, 0x01, 0x00, 0x00, 0x00, 0x00

  .globl gMonPalette_Croconaw
gMonPalette_Croconaw:
  .incbin "build/graphics/pokemon/croconaw/normal_palette.gbapal.lz"

  .globl gMonBackPic_Croconaw
gMonBackPic_Croconaw:
  .incbin "build/graphics/pokemon/croconaw/back.4bpp.lz"

  .globl gMonShinyPalette_Croconaw
gMonShinyPalette_Croconaw:
  .incbin "build/graphics/pokemon/croconaw/shiny_palette.gbapal.lz"

	.globl gMonIcon_Croconaw
gMonIcon_Croconaw: @ 0x08C9EA38 [159]
  .incbin "build/graphics/pokemon/croconaw/icon.4bpp"
	@ analyzed canonical ROM range 0x08C9EE38-0x08C9F3C3
	@ structured u8 payload; no safe higher-level semantic type was provable
	.byte 0x00, 0x00, 0x00, 0x00, 0x40, 0xC0, 0xC0, 0xC0, 0x00, 0x00, 0x00, 0x03, 0x07, 0x07, 0x07, 0x07
	.byte 0xC0, 0xC0, 0xC0, 0xC0, 0xC0, 0x80, 0x00, 0x00, 0x07, 0x07, 0x07, 0x03, 0x03, 0x01, 0x00, 0x00
	.byte 0x10, 0x00, 0x08, 0x00, 0x3A, 0x00, 0x00, 0xF0, 0x01, 0xF0, 0x01, 0x90, 0x01, 0x99, 0x00, 0x03
	.byte 0x79, 0x50, 0x0A, 0x00, 0x03, 0xA8, 0x00, 0x03, 0x88, 0x00, 0x00, 0x90, 0x82, 0x10, 0x0B, 0x0A
	.byte 0x00, 0x90, 0x87, 0x0A, 0x00, 0x0E, 0x0A, 0x00, 0x90, 0x87, 0x88, 0x0A, 0x79, 0x88, 0x88, 0x0A
	.byte 0x00, 0x97, 0x88, 0x88, 0x9A, 0x8A, 0x88, 0x88, 0x89, 0xD5, 0xD0, 0x3D, 0x10, 0x2D, 0x89, 0x00
	.byte 0x03, 0x98, 0x00, 0x31, 0x99, 0x00, 0x31, 0x93, 0xF0, 0x1F, 0x00, 0x90, 0x00, 0x4D, 0x79, 0x87
	.byte 0x40, 0x49, 0x40, 0x73, 0x00, 0x0A, 0x00, 0x99, 0x77, 0x0A, 0x99, 0x77, 0x98, 0x00, 0x0A, 0x77
	.byte 0x88, 0x98, 0x0A, 0x88, 0x88, 0xA8, 0x5F, 0x00, 0x30, 0x03, 0xA9, 0xF0, 0x9E, 0xF0, 0x01, 0xF0
	.byte 0x01, 0xF0, 0x01, 0xF0, 0x01, 0x01, 0x00, 0x00, 0x44, 0x00, 0x00, 0x40, 0x33, 0x30, 0xE3, 0xA0
	.byte 0x00, 0x03, 0x40, 0x00, 0xEF, 0x24, 0x79, 0x3A, 0x40, 0x22, 0x00, 0xA2, 0x53, 0x50, 0x42, 0x33
	.byte 0x54, 0x55, 0x34, 0x00, 0x53, 0x35, 0x33, 0x55, 0x35, 0x33, 0x88, 0x88, 0x00, 0x88, 0x98, 0x88
	.byte 0x55, 0x55, 0x95, 0x5A, 0x33, 0x00, 0x33, 0xF3, 0x35, 0xF3, 0x4F, 0x33, 0x33, 0xCF, 0x00, 0xBB
	.byte 0x35, 0xF3, 0xF1, 0x1E, 0x51, 0x33, 0x33, 0x01, 0x43, 0x33, 0x33, 0x33, 0x64, 0x35, 0xA9, 0x01
	.byte 0x18, 0x80, 0x20, 0x03, 0xFF, 0x7A, 0x88, 0x4F, 0x43, 0x8A, 0x88, 0x01, 0xF3, 0x45, 0x8A, 0x55
	.byte 0x33, 0x53, 0x55, 0x00, 0x1B, 0x00, 0x23, 0x23, 0x33, 0x33, 0x32, 0x22, 0x88, 0x9A, 0x08, 0x87
	.byte 0x88, 0x88, 0x7A, 0x00, 0x45, 0x88, 0xF8, 0xFF, 0x00, 0x88, 0x55, 0x45, 0x44, 0x55, 0x44, 0x54
	.byte 0x44, 0x8A, 0x00, 0x1C, 0x45, 0x32, 0x32, 0x10, 0x21, 0x32, 0x00, 0x5F, 0xA9, 0x8A, 0x00, 0xE7
	.byte 0x0A, 0x00, 0x8F, 0x01, 0x30, 0xF4, 0x00, 0x03, 0x44, 0x00, 0x9F, 0xAA, 0xAA, 0x44, 0xF4, 0x8A
	.byte 0x88, 0x44, 0x03, 0xF4, 0xA8, 0x99, 0x53, 0x44, 0x9F, 0x11, 0x8C, 0xA0, 0x01, 0x7E, 0xAA, 0x00
	.byte 0x03, 0x11, 0x15, 0x01, 0x62, 0x20, 0x03, 0xF0, 0x01, 0xD0, 0x01, 0x24, 0x00, 0x22, 0x00, 0x40
	.byte 0x22, 0x33, 0x00, 0x50, 0x34, 0xA8, 0x00, 0x03, 0x53, 0x00, 0x03, 0x35, 0x30, 0x07, 0x00, 0xDF
	.byte 0x55, 0x0C, 0x00, 0x00, 0xE0, 0xBC, 0x00, 0x8B, 0x00, 0x01, 0x35, 0x33, 0x00, 0x43, 0x43, 0x51
	.byte 0x33, 0x35, 0x43, 0x61, 0x55, 0x00, 0x33, 0x55, 0xE5, 0xCD, 0x53, 0xDD, 0xCC, 0xCC, 0x00, 0xB5
	.byte 0xCB, 0xCC, 0xCC, 0xBB, 0xBB, 0xCC, 0xCC, 0x00, 0x33, 0x43, 0x16, 0x35, 0x33, 0xF4, 0x11, 0x55
	.byte 0x00, 0x43, 0xD5, 0x66, 0xDD, 0xF5, 0xCE, 0xCC, 0xDD, 0x00, 0x1D, 0xCE, 0xCC, 0xDC, 0xEC, 0xCC
	.byte 0xCC, 0xDC, 0x60, 0xCC, 0x40, 0x03, 0x00, 0xC5, 0x22, 0x35, 0x33, 0x22, 0x22, 0x00, 0x5D, 0x33
	.byte 0x32, 0x32, 0xDD, 0x35, 0x23, 0x23, 0x02, 0xDD, 0x35, 0x33, 0x33, 0xDD, 0x5D, 0x10, 0x03, 0x34
	.byte 0x0F, 0x33, 0xDD, 0x4D, 0x34, 0x00, 0x15, 0x00, 0x21, 0x00, 0x61, 0x00, 0x06, 0x82, 0x10, 0x01
	.byte 0x55, 0x53, 0x33, 0x53, 0x22, 0x00, 0x03, 0x32, 0x18, 0x53, 0x34, 0x33, 0x00, 0x6B, 0x01, 0x45
	.byte 0x45, 0x9F, 0xA9, 0x04, 0x33, 0xF4, 0x9F, 0x0A, 0x53, 0x00, 0x03, 0x55, 0x45, 0x00, 0xAF, 0x00
	.byte 0x44, 0x54, 0xF4, 0x00, 0x55, 0x45, 0x21, 0x55, 0x05, 0x00, 0x1B, 0x53, 0x55, 0x55, 0x55, 0x01
	.byte 0xA3, 0xD6, 0xF0, 0x01, 0x10, 0x01, 0x05, 0x00, 0x03, 0x54, 0xF0, 0x16, 0xF0, 0x01, 0x00, 0x2D
	.byte 0xE0, 0xCB, 0x00, 0x04, 0xBE, 0x10, 0x08, 0xC0, 0x18, 0x50, 0x00, 0x03, 0x00, 0x55, 0xBB, 0xCB
	.byte 0xCB, 0xCC, 0xBC, 0xBC, 0xCC, 0x40, 0xCC, 0x00, 0xEE, 0xCC, 0xEE, 0xCD, 0xCC, 0xCC, 0x00, 0x00
	.byte 0xEE, 0xDD, 0xDD, 0x55, 0x45, 0xFF, 0xFF, 0x24, 0x01, 0x53, 0x54, 0x45, 0x35, 0x43, 0x45, 0x44
	.byte 0x00, 0x16, 0xA0, 0x01, 0x0D, 0xDC, 0x00, 0x03, 0xDD, 0xDD, 0xDC, 0xDD, 0xDD, 0x80, 0x00, 0x01
	.byte 0xFD, 0xFF, 0xFF, 0xFF, 0x4F, 0x54, 0x44, 0x88, 0x02, 0x1B, 0xF4, 0x00, 0xF0, 0x20, 0xE3, 0xDD
	.byte 0x45, 0x34, 0x02, 0x33, 0x5D, 0x44, 0x34, 0x53, 0x4F, 0x01, 0xD9, 0x44, 0xC4, 0x00, 0x03, 0x00
	.byte 0x1A, 0x33, 0x33, 0x53, 0x30, 0xF0, 0x33, 0x43, 0x40, 0x35, 0x00, 0xC6, 0x55, 0x44, 0x11, 0x55
	.byte 0x22, 0x22, 0x00, 0x55, 0x25, 0x22, 0x22, 0x53, 0x32, 0x24, 0x43, 0x00, 0x15, 0x53, 0x33, 0x35
	.byte 0x15, 0x5F, 0x33, 0x35, 0x00, 0x53, 0x54, 0xF1, 0x1F, 0x22, 0x32, 0x54, 0x55, 0x00, 0x55, 0xF5
	.byte 0x44, 0x4F, 0x22, 0x33, 0xFF, 0x43, 0x80, 0x21, 0x23, 0x43, 0x34, 0x33, 0x43, 0x44, 0x3F, 0x44
	.byte 0x00, 0xF4, 0x44, 0x4F, 0x44, 0xFF, 0x61, 0x5F, 0x44, 0x05, 0x44, 0x0F, 0x00, 0x00, 0xFF, 0x00
	.byte 0x03, 0x44, 0x01, 0xAD, 0x48, 0x44, 0x00, 0xF0, 0x44, 0xF4, 0x10, 0x03, 0xA0, 0x0A, 0x44, 0x03
	.byte 0x0F, 0xA0, 0xA9, 0xF4, 0x00, 0xA0, 0xE2, 0x1F, 0x60, 0x01, 0x50, 0xA0, 0x02, 0x1F, 0x8A, 0x12
	.byte 0x21, 0x55, 0x32, 0x00, 0x50, 0x90, 0x01, 0xFF, 0x25, 0x32, 0x00, 0x03, 0x33, 0x33, 0x30, 0x42
	.byte 0x00, 0x33, 0x53, 0x50, 0xF3, 0x33, 0x05, 0x50, 0x51, 0x40, 0xF1, 0x00, 0x1A, 0xF1, 0x00, 0x53
	.byte 0x44, 0x45, 0x44, 0x08, 0x33, 0x55, 0x44, 0xF4, 0x00, 0x74, 0x0F, 0x33, 0x43, 0x01, 0xF4, 0x00
	.byte 0x45, 0x43, 0xF5, 0x00, 0x50, 0x00, 0x74, 0x3A, 0x50, 0x1F, 0x00, 0x74, 0x00, 0x03, 0x00, 0x05
	.byte 0x4F, 0x00, 0x44, 0xF0, 0xC0, 0x81, 0x36, 0x00, 0x89, 0x55, 0x53, 0x00, 0x50, 0x23, 0x25, 0x11
	.byte 0x00, 0x35, 0x32, 0x00, 0x51, 0x33, 0x33, 0x34, 0x00, 0xB5, 0x90, 0x03, 0x19, 0x43, 0x3F, 0x11
	.byte 0xEB, 0x22, 0x33, 0x33, 0x22, 0xA8, 0x01, 0xF4, 0x22, 0x40, 0x07, 0x44, 0x00, 0xE3, 0x44, 0x44
	.byte 0xF5, 0x03, 0xF5, 0x44, 0x44, 0x44, 0x55, 0x43, 0x00, 0x04, 0x01, 0x20, 0x60, 0x44, 0x00, 0x6B
	.byte 0x50, 0x03, 0x35, 0x5F, 0x6F, 0xFF, 0xFF, 0x08, 0x55, 0xF5, 0x55, 0x5F, 0x01, 0x05, 0x5F, 0x44
	.byte 0x54, 0xA5, 0x01, 0x09, 0x44, 0x10, 0x03, 0x44, 0x54, 0x00, 0x4E, 0x44, 0x00, 0x3E, 0x48, 0x43
	.byte 0x00, 0x7F, 0x9A, 0xF5, 0x00, 0x03, 0x55, 0x0F, 0x00, 0x40, 0xA0, 0x30, 0x03, 0xA0, 0xAA, 0x5F
	.byte 0x0F, 0xA0, 0x98, 0x09, 0xF4, 0x0F, 0x00, 0x8A, 0x00, 0xA6, 0xA0, 0xA9, 0x00, 0xE3, 0x00, 0x99
	.byte 0x8A, 0x5A, 0x0F, 0x99, 0x89, 0xA9, 0xF5, 0x00, 0x99, 0x99, 0xA9, 0xF5, 0x9A, 0x99, 0xA9, 0xF4
	.byte 0xC4, 0x00, 0x07, 0x00, 0x03, 0x4A, 0xF4, 0x98, 0x00, 0x03, 0x00, 0x50, 0xFA, 0x00, 0x41, 0xF0
	.byte 0x01, 0x70, 0x01, 0x80, 0xD9, 0x42, 0x13, 0x25, 0x00, 0x03, 0x35, 0x80, 0x50, 0x03, 0x50, 0x23
	.byte 0x53, 0x2D, 0x35, 0x32, 0x53, 0x00, 0xDB, 0x25, 0x32, 0x53, 0xBB, 0x25, 0x33, 0x53, 0x00, 0xBB
	.byte 0x52, 0x35, 0x53, 0xBB, 0x22, 0x52, 0x53, 0x04, 0xBB, 0x33, 0x53, 0x53, 0xBE, 0x00, 0x03, 0xC2
	.byte 0x22, 0xD4, 0x02, 0xDC, 0x10, 0xE7, 0x2D, 0x00, 0x07, 0xDB, 0x00, 0xFF, 0xBB, 0x3D, 0x00, 0x33
	.byte 0xEE, 0xBB, 0xDC, 0xEE, 0xCC, 0xBB, 0xCC, 0x50, 0xCD, 0x02, 0x53, 0xCD, 0x03, 0x3F, 0xE4, 0x25
	.byte 0x33, 0x43, 0x00, 0x5E, 0x32, 0x33, 0xEE, 0x5D, 0x23, 0xEE, 0xDC, 0x02, 0x3E, 0x32, 0xCC, 0xDC
	.byte 0x35, 0x23, 0x00, 0x03, 0x53, 0x20, 0xCC, 0xDD, 0x30, 0x03, 0x23, 0x22, 0x23, 0x43, 0x22, 0xB8
	.byte 0x00, 0x40, 0x22, 0x01, 0x30, 0x00, 0x03, 0x00, 0x07, 0xF2, 0xFF, 0x55, 0x1F, 0x55, 0x25, 0x42
	.byte 0x00, 0x0B, 0x00, 0x17, 0x01, 0x04, 0x02, 0x64, 0x01, 0xF7, 0x01, 0xFF, 0x44, 0x44, 0x5F, 0x44
	.byte 0x43, 0x44, 0x02, 0x28, 0xD4, 0x02, 0x19, 0x00, 0x01, 0x4F, 0x00, 0x03, 0xF4, 0x10, 0x09, 0x9A
	.byte 0xA9, 0x00, 0x44, 0x54, 0xAA, 0x4A, 0x44, 0x0F, 0xF4, 0x5F, 0x20, 0x44, 0x0F, 0x00, 0x1E, 0x05
	.byte 0x54, 0x5F, 0xF4, 0x00, 0x07, 0xF5, 0x45, 0xF4, 0x00, 0x4F, 0x00, 0x34, 0x22, 0x3C, 0xF0, 0x01
	.byte 0xF8, 0xD0, 0x01, 0x10, 0xE7, 0x10, 0xF7, 0xF0, 0x01, 0x00, 0x01, 0x33, 0xF4, 0x53, 0x40, 0xE2
	.byte 0x02, 0x1D, 0x35, 0xFF, 0x3F, 0x33, 0x35, 0xF0, 0x81, 0x02, 0xD5, 0x00, 0x3F, 0x33, 0x33, 0x00
	.byte 0xF0, 0x04, 0x43, 0x0D, 0x00, 0xFF, 0x45, 0x00, 0x02, 0x3A, 0x10, 0xE3, 0xCE, 0x00, 0x03, 0x00
	.byte 0xE3, 0xCC, 0xCD, 0xDC, 0x33, 0xCE, 0xEC, 0xDD, 0x00, 0x35, 0xE3, 0xDD, 0xED, 0x53, 0x33, 0xE3
	.byte 0x4E, 0x81, 0x03, 0x3A, 0x44, 0x33, 0x54, 0x45, 0x44, 0xDC, 0x00, 0xE3, 0x41, 0xDD, 0x04, 0x14
	.byte 0xDD, 0xEE, 0x54, 0x33, 0xED, 0x01, 0xD6, 0x3C, 0x4E, 0x44, 0x00, 0xC2, 0x02, 0x10, 0x01, 0xE2
	.byte 0x05, 0x0A, 0x55, 0xFF, 0x88, 0x23, 0x21, 0x33, 0x33, 0x54, 0x00, 0x10, 0xF4, 0xF3, 0xFF, 0x75
	.byte 0xFF, 0x02, 0xF0, 0x30, 0x01, 0x10, 0x08, 0xFF, 0x00, 0x43, 0xF5, 0x23, 0x09, 0x7A, 0x54, 0x02
	.byte 0xA5, 0x10, 0x36, 0x10, 0x03, 0x00, 0x14, 0xF4, 0x20, 0x41, 0xFF, 0x17, 0x55, 0xFF, 0xFF, 0x00
	.byte 0xE3, 0x05, 0x33, 0x13, 0x13, 0x1B, 0x00, 0xEE, 0xFC, 0x00, 0x0A, 0x12, 0xB3, 0xF0, 0x01, 0xF0
	.byte 0x01, 0x90, 0x01, 0x02, 0xD3, 0x50, 0x11, 0x0B, 0x00, 0x00, 0x15, 0xF6, 0x00, 0xD7, 0xFF, 0x90
	.byte 0x18, 0x03, 0xDA, 0xA3, 0x23, 0x95, 0x1F, 0x00, 0x84, 0x11, 0xF6, 0xF4, 0x03, 0xFB, 0xB0, 0x5D
	.byte 0xBF, 0x00, 0x8C, 0xFF, 0x12, 0xB7, 0xE0, 0x18, 0x40, 0x01, 0x00, 0x17, 0xF0, 0x14, 0xA0, 0x79
	.byte 0x19, 0x55, 0x34, 0x00, 0x01, 0x00, 0x20, 0x03, 0xF0, 0x3F, 0x01, 0x57, 0x20, 0xF0, 0x3F, 0x92
	.byte 0x95, 0x44, 0x54, 0x0F, 0x00, 0x33, 0x15, 0x44, 0xF5, 0x00, 0x01, 0x22, 0x0F, 0x00, 0x87, 0xF4
	.byte 0x05, 0x41, 0x00, 0x55, 0x53, 0x11, 0x15, 0x56, 0xFF, 0x1F, 0xF6, 0x0F, 0xF1, 0x00, 0xF0, 0x0F
	.byte 0xE0, 0x73, 0x10, 0x10, 0x00, 0xC4, 0x20, 0x03, 0x80, 0x10, 0x79, 0x00

  .globl gMonPalette_Feraligatr
gMonPalette_Feraligatr:
  .incbin "build/graphics/pokemon/feraligatr/normal_palette.gbapal.lz"

  .globl gMonBackPic_Feraligatr
gMonBackPic_Feraligatr:
  .incbin "build/graphics/pokemon/feraligatr/back.4bpp.lz"

  .globl gMonShinyPalette_Feraligatr
gMonShinyPalette_Feraligatr:
  .incbin "build/graphics/pokemon/feraligatr/shiny_palette.gbapal.lz"

	.globl gMonIcon_Feraligatr
gMonIcon_Feraligatr: @ 0x08C9F8E0 [160]
  .incbin "build/graphics/pokemon/feraligatr/icon.4bpp"
	@ analyzed canonical ROM range 0x08C9FCE0-0x08C9FFDB
	@ structured u8 payload; no safe higher-level semantic type was provable
	.byte 0x00, 0x40, 0x40, 0x60, 0x60, 0xE0, 0xE0, 0xE0, 0x00, 0x09, 0x0B, 0x1B, 0x1B, 0x1F, 0x1F, 0x1F
	.byte 0xE0, 0xC0, 0xC0, 0xC0, 0xC0, 0xC0, 0x80, 0x00, 0x1F, 0x0F, 0x0F, 0x0F, 0x07, 0x07, 0x03, 0x00
	.byte 0x10, 0x00, 0x08, 0x00, 0x3E, 0x00, 0x00, 0xF0, 0x01, 0xF0, 0x01, 0xF0, 0x01, 0xF0, 0x01, 0x60
	.byte 0x01, 0xF0, 0xB8, 0x00, 0x03, 0xDF, 0x40, 0x03, 0x10, 0x0B, 0xA0, 0x01, 0xFF, 0xFF, 0x00, 0x00
	.byte 0x00, 0xDD, 0xFF, 0x0F, 0x00, 0xBB, 0xFB, 0xFF, 0x1C, 0x00, 0xBB, 0xBB, 0x00, 0x0C, 0xD0, 0x3C
	.byte 0x00, 0x1B, 0xDF, 0xDD, 0x11, 0xFF, 0x00, 0xFF, 0x00, 0x1B, 0xBF, 0xBB, 0xFB, 0xF0, 0x5D, 0xFF
	.byte 0xF0, 0x01, 0xF0, 0x01, 0xF0, 0x01, 0xF0, 0x01, 0xF0, 0x01, 0xF0, 0x01, 0xF0, 0x01, 0xF0, 0x01
	.byte 0xC0, 0xF0, 0x01, 0xB0, 0xEF, 0xAA, 0xFB, 0x0F, 0x00, 0xAF, 0xBA, 0x10, 0x0F, 0x00, 0xF0, 0x00
	.byte 0x03, 0x00, 0x5F, 0x77, 0x00, 0x00, 0x60, 0x25, 0x22, 0x00, 0x26, 0x22, 0x22, 0x60, 0x20, 0x22
	.byte 0x2F, 0x10, 0x03, 0x32, 0xBF, 0xAB, 0x0F, 0x00, 0x40, 0xBF, 0x00, 0x1A, 0xBF, 0xFA, 0x00, 0x00
	.byte 0x77, 0xBB, 0x00, 0x00, 0x00, 0x33, 0x55, 0x0F, 0x00, 0x32, 0x33, 0x00, 0x95, 0x00, 0x3F, 0x33
	.byte 0x53, 0x09, 0x3F, 0x33, 0xFF, 0x00, 0x08, 0xF0, 0x52, 0xF0, 0x01, 0xF0, 0x01, 0xF0, 0x01, 0xF0
	.byte 0x01, 0xF0, 0x01, 0xF0, 0x01, 0xE2, 0xF0, 0x01, 0xF0, 0x01, 0x30, 0x01, 0x40, 0x64, 0x66, 0x00
	.byte 0xD7, 0x72, 0x00, 0x60, 0x52, 0x22, 0x53, 0x60, 0x32, 0x35, 0x33, 0x00, 0x40, 0x32, 0x37, 0x33
	.byte 0x40, 0x72, 0x35, 0x35, 0x80, 0x00, 0x12, 0x35, 0x36, 0x22, 0x95, 0x59, 0x35, 0x33, 0x08, 0xB3
	.byte 0x39, 0x33, 0x33, 0x00, 0x01, 0x13, 0x11, 0x11, 0x07, 0x23, 0x11, 0x11, 0x11, 0x12, 0x00, 0x03
	.byte 0x10, 0x01, 0x00, 0x11, 0x55, 0x93, 0x00, 0x03, 0x53, 0x00, 0x03, 0x75, 0x10, 0x1E, 0x31, 0x00
	.byte 0x03, 0x2E, 0x11, 0x32, 0x00, 0x03, 0x21, 0x00, 0x03, 0x00, 0x1D, 0x10, 0x5A, 0x09, 0x90, 0x00
	.byte 0x03, 0x77, 0x77, 0x01, 0x1B, 0x33, 0x96, 0x00, 0x33, 0x00, 0x35, 0x63, 0x0F, 0x53, 0x33, 0x53
	.byte 0x0F, 0x73, 0x01, 0x55, 0x53, 0x07, 0x53, 0x57, 0x55, 0x07, 0xF0, 0x88, 0xFE, 0xF0, 0x01, 0xF0
	.byte 0x01, 0xF0, 0x01, 0xF0, 0x01, 0xF0, 0x01, 0xF0, 0x01, 0x00, 0x01, 0x36, 0x00, 0x33, 0x25, 0x00
	.byte 0x46, 0x33, 0x15, 0x00, 0x60, 0x05, 0x34, 0x15, 0x00, 0x00, 0x56, 0x00, 0x03, 0x60, 0x00, 0x03
	.byte 0x28, 0x00, 0x27, 0x00, 0x03, 0x70, 0x00, 0x03, 0x60, 0x11, 0x11, 0x27, 0x22, 0x12, 0x00, 0xCB
	.byte 0x23, 0x11, 0x00, 0xD8, 0x20, 0x03, 0x10, 0x0B, 0xD5, 0x10, 0x13, 0x61, 0x03, 0x32, 0x00, 0xE7
	.byte 0x31, 0x90, 0x03, 0x53, 0x00, 0x03, 0x08, 0x55, 0x11, 0x11, 0x51, 0x00, 0x03, 0x52, 0x65, 0x33
	.byte 0x02, 0x55, 0x55, 0x07, 0x33, 0x53, 0x65, 0x02, 0x17, 0xF5, 0x00, 0x00, 0x53, 0x65, 0x0F, 0x00
	.byte 0x55, 0xF6, 0x00, 0x3F, 0x00, 0x75, 0x00, 0xF5, 0x10, 0xF8, 0x02, 0x50, 0xF0, 0x01, 0xF0, 0x01
	.byte 0xF0, 0x01, 0xFD, 0xF0, 0x01, 0xF0, 0x01, 0xF0, 0x01, 0xF0, 0x01, 0xF0, 0x01, 0xE0, 0x01, 0x24
	.byte 0x00, 0xE1, 0x40, 0x40, 0x00, 0xE8, 0x00, 0x97, 0x22, 0x22, 0x00, 0x36, 0x00, 0x79, 0x9F, 0x00
	.byte 0x36, 0x53, 0x0F, 0x00, 0x36, 0x90, 0x02, 0xE4, 0x60, 0x5F, 0x00, 0xBE, 0xFF, 0x00, 0x11, 0x21
	.byte 0x00, 0x55, 0xF6, 0x11, 0x52, 0x75, 0x0F, 0x22, 0x65, 0x08, 0xF7, 0x0F, 0x99, 0x3F, 0x00, 0x1B
	.byte 0x3F, 0x53, 0x97, 0x02, 0x00, 0x3F, 0x57, 0x97, 0x00, 0x90, 0x00, 0x03, 0x60, 0x3F, 0x99, 0x89
	.byte 0xF0, 0x51, 0x30, 0x01, 0x12, 0x13, 0x10, 0x03, 0xF0, 0x01, 0xF0, 0x01, 0xFF, 0xF0, 0x01, 0xF0
	.byte 0x01, 0xF0, 0x01, 0xF0, 0x01, 0xF0, 0x01, 0xF0, 0x01, 0xC0, 0x01, 0x12, 0x03, 0x80, 0x80, 0x0B
	.byte 0x60, 0x66, 0x00, 0x60, 0x46, 0x22, 0x70, 0x03, 0x47, 0x22, 0x22, 0x67, 0x66, 0x66, 0x20, 0x01
	.byte 0x02, 0x3F, 0x05, 0x83, 0x70, 0x66, 0x66, 0x33, 0x00, 0x0F, 0x46, 0x10, 0x0F, 0x20, 0x22, 0x53
	.byte 0x00, 0x03, 0x22, 0x64, 0x66, 0x24, 0x32, 0x02, 0x43, 0x66, 0x66, 0x34, 0x33, 0x66, 0x50, 0xE7
	.byte 0xF7, 0xFF, 0xC0, 0x03, 0x02, 0x06, 0x20, 0x07, 0xF0, 0x01, 0xF0, 0x01, 0xF0, 0x01, 0xF0, 0x01
	.byte 0xF0, 0x01, 0xE9, 0xF0, 0x01, 0xF0, 0x01, 0x20, 0x01, 0x67, 0x30, 0x03, 0x70, 0x46, 0x00, 0x03
	.byte 0x58, 0x26, 0x80, 0x03, 0x36, 0x10, 0x03, 0x10, 0xD3, 0x24, 0x22, 0x42, 0x95, 0x00, 0xD3, 0x22
	.byte 0x63, 0x00, 0x03, 0x42, 0x00, 0x03, 0x33, 0x10, 0x03, 0x30, 0x23, 0x22, 0x03, 0xE4, 0x00, 0x01
	.byte 0x66, 0x46, 0x33, 0x64, 0x84, 0x00, 0xFE, 0x73, 0x66, 0x66, 0x35, 0x00, 0x03, 0x36, 0x75, 0x00
	.byte 0x66, 0x66, 0x56, 0x85, 0x66, 0x66, 0x57, 0xF5, 0x00, 0x66, 0x77, 0x57, 0xF7, 0x77, 0x77, 0x77
	.byte 0x0F, 0xFF, 0x50, 0xEF, 0x12, 0xEB, 0x50, 0x03, 0xF0, 0x01, 0xF0, 0x01, 0xF0, 0x01, 0xF0, 0x01
	.byte 0xF0, 0x01, 0xEB, 0xF0, 0x01, 0xF0, 0x01, 0xE0, 0x01, 0x68, 0x00, 0x03, 0x80, 0xF0, 0x16, 0x30
	.byte 0x01, 0x83, 0x14, 0xDB, 0x34, 0x33, 0x53, 0x77, 0xFF, 0x00, 0xCC, 0x06, 0xFC, 0x80, 0xE6, 0xF0
	.byte 0x77, 0x77, 0xF7, 0x00, 0x77, 0xF7, 0x0F, 0x7F, 0x00, 0x00, 0x02, 0xF0, 0xDB, 0xF0, 0x01, 0xF0
	.byte 0x01, 0xF0, 0x01, 0xF0, 0x01, 0xF0, 0x01, 0x80, 0x60, 0x01, 0x00, 0x00

  .globl gMonPalette_Sentret
gMonPalette_Sentret:
  .incbin "build/graphics/pokemon/sentret/normal_palette.gbapal.lz"

  .globl gMonBackPic_Sentret
gMonBackPic_Sentret:
  .incbin "build/graphics/pokemon/sentret/back.4bpp.lz"

  .globl gMonShinyPalette_Sentret
gMonShinyPalette_Sentret:
  .incbin "build/graphics/pokemon/sentret/shiny_palette.gbapal.lz"

	.globl gMonIcon_Sentret
gMonIcon_Sentret: @ 0x08CA02D0 [161]
  .incbin "build/graphics/pokemon/sentret/icon.4bpp"
	@ analyzed canonical ROM range 0x08CA06D0-0x08CA0A23
	@ structured u8 payload; no safe higher-level semantic type was provable
	.byte 0x00, 0x00, 0x00, 0x00, 0x00, 0x80, 0xC0, 0xC0, 0x00, 0x00, 0x00, 0x00, 0x00, 0x01, 0x03, 0x03
	.byte 0x40, 0x40, 0x80, 0x00, 0x00, 0x00, 0x00, 0x00, 0x02, 0x02, 0x01, 0x00, 0x00, 0x00, 0x00, 0x00
	.byte 0x10, 0x00, 0x08, 0x00, 0x3F, 0x00, 0x00, 0xF0, 0x01, 0xF0, 0x01, 0xF0, 0x01, 0xF0, 0x01, 0xF0
	.byte 0x01, 0xF0, 0x01, 0xFB, 0xF0, 0x01, 0xF0, 0x01, 0xF0, 0x01, 0xF0, 0x01, 0x60, 0x01, 0x80, 0xF0
	.byte 0x12, 0x70, 0x01, 0x7F, 0x08, 0xF0, 0x12, 0xF0, 0x01, 0xF0, 0x01, 0xF0, 0x01, 0xF0, 0x01, 0xF0
	.byte 0x01, 0xF0, 0x01, 0xD4, 0xF0, 0x01, 0x30, 0x01, 0x90, 0x40, 0xB7, 0x78, 0x10, 0x03, 0x80, 0x09
	.byte 0x14, 0x00, 0x00, 0x40, 0x00, 0x03, 0x38, 0x00, 0x03, 0x48, 0x09, 0x00, 0x99, 0x99, 0x77, 0x99
	.byte 0x77, 0x77, 0x97, 0x78, 0x20, 0x77, 0x77, 0x00, 0x01, 0x55, 0x77, 0x77, 0x35, 0x33, 0x80, 0x00
	.byte 0x2A, 0x38, 0x00, 0x80, 0x58, 0x73, 0x90, 0x78, 0x02, 0x35, 0xF3, 0x79, 0x77, 0x55, 0x07, 0x00
	.byte 0x17, 0x0F, 0x00, 0x77, 0x77, 0xF8, 0x00, 0x75, 0x77, 0x97, 0x00, 0x5F, 0x53, 0x00, 0x0B, 0x0F
	.byte 0x00, 0x44, 0x10, 0x03, 0xF0, 0x01, 0xF0, 0x01, 0xF0, 0x01, 0xF5, 0xF0, 0x01, 0xF0, 0x01, 0xF0
	.byte 0x01, 0x40, 0x01, 0x50, 0x00, 0x02, 0x25, 0xF0, 0x16, 0x80, 0x00, 0x15, 0x55, 0x75, 0x07, 0x25
	.byte 0x22, 0x33, 0x73, 0x10, 0x22, 0x33, 0x33, 0x00, 0xBF, 0x00, 0x47, 0x00, 0x00, 0x20, 0xF0, 0x31
	.byte 0x00, 0x03, 0x2D, 0x00, 0x00, 0x70, 0x2F, 0xA0, 0x00, 0x1D, 0x22, 0x00, 0x03, 0x32, 0x07, 0x00
	.byte 0x50, 0x34, 0x00, 0x73, 0x07, 0x00, 0x37, 0x77, 0x37, 0x43, 0x4F, 0x00, 0x74, 0x33, 0xF3, 0xF1
	.byte 0x32, 0x33, 0xF3, 0xFD, 0x00, 0x33, 0x33, 0x43, 0x4F, 0x93, 0x34, 0x33, 0x33, 0x00, 0xB9, 0x79
	.byte 0x33, 0x33, 0xB3, 0x4B, 0x33, 0x53, 0x22, 0x33, 0x3B, 0x00, 0x40, 0x75, 0x77, 0x0F, 0x00, 0x03
	.byte 0xF7, 0x04, 0x33, 0x73, 0x77, 0xF7, 0x44, 0x00, 0x08, 0x88, 0x35, 0x00, 0x73, 0x77, 0x53, 0x38
	.byte 0x53, 0x77, 0x78, 0x33, 0x1E, 0x33, 0x77, 0x85, 0x00, 0x1D, 0xD0, 0x7B, 0x51, 0x0F, 0x10, 0x03
	.byte 0x07, 0xF0, 0xF0, 0x9A, 0xF0, 0x01, 0xF0, 0x01, 0xC0, 0x01, 0x25, 0x22, 0x00, 0x50, 0x80, 0x00
	.byte 0x67, 0x70, 0x77, 0x45, 0x00, 0x00, 0x57, 0xF3, 0xE8, 0x00, 0xC7, 0xA1, 0x6E, 0x00, 0xA1, 0x33
	.byte 0x00, 0xB2, 0x33, 0x44, 0x34, 0x00, 0x33, 0x43, 0x44, 0x44, 0x33, 0x77, 0xFF, 0x44, 0x01, 0x74
	.byte 0x77, 0x00, 0x4F, 0x77, 0x77, 0x00, 0x01, 0xA8, 0x02, 0x00, 0xF0, 0x77, 0x33, 0x33, 0x73, 0x00
	.byte 0x3D, 0x33, 0x55, 0x0F, 0x01, 0xAF, 0xF5, 0x00, 0x12, 0xF7, 0x00, 0x03, 0x87, 0x01, 0xBF, 0x05
	.byte 0x88, 0x0F, 0x33, 0x53, 0x85, 0x10, 0xD7, 0x97, 0x10, 0x3F, 0x5C, 0x37, 0x00, 0x03, 0x70, 0x11
	.byte 0x2B, 0x00, 0x08, 0x10, 0x03, 0x90, 0x49, 0x12, 0x33, 0x33, 0x79, 0x00, 0x3A, 0x77, 0x47, 0x10
	.byte 0x19, 0x33, 0x5D, 0x75, 0x00, 0x03, 0x73, 0xF0, 0x03, 0x01, 0x1F, 0x01, 0x30, 0xF7, 0x00, 0x83
	.byte 0xFF, 0xF0, 0x03, 0x70, 0x03, 0xF0, 0x01, 0xF0, 0x01, 0xF0, 0x01, 0xF0, 0x01, 0xF0, 0x01, 0x40
	.byte 0x01, 0x00, 0xF0, 0x37, 0x33, 0x00, 0xF0, 0x35, 0x73, 0x00, 0x07, 0x70, 0x34, 0x77, 0x00, 0x47
	.byte 0x00, 0xFB, 0x20, 0x03, 0x00, 0xFB, 0x40, 0x48, 0x00, 0x03, 0x78, 0x77, 0x37, 0x74, 0x88, 0x88
	.byte 0x00, 0x09, 0x87, 0x88, 0x88, 0xF8, 0x77, 0x88, 0x88, 0x00, 0x98, 0x87, 0x78, 0x55, 0x75, 0x77
	.byte 0x54, 0x55, 0x00, 0x88, 0x47, 0x53, 0x85, 0x88, 0x34, 0x33, 0x88, 0x04, 0x88, 0x33, 0x73, 0x87
	.byte 0x58, 0x01, 0xEA, 0x33, 0x90, 0x80, 0x10, 0xFB, 0x35, 0x33, 0x33, 0x09, 0x55, 0x33, 0x33, 0x53
	.byte 0x98, 0x00, 0x07, 0x98, 0x00, 0xF6, 0x95, 0x57, 0x00, 0xFF, 0x02, 0xFF, 0xD7, 0x10, 0xE3, 0x00
	.byte 0x03, 0x45, 0x00, 0x03, 0x93, 0x10, 0x0C, 0x30, 0x01, 0x10, 0xFA, 0x95, 0x11, 0x36, 0x53, 0x98
	.byte 0x90, 0xEB, 0x99, 0x00, 0x03, 0x53, 0x01, 0x9D, 0x40, 0x73, 0x00, 0x0C, 0x77, 0xF9, 0x00, 0x00
	.byte 0x97, 0xF8, 0xFC, 0xF0, 0xAE, 0xF0, 0x01, 0xF0, 0x01, 0xF0, 0x01, 0xF0, 0x01, 0x60, 0x01, 0x78
	.byte 0x77, 0x01, 0x33, 0x00, 0x78, 0x57, 0x33, 0x00, 0x90, 0x01, 0x07, 0x98, 0x50, 0x03, 0x00, 0x39
	.byte 0x40, 0x03, 0x01, 0xFA, 0x77, 0x77, 0x37, 0xC0, 0x00, 0x03, 0x02, 0xBE, 0x77, 0x33, 0x83, 0x88
	.byte 0x88, 0x34, 0x00, 0x58, 0x33, 0x43, 0x37, 0x38, 0x35, 0x35, 0x47, 0x82, 0x00, 0x03, 0x78, 0x93
	.byte 0x55, 0x55, 0x97, 0x02, 0x26, 0x45, 0x68, 0x75, 0x00, 0x04, 0x03, 0xCB, 0x77, 0x02, 0x0F, 0x77
	.byte 0x33, 0x43, 0x58, 0x75, 0x01, 0xF9, 0x43, 0x00, 0x03, 0x42, 0x57, 0x44, 0x74, 0x88, 0xD4, 0x02
	.byte 0x33, 0x40, 0x03, 0x88, 0x10, 0x03, 0x78, 0x00, 0x0A, 0x75, 0x33, 0x00, 0x54, 0x55, 0xF5, 0x43
	.byte 0x55, 0x55, 0x07, 0xFF, 0xFF, 0x00, 0xEF, 0x92, 0xF3, 0xF4, 0x0B, 0xF0, 0x01, 0xF0, 0x01, 0xF0
	.byte 0x01, 0xF0, 0x01, 0xF0, 0x01, 0x92, 0x30, 0x01, 0x70, 0x34, 0x33, 0xE3, 0x00, 0x70, 0xF0, 0x1B
	.byte 0x00, 0x00, 0x00, 0x83, 0x79, 0x5C, 0x97, 0x34, 0x98, 0xCA, 0x00, 0x97, 0x47, 0x84, 0x79, 0x97
	.byte 0x70, 0x87, 0x98, 0x05, 0x89, 0x00, 0x90, 0x99, 0x88, 0x00, 0x16, 0xFF, 0x50, 0x1F, 0x00, 0x77
	.byte 0x45, 0x44, 0x54, 0x78, 0x77, 0x55, 0x55, 0x20, 0x88, 0x88, 0x60, 0x01, 0x98, 0xFF, 0xFF, 0x9F
	.byte 0x79, 0xC8, 0x05, 0x26, 0x03, 0x6F, 0x00, 0xFF, 0x01, 0x22, 0x0F, 0x55, 0x87, 0x01, 0xF9, 0x00
	.byte 0x88, 0x98, 0x0F, 0x00, 0x88, 0x01, 0xD3, 0x00, 0x99, 0xF7, 0x0F, 0x00, 0x44, 0x74, 0xF5, 0x00
	.byte 0x03, 0x74, 0x44, 0xF7, 0x00, 0x55, 0x5F, 0x60, 0x46, 0xF0, 0x01, 0xFF, 0xF0, 0x01, 0xF0, 0x01
	.byte 0xF0, 0x01, 0xF0, 0x01, 0xF0, 0x01, 0xF0, 0x01, 0xF0, 0x01, 0xF0, 0x01, 0xE7, 0xF0, 0x01, 0xF0
	.byte 0x01, 0xF0, 0x01, 0x00, 0xFF, 0x11, 0xE0, 0xF0, 0x01, 0xF0, 0x01, 0xE0, 0xF0, 0x01, 0xF0, 0x01
	.byte 0xF0, 0x01, 0x00, 0x00

  .globl gMonPalette_Furret
gMonPalette_Furret:
  .incbin "build/graphics/pokemon/furret/normal_palette.gbapal.lz"

  .globl gMonBackPic_Furret
gMonBackPic_Furret:
  .incbin "build/graphics/pokemon/furret/back.4bpp.lz"

  .globl gMonShinyPalette_Furret
gMonShinyPalette_Furret:
  .incbin "build/graphics/pokemon/furret/shiny_palette.gbapal.lz"

	.globl gMonIcon_Furret
gMonIcon_Furret: @ 0x08CA0D9C [162]
  .incbin "build/graphics/pokemon/furret/icon.4bpp"
	@ analyzed canonical ROM range 0x08CA119C-0x08CA143F
	@ structured u8 payload; no safe higher-level semantic type was provable
	.byte 0x00, 0x00, 0x00, 0x00, 0x80, 0xC0, 0xC0, 0xC0, 0x00, 0x00, 0x00, 0x00, 0x01, 0x03, 0x03, 0x03
	.byte 0x40, 0x40, 0x80, 0x00, 0x00, 0x00, 0x00, 0x00, 0x02, 0x02, 0x01, 0x00, 0x00, 0x00, 0x00, 0x00
	.byte 0x10, 0x00, 0x08, 0x00, 0x3F, 0x00, 0x00, 0xF0, 0x01, 0xF0, 0x01, 0xF0, 0x01, 0xF0, 0x01, 0xF0
	.byte 0x01, 0xF0, 0x01, 0xFF, 0xF0, 0x01, 0xF0, 0x01, 0xF0, 0x01, 0xF0, 0x01, 0xF0, 0x01, 0xF0, 0x01
	.byte 0xF0, 0x01, 0xF0, 0x01, 0xFC, 0xF0, 0x01, 0xF0, 0x01, 0xF0, 0x01, 0xF0, 0x01, 0xF0, 0x01, 0x20
	.byte 0x01, 0xF0, 0x0F, 0xF6, 0xF0, 0x13, 0xF0, 0x01, 0xF0, 0x01, 0x70, 0x40, 0xEF, 0xF0, 0x13, 0x30
	.byte 0x01, 0xFF, 0xBF, 0x00, 0x5A, 0xDD, 0xF0, 0x5E, 0xF0, 0x01, 0xF0, 0x01, 0xF0, 0x01, 0xF0, 0x01
	.byte 0xF0, 0x01, 0xC8, 0xF0, 0x01, 0x40, 0xA2, 0xFE, 0x0F, 0x00, 0xA6, 0xFE, 0x00, 0xF0, 0x2C, 0xDF
	.byte 0xEE, 0x00, 0x95, 0xED, 0x00, 0x03, 0x00, 0xB3, 0xFE, 0xFF, 0xD6, 0x10, 0x19, 0x00, 0x03, 0x68
	.byte 0x10, 0x22, 0x0E, 0x00, 0x03, 0x10, 0xAA, 0x0F, 0x00, 0x00, 0x80, 0x98, 0x0F, 0x99, 0x68, 0x66
	.byte 0xFE, 0x00, 0x66, 0x66, 0x66, 0xEF, 0x6F, 0x66, 0x86, 0xF9, 0x2C, 0xFE, 0x66, 0x00, 0x2B, 0xEF
	.byte 0x00, 0x37, 0x20, 0x03, 0xFE, 0x99, 0x00, 0xF0, 0xEE, 0xFF, 0x77, 0xEF, 0xFF, 0xFF, 0xF6, 0x00
	.byte 0xFE, 0x8F, 0x99, 0xEF, 0xFF, 0x88, 0x88, 0xFE, 0x7F, 0x9F, 0x00, 0x03, 0x00, 0x38, 0x10, 0x4C
	.byte 0x11, 0x08, 0x10, 0x43, 0x10, 0x4B, 0x10, 0x01, 0xBF, 0x10, 0x0B, 0xF8, 0xF0, 0x8D, 0xF0, 0x01
	.byte 0xF0, 0x01, 0xF0, 0x01, 0xF0, 0x01, 0xF0, 0x01, 0xA8, 0xB0, 0x01, 0x88, 0x00, 0x03, 0x58, 0x00
	.byte 0x03, 0x6F, 0x00, 0x00, 0x30, 0x80, 0xF6, 0x00, 0x03, 0x00, 0xA2, 0xF8, 0xBF, 0x00, 0x00, 0x20
	.byte 0xF6, 0xBC, 0x00, 0x0A, 0xBC, 0x08, 0x80, 0xFE, 0xBC, 0x00, 0x85, 0x98, 0xF6, 0xBF, 0x56, 0x95
	.byte 0x66, 0xFF, 0x04, 0xFF, 0xFF, 0xFF, 0xEE, 0xBB, 0x00, 0x04, 0xBB, 0xFB, 0x00, 0xFF, 0xEF, 0xBB
	.byte 0xCC, 0xFF, 0xCF, 0xFB, 0xCF, 0x80, 0x00, 0x03, 0x9F, 0x64, 0xC9, 0xCC, 0x3F, 0x44, 0xFF, 0x80
	.byte 0x10, 0x03, 0xFF, 0xFF, 0xEF, 0x88, 0xCE, 0xCC, 0xFF, 0x00, 0x8E, 0xCC, 0xCC, 0xFC, 0x8F, 0xCC
	.byte 0xCC, 0xCC, 0x06, 0x8F, 0xFF, 0xCC, 0xCC, 0xEF, 0x00, 0x03, 0x00, 0x02, 0xFC, 0x03, 0x7F, 0xCF
	.byte 0xCC, 0xFF, 0x77, 0x98, 0x10, 0x6C, 0x00, 0xEC, 0x35, 0x88, 0x09, 0x00, 0x03, 0x00, 0xF0, 0x8E
	.byte 0x00, 0x03, 0x8F, 0x00, 0x03, 0x83, 0x00, 0x0B, 0x99, 0x88, 0xF8, 0x79, 0x55, 0xF0, 0x9A, 0x30
	.byte 0x01, 0x7F, 0x99, 0x00, 0x03, 0x00, 0x98, 0xF0, 0x01, 0xF0, 0x01, 0xF0, 0x01, 0xC1, 0xE1, 0xF0
	.byte 0x12, 0x88, 0x70, 0x01, 0x66, 0xF6, 0xE6, 0x01, 0xB0, 0xF6, 0x6E, 0x00, 0x02, 0xFF, 0x66, 0x66
	.byte 0x00, 0x00, 0x69, 0x00, 0x03, 0x6F, 0x98, 0x00, 0x03, 0x90, 0x26, 0x00, 0x36, 0x00, 0x03, 0x00
	.byte 0x2F, 0xFF, 0x00, 0x4F, 0x94, 0x6F, 0xEF, 0xF6, 0x59, 0x6F, 0xEF, 0x48, 0x66, 0x00, 0x20, 0x22
	.byte 0x22, 0xE0, 0x01, 0xFF, 0xFF, 0xFE, 0x62, 0xEF, 0x02, 0x10, 0x10, 0x03, 0x87, 0x22, 0x66, 0x00
	.byte 0x03, 0x22, 0x00, 0x72, 0x88, 0x22, 0x22, 0x44, 0x88, 0x22, 0x42, 0x00, 0x44, 0x84, 0x42, 0x44
	.byte 0x44, 0x84, 0x88, 0x57, 0x00, 0x55, 0x66, 0x88, 0x55, 0x77, 0x77, 0x88, 0x77, 0x07, 0x97, 0xFF
	.byte 0x88, 0xF8, 0x0F, 0x31, 0x0B, 0x00, 0x03, 0x11, 0xFB, 0xFF, 0x10, 0x03, 0x10, 0xE3, 0xF3, 0x06
	.byte 0xF0, 0x01, 0xF0, 0x01, 0xF0, 0x01, 0xF0, 0x01, 0xF0, 0x01, 0xE8, 0xF0, 0x01, 0xF1, 0x1F, 0x90
	.byte 0x01, 0x24, 0x00, 0xCC, 0x6F, 0x44, 0x44, 0x20, 0x44, 0x00, 0x00, 0x04, 0x80, 0x44, 0x9F, 0x99
	.byte 0x00, 0x10, 0x88, 0x89, 0x54, 0x01, 0x1F, 0x89, 0x00, 0x80, 0x48, 0x05, 0x44, 0x00, 0x48, 0x64
	.byte 0x46, 0x00, 0x1A, 0x84, 0x00, 0x03, 0x40, 0xF8, 0x00, 0x02, 0x8F, 0x84, 0x44, 0xF4, 0x88, 0x88
	.byte 0x08, 0xFF, 0x0F, 0xFF, 0x88, 0x02, 0x4D, 0x68, 0x56, 0x0F, 0x0D, 0x00, 0x56, 0x66, 0xF8, 0x22
	.byte 0xFB, 0x10, 0xEF, 0x89, 0x00, 0xEC, 0x3F, 0x98, 0xF7, 0x33, 0xF7, 0xF0, 0x01, 0xF0, 0x01, 0xF0
	.byte 0x01, 0xF0, 0x01, 0xF0, 0x01, 0xF8, 0xF0, 0x01, 0xF0, 0x01, 0xF0, 0x01, 0xF0, 0x01, 0x80, 0x01
	.byte 0x18, 0x4F, 0x99, 0x1C, 0x00, 0xF0, 0x1F, 0x00, 0xB5, 0xF1, 0x26, 0x10, 0x01, 0x4F, 0x8F, 0x0F
	.byte 0xF1, 0x00, 0x1F, 0x0F, 0x04, 0x42, 0xF0, 0x1A, 0xF0, 0x01, 0xF0, 0x01, 0xFF, 0xF0, 0x01, 0xF0
	.byte 0x01, 0xF0, 0x01, 0xF0, 0x01, 0xF0, 0x01, 0xF0, 0x01, 0xF0, 0x01, 0xF0, 0x01, 0xFF, 0xF0, 0x01
	.byte 0xF0, 0x01, 0xF0, 0x01, 0xF0, 0x01, 0xF0, 0x01, 0xF0, 0x01, 0xF0, 0x01, 0xF0, 0x01, 0xC0, 0xF0
	.byte 0x01, 0xC0, 0x01, 0x00

  .globl gMonPalette_Hoothoot
gMonPalette_Hoothoot:
  .incbin "build/graphics/pokemon/hoothoot/normal_palette.gbapal.lz"

  .globl gMonBackPic_Hoothoot
gMonBackPic_Hoothoot:
  .incbin "build/graphics/pokemon/hoothoot/back.4bpp.lz"

  .globl gMonShinyPalette_Hoothoot
gMonShinyPalette_Hoothoot:
  .incbin "build/graphics/pokemon/hoothoot/shiny_palette.gbapal.lz"

	.globl gMonIcon_Hoothoot
gMonIcon_Hoothoot: @ 0x08CA1798 [163]
  .incbin "build/graphics/pokemon/hoothoot/icon.4bpp"
	@ analyzed canonical ROM range 0x08CA1B98-0x08CA1F0B
	@ structured u8 payload; no safe higher-level semantic type was provable
	.byte 0x00, 0x00, 0x00, 0x60, 0x70, 0x60, 0xC0, 0xCC, 0x00, 0x00, 0x00, 0x0C, 0x1C, 0x0C, 0x06, 0x67
	.byte 0xFC, 0xF8, 0xE0, 0xC0, 0x00, 0x00, 0x00, 0x00, 0x7F, 0x3F, 0x0F, 0x07, 0x01, 0x00, 0x00, 0x00
	.byte 0x10, 0x00, 0x08, 0x00, 0x3D, 0x00, 0x00, 0xF0, 0x01, 0xF0, 0x01, 0xF0, 0x01, 0x40, 0x01, 0x40
	.byte 0xF0, 0x12, 0x40, 0x04, 0x00, 0x15, 0x52, 0x00, 0x04, 0x24, 0x52, 0x00, 0x0E, 0x52, 0x23, 0x42
	.byte 0x07, 0xF0, 0x1F, 0xF0, 0x01, 0xF0, 0x01, 0x50, 0x81, 0x00, 0x03, 0x24, 0x04, 0x40, 0x40, 0x22
	.byte 0x05, 0xF0, 0x1B, 0xFE, 0xF0, 0x01, 0xF0, 0x01, 0xF0, 0x01, 0xF0, 0x01, 0xF0, 0x01, 0xF0, 0x01
	.byte 0x60, 0xE3, 0x24, 0xAA, 0x00, 0x03, 0x25, 0x00, 0x0A, 0x22, 0x70, 0x03, 0x50, 0x00, 0x03, 0x00
	.byte 0x00, 0x27, 0x52, 0x22, 0x43, 0x72, 0x22, 0x22, 0x24, 0x00, 0x73, 0x22, 0x22, 0x22, 0x07, 0x22
	.byte 0x22, 0x72, 0x00, 0x00, 0x22, 0x22, 0x53, 0x00, 0x22, 0x32, 0x07, 0x00, 0x55, 0x22, 0x22, 0x59
	.byte 0x33, 0x22, 0x22, 0x52, 0x40, 0x55, 0xD0, 0x4C, 0x55, 0x55, 0x99, 0x59, 0x53, 0xE3, 0x00, 0x33
	.byte 0x93, 0x25, 0x37, 0x53, 0x45, 0x23, 0x77, 0x00, 0x47, 0x22, 0x20, 0x34, 0x22, 0x45, 0x24, 0x24
	.byte 0x01, 0x32, 0x34, 0x25, 0x22, 0x32, 0x22, 0x25, 0x00, 0x44, 0x24, 0x23, 0x22, 0x00, 0x08, 0x22
	.byte 0x22, 0x10, 0x4F, 0xF4, 0x22, 0x15, 0x22, 0x42, 0x07, 0x11, 0x40, 0x72, 0x00, 0x03, 0x53, 0x00
	.byte 0x03, 0xFF, 0x10, 0x0B, 0xF1, 0x10, 0xF0, 0x01, 0xF0, 0x01, 0xF0, 0x01, 0xF0, 0x01, 0xF0, 0x01
	.byte 0x40, 0x01, 0x72, 0x70, 0xF0, 0x12, 0x70, 0x01, 0x00, 0xA7, 0x72, 0x47, 0x00, 0x04, 0x50, 0x00
	.byte 0x9F, 0x34, 0x22, 0x50, 0x92, 0xF3, 0x24, 0x45, 0x00, 0x92, 0x11, 0xF1, 0x45, 0x62, 0xA4, 0x5F
	.byte 0x35, 0x01, 0x24, 0x96, 0x69, 0x35, 0x43, 0x22, 0x69, 0x20, 0xD4, 0x80, 0x30, 0x01, 0x97, 0x22
	.byte 0x74, 0x77, 0x93, 0x99, 0xC9, 0x00, 0x11, 0x91, 0x45, 0xA9, 0x19, 0x47, 0x44, 0x99, 0x08, 0x99
	.byte 0x24, 0x94, 0x44, 0x00, 0x15, 0x42, 0x77, 0x00, 0x00, 0x72, 0x77, 0x95, 0x00, 0x49, 0x55, 0x55
	.byte 0x09, 0x04, 0x32, 0x54, 0x55, 0x09, 0x22, 0x10, 0x03, 0x44, 0x55, 0x2F, 0x09, 0x42, 0x00, 0x03
	.byte 0x34, 0x00, 0x03, 0xF0, 0x71, 0xF0, 0x01, 0xF0, 0x01, 0xFC, 0xF0, 0x01, 0xF0, 0x01, 0xF0, 0x01
	.byte 0xF0, 0x01, 0xF0, 0x01, 0xD0, 0x01, 0x45, 0x33, 0x00, 0x44, 0x69, 0x50, 0x33, 0x33, 0x93, 0x50
	.byte 0x34, 0x0C, 0x33, 0x33, 0x00, 0x35, 0x00, 0x03, 0x00, 0x0C, 0x00, 0x00, 0x00, 0x39, 0x33, 0x00
	.byte 0x90, 0xE5, 0x33, 0x00, 0x77, 0x01, 0xE4, 0x3E, 0x69, 0x39, 0x44, 0x44, 0x96, 0x00, 0x1B, 0x15
	.byte 0x49, 0x33, 0x33, 0x50, 0x01, 0x43, 0x00, 0x03, 0x44, 0x00, 0x02, 0x02, 0x44, 0x3E, 0x33, 0x43
	.byte 0x44, 0x33, 0x00, 0xE3, 0x43, 0x18, 0x54, 0x95, 0x00, 0x10, 0x03, 0x10, 0xEE, 0x54, 0x95, 0x99
	.byte 0x00, 0x00, 0x95, 0x79, 0x77, 0x09, 0x74, 0x76, 0x77, 0x07, 0x97, 0x67, 0x77, 0x77, 0x97, 0xF0
	.byte 0x71, 0xF0, 0x01, 0xF0, 0x01, 0xFC, 0xF0, 0x01, 0xF0, 0x01, 0xF0, 0x01, 0xF0, 0x01, 0xF0, 0x01
	.byte 0xE0, 0x01, 0x77, 0xE4, 0x00, 0xEE, 0x00, 0x77, 0x34, 0x3E, 0x00, 0x77, 0x35, 0x09, 0x33, 0x70
	.byte 0x76, 0x49, 0x00, 0x03, 0x98, 0x59, 0x00, 0x03, 0x46, 0x39, 0x30, 0x03, 0x58, 0x39, 0xE3, 0x00
	.byte 0xE3, 0x00, 0xE7, 0x74, 0xC0, 0x00, 0xF6, 0x10, 0x03, 0x75, 0x45, 0x44, 0x55, 0x99, 0x99, 0x00
	.byte 0x99, 0x49, 0x99, 0x95, 0x99, 0x45, 0x99, 0x93, 0x14, 0x99, 0x43, 0x99, 0x00, 0xE3, 0x79, 0x00
	.byte 0xEA, 0x77, 0x76, 0x02, 0x77, 0x79, 0x77, 0x76, 0x97, 0x77, 0x60, 0x03, 0x67, 0xB5, 0x40, 0x03
	.byte 0x0F, 0x00, 0x62, 0x10, 0x03, 0xF7, 0xC0, 0x03, 0xF8, 0x40, 0x03, 0xFF, 0xF0, 0x01, 0xF0, 0x01
	.byte 0xF0, 0x01, 0xF0, 0x01, 0xF0, 0x01, 0xF0, 0x01, 0xF0, 0x01, 0x03, 0x1C, 0x00, 0x76, 0x38, 0x35
	.byte 0x70, 0x77, 0x38, 0x33, 0x00, 0x40, 0x69, 0x10, 0x03, 0x47, 0x33, 0x00, 0x79, 0x97, 0x34, 0x00
	.byte 0x00, 0x90, 0x96, 0x79, 0x00, 0x90, 0x97, 0x99, 0x11, 0x00, 0x00, 0x89, 0x10, 0xE3, 0x59, 0x53
	.byte 0x59, 0x01, 0xE7, 0x70, 0x35, 0x00, 0x03, 0x01, 0xF3, 0x00, 0x02, 0x54, 0x45, 0x44, 0x44, 0x00
	.byte 0x95, 0x47, 0x99, 0x99, 0x94, 0x47, 0x95, 0x99, 0x32, 0x74, 0x67, 0x00, 0xF7, 0x01, 0x02, 0x77
	.byte 0xF4, 0x00, 0x03, 0xF5, 0x08, 0x77, 0x97, 0x87, 0xF9, 0x00, 0x03, 0x99, 0x7F, 0x97, 0x00, 0x88
	.byte 0x99, 0x7F, 0x77, 0x89, 0x99, 0xF4, 0x87, 0x70, 0x89, 0x50, 0xE7, 0xA0, 0x03, 0x03, 0x15, 0x98
	.byte 0x98, 0x09, 0x00, 0x3F, 0x8F, 0x88, 0x00, 0x04, 0xF0, 0x92, 0xF0, 0x01, 0xF0, 0x01, 0xF0, 0x01
	.byte 0xF0, 0x01, 0xE5, 0xF0, 0x01, 0xF0, 0x01, 0x00, 0x01, 0x90, 0x87, 0x00, 0x04, 0x79, 0x10, 0x08
	.byte 0x80, 0xB4, 0x33, 0x70, 0x37, 0x00, 0x00, 0x1D, 0x45, 0x49, 0x00, 0x44, 0x79, 0x44, 0x98, 0x44
	.byte 0x75, 0x44, 0x77, 0x10, 0x79, 0x55, 0x55, 0x01, 0x12, 0x99, 0x00, 0x90, 0x55, 0x00, 0x70, 0x77
	.byte 0x97, 0x44, 0x79, 0x94, 0x39, 0x33, 0x00, 0x79, 0x39, 0x33, 0x44, 0x37, 0x74, 0x54, 0x89, 0x80
	.byte 0x00, 0x1E, 0x89, 0x98, 0x75, 0xFF, 0x98, 0xF8, 0x99, 0x00, 0xF9, 0x98, 0x8F, 0x55, 0x09, 0x8F
	.byte 0x99, 0x44, 0x00, 0x99, 0x90, 0x09, 0x43, 0x39, 0x09, 0x00, 0x33, 0x24, 0x53, 0x97, 0x00, 0xE3
	.byte 0x88, 0x98, 0x00, 0x03, 0x88, 0x98, 0x80, 0x00, 0x03, 0x88, 0x89, 0x88, 0xF8, 0x88, 0xF8, 0xFF
	.byte 0x1A, 0x0F, 0xFF, 0xFF, 0x70, 0x68, 0x11, 0x00, 0x98, 0x00, 0x03, 0x88, 0xBF, 0x02, 0x24, 0xFF
	.byte 0x12, 0x28, 0xF0, 0x01, 0xF0, 0x01, 0xF0, 0x01, 0xF0, 0x01, 0xF0, 0x01, 0xCB, 0xF0, 0x01, 0x20
	.byte 0x01, 0xDD, 0x7D, 0x00, 0x04, 0x1D, 0x10, 0x08, 0xF0, 0x1B, 0x00, 0x00, 0x00, 0x51, 0x75, 0x74
	.byte 0x43, 0x7C, 0x77, 0x00, 0x11, 0x75, 0x0D, 0x1D, 0xD1, 0x77, 0x00, 0xDD, 0x20, 0x0D, 0xD0, 0xD0
	.byte 0x1F, 0x33, 0x34, 0x57, 0x00, 0x55, 0x00, 0x79, 0x11, 0x07, 0xC1, 0x09, 0x1D, 0x07, 0xC1, 0x1F
	.byte 0x0D, 0xD0, 0x0D, 0xF0, 0x44, 0xF0, 0x01, 0xF0, 0x01, 0xF0, 0x01, 0xF0, 0x01, 0xC0, 0xF0, 0x01
	.byte 0x10, 0x01, 0x00, 0x00

  .globl gMonPalette_Noctowl
gMonPalette_Noctowl:
  .incbin "build/graphics/pokemon/noctowl/normal_palette.gbapal.lz"

  .globl gMonBackPic_Noctowl
gMonBackPic_Noctowl:
  .incbin "build/graphics/pokemon/noctowl/back.4bpp.lz"

  .globl gMonShinyPalette_Noctowl
gMonShinyPalette_Noctowl:
  .incbin "build/graphics/pokemon/noctowl/shiny_palette.gbapal.lz"

	.globl gMonIcon_Noctowl
gMonIcon_Noctowl: @ 0x08CA22B8 [164]
  .incbin "build/graphics/pokemon/noctowl/icon.4bpp"
	@ analyzed canonical ROM range 0x08CA26B8-0x08CA29CB
	@ structured u8 payload; no safe higher-level semantic type was provable
	.byte 0x00, 0x80, 0xC0, 0xC6, 0xCE, 0xFC, 0xF8, 0xF0, 0x00, 0x00, 0x01, 0x31, 0x39, 0x1F, 0x0F, 0x07
	.byte 0xF0, 0xE0, 0xC0, 0xC0, 0xC0, 0x80, 0x00, 0x00, 0x07, 0x03, 0x01, 0x01, 0x01, 0x00, 0x00, 0x00
	.byte 0x10, 0x00, 0x08, 0x00, 0x3F, 0x00, 0x00, 0xF0, 0x01, 0xF0, 0x01, 0xF0, 0x01, 0xF0, 0x01, 0xF0
	.byte 0x01, 0xF0, 0x01, 0xFF, 0xF0, 0x01, 0xF0, 0x01, 0xF0, 0x01, 0xF0, 0x01, 0xF0, 0x01, 0xF0, 0x01
	.byte 0xF0, 0x01, 0xF0, 0x01, 0xFD, 0xF0, 0x01, 0xF0, 0x01, 0xF0, 0x01, 0xF0, 0x01, 0xF0, 0x01, 0x00
	.byte 0x01, 0xF0, 0x40, 0x03, 0x80, 0x80, 0x01, 0xFF, 0x0F, 0x00, 0xFF, 0xEE, 0x0F, 0xFF, 0x00, 0xEE
	.byte 0xFF, 0x00, 0xFD, 0xFF, 0x00, 0xF0, 0xFE, 0x10, 0x0F, 0x00, 0xDF, 0xF0, 0x35, 0xFF, 0x0F, 0xFF
	.byte 0xEF, 0x17, 0xFE, 0x0F, 0xEE, 0x10, 0x2A, 0x0F, 0xF0, 0x54, 0xF0, 0x01, 0xF0, 0x01, 0xFF, 0xF0
	.byte 0x01, 0xF0, 0x01, 0xF0, 0x01, 0xF0, 0x01, 0xF0, 0x01, 0xF0, 0x01, 0xF0, 0xE7, 0x50, 0x01, 0x02
	.byte 0xE0, 0x5E, 0x00, 0x00, 0xCE, 0x11, 0x00, 0xE3, 0xEF, 0x98, 0x00, 0xC7, 0xEF, 0xFF, 0x00, 0xEF
	.byte 0x20, 0x03, 0x44, 0x44, 0x44, 0x10, 0x24, 0x22, 0x22, 0x00, 0x01, 0x32, 0x32, 0x22, 0x22, 0x1D
	.byte 0x23, 0x33, 0xFF, 0x11, 0x15, 0x50, 0x03, 0x00, 0xEF, 0xF4, 0x00, 0x03, 0x00, 0x43, 0x04, 0x00
	.byte 0x00, 0x33, 0x43, 0x44, 0x00, 0x0F, 0x11, 0xD1, 0x3F, 0x44, 0xF0, 0x57, 0xF0, 0x01, 0xF0, 0x01
	.byte 0xF0, 0x01, 0xF5, 0xF0, 0x01, 0xF0, 0x01, 0xF0, 0x01, 0x60, 0x01, 0xD0, 0x00, 0x03, 0xCE, 0x00
	.byte 0xD3, 0x06, 0x1C, 0x00, 0x00, 0xCD, 0x11, 0x10, 0xD7, 0x30, 0x03, 0xE0, 0x40, 0xCC, 0x00, 0x12
	.byte 0xFD, 0xEE, 0xEE, 0xF1, 0xF1, 0x11, 0x00, 0xFD, 0xF1, 0xFE, 0x11, 0xF1, 0xF1, 0xCF, 0xE1, 0x00
	.byte 0x3E, 0xC3, 0x3C, 0x1E, 0x4C, 0x33, 0x33, 0xCE, 0x00, 0xFE, 0x35, 0x55, 0xFC, 0xFE, 0x50, 0x58
	.byte 0x3C, 0x01, 0x32, 0x32, 0x13, 0x3C, 0x33, 0x33, 0xF1, 0x10, 0x03, 0x40, 0x33, 0x30, 0x03, 0x13
	.byte 0x55, 0xFF, 0x3F, 0xE3, 0x55, 0x00, 0x55, 0xF5, 0x3F, 0x55, 0x22, 0x22, 0xF2, 0xDF, 0x00, 0x1D
	.byte 0xFD, 0x33, 0x11, 0xFF, 0xD1, 0x3F, 0xDD, 0x80, 0x00, 0x03, 0xFF, 0xFE, 0xDC, 0x4F, 0xFF, 0xCF
	.byte 0xEC, 0x00, 0x54, 0xCC, 0xCC, 0x4E, 0x54, 0xEE, 0xEE, 0x44, 0x5A, 0x54, 0x01, 0x2A, 0x45, 0x11
	.byte 0x00, 0x21, 0x0F, 0x4F, 0x00, 0x07, 0xFF, 0x40, 0x04, 0x00, 0x03, 0xEF, 0x00, 0xF3, 0x1D, 0xD1
	.byte 0x0E, 0x07, 0xDF, 0x11, 0x11, 0xED, 0xFF, 0x00, 0x03, 0xF0, 0xAA, 0xF0, 0x01, 0xF6, 0xF0, 0x01
	.byte 0xF0, 0x01, 0xF0, 0x01, 0x60, 0x01, 0xEE, 0xD1, 0xD8, 0x00, 0x03, 0xDD, 0xA0, 0x01, 0x12, 0xE1
	.byte 0x10, 0x03, 0xFE, 0xFE, 0x55, 0x58, 0xF0, 0x01, 0xEF, 0xF5, 0x79, 0x00, 0xFF, 0xFE, 0x98, 0x01
	.byte 0xDD, 0x00, 0x87, 0xEE, 0x00, 0x34, 0x67, 0x11, 0x0F, 0x34, 0x10, 0x77, 0x11, 0xFD, 0x00, 0x07
	.byte 0xFE, 0xFF, 0x79, 0x25, 0x00, 0x22, 0x32, 0x33, 0x25, 0x32, 0x33, 0x53, 0x97, 0x00, 0x99, 0x99
	.byte 0x78, 0x79, 0x77, 0x77, 0x87, 0x96, 0x00, 0x99, 0xFF, 0xFF, 0x76, 0x89, 0x88, 0x88, 0x67, 0x00
	.byte 0x68, 0x67, 0x77, 0x77, 0x78, 0x77, 0x77, 0xFF, 0x00, 0x44, 0xF4, 0x44, 0x87, 0xF5, 0x5F, 0x34
	.byte 0x88, 0x00, 0x89, 0x98, 0xF5, 0xFF, 0x88, 0xF8, 0xEF, 0x88, 0x00, 0x88, 0xF8, 0xFF, 0x88, 0x77
	.byte 0x98, 0xFF, 0x77, 0x10, 0x77, 0x88, 0x88, 0x00, 0x2E, 0x88, 0x1F, 0x1F, 0xC1, 0x00, 0xFD, 0x1F
	.byte 0x1F, 0xCC, 0xFD, 0xFE, 0xCF, 0xCC, 0x10, 0x0F, 0xFF, 0xFF, 0x03, 0x1B, 0x33, 0x44, 0x0F, 0x59
	.byte 0x00, 0x43, 0x44, 0xEF, 0x58, 0x44, 0xF4, 0xED, 0xF9, 0x38, 0xFF, 0x1F, 0x00, 0x83, 0xF0, 0x01
	.byte 0x10, 0xB0, 0xD1, 0x0E, 0x00, 0x3E, 0x00, 0xC1, 0xF1, 0x1D, 0xF0, 0x01, 0xF0, 0x01, 0xD0, 0xEE
	.byte 0x00, 0x45, 0xE0, 0x58, 0x1E, 0x00, 0x08, 0xDE, 0x40, 0xFB, 0xA0, 0x01, 0x11, 0xEF, 0xEE, 0x00
	.byte 0x8F, 0xC1, 0xFF, 0x5F, 0x85, 0xCC, 0xFD, 0x00, 0x40, 0x35, 0x02, 0xEB, 0x50, 0x00, 0x00, 0xED
	.byte 0xEF, 0x00, 0x04, 0xD0, 0x11, 0xFE, 0x00, 0x1D, 0x01, 0x9B, 0x1D, 0xEE, 0x0C, 0x1D, 0x77, 0x87
	.byte 0x77, 0x00, 0xC6, 0x10, 0xEA, 0x78, 0x77, 0x00, 0x83, 0x77, 0x97, 0x77, 0x55, 0x78, 0x77, 0x79
	.byte 0x00, 0x0F, 0x55, 0x85, 0x98, 0xFD, 0x00, 0x50, 0x55, 0x6D, 0xFD, 0x00, 0x3F, 0x00, 0x1C, 0xF8
	.byte 0x00, 0xEB, 0x10, 0x03, 0x88, 0x00, 0xEE, 0x20, 0x98, 0x87, 0x01, 0x00, 0x88, 0x88, 0x98, 0x45
	.byte 0x55, 0xE4, 0x02, 0x20, 0x03, 0x30, 0x04, 0x2B, 0x1F, 0xFD, 0x00, 0xF7, 0x1F, 0xF8, 0x00, 0xF5
	.byte 0xDF, 0x11, 0x5F, 0x54, 0xFF, 0xC1, 0xFE, 0x10, 0xFF, 0x00, 0xFF, 0x13, 0x4C, 0xF5, 0x1D, 0xD1
	.byte 0x0F, 0x0B, 0xDF, 0x11, 0xC1, 0xED, 0x10, 0xE3, 0xC1, 0x00, 0x48, 0x00, 0x7F, 0x3F, 0x00, 0xCC
	.byte 0x03, 0x3B, 0x13, 0x47, 0xF0, 0x01, 0xF0, 0x01, 0xF0, 0x01, 0xF0, 0x01, 0xC0, 0xF0, 0x01, 0xF0
	.byte 0x01, 0x00, 0xEE, 0x11, 0xCE, 0x00, 0xE0, 0x77, 0xDD, 0x04, 0xC7, 0x00, 0x94, 0xF0, 0x1D, 0x00
	.byte 0x10, 0xE3, 0xF4, 0xC6, 0xF0, 0x01, 0xC0, 0xF0, 0x01, 0x30, 0x01, 0xEF, 0x1E, 0xC1, 0xED, 0x1F
	.byte 0xE1, 0x07, 0xCC, 0xFD, 0xF0, 0xFD, 0xDD, 0x05, 0x10, 0xF0, 0x62, 0xF0, 0x01, 0xFF, 0xF0, 0x01
	.byte 0xF0, 0x01, 0xF0, 0x01, 0xF0, 0x01, 0xF0, 0x01, 0xF0, 0x01, 0xF0, 0x01, 0xF0, 0x01, 0xFF, 0xF0
	.byte 0x01, 0xF0, 0x01, 0xF0, 0x01, 0xF0, 0x01, 0xF0, 0x01, 0xF0, 0x01, 0xF0, 0x01, 0xF0, 0x01, 0x80
	.byte 0xB0, 0x01, 0x00, 0x00

  .globl gMonPalette_Ledyba
gMonPalette_Ledyba:
  .incbin "build/graphics/pokemon/ledyba/normal_palette.gbapal.lz"

  .globl gMonBackPic_Ledyba
gMonBackPic_Ledyba:
  .incbin "build/graphics/pokemon/ledyba/back.4bpp.lz"

  .globl gMonShinyPalette_Ledyba
gMonShinyPalette_Ledyba:
  .incbin "build/graphics/pokemon/ledyba/shiny_palette.gbapal.lz"

	.globl gMonIcon_Ledyba
gMonIcon_Ledyba: @ 0x08CA2D4C [165]
  .incbin "build/graphics/pokemon/ledyba/icon.4bpp"
	@ analyzed canonical ROM range 0x08CA314C-0x08CA34F3
	@ structured u8 payload; no safe higher-level semantic type was provable
	.byte 0x00, 0x00, 0x00, 0x60, 0xF0, 0xF0, 0x60, 0x10, 0x00, 0x00, 0x00, 0x00, 0x06, 0x0E, 0x0E, 0x0F
	.byte 0xF0, 0xF0, 0xE0, 0xC0, 0x00, 0x00, 0x00, 0x00, 0x0F, 0x0F, 0x07, 0x03, 0x00, 0x00, 0x00, 0x00
	.byte 0x10, 0x00, 0x08, 0x00, 0x3E, 0x00, 0x00, 0xF0, 0x01, 0xF0, 0x01, 0xF0, 0x01, 0xF0, 0x01, 0x90
	.byte 0x01, 0xF0, 0x0B, 0x0F, 0x00, 0x00, 0xEF, 0x00, 0x03, 0xFF, 0xF0, 0x1A, 0xF0, 0x01, 0xFF, 0xF0
	.byte 0x3D, 0x10, 0x39, 0xF0, 0x3D, 0xF0, 0x01, 0xF0, 0x01, 0xF0, 0x01, 0xF0, 0x01, 0xF0, 0x01, 0xF7
	.byte 0xF0, 0x01, 0xF0, 0x01, 0xF0, 0x01, 0x40, 0xAC, 0xFE, 0x30, 0xEA, 0x00, 0x03, 0x10, 0x0A, 0xA1
	.byte 0x50, 0x0E, 0xFF, 0x00, 0xBC, 0xFF, 0xFF, 0x0F, 0x40, 0x10, 0x21, 0xB0, 0x40, 0x03, 0xEF, 0x00
	.byte 0x03, 0x00, 0x15, 0xF5, 0xFE, 0x00, 0x44, 0x00, 0xEF, 0x4F, 0x44, 0x22, 0xEF, 0x3F, 0x23, 0x22
	.byte 0x2E, 0xFF, 0x3F, 0x00, 0x2E, 0x00, 0x00, 0x2E, 0x20, 0x03, 0x10, 0x01, 0x55, 0xA0, 0x00, 0x03
	.byte 0x33, 0x00, 0x04, 0x33, 0x43, 0x05, 0x00, 0x33, 0x3F, 0x33, 0xF4, 0xF0, 0x6F, 0xF0, 0x01, 0xF0
	.byte 0x01, 0xF0, 0x01, 0xF0, 0x01, 0xF0, 0x01, 0xE2, 0xF0, 0x01, 0xF0, 0x01, 0xF0, 0xFE, 0xFF, 0xFF
	.byte 0x34, 0x00, 0x04, 0x23, 0x00, 0x00, 0x00, 0x4F, 0x22, 0x00, 0x00, 0x30, 0xF2, 0x10, 0x00, 0x00
	.byte 0x34, 0x00, 0xE7, 0x3F, 0xEF, 0x00, 0xF0, 0x01, 0x3F, 0xF3, 0x40, 0xF4, 0x31, 0x33, 0x22, 0x00
	.byte 0xE3, 0xA0, 0x00, 0x03, 0x34, 0x00, 0x03, 0x33, 0x3F, 0x32, 0x33, 0x43, 0x40, 0xFF, 0x00, 0xD4
	.byte 0xFF, 0x32, 0xF3, 0x1F, 0x3F, 0x33, 0x04, 0xBF, 0x11, 0x33, 0x33, 0xBB, 0x00, 0x03, 0x44, 0x0F
	.byte 0x64, 0x33, 0x00, 0xEC, 0x00, 0x03, 0xF4, 0xFF, 0x00, 0x03, 0xFB, 0x3F, 0x11, 0x43, 0xF4, 0xB1
	.byte 0x20, 0x03, 0x44, 0xF4, 0xBB, 0x00, 0x03, 0xC0, 0xF0, 0x71, 0x30, 0x01, 0x50, 0x55, 0x55, 0x55
	.byte 0x35, 0x33, 0x3F, 0x33, 0x33, 0xF0, 0x19, 0x70, 0x01, 0x11, 0x4B, 0xF0, 0x01, 0xF0, 0x01, 0xF0
	.byte 0x01, 0xDA, 0xA0, 0x01, 0x11, 0xC3, 0x34, 0x40, 0x03, 0x10, 0x0B, 0xE0, 0x00, 0x03, 0x1E, 0xA0
	.byte 0x00, 0x06, 0x11, 0x00, 0x06, 0x11, 0x34, 0xF3, 0x31, 0x33, 0x00, 0x93, 0xF9, 0x3B, 0x33, 0x79
	.byte 0xF7, 0xFB, 0x33, 0x00, 0x78, 0x77, 0xAB, 0x33, 0xEE, 0x7E, 0xBF, 0x34, 0x00, 0xC1, 0xEC, 0xF7
	.byte 0x48, 0x11, 0xD1, 0x7E, 0x85, 0x00, 0x11, 0xED, 0x7E, 0x57, 0x33, 0xF3, 0xBA, 0xBA, 0x01, 0x33
	.byte 0xF3, 0xAB, 0xBB, 0x33, 0xF3, 0xAA, 0x10, 0x07, 0x00, 0xFB, 0x33, 0x24, 0xFF, 0x9F, 0x44, 0x72
	.byte 0x77, 0x00, 0x77, 0x77, 0x97, 0x77, 0x77, 0x85, 0x77, 0x77, 0x00, 0x88, 0xBB, 0x34, 0x44, 0xF5
	.byte 0xFB, 0x43, 0x44, 0x00, 0x3F, 0xFB, 0x44, 0xF4, 0x93, 0x8F, 0x44, 0xF4, 0x00, 0x89, 0x77, 0x48
	.byte 0x3F, 0x89, 0x77, 0x53, 0x93, 0x00, 0x88, 0x98, 0x35, 0x89, 0x88, 0x55, 0x34, 0x89, 0x00, 0xF8
	.byte 0x33, 0x99, 0x99, 0x29, 0x99, 0x88, 0x78, 0x41, 0x77, 0x00, 0x02, 0x77, 0x88, 0x77, 0x77, 0x87
	.byte 0x00, 0x06, 0x00, 0xF8, 0xE8, 0xEE, 0x8E, 0x0F, 0xCE, 0x11, 0xFC, 0x02, 0xEE, 0xEC, 0x11, 0x11
	.byte 0xCF, 0x33, 0x02, 0x38, 0x38, 0xB4, 0x00, 0x03, 0xF8, 0x82, 0x43, 0x10, 0x01, 0xEE, 0x00, 0x03
	.byte 0xCC, 0x0E, 0xF4, 0xF0, 0xCC, 0xF0, 0x01, 0xF0, 0x01, 0xB0, 0x01, 0x1E, 0x00, 0xE7, 0xCE, 0xEC
	.byte 0xF0, 0x00, 0xEF, 0x00, 0xF3, 0x22, 0xC7, 0xA0, 0x01, 0xEC, 0xDE, 0xFE, 0x79, 0x00, 0xDE, 0xED
	.byte 0xFF, 0x9F, 0xDD, 0xFF, 0xEF, 0xFE, 0x12, 0xFF, 0x00, 0xFF, 0x01, 0xFB, 0x1E, 0xF1, 0x01, 0x1A
	.byte 0x1C, 0xA8, 0x00, 0x03, 0xC1, 0x10, 0x07, 0x57, 0x01, 0xA7, 0x79, 0x87, 0x58, 0x01, 0xEF, 0xFF
	.byte 0xFF, 0x35, 0xFF, 0xEE, 0x5F, 0x02, 0xF1, 0x00, 0x5F, 0x72, 0x78, 0xCC, 0x8F, 0x67, 0x68, 0xCC
	.byte 0x00, 0x8F, 0x66, 0x68, 0xFF, 0x65, 0x66, 0x68, 0x5F, 0x08, 0xF5, 0xEF, 0xFE, 0x4F, 0x00, 0x3A
	.byte 0xF4, 0xFE, 0x5F, 0x00, 0xDE, 0x43, 0x5F, 0x43, 0xD5, 0x22, 0x55, 0x33, 0x00, 0xD4, 0x77, 0x52
	.byte 0xFF, 0x4F, 0x66, 0xF7, 0xEF, 0x00, 0xFE, 0x76, 0x77, 0xFF, 0xEF, 0xEC, 0x11, 0xD1, 0x00, 0xFD
	.byte 0xC1, 0xDE, 0xDD, 0xFD, 0x1E, 0xFD, 0xDD, 0x00, 0xFD, 0xED, 0xDD, 0xDF, 0xCF, 0xDD, 0xFF, 0xFF
	.byte 0x02, 0xCC, 0xCD, 0xCC, 0xCC, 0xCC, 0xCF, 0x00, 0x03, 0xFF, 0xAF, 0x00, 0x03, 0xCC, 0x00, 0x99
	.byte 0xCC, 0x00, 0xE8, 0xE0, 0x03, 0x10, 0x17, 0x00, 0x03, 0xFC, 0xF0, 0x01, 0xF0, 0x01, 0xF0, 0x01
	.byte 0xF0, 0x01, 0xF0, 0x01, 0x40, 0x01, 0xE0, 0x11, 0x6C, 0xF1, 0x00, 0xF3, 0x00, 0xF7, 0xE0, 0x03
	.byte 0xDB, 0x12, 0x13, 0xCE, 0x11, 0x14, 0x00, 0xE0, 0x1C, 0x10, 0x03, 0xD1, 0x00, 0x03, 0xDD, 0xFE
	.byte 0x00, 0x75, 0x66, 0x78, 0xFF, 0x75, 0x67, 0x68, 0x0F, 0x00, 0x85, 0x76, 0x78, 0xED, 0x50, 0x67
	.byte 0x78, 0xDD, 0x00, 0x5F, 0x78, 0x87, 0xDD, 0x0F, 0x85, 0x97, 0xFD, 0x00, 0x0F, 0x50, 0x89, 0xDE
	.byte 0x0F, 0xF0, 0x55, 0x76, 0x01, 0x77, 0x57, 0xF4, 0x67, 0x77, 0x77, 0x45, 0x01, 0xDA, 0xA0, 0x10
	.byte 0x03, 0xE5, 0x01, 0xE5, 0xE5, 0x77, 0x88, 0x58, 0xF4, 0x00, 0x89, 0x98, 0xFF, 0xF5, 0x55, 0xF5
	.byte 0xFE, 0x0F, 0x80, 0x00, 0xEE, 0xCC, 0xEF, 0xEE, 0xFF, 0xCC, 0xCE, 0x11, 0x00, 0xC1, 0xEE, 0x1C
	.byte 0x11, 0x11, 0x0E, 0x1C, 0x11, 0x10, 0xD1, 0xED, 0xCE, 0x00, 0x03, 0xEC, 0x1C, 0xDD, 0xED, 0x0F
	.byte 0xDF, 0xDF, 0xDD, 0x0E, 0x11, 0xE3, 0x10, 0xE6, 0xF1, 0xEA, 0xF0, 0x01, 0xFB, 0xF0, 0x01, 0xF0
	.byte 0x01, 0xF0, 0x01, 0xF0, 0x01, 0xB0, 0x01, 0xCE, 0x02, 0x6A, 0x10, 0xFB, 0xC0, 0xF0, 0x01, 0x10
	.byte 0x01, 0xFD, 0x00, 0xF0, 0x5E, 0x0F, 0x00, 0x6A, 0x50, 0x10, 0x1F, 0x10, 0x03, 0xF5, 0x00, 0x03
	.byte 0x35, 0x00, 0x03, 0x25, 0xC0, 0x13, 0xC2, 0x10, 0x03, 0x44, 0x05, 0xEF, 0xFF, 0x4F, 0x54, 0x00
	.byte 0xF0, 0xFF, 0x4F, 0x44, 0x0F, 0xFF, 0x3F, 0x44, 0x01, 0x0F, 0xF0, 0x32, 0x43, 0xF4, 0x50, 0x22
	.byte 0x30, 0x03, 0x11, 0x00, 0x32, 0x43, 0x05, 0x53, 0xFF, 0xEE, 0x00, 0x00, 0x1B, 0x31, 0x00, 0xFF
	.byte 0x04, 0x0A, 0x10, 0x20, 0xF3, 0x3F, 0x43, 0x04, 0x2F, 0x0B, 0x33, 0xF4, 0x25, 0x32, 0x00, 0x03
	.byte 0x22, 0xF5, 0x20, 0xF0, 0x01, 0xFF, 0xF0, 0x01, 0xF0, 0x01, 0xF0, 0x01, 0xF0, 0x01, 0xF0, 0x01
	.byte 0xF0, 0x01, 0xF0, 0x01, 0xF0, 0x01, 0xAF, 0xB0, 0x01, 0x45, 0x00, 0xDB, 0x50, 0x11, 0x15, 0xF0
	.byte 0x01, 0x34, 0xE7, 0x00, 0xE3, 0x6F, 0x50, 0x05, 0x17, 0x20, 0x28, 0xF0, 0xF1, 0x66, 0xF0, 0x01
	.byte 0xF0, 0x01, 0xF0, 0x01, 0x80, 0x70, 0x01, 0x00

  .globl gMonPalette_Ledian
gMonPalette_Ledian:
  .incbin "build/graphics/pokemon/ledian/normal_palette.gbapal.lz"

  .globl gMonBackPic_Ledian
gMonBackPic_Ledian:
  .incbin "build/graphics/pokemon/ledian/back.4bpp.lz"

  .globl gMonShinyPalette_Ledian
gMonShinyPalette_Ledian:
  .incbin "build/graphics/pokemon/ledian/shiny_palette.gbapal.lz"

	.globl gMonIcon_Ledian
gMonIcon_Ledian: @ 0x08CA389C [166]
  .incbin "build/graphics/pokemon/ledian/icon.4bpp"
	@ analyzed canonical ROM range 0x08CA3C9C-0x08CA3F2F
	@ structured u8 payload; no safe higher-level semantic type was provable
	.byte 0x00, 0x80, 0xC0, 0xE0, 0xE0, 0xE0, 0xF0, 0xF0, 0x00, 0x03, 0x07, 0x0F, 0x0F, 0x0F, 0x1F, 0x1F
	.byte 0xF0, 0xE0, 0xE0, 0xC0, 0xC0, 0x80, 0x00, 0x00, 0x1F, 0x0F, 0x0F, 0x07, 0x07, 0x03, 0x00, 0x00
	.byte 0x10, 0x00, 0x08, 0x00, 0x3F, 0x00, 0x00, 0xF0, 0x01, 0xF0, 0x01, 0xF0, 0x01, 0xF0, 0x01, 0xF0
	.byte 0x01, 0xF0, 0x01, 0xFF, 0xF0, 0x01, 0xF0, 0x01, 0xF0, 0x01, 0xF0, 0x01, 0xF0, 0x01, 0xF0, 0x01
	.byte 0xF0, 0x01, 0xF0, 0x01, 0xFF, 0xF0, 0x01, 0xF0, 0x01, 0xF0, 0x01, 0xF0, 0x01, 0xF0, 0x01, 0xF0
	.byte 0x01, 0xF0, 0x01, 0xF0, 0x01, 0xFF, 0xF0, 0x01, 0xF0, 0x01, 0xF0, 0x01, 0xF0, 0x01, 0xF0, 0x01
	.byte 0xF0, 0x01, 0xF0, 0x01, 0xF0, 0x01, 0xF5, 0xF0, 0x01, 0xF0, 0x01, 0xF0, 0x01, 0x40, 0x01, 0x60
	.byte 0x00, 0x03, 0xF6, 0xE0, 0x15, 0x20, 0x66, 0x66, 0x20, 0x01, 0x5F, 0x34, 0x33, 0x33, 0x35, 0x10
	.byte 0xF5, 0x3F, 0x33, 0xE0, 0x1E, 0x06, 0x00, 0x00, 0x44, 0x00, 0x55, 0x06, 0x00, 0x33, 0x44, 0x54
	.byte 0x06, 0x33, 0x1F, 0x33, 0x54, 0x65, 0xF0, 0x56, 0xF0, 0x01, 0xF0, 0x01, 0xF0, 0x01, 0xF0, 0x01
	.byte 0xF4, 0xF0, 0x01, 0xF0, 0x01, 0xF0, 0x01, 0x00, 0x01, 0x90, 0x00, 0x02, 0x89, 0x00, 0x01, 0x00
	.byte 0x79, 0x77, 0x00, 0x00, 0xF9, 0xFF, 0x00, 0x0F, 0x40, 0x5F, 0x00, 0xEA, 0x35, 0x00, 0x00, 0xF0
	.byte 0x34, 0x00, 0x00, 0xFF, 0x5F, 0x33, 0xF9, 0xEF, 0xFF, 0x34, 0x87, 0x00, 0xFF, 0xFF, 0x39, 0x87
	.byte 0xEF, 0xFE, 0x49, 0xFF, 0x08, 0xFE, 0xEF, 0xF7, 0x33, 0x00, 0xE3, 0x23, 0x22, 0x33, 0x00, 0x54
	.byte 0x22, 0x22, 0x42, 0xFF, 0x23, 0x22, 0x32, 0x00, 0x55, 0x32, 0x32, 0x32, 0x15, 0x23, 0x23, 0x33
	.byte 0x00, 0x15, 0x33, 0x33, 0x53, 0x15, 0x34, 0x53, 0x35, 0x40, 0x16, 0x00, 0xE3, 0x4F, 0x55, 0x55
	.byte 0x44, 0x44, 0xFF, 0x00, 0xFF, 0x4F, 0x44, 0x33, 0x33, 0x44, 0x44, 0x35, 0x00, 0x43, 0x44, 0x44
	.byte 0x51, 0x44, 0x44, 0x44, 0xD1, 0x00, 0x66, 0x46, 0x44, 0xD1, 0x4F, 0x64, 0x46, 0x06, 0x00, 0xF0
	.byte 0x9F, 0x00, 0x06, 0xEF, 0xFF, 0x09, 0xF4, 0x00, 0xFE, 0xFF, 0x97, 0xF4, 0xF7, 0x8F, 0x77, 0xF4
	.byte 0x00, 0xF8, 0x90, 0xF9, 0xF4, 0xF9, 0xFF, 0x0F, 0xF4, 0x01, 0xF8, 0xEE, 0xFF, 0xF4, 0x87, 0xFF
	.byte 0x8F, 0x90, 0x98, 0x6F, 0x0F, 0x40, 0x03, 0x50, 0x01, 0x09, 0xF0, 0xBB, 0xF0, 0x01, 0xF0, 0x01
	.byte 0xF0, 0xEF, 0x02, 0x00, 0x80, 0x79, 0x00, 0x00, 0x89, 0x00, 0xEF, 0x79, 0x08, 0x97, 0x00, 0x00
	.byte 0x99, 0x90, 0x62, 0x00, 0x88, 0xFF, 0x20, 0xFF, 0xF9, 0x00, 0xEF, 0x77, 0x97, 0x0F, 0x8F, 0x88
	.byte 0x00, 0x0F, 0x00, 0xF0, 0x99, 0x00, 0x00, 0xFF, 0x77, 0x00, 0x00, 0xFF, 0xEE, 0x78, 0x90, 0xF8
	.byte 0xFF, 0x8F, 0x40, 0x78, 0x00, 0x1C, 0x44, 0x35, 0x23, 0xD5, 0x59, 0x33, 0x00, 0x22, 0xF2, 0xF9
	.byte 0x2F, 0x22, 0x22, 0x1F, 0xFD, 0x80, 0x00, 0x03, 0xFE, 0x32, 0x32, 0xFF, 0xFF, 0x23, 0x23, 0x00
	.byte 0xFF, 0x4F, 0x33, 0x33, 0x60, 0x35, 0x33, 0x33, 0x04, 0xDD, 0x3F, 0x44, 0xF4, 0xFF, 0x00, 0xF7
	.byte 0x22, 0x33, 0x00, 0xF4, 0xFF, 0x22, 0x33, 0x15, 0xFD, 0x32, 0x43, 0x00, 0x1F, 0xFE, 0x33, 0x43
	.byte 0xFF, 0xFF, 0x33, 0x43, 0x40, 0xF5, 0x10, 0x16, 0x44, 0x76, 0x98, 0xFF, 0x7F, 0x85, 0x02, 0x09
	.byte 0x00, 0x99, 0xF4, 0x99, 0x09, 0x00, 0x59, 0xFF, 0x00, 0x0F, 0x6F, 0x77, 0xEF, 0xFE, 0x6F, 0x88
	.byte 0xFF, 0x05, 0xEF, 0xF5, 0xF9, 0xFF, 0xFF, 0x00, 0x88, 0xFF, 0x00, 0x90, 0x3A, 0x00, 0x77, 0x10
	.byte 0x08, 0x40, 0x95, 0x10, 0x06, 0x9F, 0x00, 0x03, 0x7F, 0x9E, 0x00, 0xFC, 0x78, 0xF7, 0xF0, 0xCC
	.byte 0xF0, 0x01, 0xF0, 0x01, 0xF0, 0x01, 0x00, 0x70, 0x80, 0x31, 0x07, 0x60, 0x03, 0x60, 0x01, 0x79
	.byte 0x87, 0x0F, 0x00, 0x38, 0x77, 0xF8, 0x30, 0x83, 0x10, 0x6E, 0xE1, 0x73, 0xC6, 0x3C, 0x33, 0x08
	.byte 0x00, 0xAC, 0xFB, 0x44, 0x00, 0x03, 0xF6, 0x00, 0xC0, 0x50, 0xFB, 0x00, 0x10, 0xFC, 0xA0, 0x1E
	.byte 0x44, 0x44, 0xCC, 0xF4, 0x00, 0x44, 0xC5, 0xBA, 0x0C, 0xFF, 0xCF, 0xBA, 0x0F, 0xFA, 0x00, 0x23
	.byte 0x70, 0xC8, 0xF0, 0x01, 0xF0, 0x01, 0x00, 0x01, 0x8F, 0x00, 0x74, 0xF0, 0xFF, 0x12, 0x85, 0xF0
	.byte 0x01, 0xF0, 0x01, 0xF0, 0x01, 0xF0, 0x01, 0xF0, 0x01, 0xF0, 0x01, 0xF0, 0x01, 0xFF, 0xF0, 0x01
	.byte 0xF0, 0x01, 0xF0, 0x01, 0xF0, 0x01, 0xF0, 0x01, 0xF0, 0x01, 0xF0, 0x01, 0xF0, 0x01, 0xFF, 0xF0
	.byte 0x01, 0xF0, 0x01, 0xF0, 0x01, 0xF0, 0x01, 0xF0, 0x01, 0xF0, 0x01, 0xF0, 0x01, 0xF0, 0x01, 0xFF
	.byte 0xF0, 0x01, 0xF0, 0x01, 0xF0, 0x01, 0xF0, 0x01, 0xF0, 0x01, 0xF0, 0x01, 0xF0, 0x01, 0xF0, 0x01
	.byte 0x80, 0x60, 0x01, 0x00

  .globl gMonPalette_Spinarak
gMonPalette_Spinarak:
  .incbin "build/graphics/pokemon/spinarak/normal_palette.gbapal.lz"

  .globl gMonBackPic_Spinarak
gMonBackPic_Spinarak:
  .incbin "build/graphics/pokemon/spinarak/back.4bpp.lz"

  .globl gMonShinyPalette_Spinarak
gMonShinyPalette_Spinarak:
  .incbin "build/graphics/pokemon/spinarak/shiny_palette.gbapal.lz"

	.globl gMonIcon_Spinarak
gMonIcon_Spinarak: @ 0x08CA41E4 [167]
  .incbin "build/graphics/pokemon/spinarak/icon.4bpp"
	@ analyzed canonical ROM range 0x08CA45E4-0x08CA49C3
	@ structured u8 payload; no safe higher-level semantic type was provable
	.byte 0x00, 0x00, 0x00, 0x00, 0x00, 0x00, 0x00, 0x80, 0x00, 0x00, 0x00, 0x00, 0x00, 0x00, 0x00, 0x01
	.byte 0x80, 0x00, 0x00, 0x00, 0x00, 0x00, 0x00, 0x00, 0x01, 0x00, 0x00, 0x00, 0x00, 0x00, 0x00, 0x00
	.byte 0x10, 0x00, 0x08, 0x00, 0x3F, 0x00, 0x00, 0xF0, 0x01, 0xF0, 0x01, 0xF0, 0x01, 0xF0, 0x01, 0xF0
	.byte 0x01, 0xF0, 0x01, 0x82, 0x60, 0x01, 0x09, 0x00, 0x00, 0x80, 0xF8, 0x00, 0x03, 0x97, 0xFF, 0xF0
	.byte 0x1A, 0xF0, 0x01, 0xF0, 0x01, 0xF0, 0x01, 0xF0, 0x01, 0xF0, 0x01, 0xF0, 0x01, 0xF0, 0x01, 0xF8
	.byte 0xF0, 0x01, 0xF0, 0x01, 0xF0, 0x01, 0xF0, 0x01, 0x70, 0x01, 0x80, 0x87, 0x00, 0x21, 0x00, 0x78
	.byte 0x90, 0x03, 0xCA, 0x00, 0x00, 0xAB, 0x00, 0x03, 0x47, 0xBB, 0x00, 0x03, 0xBC, 0xCB, 0x0F, 0x00
	.byte 0x21, 0x10, 0x03, 0x01, 0x10, 0x6F, 0x00, 0x01, 0x10, 0x20, 0x03, 0xFC, 0x80, 0x03, 0xF0, 0x01
	.byte 0xF0, 0x01, 0x40, 0x01, 0x50, 0x78, 0x00, 0x6B, 0x77, 0x20, 0x63, 0x90, 0x77, 0x87, 0x00, 0x02
	.byte 0xAC, 0x7A, 0x98, 0xC0, 0xAA, 0xBB, 0x10, 0x4E, 0x00, 0x7F, 0x98, 0x80, 0x5B, 0x10, 0x67, 0x10
	.byte 0x6F, 0xF0, 0x01, 0xF0, 0x01, 0xF0, 0x01, 0xF0, 0x01, 0xC0, 0xF0, 0x01, 0x20, 0x01, 0xCC, 0x00
	.byte 0x00, 0xC0, 0x9A, 0x00, 0x19, 0x00, 0xAC, 0x9B, 0x10, 0xE3, 0x70, 0x03, 0xC0, 0x8B, 0x00, 0x03
	.byte 0x35, 0x78, 0x0C, 0x00, 0x03, 0x00, 0x93, 0x78, 0x01, 0xFC, 0x78, 0x90, 0xEB, 0x40, 0xFB, 0x20
	.byte 0x9F, 0x40, 0x44, 0x09, 0x40, 0x34, 0x22, 0x00, 0x49, 0x34, 0x22, 0x22, 0x88, 0xFF, 0xEE, 0xEE
	.byte 0xA0, 0x40, 0x4F, 0xC0, 0x00, 0x03, 0xF0, 0x44, 0x55, 0x55, 0xBF, 0x00, 0x23, 0x22, 0x53, 0xBC
	.byte 0x22, 0x22, 0xF2, 0x87, 0x00, 0x22, 0x22, 0x89, 0x77, 0x3F, 0x92, 0x78, 0xF7, 0x00, 0xAC, 0xBA
	.byte 0xCB, 0x09, 0xBB, 0xBB, 0xCC, 0x0F, 0x00, 0xBB, 0xCB, 0xFC, 0x00, 0xBB, 0xCC, 0x0C, 0x00, 0x90
	.byte 0x00, 0x06, 0x00, 0xCC, 0x00, 0xE0, 0xFF, 0x54, 0x00, 0x00, 0x1F, 0x44, 0x44, 0x05, 0xF0, 0x99
	.byte 0xF0, 0x01, 0xF0, 0x01, 0xF0, 0x01, 0x90, 0x01, 0xA8, 0x10, 0x8B, 0xBC, 0x00, 0x06, 0xBA, 0x31
	.byte 0xC7, 0xBC, 0x9B, 0x00, 0x00, 0xC0, 0xBB, 0x9C, 0x00, 0xEE, 0xBB, 0xCC, 0x00, 0x00, 0x1E, 0xCE
	.byte 0xFC, 0xCC, 0x1E, 0xE1, 0xFC, 0xFC, 0x00, 0xD8, 0xD1, 0x0F, 0xFC, 0xE8, 0x11, 0xFD, 0x7C, 0x00
	.byte 0x89, 0x1D, 0xD1, 0x87, 0x0F, 0x00, 0x79, 0x78, 0x00, 0x09, 0x00, 0x89, 0x79, 0xF8, 0x00, 0xFF
	.byte 0x89, 0x01, 0x97, 0xF0, 0xEF, 0x90, 0x87, 0xFF, 0x3E, 0x00, 0x98, 0x00, 0x34, 0x44, 0x33, 0x33
	.byte 0x44, 0x2F, 0x32, 0x33, 0x00, 0x43, 0x77, 0x88, 0xEF, 0xFE, 0xF8, 0xFF, 0xEE, 0x00, 0x8F, 0xEF
	.byte 0xEE, 0xEE, 0xFE, 0x34, 0x33, 0x33, 0x04, 0xE4, 0x22, 0x22, 0x22, 0x42, 0x00, 0x03, 0x33, 0x3F
	.byte 0x00, 0x33, 0x33, 0x33, 0xF4, 0x35, 0x33, 0xFF, 0xFF, 0x80, 0x00, 0xE6, 0x77, 0x77, 0x97, 0x33
	.byte 0x8F, 0x77, 0xF9, 0x00, 0x5F, 0xFE, 0x99, 0xFF, 0xCC, 0xFE, 0xFF, 0xFF, 0x00, 0xBC, 0x43, 0xFF
	.byte 0xFF, 0xAC, 0x33, 0xF4, 0xFF, 0x00, 0xBC, 0x33, 0x33, 0x89, 0xC7, 0x43, 0xF5, 0x54, 0x00, 0x00
	.byte 0x53, 0xFF, 0x4F, 0x06, 0x33, 0xF5, 0xFF, 0x00, 0x86, 0x43, 0x54, 0xFF, 0x54, 0x4C, 0x44, 0x55
	.byte 0x00, 0x54, 0xCA, 0x44, 0x44, 0x54, 0xAA, 0x4C, 0x44, 0x05, 0x44, 0xAB, 0xCB, 0x44, 0x44, 0x90
	.byte 0xB8, 0x08, 0x00, 0x03, 0xCB, 0x13, 0x70, 0x00, 0x8F, 0x00, 0x75, 0x01, 0x80, 0x85, 0x22, 0x1D
	.byte 0xF0, 0x01, 0x81, 0xB0, 0x01, 0xAC, 0xCB, 0x00, 0xB0, 0xBB, 0xCB, 0x00, 0xE3, 0x00, 0xCB, 0x00
	.byte 0xBC, 0xBA, 0xCC, 0x00, 0x79, 0xB7, 0x00, 0xCC, 0x80, 0x77, 0x77, 0xFC, 0x90, 0x77, 0x77, 0x00
	.byte 0xF8, 0x78, 0x77, 0x87, 0xF8, 0x7C, 0x97, 0x1E, 0x00, 0x11, 0x9C, 0x78, 0xDE, 0x11, 0x9F, 0x89
	.byte 0xE5, 0x00, 0x11, 0x0F, 0xCC, 0xE5, 0xDD, 0x0C, 0xAC, 0x33, 0x04, 0xEE, 0xC0, 0xB1, 0x33, 0x33
	.byte 0x20, 0x03, 0x5C, 0x33, 0x10, 0x33, 0xED, 0x22, 0x30, 0x03, 0xFD, 0x22, 0x33, 0x43, 0x80, 0x10
	.byte 0xEF, 0x32, 0x54, 0x35, 0x44, 0x53, 0xAB, 0xFA, 0x00, 0x44, 0x14, 0xB1, 0xFA, 0x44, 0x1F, 0xBE
	.byte 0xFB, 0x00, 0x44, 0x44, 0xFF, 0x3F, 0xCF, 0x44, 0xEF, 0xFF, 0x00, 0xC8, 0x44, 0xEF, 0xFE, 0xA8
	.byte 0x54, 0xEF, 0xFE, 0x20, 0xAC, 0xF4, 0x00, 0x03, 0xFF, 0xFE, 0x8F, 0xBC, 0xEF, 0x00, 0xEF, 0x7F
	.byte 0xBC, 0xFF, 0xFF, 0x87, 0xBC, 0x3F, 0x00, 0x93, 0x78, 0xC9, 0x3F, 0x93, 0x97, 0xFF, 0xFC, 0x21
	.byte 0x44, 0x59, 0x00, 0x03, 0x44, 0xFF, 0xCA, 0x4F, 0x30, 0x03, 0x00, 0xBA, 0xFC, 0x44, 0xFF, 0xBB
	.byte 0xCC, 0xF4, 0xFF, 0x00, 0xBB, 0xBB, 0x4F, 0x44, 0xBB, 0xAB, 0xFB, 0x44, 0x00, 0xBB, 0x7B, 0x87
	.byte 0x59, 0xBC, 0x77, 0x77, 0x68, 0x82, 0x00, 0x03, 0xF7, 0x9F, 0x77, 0x77, 0x77, 0x01, 0x37, 0x77
	.byte 0x05, 0x5F, 0x95, 0x89, 0xB7, 0x85, 0x02, 0x0B, 0xF5, 0x42, 0xF3, 0xDF, 0x52, 0xF7, 0x10, 0x07
	.byte 0x0B, 0x00, 0x03, 0x02, 0x90, 0xD1, 0xD7, 0x41, 0xDB, 0x21, 0xDF, 0x40, 0xBB, 0x00, 0x03, 0xCB
	.byte 0x79, 0x77, 0x87, 0x09, 0x7C, 0x02, 0x77, 0x88, 0x0F, 0xBB, 0x8B, 0xF8, 0x02, 0x5F, 0x0F, 0x3C
	.byte 0x00, 0xBB, 0x02, 0x5F, 0x13, 0xB4, 0x12, 0xAF, 0x10, 0x47, 0xC0, 0x5F, 0x00, 0x33, 0x33, 0xE0
	.byte 0x4F, 0x33, 0x43, 0x1D, 0x45, 0x08, 0x44, 0x44, 0x1E, 0x5D, 0x40, 0x03, 0x0F, 0x55, 0xF5, 0x40
	.byte 0x1E, 0x00, 0x1C, 0xF0, 0x0F, 0x00, 0xD0, 0xFF, 0xCF, 0x00, 0x5F, 0x54, 0xFF, 0xFF, 0x4F, 0xF4
	.byte 0xF4, 0x5F, 0x00, 0x44, 0xF4, 0x44, 0x12, 0x4F, 0x0F, 0x14, 0x11, 0x00, 0xFF, 0x00, 0x1E, 0xD1
	.byte 0x0F, 0x00, 0x1E, 0xFD, 0x21, 0x00, 0x00, 0x00, 0x06, 0x00, 0xFF, 0xFF, 0xF8, 0x00, 0xE7, 0x41
	.byte 0xFF, 0x10, 0x03, 0x7C, 0xF0, 0xFF, 0x0F, 0x79, 0x00, 0x52, 0xC8, 0x10, 0x03, 0x03, 0xCB, 0x00
	.byte 0x80, 0x00, 0x03, 0x90, 0xBB, 0xCC, 0x0A, 0xFC, 0xFF, 0x77, 0x88, 0x10, 0x03, 0xFF, 0x00, 0x03
	.byte 0x0F, 0x40, 0x00, 0xD0, 0x03, 0x5F, 0xF5, 0x9F, 0xB9, 0xF6, 0x0F, 0x3B, 0x00, 0xCF, 0x10, 0x6E
	.byte 0xF1, 0xBB, 0x04, 0x65, 0x0C, 0x00, 0x03, 0x00, 0x1C, 0x51, 0xBC, 0x00, 0xB0, 0xCF, 0x20, 0x03
	.byte 0x0F, 0x00, 0xC0, 0x00, 0x37, 0x54, 0x80, 0x00, 0x03, 0x00, 0x10, 0x03, 0x00, 0x02, 0x99, 0x80
	.byte 0x77, 0x13, 0x0F, 0x00, 0x90, 0x04, 0x9A, 0x90, 0xF7, 0x20, 0xB4, 0xF0, 0x45, 0xDB, 0xF0, 0x01
	.byte 0x80, 0x01, 0xE0, 0xF0, 0x12, 0x70, 0x01, 0xFF, 0xF0, 0x12, 0xD0, 0x01, 0x6F, 0x90, 0xF0, 0x12
	.byte 0x70, 0x01, 0xB7, 0x01, 0x6C, 0x15, 0x25, 0x60, 0x03, 0x00, 0xC3, 0xB7, 0x50, 0x03, 0x7C, 0xF2
	.byte 0xBF, 0xF0, 0x01, 0x89, 0x31, 0x88, 0xF0, 0x18, 0xF0, 0x01, 0xFF, 0xF0, 0x01, 0xF0, 0x01, 0xF0
	.byte 0x01, 0xF0, 0x01, 0xF0, 0x01, 0xF0, 0x01, 0xF0, 0x01, 0xF0, 0x01, 0xB7, 0x10, 0x01, 0x79, 0x00
	.byte 0xBA, 0x10, 0x03, 0xF9, 0xF0, 0x1A, 0xF0, 0x01, 0xF0, 0x01, 0xC0, 0xF0, 0x01, 0xC0, 0x01, 0x00

  .globl gMonPalette_Ariados
gMonPalette_Ariados:
  .incbin "build/graphics/pokemon/ariados/normal_palette.gbapal.lz"

  .globl gMonBackPic_Ariados
gMonBackPic_Ariados:
  .incbin "build/graphics/pokemon/ariados/back.4bpp.lz"

  .globl gMonShinyPalette_Ariados
gMonShinyPalette_Ariados:
  .incbin "build/graphics/pokemon/ariados/shiny_palette.gbapal.lz"

	.globl gMonIcon_Ariados
gMonIcon_Ariados: @ 0x08CA4D8C [168]
  .incbin "build/graphics/pokemon/ariados/icon.4bpp"
	@ analyzed canonical ROM range 0x08CA518C-0x08CA555B
	@ structured u8 payload; no safe higher-level semantic type was provable
	.byte 0x00, 0x00, 0x00, 0x00, 0x00, 0x00, 0x40, 0xE0, 0x00, 0x00, 0x00, 0x00, 0x00, 0x00, 0x0D, 0x0F
	.byte 0xF0, 0xB0, 0x00, 0x00, 0x00, 0x00, 0x00, 0x00, 0x07, 0x02, 0x00, 0x00, 0x00, 0x00, 0x00, 0x00
	.byte 0x10, 0x00, 0x08, 0x00, 0x3F, 0x00, 0x00, 0xF0, 0x01, 0xF0, 0x01, 0xF0, 0x01, 0xF0, 0x01, 0xF0
	.byte 0x01, 0xF0, 0x01, 0xFD, 0xF0, 0x01, 0xF0, 0x01, 0xF0, 0x01, 0xF0, 0x01, 0xF0, 0x01, 0x40, 0x01
	.byte 0x50, 0x00, 0x02, 0x00, 0x34, 0x00, 0x00, 0x34, 0xA3, 0x00, 0x40, 0x33, 0x04, 0xAA, 0x00, 0x35
	.byte 0xA3, 0xAA, 0x20, 0x15, 0x40, 0xF4, 0x80, 0x00, 0x15, 0xF3, 0x00, 0x34, 0xF3, 0x0F, 0x00, 0xA3
	.byte 0x08, 0xFA, 0x00, 0x00, 0xAA, 0x10, 0x03, 0x0F, 0x00, 0x00, 0x64, 0x9A, 0x00, 0x03, 0x50, 0x01
	.byte 0x34, 0x54, 0x00, 0x0F, 0x35, 0x53, 0x00, 0x04, 0xA0, 0x99, 0x35, 0x53, 0x00, 0x9A, 0x99, 0x05
	.byte 0x35, 0x00, 0xA0, 0x99, 0x59, 0x00, 0x11, 0x99, 0xD0, 0x60, 0x54, 0x04, 0x00, 0x03, 0x53, 0x00
	.byte 0x04, 0x33, 0x00, 0x04, 0x3F, 0x33, 0x35, 0x54, 0x55, 0xF0, 0x82, 0x30, 0x01, 0x55, 0x00, 0x5B
	.byte 0x33, 0x80, 0x5F, 0xF9, 0xF0, 0x01, 0xF0, 0x01, 0xF0, 0x01, 0x60, 0xD6, 0x00, 0x67, 0x50, 0x22
	.byte 0x00, 0x08, 0x40, 0x2F, 0x00, 0x59, 0x45, 0x00, 0x00, 0x25, 0x32, 0x00, 0x10, 0x00, 0xF0, 0x3F
	.byte 0x00, 0x0F, 0x35, 0x50, 0x33, 0xA5, 0x00, 0xAA, 0x44, 0x33, 0xAF, 0x9A, 0x32, 0x53, 0xAA, 0x05
	.byte 0x9A, 0x33, 0xF3, 0xAA, 0x99, 0x00, 0x0E, 0x99, 0x00, 0x0E, 0x10, 0x99, 0xF3, 0xAA, 0x30, 0x03
	.byte 0x99, 0x0A, 0x00, 0x00, 0x6F, 0xF9, 0x00, 0x28, 0x50, 0x03, 0xA9, 0x00, 0x03, 0x10, 0x96, 0x10
	.byte 0x03, 0x00, 0x1A, 0x95, 0x00, 0x01, 0xA0, 0x98, 0x00, 0x04, 0x8A, 0x40, 0x03, 0xA0, 0x40, 0x03
	.byte 0x80, 0x60, 0x01, 0xF9, 0x33, 0x53, 0x34, 0x99, 0x3F, 0x33, 0x02, 0x33, 0x98, 0xF9, 0x33, 0x33
	.byte 0x88, 0x00, 0x08, 0x88, 0x80, 0x00, 0x08, 0x8A, 0x98, 0x99, 0x3F, 0x8A, 0x88, 0x99, 0x06, 0x39
	.byte 0xA0, 0x88, 0x99, 0xF9, 0x01, 0x36, 0x60, 0xEB, 0xF4, 0xAF, 0x00, 0x0B, 0xFF, 0x00, 0x03, 0xF3
	.byte 0x11, 0x23, 0x00, 0x03, 0xF0, 0xFF, 0xF0, 0x01, 0xFC, 0xF0, 0x01, 0x91, 0xCB, 0x20, 0x03, 0x01
	.byte 0xCF, 0x50, 0x03, 0x11, 0xDB, 0x50, 0x34, 0x00, 0x05, 0x00, 0x50, 0x33, 0x52, 0x00, 0x50, 0x43
	.byte 0x90, 0x00, 0x03, 0x53, 0xA3, 0x00, 0xE3, 0xA3, 0xAA, 0x9F, 0xA9, 0x20, 0xAF, 0x5A, 0x10, 0x03
	.byte 0xFF, 0xA9, 0xAA, 0xAA, 0xF5, 0x40, 0xF9, 0x20, 0x03, 0x9A, 0x5A, 0xFF, 0xAA, 0x99, 0x59, 0x7C
	.byte 0xFF, 0x30, 0xE3, 0xF0, 0x01, 0xF0, 0x01, 0xF0, 0x01, 0x21, 0x1D, 0x88, 0x98, 0x50, 0x99, 0x10
	.byte 0x03, 0x00, 0x00, 0xF4, 0x00, 0x8A, 0xA8, 0x99, 0x20, 0x00, 0xA0, 0x50, 0x03, 0xF8, 0x88, 0x00
	.byte 0x00, 0xFA, 0x02, 0x88, 0x33, 0x05, 0x00, 0x00, 0x3F, 0x00, 0xF8, 0x39, 0x04, 0xF3, 0x00, 0x40
	.byte 0x59, 0x53, 0x00, 0x03, 0x43, 0x0F, 0x20, 0x40, 0x99, 0x00, 0xF8, 0x99, 0x35, 0x05, 0x00, 0x98
	.byte 0x75, 0x35, 0x11, 0x11, 0x30, 0x01, 0x11, 0x27, 0x42, 0x00, 0x2B, 0x22, 0x00, 0x12, 0x01, 0x24
	.byte 0x42, 0x0F, 0x00, 0x50, 0x32, 0xF4, 0x02, 0xA2, 0x55, 0x43, 0x11, 0x21, 0x24, 0x00, 0x03, 0x25
	.byte 0x40, 0xDF, 0x33, 0x02, 0xAC, 0x90, 0x00, 0x03, 0x35, 0x33, 0x00, 0xE6, 0x33, 0x55, 0x44, 0x33
	.byte 0x21, 0x33, 0x53, 0x00, 0xE3, 0xF3, 0x00, 0x50, 0xA3, 0x02, 0xC1, 0xB0, 0xA0, 0x03, 0xF5, 0x00
	.byte 0x03, 0x00, 0x1B, 0xA3, 0xAA, 0x99, 0x99, 0x50, 0xFA, 0x00, 0x03, 0xF9, 0x01, 0xE9, 0xA9, 0x9A
	.byte 0x99, 0xA9, 0x03, 0x0F, 0x9A, 0xA9, 0x0F, 0x00, 0x9A, 0x02, 0xDF, 0x00, 0x06, 0x7E, 0x00, 0x00
	.byte 0x06, 0x20, 0x01, 0x51, 0xEF, 0xF0, 0x01, 0xF0, 0x01, 0xF0, 0x01, 0x8A, 0xD8, 0x00, 0xE7, 0x10
	.byte 0x03, 0xAA, 0x52, 0x1F, 0xA0, 0x01, 0x98, 0x39, 0x53, 0x00, 0x00, 0x88, 0x59, 0x43, 0x00, 0x88
	.byte 0xA8, 0x33, 0x00, 0x05, 0xFF, 0x88, 0x3A, 0x54, 0x00, 0xFF, 0xA8, 0x58, 0x43, 0x02, 0x05, 0x3A
	.byte 0x42, 0x0A, 0x10, 0xCA, 0x54, 0x00, 0x44, 0x30, 0x33, 0x23, 0x00, 0xDA, 0x02, 0xBF, 0xF4, 0x23
	.byte 0x0F, 0x00, 0x00, 0xB4, 0xFB, 0xF4, 0x00, 0xC4, 0xBF, 0x43, 0x0F, 0x00, 0x35, 0x33, 0x3F, 0x53
	.byte 0x35, 0xF3, 0x33, 0x33, 0x00, 0x33, 0xF3, 0x22, 0x33, 0x33, 0xBF, 0x32, 0x33, 0x00, 0xF3, 0xBB
	.byte 0x33, 0x33, 0xB3, 0xCF, 0x33, 0xFF, 0x00, 0x45, 0x33, 0xF2, 0x11, 0x11, 0x55, 0x1F, 0x11, 0x40
	.byte 0xD1, 0x00, 0x01, 0x52, 0xFF, 0x43, 0x0F, 0x45, 0xA3, 0x00, 0x4F, 0x54, 0x35, 0x54, 0x3F, 0x54
	.byte 0x34, 0x0F, 0x04, 0x33, 0x45, 0xF3, 0x00, 0x33, 0x01, 0x5B, 0x33, 0x53, 0x03, 0x05, 0x00, 0x4F
	.byte 0x43, 0x55, 0x55, 0x00, 0x3B, 0x21, 0x40, 0xFF, 0xF0, 0x01, 0x43, 0x83, 0xF0, 0x12, 0xF0, 0x01
	.byte 0xF0, 0x01, 0xF0, 0x01, 0xF0, 0x01, 0xF0, 0x01, 0xC0, 0xF0, 0x01, 0x24, 0x79, 0xF0, 0x35, 0x35
	.byte 0x24, 0x00, 0x50, 0x50, 0x45, 0x01, 0xFE, 0x55, 0x01, 0xD3, 0x54, 0x33, 0x00, 0x35, 0x00, 0x54
	.byte 0x33, 0x50, 0x43, 0x5F, 0x33, 0x34, 0xF4, 0x80, 0x01, 0x19, 0x0F, 0x00, 0x45, 0xE1, 0xF5, 0x3F
	.byte 0x33, 0xF1, 0x03, 0x5E, 0xF0, 0x01, 0x60, 0x01, 0x02, 0x04, 0x43, 0xF4, 0x55, 0x00, 0x03, 0x50
	.byte 0x00, 0x20, 0x03, 0x44, 0x10, 0x03, 0xF5, 0x00, 0x43, 0x44, 0x01, 0x0F, 0x00, 0x44, 0x54, 0x0F
	.byte 0x00, 0x43, 0x00, 0xE4, 0x04, 0x44, 0x44, 0x55, 0x00, 0x55, 0x20, 0x04, 0x34, 0x44, 0xD7, 0x00
	.byte 0x6B, 0x02, 0x3F, 0x45, 0x53, 0x2B, 0x44, 0x90, 0x8C, 0x02, 0x7E, 0x22, 0x87, 0xBF, 0x11, 0x34
	.byte 0x33, 0x02, 0x87, 0xF1, 0x3D, 0xF0, 0x01, 0xF0, 0x01, 0xE0, 0x01, 0x10, 0x67, 0xA9, 0x04, 0x8F
	.byte 0x40, 0x00, 0x03, 0x25, 0x01, 0xFB, 0x24, 0x43, 0x00, 0x0E, 0xA7, 0x10, 0x03, 0x44, 0x02, 0xCA
	.byte 0x44, 0x43, 0x03, 0xAC, 0x13, 0x05, 0x90, 0x03, 0xC6, 0x10, 0x83, 0x00, 0xBA, 0x00, 0x54, 0xF5
	.byte 0x00, 0x3C, 0x00, 0xE0, 0x45, 0x04, 0x44, 0x44, 0x44, 0x50, 0x45, 0x00, 0xBF, 0x50, 0xFF, 0xFF
	.byte 0x32, 0x33, 0x80, 0x01, 0x00, 0xEA, 0x20, 0x2B, 0xE0, 0x18, 0x74, 0x26, 0x00, 0xE3, 0x60, 0x03
	.byte 0xAA, 0x01, 0x0D, 0xF0, 0xA0, 0xD4, 0x34, 0x03, 0xA0, 0x44, 0x00, 0xEC, 0x44, 0x09, 0x34, 0x53
	.byte 0x00, 0x4F, 0x00, 0x8D, 0xF0, 0x44, 0x01, 0x38, 0x4B, 0x4F, 0x00, 0x03, 0xF0, 0x45, 0x00, 0x27
	.byte 0x4F, 0xF1, 0x00, 0xF0, 0x01, 0xC0, 0xF0, 0x01, 0xB0, 0x60, 0x54, 0x00, 0x34, 0x53, 0xF5, 0x00
	.byte 0x75, 0x34, 0x01, 0x4C, 0x06, 0x63, 0x26, 0x48, 0x35, 0x00, 0x56, 0x45, 0x01, 0x6D, 0x9F, 0x00
	.byte 0x8D, 0xFF, 0x5F, 0x00, 0x0B, 0xB0, 0x92, 0xF0, 0x01, 0xF0, 0x01, 0xF0, 0x01, 0xFB, 0xF0, 0x01
	.byte 0xF0, 0x01, 0xF0, 0x01, 0x00, 0x01, 0x10, 0xE7, 0xF0, 0x11, 0xFA, 0xF0, 0x01, 0x80, 0x00, 0x01

  .globl gMonPalette_Crobat
gMonPalette_Crobat:
  .incbin "build/graphics/pokemon/crobat/normal_palette.gbapal.lz"

  .globl gMonBackPic_Crobat
gMonBackPic_Crobat:
  .incbin "build/graphics/pokemon/crobat/back.4bpp.lz"

  .globl gMonShinyPalette_Crobat
gMonShinyPalette_Crobat:
  .incbin "build/graphics/pokemon/crobat/shiny_palette.gbapal.lz"

	.globl gMonIcon_Crobat
gMonIcon_Crobat: @ 0x08CA58B4 [169]
  .incbin "build/graphics/pokemon/crobat/icon.4bpp"
	@ analyzed canonical ROM range 0x08CA5CB4-0x08CA5FAB
	@ structured u8 payload; no safe higher-level semantic type was provable
	.byte 0x00, 0x00, 0x00, 0x00, 0x00, 0x00, 0x00, 0x00, 0x00, 0x00, 0x00, 0x00, 0x00, 0x00, 0x00, 0x00
	.byte 0x00, 0x00, 0x00, 0x00, 0x00, 0x00, 0x00, 0x00, 0x00, 0x00, 0x00, 0x00, 0x00, 0x00, 0x00, 0x00
	.byte 0x10, 0x00, 0x08, 0x00, 0x3F, 0x00, 0x00, 0xF0, 0x01, 0xF0, 0x01, 0xF0, 0x01, 0xF0, 0x01, 0xF0
	.byte 0x01, 0xF0, 0x01, 0xFF, 0xF0, 0x01, 0xF0, 0x01, 0xF0, 0x01, 0xF0, 0x01, 0xF0, 0x01, 0xF0, 0x01
	.byte 0xF0, 0x01, 0xF0, 0x01, 0xFE, 0xF0, 0x01, 0xF0, 0x01, 0xF0, 0x01, 0xF0, 0x01, 0xF0, 0x01, 0xF0
	.byte 0x01, 0xF0, 0x01, 0x33, 0x1F, 0x33, 0x44, 0x55, 0xF0, 0x15, 0xF0, 0x01, 0xF0, 0x01, 0xF0, 0x01
	.byte 0xF0, 0x01, 0xFD, 0xF0, 0x01, 0xF0, 0x01, 0xF0, 0x01, 0xF0, 0x01, 0xF0, 0x01, 0x00, 0x01, 0x20
	.byte 0x00, 0x03, 0x04, 0x62, 0x00, 0x00, 0x80, 0x06, 0x10, 0xC6, 0x00, 0x00, 0x25, 0x22, 0x66, 0x10
	.byte 0x02, 0x20, 0x66, 0x20, 0x14, 0x00, 0x10, 0x14, 0x86, 0x50, 0x01, 0x66, 0x77, 0x77, 0x67, 0xF0
	.byte 0x3E, 0x70, 0x01, 0x65, 0xAA, 0x00, 0x03, 0x50, 0x10, 0x30, 0x75, 0x10, 0x08, 0x07, 0x00, 0x03
	.byte 0x0F, 0xAB, 0x00, 0x08, 0x76, 0x00, 0x03, 0xF6, 0x00, 0x03, 0x60, 0x00, 0x10, 0x10, 0x01, 0x03
	.byte 0x40, 0x64, 0x00, 0x00, 0x74, 0x07, 0x20, 0x1F, 0x00, 0x27, 0x7D, 0x60, 0x00, 0x22, 0x10, 0x19
	.byte 0x10, 0x21, 0x20, 0x63, 0x00, 0x03, 0x30, 0x10, 0x43, 0x6F, 0x63, 0x90, 0x08, 0x10, 0x03, 0x20
	.byte 0x90, 0x8A, 0xF0, 0x01, 0xF0, 0x01, 0x10, 0x01, 0x50, 0xB0, 0x00, 0x03, 0x8B, 0x00, 0x06, 0x19
	.byte 0x00, 0x00, 0xA0, 0x00, 0x11, 0x00, 0x00, 0xB8, 0x00, 0x00, 0x8A, 0x0A, 0x00, 0x00, 0xA0, 0x99
	.byte 0x0B, 0x00, 0x9A, 0x99, 0x0C, 0x2B, 0x00, 0x98, 0x00, 0x03, 0x88, 0x60, 0x03, 0xCB, 0xF0, 0x3D
	.byte 0xF0, 0x01, 0x82, 0xD0, 0x01, 0x66, 0x00, 0x60, 0x66, 0x33, 0x00, 0x02, 0x33, 0x1A, 0x46, 0x99
	.byte 0x36, 0x01, 0x3B, 0x20, 0xCD, 0x6F, 0x50, 0x03, 0x66, 0x00, 0x66, 0x66, 0xF6, 0x33, 0x43, 0x44
	.byte 0x65, 0x33, 0x01, 0x33, 0x66, 0x56, 0x33, 0x63, 0x99, 0x69, 0x11, 0x09, 0xF4, 0x11, 0x04, 0x11
	.byte 0x15, 0x50, 0x03, 0x10, 0xD4, 0xF5, 0x00, 0x08, 0x55, 0xF5, 0xCE, 0x21, 0x8A, 0x00, 0x0E, 0xB0
	.byte 0x68, 0x30, 0x03, 0x10, 0xB7, 0x60, 0x03, 0x9B, 0xAA, 0x00, 0x13, 0x9A, 0x90, 0x78, 0x0B, 0x80
	.byte 0x03, 0xBA, 0x00, 0x03, 0xB9, 0xA4, 0x20, 0x15, 0x9B, 0x00, 0xE3, 0x9B, 0x88, 0x00, 0x03, 0x99
	.byte 0x00, 0x29, 0x00, 0x9C, 0x00, 0x03, 0xAC, 0x00, 0x03, 0xC0, 0xAA, 0x00, 0x18, 0x42, 0xBF, 0x00
	.byte 0x03, 0xF0, 0x88, 0x99, 0xCA, 0x00, 0xF3, 0xFA, 0x10, 0x00, 0x99, 0xA9, 0x00, 0x03, 0xAA, 0xFB
	.byte 0x40, 0xA9, 0x00, 0xBA, 0x0F, 0x60, 0xAA, 0xDB, 0x0F, 0x60, 0xBB, 0x1A, 0xFF, 0x00, 0x00, 0x00
	.byte 0x02, 0x10, 0x01, 0x60, 0x00, 0x03, 0x46, 0x00, 0x44, 0x04, 0x00, 0x96, 0x22, 0x62, 0x60, 0x95
	.byte 0x00, 0x22, 0x22, 0x66, 0x65, 0x24, 0x52, 0x65, 0x45, 0x00, 0x36, 0x33, 0x43, 0x55, 0x60, 0x46
	.byte 0x44, 0x5F, 0x00, 0x94, 0x9F, 0x69, 0x33, 0xFA, 0xFF, 0x6A, 0x33, 0x04, 0xFD, 0x99, 0x6A, 0x33
	.byte 0xD9, 0x00, 0xEF, 0x99, 0x69, 0x00, 0x44, 0xE4, 0x66, 0x46, 0x44, 0xE4, 0x44, 0x44, 0x00, 0x44
	.byte 0x44, 0x55, 0x45, 0x44, 0x44, 0x33, 0x96, 0x02, 0xF9, 0x99, 0x33, 0xA6, 0xFF, 0x9F, 0x00, 0x07
	.byte 0xDB, 0x00, 0x43, 0x96, 0x69, 0x99, 0x44, 0x64, 0x99, 0x99, 0x00, 0x44, 0x44, 0x96, 0xA9, 0x44
	.byte 0x44, 0x65, 0x66, 0x00, 0x44, 0x55, 0x55, 0x55, 0x56, 0x55, 0x0F, 0x00, 0x04, 0x69, 0x55, 0xF6
	.byte 0x00, 0x6A, 0x00, 0xEC, 0x69, 0x55, 0x00, 0x65, 0x0F, 0x6A, 0x55, 0x65, 0x6F, 0x56, 0x55, 0x27
	.byte 0xF5, 0x25, 0x00, 0x19, 0x43, 0x55, 0x00, 0x40, 0x00, 0xE3, 0x00, 0xAF, 0x00, 0xAB, 0x99, 0x40
	.byte 0x04, 0x8B, 0x88, 0x26, 0xB2, 0x00, 0x1A, 0x81, 0x22, 0xB2, 0x18, 0x81, 0x24, 0xB2, 0x00, 0x88
	.byte 0x88, 0x42, 0xBF, 0x89, 0x88, 0xFF, 0xB0, 0x03, 0x99, 0x99, 0xA9, 0x0C, 0x00, 0x00, 0x01, 0xAA
	.byte 0x20, 0x03, 0x2F, 0x98, 0xCA, 0x40, 0x03, 0xFA, 0x00, 0x0F, 0x40, 0x03, 0xF0, 0x01, 0xF0, 0x01
	.byte 0xCF, 0xF0, 0x01, 0x80, 0x01, 0x60, 0xFF, 0x12, 0x86, 0x41, 0x0A, 0xF0, 0x01, 0x00, 0xC2, 0x28
	.byte 0x55, 0x57, 0x00, 0x03, 0xF0, 0x00, 0x04, 0x00, 0xF0, 0x67, 0x81, 0x00, 0x03, 0xFF, 0xFF, 0x00
	.byte 0x70, 0x66, 0xF6, 0x00, 0x03, 0xB0, 0x01, 0xC1, 0xFF, 0x20, 0x1F, 0x80, 0x01, 0x76, 0xFF, 0xFF
	.byte 0xFF, 0x90, 0x02, 0x07, 0x00, 0x70, 0x70, 0x3F, 0xF6, 0xFF, 0x55, 0x76, 0x27, 0x0F, 0x00, 0x00
	.byte 0x02, 0x00, 0x6F, 0x00, 0x03, 0x00, 0x39, 0x20, 0x03, 0x55, 0x67, 0x00, 0x03, 0xF0, 0x12, 0x0C
	.byte 0xC0, 0x11, 0xB7, 0xBC, 0x01, 0xAF, 0x21, 0xF0, 0xBB, 0xF0, 0x87, 0x00, 0x00, 0xA9, 0xFB, 0x01
	.byte 0xEB, 0xFF, 0x00, 0x27, 0x00, 0x06, 0x22, 0x3B, 0xF0, 0x01, 0xF0, 0x01, 0xF0, 0x01, 0xF0, 0x01
	.byte 0xF0, 0x01, 0xFF, 0xF0, 0x01, 0xF0, 0x01, 0xF0, 0x01, 0xF0, 0x01, 0xF0, 0x01, 0xF0, 0x01, 0xF0
	.byte 0x01, 0xF0, 0x01, 0xFF, 0xF0, 0x01, 0xF0, 0x01, 0xF0, 0x01, 0xF0, 0x01, 0xF0, 0x01, 0xF0, 0x01
	.byte 0xF0, 0x01, 0xF0, 0x01, 0xFF, 0xF0, 0x01, 0xF0, 0x01, 0xF0, 0x01, 0xF0, 0x01, 0xF0, 0x01, 0xF0
	.byte 0x01, 0xF0, 0x01, 0xF0, 0x01, 0x80, 0x30, 0x01

  .globl gMonPalette_Chinchou
gMonPalette_Chinchou:
  .incbin "build/graphics/pokemon/chinchou/normal_palette.gbapal.lz"

  .globl gMonBackPic_Chinchou
gMonBackPic_Chinchou:
  .incbin "build/graphics/pokemon/chinchou/back.4bpp.lz"

  .globl gMonShinyPalette_Chinchou
gMonShinyPalette_Chinchou:
  .incbin "build/graphics/pokemon/chinchou/shiny_palette.gbapal.lz"
