
	.globl gMonIcon_Chinchou
gMonIcon_Chinchou: @ 0x08CA62F4 [170]
  .incbin "build/graphics/pokemon/chinchou/icon.4bpp"
  @ Replaced baserom.gba range: offset=0xCA66F4, size=0x390
  .byte 0x00, 0x00, 0x00, 0x00, 0x00, 0x00, 0x00, 0x00, 0x00, 0x00, 0x00, 0x00, 0x00, 0x00, 0x00, 0x00
  .byte 0x00, 0x00, 0x00, 0x00, 0x00, 0x00, 0x00, 0x00, 0x00, 0x00, 0x00, 0x00, 0x00, 0x00, 0x00, 0x00
  .byte 0x10, 0x00, 0x08, 0x00, 0x3F, 0x00, 0x00, 0xF0, 0x01, 0xF0, 0x01, 0xF0, 0x01, 0xF0, 0x01, 0xF0
  .byte 0x01, 0xF0, 0x01, 0xFA, 0xF0, 0x01, 0xF0, 0x01, 0xF0, 0x01, 0xF0, 0x01, 0x60, 0x01, 0x70, 0xF0
  .byte 0x12, 0x00, 0x00, 0x00, 0x60, 0x06, 0x00, 0x00, 0x46, 0x75, 0x00, 0x1F, 0x00, 0x54, 0xD6, 0xF0
  .byte 0x1B, 0xF0, 0x01, 0xF0, 0x01, 0xF0, 0x01, 0xF0, 0x01, 0xC0, 0xF0, 0x01, 0xA0, 0x01, 0x40, 0x00
  .byte 0x00, 0x50, 0xD5, 0x00, 0x10, 0x00, 0x65, 0x0D, 0xF0, 0x1A, 0x00, 0x00, 0x44, 0xB4, 0x00, 0x0C
  .byte 0x00, 0x7D, 0x47, 0xC8, 0x00, 0xB0, 0xB8, 0x6A, 0xA8, 0xF0, 0x1F, 0xF0, 0x01, 0x60, 0x00, 0x03
  .byte 0x47, 0x00, 0x03, 0x46, 0xB5, 0x00, 0xEE, 0x54, 0x00, 0x0E, 0x40, 0x03, 0x46, 0x10, 0x03, 0x55
  .byte 0x10, 0xE3, 0x55, 0x55, 0x00, 0x03, 0x65, 0x50, 0x03, 0x07, 0x30, 0x75, 0x66, 0x40, 0x03, 0xF8
  .byte 0xF0, 0x01, 0xF0, 0x01, 0xF0, 0x01, 0xF0, 0x01, 0x30, 0x87, 0x60, 0x56, 0x00, 0x15, 0x00, 0x56
  .byte 0x65, 0x00, 0x7E, 0x07, 0x21, 0x60, 0x53, 0x01, 0x68, 0x40, 0x50, 0x30, 0x74, 0x76, 0x77, 0x07
  .byte 0x00, 0x55, 0x55, 0x00, 0x75, 0x06, 0xD7, 0x6D, 0x55, 0x75, 0x00, 0x70, 0x04, 0x46, 0x55, 0x00
  .byte 0x00, 0x67, 0x00, 0x9F, 0x70, 0x44, 0x20, 0xB0, 0x18, 0x00, 0xE3, 0xAC, 0xDA, 0x00, 0x00, 0xD0
  .byte 0xC0, 0x70, 0x8C, 0x00, 0xA2, 0x00, 0xD5, 0x60, 0x66, 0x76, 0x55, 0x39, 0x6D, 0x55, 0x00, 0x27
  .byte 0xF0, 0x01, 0x50, 0x23, 0x75, 0x77, 0x10, 0x09, 0xD3, 0x10, 0x4B, 0x50, 0x03, 0x56, 0x40, 0x03
  .byte 0x57, 0x65, 0x50, 0x03, 0x50, 0xE7, 0x80, 0x20, 0x03, 0x07, 0xCC, 0x00, 0x66, 0xC7, 0xCA, 0x00
  .byte 0x2F, 0x66, 0xB7, 0x00, 0x03, 0xA7, 0x30, 0x03, 0xF0, 0x59, 0xF0, 0x01, 0xF0, 0x01, 0x80, 0x20
  .byte 0x01, 0xB0, 0x00, 0x00, 0xC0, 0x8B, 0x40, 0x63, 0x15, 0x00, 0x00, 0x30, 0x00, 0xE6, 0x34, 0x00
  .byte 0x03, 0x44, 0x00, 0x14, 0x52, 0x64, 0x40, 0x03, 0xCC, 0x00, 0xDC, 0x98, 0xCC, 0x11, 0x13, 0x70
  .byte 0x00, 0x45, 0x00, 0x00, 0x77, 0x45, 0x00, 0x60, 0x45, 0x00, 0x45, 0x00, 0x46, 0x44, 0x44, 0x60
  .byte 0x33, 0x44, 0x00, 0x44, 0x47, 0x33, 0x43, 0x44, 0x34, 0x33, 0x33, 0x20, 0x44, 0x33, 0x00, 0x03
  .byte 0x54, 0xD5, 0x55, 0x55, 0x44, 0x4C, 0x55, 0x00, 0x03, 0x44, 0x44, 0x10, 0x03, 0xE0, 0x01, 0x55
  .byte 0x55, 0x4D, 0x77, 0x01, 0x37, 0x55, 0xD7, 0x00, 0x03, 0x20, 0x01, 0x54, 0x10, 0x2B, 0xF0, 0x10
  .byte 0x03, 0x00, 0x08, 0x10, 0x03, 0x20, 0xE7, 0x70, 0x56, 0x65, 0x0D, 0x01, 0xD0, 0x56, 0x65, 0xD5
  .byte 0x6D, 0x55, 0x65, 0x00, 0x1A, 0x51, 0x66, 0x30, 0x03, 0x65, 0x20, 0x03, 0x66, 0xA7, 0xCB, 0x00
  .byte 0xE7, 0xA0, 0x00, 0x03, 0xA6, 0x40, 0x03, 0xAB, 0xAA, 0x0C, 0x66, 0xBB, 0x00, 0xAA, 0x0C, 0xB6
  .byte 0xBB, 0xAB, 0x0D, 0xBB, 0xBB, 0x60, 0xBB, 0xF2, 0x01, 0xE0, 0x01, 0xAC, 0x18, 0x00, 0x00, 0x8B
  .byte 0x00, 0x11, 0x00, 0xB0, 0x89, 0x11, 0x00, 0xC0, 0x89, 0x00, 0x18, 0x00, 0xC0, 0x9A, 0x99, 0x00
  .byte 0x00, 0xAB, 0x90, 0x00, 0x03, 0xBC, 0xAA, 0x00, 0xFF, 0xBC, 0x88, 0xA9, 0x0C, 0x00, 0x47, 0x81
  .byte 0x99, 0x0C, 0x36, 0x81, 0x99, 0xDB, 0x20, 0x33, 0x88, 0x00, 0x03, 0x99, 0xA9, 0xDB, 0x44, 0x99
  .byte 0x00, 0xAA, 0x4C, 0x44, 0xAA, 0xBA, 0x4D, 0x44, 0xBB, 0x34, 0xDD, 0x4B, 0x20, 0xE3, 0x30, 0x03
  .byte 0x43, 0x30, 0x03, 0x43, 0x44, 0x40, 0xAB, 0x00, 0xD6, 0x8B, 0x44, 0x44, 0xB4, 0x89, 0x44, 0x10
  .byte 0x44, 0x9B, 0xB8, 0x50, 0xE7, 0xB4, 0xBB, 0x4B, 0x44, 0x00, 0xAB, 0x88, 0xC9, 0x44, 0x88, 0xCC
  .byte 0x99, 0x4C, 0x00, 0xCA, 0x21, 0x9B, 0xCA, 0x2D, 0x11, 0x9B, 0xCA, 0x7E, 0xDF, 0x00, 0x03, 0x11
  .byte 0x01, 0xE0, 0x03, 0x40, 0xFB, 0x11, 0x07, 0x02, 0x53, 0xB6, 0x00, 0x55, 0x55, 0xD6, 0xBB, 0x55
  .byte 0x55, 0x06, 0xBD, 0x98, 0x00, 0x03, 0xD0, 0x55, 0x02, 0x6B, 0x30, 0x03, 0x0D, 0x00, 0x55, 0x8D
  .byte 0x01, 0xF4, 0xBB, 0xBB, 0xDB, 0x00, 0x03, 0x10, 0x07, 0x0C, 0x20, 0x03, 0x53, 0xBD, 0x00, 0x0F
  .byte 0xD0, 0x00, 0x03, 0x00, 0xBD, 0x00, 0x03, 0x82, 0x73, 0xD3, 0xF0, 0x01, 0x60, 0x01, 0xD0, 0xF0
  .byte 0x12, 0x00, 0x50, 0x00, 0x03, 0x01, 0xD7, 0x03, 0x00, 0x35, 0xDD, 0xB0, 0x4B, 0x44, 0x03, 0xA8
  .byte 0x40, 0x03, 0x00, 0x18, 0xAA, 0x00, 0xB0, 0x19, 0x11, 0x55, 0x55, 0x00, 0x1B, 0x81, 0x33, 0x33
  .byte 0xA3, 0x91, 0x33, 0x33, 0x00, 0xC3, 0x99, 0x44, 0x44, 0x89, 0xD8, 0x44, 0xB4, 0x00, 0x88, 0xD8
  .byte 0x44, 0x8B, 0x88, 0xD8, 0xAA, 0x89, 0x00, 0x88, 0xD8, 0x88, 0x88, 0x88, 0xB8, 0x88, 0x98, 0x20
  .byte 0x99, 0x99, 0x40, 0x01, 0xB9, 0x11, 0x1D, 0x9B, 0xCA, 0x00, 0xFD, 0x1D, 0x9A, 0x4C, 0xFD, 0xCD
  .byte 0xB9, 0x5C, 0x00, 0xFF, 0xBD, 0xCA, 0x55, 0xDD, 0x9A, 0x5C, 0x55, 0x00, 0x99, 0xCA, 0x55, 0x55
  .byte 0xB9, 0xEC, 0x55, 0x55, 0x3A, 0xCC, 0xEE, 0x31, 0xEF, 0x70, 0x01, 0x11, 0xDE, 0x34, 0x01, 0xD7
  .byte 0x33, 0x09, 0x33, 0x55, 0x55, 0x46, 0x00, 0x03, 0x67, 0x34, 0x10, 0xE3, 0xA1, 0x53, 0xDB, 0x66
  .byte 0x00, 0x03, 0x77, 0x67, 0x66, 0x06, 0x01, 0x67, 0x5F, 0x75, 0x01, 0x73, 0x54, 0x10, 0x03, 0xF0
  .byte 0xBA, 0x73, 0x3F, 0x10, 0x03, 0xF0, 0x01, 0xF8, 0xE0, 0x01, 0x10, 0xE7, 0xF5, 0x47, 0x40, 0x01
  .byte 0x01, 0xDA, 0x9C, 0x44, 0x44, 0x00, 0x54, 0xC5, 0xDD, 0x55, 0x75, 0x0D, 0x00, 0xDD, 0xC0, 0xF1
  .byte 0x4F, 0x00, 0xE2, 0xFC, 0xAB, 0xBA, 0xCC, 0xCC, 0xC7, 0x44, 0xCC, 0x02, 0xAB, 0xD7, 0xDD, 0xDD
  .byte 0xD0, 0x1F, 0xEF, 0xCE, 0x81, 0x00, 0xE7, 0x55, 0x7D, 0x55, 0x65, 0xDD, 0x66, 0x00, 0xC9, 0x30
  .byte 0xDD, 0x66, 0x00, 0x12, 0xA0, 0x23, 0x55, 0x55, 0x76, 0x45, 0x00, 0x55, 0x66, 0x66, 0x57, 0x66
  .byte 0x66, 0xD6, 0xD0, 0x34, 0x66, 0xD6, 0xF0, 0x62, 0x00, 0xEB, 0x54, 0x02, 0x3E, 0x65, 0x5D, 0xAF
  .byte 0x00, 0x41, 0xD0, 0xF0, 0x5E, 0x00, 0x10, 0x2E, 0xF0, 0x95, 0xF0, 0x01, 0xF0, 0x01, 0xFF, 0xF0
  .byte 0x01, 0xF0, 0x01, 0xF0, 0x01, 0xF0, 0x01, 0xF0, 0x01, 0xF0, 0x01, 0xF0, 0x01, 0xF0, 0x01, 0xFE
  .byte 0xF0, 0x01, 0xF0, 0x01, 0xF0, 0x01, 0xF0, 0x01, 0xF0, 0x01, 0xF0, 0x01, 0x70, 0x01, 0x00, 0x00

  .globl gMonPalette_Lanturn
gMonPalette_Lanturn:
  .incbin "build/graphics/pokemon/lanturn/normal_palette.gbapal.lz"

  .globl gMonBackPic_Lanturn
gMonBackPic_Lanturn:
  .incbin "build/graphics/pokemon/lanturn/back.4bpp.lz"

  .globl gMonShinyPalette_Lanturn
gMonShinyPalette_Lanturn:
  .incbin "build/graphics/pokemon/lanturn/shiny_palette.gbapal.lz"

	.globl gMonIcon_Lanturn
gMonIcon_Lanturn: @ 0x08CA6DD4 [171]
  .incbin "build/graphics/pokemon/lanturn/icon.4bpp"
  @ Replaced baserom.gba range: offset=0xCA71D4, size=0x23C
  .byte 0x00, 0x00, 0x00, 0x00, 0x00, 0x00, 0x00, 0x00, 0x00, 0x00, 0x00, 0x00, 0x00, 0x00, 0x00, 0x00
  .byte 0x00, 0x00, 0x00, 0x00, 0x00, 0x00, 0x00, 0x00, 0x00, 0x00, 0x00, 0x00, 0x00, 0x00, 0x00, 0x00
  .byte 0x10, 0x00, 0x08, 0x00, 0x3F, 0x00, 0x00, 0xF0, 0x01, 0xF0, 0x01, 0xF0, 0x01, 0xF0, 0x01, 0xF0
  .byte 0x01, 0xF0, 0x01, 0xFF, 0xF0, 0x01, 0xF0, 0x01, 0xF0, 0x01, 0xF0, 0x01, 0xF0, 0x01, 0xF0, 0x01
  .byte 0xF0, 0x01, 0xF0, 0x01, 0xFC, 0xF0, 0x01, 0xF0, 0x01, 0xF0, 0x01, 0xF0, 0x01, 0xF0, 0x01, 0x00
  .byte 0x01, 0xFF, 0x00, 0x1B, 0x00, 0xF0, 0xFE, 0xF0, 0x16, 0x70, 0x01, 0x0F, 0xF0, 0x12, 0xF0, 0x01
  .byte 0xFF, 0xF0, 0x01, 0xF0, 0x01, 0xF0, 0x01, 0xF0, 0x01, 0xF0, 0x01, 0xF0, 0x01, 0xF0, 0x01, 0xF0
  .byte 0x01, 0xCA, 0xE0, 0x01, 0x10, 0xE3, 0xF0, 0xEE, 0x80, 0x03, 0x4E, 0x00, 0x03, 0x3E, 0xCA, 0x50
  .byte 0x03, 0x01, 0x04, 0x00, 0xFF, 0x00, 0xE8, 0xFF, 0x00, 0x08, 0x4E, 0x80, 0x00, 0x08, 0x3E, 0xE5
  .byte 0xFF, 0x00, 0x34, 0x33, 0xFF, 0x09, 0x00, 0x33, 0x33, 0xF3, 0x00, 0x03, 0x4F, 0x44, 0x90, 0x48
  .byte 0x84, 0x00, 0x02, 0xEF, 0x00, 0x00, 0xEF, 0x00, 0x4F, 0xFF, 0x3F, 0x04, 0x00, 0x00, 0x3F, 0x33
  .byte 0x44, 0x00, 0x03, 0x00, 0xF0, 0x00, 0xFF, 0x0F, 0xF0, 0xEF, 0xEE, 0x0F, 0xEF, 0xEE, 0x01, 0xFE
  .byte 0x0F, 0xFE, 0xFE, 0xFF, 0x0F, 0x43, 0x00, 0x48, 0x4F, 0xE3, 0x00, 0x03, 0x33, 0xF3, 0x10, 0x03
  .byte 0xF1, 0x41, 0xF0, 0x01, 0xF0, 0x01, 0xFA, 0xF0, 0x01, 0xF0, 0x01, 0xF0, 0x01, 0xF0, 0x01, 0x40
  .byte 0x01, 0x5F, 0x80, 0x0B, 0x50, 0xA8, 0x00, 0x03, 0x40, 0x00, 0x03, 0x35, 0x40, 0x03, 0x95, 0x33
  .byte 0x43, 0x02, 0x34, 0x33, 0x35, 0x24, 0x22, 0x22, 0x00, 0x02, 0x22, 0x50, 0xD3, 0x00, 0x03, 0x1F
  .byte 0x00, 0x08, 0xFF, 0x24, 0x22, 0x32, 0x00, 0xD6, 0x33, 0x35, 0x33, 0x33, 0x43, 0xBB, 0xAB, 0x38
  .byte 0x33, 0xF5, 0x00, 0x07, 0x10, 0x0B, 0x01, 0x10, 0xF3, 0x3F, 0x33, 0x00, 0x05, 0x1D, 0xFF, 0x33
  .byte 0x05, 0xFD, 0xFD, 0x33, 0x00, 0x64, 0xF3, 0x4F, 0x99, 0xF4, 0x33, 0x93, 0x99, 0x2F, 0xFA, 0x33
  .byte 0x01, 0x33, 0x54, 0x01, 0x3B, 0x11, 0x43, 0xF0, 0x01, 0xF0, 0x01, 0xFE, 0xF0, 0x01, 0xF0, 0x01
  .byte 0xF0, 0x01, 0xF0, 0x01, 0xF0, 0x01, 0xF0, 0x01, 0x40, 0x01, 0x95, 0xBC, 0x00, 0x03, 0x60, 0x40
  .byte 0x0B, 0x10, 0x07, 0x50, 0x0B, 0x20, 0x01, 0x33, 0x33, 0x00, 0xAB, 0xAA, 0x34, 0x33, 0x93, 0x59
  .byte 0x4F, 0x34, 0x00, 0x93, 0x39, 0x22, 0x6F, 0x44, 0x44, 0x33, 0x54, 0x00, 0xFF, 0xFF, 0x4F, 0x34
  .byte 0xFE, 0xFF, 0x60, 0x2F, 0x02, 0xE2, 0xE2, 0x55, 0x25, 0x22, 0x22, 0x00, 0xE3, 0x6A, 0x00, 0x33
  .byte 0x43, 0xAA, 0x0F, 0x43, 0x54, 0xF6, 0x00, 0x00, 0x44, 0x66, 0x22, 0x0F, 0xFF, 0x33, 0x43, 0x0F
  .byte 0x00, 0x5F, 0x33, 0xF4, 0x00, 0x32, 0x53, 0x0F, 0x00, 0x3F, 0x32, 0x33, 0xF0, 0xF4, 0xF0, 0x01
  .byte 0xF0, 0x01, 0xF0, 0x01, 0xF0, 0x01, 0xF0, 0x01, 0xFE, 0xF0, 0x01, 0xF0, 0x01, 0xF0, 0x01, 0x41
  .byte 0xF3, 0x10, 0x03, 0xF0, 0x01, 0x00, 0x01, 0x34, 0x40, 0x36, 0x00, 0xE3, 0x54, 0x33, 0x33, 0x34
  .byte 0xF4, 0x45, 0x01, 0x44, 0x46, 0xF4, 0x6F, 0x44, 0xF0, 0x0F, 0x14, 0x17, 0x80, 0x81, 0x1F, 0x53
  .byte 0x05, 0x00, 0x43, 0x35, 0xF3, 0x00, 0xCA, 0x00, 0x1C, 0x20, 0x03, 0xFF, 0x6F, 0x00, 0xF3, 0xEF
  .byte 0x24, 0x3A, 0x0F, 0x1F, 0x00, 0xDF, 0xED, 0xF1, 0x00, 0xF0, 0x01, 0xF0, 0x01, 0xF0, 0x01, 0xF0
  .byte 0x01, 0xFF, 0xF0, 0x01, 0xF0, 0x01, 0xF0, 0x01, 0xF0, 0x01, 0xF0, 0x01, 0xF0, 0x01, 0xF0, 0x01
  .byte 0x73, 0xF4, 0x07, 0xDD, 0xFE, 0x0F, 0xF0, 0xED, 0x12, 0xE0, 0x10, 0xF3, 0xF0, 0xEE, 0xFF, 0xF0
  .byte 0x01, 0xF0, 0x01, 0xF0, 0x01, 0xF0, 0x01, 0xF0, 0x01, 0xF0, 0x01, 0xF0, 0x01, 0xF0, 0x01, 0xFF
  .byte 0xF0, 0x01, 0xF0, 0x01, 0xF0, 0x01, 0xF0, 0x01, 0xF0, 0x01, 0xF0, 0x01, 0xF0, 0x01, 0xF0, 0x01
  .byte 0xF0, 0xF0, 0x01, 0xF0, 0x01, 0xF0, 0x01, 0x70, 0x01, 0x00, 0x00, 0x00

  .globl gMonPalette_Pichu
gMonPalette_Pichu:
  .incbin "build/graphics/pokemon/pichu/normal_palette.gbapal.lz"

  .globl gMonBackPic_Pichu
gMonBackPic_Pichu:
  .incbin "build/graphics/pokemon/pichu/back.4bpp.lz"

  .globl gMonShinyPalette_Pichu
gMonShinyPalette_Pichu:
  .incbin "build/graphics/pokemon/pichu/shiny_palette.gbapal.lz"

	.globl gMonIcon_Pichu
gMonIcon_Pichu: @ 0x08CA76BC [172]
  .incbin "build/graphics/pokemon/pichu/icon.4bpp"
  @ Replaced baserom.gba range: offset=0xCA7ABC, size=0x200
  .byte 0x00, 0x00, 0x00, 0x00, 0x00, 0x40, 0xC0, 0xC0, 0x00, 0x00, 0x00, 0x00, 0x01, 0x03, 0x03, 0x03
  .byte 0xC0, 0xC0, 0x80, 0x00, 0x00, 0x00, 0x00, 0x00, 0x03, 0x03, 0x01, 0x00, 0x00, 0x00, 0x00, 0x00
  .byte 0x10, 0x00, 0x08, 0x00, 0x3F, 0x00, 0x00, 0xF0, 0x01, 0xF0, 0x01, 0xF0, 0x01, 0xF0, 0x01, 0xF0
  .byte 0x01, 0xF0, 0x01, 0xFF, 0xF0, 0x01, 0xF0, 0x01, 0xF0, 0x01, 0xF0, 0x01, 0xF0, 0x01, 0xF0, 0x01
  .byte 0xF0, 0x01, 0xF0, 0x01, 0xFF, 0xF0, 0x01, 0xF0, 0x01, 0xF0, 0x01, 0xF0, 0x01, 0xF0, 0x01, 0xF0
  .byte 0x01, 0xF0, 0x01, 0xF0, 0x01, 0xFF, 0xF0, 0x01, 0xF0, 0x01, 0xF0, 0x01, 0xF0, 0x01, 0xF0, 0x01
  .byte 0xF0, 0x01, 0xF0, 0x01, 0xF0, 0x01, 0xF8, 0xF0, 0x01, 0xF0, 0x01, 0xF0, 0x01, 0xF0, 0x01, 0x40
  .byte 0x01, 0x55, 0x55, 0x00, 0x00, 0x50, 0x22, 0x32, 0xF4, 0x25, 0x22, 0x22, 0x33, 0x00, 0x25, 0x22
  .byte 0x33, 0x33, 0x50, 0x22, 0x54, 0x33, 0x80, 0xF0, 0x24, 0x00, 0x00, 0x6D, 0x99, 0x99, 0x99, 0xD3
  .byte 0x01, 0x64, 0x77, 0x77, 0x22, 0x63, 0x77, 0x88, 0xF0, 0x1D, 0x13, 0x00, 0x00, 0x99, 0x00, 0x03
  .byte 0x88, 0x0F, 0x00, 0x07, 0x00, 0x03, 0xFF, 0xF0, 0x01, 0xF0, 0x01, 0xF0, 0x01, 0xF0, 0x01, 0xF0
  .byte 0x01, 0xF0, 0x01, 0xF0, 0x01, 0x20, 0x01, 0x50, 0x80, 0x00, 0x03, 0x78, 0x00, 0x02, 0x87, 0x00
  .byte 0x80, 0x77, 0x00, 0x97, 0x00, 0x86, 0x88, 0x48, 0x00, 0x96, 0x99, 0x00, 0x39, 0x00, 0xF0, 0x99
  .byte 0x29, 0x00, 0x00, 0x9F, 0x00, 0x29, 0x48, 0x3F, 0xF3, 0x23, 0x28, 0xF4, 0x2F, 0x0A, 0x22, 0x23
  .byte 0x22, 0x22, 0x50, 0x01, 0x21, 0x00, 0x01, 0x2F, 0xA0, 0x00, 0x01, 0x25, 0x00, 0x01, 0x22, 0x22
  .byte 0x42, 0x89, 0x99, 0x02, 0x22, 0x32, 0x99, 0x99, 0x22, 0x22, 0x10, 0x03, 0x93, 0x80, 0x00, 0x03
  .byte 0x42, 0x69, 0x22, 0x22, 0x32, 0x33, 0x22, 0x01, 0x22, 0x55, 0x33, 0xC4, 0x52, 0x32, 0x36, 0x10
  .byte 0xE3, 0x7A, 0xF9, 0x00, 0x60, 0x10, 0x03, 0x10, 0xEE, 0x10, 0x03, 0x06, 0x00, 0x03, 0xD6, 0x9F
  .byte 0x00, 0x03, 0x56, 0xFD, 0xF0, 0x8C, 0xF0, 0x01, 0xF0, 0x01, 0xF0, 0x01, 0xF0, 0x01, 0xE9, 0xF0
  .byte 0x01, 0xF0, 0x01, 0x30, 0x01, 0xF0, 0x00, 0xE7, 0x00, 0x25, 0x40, 0x03, 0x55, 0x34, 0x00, 0x03
  .byte 0x50, 0x40, 0x0B, 0x35, 0x00, 0x03, 0x60, 0x00, 0xE1, 0x0A, 0x34, 0xC4, 0x32, 0x55, 0x60, 0xFC
  .byte 0x24, 0x10, 0x04, 0x33, 0x01, 0x33, 0x33, 0x43, 0x56, 0x33, 0x33, 0xF6, 0x00, 0x07, 0x82, 0x00
  .byte 0x0C, 0x36, 0x22, 0x22, 0x53, 0x33, 0x00, 0xF2, 0x33, 0xD0, 0x10, 0x17, 0x70, 0x01, 0x34, 0x00
  .byte 0x03, 0x35, 0x33, 0x63, 0xF4, 0x01, 0x00, 0x00, 0x63, 0x44, 0x0F, 0x00, 0x53, 0x90, 0x03, 0xBF
  .byte 0x00, 0x13, 0xDF, 0x01, 0x08, 0xF1, 0xFE, 0xF0, 0x01, 0xF0, 0x01, 0xF0, 0x01, 0xF0, 0x01, 0xF1
  .byte 0xF0, 0x01, 0xF0, 0x01, 0xF0, 0x01, 0xF0, 0x01, 0x00, 0x00, 0x45, 0x00, 0xC6, 0x01, 0xD0, 0x44
  .byte 0x54, 0xDD, 0x00, 0xFD, 0x44, 0x00, 0xB5, 0x40, 0xFF, 0xE0, 0xB2, 0x43, 0xF5, 0x3F, 0xF4, 0xFF
  .byte 0x00, 0x7F, 0xF0, 0xF0, 0xCA, 0xF0, 0x01, 0xF0, 0x01, 0xF0, 0x01, 0xF0, 0x01, 0xF0, 0x01, 0xF0
  .byte 0x01, 0xFF, 0xF0, 0x01, 0xF0, 0x01, 0xF0, 0x01, 0xF0, 0x01, 0xF0, 0x01, 0xF0, 0x01, 0xF0, 0x01
  .byte 0xF0, 0x01, 0xFF, 0xF0, 0x01, 0xF0, 0x01, 0xF0, 0x01, 0xF0, 0x01, 0xF0, 0x01, 0xF0, 0x01, 0xF0
  .byte 0x01, 0xF0, 0x01, 0xFF, 0xF0, 0x01, 0xF0, 0x01, 0xF0, 0x01, 0xF0, 0x01, 0xF0, 0x01, 0xF0, 0x01
  .byte 0xF0, 0x01, 0xF0, 0x01, 0xF8, 0xF0, 0x01, 0xF0, 0x01, 0xF0, 0x01, 0xF0, 0x01, 0x00, 0x01, 0x00

  .globl gMonPalette_Cleffa
gMonPalette_Cleffa:
  .incbin "build/graphics/pokemon/cleffa/normal_palette.gbapal.lz"

  .globl gMonBackPic_Cleffa
gMonBackPic_Cleffa:
  .incbin "build/graphics/pokemon/cleffa/back.4bpp.lz"

  .globl gMonShinyPalette_Cleffa
gMonShinyPalette_Cleffa:
  .incbin "build/graphics/pokemon/cleffa/shiny_palette.gbapal.lz"

	.globl gMonIcon_Cleffa
gMonIcon_Cleffa: @ 0x08CA7F48 [173]
  .incbin "build/graphics/pokemon/cleffa/icon.4bpp"
  @ Replaced baserom.gba range: offset=0xCA8348, size=0x208
  .byte 0x00, 0x00, 0x00, 0x00, 0x00, 0x00, 0x00, 0x80, 0x00, 0x00, 0x00, 0x00, 0x00, 0x00, 0x00, 0x03
  .byte 0xC0, 0x80, 0x00, 0x00, 0x00, 0x00, 0x00, 0x00, 0x07, 0x03, 0x00, 0x00, 0x00, 0x00, 0x00, 0x00
  .byte 0x10, 0x00, 0x08, 0x00, 0x3F, 0x00, 0x00, 0xF0, 0x01, 0xF0, 0x01, 0xF0, 0x01, 0xF0, 0x01, 0xF0
  .byte 0x01, 0xF0, 0x01, 0xFF, 0xF0, 0x01, 0xF0, 0x01, 0xF0, 0x01, 0xF0, 0x01, 0xF0, 0x01, 0xF0, 0x01
  .byte 0xF0, 0x01, 0xF0, 0x01, 0xFF, 0xF0, 0x01, 0xF0, 0x01, 0xF0, 0x01, 0xF0, 0x01, 0xF0, 0x01, 0xF0
  .byte 0x01, 0xF0, 0x01, 0xF0, 0x01, 0xFF, 0xF0, 0x01, 0xF0, 0x01, 0xF0, 0x01, 0xF0, 0x01, 0xF0, 0x01
  .byte 0xF0, 0x01, 0xF0, 0x01, 0xF0, 0x01, 0xFA, 0xF0, 0x01, 0xF0, 0x01, 0xF0, 0x01, 0xF0, 0x01, 0x60
  .byte 0x01, 0x40, 0x00, 0x03, 0x24, 0x82, 0x40, 0x03, 0x65, 0x00, 0x00, 0x54, 0x23, 0x30, 0x15, 0x54
  .byte 0x80, 0x00, 0x11, 0x42, 0x05, 0x54, 0x22, 0x32, 0x0F, 0x53, 0x00, 0x22, 0x42, 0x6F, 0x22, 0x22
  .byte 0x43, 0x33, 0x23, 0x01, 0x22, 0x22, 0x33, 0x22, 0x22, 0x54, 0x33, 0xF0, 0x42, 0x17, 0x00, 0x00
  .byte 0x05, 0x00, 0x03, 0x0F, 0x40, 0x03, 0xF0, 0x01, 0xF0, 0x01, 0xFE, 0xF0, 0x01, 0xF0, 0x01, 0xF0
  .byte 0x01, 0xF0, 0x01, 0xF0, 0x01, 0xF0, 0x01, 0x00, 0x01, 0x50, 0x90, 0x30, 0xE7, 0x40, 0x25, 0x00
  .byte 0xD4, 0x22, 0x00, 0x54, 0x22, 0x00, 0x54, 0x30, 0x22, 0x42, 0x23, 0x23, 0x22, 0x52, 0x00, 0x52
  .byte 0x22, 0x22, 0x52, 0x22, 0xD2, 0x2D, 0x32, 0x02, 0x55, 0x1D, 0x4F, 0x22, 0x22, 0xFD, 0x00, 0x03
  .byte 0xD9, 0x00, 0x2D, 0x23, 0x22, 0x24, 0x22, 0x22, 0xFF, 0x22, 0x13, 0x22, 0x22, 0x32, 0x00, 0x07
  .byte 0x22, 0x25, 0x00, 0x03, 0x20, 0x01, 0x00, 0xDD, 0x24, 0x22, 0xD2, 0xF1, 0x46, 0x22, 0xD2, 0x1A
  .byte 0xFF, 0x46, 0x22, 0x10, 0x50, 0x10, 0xE7, 0xF3, 0x00, 0x03, 0x32, 0xF3, 0x00, 0x08, 0x20, 0x03
  .byte 0x00, 0x0C, 0x10, 0x03, 0x33, 0x53, 0xF0, 0x7C, 0xF0, 0x01, 0xFD, 0xF0, 0x01, 0xF0, 0x01, 0xF0
  .byte 0x01, 0xF0, 0x01, 0xF0, 0x01, 0x30, 0x01, 0x35, 0x01, 0xC3, 0x5C, 0xF0, 0x11, 0xC7, 0x35, 0x80
  .byte 0x03, 0x11, 0xE7, 0x11, 0x07, 0x00, 0x92, 0x25, 0x24, 0xF2, 0x00, 0xE9, 0x92, 0x2A, 0x00, 0xE2
  .byte 0x29, 0x10, 0xDA, 0xA1, 0x01, 0xD7, 0x22, 0x21, 0xDC, 0x33, 0x33, 0x33, 0x35, 0x00, 0x03, 0x00
  .byte 0x92, 0xDD, 0x49, 0x22, 0x22, 0x99, 0x24, 0x32, 0xB1, 0x00, 0x16, 0x55, 0x30, 0xFC, 0x01, 0xF6
  .byte 0x33, 0x33, 0xF5, 0x10, 0x1F, 0x95, 0x30, 0x01, 0x0F, 0x00, 0x50, 0x03, 0x36, 0x00, 0x03, 0x62
  .byte 0x00, 0xF3, 0x6F, 0x3F, 0x10, 0xFB, 0x01, 0x07, 0x53, 0xF2, 0x00, 0xF0, 0x01, 0xF0, 0x01, 0xF0
  .byte 0x01, 0xF8, 0xF0, 0x01, 0xF0, 0x01, 0xF0, 0x01, 0xF0, 0x01, 0xF0, 0x01, 0x00, 0x50, 0x34, 0x09
  .byte 0x33, 0x33, 0x00, 0x46, 0x00, 0x03, 0x50, 0x44, 0x00, 0x03, 0x05, 0x33, 0xFF, 0x00, 0x50, 0x43
  .byte 0x00, 0xB5, 0xF6, 0x60, 0x1F, 0xA0, 0x40, 0xE4, 0x63, 0x00, 0xF2, 0x5F, 0xFF, 0xFF, 0x00, 0x60
  .byte 0xD6, 0xD0, 0x3F, 0x11, 0xF7, 0xF5, 0x00, 0x03, 0x44, 0x00, 0x35, 0x10, 0x03, 0xFF, 0xFF, 0xF0
  .byte 0x62, 0xF0, 0x01, 0xF0, 0x01, 0xF0, 0x01, 0xF0, 0x01, 0xF0, 0x01, 0xF0, 0x01, 0xF0, 0x01, 0xFF
  .byte 0xF0, 0x01, 0xF0, 0x01, 0xF0, 0x01, 0xF0, 0x01, 0xF0, 0x01, 0xF0, 0x01, 0xF0, 0x01, 0xF0, 0x01
  .byte 0xFF, 0xF0, 0x01, 0xF0, 0x01, 0xF0, 0x01, 0xF0, 0x01, 0xF0, 0x01, 0xF0, 0x01, 0xF0, 0x01, 0xF0
  .byte 0x01, 0xFF, 0xF0, 0x01, 0xF0, 0x01, 0xF0, 0x01, 0xF0, 0x01, 0xF0, 0x01, 0xF0, 0x01, 0xF0, 0x01
  .byte 0xF0, 0x01, 0x80, 0xC0, 0x01, 0x00, 0x00, 0x00

  .globl gMonPalette_Igglybuff
gMonPalette_Igglybuff:
  .incbin "build/graphics/pokemon/igglybuff/normal_palette.gbapal.lz"
  .space 0x2, 0x00

  .globl gMonBackPic_Igglybuff
gMonBackPic_Igglybuff:
  .incbin "build/graphics/pokemon/igglybuff/back.4bpp.lz"

  .globl gMonShinyPalette_Igglybuff
gMonShinyPalette_Igglybuff:
  .incbin "build/graphics/pokemon/igglybuff/shiny_palette.gbapal.lz"

	.globl gMonIcon_Igglybuff
gMonIcon_Igglybuff: @ 0x08CA87DC [174]
  .incbin "build/graphics/pokemon/igglybuff/icon.4bpp"
  @ Replaced baserom.gba range: offset=0xCA8BDC, size=0x1F4
  .byte 0x00, 0x00, 0x00, 0x00, 0x00, 0x80, 0xC0, 0xE0, 0x00, 0x00, 0x00, 0x00, 0x00, 0x03, 0x07, 0x07
  .byte 0xE0, 0xE0, 0xC0, 0x00, 0x00, 0x00, 0x00, 0x00, 0x07, 0x03, 0x01, 0x00, 0x00, 0x00, 0x00, 0x00
  .byte 0x10, 0x00, 0x08, 0x00, 0x3F, 0x00, 0x00, 0xF0, 0x01, 0xF0, 0x01, 0xF0, 0x01, 0xF0, 0x01, 0xF0
  .byte 0x01, 0xF0, 0x01, 0xFF, 0xF0, 0x01, 0xF0, 0x01, 0xF0, 0x01, 0xF0, 0x01, 0xF0, 0x01, 0xF0, 0x01
  .byte 0xF0, 0x01, 0xF0, 0x01, 0xFF, 0xF0, 0x01, 0xF0, 0x01, 0xF0, 0x01, 0xF0, 0x01, 0xF0, 0x01, 0xF0
  .byte 0x01, 0xF0, 0x01, 0xF0, 0x01, 0xFF, 0xF0, 0x01, 0xF0, 0x01, 0xF0, 0x01, 0xF0, 0x01, 0xF0, 0x01
  .byte 0xF0, 0x01, 0xF0, 0x01, 0xF0, 0x01, 0xF8, 0xF0, 0x01, 0xF0, 0x01, 0xF0, 0x01, 0xF0, 0x01, 0xA0
  .byte 0x01, 0x90, 0x90, 0x00, 0x00, 0xA0, 0x6A, 0x89, 0x0A, 0xAA, 0x66, 0x69, 0xA6, 0x2A, 0x8A, 0x66
  .byte 0x90, 0x18, 0x09, 0x00, 0x03, 0x96, 0x00, 0x03, 0x86, 0x00, 0xA0, 0x0A, 0xA0, 0x76, 0x99, 0xA9
  .byte 0x69, 0x76, 0x1A, 0x98, 0x6A, 0x77, 0xF0, 0x3E, 0x30, 0x27, 0x46, 0x00, 0x03, 0x47, 0xFF, 0xF0
  .byte 0x1A, 0xF0, 0x01, 0xF0, 0x01, 0xF0, 0x01, 0xF0, 0x01, 0xF0, 0x01, 0xF0, 0x01, 0xF0, 0x01, 0xA0
  .byte 0xB0, 0x01, 0x39, 0x00, 0xEA, 0x77, 0x69, 0x66, 0x68, 0x66, 0x00, 0x89, 0x66, 0x66, 0x66, 0x80
  .byte 0x86, 0x36, 0x66, 0x00, 0x90, 0x87, 0x46, 0x76, 0x73, 0x78, 0x77, 0xB7, 0x00, 0x83, 0x81, 0x87
  .byte 0x78, 0x19, 0x11, 0x18, 0x81, 0x00, 0x97, 0x11, 0x11, 0x11, 0x76, 0x78, 0x77, 0x77, 0x80, 0x10
  .byte 0x01, 0x37, 0x87, 0x77, 0x77, 0x47, 0x87, 0x77, 0x00, 0x98, 0x77, 0x77, 0x87, 0x88, 0x98, 0xF7
  .byte 0x3F, 0x00, 0x38, 0x11, 0x19, 0x11, 0xF3, 0x11, 0x11, 0x91, 0x6A, 0x99, 0x10, 0xE3, 0x10, 0xEF
  .byte 0x04, 0x80, 0x03, 0x3F, 0x40, 0x03, 0xFF, 0xFF, 0x10, 0x0C, 0xF0, 0x01, 0xF0, 0x01, 0xF0, 0x01
  .byte 0xF0, 0x01, 0xF0, 0x01, 0xF0, 0x01, 0xF0, 0x01, 0xAB, 0x11, 0xCE, 0x78, 0x00, 0x04, 0x89, 0x00
  .byte 0x03, 0x30, 0x40, 0x03, 0xA0, 0x01, 0xA0, 0x10, 0xE3, 0x19, 0x00, 0x03, 0x11, 0xDD, 0x11, 0x11
  .byte 0xDF, 0x80, 0x00, 0x03, 0xE3, 0xDF, 0x11, 0x11, 0xD3, 0xEF, 0xFF, 0x00, 0xCB, 0x30, 0xEE, 0xFF
  .byte 0xFC, 0x00, 0x33, 0xFF, 0x00, 0xFC, 0xBB, 0x1B, 0x79, 0x77, 0x1B, 0x1B, 0x79, 0x00, 0x87, 0xBB
  .byte 0x11, 0x91, 0x98, 0x11, 0x11, 0xF1, 0x40, 0xFF, 0x00, 0x02, 0xCC, 0xFF, 0xFF, 0xCF, 0xFC, 0xFC
  .byte 0x00, 0xFF, 0xCF, 0xFF, 0xCB, 0xFF, 0xCF, 0x43, 0xF9, 0xEB, 0x00, 0xE3, 0x10, 0x03, 0x10, 0xEB
  .byte 0x4F, 0x00, 0x4F, 0x4C, 0x81, 0x07, 0xF0, 0x01, 0xFF, 0xF0, 0x01, 0xF0, 0x01, 0xF0, 0x01, 0xF0
  .byte 0x01, 0xF0, 0x01, 0xF0, 0x01, 0xF0, 0x01, 0xF0, 0x01, 0x80, 0x00, 0x01, 0x40, 0x34, 0xCC, 0x00
  .byte 0x40, 0x99, 0xAA, 0x01, 0x00, 0x40, 0x98, 0x48, 0x00, 0x00, 0x44, 0xE0, 0xB6, 0x00, 0xCC, 0xFF
  .byte 0x43, 0x49, 0x4A, 0x44, 0x99, 0x49, 0xFF, 0xF0, 0x1F, 0xF0, 0x01, 0xF0, 0x01, 0xF0, 0x01, 0xF0
  .byte 0x01, 0xF0, 0x01, 0xF0, 0x01, 0xF0, 0x01, 0xFF, 0xF0, 0x01, 0xF0, 0x01, 0xF0, 0x01, 0xF0, 0x01
  .byte 0xF0, 0x01, 0xF0, 0x01, 0xF0, 0x01, 0xF0, 0x01, 0xFF, 0xF0, 0x01, 0xF0, 0x01, 0xF0, 0x01, 0xF0
  .byte 0x01, 0xF0, 0x01, 0xF0, 0x01, 0xF0, 0x01, 0xF0, 0x01, 0xFF, 0xF0, 0x01, 0xF0, 0x01, 0xF0, 0x01
  .byte 0xF0, 0x01, 0xF0, 0x01, 0xF0, 0x01, 0xF0, 0x01, 0xF0, 0x01, 0xE0, 0xF0, 0x01, 0xF0, 0x01, 0xF0
  .byte 0x01, 0x00, 0x00, 0x00

  .globl gMonPalette_Togepi
gMonPalette_Togepi:
  .incbin "build/graphics/pokemon/togepi/normal_palette.gbapal.lz"

  .globl gMonBackPic_Togepi
gMonBackPic_Togepi:
  .incbin "build/graphics/pokemon/togepi/back.4bpp.lz"

  .globl gMonShinyPalette_Togepi
gMonShinyPalette_Togepi:
  .incbin "build/graphics/pokemon/togepi/shiny_palette.gbapal.lz"

	.globl gMonIcon_Togepi
gMonIcon_Togepi: @ 0x08CA9094 [175]
  .incbin "build/graphics/pokemon/togepi/icon.4bpp"
  @ Replaced baserom.gba range: offset=0xCA9494, size=0x294
  .byte 0x00, 0x00, 0x00, 0x00, 0x80, 0xC0, 0xC0, 0xC0, 0x00, 0x00, 0x00, 0x00, 0x02, 0x06, 0x07, 0x07
  .byte 0xC0, 0x40, 0x40, 0x80, 0x00, 0x00, 0x00, 0x00, 0x07, 0x04, 0x04, 0x03, 0x00, 0x00, 0x00, 0x00
  .byte 0x10, 0x00, 0x08, 0x00, 0x3F, 0x00, 0x00, 0xF0, 0x01, 0xF0, 0x01, 0xF0, 0x01, 0xF0, 0x01, 0xF0
  .byte 0x01, 0xF0, 0x01, 0xFF, 0xF0, 0x01, 0xF0, 0x01, 0xF0, 0x01, 0xF0, 0x01, 0xF0, 0x01, 0xF0, 0x01
  .byte 0xF0, 0x01, 0xF0, 0x01, 0xFB, 0xF0, 0x01, 0xF0, 0x01, 0xF0, 0x01, 0xF0, 0x01, 0xA0, 0x01, 0x30
  .byte 0xC0, 0x03, 0x50, 0x01, 0x00, 0x23, 0x04, 0x00, 0x30, 0xFF, 0x4F, 0x00, 0xF3, 0x01, 0xFF, 0x2F
  .byte 0x36, 0xFF, 0xFF, 0xFF, 0xF6, 0x00, 0x03, 0xC0, 0x00, 0x01, 0x10, 0x18, 0x33, 0x04, 0x00, 0x00
  .byte 0x1F, 0x06, 0xA0, 0x30, 0x03, 0x6F, 0x00, 0x0F, 0x6F, 0x00, 0x60, 0x36, 0x6F, 0x01, 0x60, 0x16
  .byte 0x61, 0x4F, 0x16, 0x21, 0x62, 0xF0, 0x5E, 0xFF, 0xF0, 0x01, 0xF0, 0x01, 0xF0, 0x01, 0xF0, 0x01
  .byte 0xF0, 0x01, 0xF0, 0x01, 0xF0, 0x01, 0xF0, 0x01, 0xAB, 0x60, 0xE7, 0x13, 0x00, 0x03, 0x53, 0x00
  .byte 0x03, 0x63, 0x40, 0x03, 0x10, 0x13, 0x2C, 0x50, 0xF2, 0x30, 0xE6, 0x33, 0x30, 0x06, 0x10, 0x01
  .byte 0x1F, 0x15, 0x00, 0xF1, 0x1F, 0x21, 0x26, 0x12, 0x21, 0x22, 0x26, 0x00, 0x22, 0x22, 0x22, 0x22
  .byte 0xFF, 0x21, 0x22, 0x06, 0x20, 0x1F, 0x22, 0x10, 0x03, 0x42, 0x00, 0x21, 0x22, 0x62, 0x09, 0x00
  .byte 0x22, 0x22, 0x04, 0x00, 0x03, 0x06, 0x00, 0x00, 0x0E, 0x39, 0x00, 0x22, 0x10, 0x45, 0xF0, 0x01
  .byte 0x70, 0x01, 0x40, 0x44, 0xF0, 0x13, 0xFF, 0xF0, 0x01, 0xF0, 0x01, 0xF0, 0x01, 0xF0, 0x01, 0xF0
  .byte 0x01, 0xF0, 0x01, 0xF0, 0x01, 0xE0, 0x01, 0x00, 0x25, 0xA2, 0xAA, 0x22, 0x50, 0x23, 0xAB, 0x32
  .byte 0x01, 0x00, 0x60, 0x33, 0x33, 0x00, 0x00, 0x34, 0x00, 0x03, 0x40, 0x24, 0x00, 0x03, 0x14, 0x22
  .byte 0x00, 0x40, 0xFF, 0x11, 0x90, 0x00, 0x03, 0x1F, 0x32, 0x01, 0xF3, 0x63, 0x04, 0x00, 0x40, 0x00
  .byte 0x36, 0x04, 0x00, 0x14, 0x36, 0x04, 0x40, 0x11, 0x00, 0x36, 0x04, 0x14, 0x11, 0x46, 0x00, 0x13
  .byte 0x41, 0x00, 0x43, 0x40, 0x12, 0x31, 0x61, 0x40, 0x12, 0x21, 0x00, 0x40, 0x13, 0x11, 0x06, 0x13
  .byte 0x11, 0x41, 0x06, 0x00, 0x11, 0x31, 0x64, 0x00, 0x11, 0x24, 0x06, 0x00, 0x73, 0x34, 0x11, 0x1B
  .byte 0x02, 0x15, 0x00, 0x06, 0x00, 0x64, 0xF0, 0x6E, 0xF0, 0x01, 0xFD, 0xF0, 0x01, 0xF0, 0x01, 0xF0
  .byte 0x01, 0xF0, 0x01, 0xF0, 0x01, 0x50, 0x01, 0x20, 0x00, 0x02, 0x08, 0xF2, 0x00, 0x00, 0xF2, 0x02
  .byte 0xCB, 0x14, 0x11, 0x00, 0x12, 0x00, 0x60, 0x46, 0x90, 0x1C, 0x22, 0xF4, 0x01, 0xF2, 0xF1, 0x16
  .byte 0xFF, 0xFF, 0x3F, 0x00, 0x06, 0x31, 0x00, 0x03, 0x00, 0x0E, 0xCB, 0x00, 0xE5, 0xFD, 0xFF, 0x1C
  .byte 0xD5, 0xDE, 0xFF, 0xCB, 0x00, 0x35, 0xE2, 0xFD, 0xBF, 0x1F, 0x46, 0x22, 0x64, 0x00, 0xFF, 0x63
  .byte 0x66, 0x00, 0xFF, 0xFF, 0x11, 0x63, 0x80, 0x12, 0x1D, 0x52, 0x23, 0xFF, 0x1F, 0x2C, 0x53, 0x23
  .byte 0x00, 0x22, 0x2C, 0x22, 0x65, 0x66, 0x2C, 0x22, 0x32, 0x77, 0x63, 0x00, 0xE6, 0x20, 0x01, 0x10
  .byte 0x07, 0x61, 0x42, 0x58, 0x50, 0x13, 0xF0, 0x01, 0xFF, 0xF0, 0x01, 0xF0, 0x01, 0xF0, 0x01, 0xF0
  .byte 0x01, 0xF0, 0x01, 0xF0, 0x01, 0xF0, 0x01, 0xF0, 0x01, 0x80, 0x03, 0x00, 0xE2, 0xFD, 0xFF, 0x50
  .byte 0xDE, 0x12, 0x11, 0x02, 0x00, 0x35, 0x23, 0x22, 0x00, 0x50, 0x11, 0xFF, 0x50, 0x60, 0x35, 0x01
  .byte 0x23, 0x03, 0x27, 0x40, 0x43, 0x00, 0x44, 0x13, 0x00, 0x42, 0x21, 0x32, 0x3E, 0x63, 0x32, 0xE3
  .byte 0x3E, 0x00, 0x05, 0x33, 0x33, 0x43, 0x06, 0x33, 0x33, 0x65, 0x01, 0x00, 0x33, 0x54, 0x06, 0x00
  .byte 0x55, 0x33, 0x00, 0xE1, 0x2F, 0x35, 0x05, 0x02, 0x3C, 0x45, 0xF0, 0x50, 0xF0, 0x01, 0xF0, 0x01
  .byte 0xF0, 0x01, 0xFE, 0xF0, 0x01, 0xF0, 0x01, 0xF0, 0x01, 0xF0, 0x01, 0xF0, 0x01, 0x43, 0x89, 0x00
  .byte 0x03, 0x60, 0x80, 0xF0, 0x16, 0x00, 0x00, 0x44, 0x11, 0x11, 0x11, 0x11, 0x00, 0x13, 0x11, 0x21
  .byte 0x43, 0x11, 0x22, 0x64, 0x46, 0x20, 0x44, 0x66, 0xE0, 0x1F, 0x04, 0x24, 0x32, 0x06, 0x06, 0x10
  .byte 0x14, 0x11, 0x61, 0x02, 0x3A, 0x51, 0x00, 0x40, 0x11, 0x00, 0x21, 0x00, 0x50, 0x11, 0x24, 0x00
  .byte 0x00, 0x15, 0xBF, 0x00, 0x03, 0x60, 0xE0, 0x2C, 0x01, 0x11, 0x21, 0xFB, 0xF1, 0xFF, 0xF0, 0x01
  .byte 0xF0, 0x01, 0xFF, 0xF0, 0x01, 0xF0, 0x01, 0xF0, 0x01, 0xF0, 0x01, 0xF0, 0x01, 0xF0, 0x01, 0xF0
  .byte 0x01, 0xF0, 0x01, 0xFF, 0xF0, 0x01, 0xF0, 0x01, 0xF0, 0x01, 0xF0, 0x01, 0xF0, 0x01, 0xF0, 0x01
  .byte 0xF0, 0x01, 0x50, 0x01

  .globl gMonPalette_Togetic
gMonPalette_Togetic:
  .incbin "build/graphics/pokemon/togetic/normal_palette.gbapal.lz"
  .space 0x2, 0x00

  .globl gMonBackPic_Togetic
gMonBackPic_Togetic:
  .incbin "build/graphics/pokemon/togetic/back.4bpp.lz"

  .globl gMonShinyPalette_Togetic
gMonShinyPalette_Togetic:
  .incbin "build/graphics/pokemon/togetic/shiny_palette.gbapal.lz"
  .space 0x2, 0x00
	.globl gMonIcon_Togetic
gMonIcon_Togetic: @ 0x08CA9AA4 [176]
  .incbin "build/graphics/pokemon/togetic/icon.4bpp"
  @ Replaced baserom.gba range: offset=0xCA9EA4, size=0x1EC
  .byte 0x00, 0x00, 0x80, 0xC0, 0xC0, 0xE0, 0xE0, 0xE0, 0x00, 0x00, 0x02, 0x06, 0x06, 0x0F, 0x0F, 0x0F
  .byte 0xE0, 0xE0, 0xE0, 0xC0, 0xC0, 0x80, 0x00, 0x00, 0x0F, 0x0F, 0x0F, 0x07, 0x07, 0x03, 0x00, 0x00
  .byte 0x10, 0x00, 0x08, 0x00, 0x3F, 0x00, 0x00, 0xF0, 0x01, 0xF0, 0x01, 0xF0, 0x01, 0xF0, 0x01, 0xF0
  .byte 0x01, 0xF0, 0x01, 0xFF, 0xF0, 0x01, 0xF0, 0x01, 0xF0, 0x01, 0xF0, 0x01, 0xF0, 0x01, 0xF0, 0x01
  .byte 0xF0, 0x01, 0xF0, 0x01, 0xFF, 0xF0, 0x01, 0xF0, 0x01, 0xF0, 0x01, 0xF0, 0x01, 0xF0, 0x01, 0xF0
  .byte 0x01, 0xF0, 0x01, 0xF0, 0x01, 0xFF, 0xF0, 0x01, 0xF0, 0x01, 0xF0, 0x01, 0xF0, 0x01, 0xF0, 0x01
  .byte 0xF0, 0x01, 0xF0, 0x01, 0xF0, 0x01, 0xFC, 0xF0, 0x01, 0xF0, 0x01, 0xF0, 0x01, 0xF0, 0x01, 0xF0
  .byte 0x01, 0x20, 0x01, 0x40, 0x34, 0x54, 0x33, 0xC0, 0x11, 0xB0, 0x00, 0x02, 0x9B, 0x00, 0x02, 0x99
  .byte 0xB0, 0x01, 0x9B, 0xA9, 0xAA, 0x54, 0xAA, 0xFA, 0xFF, 0x90, 0x1C, 0x57, 0x0B, 0x00, 0x03, 0xB9
  .byte 0x00, 0x03, 0xAA, 0x00, 0x08, 0xA0, 0x18, 0xF0, 0x01, 0xFE, 0xF0, 0x01, 0xF0, 0x01, 0xF0, 0x01
  .byte 0xF0, 0x01, 0xF0, 0x01, 0xF0, 0x01, 0x60, 0xCD, 0x00, 0x00, 0x00, 0x70, 0x77, 0x00, 0x00, 0x17
  .byte 0x61, 0x00, 0x00, 0x00, 0x78, 0x66, 0x00, 0x00, 0x80, 0x78, 0x00, 0x00, 0x00, 0x30, 0x83, 0x40
  .byte 0x25, 0x22, 0x33, 0x24, 0x20, 0x22, 0x22, 0x20, 0x01, 0x88, 0x22, 0x42, 0xFE, 0x66, 0x00, 0x28
  .byte 0x15, 0xFE, 0x76, 0x87, 0x42, 0xFF, 0x77, 0x40, 0x87, 0x00, 0x0F, 0x28, 0x22, 0x33, 0x33, 0x55
  .byte 0x0F, 0x00, 0x00, 0x33, 0x33, 0x05, 0x00, 0x32, 0x33, 0xF4, 0x00, 0x00, 0x34, 0x33, 0x53, 0x00
  .byte 0x41, 0x33, 0x33, 0x00, 0xF5, 0x41, 0xF3, 0xFF, 0x95, 0x33, 0x68, 0xF7, 0x0C, 0xFF, 0x33, 0x66
  .byte 0x86, 0xE0, 0xE6, 0x10, 0x10, 0x99, 0x0F, 0x00, 0x00, 0x00, 0xBA, 0xBB, 0x00, 0x00, 0xAF, 0x9A
  .byte 0xFF, 0x00, 0x08, 0xF0, 0x01, 0xF0, 0x01, 0xF0, 0x01, 0xF0, 0x01, 0xF0, 0x01, 0xF0, 0x01, 0xF0
  .byte 0x01, 0xAA, 0x00, 0x01, 0x50, 0x11, 0xC3, 0x35, 0x40, 0x03, 0xF0, 0xD0, 0x1D, 0x33, 0x50, 0x33
  .byte 0xB0, 0x01, 0x3F, 0x00, 0x03, 0xF0, 0x45, 0x33, 0x33, 0x10, 0x00, 0x50, 0xFF, 0x00, 0xCA, 0xB0
  .byte 0xFA, 0x83, 0x66, 0x20, 0x76, 0x9F, 0x00, 0x03, 0xFF, 0x43, 0x66, 0x87, 0xBF, 0x00, 0x43, 0x77
  .byte 0xF7, 0x9B, 0x33, 0x88, 0xBF, 0xFF, 0x05, 0x43, 0xF5, 0x9B, 0x0F, 0xFF, 0x00, 0xE9, 0xFA, 0x00
  .byte 0x3F, 0x05, 0xBF, 0xBB, 0x0F, 0x00, 0xAF, 0x00, 0x08, 0xFF, 0x00, 0xEA, 0xFF, 0xF0, 0xED, 0xF0
  .byte 0x01, 0xF0, 0x01, 0xF0, 0x01, 0xF0, 0x01, 0xF0, 0x01, 0xF0, 0x01, 0xF0, 0x01, 0xC0, 0xF0, 0x01
  .byte 0xF0, 0x01, 0xE0, 0xAB, 0xAA, 0xBB, 0xDE, 0xDF, 0x03, 0xEB, 0x99, 0xF0, 0xEF, 0x1F, 0x1E, 0x00
  .byte 0xC5, 0xE1, 0x1F, 0x00, 0x99, 0xF9, 0x0F, 0x00, 0x9B, 0xA9, 0xFD, 0x00, 0x7F, 0xE1, 0x00, 0xE0
  .byte 0xF2, 0xD3, 0xF0, 0x01, 0xF0, 0x01, 0xF0, 0x01, 0xF0, 0x01, 0xF0, 0x01, 0xFF, 0xF0, 0x01, 0xF0
  .byte 0x01, 0xF0, 0x01, 0xF0, 0x01, 0xF0, 0x01, 0xF0, 0x01, 0xF0, 0x01, 0xF0, 0x01, 0xFF, 0xF0, 0x01
  .byte 0xF0, 0x01, 0xF0, 0x01, 0xF0, 0x01, 0xF0, 0x01, 0xF0, 0x01, 0xF0, 0x01, 0xF0, 0x01, 0xFF, 0xF0
  .byte 0x01, 0xF0, 0x01, 0xF0, 0x01, 0xF0, 0x01, 0xF0, 0x01, 0xF0, 0x01, 0xF0, 0x01, 0xF0, 0x01, 0xF8
  .byte 0xF0, 0x01, 0xF0, 0x01, 0xF0, 0x01, 0xF0, 0x01, 0xD0, 0x01, 0x00, 0x00

  .globl gMonPalette_Natu
gMonPalette_Natu:
  .incbin "build/graphics/pokemon/natu/normal_palette.gbapal.lz"

  .globl gMonBackPic_Natu
gMonBackPic_Natu:
  .incbin "build/graphics/pokemon/natu/back.4bpp.lz"

  .globl gMonShinyPalette_Natu
gMonShinyPalette_Natu:
  .incbin "build/graphics/pokemon/natu/shiny_palette.gbapal.lz"

	.globl gMonIcon_Natu
gMonIcon_Natu: @ 0x08CAA2F4 [177]
  .incbin "build/graphics/pokemon/natu/icon.4bpp"
  @ Replaced baserom.gba range: offset=0xCAA6F4, size=0x2FC
  .byte 0x00, 0x00, 0x00, 0x00, 0x00, 0x40, 0x40, 0x40, 0x00, 0x00, 0x00, 0x00, 0x00, 0x02, 0x02, 0x02
  .byte 0xC0, 0xC0, 0x80, 0x80, 0x80, 0x00, 0x00, 0x00, 0x03, 0x03, 0x01, 0x01, 0x00, 0x00, 0x00, 0x00
  .byte 0x10, 0x00, 0x08, 0x00, 0x3F, 0x00, 0x00, 0xF0, 0x01, 0xF0, 0x01, 0xF0, 0x01, 0xF0, 0x01, 0xF0
  .byte 0x01, 0xF0, 0x01, 0x8D, 0xC0, 0x01, 0x40, 0x44, 0x44, 0xF0, 0x14, 0x70, 0x01, 0x05, 0xF0, 0x12
  .byte 0xFF, 0xF0, 0x01, 0xF0, 0x01, 0xF0, 0x01, 0xF0, 0x01, 0xF0, 0x01, 0xF0, 0x01, 0xF0, 0x01, 0xF0
  .byte 0x01, 0xD0, 0xA0, 0xCD, 0x00, 0x03, 0x24, 0x00, 0x03, 0xF4, 0x00, 0x00, 0x50, 0x50, 0x5D, 0x00
  .byte 0x03, 0x8F, 0x00, 0x03, 0x68, 0x40, 0x23, 0x22, 0x01, 0x33, 0x24, 0x22, 0x22, 0x32, 0x22, 0x22
  .byte 0x60, 0x01, 0x00, 0x42, 0x77, 0x87, 0x28, 0xD4, 0x66, 0x66, 0xF7, 0x00, 0x42, 0x66, 0x66, 0x77
  .byte 0x22, 0x43, 0x0F, 0x00, 0x2A, 0x00, 0x33, 0x00, 0x31, 0x33, 0x00, 0x08, 0x33, 0x00, 0x08, 0xFF
  .byte 0x00, 0x3F, 0xF4, 0x00, 0xFE, 0xF1, 0x44, 0x0F, 0xFF, 0x03, 0x3F, 0x44, 0x0F, 0x33, 0x33, 0x44
  .byte 0x00, 0x1D, 0xF0, 0x01, 0xFF, 0xF0, 0x01, 0xF0, 0x01, 0xF0, 0x01, 0xF0, 0x01, 0xF0, 0x01, 0xF0
  .byte 0x01, 0xF0, 0x01, 0xD0, 0x01, 0x2A, 0x50, 0x68, 0x00, 0x03, 0xFF, 0x00, 0x08, 0x34, 0x00, 0x03
  .byte 0x45, 0xC0, 0x10, 0x10, 0x90, 0x1D, 0xF8, 0x77, 0xF7, 0x32, 0x44, 0xF8, 0x14, 0x3F, 0x33, 0x33
  .byte 0x80, 0x01, 0x35, 0x00, 0x03, 0x50, 0x44, 0x03, 0x44, 0x44, 0xF0, 0x5F, 0x55, 0x55, 0x10, 0xE3
  .byte 0x20, 0x03, 0x00, 0x43, 0x54, 0xBA, 0x33, 0x44, 0xF4, 0xAA, 0x43, 0x00, 0x44, 0x0F, 0xAB, 0x44
  .byte 0xF4, 0x00, 0xAF, 0x54, 0x01, 0x0F, 0x00, 0xB0, 0xF5, 0x0F, 0x00, 0xF0, 0x90, 0x4B, 0x6A, 0x0B
  .byte 0x00, 0x03, 0x11, 0x10, 0xFA, 0x00, 0x03, 0xAA, 0x00, 0x0C, 0xAA, 0xFF, 0xF1, 0x1D, 0xF0, 0x01
  .byte 0xF0, 0x01, 0xF0, 0x01, 0xF0, 0x01, 0xF0, 0x01, 0xF0, 0x01, 0x90, 0x01, 0xE8, 0x10, 0xA7, 0x10
  .byte 0x03, 0x11, 0x07, 0x1F, 0x00, 0x0A, 0x11, 0x00, 0x00, 0x40, 0x1D, 0x00, 0x03, 0x1E, 0x91, 0xEF
  .byte 0xEF, 0xFF, 0xFF, 0x04, 0xEF, 0xFE, 0xFF, 0xFF, 0xEE, 0x00, 0x07, 0xEC, 0xFE, 0x00, 0x3F, 0xFF
  .byte 0xC1, 0xEF, 0x34, 0xF3, 0x11, 0x5F, 0x00, 0x33, 0x43, 0x11, 0x4C, 0x33, 0x33, 0x19, 0x31, 0x18
  .byte 0x55, 0x35, 0xFF, 0x00, 0x31, 0x30, 0x03, 0x0F, 0x00, 0xFF, 0x00, 0xF4, 0x0F, 0x00, 0x4F, 0xF4
  .byte 0xEF, 0x00, 0x45, 0x00, 0x44, 0xCF, 0x0E, 0x43, 0x44, 0xC4, 0x0F, 0x33, 0x00, 0x55, 0xC4, 0x0F
  .byte 0xAB, 0xBA, 0x00, 0x00, 0xAF, 0xA2, 0x00, 0xF0, 0xB0, 0x00, 0xEC, 0xF0, 0xAA, 0xFA, 0x20, 0x03
  .byte 0x00, 0x5F, 0xAB, 0x00, 0x0C, 0xAF, 0x20, 0x10, 0xF1, 0x01, 0xF0, 0x01, 0xF0, 0x01, 0xF0, 0x01
  .byte 0xF0, 0xF0, 0x01, 0xF0, 0x01, 0xF0, 0x01, 0x10, 0x01, 0xD0, 0x11, 0x99, 0x00, 0x00, 0xE0, 0x91
  .byte 0x69, 0x00, 0xE0, 0x99, 0x66, 0x00, 0x00, 0x40, 0x69, 0x96, 0x00, 0x40, 0x63, 0x99, 0x00, 0x10
  .byte 0x50, 0x93, 0x19, 0x00, 0x03, 0x11, 0x00, 0x34, 0x53, 0x00, 0x11, 0x99, 0x11, 0xB9, 0x59, 0x96
  .byte 0x11, 0xB2, 0x00, 0x59, 0x99, 0x11, 0x21, 0x35, 0x19, 0x11, 0x11, 0x10, 0xF1, 0x11, 0x11, 0xB0
  .byte 0x01, 0x53, 0xB9, 0xC9, 0xED, 0x00, 0x53, 0xB9, 0xCD, 0xFC, 0x33, 0xC5, 0xCC, 0xFC, 0x00, 0x33
  .byte 0x13, 0xCC, 0xDC, 0xFC, 0x11, 0xCC, 0xDC, 0x40, 0xF1, 0x00, 0x03, 0xD1, 0x11, 0xCC, 0xCC, 0xC1
  .byte 0x11, 0x0C, 0xC1, 0xCC, 0x00, 0xF0, 0x11, 0xED, 0x11, 0x56, 0x00, 0x00, 0x77, 0x0E, 0x40, 0x03
  .byte 0x10, 0xF4, 0x10, 0x03, 0xFD, 0xF0, 0x8D, 0xF0, 0x01, 0xF0, 0x01, 0xFC, 0xF0, 0x01, 0xF0, 0x01
  .byte 0xF0, 0x01, 0xF0, 0x01, 0x30, 0x01, 0x00, 0xE3, 0x00, 0x34, 0x28, 0x33, 0x15, 0x20, 0x03, 0x64
  .byte 0x10, 0x07, 0x66, 0x15, 0x00, 0x04, 0x35, 0x33, 0x95, 0x00, 0x65, 0x00, 0x03, 0x35, 0x66, 0x41
  .byte 0xE5, 0xD0, 0xEF, 0x11, 0x1D, 0x11, 0x1D, 0x99, 0x10, 0x03, 0x08, 0x9A, 0x99, 0x9A, 0xEE, 0x00
  .byte 0x03, 0xC1, 0x1D, 0xC1, 0x54, 0xCC, 0x10, 0x03, 0x11, 0x10, 0x03, 0x1F, 0x10, 0x03, 0xE1, 0xEC
  .byte 0x87, 0x10, 0x03, 0x99, 0x9F, 0xB9, 0xBA, 0x10, 0x03, 0x10, 0xE3, 0xD0, 0x03, 0xDF, 0x11, 0x11
  .byte 0x10, 0x03, 0xFE, 0xF0, 0x8D, 0xF0, 0x01, 0xF0, 0x01, 0xF0, 0x01, 0xF0, 0x01, 0xE2, 0xF0, 0x01
  .byte 0xF0, 0x01, 0x30, 0x01, 0xFF, 0x33, 0xE5, 0x00, 0x04, 0xEF, 0xC1, 0x42, 0xFF, 0x10, 0x01, 0xAA
  .byte 0x00, 0x00, 0x9E, 0x99, 0x02, 0x17, 0x01, 0x9A, 0x00, 0x1D, 0xE1, 0xFB, 0xEE, 0xEF, 0x30, 0x01
  .byte 0x00, 0xFF, 0xFF, 0xFF, 0xFF, 0x9A, 0xEB, 0x0E, 0x00, 0x00, 0x99, 0x19, 0x0F, 0xCD, 0x99, 0xFB
  .byte 0x00, 0xEE, 0x43, 0xFB, 0x40, 0x2C, 0xEE, 0xEF, 0xFE, 0xFE, 0x10, 0x03, 0x10, 0x1F, 0x00, 0xBE
  .byte 0xB9, 0x00, 0x00, 0x91, 0x99, 0xA9, 0x0A, 0x00, 0xFF, 0x9A, 0x99, 0xE9, 0x00, 0xFF, 0x9A, 0x19
  .byte 0xB5, 0x00, 0x52, 0xFF, 0x10, 0xE3, 0xD2, 0xE4, 0xDC, 0x00, 0x03, 0x11, 0x00, 0x14, 0xFF, 0x03
  .byte 0x32, 0xF0, 0x8F, 0xF0, 0x01, 0xF0, 0x01, 0xF0, 0x01, 0xF0, 0x01, 0xF0, 0x01, 0xF0, 0x01, 0xBF
  .byte 0x10, 0x01, 0xFE, 0xF0, 0x84, 0xF0, 0x01, 0xF0, 0x01, 0xF0, 0x01, 0xF0, 0x01, 0xF0, 0x01, 0xF8
  .byte 0xF0, 0x01, 0xF0, 0x01, 0xF0, 0x01, 0xF0, 0x01, 0x70, 0x01, 0x00, 0x00

  .globl gMonPalette_Xatu
gMonPalette_Xatu:
  .incbin "build/graphics/pokemon/xatu/normal_palette.gbapal.lz"

  .globl gMonBackPic_Xatu
gMonBackPic_Xatu:
  .incbin "build/graphics/pokemon/xatu/back.4bpp.lz"

  .globl gMonShinyPalette_Xatu
gMonShinyPalette_Xatu:
  .incbin "build/graphics/pokemon/xatu/shiny_palette.gbapal.lz"

	.globl gMonIcon_Xatu
gMonIcon_Xatu: @ 0x08CAADB8 [178]
  .incbin "build/graphics/pokemon/xatu/icon.4bpp"
  @ Replaced baserom.gba range: offset=0xCAB1B8, size=0x2D4
  .byte 0x00, 0x80, 0x80, 0x80, 0xC0, 0xC0, 0xC0, 0xC0, 0x00, 0x00, 0x00, 0x00, 0x01, 0x01, 0x01, 0x01
  .byte 0xC0, 0xC0, 0x40, 0xE0, 0xE0, 0x40, 0x40, 0x00, 0x01, 0x00, 0x00, 0x00, 0x00, 0x00, 0x00, 0x00
  .byte 0x10, 0x00, 0x08, 0x00, 0x3F, 0x00, 0x00, 0xF0, 0x01, 0xF0, 0x01, 0xF0, 0x01, 0xF0, 0x01, 0xF0
  .byte 0x01, 0xF0, 0x01, 0xFF, 0xF0, 0x01, 0xF0, 0x01, 0xF0, 0x01, 0xF0, 0x01, 0xF0, 0x01, 0xF0, 0x01
  .byte 0xF0, 0x01, 0xF0, 0x01, 0xFC, 0xF0, 0x01, 0xF0, 0x01, 0xF0, 0x01, 0xF0, 0x01, 0xF0, 0x01, 0x30
  .byte 0x01, 0x40, 0x54, 0xDE, 0xF0, 0x13, 0x70, 0x01, 0x55, 0xF0, 0x12, 0xF0, 0x01, 0xF0, 0x01, 0x90
  .byte 0x01, 0x4B, 0xDF, 0xF0, 0x12, 0x70, 0x01, 0x04, 0xF0, 0x12, 0xF0, 0x01, 0xF0, 0x01, 0xF0, 0x01
  .byte 0xB0, 0x01, 0x41, 0x50, 0x00, 0x03, 0xAE, 0x00, 0x00, 0xF0, 0xAD, 0x00, 0x03, 0x00, 0xCF, 0x00
  .byte 0x00, 0x24, 0x22, 0x00, 0x50, 0x22, 0x00, 0x22, 0x00, 0x25, 0x22, 0x22, 0xC0, 0x25, 0x22, 0x00
  .byte 0x42, 0xFC, 0x2F, 0x22, 0x23, 0xFE, 0x2F, 0x22, 0x00, 0x22, 0xED, 0x3F, 0x22, 0x22, 0xFF, 0x8F
  .byte 0x23, 0x01, 0x32, 0x32, 0xF5, 0x40, 0x44, 0x22, 0x33, 0x00, 0x10, 0x00, 0x32, 0xF3, 0x22, 0x24
  .byte 0x32, 0x53, 0x22, 0x53, 0x00, 0x32, 0xFF, 0xCF, 0x53, 0xF2, 0xEE, 0xAB, 0xF3, 0x00, 0xF2, 0xDD
  .byte 0xAA, 0xF4, 0xF8, 0xFF, 0xBB, 0xFF, 0x80, 0x00, 0x4C, 0x33, 0xF5, 0x00, 0x00, 0x22, 0x43, 0x0F
  .byte 0x00, 0x00, 0x22, 0x32, 0x55, 0x55, 0x23, 0x42, 0x22, 0x2A, 0x43, 0xF5, 0x00, 0x2D, 0xED, 0x00
  .byte 0x32, 0xFF, 0x00, 0x03, 0x00, 0x00, 0x00, 0xB0, 0xA1, 0x00, 0x00, 0x1B, 0xB1, 0x00, 0x10, 0x00
  .byte 0xAB, 0xBB, 0x10, 0x03, 0x0F, 0x00, 0x40, 0xAA, 0x03, 0xF3, 0x00, 0x00, 0x54, 0x43, 0x05, 0x00
  .byte 0x37, 0x00, 0x03, 0x53, 0x5A, 0x00, 0x3F, 0xAB, 0x00, 0x07, 0xAB, 0x0F, 0x30, 0x03, 0x10, 0x0F
  .byte 0xBF, 0x10, 0x53, 0xFE, 0x10, 0x03, 0x00, 0x17, 0xF0, 0x01, 0xF0, 0x01, 0xF0, 0x01, 0xA0, 0x01
  .byte 0x98, 0x00, 0xE3, 0x00, 0xF0, 0xF0, 0x16, 0x31, 0xE0, 0xFF, 0x68, 0x58, 0x00, 0xFF, 0xFC, 0x67
  .byte 0x66, 0x66, 0x15, 0x6F, 0x66, 0x28, 0x66, 0xF0, 0x00, 0x03, 0x80, 0x00, 0x0B, 0x90, 0x77, 0x66
  .byte 0x00, 0x76, 0x24, 0x78, 0x77, 0x77, 0x22, 0x79, 0x77, 0x00, 0x77, 0x7F, 0xF8, 0xFF, 0xCC, 0x77
  .byte 0x97, 0xFF, 0x00, 0x5F, 0xF1, 0x87, 0xFF, 0x35, 0xFF, 0x87, 0xCF, 0x00, 0x33, 0x77, 0x87, 0x3F
  .byte 0x23, 0x77, 0xF7, 0x3C, 0x00, 0x23, 0x77, 0xF8, 0x33, 0x22, 0x87, 0x3F, 0x33, 0x00, 0x22, 0xFF
  .byte 0x23, 0x22, 0x22, 0x3C, 0x22, 0x22, 0x3D, 0x22, 0x33, 0x00, 0xF3, 0x30, 0x06, 0x20, 0x07, 0x60
  .byte 0x01, 0x33, 0x00, 0xD3, 0x20, 0x33, 0x5F, 0x00, 0x03, 0x35, 0x05, 0x00, 0x33, 0x34, 0x00, 0x54
  .byte 0xE0, 0x33, 0x33, 0x53, 0xF5, 0x33, 0x33, 0x29, 0xF3, 0x5A, 0x00, 0x03, 0xAA, 0x00, 0x03, 0xBA
  .byte 0xBA, 0x00, 0x1F, 0xAD, 0x10, 0x03, 0xB4, 0x00, 0x03, 0xFF, 0x80, 0x03, 0x12, 0x18, 0xF4, 0xF0
  .byte 0xAF, 0xFC, 0xF0, 0x01, 0xF0, 0x01, 0xF1, 0xEF, 0x30, 0xFF, 0xF1, 0x03, 0x00, 0x01, 0x22, 0x82
  .byte 0x89, 0x00, 0xE7, 0x22, 0xFF, 0x5F, 0x00, 0xB6, 0x33, 0x2F, 0x00, 0xCB, 0x68, 0xF0, 0x00, 0xB3
  .byte 0x02, 0x0E, 0x32, 0x00, 0x03, 0x53, 0x90, 0x23, 0x01, 0x22, 0x53, 0x59, 0x33, 0x33, 0x22, 0x33
  .byte 0x00, 0x17, 0xFC, 0x10, 0xD8, 0x10, 0x01, 0x00, 0x0A, 0x90, 0x01, 0x50, 0xEB, 0x50, 0xFB, 0x33
  .byte 0x32, 0x88, 0x00, 0x47, 0x32, 0x33, 0x33, 0x20, 0x01, 0x43, 0x33, 0x33, 0x05, 0x34, 0x33, 0x33
  .byte 0x3F, 0x4F, 0x00, 0x08, 0xF4, 0x00, 0x0E, 0x80, 0x40, 0x03, 0x43, 0x54, 0x33, 0x33, 0x44, 0x0F
  .byte 0x33, 0x01, 0x43, 0x44, 0x05, 0x43, 0x44, 0xF4, 0x00, 0x00, 0xEA, 0xFD, 0xF0, 0x01, 0xF0, 0x01
  .byte 0xF0, 0x01, 0xF0, 0x01, 0xF0, 0x01, 0x70, 0x01, 0x90, 0x40, 0x03, 0x80, 0xE1, 0x03, 0x69, 0x49
  .byte 0x33, 0xF3, 0x76, 0x97, 0xF5, 0x38, 0x0F, 0x77, 0x02, 0x74, 0x12, 0x77, 0xD0, 0x01, 0x23, 0x99
  .byte 0x23, 0x00, 0x33, 0x9F, 0x66, 0x38, 0x53, 0x90, 0x76, 0xF8, 0x01, 0x4F, 0x90, 0x87, 0xFF, 0x44
  .byte 0xF0, 0xFF, 0x20, 0x26, 0xE0, 0x10, 0x4B, 0x20, 0x01, 0x00, 0xD0, 0x3F, 0x3F, 0x33, 0xF4, 0x44
  .byte 0x00, 0xF5, 0xFF, 0x4F, 0x44, 0x44, 0xF5, 0x5F, 0x55, 0x00, 0xFF, 0xF8, 0x00, 0xFF, 0x87, 0xF8
  .byte 0x00, 0x90, 0x30, 0x79, 0xF8, 0x00, 0x6C, 0x00, 0xDC, 0x44, 0x55, 0x0F, 0x00, 0x36, 0x44, 0x54
  .byte 0x00, 0x03, 0x03, 0x23, 0x55, 0x10, 0x63, 0x00, 0x17, 0x88, 0xBF, 0x00, 0x03, 0x89, 0x40, 0x1F
  .byte 0xF0, 0x01, 0xF0, 0x01, 0xF0, 0x01, 0xF0, 0x01, 0xF0, 0x01, 0xFF, 0xF0, 0x01, 0xF0, 0x01, 0xF0
  .byte 0x01, 0xF0, 0x01, 0xF0, 0x01, 0xF0, 0x01, 0xF0, 0x01, 0xF0, 0x01, 0xFF, 0xF0, 0x01, 0xF0, 0x01
  .byte 0xF0, 0x01, 0xF0, 0x01, 0xF0, 0x01, 0xF0, 0x01, 0xF0, 0x01, 0xF0, 0x01, 0xFF, 0xF0, 0x01, 0xF0
  .byte 0x01, 0xF0, 0x01, 0xF0, 0x01, 0xF0, 0x01, 0xF0, 0x01, 0xF0, 0x01, 0xF0, 0x01, 0xE0, 0xF0, 0x01
  .byte 0xF0, 0x01, 0xF0, 0x01

  .globl gMonPalette_Mareep
gMonPalette_Mareep:
  .incbin "build/graphics/pokemon/mareep/normal_palette.gbapal.lz"

  .globl gMonBackPic_Mareep
gMonBackPic_Mareep:
  .incbin "build/graphics/pokemon/mareep/back.4bpp.lz"

  .globl gMonShinyPalette_Mareep
gMonShinyPalette_Mareep:
  .incbin "build/graphics/pokemon/mareep/shiny_palette.gbapal.lz"

	.globl gMonIcon_Mareep
gMonIcon_Mareep: @ 0x08CAB7D0 [179]
  .incbin "build/graphics/pokemon/mareep/icon.4bpp"
  @ Replaced baserom.gba range: offset=0xCABBD0, size=0x320
  .byte 0x00, 0x00, 0x00, 0x00, 0x00, 0x00, 0x00, 0x80, 0x00, 0x00, 0x00, 0x00, 0x00, 0x00, 0x00, 0x02
  .byte 0xC0, 0xC0, 0x80, 0x00, 0x00, 0x00, 0x00, 0x00, 0x06, 0x07, 0x03, 0x00, 0x00, 0x00, 0x00, 0x00
  .byte 0x10, 0x00, 0x08, 0x00, 0x3F, 0x00, 0x00, 0xF0, 0x01, 0xF0, 0x01, 0xF0, 0x01, 0xF0, 0x01, 0xF0
  .byte 0x01, 0xF0, 0x01, 0xFF, 0xF0, 0x01, 0xF0, 0x01, 0xF0, 0x01, 0xF0, 0x01, 0xF0, 0x01, 0xF0, 0x01
  .byte 0xF0, 0x01, 0xF0, 0x01, 0xF8, 0xF0, 0x01, 0xF0, 0x01, 0xF0, 0x01, 0xF0, 0x01, 0x60, 0x01, 0x33
  .byte 0x00, 0x00, 0x00, 0x43, 0x14, 0x00, 0x30, 0x11, 0x42, 0x00, 0x14, 0x02, 0x12, 0x41, 0x00, 0x21
  .byte 0x11, 0x41, 0x60, 0x19, 0x44, 0x00, 0x44, 0x00, 0x44, 0x11, 0x21, 0x44, 0x11, 0x31, 0x00, 0x23
  .byte 0x22, 0x11, 0x23, 0x11, 0x11, 0x11, 0x13, 0x4A, 0x31, 0x00, 0x03, 0x11, 0x13, 0xD0, 0x40, 0x54
  .byte 0x00, 0x03, 0x32, 0x05, 0x05, 0x00, 0x00, 0x21, 0x53, 0x00, 0x03, 0x52, 0xF0, 0x60, 0xFF, 0xF0
  .byte 0x01, 0xF0, 0x01, 0xF0, 0x01, 0xF0, 0x01, 0xF0, 0x01, 0xF0, 0x01, 0xF0, 0x01, 0x20, 0x01, 0x60
  .byte 0xF0, 0x40, 0x03, 0x20, 0x01, 0x30, 0x31, 0x11, 0x42, 0x40, 0x00, 0x11, 0x43, 0x14, 0x40, 0x11
  .byte 0x11, 0x21, 0x4F, 0x00, 0x12, 0x11, 0x22, 0x62, 0x24, 0x22, 0x22, 0x79, 0x00, 0x49, 0x22, 0x52
  .byte 0x8F, 0xF8, 0x55, 0x85, 0xF0, 0x10, 0xF9, 0xF1, 0x66, 0x00, 0xEB, 0x13, 0x12, 0x31, 0x44, 0x28
  .byte 0x11, 0x12, 0x00, 0xF2, 0x24, 0x00, 0x23, 0x25, 0x22, 0x22, 0x00, 0x32, 0x48, 0x22, 0x22, 0x43
  .byte 0x76, 0x44, 0xF4, 0x00, 0xFF, 0x66, 0x18, 0x8F, 0xF9, 0x21, 0x42, 0x05, 0x01, 0x00, 0x21, 0x32
  .byte 0x53, 0x00, 0x22, 0x45, 0x00, 0x03, 0x00, 0xF5, 0x0F, 0x00, 0x42, 0x42, 0xFF, 0x00, 0x74, 0x00
  .byte 0xF8, 0xFF, 0x00, 0x8F, 0xF8, 0x0F, 0x00, 0x9F, 0x7F, 0xFF, 0xF0, 0x7C, 0xF0, 0x01, 0xF0, 0x01
  .byte 0xF0, 0x01, 0xF0, 0x01, 0xF0, 0x01, 0xF0, 0x01, 0xC0, 0xF0, 0x01, 0xF0, 0x01, 0x00, 0xFF, 0xFF
  .byte 0x66, 0x00, 0x30, 0x00, 0x79, 0x66, 0x00, 0x13, 0x79, 0x67, 0x40, 0x11, 0x00, 0x82, 0x77, 0x40
  .byte 0x15, 0x91, 0x77, 0x50, 0x11, 0x01, 0x21, 0x79, 0x14, 0x11, 0x11, 0x91, 0x15, 0x00, 0xF3, 0x00
  .byte 0x66, 0xF7, 0x8F, 0xA8, 0x66, 0x77, 0x87, 0xA8, 0x00, 0x76, 0x77, 0x87, 0x39, 0x77, 0x77, 0x88
  .byte 0x3A, 0x00, 0x78, 0x87, 0xA8, 0x33, 0x77, 0xA8, 0x3A, 0x33, 0x00, 0xAA, 0x33, 0x33, 0x22, 0x11
  .byte 0x22, 0x22, 0x22, 0x25, 0xFF, 0x44, 0x02, 0x34, 0x33, 0x05, 0x00, 0x03, 0x53, 0x00, 0x03, 0x00
  .byte 0x55, 0x00, 0x23, 0x32, 0x33, 0x04, 0x22, 0x22, 0x28, 0x33, 0x05, 0x00, 0x03, 0x0F, 0x10, 0x03
  .byte 0x00, 0x00, 0xC0, 0x00, 0xCC, 0x00, 0x00, 0x11, 0xBB, 0x00, 0xC0, 0x11, 0x0A, 0xCC, 0x00, 0xC0
  .byte 0xCB, 0x00, 0x03, 0x1B, 0x00, 0x0F, 0xBD, 0x06, 0xBB, 0x00, 0x00, 0xD0, 0xFD, 0x10, 0x7D, 0x10
  .byte 0x82, 0x0D, 0xAF, 0x00, 0x03, 0xDB, 0x00, 0x03, 0xFB, 0x40, 0x03, 0x00, 0x34, 0xF0, 0x01, 0xF0
  .byte 0x01, 0xF0, 0xF0, 0x01, 0xF0, 0x01, 0xF0, 0x01, 0xC0, 0x01, 0x15, 0x11, 0x21, 0x14, 0x00, 0x50
  .byte 0x22, 0x52, 0x11, 0x00, 0x55, 0x55, 0x11, 0x00, 0x00, 0x68, 0x98, 0x25, 0x80, 0x76, 0x87, 0x59
  .byte 0x00, 0x69, 0x77, 0xA9, 0x66, 0xA9, 0xFF, 0x7A, 0x66, 0x01, 0x00, 0x00, 0x69, 0x66, 0x11, 0x21
  .byte 0x22, 0x20, 0xE7, 0x00, 0x21, 0x52, 0x22, 0x32, 0x22, 0x85, 0x55, 0x55, 0x00, 0x55, 0x78, 0x89
  .byte 0x98, 0x66, 0x77, 0x79, 0x87, 0x11, 0x66, 0x76, 0x97, 0x00, 0x03, 0x77, 0xFF, 0x32, 0x01, 0xFB
  .byte 0x4A, 0x43, 0x00, 0xFF, 0x54, 0xFF, 0x01, 0xEF, 0x99, 0x00, 0x03, 0x88, 0x00, 0xA9, 0x00, 0x8F
  .byte 0x88, 0xF8, 0x00, 0x8A, 0x88, 0x02, 0x98, 0xFF, 0x88, 0x88, 0x88, 0x4F, 0x30, 0xE3, 0xA0, 0x00
  .byte 0xF9, 0x00, 0x00, 0x7A, 0xA8, 0x00, 0xA0, 0x9F, 0x00, 0xA8, 0x00, 0xFA, 0xF4, 0xA8, 0xAF, 0x78
  .byte 0xFF, 0x00, 0x0A, 0x9F, 0x77, 0xF9, 0x0A, 0x44, 0x89, 0xF8, 0xFF, 0xF0, 0x90, 0xF0, 0x01, 0xF0
  .byte 0x01, 0xF0, 0x01, 0xF0, 0x01, 0xF0, 0x01, 0xF0, 0x01, 0x10, 0x01, 0x04, 0x80, 0x67, 0x66, 0x00
  .byte 0x90, 0x00, 0x03, 0xA0, 0x77, 0x80, 0x10, 0x03, 0x77, 0x00, 0xA0, 0x78, 0x77, 0x00, 0x00, 0x52
  .byte 0x79, 0x00, 0x03, 0x8A, 0x00, 0x03, 0xA0, 0x78, 0x00, 0xE3, 0xA7, 0x08, 0x66, 0x77, 0x77, 0x7A
  .byte 0x00, 0x06, 0x77, 0x77, 0x77, 0x2A, 0xA7, 0x44, 0x00, 0x03, 0x21, 0x00, 0x03, 0x11, 0x02, 0x0B
  .byte 0x7F, 0x00, 0x97, 0x88, 0x88, 0xF8, 0xAA, 0x89, 0x88, 0x49, 0x00, 0x77, 0x98, 0x88, 0xF9, 0x87
  .byte 0x88, 0x88, 0xF9, 0x90, 0x00, 0xEF, 0xF9, 0x84, 0x00, 0x03, 0x92, 0x88, 0x98, 0x0F, 0x00, 0x88
  .byte 0x88, 0x99, 0x0F, 0x87, 0xF8, 0xF9, 0x00, 0x1F, 0xF4, 0x8F, 0x0F, 0x02, 0x62, 0x01, 0x04, 0x01
  .byte 0xD4, 0xF3, 0x0E, 0xF0, 0x01, 0xFF, 0xF0, 0x01, 0xF0, 0x01, 0xF0, 0x01, 0xF0, 0x01, 0xF0, 0x01
  .byte 0xF0, 0x01, 0x44, 0x0E, 0x00, 0xE7, 0x2A, 0x00, 0x7F, 0x44, 0x13, 0x40, 0x00, 0x03, 0x14, 0x00
  .byte 0x03, 0xF4, 0x80, 0x50, 0x1D, 0x77, 0xAA, 0xFF, 0xFF, 0x87, 0x98, 0xF9, 0x00, 0x00, 0xAF, 0x88
  .byte 0xF9, 0x00, 0x79, 0x97, 0x0F, 0x35, 0x00, 0x21, 0x10, 0xCB, 0x80, 0x3D, 0x7F, 0x03, 0xE7, 0xF0
  .byte 0xF2, 0xB0, 0xFF, 0xF0, 0x01, 0xF0, 0x01, 0xF0, 0x01, 0xF0, 0x01, 0xF0, 0x01, 0xF0, 0x01, 0xF0
  .byte 0x01, 0xF0, 0x01, 0xFF, 0xF0, 0x01, 0xF0, 0x01, 0xF0, 0x01, 0xF0, 0x01, 0xF0, 0x01, 0xF0, 0x01
  .byte 0xF0, 0x01, 0xF0, 0x01, 0xF0, 0xF0, 0x01, 0xF0, 0x01, 0xF0, 0x01, 0xF0, 0x01, 0x00, 0x00, 0x00

  .globl gMonPalette_Flaaffy
gMonPalette_Flaaffy:
  .incbin "build/graphics/pokemon/flaaffy/normal_palette.gbapal.lz"

  .globl gMonBackPic_Flaaffy
gMonBackPic_Flaaffy:
  .incbin "build/graphics/pokemon/flaaffy/back.4bpp.lz"

  .globl gMonShinyPalette_Flaaffy
gMonShinyPalette_Flaaffy:
  .incbin "build/graphics/pokemon/flaaffy/shiny_palette.gbapal.lz"

	.globl gMonIcon_Flaaffy
gMonIcon_Flaaffy: @ 0x08CAC25C [180]
  .incbin "build/graphics/pokemon/flaaffy/icon.4bpp"
  @ Replaced baserom.gba range: offset=0xCAC65C, size=0x37C
  .byte 0x00, 0x00, 0x00, 0x00, 0x00, 0x00, 0x80, 0x80, 0x00, 0x00, 0x00, 0x00, 0x00, 0x00, 0x01, 0x01
  .byte 0xC0, 0xC0, 0xC0, 0xC0, 0x80, 0x00, 0x00, 0x00, 0x03, 0x03, 0x03, 0x03, 0x01, 0x00, 0x00, 0x00
  .byte 0x10, 0x00, 0x08, 0x00, 0x35, 0x00, 0x00, 0xF0, 0x01, 0x40, 0x01, 0xA0, 0x00, 0x03, 0x80, 0xF0
  .byte 0x16, 0x80, 0x30, 0x01, 0xAA, 0x05, 0x00, 0x40, 0x59, 0x33, 0x05, 0x60, 0xDD, 0xF0, 0x19, 0x30
  .byte 0x01, 0x54, 0x55, 0x00, 0x00, 0x22, 0x31, 0x33, 0x54, 0xF0, 0x18, 0x80, 0x01, 0xA4, 0xAA, 0x0A
  .byte 0xF0, 0x14, 0xFE, 0xF0, 0x01, 0xF0, 0x01, 0xF0, 0x01, 0xF0, 0x01, 0xF0, 0x01, 0xF0, 0x01, 0x70
  .byte 0xE7, 0x90, 0xC0, 0xF0, 0x16, 0x30, 0x01, 0x28, 0xA4, 0xCA, 0xCC, 0x22, 0xAA, 0x00, 0xCD, 0xC1
  .byte 0x43, 0x5A, 0xBD, 0xCC, 0xA4, 0x3A, 0x00, 0xD3, 0xBB, 0x50, 0x25, 0x32, 0xDD, 0x00, 0x23, 0x01
  .byte 0x22, 0x22, 0x00, 0x22, 0x22, 0x22, 0x40, 0x00, 0x03, 0x00, 0x2D, 0x22, 0x33, 0xAA, 0xDB, 0x22
  .byte 0x42, 0x9A, 0x00, 0xDB, 0x22, 0x22, 0x8A, 0x4D, 0x22, 0x22, 0xA5, 0x00, 0x34, 0x22, 0x32, 0xA3
  .byte 0x22, 0x22, 0x33, 0x43, 0xA0, 0x00, 0x03, 0x54, 0x10, 0x07, 0x42, 0xA8, 0x0A, 0x00, 0x22, 0x00
  .byte 0xA9, 0x0A, 0x00, 0x35, 0xA4, 0x00, 0x00, 0x5A, 0xCF, 0x01, 0x13, 0x01, 0x37, 0x00, 0xAA, 0x00
  .byte 0x57, 0x10, 0xF9, 0xF0, 0xFD, 0xF0, 0x01, 0xF3, 0xF0, 0x01, 0xF0, 0x01, 0xF0, 0x01, 0x40, 0x01
  .byte 0xCC, 0x0C, 0xF0, 0x13, 0xF0, 0x01, 0xC8, 0xF0, 0x01, 0x80, 0x01, 0x40, 0xA1, 0x00, 0xE7, 0xAA
  .byte 0x22, 0x22, 0x70, 0x50, 0x00, 0xEB, 0x10, 0x03, 0x20, 0xFB, 0x35, 0x22, 0x32, 0x00, 0x00, 0x30
  .byte 0x33, 0x33, 0x00, 0x50, 0x33, 0x33, 0x22, 0x41, 0xA1, 0x00, 0xEB, 0xAA, 0x33, 0x53, 0x22, 0x32
  .byte 0x00, 0xEF, 0x00, 0x33, 0x34, 0x4A, 0x32, 0x33, 0xA5, 0x34, 0x33, 0x00, 0x43, 0x4A, 0x22, 0x33
  .byte 0xA4, 0x00, 0x35, 0x44, 0x1E, 0x0A, 0x00, 0x50, 0x10, 0xE3, 0x12, 0x05, 0x10, 0x03, 0x00, 0x0F
  .byte 0x00, 0x50, 0x44, 0x00, 0xFC, 0x92, 0x01, 0xF7, 0x98, 0xAA, 0xA4, 0x00, 0x3C, 0x8A, 0x39, 0xF2
  .byte 0x00, 0xF0, 0x01, 0xF0, 0x01, 0x90, 0x01, 0x10, 0xC1, 0x00, 0xDB, 0x00, 0x1C, 0xC1, 0xBC, 0x0D
  .byte 0xBC, 0xCC, 0x80, 0x30, 0x03, 0xD0, 0xBB, 0xDB, 0x00, 0x00, 0xEE, 0xAE, 0xBF, 0x00, 0x57, 0xA0
  .byte 0x11, 0x66, 0x10, 0x03, 0xF0, 0x01, 0x40, 0x01, 0xF0, 0x7C, 0xF0, 0x01, 0x01, 0x00, 0x00, 0x45
  .byte 0x44, 0x00, 0x00, 0x50, 0x01, 0xB9, 0xD8, 0xF0, 0x01, 0x10, 0x01, 0xA5, 0xF0, 0x12, 0xA0, 0x01
  .byte 0x25, 0xA2, 0xAA, 0x02, 0xA4, 0xA0, 0x98, 0x3A, 0xAA, 0xA0, 0x00, 0x08, 0x00, 0x00, 0x9A, 0xA8
  .byte 0x3A, 0x00, 0xAA, 0x99, 0x22, 0x00, 0x41, 0x25, 0x01, 0x43, 0x25, 0x11, 0x11, 0x00, 0x15, 0x00
  .byte 0x03, 0xA8, 0x40, 0x87, 0x53, 0x00, 0x03, 0x33, 0x00, 0x65, 0x33, 0x43, 0x55, 0x90, 0x02, 0x5A
  .byte 0x42, 0x55, 0x01, 0x6A, 0x22, 0x11, 0x22, 0x23, 0x44, 0x22, 0xF0, 0x51, 0x00, 0x00, 0x55, 0x00
  .byte 0x91, 0x22, 0x32, 0x36, 0x55, 0x04, 0x02, 0x5F, 0x10, 0x36, 0x9A, 0x42, 0xC3, 0x10, 0x03, 0x50
  .byte 0xAD, 0x80, 0x03, 0xA0, 0x02, 0x6A, 0xA0, 0x10, 0x5B, 0x11, 0x04, 0xA9, 0x40, 0x63, 0x7F, 0x43
  .byte 0x00, 0x14, 0x10, 0x03, 0x02, 0x92, 0x20, 0x03, 0xF0, 0x01, 0xF0, 0x01, 0xF0, 0x01, 0xED, 0xF0
  .byte 0x01, 0x12, 0x2A, 0x00, 0x03, 0x24, 0x00, 0x06, 0x00, 0xB3, 0x25, 0x10, 0x03, 0x40, 0x32, 0x00
  .byte 0x86, 0xA5, 0x50, 0x19, 0x11, 0x11, 0x25, 0xA0, 0x00, 0x03, 0x22, 0x50, 0x03, 0x13, 0x11, 0x11
  .byte 0x32, 0x84, 0x00, 0x11, 0x11, 0x43, 0x9A, 0x11, 0x11, 0xAA, 0x90, 0x20, 0x11, 0x11, 0x00, 0x1D
  .byte 0x22, 0x11, 0x11, 0x52, 0x34, 0xAB, 0x00, 0x08, 0x55, 0x00, 0x03, 0x41, 0x00, 0x03, 0x21, 0x10
  .byte 0x15, 0x50, 0x01, 0x80, 0x02, 0x57, 0x43, 0x33, 0x33, 0x33, 0xA4, 0x34, 0x33, 0x02, 0xA4, 0x0A
  .byte 0xA5, 0xAA, 0x5A, 0x05, 0x00, 0x0E, 0xA5, 0x27, 0x22, 0x33, 0x23, 0x5F, 0x33, 0x37, 0x00, 0x04
  .byte 0x11, 0xE8, 0x00, 0x77, 0x50, 0x4A, 0x30, 0x03, 0xA0, 0x01, 0x0B, 0xAA, 0xA9, 0x0A, 0x50, 0x00
  .byte 0x53, 0xAA, 0x54, 0x3A, 0x33, 0xA3, 0x43, 0x35, 0x2A, 0x33, 0x44, 0x10, 0xE3, 0x53, 0x00, 0x03
  .byte 0x43, 0x00, 0x03, 0x45, 0xBF, 0x00, 0x03, 0x5A, 0x41, 0x0F, 0x53, 0x83, 0xF0, 0x01, 0xF0, 0x01
  .byte 0xF0, 0x01, 0xF0, 0x01, 0xD8, 0xF0, 0x01, 0x50, 0x01, 0x18, 0x01, 0xE3, 0x10, 0x03, 0x19, 0x11
  .byte 0x00, 0x20, 0x50, 0x84, 0x00, 0x03, 0x92, 0x17, 0x00, 0x50, 0x42, 0x0A, 0x79, 0x00, 0x50, 0x22
  .byte 0x10, 0x03, 0xA2, 0x40, 0xE6, 0x71, 0xA6, 0x40, 0x03, 0x77, 0x30, 0x03, 0x77, 0x77, 0x50, 0x01
  .byte 0x03, 0x6E, 0x32, 0x94, 0x00, 0x03, 0x22, 0x24, 0x80, 0x03, 0x48, 0x00, 0x13, 0x47, 0x23, 0x08
  .byte 0x22, 0x33, 0x77, 0x35, 0x01, 0x19, 0x45, 0x43, 0x54, 0x00, 0x33, 0xA4, 0x44, 0x54, 0x33, 0x54
  .byte 0x4A, 0xA5, 0x00, 0x33, 0x54, 0x5A, 0x0A, 0x33, 0x54, 0xA5, 0x00, 0x80, 0x20, 0x03, 0x44, 0x54
  .byte 0x0A, 0x43, 0x44, 0x44, 0xA5, 0xFF, 0xF0, 0xE3, 0xF0, 0x01, 0xF0, 0x01, 0xF0, 0x01, 0xF0, 0x01
  .byte 0xF0, 0x01, 0xF0, 0x01, 0x10, 0x01, 0x5C, 0x24, 0x42, 0x0F, 0x50, 0x12, 0xCB, 0x93, 0x2E, 0x02
  .byte 0x2F, 0x50, 0x22, 0x50, 0x8A, 0x00, 0xE3, 0xA2, 0x00, 0x04, 0x22, 0xA4, 0x8A, 0x88, 0x00, 0x22
  .byte 0x22, 0xA3, 0xAA, 0x55, 0x22, 0x32, 0x54, 0x00, 0x35, 0x22, 0x33, 0xA5, 0x22, 0x32, 0x43, 0x0A
  .byte 0x80, 0x14, 0x44, 0x77, 0x58, 0x33, 0x33, 0x88, 0x88, 0x45, 0x03, 0x44, 0x88, 0x88, 0xA8, 0xAA
  .byte 0xAA, 0x04, 0x2E, 0x02, 0xBA, 0x80, 0xA0, 0x01, 0x44, 0x45, 0x44, 0x54, 0x54, 0x45, 0x44, 0x36
  .byte 0x44, 0xAA, 0x00, 0x03, 0x03, 0xAA, 0x44, 0x04, 0x75, 0x00, 0x03, 0x74, 0x07, 0x97, 0x00, 0x50
  .byte 0x73, 0xA7, 0x01, 0xE5, 0x20, 0xFE, 0x10, 0x33, 0xFF, 0x55, 0x6F, 0xF5, 0x77, 0xF0, 0x01, 0xF0
  .byte 0x01, 0xF0, 0x01, 0xF0, 0x01, 0xF0, 0x01, 0x30, 0x01, 0x2E, 0x15, 0x21, 0x00, 0x03, 0x38, 0x13
  .byte 0x0B, 0xF0, 0x1B, 0x13, 0xEF, 0x05, 0x3F, 0x00, 0x33, 0x00, 0x19, 0xF4, 0xA8, 0xF0, 0x01, 0xF0
  .byte 0x01, 0xF0, 0x01, 0xF0, 0x01, 0xC0, 0xF0, 0x01, 0x90, 0x01, 0x00, 0x00

  .globl gMonPalette_Ampharos
gMonPalette_Ampharos:
  .incbin "build/graphics/pokemon/ampharos/normal_palette.gbapal.lz"

  .globl gMonBackPic_Ampharos
gMonBackPic_Ampharos:
  .incbin "build/graphics/pokemon/ampharos/back.4bpp.lz"

  .globl gMonShinyPalette_Ampharos
gMonShinyPalette_Ampharos:
  .incbin "build/graphics/pokemon/ampharos/shiny_palette.gbapal.lz"

	.globl gMonIcon_Ampharos
gMonIcon_Ampharos: @ 0x08CACDA0 [181]
  .incbin "build/graphics/pokemon/ampharos/icon.4bpp"
  @ Replaced baserom.gba range: offset=0xCAD1A0, size=0x290
  .byte 0x00, 0x00, 0x80, 0xC0, 0xE0, 0xE0, 0xF0, 0xF0, 0x00, 0x00, 0x01, 0x03, 0x07, 0x07, 0x0F, 0x0F
  .byte 0xF0, 0xF0, 0xF0, 0xF0, 0xE0, 0xE0, 0xC0, 0x00, 0x0F, 0x0F, 0x0F, 0x0F, 0x07, 0x07, 0x03, 0x00
  .byte 0x10, 0x00, 0x08, 0x00, 0x3F, 0x00, 0x00, 0xF0, 0x01, 0xF0, 0x01, 0xF0, 0x01, 0xF0, 0x01, 0xF0
  .byte 0x01, 0xF0, 0x01, 0xFF, 0xF0, 0x01, 0xF0, 0x01, 0xF0, 0x01, 0xF0, 0x01, 0xF0, 0x01, 0xF0, 0x01
  .byte 0xF0, 0x01, 0xF0, 0x01, 0xFE, 0xF0, 0x01, 0xF0, 0x01, 0xF0, 0x01, 0xF0, 0x01, 0xF0, 0x01, 0xF0
  .byte 0x01, 0xF0, 0x01, 0xCC, 0x7F, 0xDC, 0xF0, 0x13, 0xF0, 0x01, 0xF0, 0x01, 0xF0, 0x01, 0xF0, 0x01
  .byte 0xF0, 0x01, 0xF0, 0x01, 0xF6, 0xF0, 0x01, 0xF0, 0x01, 0xF0, 0x01, 0xE0, 0x01, 0xC0, 0x00, 0x03
  .byte 0x00, 0xC9, 0xC0, 0x09, 0xCB, 0x00, 0x00, 0xBC, 0x40, 0x03, 0xD0, 0xDD, 0x00, 0x07, 0x40, 0xCC
  .byte 0x10, 0x0B, 0xBB, 0xCB, 0xDD, 0x00, 0xBB, 0xDB, 0x00, 0xCC, 0x0F, 0xBD, 0xCD, 0xCC, 0x0F, 0x56
  .byte 0xC6, 0x00, 0xCC, 0x4F, 0xF5, 0xF6, 0xFD, 0x34, 0x66, 0xCF, 0x08, 0xCC, 0x3F, 0xDC, 0xBC, 0x00
  .byte 0x03, 0xBB, 0xFB, 0x33, 0x08, 0x00, 0xC0, 0xDD, 0x0D, 0x00, 0x2A, 0xDC, 0xC0, 0xBB, 0x00, 0xCC
  .byte 0xDC, 0xF4, 0xBC, 0xCB, 0xDD, 0xCD, 0xDF, 0x00, 0x5C, 0xD5, 0xBD, 0xCB, 0x5D, 0x77, 0xBD, 0xCB
  .byte 0x02, 0x6C, 0x7F, 0xC3, 0xBB, 0x7C, 0x66, 0x50, 0x64, 0xFD, 0xAB, 0x11, 0x2F, 0x0F, 0x70, 0x03
  .byte 0xDD, 0x10, 0x07, 0xFC, 0xF0, 0x8C, 0xF0, 0x01, 0xFD, 0xF0, 0x01, 0xF0, 0x01, 0xF0, 0x01, 0xF0
  .byte 0x01, 0xF0, 0x01, 0x40, 0xFE, 0xBB, 0x40, 0x9E, 0x80, 0xF0, 0x01, 0x00, 0x00, 0x40, 0xDC, 0xDC
  .byte 0x3D, 0x22, 0x00, 0x4F, 0x14, 0x2F, 0x22, 0x34, 0xF2, 0x2F, 0x22, 0x00, 0x3F, 0xBB, 0xD2, 0xDD
  .byte 0x40, 0x23, 0x22, 0xDB, 0x00, 0xF0, 0x24, 0x22, 0x22, 0x44, 0x3F, 0x22, 0x22, 0x00, 0x22, 0x43
  .byte 0x33, 0x33, 0xF2, 0xBC, 0xDC, 0xCB, 0x00, 0x12, 0xFF, 0xBD, 0xCB, 0xF2, 0x4F, 0xBF, 0xCC, 0x00
  .byte 0x22, 0xBB, 0xD4, 0xDD, 0x22, 0x33, 0xF4, 0x0F, 0x00, 0x22, 0x43, 0xF4, 0x00, 0x32, 0x43, 0x0F
  .byte 0x00, 0x05, 0x33, 0x44, 0x0F, 0x00, 0xCD, 0x00, 0xE3, 0xDC, 0x10, 0x03, 0xFF, 0x00, 0xEF, 0x00
  .byte 0x02, 0xF0, 0x01, 0xF0, 0x01, 0xF0, 0x01, 0xF0, 0x01, 0xF0, 0x01, 0xF0, 0x01, 0xF0, 0xF0, 0x01
  .byte 0xF0, 0x01, 0x20, 0xE3, 0x40, 0x07, 0x67, 0x00, 0x00, 0x70, 0x00, 0x55, 0x00, 0x00, 0x60, 0x65
  .byte 0x00, 0x00, 0x57, 0x50, 0xA5, 0x00, 0x03, 0xA6, 0x00, 0x03, 0x8A, 0x22, 0xF3, 0x33, 0x00, 0x33
  .byte 0x4F, 0x33, 0x33, 0x33, 0xF6, 0x4F, 0x33, 0x00, 0x43, 0xF6, 0xFF, 0x3F, 0x44, 0x9A, 0x98, 0xFA
  .byte 0x04, 0xF4, 0x88, 0x98, 0x99, 0x8F, 0x50, 0x03, 0x43, 0xFF, 0x00, 0xFF, 0x00, 0x33, 0x33, 0x44
  .byte 0xFF, 0xF4, 0x4F, 0x00, 0x44, 0x7F, 0x9F, 0xFA, 0xFF, 0x6F, 0x88, 0x99, 0x22, 0xF9, 0x66, 0x00
  .byte 0x17, 0x6F, 0x88, 0x88, 0x20, 0x03, 0xF9, 0xD0, 0x50, 0x64, 0x10, 0xFB, 0xF7, 0x00, 0x03, 0x76
  .byte 0x07, 0x00, 0x00, 0x4F, 0x66, 0x00, 0x0C, 0x66, 0xF6, 0x00, 0x03, 0x10, 0x08, 0xF0, 0x01, 0xF0
  .byte 0x01, 0xFC, 0xF0, 0x01, 0xF0, 0x01, 0xF0, 0x01, 0xF0, 0x01, 0xF0, 0x01, 0x00, 0x01, 0x56, 0x8A
  .byte 0x88, 0x20, 0x03, 0x70, 0x55, 0x8F, 0x00, 0x03, 0x9F, 0x00, 0x57, 0x00, 0x65, 0xAF, 0x70, 0x55
  .byte 0xF6, 0xFA, 0x70, 0xF7, 0x2A, 0xFF, 0xAA, 0x00, 0x1C, 0xAF, 0x00, 0xCB, 0x9F, 0x00, 0xC6, 0xF6
  .byte 0xA4, 0x00, 0x03, 0x65, 0x00, 0xD6, 0x55, 0x99, 0x10, 0x03, 0xF9, 0xFA, 0x00, 0x55, 0x9F, 0xF9
  .byte 0xAA, 0x56, 0xFF, 0xF9, 0xAF, 0x9C, 0x00, 0xE3, 0x98, 0xF9, 0x10, 0x03, 0x01, 0x0C, 0x00, 0x24
  .byte 0x98, 0xF9, 0x00, 0x75, 0x9F, 0x98, 0xF8, 0x65, 0xFF, 0x8F, 0xF9, 0x10, 0x65, 0xAF, 0xFA, 0x00
  .byte 0x07, 0xFA, 0xFF, 0x66, 0x66, 0x00, 0x76, 0xF7, 0x67, 0x66, 0x66, 0xF7, 0x7F, 0x77, 0x01, 0x77
  .byte 0x0F, 0xFA, 0xFF, 0x0F, 0x00, 0xAA, 0x00, 0xF2, 0xFF, 0x10, 0x03, 0x00, 0x0A, 0xF0, 0x8A, 0xF0
  .byte 0x01, 0xF0, 0x01, 0xF0, 0x01, 0xF0, 0x01, 0xF0, 0x01, 0xD8, 0xF0, 0x01, 0x70, 0x01, 0xF0, 0xF0
  .byte 0x12, 0x70, 0x01, 0x0F, 0xFF, 0xF0, 0xC1, 0xF0, 0x1F, 0x80, 0x01, 0x7F, 0x0F, 0xFF, 0x00, 0xF0
  .byte 0xF0, 0xCB, 0xFF, 0xF0, 0x01, 0xF0, 0x01, 0xF0, 0x01, 0xF0, 0x01, 0xF0, 0x01, 0xF0, 0x01, 0xF0
  .byte 0x01, 0xF0, 0x01, 0xFF, 0xF0, 0x01, 0xF0, 0x01, 0xF0, 0x01, 0xF0, 0x01, 0xF0, 0x01, 0xF0, 0x01
  .byte 0xF0, 0x01, 0xF0, 0x01, 0xF0, 0xF0, 0x01, 0xF0, 0x01, 0xF0, 0x01, 0xF0, 0x01, 0x00, 0x00, 0x00

  .globl gMonPalette_Bellossom
gMonPalette_Bellossom:
  .incbin "build/graphics/pokemon/bellossom/normal_palette.gbapal.lz"

  .globl gMonBackPic_Bellossom
gMonBackPic_Bellossom:
  .incbin "build/graphics/pokemon/bellossom/back.4bpp.lz"

  .globl gMonShinyPalette_Bellossom
gMonShinyPalette_Bellossom:
  .incbin "build/graphics/pokemon/bellossom/shiny_palette.gbapal.lz"

	.globl gMonIcon_Bellossom
gMonIcon_Bellossom: @ 0x08CAD7A4 [182]
  .incbin "build/graphics/pokemon/bellossom/icon.4bpp"
  @ Replaced baserom.gba range: offset=0xCADBA4, size=0x2E4
  .byte 0x00, 0x00, 0x00, 0x00, 0x00, 0x00, 0x00, 0x00, 0x00, 0x00, 0x00, 0x00, 0x00, 0x00, 0x00, 0x00
  .byte 0x00, 0x00, 0x00, 0x00, 0x00, 0x00, 0x00, 0x00, 0x00, 0x00, 0x00, 0x00, 0x00, 0x00, 0x00, 0x00
  .byte 0x10, 0x00, 0x08, 0x00, 0x3F, 0x00, 0x00, 0xF0, 0x01, 0xF0, 0x01, 0xF0, 0x01, 0xF0, 0x01, 0xF0
  .byte 0x01, 0xF0, 0x01, 0xFF, 0xF0, 0x01, 0xF0, 0x01, 0xF0, 0x01, 0xF0, 0x01, 0xF0, 0x01, 0xF0, 0x01
  .byte 0xF0, 0x01, 0xF0, 0x01, 0xFF, 0xF0, 0x01, 0xF0, 0x01, 0xF0, 0x01, 0xF0, 0x01, 0xF0, 0x01, 0xF0
  .byte 0x01, 0xF0, 0x01, 0xF0, 0x01, 0x9F, 0xD0, 0x01, 0x50, 0x95, 0xF0, 0x13, 0xF0, 0x01, 0xF0, 0x01
  .byte 0xF0, 0x01, 0xF0, 0x01, 0xF0, 0xF0, 0x01, 0xF0, 0x01, 0xF0, 0x01, 0xF0, 0x01, 0xA0, 0xAA, 0x00
  .byte 0x00, 0x04, 0x6A, 0x66, 0x00, 0xA0, 0x66, 0x00, 0x03, 0xE7, 0xAE, 0x00, 0x00, 0x7A, 0xEE, 0xEE
  .byte 0x00, 0x7A, 0xDE, 0xEE, 0x03, 0x00, 0xAA, 0xDD, 0xED, 0x00, 0xE0, 0x00, 0x03, 0x00, 0x21, 0x40
  .byte 0x5A, 0x00, 0x03, 0x76, 0x05, 0x00, 0x00, 0x77, 0x0A, 0x08, 0x00, 0x00, 0x7A, 0xA7, 0x00, 0x03
  .byte 0x57, 0xAA, 0xAA, 0x02, 0xAE, 0x79, 0x66, 0x66, 0x69, 0x66, 0x00, 0x33, 0x80, 0x20, 0x68, 0x76
  .byte 0x00, 0x3E, 0x66, 0x00, 0x6A, 0xA6, 0xEE, 0x00, 0xA0, 0x77, 0xEE, 0xEE, 0xA0, 0xA7, 0xEE, 0xDE
  .byte 0x00, 0x9A, 0xA7, 0xEE, 0xDD, 0x76, 0x99, 0xDE, 0xDD, 0x08, 0x66, 0x77, 0xE9, 0xDD, 0x50, 0x3B
  .byte 0xAE, 0x09, 0x00, 0x02, 0x00, 0xEE, 0x9A, 0x00, 0x00, 0xED, 0x00, 0x03, 0xDD, 0x00, 0x5E, 0x00
  .byte 0x8A, 0xDD, 0x5E, 0xA0, 0x67, 0xDD, 0x14, 0x05, 0x80, 0x66, 0xD0, 0x8D, 0x9A, 0x00, 0x27, 0x77
  .byte 0x87, 0x01, 0x09, 0x00, 0x76, 0x77, 0x98, 0x00, 0x66, 0x00, 0x03, 0xFC, 0xF0, 0xAF, 0xF0, 0x01
  .byte 0xF0, 0x01, 0xF0, 0x01, 0xF0, 0x01, 0x40, 0x01, 0xE0, 0xDD, 0x05, 0xAD, 0x00, 0x00, 0xDE, 0x6A
  .byte 0x00, 0x08, 0x57, 0x01, 0x0B, 0xA0, 0x00, 0x03, 0x79, 0x10, 0xE1, 0x77, 0x00, 0xA0, 0x77, 0x77
  .byte 0x0A, 0xA0, 0x7A, 0x77, 0x77, 0x00, 0xE2, 0x66, 0x00, 0xEA, 0x66, 0x01, 0x51, 0x66, 0x66, 0x77
  .byte 0xA5, 0x77, 0x79, 0x00, 0x01, 0x05, 0x77, 0x77, 0x77, 0xEA, 0xEE, 0x00, 0x19, 0xED, 0x10, 0x09
  .byte 0x00, 0x77, 0x66, 0x77, 0x77, 0xDE, 0x97, 0x77, 0x77, 0x02, 0x97, 0x15, 0x75, 0x77, 0x77, 0x55
  .byte 0x00, 0x03, 0x97, 0xE0, 0x00, 0x19, 0x40, 0x01, 0x10, 0x09, 0xA7, 0xDD, 0x09, 0x7A, 0x66, 0x00
  .byte 0x9D, 0x00, 0x89, 0x67, 0x05, 0x00, 0x89, 0x78, 0x00, 0x05, 0x00, 0x80, 0x88, 0x57, 0x00, 0x50
  .byte 0x8A, 0x94, 0x00, 0x64, 0xA5, 0xA7, 0x01, 0x13, 0xA9, 0x00, 0x03, 0x66, 0x77, 0x00, 0xA8, 0x09
  .byte 0x76, 0x77, 0xA8, 0x05, 0x77, 0x87, 0x00, 0xA8, 0x05, 0x88, 0x88, 0x98, 0x00, 0x88, 0x88, 0x00
  .byte 0x5A, 0x00, 0xAA, 0x9A, 0x55, 0x00, 0x55, 0x05, 0x4F, 0x40, 0x00, 0x1D, 0x00, 0x54, 0xF0, 0xB0
  .byte 0xF0, 0x01, 0xF0, 0x01, 0xA0, 0x01, 0x56, 0x90, 0x00, 0x03, 0x69, 0x40, 0x03, 0x50, 0xD0, 0x1C
  .byte 0x10, 0xCF, 0x76, 0xA0, 0x10, 0x03, 0x97, 0x00, 0xCA, 0x75, 0x67, 0x11, 0x55, 0x79, 0x10, 0x16
  .byte 0x11, 0x00, 0x10, 0x03, 0xA0, 0x12, 0x11, 0x00, 0x00, 0x40, 0x22, 0x11, 0x77, 0x67, 0x66, 0x76
  .byte 0x66, 0x38, 0x11, 0x11, 0xF0, 0x01, 0x40, 0x01, 0x41, 0x03, 0x77, 0x11, 0x66, 0x00, 0x97, 0x77
  .byte 0x11, 0x11, 0x76, 0xA5, 0x11, 0x11, 0x02, 0x61, 0xAA, 0x11, 0x11, 0x21, 0xA7, 0x30, 0x03, 0x22
  .byte 0x03, 0x72, 0xA7, 0x59, 0x00, 0x00, 0x67, 0x02, 0x00, 0x10, 0x03, 0x40, 0x77, 0x00, 0xF4, 0x55
  .byte 0x55, 0x00, 0x00, 0xAA, 0x5A, 0x0E, 0x00, 0x50, 0xAA, 0x05, 0x20, 0x03, 0x00, 0x0D, 0x00, 0xE7
  .byte 0x50, 0xC4, 0x00, 0x06, 0x10, 0x0A, 0x00, 0x50, 0x05, 0x00, 0x05, 0x55, 0x54, 0x07, 0x00, 0x54
  .byte 0x05, 0x55, 0x05, 0x10, 0x16, 0x11, 0x02, 0xF0, 0x01, 0xF8, 0xF0, 0x01, 0xF0, 0x01, 0xF0, 0x01
  .byte 0xF0, 0x01, 0x30, 0x01, 0x23, 0x12, 0x00, 0x19, 0x00, 0x24, 0x22, 0x00, 0x87, 0x00, 0x03, 0x00
  .byte 0x24, 0x31, 0x23, 0x20, 0x90, 0xA9, 0x01, 0x2E, 0x76, 0x00, 0x00, 0x89, 0x88, 0xA5, 0x10, 0xE3
  .byte 0x12, 0x00, 0x03, 0x22, 0x22, 0x30, 0x01, 0x24, 0x00, 0x03, 0x41, 0x4A, 0x00, 0x04, 0xA8, 0x5A
  .byte 0x55, 0x55, 0x58, 0x00, 0x9E, 0x0D, 0x11, 0x21, 0x22, 0x72, 0x00, 0x12, 0x10, 0x03, 0xA7, 0x00
  .byte 0x03, 0x00, 0x5A, 0x22, 0x22, 0x52, 0x05, 0x22, 0x44, 0x95, 0x10, 0x00, 0x55, 0xAA, 0x00, 0xDD
  .byte 0x85, 0x66, 0x57, 0x5A, 0x00, 0x05, 0x00, 0x54, 0x5A, 0x55, 0x50, 0x05, 0x05, 0xEF, 0x20, 0xCC
  .byte 0x10, 0xE3, 0xC0, 0x01, 0x45, 0x00, 0x16, 0xE1, 0x95, 0xF0, 0x01, 0xF0, 0x01, 0xF7, 0xF0, 0x01
  .byte 0xF0, 0x01, 0xF0, 0x01, 0xF0, 0x01, 0x90, 0xF0, 0x94, 0x80, 0x01, 0xF1, 0x81, 0x8F, 0xC0, 0x01
  .byte 0x85, 0x88, 0x58, 0xF1, 0xA8, 0xF0, 0x01, 0xF0, 0x01, 0xF0, 0x01, 0xFF, 0xF0, 0x01, 0xF0, 0x01
  .byte 0xF0, 0x01, 0xF0, 0x01, 0xF0, 0x01, 0xF0, 0x01, 0xF0, 0x01, 0xF0, 0x01, 0xFF, 0xF0, 0x01, 0xF0
  .byte 0x01, 0xF0, 0x01, 0xF0, 0x01, 0xF0, 0x01, 0xF0, 0x01, 0xF0, 0x01, 0xF0, 0x01, 0x80, 0xF0, 0x01
  .byte 0x00, 0x00, 0x00, 0x00

  .globl gMonPalette_Marill
gMonPalette_Marill:
  .incbin "build/graphics/pokemon/marill/normal_palette.gbapal.lz"

  .globl gMonBackPic_Marill
gMonBackPic_Marill:
  .incbin "build/graphics/pokemon/marill/back.4bpp.lz"

  .globl gMonShinyPalette_Marill
gMonShinyPalette_Marill:
  .incbin "build/graphics/pokemon/marill/shiny_palette.gbapal.lz"

	.globl gMonIcon_Marill
gMonIcon_Marill: @ 0x08CAE184 [183]
  .incbin "build/graphics/pokemon/marill/icon.4bpp"
  @ Replaced baserom.gba range: offset=0xCAE584, size=0x320
  .byte 0x00, 0x00, 0x00, 0xC0, 0xE0, 0xE0, 0xE0, 0xE0, 0x00, 0x00, 0x00, 0x01, 0x03, 0x03, 0x03, 0x03
  .byte 0xC0, 0xC0, 0xC0, 0x80, 0x00, 0x00, 0x00, 0x00, 0x01, 0x01, 0x01, 0x00, 0x00, 0x00, 0x00, 0x00
  .byte 0x10, 0x00, 0x08, 0x00, 0x3F, 0x00, 0x00, 0xF0, 0x01, 0xF0, 0x01, 0xF0, 0x01, 0xF0, 0x01, 0xF0
  .byte 0x01, 0xF0, 0x01, 0xFF, 0xF0, 0x01, 0xF0, 0x01, 0xF0, 0x01, 0xF0, 0x01, 0xF0, 0x01, 0xF0, 0x01
  .byte 0xF0, 0x01, 0xF0, 0x01, 0xF8, 0xF0, 0x01, 0xF0, 0x01, 0xF0, 0x01, 0xF0, 0x01, 0x20, 0x01, 0x88
  .byte 0x00, 0x80, 0x00, 0x68, 0x66, 0x00, 0x68, 0x66, 0x66, 0x00, 0x78, 0x02, 0x87, 0x88, 0x00, 0x90
  .byte 0x59, 0x55, 0x00, 0x13, 0x90, 0x80, 0x50, 0x1C, 0x99, 0x09, 0x00, 0x00, 0x66, 0x96, 0x09, 0x00
  .byte 0x00, 0x77, 0x88, 0x98, 0x00, 0x98, 0x99, 0x58, 0x00, 0x00, 0xD9, 0xDD, 0x58, 0x00, 0xDD, 0xDC
  .byte 0x58, 0xC5, 0xF0, 0x45, 0x50, 0x4B, 0x00, 0x88, 0x66, 0x00, 0x02, 0xDD, 0xF0, 0x1A, 0x80, 0x00
  .byte 0x19, 0x98, 0x09, 0x00, 0x66, 0x66, 0x97, 0x00, 0x1F, 0xDD, 0x77, 0x87, 0x00, 0x55, 0xF0, 0x01
  .byte 0xF0, 0x01, 0xF0, 0x01, 0xF0, 0x01, 0xF5, 0xF0, 0x01, 0xF0, 0x01, 0xF0, 0x01, 0x00, 0x01, 0x80
  .byte 0x40, 0x03, 0xD8, 0x40, 0x03, 0x42, 0xD9, 0x00, 0xF6, 0x77, 0x00, 0x90, 0x78, 0x00, 0xBF, 0x51
  .byte 0x00, 0x66, 0xCC, 0x8C, 0x09, 0x00, 0xCC, 0x8C, 0x05, 0x00, 0x00, 0xCC, 0x98, 0x00, 0x80, 0xCC
  .byte 0x58, 0x00, 0x00, 0x68, 0x88, 0x99, 0x99, 0x78, 0x66, 0x76, 0x87, 0x04, 0xD6, 0x66, 0x66, 0x77
  .byte 0x87, 0x00, 0x03, 0x77, 0x80, 0x00, 0x66, 0xDD, 0xCD, 0x78, 0xDD, 0xCD, 0xCC, 0xD6, 0x00, 0xCD
  .byte 0xCC, 0xCC, 0xDD, 0xCC, 0xCC, 0x88, 0xCD, 0x0D, 0xCC, 0x8C, 0x59, 0xCC, 0x00, 0x28, 0x10, 0x33
  .byte 0x87, 0x01, 0x1E, 0x00, 0xCC, 0x7D, 0x87, 0x05, 0xCC, 0x8C, 0x88, 0x05, 0x03, 0x88, 0x98, 0x55
  .byte 0x00, 0x59, 0x05, 0xF0, 0x7C, 0xF0, 0x01, 0xF5, 0xF0, 0x01, 0xF0, 0x01, 0xF0, 0xC3, 0x00, 0x03
  .byte 0x68, 0x80, 0x03, 0x79, 0x91, 0xBB, 0x80, 0x01, 0x8C, 0x00, 0x76, 0x09, 0x00, 0x90, 0x66, 0x98
  .byte 0x00, 0x00, 0x70, 0x66, 0x87, 0x09, 0x79, 0x77, 0x77, 0x00, 0x98, 0x78, 0x77, 0x87, 0x98, 0x77
  .byte 0x89, 0x88, 0x00, 0x98, 0x77, 0x80, 0x57, 0x85, 0x66, 0x79, 0x87, 0x00, 0x68, 0x68, 0x77, 0x77
  .byte 0x86, 0x99, 0x77, 0x77, 0x08, 0x67, 0xDC, 0x77, 0x77, 0xB0, 0x01, 0x66, 0x56, 0x91, 0x8B, 0x00
  .byte 0x03, 0x55, 0x77, 0x66, 0x00, 0x1E, 0x89, 0xD0, 0x1C, 0x00, 0x01, 0x02, 0x87, 0x59, 0x00, 0x00
  .byte 0x77, 0x98, 0x00, 0x03, 0x88, 0x0C, 0x05, 0x00, 0x77, 0x87, 0x10, 0x03, 0x02, 0x23, 0x87, 0x98
  .byte 0xFF, 0x40, 0x03, 0xF2, 0x1F, 0xF0, 0x01, 0xF0, 0x01, 0xF0, 0x01, 0xF0, 0x01, 0xF0, 0x01, 0xF0
  .byte 0x01, 0x80, 0x10, 0x01, 0x90, 0x88, 0x79, 0x17, 0x00, 0x90, 0x73, 0x05, 0x17, 0x00, 0x00, 0x13
  .byte 0x77, 0x00, 0x03, 0x71, 0x40, 0x03, 0xA7, 0x00, 0x0B, 0x73, 0x10, 0x0F, 0x77, 0x71, 0x00, 0xC3
  .byte 0x10, 0x03, 0x30, 0x01, 0x03, 0x11, 0x77, 0x77, 0x17, 0x11, 0x71, 0x20, 0x03, 0x00, 0x0B, 0x6E
  .byte 0x17, 0x70, 0x18, 0x20, 0x0B, 0x11, 0x00, 0x1E, 0x10, 0x03, 0x30, 0x17, 0x16, 0x53, 0x76, 0x00
  .byte 0x0D, 0x71, 0x10, 0xE3, 0x77, 0x88, 0x40, 0x03, 0x03, 0x17, 0x00, 0x67, 0x86, 0x59, 0x00, 0x77
  .byte 0x66, 0x66, 0x99, 0x06, 0x79, 0x67, 0x66, 0x77, 0x98, 0x00, 0x25, 0xF0, 0x91, 0x00, 0x5C, 0x00
  .byte 0x12, 0x06, 0x98, 0x00, 0x04, 0xF1, 0x1E, 0x51, 0xCD, 0x88, 0x08, 0x00, 0x00, 0x77, 0x77, 0x88
  .byte 0x70, 0x11, 0x76, 0x87, 0xD8, 0xF0, 0x1C, 0x70, 0x01, 0x08, 0xF0, 0x12, 0xF0, 0x01, 0x00, 0x13
  .byte 0x11, 0x12, 0x00, 0x00, 0x30, 0x00, 0x03, 0x40, 0x12, 0x00, 0x0C, 0x23, 0xAC, 0x00, 0x03, 0x24
  .byte 0x00, 0x03, 0x40, 0x50, 0x1D, 0x00, 0xCF, 0x97, 0x11, 0x02, 0x11, 0x71, 0x69, 0x11, 0x11, 0x11
  .byte 0x20, 0x03, 0x22, 0x80, 0x10, 0x03, 0x22, 0x22, 0x82, 0x24, 0x22, 0x22, 0x92, 0x50, 0x40, 0x00
  .byte 0x04, 0x99, 0x00, 0xE7, 0x86, 0x79, 0x77, 0x87, 0x80, 0x00, 0xCC, 0x22, 0x77, 0x58, 0x22, 0x22
  .byte 0x77, 0x98, 0x80, 0x00, 0x03, 0x88, 0x25, 0x22, 0x87, 0x88, 0x25, 0x33, 0x04, 0x89, 0x88, 0x35
  .byte 0x43, 0x88, 0x02, 0x14, 0x88, 0x98, 0x01, 0x89, 0x88, 0x88, 0x88, 0x95, 0x55, 0x82, 0x00, 0xCF
  .byte 0x00, 0x32, 0x54, 0x00, 0x00, 0x33, 0x55, 0x55, 0x04, 0x0A, 0x53, 0x00, 0x50, 0x05, 0x00, 0xE2
  .byte 0x55, 0x01, 0x16, 0x00, 0x54, 0x88, 0x02, 0x23, 0x55, 0x83, 0xE9, 0x40, 0x00, 0x18, 0x54, 0x45
  .byte 0x01, 0x00, 0x04, 0x05, 0x55, 0x40, 0x55, 0x78, 0x00, 0xE3, 0x59, 0x78, 0x03, 0x4B, 0x78, 0x00
  .byte 0x46, 0x02, 0x94, 0x88, 0x90, 0x00, 0x49, 0x41, 0x50, 0x02, 0x98, 0x55, 0x94, 0x99, 0x09, 0x45
  .byte 0x42, 0xBB, 0xFE, 0x02, 0x5E, 0x60, 0x03, 0xF4, 0x30, 0xF0, 0x01, 0xF0, 0x01, 0xF0, 0x01, 0x70
  .byte 0x8C, 0x34, 0x0E, 0x33, 0x00, 0x00, 0x50, 0x14, 0xEB, 0x62, 0x32, 0x93, 0x3B, 0x93, 0x01, 0x98
  .byte 0x55, 0x55, 0x55, 0x55, 0x89, 0x58, 0x00, 0x97, 0x4D, 0x05, 0x00, 0xE5, 0x05, 0x88, 0x00, 0xD0
  .byte 0x00, 0x06, 0x00, 0x25, 0x1D, 0xF3, 0x30, 0x01, 0x00, 0xF1, 0xF0, 0x01, 0x60, 0x01, 0x50, 0x55
  .byte 0x01, 0x6B, 0xF3, 0xF8, 0xFF, 0x92, 0x0B, 0xF0, 0x01, 0xF0, 0x01, 0xF0, 0x01, 0xF0, 0x01, 0xF0
  .byte 0x01, 0xF0, 0x01, 0xF0, 0x01, 0xFF, 0xF0, 0x01, 0xF0, 0x01, 0xF0, 0x01, 0xF0, 0x01, 0xF0, 0x01
  .byte 0xF0, 0x01, 0xF0, 0x01, 0xF0, 0x01, 0xE0, 0xF0, 0x01, 0xF0, 0x01, 0x70, 0x01, 0x00, 0x00, 0x00

  .globl gMonPalette_Azumarill
gMonPalette_Azumarill:
  .incbin "build/graphics/pokemon/azumarill/normal_palette.gbapal.lz"

  .globl gMonBackPic_Azumarill
gMonBackPic_Azumarill:
  .incbin "build/graphics/pokemon/azumarill/back.4bpp.lz"

  .globl gMonShinyPalette_Azumarill
gMonShinyPalette_Azumarill:
  .incbin "build/graphics/pokemon/azumarill/shiny_palette.gbapal.lz"

	.globl gMonIcon_Azumarill
gMonIcon_Azumarill: @ 0x08CAEBB0 [184]
  .incbin "build/graphics/pokemon/azumarill/icon.4bpp"
  @ Replaced baserom.gba range: offset=0xCAEFB0, size=0x338
  .byte 0x00, 0x00, 0xC0, 0xE0, 0xE0, 0xE0, 0xE0, 0xE0, 0x00, 0x00, 0x03, 0x07, 0x07, 0x07, 0x07, 0x07
  .byte 0xE0, 0xC0, 0xC0, 0xC0, 0x80, 0x00, 0x00, 0x00, 0x07, 0x03, 0x03, 0x03, 0x01, 0x00, 0x00, 0x00
  .byte 0x10, 0x00, 0x08, 0x00, 0x3F, 0x00, 0x00, 0xF0, 0x01, 0xF0, 0x01, 0xF0, 0x01, 0xF0, 0x01, 0xF0
  .byte 0x01, 0xF0, 0x01, 0x99, 0xB0, 0x01, 0x44, 0x04, 0xF0, 0x13, 0xB0, 0x01, 0x50, 0x05, 0xF0, 0x13
  .byte 0xFF, 0xF0, 0x01, 0xF0, 0x01, 0xF0, 0x01, 0xF0, 0x01, 0xF0, 0x01, 0xF0, 0x01, 0xF0, 0x01, 0xF0
  .byte 0x01, 0x39, 0x00, 0x40, 0x40, 0x03, 0xF0, 0x01, 0x00, 0x01, 0x22, 0x43, 0x00, 0x03, 0x00, 0x33
  .byte 0x05, 0x00, 0x45, 0x33, 0x53, 0x0F, 0x50, 0x01, 0x35, 0x33, 0xF3, 0x00, 0x50, 0x34, 0x33, 0x00
  .byte 0xD7, 0x90, 0x00, 0x03, 0x00, 0x4F, 0x00, 0x36, 0x3F, 0x00, 0x40, 0x24, 0x00, 0x52, 0x00, 0x34
  .byte 0x23, 0xF2, 0x44, 0x33, 0x53, 0x00, 0xFF, 0x33, 0x33, 0xF5, 0x00, 0x33, 0xFF, 0x00, 0x3C, 0x00
  .byte 0xF4, 0x00, 0x1C, 0x50, 0x03, 0xF0, 0x01, 0x20, 0x01, 0x99, 0x00, 0x03, 0x00, 0x70, 0x87, 0x00
  .byte 0x00, 0x79, 0x00, 0x03, 0xF0, 0x01, 0x57, 0x0A, 0x00, 0x03, 0xA9, 0x00, 0x03, 0x98, 0x10, 0x08
  .byte 0xF0, 0x01, 0xF0, 0x01, 0xFC, 0xF0, 0x01, 0xF0, 0x01, 0xF0, 0x01, 0xF0, 0x01, 0xF0, 0x01, 0x00
  .byte 0x01, 0x24, 0x34, 0x08, 0x00, 0x40, 0x22, 0x53, 0x00, 0x03, 0x42, 0x00, 0x30, 0x0A, 0x22, 0x22
  .byte 0x00, 0x24, 0x50, 0x03, 0xF2, 0x00, 0x03, 0x42, 0x50, 0x22, 0x00, 0xF2, 0x00, 0x10, 0xF7, 0x32
  .byte 0x33, 0x33, 0x05, 0x02, 0x22, 0x32, 0x33, 0x0F, 0x22, 0x22, 0x20, 0x03, 0x9F, 0x80, 0x00, 0x19
  .byte 0x9F, 0xF2, 0x22, 0x33, 0xAF, 0x00, 0x00, 0x04, 0x89, 0x88, 0x00, 0x00, 0x9A, 0x00, 0x03, 0xA0
  .byte 0x99, 0x00, 0x90, 0xF9, 0x00, 0xFA, 0x89, 0x98, 0x0F, 0x45, 0x10, 0x77, 0x88, 0xA9, 0x00, 0x03
  .byte 0xF9, 0x45, 0x88, 0x98, 0x0D, 0xF9, 0x44, 0x98, 0x0F, 0x01, 0x0C, 0x00, 0x03, 0xF9, 0x00, 0x69
  .byte 0x00, 0x0F, 0x90, 0xA9, 0x00, 0x0F, 0x77, 0x88, 0x0A, 0x40, 0x9F, 0x00, 0x20, 0x9F, 0x88, 0x88
  .byte 0xF9, 0xA4, 0x89, 0x7F, 0x98, 0x10, 0x16, 0xF0, 0x01, 0xF0, 0x01, 0xF0, 0x01, 0xF0, 0x01, 0x80
  .byte 0x01, 0x00, 0x68, 0x07, 0x00, 0x77, 0x88, 0x00, 0x90, 0x00, 0x03, 0xF0, 0x1C, 0x20, 0x01, 0xE0
  .byte 0x00, 0x92, 0x20, 0x93, 0x30, 0xEB, 0x13, 0x21, 0x00, 0x24, 0x32, 0x55, 0x13, 0x00, 0x0B, 0x32
  .byte 0x21, 0x03, 0x50, 0x00, 0x03, 0x40, 0x31, 0x07, 0x80, 0x40, 0xEF, 0x0F, 0x11, 0x41, 0x33, 0x0F
  .byte 0x33, 0x33, 0xA8, 0x20, 0x0B, 0xF3, 0x00, 0x03, 0x53, 0x00, 0x03, 0x33, 0x22, 0x22, 0x00, 0x43
  .byte 0x33, 0x9A, 0x99, 0x5F, 0x44, 0xF0, 0xFF, 0xC0, 0x12, 0x2B, 0x10, 0x03, 0x50, 0x44, 0x0F, 0x50
  .byte 0x45, 0x44, 0x00, 0x54, 0x45, 0x44, 0xFF, 0x44, 0x44, 0xF4, 0x00, 0x00, 0x45, 0x54, 0x0F, 0x00
  .byte 0x54, 0x9A, 0x99, 0x0F, 0x7F, 0xF4, 0x00, 0x20, 0x12, 0x2B, 0x13, 0x2C, 0x10, 0x77, 0xF0, 0x01
  .byte 0xF0, 0x01, 0xF0, 0x01, 0xC0, 0xF0, 0x01, 0x30, 0xEA, 0x88, 0x88, 0x00, 0xA0, 0x89, 0x98, 0x00
  .byte 0x00, 0x99, 0x9A, 0x99, 0x90, 0x77, 0xA8, 0x43, 0x00, 0x89, 0x77, 0x98, 0x2F, 0x89, 0x88, 0x98
  .byte 0x4F, 0x01, 0x9A, 0x88, 0x99, 0xFF, 0xA0, 0x99, 0xF9, 0x20, 0xE3, 0x80, 0x00, 0x03, 0x50, 0x0F
  .byte 0x00, 0x55, 0x34, 0x55, 0xAA, 0x00, 0x2A, 0x42, 0xA3, 0x77, 0xF8, 0xF5, 0x8A, 0x77, 0x00, 0x98
  .byte 0x0F, 0x8A, 0x88, 0x98, 0x0F, 0x9F, 0x88, 0x24, 0x99, 0x0F, 0x00, 0xE6, 0x22, 0x34, 0x00, 0xCA
  .byte 0x33, 0xF5, 0x2D, 0x4F, 0x22, 0x01, 0xEA, 0x24, 0x11, 0x11, 0x00, 0x03, 0x30, 0x53, 0x37, 0x01
  .byte 0x22, 0x32, 0xB4, 0x34, 0x22, 0x32, 0xC4, 0x00, 0x03, 0x28, 0x43, 0x33, 0x01, 0xFF, 0x33, 0x00
  .byte 0xF2, 0x33, 0x22, 0xB4, 0x0D, 0x34, 0x33, 0x22, 0xC4, 0x00, 0x03, 0x00, 0x0B, 0x45, 0x00, 0xD0
  .byte 0x55, 0x53, 0x00, 0x28, 0xF3, 0x40, 0x03, 0x43, 0x00, 0x0F, 0x33, 0x00, 0x03, 0xBF, 0x10, 0x07
  .byte 0xC4, 0xF3, 0x20, 0xF0, 0x01, 0xF0, 0x01, 0xF0, 0x01, 0xF0, 0x01, 0x70, 0x01, 0x69, 0xFA, 0xF1
  .byte 0x51, 0x90, 0x01, 0xF0, 0x01, 0x03, 0x00, 0xFF, 0xF0, 0x23, 0xEE, 0xC4, 0x1F, 0x10, 0xEF, 0x10
  .byte 0xF7, 0x23, 0x10, 0xF2, 0x01, 0x2E, 0x00, 0x03, 0xF0, 0x9B, 0x00, 0x0B, 0xF0, 0x33, 0x00, 0xF2
  .byte 0x00, 0x01, 0x43, 0x00, 0x07, 0x01, 0x03, 0xD3, 0x60, 0x03, 0x10, 0x0F, 0x35, 0x00, 0x17, 0x35
  .byte 0x33, 0x10, 0xE3, 0x10, 0x03, 0x44, 0x43, 0x00, 0xFC, 0x33, 0xF3, 0x05, 0x00, 0x03, 0xF4, 0x00
  .byte 0x21, 0x33, 0x54, 0x00, 0x03, 0x45, 0x44, 0x0F, 0x43, 0x00, 0x03, 0xFF, 0xF0, 0x6E, 0xF0, 0x01
  .byte 0xF0, 0x01, 0xF0, 0x01, 0xF0, 0x01, 0xF0, 0x01, 0xF0, 0x01, 0xF5, 0xB0, 0xAD, 0x00, 0x03, 0x45
  .byte 0x30, 0xEB, 0x50, 0x00, 0xDF, 0x24, 0xE7, 0x35, 0x00, 0x03, 0x00, 0x3F, 0x50, 0xF5, 0x50, 0x34
  .byte 0x24, 0x32, 0x4F, 0x06, 0x44, 0x22, 0x32, 0x44, 0xF5, 0x02, 0xE2, 0x03, 0xEF, 0x0F, 0xC0, 0x00
  .byte 0xCB, 0x13, 0xFB, 0x35, 0x43, 0x33, 0x53, 0x44, 0x44, 0x0C, 0x33, 0xFF, 0xFF, 0xFF, 0x11, 0xCE
  .byte 0xD0, 0xD0, 0x54, 0x44, 0x06, 0x44, 0xF5, 0x55, 0x44, 0x54, 0x02, 0xE2, 0x32, 0xF0, 0x50, 0x82
  .byte 0x00, 0x06, 0x4F, 0x44, 0x55, 0x0F, 0x4F, 0x05, 0x30, 0xF0, 0xFF, 0x02, 0x58, 0xF0, 0x82, 0x73
  .byte 0x7F, 0xF2, 0x1E, 0xF0, 0x01, 0xF0, 0x01, 0xF0, 0x01, 0xF0, 0x01, 0xFB, 0xA0, 0xF2, 0x10, 0x83
  .byte 0x02, 0xDA, 0xF0, 0x01, 0x10, 0x01, 0xF3, 0x00, 0x88, 0xF1, 0xA4, 0xE5, 0xF0, 0x01, 0xF0, 0x01
  .byte 0x40, 0x01, 0x5F, 0x34, 0x06, 0x41, 0xFF, 0x06, 0x15, 0xFC, 0xF0, 0x01, 0x10, 0x01, 0xF1, 0x33
  .byte 0xF0, 0x01, 0xF0, 0x01, 0x70, 0x01, 0x00, 0x00

  .globl gMonPalette_Sudowoodo
gMonPalette_Sudowoodo:
  .incbin "build/graphics/pokemon/sudowoodo/normal_palette.gbapal.lz"

  .globl gMonBackPic_Sudowoodo
gMonBackPic_Sudowoodo:
  .incbin "build/graphics/pokemon/sudowoodo/back.4bpp.lz"

  .globl gMonShinyPalette_Sudowoodo
gMonShinyPalette_Sudowoodo:
  .incbin "build/graphics/pokemon/sudowoodo/shiny_palette.gbapal.lz"

	.globl gMonIcon_Sudowoodo
gMonIcon_Sudowoodo: @ 0x08CAF694 [185]
  .incbin "build/graphics/pokemon/sudowoodo/icon.4bpp"
  @ Replaced baserom.gba range: offset=0xCAFA94, size=0x35C
  .byte 0x00, 0x00, 0x80, 0xC0, 0xC0, 0xC0, 0xC0, 0xC0, 0x00, 0x00, 0x03, 0x07, 0x07, 0x07, 0x07, 0x07
  .byte 0xC0, 0x80, 0x80, 0x80, 0x80, 0x00, 0x00, 0x00, 0x03, 0x03, 0x01, 0x01, 0x00, 0x00, 0x00, 0x00
  .byte 0x10, 0x00, 0x08, 0x00, 0x3F, 0x00, 0x00, 0xF0, 0x01, 0xF0, 0x01, 0xF0, 0x01, 0xF0, 0x01, 0xF0
  .byte 0x01, 0xF0, 0x01, 0x80, 0x80, 0x01, 0xFF, 0x0F, 0x00, 0xFF, 0xEE, 0xFE, 0x0F, 0xFF, 0xF0, 0x18
  .byte 0xF0, 0x01, 0xF0, 0x01, 0xF0, 0x01, 0xF0, 0x01, 0xF0, 0x01, 0xF0, 0x01, 0xF0, 0x01, 0xEB, 0xF0
  .byte 0x01, 0xF0, 0x01, 0xC0, 0x01, 0xF0, 0x00, 0x03, 0xEF, 0x80, 0x03, 0x10, 0x0F, 0x82, 0x60, 0x01
  .byte 0xEE, 0xFF, 0xFF, 0xFE, 0xFE, 0x00, 0x17, 0x0F, 0x00, 0xFF, 0x00, 0xF0, 0x0F, 0xEF, 0x0F, 0x00
  .byte 0xEF, 0x04, 0xEE, 0x0F, 0x00, 0xF0, 0xFF, 0x40, 0x1C, 0x80, 0x88, 0x7B, 0x88, 0x10, 0x06, 0x11
  .byte 0x04, 0x10, 0x12, 0x10, 0x03, 0xF0, 0x00, 0x0C, 0x10, 0x03, 0x9F, 0x10, 0x14, 0x98, 0x99, 0xF0
  .byte 0x6C, 0xF0, 0x01, 0xF0, 0x01, 0xF0, 0x01, 0xF0, 0x01, 0xF8, 0xF0, 0x01, 0xF0, 0x01, 0xF0, 0x01
  .byte 0xF0, 0x01, 0x30, 0x01, 0xE0, 0x9F, 0x00, 0x00, 0x00, 0x1E, 0x78, 0x00, 0xE0, 0x8F, 0x77, 0x00
  .byte 0x02, 0xF0, 0x79, 0x77, 0x00, 0x90, 0x87, 0x00, 0x03, 0x77, 0x41, 0x77, 0x00, 0xD1, 0x9F, 0x88
  .byte 0x68, 0x66, 0x66, 0x40, 0x01, 0x05, 0x76, 0x67, 0x66, 0x77, 0x77, 0x10, 0x01, 0x78, 0x30, 0x06
  .byte 0x80, 0x40, 0x07, 0xF9, 0x00, 0x87, 0x88, 0x88, 0xF9, 0x18, 0x00, 0x11, 0x86, 0x88, 0xF1, 0xDF
  .byte 0x61, 0x88, 0x1F, 0x04, 0xFF, 0x11, 0x88, 0xFF, 0xCF, 0x00, 0x03, 0xCC, 0x86, 0x1A, 0x88, 0x97
  .byte 0x99, 0x31, 0x1F, 0x51, 0x23, 0xF8, 0x00, 0x03, 0x88, 0xA8, 0x00, 0x08, 0x88, 0x00, 0x08, 0x88
  .byte 0x00, 0x08, 0x88, 0x88, 0x09, 0xFC, 0xF0, 0x8A, 0xF0, 0x01, 0xF0, 0x01, 0xF0, 0x01, 0xF0, 0x01
  .byte 0x60, 0x01, 0x50, 0x55, 0x08, 0x00, 0x00, 0x35, 0x54, 0x00, 0x03, 0x53, 0x00, 0x50, 0x03, 0x43
  .byte 0x33, 0x00, 0x50, 0x33, 0x33, 0x00, 0x0B, 0x00, 0x03, 0x2A, 0x50, 0x7F, 0x11, 0xAE, 0xF5, 0x01
  .byte 0xCD, 0x44, 0x01, 0xD2, 0x43, 0x80, 0x00, 0x97, 0x33, 0x97, 0x00, 0x00, 0x73, 0x77, 0x0F, 0x05
  .byte 0x00, 0x77, 0x77, 0xF7, 0xFF, 0x00, 0xD8, 0xF7, 0x00, 0x03, 0x02, 0x47, 0xFF, 0x89, 0x88, 0x77
  .byte 0xFF, 0x01, 0x06, 0xF0, 0x00, 0xFF, 0xFF, 0xFF, 0x00, 0xFF, 0xCF, 0xCC, 0xF0, 0x00, 0xAF, 0xBB
  .byte 0xCC, 0xFF, 0xAA, 0xBA, 0xBB, 0xAF, 0x00, 0xAA, 0xAA, 0xBB, 0xAC, 0xAA, 0xBA, 0xCB, 0x77, 0x00
  .byte 0x87, 0xC8, 0xCB, 0x88, 0x88, 0xAB, 0xBA, 0x89, 0x00, 0x88, 0xAC, 0xBA, 0xCC, 0xFF, 0xAC, 0xBB
  .byte 0xCC, 0x00, 0x4C, 0xBC, 0xBB, 0xCC, 0x2C, 0xC3, 0xCC, 0xCC, 0x00, 0x24, 0x43, 0x88, 0x4C, 0x32
  .byte 0xF4, 0x88, 0x88, 0x89, 0x00, 0xEC, 0x8C, 0x88, 0x98, 0x00, 0x03, 0x88, 0x0F, 0x00, 0x03, 0x67
  .byte 0x09, 0x10, 0x10, 0x50, 0x03, 0x98, 0x89, 0x11, 0x09, 0xF0, 0x01, 0xF0, 0x01, 0xF8, 0xF0, 0x01
  .byte 0xF0, 0x01, 0xF0, 0x01, 0xF0, 0x01, 0xF0, 0x01, 0x8F, 0x77, 0x87, 0x01, 0x48, 0xF0, 0x88, 0x88
  .byte 0x58, 0x00, 0x9F, 0x11, 0xAB, 0x3A, 0x9F, 0x98, 0x00, 0x12, 0x02, 0x0B, 0x23, 0x03, 0x80, 0x10
  .byte 0x03, 0xBC, 0x00, 0xAB, 0xBB, 0xCC, 0xC4, 0xCC, 0xCC, 0x33, 0x45, 0x00, 0x33, 0x33, 0x33, 0x99
  .byte 0x44, 0x44, 0x44, 0x89, 0x0C, 0x57, 0x55, 0x55, 0x39, 0x00, 0x0B, 0x20, 0x01, 0x76, 0x77, 0x00
  .byte 0x67, 0x22, 0x43, 0xF4, 0x88, 0x33, 0x44, 0x8F, 0x01, 0x77, 0x44, 0xFF, 0x78, 0x77, 0xFF, 0x88
  .byte 0x22, 0x10, 0x00, 0x58, 0x33, 0x87, 0x55, 0x15, 0x33, 0x53, 0x31, 0x00, 0x35, 0x33, 0x53, 0x33
  .byte 0x55, 0x88, 0x98, 0x89, 0x08, 0xF8, 0x77, 0x88, 0x98, 0x01, 0x4F, 0x88, 0x88, 0x78, 0x0A, 0x77
  .byte 0x87, 0x88, 0x95, 0x00, 0x03, 0xF3, 0x01, 0x54, 0xF3, 0x02, 0x55, 0xFF, 0x8F, 0x5F, 0x31, 0x8F
  .byte 0x60, 0xFF, 0xF9, 0x90, 0x12, 0x1B, 0xF9, 0xFF, 0x02, 0x13, 0x44, 0x0F, 0x88, 0x48, 0x00, 0x44
  .byte 0x54, 0x88, 0x44, 0x44, 0xF5, 0x4F, 0x44, 0x3F, 0x44, 0xF4, 0xF0, 0xB1, 0xF0, 0x01, 0xF0, 0x01
  .byte 0xF0, 0x01, 0xF0, 0x01, 0x60, 0x01, 0x56, 0x38, 0x40, 0x03, 0x39, 0x00, 0x03, 0x3F, 0x40, 0xFF
  .byte 0x13, 0xB9, 0x79, 0x50, 0x00, 0x03, 0x04, 0x63, 0x00, 0xB7, 0x73, 0x87, 0x33, 0x83, 0x00, 0x76
  .byte 0x38, 0x33, 0x83, 0x78, 0x38, 0x83, 0x88, 0x00, 0x78, 0x38, 0x63, 0x88, 0x84, 0x87, 0x34, 0x33
  .byte 0x04, 0x89, 0x77, 0x48, 0x44, 0x97, 0x00, 0xAC, 0x36, 0x33, 0x02, 0x55, 0x87, 0x38, 0x33, 0x79
  .byte 0x77, 0x50, 0x03, 0x33, 0x00, 0x43, 0x78, 0x77, 0x43, 0x94, 0x57, 0x55, 0x44, 0x10, 0x94, 0x35
  .byte 0x33, 0x10, 0x03, 0x58, 0x33, 0x8F, 0xF8, 0x02, 0x98, 0xF5, 0x98, 0xF8, 0x98, 0x8F, 0x20, 0x03
  .byte 0x0F, 0x20, 0x98, 0x88, 0x00, 0x03, 0x98, 0xF8, 0x00, 0xF5, 0xF8, 0xA0, 0x00, 0x03, 0x9F, 0x02
  .byte 0x78, 0x44, 0x45, 0xF3, 0xF0, 0x45, 0x7F, 0x53, 0x05, 0x4C, 0x54, 0x54, 0xF0, 0x01, 0xF0, 0x01
  .byte 0xF0, 0x01, 0xF0, 0x01, 0xF0, 0x01, 0xDB, 0xF0, 0x01, 0x10, 0x01, 0x90, 0x03, 0xE7, 0x10, 0x03
  .byte 0x00, 0x23, 0x0F, 0xD0, 0x1D, 0x42, 0x77, 0x03, 0xC3, 0x77, 0x87, 0x99, 0x89, 0x01, 0x06, 0x99
  .byte 0x41, 0x8F, 0x01, 0xCC, 0xF0, 0xFF, 0x8F, 0x88, 0x00, 0x02, 0x30, 0x00, 0x50, 0x55, 0x85, 0x59
  .byte 0x25, 0x25, 0xF3, 0x25, 0x00, 0x48, 0xF4, 0x35, 0x33, 0x88, 0x88, 0x4F, 0x43, 0x07, 0x99, 0xF9
  .byte 0xFF, 0xFF, 0x98, 0x14, 0xF3, 0x00, 0x03, 0x11, 0xD4, 0x5F, 0xF5, 0x00, 0x03, 0xF3, 0x10, 0x07
  .byte 0x01, 0xD8, 0x06, 0x2A, 0xF0, 0x76, 0xF0, 0x01, 0xFF, 0xF0, 0x01, 0xF0, 0x01, 0xF0, 0x01, 0xF0
  .byte 0x01, 0xF0, 0x01, 0xF0, 0x01, 0xF0, 0x01, 0xF0, 0x01, 0x81, 0x20, 0x01, 0x45, 0x35, 0xF4, 0x35
  .byte 0x50, 0xF5, 0x05, 0xFD, 0xFF, 0xF0, 0x1A, 0x20, 0x01, 0x12, 0xA0, 0xF0, 0xDE, 0xF0, 0x01, 0xF0
  .byte 0x01, 0xF0, 0x01, 0xF0, 0x01, 0xC0, 0xF0, 0x01, 0xD0, 0x01, 0x00, 0x00

  .globl gMonPalette_Politoed
gMonPalette_Politoed:
  .incbin "build/graphics/pokemon/politoed/normal_palette.gbapal.lz"

  .globl gMonBackPic_Politoed
gMonBackPic_Politoed:
  .incbin "build/graphics/pokemon/politoed/back.4bpp.lz"

  .globl gMonShinyPalette_Politoed
gMonShinyPalette_Politoed:
  .incbin "build/graphics/pokemon/politoed/shiny_palette.gbapal.lz"

	.globl gMonIcon_Politoed
gMonIcon_Politoed: @ 0x08CB00FC [186]
  .incbin "build/graphics/pokemon/politoed/icon.4bpp"
  @ Replaced baserom.gba range: offset=0xCB04FC, size=0x2D4
  .byte 0x80, 0xC0, 0xC0, 0x8C, 0x1E, 0xFE, 0xEC, 0xE0, 0x01, 0x03, 0x03, 0x31, 0x78, 0x7F, 0x37, 0x07
  .byte 0xC0, 0xC0, 0xC0, 0xC0, 0xC0, 0xC0, 0x80, 0x00, 0x03, 0x03, 0x03, 0x03, 0x03, 0x03, 0x01, 0x00
  .byte 0x10, 0x00, 0x08, 0x00, 0x3F, 0x00, 0x00, 0xF0, 0x01, 0xF0, 0x01, 0xF0, 0x01, 0xF0, 0x01, 0xF0
  .byte 0x01, 0xF0, 0x01, 0xFF, 0xF0, 0x01, 0xF0, 0x01, 0xF0, 0x01, 0xF0, 0x01, 0xF0, 0x01, 0xF0, 0x01
  .byte 0xF0, 0x01, 0xF0, 0x01, 0xFF, 0xF0, 0x01, 0xF0, 0x01, 0xF0, 0x01, 0xF0, 0x01, 0xF0, 0x01, 0xF0
  .byte 0x01, 0xF0, 0x01, 0xF0, 0x01, 0xC1, 0xF0, 0x01, 0xC0, 0x01, 0x90, 0x00, 0x00, 0xA0, 0x89, 0x00
  .byte 0x02, 0x00, 0x78, 0x90, 0x89, 0x78, 0x97, 0xA0, 0x77, 0x77, 0x40, 0x89, 0x90, 0x1C, 0x99, 0x99
  .byte 0x00, 0x00, 0x88, 0xA8, 0x01, 0x00, 0x00, 0x78, 0xA7, 0x00, 0x00, 0x77, 0x10, 0x03, 0xFE, 0x00
  .byte 0x0B, 0xF0, 0x01, 0xF0, 0x01, 0xF0, 0x01, 0xF0, 0x01, 0x80, 0x82, 0x00, 0x65, 0x90, 0x54, 0x77
  .byte 0x00, 0x03, 0x87, 0x00, 0x0C, 0x79, 0xD0, 0x1D, 0x99, 0x99, 0x01, 0xAA, 0xAA, 0x77, 0x77, 0x77
  .byte 0xA8, 0x79, 0x00, 0x03, 0x3B, 0x87, 0x79, 0x10, 0x85, 0xF0, 0x01, 0x60, 0x49, 0x0F, 0xF0, 0x13
  .byte 0x90, 0x4A, 0x80, 0x00, 0x03, 0x7A, 0x00, 0x7A, 0x77, 0x79, 0x00, 0xA0, 0x00, 0x97, 0x78, 0x99
  .byte 0xA9, 0x97, 0x77, 0x7A, 0x77, 0x00, 0x89, 0xA7, 0xA0, 0x77, 0x79, 0xA8, 0xA0, 0x98, 0x00, 0x87
  .byte 0x98, 0x99, 0x9A, 0x88, 0xFF, 0x77, 0x7A, 0x50, 0xAA, 0x20, 0xE3, 0x87, 0x00, 0x03, 0x88, 0xF9
  .byte 0x00, 0x00, 0x2F, 0xFF, 0xFF, 0x30, 0x38, 0x0A, 0x00, 0x03, 0xF0, 0x5A, 0xF0, 0x01, 0xF0, 0x01
  .byte 0xE6, 0xF0, 0x01, 0x20, 0x83, 0x21, 0x77, 0x00, 0xA0, 0xF0, 0x1A, 0x01, 0x63, 0x97, 0x14, 0x79
  .byte 0xA7, 0x77, 0x00, 0x04, 0x78, 0x10, 0x04, 0x88, 0xAA, 0x00, 0x77, 0x8A, 0xF8, 0xA0, 0x77, 0xF0
  .byte 0x0F, 0x90, 0x68, 0x98, 0x00, 0x32, 0x20, 0x8D, 0x79, 0x00, 0x88, 0x77, 0x0F, 0x99, 0x00, 0x0A
  .byte 0x79, 0x9F, 0x88, 0x0F, 0x97, 0x89, 0x88, 0x00, 0x0F, 0x88, 0x98, 0x89, 0xAA, 0xAF, 0x88, 0xA8
  .byte 0x00, 0x99, 0xA0, 0x88, 0x99, 0x9A, 0xA0, 0xF8, 0xAF, 0x70, 0xA9, 0x40, 0x5F, 0x10, 0x5B, 0x00
  .byte 0x03, 0xA0, 0xAA, 0x0F, 0x00, 0x20, 0xA0, 0x99, 0x00, 0x03, 0xA9, 0xFA, 0x0F, 0x00, 0xAA, 0x00
  .byte 0xAA, 0x0F, 0xAF, 0x9A, 0x87, 0x89, 0xA8, 0x00, 0x00, 0xA8, 0x88, 0x88, 0x0A, 0xA9, 0x98, 0xF9
  .byte 0x0F, 0x54, 0x9A, 0x00, 0x14, 0x9A, 0x00, 0xDC, 0x99, 0x00, 0xEB, 0x99, 0xFF, 0x03, 0x00, 0x5F
  .byte 0xAA, 0x00, 0x5F, 0x32, 0xF0, 0x91, 0x30, 0x01, 0x7F, 0xF4, 0x40, 0x03, 0xF0, 0x01, 0xF0, 0x01
  .byte 0xF0, 0x01, 0xF0, 0x01, 0xF0, 0x01, 0xF0, 0x01, 0x82, 0xF0, 0x01, 0x00, 0x00, 0xF0, 0x0F, 0xA0
  .byte 0x00, 0xE3, 0xA0, 0x80, 0x11, 0x92, 0x00, 0x40, 0x44, 0x44, 0x55, 0x34, 0x22, 0x00, 0x22, 0x32
  .byte 0x24, 0x22, 0x22, 0x33, 0x40, 0x22, 0x00, 0x33, 0x33, 0x50, 0x33, 0x33, 0x33, 0xAF, 0xFA, 0x00
  .byte 0xAF, 0x9A, 0xAF, 0xAA, 0xAF, 0xF9, 0xFF, 0xAF, 0x20, 0xAF, 0x5F, 0x01, 0xC0, 0x45, 0x54, 0x4F
  .byte 0x33, 0x33, 0x09, 0x54, 0x23, 0x22, 0x33, 0x00, 0x23, 0x32, 0x22, 0x00, 0x03, 0x00, 0x0F, 0x5F
  .byte 0x22, 0x33, 0xFF, 0x22, 0x32, 0x43, 0x08, 0x34, 0x22, 0x33, 0xF3, 0x00, 0x2E, 0xF5, 0x33, 0x33
  .byte 0x02, 0x43, 0xFF, 0x33, 0x33, 0x44, 0x5F, 0x00, 0x07, 0x45, 0x9F, 0x00, 0x0F, 0x44, 0xF5, 0x00
  .byte 0x57, 0x11, 0x68, 0x11, 0xEF, 0x50, 0x03, 0x10, 0xF7, 0x4F, 0x44, 0x00, 0x08, 0x44, 0x54, 0xF0
  .byte 0x8F, 0xF0, 0x01, 0xF0, 0x01, 0xF0, 0x01, 0xF0, 0xF0, 0x01, 0xF0, 0x01, 0xF0, 0x01, 0x20, 0x01
  .byte 0x35, 0x33, 0x33, 0x00, 0x00, 0x50, 0x34, 0x35, 0x00, 0x00, 0x55, 0x34, 0x00, 0x1A, 0x00, 0x50
  .byte 0x33, 0xD0, 0x03, 0x10, 0xE3, 0x23, 0x01, 0x0F, 0x33, 0x0B, 0x22, 0x32, 0x33, 0xCC, 0x00, 0xD0
  .byte 0xDC, 0x00, 0x03, 0x00, 0xDB, 0x1C, 0x55, 0x54, 0x55, 0x10, 0xDE, 0x30, 0x0C, 0x70, 0x17, 0x33
  .byte 0x33, 0x6C, 0x53, 0x00, 0x4F, 0x00, 0x19, 0x43, 0x10, 0xFB, 0x00, 0x06, 0x4F, 0x44, 0x8B, 0x00
  .byte 0xEC, 0x44, 0x44, 0x05, 0x00, 0x03, 0x0F, 0x40, 0x03, 0x00, 0x0B, 0x83, 0x10, 0x13, 0x5F, 0x0F
  .byte 0x00, 0xF4, 0x45, 0xF3, 0x05, 0xF0, 0x01, 0xFE, 0xF0, 0x01, 0xF0, 0x01, 0xF0, 0x01, 0xF0, 0x01
  .byte 0xF0, 0x01, 0x40, 0x01, 0x00, 0xF7, 0x00, 0x92, 0x00, 0xFF, 0x00, 0x50, 0xF0, 0x1A, 0x00, 0x00
  .byte 0x50, 0xE4, 0x53, 0x80, 0x00, 0xCF, 0x55, 0x34, 0x43, 0xFF, 0x00, 0x35, 0xF4, 0x70, 0xF0, 0x02
  .byte 0x34, 0x80, 0x1F, 0x00, 0xE3, 0x35, 0x43, 0x5F, 0xFF, 0x03, 0x5F, 0x43, 0x0F, 0x55, 0xF5, 0xFF
  .byte 0x21, 0xD7, 0x43, 0xE6, 0xAF, 0x20, 0x01, 0x55, 0x00, 0x10, 0xF0, 0x90, 0x10, 0xF0, 0x01, 0xF0
  .byte 0x01, 0xF0, 0x01, 0xFF, 0xF0, 0x01, 0xF0, 0x01, 0xF0, 0x01, 0xF0, 0x01, 0xF0, 0x01, 0xF0, 0x01
  .byte 0xF0, 0x01, 0xF0, 0x01, 0xFC, 0xF0, 0x01, 0xF0, 0x01, 0xF0, 0x01, 0xF0, 0x01, 0xF0, 0x01, 0xC0
  .byte 0x01, 0x00, 0x00, 0x00

  .globl gMonPalette_Hoppip
gMonPalette_Hoppip:
  .incbin "build/graphics/pokemon/hoppip/normal_palette.gbapal.lz"

  .globl gMonBackPic_Hoppip
gMonBackPic_Hoppip:
  .incbin "build/graphics/pokemon/hoppip/back.4bpp.lz"

  .globl gMonShinyPalette_Hoppip
gMonShinyPalette_Hoppip:
  .incbin "build/graphics/pokemon/hoppip/shiny_palette.gbapal.lz"
  .space 0x1, 0x00
	.globl gMonIcon_Hoppip
gMonIcon_Hoppip: @ 0x08CB0B00 [187]
  .incbin "build/graphics/pokemon/hoppip/icon.4bpp"
  @ Replaced baserom.gba range: offset=0xCB0F00, size=0x2A8
  .byte 0x00, 0x00, 0x00, 0x00, 0x00, 0x00, 0x80, 0xC0, 0x00, 0x00, 0x00, 0x00, 0x00, 0x00, 0x01, 0x03
  .byte 0x40, 0x40, 0x80, 0x00, 0x00, 0x00, 0x00, 0x00, 0x02, 0x02, 0x01, 0x00, 0x00, 0x00, 0x00, 0x00
  .byte 0x10, 0x00, 0x08, 0x00, 0x3F, 0x00, 0x00, 0xF0, 0x01, 0xF0, 0x01, 0xF0, 0x01, 0xF0, 0x01, 0xF0
  .byte 0x01, 0xF0, 0x01, 0xFF, 0xF0, 0x01, 0xF0, 0x01, 0xF0, 0x01, 0xF0, 0x01, 0xF0, 0x01, 0xF0, 0x01
  .byte 0xF0, 0x01, 0xF0, 0x01, 0xFE, 0xF0, 0x01, 0xF0, 0x01, 0xF0, 0x01, 0xF0, 0x01, 0xF0, 0x01, 0xF0
  .byte 0x01, 0xF0, 0x01, 0x00, 0x1F, 0xAA, 0x0A, 0xAA, 0xF0, 0x14, 0x90, 0x1E, 0xF0, 0x13, 0xF0, 0x01
  .byte 0xF0, 0x01, 0xFE, 0xF0, 0x01, 0xF0, 0x01, 0xF0, 0x01, 0xF0, 0x01, 0xF0, 0x01, 0xF0, 0x01, 0x40
  .byte 0x01, 0xA0, 0xC2, 0x10, 0xAE, 0x00, 0x06, 0x77, 0x00, 0x00, 0x7A, 0x10, 0x03, 0x88, 0xC0, 0x00
  .byte 0x0E, 0x20, 0x0F, 0xAA, 0x77, 0xA7, 0x77, 0x77, 0x87, 0x00, 0xA8, 0x88, 0xAA, 0x88, 0x99, 0x9F
  .byte 0x87, 0xFA, 0x00, 0x99, 0x9F, 0x88, 0x99, 0xAF, 0xAA, 0xAA, 0xFF, 0x00, 0xDF, 0x11, 0x77, 0x99
  .byte 0xEA, 0xDD, 0x77, 0x98, 0x00, 0xF9, 0xFF, 0x88, 0xF9, 0xAA, 0x0A, 0x88, 0xF9, 0x00, 0x99, 0xA9
  .byte 0x99, 0x8A, 0x88, 0x88, 0xAA, 0x99, 0x80, 0x00, 0x03, 0xAA, 0xAA, 0xAA, 0xED, 0x9F, 0x89, 0x88
  .byte 0x00, 0xEE, 0xAF, 0x8A, 0x88, 0xFF, 0x99, 0xA8, 0x9A, 0xD5, 0x10, 0x5C, 0x11, 0x06, 0xF9, 0x40
  .byte 0x03, 0xFF, 0x00, 0x03, 0x98, 0x00, 0x10, 0x07, 0x98, 0x0F, 0x00, 0x00, 0x99, 0x00, 0x03, 0xF0
  .byte 0x01, 0xF0, 0x01, 0xFA, 0xF0, 0x01, 0xF0, 0x01, 0xF0, 0x01, 0xF0, 0x01, 0x80, 0x01, 0x50, 0x00
  .byte 0x03, 0x25, 0xA0, 0x40, 0x03, 0x7A, 0x00, 0x0E, 0xA5, 0x00, 0x40, 0x25, 0x33, 0x00, 0x40, 0x25
  .byte 0x22, 0x33, 0x24, 0x22, 0x32, 0x53, 0x08, 0x22, 0x22, 0x33, 0x25, 0x00, 0x06, 0x23, 0x22, 0x33
  .byte 0x00, 0x35, 0x23, 0x87, 0x98, 0x9F, 0x99, 0x88, 0xF9, 0x80, 0x10, 0xD7, 0x88, 0x88, 0x23, 0xA3
  .byte 0xFA, 0xFF, 0x22, 0x10, 0x32, 0x44, 0x44, 0x00, 0x1F, 0x33, 0xA8, 0x22, 0x22, 0x20, 0x22, 0xAA
  .byte 0x00, 0x03, 0x9A, 0x88, 0x88, 0xA9, 0xA8, 0x00, 0x88, 0x98, 0xA9, 0xF8, 0x9A, 0x99, 0x4F, 0x4F
  .byte 0x00, 0xFA, 0xFF, 0x34, 0x44, 0x44, 0x34, 0x33, 0x33, 0x00, 0x33, 0x43, 0x33, 0x82, 0x3A, 0x53
  .byte 0x34, 0xA2, 0x10, 0x3A, 0x33, 0x45, 0x10, 0xEF, 0x3A, 0xF5, 0x00, 0x00, 0x0A, 0x34, 0x33, 0xF5
  .byte 0x00, 0x00, 0x18, 0xF5, 0x00, 0x03, 0x44, 0xA6, 0x30, 0x03, 0x43, 0x00, 0x03, 0x44, 0x44, 0xD0
  .byte 0x98, 0x11, 0x12, 0xF4, 0x9F, 0x00, 0x03, 0x44, 0x05, 0x00, 0x03, 0xF1, 0x1F, 0xF0, 0x01, 0xF0
  .byte 0x01, 0xD0, 0x01, 0x54, 0x35, 0x00, 0x03, 0x3F, 0x00, 0x03, 0xF0, 0xF0, 0x1A, 0x00, 0x00, 0x00
  .byte 0x33, 0x43, 0x35, 0x23, 0x43, 0xF4, 0x33, 0x53, 0x00, 0x4F, 0xF4, 0x33, 0x33, 0xF0, 0x5F, 0x33
  .byte 0x33, 0x00, 0x00, 0x40, 0x55, 0x33, 0x00, 0x25, 0x43, 0x35, 0x00, 0x00, 0x25, 0x32, 0x35, 0x00
  .byte 0xF0, 0x34, 0x33, 0xD1, 0x00, 0xE2, 0x20, 0x01, 0x55, 0x00, 0x02, 0x33, 0x55, 0x55, 0x00, 0xBA
  .byte 0xC1, 0xB0, 0x01, 0x01, 0x0A, 0xF4, 0x32, 0x35, 0x33, 0x43, 0x00, 0x19, 0x40, 0x43, 0x20, 0xD7
  .byte 0x53, 0x35, 0x44, 0x33, 0x25, 0x54, 0x00, 0x44, 0x53, 0x32, 0xF4, 0x44, 0x33, 0x43, 0xF4, 0x2C
  .byte 0x44, 0x44, 0x00, 0x01, 0x4F, 0x00, 0x03, 0x20, 0x09, 0x5F, 0x55, 0x00, 0x55, 0x44, 0xF5, 0xFF
  .byte 0xFF, 0x44, 0x54, 0xF5, 0x15, 0x00, 0x44, 0x44, 0x10, 0x03, 0x0F, 0x20, 0xE3, 0x54, 0x00, 0x03
  .byte 0xFF, 0x01, 0x22, 0x20, 0xFB, 0xF0, 0x01, 0xF0, 0x01, 0xF0, 0x01, 0xF0, 0x01, 0xF0, 0x01, 0xF0
  .byte 0x01, 0xAB, 0x30, 0x01, 0x4F, 0x01, 0x83, 0xF0, 0x11, 0x87, 0x4F, 0xF1, 0x23, 0x01, 0x1F, 0xC4
  .byte 0x10, 0xD4, 0x20, 0xC5, 0x44, 0x44, 0x45, 0x00, 0x03, 0xF0, 0x5F, 0x9A, 0x11, 0xB3, 0xFF, 0x55
  .byte 0x00, 0x1A, 0x10, 0x03, 0xF0, 0x30, 0x15, 0x44, 0x60, 0x54, 0x30, 0x1E, 0x00, 0x06, 0x54, 0xF5
  .byte 0x54, 0xF5, 0xFF, 0x19, 0x0F, 0xFF, 0x55, 0x00, 0xD0, 0x00, 0xE2, 0x00, 0x44, 0x00, 0xDC, 0x77
  .byte 0xFF, 0x10, 0x07, 0x02, 0x08, 0x10, 0x0F, 0x55, 0x00, 0xE4, 0x12, 0x13, 0xF0, 0x01, 0xFF, 0xF0
  .byte 0x01, 0xF0, 0x01, 0xF0, 0x01, 0xF0, 0x01, 0xF0, 0x01, 0xF0, 0x01, 0xF0, 0x01, 0xF0, 0x01, 0xFF
  .byte 0xF0, 0x01, 0xF0, 0x01, 0x00, 0xCB, 0xF1, 0xB4, 0xF0, 0x01, 0xF0, 0x01, 0xF0, 0x01, 0xF0, 0x01
  .byte 0xFF, 0xF0, 0x01, 0xF0, 0x01, 0xF0, 0x01, 0xF0, 0x01, 0xF0, 0x01, 0xF0, 0x01, 0xF0, 0x01, 0xF0
  .byte 0x01, 0xFF, 0xF0, 0x01, 0xF0, 0x01, 0xF0, 0x01, 0xF0, 0x01, 0xF0, 0x01, 0xF0, 0x01, 0xF0, 0x01
  .byte 0xF0, 0x01, 0x80, 0x20, 0x01, 0x00, 0x00, 0x00

  .globl gMonPalette_Skiploom
gMonPalette_Skiploom:
  .incbin "build/graphics/pokemon/skiploom/normal_palette.gbapal.lz"
  .space 0x1, 0x00

  .globl gMonBackPic_Skiploom
gMonBackPic_Skiploom:
  .incbin "build/graphics/pokemon/skiploom/back.4bpp.lz"

  .globl gMonShinyPalette_Skiploom
gMonShinyPalette_Skiploom:
  .incbin "build/graphics/pokemon/skiploom/shiny_palette.gbapal.lz"

	.globl gMonIcon_Skiploom
gMonIcon_Skiploom: @ 0x08CB14D8 [188]
  .incbin "build/graphics/pokemon/skiploom/icon.4bpp"
  @ Replaced baserom.gba range: offset=0xCB18D8, size=0x38C
  .byte 0x00, 0x00, 0x00, 0x00, 0x00, 0x80, 0xC0, 0xC0, 0x00, 0x00, 0x00, 0x00, 0x00, 0x03, 0x07, 0x07
  .byte 0xE0, 0xE0, 0xE0, 0xC0, 0x00, 0x00, 0x00, 0x00, 0x07, 0x03, 0x03, 0x01, 0x00, 0x00, 0x00, 0x00
  .byte 0x10, 0x00, 0x08, 0x00, 0x3F, 0x00, 0x00, 0xF0, 0x01, 0xF0, 0x01, 0xF0, 0x01, 0xF0, 0x01, 0xF0
  .byte 0x01, 0x00, 0x01, 0x63, 0xB0, 0xF0, 0x12, 0x70, 0x01, 0xBA, 0xAB, 0x0B, 0xF0, 0x14, 0xF0, 0x01
  .byte 0xFF, 0xF0, 0x01, 0xF0, 0x01, 0xF0, 0x01, 0xF0, 0x01, 0xF0, 0x01, 0xF0, 0x01, 0xF0, 0x01, 0xF0
  .byte 0x01, 0x80, 0x90, 0x01, 0xA0, 0x00, 0x0A, 0xB0, 0x8A, 0x00, 0xA0, 0x00, 0x7A, 0x77, 0x0A, 0x7A
  .byte 0x77, 0x77, 0xA0, 0x77, 0x80, 0x10, 0x03, 0x78, 0x78, 0x7B, 0x77, 0x87, 0x87, 0x8A, 0x00, 0x77
  .byte 0x78, 0x77, 0x88, 0x77, 0x77, 0x87, 0x98, 0x00, 0x88, 0xAA, 0x0B, 0x77, 0x88, 0x98, 0xA9, 0x77
  .byte 0x11, 0x77, 0x88, 0x99, 0x10, 0x0E, 0x77, 0x77, 0x78, 0x10, 0x16, 0x81, 0x00, 0x03, 0x78, 0x88
  .byte 0x87, 0x87, 0x87, 0x88, 0x10, 0x44, 0x05, 0x0B, 0x0A, 0x00, 0x00, 0xB9, 0x00, 0x07, 0x99, 0x01
  .byte 0x0E, 0x53, 0x99, 0x00, 0x0B, 0x99, 0x00, 0x0C, 0x98, 0xA9, 0x00, 0x07, 0x10, 0x10, 0xFF, 0xF0
  .byte 0x01, 0xF0, 0x01, 0xF0, 0x01, 0xF0, 0x01, 0xF0, 0x01, 0xF0, 0x01, 0xF0, 0x01, 0x51, 0xC3, 0x58
  .byte 0xBA, 0x00, 0x03, 0x90, 0x40, 0x07, 0xA1, 0xD3, 0x88, 0x77, 0x87, 0x02, 0x77, 0x88, 0x78, 0x77
  .byte 0x87, 0x89, 0x00, 0x04, 0x99, 0x00, 0x88, 0x88, 0x88, 0x99, 0x88, 0x89, 0x88, 0x9A, 0x00, 0x98
  .byte 0x98, 0x88, 0x9B, 0x89, 0x89, 0x89, 0xA0, 0x01, 0x99, 0x9A, 0x8A, 0x78, 0x77, 0x78, 0x98, 0x00
  .byte 0xE6, 0x35, 0x88, 0x78, 0x00, 0x1B, 0x40, 0x01, 0x98, 0x00, 0x03, 0x89, 0x10, 0x07, 0x01, 0x9A
  .byte 0x88, 0x89, 0x89, 0x98, 0x99, 0xAB, 0x00, 0xE7, 0x34, 0x09, 0x00, 0x50, 0x07, 0x10, 0xF3, 0x89
  .byte 0x00, 0xFB, 0x98, 0xB8, 0x0F, 0x00, 0x00, 0x89, 0x0A, 0x01, 0x0C, 0xF0, 0x01, 0xF0, 0x01, 0xF0
  .byte 0x01, 0xFC, 0xF0, 0x01, 0xF0, 0x01, 0xF0, 0x01, 0xF0, 0x01, 0xF0, 0x01, 0xD1, 0x1C, 0x99, 0x99
  .byte 0x00, 0xA9, 0x00, 0x9B, 0x99, 0x99, 0x00, 0xB0, 0x9A, 0x54, 0x99, 0x02, 0x0B, 0x9A, 0x81, 0x1F
  .byte 0xF0, 0x00, 0x03, 0xEF, 0x99, 0x15, 0x99, 0x99, 0x98, 0x00, 0x03, 0x89, 0x00, 0x03, 0xA9, 0x00
  .byte 0x02, 0x00, 0x0B, 0x9B, 0x9B, 0x6B, 0xF0, 0x00, 0xB0, 0x6A, 0x00, 0xF6, 0xEF, 0x5E, 0xAA, 0xE6
  .byte 0xEE, 0xFE, 0xA1, 0x26, 0xE6, 0x98, 0x01, 0xE2, 0xB9, 0xA0, 0x02, 0x03, 0x10, 0x30, 0x0F, 0x80
  .byte 0x00, 0x30, 0x56, 0x05, 0x00, 0xEE, 0x36, 0x53, 0x06, 0x00, 0xFE, 0x36, 0x33, 0x53, 0x6F, 0x22
  .byte 0x33, 0x33, 0xA1, 0x83, 0x46, 0xAB, 0x00, 0x07, 0x77, 0x00, 0x00, 0x7B, 0x00, 0x03, 0x00, 0x7A
  .byte 0x78, 0x06, 0xB0, 0x77, 0x87, 0x53, 0x90, 0x60, 0x78, 0x00, 0x0B, 0x00, 0x18, 0xAB, 0x0B, 0xB0
  .byte 0x77, 0x77, 0x20, 0xA7, 0x0B, 0x02, 0x7E, 0xB8, 0x78, 0x77, 0x77, 0x97, 0x84, 0x01, 0x92, 0x97
  .byte 0x77, 0x77, 0x89, 0x02, 0x6B, 0x87, 0x99, 0xFF, 0xD0, 0xAF, 0x10, 0x67, 0x11, 0x55, 0x12, 0x6F
  .byte 0x01, 0x66, 0xF0, 0x01, 0xF0, 0x01, 0xF0, 0x01, 0x00, 0x00, 0x0B, 0x0B, 0x00, 0xB0, 0xAB, 0xBB
  .byte 0xB0, 0xDA, 0x02, 0xF3, 0x00, 0x0C, 0x50, 0x40, 0x14, 0x10, 0x07, 0x40, 0x00, 0x03, 0x25, 0xA4
  .byte 0x00, 0x03, 0x24, 0x00, 0x0A, 0x23, 0xBA, 0x00, 0x03, 0xFE, 0xFF, 0x00, 0xA1, 0x6B, 0x65, 0x66
  .byte 0x22, 0x22, 0x23, 0x22, 0x40, 0x22, 0xE0, 0x01, 0x42, 0x24, 0x22, 0x22, 0x26, 0x22, 0x10, 0x32
  .byte 0x33, 0x22, 0x90, 0x03, 0x44, 0x33, 0x33, 0x42, 0x01, 0xD7, 0x34, 0x33, 0x42, 0xDD, 0x34, 0x33
  .byte 0x00, 0xFE, 0x00, 0x33, 0x33, 0xB6, 0x78, 0x77, 0x33, 0x93, 0x88, 0x00, 0x79, 0x33, 0xB3, 0x88
  .byte 0x88, 0x33, 0x33, 0x8A, 0x00, 0xA8, 0x33, 0x33, 0x9B, 0x89, 0x33, 0x53, 0xB3, 0x00, 0x99, 0x33
  .byte 0x35, 0x63, 0xAB, 0x33, 0x33, 0x46, 0x60, 0x06, 0x03, 0x46, 0x02, 0x5F, 0x87, 0x9A, 0x89, 0x88
  .byte 0xA8, 0x3A, 0x99, 0x98, 0x02, 0x52, 0x11, 0x68, 0x00, 0x01, 0xB9, 0x11, 0x6B, 0xBB, 0x0F, 0xBA
  .byte 0x0A, 0x00, 0xB9, 0x00, 0xF0, 0x10, 0xE7, 0x10, 0x07, 0x10, 0xF7, 0xF2, 0x53, 0x51, 0xC3, 0x59
  .byte 0x11, 0x60, 0x01, 0x85, 0x00, 0x7B, 0x00, 0x03, 0x8A, 0xAF, 0x00, 0x03, 0x8B, 0x50, 0x07, 0x7B
  .byte 0x01, 0x54, 0x01, 0x4F, 0x10, 0x02, 0x02, 0xCA, 0xE8, 0x11, 0x57, 0x20, 0x10, 0x03, 0xC8, 0x78
  .byte 0x00, 0x79, 0x88, 0x88, 0x87, 0x00, 0x0B, 0x40, 0x33, 0x77, 0xB9, 0x50, 0x33, 0x77, 0x00, 0xA9
  .byte 0x50, 0x33, 0x88, 0x99, 0x5B, 0x33, 0x98, 0x10, 0x99, 0x0A, 0x35, 0x00, 0x07, 0x35, 0xA8, 0x99
  .byte 0x4A, 0x00, 0x54, 0x9A, 0x99, 0x6B, 0x56, 0x74, 0x4D, 0x22, 0x00, 0x22, 0xD4, 0x4D, 0x22, 0x54
  .byte 0x43, 0x24, 0x42, 0x5C, 0xD5, 0x00, 0xCD, 0xD3, 0x10, 0xD2, 0x10, 0x01, 0x00, 0xE6, 0x33, 0x45
  .byte 0x9A, 0x00, 0x04, 0x22, 0x35, 0x00, 0x07, 0x00, 0x0B, 0x5D, 0x00, 0x03, 0x5C, 0xC8, 0x40, 0x03
  .byte 0x30, 0x01, 0x43, 0x44, 0x00, 0x02, 0x44, 0x33, 0x63, 0x0E, 0x44, 0x06, 0x33, 0x44, 0x30, 0x03
  .byte 0x00, 0x0E, 0x00, 0x03, 0x54, 0x08, 0x00, 0x44, 0x44, 0x64, 0x10, 0x03, 0x06, 0x44, 0x44, 0x3F
  .byte 0x56, 0x65, 0x11, 0x8A, 0xF1, 0x9F, 0xF0, 0x01, 0xF0, 0x01, 0x84, 0xC3, 0x72, 0xB3, 0x80, 0xE5
  .byte 0xAF, 0x88, 0x8A, 0x89, 0x88, 0x99, 0x98, 0x98, 0x5B, 0x99, 0x02, 0xE2, 0x99, 0x02, 0xE2, 0x02
  .byte 0xE7, 0xBA, 0x14, 0x03, 0x60, 0x01, 0x76, 0xA9, 0x14, 0xA7, 0x02, 0x4C, 0x14, 0xAA, 0xBA, 0x10
  .byte 0x3D, 0xC0, 0x8E, 0x46, 0x09, 0x44, 0x44, 0x44, 0x50, 0x00, 0x03, 0x00, 0x56, 0x00, 0x03, 0xDC
  .byte 0x00, 0x04, 0x00, 0x12, 0x66, 0x90, 0x1F, 0x00, 0x1A, 0x80, 0x01, 0x54, 0x66, 0x04, 0x55, 0x64
  .byte 0x66, 0x00, 0x35, 0x00, 0xDF, 0x25, 0x33, 0x00, 0x63, 0x00, 0x50, 0x22, 0x63, 0x00, 0x44, 0x64
  .byte 0x00, 0x55, 0x65, 0x44, 0x66, 0x55, 0x65, 0x66, 0x06, 0x0F, 0x66, 0x06, 0x55, 0x06, 0xC0, 0x3C
  .byte 0xF0, 0x01, 0xF0, 0x01, 0xF0, 0x01, 0xFF, 0xF0, 0x01, 0xF0, 0x01, 0xF0, 0x01, 0xF0, 0x01, 0xF0
  .byte 0x01, 0xF0, 0x01, 0xF0, 0x01, 0xD0, 0x01, 0x7F, 0x65, 0x00, 0xD4, 0xF0, 0x01, 0xF0, 0x01, 0xF0
  .byte 0x01, 0xF0, 0x01, 0xF0, 0x01, 0xF0, 0x01, 0x80, 0xC0, 0x01, 0x00, 0x00

  .globl gMonPalette_Jumpluff
gMonPalette_Jumpluff:
  .incbin "build/graphics/pokemon/jumpluff/normal_palette.gbapal.lz"

  .globl gMonBackPic_Jumpluff
gMonBackPic_Jumpluff:
  .incbin "build/graphics/pokemon/jumpluff/back.4bpp.lz"

  .globl gMonShinyPalette_Jumpluff
gMonShinyPalette_Jumpluff:
  .incbin "build/graphics/pokemon/jumpluff/shiny_palette.gbapal.lz"

	.globl gMonIcon_Jumpluff
gMonIcon_Jumpluff: @ 0x08CB20AC [189]
  .incbin "build/graphics/pokemon/jumpluff/icon.4bpp"
  @ Replaced baserom.gba range: offset=0xCB24AC, size=0x31C
  .byte 0x00, 0x00, 0x00, 0x00, 0x00, 0x80, 0xC0, 0xE0, 0x00, 0x00, 0x00, 0x00, 0x00, 0x03, 0x07, 0x07
  .byte 0xE0, 0xE0, 0xE0, 0xC0, 0x00, 0x00, 0x00, 0x00, 0x07, 0x07, 0x03, 0x01, 0x00, 0x00, 0x00, 0x00
  .byte 0x10, 0x00, 0x08, 0x00, 0x3E, 0x00, 0x00, 0xF0, 0x01, 0xF0, 0x01, 0xF0, 0x01, 0xF0, 0x01, 0xF0
  .byte 0x01, 0x00, 0x18, 0x00, 0x90, 0xA9, 0xF0, 0x13, 0x10, 0x01, 0x99, 0x09, 0x00, 0x01, 0x90, 0x76
  .byte 0x98, 0x00, 0x90, 0x77, 0x98, 0xF0, 0x1B, 0xFF, 0xF0, 0x01, 0xF0, 0x01, 0xF0, 0x01, 0xF0, 0x01
  .byte 0xF0, 0x01, 0xF0, 0x01, 0xF0, 0x01, 0xF0, 0x01, 0xC1, 0xF0, 0x01, 0xB0, 0x01, 0x69, 0x87, 0x00
  .byte 0x00, 0x79, 0x00, 0x03, 0x02, 0x8A, 0x88, 0x00, 0x00, 0xA0, 0x8A, 0x00, 0x10, 0xA0, 0x80, 0x80
  .byte 0xE3, 0xA8, 0x0A, 0x90, 0x88, 0x98, 0x0A, 0x00, 0x20, 0x89, 0x0F, 0x10, 0x03, 0xF8, 0x8A, 0x77
  .byte 0xA7, 0x8A, 0x0A, 0x77, 0x77, 0x77, 0xA0, 0x00, 0x03, 0x80, 0x00, 0x03, 0x7F, 0xD5, 0x00, 0x03
  .byte 0x90, 0x49, 0x0F, 0x00, 0x03, 0xF9, 0x00, 0x03, 0xF8, 0x00, 0x03, 0x7F, 0x87, 0x00, 0x0C, 0x10
  .byte 0x03, 0xF0, 0x01, 0xF0, 0x01, 0xF0, 0x01, 0xF0, 0x01, 0xF0, 0x01, 0xF0, 0xF0, 0x01, 0xF0, 0x01
  .byte 0xF0, 0x01, 0xF1, 0xE2, 0x77, 0x88, 0x00, 0xA0, 0x02, 0x88, 0xA8, 0x00, 0x00, 0xAA, 0x0A, 0xF0
  .byte 0x1C, 0x00, 0x2A, 0x00, 0x78, 0x00, 0xE3, 0xAA, 0x10, 0xF3, 0x89, 0x00, 0x27, 0xAA, 0x48, 0x88
  .byte 0x00, 0xDA, 0xFA, 0x0F, 0x12, 0x15, 0x79, 0x79, 0x0A, 0x03, 0x00, 0x78, 0x79, 0xA8, 0x00, 0x88
  .byte 0x00, 0xE3, 0x10, 0xEF, 0x48, 0x59, 0x00, 0x07, 0x45, 0xF4, 0x00, 0x03, 0x54, 0x00, 0x00, 0x3F
  .byte 0x50, 0x44, 0x10, 0x0C, 0x40, 0x03, 0xF0, 0x01, 0xF0, 0x01, 0xF0, 0x01, 0xF0, 0x01, 0xFB, 0xF0
  .byte 0x01, 0xF0, 0x01, 0xF0, 0x01, 0xF0, 0x01, 0xF0, 0x01, 0x90, 0xC0, 0x03, 0xA0, 0x01, 0x01, 0x77
  .byte 0x78, 0xA8, 0x00, 0x77, 0x77, 0xF8, 0x60, 0x03, 0x00, 0x7A, 0x87, 0xA8, 0x5F, 0x8A, 0x88, 0x4A
  .byte 0xF4, 0x08, 0xA0, 0xFF, 0x55, 0x44, 0x00, 0x1E, 0x55, 0x00, 0x34, 0x00, 0x0F, 0x00, 0x50, 0x33
  .byte 0x0F, 0x00, 0x40, 0x43, 0x02, 0x00, 0x00, 0x35, 0xF3, 0x00, 0xA0, 0x00, 0x03, 0x7A, 0xA0, 0x00
  .byte 0x03, 0x8A, 0x00, 0x03, 0x50, 0x53, 0x33, 0x0F, 0xF0, 0xC4, 0x50, 0x47, 0x11, 0x5D, 0x77, 0xA8
  .byte 0x0F, 0x20, 0x43, 0x55, 0x88, 0x00, 0x99, 0x0F, 0x44, 0x95, 0x99, 0x0A, 0x44, 0x95, 0x7F, 0x9A
  .byte 0x12, 0x2E, 0xF0, 0x01, 0xF0, 0x01, 0xF0, 0x01, 0xF0, 0x01, 0xF0, 0x01, 0xF0, 0x01, 0xC0, 0xF0
  .byte 0x01, 0x90, 0x01, 0x40, 0x05, 0x00, 0x00, 0x24, 0x52, 0x00, 0x0F, 0x00, 0x33, 0x33, 0xF3, 0x40
  .byte 0x33, 0x33, 0x07, 0x33, 0x40, 0x43, 0x34, 0x33, 0x00, 0x15, 0x10, 0xC3, 0x10, 0x03, 0x50, 0x24
  .byte 0x30, 0x03, 0x44, 0x00, 0x13, 0x25, 0x35, 0x0F, 0x55, 0x00, 0x25, 0x32, 0x45, 0x33, 0x53, 0x22
  .byte 0x43, 0x33, 0x00, 0xF8, 0x4F, 0x34, 0x33, 0x88, 0x43, 0x4F, 0x44, 0x00, 0x43, 0x44, 0x5F, 0x44
  .byte 0x44, 0x44, 0x45, 0x45, 0x20, 0x44, 0xF4, 0x00, 0x0C, 0xF4, 0x43, 0x5F, 0x45, 0x54, 0x10, 0x33
  .byte 0x44, 0x54, 0x00, 0xE7, 0x9A, 0xF9, 0xF4, 0xFF, 0x06, 0xA9, 0x0F, 0xF4, 0x00, 0xFF, 0x23, 0x1F
  .byte 0x11, 0x32, 0x00, 0x00, 0x45, 0x33, 0x0F, 0x50, 0x33, 0x33, 0x05, 0x35, 0xFF, 0x00, 0x20, 0xF0
  .byte 0x84, 0xF0, 0x01, 0xF0, 0x01, 0xF0, 0x01, 0xF0, 0x01, 0xF0, 0x01, 0xF0, 0x01, 0x80, 0x00, 0xF2
  .byte 0x93, 0x49, 0x53, 0x50, 0x93, 0x99, 0x35, 0x00, 0x50, 0x84, 0x98, 0x35, 0x50, 0x74, 0x88, 0x33
  .byte 0x02, 0x00, 0x85, 0x57, 0x83, 0x00, 0x4F, 0x00, 0x03, 0xF0, 0x00, 0x54, 0x83, 0x00, 0x00, 0x5F
  .byte 0x84, 0x33, 0x33, 0x20, 0x43, 0x32, 0x01, 0x0A, 0x33, 0x43, 0x44, 0x33, 0x43, 0x00, 0x18, 0x11
  .byte 0x47, 0x44, 0x31, 0x3F, 0x71, 0x77, 0x00, 0xF1, 0xF1, 0x71, 0x77, 0x31, 0xFF, 0x71, 0x77, 0x00
  .byte 0x18, 0x11, 0x77, 0x77, 0x33, 0x44, 0x44, 0xF5, 0x08, 0x43, 0x44, 0x44, 0xF4, 0x00, 0xFA, 0x54
  .byte 0x74, 0x88, 0x00, 0x48, 0x44, 0x87, 0x11, 0x81, 0x44, 0x17, 0xF3, 0x00, 0x13, 0x49, 0x17, 0x1F
  .byte 0x1F, 0x49, 0x17, 0xF3, 0x10, 0x1F, 0x49, 0x35, 0x10, 0x1B, 0x94, 0x49, 0xF4, 0x44, 0x00, 0x99
  .byte 0x99, 0xF4, 0x44, 0x89, 0x98, 0xF4, 0x94, 0x00, 0x78, 0x97, 0x05, 0x84, 0x77, 0x48, 0x0F, 0x84
  .byte 0x0F, 0x87, 0xF4, 0x00, 0x44, 0x13, 0x27, 0xF0, 0x01, 0xF0, 0x01, 0xF0, 0x01, 0xFA, 0xF0, 0x01
  .byte 0xF0, 0x01, 0xF0, 0x01, 0xF0, 0x01, 0x10, 0x01, 0x34, 0x00, 0x03, 0x45, 0xA0, 0x00, 0x03, 0x50
  .byte 0xF0, 0x1A, 0x00, 0x00, 0x88, 0x99, 0x77, 0x00, 0x77, 0x88, 0xCC, 0x99, 0x99, 0x84, 0x19, 0x1C
  .byte 0x06, 0x1C, 0x45, 0x98, 0x99, 0x99, 0x02, 0xBC, 0x05, 0x27, 0x55, 0x48, 0xFF, 0x30, 0x33, 0x40
  .byte 0x43, 0x00, 0xEF, 0xF3, 0xC9, 0x9C, 0x00, 0x88, 0xF4, 0x1C, 0x89, 0x48, 0x0F, 0x99, 0x38, 0x1E
  .byte 0xF4, 0x00, 0x88, 0x00, 0x19, 0x10, 0x1C, 0x04, 0x0A, 0x20, 0x03, 0x45, 0x80, 0x10, 0x0F, 0x55
  .byte 0x55, 0x55, 0x5F, 0x55, 0x45, 0x44, 0x17, 0x00, 0xFF, 0x44, 0x03, 0x33, 0xFF, 0x10, 0x1E, 0xE0
  .byte 0x01, 0x02, 0x79, 0xFF, 0x42, 0x1F, 0xF0, 0x01, 0xF0, 0x01, 0xF0, 0x01, 0xF0, 0x01, 0xF0, 0x01
  .byte 0xF0, 0x01, 0xF0, 0x01, 0xB1, 0xF0, 0x01, 0x40, 0x02, 0xEF, 0x03, 0x07, 0x40, 0x33, 0x43, 0x04
  .byte 0xD8, 0xBF, 0x02, 0xAF, 0xFF, 0xA0, 0xA6, 0x10, 0xE3, 0x10, 0x10, 0xF0, 0xBB, 0xF0, 0x01, 0xF0
  .byte 0x01, 0xF0, 0xF0, 0x01, 0xF0, 0x01, 0xF0, 0x01, 0x90, 0x01, 0x00, 0x00

  .globl gMonPalette_Aipom
gMonPalette_Aipom:
  .incbin "build/graphics/pokemon/aipom/normal_palette.gbapal.lz"

  .globl gMonBackPic_Aipom
gMonBackPic_Aipom:
  .incbin "build/graphics/pokemon/aipom/back.4bpp.lz"

  .globl gMonShinyPalette_Aipom
gMonShinyPalette_Aipom:
  .incbin "build/graphics/pokemon/aipom/shiny_palette.gbapal.lz"

	.globl gMonIcon_Aipom
gMonIcon_Aipom: @ 0x08CB2B0C [190]
  .incbin "build/graphics/pokemon/aipom/icon.4bpp"
  @ Replaced baserom.gba range: offset=0xCB2F0C, size=0x258
  .byte 0x00, 0x00, 0x00, 0x00, 0x00, 0x80, 0x80, 0xC0, 0x00, 0x00, 0x00, 0x00, 0x03, 0x0F, 0x0F, 0x0F
  .byte 0xC0, 0xC0, 0xC0, 0xC0, 0x80, 0x00, 0x00, 0x00, 0x0F, 0x07, 0x07, 0x03, 0x01, 0x00, 0x00, 0x00
  .byte 0x10, 0x00, 0x08, 0x00, 0x3F, 0x00, 0x00, 0xF0, 0x01, 0xF0, 0x01, 0xF0, 0x01, 0xF0, 0x01, 0xF0
  .byte 0x01, 0xF0, 0x01, 0xFF, 0xF0, 0x01, 0xF0, 0x01, 0xF0, 0x01, 0xF0, 0x01, 0xF0, 0x01, 0xF0, 0x01
  .byte 0xF0, 0x01, 0xF0, 0x01, 0xFF, 0xF0, 0x01, 0xF0, 0x01, 0xF0, 0x01, 0xF0, 0x01, 0xF0, 0x01, 0xF0
  .byte 0x01, 0xF0, 0x01, 0xF0, 0x01, 0xFF, 0xF0, 0x01, 0xF0, 0x01, 0xF0, 0x01, 0xF0, 0x01, 0xF0, 0x01
  .byte 0xF0, 0x01, 0xF0, 0x01, 0xF0, 0x01, 0xF4, 0xF0, 0x01, 0xF0, 0x01, 0xF0, 0x01, 0x80, 0x01, 0x9A
  .byte 0x40, 0x07, 0xAA, 0x00, 0x02, 0x00, 0xA0, 0xCC, 0x00, 0x00, 0xCA, 0x10, 0x03, 0xAC, 0x80, 0x00
  .byte 0x0A, 0xCA, 0x00, 0x90, 0xAB, 0xBC, 0xA9, 0x90, 0x00, 0xAA, 0xBB, 0xAA, 0x9A, 0x09, 0x00, 0xBB
  .byte 0xBB, 0x44, 0x9A, 0x00, 0x03, 0xDB, 0x00, 0xAA, 0x00, 0x03, 0xBC, 0xBB, 0x02, 0xDA, 0x00, 0xBB
  .byte 0xAB, 0x0D, 0x00, 0x00, 0x06, 0x00, 0x3F, 0x9A, 0x0D, 0xF0, 0x50, 0xF0, 0x01, 0xF0, 0x01, 0xF0
  .byte 0x01, 0xF0, 0x01, 0xF0, 0x01, 0xF5, 0xF0, 0x01, 0xF0, 0x01, 0xF0, 0x01, 0x00, 0xDA, 0xBC, 0x00
  .byte 0xCF, 0xCC, 0x00, 0xDA, 0x50, 0xAA, 0x00, 0xDA, 0xBC, 0x00, 0xDA, 0xBB, 0xA0, 0xCB, 0xBC, 0x00
  .byte 0xBB, 0xA0, 0xBB, 0xBB, 0xAB, 0xA0, 0xBB, 0xAB, 0x00, 0x99, 0xBB, 0x9A, 0xAA, 0x9A, 0xAA, 0xA9
  .byte 0xAA, 0x60, 0x09, 0x00, 0xE8, 0x00, 0xD3, 0xAA, 0xD2, 0xAB, 0x0D, 0x39, 0x00, 0x67, 0xDA, 0x00
  .byte 0x40, 0x67, 0x09, 0x00, 0x42, 0x02, 0x66, 0x40, 0x22, 0x66, 0x63, 0x09, 0x10, 0x42, 0x40, 0x80
  .byte 0x00, 0xE8, 0x40, 0xD6, 0x30, 0x00, 0x30, 0x46, 0x4D, 0x00, 0xD2, 0x63, 0x46, 0x24, 0x66, 0x63
  .byte 0x66, 0x66, 0x00, 0x66, 0x73, 0x77, 0x67, 0x77, 0x77, 0x77, 0x77, 0xAE, 0x10, 0x1E, 0x23, 0x00
  .byte 0x03, 0x24, 0x50, 0x03, 0x00, 0x2A, 0x10, 0x03, 0x46, 0x07, 0x01, 0x00, 0x00, 0x66, 0x34, 0xF0
  .byte 0x8D, 0xF0, 0x01, 0xF0, 0x01, 0xFB, 0xF0, 0x01, 0xF0, 0x01, 0xF0, 0x01, 0xF0, 0x01, 0x31, 0xE1
  .byte 0x99, 0xF0, 0x13, 0x80, 0x01, 0x00, 0x40, 0x77, 0x66, 0x73, 0x00, 0x73, 0x67, 0x77, 0x04, 0x00
  .byte 0x34, 0x76, 0x77, 0x40, 0x00, 0xD4, 0x40, 0x22, 0x02, 0x73, 0x74, 0x00, 0x00, 0x43, 0x44, 0x00
  .byte 0x03, 0x22, 0x00, 0x00, 0x00, 0x20, 0xDF, 0x77, 0x77, 0x74, 0x74, 0x00, 0x77, 0x77, 0x44, 0x44
  .byte 0x77, 0x47, 0x24, 0xDD, 0x12, 0x77, 0x77, 0xF2, 0x00, 0x03, 0xDD, 0xED, 0x00, 0x03, 0xEE, 0x00
  .byte 0x76, 0x77, 0xD6, 0xDD, 0x7D, 0x77, 0x77, 0x47, 0x00, 0x67, 0x46, 0x03, 0x00, 0x67, 0x46, 0x24
  .byte 0x00, 0x00, 0x64, 0x66, 0xD4, 0x00, 0x6D, 0x66, 0x44, 0x02, 0x00, 0x3D, 0x66, 0x44, 0x0D, 0x3D
  .byte 0x63, 0x44, 0xD4, 0x00, 0x33, 0x33, 0x42, 0xD4, 0x3D, 0x33, 0x22, 0xD2, 0xFF, 0xF0, 0x71, 0xF0
  .byte 0x01, 0xF0, 0x01, 0xF0, 0x01, 0xF0, 0x01, 0xF0, 0x01, 0xF0, 0x01, 0xF0, 0x01, 0x96, 0xF0, 0x01
  .byte 0x20, 0xDD, 0x00, 0x03, 0xED, 0x00, 0x08, 0x00, 0x07, 0x00, 0x50, 0x30, 0x00, 0x03, 0x10, 0x90
  .byte 0x1D, 0x7D, 0x46, 0x34, 0x33, 0x00, 0x7D, 0x74, 0x67, 0x66, 0x74, 0x64, 0x66, 0x66, 0x00, 0x21
  .byte 0x64, 0x33, 0x63, 0x33, 0x66, 0x33, 0x23, 0x00, 0x21, 0x42, 0x24, 0x22, 0x10, 0x22, 0x44, 0x22
  .byte 0x04, 0x00, 0x20, 0x11, 0xDD, 0x31, 0x00, 0xE3, 0x36, 0x23, 0x00, 0x22, 0xD2, 0x66, 0x24, 0x22
  .byte 0x0D, 0x46, 0x44, 0x00, 0x44, 0x0D, 0x22, 0x44, 0xD2, 0x00, 0x22, 0x22, 0x1F, 0x0D, 0x00, 0x22
  .byte 0x00, 0x4D, 0x10, 0x50, 0xF0, 0x01, 0xF0, 0x01, 0xF0, 0x01, 0xFF, 0xF0, 0x01, 0xF0, 0x01, 0xF0
  .byte 0x01, 0xF0, 0x01, 0xF0, 0x01, 0xF0, 0x01, 0xF0, 0x01, 0xF0, 0x01, 0xFF, 0xF0, 0x01, 0xF0, 0x01
  .byte 0xF0, 0x01, 0xF0, 0x01, 0xF0, 0x01, 0xF0, 0x01, 0xF0, 0x01, 0xF0, 0x01, 0xFF, 0xF0, 0x01, 0xF0
  .byte 0x01, 0xF0, 0x01, 0xF0, 0x01, 0xF0, 0x01, 0xF0, 0x01, 0xF0, 0x01, 0xF0, 0x01, 0xF8, 0xF0, 0x01
  .byte 0xF0, 0x01, 0xF0, 0x01, 0xF0, 0x01, 0xF0, 0x01

  .globl gMonPalette_Sunkern
gMonPalette_Sunkern:
  .incbin "build/graphics/pokemon/sunkern/normal_palette.gbapal.lz"

  .globl gMonBackPic_Sunkern
gMonBackPic_Sunkern:
  .incbin "build/graphics/pokemon/sunkern/back.4bpp.lz"

  .globl gMonShinyPalette_Sunkern
gMonShinyPalette_Sunkern:
  .incbin "build/graphics/pokemon/sunkern/shiny_palette.gbapal.lz"

	.globl gMonIcon_Sunkern
gMonIcon_Sunkern: @ 0x08CB3478 [191]
  .incbin "build/graphics/pokemon/sunkern/icon.4bpp"
  @ Replaced baserom.gba range: offset=0xCB3878, size=0x378
  .byte 0x00, 0x00, 0x00, 0x00, 0x00, 0x00, 0x00, 0x00, 0x00, 0x00, 0x00, 0x00, 0x00, 0x00, 0x00, 0x00
  .byte 0x00, 0x00, 0x00, 0x00, 0x00, 0x00, 0x00, 0x00, 0x00, 0x00, 0x00, 0x00, 0x00, 0x00, 0x00, 0x00
  .byte 0x10, 0x00, 0x08, 0x00, 0x3F, 0x00, 0x00, 0xF0, 0x01, 0xF0, 0x01, 0xF0, 0x01, 0xF0, 0x01, 0xF0
  .byte 0x01, 0xF0, 0x01, 0xFF, 0xF0, 0x01, 0xF0, 0x01, 0xF0, 0x01, 0xF0, 0x01, 0xF0, 0x01, 0xF0, 0x01
  .byte 0xF0, 0x01, 0xF0, 0x01, 0xF8, 0xF0, 0x01, 0xF0, 0x01, 0xF0, 0x01, 0xF0, 0x01, 0x20, 0x01, 0x40
  .byte 0x00, 0x00, 0x00, 0x44, 0x94, 0x00, 0x00, 0x64, 0x64, 0x00, 0x00, 0x00, 0x63, 0x63, 0x00, 0x40
  .byte 0x33, 0x63, 0x44, 0x94, 0x00, 0x59, 0x33, 0x40, 0x04, 0x00, 0x30, 0x94, 0x39, 0x00, 0x00, 0x53
  .byte 0x99, 0x99, 0x31, 0x35, 0x99, 0x69, 0x00, 0x16, 0x93, 0x99, 0x66, 0x16, 0x99, 0x66, 0x44, 0x80
  .byte 0x00, 0x1B, 0x88, 0x88, 0x38, 0x88, 0x88, 0x88, 0x88, 0x00, 0x03, 0x50, 0x33, 0x03, 0x33, 0x95
  .byte 0x99, 0x03, 0x10, 0x99, 0x99, 0x59, 0x00, 0x03, 0x16, 0x00, 0x99, 0x66, 0x00, 0x56, 0x01, 0x66
  .byte 0x66, 0x55, 0x31, 0x53, 0x55, 0x18, 0x55, 0x51, 0x35, 0x00, 0x03, 0xF0, 0x66, 0x00, 0x00, 0x13
  .byte 0xAF, 0x00, 0x03, 0x15, 0x00, 0x03, 0x01, 0xF0, 0x1A, 0xF0, 0x01, 0xF0, 0x01, 0xF0, 0x01, 0xF0
  .byte 0xF0, 0x01, 0xF0, 0x01, 0xF0, 0x01, 0x20, 0x01, 0x94, 0x99, 0x59, 0x63, 0x00, 0x94, 0x99, 0x46
  .byte 0x38, 0x40, 0x99, 0x86, 0x85, 0x00, 0x10, 0x69, 0x86, 0x85, 0x30, 0x61, 0x84, 0x33, 0x00, 0x53
  .byte 0x15, 0x83, 0x75, 0x50, 0x93, 0x83, 0x85, 0x00, 0x30, 0x99, 0x73, 0x85, 0x83, 0x88, 0x88, 0x83
  .byte 0x00, 0x38, 0x88, 0x38, 0x38, 0x48, 0x88, 0x84, 0x58, 0xC0, 0x00, 0xEE, 0x10, 0x03, 0x33, 0x33
  .byte 0x33, 0x33, 0x58, 0x38, 0x00, 0xAA, 0x3A, 0x58, 0x88, 0x33, 0x83, 0x58, 0x75, 0x00, 0x53, 0x15
  .byte 0x33, 0x88, 0x37, 0x91, 0x99, 0x88, 0x20, 0x37, 0x99, 0x30, 0x03, 0x17, 0x99, 0x99, 0x78, 0x17
  .byte 0x00, 0x96, 0x99, 0x77, 0x17, 0x65, 0x66, 0x77, 0x57, 0x28, 0x53, 0x55, 0x10, 0xE3, 0x33, 0x00
  .byte 0x03, 0x99, 0x33, 0x01, 0x10, 0x00, 0x99, 0x56, 0x00, 0x03, 0x36, 0x00, 0x00, 0x66, 0x87, 0x00
  .byte 0xFC, 0x56, 0x03, 0x00, 0x00, 0x20, 0x1C, 0xF0, 0x01, 0xF0, 0x01, 0xF8, 0xF0, 0x01, 0xF0, 0x01
  .byte 0xF0, 0x01, 0xF0, 0x01, 0xF0, 0x01, 0x00, 0x30, 0x99, 0x00, 0x74, 0x75, 0x40, 0x99, 0x76, 0x57
  .byte 0x94, 0x99, 0x00, 0x36, 0x57, 0x40, 0x63, 0x66, 0x73, 0x00, 0x30, 0x52, 0x66, 0x00, 0xA1, 0x13
  .byte 0x01, 0xB7, 0x63, 0x35, 0x00, 0x03, 0x15, 0x84, 0x00, 0xEF, 0x57, 0x77, 0x77, 0x77, 0x10, 0x03
  .byte 0x77, 0x75, 0x80, 0x00, 0x07, 0x73, 0x77, 0x57, 0x35, 0x36, 0x33, 0x33, 0x00, 0x53, 0x69, 0x56
  .byte 0x55, 0x55, 0x99, 0x66, 0x55, 0x00, 0x55, 0x77, 0x37, 0x33, 0x55, 0x77, 0x53, 0x55, 0x00, 0x13
  .byte 0x35, 0x69, 0x55, 0x35, 0x93, 0x99, 0x56, 0x30, 0x15, 0x91, 0x00, 0x03, 0x10, 0x07, 0x31, 0x55
  .byte 0x14, 0x15, 0x0A, 0x41, 0x11, 0x01, 0x11, 0x11, 0xE7, 0x31, 0x00, 0x03, 0x44, 0xBF, 0x00, 0xEF
  .byte 0x14, 0x00, 0xEF, 0xF0, 0xF2, 0xF0, 0x01, 0xF0, 0x01, 0xF0, 0x01, 0xF0, 0x01, 0xD2, 0xF0, 0x01
  .byte 0x30, 0x01, 0xDD, 0x00, 0x03, 0xFC, 0x0D, 0x00, 0x03, 0xCF, 0x80, 0x00, 0x03, 0xFD, 0x00, 0x00
  .byte 0xED, 0xDF, 0x00, 0x00, 0x2A, 0xC0, 0xFF, 0x00, 0x03, 0xEE, 0x00, 0x18, 0xDC, 0x00, 0xEB, 0x11
  .byte 0x00, 0x00, 0xCD, 0xCC, 0x00, 0xCC, 0xFF, 0xEF, 0xCC, 0x00, 0xFF, 0xFF, 0xEE, 0xEE, 0xDD, 0xCC
  .byte 0xCC, 0xEC, 0x0E, 0xEE, 0xEE, 0xEE, 0xCE, 0x00, 0x03, 0x20, 0x01, 0x10, 0xE3, 0x93, 0x00, 0x56
  .byte 0x55, 0x15, 0x30, 0x56, 0x11, 0xE1, 0x3C, 0x00, 0x15, 0x00, 0xEC, 0xCE, 0x01, 0xC0, 0xEE, 0xED
  .byte 0x00, 0x0C, 0xFC, 0xEF, 0xEE, 0xDD, 0xFF, 0xFF, 0xCE, 0x00, 0xFC, 0xFF, 0xEF, 0x11, 0x01, 0x00
  .byte 0xD0, 0x3E, 0x08, 0x00, 0x00, 0xEC, 0x1E, 0x00, 0x53, 0x1E, 0x00, 0xFC, 0x00, 0xDF, 0xEE, 0x01
  .byte 0xFC, 0xFD, 0xEE, 0xCC, 0xDE, 0xA0, 0x00, 0x49, 0xED, 0x00, 0x4C, 0xC1, 0xE1, 0xCC, 0xCC, 0x0C
  .byte 0x50, 0x00, 0x00, 0x4E, 0x01, 0x00, 0x10, 0xCE, 0xDD, 0xCC, 0xEE, 0x00, 0xEE, 0xFF, 0xEF, 0xEC
  .byte 0xCE, 0xFF, 0xEE, 0xCE, 0xA8, 0x10, 0x63, 0xDE, 0x00, 0x02, 0xDD, 0x10, 0x9E, 0xC0, 0xCE, 0x00
  .byte 0x01, 0x00, 0xE1, 0x1E, 0x00, 0x00, 0xEE, 0x1D, 0x00, 0x03, 0x6F, 0x0C, 0x00, 0x03, 0x01, 0x24
  .byte 0xDD, 0x00, 0x03, 0x00, 0x0E, 0xF0, 0x01, 0xF0, 0x01, 0xD8, 0xF0, 0x01, 0xB0, 0x01, 0xC0, 0xF0
  .byte 0x12, 0x70, 0x01, 0xDC, 0xDD, 0xDD, 0x1C, 0xCD, 0xC0, 0x1C, 0x00, 0xC5, 0xF0, 0x1A, 0x20, 0x01
  .byte 0x01, 0xED, 0x14, 0xFF, 0xEE, 0xC0, 0x00, 0xAC, 0x10, 0x40, 0x03, 0xC0, 0xDD, 0x00, 0xEE, 0xEE
  .byte 0x00, 0xD1, 0xDD, 0xDD, 0x00, 0x10, 0x82, 0x00, 0x03, 0x00, 0x1C, 0x11, 0xEE, 0x1C, 0x01, 0x48
  .byte 0xCD, 0x1B, 0x00, 0x00, 0xDE, 0x00, 0xAC, 0x10, 0x03, 0xDD, 0x10, 0x03, 0x00, 0xC3, 0xB1, 0x10
  .byte 0xBF, 0x11, 0x00, 0x3F, 0x00, 0x2A, 0x1D, 0xC0, 0x11, 0xF0, 0x5F, 0xFF, 0x60, 0x5F, 0xF0, 0x12
  .byte 0xF0, 0x01, 0xF0, 0x01, 0xF0, 0x01, 0xF0, 0x01, 0xF0, 0x01, 0xF0, 0x01, 0x80, 0x40, 0x01, 0xCC
  .byte 0xCC, 0x00, 0xDC, 0xEF, 0xEE, 0xC0, 0x00, 0xFF, 0xDD, 0xEE, 0xD0, 0xDC, 0xFF, 0xDD, 0x00, 0x12
  .byte 0xFD, 0xEE, 0x11, 0x11, 0xD1, 0x00, 0x10, 0x00, 0x9D, 0xCC, 0x04, 0x1D, 0xC0, 0xCC, 0xEE, 0x1D
  .byte 0x01, 0x02, 0x1D, 0x00, 0x11, 0xEE, 0xDD, 0xCD, 0x00, 0xDF, 0x0C, 0x00, 0x11, 0x00, 0xDF, 0xA0
  .byte 0x62, 0x5D, 0xCC, 0x00, 0x03, 0xCD, 0x1C, 0x11, 0xDD, 0xDD, 0x00, 0xDD, 0xDD, 0xD1, 0xEE, 0xEE
  .byte 0xCC, 0xC0, 0xE1, 0x03, 0xEE, 0xFE, 0x00, 0xC0, 0x11, 0xE1, 0x91, 0x77, 0x10, 0xE3, 0x50, 0xCD
  .byte 0x01, 0x0C, 0xDC, 0x01, 0x14, 0xCF, 0xD1, 0x01, 0x00, 0x37, 0xFE, 0x1F, 0x01, 0xEF, 0x00, 0x03
  .byte 0xC0, 0xF0, 0xFC, 0xF0, 0x01, 0xF0, 0x01, 0xFF, 0xF0, 0x01, 0xF0, 0x01, 0xF0, 0x01, 0xF0, 0x01
  .byte 0xF0, 0x01, 0xF0, 0x01, 0xF0, 0x01, 0xF0, 0x01, 0xFE, 0xF0, 0x01, 0xF0, 0x01, 0xF0, 0x01, 0xF0
  .byte 0x01, 0xF0, 0x01, 0xF0, 0x01, 0xE0, 0x01, 0x00

  .globl gMonPalette_Sunflora
gMonPalette_Sunflora:
  .incbin "build/graphics/pokemon/sunflora/normal_palette.gbapal.lz"

  .globl gMonBackPic_Sunflora
gMonBackPic_Sunflora:
  .incbin "build/graphics/pokemon/sunflora/back.4bpp.lz"

  .globl gMonShinyPalette_Sunflora
gMonShinyPalette_Sunflora:
  .incbin "build/graphics/pokemon/sunflora/shiny_palette.gbapal.lz"

	.globl gMonIcon_Sunflora
gMonIcon_Sunflora: @ 0x08CB3FE0 [192]
  .incbin "build/graphics/pokemon/sunflora/icon.4bpp"
  @ Replaced baserom.gba range: offset=0xCB43E0, size=0x3A4
  .byte 0x00, 0x40, 0x60, 0x60, 0x60, 0xE0, 0xE0, 0xE0, 0x00, 0x03, 0x07, 0x07, 0x07, 0x07, 0x07, 0x07
  .byte 0xE0, 0xC0, 0xC0, 0xC0, 0xC0, 0xC0, 0x80, 0x00, 0x07, 0x07, 0x07, 0x03, 0x03, 0x03, 0x01, 0x00
  .byte 0x10, 0x00, 0x08, 0x00, 0x3F, 0x00, 0x00, 0xF0, 0x01, 0xF0, 0x01, 0xF0, 0x01, 0xF0, 0x01, 0xF0
  .byte 0x01, 0xF0, 0x01, 0xFF, 0xF0, 0x01, 0xF0, 0x01, 0xF0, 0x01, 0xF0, 0x01, 0xF0, 0x01, 0xF0, 0x01
  .byte 0xF0, 0x01, 0xF0, 0x01, 0xFE, 0xF0, 0x01, 0xF0, 0x01, 0xF0, 0x01, 0xF0, 0x01, 0xF0, 0x01, 0xF0
  .byte 0x01, 0x80, 0x01, 0xCC, 0x80, 0x00, 0x03, 0xED, 0x0C, 0x00, 0x00, 0x10, 0x61, 0x30, 0x80, 0xA0
  .byte 0x17, 0x30, 0x06, 0x00, 0x00, 0x43, 0x63, 0x00, 0x00, 0x30, 0x34, 0x63, 0x00, 0x43, 0x33, 0x06
  .byte 0x00, 0xFE, 0x00, 0x06, 0xF0, 0x3B, 0xF0, 0x01, 0xF0, 0x01, 0xF0, 0x01, 0xF0, 0x01, 0xF0, 0x01
  .byte 0xD0, 0xA1, 0x00, 0x02, 0xDD, 0x00, 0x98, 0xEE, 0x00, 0xD0, 0xEE, 0x30, 0x03, 0x68, 0xC0, 0x00
  .byte 0x03, 0x00, 0x18, 0xCD, 0x00, 0xAA, 0xEE, 0xDE, 0x0C, 0x00, 0x00, 0xEC, 0xEE, 0xCE, 0x00, 0xCE
  .byte 0xEE, 0x5E, 0x00, 0x03, 0xEE, 0xE3, 0x45, 0x34, 0xEE, 0x35, 0x44, 0x07, 0x44, 0x45, 0x44, 0x43
  .byte 0x44, 0x30, 0x37, 0x20, 0x03, 0x90, 0x01, 0x00, 0x33, 0x03, 0x00, 0x33, 0x54, 0x04, 0x30, 0x54
  .byte 0x00, 0x35, 0x0C, 0x41, 0x33, 0x36, 0x1E, 0x44, 0x34, 0x00, 0x13, 0x1C, 0x44, 0x34, 0x61, 0x30
  .byte 0x45, 0x14, 0x00, 0x33, 0x33, 0x51, 0x43, 0x34, 0x34, 0x31, 0x53, 0x55, 0x44, 0x00, 0xE5, 0x35
  .byte 0x00, 0xED, 0x53, 0x00, 0xE6, 0x00, 0x00, 0x02, 0xEF, 0x20, 0x01, 0x10, 0x07, 0x10, 0xF2, 0x11
  .byte 0x00, 0x08, 0x10, 0xFB, 0x00, 0x24, 0xF0, 0xA5, 0xE0, 0xF0, 0x01, 0xF0, 0x01, 0x20, 0xCD, 0xDD
  .byte 0x0D, 0xD0, 0xED, 0xEE, 0x60, 0xDE, 0xF0, 0x18, 0xC0, 0x01, 0xC0, 0xEE, 0x5E, 0x00, 0x00, 0x6B
  .byte 0x5C, 0x00, 0xC7, 0x10, 0xCB, 0x30, 0x10, 0xCF, 0x43, 0x11, 0x89, 0x50, 0x1E, 0x03, 0x44, 0x44
  .byte 0x34, 0x44, 0x44, 0x44, 0x00, 0xE8, 0x30, 0x08, 0x00, 0xE5, 0x44, 0x44, 0xE4, 0xEE, 0x43, 0x44
  .byte 0xEE, 0x14, 0xEE, 0x30, 0xE3, 0x31, 0x1F, 0xC4, 0x01, 0xAC, 0xE5, 0x0C, 0x34, 0x61, 0x06, 0x01
  .byte 0x1A, 0x01, 0x1F, 0x0C, 0x01, 0x1F, 0xAE, 0x00, 0x04, 0xEE, 0xEC, 0xEE, 0x0A, 0xEE, 0x00, 0x08
  .byte 0xEE, 0xEE, 0x6A, 0xCC, 0x11, 0x3F, 0x10, 0x4B, 0x60, 0x80, 0x71, 0x10, 0x10, 0x67, 0x10, 0x00
  .byte 0x00, 0x11, 0x33, 0x51, 0x16, 0x54, 0x55, 0x45, 0x82, 0x00, 0xEC, 0x35, 0x34, 0x06, 0x00, 0x56
  .byte 0x00, 0xF0, 0x56, 0x80, 0x00, 0xF0, 0x31, 0x41, 0x63, 0x00, 0x55, 0x14, 0x63, 0x00, 0x00, 0x33
  .byte 0x33, 0x61, 0x00, 0x44, 0x31, 0x63, 0x50, 0xA3, 0x40, 0x3F, 0x33, 0x20, 0x9B, 0xC0, 0x5A, 0x44
  .byte 0x00, 0x10, 0xDC, 0xEE, 0x45, 0x00, 0x76, 0x5E, 0xEC, 0xEE, 0xEE, 0x00, 0x3C, 0xEE, 0xEE, 0xCE
  .byte 0x5E, 0x53, 0xEE, 0xEE, 0x10, 0xEE, 0x44, 0xE5, 0x00, 0x03, 0x44, 0xE5, 0xDD, 0x44, 0x00, 0x34
  .byte 0x33, 0xEE, 0x44, 0x43, 0x54, 0xEE, 0x33, 0x1D, 0x44, 0x44, 0x54, 0x10, 0xB4, 0x10, 0x01, 0x01
  .byte 0xBA, 0x00, 0x10, 0x03, 0x32, 0xDD, 0x0D, 0x11, 0xC3, 0x00, 0x03, 0xEE, 0x0D, 0x00, 0x03, 0x0C
  .byte 0x2F, 0x00, 0xE5, 0x00, 0x03, 0x54, 0x00, 0xB3, 0xF0, 0x01, 0xE2, 0xAC, 0x10, 0xC3, 0xEA, 0x12
  .byte 0xB1, 0x10, 0x01, 0x10, 0xC7, 0xC6, 0x00, 0x03, 0x66, 0x41, 0xAE, 0x00, 0x00, 0xEE, 0xDD, 0xDD
  .byte 0xDC, 0xDC, 0xDD, 0xDD, 0xCD, 0x00, 0xAA, 0xDA, 0xED, 0xEE, 0xAC, 0xA6, 0xD0, 0x77, 0x00, 0x6A
  .byte 0x00, 0x88, 0x88, 0x06, 0x60, 0x96, 0x39, 0x00, 0x06, 0xE6, 0x96, 0x39, 0x60, 0xE7, 0x97, 0x99
  .byte 0x00, 0x51, 0x46, 0x55, 0x45, 0x51, 0x13, 0x55, 0x45, 0x00, 0x41, 0x63, 0x11, 0x43, 0x41, 0x63
  .byte 0x33, 0x13, 0x00, 0x43, 0x34, 0x33, 0x56, 0x54, 0x45, 0x44, 0x34, 0xC0, 0x00, 0x03, 0x01, 0x54
  .byte 0x34, 0x11, 0x44, 0x63, 0xA1, 0xEA, 0x00, 0x34, 0x13, 0xC6, 0xDD, 0x13, 0x41, 0xD6, 0xDD, 0x00
  .byte 0x51, 0x34, 0xD6, 0xCC, 0x35, 0x63, 0xCC, 0xEE, 0x00, 0x33, 0xC6, 0xDD, 0xDD, 0x13, 0xD3, 0xDD
  .byte 0xDD, 0x00, 0x11, 0x13, 0xCD, 0xAA, 0xDD, 0xCE, 0xEC, 0xEE, 0x00, 0xCD, 0xDC, 0xEE, 0xEE, 0xDC
  .byte 0xDD, 0xED, 0xEE, 0xA0, 0x00, 0x6B, 0xEE, 0x20, 0x01, 0xED, 0xEE, 0xCE, 0xCD, 0xCC, 0x02, 0xCC
  .byte 0x0C, 0xAA, 0xAA, 0x06, 0x00, 0x00, 0x46, 0x44, 0x50, 0x5E, 0x00, 0x03, 0xEE, 0x00, 0x08, 0xEE
  .byte 0x5E, 0x44, 0x33, 0x06, 0xEE, 0xDE, 0x33, 0x00, 0xCC, 0x00, 0xEB, 0x61, 0xBF, 0xC5, 0xBF, 0x00
  .byte 0x03, 0x03, 0x02, 0x4F, 0x00, 0x0B, 0x00, 0x06, 0xF0, 0x01, 0xF0, 0x01, 0xF0, 0x01, 0xC0, 0xF0
  .byte 0x01, 0x60, 0x01, 0x60, 0x76, 0x99, 0x99, 0x68, 0x97, 0x08, 0x99, 0x99, 0x98, 0x99, 0x30, 0x03
  .byte 0x97, 0x99, 0x39, 0x00, 0x83, 0x97, 0x99, 0x53, 0x35, 0x70, 0x38, 0x55, 0x00, 0x34, 0x70, 0x18
  .byte 0x43, 0x34, 0x39, 0x11, 0x81, 0xC0, 0x00, 0x15, 0x10, 0x01, 0xEE, 0x99, 0xE9, 0xE9, 0xEE, 0x9E
  .byte 0x00, 0x99, 0xE9, 0xEE, 0x6E, 0x98, 0x99, 0xEE, 0xE6, 0x10, 0x91, 0x99, 0x89, 0x00, 0x03, 0x69
  .byte 0x66, 0x89, 0x31, 0x00, 0xAA, 0x03, 0x99, 0x18, 0x33, 0xCA, 0x99, 0x89, 0x00, 0xA6, 0xAA, 0x99
  .byte 0x89, 0x06, 0x60, 0x86, 0x89, 0x01, 0x06, 0x00, 0x68, 0x88, 0x06, 0x00, 0x67, 0x00, 0x03, 0x00
  .byte 0x66, 0x88, 0x06, 0xC0, 0x00, 0xAC, 0x6A, 0x00, 0x00, 0x06, 0xA0, 0x6A, 0x00, 0x6C, 0xC0, 0x6A
  .byte 0x00, 0x07, 0xCA, 0x06, 0x06, 0x00, 0xC6, 0x01, 0x75, 0x50, 0x03, 0x00, 0xFE, 0xFF, 0xF0, 0x90
  .byte 0xF0, 0x01, 0xF0, 0x01, 0xF0, 0x01, 0xF0, 0x01, 0xF0, 0x01, 0xF0, 0x01, 0x10, 0x01, 0x00, 0x47
  .byte 0x16, 0x33, 0x00, 0x30, 0x61, 0x11, 0x00, 0x1E, 0x10, 0x13, 0x14, 0x03, 0xB9, 0x02, 0xA7, 0x22
  .byte 0x1B, 0x60, 0x01, 0x81, 0x00, 0x99, 0x69, 0xC6, 0x81, 0x88, 0x78, 0x66, 0x86, 0x10, 0x88, 0x88
  .byte 0x88, 0x10, 0x03, 0x66, 0x88, 0x88, 0x68, 0x10, 0x00, 0x66, 0x66, 0x60, 0xB9, 0x86, 0x78, 0x00
  .byte 0xA0, 0xA7, 0x00, 0x11, 0xAC, 0x00, 0xEE, 0xA6, 0x68, 0x01, 0x4E, 0x00, 0x18, 0x93, 0x2B, 0xBF
  .byte 0x20, 0xE3, 0x6A, 0x10, 0x03, 0x00, 0x0B, 0x10, 0x03, 0xF0, 0xF2, 0xF0, 0x01, 0xF0, 0x01, 0xFF
  .byte 0xF0, 0x01, 0xF0, 0x01, 0xF0, 0x01, 0xF0, 0x01, 0xF0, 0x01, 0xF0, 0x01, 0xF0, 0x01, 0xF0, 0x01
  .byte 0xFF, 0xF0, 0x01, 0xF0, 0x01, 0xF0, 0x01, 0xF0, 0x01, 0xF0, 0x01, 0xF0, 0x01, 0xF0, 0x01, 0x90
  .byte 0x01, 0x00, 0x00, 0x00

  .globl gMonPalette_Yanma
gMonPalette_Yanma:
  .incbin "build/graphics/pokemon/yanma/normal_palette.gbapal.lz"

  .globl gMonBackPic_Yanma
gMonBackPic_Yanma:
  .incbin "build/graphics/pokemon/yanma/back.4bpp.lz"

  .globl gMonShinyPalette_Yanma
gMonShinyPalette_Yanma:
  .incbin "build/graphics/pokemon/yanma/shiny_palette.gbapal.lz"

	.globl gMonIcon_Yanma
gMonIcon_Yanma: @ 0x08CB4B88 [193]
  .incbin "build/graphics/pokemon/yanma/icon.4bpp"
  @ Replaced baserom.gba range: offset=0xCB4F88, size=0x260
  .byte 0x00, 0x00, 0x00, 0x00, 0x00, 0x00, 0x40, 0xC0, 0x00, 0x00, 0x00, 0x00, 0x00, 0x00, 0x02, 0x03
  .byte 0xC0, 0x80, 0x00, 0x00, 0x00, 0x00, 0x00, 0x00, 0x03, 0x01, 0x00, 0x00, 0x00, 0x00, 0x00, 0x00
  .byte 0x10, 0x00, 0x08, 0x00, 0x3F, 0x00, 0x00, 0xF0, 0x01, 0xF0, 0x01, 0xF0, 0x01, 0xF0, 0x01, 0xF0
  .byte 0x01, 0xF0, 0x01, 0xFF, 0xF0, 0x01, 0xF0, 0x01, 0xF0, 0x01, 0xF0, 0x01, 0xF0, 0x01, 0xF0, 0x01
  .byte 0xF0, 0x01, 0xF0, 0x01, 0xFF, 0xF0, 0x01, 0xF0, 0x01, 0xF0, 0x01, 0xF0, 0x01, 0xF0, 0x01, 0xF0
  .byte 0x01, 0xF0, 0x01, 0xF0, 0x01, 0xFF, 0xF0, 0x01, 0xF0, 0x01, 0xF0, 0x01, 0xF0, 0x01, 0xF0, 0x01
  .byte 0xF0, 0x01, 0xF0, 0x01, 0xF0, 0x01, 0xF5, 0xF0, 0x01, 0xF0, 0x01, 0xF0, 0x01, 0x80, 0x01, 0x40
  .byte 0x80, 0x0B, 0x44, 0x00, 0x02, 0x00, 0x65, 0x00, 0x54, 0x66, 0x66, 0x40, 0x66, 0x66, 0x3C, 0x66
  .byte 0x64, 0x00, 0x03, 0x10, 0x01, 0x60, 0x1C, 0x00, 0x1D, 0x56, 0x55, 0x00, 0x33, 0x00, 0x66, 0x56
  .byte 0x45, 0x33, 0x66, 0x56, 0x00, 0x55, 0x44, 0x56, 0x44, 0x55, 0x44, 0x46, 0xEF, 0x20, 0x55, 0x45
  .byte 0x60, 0x3D, 0xA0, 0x0E, 0x00, 0x00, 0x80, 0x20, 0x0E, 0xA8, 0x00, 0x03, 0xE8, 0x03, 0xA8, 0x90
  .byte 0x79, 0x00, 0x34, 0xA8, 0x79, 0x87, 0x99, 0x78, 0xA7, 0x8A, 0x8B, 0xF0, 0x72, 0x00, 0x00, 0xE8
  .byte 0x00, 0x03, 0xE9, 0x00, 0x03, 0x00, 0x31, 0xFD, 0xF0, 0x01, 0xF0, 0x01, 0xF0, 0x01, 0xF0, 0x01
  .byte 0xF0, 0x01, 0x70, 0x01, 0x50, 0x00, 0x03, 0x41, 0x54, 0x30, 0x03, 0x40, 0x55, 0x00, 0x98, 0x30
  .byte 0x20, 0x03, 0x00, 0x09, 0x80, 0x39, 0x55, 0x98, 0x90, 0x98, 0x55, 0xA0, 0x10, 0xE3, 0x45, 0x00
  .byte 0xEC, 0xF4, 0x6E, 0x56, 0x55, 0xE4, 0x10, 0x5E, 0x55, 0x55, 0x00, 0x01, 0x45, 0x53, 0x55, 0x34
  .byte 0x10, 0x53, 0x45, 0x33, 0x20, 0x0B, 0x55, 0x46, 0xEE, 0x55, 0x00, 0x85, 0x55, 0x55, 0x54, 0x95
  .byte 0x55, 0x55, 0x53, 0x0B, 0x45, 0x55, 0x34, 0x55, 0x10, 0x16, 0x44, 0x00, 0x16, 0x00, 0x03, 0x40
  .byte 0x45, 0x00, 0x03, 0x44, 0x44, 0x78, 0x77, 0xA9, 0xA0, 0x00, 0x98, 0xA9, 0xA8, 0x00, 0xAA, 0x0E
  .byte 0x89, 0x0E, 0x00, 0x44, 0x0E, 0xE0, 0x0E, 0x44, 0x03, 0x00, 0x00, 0x5F, 0x34, 0x00, 0x6C, 0xE4
  .byte 0x40, 0xDF, 0xF0, 0xE3, 0xF0, 0x01, 0xF0, 0x01, 0xF0, 0x01, 0xD8, 0xF0, 0x01, 0xA0, 0x01, 0x90
  .byte 0xF0, 0x12, 0x30, 0x01, 0x98, 0x78, 0x88, 0x00, 0x53, 0x77, 0x99, 0xE8, 0x3E, 0x89, 0x0E, 0xE8
  .byte 0x8C, 0x11, 0x9A, 0x00, 0x90, 0x0E, 0xB0, 0x91, 0x30, 0xE5, 0x55, 0x55, 0x89, 0x10, 0xD7, 0x00
  .byte 0x33, 0x43, 0x01, 0xE5, 0x30, 0xEE, 0x00, 0x16, 0x54, 0x30, 0x00, 0x03, 0x53, 0x00, 0x03, 0x93
  .byte 0x00, 0xE6, 0xE4, 0x45, 0x03, 0x44, 0x44, 0x0E, 0x44, 0x44, 0xE4, 0x02, 0x03, 0x10, 0x03, 0x00
  .byte 0x35, 0x00, 0xA9, 0x9A, 0x55, 0x0E, 0x96, 0x59, 0x02, 0x55, 0x03, 0x5A, 0xA5, 0x59, 0xE5, 0x01
  .byte 0x53, 0x33, 0xA2, 0x01, 0x5A, 0x55, 0x01, 0x5A, 0x55, 0x00, 0x30, 0x80, 0x03, 0xE0, 0x8D, 0x00
  .byte 0x03, 0x4E, 0x44, 0x55, 0x10, 0x63, 0x01, 0x12, 0x00, 0x00, 0x28, 0xFF, 0xE0, 0x03, 0x10, 0x17
  .byte 0xF0, 0x01, 0xF0, 0x01, 0xF0, 0x01, 0xF0, 0x01, 0xF0, 0x01, 0xF0, 0x01, 0xD5, 0xF0, 0x01, 0x23
  .byte 0x02, 0x65, 0x00, 0xEE, 0xA4, 0x00, 0x03, 0x94, 0x00, 0x0C, 0x5C, 0x43, 0x30, 0xCF, 0x64, 0x02
  .byte 0xD7, 0x31, 0x0B, 0x00, 0xEB, 0x35, 0x55, 0x00, 0x55, 0x5A, 0x44, 0xAA, 0xAA, 0x49, 0x44, 0x94
  .byte 0x00, 0x49, 0x44, 0x34, 0x44, 0x44, 0x44, 0x43, 0x33, 0x02, 0xE3, 0xEE, 0x55, 0x0E, 0x00, 0x30
  .byte 0x00, 0x1F, 0x00, 0x48, 0xE3, 0x00, 0x26, 0x54, 0x3E, 0x01, 0x18, 0x4E, 0x44, 0x34, 0x03, 0x0E
  .byte 0x33, 0xE3, 0x0E, 0x00, 0xEE, 0x01, 0x5E, 0x11, 0xFB, 0xFF, 0xF1, 0xFF, 0xF0, 0x01, 0xF0, 0x01
  .byte 0xF0, 0x01, 0xF0, 0x01, 0xF0, 0x01, 0xF0, 0x01, 0xF0, 0x01, 0xFF, 0xF0, 0x01, 0xF0, 0x01, 0xF0
  .byte 0x01, 0xF0, 0x01, 0xF0, 0x01, 0xF0, 0x01, 0xF0, 0x01, 0xF0, 0x01, 0xFF, 0xF0, 0x01, 0xF0, 0x01
  .byte 0xF0, 0x01, 0xF0, 0x01, 0xF0, 0x01, 0xF0, 0x01, 0xF0, 0x01, 0xF0, 0x01, 0xFF, 0xF0, 0x01, 0xF0
  .byte 0x01, 0xF0, 0x01, 0xF0, 0x01, 0xF0, 0x01, 0xF0, 0x01, 0xF0, 0x01, 0xF0, 0x01, 0x80, 0x50, 0x01

  .globl gMonPalette_Wooper
gMonPalette_Wooper:
  .incbin "build/graphics/pokemon/wooper/normal_palette.gbapal.lz"
  .space 0x2, 0x00

  .globl gMonBackPic_Wooper
gMonBackPic_Wooper:
  .incbin "build/graphics/pokemon/wooper/back.4bpp.lz"

  .globl gMonShinyPalette_Wooper
gMonShinyPalette_Wooper:
  .incbin "build/graphics/pokemon/wooper/shiny_palette.gbapal.lz"
  .space 0x2, 0x00
	.globl gMonIcon_Wooper
gMonIcon_Wooper: @ 0x08CB54C4 [194]
  .incbin "build/graphics/pokemon/wooper/icon.4bpp"
  @ Replaced baserom.gba range: offset=0xCB58C4, size=0x394
  .byte 0x00, 0x00, 0x00, 0x00, 0x00, 0x80, 0x80, 0x80, 0x00, 0x00, 0x00, 0x00, 0x03, 0x07, 0x07, 0x07
  .byte 0x80, 0x80, 0x00, 0x00, 0x00, 0x00, 0x00, 0x00, 0x07, 0x07, 0x03, 0x00, 0x00, 0x00, 0x00, 0x00
  .byte 0x10, 0x00, 0x08, 0x00, 0x3E, 0x00, 0x00, 0xF0, 0x01, 0xF0, 0x01, 0xF0, 0x01, 0xF0, 0x01, 0xF0
  .byte 0x01, 0x00, 0x19, 0x00, 0x30, 0x22, 0xF0, 0x13, 0x70, 0x01, 0x22, 0x03, 0xF0, 0x13, 0xFF, 0xF0
  .byte 0x01, 0xF0, 0x01, 0xF0, 0x01, 0xF0, 0x01, 0xF0, 0x01, 0xF0, 0x01, 0xF0, 0x01, 0xF0, 0x01, 0xAA
  .byte 0x80, 0x01, 0x50, 0x00, 0x03, 0x75, 0x00, 0x06, 0x77, 0x00, 0x03, 0xF7, 0xE0, 0x00, 0x0A, 0x00
  .byte 0x07, 0x00, 0x03, 0x35, 0x73, 0x77, 0x55, 0x87, 0x01, 0x88, 0x77, 0x87, 0x88, 0x88, 0x78, 0x88
  .byte 0x30, 0x03, 0x90, 0x00, 0x0B, 0x77, 0x77, 0x60, 0x01, 0x36, 0x32, 0x00, 0x77, 0x15, 0x77, 0x67
  .byte 0x23, 0x00, 0x09, 0x66, 0x00, 0x03, 0x67, 0x80, 0x03, 0x05, 0x66, 0x77, 0x7F, 0x77, 0x66, 0x50
  .byte 0x5C, 0x02, 0x00, 0x03, 0x50, 0x26, 0x00, 0x03, 0x66, 0x00, 0x08, 0x66, 0x26, 0x32, 0x00, 0x00
  .byte 0x66, 0x56, 0x52, 0x03, 0x66, 0x66, 0x32, 0x35, 0xFF, 0xF0, 0x86, 0xF0, 0x01, 0xF0, 0x01, 0xF0
  .byte 0x01, 0xF0, 0x01, 0xF0, 0x01, 0xF0, 0x01, 0x10, 0xF5, 0x24, 0x77, 0x77, 0x20, 0x03, 0x20, 0x73
  .byte 0x00, 0x03, 0x36, 0x33, 0x00, 0x00, 0x00, 0x62, 0x66, 0x00, 0x50, 0x62, 0x66, 0x00, 0x50, 0x75
  .byte 0x27, 0x66, 0x75, 0x73, 0x66, 0x62, 0x90, 0x50, 0xE6, 0x57, 0x37, 0x20, 0x06, 0x67, 0x33, 0x33
  .byte 0x66, 0x1F, 0x66, 0x66, 0x66, 0x30, 0x05, 0x10, 0x01, 0x00, 0x12, 0x00, 0x03, 0x00, 0x07, 0x98
  .byte 0x50, 0x10, 0x66, 0x63, 0x80, 0x1D, 0x10, 0x01, 0x2B, 0x13, 0x66, 0x04, 0x56, 0x2C, 0x13, 0x66
  .byte 0xC6, 0x10, 0x03, 0xCC, 0x52, 0x00, 0x66, 0xC5, 0xCC, 0x32, 0x66, 0xCC, 0xCC, 0x2C, 0x8E, 0x20
  .byte 0x03, 0xC5, 0xCC, 0x2C, 0x90, 0x8A, 0x12, 0x2E, 0x11, 0x10, 0x13, 0x86, 0x00, 0x03, 0x33, 0x01
  .byte 0x00, 0x30, 0x10, 0x03, 0xE2, 0x71, 0x33, 0x00, 0x22, 0x00, 0x63, 0x56, 0x35, 0x02, 0x56, 0x33
  .byte 0x03, 0x33, 0x23, 0x36, 0x22, 0x22, 0x23, 0xF0, 0xD0, 0xF0, 0xE1, 0xF0, 0x10, 0x36, 0x40, 0x03
  .byte 0x50, 0x0B, 0x60, 0x01, 0x77, 0x63, 0x55, 0x15, 0x00, 0x77, 0x26, 0x55, 0x55, 0x63, 0x55, 0x22
  .byte 0x55, 0x02, 0x36, 0x55, 0x55, 0x52, 0x56, 0x23, 0x00, 0x0B, 0x56, 0x00, 0x52, 0x55, 0x30, 0x63
  .byte 0x66, 0x56, 0x00, 0x30, 0x55, 0x62, 0x20, 0xC1, 0x61, 0x00, 0x03, 0x15, 0x00, 0x03, 0x55, 0x00
  .byte 0x08, 0xFC, 0x20, 0x03, 0x00, 0x16, 0x10, 0x03, 0x00, 0xEA, 0x70, 0xF6, 0xB0, 0x01, 0x75, 0x66
  .byte 0x04, 0x56, 0x55, 0x77, 0x55, 0x75, 0x01, 0x19, 0xC6, 0xCC, 0x35, 0xCC, 0x66, 0x00, 0xE8, 0x00
  .byte 0x13, 0xC5, 0x00, 0x2C, 0x56, 0x01, 0x2E, 0x08, 0x66, 0x77, 0x67, 0x56, 0x00, 0x03, 0x36, 0x65
  .byte 0x77, 0x0D, 0x66, 0x35, 0x65, 0x32, 0x00, 0xE3, 0x00, 0x03, 0x63, 0x02, 0x09, 0x00, 0x63, 0x2C
  .byte 0x53, 0x03, 0x52, 0x2C, 0x33, 0x01, 0x10, 0x52, 0xC5, 0x32, 0x20, 0x03, 0x32, 0xCC, 0x1B, 0x01
  .byte 0x00, 0x32, 0x25, 0x65, 0x66, 0x22, 0x23, 0x76, 0x67, 0x4F, 0x26, 0x01, 0x88, 0x56, 0x72, 0x00
  .byte 0x4E, 0xD0, 0x03, 0x91, 0x3B, 0x12, 0x63, 0xEC, 0xD0, 0x03, 0xF0, 0x01, 0xD0, 0x01, 0x20, 0xF3
  .byte 0xC3, 0x80, 0x01, 0x66, 0x63, 0x00, 0x77, 0x55, 0x32, 0x76, 0x37, 0x86, 0x30, 0x76, 0x00, 0x37
  .byte 0x87, 0x30, 0x77, 0x37, 0x57, 0x30, 0x77, 0x2A, 0x77, 0x75, 0x00, 0x03, 0x73, 0x00, 0xDA, 0x63
  .byte 0x00, 0x03, 0x37, 0x00, 0x88, 0x78, 0x77, 0x77, 0x88, 0x55, 0x77, 0x77, 0x00, 0x55, 0x88, 0x77
  .byte 0x75, 0x88, 0x58, 0x55, 0x77, 0x08, 0x88, 0x75, 0x77, 0x67, 0x02, 0x2A, 0x66, 0x37, 0x77, 0x00
  .byte 0x66, 0x26, 0x36, 0x66, 0x36, 0x62, 0x77, 0x66, 0x00, 0x53, 0x55, 0x67, 0x56, 0x53, 0xC5, 0x67
  .byte 0x36, 0x27, 0x55, 0xC5, 0x00, 0x0A, 0x56, 0x26, 0x01, 0x08, 0x31, 0x55, 0x30, 0x01, 0x01, 0xCC
  .byte 0x1B, 0x13, 0x32, 0xCC, 0xBB, 0x31, 0x10, 0x03, 0x00, 0x33, 0xBC, 0xBB, 0x31, 0x23, 0xBC, 0xBB
  .byte 0x1B, 0x00, 0x23, 0xB5, 0xBB, 0x1B, 0x52, 0x66, 0xBB, 0x1B, 0x03, 0x55, 0x66, 0xB6, 0x1B, 0x55
  .byte 0x72, 0x01, 0x30, 0x00, 0x03, 0x90, 0x00, 0xFB, 0x67, 0x36, 0x00, 0x5A, 0x26, 0x76, 0x77, 0x66
  .byte 0x40, 0xF5, 0x01, 0x75, 0x03, 0x66, 0x67, 0x56, 0x0F, 0x66, 0x3F, 0x66, 0x36, 0xF0, 0xE7, 0xF0
  .byte 0x01, 0xF0, 0x01, 0xF0, 0x01, 0xF0, 0x01, 0x40, 0x01, 0x95, 0x00, 0xE3, 0x77, 0x73, 0x00, 0x03
  .byte 0x63, 0x02, 0xE8, 0x63, 0x00, 0xAF, 0x41, 0x20, 0x10, 0x03, 0x65, 0x66, 0x66, 0x00, 0x52, 0x00
  .byte 0x03, 0x9C, 0x00, 0x08, 0x23, 0x22, 0x10, 0x15, 0x20, 0x01, 0x00, 0xDA, 0x23, 0x72, 0x00, 0x66
  .byte 0x33, 0x77, 0x75, 0x36, 0x57, 0x77, 0x72, 0x01, 0x36, 0x57, 0x67, 0x26, 0x36, 0x67, 0x22, 0x60
  .byte 0xE7, 0xD0, 0x10, 0x09, 0x10, 0x0E, 0x67, 0x22, 0x3C, 0x25, 0x66, 0x62, 0x56, 0x14, 0x55, 0x62
  .byte 0x26, 0x10, 0x08, 0x66, 0x00, 0xE7, 0x66, 0x16, 0x80, 0x40, 0x03, 0x31, 0x55, 0x66, 0x56, 0x31
  .byte 0xF3, 0x66, 0x00, 0x15, 0x13, 0x01, 0x56, 0x11, 0x01, 0x00, 0x11, 0x80, 0x00, 0x7F, 0x65, 0x66
  .byte 0xF5, 0x00, 0x65, 0x56, 0x0F, 0x00, 0x00, 0x55, 0xF3, 0x00, 0x00, 0xF3, 0x0F, 0x00, 0x7F, 0x00
  .byte 0x00, 0x02, 0xF0, 0x01, 0xF0, 0x01, 0xF0, 0x01, 0xF0, 0x01, 0xF0, 0x01, 0xF0, 0x01, 0x80, 0x15
  .byte 0xC5, 0x65, 0x00, 0x30, 0x55, 0xFF, 0x00, 0x73, 0x00, 0x36, 0x55, 0x00, 0x63, 0x73, 0x56, 0x00
  .byte 0x11, 0x00, 0x77, 0x37, 0x00, 0x10, 0x76, 0x73, 0x00, 0x00, 0x48, 0x61, 0x00, 0x03, 0x10, 0x61
  .byte 0x01, 0xCC, 0x62, 0x5F, 0x16, 0x00, 0x61, 0x66, 0xF5, 0xFF, 0xFF, 0x61, 0x33, 0x55, 0x10, 0x55
  .byte 0x25, 0x67, 0x00, 0x03, 0x77, 0x56, 0x15, 0x01, 0x03, 0x67, 0x15, 0x01, 0x00, 0x56, 0x01, 0x02
  .byte 0x3F, 0x00, 0xED, 0xA0, 0x00, 0x03, 0x56, 0x00, 0x03, 0x36, 0x22, 0x66, 0x36, 0x11, 0x1F, 0x00
  .byte 0xF2, 0xFF, 0xA0, 0x5D, 0xF2, 0xAB, 0xF0, 0x01, 0xF0, 0x01, 0xF0, 0x01, 0xF9, 0xF0, 0x01, 0xF0
  .byte 0x01, 0xF0, 0x01, 0xF0, 0x01, 0xF0, 0x01, 0x00, 0x10, 0xF0, 0x12, 0xFF, 0x70, 0x01, 0x11, 0xA3
  .byte 0xF0, 0x01, 0xF0, 0x01, 0xF0, 0x01, 0xF0, 0x01, 0xF0, 0x01, 0xF0, 0x01, 0xE0, 0xF0, 0x01, 0xF0
  .byte 0x01, 0x90, 0x01, 0x00

  .globl gMonPalette_Quagsire
gMonPalette_Quagsire:
  .incbin "build/graphics/pokemon/quagsire/normal_palette.gbapal.lz"

  .globl gMonBackPic_Quagsire
gMonBackPic_Quagsire:
  .incbin "build/graphics/pokemon/quagsire/back.4bpp.lz"

  .globl gMonShinyPalette_Quagsire
gMonShinyPalette_Quagsire:
  .incbin "build/graphics/pokemon/quagsire/shiny_palette.gbapal.lz"

	.globl gMonIcon_Quagsire
gMonIcon_Quagsire: @ 0x08CB5FA4 [195]
  .incbin "build/graphics/pokemon/quagsire/icon.4bpp"
  @ Replaced baserom.gba range: offset=0xCB63A4, size=0x360
  .byte 0x00, 0xA0, 0xB0, 0xF0, 0xF0, 0xF0, 0xF0, 0xF0, 0x00, 0x05, 0x0D, 0x0F, 0x0F, 0x0F, 0x0F, 0x0F
  .byte 0xF0, 0xF0, 0xF0, 0xF0, 0xE0, 0xE0, 0xC0, 0x00, 0x0F, 0x0F, 0x0F, 0x0F, 0x07, 0x07, 0x03, 0x00
  .byte 0x10, 0x00, 0x08, 0x00, 0x3F, 0x00, 0x00, 0xF0, 0x01, 0xF0, 0x01, 0xF0, 0x01, 0xF0, 0x01, 0xF0
  .byte 0x01, 0xF0, 0x01, 0xFF, 0xF0, 0x01, 0xF0, 0x01, 0xF0, 0x01, 0xF0, 0x01, 0xF0, 0x01, 0xF0, 0x01
  .byte 0xF0, 0x01, 0xF0, 0x01, 0xF3, 0xF0, 0x01, 0xF0, 0x01, 0xF0, 0x01, 0x60, 0x01, 0x90, 0x09, 0xF0
  .byte 0x13, 0xF0, 0x01, 0x00, 0x90, 0x00, 0x00, 0x99, 0xB9, 0x00, 0x99, 0xAB, 0x00, 0xAA, 0x90, 0xBB
  .byte 0xAA, 0xD8, 0x90, 0xAA, 0xDD, 0x04, 0x00, 0x00, 0xD8, 0x00, 0x80, 0x30, 0x17, 0x00, 0xA9, 0x00
  .byte 0x99, 0x99, 0x99, 0x09, 0xBB, 0xBB, 0xBB, 0xAB, 0x00, 0x88, 0x88, 0x98, 0xB9, 0x90, 0xAA, 0xAA
  .byte 0xAA, 0x00, 0xA9, 0xAA, 0xD8, 0xDD, 0xAA, 0xD9, 0x00, 0x00, 0x05, 0xAA, 0x0D, 0x00, 0x00, 0x8A
  .byte 0x40, 0x40, 0x88, 0x00, 0x03, 0x50, 0xBB, 0x00, 0x0C, 0xBA, 0x00, 0x04, 0x8D, 0xB9, 0xBB, 0x08
  .byte 0x00, 0x00, 0x90, 0xA8, 0x8B, 0x00, 0x00, 0xD0, 0xBA, 0x0D, 0x00, 0x00, 0xB0, 0xBD, 0xF0, 0x6E
  .byte 0x30, 0x01, 0x08, 0x00, 0x03, 0x7B, 0xDB, 0xF0, 0x16, 0xF0, 0x01, 0xF0, 0x01, 0xC0, 0xBD, 0x9B
  .byte 0x40, 0x03, 0x10, 0x77, 0x00, 0xBB, 0x9A, 0x00, 0x80, 0xBB, 0xBB, 0x00, 0x80, 0x05, 0xBA, 0xBB
  .byte 0x00, 0x00, 0xA8, 0x00, 0x03, 0x78, 0x00, 0x03, 0xC8, 0xF0, 0x77, 0x00, 0x9C, 0x00, 0xAB, 0x00
  .byte 0x08, 0xBB, 0x9B, 0x89, 0xAE, 0x10, 0x0E, 0xA8, 0x00, 0x03, 0x98, 0x00, 0x03, 0x10, 0xF3, 0x50
  .byte 0xD1, 0x98, 0x0A, 0x00, 0x98, 0xBB, 0xBB, 0x00, 0x4A, 0xAB, 0x00, 0xEA, 0x00, 0xE2, 0x10, 0x03
  .byte 0x00, 0xEE, 0x21, 0x50, 0x88, 0xA9, 0xBA, 0x01, 0x0F, 0x8A, 0x01, 0x00, 0xAB, 0x7A, 0x87, 0x00
  .byte 0x7A, 0x77, 0x21, 0x5F, 0x69, 0xD0, 0xF0, 0x94, 0x70, 0x01, 0xBB, 0x00, 0x38, 0xB8, 0x0A, 0x00
  .byte 0x03, 0x53, 0xDA, 0x00, 0x3D, 0x9A, 0x00, 0x64, 0x9A, 0x08, 0xA0, 0x03, 0xF0, 0x31, 0xE9, 0xF0
  .byte 0x01, 0xF0, 0x01, 0x90, 0x01, 0x79, 0x01, 0x67, 0x80, 0xB7, 0x00, 0x03, 0x56, 0x97, 0x00, 0x03
  .byte 0xB9, 0x00, 0x10, 0xC9, 0x11, 0x0C, 0x00, 0x03, 0x5B, 0x80, 0x10, 0x03, 0x9B, 0xB9, 0xBB, 0x8B
  .byte 0xB9, 0xCC, 0xBB, 0x02, 0xAB, 0xCB, 0xCC, 0xBC, 0xBB, 0xCC, 0x40, 0x03, 0x55, 0x00, 0xCA, 0xBB
  .byte 0xBB, 0x6C, 0xC5, 0xBB, 0xBB, 0x66, 0x00, 0xB5, 0xBB, 0xBB, 0xB8, 0xBB, 0xAA, 0x7A, 0xBB, 0x00
  .byte 0xAB, 0x7A, 0x77, 0xBB, 0xAB, 0x77, 0x77, 0xBB, 0x00, 0x9A, 0x87, 0x88, 0xBB, 0xD8, 0x88, 0x88
  .byte 0xBB, 0x50, 0xBB, 0x10, 0x03, 0xBB, 0x10, 0x03, 0xAB, 0x77, 0x87, 0x09, 0x2E, 0x00, 0x77, 0x01
  .byte 0x1D, 0x88, 0x00, 0xEA, 0x11, 0xE7, 0x00, 0xB1, 0x99, 0x93, 0x00, 0x02, 0xBB, 0x99, 0x00, 0x1D
  .byte 0xA8, 0xBA, 0x01, 0x6B, 0x70, 0x88, 0x55, 0x80, 0x01, 0x35, 0xA8, 0x02, 0x29, 0xAA, 0x00, 0x37
  .byte 0x99, 0x00, 0x03, 0x53, 0xDB, 0x10, 0x3F, 0xA8, 0x02, 0x17, 0xA8, 0x89, 0x02, 0x2F, 0x00, 0x3F
  .byte 0xFF, 0x10, 0xEE, 0x00, 0x0A, 0x21, 0x83, 0x11, 0x4F, 0x31, 0x53, 0xF0, 0x01, 0xF0, 0x01, 0xF0
  .byte 0x01, 0xAF, 0x80, 0x76, 0xAB, 0x30, 0xF7, 0x80, 0x12, 0x6B, 0x10, 0x03, 0x11, 0x03, 0x61, 0xCB
  .byte 0x00, 0x55, 0xBA, 0xDB, 0xBD, 0xBB, 0xAB, 0xEF, 0xBE, 0x2C, 0xBB, 0xDB, 0x10, 0x03, 0xEE, 0x00
  .byte 0xB1, 0x00, 0x94, 0xBB, 0xBB, 0x34, 0xDA, 0x89, 0x02, 0xD0, 0x10, 0x3B, 0xBB, 0x10, 0x11, 0xB8
  .byte 0xA9, 0x00, 0xBA, 0xBB, 0x78, 0x8B, 0xAA, 0x8B, 0x99, 0x97, 0x09, 0x79, 0x98, 0x99, 0x99, 0x02
  .byte 0xF3, 0xA9, 0xAA, 0x00, 0x02, 0x84, 0x02, 0xED, 0xAA, 0xAA, 0x8B, 0xAA, 0x00, 0x20, 0xA8, 0xAA
  .byte 0xA6, 0x01, 0x25, 0xAA, 0x01, 0x21, 0xAA, 0xBA, 0x30, 0x15, 0x30, 0x01, 0x9A, 0xD0, 0x00, 0x03
  .byte 0x30, 0x4E, 0xAB, 0x00, 0x03, 0xBA, 0xAA, 0xBA, 0xAB, 0x67, 0xAB, 0x90, 0x1E, 0x03, 0x2B, 0xAA
  .byte 0xAA, 0x10, 0xEB, 0x13, 0x27, 0x01, 0xFE, 0xFF, 0x22, 0x47, 0x10, 0x03, 0x11, 0x03, 0xF0, 0xFF
  .byte 0xF0, 0x01, 0xF0, 0x01, 0xF0, 0x01, 0xF0, 0x01, 0xE7, 0xE3, 0x20, 0x11, 0xA3, 0x02, 0x23, 0x00
  .byte 0xB8, 0x40, 0x8A, 0x10, 0x7E, 0x00, 0x0B, 0x55, 0x80, 0x00, 0x17, 0x80, 0x20, 0xB0, 0xA8, 0x00
  .byte 0x03, 0xB8, 0x00, 0x09, 0x20, 0xBA, 0xBB, 0x10, 0xCF, 0xAA, 0xDA, 0xBB, 0xAB, 0xDA, 0x21, 0x0D
  .byte 0xAB, 0x03, 0xE0, 0xAA, 0xD8, 0x9A, 0x00, 0x10, 0xE3, 0x00, 0x8A, 0xAA, 0x9A, 0xD9, 0x8A, 0x99
  .byte 0xD9, 0x8D, 0x29, 0xDD, 0xDD, 0x11, 0x33, 0x9D, 0x01, 0xFF, 0xD0, 0x9D, 0x51, 0x63, 0xA9, 0x10
  .byte 0xE3, 0x9D, 0x00, 0x03, 0xD8, 0x00, 0x08, 0x99, 0xAD, 0x00, 0x03, 0x40, 0xDD, 0x00, 0x03, 0x08
  .byte 0xDD, 0xA8, 0x99, 0xD9, 0x00, 0x3B, 0x80, 0x98, 0x00, 0xEC, 0x10, 0xE3, 0x10, 0x74, 0x9A, 0x00
  .byte 0x08, 0x12, 0x03, 0x77, 0xAA, 0x00, 0x0C, 0x20, 0x03, 0x01, 0x10, 0xA8, 0x11, 0x14, 0xF0, 0x01
  .byte 0xF0, 0x01, 0xF2, 0xF0, 0x01, 0xF0, 0x01, 0xF0, 0x01, 0x40, 0x01, 0xA8, 0xAA, 0x20, 0x03, 0x80
  .byte 0xCD, 0x00, 0x75, 0x20, 0x03, 0xAB, 0x09, 0x00, 0x03, 0x03, 0x7C, 0xAB, 0x00, 0x91, 0x22, 0xDD
  .byte 0x00, 0x00, 0xDB, 0x00, 0x08, 0xA8, 0x02, 0x99, 0xA8, 0xC6, 0x00, 0xA1, 0x40, 0x03, 0x80, 0xBB
  .byte 0xDA, 0x03, 0x9B, 0x00, 0x9C, 0xDD, 0xEF, 0xA1, 0xA1, 0x10, 0xEF, 0x04, 0x2B, 0x80, 0x23, 0xC5
  .byte 0x00, 0x0B, 0x05, 0x28, 0x04, 0x38, 0xFA, 0x00, 0xE3, 0x10, 0x03, 0x25, 0x13, 0x00, 0x59, 0x01
  .byte 0xF0, 0x80, 0x00, 0x39, 0xB8, 0xDD, 0x00, 0x39, 0x14, 0x57, 0xD0, 0x10, 0xE3, 0x20, 0x03, 0x40
  .byte 0xF7, 0xAB, 0x01, 0x7D, 0x57, 0xA9, 0x00, 0x1C, 0x99, 0x00, 0x03, 0x8D, 0xF0, 0xAC, 0xF0, 0x01
  .byte 0xF0, 0x01, 0xFF, 0xF0, 0x01, 0xF0, 0x01, 0xF0, 0x01, 0xF0, 0x01, 0xF0, 0x01, 0xF0, 0x01, 0xF0
  .byte 0x01, 0xF0, 0x01, 0xFC, 0xF0, 0x01, 0xF0, 0x01, 0xF0, 0x01, 0xF0, 0x01, 0xF0, 0x01, 0x00, 0x01

  .globl gMonPalette_Espeon
gMonPalette_Espeon:
  .incbin "build/graphics/pokemon/espeon/normal_palette.gbapal.lz"

  .globl gMonBackPic_Espeon
gMonBackPic_Espeon:
  .incbin "build/graphics/pokemon/espeon/back.4bpp.lz"

  .globl gMonShinyPalette_Espeon
gMonShinyPalette_Espeon:
  .incbin "build/graphics/pokemon/espeon/shiny_palette.gbapal.lz"

	.globl gMonIcon_Espeon
gMonIcon_Espeon: @ 0x08CB6A28 [196]
  .incbin "build/graphics/pokemon/espeon/icon.4bpp"
  @ Replaced baserom.gba range: offset=0xCB6E28, size=0x334
  .byte 0x00, 0x00, 0x00, 0x00, 0x00, 0x00, 0x80, 0xC0, 0x00, 0x00, 0x00, 0x00, 0x00, 0x00, 0x02, 0x03
  .byte 0xC0, 0xC0, 0x80, 0x00, 0x00, 0x00, 0x00, 0x00, 0x07, 0x07, 0x03, 0x00, 0x00, 0x00, 0x00, 0x00
  .byte 0x10, 0x00, 0x08, 0x00, 0x3E, 0x00, 0x00, 0xF0, 0x01, 0xF0, 0x01, 0xF0, 0x01, 0xF0, 0x01, 0xF0
  .byte 0x01, 0x00, 0x1F, 0x00, 0x50, 0x04, 0xF0, 0x13, 0xF0, 0x01, 0xF0, 0x01, 0xF0, 0x01, 0xF0, 0x01
  .byte 0xFD, 0xF0, 0x01, 0xF0, 0x01, 0xF0, 0x01, 0xF0, 0x01, 0xF0, 0x01, 0xE0, 0x01, 0x55, 0x00, 0x03
  .byte 0x48, 0x65, 0x00, 0xCA, 0x64, 0x46, 0x00, 0x03, 0x56, 0x04, 0x00, 0x00, 0x64, 0x66, 0x45, 0x00
  .byte 0x64, 0xB6, 0x9A, 0x00, 0x19, 0x90, 0xBB, 0xAA, 0x00, 0xE3, 0x00, 0x14, 0x50, 0x56, 0x10, 0x21
  .byte 0xAD, 0x00, 0x03, 0x64, 0x40, 0x03, 0x90, 0x00, 0x2D, 0x10, 0x03, 0x00, 0x10, 0x03, 0x40, 0x45
  .byte 0x00, 0x04, 0x56, 0x49, 0x00, 0x00, 0xA6, 0x9A, 0x00, 0x0D, 0x00, 0xBB, 0x5A, 0xD5, 0x00, 0xBB
  .byte 0x55, 0x00, 0x55, 0x0D, 0x5B, 0x66, 0x55, 0x0D, 0x69, 0x66, 0x3A, 0x56, 0x45, 0xF0, 0x6C, 0xF0
  .byte 0x01, 0x40, 0x01, 0x40, 0x00, 0x03, 0xB9, 0x80, 0x00, 0x56, 0xBA, 0x00, 0x00, 0x74, 0xBA, 0x00
  .byte 0x40, 0x20, 0x67, 0xA6, 0x00, 0x87, 0x56, 0x00, 0x40, 0x04, 0x00, 0x10, 0x40, 0x54, 0x0D, 0x00
  .byte 0x96, 0x0D, 0x00, 0x65, 0x55, 0x20, 0x0D, 0x00, 0x00, 0x5A, 0x00, 0x5A, 0x35, 0x00, 0x00, 0x2F
  .byte 0xAA, 0xDA, 0x00, 0x03, 0x09, 0xF0, 0x44, 0xF0, 0x01, 0xF0, 0x01, 0xA0, 0x01, 0x00, 0x90, 0xBB
  .byte 0xAB, 0x00, 0x90, 0xAB, 0x66, 0x00, 0x03, 0x90, 0x6A, 0x66, 0x00, 0x40, 0x66, 0x30, 0x03, 0x00
  .byte 0x6D, 0x11, 0x00, 0x00, 0x54, 0x01, 0x15, 0x40, 0x55, 0xD9, 0x00, 0x22, 0x7D, 0xD5, 0x11, 0x22
  .byte 0x00, 0xE3, 0x00, 0x7A, 0x30, 0x03, 0x00, 0x7F, 0x55, 0x00, 0x14, 0x80, 0x10, 0x03, 0x54, 0x66
  .byte 0x56, 0xD5, 0x40, 0x65, 0x56, 0x0A, 0xD5, 0x00, 0x44, 0x55, 0x00, 0x2F, 0x44, 0x10, 0xEF, 0x54
  .byte 0xA0, 0x00, 0x03, 0x53, 0x00, 0x3B, 0x5D, 0x00, 0x00, 0x30, 0xDE, 0x80, 0x22, 0x25, 0x55, 0x44
  .byte 0xDD, 0x64, 0x66, 0x66, 0x55, 0x00, 0x66, 0xB6, 0x66, 0x56, 0x66, 0xBB, 0x6A, 0x56, 0x21, 0xB6
  .byte 0x5A, 0x00, 0x03, 0x65, 0x6A, 0x55, 0xA6, 0x00, 0x03, 0x80, 0x00, 0xE3, 0x55, 0x40, 0x66, 0x56
  .byte 0x55, 0x44, 0x66, 0x00, 0x55, 0x55, 0x54, 0x55, 0x55, 0xD3, 0x55, 0x35, 0x08, 0xDD, 0x00, 0x55
  .byte 0x43, 0x00, 0x5B, 0x45, 0x0D, 0x00, 0x4F, 0x3D, 0x00, 0x03, 0x55, 0x03, 0x30, 0x7F, 0x00, 0x76
  .byte 0xF0, 0x01, 0xF0, 0x01, 0xFF, 0xF0, 0x01, 0xF0, 0x01, 0xD1, 0x76, 0x11, 0xFD, 0x10, 0xB3, 0x11
  .byte 0x7F, 0xF2, 0x1A, 0x40, 0xE7, 0x00, 0x55, 0xD5, 0x50, 0x34, 0x5D, 0x45, 0x64, 0x66, 0x40, 0x40
  .byte 0x00, 0xC8, 0x40, 0x66, 0x67, 0x66, 0x54, 0x76, 0x04, 0x67, 0x66, 0x64, 0x77, 0x67, 0x01, 0x2B
  .byte 0x30, 0xFE, 0x80, 0x10, 0xE7, 0x03, 0x00, 0x30, 0x3E, 0x36, 0x03, 0x00, 0x02, 0xE3, 0x66, 0x46
  .byte 0x44, 0x4D, 0x66, 0x01, 0x13, 0x66, 0x40, 0x66, 0x30, 0x01, 0xA5, 0xA5, 0x59, 0xD5, 0x55, 0x9A
  .byte 0x10, 0x55, 0xFD, 0x55, 0x10, 0xDB, 0x55, 0x35, 0x3E, 0x55, 0x10, 0x55, 0x45, 0x55, 0x01, 0x2A
  .byte 0x55, 0x53, 0x55, 0x55, 0x02, 0xDD, 0x36, 0xDD, 0xDD, 0x44, 0x3E, 0x00, 0xE3, 0x4E, 0x4C, 0x44
  .byte 0x00, 0x03, 0xD4, 0x00, 0x20, 0x03, 0x00, 0x0E, 0x00, 0xD3, 0xFF, 0x00, 0x03, 0x00, 0x12, 0x20
  .byte 0x03, 0xF0, 0x01, 0xF0, 0x01, 0xF0, 0x01, 0xF0, 0x01, 0xF0, 0x01, 0xE0, 0xA2, 0x77, 0xD0, 0x03
  .byte 0x60, 0x01, 0x65, 0x77, 0x66, 0x66, 0x65, 0xC0, 0x00, 0xC7, 0x20, 0x03, 0x6B, 0x66, 0x56, 0xB5
  .byte 0xAA, 0x65, 0x10, 0x56, 0x99, 0xA5, 0x01, 0xAB, 0xA9, 0x55, 0x55, 0x94, 0x1F, 0x5A, 0x55, 0x55
  .byte 0x50, 0xE7, 0x10, 0x01, 0x10, 0x23, 0x10, 0x11, 0x00, 0xDB, 0x20, 0x55, 0x3D, 0x00, 0xE2, 0xDD
  .byte 0x5D, 0x55, 0x53, 0x56, 0x13, 0x45, 0x4D, 0x44, 0x20, 0x03, 0x55, 0x54, 0x00, 0x03, 0x00, 0xFC
  .byte 0x81, 0x60, 0x03, 0x35, 0x45, 0xA5, 0x55, 0x35, 0x44, 0x50, 0xE7, 0x5B, 0x44, 0x02, 0x5F, 0x44
  .byte 0x00, 0xFF, 0x90, 0x03, 0xD4, 0x00, 0x03, 0xF0, 0x01, 0xFF, 0xF0, 0x01, 0xF0, 0x01, 0xF0, 0x01
  .byte 0xF0, 0x01, 0xA0, 0xFF, 0x11, 0xFF, 0xD0, 0x03, 0x10, 0x17, 0x04, 0xD0, 0xAA, 0x55, 0x55, 0xD5
  .byte 0x30, 0xCE, 0xDD, 0x30, 0x10, 0x55, 0xD4, 0x00, 0xB0, 0x03, 0x34, 0x00, 0x30, 0x44, 0x15, 0xD4
  .byte 0xDD, 0x53, 0x00, 0xC4, 0x3D, 0x00, 0xAF, 0x30, 0x00, 0xC7, 0xB0, 0x10, 0x03, 0x40, 0x20, 0xCF
  .byte 0x40, 0xC3, 0xBB, 0x5A, 0x35, 0x44, 0x08, 0x5B, 0x5A, 0x35, 0xDD, 0x00, 0x03, 0xD0, 0x5A, 0x5A
  .byte 0x00, 0xD5, 0xD0, 0x9A, 0x5A, 0xD5, 0x30, 0xA4, 0x55, 0x1B, 0x0D, 0x30, 0x54, 0x03, 0x48, 0x10
  .byte 0x03, 0x4D, 0xC0, 0xF3, 0x50, 0x03, 0x3F, 0x53, 0x44, 0x00, 0x03, 0x12, 0x0C, 0xF0, 0x01, 0xF0
  .byte 0x01, 0xF0, 0x01, 0xF0, 0x01, 0xDF, 0xF0, 0x01, 0x50, 0x01, 0xD0, 0x40, 0x03, 0xF0, 0x01, 0x12
  .byte 0xFF, 0x13, 0xEB, 0x00, 0xA7, 0x41, 0x64, 0x14, 0x83, 0x53, 0x0D, 0x00, 0xD0, 0xDD, 0xB0, 0x1F
  .byte 0x7B, 0x43, 0x10, 0xC3, 0x00, 0x1B, 0xD0, 0x17, 0x73, 0x5D, 0xD5, 0x80, 0x03, 0x24, 0xC0, 0x50
  .byte 0x35, 0x00, 0x48, 0xD6, 0x20, 0x03, 0x30, 0xDD, 0x0D, 0x53, 0x81, 0x41, 0x07, 0x30, 0x55, 0xDD
  .byte 0x00, 0x30, 0x65, 0x00, 0x12, 0x5F, 0x35, 0x03, 0x6C, 0xDD, 0xF0, 0xF7, 0xF0, 0x01, 0xF0, 0x01
  .byte 0xF0, 0x01, 0xF0, 0x01, 0xFF, 0xF0, 0x01, 0xF0, 0x01, 0xF0, 0x01, 0xF0, 0x01, 0xF0, 0x01, 0xF0
  .byte 0x01, 0xF0, 0x01, 0xF0, 0x01, 0xFC, 0xF0, 0x01, 0xF0, 0x01, 0xF0, 0x01, 0xF0, 0x01, 0xF0, 0x01
  .byte 0x30, 0x01, 0x00, 0x00

  .globl gMonPalette_Umbreon
gMonPalette_Umbreon:
  .incbin "build/graphics/pokemon/umbreon/normal_palette.gbapal.lz"

  .globl gMonBackPic_Umbreon
gMonBackPic_Umbreon:
  .incbin "build/graphics/pokemon/umbreon/back.4bpp.lz"

  .globl gMonShinyPalette_Umbreon
gMonShinyPalette_Umbreon:
  .incbin "build/graphics/pokemon/umbreon/shiny_palette.gbapal.lz"

	.globl gMonIcon_Umbreon
gMonIcon_Umbreon: @ 0x08CB74C0 [197]
  .incbin "build/graphics/pokemon/umbreon/icon.4bpp"
  @ Replaced baserom.gba range: offset=0xCB78C0, size=0x300
  .byte 0x00, 0x00, 0x00, 0x00, 0x00, 0x00, 0x40, 0xE0, 0x00, 0x00, 0x00, 0x00, 0x00, 0x00, 0x05, 0x0F
  .byte 0xE0, 0xE0, 0xE0, 0xC0, 0x00, 0x00, 0x00, 0x00, 0x0F, 0x0F, 0x0F, 0x07, 0x00, 0x00, 0x00, 0x00
  .byte 0x10, 0x00, 0x08, 0x00, 0x3F, 0x00, 0x00, 0xF0, 0x01, 0xF0, 0x01, 0xF0, 0x01, 0xF0, 0x01, 0xF0
  .byte 0x01, 0xF0, 0x01, 0xFF, 0xF0, 0x01, 0xF0, 0x01, 0xF0, 0x01, 0xF0, 0x01, 0xF0, 0x01, 0xF0, 0x01
  .byte 0xF0, 0x01, 0xF0, 0x01, 0xFF, 0xF0, 0x01, 0xF0, 0x01, 0xF0, 0x01, 0xF0, 0x01, 0xF0, 0x01, 0xF0
  .byte 0x01, 0xF0, 0x01, 0xF0, 0x01, 0xA2, 0x80, 0x01, 0x50, 0x00, 0x01, 0x76, 0x05, 0x75, 0xA0, 0x13
  .byte 0x56, 0x10, 0x00, 0x00, 0x60, 0x00, 0x03, 0x76, 0x46, 0x00, 0x00, 0x5F, 0x67, 0x10, 0x03, 0xE6
  .byte 0xF0, 0x36, 0xF0, 0x01, 0xF0, 0x01, 0xF0, 0x01, 0xF0, 0x01, 0xF8, 0xF0, 0x01, 0xF0, 0x01, 0xF0
  .byte 0x01, 0xF0, 0x01, 0xB0, 0x01, 0x55, 0x05, 0x00, 0x10, 0x50, 0x76, 0x67, 0x00, 0x07, 0x55, 0x00
  .byte 0x00, 0x40, 0x40, 0x44, 0x00, 0x10, 0x45, 0x00, 0x75, 0x5E, 0x77, 0x00, 0x00, 0x75, 0x7E, 0x67
  .byte 0x60, 0x77, 0x77, 0x66, 0x50, 0x00, 0x77, 0x67, 0x66, 0x56, 0x44, 0x66, 0x66, 0x76, 0x82, 0x00
  .byte 0x04, 0x44, 0x44, 0x55, 0x44, 0x44, 0x00, 0x04, 0x66, 0x80, 0x00, 0xE3, 0x66, 0xE6, 0x40, 0x0E
  .byte 0x66, 0x46, 0x64, 0x00, 0x0E, 0x66, 0x45, 0x56, 0x0E, 0x66, 0x66, 0xE5, 0x10, 0x00, 0x66, 0x56
  .byte 0x00, 0x03, 0x55, 0x0E, 0x00, 0x44, 0x3F, 0x55, 0x0E, 0x10, 0x43, 0xF0, 0x01, 0xF0, 0x01, 0xF0
  .byte 0x01, 0xF0, 0x01, 0xF0, 0x01, 0x80, 0xD0, 0x01, 0x60, 0x66, 0x66, 0x00, 0x50, 0x77, 0x77, 0x14
  .byte 0x00, 0x00, 0x75, 0x00, 0x03, 0x50, 0x00, 0x03, 0x00, 0x75, 0xC0, 0x01, 0x8E, 0x01, 0xA6, 0x40
  .byte 0x00, 0x76, 0x47, 0x40, 0x04, 0x0A, 0x76, 0x77, 0x64, 0x04, 0x00, 0xC6, 0x45, 0x00, 0xC6, 0x55
  .byte 0x80, 0x00, 0xC9, 0x56, 0x77, 0x66, 0x66, 0x55, 0x00, 0xB0, 0x00, 0xAA, 0x40, 0x00, 0xFB, 0xFF
  .byte 0xBB, 0xB0, 0xFF, 0x08, 0xCC, 0xCC, 0xA0, 0xCF, 0x00, 0x03, 0xCC, 0xE9, 0xC9, 0x04, 0x04, 0x99
  .byte 0x00, 0x90, 0x45, 0x20, 0xFC, 0x00, 0x90, 0x40, 0xC4, 0x00, 0xE4, 0xCC, 0x29, 0x22, 0x47, 0xCC
  .byte 0x29, 0x00, 0x3F, 0x4F, 0xCC, 0x2B, 0x31, 0x4F, 0xCC, 0xBC, 0x00, 0xF3, 0x46, 0x99, 0xB9, 0x49
  .byte 0x44, 0xAA, 0xBB, 0x00, 0x49, 0xE4, 0x9A, 0x9C, 0xE4, 0x0E, 0x55, 0xE4, 0x08, 0x46, 0x56, 0x44
  .byte 0xE6, 0x00, 0x03, 0x64, 0x5E, 0xE5, 0x04, 0x44, 0x44, 0xE6, 0xE5, 0x4E, 0x00, 0x08, 0xEE, 0x4E
  .byte 0x00, 0x54, 0x5E, 0x40, 0xE6, 0xEE, 0x55, 0x00, 0x64, 0x40, 0x55, 0x01, 0x05, 0x00, 0x00, 0x4E
  .byte 0x04, 0x00, 0x00, 0x48, 0x65, 0x01, 0x27, 0x55, 0xE5, 0x00, 0x03, 0xEE, 0x0E, 0x00, 0x37, 0xE5
  .byte 0x66, 0x00, 0x03, 0x00, 0x19, 0x5E, 0x00, 0x0F, 0xF0, 0x01, 0xF0, 0x01, 0xC7, 0xF0, 0x01, 0x90
  .byte 0x01, 0x66, 0x77, 0x00, 0x01, 0x9C, 0x00, 0x59, 0x10, 0xEF, 0x48, 0x76, 0x30, 0xF7, 0xE5, 0xEE
  .byte 0x50, 0x1D, 0x77, 0x67, 0x55, 0x05, 0x55, 0x77, 0x66, 0x56, 0x55, 0x00, 0x07, 0x45, 0x00, 0x07
  .byte 0x80, 0x01, 0xBD, 0x44, 0x44, 0xEE, 0x64, 0x66, 0xEE, 0x00, 0x60, 0x64, 0x00, 0x22, 0x00, 0x02
  .byte 0x55, 0x04, 0x00, 0xA0, 0x54, 0x00, 0x04, 0x00, 0xCE, 0x42, 0x04, 0x00, 0xE0, 0x23, 0x04, 0x42
  .byte 0x54, 0x00, 0x44, 0x43, 0x01, 0x13, 0x44, 0x76, 0x60, 0x77, 0x02, 0x07, 0x00, 0x47, 0x64, 0x77
  .byte 0xCA, 0x9E, 0xE4, 0x00, 0xE0, 0xEC, 0xE0, 0xE5, 0x64, 0x0E, 0x6E, 0x45, 0x01, 0x56, 0x00, 0xE0
  .byte 0x66, 0xE5, 0xEE, 0x6E, 0x10, 0x4B, 0x02, 0x66, 0x55, 0x77, 0x56, 0x66, 0x56, 0x10, 0x03, 0x00
  .byte 0x61, 0x6E, 0x00, 0xE3, 0x00, 0x03, 0xE0, 0x56, 0x55, 0x55, 0x00, 0x1A, 0x41, 0x55, 0x00, 0x01
  .byte 0xEE, 0xEE, 0xEE, 0xEE, 0x00, 0x10, 0xF7, 0x0F, 0x0E, 0x00, 0xAA, 0x09, 0x20, 0xF3, 0x00, 0x0C
  .byte 0x10, 0xEA, 0x10, 0x13, 0xFF, 0xF0, 0x01, 0xF0, 0x01, 0xF0, 0x01, 0xF0, 0x01, 0xF0, 0x01, 0xF0
  .byte 0x01, 0xF0, 0x01, 0xF0, 0x01, 0xB4, 0x00, 0xE3, 0x66, 0x01, 0x33, 0x00, 0x03, 0x40, 0x02, 0xF3
  .byte 0x00, 0x54, 0xA0, 0x00, 0x03, 0x40, 0xA1, 0x5D, 0xE6, 0x66, 0x55, 0x66, 0xE5, 0x02, 0x56, 0x99
  .byte 0x55, 0x6E, 0x55, 0x9A, 0x00, 0xDB, 0xC9, 0x00, 0xE4, 0xEE, 0xEE, 0x90, 0x90, 0xEA, 0x00, 0xA0
  .byte 0x00, 0x00, 0xB9, 0x0E, 0xA0, 0xA0, 0xC9, 0xAE, 0xA0, 0x00, 0x0E, 0xAA, 0xFC, 0x09, 0xA0, 0xFF
  .byte 0x99, 0x09, 0x00, 0xC9, 0xB9, 0xB9, 0xEF, 0xC9, 0x9B, 0xEB, 0x0E, 0x05, 0xBC, 0xEA, 0x0E, 0x00
  .byte 0xBB, 0x00, 0xE8, 0xEA, 0x00, 0x3B, 0x7F, 0xEF, 0xF0, 0x6C, 0xF0, 0x01, 0xF0, 0x01, 0xF0, 0x01
  .byte 0xF0, 0x01, 0xF0, 0x01, 0xF0, 0x01, 0xE8, 0xF0, 0x01, 0xF0, 0x01, 0x10, 0x01, 0xA0, 0x00, 0x02
  .byte 0xCA, 0x00, 0x00, 0x05, 0xBE, 0xBB, 0x00, 0xE0, 0xEF, 0x00, 0xB2, 0x0E, 0xA1, 0xA6, 0x00, 0xCA
  .byte 0xCC, 0xFA, 0x0A, 0xAC, 0xBC, 0xEB, 0x00, 0x55, 0xAA, 0x00, 0xD4, 0x90, 0x00, 0x1D, 0xE0, 0xC1
  .byte 0xC4, 0x0A, 0xF0, 0x4F, 0xFF, 0xF0, 0x01, 0xF0, 0x01, 0xF0, 0x01, 0xF0, 0x01, 0xF0, 0x01, 0xF0
  .byte 0x01, 0xF0, 0x01, 0xF0, 0x01, 0xFF, 0xF0, 0x01, 0xF0, 0x01, 0xF0, 0x01, 0xF0, 0x01, 0xF0, 0x01
  .byte 0xF0, 0x01, 0xF0, 0x01, 0xF0, 0x01, 0xE0, 0xF0, 0x01, 0xF0, 0x01, 0x60, 0x01, 0x00, 0x00, 0x00

  .globl gMonPalette_Murkrow
gMonPalette_Murkrow:
  .incbin "build/graphics/pokemon/murkrow/normal_palette.gbapal.lz"

  .globl gMonBackPic_Murkrow
gMonBackPic_Murkrow:
  .incbin "build/graphics/pokemon/murkrow/back.4bpp.lz"

  .globl gMonShinyPalette_Murkrow
gMonShinyPalette_Murkrow:
  .incbin "build/graphics/pokemon/murkrow/shiny_palette.gbapal.lz"

	.globl gMonIcon_Murkrow
gMonIcon_Murkrow: @ 0x08CB7F28 [198]
  .incbin "build/graphics/pokemon/murkrow/icon.4bpp"
  @ Replaced baserom.gba range: offset=0xCB8328, size=0x3D4
  .byte 0x00, 0x00, 0x00, 0x10, 0x30, 0x20, 0x60, 0x80, 0x00, 0x00, 0x01, 0x11, 0x19, 0x09, 0x0D, 0x03
  .byte 0x80, 0x80, 0x80, 0x00, 0x00, 0x00, 0x00, 0x00, 0x03, 0x03, 0x03, 0x01, 0x01, 0x01, 0x00, 0x00
  .byte 0x10, 0x00, 0x08, 0x00, 0x3F, 0x00, 0x00, 0xF0, 0x01, 0xF0, 0x01, 0xF0, 0x01, 0xF0, 0x01, 0xF0
  .byte 0x01, 0xF0, 0x01, 0xA0, 0x60, 0x01, 0xBB, 0x00, 0x03, 0xFC, 0x00, 0xB0, 0x1B, 0xFC, 0x80, 0xB0
  .byte 0x16, 0x11, 0x00, 0x00, 0xB0, 0x1F, 0x00, 0x00, 0x00, 0xFB, 0x1E, 0x00, 0xB1, 0xEF, 0xEE, 0xBC
  .byte 0xBE, 0x1B, 0xEE, 0xCE, 0xEE, 0xF0, 0x3A, 0x30, 0x01, 0x01, 0x40, 0x03, 0xF0, 0x01, 0xFF, 0xF0
  .byte 0x01, 0xF0, 0x01, 0xF0, 0x01, 0xF0, 0x01, 0xF0, 0x01, 0xF0, 0x01, 0xF0, 0x01, 0x50, 0x01, 0x28
  .byte 0xC0, 0x0C, 0x00, 0x03, 0xBE, 0x00, 0x08, 0xB0, 0xDD, 0xEC, 0x12, 0x00, 0x00, 0xDB, 0x00, 0x03
  .byte 0xB0, 0x5E, 0x00, 0xF6, 0x5E, 0x00, 0x00, 0xB0, 0xED, 0xFC, 0x00, 0xDB, 0xEE, 0xCF, 0x00, 0x00
  .byte 0xEB, 0xFE, 0xFF, 0xC0, 0xCC, 0xBC, 0xBB, 0x00, 0xEE, 0xEE, 0xEC, 0xBE, 0x55, 0xED, 0xEE, 0xCB
  .byte 0x00, 0x6F, 0xD5, 0xDD, 0xCD, 0x66, 0xE5, 0xDC, 0xCD, 0x00, 0x55, 0xBE, 0x1D, 0xC1, 0xBB, 0xEB
  .byte 0xDD, 0x1C, 0x00, 0xEE, 0xDE, 0xDD, 0xCC, 0xBB, 0xDB, 0xCD, 0xCC, 0x03, 0xBB, 0x1B, 0x00, 0x00
  .byte 0xCC, 0x1C, 0x00, 0x03, 0x00, 0xEC, 0xC0, 0x00, 0x06, 0x60, 0xF7, 0x01, 0x00, 0xB0, 0x0B, 0x1C
  .byte 0x00, 0x7F, 0xDB, 0xF1, 0x02, 0xF0, 0x01, 0xF0, 0x01, 0xF0, 0x01, 0xF0, 0x01, 0xF0, 0x01, 0xF0
  .byte 0x01, 0x90, 0x10, 0xE7, 0xEE, 0x0B, 0x00, 0x03, 0x1E, 0xCB, 0x00, 0xEC, 0x20, 0xEE, 0xDB, 0x00
  .byte 0xD7, 0xDB, 0x00, 0x10, 0xED, 0xDD, 0x10, 0x00, 0x00, 0xE1, 0x00, 0x03, 0xB0, 0xCC, 0x00, 0x00
  .byte 0x00, 0x10, 0xBC, 0xEC, 0xEE, 0xEE, 0xEE, 0xEE, 0xFE, 0x01, 0xFF, 0xFF, 0xEE, 0xFF, 0xFF, 0xFF
  .byte 0xED, 0x00, 0x0A, 0x00, 0xDD, 0xDD, 0xDD, 0xDD, 0xBC, 0xBB, 0xBB, 0xBB, 0x00, 0x6B, 0xBF, 0x77
  .byte 0xB7, 0xF6, 0x76, 0x77, 0x77, 0x00, 0xEE, 0xBE, 0xBB, 0xCC, 0xEE, 0xEE, 0xDE, 0xBB, 0x10, 0xEF
  .byte 0xEE, 0xEE, 0x01, 0x0B, 0xBE, 0xFE, 0xDD, 0xDD, 0x00, 0xBD, 0xEE, 0xBB, 0xDB, 0xDD, 0xDD, 0xBF
  .byte 0xB6, 0x00, 0xDB, 0xDC, 0xF7, 0x6F, 0xB7, 0xC1, 0x1C, 0xBB, 0x00, 0xDE, 0x01, 0xBB, 0xEE, 0xCD
  .byte 0x01, 0xFF, 0xDE, 0x00, 0xBD, 0x00, 0xEF, 0xDD, 0x1C, 0x00, 0xDD, 0xCD, 0x14, 0x0B, 0x00, 0xDD
  .byte 0x01, 0x0C, 0xCD, 0x11, 0x13, 0xC1, 0x0B, 0xFF, 0xF0, 0x90, 0xF0, 0x01, 0xF0, 0x01, 0xF0, 0x01
  .byte 0xF0, 0x01, 0xF0, 0x01, 0xF0, 0x01, 0x20, 0x01, 0x2A, 0x10, 0xBC, 0x00, 0x04, 0x61, 0x40, 0x03
  .byte 0x50, 0x40, 0x03, 0xA9, 0x10, 0x00, 0x00, 0x90, 0x00, 0x03, 0x80, 0x89, 0xFF, 0x6F, 0x20, 0x77
  .byte 0x67, 0x10, 0x03, 0x1F, 0x8F, 0x88, 0x68, 0x1F, 0x00, 0xF9, 0xFF, 0x8A, 0xF9, 0xF8, 0x8F, 0xAA
  .byte 0xFA, 0x08, 0xFF, 0xAF, 0xAA, 0xAA, 0x00, 0x01, 0x99, 0x44, 0x44, 0x04, 0x94, 0xFF, 0xFF, 0x76
  .byte 0x1B, 0x00, 0x03, 0x17, 0x1F, 0x00, 0xFF, 0x76, 0x67, 0x18, 0xFE, 0x76, 0x67, 0x9A, 0x00, 0x89
  .byte 0x76, 0x67, 0xAA, 0x99, 0x78, 0x67, 0x9A, 0x00, 0x99, 0x89, 0x66, 0x99, 0x89, 0x89, 0x16, 0x11
  .byte 0xAA, 0x00, 0xEB, 0xCC, 0x00, 0x03, 0xB1, 0x00, 0x03, 0xC1, 0x00, 0x03, 0x16, 0xD7, 0x00, 0xF7
  .byte 0x10, 0x03, 0x11, 0x00, 0xFA, 0xFF, 0xF1, 0xFD, 0xF0, 0x01, 0xF0, 0x01, 0xF8, 0xF0, 0x01, 0xF0
  .byte 0x01, 0xF0, 0x01, 0xF0, 0x01, 0x40, 0x01, 0x80, 0x99, 0x00, 0x02, 0x00, 0x8C, 0x98, 0x00, 0xC0
  .byte 0xFF, 0x10, 0x03, 0x8F, 0x00, 0x00, 0xFC, 0x2F, 0x22, 0x00, 0x2C, 0x22, 0x22, 0x08, 0xC0, 0x22
  .byte 0x22, 0xF2, 0x00, 0x03, 0xFF, 0x44, 0x64, 0x00, 0x66, 0x44, 0xF4, 0x96, 0x99, 0x66, 0x49, 0x94
  .byte 0x00, 0x99, 0x49, 0x99, 0x89, 0x88, 0x98, 0x88, 0x99, 0x00, 0x99, 0x99, 0xF2, 0x88, 0x88, 0x88
  .byte 0xFF, 0x2F, 0x00, 0x22, 0xFF, 0xFF, 0x22, 0xF2, 0xCF, 0x44, 0x94, 0x00, 0x89, 0x16, 0x4F, 0x99
  .byte 0x89, 0x61, 0x94, 0x99, 0x00, 0x61, 0x71, 0x99, 0x19, 0x43, 0x77, 0x89, 0xE1, 0x00, 0x1D, 0x77
  .byte 0x28, 0x22, 0x13, 0x77, 0x2B, 0x32, 0x00, 0x71, 0x77, 0x22, 0x43, 0x76, 0x77, 0x7F, 0x16, 0x00
  .byte 0x00, 0x00, 0x66, 0x17, 0x00, 0x00, 0x77, 0x67, 0x0F, 0x01, 0x00, 0x77, 0x77, 0xF0, 0x03, 0xF0
  .byte 0x8F, 0xF0, 0x01, 0xF0, 0x01, 0xF8, 0xF0, 0x01, 0xF0, 0x01, 0xF0, 0x01, 0xF0, 0x01, 0x02, 0xE5
  .byte 0x33, 0xF2, 0xFF, 0x01, 0x00, 0x11, 0xF3, 0xFF, 0x00, 0x00, 0xC3, 0x02, 0xF3, 0x00, 0x44, 0x3D
  .byte 0x00, 0x50, 0x67, 0x14, 0x00, 0x75, 0x00, 0x67, 0x64, 0x50, 0x77, 0x46, 0x77, 0xF5, 0x67, 0x00
  .byte 0x46, 0x77, 0x2F, 0x22, 0xF2, 0xFC, 0x2D, 0x22, 0x00, 0xF2, 0xFF, 0x33, 0x33, 0xF3, 0xDF, 0x33
  .byte 0x33, 0x00, 0xD3, 0xDD, 0x11, 0x11, 0x11, 0x11, 0x66, 0x66, 0x0A, 0x66, 0x66, 0x77, 0x77, 0x30
  .byte 0x01, 0x2F, 0x00, 0xE3, 0x3D, 0x82, 0x00, 0x03, 0xDD, 0x61, 0x76, 0x77, 0x1B, 0x00, 0x16, 0x6B
  .byte 0xD0, 0x10, 0x1C, 0x40, 0x01, 0x77, 0x10, 0x03, 0x57, 0x04, 0x00, 0x77, 0x80, 0x10, 0xFF, 0x15
  .byte 0x00, 0x00, 0x67, 0x01, 0x10, 0x01, 0x08, 0x66, 0x01, 0x74, 0x15, 0x20, 0x03, 0x41, 0x77, 0x55
  .byte 0x0F, 0x66, 0x71, 0x77, 0x55, 0xF0, 0x91, 0xF5, 0x1F, 0xF0, 0x01, 0xF0, 0x01, 0xE0, 0xF0, 0x01
  .byte 0xF0, 0x01, 0xF0, 0x01, 0x00, 0x00, 0xF5, 0x55, 0x46, 0x05, 0x77, 0x40, 0x74, 0x11, 0x77, 0x05
  .byte 0xBA, 0x65, 0x02, 0xFA, 0x0B, 0xA5, 0x00, 0x00, 0x75, 0x10, 0x03, 0x57, 0x40, 0x03, 0x50, 0xE6
  .byte 0xDC, 0x20, 0x01, 0x10, 0xF4, 0xAA, 0x00, 0xD3, 0x12, 0xFB, 0x00, 0x04, 0x9A, 0x95, 0xA5, 0x50
  .byte 0xE3, 0x67, 0x21, 0x0F, 0x66, 0x77, 0x00, 0x2E, 0x56, 0x00, 0x08, 0x54, 0x59, 0x00, 0x03, 0x49
  .byte 0x00, 0x03, 0x16, 0x10, 0x14, 0x46, 0x57, 0x00, 0x55, 0x66, 0x16, 0x55, 0x55, 0x66, 0x56, 0x51
  .byte 0x12, 0x55, 0x66, 0x66, 0x10, 0x03, 0x15, 0x15, 0x40, 0x03, 0x01, 0xFF, 0x00, 0x03, 0x85, 0x0F
  .byte 0xF0, 0xEF, 0xF0, 0x01, 0xF0, 0x01, 0xF0, 0x01, 0xF0, 0x01, 0xF0, 0x01, 0x93, 0x90, 0x01, 0x40
  .byte 0x77, 0x30, 0x03, 0x00, 0x64, 0x05, 0x0D, 0x02, 0x07, 0x38, 0xFC, 0xDF, 0x02, 0x15, 0x06, 0xC8
  .byte 0x30, 0x01, 0x57, 0x95, 0x99, 0x20, 0x99, 0x77, 0x00, 0x04, 0x76, 0x66, 0x46, 0x11, 0x6D, 0x0A
  .byte 0x66, 0x01, 0x00, 0xDD, 0x02, 0xCF, 0x11, 0x80, 0xA8, 0x19, 0x80, 0x00, 0xE3, 0x99, 0x74, 0x77
  .byte 0x67, 0x11, 0x61, 0x66, 0x0B, 0x66, 0x00, 0x50, 0x66, 0x01, 0xCF, 0x65, 0x10, 0x43, 0x00, 0x03
  .byte 0x80, 0x30, 0x43, 0x66, 0x66, 0x14, 0x00, 0x66, 0x56, 0x01, 0xAB, 0x20, 0x03, 0x55, 0x00, 0x3B
  .byte 0x5D, 0x02, 0x07, 0xDD, 0x00, 0x3F, 0x60, 0x60, 0xF0, 0xF0, 0x01, 0xF0, 0x01, 0xF0, 0x01, 0x60
  .byte 0x01, 0x00, 0x00, 0x00

  .globl gMonPalette_Slowking
gMonPalette_Slowking:
  .incbin "build/graphics/pokemon/slowking/normal_palette.gbapal.lz"

  .globl gMonBackPic_Slowking
gMonBackPic_Slowking:
  .incbin "build/graphics/pokemon/slowking/back.4bpp.lz"

  .globl gMonShinyPalette_Slowking
gMonShinyPalette_Slowking:
  .incbin "build/graphics/pokemon/slowking/shiny_palette.gbapal.lz"

	.globl gMonIcon_Slowking
gMonIcon_Slowking: @ 0x08CB8AD8 [199]
  .incbin "build/graphics/pokemon/slowking/icon.4bpp"
  @ Replaced baserom.gba range: offset=0xCB8ED8, size=0x2E0
  .byte 0x00, 0x00, 0x00, 0x00, 0xC0, 0xE0, 0xF0, 0xF0, 0x00, 0x00, 0x00, 0x00, 0x01, 0x03, 0x07, 0x07
  .byte 0xF0, 0xF0, 0xF0, 0xE0, 0x00, 0x00, 0x00, 0x00, 0x07, 0x07, 0x07, 0x03, 0x00, 0x00, 0x00, 0x00
  .byte 0x10, 0x00, 0x08, 0x00, 0x3F, 0x00, 0x00, 0xF0, 0x01, 0xF0, 0x01, 0xF0, 0x01, 0xF0, 0x01, 0xF0
  .byte 0x01, 0xF0, 0x01, 0xFF, 0xF0, 0x01, 0xF0, 0x01, 0xF0, 0x01, 0xF0, 0x01, 0xF0, 0x01, 0xF0, 0x01
  .byte 0xF0, 0x01, 0xF0, 0x01, 0xF8, 0xF0, 0x01, 0xF0, 0x01, 0xF0, 0x01, 0xF0, 0x01, 0xD0, 0x01, 0x89
  .byte 0x80, 0x00, 0x16, 0x00, 0xE9, 0xA9, 0x00, 0x03, 0xAA, 0xF0, 0x1B, 0x30, 0x01, 0x08, 0x03, 0x00
  .byte 0x00, 0x90, 0x01, 0x02, 0x00, 0x00, 0x27, 0xF0, 0x01, 0xCF, 0x20, 0x1F, 0x00, 0x20, 0x9E, 0x1A
  .byte 0xF0, 0x17, 0xF0, 0x01, 0xF0, 0x01, 0xF0, 0x01, 0xFA, 0xF0, 0x01, 0xF0, 0x01, 0xF0, 0x01, 0xF0
  .byte 0x01, 0x60, 0x01, 0x30, 0x00, 0x03, 0x53, 0x80, 0x10, 0x07, 0x80, 0x00, 0xE8, 0xAE, 0x80, 0x08
  .byte 0x8A, 0x10, 0xEE, 0x80, 0x89, 0x00, 0x03, 0xE9, 0x8A, 0xEE, 0x00, 0x00, 0xE8, 0x8E, 0xE9, 0x03
  .byte 0xE8, 0xEE, 0x98, 0x25, 0x00, 0x82, 0x4E, 0x49, 0x55, 0x55, 0xE8, 0x44, 0x21, 0x01, 0x23, 0x00
  .byte 0x80, 0x38, 0x23, 0x00, 0x90, 0x00, 0x03, 0x00, 0x00, 0x8E, 0x33, 0x02, 0x00, 0xE4, 0x38, 0x23
  .byte 0x00, 0x12, 0x44, 0x3E, 0x33, 0x33, 0x49, 0x44, 0x24, 0x02, 0x22, 0x88, 0x44, 0x44, 0x44, 0xEE
  .byte 0x00, 0xE3, 0x3E, 0x00, 0x19, 0x00, 0x00, 0xE2, 0x93, 0x02, 0x00, 0x32, 0x00, 0x33, 0x23, 0x00
  .byte 0x11, 0x31, 0x33, 0x22, 0x23, 0x00, 0x22, 0x22, 0x44, 0x32, 0x44, 0x44, 0x22, 0x54, 0x1C, 0x55
  .byte 0x44, 0x44, 0x20, 0x6D, 0x11, 0x25, 0x10, 0x03, 0xA8, 0x89, 0x00, 0x00, 0x02, 0xA8, 0xE8, 0x01
  .byte 0x84, 0xAA, 0x9E, 0x00, 0x01, 0x84, 0xEA, 0x8E, 0x00, 0x82, 0x9A, 0x2E, 0x7E, 0x02, 0xF0, 0x9A
  .byte 0xF0, 0x01, 0xF0, 0x01, 0xF0, 0x01, 0xF0, 0x01, 0x60, 0x01, 0x52, 0xB0, 0x00, 0x03, 0x20, 0xF0
  .byte 0x16, 0x30, 0x01, 0x55, 0x55, 0x45, 0x84, 0x00, 0x42, 0x54, 0x44, 0x84, 0x20, 0x42, 0x85, 0x88
  .byte 0x00, 0x00, 0x20, 0x84, 0xEE, 0x00, 0x00, 0x43, 0xE8, 0x10, 0x00, 0x00, 0x42, 0x50, 0x03, 0x84
  .byte 0xA8, 0x48, 0x44, 0x04, 0x54, 0xAE, 0x41, 0x44, 0x44, 0x10, 0x03, 0xEA, 0x8A, 0x00, 0x18, 0x41
  .byte 0xAE, 0xAE, 0xAA, 0x8A, 0xEE, 0xEE, 0x83, 0x40, 0x01, 0x99, 0x44, 0x49, 0x55, 0x45, 0x01, 0x04
  .byte 0x80, 0x01, 0x88, 0x00, 0x26, 0x44, 0x29, 0x43, 0x30, 0x03, 0x24, 0x33, 0x44, 0x00, 0x44, 0x81
  .byte 0x99, 0x94, 0x13, 0x14, 0x99, 0x44, 0x00, 0x23, 0x34, 0x91, 0x44, 0x34, 0x44, 0x23, 0x45, 0xA1
  .byte 0x50, 0x03, 0x33, 0x10, 0x03, 0x34, 0x42, 0x45, 0x13, 0x50, 0x87, 0xBF, 0x11, 0x08, 0x01, 0x40
  .byte 0x03, 0x10, 0x0B, 0xF1, 0x18, 0xF0, 0x01, 0xF0, 0x01, 0xF0, 0x01, 0xC0, 0xF0, 0x01, 0xC0, 0x01
  .byte 0x20, 0x43, 0x14, 0x00, 0x20, 0x33, 0x41, 0x44, 0x00, 0x03, 0x33, 0x00, 0x00, 0x22, 0x32, 0x00
  .byte 0x11, 0xC0, 0x50, 0x03, 0x21, 0x33, 0x99, 0x99, 0x49, 0x44, 0x11, 0x92, 0x00, 0x99, 0x49, 0x33
  .byte 0x13, 0x33, 0x43, 0x33, 0x33, 0x28, 0x11, 0x11, 0x00, 0x03, 0xC1, 0x00, 0x03, 0x1C, 0x12, 0x31
  .byte 0x00, 0x13, 0x1C, 0x00, 0x21, 0x33, 0xC1, 0x55, 0x22, 0x02, 0x33, 0x44, 0x54, 0x55, 0x24, 0x44
  .byte 0x00, 0x04, 0x44, 0x04, 0x43, 0x44, 0x54, 0x44, 0x22, 0x00, 0xF7, 0xD1, 0x11, 0x01, 0x44, 0x44
  .byte 0xF1, 0x77, 0x42, 0x44, 0xC1, 0x00, 0x03, 0x08, 0x24, 0x54, 0x44, 0x13, 0x02, 0x0A, 0x02, 0x44
  .byte 0x24, 0x00, 0x17, 0x00, 0x44, 0x7B, 0x17, 0x00, 0x14, 0xDF, 0x80, 0x00, 0x03, 0xD1, 0x01, 0x00
  .byte 0xB4, 0xB1, 0x01, 0x00, 0x7F, 0x44, 0x60, 0xFD, 0xF0, 0x01, 0xF0, 0x01, 0xF0, 0x01, 0xF0, 0x01
  .byte 0xF0, 0x01, 0xF0, 0x01, 0xE0, 0xF0, 0x01, 0xF0, 0x01, 0x80, 0x01, 0x21, 0x33, 0x13, 0x00, 0x10
  .byte 0x02, 0x31, 0x33, 0x30, 0x33, 0x13, 0xB1, 0x00, 0xDA, 0xDB, 0x00, 0x42, 0x44, 0x44, 0xB4, 0x20
  .byte 0x42, 0x55, 0x45, 0x20, 0x00, 0x52, 0x00, 0x03, 0x53, 0x55, 0x44, 0xC1, 0x27, 0x00, 0x44, 0xB4
  .byte 0x44, 0x44, 0x34, 0xDD, 0x31, 0x43, 0x00, 0x44, 0x14, 0xBB, 0x22, 0xBB, 0x0B, 0xDB, 0xB1, 0x00
  .byte 0xDF, 0xBC, 0x14, 0xB1, 0xDD, 0x1C, 0x44, 0xB3, 0x01, 0xCC, 0x1C, 0x34, 0x33, 0x11, 0x31, 0x4B
  .byte 0x00, 0xE3, 0x57, 0x4B, 0x01, 0xD4, 0xB1, 0x00, 0x4A, 0x1D, 0x41, 0xDF, 0x50, 0x01, 0x90, 0x0B
  .byte 0xFF, 0xF0, 0x01, 0xF0, 0x01, 0xF0, 0x01, 0xF0, 0x01, 0xF0, 0x01, 0xF0, 0x01, 0xF0, 0x01, 0xF0
  .byte 0x01, 0x82, 0x60, 0x01, 0x53, 0x45, 0x44, 0x00, 0x30, 0x02, 0x1F, 0x00, 0x52, 0x20, 0x13, 0xCB
  .byte 0x12, 0xD0, 0x1E, 0x33, 0x33, 0x20, 0x01, 0x13, 0x01, 0x13, 0x31, 0x33, 0x01, 0x01, 0x10, 0x11
  .byte 0xE0, 0x3E, 0xFF, 0xF0, 0xE3, 0xF0, 0x01, 0xF0, 0x01, 0xF0, 0x01, 0xF0, 0x01, 0xF0, 0x01, 0xF0
  .byte 0x01, 0xF0, 0x01, 0xFF, 0xF0, 0x01, 0xF0, 0x01, 0xF0, 0x01, 0xF0, 0x01, 0xF0, 0x01, 0xF0, 0x01
  .byte 0xF0, 0x01, 0xF0, 0x01, 0xF0, 0xF0, 0x01, 0xF0, 0x01, 0xF0, 0x01, 0x70, 0x01, 0x00, 0x00, 0x00

  .globl gMonPalette_Misdreavus
gMonPalette_Misdreavus:
  .incbin "build/graphics/pokemon/misdreavus/normal_palette.gbapal.lz"

  .globl gMonBackPic_Misdreavus
gMonBackPic_Misdreavus:
  .incbin "build/graphics/pokemon/misdreavus/back.4bpp.lz"

  .globl gMonShinyPalette_Misdreavus
gMonShinyPalette_Misdreavus:
  .incbin "build/graphics/pokemon/misdreavus/shiny_palette.gbapal.lz"

	.globl gMonIcon_Misdreavus
gMonIcon_Misdreavus: @ 0x08CB952C [200]
  .incbin "build/graphics/pokemon/misdreavus/icon.4bpp"
  @ Replaced baserom.gba range: offset=0xCB992C, size=0x1F4
  .byte 0x00, 0x00, 0x00, 0x00, 0x00, 0x00, 0x00, 0x00, 0x00, 0x00, 0x00, 0x00, 0x00, 0x00, 0x00, 0x00
  .byte 0x00, 0x00, 0x00, 0x00, 0x00, 0x00, 0x00, 0x00, 0x00, 0x00, 0x00, 0x00, 0x00, 0x00, 0x00, 0x00
  .byte 0x10, 0x00, 0x08, 0x00, 0x3F, 0x00, 0x00, 0xF0, 0x01, 0xF0, 0x01, 0xF0, 0x01, 0xF0, 0x01, 0xF0
  .byte 0x01, 0xF0, 0x01, 0xFF, 0xF0, 0x01, 0xF0, 0x01, 0xF0, 0x01, 0xF0, 0x01, 0xF0, 0x01, 0xF0, 0x01
  .byte 0xF0, 0x01, 0xF0, 0x01, 0xFF, 0xF0, 0x01, 0xF0, 0x01, 0xF0, 0x01, 0xF0, 0x01, 0xF0, 0x01, 0xF0
  .byte 0x01, 0xF0, 0x01, 0x00, 0x01, 0x6F, 0x90, 0xF0, 0x12, 0x70, 0x01, 0x09, 0xF0, 0x12, 0xF0, 0x01
  .byte 0xF0, 0x01, 0xF0, 0x01, 0xFE, 0xF0, 0x01, 0xF0, 0x01, 0xF0, 0x01, 0xF0, 0x01, 0xF0, 0x01, 0xF0
  .byte 0x01, 0xF0, 0x01, 0x49, 0xA8, 0x40, 0x03, 0x76, 0x00, 0x03, 0x86, 0x00, 0xF2, 0x88, 0x00, 0x00
  .byte 0x40, 0x60, 0x10, 0x03, 0x99, 0x00, 0x90, 0x89, 0x44, 0x67, 0xD2, 0x00, 0x14, 0x10, 0x03, 0x68
  .byte 0x40, 0x03, 0x98, 0x06, 0x70, 0x03, 0x87, 0x7F, 0x68, 0x00, 0x04, 0xF0, 0x01, 0xF0, 0x01, 0xF0
  .byte 0x01, 0xF0, 0x01, 0xF0, 0x01, 0xF0, 0x01, 0xFA, 0xF0, 0x01, 0xF0, 0x01, 0xF0, 0x01, 0xF1, 0xD3
  .byte 0x30, 0x03, 0x60, 0x20, 0x03, 0x89, 0x00, 0x44, 0x87, 0x90, 0x48, 0x87, 0x99, 0x89, 0x74, 0x00
  .byte 0x99, 0x54, 0x79, 0x84, 0x59, 0x55, 0x48, 0x97, 0x00, 0x54, 0x95, 0x78, 0x98, 0x55, 0x59, 0x78
  .byte 0x68, 0x00, 0x55, 0x66, 0x88, 0x68, 0x54, 0x67, 0x88, 0x88, 0x00, 0x69, 0x00, 0x66, 0x88, 0x98
  .byte 0x06, 0x45, 0x96, 0x00, 0x88, 0x69, 0x55, 0x65, 0x88, 0x69, 0x76, 0x45, 0x01, 0x86, 0x98, 0x66
  .byte 0x55, 0x86, 0x98, 0x68, 0x00, 0x03, 0xFF, 0x10, 0x0B, 0xD0, 0x5C, 0x11, 0x11, 0x90, 0x03, 0xF0
  .byte 0x01, 0xF0, 0x01, 0xF0, 0x01, 0xF0, 0x01, 0xF8, 0xF0, 0x01, 0xF0, 0x01, 0xF0, 0x01, 0xF0, 0x01
  .byte 0xD0, 0x01, 0x86, 0x88, 0x56, 0x00, 0x55, 0x86, 0x88, 0x69, 0x54, 0x60, 0x88, 0x88, 0x40, 0x66
  .byte 0x00, 0x0C, 0x88, 0x00, 0x60, 0x89, 0x88, 0x00, 0x00, 0x90, 0x87, 0x99, 0x00, 0x79, 0x87, 0x06
  .byte 0x00, 0x1F, 0x46, 0x98, 0x00, 0x10, 0xF3, 0x10, 0xFB, 0x11, 0x03, 0x11, 0x0B, 0x00, 0x06, 0x08
  .byte 0x00, 0x99, 0x88, 0x09, 0x02, 0x21, 0x69, 0x00, 0x00, 0x7F, 0x89, 0x00, 0x03, 0xF0, 0x01, 0xF0
  .byte 0x01, 0xF0, 0x01, 0xF0, 0x01, 0xF0, 0x01, 0xF0, 0x01, 0xFA, 0xF0, 0x01, 0xF0, 0x01, 0xF0, 0x01
  .byte 0xF0, 0x01, 0x90, 0x01, 0x46, 0x00, 0xD0, 0x46, 0x00, 0x88, 0x69, 0x90, 0x77, 0x98, 0x88, 0x60
  .byte 0x84, 0x00, 0x98, 0x99, 0x60, 0x84, 0x69, 0x69, 0x89, 0x87, 0x45, 0x69, 0x01, 0x0A, 0x06, 0x00
  .byte 0x86, 0x00, 0x1A, 0x60, 0x00, 0xE3, 0x00, 0x96, 0x87, 0x98, 0x00, 0x44, 0x79, 0x98, 0x06, 0x00
  .byte 0x99, 0x49, 0x98, 0x06, 0x96, 0x46, 0x97, 0x06, 0x03, 0x00, 0x96, 0x84, 0x69, 0x00, 0x60, 0x00
  .byte 0x24, 0x10, 0x1C, 0xFF, 0xF0, 0x51, 0xF0, 0x01, 0xF0, 0x01, 0xF0, 0x01, 0xF0, 0x01, 0xF0, 0x01
  .byte 0xF0, 0x01, 0xF0, 0x01, 0xE6, 0xF0, 0x01, 0xF0, 0x01, 0x80, 0x01, 0x60, 0x66, 0xF0, 0x13, 0xB0
  .byte 0x01, 0x66, 0xFF, 0xF2, 0xC6, 0xF0, 0x01, 0xF0, 0x01, 0xF0, 0x01, 0xF0, 0x01, 0xF0, 0x01, 0xF0
  .byte 0x01, 0xF0, 0x01, 0xFF, 0xF0, 0x01, 0xF0, 0x01, 0xF0, 0x01, 0xF0, 0x01, 0xF0, 0x01, 0xF0, 0x01
  .byte 0xF0, 0x01, 0xF0, 0x01, 0xFC, 0xF0, 0x01, 0xF0, 0x01, 0xF0, 0x01, 0xF0, 0x01, 0xF0, 0x01, 0x00
  .byte 0x01, 0x00, 0x00, 0x00

  .globl gMonPalette_Unown
  .globl gMonPalette_UnownB
  .globl gMonPalette_UnownC
  .globl gMonPalette_UnownD
  .globl gMonPalette_UnownE
  .globl gMonPalette_UnownF
  .globl gMonPalette_UnownG
  .globl gMonPalette_UnownH
  .globl gMonPalette_UnownI
  .globl gMonPalette_UnownJ
  .globl gMonPalette_UnownK
  .globl gMonPalette_UnownL
  .globl gMonPalette_UnownM
  .globl gMonPalette_UnownN
  .globl gMonPalette_UnownO
  .globl gMonPalette_UnownP
  .globl gMonPalette_UnownQ
  .globl gMonPalette_UnownR
  .globl gMonPalette_UnownS
  .globl gMonPalette_UnownT
  .globl gMonPalette_UnownU
  .globl gMonPalette_UnownV
  .globl gMonPalette_UnownW
  .globl gMonPalette_UnownX
  .globl gMonPalette_UnownY
  .globl gMonPalette_UnownZ
  .globl gMonPalette_UnownEmark
  .globl gMonPalette_UnownQmark
gMonPalette_Unown:
gMonPalette_UnownB:
gMonPalette_UnownC:
gMonPalette_UnownD:
gMonPalette_UnownE:
gMonPalette_UnownF:
gMonPalette_UnownG:
gMonPalette_UnownH:
gMonPalette_UnownI:
gMonPalette_UnownJ:
gMonPalette_UnownK:
gMonPalette_UnownL:
gMonPalette_UnownM:
gMonPalette_UnownN:
gMonPalette_UnownO:
gMonPalette_UnownP:
gMonPalette_UnownQ:
gMonPalette_UnownR:
gMonPalette_UnownS:
gMonPalette_UnownT:
gMonPalette_UnownU:
gMonPalette_UnownV:
gMonPalette_UnownW:
gMonPalette_UnownX:
gMonPalette_UnownY:
gMonPalette_UnownZ:
gMonPalette_UnownEmark:
gMonPalette_UnownQmark:
  .incbin "build/graphics/pokemon/unown_qmark/normal_palette.gbapal.lz"
  .space 0x3, 0x00

  .globl gMonBackPic_Unown
gMonBackPic_Unown:
  .incbin "build/graphics/pokemon/unown/back.4bpp.lz"

  .globl gMonShinyPalette_Unown
  .globl gMonShinyPalette_UnownB
  .globl gMonShinyPalette_UnownC
  .globl gMonShinyPalette_UnownD
  .globl gMonShinyPalette_UnownE
  .globl gMonShinyPalette_UnownF
  .globl gMonShinyPalette_UnownG
  .globl gMonShinyPalette_UnownH
  .globl gMonShinyPalette_UnownI
  .globl gMonShinyPalette_UnownJ
  .globl gMonShinyPalette_UnownK
  .globl gMonShinyPalette_UnownL
  .globl gMonShinyPalette_UnownM
  .globl gMonShinyPalette_UnownN
  .globl gMonShinyPalette_UnownO
  .globl gMonShinyPalette_UnownP
  .globl gMonShinyPalette_UnownQ
  .globl gMonShinyPalette_UnownR
  .globl gMonShinyPalette_UnownS
  .globl gMonShinyPalette_UnownT
  .globl gMonShinyPalette_UnownU
  .globl gMonShinyPalette_UnownV
  .globl gMonShinyPalette_UnownW
  .globl gMonShinyPalette_UnownX
  .globl gMonShinyPalette_UnownY
  .globl gMonShinyPalette_UnownZ
  .globl gMonShinyPalette_UnownEmark
  .globl gMonShinyPalette_UnownQmark
gMonShinyPalette_Unown:
gMonShinyPalette_UnownB:
gMonShinyPalette_UnownC:
gMonShinyPalette_UnownD:
gMonShinyPalette_UnownE:
gMonShinyPalette_UnownF:
gMonShinyPalette_UnownG:
gMonShinyPalette_UnownH:
gMonShinyPalette_UnownI:
gMonShinyPalette_UnownJ:
gMonShinyPalette_UnownK:
gMonShinyPalette_UnownL:
gMonShinyPalette_UnownM:
gMonShinyPalette_UnownN:
gMonShinyPalette_UnownO:
gMonShinyPalette_UnownP:
gMonShinyPalette_UnownQ:
gMonShinyPalette_UnownR:
gMonShinyPalette_UnownS:
gMonShinyPalette_UnownT:
gMonShinyPalette_UnownU:
gMonShinyPalette_UnownV:
gMonShinyPalette_UnownW:
gMonShinyPalette_UnownX:
gMonShinyPalette_UnownY:
gMonShinyPalette_UnownZ:
gMonShinyPalette_UnownEmark:
gMonShinyPalette_UnownQmark:
  .incbin "build/graphics/pokemon/unown_qmark/shiny_palette.gbapal.lz"
  .space 0x3, 0x00
	.globl gMonIcon_Unown
gMonIcon_Unown: @ 0x08CB9D60 [201]
  .incbin "build/graphics/pokemon/unown/icon.4bpp"
  @ Replaced baserom.gba range: offset=0xCBA160, size=0x370
  .byte 0x00, 0x00, 0x00, 0x00, 0x00, 0x00, 0x00, 0x00, 0x00, 0x00, 0x00, 0x00, 0x00, 0x00, 0x00, 0x00
  .byte 0x00, 0x00, 0x00, 0x00, 0x00, 0x00, 0x00, 0x00, 0x00, 0x00, 0x00, 0x00, 0x00, 0x00, 0x00, 0x00
  .byte 0x10, 0x00, 0x08, 0x00, 0x38, 0x00, 0x00, 0xF0, 0x01, 0xF0, 0x01, 0xF0, 0x01, 0x00, 0x00, 0x77
  .byte 0x06, 0x77, 0x00, 0x70, 0xAA, 0xAA, 0xF0, 0x17, 0x60, 0x1D, 0x00, 0x0C, 0xAA, 0xAA, 0x77, 0x07
  .byte 0xF0, 0x19, 0x50, 0x01, 0x88, 0x88, 0x38, 0x80, 0x88, 0xF0, 0x3F, 0x60, 0x1D, 0x00, 0x3A, 0xAA
  .byte 0x99, 0x79, 0x7F, 0x66, 0xF0, 0x19, 0xF0, 0x01, 0xF0, 0x01, 0xF0, 0x01, 0xF0, 0x01, 0xF0, 0x01
  .byte 0xF0, 0x01, 0x80, 0x00, 0x01, 0xA7, 0xAA, 0x99, 0x00, 0xA7, 0x9A, 0x88, 0x14, 0x00, 0xA7, 0x89
  .byte 0x50, 0x03, 0x68, 0x20, 0x03, 0x97, 0x88, 0x80, 0x20, 0x03, 0x99, 0x99, 0xAA, 0x79, 0x88, 0x88
  .byte 0x99, 0x90, 0x00, 0x03, 0x88, 0x78, 0x00, 0x03, 0xA7, 0x66, 0x88, 0x88, 0x00, 0xA6, 0x00, 0x66
  .byte 0x66, 0x67, 0x00, 0x70, 0x99, 0x00, 0x79, 0x00, 0x97, 0x99, 0x99, 0xA8, 0xAA, 0xAA, 0xD6, 0xF0
  .byte 0x01, 0x00, 0x01, 0xAC, 0x00, 0x03, 0xC7, 0x20, 0x09, 0x00, 0x41, 0xAA, 0x50, 0x9A, 0x00, 0x03
  .byte 0xAA, 0x70, 0x03, 0xCA, 0x96, 0x99, 0x6A, 0x0A, 0x86, 0x9A, 0x99, 0xCC, 0x00, 0x1B, 0x67, 0x00
  .byte 0x82, 0x79, 0x04, 0x06, 0x00, 0x00, 0x99, 0x68, 0x00, 0x03, 0x88, 0x06, 0x90, 0x01, 0x35, 0x68
  .byte 0x00, 0x00, 0x6C, 0x06, 0x99, 0x87, 0x88, 0x7F, 0x07, 0x00, 0x03, 0x00, 0x15, 0xF0, 0x01, 0xF0
  .byte 0x01, 0xF0, 0x01, 0xF0, 0x01, 0xF0, 0x01, 0xA2, 0x20, 0x01, 0x70, 0x00, 0x63, 0x60, 0x88, 0x78
  .byte 0x00, 0x03, 0x88, 0x94, 0x20, 0x03, 0x00, 0x87, 0x00, 0x03, 0x86, 0x40, 0x03, 0x70, 0x88, 0x00
  .byte 0x00, 0x97, 0x89, 0x76, 0x70, 0x99, 0x99, 0x99, 0x00, 0x76, 0x99, 0x99, 0x96, 0x76, 0x99, 0x69
  .byte 0xC2, 0x05, 0x76, 0x99, 0x29, 0x22, 0x97, 0x00, 0x03, 0x87, 0x20, 0x03, 0x10, 0x79, 0x22, 0xA9
  .byte 0x10, 0xD0, 0xA9, 0xAA, 0x9A, 0x79, 0x00, 0x96, 0x79, 0x96, 0x2C, 0xC2, 0x2C, 0xC2, 0x22, 0x44
  .byte 0x22, 0xB0, 0x01, 0xAA, 0x6C, 0x96, 0x00, 0x3D, 0x99, 0x99, 0x40, 0x79, 0x00, 0x06, 0x2C, 0x62
  .byte 0x99, 0x99, 0x22, 0x22, 0x5C, 0x96, 0x00, 0x03, 0x98, 0x00, 0x03, 0x10, 0x0B, 0x00, 0x18, 0x68
  .byte 0x88, 0x40, 0x78, 0x00, 0x03, 0x88, 0x99, 0x78, 0x86, 0x88, 0x89, 0x44, 0x88, 0x70, 0x03, 0x88
  .byte 0x88, 0x67, 0x00, 0x15, 0xC8, 0xC8, 0xEF, 0x10, 0xA2, 0x01, 0x1E, 0x20, 0x03, 0x0C, 0x80, 0x03
  .byte 0xF0, 0x01, 0xF0, 0x01, 0xF0, 0x01, 0xB2, 0xF0, 0x01, 0x00, 0x00, 0xF4, 0x30, 0x03, 0x00, 0x86
  .byte 0x40, 0x03, 0x60, 0xC0, 0x40, 0x03, 0x20, 0x01, 0x98, 0x98, 0x79, 0x22, 0x88, 0x89, 0x00, 0x99
  .byte 0x22, 0x97, 0x98, 0x98, 0x22, 0x87, 0x89, 0x02, 0x89, 0x29, 0x87, 0x98, 0x88, 0x78, 0x12, 0x08
  .byte 0x77, 0xA1, 0x00, 0x03, 0x76, 0x00, 0x03, 0x22, 0x22, 0x44, 0x44, 0x00, 0x02, 0x04, 0x44, 0x42
  .byte 0x54, 0x55, 0x55, 0x00, 0x02, 0x55, 0x52, 0xA1, 0x00, 0x03, 0x27, 0x00, 0x03, 0x88, 0x27, 0x42
  .byte 0x72, 0x00, 0x1E, 0x00, 0x88, 0x44, 0x22, 0x99, 0x89, 0x44, 0x73, 0x99, 0x00, 0x88, 0x45, 0x93
  .byte 0x89, 0x88, 0x55, 0x97, 0x88, 0x2E, 0x88, 0x35, 0x00, 0x13, 0x82, 0x10, 0x18, 0x20, 0x01, 0x10
  .byte 0x49, 0xC8, 0x74, 0x0C, 0x00, 0x03, 0x01, 0xF7, 0x40, 0x03, 0x78, 0x00, 0x03, 0x77, 0xC7, 0x87
  .byte 0x00, 0x03, 0x0C, 0x00, 0x88, 0x76, 0xF0, 0xE9, 0xF0, 0x01, 0xF0, 0x01, 0xF9, 0xF0, 0x01, 0xF0
  .byte 0x01, 0xF0, 0x01, 0xF0, 0x01, 0x31, 0x1D, 0x88, 0x88, 0x10, 0x03, 0xFF, 0x02, 0x0E, 0x30, 0x03
  .byte 0x62, 0x27, 0x32, 0x23, 0x60, 0xCA, 0xF0, 0x01, 0x80, 0xE3, 0x10, 0x03, 0xD3, 0x21, 0xD4, 0x50
  .byte 0x03, 0x67, 0x30, 0x03, 0x78, 0x77, 0x10, 0xE3, 0x00, 0xF6, 0x4E, 0x00, 0x12, 0xE9, 0x88, 0x88
  .byte 0x00, 0x0B, 0x23, 0x03, 0x11, 0x0B, 0x69, 0x0F, 0x00, 0x86, 0x99, 0x99, 0xF1, 0x00, 0xF0, 0x01
  .byte 0xF0, 0x01, 0xF0, 0x01, 0xF5, 0xF0, 0x01, 0xF0, 0x01, 0xF0, 0x01, 0x72, 0x1F, 0x98, 0x42, 0x1B
  .byte 0x96, 0xD2, 0x1F, 0xAE, 0x50, 0xE5, 0x89, 0x00, 0x03, 0x98, 0x10, 0x07, 0x00, 0x08, 0x10, 0x07
  .byte 0x86, 0xB3, 0x00, 0x07, 0x96, 0x30, 0xFF, 0x02, 0x2A, 0x78, 0xC7, 0x02, 0x31, 0x10, 0x03, 0xC0
  .byte 0x01, 0xEB, 0x50, 0x03, 0x67, 0x66, 0x88, 0x68, 0xA9, 0x9A, 0x52, 0x6C, 0x04, 0x0D, 0x60, 0x04
  .byte 0x44, 0x00, 0x86, 0x00, 0x03, 0x76, 0x04, 0xA9, 0xAA, 0x00, 0x60, 0x97, 0x05, 0x33, 0x76, 0x77
  .byte 0x0E, 0x06, 0x00, 0xC0, 0xCC, 0x53, 0xFC, 0x11, 0x04, 0x12, 0xFF, 0xC9, 0xFF, 0x00, 0x03, 0x13
  .byte 0x10, 0xF1, 0x14, 0xF0, 0x01, 0xF0, 0x01, 0xF0, 0x01, 0xF0, 0x01, 0xF0, 0x01, 0xC1, 0x84, 0x28
  .byte 0x06, 0x0F, 0xA8, 0x9A, 0x00, 0x87, 0xA9, 0x00, 0x03, 0x26, 0x98, 0x89, 0x22, 0x0B, 0x76, 0x88
  .byte 0x03, 0xB5, 0x33, 0x07, 0x87, 0x90, 0x61, 0xEF, 0x77, 0x77, 0x00, 0x02, 0x77, 0x78, 0x77, 0x6C
  .byte 0x00, 0x76, 0x77, 0xC7, 0x66, 0xCC, 0x88, 0x88, 0xA9, 0x5C, 0x9A, 0x01, 0x11, 0x99, 0x40, 0x19
  .byte 0x10, 0x1A, 0x00, 0x01, 0x7C, 0x77, 0x00, 0x77, 0x66, 0xC6, 0xCC, 0x6C, 0xCC, 0x6C, 0x66, 0x20
  .byte 0x88, 0xC6, 0x01, 0x43, 0xDC, 0xCC, 0xCC, 0x78, 0xDC, 0x00, 0xDD, 0xED, 0x77, 0xCC, 0xDD, 0xDD
  .byte 0x77, 0x6C, 0x00, 0xCC, 0xDC, 0xC7, 0x67, 0x0C, 0xC0, 0x7C, 0x67, 0x08, 0x0C, 0x00, 0x77, 0x66
  .byte 0x00, 0xE9, 0xCC, 0xCC, 0x0C, 0x00, 0xDC, 0xFF, 0xEE, 0xCD, 0xEE, 0xEE, 0xFF, 0xEF, 0x00, 0xED
  .byte 0xFE, 0xDF, 0xFF, 0xDD, 0xED, 0xFF, 0xEF, 0x9D, 0x00, 0x26, 0xDD, 0x00, 0x00, 0x04, 0x10, 0x1C
  .byte 0x51, 0x1F, 0xCD, 0x00, 0x03, 0x7F, 0xDD, 0x00, 0x08, 0x50, 0x03, 0x20, 0x18, 0xF0, 0x01, 0xF0
  .byte 0x01, 0xF0, 0x01, 0xC1, 0xFE, 0xB7, 0x16, 0xE9, 0xC6, 0xF0, 0x4E, 0x40, 0x01, 0x67, 0x00, 0x82
  .byte 0xF1, 0x8F, 0x90, 0x01, 0x3A, 0xC0, 0x6C, 0x10, 0x04, 0xF0, 0x17, 0x30, 0x01, 0x66, 0x00, 0xFF
  .byte 0xCC, 0xF8, 0xF0, 0x40, 0xF0, 0x01, 0xF0, 0x01, 0xF0, 0x01, 0xF0, 0x01, 0x00, 0x00, 0x00, 0x00

  .globl gMonPalette_Wobbuffet
gMonPalette_Wobbuffet:
  .incbin "build/graphics/pokemon/wobbuffet/normal_palette.gbapal.lz"

  .globl gMonBackPic_Wobbuffet
gMonBackPic_Wobbuffet:
  .incbin "build/graphics/pokemon/wobbuffet/back.4bpp.lz"

  .globl gMonShinyPalette_Wobbuffet
gMonShinyPalette_Wobbuffet:
  .incbin "build/graphics/pokemon/wobbuffet/shiny_palette.gbapal.lz"

	.globl gMonIcon_Wobbuffet
gMonIcon_Wobbuffet: @ 0x08CBA764 [202]
  .incbin "build/graphics/pokemon/wobbuffet/icon.4bpp"
  @ Replaced baserom.gba range: offset=0xCBAB64, size=0x424
  .byte 0x00, 0x00, 0x00, 0x00, 0x00, 0x00, 0x80, 0xC0, 0x00, 0x00, 0x00, 0x00, 0x00, 0x00, 0x03, 0x07
  .byte 0xC0, 0xC0, 0x80, 0x00, 0x00, 0x00, 0x00, 0x00, 0x07, 0x07, 0x07, 0x00, 0x00, 0x00, 0x00, 0x00
  .byte 0x10, 0x00, 0x08, 0x00, 0x20, 0x00, 0x00, 0xF0, 0x01, 0x00, 0x00, 0x50, 0x05, 0x00, 0x01, 0x00
  .byte 0x15, 0x31, 0x00, 0x50, 0x11, 0xE1, 0xF0, 0x12, 0x00, 0xE1, 0x03, 0x50, 0x1E, 0xEE, 0x03, 0x00
  .byte 0xE5, 0x03, 0x3E, 0x03, 0x03, 0x50, 0x15, 0x3E, 0xF0, 0x3B, 0xF0, 0x01, 0xCF, 0xF0, 0x01, 0x30
  .byte 0x01, 0x55, 0x04, 0xF0, 0x13, 0xF0, 0x01, 0xF0, 0x01, 0xF0, 0x01, 0xF1, 0xF0, 0x01, 0xF0, 0x01
  .byte 0xF0, 0x01, 0x30, 0xD7, 0x1E, 0xEE, 0x00, 0x00, 0xCC, 0xAA, 0x00, 0x08, 0x55, 0x00, 0x0D, 0x84
  .byte 0x40, 0x03, 0x40, 0x50, 0x1E, 0x03, 0x00, 0x00, 0x50, 0x31, 0x33, 0x00, 0x55, 0xE1, 0xE1, 0x00
  .byte 0x53, 0x11, 0x15, 0x15, 0x14, 0x11, 0x11, 0x58, 0x50, 0x11, 0x30, 0x03, 0x15, 0x00, 0x03, 0x14
  .byte 0x11, 0xE1, 0x51, 0x00, 0x55, 0x05, 0x50, 0x55, 0x93, 0x58, 0xA5, 0xAA, 0x00, 0x81, 0x99, 0xAA
  .byte 0x89, 0x11, 0x98, 0xAA, 0x88, 0x10, 0x11, 0x98, 0x99, 0x00, 0x03, 0x89, 0x48, 0x44, 0x98, 0x00
  .byte 0x89, 0x85, 0xEE, 0x94, 0x99, 0x88, 0xAA, 0x02, 0x14, 0x00, 0x00, 0x8A, 0x00, 0x03, 0x28, 0x00
  .byte 0x4B, 0x44, 0x44, 0x01, 0x00, 0x00, 0xD2, 0xBC, 0x00, 0x00, 0xC2, 0x10, 0x03, 0x0F, 0x0B, 0x00
  .byte 0x00, 0x38, 0x10, 0x10, 0xF0, 0x01, 0xF0, 0x01, 0xF0, 0x01, 0xC0, 0xF0, 0x01, 0x60, 0x01, 0x30
  .byte 0xB3, 0x00, 0x30, 0x53, 0x55, 0x00, 0x00, 0x53, 0x66, 0x45, 0x30, 0x65, 0x66, 0x95, 0xC8, 0xD0
  .byte 0x1D, 0x00, 0x76, 0x00, 0x23, 0x00, 0x04, 0x89, 0xB3, 0x00, 0x3D, 0x00, 0x29, 0x10, 0x94, 0xF0
  .byte 0x01, 0xA0, 0x01, 0x00, 0xE3, 0x21, 0x00, 0xF6, 0x20, 0x21, 0x50, 0x00, 0x03, 0x40, 0x11, 0x11
  .byte 0x51, 0x00, 0xE0, 0x00, 0xF8, 0x00, 0x14, 0x10, 0x03, 0x81, 0x00, 0x54, 0x55, 0x81, 0x00, 0x52
  .byte 0x8E, 0x99, 0x88, 0x21, 0x81, 0x99, 0x88, 0x00, 0x22, 0x95, 0x99, 0x88, 0xE2, 0x92, 0x89, 0x38
  .byte 0x00, 0x25, 0x98, 0x59, 0x38, 0x98, 0x99, 0xB8, 0x38, 0x00, 0x99, 0x89, 0x74, 0x88, 0x99, 0x88
  .byte 0x8B, 0x88, 0x00, 0x38, 0xDC, 0xDD, 0x0B, 0x88, 0xC2, 0xCD, 0x0B, 0x01, 0x33, 0xC2, 0xBD, 0x00
  .byte 0x33, 0x23, 0xBC, 0x00, 0x03, 0x00, 0x33, 0x44, 0x33, 0x83, 0xD2, 0xDD, 0x33, 0x88, 0x0E, 0xC2
  .byte 0xDD, 0x88, 0x38, 0x00, 0x10, 0xF0, 0x72, 0x20, 0xA3, 0x0B, 0x8F, 0x01, 0x82, 0x4D, 0x00, 0xD4
  .byte 0x10, 0x0A, 0xF0, 0x01, 0x10, 0x01, 0x11, 0xA1, 0x80, 0x00, 0x1E, 0x30, 0x65, 0x56, 0x85, 0x53
  .byte 0x55, 0x55, 0x40, 0x35, 0x00, 0x03, 0x34, 0x32, 0x53, 0x35, 0xEE, 0x32, 0x00, 0x33, 0x33, 0x13
  .byte 0x20, 0x33, 0x33, 0x33, 0x30, 0x80, 0x00, 0x08, 0x53, 0x23, 0xBB, 0xBB, 0x19, 0x82, 0x0B, 0x20
  .byte 0x00, 0x28, 0x00, 0x03, 0x83, 0x39, 0x0B, 0x00, 0xE3, 0x00, 0xE3, 0x02, 0x00, 0x13, 0x53, 0x00
  .byte 0x00, 0x13, 0xB8, 0x01, 0x8F, 0xBB, 0xF0, 0x51, 0xF0, 0x01, 0x10, 0x01, 0xD4, 0xDD, 0x44, 0x80
  .byte 0x00, 0x03, 0xCC, 0x00, 0xC4, 0xCD, 0xCC, 0x00, 0x40, 0x04, 0xCC, 0xCC, 0x00, 0x00, 0xB2, 0xA0
  .byte 0x3A, 0x49, 0x48, 0x00, 0x87, 0x88, 0x44, 0xB8, 0x84, 0x88, 0xBC, 0x0B, 0x2A, 0x40, 0x88, 0x00
  .byte 0xB3, 0x88, 0x00, 0x12, 0x94, 0x00, 0x03, 0x93, 0xA0, 0x00, 0x03, 0x73, 0x10, 0x03, 0x88, 0x33
  .byte 0x23, 0xD4, 0x88, 0x10, 0x33, 0x33, 0xDB, 0x00, 0x03, 0xCB, 0x88, 0x38, 0x83, 0x00, 0x38, 0x88
  .byte 0x88, 0x88, 0x28, 0x99, 0x89, 0x38, 0x04, 0x83, 0x99, 0x99, 0x55, 0x55, 0x10, 0x03, 0xBD, 0x40
  .byte 0x00, 0xDD, 0xBC, 0xCC, 0x4B, 0xCD, 0xCC, 0xCC, 0xCB, 0x00, 0xCC, 0x3C, 0xB3, 0xBB, 0x3B, 0x53
  .byte 0x98, 0x59, 0x80, 0x30, 0x17, 0x99, 0x59, 0x59, 0x95, 0x95, 0x55, 0x55, 0x40, 0x95, 0x00, 0x1E
  .byte 0x00, 0xDB, 0xCD, 0xBC, 0x30, 0x33, 0x00, 0x33, 0xC3, 0x33, 0x55, 0x55, 0x25, 0x32, 0x55, 0x04
  .byte 0x55, 0x59, 0x25, 0x99, 0x55, 0x00, 0x01, 0x59, 0x95, 0x8A, 0x00, 0x03, 0x55, 0x55, 0x53, 0x01
  .byte 0x21, 0x35, 0x00, 0x03, 0xB5, 0xE2, 0x00, 0x6C, 0x01, 0xD2, 0x41, 0x3B, 0x00, 0x00, 0x24, 0x00
  .byte 0x03, 0x25, 0xFF, 0xF0, 0xCD, 0xF0, 0x01, 0xF0, 0x01, 0xF0, 0x01, 0xF0, 0x01, 0x90, 0x01, 0x13
  .byte 0x2F, 0x00, 0xF3, 0x30, 0x70, 0x98, 0x00, 0x03, 0x00, 0xFF, 0x77, 0x88, 0x00, 0x70, 0x00, 0x99
  .byte 0x88, 0x00, 0x97, 0x99, 0x87, 0x70, 0xA9, 0x17, 0x99, 0x84, 0x97, 0x00, 0xA4, 0x99, 0x00, 0xD0
  .byte 0x00, 0x03, 0x20, 0x01, 0x5F, 0x98, 0x00, 0x03, 0x88, 0x00, 0x04, 0x01, 0x07, 0x20, 0x01, 0x10
  .byte 0xE3, 0x00, 0xEE, 0xC0, 0x30, 0xCF, 0x20, 0x27, 0x88, 0x48, 0x89, 0x88, 0x88, 0x48, 0xF8, 0x00
  .byte 0x1A, 0x20, 0x03, 0x10, 0xE3, 0x10, 0x1F, 0x40, 0x01, 0x45, 0x54, 0x55, 0x1F, 0x45, 0x44, 0x44
  .byte 0x90, 0x01, 0x01, 0xCB, 0x20, 0x03, 0x00, 0xFC, 0x90, 0x03, 0x7E, 0x34, 0x01, 0x04, 0x10, 0x03
  .byte 0xF0, 0x01, 0xF0, 0x01, 0xF0, 0x01, 0xE0, 0x01, 0x70, 0xE0, 0x42, 0x71, 0x64, 0x17, 0x50, 0x01
  .byte 0xA7, 0xAA, 0x89, 0x48, 0xAA, 0x00, 0x89, 0x78, 0x77, 0x88, 0x88, 0x37, 0xBB, 0x88, 0x90, 0x02
  .byte 0x01, 0x84, 0x78, 0x10, 0x03, 0x3B, 0x00, 0x40, 0x78, 0x02, 0x77, 0x0B, 0x40, 0x99, 0x77, 0x0B
  .byte 0x10, 0xE3, 0x74, 0x02, 0x84, 0x88, 0x88, 0xBB, 0x94, 0x88, 0x01, 0x13, 0x89, 0xA0, 0x50, 0x03
  .byte 0x78, 0x01, 0x22, 0x37, 0x97, 0x99, 0x88, 0xB7, 0xA0, 0x00, 0x1E, 0x44, 0x00, 0xE6, 0x24, 0x78
  .byte 0x88, 0x45, 0x24, 0x00, 0x28, 0x77, 0xB2, 0x3B, 0x23, 0xBB, 0x33, 0x33, 0x01, 0x03, 0x00, 0x32
  .byte 0x33, 0x00, 0x00, 0x20, 0x20, 0x03, 0xA9, 0x40, 0xE5, 0x34, 0x00, 0x08, 0x33, 0x02, 0xD2, 0x33
  .byte 0x22, 0x00, 0x03, 0x6F, 0x23, 0x00, 0x03, 0x20, 0x08, 0x0B, 0x00, 0x11, 0x00, 0xE3, 0x11, 0xF7
  .byte 0x91, 0xFB, 0xDF, 0x23, 0xE3, 0x00, 0x03, 0x33, 0x01, 0x17, 0xF0, 0x01, 0xF0, 0x01, 0xF0, 0x01
  .byte 0xF0, 0x01, 0xC0, 0xF0, 0x01, 0x43, 0x86, 0x99, 0x28, 0xB3, 0x40, 0x89, 0x32, 0x00, 0xB3, 0x00
  .byte 0x24, 0x35, 0xB3, 0x00, 0x20, 0x52, 0xE9, 0x00, 0x7A, 0x23, 0x1E, 0x11, 0x2F, 0xA7, 0x00, 0x03
  .byte 0x97, 0x87, 0x04, 0x0C, 0x10, 0x40, 0x88, 0x88, 0x00, 0x03, 0x77, 0x03, 0x84, 0x88, 0x00, 0x37
  .byte 0x00, 0x84, 0x88, 0x04, 0x00, 0x89, 0x88, 0x17, 0x03, 0x00, 0x99, 0x01, 0x2B, 0x89, 0x00, 0x03
  .byte 0x50, 0xE7, 0x30, 0x03, 0xE0, 0x00, 0xF7, 0x03, 0xBC, 0x00, 0x06, 0x33, 0x00, 0x22, 0xB2, 0xBB
  .byte 0xAA, 0x00, 0x0A, 0x0B, 0x00, 0x54, 0x33, 0x50, 0x03, 0x0B, 0x00, 0x18, 0x0B, 0x80, 0x10, 0x14
  .byte 0x32, 0x33, 0xB3, 0x20, 0x55, 0x34, 0xB3, 0x0F, 0x20, 0x44, 0x34, 0xB3, 0x10, 0xE3, 0xD0, 0xFF
  .byte 0xF0, 0x01, 0xF0, 0x01, 0xF8, 0xF0, 0x01, 0xF0, 0x01, 0xF0, 0x01, 0xF0, 0x01, 0x33, 0xEB, 0x30
  .byte 0x26, 0x00, 0x02, 0x00, 0x63, 0x52, 0x00, 0x00, 0x53, 0x00, 0x03, 0xB3, 0x80, 0xA4, 0x1F, 0x99
  .byte 0x38, 0x0B, 0x00, 0x22, 0x32, 0x00, 0x2C, 0x00, 0x45, 0x00, 0x98, 0x44, 0x51, 0x1D, 0x80, 0x01
  .byte 0x20, 0x3B, 0x0C, 0x33, 0x0B, 0xB0, 0xBB, 0xF4, 0x8D, 0x60, 0x1F, 0x22, 0xB2, 0x00, 0x0B, 0x53
  .byte 0x52, 0x45, 0x0B, 0x23, 0x45, 0x44, 0x3E, 0x0B, 0x20, 0xF0, 0x27, 0xF0, 0x01, 0xF0, 0x01, 0xF0
  .byte 0x01, 0x80, 0x01, 0x00

  .globl gMonPalette_Girafarig
gMonPalette_Girafarig:
  .incbin "build/graphics/pokemon/girafarig/normal_palette.gbapal.lz"

  .globl gMonBackPic_Girafarig
gMonBackPic_Girafarig:
  .incbin "build/graphics/pokemon/girafarig/back.4bpp.lz"

  .globl gMonShinyPalette_Girafarig
gMonShinyPalette_Girafarig:
  .incbin "build/graphics/pokemon/girafarig/shiny_palette.gbapal.lz"

	.globl gMonIcon_Girafarig
gMonIcon_Girafarig: @ 0x08CBB384 [203]
  .incbin "build/graphics/pokemon/girafarig/icon.4bpp"
  @ Replaced baserom.gba range: offset=0xCBB784, size=0x360
  .byte 0x00, 0x00, 0x00, 0x00, 0x00, 0x40, 0xE0, 0xE0, 0x00, 0x00, 0x00, 0x00, 0x00, 0x01, 0x03, 0x03
  .byte 0xE0, 0xE0, 0xC0, 0x00, 0x00, 0x00, 0x00, 0x00, 0x03, 0x03, 0x01, 0x00, 0x00, 0x00, 0x00, 0x00
  .byte 0x10, 0x00, 0x08, 0x00, 0x3F, 0x00, 0x00, 0xF0, 0x01, 0xF0, 0x01, 0xF0, 0x01, 0xF0, 0x01, 0xF0
  .byte 0x01, 0xF0, 0x01, 0xFF, 0xF0, 0x01, 0xF0, 0x01, 0xF0, 0x01, 0xF0, 0x01, 0xF0, 0x01, 0xF0, 0x01
  .byte 0xF0, 0x01, 0xF0, 0x01, 0xF6, 0xF0, 0x01, 0xF0, 0x01, 0xF0, 0x01, 0x80, 0x01, 0x80, 0xF0, 0x12
  .byte 0x00, 0x01, 0x78, 0x00, 0x66, 0x00, 0x88, 0xAA, 0x87, 0x66, 0xAA, 0xAA, 0x28, 0x87, 0x88, 0xC0
  .byte 0x19, 0x08, 0x00, 0x32, 0x79, 0x00, 0x00, 0x40, 0x70, 0x00, 0x03, 0x98, 0x79, 0x06, 0x00, 0x97
  .byte 0x69, 0x80, 0xD0, 0x3A, 0x70, 0x77, 0x66, 0x66, 0xA6, 0x99, 0x99, 0x42, 0x99, 0x10, 0x03, 0xAA
  .byte 0x77, 0x77, 0x77, 0xD0, 0x1F, 0x01, 0xA0, 0x00, 0x03, 0x79, 0x00, 0x04, 0x99, 0x19, 0x00, 0x00
  .byte 0x97, 0x1F, 0x19, 0x60, 0x06, 0xF0, 0x7C, 0xF0, 0x01, 0xF0, 0x01, 0xF0, 0x01, 0xF0, 0x01, 0xA8
  .byte 0x60, 0x01, 0xA8, 0x40, 0x03, 0x66, 0xF0, 0x1A, 0x00, 0x00, 0xAA, 0x01, 0x67, 0x66, 0x88, 0x66
  .byte 0x77, 0x77, 0x86, 0x00, 0xAA, 0x40, 0x67, 0x00, 0x07, 0x77, 0x00, 0x76, 0x77, 0x77, 0x60, 0x00
  .byte 0x67, 0x77, 0x67, 0x10, 0x77, 0x76, 0xF6, 0x10, 0x00, 0x71, 0x66, 0xFF, 0x68, 0x70, 0x99, 0x69
  .byte 0x88, 0x00, 0x76, 0x99, 0x68, 0x88, 0x18, 0x89, 0xA6, 0x86, 0x80, 0x00, 0x03, 0x67, 0x88, 0x86
  .byte 0xA6, 0x16, 0x88, 0x66, 0x00, 0x8A, 0xFF, 0x81, 0x87, 0x6A, 0xCC, 0x81, 0x87, 0x2B, 0x68, 0x8A
  .byte 0x00, 0x33, 0x7A, 0x40, 0x03, 0x78, 0x00, 0x03, 0x10, 0x01, 0x00, 0x66, 0x66, 0x76, 0x77, 0xF6
  .byte 0xFF, 0x66, 0x77, 0x00, 0xCC, 0xFC, 0x6F, 0x16, 0x77, 0x06, 0xA6, 0x69, 0x00, 0x77, 0x61, 0xAA
  .byte 0x99, 0x67, 0xA1, 0x7A, 0x97, 0x03, 0x17, 0xA9, 0x77, 0x77, 0x91, 0x79, 0x00, 0x03, 0x00, 0x23
  .byte 0x01, 0x71, 0x77, 0x77, 0x11, 0x77, 0x77, 0x17, 0x20, 0x93, 0xCA, 0x11, 0x13, 0x01, 0x0E, 0x00
  .byte 0x99, 0x00, 0x08, 0x97, 0x00, 0x03, 0x11, 0xFF, 0x10, 0x10, 0x40, 0x17, 0xF0, 0x01, 0xF0, 0x01
  .byte 0xF0, 0x01, 0xF0, 0x01, 0x91, 0xA2, 0x00, 0x03, 0x60, 0xA0, 0x11, 0xE5, 0x00, 0x03, 0x76, 0x00
  .byte 0x10, 0x66, 0xCF, 0x00, 0x00, 0x60, 0x96, 0x99, 0x80, 0x96, 0x99, 0x66, 0x00, 0xA7, 0x99, 0x67
  .byte 0x96, 0xAA, 0x77, 0x66, 0xA9, 0x02, 0x7A, 0x17, 0xA6, 0xAA, 0x77, 0x61, 0x10, 0x9D, 0x88, 0x06
  .byte 0x88, 0x1F, 0x81, 0x87, 0x69, 0x01, 0xCA, 0x10, 0x01, 0x78, 0xD5, 0x00, 0x03, 0x02, 0x13, 0x8A
  .byte 0x00, 0x03, 0x6A, 0x01, 0x2A, 0x69, 0x00, 0x1D, 0x00, 0x19, 0x76, 0x1F, 0xCC, 0x6F, 0x16, 0x99
  .byte 0x88, 0x01, 0x88, 0x66, 0x9A, 0x99, 0x89, 0x68, 0xA8, 0x00, 0x20, 0x00, 0xA8, 0xAA, 0x99, 0x99
  .byte 0x88, 0xAA, 0xAA, 0xAA, 0xC4, 0x11, 0x50, 0x10, 0x03, 0x76, 0x77, 0x61, 0x01, 0x60, 0x66, 0x11
  .byte 0x00, 0x89, 0x88, 0x16, 0x00, 0x96, 0x89, 0x88, 0x06, 0x00, 0x67, 0x99, 0x88, 0x68, 0x6A, 0x97
  .byte 0x89, 0x88, 0x00, 0x17, 0x96, 0x69, 0x87, 0x17, 0x66, 0x69, 0x66, 0xF7, 0x10, 0xE3, 0xD0, 0xE7
  .byte 0x12, 0x14, 0x10, 0x9C, 0x67, 0xF0, 0xBB, 0xF0, 0x01, 0xF0, 0x01, 0xA5, 0xD0, 0x01, 0x16, 0xF0
  .byte 0xFB, 0x00, 0x97, 0x00, 0x03, 0x96, 0x12, 0x13, 0x40, 0x11, 0x00, 0xC5, 0x60, 0x9A, 0x66, 0x11
  .byte 0xA7, 0x7A, 0x20, 0x16, 0x61, 0x00, 0xF4, 0x76, 0x79, 0x17, 0x96, 0x99, 0x00, 0x79, 0x61, 0xA9
  .byte 0xAA, 0x17, 0x96, 0xAA, 0xAA, 0x08, 0x60, 0xA9, 0xAA, 0x7A, 0x10, 0xE3, 0x11, 0x11, 0x11, 0x30
  .byte 0x66, 0x66, 0x00, 0x01, 0x11, 0xDB, 0x99, 0x96, 0x99, 0x99, 0x26, 0x69, 0x96, 0x01, 0xCF, 0x76
  .byte 0xA9, 0x02, 0x3A, 0x00, 0x03, 0x16, 0x48, 0x11, 0x01, 0xC7, 0x77, 0x77, 0x00, 0x2E, 0xAA, 0x96
  .byte 0xA9, 0x00, 0xAA, 0xAA, 0x69, 0x79, 0x78, 0x77, 0x69, 0x79, 0x10, 0x88, 0x88, 0xAA, 0x00, 0x17
  .byte 0xAA, 0x6A, 0x61, 0x66, 0x00, 0x11, 0x16, 0x68, 0x66, 0x66, 0x16, 0x01, 0x67, 0x00, 0xAA, 0x66
  .byte 0x16, 0x00, 0xAA, 0x1A, 0x88, 0x06, 0x00, 0x77, 0x17, 0x87, 0x68, 0x88, 0x17, 0x76, 0x88, 0x01
  .byte 0x11, 0x11, 0x16, 0x86, 0x66, 0x16, 0x11, 0x00, 0x15, 0xFF, 0x01, 0xEF, 0xF0, 0xFF, 0x13, 0x68
  .byte 0xA0, 0xB8, 0xF0, 0x01, 0xF0, 0x01, 0xF0, 0x01, 0xF0, 0x01, 0x80, 0xD0, 0x01, 0x60, 0x77, 0x77
  .byte 0x79, 0x60, 0x88, 0x78, 0x30, 0x69, 0x60, 0x00, 0xDF, 0x00, 0x0D, 0x86, 0x00, 0x00, 0xA7, 0x04
  .byte 0x67, 0x00, 0x70, 0x7A, 0x77, 0x10, 0x18, 0x00, 0x00, 0x00, 0x71, 0x17, 0x66, 0x66, 0x79, 0x77
  .byte 0x66, 0x67, 0x01, 0x79, 0x88, 0x86, 0x77, 0x66, 0x16, 0x88, 0x02, 0xE0, 0x54, 0x88, 0x00, 0x04
  .byte 0x86, 0x00, 0x04, 0x11, 0x00, 0x04, 0x60, 0x78, 0x20, 0x76, 0x88, 0x12, 0xC9, 0x88, 0x88, 0x71
  .byte 0x77, 0x11, 0x20, 0x11, 0x71, 0x03, 0x40, 0x76, 0x77, 0x67, 0x99, 0x69, 0x00, 0x71, 0x67, 0x99
  .byte 0x99, 0x17, 0x68, 0x99, 0x99, 0x00, 0x16, 0x88, 0x96, 0x79, 0x16, 0x77, 0x66, 0x11, 0x02, 0x61
  .byte 0x77, 0x66, 0x01, 0x10, 0x67, 0x00, 0xCC, 0x67, 0x00, 0x61, 0x00, 0x00, 0x17, 0x77, 0x06, 0x00
  .byte 0x71, 0x23, 0x77, 0x17, 0x20, 0x03, 0x10, 0x77, 0x01, 0x20, 0xE3, 0xD0, 0xFF, 0xFC, 0xF0, 0x01
  .byte 0xF0, 0x01, 0xF0, 0x01, 0xF0, 0x01, 0xF0, 0x01, 0xF0, 0x01, 0x00, 0x00, 0x65, 0x10, 0xF3, 0x66
  .byte 0x91, 0x1F, 0x11, 0x61, 0x01, 0x17, 0x96, 0x04, 0xEF, 0x5D, 0x97, 0x14, 0xF7, 0x99, 0x00, 0x11
  .byte 0x00, 0x03, 0x71, 0x9A, 0x66, 0x02, 0x1C, 0x67, 0x67, 0x00, 0x41, 0x00, 0xD6, 0x00, 0x17, 0x00
  .byte 0x0F, 0x10, 0x03, 0xA0, 0x50, 0xFF, 0xF0, 0xDC, 0xF0, 0x01, 0xF0, 0x01, 0xF0, 0x01, 0xF0, 0x01
  .byte 0xF0, 0x01, 0xF0, 0x01, 0xF0, 0x01, 0xFF, 0xF0, 0x01, 0xF0, 0x01, 0xF0, 0x01, 0xF0, 0x01, 0xF0
  .byte 0x01, 0xF0, 0x01, 0xF0, 0x01, 0xF0, 0x01, 0xF0, 0xF0, 0x01, 0xF0, 0x01, 0xF0, 0x01, 0x60, 0x01

  .globl gMonPalette_Pineco
gMonPalette_Pineco:
  .incbin "build/graphics/pokemon/pineco/normal_palette.gbapal.lz"
  .space 0x3, 0x00

  .globl gMonBackPic_Pineco
gMonBackPic_Pineco:
  .incbin "build/graphics/pokemon/pineco/back.4bpp.lz"

  .globl gMonShinyPalette_Pineco
gMonShinyPalette_Pineco:
  .incbin "build/graphics/pokemon/pineco/shiny_palette.gbapal.lz"
  .space 0x3, 0x00
	.globl gMonIcon_Pineco
gMonIcon_Pineco: @ 0x08CBBE04 [204]
  .incbin "build/graphics/pokemon/pineco/icon.4bpp"
  @ Replaced baserom.gba range: offset=0xCBC204, size=0x43C
  .byte 0x00, 0x00, 0x00, 0x00, 0x00, 0x00, 0x00, 0x00, 0x00, 0x00, 0x00, 0x00, 0x00, 0x00, 0x00, 0x00
  .byte 0x00, 0x00, 0x00, 0x00, 0x00, 0x00, 0x00, 0x00, 0x00, 0x00, 0x00, 0x00, 0x00, 0x00, 0x00, 0x00
  .byte 0x10, 0x00, 0x08, 0x00, 0x3F, 0x00, 0x00, 0xF0, 0x01, 0xF0, 0x01, 0xF0, 0x01, 0xF0, 0x01, 0xF0
  .byte 0x01, 0xF0, 0x01, 0xFF, 0xF0, 0x01, 0xF0, 0x01, 0xF0, 0x01, 0xF0, 0x01, 0xF0, 0x01, 0xF0, 0x01
  .byte 0xF0, 0x01, 0xF0, 0x01, 0xF4, 0xF0, 0x01, 0xF0, 0x01, 0xF0, 0x01, 0x80, 0x01, 0x40, 0xF0, 0x0F
  .byte 0x00, 0x64, 0x80, 0x00, 0x06, 0x36, 0x00, 0x00, 0x30, 0x53, 0x44, 0x00, 0x20, 0x54, 0x55, 0x50
  .byte 0x18, 0x30, 0x33, 0x03, 0x40, 0x44, 0x00, 0x44, 0x34, 0x73, 0x46, 0x33, 0x33, 0x77, 0x33, 0x01
  .byte 0x55, 0x75, 0x77, 0x55, 0x55, 0x64, 0x66, 0x10, 0x03, 0x80, 0x10, 0x1B, 0x44, 0x44, 0x44, 0x03
  .byte 0x77, 0x77, 0x67, 0x01, 0x55, 0x77, 0x77, 0x33, 0x53, 0x77, 0x37, 0x10, 0x20, 0x04, 0x33, 0x44
  .byte 0x76, 0x33, 0x43, 0x00, 0x03, 0x33, 0x43, 0xAA, 0x50, 0x3F, 0x01, 0x00, 0x03, 0x15, 0x00, 0x03
  .byte 0x55, 0x00, 0x08, 0x53, 0x00, 0x33, 0x33, 0x33, 0x34, 0x35, 0x55, 0x55, 0x44, 0x1B, 0x35, 0x53
  .byte 0x45, 0xF0, 0x92, 0x70, 0x2F, 0x14, 0xF0, 0x16, 0xF0, 0x01, 0xD6, 0xF0, 0x01, 0xD0, 0x01, 0x74
  .byte 0x00, 0xCF, 0x77, 0x00, 0x06, 0x00, 0x03, 0x77, 0x00, 0x77, 0x00, 0x40, 0x33, 0x77, 0x00, 0x30
  .byte 0x44, 0x40, 0x53, 0x00, 0x03, 0x34, 0x00, 0x30, 0x43, 0x54, 0x77, 0x00, 0x44, 0x55, 0x55, 0x77
  .byte 0x56, 0x54, 0x55, 0x77, 0x03, 0x55, 0x45, 0x54, 0x57, 0x55, 0x55, 0x10, 0x01, 0x00, 0xD7, 0x09
  .byte 0x66, 0x66, 0x55, 0x65, 0x00, 0x03, 0x66, 0x76, 0x00, 0x16, 0xAA, 0x00, 0x07, 0x64, 0x10, 0x0B
  .byte 0x66, 0x10, 0x01, 0x46, 0x00, 0x03, 0x44, 0xC1, 0xC0, 0x03, 0x10, 0x13, 0x66, 0x46, 0x44, 0x64
  .byte 0x66, 0x01, 0x07, 0x40, 0x56, 0x00, 0x03, 0x54, 0x34, 0x33, 0x64, 0x46, 0xB3, 0x00, 0xBB, 0x3B
  .byte 0x66, 0xB1, 0xCB, 0xCC, 0x63, 0x54, 0x06, 0x55, 0x34, 0x44, 0x56, 0x55, 0x00, 0x18, 0x00, 0x03
  .byte 0x55, 0x11, 0x55, 0x34, 0x43, 0x00, 0x03, 0x13, 0x55, 0x35, 0x00, 0xFF, 0x00, 0x33, 0x13, 0x3B
  .byte 0x36, 0x33, 0xB1, 0xAB, 0x33, 0xAC, 0x00, 0xE8, 0x34, 0x00, 0x03, 0x44, 0x10, 0x03, 0x00, 0xF0
  .byte 0x44, 0x44, 0x00, 0x01, 0xAA, 0x41, 0xA4, 0xAA, 0xDD, 0xA3, 0xDA, 0x02, 0xDD, 0x1D, 0xDA, 0xDD
  .byte 0xCC, 0x1C, 0xD0, 0xCC, 0x0A, 0xAF, 0x00, 0x03, 0xBD, 0x00, 0x03, 0xB1, 0x00, 0x2F, 0x10, 0x03
  .byte 0xF0, 0x01, 0xD0, 0x01, 0x20, 0x43, 0x55, 0x01, 0xCA, 0x55, 0x40, 0x34, 0x54, 0x53, 0x03, 0x74
  .byte 0x37, 0x35, 0x54, 0x74, 0x57, 0x00, 0x03, 0x00, 0xE4, 0x00, 0x74, 0x34, 0x55, 0x45, 0x43, 0x34
  .byte 0x55, 0x64, 0x00, 0x65, 0x36, 0x54, 0x77, 0x65, 0x43, 0x64, 0x75, 0x00, 0x35, 0x44, 0x11, 0x56
  .byte 0x35, 0x14, 0xBB, 0x63, 0x04, 0x43, 0xB4, 0xBB, 0x3C, 0x43, 0x00, 0xB8, 0x44, 0xB1, 0x01, 0x1C
  .byte 0x11, 0x44, 0xA3, 0x11, 0x11, 0x67, 0x00, 0xD9, 0x08, 0x77, 0x77, 0x44, 0x44, 0x00, 0x02, 0x14
  .byte 0x45, 0x44, 0x00, 0x14, 0xB1, 0x45, 0x13, 0xB1, 0xCB, 0x33, 0xBB, 0x00, 0xCB, 0xCC, 0xDA, 0xDD
  .byte 0xCD, 0xAA, 0xA1, 0xDD, 0x00, 0xAA, 0x11, 0xB1, 0xCC, 0xCC, 0xCC, 0xB1, 0x1A, 0x01, 0x11, 0xC1
  .byte 0xAB, 0x11, 0x11, 0x11, 0x1A, 0x00, 0x03, 0x02, 0x11, 0x11, 0xFF, 0x1F, 0x11, 0xF1, 0x70, 0x01
  .byte 0x13, 0x00, 0x11, 0xBB, 0xDA, 0xBB, 0xBB, 0xAB, 0xDD, 0xBC, 0x00, 0xBB, 0x11, 0xCC, 0xC1, 0x11
  .byte 0x11, 0xCC, 0x11, 0x12, 0x11, 0xA1, 0xBA, 0x00, 0x2D, 0xBA, 0x11, 0x00, 0x10, 0xA1, 0x01, 0x3B
  .byte 0x33, 0xB3, 0xDD, 0xCC, 0xCC, 0xBC, 0x00, 0x02, 0x04, 0x1B, 0xCC, 0xBC, 0xBB, 0x01, 0x00, 0x12
  .byte 0x00, 0xBB, 0x82, 0x00, 0x44, 0x1A, 0x31, 0x41, 0xB1, 0xB1, 0x00, 0x03, 0xBB, 0xB5, 0x00, 0x03
  .byte 0x1B, 0x42, 0x0B, 0x50, 0x01, 0x11, 0x00, 0x0C, 0xBB, 0x00, 0x14, 0xB0, 0x10, 0x03, 0x1B, 0xF0
  .byte 0xFF, 0xD0, 0x01, 0xB0, 0x30, 0x14, 0x63, 0x00, 0x66, 0x00, 0x13, 0x34, 0x66, 0x00, 0x10, 0x44
  .byte 0x40, 0x11, 0x20, 0x03, 0x00, 0x13, 0x11, 0x00, 0xB0, 0xDB, 0x04, 0xDD, 0xB0, 0xDB, 0xCD, 0xCC
  .byte 0x00, 0x02, 0xBC, 0x16, 0x13, 0x1B, 0x11, 0x11, 0x00, 0xBF, 0xFF, 0xBB, 0x00, 0xAC, 0x50, 0x03
  .byte 0xC4, 0x10, 0x0F, 0x00, 0x16, 0x11, 0x1B, 0xC1, 0x00, 0x8C, 0xAA, 0x11, 0x00, 0xA1, 0x1F, 0x11
  .byte 0xA1, 0xCA, 0xF1, 0x11, 0xDA, 0x00, 0xCC, 0xF1, 0x11, 0xDD, 0x3D, 0xF1, 0xA1, 0x3D, 0x00, 0x73
  .byte 0x1F, 0xA1, 0x73, 0x57, 0x11, 0x3A, 0x57, 0x02, 0x65, 0xAA, 0x3C, 0x65, 0x66, 0xAA, 0x00, 0xEF
  .byte 0xCC, 0x82, 0x00, 0x26, 0xCC, 0xAC, 0x1A, 0xA1, 0x33, 0x01, 0x0B, 0x47, 0x00, 0xC3, 0xCC, 0xCC
  .byte 0x45, 0x44, 0xC3, 0x3C, 0x66, 0x00, 0x43, 0x34, 0x43, 0x66, 0x56, 0x43, 0x44, 0xD1, 0x00, 0x73
  .byte 0x77, 0x15, 0xDA, 0x73, 0x54, 0x55, 0xCC, 0x99, 0x00, 0x03, 0x3C, 0x77, 0x00, 0x03, 0x02, 0x64
  .byte 0x53, 0x54, 0x02, 0xFB, 0x70, 0x56, 0x03, 0x3D, 0x00, 0x03, 0x00, 0xE3, 0x11, 0x1B, 0x33, 0x44
  .byte 0x1A, 0x43, 0x11, 0x11, 0x00, 0x03, 0x02, 0x3C, 0x45, 0x20, 0x03, 0x34, 0xB5, 0x10, 0x03, 0x33
  .byte 0x10, 0x03, 0x10, 0xE2, 0x03, 0x00, 0x03, 0x34, 0x43, 0x0F, 0xB6, 0x50, 0x03, 0x13, 0x40, 0x03
  .byte 0x00, 0x01, 0xDB, 0x00, 0x03, 0x11, 0x26, 0x1A, 0xB4, 0x00, 0x03, 0xA0, 0xD1, 0x00, 0x00, 0xE2
  .byte 0xBB, 0x00, 0x02, 0xBB, 0xBB, 0x01, 0xBB, 0xAA, 0x1A, 0x1A, 0x11, 0x00, 0x33, 0x00, 0x12, 0x0A
  .byte 0x73, 0x00, 0x00, 0x10, 0x00, 0x03, 0xC1, 0x00, 0x03, 0xB1, 0x00, 0x3B, 0x1B, 0xCC, 0x33, 0xCC
  .byte 0x1B, 0x3C, 0x77, 0x00, 0xC3, 0x11, 0x73, 0x77, 0x34, 0x44, 0x73, 0x65, 0x00, 0x43, 0x43, 0x53
  .byte 0x66, 0x36, 0x46, 0x63, 0x66, 0x00, 0x66, 0x77, 0x47, 0x66, 0x66, 0x73, 0x67, 0x66, 0x24, 0x66
  .byte 0xCC, 0x00, 0xE3, 0xCC, 0x4C, 0x30, 0x03, 0x33, 0x43, 0x70, 0x65, 0x02, 0xE3, 0x63, 0x0B, 0x10
  .byte 0x01, 0x56, 0x66, 0x66, 0x36, 0xE0, 0x03, 0x1D, 0x60, 0x01, 0x13, 0x39, 0x35, 0x66, 0x56, 0x55
  .byte 0x43, 0x12, 0x56, 0x55, 0x35, 0x02, 0xEF, 0x35, 0x44, 0x03, 0x4C, 0x55, 0xC5, 0x00, 0xE6, 0x20
  .byte 0x01, 0x33, 0x33, 0x53, 0x00, 0xDE, 0x53, 0x04, 0x46, 0xB8, 0x00, 0xE4, 0x43, 0x00, 0x03, 0x00
  .byte 0xDF, 0x00, 0x03, 0x11, 0x44, 0x34, 0x02, 0x13, 0x01, 0x44, 0x33, 0x13, 0x00, 0x30, 0x03, 0x03
  .byte 0x8F, 0x00, 0x03, 0x01, 0x00, 0x34, 0x00, 0xDC, 0x10, 0xFC, 0xF1, 0xE2, 0xF0, 0x01, 0xEC, 0xF0
  .byte 0x01, 0x90, 0x01, 0x12, 0x42, 0x10, 0xF0, 0x46, 0x40, 0x01, 0x41, 0x67, 0x02, 0x46, 0x76, 0x00
  .byte 0x64, 0x56, 0x74, 0x20, 0x03, 0x40, 0x48, 0x11, 0x01, 0x13, 0x00, 0x30, 0x90, 0x1F, 0x67, 0x36
  .byte 0x33, 0x07, 0x53, 0x67, 0x36, 0x44, 0x54, 0x24, 0x23, 0x11, 0xBB, 0x00, 0xD4, 0x8F, 0x03, 0x4E
  .byte 0x13, 0x00, 0x30, 0x12, 0x89, 0x04, 0xCF, 0x03, 0xCC, 0x00, 0xDA, 0x50, 0x45, 0x00, 0x02, 0x44
  .byte 0x04, 0xF6, 0x44, 0x11, 0x41, 0x44, 0x3E, 0x44, 0x00, 0x04, 0xFB, 0x00, 0x46, 0x02, 0x6B, 0x13
  .byte 0xCF, 0x20, 0xE8, 0x11, 0x1F, 0x33, 0x11, 0x11, 0x13, 0xDB, 0x30, 0x03, 0x00, 0x19, 0x20, 0x1C
  .byte 0x71, 0xC3, 0xFF, 0xF0, 0x01, 0xF0, 0x01, 0xF0, 0x01, 0xF0, 0x01, 0xF0, 0x01, 0xF0, 0x01, 0xF0
  .byte 0x01, 0xF0, 0x01, 0xFF, 0xF0, 0x01, 0xF0, 0x01, 0xF0, 0x01, 0xF0, 0x01, 0xF0, 0x01, 0xF0, 0x01
  .byte 0xF0, 0x01, 0xF0, 0x01, 0xC0, 0xF0, 0x01, 0x40, 0x01, 0x00, 0x00, 0x00

  .globl gMonPalette_Forretress
gMonPalette_Forretress:
  .incbin "build/graphics/pokemon/forretress/normal_palette.gbapal.lz"

  .globl gMonBackPic_Forretress
gMonBackPic_Forretress:
  .incbin "build/graphics/pokemon/forretress/back.4bpp.lz"

  .globl gMonShinyPalette_Forretress
gMonShinyPalette_Forretress:
  .incbin "build/graphics/pokemon/forretress/shiny_palette.gbapal.lz"

	.globl gMonIcon_Forretress
gMonIcon_Forretress: @ 0x08CBC950 [205]
  .incbin "build/graphics/pokemon/forretress/icon.4bpp"
  @ Replaced baserom.gba range: offset=0xCBCD50, size=0x330
  .byte 0x00, 0x00, 0x00, 0x00, 0x00, 0x00, 0x00, 0x00, 0x00, 0x00, 0x00, 0x00, 0x00, 0x00, 0x00, 0x00
  .byte 0x00, 0x00, 0x00, 0x00, 0x00, 0x00, 0x00, 0x00, 0x00, 0x00, 0x00, 0x00, 0x00, 0x00, 0x00, 0x00
  .byte 0x10, 0x00, 0x08, 0x00, 0x3F, 0x00, 0x00, 0xF0, 0x01, 0xF0, 0x01, 0xF0, 0x01, 0xF0, 0x01, 0xF0
  .byte 0x01, 0xF0, 0x01, 0xFF, 0xF0, 0x01, 0xF0, 0x01, 0xF0, 0x01, 0xF0, 0x01, 0xF0, 0x01, 0xF0, 0x01
  .byte 0xF0, 0x01, 0xF0, 0x01, 0xFF, 0xF0, 0x01, 0xF0, 0x01, 0xF0, 0x01, 0xF0, 0x01, 0xF0, 0x01, 0xF0
  .byte 0x01, 0xF0, 0x01, 0xF0, 0x01, 0xFF, 0xF0, 0x01, 0xF0, 0x01, 0xF0, 0x01, 0xF0, 0x01, 0xF0, 0x01
  .byte 0xF0, 0x01, 0xF0, 0x01, 0xF0, 0x01, 0xFA, 0xF0, 0x01, 0xF0, 0x01, 0xF0, 0x01, 0xF0, 0x01, 0xA0
  .byte 0x01, 0x80, 0x00, 0x03, 0xF8, 0x0E, 0x00, 0x00, 0x70, 0xFF, 0x00, 0x0A, 0x00, 0x03, 0xB0, 0x01
  .byte 0x08, 0xA0, 0x00, 0x03, 0x8F, 0x00, 0x03, 0x7F, 0x00, 0x00, 0x88, 0x76, 0xC1, 0xF0, 0x1F, 0x90
  .byte 0x01, 0xA0, 0x19, 0x00, 0x00, 0xDA, 0x30, 0x0A, 0x00, 0xAB, 0x00, 0x00, 0xB0, 0xCD, 0x01, 0x00
  .byte 0xDA, 0x00, 0xCE, 0x01, 0xA0, 0xED, 0xCE, 0x0A, 0xDA, 0xAB, 0x00, 0xCA, 0x0B, 0xED, 0xDE, 0xAD
  .byte 0x1A, 0xBB, 0xAA, 0x3D, 0xCD, 0x1C, 0xF0, 0x36, 0xF0, 0x01, 0xF0, 0x01, 0xA0, 0x01, 0xB0, 0x00
  .byte 0x6A, 0x00, 0xDB, 0x00, 0x40, 0x5A, 0xED, 0x00, 0xE4, 0x54, 0x00, 0xEE, 0x40, 0xEE, 0x54, 0xEE
  .byte 0xE4, 0xEE, 0x54, 0x00, 0xED, 0xE4, 0x77, 0x55, 0xDD, 0x77, 0x4E, 0xD5, 0x00, 0xDD, 0xAB, 0xAA
  .byte 0x1A, 0x11, 0xDD, 0xDD, 0xDD, 0x14, 0xDD, 0xEE, 0xEE, 0x10, 0x03, 0xDE, 0x00, 0x03, 0x5D, 0x55
  .byte 0x01, 0xEE, 0xDD, 0x55, 0x44, 0xDD, 0x5D, 0x45, 0x00, 0x06, 0x00, 0xE4, 0xEE, 0x00, 0x00, 0xF7
  .byte 0x9F, 0x1A, 0x00, 0x00, 0xF7, 0x99, 0xDD, 0x1A, 0x97, 0x79, 0xDD, 0xCD, 0x00, 0x91, 0x79, 0x55
  .byte 0xD5, 0x1C, 0x4A, 0x44, 0x54, 0x00, 0xCC, 0x41, 0xEE, 0x44, 0xC5, 0xE1, 0xEE, 0x4E, 0x00, 0xC4
  .byte 0xAC, 0x07, 0x00, 0xF7, 0xFF, 0x07, 0x80, 0x00, 0xFF, 0xFF, 0x79, 0x70, 0xFF, 0xFF, 0x77, 0xF7
  .byte 0x00, 0xFF, 0x9F, 0xE4, 0xF7, 0xFF, 0x99, 0x44, 0xF9, 0x00, 0x9F, 0x19, 0x74, 0xFF, 0x99, 0x71
  .byte 0x7E, 0x9F, 0x00, 0x19, 0x9F, 0x1F, 0x00, 0xA0, 0xBB, 0x1F, 0x00, 0x00, 0x10, 0xDD, 0x19, 0x00
  .byte 0x10, 0xAA, 0xA8, 0x00, 0x00, 0x00, 0xA1, 0x91, 0xA9, 0x00, 0x10, 0xE4, 0xDE, 0x00, 0x1A, 0x00
  .byte 0x44, 0xEE, 0xDB, 0x01, 0x47, 0xE4, 0x00, 0xAE, 0x1D, 0xEE, 0xDE, 0xAA, 0x1C, 0xDD, 0xDD, 0x00
  .byte 0xCD, 0x1A, 0xAA, 0xDD, 0xCC, 0x1C, 0xAA, 0xAA, 0x00, 0xCC, 0xAC, 0xCA, 0xBB, 0xBB, 0xAC, 0xD1
  .byte 0xAC, 0x01, 0xBB, 0x01, 0xDA, 0x1C, 0x11, 0x00, 0xDD, 0xF0, 0xFD, 0x8B, 0xF0, 0x01, 0x00, 0x00
  .byte 0x40, 0x40, 0x03, 0xA0, 0x30, 0xEB, 0x20, 0x07, 0xC0, 0x10, 0x03, 0x20, 0x01, 0xEE, 0x54, 0xD5
  .byte 0xDD, 0x4E, 0x55, 0x00, 0xDD, 0xDD, 0x53, 0xD5, 0xDD, 0xDD, 0x55, 0x4D, 0x00, 0x44, 0xD4, 0xDD
  .byte 0x64, 0x66, 0x36, 0x4C, 0x56, 0x00, 0x55, 0x55, 0x44, 0x55, 0x55, 0x45, 0x63, 0x43, 0x00, 0x44
  .byte 0x44, 0xDD, 0x45, 0x7E, 0xEE, 0xDD, 0x45, 0x21, 0xEE, 0xE7, 0x00, 0x03, 0x8E, 0xDD, 0x45, 0xE6
  .byte 0x00, 0x0B, 0x00, 0xE4, 0xEE, 0xD3, 0x4D, 0x64, 0xEE, 0x34, 0x4C, 0x00, 0x44, 0xE6, 0x44, 0xCC
  .byte 0x44, 0x33, 0xEE, 0x6E, 0x00, 0x44, 0xAC, 0xEE, 0xEE, 0x44, 0xAC, 0xE7, 0xEE, 0x00, 0x43, 0xBC
  .byte 0x7E, 0xEE, 0x43, 0xBB, 0xEE, 0x67, 0x80, 0x00, 0x03, 0x36, 0x44, 0xBB, 0x6E, 0x43, 0xB4, 0xBB
  .byte 0x00, 0x33, 0x44, 0xBB, 0xBB, 0x8E, 0x99, 0xF8, 0x9F, 0x08, 0x97, 0x99, 0x99, 0x99, 0x00, 0x03
  .byte 0x17, 0x9B, 0x79, 0x00, 0x11, 0xE4, 0xBB, 0xCC, 0xBB, 0xBB, 0xBB, 0xCC, 0x00, 0xDC, 0xDD, 0xBB
  .byte 0xCC, 0xCC, 0xDC, 0xCB, 0xCC, 0x00, 0xCC, 0xCC, 0x41, 0x44, 0xAE, 0xDD, 0x41, 0x44, 0x00, 0xBE
  .byte 0xDD, 0x4E, 0x44, 0xDB, 0xDD, 0x4E, 0xBB, 0x2B, 0xDD, 0xDD, 0x00, 0x02, 0xCD, 0x01, 0x6E, 0xCC
  .byte 0x00, 0x02, 0x00, 0x1D, 0x00, 0xCC, 0x4C, 0xCD, 0x1B, 0x00, 0x00, 0xCD, 0x0A, 0x85, 0x00, 0x03
  .byte 0x01, 0x00, 0x00, 0xCC, 0x00, 0x03, 0xBC, 0x00, 0x03, 0x5D, 0xAC, 0x00, 0xB7, 0x14, 0x40, 0x03
  .byte 0xF0, 0x01, 0xE0, 0x01, 0x30, 0x40, 0x03, 0xC0, 0xF0, 0x01, 0x00, 0x01, 0x46, 0x41, 0x44, 0x34
  .byte 0x11, 0x41, 0x00, 0x44, 0x53, 0x00, 0x10, 0x31, 0x63, 0x00, 0x00, 0x4A, 0x10, 0x00, 0x03, 0x00
  .byte 0x53, 0x00, 0x03, 0x11, 0x50, 0x1F, 0x43, 0x00, 0xC3, 0xCC, 0x44, 0x35, 0x34, 0xB3, 0xBB, 0x15
  .byte 0x00, 0x44, 0x34, 0x33, 0x14, 0x44, 0x44, 0x44, 0x11, 0x19, 0x31, 0x44, 0x44, 0x00, 0x1E, 0x60
  .byte 0x1F, 0x44, 0xB4, 0x00, 0xCF, 0x03, 0x3B, 0x33, 0xBB, 0x33, 0x43, 0x44, 0x01, 0x2D, 0x00, 0x01
  .byte 0x87, 0x00, 0x08, 0x11, 0x11, 0x33, 0x33, 0x00, 0x4B, 0x20, 0x23, 0x10, 0xE3, 0xE0, 0x50, 0x01
  .byte 0x20, 0x1F, 0x10, 0x22, 0x33, 0x33, 0x33, 0x11, 0x11, 0x63, 0x11, 0x00, 0xC9, 0x00, 0xD3, 0xCC
  .byte 0x4C, 0x44, 0x00, 0x02, 0x01, 0x4E, 0x20, 0x44, 0x13, 0x00, 0x19, 0x01, 0x34, 0x33, 0x01, 0x00
  .byte 0x6F, 0x13, 0x20, 0x19, 0x30, 0x01, 0x03, 0x00, 0x03, 0x80, 0x0E, 0xF0, 0x01, 0xF0, 0x01, 0xFF
  .byte 0xF0, 0x01, 0xF0, 0x01, 0xF0, 0x01, 0xF0, 0x01, 0xF0, 0x01, 0xF0, 0x01, 0xF0, 0x01, 0xF0, 0x01
  .byte 0xFF, 0xF0, 0x01, 0xF0, 0x01, 0xF0, 0x01, 0xF0, 0x01, 0xF0, 0x01, 0xF0, 0x01, 0xF0, 0x01, 0xF0
  .byte 0x01, 0xFF, 0xF0, 0x01, 0xF0, 0x01, 0xF0, 0x01, 0xF0, 0x01, 0xF0, 0x01, 0xF0, 0x01, 0xF0, 0x01
  .byte 0xF0, 0x01, 0xFC, 0xF0, 0x01, 0xF0, 0x01, 0xF0, 0x01, 0xF0, 0x01, 0xF0, 0x01, 0x00, 0x01, 0x00

  .globl gMonPalette_Dunsparce
gMonPalette_Dunsparce:
  .incbin "build/graphics/pokemon/dunsparce/normal_palette.gbapal.lz"

  .globl gMonBackPic_Dunsparce
gMonBackPic_Dunsparce:
  .incbin "build/graphics/pokemon/dunsparce/back.4bpp.lz"

  .globl gMonShinyPalette_Dunsparce
gMonShinyPalette_Dunsparce:
  .incbin "build/graphics/pokemon/dunsparce/shiny_palette.gbapal.lz"

	.globl gMonIcon_Dunsparce
gMonIcon_Dunsparce: @ 0x08CBD3CC [206]
  .incbin "build/graphics/pokemon/dunsparce/icon.4bpp"
  @ Replaced baserom.gba range: offset=0xCBD7CC, size=0x448
  .byte 0x00, 0x00, 0x00, 0x00, 0x00, 0x00, 0x00, 0x00, 0x00, 0x00, 0x00, 0x00, 0x00, 0x00, 0x00, 0x00
  .byte 0x00, 0x00, 0x00, 0x00, 0x00, 0x00, 0x00, 0x00, 0x00, 0x00, 0x00, 0x00, 0x00, 0x00, 0x00, 0x00
  .byte 0x10, 0x00, 0x08, 0x00, 0x38, 0x00, 0x00, 0xF0, 0x01, 0xF0, 0x01, 0xF0, 0x01, 0x44, 0x04, 0x00
  .byte 0x0F, 0x00, 0x74, 0x37, 0x03, 0xF0, 0x18, 0xF0, 0x01, 0xF0, 0x01, 0xF0, 0x01, 0xF8, 0xF0, 0x01
  .byte 0xF0, 0x01, 0xF0, 0x01, 0xF0, 0x01, 0x90, 0xA1, 0xE4, 0x00, 0x44, 0x3C, 0x66, 0xE6, 0xF0, 0x17
  .byte 0xF0, 0x01, 0xF0, 0x01, 0x50, 0x01, 0x40, 0x04, 0x00, 0x54, 0x77, 0x37, 0x00, 0x40, 0x75, 0x67
  .byte 0x0E, 0x00, 0x40, 0x55, 0x67, 0xE5, 0x00, 0x54, 0x75, 0x55, 0x85, 0x00, 0x03, 0x56, 0x00, 0x54
  .byte 0x55, 0x50, 0x03, 0x55, 0x90, 0x2D, 0x41, 0x0E, 0x00, 0x03, 0xE5, 0x00, 0x00, 0x50, 0x35, 0x00
  .byte 0x38, 0x23, 0x55, 0x0E, 0x00, 0x03, 0x03, 0x00, 0x40, 0x20, 0x45, 0x01, 0x26, 0x55, 0x75, 0x00
  .byte 0x03, 0x74, 0x00, 0x03, 0x76, 0x00, 0x03, 0x67, 0x10, 0x03, 0xBA, 0x00, 0x24, 0x57, 0x00, 0x03
  .byte 0x50, 0x68, 0x00, 0x03, 0x74, 0x00, 0x06, 0x76, 0x00, 0x00, 0x00, 0x64, 0x67, 0x00, 0x50, 0x76
  .byte 0x57, 0x87, 0x00, 0x0A, 0x56, 0x00, 0x64, 0x77, 0x20, 0x5F, 0x00, 0x2E, 0x10, 0x42, 0x72, 0x64
  .byte 0x00, 0x4E, 0x00, 0x3E, 0x10, 0x03, 0x63, 0x77, 0x50, 0x03, 0x44, 0x00, 0x76, 0x67, 0x35, 0x76
  .byte 0x67, 0x56, 0x0E, 0x77, 0x01, 0x66, 0x55, 0x0E, 0x67, 0x56, 0xE5, 0x00, 0x10, 0x03, 0x29, 0x66
  .byte 0x55, 0x10, 0x03, 0x35, 0x00, 0x03, 0x55, 0x33, 0xF0, 0xD3, 0xD5, 0x30, 0x01, 0x10, 0x18, 0xE7
  .byte 0x30, 0x7A, 0x47, 0x00, 0x03, 0x77, 0x00, 0x03, 0x54, 0x65, 0x00, 0x0C, 0x54, 0x40, 0x03, 0x30
  .byte 0x61, 0x45, 0x55, 0x55, 0x00, 0x55, 0x35, 0x33, 0x55, 0x55, 0x77, 0x67, 0x56, 0x00, 0x55, 0x66
  .byte 0x66, 0x66, 0x55, 0x65, 0x66, 0x56, 0xC1, 0x00, 0x11, 0x00, 0x58, 0x33, 0x54, 0x55, 0x00, 0x53
  .byte 0x10, 0x1C, 0x2D, 0x00, 0x65, 0x00, 0x03, 0x64, 0x00, 0x72, 0x10, 0x03, 0x63, 0x00, 0x03, 0x51
  .byte 0x43, 0x30, 0x0B, 0x40, 0x00, 0x86, 0x40, 0x46, 0x56, 0x00, 0xE3, 0x00, 0x56, 0x35, 0x50, 0xE3
  .byte 0x55, 0x44, 0x74, 0x67, 0x04, 0x44, 0x76, 0x77, 0x77, 0x65, 0x00, 0x03, 0x66, 0x66, 0x00, 0x77
  .byte 0x66, 0x61, 0x56, 0x66, 0x66, 0x1F, 0x56, 0x40, 0x66, 0x00, 0xE3, 0x67, 0x55, 0x4E, 0x66, 0x57
  .byte 0x35, 0x0B, 0x36, 0x66, 0x56, 0x35, 0x00, 0x5A, 0x35, 0x00, 0x62, 0x20, 0x03, 0x00, 0x65, 0x16
  .byte 0x51, 0x45, 0x66, 0xF1, 0x1F, 0x55, 0x00, 0x04, 0x30, 0x65, 0x76, 0x00, 0x30, 0x55, 0x66, 0x20
  .byte 0x00, 0xE0, 0x20, 0x03, 0x65, 0x0E, 0xE0, 0x55, 0x55, 0x48, 0xE5, 0x00, 0x03, 0x55, 0xEE, 0x00
  .byte 0x03, 0x63, 0x53, 0x55, 0x00, 0x66, 0x36, 0x33, 0x76, 0x67, 0x66, 0x76, 0x57, 0x60, 0x66, 0x00
  .byte 0x3C, 0x40, 0x9A, 0xE5, 0x55, 0x45, 0xE3, 0x0E, 0x9F, 0x00, 0x06, 0x00, 0x55, 0x01, 0x84, 0x01
  .byte 0x8F, 0x20, 0x03, 0x12, 0xA9, 0x11, 0x9F, 0xEA, 0xF0, 0x01, 0xF0, 0x01, 0xA0, 0x01, 0x30, 0x01
  .byte 0xE3, 0x30, 0x00, 0xEB, 0x00, 0x2A, 0xE3, 0xEE, 0x00, 0x0D, 0x53, 0x41, 0x1B, 0x80, 0x00, 0x03
  .byte 0xA9, 0x80, 0x10, 0x03, 0x55, 0x5E, 0x63, 0xF5, 0xE5, 0x55, 0x6E, 0x08, 0xF6, 0x5E, 0x55, 0x5E
  .byte 0x01, 0x6E, 0x5E, 0x63, 0x55, 0x00, 0x45, 0xE4, 0xE5, 0xE3, 0xEE, 0x55, 0xF3, 0xAA, 0x20, 0xAA
  .byte 0x53, 0x00, 0x03, 0x3A, 0xF3, 0xFF, 0x51, 0x66, 0x10, 0x56, 0xFF, 0x61, 0x00, 0xEB, 0x1F, 0x66
  .byte 0x66, 0xE6, 0x50, 0x1F, 0x30, 0xA1, 0x4E, 0x00, 0x03, 0x36, 0xEE, 0xEE, 0xEE, 0x00, 0x3E, 0xCC
  .byte 0xCE, 0xDC, 0x16, 0xFF, 0xFF, 0x55, 0x00, 0x16, 0xFF, 0x5F, 0x55, 0xF3, 0xF1, 0x55, 0x55, 0x20
  .byte 0xF4, 0x5E, 0x21, 0x59, 0x55, 0x45, 0x33, 0x5E, 0x33, 0x00, 0x3E, 0x6F, 0x3E, 0x6E, 0xCD, 0x63
  .byte 0xEE, 0x66, 0x10, 0x35, 0x66, 0x53, 0x01, 0x10, 0x35, 0x55, 0xE5, 0x56, 0x18, 0x55, 0xE3, 0xE5
  .byte 0x00, 0xD4, 0x00, 0xF2, 0xAE, 0x66, 0xE5, 0x00, 0xEE, 0xBA, 0x56, 0xAE, 0xAA, 0xBB, 0xE5, 0xAA
  .byte 0x25, 0xBA, 0xBB, 0x00, 0xE6, 0x00, 0xE5, 0x00, 0xD8, 0x9E, 0x00, 0x8C, 0x57, 0x9A, 0x00, 0x03
  .byte 0x9B, 0x40, 0x03, 0x8B, 0x40, 0x03, 0xF0, 0x01, 0xF0, 0x01, 0xC0, 0xF0, 0x01, 0x90, 0x01, 0x90
  .byte 0xBB, 0x00, 0x00, 0xB9, 0xBB, 0x00, 0x00, 0x10, 0x8B, 0xBB, 0x00, 0xF2, 0x6F, 0xA8, 0x00, 0x20
  .byte 0xFF, 0x6F, 0xA8, 0x10, 0xE1, 0xEE, 0xAA, 0xC0, 0x00, 0x18, 0x11, 0x0F, 0x00, 0xBB, 0xAA, 0xAA
  .byte 0xEE, 0xBB, 0x00, 0xBB, 0xAB, 0x3A, 0xAB, 0xAA, 0xAA, 0xAA, 0xAA, 0x00, 0x9A, 0x88, 0x38, 0x9A
  .byte 0xAA, 0xAA, 0xEA, 0xA8, 0xC8, 0x00, 0x03, 0x00, 0x0D, 0xEA, 0xAE, 0x00, 0x1B, 0x35, 0xDD, 0xD3
  .byte 0x00, 0xDD, 0x6E, 0xDD, 0xDD, 0xDD, 0x6E, 0xD3, 0xDD, 0x04, 0xEC, 0x75, 0xE7, 0xEE, 0x5E, 0x31
  .byte 0xFE, 0x67, 0x66, 0x55, 0x65, 0x02, 0x4C, 0x5E, 0x01, 0xE8, 0x3D, 0x02, 0x5B, 0xEC, 0x02, 0x45
  .byte 0xB4, 0x10, 0xFA, 0x65, 0x01, 0x1D, 0x01, 0x44, 0x55, 0x31, 0xC6, 0x55, 0x35, 0x81, 0x11, 0xCB
  .byte 0xA3, 0xAA, 0xBB, 0xBB, 0xAE, 0xBA, 0x00, 0x03, 0x80, 0x00, 0x07, 0x8E, 0xA9, 0xBA, 0xBB, 0xAE
  .byte 0x8A, 0xA8, 0x98, 0x00, 0x0B, 0x8A, 0xBA, 0x00, 0x5F, 0x00, 0x66, 0xAA, 0xA8, 0xAB, 0x58, 0x09
  .byte 0x00, 0x83, 0x08, 0x40, 0x03, 0x00, 0xF0, 0xBB, 0xAB, 0x08, 0x00, 0x00, 0xBB, 0x11, 0x01, 0x00
  .byte 0x1B, 0xFF, 0x16, 0x0F, 0x00, 0x1A, 0xFF, 0x6F, 0xF0, 0xCE, 0xF0, 0x01, 0xF0, 0x01, 0x90, 0x01
  .byte 0x04, 0x20, 0x22, 0x12, 0x00, 0xF2, 0x00, 0x48, 0x10, 0xFE, 0x0E, 0xFF, 0x00, 0x00, 0xE0, 0x00
  .byte 0x03, 0x20, 0xF7, 0x52, 0x07, 0x00, 0x00, 0xE0, 0xAA, 0xEE, 0x66, 0xE1, 0x33, 0x66, 0x63, 0x00
  .byte 0xE6, 0x56, 0x63, 0x36, 0x16, 0x56, 0x35, 0xE5, 0x0D, 0x61, 0x56, 0xE5, 0xE5, 0x02, 0xF8, 0x02
  .byte 0x7F, 0x0E, 0x22, 0x31, 0x91, 0x10, 0xCB, 0xEE, 0x3E, 0x02, 0x43, 0x5E, 0x33, 0xEE, 0x13, 0x2F
  .byte 0xA0, 0x22, 0x4F, 0x63, 0x20, 0x0B, 0x45, 0x00, 0xE3, 0x55, 0x34, 0x08, 0x55, 0x53, 0x35, 0xE5
  .byte 0x00, 0xE9, 0xAE, 0xEE, 0xEE, 0x00, 0x55, 0xAE, 0x45, 0xE3, 0xE3, 0xAE, 0x34, 0x30, 0xA7, 0x00
  .byte 0x3C, 0x53, 0x10, 0x03, 0xE3, 0xEE, 0x12, 0xEB, 0x11, 0x56, 0x11, 0x4B, 0xAA, 0x00, 0x03, 0x0E
  .byte 0x00, 0x06, 0x00, 0x00, 0x06, 0x00, 0x00, 0x06, 0x00, 0xC0, 0x00, 0x06, 0x21, 0xF3, 0x1A, 0xF1
  .byte 0x6F, 0x0E, 0xAE, 0x1A, 0x7F, 0xE1, 0xF2, 0xDA, 0xF0, 0x01, 0xF0, 0x01, 0xF0, 0x01, 0xF0, 0x01
  .byte 0xF0, 0x01, 0xD0, 0x01, 0x54, 0x45, 0x04, 0x3B, 0x57, 0x04, 0xBE, 0x67, 0x04, 0x46, 0x77, 0x00
  .byte 0x40, 0x30, 0x10, 0x03, 0x76, 0x67, 0x00, 0x30, 0x65, 0x56, 0x80, 0x05, 0x01, 0x55, 0x34, 0x66
  .byte 0xE3, 0xEE, 0xE5, 0x56, 0x00, 0x45, 0x0E, 0x55, 0x53, 0x44, 0x0E, 0x56, 0x35, 0x07, 0xEE, 0x00
  .byte 0x56, 0x45, 0x44, 0x01, 0x1B, 0x70, 0x03, 0x21, 0x13, 0x00, 0x53, 0x55, 0x11, 0x00, 0x53, 0x15
  .byte 0xFF, 0x00, 0x4B, 0xE0, 0x00, 0x03, 0x00, 0xEE, 0x11, 0x63, 0xF2, 0x11, 0x79, 0x10, 0x5C, 0xBB
  .byte 0x53, 0xBF, 0x12, 0x00, 0x03, 0x15, 0xCC, 0x90, 0x03, 0x01, 0xF0, 0x8B, 0xF0, 0x01, 0xFD, 0xF0
  .byte 0x01, 0xF0, 0x01, 0xF0, 0x01, 0xF0, 0x01, 0xF0, 0x01, 0x40, 0x01, 0x5E, 0x04, 0x1B, 0x4F, 0xE0
  .byte 0x00, 0x03, 0x30, 0x46, 0x00, 0x03, 0x10, 0x96, 0xA1, 0x8B, 0x04, 0x0F, 0x4F, 0x00, 0x10, 0xE6
  .byte 0xE3, 0x3E, 0xF0, 0x39, 0xF0, 0x01, 0xF0, 0x01, 0xF0, 0x01, 0xF8, 0xF0, 0x01, 0xF0, 0x01, 0xF0
  .byte 0x01, 0xF0, 0x01, 0x30, 0x01, 0x00, 0x00, 0x00

  .globl gMonPalette_Gligar
gMonPalette_Gligar:
  .incbin "build/graphics/pokemon/gligar/normal_palette.gbapal.lz"

  .globl gMonBackPic_Gligar
gMonBackPic_Gligar:
  .incbin "build/graphics/pokemon/gligar/back.4bpp.lz"

  .globl gMonShinyPalette_Gligar
gMonShinyPalette_Gligar:
  .incbin "build/graphics/pokemon/gligar/shiny_palette.gbapal.lz"

	.globl gMonIcon_Gligar
gMonIcon_Gligar: @ 0x08CBE03C [207]
  .incbin "build/graphics/pokemon/gligar/icon.4bpp"
  @ Replaced baserom.gba range: offset=0xCBE43C, size=0x4E8
  .byte 0x00, 0x00, 0x00, 0x80, 0x80, 0x00, 0xC0, 0xE0, 0x00, 0x00, 0x00, 0x00, 0x01, 0x00, 0x03, 0x07
  .byte 0xE0, 0xE0, 0xC0, 0x80, 0x00, 0x00, 0x00, 0x00, 0x07, 0x07, 0x03, 0x03, 0x00, 0x00, 0x00, 0x00
  .byte 0x10, 0x00, 0x08, 0x00, 0x3E, 0x00, 0x00, 0xF0, 0x01, 0xF0, 0x01, 0xF0, 0x01, 0xF0, 0x01, 0x20
  .byte 0x01, 0x60, 0x80, 0x00, 0x03, 0x76, 0x00, 0x00, 0x50, 0x77, 0x00, 0x50, 0x02, 0x55, 0x66, 0x56
  .byte 0x65, 0x77, 0x77, 0x20, 0x14, 0x66, 0x01, 0x05, 0x00, 0x76, 0x77, 0xE6, 0x00, 0x77, 0x10, 0x03
  .byte 0x00, 0x67, 0xE6, 0xEE, 0x77, 0x66, 0x66, 0x66, 0x77, 0x01, 0x77, 0x77, 0x57, 0x67, 0x66, 0x56
  .byte 0x85, 0x30, 0x36, 0x00, 0x56, 0x05, 0x00, 0x50, 0x88, 0xE6, 0x00, 0x85, 0x00, 0x68, 0xE6, 0x5E
  .byte 0x88, 0x68, 0xE6, 0x85, 0x88, 0x11, 0x66, 0xE6, 0x88, 0x10, 0x03, 0x68, 0x66, 0x66, 0x30, 0x1F
  .byte 0x02, 0x50, 0x55, 0x00, 0x50, 0x75, 0x77, 0x00, 0x02, 0x77, 0x06, 0x85, 0x78, 0x77, 0x77, 0x88
  .byte 0x10, 0x03, 0x00, 0x40, 0x7E, 0xC1, 0x00, 0x03, 0x10, 0x1D, 0x55, 0x05, 0x00, 0x00, 0x87, 0x00
  .byte 0x04, 0x00, 0x87, 0x65, 0x56, 0x00, 0x87, 0x66, 0x66, 0x05, 0xAF, 0x00, 0x36, 0x56, 0x00, 0x03
  .byte 0x66, 0x10, 0x03, 0xF0, 0xA2, 0x30, 0x01, 0x00, 0x32, 0x35, 0x00, 0x56, 0xF0, 0x16, 0x90, 0x01
  .byte 0x50, 0x00, 0x03, 0x75, 0x30, 0x26, 0x02, 0x66, 0x77, 0x00, 0x60, 0x77, 0x67, 0x00, 0xC4, 0x76
  .byte 0x80, 0x00, 0x06, 0x77, 0x75, 0x77, 0x86, 0x88, 0x77, 0x67, 0x30, 0x88, 0x88, 0x00, 0x06, 0x00
  .byte 0x89, 0x77, 0x77, 0x76, 0x77, 0x32, 0x77, 0x67, 0x10, 0x03, 0x00, 0x02, 0x86, 0x88, 0x00, 0x09
  .byte 0x78, 0x00, 0x76, 0x78, 0x77, 0x67, 0x87, 0x77, 0x66, 0x86, 0x03, 0x78, 0x67, 0x66, 0x86, 0x88
  .byte 0x88, 0x00, 0x01, 0x30, 0xAF, 0xB1, 0x00, 0x1F, 0x66, 0x10, 0xFB, 0x60, 0x01, 0x56, 0x5E, 0x66
  .byte 0x00, 0x22, 0x70, 0x66, 0x00, 0x16, 0xB0, 0x17, 0x80, 0x01, 0xE6, 0x76, 0x77, 0x88, 0x00, 0x66
  .byte 0x6E, 0x56, 0x55, 0x66, 0xE6, 0x55, 0x55, 0x02, 0x66, 0x66, 0x5E, 0x55, 0x66, 0x65, 0x10, 0x03
  .byte 0xE6, 0x2E, 0x55, 0x56, 0x00, 0x10, 0x56, 0x00, 0x10, 0x10, 0x23, 0x00, 0x18, 0x66, 0x31, 0x55
  .byte 0x65, 0x00, 0x03, 0x00, 0x08, 0x55, 0x55, 0x64, 0x00, 0x03, 0x4B, 0x45, 0x00, 0x03, 0x55, 0x46
  .byte 0x00, 0x03, 0x54, 0x10, 0xE3, 0x01, 0x7E, 0x02, 0x00, 0x66, 0x0E, 0x00, 0x00, 0x46, 0x00, 0x03
  .byte 0x54, 0xBE, 0x00, 0x03, 0x55, 0x50, 0x03, 0x11, 0x04, 0x20, 0xE3, 0x01, 0xAF, 0x60, 0x03, 0x56
  .byte 0x80, 0x00, 0xEB, 0x57, 0x77, 0x00, 0x86, 0x57, 0x57, 0x60, 0x19, 0x88, 0x88, 0x55, 0x00, 0xE6
  .byte 0x00, 0xD4, 0x78, 0x86, 0x30, 0x03, 0x02, 0x58, 0x77, 0x88, 0x88, 0x58, 0x66, 0x01, 0x9B, 0xEE
  .byte 0x78, 0x88, 0x10, 0xBE, 0x00, 0x03, 0x11, 0xA3, 0x00, 0x0B, 0xE5, 0x68, 0x66, 0x00, 0x56, 0xEE
  .byte 0x66, 0x56, 0x88, 0xEE, 0xD5, 0xFD, 0x08, 0x8F, 0xEE, 0xEF, 0x5D, 0x10, 0x89, 0x66, 0x8E, 0x66
  .byte 0x00, 0x55, 0xEE, 0x88, 0xE5, 0xEE, 0x55, 0x65, 0xEE, 0x00, 0x5E, 0x55, 0x55, 0xEE, 0x5E, 0x65
  .byte 0x66, 0xEE, 0xD0, 0x00, 0x14, 0x10, 0x03, 0x65, 0x00, 0x01, 0x6E, 0xE6, 0xE7, 0xE6, 0x0F, 0xE6
  .byte 0x76, 0x67, 0x6E, 0x50, 0xE7, 0x00, 0xBE, 0x31, 0x12, 0x80, 0x0B, 0xA0, 0x40, 0x0F, 0xEE, 0x00
  .byte 0x0F, 0x57, 0x65, 0x66, 0x76, 0x77, 0x6E, 0x55, 0x10, 0x03, 0x02, 0x53, 0x56, 0x02, 0x07, 0x00
  .byte 0x6E, 0x11, 0x32, 0xE5, 0x80, 0x00, 0xEB, 0x54, 0xEE, 0x55, 0x44, 0x54, 0x57, 0x4E, 0x00, 0x44
  .byte 0x54, 0x77, 0xE7, 0x4E, 0xEE, 0x77, 0x77, 0x00, 0xEE, 0x5E, 0x77, 0x57, 0xE6, 0x55, 0x77, 0x65
  .byte 0x01, 0xE6, 0x54, 0xEE, 0x65, 0xE6, 0x45, 0xE5, 0x00, 0xE0, 0xFD, 0x10, 0x03, 0x00, 0xEE, 0x20
  .byte 0x03, 0x10, 0x0B, 0x20, 0xFB, 0x00, 0x08, 0x55, 0x00, 0x08, 0x0B, 0x50, 0x88, 0x88, 0x68, 0x11
  .byte 0xA3, 0x85, 0x00, 0x03, 0x00, 0x0B, 0x01, 0x88, 0x50, 0x87, 0x88, 0x88, 0x00, 0x75, 0x00, 0x03
  .byte 0x02, 0xE0, 0x76, 0x88, 0x00, 0x00, 0x6E, 0x10, 0xC8, 0xE5, 0x00, 0x68, 0x56, 0x8E, 0x58, 0x88
  .byte 0x78, 0x66, 0xE5, 0x78, 0x88, 0x00, 0x04, 0x21, 0xCE, 0x40, 0x01, 0x00, 0x2A, 0x78, 0xEE, 0xF5
  .byte 0x00, 0xE8, 0x88, 0xFF, 0xF5, 0x75, 0x87, 0xEE, 0xEE, 0x75, 0x75, 0x00, 0x8F, 0x01, 0xAC, 0x01
  .byte 0xE5, 0x78, 0x02, 0x15, 0x87, 0x10, 0x07, 0x93, 0x00, 0x03, 0x56, 0x7E, 0x00, 0xC2, 0x55, 0x66
  .byte 0x12, 0x23, 0x50, 0x01, 0x83, 0x12, 0x27, 0x56, 0x77, 0x67, 0x55, 0x65, 0x01, 0xD5, 0x20, 0xEB
  .byte 0x80, 0x31, 0xFF, 0x56, 0xEE, 0x67, 0xE6, 0x6E, 0x66, 0x56, 0xE6, 0x01, 0x11, 0x41, 0x14, 0x01
  .byte 0x2A, 0xE7, 0x00, 0x51, 0x07, 0x11, 0x04, 0x66, 0x14, 0xEE, 0xEE, 0xEE, 0x02, 0x02, 0x55, 0x00
  .byte 0x26, 0x66, 0x0E, 0x60, 0xE0, 0x02, 0xDB, 0x00, 0x03, 0x57, 0x56, 0x5E, 0x55, 0x57, 0x96, 0x01
  .byte 0x05, 0x57, 0x4E, 0x01, 0x63, 0x45, 0x01, 0xF1, 0x00, 0x03, 0x66, 0x40, 0x54, 0x11, 0xFC, 0x75
  .byte 0x66, 0x56, 0x55, 0x77, 0x67, 0x56, 0x54, 0x00, 0xE3, 0x45, 0x01, 0xF4, 0x55, 0x00, 0xF0, 0x10
  .byte 0x03, 0x45, 0xA1, 0x00, 0x03, 0xE5, 0x20, 0x03, 0x0E, 0x00, 0x56, 0x5E, 0x11, 0x11, 0x79, 0xE0
  .byte 0x13, 0x23, 0x11, 0x16, 0xF0, 0x01, 0x12, 0xFC, 0x55, 0x85, 0x03, 0x52, 0x1F, 0x56, 0x55, 0xE5
  .byte 0x00, 0x73, 0x03, 0x86, 0xE0, 0x27, 0x00, 0xE1, 0x00, 0x74, 0xD8, 0x31, 0xB1, 0x00, 0x9E, 0xEE
  .byte 0xD0, 0x1F, 0x20, 0x19, 0x56, 0xEE, 0x5E, 0x0E, 0xE5, 0xEE, 0x00, 0xE0, 0x10, 0x6D, 0x90, 0x01
  .byte 0x12, 0x7F, 0x66, 0x01, 0x77, 0xE5, 0x00, 0x77, 0x57, 0x0E, 0xE0, 0x00, 0x39, 0x68, 0x7E, 0x00
  .byte 0x8B, 0x02, 0x7F, 0x75, 0x70, 0x03, 0xE0, 0x6E, 0x88, 0x00, 0x50, 0x55, 0x6E, 0x66, 0x75, 0x55
  .byte 0x4E, 0x44, 0x42, 0x77, 0x00, 0xE4, 0x77, 0x57, 0x55, 0xEE, 0x01, 0x54, 0x55, 0x0C, 0x87, 0x68
  .byte 0x66, 0x76, 0x00, 0x94, 0x23, 0xDF, 0x55, 0x75, 0x00, 0x77, 0x67, 0x44, 0xE5, 0x77, 0x77, 0x45
  .byte 0x55, 0x48, 0x7E, 0x01, 0xF9, 0x6E, 0x77, 0x00, 0x49, 0x77, 0xE7, 0x00, 0x19, 0x00, 0x7E, 0xE6
  .byte 0x01, 0xBC, 0x00, 0x03, 0xE0, 0x56, 0x00, 0x91, 0xA8, 0x12, 0xFB, 0x66, 0x00, 0xB9, 0x67, 0x00
  .byte 0x10, 0x57, 0x56, 0x0E, 0x1B, 0x00, 0x77, 0x65, 0x10, 0x03, 0x00, 0x77, 0x56, 0x00, 0x10, 0xF0
  .byte 0x01, 0xF8, 0xF0, 0x01, 0xF0, 0x01, 0xF0, 0x01, 0xF0, 0x01, 0x20, 0x01, 0x84, 0x58, 0x05, 0x00
  .byte 0x00, 0x84, 0x88, 0x56, 0x55, 0x40, 0x74, 0x67, 0x0B, 0x85, 0x00, 0x40, 0x56, 0x02, 0x53, 0x85
  .byte 0x10, 0x03, 0x01, 0x73, 0x40, 0x6E, 0x00, 0xE3, 0x6E, 0x76, 0xE5, 0x6E, 0x5E, 0x55, 0x17, 0x88
  .byte 0x88, 0xE5, 0x00, 0x03, 0x55, 0x04, 0xFA, 0x02, 0x63, 0x10, 0xD4, 0x80, 0x02, 0x05, 0x77, 0x66
  .byte 0x55, 0x57, 0x77, 0x66, 0x75, 0x61, 0x77, 0x11, 0x3F, 0x02, 0x26, 0x46, 0x55, 0x65, 0x46, 0x01
  .byte 0xD5, 0x2D, 0x54, 0x45, 0x01, 0x62, 0x04, 0x10, 0xB5, 0x11, 0x68, 0x57, 0x00, 0xD7, 0xB8, 0x13
  .byte 0xDF, 0x04, 0x40, 0x03, 0xF0, 0x01, 0x01, 0x08, 0x86, 0x56, 0x0E, 0x00, 0x6E, 0x86, 0x68, 0x0E
  .byte 0xE0, 0x86, 0x88, 0xE5, 0x19, 0x00, 0x8E, 0x58, 0x00, 0x03, 0x01, 0xC3, 0xE0, 0x5E, 0x01, 0x0D
  .byte 0xFD, 0xE1, 0x8E, 0xF0, 0x01, 0xF0, 0x01, 0xF0, 0x01, 0xF0, 0x01, 0xC0, 0x01, 0x6E, 0x00, 0xA2
  .byte 0x2E, 0x40, 0x55, 0x00, 0x08, 0x5E, 0x12, 0x6C, 0x45, 0x57, 0x50, 0x03, 0x85, 0x4A, 0x76, 0x23
  .byte 0xD7, 0xE6, 0x6E, 0x02, 0x42, 0xEE, 0x02, 0xC1, 0x55, 0x70, 0xEE, 0x00, 0x05, 0x06, 0x17, 0x25
  .byte 0x0F, 0x77, 0x77, 0x44, 0x66, 0x44, 0x67, 0x11, 0xAF, 0x77, 0xE7, 0x0E, 0x04, 0x5C, 0xE5, 0x0E
  .byte 0x01, 0xEE, 0x55, 0xE5, 0xE5, 0x00, 0xEE, 0x0E, 0x21, 0xCF, 0x4A, 0xEE, 0x00, 0x07, 0x5E, 0x65
  .byte 0xC1, 0xC0, 0xE0, 0x01, 0x16, 0xE0, 0x20, 0x67, 0xE0, 0x02, 0x2E, 0x6E, 0x66, 0x55, 0x7E, 0x5E
  .byte 0x39, 0xEE, 0x5E, 0x02, 0x53, 0x70, 0x01, 0x00, 0x32, 0x00, 0x66, 0x05, 0x04, 0x07, 0x66, 0xE4
  .byte 0x00, 0x00, 0x47, 0x10, 0x03, 0xF1, 0x01, 0xF0, 0x01, 0xFB, 0xF0, 0x01, 0xF0, 0x01, 0xF0, 0x01
  .byte 0xA2, 0x02, 0x40, 0x03, 0x40, 0xF0, 0x1A, 0x03, 0x3F, 0x10, 0x55, 0x55, 0x44, 0x33, 0xB5, 0x55
  .byte 0x4E, 0x54, 0x55, 0x3E, 0xE5, 0x44, 0x03, 0x08, 0x10, 0xC3, 0x13, 0x93, 0x23, 0x4B, 0x00, 0xE3
  .byte 0x56, 0x60, 0xE4, 0x05, 0xF1, 0x00, 0x03, 0x66, 0x5E, 0x45, 0x64, 0x46, 0xA0, 0x02, 0x02, 0x66
  .byte 0x03, 0xEA, 0x64, 0xEE, 0x44, 0x44, 0xE4, 0x84, 0x10, 0xD0, 0x65, 0x56, 0x5E, 0x4E, 0x01, 0x39
  .byte 0x0E, 0xE4, 0x00, 0x55, 0x44, 0x0E, 0xE6, 0x55, 0xE4, 0x00, 0xE6, 0xF8, 0x00, 0xE3, 0x90, 0xD6
  .byte 0x10, 0xE3, 0xE3, 0x94, 0x80, 0x01, 0x00, 0x00

  .globl gMonPalette_Steelix
gMonPalette_Steelix:
  .incbin "build/graphics/pokemon/steelix/normal_palette.gbapal.lz"
  .space 0x3, 0x00

  .globl gMonBackPic_Steelix
gMonBackPic_Steelix:
  .incbin "build/graphics/pokemon/steelix/back.4bpp.lz"

  .globl gMonShinyPalette_Steelix
gMonShinyPalette_Steelix:
  .incbin "build/graphics/pokemon/steelix/shiny_palette.gbapal.lz"
  .space 0x3, 0x00
