	@ pret/pokeemerald-jp direct xref for 0x0859DC98: battle_transition.s: Phase2_Kyogre_Func3
	@ Priority B: Kyogre transition tilemap.
	.globl gBattleTransitionKyogre_Tilemap
gBattleTransitionKyogre_Tilemap: @ 0x0859DC98
	.incbin "build/graphics/priority_b/battle_transitions/kyogre.bin.lz"
	.if (. - gBattleTransitionKyogre_Tilemap) != 0x334
	.error "Kyogre transition tilemap exact slot size mismatch"
	.endif
	@ Priority B: Groudon transition tileset.
	.globl gBattleTransitionGroudon_Gfx
gBattleTransitionGroudon_Gfx: @ 0x0859DFCC
	.incbin "build/graphics/priority_b/battle_transitions/groudon.4bpp.lz"
	.if (. - gBattleTransitionGroudon_Gfx) != 0x56C
	.error "Groudon transition gfx exact slot size mismatch"
	.endif
	@ Priority B: Groudon transition tilemap.
	.globl gBattleTransitionGroudon_Tilemap
gBattleTransitionGroudon_Tilemap: @ 0x0859E538
	.incbin "build/graphics/priority_b/battle_transitions/groudon.bin.lz"
	.if (. - gBattleTransitionGroudon_Tilemap) != 0x318
	.error "Groudon transition tilemap exact slot size mismatch"
	.endif
	.globl gBattleTransitionData_0859E850
gBattleTransitionData_0859E850: @ 0x0859E850
	@ analyzed canonical ROM range 0x0859E850-0x0859E98F
gBattleTransitionKyogreIntroPaletteFrames: @ 0x0859E850
	@ ANALYSIS: SEMANTIC_NUMERIC_BATTLE_TRANSITION_PALETTE
	@ 10 16-color BGR555 palette frames loaded to palette slot 0xF0 by Phase2_Kyogre_Func4
	@ Editable palette PNG: 10 row(s), 16 colors per row.
	.incbin "build/graphics/semantic_palettes/battle_transitions/gBattleTransitionKyogreIntroPaletteFrames.gbapal"
	@ pret/pokeemerald-jp direct xref for 0x0859E990: battle_transition.s: Phase2_Kyogre_Func5
	.globl gBattleTransitionData_0859E990
gBattleTransitionData_0859E990: @ 0x0859E990
	@ analyzed canonical ROM range 0x0859E990-0x0859EB4F
gBattleTransitionKyogreFadePaletteFrames: @ 0x0859E990
	@ ANALYSIS: SEMANTIC_NUMERIC_BATTLE_TRANSITION_PALETTE
	@ 14 16-color BGR555 palette frames loaded to palette slot 0xF0 by Phase2_Kyogre_Func5
	@ Editable palette PNG: 14 row(s), 16 colors per row.
	.incbin "build/graphics/semantic_palettes/battle_transitions/gBattleTransitionKyogreFadePaletteFrames.gbapal"
	@ pret/pokeemerald-jp direct xref for 0x0859EB50: battle_transition.s: Phase2_Groudon_Func4
	.globl gBattleTransitionData_0859EB50
gBattleTransitionData_0859EB50: @ 0x0859EB50
	@ analyzed canonical ROM range 0x0859EB50-0x0859ED4F
gBattleTransitionGroudonIntroPaletteFrames: @ 0x0859EB50
	@ ANALYSIS: SEMANTIC_NUMERIC_BATTLE_TRANSITION_PALETTE
	@ 16-color BGR555 palette frames loaded to palette slot 0xF0 by Phase2_Groudon_Func4
	@ Editable palette PNG: 16 row(s), 16 colors per row.
	.incbin "build/graphics/semantic_palettes/battle_transitions/gBattleTransitionGroudonIntroPaletteFrames.gbapal"
	@ pret/pokeemerald-jp direct xref for 0x0859ED50: battle_transition.s: Phase2_Groudon_Func5
	.globl gBattleTransitionData_0859ED50
gBattleTransitionData_0859ED50: @ 0x0859ED50
	@ analyzed canonical ROM range 0x0859ED50-0x0859EF4F
gBattleTransitionGroudonFadePaletteFrames: @ 0x0859ED50
	@ ANALYSIS: SEMANTIC_NUMERIC_BATTLE_TRANSITION_PALETTE
	@ 16-color BGR555 palette frames loaded to palette slot 0xF0 by Phase2_Groudon_Func5
	@ Editable palette PNG: 16 row(s), 16 colors per row.
	.incbin "build/graphics/semantic_palettes/battle_transitions/gBattleTransitionGroudonFadePaletteFrames.gbapal"
	@ pret/pokeemerald-jp direct xref for 0x0859EF50: battle_transition.s: Phase2_Rayquaza_Func5, Phase2_Rayquaza_Func9
	.globl gBattleTransitionData_0859EF50
gBattleTransitionData_0859EF50: @ 0x0859EF50
	@ analyzed canonical ROM range 0x0859EF50-0x0859EFEF
gBattleTransitionRayquazaPaletteFrames: @ 0x0859EF50
	@ ANALYSIS: SEMANTIC_NUMERIC_BATTLE_TRANSITION_PALETTE
	@ first 5 16-color BGR555 palette frames; Phase2_Rayquaza_Func5 continues at frame 5 below
	@ Editable palette PNG: 5 row(s), 16 colors per row.
	.incbin "build/graphics/semantic_palettes/battle_transitions/gBattleTransitionRayquazaPaletteFrames.gbapal"
	@ pret/pokeemerald-jp direct xref for 0x0859EFF0: battle_transition.s: Phase2_Rayquaza_Func3
	.globl gBattleTransitionData_0859EFF0
gBattleTransitionData_0859EFF0: @ 0x0859EFF0
	@ analyzed canonical ROM range 0x0859EFF0-0x0859F14F
gBattleTransitionRayquazaPaletteFrames_Frame5: @ 0x0859EFF0
	@ ANALYSIS: SEMANTIC_NUMERIC_BATTLE_TRANSITION_PALETTE
	@ remaining 11 16-color BGR555 palette frames; direct initial load target for Phase2_Rayquaza_Func3
	@ Editable palette PNG: 11 row(s), 16 colors per row.
	.incbin "build/graphics/semantic_palettes/battle_transitions/gBattleTransitionRayquazaPaletteFrames_Frame5.gbapal"
	@ pret/pokeemerald-jp direct xref for 0x0859F150: battle_transition.s: Phase2_Rayquaza_Func3
	.globl gBattleTransitionData_0859F150
gBattleTransitionData_0859F150: @ 0x0859F150
	@ analyzed canonical ROM range 0x0859F150-0x085A668F
gBattleTransitionRayquazaTilemap: @ 0x0859F150
	@ ANALYSIS: SEMANTIC_NUMERIC_TILEMAP_ASSET
	@ CpuSet source for Phase2_Rayquaza_Func3; first 0x1000 bytes copied in that step.
	.2byte 0x0000, 0x0000, 0x0000, 0x0000, 0x0000, 0x0000, 0x0000, 0x0000
	.2byte 0x0000, 0x0000, 0x0000, 0x0000, 0x0000, 0x0000, 0x0000, 0x0000
	.2byte 0xFFFF, 0xFFFF, 0xFFFF, 0xFFFF, 0xFFFF, 0xFFFF, 0xFFFF, 0xFFFF
	.2byte 0xFFFF, 0xFFFF, 0xFFFF, 0xFFFF, 0xFFFF, 0xFFFF, 0xFFFF, 0xFFFF
	.2byte 0x0000, 0xEE00, 0x0000, 0xEE00, 0x0000, 0xEEE0, 0x0000, 0xDEE0
	.2byte 0x0000, 0xDEEE, 0x0000, 0xDDEE, 0xE000, 0xDDEE, 0xE000, 0xDDDE
	.2byte 0xEEEE, 0xEEEE, 0xEEEE, 0xEEEE, 0xDDDD, 0xDDDD, 0xDDDD, 0xDDDD
	.2byte 0xDDDD, 0xDDDD, 0xDDDD, 0xDDDD, 0xEDDD, 0xEEEE, 0xEEDD, 0xEEEE
	.2byte 0xEEEE, 0xEEEE, 0xEEEE, 0xEEEE, 0xDDDD, 0xDDDD, 0xDDDD, 0xDDDD
	.2byte 0xDDDD, 0xDDDD, 0xDDDD, 0xDDDD, 0xEEEE, 0xEEEE, 0xEEEE, 0xEEEE
	.2byte 0xEEEE, 0xEEEE, 0xEEEE, 0xEEEE, 0xDDDD, 0xDDDD, 0xDDDD, 0xDDDD
	.2byte 0xDDDD, 0xDDDD, 0xDDDD, 0xDDDD, 0xEEEE, 0xEEEE, 0xEEEE, 0xEEEE
	.2byte 0xEEEE, 0xEEEE, 0xEEEE, 0xEEEE, 0xDDDD, 0xDDDD, 0xDDDD, 0xDDDD
	.2byte 0xDDDD, 0xDDDD, 0xDDDD, 0xDDDD, 0xEEEE, 0xEEEE, 0xEEEE, 0xEEEE
	.2byte 0xEEEE, 0xEEEE, 0xEEEE, 0xEEEE, 0xDDDD, 0xDDDD, 0xDDDD, 0xDDDD
	.2byte 0xDDDD, 0xDDDD, 0xDDDD, 0xDDDD, 0xEEEE, 0xEEEE, 0xEEEE, 0xEEEE
	.2byte 0xEEEE, 0xEEEE, 0xEEEE, 0xEEEE, 0xDDDD, 0xDDDD, 0xDDDD, 0xDDDD
	.2byte 0xDDDD, 0xDDDD, 0xDDDD, 0xDDDD, 0xEEEE, 0xEEEE, 0xEEEE, 0xEEEE
	.2byte 0xEEEE, 0xEEEE, 0xEEEE, 0xEEEE, 0xDDDD, 0xDDDD, 0xDDDD, 0xDDDD
	.2byte 0xDDDD, 0xDDDD, 0xDDDD, 0xDDDD, 0xEEEE, 0xEEEE, 0xEEEE, 0xEEEE
	.2byte 0xEEEE, 0xEEEE, 0xEEEE, 0xEEEE, 0xDDDD, 0xDDDD, 0xDDDD, 0xDDDD
	.2byte 0xDDDD, 0xDDDD, 0xDDDD, 0xDDDD, 0xEEEE, 0xEEEE, 0xEEEE, 0xEEEE
	.2byte 0xEEEE, 0xEEEE, 0xEEEE, 0xEEEE, 0xDDDD, 0xDDDD, 0xDDDD, 0xDDDD
	.2byte 0xDDDD, 0xDDDD, 0xDDDD, 0xDDDD, 0xEEEE, 0xEEEE, 0xEEEE, 0xEEEE
	.2byte 0x0000, 0x0000, 0x0000, 0x0000, 0x0000, 0x0000, 0x0000, 0x0000
	.2byte 0x0000, 0x0000, 0x0000, 0x0000, 0x0000, 0x0000, 0x0000, 0x0000
	.2byte 0x0000, 0x0000, 0x0000, 0x0000, 0x0000, 0x0000, 0x0000, 0x0000
	.2byte 0x0000, 0x0000, 0x0000, 0x0000, 0x0000, 0x0000, 0x0000, 0x0000
	.2byte 0x0000, 0x0000, 0x0000, 0x0000, 0x0000, 0x0000, 0x0000, 0x0000
	.2byte 0x0000, 0x0000, 0x0000, 0x0000, 0x0000, 0x0000, 0x0000, 0x0000
	.2byte 0xDDDD, 0xDDDD, 0xDDDD, 0xDDDD, 0xDDDD, 0xDDDD, 0xDDDD, 0xDDDD
	.2byte 0xDDDD, 0xDDDD, 0xDDDD, 0xDDDD, 0xDDDD, 0xDDDD, 0xDDDD, 0xDDDD
	.2byte 0xCCCC, 0xCCCC, 0xCCCC, 0xCCCC, 0xCCCC, 0xCCCC, 0xCCCC, 0xCCCC
	.2byte 0xCCCC, 0xCCCC, 0xCCCC, 0xCCCC, 0xCCCC, 0xCCCC, 0xCCCC, 0xCCCC
	.2byte 0x0000, 0x0000, 0x0000, 0x0000, 0x0000, 0x0000, 0x0000, 0x0000
	.2byte 0x0000, 0x0000, 0x0000, 0x0000, 0x0000, 0xE000, 0x0000, 0xE000
	.2byte 0xEE00, 0xDDDE, 0xEE00, 0xDDDD, 0xEEE0, 0xDDDD, 0xDEE0, 0xDDDD
	.2byte 0xDEEE, 0xDDDD, 0xDDEE, 0xEDDD, 0xDDEE, 0xEDDD, 0xDDDE, 0xEEDD
	.2byte 0xEEDD, 0x0000, 0x0EED, 0x0000, 0x0EED, 0x0000, 0x00EE, 0x0000
	.2byte 0x00EE, 0x0000, 0x000E, 0x0000, 0x000E, 0x0000, 0x0000, 0x0000
	.2byte 0x0000, 0x0000, 0x0000, 0x0000, 0x0000, 0x0000, 0x0000, 0x0000
	.2byte 0x0000, 0x0000, 0x0000, 0x0000, 0x0000, 0xE000, 0x0000, 0xEE00
	.2byte 0x0000, 0x0000, 0x0000, 0x0000, 0x0000, 0xEE00, 0x0000, 0xEEEE
	.2byte 0xEE00, 0xDDEE, 0xEEE0, 0xDDDD, 0xDDEE, 0xDDDD, 0xDDDE, 0xDDDD
	.2byte 0x0000, 0xEE00, 0xEEE0, 0xEEEE, 0xEEEE, 0xDDEE, 0xDDDE, 0xDDDD
	.2byte 0xDDDD, 0xDDDD, 0xDDDD, 0xDDDD, 0xDDDD, 0xEEDD, 0xEEED, 0xEEEE
	.2byte 0xEEEE, 0xEEEE, 0xEEEE, 0xEEEE, 0xDDDD, 0xDDDD, 0xDDDD, 0xDDDD
	.2byte 0xDDDD, 0xDDDD, 0xDDDD, 0xDDDD, 0xEEEE, 0xEEEE, 0xEEEE, 0xEEEE
	.2byte 0x0000, 0x0000, 0x0000, 0x0000, 0x00EE, 0x0000, 0xEEEE, 0x0000
	.2byte 0xEEDD, 0x00EE, 0xDDDD, 0x0EEE, 0xDDDD, 0xEEDD, 0xDDDD, 0xEDDD
	.2byte 0x0000, 0x0000, 0x0000, 0x0000, 0x0000, 0x0000, 0x0000, 0x0000
	.2byte 0x0000, 0x0000, 0x0000, 0x0000, 0x000E, 0x0000, 0x00EE, 0x0000
	.2byte 0x0000, 0x0000, 0x0000, 0x0000, 0x0000, 0x0000, 0x0000, 0x0000
	.2byte 0x0000, 0x0000, 0x0000, 0x0000, 0x0000, 0x0000, 0x0000, 0x0000
	.2byte 0x0000, 0x0000, 0x0000, 0x0000, 0x00EE, 0x0000, 0xEEEE, 0x0000
	.2byte 0xEEDD, 0x00EE, 0xDDDD, 0x0EEE, 0xDDDD, 0xEEDD, 0xDDDD, 0xEDDD
	.2byte 0x0000, 0x0000, 0x0000, 0x0000, 0x0000, 0x0000, 0x0000, 0x0000
	.2byte 0x0000, 0x0000, 0x0000, 0x0000, 0x000E, 0x0000, 0x00EE, 0x0000
	.2byte 0x0000, 0x0000, 0x0000, 0x0000, 0x0000, 0x0000, 0x0000, 0x0000
	.2byte 0x0000, 0x0000, 0x0000, 0x0000, 0x0000, 0x0000, 0x0000, 0x0000
	.2byte 0xFFFF, 0x22FF, 0xFFFF, 0x22FF, 0xFFFF, 0x22FF, 0xFFFF, 0x22FF
	.2byte 0xFFFF, 0x22FF, 0xFFFF, 0x22FF, 0xFFFF, 0x22FF, 0xFFFF, 0x22FF
	.2byte 0x0000, 0x0000, 0x0000, 0x0000, 0x0000, 0x0000, 0x0000, 0x0000
	.2byte 0x0000, 0x0000, 0x0000, 0x0000, 0x0000, 0x0000, 0x0000, 0x0000
	.2byte 0x00EE, 0x0000, 0x00EE, 0x0000, 0x00EE, 0x0000, 0x00EE, 0x0000
	.2byte 0x00EE, 0x0000, 0x00EE, 0x0000, 0x00EE, 0x0000, 0x00EE, 0x0000
	.2byte 0x0000, 0xE000, 0x0000, 0xEE00, 0x0000, 0xEE00, 0x0000, 0xEEE0
	.2byte 0x0000, 0xDEE0, 0x0000, 0xDEEE, 0x0000, 0xDDEE, 0xE000, 0xDDEE
	.2byte 0xDDDE, 0xEEDD, 0xDDDE, 0x0EED, 0xDDDD, 0x0EED, 0xDDDD, 0x00EE
	.2byte 0xDDDD, 0x00EE, 0xEDDD, 0x000E, 0xEDDD, 0x000E, 0xEEDD, 0x0000
	.2byte 0x0000, 0x0000, 0x0000, 0x0000, 0x0000, 0x0000, 0x0000, 0x0000
	.2byte 0x0000, 0x0000, 0x0000, 0x0000, 0x0000, 0x0000, 0x0000, 0x0000
	.2byte 0x0000, 0xDEE0, 0x0000, 0xDDEE, 0xE000, 0xDDEE, 0xE000, 0xDDDE
	.2byte 0xEE00, 0xDDDD, 0xDEE0, 0xDDDD, 0xDEE0, 0xEDDD, 0xDEE0, 0xEDDD
	.2byte 0xDDDD, 0xEEDD, 0xDDDD, 0xEEEE, 0xEEDD, 0x00EE, 0xEEED, 0x0000
	.2byte 0x0EED, 0x0000, 0x00EE, 0x0000, 0x00EE, 0x0000, 0x000E, 0x0000
	.2byte 0xEEEE, 0x00EE, 0x000E, 0x0000, 0x0000, 0x0000, 0x0000, 0x0000
	.2byte 0x0000, 0x0000, 0x0000, 0x0000, 0x0000, 0x0000, 0x0000, 0x0000
	.2byte 0x0000, 0x0000, 0x0000, 0x0000, 0x0000, 0x0000, 0x0000, 0x0000
	.2byte 0x0000, 0x0000, 0x0000, 0x0000, 0x0000, 0x0000, 0x0000, 0x0000
	.2byte 0xDDEE, 0xDDDD, 0xEEEE, 0xDDDD, 0xEE00, 0xDDEE, 0x0000, 0xDEEE
	.2byte 0x0000, 0xDEE0, 0x0000, 0xEE00, 0x0000, 0xEE00, 0x0000, 0xE000
	.2byte 0x0EED, 0x0000, 0xEEDD, 0x0000, 0xEEDD, 0x000E, 0xEDDD, 0x000E
	.2byte 0xDDDD, 0x00EE, 0xDDDD, 0x0EED, 0xDDDE, 0x0EED, 0xDDDE, 0x0EED
	.2byte 0x0000, 0x0000, 0x0000, 0x0000, 0x0000, 0x0000, 0x0000, 0x0000
	.2byte 0x0000, 0x0000, 0x0000, 0x0000, 0x0000, 0x0000, 0x0000, 0x0000
	.2byte 0xDDEE, 0xDDDD, 0xEEEE, 0xDDDD, 0xEE00, 0xDDEE, 0x0000, 0xDEEE
	.2byte 0x0000, 0xDEE0, 0x0000, 0xEE00, 0x0000, 0xEE00, 0x0000, 0xE000
	.2byte 0x0EED, 0x0000, 0xEEDD, 0x0000, 0xEEDD, 0x000E, 0xEDDD, 0x000E
	.2byte 0xDDDD, 0x00EE, 0xDDDD, 0x0EED, 0xDDDE, 0x0EED, 0xDDDE, 0x0EED
	.2byte 0x0000, 0x0000, 0x0000, 0x0000, 0x0000, 0x0000, 0x0000, 0x0000
	.2byte 0x0000, 0x0000, 0x0000, 0x0000, 0x0000, 0x0000, 0x0000, 0x0000
	.2byte 0xFFFF, 0x23FF, 0xFFFF, 0x33FF, 0xFFFF, 0x33FF, 0xFFFF, 0x33FF
	.2byte 0xFFFF, 0x33FF, 0xFFFF, 0x33FF, 0xFFFF, 0x33FF, 0xFFFF, 0x33FF
	.2byte 0x0000, 0x0000, 0x0000, 0x0000, 0x0000, 0x0000, 0x0000, 0x0000
	.2byte 0x0000, 0x0000, 0x0000, 0x0000, 0x0000, 0x0000, 0x0000, 0x0000
	.2byte 0x0000, 0x0000, 0x0000, 0x0000, 0x0000, 0x0000, 0x0000, 0x0000
	.2byte 0x0000, 0x0000, 0x0000, 0x0000, 0x0000, 0x0000, 0x0000, 0x0000
	.2byte 0xE000, 0xDDDE, 0xEE00, 0xDDDE, 0xEE00, 0xDDDD, 0xEEE0, 0xDDDD
	.2byte 0xDEE0, 0xDDDD, 0xDEEE, 0xEDDD, 0xDDEE, 0xEDDD, 0xDDEE, 0xEEDD
	.2byte 0xEEDD, 0x0000, 0x0EED, 0x0000, 0x0EED, 0x0000, 0x00EE, 0x0000
	.2byte 0x00EE, 0x0000, 0x000E, 0x0000, 0x000E, 0x0000, 0x0000, 0x0000
	.2byte 0xEEEE, 0xEEEE, 0xEEEE, 0xEEEE, 0xDDDD, 0xDDDD, 0xDDDD, 0xDDDD
	.2byte 0xDDDD, 0xDDDD, 0xDDDD, 0xDDDD, 0xEEEE, 0xEEEE, 0xEEEE, 0xEEEE
	.2byte 0xDDEE, 0xEEDD, 0xDDEE, 0xEEDD, 0xDDDD, 0xEEDD, 0xDDDD, 0xEEDD
	.2byte 0xDDDD, 0xEEDD, 0xDDDD, 0xEEDD, 0xDDEE, 0xEEDD, 0xDDEE, 0xEEDD
	.2byte 0x000E, 0x0000, 0x0000, 0x0000, 0x0000, 0x0000, 0x0000, 0x0000
	.2byte 0x0000, 0x0000, 0x0000, 0x0000, 0x0000, 0x0000, 0x0000, 0x0000
	.2byte 0x11FF, 0x1111, 0x1111, 0x1111, 0x8811, 0x8888, 0x8888, 0x8888
	.2byte 0x8888, 0x8888, 0x8888, 0x8888, 0xC888, 0xCCCC, 0xCCCC, 0xCCCC
	.2byte 0xCCCC, 0x888C, 0xCCCC, 0x8888, 0xCCCC, 0x8888, 0x8CCC, 0x8888
	.2byte 0x88CC, 0x8888, 0x888C, 0x1888, 0x8888, 0x1888, 0x8888, 0x1188
	.2byte 0x1188, 0xFFFF, 0x1188, 0xFFFF, 0xF118, 0xFFFF, 0xFF11, 0xFFFF
	.2byte 0xFF11, 0xFFFF, 0xFFF1, 0xFFFF, 0xFFF1, 0xFFFF, 0xFF77, 0xFFFF
	.2byte 0xDDEE, 0xEEDD, 0xDDEE, 0xEEDD, 0xDDEE, 0xDDDD, 0xDDEE, 0xDDDD
	.2byte 0xDDEE, 0xDDDD, 0xDDEE, 0xDDDD, 0xDDEE, 0xEEDD, 0xDDEE, 0xEEDD
	.2byte 0xEEEE, 0xEEEE, 0xEEEE, 0xEEEE, 0xDDDD, 0xDDDD, 0xDDDD, 0xDDDD
	.2byte 0xDDDD, 0xDDDD, 0xDDDD, 0xDDDD, 0xEEEE, 0xEEEE, 0xEEEE, 0xEEEE
	.2byte 0x0000, 0xE000, 0x0000, 0x0000, 0x0000, 0x0000, 0x0000, 0x0000
	.2byte 0x0000, 0x0000, 0x0000, 0x0000, 0x0000, 0x0000, 0x0000, 0x0000
	.2byte 0xDDEE, 0xEEDD, 0xDDEE, 0xEEDD, 0xDDEE, 0xDDDD, 0xDDEE, 0xDDDD
	.2byte 0xDDEE, 0xDDDD, 0xDDEE, 0xDDDD, 0xDDEE, 0xEEDD, 0xDDEE, 0xEEDD
	.2byte 0xEEEE, 0xEEEE, 0xEEEE, 0xEEEE, 0xDDDD, 0xDDDD, 0xDDDD, 0xDDDD
	.2byte 0xDDDD, 0xDDDD, 0xDDDD, 0xDDDD, 0xEEEE, 0xEEEE, 0xEEEE, 0xEEEE
	.2byte 0xFFFF, 0x34FF, 0xFFFF, 0x44FF, 0xFFFF, 0x44FF, 0xFFFF, 0x44FF
	.2byte 0xFFFF, 0x44FF, 0xFFFF, 0x44FF, 0xFFFF, 0x44FF, 0xFFFF, 0x44FF
	.2byte 0x0000, 0x0000, 0x0000, 0x0000, 0x0000, 0x0000, 0x0000, 0x0000
	.2byte 0x0000, 0x0000, 0x0000, 0x0000, 0x0000, 0x0000, 0x0000, 0x0000
	.2byte 0xEEEE, 0xEEEE, 0xEEEE, 0xEEEE, 0xDDDD, 0xDDDD, 0xDDDD, 0xDDDD
	.2byte 0xDDDD, 0xDDDD, 0xDDDD, 0xDDDD, 0xEEEE, 0xEEEE, 0xEEEE, 0xEEEE
	.2byte 0xDDDE, 0xEEDD, 0xDDDE, 0x0EED, 0xDDDD, 0x0EED, 0xDDDD, 0x00ED
	.2byte 0xDDDD, 0x00ED, 0xDDDD, 0x0EED, 0xDDDE, 0x0EED, 0xDDDE, 0xEEDD
	.2byte 0x0000, 0x0000, 0x0000, 0x0000, 0x0000, 0x0000, 0x0000, 0x0000
	.2byte 0x0000, 0x0000, 0x0000, 0x0000, 0x0000, 0x0000, 0x0000, 0x0000
	.2byte 0x0000, 0x0000, 0x0000, 0x0000, 0x0000, 0x0000, 0x0000, 0x0000
	.2byte 0x0000, 0x0000, 0x0000, 0x0000, 0x0000, 0x0000, 0x0000, 0x0000
	.2byte 0x0000, 0x0000, 0x0000, 0x0000, 0x0000, 0x0000, 0x0000, 0x0000
	.2byte 0x0000, 0x0000, 0x0000, 0x0000, 0x0000, 0x0000, 0x0000, 0x0000
	.2byte 0x0000, 0x0000, 0x0000, 0x0000, 0x0000, 0x0000, 0x0000, 0x0000
	.2byte 0x0000, 0x0000, 0x0000, 0x0000, 0x0000, 0x0000, 0x0000, 0x0000
	.2byte 0x0000, 0x0000, 0x0000, 0x0000, 0x0000, 0x0000, 0x0000, 0x0000
	.2byte 0x0000, 0x0000, 0x0000, 0x0000, 0x0000, 0x0000, 0x0000, 0x0000
	.2byte 0x8888, 0x7118, 0x8888, 0x7F11, 0x1888, 0xFFF1, 0x1188, 0xFFFF
	.2byte 0xF118, 0xFFFF, 0xFF11, 0xFFFF, 0xFFF1, 0xFFFF, 0xFFFF, 0xFFFF
	.2byte 0xF777, 0xFFFF, 0x7777, 0xFFFF, 0x7777, 0xFFF7, 0x777F, 0xFF77
	.2byte 0x77FF, 0xF777, 0x7FFF, 0x7777, 0xFFFF, 0x7777, 0xFFFF, 0x777F
	.2byte 0xFFFF, 0xFFFF, 0xFFFF, 0xFFFF, 0xFFFF, 0xFFFF, 0xFFFF, 0xFFFF
	.2byte 0xFFFF, 0xFFFF, 0xFFFF, 0xFFFF, 0xFFF7, 0xFFFF, 0xFF77, 0xFFFF
	.2byte 0x0000, 0x0000, 0x0000, 0x0000, 0x0000, 0x0000, 0x0000, 0x0000
	.2byte 0x0000, 0x0000, 0x0000, 0x0000, 0x0000, 0xE000, 0x0000, 0xEE00
	.2byte 0x0000, 0x0000, 0x0000, 0x0000, 0x0000, 0xEE00, 0x0000, 0xEEEE
	.2byte 0xEE00, 0xDDEE, 0xEEE0, 0xDDDD, 0xDDEE, 0xDDDD, 0xDDDE, 0xDDDD
	.2byte 0x0000, 0xEE00, 0xEEE0, 0xEEEE, 0xEEEE, 0xDDEE, 0xDDDE, 0xDDDD
	.2byte 0xDDDD, 0xDDDD, 0xDDDD, 0xDDDD, 0xDDDD, 0xEEDD, 0xEEED, 0xEEEE
	.2byte 0xEEEE, 0xEEEE, 0xEEEE, 0xEEEE, 0xDDDD, 0xDDDD, 0xDDDD, 0xDDDD
	.2byte 0xDDDD, 0xDDDD, 0xDDDD, 0xDDDD, 0xEEEE, 0xEEEE, 0xEEEE, 0xEEEE
	.2byte 0xFFFF, 0x45FF, 0xFFFF, 0x55FF, 0xFFFF, 0x55FF, 0xFFFF, 0x55FF
	.2byte 0xFFFF, 0x55FF, 0xFFFF, 0x55FF, 0xFFFF, 0x55FF, 0xFFFF, 0x55FF
	.2byte 0x0000, 0x0000, 0x0000, 0x0000, 0x0000, 0x0000, 0x0000, 0x0000
	.2byte 0x0000, 0x0000, 0x0000, 0x0000, 0x0000, 0x0000, 0x0000, 0x0000
	.2byte 0xFFFF, 0xFFFF, 0xFFFF, 0xFFFF, 0xFFFF, 0xFFFF, 0xFFFF, 0xFFFF
	.2byte 0xFFFF, 0xFFFF, 0xFFFF, 0xFFFF, 0xFFFF, 0xFFFF, 0xFFFF, 0xFFFF
	.2byte 0xFFFF, 0xFFFF, 0xFFFF, 0xFFFF, 0xFFFF, 0xFFFF, 0xFFFF, 0xFFFF
	.2byte 0xFFFF, 0xFFFF, 0xFFFF, 0xFFFF, 0xFFFF, 0xFFFF, 0xFFFF, 0xFFFF
	.2byte 0xFFFF, 0xFFFF, 0xFFFF, 0xFFFF, 0xFFFF, 0xFFFF, 0xFFFF, 0xFFFF
	.2byte 0xFFFF, 0x11FF, 0xFFFF, 0x111F, 0x1FFF, 0x9911, 0x111F, 0x9991
	.2byte 0xFFFF, 0xFFFF, 0xFFFF, 0x11FF, 0x1FFF, 0x1111, 0x1111, 0x8811
	.2byte 0x9111, 0x8899, 0x9999, 0x8999, 0x9999, 0x8999, 0x9999, 0xC999
	.2byte 0xAA11, 0xCCAA, 0xAA11, 0xCC9A, 0x9911, 0xCC99, 0x9911, 0xCC99
	.2byte 0x9911, 0xCC99, 0x9911, 0xC999, 0x911F, 0xC999, 0x911F, 0xC999
	.2byte 0xCCCC, 0xCCCC, 0xCCCC, 0xCCCC, 0xCCCC, 0xCCCC, 0xCCCC, 0xCCCC
	.2byte 0xCCCC, 0xCCCC, 0xCCCC, 0xCCCC, 0xCCCC, 0xCCCC, 0xCCCC, 0xCCCC
	.2byte 0x0000, 0x0000, 0x0000, 0x0000, 0x0000, 0x0000, 0x0000, 0x0000
	.2byte 0x0000, 0x0000, 0x0000, 0x0000, 0x0000, 0x0000, 0x0000, 0x0000
	.2byte 0x0000, 0x0000, 0x0000, 0x0000, 0x0000, 0x0000, 0x0000, 0x0000
	.2byte 0x0000, 0x0000, 0x0000, 0x0000, 0x0000, 0x0000, 0x0000, 0x0000
	.2byte 0x0000, 0x0000, 0x0000, 0x0000, 0x0000, 0x0000, 0x0000, 0x0000
	.2byte 0x0000, 0x0000, 0x0000, 0x0000, 0x0000, 0x0000, 0x0000, 0x0000
	.2byte 0x0000, 0x0000, 0x0000, 0x0000, 0x0000, 0x0000, 0x0000, 0x0000
	.2byte 0x0000, 0x0000, 0x0000, 0x0000, 0x0000, 0x0000, 0x0000, 0x0000
	.2byte 0x0000, 0xDEE0, 0x0000, 0xDDEE, 0xE000, 0xDDEE, 0xE000, 0xDDDE
	.2byte 0xEE00, 0xDDDD, 0xDEE0, 0xDDDD, 0xDEE0, 0xEDDD, 0xDEE0, 0xEDDD
	.2byte 0xDDDD, 0xEEDD, 0xDDDD, 0xEEEE, 0xEEDD, 0x00EE, 0xEEED, 0x0000
	.2byte 0x0EED, 0x0000, 0x00EE, 0x0000, 0x00EE, 0x0000, 0x000E, 0x0000
	.2byte 0xEEEE, 0x00EE, 0x000E, 0x0000, 0x0000, 0x0000, 0x0000, 0x0000
	.2byte 0x0000, 0x0000, 0x0000, 0x0000, 0x0000, 0x0000, 0x0000, 0x0000
	.2byte 0x0000, 0x0000, 0x0000, 0x0000, 0x0000, 0x0000, 0x0000, 0x0000
	.2byte 0x0000, 0x0000, 0x0000, 0x0000, 0x0000, 0x0000, 0x0000, 0x0000
	.2byte 0xFFFF, 0x56FF, 0xFFFF, 0x66FF, 0xFFFF, 0x66FF, 0xFFFF, 0x66FF
	.2byte 0xFFFF, 0x66FF, 0xFFFF, 0x66FF, 0xFFFF, 0x66FF, 0xFFFF, 0x66FF
	.2byte 0x0000, 0x0000, 0x0000, 0x0000, 0x0000, 0x0000, 0x0000, 0x0000
	.2byte 0x0000, 0x0000, 0x0000, 0x0000, 0x0000, 0x0000, 0x0000, 0x0000
	.2byte 0xFFFF, 0xFFFF, 0xFFFF, 0xFFFF, 0xFFFF, 0xFFFF, 0xFFFF, 0xFFFF
	.2byte 0xFFFF, 0xFFFF, 0xFFFF, 0xFFFF, 0xFFFF, 0xFFFF, 0xFFFF, 0xFFFF
	.2byte 0xFFFF, 0xFFFF, 0xFFFF, 0x1FFF, 0xFFFF, 0x11FF, 0xFFFF, 0xA11F
	.2byte 0xFFFF, 0xAA11, 0x1FFF, 0xAAA1, 0x11FF, 0xAAAA, 0xB11F, 0xAAAB
	.2byte 0xA111, 0x9999, 0xAAA1, 0x999A, 0xAAAA, 0x99AA, 0xAAAA, 0xCAAA
	.2byte 0xAAAA, 0xCCCA, 0xAAAA, 0xCCCC, 0xCAAA, 0xCCCC, 0xCCAA, 0xCCCC
	.2byte 0x9999, 0xCCCC, 0xCC99, 0xCCCC, 0xCCCC, 0xCCCC, 0xCCCC, 0xCCCC
	.2byte 0xCCCC, 0xCCCC, 0xCCCC, 0xCCCC, 0xCCCC, 0xCCCC, 0xCCCC, 0xCCCC
	.2byte 0x911F, 0xC999, 0x911F, 0x9999, 0x11FF, 0x9999, 0x11FF, 0x9999
	.2byte 0x11FF, 0x8999, 0x1FFF, 0x8891, 0x1FFF, 0x8881, 0x1FFF, 0x8881
	.2byte 0xCCCC, 0xCCCC, 0xCCCC, 0xCCCC, 0xCCCC, 0xCCCC, 0xCCCC, 0xCCCC
	.2byte 0xCCC8, 0xCCCC, 0xCCC8, 0xCCCC, 0xCC88, 0xCCCC, 0xCC88, 0xCCCC
	.2byte 0x0000, 0x0000, 0x0000, 0x0000, 0x0000, 0x0000, 0x0000, 0x0000
	.2byte 0x0000, 0x0000, 0x0000, 0x0000, 0x0000, 0x0000, 0x0000, 0x0000
	.2byte 0x0000, 0x0000, 0x0000, 0x0000, 0x0000, 0x0000, 0x0000, 0x0000
	.2byte 0x0000, 0x0000, 0x0000, 0x0000, 0x0000, 0x0000, 0x0000, 0x0000
	.2byte 0x0000, 0x0000, 0x0000, 0x0000, 0x0000, 0x0000, 0x0000, 0x0000
	.2byte 0x0000, 0x0000, 0x0000, 0x0000, 0x0000, 0x0000, 0x0000, 0x0000
	.2byte 0xEEEE, 0xEEEE, 0xEEEE, 0xEEEE, 0xDDDD, 0xDDDD, 0xDDDD, 0xDDDD
	.2byte 0xDDDD, 0xDDDD, 0xDDDD, 0xDDDD, 0xEEEE, 0xEEEE, 0xEEEE, 0xEEEE
	.2byte 0xDDEE, 0xEEDD, 0xDDEE, 0xEEDD, 0xDDDD, 0xEEDD, 0xDDDD, 0xEEDD
	.2byte 0xDDDD, 0xEEDD, 0xDDDD, 0xEEDD, 0xDDEE, 0xEEDD, 0xDDEE, 0xEEDD
	.2byte 0x000E, 0x0000, 0x0000, 0x0000, 0x0000, 0x0000, 0x0000, 0x0000
	.2byte 0x0000, 0x0000, 0x0000, 0x0000, 0x0000, 0x0000, 0x0000, 0x0000
	.2byte 0x0000, 0x0000, 0x0000, 0x0000, 0x0000, 0x0000, 0x0000, 0x0000
	.2byte 0x0000, 0x0000, 0x0000, 0x0000, 0x0000, 0x0000, 0x0000, 0x0000
	.2byte 0x0000, 0x0000, 0x0000, 0x0000, 0x0000, 0x0000, 0x0000, 0x0000
	.2byte 0x0000, 0x0000, 0x0000, 0x0000, 0x0000, 0x0000, 0x0000, 0x0000
	.2byte 0xFFFF, 0x67FF, 0xFFFF, 0x77FF, 0xFFFF, 0x77FF, 0xFFFF, 0x77FF
	.2byte 0xFFFF, 0x77FF, 0xFFFF, 0x77FF, 0xFFFF, 0x77FF, 0xFFFF, 0x77FF
	.2byte 0x0000, 0x0000, 0x0000, 0x0000, 0x0000, 0x0000, 0x0000, 0x0000
	.2byte 0x0000, 0x0000, 0x0000, 0x0000, 0x0000, 0x0000, 0x0000, 0x0000
	.2byte 0xFFFF, 0xFFFF, 0xFFFF, 0x1FFF, 0xFFFF, 0x1FFF, 0xFFFF, 0x11FF
	.2byte 0xFFFF, 0x11FF, 0xFFFF, 0xB11F, 0xFFFF, 0xBB11, 0xFFFF, 0xBB11
	.2byte 0xBB11, 0xAABB, 0xBBB1, 0xABBB, 0xBBB1, 0xCBBB, 0xBBBB, 0xCCBB
	.2byte 0xBBBB, 0xCCCB, 0xBBBB, 0xCCCC, 0xBBBB, 0xCCCC, 0xCBBB, 0xCCCC
	.2byte 0xCCCA, 0xCCCC, 0xCCCC, 0xCCCC, 0xCCCC, 0xCCCC, 0xCCCC, 0xCCCC
	.2byte 0xCCCC, 0xCCCC, 0xCCCC, 0xCCCC, 0xCCCC, 0xCCCC, 0xCCCC, 0xCCCC
	.2byte 0xCCCC, 0xCCCC, 0xCCCC, 0xCCCC, 0xCCCC, 0xCCCC, 0xCCCC, 0xCCCC
	.2byte 0xCCCC, 0xCCCC, 0xCCCC, 0xCCCC, 0xCCCC, 0xCCCC, 0xCCCC, 0xCCCC
	.2byte 0x0000, 0x0000, 0x0000, 0x0000, 0x0000, 0x0000, 0x0000, 0x0000
	.2byte 0x0000, 0x0000, 0x0000, 0x0000, 0x0000, 0x0000, 0x0000, 0x0000
	.2byte 0x0000, 0x0000, 0x0000, 0x0000, 0x0000, 0x0000, 0x0000, 0x0000
	.2byte 0x0000, 0x0000, 0x0000, 0x0000, 0x0000, 0x0000, 0x0000, 0x0000
	.2byte 0xCCCC, 0xCCCC, 0xCCCC, 0xCCCC, 0xCCCC, 0xCCCC, 0xCCCC, 0xCCCC
	.2byte 0xCCCC, 0xCCCC, 0xCCCC, 0xCCCC, 0xCCCC, 0xCCCC, 0xCCC8, 0xCCCC
	.2byte 0xCCCC, 0xCCCC, 0xCCCC, 0xCCCC, 0xCCCC, 0xCCCC, 0xCCCC, 0xCCCC
	.2byte 0xCCCC, 0xCCCC, 0xCCCC, 0xCCCC, 0xCCCC, 0xCCCC, 0xCCCC, 0xCCCC
	.2byte 0xCCCC, 0xCCCC, 0xCCCC, 0xCCCC, 0xCCCC, 0xCCCC, 0xCCCC, 0xCCCC
	.2byte 0xCCCC, 0xCCCC, 0xCCCC, 0xCCCC, 0xCCCC, 0xCCCC, 0xCCCC, 0xCCCC
	.2byte 0x0000, 0x0000, 0x0000, 0x0000, 0x0000, 0x0000, 0x0000, 0x0000
	.2byte 0x0000, 0x0000, 0x0000, 0x0000, 0x0000, 0x0000, 0x0000, 0x0000
	.2byte 0x0000, 0x0000, 0x0000, 0x0000, 0x0000, 0x0000, 0x0000, 0x0000
	.2byte 0x0000, 0x0000, 0x0000, 0x0000, 0x0000, 0x0000, 0x0000, 0x0000
	.2byte 0xFFFF, 0xFFFF, 0xFFFF, 0xFFFF, 0xFFFF, 0xFFFF, 0xFFFF, 0xFFFF
	.2byte 0xFFFF, 0xFFFF, 0xFFFF, 0xFFFF, 0xFFF7, 0xFFFF, 0xFF77, 0xFFFF
	.2byte 0xFFFF, 0x55FF, 0xFFFF, 0x5FFF, 0xFFFF, 0xFFFF, 0xFFFF, 0xFFFF
	.2byte 0xFFFF, 0xFFFF, 0xFFFF, 0xFFFF, 0xFFFF, 0xFFFF, 0xFFFF, 0xFFFF
	.2byte 0xF444, 0xFFFF, 0x4444, 0xFFFF, 0x4444, 0xFFF4, 0x444F, 0xFF44
	.2byte 0x44FF, 0xF444, 0x4FFF, 0x4444, 0xFFFF, 0x4444, 0xFFFF, 0x444F
	.2byte 0xFFFF, 0xFFFF, 0xFFFF, 0xFFFF, 0xFFFF, 0xFFFF, 0xFFFF, 0xFFFF
	.2byte 0xFFFF, 0xFFFF, 0xFFFF, 0xFFFF, 0xFFF4, 0xFFFF, 0xFF44, 0xFFFF
	.2byte 0x0000, 0x0000, 0x0000, 0x0000, 0x0000, 0x0000, 0x0000, 0x0000
	.2byte 0x0000, 0x0000, 0x0000, 0x0000, 0x0000, 0x0000, 0x0000, 0x0000
	.2byte 0x1FFF, 0xBBB1, 0x1FFF, 0xBBB1, 0x1FFF, 0xBBB1, 0x11FF, 0xBBBB
	.2byte 0x11FF, 0xBBBB, 0x11FF, 0xBBBB, 0xA11F, 0xAAAA, 0xA11F, 0xCAAA
	.2byte 0xCCBB, 0xCCCC, 0xCCBB, 0xCCCC, 0xCCCB, 0xCCCC, 0xCCCB, 0xCCCC
	.2byte 0xCCCC, 0xCCCC, 0xCCCC, 0xCCCC, 0xCCCC, 0xCCCC, 0xCCCC, 0xCCCC
	.2byte 0xCCCC, 0xCCCC, 0xCCCC, 0xCCCC, 0xCCCC, 0xCCCC, 0xCCCC, 0xCCCC
	.2byte 0xCCCC, 0xCCCC, 0xCCCC, 0xCCCC, 0xCCCC, 0xCCCC, 0xCCCC, 0xCCCC
	.2byte 0xCCCC, 0xCCCC, 0xCCCC, 0xCCCC, 0xCCCC, 0xCCCC, 0xCCCC, 0xCCCC
	.2byte 0xCCCC, 0xCCCC, 0xCCCC, 0xCCCC, 0xCCCC, 0xCCCC, 0xCCCC, 0xCCCC
	.2byte 0x0000, 0x0000, 0x0000, 0x0000, 0x0000, 0x0000, 0x0000, 0x0000
	.2byte 0x0000, 0x0000, 0x0000, 0x0000, 0x0000, 0x0000, 0x0000, 0x0000
	.2byte 0x0000, 0x0000, 0x0000, 0x0000, 0x0000, 0x0000, 0x0000, 0x0000
	.2byte 0x0000, 0x0000, 0x0000, 0x0000, 0x0000, 0x0000, 0x0000, 0x0000
	.2byte 0xCC88, 0xCCCC, 0xC888, 0xCCCC, 0x9888, 0xCCCC, 0x9988, 0xCCC9
	.2byte 0x9988, 0xC999, 0x9998, 0x9999, 0x9991, 0x9999, 0x9111, 0x9999
	.2byte 0xCCCC, 0xCCCC, 0xCCCC, 0xCCCC, 0xCCCC, 0xCCCC, 0xCCCC, 0xCCCC
	.2byte 0xCCCC, 0xCCCC, 0xCCCC, 0xCCCC, 0xCC99, 0xCCCC, 0xA999, 0xCCCC
	.2byte 0xCCCC, 0xCCCC, 0xCCCC, 0xCCCC, 0xCCCC, 0xCCCC, 0xCCCC, 0xCCCC
	.2byte 0xCCCC, 0xCCCC, 0xCCCC, 0xCCCC, 0xCCCC, 0xCCCC, 0xCCCC, 0xCCCC
	.2byte 0xFFFF, 0x77FF, 0xFFFF, 0x7FFF, 0xFFFF, 0xFFFF, 0xFFFF, 0xFFFF
	.2byte 0xFFFF, 0xFFFF, 0xFFFF, 0xFFFF, 0xFFFF, 0xFFFF, 0xFFFF, 0xFFFF
	.2byte 0xF666, 0xFFFF, 0x6666, 0xFFFF, 0x6666, 0xFFF6, 0x666F, 0xFF66
	.2byte 0x66FF, 0xF666, 0x6FFF, 0x6666, 0xFFFF, 0x6666, 0xFFFF, 0x666F
	.2byte 0xFFFF, 0xFFFF, 0xFFFF, 0xFFFF, 0xFFFF, 0xFFFF, 0xFFFF, 0xFFFF
	.2byte 0xFFFF, 0xFFFF, 0xFFFF, 0xFFFF, 0xFFF6, 0xFFFF, 0xFF66, 0xFFFF
	.2byte 0xFFFF, 0x44FF, 0xFFFF, 0x4FFF, 0xFFFF, 0xFFFF, 0xFFFF, 0xFFFF
	.2byte 0xFFFF, 0xFFFF, 0xFFFF, 0xFFFF, 0xFFFF, 0xFFFF, 0xFFFF, 0xFFFF
	.2byte 0xF333, 0xFFFF, 0x3333, 0xFFFF, 0x3333, 0xFFF3, 0x333F, 0xFF33
	.2byte 0x33FF, 0xF333, 0x3FFF, 0x3333, 0xFFFF, 0x3333, 0xFFFF, 0x333F
	.2byte 0xFFFF, 0xFFFF, 0xFFFF, 0xFFFF, 0xFFFF, 0xFFFF, 0xFFFF, 0xFFFF
	.2byte 0xFFFF, 0xFFFF, 0xFFFF, 0xFFFF, 0xFFF3, 0xFFFF, 0xFF33, 0xFFFF
	.2byte 0x0000, 0x0000, 0x0000, 0x0000, 0x0000, 0x0000, 0x0000, 0x0000
	.2byte 0x0000, 0x0000, 0x0000, 0x0000, 0x0000, 0x0000, 0x0000, 0x0000
	.2byte 0xA11F, 0xCAAA, 0xA11F, 0xCAAA, 0xAA11, 0xCAAA, 0xAA11, 0xCCAA
	.2byte 0xAA11, 0xCCAA, 0xAA11, 0xCCAA, 0xAA11, 0xCCAA, 0xAA11, 0xCCAA
	.2byte 0xCCCC, 0xCCCC, 0xCCCC, 0xCCCC, 0xCCCC, 0xCCCC, 0xCCCC, 0xCCCC
	.2byte 0xCCCC, 0xCCCC, 0xCCCC, 0xCCCC, 0xCCCC, 0xCCCC, 0xCCCC, 0xCCCC
	.2byte 0xCCCC, 0xCCCC, 0xCCCC, 0xCCCC, 0xCCCC, 0xCCCC, 0xCCCC, 0xCCCC
	.2byte 0xCCCC, 0xCCCC, 0xCCCC, 0xCCCC, 0xCCCC, 0xCCCC, 0xCCCC, 0xCCCC
	.2byte 0xCCCC, 0xCCCC, 0xCCCC, 0xCCCC, 0xCCCC, 0xCCCC, 0xCCCC, 0xCCCC
	.2byte 0xCCCC, 0xCCCC, 0xCCCC, 0xCCCC, 0xCCCC, 0xCCCC, 0xCCCC, 0xCCCC
	.2byte 0x0000, 0x0000, 0x0000, 0x0000, 0x0000, 0x0000, 0x0000, 0x0000
	.2byte 0x0000, 0x0000, 0x0000, 0x0000, 0x0000, 0x0000, 0x0000, 0x0000
	.2byte 0x0000, 0x0000, 0x0000, 0x0000, 0x0000, 0x0000, 0x0000, 0x0000
	.2byte 0x0000, 0x0000, 0x0000, 0x0000, 0x0000, 0x0000, 0x0000, 0x0000
	.2byte 0x111F, 0x9991, 0x1FFF, 0x9911, 0xFFFF, 0x111F, 0xFFFF, 0x11FF
	.2byte 0xFFFF, 0xFFFF, 0xFFFF, 0xFFFF, 0xFFFF, 0xFFFF, 0xFFFF, 0xFFFF
	.2byte 0xA999, 0xCAAA, 0xAA99, 0xAAAA, 0xAA99, 0xAAAA, 0xA111, 0xAAAA
	.2byte 0x1111, 0xAA11, 0x1FFF, 0x1111, 0xFFFF, 0x11FF, 0xFFFF, 0xFFFF
	.2byte 0xCCCC, 0xCCCC, 0xCAAA, 0xCCCC, 0xAAAA, 0xBBBB, 0xAAAA, 0xBBBB
	.2byte 0xBAAA, 0xBBBB, 0xBA11, 0xBBBB, 0x1111, 0x1111, 0x11FF, 0x1111
	.2byte 0xFFFF, 0x66FF, 0xFFFF, 0x6FFF, 0xFFFF, 0xFFFF, 0xFFFF, 0xFFFF
	.2byte 0xFFFF, 0xFFFF, 0xFFFF, 0xFFFF, 0xFFFF, 0xFFFF, 0xFFFF, 0xFFFF
	.2byte 0xF555, 0xFFFF, 0x5555, 0xFFFF, 0x5555, 0xFFF5, 0x555F, 0xFF55
	.2byte 0x55FF, 0xF555, 0x5FFF, 0x5555, 0xFFFF, 0x5555, 0xFFFF, 0x555F
	.2byte 0xFFFF, 0xFFFF, 0xFFFF, 0xFFFF, 0xFFFF, 0xFFFF, 0xFFFF, 0xFFFF
	.2byte 0xFFFF, 0xFFFF, 0xFFFF, 0xFFFF, 0xFFF5, 0xFFFF, 0xFF55, 0xFFFF
	.2byte 0xFFFF, 0x33FF, 0xFFFF, 0x3FFF, 0xFFFF, 0xFFFF, 0xFFFF, 0xFFFF
	.2byte 0xFFFF, 0xFFFF, 0xFFFF, 0xFFFF, 0xFFFF, 0xFFFF, 0xFFFF, 0xFFFF
	.2byte 0xF222, 0xFFFF, 0x2222, 0xFFFF, 0x2222, 0xFFF2, 0x222F, 0xFF22
	.2byte 0x22FF, 0xF222, 0x2FFF, 0x2222, 0xFFFF, 0x2222, 0xFFFF, 0x222F
	.2byte 0xFFFF, 0xFFFF, 0xFFFF, 0xFFFF, 0xFFFF, 0xFFFF, 0xFFFF, 0xFFFF
	.2byte 0xFFFF, 0xFFFF, 0xFFFF, 0xFFFF, 0xFFF2, 0xFFFF, 0xFF22, 0xFFFF
	.2byte 0x0000, 0x0000, 0x0000, 0x0000, 0x0000, 0x0000, 0x0000, 0x0000
	.2byte 0x0000, 0x0000, 0x0000, 0x0000, 0x0000, 0x0000, 0x0000, 0x0000
	.2byte 0x0000, 0x0000, 0x0000, 0x0000, 0x0000, 0x0000, 0x0000, 0x0000
	.2byte 0x0000, 0x0000, 0x0000, 0x0000, 0x0000, 0x0000, 0x0000, 0x0000
	.2byte 0x0000, 0x0000, 0x0000, 0x0000, 0x0000, 0x0000, 0x0000, 0x0000
	.2byte 0x0000, 0x0000, 0x0000, 0x0000, 0x0000, 0x0000, 0x0000, 0x0000
	.2byte 0x0000, 0x0000, 0x0000, 0x0000, 0x0000, 0x0000, 0x0000, 0x0000
	.2byte 0x0000, 0x0000, 0x0000, 0x0000, 0x0000, 0x0000, 0x0000, 0x0000
	.2byte 0x0000, 0x0000, 0x0000, 0x0000, 0x0000, 0x0000, 0x0000, 0x0000
	.2byte 0x0000, 0x0000, 0x0000, 0x0000, 0x0000, 0x0000, 0x0000, 0x0000
	.2byte 0x0000, 0x0000, 0x0000, 0x0000, 0x0000, 0x0000, 0x0000, 0x0000
	.2byte 0x0000, 0x0000, 0x0000, 0x0000, 0x0000, 0x0000, 0x0000, 0x0000
	.2byte 0x0000, 0x0000, 0x0000, 0x0000, 0x0000, 0x0000, 0x0000, 0x0000
	.2byte 0x0000, 0x0000, 0x0000, 0x0000, 0x0000, 0x0000, 0x0000, 0x0000
	.2byte 0x0000, 0x0000, 0x0000, 0x0000, 0x0000, 0x0000, 0x0000, 0x0000
	.2byte 0x0000, 0x0000, 0x0000, 0x0000, 0x0000, 0x0000, 0x0000, 0x0000
	.2byte 0x0000, 0x0000, 0x0000, 0x0000, 0x0000, 0x0000, 0x0000, 0x0000
	.2byte 0x0000, 0x0000, 0x0000, 0x0000, 0x0000, 0x0000, 0x0000, 0x0000
	.2byte 0x0000, 0x0000, 0x0000, 0x0000, 0x0000, 0x0000, 0x0000, 0x0000
	.2byte 0x0000, 0x0000, 0x0000, 0x0000, 0x0000, 0x0000, 0x0000, 0x0000
	.2byte 0x0000, 0x0000, 0x0000, 0x0000, 0x0000, 0x0000, 0x0000, 0x0000
	.2byte 0x0000, 0x0000, 0x0000, 0x0000, 0x0000, 0x0000, 0x0000, 0x0000
	.2byte 0x0000, 0x0000, 0x0000, 0x0000, 0x0000, 0x0000, 0x0000, 0x0000
	.2byte 0x0000, 0x0000, 0x0000, 0x0000, 0x0000, 0x0000, 0x0000, 0x0000
	.2byte 0x0000, 0x0000, 0x0000, 0x0000, 0x0000, 0x0000, 0x0000, 0x0000
	.2byte 0x0000, 0x0000, 0x0000, 0x0000, 0x0000, 0x0000, 0x0000, 0x0000
	.2byte 0x0000, 0x0000, 0x0000, 0x0000, 0x0000, 0x0000, 0x0000, 0x0000
	.2byte 0x0000, 0x0000, 0x0000, 0x0000, 0x0000, 0x0000, 0x0000, 0x0000
	.2byte 0x0000, 0x0000, 0x0000, 0x0000, 0x0000, 0x0000, 0x0000, 0x0000
	.2byte 0x0000, 0x0000, 0x0000, 0x0000, 0x0000, 0x0000, 0x0000, 0x0000
	.2byte 0x0000, 0x0000, 0x0000, 0x0000, 0x0000, 0x0000, 0x0000, 0x0000
	.2byte 0x0000, 0x0000, 0x0000, 0x0000, 0x0000, 0x0000, 0x0000, 0x0000
	.2byte 0x0000, 0x0000, 0x0000, 0x0000, 0x0000, 0x0000, 0x0000, 0x0000
	.2byte 0x0000, 0x0000, 0x0000, 0x0000, 0x0000, 0x0000, 0x0000, 0x0000
	.2byte 0x0000, 0x0000, 0x0000, 0x0000, 0x0000, 0x0000, 0x0000, 0x0000
	.2byte 0x0000, 0x0000, 0x0000, 0x0000, 0x0000, 0x0000, 0x0000, 0x0000
	.2byte 0x0000, 0x0000, 0x0000, 0x0000, 0x0000, 0x0000, 0x0000, 0x0000
	.2byte 0x0000, 0x0000, 0x0000, 0x0000, 0x0000, 0x0000, 0x0000, 0x0000
	.2byte 0x0000, 0x0000, 0x0000, 0x0000, 0x0000, 0x0000, 0x0000, 0x0000
	.2byte 0x0000, 0x0000, 0x0000, 0x0000, 0x0000, 0x0000, 0x0000, 0x0000
	.2byte 0x0000, 0x0000, 0x0000, 0x0000, 0x0000, 0x0000, 0x0000, 0x0000
	.2byte 0x0000, 0x0000, 0x0000, 0x0000, 0x0000, 0x0000, 0x0000, 0x0000
	.2byte 0x0000, 0x0000, 0x0000, 0x0000, 0x0000, 0x0000, 0x0000, 0x0000
	.2byte 0x0000, 0x0000, 0x0000, 0x0000, 0x0000, 0x0000, 0x0000, 0x0000
	.2byte 0x0000, 0x0000, 0x0000, 0x0000, 0x0000, 0x0000, 0x0000, 0x0000
	.2byte 0x0000, 0x0000, 0x0000, 0x0000, 0x0000, 0x0000, 0x0000, 0x0000
	.2byte 0x0000, 0x0000, 0x0000, 0x0000, 0x0000, 0x0000, 0x0000, 0x0000
	.2byte 0x0000, 0x0000, 0x0000, 0x0000, 0x0000, 0x0000, 0x0000, 0x0000
	.2byte 0x0000, 0x0000, 0x0000, 0x0000, 0x0000, 0x0000, 0x0000, 0x0000
	.2byte 0x0000, 0x0000, 0x0000, 0x0000, 0x0000, 0x0000, 0x0000, 0x0000
	.2byte 0x0000, 0x0000, 0x0000, 0x0000, 0x0000, 0x0000, 0x0000, 0x0000
	.2byte 0x0000, 0x0000, 0x0000, 0x0000, 0x0000, 0x0000, 0x0000, 0x0000
	.2byte 0x0000, 0x0000, 0x0000, 0x0000, 0x0000, 0x0000, 0x0000, 0x0000
	.2byte 0x0000, 0x0000, 0x0000, 0x0000, 0x0000, 0x0000, 0x0000, 0x0000
	.2byte 0x0000, 0x0000, 0x0000, 0x0000, 0x0000, 0x0000, 0x0000, 0x0000
	.2byte 0x0000, 0x0000, 0x0000, 0x0000, 0x0000, 0x0000, 0x0000, 0x0000
	.2byte 0x0000, 0x0000, 0x0000, 0x0000, 0x0000, 0x0000, 0x0000, 0x0000
	.2byte 0x0000, 0x0000, 0x0000, 0x0000, 0x0000, 0x0000, 0x0000, 0x0000
	.2byte 0x0000, 0x0000, 0x0000, 0x0000, 0x0000, 0x0000, 0x0000, 0x0000
	.2byte 0x0000, 0x0000, 0x0000, 0x0000, 0x0000, 0x0000, 0x0000, 0x0000
	.2byte 0x0000, 0x0000, 0x0000, 0x0000, 0x0000, 0x0000, 0x0000, 0x0000
	.2byte 0x0000, 0x0000, 0x0000, 0x0000, 0x0000, 0x0000, 0x0000, 0x0000
	.2byte 0x0000, 0x0000, 0x0000, 0x0000, 0x0000, 0x0000, 0x0000, 0x0000
	.2byte 0x0000, 0x0000, 0x0000, 0x0000, 0x0000, 0x0000, 0x0000, 0x0000
	.2byte 0x0000, 0x0000, 0x0000, 0x0000, 0x0000, 0x0000, 0x0000, 0x0000
	.2byte 0x0000, 0x0000, 0x0000, 0x0000, 0x0000, 0x0000, 0x0000, 0x0000
	.2byte 0x0000, 0x0000, 0x0000, 0x0000, 0x0000, 0x0000, 0x0000, 0x0000
	.2byte 0x0000, 0x0000, 0x0000, 0x0000, 0x0000, 0x0000, 0x0000, 0x0000
	.2byte 0x0000, 0x0000, 0x0000, 0x0000, 0x0000, 0x0000, 0x0000, 0x0000
	.2byte 0x0000, 0x0000, 0x0000, 0x0000, 0x0000, 0x0000, 0x0000, 0x0000
	.2byte 0x0000, 0x0000, 0x0000, 0x0000, 0x0000, 0x0000, 0x0000, 0x0000
	.2byte 0x0000, 0x0000, 0x0000, 0x0000, 0x0000, 0x0000, 0x0000, 0x0000
	.2byte 0x0000, 0x0000, 0x0000, 0x0000, 0x0000, 0x0000, 0x0000, 0x0000
	.2byte 0x0000, 0x0000, 0x0000, 0x0000, 0x0000, 0x0000, 0x0000, 0x0000
	.2byte 0x0000, 0x0000, 0x0000, 0x0000, 0x0000, 0x0000, 0x0000, 0x0000
	.2byte 0x0000, 0x0000, 0x0000, 0x0000, 0x0000, 0x0000, 0x0000, 0x0000
	.2byte 0x0000, 0x0000, 0x0000, 0x0000, 0x0000, 0x0000, 0x0000, 0x0000
	.2byte 0x0000, 0x0000, 0x0000, 0x0000, 0x0000, 0x0000, 0x0000, 0x0000
	.2byte 0x0000, 0x0000, 0x0000, 0x0000, 0x0000, 0x0000, 0x0000, 0x0000
	.2byte 0x0000, 0x0000, 0x0000, 0x0000, 0x0000, 0x0000, 0x0000, 0x0000
	.2byte 0x0000, 0x0000, 0x0000, 0x0000, 0x0000, 0x0000, 0x0000, 0x0000
	.2byte 0x0000, 0x0000, 0x0000, 0x0000, 0x0000, 0x0000, 0x0000, 0x0000
	.2byte 0x0000, 0x0000, 0x0000, 0x0000, 0x0000, 0x0000, 0x0000, 0x0000
	.2byte 0x0000, 0x0000, 0x0000, 0x0000, 0x0000, 0x0000, 0x0000, 0x0000
	.2byte 0x0000, 0x0000, 0x0000, 0x0000, 0x0000, 0x0000, 0x0000, 0x0000
	.2byte 0x0000, 0x0000, 0x0000, 0x0000, 0x0000, 0x0000, 0x0000, 0x0000
	.2byte 0x0000, 0x0000, 0x0000, 0x0000, 0x0000, 0x0000, 0x0000, 0x0000
	.2byte 0x0000, 0x0000, 0x0000, 0x0000, 0x0000, 0x0000, 0x0000, 0x0000
	.2byte 0x0000, 0x0000, 0x0000, 0x0000, 0x0000, 0x0000, 0x0000, 0x0000
	.2byte 0x0000, 0x0000, 0x0000, 0x0000, 0x0000, 0x0000, 0x0000, 0x0000
	.2byte 0x0000, 0x0000, 0x0000, 0x0000, 0x0000, 0x0000, 0x0000, 0x0000
	.2byte 0x0000, 0x0000, 0x0000, 0x0000, 0x0000, 0x0000, 0x0000, 0x0000
	.2byte 0x0000, 0x0000, 0x0000, 0x0000, 0x0000, 0x0000, 0x0000, 0x0000
	.2byte 0x0000, 0x0000, 0x0000, 0x0000, 0x0000, 0x0000, 0x0000, 0x0000
	.2byte 0x0000, 0x0000, 0x0000, 0x0000, 0x0000, 0x0000, 0x0000, 0x0000
	.2byte 0x0000, 0x0000, 0x0000, 0x0000, 0x0000, 0x0000, 0x0000, 0x0000
	.2byte 0x0000, 0x0000, 0x0000, 0x0000, 0x0000, 0x0000, 0x0000, 0x0000
	.2byte 0x0000, 0x0000, 0x0000, 0x0000, 0x0000, 0x0000, 0x0000, 0x0000
	.2byte 0x0000, 0x0000, 0x0000, 0x0000, 0x0000, 0x0000, 0x0000, 0x0000
	.2byte 0x0000, 0x0000, 0x0000, 0x0000, 0x0000, 0x0000, 0x0000, 0x0000
	.2byte 0x0000, 0x0000, 0x0000, 0x0000, 0x0000, 0x0000, 0x0000, 0x0000
	.2byte 0x0000, 0x0000, 0x0000, 0x0000, 0x0000, 0x0000, 0x0000, 0x0000
	.2byte 0x0000, 0x0000, 0x0000, 0x0000, 0x0000, 0x0000, 0x0000, 0x0000
	.2byte 0x0000, 0x0000, 0x0000, 0x0000, 0x0000, 0x0000, 0x0000, 0x0000
	.2byte 0x0000, 0x0000, 0x0000, 0x0000, 0x0000, 0x0000, 0x0000, 0x0000
	.2byte 0x0000, 0x0000, 0x0000, 0x0000, 0x0000, 0x0000, 0x0000, 0x0000
	.2byte 0x0000, 0x0000, 0x0000, 0x0000, 0x0000, 0x0000, 0x0000, 0x0000
	.2byte 0x0000, 0x0000, 0x0000, 0x0000, 0x0000, 0x0000, 0x0000, 0x0000
	.2byte 0x0000, 0x0000, 0x0000, 0x0000, 0x0000, 0x0000, 0x0000, 0x0000
	.2byte 0x0000, 0x0000, 0x0000, 0x0000, 0x0000, 0x0000, 0x0000, 0x0000
	.2byte 0x0000, 0x0000, 0x0000, 0x0000, 0x0000, 0x0000, 0x0000, 0x0000
	.2byte 0x0000, 0x0000, 0x0000, 0x0000, 0x0000, 0x0000, 0x0000, 0x0000
	.2byte 0x0000, 0x0000, 0x0000, 0x0000, 0x0000, 0x0000, 0x0000, 0x0000
	.2byte 0x0000, 0x0000, 0x0000, 0x0000, 0x0000, 0x0000, 0x0000, 0x0000
	.2byte 0x0000, 0x0000, 0x0000, 0x0000, 0x0000, 0x0000, 0x0000, 0x0000
	.2byte 0x0000, 0x0000, 0x0000, 0x0000, 0x0000, 0x0000, 0x0000, 0x0000
	.2byte 0x0000, 0x0000, 0x0000, 0x0000, 0x0000, 0x0000, 0x0000, 0x0000
	.2byte 0x0000, 0x0000, 0x0000, 0x0000, 0x0000, 0x0000, 0x0000, 0x0000
	.2byte 0x0000, 0x0000, 0x0000, 0x0000, 0x0000, 0x0000, 0x0000, 0x0000
	.2byte 0x0000, 0x0000, 0x0000, 0x0000, 0x0000, 0x0000, 0x0000, 0x0000
	.2byte 0x0000, 0x0000, 0x0000, 0x0000, 0x0000, 0x0000, 0x0000, 0x0000
	.2byte 0x0000, 0x0000, 0x0000, 0x0000, 0x0000, 0x0000, 0x0000, 0x0000
	.2byte 0x0000, 0x0000, 0x0000, 0x0000, 0x0000, 0x0000, 0x0000, 0x0000
	.2byte 0x0000, 0x0000, 0x0000, 0x0000, 0x0000, 0x0000, 0x0000, 0x0000
	.2byte 0x0000, 0x0000, 0x0000, 0x0000, 0x0000, 0x0000, 0x0000, 0x0000
	.2byte 0x0000, 0x0000, 0x0000, 0x0000, 0x0000, 0x0000, 0x0000, 0x0000
	.2byte 0x0000, 0x0000, 0x0000, 0x0000, 0x0000, 0x0000, 0x0000, 0x0000
	.2byte 0x0000, 0x0000, 0x0000, 0x0000, 0x0000, 0x0000, 0x0000, 0x0000
	.2byte 0x0000, 0x0000, 0x0000, 0x0000, 0x0000, 0x0000, 0x0000, 0x0000
	.2byte 0x0000, 0x0000, 0x0000, 0x0000, 0x0000, 0x0000, 0x0000, 0x0000
	.2byte 0x0000, 0x0000, 0x0000, 0x0000, 0x0000, 0x0000, 0x0000, 0x0000
	.2byte 0x0000, 0x0000, 0x0000, 0x0000, 0x0000, 0x0000, 0x0000, 0x0000
	.2byte 0x0000, 0x0000, 0x0000, 0x0000, 0x0000, 0x0000, 0x0000, 0x0000
	.2byte 0x0000, 0x0000, 0x0000, 0x0000, 0x0000, 0x0000, 0x0000, 0x0000
	.2byte 0x0000, 0x0000, 0x0000, 0x0000, 0x0000, 0x0000, 0x0000, 0x0000
	.2byte 0x0000, 0x0000, 0x0000, 0x0000, 0x0000, 0x0000, 0x0000, 0x0000
	.2byte 0x0000, 0x0000, 0x0000, 0x0000, 0x0000, 0x0000, 0x0000, 0x0000
	.2byte 0x0000, 0x0000, 0x0000, 0x0000, 0x0000, 0x0000, 0x0000, 0x0000
	.2byte 0x0000, 0x0000, 0x0000, 0x0000, 0x0000, 0x0000, 0x0000, 0x0000
	.2byte 0x0000, 0x0000, 0x0000, 0x0000, 0x0000, 0x0000, 0x0000, 0x0000
	.2byte 0x0000, 0x0000, 0x0000, 0x0000, 0x0000, 0x0000, 0x0000, 0x0000
	.2byte 0x0000, 0x0000, 0x0000, 0x0000, 0x0000, 0x0000, 0x0000, 0x0000
	.2byte 0x0000, 0x0000, 0x0000, 0x0000, 0x0000, 0x0000, 0x0000, 0x0000
	.2byte 0x0000, 0x0000, 0x0000, 0x0000, 0x0000, 0x0000, 0x0000, 0x0000
	.2byte 0x0000, 0x0000, 0x0000, 0x0000, 0x0000, 0x0000, 0x0000, 0x0000
	.2byte 0x0000, 0x0000, 0x0000, 0x0000, 0x0000, 0x0000, 0x0000, 0x0000
	.2byte 0x0000, 0x0000, 0x0000, 0x0000, 0x0000, 0x0000, 0x0000, 0x0000
	.2byte 0x0000, 0x0000, 0x0000, 0x0000, 0x0000, 0x0000, 0x0000, 0x0000
	.2byte 0x0000, 0x0000, 0x0000, 0x0000, 0x0000, 0x0000, 0x0000, 0x0000
	.2byte 0x0000, 0x0000, 0x0000, 0x0000, 0x0000, 0x0000, 0x0000, 0x0000
	.2byte 0x0000, 0x0000, 0x0000, 0x0000, 0x0000, 0x0000, 0x0000, 0x0000
	.2byte 0x0000, 0x0000, 0x0000, 0x0000, 0x0000, 0x0000, 0x0000, 0x0000
	.2byte 0x0000, 0x0000, 0x0000, 0x0000, 0x0000, 0x0000, 0x0000, 0x0000
	.2byte 0x0000, 0x0000, 0x0000, 0x0000, 0x0000, 0x0000, 0x0000, 0x0000
	.2byte 0x0000, 0x0000, 0x0000, 0x0000, 0x0000, 0x0000, 0x0000, 0x0000
	.2byte 0x0000, 0x0000, 0x0000, 0x0000, 0x0000, 0x0000, 0x0000, 0x0000
	.2byte 0x0000, 0x0000, 0x0000, 0x0000, 0x0000, 0x0000, 0x0000, 0x0000
	.2byte 0x0000, 0x0000, 0x0000, 0x0000, 0x0000, 0x0000, 0x0000, 0x0000
	.2byte 0x0000, 0x0000, 0x0000, 0x0000, 0x0000, 0x0000, 0x0000, 0x0000
	.2byte 0x0000, 0x0000, 0x0000, 0x0000, 0x0000, 0x0000, 0x0000, 0x0000
	.2byte 0x0000, 0x0000, 0x0000, 0x0000, 0x0000, 0x0000, 0x0000, 0x0000
	.2byte 0x0000, 0x0000, 0x0000, 0x0000, 0x0000, 0x0000, 0x0000, 0x0000
	.2byte 0x0000, 0x0000, 0x0000, 0x0000, 0x0000, 0x0000, 0x0000, 0x0000
	.2byte 0x0000, 0x0000, 0x0000, 0x0000, 0x0000, 0x0000, 0x0000, 0x0000
	.2byte 0x0000, 0x0000, 0x0000, 0x0000, 0x0000, 0x0000, 0x0000, 0x0000
	.2byte 0x0000, 0x0000, 0x0000, 0x0000, 0x0000, 0x0000, 0x0000, 0x0000
	.2byte 0x0000, 0x0000, 0x0000, 0x0000, 0x0000, 0x0000, 0x0000, 0x0000
	.2byte 0x0000, 0x0000, 0x0000, 0x0000, 0x0000, 0x0000, 0x0000, 0x0000
	.2byte 0x0000, 0x0000, 0x0000, 0x0000, 0x0000, 0x0000, 0x0000, 0x0000
	.2byte 0x0000, 0x0000, 0x0000, 0x0000, 0x0000, 0x0000, 0x0000, 0x0000
	.2byte 0x0000, 0x0000, 0x0000, 0x0000, 0x0000, 0x0000, 0x0000, 0x0000
	.2byte 0x0000, 0x0000, 0x0000, 0x0000, 0x0000, 0x0000, 0x0000, 0x0000
	.2byte 0x0000, 0x0000, 0x0000, 0x0000, 0x0000, 0x0000, 0x0000, 0x0000
	.2byte 0x0000, 0x0000, 0x0000, 0x0000, 0x0000, 0x0000, 0x0000, 0x0000
	.2byte 0x0000, 0x0000, 0x0000, 0x0000, 0x0000, 0x0000, 0x0000, 0x0000
	.2byte 0x0000, 0x0000, 0x0000, 0x0000, 0x0000, 0x0000, 0x0000, 0x0000
	.2byte 0x0000, 0x0000, 0x0000, 0x0000, 0x0000, 0x0000, 0x0000, 0x0000
	.2byte 0x0000, 0x0000, 0x0000, 0x0000, 0x0000, 0x0000, 0x0000, 0x0000
	.2byte 0x0000, 0x0000, 0x0000, 0x0000, 0x0000, 0x0000, 0x0000, 0x0000
	.2byte 0x0000, 0x0000, 0x0000, 0x0000, 0x0000, 0x0000, 0x0000, 0x0000
	.2byte 0x0000, 0x0000, 0x0000, 0x0000, 0x0000, 0x0000, 0x0000, 0x0000
	.2byte 0x0000, 0x0000, 0x0000, 0x0000, 0x0000, 0x0000, 0x0000, 0x0000
	.2byte 0x0000, 0x0000, 0x0000, 0x0000, 0x0000, 0x0000, 0x0000, 0x0000
	.2byte 0x0000, 0x0000, 0x0000, 0x0000, 0x0000, 0x0000, 0x0000, 0x0000
	.2byte 0x0000, 0x0000, 0x0000, 0x0000, 0x0000, 0x0000, 0x0000, 0x0000
	.2byte 0x0000, 0x0000, 0x0000, 0x0000, 0x0000, 0x0000, 0x0000, 0x0000
	.2byte 0x0000, 0x0000, 0x0000, 0x0000, 0x0000, 0x0000, 0x0000, 0x0000
	.2byte 0x0000, 0x0000, 0x0000, 0x0000, 0x0000, 0x0000, 0x0000, 0x0000
	.2byte 0x0000, 0x0000, 0x0000, 0x0000, 0x0000, 0x0000, 0x0000, 0x0000
	.2byte 0x0000, 0x0000, 0x0000, 0x0000, 0x0000, 0x0000, 0x0000, 0x0000
	.2byte 0x0000, 0x0000, 0x0000, 0x0000, 0x0000, 0x0000, 0x0000, 0x0000
	.2byte 0x0000, 0x0000, 0x0000, 0x0000, 0x0000, 0x0000, 0x0000, 0x0000
	.2byte 0x0000, 0x0000, 0x0000, 0x0000, 0x0000, 0x0000, 0x0000, 0x0000
	.2byte 0x0000, 0x0000, 0x0000, 0x0000, 0x0000, 0x0000, 0x0000, 0x0000
	.2byte 0x0000, 0x0000, 0x0000, 0x0000, 0x0000, 0x0000, 0x0000, 0x0000
	.2byte 0x0000, 0x0000, 0x0000, 0x0000, 0x0000, 0x0000, 0x0000, 0x0000
	.2byte 0x0000, 0x0000, 0x0000, 0x0000, 0x0000, 0x0000, 0x0000, 0x0000
	.2byte 0x0000, 0x0000, 0x0000, 0x0000, 0x0000, 0x1000, 0x0000, 0x0100
	.2byte 0x0000, 0x0000, 0x0000, 0x0000, 0x0000, 0x1100, 0x0000, 0x0011
	.2byte 0x1100, 0x0000, 0x0011, 0x0000, 0x0000, 0x0000, 0x0000, 0x0000
	.2byte 0x0000, 0x1111, 0x1111, 0x0000, 0x0000, 0x0000, 0x0000, 0x0000
	.2byte 0x0000, 0x0000, 0x0000, 0x0000, 0x0000, 0x0000, 0x0000, 0x0000
	.2byte 0x1111, 0x1111, 0x0000, 0x0000, 0x0000, 0x0000, 0x0000, 0x0000
	.2byte 0x0000, 0x0000, 0x0000, 0x0000, 0x0000, 0x0000, 0x0000, 0x0000
	.2byte 0x1111, 0x0000, 0x0000, 0x1111, 0x0000, 0x0000, 0x0000, 0x0000
	.2byte 0x0000, 0x0000, 0x0000, 0x0000, 0x0000, 0x0000, 0x0000, 0x0000
	.2byte 0x0000, 0x0000, 0x0000, 0x0000, 0x0011, 0x0000, 0x1100, 0x0000
	.2byte 0x0000, 0x0011, 0x0000, 0x1100, 0x0000, 0x0000, 0x0000, 0x0000
	.2byte 0x0000, 0x0000, 0x0000, 0x0000, 0x0000, 0x0000, 0x0000, 0x0000
	.2byte 0x0000, 0x0000, 0x0000, 0x0000, 0x0001, 0x0000, 0x0010, 0x0000
	.2byte 0x0000, 0x0000, 0x0000, 0x0000, 0x0000, 0x0000, 0x0000, 0x0000
	.2byte 0x0000, 0x0000, 0x0000, 0x0000, 0x0000, 0x0000, 0x0000, 0x0000
	.2byte 0x0000, 0x0000, 0x0000, 0x0000, 0x0000, 0x0000, 0x0000, 0x0000
	.2byte 0x0000, 0x0000, 0x0000, 0x0000, 0x0000, 0x0000, 0x0000, 0x0000
	.2byte 0x0000, 0x0000, 0x0000, 0x0000, 0x0000, 0x0000, 0x0000, 0x0000
	.2byte 0x0000, 0x0000, 0x0000, 0x0000, 0x0000, 0x0000, 0x0000, 0x0000
	.2byte 0x0000, 0x0000, 0x0000, 0x0000, 0x0000, 0x0000, 0x0000, 0x0000
	.2byte 0x0000, 0x0000, 0x0000, 0x0000, 0x0000, 0x0000, 0x0000, 0x0000
	.2byte 0x0000, 0x0000, 0x0000, 0x0000, 0x0000, 0x0000, 0x0000, 0x0000
	.2byte 0x0000, 0x0000, 0x0000, 0x0000, 0x0000, 0x0000, 0x0000, 0x0000
	.2byte 0x0000, 0x0000, 0x0000, 0x0000, 0x0000, 0x0000, 0x0000, 0x0000
	.2byte 0x0000, 0x0000, 0x0000, 0x0000, 0x0000, 0x0000, 0x0000, 0x0000
	.2byte 0x0000, 0x0000, 0x0000, 0x0000, 0x0000, 0x0000, 0x0000, 0x0000
	.2byte 0x0000, 0x0000, 0x0000, 0x0000, 0x0000, 0x0000, 0x0000, 0x0000
	.2byte 0x0000, 0x0000, 0x0000, 0x0000, 0x0000, 0x0000, 0x0000, 0x0000
	.2byte 0x0000, 0x0000, 0x0000, 0x0000, 0x0000, 0x0000, 0x0000, 0x0000
	.2byte 0x0000, 0x0000, 0x0000, 0x0000, 0x0000, 0x0000, 0x0000, 0x0000
	.2byte 0x0000, 0x0000, 0x0000, 0x0000, 0x0000, 0x1000, 0x0000, 0x0100
	.2byte 0x0000, 0x0011, 0x1000, 0x0000, 0x0100, 0x0000, 0x0010, 0x0000
	.2byte 0x0001, 0x0000, 0x0001, 0x0000, 0x0000, 0x0000, 0x0000, 0x0000
	.2byte 0x0000, 0x0000, 0x0000, 0x0000, 0x0000, 0x0000, 0x0000, 0x0000
	.2byte 0x0000, 0x0000, 0x0000, 0x0000, 0x0000, 0x0000, 0x0000, 0x0000
	.2byte 0x0000, 0x0000, 0x0000, 0x0000, 0x0000, 0x0000, 0x0000, 0x0000
	.2byte 0x0000, 0x0000, 0x0000, 0x0000, 0x0000, 0x0000, 0x0000, 0x0000
	.2byte 0x0000, 0x0000, 0x0000, 0x0000, 0x0000, 0x0000, 0x0000, 0x0000
	.2byte 0x0000, 0x0000, 0x0000, 0x0000, 0x0000, 0x0000, 0x0000, 0x0000
	.2byte 0x0000, 0x0000, 0x0000, 0x0000, 0x0000, 0x0000, 0x0000, 0x0000
	.2byte 0x0000, 0x0000, 0x0000, 0x0000, 0x0000, 0x0000, 0x0000, 0x0000
	.2byte 0x0000, 0x0000, 0x0000, 0x0000, 0x0000, 0x0000, 0x0000, 0x0000
	.2byte 0x0000, 0x0000, 0x0000, 0x0000, 0x0000, 0x0000, 0x0000, 0x0000
	.2byte 0x1100, 0x0000, 0x0000, 0x0001, 0x0000, 0x0010, 0x0000, 0x0100
	.2byte 0x0000, 0x1000, 0x0000, 0x1000, 0x0000, 0x0000, 0x0000, 0x0000
	.2byte 0x0000, 0x0000, 0x0000, 0x0000, 0x0000, 0x0000, 0x0000, 0x0000
	.2byte 0x0000, 0x0000, 0x0000, 0x0000, 0x0001, 0x0000, 0x0010, 0x0000
	.2byte 0x0000, 0x0000, 0x0000, 0x0000, 0x0000, 0x0000, 0x0000, 0x0000
	.2byte 0x0000, 0x0000, 0x0000, 0x0000, 0x0000, 0x0000, 0x0000, 0x0000
	.2byte 0x0000, 0x0000, 0x0000, 0x0000, 0x0000, 0x0000, 0x0000, 0x0000
	.2byte 0x0000, 0x0000, 0x0000, 0x0000, 0x0000, 0x0000, 0x0000, 0x0000
	.2byte 0x0000, 0x0000, 0x0000, 0x0000, 0x0000, 0x0000, 0x0000, 0x0000
	.2byte 0x0000, 0x0000, 0x0000, 0x0000, 0x0000, 0x0000, 0x0000, 0x0000
	.2byte 0x0000, 0x0000, 0x0000, 0x0000, 0x0000, 0x0000, 0x0000, 0x0000
	.2byte 0x0000, 0x0000, 0x0000, 0x0000, 0x0000, 0x0000, 0x0000, 0x0000
	.2byte 0x0000, 0x0000, 0x0000, 0x0000, 0x0000, 0x0000, 0x0000, 0x0000
	.2byte 0x0000, 0x0000, 0x0000, 0x0000, 0x0000, 0x0000, 0x0000, 0x0000
	.2byte 0x0000, 0x0000, 0x0000, 0x0000, 0x0000, 0x0000, 0x0000, 0x0000
	.2byte 0x0000, 0x0000, 0x0000, 0x0000, 0x0000, 0x0000, 0x0000, 0x0000
	.2byte 0x0000, 0x0000, 0x0000, 0x0000, 0x0000, 0x0000, 0x0000, 0x0000
	.2byte 0x0000, 0x0000, 0x0000, 0x0000, 0x0000, 0x0000, 0x0000, 0x0000
	.2byte 0x0000, 0x0100, 0x0000, 0x0010, 0x0000, 0x0001, 0x0000, 0x0001
	.2byte 0x1000, 0x0000, 0x1000, 0x0000, 0x0100, 0x0000, 0x0100, 0x0000
	.2byte 0x0000, 0x0000, 0x0000, 0x0000, 0x0000, 0x0000, 0x0000, 0x0000
	.2byte 0x0000, 0x0000, 0x0000, 0x0000, 0x0000, 0x0000, 0x0000, 0x0000
	.2byte 0x0000, 0x0000, 0x0000, 0x0000, 0x0000, 0x0000, 0x0000, 0x0000
	.2byte 0x0000, 0x0000, 0x0000, 0x0000, 0x0000, 0x0000, 0x0000, 0x0000
	.2byte 0x0000, 0x0000, 0x0000, 0x0000, 0x0000, 0x0000, 0x0000, 0x0000
	.2byte 0x0000, 0x0000, 0x0000, 0x0000, 0x0000, 0x0000, 0x0000, 0x0000
	.2byte 0x0000, 0x0000, 0x0000, 0x0000, 0x0000, 0x0000, 0x0000, 0x0000
	.2byte 0x0000, 0x0000, 0x0000, 0x0000, 0x0000, 0x0000, 0x0000, 0x0000
	.2byte 0x0000, 0x0000, 0x0000, 0x0000, 0x0000, 0x0000, 0x0000, 0x0000
	.2byte 0x0000, 0x0000, 0x0000, 0x0000, 0x0000, 0x0000, 0x0000, 0x0000
	.2byte 0x0000, 0x0000, 0x0000, 0x0000, 0x0000, 0x0000, 0x0000, 0x0000
	.2byte 0x0000, 0x0000, 0x0000, 0x0000, 0x0000, 0x0000, 0x0000, 0x0000
	.2byte 0x0000, 0x0000, 0x0000, 0x0000, 0x0000, 0x0000, 0x0000, 0x0000
	.2byte 0x0000, 0x0000, 0x0000, 0x0000, 0x0000, 0x0000, 0x0000, 0x0000
	.2byte 0x0100, 0x0000, 0x0100, 0x0000, 0x1000, 0x0000, 0x1000, 0x0000
	.2byte 0x0000, 0x0001, 0x0000, 0x0001, 0x0000, 0x0010, 0x0000, 0x0010
	.2byte 0x0000, 0x0000, 0x0000, 0x0000, 0x0000, 0x0000, 0x0000, 0x0000
	.2byte 0x0000, 0x0000, 0x0000, 0x0000, 0x0000, 0x0000, 0x0000, 0x0000
	.2byte 0x0000, 0x0000, 0x0000, 0x0000, 0x0000, 0x0000, 0x0000, 0x0000
	.2byte 0x0000, 0x0000, 0x0000, 0x0000, 0x0000, 0x0000, 0x0000, 0x0000
	.2byte 0x0000, 0x0000, 0x0000, 0x0000, 0x0000, 0x0000, 0x0000, 0x0000
	.2byte 0x0000, 0x0000, 0x0000, 0x0000, 0x0000, 0x0000, 0x0000, 0x0000
	.2byte 0x0000, 0x0000, 0x0000, 0x0000, 0x0000, 0x0000, 0x0000, 0x0000
	.2byte 0x0000, 0x0000, 0x0000, 0x0000, 0x0000, 0x0000, 0x0000, 0x0000
	.2byte 0x0000, 0x0000, 0x0000, 0x0000, 0x0000, 0x0000, 0x0000, 0x0000
	.2byte 0x0000, 0x0000, 0x0000, 0x0000, 0x0000, 0x0000, 0x0000, 0x0000
	.2byte 0x0000, 0x0000, 0x0000, 0x0000, 0x0000, 0x0000, 0x0000, 0x0000
	.2byte 0x0000, 0x0000, 0x0000, 0x0000, 0x0000, 0x0000, 0x0000, 0x0000
	.2byte 0x0000, 0x0000, 0x0000, 0x0000, 0x0000, 0x0000, 0x0000, 0x0000
	.2byte 0x0000, 0x0000, 0x0000, 0x0000, 0x0000, 0x0000, 0x0000, 0x0000
	.2byte 0x0010, 0x0000, 0x0010, 0x0000, 0x0010, 0x0000, 0x0010, 0x0000
	.2byte 0x0001, 0x0000, 0x0001, 0x0000, 0x0001, 0x0000, 0x0001, 0x0000
	.2byte 0x0000, 0x0000, 0x0000, 0x0000, 0x0000, 0x0000, 0x0000, 0x0000
	.2byte 0x0000, 0x0000, 0x0000, 0x0000, 0x0000, 0x0000, 0x0000, 0x0000
	.2byte 0x0000, 0x0000, 0x0000, 0x0000, 0x0000, 0x0000, 0x0000, 0x0000
	.2byte 0x0000, 0x0000, 0x0000, 0x0000, 0x0000, 0x0000, 0x0000, 0x0000
	.2byte 0x0000, 0x0000, 0x0000, 0x0000, 0x0000, 0x0000, 0x0000, 0x0000
	.2byte 0x0000, 0x0000, 0x0000, 0x0000, 0x0000, 0x0000, 0x0000, 0x0000
	.2byte 0x0000, 0x0000, 0x0000, 0x0000, 0x0000, 0x0000, 0x0000, 0x0000
	.2byte 0x0000, 0x0000, 0x0000, 0x0000, 0x0000, 0x0000, 0x0000, 0x0000
	.2byte 0x0000, 0x0000, 0x0000, 0x0000, 0x0000, 0x0000, 0x0000, 0x0000
	.2byte 0x0000, 0x0000, 0x0000, 0x0000, 0x0000, 0x0000, 0x0000, 0x0000
	.2byte 0x0000, 0x0000, 0x0000, 0x0000, 0x0000, 0x0000, 0x0000, 0x0000
	.2byte 0x0000, 0x0000, 0x0000, 0x0000, 0x0000, 0x0000, 0x0000, 0x0000
	.2byte 0x0000, 0x0000, 0x0000, 0x0000, 0x0000, 0x0000, 0x0000, 0x0000
	.2byte 0x0000, 0x0000, 0x0000, 0x0000, 0x0000, 0x0000, 0x0000, 0x0000
	.2byte 0x0000, 0x0100, 0x0000, 0x0100, 0x0000, 0x0100, 0x0000, 0x0100
	.2byte 0x0000, 0x1000, 0x0000, 0x1000, 0x0000, 0x1000, 0x0000, 0x1000
	.2byte 0x0000, 0x0000, 0x0000, 0x0000, 0x0000, 0x0000, 0x0000, 0x0000
	.2byte 0x0000, 0x0000, 0x0000, 0x0000, 0x0000, 0x0000, 0x0000, 0x0000
	.2byte 0x0000, 0x0000, 0x0000, 0x0000, 0x0000, 0x0000, 0x0000, 0x0000
	.2byte 0x0000, 0x0000, 0x0000, 0x0000, 0x0000, 0x0000, 0x0000, 0x0000
	.2byte 0x0000, 0x0000, 0x0000, 0x0000, 0x0000, 0x0000, 0x0000, 0x0000
	.2byte 0x0000, 0x0000, 0x0000, 0x0000, 0x0000, 0x0000, 0x0000, 0x0000
	.2byte 0x0000, 0x0000, 0x0000, 0x0000, 0x0000, 0x0000, 0x0000, 0x0000
	.2byte 0x0000, 0x0000, 0x0000, 0x0000, 0x0000, 0x0000, 0x0000, 0x0000
	.2byte 0x0000, 0x0000, 0x0000, 0x0000, 0x0000, 0x0000, 0x0000, 0x0000
	.2byte 0x0000, 0x0000, 0x0000, 0x0000, 0x0000, 0x0000, 0x0000, 0x0000
	.2byte 0x0000, 0x0000, 0x0000, 0x0000, 0x0000, 0x0000, 0x0000, 0x0000
	.2byte 0x0000, 0x0000, 0x0000, 0x0000, 0x0000, 0x0000, 0x0000, 0x0000
	.2byte 0x0000, 0x0000, 0x0000, 0x0000, 0x0000, 0x0000, 0x0000, 0x0000
	.2byte 0x0000, 0x0000, 0x0000, 0x0000, 0x0000, 0x0000, 0x0000, 0x0000
	.2byte 0x0001, 0x0000, 0x0001, 0x0000, 0x0001, 0x0000, 0x0001, 0x0000
	.2byte 0x0001, 0x0000, 0x0001, 0x0000, 0x0001, 0x0000, 0x0001, 0x0000
	.2byte 0x0000, 0x0000, 0x0000, 0x0000, 0x0000, 0x0000, 0x0000, 0x0000
	.2byte 0x0000, 0x0000, 0x0000, 0x0000, 0x0000, 0x0000, 0x0000, 0x0000
	.2byte 0x0000, 0x0000, 0x0000, 0x0000, 0x0000, 0x0000, 0x0000, 0x0000
	.2byte 0x0000, 0x0000, 0x0000, 0x0000, 0x0000, 0x0000, 0x0000, 0x0000
	.2byte 0x0000, 0x0000, 0x0000, 0x0000, 0x0000, 0x0000, 0x0000, 0x0000
	.2byte 0x0000, 0x0000, 0x0000, 0x0000, 0x0000, 0x0000, 0x0000, 0x0000
	.2byte 0x0000, 0x0000, 0x0000, 0x0000, 0x0000, 0x0000, 0x0000, 0x0000
	.2byte 0x0000, 0x0000, 0x0000, 0x0000, 0x0000, 0x0000, 0x0000, 0x0000
	.2byte 0x0000, 0x0000, 0x0000, 0x0000, 0x0000, 0x0000, 0x0000, 0x0000
	.2byte 0x0000, 0x0000, 0x0000, 0x0000, 0x0000, 0x0000, 0x0000, 0x0000
	.2byte 0x0000, 0x0000, 0x0000, 0x0000, 0x0000, 0x0000, 0x0000, 0x0000
	.2byte 0x0000, 0x0000, 0x0000, 0x0000, 0x0000, 0x0000, 0x0000, 0x0000
	.2byte 0x0000, 0x0000, 0x0000, 0x0000, 0x0000, 0x0000, 0x0000, 0x0000
	.2byte 0x0000, 0x0000, 0x0000, 0x0000, 0x0000, 0x0000, 0x0000, 0x0000
	.2byte 0x0000, 0x1000, 0x0000, 0x1000, 0x0000, 0x1000, 0x0000, 0x1000
	.2byte 0x0000, 0x1000, 0x0000, 0x1000, 0x0000, 0x1000, 0x0000, 0x1000
	.2byte 0x0000, 0x0000, 0x0000, 0x0000, 0x0000, 0x0000, 0x0000, 0x0000
	.2byte 0x0000, 0x0000, 0x0000, 0x0000, 0x0000, 0x0000, 0x0000, 0x0000
	.2byte 0x0000, 0x0000, 0x0000, 0x0000, 0x0000, 0x0000, 0x0000, 0x0000
	.2byte 0x0000, 0x0000, 0x0000, 0x0000, 0x0000, 0x0000, 0x0000, 0x0000
	.2byte 0x0000, 0x0000, 0x0000, 0x0000, 0x0000, 0x0000, 0x0000, 0x0000
	.2byte 0x0000, 0x0000, 0x0000, 0x0000, 0x0000, 0x0000, 0x0000, 0x0000
	.2byte 0x0000, 0x0000, 0x0000, 0x0000, 0x0000, 0x0000, 0x0000, 0x0000
	.2byte 0x0000, 0x0000, 0x0000, 0x0000, 0x0000, 0x0000, 0x0000, 0x0000
	.2byte 0x0000, 0x0000, 0x0000, 0x0000, 0x0000, 0x0000, 0x0000, 0x0000
	.2byte 0x0000, 0x0000, 0x0000, 0x0000, 0x0000, 0x0000, 0x0000, 0x0000
	.2byte 0x0000, 0x0000, 0x0000, 0x0000, 0x0000, 0x0000, 0x0000, 0x0000
	.2byte 0x0000, 0x0000, 0x0000, 0x0000, 0x0000, 0x0000, 0x0000, 0x0000
	.2byte 0x0000, 0x0000, 0x0000, 0x0000, 0x0000, 0x0000, 0x0000, 0x0000
	.2byte 0x0000, 0x0000, 0x0000, 0x0000, 0x0000, 0x0000, 0x0000, 0x0000
	.2byte 0x0001, 0x0000, 0x0001, 0x0000, 0x0001, 0x0000, 0x0001, 0x0000
	.2byte 0x0010, 0x0000, 0x0010, 0x0000, 0x0010, 0x0000, 0x0010, 0x0000
	.2byte 0x0000, 0x0000, 0x0000, 0x0000, 0x0000, 0x0000, 0x0000, 0x0000
	.2byte 0x0000, 0x0000, 0x0000, 0x0000, 0x0000, 0x0000, 0x0000, 0x0000
	.2byte 0x0000, 0x0000, 0x0000, 0x0000, 0x0000, 0x0000, 0x0000, 0x0000
	.2byte 0x0000, 0x0000, 0x0000, 0x0000, 0x0000, 0x0000, 0x0000, 0x0000
	.2byte 0x0000, 0x0000, 0x0000, 0x0000, 0x0000, 0x0000, 0x0000, 0x0000
	.2byte 0x0000, 0x0000, 0x0000, 0x0000, 0x0000, 0x0000, 0x0000, 0x0000
	.2byte 0x0000, 0x0000, 0x0000, 0x0000, 0x0000, 0x0000, 0x0000, 0x0000
	.2byte 0x0000, 0x0000, 0x0000, 0x0000, 0x0000, 0x0000, 0x0000, 0x0000
	.2byte 0x0000, 0x0000, 0x0000, 0x0000, 0x0000, 0x0000, 0x0000, 0x0000
	.2byte 0x0000, 0x0000, 0x0000, 0x0000, 0x0000, 0x0000, 0x0000, 0x0000
	.2byte 0x0000, 0x0000, 0x0000, 0x0000, 0x0000, 0x0000, 0x0000, 0x0000
	.2byte 0x0000, 0x0000, 0x0000, 0x0000, 0x0000, 0x0000, 0x0000, 0x0000
	.2byte 0x0000, 0x0000, 0x0000, 0x0000, 0x0000, 0x0000, 0x0000, 0x0000
	.2byte 0x0000, 0x0000, 0x0000, 0x0000, 0x0000, 0x0000, 0x0000, 0x0000
	.2byte 0x0000, 0x1000, 0x0000, 0x1000, 0x0000, 0x1000, 0x0000, 0x1000
	.2byte 0x0000, 0x0100, 0x0000, 0x0100, 0x0000, 0x0100, 0x0000, 0x0100
	.2byte 0x0000, 0x0000, 0x0000, 0x0000, 0x0000, 0x0000, 0x0000, 0x0000
	.2byte 0x0000, 0x0000, 0x0000, 0x0000, 0x0000, 0x0000, 0x0000, 0x0000
	.2byte 0x0000, 0x0000, 0x0000, 0x0000, 0x0000, 0x0000, 0x0000, 0x0000
	.2byte 0x0000, 0x0000, 0x0000, 0x0000, 0x0000, 0x0000, 0x0000, 0x0000
	.2byte 0x0000, 0x0000, 0x0000, 0x0000, 0x0000, 0x0000, 0x0000, 0x0000
	.2byte 0x0000, 0x0000, 0x0000, 0x0000, 0x0000, 0x0000, 0x0000, 0x0000
	.2byte 0x0000, 0x0000, 0x0000, 0x0000, 0x0000, 0x0000, 0x0000, 0x0000
	.2byte 0x0000, 0x0000, 0x0000, 0x0000, 0x0000, 0x0000, 0x0000, 0x0000
	.2byte 0x0000, 0x0000, 0x0000, 0x0000, 0x0000, 0x0000, 0x0000, 0x0000
	.2byte 0x0000, 0x0000, 0x0000, 0x0000, 0x0000, 0x0000, 0x0000, 0x0000
	.2byte 0x0000, 0x0000, 0x0000, 0x0000, 0x0000, 0x0000, 0x0000, 0x0000
	.2byte 0x0000, 0x0000, 0x0000, 0x0000, 0x0000, 0x0000, 0x0000, 0x0000
	.2byte 0x0000, 0x0000, 0x0000, 0x0000, 0x0000, 0x0000, 0x0000, 0x0000
	.2byte 0x0000, 0x0000, 0x0000, 0x0000, 0x0000, 0x0000, 0x0000, 0x0000
	.2byte 0x0100, 0x0000, 0x0100, 0x0000, 0x1000, 0x0000, 0x1000, 0x0000
	.2byte 0x0000, 0x0001, 0x0000, 0x0001, 0x0000, 0x0010, 0x0000, 0x0010
	.2byte 0x0000, 0x0000, 0x0000, 0x0000, 0x0000, 0x0000, 0x0000, 0x0000
	.2byte 0x0000, 0x0000, 0x0000, 0x0000, 0x0000, 0x0000, 0x0000, 0x0000
	.2byte 0x0000, 0x0000, 0x0000, 0x0000, 0x0000, 0x0000, 0x0000, 0x0000
	.2byte 0x0000, 0x0000, 0x0000, 0x0000, 0x0000, 0x0000, 0x0000, 0x0000
	.2byte 0x0000, 0x0000, 0x0000, 0x0000, 0x0000, 0x0000, 0x0000, 0x0000
	.2byte 0x0000, 0x0000, 0x0000, 0x0000, 0x0000, 0x0000, 0x0000, 0x0000
	.2byte 0x0000, 0x0000, 0x0000, 0x0000, 0x0000, 0x0000, 0x0000, 0x0000
	.2byte 0x0000, 0x0000, 0x0000, 0x0000, 0x0000, 0x0000, 0x0000, 0x0000
	.2byte 0x0000, 0x0000, 0x0000, 0x0000, 0x0000, 0x0000, 0x0000, 0x0000
	.2byte 0x0000, 0x0000, 0x0000, 0x0000, 0x0000, 0x0000, 0x0000, 0x0000
	.2byte 0x0000, 0x0000, 0x0000, 0x0000, 0x0000, 0x0000, 0x0000, 0x0000
	.2byte 0x0000, 0x0000, 0x0000, 0x0000, 0x0000, 0x0000, 0x0000, 0x0000
	.2byte 0x0000, 0x0000, 0x0000, 0x0000, 0x0000, 0x0000, 0x0000, 0x0000
	.2byte 0x0000, 0x0000, 0x0000, 0x0000, 0x0000, 0x0000, 0x0000, 0x0000
	.2byte 0x0000, 0x0010, 0x0000, 0x0010, 0x0000, 0x0001, 0x0000, 0x0001
	.2byte 0x1000, 0x0000, 0x1000, 0x0000, 0x0100, 0x0000, 0x0100, 0x0000
	.2byte 0x0000, 0x0000, 0x0000, 0x0000, 0x0000, 0x0000, 0x0000, 0x0000
	.2byte 0x0000, 0x0000, 0x0000, 0x0000, 0x0000, 0x0000, 0x0000, 0x0000
	.2byte 0x0000, 0x0000, 0x0000, 0x0000, 0x0000, 0x0000, 0x0000, 0x0000
	.2byte 0x0000, 0x0000, 0x0000, 0x0000, 0x0000, 0x0000, 0x0000, 0x0000
	.2byte 0x0000, 0x0000, 0x0000, 0x0000, 0x0000, 0x0000, 0x0000, 0x0000
	.2byte 0x0000, 0x0000, 0x0000, 0x0000, 0x0000, 0x0000, 0x0000, 0x0000
	.2byte 0x0000, 0x0000, 0x0000, 0x0000, 0x0000, 0x0000, 0x0000, 0x0000
	.2byte 0x0000, 0x0000, 0x0000, 0x0000, 0x0000, 0x0000, 0x0000, 0x0000
	.2byte 0x0000, 0x0000, 0x0000, 0x0000, 0x0000, 0x0000, 0x0000, 0x0000
	.2byte 0x0000, 0x0000, 0x0000, 0x0000, 0x0000, 0x0000, 0x0000, 0x0000
	.2byte 0x0000, 0x0000, 0x0000, 0x0000, 0x0000, 0x0000, 0x0000, 0x0000
	.2byte 0x0000, 0x0000, 0x0000, 0x0000, 0x0000, 0x0000, 0x0000, 0x0000
	.2byte 0x0000, 0x0000, 0x0000, 0x0000, 0x0000, 0x0000, 0x0000, 0x0000
	.2byte 0x0000, 0x0000, 0x0000, 0x0000, 0x0000, 0x0000, 0x0000, 0x0000
	.2byte 0x0000, 0x0100, 0x0000, 0x1000, 0x0000, 0x0000, 0x0000, 0x0000
	.2byte 0x0000, 0x0000, 0x0000, 0x0000, 0x0000, 0x0000, 0x0000, 0x0000
	.2byte 0x0000, 0x0000, 0x0000, 0x0000, 0x0001, 0x0000, 0x0001, 0x0000
	.2byte 0x0010, 0x0000, 0x0100, 0x0000, 0x1000, 0x0000, 0x0000, 0x0011
	.2byte 0x0000, 0x0000, 0x0000, 0x0000, 0x0000, 0x0000, 0x0000, 0x0000
	.2byte 0x0000, 0x0000, 0x0000, 0x0000, 0x0000, 0x0000, 0x0000, 0x0000
	.2byte 0x0000, 0x0000, 0x0000, 0x0000, 0x0000, 0x0000, 0x0000, 0x0000
	.2byte 0x0000, 0x0000, 0x0000, 0x0000, 0x0000, 0x0000, 0x0000, 0x0000
	.2byte 0x0000, 0x0000, 0x0000, 0x0000, 0x0000, 0x0000, 0x0000, 0x0000
	.2byte 0x0000, 0x0000, 0x0000, 0x0000, 0x0000, 0x0000, 0x0000, 0x0000
	.2byte 0x0000, 0x0000, 0x0000, 0x0000, 0x0000, 0x0000, 0x0000, 0x0000
	.2byte 0x0000, 0x0000, 0x0000, 0x0000, 0x0000, 0x0000, 0x0000, 0x0000
	.2byte 0x0000, 0x0000, 0x0000, 0x0000, 0x0000, 0x0000, 0x0000, 0x0000
	.2byte 0x0000, 0x0000, 0x0000, 0x0000, 0x0000, 0x0000, 0x0000, 0x0000
	.2byte 0x0000, 0x0000, 0x0000, 0x0000, 0x0000, 0x1000, 0x0000, 0x1000
	.2byte 0x0000, 0x0100, 0x0000, 0x0010, 0x0000, 0x0001, 0x1100, 0x0000
	.2byte 0x0010, 0x0000, 0x0001, 0x0000, 0x0000, 0x0000, 0x0000, 0x0000
	.2byte 0x0000, 0x0000, 0x0000, 0x0000, 0x0000, 0x0000, 0x0000, 0x0000
	.2byte 0x0000, 0x0000, 0x0000, 0x0000, 0x0000, 0x0000, 0x0000, 0x0000
	.2byte 0x0000, 0x0000, 0x0000, 0x0000, 0x0000, 0x0000, 0x0000, 0x0000
	.2byte 0x0000, 0x0000, 0x0000, 0x0000, 0x0000, 0x0000, 0x0000, 0x0000
	.2byte 0x0000, 0x0000, 0x0000, 0x0000, 0x0000, 0x0000, 0x0000, 0x0000
	.2byte 0x0000, 0x0000, 0x0000, 0x0000, 0x0000, 0x0000, 0x0000, 0x0000
	.2byte 0x0000, 0x0000, 0x0000, 0x0000, 0x0000, 0x0000, 0x0000, 0x0000
	.2byte 0x0000, 0x0000, 0x0000, 0x0000, 0x0000, 0x0000, 0x0000, 0x0000
	.2byte 0x0000, 0x0000, 0x0000, 0x0000, 0x0000, 0x0000, 0x0000, 0x0000
	.2byte 0x0000, 0x0000, 0x0000, 0x0000, 0x0000, 0x0000, 0x0000, 0x0000
	.2byte 0x0000, 0x0000, 0x0000, 0x0000, 0x0000, 0x0000, 0x0000, 0x0000
	.2byte 0x0000, 0x0000, 0x0000, 0x0000, 0x0000, 0x0000, 0x0000, 0x0000
	.2byte 0x0000, 0x0000, 0x0000, 0x0000, 0x0000, 0x0000, 0x0000, 0x0000
	.2byte 0x0000, 0x0000, 0x0000, 0x0000, 0x0000, 0x0000, 0x0000, 0x0000
	.2byte 0x0000, 0x0000, 0x0000, 0x0000, 0x0000, 0x0000, 0x0000, 0x0000
	.2byte 0x0000, 0x0000, 0x0000, 0x0000, 0x0000, 0x0000, 0x0000, 0x0000
	.2byte 0x0000, 0x0000, 0x0000, 0x0000, 0x0000, 0x0000, 0x0000, 0x0000
	.2byte 0x0000, 0x0100, 0x0000, 0x1000, 0x0000, 0x0000, 0x0000, 0x0000
	.2byte 0x0000, 0x0000, 0x0000, 0x0000, 0x0000, 0x0000, 0x0000, 0x0000
	.2byte 0x0000, 0x0000, 0x0000, 0x0000, 0x0011, 0x0000, 0x1100, 0x0000
	.2byte 0x0000, 0x0011, 0x0000, 0x1100, 0x0000, 0x0000, 0x0000, 0x0000
	.2byte 0x0000, 0x0000, 0x0000, 0x0000, 0x0000, 0x0000, 0x0000, 0x0000
	.2byte 0x0000, 0x0000, 0x0000, 0x0000, 0x1111, 0x0000, 0x0000, 0x1111
	.2byte 0x0000, 0x0000, 0x0000, 0x0000, 0x0000, 0x0000, 0x0000, 0x0000
	.2byte 0x0000, 0x0000, 0x0000, 0x0000, 0x0000, 0x0000, 0x1111, 0x1111
	.2byte 0x0000, 0x0000, 0x0000, 0x0000, 0x0000, 0x0000, 0x0000, 0x0000
	.2byte 0x0000, 0x0000, 0x0000, 0x0000, 0x0000, 0x1111, 0x1111, 0x0000
	.2byte 0x0000, 0x0000, 0x0000, 0x0000, 0x0000, 0x1100, 0x0000, 0x0011
	.2byte 0x1100, 0x0000, 0x0011, 0x0000, 0x0000, 0x0000, 0x0000, 0x0000
	.2byte 0x0010, 0x0000, 0x0001, 0x0000, 0x0000, 0x0000, 0x0000, 0x0000
	.2byte 0x0000, 0x0000, 0x0000, 0x0000, 0x0000, 0x0000, 0x0000, 0x0000
	.2byte 0x0000, 0x0000, 0x0000, 0x0000, 0x0000, 0x0000, 0x0000, 0x0000
	.2byte 0x0000, 0x0000, 0x0000, 0x0000, 0x0000, 0x0000, 0x0000, 0x0000
	.2byte 0x0000, 0x0000, 0x0000, 0x0000, 0x0000, 0x0000, 0x0000, 0x0000
	.2byte 0x0000, 0x0000, 0x0000, 0x0000, 0x0000, 0x0000, 0x0000, 0x0000
	.2byte 0x0000, 0x0000, 0x0000, 0x0000, 0x0000, 0x0000, 0x0000, 0x0000
	.2byte 0x0000, 0x0000, 0x0000, 0x0000, 0x0000, 0x0000, 0x0000, 0x0000
	.2byte 0x0000, 0x0000, 0x0000, 0x0000, 0x0000, 0x0000, 0x0000, 0x0000
	.2byte 0x0000, 0x0000, 0x0000, 0x0000, 0x0000, 0x0000, 0x0000, 0x0000
	.2byte 0x0000, 0x1000, 0x0000, 0x1000, 0x0000, 0x1000, 0x0000, 0x1000
	.2byte 0x0000, 0x1000, 0x0000, 0x1000, 0x0000, 0x1000, 0x0000, 0x1000
	.2byte 0x0000, 0x0000, 0x0000, 0x0000, 0x0000, 0x0000, 0x0000, 0x0000
	.2byte 0x0000, 0x0000, 0x0000, 0x0000, 0x0000, 0x0000, 0x0000, 0x0000
	.2byte 0x0000, 0x0000, 0x0000, 0x0000, 0x0000, 0x0000, 0x0000, 0x0000
	.2byte 0x0000, 0x0000, 0x0000, 0x0000, 0x0000, 0x0000, 0x0000, 0x0000
	.2byte 0x0000, 0x0000, 0x0000, 0x0000, 0x0000, 0x0000, 0x0000, 0x0000
	.2byte 0x0000, 0x0000, 0x0000, 0x0000, 0x0000, 0x0000, 0x0000, 0x0000
	.2byte 0x0000, 0x0000, 0x0000, 0x0000, 0x0000, 0x0000, 0x0000, 0x0000
	.2byte 0x0000, 0x0000, 0x0000, 0x0000, 0x0000, 0x0000, 0x0000, 0x0000
	.2byte 0x0000, 0x0000, 0x0000, 0x0000, 0x0000, 0x0000, 0x0000, 0x0000
	.2byte 0x0000, 0x0000, 0x0000, 0x0000, 0x0000, 0x0000, 0x0000, 0x0000
	.2byte 0x0000, 0x0000, 0x0000, 0x0000, 0x0000, 0x0000, 0x0000, 0x0000
	.2byte 0x0000, 0x0000, 0x0000, 0x0000, 0x0000, 0x0000, 0x0000, 0x0000
	.2byte 0x0000, 0x0000, 0x0000, 0x0000, 0x0000, 0x0000, 0x0000, 0x0000
	.2byte 0x0000, 0x0000, 0x0000, 0x0000, 0x0000, 0x0000, 0x0000, 0x0000
	.2byte 0x0000, 0x0000, 0x0000, 0x0000, 0x0000, 0x0000, 0x0000, 0x0000
	.2byte 0x0000, 0x0000, 0x0000, 0x0000, 0x0000, 0x0000, 0x0000, 0x0000
	.2byte 0x0000, 0x0000, 0x0000, 0x0000, 0x0000, 0x0000, 0x0000, 0x0000
	.2byte 0x0000, 0x0000, 0x0000, 0x0000, 0x0000, 0x0000, 0x0000, 0x0000
	.2byte 0x0000, 0x0000, 0x0000, 0x0000, 0x0000, 0x0000, 0x0000, 0x0000
	.2byte 0x0000, 0x0000, 0x0000, 0x0000, 0x0000, 0x0000, 0x0000, 0x0000
	.2byte 0x0000, 0x0000, 0x0000, 0x0000, 0x0000, 0x0000, 0x0000, 0x0000
	.2byte 0x0000, 0x0000, 0x0000, 0x0000, 0x0000, 0x0000, 0x0000, 0x0000
	.2byte 0x0000, 0x0000, 0x0000, 0x0000, 0x0000, 0x0000, 0x0000, 0x0000
	.2byte 0x0000, 0x0000, 0x0000, 0x0000, 0x0000, 0x0000, 0x0000, 0x0000
	.2byte 0x0000, 0x0000, 0x0000, 0x0000, 0x0000, 0x0000, 0x0000, 0x0000
	.2byte 0x0000, 0x0000, 0x0000, 0x0000, 0x0000, 0x0000, 0x0000, 0x0000
	.2byte 0x0000, 0x0000, 0x0000, 0x0000, 0x0000, 0x0000, 0x0000, 0x0000
	.2byte 0x0000, 0x0000, 0x0000, 0x0000, 0x0000, 0x0000, 0x0000, 0x0000
	.2byte 0x0000, 0x0000, 0x0000, 0x0000, 0x0000, 0x0000, 0x0000, 0x0000
	.2byte 0x0000, 0x0000, 0x0000, 0x0000, 0x0000, 0x0000, 0x0000, 0x0000
	.2byte 0x0000, 0x1000, 0x0000, 0x1000, 0x0000, 0x1000, 0x0000, 0x1000
	.2byte 0x0000, 0x0100, 0x0000, 0x0100, 0x0000, 0x0100, 0x0000, 0x0100
	.2byte 0x0000, 0x0000, 0x0000, 0x0000, 0x0000, 0x0000, 0x0000, 0x0000
	.2byte 0x0000, 0x0000, 0x0000, 0x0000, 0x0000, 0x0000, 0x0000, 0x0000
	.2byte 0x0000, 0x0000, 0x0000, 0x0000, 0x0000, 0x0000, 0x0000, 0x0000
	.2byte 0x0000, 0x0000, 0x0000, 0x0000, 0x0000, 0x0000, 0x0000, 0x0000
	.2byte 0x0000, 0x0000, 0x0000, 0x0000, 0x0000, 0x0000, 0x0000, 0x0000
	.2byte 0x0000, 0x0000, 0x0000, 0x0000, 0x0000, 0x0000, 0x0000, 0x0000
	.2byte 0x0000, 0x0000, 0x0000, 0x0000, 0x0000, 0x0000, 0x0000, 0x0000
	.2byte 0x0000, 0x0000, 0x0000, 0x0000, 0x0000, 0x0000, 0x0000, 0x0000
	.2byte 0x0000, 0x0000, 0x0000, 0x0000, 0x0000, 0x0000, 0x0000, 0x0000
	.2byte 0x0000, 0x0000, 0x0000, 0x0000, 0x0000, 0x0000, 0x0000, 0x0000
	.2byte 0x0000, 0x0000, 0x0000, 0x0000, 0x0000, 0x0000, 0x0000, 0x0000
	.2byte 0x0000, 0x0000, 0x0000, 0x0000, 0x0000, 0x0000, 0x0000, 0x0000
	.2byte 0x0000, 0x0000, 0x0000, 0x0000, 0x0000, 0x0000, 0x0000, 0x0000
	.2byte 0x0000, 0x0000, 0x0000, 0x0000, 0x0000, 0x0000, 0x0000, 0x0000
	.2byte 0x0000, 0x0000, 0x0000, 0x0000, 0x0000, 0x0000, 0x0000, 0x0000
	.2byte 0x0000, 0x0000, 0x0000, 0x0000, 0x0000, 0x0000, 0x0000, 0x0000
	.2byte 0x0000, 0x0000, 0x0000, 0x0000, 0x0000, 0x0000, 0x0000, 0x0000
	.2byte 0x0000, 0x0000, 0x0000, 0x0000, 0x0000, 0x0000, 0x0000, 0x0000
	.2byte 0x0000, 0x0000, 0x0000, 0x0000, 0x0000, 0x0000, 0x0000, 0x0000
	.2byte 0x0000, 0x0000, 0x0000, 0x0000, 0x0000, 0x0000, 0x0000, 0x0000
	.2byte 0x0000, 0x0000, 0x0000, 0x0000, 0x0000, 0x0000, 0x0000, 0x0000
	.2byte 0x0000, 0x0000, 0x0000, 0x0000, 0x0000, 0x0000, 0x0000, 0x0000
	.2byte 0x0000, 0x0000, 0x0000, 0x0000, 0x0000, 0x0000, 0x0000, 0x0000
	.2byte 0x0000, 0x0000, 0x0000, 0x0000, 0x0000, 0x0000, 0x0000, 0x0000
	.2byte 0x0000, 0x0000, 0x0000, 0x0000, 0x0000, 0x0000, 0x0000, 0x0000
	.2byte 0x0000, 0x0000, 0x0000, 0x0000, 0x0000, 0x0000, 0x0000, 0x0000
	.2byte 0x0000, 0x0000, 0x0000, 0x0000, 0x0000, 0x0000, 0x0000, 0x0000
	.2byte 0x0000, 0x0000, 0x0000, 0x0000, 0x0000, 0x0000, 0x0000, 0x0000
	.2byte 0x0000, 0x0000, 0x0000, 0x0000, 0x0000, 0x0000, 0x0000, 0x0000
	.2byte 0x0000, 0x0000, 0x0000, 0x0000, 0x0000, 0x0000, 0x0000, 0x0000
	.2byte 0x0000, 0x0010, 0x0000, 0x0010, 0x0000, 0x0001, 0x0000, 0x0001
	.2byte 0x1000, 0x0000, 0x1000, 0x0000, 0x0100, 0x0000, 0x0100, 0x0000
	.2byte 0x0000, 0x0000, 0x0000, 0x0000, 0x0000, 0x0000, 0x0000, 0x0000
	.2byte 0x0000, 0x0000, 0x0000, 0x0000, 0x0000, 0x0000, 0x0000, 0x0000
	.2byte 0x0000, 0x0000, 0x0000, 0x0000, 0x0000, 0x0000, 0x0000, 0x0000
	.2byte 0x0000, 0x0000, 0x0000, 0x0000, 0x0000, 0x0000, 0x0000, 0x0000
	.2byte 0x0000, 0x0000, 0x0000, 0x0000, 0x0000, 0x0000, 0x0000, 0x0000
	.2byte 0x0000, 0x0000, 0x0000, 0x0000, 0x0000, 0x0000, 0x0000, 0x0000
	.2byte 0x0000, 0x0000, 0x0000, 0x0000, 0x0000, 0x0000, 0x0000, 0x0000
	.2byte 0x0000, 0x0000, 0x0000, 0x0000, 0x0000, 0x0000, 0x0000, 0x0000
	.2byte 0x0000, 0x0000, 0x0000, 0x0000, 0x0000, 0x0000, 0x0000, 0x0000
	.2byte 0x0000, 0x0000, 0x0000, 0x0000, 0x0000, 0x0000, 0x0000, 0x0000
	.2byte 0x0000, 0x0000, 0x0000, 0x0000, 0x0000, 0x0000, 0x0000, 0x0000
	.2byte 0x0000, 0x0000, 0x0000, 0x0000, 0x0000, 0x0000, 0x0000, 0x0000
	.2byte 0x0000, 0x0000, 0x0000, 0x0000, 0x0000, 0x0000, 0x0000, 0x0000
	.2byte 0x0000, 0x0000, 0x0000, 0x0000, 0x0000, 0x0000, 0x0000, 0x0000
	.2byte 0x0000, 0x0000, 0x0000, 0x0000, 0x0000, 0x0000, 0x0000, 0x0000
	.2byte 0x0000, 0x0000, 0x0000, 0x0000, 0x0000, 0x0000, 0x0000, 0x0000
	.2byte 0x0000, 0x0000, 0x0000, 0x0000, 0x0000, 0x0000, 0x0000, 0x0000
	.2byte 0x0000, 0x0000, 0x0000, 0x0000, 0x0000, 0x0000, 0x0000, 0x0000
	.2byte 0x0000, 0x0000, 0x0000, 0x0000, 0x0000, 0x0000, 0x0000, 0x0000
	.2byte 0x0000, 0x0000, 0x0000, 0x0000, 0x0000, 0x0000, 0x0000, 0x0000
	.2byte 0x0000, 0x0000, 0x0000, 0x0000, 0x0000, 0x0000, 0x0000, 0x0000
	.2byte 0x0000, 0x0000, 0x0000, 0x0000, 0x0000, 0x0000, 0x0000, 0x0000
	.2byte 0x0000, 0x0000, 0x0000, 0x0000, 0x0000, 0x0000, 0x0000, 0x0000
	.2byte 0x0000, 0x0000, 0x0000, 0x0000, 0x0000, 0x0000, 0x0000, 0x0000
	.2byte 0x0000, 0x0000, 0x0000, 0x0000, 0x0000, 0x0000, 0x0000, 0x0000
	.2byte 0x0000, 0x0000, 0x0000, 0x0000, 0x0000, 0x0000, 0x0000, 0x0000
	.2byte 0x0000, 0x0000, 0x0000, 0x0000, 0x0000, 0x0000, 0x0000, 0x0000
	.2byte 0x0000, 0x0000, 0x0000, 0x0000, 0x0000, 0x0000, 0x0000, 0x0000
	.2byte 0x0000, 0x0000, 0x0000, 0x0000, 0x0000, 0x1000, 0x0000, 0x1000
	.2byte 0x0000, 0x0100, 0x0000, 0x0010, 0x0000, 0x0001, 0x1100, 0x0000
	.2byte 0x0010, 0x0000, 0x0001, 0x0000, 0x0000, 0x0000, 0x0000, 0x0000
	.2byte 0x0001, 0x0000, 0x0011, 0x0000, 0x0110, 0x0000, 0x1100, 0x0000
	.2byte 0x0000, 0x0000, 0x0000, 0x0000, 0x0000, 0x0000, 0x0000, 0x0000
	.2byte 0x0000, 0x0000, 0x0000, 0x0000, 0x0000, 0x0000, 0x0000, 0x0000
	.2byte 0x0000, 0x0000, 0x0000, 0x0000, 0x0000, 0x0000, 0x0000, 0x0000
	.2byte 0x0000, 0x0000, 0x0000, 0x0000, 0x0000, 0x0000, 0x0000, 0x0000
	.2byte 0x0000, 0x0000, 0x0000, 0x0000, 0x0000, 0x0000, 0x0000, 0x0000
	.2byte 0x0000, 0x0000, 0x0000, 0x0000, 0x0000, 0x0000, 0x0000, 0x0000
	.2byte 0x0000, 0x0000, 0x0000, 0x0000, 0x0000, 0x0000, 0x0000, 0x0000
	.2byte 0x0000, 0x0000, 0x0000, 0x0000, 0x0000, 0x0000, 0x0000, 0x0000
	.2byte 0x0000, 0x0000, 0x0000, 0x0000, 0x0000, 0x0000, 0x0000, 0x0000
	.2byte 0x0000, 0x0000, 0x0000, 0x0000, 0x0000, 0x0000, 0x0000, 0x0000
	.2byte 0x0000, 0x0000, 0x0000, 0x0000, 0x0000, 0x0000, 0x0000, 0x0000
	.2byte 0x0000, 0x0000, 0x0000, 0x0000, 0x0000, 0x0000, 0x0000, 0x0000
	.2byte 0x0000, 0x0000, 0x0000, 0x0000, 0x0000, 0x0000, 0x0000, 0x0000
	.2byte 0x0000, 0x0000, 0x0000, 0x0000, 0x0000, 0x0000, 0x0000, 0x0000
	.2byte 0x0000, 0x0000, 0x0000, 0x0000, 0x0000, 0x0000, 0x0000, 0x0000
	.2byte 0x0000, 0x0000, 0x0000, 0x0000, 0x0000, 0x0000, 0x0000, 0x0000
	.2byte 0x0000, 0x0000, 0x0000, 0x0000, 0x0000, 0x0000, 0x0000, 0x0000
	.2byte 0x0000, 0x0000, 0x0000, 0x0000, 0x0000, 0x0000, 0x0000, 0x0000
	.2byte 0x0000, 0x0000, 0x0000, 0x0000, 0x0000, 0x0000, 0x0000, 0x0000
	.2byte 0x0000, 0x0000, 0x0000, 0x0000, 0x0000, 0x0000, 0x0000, 0x0000
	.2byte 0x0000, 0x0000, 0x0000, 0x0000, 0x0000, 0x0000, 0x0000, 0x0000
	.2byte 0x0000, 0x0000, 0x0000, 0x0000, 0x0000, 0x0000, 0x0000, 0x0000
	.2byte 0x0000, 0x0000, 0x0000, 0x0000, 0x0000, 0x0000, 0x0000, 0x0000
	.2byte 0x0000, 0x0000, 0x0000, 0x0000, 0x0000, 0x0000, 0x1111, 0x1111
	.2byte 0x0000, 0x0000, 0x0000, 0x0000, 0x0000, 0x0000, 0x0000, 0x0000
	.2byte 0x0000, 0x0000, 0x0000, 0x0000, 0x0000, 0x1111, 0x1111, 0x0000
	.2byte 0x0000, 0x0000, 0x0000, 0x0000, 0x0000, 0x1100, 0x0000, 0x0011
	.2byte 0x1100, 0x0000, 0x0011, 0x0000, 0x0000, 0x0000, 0x0000, 0x0000
	.2byte 0x0010, 0x0011, 0x0001, 0x0110, 0x0000, 0x1100, 0x0000, 0x1000
	.2byte 0x0000, 0x0000, 0x0000, 0x0000, 0x0000, 0x0000, 0x0000, 0x0000
	.2byte 0x1000, 0x0001, 0x0000, 0x0011, 0x0000, 0x0110, 0x0001, 0x1100
	.2byte 0x0011, 0x1000, 0x0110, 0x0000, 0x1100, 0x0000, 0x1000, 0x0001
	.2byte 0x0000, 0x0000, 0x0000, 0x0000, 0x0000, 0x0000, 0x0000, 0x0000
	.2byte 0x0001, 0x0000, 0x0011, 0x0000, 0x0110, 0x0000, 0x1100, 0x0000
	.2byte 0x0000, 0x0000, 0x0000, 0x0000, 0x0000, 0x0000, 0x0000, 0x0000
	.2byte 0x0000, 0x0000, 0x0000, 0x0000, 0x0000, 0x0000, 0x0000, 0x0000
	.2byte 0x0000, 0x0000, 0x0000, 0x0000, 0x0000, 0x0000, 0x0000, 0x0000
	.2byte 0x0000, 0x0000, 0x0000, 0x0000, 0x0000, 0x0000, 0x0000, 0x0000
	.2byte 0x0000, 0x0000, 0x0000, 0x0000, 0x0000, 0x0000, 0x0000, 0x0000
	.2byte 0x0000, 0x0000, 0x0000, 0x0000, 0x0000, 0x0000, 0x0000, 0x0000
	.2byte 0x0000, 0x0000, 0x0000, 0x0000, 0x0000, 0x0000, 0x0000, 0x0000
	.2byte 0x0000, 0x0000, 0x0000, 0x0000, 0x0000, 0x0000, 0x0000, 0x0000
	.2byte 0x0000, 0x0000, 0x0000, 0x0000, 0x0000, 0x0000, 0x0000, 0x0000
	.2byte 0x0000, 0x0000, 0x0000, 0x0000, 0x0000, 0x0000, 0x0000, 0x0000
	.2byte 0x0000, 0x0000, 0x0000, 0x0000, 0x0000, 0x0000, 0x0000, 0x0000
	.2byte 0x0000, 0x0000, 0x0000, 0x0000, 0x0000, 0x0000, 0x0000, 0x0000
	.2byte 0x0000, 0x0000, 0x0000, 0x0000, 0x0000, 0x0000, 0x0000, 0x0000
	.2byte 0x0000, 0x0000, 0x0000, 0x0000, 0x0000, 0x0000, 0x0000, 0x0000
	.2byte 0x0000, 0x0000, 0x0000, 0x0000, 0x0000, 0x0000, 0x0000, 0x0000
	.2byte 0x0000, 0x0000, 0x0000, 0x0000, 0x0000, 0x0000, 0x0000, 0x0000
	.2byte 0x0000, 0x0000, 0x0000, 0x0000, 0x0000, 0x0000, 0x0000, 0x0000
	.2byte 0x0000, 0x0000, 0x0000, 0x0000, 0x0000, 0x0000, 0x0000, 0x0000
	.2byte 0x0000, 0x0000, 0x0000, 0x0000, 0x0000, 0x0000, 0x0000, 0x0000
	.2byte 0x0000, 0x0000, 0x0000, 0x0000, 0x0000, 0x0000, 0x0000, 0x0000
	.2byte 0x0000, 0x0000, 0x0000, 0x0000, 0x0000, 0x0000, 0x0000, 0x0000
	.2byte 0x0000, 0x0000, 0x0000, 0x0000, 0x0000, 0x0000, 0x0000, 0x0000
	.2byte 0x0000, 0x0000, 0x0000, 0x0000, 0x0000, 0x0000, 0x0000, 0x0000
	.2byte 0x0000, 0x0000, 0x0000, 0x0000, 0x0000, 0x0000, 0x0000, 0x0000
	.2byte 0x0000, 0x0000, 0x0000, 0x0000, 0x0000, 0x0000, 0x0000, 0x0000
	.2byte 0x0000, 0x0000, 0x0000, 0x0000, 0x0000, 0x0000, 0x0000, 0x0000
	.2byte 0x0000, 0x0000, 0x0000, 0x0000, 0x0000, 0x0000, 0x0000, 0x0000
	.2byte 0x0000, 0x0000, 0x0000, 0x0000, 0x0000, 0x0000, 0x0000, 0x0000
	.2byte 0x0000, 0x0011, 0x0000, 0x0110, 0x0000, 0x1100, 0x0000, 0x1000
	.2byte 0x0000, 0x0000, 0x0000, 0x0000, 0x0000, 0x0000, 0x0000, 0x0000
	.2byte 0x0000, 0x0000, 0x0000, 0x0000, 0x0000, 0x0000, 0x0000, 0x0000
	.2byte 0x0000, 0x0000, 0x0000, 0x0000, 0x0000, 0x0000, 0x0000, 0x0000
	.2byte 0x0000, 0x0000, 0x0000, 0x0000, 0x0000, 0x0000, 0x0000, 0x0000
	.2byte 0x0000, 0x0000, 0x0000, 0x0000, 0x0000, 0x0000, 0x0000, 0x0000
	.2byte 0x0000, 0x0000, 0x0000, 0x0000, 0x0000, 0x0000, 0x0000, 0x0000
	.2byte 0x0000, 0x0000, 0x0000, 0x0000, 0x0000, 0x0000, 0x0000, 0x0000
	.2byte 0x0000, 0x0000, 0x0000, 0x0000, 0x0000, 0x0000, 0x0000, 0x0000
	.2byte 0x0000, 0x0000, 0x0000, 0x0000, 0x0000, 0x0000, 0x0000, 0x0000
	.2byte 0x0000, 0x0000, 0x0000, 0x0000, 0x0000, 0x0000, 0x0000, 0x0000
	.2byte 0x0000, 0x0000, 0x0000, 0x0000, 0x0000, 0x0000, 0x0000, 0x0000
	.2byte 0x0000, 0x0000, 0x0000, 0x0000, 0x0000, 0x0000, 0x0000, 0x0000
	.2byte 0x0000, 0x0000, 0x0000, 0x0000, 0x0000, 0x0000, 0x0000, 0x0000
	.2byte 0x0000, 0x0000, 0x0000, 0x0000, 0x0000, 0x0000, 0x0000, 0x0000
	.2byte 0x0000, 0x0000, 0x0000, 0x0000, 0x0000, 0x0000, 0x0000, 0x0000
	.2byte 0x0000, 0x0000, 0x0000, 0x0000, 0x0000, 0x0000, 0x0000, 0x0000
	.2byte 0x0000, 0x0000, 0x0000, 0x0000, 0x0000, 0x0000, 0x0000, 0x0000
	.2byte 0x0000, 0x0000, 0x0000, 0x0000, 0x0000, 0x0000, 0x0000, 0x0000
	.2byte 0x0000, 0x0000, 0x0000, 0x0000, 0x0000, 0x0000, 0x0000, 0x0000
	.2byte 0x0000, 0x0000, 0x0000, 0x0000, 0x0000, 0x0000, 0x0000, 0x0000
	.2byte 0x0000, 0x0000, 0x0000, 0x0000, 0x0000, 0x0000, 0x0000, 0x0000
	.2byte 0x0000, 0x0000, 0x0000, 0x0000, 0x0000, 0x0000, 0x0000, 0x0000
	.2byte 0x0000, 0x0000, 0x0000, 0x0000, 0x0000, 0x0000, 0x0000, 0x0000
	.2byte 0x0000, 0x0000, 0x0000, 0x0000, 0x0000, 0x0000, 0x0000, 0x0000
	.2byte 0x0000, 0x0000, 0x0000, 0x0000, 0x0000, 0x0000, 0x0000, 0x0000
	.2byte 0x0000, 0x0000, 0x0000, 0x0000, 0x0000, 0x0000, 0x0000, 0x0000
	.2byte 0x0000, 0x0000, 0x0000, 0x0000, 0x0000, 0x0000, 0x0000, 0x0000
	.2byte 0x0000, 0x0000, 0x0000, 0x0000, 0x0000, 0x0000, 0x0000, 0x0000
	.2byte 0x0000, 0x0000, 0x0000, 0x0000, 0x0000, 0x0000, 0x0000, 0x0000
	.2byte 0x0000, 0x0000, 0x0000, 0x0000, 0x0000, 0x0000, 0x0000, 0x0000
	.2byte 0x0000, 0x0000, 0x0000, 0x0000, 0x0000, 0x0000, 0x0000, 0x0000
	.2byte 0x0000, 0x0000, 0x0000, 0x0000, 0x0000, 0x0000, 0x0000, 0x0000
	.2byte 0x0000, 0x0000, 0x0000, 0x0000, 0x0000, 0x0000, 0x0000, 0x0000
	.2byte 0x0000, 0x0000, 0x0000, 0x0000, 0x0000, 0x0000, 0x0000, 0x0000
	.2byte 0x0000, 0x0000, 0x0000, 0x0000, 0x0000, 0x0000, 0x0000, 0x0000
	.2byte 0x0000, 0x0000, 0x0000, 0x0000, 0x0000, 0x0000, 0x0000, 0x0000
	.2byte 0x0000, 0x0000, 0x0000, 0x0000, 0x0000, 0x0000, 0x0000, 0x0000
	.2byte 0x0000, 0x0000, 0x0000, 0x0000, 0x0000, 0x0000, 0x0000, 0x0000
	.2byte 0x0000, 0x0000, 0x0000, 0x0000, 0x0000, 0x0000, 0x0000, 0x0000
	.2byte 0x0000, 0x0000, 0x0000, 0x0000, 0x0000, 0x0000, 0x0000, 0x0000
	.2byte 0x0000, 0x0000, 0x0000, 0x0000, 0x0000, 0x0000, 0x0000, 0x0000
	.2byte 0x0000, 0x0000, 0x0000, 0x0000, 0x0000, 0x0000, 0x0000, 0x0000
	.2byte 0x0000, 0x0000, 0x0000, 0x0000, 0x0000, 0x0000, 0x0000, 0x0000
	.2byte 0x0000, 0x0000, 0x0000, 0x0000, 0x0000, 0x0000, 0x0000, 0x0000
	.2byte 0x0000, 0x0000, 0x0000, 0x0000, 0x0000, 0x0000, 0x0000, 0x0000
	.2byte 0x0000, 0x0000, 0x0000, 0x0000, 0x0000, 0x0000, 0x0000, 0x0000
	.2byte 0x0000, 0x0000, 0x0000, 0x0000, 0x0000, 0x0000, 0x0000, 0x0000
	.2byte 0x0000, 0x0000, 0x0000, 0x0000, 0x0000, 0x0000, 0x0000, 0x0000
	.2byte 0x0000, 0x0000, 0x0000, 0x0000, 0x0000, 0x0000, 0x0000, 0x0000
	.2byte 0x0000, 0x0000, 0x0000, 0x0000, 0x0000, 0x0000, 0x0000, 0x0000
	.2byte 0x0000, 0x0000, 0x0000, 0x0000, 0x0000, 0x0000, 0x0000, 0x0000
	.2byte 0x0000, 0x0000, 0x0000, 0x0000, 0x0000, 0x0000, 0x0000, 0x0000
	.2byte 0x0000, 0x0000, 0x0000, 0x0000, 0x0000, 0x0000, 0x0000, 0x0000
	.2byte 0x0000, 0x0000, 0x0000, 0x0000, 0x0000, 0x0000, 0x0000, 0x0000
	.2byte 0x0000, 0x0000, 0x0000, 0x0000, 0x0000, 0x0000, 0x0000, 0x0000
	.2byte 0x0000, 0x0000, 0x0000, 0x0000, 0x0000, 0x0000, 0x0000, 0x0000
	.2byte 0x0000, 0x0000, 0x0000, 0x0000, 0x0000, 0x0000, 0x0000, 0x0000
	.2byte 0x0000, 0x0000, 0x0000, 0x0000, 0x0000, 0x0000, 0x0000, 0x0000
	.2byte 0x0000, 0x0000, 0x0000, 0x0000, 0x0000, 0x0000, 0x0000, 0x0000
	.2byte 0x0000, 0x0000, 0x0000, 0x0000, 0x0000, 0x0000, 0x0000, 0x0000
	.2byte 0x0000, 0x0000, 0x0000, 0x0000, 0x0000, 0x0000, 0x0000, 0x0000
	.2byte 0x0000, 0x0000, 0x0000, 0x0000, 0x0000, 0x0000, 0x0000, 0x0000
	.2byte 0x0000, 0x0000, 0x0000, 0x0000, 0x0000, 0x0000, 0x0000, 0x0000
	.2byte 0x0000, 0x0000, 0x0000, 0x0000, 0x0000, 0x0000, 0x0000, 0x0000
	.2byte 0x0000, 0x0000, 0x0000, 0x0000, 0x0000, 0x0000, 0x0000, 0x0000
	.2byte 0x0000, 0x0000, 0x0000, 0x0000, 0x0000, 0x0000, 0x0000, 0x0000
	.2byte 0x0000, 0x0000, 0x0000, 0x0000, 0x0000, 0x0000, 0x0000, 0x0000
	.2byte 0x0000, 0x0000, 0x0000, 0x0000, 0x0000, 0x0000, 0x0000, 0x0000
	.2byte 0x0000, 0x0000, 0x0000, 0x0000, 0x0000, 0x0000, 0x0000, 0x0000
	.2byte 0x0000, 0x0000, 0x0000, 0x0000, 0x0000, 0x0000, 0x0000, 0x0000
	.2byte 0x0000, 0x0000, 0x0000, 0x0000, 0x0000, 0x0000, 0x0000, 0x0000
	.2byte 0x0000, 0x0000, 0x0000, 0x0000, 0x0000, 0x0000, 0x0000, 0x0000
	.2byte 0x0000, 0x0000, 0x0000, 0x0000, 0x0000, 0x0000, 0x0000, 0x0000
	.2byte 0x0000, 0x0000, 0x0000, 0x0000, 0x0000, 0x0000, 0x0000, 0x0000
	.2byte 0x0000, 0x0000, 0x0000, 0x0000, 0x0000, 0x0000, 0x0000, 0x0000
	.2byte 0x0000, 0x0000, 0x0000, 0x0000, 0x0000, 0x0000, 0x0000, 0x0000
	.2byte 0x0000, 0x0000, 0x0000, 0x0000, 0x0000, 0x0000, 0x0000, 0x0000
	.2byte 0x0000, 0x0000, 0x0000, 0x0000, 0x0000, 0x0000, 0x0000, 0x0000
	.2byte 0x0000, 0x0000, 0x0000, 0x0000, 0x0000, 0x0000, 0x0000, 0x0000
	.2byte 0x0000, 0x0000, 0x0000, 0x0000, 0x0000, 0x0000, 0x0000, 0x0000
	.2byte 0x0000, 0x0000, 0x0000, 0x0000, 0x0000, 0x0000, 0x0000, 0x0000
	.2byte 0x0000, 0x0000, 0x0000, 0x0000, 0x0000, 0x0000, 0x0000, 0x0000
	.2byte 0x0000, 0x0000, 0x0000, 0x0000, 0x0000, 0x0000, 0x0000, 0x0000
	.2byte 0x0000, 0x0000, 0x0000, 0x0000, 0x0000, 0x0000, 0x0000, 0x0000
	.2byte 0x0000, 0x0000, 0x0000, 0x0000, 0x0000, 0x0000, 0x0000, 0x0000
	.2byte 0x0000, 0x0000, 0x0000, 0x0000, 0x0000, 0x0000, 0x0000, 0x0000
	.2byte 0x0000, 0x0000, 0x0000, 0x0000, 0x0000, 0x0000, 0x0000, 0x0000
	.2byte 0x0000, 0x0000, 0x0000, 0x0000, 0x0000, 0x0000, 0x0000, 0x0000
	.2byte 0x0000, 0x0000, 0x0000, 0x0000, 0x0000, 0x0000, 0x0000, 0x0000
	.2byte 0x0000, 0x0000, 0x0000, 0x0000, 0x0000, 0x0000, 0x0000, 0x0000
	.2byte 0x0000, 0x0000, 0x0000, 0x0000, 0x0000, 0x0000, 0x0000, 0x0000
	.2byte 0x0000, 0x0000, 0x0000, 0x0000, 0x0000, 0x0000, 0x0000, 0x0000
	.2byte 0x0000, 0x0000, 0x0000, 0x0000, 0x0000, 0x0000, 0x0000, 0x0000
	.2byte 0x0000, 0x0000, 0x0000, 0x0000, 0x0000, 0x0000, 0x0000, 0x0000
	.2byte 0x0000, 0x0000, 0x0000, 0x0000, 0x0000, 0x0000, 0x0000, 0x0000
	.2byte 0x0000, 0x0000, 0x0000, 0x0000, 0x0000, 0x0000, 0x0000, 0x0000
	.2byte 0x0000, 0x0000, 0x0000, 0x0000, 0x0000, 0x0000, 0x0000, 0x0000
	.2byte 0x0000, 0x0000, 0x0000, 0x0000, 0x0000, 0x0000, 0x0000, 0x0000
	.2byte 0x0000, 0x0000, 0x0000, 0x0000, 0x0000, 0x0000, 0x0000, 0x0000
	.2byte 0x0000, 0x0000, 0x0000, 0x0000, 0x0000, 0x0000, 0x0000, 0x0000
	.2byte 0x0000, 0x0000, 0x0000, 0x0000, 0x0000, 0x0000, 0x0000, 0x0000
	.2byte 0x0000, 0x0000, 0x0000, 0x0000, 0x0000, 0x0000, 0x0000, 0x0000
	.2byte 0x0000, 0x0000, 0x0000, 0x0000, 0x0000, 0x0000, 0x0000, 0x0000
	.2byte 0x0000, 0x0000, 0x0000, 0x0000, 0x0000, 0x0000, 0x0000, 0x0000
	.2byte 0x0000, 0x0000, 0x0000, 0x0000, 0x0000, 0x0000, 0x0000, 0x0000
	.2byte 0x0000, 0x0000, 0x0000, 0x0000, 0x0000, 0x0000, 0x0000, 0x0000
	.2byte 0x0000, 0x0000, 0x0000, 0x0000, 0x0000, 0x0000, 0x0000, 0x0000
	.2byte 0x0000, 0x0000, 0x0000, 0x0000, 0x0000, 0x0000, 0x0000, 0x0000
	.2byte 0x0000, 0x0000, 0x0000, 0x0000, 0x0000, 0x0000, 0x0000, 0x0000
	.2byte 0x0000, 0x0000, 0x0000, 0x0000, 0x0000, 0x0000, 0x0000, 0x0000
	.2byte 0x0000, 0x1100, 0x0000, 0x0011, 0x1100, 0x0000, 0x0010, 0x0000
	.2byte 0x0000, 0x0000, 0x0000, 0x0000, 0x0000, 0x1100, 0x1110, 0x0011
	.2byte 0x0001, 0x0000, 0x0000, 0x0000, 0x0000, 0x1100, 0x1110, 0x0011
	.2byte 0x0000, 0x0000, 0x0000, 0x0000, 0x1111, 0x1111, 0x0000, 0x0000
	.2byte 0x0000, 0x0000, 0x0000, 0x0000, 0x1111, 0x1111, 0x0000, 0x0000
	.2byte 0x0000, 0x0000, 0x0000, 0x0000, 0x0011, 0x0000, 0x1100, 0x0111
	.2byte 0x0000, 0x1000, 0x0000, 0x0000, 0x0011, 0x0000, 0x1100, 0x0111
	.2byte 0x0000, 0x0000, 0x0000, 0x0000, 0x0000, 0x0000, 0x0000, 0x0000
	.2byte 0x0011, 0x0000, 0x1100, 0x0000, 0x0000, 0x0011, 0x0000, 0x0100
	.2byte 0x0000, 0x0000, 0x0000, 0x0000, 0x0000, 0x0000, 0x0000, 0x0000
	.2byte 0x0000, 0x0000, 0x0000, 0x0000, 0x0000, 0x0000, 0x0000, 0x0000
	.2byte 0x0000, 0x0000, 0x0000, 0x0000, 0x0000, 0x0000, 0x0000, 0x0000
	.2byte 0x0000, 0x0000, 0x0000, 0x0000, 0x0000, 0x0000, 0x0000, 0x0000
	.2byte 0x0000, 0x0000, 0x0000, 0x0000, 0x0000, 0x0000, 0x0000, 0x0000
	.2byte 0x0000, 0x0000, 0x0000, 0x0000, 0x0000, 0x0000, 0x0000, 0x0000
	.2byte 0x0000, 0x0000, 0x0000, 0x0000, 0x0000, 0x0000, 0x0000, 0x0000
	.2byte 0x0000, 0x0000, 0x0000, 0x0000, 0x0000, 0x0000, 0x0000, 0x0000
	.2byte 0x0000, 0x0000, 0x0000, 0x0000, 0x0000, 0x0000, 0x0000, 0x0000
	.2byte 0x0000, 0x0000, 0x0000, 0x0000, 0x0000, 0x0000, 0x0000, 0x0000
	.2byte 0x0000, 0x0000, 0x0000, 0x0000, 0x0000, 0x0000, 0x0000, 0x0000
	.2byte 0x0000, 0x0000, 0x0000, 0x0000, 0x0000, 0x0000, 0x0000, 0x0000
	.2byte 0x0000, 0x0000, 0x0000, 0x0000, 0x0000, 0x0000, 0x0000, 0x0000
	.2byte 0x0000, 0x0000, 0x0000, 0x0000, 0x0000, 0x0000, 0x0000, 0x0000
	.2byte 0x0000, 0x0000, 0x0000, 0x0000, 0x0000, 0x0000, 0x0000, 0x0000
	.2byte 0x0000, 0x0000, 0x0000, 0x0000, 0x0000, 0x0000, 0x0000, 0x0000
	.2byte 0x0000, 0x0000, 0x0000, 0x0000, 0x0000, 0x0000, 0x0000, 0x0000
	.2byte 0x0000, 0x0000, 0x0000, 0x0000, 0x0000, 0x0000, 0x0000, 0x0000
	.2byte 0x0000, 0x0000, 0x0000, 0x0000, 0x0000, 0x0000, 0x0000, 0x0000
	.2byte 0x0000, 0x0000, 0x0000, 0x0000, 0x0000, 0x0000, 0x0000, 0x0000
	.2byte 0x0000, 0x1000, 0x0000, 0x0100, 0x0000, 0x0110, 0x0000, 0x0001
	.2byte 0x1000, 0x0001, 0x1000, 0x1100, 0x0100, 0x0100, 0x0010, 0x0010
	.2byte 0x0001, 0x1100, 0x0000, 0x0011, 0x1100, 0x0000, 0x0010, 0x0000
	.2byte 0x0011, 0x0000, 0x0000, 0x0000, 0x0000, 0x0000, 0x0000, 0x0000
	.2byte 0x0001, 0x0000, 0x0000, 0x0000, 0x0000, 0x0000, 0x0000, 0x0000
	.2byte 0x0000, 0x0000, 0x0000, 0x0000, 0x0000, 0x0000, 0x0000, 0x0000
	.2byte 0x0000, 0x0000, 0x0000, 0x0000, 0x0000, 0x0000, 0x0000, 0x0000
	.2byte 0x0000, 0x0000, 0x0000, 0x0000, 0x0000, 0x0000, 0x0000, 0x0000
	.2byte 0x0000, 0x1000, 0x0000, 0x0000, 0x0000, 0x0000, 0x0000, 0x0000
	.2byte 0x0000, 0x0000, 0x0000, 0x0000, 0x0000, 0x0000, 0x0000, 0x0000
	.2byte 0x0011, 0x1000, 0x1100, 0x0000, 0x0000, 0x0011, 0x0000, 0x0100
	.2byte 0x0000, 0x1100, 0x0000, 0x0000, 0x0000, 0x0000, 0x0000, 0x0000
	.2byte 0x0001, 0x0000, 0x0010, 0x0000, 0x0110, 0x0000, 0x1000, 0x0000
	.2byte 0x1000, 0x0001, 0x0011, 0x0001, 0x0010, 0x0010, 0x0100, 0x0100
	.2byte 0x0000, 0x0000, 0x0000, 0x0000, 0x0000, 0x0000, 0x0000, 0x0000
	.2byte 0x0000, 0x0000, 0x0000, 0x0000, 0x0000, 0x0000, 0x0000, 0x0000
	.2byte 0x0000, 0x0000, 0x0000, 0x0000, 0x0000, 0x0000, 0x0000, 0x0000
	.2byte 0x0000, 0x0000, 0x0000, 0x0000, 0x0000, 0x0000, 0x0000, 0x0000
	.2byte 0x0000, 0x0000, 0x0000, 0x0000, 0x0000, 0x0000, 0x0000, 0x0000
	.2byte 0x0000, 0x0000, 0x0000, 0x0000, 0x0000, 0x0000, 0x0000, 0x0000
	.2byte 0x0000, 0x0000, 0x0000, 0x0000, 0x0000, 0x0000, 0x0000, 0x0000
	.2byte 0x0000, 0x0000, 0x0000, 0x0000, 0x0000, 0x0000, 0x0000, 0x0000
	.2byte 0x0000, 0x0000, 0x0000, 0x0000, 0x0000, 0x0000, 0x0000, 0x0000
	.2byte 0x0000, 0x0000, 0x0000, 0x0000, 0x0000, 0x0000, 0x0000, 0x0000
	.2byte 0x0000, 0x0000, 0x0000, 0x0000, 0x0000, 0x0000, 0x0000, 0x0000
	.2byte 0x0000, 0x0000, 0x0000, 0x0000, 0x0000, 0x0000, 0x0000, 0x0000
	.2byte 0x0000, 0x0000, 0x0000, 0x0000, 0x0000, 0x0000, 0x0000, 0x0000
	.2byte 0x0000, 0x0000, 0x0000, 0x0000, 0x0000, 0x0000, 0x0000, 0x0000
	.2byte 0x0000, 0x0000, 0x0000, 0x0000, 0x0000, 0x0000, 0x0000, 0x0000
	.2byte 0x0000, 0x0000, 0x0000, 0x0000, 0x0000, 0x0000, 0x0000, 0x0000
	.2byte 0x0000, 0x0000, 0x0000, 0x0000, 0x0000, 0x0000, 0x0000, 0x0000
	.2byte 0x0000, 0x0000, 0x0000, 0x0000, 0x0000, 0x0000, 0x0000, 0x0000
	.2byte 0x0010, 0x0011, 0x0010, 0x0001, 0x1001, 0x0001, 0x1001, 0x0000
	.2byte 0x1001, 0x0000, 0x1001, 0x0000, 0x1001, 0x0000, 0x1001, 0x0001
	.2byte 0x0000, 0x0000, 0x0000, 0x0000, 0x0000, 0x0000, 0x0000, 0x0000
	.2byte 0x0000, 0x0000, 0x0000, 0x0000, 0x0000, 0x1000, 0x0000, 0x0100
	.2byte 0x0000, 0x0000, 0x0000, 0x0000, 0x0000, 0x1100, 0x0000, 0x0011
	.2byte 0x1100, 0x0000, 0x0011, 0x0000, 0x0000, 0x0000, 0x0000, 0x0000
	.2byte 0x0000, 0x1111, 0x1111, 0x0000, 0x0000, 0x0000, 0x0000, 0x0000
	.2byte 0x0000, 0x0000, 0x0000, 0x0000, 0x0000, 0x0000, 0x0000, 0x0000
	.2byte 0x1111, 0x1111, 0x0000, 0x0000, 0x0000, 0x0000, 0x0000, 0x0000
	.2byte 0x0000, 0x0000, 0x0000, 0x0000, 0x0000, 0x0000, 0x0000, 0x0000
	.2byte 0x1111, 0x0001, 0x0000, 0x1110, 0x0000, 0x0000, 0x0000, 0x0000
	.2byte 0x0000, 0x0000, 0x0000, 0x0000, 0x0000, 0x0000, 0x0000, 0x0000
	.2byte 0x1100, 0x0100, 0x1001, 0x0100, 0x1110, 0x1001, 0x1000, 0x1001
	.2byte 0x0000, 0x1111, 0x0000, 0x1001, 0x0000, 0x1001, 0x1000, 0x1001
	.2byte 0x0000, 0x0000, 0x0000, 0x0000, 0x0000, 0x0000, 0x0000, 0x0000
	.2byte 0x0000, 0x0000, 0x0001, 0x0000, 0x0010, 0x0000, 0x0100, 0x0000
	.2byte 0x0000, 0x0000, 0x0000, 0x0000, 0x0000, 0x0000, 0x0000, 0x0000
	.2byte 0x0000, 0x0000, 0x0000, 0x0000, 0x0000, 0x0000, 0x0000, 0x0000
	.2byte 0x0000, 0x0000, 0x0000, 0x0000, 0x0000, 0x0000, 0x0000, 0x0000
	.2byte 0x0000, 0x0000, 0x0000, 0x0000, 0x0000, 0x0000, 0x0000, 0x0000
	.2byte 0x0000, 0x0000, 0x0000, 0x0000, 0x0000, 0x0000, 0x0000, 0x0000
	.2byte 0x0000, 0x0000, 0x0000, 0x0000, 0x0000, 0x0000, 0x0000, 0x0000
	.2byte 0x0000, 0x0000, 0x0000, 0x0000, 0x0000, 0x0000, 0x0000, 0x0000
	.2byte 0x0000, 0x0000, 0x0000, 0x0000, 0x0000, 0x0000, 0x0000, 0x0000
	.2byte 0x0000, 0x0000, 0x0000, 0x0000, 0x0000, 0x0000, 0x0000, 0x0000
	.2byte 0x0000, 0x0000, 0x0000, 0x0000, 0x0000, 0x0000, 0x0000, 0x0000
	.2byte 0x0000, 0x0000, 0x0000, 0x0000, 0x0000, 0x0000, 0x0000, 0x0000
	.2byte 0x0000, 0x0000, 0x0000, 0x0000, 0x0000, 0x0000, 0x0000, 0x0000
	.2byte 0x0000, 0x0000, 0x0000, 0x0000, 0x0000, 0x0000, 0x0000, 0x0000
	.2byte 0x0000, 0x0000, 0x0000, 0x0000, 0x0000, 0x0000, 0x0000, 0x0000
	.2byte 0x0000, 0x0000, 0x0000, 0x0000, 0x0000, 0x0000, 0x0000, 0x0000
	.2byte 0x0000, 0x0000, 0x0000, 0x0000, 0x0000, 0x0000, 0x0000, 0x0000
	.2byte 0x0010, 0x0001, 0x0010, 0x0011, 0x0010, 0x0010, 0x0100, 0x0100
	.2byte 0x1000, 0x1100, 0x1000, 0x0001, 0x0000, 0x1001, 0x0000, 0x0110
	.2byte 0x0000, 0x0011, 0x1000, 0x0000, 0x0100, 0x0000, 0x0010, 0x0000
	.2byte 0x0001, 0x0000, 0x0011, 0x0000, 0x0010, 0x0000, 0x1100, 0x0000
	.2byte 0x0000, 0x0000, 0x0000, 0x0000, 0x0000, 0x0000, 0x0000, 0x0000
	.2byte 0x0000, 0x0000, 0x0000, 0x0000, 0x0000, 0x0000, 0x0000, 0x0000
	.2byte 0x0000, 0x0000, 0x0000, 0x0000, 0x0000, 0x0000, 0x0000, 0x0000
	.2byte 0x0000, 0x0000, 0x0000, 0x0000, 0x0000, 0x0000, 0x0000, 0x0000
	.2byte 0x0000, 0x0000, 0x0000, 0x0000, 0x0000, 0x0000, 0x0000, 0x0000
	.2byte 0x0000, 0x0000, 0x0000, 0x0000, 0x0000, 0x0000, 0x0000, 0x0000
	.2byte 0x0000, 0x0000, 0x0000, 0x0000, 0x0000, 0x0000, 0x0000, 0x0000
	.2byte 0x0000, 0x0000, 0x0000, 0x1100, 0x0000, 0x0100, 0x0000, 0x0011
	.2byte 0x1000, 0x0100, 0x1100, 0x0100, 0x0100, 0x0100, 0x0010, 0x0010
	.2byte 0x0011, 0x0001, 0x1000, 0x0001, 0x1000, 0x0000, 0x0110, 0x0000
	.2byte 0x1000, 0x0001, 0x0000, 0x0010, 0x0000, 0x0100, 0x0000, 0x1000
	.2byte 0x0000, 0x0000, 0x0000, 0x0000, 0x0000, 0x0000, 0x0000, 0x0000
	.2byte 0x0000, 0x0000, 0x0000, 0x0000, 0x0000, 0x0000, 0x0000, 0x0000
	.2byte 0x0001, 0x0000, 0x0001, 0x0000, 0x0010, 0x0000, 0x0100, 0x0000
	.2byte 0x0000, 0x0000, 0x0000, 0x0000, 0x0000, 0x0000, 0x0000, 0x0000
	.2byte 0x0000, 0x0000, 0x0000, 0x0000, 0x0000, 0x0000, 0x0000, 0x0000
	.2byte 0x0000, 0x0000, 0x0000, 0x0000, 0x0000, 0x0000, 0x0000, 0x0000
	.2byte 0x0000, 0x0000, 0x0000, 0x0000, 0x0000, 0x0000, 0x0000, 0x0000
	.2byte 0x0000, 0x0000, 0x0000, 0x0000, 0x0000, 0x0000, 0x0000, 0x0000
	.2byte 0x0000, 0x0000, 0x0000, 0x0000, 0x0000, 0x0000, 0x0000, 0x0000
	.2byte 0x0000, 0x0000, 0x0000, 0x0000, 0x0000, 0x0000, 0x0000, 0x0000
	.2byte 0x0000, 0x0000, 0x0000, 0x0000, 0x0000, 0x0000, 0x0000, 0x0000
	.2byte 0x0000, 0x0000, 0x0000, 0x0000, 0x0000, 0x0000, 0x0000, 0x0000
	.2byte 0x0000, 0x0000, 0x0000, 0x0000, 0x0000, 0x0000, 0x0000, 0x0000
	.2byte 0x0000, 0x0000, 0x0000, 0x0000, 0x0000, 0x0000, 0x0000, 0x0000
	.2byte 0x0000, 0x0000, 0x0000, 0x0000, 0x0000, 0x0000, 0x0000, 0x0000
	.2byte 0x0000, 0x0000, 0x0000, 0x0000, 0x0000, 0x0000, 0x0000, 0x0000
	.2byte 0x0000, 0x0000, 0x0000, 0x0000, 0x0000, 0x0000, 0x0000, 0x0000
	.2byte 0x0000, 0x0110, 0x0000, 0x1010, 0x0000, 0x0001, 0x0000, 0x0001
	.2byte 0x1000, 0x0000, 0x1000, 0x0000, 0x0100, 0x0000, 0x0100, 0x0000
	.2byte 0x0000, 0x0011, 0x0001, 0x1100, 0x0010, 0x0000, 0x1100, 0x0000
	.2byte 0x0000, 0x0011, 0x0000, 0x1100, 0x0000, 0x0000, 0x0000, 0x0000
	.2byte 0x0000, 0x0000, 0x0001, 0x0000, 0x1110, 0x0011, 0x0000, 0x1100
	.2byte 0x0000, 0x0000, 0x0001, 0x0000, 0x1110, 0x0011, 0x0000, 0x1100
	.2byte 0x0000, 0x0000, 0x0000, 0x0000, 0x0000, 0x0000, 0x1111, 0x1111
	.2byte 0x0000, 0x0000, 0x0000, 0x0000, 0x0000, 0x0000, 0x1111, 0x1111
	.2byte 0x0000, 0x0000, 0x0000, 0x1000, 0x1100, 0x0111, 0x0011, 0x0000
	.2byte 0x0000, 0x0000, 0x0000, 0x1000, 0x1100, 0x0111, 0x0011, 0x0000
	.2byte 0x1100, 0x0000, 0x0011, 0x1000, 0x0000, 0x0100, 0x0000, 0x0011
	.2byte 0x1100, 0x0000, 0x0011, 0x0000, 0x0000, 0x0000, 0x0000, 0x0000
	.2byte 0x0010, 0x0000, 0x0001, 0x0000, 0x0000, 0x0000, 0x0000, 0x0000
	.2byte 0x0000, 0x0000, 0x0000, 0x0000, 0x0000, 0x0000, 0x0000, 0x0000
	.2byte 0x0000, 0x0000, 0x0000, 0x0000, 0x0000, 0x0000, 0x0000, 0x0000
	.2byte 0x0000, 0x0000, 0x0000, 0x0000, 0x0000, 0x0000, 0x0000, 0x0000
	.2byte 0x1000, 0x0000, 0x1000, 0x0000, 0x0000, 0x0001, 0x0000, 0x0001
	.2byte 0x0000, 0x0010, 0x0000, 0x0010, 0x0000, 0x0100, 0x0000, 0x0100
	.2byte 0x0000, 0x0000, 0x0000, 0x0000, 0x0000, 0x0000, 0x0000, 0x0000
	.2byte 0x0000, 0x0000, 0x0000, 0x0000, 0x0000, 0x0000, 0x0000, 0x0000
	.2byte 0x0000, 0x0000, 0x0000, 0x0000, 0x0000, 0x0000, 0x0000, 0x0000
	.2byte 0x0000, 0x0000, 0x0000, 0x0000, 0x0000, 0x0000, 0x0000, 0x0000
	.2byte 0x0000, 0x0000, 0x0000, 0x0000, 0x0000, 0x0000, 0x0000, 0x0000
	.2byte 0x0000, 0x0000, 0x0000, 0x0000, 0x0000, 0x0000, 0x0000, 0x0000
	.2byte 0x0000, 0x0000, 0x0000, 0x0000, 0x0000, 0x0000, 0x0000, 0x0000
	.2byte 0x0000, 0x0000, 0x0000, 0x0000, 0x0000, 0x0000, 0x0000, 0x0000
	.2byte 0x0000, 0x0000, 0x0000, 0x0000, 0x0000, 0x0000, 0x0000, 0x0000
	.2byte 0x0000, 0x0000, 0x0000, 0x0000, 0x0000, 0x0000, 0x0000, 0x0000
	.2byte 0x0000, 0x0000, 0x0000, 0x0000, 0x0000, 0x0000, 0x0000, 0x0000
	.2byte 0x0000, 0x0000, 0x0000, 0x0000, 0x0000, 0x0000, 0x0000, 0x0000
	.2byte 0x0000, 0x0000, 0x0000, 0x0000, 0x0000, 0x0000, 0x0000, 0x0000
	.2byte 0x0000, 0x0000, 0x0000, 0x0000, 0x0000, 0x0000, 0x0000, 0x0000
	.2byte 0x0010, 0x0000, 0x0010, 0x0000, 0x0010, 0x0000, 0x0010, 0x0000
	.2byte 0x0001, 0x0000, 0x0001, 0x0000, 0x0001, 0x0000, 0x0001, 0x0000
	.2byte 0x0000, 0x0000, 0x0000, 0x0000, 0x0000, 0x0000, 0x0000, 0x0000
	.2byte 0x0000, 0x0000, 0x0000, 0x0000, 0x0000, 0x0000, 0x0000, 0x0000
	.2byte 0x0000, 0x0000, 0x0000, 0x0000, 0x0000, 0x0000, 0x0000, 0x0000
	.2byte 0x0000, 0x0000, 0x0000, 0x0000, 0x0000, 0x0000, 0x0000, 0x0000
	.2byte 0x0000, 0x0000, 0x0000, 0x0000, 0x0000, 0x0000, 0x0000, 0x0000
	.2byte 0x0000, 0x0000, 0x0000, 0x0000, 0x0000, 0x0000, 0x0000, 0x0000
	.2byte 0x0000, 0x0000, 0x0000, 0x0000, 0x0000, 0x0000, 0x0000, 0x0000
	.2byte 0x0000, 0x0000, 0x0000, 0x0000, 0x0000, 0x0000, 0x0000, 0x0000
	.2byte 0x0000, 0x0000, 0x0000, 0x0000, 0x0000, 0x0000, 0x0000, 0x0000
	.2byte 0x0000, 0x0000, 0x0000, 0x0000, 0x0000, 0x0000, 0x0000, 0x0000
	.2byte 0x0000, 0x0000, 0x0000, 0x0000, 0x0000, 0x0000, 0x0000, 0x0000
	.2byte 0x0000, 0x0000, 0x0000, 0x0000, 0x0000, 0x0000, 0x0000, 0x0000
	.2byte 0x0000, 0x0000, 0x0000, 0x0000, 0x0000, 0x0000, 0x0000, 0x0000
	.2byte 0x0000, 0x0000, 0x0000, 0x0000, 0x0000, 0x0000, 0x0000, 0x0000
	.2byte 0x0000, 0x1000, 0x0000, 0x1000, 0x0000, 0x1000, 0x0000, 0x1000
	.2byte 0x0000, 0x0000, 0x0000, 0x0000, 0x0000, 0x0000, 0x0000, 0x0000
	.2byte 0x0000, 0x0000, 0x0000, 0x0000, 0x0000, 0x0000, 0x0000, 0x0000
	.2byte 0x0001, 0x0000, 0x0001, 0x0000, 0x0001, 0x0000, 0x0001, 0x0000
	.2byte 0x0000, 0x0000, 0x0000, 0x0000, 0x0000, 0x0000, 0x0000, 0x0000
	.2byte 0x0000, 0x0000, 0x0000, 0x0000, 0x0000, 0x0000, 0x0000, 0x0000
	.2byte 0x0000, 0x0000, 0x0000, 0x0000, 0x0000, 0x0000, 0x0000, 0x0000
	.2byte 0x0000, 0x0000, 0x0000, 0x0000, 0x0000, 0x0000, 0x0000, 0x0000
	.2byte 0x0000, 0x0000, 0x0000, 0x0000, 0x0000, 0x0000, 0x0000, 0x0000
	.2byte 0x0000, 0x0000, 0x0000, 0x0000, 0x0000, 0x0000, 0x0000, 0x0000
	.2byte 0x0000, 0x0000, 0x0000, 0x0000, 0x0000, 0x0000, 0x0000, 0x0000
	.2byte 0x0000, 0x0000, 0x0000, 0x0000, 0x0000, 0x0000, 0x0000, 0x0000
	.2byte 0x0000, 0x0000, 0x0000, 0x0000, 0x0000, 0x0000, 0x0000, 0x0000
	.2byte 0x0000, 0x0000, 0x0000, 0x0000, 0x0000, 0x0000, 0x0000, 0x0000
	.2byte 0x0000, 0x0000, 0x0000, 0x0000, 0x0000, 0x0000, 0x0000, 0x0000
	.2byte 0x0000, 0x0000, 0x0000, 0x0000, 0x0000, 0x0000, 0x0000, 0x0000
	.2byte 0x0001, 0x0000, 0x0001, 0x0000, 0x0001, 0x0000, 0x0001, 0x0000
	.2byte 0x0001, 0x0000, 0x0001, 0x0000, 0x0001, 0x0000, 0x0001, 0x0000
	.2byte 0x0000, 0x0000, 0x0000, 0x0000, 0x0000, 0x0000, 0x0000, 0x0000
	.2byte 0x0000, 0x0000, 0x0000, 0x0000, 0x0000, 0x0000, 0x0000, 0x0000
	.2byte 0x0000, 0x0000, 0x0000, 0x0000, 0x0000, 0x0000, 0x0000, 0x0000
	.2byte 0x0000, 0x0000, 0x0000, 0x0000, 0x0000, 0x0000, 0x0000, 0x0000
	.2byte 0x0000, 0x0000, 0x0000, 0x0000, 0x0000, 0x0000, 0x0000, 0x0000
	.2byte 0x0000, 0x0000, 0x0000, 0x0000, 0x0000, 0x0000, 0x0000, 0x0000
	.2byte 0x0000, 0x0000, 0x0000, 0x0000, 0x0000, 0x0000, 0x0000, 0x0000
	.2byte 0x0000, 0x0000, 0x0000, 0x0000, 0x0000, 0x0000, 0x0000, 0x0000
	.2byte 0x0000, 0x0000, 0x0000, 0x0000, 0x0000, 0x0000, 0x0000, 0x0000
	.2byte 0x0000, 0x0000, 0x0000, 0x0000, 0x0000, 0x0000, 0x0000, 0x0000
	.2byte 0x0000, 0x0000, 0x0000, 0x0000, 0x0000, 0x0000, 0x0000, 0x0000
	.2byte 0x0000, 0x0000, 0x0000, 0x0000, 0x0000, 0x0000, 0x0000, 0x0000
	.2byte 0x0000, 0x0000, 0x0000, 0x0000, 0x0000, 0x0000, 0x0000, 0x0000
	.2byte 0x0000, 0x0000, 0x0000, 0x0000, 0x0000, 0x0000, 0x0000, 0x0000
	.2byte 0x0000, 0x0000, 0x0000, 0x0000, 0x0000, 0x0000, 0x0000, 0x0000
	.2byte 0x0000, 0x0000, 0x0000, 0x0000, 0x0000, 0x0000, 0x0000, 0x0000
	.2byte 0x0001, 0x0000, 0x0001, 0x0000, 0x0001, 0x0000, 0x0001, 0x0000
	.2byte 0x0001, 0x0000, 0x0001, 0x0000, 0x0001, 0x0000, 0x0001, 0x0000
	.2byte 0x0000, 0x0000, 0x0000, 0x0000, 0x0000, 0x0000, 0x0000, 0x0000
	.2byte 0x0000, 0x0000, 0x0000, 0x0000, 0x0000, 0x0000, 0x0000, 0x0000
	.2byte 0x0000, 0x0000, 0x0000, 0x0000, 0x0000, 0x0000, 0x0000, 0x0000
	.2byte 0x0000, 0x0000, 0x0000, 0x0000, 0x0000, 0x0000, 0x0000, 0x0000
	.2byte 0x0000, 0x0000, 0x0000, 0x0000, 0x0000, 0x0000, 0x0000, 0x0000
	.2byte 0x0000, 0x0000, 0x0000, 0x0000, 0x0000, 0x0000, 0x0000, 0x0000
	.2byte 0x0000, 0x0000, 0x0000, 0x0000, 0x0000, 0x0000, 0x0000, 0x0000
	.2byte 0x0000, 0x0000, 0x0000, 0x0000, 0x0000, 0x0000, 0x0000, 0x0000
	.2byte 0x0000, 0x0000, 0x0000, 0x0000, 0x0000, 0x0000, 0x0000, 0x0000
	.2byte 0x0000, 0x0000, 0x0000, 0x0000, 0x0000, 0x0000, 0x0000, 0x0000
	.2byte 0x0000, 0x0000, 0x0000, 0x0000, 0x0000, 0x0000, 0x0000, 0x0000
	.2byte 0x0000, 0x0000, 0x0000, 0x0000, 0x0000, 0x0000, 0x0000, 0x0000
	.2byte 0x0001, 0x0000, 0x0001, 0x0000, 0x0001, 0x0000, 0x0001, 0x0000
	.2byte 0x0001, 0x0000, 0x0010, 0x0000, 0x0010, 0x0000, 0x0010, 0x0000
	.2byte 0x0000, 0x0000, 0x0000, 0x0000, 0x0000, 0x0000, 0x0000, 0x0000
	.2byte 0x0000, 0x0000, 0x0000, 0x0000, 0x0000, 0x0000, 0x0000, 0x0000
	.2byte 0x0000, 0x0000, 0x0000, 0x0000, 0x0000, 0x0000, 0x0000, 0x0000
	.2byte 0x0000, 0x0000, 0x0000, 0x0000, 0x0000, 0x0000, 0x0000, 0x0000
	.2byte 0x0000, 0x0000, 0x0000, 0x0000, 0x0000, 0x0000, 0x0000, 0x0000
	.2byte 0x0000, 0x0000, 0x0000, 0x0000, 0x0000, 0x0000, 0x0000, 0x0000
	.2byte 0x0000, 0x0000, 0x0000, 0x0000, 0x0000, 0x0000, 0x0000, 0x0000
	.2byte 0x0000, 0x0000, 0x0000, 0x0000, 0x0000, 0x0000, 0x0000, 0x0000
	.2byte 0x0000, 0x0000, 0x0000, 0x0000, 0x0000, 0x0000, 0x0000, 0x0000
	.2byte 0x0000, 0x0000, 0x0000, 0x0000, 0x0000, 0x0000, 0x0000, 0x0000
	.2byte 0x0000, 0x0000, 0x0000, 0x0000, 0x0000, 0x0000, 0x0000, 0x0000
	.2byte 0x0000, 0x0000, 0x0000, 0x0000, 0x0000, 0x0000, 0x0000, 0x0000
	.2byte 0x0000, 0x0000, 0x0000, 0x0000, 0x0000, 0x0000, 0x0000, 0x0000
	.2byte 0x0000, 0x0000, 0x0000, 0x0000, 0x0000, 0x0000, 0x0000, 0x0000
	.2byte 0x0000, 0x0000, 0x0000, 0x0000, 0x0000, 0x0000, 0x0000, 0x0000
	.2byte 0x0000, 0x0000, 0x0000, 0x1000, 0x0000, 0x1000, 0x0000, 0x1000
	.2byte 0x0001, 0x0000, 0x0001, 0x0000, 0x0001, 0x0000, 0x0001, 0x0000
	.2byte 0x0001, 0x0000, 0x0000, 0x0000, 0x0000, 0x0000, 0x0000, 0x0000
	.2byte 0x0000, 0x0000, 0x0000, 0x0000, 0x0000, 0x0000, 0x0000, 0x0000
	.2byte 0x0000, 0x0000, 0x0000, 0x0000, 0x0000, 0x0000, 0x0000, 0x0000
	.2byte 0x0000, 0x0000, 0x0000, 0x0000, 0x0000, 0x0000, 0x0000, 0x0000
	.2byte 0x0000, 0x0000, 0x0000, 0x0000, 0x0000, 0x0000, 0x0000, 0x0000
	.2byte 0x0000, 0x0000, 0x0000, 0x0000, 0x0000, 0x0000, 0x0000, 0x0000
	.2byte 0x0000, 0x0000, 0x0000, 0x0000, 0x0000, 0x0000, 0x0000, 0x0000
	.2byte 0x0000, 0x0000, 0x0000, 0x0000, 0x0000, 0x0000, 0x0000, 0x0000
	.2byte 0x0000, 0x0000, 0x0000, 0x0000, 0x0000, 0x0000, 0x0000, 0x0000
	.2byte 0x0000, 0x0000, 0x0000, 0x0000, 0x0000, 0x0000, 0x0000, 0x0000
	.2byte 0x0000, 0x0000, 0x0000, 0x0000, 0x0000, 0x0000, 0x0000, 0x0000
	.2byte 0x0000, 0x0000, 0x0000, 0x0000, 0x0000, 0x0000, 0x0000, 0x0000
	.2byte 0x0000, 0x0000, 0x0000, 0x0000, 0x0000, 0x0000, 0x0000, 0x0000
	.2byte 0x0010, 0x0000, 0x0100, 0x0000, 0x0100, 0x0000, 0x1000, 0x0000
	.2byte 0x1000, 0x0000, 0x0000, 0x0001, 0x0000, 0x0001, 0x0000, 0x0010
	.2byte 0x0000, 0x0000, 0x0000, 0x0000, 0x0000, 0x0000, 0x0000, 0x0000
	.2byte 0x0000, 0x0000, 0x0000, 0x0000, 0x0000, 0x0000, 0x0000, 0x0000
	.2byte 0x0000, 0x0000, 0x0000, 0x0000, 0x0000, 0x0000, 0x0000, 0x0000
	.2byte 0x0000, 0x0000, 0x0000, 0x0000, 0x0000, 0x0000, 0x0000, 0x0000
	.2byte 0x0000, 0x0000, 0x0000, 0x0000, 0x0000, 0x0000, 0x0000, 0x0000
	.2byte 0x0000, 0x0000, 0x0000, 0x0000, 0x0000, 0x0000, 0x0000, 0x0000
	.2byte 0x0000, 0x0000, 0x0000, 0x0000, 0x0000, 0x0000, 0x0000, 0x0000
	.2byte 0x0000, 0x0000, 0x0000, 0x0000, 0x0000, 0x0000, 0x0000, 0x0000
	.2byte 0x0000, 0x0000, 0x0000, 0x0000, 0x0000, 0x0000, 0x0000, 0x0000
	.2byte 0x0000, 0x0000, 0x0000, 0x0000, 0x0000, 0x0000, 0x0000, 0x0000
	.2byte 0x0000, 0x0000, 0x0000, 0x0000, 0x0000, 0x0000, 0x0000, 0x0000
	.2byte 0x0000, 0x0000, 0x0000, 0x0000, 0x0000, 0x0000, 0x0000, 0x0000
	.2byte 0x0000, 0x0000, 0x0000, 0x0000, 0x0000, 0x0000, 0x0000, 0x0000
	.2byte 0x0000, 0x0000, 0x0000, 0x0000, 0x0000, 0x0000, 0x0000, 0x0000
	.2byte 0x0000, 0x1000, 0x0000, 0x0100, 0x0000, 0x0100, 0x0000, 0x0010
	.2byte 0x0000, 0x0010, 0x0000, 0x0001, 0x0000, 0x0001, 0x1000, 0x0000
	.2byte 0x0000, 0x0000, 0x0000, 0x0000, 0x0000, 0x0000, 0x0000, 0x0000
	.2byte 0x0000, 0x0000, 0x0000, 0x0000, 0x0000, 0x0000, 0x0000, 0x0000
	.2byte 0x0000, 0x0000, 0x0000, 0x0000, 0x0000, 0x0000, 0x0000, 0x0000
	.2byte 0x0000, 0x0000, 0x0000, 0x0000, 0x0000, 0x0000, 0x0000, 0x0000
	.2byte 0x0000, 0x0000, 0x0000, 0x0000, 0x0000, 0x0000, 0x0000, 0x0000
	.2byte 0x0000, 0x0000, 0x0000, 0x0000, 0x0000, 0x0000, 0x0000, 0x0000
	.2byte 0x0000, 0x0000, 0x0000, 0x0000, 0x0000, 0x0000, 0x0000, 0x0000
	.2byte 0x0000, 0x0000, 0x0000, 0x0000, 0x0000, 0x0000, 0x0000, 0x0000
	.2byte 0x0000, 0x0000, 0x0000, 0x0000, 0x0000, 0x0000, 0x0000, 0x0000
	.2byte 0x0000, 0x0000, 0x0000, 0x0000, 0x0000, 0x0000, 0x0000, 0x0000
	.2byte 0x0000, 0x0000, 0x0000, 0x0000, 0x0000, 0x0000, 0x0000, 0x0000
	.2byte 0x0000, 0x0000, 0x0000, 0x0000, 0x0000, 0x0000, 0x0000, 0x0000
	.2byte 0x0000, 0x0000, 0x0000, 0x0000, 0x0000, 0x0000, 0x0000, 0x0000
	.2byte 0x0000, 0x0000, 0x0000, 0x0000, 0x0000, 0x0000, 0x0000, 0x0000
	.2byte 0x0000, 0x0010, 0x0000, 0x0100, 0x0000, 0x1000, 0x0000, 0x0000
	.2byte 0x0000, 0x0000, 0x0000, 0x0000, 0x0000, 0x0000, 0x0000, 0x0000
	.2byte 0x0000, 0x0000, 0x0000, 0x0000, 0x0000, 0x0000, 0x0001, 0x0000
	.2byte 0x0001, 0x0000, 0x0010, 0x0000, 0x0100, 0x0000, 0x1000, 0x0000
	.2byte 0x0000, 0x0000, 0x0000, 0x0000, 0x0000, 0x0000, 0x0000, 0x0000
	.2byte 0x0000, 0x0000, 0x0000, 0x0000, 0x0000, 0x0000, 0x0000, 0x0000
	.2byte 0x0000, 0x0000, 0x0000, 0x0000, 0x0000, 0x0000, 0x0000, 0x0000
	.2byte 0x0000, 0x0000, 0x0000, 0x0000, 0x0000, 0x1000, 0x0000, 0x0100
	.2byte 0x0000, 0x0000, 0x0000, 0x0000, 0x0000, 0x1100, 0x0000, 0x0011
	.2byte 0x1100, 0x0000, 0x0010, 0x0000, 0x0001, 0x1100, 0x0000, 0x0011
	.2byte 0x0000, 0x1100, 0x1110, 0x0011, 0x0001, 0x0000, 0x0000, 0x0000
	.2byte 0x0000, 0x1100, 0x1110, 0x0011, 0x0001, 0x0000, 0x0000, 0x0000
	.2byte 0x1111, 0x1111, 0x0000, 0x0000, 0x0000, 0x0000, 0x0000, 0x0000
	.2byte 0x1111, 0x1111, 0x0000, 0x0000, 0x0000, 0x0000, 0x0000, 0x0000
	.2byte 0x0011, 0x0000, 0x1100, 0x0111, 0x0000, 0x1000, 0x0000, 0x0000
	.2byte 0x0011, 0x0000, 0x1100, 0x1111, 0x0000, 0x1100, 0x0000, 0x0010
	.2byte 0x1000, 0x0000, 0x0100, 0x0000, 0x0011, 0x0000, 0x1101, 0x0000
	.2byte 0x0001, 0x0011, 0x0000, 0x0100, 0x0011, 0x1000, 0x1100, 0x0000
	.2byte 0x0000, 0x0000, 0x0000, 0x0000, 0x0000, 0x0000, 0x0000, 0x0000
	.2byte 0x0000, 0x0000, 0x0000, 0x0000, 0x0001, 0x0000, 0x0010, 0x0000
	.2byte 0x0000, 0x0000, 0x0000, 0x0000, 0x0000, 0x0000, 0x0000, 0x0000
	.2byte 0x0000, 0x0000, 0x0000, 0x0000, 0x0000, 0x0000, 0x0000, 0x0000
	.2byte 0x0000, 0x0000, 0x0000, 0x0000, 0x0000, 0x0000, 0x0000, 0x0000
	.2byte 0x0000, 0x0000, 0x0000, 0x0000, 0x0000, 0x0000, 0x0000, 0x0000
	.2byte 0x0000, 0x0000, 0x0000, 0x0000, 0x0000, 0x0000, 0x0000, 0x0000
	.2byte 0x0000, 0x0000, 0x0000, 0x0000, 0x0000, 0x0000, 0x0000, 0x0000
	.2byte 0x0000, 0x0000, 0x0000, 0x0000, 0x0000, 0x0000, 0x0000, 0x0000
	.2byte 0x0000, 0x0000, 0x0000, 0x0000, 0x0000, 0x0000, 0x0000, 0x0000
	.2byte 0x0000, 0x0000, 0x0000, 0x0000, 0x0000, 0x0000, 0x0000, 0x0000
	.2byte 0x0000, 0x0000, 0x0000, 0x0000, 0x0000, 0x0000, 0x0000, 0x0000
	.2byte 0x0000, 0x0000, 0x0000, 0x0000, 0x0000, 0x0000, 0x0000, 0x0000
	.2byte 0x0000, 0x0000, 0x0000, 0x0000, 0x0000, 0x0000, 0x0000, 0x0000
	.2byte 0x0000, 0x0000, 0x0000, 0x0000, 0x0000, 0x0000, 0x0000, 0x0000
	.2byte 0x0000, 0x0000, 0x0000, 0x0000, 0x0000, 0x0000, 0x0000, 0x0000
	.2byte 0x0000, 0x0011, 0x0000, 0x0100, 0x0000, 0x1000, 0x0000, 0x0000
	.2byte 0x0000, 0x0000, 0x0000, 0x0000, 0x0000, 0x0000, 0x0000, 0x0000
	.2byte 0x0000, 0x0000, 0x0000, 0x0000, 0x0000, 0x0000, 0x0011, 0x0000
	.2byte 0x1100, 0x0000, 0x0000, 0x0011, 0x0000, 0x1100, 0x0000, 0x0000
	.2byte 0x0000, 0x0110, 0x0000, 0x0001, 0x1000, 0x0001, 0x1000, 0x1100
	.2byte 0x0100, 0x0100, 0x0010, 0x0010, 0x0010, 0x0011, 0x1111, 0x0001
	.2byte 0x1100, 0x0000, 0x0010, 0x0000, 0x0011, 0x0000, 0x0000, 0x0000
	.2byte 0x0000, 0x0000, 0x0000, 0x0000, 0x0000, 0x0000, 0x0000, 0x0000
	.2byte 0x0000, 0x0000, 0x0000, 0x0000, 0x0000, 0x0000, 0x0000, 0x0000
	.2byte 0x0000, 0x0000, 0x0000, 0x0000, 0x0000, 0x0000, 0x0000, 0x1110
	.2byte 0x0000, 0x0000, 0x0000, 0x0000, 0x0000, 0x0000, 0x0000, 0x1000
	.2byte 0x0000, 0x0110, 0x1000, 0x0001, 0x0110, 0x0000, 0x0001, 0x0000
	.2byte 0x1000, 0x0001, 0x0100, 0x0000, 0x0010, 0x0000, 0x0001, 0x0000
	.2byte 0x0000, 0x0000, 0x0000, 0x0000, 0x0000, 0x0000, 0x0000, 0x0000
	.2byte 0x0000, 0x0011, 0x0000, 0x0100, 0x0000, 0x1100, 0x0000, 0x0000
	.2byte 0x0000, 0x0000, 0x0000, 0x0000, 0x0000, 0x0000, 0x0000, 0x0000
	.2byte 0x0110, 0x0000, 0x1000, 0x0000, 0x1000, 0x0001, 0x0011, 0x0001
	.2byte 0x0010, 0x0010, 0x0100, 0x0100, 0x1100, 0x0100, 0x1000, 0x0100
	.2byte 0x0000, 0x0000, 0x0000, 0x0000, 0x0000, 0x0000, 0x0000, 0x0000
	.2byte 0x0000, 0x0000, 0x0000, 0x0000, 0x0000, 0x0000, 0x0000, 0x0000
	.2byte 0x0000, 0x0000, 0x0000, 0x0000, 0x0000, 0x0000, 0x0000, 0x0000
	.2byte 0x0000, 0x0000, 0x0000, 0x0000, 0x0000, 0x0000, 0x0000, 0x0000
	.2byte 0x0000, 0x0000, 0x0000, 0x0000, 0x0000, 0x0000, 0x0000, 0x0000
	.2byte 0x0000, 0x0000, 0x0000, 0x0000, 0x0000, 0x0000, 0x0000, 0x0000
	.2byte 0x0000, 0x0000, 0x0000, 0x0000, 0x0000, 0x0000, 0x0000, 0x0000
	.2byte 0x0000, 0x0000, 0x0000, 0x0000, 0x0000, 0x0000, 0x0000, 0x0000
	.2byte 0x0000, 0x0000, 0x0000, 0x0000, 0x0000, 0x0000, 0x0000, 0x0000
	.2byte 0x0000, 0x0000, 0x0000, 0x0000, 0x0000, 0x0000, 0x0000, 0x0000
	.2byte 0x0000, 0x0000, 0x0000, 0x0000, 0x0000, 0x0000, 0x0000, 0x0000
	.2byte 0x0000, 0x0000, 0x0000, 0x0000, 0x0000, 0x0000, 0x0000, 0x0000
	.2byte 0x0000, 0x0000, 0x0000, 0x0000, 0x0000, 0x0000, 0x0000, 0x0000
	.2byte 0x0000, 0x0000, 0x0000, 0x0000, 0x0000, 0x0000, 0x0000, 0x0000
	.2byte 0x0000, 0x0000, 0x0000, 0x0000, 0x0000, 0x0000, 0x0000, 0x0000
	.2byte 0x0000, 0x0000, 0x0000, 0x0000, 0x0000, 0x0000, 0x0000, 0x0000
	.2byte 0x0000, 0x0000, 0x0000, 0x0000, 0x0000, 0x0000, 0x0000, 0x0000
	.2byte 0x0000, 0x0000, 0x0000, 0x0000, 0x0000, 0x0000, 0x0000, 0x0000
	.2byte 0x1001, 0x1111, 0x1001, 0x0000, 0x1001, 0x0000, 0x1001, 0x0000
	.2byte 0x1001, 0x0000, 0x1001, 0x0001, 0x0010, 0x0001, 0x0010, 0x0011
	.2byte 0x1111, 0x1111, 0x0000, 0x0000, 0x0000, 0x0000, 0x0000, 0x0000
	.2byte 0x0000, 0x0000, 0x0000, 0x0000, 0x0000, 0x0000, 0x0000, 0x0000
	.2byte 0x1111, 0x0001, 0x0000, 0x0000, 0x0000, 0x0000, 0x0000, 0x0000
	.2byte 0x0000, 0x0000, 0x0000, 0x0000, 0x0000, 0x0000, 0x0000, 0x0000
	.2byte 0x0000, 0x0000, 0x0000, 0x0000, 0x0000, 0x0000, 0x0000, 0x0000
	.2byte 0x0000, 0x0000, 0x0000, 0x0000, 0x0000, 0x0000, 0x0000, 0x0000
	.2byte 0x0000, 0x0000, 0x0000, 0x0000, 0x0000, 0x0000, 0x0000, 0x0000
	.2byte 0x0000, 0x0000, 0x0000, 0x0000, 0x0000, 0x0000, 0x0000, 0x0000
	.2byte 0x0000, 0x0000, 0x0000, 0x0000, 0x0000, 0x0000, 0x0000, 0x0000
	.2byte 0x0000, 0x0000, 0x0000, 0x0000, 0x0000, 0x0000, 0x0000, 0x0000
	.2byte 0x1000, 0x1001, 0x0000, 0x1001, 0x0000, 0x1001, 0x0000, 0x1001
	.2byte 0x0000, 0x1001, 0x1000, 0x1001, 0x1000, 0x0100, 0x1100, 0x0100
	.2byte 0x0000, 0x0000, 0x0000, 0x0000, 0x0000, 0x0000, 0x0000, 0x0000
	.2byte 0x0000, 0x0000, 0x0000, 0x0000, 0x0000, 0x0000, 0x0000, 0x0000
	.2byte 0x0000, 0x0000, 0x0000, 0x0000, 0x0000, 0x0000, 0x0000, 0x0000
	.2byte 0x0000, 0x0000, 0x0000, 0x0000, 0x0000, 0x0000, 0x0000, 0x0000
	.2byte 0x0000, 0x0000, 0x0000, 0x0000, 0x0000, 0x0000, 0x0000, 0x0000
	.2byte 0x0000, 0x0000, 0x0000, 0x0000, 0x0000, 0x0000, 0x0000, 0x0000
	.2byte 0x0000, 0x0000, 0x0000, 0x0000, 0x0000, 0x0000, 0x0000, 0x0000
	.2byte 0x0000, 0x0000, 0x0000, 0x0000, 0x0000, 0x0000, 0x0000, 0x0000
	.2byte 0x0000, 0x0000, 0x0000, 0x0000, 0x0000, 0x0000, 0x0000, 0x0000
	.2byte 0x0000, 0x0000, 0x0000, 0x0000, 0x0000, 0x0000, 0x0000, 0x0000
	.2byte 0x0000, 0x0000, 0x0000, 0x0000, 0x0000, 0x0000, 0x0000, 0x0000
	.2byte 0x0000, 0x0000, 0x0000, 0x0000, 0x0000, 0x0000, 0x0000, 0x0000
	.2byte 0x0000, 0x0000, 0x0000, 0x0000, 0x0000, 0x0000, 0x0000, 0x0000
	.2byte 0x0000, 0x0000, 0x0000, 0x0000, 0x0000, 0x0000, 0x0000, 0x0000
	.2byte 0x0000, 0x0000, 0x0000, 0x0000, 0x0000, 0x0000, 0x0000, 0x0000
	.2byte 0x0000, 0x0000, 0x0000, 0x0000, 0x0000, 0x0000, 0x0000, 0x0000
	.2byte 0x0000, 0x0000, 0x0000, 0x0000, 0x0000, 0x0000, 0x0000, 0x0000
	.2byte 0x0000, 0x0000, 0x0000, 0x0000, 0x0000, 0x0000, 0x0000, 0x0000
	.2byte 0x0010, 0x0010, 0x0100, 0x0100, 0x1000, 0x1100, 0x1000, 0x0001
	.2byte 0x0000, 0x0001, 0x0000, 0x0110, 0x0000, 0x0100, 0x0000, 0x1000
	.2byte 0x0000, 0x0000, 0x0000, 0x0000, 0x0000, 0x0000, 0x0011, 0x0000
	.2byte 0x0010, 0x0000, 0x1100, 0x0000, 0x0000, 0x0011, 0x0001, 0x1100
	.2byte 0x0000, 0x0000, 0x0000, 0x0000, 0x0000, 0x0000, 0x0000, 0x0000
	.2byte 0x0000, 0x0000, 0x0000, 0x0000, 0x0000, 0x0000, 0x0001, 0x0000
	.2byte 0x0000, 0x0000, 0x0000, 0x0000, 0x0000, 0x0000, 0x0000, 0x0000
	.2byte 0x0000, 0x0000, 0x0000, 0x0000, 0x0000, 0x0000, 0x0000, 0x0000
	.2byte 0x0000, 0x0000, 0x0000, 0x0000, 0x0000, 0x0000, 0x0000, 0x0000
	.2byte 0x0000, 0x0000, 0x0000, 0x0000, 0x0000, 0x0000, 0x0000, 0x1000
	.2byte 0x0000, 0x0000, 0x0000, 0x0000, 0x0000, 0x0000, 0x0000, 0x1100
	.2byte 0x0000, 0x0100, 0x0000, 0x0011, 0x1100, 0x0000, 0x0011, 0x1000
	.2byte 0x0100, 0x0100, 0x0010, 0x0010, 0x0011, 0x0001, 0x1000, 0x0001
	.2byte 0x1000, 0x0000, 0x0110, 0x0000, 0x0010, 0x0000, 0x0001, 0x0000
	.2byte 0x0000, 0x0000, 0x0000, 0x0000, 0x0000, 0x0000, 0x0000, 0x0000
	.2byte 0x0000, 0x0000, 0x0000, 0x0000, 0x0000, 0x0000, 0x0000, 0x0000
	.2byte 0x0000, 0x0000, 0x0000, 0x0000, 0x0000, 0x0000, 0x0000, 0x0000
	.2byte 0x0000, 0x0000, 0x0000, 0x0000, 0x0000, 0x0000, 0x0000, 0x0000
	.2byte 0x0000, 0x0000, 0x0000, 0x0000, 0x0000, 0x0000, 0x0000, 0x0000
	.2byte 0x0000, 0x0000, 0x0000, 0x0000, 0x0000, 0x0000, 0x0000, 0x0000
	.2byte 0x0000, 0x0000, 0x0000, 0x0000, 0x0000, 0x0000, 0x0000, 0x0000
	.2byte 0x0000, 0x0000, 0x0000, 0x0000, 0x0000, 0x0000, 0x0000, 0x0000
	.2byte 0x0000, 0x0000, 0x0000, 0x0000, 0x0000, 0x0000, 0x0000, 0x0000
	.2byte 0x0000, 0x0000, 0x0000, 0x0000, 0x0000, 0x0000, 0x0000, 0x0000
	.2byte 0x0000, 0x0000, 0x0000, 0x0000, 0x0000, 0x0000, 0x0000, 0x0000
	.2byte 0x0000, 0x0000, 0x0000, 0x0000, 0x0000, 0x0000, 0x0000, 0x0000
	.2byte 0x0000, 0x0000, 0x0000, 0x0000, 0x0000, 0x0000, 0x0000, 0x0000
	.2byte 0x0000, 0x0000, 0x0000, 0x0000, 0x0000, 0x0000, 0x0000, 0x0000
	.2byte 0x0000, 0x0000, 0x0000, 0x0000, 0x0000, 0x0000, 0x0000, 0x0000
	.2byte 0x0000, 0x0000, 0x0000, 0x0000, 0x0000, 0x0000, 0x0000, 0x0000
	.2byte 0x0000, 0x0000, 0x0000, 0x0000, 0x0000, 0x0000, 0x0000, 0x0000
	.2byte 0x0000, 0x0000, 0x0000, 0x0000, 0x0000, 0x0000, 0x0000, 0x0000
	.2byte 0x0000, 0x0000, 0x0000, 0x0000, 0x0000, 0x0000, 0x0000, 0x0000
	.2byte 0x0000, 0x0000, 0x0000, 0x0000, 0x0000, 0x0000, 0x0000, 0x0000
	.2byte 0x0010, 0x0000, 0x1100, 0x0000, 0x0000, 0x0011, 0x0000, 0x1100
	.2byte 0x0000, 0x0000, 0x0000, 0x0000, 0x0000, 0x0000, 0x0000, 0x0000
	.2byte 0x1110, 0x0011, 0x0000, 0x1100, 0x0000, 0x0000, 0x0001, 0x0000
	.2byte 0x1110, 0x0011, 0x0000, 0x1100, 0x0000, 0x0000, 0x0000, 0x0000
	.2byte 0x0000, 0x0000, 0x1111, 0x1111, 0x0000, 0x0000, 0x0000, 0x0000
	.2byte 0x0000, 0x0000, 0x1111, 0x1111, 0x0000, 0x0000, 0x0000, 0x0000
	.2byte 0x1100, 0x0111, 0x0011, 0x0000, 0x0000, 0x0000, 0x0000, 0x1000
	.2byte 0x1100, 0x0111, 0x0011, 0x0000, 0x0000, 0x0000, 0x0000, 0x0000
	.2byte 0x0000, 0x0100, 0x0000, 0x0011, 0x1100, 0x0000, 0x0011, 0x0000
	.2byte 0x0000, 0x0000, 0x0000, 0x0000, 0x0000, 0x0000, 0x0000, 0x0000
	.2byte 0x0000, 0x0000, 0x0000, 0x0000, 0x0000, 0x0000, 0x0000, 0x0000
	.2byte 0x0000, 0x0000, 0x0000, 0x0000, 0x0000, 0x0000, 0x0000, 0x0000
	.2byte 0x0000, 0x0000, 0x0000, 0x0000, 0x0000, 0x0000, 0x0000, 0x0000
	.2byte 0x0000, 0x0000, 0x0000, 0x0000, 0x0000, 0x0000, 0x0000, 0x0000
	.2byte 0x0000, 0x0000, 0x0000, 0x0000, 0x0000, 0x0000, 0x0000, 0x0000
	.2byte 0x0000, 0x0000, 0x0000, 0x0000, 0x0000, 0x0000, 0x0000, 0x0000
	.2byte 0x0000, 0x0000, 0x0000, 0x0000, 0x0000, 0x0000, 0x0000, 0x0000
	.2byte 0x0000, 0x0000, 0x0000, 0x0000, 0x0000, 0x0000, 0x0000, 0x0000
	.2byte 0x0000, 0x0000, 0x0000, 0x0000, 0x0000, 0x0000, 0x0000, 0x0000
	.2byte 0x0000, 0x0000, 0x0000, 0x0000, 0x0000, 0x0000, 0x0000, 0x0000
	.2byte 0x0000, 0x0000, 0x0000, 0x0000, 0x0000, 0x0000, 0x0000, 0x0000
	.2byte 0x0000, 0x0000, 0x0000, 0x0000, 0x0000, 0x0000, 0x0000, 0x0000
	.2byte 0x0000, 0x0000, 0x0000, 0x0000, 0x0000, 0x0000, 0x0000, 0x0000
	.2byte 0x0000, 0x0000, 0x0000, 0x0000, 0x0000, 0x0000, 0x0000, 0x0000
	.2byte 0x0000, 0x0000, 0x0000, 0x0000, 0x0000, 0x0000, 0x0000, 0x0000
	.2byte 0x0000, 0x0000, 0x0000, 0x0000, 0x0000, 0x0000, 0x0000, 0x0000
	.2byte 0x0000, 0x0000, 0x0000, 0x0000, 0x0000, 0x0000, 0x0000, 0x0000
	.2byte 0x0000, 0x0000, 0x0000, 0x0000, 0x0000, 0x0000, 0x0000, 0x0000
	.2byte 0x0000, 0x0000, 0x0000, 0x0000, 0x0000, 0x0000, 0x0000, 0x0000
	.2byte 0x0000, 0x0000, 0x0000, 0x0000, 0x0000, 0x0000, 0x0000, 0x0000
	.2byte 0x0000, 0x0000, 0x0000, 0x0000, 0x0000, 0x0000, 0x0000, 0x0000
	.2byte 0x0000, 0x0000, 0x0000, 0x0000, 0x0000, 0x0000, 0x0000, 0x0000
	.2byte 0x0000, 0x0000, 0x0000, 0x0000, 0x0000, 0x0000, 0x0000, 0x0000
	.2byte 0x0000, 0x0000, 0x0000, 0x0000, 0x0000, 0x0000, 0x0000, 0x0000
	.2byte 0x0000, 0x0000, 0x0000, 0x0000, 0x0000, 0x0000, 0x0000, 0x0000
	.2byte 0x0000, 0x0000, 0x0000, 0x0000, 0x0000, 0x0000, 0x0000, 0x0000
	.2byte 0x0000, 0x0000, 0x0000, 0x0000, 0x0000, 0x0000, 0x0000, 0x0000
	.2byte 0x0000, 0x0000, 0x0000, 0x0000, 0x0000, 0x0000, 0x0000, 0x0000
	.2byte 0x0000, 0x0000, 0x0000, 0x0000, 0x0000, 0x0000, 0x0000, 0x0000
	.2byte 0x0000, 0x0000, 0x0000, 0x0000, 0x0000, 0x0000, 0x0000, 0x0000
	.2byte 0x0000, 0x0000, 0x0000, 0x0000, 0x0000, 0x0000, 0x0000, 0x0000
	.2byte 0x0000, 0x0000, 0x0000, 0x0000, 0x0000, 0x0000, 0x0000, 0x0000
	.2byte 0x0000, 0x0000, 0x0000, 0x0000, 0x0000, 0x0000, 0x0000, 0x0000
	.2byte 0x0000, 0x0000, 0x0000, 0x0000, 0x0000, 0x0000, 0x0000, 0x0000
	.2byte 0x0000, 0x0000, 0x0000, 0x0000, 0x0000, 0x0000, 0x0000, 0x0000
	.2byte 0x0000, 0x0000, 0x0000, 0x0000, 0x0000, 0x0000, 0x0000, 0x0000
	.2byte 0x0000, 0x0000, 0x0000, 0x0000, 0x0000, 0x0000, 0x0000, 0x0000
	.2byte 0x0000, 0x0000, 0x0000, 0x0000, 0x0000, 0x0000, 0x0000, 0x0000
	.2byte 0x0000, 0x0000, 0x0000, 0x0000, 0x0000, 0x0000, 0x0000, 0x0000
	.2byte 0x0000, 0x0000, 0x0000, 0x0000, 0x0000, 0x0000, 0x0000, 0x0000
	.2byte 0x0000, 0x0000, 0x0000, 0x0000, 0x0000, 0x0000, 0x0000, 0x0000
	.2byte 0x0000, 0x0000, 0x0000, 0x0000, 0x0000, 0x0000, 0x0000, 0x0000
	.2byte 0x0000, 0x0000, 0x0000, 0x0000, 0x0000, 0x0000, 0x0000, 0x0000
	.2byte 0x0000, 0x0000, 0x0000, 0x0000, 0x0000, 0x0000, 0x0000, 0x0000
	.2byte 0x0000, 0x0000, 0x0000, 0x0000, 0x0000, 0x0000, 0x0000, 0x0000
	.2byte 0x0000, 0x0000, 0x0000, 0x0000, 0x0000, 0x0000, 0x0000, 0x0000
	.2byte 0x0000, 0x0000, 0x0000, 0x0000, 0x0000, 0x0000, 0x0000, 0x0000
	.2byte 0x0000, 0x0000, 0x0000, 0x0000, 0x0000, 0x0000, 0x0000, 0x0000
	.2byte 0x0000, 0x0000, 0x0000, 0x0000, 0x0000, 0x0000, 0x0000, 0x0000
	.2byte 0x0000, 0x0000, 0x0000, 0x0000, 0x0000, 0x0000, 0x0000, 0x0000
	.2byte 0x0000, 0x0000, 0x0000, 0x0000, 0x0000, 0x0000, 0x0000, 0x0000
	.2byte 0x0000, 0x0000, 0x0000, 0x0000, 0x0000, 0x0000, 0x0000, 0x0000
	.2byte 0x0000, 0x0000, 0x0000, 0x0000, 0x0000, 0x0000, 0x0000, 0x0000
	.2byte 0x0000, 0x0000, 0x0000, 0x0000, 0x0000, 0x0000, 0x0000, 0x0000
	.2byte 0x0000, 0x0011, 0x0000, 0x0011, 0x0000, 0x0011, 0x0000, 0x0011
	.2byte 0x0000, 0x0011, 0x0000, 0x0011, 0x0000, 0x0011, 0x0000, 0x0011
	.2byte 0x1100, 0x0000, 0x1100, 0x0000, 0x1100, 0x0000, 0x1100, 0x0000
	.2byte 0x1100, 0x0000, 0x1100, 0x0000, 0x1100, 0x0000, 0x1100, 0x0000
	.2byte 0x0000, 0x0000, 0x0000, 0x0000, 0x0000, 0x0000, 0x0000, 0x0000
	.2byte 0x0000, 0x0000, 0x0000, 0x0000, 0x0000, 0x0000, 0x0000, 0x0000
	.2byte 0x0000, 0x0000, 0x0000, 0x0000, 0x0000, 0x0000, 0x0000, 0x0000
	.2byte 0x0000, 0x0000, 0x0000, 0x0000, 0x0000, 0x0000, 0x0000, 0x0000
	.2byte 0x0000, 0x0000, 0x0000, 0x0000, 0x0000, 0x0000, 0x0000, 0x0000
	.2byte 0x0000, 0x0000, 0x0000, 0x0000, 0x0000, 0x0000, 0x0000, 0x0000
	.2byte 0x0000, 0x0000, 0x0000, 0x0000, 0x0000, 0x0000, 0x0000, 0x0000
	.2byte 0x0000, 0x0000, 0x0000, 0x0000, 0x0000, 0x0000, 0x0000, 0x0000
	.2byte 0x0000, 0x0000, 0x0000, 0x0000, 0x0000, 0x0000, 0x0000, 0x0000
	.2byte 0x0000, 0x0000, 0x0000, 0x0000, 0x0000, 0x0000, 0x0000, 0x0000
	.2byte 0x0000, 0x0000, 0x0000, 0x0000, 0x0000, 0x0000, 0x0000, 0x0000
	.2byte 0x0000, 0x0000, 0x0000, 0x0000, 0x0000, 0x0000, 0x0000, 0x0000
	.2byte 0x0000, 0x0000, 0x0000, 0x0000, 0x0000, 0x0000, 0x0000, 0x0000
	.2byte 0x0000, 0x0000, 0x0000, 0x0000, 0x0000, 0x0000, 0x0000, 0x0000
	.2byte 0x0000, 0x0000, 0x0000, 0x0000, 0x0000, 0x0000, 0x0000, 0x0000
	.2byte 0x0000, 0x0000, 0x0000, 0x0000, 0x0000, 0x0000, 0x0000, 0x0000
	.2byte 0x0000, 0x0000, 0x0000, 0x0000, 0x0000, 0x0000, 0x0000, 0x0000
	.2byte 0x0000, 0x0000, 0x0000, 0x0000, 0x0000, 0x0000, 0x0000, 0x0000
	.2byte 0x0000, 0x0000, 0x0000, 0x0000, 0x0000, 0x0000, 0x0000, 0x0000
	.2byte 0x0000, 0x0000, 0x0000, 0x0000, 0x0000, 0x0000, 0x0000, 0x0000
	.2byte 0x0000, 0x0000, 0x0000, 0x0000, 0x0000, 0x0000, 0x0000, 0x0000
	.2byte 0x0000, 0x0000, 0x0000, 0x0000, 0x0000, 0x0000, 0x0000, 0x0000
	.2byte 0x0000, 0x0000, 0x0000, 0x0000, 0x0000, 0x0000, 0x0000, 0x0000
	.2byte 0x0000, 0x0000, 0x0000, 0x0000, 0x0000, 0x0000, 0x0000, 0x0000
	.2byte 0x0000, 0x0000, 0x0000, 0x0000, 0x0000, 0x0000, 0x0000, 0x0000
	.2byte 0x0000, 0x1100, 0x0000, 0x1110, 0x1000, 0x0011, 0x1110, 0x0001
	.2byte 0x0000, 0x0000, 0x0000, 0x1100, 0x1000, 0x1111, 0x1111, 0x0011
	.2byte 0x0111, 0x0000, 0x0000, 0x0000, 0x0000, 0x0000, 0x0000, 0x1000
	.2byte 0x1100, 0x1111, 0x1111, 0x1111, 0x0011, 0x0000, 0x0000, 0x0000
	.2byte 0x0000, 0x0000, 0x0000, 0x0000, 0x1000, 0x1111, 0x1111, 0x1111
	.2byte 0x1111, 0x0011, 0x1111, 0x1111, 0x0000, 0x1100, 0x0000, 0x0000
	.2byte 0x0000, 0x0000, 0x0000, 0x0000, 0x1111, 0x0001, 0x1111, 0x1111
	.2byte 0x0000, 0x0000, 0x0011, 0x0000, 0x1111, 0x0001, 0x1100, 0x1111
	.2byte 0x0000, 0x1110, 0x0000, 0x0000, 0x0000, 0x0000, 0x0001, 0x0000
	.2byte 0x0000, 0x0000, 0x0000, 0x0000, 0x0000, 0x0000, 0x0000, 0x0000
	.2byte 0x0011, 0x0000, 0x0111, 0x0000, 0x1100, 0x0001, 0x1000, 0x0111
	.2byte 0x0000, 0x0000, 0x0000, 0x0000, 0x0000, 0x0000, 0x0000, 0x0000
	.2byte 0x0000, 0x0000, 0x0000, 0x0000, 0x0000, 0x0000, 0x0000, 0x0000
	.2byte 0x0000, 0x0000, 0x0000, 0x0000, 0x0000, 0x0000, 0x0000, 0x0000
	.2byte 0x0000, 0x0000, 0x0000, 0x0000, 0x0000, 0x0000, 0x0000, 0x0000
	.2byte 0x0000, 0x0000, 0x0000, 0x0000, 0x0000, 0x0000, 0x0000, 0x0000
	.2byte 0x0000, 0x0000, 0x0000, 0x0000, 0x0000, 0x0000, 0x0000, 0x0000
	.2byte 0x0000, 0x0000, 0x0000, 0x0000, 0x0000, 0x0000, 0x0000, 0x0000
	.2byte 0x0000, 0x0000, 0x0000, 0x0000, 0x0000, 0x0000, 0x0000, 0x0000
	.2byte 0x0000, 0x0000, 0x0000, 0x0000, 0x0000, 0x0000, 0x0000, 0x0000
	.2byte 0x0000, 0x0000, 0x0000, 0x0000, 0x0000, 0x0000, 0x0000, 0x0000
	.2byte 0x0000, 0x0000, 0x0000, 0x0000, 0x0000, 0x0000, 0x0000, 0x0000
	.2byte 0x0000, 0x0000, 0x0000, 0x0000, 0x0000, 0x0000, 0x0000, 0x0000
	.2byte 0x0000, 0x0000, 0x0000, 0x0000, 0x0000, 0x0000, 0x0000, 0x0000
	.2byte 0x0000, 0x0000, 0x0000, 0x0000, 0x0000, 0x0000, 0x0000, 0x0000
	.2byte 0x0000, 0x0000, 0x0000, 0x0000, 0x0000, 0x0000, 0x0000, 0x0000
	.2byte 0x0000, 0x0000, 0x0000, 0x0000, 0x0000, 0x0000, 0x0000, 0x0000
	.2byte 0x0000, 0x0000, 0x0000, 0x0000, 0x0000, 0x0000, 0x0000, 0x0000
	.2byte 0x0000, 0x0000, 0x0000, 0x0000, 0x0000, 0x0000, 0x0000, 0x0000
	.2byte 0x0000, 0x0000, 0x0000, 0x1000, 0x0000, 0x1100, 0x0000, 0x0110
	.2byte 0x0000, 0x0011, 0x1000, 0x0001, 0x1100, 0x0000, 0x0110, 0x0000
	.2byte 0x0111, 0x0000, 0x0001, 0x0000, 0x0000, 0x0000, 0x0000, 0x1000
	.2byte 0x0000, 0x1110, 0x0000, 0x0111, 0x1000, 0x0001, 0x1100, 0x0000
	.2byte 0x0000, 0x1111, 0x1100, 0x0111, 0x1111, 0x0000, 0x0011, 0x0000
	.2byte 0x0000, 0x0000, 0x0000, 0x0000, 0x0000, 0x0000, 0x0000, 0x0000
	.2byte 0x0111, 0x0000, 0x0000, 0x0000, 0x0000, 0x0000, 0x0000, 0x0000
	.2byte 0x0000, 0x0000, 0x0000, 0x0000, 0x0000, 0x0000, 0x0000, 0x0000
	.2byte 0x0000, 0x1110, 0x0000, 0x0000, 0x0000, 0x0000, 0x0000, 0x0000
	.2byte 0x0000, 0x0000, 0x0000, 0x0000, 0x0000, 0x0000, 0x0000, 0x0000
	.2byte 0x1111, 0x0000, 0x1110, 0x0011, 0x0000, 0x1111, 0x0000, 0x1100
	.2byte 0x0000, 0x0000, 0x0000, 0x0000, 0x0000, 0x0000, 0x0000, 0x0000
	.2byte 0x0000, 0x1110, 0x0000, 0x1000, 0x0000, 0x0000, 0x0001, 0x0000
	.2byte 0x0111, 0x0000, 0x1110, 0x0000, 0x1000, 0x0001, 0x0000, 0x0011
	.2byte 0x0000, 0x0000, 0x0001, 0x0000, 0x0011, 0x0000, 0x0110, 0x0000
	.2byte 0x1100, 0x0000, 0x1000, 0x0001, 0x0000, 0x0011, 0x0000, 0x0110
	.2byte 0x0000, 0x0000, 0x0000, 0x0000, 0x0000, 0x0000, 0x0000, 0x0000
	.2byte 0x0000, 0x0000, 0x0000, 0x0000, 0x0000, 0x0000, 0x0000, 0x0000
	.2byte 0x0000, 0x0000, 0x0000, 0x0000, 0x0000, 0x0000, 0x0000, 0x0000
	.2byte 0x0000, 0x0000, 0x0000, 0x0000, 0x0000, 0x0000, 0x0000, 0x0000
	.2byte 0x0000, 0x0000, 0x0000, 0x0000, 0x0000, 0x0000, 0x0000, 0x0000
	.2byte 0x0000, 0x0000, 0x0000, 0x0000, 0x0000, 0x0000, 0x0000, 0x0000
	.2byte 0x0000, 0x0000, 0x0000, 0x0000, 0x0000, 0x0000, 0x0000, 0x0000
	.2byte 0x0000, 0x0000, 0x0000, 0x0000, 0x0000, 0x0000, 0x0000, 0x0000
	.2byte 0x0000, 0x0000, 0x0000, 0x0000, 0x0000, 0x0000, 0x0000, 0x0000
	.2byte 0x0000, 0x0000, 0x0000, 0x0000, 0x0000, 0x0000, 0x0000, 0x0000
	.2byte 0x0000, 0x0000, 0x0000, 0x0000, 0x0000, 0x0000, 0x0000, 0x0000
	.2byte 0x0000, 0x0000, 0x0000, 0x0000, 0x0000, 0x0000, 0x0000, 0x0000
	.2byte 0x0000, 0x0000, 0x0000, 0x0000, 0x0000, 0x0000, 0x0000, 0x0000
	.2byte 0x0000, 0x0000, 0x0000, 0x0000, 0x0000, 0x0000, 0x0000, 0x0000
	.2byte 0x0000, 0x0000, 0x0000, 0x1000, 0x0000, 0x1000, 0x0000, 0x1100
	.2byte 0x0000, 0x1100, 0x0000, 0x0110, 0x0000, 0x0011, 0x0000, 0x0011
	.2byte 0x0011, 0x0000, 0x0001, 0x0000, 0x0001, 0x1000, 0x0000, 0x1100
	.2byte 0x0000, 0x0110, 0x0000, 0x0011, 0x0000, 0x0011, 0x1000, 0x0001
	.2byte 0x0110, 0x0000, 0x0011, 0x0000, 0x0001, 0x0000, 0x0000, 0x0000
	.2byte 0x0000, 0x0000, 0x0000, 0x0000, 0x0000, 0x0000, 0x0000, 0x0000
	.2byte 0x0000, 0x0000, 0x0000, 0x0000, 0x0000, 0x0000, 0x0000, 0x0000
	.2byte 0x0000, 0x0000, 0x0000, 0x0000, 0x0000, 0x0000, 0x0000, 0x0000
	.2byte 0x0000, 0x0000, 0x0000, 0x0000, 0x0000, 0x0000, 0x0000, 0x0000
	.2byte 0x0000, 0x0000, 0x0000, 0x0000, 0x0000, 0x0000, 0x0000, 0x0000
	.2byte 0x0000, 0x0000, 0x0000, 0x0000, 0x0000, 0x0000, 0x0000, 0x0000
	.2byte 0x0000, 0x0000, 0x0000, 0x0000, 0x0000, 0x0000, 0x0000, 0x0000
	.2byte 0x0000, 0x0000, 0x0000, 0x0000, 0x0000, 0x0000, 0x0000, 0x0000
	.2byte 0x0000, 0x0000, 0x0000, 0x0000, 0x0000, 0x0000, 0x0000, 0x0000
	.2byte 0x0000, 0x0110, 0x0000, 0x1100, 0x0000, 0x1000, 0x0000, 0x0000
	.2byte 0x0000, 0x0000, 0x0000, 0x0000, 0x0000, 0x0000, 0x0000, 0x0000
	.2byte 0x0000, 0x1100, 0x0000, 0x1000, 0x0001, 0x1000, 0x0011, 0x0000
	.2byte 0x0110, 0x0000, 0x1100, 0x0000, 0x1100, 0x0000, 0x1000, 0x0001
	.2byte 0x0000, 0x0000, 0x0001, 0x0000, 0x0001, 0x0000, 0x0011, 0x0000
	.2byte 0x0011, 0x0000, 0x0110, 0x0000, 0x1100, 0x0000, 0x1100, 0x0000
	.2byte 0x0000, 0x0000, 0x0000, 0x0000, 0x0000, 0x0000, 0x0000, 0x0000
	.2byte 0x0000, 0x0000, 0x0000, 0x0000, 0x0000, 0x0000, 0x0000, 0x0000
	.2byte 0x0000, 0x0000, 0x0000, 0x0000, 0x0000, 0x0000, 0x0000, 0x0000
	.2byte 0x0000, 0x0000, 0x0000, 0x0000, 0x0000, 0x0000, 0x0000, 0x0000
	.2byte 0x0000, 0x0000, 0x0000, 0x0000, 0x0000, 0x0000, 0x0000, 0x0000
	.2byte 0x0000, 0x0000, 0x0000, 0x0000, 0x0000, 0x0000, 0x0000, 0x0000
	.2byte 0x0000, 0x0000, 0x0000, 0x0000, 0x0000, 0x0000, 0x0000, 0x0000
	.2byte 0x0000, 0x0000, 0x0000, 0x0000, 0x0000, 0x0000, 0x0000, 0x0000
	.2byte 0x0000, 0x0000, 0x0000, 0x0000, 0x0000, 0x0000, 0x0000, 0x0000
	.2byte 0x0000, 0x0000, 0x0000, 0x0000, 0x0000, 0x0000, 0x0000, 0x0000
	.2byte 0x0000, 0x0000, 0x0000, 0x0000, 0x0000, 0x0000, 0x0000, 0x0000
	.2byte 0x0000, 0x0000, 0x0000, 0x0000, 0x0000, 0x0000, 0x0000, 0x0000
	.2byte 0x1000, 0x0001, 0x1000, 0x0001, 0x1000, 0x0001, 0x1100, 0x0000
	.2byte 0x1100, 0x0000, 0x1100, 0x0000, 0x0110, 0x0000, 0x0110, 0x1000
	.2byte 0x1100, 0x0000, 0x1100, 0x0000, 0x0110, 0x0000, 0x0110, 0x0000
	.2byte 0x0011, 0x0000, 0x0011, 0x0000, 0x0011, 0x0000, 0x0001, 0x0000
	.2byte 0x0000, 0x0000, 0x0000, 0x0000, 0x0000, 0x0000, 0x0000, 0x0000
	.2byte 0x0000, 0x0000, 0x0000, 0x0000, 0x0000, 0x0000, 0x0000, 0x0000
	.2byte 0x0000, 0x0000, 0x0000, 0x0000, 0x0000, 0x0000, 0x0000, 0x0000
	.2byte 0x0000, 0x0000, 0x0000, 0x0000, 0x0000, 0x0000, 0x0000, 0x0000
	.2byte 0x0000, 0x0000, 0x0000, 0x0000, 0x0000, 0x0000, 0x0000, 0x0000
	.2byte 0x0000, 0x0000, 0x0000, 0x0000, 0x0000, 0x0000, 0x0000, 0x0000
	.2byte 0x0000, 0x0000, 0x0000, 0x0000, 0x0000, 0x0000, 0x0000, 0x0000
	.2byte 0x0000, 0x0000, 0x0000, 0x0000, 0x0000, 0x0000, 0x0000, 0x0000
	.2byte 0x0000, 0x0000, 0x0000, 0x0000, 0x0000, 0x0000, 0x0000, 0x0000
	.2byte 0x0000, 0x0000, 0x0000, 0x0000, 0x0000, 0x0000, 0x0000, 0x0000
	.2byte 0x0000, 0x0000, 0x0000, 0x0000, 0x0000, 0x0000, 0x0000, 0x0000
	.2byte 0x0000, 0x0000, 0x0000, 0x0000, 0x0000, 0x0000, 0x0000, 0x0000
	.2byte 0x0000, 0x0011, 0x0000, 0x0011, 0x0000, 0x0110, 0x0000, 0x0110
	.2byte 0x0000, 0x1100, 0x0000, 0x1100, 0x0000, 0x1100, 0x0000, 0x1000
	.2byte 0x1000, 0x0001, 0x1000, 0x0001, 0x1000, 0x0001, 0x0000, 0x0011
	.2byte 0x0000, 0x0011, 0x0000, 0x0011, 0x0000, 0x0110, 0x0001, 0x0110
	.2byte 0x0000, 0x0000, 0x0000, 0x0000, 0x0000, 0x0000, 0x0000, 0x0000
	.2byte 0x0000, 0x0000, 0x0000, 0x0000, 0x0000, 0x0000, 0x0000, 0x0000
	.2byte 0x0000, 0x0000, 0x0000, 0x0000, 0x0000, 0x0000, 0x0000, 0x0000
	.2byte 0x0000, 0x0000, 0x0000, 0x0000, 0x0000, 0x0000, 0x0000, 0x0000
	.2byte 0x0000, 0x0000, 0x0000, 0x0000, 0x0000, 0x0000, 0x0000, 0x0000
	.2byte 0x0000, 0x0000, 0x0000, 0x0000, 0x0000, 0x0000, 0x0000, 0x0000
	.2byte 0x0000, 0x0000, 0x0000, 0x0000, 0x0000, 0x0000, 0x0000, 0x0000
	.2byte 0x0000, 0x0000, 0x0000, 0x0000, 0x0000, 0x0000, 0x0000, 0x0000
	.2byte 0x0000, 0x0000, 0x0000, 0x0000, 0x0000, 0x0000, 0x0000, 0x0000
	.2byte 0x0000, 0x0000, 0x0000, 0x0000, 0x0000, 0x0000, 0x0000, 0x0000
	.2byte 0x0000, 0x0000, 0x0000, 0x0000, 0x0000, 0x0000, 0x0000, 0x0000
	.2byte 0x0000, 0x0000, 0x0000, 0x0000, 0x0000, 0x0000, 0x0000, 0x0000
	.2byte 0x0110, 0x1000, 0x0110, 0x1000, 0x0011, 0x1000, 0x0011, 0x1100
	.2byte 0x0011, 0x1100, 0x0011, 0x1100, 0x0011, 0x1100, 0x0011, 0x1100
	.2byte 0x0001, 0x0000, 0x0001, 0x0000, 0x0001, 0x0000, 0x0000, 0x0000
	.2byte 0x0000, 0x0000, 0x0000, 0x0000, 0x0000, 0x0000, 0x0000, 0x0000
	.2byte 0x0000, 0x0000, 0x0000, 0x0000, 0x0000, 0x0000, 0x0000, 0x0000
	.2byte 0x0000, 0x0000, 0x0000, 0x0000, 0x0000, 0x0000, 0x0000, 0x0000
	.2byte 0x0000, 0x0000, 0x0000, 0x0000, 0x0000, 0x0000, 0x0000, 0x0000
	.2byte 0x0000, 0x0000, 0x0000, 0x0000, 0x0000, 0x0000, 0x0000, 0x0000
	.2byte 0x0000, 0x0000, 0x0000, 0x0000, 0x0000, 0x0000, 0x0000, 0x0000
	.2byte 0x0000, 0x0000, 0x0000, 0x0000, 0x0000, 0x0000, 0x0000, 0x0000
	.2byte 0x0000, 0x0000, 0x0000, 0x0000, 0x0000, 0x0000, 0x0000, 0x0000
	.2byte 0x0000, 0x0000, 0x0000, 0x0000, 0x0000, 0x0000, 0x0000, 0x0000
	.2byte 0x0000, 0x0000, 0x0000, 0x0000, 0x0000, 0x0000, 0x0000, 0x0000
	.2byte 0x0000, 0x0000, 0x0000, 0x0000, 0x0000, 0x0000, 0x0000, 0x0000
	.2byte 0x0000, 0x0000, 0x0000, 0x0000, 0x0000, 0x0000, 0x0000, 0x0000
	.2byte 0x0000, 0x0000, 0x0000, 0x0000, 0x0000, 0x0000, 0x0000, 0x0000
	.2byte 0x0000, 0x1000, 0x0000, 0x1000, 0x0000, 0x1000, 0x0000, 0x0000
	.2byte 0x0000, 0x0000, 0x0000, 0x0000, 0x0000, 0x0000, 0x0000, 0x0000
	.2byte 0x0001, 0x0110, 0x0001, 0x0110, 0x0001, 0x1100, 0x0011, 0x1100
	.2byte 0x0011, 0x1100, 0x0011, 0x1100, 0x0011, 0x1100, 0x0011, 0x1100
	.2byte 0x0000, 0x0000, 0x0000, 0x0000, 0x0000, 0x0000, 0x0000, 0x0000
	.2byte 0x0000, 0x0000, 0x0000, 0x0000, 0x0000, 0x0000, 0x0000, 0x0000
	.2byte 0x0000, 0x0000, 0x0000, 0x0000, 0x0000, 0x0000, 0x0000, 0x0000
	.2byte 0x0000, 0x0000, 0x0000, 0x0000, 0x0000, 0x0000, 0x0000, 0x0000
	.2byte 0x0000, 0x0000, 0x0000, 0x0000, 0x0000, 0x0000, 0x0000, 0x0000
	.2byte 0x0000, 0x0000, 0x0000, 0x0000, 0x0000, 0x0000, 0x0000, 0x0000
	.2byte 0x0000, 0x0000, 0x0000, 0x0000, 0x0000, 0x0000, 0x0000, 0x0000
	.2byte 0x0000, 0x0000, 0x0000, 0x0000, 0x0000, 0x0000, 0x0000, 0x0000
	.2byte 0x0000, 0x0000, 0x0000, 0x0000, 0x0000, 0x0000, 0x0000, 0x0000
	.2byte 0x0000, 0x0000, 0x0000, 0x0000, 0x0000, 0x0000, 0x0000, 0x0000
	.2byte 0x0000, 0x0000, 0x0000, 0x0000, 0x0000, 0x0000, 0x0000, 0x0000
	.2byte 0x0000, 0x0000, 0x0000, 0x0000, 0x0000, 0x0000, 0x0000, 0x0000
	.2byte 0x0011, 0x1100, 0x0011, 0x1100, 0x0011, 0x1100, 0x0011, 0x1100
	.2byte 0x0011, 0x1100, 0x0011, 0x1000, 0x0110, 0x1000, 0x0110, 0x1000
	.2byte 0x0000, 0x0000, 0x0000, 0x0000, 0x0000, 0x0000, 0x0000, 0x0000
	.2byte 0x0000, 0x0000, 0x0001, 0x0000, 0x0001, 0x0000, 0x0001, 0x0000
	.2byte 0x0000, 0x0000, 0x0000, 0x0000, 0x0000, 0x0000, 0x0000, 0x0000
	.2byte 0x0000, 0x0000, 0x0000, 0x0000, 0x0000, 0x0000, 0x0000, 0x0000
	.2byte 0x0000, 0x0000, 0x0000, 0x0000, 0x0000, 0x0000, 0x0000, 0x0000
	.2byte 0x0000, 0x0000, 0x0000, 0x0000, 0x0000, 0x0000, 0x0000, 0x0000
	.2byte 0x0000, 0x0000, 0x0000, 0x0000, 0x0000, 0x0000, 0x0000, 0x0000
	.2byte 0x0000, 0x0000, 0x0000, 0x0000, 0x0000, 0x0000, 0x0000, 0x0000
	.2byte 0x0000, 0x0000, 0x0000, 0x0000, 0x0000, 0x0000, 0x0000, 0x0000
	.2byte 0x0000, 0x0000, 0x0000, 0x0000, 0x0000, 0x0000, 0x0000, 0x0000
	.2byte 0x0000, 0x0000, 0x0000, 0x0000, 0x0000, 0x0000, 0x0000, 0x0000
	.2byte 0x0000, 0x0000, 0x0000, 0x0000, 0x0000, 0x0000, 0x0000, 0x0000
	.2byte 0x0000, 0x0000, 0x0000, 0x0000, 0x0000, 0x0000, 0x0000, 0x0000
	.2byte 0x0000, 0x0000, 0x0000, 0x0000, 0x0000, 0x0000, 0x0000, 0x0000
	.2byte 0x0000, 0x0000, 0x0000, 0x0000, 0x0000, 0x0000, 0x0000, 0x0000
	.2byte 0x0000, 0x0000, 0x0000, 0x1000, 0x0000, 0x1000, 0x0000, 0x1000
	.2byte 0x0011, 0x1100, 0x0011, 0x1100, 0x0011, 0x1100, 0x0011, 0x1100
	.2byte 0x0011, 0x1100, 0x0001, 0x1100, 0x0001, 0x0110, 0x0001, 0x0110
	.2byte 0x0000, 0x0000, 0x0000, 0x0000, 0x0000, 0x0000, 0x0000, 0x0000
	.2byte 0x0000, 0x0000, 0x0000, 0x0000, 0x0000, 0x0000, 0x0000, 0x0000
	.2byte 0x0000, 0x0000, 0x0000, 0x0000, 0x0000, 0x0000, 0x0000, 0x0000
	.2byte 0x0000, 0x0000, 0x0000, 0x0000, 0x0000, 0x0000, 0x0000, 0x0000
	.2byte 0x0000, 0x0000, 0x0000, 0x0000, 0x0000, 0x0000, 0x0000, 0x0000
	.2byte 0x0000, 0x0000, 0x0000, 0x0000, 0x0000, 0x0000, 0x0000, 0x0000
	.2byte 0x0000, 0x0000, 0x0000, 0x0000, 0x0000, 0x0000, 0x0000, 0x0000
	.2byte 0x0000, 0x0000, 0x0000, 0x0000, 0x0000, 0x0000, 0x0000, 0x0000
	.2byte 0x0000, 0x0000, 0x0000, 0x0000, 0x0000, 0x0000, 0x0000, 0x0000
	.2byte 0x0000, 0x0000, 0x0000, 0x0000, 0x0000, 0x0000, 0x0000, 0x0000
	.2byte 0x0000, 0x0000, 0x0000, 0x0000, 0x0000, 0x0000, 0x0000, 0x0000
	.2byte 0x0000, 0x0000, 0x0000, 0x0000, 0x0000, 0x0000, 0x0000, 0x0000
	.2byte 0x0110, 0x1000, 0x0110, 0x0000, 0x1100, 0x0000, 0x1100, 0x0000
	.2byte 0x1100, 0x0000, 0x1000, 0x0001, 0x1000, 0x0001, 0x1000, 0x0001
	.2byte 0x0001, 0x0000, 0x0011, 0x0000, 0x0011, 0x0000, 0x0011, 0x0000
	.2byte 0x0110, 0x0000, 0x0110, 0x0000, 0x1100, 0x0000, 0x1100, 0x0000
	.2byte 0x0000, 0x0000, 0x0000, 0x0000, 0x0000, 0x0000, 0x0000, 0x0000
	.2byte 0x0000, 0x0000, 0x0000, 0x0000, 0x0000, 0x0000, 0x0000, 0x0000
	.2byte 0x0000, 0x0000, 0x0000, 0x0000, 0x0000, 0x0000, 0x0000, 0x0000
	.2byte 0x0000, 0x0000, 0x0000, 0x0000, 0x0000, 0x0000, 0x0000, 0x0000
	.2byte 0x0000, 0x0000, 0x0000, 0x0000, 0x0000, 0x0000, 0x0000, 0x0000
	.2byte 0x0000, 0x0000, 0x0000, 0x0000, 0x0000, 0x0000, 0x0000, 0x0000
	.2byte 0x0000, 0x0000, 0x0000, 0x0000, 0x0000, 0x0000, 0x0000, 0x0000
	.2byte 0x0000, 0x0000, 0x0000, 0x0000, 0x0000, 0x0000, 0x0000, 0x0000
	.2byte 0x0000, 0x0000, 0x0000, 0x0000, 0x0000, 0x0000, 0x0000, 0x0000
	.2byte 0x0000, 0x0000, 0x0000, 0x0000, 0x0000, 0x0000, 0x0000, 0x0000
	.2byte 0x0000, 0x0000, 0x0000, 0x0000, 0x0000, 0x0000, 0x0000, 0x0000
	.2byte 0x0000, 0x0000, 0x0000, 0x0000, 0x0000, 0x0000, 0x0000, 0x0000
	.2byte 0x0000, 0x1000, 0x0000, 0x1100, 0x0000, 0x1100, 0x0000, 0x1100
	.2byte 0x0000, 0x0110, 0x0000, 0x0110, 0x0000, 0x0011, 0x0000, 0x0011
	.2byte 0x0001, 0x0110, 0x0000, 0x0110, 0x0000, 0x0011, 0x0000, 0x0011
	.2byte 0x0000, 0x0011, 0x1000, 0x0001, 0x1000, 0x0001, 0x1000, 0x0001
	.2byte 0x0000, 0x0000, 0x0000, 0x0000, 0x0000, 0x0000, 0x0000, 0x0000
	.2byte 0x0000, 0x0000, 0x0000, 0x0000, 0x0000, 0x0000, 0x0000, 0x0000
	.2byte 0x0000, 0x0000, 0x0000, 0x0000, 0x0000, 0x0000, 0x0000, 0x0000
	.2byte 0x0000, 0x0000, 0x0000, 0x0000, 0x0000, 0x0000, 0x0000, 0x0000
	.2byte 0x0000, 0x0000, 0x0000, 0x0000, 0x0000, 0x0000, 0x0000, 0x0000
	.2byte 0x0000, 0x0000, 0x0000, 0x0000, 0x0000, 0x0000, 0x0000, 0x0000
	.2byte 0x0000, 0x0000, 0x0000, 0x0000, 0x0000, 0x0000, 0x0000, 0x0000
	.2byte 0x0000, 0x0000, 0x0000, 0x0000, 0x0000, 0x0000, 0x0000, 0x0000
	.2byte 0x0000, 0x0000, 0x0000, 0x0000, 0x0000, 0x0000, 0x0000, 0x0000
	.2byte 0x0000, 0x0000, 0x0000, 0x0000, 0x0000, 0x0000, 0x0000, 0x0000
	.2byte 0x0000, 0x0000, 0x0000, 0x0000, 0x0000, 0x0000, 0x0000, 0x0000
	.2byte 0x0000, 0x0000, 0x0000, 0x0000, 0x0000, 0x0000, 0x0000, 0x0000
	.2byte 0x0000, 0x0011, 0x0000, 0x0011, 0x0000, 0x0110, 0x0000, 0x1100
	.2byte 0x0000, 0x1100, 0x0000, 0x1100, 0x0000, 0x1110, 0x0000, 0x0011
	.2byte 0x1000, 0x0001, 0x0000, 0x0011, 0x0000, 0x0011, 0x0000, 0x0110
	.2byte 0x0000, 0x1100, 0x0001, 0x1000, 0x0001, 0x0000, 0x0011, 0x0000
	.2byte 0x0000, 0x0000, 0x0000, 0x0000, 0x0000, 0x0000, 0x0000, 0x0000
	.2byte 0x0000, 0x0000, 0x0001, 0x0000, 0x0011, 0x0000, 0x0110, 0x0000
	.2byte 0x0000, 0x0000, 0x0000, 0x0000, 0x0000, 0x0000, 0x0000, 0x0000
	.2byte 0x0000, 0x0000, 0x0000, 0x0000, 0x0000, 0x0000, 0x0000, 0x0000
	.2byte 0x0000, 0x0000, 0x0000, 0x0000, 0x0000, 0x0000, 0x0000, 0x0000
	.2byte 0x0000, 0x0000, 0x0000, 0x0000, 0x0000, 0x0000, 0x0000, 0x0000
	.2byte 0x0000, 0x0000, 0x0000, 0x0000, 0x0000, 0x0000, 0x0000, 0x0000
	.2byte 0x0000, 0x0000, 0x0000, 0x0000, 0x0000, 0x0000, 0x0000, 0x0000
	.2byte 0x0000, 0x0000, 0x0000, 0x0000, 0x0000, 0x0000, 0x0000, 0x0000
	.2byte 0x0000, 0x0000, 0x0000, 0x0000, 0x0000, 0x0000, 0x0000, 0x0000
	.2byte 0x0000, 0x0000, 0x0000, 0x0000, 0x0000, 0x0000, 0x0000, 0x0000
	.2byte 0x0000, 0x0000, 0x0000, 0x1000, 0x0000, 0x1100, 0x0000, 0x0110
	.2byte 0x1000, 0x0001, 0x1100, 0x0000, 0x1100, 0x0000, 0x0110, 0x0000
	.2byte 0x0011, 0x0000, 0x0001, 0x1000, 0x0000, 0x1000, 0x0000, 0x1100
	.2byte 0x1100, 0x0000, 0x1100, 0x0000, 0x0110, 0x0000, 0x0011, 0x0000
	.2byte 0x0011, 0x0000, 0x0001, 0x0000, 0x0001, 0x0000, 0x0000, 0x0000
	.2byte 0x0000, 0x0000, 0x0000, 0x0000, 0x0000, 0x0000, 0x0000, 0x0000
	.2byte 0x0000, 0x0000, 0x0000, 0x0000, 0x0000, 0x0000, 0x0000, 0x0000
	.2byte 0x0000, 0x0000, 0x0000, 0x0000, 0x0000, 0x0000, 0x0000, 0x0000
	.2byte 0x0000, 0x0000, 0x0000, 0x0000, 0x0000, 0x0000, 0x0000, 0x0000
	.2byte 0x0000, 0x0000, 0x0000, 0x0000, 0x0000, 0x0000, 0x0000, 0x0000
	.2byte 0x0000, 0x0000, 0x0000, 0x0000, 0x0000, 0x0000, 0x0000, 0x0000
	.2byte 0x0000, 0x0000, 0x0000, 0x0000, 0x0000, 0x0000, 0x0000, 0x0000
	.2byte 0x0000, 0x0000, 0x0000, 0x0000, 0x0000, 0x0000, 0x0000, 0x0000
	.2byte 0x0000, 0x0000, 0x0000, 0x0000, 0x0000, 0x0000, 0x0000, 0x0000
	.2byte 0x0000, 0x0000, 0x0000, 0x0000, 0x0000, 0x0000, 0x0000, 0x0000
	.2byte 0x0000, 0x0000, 0x0000, 0x0000, 0x0000, 0x0000, 0x0000, 0x0000
	.2byte 0x0000, 0x1000, 0x0000, 0x1100, 0x0000, 0x0110, 0x0000, 0x0011
	.2byte 0x1000, 0x0001, 0x1100, 0x0000, 0x0110, 0x0000, 0x0011, 0x1000
	.2byte 0x0001, 0x1100, 0x0000, 0x0110, 0x0000, 0x0011, 0x1000, 0x0001
	.2byte 0x0110, 0x0000, 0x1110, 0x0000, 0x1011, 0x0001, 0x0001, 0x0011
	.2byte 0x0000, 0x0110, 0x0000, 0x1100, 0x0000, 0x1000, 0x0000, 0x0000
	.2byte 0x1100, 0x0000, 0x1000, 0x0001, 0x0000, 0x0111, 0x0000, 0x1110
	.2byte 0x0000, 0x1000, 0x0000, 0x0000, 0x0001, 0x0000, 0x0111, 0x0000
	.2byte 0x0000, 0x0000, 0x0000, 0x0000, 0x0000, 0x0000, 0x0000, 0x0000
	.2byte 0x0011, 0x0000, 0x1111, 0x0000, 0x1100, 0x0111, 0x0000, 0x1111
	.2byte 0x0000, 0x0000, 0x0000, 0x0000, 0x0000, 0x0000, 0x0000, 0x0000
	.2byte 0x0000, 0x0000, 0x0000, 0x0000, 0x0000, 0x0000, 0x0111, 0x0000
	.2byte 0x0000, 0x0000, 0x0000, 0x0000, 0x0000, 0x0000, 0x0000, 0x0000
	.2byte 0x0000, 0x0000, 0x0000, 0x0000, 0x0000, 0x0000, 0x0000, 0x1110
	.2byte 0x0000, 0x0000, 0x0000, 0x0000, 0x0000, 0x0000, 0x0000, 0x0000
	.2byte 0x0000, 0x1100, 0x0000, 0x1111, 0x1110, 0x0011, 0x1111, 0x0000
	.2byte 0x0000, 0x0011, 0x1000, 0x0001, 0x1110, 0x0000, 0x0111, 0x0000
	.2byte 0x0001, 0x0000, 0x0000, 0x0000, 0x0000, 0x1000, 0x0000, 0x1110
	.2byte 0x0000, 0x0110, 0x0000, 0x0011, 0x1000, 0x0001, 0x1100, 0x0000
	.2byte 0x0110, 0x0000, 0x0011, 0x0000, 0x0001, 0x0000, 0x0000, 0x0000
	.2byte 0x0000, 0x0000, 0x0000, 0x0000, 0x0000, 0x0000, 0x0000, 0x0000
	.2byte 0x0000, 0x0000, 0x0000, 0x0000, 0x0000, 0x0000, 0x0000, 0x0000
	.2byte 0x0000, 0x0000, 0x0000, 0x0000, 0x0000, 0x0000, 0x0000, 0x0000
	.2byte 0x0000, 0x0000, 0x0000, 0x0000, 0x0000, 0x0000, 0x0000, 0x0000
	.2byte 0x0000, 0x0000, 0x0000, 0x0000, 0x0000, 0x0000, 0x0000, 0x0000
	.2byte 0x0000, 0x0000, 0x0000, 0x0000, 0x0000, 0x0000, 0x0000, 0x0000
	.2byte 0x0000, 0x0000, 0x0000, 0x0000, 0x0000, 0x0000, 0x0000, 0x0000
	.2byte 0x0000, 0x0000, 0x0000, 0x0000, 0x0000, 0x0000, 0x0000, 0x0000
	.2byte 0x0000, 0x0000, 0x0000, 0x0000, 0x0000, 0x0000, 0x0000, 0x0000
	.2byte 0x0000, 0x0000, 0x0000, 0x0000, 0x0000, 0x0000, 0x0000, 0x0000
	.2byte 0x0000, 0x0000, 0x0000, 0x0000, 0x0000, 0x0000, 0x0000, 0x0000
	.2byte 0x0000, 0x0000, 0x0000, 0x0000, 0x0000, 0x0000, 0x0000, 0x0000
	.2byte 0x0000, 0x0000, 0x0000, 0x0000, 0x0000, 0x0000, 0x0000, 0x0000
	.2byte 0x0000, 0x0000, 0x0000, 0x0000, 0x0000, 0x0000, 0x0000, 0x0000
	.2byte 0x1100, 0x0000, 0x0110, 0x0000, 0x0011, 0x0000, 0x0001, 0x0000
	.2byte 0x0000, 0x0000, 0x0000, 0x0000, 0x0000, 0x0000, 0x0000, 0x0000
	.2byte 0x0000, 0x0000, 0x0000, 0x0000, 0x0000, 0x0000, 0x0000, 0x0000
	.2byte 0x0000, 0x0000, 0x0000, 0x0000, 0x0000, 0x0000, 0x0000, 0x0000
	.2byte 0x1110, 0x0001, 0x1000, 0x0011, 0x0000, 0x1110, 0x0000, 0x1100
	.2byte 0x0000, 0x0000, 0x0000, 0x0000, 0x0000, 0x0000, 0x0000, 0x0000
	.2byte 0x0000, 0x1000, 0x0000, 0x0000, 0x0000, 0x0000, 0x0111, 0x0000
	.2byte 0x1111, 0x0011, 0x1000, 0x1111, 0x0000, 0x1100, 0x0000, 0x0000
	.2byte 0x1111, 0x1111, 0x1000, 0x1111, 0x0000, 0x0000, 0x0000, 0x0000
	.2byte 0x0000, 0x0000, 0x0011, 0x0000, 0x1111, 0x1111, 0x1100, 0x1111
	.2byte 0x1111, 0x1111, 0x1111, 0x0001, 0x0000, 0x0000, 0x0000, 0x0000
	.2byte 0x0000, 0x0000, 0x0000, 0x1100, 0x1111, 0x1111, 0x1111, 0x0011
	.2byte 0x0001, 0x0000, 0x0000, 0x0000, 0x0000, 0x0000, 0x0000, 0x1110
	.2byte 0x1100, 0x1111, 0x1111, 0x0001, 0x0011, 0x0000, 0x0000, 0x0000
	.2byte 0x1000, 0x0111, 0x1100, 0x0001, 0x0111, 0x0000, 0x0011, 0x0000
	.2byte 0x0000, 0x0000, 0x0000, 0x0000, 0x0000, 0x0000, 0x0000, 0x0000
