	.globl gUnknown_854B25C
gUnknown_854B25C: @ 0x0854B25C
	@ Replaced baserom.gba range: offset=0x54B25C, size=0x20
	.byte 0x00, 0x00, 0x00, 0x00, 0x00, 0x00, 0x00, 0x00, 0x00, 0x00, 0x00, 0x00, 0x00, 0x00, 0x00, 0x00
	.byte 0x7E, 0x3B, 0x9E, 0x5B, 0xF9, 0x01, 0x2F, 0x01, 0x00, 0x00, 0x00, 0x00, 0x00, 0x00, 0x00, 0x00
	.globl gUnknown_854B27C
gUnknown_854B27C: @ 0x0854B27C
	@ Replaced baserom.gba range: offset=0x54B27C, size=0x800
	.byte 0x66, 0x66, 0x66, 0x66, 0x66, 0x66, 0x66, 0x66, 0x55, 0x55, 0x55, 0x55, 0x44, 0x44, 0x44, 0x44
	.byte 0x44, 0x44, 0x44, 0x44, 0x44, 0x44, 0x44, 0x44, 0x44, 0x44, 0x44, 0x44, 0x44, 0x44, 0x44, 0x44
	.byte 0x66, 0x66, 0x66, 0x66, 0x66, 0x66, 0x66, 0x66, 0x55, 0x55, 0x55, 0x55, 0x44, 0x44, 0x44, 0x44
	.byte 0x44, 0x44, 0x44, 0x44, 0x44, 0x44, 0x44, 0x44, 0x44, 0x44, 0x44, 0x44, 0x44, 0x44, 0x44, 0x44
	.byte 0x66, 0x66, 0x66, 0x66, 0x66, 0x66, 0x66, 0x66, 0x55, 0x55, 0x55, 0x55, 0x44, 0x44, 0x44, 0x44
	.byte 0x44, 0x44, 0x44, 0x44, 0x44, 0x44, 0x44, 0x44, 0x44, 0x44, 0x44, 0x44, 0x44, 0x44, 0x44, 0x44
	.byte 0x66, 0x66, 0x66, 0x66, 0x66, 0x66, 0x66, 0x66, 0x55, 0x55, 0x55, 0x55, 0x44, 0x44, 0x44, 0x44
	.byte 0x44, 0x44, 0x44, 0x44, 0x44, 0x44, 0x44, 0x44, 0x44, 0x44, 0x44, 0x44, 0x44, 0x44, 0x44, 0x44
	.byte 0x66, 0x66, 0x66, 0x66, 0x66, 0x66, 0x66, 0x66, 0x55, 0x55, 0x55, 0x55, 0x44, 0x44, 0x44, 0x44
	.byte 0x44, 0x44, 0x44, 0x44, 0x44, 0x44, 0x44, 0x44, 0x44, 0x44, 0x44, 0x44, 0x44, 0x44, 0x44, 0x44
	.byte 0x66, 0x66, 0x66, 0x66, 0x66, 0x66, 0x66, 0x66, 0x55, 0x55, 0x55, 0x55, 0x44, 0x44, 0x44, 0x44
	.byte 0x44, 0x44, 0x44, 0x44, 0x44, 0x44, 0x44, 0x44, 0x44, 0x44, 0x44, 0x44, 0x44, 0x44, 0x44, 0x44
	.byte 0x66, 0x66, 0x66, 0x66, 0x66, 0x66, 0x66, 0x66, 0x55, 0x55, 0x55, 0x55, 0x44, 0x44, 0x44, 0x44
	.byte 0x44, 0x44, 0x44, 0x44, 0x44, 0x44, 0x44, 0x44, 0x44, 0x44, 0x44, 0x44, 0x44, 0x44, 0x44, 0x44
	.byte 0x66, 0x66, 0x66, 0x66, 0x66, 0x66, 0x66, 0x66, 0x55, 0x55, 0x55, 0x55, 0x44, 0x44, 0x44, 0x44
	.byte 0x44, 0x44, 0x44, 0x44, 0x44, 0x44, 0x44, 0x44, 0x44, 0x44, 0x44, 0x44, 0x44, 0x44, 0x44, 0x44
	.byte 0x44, 0x44, 0x44, 0x44, 0x44, 0x44, 0x44, 0x44, 0x44, 0x44, 0x44, 0x44, 0x44, 0x44, 0x44, 0x44
	.byte 0x44, 0x44, 0x44, 0x44, 0x44, 0x44, 0x44, 0x44, 0x44, 0x44, 0x44, 0x44, 0x44, 0x44, 0x44, 0x44
	.byte 0x44, 0x44, 0x44, 0x44, 0x44, 0x44, 0x44, 0x44, 0x44, 0x44, 0x44, 0x44, 0x44, 0x44, 0x44, 0x44
	.byte 0x44, 0x44, 0x44, 0x44, 0x44, 0x44, 0x44, 0x44, 0x44, 0x44, 0x44, 0x44, 0x44, 0x44, 0x44, 0x44
	.byte 0x44, 0x44, 0x44, 0x44, 0x44, 0x44, 0x44, 0x44, 0x44, 0x44, 0x44, 0x44, 0x44, 0x44, 0x44, 0x44
	.byte 0x44, 0x44, 0x44, 0x44, 0x44, 0x44, 0x44, 0x44, 0x44, 0x44, 0x44, 0x44, 0x44, 0x44, 0x44, 0x44
	.byte 0x44, 0x44, 0x44, 0x44, 0x44, 0x44, 0x44, 0x44, 0x44, 0x44, 0x44, 0x44, 0x44, 0x44, 0x44, 0x44
	.byte 0x44, 0x44, 0x44, 0x44, 0x44, 0x44, 0x44, 0x44, 0x44, 0x44, 0x44, 0x44, 0x44, 0x44, 0x44, 0x44
	.byte 0x44, 0x44, 0x44, 0x44, 0x44, 0x44, 0x44, 0x44, 0x44, 0x44, 0x44, 0x44, 0x44, 0x44, 0x44, 0x44
	.byte 0x44, 0x44, 0x44, 0x44, 0x44, 0x44, 0x44, 0x44, 0x44, 0x44, 0x44, 0x44, 0x44, 0x44, 0x44, 0x44
	.byte 0x44, 0x44, 0x44, 0x44, 0x44, 0x44, 0x44, 0x44, 0x44, 0x44, 0x44, 0x44, 0x44, 0x44, 0x44, 0x44
	.byte 0x44, 0x44, 0x44, 0x44, 0x44, 0x44, 0x44, 0x44, 0x44, 0x44, 0x44, 0x44, 0x44, 0x44, 0x44, 0x44
	.byte 0x44, 0x44, 0x44, 0x44, 0x44, 0x44, 0x44, 0x44, 0x44, 0x44, 0x44, 0x44, 0x44, 0x44, 0x44, 0x44
	.byte 0x44, 0x44, 0x44, 0x44, 0x44, 0x44, 0x44, 0x44, 0x44, 0x44, 0x44, 0x44, 0x44, 0x44, 0x44, 0x44
	.byte 0x44, 0x44, 0x44, 0x44, 0x44, 0x44, 0x44, 0x44, 0x44, 0x44, 0x44, 0x44, 0x44, 0x44, 0x44, 0x44
	.byte 0x44, 0x44, 0x44, 0x44, 0x44, 0x44, 0x44, 0x44, 0x44, 0x44, 0x44, 0x44, 0x44, 0x44, 0x44, 0x44
	.byte 0x44, 0x44, 0x44, 0x44, 0x44, 0x44, 0x44, 0x44, 0x44, 0x44, 0x44, 0x44, 0x44, 0x44, 0x44, 0x44
	.byte 0x44, 0x44, 0x44, 0x44, 0x44, 0x44, 0x44, 0x44, 0x44, 0x44, 0x44, 0x44, 0x44, 0x44, 0x44, 0x44
	.byte 0x44, 0x44, 0x44, 0x44, 0x44, 0x44, 0x44, 0x44, 0x44, 0x44, 0x44, 0x44, 0x44, 0x44, 0x44, 0x44
	.byte 0x44, 0x44, 0x44, 0x44, 0x44, 0x44, 0x44, 0x44, 0x44, 0x44, 0x44, 0x44, 0x44, 0x44, 0x44, 0x44
	.byte 0x44, 0x44, 0x44, 0x44, 0x44, 0x44, 0x44, 0x44, 0x44, 0x44, 0x44, 0x44, 0x44, 0x44, 0x44, 0x44
	.byte 0x44, 0x44, 0x44, 0x44, 0x44, 0x44, 0x44, 0x44, 0x44, 0x44, 0x44, 0x44, 0x44, 0x44, 0x44, 0x44
	.byte 0x44, 0x44, 0x44, 0x44, 0x44, 0x44, 0x44, 0x44, 0x44, 0x44, 0x44, 0x44, 0x44, 0x44, 0x44, 0x44
	.byte 0x44, 0x44, 0x44, 0x44, 0x44, 0x44, 0x44, 0x44, 0x44, 0x44, 0x44, 0x44, 0x44, 0x44, 0x44, 0x44
	.byte 0x44, 0x44, 0x44, 0x44, 0x44, 0x44, 0x44, 0x44, 0x44, 0x44, 0x44, 0x44, 0x44, 0x44, 0x44, 0x44
	.byte 0x44, 0x44, 0x44, 0x44, 0x44, 0x44, 0x44, 0x44, 0x44, 0x44, 0x44, 0x44, 0x44, 0x44, 0x44, 0x44
	.byte 0x44, 0x44, 0x44, 0x44, 0x44, 0x44, 0x44, 0x44, 0x44, 0x44, 0x44, 0x44, 0x44, 0x44, 0x44, 0x44
	.byte 0x44, 0x44, 0x44, 0x44, 0x44, 0x44, 0x44, 0x44, 0x44, 0x44, 0x44, 0x44, 0x44, 0x44, 0x44, 0x44
	.byte 0x44, 0x44, 0x44, 0x44, 0x44, 0x44, 0x44, 0x44, 0x44, 0x44, 0x44, 0x44, 0x44, 0x44, 0x44, 0x44
	.byte 0x44, 0x44, 0x44, 0x44, 0x44, 0x44, 0x44, 0x44, 0x44, 0x44, 0x44, 0x44, 0x44, 0x44, 0x44, 0x44
	.byte 0x44, 0x44, 0x44, 0x44, 0x44, 0x44, 0x44, 0x44, 0x44, 0x44, 0x44, 0x44, 0x44, 0x44, 0x44, 0x44
	.byte 0x44, 0x44, 0x44, 0x44, 0x44, 0x44, 0x44, 0x44, 0x44, 0x44, 0x44, 0x44, 0x44, 0x44, 0x44, 0x44
	.byte 0x44, 0x44, 0x44, 0x44, 0x44, 0x44, 0x44, 0x44, 0x44, 0x44, 0x44, 0x44, 0x44, 0x44, 0x44, 0x44
	.byte 0x44, 0x44, 0x44, 0x44, 0x44, 0x44, 0x44, 0x44, 0x44, 0x44, 0x44, 0x44, 0x44, 0x44, 0x44, 0x44
	.byte 0x44, 0x44, 0x44, 0x44, 0x44, 0x44, 0x44, 0x44, 0x44, 0x44, 0x44, 0x44, 0x44, 0x44, 0x44, 0x44
	.byte 0x44, 0x44, 0x44, 0x44, 0x44, 0x44, 0x44, 0x44, 0x44, 0x44, 0x44, 0x44, 0x44, 0x44, 0x44, 0x44
	.byte 0x44, 0x44, 0x44, 0x44, 0x44, 0x44, 0x44, 0x44, 0x44, 0x44, 0x44, 0x44, 0x44, 0x44, 0x44, 0x44
	.byte 0x44, 0x44, 0x44, 0x44, 0x44, 0x44, 0x44, 0x44, 0x44, 0x44, 0x44, 0x44, 0x44, 0x44, 0x44, 0x44
	.byte 0x44, 0x44, 0x44, 0x44, 0x44, 0x44, 0x44, 0x44, 0x44, 0x44, 0x44, 0x44, 0x44, 0x44, 0x44, 0x44
	.byte 0x44, 0x44, 0x44, 0x44, 0x44, 0x44, 0x44, 0x44, 0x44, 0x44, 0x44, 0x44, 0x44, 0x44, 0x44, 0x44
	.byte 0x44, 0x44, 0x44, 0x44, 0x44, 0x44, 0x44, 0x44, 0x44, 0x44, 0x44, 0x44, 0x44, 0x44, 0x44, 0x44
	.byte 0x44, 0x44, 0x44, 0x44, 0x44, 0x44, 0x44, 0x44, 0x44, 0x44, 0x44, 0x44, 0x44, 0x44, 0x44, 0x44
	.byte 0x44, 0x44, 0x44, 0x44, 0x44, 0x44, 0x44, 0x44, 0x44, 0x44, 0x44, 0x44, 0x44, 0x44, 0x44, 0x44
	.byte 0x44, 0x44, 0x44, 0x44, 0x44, 0x44, 0x44, 0x44, 0x44, 0x44, 0x44, 0x44, 0x44, 0x44, 0x44, 0x44
	.byte 0x44, 0x44, 0x44, 0x44, 0x44, 0x44, 0x44, 0x44, 0x44, 0x44, 0x44, 0x44, 0x44, 0x44, 0x44, 0x44
	.byte 0x44, 0x44, 0x44, 0x44, 0x44, 0x44, 0x44, 0x44, 0x44, 0x44, 0x44, 0x44, 0x44, 0x44, 0x44, 0x44
	.byte 0x44, 0x44, 0x44, 0x44, 0x44, 0x44, 0x44, 0x44, 0x44, 0x44, 0x44, 0x44, 0x44, 0x44, 0x44, 0x44
	.byte 0x44, 0x44, 0x44, 0x44, 0x44, 0x44, 0x44, 0x44, 0x44, 0x44, 0x44, 0x44, 0x44, 0x44, 0x44, 0x44
	.byte 0x44, 0x44, 0x44, 0x44, 0x44, 0x44, 0x44, 0x44, 0x44, 0x44, 0x44, 0x44, 0x44, 0x44, 0x44, 0x44
	.byte 0x44, 0x44, 0x44, 0x44, 0x44, 0x44, 0x44, 0x44, 0x44, 0x44, 0x44, 0x44, 0x44, 0x44, 0x44, 0x44
	.byte 0x44, 0x44, 0x44, 0x44, 0x44, 0x44, 0x44, 0x44, 0x44, 0x44, 0x44, 0x44, 0x44, 0x44, 0x44, 0x44
	.byte 0x44, 0x44, 0x44, 0x44, 0x44, 0x44, 0x44, 0x44, 0x44, 0x44, 0x44, 0x44, 0x44, 0x44, 0x44, 0x44
	.byte 0x44, 0x44, 0x44, 0x44, 0x44, 0x44, 0x44, 0x44, 0x44, 0x44, 0x44, 0x44, 0x44, 0x44, 0x44, 0x44
	.byte 0x44, 0x44, 0x44, 0x44, 0x44, 0x44, 0x44, 0x44, 0x44, 0x44, 0x44, 0x44, 0x44, 0x44, 0x44, 0x44
	.byte 0x44, 0x44, 0x44, 0x44, 0x44, 0x44, 0x44, 0x44, 0x44, 0x44, 0x44, 0x44, 0x44, 0x44, 0x44, 0x44
	.byte 0x44, 0x44, 0x44, 0x44, 0x44, 0x44, 0x44, 0x44, 0x44, 0x44, 0x44, 0x44, 0x44, 0x44, 0x44, 0x44
	.byte 0x44, 0x44, 0x44, 0x44, 0x44, 0x44, 0x44, 0x44, 0x44, 0x44, 0x44, 0x44, 0x44, 0x44, 0x44, 0x44
	.byte 0x44, 0x44, 0x44, 0x44, 0x44, 0x44, 0x44, 0x44, 0x44, 0x44, 0x44, 0x44, 0x44, 0x44, 0x44, 0x44
	.byte 0x44, 0x44, 0x44, 0x44, 0x44, 0x44, 0x44, 0x44, 0x44, 0x44, 0x44, 0x44, 0x44, 0x44, 0x44, 0x44
	.byte 0x44, 0x44, 0x44, 0x44, 0x44, 0x44, 0x44, 0x44, 0x44, 0x44, 0x44, 0x44, 0x44, 0x44, 0x44, 0x44
	.byte 0x44, 0x44, 0x44, 0x44, 0x44, 0x44, 0x44, 0x44, 0x44, 0x44, 0x44, 0x44, 0x44, 0x44, 0x44, 0x44
	.byte 0x44, 0x44, 0x44, 0x44, 0x44, 0x44, 0x44, 0x44, 0x44, 0x44, 0x44, 0x44, 0x44, 0x44, 0x44, 0x44
	.byte 0x44, 0x44, 0x44, 0x44, 0x44, 0x44, 0x44, 0x44, 0x44, 0x44, 0x44, 0x44, 0x44, 0x44, 0x44, 0x44
	.byte 0x44, 0x44, 0x44, 0x44, 0x44, 0x44, 0x44, 0x44, 0x44, 0x44, 0x44, 0x44, 0x44, 0x44, 0x44, 0x44
	.byte 0x44, 0x44, 0x44, 0x44, 0x44, 0x44, 0x44, 0x44, 0x44, 0x44, 0x44, 0x44, 0x44, 0x44, 0x44, 0x44
	.byte 0x44, 0x44, 0x44, 0x44, 0x55, 0x55, 0x55, 0x55, 0x77, 0x77, 0x77, 0x77, 0x77, 0x77, 0x77, 0x77
	.byte 0x44, 0x44, 0x44, 0x44, 0x44, 0x44, 0x44, 0x44, 0x44, 0x44, 0x44, 0x44, 0x44, 0x44, 0x44, 0x44
	.byte 0x44, 0x44, 0x44, 0x44, 0x55, 0x55, 0x55, 0x55, 0x77, 0x77, 0x77, 0x77, 0x77, 0x77, 0x77, 0x77
	.byte 0x44, 0x44, 0x44, 0x44, 0x44, 0x44, 0x44, 0x44, 0x44, 0x44, 0x44, 0x44, 0x44, 0x44, 0x44, 0x44
	.byte 0x44, 0x44, 0x44, 0x44, 0x55, 0x55, 0x55, 0x55, 0x77, 0x77, 0x77, 0x77, 0x77, 0x77, 0x77, 0x77
	.byte 0x44, 0x44, 0x44, 0x44, 0x44, 0x44, 0x44, 0x44, 0x44, 0x44, 0x44, 0x44, 0x44, 0x44, 0x44, 0x44
	.byte 0x44, 0x44, 0x44, 0x44, 0x55, 0x55, 0x55, 0x55, 0x77, 0x77, 0x77, 0x77, 0x77, 0x77, 0x77, 0x77
	.byte 0x44, 0x44, 0x44, 0x44, 0x44, 0x44, 0x44, 0x44, 0x44, 0x44, 0x44, 0x44, 0x44, 0x44, 0x44, 0x44
	.byte 0x44, 0x44, 0x44, 0x44, 0x55, 0x55, 0x55, 0x55, 0x77, 0x77, 0x77, 0x77, 0x77, 0x77, 0x77, 0x77
	.byte 0x44, 0x44, 0x44, 0x44, 0x44, 0x44, 0x44, 0x44, 0x44, 0x44, 0x44, 0x44, 0x44, 0x44, 0x44, 0x44
	.byte 0x44, 0x44, 0x44, 0x44, 0x55, 0x55, 0x55, 0x55, 0x77, 0x77, 0x77, 0x77, 0x77, 0x77, 0x77, 0x77
	.byte 0x44, 0x44, 0x44, 0x44, 0x44, 0x44, 0x44, 0x44, 0x44, 0x44, 0x44, 0x44, 0x44, 0x44, 0x44, 0x44
	.byte 0x44, 0x44, 0x44, 0x44, 0x55, 0x55, 0x55, 0x55, 0x77, 0x77, 0x77, 0x77, 0x77, 0x77, 0x77, 0x77
	.byte 0x44, 0x44, 0x44, 0x44, 0x44, 0x44, 0x44, 0x44, 0x44, 0x44, 0x44, 0x44, 0x44, 0x44, 0x44, 0x44
	.byte 0x44, 0x44, 0x44, 0x44, 0x55, 0x55, 0x55, 0x55, 0x77, 0x77, 0x77, 0x77, 0x77, 0x77, 0x77, 0x77
	.byte 0x00, 0x00, 0x00, 0x00, 0x00, 0x00, 0x00, 0x00, 0x00, 0x00, 0x00, 0x00, 0x00, 0x00, 0x00, 0x00
	.byte 0x00, 0x00, 0x00, 0x00, 0x00, 0x00, 0x00, 0x00, 0x00, 0x00, 0x00, 0x00, 0x00, 0x00, 0x00, 0x00
	.byte 0x00, 0x00, 0x00, 0x00, 0x00, 0x00, 0x00, 0x00, 0x00, 0x00, 0x00, 0x00, 0x00, 0x00, 0x00, 0x00
	.byte 0x00, 0x00, 0x00, 0x00, 0x00, 0x00, 0x00, 0x00, 0x00, 0x00, 0x00, 0x00, 0x00, 0x00, 0x00, 0x00
	.byte 0x00, 0x00, 0x00, 0x00, 0x00, 0x00, 0x00, 0x00, 0x00, 0x00, 0x00, 0x00, 0x00, 0x00, 0x00, 0x00
	.byte 0x00, 0x00, 0x00, 0x00, 0x00, 0x00, 0x00, 0x00, 0x00, 0x00, 0x00, 0x00, 0x00, 0x00, 0x00, 0x00
	.byte 0x00, 0x00, 0x00, 0x00, 0x00, 0x00, 0x00, 0x00, 0x00, 0x00, 0x00, 0x00, 0x00, 0x00, 0x00, 0x00
	.byte 0x00, 0x00, 0x00, 0x00, 0x00, 0x00, 0x00, 0x00, 0x00, 0x00, 0x00, 0x00, 0x00, 0x00, 0x00, 0x00
	.byte 0x00, 0x00, 0x00, 0x00, 0x00, 0x00, 0x00, 0x00, 0x00, 0x00, 0x00, 0x00, 0x00, 0x00, 0x00, 0x00
	.byte 0x00, 0x00, 0x00, 0x00, 0x00, 0x00, 0x00, 0x00, 0x00, 0x00, 0x00, 0x00, 0x00, 0x00, 0x00, 0x00
	.byte 0x00, 0x00, 0x00, 0x00, 0x00, 0x00, 0x00, 0x00, 0x00, 0x00, 0x00, 0x00, 0x00, 0x00, 0x00, 0x00
	.byte 0x00, 0x00, 0x00, 0x00, 0x00, 0x00, 0x00, 0x00, 0x00, 0x00, 0x00, 0x00, 0x00, 0x00, 0x00, 0x00
	.byte 0x00, 0x00, 0x00, 0x00, 0x00, 0x00, 0x00, 0x00, 0x00, 0x00, 0x00, 0x00, 0x00, 0x00, 0x00, 0x00
	.byte 0x00, 0x00, 0x00, 0x00, 0x00, 0x00, 0x00, 0x00, 0x00, 0x00, 0x00, 0x00, 0x00, 0x00, 0x00, 0x00
	.byte 0x00, 0x00, 0x00, 0x00, 0x00, 0x00, 0x00, 0x00, 0x00, 0x00, 0x00, 0x00, 0x00, 0x00, 0x00, 0x00
	.byte 0x00, 0x00, 0x00, 0x00, 0x00, 0x00, 0x00, 0x00, 0x00, 0x00, 0x00, 0x00, 0x00, 0x00, 0x00, 0x00
	.byte 0x00, 0x00, 0x00, 0x00, 0x00, 0x00, 0x00, 0x00, 0x00, 0x00, 0x00, 0x00, 0x00, 0x00, 0x00, 0x00
	.byte 0x00, 0x00, 0x00, 0x00, 0x00, 0x00, 0x00, 0x00, 0x00, 0x00, 0x00, 0x00, 0x00, 0x00, 0x00, 0x00
	.byte 0x00, 0x00, 0x00, 0x00, 0x00, 0x00, 0x00, 0x00, 0x00, 0x00, 0x00, 0x00, 0x00, 0x00, 0x00, 0x00
	.byte 0x00, 0x00, 0x00, 0x00, 0x00, 0x00, 0x00, 0x00, 0x00, 0x00, 0x00, 0x00, 0x00, 0x00, 0x00, 0x00
	.byte 0x00, 0x00, 0x00, 0x00, 0x00, 0x00, 0x00, 0x00, 0x00, 0x00, 0x00, 0x00, 0x00, 0x00, 0x00, 0x00
	.byte 0x00, 0x00, 0x00, 0x00, 0x00, 0x00, 0x00, 0x00, 0x00, 0x00, 0x00, 0x00, 0x00, 0x00, 0x00, 0x00
	.byte 0x00, 0x00, 0x00, 0x00, 0x00, 0x00, 0x00, 0x00, 0x00, 0x00, 0x00, 0x00, 0x00, 0x00, 0x00, 0x00
	.byte 0x00, 0x00, 0x00, 0x00, 0x00, 0x00, 0x00, 0x00, 0x00, 0x00, 0x00, 0x00, 0x00, 0x00, 0x00, 0x00
	.byte 0x00, 0x00, 0x00, 0x00, 0x00, 0x00, 0x00, 0x00, 0x00, 0x00, 0x00, 0x00, 0x00, 0x00, 0x00, 0x00
	.byte 0x00, 0x00, 0x00, 0x00, 0x00, 0x00, 0x00, 0x00, 0x00, 0x00, 0x00, 0x00, 0x00, 0x00, 0x00, 0x00
	.byte 0x00, 0x00, 0x00, 0x00, 0x00, 0x00, 0x00, 0x00, 0x00, 0x00, 0x00, 0x00, 0x00, 0x00, 0x00, 0x00
	.byte 0x00, 0x00, 0x00, 0x00, 0x00, 0x00, 0x00, 0x00, 0x00, 0x00, 0x00, 0x00, 0x00, 0x00, 0x00, 0x00
	.byte 0x00, 0x00, 0x00, 0x00, 0x00, 0x00, 0x00, 0x00, 0x00, 0x00, 0x00, 0x00, 0x00, 0x00, 0x00, 0x00
	.byte 0x00, 0x00, 0x00, 0x00, 0x00, 0x00, 0x00, 0x00, 0x00, 0x00, 0x00, 0x00, 0x00, 0x00, 0x00, 0x00
	.byte 0x00, 0x00, 0x00, 0x00, 0x00, 0x00, 0x00, 0x00, 0x00, 0x00, 0x00, 0x00, 0x00, 0x00, 0x00, 0x00
	.byte 0x00, 0x00, 0x00, 0x00, 0x00, 0x00, 0x00, 0x00, 0x00, 0x00, 0x00, 0x00, 0x00, 0x00, 0x00, 0x00
	.globl gUnknown_854BA7C
gUnknown_854BA7C: @ 0x0854BA7C
	@ Replaced baserom.gba range: offset=0x54BA7C, size=0x180
	.byte 0x60, 0x66, 0x66, 0x66, 0x66, 0x66, 0x66, 0x66, 0x66, 0x56, 0x55, 0x55, 0x66, 0x55, 0x44, 0x44
	.byte 0x66, 0x45, 0x44, 0x44, 0x66, 0x45, 0x44, 0x44, 0x66, 0x45, 0x44, 0x44, 0x66, 0x45, 0x44, 0x44
	.byte 0x66, 0x45, 0x44, 0x44, 0x66, 0x45, 0x44, 0x44, 0x66, 0x45, 0x44, 0x44, 0x66, 0x45, 0x44, 0x44
	.byte 0x66, 0x45, 0x44, 0x44, 0x66, 0x45, 0x44, 0x44, 0x66, 0x45, 0x44, 0x44, 0x66, 0x45, 0x44, 0x44
	.byte 0x66, 0x45, 0x44, 0x44, 0x66, 0x45, 0x44, 0x44, 0x66, 0x45, 0x44, 0x44, 0x66, 0x45, 0x44, 0x44
	.byte 0x66, 0x45, 0x44, 0x44, 0x66, 0x45, 0x44, 0x44, 0x66, 0x45, 0x44, 0x44, 0x66, 0x45, 0x44, 0x44
	.byte 0x66, 0x45, 0x44, 0x44, 0x66, 0x45, 0x44, 0x44, 0x66, 0x45, 0x44, 0x44, 0x66, 0x45, 0x44, 0x44
	.byte 0x66, 0x45, 0x44, 0x44, 0x66, 0x45, 0x44, 0x44, 0x66, 0x45, 0x44, 0x44, 0x66, 0x45, 0x44, 0x44
	.byte 0x66, 0x45, 0x44, 0x44, 0x66, 0x45, 0x44, 0x44, 0x66, 0x45, 0x44, 0x44, 0x66, 0x45, 0x44, 0x44
	.byte 0x66, 0x45, 0x44, 0x44, 0x66, 0x45, 0x44, 0x44, 0x66, 0x45, 0x44, 0x44, 0x66, 0x45, 0x44, 0x44
	.byte 0x66, 0x45, 0x44, 0x44, 0x66, 0x45, 0x44, 0x44, 0x66, 0x45, 0x44, 0x44, 0x66, 0x45, 0x44, 0x44
	.byte 0x66, 0x55, 0x44, 0x44, 0x66, 0x56, 0x55, 0x55, 0x66, 0x77, 0x77, 0x77, 0x70, 0x77, 0x77, 0x77
	.byte 0x66, 0x66, 0x66, 0x06, 0x66, 0x66, 0x66, 0x76, 0x55, 0x55, 0x65, 0x77, 0x44, 0x44, 0x55, 0x77
	.byte 0x44, 0x44, 0x54, 0x77, 0x44, 0x44, 0x54, 0x77, 0x44, 0x44, 0x54, 0x77, 0x44, 0x44, 0x54, 0x77
	.byte 0x44, 0x44, 0x54, 0x77, 0x44, 0x44, 0x54, 0x77, 0x44, 0x44, 0x54, 0x77, 0x44, 0x44, 0x54, 0x77
	.byte 0x44, 0x44, 0x54, 0x77, 0x44, 0x44, 0x54, 0x77, 0x44, 0x44, 0x54, 0x77, 0x44, 0x44, 0x54, 0x77
	.byte 0x44, 0x44, 0x54, 0x77, 0x44, 0x44, 0x54, 0x77, 0x44, 0x44, 0x54, 0x77, 0x44, 0x44, 0x54, 0x77
	.byte 0x44, 0x44, 0x54, 0x77, 0x44, 0x44, 0x54, 0x77, 0x44, 0x44, 0x54, 0x77, 0x44, 0x44, 0x54, 0x77
	.byte 0x44, 0x44, 0x54, 0x77, 0x44, 0x44, 0x54, 0x77, 0x44, 0x44, 0x54, 0x77, 0x44, 0x44, 0x54, 0x77
	.byte 0x44, 0x44, 0x54, 0x77, 0x44, 0x44, 0x54, 0x77, 0x44, 0x44, 0x54, 0x77, 0x44, 0x44, 0x54, 0x77
	.byte 0x44, 0x44, 0x54, 0x77, 0x44, 0x44, 0x54, 0x77, 0x44, 0x44, 0x54, 0x77, 0x44, 0x44, 0x54, 0x77
	.byte 0x44, 0x44, 0x54, 0x77, 0x44, 0x44, 0x54, 0x77, 0x44, 0x44, 0x54, 0x77, 0x44, 0x44, 0x54, 0x77
	.byte 0x44, 0x44, 0x54, 0x77, 0x44, 0x44, 0x54, 0x77, 0x44, 0x44, 0x54, 0x77, 0x44, 0x44, 0x54, 0x77
	.byte 0x44, 0x44, 0x55, 0x77, 0x55, 0x55, 0x75, 0x77, 0x77, 0x77, 0x77, 0x77, 0x77, 0x77, 0x77, 0x07
	.globl gUnknown_854BBFC
gUnknown_854BBFC: @ 0x0854BBFC
	@ Replaced baserom.gba range: offset=0x54BBFC, size=0x98
	.byte 0x10, 0x00, 0x01, 0x00, 0x20, 0xAA, 0xAA, 0x60, 0x01, 0x99, 0xAA, 0xAA, 0x89, 0x88, 0x00, 0xAA
	.byte 0x9A, 0x9A, 0x88, 0xAA, 0x8A, 0xA9, 0x89, 0x12, 0xAA, 0x89, 0x98, 0x30, 0x0E, 0x89, 0x98, 0x10
	.byte 0x17, 0x99, 0x02, 0x99, 0xAA, 0x9A, 0x98, 0x88, 0x98, 0x00, 0x11, 0x88, 0x00, 0xA9, 0x8A, 0x88
	.byte 0x88, 0xA8, 0x9A, 0x8A, 0x88, 0x10, 0x98, 0x9A, 0xAA, 0x00, 0x10, 0x99, 0x99, 0x89, 0x88, 0x28
	.byte 0x99, 0x99, 0xB0, 0x01, 0x98, 0x80, 0x03, 0x88, 0x88, 0x99, 0x9F, 0x00, 0x23, 0x88, 0xA9, 0x00
	.byte 0x27, 0x50, 0x12, 0x00, 0x4C, 0x70, 0x03, 0x10, 0x63, 0x0A, 0xA9, 0x89, 0x88, 0xA8, 0x30, 0x55
	.byte 0x88, 0x20, 0x62, 0x89, 0x08, 0xA9, 0xAA, 0x99, 0x98, 0x00, 0x7E, 0x88, 0x89, 0x98, 0x60, 0xA9
	.byte 0x10, 0x63, 0x10, 0x8B, 0x98, 0x9A, 0xA8, 0xAA, 0x88, 0x7E, 0xA9, 0x30, 0x0E, 0x00, 0x90, 0x60
	.byte 0x01, 0x90, 0x6B, 0x60, 0x5C, 0x00, 0x08, 0x9A, 0xBA, 0x00, 0x95, 0xAA, 0x10, 0x7D, 0xB0, 0x6F
	.byte 0xA0, 0x01, 0x88, 0x00, 0x27, 0x00, 0x00, 0x00
	.globl gUnknown_854BC94
gUnknown_854BC94: @ 0x0854BC94
	@ Replaced baserom.gba range: offset=0x54BC94, size=0x12C
	.byte 0x10, 0x00, 0x08, 0x00, 0x00, 0x00, 0x30, 0x01, 0x30, 0x02, 0x30, 0x03, 0x30, 0xE0, 0xF0, 0x07
	.byte 0xF0, 0x07, 0xF0, 0x07, 0x03, 0x30, 0x04, 0x30, 0x05, 0x0F, 0x30, 0x06, 0x30, 0x07, 0xF0, 0x07
	.byte 0xF0, 0x07, 0xF0, 0x07, 0x00, 0x07, 0xFF, 0xF0, 0x53, 0xF0, 0x07, 0xF0, 0x07, 0x70, 0x07, 0xF0
	.byte 0x53, 0xF0, 0x07, 0xF0, 0x07, 0x70, 0x07, 0xFF, 0xF0, 0x53, 0xF0, 0x07, 0xF0, 0x07, 0xF0, 0xFF
	.byte 0xF0, 0x07, 0xF0, 0x07, 0xF0, 0x07, 0xF0, 0xFF, 0xFF, 0xF0, 0x07, 0xF0, 0x07, 0xF0, 0xFF, 0xF0
	.byte 0x5B, 0xF0, 0x07, 0xF0, 0x07, 0xF0, 0xFF, 0xF0, 0x07, 0xFF, 0xF0, 0x07, 0xF0, 0xFF, 0xF0, 0x5B
	.byte 0xF0, 0x07, 0xF0, 0x07, 0xF0, 0xFF, 0xF0, 0x07, 0xF0, 0x07, 0xFF, 0xF0, 0xFF, 0xF0, 0x53, 0xF0
	.byte 0x07, 0xF0, 0x07, 0xF0, 0xFF, 0xF0, 0x07, 0xF0, 0x07, 0xF0, 0x07, 0xFF, 0xF0, 0x53, 0xF0, 0x07
	.byte 0xF0, 0x07, 0xF0, 0xFF, 0xF0, 0x07, 0xF0, 0x07, 0xF0, 0x07, 0xF0, 0xFF, 0xFF, 0xF0, 0x07, 0xF0
	.byte 0x07, 0xF0, 0xFF, 0xF0, 0x5B, 0xF0, 0x07, 0xF0, 0x07, 0xF0, 0xFF, 0xF0, 0x07, 0xFF, 0xF0, 0x07
	.byte 0xF0, 0xFF, 0xF0, 0x5B, 0xF0, 0x07, 0xF0, 0x07, 0xF0, 0xFF, 0xF0, 0x07, 0xF0, 0x07, 0xFF, 0xF0
	.byte 0xFF, 0xF0, 0x53, 0xF0, 0x07, 0xF0, 0x07, 0xF0, 0xFF, 0xF0, 0x07, 0xF0, 0x07, 0xF0, 0x07, 0xFF
	.byte 0xF0, 0x53, 0xF0, 0x07, 0xF0, 0x07, 0xF0, 0xFF, 0xF0, 0x07, 0xF0, 0x07, 0xF0, 0x07, 0xF0, 0xFF
	.byte 0xFF, 0xF0, 0x07, 0xF0, 0x07, 0xF0, 0xFF, 0xF0, 0x5B, 0xF0, 0x07, 0xF0, 0x07, 0xF0, 0xFF, 0xF0
	.byte 0x07, 0xFF, 0xF0, 0x07, 0xF0, 0xFF, 0xF0, 0x5B, 0xF0, 0x07, 0xF0, 0x07, 0xF0, 0xFF, 0xF0, 0x07
	.byte 0xF0, 0x07, 0xFF, 0xF0, 0xFF, 0xF0, 0x53, 0xF0, 0x07, 0xF0, 0x07, 0xF0, 0xFF, 0xF0, 0x07, 0xF0
	.byte 0x07, 0xF0, 0x07, 0xF0, 0xF0, 0x53, 0xF0, 0x07, 0xF0, 0x07, 0x70, 0x07, 0x60, 0x1D, 0x52, 0x56
	.byte 0xFF, 0x7F, 0x00, 0x00, 0x7B, 0x7B, 0xEB, 0x76, 0x94, 0x5A, 0x8C, 0x39, 0x00, 0x00, 0x4A, 0x2D
	.byte 0xB7, 0x33, 0x74, 0x27, 0x94, 0x27, 0x96, 0x3B, 0x32, 0x1F, 0x52, 0x56
	.globl gUnknown_854BDC0
gUnknown_854BDC0: @ 0x0854BDC0
	@ Replaced baserom.gba range: offset=0x54BDC0, size=0xFC
	.byte 0x10, 0x00, 0x05, 0x00, 0x00, 0x09, 0x05, 0x01, 0x01, 0x02, 0x01, 0x03, 0x01, 0x00, 0x04, 0x01
	.byte 0x05, 0x01, 0x06, 0x01, 0x07, 0x01, 0x07, 0x08, 0x01, 0x09, 0x01, 0x00, 0xF0, 0x01, 0xF0, 0x01
	.byte 0x40, 0x01, 0x00, 0x10, 0x01, 0x11, 0x01, 0x12, 0x01, 0x13, 0x01, 0x00, 0x14, 0x01, 0x15, 0x01
	.byte 0x16, 0x01, 0x17, 0x01, 0x1C, 0x18, 0x01, 0x19, 0xF0, 0x25, 0xF0, 0x01, 0x60, 0x01, 0x0A, 0x01
	.byte 0x11, 0x0B, 0x01, 0x0C, 0x80, 0x01, 0x0D, 0x01, 0x0E, 0xF0, 0x25, 0xC1, 0xF0, 0x01, 0x60, 0x01
	.byte 0x1A, 0x01, 0x1B, 0x01, 0x1C, 0x80, 0x01, 0x1D, 0x27, 0x01, 0x1E, 0xF0, 0x25, 0xF0, 0x01, 0xC0
	.byte 0x3F, 0x1D, 0x40, 0x01, 0xFF, 0xF0, 0x3F, 0xF0, 0x01, 0xF0, 0x3F, 0xF0, 0x3F, 0xF0, 0x01, 0xF0
	.byte 0x01, 0xF0, 0x3F, 0xF0, 0x3F, 0xFF, 0xF0, 0x01, 0xF0, 0x3F, 0xF0, 0x3F, 0xF0, 0x25, 0xF0, 0x01
	.byte 0xF1, 0x3F, 0xF1, 0x3F, 0xF0, 0x01, 0x8C, 0xF0, 0x01, 0x0F, 0x01, 0x20, 0x00, 0x33, 0x70, 0x01
	.byte 0x21, 0x01, 0x70, 0x22, 0xF0, 0x25, 0xF0, 0x01, 0x60, 0x01, 0x1F, 0x01, 0x30, 0x01, 0x47, 0x32
	.byte 0x80, 0x01, 0x31, 0x01, 0x23, 0xF0, 0x25, 0xF0, 0x01, 0x60, 0x01, 0x17, 0x24, 0x01, 0x25, 0xC0
	.byte 0x01, 0x26, 0xF0, 0x25, 0xF0, 0x01, 0xF0, 0x3F, 0xFF, 0xF0, 0x3F, 0xF0, 0x01, 0xF0, 0x01, 0xF0
	.byte 0x3F, 0xF0, 0x3F, 0xF0, 0x01, 0xF0, 0x3F, 0xF0, 0x3F, 0xFF, 0xF0, 0x01, 0xF0, 0x01, 0xF0, 0x3F
	.byte 0xF0, 0x3F, 0xF0, 0x01, 0xF0, 0x3F, 0xF0, 0x3F, 0xF0, 0x01, 0xFF, 0xF0, 0x01, 0xF0, 0x3F, 0xF0
	.byte 0x3F, 0xF0, 0x01, 0xF0, 0x3F, 0xF0, 0x3F, 0xF0, 0x01, 0xF0, 0x01, 0x8B, 0x40, 0x01, 0x33, 0x01
	.byte 0x34, 0xC0, 0x01, 0x35, 0xF0, 0x25, 0xF0, 0x01, 0x80, 0x60, 0x01, 0x00
	.globl gUnknown_854BEBC
gUnknown_854BEBC: @ 0x0854BEBC
	@ Replaced baserom.gba range: offset=0x54BEBC, size=0x40
	.byte 0x01, 0x01, 0x02, 0x01, 0x03, 0x01, 0x04, 0x01, 0x05, 0x01, 0x06, 0x01, 0x07, 0x01, 0x08, 0x01
	.byte 0x11, 0x01, 0x12, 0x01, 0x13, 0x01, 0x14, 0x01, 0x15, 0x01, 0x16, 0x01, 0x17, 0x01, 0x18, 0x01
	.byte 0x01, 0x21, 0x02, 0x21, 0x03, 0x21, 0x04, 0x21, 0x05, 0x21, 0x06, 0x21, 0x07, 0x21, 0x08, 0x21
	.byte 0x11, 0x21, 0x12, 0x21, 0x13, 0x21, 0x14, 0x21, 0x15, 0x21, 0x16, 0x21, 0x17, 0x21, 0x18, 0x21
	.globl gUnknown_854BEFC
gUnknown_854BEFC: @ 0x0854BEFC
	@ Replaced baserom.gba range: offset=0x54BEFC, size=0x20
	.byte 0x00, 0x00, 0x52, 0x56, 0xCE, 0x3D, 0x4A, 0x2D, 0x52, 0x56, 0xBE, 0x2A, 0x94, 0x5A, 0x00, 0x00
	.byte 0x34, 0x7B, 0xCF, 0x6A, 0x7F, 0x4B, 0x9A, 0x7F, 0x56, 0x7B, 0x33, 0x77, 0xFF, 0x7F, 0xEB, 0x77
	.globl gUnknown_854BF1C
gUnknown_854BF1C: @ 0x0854BF1C
	@ Replaced baserom.gba range: offset=0x54BF1C, size=0x20
	.byte 0xDF, 0x4B, 0x52, 0x56, 0xCE, 0x3D, 0x4A, 0x2D, 0x31, 0x52, 0xF4, 0x01, 0x94, 0x5A, 0x00, 0x00
	.byte 0x34, 0x7B, 0xCF, 0x6A, 0xF8, 0x0E, 0x9A, 0x7F, 0x56, 0x7B, 0x33, 0x77, 0xD6, 0x5A, 0xEB, 0x77
	.globl gUnknown_854BF3C
gUnknown_854BF3C: @ 0x0854BF3C
	@ Replaced baserom.gba range: offset=0x54BF3C, size=0x20
	.byte 0x00, 0x00, 0xB0, 0x5A, 0xA5, 0x31, 0x8A, 0x39, 0xA9, 0x52, 0x27, 0x46, 0x54, 0x7B, 0xEE, 0x32
	.byte 0xFF, 0x7F, 0xEF, 0x7E, 0xE0, 0x7D, 0x65, 0x51, 0x2F, 0x5B, 0x21, 0x21, 0xB4, 0x4B, 0x48, 0x2D
	.globl gUnknown_854BF5C
gUnknown_854BF5C: @ 0x0854BF5C
	@ Replaced baserom.gba range: offset=0x54BF5C, size=0x20
	.byte 0x00, 0x00, 0x52, 0x56, 0xFF, 0x7F, 0x00, 0x00, 0xEF, 0x7E, 0xE0, 0x7D, 0x1F, 0x42, 0x75, 0x0C
	.byte 0xBF, 0x73, 0x9F, 0x6B, 0x7F, 0x67, 0x00, 0x00, 0x00, 0x00, 0x00, 0x00, 0x00, 0x00, 0x00, 0x00
	.globl gUnknown_854BF7C
gUnknown_854BF7C: @ 0x0854BF7C
	@ Replaced baserom.gba range: offset=0x54BF7C, size=0x20
	.byte 0x00, 0x00, 0x52, 0x56, 0xFF, 0x7F, 0x00, 0x00, 0xEF, 0x7E, 0xE0, 0x7D, 0x1F, 0x42, 0x75, 0x0C
	.byte 0xDC, 0x7F, 0xBB, 0x7B, 0xBA, 0x7B, 0x00, 0x00, 0x00, 0x00, 0x00, 0x00, 0x00, 0x00, 0x00, 0x00
	.globl gUnknown_854BF9C
gUnknown_854BF9C: @ 0x0854BF9C
	@ Replaced baserom.gba range: offset=0x54BF9C, size=0x6C0
	.byte 0x10, 0x00, 0x12, 0x00, 0x30, 0x00, 0x00, 0xF0, 0x01, 0xF0, 0x01, 0x00, 0x00, 0x11, 0x11, 0x95
	.byte 0x30, 0x01, 0x22, 0x22, 0x60, 0x01, 0x33, 0x00, 0x03, 0xE3, 0xF0, 0x1F, 0x02, 0x33, 0x33, 0x33
	.byte 0x33, 0xE3, 0x3E, 0x10, 0x01, 0xEE, 0x1A, 0xEE, 0x3E, 0x33, 0xD0, 0x1F, 0x10, 0x34, 0x3E, 0x00
	.byte 0x21, 0xEE, 0x3F, 0xEE, 0xEE, 0x10, 0x22, 0xE0, 0x1F, 0x20, 0x58, 0x20, 0x1F, 0x00, 0x3E, 0x00
	.byte 0x07, 0xC0, 0xF0, 0x1F, 0x10, 0x1F, 0x23, 0x33, 0x3E, 0xE3, 0x23, 0xE3, 0x33, 0x33, 0xE3, 0xF0
	.byte 0x1F, 0x20, 0x3C, 0x33, 0x3E, 0x10, 0x7B, 0x10, 0x66, 0xC0, 0xF0, 0x1F, 0x10, 0x40, 0x32, 0x33
	.byte 0x33, 0x22, 0x32, 0xEE, 0x0D, 0xEE, 0x22, 0x32, 0x3E, 0xF0, 0xBF, 0x40, 0xD8, 0x3E, 0x40, 0x03
	.byte 0xBF, 0x80, 0x1F, 0x02, 0x80, 0x1E, 0x90, 0x03, 0x20, 0x51, 0x40, 0x03, 0xD0, 0x1B, 0x00, 0xAA
	.byte 0x20, 0x99, 0x99, 0x00, 0x02, 0xDD, 0x93, 0x99, 0xDD, 0x99, 0x00, 0x92, 0x99, 0xBB, 0xDD, 0x99
	.byte 0xDD, 0xDD, 0xBB, 0xB3, 0x10, 0x03, 0xD9, 0x00, 0x0B, 0x10, 0x03, 0x99, 0x99, 0x00, 0x01, 0x10
	.byte 0x15, 0x8F, 0x00, 0x04, 0xBB, 0xDD, 0xBB, 0x00, 0x19, 0x30, 0x01, 0x40, 0x06, 0x00, 0x1F, 0x2A
	.byte 0x32, 0x33, 0x00, 0x1A, 0x22, 0x00, 0x1F, 0x19, 0x00, 0x0F, 0x1D, 0xBA, 0x00, 0x12, 0xDB, 0x10
	.byte 0x03, 0x50, 0x1F, 0x50, 0x67, 0x26, 0x00, 0x03, 0x61, 0xFD, 0xF0, 0x03, 0xE0, 0x8F, 0x80, 0xAB
	.byte 0xF0, 0x01, 0xF0, 0x01, 0x50, 0xEF, 0xA3, 0x00, 0x32, 0xBC, 0x10, 0x03, 0x35, 0x11, 0x3C, 0x51
	.byte 0x43, 0x00, 0x02, 0x01, 0xE9, 0x33, 0xE3, 0x08, 0xA3, 0x3A, 0x3A, 0x33, 0x10, 0x03, 0x53, 0x35
	.byte 0x53, 0xF0, 0x21, 0x7D, 0x51, 0xC3, 0x20, 0x01, 0x01, 0xE5, 0x23, 0xA3, 0x3A, 0x33, 0x8B, 0x00
	.byte 0x20, 0x32, 0x55, 0x55, 0x10, 0x32, 0x23, 0x30, 0x54, 0x40, 0x1E, 0x98, 0x01, 0xA7, 0x22, 0xAA
	.byte 0x00, 0x07, 0x00, 0x03, 0xAA, 0x53, 0x55, 0x20, 0x35, 0x55, 0xD0, 0x3F, 0x22, 0xE3, 0x33, 0xEE
	.byte 0x33, 0x40, 0xA3, 0x00, 0x1C, 0xAA, 0x23, 0x33, 0x55, 0x35, 0x23, 0x7A, 0x53, 0x00, 0x3E, 0xA0
	.byte 0x1F, 0x12, 0x63, 0x00, 0x5E, 0xAA, 0x00, 0x5E, 0x33, 0x79, 0x55, 0x00, 0x19, 0x40, 0x5E, 0x70
	.byte 0x7F, 0x00, 0x21, 0xAA, 0xA3, 0x10, 0x41, 0x1E, 0x33, 0xA3, 0x22, 0x00, 0x81, 0x21, 0xFB, 0x80
	.byte 0x1F, 0x11, 0xE3, 0x3A, 0xFF, 0x40, 0x03, 0x10, 0x18, 0x40, 0x3E, 0x11, 0xB8, 0x10, 0x23, 0x10
	.byte 0x0E, 0xF1, 0x43, 0xF0, 0x03, 0xF3, 0xF0, 0x03, 0x40, 0x03, 0xE1, 0xEF, 0xC0, 0x0F, 0x88, 0xBB
	.byte 0x30, 0x01, 0x40, 0x06, 0x4D, 0x88, 0xD0, 0x0F, 0xCC, 0xBB, 0x30, 0x01, 0x40, 0x06, 0xCC, 0xD0
	.byte 0x0F, 0xFE, 0xF1, 0xF3, 0xE1, 0xFF, 0xA0, 0x01, 0x20, 0xD0, 0x40, 0xFB, 0x12, 0xEF, 0xD0, 0x8F
	.byte 0x92, 0xA8, 0x00, 0x0B, 0x93, 0x00, 0x03, 0x23, 0x00, 0x0B, 0x62, 0x11, 0xD9, 0xD4, 0xE2, 0x8F
	.byte 0x00, 0x02, 0x1B, 0x00, 0x03, 0x1D, 0x02, 0x82, 0x11, 0xBB, 0x1F, 0x9D, 0x11, 0x61, 0xF0, 0x73
	.byte 0x32, 0x8B, 0x10, 0x03, 0xF1, 0x0F, 0x10, 0x03, 0xC3, 0x12, 0x35, 0x50, 0x7F, 0x21, 0x33, 0x44
	.byte 0x44, 0xF0, 0x01, 0xF0, 0x01, 0xFF, 0xF0, 0x01, 0x80, 0x01, 0x10, 0x43, 0xF0, 0x03, 0x40, 0x03
	.byte 0xF0, 0xBF, 0xB0, 0x0F, 0xF4, 0xE9, 0xF0, 0xF4, 0xF7, 0x10, 0x01, 0x04, 0xAF, 0x20, 0x01, 0x88
	.byte 0x88, 0x88, 0xE8, 0x00, 0x7E, 0x77, 0x88, 0x77, 0xEE, 0x8E, 0x7E, 0xE7, 0x09, 0xEE, 0xE8, 0xE7
	.byte 0xEE, 0xD0, 0x1F, 0xEE, 0xE8, 0x10, 0x23, 0x07, 0xE8, 0xEE, 0x7E, 0x78, 0x77, 0x20, 0x07, 0xF0
	.byte 0x1F, 0x20, 0x43, 0x03, 0xEE, 0x8E, 0x77, 0x77, 0xE7, 0x8E, 0x00, 0x07, 0x80, 0x1F, 0x81, 0x00
	.byte 0x19, 0x8E, 0x87, 0xEE, 0x8E, 0xEE, 0x78, 0x20, 0x63, 0x0D, 0x87, 0x77, 0x77, 0x8E, 0x00, 0x0E
	.byte 0xD0, 0x3F, 0x8E, 0x10, 0x03, 0x80, 0x00, 0x1F, 0x8E, 0x77, 0x87, 0x77, 0xE8, 0xE7, 0x8E, 0x5E
	.byte 0xE7, 0xF0, 0x9F, 0x88, 0x10, 0x7B, 0x00, 0x9B, 0x30, 0xAB, 0xE0, 0x1F, 0xE8, 0x4C, 0xEE, 0x00
	.byte 0xBF, 0xEE, 0x78, 0x00, 0x0A, 0x20, 0x03, 0x22, 0x16, 0x98, 0x14, 0xD4, 0x66, 0x66, 0xA3, 0xF0
	.byte 0x82, 0x1F, 0x11, 0x11, 0x61, 0x1C, 0x26, 0x66, 0x66, 0x01, 0xCD, 0xF0, 0x1F, 0x40, 0x1F, 0x11
	.byte 0x11, 0x3F, 0x66, 0x66, 0xF0, 0x3F, 0x50, 0x1F, 0xE1, 0xAC, 0x40, 0x1B, 0x51, 0x5F, 0xF0, 0x1F
	.byte 0xD7, 0xE0, 0x1F, 0x81, 0xCF, 0x24, 0x50, 0x1E, 0x03, 0xF1, 0xA7, 0xE6, 0x9F, 0x10, 0x01, 0x7E
	.byte 0xF2, 0xF1, 0xD1, 0xF0, 0x01, 0xF0, 0x01, 0x70, 0x01, 0x21, 0x25, 0x11, 0x74, 0xEE, 0x7F, 0x88
	.byte 0x00, 0x03, 0x01, 0xF3, 0x00, 0x05, 0x66, 0xCB, 0x00, 0x88, 0x11, 0xE7, 0x00, 0x23, 0x47, 0xE8
	.byte 0x01, 0x94, 0x7E, 0xEE, 0xEE, 0x01, 0x77, 0xC0, 0x1F, 0x01, 0xE7, 0x1C, 0xE8, 0xEE, 0xE7, 0x00
	.byte 0x21, 0xF0, 0x1F, 0x30, 0x1F, 0x87, 0xE7, 0x48, 0xE8, 0x00, 0x03, 0x78, 0xE8, 0x00, 0x03, 0x7E
	.byte 0xEE, 0xE7, 0xCF, 0x00, 0x23, 0xC0, 0x5F, 0xEE, 0x8E, 0x00, 0x33, 0x02, 0x68, 0x10, 0x3E, 0x30
	.byte 0x7E, 0xBF, 0xD0, 0x7F, 0x77, 0x11, 0xEB, 0x00, 0x5F, 0x00, 0x05, 0x00, 0x0B, 0xC0, 0x1F, 0x31
	.byte 0xE7, 0x26, 0x8E, 0x7E, 0x02, 0x0A, 0xE7, 0x7E, 0x30, 0x1E, 0xA0, 0x1F, 0xF4, 0x08, 0xFF, 0xFF
	.byte 0xFF, 0xF5, 0x06, 0x82, 0xF4, 0xA9, 0xAA, 0x3A, 0xAA, 0xF5, 0x00, 0x03, 0xD0, 0x07, 0x00, 0x1E
	.byte 0xFF, 0x16, 0xA2, 0xAA, 0x70, 0xAA, 0xF0, 0x01, 0x10, 0x01, 0x00, 0x1E, 0x4F, 0x99, 0x99, 0xA9
	.byte 0x07, 0x5F, 0xAA, 0xAA, 0xBA, 0x4F, 0x00, 0x03, 0xE0, 0x07, 0x20, 0x5F, 0x00, 0xCC, 0xCC, 0xCC
	.byte 0xF4, 0x4C, 0x44, 0x44, 0xF5, 0x1D, 0x5C, 0x55, 0x55, 0xD0, 0x07, 0x10, 0x5F, 0x00, 0x1E, 0xCC
	.byte 0x11, 0xFB, 0x0E, 0x55, 0x55, 0x55, 0x55, 0xD0, 0x07, 0x10, 0x5F, 0x00, 0x1E, 0x5F, 0xB0, 0x00
	.byte 0x0E, 0x4F, 0x00, 0x0E, 0xE0, 0x07, 0x00, 0x13, 0x21, 0x22, 0xF0, 0xF0, 0x03, 0x70, 0x03, 0xF0
	.byte 0x57, 0xC0, 0x07, 0xDD, 0x1D, 0x31, 0x55, 0xF0, 0x00, 0x03, 0xF0, 0x07, 0x40, 0x07, 0x60, 0x2F
	.byte 0x66, 0x66, 0x55, 0x65, 0x00, 0x66, 0x66, 0x44, 0x64, 0x66, 0x78, 0x55, 0x66, 0x04, 0x86, 0x88
	.byte 0x44, 0x66, 0x76, 0x00, 0x07, 0x66, 0x78, 0xE0, 0x50, 0x1F, 0x13, 0x03, 0x30, 0x01, 0x86, 0x67
	.byte 0x88, 0x67, 0x86, 0x05, 0x67, 0x77, 0x67, 0x86, 0x88, 0x00, 0x0B, 0x77, 0x90, 0x1F, 0x20, 0x78
	.byte 0x78, 0x10, 0x03, 0x86, 0x88, 0x88, 0x77, 0x76, 0x03, 0x87, 0x77, 0x67, 0x66, 0x88, 0x67, 0x00
	.byte 0x1F, 0x52, 0xBC, 0x40, 0x10, 0x02, 0xAC, 0x10, 0x22, 0x99, 0x99, 0x10, 0x92, 0x27, 0x88, 0x88
	.byte 0x70, 0x03, 0xE8, 0xEE, 0x52, 0xDB, 0x12, 0xCC, 0x11, 0x87, 0x20, 0xE8, 0xEB, 0x03, 0xD5, 0xBE
	.byte 0x8E, 0x88, 0x8E, 0x98, 0x4F, 0x98, 0x02, 0x90, 0x88, 0x88, 0xD0, 0x1F, 0x00, 0x1D, 0x50, 0x01
	.byte 0x13, 0xFF, 0x60, 0x9E, 0xF0, 0x1F, 0x40, 0x1C, 0x8E, 0xE8, 0xEE, 0x99, 0x9E, 0x7F, 0x88, 0xF1
	.byte 0xF7, 0x00, 0x23, 0x22, 0x0F, 0x40, 0x07, 0xD1, 0xEF, 0x28, 0xAF, 0x80, 0x01, 0x8B, 0xD1, 0xEF
	.byte 0x99, 0x99, 0xB9, 0x02, 0x0F, 0xB9, 0x60, 0x07, 0xF1, 0xF7, 0xFA, 0xB0, 0x07, 0xF1, 0x97, 0xE0
	.byte 0x07, 0xF1, 0xF7, 0xB1, 0xFF, 0xD2, 0x00, 0x03, 0xDD, 0x13, 0x00, 0x13, 0xD1, 0x00, 0x03, 0x11
	.byte 0x11, 0x60, 0x03, 0x14, 0x43, 0x9E, 0x00, 0x03, 0xDD, 0xDD, 0x70, 0x01, 0x52, 0xF7, 0x52, 0xFB
	.byte 0x10, 0x01, 0xDD, 0xFA, 0x01, 0xE3, 0x50, 0x03, 0x00, 0x16, 0x50, 0x03, 0x64, 0x67, 0x44, 0x01
	.byte 0xEB, 0x55, 0xD5, 0x01, 0xEB, 0x01, 0xFE, 0x78, 0x01, 0xFF, 0x87, 0x01, 0xFF, 0x76, 0x11, 0xCD
	.byte 0x8C, 0x50, 0x9F, 0x88, 0x67, 0x78, 0x01, 0xEB, 0x11, 0xD8, 0x87, 0x66, 0xAC, 0x01, 0xD7, 0x88
	.byte 0x01, 0xD7, 0x77, 0x11, 0xEB, 0x71, 0xF7, 0x78, 0x67, 0x13, 0x66, 0x66, 0x77, 0x22, 0x0B, 0x88
	.byte 0x67, 0xF0, 0x1F, 0x01, 0xE7, 0xAA, 0x11, 0xF3, 0x8E, 0x00, 0x03, 0x9E, 0x01, 0xEF, 0x98, 0x00
	.byte 0x07, 0x89, 0x0C, 0x10, 0x22, 0xBB, 0xBB, 0x12, 0x0F, 0x10, 0xBF, 0x9E, 0x99, 0x12, 0x89, 0xE8
	.byte 0x9E, 0x03, 0xDB, 0x9E, 0xE8, 0x01, 0xCC, 0xE8, 0x04, 0x89, 0x88, 0x98, 0x88, 0x89, 0x08, 0x1C
	.byte 0xBB, 0xBB, 0x80, 0x55, 0x67, 0xE8, 0xE8, 0xE8, 0x98, 0xE9, 0xE9, 0x89, 0x08, 0x89, 0x89, 0xE9
	.byte 0x89, 0x06, 0x14, 0x89, 0xE8, 0x88, 0xCD, 0x01, 0xE1, 0x90, 0x1F, 0x88, 0x9E, 0x12, 0x05, 0x03
	.byte 0xFD, 0x98, 0x20, 0x1E, 0x5F, 0x8E, 0x00, 0x1E, 0x98, 0x90, 0x1F, 0xD1, 0xEF, 0x20, 0x07, 0x01
	.byte 0xE7, 0x13, 0xB7, 0xFF, 0x10, 0x9F, 0xD1, 0xEF, 0x54, 0x0B, 0x13, 0xB7, 0x30, 0x1F, 0xB1, 0xEF
	.byte 0x10, 0x07, 0x12, 0x07, 0xFF, 0x13, 0xB7, 0x10, 0x1F, 0xF1, 0xF7, 0x00, 0x07, 0x10, 0x17, 0x40
	.byte 0x3F, 0xF1, 0xEF, 0x63, 0xF7, 0xF0, 0x50, 0x1F, 0xF1, 0xF7, 0x00, 0x07, 0x50, 0x5F, 0x00, 0x13
	.byte 0xE1, 0xEE, 0xBB, 0xB0, 0x03, 0x11, 0x10, 0x03, 0x01, 0xFF, 0x00, 0x03, 0x30, 0x02, 0x03, 0x72
	.byte 0x13, 0xFC, 0xC0, 0x27, 0x30, 0x03, 0xF2, 0x1F, 0xB2, 0x1F, 0x71, 0xC7, 0x14, 0x01, 0x56, 0x55
	.byte 0x0C, 0x78, 0x66, 0x46, 0x44, 0x01, 0xC0, 0x00, 0x07, 0x66, 0x44, 0x00, 0x87, 0x67, 0x66, 0x55
	.byte 0x66, 0x78, 0x66, 0x44, 0x80, 0x00, 0x03, 0x55, 0x88, 0x77, 0x66, 0x44, 0x78, 0x67, 0x1F, 0x56
	.byte 0x55, 0x77, 0x00, 0x1F, 0x00, 0x1E, 0x60, 0xC7, 0xF6, 0x51, 0xF0, 0x01, 0xFF, 0xF0, 0x01, 0xF0
	.byte 0x01, 0xF0, 0x01, 0xF0, 0x01, 0xF0, 0x01, 0xF0, 0x01, 0xF0, 0x01, 0xF4, 0x1F, 0x86, 0x34, 0x1F
	.byte 0x88, 0xE8, 0x99, 0x9E, 0xF4, 0x7F, 0x84, 0x5F, 0x8E, 0xF4, 0x00, 0x23, 0xF4, 0x5F, 0x02, 0x6A
	.byte 0x30, 0x1E, 0xE8, 0x04, 0x80, 0xE8, 0x89, 0xD1, 0xD0, 0x1F, 0x14, 0xBE, 0x8E, 0x08, 0xC0, 0x98
	.byte 0x98, 0xE8, 0x14, 0x9F, 0x50, 0xE9, 0x40, 0x1F, 0x00, 0x00, 0x1E, 0x03, 0x99, 0x99, 0x22, 0x0A
	.byte 0x03, 0x88, 0x88, 0x2B, 0x20, 0x03, 0x8E, 0x00, 0x03, 0x99, 0xEC, 0x00, 0x03, 0xB5, 0x1F, 0x03
	.byte 0x17, 0xB2, 0x05, 0x17, 0x60, 0x03, 0x98, 0x99, 0xC9, 0x90, 0x5F, 0x12, 0xD7, 0x98, 0x9B, 0x00
	.byte 0x55, 0xB9, 0x89, 0x03, 0x25, 0x3F, 0x88, 0x88, 0x10, 0x8D, 0xD0, 0x1F, 0x80, 0xBF, 0x10, 0xAB
	.byte 0xA0, 0x9F, 0x90, 0x1F, 0x0F, 0x99, 0x89, 0x98, 0x99, 0x10, 0x44, 0xF0, 0x1F, 0x50, 0x1F, 0x13
	.byte 0x8A, 0xDE, 0xF0, 0x7F, 0x80, 0x5F, 0x89, 0x00, 0x23, 0xF0, 0x5F, 0x00, 0xFA, 0x30, 0x1E, 0x98
	.byte 0xB5, 0x00, 0x80, 0x98, 0xE0, 0x5F, 0x10, 0xBE, 0x89, 0x10, 0xBC, 0x88, 0x00, 0x7F, 0xF5, 0x00
	.byte 0x04, 0x91, 0x1F, 0x03, 0xB5, 0x01, 0x1B, 0x29, 0x20, 0x03, 0x89, 0x40, 0x07, 0xFA, 0xF1, 0xCD
	.byte 0xF0, 0x01, 0xF0, 0x01, 0x70, 0x01, 0x04, 0x17, 0xEE, 0x04, 0x17, 0xE8, 0x8B, 0x01, 0xB4, 0x8E
	.byte 0x89, 0x8E, 0x01, 0xB2, 0x98, 0xB4, 0x1F, 0x01, 0x43, 0x82, 0x1A, 0x34, 0x98, 0x9E, 0x89, 0xE8
	.byte 0x89, 0x01, 0xEF, 0xEE, 0xDF, 0x00, 0x0F, 0xA0, 0x1F, 0x98, 0x00, 0x17, 0x04, 0x79, 0x00, 0xB1
	.byte 0xF0, 0x1F, 0x24, 0x7F, 0xD3, 0x08, 0x96, 0x00, 0x5A, 0x99, 0x06, 0xB0, 0xEE, 0xEE, 0x00, 0x6B
	.byte 0x11, 0x37, 0xA8, 0x90, 0x1F, 0xEE, 0x11, 0xE7, 0x8E, 0x01, 0xF3, 0x9E, 0x2B, 0x03, 0x26, 0xEE
	.byte 0x98, 0x00, 0x0B, 0x89, 0x2B, 0x20, 0xE7, 0x0C, 0x27, 0x03, 0xD7, 0x15, 0xC2, 0x41, 0xEB, 0x89
	.byte 0x30, 0x03, 0x98, 0x31, 0xF7, 0x17, 0x27, 0x45, 0x1F, 0xA7, 0x00, 0x78, 0x98, 0x00, 0x80, 0x98
	.byte 0x89, 0x01, 0x55, 0x10, 0x03, 0x21, 0x9B, 0xFB, 0x02, 0x67, 0x60, 0x9F, 0x07, 0x27, 0x00, 0x02
	.byte 0x21, 0x75, 0x98, 0x11, 0xB3, 0xC0, 0x1F, 0xFF, 0x22, 0x28, 0x10, 0x44, 0x30, 0x1E, 0x21, 0x79
	.byte 0xA0, 0x3F, 0x31, 0xEA, 0x10, 0x42, 0x12, 0x54, 0xFF, 0x22, 0xFF, 0xA0, 0x3F, 0x22, 0x66, 0x15
	.byte 0x95, 0x01, 0xCF, 0xF0, 0x1F, 0x00, 0x1F, 0x40, 0x7C, 0xFE, 0xF0, 0x1F, 0x50, 0x1F, 0x00, 0x13
	.byte 0x00, 0x76, 0x00, 0x1B, 0x00, 0x08, 0xE0, 0x1F, 0x99, 0xBF, 0x11, 0xE7, 0x89, 0x30, 0x03, 0x20
	.byte 0x0B, 0x00, 0x03, 0x13, 0x27, 0x51, 0x1F, 0xF1, 0xD1, 0xE0, 0xF0, 0x01, 0xF0, 0x01, 0x70, 0x01
	.globl gUnknown_854C65C
gUnknown_854C65C: @ 0x0854C65C
	@ Replaced baserom.gba range: offset=0x54C65C, size=0xB0
	.byte 0x10, 0x10, 0x02, 0x00, 0x11, 0x46, 0x11, 0x47, 0xF0, 0x01, 0x11, 0x48, 0x11, 0xB0, 0x17, 0x14
	.byte 0x43, 0x11, 0x44, 0x00, 0x01, 0x45, 0xE0, 0x17, 0x53, 0x11, 0x51, 0x54, 0x00, 0x01, 0x55, 0xE0
	.byte 0x17, 0x63, 0x11, 0x64, 0x00, 0x01, 0x7C, 0x65, 0xF0, 0x47, 0xF0, 0x47, 0xF0, 0x47, 0xF0, 0x47
	.byte 0x20, 0x17, 0x40, 0x11, 0x51, 0x41, 0x00, 0x01, 0x42, 0xE0, 0x47, 0x50, 0x11, 0x51, 0x00, 0x01
	.byte 0x45, 0x52, 0xE0, 0x47, 0x60, 0x11, 0x61, 0x00, 0x01, 0x62, 0xF0, 0x8F, 0xFF, 0xF0, 0x8F, 0xF0
	.byte 0x8F, 0xF0, 0x8F, 0xF0, 0x47, 0xF0, 0x47, 0xF0, 0x47, 0xF0, 0x47, 0xF0, 0x47, 0xC0, 0xF0, 0x01
	.byte 0xE0, 0x17, 0x49, 0x11, 0x4A, 0x11, 0x4B, 0x11, 0x40, 0x69, 0xE0, 0x17, 0x59, 0x11, 0x5A, 0x11
	.byte 0x5B, 0x11, 0x45, 0x6A, 0x00, 0x17, 0x56, 0x11, 0x57, 0xC0, 0x01, 0x68, 0x00, 0x01, 0x00, 0x58
	.byte 0x11, 0x67, 0x11, 0x29, 0x11, 0x2A, 0x11, 0x00, 0x2B, 0x11, 0x2C, 0x11, 0x2D, 0x11, 0x2E, 0x11
	.byte 0x02, 0x2F, 0x11, 0x67, 0x15, 0x00, 0x01, 0x10, 0x01, 0x66, 0x00, 0x11, 0x39, 0x11, 0x3A, 0x11
	.byte 0x3B, 0x11, 0x3C, 0x00, 0x11, 0x3D, 0x11, 0x3E, 0x11, 0x3F, 0x11, 0x66, 0x80, 0x40, 0x17, 0x00
	.globl gUnknown_854C70C
gUnknown_854C70C: @ 0x0854C70C
	@ Replaced baserom.gba range: offset=0x54C70C, size=0x48
	.byte 0x4C, 0x01, 0x4D, 0x01, 0x4E, 0x01, 0x4F, 0x01, 0x70, 0x01, 0x71, 0x01, 0x72, 0x01, 0x73, 0x01
	.byte 0x74, 0x01, 0x5C, 0x01, 0x5D, 0x01, 0x5E, 0x01, 0x5F, 0x01, 0x80, 0x01, 0x81, 0x01, 0x82, 0x01
	.byte 0x83, 0x01, 0x84, 0x01, 0x75, 0x01, 0x76, 0x01, 0x77, 0x01, 0x78, 0x01, 0x79, 0x01, 0x7A, 0x01
	.byte 0x7B, 0x01, 0x7C, 0x01, 0x7D, 0x01, 0x85, 0x01, 0x86, 0x01, 0x87, 0x01, 0x88, 0x01, 0x89, 0x01
	.byte 0x8A, 0x01, 0x8B, 0x01, 0x8C, 0x01, 0x8D, 0x01
	.globl gUnknown_854C754
gUnknown_854C754: @ 0x0854C754
	@ Replaced baserom.gba range: offset=0x54C754, size=0x18
	.byte 0x40, 0x11, 0x41, 0x11, 0x41, 0x11, 0x42, 0x11, 0x50, 0x11, 0x51, 0x11, 0x51, 0x11, 0x52, 0x11
	.byte 0x60, 0x11, 0x61, 0x11, 0x61, 0x11, 0x62, 0x11
	.globl gUnknown_854C76C
gUnknown_854C76C: @ 0x0854C76C
	@ Replaced baserom.gba range: offset=0x54C76C, size=0x238
	.byte 0x43, 0x11, 0x44, 0x11, 0x44, 0x11, 0x45, 0x11, 0x53, 0x11, 0x54, 0x11, 0x54, 0x11, 0x55, 0x11
	.byte 0x63, 0x11, 0x64, 0x11, 0x64, 0x11, 0x65, 0x11, 0x00, 0x00, 0x52, 0x56, 0x4A, 0x2D, 0xFF, 0x7F
	.byte 0xF9, 0x7F, 0xEB, 0x76, 0x8B, 0x66, 0x0A, 0x52, 0xAA, 0x3D, 0x4A, 0x2D, 0x00, 0x00, 0x7B, 0x7B
	.byte 0x94, 0x5A, 0x52, 0x56, 0xCE, 0x3D, 0x4A, 0x2D, 0x00, 0x00, 0x00, 0x00, 0x00, 0x00, 0x00, 0x00
	.byte 0x00, 0x00, 0x00, 0x50, 0x00, 0x00, 0x05, 0x05, 0x00, 0x50, 0x50, 0x00, 0x00, 0x00, 0x00, 0x00
	.byte 0x00, 0x00, 0x00, 0x00, 0x00, 0x00, 0x00, 0x00, 0x00, 0x00, 0x00, 0x00, 0x05, 0x00, 0x00, 0x00
	.byte 0x50, 0x00, 0x00, 0x00, 0x00, 0x05, 0x05, 0x00, 0x00, 0x50, 0x00, 0x00, 0x00, 0x00, 0x00, 0x00
	.byte 0x00, 0x00, 0x00, 0x00, 0x00, 0x00, 0x00, 0x00, 0x00, 0x00, 0x00, 0x00, 0x00, 0x00, 0x00, 0x60
	.byte 0x00, 0x00, 0x07, 0x46, 0x00, 0x80, 0x64, 0x64, 0x00, 0x48, 0x47, 0x06, 0x00, 0x80, 0x60, 0x00
	.byte 0x00, 0x00, 0x00, 0x00, 0x00, 0x00, 0x00, 0x00, 0x07, 0x00, 0x00, 0x00, 0x64, 0x00, 0x00, 0x00
	.byte 0x47, 0x06, 0x08, 0x00, 0x60, 0x74, 0x84, 0x00, 0x00, 0x46, 0x08, 0x00, 0x00, 0x70, 0x00, 0x00
	.byte 0x00, 0x00, 0x00, 0x00, 0x00, 0x00, 0x00, 0x00, 0x00, 0x00, 0x00, 0x00, 0x00, 0x00, 0x00, 0x00
	.byte 0x00, 0x00, 0x00, 0x00, 0x00, 0x78, 0x67, 0x67, 0x00, 0x47, 0x44, 0x44, 0x00, 0x78, 0x67, 0x67
	.byte 0x00, 0x00, 0x00, 0x00, 0x00, 0x00, 0x00, 0x00, 0x00, 0x00, 0x00, 0x00, 0x00, 0x00, 0x00, 0x00
	.byte 0x00, 0x00, 0x00, 0x00, 0x66, 0x67, 0x87, 0x00, 0x44, 0x44, 0x74, 0x00, 0x66, 0x67, 0x87, 0x00
	.byte 0x00, 0x00, 0x00, 0x00, 0x00, 0x00, 0x00, 0x00, 0x00, 0x00, 0x00, 0x00, 0x00, 0x00, 0x00, 0x00
	.byte 0x00, 0x80, 0x70, 0x00, 0x00, 0x48, 0x47, 0x06, 0x00, 0x80, 0x74, 0x64, 0x00, 0x00, 0x07, 0x46
	.byte 0x00, 0x00, 0x00, 0x60, 0x00, 0x00, 0x00, 0x00, 0x00, 0x00, 0x00, 0x00, 0x00, 0x00, 0x00, 0x00
	.byte 0x00, 0x70, 0x00, 0x00, 0x00, 0x47, 0x08, 0x00, 0x60, 0x74, 0x84, 0x00, 0x47, 0x07, 0x08, 0x00
	.byte 0x64, 0x00, 0x00, 0x00, 0x07, 0x00, 0x00, 0x00, 0x00, 0x00, 0x00, 0x00, 0x00, 0x00, 0x00, 0x00
	.byte 0x00, 0x00, 0x00, 0x00, 0x00, 0x00, 0x50, 0x00, 0x00, 0x00, 0x05, 0x05, 0x00, 0x00, 0x00, 0x50
	.byte 0x00, 0x00, 0x00, 0x00, 0x00, 0x00, 0x00, 0x00, 0x00, 0x00, 0x00, 0x00, 0x00, 0x00, 0x00, 0x00
	.byte 0x00, 0x05, 0x00, 0x00, 0x50, 0x50, 0x00, 0x00, 0x05, 0x00, 0x05, 0x00, 0x00, 0x00, 0x00, 0x00
	.byte 0x00, 0x00, 0x00, 0x00, 0x00, 0x00, 0x00, 0x00, 0x00, 0x00, 0x00, 0x00, 0x00, 0x00, 0x00, 0x00
	.byte 0x00, 0x00, 0x70, 0x00, 0x00, 0x00, 0x47, 0x07, 0x00, 0x80, 0x84, 0x84, 0x00, 0x00, 0x07, 0x46
	.byte 0x00, 0x00, 0x00, 0x60, 0x00, 0x00, 0x00, 0x00, 0x00, 0x00, 0x00, 0x00, 0x00, 0x06, 0x00, 0x00
	.byte 0x60, 0x74, 0x00, 0x00, 0x46, 0x48, 0x07, 0x00, 0x64, 0x70, 0x84, 0x00, 0x06, 0x00, 0x07, 0x00
	.byte 0x00, 0x00, 0x00, 0x00, 0x00, 0x00, 0x00, 0x00, 0x00, 0x00, 0x00, 0x00, 0x00, 0x00, 0x00, 0x00
	.byte 0x00, 0x00, 0x00, 0x60, 0x00, 0x00, 0x07, 0x46, 0x00, 0x80, 0x84, 0x84, 0x00, 0x00, 0x47, 0x06
	.byte 0x00, 0x00, 0x70, 0x00, 0x00, 0x00, 0x00, 0x00, 0x00, 0x00, 0x00, 0x00, 0x00, 0x00, 0x00, 0x00
	.byte 0x00, 0x00, 0x00, 0x00, 0x06, 0x00, 0x06, 0x00, 0x64, 0x60, 0x84, 0x00, 0x46, 0x48, 0x07, 0x00
	.byte 0x60, 0x74, 0x00, 0x00, 0x00, 0x07, 0x00, 0x00, 0x00, 0x00, 0x28, 0x7F, 0x00, 0x00, 0x00, 0x00
	.byte 0x00, 0x00, 0x00, 0x00, 0x00, 0x00, 0x00, 0x00, 0x20, 0x5E, 0x00, 0x00, 0x00, 0x00, 0x00, 0x00
	.byte 0x00, 0x00, 0x00, 0x00, 0x00, 0x00, 0x52, 0x56, 0x00, 0x00, 0x7F, 0x4A, 0x00, 0x00, 0x00, 0x00
	.byte 0x00, 0x00, 0x00, 0x00, 0x00, 0x00, 0x00, 0x00, 0x77, 0x29, 0x00, 0x00, 0x00, 0x00, 0x00, 0x00
	.byte 0x00, 0x00, 0x00, 0x00, 0x00, 0x00, 0x52, 0x56
	.globl gUnknown_854C9A4
gUnknown_854C9A4: @ 0x0854C9A4
	@ Replaced baserom.gba range: offset=0x54C9A4, size=0x20
	.byte 0x00, 0x00, 0xFF, 0x7F, 0x8C, 0x31, 0x5A, 0x67, 0x00, 0x00, 0x00, 0x00, 0x00, 0x00, 0x00, 0x00
	.byte 0x00, 0x00, 0x00, 0x00, 0x00, 0x00, 0x00, 0x00, 0x00, 0x00, 0x00, 0x00, 0x00, 0x00, 0x00, 0x00
	.globl gUnknown_854C9C4
gUnknown_854C9C4: @ 0x0854C9C4
	@ Replaced baserom.gba range: offset=0x54C9C4, size=0x20
	.byte 0x01, 0x01, 0x0B, 0x08, 0x07, 0x03, 0xC0, 0x00, 0x00, 0x0B, 0x11, 0x12, 0x02, 0x0F, 0x14, 0x00
	.byte 0x00, 0x00, 0x0D, 0x15, 0x07, 0x0F, 0x14, 0x00, 0xFF, 0x00, 0x00, 0x00, 0x00, 0x00, 0x00, 0x00
	.globl gUnknown_854C9E4
gUnknown_854C9E4: @ 0x0854C9E4
	@ Replaced baserom.gba range: offset=0x54C9E4, size=0x10
	.byte 0xD0, 0x01, 0x00, 0x00, 0xE5, 0x11, 0x40, 0x00, 0xBA, 0x23, 0x00, 0x00, 0xFF, 0x31, 0x00, 0x00
	.globl gUnknown_854C9F4
gUnknown_854C9F4: @ 0x0854C9F4
	@ Replaced baserom.gba range: offset=0x54C9F4, size=0x8
	.byte 0x84, 0xC7, 0x54, 0x08, 0xCA, 0xDA, 0x00, 0x00
	.globl gUnknown_854C9FC
gUnknown_854C9FC: @ 0x0854C9FC
	@ Replaced baserom.gba range: offset=0x54C9FC, size=0x8
	.byte 0xA4, 0xC7, 0x54, 0x08, 0xC0, 0x01, 0x05, 0x00
	.globl gUnknown_854CA04
gUnknown_854CA04: @ 0x0854CA04
	@ Replaced baserom.gba range: offset=0x54CA04, size=0x18
	@ semanticized-mass: resolved embedded ROM pointers
	.byte 0x02, 0x00, 0xC6, 0xDA, 0x1C, 0xCB, 0x54, 0x08
	.4byte gDummySpriteAnimTable @ ROM pointer 0x082BF304
	.byte 0x00, 0x00, 0x00, 0x00
	.4byte gDummySpriteAffineAnimTable @ ROM pointer 0x082BF310
	.4byte SpriteCallbackDummy @ ROM pointer 0x08007141
	.globl gUnknown_854CA1C
gUnknown_854CA1C: @ 0x0854CA1C
	@ Replaced baserom.gba range: offset=0x54CA1C, size=0xF8
	@ semanticized-mass: resolved embedded ROM pointers
	.byte 0xBD, 0xB1, 0x5C, 0x08, 0x00, 0x00, 0x00, 0x00
	.4byte gText_Rom_5CB1D0 @ ROM pointer 0x085CB1D0
	.byte 0x00, 0x00, 0x00, 0x00
	.4byte gText_Rom_5CB1E0 @ ROM pointer 0x085CB1E0
	.byte 0x00, 0x00, 0x00, 0x00
	.4byte gText_Rom_5CB1ED @ ROM pointer 0x085CB1ED
	.byte 0x00, 0x00, 0x00, 0x00, 0xFB, 0xB1, 0x5C, 0x08, 0x01, 0x00, 0x00, 0x00
	.4byte gText_Rom_5CB207 @ ROM pointer 0x085CB207
	.byte 0x00, 0x00, 0x00, 0x00
	.4byte gText_Rom_5CB21A @ ROM pointer 0x085CB21A
	.byte 0x00, 0x00, 0x00, 0x00, 0x2B, 0xB2, 0x5C, 0x08, 0x01, 0x00, 0x00, 0x00
	.4byte gText_Rom_5CB236 @ ROM pointer 0x085CB236
	.byte 0x00, 0x00, 0x00, 0x00
	.4byte gText_Rom_5CB245 @ ROM pointer 0x085CB245
	.byte 0x00, 0x00, 0x00, 0x00, 0x53, 0xB2, 0x5C, 0x08, 0x04, 0x00, 0x00, 0x00, 0x63, 0xB2, 0x5C, 0x08
	.byte 0x06, 0x00, 0x00, 0x00
	.4byte gText_Rom_5CB26C @ ROM pointer 0x085CB26C
	.byte 0x00, 0x00, 0x00, 0x00
	.4byte gText_Rom_5CB278 @ ROM pointer 0x085CB278
	.byte 0x00, 0x00, 0x00, 0x00, 0x8B, 0xB2, 0x5C, 0x08, 0x00, 0x00, 0x00, 0x00
	.4byte gText_Rom_5CB298 @ ROM pointer 0x085CB298
	.byte 0x00, 0x00, 0x00, 0x00
	.4byte gText_Rom_5CB2A9 @ ROM pointer 0x085CB2A9
	.byte 0x00, 0x00, 0x00, 0x00
	.4byte gText_Rom_5CB2BB @ ROM pointer 0x085CB2BB
	.byte 0x00, 0x00, 0x00, 0x00
	.4byte gText_Rom_5CB2CE @ ROM pointer 0x085CB2CE
	.byte 0x00, 0x00, 0x00, 0x00, 0xDF, 0xB2, 0x5C, 0x08, 0x01, 0x00, 0x00, 0x00
	.4byte gText_Rom_5CB2EB @ ROM pointer 0x085CB2EB
	.byte 0x00, 0x00, 0x00, 0x00
	.4byte gText_Rom_5CB2F9 @ ROM pointer 0x085CB2F9
	.byte 0x00, 0x00, 0x00, 0x00
	.4byte gText_Rom_5CB300 @ ROM pointer 0x085CB300
	.byte 0x00, 0x00, 0x00, 0x00, 0xFB, 0xB1, 0x5C, 0x08, 0x07, 0x00, 0x00, 0x00
	.4byte gText_Rom_5CB310 @ ROM pointer 0x085CB310
	.byte 0x00, 0x00, 0x00, 0x00, 0x1D, 0xB3, 0x5C, 0x08, 0x07, 0x00, 0x00, 0x00
	.4byte gText_Rom_5CB32A @ ROM pointer 0x085CB32A
	.byte 0x00, 0x00, 0x00, 0x00
	.4byte gText_Rom_5CB337 @ ROM pointer 0x085CB337
	.byte 0x00, 0x00, 0x00, 0x00, 0x48, 0xB3, 0x5C, 0x08, 0x07, 0x00, 0x00, 0x00, 0x52, 0xB3, 0x5C, 0x08
	.byte 0x07, 0x00, 0x00, 0x00
	.4byte gText_Rom_5CB35D @ ROM pointer 0x085CB35D
	.byte 0x00, 0x00, 0x00, 0x00
	.globl gUnknown_854CB14
gUnknown_854CB14: @ 0x0854CB14
	@ Replaced baserom.gba range: offset=0x54CB14, size=0x58
	.byte 0x00, 0x18, 0x0B, 0x05, 0x04, 0x0F, 0x5C, 0x00, 0x00, 0x00, 0x00, 0xC0, 0x00, 0x00, 0x00, 0x00
	.byte 0x00, 0x40, 0x00, 0x00, 0x00, 0x00, 0x00, 0x00, 0x00, 0x00, 0x05, 0x00, 0xFF, 0xFF, 0x00, 0x00
	.byte 0x02, 0x00, 0x08, 0x00, 0x04, 0x00, 0x08, 0x00, 0x06, 0x00, 0x08, 0x00, 0xFE, 0xFF, 0x00, 0x00
	.byte 0x08, 0x00, 0x05, 0x00, 0xFF, 0xFF, 0x00, 0x00, 0x0A, 0x00, 0x08, 0x00, 0x04, 0x00, 0x08, 0x00
	.byte 0x0C, 0x00, 0x08, 0x00, 0xFE, 0xFF, 0x00, 0x00, 0x2C, 0xCB, 0x54, 0x08, 0x34, 0xCB, 0x54, 0x08
	.byte 0x44, 0xCB, 0x54, 0x08, 0x4C, 0xCB, 0x54, 0x08
	.globl gUnknown_854CB6C
gUnknown_854CB6C: @ 0x0854CB6C
	@ Replaced baserom.gba range: offset=0x54CB6C, size=0x18
	@ semanticized-mass: resolved embedded ROM pointers
	.byte 0x05, 0x00, 0xCA, 0xDA, 0x24, 0xCB, 0x54, 0x08, 0x5C, 0xCB, 0x54, 0x08, 0x00, 0x00, 0x00, 0x00
	.4byte gDummySpriteAffineAnimTable @ ROM pointer 0x082BF310
	.4byte SpriteCallbackDummy @ ROM pointer 0x08007141
	.globl gUnknown_854CB84
gUnknown_854CB84: @ 0x0854CB84
	@ Replaced baserom.gba range: offset=0x54CB84, size=0x48
	.byte 0x12, 0x00, 0xC0, 0xDA, 0x9C, 0xCB, 0x54, 0x08, 0x04, 0xF3, 0x2B, 0x08, 0x00, 0x00, 0x00, 0x00
	.byte 0x10, 0xF3, 0x2B, 0x08, 0x41, 0x71, 0x00, 0x08, 0x00, 0x00, 0x00, 0x80, 0x00, 0x00, 0x00, 0x00
	.byte 0xFE, 0xFF, 0xFE, 0xFF, 0x00, 0x78, 0x00, 0x00, 0xFF, 0x7F, 0x00, 0x00, 0x00, 0x00, 0x00, 0x00
	.byte 0x10, 0x00, 0x10, 0x00, 0x00, 0x00, 0x00, 0x00, 0x10, 0x00, 0x10, 0x00, 0x00, 0x0F, 0x00, 0x00
	.byte 0xFF, 0x7F, 0x00, 0x00, 0x00, 0x00, 0x00, 0x00
	.globl gUnknown_854CBCC
gUnknown_854CBCC: @ 0x0854CBCC
	@ Replaced baserom.gba range: offset=0x54CBCC, size=0x4C58
	.byte 0xA4, 0xCB, 0x54, 0x08, 0xB4, 0xCB, 0x54, 0x08, 0xFF, 0x7F, 0xFE, 0x73, 0xCF, 0x7E, 0x97, 0x7F
	.byte 0x33, 0x7F, 0x00, 0x00, 0x6F, 0x37, 0xEB, 0x26, 0xF5, 0x15, 0x28, 0x1A, 0x8B, 0x26, 0x72, 0x3A
	.byte 0x79, 0x26, 0xFF, 0x7F, 0x34, 0x2A, 0x6E, 0x11, 0xFF, 0x7F, 0xFC, 0x57, 0xF9, 0x4B, 0x96, 0x3F
	.byte 0x33, 0x33, 0xD0, 0x26, 0x6D, 0x1A, 0x0A, 0x0E, 0x00, 0x00, 0x59, 0x57, 0xD5, 0x46, 0x00, 0x00
	.byte 0x00, 0x00, 0x00, 0x00, 0x34, 0x2A, 0x8F, 0x15, 0x10, 0xE0, 0x07, 0x00, 0x32, 0x00, 0x00, 0xF0
	.byte 0x01, 0xD0, 0x01, 0xEE, 0xEE, 0x30, 0x01, 0xDD, 0x00, 0xDD, 0xDD, 0xDD, 0x99, 0x99, 0x99, 0xAA
	.byte 0x99, 0x00, 0x99, 0xA9, 0xA9, 0x99, 0x99, 0x9A, 0xAA, 0xA9, 0x10, 0xA9, 0xA9, 0x7A, 0xD0, 0x1F
	.byte 0xA7, 0xA7, 0x77, 0x77, 0x08, 0x7A, 0x7A, 0x7A, 0x77, 0x20, 0x07, 0x77, 0x77, 0x77, 0xE0, 0xD0
	.byte 0x1F, 0x00, 0x12, 0x00, 0x01, 0x67, 0xA7, 0x77, 0x67, 0x67, 0x04, 0x7A, 0x76, 0x76, 0x96, 0xAA
	.byte 0xD0, 0x1F, 0x76, 0x77, 0x00, 0x77, 0x76, 0x69, 0x76, 0x67, 0x67, 0x9A, 0x69, 0x04, 0x66, 0x66
	.byte 0xA7, 0x9A, 0x99, 0xE0, 0x1F, 0x66, 0x66, 0x00, 0x76, 0x77, 0x67, 0x66, 0x7A, 0x77, 0x66, 0xAA
	.byte 0x02, 0x77, 0x77, 0xAA, 0x7A, 0x77, 0x76, 0xE0, 0x3F, 0x66, 0x02, 0x66, 0x37, 0x67, 0x67, 0x66
	.byte 0x37, 0x00, 0x07, 0x47, 0x08, 0x67, 0x66, 0x76, 0x34, 0xD0, 0x1F, 0x33, 0x33, 0x67, 0x00, 0x66
	.byte 0x33, 0x33, 0x73, 0x67, 0x33, 0x43, 0x73, 0x04, 0x76, 0x34, 0x34, 0x74, 0x66, 0xE0, 0x3F, 0x76
	.byte 0x76, 0x13, 0x77, 0x66, 0x67, 0x00, 0xA2, 0xA7, 0xAA, 0x00, 0x9F, 0xF0, 0xBF, 0xE8, 0x30, 0xBF
	.byte 0x70, 0x01, 0xE0, 0xFF, 0x69, 0x00, 0x35, 0x9A, 0x66, 0x67, 0x00, 0xA7, 0xA7, 0x99, 0x66, 0x77
	.byte 0x7A, 0x9A, 0x99, 0xA0, 0xF0, 0xDF, 0x77, 0x01, 0x19, 0x77, 0x77, 0x66, 0x66, 0x79, 0x08, 0xA7
	.byte 0x99, 0x99, 0x76, 0xF0, 0x3F, 0x9A, 0x9A, 0x99, 0x00, 0x7A, 0xAA, 0xA9, 0x99, 0xA7, 0xAA, 0x9A
	.byte 0x9A, 0x08, 0x7A, 0xAA, 0xAA, 0xA9, 0xE1, 0x7F, 0xFF, 0x88, 0x88, 0x80, 0x10, 0x03, 0x9A, 0x8F
	.byte 0x88, 0xC8, 0xA9, 0x8F, 0xC8, 0x40, 0xC8, 0xD0, 0x1F, 0x88, 0xFF, 0x9F, 0x99, 0x88, 0xF8, 0x95
	.byte 0x10, 0x03, 0xAF, 0xA9, 0x00, 0x07, 0x9A, 0x30, 0x1F, 0x0E, 0x00, 0x03, 0x00, 0xFE, 0x00, 0xDD
	.byte 0xED, 0xFF, 0x00, 0xA9, 0xDA, 0x1A, 0xFF, 0x00, 0x9A, 0x00, 0x03, 0x10, 0x07, 0xAA, 0x00, 0x03
	.byte 0x00, 0x02, 0xEE, 0x9D, 0x99, 0x00, 0xEE, 0xAD, 0x00, 0x03, 0x9D, 0x43, 0x9A, 0x00, 0x07, 0x97
	.byte 0x00, 0xEE, 0x7D, 0x10, 0x03, 0x10, 0x0B, 0x88, 0x10, 0x13, 0x99, 0x9A, 0x9A, 0x00, 0x84, 0xAA
	.byte 0xA7, 0xA7, 0x81, 0x01, 0x0E, 0x7A, 0x79, 0xAA, 0xA7, 0x77, 0xFF, 0x00, 0xB9, 0x00, 0xFF, 0x9F
	.byte 0x67, 0x66, 0x8F, 0xFF, 0xFF, 0x99, 0x0D, 0x8F, 0x88, 0xFF, 0xFF, 0x11, 0xCC, 0x01, 0xAA, 0x66
	.byte 0x11, 0xAF, 0x03, 0x66, 0x97, 0x99, 0x99, 0x66, 0x76, 0x00, 0xD5, 0x02, 0x20, 0x80, 0x00, 0xC0
	.byte 0xAA, 0x99, 0x79, 0xA7, 0xAA, 0x67, 0x67, 0x00, 0x96, 0x7A, 0x66, 0x66, 0xA9, 0xA7, 0x66, 0x99
	.byte 0x01, 0x7A, 0x77, 0x99, 0xA9, 0x77, 0x77, 0x99, 0x31, 0xB7, 0x00, 0x7A, 0xAA, 0x77, 0xA6, 0x6A
	.byte 0x67, 0x66, 0xA9, 0xF3, 0x10, 0xE3, 0x00, 0x55, 0x91, 0x51, 0x11, 0x7C, 0xA6, 0x66, 0x12, 0x1F
	.byte 0x00, 0x51, 0x64, 0x66, 0x40, 0x10, 0x12, 0x16, 0x66, 0x67, 0x01, 0xD8, 0x76, 0x76, 0x48, 0x66
	.byte 0x01, 0xDA, 0x66, 0x27, 0x00, 0x19, 0x42, 0xAA, 0x77, 0x00, 0x22, 0x22, 0x66, 0x76, 0x47, 0x44
	.byte 0x77, 0x47, 0x38, 0x44, 0x44, 0x00, 0x02, 0x20, 0x03, 0x10, 0x01, 0x24, 0x24, 0x44, 0x00, 0x44
	.byte 0x42, 0x42, 0x42, 0x42, 0x22, 0x24, 0x24, 0x06, 0x24, 0x43, 0x43, 0x44, 0x67, 0x00, 0x12, 0x10
	.byte 0x03, 0x74, 0xF5, 0x40, 0x1E, 0x20, 0x22, 0x10, 0x1F, 0x00, 0x1E, 0x24, 0x00, 0x54, 0x77, 0x00
	.byte 0x54, 0xA4, 0x10, 0x53, 0x66, 0x00, 0xDA, 0x66, 0x44, 0x01, 0x9F, 0x24, 0x24, 0x00, 0x67, 0x66
	.byte 0x42, 0x42, 0x67, 0x66, 0x24, 0x22, 0x64, 0x72, 0x10, 0x7F, 0x22, 0xAE, 0x66, 0xA6, 0x02, 0x6C
	.byte 0xAA, 0x77, 0x00, 0x67, 0xAA, 0x77, 0xA7, 0x76, 0x67, 0x77, 0x97, 0x81, 0x00, 0x32, 0x97, 0x66
	.byte 0x66, 0x67, 0x66, 0x69, 0x00, 0x2E, 0x77, 0x9A, 0x02, 0xE9, 0x00, 0xD5, 0x12, 0xF1, 0x77, 0x22
	.byte 0x33, 0x00, 0x52, 0x10, 0x53, 0x94, 0x10, 0x4E, 0x66, 0x99, 0x00, 0xB2, 0xAA, 0x00, 0x04, 0xA7
	.byte 0xFA, 0x00, 0x99, 0x99, 0x7A, 0xFA, 0x88, 0x9F, 0xA7, 0xAA, 0x01, 0x88, 0xAF, 0x77, 0xA9, 0x8F
	.byte 0xFC, 0x67, 0x00, 0x03, 0x04, 0x96, 0xAA, 0xFA, 0xC8, 0xA7, 0x01, 0x00, 0x76, 0x97, 0xBE, 0x01
	.byte 0x2B, 0xA9, 0x00, 0x03, 0x01, 0x63, 0x01, 0x0D, 0x23, 0x41, 0x12, 0x81, 0x7F, 0x01, 0x77, 0x77
	.byte 0xF7, 0xFA, 0xCF, 0xC8, 0xCC, 0x00, 0x03, 0x03, 0x8C, 0xF7, 0xC8, 0xCC, 0x8C, 0xFA, 0x00, 0x03
	.byte 0x10, 0x07, 0x00, 0x8F, 0xC8, 0xCC, 0xC8, 0x8F, 0xCC, 0xCC, 0x8C, 0x00, 0x88, 0xCC, 0xCC, 0xC8
	.byte 0x8C, 0xF8, 0xAF, 0xAA, 0x00, 0x8C, 0x88, 0xAF, 0xA7, 0x88, 0x88, 0xAF, 0x79, 0x06, 0xC8, 0x88
	.byte 0xAF, 0x9A, 0xC8, 0x00, 0x0F, 0x10, 0x03, 0x8C, 0x06, 0xF8, 0xAA, 0xAA, 0x88, 0xF8, 0x01, 0x6B
	.byte 0x41, 0xE7, 0xA7, 0x81, 0x00, 0x03, 0x79, 0xD7, 0xFF, 0x00, 0x99, 0xD9, 0x00, 0x0F, 0xBA, 0x00
	.byte 0x03, 0x97, 0x00, 0x03, 0x10, 0x0B, 0x41, 0xFF, 0xF9, 0x00, 0x03, 0xFA, 0x80, 0x30, 0x03, 0xDE
	.byte 0xDD, 0x00, 0xEE, 0xFF, 0xFF, 0x00, 0x60, 0xF0, 0x00, 0x03, 0x02, 0x3B, 0x8F, 0x8C, 0x8C, 0xFF
	.byte 0x88, 0x10, 0xCC, 0x8C, 0xF8, 0x00, 0x6B, 0xF8, 0x88, 0x8C, 0xCC, 0x4C, 0xF8, 0x12, 0x63, 0xFF
	.byte 0xFF, 0x30, 0x01, 0x10, 0x1F, 0x99, 0xF9, 0x00, 0x79, 0x67, 0xA9, 0xF9, 0xFF, 0xFF, 0xAA, 0xFA
	.byte 0x02, 0x8F, 0xF8, 0xAA, 0xFA, 0x8C, 0xFC, 0xD0, 0x1F, 0x66, 0x80, 0x00, 0xD4, 0x99, 0xA9, 0xA7
	.byte 0x77, 0x99, 0x7A, 0x7A, 0x54, 0x67, 0x02, 0x47, 0x76, 0xD0, 0x1F, 0xAA, 0x03, 0xD0, 0x97, 0xAA
	.byte 0x00, 0x77, 0x27, 0x67, 0x27, 0x22, 0x22, 0x76, 0x22, 0x3C, 0x22, 0x22, 0xD0, 0x1F, 0x00, 0x12
	.byte 0xA0, 0x01, 0xF0, 0x1F, 0x22, 0xA7, 0xC0, 0xF0, 0x1F, 0x80, 0x7F, 0x66, 0x96, 0x9A, 0xA7, 0xAA
	.byte 0xA9, 0x05, 0x7A, 0x22, 0x67, 0x76, 0x76, 0x01, 0xCE, 0x67, 0xD0, 0x1F, 0xA9, 0x02, 0xB6, 0x96
	.byte 0x02, 0xB6, 0x99, 0x01, 0xC2, 0x99, 0x76, 0x02, 0xE5, 0x80, 0xD0, 0x1F, 0x79, 0xA7, 0xFA, 0xC8
	.byte 0x99, 0x77, 0xAA, 0x64, 0x8F, 0x00, 0x21, 0x00, 0x03, 0x99, 0xF9, 0xD0, 0x1F, 0xFC, 0x77, 0x00
	.byte 0x77, 0xFA, 0xCC, 0xAF, 0xAA, 0x8F, 0xC8, 0xFC, 0xF5, 0x03, 0x94, 0x01, 0x92, 0xD0, 0x1F, 0x01
	.byte 0xAE, 0x8C, 0x01, 0xA6, 0xC8, 0x10, 0x07, 0x10, 0x88, 0xC8, 0xC8, 0xE0, 0x1F, 0x88, 0xF8, 0x99
	.byte 0x99, 0x00, 0x88, 0xFF, 0x99, 0xA9, 0x88, 0x9F, 0x99, 0x99, 0xBC, 0x03, 0xB6, 0x99, 0xE1, 0x1F
	.byte 0x11, 0xAF, 0x41, 0xC3, 0x13, 0xB3, 0xDD, 0xFD, 0x22, 0xFF, 0x00, 0x10, 0x1A, 0xFF, 0xFF, 0x0F
	.byte 0xB5, 0xA4, 0xE0, 0x20, 0xEE, 0xEE, 0x14, 0x08, 0x00, 0xEE, 0x1E, 0x11, 0x00, 0x2A, 0xEE, 0x22
	.byte 0x10, 0x03, 0x22, 0x00, 0x03, 0x44, 0xD5, 0xC3, 0x11, 0x7C, 0x11, 0x30, 0x01, 0x11, 0x2B, 0x13
	.byte 0x08, 0x70, 0x1F, 0x34, 0x23, 0x11, 0xE1, 0x00, 0xFF, 0x00, 0x11, 0x52, 0xFF, 0x00, 0x22, 0x65
	.byte 0x09, 0xFF, 0x00, 0x54, 0x66, 0x12, 0x1F, 0x22, 0x43, 0xF0, 0x03, 0xF8, 0x70, 0x03, 0x10, 0x23
	.byte 0xF0, 0x03, 0x70, 0x03, 0x30, 0x27, 0x32, 0x66, 0x00, 0x03, 0xEE, 0x63, 0x77, 0x00, 0xEE, 0x7E
	.byte 0x00, 0x03, 0x72, 0x5B, 0xFF, 0x10, 0x01, 0x10, 0x83, 0x43, 0xE7, 0x20, 0x01, 0x90, 0xFB, 0x10
	.byte 0x01, 0x10, 0x43, 0x04, 0x71, 0x2A, 0x00, 0x77, 0x10, 0x03, 0xF7, 0x10, 0xF7, 0xEF, 0x00, 0x03
	.byte 0x0E, 0xF9, 0xF0, 0xFB, 0x20, 0xFB, 0x12, 0xBB, 0x12, 0xCF, 0x50, 0x03, 0xAD, 0xA9, 0x83, 0xF3
	.byte 0xAB, 0x50, 0x01, 0x33, 0x40, 0x03, 0x34, 0xA0, 0x15, 0x43, 0x00, 0x10, 0x00, 0x15, 0x01, 0x34
	.byte 0x33, 0x34, 0x43, 0x43, 0x43, 0x33, 0x04, 0x36, 0xEA, 0x10, 0x22, 0xF0, 0x01, 0x00, 0x01, 0x55
	.byte 0x40, 0x03, 0x54, 0xA0, 0x15, 0x45, 0xC0, 0x00, 0x10, 0x00, 0x15, 0x54, 0x55, 0x54, 0x45, 0x45
	.byte 0x45, 0x1B, 0x55, 0x45, 0x45, 0x20, 0x22, 0xB0, 0x1C, 0x55, 0x00, 0x1C, 0x00, 0x19, 0xFD, 0x00
	.byte 0x21, 0xA0, 0x1C, 0x90, 0x25, 0x20, 0x03, 0xF0, 0x01, 0x30, 0x9C, 0x33, 0x00, 0x9C, 0xFC, 0x00
	.byte 0x99, 0x00, 0xA1, 0xF0, 0x9C, 0x40, 0x25, 0x20, 0x03, 0x90, 0x01, 0x00, 0x10, 0xD0, 0x02, 0x00
	.byte 0x00, 0x00, 0x00, 0x00, 0x00, 0x36, 0x10, 0x01, 0x10, 0x00, 0x02, 0x10, 0x03, 0x10, 0x04, 0x10
	.byte 0x05, 0x10, 0x00, 0x06, 0x10, 0x07, 0x10, 0x08, 0x10, 0x09, 0x10, 0x00, 0x0A, 0x10, 0x0B, 0x10
	.byte 0x0C, 0x10, 0x0D, 0x10, 0x0C, 0x0E, 0x10, 0x0F, 0x10, 0x10, 0x23, 0x10, 0x01, 0x10, 0x10, 0x00
	.byte 0x11, 0x10, 0x12, 0x10, 0x13, 0x10, 0x14, 0x10, 0x00, 0x15, 0x10, 0x16, 0x10, 0x17, 0x10, 0x18
	.byte 0x10, 0x00, 0x19, 0x10, 0x1A, 0x10, 0x1B, 0x10, 0x1C, 0x10, 0x04, 0x1D, 0x10, 0x1E, 0x10, 0x1F
	.byte 0x60, 0x27, 0x20, 0x10, 0x00, 0x21, 0x10, 0x22, 0x10, 0x23, 0x10, 0x24, 0x10, 0x40, 0x25, 0x20
	.byte 0x01, 0x26, 0x10, 0x27, 0x10, 0x28, 0x10, 0x00, 0x29, 0x10, 0x2A, 0x10, 0x2B, 0x10, 0x2C, 0x10
	.byte 0x46, 0x2D, 0x20, 0x27, 0x2E, 0x20, 0x2F, 0xF0, 0x01, 0xE0, 0x01, 0x30, 0x00, 0x20, 0x31, 0x20
	.byte 0x37, 0x20, 0x38, 0x20, 0x39, 0x34, 0x20, 0x3A, 0xF0, 0x07, 0x80, 0x07, 0x32, 0x00, 0x27, 0x3B
	.byte 0x20, 0x07, 0x3C, 0x20, 0x3D, 0x20, 0x3E, 0xF0, 0x07, 0x80, 0x07, 0x10, 0x27, 0xFF, 0xF0, 0x3F
	.byte 0xF0, 0x07, 0xF0, 0x4F, 0xF0, 0x07, 0xF0, 0x4F, 0xF0, 0x07, 0xF0, 0x4F, 0xF0, 0x47, 0xFF, 0xF0
	.byte 0x4F, 0xF0, 0x3F, 0xF0, 0x4F, 0xF0, 0x4F, 0xF0, 0x07, 0xF0, 0x4F, 0xF0, 0x07, 0xF0, 0x4F, 0xFF
	.byte 0xF0, 0x07, 0xF0, 0x4F, 0xF0, 0x47, 0xF0, 0x4F, 0xF0, 0x3F, 0xF0, 0x07, 0xF0, 0x4F, 0xF0, 0x07
	.byte 0x8C, 0x30, 0x4F, 0x33, 0x20, 0x34, 0xF0, 0x01, 0xE0, 0x01, 0x35, 0x20, 0xFF, 0x7F, 0xDE, 0x7B
	.byte 0x0B, 0x62, 0x8F, 0x6A, 0x13, 0x73, 0x0A, 0x3A, 0x8E, 0x4A, 0xF6, 0x62, 0x72, 0x52, 0xEE, 0x41
	.byte 0x6A, 0x31, 0xF7, 0x72, 0xDB, 0x7B, 0x57, 0x6B, 0xF3, 0x29, 0x2D, 0x11, 0xFF, 0x7F, 0x00, 0x00
	.byte 0xBF, 0x7B, 0x5C, 0x6F, 0xF9, 0x62, 0x54, 0x4E, 0xF1, 0x41, 0x00, 0x00, 0x00, 0x00, 0x00, 0x00
	.byte 0x00, 0x00, 0x96, 0x56, 0xB7, 0x5A, 0x00, 0x00, 0xF3, 0x29, 0x4E, 0x15, 0x10, 0x40, 0x07, 0x00
	.byte 0x32, 0x00, 0x00, 0xF0, 0x01, 0xD0, 0x01, 0xEE, 0xEE, 0x30, 0x01, 0x11, 0x04, 0x11, 0x11, 0x11
	.byte 0x22, 0x22, 0x30, 0x01, 0x33, 0x33, 0x03, 0x33, 0x33, 0x88, 0x38, 0x33, 0x33, 0xF0, 0x1F, 0x60
	.byte 0x1E, 0xE0, 0x20, 0x01, 0xF0, 0x1F, 0x50, 0x1C, 0x38, 0x38, 0x44, 0x84, 0x88, 0x61, 0x48, 0xF0
	.byte 0x1F, 0x70, 0x3C, 0x44, 0x44, 0x44, 0x44, 0xF0, 0x1F, 0xF2, 0x30, 0x1F, 0x10, 0x1B, 0xF0, 0x1F
	.byte 0xB0, 0x1F, 0x88, 0x48, 0xF0, 0x1F, 0x88, 0x00, 0x8D, 0x8D, 0x28, 0x88, 0x88, 0x88, 0x38, 0x8C
	.byte 0x1C, 0x88, 0x8D, 0x48, 0x00, 0x07, 0xF0, 0x7F, 0x10, 0x3F, 0x22, 0x82, 0x0C, 0x88, 0x33, 0x33
	.byte 0x83, 0x20, 0x03, 0xF0, 0x1F, 0x22, 0x22, 0x5A, 0x28, 0x00, 0x03, 0x3D, 0x10, 0xC1, 0x60, 0xDF
	.byte 0x0E, 0x00, 0x03, 0xFE, 0x01, 0x00, 0x11, 0xE1, 0xFF, 0x00, 0x22, 0x12, 0x30, 0x03, 0x44, 0x23
	.byte 0x00, 0x03, 0x33, 0x13, 0xFF, 0x00, 0x1C, 0x81, 0x88, 0x9B, 0xB0, 0x03, 0x91, 0x99, 0x90, 0x03
	.byte 0x11, 0x43, 0xD8, 0x00, 0xA7, 0x00, 0x8A, 0x00, 0x44, 0xC8, 0x88, 0x48, 0x84, 0x99, 0x99, 0x49
	.byte 0x40, 0xC4, 0x00, 0x03, 0x94, 0x99, 0x99, 0x99, 0x99, 0xC9, 0xD4, 0x00, 0x03, 0x10, 0xC7, 0x84
	.byte 0x00, 0x02, 0x88, 0x10, 0x03, 0xD8, 0xDD, 0x03, 0x88, 0xC9, 0xD9, 0xDD, 0x99, 0x99, 0x00, 0x03
	.byte 0x50, 0x07, 0xE6, 0x11, 0x43, 0x00, 0xC7, 0x10, 0x01, 0x8D, 0x8C, 0x00, 0x04, 0x00, 0x32, 0x9C
	.byte 0xF3, 0x10, 0x3B, 0x20, 0x3C, 0x40, 0x3F, 0x50, 0x01, 0xDD, 0xDD, 0x30, 0x01, 0x20, 0x38, 0x86
	.byte 0x00, 0x03, 0xC9, 0xC9, 0xC9, 0x9C, 0xD0, 0x1B, 0x50, 0x22, 0xDD, 0x03, 0xDD, 0x9D, 0x99, 0xC9
	.byte 0xCC, 0x9C, 0x20, 0x1F, 0x00, 0x0F, 0x4D, 0x8D, 0x30, 0x03, 0x8D, 0x88, 0x10, 0x17, 0x10, 0x03
	.byte 0xD9, 0x10, 0x1F, 0xA1, 0x00, 0x69, 0x88, 0x00, 0x11, 0x8C, 0x8C, 0xDD, 0xDD, 0x20, 0x07, 0xE1
	.byte 0x30, 0x7F, 0x50, 0x81, 0x20, 0x01, 0x88, 0x88, 0xC8, 0xD8, 0x00, 0x16, 0x8A, 0x30, 0x03, 0x8C
	.byte 0x88, 0xD8, 0x00, 0x12, 0xD9, 0x30, 0x19, 0xC9, 0xF3, 0x20, 0xA1, 0x80, 0x7B, 0x40, 0x63, 0x30
	.byte 0x5C, 0x91, 0xD1, 0x30, 0x80, 0x21, 0xC7, 0xD2, 0x00, 0xFC, 0x50, 0x67, 0x99, 0x00, 0x7D, 0x9C
	.byte 0x9C, 0x20, 0xC3, 0x9D, 0xE7, 0x00, 0x43, 0x50, 0xBF, 0x01, 0x22, 0x44, 0x84, 0x50, 0x3F, 0x20
	.byte 0x43, 0x10, 0x03, 0x1B, 0xCC, 0xCC, 0x9C, 0x11, 0x57, 0x00, 0x7B, 0x44, 0x00, 0x9B, 0x10, 0x07
	.byte 0xB8, 0x00, 0x37, 0x9C, 0x00, 0x03, 0x70, 0xA3, 0x00, 0x36, 0x8C, 0x84, 0x48, 0x47, 0x84, 0x00
	.byte 0x26, 0x88, 0x8C, 0xC8, 0x50, 0xBF, 0x41, 0x3B, 0x10, 0x01, 0xD5, 0x11, 0xE3, 0x01, 0x9E, 0x44
	.byte 0x00, 0x45, 0x48, 0x00, 0x26, 0x48, 0x01, 0x99, 0x56, 0x49, 0x30, 0xC3, 0x9C, 0x10, 0xC7, 0xD9
	.byte 0x11, 0xE3, 0x10, 0x03, 0x44, 0x40, 0x14, 0x70, 0x03, 0xDD, 0x1D, 0xFF, 0x00, 0x9D, 0x19, 0x84
	.byte 0x30, 0x03, 0x00, 0xEE, 0xA1, 0xAA, 0xB0, 0x03, 0x1E, 0x11, 0x03, 0x00, 0xEE, 0xFF, 0xFF, 0x00
	.byte 0xF0, 0x00, 0x03, 0x02, 0x3B, 0x2C, 0xAA, 0xAA, 0x60, 0x01, 0x1A, 0x10, 0x04, 0x12, 0x63, 0xFF
	.byte 0xFF, 0xCF, 0x30, 0x01, 0x20, 0x1F, 0x9A, 0x99, 0x70, 0x1C, 0xF0, 0x1F, 0x90, 0x3F, 0xF0, 0x1F
	.byte 0x98, 0x20, 0x1F, 0x9A, 0xA9, 0x50, 0x3B, 0xF0, 0x1F, 0x00, 0x00, 0xCA, 0x2D, 0xCC, 0xAC, 0x00
	.byte 0x62, 0xA9, 0xF0, 0x1F, 0x40, 0x1F, 0x9A, 0x50, 0x1A, 0x77, 0x1A, 0x30, 0x45, 0xF0, 0x5F, 0x60
	.byte 0x01, 0xA1, 0xF0, 0x1F, 0x80, 0x1F, 0xF0, 0x3F, 0xDF, 0x50, 0xDF, 0x20, 0x61, 0x11, 0x20, 0x3D
	.byte 0xF0, 0x1F, 0x10, 0xBF, 0xF0, 0xDF, 0x80, 0x1F, 0x1F, 0x99, 0x99, 0xAC, 0x00, 0x16, 0x60, 0x23
	.byte 0xF0, 0x3F, 0x90, 0xFD, 0xF0, 0x1F, 0xFB, 0x10, 0x12, 0x31, 0x5F, 0x30, 0x80, 0xD0, 0x1F, 0x00
	.byte 0x15, 0x9A, 0x10, 0xDA, 0x40, 0x9E, 0x82, 0xE0, 0x1F, 0xA9, 0x1A, 0xFF, 0x00, 0xAA, 0x80, 0x03
	.byte 0x11, 0x02, 0xF1, 0xFF, 0x00, 0xFF, 0xFF, 0xEF, 0x00, 0x03, 0x0E, 0x88, 0xB5, 0x44, 0xE0, 0xEE
	.byte 0xEE, 0x14, 0x48, 0x00, 0xEE, 0x2E, 0x0B, 0x22, 0x00, 0xEE, 0x22, 0x50, 0x03, 0x43, 0xD5, 0x63
	.byte 0x55, 0x5F, 0xE4, 0x10, 0x01, 0x54, 0xDF, 0x94, 0x63, 0x22, 0xE2, 0x04, 0x5F, 0x64, 0xFF, 0x03
	.byte 0x00, 0x42, 0x66, 0xFF, 0x00, 0xC4, 0x00, 0x03, 0x20, 0x43, 0xDE, 0xF0, 0x03, 0x60, 0x03, 0x44
	.byte 0x00, 0x23, 0xF0, 0x03, 0x70, 0x03, 0x30, 0x27, 0x32, 0x00, 0x55, 0x00, 0xEE, 0x53, 0x66, 0x00
	.byte 0xEE, 0x6E, 0xF0, 0x00, 0x03, 0x72, 0x9B, 0x10, 0x01, 0x10, 0x83, 0x55, 0x55, 0x55, 0x55, 0x3A
	.byte 0x66, 0x66, 0x30, 0x01, 0x90, 0xFB, 0x10, 0x01, 0x54, 0x00, 0x43, 0x55, 0xC7, 0x00, 0x03, 0x00
	.byte 0x19, 0x00, 0x66, 0xF6, 0xF0, 0xFB, 0xB0, 0xFB, 0x12, 0xFB, 0x60, 0x21, 0x00, 0xF7, 0x20, 0x03
	.byte 0x32, 0x00, 0xEE, 0x31, 0x83, 0x00, 0xCC, 0xCC, 0xB4, 0x3B, 0xCC, 0x4C, 0xBB, 0xC3, 0xAA, 0x00
	.byte 0x06, 0x4C, 0x00, 0x06, 0xC4, 0x00, 0x06, 0xCC, 0x00, 0x06, 0xCC, 0x88, 0x00, 0x06, 0xCC, 0xB3
	.byte 0xC4, 0x00, 0x03, 0x4B, 0xCC, 0xCC, 0x05, 0x3C, 0xBB, 0xC4, 0xCC, 0xC4, 0x00, 0x08, 0x4C, 0x80
	.byte 0x08, 0x5B, 0xCC, 0x00, 0x08, 0xCC, 0x00, 0x08, 0x00, 0x26, 0xCC, 0x00, 0x26, 0xD0, 0x01, 0xAD
	.byte 0x10, 0x16, 0xB4, 0x00, 0x06, 0xBB, 0xF0, 0x3F, 0xA0, 0x3F, 0x3B, 0x40, 0x3E, 0xF7, 0x10, 0x2F
	.byte 0x60, 0x01, 0x10, 0x10, 0x00, 0x36, 0xCC, 0x00, 0x2D, 0x10, 0x46, 0xF0, 0x9F, 0xC0, 0x40, 0x9F
	.byte 0x00, 0x06, 0xCC, 0x00, 0x10, 0xD0, 0x02, 0x00, 0x00, 0x00, 0x00, 0x00, 0x00, 0x33, 0x10, 0x01
	.byte 0x10, 0x01, 0x02, 0x10, 0x03, 0x10, 0x04, 0x10, 0x05, 0x00, 0x01, 0x14, 0x06, 0x10, 0x07, 0x20
	.byte 0x07, 0x04, 0x00, 0x01, 0x08, 0x10, 0x0C, 0x09, 0x10, 0x0A, 0x10, 0x10, 0x23, 0x10, 0x01, 0x0B
	.byte 0x10, 0x00, 0x0C, 0x10, 0x0D, 0x10, 0x0E, 0x10, 0x0F, 0x10, 0x00, 0x10, 0x10, 0x11, 0x10, 0x12
	.byte 0x10, 0x13, 0x10, 0x00, 0x14, 0x10, 0x15, 0x10, 0x16, 0x10, 0x17, 0x10, 0x04, 0x18, 0x10, 0x19
	.byte 0x10, 0x1A, 0x60, 0x27, 0x1B, 0x10, 0x00, 0x1C, 0x10, 0x1D, 0x10, 0x1E, 0x10, 0x1F, 0x10, 0x00
	.byte 0x20, 0x10, 0x21, 0x10, 0x22, 0x10, 0x23, 0x10, 0x00, 0x24, 0x10, 0x25, 0x10, 0x26, 0x10, 0x27
	.byte 0x10, 0x04, 0x28, 0x10, 0x29, 0x10, 0x2A, 0x20, 0x27, 0x2B, 0x20, 0x60, 0x2C, 0xF0, 0x01, 0xE0
	.byte 0x01, 0x2D, 0x20, 0x2E, 0x20, 0x34, 0x2D, 0x20, 0x35, 0x00, 0x03, 0x36, 0xF0, 0x07, 0x80, 0x07
	.byte 0x2F, 0x00, 0x27, 0x17, 0x37, 0x20, 0x38, 0x00, 0x03, 0x39, 0xF0, 0x07, 0x80, 0x07, 0x10, 0x27
	.byte 0xFF, 0xF0, 0x3F, 0xF0, 0x07, 0xF0, 0x4F, 0xF0, 0x07, 0xF0, 0x4F, 0xF0, 0x07, 0xF0, 0x4F, 0xF0
	.byte 0x47, 0xFF, 0xF0, 0x4F, 0xF0, 0x3F, 0xF0, 0x4F, 0xF0, 0x4F, 0xF0, 0x07, 0xF0, 0x4F, 0xF0, 0x07
	.byte 0xF0, 0x4F, 0xFF, 0xF0, 0x07, 0xF0, 0x4F, 0xF0, 0x47, 0xF0, 0x4F, 0xF0, 0x3F, 0xF0, 0x07, 0xF0
	.byte 0x4F, 0xF0, 0x07, 0x8C, 0x30, 0x4F, 0x30, 0x20, 0x31, 0xF0, 0x01, 0xE0, 0x01, 0x32, 0x20, 0x00
	.byte 0xFF, 0x7F, 0xFF, 0x47, 0xD8, 0x46, 0xFB, 0x3E, 0xDC, 0x2E, 0x95, 0x56, 0xE7, 0x1C, 0x77, 0x42
	.byte 0xEF, 0x3D, 0xE7, 0x1C, 0xFA, 0x32, 0x3E, 0x27, 0x9F, 0x37, 0xFF, 0x7F, 0x55, 0x2E, 0xD1, 0x1D
	.byte 0xFF, 0x7F, 0xBF, 0x5F, 0x5F, 0x53, 0x1D, 0x4B, 0xDB, 0x3A, 0x99, 0x36, 0xD3, 0x21, 0x70, 0x15
	.byte 0xBA, 0x3A, 0x78, 0x36, 0x00, 0x00, 0x00, 0x00, 0x00, 0x00, 0x00, 0x00, 0x34, 0x2A, 0x8F, 0x15
	.byte 0x10, 0xC0, 0x07, 0x00, 0x32, 0x00, 0x00, 0xF0, 0x01, 0xD0, 0x01, 0xEE, 0xEE, 0x30, 0x01, 0xDD
	.byte 0x04, 0xDD, 0xDD, 0xDD, 0x55, 0x55, 0x70, 0x01, 0x22, 0x22, 0x31, 0x22, 0x22, 0xF0, 0x1F, 0x00
	.byte 0x01, 0xC5, 0x11, 0x11, 0x00, 0x02, 0x04, 0x11, 0x1C, 0xC1, 0xC1, 0xC1, 0xF0, 0x1F, 0x55, 0x55
	.byte 0x51, 0xC1, 0x00, 0x03, 0x11, 0x00, 0x04, 0xC1, 0x11, 0x2C, 0xF0, 0x3F, 0x9B, 0xA0, 0x5F, 0x25
	.byte 0x25, 0xF0, 0x1F, 0x70, 0x01, 0x25, 0x00, 0x02, 0x30, 0x1F, 0x40, 0x0E, 0x00, 0x03, 0xFE, 0x00
	.byte 0xDD, 0xED, 0xFF, 0x00, 0x28, 0x55, 0xD5, 0x70, 0x03, 0x25, 0x00, 0x03, 0x00, 0xEE, 0x2D, 0x40
	.byte 0x22, 0x30, 0x03, 0x4D, 0x44, 0x00, 0xEE, 0xED, 0xEE, 0x90, 0xB0, 0x03, 0x3D, 0xE3, 0x10, 0xC3
	.byte 0x22, 0x22, 0xEE, 0x7E, 0x00, 0xEE, 0xEE, 0x7E, 0x77, 0xEE, 0xEE, 0x77, 0x47, 0xA9, 0x00, 0x03
	.byte 0x44, 0x30, 0x03, 0x7E, 0x00, 0x0B, 0xEE, 0x7E, 0x10, 0x1D, 0x00, 0x77, 0x27, 0x22, 0x22, 0x44
	.byte 0x74, 0x77, 0x22, 0x0D, 0x44, 0x44, 0x44, 0x77, 0x00, 0x03, 0x60, 0x01, 0x47, 0x00, 0x03, 0xA0
	.byte 0x00, 0x1E, 0xB2, 0x40, 0x03, 0x33, 0x47, 0x44, 0x33, 0x33, 0x0C, 0x74, 0x77, 0x44, 0x34, 0x00
	.byte 0x26, 0x10, 0x27, 0xE7, 0x44, 0x00, 0xE7, 0xEE, 0x7E, 0xCC, 0x1C, 0x1C, 0x1C, 0xCB, 0x08, 0xCC
	.byte 0xCC, 0xCC, 0xBB, 0x00, 0x04, 0x33, 0xBB, 0xBB, 0x00, 0xBB, 0x33, 0x33, 0x33, 0x73, 0x77, 0xE7
	.byte 0xEE, 0x10, 0x4E, 0xEE, 0x4E, 0x30, 0x3F, 0x1C, 0xCC, 0xBC, 0x22, 0x80, 0x00, 0x1D, 0x33, 0xCC
	.byte 0xBB, 0x73, 0x77, 0x3B, 0x77, 0x5D, 0x47, 0x50, 0x60, 0x74, 0x10, 0x43, 0x10, 0x01, 0x10, 0x7F
	.byte 0x33, 0x00, 0x03, 0x05, 0xE7, 0xEE, 0x3E, 0x23, 0x44, 0x00, 0x38, 0x74, 0x30, 0x16, 0xF0, 0x60
	.byte 0x01, 0x30, 0xBF, 0x30, 0x01, 0x00, 0x5B, 0x33, 0xEE, 0xEE, 0x33, 0x55, 0x33, 0x00, 0x26, 0xEE
	.byte 0x00, 0x1A, 0xE7, 0x00, 0x03, 0xEE, 0xD0, 0x1F, 0x8E, 0x10, 0x01, 0x3E, 0x43, 0x44, 0x00, 0xDF
	.byte 0x30, 0x01, 0xF0, 0x1F, 0x33, 0x04, 0x33, 0x44, 0x44, 0x34, 0x73, 0x00, 0xA5, 0x47, 0xEE, 0x11
	.byte 0x3E, 0x34, 0x34, 0xB0, 0x1F, 0x73, 0xE7, 0x33, 0x60, 0xA3, 0x09, 0x43, 0x43, 0x34, 0x34, 0xB0
	.byte 0x1F, 0xEE, 0x3E, 0x10, 0x7B, 0x45, 0x3E, 0x01, 0x2A, 0xE7, 0xEE, 0x43, 0x00, 0x7C, 0x34, 0x90
	.byte 0x9F, 0x12, 0x32, 0x32, 0x32, 0x00, 0x5A, 0x23, 0x44, 0x01, 0x23, 0x33, 0x2D, 0x33, 0xE3, 0x00
	.byte 0x79, 0x4E, 0x10, 0xCE, 0x10, 0x1F, 0x52, 0x50, 0x22, 0x00, 0x23, 0x23, 0x23, 0x72, 0x33, 0x72
	.byte 0x77, 0x33, 0x70, 0x77, 0x00, 0x23, 0x00, 0x83, 0x00, 0x03, 0x44, 0x34, 0x52, 0x52, 0x40, 0x52
	.byte 0x00, 0x1F, 0x75, 0x37, 0x22, 0x77, 0x33, 0x33, 0x60, 0x37, 0x50, 0xA0, 0x60, 0x01, 0x73, 0x73
	.byte 0x77, 0xD7, 0xFF, 0x1B, 0x00, 0x33, 0xD3, 0xC0, 0x03, 0x00, 0x13, 0x73, 0x00, 0x03, 0x10, 0x1B
	.byte 0x84, 0x01, 0xF7, 0x33, 0x00, 0xEE, 0x7D, 0x01, 0xFB, 0x7D, 0x77, 0x80, 0x30, 0x03, 0xDE, 0xDD
	.byte 0x00, 0xEE, 0xFF, 0xFF, 0x00, 0x7B, 0xF0, 0x00, 0x03, 0x02, 0x3B, 0x10, 0x8A, 0x00, 0x6E, 0xE3
	.byte 0x11, 0x8B, 0x11, 0x4F, 0x9B, 0x12, 0x63, 0xFF, 0xFF, 0x30, 0x01, 0x10, 0x1F, 0x7E, 0x11, 0x4C
	.byte 0x02, 0x1B, 0xFE, 0x00, 0x1E, 0x11, 0x53, 0xE0, 0x1F, 0x00, 0x1A, 0x21, 0x87, 0x10, 0x23, 0xF0
	.byte 0x1F, 0x00, 0x75, 0x00, 0xC1, 0xAE, 0xF0, 0x1F, 0x70, 0x1A, 0xEE, 0x00, 0xE2, 0x33, 0xF0, 0x1F
	.byte 0xFE, 0x40, 0x5E, 0x11, 0xD8, 0xF0, 0x1F, 0x00, 0x1F, 0x31, 0xC7, 0x51, 0x11, 0xE0, 0x9F, 0xEE
	.byte 0xF6, 0x11, 0x95, 0x70, 0x01, 0xD0, 0x1F, 0x00, 0x12, 0x43, 0xF0, 0x1F, 0x70, 0x1F, 0x43, 0x9C
	.byte 0xA0, 0x1D, 0x33, 0x73, 0xE0, 0x3F, 0x00, 0x9C, 0x01, 0x85, 0x77, 0x37, 0xFF, 0x40, 0x07, 0xF0
	.byte 0x9F, 0x00, 0xD7, 0xF0, 0xFF, 0x70, 0x9F, 0x03, 0x07, 0x42, 0xAF, 0xF0, 0x1F, 0x8F, 0x00, 0x1F
	.byte 0x44, 0x47, 0x47, 0x20, 0xE1, 0x11, 0x85, 0xF0, 0x1F, 0x00, 0x5F, 0x38, 0xDE, 0xFF, 0x01, 0xD2
	.byte 0x30, 0x03, 0x11, 0xEF, 0xDD, 0xFD, 0xFF, 0x0A, 0x00, 0xFF, 0xFF, 0xEF, 0x00, 0x03, 0x0E, 0xB4
	.byte 0xC4, 0xE0, 0x60, 0xEE, 0x03, 0xEF, 0x10, 0x03, 0x1E, 0x11, 0x00, 0xEE, 0x22, 0xCF, 0x10, 0x03
	.byte 0x04, 0x13, 0x22, 0x43, 0xD4, 0xE3, 0x04, 0xB6, 0x20, 0x01, 0x12, 0x8F, 0xE0, 0x12, 0xE5, 0x70
	.byte 0x1F, 0x34, 0x63, 0x11, 0xE1, 0xFF, 0x00, 0x11, 0x00, 0x52, 0xFF, 0x00, 0x22, 0x65, 0xFF, 0x00
	.byte 0x54, 0x7F, 0x66, 0x12, 0x5F, 0x00, 0x43, 0xF0, 0x03, 0x60, 0x03, 0x10, 0x23, 0xF0, 0x03, 0x70
	.byte 0x03, 0x82, 0x30, 0x27, 0x32, 0x66, 0x00, 0xEE, 0x63, 0x02, 0x9B, 0x7E, 0xF0, 0x00, 0x03, 0x72
	.byte 0x9B, 0x20, 0xFF, 0x00, 0x83, 0x66, 0x66, 0x66, 0x66, 0xF4, 0x51, 0x1F, 0x90, 0xFB, 0x10, 0x01
	.byte 0x10, 0x43, 0x66, 0x00, 0x03, 0x77, 0x67, 0x01, 0xFF, 0x00, 0xF7, 0xF7, 0xFF, 0x00, 0x7F, 0xF0
	.byte 0xFB, 0xC8, 0x80, 0xFB, 0x12, 0xFB, 0x5D, 0x55, 0x70, 0x03, 0x2D, 0x22, 0x58, 0x00, 0x58, 0x58
	.byte 0x58, 0x48, 0x88, 0x85, 0x85, 0x84, 0x00, 0x84, 0x88, 0x58, 0x44, 0x48, 0x48, 0x88, 0x44, 0x10
	.byte 0x84, 0x84, 0x84, 0x00, 0x72, 0x48, 0x44, 0x44, 0x39, 0x82, 0x23, 0xE5, 0x58, 0x55, 0x44, 0x44
	.byte 0x85, 0x00, 0x03, 0x58, 0x25, 0x55, 0x45, 0x00, 0x07, 0x55, 0x55, 0x00, 0x2E, 0x55, 0x00, 0x2E
	.byte 0x66, 0x85, 0x00, 0x2E, 0x00, 0x2F, 0x88, 0x88, 0x95, 0x0F, 0x00, 0x22, 0x44, 0x4D, 0x55, 0x60
	.byte 0x2F, 0x94, 0x43, 0x10, 0x07, 0x90, 0x01, 0x94, 0x04, 0x77, 0xCC, 0x70, 0x01, 0x90, 0x5F, 0x55
	.byte 0x44, 0x00, 0x56, 0x10, 0x57, 0x55, 0x84, 0xFE, 0x10, 0x8F, 0x00, 0x90, 0x00, 0x86, 0x30, 0x8F
	.byte 0x40, 0x2D, 0x00, 0x5A, 0x00, 0x5B, 0x45, 0x99, 0x00, 0x03, 0x55, 0x44, 0x00, 0x26, 0x10, 0x2F
	.byte 0x44, 0x88, 0x10, 0x60, 0xE1, 0x10, 0x27, 0x00, 0x88, 0x10, 0x07, 0x94, 0x43, 0x88, 0x85, 0x30
	.byte 0x0F, 0xAF, 0x00, 0x07, 0x44, 0x30, 0x17, 0x58, 0x10, 0x93, 0x00, 0x03, 0x20, 0x07, 0x10, 0x43
	.byte 0xBD, 0x60, 0x03, 0x39, 0x20, 0x17, 0x10, 0x40, 0xF0, 0x9F, 0x70, 0x9F, 0x84, 0x00, 0xF8, 0x0F
	.byte 0x48, 0x85, 0x55, 0x45, 0x00, 0x97, 0x30, 0x70, 0x00, 0x08, 0x00, 0x56, 0xBF, 0x00, 0x67, 0x54
	.byte 0x10, 0x5F, 0x00, 0x67, 0x70, 0x3B, 0x20, 0xA3, 0x21, 0x03, 0x00, 0x9F, 0xF0, 0x00, 0x04, 0x01
	.byte 0x26, 0x60, 0x1F, 0xD0, 0x5F, 0x55, 0x45, 0x94, 0x43, 0xD3, 0x11, 0x2B, 0x30, 0xA7, 0x44, 0x00
	.byte 0xE7, 0x84, 0x84, 0x00, 0x1F, 0x01, 0x77, 0xDC, 0xB0, 0x7F, 0x00, 0x17, 0x54, 0x31, 0x8F, 0xF0
	.byte 0x9F, 0x10, 0x05, 0x00, 0x10, 0xD0, 0x02, 0x00, 0x01, 0x00, 0x00, 0x00, 0x00, 0x2F, 0x10, 0x01
	.byte 0x20, 0x01, 0x18, 0x02, 0x10, 0x03, 0x40, 0x09, 0x50, 0x01, 0x04, 0x10, 0x05, 0x18, 0x10, 0x06
	.byte 0x10, 0x10, 0x23, 0x10, 0x01, 0x07, 0x10, 0x08, 0x00, 0x10, 0x09, 0x10, 0x0A, 0x10, 0x0B, 0x10
	.byte 0x0C, 0x00, 0x10, 0x0D, 0x10, 0x0E, 0x10, 0x0F, 0x10, 0x10, 0x00, 0x10, 0x11, 0x10, 0x12, 0x10
	.byte 0x13, 0x10, 0x14, 0x08, 0x10, 0x15, 0x10, 0x16, 0x60, 0x27, 0x17, 0x10, 0x18, 0x00, 0x10, 0x19
	.byte 0x10, 0x1A, 0x10, 0x1B, 0x10, 0x1C, 0x00, 0x10, 0x1D, 0x10, 0x1E, 0x10, 0x1F, 0x10, 0x20, 0x00
	.byte 0x10, 0x21, 0x10, 0x22, 0x10, 0x23, 0x10, 0x24, 0x08, 0x10, 0x25, 0x10, 0x26, 0x20, 0x27, 0x27
	.byte 0x20, 0x28, 0xC0, 0xF0, 0x01, 0xE0, 0x01, 0x29, 0x20, 0x2A, 0x20, 0x33, 0x20, 0x01, 0x3D, 0x20
	.byte 0x30, 0x20, 0x31, 0x20, 0x32, 0x00, 0x09, 0x82, 0x70, 0x01, 0x3C, 0x20, 0x34, 0x20, 0x35, 0x60
	.byte 0x0D, 0x2B, 0xC4, 0x20, 0x27, 0x10, 0x01, 0x36, 0x20, 0x37, 0xA0, 0x27, 0x33, 0x20, 0x01, 0x38
	.byte 0x20, 0x39, 0x20, 0x3A, 0x20, 0x3B, 0xC0, 0x27, 0xFF, 0xB0, 0x3F, 0x30, 0x01, 0x70, 0x67, 0x70
	.byte 0x27, 0xB0, 0x3F, 0x70, 0x01, 0x30, 0x67, 0x90, 0x27, 0xFF, 0xF0, 0xA7, 0x70, 0x67, 0x10, 0x27
	.byte 0xB0, 0x41, 0xF0, 0xA7, 0x10, 0x67, 0x10, 0x27, 0xB0, 0x41, 0xFF, 0xF0, 0xA7, 0x10, 0x13, 0x10
	.byte 0x27, 0xD0, 0x41, 0xF0, 0xA7, 0x30, 0x9F, 0xF0, 0x41, 0xF0, 0xA7, 0xFF, 0x30, 0xC7, 0xF0, 0x41
	.byte 0xD0, 0xA7, 0x50, 0xEF, 0xF0, 0x41, 0xF1, 0x8F, 0xF0, 0x41, 0xF0, 0xA7, 0xE2, 0x90, 0x27, 0xF0
	.byte 0xA7, 0x91, 0x8F, 0x2C, 0x20, 0x2D, 0x50, 0x01, 0x24, 0xC0, 0x60, 0x09, 0xE0, 0x01, 0x2E, 0x20
	.byte 0xFF, 0x7F, 0x7B, 0x6F, 0xBA, 0x7F, 0x77, 0x7F, 0x35, 0x7F, 0xD0, 0x7E, 0x00, 0x00, 0x57, 0x4F
	.byte 0xF4, 0x3E, 0x91, 0x2E, 0xFF, 0x7F, 0x7B, 0x7F, 0xBD, 0x7F, 0x9C, 0x7F, 0x77, 0x2A, 0xD2, 0x15
	.byte 0xFF, 0x7F, 0xFA, 0x4B, 0x77, 0x3B, 0x11, 0x2B, 0x8E, 0x1A, 0x0A, 0x0A, 0x67, 0x09, 0xE3, 0x08
	.byte 0x36, 0x2F, 0xD4, 0x26, 0xED, 0x09, 0x50, 0x16, 0x92, 0x1E, 0x15, 0x2B, 0x77, 0x2A, 0xD2, 0x15
	.byte 0x10, 0x80, 0x08, 0x00, 0x32, 0x00, 0x00, 0xF0, 0x01, 0xD0, 0x01, 0xEE, 0xEE, 0x30, 0x01, 0xAA
	.byte 0x07, 0xAA, 0xAA, 0xAA, 0x55, 0x55, 0xB0, 0x01, 0xF0, 0x1F, 0x10, 0x01, 0x00, 0x45, 0x33, 0x55
	.byte 0x55, 0x23, 0xCC, 0x55, 0x45, 0x20, 0xC2, 0xCC, 0xF0, 0x1F, 0x55, 0x55, 0x43, 0x54, 0x55, 0x00
	.byte 0x55, 0xCC, 0x3D, 0x54, 0x55, 0xCC, 0xCC, 0x3C, 0x88, 0xF0, 0x3F, 0x55, 0x55, 0xC4, 0x00, 0x3E
	.byte 0xD4, 0x45, 0xC3, 0x02, 0xDC, 0x43, 0xC4, 0xCC, 0xCC, 0xDD, 0xD0, 0x1F, 0xCC, 0x00, 0xCC, 0xDC
	.byte 0xDD, 0xCC, 0xCC, 0xCD, 0xDD, 0xCD, 0x01, 0xDC, 0xDC, 0xDD, 0xDB, 0xDD, 0xDD, 0xBB, 0x30, 0x1F
	.byte 0x40, 0x0E, 0x00, 0x03, 0xFE, 0x00, 0xAA, 0xEA, 0xFF, 0x00, 0x05, 0xDD, 0xAB, 0xFF, 0x00, 0xBD
	.byte 0x00, 0x03, 0xBB, 0x40, 0x03, 0x00, 0x00, 0xEE, 0x5A, 0x55, 0x00, 0xEE, 0x4A, 0x44, 0x96, 0xB0
	.byte 0x03, 0x3A, 0x73, 0x00, 0x03, 0x87, 0x00, 0x03, 0x00, 0xA7, 0x55, 0x10, 0x55, 0x44, 0x44, 0x70
	.byte 0x01, 0x74, 0x77, 0x44, 0x44, 0x00, 0x88, 0x88, 0x78, 0x33, 0x38, 0x38, 0x88, 0x37, 0x19, 0x83
	.byte 0x83, 0x33, 0xE0, 0x1F, 0x10, 0x01, 0x33, 0x33, 0x70, 0x01, 0xCC, 0xF0, 0x1F, 0x80, 0x1F, 0x73
	.byte 0x77, 0xF0, 0x1F, 0x00, 0x61, 0x33, 0x73, 0x00, 0x88, 0x88, 0x33, 0x87, 0x38, 0x38, 0x33, 0x33
	.byte 0x22, 0x83, 0x83, 0xF0, 0x1F, 0x44, 0x44, 0x78, 0x00, 0x3A, 0x88, 0x66, 0x37, 0xF0, 0x5F, 0xF0
	.byte 0x7F, 0xC2, 0x3D, 0xF0, 0x1F, 0x10, 0x1F, 0x22, 0x00, 0x32, 0x33, 0xC2, 0xCC, 0xCC, 0x23, 0xCC
	.byte 0xDC, 0x55, 0xDC, 0x80, 0x1F, 0x34, 0x00, 0x03, 0xC3, 0x00, 0x03, 0xCC, 0x00, 0x38, 0x00, 0xCD
	.byte 0x32, 0x22, 0x33, 0xDB, 0xCC, 0xCC, 0x32, 0x00, 0xD3, 0x55, 0x35, 0xCC, 0xCC, 0x44, 0x34, 0xCD
	.byte 0x08, 0xCC, 0xCC, 0x42, 0xD3, 0x01, 0x5A, 0xB3, 0xCD, 0xCC, 0x05, 0xCD, 0xBD, 0xDC, 0xDC, 0xDC
	.byte 0x01, 0x60, 0xDD, 0x00, 0x13, 0x24, 0xDD, 0xDD, 0x01, 0x6B, 0xCC, 0x45, 0x01, 0x6F, 0x34, 0xCC
	.byte 0x00, 0xDD, 0xBD, 0xD4, 0xDD, 0xBD, 0x4B, 0xD3, 0xDC, 0x00, 0xBB, 0x43, 0xD3, 0xCD, 0xBD, 0x33
	.byte 0xBB, 0xCC, 0x1B, 0xCC, 0xBD, 0xBB, 0x10, 0x21, 0x00, 0x1F, 0xDC, 0x00, 0x03, 0x60, 0x01, 0x10
	.byte 0xCD, 0xCC, 0xDD, 0x00, 0x3B, 0xBB, 0xCD, 0xBB, 0xBB, 0x00, 0xDB, 0xCC, 0xBB, 0xBB, 0xDD, 0xCC
	.byte 0xBD, 0xDB, 0x16, 0xBB, 0xBB, 0xDC, 0x00, 0x47, 0xDC, 0x00, 0x2C, 0x40, 0x2B, 0xBD, 0x94, 0x30
	.byte 0x03, 0xDC, 0xBB, 0x00, 0x5F, 0xBB, 0x11, 0xA3, 0xDD, 0xAD, 0x1C, 0xFF, 0x00, 0xDC, 0x00, 0x03
	.byte 0x91, 0xB7, 0x71, 0xBF, 0x2A, 0x22, 0xA0, 0x30, 0x03, 0x8A, 0x01, 0xAF, 0x9A, 0x99, 0x00, 0xEE
	.byte 0xAE, 0x01, 0xAA, 0x00, 0xEE, 0xFF, 0xFF, 0x00, 0xF0, 0x00, 0x03, 0x80, 0x01, 0xFB, 0x22, 0x27
	.byte 0x22, 0x22, 0x22, 0x28, 0x22, 0x00, 0x22, 0x88, 0x87, 0x88, 0x87, 0x98, 0x99, 0x98, 0x4F, 0x99
	.byte 0x12, 0x23, 0xFF, 0xFF, 0x30, 0x01, 0x20, 0x1F, 0x00, 0x1E, 0x10, 0x01, 0xCA, 0xF0, 0x1F, 0x40
	.byte 0x1F, 0x87, 0x87, 0x00, 0x41, 0x28, 0x00, 0x1F, 0x98, 0x60, 0x78, 0xF0, 0x1F, 0x80, 0x3F, 0x78
	.byte 0x88, 0x78, 0x89, 0x99, 0x67, 0x89, 0xF0, 0x1F, 0x20, 0x7D, 0x22, 0x27, 0xF0, 0x1F, 0xC0, 0x5F
	.byte 0xF0, 0x1F, 0x93, 0x30, 0x1F, 0xC2, 0xCD, 0x01, 0x19, 0xDC, 0xDD, 0xF0, 0x1F, 0x40, 0x1F, 0x86
	.byte 0x01, 0x8A, 0xDC, 0xBD, 0xBB, 0xBD, 0xF0, 0x1F, 0x30, 0x1F, 0xCD, 0x01, 0xCC, 0x2C, 0xD2, 0xBB
	.byte 0xCB, 0xCD, 0xDC, 0xF0, 0x1F, 0x83, 0x30, 0x1F, 0xDC, 0xBB, 0xBB, 0xBB, 0xBD, 0x01, 0x8C, 0xF0
	.byte 0x1F, 0xE6, 0x30, 0x1F, 0x01, 0x99, 0x01, 0x84, 0xBB, 0xBB, 0xF0, 0x1F, 0x30, 0x1F, 0xBD, 0x30
	.byte 0xBB, 0xDB, 0x30, 0x1F, 0x01, 0x40, 0x89, 0x99, 0x99, 0x98, 0xF7, 0xE0, 0x3F, 0x10, 0x1C, 0x00
	.byte 0x01, 0x01, 0x5E, 0x88, 0x01, 0x3E, 0xE0, 0x1F, 0x51, 0xC7, 0x04, 0x87, 0xA8, 0xFF, 0x00, 0x99
	.byte 0x00, 0x03, 0xAA, 0xFA, 0x05, 0xFF, 0x00, 0xFF, 0xFF, 0xEF, 0x00, 0x03, 0x0E, 0xB4, 0x64, 0x10
	.byte 0xE0, 0xEE, 0xEE, 0x13, 0xE8, 0x00, 0xEE, 0x1E, 0x11, 0x19, 0x00, 0xEE, 0x22, 0x10, 0x03, 0x01
	.byte 0xF3, 0x22, 0x12, 0xD4, 0x83, 0x3E, 0x11, 0x11, 0x30, 0x01, 0x11, 0x93, 0x10, 0x07, 0x70, 0x1F
	.byte 0x34, 0x03, 0x11, 0x00, 0xE1, 0xFF, 0x00, 0x11, 0x52, 0xFF, 0x00, 0x22, 0x04, 0x65, 0xFF, 0x00
	.byte 0x51, 0x66, 0x12, 0x3F, 0x22, 0x83, 0xDE, 0xF0, 0x03, 0x70, 0x03, 0x58, 0x00, 0x23, 0xF0, 0x03
	.byte 0x70, 0x03, 0x00, 0x23, 0x43, 0x00, 0x00, 0xEE, 0x32, 0x66, 0x00, 0xEE, 0x63, 0x77, 0x1E, 0x00
	.byte 0xEE, 0x7E, 0x00, 0x03, 0x72, 0x7B, 0x10, 0x01, 0x13, 0x58, 0x66, 0x07, 0x66, 0x66, 0x66, 0x77
	.byte 0x77, 0x30, 0x01, 0x90, 0xFB, 0x10, 0x01, 0x55, 0x54, 0x00, 0x43, 0x66, 0x00, 0x03, 0x77, 0x10
	.byte 0x03, 0xF7, 0xF0, 0xFB, 0xFC, 0xB0, 0xFB, 0x12, 0xDB, 0x14, 0xAF, 0x70, 0x03, 0x52, 0x7F, 0xA0
	.byte 0x01, 0x82, 0x22, 0x03, 0x28, 0x82, 0x82, 0x28, 0x88, 0x88, 0x00, 0x01, 0xD0, 0x18, 0x03, 0x82
	.byte 0x22, 0x88, 0x22, 0x88, 0x28, 0x00, 0x01, 0x20, 0x1D, 0xC3, 0xD0, 0x1F, 0x10, 0x21, 0x22, 0x28
	.byte 0x88, 0x22, 0x00, 0x3C, 0x60, 0x21, 0x81, 0xF0, 0x01, 0x88, 0x98, 0x88, 0x89, 0x98, 0x98, 0x01
	.byte 0xED, 0xC3, 0x00, 0x01, 0xD0, 0x18, 0x98, 0x88, 0x99, 0x88, 0x02, 0x26, 0x30, 0x1C, 0xEF, 0xE0
	.byte 0x1F, 0x10, 0x21, 0x02, 0x26, 0x88, 0x00, 0x3C, 0x40, 0x21, 0xF0, 0xBC, 0xB0, 0x01, 0xFA, 0xF0
	.byte 0x7C, 0xB0, 0x01, 0x50, 0x67, 0xF0, 0x01, 0x80, 0x5F, 0xD2, 0x10, 0x04, 0x2D, 0x00, 0xD2, 0xD2
	.byte 0x22, 0xD9, 0xD2, 0x22, 0x2D, 0x92, 0x01, 0x92, 0x2D, 0x9D, 0x92, 0x92, 0xD2, 0xD2, 0x00, 0x0E
	.byte 0xB0, 0x40, 0x63, 0x2D, 0x50, 0x23, 0x00, 0x08, 0x92, 0x2D, 0x2D, 0x22, 0x3D, 0x92, 0x92, 0x10
	.byte 0x2C, 0x30, 0x1E, 0xF0, 0x71, 0x90, 0x01, 0x89, 0xF0, 0x12, 0xE5, 0x80, 0x1A, 0x01, 0x26, 0xF0
	.byte 0x9F, 0x99, 0xC9, 0x10, 0x04, 0x9C, 0x00, 0x06, 0x5E, 0x9C, 0x00, 0x06, 0xCB, 0xF0, 0x1F, 0x80
	.byte 0x26, 0x00, 0x21, 0x31, 0x31, 0x98, 0x40, 0x89, 0x20, 0x4C, 0xC8, 0x89, 0x8C, 0x98, 0x88, 0x8C
	.byte 0x06, 0x8C, 0x88, 0x8C, 0x89, 0x8C, 0x00, 0x0D, 0x20, 0x7C, 0x99, 0x82, 0x10, 0x1E, 0xC8, 0x88
	.byte 0x89, 0x8C, 0x9C, 0x10, 0x19, 0xC9, 0x81, 0x00, 0x03, 0x8C, 0x98, 0x89, 0x8C, 0x89, 0x9C, 0x50
	.byte 0x1F, 0xC4, 0x51, 0x74, 0x10, 0x90, 0x98, 0x88, 0x9C, 0x10, 0x4B, 0xC8, 0x89, 0x04, 0x9C, 0xC8
	.byte 0xC8, 0x98, 0xC8, 0x00, 0x03, 0x98, 0x98, 0xD6, 0x20, 0x19, 0x10, 0x04, 0x89, 0x00, 0x04, 0x8C
	.byte 0x00, 0x31, 0x10, 0x61, 0x98, 0x86, 0x00, 0x08, 0xC8, 0x98, 0x8C, 0x88, 0x10, 0x1D, 0x00, 0x84
	.byte 0xB9, 0x0A, 0xC9, 0x99, 0xCB, 0xB9, 0x00, 0x06, 0xB9, 0x00, 0x06, 0xB9, 0xC3, 0x00, 0x06, 0x00
	.byte 0x01, 0xC9, 0xB9, 0xC9, 0xC9, 0x30, 0xC8, 0x10, 0xA3, 0x08, 0xC9, 0x9B, 0xC9, 0x99, 0x00, 0x20
	.byte 0x99, 0xB9, 0xC9, 0x25, 0x9B, 0x99, 0x00, 0x25, 0x9C, 0xC9, 0x00, 0x26, 0x99, 0x00, 0x20, 0xE0
	.byte 0xC0, 0xF2, 0x00, 0x11, 0x00, 0x28, 0x9B, 0xBC, 0xB9, 0x9C, 0xBC, 0xBC, 0x00, 0x41, 0xC9, 0x30
	.byte 0x20, 0x40, 0xE6, 0x00, 0x1D, 0x30, 0x04, 0xB9, 0x9C, 0xE0, 0x00, 0x47, 0x00, 0x04, 0x40, 0x1E
	.byte 0x99, 0x00, 0x00, 0x00, 0x10, 0xD0, 0x02, 0x00, 0x01, 0x00, 0x00, 0x00, 0x00, 0x2C, 0x10, 0x01
	.byte 0xF0, 0x01, 0x00, 0x10, 0x02, 0x10, 0x03, 0x10, 0x04, 0x10, 0x05, 0x18, 0x10, 0x06, 0x10, 0x10
	.byte 0x23, 0x10, 0x01, 0x07, 0x10, 0x08, 0x08, 0x10, 0x09, 0x10, 0x0A, 0x00, 0x03, 0x0B, 0x10, 0x0C
	.byte 0x80, 0x00, 0x07, 0x0D, 0x10, 0x0E, 0x10, 0x0F, 0x10, 0x10, 0x00, 0x10, 0x11, 0x10, 0x12, 0x10
	.byte 0x13, 0x10, 0x14, 0x80, 0x60, 0x27, 0x15, 0x10, 0x16, 0x10, 0x17, 0x10, 0x18, 0x08, 0x10, 0x19
	.byte 0x10, 0x1A, 0x00, 0x03, 0x1B, 0x10, 0x1C, 0x00, 0x10, 0x1D, 0x10, 0x1E, 0x10, 0x1F, 0x10, 0x20
	.byte 0x02, 0x10, 0x21, 0x10, 0x22, 0x10, 0x23, 0x20, 0x27, 0x24, 0x30, 0x20, 0x25, 0xF0, 0x01, 0xE0
	.byte 0x01, 0x26, 0x20, 0x27, 0x20, 0x47, 0x33, 0x00, 0x01, 0x36, 0x20, 0x37, 0x20, 0x07, 0x50, 0x01
	.byte 0xD0, 0x0F, 0x78, 0x28, 0x40, 0x27, 0xF0, 0x1D, 0xB0, 0x13, 0x00, 0x27, 0x28, 0x2D, 0x20, 0x0E
	.byte 0x2E, 0x20, 0x2F, 0x20, 0xF0, 0x05, 0x90, 0x05, 0x10, 0x27, 0x34, 0x02, 0x20, 0x38, 0x20, 0x39
	.byte 0x20, 0x34, 0xE0, 0x01, 0x3E, 0x31, 0x20, 0x3F, 0x60, 0x0B, 0x30, 0x27, 0x3C, 0x20, 0x3D, 0xA0
	.byte 0x21, 0xFF, 0xF0, 0x37, 0x10, 0x9F, 0xF0, 0x49, 0x90, 0x37, 0x30, 0x33, 0xB0, 0x27, 0x90, 0x69
	.byte 0xB0, 0x33, 0x8B, 0x10, 0x27, 0x31, 0x20, 0x32, 0x00, 0x01, 0x30, 0x20, 0x07, 0xF0, 0x05, 0xD1
	.byte 0x30, 0x05, 0x10, 0x27, 0x35, 0xE0, 0x01, 0x42, 0x20, 0x43, 0xC0, 0x11, 0xF1, 0x70, 0x27, 0xF0
	.byte 0x1B, 0x90, 0x35, 0x30, 0x27, 0x3A, 0x20, 0x3B, 0xF0, 0x1F, 0xC7, 0xA0, 0x17, 0x30, 0x27, 0x40
	.byte 0x20, 0x41, 0xF0, 0x1B, 0xA0, 0x17, 0xF0, 0x9F, 0xC6, 0x90, 0x33, 0x90, 0x9F, 0x29, 0x20, 0x2A
	.byte 0xF0, 0x01, 0xE0, 0x01, 0x2B, 0x00, 0x20, 0x00, 0xFF, 0x7F, 0x00, 0x00, 0xD5, 0x5E, 0x72, 0x56
	.byte 0x30, 0x4E, 0xEE, 0x45, 0x59, 0x77, 0x16, 0x6B, 0xB3, 0x5E, 0x00, 0x00, 0x00, 0x00, 0x00, 0x00
	.byte 0x9C, 0x73, 0xFF, 0x7F, 0xFA, 0x2A, 0x55, 0x16, 0xFF, 0x7F, 0x7B, 0x6F, 0xF7, 0x62, 0x73, 0x4E
	.byte 0xEF, 0x3D, 0x8C, 0x31, 0x29, 0x25, 0x00, 0x00, 0x00, 0x00, 0x00, 0x00, 0x18, 0x63, 0xD6, 0x5A
	.byte 0x94, 0x52, 0x52, 0x4A, 0xFA, 0x2A, 0x55, 0x16, 0x10, 0x20, 0x08, 0x00, 0x32, 0x00, 0x00, 0xF0
	.byte 0x01, 0xD0, 0x01, 0xEE, 0xEE, 0x30, 0x01, 0xDD, 0x07, 0xDD, 0xDD, 0xDD, 0x88, 0x88, 0xB0, 0x01
	.byte 0xF0, 0x1F, 0xA0, 0x01, 0x67, 0x77, 0xF0, 0x1F, 0x80, 0x1C, 0x77, 0x77, 0xF0, 0x1F, 0x90, 0x1C
	.byte 0xF0, 0x1F, 0xF2, 0x60, 0x1F, 0x40, 0x1E, 0xF0, 0x1F, 0xA0, 0x1F, 0x22, 0x72, 0x30, 0x1F, 0x0E
	.byte 0x80, 0x00, 0x03, 0xFE, 0x00, 0xDD, 0xED, 0xFF, 0x00, 0x88, 0x42, 0xD8, 0xB0, 0x03, 0x00, 0xEE
	.byte 0x8D, 0x88, 0x30, 0x03, 0x7D, 0x52, 0x77, 0x70, 0x03, 0x2D, 0x00, 0x03, 0x3D, 0x62, 0x00, 0x03
	.byte 0x23, 0xD0, 0x90, 0x6B, 0x40, 0x01, 0x22, 0x00, 0x02, 0x22, 0x66, 0x22, 0x22, 0xE0, 0x20, 0x01
	.byte 0xA0, 0x18, 0x10, 0x19, 0x33, 0x72, 0x77, 0x32, 0x43, 0x00, 0x23, 0x62, 0x32, 0x44, 0x34, 0x22
	.byte 0x33, 0x44, 0x22, 0x44, 0x33, 0xC0, 0x3B, 0x77, 0x66, 0x66, 0x60, 0x01, 0x26, 0x61, 0x22, 0x00
	.byte 0x02, 0xF0, 0x1E, 0x66, 0x66, 0x22, 0x62, 0x00, 0x03, 0x01, 0x23, 0x62, 0x66, 0x22, 0x33, 0x22
	.byte 0x62, 0xF0, 0x3B, 0xD5, 0x60, 0x01, 0x10, 0x83, 0x32, 0x80, 0x1D, 0x22, 0x40, 0x52, 0x22, 0x00
	.byte 0x02, 0x90, 0x10, 0x01, 0x32, 0x33, 0x40, 0x1F, 0x22, 0x72, 0x77, 0x77, 0x00, 0x32, 0x23, 0x66
	.byte 0x66, 0x43, 0x34, 0x62, 0x22, 0x10, 0x43, 0x44, 0x23, 0x00, 0x03, 0x34, 0x23, 0x44, 0x44, 0x00
	.byte 0x44, 0x34, 0x44, 0x44, 0x55, 0x44, 0x77, 0x27, 0x01, 0x32, 0x23, 0x77, 0x22, 0x32, 0x34, 0x22
	.byte 0x00, 0xAD, 0x42, 0x22, 0x00, 0x19, 0x22, 0x32, 0x44, 0x44, 0x00, 0x06, 0x44, 0xF0, 0x00, 0xBB
	.byte 0x20, 0x01, 0x10, 0x3F, 0x00, 0x3E, 0x77, 0x23, 0x62, 0x26, 0x12, 0x22, 0x34, 0x23, 0x00, 0x24
	.byte 0x34, 0x32, 0x00, 0x35, 0x23, 0x01, 0x44, 0x55, 0x45, 0x34, 0x43, 0x55, 0x45, 0x30, 0x1F, 0xE4
	.byte 0x50, 0x01, 0x00, 0xB6, 0x10, 0x84, 0x66, 0x34, 0x00, 0x04, 0x44, 0x34, 0x05, 0x62, 0x26, 0x54
	.byte 0x45, 0x23, 0xA0, 0xDF, 0x76, 0x00, 0x8A, 0x44, 0x66, 0x00, 0x9D, 0x26, 0x22, 0x32, 0x00, 0x99
	.byte 0x43, 0x34, 0xF4, 0x10, 0x6B, 0x90, 0x1F, 0x20, 0x67, 0x00, 0x3F, 0x33, 0x00, 0x48, 0x43, 0x23
	.byte 0x3A, 0x22, 0x66, 0x00, 0x85, 0xD1, 0x1F, 0xD1, 0x07, 0x22, 0xB1, 0x9F, 0x27, 0x83, 0x11, 0x81
	.byte 0x32, 0x66, 0x27, 0x22, 0x32, 0x01, 0x03, 0x00, 0x64, 0x20, 0x22, 0x33, 0x51, 0xE7, 0x77, 0xD7
	.byte 0xFF, 0x00, 0x22, 0x81, 0x00, 0x03, 0x33, 0xD2, 0xFF, 0x00, 0x44, 0xD3, 0x00, 0x03, 0x50, 0xD4
	.byte 0x00, 0x03, 0xD5, 0x11, 0xFF, 0x4D, 0x33, 0x00, 0xEE, 0x28, 0x5D, 0x44, 0x00, 0x03, 0x45, 0x00
	.byte 0x03, 0x55, 0x00, 0xEE, 0x00, 0xDE, 0xDD, 0x00, 0xEE, 0xFF, 0xFF, 0x00, 0xF0, 0xC9, 0x00, 0x03
	.byte 0x02, 0x3B, 0x33, 0x23, 0x00, 0xA5, 0x34, 0x33, 0x01, 0x11, 0x29, 0x44, 0x44, 0x00, 0xEE, 0x44
	.byte 0x12, 0x63, 0xFF, 0xFF, 0x30, 0x01, 0x8A, 0x10, 0x1F, 0x43, 0x44, 0x54, 0x00, 0x15, 0x54, 0x00
	.byte 0x1A, 0x55, 0x59, 0x55, 0x00, 0x02, 0x55, 0xD0, 0x1F, 0x01, 0x83, 0x22, 0x44, 0x00, 0x44, 0x58
	.byte 0x45, 0x00, 0x44, 0x55, 0x01, 0x30, 0xD0, 0x1F, 0x32, 0x43, 0x33, 0x90, 0x11, 0x06, 0x33, 0x33
	.byte 0x01, 0x55, 0x44, 0x54, 0x55, 0x45, 0xDA, 0xD0, 0x1F, 0x01, 0xC5, 0x43, 0x41, 0x8B, 0x00, 0x68
	.byte 0x54, 0xE0, 0x5F, 0x44, 0x07, 0x23, 0x32, 0x33, 0x55, 0x34, 0x00, 0x3D, 0x20, 0x81, 0xF0, 0x5F
	.byte 0xC7, 0x00, 0x15, 0x30, 0x9B, 0x54, 0x55, 0x55, 0x00, 0x02, 0xF0, 0x3F, 0x30, 0xBC, 0xFE, 0x00
	.byte 0x79, 0x10, 0xBD, 0xF0, 0x1F, 0x00, 0x39, 0x10, 0x18, 0x30, 0x1C, 0xF0, 0x1F, 0x00, 0x37, 0x54
	.byte 0x55, 0x02, 0x4B, 0x02, 0x0C, 0x45, 0x00, 0x7C, 0xF0, 0x1F, 0x00, 0xBF, 0xB8, 0x13, 0x04, 0x43
	.byte 0x10, 0xDC, 0x30, 0x84, 0xE0, 0x3F, 0x45, 0x44, 0x33, 0x7D, 0x54, 0x80, 0x63, 0xE0, 0x3F, 0x11
	.byte 0xC4, 0x01, 0x3F, 0x00, 0x3F, 0x33, 0xF1, 0x7F, 0x9E, 0x20, 0x1F, 0x43, 0x22, 0x00, 0x60, 0x41
	.byte 0x23, 0xF0, 0xDF, 0x01, 0xE3, 0x54, 0xA0, 0x00, 0x03, 0x55, 0x40, 0x03, 0xDD, 0xFD, 0xFF, 0x00
	.byte 0xFF, 0x28, 0xFF, 0xEF, 0x00, 0x03, 0x0E, 0xB4, 0xE4, 0xE0, 0xEE, 0xEE, 0x80, 0x14, 0x48, 0x00
	.byte 0xEE, 0x1E, 0x11, 0x00, 0xEE, 0x22, 0xA9, 0x10, 0x03, 0x22, 0x00, 0x03, 0x13, 0xD5, 0x03, 0x11
	.byte 0x11, 0x30, 0x01, 0xF0, 0x10, 0x97, 0x10, 0x07, 0x70, 0x1F, 0x34, 0x63, 0x11, 0xE1, 0xFF, 0x00
	.byte 0x20, 0x11, 0x52, 0x02, 0x6B, 0x65, 0xFF, 0x00, 0x51, 0x66, 0x9B, 0x12, 0x5F, 0x22, 0x43, 0xF0
	.byte 0x03, 0x70, 0x03, 0x54, 0x00, 0x23, 0xF0, 0x03, 0xC0, 0x70, 0x03, 0x30, 0x27, 0x32, 0x54, 0x00
	.byte 0xEE, 0x43, 0x65, 0x0D, 0x00, 0xEE, 0x5E, 0x66, 0x92, 0x9B, 0x41, 0xBF, 0x44, 0x94, 0x14, 0xFB
	.byte 0x90, 0xFB, 0x21, 0x5F, 0x00, 0x43, 0x00, 0x15, 0x30, 0x03, 0xF6, 0xF0, 0xFB, 0xB0, 0xFB, 0xE0
	.byte 0x12, 0xFB, 0x55, 0x0F, 0x30, 0x03, 0xAA, 0xCA, 0xCC, 0xCC, 0xAA, 0x00, 0xBB, 0xCC, 0xBC, 0xBA
	.byte 0xBB, 0xCB, 0xBB, 0xBB, 0xA9, 0x30, 0x01, 0xAB, 0x00, 0x02, 0xAA, 0x30, 0x03, 0xAA, 0xAA, 0x00
	.byte 0x01, 0xBC, 0x00, 0x09, 0xBA, 0x00, 0x0A, 0x00, 0x03, 0x00, 0x19, 0x20, 0x0A, 0xBB, 0xBB, 0x60
	.byte 0xCB, 0x40, 0x03, 0x30, 0x01, 0xCC, 0xBC, 0xBB, 0xCB, 0xCC, 0x01, 0xBC, 0xAB, 0xCC, 0xCC, 0xBC
	.byte 0xAA, 0xCC, 0x00, 0x4E, 0xB1, 0x50, 0x03, 0xBB, 0x10, 0x03, 0x10, 0x47, 0xBA, 0xBC, 0xAA, 0x00
	.byte 0x67, 0x55, 0xAB, 0x00, 0x03, 0xBC, 0x40, 0x6F, 0xCC, 0x00, 0x6F, 0xCC, 0x10, 0x39, 0xE8, 0x00
	.byte 0x11, 0x00, 0x2B, 0x10, 0x03, 0xAB, 0x00, 0x19, 0xCB, 0xCC, 0xCC, 0x01, 0xBB, 0xBA, 0xCC, 0xCB
	.byte 0xAA, 0xBA, 0xCB, 0x10, 0x73, 0xBF, 0x10, 0x03, 0xCA, 0x10, 0x24, 0x00, 0x44, 0x00, 0x5E, 0x30
	.byte 0x27, 0x10, 0x07, 0x00, 0x82, 0x73, 0xBC, 0x00, 0x17, 0x10, 0x7F, 0x00, 0x23, 0xBA, 0xAA, 0x00
	.byte 0x2F, 0x00, 0xA6, 0xBB, 0x00, 0xAD, 0xCB, 0x00, 0x9F, 0x00, 0xCB, 0x00, 0x7C, 0xAB, 0x00, 0x4A
	.byte 0x10, 0x51, 0xD9, 0x00, 0x2B, 0x00, 0x9A, 0xBB, 0x00, 0x59, 0x00, 0x6F, 0xCC, 0xBC, 0x00, 0x0E
	.byte 0x37, 0xBA, 0xCB, 0x20, 0x58, 0x00, 0xD8, 0xAB, 0x20, 0x03, 0x10, 0x48, 0x10, 0xBF, 0x2D, 0xCC
	.byte 0xAB, 0x00, 0x8D, 0xAC, 0x30, 0x96, 0x00, 0x5D, 0xAB, 0x20, 0x7F, 0xDF, 0x40, 0x57, 0x50, 0x2E
	.byte 0xCA, 0x20, 0xAD, 0x00, 0x27, 0x20, 0xAA, 0x10, 0x08, 0x00, 0x73, 0xFF, 0x00, 0x13, 0x20, 0x1F
	.byte 0x10, 0x03, 0x10, 0xB7, 0x00, 0xD2, 0x10, 0xC7, 0x00, 0xDA, 0x10, 0x4C, 0xCF, 0x30, 0x18, 0x10
	.byte 0x4C, 0xBB, 0xBC, 0x00, 0x53, 0x00, 0x14, 0x00, 0x19, 0x21, 0x32, 0xAF, 0x00, 0xD7, 0xCB, 0x01
	.byte 0x14, 0xBA, 0x00, 0x40, 0x00, 0xB1, 0x00, 0xAC, 0x20, 0x2F, 0xFD, 0x30, 0x33, 0x00, 0x02, 0x30
	.byte 0x6B, 0x10, 0xBB, 0x00, 0x03, 0x00, 0xFF, 0xBB, 0x00, 0xFB, 0xF7, 0x70, 0x03, 0x10, 0x23, 0x00
	.byte 0x90, 0x01, 0x8D, 0xBB, 0x00, 0x83, 0x20, 0x7B, 0x10, 0x87, 0x9F, 0x00, 0x0B, 0xCA, 0xCC, 0x10
	.byte 0x4E, 0x10, 0xD0, 0x40, 0xFA, 0x60, 0x0B, 0x00, 0x2B, 0x78, 0xCB, 0x11, 0x37, 0x21, 0x78, 0x11
	.byte 0x53, 0x00, 0x41, 0x00, 0x10, 0xD0, 0x02, 0x00, 0x01, 0x00, 0x00, 0x00, 0x00, 0x30, 0x10, 0x01
	.byte 0x00, 0x01, 0x10, 0x02, 0x10, 0x03, 0x00, 0x01, 0x04, 0x10, 0x05, 0x10, 0x09, 0x06, 0x10, 0x04
	.byte 0x14, 0x10, 0x0B, 0x02, 0x14, 0x10, 0x17, 0x30, 0x07, 0x10, 0x10, 0x23, 0x10, 0x01, 0x08, 0x10
	.byte 0x09, 0x10, 0x00, 0x0A, 0x10, 0x0B, 0x10, 0x0C, 0x10, 0x0D, 0x10, 0x00, 0x0E, 0x10, 0x0F, 0x10
	.byte 0x10, 0x10, 0x11, 0x10, 0x00, 0x12, 0x10, 0x13, 0x10, 0x14, 0x10, 0x15, 0x10, 0x10, 0x16, 0x10
	.byte 0x17, 0x60, 0x27, 0x18, 0x10, 0x19, 0x10, 0x00, 0x1A, 0x10, 0x1B, 0x10, 0x1C, 0x10, 0x1D, 0x10
	.byte 0x00, 0x1E, 0x10, 0x1F, 0x10, 0x20, 0x10, 0x21, 0x10, 0x00, 0x22, 0x10, 0x23, 0x10, 0x24, 0x10
	.byte 0x25, 0x10, 0x11, 0x26, 0x10, 0x27, 0x20, 0x27, 0x28, 0x20, 0x29, 0xF0, 0x01, 0x80, 0xE0, 0x01
	.byte 0x2A, 0x20, 0x2B, 0x20, 0x31, 0x20, 0x32, 0x0D, 0x20, 0x33, 0x20, 0x34, 0xF0, 0x07, 0x80, 0x07
	.byte 0x2C, 0x00, 0x27, 0x01, 0x35, 0x20, 0x36, 0x20, 0x37, 0x20, 0x38, 0xF0, 0x07, 0xC0, 0x80, 0x07
	.byte 0x10, 0x27, 0x39, 0x20, 0x3A, 0x20, 0x3B, 0x20, 0x70, 0x3C, 0xF0, 0x07, 0x80, 0x07, 0x10, 0x27
	.byte 0x3D, 0x20, 0x3E, 0x20, 0x1F, 0x3F, 0x20, 0x40, 0xF0, 0x07, 0x80, 0x07, 0x10, 0x27, 0xF0, 0x8F
	.byte 0xF0, 0x07, 0xFF, 0xF0, 0x9F, 0xF0, 0x07, 0xF0, 0x9F, 0xF0, 0x07, 0xF0, 0x9F, 0xF0, 0x97, 0xF0
	.byte 0x9F, 0xF0, 0x8F, 0xFF, 0xF0, 0x9F, 0xF0, 0x9F, 0xF0, 0x07, 0xF0, 0x9F, 0xF0, 0x07, 0xF0, 0x9F
	.byte 0xF0, 0x07, 0xF0, 0x9F, 0xC6, 0xF0, 0x97, 0xD0, 0x9F, 0x2D, 0x20, 0x2E, 0xF0, 0x01, 0xE0, 0x01
	.byte 0x2F, 0x00, 0x20, 0x00, 0xFF, 0x7F, 0x00, 0x00, 0x52, 0x56, 0xB4, 0x5E, 0xF7, 0x66, 0x7C, 0x77
	.byte 0x3A, 0x73, 0x18, 0x67, 0x54, 0x46, 0xF1, 0x35, 0xAF, 0x2D, 0x7C, 0x19, 0x9F, 0x36, 0xFF, 0x7F
	.byte 0x1A, 0x46, 0x75, 0x31, 0xFF, 0x7F, 0xBF, 0x6F, 0x9F, 0x63, 0x3F, 0x57, 0xBE, 0x46, 0x3A, 0x36
	.byte 0xB6, 0x25, 0x32, 0x15, 0xBF, 0x3A, 0xFC, 0x29, 0xFE, 0x4A, 0x99, 0x1D, 0x3E, 0x32, 0xBA, 0x21
	.byte 0x1A, 0x46, 0x75, 0x31, 0x10, 0x40, 0x0A, 0x00, 0x32, 0x00, 0x00, 0xF0, 0x01, 0xD0, 0x01, 0xEE
	.byte 0xEE, 0x30, 0x01, 0xDD, 0x00, 0xDD, 0xDD, 0xDD, 0x65, 0x55, 0x55, 0x55, 0x56, 0x00, 0x56, 0x55
	.byte 0x56, 0x77, 0x66, 0x66, 0x65, 0x22, 0x10, 0x76, 0x56, 0x56, 0xD0, 0x1F, 0x55, 0x55, 0x65, 0x76
	.byte 0x00, 0x56, 0x55, 0x76, 0x67, 0x66, 0x76, 0x27, 0x72, 0x08, 0x77, 0x27, 0x22, 0x22, 0xE0, 0x3F
	.byte 0x67, 0x77, 0x56, 0x00, 0x76, 0x76, 0x76, 0x67, 0x67, 0x27, 0x67, 0x77, 0x0C, 0x77, 0x22, 0x72
	.byte 0x77, 0xD0, 0x1F, 0x00, 0x5B, 0x76, 0x67, 0x20, 0x65, 0x65, 0x00, 0x21, 0x66, 0x77, 0x66, 0x77
	.byte 0x77, 0x41, 0x27, 0xD0, 0x1F, 0x77, 0x56, 0x66, 0x77, 0x22, 0x00, 0x39, 0x6C, 0x22, 0x40, 0x01
	.byte 0xE0, 0x1F, 0x72, 0x70, 0x1B, 0xF0, 0x1F, 0xDD, 0xDD, 0xE1, 0x00, 0x92, 0xF0, 0x1F, 0x80, 0x1F
	.byte 0x22, 0x22, 0x27, 0x76, 0xF0, 0x1F, 0x8B, 0x70, 0x1F, 0x72, 0x67, 0x65, 0x10, 0x7F, 0x72, 0xF0
	.byte 0x1F, 0x30, 0x1F, 0x00, 0x67, 0x55, 0x65, 0x65, 0x67, 0x56, 0x56, 0x76, 0x0A, 0x77, 0x66, 0x76
	.byte 0x67, 0x00, 0x27, 0x66, 0xE0, 0xFF, 0x77, 0x40, 0x76, 0x00, 0xE0, 0x67, 0x56, 0x77, 0x27, 0x72
	.byte 0x76, 0xC4, 0x00, 0xA9, 0xE0, 0xFF, 0x67, 0x56, 0x55, 0x00, 0x1F, 0x55, 0x65, 0x06, 0x27, 0x72
	.byte 0x67, 0x66, 0x22, 0xF1, 0x1F, 0x01, 0x5F, 0x55, 0x21, 0x56, 0x65, 0x00, 0x63, 0x56, 0x66, 0x66
	.byte 0x77, 0x00, 0x69, 0xC4, 0xE0, 0x7F, 0x00, 0x3B, 0x56, 0x77, 0x67, 0x01, 0x9B, 0x77, 0x67, 0x94
	.byte 0x00, 0xC7, 0x77, 0x76, 0x30, 0x1F, 0x0E, 0x00, 0x03, 0xFE, 0x00, 0x00, 0xDD, 0xED, 0xFF, 0x00
	.byte 0x66, 0xD6, 0xFF, 0x00, 0x04, 0x27, 0xD2, 0xFF, 0x00, 0x22, 0x40, 0x03, 0x00, 0xEE, 0x24, 0x2D
	.byte 0x22, 0x70, 0x03, 0x3D, 0x33, 0xD0, 0x03, 0x22, 0x67, 0x20, 0x67, 0x55, 0x00, 0x86, 0x66, 0x33
	.byte 0x33, 0x73, 0x77, 0x75, 0x33, 0x00, 0x04, 0x00, 0x03, 0x50, 0x01, 0x88, 0x00, 0x02, 0x98, 0x11
	.byte 0x2C, 0x00, 0x67, 0x26, 0x32, 0x33, 0x77, 0x37, 0x33, 0x33, 0x50, 0x67, 0x00, 0x14, 0x67, 0x00
	.byte 0x07, 0xC8, 0x89, 0x33, 0x33, 0x00, 0xBB, 0xB9, 0x99, 0x38, 0x98, 0x9B, 0x9A, 0xAA, 0xC1, 0x00
	.byte 0x1E, 0x10, 0x33, 0x76, 0x33, 0x33, 0x63, 0x65, 0x00, 0x3E, 0xA0, 0x00, 0x07, 0x33, 0x50, 0x47
	.byte 0xB8, 0x89, 0x44, 0x84, 0x88, 0x00, 0x56, 0x65, 0x27, 0x22, 0x67, 0x76, 0x37, 0x33, 0x75, 0x77
	.byte 0x00, 0x15, 0x00, 0x3A, 0x20, 0x01, 0x36, 0x00, 0x03, 0x9C, 0x00, 0x03, 0x0C, 0x8B, 0x99, 0x44
	.byte 0x44, 0x80, 0x6F, 0xA0, 0x01, 0x44, 0x44, 0xC7, 0x30, 0x01, 0xF0, 0x19, 0x33, 0x33, 0x43, 0x50
	.byte 0x1C, 0xF0, 0x1F, 0xA0, 0x3B, 0xD0, 0xF0, 0x1F, 0x60, 0x1F, 0x34, 0x50, 0x1F, 0x22, 0x72, 0x56
	.byte 0x65, 0x1D, 0x33, 0x73, 0x67, 0x00, 0xB7, 0x10, 0xA1, 0x60, 0xFF, 0x63, 0x00, 0x03, 0x06, 0xC9
	.byte 0x44, 0x84, 0x89, 0xB8, 0x12, 0x4F, 0x10, 0xF7, 0x56, 0xF4, 0x00, 0xB4, 0x10, 0xFB, 0x10, 0x24
	.byte 0x10, 0xC7, 0x8B, 0x00, 0x03, 0x8A, 0x49, 0x2F, 0x44, 0x98, 0x30, 0x1E, 0x63, 0x00, 0x3F, 0x21
	.byte 0x3F, 0x10, 0x07, 0x00, 0x03, 0x00, 0x98, 0x8C, 0x83, 0x89, 0x9B, 0xBB, 0x98, 0x98, 0x01, 0xB9
	.byte 0xA9, 0x55, 0x76, 0x76, 0x22, 0x66, 0x03, 0x28, 0xE0, 0x11, 0x3F, 0x50, 0xFF, 0x10, 0x01, 0x9A
	.byte 0x38, 0x33, 0x33, 0xAA, 0x88, 0x00, 0x04, 0x22, 0x72, 0x62, 0x00, 0x62, 0x27, 0x22, 0x33, 0x7C
	.byte 0x63, 0x11, 0x20, 0x11, 0x46, 0x00, 0x25, 0x10, 0x85, 0x01, 0x63, 0xA9, 0xB8, 0x33, 0x98, 0x33
	.byte 0x51, 0xC7, 0x10, 0x03, 0x33, 0xD3, 0xF0, 0x03, 0x31, 0xC7, 0x00, 0x8D, 0x98, 0x00, 0xEE, 0x9D
	.byte 0x99, 0x00, 0xEE, 0x00, 0xAD, 0xAA, 0x00, 0xEE, 0xDE, 0xDD, 0x00, 0xEE, 0x0C, 0xFF, 0xFF, 0x00
	.byte 0xF0, 0x00, 0x03, 0x02, 0x1B, 0x98, 0x89, 0x00, 0x99, 0x88, 0x99, 0x99, 0x98, 0x89, 0xAA, 0xAA
	.byte 0x02, 0xA9, 0x99, 0xAA, 0xAA, 0x9A, 0x9A, 0x12, 0x43, 0xFF, 0x60, 0xFF, 0x30, 0x01, 0x10, 0x1F
	.byte 0x88, 0x89, 0xA9, 0xA9, 0x89, 0x19, 0x98, 0xA9, 0x9A, 0x00, 0x06, 0x00, 0x1D, 0xAA, 0xAA, 0xD0
	.byte 0x1F, 0x00, 0x9A, 0x99, 0x88, 0x88, 0xAA, 0x9A, 0x99, 0x98, 0xB0, 0x10, 0x3B, 0xAA, 0x00, 0x44
	.byte 0xD0, 0x1F, 0x89, 0x89, 0xAA, 0x49, 0x05, 0x99, 0x99, 0xA9, 0x9A, 0x9A, 0x00, 0x5D, 0xA9, 0x00
	.byte 0x20, 0xD3, 0xD0, 0x1F, 0x11, 0x63, 0x88, 0x00, 0x03, 0x9A, 0x99, 0x00, 0x20, 0xF0, 0x1F, 0x01
	.byte 0x00, 0x44, 0x84, 0xAA, 0x89, 0x98, 0x99, 0x00, 0x7B, 0xCF, 0xF0, 0x3F, 0x60, 0x3F, 0x99, 0x48
	.byte 0x00, 0x3F, 0x10, 0xBE, 0xF0, 0x1F, 0x20, 0x1F, 0xB7, 0x00, 0x01, 0x84, 0x00, 0x3F, 0x00, 0xC1
	.byte 0xAA, 0xE0, 0xDF, 0x10, 0x7E, 0x01, 0x00, 0xB9, 0x00, 0x01, 0x9A, 0x10, 0x5E, 0xE0, 0x3F, 0x00
	.byte 0x18, 0x98, 0x99, 0x20, 0x7D, 0xC3, 0x20, 0xA0, 0xE0, 0x3F, 0xA8, 0xA9, 0x99, 0x89, 0x10, 0x9D
	.byte 0x00, 0x3C, 0x60, 0x99, 0x11, 0x00, 0xF1, 0x3F, 0x98, 0x9A, 0x98, 0x88, 0x9A, 0x17, 0xA9, 0xA9
	.byte 0x98, 0x10, 0xBE, 0xA9, 0xE0, 0x1F, 0x01, 0x76, 0x10, 0x3B, 0xE4, 0x20, 0x7B, 0x10, 0x05, 0xE1
	.byte 0x5F, 0x98, 0x88, 0x00, 0x99, 0x89, 0xA8, 0x12, 0xAA, 0x9A, 0x8A, 0x01, 0xA3, 0xAA, 0x99, 0xD0
	.byte 0x1F, 0x39, 0x81, 0x01, 0xE3, 0x9A, 0xD9, 0xFF, 0x00, 0xAA, 0xDA, 0x30, 0x03, 0x01, 0xDD, 0xFD
	.byte 0xFF, 0x00, 0xFF, 0xFF, 0xEF, 0x00, 0x03, 0x44, 0x0E, 0xB5, 0xC4, 0xE0, 0xEE, 0xEE, 0x14, 0x28
	.byte 0x00, 0xEE, 0x06, 0x1E, 0x11, 0x00, 0xEE, 0x22, 0x10, 0x03, 0x03, 0xEF, 0x22, 0x4F, 0x33, 0xD5
	.byte 0xE3, 0x11, 0x11, 0x30, 0x01, 0x14, 0xDB, 0x12, 0x87, 0x70, 0x1F, 0x81, 0x34, 0x43, 0x11, 0xE1
	.byte 0xFF, 0x00, 0x11, 0x52, 0x02, 0x6F, 0x04, 0x65, 0xFF, 0x00, 0x53, 0x66, 0x12, 0x5F, 0x22, 0x43
	.byte 0xDE, 0xF0, 0x03, 0x70, 0x03, 0x54, 0x00, 0x23, 0xF0, 0x03, 0x70, 0x03, 0x30, 0x27, 0x32, 0x00
	.byte 0x66, 0x00, 0xEE, 0x63, 0x77, 0x00, 0xEE, 0x7E, 0xE5, 0x00, 0x03, 0x72, 0x9B, 0x51, 0xBF, 0x66
	.byte 0x66, 0x04, 0xEC, 0x77, 0x30, 0x01, 0xEA, 0x90, 0xFB, 0x10, 0x01, 0x10, 0x43, 0x66, 0x00, 0x03
	.byte 0x77, 0x10, 0x03, 0xF7, 0xE5, 0xF0, 0xFB, 0xB0, 0xFB, 0x12, 0xFB, 0x7D, 0x56, 0x04, 0xEB, 0x72
	.byte 0x54, 0xF3, 0xFC, 0x21, 0xFA, 0xF0, 0x01, 0x60, 0x01, 0x11, 0x6F, 0xF0, 0x01, 0x70, 0x01, 0xCC
	.byte 0xCC, 0xE5, 0xF0, 0x01, 0x90, 0x01, 0xF0, 0x31, 0xDD, 0x9D, 0x00, 0x03, 0xD9, 0x00, 0x06, 0x9C
	.byte 0x20, 0x07, 0x88, 0x88, 0xF0, 0x01, 0x90, 0x01, 0x00, 0x82, 0x9C, 0x99, 0x01, 0xC9, 0xC9, 0xC9
	.byte 0x99, 0x9C, 0x9C, 0x9C, 0x00, 0x06, 0x2E, 0xCC, 0x9C, 0xC0, 0x5F, 0x9C, 0x00, 0x20, 0x00, 0x1D
	.byte 0x10, 0x1E, 0x99, 0x4C, 0xCC, 0x10, 0x20, 0xCC, 0x9C, 0xB0, 0x22, 0x10, 0x17, 0xCC, 0x99, 0x5F
	.byte 0x99, 0x30, 0x07, 0xC9, 0x00, 0x03, 0x20, 0x1F, 0x50, 0x07, 0x00, 0x2F, 0x40, 0x01, 0x00, 0xAC
	.byte 0xCA, 0xCC, 0xCC, 0x8A, 0xA8, 0xCC, 0xCC, 0x03, 0x88, 0x88, 0xCC, 0xCC, 0x8C, 0xC8, 0x60, 0x16
	.byte 0x61, 0x08, 0xC3, 0x03, 0x85, 0x03, 0xEA, 0x99, 0x99, 0x8C, 0xC8, 0x00, 0x70, 0x10, 0x75, 0xFE
	.byte 0x80, 0x01, 0x00, 0x26, 0x10, 0x82, 0x20, 0x03, 0x00, 0x01, 0x20, 0x70, 0x51, 0x3F, 0x9D, 0x5D
	.byte 0x9D, 0x01, 0x43, 0xD9, 0x60, 0xEF, 0xF1, 0x0E, 0xA1, 0x1A, 0x9D, 0x00, 0x2A, 0x20, 0xD9, 0x9D
	.byte 0x00, 0x33, 0xD9, 0xD9, 0x99, 0x99, 0x9D, 0xED, 0xC1, 0x7F, 0x20, 0x40, 0x00, 0x4A, 0x99, 0x30
	.byte 0x20, 0x00, 0x21, 0x99, 0x00, 0x12, 0xDF, 0x50, 0x57, 0x10, 0x07, 0xD9, 0x00, 0x2F, 0x40, 0x07
	.byte 0x20, 0x77, 0xD1, 0xCD, 0x01, 0x04, 0xCF, 0x21, 0x4B, 0x10, 0xB0, 0xC9, 0xCC, 0x10, 0x07, 0x11
	.byte 0x31, 0x30, 0x07, 0x10, 0x0F, 0xFF, 0x00, 0x1F, 0x21, 0x4D, 0x90, 0xDA, 0x21, 0x72, 0x51, 0x57
	.byte 0x41, 0x37, 0x01, 0x47, 0x51, 0x57, 0x82, 0x51, 0x28, 0x44, 0x44, 0xCC, 0x4C, 0xC4, 0x00, 0x01
	.byte 0xCC, 0x03, 0xCC, 0xC4, 0x4C, 0xC8, 0x8C, 0xC4, 0x21, 0x47, 0x91, 0x3F, 0x84, 0x01, 0x3B, 0x89
	.byte 0x88, 0xAA, 0x98, 0x30, 0x03, 0x88, 0x98, 0x10, 0xC9, 0x88, 0x88, 0xA1, 0x27, 0x89, 0xC9, 0x89
	.byte 0x99, 0x00, 0x98, 0xBB, 0x9B, 0x98, 0xB8, 0xBC, 0xBC, 0x98, 0x07, 0x88, 0x8B, 0x8B, 0x98, 0x8C
	.byte 0x00, 0x1F, 0x10, 0x9A, 0x00, 0x42, 0x6F, 0x8C, 0x00, 0x03, 0x01, 0x90, 0x8C, 0x10, 0x07, 0x11
	.byte 0x9C, 0x90, 0x07, 0x71, 0xA8, 0x80, 0x90, 0x01, 0xC8, 0xC8, 0xC8, 0x8C, 0x8C, 0x8C, 0x8C, 0x0F
	.byte 0xC8, 0x88, 0x88, 0xC8, 0x51, 0x07, 0x41, 0x87, 0x71, 0x1F, 0xF1, 0x8F, 0x00, 0xDD, 0xDD, 0xCD
	.byte 0xDC, 0xDD, 0xDD, 0x9C, 0xC9, 0xC0, 0x00, 0x1A, 0xF1, 0xA6, 0xCD, 0x9D, 0xCD, 0xDD, 0xDC, 0xBB
	.byte 0x00, 0xDB, 0xDC, 0xBC, 0xB9, 0xB9, 0xDC, 0xCC, 0xCB, 0x28, 0xCB, 0xDC, 0x00, 0x9B, 0xD9, 0x01
	.byte 0x9F, 0xDD, 0x00, 0x00, 0x10, 0xD0, 0x02, 0x00, 0x00, 0x00, 0x00, 0x00, 0x00, 0x37, 0x10, 0x01
	.byte 0x10, 0x00, 0x02, 0x10, 0x03, 0x10, 0x04, 0x10, 0x05, 0x10, 0x00, 0x06, 0x10, 0x07, 0x10, 0x08
	.byte 0x10, 0x09, 0x10, 0x00, 0x0A, 0x10, 0x0B, 0x10, 0x0C, 0x10, 0x0D, 0x10, 0x0C, 0x0E, 0x10, 0x0F
	.byte 0x10, 0x10, 0x23, 0x10, 0x01, 0x10, 0x10, 0x00, 0x11, 0x10, 0x12, 0x10, 0x13, 0x10, 0x14, 0x10
	.byte 0x01, 0x15, 0x10, 0x16, 0x10, 0x17, 0x10, 0x18, 0x00, 0x07, 0x00, 0x19, 0x10, 0x1A, 0x10, 0x1B
	.byte 0x10, 0x1C, 0x10, 0x10, 0x1D, 0x10, 0x1E, 0x60, 0x27, 0x1F, 0x10, 0x20, 0x10, 0x00, 0x21, 0x10
	.byte 0x22, 0x10, 0x23, 0x10, 0x24, 0x10, 0x00, 0x25, 0x10, 0x26, 0x10, 0x27, 0x10, 0x28, 0x10, 0x00
	.byte 0x29, 0x10, 0x2A, 0x10, 0x2B, 0x10, 0x2C, 0x10, 0x11, 0x2D, 0x10, 0x2E, 0x20, 0x27, 0x2F, 0x20
	.byte 0x30, 0xF0, 0x01, 0x83, 0xE0, 0x01, 0x31, 0x20, 0x32, 0x20, 0x39, 0xF0, 0x01, 0xE0, 0x01, 0x41
	.byte 0x33, 0x20, 0x27, 0x3B, 0x20, 0x44, 0x20, 0x45, 0xF0, 0x03, 0x91, 0x40, 0x03, 0x3B, 0x24, 0x50
	.byte 0x27, 0x46, 0x20, 0x38, 0x20, 0x01, 0x6A, 0x4C, 0x40, 0x07, 0x50, 0x01, 0x41, 0x20, 0x05, 0x46
	.byte 0x60, 0x27, 0x4F, 0xD0, 0xC0, 0x1F, 0xB0, 0x01, 0x4F, 0xC0, 0x4F, 0x47, 0x20, 0x3D, 0x20, 0x48
	.byte 0x3E, 0xA0, 0x03, 0x47, 0x24, 0xF0, 0x4F, 0x38, 0x20, 0x3F, 0x02, 0x24, 0x3A, 0x20, 0x3A, 0x20
	.byte 0x4E, 0x40, 0x01, 0x3A, 0x0A, 0x28, 0x3A, 0x20, 0x3F, 0xE0, 0x4F, 0x4B, 0x00, 0x0F, 0x49, 0x88
	.byte 0x00, 0x27, 0x4D, 0x20, 0x3C, 0x40, 0x01, 0x4D, 0x24, 0x4A, 0x2A, 0x20, 0x49, 0x40, 0x9F, 0x51
	.byte 0xC0, 0x4F, 0x40, 0x10, 0x4F, 0x28, 0xEA, 0x30, 0x01, 0x10, 0x5B, 0x10, 0x4F, 0x41, 0x60, 0x4F
	.byte 0x50, 0x40, 0x9F, 0x48, 0x05, 0x20, 0x3D, 0x28, 0x3E, 0x28, 0x90, 0x03, 0x48, 0xF0, 0x9F, 0xBF
	.byte 0x00, 0x01, 0x42, 0xA0, 0xE5, 0x71, 0x23, 0xD0, 0xEF, 0xF0, 0x01, 0x30, 0x01, 0x70, 0x4F, 0x03
	.byte 0x43, 0x20, 0x44, 0x28, 0x45, 0x28, 0xF0, 0x03, 0x30, 0x03, 0x6A, 0x43, 0x60, 0x27, 0x90, 0x01
	.byte 0x51, 0x40, 0x07, 0x50, 0xC1, 0xDF, 0x34, 0x30, 0x20, 0x35, 0xF0, 0x01, 0xE0, 0x01, 0x36, 0x20
	.byte 0xFF, 0x7F, 0x9C, 0x77, 0x5A, 0x73, 0x8E, 0x62, 0x0A, 0x52, 0x56, 0x77, 0xF2, 0x6A, 0xDE, 0x7F
	.byte 0xBD, 0x7B, 0x00, 0x00, 0x00, 0x00, 0x00, 0x00, 0x9C, 0x73, 0xFF, 0x7F, 0x1A, 0x46, 0x75, 0x31
	.byte 0xFF, 0x7F, 0x9C, 0x73, 0x39, 0x67, 0x51, 0x5E, 0xCD, 0x4D, 0x49, 0x3D, 0xC5, 0x2C, 0x41, 0x1C
	.byte 0xBC, 0x7F, 0x99, 0x7B, 0x00, 0x00, 0xDE, 0x7F, 0xFE, 0x7F, 0xFF, 0x7F, 0x1A, 0x46, 0x75, 0x31
	.byte 0x10, 0xE0, 0x09, 0x00, 0x32, 0x00, 0x00, 0xF0, 0x01, 0xD0, 0x01, 0xEE, 0xEE, 0x30, 0x01, 0xDD
	.byte 0x02, 0xDD, 0xDD, 0xDD, 0x44, 0x44, 0x43, 0x00, 0x01, 0x44, 0x00, 0x64, 0x44, 0x46, 0x44, 0x44
	.byte 0x44, 0x44, 0x34, 0x79, 0x44, 0xF0, 0x1F, 0x10, 0x01, 0x00, 0x21, 0x20, 0x1D, 0x34, 0x63, 0xD0
	.byte 0x1F, 0xC0, 0x20, 0x19, 0x20, 0x3B, 0x44, 0x43, 0x33, 0x33, 0x33, 0x33, 0xBE, 0xF0, 0x3F, 0x34
	.byte 0x00, 0x5C, 0x30, 0x45, 0xF0, 0x1F, 0x10, 0x1F, 0x30, 0x3C, 0x33, 0x7C, 0x36, 0x10, 0x1D, 0xF0
	.byte 0x1F, 0x10, 0x57, 0x10, 0x63, 0x00, 0x1A, 0x36, 0x33, 0x69, 0x53, 0xF0, 0x1F, 0x30, 0x59, 0x64
	.byte 0x20, 0x5B, 0x33, 0x63, 0xF0, 0x1F, 0xB7, 0x00, 0x3B, 0x34, 0x10, 0x63, 0x30, 0x5E, 0x63, 0xF0
	.byte 0x3F, 0x50, 0x9B, 0xF0, 0x7F, 0xCD, 0x20, 0x1F, 0x30, 0xBB, 0x34, 0x44, 0x00, 0x5A, 0x10, 0x01
	.byte 0x36, 0xF0, 0x5F, 0xFF, 0x31, 0x18, 0x10, 0xC6, 0xF0, 0x1F, 0x70, 0xDF, 0x11, 0x42, 0xF0, 0x7F
	.byte 0x70, 0xBF, 0x30, 0xE3, 0x7A, 0x44, 0xE1, 0x7F, 0x00, 0xBC, 0x20, 0x61, 0x31, 0x81, 0x64, 0x40
	.byte 0x1F, 0x0E, 0x80, 0x00, 0x03, 0xFF, 0x00, 0xDD, 0xFD, 0xFF, 0x00, 0x64, 0x0A, 0xD4, 0xFF, 0x00
	.byte 0x44, 0x40, 0x03, 0x43, 0x00, 0x03, 0x00, 0x10, 0xEE, 0x4D, 0x44, 0x00, 0x03, 0x34, 0x00, 0xEE
	.byte 0x3D, 0x00, 0x13, 0x00, 0xEE, 0x1D, 0x77, 0x00, 0xEE, 0x7D, 0x95, 0x00, 0x03, 0x1D, 0x17, 0x00
	.byte 0x03, 0x11, 0x00, 0x03, 0x12, 0x21, 0x28, 0x00, 0xD1, 0x3D, 0x36, 0x77, 0x77, 0xDD, 0x3D, 0x77
	.byte 0x00, 0x71, 0x77, 0xDD, 0x71, 0x71, 0x17, 0x77, 0x17, 0x00, 0x11, 0x17, 0x71, 0x71, 0x11, 0x17
	.byte 0x11, 0x11, 0x15, 0x11, 0x11, 0x17, 0x10, 0x1E, 0x35, 0x40, 0xEC, 0x3D, 0x01, 0x70, 0x00, 0x17
	.byte 0xDD, 0x33, 0x33, 0x71, 0x71, 0x1D, 0x31, 0xBE, 0x00, 0x1B, 0x21, 0x10, 0x20, 0x21, 0x64, 0x10
	.byte 0xE8, 0x01, 0x8B, 0x40, 0x01, 0x81, 0x00, 0x36, 0x13, 0x88, 0x88, 0x12, 0x11, 0x11, 0x88, 0x30
	.byte 0x21, 0x22, 0x10, 0x1F, 0x70, 0x1A, 0x13, 0x87, 0x33, 0x33, 0x00, 0x88, 0x77, 0x87, 0x33, 0x78
	.byte 0x88, 0x87, 0x88, 0x00, 0x81, 0x18, 0x88, 0x18, 0x81, 0x18, 0x11, 0x18, 0xD0, 0x21, 0x84, 0x40
	.byte 0x20, 0x36, 0x30, 0x4B, 0x63, 0x66, 0x66, 0x56, 0x00, 0x66, 0x88, 0x61, 0x66, 0x66, 0x81, 0x11
	.byte 0x61, 0x61, 0x66, 0x40, 0x3A, 0x40, 0x1A, 0x33, 0x33, 0x66, 0x66, 0x00, 0x01, 0x6B, 0x56, 0x20
	.byte 0x02, 0x10, 0x01, 0x65, 0x00, 0x16, 0x35, 0x50, 0x83, 0x10, 0x09, 0xFE, 0x00, 0x12, 0x00, 0x01
	.byte 0x00, 0x02, 0x40, 0x20, 0x30, 0x3C, 0x00, 0x61, 0x31, 0xCF, 0x36, 0xFB, 0x30, 0x15, 0x30, 0x24
	.byte 0x10, 0x07, 0x60, 0x9E, 0x20, 0x1F, 0x53, 0x30, 0x5F, 0x20, 0x3D, 0xF8, 0x30, 0x40, 0x50, 0x7E
	.byte 0x30, 0x3E, 0x30, 0x46, 0x40, 0x3B, 0x77, 0x66, 0x16, 0x38, 0x71, 0x71, 0x40, 0x16, 0x20, 0xB7
	.byte 0x20, 0x85, 0x13, 0x1D, 0x33, 0x01, 0x76, 0xDD, 0x77, 0x77, 0x77, 0x77, 0x71, 0x21, 0x44, 0xFC
	.byte 0x00, 0x93, 0x41, 0x20, 0x30, 0x06, 0x10, 0xAF, 0x20, 0x3C, 0x00, 0x5E, 0x71, 0x17, 0x38, 0x62
	.byte 0x56, 0x50, 0xB7, 0x40, 0x21, 0x40, 0x49, 0x33, 0x88, 0x66, 0x01, 0x16, 0x88, 0x11, 0x11, 0x81
	.byte 0x88, 0x18, 0x00, 0x13, 0xC0, 0x01, 0xA2, 0x20, 0x7D, 0x35, 0x33, 0x13, 0x32, 0x33, 0x83, 0x06
	.byte 0x88, 0x88, 0x32, 0x81, 0x81, 0x01, 0x3D, 0x31, 0x40, 0x81, 0x94, 0x51, 0xE7, 0x33, 0xD3, 0x70
	.byte 0x03, 0x22, 0x00, 0x03, 0x21, 0xD2, 0x0A, 0xFF, 0x00, 0x11, 0xD1, 0x11, 0xFF, 0x2D, 0x11, 0xE7
	.byte 0x72, 0xA0, 0x00, 0x07, 0x12, 0x00, 0x03, 0x22, 0x00, 0xEE, 0xDE, 0xDD, 0x03, 0x00, 0xEE, 0xFF
	.byte 0xFF, 0x00, 0xF0, 0x00, 0x03, 0x02, 0x3B, 0x00, 0x11, 0x12, 0x11, 0x17, 0x21, 0x12, 0x71, 0x21
	.byte 0x00, 0x22, 0x12, 0x12, 0x12, 0x22, 0x11, 0x22, 0x22, 0x98, 0x12, 0x63, 0xFF, 0xFF, 0x30, 0x01
	.byte 0x20, 0x1F, 0x11, 0x11, 0x12, 0x10, 0x21, 0x21, 0x11, 0x10, 0x1F, 0x21, 0x22, 0x22, 0x22, 0x43
	.byte 0x11, 0xE0, 0x1F, 0x22, 0x22, 0x21, 0x21, 0x00, 0x19, 0x00, 0x3D, 0xE1, 0x00, 0x1E, 0xF0, 0x3F
	.byte 0x12, 0x23, 0x12, 0x11, 0x12, 0x81, 0x00, 0x26, 0xDA, 0x00, 0x2A, 0xF0, 0x1F, 0x11, 0x02, 0x04
	.byte 0x10, 0x23, 0x18, 0x00, 0x63, 0x11, 0x34, 0x21, 0x12, 0xE0, 0x5F, 0x11, 0x2B, 0x11, 0x02, 0x07
	.byte 0x12, 0x11, 0x1C, 0x81, 0x11, 0x22, 0x00, 0x20, 0xF0, 0x1F, 0x31, 0xA7, 0x21, 0x62, 0x3C, 0x65
	.byte 0x66, 0x10, 0x60, 0xE0, 0x1F, 0x00, 0x1E, 0x21, 0xAE, 0x26, 0x12, 0xC4, 0x10, 0x1E, 0xF0, 0x3F
	.byte 0x65, 0x66, 0x76, 0x01, 0xC7, 0x17, 0x71, 0x5F, 0x77, 0x12, 0xCF, 0x21, 0xE0, 0x3F, 0x13, 0x05
	.byte 0x00, 0x18, 0x01, 0x1D, 0x10, 0xA0, 0xBE, 0xF0, 0x5F, 0x17, 0x23, 0x26, 0x00, 0x20, 0x02, 0xEB
	.byte 0x11, 0x06, 0xD0, 0x1F, 0x21, 0x47, 0x77, 0x00, 0xB6, 0x11, 0x27, 0x11, 0x11, 0x43, 0x11, 0x40
	.byte 0xD0, 0x1F, 0x17, 0x12, 0x88, 0x11, 0x01, 0x1B, 0x18, 0x20, 0x3B, 0xF1, 0x1F, 0x11, 0x1F, 0xFD
	.byte 0x00, 0x01, 0x10, 0x83, 0x00, 0x7F, 0xF0, 0x1F, 0x00, 0x1F, 0x01, 0xE3, 0x18, 0x00, 0x03, 0xE2
	.byte 0x10, 0x07, 0x11, 0xF3, 0x14, 0x03, 0xFF, 0xFF, 0xEF, 0x00, 0x03, 0x0E, 0x88, 0xB5, 0xE4, 0xE0
	.byte 0xEE, 0xEE, 0x14, 0x48, 0x00, 0xEE, 0x1E, 0xB3, 0x02, 0x0F, 0x22, 0x10, 0x03, 0x02, 0x0B, 0x22
	.byte 0x13, 0xD6, 0x03, 0x30, 0xCD, 0x78, 0x11, 0x20, 0x6B, 0x10, 0x07, 0x70, 0x1F, 0x14, 0x63, 0xFE
	.byte 0x00, 0x11, 0x50, 0xE1, 0x00, 0x6B, 0x52, 0x02, 0x63, 0x65, 0xFF, 0x00, 0x51, 0x4D, 0x66, 0x12
	.byte 0x5F, 0x22, 0x43, 0xF0, 0x03, 0x70, 0x03, 0x54, 0x00, 0x23, 0xE0, 0xF0, 0x03, 0x70, 0x03, 0x30
	.byte 0x27, 0x32, 0x66, 0x00, 0xEE, 0x63, 0xBF, 0x04, 0x97, 0x7E, 0x00, 0x03, 0x72, 0x9B, 0x10, 0x01
	.byte 0x14, 0xE5, 0x23, 0x2F, 0x13, 0x52, 0xF5, 0x00, 0x01, 0x90, 0xFB, 0x10, 0x01, 0x10, 0x43, 0x66
	.byte 0x00, 0x03, 0x77, 0x10, 0x03, 0x7B, 0xF7, 0xF0, 0xFB, 0xB0, 0xFB, 0x12, 0xFB, 0x15, 0x0F, 0x3D
	.byte 0x15, 0x13, 0x10, 0x03, 0x10, 0x64, 0x88, 0x88, 0x00, 0x01, 0x8D, 0x88, 0x88, 0xD8, 0x75, 0xDD
	.byte 0x30, 0x07, 0xF0, 0x01, 0xC0, 0x01, 0xD8, 0x00, 0x24, 0xDD, 0x00, 0x2C, 0xC8, 0x10, 0x03, 0x00
	.byte 0x0B, 0x99, 0x99, 0x00, 0x01, 0x9D, 0x99, 0x99, 0x3A, 0xD9, 0xDD, 0x30, 0x07, 0xF0, 0x01, 0xC0
	.byte 0x01, 0xD9, 0x00, 0x24, 0xDD, 0xC3, 0x00, 0x2C, 0x00, 0x03, 0x89, 0xD9, 0x8D, 0x89, 0xF0, 0x3F
	.byte 0x70, 0x01, 0x3E, 0x89, 0x89, 0x30, 0x1E, 0xF0, 0x3F, 0x30, 0x3F, 0x10, 0x0B, 0x20, 0x93, 0x8C
	.byte 0x0E, 0x88, 0x88, 0xC8, 0xCC, 0x30, 0x07, 0xF0, 0x01, 0xC0, 0x01, 0xC8, 0xBC, 0x00, 0x24, 0xCC
	.byte 0x00, 0x2C, 0x10, 0x03, 0x10, 0x0B, 0x10, 0x01, 0x8B, 0x88, 0x1D, 0x88, 0xB8, 0xBB, 0x30, 0x07
	.byte 0xF0, 0x01, 0xC0, 0x01, 0xB8, 0x00, 0x24, 0x7C, 0xBB, 0x00, 0x2C, 0x10, 0x03, 0x10, 0x0B, 0x50
	.byte 0x01, 0x11, 0x0E, 0xDD, 0x8D, 0xFF, 0x20, 0x03, 0x10, 0x0B, 0x11, 0x29, 0xF0, 0x3C, 0x30, 0x01
	.byte 0x11, 0x66, 0x51, 0x6E, 0x00, 0xD1, 0x43, 0x98, 0x00, 0xE7, 0x89, 0x98, 0xDD, 0x98, 0xF0, 0x3F
	.byte 0x00, 0x04, 0x07, 0x98, 0x98, 0x98, 0x98, 0x89, 0xC0, 0xD8, 0x90, 0x3F, 0x10, 0x1F, 0xBB, 0x00
	.byte 0x06, 0x89, 0xF0, 0x7F, 0x50, 0x3F, 0x21, 0x47, 0x89, 0x10, 0x28, 0xF0, 0x3F, 0xE7, 0x20, 0x7F
	.byte 0x30, 0x01, 0x11, 0x4E, 0xDD, 0x9D, 0x20, 0x03, 0x10, 0x0B, 0x11, 0x69, 0xFC, 0xF1, 0x7C, 0x30
	.byte 0x01, 0x11, 0xA6, 0x51, 0xAE, 0x60, 0x94, 0x11, 0x4E, 0xCC, 0x8C, 0xFF, 0x20, 0x03, 0x10, 0x0B
	.byte 0x11, 0x69, 0xF0, 0xF9, 0x30, 0x01, 0x10, 0xCD, 0xE1, 0xAE, 0x11, 0x4E, 0x3F, 0xBB, 0x8B, 0x20
	.byte 0x03, 0x10, 0x0B, 0x11, 0x69, 0xF0, 0x39, 0x61, 0xAE, 0x20, 0x22, 0x80, 0x10, 0x07, 0x00, 0x00
	.byte 0x10, 0xD0, 0x02, 0x00, 0x00, 0x00, 0x00, 0x00, 0x00, 0x38, 0x10, 0x01, 0x10, 0x00, 0x02, 0x10
	.byte 0x03, 0x10, 0x04, 0x10, 0x05, 0x10, 0x00, 0x06, 0x10, 0x07, 0x10, 0x08, 0x10, 0x09, 0x10, 0x00
	.byte 0x0A, 0x10, 0x0B, 0x10, 0x0C, 0x10, 0x0D, 0x10, 0x0C, 0x0E, 0x10, 0x0F, 0x10, 0x10, 0x23, 0x10
	.byte 0x01, 0x10, 0x10, 0x00, 0x11, 0x10, 0x12, 0x10, 0x13, 0x10, 0x14, 0x10, 0x00, 0x15, 0x10, 0x16
	.byte 0x10, 0x17, 0x10, 0x18, 0x10, 0x00, 0x19, 0x10, 0x1A, 0x10, 0x1B, 0x10, 0x1C, 0x10, 0x04, 0x1D
	.byte 0x10, 0x1E, 0x10, 0x1F, 0x60, 0x27, 0x20, 0x10, 0x00, 0x21, 0x10, 0x22, 0x10, 0x23, 0x10, 0x24
	.byte 0x10, 0x00, 0x25, 0x10, 0x26, 0x10, 0x27, 0x10, 0x28, 0x10, 0x00, 0x29, 0x10, 0x2A, 0x10, 0x2B
	.byte 0x10, 0x2C, 0x10, 0x04, 0x2D, 0x10, 0x2E, 0x10, 0x2F, 0x20, 0x27, 0x30, 0x20, 0x60, 0x31, 0xF0
	.byte 0x01, 0xE0, 0x01, 0x32, 0x20, 0x33, 0x20, 0x3B, 0x34, 0x20, 0x3E, 0xF0, 0x03, 0xC0, 0x03, 0x34
	.byte 0x00, 0x27, 0x49, 0x20, 0x70, 0x4A, 0xF0, 0x03, 0xC0, 0x03, 0x10, 0x27, 0x3B, 0x20, 0x3C, 0x20
	.byte 0x78, 0x3D, 0x20, 0x37, 0xF0, 0x07, 0x50, 0x07, 0x10, 0x27, 0x45, 0x20, 0x46, 0x0E, 0x20, 0x47
	.byte 0x20, 0x48, 0xF0, 0x07, 0x80, 0x07, 0x10, 0x27, 0x39, 0x38, 0x20, 0x3A, 0xF0, 0x03, 0xC0, 0x03
	.byte 0x10, 0x27, 0x43, 0x20, 0x44, 0xE3, 0xF0, 0x03, 0xC0, 0x03, 0x10, 0x27, 0x3F, 0x20, 0x40, 0xF0
	.byte 0x03, 0xC0, 0x03, 0x8F, 0x10, 0x27, 0x4B, 0x20, 0x4C, 0xF0, 0x03, 0xC0, 0x03, 0xF0, 0x4F, 0xF0
	.byte 0x03, 0xE3, 0xF0, 0x4F, 0xF0, 0x03, 0x90, 0x4F, 0x41, 0x20, 0x42, 0xF0, 0x03, 0xC0, 0x03, 0x8F
	.byte 0x10, 0x27, 0x4D, 0x20, 0x4E, 0xF0, 0x03, 0xC0, 0x03, 0xF0, 0x4F, 0xF0, 0x03, 0x8C, 0x30, 0x4F
	.byte 0x35, 0x20, 0x36, 0xF0, 0x01, 0xE0, 0x01, 0x37, 0x20, 0x00, 0x00, 0x00, 0xFF, 0x7F, 0x1C, 0x3F
	.byte 0xD8, 0x42, 0x54, 0x36, 0xF0, 0x35, 0x8D, 0x25, 0x4A, 0x21, 0x49, 0x1A, 0x00, 0x00, 0xF4, 0x72
	.byte 0x90, 0x6E, 0x0C, 0x66, 0x9C, 0x73, 0xFF, 0x7F, 0x6B, 0x41, 0xC6, 0x2C, 0xFF, 0x7F, 0x5E, 0x43
	.byte 0xDA, 0x32, 0x56, 0x22, 0xD2, 0x11, 0x4E, 0x01, 0xCA, 0x00, 0x46, 0x00, 0xF9, 0x46, 0x56, 0x36
	.byte 0xB7, 0x3E, 0xF3, 0x31, 0x53, 0x4A, 0xFF, 0x7F, 0x6B, 0x41, 0xC6, 0x2C, 0x10, 0x60, 0x07, 0x00
	.byte 0x32, 0x00, 0x00, 0xF0, 0x01, 0xD0, 0x01, 0xEE, 0xEE, 0x30, 0x01, 0xDD, 0x07, 0xDD, 0xDD, 0xDD
	.byte 0xBB, 0xBB, 0xB0, 0x01, 0xF0, 0x1F, 0x90, 0x01, 0x3D, 0xAA, 0xAA, 0xF0, 0x1F, 0x90, 0x1D, 0xF0
	.byte 0x1F, 0x50, 0x1B, 0xAB, 0x10, 0x1C, 0xC0, 0xF0, 0x1F, 0x40, 0x1F, 0xB7, 0x3B, 0xAA, 0x7A, 0x7A
	.byte 0x27, 0x08, 0x7A, 0x7A, 0x77, 0x22, 0xD0, 0x1F, 0x44, 0x33, 0x43, 0x00, 0x44, 0x32, 0x24, 0x22
	.byte 0x42, 0x42, 0x22, 0x22, 0x91, 0x00, 0x06, 0x23, 0x33, 0xD0, 0x1F, 0x22, 0x32, 0x33, 0x00, 0x16
	.byte 0x00, 0x43, 0x34, 0x34, 0x43, 0x34, 0x43, 0x43, 0x24, 0x20, 0x22, 0x32, 0xE0, 0x1F, 0x23, 0x33
	.byte 0x34, 0x32, 0x32, 0x16, 0x33, 0x34, 0x34, 0x00, 0x47, 0x44, 0x00, 0x2A, 0xF0, 0x3F, 0x32, 0x31
	.byte 0x43, 0x23, 0x00, 0x23, 0x00, 0x67, 0x32, 0x33, 0x44, 0xF0, 0x1F, 0x12, 0x23, 0x22, 0x22, 0x20
	.byte 0x40, 0x43, 0x23, 0x00, 0x87, 0x44, 0x32, 0x24, 0x42, 0xD0, 0x1F, 0x00, 0x55, 0x32, 0x34, 0x00
	.byte 0x22, 0x22, 0x01, 0x33, 0x33, 0x44, 0x32, 0x33, 0x33, 0x34, 0xE0, 0x1F, 0x62, 0x24, 0x00, 0x18
	.byte 0x00, 0x19, 0x24, 0x32, 0x34, 0x00, 0x60, 0x43, 0xA0, 0x40, 0x1F, 0x0E, 0x00, 0x03, 0xFE, 0x00
	.byte 0xDD, 0xED, 0xFF, 0x02, 0x00, 0x33, 0xD4, 0xFF, 0x00, 0x43, 0x00, 0x03, 0x44, 0x61, 0xD3, 0x00
	.byte 0x0B, 0x00, 0x03, 0x00, 0xEE, 0xBD, 0xBB, 0x30, 0x03, 0x21, 0xAD, 0x7A, 0x00, 0x03, 0x77, 0x00
	.byte 0xEE, 0x7D, 0x10, 0x03, 0x52, 0xA7, 0x40, 0x03, 0x7A, 0x41, 0x66, 0xAA, 0x77, 0x41, 0x4F, 0xAA
	.byte 0x20, 0x7A, 0x77, 0x10, 0x02, 0xAA, 0x77, 0xA7, 0x9A, 0x99, 0x18, 0x77, 0x99, 0x99, 0x60, 0x16
	.byte 0xB0, 0x01, 0x9A, 0x97, 0x99, 0x0D, 0x99, 0x99, 0x79, 0x97, 0x00, 0x01, 0xD0, 0x19, 0x7A, 0x00
	.byte 0x03, 0x00, 0x99, 0x97, 0x79, 0x99, 0x99, 0x97, 0x97, 0x99, 0x3E, 0x97, 0x77, 0xF0, 0x1F, 0x00
	.byte 0x1D, 0x00, 0x3A, 0x00, 0x1E, 0x30, 0x22, 0x99, 0xC9, 0xF0, 0x1D, 0x20, 0x01, 0x79, 0x99, 0x20
	.byte 0x61, 0x99, 0x97, 0xD0, 0x5E, 0x80, 0x10, 0x35, 0x97, 0x79, 0x79, 0x77, 0x77, 0x79, 0x37, 0x00
	.byte 0x72, 0x79, 0x77, 0x23, 0x44, 0xAA, 0x77, 0x72, 0x00, 0x32, 0xAA, 0x27, 0x22, 0x34, 0xAA, 0x23
	.byte 0x32, 0x24, 0x43, 0x3A, 0x01, 0xB8, 0x77, 0x34, 0x01, 0x7F, 0x42, 0x43, 0x81, 0x01, 0x3F, 0x24
	.byte 0x22, 0x34, 0x43, 0x22, 0x22, 0x21, 0x6B, 0x01, 0x44, 0x44, 0x44, 0x34, 0x22, 0x22, 0x43, 0x01
	.byte 0x7B, 0x60, 0x22, 0x00, 0x03, 0x01, 0x5F, 0x23, 0x23, 0x43, 0x33, 0x32, 0x03, 0x32, 0x42, 0x37
	.byte 0x33, 0x37, 0x24, 0x90, 0x13, 0x20, 0x2C, 0x28, 0x33, 0x33, 0x01, 0x76, 0x43, 0x00, 0x34, 0x24
	.byte 0x43, 0x24, 0x0F, 0x32, 0x24, 0x33, 0x44, 0x01, 0xB0, 0x00, 0x24, 0x22, 0x15, 0x00, 0x33, 0x34
	.byte 0x43, 0x23, 0x00, 0x19, 0x11, 0x81, 0x44, 0x22, 0x29, 0x22, 0x32, 0xFD, 0x00, 0x63, 0x00, 0x03
	.byte 0x21, 0xAD, 0x01, 0xB9, 0x00, 0x0D, 0x12, 0x35, 0x43, 0x00, 0x38, 0x04, 0x24, 0x32, 0x43, 0x33
	.byte 0x24, 0x01, 0xE7, 0x33, 0x43, 0x96, 0x01, 0xA8, 0x33, 0x44, 0x00, 0x55, 0x22, 0x02, 0x34, 0x00
	.byte 0x01, 0x55, 0xC8, 0x30, 0x0D, 0x01, 0xC8, 0x43, 0x35, 0x00, 0x6D, 0x43, 0x33, 0x34, 0x20, 0x53
	.byte 0x45, 0x00, 0x3B, 0x53, 0x54, 0x25, 0x33, 0x33, 0x00, 0x25, 0x35, 0x33, 0x54, 0x35, 0x55, 0x65
	.byte 0x65, 0x00, 0x65, 0x54, 0x56, 0x56, 0x56, 0x65, 0x65, 0x66, 0x7D, 0x66, 0x10, 0x1F, 0x20, 0x23
	.byte 0x20, 0x3A, 0x02, 0x56, 0x00, 0x3A, 0x44, 0x00, 0x41, 0x07, 0x56, 0x45, 0x33, 0x33, 0x65, 0x02
	.byte 0x64, 0x11, 0xE3, 0x90, 0x03, 0x57, 0x44, 0x41, 0xFF, 0x43, 0x00, 0x0B, 0x35, 0x21, 0xFF, 0x21
	.byte 0xEF, 0x80, 0x03, 0x00, 0xDE, 0xDD, 0x00, 0xEE, 0xFF, 0xFF, 0x00, 0xF0, 0xC1, 0x00, 0x03, 0x02
	.byte 0x3B, 0x77, 0x99, 0x77, 0x97, 0x97, 0x01, 0x4D, 0x39, 0x77, 0x77, 0x00, 0x05, 0x00, 0x01, 0x12
	.byte 0x63, 0xFF, 0xFF, 0x30, 0x01, 0xFF, 0x10, 0x1F, 0x21, 0xC4, 0x01, 0x6F, 0x00, 0x20, 0xF0, 0x1F
	.byte 0x10, 0x3F, 0x40, 0x37, 0x50, 0x01, 0xBE, 0xF0, 0x3F, 0x79, 0x02, 0x28, 0x20, 0x5F, 0x20, 0x42
	.byte 0xE0, 0x3F, 0x12, 0x45, 0x99, 0xE0, 0x00, 0x1F, 0x40, 0x60, 0xD0, 0x1F, 0x79, 0x37, 0x77, 0x22
	.byte 0x77, 0x01, 0x77, 0x72, 0x37, 0x77, 0x77, 0x73, 0x27, 0xF0, 0x1F, 0x00, 0x00, 0x00, 0x43, 0x77
	.byte 0x22, 0x27, 0x73, 0x37, 0x0C, 0x73, 0x32, 0x77, 0x37, 0x00, 0x01, 0xF0, 0x1F, 0x00, 0x33, 0x07
	.byte 0x77, 0x44, 0x74, 0x73, 0x73, 0x20, 0x1A, 0xF0, 0x5F, 0x00, 0x1F, 0x80, 0x01, 0xC2, 0x34, 0x23
	.byte 0x72, 0x23, 0x47, 0x37, 0x72, 0x2C, 0x72, 0x43, 0x00, 0x1E, 0x73, 0xE0, 0x5F, 0x24, 0x27, 0x22
	.byte 0x23, 0x00, 0x74, 0x72, 0x32, 0x33, 0x47, 0x73, 0x37, 0x37, 0xB0, 0xD0, 0x1F, 0x32, 0x04, 0x05
	.byte 0x53, 0x8C, 0x47, 0x73, 0x33, 0x33, 0x92, 0xE0, 0x7F, 0x53, 0x45, 0x04, 0x26, 0x53, 0x55, 0x00
	.byte 0x1F, 0x55, 0x61, 0x34, 0x01, 0xBA, 0xD0, 0x1F, 0x56, 0x66, 0x66, 0x66, 0x01, 0xE6, 0x70, 0x66
	.byte 0x20, 0x07, 0x00, 0x08, 0xE0, 0x1F, 0x34, 0x43, 0x55, 0x65, 0x0F, 0x45, 0x55, 0x33, 0x56, 0x01
	.byte 0xF3, 0x01, 0xF2, 0xE0, 0x5F, 0x13, 0xE7, 0xE0, 0x10, 0x03, 0x21, 0xF3, 0x00, 0x03, 0xDD, 0xFD
	.byte 0xFF, 0x00, 0xFF, 0x28, 0xFF, 0xEF, 0x00, 0x03, 0x0E, 0xB5, 0xA4, 0xE0, 0xEE, 0xEE, 0x80, 0x14
	.byte 0x48, 0x00, 0xEE, 0x1E, 0x11, 0x00, 0xEE, 0x22, 0xA9, 0x10, 0x03, 0x22, 0x00, 0x03, 0x43, 0xD5
	.byte 0xC3, 0x11, 0x11, 0x30, 0x01, 0xAC, 0x03, 0x16, 0x22, 0x03, 0x36, 0x44, 0x70, 0x1F, 0x34, 0x63
	.byte 0x11, 0xE1, 0x00, 0xFF, 0x00, 0x11, 0x52, 0xFF, 0x00, 0x22, 0x65, 0x0F, 0xFF, 0x00, 0x54, 0x66
	.byte 0x12, 0x5F, 0x00, 0x43, 0xF0, 0x03, 0x60, 0x03, 0xF0, 0x10, 0x23, 0xF0, 0x03, 0x70, 0x03, 0x30
	.byte 0x27, 0x32, 0x66, 0x00, 0xEE, 0x5F, 0x63, 0x02, 0x9B, 0x7E, 0x00, 0x03, 0x72, 0x9B, 0x20, 0xDF
	.byte 0x00, 0x83, 0x01, 0x1A, 0x7A, 0x66, 0x51, 0xBF, 0x90, 0xFB, 0x10, 0x01, 0x10, 0x43, 0x66, 0x00
	.byte 0x03, 0x77, 0xBE, 0x10, 0x03, 0xF7, 0xF0, 0xFB, 0xB0, 0xFB, 0x12, 0xFB, 0x55, 0x0F, 0x30, 0x03
	.byte 0xBA, 0xA0, 0x04, 0x66, 0x9B, 0x24, 0x72, 0x88, 0x99, 0x99, 0x89, 0xAA, 0x18, 0x9B, 0x99, 0xA8
	.byte 0x10, 0x03, 0x00, 0x15, 0xBB, 0x9B, 0x89, 0x92, 0x00, 0x14, 0xA8, 0x99, 0x06, 0x68, 0x99, 0xB9
	.byte 0x14, 0x97, 0xBB, 0x40, 0xBB, 0x34, 0x9A, 0x89, 0x98, 0x88, 0x98, 0x89, 0x8A, 0x24, 0xAA, 0x8A
	.byte 0x00, 0x14, 0xAA, 0x98, 0x10, 0x13, 0xAB, 0x89, 0x02, 0x88, 0x98, 0xB9, 0xA8, 0xAA, 0x8A, 0x10
	.byte 0x2A, 0x98, 0xC0, 0x00, 0x15, 0x10, 0x08, 0xBA, 0x98, 0xB9, 0xBB, 0x9B, 0x8A, 0xAE, 0x00, 0x1C
	.byte 0xAA, 0x00, 0x4E, 0xAA, 0x20, 0x4E, 0x44, 0xD9, 0x30, 0x6B, 0x88, 0xA0, 0x00, 0x6B, 0xAA, 0x00
	.byte 0x6B, 0xAA, 0x00, 0x00, 0x10, 0xD0, 0x02, 0x00, 0x01, 0x00, 0x00, 0x00, 0x00, 0x36, 0x10, 0x01
	.byte 0x00, 0x01, 0x10, 0x02, 0x10, 0x03, 0x00, 0x01, 0x04, 0x10, 0x05, 0x10, 0x00, 0x06, 0x10, 0x07
	.byte 0x10, 0x08, 0x10, 0x09, 0x10, 0x00, 0x0A, 0x10, 0x0B, 0x10, 0x0C, 0x10, 0x0D, 0x10, 0xC0, 0x10
	.byte 0x23, 0x10, 0x01, 0x0E, 0x10, 0x0F, 0x10, 0x10, 0x10, 0x00, 0x11, 0x10, 0x12, 0x10, 0x13, 0x10
	.byte 0x14, 0x10, 0x00, 0x15, 0x10, 0x16, 0x10, 0x17, 0x10, 0x18, 0x10, 0x00, 0x19, 0x10, 0x1A, 0x10
	.byte 0x1B, 0x10, 0x1C, 0x10, 0x40, 0x1D, 0x60, 0x27, 0x1E, 0x10, 0x1F, 0x10, 0x20, 0x10, 0x00, 0x21
	.byte 0x10, 0x22, 0x10, 0x23, 0x10, 0x24, 0x10, 0x00, 0x25, 0x10, 0x26, 0x10, 0x27, 0x10, 0x28, 0x10
	.byte 0x00, 0x29, 0x10, 0x2A, 0x10, 0x2B, 0x10, 0x2C, 0x10, 0x46, 0x2D, 0x20, 0x27, 0x2E, 0x20, 0x2F
	.byte 0xF0, 0x01, 0xE0, 0x01, 0x30, 0x03, 0x20, 0x31, 0x20, 0x37, 0x20, 0x38, 0xF0, 0x03, 0xC0, 0x03
	.byte 0x47, 0x32, 0x00, 0x27, 0x39, 0x20, 0x3A, 0xF0, 0x03, 0xC0, 0x03, 0x10, 0x27, 0xFF, 0xF0, 0x3F
	.byte 0xF0, 0x03, 0xF0, 0x4F, 0xF0, 0x03, 0xF0, 0x4F, 0xF0, 0x03, 0xF0, 0x4F, 0xF0, 0x03, 0xFF, 0xF0
	.byte 0x4F, 0xF0, 0x3F, 0xF0, 0x4F, 0xF0, 0x4F, 0xF0, 0x03, 0xF0, 0x4F, 0xF0, 0x03, 0xF0, 0x4F, 0xFF
	.byte 0xF0, 0x03, 0xF0, 0x4F, 0xF0, 0x03, 0xF0, 0x4F, 0xF0, 0x3F, 0xF0, 0x03, 0xF0, 0x4F, 0xF0, 0x03
	.byte 0x8C, 0x30, 0x4F, 0x33, 0x20, 0x34, 0xF0, 0x01, 0xE0, 0x01, 0x35, 0x20, 0xFF, 0x7F, 0xF2, 0x19
	.byte 0x97, 0x7B, 0xD7, 0x7B, 0xFC, 0x7F, 0x4A, 0x2A, 0x30, 0x1B, 0xB8, 0x32, 0x9E, 0x53, 0xDF, 0x5B
	.byte 0xBE, 0x53, 0x4B, 0x67, 0x90, 0x63, 0xFF, 0x7F, 0x8A, 0x7D, 0x06, 0x4D, 0xFF, 0x7F, 0xFF, 0x6F
	.byte 0x9D, 0x5B, 0x7C, 0x47, 0x5C, 0x3F, 0x1B, 0x3B, 0xFA, 0x32, 0x00, 0x00, 0x00, 0x00, 0x9D, 0x63
	.byte 0x9A, 0x73, 0x13, 0x5F, 0x58, 0x5B, 0x00, 0x00, 0x8A, 0x7D, 0x06, 0x4D, 0x10, 0xA0, 0x08, 0x00
	.byte 0x32, 0x00, 0x00, 0xF0, 0x01, 0xD0, 0x01, 0xEE, 0xEE, 0x30, 0x01, 0xDD, 0x00, 0xDD, 0xDD, 0xDD
	.byte 0x33, 0x33, 0x33, 0x33, 0xCC, 0x06, 0xCC, 0xCC, 0xCC, 0xBB, 0xBB, 0x30, 0x01, 0xF0, 0x1F, 0x3D
	.byte 0x70, 0xD3, 0x40, 0x1F, 0x20, 0x23, 0xD0, 0x1F, 0x3D, 0xD3, 0xD3, 0x3D, 0x23, 0x3C, 0x3C, 0x10
	.byte 0x23, 0xC3, 0x3C, 0xCB, 0x00, 0x27, 0xD0, 0x1F, 0x01, 0xDD, 0xD3, 0x33, 0xDD, 0x33, 0x3D, 0x3C
	.byte 0x00, 0x1E, 0xAB, 0x10, 0x45, 0xCC, 0xF0, 0x5F, 0x3D, 0x30, 0x7F, 0xBC, 0xF0, 0x7F, 0x30, 0x1F
	.byte 0x00, 0x63, 0x55, 0x33, 0x6C, 0x66, 0x66, 0x65, 0x66, 0x01, 0x56, 0x55, 0x56, 0x56, 0x55, 0x55
	.byte 0x55, 0xD0, 0x1F, 0x81, 0x00, 0x17, 0x33, 0x56, 0xC5, 0xCC, 0xC5, 0x55, 0x00, 0x3B, 0x28, 0x65
	.byte 0x66, 0x50, 0x3F, 0x0E, 0x00, 0x03, 0xFE, 0x00, 0xDD, 0x00, 0xED, 0xFF, 0x00, 0x33, 0xD3, 0xFF
	.byte 0x00, 0xCC, 0x06, 0xDC, 0xFF, 0x00, 0xBB, 0xDB, 0x00, 0x03, 0x00, 0x07, 0x00, 0x00, 0xEE, 0xCD
	.byte 0xCC, 0x00, 0xEE, 0xDD, 0x55, 0x00, 0x20, 0xEE, 0x5D, 0x10, 0x03, 0x88, 0x00, 0xEE, 0x9D, 0x59
	.byte 0xC0, 0x00, 0x03, 0x10, 0x0B, 0x66, 0x00, 0xEE, 0x6D, 0x99, 0xCC, 0x00, 0xCC, 0x6B, 0x66, 0xC6
	.byte 0xCC, 0x66, 0xC5, 0x55, 0x03, 0x36, 0x55, 0x6C, 0x56, 0x55, 0x65, 0x00, 0x01, 0x00, 0x78, 0x00
	.byte 0x15, 0x61, 0x86, 0x69, 0x17, 0x55, 0x66, 0x99, 0x0E, 0x91, 0x65, 0x55, 0xB6, 0x11, 0x08, 0x01
	.byte 0x09, 0x00, 0x24, 0xCC, 0x20, 0x55, 0x66, 0x00, 0x03, 0x55, 0x36, 0x33, 0x88, 0xDD, 0x01, 0xD5
	.byte 0xDD, 0x88, 0x88, 0x88, 0x88, 0x86, 0x00, 0x03, 0xF8, 0x51, 0x47, 0x20, 0xED, 0x00, 0x01, 0x10
	.byte 0xDC, 0x00, 0xE2, 0x33, 0x88, 0x88, 0x71, 0xDD, 0x20, 0x23, 0x50, 0x1F, 0xA0, 0x23, 0x33, 0xC3
	.byte 0xCC, 0x11, 0x69, 0x0C, 0x88, 0x88, 0xD8, 0xDD, 0xF0, 0x1F, 0x50, 0x23, 0x33, 0x33, 0xF8, 0x10
	.byte 0xEF, 0xA0, 0x1F, 0x90, 0x43, 0x01, 0x5F, 0x11, 0xCC, 0xBB, 0xBB, 0xBC, 0xC7, 0x61, 0xCB, 0xF0
	.byte 0x43, 0x33, 0x33, 0xBC, 0x51, 0x68, 0xF0, 0x1F, 0x20, 0x1F, 0xDC, 0xB0, 0x1D, 0x90, 0x1E, 0x3C
	.byte 0x20, 0x82, 0xF0, 0x1C, 0x50, 0x1A, 0xD4, 0xDD, 0x2A, 0xDD, 0x8D, 0x20, 0xDF, 0x6B, 0x00, 0x03
	.byte 0x5B, 0xC0, 0x56, 0xD3, 0x80, 0x30, 0xFD, 0x88, 0x88, 0xB5, 0x56, 0x6B, 0x17, 0xBB, 0x00, 0xB5
	.byte 0x56, 0x15, 0xCC, 0xCC, 0x56, 0x1C, 0xCC, 0x1D, 0xCC, 0xC5, 0x73, 0x30, 0x1B, 0x00, 0x38, 0x40
	.byte 0x01, 0x56, 0x01, 0x61, 0x00, 0xC5, 0x5C, 0x65, 0xCC, 0xC7, 0xCC, 0x53, 0x33, 0x05, 0x31, 0x33
	.byte 0xD3, 0x88, 0x71, 0x00, 0x13, 0x11, 0x00, 0x03, 0x00, 0x17, 0x88, 0x98, 0x99, 0x18, 0x97, 0x99
	.byte 0x99, 0x80, 0x11, 0xCB, 0x33, 0xDD, 0xFF, 0x00, 0x8D, 0xD8, 0xFF, 0x21, 0x00, 0x88, 0x10, 0x03
	.byte 0xD9, 0xFF, 0x00, 0x99, 0x80, 0x03, 0xA0, 0x01, 0xCB, 0x99, 0x80, 0x03, 0x79, 0x00, 0xEE, 0xDE
	.byte 0xDD, 0x03, 0x00, 0xEE, 0xFF, 0xFF, 0x00, 0xF0, 0x00, 0x03, 0x02, 0x1B, 0x00, 0x79, 0x91, 0x69
	.byte 0x99, 0x19, 0x97, 0x59, 0x99, 0x06, 0x17, 0x99, 0x99, 0x99, 0x11, 0x00, 0x03, 0x11, 0x53, 0xFF
	.byte 0x61, 0xFF, 0x30, 0x01, 0x10, 0x1F, 0x95, 0x99, 0x89, 0x88, 0x00, 0x16, 0xFF, 0x60, 0x01, 0xD0
	.byte 0x1F, 0x10, 0xA3, 0x00, 0x16, 0x60, 0x23, 0xF0, 0x1F, 0x30, 0x01, 0xF0, 0x1F, 0xEF, 0xC0, 0x1F
	.byte 0x40, 0x23, 0xD0, 0x1F, 0xD8, 0x00, 0x0F, 0x90, 0x43, 0xD0, 0x1F, 0x10, 0x0F, 0xFB, 0xF0, 0x1F
	.byte 0xA0, 0x1F, 0x61, 0x4C, 0xF0, 0x1F, 0x00, 0x7F, 0x98, 0x90, 0xDD, 0xF0, 0x1F, 0x03, 0x19, 0x91
	.byte 0x99, 0x99, 0x79, 0x71, 0x11, 0x1C, 0x01, 0x6C, 0x38, 0x11, 0x71, 0xE0, 0x1F, 0x91, 0x6B, 0x10
	.byte 0x03, 0xDD, 0xFD, 0xFF, 0x0A, 0x00, 0xFF, 0xFF, 0xEF, 0x00, 0x03, 0x0E, 0xB4, 0x64, 0xE0, 0x20
	.byte 0xEE, 0xEE, 0x13, 0xA8, 0x00, 0xEE, 0x1E, 0x11, 0x00, 0x2A, 0xEE, 0x22, 0x10, 0x03, 0x22, 0x00
	.byte 0x03, 0x43, 0xD4, 0x83, 0x11, 0x40, 0x11, 0x30, 0x01, 0x22, 0x22, 0x22, 0x22, 0x44, 0x44, 0x30
	.byte 0x44, 0x44, 0x70, 0x1F, 0x33, 0xC3, 0x11, 0xE1, 0xFF, 0x00, 0x00, 0x11, 0x52, 0xFF, 0x00, 0x22
	.byte 0x65, 0xFF, 0x00, 0x3F, 0x54, 0x66, 0x11, 0xDF, 0x00, 0x43, 0xF0, 0x03, 0x60, 0x03, 0x10, 0x23
	.byte 0xF0, 0x03, 0x80, 0x70, 0x03, 0x00, 0xEE, 0xA1, 0xBC, 0x01, 0xEE, 0xA1, 0x9E, 0x04, 0x03, 0x11
	.byte 0xAA, 0x30, 0x9B, 0x72, 0x1B, 0x10, 0x01, 0x52, 0xD7, 0xAA, 0x1C, 0xAA, 0xAA, 0xAA, 0x10, 0x97
	.byte 0x90, 0xFB, 0x10, 0x01, 0xCB, 0x1A, 0xCB, 0x04, 0x4F, 0x00, 0x03, 0xAA, 0x11, 0x00, 0x97, 0xF1
	.byte 0xF0, 0xFB, 0xB0, 0xFB, 0x93, 0x12, 0x7B, 0x3D, 0x33, 0x34, 0x73, 0xBD, 0xBB, 0x00, 0x07, 0x00
	.byte 0x03, 0x80, 0xE0, 0xB3, 0x53, 0x00, 0xEE, 0x24, 0x45, 0x00, 0xEE, 0x58, 0x42, 0x10, 0x07, 0x55
	.byte 0x11, 0x03, 0x30, 0x01, 0x54, 0x54, 0x44, 0x00, 0x45, 0x45, 0x55, 0x54, 0x54, 0x55, 0x55, 0x45
	.byte 0xE0, 0x04, 0xF7, 0x50, 0x01, 0x10, 0x19, 0x45, 0x45, 0x45, 0x45, 0x54, 0x7B, 0x54, 0x10, 0x19
	.byte 0xA0, 0x1A, 0x60, 0x1F, 0x90, 0x01, 0x54, 0x00, 0x02, 0x60, 0x2F, 0xD5, 0x00, 0x2D, 0x91, 0x0B
	.byte 0x55, 0xF0, 0x03, 0x00, 0x10, 0x33, 0x34, 0x00, 0x03, 0x50, 0x24, 0x00, 0x04, 0x54, 0x00, 0x04
	.byte 0x54, 0x54, 0x24, 0x43, 0xAB, 0x00, 0x04, 0x43, 0x00, 0x12, 0x32, 0x00, 0x03, 0x35, 0xD0, 0x5F
	.byte 0x50, 0x01, 0x8D, 0x00, 0x2E, 0x34, 0x44, 0x34, 0x10, 0x39, 0x60, 0x0E, 0x24, 0x00, 0x02, 0x10
	.byte 0x54, 0x44, 0x23, 0x00, 0xC7, 0x53, 0x54, 0x44, 0x34, 0x5F, 0x42, 0x00, 0x11, 0x45, 0x01, 0xDF
	.byte 0x01, 0x7F, 0xF0, 0x03, 0x70, 0x03, 0x11, 0x5F, 0xFD, 0xF0, 0x03, 0x70, 0x03, 0x00, 0x23, 0x01
	.byte 0x4B, 0xF0, 0x03, 0x40, 0x03, 0xBC, 0x11, 0x9B, 0xD4, 0xD0, 0x03, 0xB0, 0x3F, 0x32, 0x05, 0xEB
	.byte 0x53, 0xD0, 0x03, 0x95, 0x00, 0x25, 0xEE, 0x91, 0x04, 0x2F, 0x11, 0xC9, 0x41, 0x46, 0x95, 0x00
	.byte 0x02, 0x05, 0x99, 0x55, 0x55, 0x99, 0x99, 0x00, 0x02, 0xC9, 0x04, 0x75, 0x61, 0xCC, 0x00, 0x02
	.byte 0x20, 0x01, 0x95, 0x99, 0x99, 0x59, 0x53, 0x3B, 0x0F, 0xC9, 0xCC, 0xCC, 0x9C, 0x95, 0x3F, 0x10
	.byte 0x01, 0xD1, 0x8F, 0x10, 0x01, 0x6D, 0x59, 0x10, 0x4C, 0x00, 0x2F, 0x9C, 0x00, 0x32, 0x11, 0x63
	.byte 0x59, 0x00, 0x03, 0x21, 0x99, 0x61, 0x00, 0x03, 0x19, 0xFF, 0x00, 0x9C, 0x00, 0x03, 0xFA, 0x90
	.byte 0xAB, 0x11, 0x7A, 0x31, 0xB6, 0xF0, 0x01, 0x51, 0x58, 0x34, 0x00, 0x01, 0x24, 0x9F, 0x00, 0x02
	.byte 0x54, 0x24, 0x01, 0x5F, 0x01, 0x5E, 0xF0, 0x25, 0xF0, 0x01, 0x50, 0x01, 0xC0, 0xD0, 0xAF, 0x20
	.byte 0x01, 0xBC, 0xBC, 0xBC, 0xCB, 0xCB, 0xCB, 0x7F, 0xCB, 0x16, 0x1B, 0xD0, 0x1A, 0x30, 0x17, 0x76
	.byte 0x35, 0xF0, 0x3C, 0xF0, 0x27, 0xF0, 0x01, 0x80, 0x70, 0x01, 0x00, 0x00, 0x10, 0xD0, 0x02, 0x00
	.byte 0x01, 0x00, 0x00, 0x00, 0x00, 0x2C, 0x10, 0x01, 0x60, 0x01, 0x01, 0x02, 0x10, 0x03, 0x10, 0x04
	.byte 0x10, 0x05, 0x40, 0x0D, 0x03, 0x06, 0x10, 0x07, 0x10, 0x08, 0x10, 0x10, 0x23, 0x10, 0x01, 0x00
	.byte 0x09, 0x10, 0x0A, 0x10, 0x0B, 0x10, 0x0C, 0x10, 0x00, 0x0D, 0x10, 0x0E, 0x10, 0x0F, 0x10, 0x10
	.byte 0x10, 0x10, 0x11, 0x10, 0x12, 0x00, 0x09, 0x13, 0x10, 0x14, 0x10, 0x04, 0x15, 0x10, 0x16, 0x10
	.byte 0x17, 0x60, 0x27, 0x18, 0x10, 0x00, 0x19, 0x10, 0x1A, 0x10, 0x1B, 0x10, 0x1C, 0x10, 0x04, 0x1D
	.byte 0x10, 0x1E, 0x10, 0x1F, 0x00, 0x01, 0x20, 0x10, 0x00, 0x1D, 0x14, 0x1C, 0x10, 0x1B, 0x14, 0x21
	.byte 0x10, 0x11, 0x22, 0x10, 0x23, 0x20, 0x27, 0x24, 0x20, 0x25, 0xF0, 0x01, 0x83, 0xE0, 0x01, 0x26
	.byte 0x20, 0x27, 0x20, 0x40, 0xF0, 0x01, 0xE0, 0x01, 0x41, 0x28, 0x00, 0x27, 0x33, 0x20, 0x34, 0x20
	.byte 0x32, 0xF0, 0x05, 0xC1, 0xA0, 0x05, 0x10, 0x27, 0x3F, 0x20, 0x3E, 0x24, 0x3E, 0xF0, 0x05, 0xFF
	.byte 0xA0, 0x05, 0x10, 0x27, 0xF0, 0x41, 0xF0, 0x05, 0x10, 0x27, 0xF0, 0x41, 0xF0, 0x05, 0xF0, 0x9F
	.byte 0xFF, 0xF0, 0x05, 0xF0, 0x9F, 0xF0, 0x05, 0x90, 0x9F, 0xF0, 0x3F, 0xF0, 0x05, 0x20, 0x9F, 0xF0
	.byte 0x3F, 0x80, 0xE0, 0x05, 0x28, 0x20, 0x2D, 0x20, 0x2E, 0x20, 0x2F, 0x0C, 0x20, 0x2E, 0x24, 0x30
	.byte 0xF0, 0x07, 0x80, 0x07, 0x31, 0x20, 0x00, 0x39, 0x20, 0x3A, 0x20, 0x3B, 0x20, 0x3A, 0x24, 0x60
	.byte 0x3C, 0xF0, 0x07, 0x80, 0x07, 0x3D, 0x20, 0x37, 0x20, 0x41, 0x03, 0x20, 0x42, 0x20, 0x41, 0x24
	.byte 0x43, 0xF0, 0x07, 0x80, 0x07, 0x06, 0x38, 0x20, 0x35, 0x20, 0x44, 0xF0, 0x01, 0xE0, 0x01, 0x36
	.byte 0x0C, 0x20, 0x29, 0x20, 0x2A, 0xF0, 0x01, 0xE0, 0x01, 0x2B, 0x20, 0x00, 0xFF, 0x7F, 0x30, 0x7B
	.byte 0x8D, 0x66, 0xE8, 0x5D, 0x62, 0x4D, 0x60, 0x30, 0xB7, 0x7B, 0x00, 0x00, 0x0E, 0x2D, 0x00, 0x00
	.byte 0x6C, 0x10, 0x00, 0x00, 0x9C, 0x73, 0xFF, 0x7F, 0xD2, 0x16, 0x2D, 0x02, 0xFF, 0x7F, 0x54, 0x7F
	.byte 0xAF, 0x76, 0x4C, 0x6E, 0xC8, 0x5D, 0x44, 0x4D, 0xC0, 0x3C, 0x40, 0x2C, 0xE2, 0x40, 0xF5, 0x41
	.byte 0x91, 0x3D, 0x0F, 0x77, 0xBD, 0x77, 0xFF, 0x7F, 0xD2, 0x16, 0x2D, 0x02, 0x10, 0xC0, 0x07, 0x00
	.byte 0x32, 0x00, 0x00, 0xF0, 0x01, 0xD0, 0x01, 0xEE, 0xEE, 0x30, 0x01, 0xDD, 0x04, 0xDD, 0xDD, 0xDD
	.byte 0x44, 0x44, 0x80, 0x01, 0x23, 0xA4, 0x61, 0x44, 0xF0, 0x1F, 0x40, 0x01, 0x4A, 0x44, 0x44, 0xA4
	.byte 0x00, 0x03, 0xE2, 0xF0, 0x1F, 0xB0, 0x01, 0xE0, 0x1F, 0x34, 0x33, 0x33, 0x60, 0x03, 0x44, 0x21
	.byte 0x33, 0x33, 0xD0, 0x1F, 0x33, 0x33, 0x23, 0x22, 0x30, 0x03, 0x02, 0x33, 0x22, 0x33, 0x23, 0x33
	.byte 0x23, 0xD0, 0x1F, 0x22, 0x01, 0x22, 0x22, 0x11, 0x22, 0x21, 0x22, 0x12, 0x00, 0x07, 0xC1, 0x20
	.byte 0x01, 0xD0, 0x1F, 0x11, 0x11, 0x61, 0x11, 0x11, 0x00, 0x01, 0x6E, 0x12, 0x00, 0x08, 0x00, 0x2A
	.byte 0x11, 0xF0, 0x1F, 0x00, 0x01, 0x30, 0x22, 0x21, 0x30, 0x11, 0x11, 0xF0, 0x3F, 0x00, 0x12, 0x22
	.byte 0x21, 0x12, 0x21, 0x31, 0x22, 0x22, 0x10, 0x03, 0xF0, 0x5F, 0xDD, 0x22, 0x32, 0x00, 0x98, 0xC4
	.byte 0x10, 0x03, 0x00, 0xA0, 0x32, 0x33, 0x21, 0xF0, 0xBF, 0x33, 0x43, 0xDE, 0x00, 0xD5, 0x00, 0x03
	.byte 0x32, 0x10, 0x07, 0xF0, 0xFF, 0x81, 0x1A, 0x00, 0x1D, 0x44, 0xDA, 0xE0, 0x3F, 0x70, 0x1E, 0x32
	.byte 0x20, 0x22, 0x30, 0x1F, 0x0E, 0x00, 0x03, 0xFE, 0x01, 0x00, 0xDD, 0xED, 0xFF, 0x00, 0x44, 0xD4
	.byte 0xB0, 0x03, 0x00, 0x00, 0xEE, 0x4D, 0x44, 0x00, 0xEE, 0x5D, 0x55, 0xC8, 0xF0, 0x03, 0x30, 0x03
	.byte 0x44, 0x33, 0x11, 0xA5, 0xAA, 0x44, 0x45, 0x80, 0x01, 0xAD, 0x55, 0x55, 0x44, 0xAA, 0x55, 0x55
	.byte 0x55, 0x74, 0xA5, 0x40, 0x03, 0x20, 0x01, 0x51, 0xC7, 0xAA, 0x00, 0x08, 0xAA, 0xAA, 0x19, 0xAA
	.byte 0x44, 0xAA, 0x00, 0x0B, 0x00, 0x02, 0x44, 0x5A, 0x10, 0x03, 0x11, 0x45, 0x44, 0x55, 0x50, 0xA9
	.byte 0x34, 0x22, 0x43, 0x20, 0x03, 0xC2, 0x20, 0xB5, 0x30, 0x01, 0x43, 0x55, 0x44, 0xA4, 0x10, 0x1C
	.byte 0x23, 0xED, 0x00, 0x1D, 0x00, 0x03, 0x20, 0x19, 0x34, 0x42, 0x1A, 0x20, 0x03, 0xAA, 0x00, 0x03
	.byte 0x7C, 0x31, 0x21, 0x27, 0x00, 0x04, 0x80, 0x01, 0x01, 0xFA, 0x41, 0xFF, 0x44, 0x33, 0xF7, 0x11
	.byte 0x63, 0x10, 0x04, 0x01, 0x51, 0x11, 0x52, 0x23, 0x10, 0x1F, 0x20, 0x04, 0x40, 0x01, 0xF7, 0x10
	.byte 0x1F, 0x11, 0x93, 0x10, 0x03, 0x20, 0x2B, 0x23, 0x20, 0x27, 0xA0, 0x1F, 0x01, 0xAC, 0xF7, 0x52
	.byte 0x0E, 0x00, 0x01, 0x70, 0x6D, 0x00, 0x28, 0x32, 0x50, 0x36, 0x10, 0x35, 0x70, 0x19, 0xEF, 0x90
	.byte 0x91, 0xA0, 0x4E, 0x50, 0x01, 0x43, 0x21, 0xC3, 0x10, 0xA0, 0x12, 0xA5, 0x40, 0xF6, 0xF7, 0x00
	.byte 0x06, 0xF0, 0x01, 0xA0, 0x01, 0x71, 0x28, 0x4A, 0x00, 0x0B, 0x11, 0x03, 0x51, 0x0C, 0x33, 0xAA
	.byte 0x4A, 0x01, 0x2B, 0x00, 0x03, 0x4A, 0x4A, 0x01, 0x63, 0x10, 0x0C, 0x91, 0x11, 0x6C, 0xA4, 0xAA
	.byte 0x31, 0x5F, 0x44, 0x44, 0x54, 0x00, 0x03, 0x61, 0x55, 0x00, 0x26, 0x00, 0x03, 0x54, 0x55, 0x4A
	.byte 0x54, 0x01, 0x97, 0x83, 0x41, 0x9F, 0x54, 0xD5, 0xFF, 0x00, 0x55, 0xF0, 0x03, 0x60, 0x03, 0x80
	.byte 0xF1, 0xF3, 0xDE, 0xDD, 0x00, 0xEE, 0xFF, 0xFF, 0x00, 0x7C, 0xF0, 0x00, 0x03, 0x02, 0x3B, 0x51
	.byte 0xE7, 0x50, 0x01, 0x12, 0x63, 0xFF, 0xFF, 0xCE, 0x30, 0x01, 0x30, 0x1F, 0xA4, 0xA4, 0x02, 0x0E
	.byte 0x52, 0x17, 0xE0, 0x1F, 0x4A, 0x2D, 0x34, 0x42, 0x00, 0xD3, 0x43, 0x20, 0xC6, 0x00, 0x95, 0x44
	.byte 0xD0, 0x1F, 0xFF, 0x72, 0xC9, 0x30, 0xC8, 0xD0, 0x1F, 0x21, 0xEB, 0x82, 0x35, 0xD0, 0x1F, 0x51
	.byte 0x70, 0xF0, 0x1F, 0xF7, 0x30, 0x1F, 0x51, 0x9D, 0xF0, 0x1F, 0x60, 0x3F, 0x43, 0x72, 0x92, 0xF0
	.byte 0x1F, 0x32, 0x91, 0xE2, 0x20, 0x05, 0x20, 0x09, 0xF0, 0xBF, 0xA4, 0xA4, 0x43, 0x02, 0xA9, 0x43
	.byte 0x8F, 0x01, 0x8C, 0x44, 0x55, 0x5A, 0xF0, 0xFF, 0x00, 0xF6, 0x00, 0x18, 0x00, 0x19, 0xDE, 0xF1
	.byte 0x3F, 0x10, 0x1F, 0x45, 0x73, 0x4A, 0xF0, 0x1F, 0x11, 0x5F, 0xC1, 0xAF, 0xDD, 0x02, 0xFD, 0xFF
	.byte 0x00, 0xFF, 0xFF, 0xEF, 0x00, 0x03, 0x0E, 0x88, 0xB5, 0x84, 0xE0, 0xEE, 0xEE, 0x14, 0x08, 0x00
	.byte 0xEE, 0x1E, 0x0A, 0x11, 0x00, 0xEE, 0x22, 0x10, 0x03, 0x22, 0x00, 0x03, 0x43, 0xFC, 0xD5, 0xA3
	.byte 0x24, 0xB9, 0x00, 0x01, 0x12, 0xD4, 0x55, 0x5F, 0x94, 0x23, 0x11, 0xE1, 0x00, 0xFF, 0x00, 0x11
	.byte 0x52, 0xFF, 0x00, 0x22, 0x65, 0x0F, 0xFF, 0x00, 0x54, 0x66, 0x12, 0x1F, 0x00, 0x43, 0xF0, 0x03
	.byte 0x60, 0x03, 0xF0, 0x10, 0x23, 0xF0, 0x03, 0x70, 0x03, 0x30, 0x27, 0x32, 0x66, 0x00, 0xEE, 0x07
	.byte 0x63, 0x77, 0x00, 0xEE, 0x7E, 0x00, 0x03, 0x72, 0x5B, 0x51, 0xFF, 0x03, 0x66, 0x66, 0x66, 0x66
	.byte 0x77, 0x77, 0x30, 0x01, 0x90, 0xFB, 0xD5, 0x10, 0x01, 0x10, 0x43, 0x66, 0x00, 0x03, 0x77, 0x10
	.byte 0x03, 0xF7, 0xF0, 0xFB, 0xF8, 0xB0, 0xFB, 0x12, 0xBB, 0x14, 0xCF, 0x70, 0x03, 0x81, 0x5A, 0x85
	.byte 0x55, 0x85, 0x3E, 0x88, 0x88, 0xD0, 0x01, 0xF3, 0x83, 0xB0, 0x01, 0xD2, 0xFF, 0x10, 0x01, 0x95
	.byte 0x00, 0x95, 0x95, 0x55, 0x59, 0x59, 0x59, 0x59, 0x95, 0x2F, 0x9A, 0x9A, 0x43, 0x7F, 0x54, 0x63
	.byte 0x6F, 0xD0, 0x01, 0x70, 0x49, 0x03, 0x04, 0xE8, 0x34, 0x0D, 0x13, 0xE4, 0xB4, 0x0A, 0x24, 0x01
	.byte 0x8A, 0x22, 0x22, 0x42, 0xE0, 0x60, 0x03, 0x10, 0x0F, 0x40, 0x01, 0xB4, 0xBB, 0x4B, 0x44, 0xBB
	.byte 0x39, 0xBB, 0xBB, 0xA0, 0x03, 0x10, 0x13, 0x50, 0x1F, 0xA5, 0xAA, 0x03, 0x7A, 0x18, 0xAA, 0x5A
	.byte 0x55, 0xF0, 0xD9, 0x30, 0x01, 0x00, 0x00, 0x00, 0x10, 0xD0, 0x02, 0x00, 0x00, 0x00, 0x00, 0x00
	.byte 0x00, 0x35, 0x10, 0x01, 0x10, 0x00, 0x02, 0x10, 0x03, 0x10, 0x04, 0x10, 0x05, 0x10, 0x00, 0x06
	.byte 0x10, 0x07, 0x10, 0x08, 0x10, 0x09, 0x10, 0x04, 0x0A, 0x10, 0x0B, 0x10, 0x0C, 0x00, 0x13, 0x0D
	.byte 0x10, 0x30, 0x0E, 0x10, 0x10, 0x23, 0x10, 0x01, 0x0F, 0x10, 0x10, 0x10, 0x00, 0x11, 0x10, 0x12
	.byte 0x10, 0x13, 0x10, 0x14, 0x10, 0x00, 0x15, 0x10, 0x16, 0x10, 0x17, 0x10, 0x18, 0x10, 0x00, 0x19
	.byte 0x10, 0x1A, 0x10, 0x1B, 0x10, 0x1C, 0x10, 0x11, 0x1D, 0x10, 0x1E, 0x60, 0x27, 0x1F, 0x10, 0x20
	.byte 0x00, 0x01, 0x00, 0x21, 0x10, 0x22, 0x10, 0x23, 0x10, 0x24, 0x10, 0x00, 0x25, 0x10, 0x26, 0x10
	.byte 0x27, 0x10, 0x28, 0x10, 0x05, 0x29, 0x10, 0x2A, 0x10, 0x2B, 0x00, 0x17, 0x2C, 0x20, 0x27, 0x18
	.byte 0x2D, 0x20, 0x2E, 0xF0, 0x01, 0xE0, 0x01, 0x2F, 0x20, 0x30, 0x0E, 0x20, 0x3C, 0x20, 0x37, 0x20
	.byte 0x01, 0xF0, 0x07, 0x70, 0x07, 0x31, 0xF9, 0x00, 0x27, 0x30, 0x0D, 0xF0, 0x01, 0x90, 0x01, 0x30
	.byte 0x27, 0x3C, 0x24, 0x40, 0x39, 0x9F, 0x70, 0x07, 0x2C, 0x37, 0x00, 0x0B, 0x70, 0x0F, 0xF0, 0x4F
	.byte 0xF0, 0x01, 0x60, 0x4F, 0x3F, 0x24, 0x3B, 0x10, 0x3F, 0x00, 0x41, 0xA0, 0x07, 0xA0, 0x17, 0x30
	.byte 0x27, 0x00, 0x01, 0xF7, 0x20, 0x0F, 0xF0, 0x07, 0x50, 0x07, 0x10, 0x27, 0x3B, 0x10, 0x29, 0x00
	.byte 0x0F, 0xF0, 0x07, 0xF7, 0x70, 0x07, 0xF0, 0x4F, 0xF0, 0x07, 0x50, 0x4F, 0x3A, 0x40, 0x37, 0xF0
	.byte 0x07, 0x70, 0x07, 0xE7, 0xF0, 0x4F, 0xF0, 0x07, 0x50, 0x4F, 0x37, 0x24, 0x00, 0x31, 0x20, 0x0F
	.byte 0xF0, 0x07, 0xC0, 0x50, 0x07, 0x10, 0x27, 0x39, 0x20, 0x38, 0x20, 0x39, 0x24, 0xE0, 0xF0, 0x05
	.byte 0x90, 0x05, 0x10, 0x27, 0x36, 0x20, 0x3D, 0x20, 0x36, 0x60, 0x24, 0xF0, 0x05, 0x90, 0x05, 0x31
	.byte 0x20, 0x32, 0x20, 0x33, 0xC0, 0xF0, 0x01, 0xE0, 0x01, 0x34, 0x20, 0x00, 0xFF, 0x7F, 0xFC, 0x7F
	.byte 0xB8, 0x7B, 0x91, 0x73, 0x00, 0x00, 0x2E, 0x67, 0x00, 0x00, 0x6F, 0x33, 0x28, 0x02, 0xCE, 0x02
	.byte 0x52, 0x0F, 0x96, 0x4F, 0x9C, 0x73, 0xFF, 0x7F, 0x56, 0x36, 0xB1, 0x21, 0xFF, 0x7F, 0xFC, 0x4F
	.byte 0xF8, 0x3F, 0x94, 0x2F, 0x10, 0x1F, 0x8C, 0x0E, 0x08, 0x02, 0x84, 0x01, 0xFD, 0x7F, 0x91, 0x73
	.byte 0xB3, 0x7B, 0xF7, 0x7F, 0xBD, 0x77, 0xFF, 0x7F, 0x56, 0x36, 0xB1, 0x21, 0x10, 0xC0, 0x07, 0x00
	.byte 0x32, 0x00, 0x00, 0xF0, 0x01, 0xD0, 0x01, 0xEE, 0xEE, 0x30, 0x01, 0xDD, 0x04, 0xDD, 0xDD, 0xDD
	.byte 0xBB, 0xBB, 0x30, 0x01, 0x9B, 0x88, 0x03, 0x88, 0xBB, 0x88, 0xB8, 0xBB, 0xB8, 0xF0, 0x1F, 0xB0
	.byte 0x01, 0xC2, 0xF0, 0x1F, 0x70, 0x01, 0x7B, 0x7B, 0x7B, 0x7B, 0xF0, 0x1F, 0xB7, 0x51, 0x77, 0x10
	.byte 0x1B, 0xB7, 0x10, 0x1C, 0x77, 0x77, 0x77, 0xD0, 0x1F, 0x00, 0x7B, 0x32, 0x33, 0x33, 0xB7, 0xB7
	.byte 0x27, 0x33, 0x82, 0x00, 0x1D, 0x2B, 0x77, 0x77, 0x7A, 0x2B, 0xD0, 0x1F, 0x23, 0x00, 0x72, 0x77
	.byte 0x77, 0x33, 0x33, 0x23, 0x22, 0x33, 0x68, 0x33, 0x30, 0x01, 0xD0, 0x1F, 0xB7, 0x00, 0x5B, 0x77
	.byte 0x77, 0x87, 0x00, 0x88, 0x23, 0x82, 0x78, 0xB7, 0x33, 0x38, 0x33, 0x81, 0xE0, 0x5F, 0xBB, 0xBB
	.byte 0x8B, 0x88, 0x98, 0xB9, 0x00, 0x04, 0x01, 0x88, 0x99, 0xB7, 0x9B, 0x88, 0x98, 0x99, 0x30, 0x1F
	.byte 0x40, 0x0E, 0x00, 0x03, 0xFE, 0x00, 0xDD, 0xED, 0xFF, 0x00, 0x05, 0xB8, 0xDB, 0xFF, 0x00, 0x88
	.byte 0x10, 0x03, 0xDA, 0x00, 0x03, 0x20, 0xD8, 0xFF, 0x00, 0x1C, 0x7D, 0x88, 0x00, 0xEE, 0x8D, 0xA8
	.byte 0x10, 0x03, 0xA8, 0x00, 0x03, 0x9A, 0x40, 0x03, 0x89, 0x00, 0xEE, 0x40, 0x9D, 0x00, 0x13, 0x9D
	.byte 0x88, 0x78, 0x7B, 0x7B, 0xBB, 0x00, 0x77, 0x99, 0x99, 0xB7, 0x99, 0x77, 0x88, 0x88, 0x00, 0xA9
	.byte 0x88, 0xA8, 0x9A, 0x88, 0xA8, 0x99, 0xA9, 0x00, 0x88, 0x99, 0x88, 0x88, 0x98, 0x88, 0x98, 0x39
	.byte 0x08, 0x89, 0x88, 0x3A, 0x93, 0x51, 0x08, 0xB8, 0xB7, 0xB7, 0x80, 0x00, 0xED, 0xA7, 0xAA, 0xAA
	.byte 0xAA, 0xAA, 0x2A, 0x22, 0x09, 0x22, 0x22, 0x32, 0x38, 0x20, 0xBD, 0x3B, 0x33, 0x51, 0x27, 0xBA
	.byte 0x00, 0x1C, 0x77, 0x10, 0x1C, 0x00, 0x1B, 0x50, 0xDB, 0x39, 0x00, 0x03, 0xA3, 0xC8, 0xF0, 0x1F
	.byte 0x00, 0x1F, 0x32, 0x32, 0x01, 0x25, 0x28, 0x23, 0x33, 0x38, 0x89, 0x33, 0x10, 0x3F, 0x51, 0x4A
	.byte 0x30, 0x1F, 0x23, 0x23, 0x23, 0xA0, 0x00, 0x1E, 0x32, 0x00, 0x06, 0x23, 0x33, 0x33, 0x3A, 0x32
	.byte 0x0F, 0xB7, 0xB7, 0xB7, 0xB7, 0x10, 0x1C, 0x10, 0x1B, 0x20, 0x3C, 0x10, 0x7C, 0xF6, 0x40, 0x1F
	.byte 0x10, 0x07, 0x10, 0x1F, 0x80, 0x5B, 0x32, 0x70, 0x3F, 0x20, 0x81, 0x39, 0xEC, 0x20, 0x1C, 0x20
	.byte 0xB6, 0x60, 0x57, 0x33, 0x00, 0x7C, 0x30, 0x01, 0x93, 0x33, 0x7A, 0x33, 0x50, 0x3B, 0x40, 0x4F
	.byte 0x50, 0x19, 0x30, 0x01, 0xB3, 0x00, 0x1F, 0xAA, 0x2C, 0xA7, 0x7A, 0x00, 0x94, 0x32, 0x10, 0x4E
	.byte 0xC0, 0x01, 0x93, 0x3B, 0x05, 0xA3, 0x33, 0x89, 0x7A, 0x7A, 0x00, 0x73, 0x22, 0xB0, 0x37, 0x5B
	.byte 0x3A, 0x50, 0x08, 0x3B, 0xF0, 0x34, 0x40, 0x01, 0xA3, 0x20, 0x26, 0x00, 0x5F, 0x87, 0x00, 0x01
	.byte 0x23, 0x33, 0x93, 0x39, 0x00, 0x89, 0x00, 0x02, 0x00, 0xB1, 0x00, 0x93, 0x89, 0x88, 0x99, 0xA9
	.byte 0x33, 0x89, 0x88, 0xC0, 0x00, 0x0B, 0x01, 0x1D, 0xAA, 0xAA, 0x99, 0x8A, 0x88, 0x99, 0x00, 0x73
	.byte 0xB7, 0x88, 0x97, 0x33, 0xAA, 0x88, 0x78, 0x04, 0x99, 0x99, 0x8A, 0xA8, 0x33, 0x00, 0x20, 0xA8
	.byte 0x77, 0x00, 0x89, 0x88, 0x88, 0x78, 0x9A, 0x88, 0x89, 0x88, 0xEB, 0x00, 0x03, 0x01, 0xE3, 0x90
	.byte 0x03, 0x9A, 0x80, 0x03, 0x98, 0x21, 0xFF, 0x21, 0xFB, 0x40, 0x98, 0x70, 0x03, 0xDE, 0xDD, 0x00
	.byte 0xEE, 0xFF, 0xFF, 0x30, 0x00, 0xF0, 0x00, 0x03, 0x02, 0x3B, 0x89, 0x98, 0x99, 0x33, 0x00, 0x88
	.byte 0x98, 0x3A, 0x99, 0x88, 0xA9, 0x99, 0xA3, 0x09, 0x88, 0xA9, 0xA9, 0xA9, 0x12, 0x63, 0xFF, 0xFF
	.byte 0x30, 0x01, 0x80, 0x10, 0x1F, 0x39, 0x33, 0xB8, 0xB3, 0x3A, 0xB3, 0x89, 0x01, 0xAB, 0x39, 0x99
	.byte 0x9A, 0x9A, 0x99, 0x9A, 0xF0, 0x1F, 0x20, 0x33, 0x83, 0x10, 0xBB, 0x98, 0x83, 0x9A, 0x93, 0x88
	.byte 0x04, 0x89, 0xA9, 0x99, 0x98, 0x98, 0xD0, 0x1F, 0x93, 0x38, 0x00, 0x93, 0x3B, 0x89, 0x39, 0x38
	.byte 0x3A, 0x98, 0x98, 0x03, 0xA3, 0xA9, 0x99, 0x89, 0x99, 0x9A, 0xE0, 0x3F, 0x01, 0xA4, 0x00, 0x3A
	.byte 0xA3, 0x89, 0x33, 0x99, 0x93, 0xA9, 0x39, 0x18, 0x9A, 0x9A, 0x9A, 0xF0, 0x1F, 0x01, 0x26, 0x3A
	.byte 0x33, 0xA9, 0x30, 0x33, 0x39, 0x00, 0x9F, 0xF0, 0x1F, 0x00, 0x00, 0x3B, 0x93, 0x04, 0x33, 0x38
	.byte 0xBA, 0x83, 0x39, 0x00, 0xBA, 0x88, 0x89, 0x0C, 0xAA, 0x89, 0x89, 0x99, 0xE0, 0x3F, 0x01, 0x45
	.byte 0x83, 0x38, 0x15, 0x3A, 0x3A, 0x98, 0x20, 0x21, 0x98, 0xF0, 0x5F, 0xAB, 0x01, 0x69, 0x03, 0xA8
	.byte 0x33, 0xA3, 0x83, 0xA9, 0x3B, 0x10, 0x5E, 0xE0, 0x3F, 0x00, 0x39, 0x33, 0x38, 0x98, 0x38, 0x33
	.byte 0x8A, 0x88, 0x0A, 0x38, 0x39, 0x89, 0x89, 0x00, 0x1F, 0x89, 0xE0, 0x3F, 0x39, 0x00, 0x33, 0x3B
	.byte 0x93, 0xBA, 0xB3, 0x38, 0xA9, 0x99, 0x60, 0xAB, 0x10, 0x1F, 0xF0, 0x5F, 0xAB, 0x33, 0x3A, 0x3A
	.byte 0x8A, 0x03, 0x3B, 0x99, 0xA9, 0xAA, 0xA9, 0xA9, 0xF0, 0x1F, 0x00, 0xBF, 0x00, 0x39, 0x33, 0xA7
	.byte 0x9A, 0x3A, 0x93, 0xAA, 0x99, 0x25, 0xA9, 0xA9, 0x01, 0x61, 0x9A, 0xAA, 0xD0, 0x1F, 0x8A, 0x01
	.byte 0xE3, 0x5F, 0x9A, 0x03, 0x90, 0x9A, 0x03, 0x91, 0x10, 0x03, 0xD0, 0x1F, 0x11, 0xE3, 0x90, 0x03
	.byte 0x01, 0xDD, 0xFD, 0xFF, 0x00, 0xFF, 0xFF, 0xEF, 0x00, 0x03, 0x44, 0x0E, 0xB5, 0x24, 0xE0, 0xEE
	.byte 0xEE, 0x14, 0x48, 0x00, 0xEE, 0x05, 0x1E, 0x11, 0x00, 0xEE, 0x22, 0x10, 0x03, 0x22, 0x00, 0x03
	.byte 0x4C, 0x43, 0xD5, 0x43, 0x11, 0x11, 0x30, 0x01, 0x13, 0x67, 0x44, 0x44, 0x30, 0x44, 0x44, 0x70
	.byte 0x1F, 0x34, 0x63, 0x11, 0xE1, 0xFF, 0x00, 0x00, 0x11, 0x52, 0xFF, 0x00, 0x22, 0x65, 0xFF, 0x00
	.byte 0x3F, 0x54, 0x66, 0x12, 0x5F, 0x00, 0x43, 0xF0, 0x03, 0x60, 0x03, 0x10, 0x23, 0xF0, 0x03, 0xC0
	.byte 0x70, 0x03, 0x30, 0x27, 0x32, 0x66, 0x00, 0xEE, 0x63, 0x77, 0x1E, 0x00, 0xEE, 0x7E, 0x00, 0x03
	.byte 0x72, 0x9B, 0x10, 0x01, 0x10, 0x83, 0x66, 0x1F, 0x66, 0x66, 0x66, 0x13, 0xA7, 0x10, 0x01, 0x90
	.byte 0xFB, 0x10, 0x01, 0x10, 0x43, 0x57, 0x66, 0x00, 0x03, 0x77, 0x10, 0x03, 0xF7, 0xF0, 0xFB, 0xB0
	.byte 0xFB, 0x12, 0xFB, 0x28, 0xBD, 0xBB, 0x80, 0x03, 0x9B, 0x24, 0x57, 0xAB, 0xAB, 0xAB, 0x00, 0xBA
	.byte 0xBA, 0xBA, 0xBA, 0xAB, 0xBB, 0xBB, 0xAB, 0x72, 0xBA, 0xC6, 0x1F, 0x20, 0x1F, 0x00, 0x21, 0xAA
	.byte 0xAA, 0x00, 0x1F, 0xAB, 0x34, 0xAB, 0xBB, 0x00, 0x26, 0xE0, 0x1F, 0xAB, 0x20, 0x1D, 0xAA, 0xAA
	.byte 0x7C, 0xBB, 0x10, 0x20, 0x00, 0x21, 0xF0, 0x3F, 0xF0, 0x01, 0x50, 0x01, 0x99, 0x99, 0xE7, 0x40
	.byte 0x01, 0x03, 0x7B, 0x12, 0x1F, 0xA9, 0xA9, 0xF0, 0x1F, 0x30, 0x17, 0x20, 0x19, 0x77, 0x9A, 0xF0
	.byte 0x3F, 0x50, 0x3E, 0x30, 0x27, 0xAA, 0x02, 0x67, 0xF0, 0x1F, 0xF0, 0x01, 0xC4, 0x50, 0x01, 0x30
	.byte 0xA5, 0xB3, 0xBB, 0x3B, 0x00, 0x01, 0xBB, 0xB3, 0x07, 0x3B, 0xB3, 0xBB, 0x33, 0xBB, 0x04, 0xB6
	.byte 0x74, 0xB8, 0x10, 0x16, 0xE3, 0x00, 0x17, 0x10, 0x22, 0x00, 0x1D, 0xB3, 0x33, 0x3B, 0x00, 0x02
	.byte 0x94, 0xD9, 0xC1, 0x50, 0x3F, 0x20, 0x27, 0x33, 0x3B, 0xBB, 0xB3, 0x33, 0x00, 0x02, 0xC0, 0x44
	.byte 0xD8, 0x10, 0x01, 0x00, 0x10, 0xD0, 0x02, 0x00, 0x00, 0x00, 0x00, 0x00, 0x00, 0x32, 0x10, 0x01
	.byte 0x10, 0x50, 0x02, 0x80, 0x01, 0x03, 0x00, 0x01, 0x04, 0x10, 0x05, 0x10, 0x00, 0x06, 0x10, 0x07
	.byte 0x10, 0x08, 0x10, 0x09, 0x10, 0xC0, 0x10, 0x23, 0x10, 0x01, 0x0A, 0x10, 0x0B, 0x10, 0x0C, 0x10
	.byte 0x00, 0x0D, 0x10, 0x0E, 0x10, 0x0F, 0x10, 0x10, 0x10, 0x00, 0x11, 0x10, 0x12, 0x10, 0x13, 0x10
	.byte 0x14, 0x10, 0x00, 0x15, 0x10, 0x16, 0x10, 0x17, 0x10, 0x18, 0x10, 0x40, 0x19, 0x60, 0x27, 0x1A
	.byte 0x10, 0x1B, 0x10, 0x1C, 0x10, 0x00, 0x1D, 0x10, 0x1E, 0x10, 0x1F, 0x10, 0x20, 0x10, 0x00, 0x21
	.byte 0x10, 0x22, 0x10, 0x23, 0x10, 0x24, 0x10, 0x00, 0x25, 0x10, 0x26, 0x10, 0x27, 0x10, 0x28, 0x10
	.byte 0x46, 0x29, 0x20, 0x27, 0x2A, 0x20, 0x2B, 0xF0, 0x01, 0xE0, 0x01, 0x2C, 0x00, 0x20, 0x2D, 0x20
	.byte 0x3D, 0x2C, 0x3C, 0x2C, 0x3B, 0x68, 0x2C, 0xF0, 0x05, 0x90, 0x05, 0x2E, 0x00, 0x27, 0x35, 0x2C
	.byte 0x34, 0x1D, 0x2C, 0x33, 0x2C, 0xF0, 0x05, 0x90, 0x05, 0x10, 0x27, 0x36, 0xF0, 0x01, 0xC0, 0xE0
	.byte 0x01, 0x10, 0x27, 0x37, 0x28, 0x38, 0x28, 0x39, 0x28, 0xEF, 0xF0, 0x05, 0x90, 0x05, 0x10, 0x27
	.byte 0x3A, 0xF0, 0x01, 0xE0, 0x01, 0xF0, 0x27, 0xF0, 0x01, 0xFF, 0xF0, 0x27, 0xF0, 0x01, 0xF0, 0x27
	.byte 0xF0, 0x01, 0xF0, 0x27, 0xF0, 0x01, 0xF0, 0x27, 0x00, 0xEF, 0x0F, 0x20, 0x38, 0x20, 0x39, 0xF0
	.byte 0x05, 0xA0, 0x05, 0xF1, 0x3F, 0xF0, 0x01, 0x83, 0x51, 0x3F, 0x33, 0x20, 0x34, 0x20, 0x35, 0xF0
	.byte 0x05, 0xA0, 0x05, 0x83, 0x10, 0x27, 0x3B, 0x20, 0x3C, 0x20, 0x3D, 0xF0, 0x05, 0xA0, 0x05, 0x06
	.byte 0x2E, 0x20, 0x2F, 0x20, 0x30, 0xF0, 0x01, 0xE0, 0x01, 0x31, 0x00, 0x20, 0xFF, 0x7F, 0xDD, 0x7F
	.byte 0xBA, 0x7F, 0x96, 0x7F, 0x52, 0x7F, 0xEF, 0x7E, 0x4A, 0x7E, 0xC7, 0x79, 0x24, 0x71, 0x00, 0x00
	.byte 0x00, 0x00, 0xBC, 0x7F, 0x7A, 0x7F, 0xFF, 0x7F, 0x39, 0x16, 0x94, 0x01, 0xFF, 0x7F, 0xDD, 0x7F
	.byte 0xBA, 0x7F, 0x96, 0x7F, 0x52, 0x7F, 0xEF, 0x7E, 0x09, 0x76, 0x25, 0x61, 0x4A, 0x7E, 0x08, 0x7A
	.byte 0xC7, 0x79, 0x85, 0x75, 0x24, 0x71, 0xAD, 0x7E, 0x39, 0x16, 0x94, 0x01, 0x10, 0xA0, 0x07, 0x00
	.byte 0x32, 0x00, 0x00, 0xF0, 0x01, 0xD0, 0x01, 0xEE, 0xEE, 0x30, 0x01, 0xDD, 0x00, 0xDD, 0xDD, 0xDD
	.byte 0x4D, 0x48, 0xD8, 0x88, 0xDD, 0x00, 0x88, 0xCB, 0x8D, 0xDD, 0x84, 0xB8, 0xDC, 0xDB, 0x10, 0xCD
	.byte 0x77, 0xC4, 0xD0, 0x1F, 0xC8, 0x8D, 0x84, 0x88, 0x00, 0x88, 0x8C, 0xDB, 0x88, 0x8B, 0xB8, 0x88
	.byte 0x4D, 0x09, 0xDB, 0x7D, 0xBC, 0x88, 0xD0, 0x1F, 0x88, 0x88, 0x80, 0x01, 0x19, 0x78, 0x77, 0x77
	.byte 0xF0, 0x1F, 0x70, 0x01, 0x77, 0x77, 0xF0, 0x1F, 0x80, 0x00, 0x16, 0xCC, 0x88, 0x88, 0xC8, 0x8B
	.byte 0x88, 0x48, 0x10, 0x8C, 0x88, 0x47, 0xF0, 0x1F, 0xDD, 0xBC, 0x8C, 0xC4, 0x00, 0xDD, 0xC8, 0x48
	.byte 0xDB, 0xDD, 0x85, 0xB4, 0xDD, 0x34, 0xDD, 0xB7, 0x00, 0x0F, 0x30, 0x1F, 0x0E, 0x00, 0x03, 0xFE
	.byte 0x00, 0x02, 0xDD, 0xED, 0xFF, 0x00, 0xDD, 0xDD, 0x00, 0x03, 0xDB, 0xA1, 0x30, 0x03, 0xBD, 0x00
	.byte 0x03, 0x00, 0xEE, 0xCD, 0xBB, 0x00, 0x03, 0x54, 0xBC, 0x00, 0x03, 0xCB, 0x40, 0x07, 0xCC, 0x30
	.byte 0x03, 0x6D, 0xC6, 0x80, 0x00, 0x03, 0x66, 0xBD, 0xDD, 0xCD, 0x47, 0xDB, 0xDB, 0x00, 0xDD, 0xBD
	.byte 0xBB, 0xBD, 0xBD, 0xDD, 0xBC, 0xBB, 0x00, 0xDB, 0xDB, 0xCB, 0xCB, 0xBB, 0xBD, 0xCC, 0xBC, 0x00
	.byte 0xBC, 0xBB, 0xCC, 0xCC, 0xCB, 0xCB, 0x66, 0xC6, 0x84, 0x00, 0x09, 0xDD, 0xCD, 0x7B, 0xDB, 0x10
	.byte 0x78, 0xDD, 0xBC, 0x05, 0xDD, 0xDB, 0xDD, 0x7B, 0x77, 0x00, 0x26, 0x6B, 0x00, 0x26, 0x00, 0xDD
	.byte 0xCB, 0xBB, 0xBB, 0xBB, 0xBC, 0xBC, 0xBC, 0x50, 0xBC, 0x10, 0xC3, 0x7B, 0x00, 0x03, 0xDD, 0x4D
	.byte 0x66, 0x66, 0x00, 0xC6, 0xBB, 0xCB, 0x66, 0x66, 0x66, 0x66, 0xBC, 0x40, 0xBD, 0x00, 0x04, 0xDD
	.byte 0xDD, 0xBD, 0x6B, 0xBB, 0xBB, 0x3D, 0xDB, 0xDD, 0x10, 0x1F, 0x10, 0x01, 0x10, 0x18, 0x10, 0x01
	.byte 0x4C, 0x50, 0x08, 0x01, 0x66, 0x55, 0x55, 0xDD, 0xBD, 0x5B, 0x55, 0xD0, 0x1F, 0xF2, 0x70, 0x1D
	.byte 0x30, 0x01, 0xF0, 0x1F, 0x80, 0x1F, 0xC5, 0xDC, 0xB0, 0x5F, 0x46, 0x22, 0xBC, 0xBB, 0x40, 0x1E
	.byte 0xD6, 0x55, 0xBC, 0x10, 0xB3, 0xBB, 0x62, 0xBB, 0x00, 0x1A, 0x01, 0x46, 0xC7, 0xDD, 0x46, 0x00
	.byte 0xB2, 0xDD, 0x00, 0xBD, 0xCC, 0x66, 0xB6, 0xCC, 0x66, 0xBC, 0xDD, 0x30, 0xCB, 0xCC, 0x00, 0x0B
	.byte 0x30, 0xE4, 0x7C, 0x77, 0x7C, 0xB7, 0x00, 0x47, 0xBC, 0xB7, 0xDB, 0xBC, 0x47, 0xDB, 0xDD, 0x24
	.byte 0x46, 0xBB, 0x10, 0x33, 0xBD, 0xBD, 0x11, 0x04, 0xBC, 0xBC, 0x02, 0xCC, 0xCB, 0xCC, 0xCC, 0xCC
	.byte 0xCC, 0x00, 0xFB, 0xBD, 0xE1, 0x00, 0x14, 0x01, 0x21, 0x00, 0xF9, 0xDB, 0xBB, 0xBB, 0xBD, 0x00
	.byte 0xF6, 0x62, 0xBB, 0x00, 0x1B, 0x20, 0x1C, 0xCC, 0x66, 0x66, 0x11, 0x63, 0xBB, 0x83, 0x00, 0x03
	.byte 0xBC, 0xDC, 0xFF, 0x00, 0xCB, 0x00, 0x03, 0x10, 0x07, 0x41, 0xCC, 0x00, 0x03, 0x6C, 0xD6, 0xFF
	.byte 0x00, 0x66, 0x00, 0x03, 0x84, 0x11, 0x63, 0x00, 0xEE, 0x5D, 0x55, 0x30, 0x03, 0x4D, 0x44, 0x00
	.byte 0x00, 0xEE, 0xDE, 0xDD, 0x00, 0xEE, 0xFF, 0xFF, 0x38, 0x00, 0xF0, 0x00, 0x03, 0x01, 0xBB, 0x90
	.byte 0xEB, 0x44, 0x44, 0x44, 0x4D, 0x44, 0x10, 0x81, 0xFF, 0xFF, 0x30, 0x01, 0x10, 0x1F, 0xC6, 0x00
	.byte 0xA3, 0xC1, 0xF0, 0x1F, 0x70, 0x1F, 0xCC, 0xCC, 0xBB, 0xBB, 0x55, 0x00, 0x89, 0xC3, 0xF0, 0x1F
	.byte 0x30, 0x1F, 0xBB, 0xDB, 0xBD, 0xCB, 0x20, 0x1C, 0x30, 0x1E, 0x86, 0xE0, 0x1F, 0x5C, 0x4C, 0x45
	.byte 0x5C, 0x60, 0x1C, 0xF0, 0x1F, 0x00, 0x37, 0x5C, 0x54, 0x80, 0x3C, 0xF0, 0x1F, 0x00, 0x90, 0x9B
	.byte 0xF0, 0x1F, 0x10, 0x1F, 0xC2, 0xF0, 0x5F, 0x90, 0x1F, 0xC4, 0x45, 0xBC, 0xBB, 0x20, 0x1F, 0x4B
	.byte 0x28, 0x4B, 0xBC, 0xF0, 0x1F, 0x00, 0x02, 0xCF, 0xDD, 0xBB, 0xB5, 0x8D, 0x01, 0xA8, 0xDD, 0xCC
	.byte 0x4B, 0xF0, 0x3F, 0x10, 0xDF, 0xBB, 0x31, 0x89, 0xFB, 0xF0, 0x5F, 0x51, 0x1F, 0x00, 0x01, 0x00
	.byte 0x81, 0x00, 0x1A, 0x54, 0xF0, 0x1F, 0x10, 0x1F, 0xF9, 0x50, 0xC1, 0xF1, 0x3F, 0x90, 0xDF, 0xF0
	.byte 0x1F, 0x40, 0x1F, 0xD5, 0xFF, 0x60, 0x03, 0x20, 0x44, 0xD4, 0x03, 0x77, 0xFD, 0xFF, 0x00, 0xFF
	.byte 0xFF, 0x51, 0xEF, 0x00, 0x03, 0x0E, 0xB4, 0x64, 0xE0, 0xEE, 0xEE, 0x13, 0xC8, 0x01, 0x00, 0xEE
	.byte 0x1E, 0x11, 0x00, 0xEE, 0x22, 0x10, 0x03, 0x52, 0x22, 0x00, 0x03, 0x43, 0xD4, 0x83, 0x11, 0x11
	.byte 0x30, 0x01, 0x22, 0x1C, 0x22, 0x22, 0x22, 0x10, 0x6F, 0x70, 0x1F, 0x33, 0xE3, 0x11, 0xE1, 0x00
	.byte 0xFF, 0x00, 0x11, 0x52, 0xFF, 0x00, 0x22, 0x65, 0x0F, 0xFF, 0x00, 0x54, 0x66, 0x12, 0x5F, 0x00
	.byte 0x43, 0xF0, 0x03, 0x60, 0x03, 0xF4, 0x10, 0x23, 0xF0, 0x03, 0x70, 0x03, 0x30, 0x27, 0x32, 0x02
	.byte 0xA3, 0x63, 0x77, 0x1F, 0x00, 0xEE, 0x7E, 0x00, 0x03, 0x72, 0x9B, 0x10, 0x01, 0x10, 0x83, 0x12
	.byte 0xA3, 0xF5, 0x53, 0x67, 0x90, 0xFB, 0x10, 0x01, 0x10, 0x43, 0x66, 0x00, 0x03, 0x77, 0x10, 0x03
	.byte 0x75, 0xF7, 0xF0, 0xFB, 0xB0, 0xFB, 0x12, 0xFB, 0xBD, 0x50, 0x03, 0xDB, 0x10, 0x03, 0xA0, 0x01
	.byte 0x56, 0x45, 0x01, 0x59, 0x34, 0x45, 0x44, 0x33, 0x33, 0x07, 0x34, 0x33, 0x33, 0x33, 0x43, 0x00
	.byte 0x03, 0x90, 0x01, 0x10, 0x7F, 0xE1, 0xC0, 0x12, 0xA0, 0x01, 0x12, 0x9E, 0x43, 0x44, 0x55, 0x55
	.byte 0x00, 0x29, 0x4F, 0x54, 0xF0, 0x3E, 0x33, 0x33, 0x51, 0x4F, 0xF0, 0x01, 0x30, 0x01, 0x24, 0xDA
	.byte 0xC8, 0xF0, 0x01, 0x60, 0x01, 0x99, 0x99, 0xF0, 0x01, 0x89, 0x89, 0x89, 0x07, 0x89, 0x98, 0x98
	.byte 0x98, 0x98, 0x10, 0x07, 0x05, 0x06, 0xE0, 0x01, 0x00, 0xAB, 0xAB, 0xAB, 0xAB, 0xBA, 0xBA, 0xBA
	.byte 0xBA, 0xE6, 0x10, 0x07, 0x92, 0x3F, 0xF0, 0x01, 0x55, 0x55, 0xA6, 0x2F, 0x40, 0x01, 0xD8, 0x01
	.byte 0xD8, 0xD8, 0xD8, 0x8D, 0x8D, 0x8D, 0x8D, 0x10, 0x07, 0x20, 0xAA, 0xAA, 0xF0, 0x01, 0x9A, 0x9A
	.byte 0x9A, 0x9A, 0xA9, 0x1E, 0xA9, 0xA9, 0xA9, 0x10, 0x07, 0x22, 0xDF, 0xC0, 0x01, 0x15, 0x97, 0xCB
	.byte 0x18, 0xCB, 0xCB, 0xCB, 0x10, 0x07, 0x11, 0x03, 0x22, 0x22, 0x32, 0xF0, 0x00, 0x03, 0xF0, 0x01
	.byte 0x10, 0x01, 0x91, 0x2B, 0x22, 0x32, 0x23, 0x22, 0x70, 0x22, 0x00, 0x02, 0x90, 0x01, 0xF1, 0x11
	.byte 0xDD, 0xDD, 0x5D, 0x5D, 0x03, 0x5D, 0x5D, 0xD5, 0xD5, 0xD5, 0xD5, 0x10, 0x07, 0xD0, 0x4F, 0x1E
	.byte 0x11, 0x11, 0x21, 0x00, 0x03, 0x70, 0x01, 0xF0, 0x71, 0x40, 0x27, 0x21, 0x40, 0x12, 0x00, 0x1D
	.byte 0x21, 0x11, 0x00, 0x00, 0x10, 0xD0, 0x02, 0x00, 0x00, 0x00, 0x00, 0x00, 0x00, 0x2C, 0x10, 0x01
	.byte 0x10, 0x04, 0x02, 0x10, 0x03, 0x10, 0x04, 0xE0, 0x01, 0x05, 0x10, 0x0C, 0x06, 0x10, 0x07, 0x10
	.byte 0x10, 0x23, 0x10, 0x01, 0x08, 0x10, 0x00, 0x09, 0x10, 0x0A, 0x10, 0x0B, 0x10, 0x0C, 0x10, 0x40
	.byte 0x0D, 0x60, 0x01, 0x0E, 0x10, 0x0F, 0x10, 0x10, 0x10, 0x04, 0x11, 0x10, 0x12, 0x10, 0x13, 0x60
	.byte 0x27, 0x14, 0x10, 0x00, 0x15, 0x10, 0x16, 0x10, 0x17, 0x10, 0x18, 0x10, 0x00, 0x19, 0x10, 0x1A
	.byte 0x10, 0x1B, 0x10, 0x1C, 0x10, 0x00, 0x1D, 0x10, 0x1E, 0x10, 0x1F, 0x10, 0x20, 0x10, 0x04, 0x21
	.byte 0x10, 0x22, 0x10, 0x23, 0x20, 0x27, 0x24, 0x20, 0x60, 0x25, 0xF0, 0x01, 0xE0, 0x01, 0x26, 0x20
	.byte 0x27, 0x20, 0x37, 0xD7, 0xF0, 0x01, 0xE0, 0x01, 0x28, 0x00, 0x27, 0x33, 0xF0, 0x01, 0xE0, 0x01
	.byte 0x10, 0x27, 0x77, 0x36, 0xF0, 0x01, 0xE0, 0x01, 0x10, 0x27, 0x32, 0xF0, 0x01, 0xE0, 0x01, 0x10
	.byte 0x27, 0x77, 0x35, 0xF0, 0x01, 0xE0, 0x01, 0x10, 0x27, 0x31, 0xF0, 0x01, 0xE0, 0x01, 0x10, 0x27
	.byte 0x77, 0x3A, 0xF0, 0x01, 0xE0, 0x01, 0x10, 0x27, 0x34, 0xF0, 0x01, 0xE0, 0x01, 0xF0, 0x27, 0xC0
	.byte 0xF0, 0x01, 0x50, 0x27, 0x2F, 0x14, 0x2E, 0x10, 0x2D, 0x14, 0x86, 0x70, 0x05, 0x2F, 0x10, 0x2D
	.byte 0x10, 0xD0, 0x05, 0x10, 0x27, 0x38, 0x05, 0x10, 0x39, 0x10, 0x38, 0x14, 0xC0, 0x05, 0x14, 0xB0
	.byte 0x05, 0x81, 0x10, 0x27, 0x3C, 0x14, 0x3B, 0x14, 0x3B, 0x10, 0xA0, 0x05, 0x66, 0x10, 0xD0, 0x05
	.byte 0x10, 0x27, 0x30, 0x10, 0xF0, 0x01, 0xD0, 0x01, 0x28, 0x0C, 0x20, 0x29, 0x20, 0x2A, 0xF0, 0x01
	.byte 0xE0, 0x01, 0x2B, 0x20, 0xFF, 0x7F, 0xAE, 0x7A, 0x54, 0x7F, 0x98, 0x7F, 0xDC, 0x7F, 0x32, 0x7F
	.byte 0x00, 0x00, 0x00, 0x00, 0x00, 0x00, 0x00, 0x00, 0x00, 0x00, 0x00, 0x00, 0x00, 0x00, 0xFF, 0x7F
	.byte 0xAC, 0x55, 0xA4, 0x34, 0xFF, 0x7F, 0x7A, 0x7F, 0x17, 0x73, 0x93, 0x62, 0x0F, 0x52, 0x0F, 0x52
	.byte 0x8B, 0x41, 0x07, 0x31, 0x00, 0x00, 0x96, 0x7F, 0x00, 0x00, 0xBA, 0x7F, 0x00, 0x00, 0xFF, 0x7F
	.byte 0xAC, 0x55, 0xA4, 0x34, 0x10, 0x80, 0x07, 0x00, 0x32, 0x00, 0x00, 0xF0, 0x01, 0xD0, 0x01, 0xEE
	.byte 0xEE, 0x30, 0x01, 0xDD, 0x00, 0xDD, 0xDD, 0xDD, 0x55, 0x25, 0x12, 0x11, 0x55, 0x01, 0x22, 0x11
	.byte 0x11, 0x22, 0x12, 0x11, 0x11, 0x10, 0x01, 0xD7, 0xD0, 0x1F, 0x00, 0x12, 0x31, 0x00, 0x03, 0x43
	.byte 0x20, 0x07, 0x00, 0x24, 0xF0, 0x1F, 0x00, 0x11, 0x22, 0x13, 0x11, 0x21, 0x33, 0x11, 0x11, 0x2E
	.byte 0x32, 0x34, 0x00, 0x0A, 0x33, 0xD0, 0x1F, 0x00, 0x5A, 0x20, 0x5B, 0x23, 0xF7, 0x00, 0x08, 0x10
	.byte 0x67, 0xF0, 0x3F, 0x90, 0x01, 0x22, 0xF0, 0x1F, 0xB0, 0x20, 0xF0, 0x1F, 0xB8, 0x80, 0x1B, 0x31
	.byte 0x00, 0x67, 0xF0, 0x1F, 0x70, 0x5B, 0x11, 0x21, 0x53, 0x6A, 0x12, 0xF0, 0x1F, 0x10, 0x01, 0x21
	.byte 0x00, 0x03, 0x32, 0x00, 0x3D, 0x21, 0x9C, 0xF0, 0x3F, 0x11, 0x21, 0x20, 0xC2, 0xF0, 0x7F, 0x41
	.byte 0x3F, 0x55, 0x22, 0x03, 0x12, 0x52, 0x25, 0x22, 0x11, 0x22, 0x40, 0x21, 0xE0, 0x3F, 0x14, 0x21
	.byte 0x33, 0x22, 0x01, 0x1A, 0x23, 0x01, 0x1A, 0x55, 0x11, 0x14, 0x22, 0x55, 0x55, 0x30, 0x1F, 0x0E
	.byte 0x00, 0x03, 0xFE, 0x00, 0x00, 0xDD, 0xED, 0xFF, 0x00, 0x12, 0xD1, 0xFF, 0x00, 0x42, 0x22, 0x80
	.byte 0x03, 0x00, 0xEE, 0x1D, 0x11, 0xB0, 0x03, 0x2D, 0x00, 0x12, 0x00, 0xEE, 0x3D, 0x22, 0x00, 0xEE
	.byte 0x4D, 0x7D, 0x23, 0x10, 0x03, 0xD1, 0x0F, 0x10, 0x01, 0x11, 0xBA, 0x51, 0x67, 0x21, 0x01, 0x68
	.byte 0x00, 0x32, 0x34, 0x22, 0x12, 0x22, 0x33, 0x25, 0x12, 0x07, 0x22, 0x52, 0x25, 0x12, 0x21, 0x10
	.byte 0x98, 0x51, 0xDC, 0x31, 0x07, 0x5E, 0x55, 0x00, 0x03, 0x52, 0xD0, 0xD7, 0x50, 0x01, 0x11, 0xA3
	.byte 0x00, 0xCE, 0x21, 0xB8, 0x00, 0x32, 0x32, 0x11, 0x31, 0x60, 0x18, 0x10, 0x2E, 0x42, 0x23, 0x12
	.byte 0xEB, 0x00, 0x60, 0x00, 0x19, 0x10, 0x60, 0x53, 0x00, 0x25, 0x55, 0x00, 0x58, 0xE0, 0x42, 0xE7
	.byte 0xF0, 0x01, 0x30, 0x40, 0x00, 0x2B, 0x32, 0x22, 0x10, 0x05, 0x80, 0x13, 0x61, 0x77, 0xBF, 0x70
	.byte 0x12, 0x52, 0xF0, 0x53, 0x91, 0xE0, 0xF0, 0x01, 0x41, 0xDB, 0x10, 0x9B, 0x10, 0x8F, 0xF8, 0x70
	.byte 0x58, 0x40, 0xDF, 0x80, 0x5C, 0x30, 0x10, 0x00, 0x29, 0x11, 0x34, 0x22, 0x28, 0x11, 0x31, 0x00
	.byte 0xC1, 0x11, 0xF0, 0xC1, 0x11, 0x11, 0x13, 0xDB, 0x00, 0x33, 0x02, 0xCC, 0x32, 0x02, 0xD7, 0x02
	.byte 0xF7, 0x21, 0x00, 0x47, 0x61, 0x2B, 0xF5, 0x20, 0x4B, 0x92, 0xD3, 0x20, 0x43, 0x31, 0x62, 0x31
	.byte 0x00, 0x06, 0x43, 0x01, 0x5A, 0x77, 0x25, 0x00, 0x2E, 0x10, 0x11, 0xE0, 0xC4, 0x13, 0x00, 0x46
	.byte 0x11, 0xE3, 0x11, 0xF3, 0x79, 0x11, 0xF0, 0x03, 0x20, 0x03, 0x01, 0xEB, 0x01, 0xE7, 0x3D, 0x52
	.byte 0x01, 0xF7, 0x08, 0x55, 0x00, 0xEE, 0x5D, 0x00, 0x03, 0xDE, 0xDD, 0x00, 0x07, 0xEE, 0xFF, 0xFF
	.byte 0x00, 0xF0, 0x00, 0x03, 0x02, 0x3B, 0x10, 0x77, 0xB4, 0x00, 0x59, 0x31, 0x01, 0xA3, 0x11, 0xA7
	.byte 0x11, 0x12, 0x63, 0xFF, 0xFF, 0xEF, 0x30, 0x01, 0x10, 0x1F, 0x00, 0xBB, 0x11, 0x00, 0xBB, 0x20
	.byte 0xC3, 0x10, 0xAF, 0xD0, 0x1F, 0xAE, 0x10, 0xC9, 0x32, 0x00, 0x44, 0x43, 0x12, 0x27, 0x00, 0xB8
	.byte 0xD0, 0x1F, 0x11, 0x1F, 0x32, 0x53, 0x12, 0x02, 0x22, 0x01, 0x4B, 0x30, 0xBE, 0xE0, 0x1F, 0xC0
	.byte 0xD3, 0xFF, 0xF0, 0x1F, 0x00, 0xFF, 0x21, 0xEB, 0xF0, 0x1F, 0x20, 0x1F, 0xB2, 0x00, 0xF0, 0x1F
	.byte 0xC1, 0x8D, 0xFF, 0xF0, 0x3F, 0xB2, 0x32, 0xF0, 0x3F, 0x33, 0xE8, 0x12, 0x48, 0x10, 0x0B, 0xF0
	.byte 0x1F, 0x33, 0x2F, 0xFF, 0x50, 0x85, 0xF0, 0x1F, 0x24, 0xEF, 0x62, 0xEF, 0xE0, 0x1F, 0x13, 0x03
	.byte 0x81, 0x23, 0xE0, 0x1F, 0x80, 0xC1, 0xCF, 0xDD, 0xFD, 0xFF, 0x00, 0xFF, 0xFF, 0xEF, 0xA2, 0x00
	.byte 0x03, 0x0E, 0xB5, 0x84, 0xE0, 0xEE, 0xEE, 0x14, 0x28, 0x00, 0x32, 0xEE, 0x1E, 0x03, 0xE3, 0x04
	.byte 0xF7, 0xEE, 0x22, 0x03, 0xE3, 0x22, 0x60, 0x43, 0xD5, 0xA3, 0x62, 0xB7, 0x22, 0x22, 0x22, 0x44
	.byte 0x44, 0x32, 0x44, 0x44, 0x70, 0x1F, 0x34, 0x43, 0x11, 0xE1, 0x00, 0x67, 0x52, 0x83, 0x04, 0x3B
	.byte 0x65, 0xFF, 0x00, 0x54, 0x66, 0x12, 0x3F, 0x00, 0x43, 0xFC, 0xF0, 0x03, 0x60, 0x03, 0x10, 0x23
	.byte 0xF0, 0x03, 0x70, 0x03, 0x30, 0x27, 0x32, 0x66, 0x01, 0x00, 0xEE, 0x63, 0x77, 0x00, 0xEE, 0x7E
	.byte 0x00, 0x03, 0xE0, 0x72, 0x7B, 0x10, 0x01, 0x10, 0x83, 0x66, 0x66, 0x66, 0x66, 0x77, 0x7A, 0x77
	.byte 0x30, 0x01, 0x90, 0xFB, 0x10, 0x01, 0x10, 0x43, 0x66, 0x00, 0x03, 0x77, 0xBA, 0x10, 0x03, 0xF7
	.byte 0xF0, 0xFB, 0xB0, 0xFB, 0x12, 0xDB, 0x2D, 0x02, 0xEB, 0x1D, 0x92, 0x00, 0xFB, 0x1D, 0x21, 0x14
	.byte 0xEF, 0x99, 0x99, 0x60, 0x01, 0xBB, 0x8B, 0x00, 0x02, 0xBB, 0x99, 0xB9, 0x40, 0x03, 0xBB, 0x40
	.byte 0x03, 0x70, 0x1C, 0xDE, 0x10, 0x1D, 0x00, 0x03, 0x9B, 0x40, 0x03, 0xA0, 0x1E, 0x90, 0x01, 0x00
	.byte 0x14, 0xB9, 0xEF, 0x30, 0x4B, 0x20, 0x03, 0xE0, 0x1C, 0x99, 0x00, 0x3E, 0xF0, 0x1D, 0xF0, 0x43
	.byte 0x40, 0x03, 0xE0, 0xF0, 0x01, 0x60, 0x43, 0x00, 0x03, 0x00, 0x00, 0x00, 0x10, 0xD0, 0x02, 0x00
	.byte 0x00, 0x00, 0x00, 0x00, 0x00, 0x35, 0x10, 0x01, 0x10, 0x00, 0x02, 0x10, 0x03, 0x10, 0x04, 0x10
	.byte 0x05, 0x10, 0x01, 0x06, 0x10, 0x07, 0x10, 0x08, 0x10, 0x09, 0x00, 0x07, 0x10, 0x0A, 0x10, 0x0B
	.byte 0x00, 0x05, 0x0C, 0x10, 0x0D, 0x10, 0xC0, 0x10, 0x23, 0x10, 0x01, 0x0E, 0x10, 0x0F, 0x10, 0x10
	.byte 0x10, 0x00, 0x11, 0x10, 0x12, 0x10, 0x13, 0x10, 0x14, 0x10, 0x00, 0x15, 0x10, 0x16, 0x10, 0x17
	.byte 0x10, 0x18, 0x10, 0x00, 0x19, 0x10, 0x1A, 0x10, 0x1B, 0x10, 0x1C, 0x10, 0x40, 0x1D, 0x60, 0x27
	.byte 0x1E, 0x10, 0x1F, 0x10, 0x20, 0x10, 0x01, 0x21, 0x10, 0x22, 0x10, 0x23, 0x10, 0x24, 0x00, 0x03
	.byte 0x00, 0x25, 0x10, 0x26, 0x10, 0x27, 0x10, 0x28, 0x10, 0x01, 0x29, 0x10, 0x2A, 0x10, 0x2B, 0x10
	.byte 0x2C, 0x20, 0x27, 0x18, 0x2D, 0x20, 0x2E, 0xF0, 0x01, 0xE0, 0x01, 0x2F, 0x20, 0x30, 0x00, 0x20
	.byte 0x36, 0x20, 0x37, 0x20, 0x36, 0x28, 0x37, 0x6C, 0x28, 0xF0, 0x07, 0x70, 0x07, 0x31, 0x10, 0x27
	.byte 0x00, 0x0B, 0x38, 0x20, 0x78, 0x39, 0xF0, 0x07, 0x80, 0x07, 0x10, 0x27, 0x10, 0x0B, 0x38, 0x28
	.byte 0x39, 0xF8, 0x20, 0x13, 0xF0, 0x07, 0x30, 0x07, 0x20, 0x27, 0x00, 0x0B, 0x3A, 0x20, 0x3B, 0xF1
	.byte 0xF0, 0x07, 0x80, 0x07, 0x10, 0x27, 0x10, 0x0B, 0x3A, 0x28, 0x3B, 0x20, 0x13, 0xFF, 0xF0, 0x07
	.byte 0x30, 0x07, 0x20, 0x27, 0x00, 0x0B, 0x10, 0x5B, 0xF0, 0x07, 0x70, 0x07, 0xF0, 0x9F, 0xFF, 0xF0
	.byte 0x07, 0x90, 0x9F, 0x10, 0xFB, 0xF0, 0x07, 0x70, 0x07, 0x21, 0x17, 0xF1, 0x2F, 0xF1, 0x3F, 0xFF
	.byte 0xF1, 0x3F, 0xF0, 0x07, 0xF1, 0x3F, 0xF0, 0x07, 0xF1, 0x3F, 0xF0, 0x07, 0xF1, 0x3F, 0xF1, 0x37
	.byte 0x8C, 0xE1, 0x3F, 0x32, 0x20, 0x33, 0xF0, 0x01, 0xE0, 0x01, 0x34, 0x20, 0xFF, 0x7F, 0xDF, 0x7B
	.byte 0x00, 0x00, 0x00, 0x00, 0x00, 0x00, 0x00, 0x00, 0x00, 0x00, 0xDE, 0x4E, 0x1E, 0x36, 0xFF, 0x52
	.byte 0x5F, 0x3E, 0xFB, 0x2D, 0x5A, 0x67, 0xF7, 0x56, 0xD4, 0x31, 0xEF, 0x1C, 0xFF, 0x7F, 0x9F, 0x6B
	.byte 0x3D, 0x5B, 0xBC, 0x4E, 0x7A, 0x42, 0x17, 0x36, 0xB5, 0x29, 0x31, 0x1D, 0xFF, 0x52, 0x3F, 0x5B
	.byte 0x5F, 0x67, 0x9F, 0x46, 0x00, 0x00, 0x00, 0x00, 0xD4, 0x31, 0xEF, 0x1C, 0x10, 0x20, 0x07, 0x00
	.byte 0x32, 0x00, 0x00, 0xF0, 0x01, 0xD0, 0x01, 0xEE, 0xEE, 0x30, 0x01, 0x11, 0x06, 0x11, 0x11, 0x11
	.byte 0x87, 0x88, 0xB0, 0x01, 0xF0, 0x1F, 0x87, 0x06, 0x8A, 0x87, 0x88, 0xA7, 0xA8, 0x50, 0x07, 0xD0
	.byte 0x1F, 0xA9, 0x0F, 0xAA, 0xA9, 0xAA, 0xA7, 0x00, 0x03, 0x50, 0x07, 0xF0, 0x1F, 0xB0, 0x01, 0xBA
	.byte 0xD0, 0x1F, 0x89, 0x40, 0x5D, 0x50, 0x07, 0x30, 0x1F, 0x0E, 0x00, 0x03, 0xFE, 0x01, 0x00, 0x11
	.byte 0xE1, 0xFF, 0x00, 0x87, 0x18, 0xB0, 0x03, 0x0C, 0x00, 0xEE, 0x81, 0x88, 0xF0, 0x03, 0x70, 0x03
	.byte 0x17, 0x11, 0x02, 0x11, 0x81, 0x11, 0xA1, 0x1B, 0x11, 0x10, 0x03, 0xA1, 0x03, 0xAA, 0xAA, 0x1B
	.byte 0xB1, 0xAB, 0xBB, 0x00, 0x08, 0x00, 0x0F, 0x15, 0xB1, 0x1B, 0x11, 0x00, 0x1B, 0xB1, 0x50, 0xE7
	.byte 0x8B, 0xF0, 0x03, 0xFF, 0x20, 0x03, 0xD0, 0xEF, 0xD0, 0x07, 0xD0, 0xEF, 0xF0, 0x07, 0xF0, 0x01
	.byte 0x90, 0x01, 0xD0, 0xEF, 0xE4, 0xD0, 0x07, 0xF0, 0x01, 0xC0, 0x01, 0x11, 0x11, 0x30, 0xE3, 0xBB
	.byte 0xBB, 0x00, 0x11, 0xB7, 0x1B, 0xB1, 0x11, 0x11, 0x18, 0xB1, 0x08, 0xBB, 0x11, 0x88, 0xBB, 0x30
	.byte 0xDB, 0x11, 0x11, 0xBB, 0xB8, 0x91, 0x2B, 0x8B, 0xC0, 0x03, 0xF1, 0x3F, 0x10, 0x03, 0x1E, 0x11
	.byte 0x00, 0x06, 0xEE, 0xFF, 0xFF, 0x00, 0xF0, 0x00, 0x03, 0x01, 0x7B, 0x87, 0x19, 0xBB, 0xBB, 0xBB
	.byte 0x90, 0x6F, 0x11, 0xA3, 0xFF, 0xFF, 0x30, 0x01, 0xFF, 0x20, 0x1F, 0xC0, 0x8F, 0xF0, 0x1F, 0xB1
	.byte 0x2F, 0xD0, 0x1F, 0xD1, 0x2F, 0xF0, 0x1F, 0xB0, 0x01, 0xE3, 0xD0, 0x1F, 0xD1, 0x2F, 0xE0, 0x7F
	.byte 0xB8, 0xBB, 0x8B, 0xF0, 0x9F, 0x80, 0x1F, 0x80, 0xC2, 0x4F, 0x11, 0xF1, 0xFF, 0x00, 0xFF, 0xFF
	.byte 0xEF, 0xA3, 0x00, 0x03, 0x0E, 0xB3, 0x24, 0xE0, 0xEE, 0xEE, 0x12, 0xA8, 0x31, 0x1F, 0x56, 0x22
	.byte 0x10, 0x03, 0x22, 0x00, 0x03, 0x43, 0xF3, 0x43, 0x30, 0x01, 0x22, 0x01, 0x22, 0x22, 0x22, 0x44
	.byte 0x44, 0x44, 0x44, 0x70, 0x1F, 0x80, 0x72, 0xC3, 0x11, 0x52, 0xFF, 0x00, 0x22, 0x65, 0xFF, 0x1F
	.byte 0x00, 0x54, 0x66, 0x11, 0x7F, 0x00, 0x43, 0xF0, 0x03, 0x60, 0x03, 0x10, 0x23, 0xE0, 0xF0, 0x03
	.byte 0x70, 0x03, 0x30, 0x27, 0x32, 0x66, 0x00, 0xEE, 0x63, 0x0F, 0x77, 0x00, 0xEE, 0x7E, 0x00, 0x03
	.byte 0x71, 0xBB, 0x10, 0x01, 0x10, 0x83, 0x03, 0x66, 0x66, 0x66, 0x66, 0x77, 0x77, 0x30, 0x01, 0x90
	.byte 0xFB, 0xD5, 0x10, 0x01, 0x10, 0x43, 0x66, 0x00, 0x03, 0x77, 0x10, 0x03, 0xF7, 0xF0, 0xFB, 0xC3
	.byte 0xF0, 0xFB, 0xB2, 0x2F, 0x99, 0x19, 0x91, 0x99, 0xF0, 0x03, 0xF0, 0x03, 0xD8, 0xF0, 0x03, 0x20
	.byte 0x03, 0x89, 0x80, 0x0B, 0x00, 0x4B, 0x88, 0x88, 0x99, 0x00, 0x88, 0x88, 0xA8, 0x89, 0x88, 0xA8
	.byte 0x9A, 0x88, 0x00, 0xA8, 0x8A, 0x88, 0x88, 0x9A, 0x99, 0x99, 0x99, 0x10, 0x89, 0x88, 0x88, 0x30
	.byte 0x01, 0xAA, 0xAA, 0xA8, 0xAA, 0x2E, 0x99, 0x99, 0x00, 0x15, 0x88, 0x00, 0x15, 0x00, 0x26, 0x40
	.byte 0x07, 0x18, 0x30, 0x81, 0x88, 0xF0, 0x03, 0xA0, 0x03, 0x89, 0x88, 0x18, 0x91, 0x74, 0x98, 0xF0
	.byte 0x07, 0x40, 0x07, 0x60, 0x5D, 0xAA, 0x00, 0x5D, 0x99, 0x99, 0x08, 0xBB, 0xB8, 0xB8, 0xB8, 0x20
	.byte 0x07, 0x8B, 0x8B, 0x8B, 0xF7, 0xA0, 0x67, 0xF0, 0x07, 0x20, 0x07, 0x03, 0x1E, 0xBB, 0xF0, 0x07
	.byte 0x70, 0x07, 0x30, 0xD7, 0x94, 0x11, 0x27, 0x88, 0xA8, 0x00, 0x03, 0x9A, 0x00, 0xCF, 0x8A, 0x99
	.byte 0x28, 0x89, 0xA8, 0x00, 0x40, 0xA8, 0x00, 0xEB, 0x9A, 0x99, 0xA8, 0xF4, 0x00, 0x47, 0x10, 0xE6
	.byte 0xC0, 0x57, 0x01, 0x09, 0x88, 0x00, 0x8F, 0x19, 0x11, 0xFF, 0x70, 0x17, 0x00, 0xFD, 0x02, 0x57
	.byte 0x10, 0xA7, 0x12, 0x5F, 0x50, 0x07, 0x20, 0x1F, 0x10, 0x07, 0xAD, 0x10, 0xBF, 0x19, 0x00, 0x07
	.byte 0xA8, 0x40, 0x07, 0x00, 0x10, 0x99, 0x00, 0x18, 0xEA, 0x20, 0x17, 0x10, 0x1F, 0x00, 0x17, 0x91
	.byte 0x00, 0x17, 0x8A, 0x00, 0x10, 0x11, 0xA3, 0x00, 0x18, 0xAA, 0x01, 0x48, 0x11, 0x11, 0x91, 0xE0
	.byte 0xEF, 0xF0, 0xFF, 0xF8, 0xC1, 0x1F, 0xC0, 0xDF, 0xD0, 0x1F, 0xF1, 0x27, 0x11, 0xB1, 0x9A, 0x99
	.byte 0xAA, 0x7F, 0xAA, 0xF1, 0x3F, 0x30, 0x07, 0x40, 0xA7, 0x50, 0xB7, 0x10, 0x07, 0x50, 0xCF, 0x00
	.byte 0x1F, 0x69, 0xAA, 0x00, 0xA8, 0x00, 0xA6, 0x99, 0x00, 0x3E, 0xAA, 0x91, 0x00, 0x18, 0x7F, 0x8A
	.byte 0x50, 0x27, 0x50, 0xD7, 0x11, 0x17, 0x00, 0x40, 0x00, 0x4E, 0x01, 0x54, 0xF0, 0x5F, 0xE0, 0xE1
	.byte 0x2F, 0x20, 0x57, 0x71, 0x57, 0x00, 0x00, 0x00, 0x10, 0xD0, 0x02, 0x00, 0x01, 0x00, 0x00, 0x00
	.byte 0x00, 0x22, 0x10, 0x01, 0x00, 0x01, 0x05, 0x02, 0x10, 0x03, 0x10, 0x04, 0xA0, 0x01, 0x05, 0x20
	.byte 0x17, 0x30, 0x06, 0x10, 0x10, 0x23, 0x10, 0x01, 0x07, 0x10, 0x08, 0x10, 0x01, 0x09, 0x10, 0x0A
	.byte 0x10, 0x0B, 0x10, 0x0C, 0xA0, 0x01, 0x01, 0x0D, 0x10, 0x0E, 0x10, 0x0F, 0x10, 0x10, 0x60, 0x27
	.byte 0x00, 0x11, 0x10, 0x12, 0x10, 0x13, 0x10, 0x14, 0x10, 0x14, 0x15, 0x10, 0x16, 0xA0, 0x01, 0x17
	.byte 0x00, 0x15, 0x18, 0x10, 0x46, 0x19, 0x20, 0x27, 0x1A, 0x20, 0x1B, 0xF0, 0x01, 0xE0, 0x01, 0x1C
	.byte 0x08, 0x20, 0x1D, 0x20, 0x27, 0x20, 0x01, 0x28, 0x20, 0x23, 0x8B, 0xF0, 0x01, 0x20, 0x28, 0x24
	.byte 0x30, 0x1D, 0x1E, 0xF0, 0x27, 0xF0, 0x27, 0xFF, 0xF0, 0x27, 0xF0, 0x27, 0xF0, 0x27, 0xF0, 0x25
	.byte 0xF0, 0x27, 0xF0, 0x27, 0xF0, 0x27, 0xF0, 0x27, 0xFE, 0xF0, 0x27, 0xF0, 0x27, 0xF0, 0x27, 0xF0
	.byte 0x27, 0xF0, 0x01, 0xF0, 0x27, 0x40, 0x27, 0x24, 0x00, 0x20, 0x25, 0x20, 0x26, 0x20, 0x26, 0x24
	.byte 0x25, 0x18, 0x24, 0x24, 0x24, 0xF0, 0x27, 0x70, 0x27, 0x2C, 0x20, 0x2D, 0x00, 0x20, 0x2E, 0x20
	.byte 0x2E, 0x24, 0x2D, 0x24, 0x2C, 0xA2, 0xE0, 0x27, 0x32, 0x20, 0x01, 0x29, 0x20, 0x33, 0x00, 0x01
	.byte 0x34, 0x00, 0x20, 0x35, 0x20, 0x36, 0x20, 0x36, 0x24, 0x35, 0x13, 0x24, 0x34, 0x24, 0x10, 0x0F
	.byte 0x29, 0x24, 0x30, 0x1D, 0x10, 0x27, 0x44, 0x2B, 0x20, 0x01, 0x31, 0x20, 0x2A, 0x20, 0x01, 0x2F
	.byte 0x20, 0x02, 0x30, 0x20, 0x30, 0x24, 0x2F, 0x24, 0x30, 0x0D, 0x31, 0x60, 0x24, 0x30, 0x1D, 0xF0
	.byte 0x27, 0x37, 0x20, 0x38, 0x20, 0x38, 0x23, 0x24, 0x37, 0xE0, 0x27, 0x1F, 0x20, 0x20, 0xF0, 0x01
	.byte 0xE0, 0x01, 0x00, 0x21, 0x20, 0x00, 0x00, 0x00, 0xFF, 0x7F, 0x5A, 0x6B, 0x9C, 0x73, 0x73, 0x4E
	.byte 0xF7, 0x5E, 0xB5, 0x56, 0x00, 0x00, 0x52, 0x4B, 0xB5, 0x57, 0x00, 0x00, 0x3B, 0x42, 0xBD, 0x52
	.byte 0x00, 0x00, 0xFF, 0x7F, 0x10, 0x4A, 0x49, 0x35, 0xFF, 0x7F, 0x9C, 0x73, 0x39, 0x67, 0xD6, 0x5A
	.byte 0x73, 0x4E, 0x10, 0x42, 0xAD, 0x35, 0x4A, 0x29, 0x00, 0x00, 0x7B, 0x6F, 0x00, 0x00, 0x52, 0x4B
	.byte 0xB5, 0x57, 0x00, 0x00, 0x10, 0x4A, 0x49, 0x35, 0x10, 0x20, 0x05, 0x00, 0x32, 0x00, 0x00, 0xF0
	.byte 0x01, 0xD0, 0x01, 0xEE, 0xEE, 0x30, 0x01, 0xDD, 0x00, 0xDD, 0xDD, 0xDD, 0x33, 0x33, 0x33, 0x33
	.byte 0x22, 0x00, 0x22, 0x22, 0x22, 0x41, 0x44, 0x44, 0x44, 0x54, 0x18, 0x55, 0x55, 0x55, 0xF0, 0x1F
	.byte 0x30, 0x1F, 0x44, 0x14, 0x11, 0x06, 0x11, 0x55, 0x45, 0x11, 0x52, 0xF0, 0x1F, 0x30, 0x1F, 0x11
	.byte 0x7E, 0x11, 0x00, 0x1F, 0x00, 0x23, 0xF0, 0x1F, 0x70, 0x1F, 0x10, 0x01, 0xF0, 0x1F, 0x33, 0x41
	.byte 0xD3, 0x00, 0x1E, 0x33, 0x11, 0x11, 0x21, 0x52, 0x00, 0x1E, 0xD0, 0xF0, 0x5F, 0x00, 0x20, 0x43
	.byte 0x00, 0x20, 0x24, 0x11, 0x53, 0x15, 0x14, 0x14, 0x31, 0xBA, 0x40, 0x1F, 0x0E, 0x00, 0x03, 0xFE
	.byte 0x00, 0x00, 0xDD, 0xED, 0xFF, 0x00, 0x33, 0xDD, 0xFF, 0x00, 0x05, 0x32, 0xD3, 0xFF, 0x00, 0x22
	.byte 0x00, 0x03, 0x21, 0x00, 0x03, 0x0C, 0x00, 0xEE, 0x3D, 0x14, 0xF0, 0x03, 0x70, 0x03, 0x73, 0x88
	.byte 0x02, 0x88, 0x88, 0x73, 0x77, 0x77, 0x77, 0xD0, 0x03, 0x31, 0xC0, 0x00, 0x67, 0x10, 0x9F, 0x88
	.byte 0x57, 0x14, 0x11, 0x77, 0x58, 0x30, 0x14, 0x52, 0x00, 0x03, 0x70, 0x07, 0x57, 0x14, 0x52, 0x33
	.byte 0x1F, 0x43, 0x11, 0x21, 0x50, 0xC3, 0x10, 0xE7, 0xD0, 0x07, 0x60, 0xE0, 0xF0, 0x01, 0xF0, 0xD0
	.byte 0x01, 0x20, 0xE7, 0xF0, 0x03, 0x30, 0x03, 0x14, 0x32, 0xBA, 0x5B, 0x00, 0x14, 0x32, 0xAA, 0x3A
	.byte 0x14, 0x21, 0x33, 0x23, 0x08, 0x14, 0x11, 0x22, 0x12, 0x10, 0x62, 0x14, 0x11, 0x15, 0x07, 0x15
	.byte 0x14, 0x51, 0x51, 0x51, 0x10, 0x07, 0x10, 0xE3, 0xF0, 0x03, 0xD0, 0x70, 0x03, 0x40, 0xE7, 0x44
	.byte 0x00, 0x03, 0x43, 0x00, 0xEE, 0xDD, 0x00, 0x33, 0x00, 0xEE, 0xDE, 0xDD, 0x00, 0xEE, 0xFF, 0x18
	.byte 0xFF, 0x00, 0xF0, 0x00, 0x03, 0x01, 0x3B, 0x51, 0x54, 0x54, 0x05, 0x14, 0x21, 0x24, 0x24, 0x14
	.byte 0x01, 0xEE, 0x44, 0x11, 0x5B, 0x98, 0x11, 0x63, 0xFF, 0xFF, 0x30, 0x01, 0x10, 0x1F, 0x54, 0x14
	.byte 0x52, 0x06, 0x55, 0x25, 0x15, 0x21, 0x22, 0xF0, 0x1F, 0x30, 0x1F, 0x55, 0xFF, 0x00, 0xEC, 0x11
	.byte 0xCD, 0xF0, 0x1F, 0x30, 0x1F, 0x50, 0xE4, 0xF0, 0x1F, 0x60, 0x1F, 0x00, 0xE7, 0x2D, 0x21, 0x54
	.byte 0x40, 0x1E, 0xD3, 0xD0, 0x1F, 0x50, 0xE7, 0x43, 0xF0, 0x3F, 0xD6, 0x20, 0x1F, 0x10, 0xE3, 0x41
	.byte 0x00, 0x03, 0x34, 0x00, 0x03, 0x11, 0xFB, 0xDD, 0x02, 0xFD, 0xFF, 0x00, 0xFF, 0xFF, 0xEF, 0x00
	.byte 0x03, 0x0E, 0x88, 0xB2, 0xE4, 0xE0, 0xEE, 0xEE, 0x12, 0x48, 0x00, 0xEE, 0x1E, 0x0A, 0x11, 0x00
	.byte 0xEE, 0x22, 0x10, 0x03, 0x23, 0x00, 0x03, 0x13, 0xF8, 0xD3, 0x03, 0x50, 0xAF, 0x52, 0xA3, 0x70
	.byte 0x1F, 0x32, 0x63, 0x11, 0xE1, 0xFF, 0x10, 0x00, 0x11, 0x52, 0x02, 0x5F, 0x65, 0xFF, 0x00, 0x52
	.byte 0x5D, 0x66, 0x11, 0x5F, 0x22, 0x01, 0x57, 0xF0, 0x03, 0x50, 0x03, 0x54, 0x00, 0x23, 0xE0, 0xF0
	.byte 0x03, 0x70, 0x03, 0x40, 0x27, 0x66, 0x00, 0xEE, 0x62, 0x77, 0x1E, 0x00, 0xEE, 0x7E, 0x00, 0x03
	.byte 0x71, 0x9B, 0x10, 0x01, 0x11, 0x37, 0x66, 0x1E, 0x66, 0x66, 0x66, 0x02, 0x92, 0x20, 0x01, 0x90
	.byte 0xFB, 0x10, 0x01, 0x65, 0xAB, 0x00, 0x43, 0x66, 0x00, 0x03, 0x77, 0x10, 0x03, 0xF7, 0xF0, 0xFB
	.byte 0x50, 0xBD, 0xF3, 0x30, 0xFF, 0x11, 0xFB, 0x12, 0x03, 0x12, 0x0B, 0x3D, 0x24, 0x12, 0x1B, 0x10
	.byte 0xE7, 0xDB, 0x40, 0x01, 0x03, 0x97, 0x32, 0x00, 0x03, 0x03, 0x9F, 0x32, 0x00, 0x03, 0x01, 0x6B
	.byte 0xBC, 0x00, 0x06, 0x93, 0x60, 0x1C, 0x11, 0x7C, 0x80, 0x01, 0x10, 0x13, 0x99, 0x99, 0x20, 0x99
	.byte 0x99, 0x20, 0x07, 0x33, 0x33, 0x99, 0x32, 0x33, 0x00, 0x23, 0x23, 0x39, 0x33, 0x32, 0x93, 0x32
	.byte 0x23, 0x0F, 0x33, 0x23, 0x39, 0x32, 0x00, 0x37, 0x00, 0x22, 0x10, 0x1F, 0x10, 0x2A, 0xEF, 0x00
	.byte 0x46, 0x00, 0x07, 0x00, 0x43, 0x93, 0x00, 0x0F, 0x00, 0x2F, 0x00, 0x06, 0x30, 0x37, 0xBE, 0x80
	.byte 0x07, 0x23, 0x10, 0x63, 0x10, 0x2F, 0x00, 0x08, 0x00, 0x4E, 0x00, 0x2F, 0x23, 0xFF, 0x10, 0x73
	.byte 0xE0, 0x27, 0xD0, 0x07, 0x00, 0xA3, 0x20, 0x28, 0x20, 0xB3, 0x10, 0x74, 0x20, 0xC3, 0xF8, 0x10
	.byte 0xCB, 0x70, 0x01, 0x40, 0x87, 0xE0, 0xBF, 0x10, 0x01, 0x00, 0x00, 0x00, 0x10, 0xD0, 0x02, 0x00
	.byte 0x00, 0x00, 0x00, 0x00, 0x00, 0x20, 0x10, 0x01, 0x10, 0x04, 0x02, 0x10, 0x03, 0x10, 0x04, 0xE0
	.byte 0x01, 0x05, 0x10, 0x0C, 0x06, 0x10, 0x07, 0x10, 0x10, 0x23, 0x10, 0x01, 0x08, 0x10, 0x01, 0x09
	.byte 0x10, 0x0A, 0x10, 0x0B, 0x10, 0x0C, 0xE0, 0x01, 0x04, 0x0D, 0x10, 0x0E, 0x10, 0x0F, 0x60, 0x27
	.byte 0x10, 0x10, 0x01, 0x11, 0x10, 0x12, 0x10, 0x13, 0x10, 0x14, 0xE0, 0x01, 0x04, 0x15, 0x10, 0x16
	.byte 0x10, 0x17, 0x20, 0x27, 0x18, 0x20, 0x60, 0x19, 0xF0, 0x01, 0xE0, 0x01, 0x1A, 0x20, 0x1B, 0x20
	.byte 0x21, 0x30, 0x20, 0x22, 0xF0, 0x01, 0x90, 0x01, 0x24, 0x21, 0x24, 0x1C, 0x8C, 0x00, 0x27, 0x24
	.byte 0x20, 0x26, 0xF0, 0x01, 0x90, 0x01, 0x24, 0x24, 0x8F, 0x20, 0x27, 0x26, 0x20, 0x23, 0xF0, 0x1B
	.byte 0x80, 0x01, 0x00, 0x1D, 0x40, 0x27, 0xFF, 0xF0, 0x01, 0xB0, 0x4F, 0xF0, 0x27, 0xF0, 0x01, 0xF0
	.byte 0x27, 0xF0, 0x01, 0xF0, 0x27, 0xF0, 0x01, 0xFF, 0xF0, 0x27, 0xF0, 0x19, 0xF0, 0x27, 0xF0, 0x27
	.byte 0xF0, 0x01, 0xF0, 0x27, 0xF0, 0x01, 0xB0, 0x27, 0xC6, 0xF1, 0x3F, 0xF1, 0x3F, 0x1B, 0x20, 0x25
	.byte 0xF0, 0x1B, 0xC0, 0x4F, 0x25, 0x86, 0x10, 0x27, 0x28, 0x27, 0x20, 0x28, 0xF0, 0x01, 0x90, 0x01
	.byte 0x24, 0x46, 0x27, 0x00, 0x27, 0x1D, 0x20, 0x1E, 0xF0, 0x01, 0xE0, 0x01, 0x1F, 0x00, 0x20, 0x00
	.byte 0xFF, 0x7F, 0xBD, 0x77, 0x5A, 0x6B, 0xF7, 0x5E, 0x94, 0x52, 0x31, 0x46, 0x00, 0x00, 0x7B, 0x6F
	.byte 0x00, 0x00, 0x00, 0x00, 0x00, 0x00, 0x00, 0x00, 0x00, 0x00, 0xFF, 0x7F, 0x0F, 0x46, 0x6A, 0x31
	.byte 0xDE, 0x7B, 0xBD, 0x77, 0x9C, 0x73, 0x7B, 0x6F, 0xFF, 0x7F, 0x39, 0x67, 0xD6, 0x5A, 0x31, 0x46
	.byte 0x00, 0x00, 0x00, 0x00, 0x00, 0x00, 0x00, 0x00, 0x00, 0x00, 0x00, 0x00, 0x0F, 0x46, 0x6A, 0x31
	.byte 0x10, 0xC0, 0x02, 0x00, 0x32, 0x00, 0x00, 0xF0, 0x01, 0xD0, 0x01, 0xEE, 0xEE, 0x30, 0x01, 0xDD
	.byte 0x01, 0xDD, 0xDD, 0xDD, 0x22, 0x22, 0x22, 0x22, 0x10, 0x07, 0x34, 0x77, 0x77, 0x30, 0x01, 0x30
	.byte 0x1F, 0x0E, 0x00, 0x03, 0xFE, 0x00, 0x00, 0xDD, 0xED, 0xFF, 0x00, 0x22, 0xD2, 0xFF, 0x00, 0x50
	.byte 0xDD, 0x00, 0x03, 0xD7, 0x40, 0x03, 0x00, 0xEE, 0x2D, 0x7D, 0xFF, 0xF0, 0x03, 0x70, 0x03, 0x50
	.byte 0x47, 0xF0, 0x01, 0x30, 0x01, 0x50, 0x47, 0xF0, 0x03, 0xE0, 0x5F, 0x42, 0xDD, 0x00, 0x03, 0x22
	.byte 0x00, 0xEE, 0xDE, 0x00, 0x07, 0xFF, 0x1E, 0xFF, 0x00, 0xF0, 0x00, 0x03, 0x00, 0x9B, 0x50, 0x47
	.byte 0x90, 0xBB, 0xFF, 0x7C, 0xFF, 0x30, 0x01, 0x10, 0x1F, 0x50, 0x47, 0x10, 0xB3, 0x20, 0xBB, 0xFD
	.byte 0xFF, 0x0A, 0x00, 0xFF, 0xFF, 0xEF, 0x00, 0x03, 0x0E, 0xB1, 0x04, 0xE0, 0x20, 0xEE, 0xEE, 0x11
	.byte 0x08, 0x00, 0xEE, 0x1E, 0x11, 0x00, 0x32, 0xEE, 0x22, 0x10, 0x03, 0x00, 0x6B, 0x22, 0x43, 0xD1
	.byte 0x23, 0x11, 0x61, 0x11, 0x30, 0x01, 0x10, 0x6B, 0x44, 0x44, 0x44, 0x44, 0x70, 0x1F, 0x81, 0x31
	.byte 0x23, 0x11, 0xE1, 0xFF, 0x00, 0x11, 0x52, 0x00, 0x6B, 0x07, 0x65, 0xFF, 0x00, 0x54, 0x66, 0x10
	.byte 0xBF, 0x00, 0x43, 0xF0, 0x03, 0xF8, 0x60, 0x03, 0x10, 0x23, 0xF0, 0x03, 0x70, 0x03, 0x30, 0x27
	.byte 0x32, 0x66, 0x00, 0x03, 0xEE, 0x63, 0x77, 0x00, 0xEE, 0x7E, 0x00, 0x03, 0x70, 0xFB, 0xC3, 0x10
	.byte 0x01, 0x10, 0x83, 0x66, 0x66, 0x66, 0x66, 0x51, 0x07, 0x90, 0xFB, 0xD5, 0x10, 0x01, 0x10, 0x43
	.byte 0x66, 0x00, 0x03, 0x77, 0x10, 0x03, 0xF7, 0xF0, 0xFB, 0xFF, 0xB0, 0xFB, 0x11, 0x5B, 0x11, 0x63
	.byte 0x21, 0x6B, 0x21, 0x77, 0x50, 0xEF, 0xF0, 0x01, 0x70, 0x01, 0x60, 0x21, 0x01, 0x0B, 0x70, 0x03
	.byte 0x44, 0x44, 0x21, 0x22, 0x24, 0xAF, 0x00, 0x07, 0x24, 0x00, 0x17, 0x24, 0x61, 0x2B, 0x50, 0x01
	.byte 0x10, 0xAF, 0x10, 0x07, 0xF0, 0x70, 0x3B, 0x30, 0x27, 0xF0, 0x03, 0x30, 0x03, 0x00, 0x00, 0x00
	.byte 0x10, 0xD0, 0x02, 0x00, 0x01, 0x00, 0x00, 0x00, 0x00, 0x11, 0x10, 0x01, 0xF0, 0x01, 0x98, 0x60
	.byte 0x01, 0x02, 0x10, 0x10, 0x23, 0x10, 0x01, 0x03, 0x10, 0x04, 0xD1, 0xF0, 0x01, 0x60, 0x01, 0x05
	.byte 0x60, 0x27, 0x06, 0x10, 0x07, 0xF0, 0x01, 0xA3, 0x60, 0x01, 0x08, 0x20, 0x27, 0x09, 0x20, 0x0A
	.byte 0xF0, 0x01, 0xE0, 0x01, 0x01, 0x0B, 0x20, 0x0C, 0x20, 0x13, 0x20, 0x14, 0xF0, 0x01, 0x88, 0xA0
	.byte 0x01, 0x13, 0x24, 0x0D, 0x00, 0x27, 0x15, 0x20, 0x12, 0xDF, 0xF0, 0x01, 0xA0, 0x01, 0x15, 0xF0
	.byte 0x27, 0xF0, 0x01, 0xF0, 0x27, 0xF0, 0x01, 0xF0, 0x27, 0xEF, 0xF0, 0x01, 0xF0, 0x27, 0x50, 0x0F
	.byte 0x2C, 0xF0, 0x21, 0xF0, 0x27, 0xF0, 0x01, 0xF0, 0x27, 0xFF, 0xF0, 0x19, 0xF0, 0x27, 0xF0, 0x27
	.byte 0xF0, 0x01, 0xF0, 0x27, 0xF0, 0x01, 0xF0, 0x27, 0xF0, 0x01, 0xE3, 0xF0, 0x27, 0xF0, 0x01, 0xF0
	.byte 0x27, 0x13, 0x28, 0x14, 0xF0, 0x01, 0xA0, 0x01, 0x01, 0x13, 0x2C, 0x0D, 0x20, 0x0E, 0x20, 0x0F
	.byte 0xF0, 0x01, 0x80, 0xE0, 0x01, 0x10, 0x20, 0x00, 0xAD, 0x22, 0xAE, 0x22, 0xAF, 0x22, 0xB0, 0x22
	.byte 0xB1, 0x22, 0xB2, 0x22, 0xB3, 0x22, 0xB4, 0x22, 0xB5, 0x22, 0xB6, 0x22, 0xAE, 0x22, 0xB7, 0x22
	.byte 0xB8, 0x22, 0xB9, 0x22, 0xBA, 0x22, 0xBB, 0x22, 0xBC, 0x22, 0xBD, 0x22, 0xBE, 0x22, 0xBF, 0x22
	.byte 0xC0, 0x22, 0xC1, 0x22, 0xB9, 0x22, 0xC2, 0x22, 0xC3, 0x22, 0xC4, 0x22, 0xC4, 0x22, 0xC4, 0x22
	.byte 0xC4, 0x22, 0xC4, 0x22, 0xC4, 0x22, 0xC4, 0x22, 0xC4, 0x22, 0xC4, 0x22, 0xC4, 0x22, 0xC5, 0x22
	.byte 0xC3, 0x22, 0xC4, 0x22, 0xC4, 0x22, 0xC4, 0x22, 0xC4, 0x22, 0xC4, 0x22, 0xC4, 0x22, 0xC4, 0x22
	.byte 0xC4, 0x22, 0xC4, 0x22, 0xC4, 0x22, 0xC5, 0x22, 0xC3, 0x22, 0xC4, 0x22, 0xC4, 0x22, 0xC4, 0x22
	.byte 0xC4, 0x22, 0xC4, 0x22, 0xC4, 0x22, 0xC4, 0x22, 0xC4, 0x22, 0xC4, 0x22, 0xC4, 0x22, 0xC5, 0x22
	.byte 0xC3, 0x22, 0xC4, 0x22, 0xC4, 0x22, 0xC4, 0x22, 0xC4, 0x22, 0xC4, 0x22, 0xC4, 0x22, 0xC4, 0x22
	.byte 0xC4, 0x22, 0xC4, 0x22, 0xC4, 0x22, 0xC5, 0x22, 0xC3, 0x22, 0xC4, 0x22, 0xC4, 0x22, 0xC4, 0x22
	.byte 0xC4, 0x22, 0xC4, 0x22, 0xC4, 0x22, 0xC4, 0x22, 0xC4, 0x22, 0xC4, 0x22, 0xC4, 0x22, 0xC5, 0x22
	.byte 0xC3, 0x22, 0xC4, 0x22, 0xC4, 0x22, 0xC4, 0x22, 0xC4, 0x22, 0xC4, 0x22, 0xC4, 0x22, 0xC4, 0x22
	.byte 0xC4, 0x22, 0xC4, 0x22, 0xC4, 0x22, 0xC5, 0x22, 0xC3, 0x22, 0xC4, 0x22, 0xC4, 0x22, 0xC4, 0x22
	.byte 0xC4, 0x22, 0xC4, 0x22, 0xC4, 0x22, 0xC4, 0x22, 0xC4, 0x22, 0xC4, 0x22, 0xC4, 0x22, 0xC5, 0x22
	.byte 0xC3, 0x22, 0xC4, 0x22, 0xC4, 0x22, 0xC4, 0x22, 0xC4, 0x22, 0xC4, 0x22, 0xC4, 0x22, 0xC4, 0x22
	.byte 0xC4, 0x22, 0xC4, 0x22, 0xC4, 0x22, 0xC5, 0x22, 0xC6, 0x22, 0xC4, 0x22, 0xC4, 0x22, 0xC4, 0x22
	.byte 0xC4, 0x22, 0xC4, 0x22, 0xC4, 0x22, 0xC4, 0x22, 0xC4, 0x22, 0xC4, 0x22, 0xC4, 0x22, 0xC5, 0x22
	.byte 0xC7, 0x22, 0xC4, 0x22, 0xC4, 0x22, 0xC4, 0x22, 0xC4, 0x22, 0xC4, 0x22, 0xC4, 0x22, 0xC4, 0x22
	.byte 0xC4, 0x22, 0xC4, 0x22, 0xC4, 0x22, 0xC5, 0x22, 0xC7, 0x22, 0xC4, 0x22, 0xC4, 0x22, 0xC4, 0x22
	.byte 0xC4, 0x22, 0xC4, 0x22, 0xC4, 0x22, 0xC4, 0x22, 0xC4, 0x22, 0xC4, 0x22, 0xC4, 0x22, 0xC5, 0x22
	.byte 0xC7, 0x22, 0xC4, 0x22, 0xC4, 0x22, 0xC4, 0x22, 0xC4, 0x22, 0xC4, 0x22, 0xC4, 0x22, 0xC4, 0x22
	.byte 0xC4, 0x22, 0xC4, 0x22, 0xC4, 0x22, 0xC5, 0x22, 0xC7, 0x22, 0xC4, 0x22, 0xC4, 0x22, 0xC4, 0x22
	.byte 0xC4, 0x22, 0xC4, 0x22, 0xC4, 0x22, 0xC4, 0x22, 0xC4, 0x22, 0xC4, 0x22, 0xC4, 0x22, 0xC5, 0x22
	.byte 0xC7, 0x22, 0xC4, 0x22, 0xC4, 0x22, 0xC4, 0x22, 0xC4, 0x22, 0xC4, 0x22, 0xC4, 0x22, 0xC4, 0x22
	.byte 0xC4, 0x22, 0xC4, 0x22, 0xC4, 0x22, 0xC5, 0x22, 0xC7, 0x22, 0xC4, 0x22, 0xC4, 0x22, 0xC4, 0x22
	.byte 0xC4, 0x22, 0xC4, 0x22, 0xC4, 0x22, 0xC4, 0x22, 0xC4, 0x22, 0xC4, 0x22, 0xC4, 0x22, 0xC5, 0x22
	.byte 0xC8, 0x22, 0xC9, 0x22, 0xC9, 0x22, 0xC9, 0x22, 0xC9, 0x22, 0xC9, 0x22, 0xC9, 0x22, 0xC9, 0x22
	.byte 0xC9, 0x22, 0xC9, 0x22, 0xC9, 0x22, 0xCA, 0x22
	.globl gUnknown_8551824
gUnknown_8551824: @ 0x08551824
	@ Replaced baserom.gba range: offset=0x551824, size=0x44
	.byte 0xE7, 0x1C, 0xFF, 0x7F, 0xE7, 0x1C, 0xFF, 0x7F, 0xE7, 0x1C, 0xFF, 0x7F, 0xE7, 0x1C, 0xFF, 0x7F
	.byte 0xE7, 0x1C, 0xFF, 0x7F, 0xE7, 0x1C, 0xFF, 0x7F, 0xE7, 0x1C, 0xFF, 0x7F, 0xE7, 0x1C, 0xFF, 0x7F
	.byte 0xE7, 0x1C, 0xFF, 0x7F, 0xE7, 0x1C, 0xFF, 0x7F, 0xE7, 0x1C, 0xFF, 0x7F, 0xE7, 0x1C, 0xFF, 0x7F
	.byte 0xE7, 0x1C, 0xFF, 0x7F, 0xE7, 0x1C, 0xFF, 0x7F, 0xE7, 0x1C, 0xFF, 0x7F, 0xE7, 0x1C, 0xFF, 0x7F
	.byte 0xE7, 0x1C, 0xFF, 0x7F
