	.globl gUnknown_845F31C
gUnknown_845F31C: @ 0x0845F31C
	@ analyzed canonical ROM range 0x0845F31C-0x0846F3AB
sAnalyzedData_0845F31C: @ 0x0845F31C
	@ structured u8 payload; no safe higher-level semantic type was provable
	.byte 0x04, 0x00, 0x05, 0x05, 0x00, 0x01, 0x05, 0x04, 0x05, 0x04, 0x04, 0x05, 0x04, 0x04, 0x04, 0x04
	.byte 0x07, 0x07, 0x07, 0x06, 0x06, 0x07, 0x04, 0x04, 0x00, 0x06, 0x00, 0x04, 0x04, 0x00, 0x00, 0x00
	.byte 0x04, 0x04, 0x07, 0x04, 0x05, 0x05, 0x04, 0x04, 0x04, 0x04, 0x07, 0x04, 0x00, 0x00, 0x00, 0x00
	.byte 0x04, 0x04, 0x04, 0x04, 0x04, 0x04, 0x04, 0x04, 0x00, 0x00, 0x00, 0x00, 0x04, 0x04, 0x04, 0x04
	.byte 0x04, 0x04, 0x04, 0x04, 0x04, 0x04, 0x04, 0x04, 0x04, 0x04, 0x04, 0x00, 0x00, 0x00, 0x00, 0x00
	.byte 0x06, 0x06, 0x06, 0x06, 0x00, 0x00, 0x00, 0x00, 0x00, 0x00, 0x00, 0x00, 0x00, 0x00, 0x00, 0x00
	.byte 0x04, 0x04, 0x04, 0x04, 0x04, 0x04, 0x04, 0x04, 0x04, 0x04, 0x04, 0x04, 0x06, 0x06, 0x04, 0x06
	.byte 0x00, 0x04, 0x04, 0x04, 0x04, 0x04, 0x04, 0x04, 0x04, 0x00, 0x04, 0x04, 0x04, 0x04, 0x04, 0x04
	.byte 0x00, 0x00, 0x00, 0x00, 0x00, 0x00, 0x00, 0x00, 0x00, 0x00, 0x00, 0x00, 0x00, 0x00, 0x00, 0x00
	.byte 0x00, 0x00, 0x00, 0x00, 0x00, 0x00, 0x00, 0x00, 0x00, 0x00, 0x00, 0x00, 0x00, 0x00, 0x00, 0x00
	.byte 0x00, 0x00, 0x00, 0x00, 0x00, 0x00, 0x00, 0x00, 0x00, 0x00, 0x00, 0x00, 0x00, 0x00, 0x00, 0x00
	.byte 0x00, 0x00, 0x04, 0x04, 0x00, 0x04, 0x00, 0x00, 0x04, 0x04, 0x04, 0x04, 0x04, 0x04, 0x04, 0x00
	.byte 0x04, 0x04, 0x04, 0x04, 0x04, 0x04, 0x00, 0x00, 0x00, 0x00, 0x00, 0x00, 0x00, 0x00, 0x00, 0x00
	.byte 0x04, 0x04, 0x04, 0x04, 0x04, 0x04, 0x04, 0x00, 0x00, 0x00, 0x00, 0x00, 0x00, 0x00, 0x00, 0x00
	.byte 0x00, 0x00, 0x00, 0x00, 0x00, 0x00, 0x00, 0x00, 0x00, 0x00, 0x00, 0x00, 0x00, 0x00, 0x00, 0x00
	.byte 0xDD, 0xEE, 0xEE, 0xDE, 0xCC, 0xDD, 0xDD, 0xCE, 0xCC, 0xCC, 0xCC, 0xCE, 0x77, 0xCC, 0xCC, 0x6E
	.byte 0x77, 0x77, 0x77, 0x77, 0x77, 0x77, 0x77, 0x77, 0x66, 0x66, 0x66, 0x66, 0x66, 0x66, 0x66, 0x66
	.byte 0xDD, 0xEE, 0xEE, 0xDE, 0xCC, 0xDD, 0xDD, 0xCE, 0xCC, 0xCC, 0xCC, 0xCE, 0x77, 0xCC, 0xCC, 0x6E
	.byte 0x77, 0x77, 0x77, 0x77, 0x77, 0x77, 0x77, 0x77, 0x66, 0x66, 0x66, 0x66, 0x66, 0x66, 0x66, 0x66
	.byte 0x44, 0x44, 0x44, 0x44, 0x44, 0x44, 0x44, 0x44, 0x44, 0x44, 0x44, 0x44, 0x44, 0x44, 0x44, 0x44
	.byte 0x67, 0x66, 0x66, 0x66, 0x77, 0x67, 0x6E, 0xE6, 0x77, 0x67, 0x6E, 0x6E, 0x77, 0x67, 0x6E, 0x6E
	.byte 0x44, 0x44, 0x44, 0x44, 0x44, 0x44, 0x44, 0x44, 0x44, 0x44, 0x44, 0x44, 0x44, 0x44, 0x44, 0x44
	.byte 0x66, 0x66, 0x66, 0x76, 0xEE, 0xEE, 0xE6, 0x76, 0x66, 0xEE, 0xD6, 0x76, 0x6E, 0x66, 0xD6, 0x76
	.byte 0x77, 0x67, 0x6E, 0x6E, 0x77, 0x67, 0x6E, 0x6E, 0x77, 0x66, 0x66, 0x6E, 0x77, 0x46, 0x64, 0x6E
	.byte 0x77, 0x46, 0x64, 0x6E, 0x77, 0x66, 0x66, 0x6E, 0x77, 0x67, 0x6E, 0x6E, 0x77, 0x67, 0x66, 0x6E
	.byte 0x6E, 0xDE, 0xD6, 0x76, 0x6E, 0xDD, 0xD6, 0x76, 0x6E, 0xDD, 0xD6, 0x76, 0x6D, 0xDD, 0xD6, 0x76
	.byte 0x6D, 0xDD, 0xD6, 0x76, 0x6E, 0xDD, 0xD6, 0x76, 0x6E, 0xEE, 0xE6, 0x76, 0x6E, 0xEE, 0xE6, 0x76
	.byte 0x77, 0x67, 0x6E, 0x66, 0x77, 0x67, 0x6E, 0xEE, 0x77, 0x76, 0x77, 0xEE, 0x77, 0x56, 0x55, 0x77
	.byte 0x67, 0x55, 0x55, 0x55, 0x77, 0x77, 0x77, 0x77, 0x77, 0x77, 0x77, 0x77, 0x57, 0x55, 0x55, 0x55
	.byte 0x66, 0xEE, 0xE6, 0x76, 0x6E, 0x66, 0xE6, 0x76, 0xEE, 0xEE, 0xE6, 0x76, 0xE7, 0xEE, 0xE6, 0x76
	.byte 0x75, 0x77, 0xE6, 0x76, 0x77, 0x77, 0x77, 0x77, 0x77, 0x77, 0x77, 0x77, 0x55, 0x55, 0x55, 0x75
	.byte 0xDD, 0xEE, 0xEE, 0xDE, 0xCC, 0xDD, 0xDD, 0xCE, 0xCC, 0xCC, 0xCC, 0xCE, 0x77, 0xCC, 0xCC, 0x6E
	.byte 0x77, 0x77, 0x77, 0x77, 0x77, 0x77, 0x77, 0x77, 0x66, 0x66, 0x66, 0x66, 0x66, 0x66, 0x66, 0x66
	.byte 0xDD, 0xEE, 0xEE, 0xDE, 0xCC, 0xDD, 0xDD, 0xCE, 0xCC, 0xCC, 0xCC, 0xCE, 0x77, 0xCC, 0xCC, 0x6E
	.byte 0x77, 0x77, 0x77, 0x77, 0x77, 0x77, 0x77, 0x77, 0x66, 0x66, 0x66, 0x66, 0x66, 0x66, 0x66, 0x66
	.byte 0x44, 0x44, 0x44, 0x44, 0x44, 0x44, 0x44, 0x44, 0x44, 0x44, 0x44, 0x44, 0x44, 0x44, 0x44, 0x44
	.byte 0x67, 0x66, 0x66, 0x66, 0x77, 0x77, 0x77, 0x67, 0x77, 0x77, 0x77, 0x67, 0x77, 0x77, 0x77, 0x67
	.byte 0x44, 0x44, 0x44, 0x44, 0x44, 0x44, 0x44, 0x44, 0x44, 0x44, 0x44, 0x44, 0x44, 0x44, 0x44, 0x44
	.byte 0x66, 0x66, 0x66, 0x76, 0x6E, 0x66, 0x6E, 0x76, 0x6E, 0x6E, 0x66, 0x76, 0x6E, 0x6E, 0x6E, 0x76
	.byte 0x77, 0x77, 0x77, 0x67, 0x77, 0x77, 0x77, 0x66, 0x77, 0x77, 0x77, 0x46, 0x77, 0x77, 0x77, 0x46
	.byte 0x77, 0x77, 0x67, 0x66, 0x77, 0x77, 0x67, 0x65, 0x77, 0x77, 0x56, 0x65, 0x77, 0x77, 0x56, 0x65
	.byte 0x6E, 0x6E, 0x6E, 0x76, 0x6E, 0x6E, 0x6E, 0x76, 0x6E, 0x6E, 0x6E, 0x76, 0x6E, 0x6E, 0x6E, 0x76
	.byte 0x6E, 0x6E, 0x6E, 0x76, 0x66, 0x6E, 0x6E, 0x76, 0x6E, 0x6E, 0x6E, 0x76, 0x6E, 0x66, 0x6E, 0x76
	.byte 0x77, 0x67, 0x55, 0x55, 0x77, 0x67, 0x55, 0x55, 0x77, 0x56, 0x55, 0x55, 0x77, 0x56, 0x55, 0x55
	.byte 0x67, 0x55, 0x55, 0x55, 0x77, 0x77, 0x77, 0x77, 0x77, 0x77, 0x77, 0x77, 0x55, 0x55, 0x55, 0x55
	.byte 0x67, 0x6E, 0x6E, 0x76, 0x75, 0x6E, 0x66, 0x76, 0x55, 0x67, 0x6E, 0x76, 0x55, 0x75, 0x6E, 0x76
	.byte 0x55, 0x55, 0x67, 0x76, 0x77, 0x77, 0x77, 0x77, 0x77, 0x77, 0x77, 0x77, 0x55, 0x55, 0x55, 0x75
	.byte 0xDD, 0xEE, 0xEE, 0xDE, 0xCC, 0xDD, 0xDD, 0xCE, 0xCC, 0xCC, 0xCC, 0xCE, 0x77, 0xCC, 0xCC, 0x6E
	.byte 0x77, 0x77, 0x77, 0x77, 0x77, 0x77, 0x77, 0x77, 0x66, 0x66, 0x66, 0x66, 0x66, 0x66, 0x66, 0x66
	.byte 0xDD, 0xEE, 0xEE, 0xDE, 0xCC, 0xDD, 0xDD, 0xCE, 0xCC, 0xCC, 0xCC, 0xCE, 0x77, 0xCC, 0xCC, 0x6E
	.byte 0x77, 0x77, 0x77, 0x77, 0x77, 0x77, 0x77, 0x77, 0x66, 0x66, 0x66, 0x66, 0x66, 0x66, 0x66, 0x66
	.byte 0x44, 0x44, 0x44, 0x44, 0x44, 0x44, 0x44, 0x44, 0x44, 0x44, 0x44, 0x44, 0x44, 0x44, 0x44, 0x44
	.byte 0x67, 0x66, 0x66, 0x66, 0x77, 0x77, 0x77, 0x77, 0x77, 0x77, 0x77, 0x77, 0x77, 0x77, 0x77, 0x77
	.byte 0x44, 0x44, 0x44, 0x44, 0x44, 0x44, 0x44, 0x44, 0x44, 0x44, 0x44, 0x44, 0x44, 0x44, 0x44, 0x44
	.byte 0x66, 0x66, 0x66, 0x76, 0x77, 0x77, 0x77, 0x77, 0x77, 0x77, 0x77, 0x77, 0x77, 0x77, 0x77, 0x77
	.byte 0x77, 0x77, 0x77, 0x77, 0x77, 0x77, 0x77, 0x77, 0x77, 0x77, 0x77, 0x66, 0x77, 0x77, 0x77, 0x56
	.byte 0x77, 0x77, 0x67, 0x55, 0x77, 0x77, 0x67, 0x55, 0x77, 0x77, 0x56, 0x55, 0x77, 0x77, 0x56, 0x55
	.byte 0x77, 0x77, 0x77, 0x77, 0x77, 0x77, 0x77, 0x77, 0x66, 0x66, 0x66, 0x76, 0x55, 0x55, 0x55, 0x75
	.byte 0x55, 0x55, 0x55, 0x75, 0x55, 0x55, 0x55, 0x75, 0x55, 0x55, 0x55, 0x75, 0x55, 0x55, 0x55, 0x75
	.byte 0x77, 0x67, 0x55, 0x55, 0x77, 0x67, 0x55, 0x55, 0x77, 0x56, 0x55, 0x55, 0x77, 0x56, 0x55, 0x55
	.byte 0x67, 0x55, 0x55, 0x55, 0x77, 0x77, 0x77, 0x77, 0x77, 0x77, 0x77, 0x77, 0x55, 0x55, 0x55, 0x55
	.byte 0x55, 0x55, 0x55, 0x75, 0x55, 0x55, 0x55, 0x75, 0x55, 0x55, 0x55, 0x75, 0x55, 0x55, 0x55, 0x75
	.byte 0x55, 0x55, 0x55, 0x75, 0x77, 0x77, 0x77, 0x77, 0x77, 0x77, 0x77, 0x77, 0x55, 0x55, 0x55, 0x55
	.byte 0x00, 0x00, 0x00, 0x00, 0x00, 0x00, 0x00, 0x00, 0x00, 0x00, 0x00, 0x00, 0x00, 0x00, 0x00, 0x00
	.byte 0x00, 0x00, 0x00, 0x00, 0x00, 0x00, 0x00, 0x00, 0x00, 0x00, 0x00, 0x00, 0x00, 0x00, 0x00, 0x00
	.byte 0x44, 0x54, 0x43, 0x44, 0x33, 0x53, 0x33, 0x33, 0x55, 0x55, 0x55, 0x55, 0x66, 0x66, 0x66, 0x66
	.byte 0x77, 0x77, 0x77, 0x77, 0x66, 0x66, 0x66, 0x66, 0x66, 0x66, 0x66, 0x66, 0x66, 0x66, 0x66, 0x66
	.byte 0x44, 0x54, 0x43, 0x44, 0x33, 0x53, 0x33, 0x33, 0x55, 0x55, 0x55, 0x55, 0x66, 0x66, 0x66, 0x66
	.byte 0x77, 0x77, 0x77, 0x77, 0x66, 0x66, 0x66, 0x66, 0x66, 0x66, 0x66, 0x66, 0x66, 0x66, 0x66, 0x66
	.byte 0x45, 0x44, 0x44, 0x44, 0x45, 0x44, 0x44, 0x44, 0x45, 0x44, 0x44, 0x44, 0x45, 0x44, 0x44, 0x44
	.byte 0x67, 0x66, 0x66, 0x66, 0x77, 0x67, 0x55, 0x55, 0x77, 0x67, 0x55, 0x55, 0x77, 0x67, 0x55, 0x55
	.byte 0x44, 0x44, 0x44, 0x44, 0x44, 0x44, 0x44, 0x44, 0x44, 0x44, 0x44, 0x44, 0x44, 0x44, 0x44, 0x44
	.byte 0x66, 0x66, 0x66, 0x76, 0x65, 0x56, 0x55, 0x76, 0x65, 0x6A, 0xE5, 0x76, 0x65, 0x6A, 0xEE, 0x76
	.byte 0x77, 0x67, 0x55, 0x55, 0x77, 0x67, 0x55, 0x55, 0x77, 0x66, 0x66, 0x55, 0x77, 0x46, 0x64, 0x55
	.byte 0x77, 0x46, 0x64, 0x55, 0x77, 0x66, 0x66, 0x55, 0x77, 0x67, 0x55, 0x55, 0x77, 0x67, 0x55, 0x55
	.byte 0x65, 0x6A, 0xEE, 0x76, 0x65, 0x6A, 0xEE, 0x76, 0x65, 0x6A, 0xEE, 0x76, 0x65, 0x6A, 0xEE, 0x76
	.byte 0x65, 0x6A, 0xEE, 0x76, 0x65, 0x6A, 0xEE, 0x76, 0x65, 0x6A, 0xEE, 0x76, 0x65, 0x6A, 0xE5, 0x76
	.byte 0x77, 0x67, 0x55, 0x55, 0x77, 0x67, 0x55, 0x55, 0x77, 0x76, 0x77, 0x55, 0x77, 0x56, 0x55, 0x77
	.byte 0x67, 0x55, 0x55, 0x55, 0x77, 0x77, 0x77, 0x77, 0x77, 0x77, 0x77, 0x77, 0x57, 0x55, 0x55, 0x55
	.byte 0x65, 0x6A, 0x55, 0x76, 0x65, 0x66, 0x55, 0x76, 0x55, 0x65, 0x55, 0x76, 0x57, 0x55, 0x55, 0x76
	.byte 0x75, 0x77, 0x55, 0x76, 0x77, 0x77, 0x77, 0x77, 0x77, 0x77, 0x77, 0x77, 0x55, 0x55, 0x55, 0x75
	.byte 0x44, 0x54, 0x43, 0x44, 0x33, 0x53, 0x33, 0x33, 0x55, 0x55, 0x55, 0x55, 0x66, 0x66, 0x66, 0x66
	.byte 0x77, 0x77, 0x77, 0x77, 0x66, 0x66, 0x66, 0x66, 0x66, 0x66, 0x66, 0x66, 0x66, 0x66, 0x66, 0x66
	.byte 0x44, 0x54, 0x43, 0x44, 0x33, 0x53, 0x33, 0x33, 0x55, 0x55, 0x55, 0x55, 0x66, 0x66, 0x66, 0x66
	.byte 0x77, 0x77, 0x77, 0x77, 0x66, 0x66, 0x66, 0x66, 0x66, 0x66, 0x66, 0x66, 0x66, 0x66, 0x66, 0x66
	.byte 0x45, 0x44, 0x44, 0x44, 0x45, 0x44, 0x44, 0x44, 0x45, 0x44, 0x44, 0x44, 0x45, 0x44, 0x44, 0x44
	.byte 0x67, 0x66, 0x66, 0x66, 0x77, 0x77, 0x77, 0x67, 0x77, 0x77, 0x77, 0x67, 0x77, 0x77, 0x77, 0x67
	.byte 0x44, 0x44, 0x44, 0x44, 0x44, 0x44, 0x44, 0x44, 0x44, 0x44, 0x44, 0x44, 0x44, 0x44, 0x44, 0x44
	.byte 0x66, 0x66, 0x66, 0x76, 0x55, 0x65, 0x5A, 0x76, 0x55, 0x65, 0x5A, 0x76, 0x55, 0x65, 0x5A, 0x76
	.byte 0x77, 0x77, 0x77, 0x67, 0x77, 0x77, 0x77, 0x66, 0x77, 0x77, 0x77, 0x46, 0x77, 0x77, 0x77, 0x46
	.byte 0x77, 0x77, 0x67, 0x66, 0x77, 0x77, 0x67, 0x65, 0x77, 0x77, 0x56, 0x65, 0x77, 0x77, 0x56, 0x65
	.byte 0x55, 0x65, 0x5A, 0x76, 0x55, 0x65, 0x5A, 0x76, 0x55, 0x65, 0x5A, 0x76, 0x55, 0x65, 0x5A, 0x76
	.byte 0x55, 0x65, 0x5A, 0x76, 0x55, 0x65, 0x5A, 0x76, 0x55, 0x65, 0x5A, 0x76, 0x55, 0x65, 0x5A, 0x76
	.byte 0x77, 0x67, 0x55, 0x55, 0x77, 0x67, 0x55, 0x55, 0x77, 0x56, 0x55, 0x55, 0x77, 0x56, 0x55, 0x55
	.byte 0x67, 0x55, 0x55, 0x55, 0x77, 0x77, 0x77, 0x77, 0x77, 0x77, 0x77, 0x77, 0x55, 0x55, 0x55, 0x55
	.byte 0x57, 0x55, 0x5A, 0x76, 0x75, 0x55, 0x55, 0x76, 0x55, 0x57, 0x55, 0x76, 0x55, 0x75, 0x55, 0x76
	.byte 0x55, 0x55, 0x57, 0x76, 0x77, 0x77, 0x77, 0x77, 0x77, 0x77, 0x77, 0x77, 0x55, 0x55, 0x55, 0x75
	.byte 0x44, 0x54, 0x43, 0x44, 0x33, 0x53, 0x33, 0x33, 0x55, 0x55, 0x55, 0x55, 0x66, 0x66, 0x66, 0x66
	.byte 0x77, 0x77, 0x77, 0x77, 0x66, 0x66, 0x66, 0x66, 0x66, 0x66, 0x66, 0x66, 0x66, 0x66, 0x66, 0x66
	.byte 0x44, 0x54, 0x43, 0x44, 0x33, 0x53, 0x33, 0x33, 0x55, 0x55, 0x55, 0x55, 0x66, 0x66, 0x66, 0x66
	.byte 0x77, 0x77, 0x77, 0x77, 0x66, 0x66, 0x66, 0x66, 0x66, 0x66, 0x66, 0x66, 0x66, 0x66, 0x66, 0x66
	.byte 0x45, 0x44, 0x44, 0x44, 0x45, 0x44, 0x44, 0x44, 0x45, 0x44, 0x44, 0x44, 0x45, 0x44, 0x44, 0x44
	.byte 0x67, 0x66, 0x66, 0x66, 0x77, 0x77, 0x77, 0x77, 0x77, 0x77, 0x77, 0x77, 0x77, 0x77, 0x77, 0x77
	.byte 0x44, 0x44, 0x44, 0x44, 0x44, 0x44, 0x44, 0x44, 0x44, 0x44, 0x44, 0x44, 0x44, 0x44, 0x44, 0x44
	.byte 0x66, 0x66, 0x66, 0x76, 0x77, 0x77, 0x77, 0x77, 0x77, 0x77, 0x77, 0x77, 0x77, 0x77, 0x77, 0x77
	.byte 0x77, 0x77, 0x77, 0x77, 0x77, 0x77, 0x77, 0x77, 0x77, 0x77, 0x77, 0x66, 0x77, 0x77, 0x77, 0x56
	.byte 0x77, 0x77, 0x67, 0x55, 0x77, 0x77, 0x67, 0x55, 0x77, 0x77, 0x56, 0x55, 0x77, 0x77, 0x56, 0x55
	.byte 0x77, 0x77, 0x77, 0x77, 0x77, 0x77, 0x77, 0x77, 0x66, 0x66, 0x66, 0x76, 0x55, 0x55, 0x55, 0x75
	.byte 0x55, 0x55, 0x55, 0x75, 0x55, 0x55, 0x55, 0x75, 0x55, 0x55, 0x55, 0x75, 0x55, 0x55, 0x55, 0x75
	.byte 0x77, 0x67, 0x55, 0x55, 0x77, 0x67, 0x55, 0x55, 0x77, 0x56, 0x55, 0x55, 0x77, 0x56, 0x55, 0x55
	.byte 0x67, 0x55, 0x55, 0x55, 0x77, 0x77, 0x77, 0x77, 0x77, 0x77, 0x77, 0x77, 0x55, 0x55, 0x55, 0x55
	.byte 0x55, 0x55, 0x55, 0x75, 0x55, 0x55, 0x55, 0x75, 0x55, 0x55, 0x55, 0x75, 0x55, 0x55, 0x55, 0x75
	.byte 0x55, 0x55, 0x55, 0x75, 0x77, 0x77, 0x77, 0x77, 0x77, 0x77, 0x77, 0x77, 0x55, 0x55, 0x55, 0x55
	.byte 0x00, 0x00, 0x00, 0x00, 0x00, 0x00, 0x00, 0x00, 0x00, 0x00, 0x00, 0x00, 0x00, 0x00, 0x00, 0x00
	.byte 0x00, 0x00, 0x00, 0x00, 0x00, 0x00, 0x00, 0x00, 0x00, 0x00, 0x00, 0x00, 0x00, 0x00, 0x00, 0x00
	.byte 0xDD, 0xCB, 0xD6, 0xDD, 0xCC, 0xBB, 0xC6, 0xCC, 0xEE, 0xCB, 0xE6, 0xEE, 0xCC, 0x77, 0xC7, 0xCC
	.byte 0xEE, 0xEE, 0xEE, 0xEE, 0x77, 0x77, 0x77, 0x77, 0x77, 0x77, 0x77, 0x77, 0x66, 0x66, 0x66, 0x66
	.byte 0xDD, 0xCB, 0xD6, 0xDD, 0xCC, 0xBB, 0xC6, 0xCC, 0xEE, 0xCB, 0xE6, 0xEE, 0xCC, 0x77, 0xC7, 0xCC
	.byte 0xEE, 0xEE, 0xEE, 0xEE, 0x77, 0x77, 0x77, 0x77, 0x77, 0x77, 0x77, 0x77, 0x66, 0x66, 0x66, 0x66
	.byte 0x44, 0x44, 0x44, 0x44, 0x44, 0x44, 0x44, 0x44, 0x44, 0x44, 0x44, 0x44, 0x77, 0x77, 0x77, 0x77
	.byte 0x74, 0x77, 0x44, 0x44, 0x74, 0x77, 0x34, 0x33, 0x74, 0x77, 0x34, 0x44, 0x74, 0x77, 0x34, 0x44
	.byte 0x44, 0x44, 0x44, 0x44, 0x44, 0x44, 0x44, 0x44, 0x44, 0x44, 0x44, 0x44, 0x77, 0x77, 0x77, 0x77
	.byte 0x44, 0x44, 0x44, 0x46, 0x43, 0x44, 0x44, 0x46, 0x34, 0x33, 0x33, 0x46, 0x44, 0x34, 0x32, 0x46
	.byte 0x74, 0x77, 0x34, 0x44, 0x74, 0x77, 0x34, 0x44, 0x74, 0x77, 0x34, 0x44, 0x74, 0xC7, 0x3D, 0x34
	.byte 0x74, 0xD7, 0x2D, 0x33, 0x74, 0x77, 0x24, 0x33, 0x74, 0x77, 0x24, 0x33, 0x74, 0x77, 0x24, 0x33
	.byte 0x44, 0x33, 0x32, 0x46, 0x34, 0x33, 0x32, 0x46, 0x33, 0x33, 0x32, 0x46, 0x33, 0x33, 0x32, 0x46
	.byte 0x33, 0x33, 0x32, 0x46, 0x33, 0x33, 0x32, 0x46, 0x33, 0x33, 0x32, 0x46, 0x33, 0x33, 0x32, 0x46
	.byte 0x74, 0x77, 0x24, 0x33, 0x74, 0x67, 0x34, 0x22, 0x74, 0x67, 0x44, 0x33, 0x74, 0x56, 0x55, 0x44
	.byte 0x74, 0x55, 0x55, 0x55, 0x74, 0x77, 0x77, 0x77, 0x74, 0x77, 0x77, 0x77, 0x66, 0x66, 0x66, 0x66
	.byte 0x33, 0x33, 0x32, 0x46, 0x32, 0x33, 0x32, 0x46, 0x23, 0x22, 0x32, 0x46, 0x34, 0x33, 0x33, 0x46
	.byte 0x45, 0x44, 0x34, 0x46, 0x77, 0x77, 0x77, 0x47, 0x77, 0x77, 0x77, 0x47, 0x66, 0x66, 0x66, 0x66
	.byte 0xDD, 0xCB, 0xD6, 0xDD, 0xCC, 0xBB, 0xC6, 0xCC, 0xEE, 0xCB, 0xE6, 0xEE, 0xCC, 0x77, 0xC7, 0xCC
	.byte 0xEE, 0xEE, 0xEE, 0xEE, 0x77, 0x77, 0x77, 0x77, 0x77, 0x77, 0x77, 0x77, 0x66, 0x66, 0x66, 0x66
	.byte 0xDD, 0xCB, 0xD6, 0xDD, 0xCC, 0xBB, 0xC6, 0xCC, 0xEE, 0xCB, 0xE6, 0xEE, 0xCC, 0x77, 0xC7, 0xCC
	.byte 0xEE, 0xEE, 0xEE, 0xEE, 0x77, 0x77, 0x77, 0x77, 0x77, 0x77, 0x77, 0x77, 0x66, 0x66, 0x66, 0x66
	.byte 0x44, 0x44, 0x44, 0x44, 0x44, 0x44, 0x44, 0x44, 0x44, 0x44, 0x44, 0x44, 0x77, 0x77, 0x77, 0x77
	.byte 0x74, 0x77, 0x77, 0x47, 0x74, 0x77, 0x77, 0x47, 0x74, 0x77, 0x77, 0x47, 0x74, 0x77, 0x77, 0x47
	.byte 0x44, 0x44, 0x44, 0x44, 0x44, 0x44, 0x44, 0x44, 0x44, 0x44, 0x44, 0x44, 0x77, 0x77, 0x77, 0x77
	.byte 0x33, 0x23, 0x33, 0x46, 0x33, 0x23, 0x33, 0x46, 0x33, 0x23, 0x33, 0x46, 0x33, 0x23, 0x33, 0x46
	.byte 0x74, 0x77, 0x77, 0x4D, 0x74, 0x77, 0x77, 0x4D, 0x74, 0x77, 0x77, 0x47, 0x74, 0x77, 0x77, 0x46
	.byte 0x74, 0x77, 0x67, 0x45, 0x74, 0x77, 0x67, 0x45, 0x74, 0x77, 0x56, 0x45, 0x74, 0x77, 0x56, 0x45
	.byte 0x33, 0x23, 0x33, 0x46, 0x33, 0x23, 0x33, 0x46, 0x33, 0x23, 0x33, 0x46, 0x33, 0x23, 0x33, 0x46
	.byte 0x33, 0x23, 0x33, 0x46, 0x33, 0x23, 0x33, 0x46, 0x33, 0x23, 0x33, 0x46, 0x23, 0x23, 0x33, 0x46
	.byte 0x74, 0x67, 0x55, 0x55, 0x74, 0x67, 0x55, 0x55, 0x74, 0x56, 0x55, 0x55, 0x74, 0x56, 0x55, 0x55
	.byte 0x64, 0x55, 0x55, 0x55, 0x74, 0x77, 0x77, 0x77, 0x74, 0x77, 0x77, 0x77, 0x66, 0x66, 0x66, 0x66
	.byte 0x34, 0x22, 0x33, 0x46, 0x45, 0x23, 0x33, 0x46, 0x55, 0x34, 0x33, 0x46, 0x55, 0x45, 0x33, 0x46
	.byte 0x55, 0x55, 0x44, 0x46, 0x77, 0x77, 0x77, 0x47, 0x77, 0x77, 0x77, 0x47, 0x66, 0x66, 0x66, 0x66
	.byte 0xDD, 0xCB, 0xD6, 0xDD, 0xCC, 0xBB, 0xC6, 0xCC, 0xEE, 0xCB, 0xE6, 0xEE, 0xCC, 0x77, 0xC7, 0xCC
	.byte 0xEE, 0xEE, 0xEE, 0xEE, 0x77, 0x77, 0x77, 0x77, 0x77, 0x77, 0x77, 0x77, 0x66, 0x66, 0x66, 0x66
	.byte 0xDD, 0xCB, 0xD6, 0xDD, 0xCC, 0xBB, 0xC6, 0xCC, 0xEE, 0xCB, 0xE6, 0xEE, 0xCC, 0x77, 0xC7, 0xCC
	.byte 0xEE, 0xEE, 0xEE, 0xEE, 0x77, 0x77, 0x77, 0x77, 0x77, 0x77, 0x77, 0x77, 0x66, 0x66, 0x66, 0x66
	.byte 0x44, 0x44, 0x44, 0x44, 0x44, 0x44, 0x44, 0x44, 0x44, 0x44, 0x44, 0x44, 0x77, 0x77, 0x77, 0x77
	.byte 0x74, 0x77, 0x77, 0x77, 0x74, 0x77, 0x77, 0x77, 0x74, 0x77, 0x77, 0x77, 0x74, 0x77, 0x77, 0x77
	.byte 0x44, 0x44, 0x44, 0x44, 0x44, 0x44, 0x44, 0x44, 0x44, 0x44, 0x44, 0x44, 0x77, 0x77, 0x77, 0x77
	.byte 0x77, 0x77, 0x77, 0x47, 0x77, 0x77, 0x77, 0x47, 0x77, 0x77, 0x77, 0x47, 0x77, 0x77, 0x77, 0x47
	.byte 0x74, 0x77, 0x77, 0x77, 0x74, 0x77, 0x77, 0x77, 0x74, 0x77, 0x77, 0x66, 0x74, 0x77, 0x77, 0x56
	.byte 0x74, 0x77, 0x67, 0x55, 0x74, 0x77, 0x67, 0x55, 0x74, 0x77, 0x56, 0x55, 0x74, 0x77, 0x56, 0x55
	.byte 0x77, 0x77, 0x77, 0x47, 0x77, 0x77, 0x77, 0x47, 0x66, 0x66, 0x66, 0x46, 0x55, 0x55, 0x55, 0x45
	.byte 0x55, 0x55, 0x55, 0x45, 0x55, 0x55, 0x55, 0x45, 0x55, 0x55, 0x55, 0x45, 0x55, 0x55, 0x55, 0x45
	.byte 0x74, 0x67, 0x55, 0x55, 0x74, 0x67, 0x55, 0x55, 0x74, 0x56, 0x55, 0x55, 0x74, 0x56, 0x55, 0x55
	.byte 0x64, 0x55, 0x55, 0x55, 0x74, 0x77, 0x77, 0x77, 0x74, 0x77, 0x77, 0x77, 0x66, 0x66, 0x66, 0x66
	.byte 0x55, 0x55, 0x55, 0x45, 0x55, 0x55, 0x55, 0x45, 0x55, 0x55, 0x55, 0x45, 0x55, 0x55, 0x55, 0x45
	.byte 0x55, 0x55, 0x55, 0x45, 0x77, 0x77, 0x77, 0x47, 0x77, 0x77, 0x77, 0x47, 0x66, 0x66, 0x66, 0x66
	.byte 0x00, 0x00, 0x00, 0x00, 0x00, 0x00, 0x00, 0x00, 0x00, 0x00, 0x00, 0x00, 0x00, 0x00, 0x00, 0x00
	.byte 0x00, 0x00, 0x00, 0x00, 0x00, 0x00, 0x00, 0x00, 0x00, 0x00, 0x00, 0x00, 0x00, 0x00, 0x00, 0x00
	.byte 0x33, 0x47, 0x74, 0x32, 0x33, 0x47, 0x74, 0x32, 0x33, 0x77, 0x77, 0x32, 0x44, 0x67, 0x76, 0x44
	.byte 0x66, 0x67, 0x76, 0x66, 0x77, 0x77, 0x77, 0x77, 0x55, 0x55, 0x55, 0x55, 0x55, 0x55, 0x55, 0x55
	.byte 0x33, 0x47, 0x74, 0x32, 0x33, 0x47, 0x74, 0x32, 0x33, 0x77, 0x77, 0x32, 0x44, 0x67, 0x76, 0x44
	.byte 0x66, 0x67, 0x76, 0x66, 0x77, 0x77, 0x77, 0x77, 0x55, 0x55, 0x55, 0x55, 0x55, 0x55, 0x55, 0x55
	.byte 0xDE, 0xDD, 0xDD, 0xDD, 0xDE, 0xDD, 0xDD, 0xDD, 0xDE, 0xDD, 0xDD, 0xDD, 0xDE, 0xDD, 0xDD, 0xDD
	.byte 0x67, 0x66, 0x66, 0x66, 0x77, 0x67, 0x64, 0x66, 0x77, 0x67, 0x64, 0x44, 0x77, 0x67, 0x64, 0x44
	.byte 0xDD, 0xDD, 0xDD, 0xDD, 0xDD, 0xDD, 0xDD, 0xDD, 0xDD, 0xDD, 0xDD, 0xDD, 0xDD, 0xDD, 0xDD, 0xDD
	.byte 0x66, 0x66, 0x66, 0x76, 0x46, 0x44, 0x46, 0x76, 0x64, 0x66, 0x36, 0x76, 0x44, 0x44, 0x36, 0x76
	.byte 0x77, 0x67, 0x64, 0x44, 0x77, 0x67, 0x64, 0x44, 0x77, 0x66, 0x66, 0x44, 0x77, 0xE6, 0x6E, 0x44
	.byte 0x77, 0xE6, 0x6E, 0x44, 0x77, 0x66, 0x66, 0x44, 0x77, 0x67, 0x64, 0x66, 0x77, 0x67, 0x64, 0x44
	.byte 0x44, 0x34, 0x36, 0x76, 0x44, 0x33, 0x36, 0x76, 0x34, 0x33, 0x36, 0x76, 0x33, 0x33, 0x36, 0x76
	.byte 0x33, 0x33, 0x36, 0x76, 0x44, 0x33, 0x36, 0x76, 0x46, 0x44, 0x46, 0x76, 0x64, 0x66, 0x46, 0x76
	.byte 0x77, 0x67, 0x64, 0x44, 0x77, 0x67, 0x64, 0x44, 0x77, 0x76, 0x77, 0x44, 0x77, 0x56, 0x55, 0x77
	.byte 0x67, 0x55, 0x55, 0x55, 0x77, 0x77, 0x77, 0x77, 0x77, 0x77, 0x77, 0x77, 0x57, 0x55, 0x55, 0x55
	.byte 0x44, 0x44, 0x46, 0x76, 0x44, 0x44, 0x46, 0x76, 0x44, 0x44, 0x46, 0x76, 0x47, 0x44, 0x46, 0x76
	.byte 0x75, 0x77, 0x46, 0x76, 0x77, 0x77, 0x77, 0x77, 0x77, 0x77, 0x77, 0x77, 0x55, 0x55, 0x55, 0x75
	.byte 0x33, 0x47, 0x74, 0x32, 0x33, 0x47, 0x74, 0x32, 0x33, 0x77, 0x77, 0x32, 0x44, 0x67, 0x76, 0x44
	.byte 0x66, 0x67, 0x76, 0x66, 0x77, 0x77, 0x77, 0x77, 0x55, 0x55, 0x55, 0x55, 0x55, 0x55, 0x55, 0x55
	.byte 0x33, 0x47, 0x74, 0x32, 0x33, 0x47, 0x74, 0x32, 0x33, 0x77, 0x77, 0x32, 0x44, 0x67, 0x76, 0x44
	.byte 0x66, 0x67, 0x76, 0x66, 0x77, 0x77, 0x77, 0x77, 0x55, 0x55, 0x55, 0x55, 0x55, 0x55, 0x55, 0x55
	.byte 0xDE, 0xDD, 0xDD, 0xDD, 0xDE, 0xDD, 0xDD, 0xDD, 0xDE, 0xDD, 0xDD, 0xDD, 0xDE, 0xDD, 0xDD, 0xDD
	.byte 0x67, 0x66, 0x66, 0x66, 0x77, 0x77, 0x77, 0x67, 0x77, 0x77, 0x77, 0x67, 0x77, 0x77, 0x77, 0x67
	.byte 0xDD, 0xDD, 0xDD, 0xDD, 0xDD, 0xDD, 0xDD, 0xDD, 0xDD, 0xDD, 0xDD, 0xDD, 0xDD, 0xDD, 0xDD, 0xDD
	.byte 0x66, 0x66, 0x66, 0x76, 0x46, 0x64, 0x64, 0x76, 0x64, 0x64, 0x64, 0x76, 0x44, 0x66, 0x64, 0x76
	.byte 0x77, 0x77, 0x77, 0x67, 0x77, 0x77, 0x77, 0x66, 0x77, 0x77, 0x77, 0xE6, 0x77, 0x77, 0x77, 0xE6
	.byte 0x77, 0x77, 0x67, 0x66, 0x77, 0x77, 0x67, 0x65, 0x77, 0x77, 0x56, 0x65, 0x77, 0x77, 0x56, 0x65
	.byte 0x44, 0x64, 0x64, 0x76, 0x44, 0x64, 0x64, 0x76, 0x44, 0x64, 0x64, 0x76, 0x44, 0x64, 0x64, 0x76
	.byte 0x46, 0x64, 0x64, 0x76, 0x64, 0x64, 0x64, 0x76, 0x44, 0x66, 0x64, 0x76, 0x44, 0x64, 0x64, 0x76
	.byte 0x77, 0x67, 0x55, 0x55, 0x77, 0x67, 0x55, 0x55, 0x77, 0x56, 0x55, 0x55, 0x77, 0x56, 0x55, 0x55
	.byte 0x67, 0x55, 0x55, 0x55, 0x77, 0x77, 0x77, 0x77, 0x77, 0x77, 0x77, 0x77, 0x55, 0x55, 0x55, 0x55
	.byte 0x47, 0x64, 0x64, 0x76, 0x75, 0x64, 0x64, 0x76, 0x55, 0x67, 0x64, 0x76, 0x55, 0x75, 0x64, 0x76
	.byte 0x55, 0x55, 0x67, 0x76, 0x77, 0x77, 0x77, 0x77, 0x77, 0x77, 0x77, 0x77, 0x55, 0x55, 0x55, 0x75
	.byte 0x33, 0x47, 0x74, 0x32, 0x33, 0x47, 0x74, 0x32, 0x33, 0x77, 0x77, 0x32, 0x44, 0x67, 0x76, 0x44
	.byte 0x66, 0x67, 0x76, 0x66, 0x77, 0x77, 0x77, 0x77, 0x55, 0x55, 0x55, 0x55, 0x55, 0x55, 0x55, 0x55
	.byte 0x33, 0x47, 0x74, 0x32, 0x33, 0x47, 0x74, 0x32, 0x33, 0x77, 0x77, 0x32, 0x44, 0x67, 0x76, 0x44
	.byte 0x66, 0x67, 0x76, 0x66, 0x77, 0x77, 0x77, 0x77, 0x55, 0x55, 0x55, 0x55, 0x55, 0x55, 0x55, 0x55
	.byte 0xDE, 0xDD, 0xDD, 0xDD, 0xDE, 0xDD, 0xDD, 0xDD, 0xDE, 0xDD, 0xDD, 0xDD, 0xDE, 0xDD, 0xDD, 0xDD
	.byte 0x67, 0x66, 0x66, 0x66, 0x77, 0x77, 0x77, 0x77, 0x77, 0x77, 0x77, 0x77, 0x77, 0x77, 0x77, 0x77
	.byte 0xDD, 0xDD, 0xDD, 0xDD, 0xDD, 0xDD, 0xDD, 0xDD, 0xDD, 0xDD, 0xDD, 0xDD, 0xDD, 0xDD, 0xDD, 0xDD
	.byte 0x66, 0x66, 0x66, 0x76, 0x77, 0x77, 0x77, 0x77, 0x77, 0x77, 0x77, 0x77, 0x77, 0x77, 0x77, 0x77
	.byte 0x77, 0x77, 0x77, 0x77, 0x77, 0x77, 0x77, 0x77, 0x77, 0x77, 0x77, 0x66, 0x77, 0x77, 0x77, 0x56
	.byte 0x77, 0x77, 0x67, 0x55, 0x77, 0x77, 0x67, 0x55, 0x77, 0x77, 0x56, 0x55, 0x77, 0x77, 0x56, 0x55
	.byte 0x77, 0x77, 0x77, 0x77, 0x77, 0x77, 0x77, 0x77, 0x66, 0x66, 0x66, 0x76, 0x55, 0x55, 0x55, 0x75
	.byte 0x55, 0x55, 0x55, 0x75, 0x55, 0x55, 0x55, 0x75, 0x55, 0x55, 0x55, 0x75, 0x55, 0x55, 0x55, 0x75
	.byte 0x77, 0x67, 0x55, 0x55, 0x77, 0x67, 0x55, 0x55, 0x77, 0x56, 0x55, 0x55, 0x77, 0x56, 0x55, 0x55
	.byte 0x67, 0x55, 0x55, 0x55, 0x77, 0x77, 0x77, 0x77, 0x77, 0x77, 0x77, 0x77, 0x55, 0x55, 0x55, 0x55
	.byte 0x55, 0x55, 0x55, 0x75, 0x55, 0x55, 0x55, 0x75, 0x55, 0x55, 0x55, 0x75, 0x55, 0x55, 0x55, 0x75
	.byte 0x55, 0x55, 0x55, 0x75, 0x77, 0x77, 0x77, 0x77, 0x77, 0x77, 0x77, 0x77, 0x55, 0x55, 0x55, 0x55
	.byte 0x00, 0x00, 0x00, 0x00, 0x00, 0x00, 0x00, 0x00, 0x00, 0x00, 0x00, 0x00, 0x00, 0x00, 0x00, 0x00
	.byte 0x00, 0x00, 0x00, 0x00, 0x00, 0x00, 0x00, 0x00, 0x00, 0x00, 0x00, 0x00, 0x00, 0x00, 0x00, 0x00
	.byte 0xDD, 0xE7, 0xEE, 0xDC, 0xDD, 0xE7, 0xEE, 0xDC, 0x66, 0xE7, 0xEE, 0x66, 0x66, 0x66, 0x66, 0x66
	.byte 0x77, 0x77, 0x77, 0x77, 0x77, 0x77, 0x77, 0x77, 0x66, 0x66, 0x66, 0x66, 0x66, 0x66, 0x66, 0x66
	.byte 0xDD, 0xE7, 0xEE, 0xDC, 0xDD, 0xE7, 0xEE, 0xDC, 0x66, 0xE7, 0xEE, 0x66, 0x66, 0x66, 0x66, 0x66
	.byte 0x77, 0x77, 0x77, 0x77, 0x77, 0x77, 0x77, 0x77, 0x66, 0x66, 0x66, 0x66, 0x66, 0x66, 0x66, 0x66
	.byte 0x44, 0x44, 0x44, 0x44, 0x44, 0x44, 0x44, 0x44, 0x44, 0x44, 0x44, 0x44, 0x44, 0x44, 0x44, 0x44
	.byte 0x77, 0x77, 0x77, 0x77, 0x77, 0x77, 0xE6, 0xE6, 0x77, 0x77, 0xE6, 0xE6, 0x77, 0x77, 0xE6, 0xE6
	.byte 0x44, 0x44, 0x44, 0x44, 0x44, 0x44, 0x44, 0x44, 0x44, 0x44, 0x44, 0x44, 0x44, 0x44, 0x44, 0x44
	.byte 0x77, 0x77, 0x77, 0x77, 0xE6, 0xE6, 0xE6, 0x76, 0xE6, 0xE6, 0xD6, 0x76, 0xE6, 0xE6, 0xD5, 0x76
	.byte 0x77, 0x77, 0xE6, 0xE6, 0x77, 0x77, 0xE6, 0xE6, 0x77, 0x67, 0x66, 0xE6, 0x77, 0x67, 0x33, 0xE6
	.byte 0x77, 0x67, 0x33, 0xE6, 0x77, 0x67, 0x66, 0xE6, 0x77, 0x77, 0xE6, 0xE6, 0x77, 0x77, 0xE6, 0xE6
	.byte 0xE6, 0xD6, 0xD5, 0x76, 0xE6, 0xD5, 0xD5, 0x76, 0xD6, 0xD5, 0xD5, 0x76, 0xD5, 0xD5, 0xD5, 0x76
	.byte 0xD6, 0xD5, 0xD5, 0x76, 0xE6, 0xD5, 0xD5, 0x76, 0xE6, 0xD6, 0xD5, 0x76, 0xE6, 0xE6, 0xD5, 0x76
	.byte 0x77, 0x77, 0xE6, 0xE6, 0x77, 0x77, 0x77, 0xE6, 0x77, 0x67, 0x55, 0x77, 0x77, 0x56, 0x55, 0x55
	.byte 0x67, 0x55, 0x55, 0x55, 0x77, 0x77, 0x77, 0x77, 0x77, 0x77, 0x77, 0x77, 0x55, 0x55, 0x55, 0x55
	.byte 0xE6, 0xE6, 0xD6, 0x76, 0xE6, 0xE6, 0xE6, 0x76, 0xE6, 0xE6, 0xE6, 0x76, 0x77, 0xE6, 0xE6, 0x76
	.byte 0x55, 0x77, 0xE6, 0x76, 0x77, 0x77, 0x77, 0x77, 0x77, 0x77, 0x77, 0x77, 0x55, 0x55, 0x55, 0x55
	.byte 0xDD, 0xE7, 0xEE, 0xDC, 0xDD, 0xE7, 0xEE, 0xDC, 0x66, 0xE7, 0xEE, 0x66, 0x66, 0x66, 0x66, 0x66
	.byte 0x77, 0x77, 0x77, 0x77, 0x77, 0x77, 0x77, 0x77, 0x66, 0x66, 0x66, 0x66, 0x66, 0x66, 0x66, 0x66
	.byte 0xDD, 0xE7, 0xEE, 0xDC, 0xDD, 0xE7, 0xEE, 0xDC, 0x66, 0xE7, 0xEE, 0x66, 0x66, 0x66, 0x66, 0x66
	.byte 0x77, 0x77, 0x77, 0x77, 0x77, 0x77, 0x77, 0x77, 0x66, 0x66, 0x66, 0x66, 0x66, 0x66, 0x66, 0x66
	.byte 0x44, 0x44, 0x44, 0x44, 0x44, 0x44, 0x44, 0x44, 0x44, 0x44, 0x44, 0x44, 0x44, 0x44, 0x44, 0x44
	.byte 0x77, 0x77, 0x77, 0x77, 0x77, 0x77, 0x77, 0x77, 0x77, 0x77, 0x77, 0x77, 0x77, 0x77, 0x77, 0x77
	.byte 0x44, 0x44, 0x44, 0x44, 0x44, 0x44, 0x44, 0x44, 0x44, 0x44, 0x44, 0x44, 0x44, 0x44, 0x44, 0x44
	.byte 0x77, 0x77, 0x77, 0x77, 0xE6, 0xE6, 0xE6, 0x76, 0xE6, 0xE6, 0xE6, 0x76, 0xE6, 0xE6, 0xE6, 0x76
	.byte 0x77, 0x77, 0x77, 0x77, 0x77, 0x77, 0x77, 0x66, 0x77, 0x77, 0x77, 0x36, 0x77, 0x77, 0x77, 0x36
	.byte 0x77, 0x77, 0x67, 0x66, 0x77, 0x77, 0x67, 0x55, 0x77, 0x77, 0x56, 0x55, 0x77, 0x77, 0x56, 0x55
	.byte 0xE6, 0xE6, 0xE6, 0x76, 0xE6, 0xE6, 0xE6, 0x76, 0xE6, 0xE6, 0xE6, 0x76, 0xE6, 0xE6, 0xE6, 0x76
	.byte 0xE6, 0xE6, 0xE6, 0x76, 0xE6, 0xE6, 0xE6, 0x76, 0xE6, 0xE6, 0xE6, 0x76, 0xE6, 0xE6, 0xE6, 0x76
	.byte 0x77, 0x67, 0x55, 0x55, 0x77, 0x67, 0x55, 0x55, 0x77, 0x56, 0x55, 0x55, 0x77, 0x56, 0x55, 0x55
	.byte 0x67, 0x55, 0x55, 0x55, 0x77, 0x77, 0x77, 0x77, 0x77, 0x77, 0x77, 0x77, 0x55, 0x55, 0x55, 0x55
	.byte 0xE6, 0xE6, 0xE6, 0x76, 0x75, 0xE6, 0xE6, 0x76, 0x55, 0xE7, 0xE6, 0x76, 0x55, 0x75, 0xE6, 0x76
	.byte 0x55, 0x55, 0xE7, 0x76, 0x77, 0x77, 0x77, 0x76, 0x77, 0x77, 0x77, 0x77, 0x55, 0x55, 0x55, 0x75
	.byte 0xDD, 0xE7, 0xEE, 0xDC, 0xDD, 0xE7, 0xEE, 0xDC, 0x66, 0xE7, 0xEE, 0x66, 0x66, 0x66, 0x66, 0x66
	.byte 0x77, 0x77, 0x77, 0x77, 0x77, 0x77, 0x77, 0x77, 0x66, 0x66, 0x66, 0x66, 0x66, 0x66, 0x66, 0x66
	.byte 0xDD, 0xE7, 0xEE, 0xDC, 0xDD, 0xE7, 0xEE, 0xDC, 0x66, 0xE7, 0xEE, 0x66, 0x66, 0x66, 0x66, 0x66
	.byte 0x77, 0x77, 0x77, 0x77, 0x77, 0x77, 0x77, 0x77, 0x66, 0x66, 0x66, 0x66, 0x66, 0x66, 0x66, 0x66
	.byte 0x44, 0x44, 0x44, 0x44, 0x44, 0x44, 0x44, 0x44, 0x44, 0x44, 0x44, 0x44, 0x44, 0x44, 0x44, 0x44
	.byte 0x77, 0x77, 0x77, 0x77, 0x77, 0x77, 0x77, 0x77, 0x77, 0x77, 0x77, 0x77, 0x77, 0x77, 0x77, 0x77
	.byte 0x44, 0x44, 0x44, 0x44, 0x44, 0x44, 0x44, 0x44, 0x44, 0x44, 0x44, 0x44, 0x44, 0x44, 0x44, 0x44
	.byte 0x77, 0x77, 0x77, 0x77, 0x77, 0x77, 0x77, 0x76, 0x77, 0x77, 0x77, 0x76, 0x77, 0x77, 0x77, 0x76
	.byte 0x77, 0x77, 0x77, 0x77, 0x77, 0x77, 0x77, 0x77, 0x77, 0x77, 0x77, 0x66, 0x77, 0x77, 0x77, 0x56
	.byte 0x77, 0x77, 0x67, 0x55, 0x77, 0x77, 0x67, 0x55, 0x77, 0x77, 0x56, 0x55, 0x77, 0x77, 0x56, 0x55
	.byte 0x77, 0x77, 0x77, 0x76, 0x77, 0x77, 0x77, 0x76, 0x66, 0x66, 0x66, 0x76, 0x55, 0x55, 0x55, 0x76
	.byte 0x55, 0x55, 0x55, 0x76, 0x55, 0x55, 0x55, 0x76, 0x55, 0x55, 0x55, 0x76, 0x55, 0x55, 0x55, 0x76
	.byte 0x77, 0x67, 0x55, 0x55, 0x77, 0x67, 0x55, 0x55, 0x77, 0x56, 0x55, 0x55, 0x77, 0x56, 0x55, 0x55
	.byte 0x67, 0x55, 0x55, 0x55, 0x77, 0x77, 0x77, 0x77, 0x77, 0x77, 0x77, 0x77, 0x55, 0x55, 0x55, 0x55
	.byte 0x55, 0x55, 0x55, 0x76, 0x55, 0x55, 0x55, 0x76, 0x55, 0x55, 0x55, 0x76, 0x55, 0x55, 0x55, 0x76
	.byte 0x55, 0x55, 0x55, 0x76, 0x77, 0x77, 0x77, 0x76, 0x77, 0x77, 0x77, 0x77, 0x55, 0x55, 0x55, 0x55
	.byte 0x00, 0x00, 0x00, 0x00, 0x00, 0x00, 0x00, 0x00, 0x00, 0x00, 0x00, 0x00, 0x00, 0x00, 0x00, 0x00
	.byte 0x00, 0x00, 0x00, 0x00, 0x00, 0x00, 0x00, 0x00, 0x00, 0x00, 0x00, 0x00, 0x00, 0x00, 0x00, 0x00
	.byte 0xE6, 0xEE, 0xEE, 0xEE, 0xE6, 0xEE, 0xEE, 0xEE, 0xD6, 0xDD, 0xDD, 0xDD, 0x66, 0x66, 0x66, 0x66
	.byte 0x66, 0x66, 0x66, 0x66, 0x77, 0x77, 0x77, 0x77, 0x66, 0x66, 0x66, 0x66, 0x66, 0x66, 0x66, 0x66
	.byte 0xE6, 0xEE, 0xEE, 0xEE, 0xE6, 0xEE, 0xEE, 0xEE, 0xD6, 0xDD, 0xDD, 0xDD, 0x66, 0x66, 0x66, 0x66
	.byte 0x66, 0x66, 0x66, 0x66, 0x77, 0x77, 0x77, 0x77, 0x66, 0x66, 0x66, 0x66, 0x66, 0x66, 0x66, 0x66
	.byte 0x56, 0x55, 0x55, 0x55, 0x56, 0x55, 0x55, 0x55, 0x56, 0x55, 0x55, 0x55, 0x66, 0x66, 0x66, 0x66
	.byte 0x77, 0x77, 0x77, 0x77, 0x77, 0x77, 0xE6, 0x66, 0x77, 0x77, 0xE6, 0xA6, 0x77, 0x77, 0xE6, 0xA6
	.byte 0x55, 0x55, 0x55, 0x55, 0x55, 0x55, 0x55, 0x55, 0x55, 0x55, 0x55, 0x55, 0x66, 0x66, 0x66, 0x66
	.byte 0x77, 0x77, 0x77, 0x77, 0xE6, 0xEE, 0xEE, 0x76, 0xAA, 0x66, 0xD6, 0x76, 0xAA, 0xAA, 0xD6, 0x76
	.byte 0x77, 0x77, 0xE6, 0xA6, 0x77, 0x77, 0xE6, 0x66, 0x77, 0x77, 0x66, 0xEE, 0x77, 0x67, 0x33, 0xE6
	.byte 0x77, 0x67, 0x33, 0xE6, 0x77, 0x77, 0x66, 0xEE, 0x77, 0x77, 0xE6, 0xEE, 0x77, 0x77, 0xE6, 0xEE
	.byte 0xAA, 0xA9, 0xD6, 0x76, 0x96, 0xA9, 0xD6, 0x76, 0xDE, 0x66, 0xD6, 0x76, 0xDD, 0xDD, 0xDD, 0x76
	.byte 0xDE, 0xDD, 0xDD, 0x76, 0xEE, 0xDD, 0xDD, 0x76, 0xEE, 0xDE, 0xDD, 0x76, 0xEE, 0xEE, 0xDD, 0x76
	.byte 0x77, 0x77, 0xE6, 0xEE, 0x77, 0x77, 0x77, 0xEE, 0x77, 0x67, 0x55, 0x77, 0x77, 0x56, 0x55, 0x55
	.byte 0x67, 0x55, 0x55, 0x55, 0x77, 0x77, 0x77, 0x77, 0x77, 0x77, 0x77, 0x77, 0x55, 0x55, 0x55, 0x55
	.byte 0xEE, 0xEE, 0xDE, 0x76, 0xEE, 0xEE, 0xEE, 0x76, 0xEE, 0xEE, 0xEE, 0x76, 0x77, 0xEE, 0xEE, 0x76
	.byte 0x55, 0x77, 0xEE, 0x76, 0x77, 0x77, 0x77, 0x77, 0x77, 0x77, 0x77, 0x77, 0x55, 0x55, 0x55, 0x55
	.byte 0xE6, 0xEE, 0xEE, 0xEE, 0xE6, 0xEE, 0xEE, 0xEE, 0xD6, 0xDD, 0xDD, 0xDD, 0x66, 0x66, 0x66, 0x66
	.byte 0x66, 0x66, 0x66, 0x66, 0x77, 0x77, 0x77, 0x77, 0x66, 0x66, 0x66, 0x66, 0x66, 0x66, 0x66, 0x66
	.byte 0xE6, 0xEE, 0xEE, 0xEE, 0xE6, 0xEE, 0xEE, 0xEE, 0xD6, 0xDD, 0xDD, 0xDD, 0x66, 0x66, 0x66, 0x66
	.byte 0x66, 0x66, 0x66, 0x66, 0x77, 0x77, 0x77, 0x77, 0x66, 0x66, 0x66, 0x66, 0x66, 0x66, 0x66, 0x66
	.byte 0x56, 0x55, 0x55, 0x55, 0x56, 0x55, 0x55, 0x55, 0x56, 0x55, 0x55, 0x55, 0x66, 0x66, 0x66, 0x66
	.byte 0x77, 0x77, 0x77, 0x77, 0x77, 0x77, 0x77, 0x77, 0x77, 0x77, 0x77, 0x77, 0x77, 0x77, 0x77, 0x77
	.byte 0x55, 0x55, 0x55, 0x55, 0x55, 0x55, 0x55, 0x55, 0x55, 0x55, 0x55, 0x55, 0x66, 0x66, 0x66, 0x66
	.byte 0x77, 0x77, 0x77, 0x77, 0xE6, 0xE6, 0xEE, 0x76, 0xE6, 0x66, 0xEE, 0x76, 0xE6, 0x66, 0xE6, 0x76
	.byte 0x77, 0x77, 0x77, 0x77, 0x77, 0x77, 0x77, 0x67, 0x77, 0x77, 0x77, 0x66, 0x77, 0x77, 0x77, 0x66
	.byte 0x77, 0x77, 0x67, 0x65, 0x77, 0x77, 0x67, 0x55, 0x77, 0x77, 0x56, 0x55, 0x77, 0x77, 0x56, 0x55
	.byte 0xE6, 0x66, 0xE6, 0x76, 0xE6, 0x6E, 0xE6, 0x76, 0xE3, 0xEE, 0xE6, 0x76, 0xE3, 0xEE, 0xEE, 0x76
	.byte 0xE6, 0xEE, 0xEE, 0x76, 0xE6, 0xEE, 0xEE, 0x76, 0xE6, 0xEE, 0xEE, 0x76, 0xE6, 0xEE, 0xEE, 0x76
	.byte 0x77, 0x67, 0x55, 0x55, 0x77, 0x67, 0x55, 0x55, 0x77, 0x56, 0x55, 0x55, 0x77, 0x56, 0x55, 0x55
	.byte 0x67, 0x55, 0x55, 0x55, 0x77, 0x77, 0x77, 0x77, 0x77, 0x77, 0x77, 0x77, 0x55, 0x55, 0x55, 0x55
	.byte 0xE6, 0xEE, 0xEE, 0x76, 0x75, 0xEE, 0xEE, 0x76, 0x55, 0xE7, 0xEE, 0x76, 0x55, 0x75, 0xEE, 0x76
	.byte 0x55, 0x55, 0xE7, 0x76, 0x77, 0x77, 0x77, 0x76, 0x77, 0x77, 0x77, 0x77, 0x55, 0x55, 0x55, 0x75
	.byte 0xE6, 0xEE, 0xEE, 0xEE, 0xE6, 0xEE, 0xEE, 0xEE, 0xD6, 0xDD, 0xDD, 0xDD, 0x66, 0x66, 0x66, 0x66
	.byte 0x66, 0x66, 0x66, 0x66, 0x77, 0x77, 0x77, 0x77, 0x66, 0x66, 0x66, 0x66, 0x66, 0x66, 0x66, 0x66
	.byte 0xE6, 0xEE, 0xEE, 0xEE, 0xE6, 0xEE, 0xEE, 0xEE, 0xD6, 0xDD, 0xDD, 0xDD, 0x66, 0x66, 0x66, 0x66
	.byte 0x66, 0x66, 0x66, 0x66, 0x77, 0x77, 0x77, 0x77, 0x66, 0x66, 0x66, 0x66, 0x66, 0x66, 0x66, 0x66
	.byte 0x56, 0x55, 0x55, 0x55, 0x56, 0x55, 0x55, 0x55, 0x56, 0x55, 0x55, 0x55, 0x66, 0x66, 0x66, 0x66
	.byte 0x77, 0x77, 0x77, 0x77, 0x77, 0x77, 0x77, 0x77, 0x77, 0x77, 0x77, 0x77, 0x77, 0x77, 0x77, 0x77
	.byte 0x55, 0x55, 0x55, 0x55, 0x55, 0x55, 0x55, 0x55, 0x55, 0x55, 0x55, 0x55, 0x66, 0x66, 0x66, 0x66
	.byte 0x77, 0x77, 0x77, 0x77, 0x77, 0x77, 0x77, 0x76, 0x77, 0x77, 0x77, 0x76, 0x77, 0x77, 0x77, 0x76
	.byte 0x77, 0x77, 0x77, 0x77, 0x77, 0x77, 0x77, 0x77, 0x77, 0x77, 0x77, 0x66, 0x77, 0x77, 0x77, 0x56
	.byte 0x77, 0x77, 0x67, 0x55, 0x77, 0x77, 0x67, 0x55, 0x77, 0x77, 0x56, 0x55, 0x77, 0x77, 0x56, 0x55
	.byte 0x77, 0x77, 0x77, 0x76, 0x77, 0x77, 0x77, 0x76, 0x66, 0x66, 0x66, 0x76, 0x55, 0x55, 0x55, 0x76
	.byte 0x55, 0x55, 0x55, 0x76, 0x55, 0x55, 0x55, 0x76, 0x55, 0x55, 0x55, 0x76, 0x55, 0x55, 0x55, 0x76
	.byte 0x77, 0x67, 0x55, 0x55, 0x77, 0x67, 0x55, 0x55, 0x77, 0x56, 0x55, 0x55, 0x77, 0x56, 0x55, 0x55
	.byte 0x67, 0x55, 0x55, 0x55, 0x77, 0x77, 0x77, 0x77, 0x77, 0x77, 0x77, 0x77, 0x55, 0x55, 0x55, 0x55
	.byte 0x55, 0x55, 0x55, 0x76, 0x55, 0x55, 0x55, 0x76, 0x55, 0x55, 0x55, 0x76, 0x55, 0x55, 0x55, 0x76
	.byte 0x55, 0x55, 0x55, 0x76, 0x77, 0x77, 0x77, 0x76, 0x77, 0x77, 0x77, 0x77, 0x55, 0x55, 0x55, 0x55
	.byte 0x00, 0x00, 0x00, 0x00, 0x00, 0x00, 0x00, 0x00, 0x00, 0x00, 0x00, 0x00, 0x00, 0x00, 0x00, 0x00
	.byte 0x00, 0x00, 0x00, 0x00, 0x00, 0x00, 0x00, 0x00, 0x00, 0x00, 0x00, 0x00, 0x00, 0x00, 0x00, 0x00
	.byte 0x66, 0x66, 0x66, 0xE6, 0xEE, 0xEE, 0xEE, 0xE6, 0xEE, 0xEE, 0xEE, 0xE6, 0xEE, 0xEE, 0xEE, 0x6E
	.byte 0xEE, 0xEE, 0xEE, 0x6E, 0xEE, 0xEE, 0xEE, 0xEE, 0x66, 0x66, 0x66, 0x66, 0x77, 0x77, 0x77, 0x77
	.byte 0xEE, 0xEE, 0x3E, 0x33, 0x3E, 0x33, 0xCE, 0x33, 0xEE, 0x33, 0xE3, 0x3C, 0xEE, 0x33, 0x33, 0xEE
	.byte 0xEE, 0x3E, 0x33, 0x33, 0xE6, 0xEE, 0x33, 0x33, 0x66, 0xEE, 0xDE, 0x33, 0x77, 0x77, 0x77, 0x77
	.byte 0x66, 0x66, 0x66, 0x66, 0x66, 0x66, 0x66, 0x66, 0x44, 0x44, 0x44, 0x44, 0x33, 0x33, 0x33, 0x33
	.byte 0x55, 0x55, 0x55, 0x55, 0x77, 0x77, 0x77, 0x77, 0x77, 0x77, 0x77, 0x77, 0x77, 0x77, 0x77, 0x77
	.byte 0x66, 0x66, 0x66, 0x66, 0x66, 0x66, 0x66, 0x66, 0x44, 0x44, 0x44, 0x44, 0x33, 0x33, 0x33, 0x33
	.byte 0x55, 0x55, 0x55, 0x55, 0xA7, 0xAA, 0xAA, 0x7A, 0xA7, 0xAA, 0xAA, 0x7A, 0xA7, 0xAA, 0xAA, 0x7A
	.byte 0x77, 0x77, 0x77, 0x77, 0x77, 0x77, 0x77, 0x77, 0x77, 0x77, 0x77, 0x66, 0x77, 0x77, 0x77, 0x56
	.byte 0x77, 0x77, 0x67, 0x55, 0x77, 0x77, 0x67, 0x55, 0x77, 0x77, 0x56, 0x55, 0x77, 0x77, 0x56, 0x55
	.byte 0xA7, 0xAA, 0xAA, 0x7A, 0xA7, 0xAA, 0xAA, 0x7A, 0xA7, 0xAA, 0xAA, 0x7A, 0xA7, 0xAA, 0xAA, 0x7A
	.byte 0xA7, 0xAA, 0xAA, 0x7A, 0xA7, 0xAA, 0xAA, 0x7A, 0xA7, 0xAA, 0xAA, 0x7A, 0xA7, 0xAA, 0xAA, 0x7A
	.byte 0x77, 0x67, 0x55, 0x55, 0x77, 0x67, 0x55, 0x55, 0x77, 0x56, 0x55, 0x55, 0x77, 0x56, 0x55, 0x55
	.byte 0x67, 0x55, 0x55, 0x55, 0x77, 0x77, 0x77, 0x77, 0x77, 0x77, 0x77, 0x77, 0x55, 0x55, 0x55, 0x55
	.byte 0x47, 0x44, 0x44, 0x74, 0x47, 0x44, 0x44, 0x74, 0x37, 0x33, 0x33, 0x73, 0x37, 0x33, 0x33, 0x73
	.byte 0x27, 0x22, 0x22, 0x72, 0x77, 0x77, 0x77, 0x77, 0x77, 0x77, 0x77, 0x77, 0x55, 0x55, 0x55, 0x55
	.byte 0x66, 0x66, 0x66, 0xE6, 0xEE, 0xEE, 0xEE, 0xE6, 0xEE, 0xEE, 0xEE, 0xE6, 0xEE, 0xEE, 0xEE, 0x6E
	.byte 0xEE, 0xEE, 0xEE, 0x6E, 0xEE, 0xEE, 0xEE, 0xEE, 0x66, 0x66, 0x66, 0x66, 0x77, 0x77, 0x77, 0x77
	.byte 0xEE, 0xEE, 0x3E, 0x33, 0x3E, 0x33, 0xCE, 0x33, 0xEE, 0x33, 0xE3, 0x3C, 0xEE, 0x33, 0x33, 0xEE
	.byte 0xEE, 0x3E, 0x33, 0x33, 0xE6, 0xEE, 0x33, 0x33, 0x66, 0xEE, 0xDE, 0x33, 0x77, 0x77, 0x77, 0x77
	.byte 0x66, 0x66, 0x66, 0x66, 0x66, 0x66, 0x66, 0x66, 0x44, 0x44, 0x44, 0x44, 0x33, 0x33, 0x33, 0x33
	.byte 0x55, 0x55, 0x55, 0x55, 0x77, 0x77, 0x77, 0x77, 0x77, 0x77, 0x77, 0x77, 0x77, 0x77, 0x77, 0x77
	.byte 0x66, 0x66, 0x66, 0x66, 0x66, 0x66, 0x66, 0x66, 0x44, 0x44, 0x44, 0x44, 0x33, 0x33, 0x33, 0x33
	.byte 0x55, 0x55, 0x55, 0x55, 0x77, 0x77, 0xAA, 0x7A, 0x77, 0x77, 0xAA, 0x7A, 0x77, 0x77, 0xAA, 0x7A
	.byte 0x77, 0x77, 0x77, 0x77, 0x77, 0x77, 0x77, 0x77, 0x77, 0x77, 0x77, 0x66, 0x77, 0x77, 0x77, 0x56
	.byte 0x77, 0x77, 0x67, 0x55, 0x77, 0x77, 0x67, 0x55, 0x77, 0x77, 0x56, 0x55, 0x77, 0x77, 0x56, 0x55
	.byte 0x77, 0x77, 0xAA, 0x7A, 0x77, 0x77, 0xAA, 0x7A, 0x66, 0x76, 0xAA, 0x7A, 0x55, 0x75, 0xAA, 0x7A
	.byte 0x55, 0x75, 0xAA, 0x7A, 0x55, 0x75, 0xAA, 0x7A, 0x55, 0x75, 0xAA, 0x7A, 0x55, 0x75, 0xAA, 0x7A
	.byte 0x77, 0x67, 0x55, 0x55, 0x77, 0x67, 0x55, 0x55, 0x77, 0x56, 0x55, 0x55, 0x77, 0x56, 0x55, 0x55
	.byte 0x67, 0x55, 0x55, 0x55, 0x77, 0x77, 0x77, 0x77, 0x77, 0x77, 0x77, 0x77, 0x55, 0x55, 0x55, 0x55
	.byte 0x55, 0x75, 0x44, 0x74, 0x55, 0x75, 0x44, 0x74, 0x55, 0x75, 0x33, 0x73, 0x55, 0x75, 0x33, 0x73
	.byte 0x55, 0x75, 0x22, 0x72, 0x77, 0x77, 0x77, 0x77, 0x77, 0x77, 0x77, 0x77, 0x55, 0x55, 0x55, 0x55
	.byte 0x66, 0x66, 0x66, 0xE6, 0xEE, 0xEE, 0xEE, 0xE6, 0xEE, 0xEE, 0xEE, 0xE6, 0xEE, 0xEE, 0xEE, 0x6E
	.byte 0xEE, 0xEE, 0xEE, 0x6E, 0xEE, 0xEE, 0xEE, 0xEE, 0x66, 0x66, 0x66, 0x66, 0x77, 0x77, 0x77, 0x77
	.byte 0xEE, 0xEE, 0x3E, 0x33, 0x3E, 0x33, 0xCE, 0x33, 0xEE, 0x33, 0xE3, 0x3C, 0xEE, 0x33, 0x33, 0xEE
	.byte 0xEE, 0x3E, 0x33, 0x33, 0xE6, 0xEE, 0x33, 0x33, 0x66, 0xEE, 0xDE, 0x33, 0x77, 0x77, 0x77, 0x77
	.byte 0x66, 0x66, 0x66, 0x66, 0x66, 0x66, 0x66, 0x66, 0x44, 0x44, 0x44, 0x44, 0x33, 0x33, 0x33, 0x33
	.byte 0x55, 0x55, 0x55, 0x55, 0x77, 0x77, 0x77, 0x77, 0x77, 0x77, 0x77, 0x77, 0x77, 0x77, 0x77, 0x77
	.byte 0x66, 0x66, 0x66, 0x66, 0x66, 0x66, 0x66, 0x66, 0x44, 0x44, 0x44, 0x44, 0x33, 0x33, 0x33, 0x33
	.byte 0x55, 0x55, 0x55, 0x55, 0x77, 0x77, 0x77, 0x77, 0x77, 0x77, 0x77, 0x77, 0x77, 0x77, 0x77, 0x77
	.byte 0x77, 0x77, 0x77, 0x77, 0x77, 0x77, 0x77, 0x77, 0x77, 0x77, 0x77, 0x66, 0x77, 0x77, 0x77, 0x56
	.byte 0x77, 0x77, 0x67, 0x55, 0x77, 0x77, 0x67, 0x55, 0x77, 0x77, 0x56, 0x55, 0x77, 0x77, 0x56, 0x55
	.byte 0x77, 0x77, 0x77, 0x77, 0x77, 0x77, 0x77, 0x77, 0x66, 0x66, 0x66, 0x76, 0x55, 0x55, 0x55, 0x75
	.byte 0x55, 0x55, 0x55, 0x75, 0x55, 0x55, 0x55, 0x75, 0x55, 0x55, 0x55, 0x75, 0x55, 0x55, 0x55, 0x75
	.byte 0x77, 0x67, 0x55, 0x55, 0x77, 0x67, 0x55, 0x55, 0x77, 0x56, 0x55, 0x55, 0x77, 0x56, 0x55, 0x55
	.byte 0x67, 0x55, 0x55, 0x55, 0x77, 0x77, 0x77, 0x77, 0x77, 0x77, 0x77, 0x77, 0x55, 0x55, 0x55, 0x55
	.byte 0x55, 0x55, 0x55, 0x75, 0x55, 0x55, 0x55, 0x75, 0x55, 0x55, 0x55, 0x75, 0x55, 0x55, 0x55, 0x75
	.byte 0x55, 0x55, 0x55, 0x75, 0x77, 0x77, 0x77, 0x77, 0x77, 0x77, 0x77, 0x77, 0x55, 0x55, 0x55, 0x55
	.byte 0xDD, 0xDD, 0xDD, 0xDD, 0xEE, 0xEE, 0xEE, 0xEE, 0x55, 0x55, 0x55, 0x55, 0x55, 0x55, 0x55, 0x55
	.byte 0x55, 0x55, 0x55, 0x55, 0x77, 0x77, 0x77, 0x77, 0x66, 0x66, 0x66, 0x66, 0x55, 0x55, 0x55, 0x55
	.byte 0xDD, 0xDD, 0xDD, 0xDD, 0xEE, 0xEE, 0xEE, 0xEE, 0x55, 0x55, 0x55, 0x55, 0x55, 0x55, 0x55, 0x55
	.byte 0x55, 0x55, 0x55, 0x55, 0x77, 0x77, 0x77, 0x77, 0x66, 0x66, 0x66, 0x66, 0x55, 0x55, 0x55, 0x55
	.byte 0x66, 0x66, 0x66, 0x66, 0x44, 0x44, 0x44, 0x44, 0x44, 0x44, 0x44, 0x44, 0x44, 0x44, 0x44, 0x44
	.byte 0x77, 0x77, 0x77, 0x77, 0x57, 0x55, 0x75, 0x77, 0xA7, 0xAA, 0x7A, 0x77, 0xA7, 0xAA, 0x7A, 0x77
	.byte 0x66, 0x66, 0x66, 0x66, 0x44, 0x44, 0x44, 0x44, 0x44, 0x44, 0x44, 0x44, 0x44, 0x44, 0x44, 0x44
	.byte 0x77, 0x77, 0x77, 0x77, 0x77, 0x57, 0x55, 0x75, 0x77, 0xA7, 0xAA, 0x7A, 0x77, 0xA7, 0xAA, 0x7A
	.byte 0xA7, 0xAA, 0x7A, 0x77, 0xA7, 0xAA, 0x7A, 0x77, 0xA7, 0xAA, 0x7A, 0x66, 0xA7, 0xAA, 0x7A, 0x56
	.byte 0xA7, 0xAA, 0x7A, 0x55, 0xA7, 0xAA, 0x7A, 0x55, 0xA7, 0xAA, 0x7A, 0x55, 0x47, 0x44, 0x74, 0x55
	.byte 0x77, 0xA7, 0xAA, 0x7A, 0x77, 0xA7, 0xAA, 0x7A, 0x66, 0xA7, 0xAA, 0x7A, 0x55, 0xA7, 0xAA, 0x7A
	.byte 0x55, 0xA7, 0xAA, 0x7A, 0x55, 0xA7, 0xAA, 0x7A, 0x55, 0xA7, 0xAA, 0x7A, 0x55, 0x47, 0x44, 0x74
	.byte 0x47, 0x44, 0x74, 0x55, 0x47, 0x44, 0x74, 0x55, 0x37, 0x33, 0x73, 0x55, 0x37, 0x33, 0x73, 0x55
	.byte 0x27, 0x22, 0x72, 0x55, 0x77, 0x77, 0x77, 0x77, 0x55, 0x55, 0x55, 0x55, 0x55, 0x55, 0x55, 0x55
	.byte 0x55, 0x47, 0x44, 0x74, 0x55, 0x47, 0x44, 0x74, 0x55, 0x37, 0x33, 0x73, 0x55, 0x37, 0x33, 0x73
	.byte 0x55, 0x27, 0x22, 0x72, 0x77, 0x77, 0x77, 0x77, 0x55, 0x55, 0x55, 0x55, 0x55, 0x55, 0x55, 0x55
	.byte 0xDD, 0xDD, 0xDD, 0xDD, 0xEE, 0xEE, 0xEE, 0xEE, 0x55, 0x55, 0x55, 0x55, 0x55, 0x55, 0x55, 0x55
	.byte 0x55, 0x55, 0x55, 0x55, 0x77, 0x77, 0x77, 0x77, 0x66, 0x66, 0x66, 0x66, 0x55, 0x55, 0x55, 0x55
	.byte 0xDD, 0xDD, 0xDD, 0xDD, 0xEE, 0xEE, 0xEE, 0xEE, 0x55, 0x55, 0x55, 0x55, 0x55, 0x55, 0x55, 0x55
	.byte 0x55, 0x55, 0x55, 0x55, 0x77, 0x77, 0x77, 0x77, 0x66, 0x66, 0x66, 0x66, 0x55, 0x55, 0x55, 0x55
	.byte 0x66, 0x66, 0x66, 0x66, 0x44, 0x44, 0x44, 0x44, 0x44, 0x44, 0x44, 0x44, 0x44, 0x44, 0x44, 0x44
	.byte 0x77, 0x77, 0x77, 0x77, 0x57, 0x75, 0x77, 0x77, 0xA7, 0x7A, 0x77, 0x77, 0xA7, 0x7A, 0x77, 0x77
	.byte 0x66, 0x66, 0x66, 0x66, 0x44, 0x44, 0x44, 0x44, 0x44, 0x44, 0x44, 0x44, 0x44, 0x44, 0x44, 0x44
	.byte 0x77, 0x77, 0x77, 0x77, 0x77, 0x77, 0x57, 0x75, 0x77, 0x77, 0xA7, 0x7A, 0x77, 0x77, 0xA7, 0x7A
	.byte 0xA7, 0x7A, 0x77, 0x77, 0xA7, 0x7A, 0x77, 0x77, 0xA7, 0x7A, 0x77, 0x66, 0xA7, 0x7A, 0x77, 0x56
	.byte 0xA7, 0x7A, 0x67, 0x55, 0xA7, 0x7A, 0x67, 0x55, 0xA7, 0x7A, 0x56, 0x55, 0x47, 0x74, 0x56, 0x55
	.byte 0x77, 0x77, 0xA7, 0x7A, 0x77, 0x77, 0xA7, 0x7A, 0x66, 0x66, 0xA7, 0x7A, 0x55, 0x55, 0xA7, 0x7A
	.byte 0x55, 0x55, 0xA7, 0x7A, 0x55, 0x55, 0xA7, 0x7A, 0x55, 0x55, 0xA7, 0x7A, 0x55, 0x55, 0x47, 0x74
	.byte 0x47, 0x74, 0x55, 0x55, 0x47, 0x74, 0x55, 0x55, 0x37, 0x73, 0x55, 0x55, 0x37, 0x73, 0x55, 0x55
	.byte 0x27, 0x72, 0x55, 0x55, 0x77, 0x77, 0x77, 0x77, 0x55, 0x55, 0x55, 0x55, 0x55, 0x55, 0x55, 0x55
	.byte 0x55, 0x55, 0x47, 0x74, 0x55, 0x55, 0x47, 0x74, 0x55, 0x55, 0x37, 0x73, 0x55, 0x55, 0x37, 0x73
	.byte 0x55, 0x55, 0x27, 0x72, 0x77, 0x77, 0x77, 0x77, 0x55, 0x55, 0x55, 0x55, 0x55, 0x55, 0x55, 0x55
	.byte 0xDD, 0xDD, 0xDD, 0xDD, 0xEE, 0xEE, 0xEE, 0xEE, 0x55, 0x55, 0x55, 0x55, 0x55, 0x55, 0x55, 0x55
	.byte 0x55, 0x55, 0x55, 0x55, 0x77, 0x77, 0x77, 0x77, 0x66, 0x66, 0x66, 0x66, 0x55, 0x55, 0x55, 0x55
	.byte 0xDD, 0xDD, 0xDD, 0xDD, 0xEE, 0xEE, 0xEE, 0xEE, 0x55, 0x55, 0x55, 0x55, 0x55, 0x55, 0x55, 0x55
	.byte 0x55, 0x55, 0x55, 0x55, 0x77, 0x77, 0x77, 0x77, 0x66, 0x66, 0x66, 0x66, 0x55, 0x55, 0x55, 0x55
	.byte 0x66, 0x66, 0x66, 0x66, 0x44, 0x44, 0x44, 0x44, 0x44, 0x44, 0x44, 0x44, 0x44, 0x44, 0x44, 0x44
	.byte 0x77, 0x77, 0x77, 0x77, 0x77, 0x77, 0x77, 0x77, 0x77, 0x77, 0x77, 0x77, 0x77, 0x77, 0x77, 0x77
	.byte 0x66, 0x66, 0x66, 0x66, 0x44, 0x44, 0x44, 0x44, 0x44, 0x44, 0x44, 0x44, 0x44, 0x44, 0x44, 0x44
	.byte 0x77, 0x77, 0x77, 0x77, 0x77, 0x77, 0x77, 0x77, 0x77, 0x77, 0x77, 0x77, 0x77, 0x77, 0x77, 0x77
	.byte 0x77, 0x77, 0x77, 0x77, 0x77, 0x77, 0x77, 0x77, 0x77, 0x77, 0x77, 0x66, 0x77, 0x77, 0x77, 0x56
	.byte 0x77, 0x77, 0x67, 0x55, 0x77, 0x77, 0x67, 0x55, 0x77, 0x77, 0x56, 0x55, 0x77, 0x77, 0x56, 0x55
	.byte 0x77, 0x77, 0x77, 0x77, 0x77, 0x77, 0x77, 0x77, 0x66, 0x66, 0x66, 0x76, 0x55, 0x55, 0x55, 0x75
	.byte 0x55, 0x55, 0x55, 0x75, 0x55, 0x55, 0x55, 0x75, 0x55, 0x55, 0x55, 0x75, 0x55, 0x55, 0x55, 0x75
	.byte 0x77, 0x67, 0x55, 0x55, 0x77, 0x67, 0x55, 0x55, 0x77, 0x56, 0x55, 0x55, 0x77, 0x56, 0x55, 0x55
	.byte 0x67, 0x55, 0x55, 0x55, 0x77, 0x77, 0x77, 0x77, 0x55, 0x55, 0x55, 0x55, 0x55, 0x55, 0x55, 0x55
	.byte 0x55, 0x55, 0x55, 0x75, 0x55, 0x55, 0x55, 0x75, 0x55, 0x55, 0x55, 0x75, 0x55, 0x55, 0x55, 0x75
	.byte 0x55, 0x55, 0x55, 0x75, 0x77, 0x77, 0x77, 0x77, 0x55, 0x55, 0x55, 0x55, 0x55, 0x55, 0x55, 0x55
	.byte 0x66, 0x66, 0x66, 0xE6, 0xEE, 0xEE, 0xEE, 0xE6, 0xEE, 0xEE, 0xEE, 0xE6, 0xEE, 0xEE, 0xEE, 0x6E
	.byte 0xEE, 0xEE, 0xEE, 0x6E, 0xEE, 0xEE, 0xEE, 0xEE, 0x66, 0x66, 0x66, 0x66, 0x77, 0x77, 0x77, 0x77
	.byte 0xEE, 0xEE, 0x3E, 0x33, 0x3E, 0x33, 0xCE, 0x33, 0xEE, 0x33, 0xE3, 0x3C, 0xEE, 0x33, 0x33, 0xEE
	.byte 0xEE, 0x3E, 0x33, 0x33, 0xE6, 0xEE, 0x33, 0x33, 0x66, 0xEE, 0xDE, 0x33, 0x77, 0x77, 0x77, 0x77
	.byte 0x66, 0x66, 0x66, 0x66, 0x66, 0x66, 0x66, 0x66, 0x44, 0x44, 0x44, 0x44, 0x33, 0x33, 0x33, 0x33
	.byte 0x55, 0x55, 0x55, 0x55, 0x77, 0x77, 0x77, 0x77, 0x77, 0x77, 0x77, 0x77, 0x77, 0x77, 0x77, 0x77
	.byte 0x66, 0x66, 0x66, 0x66, 0x66, 0x66, 0x66, 0x66, 0x44, 0x44, 0x44, 0x44, 0x33, 0x33, 0x33, 0x33
	.byte 0x55, 0x55, 0x55, 0x55, 0xA7, 0xAA, 0xAA, 0x7A, 0xA7, 0xAA, 0xAA, 0x7A, 0xA7, 0xAA, 0xAA, 0x7A
	.byte 0x77, 0x77, 0x77, 0x77, 0x77, 0x77, 0x77, 0x77, 0x77, 0x77, 0x77, 0x66, 0x77, 0x77, 0x77, 0x56
	.byte 0x77, 0x77, 0x67, 0x55, 0x77, 0x77, 0x67, 0x55, 0x77, 0x77, 0x56, 0x55, 0x77, 0x77, 0x56, 0x55
	.byte 0xA7, 0xAA, 0xAA, 0x7A, 0xA7, 0xAA, 0xAA, 0x7A, 0xA7, 0xAA, 0xAA, 0x7A, 0xA7, 0xAA, 0xAA, 0x7A
	.byte 0xA7, 0xAA, 0xAA, 0x7A, 0xA7, 0xAA, 0xAA, 0x7A, 0xA7, 0xAA, 0xAA, 0x7A, 0xA7, 0xAA, 0xAA, 0x7A
	.byte 0x77, 0x67, 0x55, 0x55, 0x77, 0x67, 0x55, 0x55, 0x77, 0x56, 0x55, 0x55, 0x77, 0x56, 0x55, 0x55
	.byte 0x67, 0x55, 0x55, 0x55, 0x77, 0x77, 0x77, 0x77, 0x77, 0x77, 0x77, 0x77, 0x55, 0x55, 0x55, 0x55
	.byte 0x47, 0x44, 0x44, 0x74, 0x47, 0x44, 0x44, 0x74, 0x37, 0x33, 0x33, 0x73, 0x37, 0x33, 0x33, 0x73
	.byte 0x27, 0x22, 0x22, 0x72, 0x77, 0x77, 0x77, 0x77, 0x77, 0x77, 0x77, 0x77, 0x55, 0x55, 0x55, 0x55
	.byte 0x66, 0x66, 0x66, 0xE6, 0xEE, 0xEE, 0xEE, 0xE6, 0xEE, 0xEE, 0xEE, 0xE6, 0xEE, 0xEE, 0xEE, 0x6E
	.byte 0xEE, 0xEE, 0xEE, 0x6E, 0xEE, 0xEE, 0xEE, 0xEE, 0x66, 0x66, 0x66, 0x66, 0x77, 0x77, 0x77, 0x77
	.byte 0xEE, 0xEE, 0x3E, 0x33, 0x3E, 0x33, 0xCE, 0x33, 0xEE, 0x33, 0xE3, 0x3C, 0xEE, 0x33, 0x33, 0xEE
	.byte 0xEE, 0x3E, 0x33, 0x33, 0xE6, 0xEE, 0x33, 0x33, 0x66, 0xEE, 0xDE, 0x33, 0x77, 0x77, 0x77, 0x77
	.byte 0x66, 0x66, 0x66, 0x66, 0x66, 0x66, 0x66, 0x66, 0x44, 0x44, 0x44, 0x44, 0x33, 0x33, 0x33, 0x33
	.byte 0x55, 0x55, 0x55, 0x55, 0x77, 0x77, 0x77, 0x77, 0x77, 0x77, 0x77, 0x77, 0x77, 0x77, 0x77, 0x77
	.byte 0x66, 0x66, 0x66, 0x66, 0x66, 0x66, 0x66, 0x66, 0x44, 0x44, 0x44, 0x44, 0x33, 0x33, 0x33, 0x33
	.byte 0x55, 0x55, 0x55, 0x55, 0x77, 0x77, 0xAA, 0x7A, 0x77, 0x77, 0xAA, 0x7A, 0x77, 0x77, 0xAA, 0x7A
	.byte 0x77, 0x77, 0x77, 0x77, 0x77, 0x77, 0x77, 0x77, 0x77, 0x77, 0x77, 0x66, 0x77, 0x77, 0x77, 0x56
	.byte 0x77, 0x77, 0x67, 0x55, 0x77, 0x77, 0x67, 0x55, 0x77, 0x77, 0x56, 0x55, 0x77, 0x77, 0x56, 0x55
	.byte 0x77, 0x77, 0xAA, 0x7A, 0x77, 0x77, 0xAA, 0x7A, 0x66, 0x76, 0xAA, 0x7A, 0x55, 0x75, 0xAA, 0x7A
	.byte 0x55, 0x75, 0xAA, 0x7A, 0x55, 0x75, 0xAA, 0x7A, 0x55, 0x75, 0xAA, 0x7A, 0x55, 0x75, 0xAA, 0x7A
	.byte 0x77, 0x67, 0x55, 0x55, 0x77, 0x67, 0x55, 0x55, 0x77, 0x56, 0x55, 0x55, 0x77, 0x56, 0x55, 0x55
	.byte 0x67, 0x55, 0x55, 0x55, 0x77, 0x77, 0x77, 0x77, 0x77, 0x77, 0x77, 0x77, 0x55, 0x55, 0x55, 0x55
	.byte 0x55, 0x75, 0x44, 0x74, 0x55, 0x75, 0x44, 0x74, 0x55, 0x75, 0x33, 0x73, 0x55, 0x75, 0x33, 0x73
	.byte 0x55, 0x75, 0x22, 0x72, 0x77, 0x77, 0x77, 0x77, 0x77, 0x77, 0x77, 0x77, 0x55, 0x55, 0x55, 0x55
	.byte 0x66, 0x66, 0x66, 0xE6, 0xEE, 0xEE, 0xEE, 0xE6, 0xEE, 0xEE, 0xEE, 0xE6, 0xEE, 0xEE, 0xEE, 0x6E
	.byte 0xEE, 0xEE, 0xEE, 0x6E, 0xEE, 0xEE, 0xEE, 0xEE, 0x66, 0x66, 0x66, 0x66, 0x77, 0x77, 0x77, 0x77
	.byte 0xEE, 0xEE, 0x3E, 0x33, 0x3E, 0x33, 0xCE, 0x33, 0xEE, 0x33, 0xE3, 0x3C, 0xEE, 0x33, 0x33, 0xEE
	.byte 0xEE, 0x3E, 0x33, 0x33, 0xE6, 0xEE, 0x33, 0x33, 0x66, 0xEE, 0xDE, 0x33, 0x77, 0x77, 0x77, 0x77
	.byte 0x66, 0x66, 0x66, 0x66, 0x66, 0x66, 0x66, 0x66, 0x44, 0x44, 0x44, 0x44, 0x33, 0x33, 0x33, 0x33
	.byte 0x55, 0x55, 0x55, 0x55, 0x77, 0x77, 0x77, 0x77, 0x77, 0x77, 0x77, 0x77, 0x77, 0x77, 0x77, 0x77
	.byte 0x66, 0x66, 0x66, 0x66, 0x66, 0x66, 0x66, 0x66, 0x44, 0x44, 0x44, 0x44, 0x33, 0x33, 0x33, 0x33
	.byte 0x55, 0x55, 0x55, 0x55, 0x77, 0x77, 0x77, 0x77, 0x77, 0x77, 0x77, 0x77, 0x77, 0x77, 0x77, 0x77
	.byte 0x77, 0x77, 0x77, 0x77, 0x77, 0x77, 0x77, 0x77, 0x77, 0x77, 0x77, 0x66, 0x77, 0x77, 0x77, 0x56
	.byte 0x77, 0x77, 0x67, 0x55, 0x77, 0x77, 0x67, 0x55, 0x77, 0x77, 0x56, 0x55, 0x77, 0x77, 0x56, 0x55
	.byte 0x77, 0x77, 0x77, 0x77, 0x77, 0x77, 0x77, 0x77, 0x66, 0x66, 0x66, 0x76, 0x55, 0x55, 0x55, 0x75
	.byte 0x55, 0x55, 0x55, 0x75, 0x55, 0x55, 0x55, 0x75, 0x55, 0x55, 0x55, 0x75, 0x55, 0x55, 0x55, 0x75
	.byte 0x77, 0x67, 0x55, 0x55, 0x77, 0x67, 0x55, 0x55, 0x77, 0x56, 0x55, 0x55, 0x77, 0x56, 0x55, 0x55
	.byte 0x67, 0x55, 0x55, 0x55, 0x77, 0x77, 0x77, 0x77, 0x77, 0x77, 0x77, 0x77, 0x55, 0x55, 0x55, 0x55
	.byte 0x55, 0x55, 0x55, 0x75, 0x55, 0x55, 0x55, 0x75, 0x55, 0x55, 0x55, 0x75, 0x55, 0x55, 0x55, 0x75
	.byte 0x55, 0x55, 0x55, 0x75, 0x77, 0x77, 0x77, 0x77, 0x77, 0x77, 0x77, 0x77, 0x55, 0x55, 0x55, 0x55
	.byte 0x33, 0x33, 0x33, 0x44, 0x43, 0x44, 0x33, 0x33, 0x43, 0x44, 0x33, 0x33, 0x33, 0x33, 0x44, 0x34
	.byte 0x33, 0x33, 0x44, 0x34, 0x44, 0x34, 0x33, 0x33, 0x44, 0x34, 0x33, 0x33, 0x33, 0x33, 0x33, 0x44
	.byte 0x33, 0x33, 0x33, 0x44, 0x43, 0x44, 0x33, 0x33, 0x43, 0x44, 0x33, 0x33, 0x33, 0x33, 0x44, 0x34
	.byte 0x33, 0x33, 0x44, 0x34, 0x44, 0x34, 0x33, 0x33, 0x44, 0x34, 0x33, 0x33, 0x33, 0x33, 0x33, 0x44
	.byte 0x33, 0x33, 0x33, 0x33, 0x43, 0x34, 0x43, 0x34, 0x43, 0x34, 0x43, 0x34, 0x33, 0x33, 0x33, 0x33
	.byte 0x66, 0x66, 0x66, 0x66, 0x77, 0x47, 0x67, 0x44, 0x77, 0x47, 0x67, 0x44, 0x77, 0x47, 0x67, 0x46
	.byte 0x33, 0x33, 0x33, 0x33, 0x43, 0x34, 0x43, 0x34, 0x43, 0x34, 0x43, 0x34, 0x33, 0x33, 0x33, 0x33
	.byte 0x66, 0x66, 0x66, 0x66, 0x77, 0x44, 0x47, 0x76, 0x66, 0x44, 0x47, 0x76, 0x46, 0x74, 0x47, 0x76
	.byte 0x77, 0x47, 0x67, 0x46, 0x77, 0x47, 0x67, 0x66, 0x77, 0x47, 0x67, 0x66, 0x77, 0x47, 0x67, 0x46
	.byte 0x77, 0x47, 0x67, 0x46, 0x77, 0x47, 0x67, 0x44, 0x77, 0x47, 0x67, 0x74, 0x77, 0x47, 0x47, 0x74
	.byte 0x44, 0x64, 0x47, 0x76, 0x44, 0x67, 0x47, 0x76, 0x44, 0x67, 0x47, 0x76, 0x44, 0x66, 0x47, 0x76
	.byte 0x47, 0x64, 0x47, 0x76, 0x47, 0x64, 0x47, 0x76, 0x46, 0x64, 0x47, 0x76, 0x66, 0x44, 0x47, 0x76
	.byte 0x77, 0x37, 0x77, 0x64, 0x77, 0x37, 0x33, 0x77, 0x77, 0x76, 0x77, 0x33, 0x77, 0x56, 0x55, 0x77
	.byte 0x67, 0x55, 0x55, 0x55, 0x77, 0x77, 0x77, 0x77, 0x77, 0x77, 0x77, 0x77, 0x55, 0x55, 0x55, 0x55
	.byte 0x66, 0x44, 0x47, 0x76, 0x67, 0x44, 0x47, 0x76, 0x73, 0x77, 0x47, 0x76, 0x37, 0x33, 0x37, 0x76
	.byte 0x75, 0x77, 0x33, 0x76, 0x77, 0x77, 0x77, 0x77, 0x77, 0x77, 0x77, 0x77, 0x55, 0x55, 0x55, 0x55
	.byte 0x33, 0x33, 0x33, 0x44, 0x43, 0x44, 0x33, 0x33, 0x43, 0x44, 0x33, 0x33, 0x33, 0x33, 0x44, 0x34
	.byte 0x33, 0x33, 0x44, 0x34, 0x44, 0x34, 0x33, 0x33, 0x44, 0x34, 0x33, 0x33, 0x33, 0x33, 0x33, 0x44
	.byte 0x33, 0x33, 0x33, 0x44, 0x43, 0x44, 0x33, 0x33, 0x43, 0x44, 0x33, 0x33, 0x33, 0x33, 0x44, 0x34
	.byte 0x33, 0x33, 0x44, 0x34, 0x44, 0x34, 0x33, 0x33, 0x44, 0x34, 0x33, 0x33, 0x33, 0x33, 0x33, 0x44
	.byte 0x33, 0x33, 0x33, 0x33, 0x43, 0x34, 0x43, 0x34, 0x43, 0x34, 0x43, 0x34, 0x33, 0x33, 0x33, 0x33
	.byte 0x44, 0x44, 0x44, 0x44, 0x77, 0x77, 0x77, 0x67, 0x77, 0x77, 0x77, 0x67, 0x77, 0x77, 0x77, 0x47
	.byte 0x33, 0x33, 0x33, 0x33, 0x43, 0x34, 0x43, 0x34, 0x43, 0x34, 0x43, 0x34, 0x33, 0x33, 0x33, 0x33
	.byte 0x44, 0x44, 0x44, 0x44, 0x77, 0x76, 0x66, 0x76, 0x77, 0x77, 0x64, 0x76, 0x67, 0x74, 0x64, 0x76
	.byte 0x77, 0x77, 0x77, 0x47, 0x77, 0x77, 0x77, 0x47, 0x77, 0x77, 0x77, 0x46, 0x77, 0x77, 0x77, 0x66
	.byte 0x77, 0x77, 0x67, 0x65, 0x77, 0x77, 0x67, 0x65, 0x77, 0x77, 0x56, 0x65, 0x77, 0x77, 0x56, 0x65
	.byte 0x67, 0x76, 0x64, 0x76, 0x74, 0x75, 0x64, 0x76, 0x47, 0x77, 0x64, 0x76, 0x67, 0x74, 0x64, 0x76
	.byte 0x67, 0x76, 0x64, 0x76, 0x57, 0x76, 0x64, 0x76, 0x67, 0x45, 0x64, 0x76, 0x74, 0x76, 0x64, 0x76
	.byte 0x77, 0x67, 0x55, 0x55, 0x77, 0x67, 0x55, 0x55, 0x77, 0x56, 0x55, 0x55, 0x77, 0x56, 0x55, 0x55
	.byte 0x67, 0x55, 0x55, 0x55, 0x77, 0x77, 0x77, 0x77, 0x77, 0x77, 0x77, 0x77, 0x55, 0x55, 0x55, 0x55
	.byte 0x47, 0x77, 0x64, 0x76, 0x75, 0x74, 0x64, 0x76, 0x55, 0x77, 0x63, 0x76, 0x55, 0x75, 0x63, 0x76
	.byte 0x55, 0x55, 0x67, 0x76, 0x77, 0x77, 0x77, 0x77, 0x77, 0x77, 0x77, 0x77, 0x55, 0x55, 0x55, 0x55
	.byte 0x33, 0x33, 0x33, 0x44, 0x43, 0x44, 0x33, 0x33, 0x43, 0x44, 0x33, 0x33, 0x33, 0x33, 0x44, 0x34
	.byte 0x33, 0x33, 0x44, 0x34, 0x44, 0x34, 0x33, 0x33, 0x44, 0x34, 0x33, 0x33, 0x33, 0x33, 0x33, 0x44
	.byte 0x33, 0x33, 0x33, 0x44, 0x43, 0x44, 0x33, 0x33, 0x43, 0x44, 0x33, 0x33, 0x33, 0x33, 0x44, 0x34
	.byte 0x33, 0x33, 0x44, 0x34, 0x44, 0x34, 0x33, 0x33, 0x44, 0x34, 0x33, 0x33, 0x33, 0x33, 0x33, 0x44
	.byte 0x33, 0x33, 0x33, 0x33, 0x43, 0x34, 0x43, 0x34, 0x43, 0x34, 0x43, 0x34, 0x33, 0x33, 0x33, 0x33
	.byte 0x66, 0x66, 0x66, 0x66, 0x77, 0x77, 0x77, 0x77, 0x77, 0x77, 0x77, 0x77, 0x77, 0x77, 0x77, 0x77
	.byte 0x33, 0x33, 0x33, 0x33, 0x43, 0x34, 0x43, 0x34, 0x43, 0x34, 0x43, 0x34, 0x33, 0x33, 0x33, 0x33
	.byte 0x66, 0x66, 0x66, 0x66, 0x77, 0x77, 0x77, 0x77, 0x77, 0x77, 0x77, 0x77, 0x77, 0x77, 0x77, 0x77
	.byte 0x77, 0x77, 0x77, 0x77, 0x77, 0x77, 0x77, 0x77, 0x77, 0x77, 0x77, 0x66, 0x77, 0x77, 0x77, 0x56
	.byte 0x77, 0x77, 0x67, 0x55, 0x77, 0x77, 0x67, 0x55, 0x77, 0x77, 0x56, 0x55, 0x77, 0x77, 0x56, 0x55
	.byte 0x77, 0x77, 0x77, 0x77, 0x77, 0x77, 0x77, 0x77, 0x66, 0x66, 0x66, 0x76, 0x55, 0x55, 0x55, 0x75
	.byte 0x55, 0x55, 0x55, 0x75, 0x55, 0x55, 0x55, 0x75, 0x55, 0x55, 0x55, 0x75, 0x55, 0x55, 0x55, 0x75
	.byte 0x77, 0x67, 0x55, 0x55, 0x77, 0x67, 0x55, 0x55, 0x77, 0x56, 0x55, 0x55, 0x77, 0x56, 0x55, 0x55
	.byte 0x67, 0x55, 0x55, 0x55, 0x77, 0x77, 0x77, 0x77, 0x77, 0x77, 0x77, 0x77, 0x55, 0x55, 0x55, 0x55
	.byte 0x55, 0x55, 0x55, 0x75, 0x55, 0x55, 0x55, 0x75, 0x55, 0x55, 0x55, 0x75, 0x55, 0x55, 0x55, 0x75
	.byte 0x55, 0x55, 0x55, 0x75, 0x77, 0x77, 0x77, 0x77, 0x77, 0x77, 0x77, 0x77, 0x55, 0x55, 0x55, 0x55
	.byte 0x00, 0x00, 0x00, 0x00, 0x00, 0x00, 0x00, 0x00, 0x00, 0x00, 0x00, 0x00, 0x00, 0x00, 0x00, 0x00
	.byte 0x00, 0x00, 0x00, 0x00, 0x00, 0x00, 0x00, 0x00, 0x00, 0x00, 0x00, 0x00, 0x00, 0x00, 0x00, 0x00
	.byte 0x33, 0x33, 0x33, 0x44, 0x43, 0x44, 0x33, 0x33, 0x43, 0x44, 0x33, 0x33, 0x33, 0x33, 0x44, 0x34
	.byte 0x33, 0x33, 0x44, 0x34, 0x44, 0x34, 0x33, 0x33, 0x44, 0x34, 0x33, 0x33, 0x33, 0x33, 0x33, 0x44
	.byte 0x33, 0x33, 0x33, 0x44, 0x43, 0x44, 0x33, 0x33, 0x43, 0x44, 0x33, 0x33, 0x33, 0x33, 0x44, 0x34
	.byte 0x33, 0x33, 0x44, 0x34, 0x44, 0x34, 0x33, 0x33, 0x44, 0x34, 0x33, 0x33, 0x33, 0x33, 0x33, 0x44
	.byte 0x33, 0x33, 0x33, 0x33, 0x43, 0x34, 0x43, 0x34, 0x43, 0x34, 0x43, 0x34, 0x33, 0x33, 0x33, 0x33
	.byte 0x66, 0x66, 0x66, 0x66, 0x77, 0x47, 0x67, 0x44, 0x77, 0x47, 0x67, 0x44, 0x77, 0x47, 0x67, 0x46
	.byte 0x33, 0x33, 0x33, 0x33, 0x43, 0x34, 0x43, 0x34, 0x43, 0x34, 0x43, 0x34, 0x33, 0x33, 0x33, 0x33
	.byte 0x66, 0x66, 0x66, 0x66, 0x77, 0x44, 0x47, 0x76, 0x66, 0x44, 0x47, 0x76, 0x46, 0x74, 0x47, 0x76
	.byte 0x77, 0x47, 0x67, 0x46, 0x77, 0x47, 0x67, 0x66, 0x77, 0x47, 0x67, 0x66, 0x77, 0x47, 0x67, 0x46
	.byte 0x77, 0x47, 0x67, 0x46, 0x77, 0x47, 0x67, 0x44, 0x77, 0x47, 0x67, 0x74, 0x77, 0x47, 0x47, 0x74
	.byte 0x44, 0x64, 0x47, 0x76, 0x44, 0x67, 0x47, 0x76, 0x44, 0x67, 0x47, 0x76, 0x44, 0x66, 0x47, 0x76
	.byte 0x47, 0x64, 0x47, 0x76, 0x47, 0x64, 0x47, 0x76, 0x46, 0x64, 0x47, 0x76, 0x66, 0x44, 0x47, 0x76
	.byte 0x77, 0x37, 0x77, 0x64, 0x77, 0x37, 0x33, 0x77, 0x77, 0x76, 0x77, 0x33, 0x77, 0x56, 0x55, 0x77
	.byte 0x67, 0x55, 0x55, 0x55, 0x77, 0x77, 0x77, 0x77, 0x77, 0x77, 0x77, 0x77, 0x55, 0x55, 0x55, 0x55
	.byte 0x66, 0x44, 0x47, 0x76, 0x67, 0x44, 0x47, 0x76, 0x73, 0x77, 0x47, 0x76, 0x37, 0x33, 0x37, 0x76
	.byte 0x75, 0x77, 0x33, 0x76, 0x77, 0x77, 0x77, 0x77, 0x77, 0x77, 0x77, 0x77, 0x55, 0x55, 0x55, 0x55
	.byte 0x33, 0x33, 0x33, 0x44, 0x43, 0x44, 0x33, 0x33, 0x43, 0x44, 0x33, 0x33, 0x33, 0x33, 0x44, 0x34
	.byte 0x33, 0x33, 0x44, 0x34, 0x44, 0x34, 0x33, 0x33, 0x44, 0x34, 0x33, 0x33, 0x33, 0x33, 0x33, 0x44
	.byte 0x33, 0x33, 0x33, 0x44, 0x43, 0x44, 0x33, 0x33, 0x43, 0x44, 0x33, 0x33, 0x33, 0x33, 0x44, 0x34
	.byte 0x33, 0x33, 0x44, 0x34, 0x44, 0x34, 0x33, 0x33, 0x44, 0x34, 0x33, 0x33, 0x33, 0x33, 0x33, 0x44
	.byte 0x33, 0x33, 0x33, 0x33, 0x43, 0x34, 0x43, 0x34, 0x43, 0x34, 0x43, 0x34, 0x33, 0x33, 0x33, 0x33
	.byte 0x44, 0x44, 0x44, 0x44, 0x77, 0x77, 0x77, 0x67, 0x77, 0x77, 0x77, 0x67, 0x77, 0x77, 0x77, 0x47
	.byte 0x33, 0x33, 0x33, 0x33, 0x43, 0x34, 0x43, 0x34, 0x43, 0x34, 0x43, 0x34, 0x33, 0x33, 0x33, 0x33
	.byte 0x44, 0x44, 0x44, 0x44, 0x77, 0x76, 0x66, 0x76, 0x77, 0x77, 0x64, 0x76, 0x67, 0x74, 0x64, 0x76
	.byte 0x77, 0x77, 0x77, 0x47, 0x77, 0x77, 0x77, 0x47, 0x77, 0x77, 0x77, 0x46, 0x77, 0x77, 0x77, 0x66
	.byte 0x77, 0x77, 0x67, 0x65, 0x77, 0x77, 0x67, 0x65, 0x77, 0x77, 0x56, 0x65, 0x77, 0x77, 0x56, 0x65
	.byte 0x67, 0x76, 0x64, 0x76, 0x74, 0x75, 0x64, 0x76, 0x47, 0x77, 0x64, 0x76, 0x67, 0x74, 0x64, 0x76
	.byte 0x67, 0x76, 0x64, 0x76, 0x57, 0x76, 0x64, 0x76, 0x67, 0x45, 0x64, 0x76, 0x74, 0x76, 0x64, 0x76
	.byte 0x77, 0x67, 0x55, 0x55, 0x77, 0x67, 0x55, 0x55, 0x77, 0x56, 0x55, 0x55, 0x77, 0x56, 0x55, 0x55
	.byte 0x67, 0x55, 0x55, 0x55, 0x77, 0x77, 0x77, 0x77, 0x77, 0x77, 0x77, 0x77, 0x55, 0x55, 0x55, 0x55
	.byte 0x47, 0x77, 0x64, 0x76, 0x75, 0x74, 0x64, 0x76, 0x55, 0x77, 0x63, 0x76, 0x55, 0x75, 0x63, 0x76
	.byte 0x55, 0x55, 0x67, 0x76, 0x77, 0x77, 0x77, 0x77, 0x77, 0x77, 0x77, 0x77, 0x55, 0x55, 0x55, 0x55
	.byte 0x33, 0x33, 0x33, 0x44, 0x43, 0x44, 0x33, 0x33, 0x43, 0x44, 0x33, 0x33, 0x33, 0x33, 0x44, 0x34
	.byte 0x33, 0x33, 0x44, 0x34, 0x44, 0x34, 0x33, 0x33, 0x44, 0x34, 0x33, 0x33, 0x33, 0x33, 0x33, 0x44
	.byte 0x33, 0x33, 0x33, 0x44, 0x43, 0x44, 0x33, 0x33, 0x43, 0x44, 0x33, 0x33, 0x33, 0x33, 0x44, 0x34
	.byte 0x33, 0x33, 0x44, 0x34, 0x44, 0x34, 0x33, 0x33, 0x44, 0x34, 0x33, 0x33, 0x33, 0x33, 0x33, 0x44
	.byte 0x33, 0x33, 0x33, 0x33, 0x43, 0x34, 0x43, 0x34, 0x43, 0x34, 0x43, 0x34, 0x33, 0x33, 0x33, 0x33
	.byte 0x66, 0x66, 0x66, 0x66, 0x77, 0x77, 0x77, 0x77, 0x77, 0x77, 0x77, 0x77, 0x77, 0x77, 0x77, 0x77
	.byte 0x33, 0x33, 0x33, 0x33, 0x43, 0x34, 0x43, 0x34, 0x43, 0x34, 0x43, 0x34, 0x33, 0x33, 0x33, 0x33
	.byte 0x66, 0x66, 0x66, 0x66, 0x77, 0x77, 0x77, 0x77, 0x77, 0x77, 0x77, 0x77, 0x77, 0x77, 0x77, 0x77
	.byte 0x77, 0x77, 0x77, 0x77, 0x77, 0x77, 0x77, 0x77, 0x77, 0x77, 0x77, 0x66, 0x77, 0x77, 0x77, 0x56
	.byte 0x77, 0x77, 0x67, 0x55, 0x77, 0x77, 0x67, 0x55, 0x77, 0x77, 0x56, 0x55, 0x77, 0x77, 0x56, 0x55
	.byte 0x77, 0x77, 0x77, 0x77, 0x77, 0x77, 0x77, 0x77, 0x66, 0x66, 0x66, 0x76, 0x55, 0x55, 0x55, 0x75
	.byte 0x55, 0x55, 0x55, 0x75, 0x55, 0x55, 0x55, 0x75, 0x55, 0x55, 0x55, 0x75, 0x55, 0x55, 0x55, 0x75
	.byte 0x77, 0x67, 0x55, 0x55, 0x77, 0x67, 0x55, 0x55, 0x77, 0x56, 0x55, 0x55, 0x77, 0x56, 0x55, 0x55
	.byte 0x67, 0x55, 0x55, 0x55, 0x77, 0x77, 0x77, 0x77, 0x77, 0x77, 0x77, 0x77, 0x55, 0x55, 0x55, 0x55
	.byte 0x55, 0x55, 0x55, 0x75, 0x55, 0x55, 0x55, 0x75, 0x55, 0x55, 0x55, 0x75, 0x55, 0x55, 0x55, 0x75
	.byte 0x55, 0x55, 0x55, 0x75, 0x77, 0x77, 0x77, 0x77, 0x77, 0x77, 0x77, 0x77, 0x55, 0x55, 0x55, 0x55
	.byte 0x00, 0x00, 0x00, 0x00, 0x00, 0x00, 0x00, 0x00, 0x00, 0x00, 0x00, 0x00, 0x00, 0x00, 0x00, 0x00
	.byte 0x00, 0x00, 0x00, 0x00, 0x00, 0x00, 0x00, 0x00, 0x00, 0x00, 0x00, 0x00, 0x00, 0x00, 0x00, 0x00
	.byte 0xCE, 0xCC, 0xDD, 0xDD, 0x66, 0x66, 0xCC, 0xCC, 0x66, 0x66, 0x66, 0x76, 0x77, 0x77, 0x66, 0x76
	.byte 0x77, 0x77, 0x77, 0x77, 0x66, 0x66, 0x66, 0x66, 0x66, 0x66, 0x66, 0x66, 0x66, 0x66, 0x66, 0x66
	.byte 0xCE, 0xCC, 0xDD, 0xDD, 0x66, 0x66, 0xCC, 0xCC, 0x66, 0x66, 0x66, 0x76, 0x77, 0x77, 0x66, 0x76
	.byte 0x77, 0x77, 0x77, 0x77, 0x66, 0x66, 0x66, 0x66, 0x66, 0x66, 0x66, 0x66, 0x66, 0x66, 0x66, 0x66
	.byte 0x35, 0x33, 0x33, 0x33, 0x35, 0x33, 0x33, 0x33, 0x35, 0x33, 0x33, 0x33, 0x35, 0x33, 0x33, 0x33
	.byte 0x77, 0x77, 0x77, 0x77, 0x77, 0x77, 0xE6, 0x66, 0x77, 0x77, 0xE6, 0xA6, 0x77, 0x77, 0xE6, 0xA6
	.byte 0x33, 0x33, 0x33, 0x33, 0x33, 0x33, 0x33, 0x33, 0x33, 0x33, 0x33, 0x33, 0x33, 0x33, 0x33, 0x33
	.byte 0x77, 0x77, 0x77, 0x77, 0xE6, 0xEE, 0xEE, 0x76, 0xAA, 0x66, 0xD6, 0x76, 0xAA, 0xAA, 0xD6, 0x76
	.byte 0x77, 0x77, 0xE6, 0xA6, 0x77, 0x77, 0xE6, 0x66, 0x77, 0x77, 0x66, 0xEE, 0x77, 0x67, 0x33, 0xE6
	.byte 0x77, 0x67, 0x33, 0xE6, 0x77, 0x77, 0x66, 0xEE, 0x77, 0x77, 0xE6, 0xEE, 0x77, 0x77, 0xE6, 0xEE
	.byte 0xAA, 0xA9, 0xD6, 0x76, 0x96, 0xA9, 0xD6, 0x76, 0xDE, 0x66, 0xD6, 0x76, 0xDD, 0xDD, 0xDD, 0x76
	.byte 0xDE, 0xDD, 0xDD, 0x76, 0xEE, 0xDD, 0xDD, 0x76, 0xEE, 0xDE, 0xDD, 0x76, 0xEE, 0xEE, 0xDD, 0x76
	.byte 0x77, 0x77, 0xE6, 0xEE, 0x77, 0x77, 0x77, 0xEE, 0x77, 0x67, 0x55, 0x77, 0x77, 0x56, 0x55, 0x55
	.byte 0x67, 0x55, 0x55, 0x55, 0x77, 0x77, 0x77, 0x77, 0x77, 0x77, 0x77, 0x77, 0x55, 0x55, 0x55, 0x55
	.byte 0xEE, 0xEE, 0xDE, 0x76, 0xEE, 0xEE, 0xEE, 0x76, 0xEE, 0xEE, 0xEE, 0x76, 0x77, 0xEE, 0xEE, 0x76
	.byte 0x55, 0x77, 0xEE, 0x76, 0x77, 0x77, 0x77, 0x77, 0x77, 0x77, 0x77, 0x77, 0x55, 0x55, 0x55, 0x55
	.byte 0xCE, 0xCC, 0xDD, 0xDD, 0x66, 0x66, 0xCC, 0xCC, 0x66, 0x66, 0x66, 0x76, 0x77, 0x77, 0x66, 0x76
	.byte 0x77, 0x77, 0x77, 0x77, 0x66, 0x66, 0x66, 0x66, 0x66, 0x66, 0x66, 0x66, 0x66, 0x66, 0x66, 0x66
	.byte 0xCE, 0xCC, 0xDD, 0xDD, 0x66, 0x66, 0xCC, 0xCC, 0x66, 0x66, 0x66, 0x76, 0x77, 0x77, 0x66, 0x76
	.byte 0x77, 0x77, 0x77, 0x77, 0x66, 0x66, 0x66, 0x66, 0x66, 0x66, 0x66, 0x66, 0x66, 0x66, 0x66, 0x66
	.byte 0x35, 0x33, 0x33, 0x33, 0x35, 0x33, 0x33, 0x33, 0x35, 0x33, 0x33, 0x33, 0x35, 0x33, 0x33, 0x33
	.byte 0x77, 0x77, 0x77, 0x77, 0x77, 0x77, 0x77, 0x77, 0x77, 0x77, 0x77, 0x77, 0x77, 0x77, 0x77, 0x77
	.byte 0x33, 0x33, 0x33, 0x33, 0x33, 0x33, 0x33, 0x33, 0x33, 0x33, 0x33, 0x33, 0x33, 0x33, 0x33, 0x33
	.byte 0x77, 0x77, 0x77, 0x77, 0xE6, 0xE6, 0xEE, 0x76, 0xE6, 0x66, 0xEE, 0x76, 0xE6, 0x66, 0xE6, 0x76
	.byte 0x77, 0x77, 0x77, 0x77, 0x77, 0x77, 0x77, 0x67, 0x77, 0x77, 0x77, 0x66, 0x77, 0x77, 0x77, 0x66
	.byte 0x77, 0x77, 0x67, 0x65, 0x77, 0x77, 0x67, 0x55, 0x77, 0x77, 0x56, 0x55, 0x77, 0x77, 0x56, 0x55
	.byte 0xE6, 0x66, 0xE6, 0x76, 0xE6, 0x6E, 0xE6, 0x76, 0xE3, 0xEE, 0xE6, 0x76, 0xE3, 0xEE, 0xEE, 0x76
	.byte 0xE6, 0xEE, 0xEE, 0x76, 0xE6, 0xEE, 0xEE, 0x76, 0xE6, 0xEE, 0xEE, 0x76, 0xE6, 0xEE, 0xEE, 0x76
	.byte 0x77, 0x67, 0x55, 0x55, 0x77, 0x67, 0x55, 0x55, 0x77, 0x56, 0x55, 0x55, 0x77, 0x56, 0x55, 0x55
	.byte 0x67, 0x55, 0x55, 0x55, 0x77, 0x77, 0x77, 0x77, 0x77, 0x77, 0x77, 0x77, 0x55, 0x55, 0x55, 0x55
	.byte 0xE6, 0xEE, 0xEE, 0x76, 0x75, 0xEE, 0xEE, 0x76, 0x55, 0xE7, 0xEE, 0x76, 0x55, 0x75, 0xEE, 0x76
	.byte 0x55, 0x55, 0xE7, 0x76, 0x77, 0x77, 0x77, 0x76, 0x77, 0x77, 0x77, 0x77, 0x55, 0x55, 0x55, 0x75
	.byte 0xCE, 0xCC, 0xDD, 0xDD, 0x66, 0x66, 0xCC, 0xCC, 0x66, 0x66, 0x66, 0x76, 0x77, 0x77, 0x66, 0x76
	.byte 0x77, 0x77, 0x77, 0x77, 0x66, 0x66, 0x66, 0x66, 0x66, 0x66, 0x66, 0x66, 0x66, 0x66, 0x66, 0x66
	.byte 0xCE, 0xCC, 0xDD, 0xDD, 0x66, 0x66, 0xCC, 0xCC, 0x66, 0x66, 0x66, 0x76, 0x77, 0x77, 0x66, 0x76
	.byte 0x77, 0x77, 0x77, 0x77, 0x66, 0x66, 0x66, 0x66, 0x66, 0x66, 0x66, 0x66, 0x66, 0x66, 0x66, 0x66
	.byte 0x35, 0x33, 0x33, 0x33, 0x35, 0x33, 0x33, 0x33, 0x35, 0x33, 0x33, 0x33, 0x35, 0x33, 0x33, 0x33
	.byte 0x77, 0x77, 0x77, 0x77, 0x77, 0x77, 0x77, 0x77, 0x77, 0x77, 0x77, 0x77, 0x77, 0x77, 0x77, 0x77
	.byte 0x33, 0x33, 0x33, 0x33, 0x33, 0x33, 0x33, 0x33, 0x33, 0x33, 0x33, 0x33, 0x33, 0x33, 0x33, 0x33
	.byte 0x77, 0x77, 0x77, 0x77, 0x77, 0x77, 0x77, 0x76, 0x77, 0x77, 0x77, 0x76, 0x77, 0x77, 0x77, 0x76
	.byte 0x77, 0x77, 0x77, 0x77, 0x77, 0x77, 0x77, 0x77, 0x77, 0x77, 0x77, 0x66, 0x77, 0x77, 0x77, 0x56
	.byte 0x77, 0x77, 0x67, 0x55, 0x77, 0x77, 0x67, 0x55, 0x77, 0x77, 0x56, 0x55, 0x77, 0x77, 0x56, 0x55
	.byte 0x77, 0x77, 0x77, 0x76, 0x77, 0x77, 0x77, 0x76, 0x66, 0x66, 0x66, 0x76, 0x55, 0x55, 0x55, 0x76
	.byte 0x55, 0x55, 0x55, 0x76, 0x55, 0x55, 0x55, 0x76, 0x55, 0x55, 0x55, 0x76, 0x55, 0x55, 0x55, 0x76
	.byte 0x77, 0x67, 0x55, 0x55, 0x77, 0x67, 0x55, 0x55, 0x77, 0x56, 0x55, 0x55, 0x77, 0x56, 0x55, 0x55
	.byte 0x67, 0x55, 0x55, 0x55, 0x77, 0x77, 0x77, 0x77, 0x77, 0x77, 0x77, 0x77, 0x55, 0x55, 0x55, 0x55
	.byte 0x55, 0x55, 0x55, 0x76, 0x55, 0x55, 0x55, 0x76, 0x55, 0x55, 0x55, 0x76, 0x55, 0x55, 0x55, 0x76
	.byte 0x55, 0x55, 0x55, 0x76, 0x77, 0x77, 0x77, 0x76, 0x77, 0x77, 0x77, 0x77, 0x55, 0x55, 0x55, 0x55
	.byte 0x00, 0x00, 0x00, 0x00, 0x00, 0x00, 0x00, 0x00, 0x00, 0x00, 0x00, 0x00, 0x00, 0x00, 0x00, 0x00
	.byte 0x00, 0x00, 0x00, 0x00, 0x00, 0x00, 0x00, 0x00, 0x00, 0x00, 0x00, 0x00, 0x00, 0x00, 0x00, 0x00
	.byte 0x00, 0x00, 0x00, 0x00, 0x00, 0x00, 0x00, 0x00, 0x00, 0x00, 0x00, 0x00, 0x00, 0x00, 0x00, 0x00
	.byte 0x00, 0x00, 0x00, 0x00, 0x00, 0x00, 0x00, 0x00, 0x00, 0x00, 0x00, 0x00, 0x00, 0x00, 0x00, 0x00
	.byte 0x00, 0x00, 0x00, 0x00, 0x00, 0x00, 0x00, 0x00, 0x00, 0x00, 0x00, 0x00, 0x00, 0x00, 0x00, 0x00
	.byte 0x00, 0x00, 0x00, 0x00, 0x00, 0x00, 0x00, 0x00, 0x00, 0x00, 0x00, 0x00, 0x00, 0x00, 0x00, 0x00
	.byte 0x00, 0x00, 0x00, 0x00, 0x00, 0x00, 0x00, 0x00, 0x00, 0x00, 0x00, 0x00, 0x00, 0x00, 0x00, 0x00
	.byte 0x00, 0x00, 0x00, 0x00, 0x00, 0x00, 0x00, 0x00, 0x00, 0x00, 0x00, 0x00, 0x00, 0x00, 0x00, 0x00
	.byte 0x00, 0x00, 0x00, 0x00, 0x00, 0x00, 0x00, 0x00, 0x00, 0x00, 0x00, 0x00, 0x00, 0x00, 0x00, 0x00
	.byte 0x00, 0x00, 0x00, 0x00, 0x00, 0x00, 0x00, 0x00, 0x00, 0x00, 0x00, 0x00, 0x00, 0x00, 0x00, 0x00
	.byte 0x00, 0x00, 0x00, 0x00, 0x00, 0x00, 0x00, 0x00, 0x00, 0x00, 0x00, 0x00, 0x00, 0x00, 0x00, 0x00
	.byte 0x00, 0x00, 0x00, 0x00, 0x00, 0x00, 0x00, 0x00, 0x00, 0x00, 0x00, 0x00, 0x00, 0x00, 0x00, 0x00
	.byte 0x00, 0x00, 0x00, 0x00, 0x00, 0x00, 0x00, 0x00, 0x00, 0x00, 0x00, 0x00, 0x00, 0x00, 0x00, 0x00
	.byte 0x00, 0x00, 0x00, 0x00, 0x00, 0x00, 0x00, 0x00, 0x00, 0x00, 0x00, 0x00, 0x00, 0x00, 0x00, 0x00
	.byte 0x00, 0x00, 0x00, 0x00, 0x00, 0x00, 0x00, 0x00, 0x00, 0x00, 0x00, 0x00, 0x00, 0x00, 0x00, 0x00
	.byte 0x00, 0x00, 0x00, 0x00, 0x00, 0x00, 0x00, 0x00, 0x00, 0x00, 0x00, 0x00, 0x00, 0x00, 0x00, 0x00
	.byte 0x00, 0x00, 0x00, 0x00, 0x00, 0x00, 0x00, 0x00, 0x00, 0x00, 0x00, 0x00, 0x00, 0x00, 0x00, 0x00
	.byte 0x00, 0x00, 0x00, 0x00, 0x00, 0x00, 0x00, 0x00, 0x00, 0x00, 0x00, 0x00, 0x00, 0x00, 0x00, 0x00
	.byte 0x00, 0x00, 0x00, 0x00, 0x00, 0x00, 0x00, 0x00, 0x00, 0x00, 0x00, 0x00, 0x00, 0x00, 0x00, 0x00
	.byte 0x00, 0x00, 0x00, 0x00, 0x00, 0x00, 0x00, 0x00, 0x00, 0x00, 0x00, 0x00, 0x00, 0x00, 0x00, 0x00
	.byte 0x00, 0x00, 0x00, 0x00, 0x00, 0x00, 0x00, 0x00, 0x00, 0x00, 0x00, 0x00, 0x00, 0x00, 0x00, 0x00
	.byte 0x00, 0x00, 0x00, 0x00, 0x00, 0x00, 0x00, 0x00, 0x00, 0x00, 0x00, 0x00, 0x00, 0x00, 0x00, 0x00
	.byte 0x00, 0x00, 0x00, 0x00, 0x00, 0x00, 0x00, 0x00, 0x00, 0x00, 0x00, 0x00, 0x00, 0x00, 0x00, 0x00
	.byte 0x00, 0x00, 0x00, 0x00, 0x00, 0x00, 0x00, 0x00, 0x00, 0x00, 0x00, 0x00, 0x00, 0x00, 0x00, 0x00
	.byte 0x00, 0x00, 0x00, 0x00, 0x00, 0x00, 0x00, 0x00, 0x00, 0x00, 0x00, 0x00, 0x00, 0x00, 0x00, 0x00
	.byte 0x00, 0x00, 0x00, 0x00, 0x00, 0x00, 0x00, 0x00, 0x00, 0x00, 0x00, 0x00, 0x00, 0x00, 0x00, 0x00
	.byte 0x00, 0x00, 0x00, 0x00, 0x00, 0x00, 0x00, 0x00, 0x00, 0x00, 0x00, 0x00, 0x00, 0x00, 0x00, 0x00
	.byte 0x00, 0x00, 0x00, 0x00, 0x00, 0x00, 0x00, 0x00, 0x00, 0x00, 0x00, 0x00, 0x00, 0x00, 0x00, 0x00
	.byte 0x00, 0x00, 0x00, 0x00, 0x00, 0x00, 0x00, 0x00, 0x00, 0x00, 0x00, 0x00, 0x00, 0x00, 0x00, 0x00
	.byte 0x00, 0x00, 0x00, 0x00, 0x00, 0x00, 0x00, 0x00, 0x00, 0x00, 0x00, 0x00, 0x00, 0x00, 0x00, 0x00
	.byte 0x00, 0x00, 0x00, 0x00, 0x00, 0x00, 0x00, 0x00, 0x00, 0x00, 0x00, 0x00, 0x00, 0x00, 0x00, 0x00
	.byte 0x00, 0x00, 0x00, 0x00, 0x00, 0x00, 0x00, 0x00, 0x00, 0x00, 0x00, 0x00, 0x00, 0x00, 0x00, 0x00
	.byte 0x00, 0x00, 0x00, 0x00, 0x00, 0x00, 0x00, 0x00, 0x00, 0x00, 0x00, 0x00, 0x00, 0x00, 0x00, 0x00
	.byte 0x00, 0x00, 0x00, 0x00, 0x00, 0x00, 0x00, 0x00, 0x00, 0x00, 0x00, 0x00, 0x00, 0x00, 0x00, 0x00
	.byte 0x00, 0x00, 0x00, 0x00, 0x00, 0x00, 0x00, 0x00, 0x00, 0x00, 0x00, 0x00, 0x00, 0x00, 0x00, 0x00
	.byte 0x00, 0x00, 0x00, 0x00, 0x00, 0x00, 0x00, 0x00, 0x00, 0x00, 0x00, 0x00, 0x00, 0x00, 0x00, 0x00
	.byte 0x00, 0x00, 0x00, 0x00, 0x00, 0x00, 0x00, 0x00, 0x00, 0x00, 0x00, 0x00, 0x00, 0x00, 0x00, 0x00
	.byte 0x00, 0x00, 0x00, 0x00, 0x00, 0x00, 0x00, 0x00, 0x00, 0x00, 0x00, 0x00, 0x00, 0x00, 0x00, 0x00
	.byte 0x00, 0x00, 0x00, 0x00, 0x00, 0x00, 0x00, 0x00, 0x00, 0x00, 0x00, 0x00, 0x00, 0x00, 0x00, 0x00
	.byte 0x00, 0x00, 0x00, 0x00, 0x00, 0x00, 0x00, 0x00, 0x00, 0x00, 0x00, 0x00, 0x00, 0x00, 0x00, 0x00
	.byte 0x00, 0x00, 0x00, 0x00, 0x00, 0x00, 0x00, 0x00, 0x00, 0x00, 0x00, 0x00, 0x00, 0x00, 0x00, 0x00
	.byte 0x00, 0x00, 0x00, 0x00, 0x00, 0x00, 0x00, 0x00, 0x00, 0x00, 0x00, 0x00, 0x00, 0x00, 0x00, 0x00
	.byte 0x00, 0x00, 0x00, 0x00, 0x00, 0x00, 0x00, 0x00, 0x00, 0x00, 0x00, 0x00, 0x00, 0x00, 0x00, 0x00
	.byte 0x00, 0x00, 0x00, 0x00, 0x00, 0x00, 0x00, 0x00, 0x00, 0x00, 0x00, 0x00, 0x00, 0x00, 0x00, 0x00
	.byte 0x00, 0x00, 0x00, 0x00, 0x00, 0x00, 0x00, 0x00, 0x00, 0x00, 0x00, 0x00, 0x00, 0x00, 0x00, 0x00
	.byte 0x00, 0x00, 0x00, 0x00, 0x00, 0x00, 0x00, 0x00, 0x00, 0x00, 0x00, 0x00, 0x00, 0x00, 0x00, 0x00
	.byte 0x00, 0x00, 0x00, 0x00, 0x00, 0x00, 0x00, 0x00, 0x00, 0x00, 0x00, 0x00, 0x00, 0x00, 0x00, 0x00
	.byte 0x00, 0x00, 0x00, 0x00, 0x00, 0x00, 0x00, 0x00, 0x00, 0x00, 0x00, 0x00, 0x00, 0x00, 0x00, 0x00
	.byte 0x00, 0x00, 0x00, 0x00, 0x00, 0x00, 0x00, 0x00, 0x00, 0x00, 0x00, 0x00, 0x00, 0x00, 0x00, 0x00
	.byte 0x00, 0x00, 0x00, 0x00, 0x00, 0x00, 0x00, 0x00, 0x00, 0x00, 0x00, 0x00, 0x00, 0x00, 0x00, 0x00
	.byte 0x00, 0x00, 0x00, 0x00, 0x00, 0x00, 0x00, 0x00, 0x00, 0x00, 0x00, 0x00, 0x00, 0x00, 0x00, 0x00
	.byte 0x00, 0x00, 0x00, 0x00, 0x00, 0x00, 0x00, 0x00, 0x00, 0x00, 0x00, 0x00, 0x00, 0x00, 0x00, 0x00
	.byte 0x00, 0x00, 0x00, 0x00, 0x00, 0x00, 0x00, 0x00, 0x00, 0x00, 0x00, 0x00, 0x00, 0x00, 0x00, 0x00
	.byte 0x00, 0x00, 0x00, 0x00, 0x00, 0x00, 0x00, 0x00, 0x00, 0x00, 0x00, 0x00, 0x00, 0x00, 0x00, 0x00
	.byte 0x00, 0x00, 0x00, 0x00, 0x00, 0x00, 0x00, 0x00, 0x00, 0x00, 0x00, 0x00, 0x00, 0x00, 0x00, 0x00
	.byte 0x00, 0x00, 0x00, 0x00, 0x00, 0x00, 0x00, 0x00, 0x00, 0x00, 0x00, 0x00, 0x00, 0x00, 0x00, 0x00
	.byte 0x00, 0x00, 0x00, 0x00, 0x00, 0x00, 0x00, 0x00, 0x00, 0x00, 0x00, 0x00, 0x00, 0x00, 0x00, 0x00
	.byte 0x00, 0x00, 0x00, 0x00, 0x00, 0x00, 0x00, 0x00, 0x00, 0x00, 0x00, 0x00, 0x00, 0x00, 0x00, 0x00
	.byte 0x00, 0x00, 0x00, 0x00, 0x00, 0x00, 0x00, 0x00, 0x00, 0x00, 0x00, 0x00, 0x00, 0x00, 0x00, 0x00
	.byte 0x00, 0x00, 0x00, 0x00, 0x00, 0x00, 0x00, 0x00, 0x00, 0x00, 0x00, 0x00, 0x00, 0x00, 0x00, 0x00
	.byte 0x00, 0x00, 0x00, 0x00, 0x00, 0x00, 0x00, 0x00, 0x00, 0x00, 0x00, 0x00, 0x00, 0x00, 0x00, 0x00
	.byte 0x00, 0x00, 0x00, 0x00, 0x00, 0x00, 0x00, 0x00, 0x00, 0x00, 0x00, 0x00, 0x00, 0x00, 0x00, 0x00
	.byte 0x00, 0x00, 0x00, 0x00, 0x00, 0x00, 0x00, 0x00, 0x00, 0x00, 0x00, 0x00, 0x00, 0x00, 0x00, 0x00
	.byte 0x00, 0x00, 0x00, 0x00, 0x00, 0x00, 0x00, 0x00, 0x00, 0x00, 0x00, 0x00, 0x00, 0x00, 0x00, 0x00
	.byte 0x00, 0x00, 0x00, 0x00, 0x00, 0x00, 0x00, 0x00, 0x00, 0x00, 0x00, 0x00, 0x00, 0x00, 0x00, 0x00
	.byte 0x00, 0x00, 0x00, 0x00, 0x00, 0x00, 0x00, 0x00, 0x00, 0x00, 0x00, 0x00, 0x00, 0x00, 0x00, 0x00
	.byte 0x00, 0x00, 0x00, 0x00, 0x00, 0x00, 0x00, 0x00, 0x00, 0x00, 0x00, 0x00, 0x00, 0x00, 0x00, 0x00
	.byte 0x00, 0x00, 0x00, 0x00, 0x00, 0x00, 0x00, 0x00, 0x00, 0x00, 0x00, 0x00, 0x00, 0x00, 0x00, 0x00
	.byte 0x00, 0x00, 0x00, 0x00, 0x00, 0x00, 0x00, 0x00, 0x00, 0x00, 0x00, 0x00, 0x00, 0x00, 0x00, 0x00
	.byte 0x00, 0x00, 0x00, 0x00, 0x00, 0x00, 0x00, 0x00, 0x00, 0x00, 0x00, 0x00, 0x00, 0x00, 0x00, 0x00
	.byte 0x00, 0x00, 0x00, 0x00, 0x00, 0x00, 0x00, 0x00, 0x00, 0x00, 0x00, 0x00, 0x00, 0x00, 0x00, 0x00
	.byte 0x00, 0x00, 0x00, 0x00, 0x00, 0x00, 0x00, 0x00, 0x00, 0x00, 0x00, 0x00, 0x00, 0x00, 0x00, 0x00
	.byte 0x00, 0x00, 0x00, 0x00, 0x00, 0x00, 0x00, 0x00, 0x00, 0x00, 0x00, 0x00, 0x00, 0x00, 0x00, 0x00
	.byte 0x00, 0x00, 0x00, 0x00, 0x00, 0x00, 0x00, 0x00, 0x00, 0x00, 0x00, 0x00, 0x00, 0x00, 0x00, 0x00
	.byte 0x00, 0x00, 0x00, 0x00, 0x00, 0x00, 0x00, 0x00, 0x00, 0x00, 0x00, 0x00, 0x00, 0x00, 0x00, 0x00
	.byte 0x00, 0x00, 0x00, 0x00, 0x00, 0x00, 0x00, 0x00, 0x00, 0x00, 0x00, 0x00, 0x00, 0x00, 0x00, 0x00
	.byte 0x00, 0x00, 0x00, 0x00, 0x00, 0x00, 0x00, 0x00, 0x00, 0x00, 0x00, 0x00, 0x00, 0x00, 0x00, 0x00
	.byte 0x00, 0x00, 0x00, 0x00, 0x00, 0x00, 0x00, 0x00, 0x00, 0x00, 0x00, 0x00, 0x00, 0x00, 0x00, 0x00
	.byte 0x00, 0x00, 0x00, 0x00, 0x00, 0x00, 0x00, 0x00, 0x00, 0x00, 0x00, 0x00, 0x00, 0x00, 0x00, 0x00
	.byte 0x00, 0x00, 0x00, 0x00, 0x00, 0x00, 0x00, 0x00, 0x00, 0x00, 0x00, 0x00, 0x00, 0x00, 0x00, 0x00
	.byte 0x00, 0x00, 0x00, 0x00, 0x00, 0x00, 0x00, 0x00, 0x00, 0x00, 0x00, 0x00, 0x00, 0x00, 0x00, 0x00
	.byte 0x00, 0x00, 0x00, 0x00, 0x00, 0x00, 0x00, 0x00, 0x00, 0x00, 0x00, 0x00, 0x00, 0x00, 0x00, 0x00
	.byte 0x00, 0x00, 0x00, 0x00, 0x00, 0x00, 0x00, 0x00, 0x00, 0x00, 0x00, 0x00, 0x00, 0x00, 0x00, 0x00
	.byte 0x00, 0x00, 0x00, 0x00, 0x00, 0x00, 0x00, 0x00, 0x00, 0x00, 0x00, 0x00, 0x00, 0x00, 0x00, 0x00
	.byte 0x00, 0x00, 0x00, 0x00, 0x00, 0x00, 0x00, 0x00, 0x00, 0x00, 0x00, 0x00, 0x00, 0x00, 0x00, 0x00
	.byte 0x00, 0x00, 0x00, 0x00, 0x00, 0x00, 0x00, 0x00, 0x00, 0x00, 0x00, 0x00, 0x00, 0x00, 0x00, 0x00
	.byte 0x00, 0x00, 0x00, 0x00, 0x00, 0x00, 0x00, 0x00, 0x00, 0x00, 0x00, 0x00, 0x00, 0x00, 0x00, 0x00
	.byte 0x00, 0x00, 0x00, 0x00, 0x00, 0x00, 0x00, 0x00, 0x00, 0x00, 0x00, 0x00, 0x00, 0x00, 0x00, 0x00
	.byte 0x00, 0x00, 0x00, 0x00, 0x00, 0x00, 0x00, 0x00, 0x00, 0x00, 0x00, 0x00, 0x00, 0x00, 0x00, 0x00
	.byte 0x00, 0x00, 0x00, 0x00, 0x00, 0x00, 0x00, 0x00, 0x00, 0x00, 0x00, 0x00, 0x00, 0x00, 0x00, 0x00
	.byte 0x00, 0x00, 0x00, 0x00, 0x00, 0x00, 0x00, 0x00, 0x00, 0x00, 0x00, 0x00, 0x00, 0x00, 0x00, 0x00
	.byte 0x00, 0x00, 0x00, 0x00, 0x00, 0x00, 0x00, 0x00, 0x00, 0x00, 0x00, 0x00, 0x00, 0x00, 0x00, 0x00
	.byte 0x00, 0x00, 0x00, 0x00, 0x00, 0x00, 0x00, 0x00, 0x00, 0x00, 0x00, 0x00, 0x00, 0x00, 0x00, 0x00
	.byte 0x00, 0x00, 0x00, 0x00, 0x00, 0x00, 0x00, 0x00, 0x00, 0x00, 0x00, 0x00, 0x00, 0x00, 0x00, 0x00
	.byte 0x00, 0x00, 0x00, 0x00, 0x00, 0x00, 0x00, 0x00, 0x00, 0x00, 0x00, 0x00, 0x00, 0x00, 0x00, 0x00
	.byte 0x00, 0x00, 0x00, 0x00, 0x00, 0x00, 0x00, 0x00, 0x00, 0x00, 0x00, 0x00, 0x00, 0x00, 0x00, 0x00
	.byte 0x00, 0x00, 0x00, 0x00, 0x00, 0x00, 0x00, 0x00, 0x00, 0x00, 0x00, 0x00, 0x00, 0x00, 0x00, 0x00
	.byte 0x00, 0x00, 0x00, 0x00, 0x00, 0x00, 0x00, 0x00, 0x00, 0x00, 0x00, 0x00, 0x00, 0x00, 0x00, 0x00
	.byte 0x00, 0x00, 0x00, 0x00, 0x00, 0x00, 0x00, 0x00, 0x00, 0x00, 0x00, 0x00, 0x00, 0x00, 0x00, 0x00
	.byte 0x00, 0x00, 0x00, 0x00, 0x00, 0x00, 0x00, 0x00, 0x00, 0x00, 0x00, 0x00, 0x00, 0x00, 0x00, 0x00
	.byte 0x00, 0x00, 0x00, 0x00, 0x00, 0x00, 0x00, 0x00, 0x00, 0x00, 0x00, 0x00, 0x00, 0x00, 0x00, 0x00
	.byte 0x00, 0x00, 0x00, 0x00, 0x00, 0x00, 0x00, 0x00, 0x00, 0x00, 0x00, 0x00, 0x00, 0x00, 0x00, 0x00
	.byte 0x00, 0x00, 0x00, 0x00, 0x00, 0x00, 0x00, 0x00, 0x00, 0x00, 0x00, 0x00, 0x00, 0x00, 0x00, 0x00
	.byte 0x00, 0x00, 0x00, 0x00, 0x00, 0x00, 0x00, 0x00, 0x00, 0x00, 0x00, 0x00, 0x00, 0x00, 0x00, 0x00
	.byte 0x00, 0x00, 0x00, 0x00, 0x00, 0x00, 0x00, 0x00, 0x00, 0x00, 0x00, 0x00, 0x00, 0x00, 0x00, 0x00
	.byte 0x00, 0x00, 0x00, 0x00, 0x00, 0x00, 0x00, 0x00, 0x00, 0x00, 0x00, 0x00, 0x00, 0x00, 0x00, 0x00
	.byte 0x00, 0x00, 0x00, 0x00, 0x00, 0x00, 0x00, 0x00, 0x00, 0x00, 0x00, 0x00, 0x00, 0x00, 0x00, 0x00
	.byte 0x00, 0x00, 0x00, 0x00, 0x00, 0x00, 0x00, 0x00, 0x00, 0x00, 0x00, 0x00, 0x00, 0x00, 0x00, 0x00
	.byte 0x00, 0x00, 0x00, 0x00, 0x00, 0x00, 0x00, 0x00, 0x00, 0x00, 0x00, 0x00, 0x00, 0x00, 0x00, 0x00
	.byte 0x00, 0x00, 0x00, 0x00, 0x00, 0x00, 0x00, 0x00, 0x00, 0x00, 0x00, 0x00, 0x00, 0x00, 0x00, 0x00
	.byte 0x00, 0x00, 0x00, 0x00, 0x00, 0x00, 0x00, 0x00, 0x00, 0x00, 0x00, 0x00, 0x00, 0x00, 0x00, 0x00
	.byte 0x00, 0x00, 0x00, 0x00, 0x00, 0x00, 0x00, 0x00, 0x00, 0x00, 0x00, 0x00, 0x00, 0x00, 0x00, 0x00
	.byte 0x00, 0x00, 0x00, 0x00, 0x00, 0x00, 0x00, 0x00, 0x00, 0x00, 0x00, 0x00, 0x00, 0x00, 0x00, 0x00
	.byte 0x00, 0x00, 0x00, 0x00, 0x00, 0x00, 0x00, 0x00, 0x00, 0x00, 0x00, 0x00, 0x00, 0x00, 0x00, 0x00
	.byte 0x00, 0x00, 0x00, 0x00, 0x00, 0x00, 0x00, 0x00, 0x00, 0x00, 0x00, 0x00, 0x00, 0x00, 0x00, 0x00
	.byte 0x00, 0x00, 0x00, 0x00, 0x00, 0x00, 0x00, 0x00, 0x00, 0x00, 0x00, 0x00, 0x00, 0x00, 0x00, 0x00
	.byte 0x00, 0x00, 0x00, 0x00, 0x00, 0x00, 0x00, 0x00, 0x00, 0x00, 0x00, 0x00, 0x00, 0x00, 0x00, 0x00
	.byte 0x00, 0x00, 0x00, 0x00, 0x00, 0x00, 0x00, 0x00, 0x00, 0x00, 0x00, 0x00, 0x00, 0x00, 0x00, 0x00
	.byte 0x00, 0x00, 0x00, 0x00, 0x00, 0x00, 0x00, 0x00, 0x00, 0x00, 0x00, 0x00, 0x00, 0x00, 0x00, 0x00
	.byte 0x00, 0x00, 0x00, 0x00, 0x00, 0x00, 0x00, 0x00, 0x00, 0x00, 0x00, 0x00, 0x00, 0x00, 0x00, 0x00
	.byte 0x00, 0x00, 0x00, 0x00, 0x00, 0x00, 0x00, 0x00, 0x00, 0x00, 0x00, 0x00, 0x00, 0x00, 0x00, 0x00
	.byte 0x00, 0x00, 0x00, 0x00, 0x00, 0x00, 0x00, 0x00, 0x00, 0x00, 0x00, 0x00, 0x00, 0x00, 0x00, 0x00
	.byte 0x00, 0x00, 0x00, 0x00, 0x00, 0x00, 0x00, 0x00, 0x00, 0x00, 0x00, 0x00, 0x00, 0x00, 0x00, 0x00
	.byte 0x00, 0x00, 0x00, 0x00, 0x00, 0x00, 0x00, 0x00, 0x00, 0x00, 0x00, 0x00, 0x00, 0x00, 0x00, 0x00
	.byte 0x00, 0x00, 0x00, 0x00, 0x00, 0x00, 0x00, 0x00, 0x00, 0x00, 0x00, 0x00, 0x00, 0x00, 0x00, 0x00
	.byte 0x00, 0x00, 0x00, 0x00, 0x00, 0x00, 0x00, 0x00, 0x00, 0x00, 0x00, 0x00, 0x00, 0x00, 0x00, 0x00
	.byte 0x00, 0x00, 0x00, 0x00, 0x00, 0x00, 0x00, 0x00, 0x00, 0x00, 0x00, 0x00, 0x00, 0x00, 0x00, 0x00
	.byte 0x00, 0x00, 0x00, 0x00, 0x00, 0x00, 0x00, 0x00, 0x00, 0x00, 0x00, 0x00, 0x00, 0x00, 0x00, 0x00
	.byte 0x00, 0x00, 0x00, 0x00, 0x00, 0x00, 0x00, 0x00, 0x00, 0x00, 0x00, 0x00, 0x00, 0x00, 0x00, 0x00
	.byte 0x00, 0x00, 0x00, 0x00, 0x00, 0x00, 0x00, 0x00, 0x00, 0x00, 0x00, 0x00, 0x00, 0x00, 0x00, 0x00
	.byte 0x00, 0x00, 0x00, 0x00, 0x00, 0x00, 0x00, 0x00, 0x00, 0x00, 0x00, 0x00, 0x00, 0x00, 0x00, 0x00
	.byte 0x00, 0x00, 0x00, 0x00, 0x00, 0x00, 0x00, 0x00, 0x00, 0x00, 0x00, 0x00, 0x00, 0x00, 0x00, 0x00
	.byte 0x00, 0x00, 0x00, 0x00, 0x00, 0x00, 0x00, 0x00, 0x00, 0x00, 0x00, 0x00, 0x00, 0x00, 0x00, 0x00
	.byte 0x00, 0x00, 0x00, 0x00, 0x00, 0x00, 0x00, 0x00, 0x00, 0x00, 0x00, 0x00, 0x00, 0x00, 0x00, 0x00
	.byte 0x00, 0x00, 0x00, 0x00, 0x00, 0x00, 0x00, 0x00, 0x00, 0x00, 0x00, 0x00, 0x00, 0x00, 0x00, 0x00
	.byte 0x00, 0x00, 0x00, 0x00, 0x00, 0x00, 0x00, 0x00, 0x00, 0x00, 0x00, 0x00, 0x00, 0x00, 0x00, 0x00
	.byte 0x00, 0x00, 0x00, 0x00, 0x00, 0x00, 0x00, 0x00, 0x00, 0x00, 0x00, 0x00, 0x00, 0x00, 0x00, 0x00
	.byte 0x00, 0x00, 0x00, 0x00, 0x00, 0x00, 0x00, 0x00, 0x00, 0x00, 0x00, 0x00, 0x00, 0x00, 0x00, 0x00
	.byte 0x00, 0x00, 0x00, 0x00, 0x00, 0x00, 0x00, 0x00, 0x00, 0x00, 0x00, 0x00, 0x00, 0x00, 0x00, 0x00
	.byte 0x00, 0x00, 0x00, 0x00, 0x00, 0x00, 0x00, 0x00, 0x00, 0x00, 0x00, 0x00, 0x00, 0x00, 0x00, 0x00
	.byte 0x00, 0x00, 0x00, 0x00, 0x00, 0x00, 0x00, 0x00, 0x00, 0x00, 0x00, 0x00, 0x00, 0x00, 0x00, 0x00
	.byte 0x00, 0x00, 0x00, 0x00, 0x00, 0x00, 0x00, 0x00, 0x00, 0x00, 0x00, 0x00, 0x00, 0x00, 0x00, 0x00
	.byte 0x00, 0x00, 0x00, 0x00, 0x00, 0x00, 0x00, 0x00, 0x00, 0x00, 0x00, 0x00, 0x00, 0x00, 0x00, 0x00
	.byte 0x00, 0x00, 0x00, 0x00, 0x00, 0x00, 0x00, 0x00, 0x00, 0x00, 0x00, 0x00, 0x00, 0x00, 0x00, 0x00
	.byte 0x00, 0x00, 0x00, 0x00, 0x00, 0x00, 0x00, 0x00, 0x00, 0x00, 0x00, 0x00, 0x00, 0x00, 0x00, 0x00
	.byte 0x00, 0x00, 0x00, 0x00, 0x00, 0x00, 0x00, 0x00, 0x00, 0x00, 0x00, 0x00, 0x00, 0x00, 0x00, 0x00
	.byte 0x00, 0x00, 0x00, 0x00, 0x00, 0x00, 0x00, 0x00, 0x00, 0x00, 0x00, 0x00, 0x00, 0x00, 0x00, 0x00
	.byte 0x00, 0x00, 0x00, 0x00, 0x00, 0x00, 0x00, 0x00, 0x00, 0x00, 0x00, 0x00, 0x00, 0x00, 0x00, 0x00
	.byte 0x00, 0x00, 0x00, 0x00, 0x00, 0x00, 0x00, 0x00, 0x00, 0x00, 0x00, 0x00, 0x00, 0x00, 0x00, 0x00
	.byte 0x00, 0x00, 0x00, 0x00, 0x00, 0x00, 0x00, 0x00, 0x00, 0x00, 0x00, 0x00, 0x00, 0x00, 0x00, 0x00
	.byte 0x00, 0x00, 0x00, 0x00, 0x00, 0x00, 0x00, 0x00, 0x00, 0x00, 0x00, 0x00, 0x00, 0x00, 0x00, 0x00
	.byte 0x00, 0x00, 0x00, 0x00, 0x00, 0x00, 0x00, 0x00, 0x00, 0x00, 0x00, 0x00, 0x00, 0x00, 0x00, 0x00
	.byte 0x00, 0x00, 0x00, 0x00, 0x00, 0x00, 0x00, 0x00, 0x00, 0x00, 0x00, 0x00, 0x00, 0x00, 0x00, 0x00
	.byte 0x00, 0x00, 0x00, 0x00, 0x00, 0x00, 0x00, 0x00, 0x00, 0x00, 0x00, 0x00, 0x00, 0x00, 0x00, 0x00
	.byte 0x00, 0x00, 0x00, 0x00, 0x00, 0x00, 0x00, 0x00, 0x00, 0x00, 0x00, 0x00, 0x00, 0x00, 0x00, 0x00
	.byte 0x00, 0x00, 0x00, 0x00, 0x00, 0x00, 0x00, 0x00, 0x00, 0x00, 0x00, 0x00, 0x00, 0x00, 0x00, 0x00
	.byte 0x00, 0x00, 0x00, 0x00, 0x00, 0x00, 0x00, 0x00, 0x00, 0x00, 0x00, 0x00, 0x00, 0x00, 0x00, 0x00
	.byte 0x00, 0x00, 0x00, 0x00, 0x00, 0x00, 0x00, 0x00, 0x00, 0x00, 0x00, 0x00, 0x00, 0x00, 0x00, 0x00
	.byte 0x00, 0x00, 0x00, 0x00, 0x00, 0x00, 0x00, 0x00, 0x00, 0x00, 0x00, 0x00, 0x00, 0x00, 0x00, 0x00
	.byte 0x00, 0x00, 0x00, 0x00, 0x00, 0x00, 0x00, 0x00, 0x00, 0x00, 0x00, 0x00, 0x00, 0x00, 0x00, 0x00
	.byte 0x00, 0x00, 0x00, 0x00, 0x00, 0x00, 0x00, 0x00, 0x00, 0x00, 0x00, 0x00, 0x00, 0x00, 0x00, 0x00
	.byte 0x00, 0x00, 0x00, 0x00, 0x00, 0x00, 0x00, 0x00, 0x00, 0x00, 0x00, 0x00, 0x00, 0x00, 0x00, 0x00
	.byte 0x00, 0x00, 0x00, 0x00, 0x00, 0x00, 0x00, 0x00, 0x00, 0x00, 0x00, 0x00, 0x00, 0x00, 0x00, 0x00
	.byte 0x00, 0x00, 0x00, 0x00, 0x00, 0x00, 0x00, 0x00, 0x00, 0x00, 0x00, 0x00, 0x00, 0x00, 0x00, 0x00
	.byte 0x00, 0x00, 0x00, 0x00, 0x00, 0x00, 0x00, 0x00, 0x00, 0x00, 0x00, 0x00, 0x00, 0x00, 0x00, 0x00
	.byte 0x00, 0x00, 0x00, 0x00, 0x00, 0x00, 0x00, 0x00, 0x00, 0x00, 0x00, 0x00, 0x00, 0x00, 0x00, 0x00
	.byte 0x00, 0x00, 0x00, 0x00, 0x00, 0x00, 0x00, 0x00, 0x00, 0x00, 0x00, 0x00, 0x00, 0x00, 0x00, 0x00
	.byte 0x00, 0x00, 0x00, 0x00, 0x00, 0x00, 0x00, 0x00, 0x00, 0x00, 0x00, 0x00, 0x00, 0x00, 0x00, 0x00
	.byte 0x00, 0x00, 0x00, 0x00, 0x00, 0x00, 0x00, 0x00, 0x00, 0x00, 0x00, 0x00, 0x00, 0x00, 0x00, 0x00
	.byte 0x00, 0x00, 0x00, 0x00, 0x00, 0x00, 0x00, 0x00, 0x00, 0x00, 0x00, 0x00, 0x00, 0x00, 0x00, 0x00
	.byte 0x00, 0x00, 0x00, 0x00, 0x00, 0x00, 0x00, 0x00, 0x00, 0x00, 0x00, 0x00, 0x00, 0x00, 0x00, 0x00
	.byte 0x00, 0x00, 0x00, 0x00, 0x00, 0x00, 0x00, 0x00, 0x00, 0x00, 0x00, 0x00, 0x00, 0x00, 0x00, 0x00
	.byte 0x00, 0x00, 0x00, 0x00, 0x00, 0x00, 0x00, 0x00, 0x00, 0x00, 0x00, 0x00, 0x00, 0x00, 0x00, 0x00
	.byte 0x00, 0x00, 0x00, 0x00, 0x00, 0x00, 0x00, 0x00, 0x00, 0x00, 0x00, 0x00, 0x00, 0x00, 0x00, 0x00
	.byte 0x00, 0x00, 0x00, 0x00, 0x00, 0x00, 0x00, 0x00, 0x00, 0x00, 0x00, 0x00, 0x00, 0x00, 0x00, 0x00
	.byte 0x00, 0x00, 0x00, 0x00, 0x00, 0x00, 0x00, 0x00, 0x00, 0x00, 0x00, 0x00, 0x00, 0x00, 0x00, 0x00
	.byte 0x00, 0x00, 0x00, 0x00, 0x00, 0x00, 0x00, 0x00, 0x00, 0x00, 0x00, 0x00, 0x00, 0x00, 0x00, 0x00
	.byte 0x00, 0x00, 0x00, 0x00, 0x00, 0x00, 0x00, 0x00, 0x00, 0x00, 0x00, 0x00, 0x00, 0x00, 0x00, 0x00
	.byte 0x00, 0x00, 0x00, 0x00, 0x00, 0x00, 0x00, 0x00, 0x00, 0x00, 0x00, 0x00, 0x00, 0x00, 0x00, 0x00
	.byte 0x00, 0x00, 0x00, 0x00, 0x00, 0x00, 0x00, 0x00, 0x00, 0x00, 0x00, 0x00, 0x00, 0x00, 0x00, 0x00
	.byte 0x00, 0x00, 0x00, 0x00, 0x00, 0x00, 0x00, 0x00, 0x00, 0x00, 0x00, 0x00, 0x00, 0x00, 0x00, 0x00
	.byte 0x00, 0x00, 0x00, 0x00, 0x00, 0x00, 0x00, 0x00, 0x00, 0x00, 0x00, 0x00, 0x00, 0x00, 0x00, 0x00
	.byte 0x00, 0x00, 0x00, 0x00, 0x00, 0x00, 0x00, 0x00, 0x00, 0x00, 0x00, 0x00, 0x00, 0x00, 0x00, 0x00
	.byte 0x00, 0x00, 0x00, 0x00, 0x00, 0x00, 0x00, 0x00, 0x00, 0x00, 0x00, 0x00, 0x00, 0x00, 0x00, 0x00
	.byte 0x00, 0x00, 0x00, 0x00, 0x00, 0x00, 0x00, 0x00, 0x00, 0x00, 0x00, 0x00, 0x00, 0x00, 0x00, 0x00
	.byte 0x00, 0x00, 0x00, 0x00, 0x00, 0x00, 0x00, 0x00, 0x00, 0x00, 0x00, 0x00, 0x00, 0x00, 0x00, 0x00
	.byte 0x00, 0x00, 0x00, 0x00, 0x00, 0x00, 0x00, 0x00, 0x00, 0x00, 0x00, 0x00, 0x00, 0x00, 0x00, 0x00
	.byte 0x00, 0x00, 0x00, 0x00, 0x00, 0x00, 0x00, 0x00, 0x00, 0x00, 0x00, 0x00, 0x00, 0x00, 0x00, 0x00
	.byte 0x00, 0x00, 0x00, 0x00, 0x00, 0x00, 0x00, 0x00, 0x00, 0x00, 0x00, 0x00, 0x00, 0x00, 0x00, 0x00
	.byte 0x00, 0x00, 0x00, 0x00, 0x00, 0x00, 0x00, 0x00, 0x00, 0x00, 0x00, 0x00, 0x00, 0x00, 0x00, 0x00
	.byte 0x00, 0x00, 0x00, 0x00, 0x00, 0x00, 0x00, 0x00, 0x00, 0x00, 0x00, 0x00, 0x00, 0x00, 0x00, 0x00
	.byte 0x00, 0x00, 0x00, 0x00, 0x00, 0x00, 0x00, 0x00, 0x00, 0x00, 0x00, 0x00, 0x00, 0x00, 0x00, 0x00
	.byte 0x00, 0x00, 0x00, 0x00, 0x00, 0x00, 0x00, 0x00, 0x00, 0x00, 0x00, 0x00, 0x00, 0x00, 0x00, 0x00
	.byte 0x00, 0x00, 0x00, 0x00, 0x00, 0x00, 0x00, 0x00, 0x00, 0x00, 0x00, 0x00, 0x00, 0x00, 0x00, 0x00
	.byte 0x00, 0x00, 0x00, 0x00, 0x00, 0x00, 0x00, 0x00, 0x00, 0x00, 0x00, 0x00, 0x00, 0x00, 0x00, 0x00
	.byte 0x00, 0x00, 0x00, 0x00, 0x00, 0x00, 0x00, 0x00, 0x00, 0x00, 0x00, 0x00, 0x00, 0x00, 0x00, 0x00
	.byte 0x00, 0x00, 0x00, 0x00, 0x00, 0x00, 0x00, 0x00, 0x00, 0x00, 0x00, 0x00, 0x00, 0x00, 0x00, 0x00
	.byte 0x00, 0x00, 0x00, 0x00, 0x00, 0x00, 0x00, 0x00, 0x00, 0x00, 0x00, 0x00, 0x00, 0x00, 0x00, 0x00
	.byte 0x00, 0x00, 0x00, 0x00, 0x00, 0x00, 0x00, 0x00, 0x00, 0x00, 0x00, 0x00, 0x00, 0x00, 0x00, 0x00
	.byte 0x00, 0x00, 0x00, 0x00, 0x00, 0x00, 0x00, 0x00, 0x00, 0x00, 0x00, 0x00, 0x00, 0x00, 0x00, 0x00
	.byte 0x00, 0x00, 0x00, 0x00, 0x00, 0x00, 0x00, 0x00, 0x00, 0x00, 0x00, 0x00, 0x00, 0x00, 0x00, 0x00
	.byte 0x00, 0x00, 0x00, 0x00, 0x00, 0x00, 0x00, 0x00, 0x00, 0x00, 0x00, 0x00, 0x00, 0x00, 0x00, 0x00
	.byte 0x00, 0x00, 0x00, 0x00, 0x00, 0x00, 0x00, 0x00, 0x00, 0x00, 0x00, 0x00, 0x00, 0x00, 0x00, 0x00
	.byte 0x00, 0x00, 0x00, 0x00, 0x00, 0x00, 0x00, 0x00, 0x00, 0x00, 0x00, 0x00, 0x00, 0x00, 0x00, 0x00
	.byte 0x00, 0x00, 0x00, 0x00, 0x00, 0x00, 0x00, 0x00, 0x00, 0x00, 0x00, 0x00, 0x00, 0x00, 0x00, 0x00
	.byte 0x00, 0x00, 0x00, 0x00, 0x00, 0x00, 0x00, 0x00, 0x00, 0x00, 0x00, 0x00, 0x00, 0x00, 0x00, 0x00
	.byte 0x00, 0x00, 0x00, 0x00, 0x00, 0x00, 0x00, 0x00, 0x00, 0x00, 0x00, 0x00, 0x00, 0x00, 0x00, 0x00
	.byte 0x00, 0x00, 0x00, 0x00, 0x00, 0x00, 0x00, 0x00, 0x00, 0x00, 0x00, 0x00, 0x00, 0x00, 0x00, 0x00
	.byte 0x00, 0x00, 0x00, 0x00, 0x00, 0x00, 0x00, 0x00, 0x00, 0x00, 0x00, 0x00, 0x00, 0x00, 0x00, 0x00
	.byte 0x00, 0x00, 0x00, 0x00, 0x00, 0x00, 0x00, 0x00, 0x00, 0x00, 0x00, 0x00, 0x00, 0x00, 0x00, 0x00
	.byte 0x00, 0x00, 0x00, 0x00, 0x00, 0x00, 0x00, 0x00, 0x00, 0x00, 0x00, 0x00, 0x00, 0x00, 0x00, 0x00
	.byte 0x00, 0x00, 0x00, 0x00, 0x00, 0x00, 0x00, 0x00, 0x00, 0x00, 0x00, 0x00, 0x00, 0x00, 0x00, 0x00
	.byte 0x00, 0x00, 0x00, 0x00, 0x00, 0x00, 0x00, 0x00, 0x00, 0x00, 0x00, 0x00, 0x00, 0x00, 0x00, 0x00
	.byte 0x00, 0x00, 0x00, 0x00, 0x00, 0x00, 0x00, 0x00, 0x00, 0x00, 0x00, 0x00, 0x00, 0x00, 0x00, 0x00
	.byte 0x00, 0x00, 0x00, 0x00, 0x00, 0x00, 0x00, 0x00, 0x00, 0x00, 0x00, 0x00, 0x00, 0x00, 0x00, 0x00
	.byte 0x00, 0x00, 0x00, 0x00, 0x00, 0x00, 0x00, 0x00, 0x00, 0x00, 0x00, 0x00, 0x00, 0x00, 0x00, 0x00
	.byte 0x00, 0x00, 0x00, 0x00, 0x00, 0x00, 0x00, 0x00, 0x00, 0x00, 0x00, 0x00, 0x00, 0x00, 0x00, 0x00
	.byte 0x00, 0x00, 0x00, 0x00, 0x00, 0x00, 0x00, 0x00, 0x00, 0x00, 0x00, 0x00, 0x00, 0x00, 0x00, 0x00
	.byte 0x00, 0x00, 0x00, 0x00, 0x00, 0x00, 0x00, 0x00, 0x00, 0x00, 0x00, 0x00, 0x00, 0x00, 0x00, 0x00
	.byte 0x00, 0x00, 0x00, 0x00, 0x00, 0x00, 0x00, 0x00, 0x00, 0x00, 0x00, 0x00, 0x00, 0x00, 0x00, 0x00
	.byte 0x00, 0x00, 0x00, 0x00, 0x00, 0x00, 0x00, 0x00, 0x00, 0x00, 0x00, 0x00, 0x00, 0x00, 0x00, 0x00
	.byte 0x00, 0x00, 0x00, 0x00, 0x00, 0x00, 0x00, 0x00, 0x00, 0x00, 0x00, 0x00, 0x00, 0x00, 0x00, 0x00
	.byte 0x00, 0x00, 0x00, 0x00, 0x00, 0x00, 0x00, 0x00, 0x00, 0x00, 0x00, 0x00, 0x00, 0x00, 0x00, 0x00
	.byte 0x00, 0x00, 0x00, 0x00, 0x00, 0x00, 0x00, 0x00, 0x00, 0x00, 0x00, 0x00, 0x00, 0x00, 0x00, 0x00
	.byte 0x00, 0x00, 0x00, 0x00, 0x00, 0x00, 0x00, 0x00, 0x00, 0x00, 0x00, 0x00, 0x00, 0x00, 0x00, 0x00
	.byte 0x00, 0x00, 0x00, 0x00, 0x00, 0x00, 0x00, 0x00, 0x00, 0x00, 0x00, 0x00, 0x00, 0x00, 0x00, 0x00
	.byte 0x00, 0x00, 0x00, 0x00, 0x00, 0x00, 0x00, 0x00, 0x00, 0x00, 0x00, 0x00, 0x00, 0x00, 0x00, 0x00
	.byte 0x00, 0x00, 0x00, 0x00, 0x00, 0x00, 0x00, 0x00, 0x00, 0x00, 0x00, 0x00, 0x00, 0x00, 0x00, 0x00
	.byte 0x00, 0x00, 0x00, 0x00, 0x00, 0x00, 0x00, 0x00, 0x00, 0x00, 0x00, 0x00, 0x00, 0x00, 0x00, 0x00
	.byte 0x00, 0x00, 0x00, 0x00, 0x00, 0x00, 0x00, 0x00, 0x00, 0x00, 0x00, 0x00, 0x00, 0x00, 0x00, 0x00
	.byte 0x00, 0x00, 0x00, 0x00, 0x00, 0x00, 0x00, 0x00, 0x00, 0x00, 0x00, 0x00, 0x00, 0x00, 0x00, 0x00
	.byte 0x00, 0x00, 0x00, 0x00, 0x00, 0x00, 0x00, 0x00, 0x00, 0x00, 0x00, 0x00, 0x00, 0x00, 0x00, 0x00
	.byte 0x00, 0x00, 0x00, 0x00, 0x00, 0x00, 0x00, 0x00, 0x00, 0x00, 0x00, 0x00, 0x00, 0x00, 0x00, 0x00
	.byte 0x00, 0x00, 0x00, 0x00, 0x00, 0x00, 0x00, 0x00, 0x00, 0x00, 0x00, 0x00, 0x00, 0x00, 0x00, 0x00
	.byte 0x00, 0x00, 0x00, 0x00, 0x00, 0x00, 0x00, 0x00, 0x00, 0x00, 0x00, 0x00, 0x00, 0x00, 0x00, 0x00
	.byte 0x00, 0x00, 0x00, 0x00, 0x00, 0x00, 0x00, 0x00, 0x00, 0x00, 0x00, 0x00, 0x00, 0x00, 0x00, 0x00
	.byte 0x00, 0x00, 0x00, 0x00, 0x00, 0x00, 0x00, 0x00, 0x00, 0x00, 0x00, 0x00, 0x00, 0x00, 0x00, 0x00
	.byte 0x00, 0x00, 0x00, 0x00, 0x00, 0x00, 0x00, 0x00, 0x00, 0x00, 0x00, 0x00, 0x00, 0x00, 0x00, 0x00
	.byte 0x00, 0x00, 0x00, 0x00, 0x00, 0x00, 0x00, 0x00, 0x00, 0x00, 0x00, 0x00, 0x00, 0x00, 0x00, 0x00
	.byte 0x00, 0x00, 0x00, 0x00, 0x00, 0x00, 0x00, 0x00, 0x00, 0x00, 0x00, 0x00, 0x00, 0x00, 0x00, 0x00
	.byte 0x00, 0x00, 0x00, 0x00, 0x00, 0x00, 0x00, 0x00, 0x00, 0x00, 0x00, 0x00, 0x00, 0x00, 0x00, 0x00
	.byte 0x00, 0x00, 0x00, 0x00, 0x00, 0x00, 0x00, 0x00, 0x00, 0x00, 0x00, 0x00, 0x00, 0x00, 0x00, 0x00
	.byte 0x00, 0x00, 0x00, 0x00, 0x00, 0x00, 0x00, 0x00, 0x00, 0x00, 0x00, 0x00, 0x00, 0x00, 0x00, 0x00
	.byte 0x00, 0x00, 0x00, 0x00, 0x00, 0x00, 0x00, 0x00, 0x00, 0x00, 0x00, 0x00, 0x00, 0x00, 0x00, 0x00
	.byte 0x00, 0x00, 0x00, 0x00, 0x00, 0x00, 0x00, 0x00, 0x00, 0x00, 0x00, 0x00, 0x00, 0x00, 0x00, 0x00
	.byte 0x00, 0x00, 0x00, 0x00, 0x00, 0x00, 0x00, 0x00, 0x00, 0x00, 0x00, 0x00, 0x00, 0x00, 0x00, 0x00
	.byte 0x00, 0x00, 0x00, 0x00, 0x00, 0x00, 0x00, 0x00, 0x00, 0x00, 0x00, 0x00, 0x00, 0x00, 0x00, 0x00
	.byte 0x00, 0x00, 0x00, 0x00, 0x00, 0x00, 0x00, 0x00, 0x00, 0x00, 0x00, 0x00, 0x00, 0x00, 0x00, 0x00
	.byte 0x00, 0x00, 0x00, 0x00, 0x00, 0x00, 0x00, 0x00, 0x00, 0x00, 0x00, 0x00, 0x00, 0x00, 0x00, 0x00
	.byte 0x00, 0x00, 0x00, 0x00, 0x00, 0x00, 0x00, 0x00, 0x00, 0x00, 0x00, 0x00, 0x00, 0x00, 0x00, 0x00
	.byte 0x00, 0x00, 0x00, 0x00, 0x00, 0x00, 0x00, 0x00, 0x00, 0x00, 0x00, 0x00, 0x00, 0x00, 0x00, 0x00
	.byte 0x00, 0x00, 0x00, 0x00, 0x00, 0x00, 0x00, 0x00, 0x00, 0x00, 0x00, 0x00, 0x00, 0x00, 0x00, 0x00
	.byte 0x00, 0x00, 0x00, 0x00, 0x00, 0x00, 0x00, 0x00, 0x00, 0x00, 0x00, 0x00, 0x00, 0x00, 0x00, 0x00
	.byte 0x00, 0x00, 0x00, 0x00, 0x00, 0x00, 0x00, 0x00, 0x00, 0x00, 0x00, 0x00, 0x00, 0x00, 0x00, 0x00
	.byte 0x00, 0x00, 0x00, 0x00, 0x00, 0x00, 0x00, 0x00, 0x00, 0x00, 0x00, 0x00, 0x00, 0x00, 0x00, 0x00
	.byte 0x00, 0x00, 0x00, 0x00, 0x00, 0x00, 0x00, 0x00, 0x00, 0x00, 0x00, 0x00, 0x00, 0x00, 0x00, 0x00
	.byte 0x00, 0x00, 0x00, 0x00, 0x00, 0x00, 0x00, 0x00, 0x00, 0x00, 0x00, 0x00, 0x00, 0x00, 0x00, 0x00
	.byte 0x00, 0x00, 0x00, 0x00, 0x00, 0x00, 0x00, 0x00, 0x00, 0x00, 0x00, 0x00, 0x00, 0x00, 0x00, 0x00
	.byte 0x00, 0x00, 0x00, 0x00, 0x00, 0x00, 0x00, 0x00, 0x00, 0x00, 0x00, 0x00, 0x00, 0x00, 0x00, 0x00
	.byte 0x00, 0x00, 0x00, 0x00, 0x00, 0x00, 0x00, 0x00, 0x00, 0x00, 0x00, 0x00, 0x00, 0x00, 0x00, 0x00
	.byte 0x00, 0x00, 0x00, 0x00, 0x00, 0x00, 0x00, 0x00, 0x00, 0x00, 0x00, 0x00, 0x00, 0x00, 0x00, 0x00
	.byte 0x00, 0x00, 0x00, 0x00, 0x00, 0x00, 0x00, 0x00, 0x00, 0x00, 0x00, 0x00, 0x00, 0x00, 0x00, 0x00
	.byte 0x00, 0x00, 0x00, 0x00, 0x00, 0x00, 0x00, 0x00, 0x00, 0x00, 0x00, 0x00, 0x00, 0x00, 0x00, 0x00
	.byte 0x00, 0x00, 0x00, 0x00, 0x00, 0x00, 0x00, 0x00, 0x00, 0x00, 0x00, 0x00, 0x00, 0x00, 0x00, 0x00
	.byte 0x00, 0x00, 0x00, 0x00, 0x00, 0x00, 0x00, 0x00, 0x00, 0x00, 0x00, 0x00, 0x00, 0x00, 0x00, 0x00
	.byte 0x00, 0x00, 0x00, 0x00, 0x00, 0x00, 0x00, 0x00, 0x00, 0x00, 0x00, 0x00, 0x00, 0x00, 0x00, 0x00
	.byte 0x00, 0x00, 0x00, 0x00, 0x00, 0x00, 0x00, 0x00, 0x00, 0x00, 0x00, 0x00, 0x00, 0x00, 0x00, 0x00
	.byte 0x00, 0x00, 0x00, 0x00, 0x00, 0x00, 0x00, 0x00, 0x00, 0x00, 0x00, 0x00, 0x00, 0x00, 0x00, 0x00
	.byte 0x00, 0x00, 0x00, 0x00, 0x00, 0x00, 0x00, 0x00, 0x00, 0x00, 0x00, 0x00, 0x00, 0x00, 0x00, 0x00
	.byte 0x00, 0x00, 0x00, 0x00, 0x00, 0x00, 0x00, 0x00, 0x00, 0x00, 0x00, 0x00, 0x00, 0x00, 0x00, 0x00
	.byte 0x00, 0x00, 0x00, 0x00, 0x00, 0x00, 0x00, 0x00, 0x00, 0x00, 0x00, 0x00, 0x00, 0x00, 0x00, 0x00
	.byte 0x00, 0x00, 0x00, 0x00, 0x00, 0x00, 0x00, 0x00, 0x00, 0x00, 0x00, 0x00, 0x00, 0x00, 0x00, 0x00
	.byte 0x00, 0x00, 0x00, 0x00, 0x00, 0x00, 0x00, 0x00, 0x00, 0x00, 0x00, 0x00, 0x00, 0x00, 0x00, 0x00
	.byte 0x00, 0x00, 0x00, 0x00, 0x00, 0x00, 0x00, 0x00, 0x00, 0x00, 0x00, 0x00, 0x00, 0x00, 0x00, 0x00
	.byte 0x00, 0x00, 0x00, 0x00, 0x00, 0x00, 0x00, 0x00, 0x00, 0x00, 0x00, 0x00, 0x00, 0x00, 0x00, 0x00
	.byte 0x00, 0x00, 0x00, 0x00, 0x00, 0x00, 0x00, 0x00, 0x00, 0x00, 0x00, 0x00, 0x00, 0x00, 0x00, 0x00
	.byte 0x00, 0x00, 0x00, 0x00, 0x00, 0x00, 0x00, 0x00, 0x00, 0x00, 0x00, 0x00, 0x00, 0x00, 0x00, 0x00
	.byte 0x00, 0x00, 0x00, 0x00, 0x00, 0x00, 0x00, 0x00, 0x00, 0x00, 0x00, 0x00, 0x00, 0x00, 0x00, 0x00
	.byte 0x00, 0x00, 0x00, 0x00, 0x00, 0x00, 0x00, 0x00, 0x00, 0x00, 0x00, 0x00, 0x00, 0x00, 0x00, 0x00
	.byte 0x00, 0x00, 0x00, 0x00, 0x00, 0x00, 0x00, 0x00, 0x00, 0x00, 0x00, 0x00, 0x00, 0x00, 0x00, 0x00
	.byte 0x00, 0x00, 0x00, 0x00, 0x00, 0x00, 0x00, 0x00, 0x00, 0x00, 0x00, 0x00, 0x00, 0x00, 0x00, 0x00
	.byte 0x00, 0x00, 0x00, 0x00, 0x00, 0x00, 0x00, 0x00, 0x00, 0x00, 0x00, 0x00, 0x00, 0x00, 0x00, 0x00
	.byte 0x00, 0x00, 0x00, 0x00, 0x00, 0x00, 0x00, 0x00, 0x00, 0x00, 0x00, 0x00, 0x00, 0x00, 0x00, 0x00
	.byte 0x00, 0x00, 0x00, 0x00, 0x00, 0x00, 0x00, 0x00, 0x00, 0x00, 0x00, 0x00, 0x00, 0x00, 0x00, 0x00
	.byte 0x00, 0x00, 0x00, 0x00, 0x00, 0x00, 0x00, 0x00, 0x00, 0x00, 0x00, 0x00, 0x00, 0x00, 0x00, 0x00
	.byte 0x00, 0x00, 0x00, 0x00, 0x00, 0x00, 0x00, 0x00, 0x00, 0x00, 0x00, 0x00, 0x00, 0x00, 0x00, 0x00
	.byte 0x00, 0x00, 0x00, 0x00, 0x00, 0x00, 0x00, 0x00, 0x00, 0x00, 0x00, 0x00, 0x00, 0x00, 0x00, 0x00
	.byte 0x00, 0x00, 0x00, 0x00, 0x00, 0x00, 0x00, 0x00, 0x00, 0x00, 0x00, 0x00, 0x00, 0x00, 0x00, 0x00
	.byte 0x00, 0x00, 0x00, 0x00, 0x00, 0x00, 0x00, 0x00, 0x00, 0x00, 0x00, 0x00, 0x00, 0x00, 0x00, 0x00
	.byte 0x00, 0x00, 0x00, 0x00, 0x00, 0x00, 0x00, 0x00, 0x00, 0x00, 0x00, 0x00, 0x00, 0x00, 0x00, 0x00
	.byte 0x00, 0x00, 0x00, 0x00, 0x00, 0x00, 0x00, 0x00, 0x00, 0x00, 0x00, 0x00, 0x00, 0x00, 0x00, 0x00
	.byte 0x00, 0x00, 0x00, 0x00, 0x00, 0x00, 0x00, 0x00, 0x00, 0x00, 0x00, 0x00, 0x00, 0x00, 0x00, 0x00
	.byte 0x00, 0x00, 0x00, 0x00, 0x00, 0x00, 0x00, 0x00, 0x00, 0x00, 0x00, 0x00, 0x00, 0x00, 0x00, 0x00
	.byte 0x00, 0x00, 0x00, 0x00, 0x00, 0x00, 0x00, 0x00, 0x00, 0x00, 0x00, 0x00, 0x00, 0x00, 0x00, 0x00
	.byte 0x00, 0x00, 0x00, 0x00, 0x00, 0x00, 0x00, 0x00, 0x00, 0x00, 0x00, 0x00, 0x00, 0x00, 0x00, 0x00
	.byte 0x00, 0x00, 0x00, 0x00, 0x00, 0x00, 0x00, 0x00, 0x00, 0x00, 0x00, 0x00, 0x00, 0x00, 0x00, 0x00
	.byte 0x00, 0x00, 0x00, 0x00, 0x00, 0x00, 0x00, 0x00, 0x00, 0x00, 0x00, 0x00, 0x00, 0x00, 0x00, 0x00
	.byte 0x00, 0x00, 0x00, 0x00, 0x00, 0x00, 0x00, 0x00, 0x00, 0x00, 0x00, 0x00, 0x00, 0x00, 0x00, 0x00
	.byte 0x00, 0x00, 0x00, 0x00, 0x00, 0x00, 0x00, 0x00, 0x00, 0x00, 0x00, 0x00, 0x00, 0x00, 0x00, 0x00
	.byte 0x00, 0x00, 0x00, 0x00, 0x00, 0x00, 0x00, 0x00, 0x00, 0x00, 0x00, 0x00, 0x00, 0x00, 0x00, 0x00
	.byte 0x00, 0x00, 0x00, 0x00, 0x00, 0x00, 0x00, 0x00, 0x00, 0x00, 0x00, 0x00, 0x00, 0x00, 0x00, 0x00
	.byte 0x00, 0x00, 0x00, 0x00, 0x00, 0x00, 0x00, 0x00, 0x00, 0x00, 0x00, 0x00, 0x00, 0x00, 0x00, 0x00
	.byte 0x00, 0x00, 0x00, 0x00, 0x00, 0x00, 0x00, 0x00, 0x00, 0x00, 0x00, 0x00, 0x00, 0x00, 0x00, 0x00
	.byte 0x00, 0x00, 0x00, 0x00, 0x00, 0x00, 0x00, 0x00, 0x00, 0x00, 0x00, 0x00, 0x00, 0x00, 0x00, 0x00
	.byte 0x00, 0x00, 0x00, 0x00, 0x00, 0x00, 0x00, 0x00, 0x00, 0x00, 0x00, 0x00, 0x00, 0x00, 0x00, 0x00
	.byte 0x00, 0x00, 0x00, 0x00, 0x00, 0x00, 0x00, 0x00, 0x00, 0x00, 0x00, 0x00, 0x00, 0x00, 0x00, 0x00
	.byte 0x00, 0x00, 0x00, 0x00, 0x00, 0x00, 0x00, 0x00, 0x00, 0x00, 0x00, 0x00, 0x00, 0x00, 0x00, 0x00
	.byte 0x00, 0x00, 0x00, 0x00, 0x00, 0x00, 0x00, 0x00, 0x00, 0x00, 0x00, 0x00, 0x00, 0x00, 0x00, 0x00
	.byte 0x00, 0x00, 0x00, 0x00, 0x00, 0x00, 0x00, 0x00, 0x00, 0x00, 0x00, 0x00, 0x00, 0x00, 0x00, 0x00
	.byte 0x00, 0x00, 0x00, 0x00, 0x00, 0x00, 0x00, 0x00, 0x00, 0x00, 0x00, 0x00, 0x00, 0x00, 0x00, 0x00
	.byte 0x00, 0x00, 0x00, 0x00, 0x00, 0x00, 0x00, 0x00, 0x00, 0x00, 0x00, 0x00, 0x00, 0x00, 0x00, 0x00
	.byte 0x00, 0x00, 0x00, 0x00, 0x00, 0x00, 0x00, 0x00, 0x00, 0x00, 0x00, 0x00, 0x00, 0x00, 0x00, 0x00
	.byte 0x00, 0x00, 0x00, 0x00, 0x00, 0x00, 0x00, 0x00, 0x00, 0x00, 0x00, 0x00, 0x00, 0x00, 0x00, 0x00
	.byte 0x00, 0x00, 0x00, 0x00, 0x00, 0x00, 0x00, 0x00, 0x00, 0x00, 0x00, 0x00, 0x00, 0x00, 0x00, 0x00
	.byte 0x00, 0x00, 0x00, 0x00, 0x00, 0x00, 0x00, 0x00, 0x00, 0x00, 0x00, 0x00, 0x00, 0x00, 0x00, 0x00
	.byte 0x00, 0x00, 0x00, 0x00, 0x00, 0x00, 0x00, 0x00, 0x00, 0x00, 0x00, 0x00, 0x00, 0x00, 0x00, 0x00
	.byte 0x00, 0x00, 0x00, 0x00, 0x00, 0x00, 0x00, 0x00, 0x00, 0x00, 0x00, 0x00, 0x00, 0x00, 0x00, 0x00
	.byte 0x00, 0x00, 0x00, 0x00, 0x00, 0x00, 0x00, 0x00, 0x00, 0x00, 0x00, 0x00, 0x00, 0x00, 0x00, 0x00
	.byte 0x00, 0x00, 0x00, 0x00, 0x00, 0x00, 0x00, 0x00, 0x00, 0x00, 0x00, 0x00, 0x00, 0x00, 0x00, 0x00
	.byte 0x00, 0x00, 0x00, 0x00, 0x00, 0x00, 0x00, 0x00, 0x00, 0x00, 0x00, 0x00, 0x00, 0x00, 0x00, 0x00
	.byte 0x00, 0x00, 0x00, 0x00, 0x00, 0x00, 0x00, 0x00, 0x00, 0x00, 0x00, 0x00, 0x00, 0x00, 0x00, 0x00
	.byte 0x00, 0x00, 0x00, 0x00, 0x00, 0x00, 0x00, 0x00, 0x00, 0x00, 0x00, 0x00, 0x00, 0x00, 0x00, 0x00
	.byte 0x00, 0x00, 0x00, 0x00, 0x00, 0x00, 0x00, 0x00, 0x00, 0x00, 0x00, 0x00, 0x00, 0x00, 0x00, 0x00
	.byte 0x00, 0x00, 0x00, 0x00, 0x00, 0x00, 0x00, 0x00, 0x00, 0x00, 0x00, 0x00, 0x00, 0x00, 0x00, 0x00
	.byte 0x00, 0x00, 0x00, 0x00, 0x00, 0x00, 0x00, 0x00, 0x00, 0x00, 0x00, 0x00, 0x00, 0x00, 0x00, 0x00
	.byte 0x00, 0x00, 0x00, 0x00, 0x00, 0x00, 0x00, 0x00, 0x00, 0x00, 0x00, 0x00, 0x00, 0x00, 0x00, 0x00
	.byte 0x00, 0x00, 0x00, 0x00, 0x00, 0x00, 0x00, 0x00, 0x00, 0x00, 0x00, 0x00, 0x00, 0x00, 0x00, 0x00
	.byte 0x00, 0x00, 0x00, 0x00, 0x00, 0x00, 0x00, 0x00, 0x00, 0x00, 0x00, 0x00, 0x00, 0x00, 0x00, 0x00
	.byte 0x00, 0x00, 0x00, 0x00, 0x00, 0x00, 0x00, 0x00, 0x00, 0x00, 0x00, 0x00, 0x00, 0x00, 0x00, 0x00
	.byte 0x00, 0x00, 0x00, 0x00, 0x00, 0x00, 0x00, 0x00, 0x00, 0x00, 0x00, 0x00, 0x00, 0x00, 0x00, 0x00
	.byte 0x00, 0x00, 0x00, 0x00, 0x00, 0x00, 0x00, 0x00, 0x00, 0x00, 0x00, 0x00, 0x00, 0x00, 0x00, 0x00
	.byte 0x00, 0x00, 0x00, 0x00, 0x00, 0x00, 0x00, 0x00, 0x00, 0x00, 0x00, 0x00, 0x00, 0x00, 0x00, 0x00
	.byte 0x00, 0x00, 0x00, 0x00, 0x00, 0x00, 0x00, 0x00, 0x00, 0x00, 0x00, 0x00, 0x00, 0x00, 0x00, 0x00
	.byte 0x00, 0x00, 0x00, 0x00, 0x00, 0x00, 0x00, 0x00, 0x00, 0x00, 0x00, 0x00, 0x00, 0x00, 0x00, 0x00
	.byte 0x00, 0x00, 0x00, 0x00, 0x00, 0x00, 0x00, 0x00, 0x00, 0x00, 0x00, 0x00, 0x00, 0x00, 0x00, 0x00
	.byte 0x00, 0x00, 0x00, 0x00, 0x00, 0x00, 0x00, 0x00, 0x00, 0x00, 0x00, 0x00, 0x00, 0x00, 0x00, 0x00
	.byte 0x00, 0x00, 0x00, 0x00, 0x00, 0x00, 0x00, 0x00, 0x00, 0x00, 0x00, 0x00, 0x00, 0x00, 0x00, 0x00
	.byte 0x00, 0x00, 0x00, 0x00, 0x00, 0x00, 0x00, 0x00, 0x00, 0x00, 0x00, 0x00, 0x00, 0x00, 0x00, 0x00
	.byte 0x00, 0x00, 0x00, 0x00, 0x00, 0x00, 0x00, 0x00, 0x00, 0x00, 0x00, 0x00, 0x00, 0x00, 0x00, 0x00
	.byte 0x00, 0x00, 0x00, 0x00, 0x00, 0x00, 0x00, 0x00, 0x00, 0x00, 0x00, 0x00, 0x00, 0x00, 0x00, 0x00
	.byte 0x00, 0x00, 0x00, 0x00, 0x00, 0x00, 0x00, 0x00, 0x00, 0x00, 0x00, 0x00, 0x00, 0x00, 0x00, 0x00
	.byte 0x00, 0x00, 0x00, 0x00, 0x00, 0x00, 0x00, 0x00, 0x00, 0x00, 0x00, 0x00, 0x00, 0x00, 0x00, 0x00
	.byte 0x00, 0x00, 0x00, 0x00, 0x00, 0x00, 0x00, 0x00, 0x00, 0x00, 0x00, 0x00, 0x00, 0x00, 0x00, 0x00
	.byte 0x00, 0x00, 0x00, 0x00, 0x00, 0x00, 0x00, 0x00, 0x00, 0x00, 0x00, 0x00, 0x00, 0x00, 0x00, 0x00
	.byte 0x00, 0x00, 0x00, 0x00, 0x00, 0x00, 0x00, 0x00, 0x00, 0x00, 0x00, 0x00, 0x00, 0x00, 0x00, 0x00
	.byte 0x00, 0x00, 0x00, 0x00, 0x00, 0x00, 0x00, 0x00, 0x00, 0x00, 0x00, 0x00, 0x00, 0x00, 0x00, 0x00
	.byte 0x00, 0x00, 0x00, 0x00, 0x00, 0x00, 0x00, 0x00, 0x00, 0x00, 0x00, 0x00, 0x00, 0x00, 0x00, 0x00
	.byte 0x00, 0x00, 0x00, 0x00, 0x00, 0x00, 0x00, 0x00, 0x00, 0x00, 0x00, 0x00, 0x00, 0x00, 0x00, 0x00
	.byte 0x00, 0x00, 0x00, 0x00, 0x00, 0x00, 0x00, 0x00, 0x00, 0x00, 0x00, 0x00, 0x00, 0x00, 0x00, 0x00
	.byte 0x00, 0x00, 0x00, 0x00, 0x00, 0x00, 0x00, 0x00, 0x00, 0x00, 0x00, 0x00, 0x00, 0x00, 0x00, 0x00
	.byte 0x00, 0x00, 0x00, 0x00, 0x00, 0x00, 0x00, 0x00, 0x00, 0x00, 0x00, 0x00, 0x00, 0x00, 0x00, 0x00
	.byte 0x00, 0x00, 0x00, 0x00, 0x00, 0x00, 0x00, 0x00, 0x00, 0x00, 0x00, 0x00, 0x00, 0x00, 0x00, 0x00
	.byte 0x00, 0x00, 0x00, 0x00, 0x00, 0x00, 0x00, 0x00, 0x00, 0x00, 0x00, 0x00, 0x00, 0x00, 0x00, 0x00
	.byte 0x00, 0x00, 0x00, 0x00, 0x00, 0x00, 0x00, 0x00, 0x00, 0x00, 0x00, 0x00, 0x00, 0x00, 0x00, 0x00
	.byte 0x00, 0x00, 0x00, 0x00, 0x00, 0x00, 0x00, 0x00, 0x00, 0x00, 0x00, 0x00, 0x00, 0x00, 0x00, 0x00
	.byte 0x00, 0x00, 0x00, 0x00, 0x00, 0x00, 0x00, 0x00, 0x00, 0x00, 0x00, 0x00, 0x00, 0x00, 0x00, 0x00
	.byte 0x00, 0x00, 0x00, 0x00, 0x00, 0x00, 0x00, 0x00, 0x00, 0x00, 0x00, 0x00, 0x00, 0x00, 0x00, 0x00
	.byte 0x00, 0x00, 0x00, 0x00, 0x00, 0x00, 0x00, 0x00, 0x00, 0x00, 0x00, 0x00, 0x00, 0x00, 0x00, 0x00
	.byte 0x00, 0x00, 0x00, 0x00, 0x00, 0x00, 0x00, 0x00, 0x00, 0x00, 0x00, 0x00, 0x00, 0x00, 0x00, 0x00
	.byte 0x00, 0x00, 0x00, 0x00, 0x00, 0x00, 0x00, 0x00, 0x00, 0x00, 0x00, 0x00, 0x00, 0x00, 0x00, 0x00
	.byte 0x00, 0x00, 0x00, 0x00, 0x00, 0x00, 0x00, 0x00, 0x00, 0x00, 0x00, 0x00, 0x00, 0x00, 0x00, 0x00
	.byte 0x00, 0x00, 0x00, 0x00, 0x00, 0x00, 0x00, 0x00, 0x00, 0x00, 0x00, 0x00, 0x00, 0x00, 0x00, 0x00
	.byte 0x00, 0x00, 0x00, 0x00, 0x00, 0x00, 0x00, 0x00, 0x00, 0x00, 0x00, 0x00, 0x00, 0x00, 0x00, 0x00
	.byte 0x00, 0x00, 0x00, 0x00, 0x00, 0x00, 0x00, 0x00, 0x00, 0x00, 0x00, 0x00, 0x00, 0x00, 0x00, 0x00
	.byte 0x00, 0x00, 0x00, 0x00, 0x00, 0x00, 0x00, 0x00, 0x00, 0x00, 0x00, 0x00, 0x00, 0x00, 0x00, 0x00
	.byte 0x00, 0x00, 0x00, 0x00, 0x00, 0x00, 0x00, 0x00, 0x00, 0x00, 0x00, 0x00, 0x00, 0x00, 0x00, 0x00
	.byte 0x00, 0x00, 0x00, 0x00, 0x00, 0x00, 0x00, 0x00, 0x00, 0x00, 0x00, 0x00, 0x00, 0x00, 0x00, 0x00
	.byte 0x00, 0x00, 0x00, 0x00, 0x00, 0x00, 0x00, 0x00, 0x00, 0x00, 0x00, 0x00, 0x00, 0x00, 0x00, 0x00
	.byte 0x00, 0x00, 0x00, 0x00, 0x00, 0x00, 0x00, 0x00, 0x00, 0x00, 0x00, 0x00, 0x00, 0x00, 0x00, 0x00
	.byte 0x00, 0x00, 0x00, 0x00, 0x00, 0x00, 0x00, 0x00, 0x00, 0x00, 0x00, 0x00, 0x00, 0x00, 0x00, 0x00
	.byte 0x00, 0x00, 0x00, 0x00, 0x00, 0x00, 0x00, 0x00, 0x00, 0x00, 0x00, 0x00, 0x00, 0x00, 0x00, 0x00
	.byte 0x00, 0x00, 0x00, 0x00, 0x00, 0x00, 0x00, 0x00, 0x00, 0x00, 0x00, 0x00, 0x00, 0x00, 0x00, 0x00
	.byte 0x00, 0x00, 0x00, 0x00, 0x00, 0x00, 0x00, 0x00, 0x00, 0x00, 0x00, 0x00, 0x00, 0x00, 0x00, 0x00
	.byte 0x00, 0x00, 0x00, 0x00, 0x00, 0x00, 0x00, 0x00, 0x00, 0x00, 0x00, 0x00, 0x00, 0x00, 0x00, 0x00
	.byte 0x00, 0x00, 0x00, 0x00, 0x00, 0x00, 0x00, 0x00, 0x00, 0x00, 0x00, 0x00, 0x00, 0x00, 0x00, 0x00
	.byte 0x00, 0x00, 0x00, 0x00, 0x00, 0x00, 0x00, 0x00, 0x00, 0x00, 0x00, 0x00, 0x00, 0x00, 0x00, 0x00
	.byte 0x00, 0x00, 0x00, 0x00, 0x00, 0x00, 0x00, 0x00, 0x00, 0x00, 0x00, 0x00, 0x00, 0x00, 0x00, 0x00
	.byte 0x00, 0x00, 0x00, 0x00, 0x00, 0x00, 0x00, 0x00, 0x00, 0x00, 0x00, 0x00, 0x00, 0x00, 0x00, 0x00
	.byte 0x00, 0x00, 0x00, 0x00, 0x00, 0x00, 0x00, 0x00, 0x00, 0x00, 0x00, 0x00, 0x00, 0x00, 0x00, 0x00
	.byte 0x00, 0x00, 0x00, 0x00, 0x00, 0x00, 0x00, 0x00, 0x00, 0x00, 0x00, 0x00, 0x00, 0x00, 0x00, 0x00
	.byte 0x00, 0x00, 0x00, 0x00, 0x00, 0x00, 0x00, 0x00, 0x00, 0x00, 0x00, 0x00, 0x00, 0x00, 0x00, 0x00
	.byte 0x00, 0x00, 0x00, 0x00, 0x00, 0x00, 0x00, 0x00, 0x00, 0x00, 0x00, 0x00, 0x00, 0x00, 0x00, 0x00
	.byte 0x00, 0x00, 0x00, 0x00, 0x00, 0x00, 0x00, 0x00, 0x00, 0x00, 0x00, 0x00, 0x00, 0x00, 0x00, 0x00
	.byte 0x00, 0x00, 0x00, 0x00, 0x00, 0x00, 0x00, 0x00, 0x00, 0x00, 0x00, 0x00, 0x00, 0x00, 0x00, 0x00
	.byte 0x00, 0x00, 0x00, 0x00, 0x00, 0x00, 0x00, 0x00, 0x00, 0x00, 0x00, 0x00, 0x00, 0x00, 0x00, 0x00
	.byte 0x00, 0x00, 0x00, 0x00, 0x00, 0x00, 0x00, 0x00, 0x00, 0x00, 0x00, 0x00, 0x00, 0x00, 0x00, 0x00
	.byte 0x00, 0x00, 0x00, 0x00, 0x00, 0x00, 0x00, 0x00, 0x00, 0x00, 0x00, 0x00, 0x00, 0x00, 0x00, 0x00
	.byte 0x00, 0x00, 0x00, 0x00, 0x00, 0x00, 0x00, 0x00, 0x00, 0x00, 0x00, 0x00, 0x00, 0x00, 0x00, 0x00
	.byte 0x00, 0x00, 0x00, 0x00, 0x00, 0x00, 0x00, 0x00, 0x00, 0x00, 0x00, 0x00, 0x00, 0x00, 0x00, 0x00
	.byte 0x00, 0x00, 0x00, 0x00, 0x00, 0x00, 0x00, 0x00, 0x00, 0x00, 0x00, 0x00, 0x00, 0x00, 0x00, 0x00
	.byte 0x00, 0x00, 0x00, 0x00, 0x00, 0x00, 0x00, 0x00, 0x00, 0x00, 0x00, 0x00, 0x00, 0x00, 0x00, 0x00
	.byte 0x00, 0x00, 0x00, 0x00, 0x00, 0x00, 0x00, 0x00, 0x00, 0x00, 0x00, 0x00, 0x00, 0x00, 0x00, 0x00
	.byte 0x00, 0x00, 0x00, 0x00, 0x00, 0x00, 0x00, 0x00, 0x00, 0x00, 0x00, 0x00, 0x00, 0x00, 0x00, 0x00
	.byte 0x00, 0x00, 0x00, 0x00, 0x00, 0x00, 0x00, 0x00, 0x00, 0x00, 0x00, 0x00, 0x00, 0x00, 0x00, 0x00
	.byte 0x00, 0x00, 0x00, 0x00, 0x00, 0x00, 0x00, 0x00, 0x00, 0x00, 0x00, 0x00, 0x00, 0x00, 0x00, 0x00
	.byte 0x00, 0x00, 0x00, 0x00, 0x00, 0x00, 0x00, 0x00, 0x00, 0x00, 0x00, 0x00, 0x00, 0x00, 0x00, 0x00
	.byte 0x00, 0x00, 0x00, 0x00, 0x00, 0x00, 0x00, 0x00, 0x00, 0x00, 0x00, 0x00, 0x00, 0x00, 0x00, 0x00
	.byte 0x00, 0x00, 0x00, 0x00, 0x00, 0x00, 0x00, 0x00, 0x00, 0x00, 0x00, 0x00, 0x00, 0x00, 0x00, 0x00
	.byte 0x00, 0x00, 0x00, 0x00, 0x00, 0x00, 0x00, 0x00, 0x00, 0x00, 0x00, 0x00, 0x00, 0x00, 0x00, 0x00
	.byte 0x00, 0x00, 0x00, 0x00, 0x00, 0x00, 0x00, 0x00, 0x00, 0x00, 0x00, 0x00, 0x00, 0x00, 0x00, 0x00
	.byte 0x00, 0x00, 0x00, 0x00, 0x00, 0x00, 0x00, 0x00, 0x00, 0x00, 0x00, 0x00, 0x00, 0x00, 0x00, 0x00
	.byte 0x00, 0x00, 0x00, 0x00, 0x00, 0x00, 0x00, 0x00, 0x00, 0x00, 0x00, 0x00, 0x00, 0x00, 0x00, 0x00
	.byte 0x00, 0x00, 0x00, 0x00, 0x00, 0x00, 0x00, 0x00, 0x00, 0x00, 0x00, 0x00, 0x00, 0x00, 0x00, 0x00
	.byte 0x00, 0x00, 0x00, 0x00, 0x00, 0x00, 0x00, 0x00, 0x00, 0x00, 0x00, 0x00, 0x00, 0x00, 0x00, 0x00
	.byte 0x00, 0x00, 0x00, 0x00, 0x00, 0x00, 0x00, 0x00, 0x00, 0x00, 0x00, 0x00, 0x00, 0x00, 0x00, 0x00
	.byte 0x00, 0x00, 0x00, 0x00, 0x00, 0x00, 0x00, 0x00, 0x00, 0x00, 0x00, 0x00, 0x00, 0x00, 0x00, 0x00
	.byte 0x00, 0x00, 0x00, 0x00, 0x00, 0x00, 0x00, 0x00, 0x00, 0x00, 0x00, 0x00, 0x00, 0x00, 0x00, 0x00
	.byte 0x00, 0x00, 0x00, 0x00, 0x00, 0x00, 0x00, 0x00, 0x00, 0x00, 0x00, 0x00, 0x00, 0x00, 0x00, 0x00
	.byte 0x00, 0x00, 0x00, 0x00, 0x00, 0x00, 0x00, 0x00, 0x00, 0x00, 0x00, 0x00, 0x00, 0x00, 0x00, 0x00
	.byte 0x00, 0x00, 0x00, 0x00, 0x00, 0x00, 0x00, 0x00, 0x00, 0x00, 0x00, 0x00, 0x00, 0x00, 0x00, 0x00
	.byte 0x00, 0x00, 0x00, 0x00, 0x00, 0x00, 0x00, 0x00, 0x00, 0x00, 0x00, 0x00, 0x00, 0x00, 0x00, 0x00
	.byte 0x00, 0x00, 0x00, 0x00, 0x00, 0x00, 0x00, 0x00, 0x00, 0x00, 0x00, 0x00, 0x00, 0x00, 0x00, 0x00
	.byte 0x00, 0x00, 0x00, 0x00, 0x00, 0x00, 0x00, 0x00, 0x00, 0x00, 0x00, 0x00, 0x00, 0x00, 0x00, 0x00
	.byte 0x00, 0x00, 0x00, 0x00, 0x00, 0x00, 0x00, 0x00, 0x00, 0x00, 0x00, 0x00, 0x00, 0x00, 0x00, 0x00
	.byte 0x00, 0x00, 0x00, 0x00, 0x00, 0x00, 0x00, 0x00, 0x00, 0x00, 0x00, 0x00, 0x00, 0x00, 0x00, 0x00
	.byte 0x00, 0x00, 0x00, 0x00, 0x00, 0x00, 0x00, 0x00, 0x00, 0x00, 0x00, 0x00, 0x00, 0x00, 0x00, 0x00
	.byte 0x00, 0x00, 0x00, 0x00, 0x00, 0x00, 0x00, 0x00, 0x00, 0x00, 0x00, 0x00, 0x00, 0x00, 0x00, 0x00
	.byte 0x00, 0x00, 0x00, 0x00, 0x00, 0x00, 0x00, 0x00, 0x00, 0x00, 0x00, 0x00, 0x00, 0x00, 0x00, 0x00
	.byte 0x00, 0x00, 0x00, 0x00, 0x00, 0x00, 0x00, 0x00, 0x00, 0x00, 0x00, 0x00, 0x00, 0x00, 0x00, 0x00
	.byte 0x00, 0x00, 0x00, 0x00, 0x00, 0x00, 0x00, 0x00, 0x00, 0x00, 0x00, 0x00, 0x00, 0x00, 0x00, 0x00
	.byte 0x00, 0x00, 0x00, 0x00, 0x00, 0x00, 0x00, 0x00, 0x00, 0x00, 0x00, 0x00, 0x00, 0x00, 0x00, 0x00
	.byte 0x00, 0x00, 0x00, 0x00, 0x00, 0x00, 0x00, 0x00, 0x00, 0x00, 0x00, 0x00, 0x00, 0x00, 0x00, 0x00
	.byte 0x00, 0x00, 0x00, 0x00, 0x00, 0x00, 0x00, 0x00, 0x00, 0x00, 0x00, 0x00, 0x00, 0x00, 0x00, 0x00
	.byte 0x00, 0x00, 0x00, 0x00, 0x00, 0x00, 0x00, 0x00, 0x00, 0x00, 0x00, 0x00, 0x00, 0x00, 0x00, 0x00
	.byte 0x00, 0x00, 0x00, 0x00, 0x00, 0x00, 0x00, 0x00, 0x00, 0x00, 0x00, 0x00, 0x00, 0x00, 0x00, 0x00
	.byte 0x00, 0x00, 0x00, 0x00, 0x00, 0x00, 0x00, 0x00, 0x00, 0x00, 0x00, 0x00, 0x00, 0x00, 0x00, 0x00
	.byte 0x00, 0x00, 0x00, 0x00, 0x00, 0x00, 0x00, 0x00, 0x00, 0x00, 0x00, 0x00, 0x00, 0x00, 0x00, 0x00
	.byte 0x00, 0x00, 0x00, 0x00, 0x00, 0x00, 0x00, 0x00, 0x00, 0x00, 0x00, 0x00, 0x00, 0x00, 0x00, 0x00
	.byte 0x00, 0x00, 0x00, 0x00, 0x00, 0x00, 0x00, 0x00, 0x00, 0x00, 0x00, 0x00, 0x00, 0x00, 0x00, 0x00
	.byte 0x00, 0x00, 0x00, 0x00, 0x00, 0x00, 0x00, 0x00, 0x00, 0x00, 0x00, 0x00, 0x00, 0x00, 0x00, 0x00
	.byte 0x00, 0x00, 0x00, 0x00, 0x00, 0x00, 0x00, 0x00, 0x00, 0x00, 0x00, 0x00, 0x00, 0x00, 0x00, 0x00
	.byte 0x00, 0x00, 0x00, 0x00, 0x00, 0x00, 0x00, 0x00, 0x00, 0x00, 0x00, 0x00, 0x00, 0x00, 0x00, 0x00
	.byte 0x00, 0x00, 0x00, 0x00, 0x00, 0x00, 0x00, 0x00, 0x00, 0x00, 0x00, 0x00, 0x00, 0x00, 0x00, 0x00
	.byte 0x00, 0x00, 0x00, 0x00, 0x00, 0x00, 0x00, 0x00, 0x00, 0x00, 0x00, 0x00, 0x00, 0x00, 0x00, 0x00
	.byte 0x00, 0x00, 0x00, 0x00, 0x00, 0x00, 0x00, 0x00, 0x00, 0x00, 0x00, 0x00, 0x00, 0x00, 0x00, 0x00
	.byte 0x00, 0x00, 0x00, 0x00, 0x00, 0x00, 0x00, 0x00, 0x00, 0x00, 0x00, 0x00, 0x00, 0x00, 0x00, 0x00
	.byte 0x00, 0x00, 0x00, 0x00, 0x00, 0x00, 0x00, 0x00, 0x00, 0x00, 0x00, 0x00, 0x00, 0x00, 0x00, 0x00
	.byte 0x00, 0x00, 0x00, 0x00, 0x00, 0x00, 0x00, 0x00, 0x00, 0x00, 0x00, 0x00, 0x00, 0x00, 0x00, 0x00
	.byte 0x00, 0x00, 0x00, 0x00, 0x00, 0x00, 0x00, 0x00, 0x00, 0x00, 0x00, 0x00, 0x00, 0x00, 0x00, 0x00
	.byte 0x00, 0x00, 0x00, 0x00, 0x00, 0x00, 0x00, 0x00, 0x00, 0x00, 0x00, 0x00, 0x00, 0x00, 0x00, 0x00
	.byte 0x00, 0x00, 0x00, 0x00, 0x00, 0x00, 0x00, 0x00, 0x00, 0x00, 0x00, 0x00, 0x00, 0x00, 0x00, 0x00
	.byte 0x00, 0x00, 0x00, 0x00, 0x00, 0x00, 0x00, 0x00, 0x00, 0x00, 0x00, 0x00, 0x00, 0x00, 0x00, 0x00
	.byte 0x00, 0x00, 0x00, 0x00, 0x00, 0x00, 0x00, 0x00, 0x00, 0x00, 0x00, 0x00, 0x00, 0x00, 0x00, 0x00
	.byte 0x00, 0x00, 0x00, 0x00, 0x00, 0x00, 0x00, 0x00, 0x00, 0x00, 0x00, 0x00, 0x00, 0x00, 0x00, 0x00
	.byte 0x00, 0x00, 0x00, 0x00, 0x00, 0x00, 0x00, 0x00, 0x00, 0x00, 0x00, 0x00, 0x00, 0x00, 0x00, 0x00
	.byte 0x00, 0x00, 0x00, 0x00, 0x00, 0x00, 0x00, 0x00, 0x00, 0x00, 0x00, 0x00, 0x00, 0x00, 0x00, 0x00
	.byte 0x00, 0x00, 0x00, 0x00, 0x00, 0x00, 0x00, 0x00, 0x00, 0x00, 0x00, 0x00, 0x00, 0x00, 0x00, 0x00
	.byte 0x00, 0x00, 0x00, 0x00, 0x00, 0x00, 0x00, 0x00, 0x00, 0x00, 0x00, 0x00, 0x00, 0x00, 0x00, 0x00
	.byte 0x00, 0x00, 0x00, 0x00, 0x00, 0x00, 0x00, 0x00, 0x00, 0x00, 0x00, 0x00, 0x00, 0x00, 0x00, 0x00
	.byte 0x00, 0x00, 0x00, 0x00, 0x00, 0x00, 0x00, 0x00, 0x00, 0x00, 0x00, 0x00, 0x00, 0x00, 0x00, 0x00
	.byte 0x00, 0x00, 0x00, 0x00, 0x00, 0x00, 0x00, 0x00, 0x00, 0x00, 0x00, 0x00, 0x00, 0x00, 0x00, 0x00
	.byte 0x00, 0x00, 0x00, 0x00, 0x00, 0x00, 0x00, 0x00, 0x00, 0x00, 0x00, 0x00, 0x00, 0x00, 0x00, 0x00
	.byte 0x00, 0x00, 0x00, 0x00, 0x00, 0x00, 0x00, 0x00, 0x00, 0x00, 0x00, 0x00, 0x00, 0x00, 0x00, 0x00
	.byte 0x00, 0x00, 0x00, 0x00, 0x00, 0x00, 0x00, 0x00, 0x00, 0x00, 0x00, 0x00, 0x00, 0x00, 0x00, 0x00
	.byte 0x00, 0x00, 0x00, 0x00, 0x00, 0x00, 0x00, 0x00, 0x00, 0x00, 0x00, 0x00, 0x00, 0x00, 0x00, 0x00
	.byte 0x00, 0x00, 0x00, 0x00, 0x00, 0x00, 0x00, 0x00, 0x00, 0x00, 0x00, 0x00, 0x00, 0x00, 0x00, 0x00
	.byte 0x00, 0x00, 0x00, 0x00, 0x00, 0x00, 0x00, 0x00, 0x00, 0x00, 0x00, 0x00, 0x00, 0x00, 0x00, 0x00
	.byte 0x00, 0x00, 0x00, 0x00, 0x00, 0x00, 0x00, 0x00, 0x00, 0x00, 0x00, 0x00, 0x00, 0x00, 0x00, 0x00
	.byte 0x00, 0x00, 0x00, 0x00, 0x00, 0x00, 0x00, 0x00, 0x00, 0x00, 0x00, 0x00, 0x00, 0x00, 0x00, 0x00
	.byte 0x00, 0x00, 0x00, 0x00, 0x00, 0x00, 0x00, 0x00, 0x00, 0x00, 0x00, 0x00, 0x00, 0x00, 0x00, 0x00
	.byte 0x00, 0x00, 0x00, 0x00, 0x00, 0x00, 0x00, 0x00, 0x00, 0x00, 0x00, 0x00, 0x00, 0x00, 0x00, 0x00
	.byte 0x00, 0x00, 0x00, 0x00, 0x00, 0x00, 0x00, 0x00, 0x00, 0x00, 0x00, 0x00, 0x00, 0x00, 0x00, 0x00
	.byte 0x00, 0x00, 0x00, 0x00, 0x00, 0x00, 0x00, 0x00, 0x00, 0x00, 0x00, 0x00, 0x00, 0x00, 0x00, 0x00
	.byte 0x00, 0x00, 0x00, 0x00, 0x00, 0x00, 0x00, 0x00, 0x00, 0x00, 0x00, 0x00, 0x00, 0x00, 0x00, 0x00
	.byte 0x00, 0x00, 0x00, 0x00, 0x00, 0x00, 0x00, 0x00, 0x00, 0x00, 0x00, 0x00, 0x00, 0x00, 0x00, 0x00
	.byte 0x00, 0x00, 0x00, 0x00, 0x00, 0x00, 0x00, 0x00, 0x00, 0x00, 0x00, 0x00, 0x00, 0x00, 0x00, 0x00
	.byte 0x00, 0x00, 0x00, 0x00, 0x00, 0x00, 0x00, 0x00, 0x00, 0x00, 0x00, 0x00, 0x00, 0x00, 0x00, 0x00
	.byte 0x00, 0x00, 0x00, 0x00, 0x00, 0x00, 0x00, 0x00, 0x00, 0x00, 0x00, 0x00, 0x00, 0x00, 0x00, 0x00
	.byte 0x00, 0x00, 0x00, 0x00, 0x00, 0x00, 0x00, 0x00, 0x00, 0x00, 0x00, 0x00, 0x00, 0x00, 0x00, 0x00
	.byte 0x00, 0x00, 0x00, 0x00, 0x00, 0x00, 0x00, 0x00, 0x00, 0x00, 0x00, 0x00, 0x00, 0x00, 0x00, 0x00
	.byte 0x00, 0x00, 0x00, 0x00, 0x00, 0x00, 0x00, 0x00, 0x00, 0x00, 0x00, 0x00, 0x00, 0x00, 0x00, 0x00
	.byte 0x00, 0x00, 0x00, 0x00, 0x00, 0x00, 0x00, 0x00, 0x00, 0x00, 0x00, 0x00, 0x00, 0x00, 0x00, 0x00
	.byte 0x00, 0x00, 0x00, 0x00, 0x00, 0x00, 0x00, 0x00, 0x00, 0x00, 0x00, 0x00, 0x00, 0x00, 0x00, 0x00
	.byte 0x00, 0x00, 0x00, 0x00, 0x00, 0x00, 0x00, 0x00, 0x00, 0x00, 0x00, 0x00, 0x00, 0x00, 0x00, 0x00
	.byte 0x00, 0x00, 0x00, 0x00, 0x00, 0x00, 0x00, 0x00, 0x00, 0x00, 0x00, 0x00, 0x00, 0x00, 0x00, 0x00
	.byte 0x00, 0x00, 0x00, 0x00, 0x00, 0x00, 0x00, 0x00, 0x00, 0x00, 0x00, 0x00, 0x00, 0x00, 0x00, 0x00
	.byte 0x00, 0x00, 0x00, 0x00, 0x00, 0x00, 0x00, 0x00, 0x00, 0x00, 0x00, 0x00, 0x00, 0x00, 0x00, 0x00
	.byte 0x00, 0x00, 0x00, 0x00, 0x00, 0x00, 0x00, 0x00, 0x00, 0x00, 0x00, 0x00, 0x00, 0x00, 0x00, 0x00
	.byte 0x00, 0x00, 0x00, 0x00, 0x00, 0x00, 0x00, 0x00, 0x00, 0x00, 0x00, 0x00, 0x00, 0x00, 0x00, 0x00
	.byte 0x00, 0x00, 0x00, 0x00, 0x00, 0x00, 0x00, 0x00, 0x00, 0x00, 0x00, 0x00, 0x00, 0x00, 0x00, 0x00
	.byte 0x00, 0x00, 0x00, 0x00, 0x00, 0x00, 0x00, 0x00, 0x00, 0x00, 0x00, 0x00, 0x00, 0x00, 0x00, 0x00
	.byte 0x00, 0x00, 0x00, 0x00, 0x00, 0x00, 0x00, 0x00, 0x00, 0x00, 0x00, 0x00, 0x00, 0x00, 0x00, 0x00
	.byte 0x00, 0x00, 0x00, 0x00, 0x00, 0x00, 0x00, 0x00, 0x00, 0x00, 0x00, 0x00, 0x00, 0x00, 0x00, 0x00
	.byte 0x00, 0x00, 0x00, 0x00, 0x00, 0x00, 0x00, 0x00, 0x00, 0x00, 0x00, 0x00, 0x00, 0x00, 0x00, 0x00
	.byte 0x00, 0x00, 0x00, 0x00, 0x00, 0x00, 0x00, 0x00, 0x00, 0x00, 0x00, 0x00, 0x00, 0x00, 0x00, 0x00
	.byte 0x00, 0x00, 0x00, 0x00, 0x00, 0x00, 0x00, 0x00, 0x00, 0x00, 0x00, 0x00, 0x00, 0x00, 0x00, 0x00
	.byte 0x00, 0x00, 0x00, 0x00, 0x00, 0x00, 0x00, 0x00, 0x00, 0x00, 0x00, 0x00, 0x00, 0x00, 0x00, 0x00
	.byte 0x00, 0x00, 0x00, 0x00, 0x00, 0x00, 0x00, 0x00, 0x00, 0x00, 0x00, 0x00, 0x00, 0x00, 0x00, 0x00
	.byte 0x00, 0x00, 0x00, 0x00, 0x00, 0x00, 0x00, 0x00, 0x00, 0x00, 0x00, 0x00, 0x00, 0x00, 0x00, 0x00
	.byte 0x00, 0x00, 0x00, 0x00, 0x00, 0x00, 0x00, 0x00, 0x00, 0x00, 0x00, 0x00, 0x00, 0x00, 0x00, 0x00
	.byte 0x00, 0x00, 0x00, 0x00, 0x00, 0x00, 0x00, 0x00, 0x00, 0x00, 0x00, 0x00, 0x00, 0x00, 0x00, 0x00
	.byte 0x00, 0x00, 0x00, 0x00, 0x00, 0x00, 0x00, 0x00, 0x00, 0x00, 0x00, 0x00, 0x00, 0x00, 0x00, 0x00
	.byte 0x00, 0x00, 0x00, 0x00, 0x00, 0x00, 0x00, 0x00, 0x00, 0x00, 0x00, 0x00, 0x00, 0x00, 0x00, 0x00
	.byte 0x00, 0x00, 0x00, 0x00, 0x00, 0x00, 0x00, 0x00, 0x00, 0x00, 0x00, 0x00, 0x00, 0x00, 0x00, 0x00
	.byte 0x00, 0x00, 0x00, 0x00, 0x00, 0x00, 0x00, 0x00, 0x00, 0x00, 0x00, 0x00, 0x00, 0x00, 0x00, 0x00
	.byte 0x00, 0x00, 0x00, 0x00, 0x00, 0x00, 0x00, 0x00, 0x00, 0x00, 0x00, 0x00, 0x00, 0x00, 0x00, 0x00
	.byte 0x00, 0x00, 0x00, 0x00, 0x00, 0x00, 0x00, 0x00, 0x00, 0x00, 0x00, 0x00, 0x00, 0x00, 0x00, 0x00
	.byte 0x00, 0x00, 0x00, 0x00, 0x00, 0x00, 0x00, 0x00, 0x00, 0x00, 0x00, 0x00, 0x00, 0x00, 0x00, 0x00
	.byte 0x00, 0x00, 0x00, 0x00, 0x00, 0x00, 0x00, 0x00, 0x00, 0x00, 0x00, 0x00, 0x00, 0x00, 0x00, 0x00
	.byte 0x00, 0x00, 0x00, 0x00, 0x00, 0x00, 0x00, 0x00, 0x00, 0x00, 0x00, 0x00, 0x00, 0x00, 0x00, 0x00
	.byte 0x00, 0x00, 0x00, 0x00, 0x00, 0x00, 0x00, 0x00, 0x00, 0x00, 0x00, 0x00, 0x00, 0x00, 0x00, 0x00
	.byte 0x00, 0x00, 0x00, 0x00, 0x00, 0x00, 0x00, 0x00, 0x00, 0x00, 0x00, 0x00, 0x00, 0x00, 0x00, 0x00
	.byte 0x00, 0x00, 0x00, 0x00, 0x00, 0x00, 0x00, 0x00, 0x00, 0x00, 0x00, 0x00, 0x00, 0x00, 0x00, 0x00
	.byte 0x00, 0x00, 0x00, 0x00, 0x00, 0x00, 0x00, 0x00, 0x00, 0x00, 0x00, 0x00, 0x00, 0x00, 0x00, 0x00
	.byte 0x00, 0x00, 0x00, 0x00, 0x00, 0x00, 0x00, 0x00, 0x00, 0x00, 0x00, 0x00, 0x00, 0x00, 0x00, 0x00
	.byte 0x00, 0x00, 0x00, 0x00, 0x00, 0x00, 0x00, 0x00, 0x00, 0x00, 0x00, 0x00, 0x00, 0x00, 0x00, 0x00
	.byte 0x00, 0x00, 0x00, 0x00, 0x00, 0x00, 0x00, 0x00, 0x00, 0x00, 0x00, 0x00, 0x00, 0x00, 0x00, 0x00
	.byte 0x00, 0x00, 0x00, 0x00, 0x00, 0x00, 0x00, 0x00, 0x00, 0x00, 0x00, 0x00, 0x00, 0x00, 0x00, 0x00
	.byte 0x00, 0x00, 0x00, 0x00, 0x00, 0x00, 0x00, 0x00, 0x00, 0x00, 0x00, 0x00, 0x00, 0x00, 0x00, 0x00
	.byte 0x00, 0x00, 0x00, 0x00, 0x00, 0x00, 0x00, 0x00, 0x00, 0x00, 0x00, 0x00, 0x00, 0x00, 0x00, 0x00
	.byte 0x00, 0x00, 0x00, 0x00, 0x00, 0x00, 0x00, 0x00, 0x00, 0x00, 0x00, 0x00, 0x00, 0x00, 0x00, 0x00
	.byte 0x00, 0x00, 0x00, 0x00, 0x00, 0x00, 0x00, 0x00, 0x00, 0x00, 0x00, 0x00, 0x00, 0x00, 0x00, 0x00
	.byte 0x00, 0x00, 0x00, 0x00, 0x00, 0x00, 0x00, 0x00, 0x00, 0x00, 0x00, 0x00, 0x00, 0x00, 0x00, 0x00
	.byte 0x00, 0x00, 0x00, 0x00, 0x00, 0x00, 0x00, 0x00, 0x00, 0x00, 0x00, 0x00, 0x00, 0x00, 0x00, 0x00
	.byte 0x00, 0x00, 0x00, 0x00, 0x00, 0x00, 0x00, 0x00, 0x00, 0x00, 0x00, 0x00, 0x00, 0x00, 0x00, 0x00
	.byte 0x00, 0x00, 0x00, 0x00, 0x00, 0x00, 0x00, 0x00, 0x00, 0x00, 0x00, 0x00, 0x00, 0x00, 0x00, 0x00
	.byte 0x00, 0x00, 0x00, 0x00, 0x00, 0x00, 0x00, 0x00, 0x00, 0x00, 0x00, 0x00, 0x00, 0x00, 0x00, 0x00
	.byte 0x00, 0x00, 0x00, 0x00, 0x00, 0x00, 0x00, 0x00, 0x00, 0x00, 0x00, 0x00, 0x00, 0x00, 0x00, 0x00
	.byte 0x00, 0x00, 0x00, 0x00, 0x00, 0x00, 0x00, 0x00, 0x00, 0x00, 0x00, 0x00, 0x00, 0x00, 0x00, 0x00
	.byte 0x00, 0x00, 0x00, 0x00, 0x00, 0x00, 0x00, 0x00, 0x00, 0x00, 0x00, 0x00, 0x00, 0x00, 0x00, 0x00
	.byte 0x00, 0x00, 0x00, 0x00, 0x00, 0x00, 0x00, 0x00, 0x00, 0x00, 0x00, 0x00, 0x00, 0x00, 0x00, 0x00
	.byte 0x00, 0x00, 0x00, 0x00, 0x00, 0x00, 0x00, 0x00, 0x00, 0x00, 0x00, 0x00, 0x00, 0x00, 0x00, 0x00
	.byte 0x00, 0x00, 0x00, 0x00, 0x00, 0x00, 0x00, 0x00, 0x00, 0x00, 0x00, 0x00, 0x00, 0x00, 0x00, 0x00
	.byte 0x00, 0x00, 0x00, 0x00, 0x00, 0x00, 0x00, 0x00, 0x00, 0x00, 0x00, 0x00, 0x00, 0x00, 0x00, 0x00
	.byte 0x00, 0x00, 0x00, 0x00, 0x00, 0x00, 0x00, 0x00, 0x00, 0x00, 0x00, 0x00, 0x00, 0x00, 0x00, 0x00
	.byte 0x00, 0x00, 0x00, 0x00, 0x00, 0x00, 0x00, 0x00, 0x00, 0x00, 0x00, 0x00, 0x00, 0x00, 0x00, 0x00
	.byte 0x00, 0x00, 0x00, 0x00, 0x00, 0x00, 0x00, 0x00, 0x00, 0x00, 0x00, 0x00, 0x00, 0x00, 0x00, 0x00
	.byte 0x00, 0x00, 0x00, 0x00, 0x00, 0x00, 0x00, 0x00, 0x00, 0x00, 0x00, 0x00, 0x00, 0x00, 0x00, 0x00
	.byte 0x00, 0x00, 0x00, 0x00, 0x00, 0x00, 0x00, 0x00, 0x00, 0x00, 0x00, 0x00, 0x00, 0x00, 0x00, 0x00
	.byte 0x00, 0x00, 0x00, 0x00, 0x00, 0x00, 0x00, 0x00, 0x00, 0x00, 0x00, 0x00, 0x00, 0x00, 0x00, 0x00
	.byte 0x00, 0x00, 0x00, 0x00, 0x00, 0x00, 0x00, 0x00, 0x00, 0x00, 0x00, 0x00, 0x00, 0x00, 0x00, 0x00
	.byte 0x00, 0x00, 0x00, 0x00, 0x00, 0x00, 0x00, 0x00, 0x00, 0x00, 0x00, 0x00, 0x00, 0x00, 0x00, 0x00
	.byte 0x00, 0x00, 0x00, 0x00, 0x00, 0x00, 0x00, 0x00, 0x00, 0x00, 0x00, 0x00, 0x00, 0x00, 0x00, 0x00
	.byte 0x00, 0x00, 0x00, 0x00, 0x00, 0x00, 0x00, 0x00, 0x00, 0x00, 0x00, 0x00, 0x00, 0x00, 0x00, 0x00
	.byte 0x00, 0x00, 0x00, 0x00, 0x00, 0x00, 0x00, 0x00, 0x00, 0x00, 0x00, 0x00, 0x00, 0x00, 0x00, 0x00
	.byte 0x00, 0x00, 0x00, 0x00, 0x00, 0x00, 0x00, 0x00, 0x00, 0x00, 0x00, 0x00, 0x00, 0x00, 0x00, 0x00
	.byte 0x00, 0x00, 0x00, 0x00, 0x00, 0x00, 0x00, 0x00, 0x00, 0x00, 0x00, 0x00, 0x00, 0x00, 0x00, 0x00
	.byte 0x00, 0x00, 0x00, 0x00, 0x00, 0x00, 0x00, 0x00, 0x00, 0x00, 0x00, 0x00, 0x00, 0x00, 0x00, 0x00
	.byte 0x00, 0x00, 0x00, 0x00, 0x00, 0x00, 0x00, 0x00, 0x00, 0x00, 0x00, 0x00, 0x00, 0x00, 0x00, 0x00
	.byte 0x00, 0x00, 0x00, 0x00, 0x00, 0x00, 0x00, 0x00, 0x00, 0x00, 0x00, 0x00, 0x00, 0x00, 0x00, 0x00
	.byte 0x00, 0x00, 0x00, 0x00, 0x00, 0x00, 0x00, 0x00, 0x00, 0x00, 0x00, 0x00, 0x00, 0x00, 0x00, 0x00
	.byte 0x00, 0x00, 0x00, 0x00, 0x00, 0x00, 0x00, 0x00, 0x00, 0x00, 0x00, 0x00, 0x00, 0x00, 0x00, 0x00
	.byte 0x00, 0x00, 0x00, 0x00, 0x00, 0x00, 0x00, 0x00, 0x00, 0x00, 0x00, 0x00, 0x00, 0x00, 0x00, 0x00
	.byte 0x00, 0x00, 0x00, 0x00, 0x00, 0x00, 0x00, 0x00, 0x00, 0x00, 0x00, 0x00, 0x00, 0x00, 0x00, 0x00
	.byte 0x00, 0x00, 0x00, 0x00, 0x00, 0x00, 0x00, 0x00, 0x00, 0x00, 0x00, 0x00, 0x00, 0x00, 0x00, 0x00
	.byte 0x00, 0x00, 0x00, 0x00, 0x00, 0x00, 0x00, 0x00, 0x00, 0x00, 0x00, 0x00, 0x00, 0x00, 0x00, 0x00
	.byte 0x00, 0x00, 0x00, 0x00, 0x00, 0x00, 0x00, 0x00, 0x00, 0x00, 0x00, 0x00, 0x00, 0x00, 0x00, 0x00
	.byte 0x00, 0x00, 0x00, 0x00, 0x00, 0x00, 0x00, 0x00, 0x00, 0x00, 0x00, 0x00, 0x00, 0x00, 0x00, 0x00
	.byte 0x00, 0x00, 0x00, 0x00, 0x00, 0x00, 0x00, 0x00, 0x00, 0x00, 0x00, 0x00, 0x00, 0x00, 0x00, 0x00
	.byte 0x00, 0x00, 0x00, 0x00, 0x00, 0x00, 0x00, 0x00, 0x00, 0x00, 0x00, 0x00, 0x00, 0x00, 0x00, 0x00
	.byte 0x00, 0x00, 0x00, 0x00, 0x00, 0x00, 0x00, 0x00, 0x00, 0x00, 0x00, 0x00, 0x00, 0x00, 0x00, 0x00
	.byte 0x00, 0x00, 0x00, 0x00, 0x00, 0x00, 0x00, 0x00, 0x00, 0x00, 0x00, 0x00, 0x00, 0x00, 0x00, 0x00
	.byte 0x00, 0x00, 0x00, 0x00, 0x00, 0x00, 0x00, 0x00, 0x00, 0x00, 0x00, 0x00, 0x00, 0x00, 0x00, 0x00
	.byte 0x00, 0x00, 0x00, 0x00, 0x00, 0x00, 0x00, 0x00, 0x00, 0x00, 0x00, 0x00, 0x00, 0x00, 0x00, 0x00
	.byte 0x00, 0x00, 0x00, 0x00, 0x00, 0x00, 0x00, 0x00, 0x00, 0x00, 0x00, 0x00, 0x00, 0x00, 0x00, 0x00
	.byte 0x00, 0x00, 0x00, 0x00, 0x00, 0x00, 0x00, 0x00, 0x00, 0x00, 0x00, 0x00, 0x00, 0x00, 0x00, 0x00
	.byte 0x00, 0x00, 0x00, 0x00, 0x00, 0x00, 0x00, 0x00, 0x00, 0x00, 0x00, 0x00, 0x00, 0x00, 0x00, 0x00
	.byte 0x00, 0x00, 0x00, 0x00, 0x00, 0x00, 0x00, 0x00, 0x00, 0x00, 0x00, 0x00, 0x00, 0x00, 0x00, 0x00
	.byte 0x00, 0x00, 0x00, 0x00, 0x00, 0x00, 0x00, 0x00, 0x00, 0x00, 0x00, 0x00, 0x00, 0x00, 0x00, 0x00
	.byte 0x00, 0x00, 0x00, 0x00, 0x00, 0x00, 0x00, 0x00, 0x00, 0x00, 0x00, 0x00, 0x00, 0x00, 0x00, 0x00
	.byte 0x00, 0x00, 0x00, 0x00, 0x00, 0x00, 0x00, 0x00, 0x00, 0x00, 0x00, 0x00, 0x00, 0x00, 0x00, 0x00
	.byte 0x00, 0x00, 0x00, 0x00, 0x00, 0x00, 0x00, 0x00, 0x00, 0x00, 0x00, 0x00, 0x00, 0x00, 0x00, 0x00
	.byte 0x00, 0x00, 0x00, 0x00, 0x00, 0x00, 0x00, 0x00, 0x00, 0x00, 0x00, 0x00, 0x00, 0x00, 0x00, 0x00
	.byte 0x00, 0x00, 0x00, 0x00, 0x00, 0x00, 0x00, 0x00, 0x00, 0x00, 0x00, 0x00, 0x00, 0x00, 0x00, 0x00
	.byte 0x00, 0x00, 0x00, 0x00, 0x00, 0x00, 0x00, 0x00, 0x00, 0x00, 0x00, 0x00, 0x00, 0x00, 0x00, 0x00
	.byte 0x00, 0x00, 0x00, 0x00, 0x00, 0x00, 0x00, 0x00, 0x00, 0x00, 0x00, 0x00, 0x00, 0x00, 0x00, 0x00
	.byte 0x00, 0x00, 0x00, 0x00, 0x00, 0x00, 0x00, 0x00, 0x00, 0x00, 0x00, 0x00, 0x00, 0x00, 0x00, 0x00
	.byte 0x00, 0x00, 0x00, 0x00, 0x00, 0x00, 0x00, 0x00, 0x00, 0x00, 0x00, 0x00, 0x00, 0x00, 0x00, 0x00
	.byte 0x00, 0x00, 0x00, 0x00, 0x00, 0x00, 0x00, 0x00, 0x00, 0x00, 0x00, 0x00, 0x00, 0x00, 0x00, 0x00
	.byte 0x00, 0x00, 0x00, 0x00, 0x00, 0x00, 0x00, 0x00, 0x00, 0x00, 0x00, 0x00, 0x00, 0x00, 0x00, 0x00
	.byte 0x00, 0x00, 0x00, 0x00, 0x00, 0x00, 0x00, 0x00, 0x00, 0x00, 0x00, 0x00, 0x00, 0x00, 0x00, 0x00
	.byte 0x00, 0x00, 0x00, 0x00, 0x00, 0x00, 0x00, 0x00, 0x00, 0x00, 0x00, 0x00, 0x00, 0x00, 0x00, 0x00
	.byte 0x00, 0x00, 0x00, 0x00, 0x00, 0x00, 0x00, 0x00, 0x00, 0x00, 0x00, 0x00, 0x00, 0x00, 0x00, 0x00
	.byte 0x00, 0x00, 0x00, 0x00, 0x00, 0x00, 0x00, 0x00, 0x00, 0x00, 0x00, 0x00, 0x00, 0x00, 0x00, 0x00
	.byte 0x00, 0x00, 0x00, 0x00, 0x00, 0x00, 0x00, 0x00, 0x00, 0x00, 0x00, 0x00, 0x00, 0x00, 0x00, 0x00
	.byte 0x00, 0x00, 0x00, 0x00, 0x00, 0x00, 0x00, 0x00, 0x00, 0x00, 0x00, 0x00, 0x00, 0x00, 0x00, 0x00
	.byte 0x00, 0x00, 0x00, 0x00, 0x00, 0x00, 0x00, 0x00, 0x00, 0x00, 0x00, 0x00, 0x00, 0x00, 0x00, 0x00
	.byte 0x00, 0x00, 0x00, 0x00, 0x00, 0x00, 0x00, 0x00, 0x00, 0x00, 0x00, 0x00, 0x00, 0x00, 0x00, 0x00
	.byte 0x00, 0x00, 0x00, 0x00, 0x00, 0x00, 0x00, 0x00, 0x00, 0x00, 0x00, 0x00, 0x00, 0x00, 0x00, 0x00
	.byte 0x00, 0x00, 0x00, 0x00, 0x00, 0x00, 0x00, 0x00, 0x00, 0x00, 0x00, 0x00, 0x00, 0x00, 0x00, 0x00
	.byte 0x00, 0x00, 0x00, 0x00, 0x00, 0x00, 0x00, 0x00, 0x00, 0x00, 0x00, 0x00, 0x00, 0x00, 0x00, 0x00
	.byte 0x00, 0x00, 0x00, 0x00, 0x00, 0x00, 0x00, 0x00, 0x00, 0x00, 0x00, 0x00, 0x00, 0x00, 0x00, 0x00
	.byte 0x00, 0x00, 0x00, 0x00, 0x00, 0x00, 0x00, 0x00, 0x00, 0x00, 0x00, 0x00, 0x00, 0x00, 0x00, 0x00
	.byte 0x00, 0x00, 0x00, 0x00, 0x00, 0x00, 0x00, 0x00, 0x00, 0x00, 0x00, 0x00, 0x00, 0x00, 0x00, 0x00
	.byte 0x00, 0x00, 0x00, 0x00, 0x00, 0x00, 0x00, 0x00, 0x00, 0x00, 0x00, 0x00, 0x00, 0x00, 0x00, 0x00
	.byte 0x00, 0x00, 0x00, 0x00, 0x00, 0x00, 0x00, 0x00, 0x00, 0x00, 0x00, 0x00, 0x00, 0x00, 0x00, 0x00
	.byte 0x00, 0x00, 0x00, 0x00, 0x00, 0x00, 0x00, 0x00, 0x00, 0x00, 0x00, 0x00, 0x00, 0x00, 0x00, 0x00
	.byte 0x00, 0x00, 0x00, 0x00, 0x00, 0x00, 0x00, 0x00, 0x00, 0x00, 0x00, 0x00, 0x00, 0x00, 0x00, 0x00
	.byte 0x00, 0x00, 0x00, 0x00, 0x00, 0x00, 0x00, 0x00, 0x00, 0x00, 0x00, 0x00, 0x00, 0x00, 0x00, 0x00
	.byte 0x00, 0x00, 0x00, 0x00, 0x00, 0x00, 0x00, 0x00, 0x00, 0x00, 0x00, 0x00, 0x00, 0x00, 0x00, 0x00
	.byte 0x00, 0x00, 0x00, 0x00, 0x00, 0x00, 0x00, 0x00, 0x00, 0x00, 0x00, 0x00, 0x00, 0x00, 0x00, 0x00
	.byte 0x00, 0x00, 0x00, 0x00, 0x00, 0x00, 0x00, 0x00, 0x00, 0x00, 0x00, 0x00, 0x00, 0x00, 0x00, 0x00
	.byte 0x00, 0x00, 0x00, 0x00, 0x00, 0x00, 0x00, 0x00, 0x00, 0x00, 0x00, 0x00, 0x00, 0x00, 0x00, 0x00
	.byte 0x00, 0x00, 0x00, 0x00, 0x00, 0x00, 0x00, 0x00, 0x00, 0x00, 0x00, 0x00, 0x00, 0x00, 0x00, 0x00
	.byte 0x00, 0x00, 0x00, 0x00, 0x00, 0x00, 0x00, 0x00, 0x00, 0x00, 0x00, 0x00, 0x00, 0x00, 0x00, 0x00
	.byte 0x00, 0x00, 0x00, 0x00, 0x00, 0x00, 0x00, 0x00, 0x00, 0x00, 0x00, 0x00, 0x00, 0x00, 0x00, 0x00
	.byte 0x00, 0x00, 0x00, 0x00, 0x00, 0x00, 0x00, 0x00, 0x00, 0x00, 0x00, 0x00, 0x00, 0x00, 0x00, 0x00
	.byte 0x00, 0x00, 0x00, 0x00, 0x00, 0x00, 0x00, 0x00, 0x00, 0x00, 0x00, 0x00, 0x00, 0x00, 0x00, 0x00
	.byte 0x00, 0x00, 0x00, 0x00, 0x00, 0x00, 0x00, 0x00, 0x00, 0x00, 0x00, 0x00, 0x00, 0x00, 0x00, 0x00
	.byte 0x00, 0x00, 0x00, 0x00, 0x00, 0x00, 0x00, 0x00, 0x00, 0x00, 0x00, 0x00, 0x00, 0x00, 0x00, 0x00
	.byte 0x00, 0x00, 0x00, 0x00, 0x00, 0x00, 0x00, 0x00, 0x00, 0x00, 0x00, 0x00, 0x00, 0x00, 0x00, 0x00
	.byte 0x00, 0x00, 0x00, 0x00, 0x00, 0x00, 0x00, 0x00, 0x00, 0x00, 0x00, 0x00, 0x00, 0x00, 0x00, 0x00
	.byte 0x00, 0x00, 0x00, 0x00, 0x00, 0x00, 0x00, 0x00, 0x00, 0x00, 0x00, 0x00, 0x00, 0x00, 0x00, 0x00
	.byte 0x00, 0x00, 0x00, 0x00, 0x00, 0x00, 0x00, 0x00, 0x00, 0x00, 0x00, 0x00, 0x00, 0x00, 0x00, 0x00
	.byte 0x00, 0x00, 0x00, 0x00, 0x00, 0x00, 0x00, 0x00, 0x00, 0x00, 0x00, 0x00, 0x00, 0x00, 0x00, 0x00
	.byte 0x00, 0x00, 0x00, 0x00, 0x00, 0x00, 0x00, 0x00, 0x00, 0x00, 0x00, 0x00, 0x00, 0x00, 0x00, 0x00
	.byte 0x00, 0x00, 0x00, 0x00, 0x00, 0x00, 0x00, 0x00, 0x00, 0x00, 0x00, 0x00, 0x00, 0x00, 0x00, 0x00
	.byte 0x00, 0x00, 0x00, 0x00, 0x00, 0x00, 0x00, 0x00, 0x00, 0x00, 0x00, 0x00, 0x00, 0x00, 0x00, 0x00
	.byte 0x00, 0x00, 0x00, 0x00, 0x00, 0x00, 0x00, 0x00, 0x00, 0x00, 0x00, 0x00, 0x00, 0x00, 0x00, 0x00
	.byte 0x00, 0x00, 0x00, 0x00, 0x00, 0x00, 0x00, 0x00, 0x00, 0x00, 0x00, 0x00, 0x00, 0x00, 0x00, 0x00
	.byte 0x00, 0x00, 0x00, 0x00, 0x00, 0x00, 0x00, 0x00, 0x00, 0x00, 0x00, 0x00, 0x00, 0x00, 0x00, 0x00
	.byte 0x00, 0x00, 0x00, 0x00, 0x00, 0x00, 0x00, 0x00, 0x00, 0x00, 0x00, 0x00, 0x00, 0x00, 0x00, 0x00
	.byte 0x00, 0x00, 0x00, 0x00, 0x00, 0x00, 0x00, 0x00, 0x00, 0x00, 0x00, 0x00, 0x00, 0x00, 0x00, 0x00
	.byte 0x00, 0x00, 0x00, 0x00, 0x00, 0x00, 0x00, 0x00, 0x00, 0x00, 0x00, 0x00, 0x00, 0x00, 0x00, 0x00
	.byte 0x00, 0x00, 0x00, 0x00, 0x00, 0x00, 0x00, 0x00, 0x00, 0x00, 0x00, 0x00, 0x00, 0x00, 0x00, 0x00
	.byte 0x00, 0x00, 0x00, 0x00, 0x00, 0x00, 0x00, 0x00, 0x00, 0x00, 0x00, 0x00, 0x00, 0x00, 0x00, 0x00
	.byte 0x00, 0x00, 0x00, 0x00, 0x00, 0x00, 0x00, 0x00, 0x00, 0x00, 0x00, 0x00, 0x00, 0x00, 0x00, 0x00
	.byte 0x00, 0x00, 0x00, 0x00, 0x00, 0x00, 0x00, 0x00, 0x00, 0x00, 0x00, 0x00, 0x00, 0x00, 0x00, 0x00
	.byte 0x00, 0x00, 0x00, 0x00, 0x00, 0x00, 0x00, 0x00, 0x00, 0x00, 0x00, 0x00, 0x00, 0x00, 0x00, 0x00
	.byte 0x00, 0x00, 0x00, 0x00, 0x00, 0x00, 0x00, 0x00, 0x00, 0x00, 0x00, 0x00, 0x00, 0x00, 0x00, 0x00
	.byte 0x00, 0x00, 0x00, 0x00, 0x00, 0x00, 0x00, 0x00, 0x00, 0x00, 0x00, 0x00, 0x00, 0x00, 0x00, 0x00
	.byte 0x00, 0x00, 0x00, 0x00, 0x00, 0x00, 0x00, 0x00, 0x00, 0x00, 0x00, 0x00, 0x00, 0x00, 0x00, 0x00
	.byte 0x00, 0x00, 0x00, 0x00, 0x00, 0x00, 0x00, 0x00, 0x00, 0x00, 0x00, 0x00, 0x00, 0x00, 0x00, 0x00
	.byte 0x00, 0x00, 0x00, 0x00, 0x00, 0x00, 0x00, 0x00, 0x00, 0x00, 0x00, 0x00, 0x00, 0x00, 0x00, 0x00
	.byte 0x00, 0x00, 0x00, 0x00, 0x00, 0x00, 0x00, 0x00, 0x00, 0x00, 0x00, 0x00, 0x00, 0x00, 0x00, 0x00
	.byte 0x00, 0x00, 0x00, 0x00, 0x00, 0x00, 0x00, 0x00, 0x00, 0x00, 0x00, 0x00, 0x00, 0x00, 0x00, 0x00
	.byte 0x00, 0x00, 0x00, 0x00, 0x00, 0x00, 0x00, 0x00, 0x00, 0x00, 0x00, 0x00, 0x00, 0x00, 0x00, 0x00
	.byte 0x00, 0x00, 0x00, 0x00, 0x00, 0x00, 0x00, 0x00, 0x00, 0x00, 0x00, 0x00, 0x00, 0x00, 0x00, 0x00
	.byte 0x00, 0x00, 0x00, 0x00, 0x00, 0x00, 0x00, 0x00, 0x00, 0x00, 0x00, 0x00, 0x00, 0x00, 0x00, 0x00
	.byte 0x00, 0x00, 0x00, 0x00, 0x00, 0x00, 0x00, 0x00, 0x00, 0x00, 0x00, 0x00, 0x00, 0x00, 0x00, 0x00
	.byte 0x00, 0x00, 0x00, 0x00, 0x00, 0x00, 0x00, 0x00, 0x00, 0x00, 0x00, 0x00, 0x00, 0x00, 0x00, 0x00
	.byte 0x00, 0x00, 0x00, 0x00, 0x00, 0x00, 0x00, 0x00, 0x00, 0x00, 0x00, 0x00, 0x00, 0x00, 0x00, 0x00
	.byte 0x00, 0x00, 0x00, 0x00, 0x00, 0x00, 0x00, 0x00, 0x00, 0x00, 0x00, 0x00, 0x00, 0x00, 0x00, 0x00
	.byte 0x00, 0x00, 0x00, 0x00, 0x00, 0x00, 0x00, 0x00, 0x00, 0x00, 0x00, 0x00, 0x00, 0x00, 0x00, 0x00
	.byte 0x00, 0x00, 0x00, 0x00, 0x00, 0x00, 0x00, 0x00, 0x00, 0x00, 0x00, 0x00, 0x00, 0x00, 0x00, 0x00
	.byte 0x00, 0x00, 0x00, 0x00, 0x00, 0x00, 0x00, 0x00, 0x00, 0x00, 0x00, 0x00, 0x00, 0x00, 0x00, 0x00
	.byte 0x00, 0x00, 0x00, 0x00, 0x00, 0x00, 0x00, 0x00, 0x00, 0x00, 0x00, 0x00, 0x00, 0x00, 0x00, 0x00
	.byte 0x00, 0x00, 0x00, 0x00, 0x00, 0x00, 0x00, 0x00, 0x00, 0x00, 0x00, 0x00, 0x00, 0x00, 0x00, 0x00
	.byte 0x00, 0x00, 0x00, 0x00, 0x00, 0x00, 0x00, 0x00, 0x00, 0x00, 0x00, 0x00, 0x00, 0x00, 0x00, 0x00
	.byte 0x00, 0x00, 0x00, 0x00, 0x00, 0x00, 0x00, 0x00, 0x00, 0x00, 0x00, 0x00, 0x00, 0x00, 0x00, 0x00
	.byte 0x00, 0x00, 0x00, 0x00, 0x00, 0x00, 0x00, 0x00, 0x00, 0x00, 0x00, 0x00, 0x00, 0x00, 0x00, 0x00
	.byte 0x00, 0x00, 0x00, 0x00, 0x00, 0x00, 0x00, 0x00, 0x00, 0x00, 0x00, 0x00, 0x00, 0x00, 0x00, 0x00
	.byte 0x00, 0x00, 0x00, 0x00, 0x00, 0x00, 0x00, 0x00, 0x00, 0x00, 0x00, 0x00, 0x00, 0x00, 0x00, 0x00
	.byte 0x00, 0x00, 0x00, 0x00, 0x00, 0x00, 0x00, 0x00, 0x00, 0x00, 0x00, 0x00, 0x00, 0x00, 0x00, 0x00
	.byte 0x00, 0x00, 0x00, 0x00, 0x00, 0x00, 0x00, 0x00, 0x00, 0x00, 0x00, 0x00, 0x00, 0x00, 0x00, 0x00
	.byte 0x00, 0x00, 0x00, 0x00, 0x00, 0x00, 0x00, 0x00, 0x00, 0x00, 0x00, 0x00, 0x00, 0x00, 0x00, 0x00
	.byte 0x00, 0x00, 0x00, 0x00, 0x00, 0x00, 0x00, 0x00, 0x00, 0x00, 0x00, 0x00, 0x00, 0x00, 0x00, 0x00
	.byte 0x00, 0x00, 0x00, 0x00, 0x00, 0x00, 0x00, 0x00, 0x00, 0x00, 0x00, 0x00, 0x00, 0x00, 0x00, 0x00
	.byte 0x00, 0x00, 0x00, 0x00, 0x00, 0x00, 0x00, 0x00, 0x00, 0x00, 0x00, 0x00, 0x00, 0x00, 0x00, 0x00
	.byte 0x00, 0x00, 0x00, 0x00, 0x00, 0x00, 0x00, 0x00, 0x00, 0x00, 0x00, 0x00, 0x00, 0x00, 0x00, 0x00
	.byte 0x00, 0x00, 0x00, 0x00, 0x00, 0x00, 0x00, 0x00, 0x00, 0x00, 0x00, 0x00, 0x00, 0x00, 0x00, 0x00
	.byte 0x00, 0x00, 0x00, 0x00, 0x00, 0x00, 0x00, 0x00, 0x00, 0x00, 0x00, 0x00, 0x00, 0x00, 0x00, 0x00
	.byte 0x00, 0x00, 0x00, 0x00, 0x00, 0x00, 0x00, 0x00, 0x00, 0x00, 0x00, 0x00, 0x00, 0x00, 0x00, 0x00
	.byte 0x00, 0x00, 0x00, 0x00, 0x00, 0x00, 0x00, 0x00, 0x00, 0x00, 0x00, 0x00, 0x00, 0x00, 0x00, 0x00
	.byte 0x00, 0x00, 0x00, 0x00, 0x00, 0x00, 0x00, 0x00, 0x00, 0x00, 0x00, 0x00, 0x00, 0x00, 0x00, 0x00
	.byte 0x00, 0x00, 0x00, 0x00, 0x00, 0x00, 0x00, 0x00, 0x00, 0x00, 0x00, 0x00, 0x00, 0x00, 0x00, 0x00
	.byte 0x00, 0x00, 0x00, 0x00, 0x00, 0x00, 0x00, 0x00, 0x00, 0x00, 0x00, 0x00, 0x00, 0x00, 0x00, 0x00
	.byte 0x00, 0x00, 0x00, 0x00, 0x00, 0x00, 0x00, 0x00, 0x00, 0x00, 0x00, 0x00, 0x00, 0x00, 0x00, 0x00
	.byte 0x00, 0x00, 0x00, 0x00, 0x00, 0x00, 0x00, 0x00, 0x00, 0x00, 0x00, 0x00, 0x00, 0x00, 0x00, 0x00
	.byte 0x00, 0x00, 0x00, 0x00, 0x00, 0x00, 0x00, 0x00, 0x00, 0x00, 0x00, 0x00, 0x00, 0x00, 0x00, 0x00
	.byte 0x00, 0x00, 0x00, 0x00, 0x00, 0x00, 0x00, 0x00, 0x00, 0x00, 0x00, 0x00, 0x00, 0x00, 0x00, 0x00
	.byte 0x00, 0x00, 0x00, 0x00, 0x00, 0x00, 0x00, 0x00, 0x00, 0x00, 0x00, 0x00, 0x00, 0x00, 0x00, 0x00
	.byte 0x00, 0x00, 0x00, 0x00, 0x00, 0x00, 0x00, 0x00, 0x00, 0x00, 0x00, 0x00, 0x00, 0x00, 0x00, 0x00
	.byte 0x00, 0x00, 0x00, 0x00, 0x00, 0x00, 0x00, 0x00, 0x00, 0x00, 0x00, 0x00, 0x00, 0x00, 0x00, 0x00
	.byte 0x00, 0x00, 0x00, 0x00, 0x00, 0x00, 0x00, 0x00, 0x00, 0x00, 0x00, 0x00, 0x00, 0x00, 0x00, 0x00
	.byte 0x00, 0x00, 0x00, 0x00, 0x00, 0x00, 0x00, 0x00, 0x00, 0x00, 0x00, 0x00, 0x00, 0x00, 0x00, 0x00
	.byte 0x00, 0x00, 0x00, 0x00, 0x00, 0x00, 0x00, 0x00, 0x00, 0x00, 0x00, 0x00, 0x00, 0x00, 0x00, 0x00
	.byte 0x00, 0x00, 0x00, 0x00, 0x00, 0x00, 0x00, 0x00, 0x00, 0x00, 0x00, 0x00, 0x00, 0x00, 0x00, 0x00
	.byte 0x00, 0x00, 0x00, 0x00, 0x00, 0x00, 0x00, 0x00, 0x00, 0x00, 0x00, 0x00, 0x00, 0x00, 0x00, 0x00
	.byte 0x00, 0x00, 0x00, 0x00, 0x00, 0x00, 0x00, 0x00, 0x00, 0x00, 0x00, 0x00, 0x00, 0x00, 0x00, 0x00
	.byte 0x00, 0x00, 0x00, 0x00, 0x00, 0x00, 0x00, 0x00, 0x00, 0x00, 0x00, 0x00, 0x00, 0x00, 0x00, 0x00
	.byte 0x00, 0x00, 0x00, 0x00, 0x00, 0x00, 0x00, 0x00, 0x00, 0x00, 0x00, 0x00, 0x00, 0x00, 0x00, 0x00
	.byte 0x00, 0x00, 0x00, 0x00, 0x00, 0x00, 0x00, 0x00, 0x00, 0x00, 0x00, 0x00, 0x00, 0x00, 0x00, 0x00
	.byte 0x00, 0x00, 0x00, 0x00, 0x00, 0x00, 0x00, 0x00, 0x00, 0x00, 0x00, 0x00, 0x00, 0x00, 0x00, 0x00
	.byte 0x00, 0x00, 0x00, 0x00, 0x00, 0x00, 0x00, 0x00, 0x00, 0x00, 0x00, 0x00, 0x00, 0x00, 0x00, 0x00
	.byte 0x00, 0x00, 0x00, 0x00, 0x00, 0x00, 0x00, 0x00, 0x00, 0x00, 0x00, 0x00, 0x00, 0x00, 0x00, 0x00
	.byte 0x00, 0x00, 0x00, 0x00, 0x00, 0x00, 0x00, 0x00, 0x00, 0x00, 0x00, 0x00, 0x00, 0x00, 0x00, 0x00
	.byte 0x00, 0x00, 0x00, 0x00, 0x00, 0x00, 0x00, 0x00, 0x00, 0x00, 0x00, 0x00, 0x00, 0x00, 0x00, 0x00
	.byte 0x00, 0x00, 0x00, 0x00, 0x00, 0x00, 0x00, 0x00, 0x00, 0x00, 0x00, 0x00, 0x00, 0x00, 0x00, 0x00
	.byte 0x00, 0x00, 0x00, 0x00, 0x00, 0x00, 0x00, 0x00, 0x00, 0x00, 0x00, 0x00, 0x00, 0x00, 0x00, 0x00
	.byte 0x00, 0x00, 0x00, 0x00, 0x00, 0x00, 0x00, 0x00, 0x00, 0x00, 0x00, 0x00, 0x00, 0x00, 0x00, 0x00
	.byte 0x00, 0x00, 0x00, 0x00, 0x00, 0x00, 0x00, 0x00, 0x00, 0x00, 0x00, 0x00, 0x00, 0x00, 0x00, 0x00
	.byte 0x00, 0x00, 0x00, 0x00, 0x00, 0x00, 0x00, 0x00, 0x00, 0x00, 0x00, 0x00, 0x00, 0x00, 0x00, 0x00
	.byte 0x00, 0x00, 0x00, 0x00, 0x00, 0x00, 0x00, 0x00, 0x00, 0x00, 0x00, 0x00, 0x00, 0x00, 0x00, 0x00
	.byte 0x00, 0x00, 0x00, 0x00, 0x00, 0x00, 0x00, 0x00, 0x00, 0x00, 0x00, 0x00, 0x00, 0x00, 0x00, 0x00
	.byte 0x00, 0x00, 0x00, 0x00, 0x00, 0x00, 0x00, 0x00, 0x00, 0x00, 0x00, 0x00, 0x00, 0x00, 0x00, 0x00
	.byte 0x00, 0x00, 0x00, 0x00, 0x00, 0x00, 0x00, 0x00, 0x00, 0x00, 0x00, 0x00, 0x00, 0x00, 0x00, 0x00
	.byte 0x00, 0x00, 0x00, 0x00, 0x00, 0x00, 0x00, 0x00, 0x00, 0x00, 0x00, 0x00, 0x00, 0x00, 0x00, 0x00
	.byte 0x00, 0x00, 0x00, 0x00, 0x00, 0x00, 0x00, 0x00, 0x00, 0x00, 0x00, 0x00, 0x00, 0x00, 0x00, 0x00
	.byte 0x00, 0x00, 0x00, 0x00, 0x00, 0x00, 0x00, 0x00, 0x00, 0x00, 0x00, 0x00, 0x00, 0x00, 0x00, 0x00
	.byte 0x00, 0x00, 0x00, 0x00, 0x00, 0x00, 0x00, 0x00, 0x00, 0x00, 0x00, 0x00, 0x00, 0x00, 0x00, 0x00
	.byte 0x00, 0x00, 0x00, 0x00, 0x00, 0x00, 0x00, 0x00, 0x00, 0x00, 0x00, 0x00, 0x00, 0x00, 0x00, 0x00
	.byte 0x00, 0x00, 0x00, 0x00, 0x00, 0x00, 0x00, 0x00, 0x00, 0x00, 0x00, 0x00, 0x00, 0x00, 0x00, 0x00
	.byte 0x00, 0x00, 0x00, 0x00, 0x00, 0x00, 0x00, 0x00, 0x00, 0x00, 0x00, 0x00, 0x00, 0x00, 0x00, 0x00
	.byte 0x00, 0x00, 0x00, 0x00, 0x00, 0x00, 0x00, 0x00, 0x00, 0x00, 0x00, 0x00, 0x00, 0x00, 0x00, 0x00
	.byte 0x00, 0x00, 0x00, 0x00, 0x00, 0x00, 0x00, 0x00, 0x00, 0x00, 0x00, 0x00, 0x00, 0x00, 0x00, 0x00
	.byte 0x00, 0x00, 0x00, 0x00, 0x00, 0x00, 0x00, 0x00, 0x00, 0x00, 0x00, 0x00, 0x00, 0x00, 0x00, 0x00
	.byte 0x00, 0x00, 0x00, 0x00, 0x00, 0x00, 0x00, 0x00, 0x00, 0x00, 0x00, 0x00, 0x00, 0x00, 0x00, 0x00
	.byte 0x00, 0x00, 0x00, 0x00, 0x00, 0x00, 0x00, 0x00, 0x00, 0x00, 0x00, 0x00, 0x00, 0x00, 0x00, 0x00
	.byte 0x00, 0x00, 0x00, 0x00, 0x00, 0x00, 0x00, 0x00, 0x00, 0x00, 0x00, 0x00, 0x00, 0x00, 0x00, 0x00
	.byte 0x00, 0x00, 0x00, 0x00, 0x00, 0x00, 0x00, 0x00, 0x00, 0x00, 0x00, 0x00, 0x00, 0x00, 0x00, 0x00
	.byte 0x00, 0x00, 0x00, 0x00, 0x00, 0x00, 0x00, 0x00, 0x00, 0x00, 0x00, 0x00, 0x00, 0x00, 0x00, 0x00
	.byte 0x00, 0x00, 0x00, 0x00, 0x00, 0x00, 0x00, 0x00, 0x00, 0x00, 0x00, 0x00, 0x00, 0x00, 0x00, 0x00
	.byte 0x00, 0x00, 0x00, 0x00, 0x00, 0x00, 0x00, 0x00, 0x00, 0x00, 0x00, 0x00, 0x00, 0x00, 0x00, 0x00
	.byte 0x00, 0x00, 0x00, 0x00, 0x00, 0x00, 0x00, 0x00, 0x00, 0x00, 0x00, 0x00, 0x00, 0x00, 0x00, 0x00
	.byte 0x00, 0x00, 0x00, 0x00, 0x00, 0x00, 0x00, 0x00, 0x00, 0x00, 0x00, 0x00, 0x00, 0x00, 0x00, 0x00
	.byte 0x00, 0x00, 0x00, 0x00, 0x00, 0x00, 0x00, 0x00, 0x00, 0x00, 0x00, 0x00, 0x00, 0x00, 0x00, 0x00
	.byte 0x00, 0x00, 0x00, 0x00, 0x00, 0x00, 0x00, 0x00, 0x00, 0x00, 0x00, 0x00, 0x00, 0x00, 0x00, 0x00
	.byte 0x00, 0x00, 0x00, 0x00, 0x00, 0x00, 0x00, 0x00, 0x00, 0x00, 0x00, 0x00, 0x00, 0x00, 0x00, 0x00
	.byte 0x00, 0x00, 0x00, 0x00, 0x00, 0x00, 0x00, 0x00, 0x00, 0x00, 0x00, 0x00, 0x00, 0x00, 0x00, 0x00
	.byte 0x00, 0x00, 0x00, 0x00, 0x00, 0x00, 0x00, 0x00, 0x00, 0x00, 0x00, 0x00, 0x00, 0x00, 0x00, 0x00
	.byte 0x00, 0x00, 0x00, 0x00, 0x00, 0x00, 0x00, 0x00, 0x00, 0x00, 0x00, 0x00, 0x00, 0x00, 0x00, 0x00
	.byte 0x00, 0x00, 0x00, 0x00, 0x00, 0x00, 0x00, 0x00, 0x00, 0x00, 0x00, 0x00, 0x00, 0x00, 0x00, 0x00
	.byte 0x00, 0x00, 0x00, 0x00, 0x00, 0x00, 0x00, 0x00, 0x00, 0x00, 0x00, 0x00, 0x00, 0x00, 0x00, 0x00
	.byte 0x00, 0x00, 0x00, 0x00, 0x00, 0x00, 0x00, 0x00, 0x00, 0x00, 0x00, 0x00, 0x00, 0x00, 0x00, 0x00
	.byte 0x00, 0x00, 0x00, 0x00, 0x00, 0x00, 0x00, 0x00, 0x00, 0x00, 0x00, 0x00, 0x00, 0x00, 0x00, 0x00
	.byte 0x00, 0x00, 0x00, 0x00, 0x00, 0x00, 0x00, 0x00, 0x00, 0x00, 0x00, 0x00, 0x00, 0x00, 0x00, 0x00
	.byte 0x00, 0x00, 0x00, 0x00, 0x00, 0x00, 0x00, 0x00, 0x00, 0x00, 0x00, 0x00, 0x00, 0x00, 0x00, 0x00
	.byte 0x00, 0x00, 0x00, 0x00, 0x00, 0x00, 0x00, 0x00, 0x00, 0x00, 0x00, 0x00, 0x00, 0x00, 0x00, 0x00
	.byte 0x00, 0x00, 0x00, 0x00, 0x00, 0x00, 0x00, 0x00, 0x00, 0x00, 0x00, 0x00, 0x00, 0x00, 0x00, 0x00
	.byte 0x00, 0x00, 0x00, 0x00, 0x00, 0x00, 0x00, 0x00, 0x00, 0x00, 0x00, 0x00, 0x00, 0x00, 0x00, 0x00
	.byte 0x00, 0x00, 0x00, 0x00, 0x00, 0x00, 0x00, 0x00, 0x00, 0x00, 0x00, 0x00, 0x00, 0x00, 0x00, 0x00
	.byte 0x00, 0x00, 0x00, 0x00, 0x00, 0x00, 0x00, 0x00, 0x00, 0x00, 0x00, 0x00, 0x00, 0x00, 0x00, 0x00
	.byte 0x00, 0x00, 0x00, 0x00, 0x00, 0x00, 0x00, 0x00, 0x00, 0x00, 0x00, 0x00, 0x00, 0x00, 0x00, 0x00
	.byte 0x00, 0x00, 0x00, 0x00, 0x00, 0x00, 0x00, 0x00, 0x00, 0x00, 0x00, 0x00, 0x00, 0x00, 0x00, 0x00
	.byte 0x00, 0x00, 0x00, 0x00, 0x00, 0x00, 0x00, 0x00, 0x00, 0x00, 0x00, 0x00, 0x00, 0x00, 0x00, 0x00
	.byte 0x00, 0x00, 0x00, 0x00, 0x00, 0x00, 0x00, 0x00, 0x00, 0x00, 0x00, 0x00, 0x00, 0x00, 0x00, 0x00
	.byte 0x00, 0x00, 0x00, 0x00, 0x00, 0x00, 0x00, 0x00, 0x00, 0x00, 0x00, 0x00, 0x00, 0x00, 0x00, 0x00
	.byte 0x00, 0x00, 0x00, 0x00, 0x00, 0x00, 0x00, 0x00, 0x00, 0x00, 0x00, 0x00, 0x00, 0x00, 0x00, 0x00
	.byte 0x00, 0x00, 0x00, 0x00, 0x00, 0x00, 0x00, 0x00, 0x00, 0x00, 0x00, 0x00, 0x00, 0x00, 0x00, 0x00
	.byte 0x00, 0x00, 0x00, 0x00, 0x00, 0x00, 0x00, 0x00, 0x00, 0x00, 0x00, 0x00, 0x00, 0x00, 0x00, 0x00
	.byte 0x00, 0x00, 0x00, 0x00, 0x00, 0x00, 0x00, 0x00, 0x00, 0x00, 0x00, 0x00, 0x00, 0x00, 0x00, 0x00
	.byte 0x00, 0x00, 0x00, 0x00, 0x00, 0x00, 0x00, 0x00, 0x00, 0x00, 0x00, 0x00, 0x00, 0x00, 0x00, 0x00
	.byte 0x00, 0x00, 0x00, 0x00, 0x00, 0x00, 0x00, 0x00, 0x00, 0x00, 0x00, 0x00, 0x00, 0x00, 0x00, 0x00
	.byte 0x00, 0x00, 0x00, 0x00, 0x00, 0x00, 0x00, 0x00, 0x00, 0x00, 0x00, 0x00, 0x00, 0x00, 0x00, 0x00
	.byte 0x00, 0x00, 0x00, 0x00, 0x00, 0x00, 0x00, 0x00, 0x00, 0x00, 0x00, 0x00, 0x00, 0x00, 0x00, 0x00
	.byte 0x00, 0x00, 0x00, 0x00, 0x00, 0x00, 0x00, 0x00, 0x00, 0x00, 0x00, 0x00, 0x00, 0x00, 0x00, 0x00
	.byte 0x00, 0x00, 0x00, 0x00, 0x00, 0x00, 0x00, 0x00, 0x00, 0x00, 0x00, 0x00, 0x00, 0x00, 0x00, 0x00
	.byte 0x00, 0x00, 0x00, 0x00, 0x00, 0x00, 0x00, 0x00, 0x00, 0x00, 0x00, 0x00, 0x00, 0x00, 0x00, 0x00
	.byte 0x00, 0x00, 0x00, 0x00, 0x00, 0x00, 0x00, 0x00, 0x00, 0x00, 0x00, 0x00, 0x00, 0x00, 0x00, 0x00
	.byte 0x00, 0x00, 0x00, 0x00, 0x00, 0x00, 0x00, 0x00, 0x00, 0x00, 0x00, 0x00, 0x00, 0x00, 0x00, 0x00
	.byte 0x00, 0x00, 0x00, 0x00, 0x00, 0x00, 0x00, 0x00, 0x00, 0x00, 0x00, 0x00, 0x00, 0x00, 0x00, 0x00
	.byte 0x00, 0x00, 0x00, 0x00, 0x00, 0x00, 0x00, 0x00, 0x00, 0x00, 0x00, 0x00, 0x00, 0x00, 0x00, 0x00
	.byte 0x00, 0x00, 0x00, 0x00, 0x00, 0x00, 0x00, 0x00, 0x00, 0x00, 0x00, 0x00, 0x00, 0x00, 0x00, 0x00
	.byte 0x00, 0x00, 0x00, 0x00, 0x00, 0x00, 0x00, 0x00, 0x00, 0x00, 0x00, 0x00, 0x00, 0x00, 0x00, 0x00
	.byte 0x00, 0x00, 0x00, 0x00, 0x00, 0x00, 0x00, 0x00, 0x00, 0x00, 0x00, 0x00, 0x00, 0x00, 0x00, 0x00
	.byte 0x00, 0x00, 0x00, 0x00, 0x00, 0x00, 0x00, 0x00, 0x00, 0x00, 0x00, 0x00, 0x00, 0x00, 0x00, 0x00
	.byte 0x00, 0x00, 0x00, 0x00, 0x00, 0x00, 0x00, 0x00, 0x00, 0x00, 0x00, 0x00, 0x00, 0x00, 0x00, 0x00
	.byte 0x00, 0x00, 0x00, 0x00, 0x00, 0x00, 0x00, 0x00, 0x00, 0x00, 0x00, 0x00, 0x00, 0x00, 0x00, 0x00
	.byte 0x00, 0x00, 0x00, 0x00, 0x00, 0x00, 0x00, 0x00, 0x00, 0x00, 0x00, 0x00, 0x00, 0x00, 0x00, 0x00
	.byte 0x00, 0x00, 0x00, 0x00, 0x00, 0x00, 0x00, 0x00, 0x00, 0x00, 0x00, 0x00, 0x00, 0x00, 0x00, 0x00
	.byte 0x00, 0x00, 0x00, 0x00, 0x00, 0x00, 0x00, 0x00, 0x00, 0x00, 0x00, 0x00, 0x00, 0x00, 0x00, 0x00
	.byte 0x00, 0x00, 0x00, 0x00, 0x00, 0x00, 0x00, 0x00, 0x00, 0x00, 0x00, 0x00, 0x00, 0x00, 0x00, 0x00
	.byte 0x00, 0x00, 0x00, 0x00, 0x00, 0x00, 0x00, 0x00, 0x00, 0x00, 0x00, 0x00, 0x00, 0x00, 0x00, 0x00
	.byte 0x00, 0x00, 0x00, 0x00, 0x00, 0x00, 0x00, 0x00, 0x00, 0x00, 0x00, 0x00, 0x00, 0x00, 0x00, 0x00
	.byte 0x00, 0x00, 0x00, 0x00, 0x00, 0x00, 0x00, 0x00, 0x00, 0x00, 0x00, 0x00, 0x00, 0x00, 0x00, 0x00
	.byte 0x00, 0x00, 0x00, 0x00, 0x00, 0x00, 0x00, 0x00, 0x00, 0x00, 0x00, 0x00, 0x00, 0x00, 0x00, 0x00
	.byte 0x00, 0x00, 0x00, 0x00, 0x00, 0x00, 0x00, 0x00, 0x00, 0x00, 0x00, 0x00, 0x00, 0x00, 0x00, 0x00
	.byte 0x00, 0x00, 0x00, 0x00, 0x00, 0x00, 0x00, 0x00, 0x00, 0x00, 0x00, 0x00, 0x00, 0x00, 0x00, 0x00
	.byte 0x00, 0x00, 0x00, 0x00, 0x00, 0x00, 0x00, 0x00, 0x00, 0x00, 0x00, 0x00, 0x00, 0x00, 0x00, 0x00
	.byte 0x00, 0x00, 0x00, 0x00, 0x00, 0x00, 0x00, 0x00, 0x00, 0x00, 0x00, 0x00, 0x00, 0x00, 0x00, 0x00
	.byte 0x00, 0x00, 0x00, 0x00, 0x00, 0x00, 0x00, 0x00, 0x00, 0x00, 0x00, 0x00, 0x00, 0x00, 0x00, 0x00
	.byte 0x00, 0x00, 0x00, 0x00, 0x00, 0x00, 0x00, 0x00, 0x00, 0x00, 0x00, 0x00, 0x00, 0x00, 0x00, 0x00
	.byte 0x00, 0x00, 0x00, 0x00, 0x00, 0x00, 0x00, 0x00, 0x00, 0x00, 0x00, 0x00, 0x00, 0x00, 0x00, 0x00
	.byte 0x00, 0x00, 0x00, 0x00, 0x00, 0x00, 0x00, 0x00, 0x00, 0x00, 0x00, 0x00, 0x00, 0x00, 0x00, 0x00
	.byte 0x00, 0x00, 0x00, 0x00, 0x00, 0x00, 0x00, 0x00, 0x00, 0x00, 0x00, 0x00, 0x00, 0x00, 0x00, 0x00
	.byte 0x00, 0x00, 0x00, 0x00, 0x00, 0x00, 0x00, 0x00, 0x00, 0x00, 0x00, 0x00, 0x00, 0x00, 0x00, 0x00
	.byte 0x00, 0x00, 0x00, 0x00, 0x00, 0x00, 0x00, 0x00, 0x00, 0x00, 0x00, 0x00, 0x00, 0x00, 0x00, 0x00
	.byte 0x00, 0x00, 0x00, 0x00, 0x00, 0x00, 0x00, 0x00, 0x00, 0x00, 0x00, 0x00, 0x00, 0x00, 0x00, 0x00
	.byte 0x00, 0x00, 0x00, 0x00, 0x00, 0x00, 0x00, 0x00, 0x00, 0x00, 0x00, 0x00, 0x00, 0x00, 0x00, 0x00
	.byte 0x00, 0x00, 0x00, 0x00, 0x00, 0x00, 0x00, 0x00, 0x00, 0x00, 0x00, 0x00, 0x00, 0x00, 0x00, 0x00
	.byte 0x00, 0x00, 0x00, 0x00, 0x00, 0x00, 0x00, 0x00, 0x00, 0x00, 0x00, 0x00, 0x00, 0x00, 0x00, 0x00
	.byte 0x00, 0x00, 0x00, 0x00, 0x00, 0x00, 0x00, 0x00, 0x00, 0x00, 0x00, 0x00, 0x00, 0x00, 0x00, 0x00
	.byte 0x00, 0x00, 0x00, 0x00, 0x00, 0x00, 0x00, 0x00, 0x00, 0x00, 0x00, 0x00, 0x00, 0x00, 0x00, 0x00
	.byte 0x00, 0x00, 0x00, 0x00, 0x00, 0x00, 0x00, 0x00, 0x00, 0x00, 0x00, 0x00, 0x00, 0x00, 0x00, 0x00
	.byte 0x00, 0x00, 0x00, 0x00, 0x00, 0x00, 0x00, 0x00, 0x00, 0x00, 0x00, 0x00, 0x00, 0x00, 0x00, 0x00
	.byte 0x00, 0x00, 0x00, 0x00, 0x00, 0x00, 0x00, 0x00, 0x00, 0x00, 0x00, 0x00, 0x00, 0x00, 0x00, 0x00
	.byte 0x00, 0x00, 0x00, 0x00, 0x00, 0x00, 0x00, 0x00, 0x00, 0x00, 0x00, 0x00, 0x00, 0x00, 0x00, 0x00
	.byte 0x00, 0x00, 0x00, 0x00, 0x00, 0x00, 0x00, 0x00, 0x00, 0x00, 0x00, 0x00, 0x00, 0x00, 0x00, 0x00
	.byte 0x00, 0x00, 0x00, 0x00, 0x00, 0x00, 0x00, 0x00, 0x00, 0x00, 0x00, 0x00, 0x00, 0x00, 0x00, 0x00
	.byte 0x00, 0x00, 0x00, 0x00, 0x00, 0x00, 0x00, 0x00, 0x00, 0x00, 0x00, 0x00, 0x00, 0x00, 0x00, 0x00
	.byte 0x00, 0x00, 0x00, 0x00, 0x00, 0x00, 0x00, 0x00, 0x00, 0x00, 0x00, 0x00, 0x00, 0x00, 0x00, 0x00
	.byte 0x00, 0x00, 0x00, 0x00, 0x00, 0x00, 0x00, 0x00, 0x00, 0x00, 0x00, 0x00, 0x00, 0x00, 0x00, 0x00
	.byte 0x00, 0x00, 0x00, 0x00, 0x00, 0x00, 0x00, 0x00, 0x00, 0x00, 0x00, 0x00, 0x00, 0x00, 0x00, 0x00
	.byte 0x00, 0x00, 0x00, 0x00, 0x00, 0x00, 0x00, 0x00, 0x00, 0x00, 0x00, 0x00, 0x00, 0x00, 0x00, 0x00
	.byte 0x00, 0x00, 0x00, 0x00, 0x00, 0x00, 0x00, 0x00, 0x00, 0x00, 0x00, 0x00, 0x00, 0x00, 0x00, 0x00
	.byte 0x00, 0x00, 0x00, 0x00, 0x00, 0x00, 0x00, 0x00, 0x00, 0x00, 0x00, 0x00, 0x00, 0x00, 0x00, 0x00
	.byte 0x00, 0x00, 0x00, 0x00, 0x00, 0x00, 0x00, 0x00, 0x00, 0x00, 0x00, 0x00, 0x00, 0x00, 0x00, 0x00
	.byte 0x00, 0x00, 0x00, 0x00, 0x00, 0x00, 0x00, 0x00, 0x00, 0x00, 0x00, 0x00, 0x00, 0x00, 0x00, 0x00
	.byte 0x00, 0x00, 0x00, 0x00, 0x00, 0x00, 0x00, 0x00, 0x00, 0x00, 0x00, 0x00, 0x00, 0x00, 0x00, 0x00
	.byte 0x00, 0x00, 0x00, 0x00, 0x00, 0x00, 0x00, 0x00, 0x00, 0x00, 0x00, 0x00, 0x00, 0x00, 0x00, 0x00
	.byte 0x00, 0x00, 0x00, 0x00, 0x00, 0x00, 0x00, 0x00, 0x00, 0x00, 0x00, 0x00, 0x00, 0x00, 0x00, 0x00
	.byte 0x00, 0x00, 0x00, 0x00, 0x00, 0x00, 0x00, 0x00, 0x00, 0x00, 0x00, 0x00, 0x00, 0x00, 0x00, 0x00
	.byte 0x00, 0x00, 0x00, 0x00, 0x00, 0x00, 0x00, 0x00, 0x00, 0x00, 0x00, 0x00, 0x00, 0x00, 0x00, 0x00
	.byte 0x00, 0x00, 0x00, 0x00, 0x00, 0x00, 0x00, 0x00, 0x00, 0x00, 0x00, 0x00, 0x00, 0x00, 0x00, 0x00
	.byte 0x00, 0x00, 0x00, 0x00, 0x00, 0x00, 0x00, 0x00, 0x00, 0x00, 0x00, 0x00, 0x00, 0x00, 0x00, 0x00
	.byte 0x00, 0x00, 0x00, 0x00, 0x00, 0x00, 0x00, 0x00, 0x00, 0x00, 0x00, 0x00, 0x00, 0x00, 0x00, 0x00
	.byte 0x00, 0x00, 0x00, 0x00, 0x00, 0x00, 0x00, 0x00, 0x00, 0x00, 0x00, 0x00, 0x00, 0x00, 0x00, 0x00
	.byte 0x00, 0x00, 0x00, 0x00, 0x00, 0x00, 0x00, 0x00, 0x00, 0x00, 0x00, 0x00, 0x00, 0x00, 0x00, 0x00
	.byte 0x00, 0x00, 0x00, 0x00, 0x00, 0x00, 0x00, 0x00, 0x00, 0x00, 0x00, 0x00, 0x00, 0x00, 0x00, 0x00
	.byte 0x00, 0x00, 0x00, 0x00, 0x00, 0x00, 0x00, 0x00, 0x00, 0x00, 0x00, 0x00, 0x00, 0x00, 0x00, 0x00
	.byte 0x00, 0x00, 0x00, 0x00, 0x00, 0x00, 0x00, 0x00, 0x00, 0x00, 0x00, 0x00, 0x00, 0x00, 0x00, 0x00
	.byte 0x00, 0x00, 0x00, 0x00, 0x00, 0x00, 0x00, 0x00, 0x00, 0x00, 0x00, 0x00, 0x00, 0x00, 0x00, 0x00
	.byte 0x00, 0x00, 0x00, 0x00, 0x00, 0x00, 0x00, 0x00, 0x00, 0x00, 0x00, 0x00, 0x00, 0x00, 0x00, 0x00
	.byte 0x00, 0x00, 0x00, 0x00, 0x00, 0x00, 0x00, 0x00, 0x00, 0x00, 0x00, 0x00, 0x00, 0x00, 0x00, 0x00
	.byte 0x00, 0x00, 0x00, 0x00, 0x00, 0x00, 0x00, 0x00, 0x00, 0x00, 0x00, 0x00, 0x00, 0x00, 0x00, 0x00
	.byte 0x00, 0x00, 0x00, 0x00, 0x00, 0x00, 0x00, 0x00, 0x00, 0x00, 0x00, 0x00, 0x00, 0x00, 0x00, 0x00
	.byte 0x00, 0x00, 0x00, 0x00, 0x00, 0x00, 0x00, 0x00, 0x00, 0x00, 0x00, 0x00, 0x00, 0x00, 0x00, 0x00
	.byte 0x00, 0x00, 0x00, 0x00, 0x00, 0x00, 0x00, 0x00, 0x00, 0x00, 0x00, 0x00, 0x00, 0x00, 0x00, 0x00
	.byte 0x00, 0x00, 0x00, 0x00, 0x00, 0x00, 0x00, 0x00, 0x00, 0x00, 0x00, 0x00, 0x00, 0x00, 0x00, 0x00
	.byte 0x00, 0x00, 0x00, 0x00, 0x00, 0x00, 0x00, 0x00, 0x00, 0x00, 0x00, 0x00, 0x00, 0x00, 0x00, 0x00
	.byte 0x00, 0x00, 0x00, 0x00, 0x00, 0x00, 0x00, 0x00, 0x00, 0x00, 0x00, 0x00, 0x00, 0x00, 0x00, 0x00
	.byte 0x00, 0x00, 0x00, 0x00, 0x00, 0x00, 0x00, 0x00, 0x00, 0x00, 0x00, 0x00, 0x00, 0x00, 0x00, 0x00
	.byte 0x00, 0x00, 0x00, 0x00, 0x00, 0x00, 0x00, 0x00, 0x00, 0x00, 0x00, 0x00, 0x00, 0x00, 0x00, 0x00
	.byte 0x00, 0x00, 0x00, 0x00, 0x00, 0x00, 0x00, 0x00, 0x00, 0x00, 0x00, 0x00, 0x00, 0x00, 0x00, 0x00
	.byte 0x00, 0x00, 0x00, 0x00, 0x00, 0x00, 0x00, 0x00, 0x00, 0x00, 0x00, 0x00, 0x00, 0x00, 0x00, 0x00
	.byte 0x00, 0x00, 0x00, 0x00, 0x00, 0x00, 0x00, 0x00, 0x00, 0x00, 0x00, 0x00, 0x00, 0x00, 0x00, 0x00
	.byte 0x00, 0x00, 0x00, 0x00, 0x00, 0x00, 0x00, 0x00, 0x00, 0x00, 0x00, 0x00, 0x00, 0x00, 0x00, 0x00
	.byte 0x00, 0x00, 0x00, 0x00, 0x00, 0x00, 0x00, 0x00, 0x00, 0x00, 0x00, 0x00, 0x00, 0x00, 0x00, 0x00
	.byte 0x00, 0x00, 0x00, 0x00, 0x00, 0x00, 0x00, 0x00, 0x00, 0x00, 0x00, 0x00, 0x00, 0x00, 0x00, 0x00
	.byte 0x00, 0x00, 0x00, 0x00, 0x00, 0x00, 0x00, 0x00, 0x00, 0x00, 0x00, 0x00, 0x00, 0x00, 0x00, 0x00
	.byte 0x00, 0x00, 0x00, 0x00, 0x00, 0x00, 0x00, 0x00, 0x00, 0x00, 0x00, 0x00, 0x00, 0x00, 0x00, 0x00
	.byte 0x00, 0x00, 0x00, 0x00, 0x00, 0x00, 0x00, 0x00, 0x00, 0x00, 0x00, 0x00, 0x00, 0x00, 0x00, 0x00
	.byte 0x00, 0x00, 0x00, 0x00, 0x00, 0x00, 0x00, 0x00, 0x00, 0x00, 0x00, 0x00, 0x00, 0x00, 0x00, 0x00
	.byte 0x00, 0x00, 0x00, 0x00, 0x00, 0x00, 0x00, 0x00, 0x00, 0x00, 0x00, 0x00, 0x00, 0x00, 0x00, 0x00
	.byte 0x00, 0x00, 0x00, 0x00, 0x00, 0x00, 0x00, 0x00, 0x00, 0x00, 0x00, 0x00, 0x00, 0x00, 0x00, 0x00
	.byte 0x00, 0x00, 0x00, 0x00, 0x00, 0x00, 0x00, 0x00, 0x00, 0x00, 0x00, 0x00, 0x00, 0x00, 0x00, 0x00
	.byte 0x00, 0x00, 0x00, 0x00, 0x00, 0x00, 0x00, 0x00, 0x00, 0x00, 0x00, 0x00, 0x00, 0x00, 0x00, 0x00
	.byte 0x00, 0x00, 0x00, 0x00, 0x00, 0x00, 0x00, 0x00, 0x00, 0x00, 0x00, 0x00, 0x00, 0x00, 0x00, 0x00
	.byte 0x00, 0x00, 0x00, 0x00, 0x00, 0x00, 0x00, 0x00, 0x00, 0x00, 0x00, 0x00, 0x00, 0x00, 0x00, 0x00
	.byte 0x00, 0x00, 0x00, 0x00, 0x00, 0x00, 0x00, 0x00, 0x00, 0x00, 0x00, 0x00, 0x00, 0x00, 0x00, 0x00
	.byte 0x00, 0x00, 0x00, 0x00, 0x00, 0x00, 0x00, 0x00, 0x00, 0x00, 0x00, 0x00, 0x00, 0x00, 0x00, 0x00
	.byte 0x00, 0x00, 0x00, 0x00, 0x00, 0x00, 0x00, 0x00, 0x00, 0x00, 0x00, 0x00, 0x00, 0x00, 0x00, 0x00
	.byte 0x00, 0x00, 0x00, 0x00, 0x00, 0x00, 0x00, 0x00, 0x00, 0x00, 0x00, 0x00, 0x00, 0x00, 0x00, 0x00
	.byte 0x00, 0x00, 0x00, 0x00, 0x00, 0x00, 0x00, 0x00, 0x00, 0x00, 0x00, 0x00, 0x00, 0x00, 0x00, 0x00
	.byte 0x00, 0x00, 0x00, 0x00, 0x00, 0x00, 0x00, 0x00, 0x00, 0x00, 0x00, 0x00, 0x00, 0x00, 0x00, 0x00
	.byte 0x00, 0x00, 0x00, 0x00, 0x00, 0x00, 0x00, 0x00, 0x00, 0x00, 0x00, 0x00, 0x00, 0x00, 0x00, 0x00
	.byte 0x00, 0x00, 0x00, 0x00, 0x00, 0x00, 0x00, 0x00, 0x00, 0x00, 0x00, 0x00, 0x00, 0x00, 0x00, 0x00
	.byte 0x00, 0x00, 0x00, 0x00, 0x00, 0x00, 0x00, 0x00, 0x00, 0x00, 0x00, 0x00, 0x00, 0x00, 0x00, 0x00
	.byte 0x00, 0x00, 0x00, 0x00, 0x00, 0x00, 0x00, 0x00, 0x00, 0x00, 0x00, 0x00, 0x00, 0x00, 0x00, 0x00
	.byte 0x00, 0x00, 0x00, 0x00, 0x00, 0x00, 0x00, 0x00, 0x00, 0x00, 0x00, 0x00, 0x00, 0x00, 0x00, 0x00
	.byte 0x00, 0x00, 0x00, 0x00, 0x00, 0x00, 0x00, 0x00, 0x00, 0x00, 0x00, 0x00, 0x00, 0x00, 0x00, 0x00
	.byte 0x00, 0x00, 0x00, 0x00, 0x00, 0x00, 0x00, 0x00, 0x00, 0x00, 0x00, 0x00, 0x00, 0x00, 0x00, 0x00
	.byte 0x00, 0x00, 0x00, 0x00, 0x00, 0x00, 0x00, 0x00, 0x00, 0x00, 0x00, 0x00, 0x00, 0x00, 0x00, 0x00
	.byte 0x00, 0x00, 0x00, 0x00, 0x00, 0x00, 0x00, 0x00, 0x00, 0x00, 0x00, 0x00, 0x00, 0x00, 0x00, 0x00
	.byte 0x00, 0x00, 0x00, 0x00, 0x00, 0x00, 0x00, 0x00, 0x00, 0x00, 0x00, 0x00, 0x00, 0x00, 0x00, 0x00
	.byte 0x00, 0x00, 0x00, 0x00, 0x00, 0x00, 0x00, 0x00, 0x00, 0x00, 0x00, 0x00, 0x00, 0x00, 0x00, 0x00
	.byte 0x00, 0x00, 0x00, 0x00, 0x00, 0x00, 0x00, 0x00, 0x00, 0x00, 0x00, 0x00, 0x00, 0x00, 0x00, 0x00
	.byte 0x00, 0x00, 0x00, 0x00, 0x00, 0x00, 0x00, 0x00, 0x00, 0x00, 0x00, 0x00, 0x00, 0x00, 0x00, 0x00
	.byte 0x00, 0x00, 0x00, 0x00, 0x00, 0x00, 0x00, 0x00, 0x00, 0x00, 0x00, 0x00, 0x00, 0x00, 0x00, 0x00
	.byte 0x00, 0x00, 0x00, 0x00, 0x00, 0x00, 0x00, 0x00, 0x00, 0x00, 0x00, 0x00, 0x00, 0x00, 0x00, 0x00
	.byte 0x00, 0x00, 0x00, 0x00, 0x00, 0x00, 0x00, 0x00, 0x00, 0x00, 0x00, 0x00, 0x00, 0x00, 0x00, 0x00
	.byte 0x00, 0x00, 0x00, 0x00, 0x00, 0x00, 0x00, 0x00, 0x00, 0x00, 0x00, 0x00, 0x00, 0x00, 0x00, 0x00
	.byte 0x00, 0x00, 0x00, 0x00, 0x00, 0x00, 0x00, 0x00, 0x00, 0x00, 0x00, 0x00, 0x00, 0x00, 0x00, 0x00
	.byte 0x00, 0x00, 0x00, 0x00, 0x00, 0x00, 0x00, 0x00, 0x00, 0x00, 0x00, 0x00, 0x00, 0x00, 0x00, 0x00
	.byte 0x00, 0x00, 0x00, 0x00, 0x00, 0x00, 0x00, 0x00, 0x00, 0x00, 0x00, 0x00, 0x00, 0x00, 0x00, 0x00
	.byte 0x00, 0x00, 0x00, 0x00, 0x00, 0x00, 0x00, 0x00, 0x00, 0x00, 0x00, 0x00, 0x00, 0x00, 0x00, 0x00
	.byte 0x00, 0x00, 0x00, 0x00, 0x00, 0x00, 0x00, 0x00, 0x00, 0x00, 0x00, 0x00, 0x00, 0x00, 0x00, 0x00
	.byte 0x00, 0x00, 0x00, 0x00, 0x00, 0x00, 0x00, 0x00, 0x00, 0x00, 0x00, 0x00, 0x00, 0x00, 0x00, 0x00
	.byte 0x00, 0x00, 0x00, 0x00, 0x00, 0x00, 0x00, 0x00, 0x00, 0x00, 0x00, 0x00, 0x00, 0x00, 0x00, 0x00
	.byte 0x00, 0x00, 0x00, 0x00, 0x00, 0x00, 0x00, 0x00, 0x00, 0x00, 0x00, 0x00, 0x00, 0x00, 0x00, 0x00
	.byte 0x00, 0x00, 0x00, 0x00, 0x00, 0x00, 0x00, 0x00, 0x00, 0x00, 0x00, 0x00, 0x00, 0x00, 0x00, 0x00
	.byte 0x00, 0x00, 0x00, 0x00, 0x00, 0x00, 0x00, 0x00, 0x00, 0x00, 0x00, 0x00, 0x00, 0x00, 0x00, 0x00
	.byte 0x00, 0x00, 0x00, 0x00, 0x00, 0x00, 0x00, 0x00, 0x00, 0x00, 0x00, 0x00, 0x00, 0x00, 0x00, 0x00
	.byte 0x00, 0x00, 0x00, 0x00, 0x00, 0x00, 0x00, 0x00, 0x00, 0x00, 0x00, 0x00, 0x00, 0x00, 0x00, 0x00
	.byte 0x00, 0x00, 0x00, 0x00, 0x00, 0x00, 0x00, 0x00, 0x00, 0x00, 0x00, 0x00, 0x00, 0x00, 0x00, 0x00
	.byte 0x00, 0x00, 0x00, 0x00, 0x00, 0x00, 0x00, 0x00, 0x00, 0x00, 0x00, 0x00, 0x00, 0x00, 0x00, 0x00
	.byte 0x00, 0x00, 0x00, 0x00, 0x00, 0x00, 0x00, 0x00, 0x00, 0x00, 0x00, 0x00, 0x00, 0x00, 0x00, 0x00
	.byte 0x00, 0x00, 0x00, 0x00, 0x00, 0x00, 0x00, 0x00, 0x00, 0x00, 0x00, 0x00, 0x00, 0x00, 0x00, 0x00
	.byte 0x00, 0x00, 0x00, 0x00, 0x00, 0x00, 0x00, 0x00, 0x00, 0x00, 0x00, 0x00, 0x00, 0x00, 0x00, 0x00
	.byte 0x00, 0x00, 0x00, 0x00, 0x00, 0x00, 0x00, 0x00, 0x00, 0x00, 0x00, 0x00, 0x00, 0x00, 0x00, 0x00
	.byte 0x00, 0x00, 0x00, 0x00, 0x00, 0x00, 0x00, 0x00, 0x00, 0x00, 0x00, 0x00, 0x00, 0x00, 0x00, 0x00
	.byte 0x00, 0x00, 0x00, 0x00, 0x00, 0x00, 0x00, 0x00, 0x00, 0x00, 0x00, 0x00, 0x00, 0x00, 0x00, 0x00
	.byte 0x00, 0x00, 0x00, 0x00, 0x00, 0x00, 0x00, 0x00, 0x00, 0x00, 0x00, 0x00, 0x00, 0x00, 0x00, 0x00
	.byte 0x00, 0x00, 0x00, 0x00, 0x00, 0x00, 0x00, 0x00, 0x00, 0x00, 0x00, 0x00, 0x00, 0x00, 0x00, 0x00
	.byte 0x00, 0x00, 0x00, 0x00, 0x00, 0x00, 0x00, 0x00, 0x00, 0x00, 0x00, 0x00, 0x00, 0x00, 0x00, 0x00
	.byte 0x00, 0x00, 0x00, 0x00, 0x00, 0x00, 0x00, 0x00, 0x00, 0x00, 0x00, 0x00, 0x00, 0x00, 0x00, 0x00
	.byte 0x00, 0x00, 0x00, 0x00, 0x00, 0x00, 0x00, 0x00, 0x00, 0x00, 0x00, 0x00, 0x00, 0x00, 0x00, 0x00
	.byte 0x00, 0x00, 0x00, 0x00, 0x00, 0x00, 0x00, 0x00, 0x00, 0x00, 0x00, 0x00, 0x00, 0x00, 0x00, 0x00
	.byte 0x00, 0x00, 0x00, 0x00, 0x00, 0x00, 0x00, 0x00, 0x00, 0x00, 0x00, 0x00, 0x00, 0x00, 0x00, 0x00
	.byte 0x00, 0x00, 0x00, 0x00, 0x00, 0x00, 0x00, 0x00, 0x00, 0x00, 0x00, 0x00, 0x00, 0x00, 0x00, 0x00
	.byte 0x00, 0x00, 0x00, 0x00, 0x00, 0x00, 0x00, 0x00, 0x00, 0x00, 0x00, 0x00, 0x00, 0x00, 0x00, 0x00
	.byte 0x00, 0x00, 0x00, 0x00, 0x00, 0x00, 0x00, 0x00, 0x00, 0x00, 0x00, 0x00, 0x00, 0x00, 0x00, 0x00
	.byte 0x00, 0x00, 0x00, 0x00, 0x00, 0x00, 0x00, 0x00, 0x00, 0x00, 0x00, 0x00, 0x00, 0x00, 0x00, 0x00
	.byte 0x00, 0x00, 0x00, 0x00, 0x00, 0x00, 0x00, 0x00, 0x00, 0x00, 0x00, 0x00, 0x00, 0x00, 0x00, 0x00
	.byte 0x00, 0x00, 0x00, 0x00, 0x00, 0x00, 0x00, 0x00, 0x00, 0x00, 0x00, 0x00, 0x00, 0x00, 0x00, 0x00
	.byte 0x00, 0x00, 0x00, 0x00, 0x00, 0x00, 0x00, 0x00, 0x00, 0x00, 0x00, 0x00, 0x00, 0x00, 0x00, 0x00
	.byte 0x00, 0x00, 0x00, 0x00, 0x00, 0x00, 0x00, 0x00, 0x00, 0x00, 0x00, 0x00, 0x00, 0x00, 0x00, 0x00
	.byte 0x00, 0x00, 0x00, 0x00, 0x00, 0x00, 0x00, 0x00, 0x00, 0x00, 0x00, 0x00, 0x00, 0x00, 0x00, 0x00
	.byte 0x00, 0x00, 0x00, 0x00, 0x00, 0x00, 0x00, 0x00, 0x00, 0x00, 0x00, 0x00, 0x00, 0x00, 0x00, 0x00
	.byte 0x00, 0x00, 0x00, 0x00, 0x00, 0x00, 0x00, 0x00, 0x00, 0x00, 0x00, 0x00, 0x00, 0x00, 0x00, 0x00
	.byte 0x00, 0x00, 0x00, 0x00, 0x00, 0x00, 0x00, 0x00, 0x00, 0x00, 0x00, 0x00, 0x00, 0x00, 0x00, 0x00
	.byte 0x00, 0x00, 0x00, 0x00, 0x00, 0x00, 0x00, 0x00, 0x00, 0x00, 0x00, 0x00, 0x00, 0x00, 0x00, 0x00
	.byte 0x00, 0x00, 0x00, 0x00, 0x00, 0x00, 0x00, 0x00, 0x00, 0x00, 0x00, 0x00, 0x00, 0x00, 0x00, 0x00
	.byte 0x00, 0x00, 0x00, 0x00, 0x00, 0x00, 0x00, 0x00, 0x00, 0x00, 0x00, 0x00, 0x00, 0x00, 0x00, 0x00
	.byte 0x00, 0x00, 0x00, 0x00, 0x00, 0x00, 0x00, 0x00, 0x00, 0x00, 0x00, 0x00, 0x00, 0x00, 0x00, 0x00
	.byte 0x00, 0x00, 0x00, 0x00, 0x00, 0x00, 0x00, 0x00, 0x00, 0x00, 0x00, 0x00, 0x00, 0x00, 0x00, 0x00
	.byte 0x00, 0x00, 0x00, 0x00, 0x00, 0x00, 0x00, 0x00, 0x00, 0x00, 0x00, 0x00, 0x00, 0x00, 0x00, 0x00
	.byte 0x00, 0x00, 0x00, 0x00, 0x00, 0x00, 0x00, 0x00, 0x00, 0x00, 0x00, 0x00, 0x00, 0x00, 0x00, 0x00
	.byte 0x00, 0x00, 0x00, 0x00, 0x00, 0x00, 0x00, 0x00, 0x00, 0x00, 0x00, 0x00, 0x00, 0x00, 0x00, 0x00
	.byte 0x00, 0x00, 0x00, 0x00, 0x00, 0x00, 0x00, 0x00, 0x00, 0x00, 0x00, 0x00, 0x00, 0x00, 0x00, 0x00
	.byte 0x00, 0x00, 0x00, 0x00, 0x00, 0x00, 0x00, 0x00, 0x00, 0x00, 0x00, 0x00, 0x00, 0x00, 0x00, 0x00
	.byte 0x00, 0x00, 0x00, 0x00, 0x00, 0x00, 0x00, 0x00, 0x00, 0x00, 0x00, 0x00, 0x00, 0x00, 0x00, 0x00
	.byte 0x00, 0x00, 0x00, 0x00, 0x00, 0x00, 0x00, 0x00, 0x00, 0x00, 0x00, 0x00, 0x00, 0x00, 0x00, 0x00
	.byte 0x00, 0x00, 0x00, 0x00, 0x00, 0x00, 0x00, 0x00, 0x00, 0x00, 0x00, 0x00, 0x00, 0x00, 0x00, 0x00
	.byte 0x00, 0x00, 0x00, 0x00, 0x00, 0x00, 0x00, 0x00, 0x00, 0x00, 0x00, 0x00, 0x00, 0x00, 0x00, 0x00
	.byte 0x00, 0x00, 0x00, 0x00, 0x00, 0x00, 0x00, 0x00, 0x00, 0x00, 0x00, 0x00, 0x00, 0x00, 0x00, 0x00
	.byte 0x00, 0x00, 0x00, 0x00, 0x00, 0x00, 0x00, 0x00, 0x00, 0x00, 0x00, 0x00, 0x00, 0x00, 0x00, 0x00
	.byte 0x00, 0x00, 0x00, 0x00, 0x00, 0x00, 0x00, 0x00, 0x00, 0x00, 0x00, 0x00, 0x00, 0x00, 0x00, 0x00
	.byte 0x00, 0x00, 0x00, 0x00, 0x00, 0x00, 0x00, 0x00, 0x00, 0x00, 0x00, 0x00, 0x00, 0x00, 0x00, 0x00
	.byte 0x00, 0x00, 0x00, 0x00, 0x00, 0x00, 0x00, 0x00, 0x00, 0x00, 0x00, 0x00, 0x00, 0x00, 0x00, 0x00
	.byte 0x00, 0x00, 0x00, 0x00, 0x00, 0x00, 0x00, 0x00, 0x00, 0x00, 0x00, 0x00, 0x00, 0x00, 0x00, 0x00
	.byte 0x00, 0x00, 0x00, 0x00, 0x00, 0x00, 0x00, 0x00, 0x00, 0x00, 0x00, 0x00, 0x00, 0x00, 0x00, 0x00
	.byte 0x00, 0x00, 0x00, 0x00, 0x00, 0x00, 0x00, 0x00, 0x00, 0x00, 0x00, 0x00, 0x00, 0x00, 0x00, 0x00
	.byte 0x00, 0x00, 0x00, 0x00, 0x00, 0x00, 0x00, 0x00, 0x00, 0x00, 0x00, 0x00, 0x00, 0x00, 0x00, 0x00
	.byte 0x00, 0x00, 0x00, 0x00, 0x00, 0x00, 0x00, 0x00, 0x00, 0x00, 0x00, 0x00, 0x00, 0x00, 0x00, 0x00
	.byte 0x00, 0x00, 0x00, 0x00, 0x00, 0x00, 0x00, 0x00, 0x00, 0x00, 0x00, 0x00, 0x00, 0x00, 0x00, 0x00
	.byte 0x00, 0x00, 0x00, 0x00, 0x00, 0x00, 0x00, 0x00, 0x00, 0x00, 0x00, 0x00, 0x00, 0x00, 0x00, 0x00
	.byte 0x00, 0x00, 0x00, 0x00, 0x00, 0x00, 0x00, 0x00, 0x00, 0x00, 0x00, 0x00, 0x00, 0x00, 0x00, 0x00
	.byte 0x00, 0x00, 0x00, 0x00, 0x00, 0x00, 0x00, 0x00, 0x00, 0x00, 0x00, 0x00, 0x00, 0x00, 0x00, 0x00
	.byte 0x00, 0x00, 0x00, 0x00, 0x00, 0x00, 0x00, 0x00, 0x00, 0x00, 0x00, 0x00, 0x00, 0x00, 0x00, 0x00
	.byte 0x00, 0x00, 0x00, 0x00, 0x00, 0x00, 0x00, 0x00, 0x00, 0x00, 0x00, 0x00, 0x00, 0x00, 0x00, 0x00
	.byte 0x00, 0x00, 0x00, 0x00, 0x00, 0x00, 0x00, 0x00, 0x00, 0x00, 0x00, 0x00, 0x00, 0x00, 0x00, 0x00
	.byte 0x00, 0x00, 0x00, 0x00, 0x00, 0x00, 0x00, 0x00, 0x00, 0x00, 0x00, 0x00, 0x00, 0x00, 0x00, 0x00
	.byte 0x00, 0x00, 0x00, 0x00, 0x00, 0x00, 0x00, 0x00, 0x00, 0x00, 0x00, 0x00, 0x00, 0x00, 0x00, 0x00
	.byte 0x00, 0x00, 0x00, 0x00, 0x00, 0x00, 0x00, 0x00, 0x00, 0x00, 0x00, 0x00, 0x00, 0x00, 0x00, 0x00
	.byte 0x00, 0x00, 0x00, 0x00, 0x00, 0x00, 0x00, 0x00, 0x00, 0x00, 0x00, 0x00, 0x00, 0x00, 0x00, 0x00
	.byte 0x00, 0x00, 0x00, 0x00, 0x00, 0x00, 0x00, 0x00, 0x00, 0x00, 0x00, 0x00, 0x00, 0x00, 0x00, 0x00
	.byte 0x00, 0x00, 0x00, 0x00, 0x00, 0x00, 0x00, 0x00, 0x00, 0x00, 0x00, 0x00, 0x00, 0x00, 0x00, 0x00
	.byte 0x00, 0x00, 0x00, 0x00, 0x00, 0x00, 0x00, 0x00, 0x00, 0x00, 0x00, 0x00, 0x00, 0x00, 0x00, 0x00
	.byte 0x00, 0x00, 0x00, 0x00, 0x00, 0x00, 0x00, 0x00, 0x00, 0x00, 0x00, 0x00, 0x00, 0x00, 0x00, 0x00
	.byte 0x00, 0x00, 0x00, 0x00, 0x00, 0x00, 0x00, 0x00, 0x00, 0x00, 0x00, 0x00, 0x00, 0x00, 0x00, 0x00
	.byte 0x00, 0x00, 0x00, 0x00, 0x00, 0x00, 0x00, 0x00, 0x00, 0x00, 0x00, 0x00, 0x00, 0x00, 0x00, 0x00
	.byte 0x00, 0x00, 0x00, 0x00, 0x00, 0x00, 0x00, 0x00, 0x00, 0x00, 0x00, 0x00, 0x00, 0x00, 0x00, 0x00
	.byte 0x00, 0x00, 0x00, 0x00, 0x00, 0x00, 0x00, 0x00, 0x00, 0x00, 0x00, 0x00, 0x00, 0x00, 0x00, 0x00
	.byte 0x00, 0x00, 0x00, 0x00, 0x00, 0x00, 0x00, 0x00, 0x00, 0x00, 0x00, 0x00, 0x00, 0x00, 0x00, 0x00
	.byte 0x00, 0x00, 0x00, 0x00, 0x00, 0x00, 0x00, 0x00, 0x00, 0x00, 0x00, 0x00, 0x00, 0x00, 0x00, 0x00
	.byte 0x00, 0x00, 0x00, 0x00, 0x00, 0x00, 0x00, 0x00, 0x00, 0x00, 0x00, 0x00, 0x00, 0x00, 0x00, 0x00
	.byte 0x00, 0x00, 0x00, 0x00, 0x00, 0x00, 0x00, 0x00, 0x00, 0x00, 0x00, 0x00, 0x00, 0x00, 0x00, 0x00
	.byte 0x00, 0x00, 0x00, 0x00, 0x00, 0x00, 0x00, 0x00, 0x00, 0x00, 0x00, 0x00, 0x00, 0x00, 0x00, 0x00
	.byte 0x00, 0x00, 0x00, 0x00, 0x00, 0x00, 0x00, 0x00, 0x00, 0x00, 0x00, 0x00, 0x00, 0x00, 0x00, 0x00
	.byte 0x00, 0x00, 0x00, 0x00, 0x00, 0x00, 0x00, 0x00, 0x00, 0x00, 0x00, 0x00, 0x00, 0x00, 0x00, 0x00
	.byte 0x00, 0x00, 0x00, 0x00, 0x00, 0x00, 0x00, 0x00, 0x00, 0x00, 0x00, 0x00, 0x00, 0x00, 0x00, 0x00
	.byte 0x00, 0x00, 0x00, 0x00, 0x00, 0x00, 0x00, 0x00, 0x00, 0x00, 0x00, 0x00, 0x00, 0x00, 0x00, 0x00
	.byte 0x00, 0x00, 0x00, 0x00, 0x00, 0x00, 0x00, 0x00, 0x00, 0x00, 0x00, 0x00, 0x00, 0x00, 0x00, 0x00
	.byte 0x00, 0x00, 0x00, 0x00, 0x00, 0x00, 0x00, 0x00, 0x00, 0x00, 0x00, 0x00, 0x00, 0x00, 0x00, 0x00
	.byte 0x00, 0x00, 0x00, 0x00, 0x00, 0x00, 0x00, 0x00, 0x00, 0x00, 0x00, 0x00, 0x00, 0x00, 0x00, 0x00
	.byte 0x00, 0x00, 0x00, 0x00, 0x00, 0x00, 0x00, 0x00, 0x00, 0x00, 0x00, 0x00, 0x00, 0x00, 0x00, 0x00
	.byte 0x00, 0x00, 0x00, 0x00, 0x00, 0x00, 0x00, 0x00, 0x00, 0x00, 0x00, 0x00, 0x00, 0x00, 0x00, 0x00
	.byte 0x00, 0x00, 0x00, 0x00, 0x00, 0x00, 0x00, 0x00, 0x00, 0x00, 0x00, 0x00, 0x00, 0x00, 0x00, 0x00
	.byte 0x00, 0x00, 0x00, 0x00, 0x00, 0x00, 0x00, 0x00, 0x00, 0x00, 0x00, 0x00, 0x00, 0x00, 0x00, 0x00
	.byte 0x00, 0x00, 0x00, 0x00, 0x00, 0x00, 0x00, 0x00, 0x00, 0x00, 0x00, 0x00, 0x00, 0x00, 0x00, 0x00
	.byte 0x00, 0x00, 0x00, 0x00, 0x00, 0x00, 0x00, 0x00, 0x00, 0x00, 0x00, 0x00, 0x00, 0x00, 0x00, 0x00
	.byte 0x00, 0x00, 0x00, 0x00, 0x00, 0x00, 0x00, 0x00, 0x00, 0x00, 0x00, 0x00, 0x00, 0x00, 0x00, 0x00
	.byte 0x00, 0x00, 0x00, 0x00, 0x00, 0x00, 0x00, 0x00, 0x00, 0x00, 0x00, 0x00, 0x00, 0x00, 0x00, 0x00
	.byte 0x00, 0x00, 0x00, 0x00, 0x00, 0x00, 0x00, 0x00, 0x00, 0x00, 0x00, 0x00, 0x00, 0x00, 0x00, 0x00
	.byte 0x00, 0x00, 0x00, 0x00, 0x00, 0x00, 0x00, 0x00, 0x00, 0x00, 0x00, 0x00, 0x00, 0x00, 0x00, 0x00
	.byte 0x00, 0x00, 0x00, 0x00, 0x00, 0x00, 0x00, 0x00, 0x00, 0x00, 0x00, 0x00, 0x00, 0x00, 0x00, 0x00
	.byte 0x00, 0x00, 0x00, 0x00, 0x00, 0x00, 0x00, 0x00, 0x00, 0x00, 0x00, 0x00, 0x00, 0x00, 0x00, 0x00
	.byte 0x00, 0x00, 0x00, 0x00, 0x00, 0x00, 0x00, 0x00, 0x00, 0x00, 0x00, 0x00, 0x00, 0x00, 0x00, 0x00
	.byte 0x00, 0x00, 0x00, 0x00, 0x00, 0x00, 0x00, 0x00, 0x00, 0x00, 0x00, 0x00, 0x00, 0x00, 0x00, 0x00
	.byte 0x00, 0x00, 0x00, 0x00, 0x00, 0x00, 0x00, 0x00, 0x00, 0x00, 0x00, 0x00, 0x00, 0x00, 0x00, 0x00
	.byte 0x00, 0x00, 0x00, 0x00, 0x00, 0x00, 0x00, 0x00, 0x00, 0x00, 0x00, 0x00, 0x00, 0x00, 0x00, 0x00
	.byte 0x00, 0x00, 0x00, 0x00, 0x00, 0x00, 0x00, 0x00, 0x00, 0x00, 0x00, 0x00, 0x00, 0x00, 0x00, 0x00
	.byte 0x00, 0x00, 0x00, 0x00, 0x00, 0x00, 0x00, 0x00, 0x00, 0x00, 0x00, 0x00, 0x00, 0x00, 0x00, 0x00
	.byte 0x00, 0x00, 0x00, 0x00, 0x00, 0x00, 0x00, 0x00, 0x00, 0x00, 0x00, 0x00, 0x00, 0x00, 0x00, 0x00
	.byte 0x00, 0x00, 0x00, 0x00, 0x00, 0x00, 0x00, 0x00, 0x00, 0x00, 0x00, 0x00, 0x00, 0x00, 0x00, 0x00
	.byte 0x00, 0x00, 0x00, 0x00, 0x00, 0x00, 0x00, 0x00, 0x00, 0x00, 0x00, 0x00, 0x00, 0x00, 0x00, 0x00
	.byte 0x00, 0x00, 0x00, 0x00, 0x00, 0x00, 0x00, 0x00, 0x00, 0x00, 0x00, 0x00, 0x00, 0x00, 0x00, 0x00
	.byte 0x00, 0x00, 0x00, 0x00, 0x00, 0x00, 0x00, 0x00, 0x00, 0x00, 0x00, 0x00, 0x00, 0x00, 0x00, 0x00
	.byte 0x00, 0x00, 0x00, 0x00, 0x00, 0x00, 0x00, 0x00, 0x00, 0x00, 0x00, 0x00, 0x00, 0x00, 0x00, 0x00
	.byte 0x00, 0x00, 0x00, 0x00, 0x00, 0x00, 0x00, 0x00, 0x00, 0x00, 0x00, 0x00, 0x00, 0x00, 0x00, 0x00
	.byte 0x00, 0x00, 0x00, 0x00, 0x00, 0x00, 0x00, 0x00, 0x00, 0x00, 0x00, 0x00, 0x00, 0x00, 0x00, 0x00
	.byte 0x00, 0x00, 0x00, 0x00, 0x00, 0x00, 0x00, 0x00, 0x00, 0x00, 0x00, 0x00, 0x00, 0x00, 0x00, 0x00
	.byte 0x00, 0x00, 0x00, 0x00, 0x00, 0x00, 0x00, 0x00, 0x00, 0x00, 0x00, 0x00, 0x00, 0x00, 0x00, 0x00
	.byte 0x00, 0x00, 0x00, 0x00, 0x00, 0x00, 0x00, 0x00, 0x00, 0x00, 0x00, 0x00, 0x00, 0x00, 0x00, 0x00
	.byte 0x00, 0x00, 0x00, 0x00, 0x00, 0x00, 0x00, 0x00, 0x00, 0x00, 0x00, 0x00, 0x00, 0x00, 0x00, 0x00
	.byte 0x00, 0x00, 0x00, 0x00, 0x00, 0x00, 0x00, 0x00, 0x00, 0x00, 0x00, 0x00, 0x00, 0x00, 0x00, 0x00
	.byte 0x00, 0x00, 0x00, 0x00, 0x00, 0x00, 0x00, 0x00, 0x00, 0x00, 0x00, 0x00, 0x00, 0x00, 0x00, 0x00
	.byte 0x00, 0x00, 0x00, 0x00, 0x00, 0x00, 0x00, 0x00, 0x00, 0x00, 0x00, 0x00, 0x00, 0x00, 0x00, 0x00
	.byte 0x00, 0x00, 0x00, 0x00, 0x00, 0x00, 0x00, 0x00, 0x00, 0x00, 0x00, 0x00, 0x00, 0x00, 0x00, 0x00
	.byte 0x00, 0x00, 0x00, 0x00, 0x00, 0x00, 0x00, 0x00, 0x00, 0x00, 0x00, 0x00, 0x00, 0x00, 0x00, 0x00
	.byte 0x00, 0x00, 0x00, 0x00, 0x00, 0x00, 0x00, 0x00, 0x00, 0x00, 0x00, 0x00, 0x00, 0x00, 0x00, 0x00
	.byte 0x00, 0x00, 0x00, 0x00, 0x00, 0x00, 0x00, 0x00, 0x00, 0x00, 0x00, 0x00, 0x00, 0x00, 0x00, 0x00
	.byte 0x00, 0x00, 0x00, 0x00, 0x00, 0x00, 0x00, 0x00, 0x00, 0x00, 0x00, 0x00, 0x00, 0x00, 0x00, 0x00
	.byte 0x00, 0x00, 0x00, 0x00, 0x00, 0x00, 0x00, 0x00, 0x00, 0x00, 0x00, 0x00, 0x00, 0x00, 0x00, 0x00
	.byte 0x00, 0x00, 0x00, 0x00, 0x00, 0x00, 0x00, 0x00, 0x00, 0x00, 0x00, 0x00, 0x00, 0x00, 0x00, 0x00
	.byte 0x00, 0x00, 0x00, 0x00, 0x00, 0x00, 0x00, 0x00, 0x00, 0x00, 0x00, 0x00, 0x00, 0x00, 0x00, 0x00
	.byte 0x00, 0x00, 0x00, 0x00, 0x00, 0x00, 0x00, 0x00, 0x00, 0x00, 0x00, 0x00, 0x00, 0x00, 0x00, 0x00
	.byte 0x00, 0x00, 0x00, 0x00, 0x00, 0x00, 0x00, 0x00, 0x00, 0x00, 0x00, 0x00, 0x00, 0x00, 0x00, 0x00
	.byte 0x00, 0x00, 0x00, 0x00, 0x00, 0x00, 0x00, 0x00, 0x00, 0x00, 0x00, 0x00, 0x00, 0x00, 0x00, 0x00
	.byte 0x00, 0x00, 0x00, 0x00, 0x00, 0x00, 0x00, 0x00, 0x00, 0x00, 0x00, 0x00, 0x00, 0x00, 0x00, 0x00
	.byte 0x00, 0x00, 0x00, 0x00, 0x00, 0x00, 0x00, 0x00, 0x00, 0x00, 0x00, 0x00, 0x00, 0x00, 0x00, 0x00
	.byte 0x00, 0x00, 0x00, 0x00, 0x00, 0x00, 0x00, 0x00, 0x00, 0x00, 0x00, 0x00, 0x00, 0x00, 0x00, 0x00
	.byte 0x00, 0x00, 0x00, 0x00, 0x00, 0x00, 0x00, 0x00, 0x00, 0x00, 0x00, 0x00, 0x00, 0x00, 0x00, 0x00
	.byte 0x00, 0x00, 0x00, 0x00, 0x00, 0x00, 0x00, 0x00, 0x00, 0x00, 0x00, 0x00, 0x00, 0x00, 0x00, 0x00
	.byte 0x00, 0x00, 0x00, 0x00, 0x00, 0x00, 0x00, 0x00, 0x00, 0x00, 0x00, 0x00, 0x00, 0x00, 0x00, 0x00
	.byte 0x00, 0x00, 0x00, 0x00, 0x00, 0x00, 0x00, 0x00, 0x00, 0x00, 0x00, 0x00, 0x00, 0x00, 0x00, 0x00
	.byte 0x00, 0x00, 0x00, 0x00, 0x00, 0x00, 0x00, 0x00, 0x00, 0x00, 0x00, 0x00, 0x00, 0x00, 0x00, 0x00
	.byte 0x00, 0x00, 0x00, 0x00, 0x00, 0x00, 0x00, 0x00, 0x00, 0x00, 0x00, 0x00, 0x00, 0x00, 0x00, 0x00
	.byte 0x00, 0x00, 0x00, 0x00, 0x00, 0x00, 0x00, 0x00, 0x00, 0x00, 0x00, 0x00, 0x00, 0x00, 0x00, 0x00
	.byte 0x00, 0x00, 0x00, 0x00, 0x00, 0x00, 0x00, 0x00, 0x00, 0x00, 0x00, 0x00, 0x00, 0x00, 0x00, 0x00
	.byte 0x00, 0x00, 0x00, 0x00, 0x00, 0x00, 0x00, 0x00, 0x00, 0x00, 0x00, 0x00, 0x00, 0x00, 0x00, 0x00
	.byte 0x00, 0x00, 0x00, 0x00, 0x00, 0x00, 0x00, 0x00, 0x00, 0x00, 0x00, 0x00, 0x00, 0x00, 0x00, 0x00
	.byte 0x00, 0x00, 0x00, 0x00, 0x00, 0x00, 0x00, 0x00, 0x00, 0x00, 0x00, 0x00, 0x00, 0x00, 0x00, 0x00
	.byte 0x00, 0x00, 0x00, 0x00, 0x00, 0x00, 0x00, 0x00, 0x00, 0x00, 0x00, 0x00, 0x00, 0x00, 0x00, 0x00
	.byte 0x00, 0x00, 0x00, 0x00, 0x00, 0x00, 0x00, 0x00, 0x00, 0x00, 0x00, 0x00, 0x00, 0x00, 0x00, 0x00
	.byte 0x00, 0x00, 0x00, 0x00, 0x00, 0x00, 0x00, 0x00, 0x00, 0x00, 0x00, 0x00, 0x00, 0x00, 0x00, 0x00
	.byte 0x00, 0x00, 0x00, 0x00, 0x00, 0x00, 0x00, 0x00, 0x00, 0x00, 0x00, 0x00, 0x00, 0x00, 0x00, 0x00
	.byte 0x00, 0x00, 0x00, 0x00, 0x00, 0x00, 0x00, 0x00, 0x00, 0x00, 0x00, 0x00, 0x00, 0x00, 0x00, 0x00
	.byte 0x00, 0x00, 0x00, 0x00, 0x00, 0x00, 0x00, 0x00, 0x00, 0x00, 0x00, 0x00, 0x00, 0x00, 0x00, 0x00
	.byte 0x00, 0x00, 0x00, 0x00, 0x00, 0x00, 0x00, 0x00, 0x00, 0x00, 0x00, 0x00, 0x00, 0x00, 0x00, 0x00
	.byte 0x00, 0x00, 0x00, 0x00, 0x00, 0x00, 0x00, 0x00, 0x00, 0x00, 0x00, 0x00, 0x00, 0x00, 0x00, 0x00
	.byte 0x00, 0x00, 0x00, 0x00, 0x00, 0x00, 0x00, 0x00, 0x00, 0x00, 0x00, 0x00, 0x00, 0x00, 0x00, 0x00
	.byte 0x00, 0x00, 0x00, 0x00, 0x00, 0x00, 0x00, 0x00, 0x00, 0x00, 0x00, 0x00, 0x00, 0x00, 0x00, 0x00
	.byte 0x00, 0x00, 0x00, 0x00, 0x00, 0x00, 0x00, 0x00, 0x00, 0x00, 0x00, 0x00, 0x00, 0x00, 0x00, 0x00
	.byte 0x00, 0x00, 0x00, 0x00, 0x00, 0x00, 0x00, 0x00, 0x00, 0x00, 0x00, 0x00, 0x00, 0x00, 0x00, 0x00
	.byte 0x00, 0x00, 0x00, 0x00, 0x00, 0x00, 0x00, 0x00, 0x00, 0x00, 0x00, 0x00, 0x00, 0x00, 0x00, 0x00
	.byte 0x00, 0x00, 0x00, 0x00, 0x00, 0x00, 0x00, 0x00, 0x00, 0x00, 0x00, 0x00, 0x00, 0x00, 0x00, 0x00
	.byte 0x00, 0x00, 0x00, 0x00, 0x00, 0x00, 0x00, 0x00, 0x00, 0x00, 0x00, 0x00, 0x00, 0x00, 0x00, 0x00
	.byte 0x00, 0x00, 0x00, 0x00, 0x00, 0x00, 0x00, 0x00, 0x00, 0x00, 0x00, 0x00, 0x00, 0x00, 0x00, 0x00
	.byte 0x00, 0x00, 0x00, 0x00, 0x00, 0x00, 0x00, 0x00, 0x00, 0x00, 0x00, 0x00, 0x00, 0x00, 0x00, 0x00
	.byte 0x00, 0x00, 0x00, 0x00, 0x00, 0x00, 0x00, 0x00, 0x00, 0x00, 0x00, 0x00, 0x00, 0x00, 0x00, 0x00
	.byte 0x00, 0x00, 0x00, 0x00, 0x00, 0x00, 0x00, 0x00, 0x00, 0x00, 0x00, 0x00, 0x00, 0x00, 0x00, 0x00
	.byte 0x00, 0x00, 0x00, 0x00, 0x00, 0x00, 0x00, 0x00, 0x00, 0x00, 0x00, 0x00, 0x00, 0x00, 0x00, 0x00
	.byte 0x00, 0x00, 0x00, 0x00, 0x00, 0x00, 0x00, 0x00, 0x00, 0x00, 0x00, 0x00, 0x00, 0x00, 0x00, 0x00
	.byte 0x00, 0x00, 0x00, 0x00, 0x00, 0x00, 0x00, 0x00, 0x00, 0x00, 0x00, 0x00, 0x00, 0x00, 0x00, 0x00
	.byte 0x00, 0x00, 0x00, 0x00, 0x00, 0x00, 0x00, 0x00, 0x00, 0x00, 0x00, 0x00, 0x00, 0x00, 0x00, 0x00
	.byte 0x00, 0x00, 0x00, 0x00, 0x00, 0x00, 0x00, 0x00, 0x00, 0x00, 0x00, 0x00, 0x00, 0x00, 0x00, 0x00
	.byte 0x00, 0x00, 0x00, 0x00, 0x00, 0x00, 0x00, 0x00, 0x00, 0x00, 0x00, 0x00, 0x00, 0x00, 0x00, 0x00
	.byte 0x00, 0x00, 0x00, 0x00, 0x00, 0x00, 0x00, 0x00, 0x00, 0x00, 0x00, 0x00, 0x00, 0x00, 0x00, 0x00
	.byte 0x00, 0x00, 0x00, 0x00, 0x00, 0x00, 0x00, 0x00, 0x00, 0x00, 0x00, 0x00, 0x00, 0x00, 0x00, 0x00
	.byte 0x00, 0x00, 0x00, 0x00, 0x00, 0x00, 0x00, 0x00, 0x00, 0x00, 0x00, 0x00, 0x00, 0x00, 0x00, 0x00
	.byte 0x00, 0x00, 0x00, 0x00, 0x00, 0x00, 0x00, 0x00, 0x00, 0x00, 0x00, 0x00, 0x00, 0x00, 0x00, 0x00
	.byte 0x00, 0x00, 0x00, 0x00, 0x00, 0x00, 0x00, 0x00, 0x00, 0x00, 0x00, 0x00, 0x00, 0x00, 0x00, 0x00
	.byte 0x00, 0x00, 0x00, 0x00, 0x00, 0x00, 0x00, 0x00, 0x00, 0x00, 0x00, 0x00, 0x00, 0x00, 0x00, 0x00
	.byte 0x00, 0x00, 0x00, 0x00, 0x00, 0x00, 0x00, 0x00, 0x00, 0x00, 0x00, 0x00, 0x00, 0x00, 0x00, 0x00
	.byte 0x00, 0x00, 0x00, 0x00, 0x00, 0x00, 0x00, 0x00, 0x00, 0x00, 0x00, 0x00, 0x00, 0x00, 0x00, 0x00
	.byte 0x00, 0x00, 0x00, 0x00, 0x00, 0x00, 0x00, 0x00, 0x00, 0x00, 0x00, 0x00, 0x00, 0x00, 0x00, 0x00
	.byte 0x00, 0x00, 0x00, 0x00, 0x00, 0x00, 0x00, 0x00, 0x00, 0x00, 0x00, 0x00, 0x00, 0x00, 0x00, 0x00
	.byte 0x00, 0x00, 0x00, 0x00, 0x00, 0x00, 0x00, 0x00, 0x00, 0x00, 0x00, 0x00, 0x00, 0x00, 0x00, 0x00
	.byte 0x00, 0x00, 0x00, 0x00, 0x00, 0x00, 0x00, 0x00, 0x00, 0x00, 0x00, 0x00, 0x00, 0x00, 0x00, 0x00
	.byte 0x00, 0x00, 0x00, 0x00, 0x00, 0x00, 0x00, 0x00, 0x00, 0x00, 0x00, 0x00, 0x00, 0x00, 0x00, 0x00
	.byte 0x00, 0x00, 0x00, 0x00, 0x00, 0x00, 0x00, 0x00, 0x00, 0x00, 0x00, 0x00, 0x00, 0x00, 0x00, 0x00
	.byte 0x00, 0x00, 0x00, 0x00, 0x00, 0x00, 0x00, 0x00, 0x00, 0x00, 0x00, 0x00, 0x00, 0x00, 0x00, 0x00
	.byte 0x00, 0x00, 0x00, 0x00, 0x00, 0x00, 0x00, 0x00, 0x00, 0x00, 0x00, 0x00, 0x00, 0x00, 0x00, 0x00
	.byte 0x00, 0x00, 0x00, 0x00, 0x00, 0x00, 0x00, 0x00, 0x00, 0x00, 0x00, 0x00, 0x00, 0x00, 0x00, 0x00
	.byte 0x00, 0x00, 0x00, 0x00, 0x00, 0x00, 0x00, 0x00, 0x00, 0x00, 0x00, 0x00, 0x00, 0x00, 0x00, 0x00
	.byte 0x00, 0x00, 0x00, 0x00, 0x00, 0x00, 0x00, 0x00, 0x00, 0x00, 0x00, 0x00, 0x00, 0x00, 0x00, 0x00
	.byte 0x00, 0x00, 0x00, 0x00, 0x00, 0x00, 0x00, 0x00, 0x00, 0x00, 0x00, 0x00, 0x00, 0x00, 0x00, 0x00
	.byte 0x00, 0x00, 0x00, 0x00, 0x00, 0x00, 0x00, 0x00, 0x00, 0x00, 0x00, 0x00, 0x00, 0x00, 0x00, 0x00
	.byte 0x00, 0x00, 0x00, 0x00, 0x00, 0x00, 0x00, 0x00, 0x00, 0x00, 0x00, 0x00, 0x00, 0x00, 0x00, 0x00
	.byte 0x00, 0x00, 0x00, 0x00, 0x00, 0x00, 0x00, 0x00, 0x00, 0x00, 0x00, 0x00, 0x00, 0x00, 0x00, 0x00
	.byte 0x00, 0x00, 0x00, 0x00, 0x00, 0x00, 0x00, 0x00, 0x00, 0x00, 0x00, 0x00, 0x00, 0x00, 0x00, 0x00
	.byte 0x00, 0x00, 0x00, 0x00, 0x00, 0x00, 0x00, 0x00, 0x00, 0x00, 0x00, 0x00, 0x00, 0x00, 0x00, 0x00
	.byte 0x00, 0x00, 0x00, 0x00, 0x00, 0x00, 0x00, 0x00, 0x00, 0x00, 0x00, 0x00, 0x00, 0x00, 0x00, 0x00
	.byte 0x00, 0x00, 0x00, 0x00, 0x00, 0x00, 0x00, 0x00, 0x00, 0x00, 0x00, 0x00, 0x00, 0x00, 0x00, 0x00
	.byte 0x00, 0x00, 0x00, 0x00, 0x00, 0x00, 0x00, 0x00, 0x00, 0x00, 0x00, 0x00, 0x00, 0x00, 0x00, 0x00
	.byte 0x00, 0x00, 0x00, 0x00, 0x00, 0x00, 0x00, 0x00, 0x00, 0x00, 0x00, 0x00, 0x00, 0x00, 0x00, 0x00
	.byte 0x00, 0x00, 0x00, 0x00, 0x00, 0x00, 0x00, 0x00, 0x00, 0x00, 0x00, 0x00, 0x00, 0x00, 0x00, 0x00
	.byte 0x00, 0x00, 0x00, 0x00, 0x00, 0x00, 0x00, 0x00, 0x00, 0x00, 0x00, 0x00, 0x00, 0x00, 0x00, 0x00
	.byte 0x00, 0x00, 0x00, 0x00, 0x00, 0x00, 0x00, 0x00, 0x00, 0x00, 0x00, 0x00, 0x00, 0x00, 0x00, 0x00
	.byte 0x00, 0x00, 0x00, 0x00, 0x00, 0x00, 0x00, 0x00, 0x00, 0x00, 0x00, 0x00, 0x00, 0x00, 0x00, 0x00
	.byte 0x00, 0x00, 0x00, 0x00, 0x00, 0x00, 0x00, 0x00, 0x00, 0x00, 0x00, 0x00, 0x00, 0x00, 0x00, 0x00
	.byte 0x00, 0x00, 0x00, 0x00, 0x00, 0x00, 0x00, 0x00, 0x00, 0x00, 0x00, 0x00, 0x00, 0x00, 0x00, 0x00
	.byte 0x00, 0x00, 0x00, 0x00, 0x00, 0x00, 0x00, 0x00, 0x00, 0x00, 0x00, 0x00, 0x00, 0x00, 0x00, 0x00
	.byte 0x00, 0x00, 0x00, 0x00, 0x00, 0x00, 0x00, 0x00, 0x00, 0x00, 0x00, 0x00, 0x00, 0x00, 0x00, 0x00
	.byte 0x00, 0x00, 0x00, 0x00, 0x00, 0x00, 0x00, 0x00, 0x00, 0x00, 0x00, 0x00, 0x00, 0x00, 0x00, 0x00
	.byte 0x00, 0x00, 0x00, 0x00, 0x00, 0x00, 0x00, 0x00, 0x00, 0x00, 0x00, 0x00, 0x00, 0x00, 0x00, 0x00
	.byte 0x00, 0x00, 0x00, 0x00, 0x00, 0x00, 0x00, 0x00, 0x00, 0x00, 0x00, 0x00, 0x00, 0x00, 0x00, 0x00
	.byte 0x00, 0x00, 0x00, 0x00, 0x00, 0x00, 0x00, 0x00, 0x00, 0x00, 0x00, 0x00, 0x00, 0x00, 0x00, 0x00
	.byte 0x00, 0x00, 0x00, 0x00, 0x00, 0x00, 0x00, 0x00, 0x00, 0x00, 0x00, 0x00, 0x00, 0x00, 0x00, 0x00
	.byte 0x00, 0x00, 0x00, 0x00, 0x00, 0x00, 0x00, 0x00, 0x00, 0x00, 0x00, 0x00, 0x00, 0x00, 0x00, 0x00
	.byte 0x00, 0x00, 0x00, 0x00, 0x00, 0x00, 0x00, 0x00, 0x00, 0x00, 0x00, 0x00, 0x00, 0x00, 0x00, 0x00
	.byte 0x00, 0x00, 0x00, 0x00, 0x00, 0x00, 0x00, 0x00, 0x00, 0x00, 0x00, 0x00, 0x00, 0x00, 0x00, 0x00
	.byte 0x00, 0x00, 0x00, 0x00, 0x00, 0x00, 0x00, 0x00, 0x00, 0x00, 0x00, 0x00, 0x00, 0x00, 0x00, 0x00
	.byte 0x00, 0x00, 0x00, 0x00, 0x00, 0x00, 0x00, 0x00, 0x00, 0x00, 0x00, 0x00, 0x00, 0x00, 0x00, 0x00
	.byte 0x00, 0x00, 0x00, 0x00, 0x00, 0x00, 0x00, 0x00, 0x00, 0x00, 0x00, 0x00, 0x00, 0x00, 0x00, 0x00
	.byte 0x00, 0x00, 0x00, 0x00, 0x00, 0x00, 0x00, 0x00, 0x00, 0x00, 0x00, 0x00, 0x00, 0x00, 0x00, 0x00
	.byte 0x00, 0x00, 0x00, 0x00, 0x00, 0x00, 0x00, 0x00, 0x00, 0x00, 0x00, 0x00, 0x00, 0x00, 0x00, 0x00
	.byte 0x00, 0x00, 0x00, 0x00, 0x00, 0x00, 0x00, 0x00, 0x00, 0x00, 0x00, 0x00, 0x00, 0x00, 0x00, 0x00
	.byte 0x00, 0x00, 0x00, 0x00, 0x00, 0x00, 0x00, 0x00, 0x00, 0x00, 0x00, 0x00, 0x00, 0x00, 0x00, 0x00
	.byte 0x00, 0x00, 0x00, 0x00, 0x00, 0x00, 0x00, 0x00, 0x00, 0x00, 0x00, 0x00, 0x00, 0x00, 0x00, 0x00
	.byte 0x00, 0x00, 0x00, 0x00, 0x00, 0x00, 0x00, 0x00, 0x00, 0x00, 0x00, 0x00, 0x00, 0x00, 0x00, 0x00
	.byte 0x00, 0x00, 0x00, 0x00, 0x00, 0x00, 0x00, 0x00, 0x00, 0x00, 0x00, 0x00, 0x00, 0x00, 0x00, 0x00
	.byte 0x00, 0x00, 0x00, 0x00, 0x00, 0x00, 0x00, 0x00, 0x00, 0x00, 0x00, 0x00, 0x00, 0x00, 0x00, 0x00
	.byte 0x00, 0x00, 0x00, 0x00, 0x00, 0x00, 0x00, 0x00, 0x00, 0x00, 0x00, 0x00, 0x00, 0x00, 0x00, 0x00
	.byte 0x00, 0x00, 0x00, 0x00, 0x00, 0x00, 0x00, 0x00, 0x00, 0x00, 0x00, 0x00, 0x00, 0x00, 0x00, 0x00
	.byte 0x00, 0x00, 0x00, 0x00, 0x00, 0x00, 0x00, 0x00, 0x00, 0x00, 0x00, 0x00, 0x00, 0x00, 0x00, 0x00
	.byte 0x00, 0x00, 0x00, 0x00, 0x00, 0x00, 0x00, 0x00, 0x00, 0x00, 0x00, 0x00, 0x00, 0x00, 0x00, 0x00
	.byte 0x00, 0x00, 0x00, 0x00, 0x00, 0x00, 0x00, 0x00, 0x00, 0x00, 0x00, 0x00, 0x00, 0x00, 0x00, 0x00
	.byte 0x00, 0x00, 0x00, 0x00, 0x00, 0x00, 0x00, 0x00, 0x00, 0x00, 0x00, 0x00, 0x00, 0x00, 0x00, 0x00
	.byte 0x00, 0x00, 0x00, 0x00, 0x00, 0x00, 0x00, 0x00, 0x00, 0x00, 0x00, 0x00, 0x00, 0x00, 0x00, 0x00
	.byte 0x00, 0x00, 0x00, 0x00, 0x00, 0x00, 0x00, 0x00, 0x00, 0x00, 0x00, 0x00, 0x00, 0x00, 0x00, 0x00
	.byte 0x00, 0x00, 0x00, 0x00, 0x00, 0x00, 0x00, 0x00, 0x00, 0x00, 0x00, 0x00, 0x00, 0x00, 0x00, 0x00
	.byte 0x00, 0x00, 0x00, 0x00, 0x00, 0x00, 0x00, 0x00, 0x00, 0x00, 0x00, 0x00, 0x00, 0x00, 0x00, 0x00
	.byte 0x00, 0x00, 0x00, 0x00, 0x00, 0x00, 0x00, 0x00, 0x00, 0x00, 0x00, 0x00, 0x00, 0x00, 0x00, 0x00
	.byte 0x00, 0x00, 0x00, 0x00, 0x00, 0x00, 0x00, 0x00, 0x00, 0x00, 0x00, 0x00, 0x00, 0x00, 0x00, 0x00
	.byte 0x00, 0x00, 0x00, 0x00, 0x00, 0x00, 0x00, 0x00, 0x00, 0x00, 0x00, 0x00, 0x00, 0x00, 0x00, 0x00
	.byte 0x00, 0x00, 0x00, 0x00, 0x00, 0x00, 0x00, 0x00, 0x00, 0x00, 0x00, 0x00, 0x00, 0x00, 0x00, 0x00
	.byte 0x00, 0x00, 0x00, 0x00, 0x00, 0x00, 0x00, 0x00, 0x00, 0x00, 0x00, 0x00, 0x00, 0x00, 0x00, 0x00
	.byte 0x00, 0x00, 0x00, 0x00, 0x00, 0x00, 0x00, 0x00, 0x00, 0x00, 0x00, 0x00, 0x00, 0x00, 0x00, 0x00
	.byte 0x00, 0x00, 0x00, 0x00, 0x00, 0x00, 0x00, 0x00, 0x00, 0x00, 0x00, 0x00, 0x00, 0x00, 0x00, 0x00
	.byte 0x00, 0x00, 0x00, 0x00, 0x00, 0x00, 0x00, 0x00, 0x00, 0x00, 0x00, 0x00, 0x00, 0x00, 0x00, 0x00
	.byte 0x00, 0x00, 0x00, 0x00, 0x00, 0x00, 0x00, 0x00, 0x00, 0x00, 0x00, 0x00, 0x00, 0x00, 0x00, 0x00
	.byte 0x00, 0x00, 0x00, 0x00, 0x00, 0x00, 0x00, 0x00, 0x00, 0x00, 0x00, 0x00, 0x00, 0x00, 0x00, 0x00
	.byte 0x00, 0x00, 0x00, 0x00, 0x00, 0x00, 0x00, 0x00, 0x00, 0x00, 0x00, 0x00, 0x00, 0x00, 0x00, 0x00
	.byte 0x00, 0x00, 0x00, 0x00, 0x00, 0x00, 0x00, 0x00, 0x00, 0x00, 0x00, 0x00, 0x00, 0x00, 0x00, 0x00
	.byte 0x00, 0x00, 0x00, 0x00, 0x00, 0x00, 0x00, 0x00, 0x00, 0x00, 0x00, 0x00, 0x00, 0x00, 0x00, 0x00
	.byte 0x00, 0x00, 0x00, 0x00, 0x00, 0x00, 0x00, 0x00, 0x00, 0x00, 0x00, 0x00, 0x00, 0x00, 0x00, 0x00
	.byte 0x00, 0x00, 0x00, 0x00, 0x00, 0x00, 0x00, 0x00, 0x00, 0x00, 0x00, 0x00, 0x00, 0x00, 0x00, 0x00
	.byte 0x00, 0x00, 0x00, 0x00, 0x00, 0x00, 0x00, 0x00, 0x00, 0x00, 0x00, 0x00, 0x00, 0x00, 0x00, 0x00
	.byte 0x00, 0x00, 0x00, 0x00, 0x00, 0x00, 0x00, 0x00, 0x00, 0x00, 0x00, 0x00, 0x00, 0x00, 0x00, 0x00
	.byte 0x00, 0x00, 0x00, 0x00, 0x00, 0x00, 0x00, 0x00, 0x00, 0x00, 0x00, 0x00, 0x00, 0x00, 0x00, 0x00
	.byte 0x00, 0x00, 0x00, 0x00, 0x00, 0x00, 0x00, 0x00, 0x00, 0x00, 0x00, 0x00, 0x00, 0x00, 0x00, 0x00
	.byte 0x00, 0x00, 0x00, 0x00, 0x00, 0x00, 0x00, 0x00, 0x00, 0x00, 0x00, 0x00, 0x00, 0x00, 0x00, 0x00
	.byte 0x00, 0x00, 0x00, 0x00, 0x00, 0x00, 0x00, 0x00, 0x00, 0x00, 0x00, 0x00, 0x00, 0x00, 0x00, 0x00
	.byte 0x00, 0x00, 0x00, 0x00, 0x00, 0x00, 0x00, 0x00, 0x00, 0x00, 0x00, 0x00, 0x00, 0x00, 0x00, 0x00
	.byte 0x00, 0x00, 0x00, 0x00, 0x00, 0x00, 0x00, 0x00, 0x00, 0x00, 0x00, 0x00, 0x00, 0x00, 0x00, 0x00
	.byte 0x00, 0x00, 0x00, 0x00, 0x00, 0x00, 0x00, 0x00, 0x00, 0x00, 0x00, 0x00, 0x00, 0x00, 0x00, 0x00
	.byte 0x00, 0x00, 0x00, 0x00, 0x00, 0x00, 0x00, 0x00, 0x00, 0x00, 0x00, 0x00, 0x00, 0x00, 0x00, 0x00
	.byte 0x00, 0x00, 0x00, 0x00, 0x00, 0x00, 0x00, 0x00, 0x00, 0x00, 0x00, 0x00, 0x00, 0x00, 0x00, 0x00
	.byte 0x00, 0x00, 0x00, 0x00, 0x00, 0x00, 0x00, 0x00, 0x00, 0x00, 0x00, 0x00, 0x00, 0x00, 0x00, 0x00
	.byte 0x00, 0x00, 0x00, 0x00, 0x00, 0x00, 0x00, 0x00, 0x00, 0x00, 0x00, 0x00, 0x00, 0x00, 0x00, 0x00
	.byte 0x00, 0x00, 0x00, 0x00, 0x00, 0x00, 0x00, 0x00, 0x00, 0x00, 0x00, 0x00, 0x00, 0x00, 0x00, 0x00
	.byte 0x00, 0x00, 0x00, 0x00, 0x00, 0x00, 0x00, 0x00, 0x00, 0x00, 0x00, 0x00, 0x00, 0x00, 0x00, 0x00
	.byte 0x00, 0x00, 0x00, 0x00, 0x00, 0x00, 0x00, 0x00, 0x00, 0x00, 0x00, 0x00, 0x00, 0x00, 0x00, 0x00
	.byte 0x00, 0x00, 0x00, 0x00, 0x00, 0x00, 0x00, 0x00, 0x00, 0x00, 0x00, 0x00, 0x00, 0x00, 0x00, 0x00
	.byte 0x00, 0x00, 0x00, 0x00, 0x00, 0x00, 0x00, 0x00, 0x00, 0x00, 0x00, 0x00, 0x00, 0x00, 0x00, 0x00
	.byte 0x00, 0x00, 0x00, 0x00, 0x00, 0x00, 0x00, 0x00, 0x00, 0x00, 0x00, 0x00, 0x00, 0x00, 0x00, 0x00
	.byte 0x00, 0x00, 0x00, 0x00, 0x00, 0x00, 0x00, 0x00, 0x00, 0x00, 0x00, 0x00, 0x00, 0x00, 0x00, 0x00
	.byte 0x00, 0x00, 0x00, 0x00, 0x00, 0x00, 0x00, 0x00, 0x00, 0x00, 0x00, 0x00, 0x00, 0x00, 0x00, 0x00
	.byte 0x00, 0x00, 0x00, 0x00, 0x00, 0x00, 0x00, 0x00, 0x00, 0x00, 0x00, 0x00, 0x00, 0x00, 0x00, 0x00
	.byte 0x00, 0x00, 0x00, 0x00, 0x00, 0x00, 0x00, 0x00, 0x00, 0x00, 0x00, 0x00, 0x00, 0x00, 0x00, 0x00
	.byte 0x00, 0x00, 0x00, 0x00, 0x00, 0x00, 0x00, 0x00, 0x00, 0x00, 0x00, 0x00, 0x00, 0x00, 0x00, 0x00
	.byte 0x00, 0x00, 0x00, 0x00, 0x00, 0x00, 0x00, 0x00, 0x00, 0x00, 0x00, 0x00, 0x00, 0x00, 0x00, 0x00
	.byte 0x00, 0x00, 0x00, 0x00, 0x00, 0x00, 0x00, 0x00, 0x00, 0x00, 0x00, 0x00, 0x00, 0x00, 0x00, 0x00
	.byte 0x00, 0x00, 0x00, 0x00, 0x00, 0x00, 0x00, 0x00, 0x00, 0x00, 0x00, 0x00, 0x00, 0x00, 0x00, 0x00
	.byte 0x00, 0x00, 0x00, 0x00, 0x00, 0x00, 0x00, 0x00, 0x00, 0x00, 0x00, 0x00, 0x00, 0x00, 0x00, 0x00
	.byte 0x00, 0x00, 0x00, 0x00, 0x00, 0x00, 0x00, 0x00, 0x00, 0x00, 0x00, 0x00, 0x00, 0x00, 0x00, 0x00
	.byte 0x00, 0x00, 0x00, 0x00, 0x00, 0x00, 0x00, 0x00, 0x00, 0x00, 0x00, 0x00, 0x00, 0x00, 0x00, 0x00
	.byte 0x00, 0x00, 0x00, 0x00, 0x00, 0x00, 0x00, 0x00, 0x00, 0x00, 0x00, 0x00, 0x00, 0x00, 0x00, 0x00
	.byte 0x00, 0x00, 0x00, 0x00, 0x00, 0x00, 0x00, 0x00, 0x00, 0x00, 0x00, 0x00, 0x00, 0x00, 0x00, 0x00
	.byte 0x00, 0x00, 0x00, 0x00, 0x00, 0x00, 0x00, 0x00, 0x00, 0x00, 0x00, 0x00, 0x00, 0x00, 0x00, 0x00
	.byte 0x00, 0x00, 0x00, 0x00, 0x00, 0x00, 0x00, 0x00, 0x00, 0x00, 0x00, 0x00, 0x00, 0x00, 0x00, 0x00
	.byte 0x00, 0x00, 0x00, 0x00, 0x00, 0x00, 0x00, 0x00, 0x00, 0x00, 0x00, 0x00, 0x00, 0x00, 0x00, 0x00
	.byte 0x00, 0x00, 0x00, 0x00, 0x00, 0x00, 0x00, 0x00, 0x00, 0x00, 0x00, 0x00, 0x00, 0x00, 0x00, 0x00
	.byte 0x00, 0x00, 0x00, 0x00, 0x00, 0x00, 0x00, 0x00, 0x00, 0x00, 0x00, 0x00, 0x00, 0x00, 0x00, 0x00
	.byte 0x00, 0x00, 0x00, 0x00, 0x00, 0x00, 0x00, 0x00, 0x00, 0x00, 0x00, 0x00, 0x00, 0x00, 0x00, 0x00
	.byte 0x00, 0x00, 0x00, 0x00, 0x00, 0x00, 0x00, 0x00, 0x00, 0x00, 0x00, 0x00, 0x00, 0x00, 0x00, 0x00
	.byte 0x00, 0x00, 0x00, 0x00, 0x00, 0x00, 0x00, 0x00, 0x00, 0x00, 0x00, 0x00, 0x00, 0x00, 0x00, 0x00
	.byte 0x00, 0x00, 0x00, 0x00, 0x00, 0x00, 0x00, 0x00, 0x00, 0x00, 0x00, 0x00, 0x00, 0x00, 0x00, 0x00
	.byte 0x00, 0x00, 0x00, 0x00, 0x00, 0x00, 0x00, 0x00, 0x00, 0x00, 0x00, 0x00, 0x00, 0x00, 0x00, 0x00
	.byte 0x00, 0x00, 0x00, 0x00, 0x00, 0x00, 0x00, 0x00, 0x00, 0x00, 0x00, 0x00, 0x00, 0x00, 0x00, 0x00
	.byte 0x00, 0x00, 0x00, 0x00, 0x00, 0x00, 0x00, 0x00, 0x00, 0x00, 0x00, 0x00, 0x00, 0x00, 0x00, 0x00
	.byte 0x00, 0x00, 0x00, 0x00, 0x00, 0x00, 0x00, 0x00, 0x00, 0x00, 0x00, 0x00, 0x00, 0x00, 0x00, 0x00
	.byte 0x00, 0x00, 0x00, 0x00, 0x00, 0x00, 0x00, 0x00, 0x00, 0x00, 0x00, 0x00, 0x00, 0x00, 0x00, 0x00
	.byte 0x00, 0x00, 0x00, 0x00, 0x00, 0x00, 0x00, 0x00, 0x00, 0x00, 0x00, 0x00, 0x00, 0x00, 0x00, 0x00
	.byte 0x00, 0x00, 0x00, 0x00, 0x00, 0x00, 0x00, 0x00, 0x00, 0x00, 0x00, 0x00, 0x00, 0x00, 0x00, 0x00
	.byte 0x00, 0x00, 0x00, 0x00, 0x00, 0x00, 0x00, 0x00, 0x00, 0x00, 0x00, 0x00, 0x00, 0x00, 0x00, 0x00
	.byte 0x00, 0x00, 0x00, 0x00, 0x00, 0x00, 0x00, 0x00, 0x00, 0x00, 0x00, 0x00, 0x00, 0x00, 0x00, 0x00
	.byte 0x00, 0x00, 0x00, 0x00, 0x00, 0x00, 0x00, 0x00, 0x00, 0x00, 0x00, 0x00, 0x00, 0x00, 0x00, 0x00
	.byte 0x00, 0x00, 0x00, 0x00, 0x00, 0x00, 0x00, 0x00, 0x00, 0x00, 0x00, 0x00, 0x00, 0x00, 0x00, 0x00
	.byte 0x00, 0x00, 0x00, 0x00, 0x00, 0x00, 0x00, 0x00, 0x00, 0x00, 0x00, 0x00, 0x00, 0x00, 0x00, 0x00
	.byte 0x00, 0x00, 0x00, 0x00, 0x00, 0x00, 0x00, 0x00, 0x00, 0x00, 0x00, 0x00, 0x00, 0x00, 0x00, 0x00
	.byte 0x00, 0x00, 0x00, 0x00, 0x00, 0x00, 0x00, 0x00, 0x00, 0x00, 0x00, 0x00, 0x00, 0x00, 0x00, 0x00
	.byte 0x00, 0x00, 0x00, 0x00, 0x00, 0x00, 0x00, 0x00, 0x00, 0x00, 0x00, 0x00, 0x00, 0x00, 0x00, 0x00
	.byte 0x00, 0x00, 0x00, 0x00, 0x00, 0x00, 0x00, 0x00, 0x00, 0x00, 0x00, 0x00, 0x00, 0x00, 0x00, 0x00
	.byte 0x00, 0x00, 0x00, 0x00, 0x00, 0x00, 0x00, 0x00, 0x00, 0x00, 0x00, 0x00, 0x00, 0x00, 0x00, 0x00
	.byte 0x00, 0x00, 0x00, 0x00, 0x00, 0x00, 0x00, 0x00, 0x00, 0x00, 0x00, 0x00, 0x00, 0x00, 0x00, 0x00
	.byte 0x00, 0x00, 0x00, 0x00, 0x00, 0x00, 0x00, 0x00, 0x00, 0x00, 0x00, 0x00, 0x00, 0x00, 0x00, 0x00
	.byte 0x00, 0x00, 0x00, 0x00, 0x00, 0x00, 0x00, 0x00, 0x00, 0x00, 0x00, 0x00, 0x00, 0x00, 0x00, 0x00
	.byte 0x00, 0x00, 0x00, 0x00, 0x00, 0x00, 0x00, 0x00, 0x00, 0x00, 0x00, 0x00, 0x00, 0x00, 0x00, 0x00
	.byte 0x00, 0x00, 0x00, 0x00, 0x00, 0x00, 0x00, 0x00, 0x00, 0x00, 0x00, 0x00, 0x00, 0x00, 0x00, 0x00
	.byte 0x00, 0x00, 0x00, 0x00, 0x00, 0x00, 0x00, 0x00, 0x00, 0x00, 0x00, 0x00, 0x00, 0x00, 0x00, 0x00
	.byte 0x00, 0x00, 0x00, 0x00, 0x00, 0x00, 0x00, 0x00, 0x00, 0x00, 0x00, 0x00, 0x00, 0x00, 0x00, 0x00
	.byte 0x00, 0x00, 0x00, 0x00, 0x00, 0x00, 0x00, 0x00, 0x00, 0x00, 0x00, 0x00, 0x00, 0x00, 0x00, 0x00
	.byte 0x00, 0x00, 0x00, 0x00, 0x00, 0x00, 0x00, 0x00, 0x00, 0x00, 0x00, 0x00, 0x00, 0x00, 0x00, 0x00
	.byte 0x00, 0x00, 0x00, 0x00, 0x00, 0x00, 0x00, 0x00, 0x00, 0x00, 0x00, 0x00, 0x00, 0x00, 0x00, 0x00
	.byte 0x00, 0x00, 0x00, 0x00, 0x00, 0x00, 0x00, 0x00, 0x00, 0x00, 0x00, 0x00, 0x00, 0x00, 0x00, 0x00
	.byte 0x00, 0x00, 0x00, 0x00, 0x00, 0x00, 0x00, 0x00, 0x00, 0x00, 0x00, 0x00, 0x00, 0x00, 0x00, 0x00
	.byte 0x00, 0x00, 0x00, 0x00, 0x00, 0x00, 0x00, 0x00, 0x00, 0x00, 0x00, 0x00, 0x00, 0x00, 0x00, 0x00
	.byte 0x00, 0x00, 0x00, 0x00, 0x00, 0x00, 0x00, 0x00, 0x00, 0x00, 0x00, 0x00, 0x00, 0x00, 0x00, 0x00
	.byte 0x00, 0x00, 0x00, 0x00, 0x00, 0x00, 0x00, 0x00, 0x00, 0x00, 0x00, 0x00, 0x00, 0x00, 0x00, 0x00
	.byte 0x00, 0x00, 0x00, 0x00, 0x00, 0x00, 0x00, 0x00, 0x00, 0x00, 0x00, 0x00, 0x00, 0x00, 0x00, 0x00
	.byte 0x00, 0x00, 0x00, 0x00, 0x00, 0x00, 0x00, 0x00, 0x00, 0x00, 0x00, 0x00, 0x00, 0x00, 0x00, 0x00
	.byte 0x00, 0x00, 0x00, 0x00, 0x00, 0x00, 0x00, 0x00, 0x00, 0x00, 0x00, 0x00, 0x00, 0x00, 0x00, 0x00
	.byte 0x00, 0x00, 0x00, 0x00, 0x00, 0x00, 0x00, 0x00, 0x00, 0x00, 0x00, 0x00, 0x00, 0x00, 0x00, 0x00
	.byte 0x00, 0x00, 0x00, 0x00, 0x00, 0x00, 0x00, 0x00, 0x00, 0x00, 0x00, 0x00, 0x00, 0x00, 0x00, 0x00
	.byte 0x00, 0x00, 0x00, 0x00, 0x00, 0x00, 0x00, 0x00, 0x00, 0x00, 0x00, 0x00, 0x00, 0x00, 0x00, 0x00
	.byte 0x00, 0x00, 0x00, 0x00, 0x00, 0x00, 0x00, 0x00, 0x00, 0x00, 0x00, 0x00, 0x00, 0x00, 0x00, 0x00
	.byte 0x00, 0x00, 0x00, 0x00, 0x00, 0x00, 0x00, 0x00, 0x00, 0x00, 0x00, 0x00, 0x00, 0x00, 0x00, 0x00
	.byte 0x00, 0x00, 0x00, 0x00, 0x00, 0x00, 0x00, 0x00, 0x00, 0x00, 0x00, 0x00, 0x00, 0x00, 0x00, 0x00
	.byte 0x00, 0x00, 0x00, 0x00, 0x00, 0x00, 0x00, 0x00, 0x00, 0x00, 0x00, 0x00, 0x00, 0x00, 0x00, 0x00
	.byte 0x00, 0x00, 0x00, 0x00, 0x00, 0x00, 0x00, 0x00, 0x00, 0x00, 0x00, 0x00, 0x00, 0x00, 0x00, 0x00
	.byte 0x00, 0x00, 0x00, 0x00, 0x00, 0x00, 0x00, 0x00, 0x00, 0x00, 0x00, 0x00, 0x00, 0x00, 0x00, 0x00
	.byte 0x00, 0x00, 0x00, 0x00, 0x00, 0x00, 0x00, 0x00, 0x00, 0x00, 0x00, 0x00, 0x00, 0x00, 0x00, 0x00
	.byte 0x00, 0x00, 0x00, 0x00, 0x00, 0x00, 0x00, 0x00, 0x00, 0x00, 0x00, 0x00, 0x00, 0x00, 0x00, 0x00
	.byte 0x00, 0x00, 0x00, 0x00, 0x00, 0x00, 0x00, 0x00, 0x00, 0x00, 0x00, 0x00, 0x00, 0x00, 0x00, 0x00
	.byte 0x00, 0x00, 0x00, 0x00, 0x00, 0x00, 0x00, 0x00, 0x00, 0x00, 0x00, 0x00, 0x00, 0x00, 0x00, 0x00
	.byte 0x00, 0x00, 0x00, 0x00, 0x00, 0x00, 0x00, 0x00, 0x00, 0x00, 0x00, 0x00, 0x00, 0x00, 0x00, 0x00
	.byte 0x00, 0x00, 0x00, 0x00, 0x00, 0x00, 0x00, 0x00, 0x00, 0x00, 0x00, 0x00, 0x00, 0x00, 0x00, 0x00
	.byte 0x00, 0x00, 0x00, 0x00, 0x00, 0x00, 0x00, 0x00, 0x00, 0x00, 0x00, 0x00, 0x00, 0x00, 0x00, 0x00
	.byte 0x00, 0x00, 0x00, 0x00, 0x00, 0x00, 0x00, 0x00, 0x00, 0x00, 0x00, 0x00, 0x00, 0x00, 0x00, 0x00
	.byte 0x00, 0x00, 0x00, 0x00, 0x00, 0x00, 0x00, 0x00, 0x00, 0x00, 0x00, 0x00, 0x00, 0x00, 0x00, 0x00
	.byte 0x00, 0x00, 0x00, 0x00, 0x00, 0x00, 0x00, 0x00, 0x00, 0x00, 0x00, 0x00, 0x00, 0x00, 0x00, 0x00
	.byte 0x00, 0x00, 0x00, 0x00, 0x00, 0x00, 0x00, 0x00, 0x00, 0x00, 0x00, 0x00, 0x00, 0x00, 0x00, 0x00
	.byte 0x00, 0x00, 0x00, 0x00, 0x00, 0x00, 0x00, 0x00, 0x00, 0x00, 0x00, 0x00, 0x00, 0x00, 0x00, 0x00
	.byte 0x00, 0x00, 0x00, 0x00, 0x00, 0x00, 0x00, 0x00, 0x00, 0x00, 0x00, 0x00, 0x00, 0x00, 0x00, 0x00
	.byte 0x00, 0x00, 0x00, 0x00, 0x00, 0x00, 0x00, 0x00, 0x00, 0x00, 0x00, 0x00, 0x00, 0x00, 0x00, 0x00
	.byte 0x00, 0x00, 0x00, 0x00, 0x00, 0x00, 0x00, 0x00, 0x00, 0x00, 0x00, 0x00, 0x00, 0x00, 0x00, 0x00
	.byte 0x00, 0x00, 0x00, 0x00, 0x00, 0x00, 0x00, 0x00, 0x00, 0x00, 0x00, 0x00, 0x00, 0x00, 0x00, 0x00
	.byte 0x00, 0x00, 0x00, 0x00, 0x00, 0x00, 0x00, 0x00, 0x00, 0x00, 0x00, 0x00, 0x00, 0x00, 0x00, 0x00
	.byte 0x00, 0x00, 0x00, 0x00, 0x00, 0x00, 0x00, 0x00, 0x00, 0x00, 0x00, 0x00, 0x00, 0x00, 0x00, 0x00
	.byte 0x00, 0x00, 0x00, 0x00, 0x00, 0x00, 0x00, 0x00, 0x00, 0x00, 0x00, 0x00, 0x00, 0x00, 0x00, 0x00
	.byte 0x00, 0x00, 0x00, 0x00, 0x00, 0x00, 0x00, 0x00, 0x00, 0x00, 0x00, 0x00, 0x00, 0x00, 0x00, 0x00
	.byte 0x00, 0x00, 0x00, 0x00, 0x00, 0x00, 0x00, 0x00, 0x00, 0x00, 0x00, 0x00, 0x00, 0x00, 0x00, 0x00
	.byte 0x00, 0x00, 0x00, 0x00, 0x00, 0x00, 0x00, 0x00, 0x00, 0x00, 0x00, 0x00, 0x00, 0x00, 0x00, 0x00
	.byte 0x00, 0x00, 0x00, 0x00, 0x00, 0x00, 0x00, 0x00, 0x00, 0x00, 0x00, 0x00, 0x00, 0x00, 0x00, 0x00
	.byte 0x00, 0x00, 0x00, 0x00, 0x00, 0x00, 0x00, 0x00, 0x00, 0x00, 0x00, 0x00, 0x00, 0x00, 0x00, 0x00
	.byte 0x00, 0x00, 0x00, 0x00, 0x00, 0x00, 0x00, 0x00, 0x00, 0x00, 0x00, 0x00, 0x00, 0x00, 0x00, 0x00
	.byte 0x00, 0x00, 0x00, 0x00, 0x00, 0x00, 0x00, 0x00, 0x00, 0x00, 0x00, 0x00, 0x00, 0x00, 0x00, 0x00
	.byte 0x00, 0x00, 0x00, 0x00, 0x00, 0x00, 0x00, 0x00, 0x00, 0x00, 0x00, 0x00, 0x00, 0x00, 0x00, 0x00
	.byte 0x00, 0x00, 0x00, 0x00, 0x00, 0x00, 0x00, 0x00, 0x00, 0x00, 0x00, 0x00, 0x00, 0x00, 0x00, 0x00
	.byte 0x00, 0x00, 0x00, 0x00, 0x00, 0x00, 0x00, 0x00, 0x00, 0x00, 0x00, 0x00, 0x00, 0x00, 0x00, 0x00
	.byte 0x00, 0x00, 0x00, 0x00, 0x00, 0x00, 0x00, 0x00, 0x00, 0x00, 0x00, 0x00, 0x00, 0x00, 0x00, 0x00
	.byte 0x00, 0x00, 0x00, 0x00, 0x00, 0x00, 0x00, 0x00, 0x00, 0x00, 0x00, 0x00, 0x00, 0x00, 0x00, 0x00
	.byte 0x00, 0x00, 0x00, 0x00, 0x00, 0x00, 0x00, 0x00, 0x00, 0x00, 0x00, 0x00, 0x00, 0x00, 0x00, 0x00
	.byte 0x00, 0x00, 0x00, 0x00, 0x00, 0x00, 0x00, 0x00, 0x00, 0x00, 0x00, 0x00, 0x00, 0x00, 0x00, 0x00
	.byte 0x00, 0x00, 0x00, 0x00, 0x00, 0x00, 0x00, 0x00, 0x00, 0x00, 0x00, 0x00, 0x00, 0x00, 0x00, 0x00
	.byte 0x00, 0x00, 0x00, 0x00, 0x00, 0x00, 0x00, 0x00, 0x00, 0x00, 0x00, 0x00, 0x00, 0x00, 0x00, 0x00
	.byte 0x00, 0x00, 0x00, 0x00, 0x00, 0x00, 0x00, 0x00, 0x00, 0x00, 0x00, 0x00, 0x00, 0x00, 0x00, 0x00
	.byte 0x00, 0x00, 0x00, 0x00, 0x00, 0x00, 0x00, 0x00, 0x00, 0x00, 0x00, 0x00, 0x00, 0x00, 0x00, 0x00
	.byte 0x00, 0x00, 0x00, 0x00, 0x00, 0x00, 0x00, 0x00, 0x00, 0x00, 0x00, 0x00, 0x00, 0x00, 0x00, 0x00
	.byte 0x00, 0x00, 0x00, 0x00, 0x00, 0x00, 0x00, 0x00, 0x00, 0x00, 0x00, 0x00, 0x00, 0x00, 0x00, 0x00
	.byte 0x00, 0x00, 0x00, 0x00, 0x00, 0x00, 0x00, 0x00, 0x00, 0x00, 0x00, 0x00, 0x00, 0x00, 0x00, 0x00
	.byte 0x00, 0x00, 0x00, 0x00, 0x00, 0x00, 0x00, 0x00, 0x00, 0x00, 0x00, 0x00, 0x00, 0x00, 0x00, 0x00
	.byte 0x00, 0x00, 0x00, 0x00, 0x00, 0x00, 0x00, 0x00, 0x00, 0x00, 0x00, 0x00, 0x00, 0x00, 0x00, 0x00
	.byte 0x00, 0x00, 0x00, 0x00, 0x00, 0x00, 0x00, 0x00, 0x00, 0x00, 0x00, 0x00, 0x00, 0x00, 0x00, 0x00
	.byte 0x00, 0x00, 0x00, 0x00, 0x00, 0x00, 0x00, 0x00, 0x00, 0x00, 0x00, 0x00, 0x00, 0x00, 0x00, 0x00
	.byte 0x00, 0x00, 0x00, 0x00, 0x00, 0x00, 0x00, 0x00, 0x00, 0x00, 0x00, 0x00, 0x00, 0x00, 0x00, 0x00
	.byte 0x00, 0x00, 0x00, 0x00, 0x00, 0x00, 0x00, 0x00, 0x00, 0x00, 0x00, 0x00, 0x00, 0x00, 0x00, 0x00
	.byte 0x00, 0x00, 0x00, 0x00, 0x00, 0x00, 0x00, 0x00, 0x00, 0x00, 0x00, 0x00, 0x00, 0x00, 0x00, 0x00
	.byte 0x00, 0x00, 0x00, 0x00, 0x00, 0x00, 0x00, 0x00, 0x00, 0x00, 0x00, 0x00, 0x00, 0x00, 0x00, 0x00
	.byte 0x00, 0x00, 0x00, 0x00, 0x00, 0x00, 0x00, 0x00, 0x00, 0x00, 0x00, 0x00, 0x00, 0x00, 0x00, 0x00
	.byte 0x00, 0x00, 0x00, 0x00, 0x00, 0x00, 0x00, 0x00, 0x00, 0x00, 0x00, 0x00, 0x00, 0x00, 0x00, 0x00
	.byte 0x00, 0x00, 0x00, 0x00, 0x00, 0x00, 0x00, 0x00, 0x00, 0x00, 0x00, 0x00, 0x00, 0x00, 0x00, 0x00
	.byte 0x00, 0x00, 0x00, 0x00, 0x00, 0x00, 0x00, 0x00, 0x00, 0x00, 0x00, 0x00, 0x00, 0x00, 0x00, 0x00
	.byte 0x00, 0x00, 0x00, 0x00, 0x00, 0x00, 0x00, 0x00, 0x00, 0x00, 0x00, 0x00, 0x00, 0x00, 0x00, 0x00
	.byte 0x00, 0x00, 0x00, 0x00, 0x00, 0x00, 0x00, 0x00, 0x00, 0x00, 0x00, 0x00, 0x00, 0x00, 0x00, 0x00
	.byte 0x00, 0x00, 0x00, 0x00, 0x00, 0x00, 0x00, 0x00, 0x00, 0x00, 0x00, 0x00, 0x00, 0x00, 0x00, 0x00
	.byte 0x00, 0x00, 0x00, 0x00, 0x00, 0x00, 0x00, 0x00, 0x00, 0x00, 0x00, 0x00, 0x00, 0x00, 0x00, 0x00
	.byte 0x00, 0x00, 0x00, 0x00, 0x00, 0x00, 0x00, 0x00, 0x00, 0x00, 0x00, 0x00, 0x00, 0x00, 0x00, 0x00
	.byte 0x00, 0x00, 0x00, 0x00, 0x00, 0x00, 0x00, 0x00, 0x00, 0x00, 0x00, 0x00, 0x00, 0x00, 0x00, 0x00
	.byte 0x00, 0x00, 0x00, 0x00, 0x00, 0x00, 0x00, 0x00, 0x00, 0x00, 0x00, 0x00, 0x00, 0x00, 0x00, 0x00
	.byte 0x00, 0x00, 0x00, 0x00, 0x00, 0x00, 0x00, 0x00, 0x00, 0x00, 0x00, 0x00, 0x00, 0x00, 0x00, 0x00
	.byte 0x00, 0x00, 0x00, 0x00, 0x00, 0x00, 0x00, 0x00, 0x00, 0x00, 0x00, 0x00, 0x00, 0x00, 0x00, 0x00
	.byte 0x00, 0x00, 0x00, 0x00, 0x00, 0x00, 0x00, 0x00, 0x00, 0x00, 0x00, 0x00, 0x00, 0x00, 0x00, 0x00
	.byte 0x00, 0x00, 0x00, 0x00, 0x00, 0x00, 0x00, 0x00, 0x00, 0x00, 0x00, 0x00, 0x00, 0x00, 0x00, 0x00
	.byte 0x00, 0x00, 0x00, 0x00, 0x00, 0x00, 0x00, 0x00, 0x00, 0x00, 0x00, 0x00, 0x00, 0x00, 0x00, 0x00
	.byte 0x00, 0x00, 0x00, 0x00, 0x00, 0x00, 0x00, 0x00, 0x00, 0x00, 0x00, 0x00, 0x00, 0x00, 0x00, 0x00
	.byte 0x00, 0x00, 0x00, 0x00, 0x00, 0x00, 0x00, 0x00, 0x00, 0x00, 0x00, 0x00, 0x00, 0x00, 0x00, 0x00
	.byte 0x00, 0x00, 0x00, 0x00, 0x00, 0x00, 0x00, 0x00, 0x00, 0x00, 0x00, 0x00, 0x00, 0x00, 0x00, 0x00
	.byte 0x00, 0x00, 0x00, 0x00, 0x00, 0x00, 0x00, 0x00, 0x00, 0x00, 0x00, 0x00, 0x00, 0x00, 0x00, 0x00
	.byte 0x00, 0x00, 0x00, 0x00, 0x00, 0x00, 0x00, 0x00, 0x00, 0x00, 0x00, 0x00, 0x00, 0x00, 0x00, 0x00
	.byte 0x00, 0x00, 0x00, 0x00, 0x00, 0x00, 0x00, 0x00, 0x00, 0x00, 0x00, 0x00, 0x00, 0x00, 0x00, 0x00
	.byte 0x00, 0x00, 0x00, 0x00, 0x00, 0x00, 0x00, 0x00, 0x00, 0x00, 0x00, 0x00, 0x00, 0x00, 0x00, 0x00
	.byte 0x00, 0x00, 0x00, 0x00, 0x00, 0x00, 0x00, 0x00, 0x00, 0x00, 0x00, 0x00, 0x00, 0x00, 0x00, 0x00
	.byte 0x00, 0x00, 0x00, 0x00, 0x00, 0x00, 0x00, 0x00, 0x00, 0x00, 0x00, 0x00, 0x00, 0x00, 0x00, 0x00
	.byte 0x00, 0x00, 0x00, 0x00, 0x00, 0x00, 0x00, 0x00, 0x00, 0x00, 0x00, 0x00, 0x00, 0x00, 0x00, 0x00
	.byte 0x00, 0x00, 0x00, 0x00, 0x00, 0x00, 0x00, 0x00, 0x00, 0x00, 0x00, 0x00, 0x00, 0x00, 0x00, 0x00
	.byte 0x00, 0x00, 0x00, 0x00, 0x00, 0x00, 0x00, 0x00, 0x00, 0x00, 0x00, 0x00, 0x00, 0x00, 0x00, 0x00
	.byte 0x00, 0x00, 0x00, 0x00, 0x00, 0x00, 0x00, 0x00, 0x00, 0x00, 0x00, 0x00, 0x00, 0x00, 0x00, 0x00
	.byte 0x00, 0x00, 0x00, 0x00, 0x00, 0x00, 0x00, 0x00, 0x00, 0x00, 0x00, 0x00, 0x00, 0x00, 0x00, 0x00
	.byte 0x00, 0x00, 0x00, 0x00, 0x00, 0x00, 0x00, 0x00, 0x00, 0x00, 0x00, 0x00, 0x00, 0x00, 0x00, 0x00
	.byte 0x00, 0x00, 0x00, 0x00, 0x00, 0x00, 0x00, 0x00, 0x00, 0x00, 0x00, 0x00, 0x00, 0x00, 0x00, 0x00
	.byte 0x00, 0x00, 0x00, 0x00, 0x00, 0x00, 0x00, 0x00, 0x00, 0x00, 0x00, 0x00, 0x00, 0x00, 0x00, 0x00
	.byte 0x00, 0x00, 0x00, 0x00, 0x00, 0x00, 0x00, 0x00, 0x00, 0x00, 0x00, 0x00, 0x00, 0x00, 0x00, 0x00
	.byte 0x00, 0x00, 0x00, 0x00, 0x00, 0x00, 0x00, 0x00, 0x00, 0x00, 0x00, 0x00, 0x00, 0x00, 0x00, 0x00
	.byte 0x00, 0x00, 0x00, 0x00, 0x00, 0x00, 0x00, 0x00, 0x00, 0x00, 0x00, 0x00, 0x00, 0x00, 0x00, 0x00
	.byte 0x00, 0x00, 0x00, 0x00, 0x00, 0x00, 0x00, 0x00, 0x00, 0x00, 0x00, 0x00, 0x00, 0x00, 0x00, 0x00
	.byte 0x00, 0x00, 0x00, 0x00, 0x00, 0x00, 0x00, 0x00, 0x00, 0x00, 0x00, 0x00, 0x00, 0x00, 0x00, 0x00
	.byte 0x00, 0x00, 0x00, 0x00, 0x00, 0x00, 0x00, 0x00, 0x00, 0x00, 0x00, 0x00, 0x00, 0x00, 0x00, 0x00
	.byte 0x00, 0x00, 0x00, 0x00, 0x00, 0x00, 0x00, 0x00, 0x00, 0x00, 0x00, 0x00, 0x00, 0x00, 0x00, 0x00
	.byte 0x00, 0x00, 0x00, 0x00, 0x00, 0x00, 0x00, 0x00, 0x00, 0x00, 0x00, 0x00, 0x00, 0x00, 0x00, 0x00
	.byte 0x00, 0x00, 0x00, 0x00, 0x00, 0x00, 0x00, 0x00, 0x00, 0x00, 0x00, 0x00, 0x00, 0x00, 0x00, 0x00
	.byte 0x00, 0x00, 0x00, 0x00, 0x00, 0x00, 0x00, 0x00, 0x00, 0x00, 0x00, 0x00, 0x00, 0x00, 0x00, 0x00
	.byte 0x00, 0x00, 0x00, 0x00, 0x00, 0x00, 0x00, 0x00, 0x00, 0x00, 0x00, 0x00, 0x00, 0x00, 0x00, 0x00
	.byte 0x00, 0x00, 0x00, 0x00, 0x00, 0x00, 0x00, 0x00, 0x00, 0x00, 0x00, 0x00, 0x00, 0x00, 0x00, 0x00
	.byte 0x00, 0x00, 0x00, 0x00, 0x00, 0x00, 0x00, 0x00, 0x00, 0x00, 0x00, 0x00, 0x00, 0x00, 0x00, 0x00
	.byte 0x00, 0x00, 0x00, 0x00, 0x00, 0x00, 0x00, 0x00, 0x00, 0x00, 0x00, 0x00, 0x00, 0x00, 0x00, 0x00
	.byte 0x00, 0x00, 0x00, 0x00, 0x00, 0x00, 0x00, 0x00, 0x00, 0x00, 0x00, 0x00, 0x00, 0x00, 0x00, 0x00
	.byte 0x00, 0x00, 0x00, 0x00, 0x00, 0x00, 0x00, 0x00, 0x00, 0x00, 0x00, 0x00, 0x00, 0x00, 0x00, 0x00
	.byte 0x00, 0x00, 0x00, 0x00, 0x00, 0x00, 0x00, 0x00, 0x00, 0x00, 0x00, 0x00, 0x00, 0x00, 0x00, 0x00
	.byte 0x00, 0x00, 0x00, 0x00, 0x00, 0x00, 0x00, 0x00, 0x00, 0x00, 0x00, 0x00, 0x00, 0x00, 0x00, 0x00
	.byte 0x00, 0x00, 0x00, 0x00, 0x00, 0x00, 0x00, 0x00, 0x00, 0x00, 0x00, 0x00, 0x00, 0x00, 0x00, 0x00
	.byte 0x00, 0x00, 0x00, 0x00, 0x00, 0x00, 0x00, 0x00, 0x00, 0x00, 0x00, 0x00, 0x00, 0x00, 0x00, 0x00
	.byte 0x00, 0x00, 0x00, 0x00, 0x00, 0x00, 0x00, 0x00, 0x00, 0x00, 0x00, 0x00, 0x00, 0x00, 0x00, 0x00
	.byte 0x00, 0x00, 0x00, 0x00, 0x00, 0x00, 0x00, 0x00, 0x00, 0x00, 0x00, 0x00, 0x00, 0x00, 0x00, 0x00
	.byte 0x00, 0x00, 0x00, 0x00, 0x00, 0x00, 0x00, 0x00, 0x00, 0x00, 0x00, 0x00, 0x00, 0x00, 0x00, 0x00
	.byte 0x00, 0x00, 0x00, 0x00, 0x00, 0x00, 0x00, 0x00, 0x00, 0x00, 0x00, 0x00, 0x00, 0x00, 0x00, 0x00
	.byte 0x00, 0x00, 0x00, 0x00, 0x00, 0x00, 0x00, 0x00, 0x00, 0x00, 0x00, 0x00, 0x00, 0x00, 0x00, 0x00
	.byte 0x00, 0x00, 0x00, 0x00, 0x00, 0x00, 0x00, 0x00, 0x00, 0x00, 0x00, 0x00, 0x00, 0x00, 0x00, 0x00
	.byte 0x00, 0x00, 0x00, 0x00, 0x00, 0x00, 0x00, 0x00, 0x00, 0x00, 0x00, 0x00, 0x00, 0x00, 0x00, 0x00
	.byte 0x00, 0x00, 0x00, 0x00, 0x00, 0x00, 0x00, 0x00, 0x00, 0x00, 0x00, 0x00, 0x00, 0x00, 0x00, 0x00
	.byte 0x00, 0x00, 0x00, 0x00, 0x00, 0x00, 0x00, 0x00, 0x00, 0x00, 0x00, 0x00, 0x00, 0x00, 0x00, 0x00
	.byte 0x00, 0x00, 0x00, 0x00, 0x00, 0x00, 0x00, 0x00, 0x00, 0x00, 0x00, 0x00, 0x00, 0x00, 0x00, 0x00
	.byte 0x00, 0x00, 0x00, 0x00, 0x00, 0x00, 0x00, 0x00, 0x00, 0x00, 0x00, 0x00, 0x00, 0x00, 0x00, 0x00
	.byte 0x00, 0x00, 0x00, 0x00, 0x00, 0x00, 0x00, 0x00, 0x00, 0x00, 0x00, 0x00, 0x00, 0x00, 0x00, 0x00
	.byte 0x00, 0x00, 0x00, 0x00, 0x00, 0x00, 0x00, 0x00, 0x00, 0x00, 0x00, 0x00, 0x00, 0x00, 0x00, 0x00
	.byte 0x00, 0x00, 0x00, 0x00, 0x00, 0x00, 0x00, 0x00, 0x00, 0x00, 0x00, 0x00, 0x00, 0x00, 0x00, 0x00
	.byte 0x00, 0x00, 0x00, 0x00, 0x00, 0x00, 0x00, 0x00, 0x00, 0x00, 0x00, 0x00, 0x00, 0x00, 0x00, 0x00
	.byte 0x00, 0x00, 0x00, 0x00, 0x00, 0x00, 0x00, 0x00, 0x00, 0x00, 0x00, 0x00, 0x00, 0x00, 0x00, 0x00
	.byte 0x00, 0x00, 0x00, 0x00, 0x00, 0x00, 0x00, 0x00, 0x00, 0x00, 0x00, 0x00, 0x00, 0x00, 0x00, 0x00
	.byte 0x00, 0x00, 0x00, 0x00, 0x00, 0x00, 0x00, 0x00, 0x00, 0x00, 0x00, 0x00, 0x00, 0x00, 0x00, 0x00
	.byte 0x00, 0x00, 0x00, 0x00, 0x00, 0x00, 0x00, 0x00, 0x00, 0x00, 0x00, 0x00, 0x00, 0x00, 0x00, 0x00
	.byte 0x00, 0x00, 0x00, 0x00, 0x00, 0x00, 0x00, 0x00, 0x00, 0x00, 0x00, 0x00, 0x00, 0x00, 0x00, 0x00
	.byte 0x00, 0x00, 0x00, 0x00, 0x00, 0x00, 0x00, 0x00, 0x00, 0x00, 0x00, 0x00, 0x00, 0x00, 0x00, 0x00
	.byte 0x00, 0x00, 0x00, 0x00, 0x00, 0x00, 0x00, 0x00, 0x00, 0x00, 0x00, 0x00, 0x00, 0x00, 0x00, 0x00
	.byte 0x00, 0x00, 0x00, 0x00, 0x00, 0x00, 0x00, 0x00, 0x00, 0x00, 0x00, 0x00, 0x00, 0x00, 0x00, 0x00
	.byte 0x00, 0x00, 0x00, 0x00, 0x00, 0x00, 0x00, 0x00, 0x00, 0x00, 0x00, 0x00, 0x00, 0x00, 0x00, 0x00
	.byte 0x00, 0x00, 0x00, 0x00, 0x00, 0x00, 0x00, 0x00, 0x00, 0x00, 0x00, 0x00, 0x00, 0x00, 0x00, 0x00
	.byte 0x00, 0x00, 0x00, 0x00, 0x00, 0x00, 0x00, 0x00, 0x00, 0x00, 0x00, 0x00, 0x00, 0x00, 0x00, 0x00
	.byte 0x00, 0x00, 0x00, 0x00, 0x00, 0x00, 0x00, 0x00, 0x00, 0x00, 0x00, 0x00, 0x00, 0x00, 0x00, 0x00
	.byte 0x00, 0x00, 0x00, 0x00, 0x00, 0x00, 0x00, 0x00, 0x00, 0x00, 0x00, 0x00, 0x00, 0x00, 0x00, 0x00
	.byte 0x00, 0x00, 0x00, 0x00, 0x00, 0x00, 0x00, 0x00, 0x00, 0x00, 0x00, 0x00, 0x00, 0x00, 0x00, 0x00
	.byte 0x00, 0x00, 0x00, 0x00, 0x00, 0x00, 0x00, 0x00, 0x00, 0x00, 0x00, 0x00, 0x00, 0x00, 0x00, 0x00
	.byte 0x00, 0x00, 0x00, 0x00, 0x00, 0x00, 0x00, 0x00, 0x00, 0x00, 0x00, 0x00, 0x00, 0x00, 0x00, 0x00
	.byte 0x00, 0x00, 0x00, 0x00, 0x00, 0x00, 0x00, 0x00, 0x00, 0x00, 0x00, 0x00, 0x00, 0x00, 0x00, 0x00
	.byte 0x00, 0x00, 0x00, 0x00, 0x00, 0x00, 0x00, 0x00, 0x00, 0x00, 0x00, 0x00, 0x00, 0x00, 0x00, 0x00
	.byte 0x00, 0x00, 0x00, 0x00, 0x00, 0x00, 0x00, 0x00, 0x00, 0x00, 0x00, 0x00, 0x00, 0x00, 0x00, 0x00
	.byte 0x00, 0x00, 0x00, 0x00, 0x00, 0x00, 0x00, 0x00, 0x00, 0x00, 0x00, 0x00, 0x00, 0x00, 0x00, 0x00
	.byte 0x00, 0x00, 0x00, 0x00, 0x00, 0x00, 0x00, 0x00, 0x00, 0x00, 0x00, 0x00, 0x00, 0x00, 0x00, 0x00
	.byte 0x00, 0x00, 0x00, 0x00, 0x00, 0x00, 0x00, 0x00, 0x00, 0x00, 0x00, 0x00, 0x00, 0x00, 0x00, 0x00
	.byte 0x00, 0x00, 0x00, 0x00, 0x00, 0x00, 0x00, 0x00, 0x00, 0x00, 0x00, 0x00, 0x00, 0x00, 0x00, 0x00
	.byte 0x00, 0x00, 0x00, 0x00, 0x00, 0x00, 0x00, 0x00, 0x00, 0x00, 0x00, 0x00, 0x00, 0x00, 0x00, 0x00
	.byte 0x00, 0x00, 0x00, 0x00, 0x00, 0x00, 0x00, 0x00, 0x00, 0x00, 0x00, 0x00, 0x00, 0x00, 0x00, 0x00
	.byte 0x00, 0x00, 0x00, 0x00, 0x00, 0x00, 0x00, 0x00, 0x00, 0x00, 0x00, 0x00, 0x00, 0x00, 0x00, 0x00
	.byte 0x00, 0x00, 0x00, 0x00, 0x00, 0x00, 0x00, 0x00, 0x00, 0x00, 0x00, 0x00, 0x00, 0x00, 0x00, 0x00
	.byte 0x00, 0x00, 0x00, 0x00, 0x00, 0x00, 0x00, 0x00, 0x00, 0x00, 0x00, 0x00, 0x00, 0x00, 0x00, 0x00
	.byte 0x00, 0x00, 0x00, 0x00, 0x00, 0x00, 0x00, 0x00, 0x00, 0x00, 0x00, 0x00, 0x00, 0x00, 0x00, 0x00
	.byte 0x00, 0x00, 0x00, 0x00, 0x00, 0x00, 0x00, 0x00, 0x00, 0x00, 0x00, 0x00, 0x00, 0x00, 0x00, 0x00
	.byte 0x00, 0x00, 0x00, 0x00, 0x00, 0x00, 0x00, 0x00, 0x00, 0x00, 0x00, 0x00, 0x00, 0x00, 0x00, 0x00
	.byte 0x00, 0x00, 0x00, 0x00, 0x00, 0x00, 0x00, 0x00, 0x00, 0x00, 0x00, 0x00, 0x00, 0x00, 0x00, 0x00
	.byte 0x00, 0x00, 0x00, 0x00, 0x00, 0x00, 0x00, 0x00, 0x00, 0x00, 0x00, 0x00, 0x00, 0x00, 0x00, 0x00
	.byte 0x00, 0x00, 0x00, 0x00, 0x00, 0x00, 0x00, 0x00, 0x00, 0x00, 0x00, 0x00, 0x00, 0x00, 0x00, 0x00
	.byte 0x00, 0x00, 0x00, 0x00, 0x00, 0x00, 0x00, 0x00, 0x00, 0x00, 0x00, 0x00, 0x00, 0x00, 0x00, 0x00
	.byte 0x00, 0x00, 0x00, 0x00, 0x00, 0x00, 0x00, 0x00, 0x00, 0x00, 0x00, 0x00, 0x00, 0x00, 0x00, 0x00
	.byte 0x00, 0x00, 0x00, 0x00, 0x00, 0x00, 0x00, 0x00, 0x00, 0x00, 0x00, 0x00, 0x00, 0x00, 0x00, 0x00
	.byte 0x00, 0x00, 0x00, 0x00, 0x00, 0x00, 0x00, 0x00, 0x00, 0x00, 0x00, 0x00, 0x00, 0x00, 0x00, 0x00
	.byte 0x00, 0x00, 0x00, 0x00, 0x00, 0x00, 0x00, 0x00, 0x00, 0x00, 0x00, 0x00, 0x00, 0x00, 0x00, 0x00
	.byte 0x00, 0x00, 0x00, 0x00, 0x00, 0x00, 0x00, 0x00, 0x00, 0x00, 0x00, 0x00, 0x00, 0x00, 0x00, 0x00
	.byte 0x00, 0x00, 0x00, 0x00, 0x00, 0x00, 0x00, 0x00, 0x00, 0x00, 0x00, 0x00, 0x00, 0x00, 0x00, 0x00
	.byte 0x00, 0x00, 0x00, 0x00, 0x00, 0x00, 0x00, 0x00, 0x00, 0x00, 0x00, 0x00, 0x00, 0x00, 0x00, 0x00
	.byte 0x00, 0x00, 0x00, 0x00, 0x00, 0x00, 0x00, 0x00, 0x00, 0x00, 0x00, 0x00, 0x00, 0x00, 0x00, 0x00
	.byte 0x00, 0x00, 0x00, 0x00, 0x00, 0x00, 0x00, 0x00, 0x00, 0x00, 0x00, 0x00, 0x00, 0x00, 0x00, 0x00
	.byte 0x00, 0x00, 0x00, 0x00, 0x00, 0x00, 0x00, 0x00, 0x00, 0x00, 0x00, 0x00, 0x00, 0x00, 0x00, 0x00
	.byte 0x00, 0x00, 0x00, 0x00, 0x00, 0x00, 0x00, 0x00, 0x00, 0x00, 0x00, 0x00, 0x00, 0x00, 0x00, 0x00
	.byte 0x00, 0x00, 0x00, 0x00, 0x00, 0x00, 0x00, 0x00, 0x00, 0x00, 0x00, 0x00, 0x00, 0x00, 0x00, 0x00
	.byte 0x00, 0x00, 0x00, 0x00, 0x00, 0x00, 0x00, 0x00, 0x00, 0x00, 0x00, 0x00, 0x00, 0x00, 0x00, 0x00
	.byte 0x00, 0x00, 0x00, 0x00, 0x00, 0x00, 0x00, 0x00, 0x00, 0x00, 0x00, 0x00, 0x00, 0x00, 0x00, 0x00
	.byte 0x00, 0x00, 0x00, 0x00, 0x00, 0x00, 0x00, 0x00, 0x00, 0x00, 0x00, 0x00, 0x00, 0x00, 0x00, 0x00
	.byte 0x00, 0x00, 0x00, 0x00, 0x00, 0x00, 0x00, 0x00, 0x00, 0x00, 0x00, 0x00, 0x00, 0x00, 0x00, 0x00
	.byte 0x00, 0x00, 0x00, 0x00, 0x00, 0x00, 0x00, 0x00, 0x00, 0x00, 0x00, 0x00, 0x00, 0x00, 0x00, 0x00
	.byte 0x00, 0x00, 0x00, 0x00, 0x00, 0x00, 0x00, 0x00, 0x00, 0x00, 0x00, 0x00, 0x00, 0x00, 0x00, 0x00
	.byte 0x00, 0x00, 0x00, 0x00, 0x00, 0x00, 0x00, 0x00, 0x00, 0x00, 0x00, 0x00, 0x00, 0x00, 0x00, 0x00
	.byte 0x00, 0x00, 0x00, 0x00, 0x00, 0x00, 0x00, 0x00, 0x00, 0x00, 0x00, 0x00, 0x00, 0x00, 0x00, 0x00
	.byte 0x00, 0x00, 0x00, 0x00, 0x00, 0x00, 0x00, 0x00, 0x00, 0x00, 0x00, 0x00, 0x00, 0x00, 0x00, 0x00
	.byte 0x00, 0x00, 0x00, 0x00, 0x00, 0x00, 0x00, 0x00, 0x00, 0x00, 0x00, 0x00, 0x00, 0x00, 0x00, 0x00
	.byte 0x00, 0x00, 0x00, 0x00, 0x00, 0x00, 0x00, 0x00, 0x00, 0x00, 0x00, 0x00, 0x00, 0x00, 0x00, 0x00
	.byte 0x00, 0x00, 0x00, 0x00, 0x00, 0x00, 0x00, 0x00, 0x00, 0x00, 0x00, 0x00, 0x00, 0x00, 0x00, 0x00
	.byte 0x00, 0x00, 0x00, 0x00, 0x00, 0x00, 0x00, 0x00, 0x00, 0x00, 0x00, 0x00, 0x00, 0x00, 0x00, 0x00
	.byte 0x00, 0x00, 0x00, 0x00, 0x00, 0x00, 0x00, 0x00, 0x00, 0x00, 0x00, 0x00, 0x00, 0x00, 0x00, 0x00
	.byte 0x00, 0x00, 0x00, 0x00, 0x00, 0x00, 0x00, 0x00, 0x00, 0x00, 0x00, 0x00, 0x00, 0x00, 0x00, 0x00
	.byte 0x00, 0x00, 0x00, 0x00, 0x00, 0x00, 0x00, 0x00, 0x00, 0x00, 0x00, 0x00, 0x00, 0x00, 0x00, 0x00
	.byte 0x00, 0x00, 0x00, 0x00, 0x00, 0x00, 0x00, 0x00, 0x00, 0x00, 0x00, 0x00, 0x00, 0x00, 0x00, 0x00
	.byte 0x00, 0x00, 0x00, 0x00, 0x00, 0x00, 0x00, 0x00, 0x00, 0x00, 0x00, 0x00, 0x00, 0x00, 0x00, 0x00
	.byte 0x00, 0x00, 0x00, 0x00, 0x00, 0x00, 0x00, 0x00, 0x00, 0x00, 0x00, 0x00, 0x00, 0x00, 0x00, 0x00
	.byte 0x00, 0x00, 0x00, 0x00, 0x00, 0x00, 0x00, 0x00, 0x00, 0x00, 0x00, 0x00, 0x00, 0x00, 0x00, 0x00
	.byte 0x00, 0x00, 0x00, 0x00, 0x00, 0x00, 0x00, 0x00, 0x00, 0x00, 0x00, 0x00, 0x00, 0x00, 0x00, 0x00
	.byte 0x00, 0x00, 0x00, 0x00, 0x00, 0x00, 0x00, 0x00, 0x00, 0x00, 0x00, 0x00, 0x00, 0x00, 0x00, 0x00
	.byte 0x00, 0x00, 0x00, 0x00, 0x00, 0x00, 0x00, 0x00, 0x00, 0x00, 0x00, 0x00, 0x00, 0x00, 0x00, 0x00
	.byte 0x00, 0x00, 0x00, 0x00, 0x00, 0x00, 0x00, 0x00, 0x00, 0x00, 0x00, 0x00, 0x00, 0x00, 0x00, 0x00
	.byte 0x00, 0x00, 0x00, 0x00, 0x00, 0x00, 0x00, 0x00, 0x00, 0x00, 0x00, 0x00, 0x00, 0x00, 0x00, 0x00
	.byte 0x00, 0x00, 0x00, 0x00, 0x00, 0x00, 0x00, 0x00, 0x00, 0x00, 0x00, 0x00, 0x00, 0x00, 0x00, 0x00
	.byte 0x00, 0x00, 0x00, 0x00, 0x00, 0x00, 0x00, 0x00, 0x00, 0x00, 0x00, 0x00, 0x00, 0x00, 0x00, 0x00
	.byte 0x00, 0x00, 0x00, 0x00, 0x00, 0x00, 0x00, 0x00, 0x00, 0x00, 0x00, 0x00, 0x00, 0x00, 0x00, 0x00
	.byte 0x00, 0x00, 0x00, 0x00, 0x00, 0x00, 0x00, 0x00, 0x00, 0x00, 0x00, 0x00, 0x00, 0x00, 0x00, 0x00
	.byte 0x00, 0x00, 0x00, 0x00, 0x00, 0x00, 0x00, 0x00, 0x00, 0x00, 0x00, 0x00, 0x00, 0x00, 0x00, 0x00
	.byte 0x00, 0x00, 0x00, 0x00, 0x00, 0x00, 0x00, 0x00, 0x00, 0x00, 0x00, 0x00, 0x00, 0x00, 0x00, 0x00
	.byte 0x00, 0x00, 0x00, 0x00, 0x00, 0x00, 0x00, 0x00, 0x00, 0x00, 0x00, 0x00, 0x00, 0x00, 0x00, 0x00
	.byte 0x00, 0x00, 0x00, 0x00, 0x00, 0x00, 0x00, 0x00, 0x00, 0x00, 0x00, 0x00, 0x00, 0x00, 0x00, 0x00
	.byte 0x00, 0x00, 0x00, 0x00, 0x00, 0x00, 0x00, 0x00, 0x00, 0x00, 0x00, 0x00, 0x00, 0x00, 0x00, 0x00
	.byte 0x00, 0x00, 0x00, 0x00, 0x00, 0x00, 0x00, 0x00, 0x00, 0x00, 0x00, 0x00, 0x00, 0x00, 0x00, 0x00
	.byte 0x00, 0x00, 0x00, 0x00, 0x00, 0x00, 0x00, 0x00, 0x00, 0x00, 0x00, 0x00, 0x00, 0x00, 0x00, 0x00
	.byte 0x00, 0x00, 0x00, 0x00, 0x00, 0x00, 0x00, 0x00, 0x00, 0x00, 0x00, 0x00, 0x00, 0x00, 0x00, 0x00
	.byte 0x00, 0x00, 0x00, 0x00, 0x00, 0x00, 0x00, 0x00, 0x00, 0x00, 0x00, 0x00, 0x00, 0x00, 0x00, 0x00
	.byte 0x00, 0x00, 0x00, 0x00, 0x00, 0x00, 0x00, 0x00, 0x00, 0x00, 0x00, 0x00, 0x00, 0x00, 0x00, 0x00
	.byte 0x00, 0x00, 0x00, 0x00, 0x00, 0x00, 0x00, 0x00, 0x00, 0x00, 0x00, 0x00, 0x00, 0x00, 0x00, 0x00
	.byte 0x00, 0x00, 0x00, 0x00, 0x00, 0x00, 0x00, 0x00, 0x00, 0x00, 0x00, 0x00, 0x00, 0x00, 0x00, 0x00
	.byte 0x00, 0x00, 0x00, 0x00, 0x00, 0x00, 0x00, 0x00, 0x00, 0x00, 0x00, 0x00, 0x00, 0x00, 0x00, 0x00
	.byte 0x00, 0x00, 0x00, 0x00, 0x00, 0x00, 0x00, 0x00, 0x00, 0x00, 0x00, 0x00, 0x00, 0x00, 0x00, 0x00
	.byte 0x00, 0x00, 0x00, 0x00, 0x00, 0x00, 0x00, 0x00, 0x00, 0x00, 0x00, 0x00, 0x00, 0x00, 0x00, 0x00
	.byte 0x00, 0x00, 0x00, 0x00, 0x00, 0x00, 0x00, 0x00, 0x00, 0x00, 0x00, 0x00, 0x00, 0x00, 0x00, 0x00
	.byte 0x00, 0x00, 0x00, 0x00, 0x00, 0x00, 0x00, 0x00, 0x00, 0x00, 0x00, 0x00, 0x00, 0x00, 0x00, 0x00
	.byte 0x00, 0x00, 0x00, 0x00, 0x00, 0x00, 0x00, 0x00, 0x00, 0x00, 0x00, 0x00, 0x00, 0x00, 0x00, 0x00
	.byte 0x00, 0x00, 0x00, 0x00, 0x00, 0x00, 0x00, 0x00, 0x00, 0x00, 0x00, 0x00, 0x00, 0x00, 0x00, 0x00
	.byte 0x00, 0x00, 0x00, 0x00, 0x00, 0x00, 0x00, 0x00, 0x00, 0x00, 0x00, 0x00, 0x00, 0x00, 0x00, 0x00
	.byte 0x00, 0x00, 0x00, 0x00, 0x00, 0x00, 0x00, 0x00, 0x00, 0x00, 0x00, 0x00, 0x00, 0x00, 0x00, 0x00
	.byte 0x00, 0x00, 0x00, 0x00, 0x00, 0x00, 0x00, 0x00, 0x00, 0x00, 0x00, 0x00, 0x00, 0x00, 0x00, 0x00
	.byte 0x00, 0x00, 0x00, 0x00, 0x00, 0x00, 0x00, 0x00, 0x00, 0x00, 0x00, 0x00, 0x00, 0x00, 0x00, 0x00
	.byte 0x00, 0x00, 0x00, 0x00, 0x00, 0x00, 0x00, 0x00, 0x00, 0x00, 0x00, 0x00, 0x00, 0x00, 0x00, 0x00
	.byte 0x00, 0x00, 0x00, 0x00, 0x00, 0x00, 0x00, 0x00, 0x00, 0x00, 0x00, 0x00, 0x00, 0x00, 0x00, 0x00
	.byte 0x00, 0x00, 0x00, 0x00, 0x00, 0x00, 0x00, 0x00, 0x00, 0x00, 0x00, 0x00, 0x00, 0x00, 0x00, 0x00
	.byte 0x00, 0x00, 0x00, 0x00, 0x00, 0x00, 0x00, 0x00, 0x00, 0x00, 0x00, 0x00, 0x00, 0x00, 0x00, 0x00
	.byte 0x00, 0x00, 0x00, 0x00, 0x00, 0x00, 0x00, 0x00, 0x00, 0x00, 0x00, 0x00, 0x00, 0x00, 0x00, 0x00
	.byte 0x00, 0x00, 0x00, 0x00, 0x00, 0x00, 0x00, 0x00, 0x00, 0x00, 0x00, 0x00, 0x00, 0x00, 0x00, 0x00
	.byte 0x00, 0x00, 0x00, 0x00, 0x00, 0x00, 0x00, 0x00, 0x00, 0x00, 0x00, 0x00, 0x00, 0x00, 0x00, 0x00
	.byte 0x00, 0x00, 0x00, 0x00, 0x00, 0x00, 0x00, 0x00, 0x00, 0x00, 0x00, 0x00, 0x00, 0x00, 0x00, 0x00
	.byte 0x00, 0x00, 0x00, 0x00, 0x00, 0x00, 0x00, 0x00, 0x00, 0x00, 0x00, 0x00, 0x00, 0x00, 0x00, 0x00
	.byte 0x00, 0x00, 0x00, 0x00, 0x00, 0x00, 0x00, 0x00, 0x00, 0x00, 0x00, 0x00, 0x00, 0x00, 0x00, 0x00
	.byte 0x00, 0x00, 0x00, 0x00, 0x00, 0x00, 0x00, 0x00, 0x00, 0x00, 0x00, 0x00, 0x00, 0x00, 0x00, 0x00
	.byte 0x00, 0x00, 0x00, 0x00, 0x00, 0x00, 0x00, 0x00, 0x00, 0x00, 0x00, 0x00, 0x00, 0x00, 0x00, 0x00
	.byte 0x00, 0x00, 0x00, 0x00, 0x00, 0x00, 0x00, 0x00, 0x00, 0x00, 0x00, 0x00, 0x00, 0x00, 0x00, 0x00
	.byte 0x77, 0x77, 0xE6, 0xA6, 0x77, 0x77, 0xE6, 0x66, 0x77, 0x77, 0x66, 0xEE, 0x77, 0x67, 0x33, 0xE6
	.byte 0x77, 0x67, 0x33, 0xE6, 0x77, 0x77, 0x66, 0xEE, 0x77, 0x77, 0xE6, 0xEE, 0x77, 0x77, 0xE6, 0xEE
	.byte 0xAA, 0xA9, 0xD6, 0x76, 0x96, 0xA9, 0xD6, 0x76, 0xDE, 0x66, 0xD6, 0x76, 0xDD, 0xDD, 0xDD, 0x76
	.byte 0xDE, 0xDD, 0xDD, 0x76, 0xEE, 0xDD, 0xDD, 0x76, 0xEE, 0xDE, 0xDD, 0x76, 0xEE, 0xEE, 0xDD, 0x76
	.byte 0x77, 0x77, 0x77, 0x77, 0x77, 0x77, 0x77, 0x67, 0x77, 0x77, 0x77, 0x66, 0x77, 0x77, 0x77, 0x66
	.byte 0x77, 0x77, 0x67, 0x65, 0x77, 0x77, 0x67, 0x55, 0x77, 0x77, 0x56, 0x55, 0x77, 0x77, 0x56, 0x55
	.byte 0xE6, 0x66, 0xE6, 0x76, 0xE6, 0x6E, 0xE6, 0x76, 0xE3, 0xEE, 0xE6, 0x76, 0xE3, 0xEE, 0xEE, 0x76
	.byte 0xE6, 0xEE, 0xEE, 0x76, 0xE6, 0xEE, 0xEE, 0x76, 0xE6, 0xEE, 0xEE, 0x76, 0xE6, 0xEE, 0xEE, 0x76
	.byte 0x77, 0x77, 0x77, 0x77, 0x77, 0x77, 0x77, 0x77, 0x77, 0x77, 0x77, 0x66, 0x77, 0x77, 0x77, 0x56
	.byte 0x77, 0x77, 0x67, 0x55, 0x77, 0x77, 0x67, 0x55, 0x77, 0x77, 0x56, 0x55, 0x77, 0x77, 0x56, 0x55
	.byte 0x77, 0x77, 0x77, 0x76, 0x77, 0x77, 0x77, 0x76, 0x66, 0x66, 0x66, 0x76, 0x55, 0x55, 0x55, 0x76
	.byte 0x55, 0x55, 0x55, 0x76, 0x55, 0x55, 0x55, 0x76, 0x55, 0x55, 0x55, 0x76, 0x55, 0x55, 0x55, 0x76
	.byte 0x00, 0x00, 0x00, 0x00, 0x00, 0x00, 0x00, 0x00, 0x00, 0x00, 0x00, 0x00, 0x00, 0x00, 0x00, 0x00
	.byte 0x00, 0x00, 0x00, 0x00, 0x00, 0x00, 0x00, 0x00, 0x00, 0x00, 0x00, 0x00, 0x00, 0x00, 0x00, 0x00
	.byte 0x00, 0x00, 0x00, 0x00, 0x00, 0x00, 0x00, 0x00, 0x00, 0x00, 0x00, 0x00, 0x00, 0x00, 0x00, 0x00
	.byte 0x00, 0x00, 0x00, 0x00, 0x00, 0x00, 0x00, 0x00, 0x00, 0x00, 0x00, 0x00, 0x00, 0x00, 0x00, 0x00
	.byte 0x00, 0x00, 0x00, 0x00, 0x00, 0x00, 0x00, 0x00, 0x00, 0x00, 0x00, 0x00, 0x00, 0x00, 0x00, 0x00
	.byte 0x00, 0x00, 0x00, 0x00, 0x00, 0x00, 0x00, 0x00, 0x00, 0x00, 0x00, 0x00, 0x00, 0x00, 0x00, 0x00
	.byte 0x00, 0x00, 0x00, 0x00, 0x00, 0x00, 0x00, 0x00, 0x00, 0x00, 0x00, 0x00, 0x00, 0x00, 0x00, 0x00
	.byte 0x00, 0x00, 0x00, 0x00, 0x00, 0x00, 0x00, 0x00, 0x00, 0x00, 0x00, 0x00, 0x00, 0x00, 0x00, 0x00
	.byte 0x00, 0x00, 0x00, 0x00, 0x00, 0x00, 0x00, 0x00, 0x00, 0x00, 0x00, 0x00, 0x00, 0x00, 0x00, 0x00
	.byte 0x00, 0x00, 0x00, 0x00, 0x00, 0x00, 0x00, 0x00, 0x00, 0x00, 0x00, 0x00, 0x00, 0x00, 0x00, 0x00
	.byte 0x00, 0x00, 0x00, 0x00, 0x00, 0x00, 0x00, 0x00, 0x00, 0x00, 0x00, 0x00, 0x00, 0x00, 0x00, 0x00
	.byte 0x00, 0x00, 0x00, 0x00, 0x00, 0x00, 0x00, 0x00, 0x00, 0x00, 0x00, 0x00, 0x00, 0x00, 0x00, 0x00
	.byte 0x00, 0x00, 0x00, 0x00, 0x00, 0x00, 0x00, 0x00, 0x00, 0x00, 0x00, 0x00, 0x00, 0x00, 0x00, 0x00
	.byte 0x00, 0x00, 0x00, 0x00, 0x00, 0x00, 0x00, 0x00, 0x00, 0x00, 0x00, 0x00, 0x00, 0x00, 0x00, 0x00
	.byte 0x00, 0x00, 0x00, 0x00, 0x00, 0x00, 0x00, 0x00, 0x00, 0x00, 0x00, 0x00, 0x00, 0x00, 0x00, 0x00
	.byte 0x00, 0x00, 0x00, 0x00, 0x00, 0x00, 0x00, 0x00, 0x00, 0x00, 0x00, 0x00, 0x00, 0x00, 0x00, 0x00
	.byte 0x00, 0x00, 0x00, 0x00, 0x00, 0x00, 0x00, 0x00, 0x00, 0x00, 0x00, 0x00, 0x00, 0x00, 0x00, 0x00
	.byte 0x00, 0x00, 0x00, 0x00, 0x00, 0x00, 0x00, 0x00, 0x00, 0x00, 0x00, 0x00, 0x00, 0x00, 0x00, 0x00
	.byte 0x00, 0x00, 0x00, 0x00, 0x00, 0x00, 0x00, 0x00, 0x00, 0x00, 0x00, 0x00, 0x00, 0x00, 0x00, 0x00
	.byte 0x00, 0x00, 0x00, 0x00, 0x00, 0x00, 0x00, 0x00, 0x00, 0x00, 0x00, 0x00, 0x00, 0x00, 0x00, 0x00
	.byte 0x77, 0x77, 0xE6, 0xEE, 0x77, 0x77, 0x77, 0xEE, 0x77, 0x67, 0x55, 0x77, 0x77, 0x56, 0x55, 0x55
	.byte 0x67, 0x55, 0x55, 0x55, 0x77, 0x77, 0x77, 0x77, 0x77, 0x77, 0x77, 0x77, 0x55, 0x55, 0x55, 0x55
	.byte 0xEE, 0xEE, 0xDE, 0x76, 0xEE, 0xEE, 0xEE, 0x76, 0xEE, 0xEE, 0xEE, 0x76, 0x77, 0xEE, 0xEE, 0x76
	.byte 0x55, 0x77, 0xEE, 0x76, 0x77, 0x77, 0x77, 0x77, 0x77, 0x77, 0x77, 0x77, 0x55, 0x55, 0x55, 0x55
	.byte 0x77, 0x67, 0x55, 0x55, 0x77, 0x67, 0x55, 0x55, 0x77, 0x56, 0x55, 0x55, 0x77, 0x56, 0x55, 0x55
	.byte 0x67, 0x55, 0x55, 0x55, 0x77, 0x77, 0x77, 0x77, 0x77, 0x77, 0x77, 0x77, 0x55, 0x55, 0x55, 0x55
	.byte 0xE6, 0xEE, 0xEE, 0x76, 0x75, 0xEE, 0xEE, 0x76, 0x55, 0xE7, 0xEE, 0x76, 0x55, 0x75, 0xEE, 0x76
	.byte 0x55, 0x55, 0xE7, 0x76, 0x77, 0x77, 0x77, 0x76, 0x77, 0x77, 0x77, 0x77, 0x55, 0x55, 0x55, 0x75
	.byte 0x77, 0x67, 0x55, 0x55, 0x77, 0x67, 0x55, 0x55, 0x77, 0x56, 0x55, 0x55, 0x77, 0x56, 0x55, 0x55
	.byte 0x67, 0x55, 0x55, 0x55, 0x77, 0x77, 0x77, 0x77, 0x77, 0x77, 0x77, 0x77, 0x55, 0x55, 0x55, 0x55
	.byte 0x55, 0x55, 0x55, 0x76, 0x55, 0x55, 0x55, 0x76, 0x55, 0x55, 0x55, 0x76, 0x55, 0x55, 0x55, 0x76
	.byte 0x55, 0x55, 0x55, 0x76, 0x77, 0x77, 0x77, 0x76, 0x77, 0x77, 0x77, 0x77, 0x55, 0x55, 0x55, 0x55
	.byte 0x00, 0x00, 0x00, 0x00, 0x00, 0x00, 0x00, 0x00, 0x00, 0x00, 0x00, 0x00, 0x00, 0x00, 0x00, 0x00
	.byte 0x00, 0x00, 0x00, 0x00, 0x00, 0x00, 0x00, 0x00, 0x00, 0x00, 0x00, 0x00, 0x00, 0x00, 0x00, 0x00
	.byte 0xED, 0xDD, 0xDD, 0xDE, 0xED, 0xDD, 0xDD, 0xDE, 0xED, 0xDD, 0xDD, 0xDE, 0xED, 0xDD, 0xDD, 0xDE
	.byte 0xED, 0xDD, 0xDD, 0xDE, 0x77, 0xDD, 0xDD, 0x77, 0x66, 0x77, 0x77, 0x66, 0x66, 0x66, 0x66, 0x66
	.byte 0xED, 0xDD, 0xDD, 0xDE, 0xED, 0xDD, 0xDD, 0xDE, 0xED, 0xDD, 0xDD, 0xDE, 0xED, 0xDD, 0xDD, 0xDE
	.byte 0xED, 0xDD, 0xDD, 0xDE, 0x77, 0xDD, 0xDD, 0x77, 0x66, 0x77, 0x77, 0x66, 0x66, 0x66, 0x66, 0x66
	.byte 0x56, 0x55, 0x55, 0x55, 0x56, 0x55, 0x55, 0x55, 0x56, 0x55, 0x55, 0x55, 0x66, 0x66, 0x66, 0x66
	.byte 0x67, 0x66, 0x66, 0x66, 0x77, 0x67, 0xED, 0xEE, 0x77, 0x67, 0xED, 0xDD, 0x77, 0x67, 0xED, 0xDD
	.byte 0x55, 0x55, 0x55, 0x65, 0x55, 0x55, 0x55, 0x65, 0x55, 0x55, 0x55, 0x65, 0x66, 0x66, 0x66, 0x66
	.byte 0x66, 0x66, 0x66, 0x76, 0xDE, 0xDD, 0xDD, 0x76, 0xED, 0xEE, 0xCE, 0x76, 0xCC, 0xCC, 0xCE, 0x76
	.byte 0x77, 0x67, 0xED, 0xEE, 0x77, 0x67, 0xED, 0xDD, 0x77, 0x66, 0x66, 0xCD, 0x77, 0xA6, 0x6A, 0xEE
	.byte 0x77, 0xA6, 0x6A, 0xDD, 0x77, 0x66, 0x66, 0xCD, 0x77, 0x67, 0xED, 0xEE, 0x77, 0x67, 0xED, 0xDD
	.byte 0xCE, 0xBB, 0xCE, 0x76, 0xED, 0xEE, 0xCE, 0x76, 0xCC, 0xCC, 0xCE, 0x76, 0xCE, 0xBB, 0xCE, 0x76
	.byte 0xED, 0xEE, 0xCE, 0x76, 0xCC, 0xCC, 0xDE, 0x76, 0xCE, 0xBB, 0xDE, 0x76, 0xED, 0xEE, 0xDE, 0x76
	.byte 0x77, 0x67, 0xDD, 0xEE, 0x77, 0x67, 0xDD, 0xDD, 0x77, 0x76, 0x77, 0xDD, 0x77, 0x56, 0x55, 0x77
	.byte 0x67, 0x55, 0x55, 0x55, 0x77, 0x77, 0x77, 0x77, 0x77, 0x77, 0x77, 0x77, 0x55, 0x55, 0x55, 0x55
	.byte 0xDE, 0xCD, 0xDE, 0x76, 0xED, 0xEE, 0xDE, 0x76, 0xDD, 0xDD, 0xDD, 0x76, 0xD7, 0xDD, 0xDD, 0x76
	.byte 0x75, 0x77, 0xDD, 0x76, 0x77, 0x77, 0x77, 0x77, 0x77, 0x77, 0x77, 0x77, 0x55, 0x55, 0x55, 0x55
	.byte 0xED, 0xDD, 0xDD, 0xDE, 0xED, 0xDD, 0xDD, 0xDE, 0xED, 0xDD, 0xDD, 0xDE, 0xED, 0xDD, 0xDD, 0xDE
	.byte 0xED, 0xDD, 0xDD, 0xDE, 0x77, 0xDD, 0xDD, 0x77, 0x66, 0x77, 0x77, 0x66, 0x66, 0x66, 0x66, 0x66
	.byte 0xED, 0xDD, 0xDD, 0xDE, 0xED, 0xDD, 0xDD, 0xDE, 0xED, 0xDD, 0xDD, 0xDE, 0xED, 0xDD, 0xDD, 0xDE
	.byte 0xED, 0xDD, 0xDD, 0xDE, 0x77, 0xDD, 0xDD, 0x77, 0x66, 0x77, 0x77, 0x66, 0x66, 0x66, 0x66, 0x66
	.byte 0x56, 0x55, 0x55, 0x55, 0x56, 0x55, 0x55, 0x55, 0x56, 0x55, 0x55, 0x55, 0x66, 0x66, 0x66, 0x66
	.byte 0x67, 0x66, 0x66, 0x66, 0x77, 0x77, 0x77, 0x67, 0x77, 0x77, 0x77, 0x67, 0x77, 0x77, 0x77, 0x67
	.byte 0x55, 0x55, 0x55, 0x65, 0x55, 0x55, 0x55, 0x65, 0x55, 0x55, 0x55, 0x65, 0x66, 0x66, 0x66, 0x66
	.byte 0x66, 0x66, 0x66, 0x76, 0xED, 0xDD, 0x6D, 0x76, 0xED, 0xDE, 0x6D, 0x76, 0xDD, 0xEE, 0x6D, 0x76
	.byte 0x77, 0x77, 0x77, 0x66, 0x77, 0x77, 0x77, 0xA6, 0x77, 0x77, 0x77, 0xA6, 0x77, 0x77, 0x77, 0x66
	.byte 0x77, 0x77, 0x67, 0x65, 0x77, 0x77, 0x67, 0x65, 0x77, 0x77, 0x56, 0x65, 0x77, 0x77, 0x56, 0x65
	.byte 0xED, 0xED, 0x6D, 0x76, 0xDD, 0xEE, 0x6D, 0x76, 0xDD, 0xED, 0x6D, 0x76, 0xED, 0xED, 0x6D, 0x76
	.byte 0xDD, 0xEE, 0x6D, 0x76, 0xED, 0xED, 0x6D, 0x76, 0xDD, 0xEE, 0x6D, 0x76, 0xDD, 0xED, 0x6D, 0x76
	.byte 0x77, 0x67, 0x55, 0x55, 0x77, 0x67, 0x55, 0x55, 0x77, 0x56, 0x55, 0x55, 0x77, 0x56, 0x55, 0x55
	.byte 0x67, 0x55, 0x55, 0x55, 0x77, 0x77, 0x77, 0x77, 0x77, 0x77, 0x77, 0x77, 0x55, 0x55, 0x55, 0x55
	.byte 0xD7, 0xDD, 0x6D, 0x76, 0x75, 0xDD, 0x6D, 0x76, 0x55, 0xD7, 0x6D, 0x76, 0x55, 0x75, 0x6D, 0x76
	.byte 0x55, 0x55, 0x67, 0x76, 0x77, 0x77, 0x77, 0x77, 0x77, 0x77, 0x77, 0x77, 0x55, 0x55, 0x55, 0x55
	.byte 0xED, 0xDD, 0xDD, 0xDE, 0xED, 0xDD, 0xDD, 0xDE, 0xED, 0xDD, 0xDD, 0xDE, 0xED, 0xDD, 0xDD, 0xDE
	.byte 0xED, 0xDD, 0xDD, 0xDE, 0x77, 0xDD, 0xDD, 0x77, 0x66, 0x77, 0x77, 0x66, 0x66, 0x66, 0x66, 0x66
	.byte 0xED, 0xDD, 0xDD, 0xDE, 0xED, 0xDD, 0xDD, 0xDE, 0xED, 0xDD, 0xDD, 0xDE, 0xED, 0xDD, 0xDD, 0xDE
	.byte 0xED, 0xDD, 0xDD, 0xDE, 0x77, 0xDD, 0xDD, 0x77, 0x66, 0x77, 0x77, 0x66, 0x66, 0x66, 0x66, 0x66
	.byte 0x56, 0x55, 0x55, 0x55, 0x56, 0x55, 0x55, 0x55, 0x56, 0x55, 0x55, 0x55, 0x66, 0x66, 0x66, 0x66
	.byte 0x67, 0x66, 0x66, 0x66, 0x77, 0x77, 0x77, 0x77, 0x77, 0x77, 0x77, 0x77, 0x77, 0x77, 0x77, 0x77
	.byte 0x55, 0x55, 0x55, 0x65, 0x55, 0x55, 0x55, 0x65, 0x55, 0x55, 0x55, 0x65, 0x66, 0x66, 0x66, 0x66
	.byte 0x66, 0x66, 0x66, 0x76, 0x77, 0x77, 0x77, 0x77, 0x77, 0x77, 0x77, 0x77, 0x77, 0x77, 0x77, 0x77
	.byte 0x77, 0x77, 0x77, 0x77, 0x77, 0x77, 0x77, 0x77, 0x77, 0x77, 0x77, 0x66, 0x77, 0x77, 0x77, 0x56
	.byte 0x77, 0x77, 0x67, 0x55, 0x77, 0x77, 0x67, 0x55, 0x77, 0x77, 0x56, 0x55, 0x77, 0x77, 0x56, 0x55
	.byte 0x77, 0x77, 0x77, 0x77, 0x77, 0x77, 0x77, 0x77, 0x66, 0x66, 0x66, 0x76, 0x55, 0x55, 0x55, 0x75
	.byte 0x55, 0x55, 0x55, 0x75, 0x55, 0x55, 0x55, 0x75, 0x55, 0x55, 0x55, 0x75, 0x55, 0x55, 0x55, 0x75
	.byte 0x77, 0x67, 0x55, 0x55, 0x77, 0x67, 0x55, 0x55, 0x77, 0x56, 0x55, 0x55, 0x77, 0x56, 0x55, 0x55
	.byte 0x67, 0x55, 0x55, 0x55, 0x77, 0x77, 0x77, 0x77, 0x77, 0x77, 0x77, 0x77, 0x55, 0x55, 0x55, 0x55
	.byte 0x55, 0x55, 0x55, 0x75, 0x55, 0x55, 0x55, 0x75, 0x55, 0x55, 0x55, 0x75, 0x55, 0x55, 0x55, 0x75
	.byte 0x55, 0x55, 0x55, 0x75, 0x77, 0x77, 0x77, 0x77, 0x77, 0x77, 0x77, 0x77, 0x55, 0x55, 0x55, 0x55
	.byte 0x00, 0x00, 0x00, 0x00, 0x00, 0x00, 0x00, 0x00, 0x00, 0x00, 0x00, 0x00, 0x00, 0x00, 0x00, 0x00
	.byte 0x00, 0x00, 0x00, 0x00, 0x00, 0x00, 0x00, 0x00, 0x00, 0x00, 0x00, 0x00, 0x00, 0x00, 0x00, 0x00
	.byte 0x74, 0x43, 0x44, 0x47, 0x74, 0x43, 0x44, 0x47, 0x77, 0x43, 0x44, 0x77, 0x74, 0x43, 0x44, 0x47
	.byte 0x74, 0x43, 0x44, 0x47, 0x65, 0x77, 0x77, 0x56, 0x55, 0x55, 0x55, 0x55, 0x66, 0x66, 0x66, 0x66
	.byte 0x74, 0x43, 0x44, 0x47, 0x74, 0x43, 0x44, 0x47, 0x77, 0x43, 0x44, 0x77, 0x74, 0x43, 0x44, 0x47
	.byte 0x74, 0x43, 0x44, 0x47, 0x65, 0x77, 0x77, 0x56, 0x55, 0x55, 0x55, 0x55, 0x66, 0x66, 0x66, 0x66
	.byte 0xDD, 0xDD, 0xDD, 0xDD, 0xBB, 0xBB, 0xBB, 0xBB, 0xCC, 0xCC, 0xCC, 0xCC, 0xCC, 0xCC, 0xCC, 0xCC
	.byte 0x67, 0x66, 0x66, 0x66, 0x77, 0x67, 0x5C, 0x55, 0x77, 0x67, 0x5C, 0xAA, 0x77, 0x67, 0x5C, 0xAA
	.byte 0xDD, 0xDD, 0xDD, 0xDD, 0xBB, 0xBB, 0xBB, 0xBB, 0xCC, 0xCC, 0xCC, 0xCC, 0xCC, 0xCC, 0xCC, 0xCC
	.byte 0x66, 0x66, 0x66, 0x76, 0xC5, 0xCC, 0xCC, 0x76, 0x5A, 0x55, 0xB5, 0x76, 0xAA, 0xAA, 0xB5, 0x76
	.byte 0x77, 0x67, 0x5C, 0xAA, 0x77, 0x67, 0x5C, 0xAA, 0x77, 0x66, 0x66, 0xAA, 0x77, 0x46, 0x64, 0xAA
	.byte 0x77, 0x46, 0x64, 0xAA, 0x77, 0x66, 0x66, 0xAA, 0x77, 0x67, 0x5C, 0x44, 0x77, 0x67, 0x5C, 0x33
	.byte 0xAA, 0x99, 0xB5, 0x76, 0x9A, 0x99, 0xB5, 0x76, 0x99, 0x99, 0xB5, 0x76, 0x9A, 0x99, 0xB5, 0x76
	.byte 0xAA, 0x99, 0xB5, 0x76, 0xAA, 0x9A, 0xB5, 0x76, 0xA4, 0xAA, 0xC5, 0x76, 0x44, 0x44, 0xC5, 0x76
	.byte 0x77, 0x67, 0xCC, 0xEE, 0x77, 0x67, 0xCC, 0xCC, 0x77, 0x76, 0x77, 0xCC, 0x77, 0x56, 0x55, 0x77
	.byte 0x67, 0x55, 0x55, 0x55, 0x77, 0x77, 0x77, 0x77, 0x77, 0x77, 0x77, 0x77, 0x55, 0x55, 0x55, 0x55
	.byte 0x3E, 0x43, 0xC5, 0x76, 0xEC, 0xEE, 0xC5, 0x76, 0xCC, 0xCC, 0xCC, 0x76, 0xC7, 0xCC, 0xCC, 0x76
	.byte 0x75, 0x77, 0xCC, 0x76, 0x77, 0x77, 0x77, 0x77, 0x77, 0x77, 0x77, 0x77, 0x55, 0x55, 0x55, 0x55
	.byte 0x74, 0x43, 0x44, 0x47, 0x74, 0x43, 0x44, 0x47, 0x77, 0x43, 0x44, 0x77, 0x74, 0x43, 0x44, 0x47
	.byte 0x74, 0x43, 0x44, 0x47, 0x65, 0x77, 0x77, 0x56, 0x55, 0x55, 0x55, 0x55, 0x66, 0x66, 0x66, 0x66
	.byte 0x74, 0x43, 0x44, 0x47, 0x74, 0x43, 0x44, 0x47, 0x77, 0x43, 0x44, 0x77, 0x74, 0x43, 0x44, 0x47
	.byte 0x74, 0x43, 0x44, 0x47, 0x65, 0x77, 0x77, 0x56, 0x55, 0x55, 0x55, 0x55, 0x66, 0x66, 0x66, 0x66
	.byte 0xDD, 0xDD, 0xDD, 0xDD, 0xBB, 0xBB, 0xBB, 0xBB, 0xCC, 0xCC, 0xCC, 0xCC, 0xCC, 0xCC, 0xCC, 0xCC
	.byte 0x67, 0x66, 0x66, 0x66, 0x77, 0x77, 0x77, 0x67, 0x77, 0x77, 0x77, 0x67, 0x77, 0x77, 0x77, 0x67
	.byte 0xDD, 0xDD, 0xDD, 0xDD, 0xBB, 0xBB, 0xBB, 0xBB, 0xCC, 0xCC, 0xCC, 0xCC, 0xCC, 0xCC, 0xCC, 0xCC
	.byte 0x66, 0x66, 0x66, 0x76, 0x6C, 0xCC, 0x6C, 0x76, 0x6C, 0xC6, 0x6C, 0x76, 0x5C, 0x66, 0x6C, 0x76
	.byte 0x77, 0x77, 0x77, 0x67, 0x77, 0x77, 0x77, 0x66, 0x77, 0x77, 0x77, 0x46, 0x77, 0x77, 0x77, 0x46
	.byte 0x77, 0x77, 0x67, 0x66, 0x77, 0x77, 0x67, 0x65, 0x77, 0x77, 0x56, 0x65, 0x77, 0x77, 0x56, 0x65
	.byte 0x5C, 0x6A, 0x6C, 0x76, 0x5C, 0x6A, 0x6C, 0x76, 0x5C, 0x6A, 0x6C, 0x76, 0x5C, 0x6A, 0x6C, 0x76
	.byte 0x5C, 0x6A, 0x6C, 0x76, 0x5C, 0x65, 0x6C, 0x76, 0xCC, 0x65, 0x6C, 0x76, 0xCC, 0x6C, 0x6C, 0x76
	.byte 0x77, 0x67, 0x55, 0x55, 0x77, 0x67, 0x55, 0x55, 0x77, 0x56, 0x55, 0x55, 0x77, 0x56, 0x55, 0x55
	.byte 0x67, 0x55, 0x55, 0x55, 0x77, 0x77, 0x77, 0x77, 0x77, 0x77, 0x77, 0x77, 0x55, 0x55, 0x55, 0x55
	.byte 0xC7, 0xCC, 0x6C, 0x76, 0x75, 0xCC, 0x6C, 0x76, 0x55, 0xC7, 0x6C, 0x76, 0x55, 0x75, 0x6C, 0x76
	.byte 0x55, 0x55, 0x67, 0x76, 0x77, 0x77, 0x77, 0x77, 0x77, 0x77, 0x77, 0x77, 0x55, 0x55, 0x55, 0x55
	.byte 0x74, 0x43, 0x44, 0x47, 0x74, 0x43, 0x44, 0x47, 0x77, 0x43, 0x44, 0x77, 0x74, 0x43, 0x44, 0x47
	.byte 0x74, 0x43, 0x44, 0x47, 0x65, 0x77, 0x77, 0x56, 0x55, 0x55, 0x55, 0x55, 0x66, 0x66, 0x66, 0x66
	.byte 0x74, 0x43, 0x44, 0x47, 0x74, 0x43, 0x44, 0x47, 0x77, 0x43, 0x44, 0x77, 0x74, 0x43, 0x44, 0x47
	.byte 0x74, 0x43, 0x44, 0x47, 0x65, 0x77, 0x77, 0x56, 0x55, 0x55, 0x55, 0x55, 0x66, 0x66, 0x66, 0x66
	.byte 0xDD, 0xDD, 0xDD, 0xDD, 0xBB, 0xBB, 0xBB, 0xBB, 0xCC, 0xCC, 0xCC, 0xCC, 0xCC, 0xCC, 0xCC, 0xCC
	.byte 0x67, 0x66, 0x66, 0x66, 0x77, 0x77, 0x77, 0x77, 0x77, 0x77, 0x77, 0x77, 0x77, 0x77, 0x77, 0x77
	.byte 0xDD, 0xDD, 0xDD, 0xDD, 0xBB, 0xBB, 0xBB, 0xBB, 0xCC, 0xCC, 0xCC, 0xCC, 0xCC, 0xCC, 0xCC, 0xCC
	.byte 0x66, 0x66, 0x66, 0x76, 0x77, 0x77, 0x77, 0x77, 0x77, 0x77, 0x77, 0x77, 0x77, 0x77, 0x77, 0x77
	.byte 0x77, 0x77, 0x77, 0x77, 0x77, 0x77, 0x77, 0x77, 0x77, 0x77, 0x77, 0x66, 0x77, 0x77, 0x77, 0x56
	.byte 0x77, 0x77, 0x67, 0x55, 0x77, 0x77, 0x67, 0x55, 0x77, 0x77, 0x56, 0x55, 0x77, 0x77, 0x56, 0x55
	.byte 0x77, 0x77, 0x77, 0x77, 0x77, 0x77, 0x77, 0x77, 0x66, 0x66, 0x66, 0x76, 0x55, 0x55, 0x55, 0x75
	.byte 0x55, 0x55, 0x55, 0x75, 0x55, 0x55, 0x55, 0x75, 0x55, 0x55, 0x55, 0x75, 0x55, 0x55, 0x55, 0x75
	.byte 0x77, 0x67, 0x55, 0x55, 0x77, 0x67, 0x55, 0x55, 0x77, 0x56, 0x55, 0x55, 0x77, 0x56, 0x55, 0x55
	.byte 0x67, 0x55, 0x55, 0x55, 0x77, 0x77, 0x77, 0x77, 0x77, 0x77, 0x77, 0x77, 0x55, 0x55, 0x55, 0x55
	.byte 0x55, 0x55, 0x55, 0x75, 0x55, 0x55, 0x55, 0x75, 0x55, 0x55, 0x55, 0x75, 0x55, 0x55, 0x55, 0x75
	.byte 0x55, 0x55, 0x55, 0x75, 0x77, 0x77, 0x77, 0x77, 0x77, 0x77, 0x77, 0x77, 0x55, 0x55, 0x55, 0x55
	.byte 0x00, 0x00, 0x00, 0x00, 0x00, 0x00, 0x00, 0x00, 0x00, 0x00, 0x00, 0x00, 0x00, 0x00, 0x00, 0x00
	.byte 0x00, 0x00, 0x00, 0x00, 0x00, 0x00, 0x00, 0x00, 0x00, 0x00, 0x00, 0x00, 0x00, 0x00, 0x00, 0x00
	.byte 0xE6, 0xEE, 0xEE, 0xEE, 0xE6, 0xEE, 0xEE, 0xEE, 0xD6, 0xDD, 0xDD, 0xDD, 0x66, 0x66, 0x66, 0x66
	.byte 0x66, 0x66, 0x66, 0x66, 0x77, 0x77, 0x77, 0x77, 0x66, 0x66, 0x66, 0x66, 0x66, 0x66, 0x66, 0x66
	.byte 0xE6, 0xEE, 0xEE, 0xEE, 0xE6, 0xEE, 0xEE, 0xEE, 0xD6, 0xDD, 0xDD, 0xDD, 0x66, 0x66, 0x66, 0x66
	.byte 0x66, 0x66, 0x66, 0x66, 0x77, 0x77, 0x77, 0x77, 0x66, 0x66, 0x66, 0x66, 0x66, 0x66, 0x66, 0x66
	.byte 0x56, 0x55, 0x55, 0x55, 0x56, 0x55, 0x55, 0x55, 0x56, 0x55, 0x55, 0x55, 0x66, 0x66, 0x66, 0x66
	.byte 0x77, 0x77, 0x77, 0x77, 0x77, 0x77, 0xE6, 0x66, 0x77, 0x77, 0xE6, 0xA6, 0x77, 0x77, 0xE6, 0xA6
	.byte 0x55, 0x55, 0x55, 0x55, 0x55, 0x55, 0x55, 0x55, 0x55, 0x55, 0x55, 0x55, 0x66, 0x66, 0x66, 0x66
	.byte 0x77, 0x77, 0x77, 0x77, 0xE6, 0xEE, 0xEE, 0x76, 0xAA, 0x66, 0xD6, 0x76, 0xAA, 0xAA, 0xD6, 0x76
	.byte 0x77, 0x77, 0xE6, 0xA6, 0x77, 0x77, 0xE6, 0x66, 0x77, 0x77, 0x66, 0xEE, 0x77, 0x67, 0x33, 0xE6
	.byte 0x77, 0x67, 0x33, 0xE6, 0x77, 0x77, 0x66, 0xEE, 0x77, 0x77, 0xE6, 0xEE, 0x77, 0x77, 0xE6, 0xEE
	.byte 0xAA, 0xA9, 0xD6, 0x76, 0x96, 0xA9, 0xD6, 0x76, 0xDE, 0x66, 0xD6, 0x76, 0xDD, 0xDD, 0xDD, 0x76
	.byte 0xDE, 0xDD, 0xDD, 0x76, 0xEE, 0xDD, 0xDD, 0x76, 0xEE, 0xDE, 0xDD, 0x76, 0xEE, 0xEE, 0xDD, 0x76
	.byte 0x77, 0x77, 0xE6, 0xEE, 0x77, 0x77, 0x77, 0xEE, 0x77, 0x67, 0x55, 0x77, 0x77, 0x56, 0x55, 0x55
	.byte 0x67, 0x55, 0x55, 0x55, 0x77, 0x77, 0x77, 0x77, 0x77, 0x77, 0x77, 0x77, 0x55, 0x55, 0x55, 0x55
	.byte 0xEE, 0xEE, 0xDE, 0x76, 0xEE, 0xEE, 0xEE, 0x76, 0xEE, 0xEE, 0xEE, 0x76, 0x77, 0xEE, 0xEE, 0x76
	.byte 0x55, 0x77, 0xEE, 0x76, 0x77, 0x77, 0x77, 0x77, 0x77, 0x77, 0x77, 0x77, 0x55, 0x55, 0x55, 0x55
	.byte 0xE6, 0xEE, 0xEE, 0xEE, 0xE6, 0xEE, 0xEE, 0xEE, 0xD6, 0xDD, 0xDD, 0xDD, 0x66, 0x66, 0x66, 0x66
	.byte 0x66, 0x66, 0x66, 0x66, 0x77, 0x77, 0x77, 0x77, 0x66, 0x66, 0x66, 0x66, 0x66, 0x66, 0x66, 0x66
	.byte 0xE6, 0xEE, 0xEE, 0xEE, 0xE6, 0xEE, 0xEE, 0xEE, 0xD6, 0xDD, 0xDD, 0xDD, 0x66, 0x66, 0x66, 0x66
	.byte 0x66, 0x66, 0x66, 0x66, 0x77, 0x77, 0x77, 0x77, 0x66, 0x66, 0x66, 0x66, 0x66, 0x66, 0x66, 0x66
	.byte 0x56, 0x55, 0x55, 0x55, 0x56, 0x55, 0x55, 0x55, 0x56, 0x55, 0x55, 0x55, 0x66, 0x66, 0x66, 0x66
	.byte 0x77, 0x77, 0x77, 0x77, 0x77, 0x77, 0x77, 0x77, 0x77, 0x77, 0x77, 0x77, 0x77, 0x77, 0x77, 0x77
	.byte 0x55, 0x55, 0x55, 0x55, 0x55, 0x55, 0x55, 0x55, 0x55, 0x55, 0x55, 0x55, 0x66, 0x66, 0x66, 0x66
	.byte 0x77, 0x77, 0x77, 0x77, 0xE6, 0xE6, 0xEE, 0x76, 0xE6, 0x66, 0xEE, 0x76, 0xE6, 0x66, 0xE6, 0x76
	.byte 0x77, 0x77, 0x77, 0x77, 0x77, 0x77, 0x77, 0x67, 0x77, 0x77, 0x77, 0x66, 0x77, 0x77, 0x77, 0x66
	.byte 0x77, 0x77, 0x67, 0x65, 0x77, 0x77, 0x67, 0x55, 0x77, 0x77, 0x56, 0x55, 0x77, 0x77, 0x56, 0x55
	.byte 0xE6, 0x66, 0xE6, 0x76, 0xE6, 0x6E, 0xE6, 0x76, 0xE3, 0xEE, 0xE6, 0x76, 0xE3, 0xEE, 0xEE, 0x76
	.byte 0xE6, 0xEE, 0xEE, 0x76, 0xE6, 0xEE, 0xEE, 0x76, 0xE6, 0xEE, 0xEE, 0x76, 0xE6, 0xEE, 0xEE, 0x76
	.byte 0x77, 0x67, 0x55, 0x55, 0x77, 0x67, 0x55, 0x55, 0x77, 0x56, 0x55, 0x55, 0x77, 0x56, 0x55, 0x55
	.byte 0x67, 0x55, 0x55, 0x55, 0x77, 0x77, 0x77, 0x77, 0x77, 0x77, 0x77, 0x77, 0x55, 0x55, 0x55, 0x55
	.byte 0xE6, 0xEE, 0xEE, 0x76, 0x75, 0xEE, 0xEE, 0x76, 0x55, 0xE7, 0xEE, 0x76, 0x55, 0x75, 0xEE, 0x76
	.byte 0x55, 0x55, 0xE7, 0x76, 0x77, 0x77, 0x77, 0x76, 0x77, 0x77, 0x77, 0x77, 0x55, 0x55, 0x55, 0x75
	.byte 0xE6, 0xEE, 0xEE, 0xEE, 0xE6, 0xEE, 0xEE, 0xEE, 0xD6, 0xDD, 0xDD, 0xDD, 0x66, 0x66, 0x66, 0x66
	.byte 0x66, 0x66, 0x66, 0x66, 0x77, 0x77, 0x77, 0x77, 0x66, 0x66, 0x66, 0x66, 0x66, 0x66, 0x66, 0x66
	.byte 0xE6, 0xEE, 0xEE, 0xEE, 0xE6, 0xEE, 0xEE, 0xEE, 0xD6, 0xDD, 0xDD, 0xDD, 0x66, 0x66, 0x66, 0x66
	.byte 0x66, 0x66, 0x66, 0x66, 0x77, 0x77, 0x77, 0x77, 0x66, 0x66, 0x66, 0x66, 0x66, 0x66, 0x66, 0x66
	.byte 0x56, 0x55, 0x55, 0x55, 0x56, 0x55, 0x55, 0x55, 0x56, 0x55, 0x55, 0x55, 0x66, 0x66, 0x66, 0x66
	.byte 0x77, 0x77, 0x77, 0x77, 0x77, 0x77, 0x77, 0x77, 0x77, 0x77, 0x77, 0x77, 0x77, 0x77, 0x77, 0x77
	.byte 0x55, 0x55, 0x55, 0x55, 0x55, 0x55, 0x55, 0x55, 0x55, 0x55, 0x55, 0x55, 0x66, 0x66, 0x66, 0x66
	.byte 0x77, 0x77, 0x77, 0x77, 0x77, 0x77, 0x77, 0x76, 0x77, 0x77, 0x77, 0x76, 0x77, 0x77, 0x77, 0x76
	.byte 0x77, 0x77, 0x77, 0x77, 0x77, 0x77, 0x77, 0x77, 0x77, 0x77, 0x77, 0x66, 0x77, 0x77, 0x77, 0x56
	.byte 0x77, 0x77, 0x67, 0x55, 0x77, 0x77, 0x67, 0x55, 0x77, 0x77, 0x56, 0x55, 0x77, 0x77, 0x56, 0x55
	.byte 0x77, 0x77, 0x77, 0x76, 0x77, 0x77, 0x77, 0x76, 0x66, 0x66, 0x66, 0x76, 0x55, 0x55, 0x55, 0x76
	.byte 0x55, 0x55, 0x55, 0x76, 0x55, 0x55, 0x55, 0x76, 0x55, 0x55, 0x55, 0x76, 0x55, 0x55, 0x55, 0x76
	.byte 0x77, 0x67, 0x55, 0x55, 0x77, 0x67, 0x55, 0x55, 0x77, 0x56, 0x55, 0x55, 0x77, 0x56, 0x55, 0x55
	.byte 0x67, 0x55, 0x55, 0x55, 0x77, 0x77, 0x77, 0x77, 0x77, 0x77, 0x77, 0x77, 0x55, 0x55, 0x55, 0x55
	.byte 0x55, 0x55, 0x55, 0x76, 0x55, 0x55, 0x55, 0x76, 0x55, 0x55, 0x55, 0x76, 0x55, 0x55, 0x55, 0x76
	.byte 0x55, 0x55, 0x55, 0x76, 0x77, 0x77, 0x77, 0x76, 0x77, 0x77, 0x77, 0x77, 0x55, 0x55, 0x55, 0x55
	.byte 0x00, 0x00, 0x00, 0x00, 0x00, 0x00, 0x00, 0x00, 0x00, 0x00, 0x00, 0x00, 0x00, 0x00, 0x00, 0x00
	.byte 0x00, 0x00, 0x00, 0x00, 0x00, 0x00, 0x00, 0x00, 0x00, 0x00, 0x00, 0x00, 0x00, 0x00, 0x00, 0x00
	.byte 0xED, 0xE7, 0x6E, 0xDB, 0xED, 0xE7, 0x6E, 0xDB, 0x67, 0xE7, 0x6E, 0x76, 0x77, 0x66, 0x66, 0x77
	.byte 0x66, 0x77, 0x77, 0x66, 0x77, 0x77, 0x77, 0x77, 0x66, 0x66, 0x66, 0x66, 0x66, 0x66, 0x66, 0x66
	.byte 0xED, 0xE7, 0x6E, 0xDB, 0xED, 0xE7, 0x6E, 0xDB, 0x67, 0xE7, 0x6E, 0x76, 0x77, 0x66, 0x66, 0x77
	.byte 0x66, 0x77, 0x77, 0x66, 0x77, 0x77, 0x77, 0x77, 0x66, 0x66, 0x66, 0x66, 0x66, 0x66, 0x66, 0x66
	.byte 0xDD, 0xDD, 0xDD, 0xDD, 0xEE, 0xEE, 0xEE, 0xEE, 0x66, 0x66, 0x66, 0x66, 0x44, 0x44, 0x44, 0x44
	.byte 0x77, 0x77, 0x77, 0x77, 0x77, 0x77, 0xE6, 0x66, 0x77, 0x77, 0xE6, 0xE6, 0x77, 0x77, 0xE6, 0xE6
	.byte 0xDD, 0xDD, 0xDD, 0xDD, 0xEE, 0xEE, 0xEE, 0xEE, 0x66, 0x66, 0x66, 0x66, 0x44, 0x44, 0x44, 0x44
	.byte 0x77, 0x77, 0x77, 0x77, 0xEE, 0xEE, 0xE6, 0x76, 0x66, 0xEE, 0xD6, 0x76, 0xE6, 0x66, 0xD5, 0x76
	.byte 0x77, 0x77, 0xE6, 0xE6, 0x77, 0x77, 0xE6, 0x66, 0x77, 0x77, 0x76, 0xE7, 0x77, 0x77, 0x76, 0xE7
	.byte 0x77, 0x77, 0x76, 0x67, 0x77, 0x77, 0xE6, 0xE6, 0x77, 0x77, 0x66, 0xE6, 0x77, 0x77, 0xE6, 0x66
	.byte 0xE6, 0xD6, 0xD5, 0x76, 0xE6, 0xD5, 0xD5, 0x76, 0x66, 0xD5, 0xD5, 0x76, 0xEE, 0x66, 0xD5, 0x76
	.byte 0xEE, 0xDE, 0xD5, 0x76, 0x66, 0xDE, 0xD5, 0x76, 0xE6, 0x66, 0xD5, 0x76, 0xE6, 0xE6, 0xD5, 0x76
	.byte 0x77, 0x77, 0xE6, 0xEE, 0x77, 0x77, 0x77, 0xEE, 0x77, 0x67, 0x55, 0x77, 0x77, 0x56, 0x55, 0x55
	.byte 0x67, 0x55, 0x55, 0x55, 0x77, 0x77, 0x77, 0x77, 0x77, 0x77, 0x77, 0x77, 0x55, 0x55, 0x55, 0x55
	.byte 0x66, 0xE6, 0xD6, 0x76, 0xEE, 0x66, 0xE6, 0x76, 0xEE, 0xEE, 0xE6, 0x76, 0x77, 0xEE, 0xE6, 0x76
	.byte 0x55, 0x77, 0xE6, 0x76, 0x77, 0x77, 0x77, 0x77, 0x77, 0x77, 0x77, 0x77, 0x55, 0x55, 0x55, 0x55
	.byte 0xED, 0xE7, 0x6E, 0xDB, 0xED, 0xE7, 0x6E, 0xDB, 0x67, 0xE7, 0x6E, 0x76, 0x77, 0x66, 0x66, 0x77
	.byte 0x66, 0x77, 0x77, 0x66, 0x77, 0x77, 0x77, 0x77, 0x66, 0x66, 0x66, 0x66, 0x66, 0x66, 0x66, 0x66
	.byte 0xED, 0xE7, 0x6E, 0xDB, 0xED, 0xE7, 0x6E, 0xDB, 0x67, 0xE7, 0x6E, 0x76, 0x77, 0x66, 0x66, 0x77
	.byte 0x66, 0x77, 0x77, 0x66, 0x77, 0x77, 0x77, 0x77, 0x66, 0x66, 0x66, 0x66, 0x66, 0x66, 0x66, 0x66
	.byte 0xDD, 0xDD, 0xDD, 0xDD, 0xEE, 0xEE, 0xEE, 0xEE, 0x66, 0x66, 0x66, 0x66, 0x44, 0x44, 0x44, 0x44
	.byte 0x77, 0x77, 0x77, 0x77, 0x77, 0x77, 0x77, 0x77, 0x77, 0x77, 0x77, 0x77, 0x77, 0x77, 0x77, 0x77
	.byte 0xDD, 0xDD, 0xDD, 0xDD, 0xEE, 0xEE, 0xEE, 0xEE, 0x66, 0x66, 0x66, 0x66, 0x44, 0x44, 0x44, 0x44
	.byte 0x77, 0x77, 0x77, 0x77, 0xE6, 0x66, 0xEE, 0x76, 0xE6, 0xE6, 0xE6, 0x76, 0x66, 0xE6, 0x66, 0x76
	.byte 0x77, 0x77, 0x77, 0x77, 0x77, 0x77, 0x77, 0x67, 0x77, 0x77, 0x77, 0x66, 0x77, 0x77, 0x77, 0x66
	.byte 0x77, 0x77, 0x67, 0x55, 0x77, 0x77, 0x67, 0x55, 0x77, 0x77, 0x56, 0x55, 0x77, 0x77, 0x56, 0x55
	.byte 0xE6, 0xE6, 0xE6, 0x76, 0xE6, 0x6E, 0xE6, 0x76, 0x67, 0xEE, 0xE6, 0x76, 0xE7, 0xE6, 0x6E, 0x76
	.byte 0xE6, 0x66, 0xEE, 0x76, 0xE6, 0xE6, 0xE6, 0x76, 0x66, 0xE6, 0x66, 0x76, 0xE6, 0xE6, 0xE6, 0x76
	.byte 0x77, 0x67, 0x55, 0x55, 0x77, 0x67, 0x55, 0x55, 0x77, 0x56, 0x55, 0x55, 0x77, 0x56, 0x55, 0x55
	.byte 0x67, 0x55, 0x55, 0x55, 0x77, 0x77, 0x77, 0x77, 0x77, 0x77, 0x77, 0x77, 0x55, 0x55, 0x55, 0x55
	.byte 0xE6, 0x6E, 0xE6, 0x76, 0x75, 0xEE, 0xE6, 0x76, 0x55, 0xE7, 0x6E, 0x76, 0x55, 0x75, 0xEE, 0x76
	.byte 0x55, 0x55, 0xE7, 0x76, 0x77, 0x77, 0x77, 0x76, 0x77, 0x77, 0x77, 0x77, 0x55, 0x55, 0x55, 0x55
	.byte 0xED, 0xE7, 0x6E, 0xDB, 0xED, 0xE7, 0x6E, 0xDB, 0x67, 0xE7, 0x6E, 0x76, 0x77, 0x66, 0x66, 0x77
	.byte 0x66, 0x77, 0x77, 0x66, 0x77, 0x77, 0x77, 0x77, 0x66, 0x66, 0x66, 0x66, 0x66, 0x66, 0x66, 0x66
	.byte 0xED, 0xE7, 0x6E, 0xDB, 0xED, 0xE7, 0x6E, 0xDB, 0x67, 0xE7, 0x6E, 0x76, 0x77, 0x66, 0x66, 0x77
	.byte 0x66, 0x77, 0x77, 0x66, 0x77, 0x77, 0x77, 0x77, 0x66, 0x66, 0x66, 0x66, 0x66, 0x66, 0x66, 0x66
	.byte 0xDD, 0xDD, 0xDD, 0xDD, 0xEE, 0xEE, 0xEE, 0xEE, 0x66, 0x66, 0x66, 0x66, 0x44, 0x44, 0x44, 0x44
	.byte 0x77, 0x77, 0x77, 0x77, 0x77, 0x77, 0x77, 0x77, 0x77, 0x77, 0x77, 0x77, 0x77, 0x77, 0x77, 0x77
	.byte 0xDD, 0xDD, 0xDD, 0xDD, 0xEE, 0xEE, 0xEE, 0xEE, 0x66, 0x66, 0x66, 0x66, 0x44, 0x44, 0x44, 0x44
	.byte 0x77, 0x77, 0x77, 0x77, 0x77, 0x77, 0x77, 0x76, 0x77, 0x77, 0x77, 0x76, 0x77, 0x77, 0x77, 0x76
	.byte 0x77, 0x77, 0x77, 0x77, 0x77, 0x77, 0x77, 0x77, 0x77, 0x77, 0x77, 0x66, 0x77, 0x77, 0x77, 0x56
	.byte 0x77, 0x77, 0x67, 0x55, 0x77, 0x77, 0x67, 0x55, 0x77, 0x77, 0x56, 0x55, 0x77, 0x77, 0x56, 0x55
	.byte 0x77, 0x77, 0x77, 0x76, 0x77, 0x77, 0x77, 0x76, 0x66, 0x66, 0x66, 0x76, 0x55, 0x55, 0x55, 0x76
	.byte 0x55, 0x55, 0x55, 0x76, 0x55, 0x55, 0x55, 0x76, 0x55, 0x55, 0x55, 0x76, 0x55, 0x55, 0x55, 0x76
	.byte 0x77, 0x67, 0x55, 0x55, 0x77, 0x67, 0x55, 0x55, 0x77, 0x56, 0x55, 0x55, 0x77, 0x56, 0x55, 0x55
	.byte 0x67, 0x55, 0x55, 0x55, 0x77, 0x77, 0x77, 0x77, 0x77, 0x77, 0x77, 0x77, 0x55, 0x55, 0x55, 0x55
	.byte 0x55, 0x55, 0x55, 0x76, 0x55, 0x55, 0x55, 0x76, 0x55, 0x55, 0x55, 0x76, 0x55, 0x55, 0x55, 0x76
	.byte 0x55, 0x55, 0x55, 0x76, 0x77, 0x77, 0x77, 0x76, 0x77, 0x77, 0x77, 0x77, 0x55, 0x55, 0x55, 0x55
	.byte 0x00, 0x00, 0x00, 0x00, 0x00, 0x00, 0x00, 0x00, 0x00, 0x00, 0x00, 0x00, 0x00, 0x00, 0x00, 0x00
	.byte 0x00, 0x00, 0x00, 0x00, 0x00, 0x00, 0x00, 0x00, 0x00, 0x00, 0x00, 0x00, 0x00, 0x00, 0x00, 0x00
	.byte 0x55, 0x55, 0x55, 0x55, 0x55, 0x55, 0x55, 0x55, 0x55, 0x55, 0x55, 0x55, 0x55, 0x55, 0x55, 0x55
	.byte 0x66, 0x66, 0x66, 0x66, 0x55, 0x55, 0x55, 0x55, 0x77, 0x77, 0x77, 0x77, 0x66, 0x66, 0x66, 0x66
	.byte 0x55, 0x55, 0x55, 0x55, 0x55, 0x55, 0x55, 0x55, 0x55, 0x55, 0x55, 0x55, 0x55, 0x55, 0x55, 0x55
	.byte 0x66, 0x66, 0x66, 0x66, 0x55, 0x55, 0x55, 0x55, 0x77, 0x77, 0x77, 0x77, 0x66, 0x66, 0x66, 0x66
	.byte 0xEE, 0xEE, 0xEE, 0xEE, 0xEE, 0xEE, 0xEE, 0xEE, 0xEE, 0xEE, 0xEE, 0xEE, 0xEE, 0xEE, 0xEE, 0xEE
	.byte 0x77, 0x77, 0x77, 0x77, 0xAA, 0xAA, 0x7A, 0x77, 0x99, 0x99, 0x79, 0x77, 0x99, 0x99, 0x79, 0x77
	.byte 0xEE, 0xEE, 0xEE, 0xEE, 0xEE, 0xEE, 0xEE, 0xEE, 0xEE, 0xEE, 0xEE, 0xEE, 0xEE, 0xEE, 0xEE, 0xEE
	.byte 0x77, 0x77, 0x77, 0x77, 0x77, 0xA7, 0xAA, 0xAA, 0x77, 0x97, 0x99, 0x99, 0x77, 0x97, 0x99, 0x99
	.byte 0xC9, 0x9C, 0x79, 0x77, 0xC9, 0xCC, 0x79, 0x77, 0xC9, 0xCC, 0x79, 0x66, 0xC9, 0x9C, 0x79, 0x56
	.byte 0x99, 0x99, 0x71, 0x55, 0x19, 0x19, 0x71, 0x55, 0x19, 0x19, 0x71, 0x55, 0x19, 0x93, 0x71, 0x55
	.byte 0x77, 0x97, 0xC9, 0x9C, 0x77, 0x97, 0xCC, 0x9C, 0x66, 0x97, 0xCC, 0x9C, 0x55, 0x97, 0xC9, 0x9C
	.byte 0x55, 0x17, 0x99, 0x99, 0x55, 0x17, 0x91, 0x91, 0x55, 0x17, 0x91, 0x91, 0x55, 0x17, 0x39, 0x91
	.byte 0x19, 0x31, 0x79, 0x55, 0x39, 0x11, 0x71, 0x55, 0x99, 0x13, 0x71, 0x55, 0x99, 0x99, 0x79, 0x55
	.byte 0xAA, 0xAA, 0x7A, 0x55, 0xAA, 0xAA, 0x7A, 0x55, 0x77, 0x77, 0x77, 0x77, 0x55, 0x55, 0x55, 0x55
	.byte 0x55, 0x97, 0x13, 0x91, 0x55, 0x17, 0x11, 0x93, 0x55, 0x17, 0x31, 0x99, 0x55, 0x97, 0x99, 0x99
	.byte 0x55, 0xA7, 0xAA, 0xAA, 0x55, 0xA7, 0xAA, 0xAA, 0x77, 0x77, 0x77, 0x77, 0x55, 0x55, 0x55, 0x55
	.byte 0x55, 0x55, 0x55, 0x55, 0x55, 0x55, 0x55, 0x55, 0x55, 0x55, 0x55, 0x55, 0x55, 0x55, 0x55, 0x55
	.byte 0x66, 0x66, 0x66, 0x66, 0x55, 0x55, 0x55, 0x55, 0x77, 0x77, 0x77, 0x77, 0x66, 0x66, 0x66, 0x66
	.byte 0x55, 0x55, 0x55, 0x55, 0x55, 0x55, 0x55, 0x55, 0x55, 0x55, 0x55, 0x55, 0x55, 0x55, 0x55, 0x55
	.byte 0x66, 0x66, 0x66, 0x66, 0x55, 0x55, 0x55, 0x55, 0x77, 0x77, 0x77, 0x77, 0x66, 0x66, 0x66, 0x66
	.byte 0xEE, 0xEE, 0xEE, 0xEE, 0xEE, 0xEE, 0xEE, 0xEE, 0xEE, 0xEE, 0xEE, 0xEE, 0xEE, 0xEE, 0xEE, 0xEE
	.byte 0x77, 0x77, 0x77, 0x77, 0xAA, 0x7A, 0x77, 0x77, 0x99, 0x79, 0x77, 0x77, 0x99, 0x79, 0x77, 0x77
	.byte 0xEE, 0xEE, 0xEE, 0xEE, 0xEE, 0xEE, 0xEE, 0xEE, 0xEE, 0xEE, 0xEE, 0xEE, 0xEE, 0xEE, 0xEE, 0xEE
	.byte 0x77, 0x77, 0x77, 0x77, 0x77, 0x77, 0xA7, 0xAA, 0x77, 0x77, 0x97, 0x99, 0x77, 0x77, 0x97, 0x99
	.byte 0x9C, 0x79, 0x77, 0x77, 0xCC, 0x79, 0x77, 0x77, 0xCC, 0x79, 0x77, 0x66, 0x9C, 0x79, 0x77, 0x56
	.byte 0x99, 0x71, 0x67, 0x55, 0x19, 0x71, 0x67, 0x55, 0x19, 0x71, 0x56, 0x55, 0x93, 0x71, 0x56, 0x55
	.byte 0x77, 0x77, 0x97, 0xC9, 0x77, 0x77, 0x97, 0xCC, 0x66, 0x66, 0x97, 0xCC, 0x55, 0x55, 0x97, 0xC9
	.byte 0x55, 0x55, 0x17, 0x99, 0x55, 0x55, 0x17, 0x91, 0x55, 0x55, 0x17, 0x91, 0x55, 0x55, 0x17, 0x39
	.byte 0x31, 0x79, 0x55, 0x55, 0x11, 0x71, 0x55, 0x55, 0x13, 0x71, 0x55, 0x55, 0x99, 0x79, 0x55, 0x55
	.byte 0xAA, 0x7A, 0x55, 0x55, 0xAA, 0x7A, 0x55, 0x55, 0x77, 0x77, 0x77, 0x77, 0x55, 0x55, 0x55, 0x55
	.byte 0x55, 0x55, 0x97, 0x13, 0x55, 0x55, 0x17, 0x11, 0x55, 0x55, 0x17, 0x31, 0x55, 0x55, 0x97, 0x99
	.byte 0x55, 0x55, 0xA7, 0xAA, 0x55, 0x55, 0xA7, 0xAA, 0x77, 0x77, 0x77, 0x77, 0x55, 0x55, 0x55, 0x55
	.byte 0x55, 0x55, 0x55, 0x55, 0x55, 0x55, 0x55, 0x55, 0x55, 0x55, 0x55, 0x55, 0x55, 0x55, 0x55, 0x55
	.byte 0x66, 0x66, 0x66, 0x66, 0x55, 0x55, 0x55, 0x55, 0x77, 0x77, 0x77, 0x77, 0x66, 0x66, 0x66, 0x66
	.byte 0x55, 0x55, 0x55, 0x55, 0x55, 0x55, 0x55, 0x55, 0x55, 0x55, 0x55, 0x55, 0x55, 0x55, 0x55, 0x55
	.byte 0x66, 0x66, 0x66, 0x66, 0x55, 0x55, 0x55, 0x55, 0x77, 0x77, 0x77, 0x77, 0x66, 0x66, 0x66, 0x66
	.byte 0xEE, 0xEE, 0xEE, 0xEE, 0xEE, 0xEE, 0xEE, 0xEE, 0xEE, 0xEE, 0xEE, 0xEE, 0xEE, 0xEE, 0xEE, 0xEE
	.byte 0x77, 0x77, 0x77, 0x77, 0x77, 0x77, 0x77, 0x77, 0x77, 0x77, 0x77, 0x77, 0x77, 0x77, 0x77, 0x77
	.byte 0xEE, 0xEE, 0xEE, 0xEE, 0xEE, 0xEE, 0xEE, 0xEE, 0xEE, 0xEE, 0xEE, 0xEE, 0xEE, 0xEE, 0xEE, 0xEE
	.byte 0x77, 0x77, 0x77, 0x77, 0x77, 0x77, 0x77, 0x77, 0x77, 0x77, 0x77, 0x77, 0x77, 0x77, 0x77, 0x77
	.byte 0x77, 0x77, 0x77, 0x77, 0x77, 0x77, 0x77, 0x77, 0x77, 0x77, 0x77, 0x67, 0x77, 0x77, 0x77, 0x67
	.byte 0x77, 0x77, 0x77, 0x56, 0x77, 0x77, 0x77, 0x56, 0x77, 0x77, 0x67, 0x55, 0x77, 0x77, 0x67, 0x55
	.byte 0x77, 0x77, 0x77, 0x77, 0x77, 0x77, 0x77, 0x77, 0x66, 0x66, 0x66, 0x66, 0x55, 0x55, 0x55, 0x55
	.byte 0x55, 0x55, 0x55, 0x55, 0x55, 0x55, 0x55, 0x55, 0x55, 0x55, 0x55, 0x55, 0x55, 0x55, 0x55, 0x55
	.byte 0x77, 0x77, 0x56, 0x55, 0x77, 0x77, 0x56, 0x55, 0x77, 0x67, 0x55, 0x55, 0x77, 0x67, 0x55, 0x55
	.byte 0x77, 0x56, 0x55, 0x55, 0x77, 0x56, 0x55, 0x55, 0x77, 0x77, 0x77, 0x77, 0x55, 0x55, 0x55, 0x55
	.byte 0x55, 0x55, 0x55, 0x55, 0x55, 0x55, 0x55, 0x55, 0x55, 0x55, 0x55, 0x55, 0x55, 0x55, 0x55, 0x55
	.byte 0x55, 0x55, 0x55, 0x55, 0x55, 0x55, 0x55, 0x55, 0x77, 0x77, 0x77, 0x77, 0x55, 0x55, 0x55, 0x55
	.byte 0x00, 0x00, 0x00, 0x00, 0x00, 0x00, 0x00, 0x00, 0x00, 0x00, 0x00, 0x00, 0x00, 0x00, 0x00, 0x00
	.byte 0x00, 0x00, 0x00, 0x00, 0x00, 0x00, 0x00, 0x00, 0x00, 0x00, 0x00, 0x00, 0x00, 0x00, 0x00, 0x00
	.byte 0x66, 0x66, 0x66, 0x66, 0xDD, 0xDD, 0xDD, 0xDD, 0xDD, 0xDD, 0xDD, 0xDD, 0xEE, 0xEE, 0xEE, 0xEE
	.byte 0xEE, 0xEE, 0xEE, 0xEE, 0x77, 0x77, 0x77, 0x77, 0x66, 0x66, 0x66, 0x66, 0x66, 0x66, 0x66, 0x66
	.byte 0x66, 0x66, 0x66, 0x66, 0xDD, 0xDD, 0xDD, 0xDD, 0xDD, 0xDD, 0xDD, 0xDD, 0xEE, 0xEE, 0xEE, 0xEE
	.byte 0xEE, 0xEE, 0xEE, 0xEE, 0x77, 0x77, 0x77, 0x77, 0x66, 0x66, 0x66, 0x66, 0x66, 0x66, 0x66, 0x66
	.byte 0x56, 0x55, 0x55, 0x55, 0x56, 0x55, 0x55, 0x55, 0x56, 0x55, 0x55, 0x55, 0x56, 0x55, 0x55, 0x55
	.byte 0x77, 0x77, 0x77, 0x77, 0x77, 0x77, 0xE6, 0xEE, 0x77, 0x77, 0xE6, 0x7E, 0x77, 0x77, 0xE6, 0xEE
	.byte 0x55, 0x55, 0x55, 0x65, 0x55, 0x55, 0x55, 0x65, 0x55, 0x55, 0x55, 0x65, 0x55, 0x55, 0x55, 0x65
	.byte 0x77, 0x77, 0x77, 0x77, 0x76, 0xEE, 0xEE, 0x76, 0x77, 0xE7, 0xDE, 0x76, 0x77, 0xE7, 0xDD, 0x76
	.byte 0x77, 0x77, 0xE6, 0xEE, 0x77, 0x77, 0xE6, 0xEE, 0x77, 0x77, 0x66, 0xEE, 0x77, 0x67, 0x33, 0xE6
	.byte 0x77, 0x67, 0x33, 0xE6, 0x77, 0x77, 0x66, 0xEE, 0x77, 0x77, 0xE6, 0xEE, 0x77, 0x77, 0xE6, 0xEE
	.byte 0x77, 0xDE, 0xDD, 0x76, 0x67, 0xDD, 0xDD, 0x76, 0x6E, 0xDD, 0xDD, 0x76, 0xDD, 0xDD, 0xDD, 0x76
	.byte 0xDE, 0xDD, 0xDD, 0x76, 0xEE, 0xDD, 0xDD, 0x76, 0xEE, 0xDE, 0xDD, 0x76, 0xEE, 0xEE, 0xDD, 0x76
	.byte 0x77, 0x77, 0xE6, 0xEE, 0x77, 0x77, 0x77, 0xEE, 0x77, 0x67, 0x55, 0x77, 0x77, 0x56, 0x55, 0x55
	.byte 0x67, 0x55, 0x55, 0x55, 0x77, 0x77, 0x77, 0x77, 0x77, 0x77, 0x77, 0x77, 0x55, 0x55, 0x55, 0x55
	.byte 0xEE, 0xEE, 0xDE, 0x76, 0xEE, 0xEE, 0xEE, 0x76, 0xEE, 0xEE, 0xEE, 0x76, 0x77, 0xEE, 0xEE, 0x76
	.byte 0x55, 0x77, 0xEE, 0x76, 0x77, 0x77, 0x77, 0x77, 0x77, 0x77, 0x77, 0x77, 0x55, 0x55, 0x55, 0x55
	.byte 0x66, 0x66, 0x66, 0x66, 0xDD, 0xDD, 0xDD, 0xDD, 0xDD, 0xDD, 0xDD, 0xDD, 0xEE, 0xEE, 0xEE, 0xEE
	.byte 0xEE, 0xEE, 0xEE, 0xEE, 0x77, 0x77, 0x77, 0x77, 0x66, 0x66, 0x66, 0x66, 0x66, 0x66, 0x66, 0x66
	.byte 0x66, 0x66, 0x66, 0x66, 0xDD, 0xDD, 0xDD, 0xDD, 0xDD, 0xDD, 0xDD, 0xDD, 0xEE, 0xEE, 0xEE, 0xEE
	.byte 0xEE, 0xEE, 0xEE, 0xEE, 0x77, 0x77, 0x77, 0x77, 0x66, 0x66, 0x66, 0x66, 0x66, 0x66, 0x66, 0x66
	.byte 0x56, 0x55, 0x55, 0x55, 0x56, 0x55, 0x55, 0x55, 0x56, 0x55, 0x55, 0x55, 0x56, 0x55, 0x55, 0x55
	.byte 0x77, 0x77, 0x77, 0x77, 0x77, 0x77, 0x77, 0x77, 0x77, 0x77, 0x77, 0x77, 0x77, 0x77, 0x77, 0x77
	.byte 0x55, 0x55, 0x55, 0x65, 0x55, 0x55, 0x55, 0x65, 0x55, 0x55, 0x55, 0x65, 0x55, 0x55, 0x55, 0x65
	.byte 0x77, 0x77, 0x77, 0x77, 0xE6, 0x77, 0xEE, 0x76, 0xE6, 0x77, 0xEE, 0x76, 0xE6, 0x7E, 0xEE, 0x76
	.byte 0x77, 0x77, 0x77, 0x77, 0x77, 0x77, 0x77, 0x67, 0x77, 0x77, 0x77, 0x66, 0x77, 0x77, 0x77, 0x66
	.byte 0x77, 0x77, 0x67, 0x65, 0x77, 0x77, 0x67, 0x55, 0x77, 0x77, 0x56, 0x55, 0x77, 0x77, 0x56, 0x55
	.byte 0xE6, 0xEE, 0xEE, 0x76, 0xE6, 0xEE, 0xEE, 0x76, 0xE3, 0xEE, 0xEE, 0x76, 0xE3, 0xEE, 0xEE, 0x76
	.byte 0xE6, 0xEE, 0xEE, 0x76, 0xE6, 0xEE, 0xEE, 0x76, 0xE6, 0xEE, 0xEE, 0x76, 0xE6, 0xEE, 0xEE, 0x76
	.byte 0x77, 0x67, 0x55, 0x55, 0x77, 0x67, 0x55, 0x55, 0x77, 0x56, 0x55, 0x55, 0x77, 0x56, 0x55, 0x55
	.byte 0x67, 0x55, 0x55, 0x55, 0x77, 0x77, 0x77, 0x77, 0x77, 0x77, 0x77, 0x77, 0x55, 0x55, 0x55, 0x55
	.byte 0xE6, 0xEE, 0xEE, 0x76, 0x75, 0xEE, 0xEE, 0x76, 0x55, 0xE7, 0xEE, 0x76, 0x55, 0x75, 0xEE, 0x76
	.byte 0x55, 0x55, 0xE7, 0x76, 0x77, 0x77, 0x77, 0x76, 0x77, 0x77, 0x77, 0x77, 0x55, 0x55, 0x55, 0x75
	.byte 0x66, 0x66, 0x66, 0x66, 0xDD, 0xDD, 0xDD, 0xDD, 0xDD, 0xDD, 0xDD, 0xDD, 0xEE, 0xEE, 0xEE, 0xEE
	.byte 0xEE, 0xEE, 0xEE, 0xEE, 0x77, 0x77, 0x77, 0x77, 0x66, 0x66, 0x66, 0x66, 0x66, 0x66, 0x66, 0x66
	.byte 0x66, 0x66, 0x66, 0x66, 0xDD, 0xDD, 0xDD, 0xDD, 0xDD, 0xDD, 0xDD, 0xDD, 0xEE, 0xEE, 0xEE, 0xEE
	.byte 0xEE, 0xEE, 0xEE, 0xEE, 0x77, 0x77, 0x77, 0x77, 0x66, 0x66, 0x66, 0x66, 0x66, 0x66, 0x66, 0x66
	.byte 0x56, 0x55, 0x55, 0x55, 0x56, 0x55, 0x55, 0x55, 0x56, 0x55, 0x55, 0x55, 0x56, 0x55, 0x55, 0x55
	.byte 0x77, 0x77, 0x77, 0x77, 0x77, 0x77, 0x77, 0x77, 0x77, 0x77, 0x77, 0x77, 0x77, 0x77, 0x77, 0x77
	.byte 0x55, 0x55, 0x55, 0x65, 0x55, 0x55, 0x55, 0x65, 0x55, 0x55, 0x55, 0x65, 0x55, 0x55, 0x55, 0x65
	.byte 0x77, 0x77, 0x77, 0x77, 0x77, 0x77, 0x77, 0x76, 0x77, 0x77, 0x77, 0x76, 0x77, 0x77, 0x77, 0x76
	.byte 0x77, 0x77, 0x77, 0x77, 0x77, 0x77, 0x77, 0x77, 0x77, 0x77, 0x77, 0x66, 0x77, 0x77, 0x77, 0x56
	.byte 0x77, 0x77, 0x67, 0x55, 0x77, 0x77, 0x67, 0x55, 0x77, 0x77, 0x56, 0x55, 0x77, 0x77, 0x56, 0x55
	.byte 0x77, 0x77, 0x77, 0x76, 0x77, 0x77, 0x77, 0x76, 0x66, 0x66, 0x66, 0x76, 0x55, 0x55, 0x55, 0x76
	.byte 0x55, 0x55, 0x55, 0x76, 0x55, 0x55, 0x55, 0x76, 0x55, 0x55, 0x55, 0x76, 0x55, 0x55, 0x55, 0x76
	.byte 0x77, 0x67, 0x55, 0x55, 0x77, 0x67, 0x55, 0x55, 0x77, 0x56, 0x55, 0x55, 0x77, 0x56, 0x55, 0x55
	.byte 0x67, 0x55, 0x55, 0x55, 0x77, 0x77, 0x77, 0x77, 0x77, 0x77, 0x77, 0x77, 0x55, 0x55, 0x55, 0x55
	.byte 0x55, 0x55, 0x55, 0x76, 0x55, 0x55, 0x55, 0x76, 0x55, 0x55, 0x55, 0x76, 0x55, 0x55, 0x55, 0x76
	.byte 0x55, 0x55, 0x55, 0x76, 0x77, 0x77, 0x77, 0x76, 0x77, 0x77, 0x77, 0x77, 0x55, 0x55, 0x55, 0x55
	.byte 0x00, 0x00, 0x00, 0x00, 0x00, 0x00, 0x00, 0x00, 0x00, 0x00, 0x00, 0x00, 0x00, 0x00, 0x00, 0x00
	.byte 0x00, 0x00, 0x00, 0x00, 0x00, 0x00, 0x00, 0x00, 0x00, 0x00, 0x00, 0x00, 0x00, 0x00, 0x00, 0x00
	.byte 0xEE, 0xEE, 0xEE, 0xEE, 0xEE, 0xEE, 0xEE, 0xEE, 0xEE, 0xEE, 0xEE, 0xEE, 0x77, 0x77, 0x77, 0x77
	.byte 0x44, 0x44, 0x44, 0x44, 0x22, 0x22, 0x22, 0x22, 0x11, 0x11, 0x11, 0x11, 0x22, 0x22, 0x22, 0x22
	.byte 0xEE, 0xEE, 0xEE, 0xEE, 0xEE, 0xEE, 0xEE, 0xEE, 0xEE, 0xEE, 0xEE, 0xEE, 0x77, 0x77, 0x77, 0x77
	.byte 0x44, 0x44, 0x44, 0x44, 0x22, 0x22, 0x22, 0x22, 0x11, 0x11, 0x11, 0x11, 0x22, 0x22, 0x22, 0x22
	.byte 0x33, 0x33, 0x33, 0x54, 0x33, 0x33, 0x43, 0x55, 0x33, 0x33, 0x73, 0x77, 0x33, 0x33, 0x33, 0x33
	.byte 0x66, 0x66, 0x66, 0x66, 0x77, 0x77, 0x77, 0x77, 0x77, 0x77, 0x67, 0xCE, 0x77, 0x77, 0x67, 0xEE
	.byte 0x45, 0x33, 0x33, 0x33, 0x55, 0x34, 0x33, 0x33, 0x77, 0x37, 0x33, 0x33, 0x33, 0x33, 0x33, 0x33
	.byte 0x66, 0x66, 0x66, 0x66, 0x77, 0x77, 0x77, 0x77, 0x7C, 0x77, 0xC7, 0x76, 0xCE, 0x7C, 0xB7, 0x76
	.byte 0x77, 0x77, 0x67, 0xCE, 0x77, 0x77, 0x67, 0xCE, 0x77, 0x77, 0x67, 0xC6, 0x77, 0x77, 0x36, 0x63
	.byte 0x77, 0x77, 0x36, 0x63, 0x77, 0x77, 0x67, 0xC6, 0x77, 0x77, 0x67, 0xCE, 0x77, 0x77, 0x67, 0xCE
	.byte 0xED, 0xCE, 0xBB, 0x76, 0xCD, 0xED, 0xBD, 0x76, 0xCD, 0xBD, 0xDD, 0x76, 0xCD, 0xBD, 0xBD, 0x76
	.byte 0xBE, 0xBD, 0xBD, 0x76, 0xCE, 0xBD, 0xBD, 0x76, 0xCE, 0xBE, 0xBD, 0x76, 0xCE, 0xCE, 0xBD, 0x76
	.byte 0x77, 0x77, 0x67, 0xCE, 0x77, 0x77, 0x77, 0xC7, 0x77, 0x77, 0x56, 0x75, 0x77, 0x67, 0x55, 0x55
	.byte 0x77, 0x56, 0x55, 0x55, 0x77, 0x77, 0x77, 0x77, 0x77, 0x77, 0x77, 0x77, 0x55, 0x55, 0x55, 0x55
	.byte 0xCE, 0xCE, 0xBE, 0x76, 0xCE, 0xCE, 0xCE, 0x76, 0xC7, 0xCE, 0xCE, 0x76, 0x75, 0xC7, 0xCE, 0x76
	.byte 0x55, 0x75, 0xC7, 0x76, 0x77, 0x77, 0x77, 0x77, 0x77, 0x77, 0x77, 0x77, 0x55, 0x55, 0x55, 0x55
	.byte 0xEE, 0xEE, 0xEE, 0xEE, 0xEE, 0xEE, 0xEE, 0xEE, 0xEE, 0xEE, 0xEE, 0xEE, 0x77, 0x77, 0x77, 0x77
	.byte 0x44, 0x44, 0x44, 0x44, 0x22, 0x22, 0x22, 0x22, 0x11, 0x11, 0x11, 0x11, 0x22, 0x22, 0x22, 0x22
	.byte 0xEE, 0xEE, 0xEE, 0xEE, 0xEE, 0xEE, 0xEE, 0xEE, 0xEE, 0xEE, 0xEE, 0xEE, 0x77, 0x77, 0x77, 0x77
	.byte 0x44, 0x44, 0x44, 0x44, 0x22, 0x22, 0x22, 0x22, 0x11, 0x11, 0x11, 0x11, 0x22, 0x22, 0x22, 0x22
	.byte 0x33, 0x33, 0x33, 0x54, 0x33, 0x33, 0x43, 0x55, 0x33, 0x33, 0x73, 0x77, 0x33, 0x33, 0x33, 0x33
	.byte 0x66, 0x66, 0x66, 0x66, 0x77, 0x77, 0x77, 0x77, 0x77, 0x77, 0x77, 0x77, 0x77, 0x77, 0x77, 0x77
	.byte 0x45, 0x33, 0x33, 0x33, 0x55, 0x34, 0x33, 0x33, 0x77, 0x37, 0x33, 0x33, 0x33, 0x33, 0x33, 0x33
	.byte 0x66, 0x66, 0x66, 0x66, 0x77, 0x77, 0x77, 0x77, 0x67, 0xCE, 0xCE, 0x76, 0x67, 0xCE, 0xCE, 0x76
	.byte 0x77, 0x77, 0x77, 0x77, 0x77, 0x77, 0x77, 0x77, 0x77, 0x77, 0x77, 0x67, 0x77, 0x77, 0x77, 0x67
	.byte 0x77, 0x77, 0x77, 0x56, 0x77, 0x77, 0x77, 0x56, 0x77, 0x77, 0x67, 0x55, 0x77, 0x77, 0x67, 0x55
	.byte 0x67, 0xEE, 0xCE, 0x76, 0x66, 0xCE, 0xCE, 0x76, 0x36, 0xCE, 0xEE, 0x76, 0x36, 0xCE, 0xCE, 0x76
	.byte 0x66, 0xCE, 0xCE, 0x76, 0x65, 0xCE, 0xCE, 0x76, 0x65, 0xCE, 0xCE, 0x76, 0x65, 0xCE, 0xCE, 0x76
	.byte 0x77, 0x77, 0x56, 0x55, 0x77, 0x77, 0x56, 0x55, 0x77, 0x67, 0x55, 0x55, 0x77, 0x67, 0x55, 0x55
	.byte 0x77, 0x56, 0x55, 0x55, 0x77, 0x77, 0x77, 0x77, 0x77, 0x77, 0x77, 0x77, 0x55, 0x55, 0x55, 0x55
	.byte 0x65, 0xCE, 0xCE, 0x76, 0x65, 0xCE, 0xCE, 0x76, 0x55, 0xC7, 0xCE, 0x76, 0x55, 0x75, 0xCE, 0x76
	.byte 0x55, 0x55, 0xC7, 0x76, 0x77, 0x77, 0x77, 0x77, 0x77, 0x77, 0x77, 0x77, 0x55, 0x55, 0x55, 0x55
	.byte 0xEE, 0xEE, 0xEE, 0xEE, 0xEE, 0xEE, 0xEE, 0xEE, 0xEE, 0xEE, 0xEE, 0xEE, 0x77, 0x77, 0x77, 0x77
	.byte 0x44, 0x44, 0x44, 0x44, 0x22, 0x22, 0x22, 0x22, 0x11, 0x11, 0x11, 0x11, 0x22, 0x22, 0x22, 0x22
	.byte 0xEE, 0xEE, 0xEE, 0xEE, 0xEE, 0xEE, 0xEE, 0xEE, 0xEE, 0xEE, 0xEE, 0xEE, 0x77, 0x77, 0x77, 0x77
	.byte 0x44, 0x44, 0x44, 0x44, 0x22, 0x22, 0x22, 0x22, 0x11, 0x11, 0x11, 0x11, 0x22, 0x22, 0x22, 0x22
	.byte 0x33, 0x33, 0x33, 0x54, 0x33, 0x33, 0x43, 0x55, 0x33, 0x33, 0x73, 0x77, 0x33, 0x33, 0x33, 0x33
	.byte 0x66, 0x66, 0x66, 0x66, 0x77, 0x77, 0x77, 0x77, 0x77, 0x77, 0x77, 0x77, 0x77, 0x77, 0x77, 0x77
	.byte 0x45, 0x33, 0x33, 0x33, 0x55, 0x34, 0x33, 0x33, 0x77, 0x37, 0x33, 0x33, 0x33, 0x33, 0x33, 0x33
	.byte 0x66, 0x66, 0x66, 0x66, 0x77, 0x77, 0x77, 0x77, 0x77, 0x77, 0x77, 0x76, 0x77, 0x77, 0x77, 0x76
	.byte 0x77, 0x77, 0x77, 0x77, 0x77, 0x77, 0x77, 0x77, 0x77, 0x77, 0x77, 0x66, 0x77, 0x77, 0x77, 0x56
	.byte 0x77, 0x77, 0x67, 0x55, 0x77, 0x77, 0x67, 0x55, 0x77, 0x77, 0x56, 0x55, 0x77, 0x77, 0x56, 0x55
	.byte 0x77, 0x77, 0x77, 0x76, 0x77, 0x77, 0x77, 0x76, 0x66, 0x66, 0x66, 0x76, 0x55, 0x55, 0x55, 0x76
	.byte 0x55, 0x55, 0x55, 0x76, 0x55, 0x55, 0x55, 0x76, 0x55, 0x55, 0x55, 0x76, 0x55, 0x55, 0x55, 0x76
	.byte 0x77, 0x67, 0x55, 0x55, 0x77, 0x67, 0x55, 0x55, 0x77, 0x56, 0x55, 0x55, 0x77, 0x56, 0x55, 0x55
	.byte 0x67, 0x55, 0x55, 0x55, 0x77, 0x77, 0x77, 0x77, 0x77, 0x77, 0x77, 0x77, 0x55, 0x55, 0x55, 0x55
	.byte 0x55, 0x55, 0x55, 0x76, 0x55, 0x55, 0x55, 0x76, 0x55, 0x55, 0x55, 0x76, 0x55, 0x55, 0x55, 0x76
	.byte 0x55, 0x55, 0x55, 0x76, 0x77, 0x77, 0x77, 0x76, 0x77, 0x77, 0x77, 0x77, 0x55, 0x55, 0x55, 0x55
	.byte 0x00, 0x00, 0x00, 0x00, 0x00, 0x00, 0x00, 0x00, 0x00, 0x00, 0x00, 0x00, 0x00, 0x00, 0x00, 0x00
	.byte 0x00, 0x00, 0x00, 0x00, 0x00, 0x00, 0x00, 0x00, 0x00, 0x00, 0x00, 0x00, 0x00, 0x00, 0x00, 0x00
	.byte 0x33, 0x33, 0x33, 0x33, 0x33, 0x33, 0x33, 0x33, 0x33, 0x33, 0x33, 0x33, 0x43, 0x44, 0x44, 0x44
	.byte 0x16, 0x11, 0x11, 0x11, 0x36, 0x33, 0x33, 0x33, 0x36, 0x33, 0x33, 0x33, 0x36, 0x33, 0x33, 0x33
	.byte 0x33, 0x33, 0x33, 0x33, 0x33, 0x33, 0x33, 0x33, 0x33, 0x33, 0x33, 0x33, 0x44, 0x44, 0x44, 0x34
	.byte 0x11, 0x11, 0x11, 0x61, 0x33, 0x33, 0x33, 0x63, 0x33, 0x33, 0x33, 0x63, 0x33, 0x33, 0x33, 0x63
	.byte 0x33, 0x33, 0x33, 0x54, 0x33, 0x33, 0x43, 0x55, 0x33, 0x33, 0x73, 0x77, 0x33, 0x33, 0x33, 0x33
	.byte 0x66, 0x66, 0x66, 0x66, 0x77, 0x77, 0x77, 0x77, 0x77, 0x77, 0x67, 0xCE, 0x77, 0x77, 0x67, 0xEE
	.byte 0x45, 0x33, 0x33, 0x33, 0x55, 0x34, 0x33, 0x33, 0x77, 0x37, 0x33, 0x33, 0x33, 0x33, 0x33, 0x33
	.byte 0x66, 0x66, 0x66, 0x66, 0x77, 0x77, 0x77, 0x77, 0x7C, 0x77, 0xC7, 0x76, 0xCE, 0x7C, 0xB7, 0x76
	.byte 0x77, 0x77, 0x67, 0xCE, 0x77, 0x77, 0x67, 0xCE, 0x77, 0x77, 0x67, 0xC6, 0x77, 0x77, 0x36, 0x63
	.byte 0x77, 0x77, 0x36, 0x63, 0x77, 0x77, 0x67, 0xC6, 0x77, 0x77, 0x67, 0xCE, 0x77, 0x77, 0x67, 0xCE
	.byte 0xED, 0xCE, 0xBB, 0x76, 0xCD, 0xED, 0xBD, 0x76, 0xCD, 0xBD, 0xDD, 0x76, 0xCD, 0xBD, 0xBD, 0x76
	.byte 0xBE, 0xBD, 0xBD, 0x76, 0xCE, 0xBD, 0xBD, 0x76, 0xCE, 0xBE, 0xBD, 0x76, 0xCE, 0xCE, 0xBD, 0x76
	.byte 0x77, 0x77, 0x67, 0xCE, 0x77, 0x77, 0x77, 0xC7, 0x77, 0x77, 0x56, 0x75, 0x77, 0x67, 0x55, 0x55
	.byte 0x77, 0x56, 0x55, 0x55, 0x77, 0x77, 0x77, 0x77, 0x77, 0x77, 0x77, 0x77, 0x55, 0x55, 0x55, 0x55
	.byte 0xCE, 0xCE, 0xBE, 0x76, 0xCE, 0xCE, 0xCE, 0x76, 0xC7, 0xCE, 0xCE, 0x76, 0x75, 0xC7, 0xCE, 0x76
	.byte 0x55, 0x75, 0xC7, 0x76, 0x77, 0x77, 0x77, 0x77, 0x77, 0x77, 0x77, 0x77, 0x55, 0x55, 0x55, 0x55
	.byte 0x33, 0x33, 0x33, 0x33, 0x33, 0x33, 0x33, 0x33, 0x33, 0x33, 0x33, 0x33, 0x43, 0x44, 0x44, 0x44
	.byte 0x16, 0x11, 0x11, 0x11, 0x36, 0x33, 0x33, 0x33, 0x36, 0x33, 0x33, 0x33, 0x36, 0x33, 0x33, 0x33
	.byte 0x33, 0x33, 0x33, 0x33, 0x33, 0x33, 0x33, 0x33, 0x33, 0x33, 0x33, 0x33, 0x44, 0x44, 0x44, 0x34
	.byte 0x11, 0x11, 0x11, 0x61, 0x33, 0x33, 0x33, 0x63, 0x33, 0x33, 0x33, 0x63, 0x33, 0x33, 0x33, 0x63
	.byte 0x33, 0x33, 0x33, 0x54, 0x33, 0x33, 0x43, 0x55, 0x33, 0x33, 0x73, 0x77, 0x33, 0x33, 0x33, 0x33
	.byte 0x66, 0x66, 0x66, 0x66, 0x77, 0x77, 0x77, 0x77, 0x77, 0x77, 0x77, 0x77, 0x77, 0x77, 0x77, 0x77
	.byte 0x45, 0x33, 0x33, 0x33, 0x55, 0x34, 0x33, 0x33, 0x77, 0x37, 0x33, 0x33, 0x33, 0x33, 0x33, 0x33
	.byte 0x66, 0x66, 0x66, 0x66, 0x77, 0x77, 0x77, 0x77, 0x67, 0xCE, 0xCE, 0x76, 0x67, 0xCE, 0xCE, 0x76
	.byte 0x77, 0x77, 0x77, 0x77, 0x77, 0x77, 0x77, 0x77, 0x77, 0x77, 0x77, 0x67, 0x77, 0x77, 0x77, 0x67
	.byte 0x77, 0x77, 0x77, 0x56, 0x77, 0x77, 0x77, 0x56, 0x77, 0x77, 0x67, 0x55, 0x77, 0x77, 0x67, 0x55
	.byte 0x67, 0xEE, 0xCE, 0x76, 0x66, 0xCE, 0xCE, 0x76, 0x36, 0xCE, 0xEE, 0x76, 0x36, 0xCE, 0xCE, 0x76
	.byte 0x66, 0xCE, 0xCE, 0x76, 0x65, 0xCE, 0xCE, 0x76, 0x65, 0xCE, 0xCE, 0x76, 0x65, 0xCE, 0xCE, 0x76
	.byte 0x77, 0x77, 0x56, 0x55, 0x77, 0x77, 0x56, 0x55, 0x77, 0x67, 0x55, 0x55, 0x77, 0x67, 0x55, 0x55
	.byte 0x77, 0x56, 0x55, 0x55, 0x77, 0x77, 0x77, 0x77, 0x77, 0x77, 0x77, 0x77, 0x55, 0x55, 0x55, 0x55
	.byte 0x65, 0xCE, 0xCE, 0x76, 0x65, 0xCE, 0xCE, 0x76, 0x55, 0xC7, 0xCE, 0x76, 0x55, 0x75, 0xCE, 0x76
	.byte 0x55, 0x55, 0xC7, 0x76, 0x77, 0x77, 0x77, 0x77, 0x77, 0x77, 0x77, 0x77, 0x55, 0x55, 0x55, 0x55
	.byte 0x33, 0x33, 0x33, 0x33, 0x33, 0x33, 0x33, 0x33, 0x33, 0x33, 0x33, 0x33, 0x43, 0x44, 0x44, 0x44
	.byte 0x16, 0x11, 0x11, 0x11, 0x36, 0x33, 0x33, 0x33, 0x36, 0x33, 0x33, 0x33, 0x36, 0x33, 0x33, 0x33
	.byte 0x33, 0x33, 0x33, 0x33, 0x33, 0x33, 0x33, 0x33, 0x33, 0x33, 0x33, 0x33, 0x44, 0x44, 0x44, 0x34
	.byte 0x11, 0x11, 0x11, 0x61, 0x33, 0x33, 0x33, 0x63, 0x33, 0x33, 0x33, 0x63, 0x33, 0x33, 0x33, 0x63
	.byte 0x33, 0x33, 0x33, 0x54, 0x33, 0x33, 0x43, 0x55, 0x33, 0x33, 0x73, 0x77, 0x33, 0x33, 0x33, 0x33
	.byte 0x66, 0x66, 0x66, 0x66, 0x77, 0x77, 0x77, 0x77, 0x77, 0x77, 0x77, 0x77, 0x77, 0x77, 0x77, 0x77
	.byte 0x45, 0x33, 0x33, 0x33, 0x55, 0x34, 0x33, 0x33, 0x77, 0x37, 0x33, 0x33, 0x33, 0x33, 0x33, 0x33
	.byte 0x66, 0x66, 0x66, 0x66, 0x77, 0x77, 0x77, 0x77, 0x77, 0x77, 0x77, 0x76, 0x77, 0x77, 0x77, 0x76
	.byte 0x77, 0x77, 0x77, 0x77, 0x77, 0x77, 0x77, 0x77, 0x77, 0x77, 0x77, 0x66, 0x77, 0x77, 0x77, 0x56
	.byte 0x77, 0x77, 0x67, 0x55, 0x77, 0x77, 0x67, 0x55, 0x77, 0x77, 0x56, 0x55, 0x77, 0x77, 0x56, 0x55
	.byte 0x77, 0x77, 0x77, 0x76, 0x77, 0x77, 0x77, 0x76, 0x66, 0x66, 0x66, 0x76, 0x55, 0x55, 0x55, 0x76
	.byte 0x55, 0x55, 0x55, 0x76, 0x55, 0x55, 0x55, 0x76, 0x55, 0x55, 0x55, 0x76, 0x55, 0x55, 0x55, 0x76
	.byte 0x77, 0x67, 0x55, 0x55, 0x77, 0x67, 0x55, 0x55, 0x77, 0x56, 0x55, 0x55, 0x77, 0x56, 0x55, 0x55
	.byte 0x67, 0x55, 0x55, 0x55, 0x77, 0x77, 0x77, 0x77, 0x77, 0x77, 0x77, 0x77, 0x55, 0x55, 0x55, 0x55
	.byte 0x55, 0x55, 0x55, 0x76, 0x55, 0x55, 0x55, 0x76, 0x55, 0x55, 0x55, 0x76, 0x55, 0x55, 0x55, 0x76
	.byte 0x55, 0x55, 0x55, 0x76, 0x77, 0x77, 0x77, 0x76, 0x77, 0x77, 0x77, 0x77, 0x55, 0x55, 0x55, 0x55
	.byte 0x00, 0x00, 0x00, 0x00, 0x00, 0x00, 0x00, 0x00, 0x00, 0x00, 0x00, 0x00, 0x00, 0x00, 0x00, 0x00
	.byte 0x00, 0x00, 0x00, 0x00, 0x00, 0x00, 0x00, 0x00, 0x00, 0x00, 0x00, 0x00, 0x00, 0x00, 0x00, 0x00
	.byte 0xEE, 0xEE, 0xEE, 0xFE, 0xEE, 0xEE, 0xEE, 0x66, 0xFF, 0xFF, 0x66, 0xEE, 0xFE, 0x6F, 0xEE, 0x11
	.byte 0xEE, 0x6F, 0x1E, 0x11, 0xEE, 0xE6, 0x11, 0x11, 0xEE, 0xE6, 0x11, 0xE1, 0xEE, 0xE6, 0xEE, 0xEE
	.byte 0xEF, 0xEE, 0xEE, 0xEE, 0x66, 0xEE, 0xEE, 0xEE, 0xEE, 0x66, 0xFF, 0xFF, 0x11, 0xEE, 0xF6, 0xEF
	.byte 0x11, 0xE1, 0xF6, 0xEE, 0x11, 0x11, 0x6E, 0xEE, 0x1E, 0x11, 0x6E, 0xEE, 0xEE, 0xEE, 0x6E, 0xEE
	.byte 0xEE, 0xE6, 0xBB, 0xEB, 0xEE, 0x6F, 0xBE, 0xBB, 0xFE, 0x6F, 0xEE, 0xBB, 0xFF, 0xFF, 0x66, 0xEE
	.byte 0xEE, 0xEE, 0xEE, 0x66, 0xEE, 0xEE, 0xEE, 0xFE, 0x77, 0x77, 0x77, 0x77, 0xAA, 0xAA, 0x7A, 0x77
	.byte 0xBE, 0xBB, 0x6E, 0xEE, 0xBB, 0xEB, 0xF6, 0xEE, 0xBB, 0xEE, 0xF6, 0xEF, 0xEE, 0x66, 0xFF, 0xFF
	.byte 0x66, 0xEE, 0xEE, 0xEE, 0xEF, 0xEE, 0xEE, 0xEE, 0x77, 0x77, 0x77, 0x77, 0x77, 0xA7, 0xAA, 0xAA
	.byte 0xAA, 0xAA, 0x7A, 0x77, 0x99, 0x99, 0x79, 0x77, 0x99, 0x99, 0x79, 0x66, 0x99, 0x99, 0x79, 0x56
	.byte 0x99, 0x99, 0x79, 0x55, 0x99, 0x99, 0x79, 0x55, 0x99, 0x99, 0x79, 0x55, 0x99, 0x99, 0x79, 0x55
	.byte 0x77, 0xA7, 0xAA, 0xAA, 0x77, 0x97, 0x99, 0x99, 0x66, 0x97, 0x99, 0x99, 0x55, 0x97, 0x99, 0x99
	.byte 0x55, 0x97, 0x99, 0x99, 0x55, 0x97, 0x99, 0x99, 0x55, 0x97, 0x99, 0x99, 0x55, 0x97, 0x99, 0x99
	.byte 0x99, 0x99, 0x79, 0x55, 0xCC, 0xCC, 0x7C, 0x55, 0xCC, 0xCC, 0x7C, 0x55, 0xDD, 0xDD, 0x7D, 0x55
	.byte 0x77, 0x77, 0x77, 0x77, 0xEE, 0xEE, 0xEE, 0xEE, 0xDD, 0xDD, 0xDD, 0xDD, 0xDD, 0xDD, 0xDD, 0xDD
	.byte 0x55, 0x97, 0x99, 0x99, 0x55, 0xC7, 0xCC, 0xCC, 0x55, 0xC7, 0xCC, 0xCC, 0x55, 0xD7, 0xDD, 0xDD
	.byte 0x77, 0x77, 0x77, 0x77, 0xEE, 0xEE, 0xEE, 0xEE, 0xDD, 0xDD, 0xDD, 0xDD, 0xDD, 0xDD, 0xDD, 0xDD
	.byte 0xEE, 0xEE, 0xEE, 0xFE, 0xEE, 0xEE, 0xEE, 0x66, 0xFF, 0xFF, 0x66, 0xEE, 0xFE, 0x6F, 0xEE, 0x11
	.byte 0xEE, 0x6F, 0x1E, 0x11, 0xEE, 0xE6, 0x11, 0x11, 0xEE, 0xE6, 0x11, 0xE1, 0xEE, 0xE6, 0xEE, 0xEE
	.byte 0xEF, 0xEE, 0xEE, 0xEE, 0x66, 0xEE, 0xEE, 0xEE, 0xEE, 0x66, 0xFF, 0xFF, 0x11, 0xEE, 0xF6, 0xEF
	.byte 0x11, 0xE1, 0xF6, 0xEE, 0x11, 0x11, 0x6E, 0xEE, 0x1E, 0x11, 0x6E, 0xEE, 0xEE, 0xEE, 0x6E, 0xEE
	.byte 0xEE, 0xE6, 0xBB, 0xEB, 0xEE, 0x6F, 0xBE, 0xBB, 0xFE, 0x6F, 0xEE, 0xBB, 0xFF, 0xFF, 0x66, 0xEE
	.byte 0xEE, 0xEE, 0xEE, 0x66, 0xEE, 0xEE, 0xEE, 0xFE, 0x77, 0x77, 0x77, 0x77, 0xAA, 0x7A, 0x77, 0x77
	.byte 0xBE, 0xBB, 0x6E, 0xEE, 0xBB, 0xEB, 0xF6, 0xEE, 0xBB, 0xEE, 0xF6, 0xEF, 0xEE, 0x66, 0xFF, 0xFF
	.byte 0x66, 0xEE, 0xEE, 0xEE, 0xEF, 0xEE, 0xEE, 0xEE, 0x77, 0x77, 0x77, 0x77, 0x77, 0x77, 0xA7, 0xAA
	.byte 0xAA, 0x7A, 0x77, 0x77, 0x99, 0x79, 0x77, 0x77, 0x99, 0x79, 0x77, 0x66, 0x99, 0x79, 0x77, 0x56
	.byte 0x99, 0x79, 0x67, 0x55, 0x99, 0x79, 0x67, 0x55, 0x99, 0x79, 0x56, 0x55, 0x99, 0x79, 0x56, 0x55
	.byte 0x77, 0x77, 0xA7, 0xAA, 0x77, 0x77, 0x97, 0x99, 0x66, 0x66, 0x97, 0x99, 0x55, 0x55, 0x97, 0x99
	.byte 0x55, 0x55, 0x97, 0x99, 0x55, 0x55, 0x97, 0x99, 0x55, 0x55, 0x97, 0x99, 0x55, 0x55, 0x97, 0x99
	.byte 0x99, 0x79, 0x55, 0x55, 0xCC, 0x7C, 0x55, 0x55, 0xCC, 0x7C, 0x55, 0x55, 0xDD, 0x7D, 0x55, 0x55
	.byte 0x77, 0x77, 0x77, 0x77, 0xEE, 0xEE, 0xEE, 0xEE, 0xDD, 0xDD, 0xDD, 0xDD, 0xDD, 0xDD, 0xDD, 0xDD
	.byte 0x55, 0x55, 0x97, 0x99, 0x55, 0x55, 0xC7, 0xCC, 0x55, 0x55, 0xC7, 0xCC, 0x55, 0x55, 0xD7, 0xDD
	.byte 0x77, 0x77, 0x77, 0x77, 0xEE, 0xEE, 0xEE, 0xEE, 0xDD, 0xDD, 0xDD, 0xDD, 0xDD, 0xDD, 0xDD, 0xDD
	.byte 0xEE, 0xEE, 0xEE, 0xFE, 0xEE, 0xEE, 0xEE, 0x66, 0xFF, 0xFF, 0x66, 0xEE, 0xFE, 0x6F, 0xEE, 0x11
	.byte 0xEE, 0x6F, 0x1E, 0x11, 0xEE, 0xE6, 0x11, 0x11, 0xEE, 0xE6, 0x11, 0xE1, 0xEE, 0xE6, 0xEE, 0xEE
	.byte 0xEF, 0xEE, 0xEE, 0xEE, 0x66, 0xEE, 0xEE, 0xEE, 0xEE, 0x66, 0xFF, 0xFF, 0x11, 0xEE, 0xF6, 0xEF
	.byte 0x11, 0xE1, 0xF6, 0xEE, 0x11, 0x11, 0x6E, 0xEE, 0x1E, 0x11, 0x6E, 0xEE, 0xEE, 0xEE, 0x6E, 0xEE
	.byte 0xEE, 0xE6, 0xBB, 0xEB, 0xEE, 0x6F, 0xBE, 0xBB, 0xFE, 0x6F, 0xEE, 0xBB, 0xFF, 0xFF, 0x66, 0xEE
	.byte 0xEE, 0xEE, 0xEE, 0x66, 0xEE, 0xEE, 0xEE, 0xFE, 0x77, 0x77, 0x77, 0x77, 0x77, 0x77, 0x77, 0x77
	.byte 0xBE, 0xBB, 0x6E, 0xEE, 0xBB, 0xEB, 0xF6, 0xEE, 0xBB, 0xEE, 0xF6, 0xEF, 0xEE, 0x66, 0xFF, 0xFF
	.byte 0x66, 0xEE, 0xEE, 0xEE, 0xEF, 0xEE, 0xEE, 0xEE, 0x77, 0x77, 0x77, 0x77, 0x77, 0x77, 0x77, 0x77
	.byte 0x77, 0x77, 0x77, 0x77, 0x77, 0x77, 0x77, 0x77, 0x77, 0x77, 0x77, 0x66, 0x77, 0x77, 0x77, 0x56
	.byte 0x77, 0x77, 0x67, 0x55, 0x77, 0x77, 0x67, 0x55, 0x77, 0x77, 0x56, 0x55, 0x77, 0x77, 0x56, 0x55
	.byte 0x77, 0x77, 0x77, 0x77, 0x77, 0x77, 0x77, 0x77, 0x66, 0x66, 0x66, 0x76, 0x55, 0x55, 0x55, 0x75
	.byte 0x55, 0x55, 0x55, 0x75, 0x55, 0x55, 0x55, 0x75, 0x55, 0x55, 0x55, 0x75, 0x55, 0x55, 0x55, 0x75
	.byte 0x77, 0x67, 0x55, 0x55, 0x77, 0x67, 0x55, 0x55, 0x77, 0x56, 0x55, 0x55, 0x77, 0x56, 0x55, 0x55
	.byte 0x77, 0x77, 0x77, 0x77, 0xEE, 0xEE, 0xEE, 0xEE, 0xDD, 0xDD, 0xDD, 0xDD, 0xDD, 0xDD, 0xDD, 0xDD
	.byte 0x55, 0x55, 0x55, 0x75, 0x55, 0x55, 0x55, 0x75, 0x55, 0x55, 0x55, 0x75, 0x55, 0x55, 0x55, 0x75
	.byte 0x77, 0x77, 0x77, 0x77, 0xEE, 0xEE, 0xEE, 0xEE, 0xDD, 0xDD, 0xDD, 0xDD, 0xDD, 0xDD, 0xDD, 0xDD
	.byte 0x00, 0x00, 0x00, 0x00, 0x00, 0x00, 0x00, 0x00, 0x00, 0x00, 0x00, 0x00, 0x00, 0x00, 0x00, 0x00
	.byte 0x00, 0x00, 0x00, 0x00, 0x00, 0x00, 0x00, 0x00, 0x00, 0x00, 0x00, 0x00, 0x00, 0x00, 0x00, 0x00
	.byte 0x33, 0x35, 0x44, 0x44, 0x53, 0x43, 0x44, 0x43, 0x53, 0x43, 0x44, 0x43, 0x53, 0x43, 0x34, 0x44
	.byte 0x53, 0x44, 0x34, 0x44, 0x43, 0x55, 0x35, 0x54, 0x44, 0x44, 0x54, 0x55, 0x44, 0x44, 0x44, 0x54
	.byte 0x44, 0x44, 0x53, 0x33, 0x34, 0x44, 0x34, 0x35, 0x34, 0x44, 0x34, 0x35, 0x44, 0x43, 0x34, 0x35
	.byte 0x44, 0x43, 0x44, 0x35, 0x45, 0x53, 0x55, 0x34, 0x55, 0x45, 0x44, 0x44, 0x45, 0x44, 0x44, 0x44
	.byte 0x44, 0x44, 0x44, 0x55, 0x55, 0x55, 0x55, 0x55, 0x88, 0x55, 0x55, 0x55, 0x88, 0x88, 0x88, 0x88
	.byte 0x78, 0x87, 0x8D, 0x8D, 0x78, 0x87, 0x8D, 0x8D, 0x78, 0x87, 0x8D, 0x8D, 0x78, 0x87, 0x8D, 0x8D
	.byte 0x33, 0x44, 0x44, 0x34, 0x55, 0x55, 0x55, 0x55, 0x55, 0x55, 0x55, 0x88, 0x88, 0x88, 0x88, 0x88
	.byte 0x88, 0xD8, 0xDD, 0x8D, 0x8D, 0x8D, 0xD8, 0x8D, 0x8D, 0xDD, 0xD8, 0x8D, 0x8D, 0xCD, 0xD8, 0x8D
	.byte 0x78, 0x87, 0x8D, 0x8D, 0x78, 0x87, 0x8D, 0x8D, 0x78, 0x88, 0x88, 0x8C, 0x78, 0xA8, 0x8A, 0x8C
	.byte 0x78, 0xA8, 0x8A, 0x8C, 0x78, 0x88, 0x88, 0x8C, 0x78, 0x87, 0x8C, 0x8C, 0x78, 0x87, 0x8C, 0x8C
	.byte 0x8D, 0xCC, 0xD8, 0x8D, 0x8C, 0xCC, 0xD8, 0x8D, 0x8C, 0xCC, 0xD8, 0x8D, 0x8C, 0xCC, 0xD8, 0x8D
	.byte 0x8C, 0xCC, 0xD8, 0x8D, 0x8C, 0xCC, 0xD8, 0x8D, 0x8C, 0xCC, 0xD8, 0x8D, 0x8C, 0xCC, 0xD8, 0x8D
	.byte 0x78, 0x87, 0x8C, 0x88, 0x78, 0x87, 0xCC, 0x8C, 0x78, 0x76, 0x88, 0xCC, 0x78, 0xE6, 0xEE, 0x87
	.byte 0x68, 0xEE, 0xEE, 0xEE, 0x88, 0x88, 0x88, 0x88, 0x88, 0x88, 0x88, 0x88, 0xEE, 0xEE, 0xEE, 0xEE
	.byte 0x8C, 0xCC, 0xD8, 0x8D, 0x88, 0xC8, 0xD8, 0x8D, 0xCC, 0x88, 0xD8, 0x8D, 0xC8, 0xCC, 0xD8, 0x8D
	.byte 0x8E, 0x88, 0xD8, 0x8D, 0x88, 0x88, 0x88, 0x88, 0x88, 0x88, 0x88, 0x88, 0xEE, 0xEE, 0xEE, 0xEE
	.byte 0x33, 0x35, 0x44, 0x44, 0x53, 0x43, 0x44, 0x43, 0x53, 0x43, 0x44, 0x43, 0x53, 0x43, 0x34, 0x44
	.byte 0x53, 0x44, 0x34, 0x44, 0x43, 0x55, 0x35, 0x54, 0x44, 0x44, 0x54, 0x55, 0x44, 0x44, 0x44, 0x54
	.byte 0x44, 0x44, 0x53, 0x33, 0x34, 0x44, 0x34, 0x35, 0x34, 0x44, 0x34, 0x35, 0x44, 0x43, 0x34, 0x35
	.byte 0x44, 0x43, 0x44, 0x35, 0x45, 0x53, 0x55, 0x34, 0x55, 0x45, 0x44, 0x44, 0x45, 0x44, 0x44, 0x44
	.byte 0x44, 0x44, 0x44, 0x55, 0x55, 0x55, 0x55, 0x55, 0x88, 0x55, 0x55, 0x55, 0x88, 0x88, 0x88, 0x88
	.byte 0x78, 0x77, 0x77, 0x87, 0x78, 0x77, 0x77, 0x87, 0x78, 0x77, 0x77, 0x87, 0x78, 0x77, 0x77, 0x87
	.byte 0x33, 0x44, 0x44, 0x34, 0x55, 0x55, 0x55, 0x55, 0x55, 0x55, 0x55, 0x88, 0x88, 0x88, 0x88, 0x88
	.byte 0x8D, 0x8D, 0xD8, 0x8D, 0x8D, 0x8D, 0x8D, 0x8D, 0x8D, 0x8D, 0x8D, 0x8D, 0x8D, 0x8D, 0x8C, 0x8D
	.byte 0x78, 0x77, 0x77, 0x87, 0x78, 0x77, 0x77, 0x88, 0x78, 0x77, 0x77, 0xA8, 0x78, 0x77, 0x77, 0xA8
	.byte 0x78, 0x77, 0x67, 0x88, 0x78, 0x77, 0x67, 0x86, 0x78, 0x77, 0xE6, 0x8E, 0x78, 0x77, 0xE6, 0x8E
	.byte 0x8D, 0x8C, 0x8C, 0x8D, 0x8C, 0x8C, 0x8C, 0x8D, 0x8C, 0x8C, 0x8C, 0x8D, 0x8C, 0x8C, 0x8C, 0x8D
	.byte 0x8C, 0x8C, 0x8C, 0x8D, 0x8C, 0x8C, 0x8C, 0x8D, 0x8C, 0x8C, 0x8C, 0x8D, 0xCC, 0x88, 0x8C, 0x8D
	.byte 0x78, 0x67, 0xEE, 0xEE, 0x78, 0x67, 0xEE, 0xEE, 0x78, 0xE6, 0xEE, 0xEE, 0x78, 0xE6, 0xEE, 0xEE
	.byte 0x68, 0xEE, 0xEE, 0xEE, 0x88, 0x88, 0x88, 0x88, 0x88, 0x88, 0x88, 0x88, 0xEE, 0xEE, 0xEE, 0xEE
	.byte 0xC8, 0x8C, 0x8C, 0x8D, 0x8E, 0xCC, 0x88, 0x8D, 0xEE, 0xC8, 0x8C, 0x8D, 0xEE, 0x8E, 0x8C, 0x8D
	.byte 0xEE, 0xEE, 0x88, 0x8D, 0x88, 0x88, 0x88, 0x88, 0x88, 0x88, 0x88, 0x88, 0xEE, 0xEE, 0xEE, 0xEE
	.byte 0x33, 0x35, 0x44, 0x44, 0x53, 0x43, 0x44, 0x43, 0x53, 0x43, 0x44, 0x43, 0x53, 0x43, 0x34, 0x44
	.byte 0x53, 0x44, 0x34, 0x44, 0x43, 0x55, 0x35, 0x54, 0x44, 0x44, 0x54, 0x55, 0x44, 0x44, 0x44, 0x54
	.byte 0x44, 0x44, 0x53, 0x33, 0x34, 0x44, 0x34, 0x35, 0x34, 0x44, 0x34, 0x35, 0x44, 0x43, 0x34, 0x35
	.byte 0x44, 0x43, 0x44, 0x35, 0x45, 0x53, 0x55, 0x34, 0x55, 0x45, 0x44, 0x44, 0x45, 0x44, 0x44, 0x44
	.byte 0x44, 0x44, 0x44, 0x55, 0x55, 0x55, 0x55, 0x55, 0x88, 0x55, 0x55, 0x55, 0x88, 0x88, 0x88, 0x88
	.byte 0x78, 0x77, 0x77, 0x77, 0x78, 0x77, 0x77, 0x77, 0x78, 0x77, 0x77, 0x77, 0x78, 0x77, 0x77, 0x77
	.byte 0x33, 0x44, 0x44, 0x34, 0x55, 0x55, 0x55, 0x55, 0x55, 0x55, 0x55, 0x88, 0x88, 0x88, 0x88, 0x88
	.byte 0x77, 0x77, 0x77, 0x77, 0x77, 0x77, 0x77, 0x77, 0x77, 0x77, 0x77, 0x77, 0x77, 0x77, 0x77, 0x77
	.byte 0x78, 0x77, 0x77, 0x77, 0x78, 0x77, 0x77, 0x77, 0x78, 0x77, 0x77, 0x66, 0x78, 0x77, 0x77, 0xE6
	.byte 0x78, 0x77, 0x67, 0xEE, 0x78, 0x77, 0x67, 0xEE, 0x78, 0x77, 0xE6, 0xEE, 0x78, 0x77, 0xE6, 0xEE
	.byte 0x77, 0x77, 0x77, 0x77, 0x77, 0x77, 0x77, 0x77, 0x66, 0x66, 0x66, 0x66, 0xEE, 0xEE, 0xEE, 0xEE
	.byte 0xEE, 0xEE, 0xEE, 0xEE, 0xEE, 0xEE, 0xEE, 0xEE, 0xEE, 0xEE, 0xEE, 0xEE, 0xEE, 0xEE, 0xEE, 0xEE
	.byte 0x78, 0x67, 0xEE, 0xEE, 0x78, 0x67, 0xEE, 0xEE, 0x78, 0xE6, 0xEE, 0xEE, 0x78, 0xE6, 0xEE, 0xEE
	.byte 0x68, 0xEE, 0xEE, 0xEE, 0x88, 0x88, 0x88, 0x88, 0x88, 0x88, 0x88, 0x88, 0xEE, 0xEE, 0xEE, 0xEE
	.byte 0xEE, 0xEE, 0xEE, 0xEE, 0xEE, 0xEE, 0xEE, 0xEE, 0xEE, 0xEE, 0xEE, 0xEE, 0xEE, 0xEE, 0xEE, 0xEE
	.byte 0xEE, 0xEE, 0xEE, 0xEE, 0x88, 0x88, 0x88, 0x88, 0x88, 0x88, 0x88, 0x88, 0xEE, 0xEE, 0xEE, 0xEE
	.byte 0x00, 0x00, 0x00, 0x00, 0x00, 0x00, 0x00, 0x00, 0x00, 0x00, 0x00, 0x00, 0x00, 0x00, 0x00, 0x00
	.byte 0x00, 0x00, 0x00, 0x00, 0x00, 0x00, 0x00, 0x00, 0x00, 0x00, 0x00, 0x00, 0x00, 0x00, 0x00, 0x00
	.byte 0x99, 0x99, 0x99, 0x99, 0x99, 0x99, 0x99, 0x99, 0x99, 0x99, 0x99, 0x99, 0x99, 0x99, 0x99, 0x99
	.byte 0x99, 0x99, 0x99, 0x99, 0x77, 0x77, 0x77, 0x77, 0x55, 0x55, 0x55, 0x55, 0x55, 0x55, 0x55, 0x55
	.byte 0x99, 0x99, 0x99, 0x99, 0x99, 0x99, 0x99, 0x99, 0x99, 0x99, 0x99, 0x99, 0x99, 0x99, 0x99, 0x99
	.byte 0x99, 0x99, 0x99, 0x99, 0x77, 0x77, 0x77, 0x77, 0x55, 0x55, 0x55, 0x55, 0x55, 0x55, 0x55, 0x55
	.byte 0x55, 0x55, 0x55, 0x55, 0x55, 0x55, 0x55, 0x55, 0x55, 0x55, 0x55, 0x55, 0x11, 0x11, 0x11, 0x11
	.byte 0x11, 0x11, 0x11, 0x11, 0x11, 0x11, 0x11, 0x11, 0x11, 0x11, 0x11, 0x11, 0x11, 0x11, 0x11, 0x11
	.byte 0x55, 0x55, 0x55, 0x55, 0x55, 0x55, 0x55, 0x55, 0x55, 0x55, 0x55, 0x55, 0x11, 0x11, 0x11, 0x11
	.byte 0x55, 0x55, 0x55, 0x15, 0x65, 0x66, 0x66, 0x15, 0x75, 0x44, 0x44, 0x13, 0x75, 0xD4, 0xD4, 0x13
	.byte 0x11, 0x11, 0x11, 0x11, 0x11, 0x11, 0x11, 0x11, 0x11, 0x11, 0x11, 0x12, 0x11, 0x11, 0x11, 0x12
	.byte 0x11, 0x11, 0x21, 0x1D, 0x11, 0x11, 0x21, 0x1D, 0x11, 0x11, 0xD2, 0x1D, 0x11, 0x11, 0xD2, 0x1D
	.byte 0x75, 0x44, 0x44, 0x13, 0x75, 0x34, 0x4D, 0x13, 0x75, 0x44, 0x44, 0x13, 0x75, 0x34, 0x34, 0x13
	.byte 0x75, 0x44, 0x44, 0x13, 0x75, 0x77, 0x77, 0x15, 0x75, 0x75, 0x77, 0x15, 0x75, 0x75, 0x77, 0x15
	.byte 0x11, 0x21, 0xDD, 0x1D, 0x11, 0x21, 0xDD, 0x1D, 0x11, 0xD2, 0xDD, 0x1D, 0x11, 0xD2, 0xDD, 0x1D
	.byte 0x21, 0xDD, 0xDD, 0x1D, 0x11, 0x11, 0x11, 0x11, 0x11, 0x11, 0x11, 0x11, 0xDD, 0xDD, 0xDD, 0xDD
	.byte 0x75, 0x75, 0x77, 0x15, 0x75, 0x77, 0x77, 0x15, 0x75, 0x77, 0x77, 0x15, 0x75, 0x77, 0x77, 0x15
	.byte 0x75, 0x77, 0x77, 0x15, 0x11, 0x11, 0x11, 0x11, 0x11, 0x11, 0x11, 0x11, 0xDD, 0xDD, 0xDD, 0xDD
	.byte 0x99, 0x99, 0x99, 0x99, 0x99, 0x99, 0x99, 0x99, 0x99, 0x99, 0x99, 0x99, 0x99, 0x99, 0x99, 0x99
	.byte 0x99, 0x99, 0x99, 0x99, 0x77, 0x77, 0x77, 0x77, 0x55, 0x55, 0x55, 0x55, 0x55, 0x55, 0x55, 0x55
	.byte 0x99, 0x99, 0x99, 0x99, 0x99, 0x99, 0x99, 0x99, 0x99, 0x99, 0x99, 0x99, 0x99, 0x99, 0x99, 0x99
	.byte 0x99, 0x99, 0x99, 0x99, 0x77, 0x77, 0x77, 0x77, 0x55, 0x55, 0x55, 0x55, 0x55, 0x55, 0x55, 0x55
	.byte 0x55, 0x55, 0x55, 0x55, 0x55, 0x55, 0x55, 0x55, 0x55, 0x55, 0x55, 0x55, 0x11, 0x11, 0x11, 0x11
	.byte 0x11, 0x11, 0x11, 0x11, 0x11, 0x11, 0x11, 0x11, 0x11, 0x11, 0x11, 0x11, 0x11, 0x11, 0x11, 0x11
	.byte 0x55, 0x55, 0x55, 0x55, 0x55, 0x55, 0x55, 0x55, 0x55, 0x55, 0x55, 0x55, 0x11, 0x11, 0x11, 0x11
	.byte 0x11, 0x51, 0x55, 0x15, 0x11, 0x51, 0x66, 0x15, 0x11, 0x51, 0x47, 0x13, 0x11, 0x51, 0x47, 0x13
	.byte 0x11, 0x11, 0x11, 0x11, 0x11, 0x11, 0x11, 0x11, 0x11, 0x11, 0x11, 0x22, 0x11, 0x11, 0x11, 0xD2
	.byte 0x11, 0x11, 0x21, 0xDD, 0x11, 0x11, 0x21, 0xDD, 0x11, 0x11, 0xD2, 0xDD, 0x11, 0x11, 0xD2, 0xDD
	.byte 0x11, 0x51, 0x47, 0x13, 0x11, 0x51, 0x47, 0x13, 0x22, 0x51, 0x47, 0x13, 0xDD, 0x51, 0x47, 0x13
	.byte 0xDD, 0x51, 0x47, 0x13, 0xDD, 0x51, 0x77, 0x15, 0xDD, 0x51, 0x57, 0x15, 0xDD, 0x51, 0x57, 0x15
	.byte 0x11, 0x21, 0xDD, 0xDD, 0x11, 0x21, 0xDD, 0xDD, 0x11, 0xD2, 0xDD, 0xDD, 0x11, 0xD2, 0xDD, 0xDD
	.byte 0x21, 0xDD, 0xDD, 0xDD, 0x11, 0x11, 0x11, 0x11, 0x11, 0x11, 0x11, 0x11, 0xDD, 0xDD, 0xDD, 0xDD
	.byte 0xDD, 0x51, 0x57, 0x15, 0xDD, 0x51, 0x77, 0x15, 0xDD, 0x51, 0x77, 0x15, 0xDD, 0x51, 0x77, 0x15
	.byte 0xDD, 0x51, 0x77, 0x15, 0x11, 0x11, 0x11, 0x11, 0x11, 0x11, 0x11, 0x11, 0xDD, 0xDD, 0xDD, 0xDD
	.byte 0x99, 0x99, 0x99, 0x99, 0x99, 0x99, 0x99, 0x99, 0x99, 0x99, 0x99, 0x99, 0x99, 0x99, 0x99, 0x99
	.byte 0x99, 0x99, 0x99, 0x99, 0x77, 0x77, 0x77, 0x77, 0x55, 0x55, 0x55, 0x55, 0x55, 0x55, 0x55, 0x55
	.byte 0x99, 0x99, 0x99, 0x99, 0x99, 0x99, 0x99, 0x99, 0x99, 0x99, 0x99, 0x99, 0x99, 0x99, 0x99, 0x99
	.byte 0x99, 0x99, 0x99, 0x99, 0x77, 0x77, 0x77, 0x77, 0x55, 0x55, 0x55, 0x55, 0x55, 0x55, 0x55, 0x55
	.byte 0x55, 0x55, 0x55, 0x55, 0x55, 0x55, 0x55, 0x55, 0x55, 0x55, 0x55, 0x55, 0x11, 0x11, 0x11, 0x11
	.byte 0x11, 0x11, 0x11, 0x11, 0x11, 0x11, 0x11, 0x11, 0x11, 0x11, 0x11, 0x11, 0x11, 0x11, 0x11, 0x11
	.byte 0x55, 0x55, 0x55, 0x55, 0x55, 0x55, 0x55, 0x55, 0x55, 0x55, 0x55, 0x55, 0x11, 0x11, 0x11, 0x11
	.byte 0x11, 0x11, 0x11, 0x11, 0x11, 0x11, 0x11, 0x11, 0x11, 0x11, 0x11, 0x11, 0x11, 0x11, 0x11, 0x11
	.byte 0x11, 0x11, 0x11, 0x11, 0x11, 0x11, 0x11, 0x11, 0x11, 0x11, 0x11, 0x22, 0x11, 0x11, 0x11, 0xD2
	.byte 0x11, 0x11, 0x21, 0xDD, 0x11, 0x11, 0x21, 0xDD, 0x11, 0x11, 0xD2, 0xDD, 0x11, 0x11, 0xD2, 0xDD
	.byte 0x11, 0x11, 0x11, 0x11, 0x11, 0x11, 0x11, 0x11, 0x22, 0x22, 0x22, 0x12, 0xDD, 0xDD, 0xDD, 0x1D
	.byte 0xDD, 0xDD, 0xDD, 0x1D, 0xDD, 0xDD, 0xDD, 0x1D, 0xDD, 0xDD, 0xDD, 0x1D, 0xDD, 0xDD, 0xDD, 0x1D
	.byte 0x11, 0x21, 0xDD, 0xDD, 0x11, 0x21, 0xDD, 0xDD, 0x11, 0xD2, 0xDD, 0xDD, 0x11, 0xD2, 0xDD, 0xDD
	.byte 0x21, 0xDD, 0xDD, 0xDD, 0x11, 0x11, 0x11, 0x11, 0x11, 0x11, 0x11, 0x11, 0xDD, 0xDD, 0xDD, 0xDD
	.byte 0xDD, 0xDD, 0xDD, 0x1D, 0xDD, 0xDD, 0xDD, 0x1D, 0xDD, 0xDD, 0xDD, 0x1D, 0xDD, 0xDD, 0xDD, 0x1D
	.byte 0xDD, 0xDD, 0xDD, 0x1D, 0x11, 0x11, 0x11, 0x11, 0x11, 0x11, 0x11, 0x11, 0xDD, 0xDD, 0xDD, 0xDD
	.byte 0x00, 0x00, 0x00, 0x00, 0x00, 0x00, 0x00, 0x00, 0x00, 0x00, 0x00, 0x00, 0x00, 0x00, 0x00, 0x00
	.byte 0x00, 0x00, 0x00, 0x00, 0x00, 0x00, 0x00, 0x00, 0x00, 0x00, 0x00, 0x00, 0x00, 0x00, 0x00, 0x00
	.byte 0x44, 0x44, 0x44, 0x44, 0x33, 0x43, 0x33, 0x33, 0x44, 0x44, 0x44, 0x44, 0x22, 0x22, 0x22, 0x24
	.byte 0x33, 0x33, 0x33, 0x34, 0x33, 0x33, 0x33, 0x34, 0x44, 0x44, 0x44, 0x44, 0x33, 0x43, 0x33, 0x33
	.byte 0x44, 0x44, 0x44, 0x44, 0x33, 0x43, 0x33, 0x33, 0x44, 0x44, 0x44, 0x44, 0x22, 0x22, 0x22, 0x24
	.byte 0x33, 0x33, 0x33, 0x34, 0x33, 0x33, 0x33, 0x34, 0x44, 0x44, 0x44, 0x44, 0x33, 0x43, 0x33, 0x33
	.byte 0x56, 0x55, 0x55, 0x55, 0x56, 0x55, 0x55, 0x55, 0x56, 0x55, 0x55, 0x55, 0x66, 0x66, 0x66, 0x66
	.byte 0x67, 0x66, 0x66, 0x66, 0x77, 0x67, 0xED, 0xEE, 0x77, 0x67, 0xED, 0xDD, 0x77, 0x67, 0xED, 0xDD
	.byte 0x55, 0x55, 0x55, 0x65, 0x55, 0x55, 0x55, 0x65, 0x55, 0x55, 0x55, 0x65, 0x66, 0x66, 0x66, 0x66
	.byte 0x66, 0x66, 0x66, 0x76, 0xDE, 0xDD, 0xDD, 0x76, 0xED, 0xEE, 0xCE, 0x76, 0xCC, 0xCC, 0xCE, 0x76
	.byte 0x77, 0x67, 0xED, 0xEE, 0x77, 0x67, 0xED, 0xDD, 0x77, 0x66, 0x66, 0xCD, 0x77, 0xA6, 0x6A, 0xEE
	.byte 0x77, 0xA6, 0x6A, 0xDD, 0x77, 0x66, 0x66, 0xCD, 0x77, 0x67, 0xED, 0xEE, 0x77, 0x67, 0xED, 0xDD
	.byte 0xCE, 0xBB, 0xCE, 0x76, 0xED, 0xEE, 0xCE, 0x76, 0xCC, 0xCC, 0xCE, 0x76, 0xCE, 0xBB, 0xCE, 0x76
	.byte 0xED, 0xEE, 0xCE, 0x76, 0xCC, 0xCC, 0xDE, 0x76, 0xCE, 0xBB, 0xDE, 0x76, 0xED, 0xEE, 0xDE, 0x76
	.byte 0x77, 0x67, 0xDD, 0xEE, 0x77, 0x67, 0xDD, 0xDD, 0x77, 0x76, 0x77, 0xDD, 0x77, 0x56, 0x55, 0x77
	.byte 0x67, 0x55, 0x55, 0x55, 0x77, 0x77, 0x77, 0x77, 0x77, 0x77, 0x77, 0x77, 0x55, 0x55, 0x55, 0x55
	.byte 0xDE, 0xCD, 0xDE, 0x76, 0xED, 0xEE, 0xDE, 0x76, 0xDD, 0xDD, 0xDD, 0x76, 0xD7, 0xDD, 0xDD, 0x76
	.byte 0x75, 0x77, 0xDD, 0x76, 0x77, 0x77, 0x77, 0x77, 0x77, 0x77, 0x77, 0x77, 0x55, 0x55, 0x55, 0x55
	.byte 0x44, 0x44, 0x44, 0x44, 0x33, 0x43, 0x33, 0x33, 0x44, 0x44, 0x44, 0x44, 0x22, 0x22, 0x22, 0x24
	.byte 0x33, 0x33, 0x33, 0x34, 0x33, 0x33, 0x33, 0x34, 0x44, 0x44, 0x44, 0x44, 0x33, 0x43, 0x33, 0x33
	.byte 0x44, 0x44, 0x44, 0x44, 0x33, 0x43, 0x33, 0x33, 0x44, 0x44, 0x44, 0x44, 0x22, 0x22, 0x22, 0x24
	.byte 0x33, 0x33, 0x33, 0x34, 0x33, 0x33, 0x33, 0x34, 0x44, 0x44, 0x44, 0x44, 0x33, 0x43, 0x33, 0x33
	.byte 0x56, 0x55, 0x55, 0x55, 0x56, 0x55, 0x55, 0x55, 0x56, 0x55, 0x55, 0x55, 0x66, 0x66, 0x66, 0x66
	.byte 0x67, 0x66, 0x66, 0x66, 0x77, 0x77, 0x77, 0x67, 0x77, 0x77, 0x77, 0x67, 0x77, 0x77, 0x77, 0x67
	.byte 0x55, 0x55, 0x55, 0x65, 0x55, 0x55, 0x55, 0x65, 0x55, 0x55, 0x55, 0x65, 0x66, 0x66, 0x66, 0x66
	.byte 0x66, 0x66, 0x66, 0x76, 0xED, 0xDD, 0x6D, 0x76, 0xED, 0xDE, 0x6D, 0x76, 0xDD, 0xEE, 0x6D, 0x76
	.byte 0x77, 0x77, 0x77, 0x66, 0x77, 0x77, 0x77, 0xA6, 0x77, 0x77, 0x77, 0xA6, 0x77, 0x77, 0x77, 0x66
	.byte 0x77, 0x77, 0x67, 0x65, 0x77, 0x77, 0x67, 0x65, 0x77, 0x77, 0x56, 0x65, 0x77, 0x77, 0x56, 0x65
	.byte 0xED, 0xED, 0x6D, 0x76, 0xDD, 0xEE, 0x6D, 0x76, 0xDD, 0xED, 0x6D, 0x76, 0xED, 0xED, 0x6D, 0x76
	.byte 0xDD, 0xEE, 0x6D, 0x76, 0xED, 0xED, 0x6D, 0x76, 0xDD, 0xEE, 0x6D, 0x76, 0xDD, 0xED, 0x6D, 0x76
	.byte 0x77, 0x67, 0x55, 0x55, 0x77, 0x67, 0x55, 0x55, 0x77, 0x56, 0x55, 0x55, 0x77, 0x56, 0x55, 0x55
	.byte 0x67, 0x55, 0x55, 0x55, 0x77, 0x77, 0x77, 0x77, 0x77, 0x77, 0x77, 0x77, 0x55, 0x55, 0x55, 0x55
	.byte 0xD7, 0xDD, 0x6D, 0x76, 0x75, 0xDD, 0x6D, 0x76, 0x55, 0xD7, 0x6D, 0x76, 0x55, 0x75, 0x6D, 0x76
	.byte 0x55, 0x55, 0x67, 0x76, 0x77, 0x77, 0x77, 0x77, 0x77, 0x77, 0x77, 0x77, 0x55, 0x55, 0x55, 0x55
	.byte 0x44, 0x44, 0x44, 0x44, 0x33, 0x43, 0x33, 0x33, 0x44, 0x44, 0x44, 0x44, 0x22, 0x22, 0x22, 0x24
	.byte 0x33, 0x33, 0x33, 0x34, 0x33, 0x33, 0x33, 0x34, 0x44, 0x44, 0x44, 0x44, 0x33, 0x43, 0x33, 0x33
	.byte 0x44, 0x44, 0x44, 0x44, 0x33, 0x43, 0x33, 0x33, 0x44, 0x44, 0x44, 0x44, 0x22, 0x22, 0x22, 0x24
	.byte 0x33, 0x33, 0x33, 0x34, 0x33, 0x33, 0x33, 0x34, 0x44, 0x44, 0x44, 0x44, 0x33, 0x43, 0x33, 0x33
	.byte 0x56, 0x55, 0x55, 0x55, 0x56, 0x55, 0x55, 0x55, 0x56, 0x55, 0x55, 0x55, 0x66, 0x66, 0x66, 0x66
	.byte 0x67, 0x66, 0x66, 0x66, 0x77, 0x77, 0x77, 0x77, 0x77, 0x77, 0x77, 0x77, 0x77, 0x77, 0x77, 0x77
	.byte 0x55, 0x55, 0x55, 0x65, 0x55, 0x55, 0x55, 0x65, 0x55, 0x55, 0x55, 0x65, 0x66, 0x66, 0x66, 0x66
	.byte 0x66, 0x66, 0x66, 0x76, 0x77, 0x77, 0x77, 0x77, 0x77, 0x77, 0x77, 0x77, 0x77, 0x77, 0x77, 0x77
	.byte 0x77, 0x77, 0x77, 0x77, 0x77, 0x77, 0x77, 0x77, 0x77, 0x77, 0x77, 0x66, 0x77, 0x77, 0x77, 0x56
	.byte 0x77, 0x77, 0x67, 0x55, 0x77, 0x77, 0x67, 0x55, 0x77, 0x77, 0x56, 0x55, 0x77, 0x77, 0x56, 0x55
	.byte 0x77, 0x77, 0x77, 0x77, 0x77, 0x77, 0x77, 0x77, 0x66, 0x66, 0x66, 0x76, 0x55, 0x55, 0x55, 0x75
	.byte 0x55, 0x55, 0x55, 0x75, 0x55, 0x55, 0x55, 0x75, 0x55, 0x55, 0x55, 0x75, 0x55, 0x55, 0x55, 0x75
	.byte 0x77, 0x67, 0x55, 0x55, 0x77, 0x67, 0x55, 0x55, 0x77, 0x56, 0x55, 0x55, 0x77, 0x56, 0x55, 0x55
	.byte 0x67, 0x55, 0x55, 0x55, 0x77, 0x77, 0x77, 0x77, 0x77, 0x77, 0x77, 0x77, 0x55, 0x55, 0x55, 0x55
	.byte 0x55, 0x55, 0x55, 0x75, 0x55, 0x55, 0x55, 0x75, 0x55, 0x55, 0x55, 0x75, 0x55, 0x55, 0x55, 0x75
	.byte 0x55, 0x55, 0x55, 0x75, 0x77, 0x77, 0x77, 0x77, 0x77, 0x77, 0x77, 0x77, 0x55, 0x55, 0x55, 0x55
	.byte 0x00, 0x00, 0x00, 0x00, 0x00, 0x00, 0x00, 0x00, 0x00, 0x00, 0x00, 0x00, 0x00, 0x00, 0x00, 0x00
	.byte 0x00, 0x00, 0x00, 0x00, 0x00, 0x00, 0x00, 0x00, 0x00, 0x00, 0x00, 0x00, 0x00, 0x00, 0x00, 0x00
	.byte 0x43, 0x33, 0x33, 0x34, 0x43, 0x33, 0x33, 0x34, 0x43, 0x43, 0x34, 0x34, 0x43, 0x43, 0x34, 0x34
	.byte 0x43, 0x43, 0x34, 0x34, 0x43, 0x43, 0x34, 0x34, 0x43, 0x33, 0x33, 0x34, 0x43, 0x33, 0x33, 0x34
	.byte 0x43, 0x33, 0x33, 0x34, 0x43, 0x33, 0x33, 0x34, 0x43, 0x43, 0x34, 0x34, 0x43, 0x43, 0x34, 0x34
	.byte 0x43, 0x43, 0x34, 0x34, 0x43, 0x43, 0x34, 0x34, 0x43, 0x33, 0x33, 0x34, 0x43, 0x33, 0x33, 0x34
	.byte 0x55, 0x55, 0x55, 0x55, 0x22, 0x22, 0x22, 0x22, 0x22, 0x22, 0x22, 0x22, 0x22, 0x22, 0x22, 0x22
	.byte 0x44, 0x44, 0x44, 0x44, 0xCC, 0xCC, 0xCC, 0xCC, 0xCE, 0xEC, 0xCC, 0xCE, 0x44, 0x44, 0x44, 0x44
	.byte 0x55, 0x55, 0x55, 0x55, 0x22, 0x22, 0x22, 0x22, 0x22, 0x22, 0x22, 0x22, 0x22, 0x22, 0x22, 0x22
	.byte 0x44, 0x44, 0x44, 0x44, 0xCC, 0xCC, 0xCC, 0xCC, 0xEC, 0xCC, 0xCE, 0xEC, 0x44, 0x44, 0x44, 0x44
	.byte 0x77, 0x77, 0x77, 0x77, 0x55, 0x55, 0x55, 0x77, 0xAA, 0xAA, 0x5A, 0x77, 0x99, 0x99, 0x59, 0x77
	.byte 0x99, 0x99, 0x59, 0x77, 0x99, 0x99, 0x59, 0x77, 0x99, 0x99, 0x59, 0x77, 0x99, 0x99, 0x59, 0x77
	.byte 0x77, 0x77, 0x77, 0x77, 0x77, 0x55, 0x55, 0x55, 0x77, 0xA5, 0xAA, 0xAA, 0x77, 0x95, 0x99, 0x99
	.byte 0x77, 0x95, 0x99, 0x99, 0x77, 0x95, 0x99, 0x99, 0x77, 0x95, 0x99, 0x99, 0x77, 0x95, 0x99, 0x99
	.byte 0x44, 0x44, 0x54, 0x77, 0x44, 0x44, 0x54, 0x77, 0x33, 0x33, 0x53, 0x77, 0x33, 0x33, 0x53, 0x77
	.byte 0x22, 0x22, 0x52, 0x67, 0x77, 0x77, 0x77, 0x56, 0x55, 0x55, 0x55, 0x55, 0x55, 0x55, 0x55, 0x55
	.byte 0x77, 0x45, 0x44, 0x44, 0x77, 0x45, 0x44, 0x44, 0x77, 0x35, 0x33, 0x33, 0x76, 0x35, 0x33, 0x33
	.byte 0x75, 0x25, 0x22, 0x22, 0x75, 0x77, 0x77, 0x77, 0x55, 0x55, 0x55, 0x55, 0x55, 0x55, 0x55, 0x55
	.byte 0x43, 0x33, 0x33, 0x34, 0x43, 0x33, 0x33, 0x34, 0x43, 0x43, 0x34, 0x34, 0x43, 0x43, 0x34, 0x34
	.byte 0x43, 0x43, 0x34, 0x34, 0x43, 0x43, 0x34, 0x34, 0x43, 0x33, 0x33, 0x34, 0x43, 0x33, 0x33, 0x34
	.byte 0x43, 0x33, 0x33, 0x34, 0x43, 0x33, 0x33, 0x34, 0x43, 0x43, 0x34, 0x34, 0x43, 0x43, 0x34, 0x34
	.byte 0x43, 0x43, 0x34, 0x34, 0x43, 0x43, 0x34, 0x34, 0x43, 0x33, 0x33, 0x34, 0x43, 0x33, 0x33, 0x34
	.byte 0x55, 0x55, 0x55, 0x55, 0x22, 0x22, 0x22, 0x22, 0x22, 0x22, 0x22, 0x22, 0x22, 0x22, 0x22, 0x22
	.byte 0x44, 0x44, 0x44, 0x44, 0xCC, 0xCC, 0xCC, 0xCC, 0xCE, 0xEC, 0xCC, 0xCE, 0x44, 0x44, 0x44, 0x44
	.byte 0x55, 0x55, 0x55, 0x55, 0x22, 0x22, 0x22, 0x22, 0x22, 0x22, 0x22, 0x22, 0x22, 0x22, 0x22, 0x22
	.byte 0x44, 0x44, 0x44, 0x44, 0xCC, 0xCC, 0xCC, 0xCC, 0xEC, 0xCC, 0xCE, 0xEC, 0x44, 0x44, 0x44, 0x44
	.byte 0x77, 0x77, 0x77, 0x77, 0x55, 0x55, 0x77, 0x77, 0xAA, 0x5A, 0x77, 0x77, 0x99, 0x59, 0x77, 0x77
	.byte 0x99, 0x59, 0x77, 0x77, 0x99, 0x59, 0x77, 0x77, 0x99, 0x59, 0x77, 0x77, 0x99, 0x59, 0x77, 0x77
	.byte 0x77, 0x77, 0x77, 0x77, 0x77, 0x77, 0x55, 0x55, 0x77, 0x77, 0xA5, 0xAA, 0x77, 0x77, 0x95, 0x99
	.byte 0x77, 0x77, 0x95, 0x99, 0x77, 0x77, 0x95, 0x99, 0x77, 0x77, 0x95, 0x99, 0x77, 0x77, 0x95, 0x99
	.byte 0x44, 0x54, 0x77, 0x77, 0x44, 0x54, 0x77, 0x77, 0x33, 0x53, 0x77, 0x67, 0x33, 0x53, 0x77, 0x56
	.byte 0x22, 0x52, 0x67, 0x55, 0x77, 0x77, 0x56, 0x55, 0x55, 0x55, 0x55, 0x55, 0x55, 0x55, 0x55, 0x55
	.byte 0x67, 0x76, 0x45, 0x44, 0x56, 0x75, 0x45, 0x44, 0x55, 0x75, 0x35, 0x33, 0x55, 0x75, 0x35, 0x33
	.byte 0x55, 0x75, 0x25, 0x22, 0x55, 0x75, 0x77, 0x77, 0x55, 0x55, 0x55, 0x55, 0x55, 0x55, 0x55, 0x55
	.byte 0x43, 0x33, 0x33, 0x34, 0x43, 0x33, 0x33, 0x34, 0x43, 0x43, 0x34, 0x34, 0x43, 0x43, 0x34, 0x34
	.byte 0x43, 0x43, 0x34, 0x34, 0x43, 0x43, 0x34, 0x34, 0x43, 0x33, 0x33, 0x34, 0x43, 0x33, 0x33, 0x34
	.byte 0x43, 0x33, 0x33, 0x34, 0x43, 0x33, 0x33, 0x34, 0x43, 0x43, 0x34, 0x34, 0x43, 0x43, 0x34, 0x34
	.byte 0x43, 0x43, 0x34, 0x34, 0x43, 0x43, 0x34, 0x34, 0x43, 0x33, 0x33, 0x34, 0x43, 0x33, 0x33, 0x34
	.byte 0x55, 0x55, 0x55, 0x55, 0x22, 0x22, 0x22, 0x22, 0x22, 0x22, 0x22, 0x22, 0x22, 0x22, 0x22, 0x22
	.byte 0x44, 0x44, 0x44, 0x44, 0xCC, 0xCC, 0xCC, 0xCC, 0xCE, 0xEC, 0xCC, 0xCE, 0x44, 0x44, 0x44, 0x44
	.byte 0x55, 0x55, 0x55, 0x55, 0x22, 0x22, 0x22, 0x22, 0x22, 0x22, 0x22, 0x22, 0x22, 0x22, 0x22, 0x22
	.byte 0x44, 0x44, 0x44, 0x44, 0xCC, 0xCC, 0xCC, 0xCC, 0xEC, 0xCC, 0xCE, 0xEC, 0x44, 0x44, 0x44, 0x44
	.byte 0x77, 0x77, 0x77, 0x77, 0x75, 0x77, 0x77, 0x77, 0x75, 0x77, 0x77, 0x77, 0x75, 0x77, 0x77, 0x77
	.byte 0x75, 0x77, 0x77, 0x77, 0x75, 0x77, 0x77, 0x77, 0x75, 0x77, 0x77, 0x77, 0x75, 0x77, 0x77, 0x67
	.byte 0x77, 0x77, 0x77, 0x77, 0x77, 0x77, 0x77, 0x57, 0x77, 0x77, 0x77, 0x57, 0x77, 0x77, 0x77, 0x57
	.byte 0x77, 0x77, 0x77, 0x57, 0x67, 0x66, 0x66, 0x57, 0x56, 0x55, 0x55, 0x57, 0x55, 0x55, 0x55, 0x57
	.byte 0x75, 0x77, 0x77, 0x56, 0x75, 0x77, 0x67, 0x55, 0x75, 0x77, 0x56, 0x55, 0x75, 0x67, 0x55, 0x55
	.byte 0x75, 0x56, 0x55, 0x55, 0x67, 0x55, 0x55, 0x55, 0x55, 0x55, 0x55, 0x55, 0x55, 0x55, 0x55, 0x55
	.byte 0x55, 0x55, 0x55, 0x57, 0x55, 0x55, 0x55, 0x57, 0x55, 0x55, 0x55, 0x57, 0x55, 0x55, 0x55, 0x57
	.byte 0x55, 0x55, 0x55, 0x57, 0x55, 0x55, 0x55, 0x77, 0x55, 0x55, 0x55, 0x55, 0x55, 0x55, 0x55, 0x55
	.byte 0x00, 0x00, 0x00, 0x00, 0x00, 0x00, 0x00, 0x00, 0x00, 0x00, 0x00, 0x00, 0x00, 0x00, 0x00, 0x00
	.byte 0x00, 0x00, 0x00, 0x00, 0x00, 0x00, 0x00, 0x00, 0x00, 0x00, 0x00, 0x00, 0x00, 0x00, 0x00, 0x00
	.byte 0x43, 0x33, 0x33, 0x34, 0x43, 0x33, 0x33, 0x34, 0x43, 0x43, 0x34, 0x34, 0x43, 0x43, 0x34, 0x34
	.byte 0x43, 0x43, 0x34, 0x34, 0x43, 0x43, 0x34, 0x34, 0x43, 0x33, 0x33, 0x34, 0x43, 0x33, 0x33, 0x34
	.byte 0x43, 0x33, 0x33, 0x34, 0x43, 0x33, 0x33, 0x34, 0x43, 0x43, 0x34, 0x34, 0x43, 0x43, 0x34, 0x34
	.byte 0x43, 0x43, 0x34, 0x34, 0x43, 0x43, 0x34, 0x34, 0x43, 0x33, 0x33, 0x34, 0x43, 0x33, 0x33, 0x34
	.byte 0x55, 0x55, 0x55, 0x55, 0x11, 0x11, 0x11, 0x11, 0x11, 0x11, 0x11, 0x11, 0x11, 0x11, 0x11, 0x11
	.byte 0x44, 0x44, 0x44, 0x44, 0xDD, 0xDD, 0xDD, 0xDD, 0xDD, 0xDD, 0xDD, 0xDD, 0x44, 0x44, 0x44, 0x44
	.byte 0x55, 0x55, 0x55, 0x55, 0x11, 0x11, 0x11, 0x11, 0x11, 0x11, 0x11, 0x11, 0x11, 0x11, 0x11, 0x11
	.byte 0x44, 0x44, 0x44, 0x44, 0xDD, 0xDD, 0xDD, 0xDD, 0xDD, 0xDD, 0xDD, 0xDD, 0x44, 0x44, 0x44, 0x44
	.byte 0x77, 0x77, 0x77, 0x77, 0x55, 0x55, 0x55, 0x77, 0xAA, 0xAA, 0x33, 0x77, 0x99, 0x11, 0x31, 0x77
	.byte 0x39, 0x11, 0x31, 0x77, 0x19, 0x11, 0x59, 0x77, 0x99, 0x99, 0x59, 0x77, 0x19, 0x11, 0x59, 0x77
	.byte 0x77, 0x77, 0x77, 0x77, 0x77, 0x55, 0x55, 0x55, 0x77, 0x33, 0xAA, 0xAA, 0x77, 0x13, 0x11, 0x99
	.byte 0x77, 0x13, 0x11, 0x93, 0x77, 0x95, 0x11, 0x91, 0x77, 0x95, 0x99, 0x99, 0x77, 0x95, 0x11, 0x91
	.byte 0x99, 0x11, 0x31, 0x77, 0x99, 0x11, 0x31, 0x77, 0x33, 0x33, 0x31, 0x77, 0x33, 0x33, 0x53, 0x77
	.byte 0xBB, 0xBB, 0x5B, 0x67, 0x77, 0x77, 0x77, 0x56, 0x55, 0x55, 0x55, 0x55, 0x55, 0x55, 0x55, 0x55
	.byte 0x77, 0x13, 0x11, 0x99, 0x77, 0x13, 0x11, 0x99, 0x77, 0x13, 0x33, 0x33, 0x76, 0x35, 0x33, 0x33
	.byte 0x75, 0xB5, 0xBB, 0xBB, 0x75, 0x77, 0x77, 0x77, 0x55, 0x55, 0x55, 0x55, 0x55, 0x55, 0x55, 0x55
	.byte 0x43, 0x33, 0x33, 0x34, 0x43, 0x33, 0x33, 0x34, 0x43, 0x43, 0x34, 0x34, 0x43, 0x43, 0x34, 0x34
	.byte 0x43, 0x43, 0x34, 0x34, 0x43, 0x43, 0x34, 0x34, 0x43, 0x33, 0x33, 0x34, 0x43, 0x33, 0x33, 0x34
	.byte 0x43, 0x33, 0x33, 0x34, 0x43, 0x33, 0x33, 0x34, 0x43, 0x43, 0x34, 0x34, 0x43, 0x43, 0x34, 0x34
	.byte 0x43, 0x43, 0x34, 0x34, 0x43, 0x43, 0x34, 0x34, 0x43, 0x33, 0x33, 0x34, 0x43, 0x33, 0x33, 0x34
	.byte 0x55, 0x55, 0x55, 0x55, 0x11, 0x11, 0x11, 0x11, 0x11, 0x11, 0x11, 0x11, 0x11, 0x11, 0x11, 0x11
	.byte 0x44, 0x44, 0x44, 0x44, 0xDD, 0xDD, 0xDD, 0xDD, 0xDD, 0xDD, 0xDD, 0xDD, 0x44, 0x44, 0x44, 0x44
	.byte 0x55, 0x55, 0x55, 0x55, 0x11, 0x11, 0x11, 0x11, 0x11, 0x11, 0x11, 0x11, 0x11, 0x11, 0x11, 0x11
	.byte 0x44, 0x44, 0x44, 0x44, 0xDD, 0xDD, 0xDD, 0xDD, 0xDD, 0xDD, 0xDD, 0xDD, 0x44, 0x44, 0x44, 0x44
	.byte 0x77, 0x77, 0x77, 0x77, 0x55, 0x55, 0x77, 0x77, 0xAA, 0x33, 0x77, 0x77, 0x11, 0x31, 0x77, 0x77
	.byte 0x11, 0x31, 0x77, 0x77, 0x11, 0x59, 0x77, 0x77, 0x99, 0x59, 0x77, 0x77, 0x11, 0x59, 0x77, 0x77
	.byte 0x77, 0x77, 0x77, 0x77, 0x77, 0x77, 0x55, 0x55, 0x77, 0x77, 0x33, 0xAA, 0x77, 0x77, 0x13, 0x11
	.byte 0x77, 0x77, 0x13, 0x11, 0x77, 0x77, 0x95, 0x11, 0x77, 0x77, 0x95, 0x99, 0x77, 0x77, 0x95, 0x11
	.byte 0x11, 0x31, 0x77, 0x77, 0x11, 0x31, 0x77, 0x77, 0x33, 0x31, 0x77, 0x67, 0x33, 0x53, 0x77, 0x56
	.byte 0xBB, 0x5B, 0x67, 0x55, 0x77, 0x77, 0x56, 0x55, 0x55, 0x55, 0x55, 0x55, 0x55, 0x55, 0x55, 0x55
	.byte 0x67, 0x76, 0x13, 0x11, 0x56, 0x75, 0x13, 0x11, 0x55, 0x75, 0x13, 0x33, 0x55, 0x75, 0x35, 0x33
	.byte 0x55, 0x75, 0xB5, 0xBB, 0x55, 0x75, 0x77, 0x77, 0x55, 0x55, 0x55, 0x55, 0x55, 0x55, 0x55, 0x55
	.byte 0x43, 0x33, 0x33, 0x34, 0x43, 0x33, 0x33, 0x34, 0x43, 0x43, 0x34, 0x34, 0x43, 0x43, 0x34, 0x34
	.byte 0x43, 0x43, 0x34, 0x34, 0x43, 0x43, 0x34, 0x34, 0x43, 0x33, 0x33, 0x34, 0x43, 0x33, 0x33, 0x34
	.byte 0x43, 0x33, 0x33, 0x34, 0x43, 0x33, 0x33, 0x34, 0x43, 0x43, 0x34, 0x34, 0x43, 0x43, 0x34, 0x34
	.byte 0x43, 0x43, 0x34, 0x34, 0x43, 0x43, 0x34, 0x34, 0x43, 0x33, 0x33, 0x34, 0x43, 0x33, 0x33, 0x34
	.byte 0x55, 0x55, 0x55, 0x55, 0x11, 0x11, 0x11, 0x11, 0x11, 0x11, 0x11, 0x11, 0x11, 0x11, 0x11, 0x11
	.byte 0x44, 0x44, 0x44, 0x44, 0xDD, 0xDD, 0xDD, 0xDD, 0xDD, 0xDD, 0xDD, 0xDD, 0x44, 0x44, 0x44, 0x44
	.byte 0x55, 0x55, 0x55, 0x55, 0x11, 0x11, 0x11, 0x11, 0x11, 0x11, 0x11, 0x11, 0x11, 0x11, 0x11, 0x11
	.byte 0x44, 0x44, 0x44, 0x44, 0xDD, 0xDD, 0xDD, 0xDD, 0xDD, 0xDD, 0xDD, 0xDD, 0x44, 0x44, 0x44, 0x44
	.byte 0x77, 0x77, 0x77, 0x77, 0x75, 0x77, 0x77, 0x77, 0x73, 0x77, 0x77, 0x77, 0x73, 0x77, 0x77, 0x77
	.byte 0x73, 0x77, 0x77, 0x77, 0x75, 0x77, 0x77, 0x77, 0x75, 0x77, 0x77, 0x77, 0x75, 0x77, 0x77, 0x67
	.byte 0x77, 0x77, 0x77, 0x77, 0x77, 0x77, 0x77, 0x57, 0x77, 0x77, 0x77, 0x37, 0x77, 0x77, 0x77, 0x37
	.byte 0x77, 0x77, 0x77, 0x37, 0x67, 0x66, 0x66, 0x57, 0x56, 0x55, 0x55, 0x57, 0x55, 0x55, 0x55, 0x57
	.byte 0x73, 0x77, 0x77, 0x56, 0x73, 0x77, 0x67, 0x55, 0x73, 0x77, 0x56, 0x55, 0x75, 0x67, 0x55, 0x55
	.byte 0x75, 0x56, 0x55, 0x55, 0x67, 0x55, 0x55, 0x55, 0x55, 0x55, 0x55, 0x55, 0x55, 0x55, 0x55, 0x55
	.byte 0x55, 0x55, 0x55, 0x37, 0x55, 0x55, 0x55, 0x37, 0x55, 0x55, 0x55, 0x37, 0x55, 0x55, 0x55, 0x57
	.byte 0x55, 0x55, 0x55, 0x57, 0x55, 0x55, 0x55, 0x77, 0x55, 0x55, 0x55, 0x55, 0x55, 0x55, 0x55, 0x55
	.byte 0x00, 0x00, 0x00, 0x00, 0x00, 0x00, 0x00, 0x00, 0x00, 0x00, 0x00, 0x00, 0x00, 0x00, 0x00, 0x00
	.byte 0x00, 0x00, 0x00, 0x00, 0x00, 0x00, 0x00, 0x00, 0x00, 0x00, 0x00, 0x00, 0x00, 0x00, 0x00, 0x00
	.byte 0x37, 0x33, 0x77, 0x77, 0x37, 0x33, 0x36, 0x33, 0x37, 0x73, 0x66, 0x66, 0x37, 0x67, 0xA9, 0xAA
	.byte 0x77, 0x96, 0xAA, 0xAA, 0x67, 0xA9, 0xAA, 0x9A, 0x97, 0xAA, 0xAA, 0xA9, 0xA7, 0xAA, 0x9A, 0x9A
	.byte 0x77, 0x77, 0x33, 0x73, 0x33, 0x63, 0x33, 0x73, 0x66, 0x66, 0x37, 0x73, 0xAA, 0x9A, 0x76, 0x73
	.byte 0xA9, 0x99, 0x69, 0x77, 0x9A, 0x99, 0xA9, 0x76, 0x99, 0x99, 0xAA, 0x7A, 0x99, 0xA9, 0xAA, 0x7A
	.byte 0x77, 0x77, 0x77, 0x77, 0x22, 0x22, 0x22, 0x22, 0x55, 0x55, 0x55, 0x55, 0xC5, 0xC5, 0xC5, 0x25
	.byte 0x77, 0x77, 0x77, 0x77, 0x55, 0x55, 0x65, 0x77, 0xAA, 0xAA, 0x6A, 0x77, 0x9A, 0x11, 0x61, 0x77
	.byte 0x77, 0x77, 0x77, 0x77, 0x22, 0x22, 0x22, 0x22, 0x55, 0x55, 0x55, 0x55, 0x52, 0x5C, 0x5C, 0x5C
	.byte 0x77, 0x77, 0x77, 0x77, 0x77, 0x56, 0x55, 0x55, 0x77, 0xA6, 0xAA, 0x9A, 0x77, 0x16, 0x11, 0x99
	.byte 0xAA, 0x99, 0x69, 0x77, 0xAA, 0x9A, 0x69, 0x77, 0xAA, 0x99, 0x69, 0x77, 0x9A, 0x99, 0x6A, 0x77
	.byte 0x99, 0xA9, 0x69, 0x77, 0x99, 0xAA, 0x6A, 0x77, 0xA9, 0xAA, 0x6A, 0x77, 0xAA, 0xAA, 0x6A, 0x77
	.byte 0x77, 0x96, 0x99, 0x99, 0x77, 0xA6, 0x99, 0x99, 0x77, 0x96, 0x99, 0x99, 0x77, 0x96, 0x99, 0xA9
	.byte 0x77, 0x96, 0x99, 0x9A, 0x77, 0x96, 0xA9, 0xAA, 0x77, 0x96, 0xAA, 0xAA, 0x77, 0xA6, 0xAA, 0xAA
	.byte 0xAA, 0xAA, 0x6A, 0x77, 0xAA, 0xAA, 0x69, 0x77, 0x33, 0x43, 0x64, 0x77, 0x55, 0x44, 0x64, 0x77
	.byte 0x45, 0x44, 0x64, 0x67, 0x77, 0x77, 0x77, 0x56, 0x55, 0x55, 0x55, 0x55, 0x55, 0x55, 0x55, 0x55
	.byte 0x77, 0xA6, 0xAA, 0xAA, 0x77, 0xA6, 0xAA, 0xAA, 0x77, 0x36, 0x33, 0x33, 0x56, 0x56, 0x55, 0x55
	.byte 0x55, 0x56, 0x55, 0x55, 0x55, 0x77, 0x77, 0x77, 0x55, 0x55, 0x55, 0x55, 0x55, 0x55, 0x55, 0x55
	.byte 0x37, 0x33, 0x77, 0x77, 0x37, 0x33, 0x36, 0x33, 0x37, 0x73, 0x66, 0x66, 0x37, 0x67, 0xA9, 0xAA
	.byte 0x77, 0x96, 0xAA, 0xAA, 0x67, 0xA9, 0xAA, 0x9A, 0x97, 0xAA, 0xAA, 0xA9, 0xA7, 0xAA, 0x9A, 0x9A
	.byte 0x77, 0x77, 0x33, 0x73, 0x33, 0x63, 0x33, 0x73, 0x66, 0x66, 0x37, 0x73, 0xAA, 0x9A, 0x76, 0x73
	.byte 0xA9, 0x99, 0x69, 0x77, 0x9A, 0x99, 0xA9, 0x76, 0x99, 0x99, 0xAA, 0x7A, 0x99, 0xA9, 0xAA, 0x7A
	.byte 0x77, 0x77, 0x77, 0x77, 0x22, 0x22, 0x22, 0x22, 0x55, 0x55, 0x55, 0x55, 0xC5, 0xC5, 0xC5, 0x25
	.byte 0x77, 0x77, 0x77, 0x77, 0x55, 0x65, 0x77, 0x77, 0xAA, 0x6A, 0x77, 0x77, 0x9A, 0x61, 0x77, 0x77
	.byte 0x77, 0x77, 0x77, 0x77, 0x22, 0x22, 0x22, 0x22, 0x55, 0x55, 0x55, 0x55, 0x52, 0x5C, 0x5C, 0x5C
	.byte 0x77, 0x77, 0x77, 0x77, 0x77, 0x77, 0x56, 0x55, 0x77, 0x77, 0xA6, 0x9A, 0x77, 0x77, 0x16, 0x99
	.byte 0xAA, 0x69, 0x77, 0x77, 0xAA, 0x6A, 0x77, 0x77, 0xAA, 0x69, 0x77, 0x77, 0x9A, 0x69, 0x77, 0x77
	.byte 0x99, 0x69, 0x77, 0x77, 0x99, 0x6A, 0x77, 0x77, 0xA9, 0x6A, 0x77, 0x77, 0xAA, 0x6A, 0x77, 0x67
	.byte 0x77, 0x77, 0x96, 0x99, 0x77, 0x77, 0x96, 0x99, 0x77, 0x77, 0x96, 0x99, 0x67, 0x76, 0x96, 0xA9
	.byte 0x67, 0x75, 0x96, 0x9A, 0x56, 0x75, 0xA6, 0xAA, 0x56, 0x75, 0xA6, 0xAA, 0x55, 0x75, 0xA6, 0xAA
	.byte 0xAA, 0x6A, 0x77, 0x67, 0xAA, 0x6A, 0x77, 0x56, 0x33, 0x63, 0x77, 0x56, 0x55, 0x64, 0x67, 0x55
	.byte 0x45, 0x64, 0x67, 0x55, 0x77, 0x77, 0x56, 0x55, 0x55, 0x55, 0x55, 0x55, 0x55, 0x55, 0x55, 0x55
	.byte 0x55, 0x75, 0xA6, 0xAA, 0x55, 0x75, 0xA6, 0xAA, 0x55, 0x75, 0x36, 0x33, 0x55, 0x75, 0x56, 0x55
	.byte 0x55, 0x75, 0x56, 0x55, 0x55, 0x75, 0x77, 0x77, 0x55, 0x55, 0x55, 0x55, 0x55, 0x55, 0x55, 0x55
	.byte 0x37, 0x33, 0x77, 0x77, 0x37, 0x33, 0x36, 0x33, 0x37, 0x73, 0x66, 0x66, 0x37, 0x67, 0xA9, 0xAA
	.byte 0x77, 0x96, 0xAA, 0xAA, 0x67, 0xA9, 0xAA, 0x9A, 0x97, 0xAA, 0xAA, 0xA9, 0xA7, 0xAA, 0x9A, 0x9A
	.byte 0x77, 0x77, 0x33, 0x73, 0x33, 0x63, 0x33, 0x73, 0x66, 0x66, 0x37, 0x73, 0xAA, 0x9A, 0x76, 0x73
	.byte 0xA9, 0x99, 0x69, 0x77, 0x9A, 0x99, 0xA9, 0x76, 0x99, 0x99, 0xAA, 0x7A, 0x99, 0xA9, 0xAA, 0x7A
	.byte 0x77, 0x77, 0x77, 0x77, 0x22, 0x22, 0x22, 0x22, 0x55, 0x55, 0x55, 0x55, 0xC5, 0xC5, 0xC5, 0x25
	.byte 0x77, 0x77, 0x77, 0x77, 0x76, 0x77, 0x77, 0x77, 0x76, 0x77, 0x77, 0x77, 0x76, 0x77, 0x77, 0x77
	.byte 0x77, 0x77, 0x77, 0x77, 0x22, 0x22, 0x22, 0x22, 0x55, 0x55, 0x55, 0x55, 0x52, 0x5C, 0x5C, 0x5C
	.byte 0x77, 0x77, 0x77, 0x77, 0x77, 0x77, 0x77, 0x67, 0x77, 0x77, 0x77, 0x67, 0x77, 0x77, 0x77, 0x67
	.byte 0x76, 0x77, 0x77, 0x77, 0x76, 0x77, 0x77, 0x77, 0x76, 0x77, 0x77, 0x77, 0x76, 0x77, 0x77, 0x66
	.byte 0x76, 0x77, 0x77, 0x56, 0x76, 0x77, 0x67, 0x55, 0x76, 0x77, 0x67, 0x55, 0x76, 0x77, 0x56, 0x55
	.byte 0x77, 0x77, 0x77, 0x67, 0x77, 0x77, 0x77, 0x67, 0x77, 0x77, 0x77, 0x67, 0x66, 0x66, 0x66, 0x66
	.byte 0x55, 0x55, 0x55, 0x65, 0x55, 0x55, 0x55, 0x65, 0x55, 0x55, 0x55, 0x65, 0x55, 0x55, 0x55, 0x65
	.byte 0x76, 0x77, 0x56, 0x55, 0x76, 0x67, 0x55, 0x55, 0x76, 0x67, 0x55, 0x55, 0x76, 0x56, 0x55, 0x55
	.byte 0x76, 0x56, 0x55, 0x55, 0x67, 0x55, 0x55, 0x55, 0x55, 0x55, 0x55, 0x55, 0x55, 0x55, 0x55, 0x55
	.byte 0x55, 0x55, 0x55, 0x65, 0x55, 0x55, 0x55, 0x65, 0x55, 0x55, 0x55, 0x65, 0x55, 0x55, 0x55, 0x65
	.byte 0x55, 0x55, 0x55, 0x65, 0x55, 0x55, 0x55, 0x75, 0x55, 0x55, 0x55, 0x55, 0x55, 0x55, 0x55, 0x55
	.byte 0x00, 0x00, 0x00, 0x00, 0x00, 0x00, 0x00, 0x00, 0x00, 0x00, 0x00, 0x00, 0x00, 0x00, 0x00, 0x00
	.byte 0x00, 0x00, 0x00, 0x00, 0x00, 0x00, 0x00, 0x00, 0x00, 0x00, 0x00, 0x00, 0x00, 0x00, 0x00, 0x00
	.byte 0x11, 0x11, 0x11, 0x11, 0x44, 0x44, 0x44, 0x44, 0x44, 0x44, 0x44, 0x44, 0x44, 0x44, 0x44, 0x44
	.byte 0x77, 0x77, 0x77, 0x77, 0x66, 0x66, 0x66, 0x66, 0x66, 0x66, 0x66, 0x66, 0x88, 0x88, 0x88, 0x88
	.byte 0x11, 0x11, 0x11, 0x11, 0x44, 0x44, 0x44, 0x44, 0x44, 0x44, 0x44, 0x44, 0x44, 0x44, 0x44, 0x44
	.byte 0x77, 0x77, 0x77, 0x77, 0x66, 0x66, 0x66, 0x66, 0x66, 0x66, 0x66, 0x66, 0x88, 0x88, 0x88, 0x88
	.byte 0x77, 0x77, 0x77, 0x77, 0x77, 0x77, 0x77, 0x77, 0x66, 0x66, 0x66, 0x66, 0x66, 0x66, 0x66, 0x66
	.byte 0x11, 0x11, 0x11, 0x11, 0x11, 0x11, 0x21, 0x22, 0x11, 0x11, 0x21, 0x22, 0x11, 0x11, 0x21, 0xDD
	.byte 0x77, 0x77, 0x77, 0x77, 0x77, 0x77, 0x77, 0x77, 0x66, 0x66, 0x66, 0x66, 0x66, 0x66, 0x66, 0x66
	.byte 0x11, 0x11, 0x11, 0x11, 0x22, 0x22, 0x22, 0x12, 0x22, 0x22, 0x22, 0x12, 0xDD, 0xDD, 0xDD, 0x1D
	.byte 0x11, 0x11, 0x21, 0xDD, 0x11, 0x11, 0x21, 0xDD, 0x11, 0x11, 0x21, 0xDD, 0x11, 0x11, 0x21, 0xDD
	.byte 0x11, 0x11, 0x21, 0xDD, 0x11, 0x11, 0x21, 0xDD, 0x11, 0x11, 0x21, 0xDD, 0x11, 0x11, 0x21, 0xDD
	.byte 0xDD, 0xDD, 0xDD, 0x1D, 0xDD, 0xDD, 0xDD, 0x1D, 0xDD, 0xDD, 0xDD, 0x1D, 0xDD, 0xDD, 0xDD, 0x1D
	.byte 0xDD, 0xDD, 0xDD, 0x1D, 0xDD, 0xDD, 0xDD, 0x1D, 0xDD, 0xDD, 0xDD, 0x1D, 0xDD, 0xDD, 0xDD, 0x1D
	.byte 0x11, 0x11, 0x21, 0xDD, 0x11, 0x11, 0x21, 0xDD, 0x11, 0x11, 0x21, 0xDD, 0x11, 0x11, 0x21, 0x33
	.byte 0x11, 0x21, 0x21, 0x33, 0x11, 0x22, 0x21, 0x44, 0x21, 0x22, 0x21, 0x44, 0x22, 0x22, 0x22, 0x22
	.byte 0xDD, 0xDD, 0xDD, 0x1D, 0xDD, 0xDD, 0xDD, 0x1D, 0xDD, 0xDD, 0xDD, 0x1D, 0x33, 0x33, 0x33, 0x13
	.byte 0x33, 0x33, 0x33, 0x13, 0x44, 0x44, 0x44, 0x14, 0x44, 0x44, 0x44, 0x14, 0x22, 0x22, 0x22, 0x22
	.byte 0x11, 0x11, 0x11, 0x11, 0x44, 0x44, 0x44, 0x44, 0x44, 0x44, 0x44, 0x44, 0x44, 0x44, 0x44, 0x44
	.byte 0x77, 0x77, 0x77, 0x77, 0x66, 0x66, 0x66, 0x66, 0x66, 0x66, 0x66, 0x66, 0x88, 0x88, 0x88, 0x88
	.byte 0x11, 0x11, 0x11, 0x11, 0x44, 0x44, 0x44, 0x44, 0x44, 0x44, 0x44, 0x44, 0x44, 0x44, 0x44, 0x44
	.byte 0x77, 0x77, 0x77, 0x77, 0x66, 0x66, 0x66, 0x66, 0x66, 0x66, 0x66, 0x66, 0x88, 0x88, 0x88, 0x88
	.byte 0x77, 0x77, 0x77, 0x77, 0x77, 0x77, 0x77, 0x77, 0x66, 0x66, 0x66, 0x66, 0x66, 0x66, 0x66, 0x66
	.byte 0x11, 0x11, 0x11, 0x11, 0x11, 0x11, 0x11, 0x11, 0x11, 0x11, 0x11, 0x11, 0x11, 0x11, 0x11, 0x11
	.byte 0x77, 0x77, 0x77, 0x77, 0x77, 0x77, 0x77, 0x77, 0x66, 0x66, 0x66, 0x66, 0x66, 0x66, 0x66, 0x66
	.byte 0x11, 0x11, 0x11, 0x11, 0x11, 0x21, 0x22, 0x12, 0x11, 0x21, 0x22, 0x12, 0x11, 0x21, 0xDD, 0x1D
	.byte 0x11, 0x11, 0x11, 0x11, 0x11, 0x11, 0x11, 0x11, 0x11, 0x11, 0x11, 0x11, 0x11, 0x11, 0x11, 0x11
	.byte 0x11, 0x11, 0x11, 0x11, 0x11, 0x11, 0x11, 0x11, 0x11, 0x11, 0x11, 0x11, 0x11, 0x11, 0x11, 0x11
	.byte 0x11, 0x21, 0xDD, 0x1D, 0x11, 0x21, 0xDD, 0x1D, 0x11, 0x21, 0xDD, 0x1D, 0x11, 0x21, 0xDD, 0x1D
	.byte 0x11, 0x21, 0xDD, 0x1D, 0x11, 0x21, 0xDD, 0x1D, 0x21, 0x21, 0xDD, 0x1D, 0x22, 0x21, 0xDD, 0x1D
	.byte 0x11, 0x11, 0x11, 0x21, 0x11, 0x11, 0x11, 0x22, 0x11, 0x11, 0x21, 0x22, 0x11, 0x11, 0x22, 0x22
	.byte 0x11, 0x21, 0x22, 0x22, 0x11, 0x22, 0x22, 0x22, 0x21, 0x22, 0x22, 0x22, 0x22, 0x22, 0x22, 0x22
	.byte 0x22, 0x21, 0xDD, 0x1D, 0x22, 0x21, 0xDD, 0x1D, 0x22, 0x21, 0xDD, 0x1D, 0x22, 0x21, 0x33, 0x13
	.byte 0x22, 0x21, 0x33, 0x13, 0x22, 0x21, 0x44, 0x14, 0x22, 0x21, 0x44, 0x14, 0x22, 0x22, 0x22, 0x22
	.byte 0x11, 0x11, 0x11, 0x11, 0x44, 0x44, 0x44, 0x44, 0x44, 0x44, 0x44, 0x44, 0x44, 0x44, 0x44, 0x44
	.byte 0x77, 0x77, 0x77, 0x77, 0x66, 0x66, 0x66, 0x66, 0x66, 0x66, 0x66, 0x66, 0x88, 0x88, 0x88, 0x88
	.byte 0x11, 0x11, 0x11, 0x11, 0x44, 0x44, 0x44, 0x44, 0x44, 0x44, 0x44, 0x44, 0x44, 0x44, 0x44, 0x44
	.byte 0x77, 0x77, 0x77, 0x77, 0x66, 0x66, 0x66, 0x66, 0x66, 0x66, 0x66, 0x66, 0x88, 0x88, 0x88, 0x88
	.byte 0x77, 0x77, 0x77, 0x77, 0x77, 0x77, 0x77, 0x77, 0x66, 0x66, 0x66, 0x66, 0x66, 0x66, 0x66, 0x66
	.byte 0x11, 0x11, 0x11, 0x11, 0x11, 0x11, 0x11, 0x11, 0x11, 0x11, 0x11, 0x11, 0x11, 0x11, 0x11, 0x11
	.byte 0x77, 0x77, 0x77, 0x77, 0x77, 0x77, 0x77, 0x77, 0x66, 0x66, 0x66, 0x66, 0x66, 0x66, 0x66, 0x66
	.byte 0x11, 0x11, 0x11, 0x11, 0x11, 0x11, 0x11, 0x11, 0x11, 0x11, 0x11, 0x11, 0x11, 0x11, 0x11, 0x11
	.byte 0x11, 0x11, 0x11, 0x11, 0x11, 0x11, 0x11, 0x11, 0x11, 0x11, 0x11, 0x11, 0x11, 0x11, 0x11, 0x11
	.byte 0x11, 0x11, 0x11, 0x11, 0x11, 0x11, 0x11, 0x11, 0x11, 0x11, 0x11, 0x11, 0x11, 0x11, 0x11, 0x11
	.byte 0x11, 0x11, 0x11, 0x11, 0x11, 0x11, 0x11, 0x11, 0x11, 0x11, 0x11, 0x11, 0x11, 0x11, 0x11, 0x11
	.byte 0x11, 0x11, 0x11, 0x11, 0x11, 0x22, 0x22, 0x12, 0x21, 0x22, 0x22, 0x12, 0x22, 0x22, 0x22, 0x12
	.byte 0x11, 0x11, 0x11, 0x21, 0x11, 0x11, 0x11, 0x22, 0x11, 0x11, 0x21, 0x22, 0x11, 0x11, 0x22, 0x22
	.byte 0x11, 0x21, 0x22, 0x22, 0x11, 0x22, 0x22, 0x22, 0x21, 0x22, 0x22, 0x22, 0x22, 0x22, 0x22, 0x22
	.byte 0x22, 0x22, 0x22, 0x12, 0x22, 0x22, 0x22, 0x12, 0x22, 0x22, 0x22, 0x12, 0x22, 0x22, 0x22, 0x12
	.byte 0x22, 0x22, 0x22, 0x12, 0x22, 0x22, 0x22, 0x12, 0x22, 0x22, 0x22, 0x12, 0x22, 0x22, 0x22, 0x22
	.byte 0x00, 0x00, 0x00, 0x00, 0x00, 0x00, 0x00, 0x00, 0x00, 0x00, 0x00, 0x00, 0x00, 0x00, 0x00, 0x00
	.byte 0x00, 0x00, 0x00, 0x00, 0x00, 0x00, 0x00, 0x00, 0x00, 0x00, 0x00, 0x00, 0x00, 0x00, 0x00, 0x00
	.byte 0x44, 0x44, 0x44, 0x44, 0x44, 0x44, 0x44, 0x44, 0x44, 0x44, 0x44, 0x44, 0x77, 0x77, 0x77, 0x77
	.byte 0x55, 0x55, 0x55, 0x55, 0x55, 0x55, 0x55, 0x55, 0x55, 0x55, 0x55, 0x55, 0x55, 0x55, 0x55, 0x55
	.byte 0x44, 0x44, 0x44, 0x44, 0x44, 0x44, 0x44, 0x44, 0x44, 0x44, 0x44, 0x44, 0x77, 0x77, 0x77, 0x77
	.byte 0x55, 0x55, 0x55, 0x55, 0x55, 0x55, 0x55, 0x55, 0x55, 0x55, 0x55, 0x55, 0x55, 0x55, 0x55, 0x55
	.byte 0x11, 0x11, 0x11, 0x11, 0x11, 0x11, 0x11, 0xEA, 0x11, 0x11, 0x11, 0xEA, 0x11, 0x11, 0x11, 0xEA
	.byte 0x11, 0x11, 0x11, 0xEA, 0x11, 0x11, 0x11, 0xEA, 0x11, 0x11, 0x11, 0xEA, 0x11, 0x11, 0x11, 0xE1
	.byte 0x11, 0x11, 0x11, 0x11, 0xEA, 0xAE, 0xAA, 0x2A, 0xAA, 0xEA, 0xEE, 0x2A, 0xAA, 0xAA, 0xEA, 0x2A
	.byte 0xAA, 0xA2, 0xFA, 0xA7, 0x2A, 0x2D, 0xF7, 0xA7, 0x2A, 0x2D, 0xF7, 0xA7, 0x2A, 0x2D, 0xF7, 0xA7
	.byte 0x11, 0x11, 0xD1, 0x1A, 0x11, 0x11, 0xD1, 0x1A, 0x11, 0x11, 0xD1, 0xEA, 0x11, 0x11, 0xD1, 0xE9
	.byte 0x11, 0x11, 0x11, 0xE1, 0x11, 0x11, 0x11, 0xEA, 0x11, 0x11, 0x11, 0xEA, 0x11, 0x11, 0x11, 0xEA
	.byte 0x7A, 0x72, 0xF7, 0xA7, 0x77, 0x77, 0xF7, 0xA7, 0x77, 0x77, 0xF7, 0xA7, 0x77, 0x77, 0xF7, 0xA7
	.byte 0x77, 0x77, 0xF7, 0xA7, 0x77, 0x77, 0xF7, 0xA7, 0x77, 0x77, 0xF7, 0xA7, 0x77, 0x77, 0xF7, 0xA7
	.byte 0x11, 0x11, 0x11, 0xEA, 0x11, 0x11, 0x11, 0x71, 0x11, 0x11, 0x22, 0x12, 0x11, 0x21, 0x22, 0x22
	.byte 0x11, 0x22, 0x22, 0x22, 0x21, 0x22, 0x22, 0x22, 0x22, 0x22, 0x22, 0x22, 0x22, 0x22, 0x22, 0x22
	.byte 0x7E, 0x77, 0xF7, 0xA7, 0xF7, 0x7F, 0xF7, 0xA7, 0x71, 0xF7, 0xFF, 0xA7, 0x12, 0x71, 0xF7, 0xA7
	.byte 0x22, 0x12, 0x71, 0xA7, 0x22, 0x22, 0x12, 0x11, 0x22, 0x22, 0x22, 0x22, 0x22, 0x22, 0x22, 0x22
	.byte 0x44, 0x44, 0x44, 0x44, 0x44, 0x44, 0x44, 0x44, 0x44, 0x44, 0x44, 0x44, 0x77, 0x77, 0x77, 0x77
	.byte 0x55, 0x55, 0x55, 0x55, 0x55, 0x55, 0x55, 0x55, 0x55, 0x55, 0x55, 0x55, 0x55, 0x55, 0x55, 0x55
	.byte 0x44, 0x44, 0x44, 0x44, 0x44, 0x44, 0x44, 0x44, 0x44, 0x44, 0x44, 0x44, 0x77, 0x77, 0x77, 0x77
	.byte 0x55, 0x55, 0x55, 0x55, 0x55, 0x55, 0x55, 0x55, 0x55, 0x55, 0x55, 0x55, 0x55, 0x55, 0x55, 0x55
	.byte 0x11, 0x11, 0x11, 0x11, 0x11, 0x11, 0x11, 0x11, 0x11, 0x11, 0x11, 0x11, 0x11, 0x11, 0x11, 0x11
	.byte 0x11, 0x11, 0x11, 0x11, 0x11, 0x11, 0x11, 0x11, 0x11, 0x11, 0x11, 0x11, 0x11, 0x11, 0x11, 0x11
	.byte 0x11, 0x11, 0x11, 0x11, 0xE1, 0xAA, 0xAE, 0x2A, 0xE1, 0xAA, 0xEA, 0x2A, 0xE1, 0xAA, 0xEA, 0x2A
	.byte 0xE1, 0x2A, 0xFA, 0xA7, 0xE1, 0x2A, 0xF7, 0xA7, 0xE1, 0x2A, 0xF7, 0xA7, 0xED, 0x2A, 0xF7, 0xA7
	.byte 0x11, 0x11, 0x11, 0x11, 0x11, 0x11, 0x11, 0x11, 0x11, 0x11, 0x11, 0x11, 0x11, 0x11, 0x11, 0x11
	.byte 0x11, 0x11, 0x11, 0x11, 0x11, 0x11, 0x11, 0x11, 0x11, 0x11, 0x11, 0x11, 0x11, 0x11, 0x11, 0x21
	.byte 0xED, 0x7A, 0xF7, 0xA7, 0xED, 0x7A, 0xF7, 0xA7, 0xE1, 0x7A, 0xF7, 0xA7, 0xE1, 0x7A, 0xF7, 0xA7
	.byte 0xE1, 0x7A, 0xF7, 0xA7, 0xE1, 0x7A, 0xF7, 0xA7, 0xE1, 0x7A, 0xF7, 0xA7, 0xA1, 0x7E, 0xF7, 0xA7
	.byte 0x11, 0x11, 0x11, 0x22, 0x11, 0x11, 0x21, 0x22, 0x11, 0x11, 0x22, 0x22, 0x11, 0x21, 0x22, 0x22
	.byte 0x11, 0x22, 0x22, 0x22, 0x21, 0x22, 0x22, 0x22, 0x22, 0x22, 0x22, 0x22, 0x22, 0x22, 0x22, 0x22
	.byte 0x12, 0xFA, 0xF7, 0xA7, 0x22, 0x71, 0xFF, 0xA7, 0x22, 0x12, 0xF7, 0xA7, 0x22, 0x22, 0x71, 0xA7
	.byte 0x22, 0x22, 0x12, 0xA7, 0x22, 0x22, 0x22, 0x11, 0x22, 0x22, 0x22, 0x22, 0x22, 0x22, 0x22, 0x22
	.byte 0x44, 0x44, 0x44, 0x44, 0x44, 0x44, 0x44, 0x44, 0x44, 0x44, 0x44, 0x44, 0x77, 0x77, 0x77, 0x77
	.byte 0x55, 0x55, 0x55, 0x55, 0x55, 0x55, 0x55, 0x55, 0x55, 0x55, 0x55, 0x55, 0x55, 0x55, 0x55, 0x55
	.byte 0x44, 0x44, 0x44, 0x44, 0x44, 0x44, 0x44, 0x44, 0x44, 0x44, 0x44, 0x44, 0x77, 0x77, 0x77, 0x77
	.byte 0x55, 0x55, 0x55, 0x55, 0x55, 0x55, 0x55, 0x55, 0x55, 0x55, 0x55, 0x55, 0x55, 0x55, 0x55, 0x55
	.byte 0x11, 0x11, 0x11, 0x11, 0x11, 0x11, 0x11, 0x11, 0x11, 0x11, 0x11, 0x11, 0x11, 0x11, 0x11, 0x11
	.byte 0x11, 0x11, 0x11, 0x11, 0x11, 0x11, 0x11, 0x11, 0x11, 0x11, 0x11, 0x11, 0x11, 0x11, 0x11, 0x11
	.byte 0x11, 0x11, 0x11, 0x11, 0x11, 0x11, 0x11, 0x21, 0x11, 0x11, 0x11, 0x21, 0x11, 0x11, 0x11, 0x21
	.byte 0x11, 0x11, 0x11, 0xA1, 0x11, 0x11, 0x11, 0xA1, 0x11, 0x11, 0x11, 0xA1, 0x11, 0x11, 0x11, 0xA1
	.byte 0x11, 0x11, 0x11, 0x11, 0x11, 0x11, 0x11, 0x11, 0x11, 0x11, 0x11, 0x11, 0x11, 0x11, 0x11, 0x11
	.byte 0x11, 0x11, 0x11, 0x11, 0x11, 0x11, 0x11, 0x11, 0x11, 0x11, 0x11, 0x11, 0x11, 0x11, 0x11, 0x21
	.byte 0x11, 0x11, 0x11, 0xA1, 0x11, 0x11, 0x11, 0xA1, 0x11, 0x11, 0x11, 0xA1, 0x11, 0x11, 0x11, 0xA1
	.byte 0x11, 0x11, 0x11, 0xA1, 0x21, 0x22, 0x22, 0xA1, 0x22, 0x22, 0x22, 0xA1, 0x22, 0x22, 0x22, 0xA1
	.byte 0x11, 0x11, 0x11, 0x22, 0x11, 0x11, 0x21, 0x22, 0x11, 0x11, 0x22, 0x22, 0x11, 0x21, 0x22, 0x22
	.byte 0x11, 0x22, 0x22, 0x22, 0x21, 0x22, 0x22, 0x22, 0x22, 0x22, 0x22, 0x22, 0x22, 0x22, 0x22, 0x22
	.byte 0x22, 0x22, 0x22, 0xA1, 0x22, 0x22, 0x22, 0xA1, 0x22, 0x22, 0x22, 0xA1, 0x22, 0x22, 0x22, 0xA1
	.byte 0x22, 0x22, 0x22, 0xA1, 0x22, 0x22, 0x22, 0x11, 0x22, 0x22, 0x22, 0x22, 0x22, 0x22, 0x22, 0x22
	.byte 0x00, 0x00, 0x00, 0x00, 0x00, 0x00, 0x00, 0x00, 0x00, 0x00, 0x00, 0x00, 0x00, 0x00, 0x00, 0x00
	.byte 0x00, 0x00, 0x00, 0x00, 0x00, 0x00, 0x00, 0x00, 0x00, 0x00, 0x00, 0x00, 0x00, 0x00, 0x00, 0x00
	.byte 0xDD, 0xCB, 0xD6, 0xDD, 0xCC, 0xBB, 0xC6, 0xCC, 0xEE, 0xCB, 0xE6, 0xEE, 0xCC, 0x77, 0xC7, 0xCC
	.byte 0xEE, 0xEE, 0xEE, 0xEE, 0x77, 0x77, 0x77, 0x77, 0x77, 0x77, 0x77, 0x77, 0x66, 0x66, 0x66, 0x66
	.byte 0xDD, 0xCB, 0xD6, 0xDD, 0xCC, 0xBB, 0xC6, 0xCC, 0xEE, 0xCB, 0xE6, 0xEE, 0xCC, 0x77, 0xC7, 0xCC
	.byte 0xEE, 0xEE, 0xEE, 0xEE, 0x77, 0x77, 0x77, 0x77, 0x77, 0x77, 0x77, 0x77, 0x66, 0x66, 0x66, 0x66
	.byte 0x44, 0x44, 0x44, 0x44, 0x44, 0x44, 0x44, 0x44, 0x44, 0x44, 0x44, 0x44, 0x77, 0x77, 0x77, 0x77
	.byte 0x74, 0x77, 0x44, 0x44, 0x74, 0x77, 0x34, 0x33, 0x74, 0x77, 0x34, 0x44, 0x74, 0x77, 0x34, 0x44
	.byte 0x44, 0x44, 0x44, 0x44, 0x44, 0x44, 0x44, 0x44, 0x44, 0x44, 0x44, 0x44, 0x77, 0x77, 0x77, 0x77
	.byte 0x44, 0x44, 0x44, 0x46, 0x43, 0x44, 0x44, 0x46, 0x34, 0x33, 0x33, 0x46, 0x44, 0x34, 0x32, 0x46
	.byte 0x74, 0x77, 0x34, 0x44, 0x74, 0x77, 0x34, 0x44, 0x74, 0x77, 0x34, 0x44, 0x74, 0xC7, 0x3D, 0x34
	.byte 0x74, 0xD7, 0x2D, 0x33, 0x74, 0x77, 0x24, 0x33, 0x74, 0x77, 0x24, 0x33, 0x74, 0x77, 0x24, 0x33
	.byte 0x44, 0x33, 0x32, 0x46, 0x34, 0x33, 0x32, 0x46, 0x33, 0x33, 0x32, 0x46, 0x33, 0x33, 0x32, 0x46
	.byte 0x33, 0x33, 0x32, 0x46, 0x33, 0x33, 0x32, 0x46, 0x33, 0x33, 0x32, 0x46, 0x33, 0x33, 0x32, 0x46
	.byte 0x74, 0x77, 0x24, 0x33, 0x74, 0x67, 0x34, 0x22, 0x74, 0x67, 0x44, 0x33, 0x74, 0x56, 0x55, 0x44
	.byte 0x74, 0x55, 0x55, 0x55, 0x74, 0x77, 0x77, 0x77, 0x74, 0x77, 0x77, 0x77, 0x66, 0x66, 0x66, 0x66
	.byte 0x33, 0x33, 0x32, 0x46, 0x32, 0x33, 0x32, 0x46, 0x23, 0x22, 0x32, 0x46, 0x34, 0x33, 0x33, 0x46
	.byte 0x45, 0x44, 0x34, 0x46, 0x77, 0x77, 0x77, 0x47, 0x77, 0x77, 0x77, 0x47, 0x66, 0x66, 0x66, 0x66
	.byte 0xDD, 0xCB, 0xD6, 0xDD, 0xCC, 0xBB, 0xC6, 0xCC, 0xEE, 0xCB, 0xE6, 0xEE, 0xCC, 0x77, 0xC7, 0xCC
	.byte 0xEE, 0xEE, 0xEE, 0xEE, 0x77, 0x77, 0x77, 0x77, 0x77, 0x77, 0x77, 0x77, 0x66, 0x66, 0x66, 0x66
	.byte 0xDD, 0xCB, 0xD6, 0xDD, 0xCC, 0xBB, 0xC6, 0xCC, 0xEE, 0xCB, 0xE6, 0xEE, 0xCC, 0x77, 0xC7, 0xCC
	.byte 0xEE, 0xEE, 0xEE, 0xEE, 0x77, 0x77, 0x77, 0x77, 0x77, 0x77, 0x77, 0x77, 0x66, 0x66, 0x66, 0x66
	.byte 0x44, 0x44, 0x44, 0x44, 0x44, 0x44, 0x44, 0x44, 0x44, 0x44, 0x44, 0x44, 0x77, 0x77, 0x77, 0x77
	.byte 0x74, 0x77, 0x77, 0x47, 0x74, 0x77, 0x77, 0x47, 0x74, 0x77, 0x77, 0x47, 0x74, 0x77, 0x77, 0x47
	.byte 0x44, 0x44, 0x44, 0x44, 0x44, 0x44, 0x44, 0x44, 0x44, 0x44, 0x44, 0x44, 0x77, 0x77, 0x77, 0x77
	.byte 0x33, 0x23, 0x33, 0x46, 0x33, 0x23, 0x33, 0x46, 0x33, 0x23, 0x33, 0x46, 0x33, 0x23, 0x33, 0x46
	.byte 0x74, 0x77, 0x77, 0x4D, 0x74, 0x77, 0x77, 0x4D, 0x74, 0x77, 0x77, 0x47, 0x74, 0x77, 0x77, 0x46
	.byte 0x74, 0x77, 0x67, 0x45, 0x74, 0x77, 0x67, 0x45, 0x74, 0x77, 0x56, 0x45, 0x74, 0x77, 0x56, 0x45
	.byte 0x33, 0x23, 0x33, 0x46, 0x33, 0x23, 0x33, 0x46, 0x33, 0x23, 0x33, 0x46, 0x33, 0x23, 0x33, 0x46
	.byte 0x33, 0x23, 0x33, 0x46, 0x33, 0x23, 0x33, 0x46, 0x33, 0x23, 0x33, 0x46, 0x23, 0x23, 0x33, 0x46
	.byte 0x74, 0x67, 0x55, 0x55, 0x74, 0x67, 0x55, 0x55, 0x74, 0x56, 0x55, 0x55, 0x74, 0x56, 0x55, 0x55
	.byte 0x64, 0x55, 0x55, 0x55, 0x74, 0x77, 0x77, 0x77, 0x74, 0x77, 0x77, 0x77, 0x66, 0x66, 0x66, 0x66
	.byte 0x34, 0x22, 0x33, 0x46, 0x45, 0x23, 0x33, 0x46, 0x55, 0x34, 0x33, 0x46, 0x55, 0x45, 0x33, 0x46
	.byte 0x55, 0x55, 0x44, 0x46, 0x77, 0x77, 0x77, 0x47, 0x77, 0x77, 0x77, 0x47, 0x66, 0x66, 0x66, 0x66
	.byte 0xDD, 0xCB, 0xD6, 0xDD, 0xCC, 0xBB, 0xC6, 0xCC, 0xEE, 0xCB, 0xE6, 0xEE, 0xCC, 0x77, 0xC7, 0xCC
	.byte 0xEE, 0xEE, 0xEE, 0xEE, 0x77, 0x77, 0x77, 0x77, 0x77, 0x77, 0x77, 0x77, 0x66, 0x66, 0x66, 0x66
	.byte 0xDD, 0xCB, 0xD6, 0xDD, 0xCC, 0xBB, 0xC6, 0xCC, 0xEE, 0xCB, 0xE6, 0xEE, 0xCC, 0x77, 0xC7, 0xCC
	.byte 0xEE, 0xEE, 0xEE, 0xEE, 0x77, 0x77, 0x77, 0x77, 0x77, 0x77, 0x77, 0x77, 0x66, 0x66, 0x66, 0x66
	.byte 0x44, 0x44, 0x44, 0x44, 0x44, 0x44, 0x44, 0x44, 0x44, 0x44, 0x44, 0x44, 0x77, 0x77, 0x77, 0x77
	.byte 0x74, 0x77, 0x77, 0x77, 0x74, 0x77, 0x77, 0x77, 0x74, 0x77, 0x77, 0x77, 0x74, 0x77, 0x77, 0x77
	.byte 0x44, 0x44, 0x44, 0x44, 0x44, 0x44, 0x44, 0x44, 0x44, 0x44, 0x44, 0x44, 0x77, 0x77, 0x77, 0x77
	.byte 0x77, 0x77, 0x77, 0x47, 0x77, 0x77, 0x77, 0x47, 0x77, 0x77, 0x77, 0x47, 0x77, 0x77, 0x77, 0x47
	.byte 0x74, 0x77, 0x77, 0x77, 0x74, 0x77, 0x77, 0x77, 0x74, 0x77, 0x77, 0x66, 0x74, 0x77, 0x77, 0x56
	.byte 0x74, 0x77, 0x67, 0x55, 0x74, 0x77, 0x67, 0x55, 0x74, 0x77, 0x56, 0x55, 0x74, 0x77, 0x56, 0x55
	.byte 0x77, 0x77, 0x77, 0x47, 0x77, 0x77, 0x77, 0x47, 0x66, 0x66, 0x66, 0x46, 0x55, 0x55, 0x55, 0x45
	.byte 0x55, 0x55, 0x55, 0x45, 0x55, 0x55, 0x55, 0x45, 0x55, 0x55, 0x55, 0x45, 0x55, 0x55, 0x55, 0x45
	.byte 0x74, 0x67, 0x55, 0x55, 0x74, 0x67, 0x55, 0x55, 0x74, 0x56, 0x55, 0x55, 0x74, 0x56, 0x55, 0x55
	.byte 0x64, 0x55, 0x55, 0x55, 0x74, 0x77, 0x77, 0x77, 0x74, 0x77, 0x77, 0x77, 0x66, 0x66, 0x66, 0x66
	.byte 0x55, 0x55, 0x55, 0x45, 0x55, 0x55, 0x55, 0x45, 0x55, 0x55, 0x55, 0x45, 0x55, 0x55, 0x55, 0x45
	.byte 0x55, 0x55, 0x55, 0x45, 0x77, 0x77, 0x77, 0x47, 0x77, 0x77, 0x77, 0x47, 0x66, 0x66, 0x66, 0x66
	.byte 0x00, 0x00, 0x00, 0x00, 0x00, 0x00, 0x00, 0x00, 0x00, 0x00, 0x00, 0x00, 0x00, 0x00, 0x00, 0x00
	.byte 0x00, 0x00, 0x00, 0x00, 0x00, 0x00, 0x00, 0x00, 0x00, 0x00, 0x00, 0x00, 0x00, 0x00, 0x00, 0x00
	.byte 0x77, 0x77, 0x77, 0x77, 0x44, 0x44, 0x44, 0x44, 0x44, 0x44, 0x44, 0x44, 0x44, 0x44, 0x44, 0x44
	.byte 0x44, 0x44, 0x44, 0x44, 0x66, 0x66, 0x66, 0x66, 0x66, 0x66, 0x66, 0x66, 0x66, 0x66, 0x66, 0x66
	.byte 0x77, 0x77, 0x77, 0x77, 0x44, 0x44, 0x44, 0x44, 0x44, 0x44, 0x44, 0x44, 0x44, 0x44, 0x44, 0x44
	.byte 0x44, 0x44, 0x44, 0x44, 0x66, 0x66, 0x66, 0x66, 0x66, 0x66, 0x66, 0x66, 0x66, 0x66, 0x66, 0x66
	.byte 0x11, 0x11, 0x11, 0x11, 0x11, 0x11, 0x11, 0xEA, 0x11, 0x11, 0x11, 0xEA, 0x11, 0x11, 0x11, 0xEA
	.byte 0x11, 0x11, 0x11, 0xEA, 0x11, 0x11, 0x11, 0xEA, 0x11, 0x11, 0x11, 0xEA, 0x11, 0x11, 0x11, 0xE1
	.byte 0x11, 0x11, 0x11, 0x11, 0xEA, 0xAE, 0xAA, 0x2A, 0xAA, 0xEA, 0xEE, 0x2A, 0xAA, 0xAA, 0xEA, 0x2A
	.byte 0xAA, 0xA2, 0xFA, 0xA7, 0x2A, 0x2D, 0xF7, 0xA7, 0x2A, 0x2D, 0xF7, 0xA7, 0x2A, 0x2D, 0xF7, 0xA7
	.byte 0x11, 0x11, 0xD1, 0x1A, 0x11, 0x11, 0xD1, 0x1A, 0x11, 0x11, 0xD1, 0xEA, 0x11, 0x11, 0xD1, 0xE9
	.byte 0x11, 0x11, 0x11, 0xE1, 0x11, 0x11, 0x11, 0xEA, 0x11, 0x11, 0x11, 0xEA, 0x11, 0x11, 0x11, 0xEA
	.byte 0x7A, 0x72, 0xF7, 0xA7, 0x77, 0x77, 0xF7, 0xA7, 0x77, 0x77, 0xF7, 0xA7, 0x77, 0x77, 0xF7, 0xA7
	.byte 0x77, 0x77, 0xF7, 0xA7, 0x77, 0x77, 0xF7, 0xA7, 0x77, 0x77, 0xF7, 0xA7, 0x77, 0x77, 0xF7, 0xA7
	.byte 0x11, 0x11, 0x11, 0xEA, 0x11, 0x11, 0x11, 0x71, 0x11, 0x11, 0x22, 0x12, 0x11, 0x21, 0x22, 0x22
	.byte 0x11, 0x22, 0x22, 0x22, 0x21, 0x22, 0x22, 0x22, 0x22, 0x22, 0x22, 0x22, 0x22, 0x22, 0x22, 0x22
	.byte 0x7E, 0x77, 0xF7, 0xA7, 0xF7, 0x7F, 0xF7, 0xA7, 0x71, 0xF7, 0xFF, 0xA7, 0x12, 0x71, 0xF7, 0xA7
	.byte 0x22, 0x12, 0x71, 0xA7, 0x22, 0x22, 0x12, 0x11, 0x22, 0x22, 0x22, 0x22, 0x22, 0x22, 0x22, 0x22
	.byte 0x77, 0x77, 0x77, 0x77, 0x44, 0x44, 0x44, 0x44, 0x44, 0x44, 0x44, 0x44, 0x44, 0x44, 0x44, 0x44
	.byte 0x44, 0x44, 0x44, 0x44, 0x66, 0x66, 0x66, 0x66, 0x66, 0x66, 0x66, 0x66, 0x66, 0x66, 0x66, 0x66
	.byte 0x77, 0x77, 0x77, 0x77, 0x44, 0x44, 0x44, 0x44, 0x44, 0x44, 0x44, 0x44, 0x44, 0x44, 0x44, 0x44
	.byte 0x44, 0x44, 0x44, 0x44, 0x66, 0x66, 0x66, 0x66, 0x66, 0x66, 0x66, 0x66, 0x66, 0x66, 0x66, 0x66
	.byte 0x11, 0x11, 0x11, 0x11, 0x11, 0x11, 0x11, 0x11, 0x11, 0x11, 0x11, 0x11, 0x11, 0x11, 0x11, 0x11
	.byte 0x11, 0x11, 0x11, 0x11, 0x11, 0x11, 0x11, 0x11, 0x11, 0x11, 0x11, 0x11, 0x11, 0x11, 0x11, 0x11
	.byte 0x11, 0x11, 0x11, 0x11, 0xE1, 0xAA, 0xAE, 0x2A, 0xE1, 0xAA, 0xEA, 0x2A, 0xE1, 0xAA, 0xEA, 0x2A
	.byte 0xE1, 0x2A, 0xFA, 0xA7, 0xE1, 0x2A, 0xF7, 0xA7, 0xE1, 0x2A, 0xF7, 0xA7, 0xED, 0x2A, 0xF7, 0xA7
	.byte 0x11, 0x11, 0x11, 0x11, 0x11, 0x11, 0x11, 0x11, 0x11, 0x11, 0x11, 0x11, 0x11, 0x11, 0x11, 0x11
	.byte 0x11, 0x11, 0x11, 0x11, 0x11, 0x11, 0x11, 0x11, 0x11, 0x11, 0x11, 0x11, 0x11, 0x11, 0x11, 0x21
	.byte 0xED, 0x7A, 0xF7, 0xA7, 0xED, 0x7A, 0xF7, 0xA7, 0xE1, 0x7A, 0xF7, 0xA7, 0xE1, 0x7A, 0xF7, 0xA7
	.byte 0xE1, 0x7A, 0xF7, 0xA7, 0xE1, 0x7A, 0xF7, 0xA7, 0xE1, 0x7A, 0xF7, 0xA7, 0xA1, 0x7E, 0xF7, 0xA7
	.byte 0x11, 0x11, 0x11, 0x22, 0x11, 0x11, 0x21, 0x22, 0x11, 0x11, 0x22, 0x22, 0x11, 0x21, 0x22, 0x22
	.byte 0x11, 0x22, 0x22, 0x22, 0x21, 0x22, 0x22, 0x22, 0x22, 0x22, 0x22, 0x22, 0x22, 0x22, 0x22, 0x22
	.byte 0x12, 0xFA, 0xF7, 0xA7, 0x22, 0x71, 0xFF, 0xA7, 0x22, 0x12, 0xF7, 0xA7, 0x22, 0x22, 0x71, 0xA7
	.byte 0x22, 0x22, 0x12, 0xA7, 0x22, 0x22, 0x22, 0x11, 0x22, 0x22, 0x22, 0x22, 0x22, 0x22, 0x22, 0x22
	.byte 0x77, 0x77, 0x77, 0x77, 0x44, 0x44, 0x44, 0x44, 0x44, 0x44, 0x44, 0x44, 0x44, 0x44, 0x44, 0x44
	.byte 0x44, 0x44, 0x44, 0x44, 0x66, 0x66, 0x66, 0x66, 0x66, 0x66, 0x66, 0x66, 0x66, 0x66, 0x66, 0x66
	.byte 0x77, 0x77, 0x77, 0x77, 0x44, 0x44, 0x44, 0x44, 0x44, 0x44, 0x44, 0x44, 0x44, 0x44, 0x44, 0x44
	.byte 0x44, 0x44, 0x44, 0x44, 0x66, 0x66, 0x66, 0x66, 0x66, 0x66, 0x66, 0x66, 0x66, 0x66, 0x66, 0x66
	.byte 0x11, 0x11, 0x11, 0x11, 0x11, 0x11, 0x11, 0x11, 0x11, 0x11, 0x11, 0x11, 0x11, 0x11, 0x11, 0x11
	.byte 0x11, 0x11, 0x11, 0x11, 0x11, 0x11, 0x11, 0x11, 0x11, 0x11, 0x11, 0x11, 0x11, 0x11, 0x11, 0x11
	.byte 0x11, 0x11, 0x11, 0x11, 0x11, 0x11, 0x11, 0x21, 0x11, 0x11, 0x11, 0x21, 0x11, 0x11, 0x11, 0x21
	.byte 0x11, 0x11, 0x11, 0xA1, 0x11, 0x11, 0x11, 0xA1, 0x11, 0x11, 0x11, 0xA1, 0x11, 0x11, 0x11, 0xA1
	.byte 0x11, 0x11, 0x11, 0x11, 0x11, 0x11, 0x11, 0x11, 0x11, 0x11, 0x11, 0x11, 0x11, 0x11, 0x11, 0x11
	.byte 0x11, 0x11, 0x11, 0x11, 0x11, 0x11, 0x11, 0x11, 0x11, 0x11, 0x11, 0x11, 0x11, 0x11, 0x11, 0x21
	.byte 0x11, 0x11, 0x11, 0xA1, 0x11, 0x11, 0x11, 0xA1, 0x11, 0x11, 0x11, 0xA1, 0x11, 0x11, 0x11, 0xA1
	.byte 0x11, 0x11, 0x11, 0xA1, 0x21, 0x22, 0x22, 0xA1, 0x22, 0x22, 0x22, 0xA1, 0x22, 0x22, 0x22, 0xA1
	.byte 0x11, 0x11, 0x11, 0x22, 0x11, 0x11, 0x21, 0x22, 0x11, 0x11, 0x22, 0x22, 0x11, 0x21, 0x22, 0x22
	.byte 0x11, 0x22, 0x22, 0x22, 0x21, 0x22, 0x22, 0x22, 0x22, 0x22, 0x22, 0x22, 0x22, 0x22, 0x22, 0x22
	.byte 0x22, 0x22, 0x22, 0xA1, 0x22, 0x22, 0x22, 0xA1, 0x22, 0x22, 0x22, 0xA1, 0x22, 0x22, 0x22, 0xA1
	.byte 0x22, 0x22, 0x22, 0xA1, 0x22, 0x22, 0x22, 0x11, 0x22, 0x22, 0x22, 0x22, 0x22, 0x22, 0x22, 0x22
	.byte 0x00, 0x00, 0x00, 0x00, 0x00, 0x00, 0x00, 0x00, 0x00, 0x00, 0x00, 0x00, 0x00, 0x00, 0x00, 0x00
	.byte 0x00, 0x00, 0x00, 0x00, 0x00, 0x00, 0x00, 0x00, 0x00, 0x00, 0x00, 0x00, 0x00, 0x00, 0x00, 0x00
	.byte 0x33, 0x33, 0x33, 0x33, 0x44, 0x44, 0x44, 0x44, 0x44, 0x44, 0x44, 0x44, 0x44, 0x44, 0x44, 0x44
	.byte 0x33, 0x33, 0x33, 0x33, 0x22, 0x22, 0x22, 0x22, 0x22, 0x22, 0x22, 0x22, 0x22, 0x22, 0x22, 0x22
	.byte 0x33, 0x33, 0x33, 0x33, 0x44, 0x44, 0x44, 0x44, 0x44, 0x44, 0x44, 0x44, 0x44, 0x44, 0x44, 0x44
	.byte 0x33, 0x33, 0x33, 0x33, 0x22, 0x22, 0x22, 0x22, 0x22, 0x22, 0x22, 0x22, 0x22, 0x22, 0x22, 0x22
	.byte 0x11, 0x11, 0x11, 0x11, 0x32, 0x23, 0x32, 0x23, 0x32, 0x23, 0x32, 0x23, 0x22, 0x22, 0x22, 0x22
	.byte 0x11, 0x11, 0x11, 0x11, 0x88, 0x88, 0x18, 0x1E, 0x88, 0x88, 0x18, 0x1E, 0x99, 0x99, 0x19, 0x12
	.byte 0x11, 0x11, 0x11, 0x11, 0x32, 0x23, 0x32, 0x23, 0x32, 0x23, 0x32, 0x23, 0x22, 0x22, 0x22, 0x22
	.byte 0x11, 0x11, 0x11, 0x11, 0xE1, 0x81, 0x88, 0x88, 0xE1, 0x81, 0x88, 0x88, 0x21, 0x91, 0x99, 0x99
	.byte 0x99, 0x99, 0x19, 0x12, 0x99, 0x99, 0x19, 0x12, 0x99, 0x99, 0x19, 0x12, 0x99, 0x99, 0x19, 0x12
	.byte 0x99, 0x99, 0x19, 0x12, 0x99, 0x99, 0x19, 0x12, 0x99, 0x99, 0x19, 0x12, 0x99, 0x99, 0x19, 0x12
	.byte 0x21, 0x91, 0x99, 0x99, 0x21, 0x91, 0x99, 0x99, 0x21, 0x91, 0x99, 0x99, 0x21, 0x91, 0x99, 0x99
	.byte 0x21, 0x91, 0x99, 0x99, 0x21, 0x91, 0x99, 0x99, 0x21, 0x91, 0x99, 0x99, 0x21, 0x91, 0x99, 0x99
	.byte 0x99, 0x99, 0x19, 0x12, 0x99, 0x99, 0x19, 0x12, 0x99, 0x99, 0x19, 0x12, 0x88, 0x88, 0x18, 0x12
	.byte 0x88, 0x88, 0x18, 0x1E, 0x88, 0x88, 0x18, 0x11, 0x11, 0x11, 0x11, 0x11, 0x22, 0x22, 0x22, 0x22
	.byte 0x21, 0x91, 0x99, 0x99, 0x21, 0x91, 0x99, 0x99, 0x21, 0x91, 0x99, 0x99, 0x21, 0x81, 0x88, 0x88
	.byte 0xE1, 0x81, 0x88, 0x88, 0x11, 0x81, 0x88, 0x88, 0x11, 0x11, 0x11, 0x11, 0x22, 0x22, 0x22, 0x22
	.byte 0x33, 0x33, 0x33, 0x33, 0x44, 0x44, 0x44, 0x44, 0x44, 0x44, 0x44, 0x44, 0x44, 0x44, 0x44, 0x44
	.byte 0x33, 0x33, 0x33, 0x33, 0x22, 0x22, 0x22, 0x22, 0x22, 0x22, 0x22, 0x22, 0x22, 0x22, 0x22, 0x22
	.byte 0x33, 0x33, 0x33, 0x33, 0x44, 0x44, 0x44, 0x44, 0x44, 0x44, 0x44, 0x44, 0x44, 0x44, 0x44, 0x44
	.byte 0x33, 0x33, 0x33, 0x33, 0x22, 0x22, 0x22, 0x22, 0x22, 0x22, 0x22, 0x22, 0x22, 0x22, 0x22, 0x22
	.byte 0x11, 0x11, 0x11, 0x11, 0x32, 0x23, 0x32, 0x23, 0x32, 0x23, 0x32, 0x23, 0x22, 0x22, 0x22, 0x22
	.byte 0x11, 0x11, 0x11, 0x11, 0x88, 0xE1, 0x11, 0x11, 0x88, 0xE1, 0x11, 0x11, 0x99, 0x21, 0x11, 0x11
	.byte 0x11, 0x11, 0x11, 0x11, 0x32, 0x23, 0x32, 0x23, 0x32, 0x23, 0x32, 0x23, 0x22, 0x22, 0x22, 0x22
	.byte 0x11, 0x11, 0x11, 0x11, 0x11, 0x11, 0x1E, 0x88, 0x11, 0x11, 0x1E, 0x88, 0x11, 0x11, 0x12, 0x99
	.byte 0x99, 0x21, 0x11, 0x11, 0x99, 0x21, 0x11, 0x11, 0x99, 0x21, 0x11, 0x11, 0x99, 0x21, 0x11, 0x11
	.byte 0x99, 0x21, 0x11, 0x11, 0x99, 0x21, 0x11, 0x11, 0x99, 0x21, 0x11, 0x11, 0x99, 0x21, 0x11, 0x11
	.byte 0x11, 0x11, 0x12, 0x99, 0x11, 0x11, 0x12, 0x99, 0x11, 0x11, 0x12, 0x99, 0x11, 0x11, 0x12, 0x99
	.byte 0x11, 0x11, 0x12, 0x99, 0x11, 0x11, 0x12, 0x99, 0x11, 0x11, 0x12, 0x99, 0x11, 0x11, 0x12, 0x99
	.byte 0x99, 0x21, 0x11, 0x11, 0x99, 0x21, 0x11, 0x11, 0x99, 0x21, 0x11, 0x11, 0x88, 0x21, 0x11, 0x11
	.byte 0x88, 0xE1, 0x11, 0x11, 0x88, 0x11, 0x11, 0x11, 0x11, 0x11, 0x11, 0x11, 0x22, 0x22, 0x22, 0x22
	.byte 0x11, 0x11, 0x12, 0x99, 0x11, 0x11, 0x12, 0x99, 0x11, 0x11, 0x12, 0x99, 0x11, 0x11, 0x12, 0x88
	.byte 0x11, 0x11, 0x1E, 0x88, 0x11, 0x11, 0x1E, 0x88, 0x11, 0x11, 0x11, 0x11, 0x22, 0x22, 0x22, 0x22
	.byte 0x33, 0x33, 0x33, 0x33, 0x44, 0x44, 0x44, 0x44, 0x44, 0x44, 0x44, 0x44, 0x44, 0x44, 0x44, 0x44
	.byte 0x33, 0x33, 0x33, 0x33, 0x22, 0x22, 0x22, 0x22, 0x22, 0x22, 0x22, 0x22, 0x22, 0x22, 0x22, 0x22
	.byte 0x33, 0x33, 0x33, 0x33, 0x44, 0x44, 0x44, 0x44, 0x44, 0x44, 0x44, 0x44, 0x44, 0x44, 0x44, 0x44
	.byte 0x33, 0x33, 0x33, 0x33, 0x22, 0x22, 0x22, 0x22, 0x22, 0x22, 0x22, 0x22, 0x22, 0x22, 0x22, 0x22
	.byte 0x11, 0x11, 0x11, 0x11, 0x32, 0x23, 0x32, 0x23, 0x32, 0x23, 0x32, 0x23, 0x22, 0x22, 0x22, 0x22
	.byte 0x11, 0x11, 0x11, 0x11, 0x1E, 0x11, 0x11, 0x11, 0x1E, 0x11, 0x11, 0x11, 0x1E, 0x11, 0x11, 0x11
	.byte 0x11, 0x11, 0x11, 0x11, 0x32, 0x23, 0x32, 0x23, 0x32, 0x23, 0x32, 0x23, 0x22, 0x22, 0x22, 0x22
	.byte 0x11, 0x11, 0x11, 0x11, 0x11, 0x11, 0x11, 0xE1, 0x11, 0x11, 0x11, 0xE1, 0x11, 0x11, 0x11, 0xE1
	.byte 0x1E, 0x11, 0x11, 0x11, 0x1E, 0x11, 0x11, 0x11, 0x1E, 0x11, 0x11, 0x11, 0x1E, 0x11, 0x11, 0x11
	.byte 0x1E, 0x11, 0x11, 0x11, 0x1E, 0x11, 0x11, 0x11, 0x1E, 0x11, 0x11, 0x11, 0x1E, 0x11, 0x11, 0x11
	.byte 0x11, 0x11, 0x11, 0xE1, 0x11, 0x11, 0x11, 0xE1, 0x11, 0x11, 0x11, 0xE1, 0x11, 0x11, 0x11, 0xE1
	.byte 0x11, 0x11, 0x11, 0xE1, 0x11, 0x11, 0x11, 0xE1, 0x11, 0x11, 0x11, 0xE1, 0x11, 0x11, 0x11, 0xE1
	.byte 0x1E, 0x11, 0x11, 0x11, 0x1E, 0x11, 0x11, 0x11, 0x1E, 0x11, 0x11, 0x11, 0x1E, 0x11, 0x11, 0x11
	.byte 0x1E, 0x11, 0x11, 0x11, 0x11, 0x11, 0x11, 0x11, 0x11, 0x11, 0x11, 0x11, 0x22, 0x22, 0x22, 0x22
	.byte 0x11, 0x11, 0x11, 0xE1, 0x11, 0x11, 0x11, 0xE1, 0x11, 0x11, 0x11, 0xE1, 0x11, 0x11, 0x11, 0xE1
	.byte 0x11, 0x11, 0x11, 0xE1, 0x11, 0x11, 0x11, 0x11, 0x11, 0x11, 0x11, 0x11, 0x22, 0x22, 0x22, 0x22
	.byte 0x00, 0x00, 0x00, 0x00, 0x00, 0x00, 0x00, 0x00, 0x00, 0x00, 0x00, 0x00, 0x00, 0x00, 0x00, 0x00
	.byte 0x00, 0x00, 0x00, 0x00, 0x00, 0x00, 0x00, 0x00, 0x00, 0x00, 0x00, 0x00, 0x00, 0x00, 0x00, 0x00
	.byte 0x11, 0xE1, 0x1E, 0x11, 0x11, 0xCE, 0xEC, 0x11, 0x11, 0xC1, 0x1C, 0x11, 0x11, 0x11, 0x11, 0x11
	.byte 0x11, 0x11, 0x11, 0x11, 0x33, 0x33, 0x33, 0x33, 0x66, 0x66, 0x66, 0x66, 0x66, 0x66, 0x66, 0x66
	.byte 0x11, 0xE1, 0x1E, 0x11, 0x11, 0xCE, 0xEC, 0x11, 0x11, 0xC1, 0x1C, 0x11, 0x11, 0x11, 0x11, 0x11
	.byte 0x11, 0x11, 0x11, 0x11, 0x33, 0x33, 0x33, 0x33, 0x66, 0x66, 0x66, 0x66, 0x66, 0x66, 0x66, 0x66
	.byte 0x77, 0x77, 0x77, 0x77, 0xEE, 0xEE, 0xEE, 0xEE, 0xEE, 0xEE, 0xEE, 0xEE, 0x66, 0x66, 0x66, 0x77
	.byte 0xB5, 0xBB, 0x6B, 0x77, 0xA5, 0xAA, 0x6A, 0x77, 0xA5, 0xAA, 0x6A, 0x77, 0xA5, 0xAA, 0x6A, 0x77
	.byte 0x77, 0x77, 0x77, 0x77, 0xEE, 0xEE, 0xEE, 0xEE, 0xEE, 0xEE, 0xEE, 0xEE, 0x77, 0x66, 0x66, 0x66
	.byte 0x77, 0xB6, 0xBB, 0xBB, 0x77, 0xA6, 0xAA, 0xAA, 0x77, 0xA6, 0xAA, 0xAA, 0x77, 0xA6, 0xAA, 0xAA
	.byte 0xA5, 0x8A, 0x58, 0x77, 0xA5, 0x88, 0x58, 0x77, 0x85, 0x88, 0x58, 0x77, 0x85, 0x88, 0x6A, 0x77
	.byte 0xA5, 0xAA, 0x6A, 0x77, 0xA5, 0xAA, 0x6A, 0x77, 0x85, 0x88, 0x6A, 0x77, 0x85, 0x88, 0x58, 0x77
	.byte 0x77, 0x85, 0xA8, 0xAA, 0x77, 0x85, 0x88, 0xAA, 0x77, 0x85, 0x88, 0xA8, 0x77, 0xA6, 0x88, 0xA8
	.byte 0x77, 0xA6, 0xAA, 0xAA, 0x77, 0xA6, 0xAA, 0xAA, 0x77, 0xA6, 0x88, 0xA8, 0x77, 0x85, 0x88, 0xA8
	.byte 0xA5, 0x88, 0x58, 0x77, 0xA5, 0x8A, 0x58, 0x77, 0xB5, 0xBB, 0x6B, 0x77, 0xB5, 0xBB, 0x6B, 0x77
	.byte 0x55, 0x55, 0x65, 0x67, 0x77, 0x77, 0x77, 0x56, 0x55, 0x55, 0x55, 0x55, 0x55, 0x55, 0x55, 0x55
	.byte 0x77, 0x85, 0x88, 0xAA, 0x77, 0x85, 0xA8, 0xAA, 0x67, 0xB6, 0xBB, 0xBB, 0x56, 0xB6, 0xBB, 0xBB
	.byte 0x55, 0x56, 0x55, 0x55, 0x55, 0x77, 0x77, 0x77, 0x55, 0x55, 0x55, 0x55, 0x55, 0x55, 0x55, 0x55
	.byte 0x11, 0xE1, 0x1E, 0x11, 0x11, 0xCE, 0xEC, 0x11, 0x11, 0xC1, 0x1C, 0x11, 0x11, 0x11, 0x11, 0x11
	.byte 0x11, 0x11, 0x11, 0x11, 0x33, 0x33, 0x33, 0x33, 0x66, 0x66, 0x66, 0x66, 0x66, 0x66, 0x66, 0x66
	.byte 0x11, 0xE1, 0x1E, 0x11, 0x11, 0xCE, 0xEC, 0x11, 0x11, 0xC1, 0x1C, 0x11, 0x11, 0x11, 0x11, 0x11
	.byte 0x11, 0x11, 0x11, 0x11, 0x33, 0x33, 0x33, 0x33, 0x66, 0x66, 0x66, 0x66, 0x66, 0x66, 0x66, 0x66
	.byte 0x77, 0x77, 0x77, 0x77, 0xEE, 0xEE, 0xEE, 0xEE, 0xEE, 0xEE, 0xEE, 0xEE, 0x66, 0x66, 0x77, 0x77
	.byte 0xBB, 0x6B, 0x77, 0x77, 0xAA, 0x6A, 0x77, 0x77, 0xAA, 0x6A, 0x77, 0x77, 0xAA, 0x6A, 0x77, 0x77
	.byte 0x77, 0x77, 0x77, 0x77, 0xEE, 0xEE, 0xEE, 0xEE, 0xEE, 0xEE, 0xEE, 0xEE, 0x77, 0x77, 0x66, 0x66
	.byte 0x77, 0x77, 0xB6, 0xBB, 0x77, 0x77, 0xA6, 0xAA, 0x77, 0x77, 0xA6, 0xAA, 0x77, 0x77, 0xA6, 0xAA
	.byte 0x8A, 0x58, 0x77, 0x77, 0x88, 0x58, 0x77, 0x77, 0x88, 0x58, 0x77, 0x77, 0x88, 0x6A, 0x77, 0x77
	.byte 0xAA, 0x6A, 0x77, 0x77, 0xAA, 0x6A, 0x77, 0x77, 0x88, 0x6A, 0x77, 0x77, 0x88, 0x58, 0x77, 0x67
	.byte 0x77, 0x77, 0x85, 0xA8, 0x77, 0x77, 0x85, 0x88, 0x77, 0x77, 0x85, 0x88, 0x67, 0x66, 0xA6, 0x88
	.byte 0x67, 0x55, 0xA6, 0xAA, 0x56, 0x55, 0xA6, 0xAA, 0x56, 0x55, 0xA6, 0x88, 0x55, 0x55, 0x85, 0x88
	.byte 0x88, 0x58, 0x77, 0x67, 0x8A, 0x58, 0x77, 0x56, 0xBB, 0x6B, 0x77, 0x56, 0xBB, 0x6B, 0x67, 0x55
	.byte 0x55, 0x65, 0x67, 0x55, 0x77, 0x77, 0x56, 0x55, 0x55, 0x55, 0x55, 0x55, 0x55, 0x55, 0x55, 0x55
	.byte 0x55, 0x55, 0x85, 0x88, 0x55, 0x55, 0x85, 0xA8, 0x55, 0x55, 0xB6, 0xBB, 0x55, 0x55, 0xB6, 0xBB
	.byte 0x55, 0x55, 0x56, 0x55, 0x55, 0x55, 0x77, 0x77, 0x55, 0x55, 0x55, 0x55, 0x55, 0x55, 0x55, 0x55
	.byte 0x11, 0xE1, 0x1E, 0x11, 0x11, 0xCE, 0xEC, 0x11, 0x11, 0xC1, 0x1C, 0x11, 0x11, 0x11, 0x11, 0x11
	.byte 0x11, 0x11, 0x11, 0x11, 0x33, 0x33, 0x33, 0x33, 0x66, 0x66, 0x66, 0x66, 0x66, 0x66, 0x66, 0x66
	.byte 0x11, 0xE1, 0x1E, 0x11, 0x11, 0xCE, 0xEC, 0x11, 0x11, 0xC1, 0x1C, 0x11, 0x11, 0x11, 0x11, 0x11
	.byte 0x11, 0x11, 0x11, 0x11, 0x33, 0x33, 0x33, 0x33, 0x66, 0x66, 0x66, 0x66, 0x66, 0x66, 0x66, 0x66
	.byte 0x77, 0x77, 0x77, 0x77, 0xEE, 0xEE, 0xEE, 0xEE, 0xEE, 0xEE, 0xEE, 0xEE, 0x77, 0x77, 0x77, 0x77
	.byte 0x77, 0x77, 0x77, 0x77, 0x77, 0x77, 0x77, 0x77, 0x77, 0x77, 0x77, 0x77, 0x77, 0x77, 0x77, 0x77
	.byte 0x77, 0x77, 0x77, 0x77, 0xEE, 0xEE, 0xEE, 0xEE, 0xEE, 0xEE, 0xEE, 0xEE, 0x77, 0x77, 0x77, 0x77
	.byte 0x77, 0x77, 0x77, 0x77, 0x77, 0x77, 0x77, 0x77, 0x77, 0x77, 0x77, 0x77, 0x77, 0x77, 0x77, 0x77
	.byte 0x77, 0x77, 0x77, 0x77, 0x77, 0x77, 0x77, 0x77, 0x77, 0x77, 0x77, 0x77, 0x77, 0x77, 0x67, 0x66
	.byte 0x77, 0x77, 0x67, 0x55, 0x77, 0x77, 0x56, 0x55, 0x77, 0x77, 0x56, 0x55, 0x77, 0x67, 0x55, 0x55
	.byte 0x77, 0x77, 0x77, 0x77, 0x77, 0x77, 0x77, 0x77, 0x77, 0x77, 0x77, 0x77, 0x66, 0x66, 0x66, 0x66
	.byte 0x55, 0x55, 0x55, 0x55, 0x55, 0x55, 0x55, 0x55, 0x55, 0x55, 0x55, 0x55, 0x55, 0x55, 0x55, 0x55
	.byte 0x77, 0x67, 0x55, 0x55, 0x77, 0x56, 0x55, 0x55, 0x77, 0x56, 0x55, 0x55, 0x67, 0x55, 0x55, 0x55
	.byte 0x67, 0x55, 0x55, 0x55, 0x57, 0x55, 0x55, 0x55, 0x55, 0x55, 0x55, 0x55, 0x55, 0x55, 0x55, 0x55
	.byte 0x55, 0x55, 0x55, 0x55, 0x55, 0x55, 0x55, 0x55, 0x55, 0x55, 0x55, 0x55, 0x55, 0x55, 0x55, 0x55
	.byte 0x55, 0x55, 0x55, 0x55, 0x55, 0x55, 0x55, 0x55, 0x55, 0x55, 0x55, 0x55, 0x55, 0x55, 0x55, 0x55
	.byte 0x00, 0x00, 0x00, 0x00, 0x00, 0x00, 0x00, 0x00, 0x00, 0x00, 0x00, 0x00, 0x00, 0x00, 0x00, 0x00
	.byte 0x00, 0x00, 0x00, 0x00, 0x00, 0x00, 0x00, 0x00, 0x00, 0x00, 0x00, 0x00, 0x00, 0x00, 0x00, 0x00
	.byte 0x33, 0x33, 0x33, 0x33, 0x44, 0x44, 0x44, 0x44, 0x44, 0x44, 0x44, 0x44, 0x44, 0x44, 0x44, 0x44
	.byte 0x44, 0x44, 0x44, 0x44, 0x44, 0x44, 0x44, 0x44, 0x22, 0x22, 0x22, 0x22, 0x11, 0x11, 0x11, 0x11
	.byte 0x33, 0x33, 0x33, 0x33, 0x44, 0x44, 0x44, 0x44, 0x44, 0x44, 0x44, 0x44, 0x44, 0x44, 0x44, 0x44
	.byte 0x44, 0x44, 0x44, 0x44, 0x44, 0x44, 0x44, 0x44, 0x22, 0x22, 0x22, 0x22, 0x11, 0x11, 0x11, 0x11
	.byte 0x21, 0x12, 0x22, 0x61, 0x11, 0x11, 0x11, 0x11, 0x88, 0x88, 0x21, 0x12, 0x88, 0x88, 0x21, 0x12
	.byte 0x88, 0x88, 0x21, 0x12, 0x78, 0x77, 0x21, 0x12, 0x78, 0x77, 0x21, 0x12, 0x78, 0x77, 0x21, 0x12
	.byte 0x16, 0x22, 0x21, 0x12, 0x11, 0x11, 0x11, 0x11, 0x21, 0x12, 0x88, 0x88, 0x21, 0x12, 0x88, 0x88
	.byte 0x21, 0x12, 0x88, 0x88, 0x21, 0x12, 0x77, 0x87, 0x21, 0x12, 0x77, 0x87, 0x21, 0x12, 0x77, 0x87
	.byte 0x78, 0x77, 0x21, 0x12, 0x78, 0x77, 0x21, 0x12, 0x78, 0x77, 0x21, 0x12, 0x78, 0x77, 0x21, 0x12
	.byte 0x78, 0x77, 0x21, 0x12, 0x78, 0x77, 0x21, 0x12, 0x78, 0x77, 0x21, 0x12, 0x78, 0x77, 0x21, 0x12
	.byte 0x21, 0x12, 0x77, 0x87, 0x21, 0x12, 0x77, 0x87, 0x21, 0x12, 0x77, 0x87, 0x21, 0x12, 0x77, 0x87
	.byte 0x21, 0x12, 0x77, 0x87, 0x21, 0x12, 0x77, 0x87, 0x21, 0x12, 0x77, 0x87, 0x21, 0x12, 0x77, 0x87
	.byte 0x78, 0x77, 0x21, 0x12, 0x78, 0x77, 0x21, 0x12, 0x53, 0x75, 0x21, 0x12, 0x53, 0x55, 0x21, 0x12
	.byte 0x53, 0x55, 0x21, 0x12, 0x11, 0x52, 0x11, 0x21, 0x22, 0x12, 0x99, 0x99, 0x22, 0x22, 0x22, 0x22
	.byte 0x21, 0x12, 0x77, 0x87, 0x21, 0x12, 0x77, 0x87, 0x21, 0x12, 0x57, 0x35, 0x21, 0x12, 0x55, 0x35
	.byte 0x21, 0x12, 0x55, 0x35, 0x12, 0x11, 0x25, 0x11, 0x99, 0x99, 0x21, 0x22, 0x22, 0x22, 0x22, 0x22
	.byte 0x33, 0x33, 0x33, 0x33, 0x44, 0x44, 0x44, 0x44, 0x44, 0x44, 0x44, 0x44, 0x44, 0x44, 0x44, 0x44
	.byte 0x44, 0x44, 0x44, 0x44, 0x44, 0x44, 0x44, 0x44, 0x22, 0x22, 0x22, 0x22, 0x11, 0x11, 0x11, 0x11
	.byte 0x33, 0x33, 0x33, 0x33, 0x44, 0x44, 0x44, 0x44, 0x44, 0x44, 0x44, 0x44, 0x44, 0x44, 0x44, 0x44
	.byte 0x44, 0x44, 0x44, 0x44, 0x44, 0x44, 0x44, 0x44, 0x22, 0x22, 0x22, 0x22, 0x11, 0x11, 0x11, 0x11
	.byte 0x21, 0x12, 0x22, 0x61, 0x11, 0x11, 0x11, 0x11, 0x88, 0x21, 0x11, 0x11, 0x88, 0x21, 0x11, 0x11
	.byte 0x88, 0x21, 0x11, 0x11, 0x78, 0x21, 0x11, 0x11, 0x78, 0x21, 0x11, 0x11, 0x78, 0x21, 0x11, 0x11
	.byte 0x16, 0x22, 0x21, 0x12, 0x11, 0x11, 0x11, 0x11, 0x11, 0x11, 0x12, 0x88, 0x11, 0x11, 0x12, 0x88
	.byte 0x11, 0x11, 0x12, 0x88, 0x11, 0x11, 0x12, 0x87, 0x11, 0x11, 0x12, 0x87, 0x11, 0x11, 0x12, 0x87
	.byte 0x78, 0x21, 0x11, 0x11, 0x78, 0x21, 0x11, 0x11, 0x78, 0x21, 0x11, 0x11, 0x78, 0x21, 0x11, 0x11
	.byte 0x78, 0x21, 0x11, 0x11, 0x78, 0x21, 0x11, 0x11, 0x78, 0x21, 0x91, 0x99, 0x78, 0x21, 0x91, 0x99
	.byte 0x11, 0x11, 0x12, 0x87, 0x11, 0x11, 0x12, 0x87, 0x11, 0x11, 0x12, 0x87, 0x11, 0x11, 0x12, 0x87
	.byte 0x11, 0x11, 0x12, 0x87, 0x11, 0x11, 0x12, 0x87, 0x99, 0x19, 0x12, 0x87, 0x99, 0x19, 0x12, 0x87
	.byte 0x78, 0x21, 0x21, 0x22, 0x78, 0x21, 0x21, 0x22, 0x53, 0x21, 0x21, 0x22, 0x53, 0x21, 0x21, 0x22
	.byte 0x53, 0x11, 0x99, 0x99, 0x11, 0x21, 0x22, 0x22, 0x22, 0x92, 0x99, 0x99, 0x22, 0x22, 0x22, 0x22
	.byte 0x22, 0x12, 0x12, 0x87, 0x22, 0x12, 0x12, 0x87, 0x22, 0x12, 0x12, 0x35, 0x22, 0x12, 0x12, 0x35
	.byte 0x99, 0x99, 0x11, 0x35, 0x22, 0x22, 0x12, 0x11, 0x99, 0x99, 0x29, 0x22, 0x22, 0x22, 0x22, 0x22
	.byte 0x33, 0x33, 0x33, 0x33, 0x44, 0x44, 0x44, 0x44, 0x44, 0x44, 0x44, 0x44, 0x44, 0x44, 0x44, 0x44
	.byte 0x44, 0x44, 0x44, 0x44, 0x44, 0x44, 0x44, 0x44, 0x22, 0x22, 0x22, 0x22, 0x11, 0x11, 0x11, 0x11
	.byte 0x33, 0x33, 0x33, 0x33, 0x44, 0x44, 0x44, 0x44, 0x44, 0x44, 0x44, 0x44, 0x44, 0x44, 0x44, 0x44
	.byte 0x44, 0x44, 0x44, 0x44, 0x44, 0x44, 0x44, 0x44, 0x22, 0x22, 0x22, 0x22, 0x11, 0x11, 0x11, 0x11
	.byte 0x21, 0x12, 0x22, 0x61, 0x11, 0x11, 0x11, 0x11, 0x19, 0x11, 0x11, 0x11, 0x19, 0x11, 0x11, 0x11
	.byte 0x19, 0x11, 0x11, 0x11, 0x19, 0x11, 0x11, 0x11, 0x19, 0x11, 0x11, 0x11, 0x19, 0x11, 0x11, 0x11
	.byte 0x16, 0x22, 0x21, 0x12, 0x11, 0x11, 0x11, 0x11, 0x11, 0x11, 0x11, 0x91, 0x11, 0x11, 0x11, 0x91
	.byte 0x11, 0x11, 0x11, 0x91, 0x11, 0x11, 0x11, 0x91, 0x11, 0x11, 0x11, 0x91, 0x11, 0x11, 0x11, 0x91
	.byte 0x19, 0x11, 0x11, 0x11, 0x19, 0x11, 0x11, 0x11, 0x19, 0x11, 0x11, 0x11, 0x19, 0x11, 0x11, 0x11
	.byte 0x19, 0x11, 0x11, 0x11, 0x19, 0x91, 0x99, 0x99, 0x19, 0x21, 0x22, 0x22, 0x19, 0x21, 0x22, 0x22
	.byte 0x11, 0x11, 0x11, 0x91, 0x11, 0x11, 0x11, 0x91, 0x11, 0x11, 0x11, 0x91, 0x11, 0x11, 0x11, 0x91
	.byte 0x11, 0x11, 0x11, 0x91, 0x99, 0x99, 0x19, 0x91, 0x22, 0x22, 0x12, 0x91, 0x22, 0x22, 0x12, 0x91
	.byte 0x19, 0x29, 0x22, 0x22, 0x19, 0x22, 0x22, 0x22, 0x19, 0x22, 0x22, 0x22, 0x91, 0x29, 0x22, 0x22
	.byte 0x21, 0x92, 0x99, 0x99, 0x92, 0x29, 0x22, 0x22, 0x22, 0x92, 0x99, 0x99, 0x22, 0x22, 0x22, 0x22
	.byte 0x22, 0x22, 0x92, 0x91, 0x22, 0x22, 0x22, 0x91, 0x22, 0x22, 0x22, 0x91, 0x22, 0x22, 0x92, 0x19
	.byte 0x99, 0x99, 0x29, 0x12, 0x22, 0x22, 0x92, 0x29, 0x99, 0x99, 0x29, 0x22, 0x22, 0x22, 0x22, 0x22
	.byte 0x00, 0x00, 0x00, 0x00, 0x00, 0x00, 0x00, 0x00, 0x00, 0x00, 0x00, 0x00, 0x00, 0x00, 0x00, 0x00
	.byte 0x00, 0x00, 0x00, 0x00, 0x00, 0x00, 0x00, 0x00, 0x00, 0x00, 0x00, 0x00, 0x00, 0x00, 0x00, 0x00
	.byte 0x88, 0x88, 0x88, 0x88, 0x88, 0x88, 0x88, 0x88, 0xB5, 0xBB, 0xBB, 0x6B, 0xB5, 0xAA, 0xAA, 0x6A
	.byte 0xB5, 0xAA, 0xAA, 0x6A, 0xB5, 0xAA, 0xAA, 0x6A, 0xB5, 0xAA, 0xAA, 0x6A, 0x66, 0x66, 0x66, 0x66
	.byte 0x88, 0x88, 0x88, 0x88, 0x88, 0x88, 0x88, 0x88, 0xB5, 0xBB, 0xBB, 0x6B, 0xB5, 0xAA, 0xAA, 0x6A
	.byte 0xB5, 0xAA, 0xAA, 0x6A, 0xB5, 0xAA, 0xAA, 0x6A, 0xB5, 0xAA, 0xAA, 0x6A, 0x66, 0x66, 0x66, 0x66
	.byte 0x77, 0x77, 0x77, 0x77, 0x88, 0x88, 0x88, 0x88, 0x88, 0x88, 0x88, 0x88, 0x66, 0x66, 0x66, 0x77
	.byte 0xB5, 0xBB, 0x6B, 0x77, 0xA5, 0xAA, 0x6A, 0x77, 0xA5, 0xAA, 0x6A, 0x77, 0xA5, 0xAA, 0x6A, 0x77
	.byte 0x77, 0x77, 0x77, 0x77, 0x88, 0x88, 0x88, 0x88, 0x88, 0x88, 0x88, 0x88, 0x77, 0x66, 0x66, 0x66
	.byte 0x77, 0xB6, 0xBB, 0xBB, 0x77, 0xA6, 0xAA, 0xAA, 0x77, 0xA6, 0xAA, 0xAA, 0x77, 0xA6, 0xAA, 0xAA
	.byte 0xA5, 0xAA, 0x6A, 0x77, 0xA5, 0xAA, 0x6A, 0x77, 0xA5, 0xAA, 0x6A, 0x77, 0xA5, 0xAA, 0x6A, 0x77
	.byte 0xA5, 0xAA, 0x6A, 0x77, 0xA5, 0xAA, 0x6A, 0x77, 0xA5, 0xAA, 0x6A, 0x77, 0xA5, 0xAA, 0x6A, 0x77
	.byte 0x77, 0xA6, 0xAA, 0xAA, 0x77, 0xA6, 0xAA, 0xAA, 0x77, 0xA6, 0xAA, 0xAA, 0x77, 0xA6, 0xAA, 0xAA
	.byte 0x77, 0xA6, 0xAA, 0xAA, 0x77, 0xA6, 0xAA, 0xAA, 0x77, 0xA6, 0xAA, 0xAA, 0x77, 0xA6, 0xAA, 0xAA
	.byte 0xA5, 0xAA, 0x6A, 0x77, 0xA5, 0xAA, 0x6A, 0x77, 0xB5, 0xBB, 0x6B, 0x77, 0xB5, 0xBB, 0x6B, 0x77
	.byte 0x55, 0x55, 0x65, 0x67, 0x77, 0x77, 0x77, 0x56, 0x55, 0x55, 0x55, 0x55, 0x55, 0x55, 0x55, 0x55
	.byte 0x77, 0xA6, 0xAA, 0xAA, 0x77, 0xA6, 0xAA, 0xAA, 0x67, 0xB6, 0xBB, 0xBB, 0x56, 0xB6, 0xBB, 0xBB
	.byte 0x55, 0x56, 0x55, 0x55, 0x55, 0x77, 0x77, 0x77, 0x55, 0x55, 0x55, 0x55, 0x55, 0x55, 0x55, 0x55
	.byte 0x88, 0x88, 0x88, 0x88, 0x88, 0x88, 0x88, 0x88, 0xB5, 0xBB, 0xBB, 0x6B, 0xB5, 0xAA, 0xAA, 0x6A
	.byte 0xB5, 0xAA, 0xAA, 0x6A, 0xB5, 0xAA, 0xAA, 0x6A, 0xB5, 0xAA, 0xAA, 0x6A, 0x66, 0x66, 0x66, 0x66
	.byte 0x88, 0x88, 0x88, 0x88, 0x88, 0x88, 0x88, 0x88, 0xB5, 0xBB, 0xBB, 0x6B, 0xB5, 0xAA, 0xAA, 0x6A
	.byte 0xB5, 0xAA, 0xAA, 0x6A, 0xB5, 0xAA, 0xAA, 0x6A, 0xB5, 0xAA, 0xAA, 0x6A, 0x66, 0x66, 0x66, 0x66
	.byte 0x77, 0x77, 0x77, 0x77, 0x88, 0x88, 0x88, 0x88, 0x88, 0x88, 0x88, 0x88, 0x66, 0x66, 0x77, 0x77
	.byte 0xBB, 0x6B, 0x77, 0x77, 0xAA, 0x6A, 0x77, 0x77, 0xAA, 0x6A, 0x77, 0x77, 0xAA, 0x6A, 0x77, 0x77
	.byte 0x77, 0x77, 0x77, 0x77, 0x88, 0x88, 0x88, 0x88, 0x88, 0x88, 0x88, 0x88, 0x77, 0x77, 0x66, 0x66
	.byte 0x77, 0x77, 0xB6, 0xBB, 0x77, 0x77, 0xA6, 0xAA, 0x77, 0x77, 0xA6, 0xAA, 0x77, 0x77, 0xA6, 0xAA
	.byte 0xAA, 0x6A, 0x77, 0x77, 0xAA, 0x6A, 0x77, 0x77, 0xAA, 0x6A, 0x77, 0x77, 0xAA, 0x6A, 0x77, 0x77
	.byte 0xAA, 0x6A, 0x77, 0x77, 0xAA, 0x6A, 0x77, 0x77, 0xAA, 0x6A, 0x77, 0x77, 0xAA, 0x6A, 0x77, 0x67
	.byte 0x77, 0x77, 0xA6, 0xAA, 0x77, 0x77, 0xA6, 0xAA, 0x77, 0x77, 0xA6, 0xAA, 0x67, 0x66, 0xA6, 0xAA
	.byte 0x67, 0x55, 0xA6, 0xAA, 0x56, 0x55, 0xA6, 0xAA, 0x56, 0x55, 0xA6, 0xAA, 0x55, 0x55, 0xA6, 0xAA
	.byte 0xAA, 0x6A, 0x77, 0x67, 0xAA, 0x6A, 0x77, 0x56, 0xBB, 0x6B, 0x77, 0x56, 0xBB, 0x6B, 0x67, 0x55
	.byte 0x55, 0x65, 0x67, 0x55, 0x77, 0x77, 0x56, 0x55, 0x55, 0x55, 0x55, 0x55, 0x55, 0x55, 0x55, 0x55
	.byte 0x55, 0x55, 0xA6, 0xAA, 0x55, 0x55, 0xA6, 0xAA, 0x55, 0x55, 0xB6, 0xBB, 0x55, 0x55, 0xB6, 0xBB
	.byte 0x55, 0x55, 0x56, 0x55, 0x55, 0x55, 0x77, 0x77, 0x55, 0x55, 0x55, 0x55, 0x55, 0x55, 0x55, 0x55
	.byte 0x88, 0x88, 0x88, 0x88, 0x88, 0x88, 0x88, 0x88, 0xB5, 0xBB, 0xBB, 0x6B, 0xB5, 0xAA, 0xAA, 0x6A
	.byte 0xB5, 0xAA, 0xAA, 0x6A, 0xB5, 0xAA, 0xAA, 0x6A, 0xB5, 0xAA, 0xAA, 0x6A, 0x66, 0x66, 0x66, 0x66
	.byte 0x88, 0x88, 0x88, 0x88, 0x88, 0x88, 0x88, 0x88, 0xB5, 0xBB, 0xBB, 0x6B, 0xB5, 0xAA, 0xAA, 0x6A
	.byte 0xB5, 0xAA, 0xAA, 0x6A, 0xB5, 0xAA, 0xAA, 0x6A, 0xB5, 0xAA, 0xAA, 0x6A, 0x66, 0x66, 0x66, 0x66
	.byte 0x77, 0x77, 0x77, 0x77, 0x88, 0x88, 0x88, 0x88, 0x88, 0x88, 0x88, 0x88, 0x77, 0x77, 0x77, 0x77
	.byte 0x77, 0x77, 0x77, 0x77, 0x77, 0x77, 0x77, 0x77, 0x77, 0x77, 0x77, 0x77, 0x77, 0x77, 0x77, 0x77
	.byte 0x77, 0x77, 0x77, 0x77, 0x88, 0x88, 0x88, 0x88, 0x88, 0x88, 0x88, 0x88, 0x77, 0x77, 0x77, 0x77
	.byte 0x77, 0x77, 0x77, 0x77, 0x77, 0x77, 0x77, 0x77, 0x77, 0x77, 0x77, 0x77, 0x77, 0x77, 0x77, 0x77
	.byte 0x77, 0x77, 0x77, 0x77, 0x77, 0x77, 0x77, 0x77, 0x77, 0x77, 0x77, 0x77, 0x77, 0x77, 0x67, 0x66
	.byte 0x77, 0x77, 0x67, 0x55, 0x77, 0x77, 0x56, 0x55, 0x77, 0x77, 0x56, 0x55, 0x77, 0x67, 0x55, 0x55
	.byte 0x77, 0x77, 0x77, 0x77, 0x77, 0x77, 0x77, 0x77, 0x77, 0x77, 0x77, 0x77, 0x66, 0x66, 0x66, 0x66
	.byte 0x55, 0x55, 0x55, 0x55, 0x55, 0x55, 0x55, 0x55, 0x55, 0x55, 0x55, 0x55, 0x55, 0x55, 0x55, 0x55
	.byte 0x77, 0x67, 0x55, 0x55, 0x77, 0x56, 0x55, 0x55, 0x77, 0x56, 0x55, 0x55, 0x67, 0x55, 0x55, 0x55
	.byte 0x67, 0x55, 0x55, 0x55, 0x57, 0x55, 0x55, 0x55, 0x55, 0x55, 0x55, 0x55, 0x55, 0x55, 0x55, 0x55
	.byte 0x55, 0x55, 0x55, 0x55, 0x55, 0x55, 0x55, 0x55, 0x55, 0x55, 0x55, 0x55, 0x55, 0x55, 0x55, 0x55
	.byte 0x55, 0x55, 0x55, 0x55, 0x55, 0x55, 0x55, 0x55, 0x55, 0x55, 0x55, 0x55, 0x55, 0x55, 0x55, 0x55
	.byte 0x00, 0x00, 0x00, 0x00, 0x00, 0x00, 0x00, 0x00, 0x00, 0x00, 0x00, 0x00, 0x00, 0x00, 0x00, 0x00
	.byte 0x00, 0x00, 0x00, 0x00, 0x00, 0x00, 0x00, 0x00, 0x00, 0x00, 0x00, 0x00, 0x00, 0x00, 0x00, 0x00
	.byte 0xCC, 0xCC, 0xCC, 0xCC, 0xCC, 0xCC, 0xCC, 0xCC, 0xCC, 0xCC, 0xCC, 0xCC, 0xCC, 0xCC, 0xCC, 0xCC
	.byte 0xCC, 0xCC, 0xCC, 0xCC, 0xCC, 0xCC, 0xCC, 0xCC, 0xCC, 0xCC, 0xCC, 0xCC, 0xCC, 0xCC, 0xCC, 0xCC
	.byte 0xCC, 0xCC, 0xCC, 0xCC, 0xCC, 0xCC, 0xCC, 0xCC, 0xCC, 0xCC, 0xCC, 0xCC, 0xCC, 0xCC, 0xCC, 0xCC
	.byte 0xCC, 0xCC, 0xCC, 0xCC, 0xCC, 0xCC, 0xCC, 0xCC, 0xCC, 0xCC, 0xCC, 0xCC, 0xCC, 0xCC, 0xCC, 0xCC
	.byte 0xCE, 0xCC, 0xCC, 0xCC, 0xDD, 0xEE, 0xCC, 0xCC, 0xDD, 0xDD, 0xEE, 0xEE, 0xEE, 0xDD, 0xDD, 0xDD
	.byte 0x66, 0xDE, 0xDD, 0xDD, 0x36, 0xE6, 0xEE, 0xEE, 0x36, 0x64, 0x66, 0x66, 0x36, 0x44, 0x6A, 0x77
	.byte 0xCC, 0xCC, 0xCC, 0xEC, 0xCC, 0xCC, 0xEE, 0xDD, 0xEE, 0xEE, 0xDD, 0xDD, 0xDD, 0xDD, 0xDD, 0xEE
	.byte 0xDD, 0xDD, 0xED, 0x66, 0xEE, 0xEE, 0x6E, 0x63, 0x66, 0x66, 0x46, 0x63, 0x77, 0xA6, 0x44, 0x63
	.byte 0x36, 0x44, 0x6A, 0x77, 0x36, 0x44, 0x6A, 0x77, 0x36, 0x44, 0x6A, 0x77, 0x36, 0x44, 0x6A, 0x77
	.byte 0x36, 0x44, 0x6A, 0x77, 0x36, 0x44, 0x6A, 0x77, 0x36, 0x44, 0x6A, 0x67, 0x36, 0x44, 0x6A, 0x57
	.byte 0x77, 0xA6, 0x44, 0x63, 0x77, 0xA6, 0x44, 0x63, 0x77, 0xA6, 0x44, 0x63, 0x77, 0xA6, 0x44, 0x63
	.byte 0x77, 0xA6, 0x44, 0x63, 0x77, 0xA6, 0x44, 0x63, 0x76, 0xA6, 0x44, 0x63, 0x75, 0xA6, 0x44, 0x63
	.byte 0x36, 0x44, 0x6A, 0x56, 0x36, 0x44, 0x6A, 0x55, 0x36, 0x44, 0x6A, 0x55, 0x36, 0x44, 0x6A, 0x55
	.byte 0x36, 0x44, 0x6A, 0x55, 0x65, 0x44, 0x6A, 0x55, 0x65, 0x66, 0x66, 0x55, 0x55, 0x65, 0x66, 0x66
	.byte 0x65, 0xA6, 0x44, 0x63, 0x55, 0xA6, 0x44, 0x63, 0x55, 0xA6, 0x44, 0x63, 0x55, 0xA6, 0x44, 0x63
	.byte 0x55, 0xA6, 0x44, 0x63, 0x55, 0xA6, 0x44, 0x56, 0x55, 0x66, 0x66, 0x56, 0x66, 0x66, 0x56, 0x55
	.byte 0xCC, 0xCC, 0xCC, 0xCC, 0xCC, 0xCC, 0xCC, 0xCC, 0xCC, 0xCC, 0xCC, 0xCC, 0xCC, 0xCC, 0xCC, 0xCC
	.byte 0xCC, 0xCC, 0xCC, 0xCC, 0xCC, 0xCC, 0xCC, 0xCC, 0xCC, 0xCC, 0xCC, 0xCC, 0xCC, 0xCC, 0xCC, 0xCC
	.byte 0xCC, 0xCC, 0xCC, 0xCC, 0xCC, 0xCC, 0xCC, 0xCC, 0xCC, 0xCC, 0xCC, 0xCC, 0xCC, 0xCC, 0xCC, 0xCC
	.byte 0xCC, 0xCC, 0xCC, 0xCC, 0xCC, 0xCC, 0xCC, 0xCC, 0xCC, 0xCC, 0xCC, 0xCC, 0xCC, 0xCC, 0xCC, 0xCC
	.byte 0xCE, 0xCC, 0xCC, 0xCC, 0xDD, 0xEE, 0xCC, 0xCC, 0xDD, 0xDD, 0xEE, 0xEE, 0xEE, 0xDD, 0xDD, 0xDD
	.byte 0x66, 0xDE, 0xDD, 0xDD, 0x36, 0xE6, 0xEE, 0xEE, 0x36, 0x64, 0x66, 0x66, 0x36, 0x64, 0x77, 0x77
	.byte 0xCC, 0xCC, 0xCC, 0xEC, 0xCC, 0xCC, 0xEE, 0xDD, 0xEE, 0xEE, 0xDD, 0xDD, 0xDD, 0xDD, 0xDD, 0xEE
	.byte 0xDD, 0xDD, 0xED, 0x66, 0xEE, 0xEE, 0x6E, 0x63, 0x66, 0x66, 0x46, 0x63, 0x77, 0x77, 0x46, 0x63
	.byte 0x36, 0x64, 0x77, 0x77, 0x36, 0x64, 0x77, 0x77, 0x36, 0x64, 0x77, 0x77, 0x36, 0x64, 0x77, 0x77
	.byte 0x36, 0x64, 0x67, 0x66, 0x36, 0x64, 0x67, 0x55, 0x36, 0x64, 0x56, 0x55, 0x36, 0x64, 0x56, 0x55
	.byte 0x77, 0x77, 0x46, 0x63, 0x77, 0x77, 0x46, 0x63, 0x77, 0x77, 0x46, 0x63, 0x77, 0x77, 0x46, 0x63
	.byte 0x66, 0x76, 0x46, 0x63, 0x55, 0x76, 0x46, 0x63, 0x55, 0x65, 0x46, 0x63, 0x55, 0x65, 0x46, 0x63
	.byte 0x36, 0x64, 0x55, 0x55, 0x36, 0x64, 0x55, 0x55, 0x36, 0x64, 0x55, 0x55, 0x36, 0x64, 0x55, 0x55
	.byte 0x36, 0x64, 0x55, 0x55, 0x65, 0x64, 0x55, 0x55, 0x65, 0x66, 0x56, 0x55, 0x55, 0x65, 0x66, 0x66
	.byte 0x55, 0x55, 0x46, 0x63, 0x55, 0x55, 0x46, 0x63, 0x55, 0x55, 0x46, 0x63, 0x55, 0x55, 0x46, 0x63
	.byte 0x55, 0x55, 0x46, 0x63, 0x55, 0x55, 0x46, 0x56, 0x55, 0x65, 0x66, 0x56, 0x66, 0x66, 0x56, 0x55
	.byte 0xCC, 0xCC, 0xCC, 0xCC, 0xCC, 0xCC, 0xCC, 0xCC, 0xCC, 0xCC, 0xCC, 0xCC, 0xCC, 0xCC, 0xCC, 0xCC
	.byte 0xCC, 0xCC, 0xCC, 0xCC, 0xCC, 0xCC, 0xCC, 0xCC, 0xCC, 0xCC, 0xCC, 0xCC, 0xCC, 0xCC, 0xCC, 0xCC
	.byte 0xCC, 0xCC, 0xCC, 0xCC, 0xCC, 0xCC, 0xCC, 0xCC, 0xCC, 0xCC, 0xCC, 0xCC, 0xCC, 0xCC, 0xCC, 0xCC
	.byte 0xCC, 0xCC, 0xCC, 0xCC, 0xCC, 0xCC, 0xCC, 0xCC, 0xCC, 0xCC, 0xCC, 0xCC, 0xCC, 0xCC, 0xCC, 0xCC
	.byte 0xCE, 0xCC, 0xCC, 0xCC, 0xDD, 0xEE, 0xCC, 0xCC, 0xDD, 0xDD, 0xEE, 0xEE, 0xEE, 0xDD, 0xDD, 0xDD
	.byte 0x66, 0xDE, 0xDD, 0xDD, 0x36, 0xE6, 0xEE, 0xEE, 0x36, 0x66, 0x66, 0x66, 0x36, 0x76, 0x77, 0x77
	.byte 0xCC, 0xCC, 0xCC, 0xEC, 0xCC, 0xCC, 0xEE, 0xDD, 0xEE, 0xEE, 0xDD, 0xDD, 0xDD, 0xDD, 0xDD, 0xEE
	.byte 0xDD, 0xDD, 0xED, 0x66, 0xEE, 0xEE, 0x6E, 0x63, 0x66, 0x66, 0x66, 0x63, 0x77, 0x77, 0x67, 0x63
	.byte 0x36, 0x76, 0x77, 0x77, 0x36, 0x76, 0x77, 0x77, 0x36, 0x76, 0x77, 0x77, 0x36, 0x76, 0x66, 0x66
	.byte 0x36, 0x66, 0x55, 0x55, 0x36, 0x56, 0x55, 0x55, 0x36, 0x56, 0x55, 0x55, 0x36, 0x56, 0x55, 0x55
	.byte 0x77, 0x77, 0x67, 0x63, 0x77, 0x77, 0x67, 0x63, 0x77, 0x77, 0x67, 0x63, 0x66, 0x66, 0x67, 0x63
	.byte 0x55, 0x55, 0x66, 0x63, 0x55, 0x55, 0x65, 0x63, 0x55, 0x55, 0x65, 0x63, 0x55, 0x55, 0x65, 0x63
	.byte 0x36, 0x56, 0x55, 0x55, 0x36, 0x56, 0x55, 0x55, 0x36, 0x56, 0x55, 0x55, 0x36, 0x56, 0x55, 0x55
	.byte 0x36, 0x56, 0x55, 0x55, 0x65, 0x56, 0x55, 0x55, 0x65, 0x56, 0x55, 0x55, 0x55, 0x65, 0x66, 0x66
	.byte 0x55, 0x55, 0x65, 0x63, 0x55, 0x55, 0x65, 0x63, 0x55, 0x55, 0x65, 0x63, 0x55, 0x55, 0x65, 0x63
	.byte 0x55, 0x55, 0x65, 0x63, 0x55, 0x55, 0x65, 0x56, 0x55, 0x55, 0x65, 0x56, 0x66, 0x66, 0x56, 0x55
	.byte 0x00, 0x00, 0x00, 0x00, 0x00, 0x00, 0x00, 0x00, 0x00, 0x00, 0x00, 0x00, 0x00, 0x00, 0x00, 0x00
	.byte 0x00, 0x00, 0x00, 0x00, 0x00, 0x00, 0x00, 0x00, 0x00, 0x00, 0x00, 0x00, 0x00, 0x00, 0x00, 0x00
	.byte 0xEE, 0xEE, 0xEE, 0xEE, 0xEE, 0xEE, 0xEE, 0xEE, 0xEE, 0xEE, 0xEE, 0xEE, 0x55, 0x55, 0x55, 0x55
	.byte 0x55, 0x55, 0x55, 0x55, 0xEE, 0xEE, 0xEE, 0xEE, 0xEE, 0xEE, 0xEE, 0xEE, 0x55, 0x55, 0x55, 0x55
	.byte 0xEE, 0xEE, 0xEE, 0xEE, 0xEE, 0xEE, 0xEE, 0xEE, 0xEE, 0xEE, 0xEE, 0xEE, 0x55, 0x55, 0x55, 0x55
	.byte 0x55, 0x55, 0x55, 0x55, 0xEE, 0xEE, 0xEE, 0xEE, 0xEE, 0xEE, 0xEE, 0xEE, 0x55, 0x55, 0x55, 0x55
	.byte 0x77, 0x77, 0x77, 0x77, 0x87, 0x88, 0x88, 0x88, 0x77, 0x77, 0x77, 0x77, 0x87, 0x35, 0x33, 0x33
	.byte 0x87, 0x35, 0x33, 0x33, 0x87, 0x25, 0x22, 0x22, 0x87, 0x25, 0x22, 0x22, 0x87, 0x25, 0x22, 0x22
	.byte 0x77, 0x77, 0x77, 0x77, 0x88, 0x88, 0x88, 0x78, 0x77, 0x77, 0x77, 0x77, 0x33, 0x33, 0x53, 0x78
	.byte 0x33, 0x33, 0x53, 0x78, 0x22, 0x22, 0x52, 0x78, 0x22, 0x22, 0x52, 0x78, 0x22, 0x22, 0x52, 0x78
	.byte 0x87, 0x25, 0x22, 0x22, 0x87, 0x35, 0x33, 0x33, 0x87, 0x35, 0x33, 0x33, 0x87, 0x35, 0x33, 0x33
	.byte 0x87, 0x57, 0x55, 0x55, 0x77, 0x77, 0x77, 0x77, 0x77, 0x77, 0x77, 0x77, 0x77, 0x77, 0x77, 0x77
	.byte 0x22, 0x22, 0x52, 0x78, 0x33, 0x33, 0x53, 0x78, 0x33, 0x33, 0x53, 0x78, 0x33, 0x33, 0x53, 0x78
	.byte 0x55, 0x55, 0x75, 0x78, 0x77, 0x77, 0x77, 0x77, 0x77, 0x77, 0x77, 0x77, 0x77, 0x77, 0x77, 0x77
	.byte 0x77, 0x67, 0x66, 0x66, 0x87, 0x57, 0x55, 0x55, 0x87, 0x57, 0x55, 0x55, 0x57, 0x57, 0x55, 0x55
	.byte 0x87, 0x57, 0x55, 0x55, 0x77, 0x77, 0x77, 0x77, 0x57, 0x55, 0x55, 0x55, 0x88, 0x88, 0x88, 0x88
	.byte 0x66, 0x66, 0x76, 0x77, 0x55, 0x55, 0x75, 0x78, 0x55, 0x55, 0x75, 0x78, 0x55, 0x55, 0x75, 0x75
	.byte 0x55, 0x55, 0x75, 0x78, 0x77, 0x77, 0x77, 0x77, 0x55, 0x55, 0x55, 0x75, 0x88, 0x88, 0x88, 0x88
	.byte 0xEE, 0xEE, 0xEE, 0xEE, 0xEE, 0xEE, 0xEE, 0xEE, 0xEE, 0xEE, 0xEE, 0xEE, 0x55, 0x55, 0x55, 0x55
	.byte 0x55, 0x55, 0x55, 0x55, 0xEE, 0xEE, 0xEE, 0xEE, 0xEE, 0xEE, 0xEE, 0xEE, 0x55, 0x55, 0x55, 0x55
	.byte 0xEE, 0xEE, 0xEE, 0xEE, 0xEE, 0xEE, 0xEE, 0xEE, 0xEE, 0xEE, 0xEE, 0xEE, 0x55, 0x55, 0x55, 0x55
	.byte 0x55, 0x55, 0x55, 0x55, 0xEE, 0xEE, 0xEE, 0xEE, 0xEE, 0xEE, 0xEE, 0xEE, 0x55, 0x55, 0x55, 0x55
	.byte 0x77, 0x77, 0x77, 0x77, 0x87, 0x88, 0x88, 0x88, 0x77, 0x77, 0x77, 0x77, 0x87, 0x35, 0x33, 0x33
	.byte 0x87, 0x35, 0x33, 0x33, 0x87, 0x35, 0x33, 0x33, 0x87, 0x57, 0x55, 0x55, 0x57, 0x77, 0x77, 0x77
	.byte 0x77, 0x77, 0x77, 0x77, 0x88, 0x88, 0x88, 0x78, 0x77, 0x77, 0x77, 0x77, 0x33, 0x33, 0x53, 0x78
	.byte 0x33, 0x33, 0x53, 0x78, 0x33, 0x33, 0x53, 0x78, 0x55, 0x55, 0x75, 0x78, 0x77, 0x77, 0x77, 0x75
	.byte 0x77, 0x77, 0x77, 0x77, 0x77, 0x77, 0x77, 0x77, 0x77, 0x77, 0x77, 0x77, 0x77, 0x77, 0x77, 0x77
	.byte 0x67, 0x66, 0x66, 0x66, 0x67, 0x65, 0x66, 0x66, 0x67, 0x55, 0x55, 0x55, 0x57, 0x55, 0x55, 0x55
	.byte 0x77, 0x77, 0x77, 0x77, 0x77, 0x77, 0x77, 0x77, 0x77, 0x77, 0x77, 0x77, 0x77, 0x77, 0x77, 0x77
	.byte 0x66, 0x66, 0x66, 0x76, 0x66, 0x66, 0x56, 0x76, 0x55, 0x55, 0x55, 0x76, 0x55, 0x55, 0x55, 0x75
	.byte 0x77, 0x57, 0x55, 0x55, 0x87, 0x57, 0x55, 0x55, 0x87, 0x57, 0x55, 0x55, 0x57, 0x57, 0x55, 0x55
	.byte 0x87, 0x57, 0x55, 0x55, 0x77, 0x77, 0x77, 0x77, 0x57, 0x55, 0x55, 0x55, 0x88, 0x88, 0x88, 0x88
	.byte 0x55, 0x55, 0x75, 0x77, 0x55, 0x55, 0x75, 0x78, 0x55, 0x55, 0x75, 0x78, 0x55, 0x55, 0x75, 0x75
	.byte 0x55, 0x55, 0x75, 0x78, 0x77, 0x77, 0x77, 0x77, 0x55, 0x55, 0x55, 0x75, 0x88, 0x88, 0x88, 0x88
	.byte 0xEE, 0xEE, 0xEE, 0xEE, 0xEE, 0xEE, 0xEE, 0xEE, 0xEE, 0xEE, 0xEE, 0xEE, 0x55, 0x55, 0x55, 0x55
	.byte 0x55, 0x55, 0x55, 0x55, 0xEE, 0xEE, 0xEE, 0xEE, 0xEE, 0xEE, 0xEE, 0xEE, 0x55, 0x55, 0x55, 0x55
	.byte 0xEE, 0xEE, 0xEE, 0xEE, 0xEE, 0xEE, 0xEE, 0xEE, 0xEE, 0xEE, 0xEE, 0xEE, 0x55, 0x55, 0x55, 0x55
	.byte 0x55, 0x55, 0x55, 0x55, 0xEE, 0xEE, 0xEE, 0xEE, 0xEE, 0xEE, 0xEE, 0xEE, 0x55, 0x55, 0x55, 0x55
	.byte 0x77, 0x77, 0x77, 0x77, 0x87, 0x88, 0x88, 0x88, 0x77, 0x77, 0x77, 0x77, 0x87, 0x75, 0x77, 0x77
	.byte 0x57, 0x77, 0x77, 0x77, 0x77, 0x77, 0x77, 0x77, 0x77, 0x77, 0x77, 0x77, 0x77, 0x77, 0x77, 0x77
	.byte 0x77, 0x77, 0x77, 0x77, 0x88, 0x88, 0x88, 0x78, 0x77, 0x77, 0x77, 0x77, 0x77, 0x77, 0x57, 0x78
	.byte 0x77, 0x77, 0x77, 0x75, 0x77, 0x77, 0x77, 0x77, 0x77, 0x77, 0x77, 0x77, 0x77, 0x77, 0x77, 0x77
	.byte 0x67, 0x66, 0x66, 0x66, 0x67, 0x65, 0x66, 0x66, 0x67, 0x55, 0x55, 0x55, 0x57, 0x55, 0x55, 0x55
	.byte 0x57, 0x55, 0x55, 0x55, 0x57, 0x55, 0x55, 0x55, 0x57, 0x55, 0x55, 0x55, 0x57, 0x55, 0x55, 0x55
	.byte 0x66, 0x66, 0x66, 0x76, 0x66, 0x66, 0x56, 0x76, 0x55, 0x55, 0x55, 0x76, 0x55, 0x55, 0x55, 0x75
	.byte 0x55, 0x55, 0x55, 0x75, 0x55, 0x55, 0x55, 0x75, 0x55, 0x55, 0x55, 0x75, 0x55, 0x55, 0x55, 0x75
	.byte 0x77, 0x57, 0x55, 0x55, 0x87, 0x57, 0x55, 0x55, 0x87, 0x57, 0x55, 0x55, 0x57, 0x57, 0x55, 0x55
	.byte 0x87, 0x57, 0x55, 0x55, 0x77, 0x77, 0x77, 0x77, 0x57, 0x55, 0x55, 0x55, 0x88, 0x88, 0x88, 0x88
	.byte 0x55, 0x55, 0x75, 0x77, 0x55, 0x55, 0x75, 0x78, 0x55, 0x55, 0x75, 0x78, 0x55, 0x55, 0x75, 0x75
	.byte 0x55, 0x55, 0x75, 0x78, 0x77, 0x77, 0x77, 0x77, 0x55, 0x55, 0x55, 0x75, 0x88, 0x88, 0x88, 0x88
	.byte 0x00, 0x00, 0x00, 0x00, 0x00, 0x00, 0x00, 0x00, 0x00, 0x00, 0x00, 0x00, 0x00, 0x00, 0x00, 0x00
	.byte 0x00, 0x00, 0x00, 0x00, 0x00, 0x00, 0x00, 0x00, 0x00, 0x00, 0x00, 0x00, 0x00, 0x00, 0x00, 0x00
	.byte 0x66, 0x66, 0x66, 0x66, 0x66, 0x66, 0x66, 0x66, 0x66, 0x66, 0x66, 0x66, 0x55, 0x55, 0x55, 0x55
	.byte 0x77, 0x77, 0x77, 0x77, 0x77, 0x77, 0x77, 0x77, 0x77, 0x77, 0x77, 0x77, 0x77, 0x77, 0x77, 0x77
	.byte 0x66, 0x66, 0x66, 0x66, 0x66, 0x66, 0x66, 0x66, 0x66, 0x66, 0x66, 0x66, 0x55, 0x55, 0x55, 0x55
	.byte 0x77, 0x77, 0x77, 0x77, 0x77, 0x77, 0x77, 0x77, 0x77, 0x77, 0x77, 0x77, 0x77, 0x77, 0x77, 0x77
	.byte 0x77, 0x77, 0x77, 0x77, 0x77, 0x77, 0x77, 0x77, 0x57, 0x55, 0x55, 0x55, 0x77, 0x77, 0x77, 0x77
	.byte 0xEE, 0xEE, 0x77, 0x77, 0xEE, 0xEE, 0x77, 0x77, 0xEE, 0xEE, 0x77, 0x77, 0xEE, 0xEE, 0x77, 0x77
	.byte 0x77, 0x77, 0x77, 0x77, 0x77, 0x77, 0x77, 0x77, 0x55, 0x55, 0x55, 0x75, 0x77, 0x77, 0x77, 0x77
	.byte 0x77, 0x77, 0xEE, 0xEE, 0x77, 0x77, 0xEE, 0xEE, 0x77, 0x77, 0xEE, 0xEE, 0x77, 0x77, 0xEE, 0xEE
	.byte 0xEE, 0x2E, 0x72, 0x77, 0x2E, 0x32, 0x73, 0x77, 0x24, 0x33, 0x73, 0x77, 0x32, 0x33, 0x62, 0x76
	.byte 0x11, 0x11, 0x63, 0x76, 0x31, 0x33, 0x61, 0x77, 0x13, 0x33, 0x73, 0x77, 0x13, 0x31, 0x73, 0x77
	.byte 0x77, 0x27, 0xE2, 0xEE, 0x77, 0x37, 0x23, 0xE2, 0x77, 0x37, 0x33, 0x42, 0x77, 0x26, 0x33, 0x23
	.byte 0x67, 0x35, 0x11, 0x11, 0x67, 0x15, 0x33, 0x13, 0x56, 0x35, 0x33, 0x31, 0x56, 0x35, 0x13, 0x31
	.byte 0x33, 0x13, 0x71, 0x67, 0x33, 0x33, 0x75, 0x67, 0x44, 0x44, 0x75, 0x56, 0x44, 0x44, 0x75, 0x56
	.byte 0x44, 0x44, 0x67, 0x55, 0x55, 0x55, 0x67, 0x55, 0x77, 0x77, 0x57, 0x55, 0x55, 0x55, 0x55, 0x55
	.byte 0x55, 0x15, 0x31, 0x33, 0x55, 0x55, 0x33, 0x33, 0x55, 0x55, 0x44, 0x44, 0x55, 0x55, 0x44, 0x44
	.byte 0x55, 0x75, 0x44, 0x44, 0x55, 0x75, 0x55, 0x55, 0x55, 0x75, 0x77, 0x77, 0x55, 0x55, 0x55, 0x55
	.byte 0x66, 0x66, 0x66, 0x66, 0x66, 0x66, 0x66, 0x66, 0x66, 0x66, 0x66, 0x66, 0x55, 0x55, 0x55, 0x55
	.byte 0x77, 0x77, 0x77, 0x77, 0x77, 0x77, 0x77, 0x77, 0x77, 0x77, 0x77, 0x77, 0x77, 0x77, 0x77, 0x77
	.byte 0x66, 0x66, 0x66, 0x66, 0x66, 0x66, 0x66, 0x66, 0x66, 0x66, 0x66, 0x66, 0x55, 0x55, 0x55, 0x55
	.byte 0x77, 0x77, 0x77, 0x77, 0x77, 0x77, 0x77, 0x77, 0x77, 0x77, 0x77, 0x77, 0x77, 0x77, 0x77, 0x77
	.byte 0x77, 0x77, 0x77, 0x77, 0x77, 0x77, 0x77, 0x77, 0x57, 0x55, 0x55, 0x55, 0x77, 0x77, 0x77, 0x77
	.byte 0xEE, 0x77, 0x77, 0x77, 0xEE, 0x77, 0x77, 0x77, 0xEE, 0x77, 0x77, 0x77, 0xEE, 0x77, 0x77, 0x77
	.byte 0x77, 0x77, 0x77, 0x77, 0x77, 0x77, 0x77, 0x77, 0x55, 0x55, 0x55, 0x75, 0x77, 0x77, 0x77, 0x77
	.byte 0x77, 0x77, 0x77, 0xEE, 0x77, 0x77, 0x77, 0xEE, 0x77, 0x77, 0x77, 0xEE, 0x77, 0x77, 0x77, 0xEE
	.byte 0x2E, 0x72, 0x77, 0x77, 0x32, 0x73, 0x77, 0x77, 0x33, 0x73, 0x77, 0x77, 0x33, 0x62, 0x76, 0x77
	.byte 0x11, 0x63, 0x76, 0x67, 0x33, 0x61, 0x77, 0x67, 0x33, 0x73, 0x77, 0x56, 0x31, 0x73, 0x77, 0x56
	.byte 0x77, 0x77, 0x27, 0xE2, 0x77, 0x77, 0x37, 0x23, 0x77, 0x77, 0x37, 0x33, 0x66, 0x66, 0x26, 0x33
	.byte 0x55, 0x55, 0x35, 0x11, 0x55, 0x55, 0x15, 0x33, 0x55, 0x55, 0x35, 0x33, 0x55, 0x55, 0x35, 0x13
	.byte 0x13, 0x71, 0x67, 0x55, 0x33, 0x75, 0x67, 0x55, 0x44, 0x75, 0x56, 0x55, 0x44, 0x75, 0x56, 0x55
	.byte 0x44, 0x67, 0x55, 0x55, 0x55, 0x67, 0x55, 0x55, 0x77, 0x57, 0x55, 0x55, 0x55, 0x55, 0x55, 0x55
	.byte 0x55, 0x55, 0x15, 0x31, 0x55, 0x55, 0x55, 0x33, 0x55, 0x55, 0x55, 0x44, 0x55, 0x55, 0x55, 0x44
	.byte 0x55, 0x55, 0x75, 0x44, 0x55, 0x55, 0x75, 0x55, 0x55, 0x55, 0x75, 0x77, 0x55, 0x55, 0x55, 0x55
	.byte 0x66, 0x66, 0x66, 0x66, 0x66, 0x66, 0x66, 0x66, 0x66, 0x66, 0x66, 0x66, 0x55, 0x55, 0x55, 0x55
	.byte 0x77, 0x77, 0x77, 0x77, 0x77, 0x77, 0x77, 0x77, 0x77, 0x77, 0x77, 0x77, 0x77, 0x77, 0x77, 0x77
	.byte 0x66, 0x66, 0x66, 0x66, 0x66, 0x66, 0x66, 0x66, 0x66, 0x66, 0x66, 0x66, 0x55, 0x55, 0x55, 0x55
	.byte 0x77, 0x77, 0x77, 0x77, 0x77, 0x77, 0x77, 0x77, 0x77, 0x77, 0x77, 0x77, 0x77, 0x77, 0x77, 0x77
	.byte 0x77, 0x77, 0x77, 0x77, 0x77, 0x77, 0x77, 0x77, 0x57, 0x55, 0x55, 0x55, 0x77, 0x77, 0x77, 0x77
	.byte 0x77, 0x77, 0x77, 0x77, 0x77, 0x77, 0x77, 0x77, 0x77, 0x77, 0x77, 0x77, 0x77, 0x77, 0x77, 0x77
	.byte 0x77, 0x77, 0x77, 0x77, 0x77, 0x77, 0x77, 0x77, 0x55, 0x55, 0x55, 0x75, 0x77, 0x77, 0x77, 0x77
	.byte 0x77, 0x77, 0x77, 0x77, 0x77, 0x77, 0x77, 0x77, 0x77, 0x77, 0x77, 0x77, 0x77, 0x77, 0x77, 0x77
	.byte 0x77, 0x77, 0x77, 0x77, 0x77, 0x77, 0x77, 0x77, 0x77, 0x77, 0x77, 0x77, 0x77, 0x77, 0x67, 0x66
	.byte 0x77, 0x77, 0x67, 0x55, 0x77, 0x77, 0x56, 0x55, 0x77, 0x77, 0x56, 0x55, 0x77, 0x67, 0x55, 0x55
	.byte 0x77, 0x77, 0x77, 0x77, 0x77, 0x77, 0x77, 0x77, 0x77, 0x77, 0x77, 0x77, 0x66, 0x66, 0x66, 0x66
	.byte 0x55, 0x55, 0x55, 0x55, 0x55, 0x55, 0x55, 0x55, 0x55, 0x55, 0x55, 0x55, 0x55, 0x55, 0x55, 0x55
	.byte 0x77, 0x67, 0x55, 0x55, 0x77, 0x56, 0x55, 0x55, 0x77, 0x56, 0x55, 0x55, 0x67, 0x55, 0x55, 0x55
	.byte 0x67, 0x55, 0x55, 0x55, 0x57, 0x55, 0x55, 0x55, 0x55, 0x55, 0x55, 0x55, 0x55, 0x55, 0x55, 0x55
	.byte 0x55, 0x55, 0x55, 0x55, 0x55, 0x55, 0x55, 0x55, 0x55, 0x55, 0x55, 0x55, 0x55, 0x55, 0x55, 0x55
	.byte 0x55, 0x55, 0x55, 0x55, 0x55, 0x55, 0x55, 0x55, 0x55, 0x55, 0x55, 0x55, 0x55, 0x55, 0x55, 0x55
	.byte 0x00, 0x00, 0x00, 0x00, 0x00, 0x00, 0x00, 0x00, 0x00, 0x00, 0x00, 0x00, 0x00, 0x00, 0x00, 0x00
	.byte 0x00, 0x00, 0x00, 0x00, 0x00, 0x00, 0x00, 0x00, 0x00, 0x00, 0x00, 0x00, 0x00, 0x00, 0x00, 0x00
	.byte 0x88, 0x88, 0xDE, 0xDD, 0x77, 0x88, 0xDE, 0xDD, 0x77, 0x88, 0xDE, 0xDD, 0x33, 0x33, 0xDE, 0xDD
	.byte 0x33, 0x33, 0xD7, 0xDD, 0x33, 0x33, 0x77, 0xEE, 0x11, 0x31, 0x33, 0x33, 0x11, 0x11, 0x11, 0x11
	.byte 0xDD, 0xED, 0x88, 0x88, 0xDD, 0xED, 0x88, 0x77, 0xDD, 0xED, 0x88, 0x77, 0xDD, 0xED, 0x33, 0x33
	.byte 0xDD, 0x7D, 0x33, 0x33, 0xEE, 0x77, 0x33, 0x33, 0x33, 0x33, 0x13, 0x11, 0x11, 0x11, 0x11, 0x11
	.byte 0x88, 0xEE, 0x7E, 0x77, 0xEE, 0xDD, 0x7D, 0x77, 0xDD, 0x8D, 0x7D, 0x77, 0x8D, 0xDD, 0x7D, 0x77
	.byte 0xDD, 0xCD, 0xCC, 0x78, 0xCC, 0xDC, 0xDD, 0x78, 0xDD, 0xED, 0xEE, 0x78, 0xEE, 0x88, 0x88, 0x77
	.byte 0x77, 0xE7, 0xEE, 0x88, 0x77, 0xD7, 0xDD, 0xEE, 0x77, 0xD7, 0xD8, 0xDD, 0x77, 0xD7, 0xDD, 0xD8
	.byte 0x87, 0xCC, 0xDC, 0xDD, 0x87, 0xDD, 0xCD, 0xCC, 0x87, 0xEE, 0xDE, 0xDD, 0x77, 0x88, 0x88, 0xEE
	.byte 0x88, 0xEE, 0x7E, 0x77, 0xEE, 0xDD, 0x7D, 0x77, 0xDD, 0x8D, 0x7D, 0x77, 0x8D, 0xDD, 0x7D, 0x77
	.byte 0xDD, 0xCD, 0xCC, 0x78, 0xCC, 0xDC, 0xDD, 0x78, 0xDD, 0xED, 0xEE, 0x78, 0xEE, 0x88, 0x88, 0x77
	.byte 0x77, 0xE7, 0xEE, 0x88, 0x77, 0xD7, 0xDD, 0xEE, 0x77, 0xD7, 0xD8, 0xDD, 0x77, 0xD7, 0xDD, 0xD8
	.byte 0x87, 0xCC, 0xDC, 0xDD, 0x87, 0xDD, 0xCD, 0xCC, 0x87, 0xEE, 0xDE, 0xDD, 0x77, 0x88, 0x88, 0xEE
	.byte 0x88, 0xDD, 0x7D, 0x67, 0xDD, 0x8D, 0x7D, 0x67, 0x8D, 0xDD, 0x7D, 0x56, 0xDD, 0xEE, 0x7E, 0x56
	.byte 0xEE, 0x88, 0x88, 0x55, 0x88, 0xEE, 0x8E, 0x55, 0xEE, 0xEE, 0x8E, 0x55, 0xEE, 0x5E, 0x55, 0x55
	.byte 0x76, 0xD7, 0xDD, 0x88, 0x76, 0xD7, 0xD8, 0xDD, 0x65, 0xD7, 0xDD, 0xD8, 0x65, 0xE7, 0xEE, 0xDD
	.byte 0x55, 0x88, 0x88, 0xEE, 0x55, 0xE8, 0xEE, 0x88, 0x55, 0xE8, 0xEE, 0xEE, 0x55, 0x55, 0xE5, 0xEE
	.byte 0x88, 0x88, 0xDE, 0xDD, 0x77, 0x88, 0xDE, 0xDD, 0x77, 0x88, 0xDE, 0xDD, 0x33, 0x33, 0xDE, 0xDD
	.byte 0x33, 0x33, 0xD7, 0xDD, 0x33, 0x33, 0x77, 0xEE, 0x11, 0x31, 0x33, 0x33, 0x11, 0x11, 0x11, 0x11
	.byte 0xDD, 0xED, 0x88, 0x88, 0xDD, 0xED, 0x88, 0x77, 0xDD, 0xED, 0x88, 0x77, 0xDD, 0xED, 0x33, 0x33
	.byte 0xDD, 0x7D, 0x33, 0x33, 0xEE, 0x77, 0x33, 0x33, 0x33, 0x33, 0x13, 0x11, 0x11, 0x11, 0x11, 0x11
	.byte 0xDE, 0x7D, 0x77, 0x77, 0xDD, 0x70, 0x77, 0x77, 0xD8, 0x8D, 0x88, 0x77, 0xDD, 0xCD, 0x8C, 0x77
	.byte 0xC8, 0xDC, 0x8D, 0x77, 0xDC, 0xED, 0x8E, 0x77, 0xED, 0x8E, 0x78, 0x77, 0x8E, 0x78, 0x77, 0x77
	.byte 0x77, 0x77, 0xD7, 0xED, 0x77, 0x77, 0x07, 0xDD, 0x77, 0x88, 0xD8, 0x8D, 0x77, 0xC8, 0xDC, 0xDD
	.byte 0x77, 0xD8, 0xCD, 0x8C, 0x77, 0xE8, 0xDE, 0xCD, 0x77, 0x87, 0xE8, 0xDE, 0x77, 0x77, 0x87, 0xE8
	.byte 0xD8, 0x7D, 0x77, 0x77, 0xDD, 0x70, 0x77, 0x77, 0xD8, 0x8D, 0x88, 0x77, 0xDD, 0xCD, 0x8C, 0x77
	.byte 0xC8, 0xDC, 0x8D, 0x77, 0xDC, 0xED, 0x8E, 0x77, 0xED, 0x8E, 0x78, 0x77, 0x8E, 0x78, 0x77, 0x77
	.byte 0x77, 0x77, 0xD7, 0x8D, 0x77, 0x77, 0x07, 0xDD, 0x77, 0x88, 0xD8, 0x8D, 0x77, 0xC8, 0xDC, 0xDD
	.byte 0x77, 0xD8, 0xCD, 0x8C, 0x77, 0xE8, 0xDE, 0xCD, 0x77, 0x87, 0xE8, 0xDE, 0x77, 0x77, 0x87, 0xE8
	.byte 0xD8, 0x7D, 0x77, 0x66, 0xDD, 0x70, 0x66, 0x66, 0xD8, 0x6D, 0x56, 0x55, 0xDD, 0x88, 0x58, 0x55
	.byte 0x88, 0xEE, 0x58, 0x55, 0xEE, 0xEE, 0x58, 0x55, 0xEE, 0x5E, 0x55, 0x55, 0x5E, 0x55, 0x55, 0x55
	.byte 0x66, 0x77, 0xD7, 0x8D, 0x66, 0x66, 0x07, 0xDD, 0x55, 0x65, 0xD6, 0x8D, 0x55, 0x85, 0x88, 0xDD
	.byte 0x55, 0x85, 0xEE, 0x88, 0x55, 0x85, 0xEE, 0xEE, 0x55, 0x55, 0xE5, 0xEE, 0x55, 0x55, 0x55, 0xE5
	.byte 0x88, 0x88, 0xDE, 0xDD, 0x77, 0x88, 0xDE, 0xDD, 0x77, 0x88, 0xDE, 0xDD, 0x33, 0x33, 0xDE, 0xDD
	.byte 0x33, 0x33, 0xD7, 0xDD, 0x33, 0x33, 0x77, 0xEE, 0x11, 0x31, 0x33, 0x33, 0x11, 0x11, 0x11, 0x11
	.byte 0xDD, 0xED, 0x88, 0x88, 0xDD, 0xED, 0x88, 0x77, 0xDD, 0xED, 0x88, 0x77, 0xDD, 0xED, 0x33, 0x33
	.byte 0xDD, 0x7D, 0x33, 0x33, 0xEE, 0x77, 0x33, 0x33, 0x33, 0x33, 0x13, 0x11, 0x11, 0x11, 0x11, 0x11
	.byte 0x77, 0x77, 0x77, 0x77, 0x77, 0x77, 0x77, 0x77, 0x77, 0x77, 0x77, 0x77, 0x77, 0x77, 0x77, 0x77
	.byte 0x88, 0x77, 0x77, 0x77, 0x8C, 0x77, 0x77, 0x77, 0x8D, 0x77, 0x77, 0x77, 0x8E, 0x77, 0x77, 0x77
	.byte 0x77, 0x77, 0x77, 0x77, 0x77, 0x77, 0x77, 0x77, 0x77, 0x77, 0x77, 0x77, 0x77, 0x77, 0x77, 0x77
	.byte 0x77, 0x77, 0x77, 0x88, 0x77, 0x77, 0x77, 0xC8, 0x77, 0x77, 0x77, 0xD8, 0x77, 0x77, 0x77, 0xE8
	.byte 0x77, 0x77, 0x77, 0x77, 0x77, 0x77, 0x77, 0x77, 0x77, 0x77, 0x77, 0x77, 0x77, 0x77, 0x77, 0x77
	.byte 0x88, 0x77, 0x77, 0x77, 0x8C, 0x77, 0x77, 0x77, 0x8D, 0x77, 0x77, 0x77, 0x8E, 0x77, 0x77, 0x77
	.byte 0x77, 0x77, 0x77, 0x77, 0x77, 0x77, 0x77, 0x77, 0x77, 0x77, 0x77, 0x77, 0x77, 0x77, 0x77, 0x77
	.byte 0x77, 0x77, 0x77, 0x88, 0x77, 0x77, 0x77, 0xC8, 0x77, 0x77, 0x77, 0xD8, 0x77, 0x77, 0x77, 0xE8
	.byte 0x66, 0x66, 0x66, 0x66, 0x66, 0x55, 0x55, 0x55, 0x56, 0x55, 0x55, 0x55, 0x55, 0x55, 0x55, 0x55
	.byte 0x55, 0x55, 0x55, 0x55, 0x58, 0x55, 0x55, 0x55, 0x58, 0x55, 0x55, 0x55, 0x58, 0x55, 0x55, 0x55
	.byte 0x66, 0x66, 0x66, 0x66, 0x55, 0x55, 0x55, 0x66, 0x55, 0x55, 0x55, 0x65, 0x55, 0x55, 0x55, 0x55
	.byte 0x55, 0x55, 0x55, 0x55, 0x55, 0x55, 0x55, 0x85, 0x55, 0x55, 0x55, 0x85, 0x55, 0x55, 0x55, 0x85
	.byte 0x00, 0x00, 0x00, 0x00, 0x00, 0x00, 0x00, 0x00, 0x00, 0x00, 0x00, 0x00, 0x00, 0x00, 0x00, 0x00
	.byte 0x00, 0x00, 0x00, 0x00, 0x00, 0x00, 0x00, 0x00, 0x00, 0x00, 0x00, 0x00, 0x00, 0x00, 0x00, 0x00
	.byte 0xAA, 0xAA, 0xAA, 0xAA, 0x88, 0x88, 0x88, 0x88, 0x88, 0x88, 0x88, 0x88, 0x88, 0x88, 0x88, 0x88
	.byte 0x88, 0x88, 0x88, 0x88, 0x99, 0x99, 0x99, 0x99, 0x99, 0x99, 0x99, 0x99, 0xAA, 0xAA, 0xAA, 0xAA
	.byte 0xAA, 0xAA, 0xAA, 0xAA, 0x88, 0x88, 0x88, 0x88, 0x88, 0x88, 0x88, 0x88, 0x88, 0x88, 0x88, 0x88
	.byte 0x88, 0x88, 0x88, 0x88, 0x99, 0x99, 0x99, 0x99, 0x99, 0x99, 0x99, 0x99, 0xAA, 0xAA, 0xAA, 0xAA
	.byte 0x11, 0x11, 0x11, 0x44, 0x11, 0x11, 0x11, 0x44, 0x11, 0x11, 0x11, 0x44, 0x11, 0x11, 0x11, 0x44
	.byte 0x11, 0x11, 0x11, 0x44, 0x11, 0x11, 0x11, 0x44, 0x11, 0x11, 0x11, 0x44, 0x11, 0x11, 0x11, 0x44
	.byte 0x44, 0x44, 0x44, 0x44, 0x44, 0x44, 0x44, 0x44, 0x44, 0x44, 0x44, 0x44, 0x44, 0x44, 0x44, 0x44
	.byte 0x44, 0x44, 0x44, 0x44, 0x44, 0x44, 0x44, 0x44, 0x44, 0x44, 0x44, 0x44, 0x44, 0x44, 0x44, 0x44
	.byte 0x11, 0x11, 0x11, 0x44, 0x11, 0x11, 0x11, 0x44, 0x11, 0x11, 0x11, 0x44, 0x11, 0x11, 0x11, 0x44
	.byte 0xCC, 0xCC, 0x1C, 0x44, 0xDD, 0x1D, 0x11, 0x14, 0xDD, 0x1D, 0x11, 0x14, 0xDD, 0x1D, 0x11, 0x44
	.byte 0x44, 0x44, 0x44, 0x44, 0x44, 0x44, 0x44, 0x44, 0x44, 0x44, 0x44, 0x44, 0x44, 0x44, 0x44, 0x44
	.byte 0x44, 0x44, 0x44, 0x44, 0x41, 0x44, 0x44, 0x44, 0x41, 0x44, 0x44, 0x44, 0x44, 0x44, 0x44, 0x44
	.byte 0xCC, 0xCC, 0x1C, 0x44, 0xDD, 0xDD, 0x11, 0x43, 0xDD, 0xDD, 0x11, 0x33, 0xDD, 0xDD, 0x11, 0x33
	.byte 0xCC, 0xCC, 0x1C, 0x34, 0xDD, 0xDD, 0x1D, 0x44, 0x11, 0x11, 0x11, 0x11, 0xCC, 0xCC, 0xBC, 0xBB
	.byte 0x44, 0x44, 0x44, 0x44, 0x44, 0x44, 0x44, 0x44, 0x43, 0x44, 0x44, 0x44, 0x33, 0x33, 0x44, 0x44
	.byte 0x33, 0x33, 0x33, 0x33, 0x33, 0x33, 0x33, 0x33, 0x11, 0x11, 0x11, 0x11, 0xBB, 0xBB, 0xBB, 0xBB
	.byte 0xAA, 0xAA, 0xAA, 0xAA, 0x88, 0x88, 0x88, 0x88, 0x88, 0x88, 0x88, 0x88, 0x88, 0x88, 0x88, 0x88
	.byte 0x88, 0x88, 0x88, 0x88, 0x99, 0x99, 0x99, 0x99, 0x99, 0x99, 0x99, 0x99, 0xAA, 0xAA, 0xAA, 0xAA
	.byte 0xAA, 0xAA, 0xAA, 0xAA, 0x88, 0x88, 0x88, 0x88, 0x88, 0x88, 0x88, 0x88, 0x88, 0x88, 0x88, 0x88
	.byte 0x88, 0x88, 0x88, 0x88, 0x99, 0x99, 0x99, 0x99, 0x99, 0x99, 0x99, 0x99, 0xAA, 0xAA, 0xAA, 0xAA
	.byte 0x11, 0x11, 0x11, 0x11, 0x11, 0x11, 0x11, 0x11, 0x11, 0x11, 0x11, 0x11, 0x11, 0x11, 0x11, 0x11
	.byte 0x11, 0x11, 0x11, 0x11, 0x11, 0x11, 0x11, 0x11, 0x11, 0x11, 0x11, 0x11, 0x11, 0x11, 0x11, 0x11
	.byte 0x11, 0x41, 0x44, 0x44, 0x11, 0x41, 0x44, 0x44, 0x11, 0x41, 0x44, 0x44, 0x11, 0x41, 0x44, 0x44
	.byte 0x11, 0x41, 0x44, 0x44, 0x11, 0x41, 0x44, 0x44, 0x11, 0x41, 0x44, 0x44, 0x11, 0x41, 0x44, 0x44
	.byte 0xC1, 0xCC, 0xCC, 0xCC, 0x11, 0x11, 0x11, 0x11, 0x11, 0x11, 0x11, 0x11, 0xD1, 0xDD, 0xDD, 0x11
	.byte 0xCC, 0xCC, 0xCC, 0xCC, 0xD1, 0xDD, 0xDD, 0x11, 0xDD, 0xDD, 0xDD, 0x1D, 0xDD, 0xDD, 0xDD, 0x1D
	.byte 0xCC, 0x41, 0x44, 0x44, 0x11, 0x41, 0x44, 0x44, 0x11, 0x41, 0x44, 0x44, 0x11, 0x41, 0x44, 0x44
	.byte 0xCC, 0x41, 0x44, 0x44, 0x11, 0x41, 0x11, 0x44, 0x11, 0x41, 0x11, 0x44, 0x11, 0x41, 0x44, 0x44
	.byte 0xCC, 0xCC, 0xCC, 0xCC, 0xDD, 0xDD, 0xDD, 0xDD, 0xDD, 0xDD, 0xDD, 0xDD, 0xDD, 0xDD, 0xDD, 0xDD
	.byte 0xCC, 0xCC, 0xCC, 0xCC, 0xDD, 0xDD, 0xDD, 0xDD, 0x11, 0x11, 0x11, 0x11, 0xCC, 0xCC, 0xCC, 0xCC
	.byte 0xCC, 0x41, 0x44, 0x44, 0x11, 0x31, 0x44, 0x44, 0x1D, 0x31, 0x33, 0x44, 0x1D, 0x31, 0x33, 0x33
	.byte 0xCC, 0x41, 0x33, 0x33, 0xDD, 0x41, 0x34, 0x33, 0x11, 0x11, 0x11, 0x11, 0xCC, 0xBB, 0xBB, 0xBB
	.byte 0xAA, 0xAA, 0xAA, 0xAA, 0x88, 0x88, 0x88, 0x88, 0x88, 0x88, 0x88, 0x88, 0x88, 0x88, 0x88, 0x88
	.byte 0x88, 0x88, 0x88, 0x88, 0x99, 0x99, 0x99, 0x99, 0x99, 0x99, 0x99, 0x99, 0xAA, 0xAA, 0xAA, 0xAA
	.byte 0xAA, 0xAA, 0xAA, 0xAA, 0x88, 0x88, 0x88, 0x88, 0x88, 0x88, 0x88, 0x88, 0x88, 0x88, 0x88, 0x88
	.byte 0x88, 0x88, 0x88, 0x88, 0x99, 0x99, 0x99, 0x99, 0x99, 0x99, 0x99, 0x99, 0xAA, 0xAA, 0xAA, 0xAA
	.byte 0x11, 0x11, 0x11, 0x11, 0x11, 0x11, 0x11, 0x11, 0x11, 0x11, 0x11, 0x11, 0x11, 0x11, 0x11, 0x11
	.byte 0x11, 0x11, 0x11, 0x11, 0x11, 0x11, 0x11, 0x11, 0x11, 0x11, 0x11, 0x11, 0x11, 0x11, 0x11, 0x11
	.byte 0x11, 0x11, 0x11, 0x11, 0x11, 0x11, 0x11, 0x41, 0x11, 0x11, 0x11, 0x41, 0x11, 0x11, 0x11, 0x41
	.byte 0x11, 0x11, 0x11, 0x41, 0x11, 0x11, 0x11, 0x41, 0x11, 0x11, 0x11, 0x41, 0x11, 0x11, 0x11, 0x41
	.byte 0xC1, 0xCC, 0xCC, 0xCC, 0x11, 0x11, 0x11, 0x11, 0x11, 0x11, 0x11, 0x11, 0x11, 0x11, 0xDD, 0xDD
	.byte 0xCC, 0xCC, 0xCC, 0xCC, 0xD1, 0xDD, 0xDD, 0xDD, 0xDD, 0xDD, 0xDD, 0xDD, 0xDD, 0xDD, 0xDD, 0xDD
	.byte 0xCC, 0xCC, 0x1C, 0x41, 0x11, 0x11, 0x11, 0x41, 0x11, 0x11, 0x11, 0x41, 0xDD, 0x1D, 0x11, 0x41
	.byte 0xCC, 0xCC, 0xCC, 0x41, 0xDD, 0xDD, 0x1D, 0x41, 0xDD, 0xDD, 0xDD, 0x41, 0xDD, 0xDD, 0xDD, 0x41
	.byte 0xCC, 0xCC, 0xCC, 0xCC, 0xDD, 0xDD, 0xDD, 0xDD, 0xDD, 0xDD, 0xDD, 0xDD, 0xDD, 0xDD, 0xDD, 0xDD
	.byte 0xCC, 0xCC, 0xCC, 0xCC, 0xDD, 0xDD, 0xDD, 0xDD, 0x11, 0x11, 0x11, 0x11, 0xCC, 0xCC, 0xCC, 0xCC
	.byte 0xCC, 0xCC, 0xCC, 0x31, 0xDD, 0xDD, 0xDD, 0x31, 0xDD, 0xDD, 0xDD, 0x31, 0xDD, 0xDD, 0xDD, 0x31
	.byte 0xCC, 0xCC, 0xCC, 0x41, 0xDD, 0xDD, 0xDD, 0x41, 0x11, 0x11, 0x11, 0x11, 0xCC, 0xCC, 0xCC, 0xBB
	.byte 0x00, 0x00, 0x00, 0x00, 0x00, 0x00, 0x00, 0x00, 0x00, 0x00, 0x00, 0x00, 0x00, 0x00, 0x00, 0x00
	.byte 0x00, 0x00, 0x00, 0x00, 0x00, 0x00, 0x00, 0x00, 0x00, 0x00, 0x00, 0x00, 0x00, 0x00, 0x00, 0x00
	.byte 0x44, 0x44, 0x44, 0x44, 0x44, 0x44, 0x44, 0x44, 0x44, 0x44, 0x44, 0x44, 0x44, 0x33, 0x33, 0x33
	.byte 0x34, 0xEE, 0xEE, 0xEE, 0xE2, 0xEE, 0xEE, 0xEE, 0xD1, 0xDD, 0xDD, 0xDD, 0xD1, 0xDD, 0xDD, 0xDD
	.byte 0x44, 0x44, 0x44, 0x44, 0x44, 0x44, 0x44, 0x44, 0x44, 0x44, 0x44, 0x44, 0x33, 0x33, 0x33, 0x44
	.byte 0xEE, 0xEE, 0xEE, 0x43, 0xEE, 0xEE, 0xEE, 0x2E, 0xDD, 0xDD, 0xDD, 0x1D, 0xDD, 0xDD, 0xDD, 0x1D
	.byte 0xC1, 0xCC, 0xCC, 0xCC, 0x11, 0x11, 0x11, 0x11, 0x99, 0x99, 0x11, 0x11, 0x99, 0x99, 0x11, 0x11
	.byte 0x99, 0x99, 0x11, 0x11, 0x95, 0x99, 0x11, 0x11, 0xA5, 0xAA, 0x19, 0x11, 0xB5, 0x4A, 0x19, 0x11
	.byte 0xCC, 0xCC, 0xCC, 0x1C, 0x11, 0x11, 0x11, 0x11, 0x11, 0x11, 0x99, 0x99, 0x11, 0x11, 0x99, 0x99
	.byte 0x11, 0x11, 0x99, 0x99, 0x11, 0x11, 0x99, 0x59, 0x11, 0x21, 0xAA, 0x5A, 0x11, 0x21, 0xAA, 0x5B
	.byte 0xB5, 0x4B, 0x19, 0x11, 0xB3, 0x4B, 0x11, 0x11, 0xB3, 0xBB, 0x11, 0x11, 0xB5, 0x1B, 0x12, 0x11
	.byte 0xB5, 0x1B, 0x12, 0x11, 0xB5, 0x1B, 0x22, 0x22, 0xB5, 0x4B, 0x21, 0x22, 0xB3, 0x4B, 0x21, 0x22
	.byte 0x11, 0x21, 0xBB, 0x5B, 0x11, 0x11, 0xBB, 0x3B, 0x11, 0x11, 0xBB, 0x3B, 0x11, 0x21, 0xB1, 0x5B
	.byte 0x11, 0x21, 0xB1, 0x5B, 0x22, 0x22, 0xB1, 0x5B, 0x22, 0x12, 0xBB, 0x5B, 0x22, 0x12, 0xBB, 0x3B
	.byte 0xB3, 0x4B, 0x21, 0x22, 0xB3, 0x4B, 0x21, 0x22, 0xB3, 0x4B, 0x21, 0x22, 0xB3, 0x4A, 0x21, 0x22
	.byte 0xA3, 0x4A, 0x21, 0x22, 0x91, 0x49, 0x21, 0x22, 0x17, 0x11, 0x21, 0x22, 0x77, 0x77, 0x11, 0x11
	.byte 0x22, 0x12, 0xBB, 0x3B, 0x22, 0x12, 0xBB, 0x3B, 0x22, 0x12, 0xBB, 0x3B, 0x22, 0x12, 0xAA, 0x3B
	.byte 0x22, 0x12, 0xAA, 0x3A, 0x22, 0x12, 0x99, 0x19, 0x22, 0x12, 0x11, 0x71, 0x11, 0x11, 0x77, 0x77
	.byte 0x44, 0x44, 0x44, 0x44, 0x44, 0x44, 0x44, 0x44, 0x44, 0x44, 0x44, 0x44, 0x44, 0x33, 0x33, 0x33
	.byte 0x34, 0xEE, 0xEE, 0xEE, 0xE2, 0xEE, 0xEE, 0xEE, 0xD1, 0xDD, 0xDD, 0xDD, 0xD1, 0xDD, 0xDD, 0xDD
	.byte 0x44, 0x44, 0x44, 0x44, 0x44, 0x44, 0x44, 0x44, 0x44, 0x44, 0x44, 0x44, 0x33, 0x33, 0x33, 0x44
	.byte 0xEE, 0xEE, 0xEE, 0x43, 0xEE, 0xEE, 0xEE, 0x2E, 0xDD, 0xDD, 0xDD, 0x1D, 0xDD, 0xDD, 0xDD, 0x1D
	.byte 0xC1, 0xCC, 0xCC, 0xCC, 0x11, 0x11, 0x11, 0x11, 0x99, 0x19, 0x11, 0x11, 0x99, 0x19, 0x11, 0x11
	.byte 0x99, 0x19, 0x11, 0x11, 0xA5, 0x12, 0x11, 0x11, 0xA5, 0x12, 0x11, 0x11, 0xB5, 0x12, 0x11, 0x11
	.byte 0xCC, 0xCC, 0xCC, 0x1C, 0x11, 0x11, 0x11, 0x11, 0x11, 0x11, 0x91, 0x99, 0x11, 0x11, 0x91, 0x99
	.byte 0x11, 0x11, 0x91, 0x99, 0x11, 0x11, 0x21, 0x5A, 0x11, 0x11, 0x21, 0x5A, 0x11, 0x11, 0x21, 0x5B
	.byte 0xB5, 0x11, 0x11, 0x11, 0xB3, 0x11, 0x11, 0x11, 0x13, 0x12, 0x11, 0x11, 0x15, 0x12, 0x11, 0x11
	.byte 0x15, 0x12, 0x11, 0x11, 0xB5, 0x91, 0x29, 0x22, 0xB5, 0x21, 0x22, 0x22, 0xB3, 0x21, 0x22, 0x22
	.byte 0x11, 0x11, 0x11, 0x5B, 0x11, 0x11, 0x11, 0x3B, 0x11, 0x11, 0x21, 0x31, 0x11, 0x11, 0x21, 0x51
	.byte 0x11, 0x11, 0x21, 0x51, 0x22, 0x92, 0x19, 0x5B, 0x22, 0x22, 0x12, 0x5B, 0x22, 0x22, 0x12, 0x3B
	.byte 0xB3, 0x21, 0x22, 0x22, 0xB3, 0x21, 0x22, 0x22, 0xA3, 0x21, 0x22, 0x22, 0xA3, 0x21, 0x22, 0x22
	.byte 0x93, 0x21, 0x22, 0x22, 0x91, 0x21, 0x22, 0x22, 0x17, 0x11, 0x22, 0x22, 0x77, 0x77, 0x11, 0x11
	.byte 0x22, 0x22, 0x12, 0x3B, 0x22, 0x22, 0x12, 0x3B, 0x22, 0x22, 0x12, 0x3A, 0x22, 0x22, 0x12, 0x3A
	.byte 0x22, 0x22, 0x12, 0x39, 0x22, 0x22, 0x12, 0x19, 0x22, 0x22, 0x11, 0x71, 0x11, 0x11, 0x77, 0x77
	.byte 0x44, 0x44, 0x44, 0x44, 0x44, 0x44, 0x44, 0x44, 0x44, 0x44, 0x44, 0x44, 0x44, 0x33, 0x33, 0x33
	.byte 0x34, 0xEE, 0xEE, 0xEE, 0xE2, 0xEE, 0xEE, 0xEE, 0xD1, 0xDD, 0xDD, 0xDD, 0xD1, 0xDD, 0xDD, 0xDD
	.byte 0x44, 0x44, 0x44, 0x44, 0x44, 0x44, 0x44, 0x44, 0x44, 0x44, 0x44, 0x44, 0x33, 0x33, 0x33, 0x44
	.byte 0xEE, 0xEE, 0xEE, 0x43, 0xEE, 0xEE, 0xEE, 0x2E, 0xDD, 0xDD, 0xDD, 0x1D, 0xDD, 0xDD, 0xDD, 0x1D
	.byte 0xC1, 0xCC, 0xCC, 0xCC, 0x11, 0x11, 0x11, 0x11, 0x19, 0x11, 0x11, 0x11, 0x19, 0x11, 0x11, 0x11
	.byte 0x19, 0x11, 0x11, 0x11, 0x15, 0x11, 0x11, 0x11, 0x15, 0x11, 0x11, 0x11, 0x15, 0x11, 0x11, 0x11
	.byte 0xCC, 0xCC, 0xCC, 0x1C, 0x11, 0x11, 0x11, 0x11, 0x11, 0x11, 0x11, 0x91, 0x11, 0x11, 0x11, 0x91
	.byte 0x11, 0x11, 0x11, 0x91, 0x11, 0x11, 0x11, 0x51, 0x11, 0x11, 0x11, 0x51, 0x11, 0x11, 0x11, 0x51
	.byte 0x15, 0x11, 0x11, 0x11, 0x13, 0x11, 0x11, 0x11, 0x13, 0x11, 0x11, 0x11, 0x15, 0x11, 0x11, 0x11
	.byte 0x15, 0x11, 0x11, 0x11, 0x15, 0x91, 0x99, 0x99, 0x15, 0x21, 0x22, 0x22, 0x13, 0x21, 0x22, 0x22
	.byte 0x11, 0x11, 0x11, 0x51, 0x11, 0x11, 0x11, 0x31, 0x11, 0x11, 0x11, 0x31, 0x11, 0x11, 0x11, 0x51
	.byte 0x11, 0x11, 0x11, 0x51, 0x99, 0x99, 0x19, 0x51, 0x22, 0x22, 0x12, 0x51, 0x22, 0x22, 0x12, 0x31
	.byte 0x13, 0x22, 0x22, 0x22, 0x13, 0x22, 0x22, 0x22, 0x13, 0x22, 0x22, 0x22, 0x23, 0x22, 0x22, 0x22
	.byte 0x23, 0x22, 0x22, 0x22, 0x21, 0x22, 0x22, 0x22, 0x17, 0x11, 0x22, 0x22, 0x77, 0x77, 0x11, 0x11
	.byte 0x22, 0x22, 0x22, 0x31, 0x22, 0x22, 0x22, 0x31, 0x22, 0x22, 0x22, 0x31, 0x22, 0x22, 0x22, 0x32
	.byte 0x22, 0x22, 0x22, 0x32, 0x22, 0x22, 0x22, 0x12, 0x22, 0x22, 0x11, 0x71, 0x11, 0x11, 0x77, 0x77
	.byte 0x00, 0x00, 0x00, 0x00, 0x00, 0x00, 0x00, 0x00, 0x00, 0x00, 0x00, 0x00, 0x00, 0x00, 0x00, 0x00
	.byte 0x00, 0x00, 0x00, 0x00, 0x00, 0x00, 0x00, 0x00, 0x00, 0x00, 0x00, 0x00, 0x00, 0x00, 0x00, 0x00
	.byte 0xDD, 0xDD, 0x99, 0xFF, 0x9D, 0x99, 0xFF, 0x4A, 0x49, 0x44, 0xAF, 0x94, 0xF4, 0xFF, 0x9A, 0xA9
	.byte 0xF9, 0xFF, 0xAA, 0xA4, 0x9A, 0xA9, 0x9A, 0x4A, 0xFF, 0x9F, 0xAA, 0x99, 0x99, 0xA9, 0xFF, 0xFF
	.byte 0xFF, 0x99, 0xDD, 0xDD, 0xA4, 0xFF, 0x99, 0xD9, 0x49, 0xFA, 0x44, 0x94, 0x9A, 0xA9, 0xFF, 0x4F
	.byte 0x4A, 0xAA, 0xFF, 0x9F, 0xA4, 0xA9, 0x9A, 0xA9, 0x99, 0xAA, 0xF9, 0xFF, 0xFF, 0xFF, 0x9A, 0x99
	.byte 0xDB, 0xDC, 0x0C, 0x00, 0xCD, 0xDC, 0x0C, 0x00, 0xDC, 0xDC, 0x0C, 0x00, 0xDD, 0xDC, 0x0C, 0x00
	.byte 0xED, 0xDD, 0x0C, 0x00, 0xDE, 0xDC, 0x0C, 0x00, 0xCD, 0xDC, 0x0C, 0x00, 0xDC, 0xDC, 0x0C, 0x00
	.byte 0x00, 0xC0, 0xCD, 0xBD, 0x00, 0xC0, 0xCD, 0xDC, 0x00, 0xC0, 0xCD, 0xCD, 0x00, 0xC0, 0xCD, 0xDD
	.byte 0x00, 0xC0, 0xDD, 0xDE, 0x00, 0xC0, 0xCD, 0xED, 0x00, 0xC0, 0xCD, 0xDC, 0x00, 0xC0, 0xCD, 0xCD
	.byte 0xDD, 0xDC, 0xF9, 0x00, 0xED, 0xDD, 0xF9, 0x00, 0xDE, 0xDC, 0xF9, 0x00, 0xCD, 0xDC, 0x0C, 0x00
	.byte 0xDC, 0xDC, 0x0C, 0x00, 0xDD, 0xDC, 0x0C, 0x00, 0xED, 0xDD, 0x0C, 0x00, 0xDE, 0xDC, 0x0C, 0x00
	.byte 0x00, 0x9F, 0xCD, 0xDD, 0x00, 0x9F, 0xDD, 0xDE, 0x00, 0x9F, 0xCD, 0xED, 0x00, 0xC0, 0xCD, 0xDC
	.byte 0x00, 0xC0, 0xCD, 0xCD, 0x00, 0xC0, 0xCD, 0xDD, 0x00, 0xC0, 0xDD, 0xDE, 0x00, 0xC0, 0xCD, 0xED
	.byte 0xCD, 0xDC, 0x0C, 0x00, 0xDC, 0xDC, 0x0C, 0x00, 0xDD, 0xDC, 0x0C, 0x00, 0xED, 0xCD, 0x00, 0x00
	.byte 0xDE, 0x0C, 0x00, 0x00, 0xCD, 0x00, 0x00, 0x00, 0x0C, 0x00, 0x00, 0x00, 0x00, 0x00, 0x00, 0x00
	.byte 0x00, 0xC0, 0xCD, 0xDC, 0x00, 0xC0, 0xCD, 0xCD, 0x00, 0xC0, 0xCD, 0xDD, 0x00, 0x00, 0xDC, 0xDE
	.byte 0x00, 0x00, 0xC0, 0xED, 0x00, 0x00, 0x00, 0xDC, 0x00, 0x00, 0x00, 0xC0, 0x00, 0x00, 0x00, 0x00
	.byte 0xDD, 0xDD, 0x99, 0xFF, 0x9D, 0x99, 0xFF, 0x4A, 0x49, 0x44, 0xAF, 0x94, 0xF4, 0xFF, 0x9A, 0xA9
	.byte 0xF9, 0xFF, 0xAA, 0xA4, 0x9A, 0xA9, 0x9A, 0x4A, 0xFF, 0x9F, 0xAA, 0x99, 0x99, 0xA9, 0xFF, 0xFF
	.byte 0xFF, 0x99, 0xDD, 0xDD, 0xA4, 0xFF, 0x99, 0xD9, 0x49, 0xFA, 0x44, 0x94, 0x9A, 0xA9, 0xFF, 0x4F
	.byte 0x4A, 0xAA, 0xFF, 0x9F, 0xA4, 0xA9, 0x9A, 0xA9, 0x99, 0xAA, 0xF9, 0xFF, 0xFF, 0xFF, 0x9A, 0x99
	.byte 0xDC, 0x0C, 0x00, 0x00, 0xDD, 0x0C, 0x00, 0x00, 0xDC, 0x0C, 0x00, 0x00, 0xDC, 0x0C, 0x00, 0x00
	.byte 0xDC, 0x0C, 0x00, 0x00, 0xDC, 0xF9, 0x00, 0x00, 0xDD, 0xF9, 0x00, 0x00, 0xDC, 0xF9, 0x00, 0x00
	.byte 0x00, 0x00, 0xC0, 0xCD, 0x00, 0x00, 0xC0, 0xDD, 0x00, 0x00, 0xC0, 0xCD, 0x00, 0x00, 0xC0, 0xCD
	.byte 0x00, 0x00, 0xC0, 0xCD, 0x00, 0x00, 0x9F, 0xCD, 0x00, 0x00, 0x9F, 0xDD, 0x00, 0x00, 0x9F, 0xCD
	.byte 0xDC, 0x0C, 0x00, 0x00, 0xDC, 0x0C, 0x00, 0x00, 0xDC, 0x0C, 0x00, 0x00, 0xDC, 0x0C, 0x00, 0x00
	.byte 0xDD, 0x0C, 0x00, 0x00, 0xDC, 0x0C, 0x00, 0x00, 0xDC, 0x0C, 0x00, 0x00, 0xDC, 0x0C, 0x00, 0x00
	.byte 0x00, 0x00, 0xC0, 0xCD, 0x00, 0x00, 0xC0, 0xCD, 0x00, 0x00, 0xC0, 0xCD, 0x00, 0x00, 0xC0, 0xCD
	.byte 0x00, 0x00, 0xC0, 0xDD, 0x00, 0x00, 0xC0, 0xCD, 0x00, 0x00, 0xC0, 0xCD, 0x00, 0x00, 0xC0, 0xCD
	.byte 0xDC, 0x00, 0x00, 0x00, 0xCD, 0x00, 0x00, 0x00, 0xCD, 0x00, 0x00, 0x00, 0x0D, 0x00, 0x00, 0x00
	.byte 0x0C, 0x00, 0x00, 0x00, 0x0C, 0x00, 0x00, 0x00, 0x00, 0x00, 0x00, 0x00, 0x00, 0x00, 0x00, 0x00
	.byte 0x00, 0x00, 0x00, 0xCD, 0x00, 0x00, 0x00, 0xDC, 0x00, 0x00, 0x00, 0xDC, 0x00, 0x00, 0x00, 0xD0
	.byte 0x00, 0x00, 0x00, 0xC0, 0x00, 0x00, 0x00, 0xC0, 0x00, 0x00, 0x00, 0x00, 0x00, 0x00, 0x00, 0x00
	.byte 0xDD, 0xDD, 0x99, 0xFF, 0x9D, 0x99, 0xFF, 0x4A, 0x49, 0x44, 0xAF, 0x94, 0xF4, 0xFF, 0x9A, 0xA9
	.byte 0xF9, 0xFF, 0xAA, 0xA4, 0x9A, 0xA9, 0x9A, 0x4A, 0xFF, 0x9F, 0xAA, 0x99, 0x99, 0xA9, 0xFF, 0xFF
	.byte 0xFF, 0x99, 0xDD, 0xDD, 0xA4, 0xFF, 0x99, 0xD9, 0x49, 0xFA, 0x44, 0x94, 0x9A, 0xA9, 0xFF, 0x4F
	.byte 0x4A, 0xAA, 0xFF, 0x9F, 0xA4, 0xA9, 0x9A, 0xA9, 0x99, 0xAA, 0xF9, 0xFF, 0xFF, 0xFF, 0x9A, 0x99
	.byte 0x0C, 0x00, 0x00, 0x00, 0x0D, 0x00, 0x00, 0x00, 0x0C, 0x00, 0x00, 0x00, 0x0C, 0x00, 0x00, 0x00
	.byte 0x0C, 0x00, 0x00, 0x00, 0x0C, 0x00, 0x00, 0x00, 0x0D, 0x00, 0x00, 0x00, 0x0C, 0x00, 0x00, 0x00
	.byte 0x00, 0x00, 0x00, 0xC0, 0x00, 0x00, 0x00, 0xD0, 0x00, 0x00, 0x00, 0xC0, 0x00, 0x00, 0x00, 0xC0
	.byte 0x00, 0x00, 0x00, 0xC0, 0x00, 0x00, 0x00, 0xC0, 0x00, 0x00, 0x00, 0xD0, 0x00, 0x00, 0x00, 0xC0
	.byte 0x0C, 0x00, 0x00, 0x00, 0x0C, 0x00, 0x00, 0x00, 0x0C, 0x00, 0x00, 0x00, 0x0C, 0x00, 0x00, 0x00
	.byte 0x0D, 0x00, 0x00, 0x00, 0x0C, 0x00, 0x00, 0x00, 0x0C, 0x00, 0x00, 0x00, 0x0C, 0x00, 0x00, 0x00
	.byte 0x00, 0x00, 0x00, 0xC0, 0x00, 0x00, 0x00, 0xC0, 0x00, 0x00, 0x00, 0xC0, 0x00, 0x00, 0x00, 0xC0
	.byte 0x00, 0x00, 0x00, 0xD0, 0x00, 0x00, 0x00, 0xC0, 0x00, 0x00, 0x00, 0xC0, 0x00, 0x00, 0x00, 0xC0
	.byte 0x0C, 0x00, 0x00, 0x00, 0x0D, 0x00, 0x00, 0x00, 0x0D, 0x00, 0x00, 0x00, 0x0D, 0x00, 0x00, 0x00
	.byte 0x0C, 0x00, 0x00, 0x00, 0x0C, 0x00, 0x00, 0x00, 0x00, 0x00, 0x00, 0x00, 0x00, 0x00, 0x00, 0x00
	.byte 0x00, 0x00, 0x00, 0xC0, 0x00, 0x00, 0x00, 0xD0, 0x00, 0x00, 0x00, 0xD0, 0x00, 0x00, 0x00, 0xD0
	.byte 0x00, 0x00, 0x00, 0xC0, 0x00, 0x00, 0x00, 0xC0, 0x00, 0x00, 0x00, 0x00, 0x00, 0x00, 0x00, 0x00
	.byte 0x2A, 0x11, 0x11, 0x11, 0xAA, 0x12, 0x11, 0x11, 0xAA, 0x1A, 0x11, 0x11, 0xAA, 0x11, 0x22, 0x11
	.byte 0x11, 0xA2, 0xAA, 0x22, 0xAA, 0xAA, 0xAA, 0x51, 0xAA, 0xAA, 0x11, 0x55, 0x11, 0x11, 0x77, 0x77
	.byte 0x11, 0x11, 0x11, 0xA2, 0x11, 0x11, 0x21, 0xAA, 0x11, 0x11, 0xA1, 0xAA, 0x11, 0x22, 0x11, 0xAA
	.byte 0x22, 0xAA, 0x2A, 0x11, 0x15, 0xAA, 0xAA, 0xAA, 0x55, 0x11, 0xAA, 0xAA, 0x77, 0x77, 0x11, 0x11
	.byte 0xEE, 0xEE, 0xEE, 0xEE, 0x77, 0x77, 0x77, 0x77, 0xAA, 0xAA, 0xAA, 0x7A, 0xAA, 0xAA, 0xAA, 0x6A
	.byte 0xAA, 0xAA, 0xAA, 0x6A, 0xAA, 0xAA, 0xAA, 0x6A, 0xAA, 0x9A, 0x99, 0x69, 0xAA, 0x99, 0x99, 0x59
	.byte 0xEE, 0xEE, 0xEE, 0xEE, 0x77, 0x77, 0x77, 0x77, 0xA7, 0xAA, 0xAA, 0xAA, 0xA6, 0xAA, 0xAA, 0xAA
	.byte 0xA6, 0xAA, 0xAA, 0xAA, 0xA6, 0xAA, 0xAA, 0xAA, 0x96, 0x99, 0xA9, 0xAA, 0x95, 0x99, 0x99, 0xAA
	.byte 0x9A, 0x99, 0x99, 0x59, 0x99, 0x99, 0x99, 0x59, 0xDD, 0xDD, 0x9D, 0x59, 0xDD, 0x1D, 0xD1, 0x19
	.byte 0xDD, 0x1D, 0xD1, 0x69, 0xDD, 0xDD, 0x9D, 0x59, 0xAA, 0xAA, 0x99, 0x59, 0x99, 0x99, 0x99, 0x59
	.byte 0x95, 0x99, 0x99, 0xA9, 0x95, 0x99, 0x99, 0x99, 0x95, 0xD9, 0xDD, 0xDD, 0x91, 0x1D, 0xD1, 0xDD
	.byte 0x96, 0x1D, 0xD1, 0xDD, 0x95, 0xD9, 0xDD, 0xDD, 0x95, 0x99, 0xAA, 0xAA, 0x95, 0x99, 0x99, 0x99
	.byte 0x99, 0x99, 0x99, 0x59, 0x99, 0x99, 0x99, 0x59, 0x99, 0x99, 0x99, 0x59, 0x99, 0x99, 0x99, 0x69
	.byte 0x66, 0x66, 0x66, 0x66, 0x55, 0x55, 0x55, 0x55, 0x11, 0x11, 0x11, 0x11, 0x66, 0x66, 0x66, 0x66
	.byte 0x95, 0x99, 0x99, 0x99, 0x95, 0x99, 0x99, 0x99, 0x95, 0x99, 0x99, 0x99, 0x96, 0x99, 0x99, 0x99
	.byte 0x66, 0x66, 0x66, 0x66, 0x55, 0x55, 0x55, 0x55, 0x11, 0x11, 0x11, 0x11, 0x66, 0x66, 0x66, 0x66
	.byte 0x2A, 0x11, 0x11, 0x11, 0xAA, 0x12, 0x11, 0x11, 0xAA, 0x1A, 0x11, 0x11, 0xAA, 0x11, 0x22, 0x11
	.byte 0x11, 0xA2, 0xAA, 0x22, 0xAA, 0xAA, 0xAA, 0x51, 0xAA, 0xAA, 0x11, 0x55, 0x11, 0x11, 0x77, 0x77
	.byte 0x11, 0x11, 0x11, 0xA2, 0x11, 0x11, 0x21, 0xAA, 0x11, 0x11, 0xA1, 0xAA, 0x11, 0x22, 0x11, 0xAA
	.byte 0x22, 0xAA, 0x2A, 0x11, 0x15, 0xAA, 0xAA, 0xAA, 0x55, 0x11, 0xAA, 0xAA, 0x77, 0x77, 0x11, 0x11
	.byte 0xEE, 0xEE, 0xEE, 0xEE, 0x77, 0x77, 0x77, 0x77, 0xAA, 0xAA, 0x7A, 0x77, 0xAA, 0xAA, 0x6A, 0x77
	.byte 0xAA, 0xAA, 0x6A, 0x77, 0xAA, 0xAA, 0x6A, 0x77, 0xAA, 0x9A, 0x69, 0x77, 0xAA, 0x99, 0x59, 0x77
	.byte 0xEE, 0xEE, 0xEE, 0xEE, 0x77, 0x77, 0x77, 0x77, 0x77, 0xA7, 0xAA, 0xAA, 0x77, 0xA6, 0xAA, 0xAA
	.byte 0x77, 0xA6, 0xAA, 0xAA, 0x77, 0xA6, 0xAA, 0xAA, 0x77, 0x96, 0xA9, 0xAA, 0x77, 0x95, 0x99, 0xAA
	.byte 0x99, 0x99, 0x59, 0x77, 0x99, 0x99, 0x59, 0x67, 0xDD, 0x9D, 0x59, 0x67, 0x1D, 0xD1, 0x19, 0x67
	.byte 0x1D, 0xD1, 0x69, 0x67, 0xDD, 0x9D, 0x59, 0x66, 0xAA, 0x99, 0x59, 0x56, 0x99, 0x99, 0x59, 0x56
	.byte 0x77, 0x95, 0x99, 0x99, 0x76, 0x95, 0x99, 0x99, 0x76, 0x95, 0xD9, 0xDD, 0x76, 0x91, 0x1D, 0xD1
	.byte 0x76, 0x96, 0x1D, 0xD1, 0x66, 0x95, 0xD9, 0xDD, 0x65, 0x95, 0x99, 0xAA, 0x65, 0x95, 0x99, 0x99
	.byte 0x99, 0x99, 0x59, 0x56, 0x99, 0x99, 0x59, 0x56, 0x99, 0x99, 0x59, 0x56, 0x99, 0x99, 0x69, 0x55
	.byte 0x66, 0x66, 0x66, 0x66, 0x55, 0x55, 0x55, 0x55, 0x11, 0x11, 0x11, 0x11, 0x66, 0x66, 0x66, 0x66
	.byte 0x65, 0x95, 0x99, 0x99, 0x65, 0x95, 0x99, 0x99, 0x65, 0x95, 0x99, 0x99, 0x55, 0x96, 0x99, 0x99
	.byte 0x66, 0x66, 0x66, 0x66, 0x55, 0x55, 0x55, 0x55, 0x11, 0x11, 0x11, 0x11, 0x66, 0x66, 0x66, 0x66
	.byte 0x2A, 0x11, 0x11, 0x11, 0xAA, 0x12, 0x11, 0x11, 0xAA, 0x1A, 0x11, 0x11, 0xAA, 0x11, 0x22, 0x11
	.byte 0x11, 0xA2, 0xAA, 0x22, 0xAA, 0xAA, 0xAA, 0x51, 0xAA, 0xAA, 0x11, 0x55, 0x11, 0x11, 0x77, 0x77
	.byte 0x11, 0x11, 0x11, 0xA2, 0x11, 0x11, 0x21, 0xAA, 0x11, 0x11, 0xA1, 0xAA, 0x11, 0x22, 0x11, 0xAA
	.byte 0x22, 0xAA, 0x2A, 0x11, 0x15, 0xAA, 0xAA, 0xAA, 0x55, 0x11, 0xAA, 0xAA, 0x77, 0x77, 0x11, 0x11
	.byte 0xEE, 0xEE, 0xEE, 0xEE, 0x77, 0x77, 0x77, 0x77, 0xAA, 0x77, 0x77, 0x77, 0xAA, 0x76, 0x77, 0x77
	.byte 0xAA, 0x76, 0x77, 0x77, 0xAA, 0x76, 0x77, 0x77, 0xAA, 0x76, 0x77, 0x77, 0xAA, 0x75, 0x77, 0x77
	.byte 0xEE, 0xEE, 0xEE, 0xEE, 0x77, 0x77, 0x77, 0x77, 0x77, 0x77, 0x77, 0xAA, 0x77, 0x77, 0x67, 0xAA
	.byte 0x77, 0x77, 0x67, 0xAA, 0x77, 0x77, 0x67, 0xAA, 0x77, 0x77, 0x67, 0xAA, 0x77, 0x77, 0x57, 0xAA
	.byte 0x99, 0x75, 0x77, 0x77, 0x99, 0x75, 0x77, 0x66, 0x99, 0x75, 0x66, 0x55, 0x9D, 0x61, 0x66, 0x55
	.byte 0x9D, 0x66, 0x66, 0x55, 0x99, 0x65, 0x56, 0x55, 0x99, 0x65, 0x56, 0x55, 0x99, 0x65, 0x56, 0x55
	.byte 0x77, 0x77, 0x57, 0x99, 0x66, 0x77, 0x57, 0x99, 0x55, 0x66, 0x57, 0x99, 0x55, 0x66, 0x16, 0xD9
	.byte 0x55, 0x66, 0x66, 0xD9, 0x55, 0x65, 0x56, 0x99, 0x55, 0x65, 0x56, 0x99, 0x55, 0x65, 0x56, 0x99
	.byte 0x99, 0x65, 0x56, 0x55, 0x99, 0x65, 0x55, 0x55, 0x99, 0x65, 0x55, 0x55, 0x99, 0x66, 0x55, 0x55
	.byte 0x66, 0x66, 0x66, 0x66, 0x55, 0x55, 0x55, 0x55, 0x11, 0x11, 0x11, 0x11, 0x66, 0x66, 0x66, 0x66
	.byte 0x55, 0x65, 0x56, 0x99, 0x55, 0x55, 0x56, 0x99, 0x55, 0x55, 0x56, 0x99, 0x55, 0x55, 0x66, 0x99
	.byte 0x66, 0x66, 0x66, 0x66, 0x55, 0x55, 0x55, 0x55, 0x11, 0x11, 0x11, 0x11, 0x66, 0x66, 0x66, 0x66
	.byte 0x2A, 0x11, 0x11, 0x11, 0xAA, 0x12, 0x11, 0x11, 0xAA, 0x1A, 0x11, 0x11, 0xAA, 0x11, 0x22, 0x11
	.byte 0x11, 0xA2, 0xAA, 0x22, 0xAA, 0xAA, 0xAA, 0x51, 0xAA, 0xAA, 0x11, 0x55, 0x11, 0x11, 0x77, 0x77
	.byte 0x11, 0x11, 0x11, 0xA2, 0x11, 0x11, 0x21, 0xAA, 0x11, 0x11, 0xA1, 0xAA, 0x11, 0x22, 0x11, 0xAA
	.byte 0x22, 0xAA, 0x2A, 0x11, 0x15, 0xAA, 0xAA, 0xAA, 0x55, 0x11, 0xAA, 0xAA, 0x77, 0x77, 0x11, 0x11
	.byte 0xEE, 0xEE, 0xEE, 0xEE, 0x77, 0x77, 0x77, 0x77, 0x77, 0x77, 0x77, 0x77, 0x76, 0x77, 0x77, 0x77
	.byte 0x76, 0x77, 0x77, 0x77, 0x76, 0x77, 0x77, 0x77, 0x76, 0x77, 0x77, 0x77, 0x75, 0x77, 0x77, 0x77
	.byte 0xEE, 0xEE, 0xEE, 0xEE, 0x77, 0x77, 0x77, 0x77, 0x77, 0x77, 0x77, 0x77, 0x77, 0x77, 0x77, 0x67
	.byte 0x77, 0x77, 0x77, 0x67, 0x77, 0x77, 0x77, 0x67, 0x77, 0x77, 0x77, 0x67, 0x77, 0x77, 0x77, 0x57
	.byte 0x75, 0x67, 0x66, 0x66, 0x75, 0x66, 0x66, 0x66, 0x65, 0x66, 0x55, 0x55, 0x61, 0x66, 0x55, 0x55
	.byte 0x66, 0x56, 0x55, 0x55, 0x65, 0x56, 0x55, 0x55, 0x65, 0x56, 0x55, 0x55, 0x65, 0x55, 0x55, 0x55
	.byte 0x66, 0x66, 0x76, 0x57, 0x66, 0x66, 0x66, 0x57, 0x55, 0x55, 0x66, 0x56, 0x55, 0x55, 0x66, 0x16
	.byte 0x55, 0x55, 0x65, 0x66, 0x55, 0x55, 0x65, 0x56, 0x55, 0x55, 0x65, 0x56, 0x55, 0x55, 0x55, 0x56
	.byte 0x65, 0x55, 0x55, 0x55, 0x65, 0x55, 0x55, 0x55, 0x65, 0x55, 0x55, 0x55, 0x56, 0x55, 0x55, 0x55
	.byte 0x66, 0x66, 0x66, 0x66, 0x55, 0x55, 0x55, 0x55, 0x11, 0x11, 0x11, 0x11, 0x66, 0x66, 0x66, 0x66
	.byte 0x55, 0x55, 0x55, 0x56, 0x55, 0x55, 0x55, 0x56, 0x55, 0x55, 0x55, 0x56, 0x55, 0x55, 0x55, 0x65
	.byte 0x66, 0x66, 0x66, 0x66, 0x55, 0x55, 0x55, 0x55, 0x11, 0x11, 0x11, 0x11, 0x66, 0x66, 0x66, 0x66
	.byte 0x00, 0x00, 0x00, 0x00, 0x00, 0x00, 0x00, 0x00, 0x00, 0x00, 0x00, 0x00, 0x00, 0x00, 0x00, 0x00
	.byte 0x00, 0x00, 0x00, 0x00, 0x00, 0x00, 0x00, 0x00, 0x00, 0x00, 0x00, 0x00, 0x00, 0x00, 0x00, 0x00
	.byte 0x11, 0x11, 0x11, 0x11, 0xEE, 0xEE, 0xEE, 0xEE, 0xEE, 0xEE, 0xEE, 0xEE, 0xDD, 0xDD, 0xDD, 0xDD
	.byte 0xDD, 0xDD, 0xDD, 0xDD, 0xEE, 0xEE, 0xEE, 0xEE, 0xDD, 0xDD, 0xDD, 0xDD, 0x11, 0x11, 0x11, 0x11
	.byte 0x11, 0x11, 0x11, 0x11, 0xEE, 0xEE, 0xEE, 0xEE, 0xEE, 0xEE, 0xEE, 0xEE, 0xDD, 0xDD, 0xDD, 0xDD
	.byte 0xDD, 0xDD, 0xDD, 0xDD, 0xEE, 0xEE, 0xEE, 0xEE, 0xDD, 0xDD, 0xDD, 0xDD, 0x11, 0x11, 0x11, 0x11
	.byte 0x33, 0x33, 0x33, 0x11, 0x11, 0x11, 0x11, 0x11, 0x99, 0x99, 0x19, 0x11, 0x99, 0x99, 0x19, 0x11
	.byte 0x99, 0x99, 0x19, 0x11, 0x99, 0x99, 0x19, 0x11, 0xAA, 0xAA, 0x2A, 0x11, 0xAA, 0xAA, 0x2A, 0x11
	.byte 0x11, 0x33, 0x33, 0x33, 0x11, 0x11, 0x11, 0x11, 0x11, 0x91, 0x99, 0x99, 0x11, 0x91, 0x99, 0x99
	.byte 0x11, 0x91, 0x99, 0x99, 0x11, 0x91, 0x99, 0x99, 0x11, 0xA2, 0xAA, 0xAA, 0x11, 0xA2, 0xAA, 0xAA
	.byte 0xBB, 0xBB, 0x2B, 0x11, 0xBB, 0xBB, 0x2B, 0x11, 0xBB, 0xBB, 0x1B, 0x11, 0xBB, 0xBB, 0x21, 0x11
	.byte 0xBB, 0xBB, 0x21, 0x11, 0xBB, 0xBB, 0x21, 0x11, 0xBB, 0xBB, 0x1B, 0x21, 0xBB, 0xBB, 0x1B, 0x22
	.byte 0x11, 0xB2, 0xBB, 0xBB, 0x11, 0xB2, 0xBB, 0xBB, 0x11, 0xB1, 0xBB, 0xBB, 0x11, 0x12, 0xBB, 0xBB
	.byte 0x11, 0x12, 0xBB, 0xBB, 0x11, 0x12, 0xBB, 0xBB, 0x12, 0xB1, 0xBB, 0xBB, 0x22, 0xB1, 0xBB, 0xBB
	.byte 0x99, 0x99, 0x19, 0x22, 0x99, 0x99, 0x29, 0x22, 0xAA, 0xAA, 0x2A, 0x22, 0xAA, 0xAA, 0x2A, 0x22
	.byte 0x99, 0x99, 0x19, 0x22, 0x11, 0x11, 0x11, 0x22, 0x11, 0x11, 0x11, 0x22, 0x33, 0x33, 0x33, 0x33
	.byte 0x22, 0x91, 0x99, 0x99, 0x22, 0x92, 0x99, 0x99, 0x22, 0xA2, 0xAA, 0xAA, 0x22, 0xA2, 0xAA, 0xAA
	.byte 0x22, 0x91, 0x99, 0x99, 0x22, 0x11, 0x11, 0x11, 0x22, 0x11, 0x11, 0x11, 0x33, 0x33, 0x33, 0x33
	.byte 0x11, 0x11, 0x11, 0x11, 0xEE, 0xEE, 0xEE, 0xEE, 0xEE, 0xEE, 0xEE, 0xEE, 0xDD, 0xDD, 0xDD, 0xDD
	.byte 0xDD, 0xDD, 0xDD, 0xDD, 0xEE, 0xEE, 0xEE, 0xEE, 0xDD, 0xDD, 0xDD, 0xDD, 0x11, 0x11, 0x11, 0x11
	.byte 0x11, 0x11, 0x11, 0x11, 0xEE, 0xEE, 0xEE, 0xEE, 0xEE, 0xEE, 0xEE, 0xEE, 0xDD, 0xDD, 0xDD, 0xDD
	.byte 0xDD, 0xDD, 0xDD, 0xDD, 0xEE, 0xEE, 0xEE, 0xEE, 0xDD, 0xDD, 0xDD, 0xDD, 0x11, 0x11, 0x11, 0x11
	.byte 0x33, 0x33, 0x11, 0x11, 0x11, 0x11, 0x11, 0x11, 0x99, 0x19, 0x11, 0x11, 0x99, 0x19, 0x11, 0x11
	.byte 0x99, 0x19, 0x11, 0x11, 0x99, 0x19, 0x11, 0x11, 0xAA, 0x2A, 0x11, 0x11, 0xAA, 0x2A, 0x11, 0x11
	.byte 0x11, 0x11, 0x33, 0x33, 0x11, 0x11, 0x11, 0x11, 0x11, 0x11, 0x91, 0x99, 0x11, 0x11, 0x91, 0x99
	.byte 0x11, 0x11, 0x91, 0x99, 0x11, 0x11, 0x91, 0x99, 0x11, 0x11, 0xA2, 0xAA, 0x11, 0x11, 0xA2, 0xAA
	.byte 0xBB, 0x2B, 0x11, 0x11, 0xBB, 0x2B, 0x11, 0x11, 0xBB, 0x1B, 0x11, 0x11, 0xBB, 0x21, 0x11, 0x11
	.byte 0xBB, 0x21, 0x11, 0x11, 0xBB, 0x21, 0x11, 0x11, 0xBB, 0x1B, 0x11, 0x22, 0xBB, 0x1B, 0x21, 0x22
	.byte 0x11, 0x11, 0xB2, 0xBB, 0x11, 0x11, 0xB2, 0xBB, 0x11, 0x11, 0xB1, 0xBB, 0x11, 0x11, 0x12, 0xBB
	.byte 0x11, 0x11, 0x12, 0xBB, 0x11, 0x11, 0x12, 0xBB, 0x22, 0x11, 0xB1, 0xBB, 0x22, 0x12, 0xB1, 0xBB
	.byte 0x99, 0x19, 0x21, 0x22, 0x99, 0x29, 0x22, 0x22, 0xAA, 0x2A, 0x22, 0x22, 0xAA, 0x2A, 0x22, 0x22
	.byte 0x99, 0x19, 0x22, 0x22, 0x11, 0x11, 0x22, 0x22, 0x11, 0x11, 0x22, 0x22, 0x33, 0x33, 0x33, 0x33
	.byte 0x22, 0x12, 0x91, 0x99, 0x22, 0x22, 0x92, 0x99, 0x22, 0x22, 0xA2, 0xAA, 0x22, 0x22, 0xA2, 0xAA
	.byte 0x22, 0x22, 0x91, 0x99, 0x22, 0x22, 0x11, 0x11, 0x22, 0x22, 0x11, 0x11, 0x33, 0x33, 0x33, 0x33
	.byte 0x11, 0x11, 0x11, 0x11, 0xEE, 0xEE, 0xEE, 0xEE, 0xEE, 0xEE, 0xEE, 0xEE, 0xDD, 0xDD, 0xDD, 0xDD
	.byte 0xDD, 0xDD, 0xDD, 0xDD, 0xEE, 0xEE, 0xEE, 0xEE, 0xDD, 0xDD, 0xDD, 0xDD, 0x11, 0x11, 0x11, 0x11
	.byte 0x11, 0x11, 0x11, 0x11, 0xEE, 0xEE, 0xEE, 0xEE, 0xEE, 0xEE, 0xEE, 0xEE, 0xDD, 0xDD, 0xDD, 0xDD
	.byte 0xDD, 0xDD, 0xDD, 0xDD, 0xEE, 0xEE, 0xEE, 0xEE, 0xDD, 0xDD, 0xDD, 0xDD, 0x11, 0x11, 0x11, 0x11
	.byte 0x33, 0x11, 0x11, 0x11, 0x11, 0x11, 0x11, 0x11, 0x19, 0x11, 0x11, 0x11, 0x19, 0x11, 0x11, 0x11
	.byte 0x19, 0x11, 0x11, 0x11, 0x19, 0x11, 0x11, 0x11, 0x2A, 0x11, 0x11, 0x11, 0x2A, 0x11, 0x11, 0x11
	.byte 0x11, 0x11, 0x11, 0x33, 0x11, 0x11, 0x11, 0x11, 0x11, 0x11, 0x11, 0x91, 0x11, 0x11, 0x11, 0x91
	.byte 0x11, 0x11, 0x11, 0x91, 0x11, 0x11, 0x11, 0x91, 0x11, 0x11, 0x11, 0xA2, 0x11, 0x11, 0x11, 0xA2
	.byte 0x2B, 0x11, 0x11, 0x11, 0x2B, 0x11, 0x11, 0x11, 0x1B, 0x11, 0x11, 0x11, 0x21, 0x11, 0x11, 0x11
	.byte 0x21, 0x11, 0x11, 0x11, 0x21, 0x11, 0x11, 0x11, 0x1B, 0x11, 0x21, 0x22, 0x1B, 0x11, 0x22, 0x22
	.byte 0x11, 0x11, 0x11, 0xB2, 0x11, 0x11, 0x11, 0xB2, 0x11, 0x11, 0x11, 0xB1, 0x11, 0x11, 0x11, 0x12
	.byte 0x11, 0x11, 0x11, 0x12, 0x11, 0x11, 0x11, 0x12, 0x22, 0x12, 0x11, 0xB1, 0x22, 0x22, 0x11, 0xB1
	.byte 0x19, 0x11, 0x22, 0x22, 0x29, 0x21, 0x22, 0x22, 0x2A, 0x21, 0x22, 0x22, 0x2A, 0x22, 0x22, 0x22
	.byte 0x19, 0x22, 0x22, 0x22, 0x11, 0x22, 0x22, 0x22, 0x77, 0x22, 0x22, 0x22, 0x77, 0x22, 0x22, 0x22
	.byte 0x22, 0x22, 0x11, 0x91, 0x22, 0x22, 0x12, 0x92, 0x22, 0x22, 0x12, 0xA2, 0x22, 0x22, 0x22, 0xA2
	.byte 0x22, 0x22, 0x22, 0x91, 0x22, 0x22, 0x22, 0x11, 0x22, 0x22, 0x22, 0x77, 0x22, 0x22, 0x22, 0x77
	.byte 0x00, 0x00, 0x00, 0x00, 0x00, 0x00, 0x00, 0x00, 0x00, 0x00, 0x00, 0x00, 0x00, 0x00, 0x00, 0x00
	.byte 0x00, 0x00, 0x00, 0x00, 0x00, 0x00, 0x00, 0x00, 0x00, 0x00, 0x00, 0x00, 0x00, 0x00, 0x00, 0x00
	.byte 0x33, 0x33, 0x33, 0x33, 0x44, 0x44, 0x44, 0x44, 0x44, 0x44, 0x44, 0x44, 0x44, 0x44, 0x44, 0x44
	.byte 0x44, 0x44, 0x44, 0x44, 0x44, 0x44, 0x44, 0x44, 0x22, 0x22, 0x22, 0x22, 0x11, 0x11, 0x11, 0x11
	.byte 0x33, 0x33, 0x33, 0x33, 0x44, 0x44, 0x44, 0x44, 0x44, 0x44, 0x44, 0x44, 0x44, 0x44, 0x44, 0x44
	.byte 0x44, 0x44, 0x44, 0x44, 0x44, 0x44, 0x44, 0x44, 0x22, 0x22, 0x22, 0x22, 0x11, 0x11, 0x11, 0x11
	.byte 0x21, 0x12, 0x22, 0x61, 0x11, 0x11, 0x11, 0x11, 0x88, 0x88, 0x51, 0x81, 0x88, 0x88, 0x51, 0x81
	.byte 0x88, 0x87, 0x51, 0x81, 0x78, 0x87, 0x18, 0x88, 0x77, 0x87, 0x18, 0x88, 0x77, 0x87, 0x18, 0x88
	.byte 0x16, 0x22, 0x21, 0x12, 0x11, 0x11, 0x11, 0x11, 0x88, 0x51, 0x12, 0x11, 0x88, 0x51, 0x12, 0x11
	.byte 0x87, 0x51, 0x12, 0x11, 0x87, 0x51, 0x12, 0x11, 0x77, 0x51, 0x12, 0x11, 0x77, 0x18, 0x12, 0x11
	.byte 0x77, 0x87, 0x18, 0x88, 0x77, 0x87, 0x18, 0x88, 0x77, 0x87, 0x18, 0x88, 0x77, 0x87, 0x18, 0x88
	.byte 0x77, 0x87, 0x18, 0x88, 0x77, 0x87, 0x18, 0x88, 0x77, 0x87, 0x18, 0x88, 0x77, 0x87, 0x18, 0x88
	.byte 0x77, 0x18, 0x12, 0x11, 0x77, 0x18, 0x12, 0x11, 0x77, 0x18, 0x12, 0x11, 0x77, 0x18, 0x12, 0x11
	.byte 0x77, 0x18, 0x12, 0x11, 0x77, 0x18, 0x12, 0x11, 0x77, 0x18, 0x12, 0x91, 0x77, 0x18, 0x12, 0x99
	.byte 0x77, 0x87, 0x51, 0x81, 0x77, 0x57, 0x51, 0x51, 0x57, 0x55, 0x51, 0x51, 0x55, 0x55, 0x51, 0x51
	.byte 0x55, 0x15, 0x51, 0x11, 0x15, 0x91, 0x11, 0x91, 0x91, 0x99, 0x99, 0x99, 0x22, 0x22, 0x22, 0x22
	.byte 0x77, 0x18, 0x12, 0x29, 0x75, 0x18, 0x12, 0x29, 0x55, 0x51, 0x12, 0x29, 0x55, 0x51, 0x12, 0x22
	.byte 0x51, 0x51, 0x12, 0x22, 0x19, 0x51, 0x12, 0x22, 0x99, 0x51, 0x12, 0x99, 0x22, 0x11, 0x11, 0x22
	.byte 0x33, 0x33, 0x33, 0x33, 0x44, 0x44, 0x44, 0x44, 0x44, 0x44, 0x44, 0x44, 0x44, 0x44, 0x44, 0x44
	.byte 0x44, 0x44, 0x44, 0x44, 0x44, 0x44, 0x44, 0x44, 0x22, 0x22, 0x22, 0x22, 0x11, 0x11, 0x11, 0x11
	.byte 0x33, 0x33, 0x33, 0x33, 0x44, 0x44, 0x44, 0x44, 0x44, 0x44, 0x44, 0x44, 0x44, 0x44, 0x44, 0x44
	.byte 0x44, 0x44, 0x44, 0x44, 0x44, 0x44, 0x44, 0x44, 0x22, 0x22, 0x22, 0x22, 0x11, 0x11, 0x11, 0x11
	.byte 0x21, 0x12, 0x22, 0x61, 0x11, 0x11, 0x11, 0x11, 0x11, 0x21, 0x15, 0x88, 0x11, 0x21, 0x15, 0x88
	.byte 0x11, 0x21, 0x15, 0x78, 0x11, 0x21, 0x15, 0x78, 0x11, 0x21, 0x15, 0x77, 0x11, 0x21, 0x81, 0x77
	.byte 0x16, 0x22, 0x21, 0x12, 0x11, 0x11, 0x11, 0x11, 0x18, 0x15, 0x88, 0x88, 0x18, 0x15, 0x88, 0x88
	.byte 0x18, 0x15, 0x78, 0x88, 0x88, 0x81, 0x78, 0x87, 0x88, 0x81, 0x78, 0x77, 0x88, 0x81, 0x78, 0x77
	.byte 0x11, 0x21, 0x81, 0x77, 0x11, 0x21, 0x81, 0x77, 0x11, 0x21, 0x81, 0x77, 0x11, 0x21, 0x81, 0x77
	.byte 0x11, 0x21, 0x81, 0x77, 0x11, 0x21, 0x81, 0x77, 0x19, 0x21, 0x81, 0x77, 0x99, 0x21, 0x81, 0x77
	.byte 0x88, 0x81, 0x78, 0x77, 0x88, 0x81, 0x78, 0x77, 0x88, 0x81, 0x78, 0x77, 0x88, 0x81, 0x78, 0x77
	.byte 0x88, 0x81, 0x78, 0x77, 0x88, 0x81, 0x78, 0x77, 0x88, 0x81, 0x78, 0x77, 0x88, 0x81, 0x78, 0x77
	.byte 0x92, 0x21, 0x81, 0x77, 0x92, 0x21, 0x81, 0x57, 0x92, 0x21, 0x15, 0x55, 0x22, 0x21, 0x15, 0x55
	.byte 0x22, 0x21, 0x15, 0x15, 0x22, 0x21, 0x15, 0x91, 0x99, 0x21, 0x15, 0x99, 0x22, 0x11, 0x11, 0x22
	.byte 0x18, 0x15, 0x78, 0x77, 0x15, 0x15, 0x75, 0x77, 0x15, 0x15, 0x55, 0x75, 0x15, 0x15, 0x55, 0x55
	.byte 0x11, 0x15, 0x51, 0x55, 0x19, 0x11, 0x19, 0x51, 0x99, 0x99, 0x99, 0x19, 0x22, 0x22, 0x22, 0x22
	.byte 0x33, 0x33, 0x33, 0x33, 0x44, 0x44, 0x44, 0x44, 0x44, 0x44, 0x44, 0x44, 0x44, 0x44, 0x44, 0x44
	.byte 0x44, 0x44, 0x44, 0x44, 0x44, 0x44, 0x44, 0x44, 0x22, 0x22, 0x22, 0x22, 0x11, 0x11, 0x11, 0x11
	.byte 0x33, 0x33, 0x33, 0x33, 0x44, 0x44, 0x44, 0x44, 0x44, 0x44, 0x44, 0x44, 0x44, 0x44, 0x44, 0x44
	.byte 0x44, 0x44, 0x44, 0x44, 0x44, 0x44, 0x44, 0x44, 0x22, 0x22, 0x22, 0x22, 0x11, 0x11, 0x11, 0x11
	.byte 0x21, 0x12, 0x22, 0x61, 0x11, 0x11, 0x11, 0x11, 0x88, 0x51, 0x81, 0x25, 0x88, 0x18, 0x88, 0x25
	.byte 0x88, 0x18, 0x88, 0x25, 0x78, 0x18, 0x88, 0x25, 0x77, 0x18, 0x88, 0x25, 0x77, 0x18, 0x88, 0x21
	.byte 0x16, 0x22, 0x21, 0x12, 0x11, 0x11, 0x11, 0x11, 0x12, 0x11, 0x11, 0x11, 0x12, 0x11, 0x11, 0x11
	.byte 0x12, 0x11, 0x11, 0x11, 0x12, 0x11, 0x11, 0x11, 0x12, 0x11, 0x11, 0x11, 0x12, 0x11, 0x11, 0x11
	.byte 0x77, 0x18, 0x88, 0x21, 0x77, 0x18, 0x88, 0x21, 0x77, 0x18, 0x88, 0x21, 0x77, 0x18, 0x88, 0x21
	.byte 0x77, 0x18, 0x88, 0x21, 0x77, 0x18, 0x88, 0x21, 0x77, 0x51, 0x81, 0x21, 0x77, 0x51, 0x81, 0x21
	.byte 0x12, 0x11, 0x11, 0x11, 0x12, 0x11, 0x11, 0x11, 0x12, 0x11, 0x11, 0x11, 0x12, 0x11, 0x11, 0x11
	.byte 0x12, 0x11, 0x11, 0x11, 0x12, 0x91, 0x99, 0x99, 0x12, 0x99, 0x99, 0x99, 0x12, 0x29, 0x22, 0x22
	.byte 0x77, 0x51, 0x81, 0x21, 0x57, 0x51, 0x81, 0x25, 0x57, 0x51, 0x51, 0x25, 0x55, 0x11, 0x51, 0x25
	.byte 0x55, 0x91, 0x51, 0x25, 0x15, 0x99, 0x19, 0x25, 0x91, 0x99, 0x99, 0x25, 0x22, 0x22, 0x22, 0x11
	.byte 0x12, 0x22, 0x22, 0x22, 0x12, 0x22, 0x22, 0x22, 0x12, 0x22, 0x22, 0x22, 0x12, 0x22, 0x22, 0x22
	.byte 0x12, 0x22, 0x22, 0x22, 0x12, 0x22, 0x22, 0x22, 0x12, 0x99, 0x99, 0x99, 0x11, 0x22, 0x22, 0x22
	.byte 0x33, 0x33, 0x33, 0x33, 0x44, 0x44, 0x44, 0x44, 0x44, 0x44, 0x44, 0x44, 0x44, 0x44, 0x44, 0x44
	.byte 0x44, 0x44, 0x44, 0x44, 0x44, 0x44, 0x44, 0x44, 0x22, 0x22, 0x22, 0x22, 0x11, 0x11, 0x11, 0x11
	.byte 0x33, 0x33, 0x33, 0x33, 0x44, 0x44, 0x44, 0x44, 0x44, 0x44, 0x44, 0x44, 0x44, 0x44, 0x44, 0x44
	.byte 0x44, 0x44, 0x44, 0x44, 0x44, 0x44, 0x44, 0x44, 0x22, 0x22, 0x22, 0x22, 0x11, 0x11, 0x11, 0x11
	.byte 0x21, 0x12, 0x22, 0x61, 0x11, 0x11, 0x11, 0x11, 0x11, 0x11, 0x11, 0x21, 0x11, 0x11, 0x11, 0x21
	.byte 0x11, 0x11, 0x11, 0x21, 0x11, 0x11, 0x11, 0x21, 0x11, 0x11, 0x11, 0x21, 0x11, 0x11, 0x11, 0x21
	.byte 0x16, 0x22, 0x21, 0x12, 0x11, 0x11, 0x11, 0x11, 0x52, 0x18, 0x15, 0x88, 0x52, 0x88, 0x81, 0x88
	.byte 0x52, 0x88, 0x81, 0x88, 0x52, 0x88, 0x81, 0x87, 0x52, 0x88, 0x81, 0x77, 0x12, 0x88, 0x81, 0x77
	.byte 0x11, 0x11, 0x11, 0x21, 0x11, 0x11, 0x11, 0x21, 0x11, 0x11, 0x11, 0x21, 0x11, 0x11, 0x11, 0x21
	.byte 0x11, 0x11, 0x11, 0x21, 0x99, 0x99, 0x19, 0x21, 0x99, 0x99, 0x99, 0x21, 0x22, 0x22, 0x92, 0x21
	.byte 0x12, 0x88, 0x81, 0x77, 0x12, 0x88, 0x81, 0x77, 0x12, 0x88, 0x81, 0x77, 0x12, 0x88, 0x81, 0x77
	.byte 0x12, 0x88, 0x81, 0x77, 0x12, 0x88, 0x81, 0x77, 0x12, 0x18, 0x15, 0x77, 0x12, 0x18, 0x15, 0x77
	.byte 0x22, 0x22, 0x22, 0x21, 0x22, 0x22, 0x22, 0x21, 0x22, 0x22, 0x22, 0x21, 0x22, 0x22, 0x22, 0x21
	.byte 0x22, 0x22, 0x22, 0x21, 0x22, 0x22, 0x22, 0x21, 0x99, 0x99, 0x99, 0x21, 0x22, 0x22, 0x22, 0x11
	.byte 0x52, 0x18, 0x15, 0x77, 0x52, 0x15, 0x15, 0x75, 0x52, 0x15, 0x15, 0x75, 0x52, 0x15, 0x11, 0x55
	.byte 0x52, 0x15, 0x19, 0x55, 0x52, 0x91, 0x99, 0x51, 0x52, 0x99, 0x99, 0x19, 0x11, 0x22, 0x22, 0x22
	.byte 0x33, 0x33, 0x33, 0x33, 0x44, 0x44, 0x44, 0x44, 0x44, 0x44, 0x44, 0x44, 0x44, 0x44, 0x44, 0x44
	.byte 0x44, 0x44, 0x44, 0x44, 0x44, 0x44, 0x44, 0x44, 0x22, 0x22, 0x22, 0x22, 0x11, 0x11, 0x11, 0x11
	.byte 0x33, 0x33, 0x33, 0x33, 0x44, 0x44, 0x44, 0x44, 0x44, 0x44, 0x44, 0x44, 0x44, 0x44, 0x44, 0x44
	.byte 0x44, 0x44, 0x44, 0x44, 0x44, 0x44, 0x44, 0x44, 0x22, 0x22, 0x22, 0x22, 0x11, 0x11, 0x11, 0x11
	.byte 0x21, 0x12, 0x22, 0x61, 0x11, 0x11, 0x11, 0x11, 0x22, 0x11, 0x11, 0x11, 0x22, 0x11, 0x11, 0x11
	.byte 0x22, 0x11, 0x11, 0x11, 0x22, 0x11, 0x11, 0x11, 0x22, 0x11, 0x11, 0x11, 0x22, 0x11, 0x11, 0x11
	.byte 0x16, 0x22, 0x21, 0x12, 0x11, 0x11, 0x11, 0x11, 0x11, 0x11, 0x11, 0x11, 0x11, 0x11, 0x11, 0x11
	.byte 0x11, 0x11, 0x11, 0x11, 0x11, 0x11, 0x11, 0x11, 0x11, 0x11, 0x11, 0x11, 0x11, 0x11, 0x11, 0x11
	.byte 0x22, 0x11, 0x11, 0x11, 0x22, 0x11, 0x11, 0x11, 0x22, 0x11, 0x11, 0x11, 0x22, 0x11, 0x11, 0x11
	.byte 0x22, 0x11, 0x11, 0x11, 0x22, 0x91, 0x99, 0x99, 0x22, 0x91, 0x99, 0x22, 0x22, 0x91, 0x29, 0x22
	.byte 0x11, 0x11, 0x11, 0x11, 0x11, 0x11, 0x11, 0x11, 0x11, 0x11, 0x11, 0x11, 0x11, 0x11, 0x11, 0x11
	.byte 0x11, 0x11, 0x11, 0x11, 0x99, 0x99, 0x99, 0x99, 0x22, 0x22, 0x22, 0x22, 0x22, 0x22, 0x22, 0x22
	.byte 0x22, 0x91, 0x29, 0x22, 0x22, 0x91, 0x22, 0x22, 0x22, 0x91, 0x22, 0x22, 0x22, 0x21, 0x22, 0x22
	.byte 0x22, 0x21, 0x22, 0x22, 0x22, 0x21, 0x22, 0x22, 0x22, 0x91, 0x99, 0x99, 0x11, 0x21, 0x22, 0x22
	.byte 0x22, 0x22, 0x22, 0x22, 0x22, 0x22, 0x22, 0x22, 0x22, 0x22, 0x22, 0x22, 0x22, 0x22, 0x22, 0x22
	.byte 0x22, 0x22, 0x22, 0x22, 0x22, 0x22, 0x22, 0x22, 0x99, 0x99, 0x99, 0x99, 0x22, 0x22, 0x22, 0x22
	.byte 0x33, 0x33, 0x33, 0x33, 0x44, 0x44, 0x44, 0x44, 0x44, 0x44, 0x44, 0x44, 0x44, 0x44, 0x44, 0x44
	.byte 0x44, 0x44, 0x44, 0x44, 0x44, 0x44, 0x44, 0x44, 0x22, 0x22, 0x22, 0x22, 0x11, 0x11, 0x11, 0x11
	.byte 0x33, 0x33, 0x33, 0x33, 0x44, 0x44, 0x44, 0x44, 0x44, 0x44, 0x44, 0x44, 0x44, 0x44, 0x44, 0x44
	.byte 0x44, 0x44, 0x44, 0x44, 0x44, 0x44, 0x44, 0x44, 0x22, 0x22, 0x22, 0x22, 0x11, 0x11, 0x11, 0x11
	.byte 0x21, 0x12, 0x22, 0x61, 0x11, 0x11, 0x11, 0x11, 0x11, 0x11, 0x11, 0x11, 0x11, 0x11, 0x11, 0x11
	.byte 0x11, 0x11, 0x11, 0x11, 0x11, 0x11, 0x11, 0x11, 0x11, 0x11, 0x11, 0x11, 0x11, 0x11, 0x11, 0x11
	.byte 0x16, 0x22, 0x21, 0x12, 0x11, 0x11, 0x11, 0x11, 0x11, 0x11, 0x11, 0x22, 0x11, 0x11, 0x11, 0x22
	.byte 0x11, 0x11, 0x11, 0x22, 0x11, 0x11, 0x11, 0x22, 0x11, 0x11, 0x11, 0x22, 0x11, 0x11, 0x11, 0x22
	.byte 0x11, 0x11, 0x11, 0x11, 0x11, 0x11, 0x11, 0x11, 0x11, 0x11, 0x11, 0x11, 0x11, 0x11, 0x11, 0x11
	.byte 0x11, 0x11, 0x11, 0x11, 0x99, 0x99, 0x99, 0x99, 0x22, 0x22, 0x22, 0x22, 0x22, 0x22, 0x22, 0x22
	.byte 0x11, 0x11, 0x11, 0x22, 0x11, 0x11, 0x11, 0x22, 0x11, 0x11, 0x11, 0x22, 0x11, 0x11, 0x11, 0x22
	.byte 0x11, 0x11, 0x11, 0x22, 0x99, 0x99, 0x19, 0x22, 0x22, 0x99, 0x19, 0x22, 0x22, 0x92, 0x19, 0x22
	.byte 0x22, 0x22, 0x22, 0x22, 0x22, 0x22, 0x22, 0x22, 0x22, 0x22, 0x22, 0x22, 0x22, 0x22, 0x22, 0x22
	.byte 0x22, 0x22, 0x22, 0x22, 0x22, 0x22, 0x22, 0x22, 0x99, 0x99, 0x99, 0x99, 0x22, 0x22, 0x22, 0x22
	.byte 0x22, 0x92, 0x19, 0x22, 0x22, 0x22, 0x19, 0x22, 0x22, 0x22, 0x19, 0x22, 0x22, 0x22, 0x12, 0x22
	.byte 0x22, 0x22, 0x12, 0x22, 0x22, 0x22, 0x12, 0x22, 0x99, 0x99, 0x19, 0x22, 0x22, 0x22, 0x12, 0x11
	.byte 0x00, 0x00, 0x00, 0x00, 0x00, 0x00, 0x00, 0x00, 0x00, 0x00, 0x00, 0x00, 0x00, 0x00, 0x00, 0x00
	.byte 0x00, 0x00, 0x00, 0x00, 0x00, 0x00, 0x00, 0x00, 0x00, 0x00, 0x00, 0x00, 0x00, 0x00, 0x00, 0x00
	.byte 0xEE, 0xEE, 0xEE, 0xEE, 0xEE, 0xEE, 0xEE, 0xEE, 0xEE, 0xEE, 0xEE, 0xEE, 0xEE, 0xEE, 0xEE, 0xEE
	.byte 0xCC, 0xCC, 0xCC, 0xCC, 0xEE, 0xEE, 0xEE, 0xEE, 0xEE, 0xEE, 0xEE, 0xEE, 0x77, 0x77, 0x77, 0x77
	.byte 0xEE, 0xEE, 0xEE, 0xEE, 0xEE, 0xEE, 0xEE, 0xEE, 0xEE, 0xEE, 0xEE, 0xEE, 0xEE, 0xEE, 0xEE, 0xEE
	.byte 0xCC, 0xCC, 0xCC, 0xCC, 0xEE, 0xEE, 0xEE, 0xEE, 0xEE, 0xEE, 0xEE, 0xEE, 0x77, 0x77, 0x77, 0x77
	.byte 0x56, 0x55, 0x55, 0x55, 0x56, 0x55, 0x55, 0x55, 0x56, 0x55, 0x55, 0x55, 0x66, 0x66, 0x66, 0x66
	.byte 0x77, 0x77, 0x77, 0x77, 0x77, 0x77, 0xE6, 0x66, 0x77, 0x77, 0xE6, 0xA6, 0x77, 0x77, 0xE6, 0xA6
	.byte 0x55, 0x55, 0x55, 0x55, 0x55, 0x55, 0x55, 0x55, 0x55, 0x55, 0x55, 0x55, 0x66, 0x66, 0x66, 0x66
	.byte 0x77, 0x77, 0x77, 0x77, 0xE6, 0xEE, 0xEE, 0x76, 0xAA, 0x66, 0xD6, 0x76, 0xAA, 0xAA, 0xD6, 0x76
	.byte 0x77, 0x77, 0xE6, 0xA6, 0x77, 0x77, 0xE6, 0x66, 0x77, 0x77, 0x66, 0xEE, 0x77, 0x67, 0x33, 0xE6
	.byte 0x77, 0x67, 0x33, 0xE6, 0x77, 0x77, 0x66, 0xEE, 0x77, 0x77, 0xE6, 0xEE, 0x77, 0x77, 0xE6, 0xEE
	.byte 0xAA, 0xA9, 0xD6, 0x76, 0x96, 0xA9, 0xD6, 0x76, 0xDE, 0x66, 0xD6, 0x76, 0xDD, 0xDD, 0xDD, 0x76
	.byte 0xDE, 0xDD, 0xDD, 0x76, 0xEE, 0xDD, 0xDD, 0x76, 0xEE, 0xDE, 0xDD, 0x76, 0xEE, 0xEE, 0xDD, 0x76
	.byte 0x77, 0x77, 0xE6, 0xEE, 0x77, 0x77, 0x77, 0xEE, 0x77, 0x67, 0x55, 0x77, 0x77, 0x56, 0x55, 0x55
	.byte 0x67, 0x55, 0x55, 0x55, 0x77, 0x77, 0x77, 0x77, 0x77, 0x77, 0x77, 0x77, 0x55, 0x55, 0x55, 0x55
	.byte 0xEE, 0xEE, 0xDE, 0x76, 0xEE, 0xEE, 0xEE, 0x76, 0xEE, 0xEE, 0xEE, 0x76, 0x77, 0xEE, 0xEE, 0x76
	.byte 0x55, 0x77, 0xEE, 0x76, 0x77, 0x77, 0x77, 0x77, 0x77, 0x77, 0x77, 0x77, 0x55, 0x55, 0x55, 0x55
	.byte 0xEE, 0xEE, 0xEE, 0xEE, 0xEE, 0xEE, 0xEE, 0xEE, 0xEE, 0xEE, 0xEE, 0xEE, 0xEE, 0xEE, 0xEE, 0xEE
	.byte 0xCC, 0xCC, 0xCC, 0xCC, 0xEE, 0xEE, 0xEE, 0xEE, 0xEE, 0xEE, 0xEE, 0xEE, 0x77, 0x77, 0x77, 0x77
	.byte 0xEE, 0xEE, 0xEE, 0xEE, 0xEE, 0xEE, 0xEE, 0xEE, 0xEE, 0xEE, 0xEE, 0xEE, 0xEE, 0xEE, 0xEE, 0xEE
	.byte 0xCC, 0xCC, 0xCC, 0xCC, 0xEE, 0xEE, 0xEE, 0xEE, 0xEE, 0xEE, 0xEE, 0xEE, 0x77, 0x77, 0x77, 0x77
	.byte 0x56, 0x55, 0x55, 0x55, 0x56, 0x55, 0x55, 0x55, 0x56, 0x55, 0x55, 0x55, 0x66, 0x66, 0x66, 0x66
	.byte 0x77, 0x77, 0x77, 0x77, 0x77, 0x77, 0x77, 0x77, 0x77, 0x77, 0x77, 0x77, 0x77, 0x77, 0x77, 0x77
	.byte 0x55, 0x55, 0x55, 0x55, 0x55, 0x55, 0x55, 0x55, 0x55, 0x55, 0x55, 0x55, 0x66, 0x66, 0x66, 0x66
	.byte 0x77, 0x77, 0x77, 0x77, 0xE6, 0xE6, 0xEE, 0x76, 0xE6, 0x66, 0xEE, 0x76, 0xE6, 0x66, 0xE6, 0x76
	.byte 0x77, 0x77, 0x77, 0x77, 0x77, 0x77, 0x77, 0x67, 0x77, 0x77, 0x77, 0x66, 0x77, 0x77, 0x77, 0x66
	.byte 0x77, 0x77, 0x67, 0x65, 0x77, 0x77, 0x67, 0x55, 0x77, 0x77, 0x56, 0x55, 0x77, 0x77, 0x56, 0x55
	.byte 0xE6, 0x66, 0xE6, 0x76, 0xE6, 0x6E, 0xE6, 0x76, 0xE3, 0xEE, 0xE6, 0x76, 0xE3, 0xEE, 0xEE, 0x76
	.byte 0xE6, 0xEE, 0xEE, 0x76, 0xE6, 0xEE, 0xEE, 0x76, 0xE6, 0xEE, 0xEE, 0x76, 0xE6, 0xEE, 0xEE, 0x76
	.byte 0x77, 0x67, 0x55, 0x55, 0x77, 0x67, 0x55, 0x55, 0x77, 0x56, 0x55, 0x55, 0x77, 0x56, 0x55, 0x55
	.byte 0x67, 0x55, 0x55, 0x55, 0x77, 0x77, 0x77, 0x77, 0x77, 0x77, 0x77, 0x77, 0x55, 0x55, 0x55, 0x55
	.byte 0xE6, 0xEE, 0xEE, 0x76, 0x75, 0xEE, 0xEE, 0x76, 0x55, 0xE7, 0xEE, 0x76, 0x55, 0x75, 0xEE, 0x76
	.byte 0x55, 0x55, 0xE7, 0x76, 0x77, 0x77, 0x77, 0x76, 0x77, 0x77, 0x77, 0x77, 0x55, 0x55, 0x55, 0x75
	.byte 0xEE, 0xEE, 0xEE, 0xEE, 0xEE, 0xEE, 0xEE, 0xEE, 0xEE, 0xEE, 0xEE, 0xEE, 0xEE, 0xEE, 0xEE, 0xEE
	.byte 0xCC, 0xCC, 0xCC, 0xCC, 0xEE, 0xEE, 0xEE, 0xEE, 0xEE, 0xEE, 0xEE, 0xEE, 0x77, 0x77, 0x77, 0x77
	.byte 0xEE, 0xEE, 0xEE, 0xEE, 0xEE, 0xEE, 0xEE, 0xEE, 0xEE, 0xEE, 0xEE, 0xEE, 0xEE, 0xEE, 0xEE, 0xEE
	.byte 0xCC, 0xCC, 0xCC, 0xCC, 0xEE, 0xEE, 0xEE, 0xEE, 0xEE, 0xEE, 0xEE, 0xEE, 0x77, 0x77, 0x77, 0x77
	.byte 0x56, 0x55, 0x55, 0x55, 0x56, 0x55, 0x55, 0x55, 0x56, 0x55, 0x55, 0x55, 0x66, 0x66, 0x66, 0x66
	.byte 0x77, 0x77, 0x77, 0x77, 0x77, 0x77, 0x77, 0x77, 0x77, 0x77, 0x77, 0x77, 0x77, 0x77, 0x77, 0x77
	.byte 0x55, 0x55, 0x55, 0x55, 0x55, 0x55, 0x55, 0x55, 0x55, 0x55, 0x55, 0x55, 0x66, 0x66, 0x66, 0x66
	.byte 0x77, 0x77, 0x77, 0x77, 0x77, 0x77, 0x77, 0x76, 0x77, 0x77, 0x77, 0x76, 0x77, 0x77, 0x77, 0x76
	.byte 0x77, 0x77, 0x77, 0x77, 0x77, 0x77, 0x77, 0x77, 0x77, 0x77, 0x77, 0x66, 0x77, 0x77, 0x77, 0x56
	.byte 0x77, 0x77, 0x67, 0x55, 0x77, 0x77, 0x67, 0x55, 0x77, 0x77, 0x56, 0x55, 0x77, 0x77, 0x56, 0x55
	.byte 0x77, 0x77, 0x77, 0x76, 0x77, 0x77, 0x77, 0x76, 0x66, 0x66, 0x66, 0x76, 0x55, 0x55, 0x55, 0x76
	.byte 0x55, 0x55, 0x55, 0x76, 0x55, 0x55, 0x55, 0x76, 0x55, 0x55, 0x55, 0x76, 0x55, 0x55, 0x55, 0x76
	.byte 0x77, 0x67, 0x55, 0x55, 0x77, 0x67, 0x55, 0x55, 0x77, 0x56, 0x55, 0x55, 0x77, 0x56, 0x55, 0x55
	.byte 0x67, 0x55, 0x55, 0x55, 0x77, 0x77, 0x77, 0x77, 0x77, 0x77, 0x77, 0x77, 0x55, 0x55, 0x55, 0x55
	.byte 0x55, 0x55, 0x55, 0x76, 0x55, 0x55, 0x55, 0x76, 0x55, 0x55, 0x55, 0x76, 0x55, 0x55, 0x55, 0x76
	.byte 0x55, 0x55, 0x55, 0x76, 0x77, 0x77, 0x77, 0x76, 0x77, 0x77, 0x77, 0x77, 0x55, 0x55, 0x55, 0x55
	.byte 0x00, 0x00, 0x00, 0x00, 0x00, 0x00, 0x00, 0x00, 0x00, 0x00, 0x00, 0x00, 0x00, 0x00, 0x00, 0x00
	.byte 0x00, 0x00, 0x00, 0x00, 0x00, 0x00, 0x00, 0x00, 0x00, 0x00, 0x00, 0x00, 0x00, 0x00, 0x00, 0x00
	.byte 0xEE, 0xEE, 0xEE, 0xEE, 0xEE, 0xEE, 0xEE, 0xEE, 0xEE, 0xEE, 0xEE, 0xEE, 0xEE, 0xEE, 0xEE, 0xEE
	.byte 0xCC, 0xCC, 0xCC, 0xCC, 0xEE, 0xEE, 0xEE, 0xEE, 0xEE, 0xEE, 0xEE, 0xEE, 0x77, 0x77, 0x77, 0x77
	.byte 0xEE, 0xEE, 0xEE, 0xEE, 0xEE, 0xEE, 0xEE, 0xEE, 0xEE, 0xEE, 0xEE, 0xEE, 0xEE, 0xEE, 0xEE, 0xEE
	.byte 0xCC, 0xCC, 0xCC, 0xCC, 0xEE, 0xEE, 0xEE, 0xEE, 0xEE, 0xEE, 0xEE, 0xEE, 0x77, 0x77, 0x77, 0x77
	.byte 0xDD, 0xDD, 0xDD, 0xDD, 0xCC, 0xCC, 0xCC, 0xCC, 0xCC, 0xCC, 0xCC, 0xCC, 0xCC, 0xCC, 0xCC, 0xCC
	.byte 0x66, 0x66, 0x66, 0x66, 0xEE, 0xEE, 0xEE, 0xEE, 0xEE, 0xEE, 0xEE, 0xEE, 0x77, 0x77, 0x77, 0x77
	.byte 0xDD, 0xDD, 0xDD, 0xDD, 0xCC, 0xCC, 0xCC, 0xCC, 0xCC, 0xCC, 0xCC, 0xCC, 0xCC, 0xCC, 0xCC, 0xCC
	.byte 0x66, 0x66, 0x66, 0x66, 0xEE, 0xEE, 0xEE, 0xEE, 0xEE, 0xEE, 0xEE, 0xEE, 0x77, 0x77, 0x77, 0x77
	.byte 0x77, 0x77, 0x77, 0x77, 0x77, 0x77, 0x77, 0x77, 0x77, 0x77, 0x77, 0x66, 0x77, 0x77, 0x77, 0x56
	.byte 0x77, 0x77, 0x67, 0x55, 0x77, 0x77, 0x67, 0x55, 0x77, 0x77, 0x56, 0x55, 0x77, 0x77, 0x56, 0x55
	.byte 0xA7, 0xAA, 0xAA, 0x7A, 0xA7, 0xAA, 0xAA, 0x7A, 0xA7, 0xAA, 0xAA, 0x7A, 0xA7, 0xAA, 0xAA, 0x7A
	.byte 0xA7, 0xAA, 0xAA, 0x7A, 0xA7, 0xAA, 0xAA, 0x7A, 0xA7, 0xAA, 0xAA, 0x7A, 0xA7, 0xAA, 0xAA, 0x7A
	.byte 0x77, 0x67, 0x55, 0x55, 0x77, 0x67, 0x55, 0x55, 0x77, 0x56, 0x55, 0x55, 0x77, 0x56, 0x55, 0x55
	.byte 0x67, 0x55, 0x55, 0x55, 0x77, 0x77, 0x77, 0x77, 0x77, 0x77, 0x77, 0x77, 0x55, 0x55, 0x55, 0x55
	.byte 0x47, 0x44, 0x44, 0x74, 0x47, 0x44, 0x44, 0x74, 0x37, 0x33, 0x33, 0x73, 0x37, 0x33, 0x33, 0x73
	.byte 0x27, 0x22, 0x22, 0x72, 0x77, 0x77, 0x77, 0x77, 0x77, 0x77, 0x77, 0x77, 0x55, 0x55, 0x55, 0x55
	.byte 0xEE, 0xEE, 0xEE, 0xEE, 0xEE, 0xEE, 0xEE, 0xEE, 0xEE, 0xEE, 0xEE, 0xEE, 0xEE, 0xEE, 0xEE, 0xEE
	.byte 0xCC, 0xCC, 0xCC, 0xCC, 0xEE, 0xEE, 0xEE, 0xEE, 0xEE, 0xEE, 0xEE, 0xEE, 0x77, 0x77, 0x77, 0x77
	.byte 0xEE, 0xEE, 0xEE, 0xEE, 0xEE, 0xEE, 0xEE, 0xEE, 0xEE, 0xEE, 0xEE, 0xEE, 0xEE, 0xEE, 0xEE, 0xEE
	.byte 0xCC, 0xCC, 0xCC, 0xCC, 0xEE, 0xEE, 0xEE, 0xEE, 0xEE, 0xEE, 0xEE, 0xEE, 0x77, 0x77, 0x77, 0x77
	.byte 0xDD, 0xDD, 0xDD, 0xDD, 0xCC, 0xCC, 0xCC, 0xCC, 0xCC, 0xCC, 0xCC, 0xCC, 0xCC, 0xCC, 0xCC, 0xCC
	.byte 0x66, 0x66, 0x66, 0x66, 0xEE, 0xEE, 0xEE, 0xEE, 0xEE, 0xEE, 0xEE, 0xEE, 0x77, 0x77, 0x77, 0x77
	.byte 0xDD, 0xDD, 0xDD, 0xDD, 0xCC, 0xCC, 0xCC, 0xCC, 0xCC, 0xCC, 0xCC, 0xCC, 0xCC, 0xCC, 0xCC, 0xCC
	.byte 0x66, 0x66, 0x66, 0x66, 0xEE, 0xEE, 0xEE, 0xEE, 0xEE, 0xEE, 0xEE, 0xEE, 0x77, 0x77, 0x77, 0x77
	.byte 0x77, 0x77, 0x77, 0x77, 0x77, 0x77, 0x77, 0x77, 0x77, 0x77, 0x77, 0x66, 0x77, 0x77, 0x77, 0x56
	.byte 0x77, 0x77, 0x67, 0x55, 0x77, 0x77, 0x67, 0x55, 0x77, 0x77, 0x56, 0x55, 0x77, 0x77, 0x56, 0x55
	.byte 0x77, 0x77, 0xAA, 0x7A, 0x77, 0x77, 0xAA, 0x7A, 0x66, 0x76, 0xAA, 0x7A, 0x55, 0x75, 0xAA, 0x7A
	.byte 0x55, 0x75, 0xAA, 0x7A, 0x55, 0x75, 0xAA, 0x7A, 0x55, 0x75, 0xAA, 0x7A, 0x55, 0x75, 0xAA, 0x7A
	.byte 0x77, 0x67, 0x55, 0x55, 0x77, 0x67, 0x55, 0x55, 0x77, 0x56, 0x55, 0x55, 0x77, 0x56, 0x55, 0x55
	.byte 0x67, 0x55, 0x55, 0x55, 0x77, 0x77, 0x77, 0x77, 0x77, 0x77, 0x77, 0x77, 0x55, 0x55, 0x55, 0x55
	.byte 0x55, 0x75, 0x44, 0x74, 0x55, 0x75, 0x44, 0x74, 0x55, 0x75, 0x33, 0x73, 0x55, 0x75, 0x33, 0x73
	.byte 0x55, 0x75, 0x22, 0x72, 0x77, 0x77, 0x77, 0x77, 0x77, 0x77, 0x77, 0x77, 0x55, 0x55, 0x55, 0x55
	.byte 0xEE, 0xEE, 0xEE, 0xEE, 0xEE, 0xEE, 0xEE, 0xEE, 0xEE, 0xEE, 0xEE, 0xEE, 0xEE, 0xEE, 0xEE, 0xEE
	.byte 0xCC, 0xCC, 0xCC, 0xCC, 0xEE, 0xEE, 0xEE, 0xEE, 0xEE, 0xEE, 0xEE, 0xEE, 0x77, 0x77, 0x77, 0x77
	.byte 0xEE, 0xEE, 0xEE, 0xEE, 0xEE, 0xEE, 0xEE, 0xEE, 0xEE, 0xEE, 0xEE, 0xEE, 0xEE, 0xEE, 0xEE, 0xEE
	.byte 0xCC, 0xCC, 0xCC, 0xCC, 0xEE, 0xEE, 0xEE, 0xEE, 0xEE, 0xEE, 0xEE, 0xEE, 0x77, 0x77, 0x77, 0x77
	.byte 0xDD, 0xDD, 0xDD, 0xDD, 0xCC, 0xCC, 0xCC, 0xCC, 0xCC, 0xCC, 0xCC, 0xCC, 0xCC, 0xCC, 0xCC, 0xCC
	.byte 0x66, 0x66, 0x66, 0x66, 0xEE, 0xEE, 0xEE, 0xEE, 0xEE, 0xEE, 0xEE, 0xEE, 0x77, 0x77, 0x77, 0x77
	.byte 0xDD, 0xDD, 0xDD, 0xDD, 0xCC, 0xCC, 0xCC, 0xCC, 0xCC, 0xCC, 0xCC, 0xCC, 0xCC, 0xCC, 0xCC, 0xCC
	.byte 0x66, 0x66, 0x66, 0x66, 0xEE, 0xEE, 0xEE, 0xEE, 0xEE, 0xEE, 0xEE, 0xEE, 0x77, 0x77, 0x77, 0x77
	.byte 0x77, 0x77, 0x77, 0x77, 0x77, 0x77, 0x77, 0x77, 0x77, 0x77, 0x77, 0x66, 0x77, 0x77, 0x77, 0x56
	.byte 0x77, 0x77, 0x67, 0x55, 0x77, 0x77, 0x67, 0x55, 0x77, 0x77, 0x56, 0x55, 0x77, 0x77, 0x56, 0x55
	.byte 0x77, 0x77, 0x77, 0x77, 0x77, 0x77, 0x77, 0x77, 0x66, 0x66, 0x66, 0x76, 0x55, 0x55, 0x55, 0x75
	.byte 0x55, 0x55, 0x55, 0x75, 0x55, 0x55, 0x55, 0x75, 0x55, 0x55, 0x55, 0x75, 0x55, 0x55, 0x55, 0x75
	.byte 0x77, 0x67, 0x55, 0x55, 0x77, 0x67, 0x55, 0x55, 0x77, 0x56, 0x55, 0x55, 0x77, 0x56, 0x55, 0x55
	.byte 0x67, 0x55, 0x55, 0x55, 0x77, 0x77, 0x77, 0x77, 0x77, 0x77, 0x77, 0x77, 0x55, 0x55, 0x55, 0x55
	.byte 0x55, 0x55, 0x55, 0x75, 0x55, 0x55, 0x55, 0x75, 0x55, 0x55, 0x55, 0x75, 0x55, 0x55, 0x55, 0x75
	.byte 0x55, 0x55, 0x55, 0x75, 0x77, 0x77, 0x77, 0x77, 0x77, 0x77, 0x77, 0x77, 0x55, 0x55, 0x55, 0x55
	.byte 0x00, 0x00, 0x00, 0x00, 0x00, 0x00, 0x00, 0x00, 0x00, 0x00, 0x00, 0x00, 0x00, 0x00, 0x00, 0x00
	.byte 0x00, 0x00, 0x00, 0x00, 0x00, 0x00, 0x00, 0x00, 0x00, 0x00, 0x00, 0x00, 0x00, 0x00, 0x00, 0x00
	.byte 0x22, 0x22, 0x22, 0x22, 0x22, 0x22, 0x22, 0x22, 0x11, 0x11, 0x11, 0x11, 0x22, 0x22, 0xFC, 0x44
	.byte 0x22, 0x22, 0xEC, 0x4F, 0x22, 0x22, 0xC2, 0xFE, 0x22, 0x22, 0x22, 0xCC, 0x22, 0x22, 0x22, 0x22
	.byte 0x22, 0x22, 0x22, 0x22, 0x22, 0x22, 0x22, 0x22, 0x11, 0x11, 0x11, 0x11, 0x44, 0xCF, 0x22, 0x22
	.byte 0xF4, 0xCE, 0x22, 0x22, 0xEF, 0x2C, 0x22, 0x22, 0xCC, 0x22, 0x22, 0x22, 0x22, 0x22, 0x22, 0x22
	.byte 0x33, 0x33, 0x33, 0x11, 0x11, 0x11, 0x11, 0x11, 0x99, 0x99, 0x19, 0x11, 0x99, 0x99, 0x19, 0x11
	.byte 0x99, 0x99, 0x19, 0x11, 0x99, 0x99, 0x19, 0x11, 0xAA, 0xAA, 0x2A, 0x11, 0xAA, 0xAA, 0x2A, 0x11
	.byte 0x11, 0x33, 0x33, 0x33, 0x11, 0x11, 0x11, 0x11, 0x11, 0x91, 0x99, 0x99, 0x11, 0x91, 0x99, 0x99
	.byte 0x11, 0x91, 0x99, 0x99, 0x11, 0x91, 0x99, 0x99, 0x11, 0xA2, 0xAA, 0xAA, 0x11, 0xA2, 0xAA, 0xAA
	.byte 0xBB, 0xBB, 0x2B, 0x11, 0xBB, 0xBB, 0x2B, 0x11, 0xBB, 0xBB, 0x1B, 0x11, 0xBB, 0xBB, 0x21, 0x11
	.byte 0xBB, 0xBB, 0x21, 0x11, 0xBB, 0xBB, 0x21, 0x11, 0xBB, 0xBB, 0x1B, 0x21, 0xBB, 0xBB, 0x1B, 0x22
	.byte 0x11, 0xB2, 0xBB, 0xBB, 0x11, 0xB2, 0xBB, 0xBB, 0x11, 0xB1, 0xBB, 0xBB, 0x11, 0x12, 0xBB, 0xBB
	.byte 0x11, 0x12, 0xBB, 0xBB, 0x11, 0x12, 0xBB, 0xBB, 0x12, 0xB1, 0xBB, 0xBB, 0x22, 0xB1, 0xBB, 0xBB
	.byte 0x99, 0x99, 0x19, 0x22, 0x99, 0x99, 0x29, 0x22, 0xAA, 0xAA, 0x2A, 0x22, 0xAA, 0xAA, 0x2A, 0x22
	.byte 0x99, 0x99, 0x19, 0x22, 0x11, 0x11, 0x11, 0x22, 0x11, 0x11, 0x11, 0x22, 0x33, 0x33, 0x33, 0x33
	.byte 0x22, 0x91, 0x99, 0x99, 0x22, 0x92, 0x99, 0x99, 0x22, 0xA2, 0xAA, 0xAA, 0x22, 0xA2, 0xAA, 0xAA
	.byte 0x22, 0x91, 0x99, 0x99, 0x22, 0x11, 0x11, 0x11, 0x22, 0x11, 0x11, 0x11, 0x33, 0x33, 0x33, 0x33
	.byte 0x22, 0x22, 0x22, 0x22, 0x22, 0x22, 0x22, 0x22, 0x11, 0x11, 0x11, 0x11, 0x22, 0x22, 0xFC, 0x44
	.byte 0x22, 0x22, 0xEC, 0x4F, 0x22, 0x22, 0xC2, 0xFE, 0x22, 0x22, 0x22, 0xCC, 0x22, 0x22, 0x22, 0x22
	.byte 0x22, 0x22, 0x22, 0x22, 0x22, 0x22, 0x22, 0x22, 0x11, 0x11, 0x11, 0x11, 0x44, 0xCF, 0x22, 0x22
	.byte 0xF4, 0xCE, 0x22, 0x22, 0xEF, 0x2C, 0x22, 0x22, 0xCC, 0x22, 0x22, 0x22, 0x22, 0x22, 0x22, 0x22
	.byte 0x33, 0x33, 0x11, 0x11, 0x11, 0x11, 0x11, 0x11, 0x99, 0x19, 0x11, 0x11, 0x99, 0x19, 0x11, 0x11
	.byte 0x99, 0x19, 0x11, 0x11, 0x99, 0x19, 0x11, 0x11, 0xAA, 0x2A, 0x11, 0x11, 0xAA, 0x2A, 0x11, 0x11
	.byte 0x11, 0x11, 0x33, 0x33, 0x11, 0x11, 0x11, 0x11, 0x11, 0x11, 0x91, 0x99, 0x11, 0x11, 0x91, 0x99
	.byte 0x11, 0x11, 0x91, 0x99, 0x11, 0x11, 0x91, 0x99, 0x11, 0x11, 0xA2, 0xAA, 0x11, 0x11, 0xA2, 0xAA
	.byte 0xBB, 0x2B, 0x11, 0x11, 0xBB, 0x2B, 0x11, 0x11, 0xBB, 0x1B, 0x11, 0x11, 0xBB, 0x21, 0x11, 0x11
	.byte 0xBB, 0x21, 0x11, 0x11, 0xBB, 0x21, 0x11, 0x11, 0xBB, 0x1B, 0x11, 0x22, 0xBB, 0x1B, 0x21, 0x22
	.byte 0x11, 0x11, 0xB2, 0xBB, 0x11, 0x11, 0xB2, 0xBB, 0x11, 0x11, 0xB1, 0xBB, 0x11, 0x11, 0x12, 0xBB
	.byte 0x11, 0x11, 0x12, 0xBB, 0x11, 0x11, 0x12, 0xBB, 0x22, 0x11, 0xB1, 0xBB, 0x22, 0x12, 0xB1, 0xBB
	.byte 0x99, 0x19, 0x21, 0x22, 0x99, 0x29, 0x22, 0x22, 0xAA, 0x2A, 0x22, 0x22, 0xAA, 0x2A, 0x22, 0x22
	.byte 0x99, 0x19, 0x22, 0x22, 0x11, 0x11, 0x22, 0x22, 0x11, 0x11, 0x22, 0x22, 0x33, 0x33, 0x33, 0x33
	.byte 0x22, 0x12, 0x91, 0x99, 0x22, 0x22, 0x92, 0x99, 0x22, 0x22, 0xA2, 0xAA, 0x22, 0x22, 0xA2, 0xAA
	.byte 0x22, 0x22, 0x91, 0x99, 0x22, 0x22, 0x11, 0x11, 0x22, 0x22, 0x11, 0x11, 0x33, 0x33, 0x33, 0x33
	.byte 0x22, 0x22, 0x22, 0x22, 0x22, 0x22, 0x22, 0x22, 0x11, 0x11, 0x11, 0x11, 0x22, 0x22, 0xFC, 0x44
	.byte 0x22, 0x22, 0xEC, 0x4F, 0x22, 0x22, 0xC2, 0xFE, 0x22, 0x22, 0x22, 0xCC, 0x22, 0x22, 0x22, 0x22
	.byte 0x22, 0x22, 0x22, 0x22, 0x22, 0x22, 0x22, 0x22, 0x11, 0x11, 0x11, 0x11, 0x44, 0xCF, 0x22, 0x22
	.byte 0xF4, 0xCE, 0x22, 0x22, 0xEF, 0x2C, 0x22, 0x22, 0xCC, 0x22, 0x22, 0x22, 0x22, 0x22, 0x22, 0x22
	.byte 0x33, 0x11, 0x11, 0x11, 0x11, 0x11, 0x11, 0x11, 0x19, 0x11, 0x11, 0x11, 0x19, 0x11, 0x11, 0x11
	.byte 0x19, 0x11, 0x11, 0x11, 0x19, 0x11, 0x11, 0x11, 0x2A, 0x11, 0x11, 0x11, 0x2A, 0x11, 0x11, 0x11
	.byte 0x11, 0x11, 0x11, 0x33, 0x11, 0x11, 0x11, 0x11, 0x11, 0x11, 0x11, 0x91, 0x11, 0x11, 0x11, 0x91
	.byte 0x11, 0x11, 0x11, 0x91, 0x11, 0x11, 0x11, 0x91, 0x11, 0x11, 0x11, 0xA2, 0x11, 0x11, 0x11, 0xA2
	.byte 0x2B, 0x11, 0x11, 0x11, 0x2B, 0x11, 0x11, 0x11, 0x1B, 0x11, 0x11, 0x11, 0x21, 0x11, 0x11, 0x11
	.byte 0x21, 0x11, 0x11, 0x11, 0x21, 0x11, 0x11, 0x11, 0x1B, 0x11, 0x21, 0x22, 0x1B, 0x11, 0x22, 0x22
	.byte 0x11, 0x11, 0x11, 0xB2, 0x11, 0x11, 0x11, 0xB2, 0x11, 0x11, 0x11, 0xB1, 0x11, 0x11, 0x11, 0x12
	.byte 0x11, 0x11, 0x11, 0x12, 0x11, 0x11, 0x11, 0x12, 0x22, 0x12, 0x11, 0xB1, 0x22, 0x22, 0x11, 0xB1
	.byte 0x19, 0x11, 0x22, 0x22, 0x29, 0x21, 0x22, 0x22, 0x2A, 0x21, 0x22, 0x22, 0x2A, 0x22, 0x22, 0x22
	.byte 0x19, 0x22, 0x22, 0x22, 0x11, 0x22, 0x22, 0x22, 0x77, 0x22, 0x22, 0x22, 0x77, 0x22, 0x22, 0x22
	.byte 0x22, 0x22, 0x11, 0x91, 0x22, 0x22, 0x12, 0x92, 0x22, 0x22, 0x12, 0xA2, 0x22, 0x22, 0x22, 0xA2
	.byte 0x22, 0x22, 0x22, 0x91, 0x22, 0x22, 0x22, 0x11, 0x22, 0x22, 0x22, 0x77, 0x22, 0x22, 0x22, 0x77
	.byte 0x00, 0x00, 0x00, 0x00, 0x00, 0x00, 0x00, 0x00, 0x00, 0x00, 0x00, 0x00, 0x00, 0x00, 0x00, 0x00
	.byte 0x00, 0x00, 0x00, 0x00, 0x00, 0x00, 0x00, 0x00, 0x00, 0x00, 0x00, 0x00, 0x00, 0x00, 0x00, 0x00
	.byte 0x66, 0x66, 0x66, 0x66, 0x11, 0x11, 0x11, 0x11, 0x55, 0x55, 0x55, 0x55, 0x33, 0x33, 0x33, 0x33
	.byte 0x33, 0x33, 0x33, 0x33, 0x33, 0x33, 0x33, 0x33, 0x33, 0x33, 0x33, 0x33, 0x55, 0x55, 0x55, 0x55
	.byte 0x66, 0x66, 0x66, 0x66, 0x11, 0x11, 0x11, 0x11, 0x55, 0x55, 0x55, 0x55, 0x33, 0x33, 0x33, 0x33
	.byte 0x33, 0x33, 0x33, 0x33, 0x33, 0x33, 0x33, 0x33, 0x33, 0x33, 0x33, 0x33, 0x55, 0x55, 0x55, 0x55
	.byte 0x66, 0x66, 0x66, 0x66, 0x77, 0x77, 0x77, 0x77, 0xAA, 0xAA, 0xAA, 0x7A, 0xAA, 0xAA, 0xAA, 0x6A
	.byte 0xAA, 0xAA, 0xAA, 0x6A, 0xAA, 0xAA, 0xAA, 0x6A, 0x9A, 0x99, 0x99, 0x69, 0x99, 0x99, 0x99, 0x69
	.byte 0x66, 0x66, 0x66, 0x66, 0x77, 0x77, 0x77, 0x77, 0xA7, 0xAA, 0xAA, 0xAA, 0xA6, 0xAA, 0xAA, 0xAA
	.byte 0xA6, 0xAA, 0xAA, 0xAA, 0xA6, 0xAA, 0xAA, 0xAA, 0x96, 0x99, 0x99, 0xA9, 0x96, 0x99, 0x99, 0x99
	.byte 0x9A, 0x99, 0x99, 0x59, 0x99, 0x99, 0x99, 0x59, 0xDD, 0xDD, 0x9D, 0x59, 0xDD, 0x1D, 0xD1, 0x19
	.byte 0xDD, 0x1D, 0xD1, 0x69, 0xDD, 0xDD, 0x9D, 0x59, 0xAA, 0xAA, 0x99, 0x59, 0x99, 0x99, 0x99, 0x59
	.byte 0x95, 0x99, 0x99, 0xA9, 0x95, 0x99, 0x99, 0x99, 0x95, 0xD9, 0xDD, 0xDD, 0x91, 0x1D, 0xD1, 0xDD
	.byte 0x96, 0x1D, 0xD1, 0xDD, 0x95, 0xD9, 0xDD, 0xDD, 0x95, 0x99, 0xAA, 0xAA, 0x95, 0x99, 0x99, 0x99
	.byte 0x99, 0x99, 0x99, 0x69, 0x99, 0x99, 0x99, 0x69, 0x99, 0x99, 0x99, 0x69, 0x99, 0x99, 0x99, 0x69
	.byte 0x99, 0x99, 0x99, 0x69, 0xAA, 0xAA, 0xAA, 0x6A, 0x77, 0x77, 0x77, 0x77, 0x55, 0x55, 0x55, 0x55
	.byte 0x96, 0x99, 0x99, 0x99, 0x96, 0x99, 0x99, 0x99, 0x96, 0x99, 0x99, 0x99, 0x96, 0x99, 0x99, 0x99
	.byte 0x96, 0x99, 0x99, 0x99, 0xA6, 0xAA, 0xAA, 0xAA, 0x77, 0x77, 0x77, 0x77, 0x55, 0x55, 0x55, 0x55
	.byte 0x66, 0x66, 0x66, 0x66, 0x11, 0x11, 0x11, 0x11, 0x55, 0x55, 0x55, 0x55, 0x33, 0x33, 0x33, 0x33
	.byte 0x33, 0x33, 0x33, 0x33, 0x33, 0x33, 0x33, 0x33, 0x33, 0x33, 0x33, 0x33, 0x55, 0x55, 0x55, 0x55
	.byte 0x66, 0x66, 0x66, 0x66, 0x11, 0x11, 0x11, 0x11, 0x55, 0x55, 0x55, 0x55, 0x33, 0x33, 0x33, 0x33
	.byte 0x33, 0x33, 0x33, 0x33, 0x33, 0x33, 0x33, 0x33, 0x33, 0x33, 0x33, 0x33, 0x55, 0x55, 0x55, 0x55
	.byte 0x66, 0x66, 0x66, 0x66, 0x77, 0x77, 0x77, 0x77, 0xAA, 0xAA, 0x7A, 0x77, 0xAA, 0xAA, 0x6A, 0x77
	.byte 0xAA, 0xAA, 0x6A, 0x77, 0xAA, 0xAA, 0x6A, 0x77, 0xAA, 0x9A, 0x69, 0x77, 0xAA, 0x99, 0x59, 0x77
	.byte 0x66, 0x66, 0x66, 0x66, 0x77, 0x77, 0x77, 0x77, 0x77, 0xA7, 0xAA, 0xAA, 0x77, 0xA6, 0xAA, 0xAA
	.byte 0x77, 0xA6, 0xAA, 0xAA, 0x77, 0xA6, 0xAA, 0xAA, 0x77, 0x96, 0xA9, 0xAA, 0x77, 0x95, 0x99, 0xAA
	.byte 0x99, 0x99, 0x59, 0x77, 0x99, 0x99, 0x59, 0x67, 0xDD, 0x9D, 0x59, 0x67, 0x1D, 0xD1, 0x19, 0x67
	.byte 0x1D, 0xD1, 0x69, 0x67, 0xDD, 0x9D, 0x59, 0x66, 0xAA, 0x99, 0x59, 0x56, 0x99, 0x99, 0x59, 0x56
	.byte 0x77, 0x95, 0x99, 0x99, 0x76, 0x95, 0x99, 0x99, 0x76, 0x95, 0xD9, 0xDD, 0x76, 0x91, 0x1D, 0xD1
	.byte 0x76, 0x96, 0x1D, 0xD1, 0x66, 0x95, 0xD9, 0xDD, 0x65, 0x95, 0x99, 0xAA, 0x65, 0x95, 0x99, 0x99
	.byte 0x99, 0x99, 0x59, 0x56, 0x99, 0x99, 0x59, 0x56, 0x99, 0x99, 0x59, 0x56, 0x99, 0x99, 0x69, 0x55
	.byte 0x99, 0x99, 0x69, 0x55, 0xAA, 0xAA, 0x6A, 0x66, 0x77, 0x77, 0x57, 0x55, 0x55, 0x55, 0x55, 0x55
	.byte 0x65, 0x95, 0x99, 0x99, 0x65, 0x95, 0x99, 0x99, 0x65, 0x95, 0x99, 0x99, 0x55, 0x96, 0x99, 0x99
	.byte 0x55, 0x96, 0x99, 0x99, 0x66, 0xA6, 0xAA, 0xAA, 0x55, 0x75, 0x77, 0x77, 0x55, 0x55, 0x55, 0x55
	.byte 0x66, 0x66, 0x66, 0x66, 0x11, 0x11, 0x11, 0x11, 0x55, 0x55, 0x55, 0x55, 0x33, 0x33, 0x33, 0x33
	.byte 0x33, 0x33, 0x33, 0x33, 0x33, 0x33, 0x33, 0x33, 0x33, 0x33, 0x33, 0x33, 0x55, 0x55, 0x55, 0x55
	.byte 0x66, 0x66, 0x66, 0x66, 0x11, 0x11, 0x11, 0x11, 0x55, 0x55, 0x55, 0x55, 0x33, 0x33, 0x33, 0x33
	.byte 0x33, 0x33, 0x33, 0x33, 0x33, 0x33, 0x33, 0x33, 0x33, 0x33, 0x33, 0x33, 0x55, 0x55, 0x55, 0x55
	.byte 0x66, 0x66, 0x66, 0x66, 0x77, 0x77, 0x77, 0x77, 0xAA, 0x77, 0x77, 0x77, 0xAA, 0x77, 0x77, 0x77
	.byte 0xAA, 0x77, 0x77, 0x77, 0xAA, 0x77, 0x77, 0x77, 0xAA, 0x77, 0x77, 0x77, 0xAA, 0x77, 0x77, 0x77
	.byte 0x66, 0x66, 0x66, 0x66, 0x77, 0x77, 0x77, 0x77, 0x77, 0x77, 0x77, 0xAA, 0x77, 0x77, 0x77, 0xAA
	.byte 0x77, 0x77, 0x77, 0xAA, 0x77, 0x77, 0x77, 0xAA, 0x77, 0x77, 0x77, 0xAA, 0x77, 0x77, 0x77, 0xAA
	.byte 0x99, 0x77, 0x77, 0x77, 0x99, 0x77, 0x77, 0x66, 0x99, 0x77, 0x67, 0x55, 0x9D, 0x77, 0x66, 0x55
	.byte 0x9D, 0x67, 0x66, 0x55, 0x99, 0x67, 0x56, 0x55, 0x99, 0x67, 0x56, 0x55, 0x99, 0x67, 0x56, 0x55
	.byte 0x77, 0x77, 0x77, 0x99, 0x66, 0x77, 0x77, 0x99, 0x55, 0x76, 0x77, 0x99, 0x55, 0x66, 0x77, 0xD9
	.byte 0x55, 0x66, 0x76, 0xD9, 0x55, 0x65, 0x76, 0x99, 0x55, 0x65, 0x76, 0x99, 0x55, 0x65, 0x76, 0x99
	.byte 0x99, 0x67, 0x56, 0x55, 0x99, 0x67, 0x55, 0x55, 0x99, 0x67, 0x55, 0x55, 0x99, 0x67, 0x55, 0x55
	.byte 0x99, 0x67, 0x55, 0x55, 0xAA, 0x67, 0x66, 0x66, 0x77, 0x77, 0x77, 0x77, 0x55, 0x55, 0x55, 0x55
	.byte 0x55, 0x65, 0x76, 0x99, 0x55, 0x55, 0x76, 0x99, 0x55, 0x55, 0x76, 0x99, 0x55, 0x55, 0x76, 0x99
	.byte 0x55, 0x55, 0x76, 0x99, 0x66, 0x66, 0x76, 0xAA, 0x77, 0x77, 0x77, 0x77, 0x55, 0x55, 0x55, 0x55
	.byte 0x66, 0x66, 0x66, 0x66, 0x11, 0x11, 0x11, 0x11, 0x55, 0x55, 0x55, 0x55, 0x33, 0x33, 0x33, 0x33
	.byte 0x33, 0x33, 0x33, 0x33, 0x33, 0x33, 0x33, 0x33, 0x33, 0x33, 0x33, 0x33, 0x55, 0x55, 0x55, 0x55
	.byte 0x66, 0x66, 0x66, 0x66, 0x11, 0x11, 0x11, 0x11, 0x55, 0x55, 0x55, 0x55, 0x33, 0x33, 0x33, 0x33
	.byte 0x33, 0x33, 0x33, 0x33, 0x33, 0x33, 0x33, 0x33, 0x33, 0x33, 0x33, 0x33, 0x55, 0x55, 0x55, 0x55
	.byte 0x66, 0x66, 0x66, 0x66, 0x77, 0x77, 0x77, 0x77, 0x79, 0x77, 0x77, 0x77, 0x79, 0x77, 0x77, 0x77
	.byte 0x79, 0x77, 0x77, 0x77, 0x79, 0x77, 0x77, 0x77, 0x79, 0x77, 0x77, 0x77, 0x79, 0x77, 0x77, 0x77
	.byte 0x66, 0x66, 0x66, 0x66, 0x77, 0x77, 0x77, 0x77, 0x77, 0x77, 0x77, 0x97, 0x77, 0x77, 0x77, 0x97
	.byte 0x77, 0x77, 0x77, 0x97, 0x77, 0x77, 0x77, 0x97, 0x77, 0x77, 0x77, 0x97, 0x77, 0x77, 0x77, 0x97
	.byte 0x79, 0x67, 0x66, 0x66, 0x79, 0x66, 0x66, 0x66, 0x69, 0x66, 0x55, 0x55, 0x69, 0x66, 0x55, 0x55
	.byte 0x69, 0x66, 0x55, 0x55, 0x69, 0x56, 0x55, 0x55, 0x69, 0x56, 0x55, 0x55, 0x69, 0x56, 0x55, 0x55
	.byte 0x66, 0x66, 0x76, 0x97, 0x66, 0x66, 0x66, 0x97, 0x55, 0x55, 0x66, 0x96, 0x55, 0x55, 0x66, 0x96
	.byte 0x55, 0x55, 0x66, 0x96, 0x55, 0x55, 0x65, 0x96, 0x55, 0x55, 0x65, 0x96, 0x55, 0x55, 0x65, 0x96
	.byte 0x69, 0x55, 0x55, 0x55, 0x69, 0x55, 0x55, 0x55, 0x69, 0x55, 0x55, 0x55, 0x69, 0x55, 0x55, 0x55
	.byte 0x69, 0x55, 0x55, 0x55, 0x69, 0x66, 0x66, 0x66, 0x77, 0x77, 0x77, 0x77, 0x56, 0x55, 0x55, 0x55
	.byte 0x55, 0x55, 0x55, 0x96, 0x55, 0x55, 0x55, 0x96, 0x55, 0x55, 0x55, 0x96, 0x55, 0x55, 0x55, 0x96
	.byte 0x55, 0x55, 0x55, 0x96, 0x66, 0x66, 0x66, 0x96, 0x77, 0x77, 0x77, 0x77, 0x55, 0x55, 0x55, 0x65
	.byte 0x00, 0x00, 0x00, 0x00, 0x00, 0x00, 0x00, 0x00, 0x00, 0x00, 0x00, 0x00, 0x00, 0x00, 0x00, 0x00
	.byte 0x00, 0x00, 0x00, 0x00, 0x00, 0x00, 0x00, 0x00, 0x00, 0x00, 0x00, 0x00, 0x00, 0x00, 0x00, 0x00
	.byte 0x22, 0x22, 0x22, 0x22, 0x44, 0x44, 0x44, 0x44, 0x44, 0x44, 0x44, 0x44, 0x44, 0x44, 0x44, 0x44
	.byte 0x44, 0x44, 0x44, 0x44, 0x44, 0x44, 0x44, 0x44, 0x44, 0x44, 0x44, 0x44, 0x55, 0x55, 0x55, 0x55
	.byte 0x22, 0x22, 0x22, 0x22, 0x44, 0x44, 0x44, 0x44, 0x44, 0x44, 0x44, 0x44, 0x44, 0x44, 0x44, 0x44
	.byte 0x44, 0x44, 0x44, 0x44, 0x44, 0x44, 0x44, 0x44, 0x44, 0x44, 0x44, 0x44, 0x55, 0x55, 0x55, 0x55
	.byte 0x44, 0x44, 0x44, 0x44, 0x33, 0x33, 0x33, 0x33, 0x23, 0x32, 0x23, 0x32, 0x23, 0x32, 0x23, 0x32
	.byte 0x11, 0x11, 0x11, 0x11, 0x88, 0x88, 0x18, 0x17, 0x88, 0x88, 0x18, 0x17, 0xEE, 0xEE, 0x1E, 0x16
	.byte 0x44, 0x44, 0x44, 0x44, 0x33, 0x33, 0x33, 0x33, 0x23, 0x32, 0x23, 0x32, 0x23, 0x32, 0x23, 0x32
	.byte 0x11, 0x11, 0x11, 0x11, 0x71, 0x81, 0x88, 0x88, 0x71, 0x81, 0x88, 0x88, 0x61, 0xE1, 0xEE, 0xEE
	.byte 0xEE, 0xEE, 0x1E, 0x16, 0xEE, 0xEE, 0x1E, 0x16, 0xEE, 0xEE, 0x1E, 0x16, 0xEE, 0xEE, 0x1E, 0x16
	.byte 0xEE, 0xEE, 0x1E, 0x16, 0xEE, 0xEE, 0x1E, 0x16, 0xEE, 0xEE, 0x1E, 0x16, 0xEE, 0xEE, 0x1E, 0x16
	.byte 0x61, 0xE1, 0xEE, 0xEE, 0x61, 0xE1, 0xEE, 0xEE, 0x61, 0xE1, 0xEE, 0xEE, 0x61, 0xE1, 0xEE, 0xEE
	.byte 0x61, 0xE1, 0xEE, 0xEE, 0x61, 0xE1, 0xEE, 0xEE, 0x61, 0xE1, 0xEE, 0xEE, 0x61, 0xE1, 0xEE, 0xEE
	.byte 0xEE, 0xEE, 0x1E, 0x16, 0xEE, 0xEE, 0x1E, 0x16, 0xEE, 0xEE, 0x1E, 0x16, 0x88, 0x88, 0x18, 0x17
	.byte 0x88, 0x88, 0x18, 0x11, 0x11, 0x11, 0x11, 0x11, 0x22, 0x22, 0x22, 0x22, 0x22, 0x22, 0x22, 0x22
	.byte 0x61, 0xE1, 0xEE, 0xEE, 0x61, 0xE1, 0xEE, 0xEE, 0x61, 0xE1, 0xEE, 0xEE, 0x71, 0x81, 0x88, 0x88
	.byte 0x11, 0x81, 0x88, 0x88, 0x11, 0x11, 0x11, 0x11, 0x22, 0x22, 0x22, 0x22, 0x22, 0x22, 0x22, 0x22
	.byte 0x22, 0x22, 0x22, 0x22, 0x44, 0x44, 0x44, 0x44, 0x44, 0x44, 0x44, 0x44, 0x44, 0x44, 0x44, 0x44
	.byte 0x44, 0x44, 0x44, 0x44, 0x44, 0x44, 0x44, 0x44, 0x44, 0x44, 0x44, 0x44, 0x55, 0x55, 0x55, 0x55
	.byte 0x22, 0x22, 0x22, 0x22, 0x44, 0x44, 0x44, 0x44, 0x44, 0x44, 0x44, 0x44, 0x44, 0x44, 0x44, 0x44
	.byte 0x44, 0x44, 0x44, 0x44, 0x44, 0x44, 0x44, 0x44, 0x44, 0x44, 0x44, 0x44, 0x55, 0x55, 0x55, 0x55
	.byte 0x44, 0x44, 0x44, 0x44, 0x33, 0x33, 0x33, 0x33, 0x23, 0x32, 0x23, 0x32, 0x23, 0x32, 0x23, 0x32
	.byte 0x11, 0x11, 0x11, 0x11, 0x88, 0x71, 0x11, 0x11, 0x88, 0x71, 0x11, 0x11, 0xEE, 0x61, 0x11, 0x11
	.byte 0x44, 0x44, 0x44, 0x44, 0x33, 0x33, 0x33, 0x33, 0x23, 0x32, 0x23, 0x32, 0x23, 0x32, 0x23, 0x32
	.byte 0x11, 0x11, 0x11, 0x11, 0x11, 0x11, 0x17, 0x88, 0x11, 0x11, 0x17, 0x88, 0x11, 0x11, 0x16, 0xEE
	.byte 0xEE, 0x61, 0x11, 0x11, 0xEE, 0x61, 0x11, 0x11, 0xEE, 0x61, 0x11, 0x11, 0xEE, 0x61, 0x11, 0x11
	.byte 0xEE, 0x61, 0x11, 0x11, 0xEE, 0x61, 0x11, 0x11, 0xEE, 0x61, 0x11, 0x11, 0xEE, 0x61, 0x11, 0x11
	.byte 0x11, 0x11, 0x16, 0xEE, 0x11, 0x11, 0x16, 0xEE, 0x11, 0x11, 0x16, 0xEE, 0x11, 0x11, 0x16, 0xEE
	.byte 0x11, 0x11, 0x16, 0xEE, 0x11, 0x11, 0x16, 0xEE, 0x11, 0x11, 0x16, 0xEE, 0x11, 0x11, 0x16, 0xEE
	.byte 0xEE, 0x61, 0x11, 0x11, 0xEE, 0x61, 0x11, 0x11, 0xEE, 0x61, 0x11, 0x11, 0x88, 0x71, 0x11, 0x11
	.byte 0x88, 0x71, 0x11, 0x22, 0x11, 0x11, 0x11, 0x11, 0x22, 0x22, 0x22, 0x22, 0x22, 0x22, 0x22, 0x22
	.byte 0x11, 0x11, 0x16, 0xEE, 0x11, 0x11, 0x16, 0xEE, 0x11, 0x11, 0x16, 0xEE, 0x11, 0x11, 0x17, 0x88
	.byte 0x22, 0x11, 0x17, 0x88, 0x11, 0x11, 0x11, 0x11, 0x22, 0x22, 0x22, 0x22, 0x22, 0x22, 0x22, 0x22
	.byte 0x22, 0x22, 0x22, 0x22, 0x44, 0x44, 0x44, 0x44, 0x44, 0x44, 0x44, 0x44, 0x44, 0x44, 0x44, 0x44
	.byte 0x44, 0x44, 0x44, 0x44, 0x44, 0x44, 0x44, 0x44, 0x44, 0x44, 0x44, 0x44, 0x55, 0x55, 0x55, 0x55
	.byte 0x22, 0x22, 0x22, 0x22, 0x44, 0x44, 0x44, 0x44, 0x44, 0x44, 0x44, 0x44, 0x44, 0x44, 0x44, 0x44
	.byte 0x44, 0x44, 0x44, 0x44, 0x44, 0x44, 0x44, 0x44, 0x44, 0x44, 0x44, 0x44, 0x55, 0x55, 0x55, 0x55
	.byte 0x44, 0x44, 0x44, 0x44, 0x33, 0x33, 0x33, 0x33, 0x23, 0x32, 0x23, 0x32, 0x23, 0x32, 0x23, 0x32
	.byte 0x11, 0x11, 0x11, 0x11, 0x17, 0x11, 0x11, 0x11, 0x17, 0x11, 0x11, 0x11, 0x16, 0x11, 0x11, 0x11
	.byte 0x44, 0x44, 0x44, 0x44, 0x33, 0x33, 0x33, 0x33, 0x23, 0x32, 0x23, 0x32, 0x23, 0x32, 0x23, 0x32
	.byte 0x11, 0x11, 0x11, 0x11, 0x11, 0x11, 0x11, 0x71, 0x11, 0x11, 0x11, 0x71, 0x11, 0x11, 0x11, 0x61
	.byte 0x16, 0x11, 0x11, 0x11, 0x16, 0x11, 0x11, 0x11, 0x16, 0x11, 0x11, 0x11, 0x16, 0x11, 0x11, 0x11
	.byte 0x16, 0x11, 0x11, 0x11, 0x16, 0x11, 0x11, 0x11, 0x16, 0x11, 0x11, 0x11, 0x16, 0x11, 0x11, 0x11
	.byte 0x11, 0x11, 0x11, 0x61, 0x11, 0x11, 0x11, 0x61, 0x11, 0x11, 0x11, 0x61, 0x11, 0x11, 0x11, 0x61
	.byte 0x11, 0x11, 0x11, 0x61, 0x11, 0x11, 0x11, 0x61, 0x11, 0x11, 0x11, 0x61, 0x11, 0x11, 0x11, 0x61
	.byte 0x16, 0x11, 0x11, 0x11, 0x16, 0x11, 0x11, 0x11, 0x16, 0x11, 0x11, 0x11, 0x17, 0x11, 0x11, 0x11
	.byte 0x11, 0x22, 0x22, 0x22, 0x11, 0x11, 0x11, 0x11, 0x22, 0x22, 0x22, 0x22, 0x22, 0x22, 0x22, 0x22
	.byte 0x11, 0x11, 0x11, 0x61, 0x11, 0x11, 0x11, 0x61, 0x11, 0x11, 0x11, 0x61, 0x11, 0x11, 0x11, 0x71
	.byte 0x22, 0x22, 0x22, 0x11, 0x11, 0x11, 0x11, 0x11, 0x22, 0x22, 0x22, 0x22, 0x22, 0x22, 0x22, 0x22
	.byte 0x00, 0x00, 0x00, 0x00, 0x00, 0x00, 0x00, 0x00, 0x00, 0x00, 0x00, 0x00, 0x00, 0x00, 0x00, 0x00
	.byte 0x00, 0x00, 0x00, 0x00, 0x00, 0x00, 0x00, 0x00, 0x00, 0x00, 0x00, 0x00, 0x00, 0x00, 0x00, 0x00
	.byte 0xBB, 0xBB, 0xBB, 0xBB, 0xBB, 0xBB, 0xBB, 0xBB, 0xBB, 0xBB, 0xBB, 0xBB, 0xBB, 0xBB, 0xBB, 0xBB
	.byte 0xBB, 0xBB, 0xBB, 0xBB, 0xBB, 0xBB, 0xBB, 0xBB, 0xBB, 0xBB, 0xBB, 0xBB, 0xBB, 0xBB, 0xBB, 0xBB
	.byte 0xBB, 0xBB, 0xBB, 0xBB, 0xBB, 0xBB, 0xBB, 0xBB, 0xBB, 0xBB, 0xBB, 0xBB, 0xBB, 0xBB, 0xBB, 0xBB
	.byte 0xBB, 0xBB, 0xBB, 0xBB, 0xBB, 0xBB, 0xBB, 0xBB, 0xBB, 0xBB, 0xBB, 0xBB, 0xBB, 0xBB, 0xBB, 0xBB
	.byte 0x44, 0x44, 0x44, 0x44, 0x33, 0x33, 0x33, 0x33, 0x23, 0x32, 0x23, 0x32, 0x23, 0x32, 0x23, 0x32
	.byte 0x11, 0x11, 0x11, 0x11, 0x88, 0x88, 0x18, 0x17, 0x88, 0x88, 0x18, 0x17, 0xEE, 0xEE, 0x1E, 0x16
	.byte 0x44, 0x44, 0x44, 0x44, 0x33, 0x33, 0x33, 0x33, 0x23, 0x32, 0x23, 0x32, 0x23, 0x32, 0x23, 0x32
	.byte 0x11, 0x11, 0x11, 0x11, 0x71, 0x81, 0x88, 0x88, 0x71, 0x81, 0x88, 0x88, 0x61, 0xE1, 0xEE, 0xEE
	.byte 0xEE, 0xEE, 0x1E, 0x16, 0xEE, 0xEE, 0x1E, 0x16, 0xEE, 0xEE, 0x1E, 0x16, 0xEE, 0xEE, 0x1E, 0x16
	.byte 0xEE, 0xEE, 0x1E, 0x16, 0xEE, 0xEE, 0x1E, 0x16, 0xEE, 0xEE, 0x1E, 0x16, 0xEE, 0xEE, 0x1E, 0x16
	.byte 0x61, 0xE1, 0xEE, 0xEE, 0x61, 0xE1, 0xEE, 0xEE, 0x61, 0xE1, 0xEE, 0xEE, 0x61, 0xE1, 0xEE, 0xEE
	.byte 0x61, 0xE1, 0xEE, 0xEE, 0x61, 0xE1, 0xEE, 0xEE, 0x61, 0xE1, 0xEE, 0xEE, 0x61, 0xE1, 0xEE, 0xEE
	.byte 0xEE, 0xEE, 0x1E, 0x16, 0xEE, 0xEE, 0x1E, 0x16, 0xEE, 0xEE, 0x1E, 0x16, 0x88, 0x88, 0x18, 0x17
	.byte 0x88, 0x88, 0x18, 0x11, 0x11, 0x11, 0x11, 0x11, 0x22, 0x22, 0x22, 0x22, 0x22, 0x22, 0x22, 0x22
	.byte 0x61, 0xE1, 0xEE, 0xEE, 0x61, 0xE1, 0xEE, 0xEE, 0x61, 0xE1, 0xEE, 0xEE, 0x71, 0x81, 0x88, 0x88
	.byte 0x11, 0x81, 0x88, 0x88, 0x11, 0x11, 0x11, 0x11, 0x22, 0x22, 0x22, 0x22, 0x22, 0x22, 0x22, 0x22
	.byte 0xBB, 0xBB, 0xBB, 0xBB, 0xBB, 0xBB, 0xBB, 0xBB, 0xBB, 0xBB, 0xBB, 0xBB, 0xBB, 0xBB, 0xBB, 0xBB
	.byte 0xBB, 0xBB, 0xBB, 0xBB, 0xBB, 0xBB, 0xBB, 0xBB, 0xBB, 0xBB, 0xBB, 0xBB, 0xBB, 0xBB, 0xBB, 0xBB
	.byte 0xBB, 0xBB, 0xBB, 0xBB, 0xBB, 0xBB, 0xBB, 0xBB, 0xBB, 0xBB, 0xBB, 0xBB, 0xBB, 0xBB, 0xBB, 0xBB
	.byte 0xBB, 0xBB, 0xBB, 0xBB, 0xBB, 0xBB, 0xBB, 0xBB, 0xBB, 0xBB, 0xBB, 0xBB, 0xBB, 0xBB, 0xBB, 0xBB
	.byte 0x44, 0x44, 0x44, 0x44, 0x33, 0x33, 0x33, 0x33, 0x23, 0x32, 0x23, 0x32, 0x23, 0x32, 0x23, 0x32
	.byte 0x11, 0x11, 0x11, 0x11, 0x88, 0x71, 0x11, 0x11, 0x88, 0x71, 0x11, 0x11, 0xEE, 0x61, 0x11, 0x11
	.byte 0x44, 0x44, 0x44, 0x44, 0x33, 0x33, 0x33, 0x33, 0x23, 0x32, 0x23, 0x32, 0x23, 0x32, 0x23, 0x32
	.byte 0x11, 0x11, 0x11, 0x11, 0x11, 0x11, 0x17, 0x88, 0x11, 0x11, 0x17, 0x88, 0x11, 0x11, 0x16, 0xEE
	.byte 0xEE, 0x61, 0x11, 0x11, 0xEE, 0x61, 0x11, 0x11, 0xEE, 0x61, 0x11, 0x11, 0xEE, 0x61, 0x11, 0x11
	.byte 0xEE, 0x61, 0x11, 0x11, 0xEE, 0x61, 0x11, 0x11, 0xEE, 0x61, 0x11, 0x11, 0xEE, 0x61, 0x11, 0x11
	.byte 0x11, 0x11, 0x16, 0xEE, 0x11, 0x11, 0x16, 0xEE, 0x11, 0x11, 0x16, 0xEE, 0x11, 0x11, 0x16, 0xEE
	.byte 0x11, 0x11, 0x16, 0xEE, 0x11, 0x11, 0x16, 0xEE, 0x11, 0x11, 0x16, 0xEE, 0x11, 0x11, 0x16, 0xEE
	.byte 0xEE, 0x61, 0x11, 0x11, 0xEE, 0x61, 0x11, 0x11, 0xEE, 0x61, 0x11, 0x11, 0x88, 0x71, 0x11, 0x11
	.byte 0x88, 0x71, 0x11, 0x22, 0x11, 0x11, 0x11, 0x11, 0x22, 0x22, 0x22, 0x22, 0x22, 0x22, 0x22, 0x22
	.byte 0x11, 0x11, 0x16, 0xEE, 0x11, 0x11, 0x16, 0xEE, 0x11, 0x11, 0x16, 0xEE, 0x11, 0x11, 0x17, 0x88
	.byte 0x22, 0x11, 0x17, 0x88, 0x11, 0x11, 0x11, 0x11, 0x22, 0x22, 0x22, 0x22, 0x22, 0x22, 0x22, 0x22
	.byte 0xBB, 0xBB, 0xBB, 0xBB, 0xBB, 0xBB, 0xBB, 0xBB, 0xBB, 0xBB, 0xBB, 0xBB, 0xBB, 0xBB, 0xBB, 0xBB
	.byte 0xBB, 0xBB, 0xBB, 0xBB, 0xBB, 0xBB, 0xBB, 0xBB, 0xBB, 0xBB, 0xBB, 0xBB, 0xBB, 0xBB, 0xBB, 0xBB
	.byte 0xBB, 0xBB, 0xBB, 0xBB, 0xBB, 0xBB, 0xBB, 0xBB, 0xBB, 0xBB, 0xBB, 0xBB, 0xBB, 0xBB, 0xBB, 0xBB
	.byte 0xBB, 0xBB, 0xBB, 0xBB, 0xBB, 0xBB, 0xBB, 0xBB, 0xBB, 0xBB, 0xBB, 0xBB, 0xBB, 0xBB, 0xBB, 0xBB
	.byte 0x44, 0x44, 0x44, 0x44, 0x33, 0x33, 0x33, 0x33, 0x23, 0x32, 0x23, 0x32, 0x23, 0x32, 0x23, 0x32
	.byte 0x11, 0x11, 0x11, 0x11, 0x17, 0x11, 0x11, 0x11, 0x17, 0x11, 0x11, 0x11, 0x16, 0x11, 0x11, 0x11
	.byte 0x44, 0x44, 0x44, 0x44, 0x33, 0x33, 0x33, 0x33, 0x23, 0x32, 0x23, 0x32, 0x23, 0x32, 0x23, 0x32
	.byte 0x11, 0x11, 0x11, 0x11, 0x11, 0x11, 0x11, 0x71, 0x11, 0x11, 0x11, 0x71, 0x11, 0x11, 0x11, 0x61
	.byte 0x16, 0x11, 0x11, 0x11, 0x16, 0x11, 0x11, 0x11, 0x16, 0x11, 0x11, 0x11, 0x16, 0x11, 0x11, 0x11
	.byte 0x16, 0x11, 0x11, 0x11, 0x16, 0x11, 0x11, 0x11, 0x16, 0x11, 0x11, 0x11, 0x16, 0x11, 0x11, 0x11
	.byte 0x11, 0x11, 0x11, 0x61, 0x11, 0x11, 0x11, 0x61, 0x11, 0x11, 0x11, 0x61, 0x11, 0x11, 0x11, 0x61
	.byte 0x11, 0x11, 0x11, 0x61, 0x11, 0x11, 0x11, 0x61, 0x11, 0x11, 0x11, 0x61, 0x11, 0x11, 0x11, 0x61
	.byte 0x16, 0x11, 0x11, 0x11, 0x16, 0x11, 0x11, 0x11, 0x16, 0x11, 0x11, 0x11, 0x17, 0x11, 0x11, 0x11
	.byte 0x11, 0x22, 0x22, 0x22, 0x11, 0x11, 0x11, 0x11, 0x22, 0x22, 0x22, 0x22, 0x22, 0x22, 0x22, 0x22
	.byte 0x11, 0x11, 0x11, 0x61, 0x11, 0x11, 0x11, 0x61, 0x11, 0x11, 0x11, 0x61, 0x11, 0x11, 0x11, 0x71
	.byte 0x22, 0x22, 0x22, 0x11, 0x11, 0x11, 0x11, 0x11, 0x22, 0x22, 0x22, 0x22, 0x22, 0x22, 0x22, 0x22
	.byte 0x00, 0x00, 0x00, 0x00, 0x00, 0x00, 0x00, 0x00, 0x00, 0x00, 0x00, 0x00, 0x00, 0x00, 0x00, 0x00
	.byte 0x00, 0x00, 0x00, 0x00, 0x00, 0x00, 0x00, 0x00, 0x00, 0x00, 0x00, 0x00, 0x00, 0x00, 0x00, 0x00
