	.globl gUnknown_8569552
gUnknown_8569552: @ 0x08569552
	@ Replaced baserom.gba range: offset=0x569552, size=0xC92
	.byte 0x48, 0x49, 0x4A, 0x4B, 0x4C, 0x4D, 0x4E, 0x00, 0x00, 0x00, 0xC0, 0x00, 0x00, 0x00, 0x00, 0xB0
	.byte 0xCB, 0x00, 0x00, 0xBB, 0xBB, 0x0C, 0xB0, 0xBB, 0xCB, 0xCC, 0xC0, 0xBB, 0xCB, 0xCC, 0x00, 0xDD
	.byte 0xCD, 0xDC, 0x0C, 0xD0, 0xDD, 0xED, 0x00, 0x00, 0xDD, 0x0E, 0x00, 0x00, 0x00, 0x00, 0x00, 0xB0
	.byte 0x00, 0x00, 0x00, 0xBB, 0x0B, 0x00, 0xC0, 0xBC, 0xBB, 0x00, 0xD0, 0xCD, 0xCC, 0x00, 0xD0, 0xDD
	.byte 0xCC, 0x00, 0x00, 0xDD, 0x0D, 0x00, 0x00, 0x00, 0xB0, 0x0C, 0xBB, 0x0C, 0x00, 0x00, 0xCB, 0xCC
	.byte 0x00, 0x00, 0xDC, 0xDD, 0x00, 0x00, 0xD0, 0x0D, 0x00, 0x00, 0x00, 0x00, 0x00, 0x00, 0x00, 0x00
	.byte 0x00, 0x00, 0x00, 0x00, 0x00, 0x00, 0x00, 0x00, 0x00, 0x00, 0xDD, 0x00, 0xCB, 0xDD, 0xDD, 0x00
	.byte 0xCC, 0xDD, 0x00, 0x00, 0xC0, 0x0D, 0x00, 0x00, 0x00, 0x00, 0x00, 0x00, 0x00, 0x00, 0x00, 0x00
	.byte 0x00, 0x00, 0x00, 0x00, 0x00, 0x00, 0x00, 0x00, 0x00, 0x00, 0x00, 0x00, 0x00, 0x00, 0x00, 0x00
	.byte 0x00, 0x0C, 0x00, 0x00, 0x00, 0x00, 0x00, 0x00, 0x00, 0x00, 0x00, 0x00, 0x00, 0x00, 0x00, 0xB0
	.byte 0xCB, 0x00, 0x00, 0xBB, 0xBB, 0x0C, 0xB0, 0xBB, 0xCB, 0xCC, 0x00, 0x00, 0x00, 0x00, 0x00, 0x00
	.byte 0x00, 0x00, 0xC0, 0xB0, 0x0C, 0x00, 0x00, 0xC0, 0x0D, 0x00, 0x00, 0x00, 0x00, 0x00, 0x0C, 0xB0
	.byte 0x00, 0x00, 0x00, 0xBB, 0x0B, 0x00, 0xC0, 0xBC, 0xBB, 0x00, 0xC0, 0xBB, 0xCB, 0xCC, 0x0C, 0xDD
	.byte 0xCD, 0xDC, 0x00, 0xD0, 0xDD, 0xED, 0xBB, 0x0C, 0xDD, 0x0E, 0xCB, 0xCC, 0x00, 0x00, 0xDC, 0xDD
	.byte 0x00, 0x00, 0xD0, 0x0D, 0x00, 0x00, 0x00, 0x00, 0x00, 0x00, 0xD0, 0xCD, 0xCC, 0x00, 0xD0, 0xDD
	.byte 0xCC, 0x00, 0x00, 0xDD, 0xBD, 0x0C, 0xDD, 0x00, 0xCB, 0xDD, 0xDD, 0x00, 0xCC, 0xDD, 0x00, 0x00
	.byte 0xC0, 0x0D, 0x00, 0x00, 0x00, 0x00, 0x00, 0x00, 0x00, 0x00, 0x00, 0x00, 0x00, 0x00, 0x00, 0x00
	.byte 0x00, 0x00, 0x00, 0x00, 0x00, 0x00, 0x00, 0x00, 0x00, 0x00, 0x00, 0x00, 0x00, 0x0B, 0x00, 0x00
	.byte 0x00, 0x00, 0x00, 0x00, 0x00, 0x00, 0x00, 0x00, 0x00, 0x00, 0x00, 0x00, 0x00, 0x00, 0x00, 0x00
	.byte 0x00, 0x00, 0x00, 0x00, 0x00, 0x00, 0x00, 0x00, 0x00, 0x00, 0x00, 0xB0, 0x0C, 0x00, 0x00, 0xC0
	.byte 0x0D, 0x00, 0xC0, 0x00, 0x00, 0x00, 0x00, 0x00, 0x00, 0x00, 0x00, 0x00, 0x00, 0x00, 0x00, 0xB0
	.byte 0xCB, 0x00, 0x00, 0xBB, 0xBB, 0x0C, 0xB0, 0xBB, 0xCB, 0xCC, 0xC0, 0xBB, 0xCB, 0xCC, 0x00, 0xDD
	.byte 0xCD, 0xDC, 0xCC, 0xD0, 0xDD, 0xED, 0xC0, 0x00, 0xDD, 0x0E, 0x0C, 0x00, 0x00, 0x00, 0x00, 0xB0
	.byte 0x00, 0x00, 0x00, 0xBB, 0x0B, 0x00, 0xC0, 0xBC, 0xBB, 0x00, 0xD0, 0xCD, 0xCC, 0x00, 0xD0, 0xDD
	.byte 0xCC, 0xC0, 0xB0, 0xDD, 0x0D, 0xCC, 0x0B, 0x0B, 0xC0, 0x0C, 0x00, 0x00, 0x00, 0x00, 0x00, 0x00
	.byte 0x00, 0x00, 0x00, 0x00, 0x00, 0x00, 0x00, 0x00, 0x00, 0x00, 0x00, 0x00, 0x00, 0x00, 0x00, 0x00
	.byte 0x00, 0x00, 0x00, 0x00, 0x00, 0x0C, 0x00, 0x00, 0x00, 0x00, 0x00, 0x00, 0x00, 0x00, 0x00, 0x00
	.byte 0x00, 0x00, 0x00, 0x00, 0x00, 0x00, 0x00, 0x00, 0x00, 0x00, 0x00, 0x00, 0x00, 0x00, 0x00, 0x00
	.byte 0x00, 0x00, 0x00, 0x00, 0x00, 0x00, 0x00, 0x00, 0x00, 0x00, 0x00, 0x00, 0x00, 0x00, 0x00, 0x00
	.byte 0x00, 0x00, 0x2B, 0x02, 0x00, 0x00, 0x22, 0x22, 0x20, 0xB2, 0x22, 0x32, 0x24, 0x32, 0x33, 0x44
	.byte 0x33, 0x43, 0x40, 0x33, 0x22, 0x44, 0xC0, 0x4C, 0x33, 0x4D, 0xC0, 0x00, 0xCB, 0x00, 0x00, 0x00
	.byte 0xDC, 0x00, 0x00, 0x00, 0x00, 0x00, 0x0B, 0x20, 0x02, 0x00, 0xCB, 0x22, 0x22, 0x02, 0x3C, 0x22
	.byte 0x23, 0x32, 0x43, 0x23, 0x34, 0x43, 0x44, 0x44, 0xCD, 0x0C, 0x00, 0x00, 0x00, 0x00, 0x00, 0x00
	.byte 0x00, 0x00, 0x00, 0x00, 0x00, 0x00, 0x00, 0x00, 0x00, 0x00, 0x00, 0x00, 0x00, 0x00, 0x00, 0x00
	.byte 0x00, 0x00, 0x00, 0x00, 0x00, 0x00, 0x00, 0x00, 0x00, 0x00, 0x00, 0x00, 0x00, 0x00, 0x00, 0x00
	.byte 0x00, 0x00, 0x00, 0x00, 0x00, 0x00, 0x00, 0x00, 0x00, 0x00, 0x00, 0x00, 0x00, 0x00, 0x00, 0x00
	.byte 0x00, 0x00, 0x00, 0x00, 0x00, 0x00, 0x00, 0x00, 0x00, 0x00, 0x00, 0x00, 0x00, 0x00, 0x00, 0x00
	.byte 0x00, 0x0C, 0x30, 0x00, 0x00, 0x00, 0x03, 0x03, 0x00, 0x03, 0x30, 0x30, 0x30, 0x30, 0x03, 0x04
	.byte 0x03, 0x03, 0x40, 0x30, 0x30, 0x40, 0xC0, 0x0C, 0x03, 0x0D, 0x00, 0x00, 0x00, 0x00, 0x00, 0x00
	.byte 0x00, 0x00, 0x00, 0x00, 0x00, 0x00, 0x0C, 0x00, 0x03, 0x00, 0xC0, 0x30, 0x30, 0x00, 0x0C, 0x03
	.byte 0x03, 0x03, 0x40, 0x30, 0x30, 0x40, 0x04, 0x04, 0x0D, 0x0C, 0x00, 0x00, 0x00, 0x00, 0x00, 0x00
	.byte 0x00, 0x00, 0x00, 0x00, 0x00, 0x00, 0x00, 0x00, 0x00, 0x00, 0x00, 0x00, 0x00, 0x00, 0x00, 0x00
	.byte 0x00, 0x00, 0x00, 0x00, 0x00, 0x00, 0x00, 0x00, 0x00, 0x00, 0x00, 0x00, 0xFF, 0x7F, 0x5A, 0x6B
	.byte 0xF7, 0x5E, 0x94, 0x52, 0x10, 0x46, 0x00, 0x00, 0x00, 0x00, 0x00, 0x00, 0x5D, 0x67, 0xDB, 0x52
	.byte 0x57, 0x46, 0xD3, 0x39, 0x70, 0x2D, 0x0C, 0x29, 0x00, 0x00, 0x00, 0x00, 0x00, 0x00, 0x00, 0x00
	.byte 0x00, 0x00, 0x00, 0x00, 0x00, 0x00, 0x00, 0x00, 0x00, 0x00, 0x00, 0x00, 0x00, 0x00, 0x00, 0x00
	.byte 0x00, 0x00, 0x00, 0x00, 0x00, 0x00, 0x00, 0x00, 0x00, 0x00, 0x00, 0x00, 0x00, 0x00, 0x00, 0x00
	.byte 0x00, 0x00, 0x00, 0x00, 0x00, 0x00, 0x00, 0x00, 0x00, 0x00, 0x00, 0x50, 0x00, 0x00, 0x90, 0x09
	.byte 0x00, 0x00, 0x99, 0x05, 0x00, 0x00, 0x59, 0x00, 0x00, 0x00, 0x00, 0x00, 0x00, 0x00, 0x00, 0x00
	.byte 0x00, 0x00, 0x00, 0x00, 0x00, 0x00, 0x00, 0x00, 0x00, 0x00, 0x00, 0x00, 0x00, 0x00, 0x00, 0x00
	.byte 0x00, 0x00, 0x00, 0x00, 0x00, 0x00, 0x00, 0x00, 0x00, 0x00, 0x00, 0x00, 0x00, 0x00, 0x00, 0x00
	.byte 0x00, 0x00, 0x00, 0x00, 0x00, 0x00, 0x00, 0x00, 0x00, 0x00, 0x00, 0x00, 0x00, 0x00, 0x00, 0x00
	.byte 0x00, 0x00, 0x00, 0x00, 0x00, 0x00, 0x00, 0x00, 0x00, 0x00, 0x00, 0x00, 0x00, 0x00, 0x00, 0x00
	.byte 0x00, 0x00, 0x00, 0x00, 0x00, 0x00, 0x00, 0x00, 0x00, 0x00, 0x00, 0x20, 0x01, 0x00, 0x00, 0x30
	.byte 0x12, 0x00, 0x00, 0x00, 0x33, 0x00, 0x00, 0x00, 0x00, 0x00, 0x00, 0x00, 0x00, 0x00, 0x00, 0x00
	.byte 0x00, 0x00, 0x00, 0x00, 0x00, 0x00, 0x00, 0x00, 0x00, 0x00, 0x00, 0x00, 0x00, 0x00, 0x00, 0x00
	.byte 0x00, 0x00, 0x50, 0x00, 0x00, 0x00, 0x09, 0x00, 0x00, 0x00, 0x00, 0x00, 0x00, 0x99, 0x00, 0x00
	.byte 0x90, 0x59, 0x00, 0x00, 0x90, 0x05, 0x00, 0x00, 0x09, 0x00, 0x00, 0x00, 0x00, 0x10, 0x00, 0x00
	.byte 0x00, 0x30, 0x00, 0x00, 0x00, 0x00, 0x00, 0x00, 0x00, 0x00, 0x00, 0x20, 0x01, 0x00, 0x00, 0x30
	.byte 0x12, 0x00, 0x00, 0x00, 0x33, 0x00, 0x21, 0x00, 0x00, 0x00, 0x32, 0x00, 0x00, 0x00, 0x03, 0x00
	.byte 0x00, 0x00, 0x00, 0x00, 0x00, 0x00, 0x00, 0x00, 0x00, 0x00, 0x00, 0x00, 0x00, 0x00, 0x00, 0x00
	.byte 0x00, 0x00, 0x00, 0x00, 0x00, 0x00, 0x00, 0x00, 0x00, 0x00, 0x00, 0x00, 0x05, 0x00, 0x00, 0x00
	.byte 0x90, 0x09, 0x00, 0x23, 0x51, 0x99, 0x00, 0x30, 0x12, 0x95, 0x00, 0x00, 0x00, 0x00, 0x00, 0x00
	.byte 0x00, 0x00, 0x00, 0x00, 0x00, 0x00, 0x10, 0x02, 0x00, 0x00, 0x21, 0x03, 0x00, 0x00, 0x33, 0x00
	.byte 0x00, 0x00, 0x00, 0x00, 0x21, 0x00, 0x00, 0x10, 0x32, 0x00, 0x00, 0x00, 0x00, 0x00, 0x00, 0x00
	.byte 0x10, 0x02, 0x00, 0x00, 0x21, 0x03, 0x00, 0x00, 0x33, 0x00, 0x00, 0x00, 0x00, 0x00, 0x00, 0x00
	.byte 0x10, 0x32, 0x00, 0x00, 0x21, 0x03, 0x00, 0x00, 0x00, 0x00, 0x00, 0x30, 0x03, 0x00, 0x00, 0x00
	.byte 0x00, 0x00, 0x00, 0x00, 0x00, 0x00, 0x00, 0x00, 0x23, 0x01, 0x00, 0x00, 0x30, 0x12, 0x00, 0x00
	.byte 0x00, 0x00, 0x00, 0x00, 0x00, 0x00, 0x00, 0x00, 0x00, 0x00, 0x00, 0x00, 0x00, 0x00, 0x00, 0x00
	.byte 0x00, 0x00, 0x00, 0x00, 0x00, 0x00, 0x00, 0x00, 0x00, 0x00, 0x00, 0x00, 0x00, 0x00, 0x00, 0x00
	.byte 0x00, 0x00, 0x00, 0x00, 0x00, 0x05, 0x00, 0x00, 0x00, 0x90, 0x00, 0x00, 0x00, 0x00, 0x00, 0x00
	.byte 0x00, 0x00, 0x00, 0x00, 0x00, 0x00, 0x10, 0x02, 0x00, 0x00, 0x21, 0x03, 0x00, 0x00, 0x33, 0x00
	.byte 0x00, 0x00, 0x00, 0x00, 0x00, 0x00, 0x00, 0x00, 0x10, 0x02, 0x00, 0x00, 0x00, 0x00, 0x00, 0x00
	.byte 0x10, 0x02, 0x00, 0x00, 0x21, 0x03, 0x00, 0x00, 0x33, 0x00, 0x00, 0x00, 0x00, 0x00, 0x00, 0x00
	.byte 0x00, 0x00, 0x00, 0x00, 0x00, 0x00, 0x00, 0x00, 0x00, 0x00, 0x99, 0x00, 0x21, 0x03, 0x95, 0x09
	.byte 0x33, 0x00, 0x50, 0x09, 0x00, 0x00, 0x00, 0x90, 0x00, 0x00, 0x00, 0x00, 0x00, 0x00, 0x00, 0x00
	.byte 0x00, 0x00, 0x00, 0x00, 0x00, 0x00, 0x00, 0x00, 0x00, 0x00, 0x00, 0x00, 0x00, 0x00, 0x00, 0x00
	.byte 0x00, 0x00, 0x00, 0x00, 0x00, 0x00, 0x00, 0x00, 0x00, 0x00, 0x00, 0x00, 0x00, 0x00, 0x00, 0x00
	.byte 0x00, 0x00, 0x00, 0x00, 0x00, 0x00, 0x00, 0x00, 0x00, 0x00, 0x00, 0x00, 0x00, 0x00, 0x00, 0x00
	.byte 0x00, 0x00, 0x00, 0x00, 0x00, 0x00, 0x00, 0x00, 0x00, 0x00, 0x00, 0x00, 0x00, 0x00, 0x00, 0x00
	.byte 0x00, 0x00, 0x00, 0x00, 0x00, 0x00, 0x00, 0x00, 0x00, 0x00, 0x00, 0x00, 0x00, 0x00, 0x00, 0x00
	.byte 0x00, 0x00, 0x00, 0x00, 0x00, 0x00, 0x00, 0x00, 0x00, 0x00, 0x00, 0x00, 0x00, 0x00, 0x00, 0x23
	.byte 0x01, 0x00, 0x00, 0x30, 0x12, 0x00, 0x00, 0x00, 0x00, 0x00, 0x00, 0x00, 0x00, 0x00, 0x00, 0x00
	.byte 0x00, 0x00, 0x10, 0x32, 0x00, 0x00, 0x21, 0x03, 0x00, 0x00, 0x00, 0x00, 0x00, 0x00, 0x00, 0x00
	.byte 0x00, 0x00, 0x00, 0x10, 0x32, 0x00, 0x00, 0x21, 0x03, 0x00, 0x00, 0x00, 0x00, 0x00, 0x00, 0x00
	.byte 0x00, 0x40, 0x00, 0x00, 0x00, 0x40, 0x00, 0x00, 0x00, 0x00, 0x00, 0x00, 0x00, 0x00, 0x00, 0x00
	.byte 0x00, 0x00, 0x00, 0x00, 0x00, 0x00, 0x00, 0x00, 0x00, 0x00, 0x44, 0x04, 0x00, 0x00, 0x14, 0x42
	.byte 0x00, 0x00, 0x24, 0x42, 0x00, 0x00, 0x44, 0x04, 0x00, 0x00, 0x00, 0x00, 0x00, 0x00, 0x00, 0x00
	.byte 0x00, 0x00, 0x00, 0x00, 0x00, 0x00, 0x00, 0x00, 0x00, 0x00, 0x00, 0x00, 0x00, 0x00, 0x00, 0x00
	.byte 0x00, 0x00, 0x00, 0x00, 0x00, 0x00, 0x00, 0x00, 0x00, 0x00, 0x00, 0x00, 0x00, 0x00, 0x00, 0x00
	.byte 0x00, 0x00, 0x00, 0x00, 0x00, 0x00, 0x00, 0x00, 0x00, 0x00, 0x00, 0x00, 0x00, 0x00, 0x00, 0x00
	.byte 0x00, 0x00, 0x00, 0x00, 0x00, 0x00, 0x00, 0x00, 0x00, 0x00, 0x00, 0x00, 0x00, 0x00, 0x00, 0x00
	.byte 0x00, 0x00, 0x00, 0x00, 0x00, 0x00, 0x00, 0x00, 0x00, 0x00, 0x00, 0x00, 0x00, 0x40, 0x00, 0x00
	.byte 0x00, 0x44, 0x00, 0x00, 0x40, 0x33, 0x00, 0x00, 0x34, 0x43, 0x00, 0x00, 0x34, 0x04, 0x00, 0x00
	.byte 0x34, 0x43, 0x00, 0x00, 0x40, 0x11, 0x00, 0x00, 0x40, 0x22, 0x40, 0x00, 0x00, 0x00, 0x44, 0x00
	.byte 0x00, 0x00, 0x04, 0x00, 0x00, 0x00, 0x00, 0x00, 0x00, 0x00, 0x00, 0x00, 0x00, 0x00, 0x00, 0x00
	.byte 0x00, 0x00, 0x04, 0x00, 0x00, 0x00, 0x04, 0x00, 0x00, 0x00, 0x00, 0x00, 0x00, 0x44, 0x00, 0x00
	.byte 0x00, 0x00, 0x00, 0x00, 0x00, 0x00, 0x00, 0x00, 0x00, 0x00, 0x00, 0x00, 0x00, 0x00, 0x00, 0x00
	.byte 0x00, 0x00, 0x00, 0x00, 0x00, 0x00, 0x00, 0x00, 0x00, 0x00, 0x00, 0x00, 0x00, 0x00, 0x00, 0x00
	.byte 0x00, 0x00, 0x00, 0x00, 0x00, 0x00, 0x00, 0x00, 0x00, 0x00, 0x00, 0x00, 0x00, 0x00, 0x00, 0x00
	.byte 0x00, 0x00, 0x00, 0x00, 0x00, 0x00, 0x00, 0x00, 0x00, 0x00, 0x00, 0x00, 0x00, 0x40, 0x00, 0x00
	.byte 0x00, 0x44, 0x00, 0x00, 0x40, 0x43, 0x00, 0x00, 0x40, 0x43, 0x00, 0x00, 0x40, 0x33, 0x00, 0x00
	.byte 0x00, 0x34, 0x00, 0x00, 0x00, 0x40, 0x00, 0x00, 0x00, 0x00, 0x40, 0x00, 0x00, 0x00, 0x04, 0x00
	.byte 0x00, 0x00, 0x00, 0x00, 0x00, 0x00, 0x00, 0x00, 0x00, 0x00, 0x04, 0x00, 0x00, 0x00, 0x04, 0x00
	.byte 0x00, 0x00, 0x43, 0x00, 0x00, 0x00, 0x24, 0x04, 0x00, 0x00, 0x00, 0x00, 0x00, 0x00, 0x00, 0x00
	.byte 0x00, 0x40, 0x00, 0x00, 0x00, 0x14, 0x00, 0x00, 0x00, 0x24, 0x00, 0x00, 0x00, 0x40, 0x00, 0x00
	.byte 0x00, 0x00, 0x00, 0x00, 0x00, 0x00, 0x00, 0x00, 0x00, 0x00, 0x24, 0x04, 0x00, 0x00, 0x22, 0x04
	.byte 0x00, 0x00, 0x41, 0x00, 0x00, 0x00, 0x42, 0x00, 0x00, 0x00, 0x04, 0x00, 0x00, 0x00, 0x00, 0x00
	.byte 0x00, 0x00, 0x00, 0x00, 0x00, 0x00, 0x00, 0x00, 0x00, 0x00, 0x00, 0x00, 0x00, 0x40, 0x00, 0x00
	.byte 0x00, 0x40, 0x00, 0x00, 0x00, 0x40, 0x00, 0x00, 0x00, 0x40, 0x00, 0x00, 0x00, 0x34, 0x00, 0x00
	.byte 0x00, 0x34, 0x00, 0x00, 0x40, 0x33, 0x00, 0x00, 0x44, 0x42, 0x40, 0x00, 0x00, 0x00, 0x44, 0x00
	.byte 0x00, 0x00, 0x23, 0x04, 0x00, 0x00, 0x43, 0x00, 0x00, 0x00, 0x43, 0x00, 0x00, 0x00, 0x04, 0x00
	.byte 0x00, 0x00, 0x04, 0x00, 0x00, 0x00, 0x00, 0x00, 0x00, 0x00, 0x00, 0x40, 0x42, 0x42, 0x00, 0x00
	.byte 0x24, 0x04, 0x00, 0x00, 0x24, 0x44, 0x00, 0x00, 0x24, 0x11, 0x00, 0x00, 0x40, 0x22, 0x00, 0x00
	.byte 0x00, 0x44, 0x00, 0x00, 0x00, 0x00, 0x00, 0x00, 0x00, 0x00, 0x00, 0x00, 0x00, 0x00, 0x00, 0x00
	.byte 0x00, 0x00, 0x00, 0x00, 0x00, 0x00, 0x04, 0x00, 0x00, 0x00, 0x04, 0x00, 0x00, 0x00, 0x00, 0x00
	.byte 0x00, 0x00, 0x00, 0x00, 0x00, 0x00, 0x00, 0x00, 0x00, 0x00, 0x00, 0x00, 0x00, 0x04, 0x00, 0x00
	.byte 0x00, 0x44, 0x00, 0x00, 0x40, 0x43, 0x00, 0x00, 0x40, 0x43, 0x00, 0x00, 0x34, 0x24, 0x00, 0x00
	.byte 0x34, 0x44, 0x00, 0x40, 0x34, 0x04, 0x00, 0x24, 0x34, 0x04, 0x04, 0x00, 0x00, 0x00, 0x04, 0x00
	.byte 0x00, 0x00, 0x44, 0x00, 0x00, 0x00, 0x42, 0x00, 0x00, 0x00, 0x04, 0x00, 0x00, 0x00, 0x00, 0x00
	.byte 0x00, 0x00, 0x00, 0x00, 0x00, 0x00, 0x00, 0x00, 0x00, 0x00, 0x00, 0x40, 0x42, 0x42, 0x00, 0x00
	.byte 0x44, 0x22, 0x00, 0x00, 0x00, 0x24, 0x00, 0x00, 0x00, 0x44, 0x00, 0x00, 0x00, 0x14, 0x00, 0x00
	.byte 0x00, 0x24, 0x00, 0x00, 0x00, 0x40, 0x00, 0x00, 0x00, 0x00, 0x00, 0x00, 0x00, 0x00, 0x04, 0x00
	.byte 0x00, 0x00, 0x04, 0x00, 0x00, 0x00, 0x42, 0x00, 0x00, 0x00, 0x41, 0x00, 0x00, 0x00, 0x42, 0x00
	.byte 0x00, 0x00, 0x04, 0x00, 0x00, 0x00, 0x00, 0x00, 0x00, 0x00, 0x00, 0x00, 0x00, 0x00, 0x00, 0x00
	.byte 0x00, 0x00, 0x00, 0x00, 0x00, 0x00, 0x00, 0x00, 0x00, 0x00, 0x00, 0x00, 0x00, 0x00, 0x00, 0x00
	.byte 0x00, 0x00, 0x00, 0x00, 0x00, 0x00, 0x00, 0x00, 0x40, 0x44, 0x04, 0x04, 0x00, 0x00, 0x44, 0x04
	.byte 0x00, 0x00, 0x34, 0x04, 0x00, 0x00, 0x34, 0x44, 0x44, 0x00, 0x34, 0x14, 0x21, 0x04, 0x34, 0x11
	.byte 0x42, 0x00, 0x34, 0x44, 0x04, 0x00, 0x34, 0x04, 0x00, 0x00, 0x00, 0x00, 0x24, 0x11, 0x00, 0x00
	.byte 0x40, 0x12, 0x00, 0x00, 0x00, 0x44, 0x00, 0x00, 0x00, 0x00, 0x00, 0x00, 0x00, 0x00, 0x00, 0x00
	.byte 0x00, 0x40, 0x00, 0x00, 0x00, 0x40, 0x00, 0x00, 0x00, 0x00, 0x24, 0x04, 0x00, 0x00, 0x21, 0x04
	.byte 0x00, 0x00, 0x24, 0x04, 0x00, 0x00, 0x24, 0x04, 0x00, 0x00, 0x24, 0x04, 0x00, 0x00, 0x11, 0x04
	.byte 0x00, 0x00, 0x22, 0x04, 0x00, 0x00, 0x44, 0x00, 0x00, 0x00, 0xA3, 0x28, 0xF6, 0x43, 0x10, 0x33
	.byte 0x27, 0x1A, 0x47, 0x01, 0x5B, 0x3A, 0x6D, 0x2D, 0x94, 0x2D, 0xE8, 0x18, 0x1F, 0x4B, 0xBB, 0x31
	.byte 0x19, 0x29, 0x54, 0x63, 0x0E, 0x53, 0xC8, 0x42, 0x83, 0x36, 0x00, 0x00, 0x00, 0x00, 0x00, 0x00
	.byte 0x00, 0x00, 0x00, 0x00, 0x00, 0x00, 0x00, 0x00, 0x00, 0x00, 0x00, 0x00, 0xDD, 0xD0, 0x00, 0xD0
	.byte 0x12, 0xD2, 0x00, 0xD0, 0x21, 0x21, 0x00, 0x1D, 0x12, 0x12, 0x00, 0x00, 0x00, 0x00, 0x00, 0x00
	.byte 0x00, 0x00, 0x00, 0x00, 0x00, 0x00, 0xD2, 0x0D, 0x00, 0x00, 0x21, 0xD1, 0x0D, 0x00, 0x12, 0x11
	.byte 0xD3, 0x00, 0x11, 0x22, 0xD3, 0x00, 0x21, 0x23, 0xD3, 0x00, 0x00, 0x3D, 0x11, 0x11, 0x00, 0x3D
	.byte 0x12, 0x22, 0x00, 0x2D, 0x23, 0x22, 0xD0, 0xD2, 0x22, 0x23, 0xD0, 0xD2, 0x22, 0x22, 0xD0, 0x22
	.byte 0xDD, 0x22, 0x1D, 0x23, 0x32, 0xDD, 0x1D, 0x22, 0x22, 0x12, 0x22, 0x32, 0xD2, 0x03, 0x22, 0x22
	.byte 0x2D, 0x03, 0x22, 0x2D, 0x2D, 0x03, 0xDD, 0xD2, 0x22, 0x03, 0x22, 0x22, 0x22, 0xC3, 0x22, 0x21
	.byte 0x22, 0xC3, 0x22, 0x23, 0x32, 0xC3, 0x33, 0x33, 0x33, 0xC3, 0x1D, 0x22, 0x31, 0x33, 0x2D, 0x33
	.byte 0x33, 0x33, 0xCD, 0x33, 0x33, 0xCC, 0x2D, 0xCC, 0x3C, 0x33, 0x1D, 0x32, 0x33, 0x22, 0x1D, 0x32
	.byte 0x33, 0x12, 0x1D, 0x22, 0x22, 0x11, 0x1D, 0x21, 0x12, 0x11, 0xC3, 0x3C, 0x33, 0xCC, 0x33, 0x33
	.byte 0x33, 0xC3, 0x33, 0x32, 0x23, 0xC3, 0x23, 0x22, 0x22, 0xC3, 0x11, 0x22, 0x12, 0xC3, 0x12, 0x21
	.byte 0x22, 0xC3, 0x22, 0x22, 0x22, 0xC3, 0x12, 0x31, 0x22, 0xC3, 0x1D, 0x22, 0x12, 0x21, 0x1D, 0x22
	.byte 0x23, 0x22, 0x1D, 0x22, 0x12, 0x11, 0x1D, 0x22, 0x21, 0x11, 0x1D, 0x22, 0x22, 0x22, 0x1D, 0x33
	.byte 0x33, 0x22, 0xC0, 0x22, 0x22, 0x23, 0x00, 0xCC, 0xCC, 0xCC, 0x11, 0x22, 0x22, 0xC3, 0x21, 0x21
	.byte 0x21, 0xC3, 0x31, 0x22, 0x22, 0xC3, 0x22, 0x22, 0x22, 0xC3, 0x33, 0x33, 0x33, 0xC3, 0x12, 0x22
	.byte 0x22, 0xC3, 0x22, 0x32, 0x22, 0x0C, 0xCC, 0xCC, 0xCC, 0x00, 0x00, 0x00, 0x00, 0x00, 0x00, 0x00
	.byte 0x00, 0x00, 0x00, 0x00, 0x00, 0x00, 0x00, 0x00, 0x00, 0x00, 0x00, 0x00, 0x00, 0x20, 0x00, 0x00
	.byte 0x00, 0x20, 0x00, 0x00, 0x00, 0x00, 0x00, 0x00, 0x00, 0x20, 0x00, 0x00, 0x00, 0x00, 0x00, 0x00
	.byte 0x00, 0x00, 0x00, 0x00, 0x00, 0x00, 0x00, 0x00, 0x00, 0x00, 0x00, 0x00, 0x00, 0x00, 0x00, 0x00
	.byte 0x00, 0x00, 0x02, 0x00, 0x00, 0x00, 0x20, 0x00, 0x02, 0x00, 0x20, 0x00, 0x02, 0x30, 0x20, 0x00
	.byte 0x20, 0x00, 0x00, 0x02, 0x30, 0x00, 0x00, 0x03, 0x00, 0x20, 0x00, 0x10, 0x12, 0x11, 0x00, 0x21
	.byte 0x21, 0x21, 0x00, 0x12, 0x12, 0x11, 0x00, 0x21, 0x21, 0x11, 0x00, 0x02, 0x03, 0x00, 0x02, 0x03
	.byte 0x00, 0x00, 0x00, 0x00, 0x00, 0x00, 0x10, 0x12, 0x02, 0x00, 0x21, 0x11, 0x02, 0x00, 0x12, 0x21
	.byte 0x23, 0x00, 0x21, 0x21, 0x22, 0x00, 0x11, 0x33, 0x33, 0x03, 0x00, 0x13, 0x11, 0x11, 0x20, 0x3C
	.byte 0x13, 0x31, 0x1D, 0x32, 0x33, 0x23, 0x1D, 0x22, 0x22, 0x22, 0x1D, 0x32, 0x22, 0x12, 0x1D, 0x22
	.byte 0x22, 0x22, 0x1D, 0x21, 0x22, 0x11, 0x1D, 0x22, 0x12, 0x11, 0x31, 0x33, 0x33, 0xCC, 0x3C, 0x33
	.byte 0x33, 0xC3, 0x33, 0x33, 0x23, 0xC3, 0x22, 0x22, 0x22, 0xC3, 0x22, 0x22, 0x12, 0xC3, 0x22, 0x22
	.byte 0x22, 0xC3, 0x11, 0x22, 0x22, 0xC3, 0x11, 0x21, 0x22, 0xC3, 0x1D, 0x22, 0x13, 0x11, 0x1D, 0x22
	.byte 0x22, 0x12, 0x1D, 0x23, 0x12, 0x11, 0x1D, 0x22, 0x22, 0x22, 0x1D, 0x22, 0x22, 0x12, 0x2D, 0x23
	.byte 0x33, 0x22, 0xC0, 0x22, 0x22, 0x33, 0x00, 0xCC, 0xCC, 0xCC, 0x22, 0x32, 0x22, 0xC3, 0x11, 0x22
	.byte 0x21, 0xC3, 0x32, 0x22, 0x22, 0xC3, 0x22, 0x22, 0x22, 0xC2, 0x22, 0x22, 0x33, 0xC3, 0x22, 0x12
	.byte 0x22, 0xC3, 0x33, 0x23, 0x22, 0x0C, 0xCC, 0xCC, 0xCC, 0x00, 0x00, 0x00, 0x00, 0x00, 0x00, 0x00
	.byte 0x00, 0x00, 0x00, 0x00, 0x00, 0x00, 0x00, 0x00, 0x00, 0x00, 0x00, 0x00, 0x00, 0x00, 0x00, 0x00
	.byte 0x00, 0x00, 0x00, 0x00, 0x00, 0x00, 0x00, 0x00, 0x20, 0x00, 0x00, 0x00, 0x00, 0x00, 0x00, 0x00
	.byte 0x00, 0x00, 0x00, 0x00, 0x00, 0x00, 0x00, 0x00, 0x00, 0x00, 0x00, 0x00, 0x00, 0x00, 0x00, 0x00
	.byte 0x00, 0x00, 0x00, 0x00, 0x00, 0x00, 0x00, 0x00, 0x00, 0x00, 0x00, 0x00, 0x00, 0x00, 0x00, 0x00
	.byte 0x20, 0x00, 0x00, 0x02, 0x30, 0x20, 0x00, 0x03, 0x03, 0x00, 0x00, 0x20, 0x00, 0x20, 0x20, 0x00
	.byte 0x20, 0x30, 0x00, 0x02, 0x20, 0x00, 0x00, 0x02, 0x30, 0x00, 0x00, 0x02, 0x00, 0x00, 0x00, 0x00
	.byte 0x02, 0x00, 0x00, 0x00, 0x00, 0x00, 0x02, 0x02, 0x02, 0x00, 0x00, 0x03, 0x02, 0x00, 0x00, 0x20
	.byte 0x00, 0x02, 0x20, 0x00, 0x02, 0x00, 0x20, 0x00, 0x03, 0x00, 0x00, 0x20, 0xD0, 0x0D, 0x20, 0x00
	.byte 0x10, 0x11, 0x30, 0x10, 0x11, 0x23, 0x00, 0x30, 0x21, 0x23, 0x02, 0x10, 0x11, 0x22, 0x02, 0x31
	.byte 0x11, 0x21, 0x00, 0x32, 0x22, 0x22, 0xC0, 0x22, 0x22, 0x22, 0xD2, 0x0D, 0x03, 0x02, 0x12, 0x03
	.byte 0x00, 0x03, 0x22, 0x21, 0x01, 0x20, 0x32, 0x33, 0x23, 0x30, 0x32, 0x32, 0x33, 0x00, 0x32, 0x23
	.byte 0x33, 0x00, 0x32, 0x33, 0x33, 0x03, 0x22, 0x33, 0x33, 0x03, 0xC0, 0x22, 0x22, 0x22, 0x1C, 0x23
	.byte 0x22, 0x21, 0x1C, 0x22, 0x21, 0x12, 0x1C, 0x22, 0x11, 0x22, 0x30, 0x23, 0x23, 0xC3, 0x03, 0x30
	.byte 0x30, 0x33, 0x00, 0x03, 0x03, 0x03, 0x00, 0x00, 0x30, 0x30, 0x22, 0x33, 0x31, 0x03, 0x22, 0x33
	.byte 0x23, 0xC3, 0x32, 0x23, 0x23, 0xC3, 0x23, 0x22, 0x22, 0xC2, 0x33, 0x33, 0xC3, 0x03, 0x33, 0x03
	.byte 0x03, 0x30, 0x30, 0x30, 0x30, 0x00, 0x03, 0x03, 0x00, 0x00, 0x00, 0x00, 0x00, 0x40, 0x00, 0x08
	.byte 0x00, 0x00, 0x00, 0x00, 0x08, 0x00, 0x01, 0x00, 0x08, 0x00, 0x02, 0x00, 0x08, 0x00, 0x03, 0x00
	.byte 0x08, 0x00, 0x04, 0x00, 0x08, 0x00, 0xFF, 0xFF, 0x00, 0x00, 0x00, 0x00, 0x08, 0x00, 0x01, 0x00
	.byte 0x08, 0x00, 0x02, 0x00, 0x08, 0x00, 0x03, 0x00, 0x08, 0x00, 0x04, 0x00, 0x08, 0x00, 0xFF, 0xFF
	.byte 0x00, 0x00, 0x04, 0x00, 0x08, 0x00, 0x03, 0x00, 0x08, 0x00, 0x02, 0x00, 0x08, 0x00, 0x01, 0x00
	.byte 0x08, 0x00, 0x00, 0x00, 0x08, 0x00, 0xFF, 0xFF, 0x00, 0x00, 0x00, 0x00, 0x48, 0x00, 0x01, 0x00
	.byte 0x48, 0x00, 0x02, 0x00, 0x48, 0x00, 0x03, 0x00, 0x48, 0x00, 0x04, 0x00, 0x48, 0x00, 0xFF, 0xFF
	.byte 0x00, 0x00, 0x04, 0x00, 0x48, 0x00, 0x03, 0x00, 0x48, 0x00, 0x02, 0x00, 0x48, 0x00, 0x01, 0x00
	.byte 0x48, 0x00, 0x00, 0x00, 0x48, 0x00, 0xFF, 0xFF, 0x00, 0x00, 0x00, 0x00, 0x08, 0x00, 0x01, 0x00
	.byte 0x08, 0x00, 0x02, 0x00, 0x08, 0x00, 0x03, 0x00, 0x08, 0x00, 0x04, 0x00, 0x08, 0x00, 0xFF, 0xFF
	.byte 0x00, 0x00, 0xC4, 0xA0, 0x56, 0x08, 0xDC, 0xA0, 0x56, 0x08, 0xF4, 0xA0, 0x56, 0x08, 0x0C, 0xA1
	.byte 0x56, 0x08, 0x24, 0xA1, 0x56, 0x08, 0x3C, 0xA1, 0x56, 0x08, 0x5C, 0x95, 0x56, 0x08, 0x80, 0x00
	.byte 0x00, 0x00, 0xDC, 0x95, 0x56, 0x08, 0x80, 0x00, 0x00, 0x00, 0x5C, 0x96, 0x56, 0x08, 0x80, 0x00
	.byte 0x00, 0x00, 0xDC, 0x96, 0x56, 0x08, 0x80, 0x00, 0x00, 0x00, 0x5C, 0x97, 0x56, 0x08, 0x80, 0x00
	.byte 0x00, 0x00, 0x9C, 0x9A, 0x56, 0x08, 0x80, 0x00, 0x00, 0x00, 0x1C, 0x9B, 0x56, 0x08, 0x80, 0x00
	.byte 0x00, 0x00, 0x9C, 0x9B, 0x56, 0x08, 0x80, 0x00, 0x00, 0x00, 0x1C, 0x9C, 0x56, 0x08, 0x80, 0x00
	.byte 0x00, 0x00, 0x9C, 0x9C, 0x56, 0x08, 0x80, 0x00, 0x00, 0x00, 0x1C, 0x98, 0x56, 0x08, 0x80, 0x00
	.byte 0x00, 0x00, 0x9C, 0x98, 0x56, 0x08, 0x80, 0x00, 0x00, 0x00, 0x1C, 0x99, 0x56, 0x08, 0x80, 0x00
	.byte 0x00, 0x00, 0x9C, 0x99, 0x56, 0x08, 0x80, 0x00, 0x00, 0x00, 0x1C, 0x9A, 0x56, 0x08, 0x80, 0x00
	.byte 0x00, 0x00
	.globl gUnknown_856A1E4
gUnknown_856A1E4: @ 0x0856A1E4
	@ Replaced baserom.gba range: offset=0x56A1E4, size=0x18
	.byte 0xFF, 0xFF, 0x03, 0x10, 0xBC, 0xA0, 0x56, 0x08, 0x54, 0xA1, 0x56, 0x08, 0x6C, 0xA1, 0x56, 0x08
	.byte 0x10, 0xF3, 0x2B, 0x08, 0xFD, 0xA9, 0x0F, 0x08
	.globl gUnknown_856A1FC
gUnknown_856A1FC: @ 0x0856A1FC
	@ Replaced baserom.gba range: offset=0x56A1FC, size=0x18
	.byte 0xFF, 0xFF, 0x08, 0x10, 0xBC, 0xA0, 0x56, 0x08, 0x58, 0xA1, 0x56, 0x08, 0x94, 0xA1, 0x56, 0x08
	.byte 0x10, 0xF3, 0x2B, 0x08, 0x49, 0xAB, 0x0F, 0x08
	.globl gUnknown_856A214
gUnknown_856A214: @ 0x0856A214
	@ Replaced baserom.gba range: offset=0x56A214, size=0x5C
	.byte 0xFF, 0xFF, 0x08, 0x10, 0xBC, 0xA0, 0x56, 0x08, 0x68, 0xA1, 0x56, 0x08, 0xBC, 0xA1, 0x56, 0x08
	.byte 0x10, 0xF3, 0x2B, 0x08, 0x6D, 0xAC, 0x0F, 0x08, 0xFC, 0x97, 0x56, 0x08, 0x03, 0x10, 0x00, 0x00
	.byte 0x9C, 0x9D, 0x56, 0x08, 0x08, 0x10, 0x00, 0x00, 0x00, 0x80, 0x00, 0x80, 0x00, 0x08, 0x00, 0x00
	.byte 0x00, 0x00, 0x06, 0x00, 0x01, 0x00, 0x06, 0x00, 0x02, 0x00, 0x06, 0x00, 0xFF, 0xFF, 0x00, 0x00
	.byte 0x44, 0xA2, 0x56, 0x08, 0xBC, 0x9D, 0x56, 0x08, 0x00, 0x01, 0x00, 0x00, 0xBC, 0x9E, 0x56, 0x08
	.byte 0x00, 0x01, 0x00, 0x00, 0xBC, 0x9F, 0x56, 0x08, 0x00, 0x01, 0x00, 0x00
	.globl gUnknown_856A270
gUnknown_856A270: @ 0x0856A270
	@ Replaced baserom.gba range: offset=0x56A270, size=0x1D8
	.byte 0xFF, 0xFF, 0x0E, 0x10, 0x3C, 0xA2, 0x56, 0x08, 0x54, 0xA2, 0x56, 0x08, 0x58, 0xA2, 0x56, 0x08
	.byte 0x10, 0xF3, 0x2B, 0x08, 0x15, 0xB4, 0x0F, 0x08, 0x08, 0xAF, 0x35, 0x08, 0x0E, 0x10, 0x00, 0x00
	.byte 0x00, 0x00, 0x00, 0x00, 0x00, 0x00, 0x00, 0x00, 0x00, 0x01, 0x02, 0x00, 0x00, 0x00, 0x00, 0x00
	.byte 0x00, 0x00, 0x13, 0x00, 0x00, 0x00, 0x00, 0x00, 0x00, 0x00, 0x00, 0x00, 0x00, 0x00, 0x00, 0x00
	.byte 0x00, 0x00, 0x00, 0x00, 0x00, 0x00, 0x00, 0x00, 0x00, 0x40, 0x00, 0x00, 0x00, 0x00, 0x00, 0x00
	.byte 0x40, 0x00, 0x01, 0x00, 0x00, 0x00, 0x00, 0x00, 0x00, 0x00, 0x00, 0x00, 0x00, 0x00, 0x00, 0x00
	.byte 0x00, 0x00, 0x00, 0x00, 0x00, 0x00, 0x00, 0x00, 0x00, 0x20, 0x00, 0x03, 0x00, 0x00, 0x00, 0x00
	.byte 0x00, 0x04, 0x03, 0x01, 0x00, 0x00, 0x00, 0x00, 0x00, 0x00, 0x00, 0x00, 0x00, 0x00, 0x00, 0x00
	.byte 0x00, 0x00, 0x00, 0x00, 0x00, 0x00, 0x00, 0x00, 0x10, 0x20, 0x00, 0x00, 0x00, 0x00, 0x00, 0x00
	.byte 0x20, 0x00, 0x00, 0x00, 0x00, 0x00, 0x00, 0x00, 0x00, 0x00, 0x00, 0x00, 0x00, 0x00, 0x00, 0x00
	.byte 0x00, 0x00, 0x00, 0x00, 0x00, 0x00, 0x00, 0x00, 0x00, 0x20, 0x01, 0x00, 0x00, 0x00, 0x00, 0x00
	.byte 0x00, 0x43, 0x00, 0x00, 0x00, 0x00, 0x00, 0x00, 0x00, 0x00, 0x00, 0x00, 0x00, 0x00, 0x00, 0x00
	.byte 0x00, 0x00, 0x00, 0x00, 0x00, 0x00, 0x00, 0x00, 0x00, 0x20, 0x04, 0x00, 0x00, 0x00, 0x00, 0x00
	.byte 0x21, 0x00, 0x03, 0x00, 0x00, 0x00, 0x00, 0x00, 0x00, 0x00, 0x00, 0x00, 0x00, 0x00, 0x00, 0x00
	.byte 0x00, 0x00, 0x00, 0x00, 0x00, 0x00, 0x00, 0x00, 0x10, 0x02, 0x00, 0x00, 0x00, 0x00, 0x00, 0x00
	.byte 0x00, 0x40, 0x00, 0x03, 0x00, 0x00, 0x00, 0x00, 0x00, 0x00, 0x00, 0x00, 0x00, 0x00, 0x00, 0x00
	.byte 0x00, 0x00, 0x00, 0x00, 0x00, 0x00, 0x00, 0x00, 0x00, 0x01, 0x00, 0x00, 0x00, 0x00, 0x00, 0x00
	.byte 0x40, 0x02, 0x04, 0x00, 0x00, 0x00, 0x00, 0x00, 0x00, 0x00, 0x00, 0x00, 0x00, 0x00, 0x00, 0x00
	.byte 0x00, 0x00, 0x00, 0x00, 0x00, 0x00, 0x00, 0x00, 0x00, 0x40, 0x21, 0x00, 0x00, 0x00, 0x00, 0x00
	.byte 0x00, 0x00, 0x03, 0x00, 0x00, 0x00, 0x00, 0x00, 0x00, 0x00, 0x00, 0x00, 0x00, 0x00, 0x00, 0x00
	.byte 0x00, 0x00, 0x00, 0x00, 0x00, 0x00, 0x00, 0x00, 0x30, 0x00, 0x02, 0x00, 0x00, 0x00, 0x00, 0x00
	.byte 0x00, 0x01, 0x04, 0x00, 0x00, 0x00, 0x00, 0x00, 0x00, 0x00, 0x00, 0x00, 0x00, 0x00, 0x00, 0x00
	.byte 0x00, 0x00, 0x00, 0x00, 0x00, 0x00, 0x00, 0x00, 0x40, 0x03, 0x01, 0x00, 0x00, 0x00, 0x00, 0x00
	.byte 0x00, 0x34, 0x00, 0x00, 0x00, 0x00, 0x00, 0x00, 0x00, 0x00, 0x00, 0x00, 0x00, 0x00, 0x00, 0x00
	.byte 0x00, 0x00, 0x00, 0x00, 0x00, 0x00, 0x00, 0x00, 0x00, 0x23, 0x00, 0x00, 0x00, 0x00, 0x00, 0x00
	.byte 0x10, 0x04, 0x00, 0x00, 0x00, 0x00, 0x00, 0x00, 0x00, 0x00, 0x00, 0x00, 0x00, 0x00, 0x00, 0x00
	.byte 0x00, 0x00, 0x1F, 0x00, 0xE0, 0x03, 0x00, 0x7C, 0xFF, 0x03, 0x00, 0x00, 0x00, 0x00, 0x00, 0x00
	.byte 0x00, 0x00, 0x00, 0x00, 0x00, 0x00, 0x00, 0x00, 0x00, 0x00, 0x00, 0x00, 0x00, 0x00, 0x00, 0x00
	.byte 0x90, 0xA2, 0x56, 0x08, 0x80, 0x00, 0x00, 0x00, 0x10, 0xA3, 0x56, 0x08, 0x80, 0x00, 0x00, 0x00
	.byte 0x90, 0xA3, 0x56, 0x08, 0x80, 0x00, 0x00, 0x00
	.globl gUnknown_856A448
gUnknown_856A448: @ 0x0856A448
	@ Replaced baserom.gba range: offset=0x56A448, size=0x1C
	.byte 0x10, 0xA4, 0x56, 0x08, 0x00, 0x10, 0x00, 0x00, 0x00, 0x00, 0x1E, 0x00, 0x01, 0x00, 0x1E, 0x00
	.byte 0x02, 0x00, 0x1E, 0x00, 0xFE, 0xFF, 0x00, 0x00, 0x50, 0xA4, 0x56, 0x08
	.globl gUnknown_856A464
gUnknown_856A464: @ 0x0856A464
	@ Replaced baserom.gba range: offset=0x56A464, size=0x18
	.byte 0xFF, 0xFF, 0x00, 0x10, 0x58, 0x19, 0x4E, 0x08, 0x60, 0xA4, 0x56, 0x08, 0x30, 0xA4, 0x56, 0x08
	.byte 0x10, 0xF3, 0x2B, 0x08, 0x41, 0x71, 0x00, 0x08
	.globl gUnknown_856A47C
gUnknown_856A47C: @ 0x0856A47C
	@ Replaced baserom.gba range: offset=0x56A47C, size=0x13
	.byte 0x00, 0x00, 0x00, 0x00, 0x00, 0x00, 0x00, 0x00, 0x01, 0x02, 0x02, 0x02, 0x02, 0x02, 0x02, 0xFF
	.byte 0xFF, 0xFF, 0x00
	.globl gUnknown_856A48F
gUnknown_856A48F: @ 0x0856A48F
	@ Replaced baserom.gba range: offset=0x56A48F, size=0x2
	.byte 0x18, 0xFE
	.globl gUnknown_856A491
gUnknown_856A491: @ 0x0856A491
	@ Replaced baserom.gba range: offset=0x56A491, size=0x3
	.byte 0x17, 0xFE, 0x00
	.globl gUnknown_856A494
gUnknown_856A494: @ 0x0856A494
	@ Replaced baserom.gba range: offset=0x56A494, size=0x40
	.byte 0x06, 0x00, 0x07, 0x00, 0x05, 0x01, 0x00, 0x00, 0x09, 0x00, 0x0F, 0x00, 0x05, 0x02, 0x00, 0x00
	.byte 0x03, 0x00, 0x13, 0x00, 0x05, 0x01, 0x00, 0x00, 0x02, 0x00, 0x06, 0x00, 0x04, 0x01, 0x00, 0x00
	.byte 0x09, 0x00, 0x0C, 0x00, 0x04, 0x00, 0x00, 0x00, 0x06, 0x00, 0x17, 0x00, 0x04, 0x00, 0x00, 0x00
	.byte 0x0C, 0x00, 0x16, 0x00, 0x04, 0x00, 0x00, 0x00, 0x06, 0x00, 0x03, 0x00, 0x03, 0x02, 0x00, 0x00
	.globl gUnknown_856A4D4
gUnknown_856A4D4: @ 0x0856A4D4
	@ Replaced baserom.gba range: offset=0x56A4D4, size=0x3468
	.byte 0x0E, 0x00, 0x05, 0x00, 0x04, 0x01, 0x00, 0x00, 0x0A, 0x00, 0x06, 0x00, 0x01, 0x02, 0x00, 0x00
	.byte 0x06, 0x00, 0x06, 0x00, 0x03, 0x01, 0x00, 0x00, 0x0E, 0x00, 0x08, 0x00, 0x04, 0x01, 0x00, 0x00
	.byte 0x03, 0x00, 0x0A, 0x00, 0x02, 0x03, 0x00, 0x00, 0x09, 0x00, 0x0E, 0x00, 0x00, 0x01, 0x00, 0x00
	.byte 0x03, 0x00, 0x0F, 0x00, 0x06, 0x00, 0x00, 0x00, 0x02, 0x00, 0x11, 0x00, 0x01, 0x02, 0x00, 0x00
	.byte 0x0C, 0x00, 0x12, 0x00, 0x06, 0x03, 0x00, 0x00, 0x05, 0x00, 0x12, 0x00, 0x03, 0x01, 0x00, 0x00
	.byte 0x0A, 0x00, 0x13, 0x00, 0x02, 0x02, 0x00, 0x00, 0x00, 0x00, 0x00, 0x00, 0x00, 0x00, 0x00, 0x00
	.byte 0x00, 0x00, 0x00, 0x00, 0x00, 0x00, 0x00, 0x00, 0x00, 0x00, 0x00, 0x00, 0x00, 0x00, 0x00, 0x00
	.byte 0x00, 0x00, 0x00, 0x00, 0x00, 0x00, 0x00, 0x00, 0x00, 0x00, 0x00, 0x00, 0x00, 0x00, 0x00, 0xD0
	.byte 0x00, 0x00, 0x00, 0xDD, 0x00, 0x00, 0x00, 0xCD, 0x00, 0x00, 0x00, 0xCD, 0x00, 0x00, 0x00, 0xCD
	.byte 0x00, 0x00, 0x00, 0xCD, 0x00, 0x00, 0x00, 0xCD, 0x00, 0x00, 0x00, 0x00, 0x0D, 0x00, 0x00, 0x00
	.byte 0xDD, 0x00, 0x00, 0x00, 0xDD, 0x00, 0x00, 0x00, 0xDD, 0x00, 0x00, 0x00, 0xDD, 0x00, 0x00, 0x00
	.byte 0xDD, 0x00, 0x00, 0x00, 0xDD, 0x00, 0x00, 0x00, 0x00, 0x00, 0x00, 0x00, 0x00, 0x00, 0x00, 0x00
	.byte 0x00, 0x00, 0x00, 0x00, 0x00, 0x00, 0x00, 0x00, 0x00, 0x00, 0x00, 0x00, 0x00, 0x00, 0x00, 0x00
	.byte 0x00, 0x00, 0x00, 0x00, 0x00, 0x00, 0x00, 0x00, 0x00, 0x00, 0x00, 0x00, 0x00, 0x00, 0x00, 0x00
	.byte 0x00, 0x00, 0x00, 0x00, 0x00, 0x00, 0x00, 0x00, 0x00, 0x00, 0x00, 0x00, 0x00, 0x00, 0x00, 0x00
	.byte 0x00, 0x00, 0x00, 0x00, 0x00, 0x00, 0x00, 0x00, 0x00, 0x00, 0x00, 0xCD, 0x00, 0x00, 0x00, 0xCD
	.byte 0x00, 0x00, 0x00, 0xCD, 0x00, 0x00, 0x00, 0xCD, 0x00, 0x00, 0x00, 0xDD, 0x00, 0x00, 0x00, 0xFF
	.byte 0x00, 0x00, 0xF0, 0xFF, 0x00, 0x00, 0xF0, 0xBF, 0xDD, 0x00, 0x00, 0x00, 0xDD, 0x00, 0x00, 0x00
	.byte 0xDD, 0x00, 0x00, 0x00, 0xDD, 0x00, 0x00, 0x00, 0xDD, 0x00, 0x00, 0x00, 0xFF, 0x00, 0x00, 0x00
	.byte 0xFF, 0xDF, 0xDD, 0xDD, 0xFB, 0xDF, 0xCC, 0xCC, 0x00, 0x00, 0x00, 0x00, 0x00, 0x00, 0x00, 0x00
	.byte 0x00, 0x00, 0x00, 0x00, 0x00, 0x00, 0x00, 0x00, 0x00, 0x00, 0x00, 0x00, 0x00, 0x00, 0x00, 0x00
	.byte 0xDD, 0xDD, 0xDD, 0x00, 0xCC, 0xCC, 0xDC, 0x0D, 0x00, 0x00, 0x00, 0x00, 0x00, 0x00, 0x00, 0x00
	.byte 0x00, 0x00, 0x00, 0x00, 0x00, 0x00, 0x00, 0x00, 0x00, 0x00, 0x00, 0x00, 0x00, 0x00, 0x00, 0x00
	.byte 0x00, 0x00, 0x00, 0x00, 0x00, 0x00, 0x00, 0x00, 0x00, 0x00, 0xF0, 0xBF, 0x00, 0x00, 0xF0, 0xFF
	.byte 0x00, 0x00, 0x00, 0xFF, 0x00, 0x00, 0x00, 0x00, 0x00, 0x00, 0x00, 0x00, 0x00, 0x00, 0x00, 0x00
	.byte 0x00, 0x00, 0x00, 0x00, 0x00, 0x00, 0x00, 0x00, 0xFB, 0xDF, 0xDD, 0xDD, 0xFF, 0xDF, 0xDD, 0xDD
	.byte 0xFF, 0x00, 0x00, 0x00, 0x00, 0x00, 0x00, 0x00, 0x00, 0x00, 0x00, 0x00, 0x00, 0x00, 0x00, 0x00
	.byte 0x00, 0x00, 0x00, 0x00, 0x00, 0x00, 0x00, 0x00, 0xDD, 0xDD, 0xDD, 0x0D, 0xDD, 0xDD, 0xDD, 0x00
	.byte 0x00, 0x00, 0x00, 0x00, 0x00, 0x00, 0x00, 0x00, 0x00, 0x00, 0x00, 0x00, 0x00, 0x00, 0x00, 0x00
	.byte 0x00, 0x00, 0x00, 0x00, 0x00, 0x00, 0x00, 0x00, 0x00, 0x00, 0x00, 0x00, 0x00, 0x00, 0x00, 0x00
	.byte 0x00, 0x00, 0x00, 0x00, 0x00, 0x00, 0x00, 0x00, 0x00, 0x00, 0x00, 0x00, 0x00, 0x00, 0x00, 0x00
	.byte 0x00, 0x00, 0x00, 0x00, 0x00, 0x00, 0x00, 0x00, 0x00, 0x00, 0x00, 0x00, 0x00, 0x00, 0x00, 0x00
	.byte 0x00, 0x00, 0x00, 0x00, 0x00, 0x00, 0x00, 0x00, 0x00, 0x00, 0x00, 0x00, 0x00, 0x00, 0x00, 0x00
	.byte 0x00, 0x00, 0x00, 0x00, 0x00, 0x00, 0x00, 0x00, 0x00, 0x00, 0x00, 0x00, 0x00, 0x00, 0x00, 0x00
	.byte 0x00, 0x00, 0x00, 0x00, 0x00, 0x00, 0x00, 0x00, 0x00, 0x00, 0x00, 0x00, 0x00, 0x00, 0x00, 0x00
	.byte 0x00, 0x00, 0x00, 0x00, 0x00, 0x00, 0x00, 0x00, 0x00, 0x00, 0x00, 0x00, 0x00, 0x00, 0x00, 0x00
	.byte 0x00, 0x00, 0x00, 0x00, 0x00, 0x00, 0x00, 0x00, 0x00, 0x00, 0x00, 0x00, 0x00, 0x00, 0x00, 0x00
	.byte 0x00, 0x00, 0x00, 0x00, 0x00, 0x00, 0x00, 0x00, 0x00, 0x00, 0x00, 0x00, 0x00, 0x00, 0x00, 0x00
	.byte 0x00, 0x00, 0x00, 0x00, 0x00, 0x00, 0x00, 0x00, 0x00, 0x00, 0x00, 0x00, 0x00, 0x00, 0x00, 0x00
	.byte 0x00, 0x00, 0x00, 0x00, 0x00, 0x00, 0x00, 0x00, 0x00, 0x00, 0x00, 0x00, 0x00, 0x00, 0x00, 0x00
	.byte 0x00, 0x00, 0x00, 0x00, 0x00, 0x00, 0x00, 0x00, 0x00, 0x00, 0x00, 0x00, 0x00, 0x00, 0x00, 0x00
	.byte 0x00, 0x00, 0x00, 0x00, 0x00, 0x00, 0x00, 0x00, 0x00, 0x00, 0x00, 0x00, 0x00, 0x00, 0x00, 0x00
	.byte 0x00, 0x00, 0x00, 0x00, 0x00, 0x00, 0x00, 0x00, 0x00, 0x00, 0x00, 0x00, 0x00, 0x00, 0x00, 0x00
	.byte 0x00, 0x00, 0x00, 0x00, 0x00, 0x00, 0x00, 0x00, 0x00, 0x00, 0x00, 0x00, 0x00, 0x00, 0x00, 0xD0
	.byte 0x00, 0x00, 0x00, 0xDD, 0x00, 0x00, 0x00, 0xCD, 0x00, 0x00, 0x00, 0xCD, 0x00, 0x00, 0x00, 0xCD
	.byte 0x00, 0x00, 0x00, 0xCD, 0x00, 0x00, 0x00, 0xCD, 0x00, 0x00, 0x00, 0x00, 0x0D, 0x00, 0x00, 0x00
	.byte 0xDD, 0x00, 0x00, 0x00, 0xDD, 0x00, 0x00, 0x00, 0xDD, 0x00, 0x00, 0x00, 0xDD, 0x00, 0x00, 0x00
	.byte 0xDD, 0x00, 0x00, 0x00, 0xDD, 0x00, 0x00, 0x00, 0x00, 0x00, 0x00, 0x00, 0x00, 0x00, 0x00, 0x00
	.byte 0x00, 0x00, 0x00, 0x00, 0x00, 0x00, 0x00, 0x00, 0x00, 0x00, 0x00, 0x00, 0x00, 0x00, 0x00, 0x00
	.byte 0x00, 0x00, 0x00, 0x00, 0x00, 0x00, 0x00, 0x00, 0x00, 0x00, 0x00, 0x00, 0x00, 0x00, 0x00, 0x00
	.byte 0x00, 0x00, 0x00, 0x00, 0x00, 0x00, 0x00, 0x00, 0x00, 0x00, 0x00, 0x00, 0x00, 0x00, 0x00, 0x00
	.byte 0x00, 0x00, 0x00, 0x00, 0x00, 0x00, 0x00, 0x00, 0x00, 0x00, 0x00, 0x00, 0x00, 0x00, 0x00, 0x00
	.byte 0x00, 0x00, 0x00, 0x00, 0x00, 0x00, 0x00, 0x00, 0x00, 0x00, 0x00, 0x00, 0x00, 0x00, 0x00, 0x00
	.byte 0x00, 0x00, 0x00, 0x00, 0x00, 0x00, 0x00, 0x00, 0x00, 0x00, 0x00, 0x00, 0x00, 0x00, 0x00, 0x00
	.byte 0x00, 0x00, 0x00, 0x00, 0x00, 0x00, 0x00, 0x00, 0x00, 0x00, 0x00, 0x00, 0x00, 0x00, 0x00, 0x00
	.byte 0x00, 0x00, 0x00, 0x00, 0x00, 0x00, 0x00, 0x00, 0x00, 0x00, 0x00, 0x00, 0x00, 0x00, 0x00, 0x00
	.byte 0x00, 0x00, 0x00, 0x00, 0x00, 0x00, 0x00, 0x00, 0x00, 0x00, 0x00, 0x00, 0x00, 0x00, 0x00, 0x00
	.byte 0x00, 0x00, 0x00, 0x00, 0x00, 0x00, 0x00, 0x00, 0x00, 0x00, 0x00, 0x00, 0x00, 0x00, 0x00, 0x00
	.byte 0x00, 0x00, 0x00, 0x00, 0x00, 0x00, 0x00, 0x00, 0x00, 0x00, 0x00, 0x00, 0x00, 0x00, 0x00, 0x00
	.byte 0x00, 0x00, 0x00, 0x00, 0x00, 0x00, 0x00, 0x00, 0x00, 0x00, 0x00, 0xCD, 0x00, 0x00, 0x00, 0xCD
	.byte 0x00, 0x00, 0x00, 0xCD, 0x00, 0x00, 0x00, 0xCD, 0x00, 0x00, 0x00, 0xCD, 0x00, 0x00, 0x00, 0xCD
	.byte 0x00, 0x00, 0x00, 0xCD, 0x00, 0x00, 0x00, 0xCD, 0xDD, 0x00, 0x00, 0x00, 0xDD, 0x00, 0x00, 0x00
	.byte 0xDD, 0x00, 0x00, 0x00, 0xDD, 0x00, 0x00, 0x00, 0xDD, 0x00, 0x00, 0x00, 0xDD, 0x00, 0x00, 0x00
	.byte 0xDD, 0x00, 0x00, 0x00, 0xDD, 0x00, 0x00, 0x00, 0x00, 0x00, 0x00, 0x00, 0x00, 0x00, 0x00, 0x00
	.byte 0x00, 0x00, 0x00, 0x00, 0x00, 0x00, 0x00, 0x00, 0x00, 0x00, 0x00, 0x00, 0x00, 0x00, 0x00, 0x00
	.byte 0x00, 0x00, 0x00, 0x00, 0x00, 0x00, 0x00, 0x00, 0x00, 0x00, 0x00, 0x00, 0x00, 0x00, 0x00, 0x00
	.byte 0x00, 0x00, 0x00, 0x00, 0x00, 0x00, 0x00, 0x00, 0x00, 0x00, 0x00, 0x00, 0x00, 0x00, 0x00, 0x00
	.byte 0x00, 0x00, 0x00, 0x00, 0x00, 0x00, 0x00, 0x00, 0x00, 0x00, 0x00, 0x00, 0x00, 0x00, 0x00, 0x00
	.byte 0x00, 0x00, 0x00, 0x00, 0x00, 0x00, 0x00, 0x00, 0x00, 0x00, 0x00, 0x00, 0x00, 0x00, 0x00, 0x00
	.byte 0x00, 0x00, 0x00, 0x00, 0x00, 0x00, 0x00, 0x00, 0x00, 0x00, 0x00, 0x00, 0x00, 0x00, 0x00, 0x00
	.byte 0x00, 0x00, 0x00, 0x00, 0x00, 0x00, 0x00, 0x00, 0x00, 0x00, 0x00, 0x00, 0x00, 0x00, 0x00, 0x00
	.byte 0x00, 0x00, 0x00, 0x00, 0x00, 0x00, 0x00, 0x00, 0x00, 0x00, 0x00, 0x00, 0x00, 0x00, 0x00, 0x00
	.byte 0x00, 0x00, 0x00, 0x00, 0x00, 0x00, 0x00, 0x00, 0x00, 0x00, 0x00, 0x00, 0x00, 0x00, 0x00, 0x00
	.byte 0x00, 0x00, 0x00, 0x00, 0x00, 0x00, 0x00, 0x00, 0x00, 0x00, 0x00, 0x00, 0x00, 0x00, 0x00, 0x00
	.byte 0x00, 0x00, 0x00, 0x00, 0x00, 0x00, 0x00, 0x00, 0x00, 0x00, 0x00, 0x00, 0x00, 0x00, 0x00, 0x00
	.byte 0x00, 0x00, 0x00, 0x00, 0x00, 0x00, 0x00, 0x00, 0x00, 0x00, 0x00, 0xCD, 0x00, 0x00, 0x00, 0xCD
	.byte 0x00, 0x00, 0x00, 0xCD, 0x00, 0x00, 0x00, 0xCD, 0x00, 0x00, 0x00, 0xCD, 0x00, 0x00, 0x00, 0xCD
	.byte 0x00, 0x00, 0x00, 0xCD, 0x00, 0x00, 0x00, 0xCD, 0xDD, 0x00, 0x00, 0x00, 0xDD, 0x00, 0x00, 0x00
	.byte 0xDD, 0x00, 0x00, 0x00, 0xDD, 0x00, 0x00, 0x00, 0xDD, 0x00, 0x00, 0x00, 0xDD, 0x00, 0x00, 0x00
	.byte 0xDD, 0x00, 0x00, 0x00, 0xDD, 0x00, 0x00, 0x00, 0x00, 0x00, 0x00, 0x00, 0x00, 0x00, 0x00, 0x00
	.byte 0x00, 0x00, 0x00, 0x00, 0x00, 0x00, 0x00, 0x00, 0x00, 0x00, 0x00, 0x00, 0x00, 0x00, 0x00, 0x00
	.byte 0x00, 0x00, 0x00, 0x00, 0x00, 0x00, 0x00, 0x00, 0x00, 0x00, 0x00, 0x00, 0x00, 0x00, 0x00, 0x00
	.byte 0x00, 0x00, 0x00, 0x00, 0x00, 0x00, 0x00, 0x00, 0x00, 0x00, 0x00, 0x00, 0x00, 0x00, 0x00, 0x00
	.byte 0x00, 0x00, 0x00, 0x00, 0x00, 0x00, 0x00, 0x00, 0x00, 0x00, 0x00, 0x00, 0x00, 0x00, 0x00, 0x00
	.byte 0x00, 0x00, 0x00, 0x00, 0x00, 0x00, 0x00, 0x00, 0x00, 0x00, 0x00, 0x00, 0x00, 0x00, 0x00, 0x00
	.byte 0x00, 0x00, 0x00, 0x00, 0x00, 0x00, 0x00, 0x00, 0x00, 0x00, 0x00, 0x00, 0x00, 0x00, 0x00, 0x00
	.byte 0x00, 0x00, 0x00, 0x00, 0x00, 0x00, 0x00, 0x00, 0x00, 0x00, 0x00, 0x00, 0x00, 0x00, 0x00, 0x00
	.byte 0x00, 0x00, 0x00, 0x00, 0x00, 0x00, 0x00, 0x00, 0x00, 0x00, 0x00, 0x00, 0x00, 0x00, 0x00, 0x00
	.byte 0x00, 0x00, 0x00, 0x00, 0x00, 0x00, 0x00, 0x00, 0x00, 0x00, 0x00, 0x00, 0x00, 0x00, 0x00, 0x00
	.byte 0x00, 0x00, 0x00, 0x00, 0x00, 0x00, 0x00, 0x00, 0x00, 0x00, 0x00, 0x00, 0x00, 0x00, 0x00, 0x00
	.byte 0x00, 0x00, 0x00, 0x00, 0x00, 0x00, 0x00, 0x00, 0x00, 0x00, 0x00, 0x00, 0x00, 0x00, 0x00, 0x00
	.byte 0x00, 0x00, 0x00, 0x00, 0x00, 0x00, 0x00, 0x00, 0x00, 0x00, 0x00, 0xCD, 0x00, 0x00, 0x00, 0xCD
	.byte 0x00, 0x00, 0x00, 0xCD, 0x00, 0x00, 0x00, 0xCD, 0x00, 0x00, 0x00, 0xDD, 0x00, 0x00, 0x00, 0xFF
	.byte 0x00, 0x00, 0xF0, 0xFF, 0x00, 0x00, 0xF0, 0xBF, 0xDD, 0x00, 0x00, 0x00, 0xDD, 0x00, 0x00, 0x00
	.byte 0xDD, 0x00, 0x00, 0x00, 0xDD, 0x00, 0x00, 0x00, 0xDD, 0x00, 0x00, 0x00, 0xFF, 0x00, 0x00, 0x00
	.byte 0xFF, 0xDF, 0xDD, 0xDD, 0xFB, 0xDF, 0xCC, 0xCC, 0x00, 0x00, 0x00, 0x00, 0x00, 0x00, 0x00, 0x00
	.byte 0x00, 0x00, 0x00, 0x00, 0x00, 0x00, 0x00, 0x00, 0x00, 0x00, 0x00, 0x00, 0x00, 0x00, 0x00, 0x00
	.byte 0xDD, 0xDD, 0xDD, 0x00, 0xCC, 0xCC, 0xDC, 0x0D, 0x00, 0x00, 0x00, 0x00, 0x00, 0x00, 0x00, 0x00
	.byte 0x00, 0x00, 0x00, 0x00, 0x00, 0x00, 0x00, 0x00, 0x00, 0x00, 0x00, 0x00, 0x00, 0x00, 0x00, 0x00
	.byte 0x00, 0x00, 0x00, 0x00, 0x00, 0x00, 0x00, 0x00, 0x00, 0x00, 0x00, 0x00, 0x00, 0x00, 0x00, 0x00
	.byte 0x00, 0x00, 0x00, 0x00, 0x00, 0x00, 0x00, 0x00, 0x00, 0x00, 0x00, 0x00, 0x00, 0x00, 0x00, 0x00
	.byte 0x00, 0x00, 0x00, 0x00, 0x00, 0x00, 0x00, 0x00, 0x00, 0x00, 0x00, 0x00, 0x00, 0x00, 0x00, 0x00
	.byte 0x00, 0x00, 0x00, 0x00, 0x00, 0x00, 0x00, 0x00, 0x00, 0x00, 0x00, 0x00, 0x00, 0x00, 0x00, 0x00
	.byte 0x00, 0x00, 0x00, 0x00, 0x00, 0x00, 0x00, 0x00, 0x00, 0x00, 0x00, 0x00, 0x00, 0x00, 0x00, 0x00
	.byte 0x00, 0x00, 0x00, 0x00, 0x00, 0x00, 0x00, 0x00, 0x00, 0x00, 0x00, 0x00, 0x00, 0x00, 0x00, 0x00
	.byte 0x00, 0x00, 0x00, 0x00, 0x00, 0x00, 0x00, 0x00, 0x00, 0x00, 0x00, 0x00, 0x00, 0x00, 0x00, 0x00
	.byte 0x00, 0x00, 0x00, 0x00, 0x00, 0x00, 0x00, 0x00, 0x00, 0x00, 0x00, 0x00, 0x00, 0x00, 0x00, 0x00
	.byte 0x00, 0x00, 0x00, 0x00, 0x00, 0x00, 0x00, 0x00, 0x00, 0x00, 0xF0, 0xBF, 0x00, 0x00, 0xF0, 0xFF
	.byte 0x00, 0x00, 0x00, 0xFF, 0x00, 0x00, 0x00, 0x00, 0x00, 0x00, 0x00, 0x00, 0x00, 0x00, 0x00, 0x00
	.byte 0x00, 0x00, 0x00, 0x00, 0x00, 0x00, 0x00, 0x00, 0xFB, 0xDF, 0xDD, 0xDD, 0xFF, 0xDF, 0xDD, 0xDD
	.byte 0xFF, 0x00, 0x00, 0x00, 0x00, 0x00, 0x00, 0x00, 0x00, 0x00, 0x00, 0x00, 0x00, 0x00, 0x00, 0x00
	.byte 0x00, 0x00, 0x00, 0x00, 0x00, 0x00, 0x00, 0x00, 0xDD, 0xDD, 0xDD, 0x0D, 0xDD, 0xDD, 0xDD, 0x00
	.byte 0x00, 0x00, 0x00, 0x00, 0x00, 0x00, 0x00, 0x00, 0x00, 0x00, 0x00, 0x00, 0x00, 0x00, 0x00, 0x00
	.byte 0x00, 0x00, 0x00, 0x00, 0x00, 0x00, 0x00, 0x00, 0x00, 0x00, 0x00, 0x00, 0x00, 0x00, 0x00, 0x00
	.byte 0x00, 0x00, 0x00, 0x00, 0x00, 0x00, 0x00, 0x00, 0x00, 0x00, 0x00, 0x00, 0x00, 0x00, 0x00, 0x00
	.byte 0x00, 0x00, 0x00, 0x00, 0x00, 0x00, 0x00, 0x00, 0x00, 0x00, 0x00, 0x00, 0x00, 0x00, 0x00, 0x00
	.byte 0x00, 0x00, 0x00, 0x00, 0x00, 0x00, 0x00, 0x00, 0x00, 0x00, 0x00, 0x00, 0x00, 0x00, 0x00, 0x00
	.byte 0x00, 0x00, 0x00, 0x00, 0x00, 0x00, 0x00, 0x00, 0x00, 0x00, 0x00, 0x00, 0x00, 0x00, 0x00, 0x00
	.byte 0x00, 0x00, 0x00, 0x00, 0x00, 0x00, 0x00, 0x00, 0x00, 0x00, 0x00, 0x00, 0x00, 0x00, 0x00, 0x00
	.byte 0x00, 0x00, 0x00, 0x00, 0x00, 0x00, 0x00, 0x00, 0x00, 0x00, 0x00, 0x00, 0x00, 0x00, 0x00, 0x00
	.byte 0x00, 0x00, 0x00, 0x00, 0x00, 0x00, 0x00, 0x00, 0x00, 0x00, 0x00, 0x00, 0x00, 0x00, 0x00, 0x00
	.byte 0x00, 0x00, 0x00, 0x00, 0x00, 0x00, 0x00, 0x00, 0x00, 0x00, 0x00, 0x00, 0x00, 0x00, 0x00, 0x00
	.byte 0x00, 0x00, 0x00, 0x00, 0x00, 0x00, 0x00, 0x00, 0x00, 0x00, 0x00, 0x00, 0x00, 0x00, 0x00, 0x00
	.byte 0x00, 0x00, 0x00, 0x00, 0x00, 0x00, 0x00, 0x00, 0x00, 0x00, 0x00, 0x00, 0x00, 0x00, 0x00, 0x00
	.byte 0x00, 0x00, 0x00, 0x00, 0x00, 0x00, 0x00, 0x00, 0x00, 0x00, 0x00, 0x00, 0x00, 0x00, 0x00, 0x00
	.byte 0x00, 0x00, 0x00, 0x00, 0x00, 0x00, 0x00, 0x00, 0x00, 0x00, 0x00, 0x00, 0x00, 0x00, 0x00, 0x00
	.byte 0x00, 0x00, 0x00, 0x00, 0x00, 0x00, 0x00, 0x00, 0x00, 0x00, 0x00, 0x00, 0x00, 0x00, 0x00, 0x00
	.byte 0x00, 0x00, 0x00, 0x00, 0x00, 0x00, 0x00, 0x00, 0x00, 0x00, 0x00, 0x00, 0x00, 0x00, 0x00, 0x00
	.byte 0x00, 0x00, 0x00, 0x00, 0x00, 0x00, 0x00, 0x00, 0x00, 0x00, 0x00, 0x00, 0x00, 0x00, 0x00, 0x00
	.byte 0x00, 0x00, 0x00, 0x00, 0x00, 0x00, 0x00, 0x00, 0x00, 0x00, 0x00, 0x00, 0x00, 0x00, 0x00, 0x00
	.byte 0x00, 0x00, 0x00, 0x00, 0x00, 0x00, 0x00, 0x00, 0x00, 0x00, 0x00, 0x00, 0x00, 0x00, 0x00, 0x00
	.byte 0x00, 0x00, 0x00, 0x00, 0x00, 0x00, 0x00, 0x00, 0x00, 0x00, 0x00, 0x00, 0x00, 0x00, 0x00, 0x00
	.byte 0x00, 0x00, 0x00, 0x00, 0x00, 0x00, 0x00, 0x00, 0x00, 0x00, 0x00, 0x00, 0x00, 0x00, 0x00, 0x00
	.byte 0x00, 0x00, 0x00, 0x00, 0x00, 0x00, 0x00, 0x00, 0x00, 0x00, 0x00, 0x00, 0x00, 0x00, 0x00, 0x00
	.byte 0x00, 0x00, 0x00, 0x00, 0x00, 0x00, 0x00, 0x00, 0x00, 0x00, 0x00, 0x00, 0x00, 0x00, 0x00, 0x00
	.byte 0x00, 0x00, 0x00, 0x00, 0x00, 0x00, 0x00, 0x00, 0x00, 0x00, 0x00, 0x00, 0x00, 0x00, 0x00, 0x00
	.byte 0x00, 0x00, 0x00, 0x00, 0x00, 0x00, 0x00, 0x00, 0x00, 0x00, 0x00, 0x00, 0x00, 0x00, 0x00, 0x00
	.byte 0x00, 0x00, 0x00, 0x00, 0x00, 0x00, 0x00, 0x00, 0x00, 0x00, 0x00, 0x00, 0x00, 0x00, 0x00, 0x00
	.byte 0x00, 0x00, 0x00, 0x00, 0x00, 0x00, 0x00, 0x00, 0x00, 0x00, 0x00, 0x00, 0x00, 0x00, 0x00, 0x00
	.byte 0x00, 0x00, 0x00, 0x00, 0x00, 0x00, 0x00, 0x00, 0x00, 0x00, 0x00, 0x00, 0x00, 0x00, 0x00, 0x00
	.byte 0x00, 0x00, 0x00, 0x00, 0x00, 0x00, 0x00, 0x00, 0x00, 0x00, 0x00, 0x00, 0x00, 0x00, 0x00, 0x00
	.byte 0x00, 0x00, 0x00, 0x00, 0x00, 0x00, 0x00, 0x00, 0x00, 0x00, 0x00, 0x00, 0x00, 0x00, 0x00, 0x00
	.byte 0x00, 0x00, 0x00, 0x00, 0x00, 0x00, 0x00, 0x00, 0x00, 0x00, 0x00, 0x00, 0x00, 0x00, 0x00, 0x00
	.byte 0x00, 0x00, 0x00, 0x00, 0x00, 0x00, 0x00, 0x00, 0x00, 0x00, 0x00, 0x00, 0x00, 0x00, 0x00, 0x00
	.byte 0x00, 0x00, 0x00, 0x00, 0x00, 0x00, 0x00, 0x00, 0x00, 0x00, 0x00, 0x00, 0x00, 0x00, 0x00, 0x00
	.byte 0x00, 0x00, 0x00, 0x00, 0x00, 0x00, 0x00, 0x00, 0x00, 0x00, 0x00, 0x00, 0x00, 0x00, 0x00, 0x00
	.byte 0x00, 0x00, 0x00, 0x00, 0x00, 0x00, 0x00, 0x00, 0x00, 0x00, 0x00, 0x00, 0x00, 0x00, 0x00, 0x00
	.byte 0x00, 0x00, 0x00, 0x00, 0x00, 0x00, 0x00, 0x00, 0x00, 0x00, 0x00, 0x00, 0x00, 0x00, 0x00, 0x00
	.byte 0x00, 0x00, 0x00, 0x00, 0x00, 0x00, 0x00, 0x00, 0x00, 0x00, 0x00, 0x00, 0x00, 0x00, 0x00, 0x00
	.byte 0x00, 0x00, 0x00, 0x00, 0x00, 0x00, 0x00, 0x00, 0x00, 0x00, 0x00, 0x00, 0x00, 0x00, 0x00, 0x00
	.byte 0x00, 0x00, 0x00, 0x00, 0x00, 0x00, 0x00, 0x00, 0x00, 0x00, 0x00, 0x00, 0x00, 0x00, 0x00, 0x00
	.byte 0x00, 0x00, 0x00, 0x00, 0x00, 0x00, 0x00, 0x00, 0x00, 0x00, 0x00, 0x00, 0x00, 0x00, 0x00, 0x00
	.byte 0x00, 0x00, 0x00, 0x00, 0x00, 0x00, 0x00, 0x00, 0x00, 0x00, 0x00, 0x00, 0x00, 0x00, 0x00, 0x00
	.byte 0x00, 0x00, 0x00, 0x00, 0x00, 0x00, 0x00, 0x00, 0x00, 0x00, 0x00, 0x00, 0x00, 0x00, 0x00, 0x00
	.byte 0x00, 0x00, 0x00, 0x00, 0x00, 0x00, 0x00, 0x00, 0x00, 0x00, 0x00, 0x00, 0x00, 0x00, 0x00, 0x00
	.byte 0x00, 0x00, 0x00, 0x00, 0x00, 0x00, 0x00, 0x00, 0x00, 0x00, 0x00, 0x00, 0x00, 0x00, 0x00, 0x00
	.byte 0x00, 0x00, 0x00, 0x00, 0x00, 0x00, 0x00, 0x00, 0x00, 0x00, 0x00, 0x00, 0x00, 0x00, 0x00, 0x00
	.byte 0x00, 0x00, 0x00, 0x00, 0x00, 0x00, 0x00, 0x00, 0x00, 0x00, 0x00, 0x00, 0x00, 0x00, 0x00, 0x00
	.byte 0x00, 0x00, 0x00, 0x00, 0x00, 0x00, 0x00, 0x00, 0x00, 0x00, 0x00, 0x00, 0x00, 0x00, 0x00, 0x00
	.byte 0x00, 0x00, 0x00, 0x00, 0x00, 0x00, 0x00, 0x00, 0x00, 0x00, 0x00, 0x00, 0x00, 0x00, 0x00, 0x00
	.byte 0x00, 0x00, 0x00, 0x00, 0x00, 0x00, 0x00, 0x00, 0x00, 0x00, 0x00, 0x00, 0x00, 0x00, 0x00, 0x00
	.byte 0x00, 0x00, 0x00, 0x00, 0x00, 0x00, 0x00, 0x00, 0x00, 0x00, 0x00, 0x00, 0x00, 0x00, 0x00, 0x00
	.byte 0x00, 0x00, 0x00, 0x00, 0x00, 0x00, 0x00, 0x00, 0x00, 0x00, 0x00, 0x00, 0x00, 0x00, 0x00, 0x00
	.byte 0x00, 0x00, 0x00, 0x00, 0x00, 0x00, 0x00, 0x00, 0x00, 0x00, 0x00, 0x00, 0x00, 0x00, 0x00, 0x00
	.byte 0x00, 0x00, 0x00, 0x00, 0x00, 0x00, 0x00, 0x00, 0x00, 0x00, 0x00, 0x00, 0x00, 0x00, 0x00, 0x00
	.byte 0x00, 0x00, 0x00, 0x00, 0x00, 0x00, 0x00, 0x00, 0x00, 0x00, 0x00, 0x00, 0x00, 0x00, 0x00, 0x00
	.byte 0x00, 0x00, 0x00, 0x00, 0x00, 0x00, 0x00, 0x00, 0x00, 0x00, 0x00, 0x00, 0x00, 0x00, 0x00, 0x00
	.byte 0x00, 0x00, 0x00, 0x00, 0x00, 0x00, 0x00, 0x00, 0x00, 0x00, 0x00, 0x00, 0x00, 0x00, 0x00, 0x00
	.byte 0x00, 0x00, 0x00, 0x00, 0x00, 0x00, 0x00, 0x00, 0x00, 0x00, 0x00, 0x00, 0x00, 0x00, 0x00, 0x00
	.byte 0x00, 0x00, 0x00, 0x00, 0x00, 0x00, 0x00, 0x00, 0x00, 0x00, 0x00, 0x00, 0x00, 0x00, 0x00, 0x00
	.byte 0x00, 0x00, 0x00, 0x00, 0x00, 0x00, 0x00, 0x00, 0x00, 0x00, 0x00, 0x00, 0x00, 0x00, 0x00, 0x00
	.byte 0x00, 0x00, 0x00, 0x00, 0x00, 0x00, 0x00, 0x00, 0x00, 0x00, 0x00, 0x00, 0x00, 0x00, 0x00, 0x00
	.byte 0x00, 0x00, 0x00, 0x00, 0x00, 0x00, 0x00, 0x00, 0x00, 0x00, 0x00, 0x00, 0x00, 0x00, 0x00, 0x00
	.byte 0x00, 0x00, 0x00, 0x00, 0x00, 0x00, 0x00, 0x00, 0x00, 0x00, 0x00, 0x00, 0x00, 0x00, 0x00, 0x00
	.byte 0x00, 0x00, 0x00, 0x00, 0x00, 0x00, 0x00, 0x00, 0x00, 0x00, 0x00, 0x00, 0x00, 0x00, 0x00, 0x00
	.byte 0x00, 0x00, 0x00, 0x00, 0x00, 0x00, 0x00, 0x00, 0x00, 0x00, 0x00, 0x00, 0x00, 0x00, 0x00, 0x00
	.byte 0x00, 0x00, 0x00, 0x00, 0x00, 0x00, 0x00, 0x00, 0x00, 0x00, 0x00, 0x00, 0x00, 0x00, 0x00, 0x00
	.byte 0x00, 0x00, 0x00, 0x00, 0x00, 0x00, 0x00, 0x00, 0x00, 0x00, 0x00, 0x00, 0x00, 0x00, 0x00, 0x00
	.byte 0x00, 0x00, 0x00, 0x00, 0x00, 0x00, 0x00, 0x00, 0x00, 0x00, 0x00, 0x00, 0x00, 0x00, 0x00, 0x00
	.byte 0x00, 0x00, 0x00, 0x00, 0x00, 0x00, 0x00, 0x00, 0x00, 0x00, 0x00, 0x00, 0x00, 0x00, 0x00, 0x00
	.byte 0x00, 0x00, 0x00, 0x00, 0x00, 0x00, 0x00, 0x00, 0x00, 0x00, 0x00, 0x00, 0x00, 0x00, 0x00, 0x00
	.byte 0x00, 0x00, 0x00, 0x00, 0x00, 0x00, 0x00, 0x00, 0x00, 0x00, 0x00, 0x00, 0x00, 0x00, 0x00, 0x00
	.byte 0x00, 0x00, 0x00, 0x00, 0x00, 0x00, 0x00, 0x00, 0x00, 0x00, 0x00, 0x00, 0x00, 0x00, 0x00, 0x00
	.byte 0x00, 0x00, 0x00, 0x00, 0x00, 0x00, 0x00, 0x00, 0x00, 0x00, 0x00, 0x00, 0x00, 0x00, 0x00, 0x00
	.byte 0x00, 0x00, 0x00, 0x00, 0x00, 0x00, 0x00, 0x00, 0x00, 0x00, 0x00, 0x00, 0x00, 0x00, 0x00, 0x00
	.byte 0x00, 0x00, 0x00, 0x00, 0x00, 0x00, 0x00, 0x00, 0x00, 0x00, 0x00, 0x00, 0x00, 0x00, 0x00, 0x00
	.byte 0x00, 0x00, 0x00, 0x00, 0x00, 0x00, 0x00, 0x00, 0x00, 0x00, 0x00, 0x00, 0x00, 0x00, 0x00, 0x00
	.byte 0x00, 0x00, 0x00, 0x00, 0x00, 0x00, 0x00, 0x00, 0x00, 0x00, 0x00, 0x00, 0x00, 0x00, 0x00, 0x00
	.byte 0x00, 0x00, 0x00, 0x00, 0x00, 0x00, 0x00, 0x00, 0x00, 0x00, 0x00, 0x00, 0x00, 0x00, 0x00, 0x00
	.byte 0x00, 0x00, 0x00, 0x00, 0x00, 0x00, 0x00, 0x00, 0x00, 0x00, 0x00, 0x00, 0x00, 0x00, 0x00, 0x00
	.byte 0x00, 0x00, 0x00, 0x00, 0x00, 0x00, 0x00, 0x00, 0x00, 0x00, 0x00, 0x00, 0x00, 0x00, 0x00, 0x00
	.byte 0x00, 0x00, 0x00, 0x00, 0x00, 0x00, 0x00, 0x00, 0x00, 0x00, 0x00, 0x00, 0x00, 0x00, 0x00, 0x00
	.byte 0x00, 0x00, 0x00, 0x00, 0x00, 0x00, 0x00, 0x00, 0x00, 0x00, 0x00, 0x00, 0x00, 0x00, 0x00, 0x00
	.byte 0x00, 0x00, 0x00, 0x00, 0x00, 0x00, 0x00, 0x00, 0x00, 0x00, 0x00, 0x00, 0x00, 0x00, 0x00, 0x00
	.byte 0x00, 0x00, 0x00, 0x00, 0x00, 0x00, 0x00, 0x00, 0x00, 0x00, 0x00, 0x00, 0x00, 0x00, 0x00, 0x00
	.byte 0x00, 0x00, 0x00, 0x00, 0x00, 0x00, 0x00, 0x00, 0x00, 0x00, 0x00, 0x00, 0x00, 0x00, 0x00, 0x00
	.byte 0x00, 0x00, 0x00, 0x00, 0x00, 0x00, 0x00, 0x00, 0x00, 0x00, 0x00, 0x00, 0x00, 0x00, 0x00, 0x00
	.byte 0x00, 0x00, 0x00, 0x00, 0x00, 0x00, 0x00, 0x00, 0x00, 0x00, 0x00, 0x00, 0x00, 0x00, 0x00, 0x00
	.byte 0x00, 0x00, 0x00, 0x00, 0x00, 0x00, 0x00, 0x00, 0x00, 0x00, 0x00, 0x00, 0x00, 0x00, 0x00, 0x00
	.byte 0x00, 0x00, 0x00, 0x00, 0x00, 0x00, 0x00, 0x00, 0x00, 0x00, 0x00, 0x00, 0x00, 0x00, 0x00, 0x00
	.byte 0x00, 0x00, 0x00, 0x00, 0x00, 0x00, 0x00, 0x00, 0x00, 0x00, 0x00, 0x00, 0x00, 0x00, 0x00, 0x00
	.byte 0x00, 0x00, 0x00, 0x00, 0x00, 0x00, 0x00, 0x00, 0x00, 0x00, 0x00, 0x00, 0x00, 0x00, 0x00, 0x00
	.byte 0x00, 0x00, 0x00, 0x00, 0x00, 0x00, 0x00, 0x00, 0x00, 0x00, 0x00, 0x00, 0x00, 0x00, 0x00, 0x00
	.byte 0x00, 0x00, 0x00, 0x00, 0x00, 0x00, 0x00, 0x00, 0x00, 0x00, 0x00, 0x00, 0x00, 0x00, 0x00, 0xD0
	.byte 0x00, 0x00, 0x00, 0xDD, 0x00, 0x00, 0x00, 0xCD, 0x00, 0x00, 0x00, 0xCD, 0x00, 0x00, 0x00, 0xCD
	.byte 0x00, 0x00, 0x00, 0xCD, 0x00, 0x00, 0x00, 0xCD, 0x00, 0x00, 0x00, 0x00, 0x0D, 0x00, 0x00, 0x00
	.byte 0xDD, 0x00, 0x00, 0x00, 0xDD, 0x00, 0x00, 0x00, 0xDD, 0x00, 0x00, 0x00, 0xDD, 0x00, 0x00, 0x00
	.byte 0xDD, 0x00, 0x00, 0x00, 0xDD, 0x00, 0x00, 0x00, 0x00, 0x00, 0x00, 0x00, 0x00, 0x00, 0x00, 0x00
	.byte 0x00, 0x00, 0x00, 0x00, 0x00, 0x00, 0x00, 0x00, 0x00, 0x00, 0x00, 0x00, 0x00, 0x00, 0x00, 0x00
	.byte 0x00, 0x00, 0x00, 0x00, 0x00, 0x00, 0x00, 0x00, 0x00, 0x00, 0x00, 0x00, 0x00, 0x00, 0x00, 0x00
	.byte 0x00, 0x00, 0x00, 0x00, 0x00, 0x00, 0x00, 0x00, 0x00, 0x00, 0x00, 0x00, 0x00, 0x00, 0x00, 0x00
	.byte 0x00, 0x00, 0x00, 0x00, 0x00, 0x00, 0x00, 0x00, 0x00, 0x00, 0x00, 0x00, 0x00, 0x00, 0x00, 0x00
	.byte 0x00, 0x00, 0x00, 0x00, 0x00, 0x00, 0x00, 0x00, 0x00, 0x00, 0x00, 0x00, 0x00, 0x00, 0x00, 0x00
	.byte 0x00, 0x00, 0x00, 0x00, 0x00, 0x00, 0x00, 0x00, 0x00, 0x00, 0x00, 0x00, 0x00, 0x00, 0x00, 0x00
	.byte 0x00, 0x00, 0x00, 0x00, 0x00, 0x00, 0x00, 0x00, 0x00, 0x00, 0x00, 0x00, 0x00, 0x00, 0x00, 0x00
	.byte 0x00, 0x00, 0x00, 0x00, 0x00, 0x00, 0x00, 0x00, 0x00, 0x00, 0x00, 0x00, 0x00, 0x00, 0x00, 0x00
	.byte 0x00, 0x00, 0x00, 0x00, 0x00, 0x00, 0x00, 0x00, 0x00, 0x00, 0x00, 0x00, 0x00, 0x00, 0x00, 0x00
	.byte 0x00, 0x00, 0x00, 0x00, 0x00, 0x00, 0x00, 0x00, 0x00, 0x00, 0x00, 0x00, 0x00, 0x00, 0x00, 0x00
	.byte 0x00, 0x00, 0x00, 0x00, 0x00, 0x00, 0x00, 0x00, 0x00, 0x00, 0x00, 0x00, 0x00, 0x00, 0x00, 0x00
	.byte 0x00, 0x00, 0x00, 0x00, 0x00, 0x00, 0x00, 0x00, 0x00, 0x00, 0x00, 0xCD, 0x00, 0x00, 0x00, 0xCD
	.byte 0x00, 0x00, 0x00, 0xCD, 0x00, 0x00, 0x00, 0xCD, 0x00, 0x00, 0x00, 0xDD, 0x00, 0x00, 0x00, 0xFF
	.byte 0x00, 0x00, 0xF0, 0xFF, 0x00, 0x00, 0xF0, 0xBF, 0xDD, 0x00, 0x00, 0x00, 0xDD, 0x00, 0x00, 0x00
	.byte 0xDD, 0x00, 0x00, 0x00, 0xDD, 0x00, 0x00, 0x00, 0xDD, 0x00, 0x00, 0x00, 0xFF, 0x00, 0x00, 0x00
	.byte 0xFF, 0xDF, 0xDD, 0xDD, 0xFB, 0xDF, 0xCC, 0xCC, 0x00, 0x00, 0x00, 0x00, 0x00, 0x00, 0x00, 0x00
	.byte 0x00, 0x00, 0x00, 0x00, 0x00, 0x00, 0x00, 0x00, 0x00, 0x00, 0x00, 0x00, 0x00, 0x00, 0x00, 0x00
	.byte 0xDD, 0xDD, 0xDD, 0xDD, 0xCC, 0xCC, 0xCC, 0xCC, 0x00, 0x00, 0x00, 0x00, 0x00, 0x00, 0x00, 0x00
	.byte 0x00, 0x00, 0x00, 0x00, 0x00, 0x00, 0x00, 0x00, 0x00, 0x00, 0x00, 0x00, 0x00, 0x00, 0x00, 0x00
	.byte 0xDD, 0xDD, 0xDD, 0xDD, 0xCC, 0xCC, 0xCC, 0xCC, 0x00, 0x00, 0x00, 0x00, 0x00, 0x00, 0x00, 0x00
	.byte 0x00, 0x00, 0x00, 0x00, 0x00, 0x00, 0x00, 0x00, 0x00, 0x00, 0x00, 0x00, 0x00, 0x00, 0x00, 0x00
	.byte 0xDD, 0xDD, 0xDD, 0x00, 0xCC, 0xCC, 0xDC, 0x0D, 0x00, 0x00, 0x00, 0x00, 0x00, 0x00, 0x00, 0x00
	.byte 0x00, 0x00, 0x00, 0x00, 0x00, 0x00, 0x00, 0x00, 0x00, 0x00, 0x00, 0x00, 0x00, 0x00, 0x00, 0x00
	.byte 0x00, 0x00, 0x00, 0x00, 0x00, 0x00, 0x00, 0x00, 0x00, 0x00, 0x00, 0x00, 0x00, 0x00, 0x00, 0x00
	.byte 0x00, 0x00, 0x00, 0x00, 0x00, 0x00, 0x00, 0x00, 0x00, 0x00, 0x00, 0x00, 0x00, 0x00, 0x00, 0x00
	.byte 0x00, 0x00, 0x00, 0x00, 0x00, 0x00, 0x00, 0x00, 0x00, 0x00, 0x00, 0x00, 0x00, 0x00, 0x00, 0x00
	.byte 0x00, 0x00, 0x00, 0x00, 0x00, 0x00, 0x00, 0x00, 0x00, 0x00, 0x00, 0x00, 0x00, 0x00, 0x00, 0x00
	.byte 0x00, 0x00, 0x00, 0x00, 0x00, 0x00, 0x00, 0x00, 0x00, 0x00, 0xF0, 0xBF, 0x00, 0x00, 0xF0, 0xFF
	.byte 0x00, 0x00, 0x00, 0xFF, 0x00, 0x00, 0x00, 0x00, 0x00, 0x00, 0x00, 0x00, 0x00, 0x00, 0x00, 0x00
	.byte 0x00, 0x00, 0x00, 0x00, 0x00, 0x00, 0x00, 0x00, 0xFB, 0xDF, 0xDD, 0xDD, 0xFF, 0xDF, 0xDD, 0xDD
	.byte 0xFF, 0x00, 0x00, 0x00, 0x00, 0x00, 0x00, 0x00, 0x00, 0x00, 0x00, 0x00, 0x00, 0x00, 0x00, 0x00
	.byte 0x00, 0x00, 0x00, 0x00, 0x00, 0x00, 0x00, 0x00, 0xDD, 0xDD, 0xDD, 0xDD, 0xDD, 0xDD, 0xDD, 0xDD
	.byte 0x00, 0x00, 0x00, 0x00, 0x00, 0x00, 0x00, 0x00, 0x00, 0x00, 0x00, 0x00, 0x00, 0x00, 0x00, 0x00
	.byte 0x00, 0x00, 0x00, 0x00, 0x00, 0x00, 0x00, 0x00, 0xDD, 0xDD, 0xDD, 0xDD, 0xDD, 0xDD, 0xDD, 0xDD
	.byte 0x00, 0x00, 0x00, 0x00, 0x00, 0x00, 0x00, 0x00, 0x00, 0x00, 0x00, 0x00, 0x00, 0x00, 0x00, 0x00
	.byte 0x00, 0x00, 0x00, 0x00, 0x00, 0x00, 0x00, 0x00, 0xDD, 0xDD, 0xDD, 0x0D, 0xDD, 0xDD, 0xDD, 0x00
	.byte 0x00, 0x00, 0x00, 0x00, 0x00, 0x00, 0x00, 0x00, 0x00, 0x00, 0x00, 0x00, 0x00, 0x00, 0x00, 0x00
	.byte 0x00, 0x00, 0x00, 0x00, 0x00, 0x00, 0x00, 0x00, 0x00, 0x00, 0x00, 0x00, 0x00, 0x00, 0x00, 0x00
	.byte 0x00, 0x00, 0x00, 0x00, 0x00, 0x00, 0x00, 0x00, 0x00, 0x00, 0x00, 0x00, 0x00, 0x00, 0x00, 0x00
	.byte 0x00, 0x00, 0x00, 0x00, 0x00, 0x00, 0x00, 0x00, 0x00, 0x00, 0x00, 0x00, 0x00, 0x00, 0x00, 0x00
	.byte 0x00, 0x00, 0x00, 0x00, 0x00, 0x00, 0x00, 0x00, 0x00, 0x00, 0x00, 0x00, 0x00, 0x00, 0x00, 0x00
	.byte 0x00, 0x00, 0x00, 0x00, 0x00, 0x00, 0x00, 0x00, 0x00, 0x00, 0x00, 0x00, 0x00, 0x00, 0x00, 0x00
	.byte 0x00, 0x00, 0x00, 0x00, 0x00, 0x00, 0x00, 0x00, 0x00, 0x00, 0x00, 0x00, 0x00, 0x00, 0x00, 0x00
	.byte 0x00, 0x00, 0x00, 0x00, 0x00, 0x00, 0x00, 0x00, 0x00, 0x00, 0x00, 0x00, 0x00, 0x00, 0x00, 0x00
	.byte 0x00, 0x00, 0x00, 0x00, 0x00, 0x00, 0x00, 0x00, 0x00, 0x00, 0x00, 0x00, 0x00, 0x00, 0x00, 0x00
	.byte 0x00, 0x00, 0x00, 0x00, 0x00, 0x00, 0x00, 0x00, 0x00, 0x00, 0x00, 0x00, 0x00, 0x00, 0x00, 0x00
	.byte 0x00, 0x00, 0x00, 0x00, 0x00, 0x00, 0x00, 0x00, 0x00, 0x00, 0x00, 0x00, 0x00, 0x00, 0x00, 0x00
	.byte 0x00, 0x00, 0x00, 0x00, 0x00, 0x00, 0x00, 0x00, 0x00, 0x00, 0x00, 0x00, 0x00, 0x00, 0x00, 0x00
	.byte 0x00, 0x00, 0x00, 0x00, 0x00, 0x00, 0x00, 0x00, 0x00, 0x00, 0x00, 0x00, 0x00, 0x00, 0x00, 0x00
	.byte 0x00, 0x00, 0x00, 0x00, 0x00, 0x00, 0x00, 0x00, 0x00, 0x00, 0x00, 0x00, 0x00, 0x00, 0x00, 0x00
	.byte 0x00, 0x00, 0x00, 0x00, 0x00, 0x00, 0x00, 0x00, 0x00, 0x00, 0x00, 0x00, 0x00, 0x00, 0x00, 0x00
	.byte 0x00, 0x00, 0x00, 0x00, 0x00, 0x00, 0x00, 0x00, 0x00, 0x00, 0x00, 0x00, 0x00, 0x00, 0x00, 0x00
	.byte 0x00, 0x00, 0x00, 0x00, 0x00, 0x00, 0x00, 0x00, 0x00, 0x00, 0x00, 0x00, 0x00, 0x00, 0x00, 0x00
	.byte 0x00, 0x00, 0x00, 0x00, 0x00, 0x00, 0x00, 0x00, 0x00, 0x00, 0x00, 0x00, 0x00, 0x00, 0x00, 0x00
	.byte 0x00, 0x00, 0x00, 0x00, 0x00, 0x00, 0x00, 0x00, 0x00, 0x00, 0x00, 0x00, 0x00, 0x00, 0x00, 0x00
	.byte 0x00, 0x00, 0x00, 0x00, 0x00, 0x00, 0x00, 0x00, 0x00, 0x00, 0x00, 0x00, 0x00, 0x00, 0x00, 0x00
	.byte 0x00, 0x00, 0x00, 0x00, 0x00, 0x00, 0x00, 0x00, 0x00, 0x00, 0x00, 0x00, 0x00, 0x00, 0x00, 0x00
	.byte 0x00, 0x00, 0x00, 0x00, 0x00, 0x00, 0x00, 0x00, 0x00, 0x00, 0x00, 0x00, 0x00, 0x00, 0x00, 0x00
	.byte 0x00, 0x00, 0x00, 0x00, 0x00, 0x00, 0x00, 0x00, 0x00, 0x00, 0x00, 0x00, 0x00, 0x00, 0x00, 0x00
	.byte 0x00, 0x00, 0x00, 0x00, 0x00, 0x00, 0x00, 0x00, 0x00, 0x00, 0x00, 0x00, 0x00, 0x00, 0x00, 0x00
	.byte 0x00, 0x00, 0x00, 0x00, 0x00, 0x00, 0x00, 0x00, 0x00, 0x00, 0x00, 0x00, 0x00, 0x00, 0x00, 0x00
	.byte 0x00, 0x00, 0x00, 0x00, 0x00, 0x00, 0x00, 0x00, 0x00, 0x00, 0x00, 0x00, 0x00, 0x00, 0x00, 0x00
	.byte 0x00, 0x00, 0x00, 0x00, 0x00, 0x00, 0x00, 0x00, 0x00, 0x00, 0x00, 0x00, 0x00, 0x00, 0x00, 0x00
	.byte 0x00, 0x00, 0x00, 0x00, 0x00, 0x00, 0x00, 0x00, 0x00, 0x00, 0x00, 0x00, 0x00, 0x00, 0x00, 0x00
	.byte 0x00, 0x00, 0x00, 0x00, 0x00, 0x00, 0x00, 0x00, 0x00, 0x00, 0x00, 0x00, 0x00, 0x00, 0x00, 0x00
	.byte 0x00, 0x00, 0x00, 0x00, 0x00, 0x00, 0x00, 0x00, 0x00, 0x00, 0x00, 0x00, 0x00, 0x00, 0x00, 0x00
	.byte 0x00, 0x00, 0x00, 0x00, 0x00, 0x00, 0x00, 0x00, 0x00, 0x00, 0x00, 0x00, 0x00, 0x00, 0x00, 0x00
	.byte 0x00, 0x00, 0x00, 0x00, 0x00, 0x00, 0x00, 0x00, 0x00, 0x00, 0x00, 0x00, 0x00, 0x00, 0x00, 0x00
	.byte 0x00, 0x00, 0x00, 0x00, 0x00, 0x00, 0x00, 0x00, 0x00, 0x00, 0x00, 0x00, 0x00, 0x00, 0x00, 0x00
	.byte 0x00, 0x00, 0x00, 0x00, 0x00, 0x00, 0x00, 0x00, 0x00, 0x00, 0x00, 0x00, 0x00, 0x00, 0x00, 0x00
	.byte 0x00, 0x00, 0x00, 0x00, 0x00, 0x00, 0x00, 0x00, 0x00, 0x00, 0x00, 0x00, 0x00, 0x00, 0x00, 0x00
	.byte 0x00, 0x00, 0x00, 0x00, 0x00, 0x00, 0x00, 0x00, 0x00, 0x00, 0x00, 0x00, 0x00, 0x00, 0x00, 0x00
	.byte 0x00, 0x00, 0x00, 0x00, 0x00, 0x00, 0x00, 0x00, 0x00, 0x00, 0x00, 0x00, 0x00, 0x00, 0x00, 0x00
	.byte 0x00, 0x00, 0x00, 0x00, 0x00, 0x00, 0x00, 0x00, 0x00, 0x00, 0x00, 0x00, 0x00, 0x00, 0x00, 0x00
	.byte 0x00, 0x00, 0x00, 0x00, 0x00, 0x00, 0x00, 0x00, 0x00, 0x00, 0x00, 0x00, 0x00, 0x00, 0x00, 0x00
	.byte 0x00, 0x00, 0x00, 0x00, 0x00, 0x00, 0x00, 0x00, 0x00, 0x00, 0x00, 0x00, 0x00, 0x00, 0x00, 0x00
	.byte 0x00, 0x00, 0x00, 0x00, 0x00, 0x00, 0x00, 0x00, 0x00, 0x00, 0x00, 0x00, 0x00, 0x00, 0x00, 0x00
	.byte 0x00, 0x00, 0x00, 0x00, 0x00, 0x00, 0x00, 0x00, 0x00, 0x00, 0x00, 0x00, 0x00, 0x00, 0x00, 0x00
	.byte 0x00, 0x00, 0x00, 0x00, 0x00, 0x00, 0x00, 0x00, 0x00, 0x00, 0x00, 0x00, 0x00, 0x00, 0x00, 0x00
	.byte 0x00, 0x00, 0x00, 0x00, 0x00, 0x00, 0x00, 0x00, 0x00, 0x00, 0x00, 0x00, 0x00, 0x00, 0x00, 0x00
	.byte 0x00, 0x00, 0x00, 0x00, 0x00, 0x00, 0x00, 0x00, 0x00, 0x00, 0x00, 0x00, 0x00, 0x00, 0x00, 0x00
	.byte 0x00, 0x00, 0x00, 0x00, 0x00, 0x00, 0x00, 0x00, 0x00, 0x00, 0x00, 0x00, 0x00, 0x00, 0x00, 0x00
	.byte 0x00, 0x00, 0x00, 0x00, 0x00, 0x00, 0x00, 0x00, 0x00, 0x00, 0x00, 0x00, 0x00, 0x00, 0x00, 0x00
	.byte 0x00, 0x00, 0x00, 0x00, 0x00, 0x00, 0x00, 0x00, 0x00, 0x00, 0x00, 0x00, 0x00, 0x00, 0x00, 0x00
	.byte 0x00, 0x00, 0x00, 0x00, 0x00, 0x00, 0x00, 0x00, 0x00, 0x00, 0x00, 0x00, 0x00, 0x00, 0x00, 0x00
	.byte 0x00, 0x00, 0x00, 0x00, 0x00, 0x00, 0x00, 0x00, 0x00, 0x00, 0x00, 0x00, 0x00, 0x00, 0x00, 0x00
	.byte 0x00, 0x00, 0x00, 0x00, 0x00, 0x00, 0x00, 0x00, 0x00, 0x00, 0x00, 0x00, 0x00, 0x00, 0x00, 0x00
	.byte 0x00, 0x00, 0x00, 0x00, 0x00, 0x00, 0x00, 0x00, 0x00, 0x00, 0x00, 0x00, 0x00, 0x00, 0x00, 0x00
	.byte 0x00, 0x00, 0x00, 0x00, 0x00, 0x00, 0x00, 0x00, 0x00, 0x00, 0x00, 0x00, 0x00, 0x00, 0x00, 0x00
	.byte 0x00, 0x00, 0x00, 0x00, 0x00, 0x00, 0x00, 0x00, 0x00, 0x00, 0x00, 0x00, 0x00, 0x00, 0x00, 0x00
	.byte 0x00, 0x00, 0x00, 0x00, 0x00, 0x00, 0x00, 0x00, 0x00, 0x00, 0x00, 0x00, 0x00, 0x00, 0x00, 0x00
	.byte 0x00, 0x00, 0x00, 0x00, 0x00, 0x00, 0x00, 0x00, 0x00, 0x00, 0x00, 0x00, 0x00, 0x00, 0x00, 0xD0
	.byte 0x00, 0x00, 0x00, 0xDD, 0x00, 0x00, 0x00, 0xCD, 0x00, 0x00, 0x00, 0xCD, 0x00, 0x00, 0x00, 0xCD
	.byte 0x00, 0x00, 0x00, 0xCD, 0x00, 0x00, 0x00, 0xCD, 0x00, 0x00, 0x00, 0x00, 0x0D, 0x00, 0x00, 0x00
	.byte 0xDD, 0x00, 0x00, 0x00, 0xDD, 0x00, 0x00, 0x00, 0xDD, 0x00, 0x00, 0x00, 0xDD, 0x00, 0x00, 0x00
	.byte 0xDD, 0x00, 0x00, 0x00, 0xDD, 0x00, 0x00, 0x00, 0x00, 0x00, 0x00, 0x00, 0x00, 0x00, 0x00, 0x00
	.byte 0x00, 0x00, 0x00, 0x00, 0x00, 0x00, 0x00, 0x00, 0x00, 0x00, 0x00, 0x00, 0x00, 0x00, 0x00, 0x00
	.byte 0x00, 0x00, 0x00, 0x00, 0x00, 0x00, 0x00, 0x00, 0x00, 0x00, 0x00, 0x00, 0x00, 0x00, 0x00, 0x00
	.byte 0x00, 0x00, 0x00, 0x00, 0x00, 0x00, 0x00, 0x00, 0x00, 0x00, 0x00, 0x00, 0x00, 0x00, 0x00, 0x00
	.byte 0x00, 0x00, 0x00, 0x00, 0x00, 0x00, 0x00, 0x00, 0x00, 0x00, 0x00, 0x00, 0x00, 0x00, 0x00, 0x00
	.byte 0x00, 0x00, 0x00, 0x00, 0x00, 0x00, 0x00, 0x00, 0x00, 0x00, 0x00, 0x00, 0x00, 0x00, 0x00, 0x00
	.byte 0x00, 0x00, 0x00, 0x00, 0x00, 0x00, 0x00, 0x00, 0x00, 0x00, 0x00, 0x00, 0x00, 0x00, 0x00, 0x00
	.byte 0x00, 0x00, 0x00, 0x00, 0x00, 0x00, 0x00, 0x00, 0x00, 0x00, 0x00, 0x00, 0x00, 0x00, 0x00, 0x00
	.byte 0x00, 0x00, 0x00, 0x00, 0x00, 0x00, 0x00, 0x00, 0x00, 0x00, 0x00, 0x00, 0x00, 0x00, 0x00, 0x00
	.byte 0x00, 0x00, 0x00, 0x00, 0x00, 0x00, 0x00, 0x00, 0x00, 0x00, 0x00, 0x00, 0x00, 0x00, 0x00, 0x00
	.byte 0x00, 0x00, 0x00, 0x00, 0x00, 0x00, 0x00, 0x00, 0x00, 0x00, 0x00, 0x00, 0x00, 0x00, 0x00, 0x00
	.byte 0x00, 0x00, 0x00, 0x00, 0x00, 0x00, 0x00, 0x00, 0x00, 0x00, 0x00, 0x00, 0x00, 0x00, 0x00, 0x00
	.byte 0x00, 0x00, 0x00, 0x00, 0x00, 0x00, 0x00, 0x00, 0x00, 0x00, 0x00, 0xCD, 0x00, 0x00, 0x00, 0xCD
	.byte 0x00, 0x00, 0x00, 0xCD, 0x00, 0x00, 0x00, 0xCD, 0x00, 0x00, 0x00, 0xCD, 0x00, 0x00, 0x00, 0xCD
	.byte 0x00, 0x00, 0x00, 0xCD, 0x00, 0x00, 0x00, 0xCD, 0xDD, 0x00, 0x00, 0x00, 0xDD, 0x00, 0x00, 0x00
	.byte 0xDD, 0x00, 0x00, 0x00, 0xDD, 0x00, 0x00, 0x00, 0xDD, 0x00, 0x00, 0x00, 0xDD, 0x00, 0x00, 0x00
	.byte 0xDD, 0x00, 0x00, 0x00, 0xDD, 0x00, 0x00, 0x00, 0x00, 0x00, 0x00, 0x00, 0x00, 0x00, 0x00, 0x00
	.byte 0x00, 0x00, 0x00, 0x00, 0x00, 0x00, 0x00, 0x00, 0x00, 0x00, 0x00, 0x00, 0x00, 0x00, 0x00, 0x00
	.byte 0x00, 0x00, 0x00, 0x00, 0x00, 0x00, 0x00, 0x00, 0x00, 0x00, 0x00, 0x00, 0x00, 0x00, 0x00, 0x00
	.byte 0x00, 0x00, 0x00, 0x00, 0x00, 0x00, 0x00, 0x00, 0x00, 0x00, 0x00, 0x00, 0x00, 0x00, 0x00, 0x00
	.byte 0x00, 0x00, 0x00, 0x00, 0x00, 0x00, 0x00, 0x00, 0x00, 0x00, 0x00, 0x00, 0x00, 0x00, 0x00, 0x00
	.byte 0x00, 0x00, 0x00, 0x00, 0x00, 0x00, 0x00, 0x00, 0x00, 0x00, 0x00, 0x00, 0x00, 0x00, 0x00, 0x00
	.byte 0x00, 0x00, 0x00, 0x00, 0x00, 0x00, 0x00, 0x00, 0x00, 0x00, 0x00, 0x00, 0x00, 0x00, 0x00, 0x00
	.byte 0x00, 0x00, 0x00, 0x00, 0x00, 0x00, 0x00, 0x00, 0x00, 0x00, 0x00, 0x00, 0x00, 0x00, 0x00, 0x00
	.byte 0x00, 0x00, 0x00, 0x00, 0x00, 0x00, 0x00, 0x00, 0x00, 0x00, 0x00, 0x00, 0x00, 0x00, 0x00, 0x00
	.byte 0x00, 0x00, 0x00, 0x00, 0x00, 0x00, 0x00, 0x00, 0x00, 0x00, 0x00, 0x00, 0x00, 0x00, 0x00, 0x00
	.byte 0x00, 0x00, 0x00, 0x00, 0x00, 0x00, 0x00, 0x00, 0x00, 0x00, 0x00, 0x00, 0x00, 0x00, 0x00, 0x00
	.byte 0x00, 0x00, 0x00, 0x00, 0x00, 0x00, 0x00, 0x00, 0x00, 0x00, 0x00, 0x00, 0x00, 0x00, 0x00, 0x00
	.byte 0x00, 0x00, 0x00, 0x00, 0x00, 0x00, 0x00, 0x00, 0x00, 0x00, 0x00, 0xCD, 0x00, 0x00, 0x00, 0xCD
	.byte 0x00, 0x00, 0x00, 0xCD, 0x00, 0x00, 0x00, 0xCD, 0x00, 0x00, 0x00, 0xCD, 0x00, 0x00, 0x00, 0xCD
	.byte 0x00, 0x00, 0x00, 0xCD, 0x00, 0x00, 0x00, 0xCD, 0xDD, 0x00, 0x00, 0x00, 0xDD, 0x00, 0x00, 0x00
	.byte 0xDD, 0x00, 0x00, 0x00, 0xDD, 0x00, 0x00, 0x00, 0xDD, 0x00, 0x00, 0x00, 0xDD, 0x00, 0x00, 0x00
	.byte 0xDD, 0x00, 0x00, 0x00, 0xDD, 0x00, 0x00, 0x00, 0x00, 0x00, 0x00, 0x00, 0x00, 0x00, 0x00, 0x00
	.byte 0x00, 0x00, 0x00, 0x00, 0x00, 0x00, 0x00, 0x00, 0x00, 0x00, 0x00, 0x00, 0x00, 0x00, 0x00, 0x00
	.byte 0x00, 0x00, 0x00, 0x00, 0x00, 0x00, 0x00, 0x00, 0x00, 0x00, 0x00, 0x00, 0x00, 0x00, 0x00, 0x00
	.byte 0x00, 0x00, 0x00, 0x00, 0x00, 0x00, 0x00, 0x00, 0x00, 0x00, 0x00, 0x00, 0x00, 0x00, 0x00, 0x00
	.byte 0x00, 0x00, 0x00, 0x00, 0x00, 0x00, 0x00, 0x00, 0x00, 0x00, 0x00, 0x00, 0x00, 0x00, 0x00, 0x00
	.byte 0x00, 0x00, 0x00, 0x00, 0x00, 0x00, 0x00, 0x00, 0x00, 0x00, 0x00, 0x00, 0x00, 0x00, 0x00, 0x00
	.byte 0x00, 0x00, 0x00, 0x00, 0x00, 0x00, 0x00, 0x00, 0x00, 0x00, 0x00, 0x00, 0x00, 0x00, 0x00, 0x00
	.byte 0x00, 0x00, 0x00, 0x00, 0x00, 0x00, 0x00, 0x00, 0x00, 0x00, 0x00, 0x00, 0x00, 0x00, 0x00, 0x00
	.byte 0x00, 0x00, 0x00, 0x00, 0x00, 0x00, 0x00, 0x00, 0x00, 0x00, 0x00, 0x00, 0x00, 0x00, 0x00, 0x00
	.byte 0x00, 0x00, 0x00, 0x00, 0x00, 0x00, 0x00, 0x00, 0x00, 0x00, 0x00, 0x00, 0x00, 0x00, 0x00, 0x00
	.byte 0x00, 0x00, 0x00, 0x00, 0x00, 0x00, 0x00, 0x00, 0x00, 0x00, 0x00, 0x00, 0x00, 0x00, 0x00, 0x00
	.byte 0x00, 0x00, 0x00, 0x00, 0x00, 0x00, 0x00, 0x00, 0x00, 0x00, 0x00, 0x00, 0x00, 0x00, 0x00, 0x00
	.byte 0x00, 0x00, 0x00, 0x00, 0x00, 0x00, 0x00, 0x00, 0x00, 0x00, 0x00, 0xCD, 0x00, 0x00, 0x00, 0xCD
	.byte 0x00, 0x00, 0x00, 0xCD, 0x00, 0x00, 0x00, 0xCD, 0x00, 0x00, 0x00, 0xDD, 0x00, 0x00, 0x00, 0xFF
	.byte 0x00, 0x00, 0xF0, 0xFF, 0x00, 0x00, 0xF0, 0xBF, 0xDD, 0x00, 0x00, 0x00, 0xDD, 0x00, 0x00, 0x00
	.byte 0xDD, 0x00, 0x00, 0x00, 0xDD, 0x00, 0x00, 0x00, 0xDD, 0x00, 0x00, 0x00, 0xFF, 0x00, 0x00, 0x00
	.byte 0xFF, 0xDF, 0xDD, 0xDD, 0xFB, 0xDF, 0xCC, 0xCC, 0x00, 0x00, 0x00, 0x00, 0x00, 0x00, 0x00, 0x00
	.byte 0x00, 0x00, 0x00, 0x00, 0x00, 0x00, 0x00, 0x00, 0x00, 0x00, 0x00, 0x00, 0x00, 0x00, 0x00, 0x00
	.byte 0xDD, 0xDD, 0xDD, 0xDD, 0xCC, 0xCC, 0xCC, 0xCC, 0x00, 0x00, 0x00, 0x00, 0x00, 0x00, 0x00, 0x00
	.byte 0x00, 0x00, 0x00, 0x00, 0x00, 0x00, 0x00, 0x00, 0x00, 0x00, 0x00, 0x00, 0x00, 0x00, 0x00, 0x00
	.byte 0xDD, 0xDD, 0xDD, 0xDD, 0xCC, 0xCC, 0xCC, 0xCC, 0x00, 0x00, 0x00, 0x00, 0x00, 0x00, 0x00, 0x00
	.byte 0x00, 0x00, 0x00, 0x00, 0x00, 0x00, 0x00, 0x00, 0x00, 0x00, 0x00, 0x00, 0x00, 0x00, 0x00, 0x00
	.byte 0xDD, 0xDD, 0xDD, 0x00, 0xCC, 0xCC, 0xDC, 0x0D, 0x00, 0x00, 0x00, 0x00, 0x00, 0x00, 0x00, 0x00
	.byte 0x00, 0x00, 0x00, 0x00, 0x00, 0x00, 0x00, 0x00, 0x00, 0x00, 0x00, 0x00, 0x00, 0x00, 0x00, 0x00
	.byte 0x00, 0x00, 0x00, 0x00, 0x00, 0x00, 0x00, 0x00, 0x00, 0x00, 0x00, 0x00, 0x00, 0x00, 0x00, 0x00
	.byte 0x00, 0x00, 0x00, 0x00, 0x00, 0x00, 0x00, 0x00, 0x00, 0x00, 0x00, 0x00, 0x00, 0x00, 0x00, 0x00
	.byte 0x00, 0x00, 0x00, 0x00, 0x00, 0x00, 0x00, 0x00, 0x00, 0x00, 0x00, 0x00, 0x00, 0x00, 0x00, 0x00
	.byte 0x00, 0x00, 0x00, 0x00, 0x00, 0x00, 0x00, 0x00, 0x00, 0x00, 0x00, 0x00, 0x00, 0x00, 0x00, 0x00
	.byte 0x00, 0x00, 0x00, 0x00, 0x00, 0x00, 0x00, 0x00, 0x00, 0x00, 0xF0, 0xBF, 0x00, 0x00, 0xF0, 0xFF
	.byte 0x00, 0x00, 0x00, 0xFF, 0x00, 0x00, 0x00, 0x00, 0x00, 0x00, 0x00, 0x00, 0x00, 0x00, 0x00, 0x00
	.byte 0x00, 0x00, 0x00, 0x00, 0x00, 0x00, 0x00, 0x00, 0xFB, 0xDF, 0xDD, 0xDD, 0xFF, 0xDF, 0xDD, 0xDD
	.byte 0xFF, 0x00, 0x00, 0x00, 0x00, 0x00, 0x00, 0x00, 0x00, 0x00, 0x00, 0x00, 0x00, 0x00, 0x00, 0x00
	.byte 0x00, 0x00, 0x00, 0x00, 0x00, 0x00, 0x00, 0x00, 0xDD, 0xDD, 0xDD, 0xDD, 0xDD, 0xDD, 0xDD, 0xDD
	.byte 0x00, 0x00, 0x00, 0x00, 0x00, 0x00, 0x00, 0x00, 0x00, 0x00, 0x00, 0x00, 0x00, 0x00, 0x00, 0x00
	.byte 0x00, 0x00, 0x00, 0x00, 0x00, 0x00, 0x00, 0x00, 0xDD, 0xDD, 0xDD, 0xDD, 0xDD, 0xDD, 0xDD, 0xDD
	.byte 0x00, 0x00, 0x00, 0x00, 0x00, 0x00, 0x00, 0x00, 0x00, 0x00, 0x00, 0x00, 0x00, 0x00, 0x00, 0x00
	.byte 0x00, 0x00, 0x00, 0x00, 0x00, 0x00, 0x00, 0x00, 0xDD, 0xDD, 0xDD, 0x0D, 0xDD, 0xDD, 0xDD, 0x00
	.byte 0x00, 0x00, 0x00, 0x00, 0x00, 0x00, 0x00, 0x00, 0x00, 0x00, 0x00, 0x00, 0x00, 0x00, 0x00, 0x00
	.byte 0x00, 0x00, 0x00, 0x00, 0x00, 0x00, 0x00, 0x00, 0x00, 0x00, 0x00, 0x00, 0x00, 0x00, 0x00, 0x00
	.byte 0x00, 0x00, 0x00, 0x00, 0x00, 0x00, 0x00, 0x00, 0x00, 0x00, 0x00, 0x00, 0x00, 0x00, 0x00, 0x00
	.byte 0x00, 0x00, 0x00, 0x00, 0x00, 0x00, 0x00, 0x00, 0x00, 0x00, 0x00, 0x00, 0x00, 0x00, 0x00, 0x00
	.byte 0x00, 0x00, 0x00, 0x00, 0x00, 0x00, 0x00, 0x00, 0x00, 0x00, 0x00, 0x00, 0x00, 0x00, 0x00, 0x00
	.byte 0x00, 0x00, 0x00, 0x00, 0x00, 0x00, 0x00, 0x00, 0x00, 0x00, 0x00, 0x00, 0x00, 0x00, 0x00, 0x00
	.byte 0x00, 0x00, 0x00, 0x00, 0x00, 0x00, 0x00, 0x00, 0x00, 0x00, 0x00, 0x00, 0x00, 0x00, 0x00, 0x00
	.byte 0x00, 0x00, 0x00, 0x00, 0x00, 0x00, 0x00, 0x00, 0x00, 0x00, 0x00, 0x00, 0x00, 0x00, 0x00, 0x00
	.byte 0x00, 0x00, 0x00, 0x00, 0x00, 0x00, 0x00, 0x00, 0x00, 0x00, 0x00, 0x00, 0x00, 0x00, 0x00, 0x00
	.byte 0x00, 0x00, 0x00, 0x00, 0x00, 0x00, 0x00, 0x00, 0x00, 0x00, 0x00, 0x00, 0x00, 0x00, 0x00, 0x00
	.byte 0x00, 0x00, 0x00, 0x00, 0x00, 0x00, 0x00, 0x00, 0x00, 0x00, 0x00, 0x00, 0x00, 0x00, 0x00, 0x00
	.byte 0x00, 0x00, 0x00, 0x00, 0x00, 0x00, 0x00, 0x00, 0x00, 0x00, 0x00, 0x00, 0x00, 0x00, 0x00, 0x00
	.byte 0x00, 0x00, 0x00, 0x00, 0x00, 0x00, 0x00, 0x00, 0x00, 0x00, 0x00, 0x00, 0x00, 0x00, 0x00, 0x00
	.byte 0x00, 0x00, 0x00, 0x00, 0x00, 0x00, 0x00, 0x00, 0x00, 0x00, 0x00, 0x00, 0x00, 0x00, 0x00, 0x00
	.byte 0x00, 0x00, 0x00, 0x00, 0x00, 0x00, 0x00, 0x00, 0x00, 0x00, 0x00, 0x00, 0x00, 0x00, 0x00, 0x00
	.byte 0x00, 0x00, 0x00, 0x00, 0x00, 0x00, 0x00, 0x00, 0x00, 0x00, 0x00, 0x00, 0x00, 0x00, 0x00, 0x00
	.byte 0x00, 0x00, 0x00, 0x00, 0x00, 0x00, 0x00, 0x00, 0x00, 0x00, 0x00, 0x00, 0x00, 0x00, 0x00, 0x00
	.byte 0x00, 0x00, 0x00, 0x00, 0x00, 0x00, 0x00, 0x00, 0x00, 0x00, 0x00, 0x00, 0x00, 0x00, 0x00, 0x00
	.byte 0x00, 0x00, 0x00, 0x00, 0x00, 0x00, 0x00, 0x00, 0x00, 0x00, 0x00, 0x00, 0x00, 0x00, 0x00, 0x00
	.byte 0x00, 0x00, 0x00, 0x00, 0x00, 0x00, 0x00, 0x00, 0x00, 0x00, 0x00, 0x00, 0x00, 0x00, 0x00, 0x00
	.byte 0x00, 0x00, 0x00, 0x00, 0x00, 0x00, 0x00, 0x00, 0x00, 0x00, 0x00, 0x00, 0x00, 0x00, 0x00, 0x00
	.byte 0x00, 0x00, 0x00, 0x00, 0x00, 0x00, 0x00, 0x00, 0x00, 0x00, 0x00, 0x00, 0x00, 0x00, 0x00, 0x00
	.byte 0x00, 0x00, 0x00, 0x00, 0x00, 0x00, 0x00, 0x00, 0x00, 0x00, 0x00, 0x00, 0x00, 0x00, 0x00, 0x00
	.byte 0x00, 0x00, 0x00, 0x00, 0x00, 0x00, 0x00, 0x00, 0x00, 0x00, 0x00, 0x00, 0x00, 0x00, 0x00, 0x00
	.byte 0x00, 0x00, 0x00, 0x00, 0x00, 0x00, 0x00, 0x00, 0x00, 0x00, 0x00, 0x00, 0x00, 0x00, 0x00, 0x00
	.byte 0x00, 0x00, 0x00, 0x00, 0x00, 0x00, 0x00, 0x00, 0x00, 0x00, 0x00, 0x00, 0x00, 0x00, 0x00, 0x00
	.byte 0x00, 0x00, 0x00, 0x00, 0x00, 0x00, 0x00, 0x00, 0x00, 0x00, 0x00, 0x00, 0x00, 0x00, 0x00, 0x00
	.byte 0x00, 0x00, 0x00, 0x00, 0x00, 0x00, 0x00, 0x00, 0x00, 0x00, 0x00, 0x00, 0x00, 0x00, 0x00, 0x00
	.byte 0x00, 0x00, 0x00, 0x00, 0x00, 0x00, 0x00, 0x00, 0x00, 0x00, 0x00, 0x00, 0x00, 0x00, 0x00, 0x00
	.byte 0x00, 0x00, 0x00, 0x00, 0x00, 0x00, 0x00, 0x00, 0x00, 0x00, 0x00, 0x00, 0x00, 0x00, 0x00, 0x00
	.byte 0x00, 0x00, 0x00, 0x00, 0x00, 0x00, 0x00, 0x00, 0x00, 0x00, 0x00, 0x00, 0x00, 0x00, 0x00, 0x00
	.byte 0x00, 0x00, 0x00, 0x00, 0x00, 0x00, 0x00, 0x00, 0x00, 0x00, 0x00, 0x00, 0x00, 0x00, 0x00, 0x00
	.byte 0x00, 0x00, 0x00, 0x00, 0x00, 0x00, 0x00, 0x00, 0x00, 0x00, 0x00, 0x00, 0x00, 0x00, 0x00, 0x00
	.byte 0x00, 0x00, 0x00, 0x00, 0x00, 0x00, 0x00, 0x00, 0x00, 0x00, 0x00, 0x00, 0x00, 0x00, 0x00, 0x00
	.byte 0x00, 0x00, 0x00, 0x00, 0x00, 0x00, 0x00, 0x00, 0x00, 0x00, 0x00, 0x00, 0x00, 0x00, 0x00, 0x00
	.byte 0x00, 0x00, 0x00, 0x00, 0x00, 0x00, 0x00, 0x00, 0x00, 0x00, 0x00, 0x00, 0x00, 0x00, 0x00, 0x00
	.byte 0x00, 0x00, 0x00, 0x00, 0x00, 0x00, 0x00, 0x00, 0x00, 0x00, 0x00, 0x00, 0x00, 0x00, 0x00, 0x00
	.byte 0x00, 0x00, 0x00, 0x00, 0x00, 0x00, 0x00, 0x00, 0x00, 0x00, 0x00, 0x00, 0x00, 0x00, 0x00, 0x00
	.byte 0x00, 0x00, 0x00, 0x00, 0x00, 0x00, 0x00, 0x00, 0x00, 0x00, 0x00, 0x00, 0x00, 0x00, 0x00, 0x00
	.byte 0x00, 0x00, 0x00, 0x00, 0x00, 0x00, 0x00, 0x00, 0x00, 0x00, 0x00, 0x00, 0x00, 0x00, 0x00, 0x00
	.byte 0x00, 0x00, 0x00, 0x00, 0x00, 0x00, 0x00, 0x00, 0x00, 0x00, 0x00, 0x00, 0x00, 0x00, 0x00, 0x00
	.byte 0x00, 0x00, 0x00, 0x00, 0x00, 0x00, 0x00, 0x00, 0x00, 0x00, 0x00, 0x00, 0x00, 0x00, 0x00, 0x00
	.byte 0x00, 0x00, 0x00, 0x00, 0x00, 0x00, 0x00, 0x00, 0x00, 0x00, 0x00, 0x00, 0x00, 0x00, 0x00, 0x00
	.byte 0x00, 0x00, 0x00, 0x00, 0x00, 0x00, 0x00, 0x00, 0x00, 0x00, 0x00, 0x00, 0x00, 0x00, 0x00, 0x00
	.byte 0x00, 0x00, 0x00, 0x00, 0x00, 0x00, 0x00, 0x00, 0x00, 0x00, 0x00, 0x00, 0x00, 0x00, 0x00, 0x00
	.byte 0x00, 0x00, 0x00, 0x00, 0x00, 0x00, 0x00, 0x00, 0x00, 0x00, 0x00, 0x00, 0x00, 0x00, 0x00, 0x00
	.byte 0x00, 0x00, 0x00, 0x00, 0x00, 0x00, 0x00, 0x00, 0x00, 0x00, 0x00, 0x00, 0x00, 0x00, 0x00, 0x00
	.byte 0x00, 0x00, 0x00, 0x00, 0x00, 0x00, 0x00, 0x00, 0x00, 0x00, 0x00, 0x00, 0x00, 0x00, 0x00, 0x00
	.byte 0x00, 0x00, 0x00, 0x00, 0x00, 0x00, 0x00, 0x00, 0x00, 0x00, 0x00, 0x00, 0x00, 0x00, 0x00, 0x00
	.byte 0x00, 0x00, 0x00, 0x00, 0x00, 0x00, 0x00, 0x00, 0x00, 0x00, 0x00, 0x00, 0x00, 0x00, 0x00, 0x00
	.byte 0x00, 0x00, 0x00, 0x00, 0x00, 0x00, 0x00, 0x00, 0x00, 0x00, 0x00, 0x00, 0x00, 0x00, 0x00, 0x00
	.byte 0x00, 0x00, 0x00, 0x00, 0x00, 0x00, 0x00, 0x00, 0x00, 0x00, 0x00, 0x00, 0x00, 0x00, 0x00, 0xD0
	.byte 0x00, 0x00, 0x00, 0xDD, 0x00, 0x00, 0x00, 0xCD, 0x00, 0x00, 0x00, 0xCD, 0x00, 0x00, 0x00, 0xCD
	.byte 0x00, 0x00, 0x00, 0xCD, 0x00, 0x00, 0x00, 0xCD, 0x00, 0x00, 0x00, 0x00, 0x0D, 0x00, 0x00, 0x00
	.byte 0xDD, 0x00, 0x00, 0x00, 0xDD, 0x00, 0x00, 0x00, 0xDD, 0x00, 0x00, 0x00, 0xDD, 0x00, 0x00, 0x00
	.byte 0xDD, 0x00, 0x00, 0x00, 0xDD, 0x00, 0x00, 0x00, 0x00, 0x00, 0x00, 0x00, 0x00, 0x00, 0x00, 0x00
	.byte 0x00, 0x00, 0x00, 0x00, 0x00, 0x00, 0x00, 0x00, 0x00, 0x00, 0x00, 0x00, 0x00, 0x00, 0x00, 0x00
	.byte 0x00, 0x00, 0x00, 0x00, 0x00, 0x00, 0x00, 0x00, 0x00, 0x00, 0x00, 0x00, 0x00, 0x00, 0x00, 0x00
	.byte 0x00, 0x00, 0x00, 0x00, 0x00, 0x00, 0x00, 0x00, 0x00, 0x00, 0x00, 0x00, 0x00, 0x00, 0x00, 0x00
	.byte 0x00, 0x00, 0x00, 0x00, 0x00, 0x00, 0x00, 0x00, 0x00, 0x00, 0x00, 0xCD, 0x00, 0x00, 0x00, 0xCD
	.byte 0x00, 0x00, 0x00, 0xCD, 0x00, 0x00, 0x00, 0xCD, 0x00, 0x00, 0x00, 0xDD, 0x00, 0x00, 0x00, 0xFF
	.byte 0x00, 0x00, 0xF0, 0xFF, 0x00, 0x00, 0xF0, 0xBF, 0xDD, 0x00, 0x00, 0x00, 0xDD, 0x00, 0x00, 0x00
	.byte 0xDD, 0x00, 0x00, 0x00, 0xDD, 0x00, 0x00, 0x00, 0xDD, 0x00, 0x00, 0x00, 0xFF, 0x00, 0x00, 0x00
	.byte 0xFF, 0xDF, 0xDD, 0xDD, 0xFB, 0xDF, 0xCC, 0xCC, 0x00, 0x00, 0x00, 0x00, 0x00, 0x00, 0x00, 0x00
	.byte 0x00, 0x00, 0x00, 0x00, 0x00, 0x00, 0x00, 0x00, 0x00, 0x00, 0x00, 0x00, 0x00, 0x00, 0x00, 0x00
	.byte 0xDD, 0xDD, 0xDD, 0x00, 0xCC, 0xCC, 0xDC, 0x0D, 0x00, 0x00, 0x00, 0x00, 0x00, 0x00, 0x00, 0x00
	.byte 0x00, 0x00, 0x00, 0x00, 0x00, 0x00, 0x00, 0x00, 0x00, 0x00, 0x00, 0x00, 0x00, 0x00, 0x00, 0x00
	.byte 0x00, 0x00, 0x00, 0x00, 0x00, 0x00, 0x00, 0x00, 0x00, 0x00, 0xF0, 0xBF, 0x00, 0x00, 0xF0, 0xFF
	.byte 0x00, 0x00, 0x00, 0xFF, 0x00, 0x00, 0x00, 0xDD, 0x00, 0x00, 0x00, 0xCD, 0x00, 0x00, 0x00, 0xCD
	.byte 0x00, 0x00, 0x00, 0xCD, 0x00, 0x00, 0x00, 0xCD, 0xFB, 0xDF, 0xDD, 0xDD, 0xFF, 0xDF, 0xDD, 0xDD
	.byte 0xFF, 0x00, 0x00, 0x00, 0xDD, 0x00, 0x00, 0x00, 0xDD, 0x00, 0x00, 0x00, 0xDD, 0x00, 0x00, 0x00
	.byte 0xDD, 0x00, 0x00, 0x00, 0xDD, 0x00, 0x00, 0x00, 0xDD, 0xDD, 0xDD, 0x0D, 0xDD, 0xDD, 0xDD, 0x00
	.byte 0x00, 0x00, 0x00, 0x00, 0x00, 0x00, 0x00, 0x00, 0x00, 0x00, 0x00, 0x00, 0x00, 0x00, 0x00, 0x00
	.byte 0x00, 0x00, 0x00, 0x00, 0x00, 0x00, 0x00, 0x00, 0x00, 0x00, 0x00, 0x00, 0x00, 0x00, 0x00, 0x00
	.byte 0x00, 0x00, 0x00, 0x00, 0x00, 0x00, 0x00, 0x00, 0x00, 0x00, 0x00, 0x00, 0x00, 0x00, 0x00, 0x00
	.byte 0x00, 0x00, 0x00, 0x00, 0x00, 0x00, 0x00, 0x00, 0x00, 0x00, 0x00, 0xCD, 0x00, 0x00, 0x00, 0xCD
	.byte 0x00, 0x00, 0x00, 0xCD, 0x00, 0x00, 0x00, 0xCD, 0x00, 0x00, 0x00, 0xCD, 0x00, 0x00, 0x00, 0xDD
	.byte 0x00, 0x00, 0x00, 0xD0, 0x00, 0x00, 0x00, 0x00, 0xDD, 0x00, 0x00, 0x00, 0xDD, 0x00, 0x00, 0x00
	.byte 0xDD, 0x00, 0x00, 0x00, 0xDD, 0x00, 0x00, 0x00, 0xDD, 0x00, 0x00, 0x00, 0xDD, 0x00, 0x00, 0x00
	.byte 0x0D, 0x00, 0x00, 0x00, 0x00, 0x00, 0x00, 0x00, 0x00, 0x00, 0x00, 0x00, 0x00, 0x00, 0x00, 0x00
	.byte 0x00, 0x00, 0x00, 0x00, 0x00, 0x00, 0x00, 0x00, 0x00, 0x00, 0x00, 0x00, 0x00, 0x00, 0x00, 0x00
	.byte 0x00, 0x00, 0x00, 0x00, 0x00, 0x00, 0x00, 0x00, 0x00, 0x00, 0x00, 0x00, 0x00, 0x00, 0x00, 0x00
	.byte 0x00, 0x00, 0x00, 0x00, 0x00, 0x00, 0x00, 0x00, 0x00, 0x00, 0x00, 0x00, 0x00, 0x00, 0x00, 0x00
	.byte 0x00, 0x00, 0x00, 0x00, 0x00, 0x00, 0x00, 0x00, 0x00, 0x00, 0x00, 0x00, 0x00, 0x00, 0x00, 0x00
	.byte 0x00, 0x00, 0x00, 0x00, 0x00, 0x00, 0x00, 0x00, 0x00, 0x00, 0x00, 0x00, 0x00, 0x00, 0x00, 0x00
	.byte 0x00, 0x00, 0x00, 0x00, 0x00, 0x00, 0x00, 0x00, 0x00, 0x00, 0x00, 0x00, 0x00, 0x00, 0x00, 0x00
	.byte 0x00, 0x00, 0x00, 0x00, 0x00, 0x00, 0x00, 0x00, 0x00, 0x00, 0x00, 0x00, 0x00, 0x00, 0x00, 0x00
	.byte 0x00, 0x00, 0x00, 0x00, 0x00, 0x00, 0x00, 0x00, 0x00, 0x00, 0x00, 0x00, 0x00, 0x00, 0x00, 0xD0
	.byte 0x00, 0x00, 0x00, 0xDD, 0x00, 0x00, 0x00, 0xCD, 0x00, 0x00, 0x00, 0xCD, 0x00, 0x00, 0x00, 0xCD
	.byte 0x00, 0x00, 0x00, 0xCD, 0x00, 0x00, 0x00, 0xCD, 0x00, 0x00, 0x00, 0x00, 0x0D, 0x00, 0x00, 0x00
	.byte 0xDD, 0x00, 0x00, 0x00, 0xDD, 0x00, 0x00, 0x00, 0xDD, 0x00, 0x00, 0x00, 0xDD, 0x00, 0x00, 0x00
	.byte 0xDD, 0x00, 0x00, 0x00, 0xDD, 0x00, 0x00, 0x00, 0x00, 0x00, 0x00, 0x00, 0x00, 0x00, 0x00, 0x00
	.byte 0x00, 0x00, 0x00, 0x00, 0x00, 0x00, 0x00, 0x00, 0x00, 0x00, 0x00, 0x00, 0x00, 0x00, 0x00, 0x00
	.byte 0x00, 0x00, 0x00, 0x00, 0x00, 0x00, 0x00, 0x00, 0x00, 0x00, 0x00, 0x00, 0x00, 0x00, 0x00, 0x00
	.byte 0x00, 0x00, 0x00, 0x00, 0x00, 0x00, 0x00, 0x00, 0x00, 0x00, 0x00, 0x00, 0x00, 0x00, 0x00, 0x00
	.byte 0x00, 0x00, 0x00, 0x00, 0x00, 0x00, 0x00, 0x00, 0x00, 0x00, 0x00, 0x00, 0x00, 0x00, 0x00, 0x00
	.byte 0x00, 0x00, 0x00, 0x00, 0x00, 0x00, 0x00, 0x00, 0x00, 0x00, 0x00, 0x00, 0x00, 0x00, 0x00, 0x00
	.byte 0x00, 0x00, 0x00, 0x00, 0x00, 0x00, 0x00, 0x00, 0x00, 0x00, 0x00, 0x00, 0x00, 0x00, 0x00, 0x00
	.byte 0x00, 0x00, 0x00, 0x00, 0x00, 0x00, 0x00, 0x00, 0x00, 0x00, 0x00, 0x00, 0x00, 0x00, 0x00, 0x00
	.byte 0x00, 0x00, 0x00, 0x00, 0x00, 0x00, 0x00, 0x00, 0x00, 0x00, 0x00, 0x00, 0x00, 0x00, 0x00, 0x00
	.byte 0x00, 0x00, 0x00, 0x00, 0x00, 0x00, 0x00, 0x00, 0x00, 0x00, 0x00, 0x00, 0x00, 0x00, 0x00, 0x00
	.byte 0x00, 0x00, 0x00, 0x00, 0x00, 0x00, 0x00, 0x00, 0x00, 0x00, 0x00, 0x00, 0x00, 0x00, 0x00, 0x00
	.byte 0x00, 0x00, 0x00, 0x00, 0x00, 0x00, 0x00, 0x00, 0x00, 0x00, 0x00, 0x00, 0x00, 0x00, 0x00, 0x00
	.byte 0x00, 0x00, 0x00, 0x00, 0x00, 0x00, 0x00, 0x00, 0x00, 0x00, 0x00, 0xCD, 0x00, 0x00, 0x00, 0xCD
	.byte 0x00, 0x00, 0x00, 0xCD, 0x00, 0x00, 0x00, 0xCD, 0x00, 0x00, 0x00, 0xCD, 0x00, 0x00, 0x00, 0xCD
	.byte 0x00, 0x00, 0x00, 0xCD, 0x00, 0x00, 0x00, 0xCD, 0xDD, 0x00, 0x00, 0x00, 0xDD, 0x00, 0x00, 0x00
	.byte 0xDD, 0x00, 0x00, 0x00, 0xDD, 0x00, 0x00, 0x00, 0xDD, 0x00, 0x00, 0x00, 0xDD, 0x00, 0x00, 0x00
	.byte 0xDD, 0x00, 0x00, 0x00, 0xDD, 0x00, 0x00, 0x00, 0x00, 0x00, 0x00, 0x00, 0x00, 0x00, 0x00, 0x00
	.byte 0x00, 0x00, 0x00, 0x00, 0x00, 0x00, 0x00, 0x00, 0x00, 0x00, 0x00, 0x00, 0x00, 0x00, 0x00, 0x00
	.byte 0x00, 0x00, 0x00, 0x00, 0x00, 0x00, 0x00, 0x00, 0x00, 0x00, 0x00, 0x00, 0x00, 0x00, 0x00, 0x00
	.byte 0x00, 0x00, 0x00, 0x00, 0x00, 0x00, 0x00, 0x00, 0x00, 0x00, 0x00, 0x00, 0x00, 0x00, 0x00, 0x00
	.byte 0x00, 0x00, 0x00, 0x00, 0x00, 0x00, 0x00, 0x00, 0x00, 0x00, 0x00, 0x00, 0x00, 0x00, 0x00, 0x00
	.byte 0x00, 0x00, 0x00, 0x00, 0x00, 0x00, 0x00, 0x00, 0x00, 0x00, 0x00, 0x00, 0x00, 0x00, 0x00, 0x00
	.byte 0x00, 0x00, 0x00, 0x00, 0x00, 0x00, 0x00, 0x00, 0x00, 0x00, 0x00, 0x00, 0x00, 0x00, 0x00, 0x00
	.byte 0x00, 0x00, 0x00, 0x00, 0x00, 0x00, 0x00, 0x00, 0x00, 0x00, 0x00, 0x00, 0x00, 0x00, 0x00, 0x00
	.byte 0x00, 0x00, 0x00, 0x00, 0x00, 0x00, 0x00, 0x00, 0x00, 0x00, 0x00, 0x00, 0x00, 0x00, 0x00, 0x00
	.byte 0x00, 0x00, 0x00, 0x00, 0x00, 0x00, 0x00, 0x00, 0x00, 0x00, 0x00, 0x00, 0x00, 0x00, 0x00, 0x00
	.byte 0x00, 0x00, 0x00, 0x00, 0x00, 0x00, 0x00, 0x00, 0x00, 0x00, 0x00, 0x00, 0x00, 0x00, 0x00, 0x00
	.byte 0x00, 0x00, 0x00, 0x00, 0x00, 0x00, 0x00, 0x00, 0x00, 0x00, 0x00, 0x00, 0x00, 0x00, 0x00, 0x00
	.byte 0x00, 0x00, 0x00, 0x00, 0x00, 0x00, 0x00, 0x00, 0x00, 0x00, 0x00, 0xCD, 0x00, 0x00, 0x00, 0xCD
	.byte 0x00, 0x00, 0x00, 0xCD, 0x00, 0x00, 0x00, 0xCD, 0x00, 0x00, 0x00, 0xCD, 0x00, 0x00, 0x00, 0xCD
	.byte 0x00, 0x00, 0x00, 0xCD, 0x00, 0x00, 0x00, 0xCD, 0xDD, 0x00, 0x00, 0x00, 0xDD, 0x00, 0x00, 0x00
	.byte 0xDD, 0x00, 0x00, 0x00, 0xDD, 0x00, 0x00, 0x00, 0xDD, 0x00, 0x00, 0x00, 0xDD, 0x00, 0x00, 0x00
	.byte 0xDD, 0x00, 0x00, 0x00, 0xDD, 0x00, 0x00, 0x00, 0x00, 0x00, 0x00, 0x00, 0x00, 0x00, 0x00, 0x00
	.byte 0x00, 0x00, 0x00, 0x00, 0x00, 0x00, 0x00, 0x00, 0x00, 0x00, 0x00, 0x00, 0x00, 0x00, 0x00, 0x00
	.byte 0x00, 0x00, 0x00, 0x00, 0x00, 0x00, 0x00, 0x00, 0x00, 0x00, 0x00, 0x00, 0x00, 0x00, 0x00, 0x00
	.byte 0x00, 0x00, 0x00, 0x00, 0x00, 0x00, 0x00, 0x00, 0x00, 0x00, 0x00, 0x00, 0x00, 0x00, 0x00, 0x00
	.byte 0x00, 0x00, 0x00, 0x00, 0x00, 0x00, 0x00, 0x00, 0x00, 0x00, 0x00, 0x00, 0x00, 0x00, 0x00, 0x00
	.byte 0x00, 0x00, 0x00, 0x00, 0x00, 0x00, 0x00, 0x00, 0x00, 0x00, 0x00, 0x00, 0x00, 0x00, 0x00, 0x00
	.byte 0x00, 0x00, 0x00, 0x00, 0x00, 0x00, 0x00, 0x00, 0x00, 0x00, 0x00, 0x00, 0x00, 0x00, 0x00, 0x00
	.byte 0x00, 0x00, 0x00, 0x00, 0x00, 0x00, 0x00, 0x00, 0x00, 0x00, 0x00, 0x00, 0x00, 0x00, 0x00, 0x00
	.byte 0x00, 0x00, 0x00, 0x00, 0x00, 0x00, 0x00, 0x00, 0x00, 0x00, 0x00, 0x00, 0x00, 0x00, 0x00, 0x00
	.byte 0x00, 0x00, 0x00, 0x00, 0x00, 0x00, 0x00, 0x00, 0x00, 0x00, 0x00, 0x00, 0x00, 0x00, 0x00, 0x00
	.byte 0x00, 0x00, 0x00, 0x00, 0x00, 0x00, 0x00, 0x00, 0x00, 0x00, 0x00, 0x00, 0x00, 0x00, 0x00, 0x00
	.byte 0x00, 0x00, 0x00, 0x00, 0x00, 0x00, 0x00, 0x00, 0x00, 0x00, 0x00, 0x00, 0x00, 0x00, 0x00, 0x00
	.byte 0x00, 0x00, 0x00, 0x00, 0x00, 0x00, 0x00, 0x00, 0x00, 0x00, 0x00, 0xCD, 0x00, 0x00, 0x00, 0xCD
	.byte 0x00, 0x00, 0x00, 0xCD, 0x00, 0x00, 0x00, 0xCD, 0x00, 0x00, 0x00, 0xDD, 0x00, 0x00, 0x00, 0xFF
	.byte 0x00, 0x00, 0xF0, 0xFF, 0x00, 0x00, 0xF0, 0xBF, 0xDD, 0x00, 0x00, 0x00, 0xDD, 0x00, 0x00, 0x00
	.byte 0xDD, 0x00, 0x00, 0x00, 0xDD, 0x00, 0x00, 0x00, 0xDD, 0x00, 0x00, 0x00, 0xFF, 0x00, 0x00, 0x00
	.byte 0xFF, 0xDF, 0xDD, 0xDD, 0xFB, 0xDF, 0xCC, 0xCC, 0x00, 0x00, 0x00, 0x00, 0x00, 0x00, 0x00, 0x00
	.byte 0x00, 0x00, 0x00, 0x00, 0x00, 0x00, 0x00, 0x00, 0x00, 0x00, 0x00, 0x00, 0x00, 0x00, 0x00, 0x00
	.byte 0xDD, 0xDD, 0xDD, 0x00, 0xCC, 0xCC, 0xDC, 0x0D, 0x00, 0x00, 0x00, 0x00, 0x00, 0x00, 0x00, 0x00
	.byte 0x00, 0x00, 0x00, 0x00, 0x00, 0x00, 0x00, 0x00, 0x00, 0x00, 0x00, 0x00, 0x00, 0x00, 0x00, 0x00
	.byte 0x00, 0x00, 0x00, 0x00, 0x00, 0x00, 0x00, 0x00, 0x00, 0x00, 0x00, 0x00, 0x00, 0x00, 0x00, 0x00
	.byte 0x00, 0x00, 0x00, 0x00, 0x00, 0x00, 0x00, 0x00, 0x00, 0x00, 0x00, 0x00, 0x00, 0x00, 0x00, 0x00
	.byte 0x00, 0x00, 0x00, 0x00, 0x00, 0x00, 0x00, 0x00, 0x00, 0x00, 0x00, 0x00, 0x00, 0x00, 0x00, 0x00
	.byte 0x00, 0x00, 0x00, 0x00, 0x00, 0x00, 0x00, 0x00, 0x00, 0x00, 0x00, 0x00, 0x00, 0x00, 0x00, 0x00
	.byte 0x00, 0x00, 0x00, 0x00, 0x00, 0x00, 0x00, 0x00, 0x00, 0x00, 0x00, 0x00, 0x00, 0x00, 0x00, 0x00
	.byte 0x00, 0x00, 0x00, 0x00, 0x00, 0x00, 0x00, 0x00, 0x00, 0x00, 0x00, 0x00, 0x00, 0x00, 0x00, 0x00
	.byte 0x00, 0x00, 0x00, 0x00, 0x00, 0x00, 0x00, 0x00, 0x00, 0x00, 0x00, 0x00, 0x00, 0x00, 0x00, 0x00
	.byte 0x00, 0x00, 0x00, 0x00, 0x00, 0x00, 0x00, 0x00, 0x00, 0x00, 0x00, 0x00, 0x00, 0x00, 0x00, 0x00
	.byte 0x00, 0x00, 0x00, 0x00, 0x00, 0x00, 0x00, 0x00, 0x00, 0x00, 0xF0, 0xBF, 0x00, 0x00, 0xF0, 0xFF
	.byte 0x00, 0x00, 0x00, 0xFF, 0x00, 0x00, 0x00, 0xDD, 0x00, 0x00, 0x00, 0xCD, 0x00, 0x00, 0x00, 0xCD
	.byte 0x00, 0x00, 0x00, 0xCD, 0x00, 0x00, 0x00, 0xCD, 0xFB, 0xDF, 0xDD, 0xDD, 0xFF, 0xDF, 0xDD, 0xDD
	.byte 0xFF, 0x00, 0x00, 0x00, 0xDD, 0x00, 0x00, 0x00, 0xDD, 0x00, 0x00, 0x00, 0xDD, 0x00, 0x00, 0x00
	.byte 0xDD, 0x00, 0x00, 0x00, 0xDD, 0x00, 0x00, 0x00, 0xDD, 0xDD, 0xDD, 0x0D, 0xDD, 0xDD, 0xDD, 0x00
	.byte 0x00, 0x00, 0x00, 0x00, 0x00, 0x00, 0x00, 0x00, 0x00, 0x00, 0x00, 0x00, 0x00, 0x00, 0x00, 0x00
	.byte 0x00, 0x00, 0x00, 0x00, 0x00, 0x00, 0x00, 0x00, 0x00, 0x00, 0x00, 0x00, 0x00, 0x00, 0x00, 0x00
	.byte 0x00, 0x00, 0x00, 0x00, 0x00, 0x00, 0x00, 0x00, 0x00, 0x00, 0x00, 0x00, 0x00, 0x00, 0x00, 0x00
	.byte 0x00, 0x00, 0x00, 0x00, 0x00, 0x00, 0x00, 0x00, 0x00, 0x00, 0x00, 0x00, 0x00, 0x00, 0x00, 0x00
	.byte 0x00, 0x00, 0x00, 0x00, 0x00, 0x00, 0x00, 0x00, 0x00, 0x00, 0x00, 0x00, 0x00, 0x00, 0x00, 0x00
	.byte 0x00, 0x00, 0x00, 0x00, 0x00, 0x00, 0x00, 0x00, 0x00, 0x00, 0x00, 0x00, 0x00, 0x00, 0x00, 0x00
	.byte 0x00, 0x00, 0x00, 0x00, 0x00, 0x00, 0x00, 0x00, 0x00, 0x00, 0x00, 0x00, 0x00, 0x00, 0x00, 0x00
	.byte 0x00, 0x00, 0x00, 0x00, 0x00, 0x00, 0x00, 0x00, 0x00, 0x00, 0x00, 0x00, 0x00, 0x00, 0x00, 0x00
	.byte 0x00, 0x00, 0x00, 0x00, 0x00, 0x00, 0x00, 0x00, 0x00, 0x00, 0x00, 0x00, 0x00, 0x00, 0x00, 0x00
	.byte 0x00, 0x00, 0x00, 0x00, 0x00, 0x00, 0x00, 0x00, 0x00, 0x00, 0x00, 0x00, 0x00, 0x00, 0x00, 0x00
	.byte 0x00, 0x00, 0x00, 0x00, 0x00, 0x00, 0x00, 0x00, 0x00, 0x00, 0x00, 0x00, 0x00, 0x00, 0x00, 0x00
	.byte 0x00, 0x00, 0x00, 0x00, 0x00, 0x00, 0x00, 0x00, 0x00, 0x00, 0x00, 0xCD, 0x00, 0x00, 0x00, 0xCD
	.byte 0x00, 0x00, 0x00, 0xCD, 0x00, 0x00, 0x00, 0xCD, 0x00, 0x00, 0x00, 0xCD, 0x00, 0x00, 0x00, 0xDD
	.byte 0x00, 0x00, 0x00, 0xD0, 0x00, 0x00, 0x00, 0x00, 0xDD, 0x00, 0x00, 0x00, 0xDD, 0x00, 0x00, 0x00
	.byte 0xDD, 0x00, 0x00, 0x00, 0xDD, 0x00, 0x00, 0x00, 0xDD, 0x00, 0x00, 0x00, 0xDD, 0x00, 0x00, 0x00
	.byte 0x0D, 0x00, 0x00, 0x00, 0x00, 0x00, 0x00, 0x00, 0x00, 0x00, 0x00, 0x00, 0x00, 0x00, 0x00, 0x00
	.byte 0x00, 0x00, 0x00, 0x00, 0x00, 0x00, 0x00, 0x00, 0x00, 0x00, 0x00, 0x00, 0x00, 0x00, 0x00, 0x00
	.byte 0x00, 0x00, 0x00, 0x00, 0x00, 0x00, 0x00, 0x00, 0x00, 0x00, 0x00, 0x00, 0x00, 0x00, 0x00, 0x00
	.byte 0x00, 0x00, 0x00, 0x00, 0x00, 0x00, 0x00, 0x00, 0x00, 0x00, 0x00, 0x00, 0x00, 0x00, 0x00, 0x00
	.byte 0x00, 0x00, 0x00, 0x00, 0x00, 0x00, 0x00, 0x00, 0x00, 0x00, 0x00, 0x00, 0x00, 0x00, 0x00, 0x00
	.byte 0x00, 0x00, 0x00, 0x00, 0x00, 0x00, 0x00, 0x00, 0x00, 0x00, 0x00, 0x00, 0x00, 0x00, 0x00, 0x00
	.byte 0x00, 0x00, 0x00, 0x00, 0x00, 0x00, 0x00, 0x00, 0x00, 0x00, 0x00, 0x00, 0x00, 0x00, 0x00, 0x00
	.byte 0x00, 0x00, 0x00, 0x00, 0x00, 0x00, 0x00, 0x00, 0x00, 0x00, 0x00, 0x00, 0x00, 0x00, 0x00, 0x00
	.byte 0x00, 0x00, 0x00, 0x00, 0x00, 0x00, 0x00, 0x00, 0x00, 0x00, 0x00, 0x00, 0x00, 0x00, 0x00, 0x00
	.byte 0x00, 0x00, 0x00, 0x00, 0x00, 0x00, 0x00, 0x00, 0x00, 0x00, 0x00, 0x00, 0x00, 0x00, 0x00, 0x00
	.byte 0x00, 0x00, 0x00, 0x00, 0x00, 0x00, 0x00, 0x00, 0x00, 0x00, 0x00, 0x00, 0x00, 0x00, 0x00, 0x00
	.byte 0x00, 0x00, 0x00, 0x00, 0x00, 0x00, 0x00, 0x00, 0x00, 0x00, 0x00, 0x00, 0x00, 0x00, 0x00, 0x00
	.byte 0x00, 0x00, 0x00, 0x00, 0x00, 0x00, 0x00, 0x00, 0x00, 0x00, 0x00, 0x00, 0x00, 0x00, 0x00, 0x00
	.byte 0x00, 0x00, 0x00, 0x00, 0x00, 0x00, 0x00, 0x00, 0x00, 0x00, 0x00, 0x00, 0x00, 0x00, 0x00, 0x00
	.byte 0x00, 0x00, 0x00, 0x00, 0x00, 0x00, 0x00, 0x00, 0x00, 0x00, 0x00, 0x00, 0x00, 0x00, 0x00, 0x00
	.byte 0x00, 0x00, 0x00, 0x00, 0x00, 0x00, 0x00, 0x00, 0x00, 0x00, 0x00, 0x00, 0x00, 0x00, 0x00, 0x00
	.byte 0x00, 0x00, 0x00, 0x00, 0x00, 0x00, 0x00, 0x00, 0x00, 0x00, 0x00, 0x00, 0x00, 0x00, 0x00, 0x00
	.byte 0x00, 0x00, 0x00, 0x00, 0x00, 0x00, 0x00, 0x00, 0x00, 0x00, 0x00, 0x00, 0x00, 0x00, 0x00, 0x00
	.byte 0x00, 0x00, 0x00, 0x00, 0x00, 0x00, 0x00, 0x00, 0x00, 0x00, 0x00, 0x00, 0x00, 0x00, 0x00, 0x00
	.byte 0x00, 0x00, 0x00, 0x00, 0x00, 0x00, 0x00, 0x00, 0x00, 0x00, 0x00, 0x00, 0x00, 0x00, 0x00, 0x00
	.byte 0x00, 0x00, 0x00, 0x00, 0x00, 0x00, 0x00, 0x00, 0x00, 0x00, 0x00, 0x00, 0x00, 0x00, 0x00, 0x00
	.byte 0x00, 0x00, 0x00, 0x00, 0x00, 0x00, 0x00, 0x00, 0x00, 0x00, 0x00, 0x00, 0x00, 0x00, 0x00, 0x00
	.byte 0x00, 0x00, 0x00, 0x00, 0x00, 0x00, 0x00, 0x00, 0x00, 0x00, 0x00, 0x00, 0x00, 0x00, 0x00, 0x00
	.byte 0x00, 0x00, 0x00, 0x00, 0x00, 0x00, 0x00, 0x00, 0x00, 0x00, 0x00, 0x00, 0x00, 0x00, 0x00, 0x00
	.byte 0x00, 0x00, 0x00, 0x00, 0x00, 0x00, 0x00, 0x00, 0x00, 0x00, 0x00, 0x00, 0x00, 0x00, 0x00, 0x00
	.byte 0x00, 0x00, 0x00, 0x00, 0x00, 0x00, 0x00, 0x00, 0x00, 0x00, 0x00, 0x00, 0x00, 0x00, 0x00, 0x00
	.byte 0x00, 0x00, 0x00, 0x00, 0x00, 0x00, 0x00, 0x00, 0x00, 0x00, 0x00, 0x00, 0x00, 0x00, 0x00, 0x00
	.byte 0x00, 0x00, 0x00, 0x00, 0x00, 0x00, 0x00, 0x00, 0x00, 0x00, 0x00, 0x00, 0x00, 0x00, 0x00, 0x00
	.byte 0x00, 0x00, 0x00, 0x00, 0x00, 0x00, 0x00, 0x00, 0x00, 0x00, 0x00, 0x00, 0x00, 0x00, 0x00, 0x00
	.byte 0x00, 0x00, 0x00, 0x00, 0x00, 0x00, 0x00, 0x00, 0x00, 0x00, 0x00, 0x00, 0x00, 0x00, 0x00, 0x00
	.byte 0x00, 0x00, 0x00, 0x00, 0x00, 0x00, 0x00, 0x00, 0x00, 0x00, 0x00, 0x00, 0x00, 0x00, 0x00, 0x00
	.byte 0x00, 0x00, 0x00, 0x00, 0x00, 0x00, 0x00, 0x00, 0x00, 0x00, 0x00, 0x00, 0x00, 0x00, 0x00, 0x00
	.byte 0x00, 0x00, 0x00, 0x00, 0x00, 0x00, 0x00, 0x00, 0x00, 0x00, 0x00, 0x00, 0x00, 0x00, 0x00, 0x00
	.byte 0x00, 0x00, 0x00, 0x00, 0x00, 0x00, 0x00, 0x00, 0x00, 0x00, 0x00, 0x00, 0x00, 0x00, 0x00, 0x00
	.byte 0x00, 0x00, 0x00, 0x00, 0x00, 0x00, 0x00, 0x00, 0x00, 0x00, 0x00, 0x00, 0x00, 0x00, 0x00, 0x00
	.byte 0x00, 0x00, 0x00, 0x00, 0x00, 0x00, 0x00, 0x00, 0x00, 0x00, 0x00, 0x00, 0x00, 0x00, 0x00, 0x00
	.byte 0x00, 0x00, 0x00, 0x00, 0x00, 0x00, 0x00, 0x00, 0x00, 0x00, 0x00, 0x00, 0x00, 0x00, 0x00, 0x00
	.byte 0x00, 0x00, 0x00, 0x00, 0x00, 0x00, 0x00, 0x00, 0x00, 0x00, 0x00, 0x00, 0x00, 0x00, 0x00, 0x00
	.byte 0x00, 0x00, 0x00, 0x00, 0x00, 0x00, 0x00, 0x00, 0x00, 0x00, 0x00, 0x00, 0x00, 0x00, 0x00, 0x00
	.byte 0x00, 0x00, 0x00, 0x00, 0x00, 0x00, 0x00, 0x00, 0x00, 0x00, 0x00, 0x00, 0x00, 0x00, 0x00, 0x00
	.byte 0x00, 0x00, 0x00, 0x00, 0x00, 0x00, 0x00, 0x00, 0x00, 0x00, 0x00, 0x00, 0x00, 0x00, 0x00, 0x00
	.byte 0x00, 0x00, 0x00, 0x00, 0x00, 0x00, 0x00, 0x00, 0x00, 0x00, 0x00, 0x00, 0x00, 0x00, 0x00, 0x00
	.byte 0x00, 0x00, 0x00, 0x00, 0x00, 0x00, 0x00, 0x00, 0x00, 0x00, 0x00, 0x00, 0x00, 0x00, 0x00, 0x00
	.byte 0x00, 0x00, 0x00, 0x00, 0x00, 0x00, 0x00, 0x00, 0x00, 0x00, 0x00, 0x00, 0x00, 0x00, 0x00, 0x00
	.byte 0x00, 0x00, 0x00, 0x00, 0x00, 0x00, 0x00, 0x00, 0x00, 0x00, 0x00, 0x00, 0x00, 0x00, 0x00, 0x00
	.byte 0x00, 0x00, 0x00, 0x00, 0x00, 0x00, 0x00, 0x00, 0x00, 0x00, 0x00, 0x00, 0x00, 0x00, 0x00, 0x00
	.byte 0x00, 0x00, 0x00, 0x00, 0x00, 0x00, 0x00, 0x00, 0x00, 0x00, 0x00, 0x00, 0x00, 0x00, 0x00, 0x00
	.byte 0x00, 0x00, 0x00, 0x00, 0x00, 0x00, 0x00, 0x00, 0x00, 0x00, 0x00, 0x00, 0x00, 0x00, 0x00, 0x00
	.byte 0x00, 0x00, 0x00, 0x00, 0x00, 0x00, 0x00, 0x00, 0x00, 0x00, 0x00, 0x00, 0x00, 0x00, 0x00, 0x00
	.byte 0x00, 0x00, 0x00, 0x00, 0x00, 0x00, 0x00, 0x00, 0x00, 0x00, 0x00, 0x00, 0x00, 0x00, 0x00, 0x00
	.byte 0x00, 0x00, 0x00, 0x00, 0x00, 0x00, 0x00, 0x00, 0x00, 0x00, 0x00, 0x00, 0x00, 0x00, 0x00, 0x00
	.byte 0x00, 0x00, 0x00, 0x00, 0x00, 0x00, 0x00, 0x00, 0x00, 0x00, 0x00, 0x00, 0x00, 0x00, 0x00, 0x00
	.byte 0x00, 0x00, 0x00, 0x00, 0x00, 0x00, 0x00, 0x00, 0x00, 0x00, 0x00, 0x00, 0x00, 0x00, 0x00, 0x00
	.byte 0x00, 0x00, 0x00, 0x00, 0x00, 0x00, 0x00, 0x00, 0x00, 0x00, 0x00, 0x00, 0x00, 0x00, 0x00, 0x00
	.byte 0x00, 0x00, 0x00, 0x00, 0x00, 0x00, 0x00, 0x00, 0x00, 0x00, 0x00, 0x00, 0x00, 0x00, 0x00, 0x00
	.byte 0x00, 0x00, 0x00, 0x00, 0x00, 0x00, 0x00, 0x00, 0x00, 0x00, 0x00, 0x00, 0x00, 0x00, 0x00, 0x00
	.byte 0x00, 0x00, 0x00, 0x00, 0x00, 0x00, 0x00, 0x00, 0x00, 0x00, 0x00, 0x00, 0x00, 0x00, 0x00, 0x00
	.byte 0x00, 0x00, 0x00, 0x00, 0x00, 0x00, 0x00, 0x00, 0x00, 0x00, 0x00, 0x00, 0x00, 0x00, 0x00, 0x00
	.byte 0x00, 0x00, 0x00, 0x00, 0x00, 0x00, 0x00, 0x00, 0x00, 0x00, 0x00, 0x00, 0x00, 0x00, 0x00, 0x00
	.byte 0x00, 0x00, 0x00, 0x00, 0x00, 0x00, 0x00, 0x00, 0x00, 0x00, 0x00, 0x00, 0x00, 0x00, 0x00, 0x00
	.byte 0x00, 0x00, 0x00, 0x00, 0x00, 0x00, 0x00, 0x00, 0x00, 0x00, 0x00, 0x00, 0x00, 0x00, 0x00, 0x00
	.byte 0x00, 0x00, 0x00, 0x00, 0x00, 0x00, 0x00, 0x00, 0x00, 0x00, 0x00, 0x00, 0x00, 0x00, 0x00, 0x00
	.byte 0x00, 0x00, 0x00, 0x00, 0x00, 0x00, 0x00, 0x00, 0x00, 0x00, 0x00, 0x00, 0x00, 0x00, 0x00, 0x00
	.byte 0x00, 0x00, 0x00, 0x00, 0x00, 0x00, 0x00, 0x00, 0x00, 0x00, 0x00, 0x00, 0x00, 0x00, 0x00, 0x00
	.byte 0x00, 0x00, 0x00, 0x00, 0x00, 0x00, 0x00, 0x00, 0x00, 0x00, 0x00, 0x00, 0x00, 0x00, 0x00, 0x00
	.byte 0x00, 0x00, 0x00, 0x00, 0x00, 0x00, 0x00, 0x00, 0x00, 0x00, 0x00, 0x00, 0x00, 0x00, 0x00, 0x00
	.byte 0x00, 0x00, 0x00, 0x00, 0x00, 0x00, 0x00, 0x00, 0x00, 0x00, 0x00, 0x00, 0x00, 0x00, 0x00, 0x00
	.byte 0x00, 0x00, 0x00, 0x00, 0x00, 0x00, 0x00, 0x00, 0x00, 0x00, 0x00, 0x00, 0x00, 0x00, 0x00, 0x00
	.byte 0x00, 0x00, 0x00, 0x00, 0x00, 0x00, 0x00, 0x00, 0x00, 0x00, 0x00, 0x00, 0x00, 0x00, 0x00, 0x00
	.byte 0x00, 0x00, 0x00, 0x00, 0x00, 0x00, 0x00, 0x00, 0x00, 0x00, 0x00, 0x00, 0x00, 0x00, 0x00, 0x00
	.byte 0x00, 0x00, 0x00, 0x00, 0x00, 0x00, 0x00, 0x00, 0x00, 0x00, 0x00, 0x00, 0x00, 0x00, 0x00, 0x00
	.byte 0x00, 0x00, 0x00, 0x00, 0x00, 0x00, 0x00, 0x00, 0x00, 0x00, 0x00, 0x00, 0x00, 0x00, 0x00, 0x00
	.byte 0x00, 0x00, 0x00, 0x00, 0x00, 0x00, 0x00, 0x00, 0x00, 0x00, 0x00, 0x00, 0x00, 0x00, 0x00, 0x00
	.byte 0x00, 0x00, 0x00, 0x00, 0x00, 0x00, 0x00, 0x00, 0x00, 0x00, 0x00, 0x00, 0x00, 0x00, 0x00, 0x00
	.byte 0x00, 0x00, 0x00, 0x00, 0x00, 0x00, 0x00, 0x00, 0x00, 0x00, 0x00, 0x00, 0x00, 0x00, 0x00, 0x00
	.byte 0x00, 0x00, 0x00, 0x00, 0x00, 0x00, 0x00, 0x00, 0x00, 0x00, 0x00, 0x00, 0x00, 0x00, 0x00, 0x00
	.byte 0x00, 0x00, 0x00, 0x00, 0x00, 0x00, 0x00, 0x00, 0x00, 0x00, 0x00, 0x00, 0x00, 0x00, 0x00, 0xD0
	.byte 0x00, 0x00, 0x00, 0xDD, 0x00, 0x00, 0x00, 0xCD, 0x00, 0x00, 0x00, 0xCD, 0x00, 0x00, 0x00, 0xCD
	.byte 0x00, 0x00, 0x00, 0xCD, 0x00, 0x00, 0x00, 0xCD, 0x00, 0x00, 0x00, 0x00, 0x0D, 0x00, 0x00, 0x00
	.byte 0xDD, 0x00, 0x00, 0x00, 0xDD, 0x00, 0x00, 0x00, 0xDD, 0x00, 0x00, 0x00, 0xDD, 0x00, 0x00, 0x00
	.byte 0xDD, 0x00, 0x00, 0x00, 0xDD, 0x00, 0x00, 0x00, 0x00, 0x00, 0x00, 0x00, 0x00, 0x00, 0x00, 0x00
	.byte 0x00, 0x00, 0x00, 0x00, 0x00, 0x00, 0x00, 0x00, 0x00, 0x00, 0x00, 0x00, 0x00, 0x00, 0x00, 0x00
	.byte 0x00, 0x00, 0x00, 0x00, 0x00, 0x00, 0x00, 0x00, 0x00, 0x00, 0x00, 0x00, 0x00, 0x00, 0x00, 0x00
	.byte 0x00, 0x00, 0x00, 0x00, 0x00, 0x00, 0x00, 0x00, 0x00, 0x00, 0x00, 0x00, 0x00, 0x00, 0x00, 0x00
	.byte 0x00, 0x00, 0x00, 0x00, 0x00, 0x00, 0x00, 0x00, 0x00, 0x00, 0x00, 0x00, 0x00, 0x00, 0x00, 0x00
	.byte 0x00, 0x00, 0x00, 0x00, 0x00, 0x00, 0x00, 0x00, 0x00, 0x00, 0x00, 0x00, 0x00, 0x00, 0x00, 0x00
	.byte 0x00, 0x00, 0x00, 0x00, 0x00, 0x00, 0x00, 0x00, 0x00, 0x00, 0x00, 0x00, 0x00, 0x00, 0x00, 0x00
	.byte 0x00, 0x00, 0x00, 0x00, 0x00, 0x00, 0x00, 0x00, 0x00, 0x00, 0x00, 0x00, 0x00, 0x00, 0x00, 0x00
	.byte 0x00, 0x00, 0x00, 0x00, 0x00, 0x00, 0x00, 0x00, 0x00, 0x00, 0x00, 0x00, 0x00, 0x00, 0x00, 0x00
	.byte 0x00, 0x00, 0x00, 0x00, 0x00, 0x00, 0x00, 0x00, 0x00, 0x00, 0x00, 0x00, 0x00, 0x00, 0x00, 0x00
	.byte 0x00, 0x00, 0x00, 0x00, 0x00, 0x00, 0x00, 0x00, 0x00, 0x00, 0x00, 0x00, 0x00, 0x00, 0x00, 0x00
	.byte 0x00, 0x00, 0x00, 0x00, 0x00, 0x00, 0x00, 0x00, 0x00, 0x00, 0x00, 0x00, 0x00, 0x00, 0x00, 0x00
	.byte 0x00, 0x00, 0x00, 0x00, 0x00, 0x00, 0x00, 0x00, 0x00, 0x00, 0x00, 0xCD, 0x00, 0x00, 0x00, 0xCD
	.byte 0x00, 0x00, 0x00, 0xCD, 0x00, 0x00, 0x00, 0xCD, 0x00, 0x00, 0x00, 0xDD, 0x00, 0x00, 0x00, 0xFF
	.byte 0x00, 0x00, 0xF0, 0xFF, 0x00, 0x00, 0xF0, 0xBF, 0xDD, 0x00, 0x00, 0x00, 0xDD, 0x00, 0x00, 0x00
	.byte 0xDD, 0x00, 0x00, 0x00, 0xDD, 0x00, 0x00, 0x00, 0xDD, 0x00, 0x00, 0x00, 0xFF, 0x00, 0x00, 0x00
	.byte 0xFF, 0xDF, 0xDD, 0xDD, 0xFB, 0xDF, 0xCC, 0xCC, 0x00, 0x00, 0x00, 0x00, 0x00, 0x00, 0x00, 0x00
	.byte 0x00, 0x00, 0x00, 0x00, 0x00, 0x00, 0x00, 0x00, 0x00, 0x00, 0x00, 0x00, 0x00, 0x00, 0x00, 0x00
	.byte 0xDD, 0xDD, 0xDD, 0xDD, 0xCC, 0xCC, 0xCC, 0xCC, 0x00, 0x00, 0x00, 0x00, 0x00, 0x00, 0x00, 0x00
	.byte 0x00, 0x00, 0x00, 0x00, 0x00, 0x00, 0x00, 0x00, 0x00, 0x00, 0x00, 0x00, 0x00, 0x00, 0x00, 0x00
	.byte 0xDD, 0xDD, 0xDD, 0xDD, 0xCC, 0xCC, 0xCC, 0xCC, 0x00, 0x00, 0x00, 0x00, 0x00, 0x00, 0x00, 0x00
	.byte 0x00, 0x00, 0x00, 0x00, 0x00, 0x00, 0x00, 0x00, 0x00, 0x00, 0x00, 0x00, 0x00, 0x00, 0x00, 0x00
	.byte 0xDD, 0xDD, 0xDD, 0x00, 0xCC, 0xCC, 0xDC, 0x0D, 0x00, 0x00, 0x00, 0x00, 0x00, 0x00, 0x00, 0x00
	.byte 0x00, 0x00, 0x00, 0x00, 0x00, 0x00, 0x00, 0x00, 0x00, 0x00, 0x00, 0x00, 0x00, 0x00, 0x00, 0x00
	.byte 0x00, 0x00, 0x00, 0x00, 0x00, 0x00, 0x00, 0x00, 0x00, 0x00, 0x00, 0x00, 0x00, 0x00, 0x00, 0x00
	.byte 0x00, 0x00, 0x00, 0x00, 0x00, 0x00, 0x00, 0x00, 0x00, 0x00, 0x00, 0x00, 0x00, 0x00, 0x00, 0x00
	.byte 0x00, 0x00, 0x00, 0x00, 0x00, 0x00, 0x00, 0x00, 0x00, 0x00, 0x00, 0x00, 0x00, 0x00, 0x00, 0x00
	.byte 0x00, 0x00, 0x00, 0x00, 0x00, 0x00, 0x00, 0x00, 0x00, 0x00, 0x00, 0x00, 0x00, 0x00, 0x00, 0x00
	.byte 0x00, 0x00, 0x00, 0x00, 0x00, 0x00, 0x00, 0x00, 0x00, 0x00, 0xF0, 0xBF, 0x00, 0x00, 0xF0, 0xFF
	.byte 0x00, 0x00, 0x00, 0xFF, 0x00, 0x00, 0x00, 0xDD, 0x00, 0x00, 0x00, 0xCD, 0x00, 0x00, 0x00, 0xCD
	.byte 0x00, 0x00, 0x00, 0xCD, 0x00, 0x00, 0x00, 0xCD, 0xFB, 0xDF, 0xDD, 0xDD, 0xFF, 0xDF, 0xDD, 0xDD
	.byte 0xFF, 0x00, 0x00, 0x00, 0xDD, 0x00, 0x00, 0x00, 0xDD, 0x00, 0x00, 0x00, 0xDD, 0x00, 0x00, 0x00
	.byte 0xDD, 0x00, 0x00, 0x00, 0xDD, 0x00, 0x00, 0x00, 0xDD, 0xDD, 0xDD, 0xDD, 0xDD, 0xDD, 0xDD, 0xDD
	.byte 0x00, 0x00, 0x00, 0x00, 0x00, 0x00, 0x00, 0x00, 0x00, 0x00, 0x00, 0x00, 0x00, 0x00, 0x00, 0x00
	.byte 0x00, 0x00, 0x00, 0x00, 0x00, 0x00, 0x00, 0x00, 0xDD, 0xDD, 0xDD, 0xDD, 0xDD, 0xDD, 0xDD, 0xDD
	.byte 0x00, 0x00, 0x00, 0x00, 0x00, 0x00, 0x00, 0x00, 0x00, 0x00, 0x00, 0x00, 0x00, 0x00, 0x00, 0x00
	.byte 0x00, 0x00, 0x00, 0x00, 0x00, 0x00, 0x00, 0x00, 0xDD, 0xDD, 0xDD, 0x0D, 0xDD, 0xDD, 0xDD, 0x00
	.byte 0x00, 0x00, 0x00, 0x00, 0x00, 0x00, 0x00, 0x00, 0x00, 0x00, 0x00, 0x00, 0x00, 0x00, 0x00, 0x00
	.byte 0x00, 0x00, 0x00, 0x00, 0x00, 0x00, 0x00, 0x00, 0x00, 0x00, 0x00, 0x00, 0x00, 0x00, 0x00, 0x00
	.byte 0x00, 0x00, 0x00, 0x00, 0x00, 0x00, 0x00, 0x00, 0x00, 0x00, 0x00, 0x00, 0x00, 0x00, 0x00, 0x00
	.byte 0x00, 0x00, 0x00, 0x00, 0x00, 0x00, 0x00, 0x00, 0x00, 0x00, 0x00, 0x00, 0x00, 0x00, 0x00, 0x00
	.byte 0x00, 0x00, 0x00, 0x00, 0x00, 0x00, 0x00, 0x00, 0x00, 0x00, 0x00, 0x00, 0x00, 0x00, 0x00, 0x00
	.byte 0x00, 0x00, 0x00, 0x00, 0x00, 0x00, 0x00, 0x00, 0x00, 0x00, 0x00, 0x00, 0x00, 0x00, 0x00, 0x00
	.byte 0x00, 0x00, 0x00, 0x00, 0x00, 0x00, 0x00, 0x00, 0x00, 0x00, 0x00, 0x00, 0x00, 0x00, 0x00, 0x00
	.byte 0x00, 0x00, 0x00, 0x00, 0x00, 0x00, 0x00, 0x00, 0x00, 0x00, 0x00, 0xCD, 0x00, 0x00, 0x00, 0xCD
	.byte 0x00, 0x00, 0x00, 0xCD, 0x00, 0x00, 0x00, 0xCD, 0x00, 0x00, 0x00, 0xCD, 0x00, 0x00, 0x00, 0xDD
	.byte 0x00, 0x00, 0x00, 0xD0, 0x00, 0x00, 0x00, 0x00, 0xDD, 0x00, 0x00, 0x00, 0xDD, 0x00, 0x00, 0x00
	.byte 0xDD, 0x00, 0x00, 0x00, 0xDD, 0x00, 0x00, 0x00, 0xDD, 0x00, 0x00, 0x00, 0xDD, 0x00, 0x00, 0x00
	.byte 0x0D, 0x00, 0x00, 0x00, 0x00, 0x00, 0x00, 0x00, 0x00, 0x00, 0x00, 0x00, 0x00, 0x00, 0x00, 0x00
	.byte 0x00, 0x00, 0x00, 0x00, 0x00, 0x00, 0x00, 0x00, 0x00, 0x00, 0x00, 0x00, 0x00, 0x00, 0x00, 0x00
	.byte 0x00, 0x00, 0x00, 0x00, 0x00, 0x00, 0x00, 0x00, 0x00, 0x00, 0x00, 0x00, 0x00, 0x00, 0x00, 0x00
	.byte 0x00, 0x00, 0x00, 0x00, 0x00, 0x00, 0x00, 0x00, 0x00, 0x00, 0x00, 0x00, 0x00, 0x00, 0x00, 0x00
	.byte 0x00, 0x00, 0x00, 0x00, 0x00, 0x00, 0x00, 0x00, 0x00, 0x00, 0x00, 0x00, 0x00, 0x00, 0x00, 0x00
	.byte 0x00, 0x00, 0x00, 0x00, 0x00, 0x00, 0x00, 0x00, 0x00, 0x00, 0x00, 0x00, 0x00, 0x00, 0x00, 0x00
	.byte 0x00, 0x00, 0x00, 0x00, 0x00, 0x00, 0x00, 0x00, 0x00, 0x00, 0x00, 0x00, 0x00, 0x00, 0x00, 0x00
	.byte 0x00, 0x00, 0x00, 0x00, 0x00, 0x00, 0x00, 0x00, 0x00, 0x00, 0x00, 0x00, 0x00, 0x00, 0x00, 0x00
	.byte 0x00, 0x00, 0x00, 0x00, 0x00, 0x00, 0x00, 0x00, 0x00, 0x00, 0x00, 0x00, 0x00, 0x00, 0x00, 0x00
	.byte 0x00, 0x00, 0x00, 0x00, 0x00, 0x00, 0x00, 0x00, 0x00, 0x00, 0x00, 0x00, 0x00, 0x00, 0x00, 0x00
	.byte 0x00, 0x00, 0x00, 0x00, 0x00, 0x00, 0x00, 0x00, 0x00, 0x00, 0x00, 0x00, 0x00, 0x00, 0x00, 0x00
	.byte 0x00, 0x00, 0x00, 0x00, 0x00, 0x00, 0x00, 0x00, 0x00, 0x00, 0x00, 0x00, 0x00, 0x00, 0x00, 0x00
	.byte 0x00, 0x00, 0x00, 0x00, 0x00, 0x00, 0x00, 0x00, 0x00, 0x00, 0x00, 0x00, 0x00, 0x00, 0x00, 0x00
	.byte 0x00, 0x00, 0x00, 0x00, 0x00, 0x00, 0x00, 0x00, 0x00, 0x00, 0x00, 0x00, 0x00, 0x00, 0x00, 0x00
	.byte 0x00, 0x00, 0x00, 0x00, 0x00, 0x00, 0x00, 0x00, 0x00, 0x00, 0x00, 0x00, 0x00, 0x00, 0x00, 0x00
	.byte 0x00, 0x00, 0x00, 0x00, 0x00, 0x00, 0x00, 0x00, 0x00, 0x00, 0x00, 0x00, 0x00, 0x00, 0x00, 0x00
	.byte 0x00, 0x00, 0x00, 0x00, 0x00, 0x00, 0x00, 0x00, 0x00, 0x00, 0x00, 0x00, 0x00, 0x00, 0x00, 0x00
	.byte 0x00, 0x00, 0x00, 0x00, 0x00, 0x00, 0x00, 0x00, 0x00, 0x00, 0x00, 0x00, 0x00, 0x00, 0x00, 0x00
	.byte 0x00, 0x00, 0x00, 0x00, 0x00, 0x00, 0x00, 0x00, 0x00, 0x00, 0x00, 0x00, 0x00, 0x00, 0x00, 0x00
	.byte 0x00, 0x00, 0x00, 0x00, 0x00, 0x00, 0x00, 0x00, 0x00, 0x00, 0x00, 0x00, 0x00, 0x00, 0x00, 0x00
	.byte 0x00, 0x00, 0x00, 0x00, 0x00, 0x00, 0x00, 0x00, 0x00, 0x00, 0x00, 0x00, 0x00, 0x00, 0x00, 0x00
	.byte 0x00, 0x00, 0x00, 0x00, 0x00, 0x00, 0x00, 0x00, 0x00, 0x00, 0x00, 0x00, 0x00, 0x00, 0x00, 0x00
	.byte 0x00, 0x00, 0x00, 0x00, 0x00, 0x00, 0x00, 0x00, 0x00, 0x00, 0x00, 0x00, 0x00, 0x00, 0x00, 0x00
	.byte 0x00, 0x00, 0x00, 0x00, 0x00, 0x00, 0x00, 0x00, 0x00, 0x00, 0x00, 0x00, 0x00, 0x00, 0x00, 0x00
	.byte 0x00, 0x00, 0x00, 0x00, 0x00, 0x00, 0x00, 0x00, 0x00, 0x00, 0x00, 0x00, 0x00, 0x00, 0x00, 0x00
	.byte 0x00, 0x00, 0x00, 0x00, 0x00, 0x00, 0x00, 0x00, 0x00, 0x00, 0x00, 0x00, 0x00, 0x00, 0x00, 0x00
	.byte 0x00, 0x00, 0x00, 0x00, 0x00, 0x00, 0x00, 0x00, 0x00, 0x00, 0x00, 0x00, 0x00, 0x00, 0x00, 0x00
	.byte 0x00, 0x00, 0x00, 0x00, 0x00, 0x00, 0x00, 0x00, 0x00, 0x00, 0x00, 0x00, 0x00, 0x00, 0x00, 0x00
	.byte 0x00, 0x00, 0x00, 0x00, 0x00, 0x00, 0x00, 0x00, 0x00, 0x00, 0x00, 0x00, 0x00, 0x00, 0x00, 0x00
	.byte 0x00, 0x00, 0x00, 0x00, 0x00, 0x00, 0x00, 0x00, 0x00, 0x00, 0x00, 0x00, 0x00, 0x00, 0x00, 0x00
	.byte 0x00, 0x00, 0x00, 0x00, 0x00, 0x00, 0x00, 0x00, 0x00, 0x00, 0x00, 0x00, 0x00, 0x00, 0x00, 0x00
	.byte 0x00, 0x00, 0x00, 0x00, 0x00, 0x00, 0x00, 0x00, 0x00, 0x00, 0x00, 0x00, 0x00, 0x00, 0x00, 0x00
	.byte 0x00, 0x00, 0x00, 0x00, 0x00, 0x00, 0x00, 0x00, 0x00, 0x00, 0x00, 0x00, 0x00, 0x00, 0x00, 0x00
	.byte 0x00, 0x00, 0x00, 0x00, 0x00, 0x00, 0x00, 0x00, 0x00, 0x00, 0x00, 0x00, 0x00, 0x00, 0x00, 0x00
	.byte 0x00, 0x00, 0x00, 0x00, 0x00, 0x00, 0x00, 0x00, 0x00, 0x00, 0x00, 0x00, 0x00, 0x00, 0x00, 0x00
	.byte 0x00, 0x00, 0x00, 0x00, 0x00, 0x00, 0x00, 0x00, 0x00, 0x00, 0x00, 0x00, 0x00, 0x00, 0x00, 0x00
	.byte 0x00, 0x00, 0x00, 0x00, 0x00, 0x00, 0x00, 0x00, 0x00, 0x00, 0x00, 0x00, 0x00, 0x00, 0x00, 0x00
	.byte 0x00, 0x00, 0x00, 0x00, 0x00, 0x00, 0x00, 0x00, 0x00, 0x00, 0x00, 0x00, 0x00, 0x00, 0x00, 0x00
	.byte 0x00, 0x00, 0x00, 0x00, 0x00, 0x00, 0x00, 0x00, 0x00, 0x00, 0x00, 0x00, 0x00, 0x00, 0x00, 0x00
	.byte 0x00, 0x00, 0x00, 0x00, 0x00, 0x00, 0x00, 0x00, 0x00, 0x00, 0x00, 0x00, 0x00, 0x00, 0x00, 0x00
	.byte 0x00, 0x00, 0x00, 0x00, 0x00, 0x00, 0x00, 0x00, 0x00, 0x00, 0x00, 0x00, 0x00, 0x00, 0x00, 0x00
	.byte 0x00, 0x00, 0x00, 0x00, 0x00, 0x00, 0x00, 0x00, 0x00, 0x00, 0x00, 0x00, 0x00, 0x00, 0x00, 0x00
	.byte 0x00, 0x00, 0x00, 0x00, 0x00, 0x00, 0x00, 0x00, 0x00, 0x00, 0x00, 0x00, 0x00, 0x00, 0x00, 0x00
	.byte 0x00, 0x00, 0x00, 0x00, 0x00, 0x00, 0x00, 0x00, 0x00, 0x00, 0x00, 0x00, 0x00, 0x00, 0x00, 0x00
	.byte 0x00, 0x00, 0x00, 0x00, 0x00, 0x00, 0x00, 0x00, 0x00, 0x00, 0x00, 0x00, 0x00, 0x00, 0x00, 0x00
	.byte 0x00, 0x00, 0x00, 0x00, 0x00, 0x00, 0x00, 0x00, 0x00, 0x00, 0x00, 0x00, 0x00, 0x00, 0x00, 0x00
	.byte 0x00, 0x00, 0x00, 0x00, 0x00, 0x00, 0x00, 0x00, 0x00, 0x00, 0x00, 0x00, 0x00, 0x00, 0x00, 0x00
	.byte 0x00, 0x00, 0x00, 0x00, 0x00, 0x00, 0x00, 0x00, 0x00, 0x00, 0x00, 0x00, 0x00, 0x00, 0x00, 0x00
	.byte 0x00, 0x00, 0x00, 0x00, 0x00, 0x00, 0x00, 0x00, 0x00, 0x00, 0x00, 0x00, 0x00, 0x00, 0x00, 0x00
	.byte 0x00, 0x00, 0x00, 0x00, 0x00, 0x00, 0x00, 0x00, 0x00, 0x00, 0x00, 0x00, 0x00, 0x00, 0x00, 0x00
	.byte 0x00, 0x00, 0x00, 0x00, 0x00, 0x00, 0x00, 0x00, 0x00, 0x00, 0x00, 0x00, 0x00, 0x00, 0x00, 0x00
	.byte 0x00, 0x00, 0x00, 0x00, 0x00, 0x00, 0x00, 0x00, 0x00, 0x00, 0x00, 0x00, 0x00, 0x00, 0x00, 0x00
	.byte 0x00, 0x00, 0x00, 0x00, 0x00, 0x00, 0x00, 0x00, 0x00, 0x00, 0x00, 0x00, 0x00, 0x00, 0x00, 0x00
	.byte 0x00, 0x00, 0x00, 0x00, 0x00, 0x00, 0x00, 0x00, 0x00, 0x00, 0x00, 0x00, 0x00, 0x00, 0x00, 0x00
	.byte 0x00, 0x00, 0x00, 0x00, 0x00, 0x00, 0x00, 0x00, 0x00, 0x00, 0x00, 0x00, 0x00, 0x00, 0x00, 0x00
	.byte 0x00, 0x00, 0x00, 0x00, 0x00, 0x00, 0x00, 0x00, 0x00, 0x00, 0x00, 0x00, 0x00, 0x00, 0x00, 0x00
	.byte 0x00, 0x00, 0x00, 0x00, 0x00, 0x00, 0x00, 0x00, 0x00, 0x00, 0x00, 0x00, 0x00, 0x00, 0x00, 0x00
	.byte 0x00, 0x00, 0x00, 0x00, 0x00, 0x00, 0x00, 0x00, 0x00, 0x00, 0x00, 0x00, 0x00, 0x00, 0x00, 0x00
	.byte 0x00, 0x00, 0x00, 0x00, 0x00, 0x00, 0x00, 0x00, 0x00, 0x00, 0x00, 0x00, 0x00, 0x00, 0x00, 0x00
	.byte 0x00, 0x00, 0x00, 0x00, 0x00, 0x00, 0x00, 0x00, 0x00, 0x00, 0x00, 0x00, 0x00, 0x00, 0x00, 0x00
	.byte 0x00, 0x00, 0x00, 0x00, 0x00, 0x00, 0x00, 0x00, 0x00, 0x00, 0x00, 0x00, 0x00, 0x00, 0x00, 0x00
	.byte 0x00, 0x00, 0x00, 0x00, 0x00, 0x00, 0x00, 0x00, 0x00, 0x00, 0x00, 0x00, 0x00, 0x00, 0x00, 0x00
	.byte 0x00, 0x00, 0x00, 0x00, 0x00, 0x00, 0x00, 0x00, 0x00, 0x00, 0x00, 0x00, 0x00, 0x00, 0x00, 0x00
	.byte 0x00, 0x00, 0x00, 0x00, 0x00, 0x00, 0x00, 0x00, 0x00, 0x00, 0x00, 0x00, 0x00, 0x00, 0x00, 0x00
	.byte 0x00, 0x00, 0x00, 0x00, 0x00, 0x00, 0x00, 0x00, 0x00, 0x00, 0x00, 0x00, 0x00, 0x00, 0x00, 0x00
	.byte 0x00, 0x00, 0x00, 0x00, 0x00, 0x00, 0x00, 0x00, 0x00, 0x00, 0x00, 0x00, 0x00, 0x00, 0x00, 0x00
	.byte 0x00, 0x00, 0x00, 0x00, 0x00, 0x00, 0x00, 0x00, 0x00, 0x00, 0x00, 0x00, 0x00, 0x00, 0x00, 0x00
	.byte 0x00, 0x00, 0x00, 0x00, 0x00, 0x00, 0x00, 0x00, 0x00, 0x00, 0x00, 0x00, 0x00, 0x00, 0x00, 0x00
	.byte 0x00, 0x00, 0x00, 0x00, 0x00, 0x00, 0x00, 0x00, 0x00, 0x00, 0x00, 0x00, 0x00, 0x00, 0x00, 0x00
	.byte 0x00, 0x00, 0x00, 0x00, 0x00, 0x00, 0x00, 0x00, 0x00, 0x00, 0x00, 0x00, 0x00, 0x00, 0x00, 0x00
	.byte 0x00, 0x00, 0x00, 0x00, 0x00, 0x00, 0x00, 0x00, 0x00, 0x00, 0x00, 0x00, 0x00, 0x00, 0x00, 0x00
	.byte 0x00, 0x00, 0x00, 0x00, 0x00, 0x00, 0x00, 0x00, 0x00, 0x00, 0x00, 0x00, 0x00, 0x00, 0x00, 0x00
	.byte 0x00, 0x00, 0x00, 0x00, 0x00, 0x00, 0x00, 0x00, 0x00, 0x00, 0x00, 0x00, 0x00, 0x00, 0x00, 0x00
	.byte 0x00, 0x00, 0x00, 0x00, 0x00, 0x00, 0x00, 0x00, 0x00, 0x00, 0x00, 0x00, 0x00, 0x00, 0x00, 0x00
	.byte 0x00, 0x00, 0x00, 0x00, 0x00, 0x00, 0x00, 0x00, 0x00, 0x00, 0x00, 0x00, 0x00, 0x00, 0x00, 0x00
	.byte 0x00, 0x00, 0x00, 0x00, 0x00, 0x00, 0x00, 0x00, 0x00, 0x00, 0x00, 0x00, 0x00, 0x00, 0x00, 0x00
	.byte 0x00, 0x00, 0x00, 0x00, 0x00, 0x00, 0x00, 0x00, 0x00, 0x00, 0x00, 0x00, 0x00, 0x00, 0x00, 0xD0
	.byte 0x00, 0x00, 0x00, 0xDD, 0x00, 0x00, 0x00, 0xCD, 0x00, 0x00, 0x00, 0xCD, 0x00, 0x00, 0x00, 0xCD
	.byte 0x00, 0x00, 0x00, 0xCD, 0x00, 0x00, 0x00, 0xCD, 0x00, 0x00, 0x00, 0x00, 0x0D, 0x00, 0x00, 0x00
	.byte 0xDD, 0x00, 0x00, 0x00, 0xDD, 0x00, 0x00, 0x00, 0xDD, 0x00, 0x00, 0x00, 0xDD, 0x00, 0x00, 0x00
	.byte 0xDD, 0x00, 0x00, 0x00, 0xDD, 0x00, 0x00, 0x00, 0x00, 0x00, 0x00, 0x00, 0x00, 0x00, 0x00, 0x00
	.byte 0x00, 0x00, 0x00, 0x00, 0x00, 0x00, 0x00, 0x00, 0x00, 0x00, 0x00, 0x00, 0x00, 0x00, 0x00, 0x00
	.byte 0x00, 0x00, 0x00, 0x00, 0x00, 0x00, 0x00, 0x00, 0x00, 0x00, 0x00, 0x00, 0x00, 0x00, 0x00, 0x00
	.byte 0x00, 0x00, 0x00, 0x00, 0x00, 0x00, 0x00, 0x00, 0x00, 0x00, 0x00, 0x00, 0x00, 0x00, 0x00, 0x00
	.byte 0x00, 0x00, 0x00, 0x00, 0x00, 0x00, 0x00, 0x00, 0x00, 0x00, 0x00, 0x00, 0x00, 0x00, 0x00, 0x00
	.byte 0x00, 0x00, 0x00, 0x00, 0x00, 0x00, 0x00, 0x00, 0x00, 0x00, 0x00, 0x00, 0x00, 0x00, 0x00, 0x00
	.byte 0x00, 0x00, 0x00, 0x00, 0x00, 0x00, 0x00, 0x00, 0x00, 0x00, 0x00, 0x00, 0x00, 0x00, 0x00, 0x00
	.byte 0x00, 0x00, 0x00, 0x00, 0x00, 0x00, 0x00, 0x00, 0x00, 0x00, 0x00, 0x00, 0x00, 0x00, 0x00, 0x00
	.byte 0x00, 0x00, 0x00, 0x00, 0x00, 0x00, 0x00, 0x00, 0x00, 0x00, 0x00, 0x00, 0x00, 0x00, 0x00, 0x00
	.byte 0x00, 0x00, 0x00, 0x00, 0x00, 0x00, 0x00, 0x00, 0x00, 0x00, 0x00, 0x00, 0x00, 0x00, 0x00, 0x00
	.byte 0x00, 0x00, 0x00, 0x00, 0x00, 0x00, 0x00, 0x00, 0x00, 0x00, 0x00, 0x00, 0x00, 0x00, 0x00, 0x00
	.byte 0x00, 0x00, 0x00, 0x00, 0x00, 0x00, 0x00, 0x00, 0x00, 0x00, 0x00, 0x00, 0x00, 0x00, 0x00, 0x00
	.byte 0x00, 0x00, 0x00, 0x00, 0x00, 0x00, 0x00, 0x00, 0x00, 0x00, 0x00, 0xCD, 0x00, 0x00, 0x00, 0xCD
	.byte 0x00, 0x00, 0x00, 0xCD, 0x00, 0x00, 0x00, 0xCD, 0x00, 0x00, 0x00, 0xDD, 0x00, 0x00, 0x00, 0xFF
	.byte 0x00, 0x00, 0xF0, 0xFF, 0x00, 0x00, 0xF0, 0xBF, 0xDD, 0x00, 0x00, 0x00, 0xDD, 0x00, 0x00, 0x00
	.byte 0xDD, 0x00, 0x00, 0x00, 0xDD, 0x00, 0x00, 0x00, 0xDD, 0x00, 0x00, 0x00, 0xFF, 0x00, 0x00, 0x00
	.byte 0xFF, 0xDF, 0xDD, 0xDD, 0xFB, 0xDF, 0xCC, 0xCC, 0x00, 0x00, 0x00, 0x00, 0x00, 0x00, 0x00, 0x00
	.byte 0x00, 0x00, 0x00, 0x00, 0x00, 0x00, 0x00, 0x00, 0x00, 0x00, 0x00, 0x00, 0x00, 0x00, 0x00, 0x00
	.byte 0xDD, 0xDD, 0xDD, 0x00, 0xCC, 0xCC, 0xDC, 0x0D, 0x00, 0x00, 0x00, 0x00, 0x00, 0x00, 0x00, 0x00
	.byte 0x00, 0x00, 0x00, 0x00, 0x00, 0x00, 0x00, 0x00, 0x00, 0x00, 0x00, 0x00, 0x00, 0x00, 0x00, 0x00
	.byte 0x00, 0x00, 0x00, 0x00, 0x00, 0x00, 0x00, 0x00, 0x00, 0x00, 0x00, 0x00, 0x00, 0x00, 0x00, 0x00
	.byte 0x00, 0x00, 0x00, 0x00, 0x00, 0x00, 0x00, 0x00, 0x00, 0x00, 0x00, 0x00, 0x00, 0x00, 0x00, 0x00
	.byte 0x00, 0x00, 0x00, 0x00, 0x00, 0x00, 0x00, 0x00, 0x00, 0x00, 0x00, 0x00, 0x00, 0x00, 0x00, 0x00
	.byte 0x00, 0x00, 0x00, 0x00, 0x00, 0x00, 0x00, 0x00, 0x00, 0x00, 0x00, 0x00, 0x00, 0x00, 0x00, 0x00
	.byte 0x00, 0x00, 0x00, 0x00, 0x00, 0x00, 0x00, 0x00, 0x00, 0x00, 0x00, 0x00, 0x00, 0x00, 0x00, 0x00
	.byte 0x00, 0x00, 0x00, 0x00, 0x00, 0x00, 0x00, 0x00, 0x00, 0x00, 0x00, 0x00, 0x00, 0x00, 0x00, 0x00
	.byte 0x00, 0x00, 0x00, 0x00, 0x00, 0x00, 0x00, 0x00, 0x00, 0x00, 0x00, 0x00, 0x00, 0x00, 0x00, 0x00
	.byte 0x00, 0x00, 0x00, 0x00, 0x00, 0x00, 0x00, 0x00, 0x00, 0x00, 0x00, 0x00, 0x00, 0x00, 0x00, 0x00
	.byte 0x00, 0x00, 0x00, 0x00, 0x00, 0x00, 0x00, 0x00, 0x00, 0x00, 0xF0, 0xBF, 0x00, 0x00, 0xF0, 0xFF
	.byte 0x00, 0x00, 0x00, 0xFF, 0x00, 0x00, 0x00, 0xDD, 0x00, 0x00, 0x00, 0xCD, 0x00, 0x00, 0x00, 0xCD
	.byte 0x00, 0x00, 0x00, 0xCD, 0x00, 0x00, 0x00, 0xCD, 0xFB, 0xDF, 0xDD, 0xDD, 0xFF, 0xDF, 0xDD, 0xDD
	.byte 0xFF, 0x00, 0x00, 0x00, 0xDD, 0x00, 0x00, 0x00, 0xDD, 0x00, 0x00, 0x00, 0xDD, 0x00, 0x00, 0x00
	.byte 0xDD, 0x00, 0x00, 0x00, 0xDD, 0x00, 0x00, 0x00, 0xDD, 0xDD, 0xDD, 0x0D, 0xDD, 0xDD, 0xDD, 0x00
	.byte 0x00, 0x00, 0x00, 0x00, 0x00, 0x00, 0x00, 0x00, 0x00, 0x00, 0x00, 0x00, 0x00, 0x00, 0x00, 0x00
	.byte 0x00, 0x00, 0x00, 0x00, 0x00, 0x00, 0x00, 0x00, 0x00, 0x00, 0x00, 0x00, 0x00, 0x00, 0x00, 0x00
	.byte 0x00, 0x00, 0x00, 0x00, 0x00, 0x00, 0x00, 0x00, 0x00, 0x00, 0x00, 0x00, 0x00, 0x00, 0x00, 0x00
	.byte 0x00, 0x00, 0x00, 0x00, 0x00, 0x00, 0x00, 0x00, 0x00, 0x00, 0x00, 0x00, 0x00, 0x00, 0x00, 0x00
	.byte 0x00, 0x00, 0x00, 0x00, 0x00, 0x00, 0x00, 0x00, 0x00, 0x00, 0x00, 0x00, 0x00, 0x00, 0x00, 0x00
	.byte 0x00, 0x00, 0x00, 0x00, 0x00, 0x00, 0x00, 0x00, 0x00, 0x00, 0x00, 0x00, 0x00, 0x00, 0x00, 0x00
	.byte 0x00, 0x00, 0x00, 0x00, 0x00, 0x00, 0x00, 0x00, 0x00, 0x00, 0x00, 0x00, 0x00, 0x00, 0x00, 0x00
	.byte 0x00, 0x00, 0x00, 0x00, 0x00, 0x00, 0x00, 0x00, 0x00, 0x00, 0x00, 0x00, 0x00, 0x00, 0x00, 0x00
	.byte 0x00, 0x00, 0x00, 0x00, 0x00, 0x00, 0x00, 0x00, 0x00, 0x00, 0x00, 0x00, 0x00, 0x00, 0x00, 0x00
	.byte 0x00, 0x00, 0x00, 0x00, 0x00, 0x00, 0x00, 0x00, 0x00, 0x00, 0x00, 0x00, 0x00, 0x00, 0x00, 0x00
	.byte 0x00, 0x00, 0x00, 0x00, 0x00, 0x00, 0x00, 0x00, 0x00, 0x00, 0x00, 0x00, 0x00, 0x00, 0x00, 0x00
	.byte 0x00, 0x00, 0x00, 0x00, 0x00, 0x00, 0x00, 0x00, 0x00, 0x00, 0x00, 0xCD, 0x00, 0x00, 0x00, 0xCD
	.byte 0x00, 0x00, 0x00, 0xCD, 0x00, 0x00, 0x00, 0xCD, 0x00, 0x00, 0x00, 0xCD, 0x00, 0x00, 0x00, 0xCD
	.byte 0x00, 0x00, 0x00, 0xCD, 0x00, 0x00, 0x00, 0xCD, 0xDD, 0x00, 0x00, 0x00, 0xDD, 0x00, 0x00, 0x00
	.byte 0xDD, 0x00, 0x00, 0x00, 0xDD, 0x00, 0x00, 0x00, 0xDD, 0x00, 0x00, 0x00, 0xDD, 0x00, 0x00, 0x00
	.byte 0xDD, 0x00, 0x00, 0x00, 0xDD, 0x00, 0x00, 0x00, 0x00, 0x00, 0x00, 0x00, 0x00, 0x00, 0x00, 0x00
	.byte 0x00, 0x00, 0x00, 0x00, 0x00, 0x00, 0x00, 0x00, 0x00, 0x00, 0x00, 0x00, 0x00, 0x00, 0x00, 0x00
	.byte 0x00, 0x00, 0x00, 0x00, 0x00, 0x00, 0x00, 0x00, 0x00, 0x00, 0x00, 0x00, 0x00, 0x00, 0x00, 0x00
	.byte 0x00, 0x00, 0x00, 0x00, 0x00, 0x00, 0x00, 0x00, 0x00, 0x00, 0x00, 0x00, 0x00, 0x00, 0x00, 0x00
	.byte 0x00, 0x00, 0x00, 0x00, 0x00, 0x00, 0x00, 0x00, 0x00, 0x00, 0x00, 0x00, 0x00, 0x00, 0x00, 0x00
	.byte 0x00, 0x00, 0x00, 0x00, 0x00, 0x00, 0x00, 0x00, 0x00, 0x00, 0x00, 0x00, 0x00, 0x00, 0x00, 0x00
	.byte 0x00, 0x00, 0x00, 0x00, 0x00, 0x00, 0x00, 0x00, 0x00, 0x00, 0x00, 0x00, 0x00, 0x00, 0x00, 0x00
	.byte 0x00, 0x00, 0x00, 0x00, 0x00, 0x00, 0x00, 0x00, 0x00, 0x00, 0x00, 0x00, 0x00, 0x00, 0x00, 0x00
	.byte 0x00, 0x00, 0x00, 0x00, 0x00, 0x00, 0x00, 0x00, 0x00, 0x00, 0x00, 0x00, 0x00, 0x00, 0x00, 0x00
	.byte 0x00, 0x00, 0x00, 0x00, 0x00, 0x00, 0x00, 0x00, 0x00, 0x00, 0x00, 0x00, 0x00, 0x00, 0x00, 0x00
	.byte 0x00, 0x00, 0x00, 0x00, 0x00, 0x00, 0x00, 0x00, 0x00, 0x00, 0x00, 0x00, 0x00, 0x00, 0x00, 0x00
	.byte 0x00, 0x00, 0x00, 0x00, 0x00, 0x00, 0x00, 0x00, 0x00, 0x00, 0x00, 0x00, 0x00, 0x00, 0x00, 0x00
	.byte 0x00, 0x00, 0x00, 0x00, 0x00, 0x00, 0x00, 0x00, 0x00, 0x00, 0x00, 0xCD, 0x00, 0x00, 0x00, 0xCD
	.byte 0x00, 0x00, 0x00, 0xCD, 0x00, 0x00, 0x00, 0xCD, 0x00, 0x00, 0x00, 0xCD, 0x00, 0x00, 0x00, 0xCD
	.byte 0x00, 0x00, 0x00, 0xCD, 0x00, 0x00, 0x00, 0xCD, 0xDD, 0x00, 0x00, 0x00, 0xDD, 0x00, 0x00, 0x00
	.byte 0xDD, 0x00, 0x00, 0x00, 0xDD, 0x00, 0x00, 0x00, 0xDD, 0x00, 0x00, 0x00, 0xDD, 0x00, 0x00, 0x00
	.byte 0xDD, 0x00, 0x00, 0x00, 0xDD, 0x00, 0x00, 0x00, 0x00, 0x00, 0x00, 0x00, 0x00, 0x00, 0x00, 0x00
	.byte 0x00, 0x00, 0x00, 0x00, 0x00, 0x00, 0x00, 0x00, 0x00, 0x00, 0x00, 0x00, 0x00, 0x00, 0x00, 0x00
	.byte 0x00, 0x00, 0x00, 0x00, 0x00, 0x00, 0x00, 0x00, 0x00, 0x00, 0x00, 0x00, 0x00, 0x00, 0x00, 0x00
	.byte 0x00, 0x00, 0x00, 0x00, 0x00, 0x00, 0x00, 0x00, 0x00, 0x00, 0x00, 0x00, 0x00, 0x00, 0x00, 0x00
	.byte 0x00, 0x00, 0x00, 0x00, 0x00, 0x00, 0x00, 0x00, 0x00, 0x00, 0x00, 0x00, 0x00, 0x00, 0x00, 0x00
	.byte 0x00, 0x00, 0x00, 0x00, 0x00, 0x00, 0x00, 0x00, 0x00, 0x00, 0x00, 0x00, 0x00, 0x00, 0x00, 0x00
	.byte 0x00, 0x00, 0x00, 0x00, 0x00, 0x00, 0x00, 0x00, 0x00, 0x00, 0x00, 0x00, 0x00, 0x00, 0x00, 0x00
	.byte 0x00, 0x00, 0x00, 0x00, 0x00, 0x00, 0x00, 0x00, 0x00, 0x00, 0x00, 0x00, 0x00, 0x00, 0x00, 0x00
	.byte 0x00, 0x00, 0x00, 0x00, 0x00, 0x00, 0x00, 0x00, 0x00, 0x00, 0x00, 0x00, 0x00, 0x00, 0x00, 0x00
	.byte 0x00, 0x00, 0x00, 0x00, 0x00, 0x00, 0x00, 0x00, 0x00, 0x00, 0x00, 0x00, 0x00, 0x00, 0x00, 0x00
	.byte 0x00, 0x00, 0x00, 0x00, 0x00, 0x00, 0x00, 0x00, 0x00, 0x00, 0x00, 0x00, 0x00, 0x00, 0x00, 0x00
	.byte 0x00, 0x00, 0x00, 0x00, 0x00, 0x00, 0x00, 0x00, 0x00, 0x00, 0x00, 0x00, 0x00, 0x00, 0x00, 0x00
	.byte 0x00, 0x00, 0x00, 0x00, 0x00, 0x00, 0x00, 0x00, 0x00, 0x00, 0x00, 0xCD, 0x00, 0x00, 0x00, 0xCD
	.byte 0x00, 0x00, 0x00, 0xCD, 0x00, 0x00, 0x00, 0xCD, 0x00, 0x00, 0x00, 0xCD, 0x00, 0x00, 0x00, 0xDD
	.byte 0x00, 0x00, 0x00, 0xD0, 0x00, 0x00, 0x00, 0x00, 0xDD, 0x00, 0x00, 0x00, 0xDD, 0x00, 0x00, 0x00
	.byte 0xDD, 0x00, 0x00, 0x00, 0xDD, 0x00, 0x00, 0x00, 0xDD, 0x00, 0x00, 0x00, 0xDD, 0x00, 0x00, 0x00
	.byte 0x0D, 0x00, 0x00, 0x00, 0x00, 0x00, 0x00, 0x00, 0x00, 0x00, 0x00, 0x00, 0x00, 0x00, 0x00, 0x00
	.byte 0x00, 0x00, 0x00, 0x00, 0x00, 0x00, 0x00, 0x00, 0x00, 0x00, 0x00, 0x00, 0x00, 0x00, 0x00, 0x00
	.byte 0x00, 0x00, 0x00, 0x00, 0x00, 0x00, 0x00, 0x00, 0x00, 0x00, 0x00, 0x00, 0x00, 0x00, 0x00, 0x00
	.byte 0x00, 0x00, 0x00, 0x00, 0x00, 0x00, 0x00, 0x00, 0x00, 0x00, 0x00, 0x00, 0x00, 0x00, 0x00, 0x00
	.byte 0x00, 0x00, 0x00, 0x00, 0x00, 0x00, 0x00, 0x00, 0x00, 0x00, 0x00, 0x00, 0x00, 0x00, 0x00, 0x00
	.byte 0x00, 0x00, 0x00, 0x00, 0x00, 0x00, 0x00, 0x00, 0x00, 0x00, 0x00, 0x00, 0x00, 0x00, 0x00, 0x00
	.byte 0x00, 0x00, 0x00, 0x00, 0x00, 0x00, 0x00, 0x00, 0x00, 0x01, 0x00, 0xC0, 0x00, 0x28, 0x00, 0x00
	.byte 0x00, 0x01, 0x00, 0x80, 0x00, 0x28, 0x00, 0x00
	.globl gUnknown_856D93C
gUnknown_856D93C: @ 0x0856D93C
	@ Replaced baserom.gba range: offset=0x56D93C, size=0x270
	.byte 0x2C, 0xA5, 0x56, 0x08, 0x00, 0x02, 0x00, 0x13, 0x2C, 0xA7, 0x56, 0x08, 0x00, 0x08, 0x01, 0x13
	.byte 0x2C, 0xAF, 0x56, 0x08, 0x00, 0x08, 0x02, 0x13, 0x2C, 0xB7, 0x56, 0x08, 0x00, 0x08, 0x03, 0x13
	.byte 0x2C, 0xBF, 0x56, 0x08, 0x00, 0x02, 0x04, 0x13, 0x2C, 0xC1, 0x56, 0x08, 0x00, 0x08, 0x05, 0x13
	.byte 0x2C, 0xC9, 0x56, 0x08, 0x00, 0x08, 0x06, 0x13, 0x2C, 0xD1, 0x56, 0x08, 0x00, 0x08, 0x07, 0x13
	.byte 0x00, 0x00, 0x00, 0x00, 0x00, 0x00, 0x00, 0x00, 0x00, 0x00, 0x00, 0x00, 0xFF, 0xFF, 0x00, 0x00
	.byte 0x00, 0x00, 0x00, 0x00, 0xFF, 0xFF, 0x00, 0x00, 0x84, 0xD9, 0x56, 0x08, 0x8C, 0xD9, 0x56, 0x08
	.byte 0x00, 0x01, 0x00, 0x01, 0x00, 0x00, 0x00, 0x00, 0xFE, 0x7F, 0x00, 0x00, 0x00, 0x00, 0x00, 0x00
	.byte 0x00, 0x01, 0x00, 0x01, 0xC0, 0x00, 0x00, 0x00, 0xFE, 0x7F, 0x00, 0x00, 0x00, 0x00, 0x00, 0x00
	.byte 0x00, 0x01, 0x00, 0x01, 0x80, 0x00, 0x00, 0x00, 0xFE, 0x7F, 0x00, 0x00, 0x00, 0x00, 0x00, 0x00
	.byte 0x00, 0x01, 0x00, 0x01, 0x40, 0x00, 0x00, 0x00, 0xFE, 0x7F, 0x00, 0x00, 0x00, 0x00, 0x00, 0x00
	.byte 0x00, 0x01, 0x00, 0x01, 0x00, 0x00, 0x00, 0x00, 0x00, 0x00, 0x00, 0x00, 0xFC, 0x10, 0x00, 0x00
	.byte 0xFF, 0x7F, 0x00, 0x00, 0x00, 0x00, 0x00, 0x00, 0x00, 0x01, 0x00, 0x01, 0xC0, 0x00, 0x00, 0x00
	.byte 0x00, 0x00, 0x00, 0x00, 0xFC, 0x10, 0x00, 0x00, 0xFF, 0x7F, 0x00, 0x00, 0x00, 0x00, 0x00, 0x00
	.byte 0x00, 0x01, 0x00, 0x01, 0x80, 0x00, 0x00, 0x00, 0x00, 0x00, 0x00, 0x00, 0xFC, 0x10, 0x00, 0x00
	.byte 0xFF, 0x7F, 0x00, 0x00, 0x00, 0x00, 0x00, 0x00, 0x00, 0x01, 0x00, 0x01, 0x40, 0x00, 0x00, 0x00
	.byte 0x00, 0x00, 0x00, 0x00, 0xFC, 0x10, 0x00, 0x00, 0xFF, 0x7F, 0x00, 0x00, 0x00, 0x00, 0x00, 0x00
	.byte 0x00, 0x01, 0x00, 0x01, 0x00, 0x00, 0x00, 0x00, 0x00, 0x00, 0x00, 0x00, 0x04, 0x10, 0x00, 0x00
	.byte 0xFF, 0x7F, 0x00, 0x00, 0x00, 0x00, 0x00, 0x00, 0x00, 0x01, 0x00, 0x01, 0x40, 0x00, 0x00, 0x00
	.byte 0x00, 0x00, 0x00, 0x00, 0x04, 0x10, 0x00, 0x00, 0xFF, 0x7F, 0x00, 0x00, 0x00, 0x00, 0x00, 0x00
	.byte 0x00, 0x01, 0x00, 0x01, 0x80, 0x00, 0x00, 0x00, 0x00, 0x00, 0x00, 0x00, 0x04, 0x10, 0x00, 0x00
	.byte 0xFF, 0x7F, 0x00, 0x00, 0x00, 0x00, 0x00, 0x00, 0x00, 0x01, 0x00, 0x01, 0xC0, 0x00, 0x00, 0x00
	.byte 0x00, 0x00, 0x00, 0x00, 0x04, 0x10, 0x00, 0x00, 0xFF, 0x7F, 0x00, 0x00, 0x00, 0x00, 0x00, 0x00
	.byte 0x00, 0x01, 0x00, 0x01, 0x00, 0x00, 0x00, 0x00, 0x00, 0x00, 0x00, 0x00, 0xF8, 0x08, 0x00, 0x00
	.byte 0xFF, 0x7F, 0x00, 0x00, 0x00, 0x00, 0x00, 0x00, 0x00, 0x01, 0x00, 0x01, 0xC0, 0x00, 0x00, 0x00
	.byte 0x00, 0x00, 0x00, 0x00, 0xF8, 0x08, 0x00, 0x00, 0xFF, 0x7F, 0x00, 0x00, 0x00, 0x00, 0x00, 0x00
	.byte 0x00, 0x01, 0x00, 0x01, 0x80, 0x00, 0x00, 0x00, 0x00, 0x00, 0x00, 0x00, 0xF8, 0x08, 0x00, 0x00
	.byte 0xFF, 0x7F, 0x00, 0x00, 0x00, 0x00, 0x00, 0x00, 0x00, 0x01, 0x00, 0x01, 0x40, 0x00, 0x00, 0x00
	.byte 0x00, 0x00, 0x00, 0x00, 0xF8, 0x08, 0x00, 0x00, 0xFF, 0x7F, 0x00, 0x00, 0x00, 0x00, 0x00, 0x00
	.byte 0x00, 0x01, 0x00, 0x01, 0x00, 0x00, 0x00, 0x00, 0x00, 0x00, 0x00, 0x00, 0x08, 0x08, 0x00, 0x00
	.byte 0xFF, 0x7F, 0x00, 0x00, 0x00, 0x00, 0x00, 0x00, 0x00, 0x01, 0x00, 0x01, 0x40, 0x00, 0x00, 0x00
	.byte 0x00, 0x00, 0x00, 0x00, 0x08, 0x08, 0x00, 0x00, 0xFF, 0x7F, 0x00, 0x00, 0x00, 0x00, 0x00, 0x00
	.byte 0x00, 0x01, 0x00, 0x01, 0x80, 0x00, 0x00, 0x00, 0x00, 0x00, 0x00, 0x00, 0x08, 0x08, 0x00, 0x00
	.byte 0xFF, 0x7F, 0x00, 0x00, 0x00, 0x00, 0x00, 0x00, 0x00, 0x01, 0x00, 0x01, 0xC0, 0x00, 0x00, 0x00
	.byte 0x00, 0x00, 0x00, 0x00, 0x08, 0x08, 0x00, 0x00, 0xFF, 0x7F, 0x00, 0x00, 0x00, 0x00, 0x00, 0x00
	.byte 0x9C, 0xD9, 0x56, 0x08, 0xAC, 0xD9, 0x56, 0x08, 0xBC, 0xD9, 0x56, 0x08, 0xCC, 0xD9, 0x56, 0x08
	.byte 0x3C, 0xDA, 0x56, 0x08, 0x84, 0xDA, 0x56, 0x08, 0x6C, 0xDA, 0x56, 0x08, 0x54, 0xDA, 0x56, 0x08
	.byte 0xDC, 0xD9, 0x56, 0x08, 0xF4, 0xD9, 0x56, 0x08, 0x0C, 0xDA, 0x56, 0x08, 0x24, 0xDA, 0x56, 0x08
	.byte 0xFC, 0xDA, 0x56, 0x08, 0x44, 0xDB, 0x56, 0x08, 0x2C, 0xDB, 0x56, 0x08, 0x14, 0xDB, 0x56, 0x08
	.byte 0x9C, 0xDA, 0x56, 0x08, 0xB4, 0xDA, 0x56, 0x08, 0xCC, 0xDA, 0x56, 0x08, 0xE4, 0xDA, 0x56, 0x08
	.globl gUnknown_856DBAC
gUnknown_856DBAC: @ 0x0856DBAC
	@ Replaced baserom.gba range: offset=0x56DBAC, size=0x18
	.byte 0x00, 0x13, 0xFF, 0xFF, 0x2C, 0xD9, 0x56, 0x08, 0x94, 0xD9, 0x56, 0x08, 0x00, 0x00, 0x00, 0x00
	.byte 0x5C, 0xDB, 0x56, 0x08, 0x55, 0xC3, 0x0F, 0x08
	.globl gUnknown_856DBC4
gUnknown_856DBC4: @ 0x0856DBC4
	@ Replaced baserom.gba range: offset=0x56DBC4, size=0x18
	.byte 0x00, 0x13, 0xFF, 0xFF, 0x34, 0xD9, 0x56, 0x08, 0x98, 0xD9, 0x56, 0x08, 0x00, 0x00, 0x00, 0x00
	.byte 0x5C, 0xDB, 0x56, 0x08, 0x55, 0xC3, 0x0F, 0x08
	.globl gUnknown_856DBDC
gUnknown_856DBDC: @ 0x0856DBDC
	@ Replaced baserom.gba range: offset=0x56DBDC, size=0x10
	.byte 0xFF, 0xFF, 0xFF, 0xFF, 0x27, 0x26, 0x12, 0x13, 0xFF, 0xFF, 0xFF, 0xFF, 0xFF, 0xFF, 0xFF, 0xFF
	.globl gUnknown_856DBEC
gUnknown_856DBEC: @ 0x0856DBEC
	@ Replaced baserom.gba range: offset=0x56DBEC, size=0x10
	.byte 0xFF, 0xFF, 0xFF, 0xFF, 0xFF, 0xFF, 0xFF, 0xFF, 0x17, 0x16, 0x22, 0x23, 0xFF, 0xFF, 0xFF, 0xFF
	.globl gUnknown_856DBFC
gUnknown_856DBFC: @ 0x0856DBFC
	@ Replaced baserom.gba range: offset=0x56DBFC, size=0x10
	.byte 0xFF, 0x11, 0xFF, 0xFF, 0xFF, 0x10, 0xFF, 0xFF, 0xFF, 0x24, 0xFF, 0xFF, 0xFF, 0x25, 0xFF, 0xFF
	.globl gUnknown_856DC0C
gUnknown_856DC0C: @ 0x0856DC0C
	@ Replaced baserom.gba range: offset=0x56DC0C, size=0x10
	.byte 0xFF, 0xFF, 0x21, 0xFF, 0xFF, 0xFF, 0x20, 0xFF, 0xFF, 0xFF, 0x14, 0xFF, 0xFF, 0xFF, 0x15, 0xFF
	.globl gUnknown_856DC1C
gUnknown_856DC1C: @ 0x0856DC1C
	@ Replaced baserom.gba range: offset=0x56DC1C, size=0x20
	.byte 0x00, 0xFF, 0x00, 0x00, 0x01, 0xFE, 0x00, 0x00, 0x00, 0x00, 0x00, 0x00, 0x01, 0x00, 0x00, 0x00
	.byte 0xFF, 0x00, 0x00, 0x00, 0xFF, 0x01, 0x00, 0x00, 0xFF, 0xFF, 0x00, 0x00, 0xFE, 0xFF, 0x00, 0x00
	.globl gUnknown_856DC3C
gUnknown_856DC3C: @ 0x0856DC3C
	@ Replaced baserom.gba range: offset=0x56DC3C, size=0x20
	.byte 0xFF, 0xFF, 0x00, 0x00, 0xFF, 0xFE, 0x00, 0x00, 0x00, 0xFF, 0x00, 0x00, 0x01, 0xFF, 0x00, 0x00
	.byte 0x00, 0x00, 0x00, 0x00, 0x00, 0x01, 0x00, 0x00, 0xFF, 0x00, 0x00, 0x00, 0xFE, 0x00, 0x00, 0x00
	.globl gUnknown_856DC5C
gUnknown_856DC5C: @ 0x0856DC5C
	@ Replaced baserom.gba range: offset=0x56DC5C, size=0x60
	.byte 0x01, 0x00, 0x01, 0x00, 0x00, 0x00, 0x00, 0x00, 0x01, 0x01, 0x01, 0x00, 0x00, 0x00, 0x00, 0x00
	.byte 0x01, 0x00, 0x01, 0x01, 0x00, 0x00, 0x00, 0x00, 0x01, 0x01, 0x01, 0x01, 0x00, 0x00, 0x00, 0x00
	.byte 0x01, 0x00, 0x01, 0x00, 0x01, 0x00, 0x00, 0x00, 0x01, 0x01, 0x01, 0x00, 0x01, 0x00, 0x00, 0x00
	.byte 0x01, 0x00, 0x01, 0x01, 0x01, 0x00, 0x00, 0x00, 0x01, 0x00, 0x01, 0x00, 0x01, 0x01, 0x00, 0x00
	.byte 0x01, 0x01, 0x01, 0x01, 0x01, 0x00, 0x00, 0x00, 0x01, 0x01, 0x01, 0x00, 0x01, 0x01, 0x00, 0x00
	.byte 0x01, 0x00, 0x01, 0x01, 0x01, 0x01, 0x00, 0x00, 0x01, 0x01, 0x01, 0x01, 0x01, 0x01, 0x00, 0x00
	.globl gUnknown_856DCBC
gUnknown_856DCBC: @ 0x0856DCBC
	.4byte sub_081B5E1C
	.4byte CB2_ReturnToField
	.4byte NULL
	.globl gUnknown_856DCC8
gUnknown_856DCC8: @ 0x0856DCC8
	@ Replaced baserom.gba range: offset=0x56DCC8, size=0x4
	.byte 0x02, 0x04, 0x01, 0x03
	.globl gUnknown_856DCCC
gUnknown_856DCCC: @ 0x0856DCCC
	@ Replaced baserom.gba range: offset=0x56DCCC, size=0x128
	.byte 0x8D, 0xE8, 0x0F, 0x08, 0x69, 0xB9, 0x1A, 0x08, 0x00, 0x00, 0x05, 0x00, 0x02, 0x00, 0x05, 0x00
	.byte 0x04, 0x00, 0x05, 0x00, 0x06, 0x00, 0x05, 0x00, 0x08, 0x00, 0x05, 0x00, 0x0A, 0x00, 0x05, 0x00
	.byte 0x0C, 0x00, 0x05, 0x00, 0x0E, 0x00, 0x05, 0x00, 0xFE, 0xFF, 0x00, 0x00, 0xD4, 0xDC, 0x56, 0x08
	.byte 0x53, 0x27, 0x53, 0x27, 0x50, 0xD0, 0x4F, 0x08, 0xF8, 0xDC, 0x56, 0x08, 0x00, 0x00, 0x00, 0x00
	.byte 0x10, 0xF3, 0x2B, 0x08, 0x91, 0xF0, 0x0F, 0x08, 0x54, 0x27, 0x54, 0x27, 0x50, 0xD0, 0x4F, 0x08
	.byte 0xF8, 0xDC, 0x56, 0x08, 0x00, 0x00, 0x00, 0x00, 0x10, 0xF3, 0x2B, 0x08, 0x91, 0xF0, 0x0F, 0x08
	.byte 0x51, 0x27, 0x51, 0x27, 0x50, 0xD0, 0x4F, 0x08, 0xF8, 0xDC, 0x56, 0x08, 0x00, 0x00, 0x00, 0x00
	.byte 0x10, 0xF3, 0x2B, 0x08, 0x91, 0xF0, 0x0F, 0x08, 0x00, 0x00, 0x01, 0x00, 0xFF, 0xFF, 0x00, 0x00
	.byte 0x01, 0x00, 0x01, 0x00, 0xFF, 0xFF, 0x00, 0x00, 0x02, 0x00, 0x01, 0x00, 0xFF, 0xFF, 0x00, 0x00
	.byte 0x03, 0x00, 0x01, 0x00, 0xFF, 0xFF, 0x00, 0x00, 0x04, 0x00, 0x01, 0x00, 0xFF, 0xFF, 0x00, 0x00
	.byte 0x05, 0x00, 0x01, 0x00, 0xFF, 0xFF, 0x00, 0x00, 0x06, 0x00, 0x01, 0x00, 0xFF, 0xFF, 0x00, 0x00
	.byte 0x07, 0x00, 0x01, 0x00, 0xFF, 0xFF, 0x00, 0x00, 0x08, 0x00, 0x01, 0x00, 0xFF, 0xFF, 0x00, 0x00
	.byte 0x44, 0xDD, 0x56, 0x08, 0x4C, 0xDD, 0x56, 0x08, 0x54, 0xDD, 0x56, 0x08, 0x5C, 0xDD, 0x56, 0x08
	.byte 0x64, 0xDD, 0x56, 0x08, 0x6C, 0xDD, 0x56, 0x08, 0x74, 0xDD, 0x56, 0x08, 0x7C, 0xDD, 0x56, 0x08
	.byte 0x84, 0xDD, 0x56, 0x08, 0xFB, 0xFF, 0xFB, 0xFF, 0x00, 0x01, 0x00, 0x00, 0xFE, 0x7F, 0x00, 0x00
	.byte 0x00, 0x00, 0x00, 0x00, 0xB0, 0xDD, 0x56, 0x08, 0xA3, 0x27, 0xA3, 0x27, 0x98, 0xD1, 0x4F, 0x08
	.byte 0xAC, 0xDD, 0x56, 0x08, 0x00, 0x00, 0x00, 0x00, 0xC0, 0xDD, 0x56, 0x08, 0x31, 0xF1, 0x0F, 0x08
	.byte 0xA3, 0x27, 0xA3, 0x27, 0x10, 0xD0, 0x4F, 0x08, 0x8C, 0xDD, 0x56, 0x08, 0x00, 0x00, 0x00, 0x00
	.byte 0x10, 0xF3, 0x2B, 0x08, 0x81, 0xF1, 0x0F, 0x08
	.globl gUnknown_856DDF4
gUnknown_856DDF4: @ 0x0856DDF4
	@ Replaced baserom.gba range: offset=0x56DDF4, size=0x4F0
	.byte 0xA3, 0x27, 0xA3, 0x27, 0x10, 0xD0, 0x4F, 0x08, 0xA8, 0xDD, 0x56, 0x08, 0x00, 0x00, 0x00, 0x00
	.byte 0x10, 0xF3, 0x2B, 0x08, 0xD9, 0xF1, 0x0F, 0x08, 0x40, 0x01, 0x40, 0x01, 0x00, 0x00, 0x00, 0x00
	.byte 0xF2, 0xFF, 0xF2, 0xFF, 0x00, 0x01, 0x00, 0x00, 0xFE, 0x7F, 0x01, 0x00, 0x00, 0x00, 0x00, 0x00
	.byte 0x0C, 0xDE, 0x56, 0x08, 0xFB, 0x27, 0xFB, 0x27, 0xD0, 0xD0, 0x4F, 0x08, 0x04, 0xF3, 0x2B, 0x08
	.byte 0x00, 0x00, 0x00, 0x00, 0x24, 0xDE, 0x56, 0x08, 0x31, 0xF1, 0x0F, 0x08, 0xFB, 0xFF, 0xFB, 0xFF
	.byte 0x00, 0x01, 0x00, 0x00, 0xFE, 0x7F, 0x00, 0x00, 0x00, 0x00, 0x00, 0x00, 0x40, 0xDE, 0x56, 0x08
	.byte 0xA3, 0x27, 0xA3, 0x27, 0x98, 0xD1, 0x4F, 0x08, 0xAC, 0xDD, 0x56, 0x08, 0x00, 0x00, 0x00, 0x00
	.byte 0x50, 0xDE, 0x56, 0x08, 0x29, 0xF3, 0x0F, 0x08, 0xA3, 0x27, 0xA3, 0x27, 0x10, 0xD0, 0x4F, 0x08
	.byte 0x8C, 0xDD, 0x56, 0x08, 0x00, 0x00, 0x00, 0x00, 0x10, 0xF3, 0x2B, 0x08, 0x95, 0xF3, 0x0F, 0x08
	.byte 0x00, 0x00, 0x01, 0x00, 0xFF, 0xFF, 0x00, 0x00, 0x04, 0x00, 0x07, 0x00, 0x08, 0x00, 0x07, 0x00
	.byte 0xFE, 0xFF, 0x00, 0x00, 0x84, 0xDE, 0x56, 0x08, 0x8C, 0xDE, 0x56, 0x08, 0x16, 0x27, 0x16, 0x27
	.byte 0x18, 0xD0, 0x4F, 0x08, 0x98, 0xDE, 0x56, 0x08, 0x00, 0x00, 0x00, 0x00, 0x10, 0xF3, 0x2B, 0x08
	.byte 0x99, 0xF4, 0x0F, 0x08, 0x00, 0x00, 0x01, 0x00, 0xFF, 0xFF, 0x00, 0x00, 0x04, 0x00, 0x07, 0x00
	.byte 0xFF, 0xFF, 0x00, 0x00, 0xB8, 0xDE, 0x56, 0x08, 0xC0, 0xDE, 0x56, 0x08, 0xAE, 0x27, 0xAE, 0x27
	.byte 0x18, 0xD0, 0x4F, 0x08, 0xC8, 0xDE, 0x56, 0x08, 0x00, 0x00, 0x00, 0x00, 0x10, 0xF3, 0x2B, 0x08
	.byte 0x79, 0xF5, 0x0F, 0x08, 0x00, 0x00, 0x01, 0x00, 0xFF, 0xFF, 0x00, 0x00, 0x04, 0x00, 0x01, 0x00
	.byte 0xFF, 0xFF, 0x00, 0x00, 0xE8, 0xDE, 0x56, 0x08, 0xF0, 0xDE, 0x56, 0x08, 0xAF, 0x27, 0xAF, 0x27
	.byte 0x18, 0xD0, 0x4F, 0x08, 0xF8, 0xDE, 0x56, 0x08, 0x00, 0x00, 0x00, 0x00, 0x10, 0xF3, 0x2B, 0x08
	.byte 0xC9, 0xF6, 0x0F, 0x08, 0xAF, 0x27, 0xAF, 0x27, 0x10, 0xD0, 0x4F, 0x08, 0xFC, 0xDE, 0x56, 0x08
	.byte 0x00, 0x00, 0x00, 0x00, 0x10, 0xF3, 0x2B, 0x08, 0x95, 0xF7, 0x0F, 0x08, 0x00, 0x00, 0x05, 0x00
	.byte 0x04, 0x00, 0x05, 0x00, 0x08, 0x00, 0x05, 0x00, 0x0C, 0x00, 0x05, 0x00, 0x10, 0x00, 0x05, 0x00
	.byte 0x14, 0x00, 0x05, 0x00, 0x10, 0x00, 0x05, 0x00, 0x0C, 0x00, 0x05, 0x00, 0x08, 0x00, 0x05, 0x00
	.byte 0x04, 0x00, 0x05, 0x00, 0xFE, 0xFF, 0x00, 0x00, 0x18, 0x00, 0x05, 0x00, 0x1C, 0x00, 0x05, 0x00
	.byte 0x20, 0x00, 0x05, 0x00, 0xFF, 0xFF, 0x00, 0x00, 0x30, 0xDF, 0x56, 0x08, 0x5C, 0xDF, 0x56, 0x08
	.byte 0x4F, 0x27, 0x4F, 0x27, 0x18, 0xD0, 0x4F, 0x08, 0x6C, 0xDF, 0x56, 0x08, 0x00, 0x00, 0x00, 0x00
	.byte 0x10, 0xF3, 0x2B, 0x08, 0x4D, 0xF8, 0x0F, 0x08, 0x4F, 0x27, 0x4F, 0x27, 0x18, 0xD0, 0x4F, 0x08
	.byte 0x6C, 0xDF, 0x56, 0x08, 0x00, 0x00, 0x00, 0x00, 0x10, 0xF3, 0x2B, 0x08, 0xB9, 0xFA, 0x0F, 0x08
	.byte 0x00, 0x00, 0x03, 0x00, 0x00, 0x00, 0x43, 0x00, 0x00, 0x00, 0xC3, 0x00, 0x00, 0x00, 0x83, 0x00
	.byte 0xFE, 0xFF, 0x00, 0x00, 0xA4, 0xDF, 0x56, 0x08, 0xB0, 0x27, 0xB0, 0x27, 0x40, 0xD0, 0x4F, 0x08
	.byte 0xB8, 0xDF, 0x56, 0x08, 0x00, 0x00, 0x00, 0x00, 0x10, 0xF3, 0x2B, 0x08, 0x45, 0xF9, 0x0F, 0x08
	.byte 0x00, 0x00, 0x00, 0x00, 0x00, 0x01, 0x00, 0x00, 0xFE, 0x7F, 0x00, 0x00, 0x00, 0x00, 0x00, 0x00
	.byte 0xD4, 0xDF, 0x56, 0x08, 0xBE, 0x27, 0xBE, 0x27, 0x80, 0xD0, 0x4F, 0x08, 0x04, 0xF3, 0x2B, 0x08
	.byte 0x00, 0x00, 0x00, 0x00, 0xE4, 0xDF, 0x56, 0x08, 0x45, 0xF9, 0x0F, 0x08, 0x00, 0x00, 0x04, 0x00
	.byte 0x20, 0x00, 0x04, 0x00, 0x40, 0x00, 0x04, 0x00, 0x60, 0x00, 0x04, 0x00, 0xFF, 0xFF, 0x00, 0x00
	.byte 0x00, 0x00, 0x44, 0x00, 0x20, 0x00, 0x44, 0x00, 0x40, 0x00, 0x44, 0x00, 0x60, 0x00, 0x44, 0x00
	.byte 0xFF, 0xFF, 0x00, 0x00, 0x00, 0xE0, 0x56, 0x08, 0x14, 0xE0, 0x56, 0x08, 0x00, 0x01, 0x00, 0x01
	.byte 0x00, 0x00, 0x00, 0x00, 0xF5, 0xFF, 0x00, 0x00, 0x00, 0x06, 0x00, 0x00, 0x0B, 0x00, 0x00, 0x00
	.byte 0x00, 0x06, 0x00, 0x00, 0xFF, 0x7F, 0x00, 0x00, 0x00, 0x00, 0x00, 0x00, 0x00, 0xFF, 0x00, 0x01
	.byte 0x00, 0x00, 0x00, 0x00, 0x0B, 0x00, 0x00, 0x00, 0x00, 0x06, 0x00, 0x00, 0xF5, 0xFF, 0x00, 0x00
	.byte 0x00, 0x06, 0x00, 0x00, 0xFF, 0x7F, 0x00, 0x00, 0x00, 0x00, 0x00, 0x00, 0x30, 0xE0, 0x56, 0x08
	.byte 0x50, 0xE0, 0x56, 0x08, 0xCA, 0x27, 0xCA, 0x27, 0xA8, 0xD0, 0x4F, 0x08, 0x28, 0xE0, 0x56, 0x08
	.byte 0x00, 0x00, 0x00, 0x00, 0x70, 0xE0, 0x56, 0x08, 0xC5, 0xFB, 0x0F, 0x08, 0x00, 0x00, 0x00, 0x00
	.byte 0x00, 0x00, 0x00, 0x00, 0x30, 0x00, 0x30, 0x00, 0x00, 0x0E, 0x00, 0x00, 0xFF, 0x7F, 0x00, 0x00
	.byte 0x00, 0x00, 0x00, 0x00, 0xF0, 0xFF, 0xF0, 0xFF, 0x00, 0x01, 0x00, 0x00, 0xFE, 0x7F, 0x00, 0x00
	.byte 0x00, 0x00, 0x00, 0x00, 0x90, 0xE0, 0x56, 0x08, 0xA8, 0xE0, 0x56, 0x08, 0xA3, 0x27, 0xA3, 0x27
	.byte 0xD8, 0xD0, 0x4F, 0x08, 0xAC, 0xDD, 0x56, 0x08, 0x00, 0x00, 0x00, 0x00, 0xB8, 0xE0, 0x56, 0x08
	.byte 0xE9, 0xFE, 0x0F, 0x08, 0x00, 0x00, 0x07, 0x00, 0x10, 0x00, 0x07, 0x00, 0x20, 0x00, 0x07, 0x00
	.byte 0x30, 0x00, 0x07, 0x00, 0xFF, 0xFF, 0x00, 0x00, 0x00, 0x00, 0x47, 0x00, 0x10, 0x00, 0x47, 0x00
	.byte 0x20, 0x00, 0x47, 0x00, 0x30, 0x00, 0x47, 0x00, 0xFF, 0xFF, 0x00, 0x00, 0x00, 0x00, 0x07, 0x00
	.byte 0x10, 0x00, 0x07, 0x00, 0x20, 0x00, 0x07, 0x00, 0xFF, 0xFF, 0x00, 0x00, 0x00, 0x00, 0x47, 0x00
	.byte 0x10, 0x00, 0x47, 0x00, 0x20, 0x00, 0x47, 0x00, 0xFF, 0xFF, 0x00, 0x00, 0xD8, 0xE0, 0x56, 0x08
	.byte 0xEC, 0xE0, 0x56, 0x08, 0x00, 0xE1, 0x56, 0x08, 0x10, 0xE1, 0x56, 0x08, 0xEF, 0x27, 0xEF, 0x27
	.byte 0x20, 0xD0, 0x4F, 0x08, 0x20, 0xE1, 0x56, 0x08, 0x00, 0x00, 0x00, 0x00, 0x10, 0xF3, 0x2B, 0x08
	.byte 0xB9, 0xFF, 0x0F, 0x08, 0xEF, 0x27, 0xEF, 0x27, 0x20, 0xD0, 0x4F, 0x08, 0x20, 0xE1, 0x56, 0x08
	.byte 0x00, 0x00, 0x00, 0x00, 0x10, 0xF3, 0x2B, 0x08, 0x3D, 0x00, 0x10, 0x08, 0x03, 0x00, 0x03, 0x00
	.byte 0x00, 0x00, 0x05, 0x00, 0xFE, 0xFF, 0x00, 0x00, 0x60, 0xE1, 0x56, 0x08, 0xA3, 0x27, 0xA3, 0x27
	.byte 0x10, 0xD0, 0x4F, 0x08, 0x6C, 0xE1, 0x56, 0x08, 0x00, 0x00, 0x00, 0x00, 0x10, 0xF3, 0x2B, 0x08
	.byte 0x85, 0x01, 0x10, 0x08, 0x00, 0x00, 0x1E, 0x00, 0xFF, 0xFF, 0x00, 0x00, 0x88, 0xE1, 0x56, 0x08
	.byte 0x00, 0x00, 0x00, 0x00, 0xFC, 0x0A, 0x00, 0x00, 0x00, 0x00, 0x00, 0x00, 0x04, 0x14, 0x00, 0x00
	.byte 0x00, 0x00, 0x00, 0x00, 0xFC, 0x0A, 0x00, 0x00, 0xFF, 0x7F, 0x00, 0x00, 0x00, 0x00, 0x00, 0x00
	.byte 0x00, 0x00, 0x00, 0x00, 0xFF, 0x02, 0x00, 0x00, 0x00, 0x00, 0x00, 0x00, 0x01, 0x04, 0x00, 0x00
	.byte 0x00, 0x00, 0x00, 0x00, 0xFF, 0x04, 0x00, 0x00, 0x00, 0x00, 0x00, 0x00, 0x01, 0x04, 0x00, 0x00
	.byte 0x00, 0x00, 0x00, 0x00, 0xFF, 0x04, 0x00, 0x00, 0x00, 0x00, 0x00, 0x00, 0x01, 0x02, 0x00, 0x00
	.byte 0xFF, 0x7F, 0x00, 0x00, 0x00, 0x00, 0x00, 0x00, 0x94, 0xE1, 0x56, 0x08, 0xB4, 0xE1, 0x56, 0x08
	.byte 0xF0, 0x27, 0xF0, 0x27, 0x80, 0xD0, 0x4F, 0x08, 0x90, 0xE1, 0x56, 0x08, 0x00, 0x00, 0x00, 0x00
	.byte 0xEC, 0xE1, 0x56, 0x08, 0x69, 0x03, 0x10, 0x08, 0xF0, 0x27, 0xF0, 0x27, 0x80, 0xD0, 0x4F, 0x08
	.byte 0x90, 0xE1, 0x56, 0x08, 0x00, 0x00, 0x00, 0x00, 0xEC, 0xE1, 0x56, 0x08, 0x45, 0x04, 0x10, 0x08
	.byte 0x00, 0x00, 0x04, 0x00, 0x04, 0x00, 0x04, 0x00, 0x08, 0x00, 0x04, 0x00, 0x0C, 0x00, 0x04, 0x00
	.byte 0xFF, 0xFF, 0x00, 0x00, 0x24, 0xE2, 0x56, 0x08, 0xD3, 0x27, 0xD3, 0x27, 0x18, 0xD0, 0x4F, 0x08
	.byte 0x38, 0xE2, 0x56, 0x08, 0x00, 0x00, 0x00, 0x00, 0x10, 0xF3, 0x2B, 0x08, 0xC1, 0x04, 0x10, 0x08
	.byte 0xF0, 0x27, 0xF0, 0x27, 0x80, 0xD0, 0x4F, 0x08, 0x90, 0xE1, 0x56, 0x08, 0x00, 0x00, 0x00, 0x00
	.byte 0xEC, 0xE1, 0x56, 0x08, 0x05, 0x05, 0x10, 0x08, 0x00, 0x00, 0x00, 0x00, 0x00, 0x03, 0x00, 0x00
	.byte 0xFF, 0x7F, 0x00, 0x00, 0x00, 0x00, 0x00, 0x00, 0x00, 0x00, 0xF6, 0xFF, 0x00, 0x03, 0x00, 0x00
	.byte 0x00, 0x00, 0xFA, 0xFF, 0x00, 0x03, 0x00, 0x00, 0x00, 0x00, 0xFE, 0xFF, 0x00, 0x03, 0x00, 0x00
	.byte 0x00, 0x00, 0x00, 0x00, 0x00, 0x03, 0x00, 0x00, 0x00, 0x00, 0x02, 0x00, 0x00, 0x03, 0x00, 0x00
	.byte 0x00, 0x00, 0x06, 0x00, 0x00, 0x03, 0x00, 0x00, 0x00, 0x00, 0x0A, 0x00, 0x00, 0x03, 0x00, 0x00
	.byte 0xFF, 0x7F, 0x00, 0x00, 0x00, 0x00, 0x00, 0x00, 0x6C, 0xE2, 0x56, 0x08, 0x7C, 0xE2, 0x56, 0x08
	.byte 0x94, 0xE1, 0x56, 0x08, 0xB4, 0xE1, 0x56, 0x08, 0xF0, 0x27, 0xF0, 0x27, 0x80, 0xD0, 0x4F, 0x08
	.byte 0x90, 0xE1, 0x56, 0x08, 0x00, 0x00, 0x00, 0x00, 0xBC, 0xE2, 0x56, 0x08, 0x0D, 0x06, 0x10, 0x08
	.globl gUnknown_856E2E4
gUnknown_856E2E4: @ 0x0856E2E4
	@ Replaced baserom.gba range: offset=0x56E2E4, size=0x78
	.byte 0x05, 0x18, 0x01, 0x00, 0x04, 0x00, 0x08, 0x10, 0xFF, 0x00, 0x02, 0x00, 0x08, 0x10, 0x01, 0x00
	.byte 0x02, 0x00, 0x08, 0x10, 0x01, 0x00, 0x02, 0x00, 0x08, 0x10, 0x01, 0x00, 0x10, 0x00, 0x00, 0x00
	.byte 0x7F, 0x00, 0x00, 0x00, 0x1C, 0x00, 0x01, 0x00, 0xFF, 0xFF, 0x00, 0x00, 0x20, 0x00, 0x01, 0x00
	.byte 0xFF, 0xFF, 0x00, 0x00, 0x14, 0x00, 0x01, 0x00, 0xFF, 0xFF, 0x00, 0x00, 0x1C, 0x00, 0x41, 0x00
	.byte 0xFF, 0xFF, 0x00, 0x00, 0x10, 0x00, 0x01, 0x00, 0xFF, 0xFF, 0x00, 0x00, 0x10, 0x00, 0x41, 0x00
	.byte 0xFF, 0xFF, 0x00, 0x00, 0x1C, 0x00, 0x01, 0x00, 0xFF, 0xFF, 0x00, 0x00, 0x08, 0xE3, 0x56, 0x08
	.byte 0x10, 0xE3, 0x56, 0x08, 0x18, 0xE3, 0x56, 0x08, 0x20, 0xE3, 0x56, 0x08, 0x28, 0xE3, 0x56, 0x08
	.byte 0x30, 0xE3, 0x56, 0x08, 0x38, 0xE3, 0x56, 0x08
	.globl gUnknown_856E35C
gUnknown_856E35C: @ 0x0856E35C
	@ Replaced baserom.gba range: offset=0x56E35C, size=0x100
	.byte 0x4F, 0x27, 0x4F, 0x27, 0x18, 0xD0, 0x4F, 0x08, 0x40, 0xE3, 0x56, 0x08, 0x00, 0x00, 0x00, 0x00
	.byte 0x10, 0xF3, 0x2B, 0x08, 0x41, 0x71, 0x00, 0x08, 0x00, 0x01, 0x00, 0x01, 0x00, 0x00, 0x00, 0x00
	.byte 0x00, 0x00, 0x00, 0x00, 0x04, 0x01, 0x00, 0x00, 0xFE, 0x7F, 0x01, 0x00, 0x00, 0x00, 0x00, 0x00
	.byte 0x74, 0xE3, 0x56, 0x08, 0xAF, 0x27, 0xAF, 0x27, 0x10, 0xD0, 0x4F, 0x08, 0xFC, 0xDE, 0x56, 0x08
	.byte 0x00, 0x00, 0x00, 0x00, 0x10, 0xF3, 0x2B, 0x08, 0x91, 0x0E, 0x10, 0x08, 0xAF, 0x27, 0xAF, 0x27
	.byte 0x78, 0xD0, 0x4F, 0x08, 0xF8, 0xDE, 0x56, 0x08, 0x00, 0x00, 0x00, 0x00, 0x8C, 0xE3, 0x56, 0x08
	.byte 0x91, 0x0E, 0x10, 0x08, 0x00, 0x01, 0x00, 0x01, 0x00, 0x00, 0x00, 0x00, 0x00, 0x00, 0x00, 0x00
	.byte 0xF6, 0x01, 0x00, 0x00, 0xFE, 0x7F, 0x01, 0x00, 0x00, 0x00, 0x00, 0x00, 0xC0, 0x00, 0xC0, 0x00
	.byte 0x00, 0x00, 0x00, 0x00, 0x00, 0x00, 0x00, 0x00, 0xF4, 0x01, 0x00, 0x00, 0xFE, 0x7F, 0x01, 0x00
	.byte 0x00, 0x00, 0x00, 0x00, 0x8F, 0x00, 0x8F, 0x00, 0x00, 0x00, 0x00, 0x00, 0x00, 0x00, 0x00, 0x00
	.byte 0xF1, 0x01, 0x00, 0x00, 0xFE, 0x7F, 0x01, 0x00, 0x00, 0x00, 0x00, 0x00, 0xC0, 0xE3, 0x56, 0x08
	.byte 0xD8, 0xE3, 0x56, 0x08, 0xF0, 0xE3, 0x56, 0x08, 0x1F, 0x28, 0x1F, 0x28, 0x78, 0xD0, 0x4F, 0x08
	.byte 0x04, 0xF3, 0x2B, 0x08, 0x00, 0x00, 0x00, 0x00, 0x08, 0xE4, 0x56, 0x08, 0x91, 0x0E, 0x10, 0x08
	.byte 0x1F, 0x28, 0x1F, 0x28, 0x78, 0xD0, 0x4F, 0x08, 0x04, 0xF3, 0x2B, 0x08, 0x00, 0x00, 0x00, 0x00
	.byte 0x0C, 0xE4, 0x56, 0x08, 0x91, 0x0E, 0x10, 0x08, 0x1F, 0x28, 0x1F, 0x28, 0x78, 0xD0, 0x4F, 0x08
	.byte 0x04, 0xF3, 0x2B, 0x08, 0x00, 0x00, 0x00, 0x00, 0x10, 0xE4, 0x56, 0x08, 0x91, 0x0E, 0x10, 0x08
	.globl gUnknown_856E45C
gUnknown_856E45C: @ 0x0856E45C
	@ Replaced baserom.gba range: offset=0x56E45C, size=0x458
	.byte 0x1F, 0x00, 0x7F, 0x02, 0xFF, 0x03, 0xE0, 0x03, 0xC5, 0x7D, 0x56, 0x7D, 0xB6, 0x7E, 0x00, 0x00
	.byte 0x1A, 0x28, 0x1A, 0x28, 0x78, 0xD0, 0x4F, 0x08, 0x04, 0xF3, 0x2B, 0x08, 0x00, 0x00, 0x00, 0x00
	.byte 0x10, 0xF3, 0x2B, 0x08, 0xE9, 0x10, 0x10, 0x08, 0x40, 0x00, 0x03, 0x00, 0x50, 0x00, 0x03, 0x00
	.byte 0x60, 0x00, 0x03, 0x00, 0x70, 0x00, 0x06, 0x00, 0xFF, 0xFF, 0x00, 0x00, 0x40, 0x00, 0x43, 0x00
	.byte 0x50, 0x00, 0x43, 0x00, 0x60, 0x00, 0x43, 0x00, 0x70, 0x00, 0x46, 0x00, 0xFF, 0xFF, 0x00, 0x00
	.byte 0x84, 0xE4, 0x56, 0x08, 0x98, 0xE4, 0x56, 0x08, 0x48, 0x27, 0x48, 0x27, 0x20, 0xD0, 0x4F, 0x08
	.byte 0xAC, 0xE4, 0x56, 0x08, 0x00, 0x00, 0x00, 0x00, 0x10, 0xF3, 0x2B, 0x08, 0xA1, 0x12, 0x10, 0x08
	.byte 0x2F, 0x28, 0x2F, 0x28, 0x20, 0xD0, 0x4F, 0x08, 0xAC, 0xE4, 0x56, 0x08, 0x00, 0x00, 0x00, 0x00
	.byte 0x10, 0xF3, 0x2B, 0x08, 0xA1, 0x12, 0x10, 0x08, 0x00, 0x00, 0x04, 0x00, 0x10, 0x00, 0x04, 0x00
	.byte 0x20, 0x00, 0x04, 0x00, 0x30, 0x00, 0x04, 0x00, 0x40, 0x00, 0x05, 0x00, 0xFF, 0xFF, 0x00, 0x00
	.byte 0xE4, 0xE4, 0x56, 0x08, 0x25, 0x27, 0x25, 0x27, 0x20, 0xD0, 0x4F, 0x08, 0xFC, 0xE4, 0x56, 0x08
	.byte 0x00, 0x00, 0x00, 0x00, 0x10, 0xF3, 0x2B, 0x08, 0x49, 0x12, 0x10, 0x08, 0x26, 0x27, 0x26, 0x27
	.byte 0x20, 0xD0, 0x4F, 0x08, 0xFC, 0xE4, 0x56, 0x08, 0x00, 0x00, 0x00, 0x00, 0x10, 0xF3, 0x2B, 0x08
	.byte 0x49, 0x12, 0x10, 0x08, 0x00, 0x01, 0x00, 0x01, 0x00, 0x00, 0x00, 0x00, 0xFF, 0x7F, 0x00, 0x00
	.byte 0x00, 0x00, 0x00, 0x00, 0x00, 0x01, 0x00, 0x01, 0x20, 0x00, 0x00, 0x00, 0xFF, 0x7F, 0x00, 0x00
	.byte 0x00, 0x00, 0x00, 0x00, 0x00, 0x01, 0x00, 0x01, 0x40, 0x00, 0x00, 0x00, 0xFF, 0x7F, 0x00, 0x00
	.byte 0x00, 0x00, 0x00, 0x00, 0x00, 0x01, 0x00, 0x01, 0x60, 0x00, 0x00, 0x00, 0xFF, 0x7F, 0x00, 0x00
	.byte 0x00, 0x00, 0x00, 0x00, 0x00, 0x01, 0x00, 0x01, 0x80, 0x00, 0x00, 0x00, 0xFF, 0x7F, 0x00, 0x00
	.byte 0x00, 0x00, 0x00, 0x00, 0x00, 0x01, 0x00, 0x01, 0xA0, 0x00, 0x00, 0x00, 0xFF, 0x7F, 0x00, 0x00
	.byte 0x00, 0x00, 0x00, 0x00, 0x00, 0x01, 0x00, 0x01, 0xC0, 0x00, 0x00, 0x00, 0xFF, 0x7F, 0x00, 0x00
	.byte 0x00, 0x00, 0x00, 0x00, 0x00, 0x01, 0x00, 0x01, 0xE0, 0x00, 0x00, 0x00, 0xFF, 0x7F, 0x00, 0x00
	.byte 0x00, 0x00, 0x00, 0x00, 0x30, 0xE5, 0x56, 0x08, 0x40, 0xE5, 0x56, 0x08, 0x50, 0xE5, 0x56, 0x08
	.byte 0x60, 0xE5, 0x56, 0x08, 0x70, 0xE5, 0x56, 0x08, 0x80, 0xE5, 0x56, 0x08, 0x90, 0xE5, 0x56, 0x08
	.byte 0xA0, 0xE5, 0x56, 0x08, 0x9F, 0x27, 0x9F, 0x27, 0x80, 0xD0, 0x4F, 0x08, 0x04, 0xF3, 0x2B, 0x08
	.byte 0x00, 0x00, 0x00, 0x00, 0xB0, 0xE5, 0x56, 0x08, 0xE5, 0x12, 0x10, 0x08, 0x00, 0x00, 0x05, 0x00
	.byte 0x10, 0x00, 0x05, 0x00, 0x20, 0x00, 0x05, 0x00, 0x30, 0x00, 0x05, 0x00, 0xFF, 0xFF, 0x00, 0x00
	.byte 0xE8, 0xE5, 0x56, 0x08, 0x9A, 0x27, 0x9A, 0x27, 0x40, 0xD1, 0x4F, 0x08, 0xFC, 0xE5, 0x56, 0x08
	.byte 0x00, 0x00, 0x00, 0x00, 0x10, 0xF3, 0x2B, 0x08, 0x31, 0x13, 0x10, 0x08, 0x9A, 0x27, 0x9A, 0x27
	.byte 0x40, 0xD1, 0x4F, 0x08, 0xFC, 0xE5, 0x56, 0x08, 0x00, 0x00, 0x00, 0x00, 0x10, 0xF3, 0x2B, 0x08
	.byte 0xD9, 0x13, 0x10, 0x08, 0x00, 0x00, 0x01, 0x00, 0xFF, 0xFF, 0x00, 0x00, 0x04, 0x00, 0x01, 0x00
	.byte 0xFF, 0xFF, 0x00, 0x00, 0x08, 0x00, 0x01, 0x00, 0xFF, 0xFF, 0x00, 0x00, 0x0C, 0x00, 0x01, 0x00
	.byte 0xFF, 0xFF, 0x00, 0x00, 0x10, 0x00, 0x01, 0x00, 0xFF, 0xFF, 0x00, 0x00, 0x14, 0x00, 0x01, 0x00
	.byte 0xFF, 0xFF, 0x00, 0x00, 0x00, 0x00, 0x81, 0x00, 0xFF, 0xFF, 0x00, 0x00, 0x04, 0x00, 0x81, 0x00
	.byte 0xFF, 0xFF, 0x00, 0x00, 0x08, 0x00, 0x81, 0x00, 0xFF, 0xFF, 0x00, 0x00, 0x0C, 0x00, 0x81, 0x00
	.byte 0xFF, 0xFF, 0x00, 0x00, 0x30, 0xE6, 0x56, 0x08, 0x38, 0xE6, 0x56, 0x08, 0x40, 0xE6, 0x56, 0x08
	.byte 0x48, 0xE6, 0x56, 0x08, 0x50, 0xE6, 0x56, 0x08, 0x58, 0xE6, 0x56, 0x08, 0x60, 0xE6, 0x56, 0x08
	.byte 0x68, 0xE6, 0x56, 0x08, 0x70, 0xE6, 0x56, 0x08, 0x78, 0xE6, 0x56, 0x08, 0x58, 0x27, 0x58, 0x27
	.byte 0x18, 0xD0, 0x4F, 0x08, 0x80, 0xE6, 0x56, 0x08, 0x00, 0x00, 0x00, 0x00, 0x10, 0xF3, 0x2B, 0x08
	.byte 0x6D, 0x16, 0x10, 0x08, 0x28, 0x28, 0x28, 0x28, 0x48, 0xD1, 0x4F, 0x08, 0x04, 0xF3, 0x2B, 0x08
	.byte 0x00, 0x00, 0x00, 0x00, 0x10, 0xF3, 0x2B, 0x08, 0x41, 0x17, 0x10, 0x08, 0x00, 0x01, 0x00, 0x01
	.byte 0x00, 0x00, 0x00, 0x00, 0xFF, 0x7F, 0x00, 0x00, 0x00, 0x00, 0x00, 0x00, 0x00, 0x00, 0x00, 0x00
	.byte 0x02, 0x0C, 0x00, 0x00, 0x00, 0x00, 0x00, 0x00, 0x00, 0x06, 0x00, 0x00, 0x00, 0x00, 0x00, 0x00
	.byte 0xFE, 0x18, 0x00, 0x00, 0x00, 0x00, 0x00, 0x00, 0x00, 0x06, 0x00, 0x00, 0x00, 0x00, 0x00, 0x00
	.byte 0x02, 0x0C, 0x00, 0x00, 0xFE, 0x7F, 0x00, 0x00, 0x00, 0x00, 0x00, 0x00, 0xD8, 0xE6, 0x56, 0x08
	.byte 0xE8, 0xE6, 0x56, 0x08, 0x73, 0x27, 0x73, 0x27, 0xA0, 0xD1, 0x4F, 0x08, 0x04, 0xF3, 0x2B, 0x08
	.byte 0x00, 0x00, 0x00, 0x00, 0x18, 0xE7, 0x56, 0x08, 0x1D, 0x19, 0x10, 0x08, 0x00, 0x00, 0x07, 0x00
	.byte 0x10, 0x00, 0x07, 0x00, 0x20, 0x00, 0x07, 0x00, 0x30, 0x00, 0x07, 0x00, 0x40, 0x00, 0x07, 0x00
	.byte 0x50, 0x00, 0x07, 0x00, 0x60, 0x00, 0x07, 0x00, 0x70, 0x00, 0x07, 0x00, 0xFE, 0xFF, 0x00, 0x00
	.byte 0x38, 0xE7, 0x56, 0x08, 0x41, 0x27, 0x41, 0x27, 0x20, 0xD0, 0x4F, 0x08, 0x5C, 0xE7, 0x56, 0x08
	.byte 0x00, 0x00, 0x00, 0x00, 0x10, 0xF3, 0x2B, 0x08, 0x5D, 0x1B, 0x10, 0x08, 0x41, 0x27, 0x41, 0x27
	.byte 0x20, 0xD0, 0x4F, 0x08, 0x5C, 0xE7, 0x56, 0x08, 0x00, 0x00, 0x00, 0x00, 0x10, 0xF3, 0x2B, 0x08
	.byte 0xAD, 0x1B, 0x10, 0x08, 0x00, 0x00, 0x0A, 0x00, 0x04, 0x00, 0x0A, 0x00, 0x08, 0x00, 0x0A, 0x00
	.byte 0x0C, 0x00, 0x0A, 0x00, 0x10, 0x00, 0x1A, 0x00, 0x10, 0x00, 0x05, 0x00, 0x14, 0x00, 0x05, 0x00
	.byte 0x18, 0x00, 0x0F, 0x00, 0xFF, 0xFF, 0x00, 0x00, 0x00, 0x00, 0x4A, 0x00, 0x04, 0x00, 0x4A, 0x00
	.byte 0x08, 0x00, 0x4A, 0x00, 0x0C, 0x00, 0x4A, 0x00, 0x10, 0x00, 0x5A, 0x00, 0x10, 0x00, 0x45, 0x00
	.byte 0x14, 0x00, 0x45, 0x00, 0x18, 0x00, 0x4F, 0x00, 0xFF, 0xFF, 0x00, 0x00, 0x90, 0xE7, 0x56, 0x08
	.byte 0xB4, 0xE7, 0x56, 0x08, 0x30, 0x27, 0x30, 0x27, 0x18, 0xD0, 0x4F, 0x08, 0xD8, 0xE7, 0x56, 0x08
	.byte 0x00, 0x00, 0x00, 0x00, 0x10, 0xF3, 0x2B, 0x08, 0x91, 0x1C, 0x10, 0x08, 0x00, 0x00, 0x28, 0x00
	.byte 0xFF, 0xFF, 0x00, 0x00, 0xF8, 0xE7, 0x56, 0x08, 0x14, 0x00, 0x14, 0x00, 0xE2, 0x00, 0x00, 0x00
	.byte 0x08, 0x00, 0x08, 0x00, 0x01, 0x18, 0x00, 0x00, 0xFF, 0x7F, 0x00, 0x00, 0x00, 0x00, 0x00, 0x00
	.byte 0xFD, 0x7F, 0x00, 0x00, 0x00, 0x00, 0x00, 0x00, 0x00, 0x00, 0x00, 0x00, 0x01, 0x18, 0x00, 0x00
	.byte 0xFD, 0x7F, 0x0A, 0x00, 0x00, 0x00, 0x00, 0x00, 0x14, 0x00, 0x14, 0x00, 0x1E, 0x00, 0x00, 0x00
	.byte 0x08, 0x00, 0x08, 0x00, 0xFF, 0x18, 0x00, 0x00, 0xFF, 0x7F, 0x00, 0x00, 0x00, 0x00, 0x00, 0x00
	.byte 0xFD, 0x7F, 0x00, 0x00, 0x00, 0x00, 0x00, 0x00, 0x00, 0x00, 0x00, 0x00, 0xFF, 0x18, 0x00, 0x00
	.byte 0xFD, 0x7F, 0x0A, 0x00, 0x00, 0x00, 0x00, 0x00, 0x04, 0xE8, 0x56, 0x08, 0x34, 0xE8, 0x56, 0x08
	.byte 0xF4, 0x27, 0xF4, 0x27, 0x80, 0xD0, 0x4F, 0x08, 0x00, 0xE8, 0x56, 0x08, 0x00, 0x00, 0x00, 0x00
	.byte 0x64, 0xE8, 0x56, 0x08, 0x45, 0x1D, 0x10, 0x08, 0x1E, 0x27, 0x1E, 0x27, 0x20, 0xD0, 0x4F, 0x08
	.byte 0x04, 0xF3, 0x2B, 0x08, 0x00, 0x00, 0x00, 0x00, 0x10, 0xF3, 0x2B, 0x08, 0xFD, 0x1D, 0x10, 0x08
	.byte 0x1E, 0x27, 0x1E, 0x27, 0x18, 0xD0, 0x4F, 0x08, 0x04, 0xF3, 0x2B, 0x08, 0x00, 0x00, 0x00, 0x00
	.byte 0x10, 0xF3, 0x2B, 0x08, 0xE9, 0x20, 0x10, 0x08
	.globl gUnknown_856E8B4
gUnknown_856E8B4: @ 0x0856E8B4
	@ Replaced baserom.gba range: offset=0x56E8B4, size=0x1EC
	.byte 0x40, 0x40, 0x00, 0xC0, 0xC0, 0x40, 0x20, 0xE0, 0x00, 0x00, 0x00, 0x00, 0xF8, 0xF2, 0x2B, 0x08
	.byte 0x04, 0xF3, 0x2B, 0x08, 0x00, 0x00, 0x00, 0x00, 0x10, 0xF3, 0x2B, 0x08, 0x91, 0x21, 0x10, 0x08
	.byte 0x00, 0x00, 0x00, 0x00, 0xF8, 0xF2, 0x2B, 0x08, 0x04, 0xF3, 0x2B, 0x08, 0x00, 0x00, 0x00, 0x00
	.byte 0x10, 0xF3, 0x2B, 0x08, 0xE1, 0x23, 0x10, 0x08, 0x00, 0x00, 0x04, 0x00, 0x10, 0x00, 0x04, 0x00
	.byte 0x20, 0x00, 0x04, 0x00, 0x30, 0x00, 0x04, 0x00, 0xFF, 0xFF, 0x00, 0x00, 0x30, 0x00, 0x04, 0x00
	.byte 0xFF, 0xFF, 0x00, 0x00, 0xEC, 0xE8, 0x56, 0x08, 0x00, 0xE9, 0x56, 0x08, 0xC7, 0x27, 0xC7, 0x27
	.byte 0x20, 0xD0, 0x4F, 0x08, 0x08, 0xE9, 0x56, 0x08, 0x00, 0x00, 0x00, 0x00, 0x10, 0xF3, 0x2B, 0x08
	.byte 0x91, 0x27, 0x10, 0x08, 0x2E, 0x28, 0x2E, 0x28, 0x20, 0xD0, 0x4F, 0x08, 0x08, 0xE9, 0x56, 0x08
	.byte 0x00, 0x00, 0x00, 0x00, 0x10, 0xF3, 0x2B, 0x08, 0xF9, 0x27, 0x10, 0x08, 0x2E, 0x28, 0x2E, 0x28
	.byte 0x20, 0xD0, 0x4F, 0x08, 0x08, 0xE9, 0x56, 0x08, 0x00, 0x00, 0x00, 0x00, 0x10, 0xF3, 0x2B, 0x08
	.byte 0x41, 0x28, 0x10, 0x08, 0x00, 0x00, 0x04, 0x00, 0x08, 0x00, 0x0C, 0x00, 0x10, 0x00, 0x04, 0x00
	.byte 0x18, 0x00, 0x04, 0x00, 0xFF, 0xFF, 0x00, 0x00, 0x58, 0xE9, 0x56, 0x08, 0xC8, 0x27, 0xC8, 0x27
	.byte 0x60, 0xD0, 0x4F, 0x08, 0x6C, 0xE9, 0x56, 0x08, 0x00, 0x00, 0x00, 0x00, 0x10, 0xF3, 0x2B, 0x08
	.byte 0x29, 0x29, 0x10, 0x08, 0x00, 0x00, 0x12, 0x00, 0x00, 0x00, 0x06, 0x00, 0x10, 0x00, 0x12, 0x00
	.byte 0x00, 0x00, 0x06, 0x00, 0x10, 0x00, 0x06, 0x00, 0x20, 0x00, 0x12, 0x00, 0x10, 0x00, 0x06, 0x00
	.byte 0x20, 0x00, 0x06, 0x00, 0x30, 0x00, 0x12, 0x00, 0x20, 0x00, 0x06, 0x00, 0x30, 0x00, 0x06, 0x00
	.byte 0x40, 0x00, 0x12, 0x00, 0x30, 0x00, 0x06, 0x00, 0x40, 0x00, 0x36, 0x00, 0xFF, 0xFF, 0x00, 0x00
	.byte 0x88, 0xE9, 0x56, 0x08, 0xC9, 0x27, 0xC9, 0x27, 0x20, 0xD0, 0x4F, 0x08, 0xC4, 0xE9, 0x56, 0x08
	.byte 0x00, 0x00, 0x00, 0x00, 0x10, 0xF3, 0x2B, 0x08, 0xCD, 0x29, 0x10, 0x08, 0x21, 0x27, 0x21, 0x27
	.byte 0x10, 0xD0, 0x4F, 0x08, 0x04, 0xF3, 0x2B, 0x08, 0x00, 0x00, 0x00, 0x00, 0x10, 0xF3, 0x2B, 0x08
	.byte 0xE9, 0x70, 0x0A, 0x08, 0x00, 0x00, 0x03, 0x00, 0x10, 0x00, 0x03, 0x00, 0x20, 0x00, 0x03, 0x00
	.byte 0x30, 0x00, 0x03, 0x00, 0x40, 0x00, 0x03, 0x00, 0xFF, 0xFF, 0x00, 0x00, 0xF8, 0xE9, 0x56, 0x08
	.byte 0x2E, 0x27, 0x2E, 0x27, 0x20, 0xD0, 0x4F, 0x08, 0x10, 0xEA, 0x56, 0x08, 0x00, 0x00, 0x00, 0x00
	.byte 0x10, 0xF3, 0x2B, 0x08, 0x91, 0x70, 0x0A, 0x08, 0x03, 0x00, 0x05, 0x00, 0x02, 0x00, 0x05, 0x00
	.byte 0x01, 0x00, 0x05, 0x00, 0x00, 0x00, 0x05, 0x00, 0xFF, 0xFF, 0x00, 0x00, 0x2C, 0xEA, 0x56, 0x08
	.byte 0x00, 0x02, 0x00, 0x02, 0x00, 0x00, 0x00, 0x00, 0xFF, 0x7F, 0x00, 0x00, 0x00, 0x00, 0x00, 0x00
	.byte 0x44, 0xEA, 0x56, 0x08, 0x22, 0x27, 0x22, 0x27, 0xF0, 0xD1, 0x4F, 0x08, 0x40, 0xEA, 0x56, 0x08
	.byte 0x00, 0x00, 0x00, 0x00, 0x54, 0xEA, 0x56, 0x08, 0xB9, 0x2A, 0x10, 0x08, 0x00, 0x00, 0x05, 0x00
	.byte 0x01, 0x00, 0x05, 0x00, 0x02, 0x00, 0x05, 0x00, 0x03, 0x00, 0x05, 0x00, 0xFF, 0xFF, 0x00, 0x00
	.byte 0x70, 0xEA, 0x56, 0x08, 0x22, 0x27, 0x22, 0x27, 0xF0, 0xD1, 0x4F, 0x08, 0x84, 0xEA, 0x56, 0x08
	.byte 0x00, 0x00, 0x00, 0x00, 0x54, 0xEA, 0x56, 0x08, 0x9D, 0x2B, 0x10, 0x08
	.globl gUnknown_856EAA0
gUnknown_856EAA0: @ 0x0856EAA0
	@ Replaced baserom.gba range: offset=0x56EAA0, size=0x30
	.byte 0xD2, 0x27, 0xD2, 0x27, 0x48, 0xD1, 0x4F, 0x08, 0x04, 0xF3, 0x2B, 0x08, 0x00, 0x00, 0x00, 0x00
	.byte 0x10, 0xF3, 0x2B, 0x08, 0x31, 0x2D, 0x10, 0x08, 0x00, 0x00, 0x08, 0x00, 0x04, 0x00, 0x08, 0x00
	.byte 0x08, 0x00, 0x08, 0x00, 0x0C, 0x00, 0x08, 0x00, 0xFE, 0xFF, 0x00, 0x00, 0xB8, 0xEA, 0x56, 0x08
	.globl gUnknown_856EAD0
gUnknown_856EAD0: @ 0x0856EAD0
	@ Replaced baserom.gba range: offset=0x56EAD0, size=0x134
	.byte 0xD3, 0x27, 0xD3, 0x27, 0x18, 0xD0, 0x4F, 0x08, 0xCC, 0xEA, 0x56, 0x08, 0x00, 0x00, 0x00, 0x00
	.byte 0x10, 0xF3, 0x2B, 0x08, 0x91, 0x2D, 0x10, 0x08, 0x00, 0x00, 0x02, 0x00, 0x10, 0x00, 0x02, 0x00
	.byte 0x20, 0x00, 0x02, 0x00, 0x30, 0x00, 0x03, 0x00, 0x40, 0x00, 0x05, 0x00, 0x50, 0x00, 0x03, 0x00
	.byte 0x60, 0x00, 0x02, 0x00, 0x00, 0x00, 0x02, 0x00, 0xFF, 0xFF, 0x00, 0x00, 0xE8, 0xEA, 0x56, 0x08
	.byte 0x2F, 0x27, 0x2F, 0x27, 0x20, 0xD0, 0x4F, 0x08, 0x0C, 0xEB, 0x56, 0x08, 0x00, 0x00, 0x00, 0x00
	.byte 0x10, 0xF3, 0x2B, 0x08, 0x91, 0x70, 0x0A, 0x08, 0x24, 0x27, 0x24, 0x27, 0x20, 0xD0, 0x4F, 0x08
	.byte 0x04, 0xF3, 0x2B, 0x08, 0x00, 0x00, 0x00, 0x00, 0x10, 0xF3, 0x2B, 0x08, 0x95, 0x30, 0x10, 0x08
	.byte 0x00, 0x00, 0x02, 0x00, 0x10, 0x00, 0x02, 0x00, 0x20, 0x00, 0x02, 0x00, 0x30, 0x00, 0x02, 0x00
	.byte 0xFF, 0xFF, 0x00, 0x00, 0x40, 0xEB, 0x56, 0x08, 0xD0, 0x27, 0xD0, 0x27, 0x20, 0xD0, 0x4F, 0x08
	.byte 0x54, 0xEB, 0x56, 0x08, 0x00, 0x00, 0x00, 0x00, 0x10, 0xF3, 0x2B, 0x08, 0x1D, 0x34, 0x10, 0x08
	.byte 0x00, 0x00, 0x0A, 0x00, 0xFF, 0xFF, 0x00, 0x00, 0x04, 0x00, 0x0A, 0x00, 0xFF, 0xFF, 0x00, 0x00
	.byte 0x08, 0x00, 0x29, 0x00, 0xFF, 0xFF, 0x00, 0x00, 0x0C, 0x00, 0x0A, 0x00, 0xFF, 0xFF, 0x00, 0x00
	.byte 0x10, 0x00, 0x0A, 0x00, 0xFF, 0xFF, 0x00, 0x00, 0x14, 0x00, 0x0A, 0x00, 0xFF, 0xFF, 0x00, 0x00
	.byte 0x00, 0x00, 0x8A, 0x00, 0xFF, 0xFF, 0x00, 0x00, 0x04, 0x00, 0x8A, 0x00, 0xFF, 0xFF, 0x00, 0x00
	.byte 0x70, 0xEB, 0x56, 0x08, 0x78, 0xEB, 0x56, 0x08, 0x80, 0xEB, 0x56, 0x08, 0x88, 0xEB, 0x56, 0x08
	.byte 0x90, 0xEB, 0x56, 0x08, 0x98, 0xEB, 0x56, 0x08, 0xA0, 0xEB, 0x56, 0x08, 0xA8, 0xEB, 0x56, 0x08
	.byte 0x0C, 0x00, 0x0C, 0x00, 0x00, 0x10, 0x00, 0x00, 0xF4, 0xFF, 0xF4, 0xFF, 0x00, 0x10, 0x00, 0x00
	.byte 0xFE, 0x7F, 0x00, 0x00, 0x00, 0x00, 0x00, 0x00, 0xD0, 0xEB, 0x56, 0x08, 0x58, 0x27, 0x58, 0x27
	.byte 0xD8, 0xD0, 0x4F, 0x08, 0xB0, 0xEB, 0x56, 0x08, 0x00, 0x00, 0x00, 0x00, 0xE8, 0xEB, 0x56, 0x08
	.byte 0x25, 0x35, 0x10, 0x08
	.globl gUnknown_856EC04
gUnknown_856EC04: @ 0x0856EC04
	@ Replaced baserom.gba range: offset=0x56EC04, size=0xF4
	.byte 0x58, 0x27, 0xFF, 0x7F, 0x5F, 0x73, 0xDF, 0x6A, 0x3F, 0x62, 0xBF, 0x59, 0x71, 0x27, 0xFF, 0x7F
	.byte 0xF9, 0x6B, 0xF4, 0x57, 0xEF, 0x43, 0xEA, 0x33, 0xC9, 0x27, 0xFF, 0x7F, 0xFF, 0x63, 0xFF, 0x47
	.byte 0xFF, 0x2B, 0xFF, 0x0F, 0xBF, 0x27, 0xFF, 0x7F, 0x9A, 0x7F, 0x55, 0x7F, 0x10, 0x7F, 0xCC, 0x7E
	.byte 0x58, 0x27, 0x58, 0x27, 0xD8, 0xD0, 0x4F, 0x08, 0xB0, 0xEB, 0x56, 0x08, 0x00, 0x00, 0x00, 0x00
	.byte 0xE8, 0xEB, 0x56, 0x08, 0x01, 0x37, 0x10, 0x08, 0xD1, 0x27, 0xD1, 0x27, 0x20, 0xD0, 0x4F, 0x08
	.byte 0x04, 0xF3, 0x2B, 0x08, 0x00, 0x00, 0x00, 0x00, 0x10, 0xF3, 0x2B, 0x08, 0x09, 0x38, 0x10, 0x08
	.byte 0xA0, 0x00, 0xA0, 0x00, 0x00, 0x00, 0x00, 0x00, 0x04, 0x00, 0x04, 0x00, 0x00, 0x01, 0x00, 0x00
	.byte 0xFE, 0x7F, 0x01, 0x00, 0x00, 0x00, 0x00, 0x00, 0x64, 0xEC, 0x56, 0x08, 0x58, 0x27, 0x58, 0x27
	.byte 0xD8, 0xD0, 0x4F, 0x08, 0xB0, 0xEB, 0x56, 0x08, 0x00, 0x00, 0x00, 0x00, 0x7C, 0xEC, 0x56, 0x08
	.byte 0x79, 0x38, 0x10, 0x08, 0x00, 0x00, 0x42, 0x00, 0x10, 0x00, 0x42, 0x00, 0x20, 0x00, 0x42, 0x00
	.byte 0x30, 0x00, 0x42, 0x00, 0xFF, 0xFF, 0x00, 0x00, 0x30, 0x00, 0x42, 0x00, 0x20, 0x00, 0x42, 0x00
	.byte 0x10, 0x00, 0x42, 0x00, 0x00, 0x00, 0x42, 0x00, 0xFF, 0xFF, 0x00, 0x00, 0x00, 0x00, 0x02, 0x00
	.byte 0x10, 0x00, 0x02, 0x00, 0x20, 0x00, 0x02, 0x00, 0x30, 0x00, 0x02, 0x00, 0xFF, 0xFF, 0x00, 0x00
	.byte 0x30, 0x00, 0x02, 0x00, 0x20, 0x00, 0x02, 0x00, 0x10, 0x00, 0x02, 0x00, 0x00, 0x00, 0x02, 0x00
	.byte 0xFF, 0xFF, 0x00, 0x00, 0x98, 0xEC, 0x56, 0x08, 0xC0, 0xEC, 0x56, 0x08, 0xAC, 0xEC, 0x56, 0x08
	.byte 0xD4, 0xEC, 0x56, 0x08
	.globl gUnknown_856ECF8
gUnknown_856ECF8: @ 0x0856ECF8
	@ Replaced baserom.gba range: offset=0x56ECF8, size=0x29C
	.byte 0xE1, 0x27, 0xE1, 0x27, 0x20, 0xD0, 0x4F, 0x08, 0xE8, 0xEC, 0x56, 0x08, 0x00, 0x00, 0x00, 0x00
	.byte 0x10, 0xF3, 0x2B, 0x08, 0xB5, 0x39, 0x10, 0x08, 0x10, 0x00, 0x10, 0x00, 0x00, 0x00, 0x00, 0x00
	.byte 0x1E, 0x00, 0x1E, 0x00, 0x00, 0x08, 0x00, 0x00, 0xFF, 0x7F, 0x00, 0x00, 0x00, 0x00, 0x00, 0x00
	.byte 0x00, 0x00, 0x00, 0x00, 0x04, 0x0B, 0x00, 0x00, 0x00, 0x00, 0x00, 0x00, 0xFC, 0x0B, 0x00, 0x00
	.byte 0xFD, 0x7F, 0x02, 0x00, 0x00, 0x00, 0x00, 0x00, 0xE2, 0xFF, 0xE2, 0xFF, 0x00, 0x08, 0x00, 0x00
	.byte 0xFF, 0x7F, 0x00, 0x00, 0x00, 0x00, 0x00, 0x00, 0x10, 0x00, 0x10, 0x00, 0x00, 0x00, 0x00, 0x00
	.byte 0x1E, 0x00, 0x1E, 0x00, 0x00, 0x08, 0x00, 0x00, 0x00, 0x00, 0x00, 0x00, 0x00, 0x10, 0x00, 0x00
	.byte 0xFD, 0x7F, 0x00, 0x00, 0x00, 0x00, 0x00, 0x00, 0x00, 0x00, 0x00, 0x00, 0x04, 0x0B, 0x00, 0x00
	.byte 0x00, 0x00, 0x00, 0x00, 0xFC, 0x0B, 0x00, 0x00, 0xFD, 0x7F, 0x02, 0x00, 0x00, 0x00, 0x00, 0x00
	.byte 0xE2, 0xFF, 0xE2, 0xFF, 0x00, 0x08, 0x00, 0x00, 0xFF, 0x7F, 0x00, 0x00, 0x00, 0x00, 0x00, 0x00
	.byte 0x10, 0xED, 0x56, 0x08, 0x28, 0xED, 0x56, 0x08, 0x50, 0x27, 0x50, 0x27, 0xE0, 0xD0, 0x4F, 0x08
	.byte 0x04, 0xF3, 0x2B, 0x08, 0x00, 0x00, 0x00, 0x00, 0x98, 0xED, 0x56, 0x08, 0x59, 0x3A, 0x10, 0x08
	.byte 0x50, 0x27, 0x50, 0x27, 0x80, 0xD0, 0x4F, 0x08, 0x04, 0xF3, 0x2B, 0x08, 0x00, 0x00, 0x00, 0x00
	.byte 0x98, 0xED, 0x56, 0x08, 0xD5, 0x3A, 0x10, 0x08, 0x00, 0x00, 0x01, 0x00, 0xFF, 0xFF, 0x00, 0x00
	.byte 0x00, 0x00, 0x41, 0x00, 0xFF, 0xFF, 0x00, 0x00, 0x00, 0x00, 0x04, 0x00, 0x10, 0x00, 0x04, 0x00
	.byte 0x20, 0x00, 0x04, 0x00, 0x10, 0x00, 0x04, 0x00, 0x00, 0x00, 0x04, 0x00, 0x10, 0x00, 0x04, 0x00
	.byte 0x20, 0x00, 0x04, 0x00, 0xFF, 0xFF, 0x00, 0x00, 0x00, 0x00, 0x44, 0x00, 0x10, 0x00, 0x44, 0x00
	.byte 0x20, 0x00, 0x44, 0x00, 0x10, 0x00, 0x44, 0x00, 0x00, 0x00, 0x44, 0x00, 0x10, 0x00, 0x44, 0x00
	.byte 0x20, 0x00, 0x44, 0x00, 0xFF, 0xFF, 0x00, 0x00, 0xD0, 0xED, 0x56, 0x08, 0xD8, 0xED, 0x56, 0x08
	.byte 0xE0, 0xED, 0x56, 0x08, 0x00, 0xEE, 0x56, 0x08, 0xE6, 0x27, 0xE6, 0x27, 0x20, 0xD0, 0x4F, 0x08
	.byte 0x20, 0xEE, 0x56, 0x08, 0x00, 0x00, 0x00, 0x00, 0x10, 0xF3, 0x2B, 0x08, 0xE1, 0x3B, 0x10, 0x08
	.byte 0x50, 0x27, 0x50, 0x27, 0x20, 0xD0, 0x4F, 0x08, 0x04, 0xF3, 0x2B, 0x08, 0x00, 0x00, 0x00, 0x00
	.byte 0x10, 0xF3, 0x2B, 0x08, 0x99, 0x3C, 0x10, 0x08, 0x04, 0x00, 0x01, 0x00, 0xFF, 0xFF, 0x00, 0x00
	.byte 0x60, 0xEE, 0x56, 0x08, 0x58, 0x27, 0x58, 0x27, 0x18, 0xD0, 0x4F, 0x08, 0x04, 0xF3, 0x2B, 0x08
	.byte 0x00, 0x00, 0x00, 0x00, 0x10, 0xF3, 0x2B, 0x08, 0xE9, 0x3C, 0x10, 0x08, 0x00, 0x00, 0x00, 0x00
	.byte 0xF8, 0xF2, 0x2B, 0x08, 0x04, 0xF3, 0x2B, 0x08, 0x00, 0x00, 0x00, 0x00, 0x10, 0xF3, 0x2B, 0x08
	.byte 0xDD, 0x3D, 0x10, 0x08, 0xA1, 0x27, 0xA1, 0x27, 0xA8, 0xD1, 0x4F, 0x08, 0x04, 0xF3, 0x2B, 0x08
	.byte 0x00, 0x00, 0x00, 0x00, 0x44, 0x2C, 0x57, 0x08, 0x71, 0x3E, 0x10, 0x08, 0x00, 0x00, 0x09, 0x00
	.byte 0x10, 0x00, 0x03, 0x00, 0x20, 0x00, 0x03, 0x00, 0x30, 0x00, 0x03, 0x00, 0xFF, 0xFF, 0x00, 0x00
	.byte 0xB4, 0xEE, 0x56, 0x08, 0x50, 0x00, 0x50, 0x00, 0x00, 0x00, 0x00, 0x00, 0x09, 0x00, 0x09, 0x00
	.byte 0x00, 0x12, 0x00, 0x00, 0xFF, 0x7F, 0x00, 0x00, 0x00, 0x00, 0x00, 0x00, 0xCC, 0xEE, 0x56, 0x08
	.byte 0x17, 0x27, 0x17, 0x27, 0x80, 0xD0, 0x4F, 0x08, 0xC8, 0xEE, 0x56, 0x08, 0x00, 0x00, 0x00, 0x00
	.byte 0xE4, 0xEE, 0x56, 0x08, 0x91, 0x70, 0x0A, 0x08, 0x00, 0x00, 0x43, 0x00, 0x08, 0x00, 0x43, 0x00
	.byte 0x10, 0x00, 0x43, 0x00, 0x18, 0x00, 0x43, 0x00, 0x20, 0x00, 0x43, 0x00, 0x28, 0x00, 0x43, 0x00
	.byte 0x30, 0x00, 0x43, 0x00, 0xFD, 0xFF, 0x01, 0x00, 0xFF, 0xFF, 0x00, 0x00, 0x00, 0xEF, 0x56, 0x08
	.byte 0x5B, 0x27, 0x5B, 0x27, 0x40, 0xD0, 0x4F, 0x08, 0x24, 0xEF, 0x56, 0x08, 0x00, 0x00, 0x00, 0x00
	.byte 0x10, 0xF3, 0x2B, 0x08, 0x29, 0x40, 0x10, 0x08, 0x10, 0x00, 0x00, 0x01, 0x00, 0x00, 0x00, 0x00
	.byte 0x14, 0x00, 0x00, 0x00, 0x00, 0x0C, 0x00, 0x00, 0x00, 0x00, 0x00, 0x00, 0x00, 0x20, 0x00, 0x00
	.byte 0xFF, 0x7F, 0x00, 0x00, 0x00, 0x00, 0x00, 0x00, 0x40, 0xEF, 0x56, 0x08, 0x15, 0x27, 0x15, 0x27
	.byte 0xE8, 0xD1, 0x4F, 0x08, 0x04, 0xF3, 0x2B, 0x08, 0x00, 0x00, 0x00, 0x00, 0x60, 0xEF, 0x56, 0x08
	.byte 0xCD, 0x40, 0x10, 0x08, 0x13, 0x27, 0x13, 0x27, 0x20, 0xD2, 0x4F, 0x08, 0x04, 0xF3, 0x2B, 0x08
	.byte 0x00, 0x00, 0x00, 0x00, 0x10, 0xF3, 0x2B, 0x08, 0x19, 0x41, 0x10, 0x08
	.globl gUnknown_856EF94
gUnknown_856EF94: @ 0x0856EF94
	@ Replaced baserom.gba range: offset=0x56EF94, size=0xF0
	.byte 0x13, 0x27, 0x13, 0x27, 0x60, 0xD1, 0x4F, 0x08, 0x04, 0xF3, 0x2B, 0x08, 0x00, 0x00, 0x00, 0x00
	.byte 0x10, 0xF3, 0x2B, 0x08, 0xF5, 0x42, 0x10, 0x08, 0x20, 0x00, 0x20, 0x00, 0x00, 0x00, 0x00, 0x00
	.byte 0x07, 0x00, 0x07, 0x00, 0x00, 0xC8, 0x00, 0x00, 0xFF, 0x7F, 0x00, 0x00, 0x00, 0x00, 0x00, 0x00
	.byte 0x05, 0x00, 0x05, 0x00, 0x00, 0x0A, 0x00, 0x00, 0xF6, 0xFF, 0xF6, 0xFF, 0x00, 0x0A, 0x00, 0x00
	.byte 0x0A, 0x00, 0x0A, 0x00, 0x00, 0x0A, 0x00, 0x00, 0xF6, 0xFF, 0xF6, 0xFF, 0x00, 0x0A, 0x00, 0x00
	.byte 0x0A, 0x00, 0x0A, 0x00, 0x00, 0x0A, 0x00, 0x00, 0xF6, 0xFF, 0xF6, 0xFF, 0x00, 0x0A, 0x00, 0x00
	.byte 0x0A, 0x00, 0x0A, 0x00, 0x00, 0x0A, 0x00, 0x00, 0xFF, 0x7F, 0x00, 0x00, 0x00, 0x00, 0x00, 0x00
	.byte 0xAC, 0xEF, 0x56, 0x08, 0xC4, 0xEF, 0x56, 0x08, 0xB3, 0x27, 0xB3, 0x27, 0x20, 0xD1, 0x4F, 0x08
	.byte 0x04, 0xF3, 0x2B, 0x08, 0x00, 0x00, 0x00, 0x00, 0x04, 0xF0, 0x56, 0x08, 0xE9, 0x70, 0x0A, 0x08
	.byte 0xB4, 0x27, 0xB4, 0x27, 0x20, 0xD1, 0x4F, 0x08, 0x04, 0xF3, 0x2B, 0x08, 0x00, 0x00, 0x00, 0x00
	.byte 0x04, 0xF0, 0x56, 0x08, 0xE9, 0x70, 0x0A, 0x08, 0x14, 0x28, 0x14, 0x28, 0x28, 0xD1, 0x4F, 0x08
	.byte 0x04, 0xF3, 0x2B, 0x08, 0x00, 0x00, 0x00, 0x00, 0x04, 0xF0, 0x56, 0x08, 0xE9, 0x70, 0x0A, 0x08
	.byte 0x30, 0x28, 0x30, 0x28, 0x20, 0xD1, 0x4F, 0x08, 0x04, 0xF3, 0x2B, 0x08, 0x00, 0x00, 0x00, 0x00
	.byte 0x08, 0xF0, 0x56, 0x08, 0xE5, 0x94, 0x10, 0x08, 0xBF, 0x27, 0xBF, 0x27, 0x18, 0xD0, 0x4F, 0x08
	.byte 0x04, 0xF3, 0x2B, 0x08, 0x00, 0x00, 0x00, 0x00, 0x10, 0xF3, 0x2B, 0x08, 0x75, 0x71, 0x0A, 0x08
	.globl gUnknown_856F084
gUnknown_856F084: @ 0x0856F084
	@ Replaced baserom.gba range: offset=0x56F084, size=0x148
	.byte 0xC2, 0x27, 0xC2, 0x27, 0x48, 0xD1, 0x4F, 0x08, 0x04, 0xF3, 0x2B, 0x08, 0x00, 0x00, 0x00, 0x00
	.byte 0x10, 0xF3, 0x2B, 0x08, 0x39, 0x48, 0x10, 0x08, 0x08, 0x00, 0x01, 0x00, 0xFF, 0xFF, 0x00, 0x00
	.byte 0x9C, 0xF0, 0x56, 0x08, 0x00, 0x00, 0x00, 0x00, 0x0A, 0x01, 0x00, 0x00, 0xFE, 0x7F, 0x00, 0x00
	.byte 0x00, 0x00, 0x00, 0x00, 0xA8, 0xF0, 0x56, 0x08, 0x74, 0x27, 0x74, 0x27, 0x78, 0xD0, 0x4F, 0x08
	.byte 0xA4, 0xF0, 0x56, 0x08, 0x00, 0x00, 0x00, 0x00, 0x10, 0xF3, 0x2B, 0x08, 0xD9, 0x48, 0x10, 0x08
	.byte 0x74, 0x27, 0x74, 0x27, 0x78, 0xD0, 0x4F, 0x08, 0xA4, 0xF0, 0x56, 0x08, 0x00, 0x00, 0x00, 0x00
	.byte 0xB8, 0xF0, 0x56, 0x08, 0x8D, 0x49, 0x10, 0x08, 0x00, 0x00, 0x00, 0x00, 0x14, 0x01, 0x00, 0x00
	.byte 0xFE, 0x7F, 0x00, 0x00, 0x00, 0x00, 0x00, 0x00, 0xEC, 0xF0, 0x56, 0x08, 0x16, 0x27, 0x16, 0x27
	.byte 0x78, 0xD0, 0x4F, 0x08, 0x04, 0xF3, 0x2B, 0x08, 0x00, 0x00, 0x00, 0x00, 0xFC, 0xF0, 0x56, 0x08
	.byte 0x15, 0x4A, 0x10, 0x08, 0x10, 0x00, 0x00, 0x01, 0x00, 0x00, 0x00, 0x00, 0x04, 0x00, 0x00, 0x00
	.byte 0x00, 0x28, 0x00, 0x00, 0xFF, 0x7F, 0x00, 0x00, 0x00, 0x00, 0x00, 0x00, 0x18, 0xF1, 0x56, 0x08
	.byte 0x19, 0x27, 0x19, 0x27, 0xC8, 0xD0, 0x4F, 0x08, 0x04, 0xF3, 0x2B, 0x08, 0x00, 0x00, 0x00, 0x00
	.byte 0x30, 0xF1, 0x56, 0x08, 0x55, 0x4B, 0x10, 0x08, 0x00, 0x00, 0x03, 0x00, 0x10, 0x00, 0x03, 0x00
	.byte 0x20, 0x00, 0x14, 0x00, 0xFF, 0xFF, 0x00, 0x00, 0x00, 0x00, 0xC3, 0x00, 0x10, 0x00, 0xC3, 0x00
	.byte 0x20, 0x00, 0xD4, 0x00, 0xFF, 0xFF, 0x00, 0x00, 0x4C, 0xF1, 0x56, 0x08, 0x5C, 0xF1, 0x56, 0x08
	.byte 0x9A, 0x27, 0x9A, 0x27, 0x40, 0xD1, 0x4F, 0x08, 0x6C, 0xF1, 0x56, 0x08, 0x00, 0x00, 0x00, 0x00
	.byte 0x10, 0xF3, 0x2B, 0x08, 0xB5, 0x4B, 0x10, 0x08, 0x00, 0x00, 0x02, 0x00, 0x10, 0x00, 0x02, 0x00
	.byte 0x20, 0x00, 0x01, 0x00, 0xFF, 0xFF, 0x00, 0x00, 0x00, 0x00, 0xC2, 0x00, 0x10, 0x00, 0xC2, 0x00
	.byte 0x20, 0x00, 0xC1, 0x00, 0xFF, 0xFF, 0x00, 0x00, 0x8C, 0xF1, 0x56, 0x08, 0x9C, 0xF1, 0x56, 0x08
	.byte 0x9A, 0x27, 0x9A, 0x27, 0x40, 0xD1, 0x4F, 0x08, 0xAC, 0xF1, 0x56, 0x08, 0x00, 0x00, 0x00, 0x00
	.byte 0x10, 0xF3, 0x2B, 0x08, 0x65, 0x4C, 0x10, 0x08
	.globl gUnknown_856F1CC
gUnknown_856F1CC: @ 0x0856F1CC
	@ Replaced baserom.gba range: offset=0x56F1CC, size=0x20
	.byte 0xFA, 0xFF, 0x04, 0x00, 0x00, 0x08, 0x00, 0x00, 0x0A, 0x00, 0xF6, 0xFF, 0x00, 0x08, 0x00, 0x00
	.byte 0xFC, 0xFF, 0x06, 0x00, 0x00, 0x08, 0x00, 0x00, 0xFF, 0x7F, 0x00, 0x00, 0x00, 0x00, 0x00, 0x00
	.globl gUnknown_856F1EC
gUnknown_856F1EC: @ 0x0856F1EC
	@ Replaced baserom.gba range: offset=0x56F1EC, size=0x9C
	.byte 0xFC, 0xFF, 0xFB, 0xFF, 0x00, 0x0C, 0x00, 0x00, 0x00, 0x00, 0x00, 0x00, 0x00, 0x18, 0x00, 0x00
	.byte 0x04, 0x00, 0x05, 0x00, 0x00, 0x0C, 0x00, 0x00, 0xFF, 0x7F, 0x00, 0x00, 0x00, 0x00, 0x00, 0x00
	.byte 0x00, 0x00, 0x44, 0x00, 0x04, 0x00, 0x68, 0x00, 0x08, 0x00, 0x44, 0x00, 0x0C, 0x00, 0x44, 0x00
	.byte 0xFF, 0xFF, 0x00, 0x00, 0x00, 0x00, 0x04, 0x00, 0x04, 0x00, 0x28, 0x00, 0x08, 0x00, 0x04, 0x00
	.byte 0x0C, 0x00, 0x04, 0x00, 0xFF, 0xFF, 0x00, 0x00, 0x0C, 0xF2, 0x56, 0x08, 0x20, 0xF2, 0x56, 0x08
	.byte 0x66, 0x27, 0x66, 0x27, 0x18, 0xD0, 0x4F, 0x08, 0x34, 0xF2, 0x56, 0x08, 0x00, 0x00, 0x00, 0x00
	.byte 0x10, 0xF3, 0x2B, 0x08, 0x6D, 0x53, 0x10, 0x08, 0x0B, 0x00, 0x0B, 0x00, 0x00, 0x08, 0x00, 0x00
	.byte 0xF5, 0xFF, 0xF5, 0xFF, 0x00, 0x08, 0x00, 0x00, 0xFF, 0x7F, 0x00, 0x00, 0x00, 0x00, 0x00, 0x00
	.byte 0x54, 0xF2, 0x56, 0x08, 0x67, 0x27, 0x67, 0x27, 0x78, 0xD0, 0x4F, 0x08, 0x04, 0xF3, 0x2B, 0x08
	.byte 0x00, 0x00, 0x00, 0x00, 0x6C, 0xF2, 0x56, 0x08, 0xFD, 0x53, 0x10, 0x08
	.globl gUnknown_856F288
gUnknown_856F288: @ 0x0856F288
	@ Replaced baserom.gba range: offset=0x56F288, size=0x20C
	.byte 0xF6, 0xFF, 0x09, 0x00, 0x00, 0x07, 0x00, 0x00, 0x14, 0x00, 0xEC, 0xFF, 0x00, 0x07, 0x00, 0x00
	.byte 0xEC, 0xFF, 0x14, 0x00, 0x00, 0x07, 0x00, 0x00, 0x0A, 0x00, 0xF7, 0xFF, 0x00, 0x07, 0x00, 0x00
	.byte 0xFD, 0x7F, 0x02, 0x00, 0x00, 0x00, 0x00, 0x00, 0xFF, 0x7F, 0x00, 0x00, 0x00, 0x00, 0x00, 0x00
	.byte 0x12, 0x27, 0x12, 0x27, 0x20, 0xD0, 0x4F, 0x08, 0x04, 0xF3, 0x2B, 0x08, 0x00, 0x00, 0x00, 0x00
	.byte 0x10, 0xF3, 0x2B, 0x08, 0x6D, 0x58, 0x10, 0x08, 0xD5, 0x27, 0xD5, 0x27, 0x20, 0xD0, 0x4F, 0x08
	.byte 0x04, 0xF3, 0x2B, 0x08, 0x00, 0x00, 0x00, 0x00, 0x10, 0xF3, 0x2B, 0x08, 0x01, 0x72, 0x0A, 0x08
	.byte 0x00, 0x00, 0x05, 0x00, 0x10, 0x00, 0x05, 0x00, 0x20, 0x00, 0x05, 0x00, 0x30, 0x00, 0x05, 0x00
	.byte 0xFF, 0xFF, 0x00, 0x00, 0xE8, 0xF2, 0x56, 0x08, 0xD6, 0x27, 0xD6, 0x27, 0x20, 0xD0, 0x4F, 0x08
	.byte 0xFC, 0xF2, 0x56, 0x08, 0x00, 0x00, 0x00, 0x00, 0x10, 0xF3, 0x2B, 0x08, 0x91, 0x70, 0x0A, 0x08
	.byte 0x00, 0x00, 0x00, 0x00, 0xF8, 0x02, 0x00, 0x00, 0x00, 0x00, 0x00, 0x00, 0x08, 0x04, 0x00, 0x00
	.byte 0x00, 0x00, 0x00, 0x00, 0xF8, 0x02, 0x00, 0x00, 0xFE, 0x7F, 0x00, 0x00, 0x00, 0x00, 0x00, 0x00
	.byte 0x00, 0x01, 0x00, 0x01, 0x00, 0x00, 0x00, 0x00, 0xFF, 0x7F, 0x00, 0x00, 0x00, 0x00, 0x00, 0x00
	.byte 0xF8, 0xFF, 0x04, 0x00, 0x00, 0x08, 0x00, 0x00, 0xFD, 0x7F, 0x00, 0x00, 0x00, 0x00, 0x00, 0x00
	.byte 0x10, 0x00, 0xF8, 0xFF, 0x00, 0x08, 0x00, 0x00, 0xF0, 0xFF, 0x08, 0x00, 0x00, 0x08, 0x00, 0x00
	.byte 0xFD, 0x7F, 0x01, 0x00, 0x00, 0x00, 0x00, 0x00, 0x00, 0x01, 0x00, 0x01, 0x00, 0x00, 0x00, 0x00
	.byte 0x00, 0x00, 0x00, 0x00, 0x00, 0x0F, 0x00, 0x00, 0xFF, 0x7F, 0x00, 0x00, 0x00, 0x00, 0x00, 0x00
	.byte 0x18, 0xF3, 0x56, 0x08, 0x38, 0xF3, 0x56, 0x08, 0x48, 0xF3, 0x56, 0x08, 0xDA, 0x27, 0xDA, 0x27
	.byte 0x00, 0xD2, 0x4F, 0x08, 0x04, 0xF3, 0x2B, 0x08, 0x00, 0x00, 0x00, 0x00, 0x88, 0xF3, 0x56, 0x08
	.byte 0x89, 0x5D, 0x10, 0x08, 0x10, 0x00, 0x10, 0x00, 0x00, 0x00, 0x00, 0x00, 0x10, 0x00, 0x10, 0x00
	.byte 0x00, 0x1E, 0x00, 0x00, 0xFF, 0x7F, 0x01, 0x00, 0x00, 0x00, 0x00, 0x00, 0x10, 0x00, 0x10, 0x00
	.byte 0x00, 0x00, 0x00, 0x00, 0x20, 0x00, 0x20, 0x00, 0x00, 0x0F, 0x00, 0x00, 0xFF, 0x7F, 0x01, 0x00
	.byte 0x00, 0x00, 0x00, 0x00, 0x10, 0x00, 0x10, 0x00, 0x00, 0x00, 0x00, 0x00, 0x0B, 0x00, 0x0B, 0x00
	.byte 0x00, 0x2D, 0x00, 0x00, 0xFF, 0x7F, 0x01, 0x00, 0x00, 0x00, 0x00, 0x00, 0xAC, 0xF3, 0x56, 0x08
	.byte 0xC4, 0xF3, 0x56, 0x08, 0xDC, 0xF3, 0x56, 0x08, 0xDB, 0x27, 0xDB, 0x27, 0xE8, 0xD0, 0x4F, 0x08
	.byte 0x04, 0xF3, 0x2B, 0x08, 0x00, 0x00, 0x00, 0x00, 0xF4, 0xF3, 0x56, 0x08, 0x91, 0x70, 0x0A, 0x08
	.byte 0x00, 0x02, 0x00, 0x02, 0x00, 0x00, 0x00, 0x00, 0xF0, 0xFF, 0xF0, 0xFF, 0x00, 0x1E, 0x00, 0x00
	.byte 0xFF, 0x7F, 0x01, 0x00, 0x00, 0x00, 0x00, 0x00, 0x18, 0xF4, 0x56, 0x08, 0xDB, 0x27, 0xDB, 0x27
	.byte 0x08, 0xD2, 0x4F, 0x08, 0x04, 0xF3, 0x2B, 0x08, 0x00, 0x00, 0x00, 0x00, 0x30, 0xF4, 0x56, 0x08
	.byte 0x91, 0x70, 0x0A, 0x08, 0xDB, 0x27, 0xDB, 0x27, 0x08, 0xD2, 0x4F, 0x08, 0x04, 0xF3, 0x2B, 0x08
	.byte 0x00, 0x00, 0x00, 0x00, 0xF4, 0xF3, 0x56, 0x08, 0x15, 0x5A, 0x10, 0x08, 0xDB, 0x27, 0xDB, 0x27
	.byte 0x08, 0xD2, 0x4F, 0x08, 0x04, 0xF3, 0x2B, 0x08, 0x00, 0x00, 0x00, 0x00, 0xFC, 0xF3, 0x56, 0x08
	.byte 0xF5, 0x5A, 0x10, 0x08, 0xDB, 0x27, 0xDB, 0x27, 0x08, 0xD2, 0x4F, 0x08, 0x04, 0xF3, 0x2B, 0x08
	.byte 0x00, 0x00, 0x00, 0x00, 0xF4, 0xF3, 0x56, 0x08, 0x39, 0x5D, 0x10, 0x08
	.globl gUnknown_856F494
gUnknown_856F494: @ 0x0856F494
	@ Replaced baserom.gba range: offset=0x56F494, size=0x2C
	.byte 0x60, 0x00, 0xF3, 0xFF, 0x00, 0x08, 0x00, 0x00, 0xFF, 0x7F, 0x00, 0x00, 0x00, 0x00, 0x00, 0x00
	.byte 0x00, 0x00, 0x03, 0x00, 0x04, 0x00, 0x03, 0x00, 0x08, 0x00, 0x03, 0x00, 0x04, 0x00, 0x03, 0x00
	.byte 0x00, 0x00, 0x03, 0x00, 0xFF, 0xFF, 0x00, 0x00, 0xA4, 0xF4, 0x56, 0x08
	.globl gUnknown_856F4C0
gUnknown_856F4C0: @ 0x0856F4C0
	@ Replaced baserom.gba range: offset=0x56F4C0, size=0x18
	.byte 0xDF, 0x27, 0xDF, 0x27, 0x18, 0xD0, 0x4F, 0x08, 0xBC, 0xF4, 0x56, 0x08, 0x00, 0x00, 0x00, 0x00
	.byte 0x10, 0xF3, 0x2B, 0x08, 0x99, 0x64, 0x10, 0x08
	.globl gUnknown_856F4D8
gUnknown_856F4D8: @ 0x0856F4D8
	@ Replaced baserom.gba range: offset=0x56F4D8, size=0x5C
	.byte 0x1E, 0x1C, 0xEC, 0x18, 0x10, 0x1A, 0xF6, 0x1C, 0x00, 0x00, 0x06, 0x00, 0x10, 0x00, 0x06, 0x00
	.byte 0x20, 0x00, 0x0F, 0x00, 0x10, 0x00, 0x06, 0x00, 0x00, 0x00, 0x06, 0x00, 0x10, 0x00, 0x46, 0x00
	.byte 0x20, 0x00, 0x4F, 0x00, 0x10, 0x00, 0x46, 0x00, 0x00, 0x00, 0x06, 0x00, 0x10, 0x00, 0x06, 0x00
	.byte 0x20, 0x00, 0x0F, 0x00, 0x10, 0x00, 0x06, 0x00, 0x00, 0x00, 0x06, 0x00, 0xFF, 0xFF, 0x00, 0x00
	.byte 0xE0, 0xF4, 0x56, 0x08, 0xDD, 0x27, 0xDD, 0x27, 0x20, 0xD0, 0x4F, 0x08, 0x18, 0xF5, 0x56, 0x08
	.byte 0x00, 0x00, 0x00, 0x00, 0x10, 0xF3, 0x2B, 0x08, 0x91, 0x70, 0x0A, 0x08
	.globl gUnknown_856F534
gUnknown_856F534: @ 0x0856F534
	@ Replaced baserom.gba range: offset=0x56F534, size=0x38
	.byte 0xDE, 0x27, 0x0F, 0x27, 0x0E, 0x27, 0x00, 0x00, 0xDE, 0x27, 0xDE, 0x27, 0x18, 0xD0, 0x4F, 0x08
	.byte 0x04, 0xF3, 0x2B, 0x08, 0x00, 0x00, 0x00, 0x00, 0x10, 0xF3, 0x2B, 0x08, 0x39, 0x66, 0x10, 0x08
	.byte 0xE2, 0x27, 0xE2, 0x27, 0x18, 0xD0, 0x4F, 0x08, 0x04, 0xF3, 0x2B, 0x08, 0x00, 0x00, 0x00, 0x00
	.byte 0x10, 0xF3, 0x2B, 0x08, 0xB1, 0x66, 0x10, 0x08
	.globl gUnknown_856F56C
gUnknown_856F56C: @ 0x0856F56C
	@ Replaced baserom.gba range: offset=0x56F56C, size=0x210
	.byte 0x0A, 0x00, 0xF3, 0xFF, 0x00, 0x0A, 0x00, 0x00, 0xF6, 0xFF, 0x0D, 0x00, 0x00, 0x0A, 0x00, 0x00
	.byte 0xFF, 0x7F, 0x00, 0x00, 0x00, 0x00, 0x00, 0x00, 0xE8, 0x27, 0xE8, 0x27, 0x18, 0xD0, 0x4F, 0x08
	.byte 0x04, 0xF3, 0x2B, 0x08, 0x00, 0x00, 0x00, 0x00, 0x10, 0xF3, 0x2B, 0x08, 0x91, 0x69, 0x10, 0x08
	.byte 0xE8, 0x27, 0xE8, 0x27, 0x18, 0xD0, 0x4F, 0x08, 0x04, 0xF3, 0x2B, 0x08, 0x00, 0x00, 0x00, 0x00
	.byte 0x10, 0xF3, 0x2B, 0x08, 0x15, 0x6A, 0x10, 0x08, 0xE8, 0x27, 0xE8, 0x27, 0x18, 0xD0, 0x4F, 0x08
	.byte 0x04, 0xF3, 0x2B, 0x08, 0x00, 0x00, 0x00, 0x00, 0x10, 0xF3, 0x2B, 0x08, 0x9D, 0x6A, 0x10, 0x08
	.byte 0x80, 0x00, 0x80, 0x00, 0x00, 0x00, 0x00, 0x00, 0x08, 0x00, 0x08, 0x00, 0x00, 0x01, 0x00, 0x00
	.byte 0xFE, 0x7F, 0x01, 0x00, 0x00, 0x00, 0x00, 0x00, 0xCC, 0xF5, 0x56, 0x08, 0xE9, 0x27, 0xE9, 0x27
	.byte 0x78, 0xD0, 0x4F, 0x08, 0x04, 0xF3, 0x2B, 0x08, 0x00, 0x00, 0x00, 0x00, 0xE4, 0xF5, 0x56, 0x08
	.byte 0x8D, 0x6F, 0x10, 0x08, 0xE9, 0x27, 0xE9, 0x27, 0xD8, 0xD0, 0x4F, 0x08, 0x04, 0xF3, 0x2B, 0x08
	.byte 0x00, 0x00, 0x00, 0x00, 0xE4, 0xF5, 0x56, 0x08, 0xC9, 0x70, 0x10, 0x08, 0x80, 0x00, 0x80, 0x00
	.byte 0x00, 0x00, 0x00, 0x00, 0x08, 0x00, 0x08, 0x00, 0x00, 0x01, 0x00, 0x00, 0xFE, 0x7F, 0x01, 0x00
	.byte 0x00, 0x00, 0x00, 0x00, 0x18, 0xF6, 0x56, 0x08, 0xFD, 0x27, 0xFD, 0x27, 0xD0, 0xD0, 0x4F, 0x08
	.byte 0x04, 0xF3, 0x2B, 0x08, 0x00, 0x00, 0x00, 0x00, 0x30, 0xF6, 0x56, 0x08, 0x95, 0x71, 0x10, 0x08
	.byte 0x00, 0x00, 0x04, 0x00, 0x04, 0x00, 0x04, 0x00, 0x08, 0x00, 0x04, 0x00, 0x04, 0x00, 0x04, 0x00
	.byte 0x00, 0x00, 0x04, 0x00, 0xFF, 0xFF, 0x00, 0x00, 0x4C, 0xF6, 0x56, 0x08, 0xEA, 0x27, 0xEA, 0x27
	.byte 0x18, 0xD0, 0x4F, 0x08, 0x64, 0xF6, 0x56, 0x08, 0x00, 0x00, 0x00, 0x00, 0x10, 0xF3, 0x2B, 0x08
	.byte 0x09, 0x72, 0x10, 0x08, 0x00, 0x00, 0x18, 0x00, 0xFF, 0xFF, 0x00, 0x00, 0x80, 0xF6, 0x56, 0x08
	.byte 0xEC, 0x27, 0xEC, 0x27, 0x20, 0xD0, 0x4F, 0x08, 0x88, 0xF6, 0x56, 0x08, 0x00, 0x00, 0x00, 0x00
	.byte 0x10, 0xF3, 0x2B, 0x08, 0x21, 0x72, 0x10, 0x08, 0xEB, 0x27, 0xEB, 0x27, 0x18, 0xD0, 0x4F, 0x08
	.byte 0x04, 0xF3, 0x2B, 0x08, 0x00, 0x00, 0x00, 0x00, 0x10, 0xF3, 0x2B, 0x08, 0x21, 0x73, 0x10, 0x08
	.byte 0x00, 0x00, 0x03, 0x00, 0xFE, 0xFF, 0x00, 0x00, 0x10, 0x00, 0x03, 0x00, 0xFE, 0xFF, 0x00, 0x00
	.byte 0xBC, 0xF6, 0x56, 0x08, 0xC4, 0xF6, 0x56, 0x08, 0xED, 0x27, 0xED, 0x27, 0x20, 0xD0, 0x4F, 0x08
	.byte 0xCC, 0xF6, 0x56, 0x08, 0x00, 0x00, 0x00, 0x00, 0x10, 0xF3, 0x2B, 0x08, 0xA5, 0x73, 0x10, 0x08
	.byte 0x00, 0x00, 0x04, 0x00, 0x10, 0x00, 0x04, 0x00, 0x20, 0x00, 0x04, 0x00, 0x30, 0x00, 0x04, 0x00
	.byte 0xFF, 0xFF, 0x00, 0x00, 0x00, 0x00, 0x44, 0x00, 0x10, 0x00, 0x44, 0x00, 0x20, 0x00, 0x44, 0x00
	.byte 0x30, 0x00, 0x44, 0x00, 0xFF, 0xFF, 0x00, 0x00, 0xEC, 0xF6, 0x56, 0x08, 0x00, 0xF7, 0x56, 0x08
	.byte 0xEE, 0x27, 0xEE, 0x27, 0x20, 0xD0, 0x4F, 0x08, 0x14, 0xF7, 0x56, 0x08, 0x00, 0x00, 0x00, 0x00
	.byte 0x10, 0xF3, 0x2B, 0x08, 0xD1, 0x74, 0x10, 0x08, 0x00, 0x00, 0x08, 0x00, 0x10, 0x00, 0x08, 0x00
	.byte 0x20, 0x00, 0x08, 0x00, 0x10, 0x00, 0x08, 0x00, 0xFF, 0xFF, 0x00, 0x00, 0x10, 0x00, 0x48, 0x00
	.byte 0x20, 0x00, 0x48, 0x00, 0x10, 0x00, 0x48, 0x00, 0x00, 0x00, 0x48, 0x00, 0xFF, 0xFF, 0x00, 0x00
	.byte 0x34, 0xF7, 0x56, 0x08, 0x48, 0xF7, 0x56, 0x08, 0xE7, 0x27, 0xE7, 0x27, 0x20, 0xD0, 0x4F, 0x08
	.byte 0x5C, 0xF7, 0x56, 0x08, 0x00, 0x00, 0x00, 0x00, 0x10, 0xF3, 0x2B, 0x08, 0x21, 0x75, 0x10, 0x08
	.globl gUnknown_856F77C
gUnknown_856F77C: @ 0x0856F77C
	@ Replaced baserom.gba range: offset=0x56F77C, size=0x1488
	.byte 0xF4, 0xFF, 0x08, 0x00, 0x00, 0x04, 0x00, 0x00, 0x14, 0x00, 0xEC, 0xFF, 0x00, 0x04, 0x00, 0x00
	.byte 0xF8, 0xFF, 0x0C, 0x00, 0x00, 0x04, 0x00, 0x00, 0xFF, 0x7F, 0x00, 0x00, 0x00, 0x00, 0x00, 0x00
	.byte 0xF1, 0x27, 0xF1, 0x27, 0x20, 0xD0, 0x4F, 0x08, 0x04, 0xF3, 0x2B, 0x08, 0x00, 0x00, 0x00, 0x00
	.byte 0x10, 0xF3, 0x2B, 0x08, 0x51, 0x76, 0x10, 0x08, 0x00, 0x00, 0x00, 0x00, 0x00, 0x05, 0x00, 0x00
	.byte 0xFF, 0x7F, 0x00, 0x00, 0x00, 0x00, 0x00, 0x00, 0x00, 0x00, 0x00, 0x00, 0xF8, 0x10, 0x00, 0x00
	.byte 0xFF, 0x7F, 0x01, 0x00, 0x00, 0x00, 0x00, 0x00, 0x00, 0x00, 0x00, 0x00, 0x08, 0x10, 0x00, 0x00
	.byte 0xFF, 0x7F, 0x01, 0x00, 0x00, 0x00, 0x00, 0x00, 0xB4, 0xF7, 0x56, 0x08, 0xC4, 0xF7, 0x56, 0x08
	.byte 0xD4, 0xF7, 0x56, 0x08, 0xDE, 0x27, 0xDE, 0x27, 0x78, 0xD0, 0x4F, 0x08, 0xB0, 0xEB, 0x56, 0x08
	.byte 0x00, 0x00, 0x00, 0x00, 0xE4, 0xF7, 0x56, 0x08, 0xB1, 0x77, 0x10, 0x08, 0xDE, 0x27, 0xDE, 0x27
	.byte 0x78, 0xD0, 0x4F, 0x08, 0xB0, 0xEB, 0x56, 0x08, 0x00, 0x00, 0x00, 0x00, 0xE4, 0xF7, 0x56, 0x08
	.byte 0x51, 0x77, 0x10, 0x08, 0x00, 0x01, 0x00, 0x01, 0x00, 0x00, 0x00, 0x00, 0xFF, 0x7F, 0x00, 0x00
	.byte 0x00, 0x00, 0x00, 0x00, 0x00, 0x02, 0x00, 0x01, 0x00, 0x00, 0x00, 0x00, 0xFF, 0x7F, 0x00, 0x00
	.byte 0x00, 0x00, 0x00, 0x00, 0x20, 0xF8, 0x56, 0x08, 0x30, 0xF8, 0x56, 0x08, 0x04, 0x28, 0x04, 0x28
	.byte 0x28, 0xD2, 0x4F, 0x08, 0x04, 0xF3, 0x2B, 0x08, 0x00, 0x00, 0x00, 0x00, 0x40, 0xF8, 0x56, 0x08
	.byte 0xFD, 0x78, 0x10, 0x08, 0x00, 0x00, 0x00, 0x00, 0x00, 0x00, 0x00, 0x00, 0x00, 0x00, 0x00, 0x00
	.byte 0x00, 0x00, 0x00, 0x00, 0x00, 0x00, 0x00, 0x00, 0x00, 0x00, 0x00, 0x00, 0x00, 0x00, 0x00, 0x00
	.byte 0x00, 0x00, 0x11, 0x01, 0x00, 0x00, 0x00, 0x00, 0x00, 0x00, 0x00, 0x00, 0x00, 0x00, 0x00, 0x10
	.byte 0x00, 0x00, 0x10, 0x31, 0x00, 0x00, 0x31, 0x33, 0x00, 0x10, 0x33, 0x66, 0x00, 0x11, 0x63, 0x78
	.byte 0x10, 0x31, 0x63, 0x77, 0x00, 0x00, 0x00, 0x00, 0x00, 0x00, 0x00, 0x00, 0x11, 0x11, 0x00, 0x00
	.byte 0x33, 0x13, 0x01, 0x00, 0x66, 0x36, 0x11, 0x00, 0x78, 0x37, 0x11, 0x00, 0x77, 0x33, 0x01, 0x00
	.byte 0x38, 0x13, 0x00, 0x30, 0x00, 0x00, 0x00, 0x00, 0x00, 0x00, 0x00, 0x00, 0x00, 0x00, 0x00, 0x00
	.byte 0x00, 0x00, 0x00, 0x00, 0x10, 0x11, 0x00, 0x10, 0x11, 0x66, 0x13, 0x61, 0x33, 0x66, 0x66, 0x66
	.byte 0x63, 0x78, 0x77, 0x87, 0x88, 0x88, 0x87, 0x88, 0x78, 0x88, 0x88, 0x78, 0x88, 0x88, 0x88, 0x88
	.byte 0x88, 0x78, 0x88, 0x78, 0x88, 0x88, 0x88, 0x88, 0x78, 0x88, 0x88, 0x78, 0x88, 0x88, 0x78, 0x88
	.byte 0x88, 0x88, 0x88, 0x88, 0x88, 0x88, 0x88, 0x88, 0x88, 0x88, 0x88, 0x88, 0x88, 0x88, 0x68, 0x88
	.byte 0x88, 0x88, 0x68, 0x88, 0x88, 0x68, 0x88, 0x88, 0x88, 0x68, 0x88, 0x88, 0x88, 0x88, 0x88, 0x88
	.byte 0x88, 0x88, 0x88, 0x88, 0x88, 0x88, 0x88, 0x88, 0x88, 0x88, 0x88, 0x88, 0x88, 0x88, 0x88, 0x88
	.byte 0x88, 0x88, 0x88, 0x88, 0x88, 0x88, 0x88, 0x88, 0x88, 0x88, 0x88, 0x88, 0x88, 0x88, 0x88, 0x88
	.byte 0x88, 0x88, 0x88, 0x88, 0x88, 0x88, 0x88, 0x88, 0x88, 0x88, 0x88, 0x88, 0x87, 0x88, 0x88, 0x88
	.byte 0x88, 0x88, 0x88, 0x88, 0x88, 0x88, 0x88, 0x88, 0x88, 0x88, 0x88, 0x88, 0x88, 0x88, 0x88, 0x88
	.byte 0x88, 0x88, 0x88, 0x88, 0x78, 0x88, 0x88, 0x88, 0x88, 0x88, 0x88, 0x88, 0x88, 0x88, 0x88, 0x88
	.byte 0x88, 0x88, 0x88, 0x88, 0x88, 0x88, 0x88, 0x88, 0x88, 0x88, 0x88, 0x88, 0x88, 0x88, 0x88, 0x88
	.byte 0x88, 0x88, 0x88, 0x88, 0x88, 0x78, 0x88, 0x88, 0x88, 0x88, 0x88, 0x88, 0x88, 0x88, 0x88, 0x88
	.byte 0x88, 0x88, 0x88, 0x88, 0x88, 0x88, 0x88, 0x88, 0x88, 0x88, 0x88, 0x88, 0x88, 0x88, 0x88, 0x88
	.byte 0x88, 0x88, 0x88, 0x88, 0x88, 0x88, 0x88, 0x88, 0x88, 0x88, 0x78, 0x88, 0x88, 0x88, 0x88, 0x87
	.byte 0x88, 0x88, 0x88, 0x88, 0x88, 0x88, 0x88, 0x88, 0x88, 0x88, 0x88, 0x88, 0x88, 0x88, 0x88, 0x88
	.byte 0x88, 0x88, 0x88, 0x88, 0x88, 0x88, 0x88, 0x88, 0x88, 0x88, 0x88, 0x88, 0x88, 0x88, 0x88, 0x87
	.byte 0x88, 0x88, 0x88, 0x88, 0x88, 0x88, 0x88, 0x88, 0x88, 0x88, 0x88, 0x88, 0x88, 0x88, 0x88, 0x88
	.byte 0x88, 0x88, 0x88, 0x88, 0x00, 0x00, 0x00, 0x00, 0x00, 0x00, 0x00, 0x00, 0x00, 0x00, 0x00, 0x00
	.byte 0x00, 0x00, 0x00, 0x00, 0x00, 0x00, 0x00, 0x00, 0x00, 0x00, 0x00, 0x00, 0x00, 0x00, 0x00, 0x00
	.byte 0x00, 0x00, 0x00, 0x00, 0x00, 0x00, 0x00, 0x00, 0x00, 0x00, 0x00, 0x00, 0x00, 0x00, 0x00, 0x00
	.byte 0x00, 0x00, 0x00, 0x00, 0x00, 0x00, 0x00, 0x00, 0x00, 0x00, 0x00, 0x00, 0x00, 0x00, 0x00, 0x00
	.byte 0x00, 0x00, 0x00, 0x00, 0x00, 0x00, 0x00, 0x00, 0x00, 0x00, 0x00, 0x00, 0x00, 0x00, 0x00, 0x00
	.byte 0x00, 0x00, 0x00, 0x00, 0x00, 0x00, 0x00, 0x00, 0x00, 0x00, 0x00, 0x00, 0x00, 0x00, 0x00, 0x00
	.byte 0x00, 0x00, 0x00, 0x00, 0x00, 0x00, 0x00, 0x00, 0x00, 0x00, 0x00, 0x00, 0x00, 0x00, 0x00, 0x00
	.byte 0x00, 0x00, 0x00, 0x00, 0x00, 0x00, 0x00, 0x00, 0x00, 0x00, 0x00, 0x00, 0x00, 0x00, 0x00, 0x00
	.byte 0x00, 0x00, 0x00, 0x00, 0x00, 0x10, 0x33, 0x13, 0x00, 0x30, 0x63, 0x36, 0x00, 0x31, 0x66, 0x66
	.byte 0x10, 0x33, 0x76, 0x77, 0x61, 0x66, 0x87, 0x77, 0x78, 0x87, 0x87, 0x88, 0x88, 0x87, 0x88, 0x87
	.byte 0x88, 0x88, 0x88, 0x88, 0x11, 0x83, 0x86, 0x87, 0x33, 0x33, 0x78, 0x87, 0x66, 0x66, 0x77, 0x88
	.byte 0x77, 0x77, 0x87, 0x88, 0x78, 0x78, 0x88, 0x87, 0x87, 0x87, 0x88, 0x88, 0x88, 0x88, 0x88, 0x88
	.byte 0x88, 0x88, 0x88, 0x88, 0x38, 0x33, 0x01, 0x33, 0x37, 0x33, 0x33, 0x63, 0x77, 0x33, 0x66, 0x76
	.byte 0x88, 0x78, 0x77, 0x77, 0x88, 0x87, 0x88, 0x88, 0x88, 0x88, 0x87, 0x88, 0x88, 0x88, 0x88, 0x88
	.byte 0x88, 0x88, 0x88, 0x88, 0x76, 0x77, 0x78, 0x87, 0x77, 0x77, 0x77, 0x78, 0x87, 0x88, 0x88, 0x87
	.byte 0x88, 0x87, 0x88, 0x88, 0x88, 0x88, 0x88, 0x88, 0x88, 0x88, 0x88, 0x88, 0x88, 0x88, 0x88, 0x88
	.byte 0x88, 0x88, 0x88, 0x88, 0x88, 0x88, 0x88, 0x88, 0x78, 0x88, 0x78, 0x88, 0x88, 0x88, 0x88, 0x88
	.byte 0x88, 0x88, 0x88, 0x88, 0x88, 0x78, 0x88, 0x88, 0x88, 0x88, 0x88, 0x88, 0x78, 0x88, 0x88, 0x87
	.byte 0x88, 0x88, 0x88, 0x88, 0x88, 0x88, 0x88, 0x88, 0x88, 0x88, 0x88, 0x88, 0x88, 0x88, 0x88, 0x88
	.byte 0x88, 0x88, 0x88, 0x88, 0x88, 0x88, 0x88, 0x88, 0x88, 0x88, 0x88, 0x88, 0x88, 0x88, 0x88, 0x88
	.byte 0x88, 0x88, 0x88, 0x88, 0x76, 0x77, 0x78, 0x87, 0x77, 0x77, 0x77, 0x78, 0x87, 0x88, 0x88, 0x87
	.byte 0x88, 0x87, 0x88, 0x88, 0x88, 0x88, 0x88, 0x88, 0x88, 0x88, 0x88, 0x88, 0x88, 0x88, 0x88, 0x88
	.byte 0x88, 0x88, 0x88, 0x88, 0x00, 0x00, 0x00, 0x00, 0x00, 0x00, 0x00, 0x00, 0x00, 0x00, 0x00, 0x00
	.byte 0x00, 0x00, 0x00, 0x00, 0x00, 0x00, 0x00, 0x00, 0x00, 0x00, 0x00, 0x00, 0x00, 0x00, 0x00, 0x00
	.byte 0x00, 0x00, 0x00, 0x00, 0x00, 0x00, 0x00, 0x00, 0x00, 0x00, 0x00, 0x00, 0x00, 0x00, 0x00, 0x00
	.byte 0x00, 0x00, 0x00, 0x00, 0x00, 0x00, 0x00, 0x00, 0x00, 0x00, 0x00, 0x00, 0x00, 0x00, 0x00, 0x00
	.byte 0x00, 0x00, 0x00, 0x00, 0x00, 0x00, 0x00, 0x00, 0x00, 0x00, 0x00, 0x00, 0x00, 0x00, 0x00, 0x00
	.byte 0x00, 0x00, 0x00, 0x00, 0x00, 0x00, 0x00, 0x00, 0x00, 0x00, 0x00, 0x00, 0x00, 0x00, 0x00, 0x00
	.byte 0x00, 0x00, 0x00, 0x00, 0x88, 0x88, 0x88, 0x88, 0x00, 0x00, 0x00, 0x00, 0x00, 0x00, 0x00, 0x00
	.byte 0x00, 0x00, 0x00, 0x00, 0x00, 0x00, 0x00, 0x00, 0x00, 0x00, 0x00, 0x00, 0x00, 0x00, 0x00, 0x00
	.byte 0x00, 0x00, 0x00, 0x00, 0x08, 0x00, 0x00, 0x00, 0x00, 0x00, 0x00, 0x00, 0x00, 0x00, 0x00, 0x00
	.byte 0x00, 0x00, 0x00, 0x00, 0x00, 0x00, 0x00, 0x00, 0x00, 0x00, 0x00, 0x00, 0x00, 0x00, 0x00, 0x00
	.byte 0x00, 0x00, 0x00, 0x00, 0x17, 0xC0, 0x17, 0xC0, 0x17, 0xC0, 0x17, 0xC0, 0x17, 0xC0, 0x17, 0xC0
	.byte 0x17, 0xC0, 0x17, 0xC0, 0x17, 0xC0, 0x17, 0xC0, 0x17, 0xC0, 0x17, 0xC0, 0x17, 0xC0, 0x17, 0xC0
	.byte 0x17, 0xC0, 0x17, 0xC0, 0x17, 0xC0, 0x17, 0xC0, 0x17, 0xC0, 0x17, 0xC0, 0x17, 0xC0, 0x17, 0xC0
	.byte 0x17, 0xC0, 0x17, 0xC0, 0x17, 0xC0, 0x17, 0xC0, 0x17, 0xC0, 0x17, 0xC0, 0x17, 0xC0, 0x17, 0xC0
	.byte 0x17, 0xC0, 0x17, 0xC0, 0x17, 0xC0, 0x17, 0xC0, 0x17, 0xC0, 0x17, 0xC0, 0x17, 0xC0, 0x17, 0xC0
	.byte 0x17, 0xC0, 0x17, 0xC0, 0x17, 0xC0, 0x17, 0xC0, 0x17, 0xC0, 0x17, 0xC0, 0x17, 0xC0, 0x17, 0xC0
	.byte 0x17, 0xC0, 0x17, 0xC0, 0x17, 0xC0, 0x17, 0xC0, 0x17, 0xC0, 0x17, 0xC0, 0x17, 0xC0, 0x17, 0xC0
	.byte 0x17, 0xC0, 0x17, 0xC0, 0x17, 0xC0, 0x17, 0xC0, 0x17, 0xC0, 0x17, 0xC0, 0x17, 0xC0, 0x17, 0xC0
	.byte 0x17, 0xC0, 0x17, 0xC0, 0x17, 0xC0, 0x17, 0xC0, 0x17, 0xC0, 0x17, 0xC0, 0x17, 0xC0, 0x17, 0xC0
	.byte 0x17, 0xC0, 0x17, 0xC0, 0x17, 0xC0, 0x17, 0xC0, 0x17, 0xC0, 0x17, 0xC0, 0x17, 0xC0, 0x17, 0xC0
	.byte 0x17, 0xC0, 0x17, 0xC0, 0x17, 0xC0, 0x17, 0xC0, 0x17, 0xC0, 0x17, 0xC0, 0x17, 0xC0, 0x17, 0xC0
	.byte 0x17, 0xC0, 0x17, 0xC0, 0x17, 0xC0, 0x17, 0xC0, 0x17, 0xC0, 0x17, 0xC0, 0x17, 0xC0, 0x17, 0xC0
	.byte 0x17, 0xC0, 0x17, 0xC0, 0x17, 0xC0, 0x17, 0xC0, 0x17, 0xC0, 0x17, 0xC0, 0x17, 0xC0, 0x17, 0xC0
	.byte 0x17, 0xC0, 0x17, 0xC0, 0x17, 0xC0, 0x17, 0xC0, 0x17, 0xC0, 0x17, 0xC0, 0x17, 0xC0, 0x17, 0xC0
	.byte 0x17, 0xC0, 0x17, 0xC0, 0x17, 0xC0, 0x17, 0xC0, 0x17, 0xC0, 0x17, 0xC0, 0x17, 0xC0, 0x17, 0xC0
	.byte 0x17, 0xC0, 0x17, 0xC0, 0x17, 0xC0, 0x17, 0xC0, 0x17, 0xC0, 0x17, 0xC0, 0x17, 0xC0, 0x17, 0xC0
	.byte 0x17, 0xC0, 0x17, 0xC0, 0x17, 0xC0, 0x17, 0xC0, 0x17, 0xC0, 0x17, 0xC0, 0x17, 0xC0, 0x17, 0xC0
	.byte 0x17, 0xC0, 0x17, 0xC0, 0x17, 0xC0, 0x17, 0xC0, 0x17, 0xC0, 0x17, 0xC0, 0x17, 0xC0, 0x17, 0xC0
	.byte 0x17, 0xC0, 0x17, 0xC0, 0x17, 0xC0, 0x17, 0xC0, 0x17, 0xC0, 0x17, 0xC0, 0x17, 0xC0, 0x17, 0xC0
	.byte 0x17, 0xC0, 0x17, 0xC0, 0x17, 0xC0, 0x17, 0xC0, 0x17, 0xC0, 0x17, 0xC0, 0x17, 0xC0, 0x17, 0xC0
	.byte 0x17, 0xC0, 0x17, 0xC0, 0x17, 0xC0, 0x17, 0xC0, 0x17, 0xC0, 0x17, 0xC0, 0x17, 0xC0, 0x17, 0xC0
	.byte 0x17, 0xC0, 0x17, 0xC0, 0x17, 0xC0, 0x17, 0xC0, 0x17, 0xC0, 0x17, 0xC0, 0x17, 0xC0, 0x17, 0xC0
	.byte 0x17, 0xC0, 0x17, 0xC0, 0x17, 0xC0, 0x17, 0xC0, 0x17, 0xC0, 0x17, 0xC0, 0x17, 0xC0, 0x17, 0xC0
	.byte 0x17, 0xC0, 0x17, 0xC0, 0x17, 0xC0, 0x17, 0xC0, 0x17, 0xC0, 0x17, 0xC0, 0x17, 0xC0, 0x17, 0xC0
	.byte 0x17, 0xC0, 0x17, 0xC0, 0x17, 0xC0, 0x17, 0xC0, 0x17, 0xC0, 0x17, 0xC0, 0x17, 0xC0, 0x17, 0xC0
	.byte 0x17, 0xC0, 0x17, 0xC0, 0x17, 0xC0, 0x17, 0xC0, 0x17, 0xC0, 0x17, 0xC0, 0x17, 0xC0, 0x17, 0xC0
	.byte 0x17, 0xC0, 0x17, 0xC0, 0x17, 0xC0, 0x17, 0xC0, 0x17, 0xC0, 0x17, 0xC0, 0x17, 0xC0, 0x17, 0xC0
	.byte 0x17, 0xC0, 0x17, 0xC0, 0x17, 0xC0, 0x17, 0xC0, 0x17, 0xC0, 0x17, 0xC0, 0x17, 0xC0, 0x17, 0xC0
	.byte 0x17, 0xC0, 0x17, 0xC0, 0x17, 0xC0, 0x17, 0xC0, 0x17, 0xC0, 0x17, 0xC0, 0x17, 0xC0, 0x17, 0xC0
	.byte 0x17, 0xC0, 0x17, 0xC0, 0x17, 0xC0, 0x17, 0xC0, 0x17, 0xC0, 0x17, 0xC0, 0x17, 0xC0, 0x17, 0xC0
	.byte 0x17, 0xC0, 0x17, 0xC0, 0x17, 0xC0, 0x17, 0xC0, 0x17, 0xC0, 0x17, 0xC0, 0x17, 0xC0, 0x17, 0xC0
	.byte 0x17, 0xC0, 0x17, 0xC0, 0x17, 0xC0, 0x17, 0xC0, 0x17, 0xC0, 0x17, 0xC0, 0x17, 0xC0, 0x17, 0xC0
	.byte 0x17, 0xC0, 0x17, 0xC0, 0x17, 0xC0, 0x17, 0xC0, 0x17, 0xC0, 0x17, 0xC0, 0x17, 0xC0, 0x17, 0xC0
	.byte 0x17, 0xC0, 0x17, 0xC0, 0x17, 0xC0, 0x17, 0xC0, 0x17, 0xC0, 0x17, 0xC0, 0x17, 0xC0, 0x17, 0xC0
	.byte 0x17, 0xC0, 0x17, 0xC0, 0x17, 0xC0, 0x17, 0xC0, 0x17, 0xC0, 0x17, 0xC0, 0x17, 0xC0, 0x17, 0xC0
	.byte 0x17, 0xC0, 0x17, 0xC0, 0x17, 0xC0, 0x17, 0xC0, 0x17, 0xC0, 0x17, 0xC0, 0x17, 0xC0, 0x17, 0xC0
	.byte 0x17, 0xC0, 0x17, 0xC0, 0x17, 0xC0, 0x17, 0xC0, 0x17, 0xC0, 0x17, 0xC0, 0x17, 0xC0, 0x17, 0xC0
	.byte 0x17, 0xC0, 0x17, 0xC0, 0x17, 0xC0, 0x17, 0xC0, 0x17, 0xC0, 0x17, 0xC0, 0x17, 0xC0, 0x17, 0xC0
	.byte 0x17, 0xC0, 0x17, 0xC0, 0x17, 0xC0, 0x17, 0xC0, 0x17, 0xC0, 0x17, 0xC0, 0x17, 0xC0, 0x17, 0xC0
	.byte 0x17, 0xC0, 0x17, 0xC0, 0x17, 0xC0, 0x17, 0xC0, 0x17, 0xC0, 0x17, 0xC0, 0x17, 0xC0, 0x17, 0xC0
	.byte 0x17, 0xC0, 0x17, 0xC0, 0x17, 0xC0, 0x17, 0xC0, 0x17, 0xC0, 0x17, 0xC0, 0x17, 0xC0, 0x17, 0xC0
	.byte 0x17, 0xC0, 0x17, 0xC0, 0x17, 0xC0, 0x17, 0xC0, 0x17, 0xC0, 0x17, 0xC0, 0x17, 0xC0, 0x17, 0xC0
	.byte 0x17, 0xC0, 0x17, 0xC0, 0x17, 0xC0, 0x17, 0xC0, 0x17, 0xC0, 0x17, 0xC0, 0x17, 0xC0, 0x17, 0xC0
	.byte 0x17, 0xC0, 0x17, 0xC0, 0x17, 0xC0, 0x17, 0xC0, 0x17, 0xC0, 0x17, 0xC0, 0x17, 0xC0, 0x17, 0xC0
	.byte 0x17, 0xC0, 0x17, 0xC0, 0x17, 0xC0, 0x17, 0xC0, 0x17, 0xC0, 0x17, 0xC0, 0x17, 0xC0, 0x17, 0xC0
	.byte 0x17, 0xC0, 0x17, 0xC0, 0x17, 0xC0, 0x17, 0xC0, 0x17, 0xC0, 0x17, 0xC0, 0x17, 0xC0, 0x17, 0xC0
	.byte 0x17, 0xC0, 0x17, 0xC0, 0x17, 0xC0, 0x17, 0xC0, 0x17, 0xC0, 0x17, 0xC0, 0x17, 0xC0, 0x17, 0xC0
	.byte 0x17, 0xC0, 0x17, 0xC0, 0x17, 0xC0, 0x17, 0xC0, 0x17, 0xC0, 0x17, 0xC0, 0x17, 0xC0, 0x17, 0xC0
	.byte 0x17, 0xC0, 0x17, 0xC0, 0x17, 0xC0, 0x17, 0xC0, 0x17, 0xC0, 0x17, 0xC0, 0x17, 0xC0, 0x17, 0xC0
	.byte 0x17, 0xC0, 0x17, 0xC0, 0x17, 0xC0, 0x17, 0xC0, 0x17, 0xC0, 0x17, 0xC0, 0x17, 0xC0, 0x17, 0xC0
	.byte 0x17, 0xC0, 0x17, 0xC0, 0x17, 0xC0, 0x17, 0xC0, 0x17, 0xC0, 0x17, 0xC0, 0x17, 0xC0, 0x17, 0xC0
	.byte 0x17, 0xC0, 0x17, 0xC0, 0x17, 0xC0, 0x17, 0xC0, 0x17, 0xC0, 0x17, 0xC0, 0x17, 0xC0, 0x17, 0xC0
	.byte 0x17, 0xC0, 0x17, 0xC0, 0x17, 0xC0, 0x17, 0xC0, 0x17, 0xC0, 0x17, 0xC0, 0x17, 0xC0, 0x17, 0xC0
	.byte 0x17, 0xC0, 0x17, 0xC0, 0x17, 0xC0, 0x17, 0xC0, 0x17, 0xC0, 0x17, 0xC0, 0x17, 0xC0, 0x17, 0xC0
	.byte 0x17, 0xC0, 0x17, 0xC0, 0x17, 0xC0, 0x17, 0xC0, 0x17, 0xC0, 0x17, 0xC0, 0x17, 0xC0, 0x17, 0xC0
	.byte 0x17, 0xC0, 0x17, 0xC0, 0x17, 0xC0, 0x17, 0xC0, 0x17, 0xC0, 0x17, 0xC0, 0x17, 0xC0, 0x17, 0xC0
	.byte 0x17, 0xC0, 0x17, 0xC0, 0x17, 0xC0, 0x17, 0xC0, 0x17, 0xC0, 0x17, 0xC0, 0x17, 0xC0, 0x17, 0xC0
	.byte 0x17, 0xC0, 0x17, 0xC0, 0x17, 0xC0, 0x17, 0xC0, 0x17, 0xC0, 0x17, 0xC0, 0x17, 0xC0, 0x17, 0xC0
	.byte 0x17, 0xC0, 0x17, 0xC0, 0x17, 0xC0, 0x17, 0xC0, 0x17, 0xC0, 0x17, 0xC0, 0x17, 0xC0, 0x17, 0xC0
	.byte 0x17, 0xC0, 0x17, 0xC0, 0x17, 0xC0, 0x17, 0xC0, 0x17, 0xC0, 0x17, 0xC0, 0x17, 0xC0, 0x17, 0xC0
	.byte 0x17, 0xC0, 0x17, 0xC0, 0x17, 0xC0, 0x17, 0xC0, 0x17, 0xC0, 0x17, 0xC0, 0x17, 0xC0, 0x17, 0xC0
	.byte 0x17, 0xC0, 0x17, 0xC0, 0x17, 0xC0, 0x17, 0xC0, 0x17, 0xC0, 0x17, 0xC0, 0x17, 0xC0, 0x17, 0xC0
	.byte 0x17, 0xC0, 0x17, 0xC0, 0x17, 0xC0, 0x17, 0xC0, 0x17, 0xC0, 0x17, 0xC0, 0x17, 0xC0, 0x17, 0xC0
	.byte 0x17, 0xC0, 0x17, 0xC0, 0x17, 0xC0, 0x17, 0xC0, 0x17, 0xC0, 0x17, 0xC0, 0x17, 0xC0, 0x17, 0xC0
	.byte 0x17, 0xC0, 0x17, 0xC0, 0x17, 0xC0, 0x17, 0xC0, 0x17, 0xC0, 0x17, 0xC0, 0x17, 0xC0, 0x17, 0xC0
	.byte 0x17, 0xC0, 0x17, 0xC0, 0x17, 0xC0, 0x17, 0xC0, 0x17, 0xC0, 0x17, 0xC0, 0x17, 0xC0, 0x17, 0xC0
	.byte 0x17, 0xC0, 0x17, 0xC0, 0x17, 0xC0, 0x17, 0xC0, 0x17, 0xC0, 0x17, 0xC0, 0x17, 0xC0, 0x17, 0xC0
	.byte 0x17, 0xC0, 0x17, 0xC0, 0x17, 0xC0, 0x17, 0xC0, 0x17, 0xC0, 0x17, 0xC0, 0x17, 0xC0, 0x17, 0xC0
	.byte 0x17, 0xC0, 0x17, 0xC0, 0x17, 0xC0, 0x17, 0xC0, 0x17, 0xC0, 0x17, 0xC0, 0x17, 0xC0, 0x17, 0xC0
	.byte 0x17, 0xC0, 0x17, 0xC0, 0x17, 0xC0, 0x17, 0xC0, 0x17, 0xC0, 0x17, 0xC0, 0x17, 0xC0, 0x17, 0xC0
	.byte 0x17, 0xC0, 0x17, 0xC0, 0x17, 0xC0, 0x17, 0xC0, 0x17, 0xC0, 0x17, 0xC0, 0x17, 0xC0, 0x17, 0xC0
	.byte 0x17, 0xC0, 0x17, 0xC0, 0x17, 0xC0, 0x17, 0xC0, 0x17, 0xC0, 0x17, 0xC0, 0x17, 0xC0, 0x17, 0xC0
	.byte 0x17, 0xC0, 0x17, 0xC0, 0x17, 0xC0, 0x17, 0xC0, 0x17, 0xC0, 0x17, 0xC0, 0x17, 0xC0, 0x17, 0xC0
	.byte 0x17, 0xC0, 0x17, 0xC0, 0x17, 0xC0, 0x17, 0xC0, 0x17, 0xC0, 0x17, 0xC0, 0x17, 0xC0, 0x17, 0xC0
	.byte 0x17, 0xC0, 0x17, 0xC0, 0x17, 0xC0, 0x17, 0xC0, 0x17, 0xC0, 0x17, 0xC0, 0x17, 0xC0, 0x17, 0xC0
	.byte 0x17, 0xC0, 0x17, 0xC0, 0x17, 0xC0, 0x17, 0xC0, 0x17, 0xC0, 0x17, 0xC0, 0x17, 0xC0, 0x17, 0xC0
	.byte 0x17, 0xC0, 0x17, 0xC0, 0x17, 0xC0, 0x17, 0xC0, 0x17, 0xC0, 0x17, 0xC0, 0x17, 0xC0, 0x17, 0xC0
	.byte 0x17, 0xC0, 0x17, 0xC0, 0x17, 0xC0, 0x17, 0xC0, 0x17, 0xC0, 0x17, 0xC0, 0x17, 0xC0, 0x17, 0xC0
	.byte 0x17, 0xC0, 0x17, 0xC0, 0x17, 0xC0, 0x17, 0xC0, 0x17, 0xC0, 0x17, 0xC0, 0x17, 0xC0, 0x17, 0xC0
	.byte 0x17, 0xC0, 0x17, 0xC0, 0x17, 0xC0, 0x17, 0xC0, 0x17, 0xC0, 0x17, 0xC0, 0x17, 0xC0, 0x17, 0xC0
	.byte 0x17, 0xC0, 0x17, 0xC0, 0x17, 0xC0, 0x17, 0xC0, 0x17, 0xC0, 0x17, 0xC0, 0x17, 0xC0, 0x17, 0xC0
	.byte 0x17, 0xC0, 0x17, 0xC0, 0x17, 0xC0, 0x17, 0xC0, 0x17, 0xC0, 0x17, 0xC0, 0x17, 0xC0, 0x17, 0xC0
	.byte 0x17, 0xC0, 0x17, 0xC0, 0x17, 0xC0, 0x17, 0xC0, 0x17, 0xC0, 0x17, 0xC0, 0x17, 0xC0, 0x17, 0xC0
	.byte 0x17, 0xC0, 0x17, 0xC0, 0x17, 0xC0, 0x17, 0xC0, 0x17, 0xC0, 0x17, 0xC0, 0x17, 0xC0, 0x17, 0xC0
	.byte 0x17, 0xC0, 0x17, 0xC0, 0x17, 0xC0, 0x17, 0xC0, 0x17, 0xC0, 0x17, 0xC0, 0x17, 0xC0, 0x17, 0xC0
	.byte 0x17, 0xC0, 0x17, 0xC0, 0x17, 0xC0, 0x17, 0xC0, 0x17, 0xC0, 0x17, 0xC0, 0x17, 0xC0, 0x17, 0xC0
	.byte 0x17, 0xC0, 0x17, 0xC0, 0x17, 0xC0, 0x17, 0xC0, 0x17, 0xC0, 0x17, 0xC0, 0x17, 0xC0, 0x17, 0xC0
	.byte 0x17, 0xC0, 0x17, 0xC0, 0x17, 0xC0, 0x17, 0xC0, 0x17, 0xC0, 0x17, 0xC0, 0x17, 0xC0, 0x17, 0xC0
	.byte 0x17, 0xC0, 0x17, 0xC0, 0x17, 0xC0, 0x17, 0xC0, 0x17, 0xC0, 0x17, 0xC0, 0x17, 0xC0, 0x17, 0xC0
	.byte 0x17, 0xC0, 0x17, 0xC0, 0x17, 0xC0, 0x17, 0xC0, 0x17, 0xC0, 0x17, 0xC0, 0x17, 0xC0, 0x17, 0xC0
	.byte 0x17, 0xC0, 0x17, 0xC0, 0x17, 0xC0, 0x17, 0xC0, 0x17, 0xC0, 0x17, 0xC0, 0x17, 0xC0, 0x17, 0xC0
	.byte 0x17, 0xC0, 0x17, 0xC0, 0x17, 0xC0, 0x17, 0xC0, 0x17, 0xC0, 0x17, 0xC0, 0x17, 0xC0, 0x17, 0xC0
	.byte 0x17, 0xC0, 0x17, 0xC0, 0x17, 0xC0, 0x17, 0xC0, 0x17, 0xC0, 0x17, 0xC0, 0x17, 0xC0, 0x17, 0xC0
	.byte 0x17, 0xC0, 0x17, 0xC0, 0x17, 0xC0, 0x17, 0xC0, 0x17, 0xC0, 0x17, 0xC0, 0x17, 0xC0, 0x17, 0xC0
	.byte 0x17, 0xC0, 0x17, 0xC0, 0x17, 0xC0, 0x17, 0xC0, 0x17, 0xC0, 0x17, 0xC0, 0x17, 0xC0, 0x17, 0xC0
	.byte 0x17, 0xC0, 0x17, 0xC0, 0x17, 0xC0, 0x17, 0xC0, 0x17, 0xC0, 0x17, 0xC0, 0x17, 0xC0, 0x17, 0xC0
	.byte 0x17, 0xC0, 0x17, 0xC0, 0x17, 0xC0, 0x17, 0xC0, 0x17, 0xC0, 0x17, 0xC0, 0x17, 0xC0, 0x17, 0xC0
	.byte 0x17, 0xC0, 0x17, 0xC0, 0x17, 0xC0, 0x17, 0xC0, 0x17, 0xC0, 0x17, 0xC0, 0x17, 0xC0, 0x17, 0xC0
	.byte 0x17, 0xC0, 0x17, 0xC0, 0x17, 0xC0, 0x17, 0xC0, 0x17, 0xC0, 0x17, 0xC0, 0x17, 0xC0, 0x17, 0xC0
	.byte 0x17, 0xC0, 0x17, 0xC0, 0x17, 0xC0, 0x17, 0xC0, 0x17, 0xC0, 0x17, 0xC0, 0x17, 0xC0, 0x17, 0xC0
	.byte 0x17, 0xC0, 0x17, 0xC0, 0x17, 0xC0, 0x17, 0xC0, 0x17, 0xC0, 0x17, 0xC0, 0x17, 0xC0, 0x17, 0xC0
	.byte 0x17, 0xC0, 0x17, 0xC0, 0x17, 0xC0, 0x17, 0xC0, 0x17, 0xC0, 0x17, 0xC0, 0x17, 0xC0, 0x17, 0xC0
	.byte 0x17, 0xC0, 0x17, 0xC0, 0x17, 0xC0, 0x17, 0xC0, 0x17, 0xC0, 0x17, 0xC0, 0x17, 0xC0, 0x17, 0xC0
	.byte 0x17, 0xC0, 0x17, 0xC0, 0x17, 0xC0, 0x17, 0xC0, 0x17, 0xC0, 0x17, 0xC0, 0x17, 0xC0, 0x17, 0xC0
	.byte 0x17, 0xC0, 0x17, 0xC0, 0x17, 0xC0, 0x17, 0xC0, 0x17, 0xC0, 0x17, 0xC0, 0x17, 0xC0, 0x17, 0xC0
	.byte 0x17, 0xC0, 0x17, 0xC0, 0x17, 0xC0, 0x17, 0xC0, 0x17, 0xC0, 0x17, 0xC0, 0x17, 0xC0, 0x17, 0xC0
	.byte 0x17, 0xC0, 0x17, 0xC0, 0x17, 0xC0, 0x17, 0xC0, 0x17, 0xC0, 0x17, 0xC0, 0x17, 0xC0, 0x17, 0xC0
	.byte 0x17, 0xC0, 0x17, 0xC0, 0x17, 0xC0, 0x17, 0xC0, 0x17, 0xC0, 0x17, 0xC0, 0x17, 0xC0, 0x17, 0xC0
	.byte 0x17, 0xC0, 0x17, 0xC0, 0x17, 0xC0, 0x17, 0xC0, 0x17, 0xC0, 0x17, 0xC0, 0x17, 0xC0, 0x17, 0xC0
	.byte 0x17, 0xC0, 0x17, 0xC0, 0x17, 0xC0, 0x17, 0xC0, 0x17, 0xC0, 0x17, 0xC0, 0x17, 0xC0, 0x17, 0xC0
	.byte 0x17, 0xC0, 0x17, 0xC0, 0x17, 0xC0, 0x17, 0xC0, 0x17, 0xC0, 0x17, 0xC0, 0x17, 0xC0, 0x17, 0xC0
	.byte 0x17, 0xC0, 0x17, 0xC0, 0x17, 0xC0, 0x17, 0xC0, 0x17, 0xC0, 0x17, 0xC0, 0x00, 0xC0, 0x01, 0xC0
	.byte 0x02, 0xC0, 0x03, 0xC0, 0x17, 0xC0, 0x17, 0xC0, 0x17, 0xC0, 0x17, 0xC0, 0x17, 0xC0, 0x17, 0xC0
	.byte 0x17, 0xC0, 0x17, 0xC0, 0x17, 0xC0, 0x17, 0xC0, 0x17, 0xC0, 0x17, 0xC0, 0x17, 0xC0, 0x17, 0xC0
	.byte 0x17, 0xC0, 0x17, 0xC0, 0x17, 0xC0, 0x17, 0xC0, 0x17, 0xC0, 0x17, 0xC0, 0x17, 0xC0, 0x17, 0xC0
	.byte 0x17, 0xC0, 0x17, 0xC0, 0x00, 0xC0, 0x01, 0xC0, 0x02, 0xC0, 0x03, 0xC0, 0x10, 0xC0, 0x11, 0xC0
	.byte 0x12, 0xC0, 0x13, 0xC0, 0x17, 0xC0, 0x17, 0xC0, 0x17, 0xC0, 0x17, 0xC0, 0x17, 0xC0, 0x17, 0xC0
	.byte 0x17, 0xC0, 0x17, 0xC0, 0x17, 0xC0, 0x17, 0xC0, 0x17, 0xC0, 0x17, 0xC0, 0x17, 0xC0, 0x17, 0xC0
	.byte 0x17, 0xC0, 0x17, 0xC0, 0x17, 0xC0, 0x17, 0xC0, 0x17, 0xC0, 0x17, 0xC0, 0x00, 0xC0, 0x01, 0xC0
	.byte 0x02, 0xC0, 0x03, 0xC0, 0x10, 0xC0, 0x11, 0xC0, 0x12, 0xC0, 0x13, 0xC0, 0x06, 0xC0, 0x04, 0xC0
	.byte 0x06, 0xC0, 0x04, 0xC0, 0x17, 0xC0, 0x17, 0xC0, 0x17, 0xC0, 0x17, 0xC0, 0x17, 0xC0, 0x17, 0xC0
	.byte 0x17, 0xC0, 0x17, 0xC0, 0x17, 0xC0, 0x17, 0xC0, 0x17, 0xC0, 0x17, 0xC0, 0x17, 0xC0, 0x17, 0xC0
	.byte 0x17, 0xC0, 0x17, 0xC0, 0x00, 0xC0, 0x01, 0xC0, 0x02, 0xC0, 0x03, 0xC0, 0x10, 0xC0, 0x11, 0xC0
	.byte 0x12, 0xC0, 0x13, 0xC0, 0x04, 0xC0, 0x06, 0xC0, 0x14, 0xC0, 0x06, 0xC0, 0x06, 0xC0, 0x06, 0xC0
	.byte 0x14, 0xC0, 0x06, 0xC0, 0x17, 0xC0, 0x17, 0xC0, 0x17, 0xC0, 0x17, 0xC0, 0x17, 0xC0, 0x17, 0xC0
	.byte 0x17, 0xC0, 0x17, 0xC0, 0x17, 0xC0, 0x17, 0xC0, 0x17, 0xC0, 0x17, 0xC0, 0x00, 0xC0, 0x01, 0xC0
	.byte 0x02, 0xC0, 0x03, 0xC0, 0x10, 0xC0, 0x11, 0xC0, 0x12, 0xC0, 0x04, 0xC0, 0x06, 0xC0, 0x04, 0xC0
	.byte 0x06, 0xC0, 0x14, 0xC0, 0x14, 0xC0, 0x06, 0xC0, 0x06, 0xC0, 0x14, 0xC0, 0x06, 0xC0, 0x06, 0xC0
	.byte 0x04, 0xC0, 0x06, 0xC0, 0x17, 0xC0, 0x17, 0xC0, 0x17, 0xC0, 0x17, 0xC0, 0x17, 0xC0, 0x17, 0xC0
	.byte 0x17, 0xC0, 0x17, 0xC0, 0x00, 0xC0, 0x01, 0xC0, 0x02, 0xC0, 0x03, 0xC0, 0x10, 0xC0, 0x11, 0xC0
	.byte 0x12, 0xC0, 0x13, 0xC0, 0x04, 0xC0, 0x06, 0xC0, 0x14, 0xC0, 0x06, 0xC0, 0x14, 0xC0, 0x06, 0xC0
	.byte 0x06, 0xC0, 0x06, 0xC0, 0x06, 0xC0, 0x06, 0xC0, 0x06, 0xC0, 0x06, 0xC0, 0x06, 0xC0, 0x06, 0xC0
	.byte 0x06, 0xC0, 0x06, 0xC0, 0x17, 0xC0, 0x17, 0xC0, 0x17, 0xC0, 0x17, 0xC0, 0x00, 0xC0, 0x01, 0xC0
	.byte 0x02, 0xC0, 0x03, 0xC0, 0x10, 0xC0, 0x11, 0xC0, 0x12, 0xC0, 0x13, 0xC0, 0x06, 0xC0, 0x04, 0xC0
	.byte 0x06, 0xC0, 0x04, 0xC0, 0x06, 0xC0, 0x06, 0xC0, 0x06, 0xC0, 0x06, 0xC0, 0x06, 0xC0, 0x06, 0xC0
	.byte 0x06, 0xC0, 0x06, 0xC0, 0x06, 0xC0, 0x06, 0xC0, 0x06, 0xC0, 0x06, 0xC0, 0x06, 0xC0, 0x06, 0xC0
	.byte 0x06, 0xC0, 0x06, 0xC0, 0x00, 0xC0, 0x01, 0xC0, 0x02, 0xC0, 0x03, 0xC0, 0x10, 0xC0, 0x11, 0xC0
	.byte 0x12, 0xC0, 0x13, 0xC0, 0x04, 0xC0, 0x04, 0xC0, 0x14, 0xC0, 0x04, 0xC0, 0x06, 0xC0, 0x06, 0xC0
	.byte 0x06, 0xC0, 0x06, 0xC0, 0x06, 0xC0, 0x06, 0xC0, 0x06, 0xC0, 0x06, 0xC0, 0x06, 0xC0, 0x06, 0xC0
	.byte 0x06, 0xC0, 0x06, 0xC0, 0x06, 0xC0, 0x06, 0xC0, 0x06, 0xC0, 0x06, 0xC0, 0x06, 0xC0, 0x06, 0xC0
	.byte 0x06, 0xC0, 0x06, 0xC0, 0x10, 0xC0, 0x11, 0xC0, 0x12, 0xC0, 0x04, 0xC0, 0x14, 0xC0, 0x06, 0xC0
	.byte 0x04, 0xC0, 0x06, 0xC0, 0x06, 0xC0, 0x06, 0xC0, 0x06, 0xC0, 0x06, 0xC0, 0x06, 0xC0, 0x14, 0xC0
	.byte 0x06, 0xC0, 0x05, 0xC0, 0x06, 0xC0, 0x06, 0xC0, 0x06, 0xC0, 0x05, 0xC0, 0x06, 0xC0, 0x06, 0xC0
	.byte 0x06, 0xC0, 0x06, 0xC0, 0x06, 0xC0, 0x06, 0xC0, 0x06, 0xC0, 0x05, 0xC0, 0x06, 0xC0, 0x04, 0xC0
	.byte 0x06, 0xC0, 0x04, 0xC0, 0x04, 0xC0, 0x14, 0xC0, 0x04, 0xC0, 0x14, 0xC0, 0x06, 0xC0, 0x06, 0xC0
	.byte 0x09, 0xC0, 0x06, 0xC0, 0x14, 0xC0, 0x06, 0xC0, 0x09, 0xC0, 0x06, 0xC0, 0x06, 0xC0, 0x06, 0xC0
	.byte 0x06, 0xC0, 0x06, 0xC0, 0x06, 0xC0, 0x09, 0xC0, 0x06, 0xC0, 0x06, 0xC0, 0x06, 0xC0, 0x06, 0xC0
	.byte 0x06, 0xC0, 0x09, 0xC0, 0x06, 0xC0, 0x06, 0xC0, 0x06, 0xC0, 0x15, 0xC0, 0x06, 0xC0, 0x06, 0xC0
	.byte 0x06, 0xC0, 0x06, 0xC0, 0x06, 0xC0, 0x09, 0xC0, 0x06, 0xC0, 0x09, 0xC0, 0x06, 0xC0, 0x06, 0xC0
	.byte 0x09, 0xC0, 0x06, 0xC0, 0x14, 0xC0, 0x06, 0xC0, 0x06, 0xC0, 0x09, 0xC0, 0x06, 0xC0, 0x06, 0xC0
	.byte 0x06, 0xC0, 0x06, 0xC0, 0x06, 0xC0, 0x06, 0xC0, 0x06, 0xC0, 0x06, 0xC0, 0x06, 0xC0, 0x06, 0xC0
	.byte 0x06, 0xC0, 0x06, 0xC0, 0x06, 0xC0, 0x06, 0xC0, 0x06, 0xC0, 0x15, 0xC0, 0x06, 0xC0, 0x06, 0xC0
	.byte 0x06, 0xC0, 0x06, 0xC0, 0x06, 0xC0, 0x06, 0xC0, 0x06, 0xC0, 0x06, 0xC0, 0x14, 0xC0, 0x15, 0xC0
	.byte 0x06, 0xC0, 0x06, 0xC0, 0x06, 0xC0, 0x06, 0xC0, 0x06, 0xC0, 0x06, 0xC0, 0x06, 0xC0, 0x06, 0xC0
	.byte 0x06, 0xC0, 0x06, 0xC0, 0x06, 0xC0, 0x06, 0xC0, 0x06, 0xC0, 0x06, 0xC0, 0x06, 0xC0, 0x09, 0xC0
	.byte 0x06, 0xC0, 0x06, 0xC0, 0x06, 0xC0, 0x06, 0xC0, 0x06, 0xC0, 0x09, 0xC0, 0x06, 0xC0, 0x06, 0xC0
	.byte 0x06, 0xC0, 0x06, 0xC0, 0x06, 0xC0, 0x06, 0xC0, 0x09, 0xC0, 0x06, 0xC0, 0x15, 0xC0, 0x06, 0xC0
	.byte 0x06, 0xC0, 0x06, 0xC0, 0x06, 0xC0, 0x06, 0xC0, 0x15, 0xC0, 0x06, 0xC0, 0x06, 0xC0, 0x06, 0xC0
	.byte 0x14, 0xC0, 0x06, 0xC0, 0x06, 0xC0, 0x06, 0xC0, 0x06, 0xC0, 0x06, 0xC0, 0x06, 0xC0, 0x06, 0xC0
	.byte 0x06, 0xC0, 0x06, 0xC0, 0x0B, 0xC0, 0x06, 0xC0, 0x06, 0xC0, 0x08, 0xC0, 0x06, 0xC0, 0x06, 0xC0
	.byte 0x06, 0xC0, 0x06, 0xC0, 0x06, 0xC0, 0x06, 0xC0, 0x06, 0xC0, 0x06, 0xC0, 0x15, 0xC0, 0x06, 0xC0
	.byte 0x06, 0xC0, 0x15, 0xC0, 0x06, 0xC0, 0x06, 0xC0, 0x06, 0xC0, 0x06, 0xC0, 0x06, 0xC0, 0x06, 0xC0
	.byte 0x06, 0xC0, 0x06, 0xC0, 0x06, 0xC0, 0x04, 0xC0, 0x06, 0xC0, 0x06, 0xC0, 0x06, 0xC0, 0x15, 0xC0
	.byte 0x06, 0xC0, 0x06, 0xC0, 0x07, 0xC0, 0x06, 0xC0, 0x06, 0xC0, 0x06, 0xC0, 0x06, 0xC0, 0x06, 0xC0
	.byte 0x06, 0xC0, 0x06, 0xC0, 0x06, 0xC0, 0x06, 0xC0, 0x06, 0xC0, 0x06, 0xC0, 0x15, 0xC0, 0x06, 0xC0
	.byte 0x06, 0xC0, 0x06, 0xC0, 0x06, 0xC0, 0x15, 0xC0, 0x06, 0xC0, 0x05, 0xC0, 0x06, 0xC0, 0x06, 0xC0
	.byte 0x06, 0xC0, 0x06, 0xC0, 0x06, 0xC0, 0x06, 0xC0, 0x06, 0xC0, 0x06, 0xC0, 0x06, 0xC0, 0x06, 0xC0
	.byte 0x06, 0xC0, 0x06, 0xC0, 0x06, 0xC0, 0x06, 0xC0, 0x06, 0xC0, 0x06, 0xC0, 0x06, 0xC0, 0x06, 0xC0
	.byte 0x06, 0xC0, 0x06, 0xC0, 0x06, 0xC0, 0x06, 0xC0, 0x05, 0xC0, 0x06, 0xC0, 0x06, 0xC0, 0x06, 0xC0
	.byte 0x06, 0xC0, 0x06, 0xC0, 0x06, 0xC0, 0x06, 0xC0, 0x06, 0xC0, 0x06, 0xC0, 0x06, 0xC0, 0x06, 0xC0
	.byte 0x06, 0xC0, 0x06, 0xC0, 0x06, 0xC0, 0x06, 0xC0, 0x06, 0xC0, 0x06, 0xC0, 0x05, 0xC0, 0x06, 0xC0
	.byte 0x06, 0xC0, 0x06, 0xC0, 0x06, 0xC0, 0x06, 0xC0, 0x06, 0xC0, 0x06, 0xC0, 0x06, 0xC0, 0x06, 0xC0
	.byte 0x06, 0xC0, 0x06, 0xC0, 0x06, 0xC0, 0x06, 0xC0, 0x06, 0xC0, 0x06, 0xC0, 0x06, 0xC0, 0x05, 0xC0
	.byte 0x06, 0xC0, 0x06, 0xC0, 0x15, 0xC0, 0x06, 0xC0, 0x06, 0xC0, 0x06, 0xC0, 0x06, 0xC0, 0x06, 0xC0
	.byte 0x05, 0xC0, 0x06, 0xC0, 0x06, 0xC0, 0x06, 0xC0, 0x06, 0xC0, 0x06, 0xC0, 0x06, 0xC0, 0x06, 0xC0
	.byte 0x06, 0xC0, 0x08, 0xC0, 0x06, 0xC0, 0x06, 0xC0, 0x05, 0xC0, 0x06, 0xC0, 0x06, 0xC0, 0x06, 0xC0
	.byte 0x06, 0xC0, 0x06, 0xC0, 0x06, 0xC0, 0x06, 0xC0, 0x06, 0xC0, 0x06, 0xC0, 0x06, 0xC0, 0x06, 0xC0
	.byte 0x06, 0xC0, 0x06, 0xC0, 0x06, 0xC0, 0x06, 0xC0, 0x06, 0xC0, 0x06, 0xC0, 0x09, 0xC0, 0x06, 0xC0
	.byte 0x15, 0xC0, 0x06, 0xC0, 0x06, 0xC0, 0x06, 0xC0, 0x15, 0xC0, 0x06, 0xC0, 0x06, 0xC0, 0x06, 0xC0
	.byte 0x06, 0xC0, 0x06, 0xC0, 0x06, 0xC0, 0x15, 0xC0, 0x06, 0xC0, 0x06, 0xC0, 0x06, 0xC0, 0x06, 0xC0
	.byte 0x06, 0xC0, 0x06, 0xC0, 0x06, 0xC0, 0x06, 0xC0, 0x06, 0xC0, 0x06, 0xC0, 0x06, 0xC0, 0x06, 0xC0
	.byte 0x06, 0xC0, 0x06, 0xC0, 0x06, 0xC0, 0x06, 0xC0, 0x06, 0xC0, 0x06, 0xC0, 0x05, 0xC0, 0x06, 0xC0
	.byte 0x06, 0xC0, 0x06, 0xC0, 0x06, 0xC0, 0x06, 0xC0, 0x06, 0xC0, 0x06, 0xC0, 0x06, 0xC0, 0x08, 0xC0
	.byte 0x06, 0xC0, 0x06, 0xC0, 0x06, 0xC0, 0x06, 0xC0, 0x06, 0xC0, 0x06, 0xC0, 0x06, 0xC0, 0x06, 0xC0
	.byte 0x06, 0xC0, 0x06, 0xC0, 0x06, 0xC0, 0x06, 0xC0, 0x15, 0xC0, 0x06, 0xC0, 0x06, 0xC0, 0x06, 0xC0
	.byte 0x06, 0xC0, 0x06, 0xC0, 0x06, 0xC0, 0x06, 0xC0, 0x06, 0xC0, 0x06, 0xC0, 0x08, 0xC0, 0x06, 0xC0
	.byte 0x06, 0xC0, 0x06, 0xC0, 0x06, 0xC0, 0x06, 0xC0, 0x06, 0xC0, 0x06, 0xC0, 0x06, 0xC0, 0x06, 0xC0
	.byte 0x06, 0xC0, 0x06, 0xC0, 0x06, 0xC0, 0x06, 0xC0, 0x06, 0xC0, 0x06, 0xC0, 0x06, 0xC0, 0x06, 0xC0
	.byte 0x06, 0xC0, 0x06, 0xC0, 0x06, 0xC0, 0x06, 0xC0, 0x06, 0xC0, 0x06, 0xC0, 0x06, 0xC0, 0x06, 0xC0
	.byte 0x06, 0xC0, 0x06, 0xC0, 0x06, 0xC0, 0x14, 0xC0, 0x06, 0xC0, 0x06, 0xC0, 0x06, 0xC0, 0x06, 0xC0
	.byte 0x06, 0xC0, 0x06, 0xC0, 0x06, 0xC0, 0x06, 0xC0, 0x06, 0xC0, 0x06, 0xC0, 0x15, 0xC0, 0x06, 0xC0
	.byte 0x06, 0xC0, 0x06, 0xC0, 0x06, 0xC0, 0x06, 0xC0, 0x05, 0xC0, 0x06, 0xC0, 0x06, 0xC0, 0x06, 0xC0
	.byte 0x06, 0xC0, 0x06, 0xC0, 0x06, 0xC0, 0x06, 0xC0, 0x06, 0xC0, 0x05, 0xC0, 0x06, 0xC0, 0x06, 0xC0
	.byte 0x06, 0xC0, 0x06, 0xC0, 0x06, 0xC0, 0x06, 0xC0, 0x06, 0xC0, 0x06, 0xC0, 0x04, 0xC0, 0x06, 0xC0
	.byte 0x06, 0xC0, 0x06, 0xC0, 0x06, 0xC0, 0x06, 0xC0, 0x06, 0xC0, 0x06, 0xC0, 0x06, 0xC0, 0x06, 0xC0
	.byte 0x06, 0xC0, 0x06, 0xC0, 0x06, 0xC0, 0x06, 0xC0, 0x06, 0xC0, 0x06, 0xC0, 0x06, 0xC0, 0x06, 0xC0
	.byte 0x06, 0xC0, 0x06, 0xC0, 0x06, 0xC0, 0x06, 0xC0, 0x06, 0xC0, 0x15, 0xC0, 0x06, 0xC0, 0x06, 0xC0
	.byte 0x06, 0xC0, 0x06, 0xC0, 0x06, 0xC0, 0x06, 0xC0, 0x06, 0xC0, 0x06, 0xC0, 0x06, 0xC0, 0x06, 0xC0
	.byte 0x06, 0xC0, 0x06, 0xC0, 0x06, 0xC0, 0x06, 0xC0, 0x06, 0xC0, 0x06, 0xC0, 0x06, 0xC0, 0x05, 0xC0
	.byte 0x06, 0xC0, 0x06, 0xC0, 0x06, 0xC0, 0x04, 0xC0, 0x06, 0xC0, 0x06, 0xC0, 0x06, 0xC0, 0x06, 0xC0
	.byte 0x06, 0xC0, 0x06, 0xC0, 0x06, 0xC0, 0x06, 0xC0, 0x06, 0xC0, 0x15, 0xC0, 0x06, 0xC0, 0x06, 0xC0
	.byte 0x06, 0xC0, 0x06, 0xC0, 0x04, 0xC0, 0x06, 0xC0, 0x06, 0xC0, 0x06, 0xC0, 0x06, 0xC0, 0x06, 0xC0
	.byte 0x06, 0xC0, 0x05, 0xC0, 0x06, 0xC0, 0x06, 0xC0, 0x06, 0xC0, 0x06, 0xC0, 0x06, 0xC0, 0x15, 0xC0
	.byte 0x06, 0xC0, 0x06, 0xC0, 0x06, 0xC0, 0x06, 0xC0, 0x05, 0xC0, 0x06, 0xC0, 0x06, 0xC0, 0x06, 0xC0
	.byte 0x06, 0xC0, 0x06, 0xC0, 0x06, 0xC0, 0x06, 0xC0, 0x06, 0xC0, 0x06, 0xC0, 0x06, 0xC0, 0x06, 0xC0
	.byte 0x06, 0xC0, 0x06, 0xC0, 0x06, 0xC0, 0x06, 0xC0, 0x06, 0xC0, 0x06, 0xC0, 0x06, 0xC0, 0x06, 0xC0
	.byte 0x06, 0xC0, 0x06, 0xC0, 0x06, 0xC0, 0x06, 0xC0, 0x06, 0xC0, 0x06, 0xC0, 0x06, 0xC0, 0x06, 0xC0
	.byte 0x06, 0xC0, 0x06, 0xC0, 0x06, 0xC0, 0x06, 0xC0, 0x15, 0xC0, 0x06, 0xC0, 0x05, 0xC0, 0x06, 0xC0
	.byte 0x06, 0xC0, 0x06, 0xC0, 0x06, 0xC0, 0x06, 0xC0, 0x06, 0xC0, 0x06, 0xC0, 0x06, 0xC0, 0x06, 0xC0
	.byte 0x06, 0xC0, 0x06, 0xC0, 0x06, 0xC0, 0x06, 0xC0, 0x06, 0xC0, 0x05, 0xC0, 0x06, 0xC0, 0x06, 0xC0
	.byte 0x06, 0xC0, 0x06, 0xC0, 0x06, 0xC0, 0x06, 0xC0, 0x06, 0xC0, 0x06, 0xC0, 0x14, 0xC0, 0x06, 0xC0
	.byte 0x06, 0xC0, 0x06, 0xC0, 0x06, 0xC0, 0x06, 0xC0, 0x06, 0xC0, 0x06, 0xC0, 0x06, 0xC0, 0x06, 0xC0
	.byte 0x06, 0xC0, 0x06, 0xC0, 0x06, 0xC0, 0x06, 0xC0, 0x06, 0xC0, 0x06, 0xC0, 0x06, 0xC0, 0x05, 0xC0
	.byte 0x06, 0xC0, 0x06, 0xC0, 0x06, 0xC0, 0x06, 0xC0, 0x15, 0xC0, 0x06, 0xC0, 0x06, 0xC0, 0x06, 0xC0
	.byte 0x06, 0xC0, 0x06, 0xC0, 0x06, 0xC0, 0x06, 0xC0, 0x06, 0xC0, 0x06, 0xC0, 0x06, 0xC0, 0x06, 0xC0
	.byte 0x06, 0xC0, 0x04, 0xC0, 0x06, 0xC0, 0x06, 0xC0, 0x06, 0xC0, 0x06, 0xC0, 0x06, 0xC0, 0x06, 0xC0
	.byte 0x06, 0xC0, 0x06, 0xC0, 0x06, 0xC0, 0x06, 0xC0, 0x06, 0xC0, 0x06, 0xC0, 0x06, 0xC0, 0x15, 0xC0
	.byte 0x06, 0xC0, 0x06, 0xC0, 0x06, 0xC0, 0x06, 0xC0, 0x06, 0xC0, 0x06, 0xC0, 0x06, 0xC0, 0x06, 0xC0
	.byte 0x06, 0xC0, 0x06, 0xC0, 0x06, 0xC0, 0x06, 0xC0, 0x06, 0xC0, 0x06, 0xC0, 0x06, 0xC0, 0x06, 0xC0
	.byte 0x06, 0xC0, 0x06, 0xC0, 0x05, 0xC0, 0x06, 0xC0, 0x06, 0xC0, 0x06, 0xC0, 0x06, 0xC0, 0x06, 0xC0
	.byte 0x06, 0xC0, 0x06, 0xC0, 0x06, 0xC0, 0x06, 0xC0, 0x06, 0xC0, 0x06, 0xC0, 0x06, 0xC0, 0x06, 0xC0
	.byte 0x06, 0xC0, 0x06, 0xC0, 0x06, 0xC0, 0x06, 0xC0, 0x06, 0xC0, 0x06, 0xC0, 0x06, 0xC0, 0x06, 0xC0
	.byte 0x06, 0xC0, 0x06, 0xC0, 0x06, 0xC0, 0x06, 0xC0, 0x06, 0xC0, 0x06, 0xC0, 0x06, 0xC0, 0x06, 0xC0
	.byte 0x06, 0xC0, 0x06, 0xC0, 0x15, 0xC0, 0x06, 0xC0, 0x05, 0xC0, 0x06, 0xC0, 0x06, 0xC0, 0x06, 0xC0
	.byte 0x06, 0xC0, 0x06, 0xC0, 0x06, 0xC0, 0x06, 0xC0, 0x06, 0xC0, 0x06, 0xC0, 0x06, 0xC0, 0x06, 0xC0
	.byte 0x06, 0xC0, 0x06, 0xC0, 0x06, 0xC0, 0x06, 0xC0, 0x06, 0xC0, 0x06, 0xC0, 0x06, 0xC0, 0x06, 0xC0
	.byte 0x06, 0xC0, 0x06, 0xC0, 0x06, 0xC0, 0x06, 0xC0, 0x06, 0xC0, 0x06, 0xC0, 0x05, 0xC0, 0x06, 0xC0
	.byte 0x06, 0xC0, 0x06, 0xC0, 0x06, 0xC0, 0x06, 0xC0, 0x06, 0xC0, 0x06, 0xC0, 0x06, 0xC0, 0x06, 0xC0
	.byte 0x06, 0xC0, 0x06, 0xC0, 0x06, 0xC0, 0x06, 0xC0, 0x06, 0xC0, 0x06, 0xC0, 0x06, 0xC0, 0x06, 0xC0
	.byte 0x06, 0xC0, 0x06, 0xC0, 0x06, 0xC0, 0x06, 0xC0, 0x06, 0xC0, 0x06, 0xC0, 0x06, 0xC0, 0x06, 0xC0
	.byte 0x06, 0xC0, 0x06, 0xC0, 0x06, 0xC0, 0x06, 0xC0, 0x06, 0xC0, 0x06, 0xC0, 0x15, 0xC0, 0x06, 0xC0
	.byte 0x06, 0xC0, 0x06, 0xC0, 0x06, 0xC0, 0x06, 0xC0, 0x06, 0xC0, 0x06, 0xC0, 0x06, 0xC0, 0x06, 0xC0
	.byte 0x06, 0xC0, 0x06, 0xC0, 0x06, 0xC0, 0x06, 0xC0, 0x06, 0xC0, 0x06, 0xC0, 0x06, 0xC0, 0x06, 0xC0
	.byte 0x06, 0xC0, 0x06, 0xC0, 0x06, 0xC0, 0x06, 0xC0, 0x06, 0xC0, 0x06, 0xC0, 0x06, 0xC0, 0x06, 0xC0
	.byte 0x06, 0xC0, 0x06, 0xC0, 0x06, 0xC0, 0x06, 0xC0, 0x06, 0xC0, 0x06, 0xC0, 0x06, 0xC0, 0x06, 0xC0
	.byte 0x06, 0xC0, 0x06, 0xC0, 0x06, 0xC0, 0x06, 0xC0, 0x06, 0xC0, 0x06, 0xC0, 0x06, 0xC0, 0x06, 0xC0
	.byte 0x06, 0xC0, 0x06, 0xC0, 0x00, 0x00, 0x00, 0x00, 0x00, 0x00, 0x00, 0x00, 0x00, 0x00, 0x00, 0x00
	.byte 0x00, 0x00, 0x00, 0x00, 0x00, 0x00, 0x00, 0x00, 0x00, 0x00, 0x00, 0x00, 0x00, 0x00, 0x00, 0x00
	.byte 0x00, 0x00, 0x00, 0x00, 0x00, 0x00, 0x00, 0x00, 0x00, 0x00, 0x00, 0x00, 0x00, 0x00, 0x00, 0x00
	.byte 0x00, 0x00, 0x00, 0x00, 0x00, 0x00, 0x00, 0x00, 0x00, 0x00, 0x00, 0x00, 0x00, 0x00, 0x00, 0x00
	.byte 0x00, 0x00, 0x00, 0x00, 0x00, 0x00, 0x00, 0x00, 0x00, 0x00, 0x00, 0x00, 0x00, 0x00, 0x00, 0x00
	.byte 0x00, 0x00, 0x00, 0x00, 0x00, 0x00, 0x00, 0x00, 0x00, 0x00, 0x00, 0x00, 0x00, 0x00, 0x00, 0x00
	.byte 0x00, 0x00, 0x00, 0x00, 0x00, 0x00, 0x00, 0x00, 0x00, 0x00, 0x00, 0x00, 0x00, 0x00, 0x00, 0x00
	.byte 0x00, 0x00, 0x00, 0x00, 0x00, 0x00, 0x00, 0x00, 0x00, 0x00, 0x00, 0x00, 0x00, 0x00, 0x00, 0x00
	.byte 0x00, 0x00, 0x00, 0x00, 0x00, 0x00, 0x00, 0x00, 0x00, 0x00, 0x00, 0x00, 0x00, 0x00, 0x00, 0x00
	.byte 0x00, 0x00, 0x00, 0x00, 0x00, 0x00, 0x00, 0x00, 0x00, 0x00, 0x00, 0x00, 0x00, 0x00, 0x00, 0x00
	.byte 0x00, 0x00, 0x00, 0x00, 0x00, 0x00, 0x00, 0x00, 0x00, 0x00, 0x00, 0x00, 0x00, 0x00, 0x00, 0x00
	.byte 0x00, 0x00, 0x00, 0x00, 0x00, 0x00, 0x00, 0x00, 0x00, 0x00, 0x00, 0x00, 0x00, 0x00, 0x00, 0x00
	.byte 0x00, 0x00, 0x00, 0x00, 0x00, 0x00, 0x00, 0x00, 0x00, 0x00, 0x00, 0x00, 0x00, 0x00, 0x00, 0x00
	.byte 0x00, 0x00, 0x00, 0x00, 0x00, 0x00, 0x00, 0x00, 0x00, 0x00, 0x00, 0x00, 0x00, 0x00, 0x00, 0x00
	.byte 0x00, 0x00, 0x00, 0x00, 0x00, 0x00, 0x00, 0x00, 0x00, 0x00, 0x00, 0x00, 0x00, 0x00, 0x00, 0x00
	.byte 0x00, 0x00, 0x00, 0x00, 0x00, 0x00, 0x00, 0x00, 0x00, 0x00, 0x00, 0x00, 0x00, 0x00, 0x00, 0x00
	.byte 0x00, 0x00, 0x00, 0x00, 0x00, 0x00, 0x00, 0x00, 0x00, 0x00, 0x00, 0x00, 0x00, 0x00, 0x00, 0x00
	.byte 0x00, 0x00, 0x00, 0x00, 0x00, 0x00, 0x00, 0x00, 0x00, 0x00, 0x00, 0x00, 0x00, 0x00, 0x00, 0x00
	.byte 0x00, 0x00, 0x00, 0x00, 0x00, 0x00, 0x00, 0x00, 0x00, 0x00, 0x00, 0x00, 0x00, 0x00, 0x00, 0x00
	.byte 0x00, 0x00, 0x00, 0x00, 0x00, 0x00, 0x00, 0x00, 0x00, 0x00, 0x00, 0x00, 0x00, 0x00, 0x00, 0x00
	.byte 0x00, 0x00, 0x00, 0x00, 0x00, 0x00, 0x02, 0x00, 0x08, 0x00, 0x02, 0x00, 0x10, 0x00, 0x02, 0x00
	.byte 0x18, 0x00, 0x06, 0x00, 0x20, 0x00, 0x02, 0x00, 0x28, 0x00, 0x02, 0x00, 0x30, 0x00, 0x02, 0x00
	.byte 0xFF, 0xFF, 0x00, 0x00, 0xE0, 0x0B, 0x57, 0x08
